101;1519;106979;1519;101.106979;CATEGORIA0;;1;1;0;1;;PISTÃO;PISTÃO;0;;
101;1519;106980;1519;101.106980;CATEGORIA0;;1;1;0;1;;BIELA;BIELA;0;;
101;1519;106981;1519;101.106981;CATEGORIA0;;1;1;0;1;;COMPRESSOR DO TRAVÃO;COMPRESSOR DO TRAVÃO;0;;
101;1519;106983;1519;101.106983;CATEGORIA0;;1;1;0;1;;PISTÃO;PISTÃO;0;;
101;1519;106984;1519;101.106984;CATEGORIA0;;1;1;0;1;;PISTÃO;PISTÃO;0;;
101;1519;106985;1519;101.106985;CATEGORIA0;;1;1;0;1;;BIELA;BIELA;0;;
101;1519;106987;1519;101.106987;CATEGORIA0;;1;1;0;1;;TENSOR DE CORRENTE;TENSOR DE CORRENTE;0;;
101;1519;106988;1519;101.106988;CATEGORIA0;;1;1;0;1;;FILTRO DE AR;FILTRO DE AR;0;;
101;1519;106989;1519;101.106989;CATEGORIA0;;1;1;0;1;;FILTRO DE CARBAMIDA;FILTRO DE CARBAMIDA;0;;
101;1519;106990;1519;101.106990;CATEGORIA0;;1;1;0;1;;FILTRO DE CARBAMIDA;FILTRO DE CARBAMIDA;0;;
101;1519;106991;1519;101.106991;CATEGORIA0;;1;1;0;1;;FILTRO DE AR;FILTRO DE AR;0;;
101;1519;106992;1519;101.106992;CATEGORIA0;;1;1;0;1;;CUBO DA RODA;CUBO DA RODA;0;;
101;1519;106993;1519;101.106993;CATEGORIA0;;1;1;0;1;;ACOPLAMENTO VISCOSO;ACOPLAMENTO VISCOSO;0;;
101;1519;106994;1519;101.106994;CATEGORIA0;;1;1;0;1;;ACOPLAMENTO VISCOSO;ACOPLAMENTO VISCOSO;0;;
101;1519;106995;1519;101.106995;CATEGORIA0;;1;1;0;1;;ACOPLAMENTO VISCOSO;ACOPLAMENTO VISCOSO;0;;
101;1519;106996;1519;101.106996;CATEGORIA0;;1;1;0;1;;BOMBA DE ALIMENTAÇÃO DE COMBUSTÍVEL;BOMBA DE ALIMENTAÇÃO DE COMBUSTÍVEL;0;;
101;1519;106997;1519;101.106997;CATEGORIA0;;1;1;0;1;;RETENTOR DA CAMBOTA;RETENTOR DA CAMBOTA;0;;
101;1519;106998;1519;101.106998;CATEGORIA0;;1;1;0;1;;RETENTOR DA CAMBOTA;RETENTOR DA CAMBOTA;0;;
101;1519;106999;1519;101.106999;CATEGORIA0;;1;1;0;1;;RETENTOR DA CAMBOTA;RETENTOR DA CAMBOTA;0;;
101;1519;107000;1519;101.107000;CATEGORIA0;;1;1;0;1;;RETENTOR DA CAMBOTA;RETENTOR DA CAMBOTA;0;;
101;1519;107001;1519;101.107001;CATEGORIA0;;1;1;0;1;;VÁLVULA DE DESCARGA;VÁLVULA DE DESCARGA;0;;
101;1519;107002;1519;101.107002;CATEGORIA0;;1;1;0;1;;INTERRUPTOR DE LUZ DE STOP;INTERRUPTOR DE LUZ DE STOP;0;;
101;1519;107003;1519;101.107003;CATEGORIA0;;1;1;0;1;;RETENTOR DO VEIO;RETENTOR DO VEIO;0;;
101;1519;107004;1519;101.107004;CATEGORIA0;;1;1;0;1;;RETENTOR DA CAMBOTA;RETENTOR DA CAMBOTA;0;;
101;1519;107005;1519;101.107005;CATEGORIA0;;1;1;0;1;;RETENTOR DA CAMBOTA;RETENTOR DA CAMBOTA;0;;
101;1519;107006;1519;101.107006;CATEGORIA0;;1;1;0;1;;ROLAMENTO DE ESFERAS;ROLAMENTO DE ESFERAS;0;;
101;1519;107007;1519;101.107007;CATEGORIA0;;1;1;0;1;;FILTRO DE TRANSMISSÃO;FILTRO DE TRANSMISSÃO;0;;
101;1519;107008;1519;101.107008;CATEGORIA0;;1;1;0;1;;FILTRO DE TRANSMISSÃO;FILTRO DE TRANSMISSÃO;0;;
101;1519;107009;1519;101.107009;CATEGORIA0;;1;1;0;1;;ESTABILIZADOR;ESTABILIZADOR;0;;
101;1519;107010;1519;101.107010;CATEGORIA0;;1;1;0;1;;JUNTA DE TAMPA DE VÁLVULAS;JUNTA DE TAMPA DE VÁLVULAS;0;;
101;1519;107011;1519;101.107011;CATEGORIA0;;1;1;0;1;;SENSOR DA CAMBOTA;SENSOR DA CAMBOTA;0;;
101;1519;107012;1519;101.107012;CATEGORIA0;;1;1;0;1;;CONJUNTO DE FILTROS DO ÓLEO DA TRANSMISSÃO;CONJUNTO DE FILTROS DO ÓLEO DA TRANSMISSÃO;0;;
101;1519;107013;1519;101.107013;CATEGORIA0;;1;1;0;1;;CONJUNTO DE FILTROS DO ÓLEO DA TRANSMISSÃO;CONJUNTO DE FILTROS DO ÓLEO DA TRANSMISSÃO;0;;
101;1519;107014;1519;101.107014;CATEGORIA0;;1;1;0;1;;JUNTA DE TAMPA DE VÁLVULAS;JUNTA DE TAMPA DE VÁLVULAS;0;;
101;1519;107015;1519;101.107015;CATEGORIA0;;1;1;0;1;;KIT DE CORRENTE DE DISTRIBUIÇÃO;KIT DE CORRENTE DE DISTRIBUIÇÃO;0;;
101;1519;107016;1519;101.107016;CATEGORIA0;;1;1;0;1;;SUPORTE DE BORRACHA;SUPORTE DE BORRACHA;0;;
101;1519;107017;1519;101.107017;CATEGORIA0;;1;1;0;1;;CORPO DA BORBOLETA DE ADMISSÃO;CORPO DA BORBOLETA DE ADMISSÃO;0;;
101;1519;107018;1519;101.107018;CATEGORIA0;;1;1;0;1;;CORPO DA BORBOLETA DE ADMISSÃO;CORPO DA BORBOLETA DE ADMISSÃO;0;;
101;1519;107019;1519;101.107019;CATEGORIA0;;1;1;0;1;;CORPO DA BORBOLETA DE ADMISSÃO;CORPO DA BORBOLETA DE ADMISSÃO;0;;
101;1519;107020;1519;101.107020;CATEGORIA0;;1;1;0;1;;CORPO DA BORBOLETA DE ADMISSÃO;CORPO DA BORBOLETA DE ADMISSÃO;0;;
101;1519;107021;1519;101.107021;CATEGORIA0;;1;1;0;1;;CORPO DA BORBOLETA DE ADMISSÃO;CORPO DA BORBOLETA DE ADMISSÃO;0;;
101;1519;107022;1519;101.107022;CATEGORIA0;;1;1;0;1;;CORPO DA BORBOLETA DE ADMISSÃO;CORPO DA BORBOLETA DE ADMISSÃO;0;;
101;1519;107023;1519;101.107023;CATEGORIA0;;1;1;0;1;;CORPO DA BORBOLETA DE ADMISSÃO;CORPO DA BORBOLETA DE ADMISSÃO;0;;
101;1519;107024;1519;101.107024;CATEGORIA0;;1;1;0;1;;CORPO DA BORBOLETA DE ADMISSÃO;CORPO DA BORBOLETA DE ADMISSÃO;0;;
101;1519;107025;1519;101.107025;CATEGORIA0;;1;1;0;1;;CORPO DA BORBOLETA DE ADMISSÃO;CORPO DA BORBOLETA DE ADMISSÃO;0;;
101;1519;107026;1519;101.107026;CATEGORIA0;;1;1;0;1;;CORPO DA BORBOLETA DE ADMISSÃO;CORPO DA BORBOLETA DE ADMISSÃO;0;;
101;1519;107027;1519;101.107027;CATEGORIA0;;1;1;0;1;;CORPO DA BORBOLETA DE ADMISSÃO;CORPO DA BORBOLETA DE ADMISSÃO;0;;
101;1519;107028;1519;101.107028;CATEGORIA0;;1;1;0;1;;CORPO DA BORBOLETA DE ADMISSÃO;CORPO DA BORBOLETA DE ADMISSÃO;0;;
101;1519;107029;1519;101.107029;CATEGORIA0;;1;1;0;1;;CORPO DA BORBOLETA DE ADMISSÃO;CORPO DA BORBOLETA DE ADMISSÃO;0;;
101;1519;107030;1519;101.107030;CATEGORIA0;;1;1;0;1;;CORPO DA BORBOLETA DE ADMISSÃO;CORPO DA BORBOLETA DE ADMISSÃO;0;;
101;1519;107031;1519;101.107031;CATEGORIA0;;1;1;0;1;;CORPO DA BORBOLETA DE ADMISSÃO;CORPO DA BORBOLETA DE ADMISSÃO;0;;
101;1519;107035;1519;101.107035;CATEGORIA0;;1;1;0;1;;CONJUNTO DE REPARAÇÃO DE CABOS;CONJUNTO DE REPARAÇÃO DE CABOS;0;;
101;1519;107036;1519;101.107036;CATEGORIA0;;1;1;0;1;;CONJUNTO DE REPARAÇÃO DE CABOS;CONJUNTO DE REPARAÇÃO DE CABOS;0;;
101;1519;107037;1519;101.107037;CATEGORIA0;;1;1;0;1;;CONJUNTO DE REPARAÇÃO DE CABOS;CONJUNTO DE REPARAÇÃO DE CABOS;0;;
101;1519;107038;1519;101.107038;CATEGORIA0;;1;1;0;1;;CONJUNTO DE REPARAÇÃO DE CABOS;CONJUNTO DE REPARAÇÃO DE CABOS;0;;
101;1519;107039;1519;101.107039;CATEGORIA0;;1;1;0;1;;CONJUNTO DE REPARAÇÃO DE CABOS;CONJUNTO DE REPARAÇÃO DE CABOS;0;;
101;1519;107040;1519;101.107040;CATEGORIA0;;1;1;0;1;;CONJUNTO DE REPARAÇÃO DE CABOS;CONJUNTO DE REPARAÇÃO DE CABOS;0;;
101;1519;107041;1519;101.107041;CATEGORIA0;;1;1;0;1;;CONJUNTO DE REPARAÇÃO DE CABOS;CONJUNTO DE REPARAÇÃO DE CABOS;0;;
101;1519;107042;1519;101.107042;CATEGORIA0;;1;1;0;1;;CONJUNTO DE REPARAÇÃO DE CABOS;CONJUNTO DE REPARAÇÃO DE CABOS;0;;
101;1519;107043;1519;101.107043;CATEGORIA0;;1;1;0;1;;CONJUNTO DE REPARAÇÃO DE CABOS;CONJUNTO DE REPARAÇÃO DE CABOS;0;;
101;1519;107044;1519;101.107044;CATEGORIA0;;1;1;0;1;;CONJUNTO DE REPARAÇÃO DE CABOS;CONJUNTO DE REPARAÇÃO DE CABOS;0;;
101;1519;107045;1519;101.107045;CATEGORIA0;;1;1;0;1;;CONJUNTO DE REPARAÇÃO DE CABOS;CONJUNTO DE REPARAÇÃO DE CABOS;0;;
101;1519;107046;1519;101.107046;CATEGORIA0;;1;1;0;1;;CONJUNTO DE REPARAÇÃO DE CABOS;CONJUNTO DE REPARAÇÃO DE CABOS;0;;
101;1519;107047;1519;101.107047;CATEGORIA0;;1;1;0;1;;CONJUNTO DE REPARAÇÃO DE CABOS;CONJUNTO DE REPARAÇÃO DE CABOS;0;;
101;1519;107048;1519;101.107048;CATEGORIA0;;1;1;0;1;;CONJUNTO DE REPARAÇÃO DE CABOS;CONJUNTO DE REPARAÇÃO DE CABOS;0;;
101;1519;107049;1519;101.107049;CATEGORIA0;;1;1;0;1;;CONJUNTO DE REPARAÇÃO DE CABOS;CONJUNTO DE REPARAÇÃO DE CABOS;0;;
101;1519;107050;1519;101.107050;CATEGORIA0;;1;1;0;1;;CONJUNTO DE REPARAÇÃO DE CABOS;CONJUNTO DE REPARAÇÃO DE CABOS;0;;
101;1519;107051;1519;101.107051;CATEGORIA0;;1;1;0;1;;CONJUNTO DE REPARAÇÃO DE CABOS;CONJUNTO DE REPARAÇÃO DE CABOS;0;;
101;1519;107052;1519;101.107052;CATEGORIA0;;1;1;0;1;;CONJUNTO DE REPARAÇÃO DE CABOS;CONJUNTO DE REPARAÇÃO DE CABOS;0;;
101;1519;107053;1519;101.107053;CATEGORIA0;;1;1;0;1;;CONJUNTO DE REPARAÇÃO DE CABOS;CONJUNTO DE REPARAÇÃO DE CABOS;0;;
101;1519;107054;1519;101.107054;CATEGORIA0;;1;1;0;1;;CONJUNTO DE REPARAÇÃO DE CABOS;CONJUNTO DE REPARAÇÃO DE CABOS;0;;
101;1519;107055;1519;101.107055;CATEGORIA0;;1;1;0;1;;CONJUNTO DE REPARAÇÃO DE CABOS;CONJUNTO DE REPARAÇÃO DE CABOS;0;;
101;1519;107056;1519;101.107056;CATEGORIA0;;1;1;0;1;;CONJUNTO DE REPARAÇÃO DE CABOS;CONJUNTO DE REPARAÇÃO DE CABOS;0;;
101;1519;107057;1519;101.107057;CATEGORIA0;;1;1;0;1;;CONJUNTO DE REPARAÇÃO DE CABOS;CONJUNTO DE REPARAÇÃO DE CABOS;0;;
101;1519;107058;1519;101.107058;CATEGORIA0;;1;1;0;1;;CONJUNTO DE REPARAÇÃO DE CABOS;CONJUNTO DE REPARAÇÃO DE CABOS;0;;
101;1519;107059;1519;101.107059;CATEGORIA0;;1;1;0;1;;CONJUNTO DE REPARAÇÃO DE CABOS;CONJUNTO DE REPARAÇÃO DE CABOS;0;;
101;1519;10706;1519;101.10706;CATEGORIA0;;1;1;0;1;;DISCO DE TRAVÃO;DISCO DE TRAVÃO;0;;
101;1519;107060;1519;101.107060;CATEGORIA0;;1;1;0;1;;CONJUNTO DE REPARAÇÃO DE CABOS;CONJUNTO DE REPARAÇÃO DE CABOS;0;;
101;1519;107061;1519;101.107061;CATEGORIA0;;1;1;0;1;;CONJUNTO DE REPARAÇÃO DE CABOS;CONJUNTO DE REPARAÇÃO DE CABOS;0;;
101;1519;107062;1519;101.107062;CATEGORIA0;;1;1;0;1;;CONJUNTO DE REPARAÇÃO DE CABOS;CONJUNTO DE REPARAÇÃO DE CABOS;0;;
101;1519;107063;1519;101.107063;CATEGORIA0;;1;1;0;1;;CONJUNTO DE REPARAÇÃO DE CABOS;CONJUNTO DE REPARAÇÃO DE CABOS;0;;
101;1519;107064;1519;101.107064;CATEGORIA0;;1;1;0;1;;CONJUNTO DE REPARAÇÃO DE CABOS;CONJUNTO DE REPARAÇÃO DE CABOS;0;;
101;1519;107065;1519;101.107065;CATEGORIA0;;1;1;0;1;;CONJUNTO DE REPARAÇÃO DE CABOS;CONJUNTO DE REPARAÇÃO DE CABOS;0;;
101;1519;107066;1519;101.107066;CATEGORIA0;;1;1;0;1;;CONJUNTO DE REPARAÇÃO DE CABOS;CONJUNTO DE REPARAÇÃO DE CABOS;0;;
101;1519;107067;1519;101.107067;CATEGORIA0;;1;1;0;1;;CONJUNTO DE REPARAÇÃO DE CABOS;CONJUNTO DE REPARAÇÃO DE CABOS;0;;
101;1519;107068;1519;101.107068;CATEGORIA0;;1;1;0;1;;CONJUNTO DE REPARAÇÃO DE CABOS;CONJUNTO DE REPARAÇÃO DE CABOS;0;;
101;1519;107069;1519;101.107069;CATEGORIA0;;1;1;0;1;;CONJUNTO DE REPARAÇÃO DE CABOS;CONJUNTO DE REPARAÇÃO DE CABOS;0;;
101;1519;107070;1519;101.107070;CATEGORIA0;;1;1;0;1;;CONJUNTO DE REPARAÇÃO DE CABOS;CONJUNTO DE REPARAÇÃO DE CABOS;0;;
101;1519;107071;1519;101.107071;CATEGORIA0;;1;1;0;1;;CONJUNTO DE REPARAÇÃO DE CABOS;CONJUNTO DE REPARAÇÃO DE CABOS;0;;
101;1519;107072;1519;101.107072;CATEGORIA0;;1;1;0;1;;CONJUNTO DE REPARAÇÃO DE CABOS;CONJUNTO DE REPARAÇÃO DE CABOS;0;;
101;1519;107073;1519;101.107073;CATEGORIA0;;1;1;0;1;;CONJUNTO DE REPARAÇÃO DE CABOS;CONJUNTO DE REPARAÇÃO DE CABOS;0;;
101;1519;107074;1519;101.107074;CATEGORIA0;;1;1;0;1;;CONJUNTO DE REPARAÇÃO DE CABOS;CONJUNTO DE REPARAÇÃO DE CABOS;0;;
101;1519;107075;1519;101.107075;CATEGORIA0;;1;1;0;1;;CONJUNTO DE REPARAÇÃO DE CABOS;CONJUNTO DE REPARAÇÃO DE CABOS;0;;
101;1519;107076;1519;101.107076;CATEGORIA0;;1;1;0;1;;CONJUNTO DE REPARAÇÃO DE CABOS;CONJUNTO DE REPARAÇÃO DE CABOS;0;;
101;1519;107077;1519;101.107077;CATEGORIA0;;1;1;0;1;;CONJUNTO DE REPARAÇÃO DE CABOS;CONJUNTO DE REPARAÇÃO DE CABOS;0;;
101;1519;107078;1519;101.107078;CATEGORIA0;;1;1;0;1;;CONJUNTO DE REPARAÇÃO DE CABOS;CONJUNTO DE REPARAÇÃO DE CABOS;0;;
101;1519;107079;1519;101.107079;CATEGORIA0;;1;1;0;1;;CONJUNTO DE REPARAÇÃO DE CABOS;CONJUNTO DE REPARAÇÃO DE CABOS;0;;
101;1519;107080;1519;101.107080;CATEGORIA0;;1;1;0;1;;CONJUNTO DE REPARAÇÃO DE CABOS;CONJUNTO DE REPARAÇÃO DE CABOS;0;;
101;1519;107081;1519;101.107081;CATEGORIA0;;1;1;0;1;;CONJUNTO DE REPARAÇÃO DE CABOS;CONJUNTO DE REPARAÇÃO DE CABOS;0;;
101;1519;107082;1519;101.107082;CATEGORIA0;;1;1;0;1;;CONJUNTO DE REPARAÇÃO DE CABOS;CONJUNTO DE REPARAÇÃO DE CABOS;0;;
101;1519;107083;1519;101.107083;CATEGORIA0;;1;1;0;1;;CONJUNTO DE REPARAÇÃO DE CABOS;CONJUNTO DE REPARAÇÃO DE CABOS;0;;
101;1519;107084;1519;101.107084;CATEGORIA0;;1;1;0;1;;CONJUNTO DE REPARAÇÃO DE CABOS;CONJUNTO DE REPARAÇÃO DE CABOS;0;;
101;1519;107085;1519;101.107085;CATEGORIA0;;1;1;0;1;;CONJUNTO DE REPARAÇÃO DE CABOS;CONJUNTO DE REPARAÇÃO DE CABOS;0;;
101;1519;107086;1519;101.107086;CATEGORIA0;;1;1;0;1;;CONJUNTO DE REPARAÇÃO DE CABOS;CONJUNTO DE REPARAÇÃO DE CABOS;0;;
101;1519;107087;1519;101.107087;CATEGORIA0;;1;1;0;1;;CONJUNTO DE REPARAÇÃO DE CABOS;CONJUNTO DE REPARAÇÃO DE CABOS;0;;
101;1519;107088;1519;101.107088;CATEGORIA0;;1;1;0;1;;CONJUNTO DE REPARAÇÃO DE CABOS;CONJUNTO DE REPARAÇÃO DE CABOS;0;;
101;1519;107089;1519;101.107089;CATEGORIA0;;1;1;0;1;;CONJUNTO DE REPARAÇÃO DE CABOS;CONJUNTO DE REPARAÇÃO DE CABOS;0;;
101;1519;107090;1519;101.107090;CATEGORIA0;;1;1;0;1;;CONJUNTO DE REPARAÇÃO DE CABOS;CONJUNTO DE REPARAÇÃO DE CABOS;0;;
101;1519;107091;1519;101.107091;CATEGORIA0;;1;1;0;1;;CONJUNTO DE REPARAÇÃO DE CABOS;CONJUNTO DE REPARAÇÃO DE CABOS;0;;
101;1519;107092;1519;101.107092;CATEGORIA0;;1;1;0;1;;CONJUNTO DE REPARAÇÃO DE CABOS;CONJUNTO DE REPARAÇÃO DE CABOS;0;;
101;1519;107093;1519;101.107093;CATEGORIA0;;1;1;0;1;;CONJUNTO DE REPARAÇÃO DE CABOS;CONJUNTO DE REPARAÇÃO DE CABOS;0;;
101;1519;107094;1519;101.107094;CATEGORIA0;;1;1;0;1;;CONJUNTO DE REPARAÇÃO DE CABOS;CONJUNTO DE REPARAÇÃO DE CABOS;0;;
101;1519;107095;1519;101.107095;CATEGORIA0;;1;1;0;1;;CONJUNTO DE REPARAÇÃO DE CABOS;CONJUNTO DE REPARAÇÃO DE CABOS;0;;
101;1519;107096;1519;101.107096;CATEGORIA0;;1;1;0;1;;CONJUNTO DE REPARAÇÃO DE CABOS;CONJUNTO DE REPARAÇÃO DE CABOS;0;;
101;1519;107097;1519;101.107097;CATEGORIA0;;1;1;0;1;;CONJUNTO DE REPARAÇÃO DE CABOS;CONJUNTO DE REPARAÇÃO DE CABOS;0;;
101;1519;107098;1519;101.107098;CATEGORIA0;;1;1;0;1;;CONJUNTO DE REPARAÇÃO DE CABOS;CONJUNTO DE REPARAÇÃO DE CABOS;0;;
101;1519;107099;1519;101.107099;CATEGORIA0;;1;1;0;1;;CONJUNTO DE REPARAÇÃO DE CABOS;CONJUNTO DE REPARAÇÃO DE CABOS;0;;
101;1519;107100;1519;101.107100;CATEGORIA0;;1;1;0;1;;CONJUNTO DE REPARAÇÃO DE CABOS;CONJUNTO DE REPARAÇÃO DE CABOS;0;;
101;1519;107101;1519;101.107101;CATEGORIA0;;1;1;0;1;;CONJUNTO DE REPARAÇÃO DE CABOS;CONJUNTO DE REPARAÇÃO DE CABOS;0;;
101;1519;107102;1519;101.107102;CATEGORIA0;;1;1;0;1;;CONJUNTO DE REPARAÇÃO DE CABOS;CONJUNTO DE REPARAÇÃO DE CABOS;0;;
101;1519;107103;1519;101.107103;CATEGORIA0;;1;1;0;1;;CONJUNTO DE REPARAÇÃO DE CABOS;CONJUNTO DE REPARAÇÃO DE CABOS;0;;
101;1519;107104;1519;101.107104;CATEGORIA0;;1;1;0;1;;CONJUNTO DE REPARAÇÃO DE CABOS;CONJUNTO DE REPARAÇÃO DE CABOS;0;;
101;1519;107105;1519;101.107105;CATEGORIA0;;1;1;0;1;;CONJUNTO DE REPARAÇÃO DE CABOS;CONJUNTO DE REPARAÇÃO DE CABOS;0;;
101;1519;107106;1519;101.107106;CATEGORIA0;;1;1;0;1;;CONJUNTO DE REPARAÇÃO DE CABOS;CONJUNTO DE REPARAÇÃO DE CABOS;0;;
101;1519;107107;1519;101.107107;CATEGORIA0;;1;1;0;1;;CONJUNTO DE REPARAÇÃO DE CABOS;CONJUNTO DE REPARAÇÃO DE CABOS;0;;
101;1519;107108;1519;101.107108;CATEGORIA0;;1;1;0;1;;CONJUNTO DE REPARAÇÃO DE CABOS;CONJUNTO DE REPARAÇÃO DE CABOS;0;;
101;1519;107109;1519;101.107109;CATEGORIA0;;1;1;0;1;;CONJUNTO DE REPARAÇÃO DE CABOS;CONJUNTO DE REPARAÇÃO DE CABOS;0;;
101;1519;107110;1519;101.107110;CATEGORIA0;;1;1;0;1;;CONJUNTO DE REPARAÇÃO DE CABOS;CONJUNTO DE REPARAÇÃO DE CABOS;0;;
101;1519;107111;1519;101.107111;CATEGORIA0;;1;1;0;1;;CONJUNTO DE REPARAÇÃO DE CABOS;CONJUNTO DE REPARAÇÃO DE CABOS;0;;
101;1519;107112;1519;101.107112;CATEGORIA0;;1;1;0;1;;CONJUNTO DE REPARAÇÃO DE CABOS;CONJUNTO DE REPARAÇÃO DE CABOS;0;;
101;1519;107113;1519;101.107113;CATEGORIA0;;1;1;0;1;;CONJUNTO DE REPARAÇÃO DE CABOS;CONJUNTO DE REPARAÇÃO DE CABOS;0;;
101;1519;107114;1519;101.107114;CATEGORIA0;;1;1;0;1;;CONJUNTO DE REPARAÇÃO DE CABOS;CONJUNTO DE REPARAÇÃO DE CABOS;0;;
101;1519;107115;1519;101.107115;CATEGORIA0;;1;1;0;1;;CONJUNTO DE REPARAÇÃO DE CABOS;CONJUNTO DE REPARAÇÃO DE CABOS;0;;
101;1519;107116;1519;101.107116;CATEGORIA0;;1;1;0;1;;CONJUNTO DE REPARAÇÃO DE CABOS;CONJUNTO DE REPARAÇÃO DE CABOS;0;;
101;1519;107117;1519;101.107117;CATEGORIA0;;1;1;0;1;;CONJUNTO DE REPARAÇÃO DE CABOS;CONJUNTO DE REPARAÇÃO DE CABOS;0;;
101;1519;107118;1519;101.107118;CATEGORIA0;;1;1;0;1;;CONJUNTO DE REPARAÇÃO DE CABOS;CONJUNTO DE REPARAÇÃO DE CABOS;0;;
101;1519;107119;1519;101.107119;CATEGORIA0;;1;1;0;1;;CONJUNTO DE REPARAÇÃO DE CABOS;CONJUNTO DE REPARAÇÃO DE CABOS;0;;
101;1519;107120;1519;101.107120;CATEGORIA0;;1;1;0;1;;CONJUNTO DE REPARAÇÃO DE CABOS;CONJUNTO DE REPARAÇÃO DE CABOS;0;;
101;1519;107121;1519;101.107121;CATEGORIA0;;1;1;0;1;;CONJUNTO DE REPARAÇÃO DE CABOS;CONJUNTO DE REPARAÇÃO DE CABOS;0;;
101;1519;107122;1519;101.107122;CATEGORIA0;;1;1;0;1;;CONJUNTO DE REPARAÇÃO DE CABOS;CONJUNTO DE REPARAÇÃO DE CABOS;0;;
101;1519;107123;1519;101.107123;CATEGORIA0;;1;1;0;1;;CONJUNTO DE REPARAÇÃO DE CABOS;CONJUNTO DE REPARAÇÃO DE CABOS;0;;
101;1519;107124;1519;101.107124;CATEGORIA0;;1;1;0;1;;CONJUNTO DE REPARAÇÃO DE CABOS;CONJUNTO DE REPARAÇÃO DE CABOS;0;;
101;1519;107125;1519;101.107125;CATEGORIA0;;1;1;0;1;;CONJUNTO DE REPARAÇÃO DE CABOS;CONJUNTO DE REPARAÇÃO DE CABOS;0;;
101;1519;107126;1519;101.107126;CATEGORIA0;;1;1;0;1;;CONJUNTO DE REPARAÇÃO DE CABOS;CONJUNTO DE REPARAÇÃO DE CABOS;0;;
101;1519;107127;1519;101.107127;CATEGORIA0;;1;1;0;1;;CONJUNTO DE REPARAÇÃO DE CABOS;CONJUNTO DE REPARAÇÃO DE CABOS;0;;
101;1519;107128;1519;101.107128;CATEGORIA0;;1;1;0;1;;CONJUNTO DE REPARAÇÃO DE CABOS;CONJUNTO DE REPARAÇÃO DE CABOS;0;;
101;1519;107129;1519;101.107129;CATEGORIA0;;1;1;0;1;;CONJUNTO DE REPARAÇÃO DE CABOS;CONJUNTO DE REPARAÇÃO DE CABOS;0;;
101;1519;107130;1519;101.107130;CATEGORIA0;;1;1;0;1;;CONJUNTO DE REPARAÇÃO DE CABOS;CONJUNTO DE REPARAÇÃO DE CABOS;0;;
101;1519;107131;1519;101.107131;CATEGORIA0;;1;1;0;1;;CONJUNTO DE REPARAÇÃO DE CABOS;CONJUNTO DE REPARAÇÃO DE CABOS;0;;
101;1519;107132;1519;101.107132;CATEGORIA0;;1;1;0;1;;CONJUNTO DE REPARAÇÃO DE CABOS;CONJUNTO DE REPARAÇÃO DE CABOS;0;;
101;1519;107133;1519;101.107133;CATEGORIA0;;1;1;0;1;;CONJUNTO DE REPARAÇÃO DE CABOS;CONJUNTO DE REPARAÇÃO DE CABOS;0;;
101;1519;107134;1519;101.107134;CATEGORIA0;;1;1;0;1;;CONJUNTO DE REPARAÇÃO DE CABOS;CONJUNTO DE REPARAÇÃO DE CABOS;0;;
101;1519;107135;1519;101.107135;CATEGORIA0;;1;1;0;1;;CONJUNTO DE REPARAÇÃO DE CABOS;CONJUNTO DE REPARAÇÃO DE CABOS;0;;
101;1519;107136;1519;101.107136;CATEGORIA0;;1;1;0;1;;CONJUNTO DE REPARAÇÃO DE CABOS;CONJUNTO DE REPARAÇÃO DE CABOS;0;;
101;1519;107137;1519;101.107137;CATEGORIA0;;1;1;0;1;;CONJUNTO DE REPARAÇÃO DE CABOS;CONJUNTO DE REPARAÇÃO DE CABOS;0;;
101;1519;107138;1519;101.107138;CATEGORIA0;;1;1;0;1;;CONJUNTO DE REPARAÇÃO DE CABOS;CONJUNTO DE REPARAÇÃO DE CABOS;0;;
101;1519;107139;1519;101.107139;CATEGORIA0;;1;1;0;1;;CONJUNTO DE REPARAÇÃO DE CABOS;CONJUNTO DE REPARAÇÃO DE CABOS;0;;
101;1519;107140;1519;101.107140;CATEGORIA0;;1;1;0;1;;FITA DE TECIDO;FITA DE TECIDO;0;;
101;1519;107141;1519;101.107141;CATEGORIA0;;1;1;0;1;;SENSOR DE TEMPERATURA DO AR;SENSOR DE TEMPERATURA DO AR;0;;
101;1519;107142;1519;101.107142;CATEGORIA0;;1;1;0;1;;CONJUNTO DE REPARAÇÃO DE CABOS;CONJUNTO DE REPARAÇÃO DE CABOS;0;;
101;1519;107143;1519;101.107143;CATEGORIA0;;1;1;0;1;;CONJUNTO DE REPARAÇÃO DE CABOS;CONJUNTO DE REPARAÇÃO DE CABOS;0;;
101;1519;107144;1519;101.107144;CATEGORIA0;;1;1;0;1;;CONJUNTO DE REPARAÇÃO DE CABOS;CONJUNTO DE REPARAÇÃO DE CABOS;0;;
101;1519;107145;1519;101.107145;CATEGORIA0;;1;1;0;1;;CONJUNTO DE REPARAÇÃO DE CABOS;CONJUNTO DE REPARAÇÃO DE CABOS;0;;
101;1519;107146;1519;101.107146;CATEGORIA0;;1;1;0;1;;CONJUNTO DE REPARAÇÃO DE CABOS;CONJUNTO DE REPARAÇÃO DE CABOS;0;;
101;1519;107147;1519;101.107147;CATEGORIA0;;1;1;0;1;;CONJUNTO DE REPARAÇÃO DE CABOS;CONJUNTO DE REPARAÇÃO DE CABOS;0;;
101;1519;107148;1519;101.107148;CATEGORIA0;;1;1;0;1;;CONJUNTO DE REPARAÇÃO DE CABOS;CONJUNTO DE REPARAÇÃO DE CABOS;0;;
101;1519;107149;1519;101.107149;CATEGORIA0;;1;1;0;1;;CONJUNTO DE REPARAÇÃO DE CABOS;CONJUNTO DE REPARAÇÃO DE CABOS;0;;
101;1519;107150;1519;101.107150;CATEGORIA0;;1;1;0;1;;CONJUNTO DE REPARAÇÃO DE CABOS;CONJUNTO DE REPARAÇÃO DE CABOS;0;;
101;1519;107151;1519;101.107151;CATEGORIA0;;1;1;0;1;;CONJUNTO DE REPARAÇÃO DE CABOS;CONJUNTO DE REPARAÇÃO DE CABOS;0;;
101;1519;107152;1519;101.107152;CATEGORIA0;;1;1;0;1;;CONJUNTO DE REPARAÇÃO DE CABOS;CONJUNTO DE REPARAÇÃO DE CABOS;0;;
101;1519;107153;1519;101.107153;CATEGORIA0;;1;1;0;1;;CONJUNTO DE REPARAÇÃO DE CABOS;CONJUNTO DE REPARAÇÃO DE CABOS;0;;
101;1519;107154;1519;101.107154;CATEGORIA0;;1;1;0;1;;KIT DE CORRENTE DE DISTRIBUIÇÃO;KIT DE CORRENTE DE DISTRIBUIÇÃO;0;;
101;1519;107155;1519;101.107155;CATEGORIA0;;1;1;0;1;;MOTOR DO LIMPA-VIDROS;MOTOR DO LIMPA-VIDROS;0;;
101;1519;107156;1519;101.107156;CATEGORIA0;;1;1;0;1;;TENSOR DE CORRENTE;TENSOR DE CORRENTE;0;;
101;1519;107157;1519;101.107157;CATEGORIA0;;1;1;0;1;;CASQUILHO DO BRAÇO OSCILANTE;CASQUILHO DO BRAÇO OSCILANTE;0;;
101;1519;107158;1519;101.107158;CATEGORIA0;;1;1;0;1;;BOMBA DA DIREÇÃO ASSISTIDA;BOMBA DA DIREÇÃO ASSISTIDA;0;;
101;1519;107159;1519;101.107159;CATEGORIA0;;1;1;0;1;;BORRACHA DE ENCOSTO;BORRACHA DE ENCOSTO;0;;
101;1519;107160;1519;101.107160;CATEGORIA0;;1;1;0;1;;COMUTADOR DO BRAÇO DA DIREÇÃO;COMUTADOR DO BRAÇO DA DIREÇÃO;0;;
101;1519;107161;1519;101.107161;CATEGORIA0;;1;1;0;1;;VÁLVULA EGR;VÁLVULA EGR;0;;
101;1519;107162;1519;101.107162;CATEGORIA0;;1;1;0;1;;SENSOR DE ABS;SENSOR DE ABS;0;;
101;1519;107163;1519;101.107163;CATEGORIA0;;1;1;0;1;;CASQUILHO;CASQUILHO;0;;
101;1519;107164;1519;101.107164;CATEGORIA0;;1;1;0;1;;RETENTOR DO VEIO;RETENTOR DO VEIO;0;;
101;1519;107166;1519;101.107166;CATEGORIA0;;1;1;0;1;;KIT DE CORRENTE DE DISTRIBUIÇÃO;KIT DE CORRENTE DE DISTRIBUIÇÃO;0;;
101;1519;107167;1519;101.107167;CATEGORIA0;;1;1;0;1;;KIT DE EMBRAIAGEM;KIT DE EMBRAIAGEM;0;;
101;1519;107168;1519;101.107168;CATEGORIA0;;1;1;0;1;;FOLE DE MOLA PNEUMÁTICA;FOLE DE MOLA PNEUMÁTICA;0;;
101;1519;107169;1519;101.107169;CATEGORIA0;;1;1;0;1;;FOLE DE MOLA PNEUMÁTICA;FOLE DE MOLA PNEUMÁTICA;0;;
101;1519;107170;1519;101.107170;CATEGORIA0;;1;1;0;1;;APOIO DE MOTOR;APOIO DE MOTOR;0;;
101;1519;107171;1519;101.107171;CATEGORIA0;;1;1;0;1;;SENSOR DE ABS;SENSOR DE ABS;0;;
101;1519;107172;1519;101.107172;CATEGORIA0;;1;1;0;1;;SENSOR DE ABS;SENSOR DE ABS;0;;
101;1519;107173;1519;101.107173;CATEGORIA0;;1;1;0;1;;RETENTOR DA CAMBOTA;RETENTOR DA CAMBOTA;0;;
101;1519;107175;1519;101.107175;CATEGORIA0;;1;1;0;1;;SUPORTE DA SUBESTRUTURA DO MOTOR;SUPORTE DA SUBESTRUTURA DO MOTOR;0;;
101;1519;107176;1519;101.107176;CATEGORIA0;;1;1;0;1;;APOIO DE MOTOR;APOIO DE MOTOR;0;;
101;1519;107177;1519;101.107177;CATEGORIA0;;1;1;0;1;;TUCHE DE VÁLVULAS;TUCHE DE VÁLVULAS;0;;
101;1519;107178;1519;101.107178;CATEGORIA0;;1;1;0;1;;RESERVATÓRIO LÍQUIDO REFRIGERAÇÃO;RESERVATÓRIO LÍQUIDO REFRIGERAÇÃO;0;;
101;1519;107179;1519;101.107179;CATEGORIA0;;1;1;0;1;;BOMBA DE ÁGUA;BOMBA DE ÁGUA;0;;
101;1519;107180;1519;101.107180;CATEGORIA0;;1;1;0;1;;RADIADOR DE ÓLEO;RADIADOR DE ÓLEO;0;;
101;1519;107181;1519;101.107181;CATEGORIA0;;1;1;0;1;;FLANGE DA ÁGUA DE REFRIGERAÇÃO;FLANGE DA ÁGUA DE REFRIGERAÇÃO;0;;
101;1519;107182;1519;101.107182;CATEGORIA0;;1;1;0;1;;SENSOR DE ABS;SENSOR DE ABS;0;;
101;1519;107183;1519;101.107183;CATEGORIA0;;1;1;0;1;;SENSOR DE ABS;SENSOR DE ABS;0;;
101;1519;107184;1519;101.107184;CATEGORIA0;;1;1;0;1;;SENSOR DE ABS;SENSOR DE ABS;0;;
101;1519;107185;1519;101.107185;CATEGORIA0;;1;1;0;1;;SUPORTE DO BRAÇO OBLÍQUO;SUPORTE DO BRAÇO OBLÍQUO;0;;
101;1519;107186;1519;101.107186;CATEGORIA0;;1;1;0;1;;CORRENTE;CORRENTE;0;;
101;1519;107187;1519;101.107187;CATEGORIA0;;1;1;0;1;;CASQUILHO DO BRAÇO OSCILANTE;CASQUILHO DO BRAÇO OSCILANTE;0;;
101;1519;107189;1519;101.107189;CATEGORIA0;;1;1;0;1;;VÁLVULA DE VENTILAÇÃO;VÁLVULA DE VENTILAÇÃO;0;;
101;1519;107190;1519;101.107190;CATEGORIA0;;1;1;0;1;;INDICADOR DE DIREÇÃO;INDICADOR DE DIREÇÃO;0;;
101;1519;107191;1519;101.107191;CATEGORIA0;;1;1;0;1;;SENSOR DE ABS;SENSOR DE ABS;0;;
101;1519;107192;1519;101.107192;CATEGORIA0;;1;1;0;1;;VÁLVULA DE CHAUFFAGE;VÁLVULA DE CHAUFFAGE;0;;
101;1519;107193;1519;101.107193;CATEGORIA0;;1;1;0;1;;JOGO DE CORRENTES DE DISTRIBUIÇÃO;JOGO DE CORRENTES DE DISTRIBUIÇÃO;0;;
101;1519;107194;1519;101.107194;CATEGORIA0;;1;1;0;1;;VÁLVULA DE VENTILAÇÃO;VÁLVULA DE VENTILAÇÃO;0;;
101;1519;107196;1519;101.107196;CATEGORIA0;;1;1;0;1;;POLIE AMORTECEDORA;POLIE AMORTECEDORA;0;;
101;1519;107197;1519;101.107197;CATEGORIA0;;1;1;0;1;;TAMPA DE VÁLVULAS;TAMPA DE VÁLVULAS;0;;
101;1519;107198;1519;101.107198;CATEGORIA0;;1;1;0;1;;POLIE AMORTECEDORA;POLIE AMORTECEDORA;0;;
101;1519;107199;1519;101.107199;CATEGORIA0;;1;1;0;1;;TAMPA DE VÁLVULAS;TAMPA DE VÁLVULAS;0;;
101;1519;107200;1519;101.107200;CATEGORIA0;;1;1;0;1;;CASQUILHO DO BRAÇO OSCILANTE;CASQUILHO DO BRAÇO OSCILANTE;0;;
101;1519;107202;1519;101.107202;CATEGORIA0;;1;1;0;1;;CINTA DE APERTO;CINTA DE APERTO;0;;
101;1519;107203;1519;101.107203;CATEGORIA0;;1;1;0;1;;CINTA DE APERTO;CINTA DE APERTO;0;;
101;1519;107204;1519;101.107204;CATEGORIA0;;1;1;0;1;;CINTA DE APERTO;CINTA DE APERTO;0;;
101;1519;107205;1519;101.107205;CATEGORIA0;;1;1;0;1;;CINTA DE APERTO;CINTA DE APERTO;0;;
101;1519;107206;1519;101.107206;CATEGORIA0;;1;1;0;1;;CINTA DE APERTO;CINTA DE APERTO;0;;
101;1519;107207;1519;101.107207;CATEGORIA0;;1;1;0;1;;KIT DE CORRENTE DE DISTRIBUIÇÃO;KIT DE CORRENTE DE DISTRIBUIÇÃO;0;;
101;1519;107208;1519;101.107208;CATEGORIA0;;1;1;0;1;;JUNTA;JUNTA;0;;
101;1519;107209;1519;101.107209;CATEGORIA0;;1;1;0;1;;VÁLVULA DE VENTILAÇÃO;VÁLVULA DE VENTILAÇÃO;0;;
101;1519;107210;1519;101.107210;CATEGORIA0;;1;1;0;1;;SENSOR DE TEMPERATURA DO LÍQUIDO DE REFRIGERAÇÃO;SENSOR DE TEMPERATURA DO LÍQUIDO DE REFRIGERAÇÃO;0;;
101;1519;107211;1519;101.107211;CATEGORIA0;;1;1;0;1;;SENSOR DE ABS;SENSOR DE ABS;0;;
101;1519;107212;1519;101.107212;CATEGORIA0;;1;1;0;1;;SENSOR DE ABS;SENSOR DE ABS;0;;
101;1519;107213;1519;101.107213;CATEGORIA0;;1;1;0;1;;SENSOR DE ABS;SENSOR DE ABS;0;;
101;1519;107214;1519;101.107214;CATEGORIA0;;1;1;0;1;;BARRA DE SELEÇÃO;BARRA DE SELEÇÃO;0;;
101;1519;107215;1519;101.107215;CATEGORIA0;;1;1;0;1;;BARRA DE SELEÇÃO;BARRA DE SELEÇÃO;0;;
101;1519;107216;1519;101.107216;CATEGORIA0;;1;1;0;1;;MOTOR DO VENTILADOR;MOTOR DO VENTILADOR;0;;
101;1519;107217;1519;101.107217;CATEGORIA0;;1;1;0;1;;MOTOR DO LIMPA-VIDROS;MOTOR DO LIMPA-VIDROS;0;;
101;1519;107218;1519;101.107218;CATEGORIA0;;1;1;0;1;;MOTOR DO LIMPA-VIDROS;MOTOR DO LIMPA-VIDROS;0;;
101;1519;107219;1519;101.107219;CATEGORIA0;;1;1;0;1;;KIT DE CORRENTE DE DISTRIBUIÇÃO;KIT DE CORRENTE DE DISTRIBUIÇÃO;0;;
101;1519;107220;1519;101.107220;CATEGORIA0;;1;1;0;1;;DISCO DE TRAVÃO;DISCO DE TRAVÃO;0;;
101;1519;107221;1519;101.107221;CATEGORIA0;;1;1;0;1;;DISCO DE TRAVÃO;DISCO DE TRAVÃO;0;;
101;1519;107222;1519;101.107222;CATEGORIA0;;1;1;0;1;;DISCO DE TRAVÃO;DISCO DE TRAVÃO;0;;
101;1519;107223;1519;101.107223;CATEGORIA0;;1;1;0;1;;DISCO DE TRAVÃO;DISCO DE TRAVÃO;0;;
101;1519;107224;1519;101.107224;CATEGORIA0;;1;1;0;1;;DISCO DE TRAVÃO;DISCO DE TRAVÃO;0;;
101;1519;107225;1519;101.107225;CATEGORIA0;;1;1;0;1;;DISCO DE TRAVÃO;DISCO DE TRAVÃO;0;;
101;1519;107226;1519;101.107226;CATEGORIA0;;1;1;0;1;;JOGO DE REP. BOMBA DE DISCO DE TRAVÃO;JOGO DE REP. BOMBA DE DISCO DE TRAVÃO;0;;
101;1519;107227;1519;101.107227;CATEGORIA0;;1;1;0;1;;JOGO DE REP. BOMBA DE DISCO DE TRAVÃO;JOGO DE REP. BOMBA DE DISCO DE TRAVÃO;0;;
101;1519;107228;1519;101.107228;CATEGORIA0;;1;1;0;1;;JOGO DE REP. BOMBA DE DISCO DE TRAVÃO;JOGO DE REP. BOMBA DE DISCO DE TRAVÃO;0;;
101;1519;107229;1519;101.107229;CATEGORIA0;;1;1;0;1;;JOGO DE REP. BOMBA DE DISCO DE TRAVÃO;JOGO DE REP. BOMBA DE DISCO DE TRAVÃO;0;;
101;1519;107230;1519;101.107230;CATEGORIA0;;1;1;0;1;;JOGO DE REP. BOMBA DE DISCO DE TRAVÃO;JOGO DE REP. BOMBA DE DISCO DE TRAVÃO;0;;
101;1519;107231;1519;101.107231;CATEGORIA0;;1;1;0;1;;JOGO DE REP. BOMBA DE DISCO DE TRAVÃO;JOGO DE REP. BOMBA DE DISCO DE TRAVÃO;0;;
101;1519;107232;1519;101.107232;CATEGORIA0;;1;1;0;1;;JOGO DE REP. BOMBA DE DISCO DE TRAVÃO;JOGO DE REP. BOMBA DE DISCO DE TRAVÃO;0;;
101;1519;107233;1519;101.107233;CATEGORIA0;;1;1;0;1;;JOGO DE REP. BOMBA DE DISCO DE TRAVÃO;JOGO DE REP. BOMBA DE DISCO DE TRAVÃO;0;;
101;1519;107234;1519;101.107234;CATEGORIA0;;1;1;0;1;;JOGO DE REP. BOMBA DE DISCO DE TRAVÃO;JOGO DE REP. BOMBA DE DISCO DE TRAVÃO;0;;
101;1519;107235;1519;101.107235;CATEGORIA0;;1;1;0;1;;JOGO DE REP. BOMBA DE DISCO DE TRAVÃO;JOGO DE REP. BOMBA DE DISCO DE TRAVÃO;0;;
101;1519;107236;1519;101.107236;CATEGORIA0;;1;1;0;1;;JOGO DE REP. BOMBA DE DISCO DE TRAVÃO;JOGO DE REP. BOMBA DE DISCO DE TRAVÃO;0;;
101;1519;107237;1519;101.107237;CATEGORIA0;;1;1;0;1;;JOGO DE REP. BOMBA DE DISCO DE TRAVÃO;JOGO DE REP. BOMBA DE DISCO DE TRAVÃO;0;;
101;1519;107238;1519;101.107238;CATEGORIA0;;1;1;0;1;;JOGO DE REP. BOMBA DE DISCO DE TRAVÃO;JOGO DE REP. BOMBA DE DISCO DE TRAVÃO;0;;
101;1519;107239;1519;101.107239;CATEGORIA0;;1;1;0;1;;JOGO DE REP. BOMBA DE DISCO DE TRAVÃO;JOGO DE REP. BOMBA DE DISCO DE TRAVÃO;0;;
101;1519;107240;1519;101.107240;CATEGORIA0;;1;1;0;1;;JOGO DE REP. BOMBA DE DISCO DE TRAVÃO;JOGO DE REP. BOMBA DE DISCO DE TRAVÃO;0;;
101;1519;107241;1519;101.107241;CATEGORIA0;;1;1;0;1;;JOGO DE REP. BOMBA DE DISCO DE TRAVÃO;JOGO DE REP. BOMBA DE DISCO DE TRAVÃO;0;;
101;1519;107242;1519;101.107242;CATEGORIA0;;1;1;0;1;;JOGO DE REP. BOMBA DE DISCO DE TRAVÃO;JOGO DE REP. BOMBA DE DISCO DE TRAVÃO;0;;
101;1519;107244;1519;101.107244;CATEGORIA0;;1;1;0;1;;CASQUILHO DE SUSPENSÃO ROSCADO;CASQUILHO DE SUSPENSÃO ROSCADO;0;;
101;1519;107248;1519;101.107248;CATEGORIA0;;1;1;0;1;;JOGO DE REP. BOMBA DE DISCO DE TRAVÃO;JOGO DE REP. BOMBA DE DISCO DE TRAVÃO;0;;
101;1519;107249;1519;101.107249;CATEGORIA0;;1;1;0;1;;JOGO DE REP. BOMBA DE DISCO DE TRAVÃO;JOGO DE REP. BOMBA DE DISCO DE TRAVÃO;0;;
101;1519;107250;1519;101.107250;CATEGORIA0;;1;1;0;1;;JOGO DE REP. BOMBA DE DISCO DE TRAVÃO;JOGO DE REP. BOMBA DE DISCO DE TRAVÃO;0;;
101;1519;107251;1519;101.107251;CATEGORIA0;;1;1;0;1;;JOGO DE REP. BOMBA DE DISCO DE TRAVÃO;JOGO DE REP. BOMBA DE DISCO DE TRAVÃO;0;;
101;1519;107254;1519;101.107254;CATEGORIA0;;1;1;0;1;;KIT DE CORRENTE DE DISTRIBUIÇÃO;KIT DE CORRENTE DE DISTRIBUIÇÃO;0;;
101;1519;107255;1519;101.107255;CATEGORIA0;;1;1;0;1;;VENTOINHA DO RADIADOR;VENTOINHA DO RADIADOR;0;;
101;1519;107256;1519;101.107256;CATEGORIA0;;1;1;0;1;;VENTOINHA DO RADIADOR;VENTOINHA DO RADIADOR;0;;
101;1519;107259;1519;101.107259;CATEGORIA0;;1;1;0;1;;KIT DE CORRENTE DE DISTRIBUIÇÃO;KIT DE CORRENTE DE DISTRIBUIÇÃO;0;;
101;1519;10726;1519;101.10726;CATEGORIA0;;1;1;0;1;;DISCO DE TRAVÃO;DISCO DE TRAVÃO;0;;
101;1519;107260;1519;101.107260;CATEGORIA0;;1;1;0;1;;APOIO DE MOTOR;APOIO DE MOTOR;0;;
101;1519;107263;1519;101.107263;CATEGORIA0;;1;1;0;1;;KIT DE CORRENTE DE DISTRIBUIÇÃO;KIT DE CORRENTE DE DISTRIBUIÇÃO;0;;
101;1519;107265;1519;101.107265;CATEGORIA0;;1;1;0;1;;JOGO DE REP. SECADOR DE AR;JOGO DE REP. SECADOR DE AR;0;;
101;1519;107266;1519;101.107266;CATEGORIA0;;1;1;0;1;;APOIO DE MOTOR;APOIO DE MOTOR;0;;
101;1519;107267;1519;101.107267;CATEGORIA0;;1;1;0;1;;KIT DE CORRENTE DE DISTRIBUIÇÃO;KIT DE CORRENTE DE DISTRIBUIÇÃO;0;;
101;1519;107268;1519;101.107268;CATEGORIA0;;1;1;0;1;;BARRA DE SELEÇÃO;BARRA DE SELEÇÃO;0;;
101;1519;107270;1519;101.107270;CATEGORIA0;;1;1;0;1;;ROLAMENTO DE AGULHAS;ROLAMENTO DE AGULHAS;0;;
101;1519;107271;1519;101.107271;CATEGORIA0;;1;1;0;1;;APOIO DE MOTOR;APOIO DE MOTOR;0;;
101;1519;107272;1519;101.107272;CATEGORIA0;;1;1;0;1;;MOTOR DO LIMPA-VIDROS;MOTOR DO LIMPA-VIDROS;0;;
101;1519;107273;1519;101.107273;CATEGORIA0;;1;1;0;1;;SONDA LAMBDA;SONDA LAMBDA;0;;
101;1519;107274;1519;101.107274;CATEGORIA0;;1;1;0;1;;CASQUILHO DA BARRA ESTABILIZADORA;CASQUILHO DA BARRA ESTABILIZADORA;0;;
101;1519;107275;1519;101.107275;CATEGORIA0;;1;1;0;1;;POLIE DE DESVIO;POLIE DE DESVIO;0;;
101;1519;107276;1519;101.107276;CATEGORIA0;;1;1;0;1;;FILTRO DE COMBUSTÍVEL;FILTRO DE COMBUSTÍVEL;0;;
101;1519;107277;1519;101.107277;CATEGORIA0;;1;1;0;1;;FILTRO DE AR;FILTRO DE AR;0;;
101;1519;107278;1519;101.107278;CATEGORIA0;;1;1;0;1;;FILTRO DE ÓLEO;FILTRO DE ÓLEO;0;;
101;1519;107279;1519;101.107279;CATEGORIA0;;1;1;0;1;;FILTRO DE AR;FILTRO DE AR;0;;
101;1519;107280;1519;101.107280;CATEGORIA0;;1;1;0;1;;RADIADOR DE ÓLEO;RADIADOR DE ÓLEO;0;;
101;1519;107281;1519;101.107281;CATEGORIA0;;1;1;0;1;;CONJUNTO DE APOIOS DE CARGA DO AMORTECEDOR;CONJUNTO DE APOIOS DE CARGA DO AMORTECEDOR;0;;
101;1519;107282;1519;101.107282;CATEGORIA0;;1;1;0;1;;POLIE DE DESVIO;POLIE DE DESVIO;0;;
101;1519;107283;1519;101.107283;CATEGORIA0;;1;1;0;1;;SENSOR DE ABS;SENSOR DE ABS;0;;
101;1519;107284;1519;101.107284;CATEGORIA0;;1;1;0;1;;SENSOR DE ABS;SENSOR DE ABS;0;;
101;1519;107285;1519;101.107285;CATEGORIA0;;1;1;0;1;;JUNTA DE CABEÇA;JUNTA DE CABEÇA;0;;
101;1519;107286;1519;101.107286;CATEGORIA0;;1;1;0;1;;POLIE DE DESVIO;POLIE DE DESVIO;0;;
101;1519;107287;1519;101.107287;CATEGORIA0;;1;1;0;1;;SUPORTE DO DISPOSITIVO AMORTECEDOR;SUPORTE DO DISPOSITIVO AMORTECEDOR;0;;
101;1519;107289;1519;101.107289;CATEGORIA0;;1;1;0;1;;SENSOR DE ABS;SENSOR DE ABS;0;;
101;1519;107290;1519;101.107290;CATEGORIA0;;1;1;0;1;;SENSOR DE ABS;SENSOR DE ABS;0;;
101;1519;107291;1519;101.107291;CATEGORIA0;;1;1;0;1;;BRAÇO DE SUSPENSÃO;BRAÇO DE SUSPENSÃO;0;;
101;1519;107292;1519;101.107292;CATEGORIA0;;1;1;0;1;;BRAÇO DE SUSPENSÃO;BRAÇO DE SUSPENSÃO;0;;
101;1519;107293;1519;101.107293;CATEGORIA0;;1;1;0;1;;BRAÇO DE SUSPENSÃO;BRAÇO DE SUSPENSÃO;0;;
101;1519;107295;1519;101.107295;CATEGORIA0;;1;1;0;1;;ELEVADOR DE VIDRO;ELEVADOR DE VIDRO;0;;
101;1519;107296;1519;101.107296;CATEGORIA0;;1;1;0;1;;ELEVADOR DE VIDRO;ELEVADOR DE VIDRO;0;;
101;1519;107298;1519;101.107298;CATEGORIA0;;1;1;0;1;;ELEVADOR DE VIDRO;ELEVADOR DE VIDRO;0;;
101;1519;107299;1519;101.107299;CATEGORIA0;;1;1;0;1;;ELEVADOR DE VIDRO;ELEVADOR DE VIDRO;0;;
101;1519;107300;1519;101.107300;CATEGORIA0;;1;1;0;1;;AMORTECEDOR DE CABINA;AMORTECEDOR DE CABINA;0;;
101;1519;107301;1519;101.107301;CATEGORIA0;;1;1;0;1;;FOLE DE MOLA PNEUMÁTICA;FOLE DE MOLA PNEUMÁTICA;0;;
101;1519;107302;1519;101.107302;CATEGORIA0;;1;1;0;1;;FOLE DE MOLA PNEUMÁTICA;FOLE DE MOLA PNEUMÁTICA;0;;
101;1519;107303;1519;101.107303;CATEGORIA0;;1;1;0;1;;FOLE DE MOLA PNEUMÁTICA;FOLE DE MOLA PNEUMÁTICA;0;;
101;1519;107305;1519;101.107305;CATEGORIA0;;1;1;0;1;;FOLE DE MOLA PNEUMÁTICA;FOLE DE MOLA PNEUMÁTICA;0;;
101;1519;107306;1519;101.107306;CATEGORIA0;;1;1;0;1;;CASQUILHO;CASQUILHO;0;;
101;1519;107307;1519;101.107307;CATEGORIA0;;1;1;0;1;;COLAR DE MOLA;COLAR DE MOLA;0;;
101;1519;10731;1519;101.10731;CATEGORIA0;;1;1;0;1;;CONJUNTO DE APOIOS DE CARGA DO AMORTECEDOR;CONJUNTO DE APOIOS DE CARGA DO AMORTECEDOR;0;;
101;1519;107313;1519;101.107313;CATEGORIA0;;1;1;0;1;;SUPORTE DE BORRACHA PARA ESCAPE;SUPORTE DE BORRACHA PARA ESCAPE;0;;
101;1519;107317;1519;101.107317;CATEGORIA0;;1;1;0;1;;ANILHA DE PRESSÃO;ANILHA DE PRESSÃO;0;;
101;1519;107318;1519;101.107318;CATEGORIA0;;1;1;0;1;;ANILHA;ANILHA;0;;
101;1519;107319;1519;101.107319;CATEGORIA0;;1;1;0;1;;ANILHA DE PRESSÃO;ANILHA DE PRESSÃO;0;;
101;1519;10732;1519;101.10732;CATEGORIA0;;1;1;0;1;;SUPORTE DO DISPOSITIVO AMORTECEDOR;SUPORTE DO DISPOSITIVO AMORTECEDOR;0;;
101;1519;107320;1519;101.107320;CATEGORIA0;;1;1;0;1;;TAMPA DO FILTRO DE ÓLEO;TAMPA DO FILTRO DE ÓLEO;0;;
101;1519;107326;1519;101.107326;CATEGORIA0;;1;1;0;1;;ROLAMENTO CENTRAL DE VEIO DE TRANSMISSÃO;ROLAMENTO CENTRAL DE VEIO DE TRANSMISSÃO;0;;
101;1519;107332;1519;101.107332;CATEGORIA0;;1;1;0;1;;SERVO-EMBRAIAGEM;SERVO-EMBRAIAGEM;0;;
101;1519;107333;1519;101.107333;CATEGORIA0;;1;1;0;1;;FORQUILHA DE DESENGATE;FORQUILHA DE DESENGATE;0;;
101;1519;107334;1519;101.107334;CATEGORIA0;;1;1;0;1;;SUPORTE DE BORRACHA PARA ESCAPE;SUPORTE DE BORRACHA PARA ESCAPE;0;;
101;1519;107335;1519;101.107335;CATEGORIA0;;1;1;0;1;;SENSOR DE ABS;SENSOR DE ABS;0;;
101;1519;107336;1519;101.107336;CATEGORIA0;;1;1;0;1;;SENSOR DE ABS;SENSOR DE ABS;0;;
101;1519;107337;1519;101.107337;CATEGORIA0;;1;1;0;1;;DEPÓSITO DE AR COMPRIMIDO;DEPÓSITO DE AR COMPRIMIDO;0;;
101;1519;107339;1519;101.107339;CATEGORIA0;;1;1;0;1;;DEPÓSITO DE AR COMPRIMIDO;DEPÓSITO DE AR COMPRIMIDO;0;;
101;1519;10734;1519;101.10734;CATEGORIA0;;1;1;0;1;;PARAFUSO;PARAFUSO;0;;
101;1519;107340;1519;101.107340;CATEGORIA0;;1;1;0;1;;DEPÓSITO DE AR COMPRIMIDO;DEPÓSITO DE AR COMPRIMIDO;0;;
101;1519;107341;1519;101.107341;CATEGORIA0;;1;1;0;1;;COLAR DE MOLA;COLAR DE MOLA;0;;
101;1519;107342;1519;101.107342;CATEGORIA0;;1;1;0;1;;FILTRO DE TRANSMISSÃO;FILTRO DE TRANSMISSÃO;0;;
101;1519;107343;1519;101.107343;CATEGORIA0;;1;1;0;1;;BORRACHA DE ENCOSTO;BORRACHA DE ENCOSTO;0;;
101;1519;107344;1519;101.107344;CATEGORIA0;;1;1;0;1;;CASQUILHO DA MOLA DE SUSPENSÃO;CASQUILHO DA MOLA DE SUSPENSÃO;0;;
101;1519;107345;1519;101.107345;CATEGORIA0;;1;1;0;1;;KIT DE CORRENTE DE DISTRIBUIÇÃO;KIT DE CORRENTE DE DISTRIBUIÇÃO;0;;
101;1519;107346;1519;101.107346;CATEGORIA0;;1;1;0;1;;KIT DE PROTEÇÃO;KIT DE PROTEÇÃO;0;;
101;1519;107347;1519;101.107347;CATEGORIA0;;1;1;0;1;;BOMBA DA DIREÇÃO ASSISTIDA;BOMBA DA DIREÇÃO ASSISTIDA;0;;
101;1519;107348;1519;101.107348;CATEGORIA0;;1;1;0;1;;CASQUILHO DA BARRA ESTABILIZADORA;CASQUILHO DA BARRA ESTABILIZADORA;0;;
101;1519;107349;1519;101.107349;CATEGORIA0;;1;1;0;1;;TIRANTE DO EIXO;TIRANTE DO EIXO;0;;
101;1519;107350;1519;101.107350;CATEGORIA0;;1;1;0;1;;SUPORTE BARRA ESTABILIZADORA;SUPORTE BARRA ESTABILIZADORA;0;;
101;1519;107351;1519;101.107351;CATEGORIA0;;1;1;0;1;;SUPORTE BARRA ESTABILIZADORA;SUPORTE BARRA ESTABILIZADORA;0;;
101;1519;107352;1519;101.107352;CATEGORIA0;;1;1;0;1;;TIRANTE DO EIXO;TIRANTE DO EIXO;0;;
101;1519;107353;1519;101.107353;CATEGORIA0;;1;1;0;1;;BARRA INTERMÉDIA DE DIREÇÃO;BARRA INTERMÉDIA DE DIREÇÃO;0;;
101;1519;107354;1519;101.107354;CATEGORIA0;;1;1;0;1;;BARRA DE ACOPLAMENTO;BARRA DE ACOPLAMENTO;0;;
101;1519;107355;1519;101.107355;CATEGORIA0;;1;1;0;1;;ARTICULAÇÃO ANGULAR;ARTICULAÇÃO ANGULAR;0;;
101;1519;107356;1519;101.107356;CATEGORIA0;;1;1;0;1;;TIRANTE DO EIXO;TIRANTE DO EIXO;0;;
101;1519;107357;1519;101.107357;CATEGORIA0;;1;1;0;1;;BARRA INTERMÉDIA DE DIREÇÃO;BARRA INTERMÉDIA DE DIREÇÃO;0;;
101;1519;107358;1519;101.107358;CATEGORIA0;;1;1;0;1;;BARRA INTERMÉDIA DE DIREÇÃO;BARRA INTERMÉDIA DE DIREÇÃO;0;;
101;1519;107359;1519;101.107359;CATEGORIA0;;1;1;0;1;;TIRANTE DO EIXO;TIRANTE DO EIXO;0;;
101;1519;107360;1519;101.107360;CATEGORIA0;;1;1;0;1;;BARRA INTERMÉDIA DE DIREÇÃO;BARRA INTERMÉDIA DE DIREÇÃO;0;;
101;1519;107361;1519;101.107361;CATEGORIA0;;1;1;0;1;;BARRA INTERMÉDIA DE DIREÇÃO;BARRA INTERMÉDIA DE DIREÇÃO;0;;
101;1519;107362;1519;101.107362;CATEGORIA0;;1;1;0;1;;TIRANTE DO EIXO;TIRANTE DO EIXO;0;;
101;1519;107363;1519;101.107363;CATEGORIA0;;1;1;0;1;;CABEÇA DE DIREÇÃO INTERIOR;CABEÇA DE DIREÇÃO INTERIOR;0;;
101;1519;107364;1519;101.107364;CATEGORIA0;;1;1;0;1;;CABEÇA DE DIREÇÃO EXTERIOR;CABEÇA DE DIREÇÃO EXTERIOR;0;;
101;1519;107365;1519;101.107365;CATEGORIA0;;1;1;0;1;;CABEÇA DE DIREÇÃO EXTERIOR;CABEÇA DE DIREÇÃO EXTERIOR;0;;
101;1519;107366;1519;101.107366;CATEGORIA0;;1;1;0;1;;CABEÇA DE DIREÇÃO INTERIOR;CABEÇA DE DIREÇÃO INTERIOR;0;;
101;1519;107367;1519;101.107367;CATEGORIA0;;1;1;0;1;;PORCA ESFÉRICA COM COLAR;PORCA ESFÉRICA COM COLAR;0;;
101;1519;107368;1519;101.107368;CATEGORIA0;;1;1;0;1;;TUBO FLEXÍVEL HIDRÁULICO;TUBO FLEXÍVEL HIDRÁULICO;0;;
101;1519;107369;1519;101.107369;CATEGORIA0;;1;1;0;1;;BOMBA DA DIREÇÃO ASSISTIDA;BOMBA DA DIREÇÃO ASSISTIDA;0;;
101;1519;10737;1519;101.10737;CATEGORIA0;;1;1;0;1;;AMORTECEDOR;AMORTECEDOR;0;;
101;1519;107370;1519;101.107370;CATEGORIA0;;1;1;0;1;;CASQUILHO DA BARRA ESTABILIZADORA;CASQUILHO DA BARRA ESTABILIZADORA;0;;
101;1519;107371;1519;101.107371;CATEGORIA0;;1;1;0;1;;SENSOR DE ABS;SENSOR DE ABS;0;;
101;1519;107372;1519;101.107372;CATEGORIA0;;1;1;0;1;;VÁLVULA DE VENTILAÇÃO;VÁLVULA DE VENTILAÇÃO;0;;
101;1519;107373;1519;101.107373;CATEGORIA0;;1;1;0;1;;CORREIA DE DISTRIBUIÇÃO;CORREIA DE DISTRIBUIÇÃO;0;;
101;1519;107375;1519;101.107375;CATEGORIA0;;1;1;0;1;;CASQUILHO;CASQUILHO;0;;
101;1519;107376;1519;101.107376;CATEGORIA0;;1;1;0;1;;CASQUILHO;CASQUILHO;0;;
101;1519;107377;1519;101.107377;CATEGORIA0;;1;1;0;1;;KIT DE CORRENTE DE DISTRIBUIÇÃO;KIT DE CORRENTE DE DISTRIBUIÇÃO;0;;
101;1519;107378;1519;101.107378;CATEGORIA0;;1;1;0;1;;KIT DE PROTEÇÃO;KIT DE PROTEÇÃO;0;;
101;1519;107379;1519;101.107379;CATEGORIA0;;1;1;0;1;;CASQUILHO DE GUIA;CASQUILHO DE GUIA;0;;
101;1519;107380;1519;101.107380;CATEGORIA0;;1;1;0;1;;SENSOR DE ABS;SENSOR DE ABS;0;;
101;1519;107381;1519;101.107381;CATEGORIA0;;1;1;0;1;;SENSOR DE ABS;SENSOR DE ABS;0;;
101;1519;107382;1519;101.107382;CATEGORIA0;;1;1;0;1;;MOTOR DE ESGUICHO;MOTOR DE ESGUICHO;0;;
101;1519;107383;1519;101.107383;CATEGORIA0;;1;1;0;1;;MOTOR DE ESGUICHO;MOTOR DE ESGUICHO;0;;
101;1519;107385;1519;101.107385;CATEGORIA0;;1;1;0;1;;JOGO DE CORRENTES DE DISTRIBUIÇÃO;JOGO DE CORRENTES DE DISTRIBUIÇÃO;0;;
101;1519;107386;1519;101.107386;CATEGORIA0;;1;1;0;1;;CASQUILHO DO BRAÇO OSCILANTE;CASQUILHO DO BRAÇO OSCILANTE;0;;
101;1519;107387;1519;101.107387;CATEGORIA0;;1;1;0;1;;CASQUILHO DO BRAÇO OSCILANTE;CASQUILHO DO BRAÇO OSCILANTE;0;;
101;1519;107388;1519;101.107388;CATEGORIA0;;1;1;0;1;;CASQUILHO DA BARRA ESTABILIZADORA;CASQUILHO DA BARRA ESTABILIZADORA;0;;
101;1519;107389;1519;101.107389;CATEGORIA0;;1;1;0;1;;BOMBA DO ÓLEO;BOMBA DO ÓLEO;0;;
101;1519;107390;1519;101.107390;CATEGORIA0;;1;1;0;1;;MOTOR DO VENTILADOR;MOTOR DO VENTILADOR;0;;
101;1519;107391;1519;101.107391;CATEGORIA0;;1;1;0;1;;MOTOR DO VENTILADOR;MOTOR DO VENTILADOR;0;;
101;1519;107392;1519;101.107392;CATEGORIA0;;1;1;0;1;;KIT DE PROTEÇÃO;KIT DE PROTEÇÃO;0;;
101;1519;107393;1519;101.107393;CATEGORIA0;;1;1;0;1;;ÓLEO PARA TRANSMISSÃO AUTOMÁTICA (ATF);ÓLEO PARA TRANSMISSÃO AUTOMÁTICA (ATF);0;;
101;1519;107394;1519;101.107394;CATEGORIA0;;1;1;0;1;;ÓLEO PARA TRANSMISSÃO AUTOMÁTICA (ATF);ÓLEO PARA TRANSMISSÃO AUTOMÁTICA (ATF);0;;
101;1519;107395;1519;101.107395;CATEGORIA0;;1;1;0;1;;APOIO DA BARRA TRANSVERSAL;APOIO DA BARRA TRANSVERSAL;0;;
101;1519;107396;1519;101.107396;CATEGORIA0;;1;1;0;1;;FILTRO DE AR;FILTRO DE AR;0;;
101;1519;107397;1519;101.107397;CATEGORIA0;;1;1;0;1;;CONJUNTO DE FILTROS DO ÓLEO DA TRANSMISSÃO;CONJUNTO DE FILTROS DO ÓLEO DA TRANSMISSÃO;0;;
101;1519;107399;1519;101.107399;CATEGORIA0;;1;1;0;1;;FILTRO DE COMBUSTÍVEL;FILTRO DE COMBUSTÍVEL;0;;
101;1519;10740;1519;101.10740;CATEGORIA0;;1;1;0;1;;JOGO DE REP. AJUSTE DE EMBRAIAGEM;JOGO DE REP. AJUSTE DE EMBRAIAGEM;0;;
101;1519;107402;1519;101.107402;CATEGORIA0;;1;1;0;1;;CONJUNTO DE FILTROS DO ÓLEO DA TRANSMISSÃO;CONJUNTO DE FILTROS DO ÓLEO DA TRANSMISSÃO;0;;
101;1519;107403;1519;101.107403;CATEGORIA0;;1;1;0;1;;FILTRO DE AR;FILTRO DE AR;0;;
101;1519;107404;1519;101.107404;CATEGORIA0;;1;1;0;1;;CONJUNTO DE FILTROS DO ÓLEO DA TRANSMISSÃO;CONJUNTO DE FILTROS DO ÓLEO DA TRANSMISSÃO;0;;
101;1519;107405;1519;101.107405;CATEGORIA0;;1;1;0;1;;CONJUNTO DE FILTROS DO ÓLEO DA TRANSMISSÃO;CONJUNTO DE FILTROS DO ÓLEO DA TRANSMISSÃO;0;;
101;1519;107406;1519;101.107406;CATEGORIA0;;1;1;0;1;;CONJUNTO DE FILTROS DO ÓLEO DA TRANSMISSÃO;CONJUNTO DE FILTROS DO ÓLEO DA TRANSMISSÃO;0;;
101;1519;107407;1519;101.107407;CATEGORIA0;;1;1;0;1;;FILTRO DE ÓLEO;FILTRO DE ÓLEO;0;;
101;1519;107408;1519;101.107408;CATEGORIA0;;1;1;0;1;;ROLAMENTO DE AGULHAS;ROLAMENTO DE AGULHAS;0;;
101;1519;107409;1519;101.107409;CATEGORIA0;;1;1;0;1;;ROLAMENTO DE AGULHAS;ROLAMENTO DE AGULHAS;0;;
101;1519;10741;1519;101.10741;CATEGORIA0;;1;1;0;1;;JOGO DE REP. AJUSTE DE EMBRAIAGEM;JOGO DE REP. AJUSTE DE EMBRAIAGEM;0;;
101;1519;107410;1519;101.107410;CATEGORIA0;;1;1;0;1;;APOIO DE MOTOR;APOIO DE MOTOR;0;;
101;1519;107411;1519;101.107411;CATEGORIA0;;1;1;0;1;;APOIO DE MOTOR;APOIO DE MOTOR;0;;
101;1519;107412;1519;101.107412;CATEGORIA0;;1;1;0;1;;FLANGE DA RODA;FLANGE DA RODA;0;;
101;1519;107413;1519;101.107413;CATEGORIA0;;1;1;0;1;;RETENTOR;RETENTOR;0;;
101;1519;107414;1519;101.107414;CATEGORIA0;;1;1;0;1;;SUPORTE DO DISPOSITIVO AMORTECEDOR;SUPORTE DO DISPOSITIVO AMORTECEDOR;0;;
101;1519;107415;1519;101.107415;CATEGORIA0;;1;1;0;1;;VÁLVULA MAGNÉTICA;VÁLVULA MAGNÉTICA;0;;
101;1519;107416;1519;101.107416;CATEGORIA0;;1;1;0;1;;VÁLVULA MAGNÉTICA;VÁLVULA MAGNÉTICA;0;;
101;1519;107417;1519;101.107417;CATEGORIA0;;1;1;0;1;;VÁLVULA MAGNÉTICA;VÁLVULA MAGNÉTICA;0;;
101;1519;107418;1519;101.107418;CATEGORIA0;;1;1;0;1;;VÁLVULA MAGNÉTICA;VÁLVULA MAGNÉTICA;0;;
101;1519;107419;1519;101.107419;CATEGORIA0;;1;1;0;1;;VÁLVULA MAGNÉTICA;VÁLVULA MAGNÉTICA;0;;
101;1519;10742;1519;101.10742;CATEGORIA0;;1;1;0;1;;JOGO DE REP. AJUSTE DE EMBRAIAGEM;JOGO DE REP. AJUSTE DE EMBRAIAGEM;0;;
101;1519;107420;1519;101.107420;CATEGORIA0;;1;1;0;1;;VÁLVULA MAGNÉTICA;VÁLVULA MAGNÉTICA;0;;
101;1519;107421;1519;101.107421;CATEGORIA0;;1;1;0;1;;VÁLVULA MAGNÉTICA;VÁLVULA MAGNÉTICA;0;;
101;1519;107422;1519;101.107422;CATEGORIA0;;1;1;0;1;;VÁLVULA MAGNÉTICA;VÁLVULA MAGNÉTICA;0;;
101;1519;107423;1519;101.107423;CATEGORIA0;;1;1;0;1;;VÁLVULA MAGNÉTICA;VÁLVULA MAGNÉTICA;0;;
101;1519;107424;1519;101.107424;CATEGORIA0;;1;1;0;1;;JOGO DE CORREIAS TRAPEZOIDAIS ESTRIADAS;JOGO DE CORREIAS TRAPEZOIDAIS ESTRIADAS;0;;
101;1519;107425;1519;101.107425;CATEGORIA0;;1;1;0;1;;JOGO DE CORREIAS TRAPEZOIDAIS ESTRIADAS;JOGO DE CORREIAS TRAPEZOIDAIS ESTRIADAS;0;;
101;1519;107426;1519;101.107426;CATEGORIA0;;1;1;0;1;;JOGO DE CORREIAS TRAPEZOIDAIS ESTRIADAS;JOGO DE CORREIAS TRAPEZOIDAIS ESTRIADAS;0;;
101;1519;107427;1519;101.107427;CATEGORIA0;;1;1;0;1;;JOGO DE CORREIAS TRAPEZOIDAIS ESTRIADAS;JOGO DE CORREIAS TRAPEZOIDAIS ESTRIADAS;0;;
101;1519;107428;1519;101.107428;CATEGORIA0;;1;1;0;1;;JOGO DE CORREIAS TRAPEZOIDAIS ESTRIADAS;JOGO DE CORREIAS TRAPEZOIDAIS ESTRIADAS;0;;
101;1519;107429;1519;101.107429;CATEGORIA0;;1;1;0;1;;JOGO DE CORREIAS TRAPEZOIDAIS ESTRIADAS;JOGO DE CORREIAS TRAPEZOIDAIS ESTRIADAS;0;;
101;1519;107430;1519;101.107430;CATEGORIA0;;1;1;0;1;;PORCA DO EIXO;PORCA DO EIXO;0;;
101;1519;107431;1519;101.107431;CATEGORIA0;;1;1;0;1;;APOIO DE MOTOR;APOIO DE MOTOR;0;;
101;1519;107432;1519;101.107432;CATEGORIA0;;1;1;0;1;;JOGO DE REP. BOMBA DE DISCO DE TRAVÃO;JOGO DE REP. BOMBA DE DISCO DE TRAVÃO;0;;
101;1519;107433;1519;101.107433;CATEGORIA0;;1;1;0;1;;O-RING;O-RING;0;;
101;1519;107434;1519;101.107434;CATEGORIA0;;1;1;0;1;;MOTOR DO VENTILADOR;MOTOR DO VENTILADOR;0;;
101;1519;107435;1519;101.107435;CATEGORIA0;;1;1;0;1;;VÁLVULA MAGNÉTICA;VÁLVULA MAGNÉTICA;0;;
101;1519;107436;1519;101.107436;CATEGORIA0;;1;1;0;1;;VÁLVULA MAGNÉTICA;VÁLVULA MAGNÉTICA;0;;
101;1519;107437;1519;101.107437;CATEGORIA0;;1;1;0;1;;VÁLVULA MAGNÉTICA;VÁLVULA MAGNÉTICA;0;;
101;1519;10744;1519;101.10744;CATEGORIA0;;1;1;0;1;;DISCO DE TRAVÃO;DISCO DE TRAVÃO;0;;
101;1519;107442;1519;101.107442;CATEGORIA0;;1;1;0;1;;ANEL DE ABS;ANEL DE ABS;0;;
101;1519;107443;1519;101.107443;CATEGORIA0;;1;1;0;1;;ANEL DE ABS;ANEL DE ABS;0;;
101;1519;107444;1519;101.107444;CATEGORIA0;;1;1;0;1;;ANEL DE ABS;ANEL DE ABS;0;;
101;1519;107445;1519;101.107445;CATEGORIA0;;1;1;0;1;;ANEL DE ABS;ANEL DE ABS;0;;
101;1519;107446;1519;101.107446;CATEGORIA0;;1;1;0;1;;ANEL DE ABS;ANEL DE ABS;0;;
101;1519;107447;1519;101.107447;CATEGORIA0;;1;1;0;1;;MANCAL DO VEIO DA CAIXA DE VELOCIDADES;MANCAL DO VEIO DA CAIXA DE VELOCIDADES;0;;
101;1519;10745;1519;101.10745;CATEGORIA0;;1;1;0;1;;DISCO DE TRAVÃO;DISCO DE TRAVÃO;0;;
101;1519;107450;1519;101.107450;CATEGORIA0;;1;1;0;1;;VÁLVULA MAGNÉTICA;VÁLVULA MAGNÉTICA;0;;
101;1519;107451;1519;101.107451;CATEGORIA0;;1;1;0;1;;RETENTOR DO VEIO;RETENTOR DO VEIO;0;;
101;1519;107452;1519;101.107452;CATEGORIA0;;1;1;0;1;;VÁLVULA MAGNÉTICA;VÁLVULA MAGNÉTICA;0;;
101;1519;107453;1519;101.107453;CATEGORIA0;;1;1;0;1;;JOGO DE JUNTAS PARA TAMPAS DE VÁLVULA;JOGO DE JUNTAS PARA TAMPAS DE VÁLVULA;0;;
101;1519;107454;1519;101.107454;CATEGORIA0;;1;1;0;1;;VÁLVULA MAGNÉTICA;VÁLVULA MAGNÉTICA;0;;
101;1519;107455;1519;101.107455;CATEGORIA0;;1;1;0;1;;MOTOR DO VENTILADOR;MOTOR DO VENTILADOR;0;;
101;1519;107456;1519;101.107456;CATEGORIA0;;1;1;0;1;;VENTOINHA DO RADIADOR;VENTOINHA DO RADIADOR;0;;
101;1519;107457;1519;101.107457;CATEGORIA0;;1;1;0;1;;VENTOINHA DO RADIADOR;VENTOINHA DO RADIADOR;0;;
101;1519;107458;1519;101.107458;CATEGORIA0;;1;1;0;1;;VENTOINHA DO RADIADOR;VENTOINHA DO RADIADOR;0;;
101;1519;10746;1519;101.10746;CATEGORIA0;;1;1;0;1;;DISCO DE TRAVÃO;DISCO DE TRAVÃO;0;;
101;1519;107461;1519;101.107461;CATEGORIA0;;1;1;0;1;;CASQUILHO DA BARRA ESTABILIZADORA;CASQUILHO DA BARRA ESTABILIZADORA;0;;
101;1519;107462;1519;101.107462;CATEGORIA0;;1;1;0;1;;JUNTA DE TAMPA DE VÁLVULAS;JUNTA DE TAMPA DE VÁLVULAS;0;;
101;1519;107463;1519;101.107463;CATEGORIA0;;1;1;0;1;;MOTOR DE ESGUICHO;MOTOR DE ESGUICHO;0;;
101;1519;107464;1519;101.107464;CATEGORIA0;;1;1;0;1;;SENSOR DE ABS;SENSOR DE ABS;0;;
101;1519;107465;1519;101.107465;CATEGORIA0;;1;1;0;1;;SENSOR DE ABS;SENSOR DE ABS;0;;
101;1519;107466;1519;101.107466;CATEGORIA0;;1;1;0;1;;SENSOR DE ABS;SENSOR DE ABS;0;;
101;1519;107467;1519;101.107467;CATEGORIA0;;1;1;0;1;;SENSOR DE ABS;SENSOR DE ABS;0;;
101;1519;107468;1519;101.107468;CATEGORIA0;;1;1;0;1;;SENSOR DE ABS;SENSOR DE ABS;0;;
101;1519;107469;1519;101.107469;CATEGORIA0;;1;1;0;1;;SENSOR DE ABS;SENSOR DE ABS;0;;
101;1519;10747;1519;101.10747;CATEGORIA0;;1;1;0;1;;DISCO DE TRAVÃO;DISCO DE TRAVÃO;0;;
101;1519;107470;1519;101.107470;CATEGORIA0;;1;1;0;1;;SENSOR DE ABS;SENSOR DE ABS;0;;
101;1519;107471;1519;101.107471;CATEGORIA0;;1;1;0;1;;SENSOR DE ABS;SENSOR DE ABS;0;;
101;1519;107472;1519;101.107472;CATEGORIA0;;1;1;0;1;;BRAÇO DE SUSPENSÃO;BRAÇO DE SUSPENSÃO;0;;
101;1519;107473;1519;101.107473;CATEGORIA0;;1;1;0;1;;BRAÇO DE SUSPENSÃO;BRAÇO DE SUSPENSÃO;0;;
101;1519;107474;1519;101.107474;CATEGORIA0;;1;1;0;1;;APOIO DE MOTOR;APOIO DE MOTOR;0;;
101;1519;107475;1519;101.107475;CATEGORIA0;;1;1;0;1;;APOIO DE MOTOR;APOIO DE MOTOR;0;;
101;1519;107476;1519;101.107476;CATEGORIA0;;1;1;0;1;;AMORTECEDOR DE CABINA;AMORTECEDOR DE CABINA;0;;
101;1519;107477;1519;101.107477;CATEGORIA0;;1;1;0;1;;AMORTECEDOR DE CABINA;AMORTECEDOR DE CABINA;0;;
101;1519;107478;1519;101.107478;CATEGORIA0;;1;1;0;1;;BORRACHA DE ENCOSTO;BORRACHA DE ENCOSTO;0;;
101;1519;107479;1519;101.107479;CATEGORIA0;;1;1;0;1;;CASQUILHO DA BARRA ESTABILIZADORA;CASQUILHO DA BARRA ESTABILIZADORA;0;;
101;1519;10748;1519;101.10748;CATEGORIA0;;1;1;0;1;;DISCO DE TRAVÃO;DISCO DE TRAVÃO;0;;
101;1519;107480;1519;101.107480;CATEGORIA0;;1;1;0;1;;CILINDRO DE MEMBRANA DUPLA;CILINDRO DE MEMBRANA DUPLA;0;;
101;1519;107481;1519;101.107481;CATEGORIA0;;1;1;0;1;;CILINDRO DE MEMBRANA DUPLA;CILINDRO DE MEMBRANA DUPLA;0;;
101;1519;10749;1519;101.10749;CATEGORIA0;;1;1;0;1;;DISCO DE TRAVÃO;DISCO DE TRAVÃO;0;;
101;1519;107491;1519;101.107491;CATEGORIA0;;1;1;0;1;;VÁLVULA DE PRESSÃO;VÁLVULA DE PRESSÃO;0;;
101;1519;107492;1519;101.107492;CATEGORIA0;;1;1;0;1;;PINO DA RODA;PINO DA RODA;0;;
101;1519;107493;1519;101.107493;CATEGORIA0;;1;1;0;1;;PINO DA RODA;PINO DA RODA;0;;
101;1519;107494;1519;101.107494;CATEGORIA0;;1;1;0;1;;RÓTULA DA BARRA DE DIREÇÃO;RÓTULA DA BARRA DE DIREÇÃO;0;;
101;1519;107495;1519;101.107495;CATEGORIA0;;1;1;0;1;;RÓTULA DA BARRA DE DIREÇÃO;RÓTULA DA BARRA DE DIREÇÃO;0;;
101;1519;107496;1519;101.107496;CATEGORIA0;;1;1;0;1;;MOTOR DE ESGUICHO;MOTOR DE ESGUICHO;0;;
101;1519;107497;1519;101.107497;CATEGORIA0;;1;1;0;1;;POLIE DE DESVIO;POLIE DE DESVIO;0;;
101;1519;107498;1519;101.107498;CATEGORIA0;;1;1;0;1;;PINO DA RODA;PINO DA RODA;0;;
101;1519;107499;1519;101.107499;CATEGORIA0;;1;1;0;1;;VÁLVULA MAGNÉTICA;VÁLVULA MAGNÉTICA;0;;
101;1519;10750;1519;101.10750;CATEGORIA0;;1;1;0;1;;DISCO DE TRAVÃO;DISCO DE TRAVÃO;0;;
101;1519;107500;1519;101.107500;CATEGORIA0;;1;1;0;1;;DISCO DE TRAVÃO;DISCO DE TRAVÃO;0;;
101;1519;107501;1519;101.107501;CATEGORIA0;;1;1;0;1;;DISCO DE TRAVÃO;DISCO DE TRAVÃO;0;;
101;1519;107502;1519;101.107502;CATEGORIA0;;1;1;0;1;;DISCO DE TRAVÃO;DISCO DE TRAVÃO;0;;
101;1519;107503;1519;101.107503;CATEGORIA0;;1;1;0;1;;DISCO DE TRAVÃO;DISCO DE TRAVÃO;0;;
101;1519;107504;1519;101.107504;CATEGORIA0;;1;1;0;1;;DISCO DE TRAVÃO;DISCO DE TRAVÃO;0;;
101;1519;107505;1519;101.107505;CATEGORIA0;;1;1;0;1;;DISCO DE TRAVÃO;DISCO DE TRAVÃO;0;;
101;1519;107506;1519;101.107506;CATEGORIA0;;1;1;0;1;;DISCO DE TRAVÃO;DISCO DE TRAVÃO;0;;
101;1519;107507;1519;101.107507;CATEGORIA0;;1;1;0;1;;DISCO DE TRAVÃO;DISCO DE TRAVÃO;0;;
101;1519;107508;1519;101.107508;CATEGORIA0;;1;1;0;1;;DISCO DE TRAVÃO;DISCO DE TRAVÃO;0;;
101;1519;107509;1519;101.107509;CATEGORIA0;;1;1;0;1;;DISCO DE TRAVÃO;DISCO DE TRAVÃO;0;;
101;1519;10751;1519;101.10751;CATEGORIA0;;1;1;0;1;;DISCO DE TRAVÃO;DISCO DE TRAVÃO;0;;
101;1519;107510;1519;101.107510;CATEGORIA0;;1;1;0;1;;DISCO DE TRAVÃO;DISCO DE TRAVÃO;0;;
101;1519;107511;1519;101.107511;CATEGORIA0;;1;1;0;1;;DISCO DE TRAVÃO;DISCO DE TRAVÃO;0;;
101;1519;107512;1519;101.107512;CATEGORIA0;;1;1;0;1;;DISCO DE TRAVÃO;DISCO DE TRAVÃO;0;;
101;1519;107513;1519;101.107513;CATEGORIA0;;1;1;0;1;;DISCO DE TRAVÃO;DISCO DE TRAVÃO;0;;
101;1519;107514;1519;101.107514;CATEGORIA0;;1;1;0;1;;DISCO DE TRAVÃO;DISCO DE TRAVÃO;0;;
101;1519;107515;1519;101.107515;CATEGORIA0;;1;1;0;1;;DISCO DE TRAVÃO;DISCO DE TRAVÃO;0;;
101;1519;107516;1519;101.107516;CATEGORIA0;;1;1;0;1;;DISCO DE TRAVÃO;DISCO DE TRAVÃO;0;;
101;1519;107517;1519;101.107517;CATEGORIA0;;1;1;0;1;;DISCO DE TRAVÃO;DISCO DE TRAVÃO;0;;
101;1519;107518;1519;101.107518;CATEGORIA0;;1;1;0;1;;DISCO DE TRAVÃO;DISCO DE TRAVÃO;0;;
101;1519;107519;1519;101.107519;CATEGORIA0;;1;1;0;1;;RESERVATÓRIO LÍQUIDO REFRIGERAÇÃO;RESERVATÓRIO LÍQUIDO REFRIGERAÇÃO;0;;
101;1519;10752;1519;101.10752;CATEGORIA0;;1;1;0;1;;DISCO DE TRAVÃO;DISCO DE TRAVÃO;0;;
101;1519;107520;1519;101.107520;CATEGORIA0;;1;1;0;1;;RESERVATÓRIO LÍQUIDO REFRIGERAÇÃO;RESERVATÓRIO LÍQUIDO REFRIGERAÇÃO;0;;
101;1519;107521;1519;101.107521;CATEGORIA0;;1;1;0;1;;RADIADOR DE ÓLEO;RADIADOR DE ÓLEO;0;;
101;1519;107522;1519;101.107522;CATEGORIA0;;1;1;0;1;;BARRA INTERMÉDIA DE DIREÇÃO;BARRA INTERMÉDIA DE DIREÇÃO;0;;
101;1519;107523;1519;101.107523;CATEGORIA0;;1;1;0;1;;TUBO FLEXÍVEL;TUBO FLEXÍVEL;0;;
101;1519;107524;1519;101.107524;CATEGORIA0;;1;1;0;1;;SENSOR DE ABS;SENSOR DE ABS;0;;
101;1519;107525;1519;101.107525;CATEGORIA0;;1;1;0;1;;SENSOR DE ABS;SENSOR DE ABS;0;;
101;1519;107526;1519;101.107526;CATEGORIA0;;1;1;0;1;;JOGO DE JUNTAS PARA TAMPAS DE VÁLVULA;JOGO DE JUNTAS PARA TAMPAS DE VÁLVULA;0;;
101;1519;107527;1519;101.107527;CATEGORIA0;;1;1;0;1;;BRAÇO DE SUSPENSÃO;BRAÇO DE SUSPENSÃO;0;;
101;1519;107528;1519;101.107528;CATEGORIA0;;1;1;0;1;;BRAÇO DE SUSPENSÃO;BRAÇO DE SUSPENSÃO;0;;
101;1519;10753;1519;101.10753;CATEGORIA0;;1;1;0;1;;DISCO DE TRAVÃO;DISCO DE TRAVÃO;0;;
101;1519;107530;1519;101.107530;CATEGORIA0;;1;1;0;1;;RADIADOR DE ÓLEO;RADIADOR DE ÓLEO;0;;
101;1519;107531;1519;101.107531;CATEGORIA0;;1;1;0;1;;JUNTA DE TAMPA DE VÁLVULAS;JUNTA DE TAMPA DE VÁLVULAS;0;;
101;1519;107532;1519;101.107532;CATEGORIA0;;1;1;0;1;;JUNTA DE TAMPA DE VÁLVULAS;JUNTA DE TAMPA DE VÁLVULAS;0;;
101;1519;107533;1519;101.107533;CATEGORIA0;;1;1;0;1;;JUNTA DE TAMPA DE VÁLVULAS;JUNTA DE TAMPA DE VÁLVULAS;0;;
101;1519;107534;1519;101.107534;CATEGORIA0;;1;1;0;1;;PINO DA RODA;PINO DA RODA;0;;
101;1519;107535;1519;101.107535;CATEGORIA0;;1;1;0;1;;PINO DA RODA;PINO DA RODA;0;;
101;1519;107536;1519;101.107536;CATEGORIA0;;1;1;0;1;;PINO DA RODA;PINO DA RODA;0;;
101;1519;107538;1519;101.107538;CATEGORIA0;;1;1;0;1;;SENSOR DE TEMPERATURA DO LÍQUIDO DE REFRIGERAÇÃO;SENSOR DE TEMPERATURA DO LÍQUIDO DE REFRIGERAÇÃO;0;;
101;1519;107539;1519;101.107539;CATEGORIA0;;1;1;0;1;;SENSOR DE TEMPERATURA DO LÍQUIDO DE REFRIGERAÇÃO;SENSOR DE TEMPERATURA DO LÍQUIDO DE REFRIGERAÇÃO;0;;
101;1519;10754;1519;101.10754;CATEGORIA0;;1;1;0;1;;DISCO DE TRAVÃO;DISCO DE TRAVÃO;0;;
101;1519;107540;1519;101.107540;CATEGORIA0;;1;1;0;1;;SENSOR DE TEMPERATURA DO LÍQUIDO DE REFRIGERAÇÃO;SENSOR DE TEMPERATURA DO LÍQUIDO DE REFRIGERAÇÃO;0;;
101;1519;107544;1519;101.107544;CATEGORIA0;;1;1;0;1;;SENSOR DE TEMPERATURA DO LÍQUIDO DE REFRIGERAÇÃO;SENSOR DE TEMPERATURA DO LÍQUIDO DE REFRIGERAÇÃO;0;;
101;1519;107546;1519;101.107546;CATEGORIA0;;1;1;0;1;;TUBO DO RADIADOR;TUBO DO RADIADOR;0;;
101;1519;107547;1519;101.107547;CATEGORIA0;;1;1;0;1;;TUBO DO RADIADOR;TUBO DO RADIADOR;0;;
101;1519;107548;1519;101.107548;CATEGORIA0;;1;1;0;1;;TUBO DO RADIADOR;TUBO DO RADIADOR;0;;
101;1519;107549;1519;101.107549;CATEGORIA0;;1;1;0;1;;TUBO DO RADIADOR;TUBO DO RADIADOR;0;;
101;1519;10755;1519;101.10755;CATEGORIA0;;1;1;0;1;;DISCO DE TRAVÃO;DISCO DE TRAVÃO;0;;
101;1519;107550;1519;101.107550;CATEGORIA0;;1;1;0;1;;TUBO DO RADIADOR;TUBO DO RADIADOR;0;;
101;1519;107551;1519;101.107551;CATEGORIA0;;1;1;0;1;;TUBO DO RADIADOR;TUBO DO RADIADOR;0;;
101;1519;107552;1519;101.107552;CATEGORIA0;;1;1;0;1;;TUBO DO RADIADOR;TUBO DO RADIADOR;0;;
101;1519;107553;1519;101.107553;CATEGORIA0;;1;1;0;1;;TUBO DO RADIADOR;TUBO DO RADIADOR;0;;
101;1519;107554;1519;101.107554;CATEGORIA0;;1;1;0;1;;TUBO DO RADIADOR;TUBO DO RADIADOR;0;;
101;1519;107555;1519;101.107555;CATEGORIA0;;1;1;0;1;;TUBO DO RADIADOR;TUBO DO RADIADOR;0;;
101;1519;107556;1519;101.107556;CATEGORIA0;;1;1;0;1;;SUPORTE PARA ESPELHO;SUPORTE PARA ESPELHO;0;;
101;1519;107557;1519;101.107557;CATEGORIA0;;1;1;0;1;;TUBO DO RADIADOR;TUBO DO RADIADOR;0;;
101;1519;107558;1519;101.107558;CATEGORIA0;;1;1;0;1;;BOMBA DE COMBUSTÍVEL;BOMBA DE COMBUSTÍVEL;0;;
101;1519;107559;1519;101.107559;CATEGORIA0;;1;1;0;1;;BOMBA DE ÁGUA;BOMBA DE ÁGUA;0;;
101;1519;10756;1519;101.10756;CATEGORIA0;;1;1;0;1;;BARRA INTERMÉDIA DE DIREÇÃO;BARRA INTERMÉDIA DE DIREÇÃO;0;;
101;1519;107560;1519;101.107560;CATEGORIA0;;1;1;0;1;;TUBO DE TRAVÃO;TUBO DE TRAVÃO;0;;
101;1519;107569;1519;101.107569;CATEGORIA0;;1;1;0;1;;CASQUILHO DO BRAÇO OSCILANTE;CASQUILHO DO BRAÇO OSCILANTE;0;;
101;1519;107570;1519;101.107570;CATEGORIA0;;1;1;0;1;;TUBO DO RADIADOR;TUBO DO RADIADOR;0;;
101;1519;107571;1519;101.107571;CATEGORIA0;;1;1;0;1;;RETENTOR DO VEIO;RETENTOR DO VEIO;0;;
101;1519;107572;1519;101.107572;CATEGORIA0;;1;1;0;1;;SENSOR DE ABS;SENSOR DE ABS;0;;
101;1519;107573;1519;101.107573;CATEGORIA0;;1;1;0;1;;INTERRUPTOR DE LUZ;INTERRUPTOR DE LUZ;0;;
101;1519;107574;1519;101.107574;CATEGORIA0;;1;1;0;1;;CABO;CABO;0;;
101;1519;107575;1519;101.107575;CATEGORIA0;;1;1;0;1;;ROLAMENTO CENTRAL DE VEIO DE TRANSMISSÃO;ROLAMENTO CENTRAL DE VEIO DE TRANSMISSÃO;0;;
101;1519;107576;1519;101.107576;CATEGORIA0;;1;1;0;1;;ROLAMENTO CENTRAL DE VEIO DE TRANSMISSÃO;ROLAMENTO CENTRAL DE VEIO DE TRANSMISSÃO;0;;
101;1519;107577;1519;101.107577;CATEGORIA0;;1;1;0;1;;ROLAMENTO CENTRAL DE VEIO DE TRANSMISSÃO;ROLAMENTO CENTRAL DE VEIO DE TRANSMISSÃO;0;;
101;1519;107578;1519;101.107578;CATEGORIA0;;1;1;0;1;;ROLAMENTO CENTRAL DE VEIO DE TRANSMISSÃO;ROLAMENTO CENTRAL DE VEIO DE TRANSMISSÃO;0;;
101;1519;107579;1519;101.107579;CATEGORIA0;;1;1;0;1;;ROLAMENTO CENTRAL DE VEIO DE TRANSMISSÃO;ROLAMENTO CENTRAL DE VEIO DE TRANSMISSÃO;0;;
101;1519;107580;1519;101.107580;CATEGORIA0;;1;1;0;1;;ROLAMENTO CENTRAL DE VEIO DE TRANSMISSÃO;ROLAMENTO CENTRAL DE VEIO DE TRANSMISSÃO;0;;
101;1519;107581;1519;101.107581;CATEGORIA0;;1;1;0;1;;ROLAMENTO CENTRAL DE VEIO DE TRANSMISSÃO;ROLAMENTO CENTRAL DE VEIO DE TRANSMISSÃO;0;;
101;1519;107582;1519;101.107582;CATEGORIA0;;1;1;0;1;;SENSOR DE ABS;SENSOR DE ABS;0;;
101;1519;107583;1519;101.107583;CATEGORIA0;;1;1;0;1;;SENSOR DE ABS;SENSOR DE ABS;0;;
101;1519;107584;1519;101.107584;CATEGORIA0;;1;1;0;1;;SONDA LAMBDA;SONDA LAMBDA;0;;
101;1519;107586;1519;101.107586;CATEGORIA0;;1;1;0;1;;SONDA LAMBDA;SONDA LAMBDA;0;;
101;1519;107587;1519;101.107587;CATEGORIA0;;1;1;0;1;;SONDA LAMBDA;SONDA LAMBDA;0;;
101;1519;107589;1519;101.107589;CATEGORIA0;;1;1;0;1;;SONDA LAMBDA;SONDA LAMBDA;0;;
101;1519;107590;1519;101.107590;CATEGORIA0;;1;1;0;1;;SONDA LAMBDA;SONDA LAMBDA;0;;
101;1519;107591;1519;101.107591;CATEGORIA0;;1;1;0;1;;SONDA LAMBDA;SONDA LAMBDA;0;;
101;1519;107592;1519;101.107592;CATEGORIA0;;1;1;0;1;;SONDA LAMBDA;SONDA LAMBDA;0;;
101;1519;107593;1519;101.107593;CATEGORIA0;;1;1;0;1;;SONDA LAMBDA;SONDA LAMBDA;0;;
101;1519;107594;1519;101.107594;CATEGORIA0;;1;1;0;1;;SONDA LAMBDA;SONDA LAMBDA;0;;
101;1519;107595;1519;101.107595;CATEGORIA0;;1;1;0;1;;SONDA LAMBDA;SONDA LAMBDA;0;;
101;1519;107596;1519;101.107596;CATEGORIA0;;1;1;0;1;;SONDA LAMBDA;SONDA LAMBDA;0;;
101;1519;107597;1519;101.107597;CATEGORIA0;;1;1;0;1;;SONDA LAMBDA;SONDA LAMBDA;0;;
101;1519;107598;1519;101.107598;CATEGORIA0;;1;1;0;1;;SONDA LAMBDA;SONDA LAMBDA;0;;
101;1519;10760;1519;101.10760;CATEGORIA0;;1;1;0;1;;POLIE DE DESVIO;POLIE DE DESVIO;0;;
101;1519;107600;1519;101.107600;CATEGORIA0;;1;1;0;1;;SONDA LAMBDA;SONDA LAMBDA;0;;
101;1519;107601;1519;101.107601;CATEGORIA0;;1;1;0;1;;SONDA LAMBDA;SONDA LAMBDA;0;;
101;1519;107602;1519;101.107602;CATEGORIA0;;1;1;0;1;;SONDA LAMBDA;SONDA LAMBDA;0;;
101;1519;107603;1519;101.107603;CATEGORIA0;;1;1;0;1;;SONDA LAMBDA;SONDA LAMBDA;0;;
101;1519;107606;1519;101.107606;CATEGORIA0;;1;1;0;1;;SONDA LAMBDA;SONDA LAMBDA;0;;
101;1519;107608;1519;101.107608;CATEGORIA0;;1;1;0;1;;SONDA LAMBDA;SONDA LAMBDA;0;;
101;1519;107609;1519;101.107609;CATEGORIA0;;1;1;0;1;;SONDA LAMBDA;SONDA LAMBDA;0;;
101;1519;10761;1519;101.10761;CATEGORIA0;;1;1;0;1;;CAVILHA DE MOLA;CAVILHA DE MOLA;0;;
101;1519;107610;1519;101.107610;CATEGORIA0;;1;1;0;1;;FOLE DE MOLA PNEUMÁTICA;FOLE DE MOLA PNEUMÁTICA;0;;
101;1519;107611;1519;101.107611;CATEGORIA0;;1;1;0;1;;TUBO FLEXÍVEL HIDRÁULICO;TUBO FLEXÍVEL HIDRÁULICO;0;;
101;1519;107612;1519;101.107612;CATEGORIA0;;1;1;0;1;;SENSOR DE ABS;SENSOR DE ABS;0;;
101;1519;107613;1519;101.107613;CATEGORIA0;;1;1;0;1;;SENSOR DE ABS;SENSOR DE ABS;0;;
101;1519;107614;1519;101.107614;CATEGORIA0;;1;1;0;1;;SENSOR DE ABS;SENSOR DE ABS;0;;
101;1519;107615;1519;101.107615;CATEGORIA0;;1;1;0;1;;POLIE DO ALTERNADOR COM EMBRAIAGEM;POLIE DO ALTERNADOR COM EMBRAIAGEM;0;;
101;1519;107616;1519;101.107616;CATEGORIA0;;1;1;0;1;;VENTOINHA DO RADIADOR;VENTOINHA DO RADIADOR;0;;
101;1519;107617;1519;101.107617;CATEGORIA0;;1;1;0;1;;FILTRO HIDRÁULICO;FILTRO HIDRÁULICO;0;;
101;1519;107618;1519;101.107618;CATEGORIA0;;1;1;0;1;;CONJUNTO DO FILTRO DE AR;CONJUNTO DO FILTRO DE AR;0;;
101;1519;107619;1519;101.107619;CATEGORIA0;;1;1;0;1;;FILTRO DE CARBAMIDA;FILTRO DE CARBAMIDA;0;;
101;1519;107621;1519;101.107621;CATEGORIA0;;1;1;0;1;;TUBO DO RADIADOR;TUBO DO RADIADOR;0;;
101;1519;107622;1519;101.107622;CATEGORIA0;;1;1;0;1;;BOMBA DA DIREÇÃO ASSISTIDA;BOMBA DA DIREÇÃO ASSISTIDA;0;;
101;1519;107623;1519;101.107623;CATEGORIA0;;1;1;0;1;;SENSOR DE TEMPERATURA DO LÍQUIDO DE REFRIGERAÇÃO;SENSOR DE TEMPERATURA DO LÍQUIDO DE REFRIGERAÇÃO;0;;
101;1519;107624;1519;101.107624;CATEGORIA0;;1;1;0;1;;TUBO DO RADIADOR;TUBO DO RADIADOR;0;;
101;1519;107625;1519;101.107625;CATEGORIA0;;1;1;0;1;;TUBO DO RADIADOR;TUBO DO RADIADOR;0;;
101;1519;107626;1519;101.107626;CATEGORIA0;;1;1;0;1;;CASQUILHO DA MOLA DE SUSPENSÃO;CASQUILHO DA MOLA DE SUSPENSÃO;0;;
101;1519;107627;1519;101.107627;CATEGORIA0;;1;1;0;1;;CASQUILHO DA BARRA ESTABILIZADORA;CASQUILHO DA BARRA ESTABILIZADORA;0;;
101;1519;107628;1519;101.107628;CATEGORIA0;;1;1;0;1;;SENSOR DE ABS;SENSOR DE ABS;0;;
101;1519;107629;1519;101.107629;CATEGORIA0;;1;1;0;1;;SENSOR DE ABS;SENSOR DE ABS;0;;
101;1519;107630;1519;101.107630;CATEGORIA0;;1;1;0;1;;SENSOR DE ABS;SENSOR DE ABS;0;;
101;1519;107631;1519;101.107631;CATEGORIA0;;1;1;0;1;;SENSOR DE ABS;SENSOR DE ABS;0;;
101;1519;107632;1519;101.107632;CATEGORIA0;;1;1;0;1;;CABEÇA DE DIREÇÃO INTERIOR;CABEÇA DE DIREÇÃO INTERIOR;0;;
101;1519;107633;1519;101.107633;CATEGORIA0;;1;1;0;1;;TUBO DO RADIADOR;TUBO DO RADIADOR;0;;
101;1519;107634;1519;101.107634;CATEGORIA0;;1;1;0;1;;TUBO DO RADIADOR;TUBO DO RADIADOR;0;;
101;1519;107635;1519;101.107635;CATEGORIA0;;1;1;0;1;;COMPRESSOR DO TRAVÃO;COMPRESSOR DO TRAVÃO;0;;
101;1519;107637;1519;101.107637;CATEGORIA0;;1;1;0;1;;JOGO DE REP. VÁLVULA DE LÂMINAS;JOGO DE REP. VÁLVULA DE LÂMINAS;0;;
101;1519;107638;1519;101.107638;CATEGORIA0;;1;1;0;1;;PISTÃO;PISTÃO;0;;
101;1519;107639;1519;101.107639;CATEGORIA0;;1;1;0;1;;PISTÃO DE SOBREMEDIDA;PISTÃO DE SOBREMEDIDA;0;;
101;1519;107640;1519;101.107640;CATEGORIA0;;1;1;0;1;;BIELA;BIELA;0;;
101;1519;107641;1519;101.107641;CATEGORIA0;;1;1;0;1;;SENSOR DE ABS;SENSOR DE ABS;0;;
101;1519;107642;1519;101.107642;CATEGORIA0;;1;1;0;1;;JUNTA DE TAMPA DE VÁLVULAS;JUNTA DE TAMPA DE VÁLVULAS;0;;
101;1519;107646;1519;101.107646;CATEGORIA0;;1;1;0;1;;TUBO DO RADIADOR;TUBO DO RADIADOR;0;;
101;1519;107647;1519;101.107647;CATEGORIA0;;1;1;0;1;;TUBO DO RADIADOR;TUBO DO RADIADOR;0;;
101;1519;107648;1519;101.107648;CATEGORIA0;;1;1;0;1;;TUBO DO RADIADOR;TUBO DO RADIADOR;0;;
101;1519;107649;1519;101.107649;CATEGORIA0;;1;1;0;1;;BOMBA DE ÁGUA;BOMBA DE ÁGUA;0;;
101;1519;107650;1519;101.107650;CATEGORIA0;;1;1;0;1;;BOMBA DE ÁGUA;BOMBA DE ÁGUA;0;;
101;1519;107651;1519;101.107651;CATEGORIA0;;1;1;0;1;;RADIADOR DE ÓLEO;RADIADOR DE ÓLEO;0;;
101;1519;107652;1519;101.107652;CATEGORIA0;;1;1;0;1;;RADIADOR DE ÓLEO;RADIADOR DE ÓLEO;0;;
101;1519;107653;1519;101.107653;CATEGORIA0;;1;1;0;1;;RADIADOR DE ÓLEO;RADIADOR DE ÓLEO;0;;
101;1519;107654;1519;101.107654;CATEGORIA0;;1;1;0;1;;RADIADOR DE ÓLEO;RADIADOR DE ÓLEO;0;;
101;1519;107655;1519;101.107655;CATEGORIA0;;1;1;0;1;;MOTOR DE ELEVADOR DE VIDROS ELÉTRICO;MOTOR DE ELEVADOR DE VIDROS ELÉTRICO;0;;
101;1519;107656;1519;101.107656;CATEGORIA0;;1;1;0;1;;MOTOR DE ELEVADOR DE VIDROS ELÉTRICO;MOTOR DE ELEVADOR DE VIDROS ELÉTRICO;0;;
101;1519;107657;1519;101.107657;CATEGORIA0;;1;1;0;1;;TERMÓSTATO;TERMÓSTATO;0;;
101;1519;107658;1519;101.107658;CATEGORIA0;;1;1;0;1;;SENSOR DE ABS;SENSOR DE ABS;0;;
101;1519;107659;1519;101.107659;CATEGORIA0;;1;1;0;1;;SENSOR DE ABS;SENSOR DE ABS;0;;
101;1519;107660;1519;101.107660;CATEGORIA0;;1;1;0;1;;SENSOR DE ABS;SENSOR DE ABS;0;;
101;1519;107661;1519;101.107661;CATEGORIA0;;1;1;0;1;;SENSOR DE ABS;SENSOR DE ABS;0;;
101;1519;107662;1519;101.107662;CATEGORIA0;;1;1;0;1;;SERVO-EMBRAIAGEM;SERVO-EMBRAIAGEM;0;;
101;1519;107663;1519;101.107663;CATEGORIA0;;1;1;0;1;;RETENTOR DA CAMBOTA;RETENTOR DA CAMBOTA;0;;
101;1519;107664;1519;101.107664;CATEGORIA0;;1;1;0;1;;VÁLVULA DE EXPANSÃO;VÁLVULA DE EXPANSÃO;0;;
101;1519;107665;1519;101.107665;CATEGORIA0;;1;1;0;1;;SENSOR DA TEMPERATURA DOS GASES DE ESCAPE;SENSOR DA TEMPERATURA DOS GASES DE ESCAPE;0;;
101;1519;107666;1519;101.107666;CATEGORIA0;;1;1;0;1;;RADIADOR DE ÓLEO;RADIADOR DE ÓLEO;0;;
101;1519;107667;1519;101.107667;CATEGORIA0;;1;1;0;1;;VÁLVULA DE EXPANSÃO;VÁLVULA DE EXPANSÃO;0;;
101;1519;107668;1519;101.107668;CATEGORIA0;;1;1;0;1;;RETENTOR DA CAMBOTA;RETENTOR DA CAMBOTA;0;;
101;1519;107669;1519;101.107669;CATEGORIA0;;1;1;0;1;;LIMITADOR DA PORTA;LIMITADOR DA PORTA;0;;
101;1519;107670;1519;101.107670;CATEGORIA0;;1;1;0;1;;RETENTOR DO VEIO;RETENTOR DO VEIO;0;;
101;1519;107671;1519;101.107671;CATEGORIA0;;1;1;0;1;;AMORTECEDOR DE CABINA;AMORTECEDOR DE CABINA;0;;
101;1519;107672;1519;101.107672;CATEGORIA0;;1;1;0;1;;SENSOR DE ABS;SENSOR DE ABS;0;;
101;1519;107673;1519;101.107673;CATEGORIA0;;1;1;0;1;;ROLAMENTO PILOTO;ROLAMENTO PILOTO;0;;
101;1519;107674;1519;101.107674;CATEGORIA0;;1;1;0;1;;CASQUILHO;CASQUILHO;0;;
101;1519;107675;1519;101.107675;CATEGORIA0;;1;1;0;1;;JOGO DE REP. SUPORTE DE CABINA DO MOTORISTA;JOGO DE REP. SUPORTE DE CABINA DO MOTORISTA;0;;
101;1519;107676;1519;101.107676;CATEGORIA0;;1;1;0;1;;APOIO DO AMORTECEDOR;APOIO DO AMORTECEDOR;0;;
101;1519;107677;1519;101.107677;CATEGORIA0;;1;1;0;1;;APOIO DA BARRA TRANSVERSAL;APOIO DA BARRA TRANSVERSAL;0;;
101;1519;107678;1519;101.107678;CATEGORIA0;;1;1;0;1;;SUPORTE DE BORRACHA PARA ESCAPE;SUPORTE DE BORRACHA PARA ESCAPE;0;;
101;1519;107679;1519;101.107679;CATEGORIA0;;1;1;0;1;;APOIO DO RADIADOR;APOIO DO RADIADOR;0;;
101;1519;107680;1519;101.107680;CATEGORIA0;;1;1;0;1;;ROLAMENTO PILOTO;ROLAMENTO PILOTO;0;;
101;1519;107682;1519;101.107682;CATEGORIA0;;1;1;0;1;;BOMBA DE COMBUSTÍVEL MANUAL;BOMBA DE COMBUSTÍVEL MANUAL;0;;
101;1519;107683;1519;101.107683;CATEGORIA0;;1;1;0;1;;FILTRO DE AR;FILTRO DE AR;0;;
101;1519;107684;1519;101.107684;CATEGORIA0;;1;1;0;1;;AMORTECEDOR DE CABINA;AMORTECEDOR DE CABINA;0;;
101;1519;107685;1519;101.107685;CATEGORIA0;;1;1;0;1;;SENSOR DE TEMPERATURA DO LÍQUIDO DE REFRIGERAÇÃO;SENSOR DE TEMPERATURA DO LÍQUIDO DE REFRIGERAÇÃO;0;;
101;1519;107686;1519;101.107686;CATEGORIA0;;1;1;0;1;;APOIO DE MOTOR;APOIO DE MOTOR;0;;
101;1519;107687;1519;101.107687;CATEGORIA0;;1;1;0;1;;TUBO;TUBO;0;;
101;1519;107688;1519;101.107688;CATEGORIA0;;1;1;0;1;;CONE;CONE;0;;
101;1519;107689;1519;101.107689;CATEGORIA0;;1;1;0;1;;CONE;CONE;0;;
101;1519;107690;1519;101.107690;CATEGORIA0;;1;1;0;1;;CONE;CONE;0;;
101;1519;107691;1519;101.107691;CATEGORIA0;;1;1;0;1;;KIT DE CORRENTE DE DISTRIBUIÇÃO;KIT DE CORRENTE DE DISTRIBUIÇÃO;0;;
101;1519;107692;1519;101.107692;CATEGORIA0;;1;1;0;1;;JUNTA FLEXÍVEL;JUNTA FLEXÍVEL;0;;
101;1519;107693;1519;101.107693;CATEGORIA0;;1;1;0;1;;SENSOR DE ABS;SENSOR DE ABS;0;;
101;1519;107694;1519;101.107694;CATEGORIA0;;1;1;0;1;;CONCÊNTRICO DE EMBRAIAGEM;CONCÊNTRICO DE EMBRAIAGEM;0;;
101;1519;107695;1519;101.107695;CATEGORIA0;;1;1;0;1;;KIT DE EMBRAIAGEM;KIT DE EMBRAIAGEM;0;;
101;1519;107696;1519;101.107696;CATEGORIA0;;1;1;0;1;;PARAFUSO DE CABEÇA SEXTAVADA;PARAFUSO DE CABEÇA SEXTAVADA;0;;
101;1519;107698;1519;101.107698;CATEGORIA0;;1;1;0;1;;TERMÓSTATO;TERMÓSTATO;0;;
101;1519;107700;1519;101.107700;CATEGORIA0;;1;1;0;1;;TERMÓSTATO;TERMÓSTATO;0;;
101;1519;107701;1519;101.107701;CATEGORIA0;;1;1;0;1;;TERMÓSTATO;TERMÓSTATO;0;;
101;1519;107702;1519;101.107702;CATEGORIA0;;1;1;0;1;;TERMÓSTATO;TERMÓSTATO;0;;
101;1519;107705;1519;101.107705;CATEGORIA0;;1;1;0;1;;ACOPLAMENTO VISCOSO;ACOPLAMENTO VISCOSO;0;;
101;1519;107707;1519;101.107707;CATEGORIA0;;1;1;0;1;;TERMÓSTATO;TERMÓSTATO;0;;
101;1519;107709;1519;101.107709;CATEGORIA0;;1;1;0;1;;RADIADOR DE GASES DE ESCAPE;RADIADOR DE GASES DE ESCAPE;0;;
101;1519;107710;1519;101.107710;CATEGORIA0;;1;1;0;1;;DISCO DE TRAVÃO;DISCO DE TRAVÃO;0;;
101;1519;107711;1519;101.107711;CATEGORIA0;;1;1;0;1;;DISCO DE TRAVÃO;DISCO DE TRAVÃO;0;;
101;1519;107712;1519;101.107712;CATEGORIA0;;1;1;0;1;;DISCO DE TRAVÃO;DISCO DE TRAVÃO;0;;
101;1519;107713;1519;101.107713;CATEGORIA0;;1;1;0;1;;DISCO DE TRAVÃO;DISCO DE TRAVÃO;0;;
101;1519;107714;1519;101.107714;CATEGORIA0;;1;1;0;1;;DISCO DE TRAVÃO;DISCO DE TRAVÃO;0;;
101;1519;107715;1519;101.107715;CATEGORIA0;;1;1;0;1;;DISCO DE TRAVÃO;DISCO DE TRAVÃO;0;;
101;1519;107716;1519;101.107716;CATEGORIA0;;1;1;0;1;;DISCO DE TRAVÃO;DISCO DE TRAVÃO;0;;
101;1519;107717;1519;101.107717;CATEGORIA0;;1;1;0;1;;DISCO DE TRAVÃO;DISCO DE TRAVÃO;0;;
101;1519;107718;1519;101.107718;CATEGORIA0;;1;1;0;1;;DISCO DE TRAVÃO;DISCO DE TRAVÃO;0;;
101;1519;107719;1519;101.107719;CATEGORIA0;;1;1;0;1;;DISCO DE TRAVÃO;DISCO DE TRAVÃO;0;;
101;1519;107720;1519;101.107720;CATEGORIA0;;1;1;0;1;;DISCO DE TRAVÃO;DISCO DE TRAVÃO;0;;
101;1519;107721;1519;101.107721;CATEGORIA0;;1;1;0;1;;DISCO DE TRAVÃO;DISCO DE TRAVÃO;0;;
101;1519;107722;1519;101.107722;CATEGORIA0;;1;1;0;1;;DISCO DE TRAVÃO;DISCO DE TRAVÃO;0;;
101;1519;107723;1519;101.107723;CATEGORIA0;;1;1;0;1;;DISCO DE TRAVÃO;DISCO DE TRAVÃO;0;;
101;1519;107724;1519;101.107724;CATEGORIA0;;1;1;0;1;;DISCO DE TRAVÃO;DISCO DE TRAVÃO;0;;
101;1519;107725;1519;101.107725;CATEGORIA0;;1;1;0;1;;DISCO DE TRAVÃO;DISCO DE TRAVÃO;0;;
101;1519;107726;1519;101.107726;CATEGORIA0;;1;1;0;1;;DISCO DE TRAVÃO;DISCO DE TRAVÃO;0;;
101;1519;107727;1519;101.107727;CATEGORIA0;;1;1;0;1;;DISCO DE TRAVÃO;DISCO DE TRAVÃO;0;;
101;1519;107728;1519;101.107728;CATEGORIA0;;1;1;0;1;;DISCO DE TRAVÃO;DISCO DE TRAVÃO;0;;
101;1519;107729;1519;101.107729;CATEGORIA0;;1;1;0;1;;DISCO DE TRAVÃO;DISCO DE TRAVÃO;0;;
101;1519;10773;1519;101.10773;CATEGORIA0;;1;1;0;1;;DISCO DE TRAVÃO;DISCO DE TRAVÃO;0;;
101;1519;107730;1519;101.107730;CATEGORIA0;;1;1;0;1;;DISCO DE TRAVÃO;DISCO DE TRAVÃO;0;;
101;1519;107731;1519;101.107731;CATEGORIA0;;1;1;0;1;;CORRENTE;CORRENTE;0;;
101;1519;107732;1519;101.107732;CATEGORIA0;;1;1;0;1;;TUBO FLEXÍVEL HIDRÁULICO;TUBO FLEXÍVEL HIDRÁULICO;0;;
101;1519;107733;1519;101.107733;CATEGORIA0;;1;1;0;1;;SENSOR DE ABS;SENSOR DE ABS;0;;
101;1519;107734;1519;101.107734;CATEGORIA0;;1;1;0;1;;SENSOR DE ABS;SENSOR DE ABS;0;;
101;1519;107735;1519;101.107735;CATEGORIA0;;1;1;0;1;;SENSOR DE ABS;SENSOR DE ABS;0;;
101;1519;107736;1519;101.107736;CATEGORIA0;;1;1;0;1;;RÓTULA;RÓTULA;0;;
101;1519;107737;1519;101.107737;CATEGORIA0;;1;1;0;1;;RÓTULA;RÓTULA;0;;
101;1519;107738;1519;101.107738;CATEGORIA0;;1;1;0;1;;APOIO DE MOTOR;APOIO DE MOTOR;0;;
101;1519;107739;1519;101.107739;CATEGORIA0;;1;1;0;1;;APOIO DE MOTOR;APOIO DE MOTOR;0;;
101;1519;107740;1519;101.107740;CATEGORIA0;;1;1;0;1;;BOMBA DO ÓLEO;BOMBA DO ÓLEO;0;;
101;1519;107741;1519;101.107741;CATEGORIA0;;1;1;0;1;;BOMBA DO ÓLEO;BOMBA DO ÓLEO;0;;
101;1519;107742;1519;101.107742;CATEGORIA0;;1;1;0;1;;CASQUILHO DO BRAÇO OSCILANTE;CASQUILHO DO BRAÇO OSCILANTE;0;;
101;1519;107743;1519;101.107743;CATEGORIA0;;1;1;0;1;;SENSOR DE ABS;SENSOR DE ABS;0;;
101;1519;107744;1519;101.107744;CATEGORIA0;;1;1;0;1;;SENSOR DE ABS;SENSOR DE ABS;0;;
101;1519;107745;1519;101.107745;CATEGORIA0;;1;1;0;1;;PINO DA RODA;PINO DA RODA;0;;
101;1519;107746;1519;101.107746;CATEGORIA0;;1;1;0;1;;SENSOR DE ABS;SENSOR DE ABS;0;;
101;1519;107747;1519;101.107747;CATEGORIA0;;1;1;0;1;;BOBINA DE IGNIÇÃO;BOBINA DE IGNIÇÃO;0;;
101;1519;107748;1519;101.107748;CATEGORIA0;;1;1;0;1;;SENSOR DE IGNIÇÃO;SENSOR DE IGNIÇÃO;0;;
101;1519;107749;1519;101.107749;CATEGORIA0;;1;1;0;1;;INTERRUPTOR DE PRESSÃO DE ÓLEO;INTERRUPTOR DE PRESSÃO DE ÓLEO;0;;
101;1519;107751;1519;101.107751;CATEGORIA0;;1;1;0;1;;SENSOR DA CAMBOTA;SENSOR DA CAMBOTA;0;;
101;1519;107752;1519;101.107752;CATEGORIA0;;1;1;0;1;;SENSOR DE POSIÇÃO DA ÁRVORE DE CAMES;SENSOR DE POSIÇÃO DA ÁRVORE DE CAMES;0;;
101;1519;107753;1519;101.107753;CATEGORIA0;;1;1;0;1;;SENSOR DA CAMBOTA;SENSOR DA CAMBOTA;0;;
101;1519;107754;1519;101.107754;CATEGORIA0;;1;1;0;1;;SENSOR DA CAMBOTA;SENSOR DA CAMBOTA;0;;
101;1519;107755;1519;101.107755;CATEGORIA0;;1;1;0;1;;SENSOR DA CAMBOTA;SENSOR DA CAMBOTA;0;;
101;1519;107756;1519;101.107756;CATEGORIA0;;1;1;0;1;;SENSOR DE POSIÇÃO DA ÁRVORE DE CAMES;SENSOR DE POSIÇÃO DA ÁRVORE DE CAMES;0;;
101;1519;107757;1519;101.107757;CATEGORIA0;;1;1;0;1;;SENSOR DA CAMBOTA;SENSOR DA CAMBOTA;0;;
101;1519;107758;1519;101.107758;CATEGORIA0;;1;1;0;1;;SENSOR DA CAMBOTA;SENSOR DA CAMBOTA;0;;
101;1519;107759;1519;101.107759;CATEGORIA0;;1;1;0;1;;BOBINA DE IGNIÇÃO;BOBINA DE IGNIÇÃO;0;;
101;1519;107761;1519;101.107761;CATEGORIA0;;1;1;0;1;;SENSOR DA CAMBOTA;SENSOR DA CAMBOTA;0;;
101;1519;107764;1519;101.107764;CATEGORIA0;;1;1;0;1;;BOBINA DE IGNIÇÃO;BOBINA DE IGNIÇÃO;0;;
101;1519;107765;1519;101.107765;CATEGORIA0;;1;1;0;1;;SENSOR DA CAMBOTA;SENSOR DA CAMBOTA;0;;
101;1519;107766;1519;101.107766;CATEGORIA0;;1;1;0;1;;SENSOR DE POSIÇÃO DA ÁRVORE DE CAMES;SENSOR DE POSIÇÃO DA ÁRVORE DE CAMES;0;;
101;1519;107767;1519;101.107767;CATEGORIA0;;1;1;0;1;;INTERRUPTOR DE PRESSÃO DE ÓLEO;INTERRUPTOR DE PRESSÃO DE ÓLEO;0;;
101;1519;107768;1519;101.107768;CATEGORIA0;;1;1;0;1;;SENSOR DA CAMBOTA;SENSOR DA CAMBOTA;0;;
101;1519;107769;1519;101.107769;CATEGORIA0;;1;1;0;1;;SENSOR DA CAMBOTA;SENSOR DA CAMBOTA;0;;
101;1519;107770;1519;101.107770;CATEGORIA0;;1;1;0;1;;BUZINA;BUZINA;0;;
101;1519;107771;1519;101.107771;CATEGORIA0;;1;1;0;1;;BUZINA;BUZINA;0;;
101;1519;107772;1519;101.107772;CATEGORIA0;;1;1;0;1;;BUZINA;BUZINA;0;;
101;1519;107773;1519;101.107773;CATEGORIA0;;1;1;0;1;;BUZINA;BUZINA;0;;
101;1519;107774;1519;101.107774;CATEGORIA0;;1;1;0;1;;BUZINA;BUZINA;0;;
101;1519;107775;1519;101.107775;CATEGORIA0;;1;1;0;1;;BUZINA;BUZINA;0;;
101;1519;107776;1519;101.107776;CATEGORIA0;;1;1;0;1;;APOIO DA BARRA TRANSVERSAL;APOIO DA BARRA TRANSVERSAL;0;;
101;1519;107777;1519;101.107777;CATEGORIA0;;1;1;0;1;;ROLAMENTO CENTRAL DE VEIO DE TRANSMISSÃO;ROLAMENTO CENTRAL DE VEIO DE TRANSMISSÃO;0;;
101;1519;107777+;1519;107777;CATEGORIA0;;1;1;0;1;;SUSPENSÃO, VEIO DE TRANSMISSÃO;SUSPENSÃO, VEIO DE TRANSMISSÃO;0;;
101;1519;107779;1519;101.107779;CATEGORIA0;;1;1;0;1;;CASQUILHO DO BRAÇO OSCILANTE;CASQUILHO DO BRAÇO OSCILANTE;0;;
101;1519;107780;1519;101.107780;CATEGORIA0;;1;1;0;1;;APOIO DE TRANSMISSÃO;APOIO DE TRANSMISSÃO;0;;
101;1519;107781;1519;101.107781;CATEGORIA0;;1;1;0;1;;JUNTA;JUNTA;0;;
101;1519;107782;1519;101.107782;CATEGORIA0;;1;1;0;1;;VÁLVULA EGR;VÁLVULA EGR;0;;
101;1519;107783;1519;101.107783;CATEGORIA0;;1;1;0;1;;VÁLVULA EGR;VÁLVULA EGR;0;;
101;1519;107784;1519;101.107784;CATEGORIA0;;1;1;0;1;;VÁLVULA EGR;VÁLVULA EGR;0;;
101;1519;107785;1519;101.107785;CATEGORIA0;;1;1;0;1;;VÁLVULA EGR;VÁLVULA EGR;0;;
101;1519;107786;1519;101.107786;CATEGORIA0;;1;1;0;1;;VÁLVULA EGR;VÁLVULA EGR;0;;
101;1519;107787;1519;101.107787;CATEGORIA0;;1;1;0;1;;VÁLVULA EGR;VÁLVULA EGR;0;;
101;1519;107788;1519;101.107788;CATEGORIA0;;1;1;0;1;;JUNTA;JUNTA;0;;
101;1519;107789;1519;101.107789;CATEGORIA0;;1;1;0;1;;JOGO DE JUNTAS;JOGO DE JUNTAS;0;;
101;1519;107790;1519;101.107790;CATEGORIA0;;1;1;0;1;;TENSOR DE CORRENTE;TENSOR DE CORRENTE;0;;
101;1519;107791;1519;101.107791;CATEGORIA0;;1;1;0;1;;INTERRUPTOR DE LUZ DE STOP;INTERRUPTOR DE LUZ DE STOP;0;;
101;1519;107792;1519;101.107792;CATEGORIA0;;1;1;0;1;;INTERRUPTOR DAS LUZES AVISADORAS DE PERIGO;INTERRUPTOR DAS LUZES AVISADORAS DE PERIGO;0;;
101;1519;107793;1519;101.107793;CATEGORIA0;;1;1;0;1;;VÁLVULA DE REGULAÇÃO DA ADMISSÃO;VÁLVULA DE REGULAÇÃO DA ADMISSÃO;0;;
101;1519;107794;1519;101.107794;CATEGORIA0;;1;1;0;1;;INTERRUPTOR;INTERRUPTOR;0;;
101;1519;107795;1519;101.107795;CATEGORIA0;;1;1;0;1;;MOTOR DO LIMPA-VIDROS;MOTOR DO LIMPA-VIDROS;0;;
101;1519;107797;1519;101.107797;CATEGORIA0;;1;1;0;1;;KIT DE CORRENTE DE DISTRIBUIÇÃO;KIT DE CORRENTE DE DISTRIBUIÇÃO;0;;
101;1519;107798;1519;101.107798;CATEGORIA0;;1;1;0;1;;ELEVADOR DE VIDRO;ELEVADOR DE VIDRO;0;;
101;1519;107799;1519;101.107799;CATEGORIA0;;1;1;0;1;;ELEVADOR DE VIDRO;ELEVADOR DE VIDRO;0;;
101;1519;10780;1519;101.10780;CATEGORIA0;;1;1;0;1;;JOGO DE REP. SUPORTE DE CABINA DO MOTORISTA;JOGO DE REP. SUPORTE DE CABINA DO MOTORISTA;0;;
101;1519;107800;1519;101.107800;CATEGORIA0;;1;1;0;1;;ROLAMENTO CENTRAL DE VEIO DE TRANSMISSÃO;ROLAMENTO CENTRAL DE VEIO DE TRANSMISSÃO;0;;
101;1519;107801;1519;101.107801;CATEGORIA0;;1;1;0;1;;ELEVADOR DE VIDRO;ELEVADOR DE VIDRO;0;;
101;1519;107802;1519;101.107802;CATEGORIA0;;1;1;0;1;;ELEVADOR DE VIDRO;ELEVADOR DE VIDRO;0;;
101;1519;107803;1519;101.107803;CATEGORIA0;;1;1;0;1;;RELÉ MULTIFUÇÕES;RELÉ MULTIFUÇÕES;0;;
101;1519;107804;1519;101.107804;CATEGORIA0;;1;1;0;1;;BOMBA DE ÁGUA;BOMBA DE ÁGUA;0;;
101;1519;107805;1519;101.107805;CATEGORIA0;;1;1;0;1;;BOMBA DE ÁGUA;BOMBA DE ÁGUA;0;;
101;1519;107806;1519;101.107806;CATEGORIA0;;1;1;0;1;;BOMBA DE ÁGUA;BOMBA DE ÁGUA;0;;
101;1519;107807;1519;101.107807;CATEGORIA0;;1;1;0;1;;BOMBA DE ÁGUA;BOMBA DE ÁGUA;0;;
101;1519;107808;1519;101.107808;CATEGORIA0;;1;1;0;1;;BOMBA DE ÁGUA;BOMBA DE ÁGUA;0;;
101;1519;107809;1519;101.107809;CATEGORIA0;;1;1;0;1;;BOMBA DE ÁGUA;BOMBA DE ÁGUA;0;;
101;1519;10781;1519;101.10781;CATEGORIA0;;1;1;0;1;;TENSOR DE CORREIA;TENSOR DE CORREIA;0;;
101;1519;107810;1519;101.107810;CATEGORIA0;;1;1;0;1;;FOLE DE MOLA PNEUMÁTICA;FOLE DE MOLA PNEUMÁTICA;0;;
101;1519;107811;1519;101.107811;CATEGORIA0;;1;1;0;1;;BOMBA HIDRÁULICA;BOMBA HIDRÁULICA;0;;
101;1519;107812;1519;101.107812;CATEGORIA0;;1;1;0;1;;VÁLVULA DE DESCARGA;VÁLVULA DE DESCARGA;0;;
101;1519;107813;1519;101.107813;CATEGORIA0;;1;1;0;1;;RADIADOR DE ÓLEO;RADIADOR DE ÓLEO;0;;
101;1519;107814;1519;101.107814;CATEGORIA0;;1;1;0;1;;RADIADOR DE ÓLEO;RADIADOR DE ÓLEO;0;;
101;1519;107815;1519;101.107815;CATEGORIA0;;1;1;0;1;;BOMBA DE COMBUSTÍVEL MANUAL;BOMBA DE COMBUSTÍVEL MANUAL;0;;
101;1519;107817;1519;101.107817;CATEGORIA0;;1;1;0;1;;CAIXA DE FECHADURA DE IGNIÇÃO;CAIXA DE FECHADURA DE IGNIÇÃO;0;;
101;1519;107819;1519;101.107819;CATEGORIA0;;1;1;0;1;;FILTRO DE AR;FILTRO DE AR;0;;
101;1519;10782;1519;101.10782;CATEGORIA0;;1;1;0;1;;JOGO DE REP. BOMBA AUXILIAR DE EMBRAIAGEM;JOGO DE REP. BOMBA AUXILIAR DE EMBRAIAGEM;0;;
101;1519;107820;1519;101.107820;CATEGORIA0;;1;1;0;1;;FILTRO DE ÓLEO;FILTRO DE ÓLEO;0;;
101;1519;107821;1519;101.107821;CATEGORIA0;;1;1;0;1;;FILTRO DE CARBAMIDA;FILTRO DE CARBAMIDA;0;;
101;1519;107822;1519;101.107822;CATEGORIA0;;1;1;0;1;;FILTRO DE ÓLEO;FILTRO DE ÓLEO;0;;
101;1519;107823;1519;101.107823;CATEGORIA0;;1;1;0;1;;CONJUNTO DE FILTROS DO ÓLEO DA TRANSMISSÃO;CONJUNTO DE FILTROS DO ÓLEO DA TRANSMISSÃO;0;;
101;1519;107824;1519;101.107824;CATEGORIA0;;1;1;0;1;;FILTRO DE ÓLEO;FILTRO DE ÓLEO;0;;
101;1519;107825;1519;101.107825;CATEGORIA0;;1;1;0;1;;CONJUNTO DE FILTROS DO ÓLEO DA TRANSMISSÃO;CONJUNTO DE FILTROS DO ÓLEO DA TRANSMISSÃO;0;;
101;1519;107826;1519;101.107826;CATEGORIA0;;1;1;0;1;;FILTRO DE TRANSMISSÃO;FILTRO DE TRANSMISSÃO;0;;
101;1519;107827;1519;101.107827;CATEGORIA0;;1;1;0;1;;FILTRO DE TRANSMISSÃO;FILTRO DE TRANSMISSÃO;0;;
101;1519;107828;1519;101.107828;CATEGORIA0;;1;1;0;1;;CONJUNTO DE FILTROS DO ÓLEO DA TRANSMISSÃO;CONJUNTO DE FILTROS DO ÓLEO DA TRANSMISSÃO;0;;
101;1519;107829;1519;101.107829;CATEGORIA0;;1;1;0;1;;CONJUNTO DE FILTROS DO ÓLEO DA TRANSMISSÃO;CONJUNTO DE FILTROS DO ÓLEO DA TRANSMISSÃO;0;;
101;1519;10783;1519;101.10783;CATEGORIA0;;1;1;0;1;;JOGO DE REP. SUPORTE DE CABINA DO MOTORISTA;JOGO DE REP. SUPORTE DE CABINA DO MOTORISTA;0;;
101;1519;107830;1519;101.107830;CATEGORIA0;;1;1;0;1;;KIT DO FILTRO DE TRANSMISSÃO;KIT DO FILTRO DE TRANSMISSÃO;0;;
101;1519;107831;1519;101.107831;CATEGORIA0;;1;1;0;1;;FILTRO DE AR;FILTRO DE AR;0;;
101;1519;107832;1519;101.107832;CATEGORIA0;;1;1;0;1;;KIT DO FILTRO DE TRANSMISSÃO;KIT DO FILTRO DE TRANSMISSÃO;0;;
101;1519;107833;1519;101.107833;CATEGORIA0;;1;1;0;1;;FILTRO DE HABITÁCULO;FILTRO DE HABITÁCULO;0;;
101;1519;107834;1519;101.107834;CATEGORIA0;;1;1;0;1;;FILTRO DE HABITÁCULO;FILTRO DE HABITÁCULO;0;;
101;1519;107835;1519;101.107835;CATEGORIA0;;1;1;0;1;;CONJUNTO DE FILTROS DO ÓLEO DA TRANSMISSÃO;CONJUNTO DE FILTROS DO ÓLEO DA TRANSMISSÃO;0;;
101;1519;107837;1519;101.107837;CATEGORIA0;;1;1;0;1;;JOGO DE CORRENTES DE DISTRIBUIÇÃO;JOGO DE CORRENTES DE DISTRIBUIÇÃO;0;;
101;1519;107838;1519;101.107838;CATEGORIA0;;1;1;0;1;;POLIE AMORTECEDORA;POLIE AMORTECEDORA;0;;
101;1519;107839;1519;101.107839;CATEGORIA0;;1;1;0;1;;SUPORTE DO DISPOSITIVO AMORTECEDOR;SUPORTE DO DISPOSITIVO AMORTECEDOR;0;;
101;1519;107840;1519;101.107840;CATEGORIA0;;1;1;0;1;;SUPORTE DO DISPOSITIVO AMORTECEDOR;SUPORTE DO DISPOSITIVO AMORTECEDOR;0;;
101;1519;107841;1519;101.107841;CATEGORIA0;;1;1;0;1;;SENSOR DE ABS;SENSOR DE ABS;0;;
101;1519;107842;1519;101.107842;CATEGORIA0;;1;1;0;1;;APOIO DE MOTOR;APOIO DE MOTOR;0;;
101;1519;107845;1519;101.107845;CATEGORIA0;;1;1;0;1;;BRAÇO DE SUSPENSÃO;BRAÇO DE SUSPENSÃO;0;;
101;1519;107846;1519;101.107846;CATEGORIA0;;1;1;0;1;;BRAÇO DE SUSPENSÃO;BRAÇO DE SUSPENSÃO;0;;
101;1519;10785;1519;101.10785;CATEGORIA0;;1;1;0;1;;DISCO DE TRAVÃO;DISCO DE TRAVÃO;0;;
101;1519;107851;1519;101.107851;CATEGORIA0;;1;1;0;1;;BRAÇO DE SUSPENSÃO;BRAÇO DE SUSPENSÃO;0;;
101;1519;107852;1519;101.107852;CATEGORIA0;;1;1;0;1;;BRAÇO DE SUSPENSÃO;BRAÇO DE SUSPENSÃO;0;;
101;1519;107853;1519;101.107853;CATEGORIA0;;1;1;0;1;;RÓTULA;RÓTULA;0;;
101;1519;107857;1519;101.107857;CATEGORIA0;;1;1;0;1;;KIT DE CORRENTE DE DISTRIBUIÇÃO;KIT DE CORRENTE DE DISTRIBUIÇÃO;0;;
101;1519;107858;1519;101.107858;CATEGORIA0;;1;1;0;1;;BORRACHA DE ENCOSTO;BORRACHA DE ENCOSTO;0;;
101;1519;107859;1519;101.107859;CATEGORIA0;;1;1;0;1;;ROLAMENTO CENTRAL DE VEIO DE TRANSMISSÃO;ROLAMENTO CENTRAL DE VEIO DE TRANSMISSÃO;0;;
101;1519;107860;1519;101.107860;CATEGORIA0;;1;1;0;1;;ROLAMENTO CENTRAL DE VEIO DE TRANSMISSÃO;ROLAMENTO CENTRAL DE VEIO DE TRANSMISSÃO;0;;
101;1519;107861;1519;101.107861;CATEGORIA0;;1;1;0;1;;ROLAMENTO CENTRAL DE VEIO DE TRANSMISSÃO;ROLAMENTO CENTRAL DE VEIO DE TRANSMISSÃO;0;;
101;1519;107862;1519;101.107862;CATEGORIA0;;1;1;0;1;;ROLAMENTO CENTRAL DE VEIO DE TRANSMISSÃO;ROLAMENTO CENTRAL DE VEIO DE TRANSMISSÃO;0;;
101;1519;107863;1519;101.107863;CATEGORIA0;;1;1;0;1;;BRAÇO DE SUSPENSÃO;BRAÇO DE SUSPENSÃO;0;;
101;1519;107864;1519;101.107864;CATEGORIA0;;1;1;0;1;;BRAÇO DE SUSPENSÃO;BRAÇO DE SUSPENSÃO;0;;
101;1519;107865;1519;101.107865;CATEGORIA0;;1;1;0;1;;TRANSMISSOR DE PRESSÃO;TRANSMISSOR DE PRESSÃO;0;;
101;1519;107868;1519;101.107868;CATEGORIA0;;1;1;0;1;;KIT DE CORRENTE DE DISTRIBUIÇÃO;KIT DE CORRENTE DE DISTRIBUIÇÃO;0;;
101;1519;107869;1519;101.107869;CATEGORIA0;;1;1;0;1;;CASQUILHO DA MOLA DE SUSPENSÃO;CASQUILHO DA MOLA DE SUSPENSÃO;0;;
101;1519;107870;1519;101.107870;CATEGORIA0;;1;1;0;1;;SISTEMA DE ESPELHOS;SISTEMA DE ESPELHOS;0;;
101;1519;107871;1519;101.107871;CATEGORIA0;;1;1;0;1;;SISTEMA DE ESPELHOS;SISTEMA DE ESPELHOS;0;;
101;1519;107872;1519;101.107872;CATEGORIA0;;1;1;0;1;;VIDRO DE ESPELHO;VIDRO DE ESPELHO;0;;
101;1519;107873;1519;101.107873;CATEGORIA0;;1;1;0;1;;VIDRO DE ESPELHO;VIDRO DE ESPELHO;0;;
101;1519;107874;1519;101.107874;CATEGORIA0;;1;1;0;1;;VIDRO DE ESPELHO;VIDRO DE ESPELHO;0;;
101;1519;107875;1519;101.107875;CATEGORIA0;;1;1;0;1;;VIDRO DE ESPELHO;VIDRO DE ESPELHO;0;;
101;1519;107876;1519;101.107876;CATEGORIA0;;1;1;0;1;;SENSOR DE ABS;SENSOR DE ABS;0;;
101;1519;107877;1519;101.107877;CATEGORIA0;;1;1;0;1;;INDICADOR DE DIREÇÃO DE ESPELHO;INDICADOR DE DIREÇÃO DE ESPELHO;0;;
101;1519;107878;1519;101.107878;CATEGORIA0;;1;1;0;1;;INDICADOR DE DIREÇÃO DE ESPELHO;INDICADOR DE DIREÇÃO DE ESPELHO;0;;
101;1519;107879;1519;101.107879;CATEGORIA0;;1;1;0;1;;REVESTIMENTO;REVESTIMENTO;0;;
101;1519;107880;1519;101.107880;CATEGORIA0;;1;1;0;1;;REVESTIMENTO;REVESTIMENTO;0;;
101;1519;107881;1519;101.107881;CATEGORIA0;;1;1;0;1;;CONJUNTO DE APOIOS DE CARGA DO AMORTECEDOR;CONJUNTO DE APOIOS DE CARGA DO AMORTECEDOR;0;;
101;1519;107882;1519;101.107882;CATEGORIA0;;1;1;0;1;;CONTRAFIXA DIAGONAL;CONTRAFIXA DIAGONAL;0;;
101;1519;107883;1519;101.107883;CATEGORIA0;;1;1;0;1;;SUPORTE DO DISPOSITIVO AMORTECEDOR;SUPORTE DO DISPOSITIVO AMORTECEDOR;0;;
101;1519;107885;1519;101.107885;CATEGORIA0;;1;1;0;1;;SUPORTE DO DISPOSITIVO AMORTECEDOR;SUPORTE DO DISPOSITIVO AMORTECEDOR;0;;
101;1519;107886;1519;101.107886;CATEGORIA0;;1;1;0;1;;BRAÇO DE SUSPENSÃO;BRAÇO DE SUSPENSÃO;0;;
101;1519;107887;1519;101.107887;CATEGORIA0;;1;1;0;1;;BRAÇO DE SUSPENSÃO;BRAÇO DE SUSPENSÃO;0;;
101;1519;107888;1519;101.107888;CATEGORIA0;;1;1;0;1;;SENSOR DE TEMPERATURA DO LÍQUIDO DE REFRIGERAÇÃO;SENSOR DE TEMPERATURA DO LÍQUIDO DE REFRIGERAÇÃO;0;;
101;1519;10789;1519;101.10789;CATEGORIA0;;1;1;0;1;;DISCO DE TRAVÃO;DISCO DE TRAVÃO;0;;
101;1519;10790;1519;101.10790;CATEGORIA0;;1;1;0;1;;CABEÇA DE DIREÇÃO EXTERIOR;CABEÇA DE DIREÇÃO EXTERIOR;0;;
101;1519;107900;1519;101.107900;CATEGORIA0;;1;1;0;1;;SENSOR DE ABS;SENSOR DE ABS;0;;
101;1519;107901;1519;101.107901;CATEGORIA0;;1;1;0;1;;SENSOR DE ABS;SENSOR DE ABS;0;;
101;1519;107902;1519;101.107902;CATEGORIA0;;1;1;0;1;;SENSOR DE ABS;SENSOR DE ABS;0;;
101;1519;107903;1519;101.107903;CATEGORIA0;;1;1;0;1;;TUBO FLEXÍVEL HIDRÁULICO;TUBO FLEXÍVEL HIDRÁULICO;0;;
101;1519;107904;1519;101.107904;CATEGORIA0;;1;1;0;1;;TUBO FLEXÍVEL HIDRÁULICO;TUBO FLEXÍVEL HIDRÁULICO;0;;
101;1519;107905;1519;101.107905;CATEGORIA0;;1;1;0;1;;TUBO FLEXÍVEL HIDRÁULICO;TUBO FLEXÍVEL HIDRÁULICO;0;;
101;1519;107906;1519;101.107906;CATEGORIA0;;1;1;0;1;;TUBO FLEXÍVEL HIDRÁULICO;TUBO FLEXÍVEL HIDRÁULICO;0;;
101;1519;107907;1519;101.107907;CATEGORIA0;;1;1;0;1;;BRAÇO DE SUSPENSÃO;BRAÇO DE SUSPENSÃO;0;;
101;1519;107908;1519;101.107908;CATEGORIA0;;1;1;0;1;;BRAÇO DE SUSPENSÃO;BRAÇO DE SUSPENSÃO;0;;
101;1519;107909;1519;101.107909;CATEGORIA0;;1;1;0;1;;BRAÇO DE SUSPENSÃO;BRAÇO DE SUSPENSÃO;0;;
101;1519;107910;1519;101.107910;CATEGORIA0;;1;1;0;1;;BRAÇO DE SUSPENSÃO;BRAÇO DE SUSPENSÃO;0;;
101;1519;107911;1519;101.107911;CATEGORIA0;;1;1;0;1;;TUBO FLEXÍVEL HIDRÁULICO;TUBO FLEXÍVEL HIDRÁULICO;0;;
101;1519;107913;1519;101.107913;CATEGORIA0;;1;1;0;1;;TUBO FLEXÍVEL HIDRÁULICO;TUBO FLEXÍVEL HIDRÁULICO;0;;
101;1519;107914;1519;101.107914;CATEGORIA0;;1;1;0;1;;TUBO FLEXÍVEL HIDRÁULICO;TUBO FLEXÍVEL HIDRÁULICO;0;;
101;1519;107915;1519;101.107915;CATEGORIA0;;1;1;0;1;;RETENTOR;RETENTOR;0;;
101;1519;107916;1519;101.107916;CATEGORIA0;;1;1;0;1;;CABEÇA DE DIREÇÃO INTERIOR;CABEÇA DE DIREÇÃO INTERIOR;0;;
101;1519;107917;1519;101.107917;CATEGORIA0;;1;1;0;1;;BOMBA CENTRAL DE TRAVÕES;BOMBA CENTRAL DE TRAVÕES;0;;
101;1519;107918;1519;101.107918;CATEGORIA0;;1;1;0;1;;CILINDRO DO TRAVÃO DE RODA;CILINDRO DO TRAVÃO DE RODA;0;;
101;1519;107919;1519;101.107919;CATEGORIA0;;1;1;0;1;;CILINDRO DO TRAVÃO DE RODA;CILINDRO DO TRAVÃO DE RODA;0;;
101;1519;107920;1519;101.107920;CATEGORIA0;;1;1;0;1;;JOGO DE ROLAMENTO DE RODA;JOGO DE ROLAMENTO DE RODA;0;;
101;1519;107921;1519;101.107921;CATEGORIA0;;1;1;0;1;;CABO DE TRAVÃO;CABO DE TRAVÃO;0;;
101;1519;107922;1519;101.107922;CATEGORIA0;;1;1;0;1;;CABO DE TRAVÃO;CABO DE TRAVÃO;0;;
101;1519;107923;1519;101.107923;CATEGORIA0;;1;1;0;1;;CABO DE TRAVÃO;CABO DE TRAVÃO;0;;
101;1519;107924;1519;101.107924;CATEGORIA0;;1;1;0;1;;CABO DE TRAVÃO;CABO DE TRAVÃO;0;;
101;1519;107925;1519;101.107925;CATEGORIA0;;1;1;0;1;;CABO DE TRAVÃO;CABO DE TRAVÃO;0;;
101;1519;107926;1519;101.107926;CATEGORIA0;;1;1;0;1;;RÓTULA DA BARRA DE DIREÇÃO;RÓTULA DA BARRA DE DIREÇÃO;0;;
101;1519;107927;1519;101.107927;CATEGORIA0;;1;1;0;1;;RÓTULA DA BARRA DE DIREÇÃO;RÓTULA DA BARRA DE DIREÇÃO;0;;
101;1519;107928;1519;101.107928;CATEGORIA0;;1;1;0;1;;UNIDADE DE COMUTAÇÃO;UNIDADE DE COMUTAÇÃO;0;;
101;1519;107929;1519;101.107929;CATEGORIA0;;1;1;0;1;;TIRANTE DE LIMPA-VIDROS;TIRANTE DE LIMPA-VIDROS;0;;
101;1519;10793;1519;101.10793;CATEGORIA0;;1;1;0;1;;CABEÇA DE DIREÇÃO EXTERIOR;CABEÇA DE DIREÇÃO EXTERIOR;0;;
101;1519;107930;1519;101.107930;CATEGORIA0;;1;1;0;1;;CABEÇA DE DIREÇÃO EXTERIOR;CABEÇA DE DIREÇÃO EXTERIOR;0;;
101;1519;107931;1519;101.107931;CATEGORIA0;;1;1;0;1;;CABEÇA DE DIREÇÃO EXTERIOR;CABEÇA DE DIREÇÃO EXTERIOR;0;;
101;1519;107932;1519;101.107932;CATEGORIA0;;1;1;0;1;;FILTRO DE AR;FILTRO DE AR;0;;
101;1519;107933;1519;101.107933;CATEGORIA0;;1;1;0;1;;FILTRO DE AR;FILTRO DE AR;0;;
101;1519;107934;1519;101.107934;CATEGORIA0;;1;1;0;1;;FILTRO DE ÓLEO;FILTRO DE ÓLEO;0;;
101;1519;107935;1519;101.107935;CATEGORIA0;;1;1;0;1;;SUPORTE BARRA ESTABILIZADORA;SUPORTE BARRA ESTABILIZADORA;0;;
101;1519;107936;1519;101.107936;CATEGORIA0;;1;1;0;1;;CASQUILHO DA BARRA ESTABILIZADORA;CASQUILHO DA BARRA ESTABILIZADORA;0;;
101;1519;107937;1519;101.107937;CATEGORIA0;;1;1;0;1;;CASQUILHO;CASQUILHO;0;;
101;1519;107938;1519;101.107938;CATEGORIA0;;1;1;0;1;;CASQUILHO DA BARRA ESTABILIZADORA;CASQUILHO DA BARRA ESTABILIZADORA;0;;
101;1519;107939;1519;101.107939;CATEGORIA0;;1;1;0;1;;VIDRO DE ESPELHO;VIDRO DE ESPELHO;0;;
101;1519;10794;1519;101.10794;CATEGORIA0;;1;1;0;1;;PARAFUSO DA CABEÇA DO MOTOR;PARAFUSO DA CABEÇA DO MOTOR;0;;
101;1519;107940;1519;101.107940;CATEGORIA0;;1;1;0;1;;VIDRO DE ESPELHO;VIDRO DE ESPELHO;0;;
101;1519;107941;1519;101.107941;CATEGORIA0;;1;1;0;1;;VIDRO DE ESPELHO;VIDRO DE ESPELHO;0;;
101;1519;107942;1519;101.107942;CATEGORIA0;;1;1;0;1;;VIDRO DE ESPELHO;VIDRO DE ESPELHO;0;;
101;1519;107943;1519;101.107943;CATEGORIA0;;1;1;0;1;;VIDRO DE ESPELHO;VIDRO DE ESPELHO;0;;
101;1519;107944;1519;101.107944;CATEGORIA0;;1;1;0;1;;ESPELHO PRINCIPAL;ESPELHO PRINCIPAL;0;;
101;1519;107945;1519;101.107945;CATEGORIA0;;1;1;0;1;;ESPELHO PRINCIPAL;ESPELHO PRINCIPAL;0;;
101;1519;107946;1519;101.107946;CATEGORIA0;;1;1;0;1;;ESPELHO PRINCIPAL;ESPELHO PRINCIPAL;0;;
101;1519;107947;1519;101.107947;CATEGORIA0;;1;1;0;1;;ESPELHO DE ÂNGULO ALARGADO;ESPELHO DE ÂNGULO ALARGADO;0;;
101;1519;107948;1519;101.107948;CATEGORIA0;;1;1;0;1;;ESPELHO DE ÂNGULO ALARGADO;ESPELHO DE ÂNGULO ALARGADO;0;;
101;1519;107949;1519;101.107949;CATEGORIA0;;1;1;0;1;;ESPELHO PRINCIPAL;ESPELHO PRINCIPAL;0;;
101;1519;107950;1519;101.107950;CATEGORIA0;;1;1;0;1;;ESPELHO DE ÂNGULO ALARGADO;ESPELHO DE ÂNGULO ALARGADO;0;;
101;1519;107951;1519;101.107951;CATEGORIA0;;1;1;0;1;;ESPELHO PRINCIPAL;ESPELHO PRINCIPAL;0;;
101;1519;107952;1519;101.107952;CATEGORIA0;;1;1;0;1;;ESPELHO DE ÂNGULO ALARGADO;ESPELHO DE ÂNGULO ALARGADO;0;;
101;1519;107953;1519;101.107953;CATEGORIA0;;1;1;0;1;;CONJUNTO DE APOIOS DE CARGA DO AMORTECEDOR;CONJUNTO DE APOIOS DE CARGA DO AMORTECEDOR;0;;
101;1519;107954;1519;101.107954;CATEGORIA0;;1;1;0;1;;VÁLVULA DE DESCARGA;VÁLVULA DE DESCARGA;0;;
101;1519;107955;1519;101.107955;CATEGORIA0;;1;1;0;1;;TUBO DO RADIADOR;TUBO DO RADIADOR;0;;
101;1519;107956;1519;101.107956;CATEGORIA0;;1;1;0;1;;TUBO DO RADIADOR;TUBO DO RADIADOR;0;;
101;1519;107957;1519;101.107957;CATEGORIA0;;1;1;0;1;;TUBO DO RADIADOR;TUBO DO RADIADOR;0;;
101;1519;107958;1519;101.107958;CATEGORIA0;;1;1;0;1;;TUBO DO RADIADOR;TUBO DO RADIADOR;0;;
101;1519;107959;1519;101.107959;CATEGORIA0;;1;1;0;1;;TUBO DO RADIADOR;TUBO DO RADIADOR;0;;
101;1519;10796;1519;101.10796;CATEGORIA0;;1;1;0;1;;BRAÇO DE SUSPENSÃO;BRAÇO DE SUSPENSÃO;0;;
101;1519;107960;1519;101.107960;CATEGORIA0;;1;1;0;1;;RETENTOR;RETENTOR;0;;
101;1519;107961;1519;101.107961;CATEGORIA0;;1;1;0;1;;BOBINA DE IGNIÇÃO;BOBINA DE IGNIÇÃO;0;;
101;1519;107962;1519;101.107962;CATEGORIA0;;1;1;0;1;;JUNTA DE TAMPA DE VÁLVULAS;JUNTA DE TAMPA DE VÁLVULAS;0;;
101;1519;107963;1519;101.107963;CATEGORIA0;;1;1;0;1;;JUNTA DE TAMPA DE VÁLVULAS;JUNTA DE TAMPA DE VÁLVULAS;0;;
101;1519;107964;1519;101.107964;CATEGORIA0;;1;1;0;1;;ROLAMENTO DE ESFERAS;ROLAMENTO DE ESFERAS;0;;
101;1519;107965;1519;101.107965;CATEGORIA0;;1;1;0;1;;ROLAMENTO DE EMBRAIAGEM;ROLAMENTO DE EMBRAIAGEM;0;;
101;1519;107966;1519;101.107966;CATEGORIA0;;1;1;0;1;;KIT DE EMBRAIAGEM;KIT DE EMBRAIAGEM;0;;
101;1519;107967;1519;101.107967;CATEGORIA0;;1;1;0;1;;APOIO DE MOTOR;APOIO DE MOTOR;0;;
101;1519;107968;1519;101.107968;CATEGORIA0;;1;1;0;1;;APOIO DE MOTOR;APOIO DE MOTOR;0;;
101;1519;107969;1519;101.107969;CATEGORIA0;;1;1;0;1;;JUNTA;JUNTA;0;;
101;1519;10797;1519;101.10797;CATEGORIA0;;1;1;0;1;;BRAÇO DE SUSPENSÃO;BRAÇO DE SUSPENSÃO;0;;
101;1519;107970;1519;101.107970;CATEGORIA0;;1;1;0;1;;APOIO DE MOTOR;APOIO DE MOTOR;0;;
101;1519;107972;1519;101.107972;CATEGORIA0;;1;1;0;1;;APOIO DE MOTOR;APOIO DE MOTOR;0;;
101;1519;107973;1519;101.107973;CATEGORIA0;;1;1;0;1;;INTERRUPTOR DE PRESSÃO DE ÓLEO;INTERRUPTOR DE PRESSÃO DE ÓLEO;0;;
101;1519;107974;1519;101.107974;CATEGORIA0;;1;1;0;1;;INTERRUPTOR DE PRESSÃO DE ÓLEO;INTERRUPTOR DE PRESSÃO DE ÓLEO;0;;
101;1519;107975;1519;101.107975;CATEGORIA0;;1;1;0;1;;INTERRUPTOR DE CONTACTO;INTERRUPTOR DE CONTACTO;0;;
101;1519;107976;1519;101.107976;CATEGORIA0;;1;1;0;1;;RETENTOR PARA ÁRVORE DE CAMES;RETENTOR PARA ÁRVORE DE CAMES;0;;
101;1519;107977;1519;101.107977;CATEGORIA0;;1;1;0;1;;RETENTOR DA CAMBOTA;RETENTOR DA CAMBOTA;0;;
101;1519;107978;1519;101.107978;CATEGORIA0;;1;1;0;1;;FOLE DE MOLA PNEUMÁTICA;FOLE DE MOLA PNEUMÁTICA;0;;
101;1519;107979;1519;101.107979;CATEGORIA0;;1;1;0;1;;FOLE DE MOLA PNEUMÁTICA;FOLE DE MOLA PNEUMÁTICA;0;;
101;1519;107980;1519;101.107980;CATEGORIA0;;1;1;0;1;;AMORTECEDOR DE CABINA;AMORTECEDOR DE CABINA;0;;
101;1519;107981;1519;101.107981;CATEGORIA0;;1;1;0;1;;APOIO DE MOTOR;APOIO DE MOTOR;0;;
101;1519;107982;1519;101.107982;CATEGORIA0;;1;1;0;1;;RETENTOR;RETENTOR;0;;
101;1519;107984;1519;101.107984;CATEGORIA0;;1;1;0;1;;JUNTA DE TAMPA DE VÁLVULAS;JUNTA DE TAMPA DE VÁLVULAS;0;;
101;1519;107985;1519;101.107985;CATEGORIA0;;1;1;0;1;;JOGO DE JUNTAS PARA TAMPAS DE VÁLVULA;JOGO DE JUNTAS PARA TAMPAS DE VÁLVULA;0;;
101;1519;107986;1519;101.107986;CATEGORIA0;;1;1;0;1;;INTERRUPTOR DE LUZ DE STOP;INTERRUPTOR DE LUZ DE STOP;0;;
101;1519;107987;1519;101.107987;CATEGORIA0;;1;1;0;1;;TERMÓSTATO;TERMÓSTATO;0;;
101;1519;107988;1519;101.107988;CATEGORIA0;;1;1;0;1;;TERMÓSTATO;TERMÓSTATO;0;;
101;1519;107990;1519;101.107990;CATEGORIA0;;1;1;0;1;;MOTOR DO VENTILADOR;MOTOR DO VENTILADOR;0;;
101;1519;107991;1519;101.107991;CATEGORIA0;;1;1;0;1;;SENSOR DE ABS;SENSOR DE ABS;0;;
101;1519;107992;1519;101.107992;CATEGORIA0;;1;1;0;1;;SENSOR DE ABS;SENSOR DE ABS;0;;
101;1519;107993;1519;101.107993;CATEGORIA0;;1;1;0;1;;SENSOR DE PRESSÃO NO COLETOR DE ADMISSÃO;SENSOR DE PRESSÃO NO COLETOR DE ADMISSÃO;0;;
101;1519;107994;1519;101.107994;CATEGORIA0;;1;1;0;1;;KIT DE CORRENTE DE DISTRIBUIÇÃO;KIT DE CORRENTE DE DISTRIBUIÇÃO;0;;
101;1519;107995;1519;101.107995;CATEGORIA0;;1;1;0;1;;FILTRO;FILTRO;0;;
101;1519;107997;1519;101.107997;CATEGORIA0;;1;1;0;1;;FILTRO DE ÓLEO;FILTRO DE ÓLEO;0;;
101;1519;107998;1519;101.107998;CATEGORIA0;;1;1;0;1;;DISCO DE TRAVÃO;DISCO DE TRAVÃO;0;;
101;1519;107999;1519;101.107999;CATEGORIA0;;1;1;0;1;;DISCO DE TRAVÃO;DISCO DE TRAVÃO;0;;
101;1519;10800;1519;101.10800;CATEGORIA0;;1;1;0;1;;CASQUILHO DO BRAÇO OSCILANTE;CASQUILHO DO BRAÇO OSCILANTE;0;;
101;1519;108000;1519;101.108000;CATEGORIA0;;1;1;0;1;;DISCO DE TRAVÃO;DISCO DE TRAVÃO;0;;
101;1519;108001;1519;101.108001;CATEGORIA0;;1;1;0;1;;DISCO DE TRAVÃO;DISCO DE TRAVÃO;0;;
101;1519;108002;1519;101.108002;CATEGORIA0;;1;1;0;1;;DISCO DE TRAVÃO;DISCO DE TRAVÃO;0;;
101;1519;108003;1519;101.108003;CATEGORIA0;;1;1;0;1;;SENSOR DE ABS;SENSOR DE ABS;0;;
101;1519;108004;1519;101.108004;CATEGORIA0;;1;1;0;1;;CORRENTE DE DISTRIBUIÇÃO;CORRENTE DE DISTRIBUIÇÃO;0;;
101;1519;108005;1519;101.108005;CATEGORIA0;;1;1;0;1;;CORRENTE DE DISTRIBUIÇÃO;CORRENTE DE DISTRIBUIÇÃO;0;;
101;1519;108006;1519;101.108006;CATEGORIA0;;1;1;0;1;;CORRENTE DE DISTRIBUIÇÃO;CORRENTE DE DISTRIBUIÇÃO;0;;
101;1519;108008;1519;101.108008;CATEGORIA0;;1;1;0;1;;TERMÓSTATO;TERMÓSTATO;0;;
101;1519;108011;1519;101.108011;CATEGORIA0;;1;1;0;1;;RADIADOR DE ÓLEO;RADIADOR DE ÓLEO;0;;
101;1519;108012;1519;101.108012;CATEGORIA0;;1;1;0;1;;TAMPA DO FILTRO DE ÓLEO;TAMPA DO FILTRO DE ÓLEO;0;;
101;1519;108013;1519;101.108013;CATEGORIA0;;1;1;0;1;;TAMPA DO TANQUE DE COMBUSTÍVEL;TAMPA DO TANQUE DE COMBUSTÍVEL;0;;
101;1519;108014;1519;101.108014;CATEGORIA0;;1;1;0;1;;BOMBA DE ÁGUA;BOMBA DE ÁGUA;0;;
101;1519;108015;1519;101.108015;CATEGORIA0;;1;1;0;1;;PINO DA RODA;PINO DA RODA;0;;
101;1519;108016;1519;101.108016;CATEGORIA0;;1;1;0;1;;BUJÃO DO CÁRTER;BUJÃO DO CÁRTER;0;;
101;1519;108017;1519;101.108017;CATEGORIA0;;1;1;0;1;;APOIO DE MOTOR;APOIO DE MOTOR;0;;
101;1519;108018;1519;101.108018;CATEGORIA0;;1;1;0;1;;INTERRUPTOR DE MARCHA-ATRÁS;INTERRUPTOR DE MARCHA-ATRÁS;0;;
101;1519;108019;1519;101.108019;CATEGORIA0;;1;1;0;1;;APOIO DE MOTOR;APOIO DE MOTOR;0;;
101;1519;108020;1519;101.108020;CATEGORIA0;;1;1;0;1;;SUPORTE DO MOTOR;SUPORTE DO MOTOR;0;;
101;1519;108021;1519;101.108021;CATEGORIA0;;1;1;0;1;;CABO DE TRAVÃO;CABO DE TRAVÃO;0;;
101;1519;108022;1519;101.108022;CATEGORIA0;;1;1;0;1;;CABO DE TRAVÃO;CABO DE TRAVÃO;0;;
101;1519;108023;1519;101.108023;CATEGORIA0;;1;1;0;1;;CABO DE TRAVÃO;CABO DE TRAVÃO;0;;
101;1519;108024;1519;101.108024;CATEGORIA0;;1;1;0;1;;CILINDRO DO TRAVÃO DE RODA;CILINDRO DO TRAVÃO DE RODA;0;;
101;1519;108025;1519;101.108025;CATEGORIA0;;1;1;0;1;;ANEL DE ABS;ANEL DE ABS;0;;
101;1519;108026;1519;101.108026;CATEGORIA0;;1;1;0;1;;ANEL DE ABS;ANEL DE ABS;0;;
101;1519;108027;1519;101.108027;CATEGORIA0;;1;1;0;1;;ANEL DE ABS;ANEL DE ABS;0;;
101;1519;108028;1519;101.108028;CATEGORIA0;;1;1;0;1;;ANEL DE ABS;ANEL DE ABS;0;;
101;1519;108029;1519;101.108029;CATEGORIA0;;1;1;0;1;;ANEL DE ABS;ANEL DE ABS;0;;
101;1519;108030;1519;101.108030;CATEGORIA0;;1;1;0;1;;BORRACHA DE ENCOSTO;BORRACHA DE ENCOSTO;0;;
101;1519;108032;1519;101.108032;CATEGORIA0;;1;1;0;1;;FOLE DE MOLA PNEUMÁTICA;FOLE DE MOLA PNEUMÁTICA;0;;
101;1519;108033;1519;101.108033;CATEGORIA0;;1;1;0;1;;FOLE DE MOLA PNEUMÁTICA;FOLE DE MOLA PNEUMÁTICA;0;;
101;1519;108034;1519;101.108034;CATEGORIA0;;1;1;0;1;;FOLE DE MOLA PNEUMÁTICA;FOLE DE MOLA PNEUMÁTICA;0;;
101;1519;108036;1519;101.108036;CATEGORIA0;;1;1;0;1;;APOIO DE MOTOR;APOIO DE MOTOR;0;;
101;1519;108037;1519;101.108037;CATEGORIA0;;1;1;0;1;;SENSOR DE ABS;SENSOR DE ABS;0;;
101;1519;108039;1519;101.108039;CATEGORIA0;;1;1;0;1;;JOGO DE CORRENTES DE DISTRIBUIÇÃO;JOGO DE CORRENTES DE DISTRIBUIÇÃO;0;;
101;1519;108040;1519;101.108040;CATEGORIA0;;1;1;0;1;;CASQUILHO DA BARRA ESTABILIZADORA;CASQUILHO DA BARRA ESTABILIZADORA;0;;
101;1519;108043;1519;101.108043;CATEGORIA0;;1;1;0;1;;CASQUILHO DA BARRA ESTABILIZADORA;CASQUILHO DA BARRA ESTABILIZADORA;0;;
101;1519;108044;1519;101.108044;CATEGORIA0;;1;1;0;1;;CASQUILHO DA BARRA ESTABILIZADORA;CASQUILHO DA BARRA ESTABILIZADORA;0;;
101;1519;108045;1519;101.108045;CATEGORIA0;;1;1;0;1;;BORRACHA DE ENCOSTO;BORRACHA DE ENCOSTO;0;;
101;1519;108046;1519;101.108046;CATEGORIA0;;1;1;0;1;;BORRACHA DE ENCOSTO;BORRACHA DE ENCOSTO;0;;
101;1519;108047;1519;101.108047;CATEGORIA0;;1;1;0;1;;BORRACHA DE ENCOSTO;BORRACHA DE ENCOSTO;0;;
101;1519;108048;1519;101.108048;CATEGORIA0;;1;1;0;1;;BORRACHA DE ENCOSTO;BORRACHA DE ENCOSTO;0;;
101;1519;108049;1519;101.108049;CATEGORIA0;;1;1;0;1;;BORRACHA DE ENCOSTO;BORRACHA DE ENCOSTO;0;;
101;1519;108050;1519;101.108050;CATEGORIA0;;1;1;0;1;;KIT DE CORRENTE DE DISTRIBUIÇÃO;KIT DE CORRENTE DE DISTRIBUIÇÃO;0;;
101;1519;108051;1519;101.108051;CATEGORIA0;;1;1;0;1;;BARRA INTERMÉDIA DE DIREÇÃO;BARRA INTERMÉDIA DE DIREÇÃO;0;;
101;1519;108052;1519;101.108052;CATEGORIA0;;1;1;0;1;;SUPORTE BARRA ESTABILIZADORA;SUPORTE BARRA ESTABILIZADORA;0;;
101;1519;108053;1519;101.108053;CATEGORIA0;;1;1;0;1;;BARRA INTERMÉDIA DE DIREÇÃO;BARRA INTERMÉDIA DE DIREÇÃO;0;;
101;1519;108054;1519;101.108054;CATEGORIA0;;1;1;0;1;;TIRANTE DO EIXO;TIRANTE DO EIXO;0;;
101;1519;108055;1519;101.108055;CATEGORIA0;;1;1;0;1;;TIRANTE DO EIXO;TIRANTE DO EIXO;0;;
101;1519;108056;1519;101.108056;CATEGORIA0;;1;1;0;1;;BARRA DE ACOPLAMENTO;BARRA DE ACOPLAMENTO;0;;
101;1519;108057;1519;101.108057;CATEGORIA0;;1;1;0;1;;TIRANTE DO EIXO;TIRANTE DO EIXO;0;;
101;1519;108058;1519;101.108058;CATEGORIA0;;1;1;0;1;;BRAÇO DE DIREÇÃO EM TRIÂNGULO;BRAÇO DE DIREÇÃO EM TRIÂNGULO;0;;
101;1519;108059;1519;101.108059;CATEGORIA0;;1;1;0;1;;CONJUNTO DE REPARAÇÃO AJUSTE DO BANCO;CONJUNTO DE REPARAÇÃO AJUSTE DO BANCO;0;;
101;1519;108060;1519;101.108060;CATEGORIA0;;1;1;0;1;;APOIO DE MOTOR;APOIO DE MOTOR;0;;
101;1519;108061;1519;101.108061;CATEGORIA0;;1;1;0;1;;APOIO DE MOTOR;APOIO DE MOTOR;0;;
101;1519;108062;1519;101.108062;CATEGORIA0;;1;1;0;1;;MOTOR DE ESGUICHO;MOTOR DE ESGUICHO;0;;
101;1519;108063;1519;101.108063;CATEGORIA0;;1;1;0;1;;MOTOR DE ESGUICHO;MOTOR DE ESGUICHO;0;;
101;1519;108064;1519;101.108064;CATEGORIA0;;1;1;0;1;;APOIO DE MOTOR;APOIO DE MOTOR;0;;
101;1519;108065;1519;101.108065;CATEGORIA0;;1;1;0;1;;CASQUILHO DO BRAÇO OSCILANTE;CASQUILHO DO BRAÇO OSCILANTE;0;;
101;1519;108066;1519;101.108066;CATEGORIA0;;1;1;0;1;;CASQUILHO DO BRAÇO OSCILANTE;CASQUILHO DO BRAÇO OSCILANTE;0;;
101;1519;108067;1519;101.108067;CATEGORIA0;;1;1;0;1;;POLIE AMORTECEDORA;POLIE AMORTECEDORA;0;;
101;1519;108068;1519;101.108068;CATEGORIA0;;1;1;0;1;;APOIO DE MOTOR;APOIO DE MOTOR;0;;
101;1519;108069;1519;101.108069;CATEGORIA0;;1;1;0;1;;POLIE;POLIE;0;;
101;1519;10807;1519;101.10807;CATEGORIA0;;1;1;0;1;;CASQUILHO DA BARRA ESTABILIZADORA;CASQUILHO DA BARRA ESTABILIZADORA;0;;
101;1519;108070;1519;101.108070;CATEGORIA0;;1;1;0;1;;APOIO DE MOTOR;APOIO DE MOTOR;0;;
101;1519;108071;1519;101.108071;CATEGORIA0;;1;1;0;1;;VÁLVULA MAGNÉTICA;VÁLVULA MAGNÉTICA;0;;
101;1519;108072;1519;101.108072;CATEGORIA0;;1;1;0;1;;SUPORTE DO DISPOSITIVO AMORTECEDOR;SUPORTE DO DISPOSITIVO AMORTECEDOR;0;;
101;1519;108073;1519;101.108073;CATEGORIA0;;1;1;0;1;;SUPORTE DA BARRA DE DIREÇÃO LONGITUDINAL;SUPORTE DA BARRA DE DIREÇÃO LONGITUDINAL;0;;
101;1519;108074;1519;101.108074;CATEGORIA0;;1;1;0;1;;SENSOR DE ABS;SENSOR DE ABS;0;;
101;1519;108075;1519;101.108075;CATEGORIA0;;1;1;0;1;;ACOPLAMENTO VISCOSO;ACOPLAMENTO VISCOSO;0;;
101;1519;108076;1519;101.108076;CATEGORIA0;;1;1;0;1;;TERMÓSTATO;TERMÓSTATO;0;;
101;1519;108077;1519;101.108077;CATEGORIA0;;1;1;0;1;;APOIO DA BARRA TRANSVERSAL;APOIO DA BARRA TRANSVERSAL;0;;
101;1519;108078;1519;101.108078;CATEGORIA0;;1;1;0;1;;CORRENTE DE DISTRIBUIÇÃO;CORRENTE DE DISTRIBUIÇÃO;0;;
101;1519;108079;1519;101.108079;CATEGORIA0;;1;1;0;1;;TUBO DE TRAVÃO;TUBO DE TRAVÃO;0;;
101;1519;10808;1519;101.10808;CATEGORIA0;;1;1;0;1;;CASQUILHO DA MOLA DE SUSPENSÃO;CASQUILHO DA MOLA DE SUSPENSÃO;0;;
101;1519;108080;1519;101.108080;CATEGORIA0;;1;1;0;1;;TUBO DE TRAVÃO;TUBO DE TRAVÃO;0;;
101;1519;108081;1519;101.108081;CATEGORIA0;;1;1;0;1;;TUBO DE TRAVÃO;TUBO DE TRAVÃO;0;;
101;1519;108082;1519;101.108082;CATEGORIA0;;1;1;0;1;;TUBO DE TRAVÃO;TUBO DE TRAVÃO;0;;