61;1540;109.092970;1540;109.092970;CATEGORIA0;;1;1;0;1;;IVECO DAILY 00-*FRENTE COMPLETA;IVECO DAILY 00-*FRENTE COMPLETA;0;;
61;1540;109.093111;1540;109.093111;CATEGORIA0;;1;1;0;1;;FIAT DOBLO 01-*G/LAMAS FRT DRT;FIAT DOBLO 01-*G/LAMAS FRT DRT;0;;
61;1540;109.093112;1540;109.093112;CATEGORIA0;;1;1;0;1;;FIAT DOBLO 01-*G/LAMAS FRT ESQ;FIAT DOBLO 01-*G/LAMAS FRT ESQ;0;;
61;1540;109.093130;1540;109.093130;CATEGORIA0;;1;1;0;1;;FIAT DOBLO 01-*CAPOT;FIAT DOBLO 01-*CAPOT;0;;
61;1540;109.093170;1540;109.093170;CATEGORIA0;;1;1;0;1;;FIAT DOBLO 01-*FRENTE COMPLETA;FIAT DOBLO 01-*FRENTE COMPLETA;0;;
61;1540;109.093171;1540;109.093171;CATEGORIA0;;1;1;0;1;;FIAT DOBLO 01-*CHARRIOT;FIAT DOBLO 01-*CHARRIOT;0;;
61;1540;109.093311;1540;109.093311;CATEGORIA0;;1;1;0;1;;FIAT PUNTO 03-*G/LAMAS FRT DRT;FIAT PUNTO 03-*G/LAMAS FRT DRT;0;;
61;1540;109.093312;1540;109.093312;CATEGORIA0;;1;1;0;1;;FIAT PUNTO 03-*G/LAMAS FRT ESQ;FIAT PUNTO 03-*G/LAMAS FRT ESQ;0;;
61;1540;109.093330;1540;109.093330;CATEGORIA0;;1;1;0;1;;FIAT PUNTO 03-*CAPOT;FIAT PUNTO 03-*CAPOT;0;;
61;1540;109.093370;1540;109.093370;CATEGORIA0;;1;1;0;1;;FIAT PUNTO 03-*FRENTE SUP;FIAT PUNTO 03-*FRENTE SUP;0;;
61;1540;109.093870;1540;109.093870;CATEGORIA0;;1;1;0;1;;FIAT SEICENTO 2000-*FRENTE SUPERIOR;FIAT SEICENTO 2000-*FRENTE SUPERIOR;0;;
61;1540;109.094111;1540;109.094111;CATEGORIA0;;1;1;0;1;;FIAT STILO 01-*G/LAMAS FRT DRT (5P);FIAT STILO 01-*G/LAMAS FRT DRT (5P);0;;
61;1540;109.094112;1540;109.094112;CATEGORIA0;;1;1;0;1;;STILO 01- G-LAMS FRT. ESQ. 5P;STILO 01- G-LAMS FRT. ESQ. 5P;0;;
61;1540;109.094130;1540;109.094130;CATEGORIA0;;1;1;0;1;;FIAT STILO 01-*CAPOT (3/5P);FIAT STILO 01-*CAPOT (3/5P);0;;
61;1540;109.094170;1540;109.094170;CATEGORIA0;;1;1;0;1;;STILO 01- FRENTE COMPLETA;STILO 01- FRENTE COMPLETA;0;;
61;1540;109.094211;1540;109.094211;CATEGORIA0;;1;1;0;1;;FIAT STILO 01-*G/LAMAS FRT DRT (3P);FIAT STILO 01-*G/LAMAS FRT DRT (3P);0;;
61;1540;109.094212;1540;109.094212;CATEGORIA0;;1;1;0;1;;FIAT STILO 01-*G/LAMAS FRT ESQ (3P);FIAT STILO 01-*G/LAMAS FRT ESQ (3P);0;;
61;1540;109.094311;1540;109.094311;CATEGORIA0;;1;1;0;1;;FIAT DUCATO/BOX/JUMP 02-*G/LAMAS FRT DRT;FIAT DUCATO/BOX/JUMP 02-*G/LAMAS FRT DRT;0;;
61;1540;109.094312;1540;109.094312;CATEGORIA0;;1;1;0;1;;FIAT DUCATO/BOX/JUMP 02-*G/LAMAS FRT ESQ;FIAT DUCATO/BOX/JUMP 02-*G/LAMAS FRT ESQ;0;;
61;1540;109.094330;1540;109.094330;CATEGORIA0;;1;1;0;1;;FIAT DUCATO/BOX/JUMP 02-*CAPOT;FIAT DUCATO/BOX/JUMP 02-*CAPOT;0;;
61;1540;109.094370;1540;109.094370;CATEGORIA0;;1;1;0;1;;FIAT DUCATO/BOX/JUMP 02-*FRENTE COMPLETA;FIAT DUCATO/BOX/JUMP 02-*FRENTE COMPLETA;0;;
61;1540;109.094376;1540;109.094376;CATEGORIA0;;1;1;0;1;;FIAT DUCATO/BOX/JUMP 02-*TRAVESSA RADIADOR;FIAT DUCATO/BOX/JUMP 02-*TRAVESSA RADIADOR;0;;
61;1540;109.094411;1540;109.094411;CATEGORIA0;;1;1;0;1;;FIAT PANDA 03-*G/LAMAS FRT DRT;FIAT PANDA 03-*G/LAMAS FRT DRT;0;;
61;1540;109.094412;1540;109.094412;CATEGORIA0;;1;1;0;1;;FIAT PANDA 03-*G/LAMAS FRT ESQ;FIAT PANDA 03-*G/LAMAS FRT ESQ;0;;
61;1540;109.094430;1540;109.094430;CATEGORIA0;;1;1;0;1;;FIAT PANDA 03-*CAPOT;FIAT PANDA 03-*CAPOT;0;;
61;1540;109.094470;1540;109.094470;CATEGORIA0;;1;1;0;1;;FIAT PANDA 03-*FRENTE COMPLETA;FIAT PANDA 03-*FRENTE COMPLETA;0;;
61;1540;109.094611;1540;109.094611;CATEGORIA0;;1;1;0;1;;FIAT IDEA 04-*G/LAMAS FRT DRT;FIAT IDEA 04-*G/LAMAS FRT DRT;0;;
61;1540;109.094612;1540;109.094612;CATEGORIA0;;1;1;0;1;;FIAT IDEA 04-*G/LAMAS FRT ESQ;FIAT IDEA 04-*G/LAMAS FRT ESQ;0;;
61;1540;109.094630;1540;109.094630;CATEGORIA0;;1;1;0;1;;FIAT IDEA 04-*CAPOT;FIAT IDEA 04-*CAPOT;0;;
61;1540;109.094675;1540;109.094675;CATEGORIA0;;1;1;0;1;;FIAT IDEA 04-*FRENTE SUP;FIAT IDEA 04-*FRENTE SUP;0;;
61;1540;109.094676;1540;109.094676;CATEGORIA0;;1;1;0;1;;FIAT IDEA 04-*TRAVESSA RADIADOR;FIAT IDEA 04-*TRAVESSA RADIADOR;0;;
61;1540;109.094677;1540;109.094677;CATEGORIA0;;1;1;0;1;;FIAT IDEA 04-*TRAVESSA RADIADOR INF (FINA);FIAT IDEA 04-*TRAVESSA RADIADOR INF (FINA);0;;
61;1540;109.094711;1540;109.094711;CATEGORIA0;;1;1;0;1;;FIAT SCUDO/JUMPY/EXP 03-*G/LAMAS FRT DRT;FIAT SCUDO/JUMPY/EXP 03-*G/LAMAS FRT DRT;0;;
61;1540;109.094712;1540;109.094712;CATEGORIA0;;1;1;0;1;;FIAT SCUDO/JUMPY/EXP 03-*G/LAMAS FRT ESQ;FIAT SCUDO/JUMPY/EXP 03-*G/LAMAS FRT ESQ;0;;
61;1540;109.094730;1540;109.094730;CATEGORIA0;;1;1;0;1;;FIAT SCUDO/JUMPY/EXP 03-*CAPOT;FIAT SCUDO/JUMPY/EXP 03-*CAPOT;0;;
61;1540;109.094770;1540;109.094770;CATEGORIA0;;1;1;0;1;;FIAT SCUDO/JUMPY/EXP 03-*FRENTE COMPLETA;FIAT SCUDO/JUMPY/EXP 03-*FRENTE COMPLETA;0;;
61;1540;109.094811;1540;109.094811;CATEGORIA0;;1;1;0;1;;FIAT DOBLO 05-*G/LAMAS FRT DRT;FIAT DOBLO 05-*G/LAMAS FRT DRT;0;;
61;1540;109.094812;1540;109.094812;CATEGORIA0;;1;1;0;1;;FIAT DOBLO 05-*G/LAMAS FRT ESQ;FIAT DOBLO 05-*G/LAMAS FRT ESQ;0;;
61;1540;109.094830;1540;109.094830;CATEGORIA0;;1;1;0;1;;FIAT DOBLO 05-*CAPOT;FIAT DOBLO 05-*CAPOT;0;;
61;1540;109.094870;1540;109.094870;CATEGORIA0;;1;1;0;1;;FIAT DOBLO 05-*FRENTE COMPLETA;FIAT DOBLO 05-*FRENTE COMPLETA;0;;
61;1540;109.094911;1540;109.094911;CATEGORIA0;;1;1;0;1;;FIAT GRANDE PUNTO 05-*G/LAMAS FRT DRT;FIAT GRANDE PUNTO 05-*G/LAMAS FRT DRT;0;;
61;1540;109.094913;1540;109.094913;CATEGORIA0;;1;1;0;1;;FIAT GRANDE PUNTO 05-*REFOR G/LA FRT DRT;FIAT GRANDE PUNTO 05-*REFOR G/LA FRT DRT;0;;
61;1540;109.094914;1540;109.094914;CATEGORIA0;;1;1;0;1;;FIAT GRANDE PUNTO 05-*REFOR G/LA FRT ESQ;FIAT GRANDE PUNTO 05-*REFOR G/LA FRT ESQ;0;;
61;1540;109.094921;1540;109.094921;CATEGORIA0;;1;1;0;1;;FIAT GRANDE PUNTO 05-/09-*G/LAMAS TRÁS DRT (3P);FIAT GRANDE PUNTO 05-/09-*G/LAMAS TRÁS DRT (3P);0;;
61;1540;109.094922;1540;109.094922;CATEGORIA0;;1;1;0;1;;FIAT GRANDE PUNTO 05-/09-*G/LAMAS TRÁS ESQ (3P);FIAT GRANDE PUNTO 05-/09-*G/LAMAS TRÁS ESQ (3P);0;;
61;1540;109.094923;1540;109.094923;CATEGORIA0;;1;1;0;1;;FIAT GRANDE PUNTO 05-/09-*G/LAMAS TRÁS DRT (5P);FIAT GRANDE PUNTO 05-/09-*G/LAMAS TRÁS DRT (5P);0;;
61;1540;109.094924;1540;109.094924;CATEGORIA0;;1;1;0;1;;FIAT GRANDE PUNTO 05-/09-*G/LAMAS TRÁS ESQ (5P);FIAT GRANDE PUNTO 05-/09-*G/LAMAS TRÁS ESQ (5P);0;;
61;1540;109.094930;1540;109.094930;CATEGORIA0;;1;1;0;1;;FIAT GRANDE PUNTO 05-/EVO 09-*CAPOT;FIAT GRANDE PUNTO 05-/EVO 09-*CAPOT;0;;
61;1540;109.094944;1540;109.094944;CATEGORIA0;;1;1;0;1;;FIAT GRANDE PUNTO 05-*LONGARINA ESQ;FIAT GRANDE PUNTO 05-*LONGARINA ESQ;0;;
61;1540;109.094970;1540;109.094970;CATEGORIA0;;1;1;0;1;;FIAT G/PUNTO 05-/08-/EVO 09-/MITO 08-*FRENTE COMPL;FIAT G/PUNTO 05-/08-/EVO 09-/MITO 08-*FRENTE COMPL;0;;
61;1540;109.094990;1540;109.094990;CATEGORIA0;;1;1;0;1;;FIAT G/PUNTO 05- TRASEIRA;FIAT G/PUNTO 05- TRASEIRA;0;;
61;1540;109.095111;1540;109.095111;CATEGORIA0;;1;1;0;1;;FIAT BRAVO 07-*G/LAMAS FRT DRT;FIAT BRAVO 07-*G/LAMAS FRT DRT;0;;
61;1540;109.095112;1540;109.095112;CATEGORIA0;;1;1;0;1;;FIAT BRAVO 07-*G/LAMAS FRT ESQ;FIAT BRAVO 07-*G/LAMAS FRT ESQ;0;;
61;1540;109.095130;1540;109.095130;CATEGORIA0;;1;1;0;1;;FIAT BRAVO 07-*CAPOT;FIAT BRAVO 07-*CAPOT;0;;
61;1540;109.095180;1540;109.095180;CATEGORIA0;;1;1;0;1;;FIAT BRAVO 07-*MASCARA FAROL DRT;FIAT BRAVO 07-*MASCARA FAROL DRT;0;;
61;1540;109.095181;1540;109.095181;CATEGORIA0;;1;1;0;1;;FIAT BRAVO 07-*MASCARA FAROL ESQ;FIAT BRAVO 07-*MASCARA FAROL ESQ;0;;
61;1540;109.095211;1540;109.095211;CATEGORIA0;;1;1;0;1;;IVECO DAILY 06-*G/LAMAS FRT DRT;IVECO DAILY 06-*G/LAMAS FRT DRT;0;;
61;1540;109.095212;1540;109.095212;CATEGORIA0;;1;1;0;1;;IVECO DAILY 06-*G/LAMAS FRT ESQ;IVECO DAILY 06-*G/LAMAS FRT ESQ;0;;
61;1540;109.095230;1540;109.095230;CATEGORIA0;;1;1;0;1;;IVECO DAILY 06-*CAPOT;IVECO DAILY 06-*CAPOT;0;;
61;1540;109.095270;1540;109.095270;CATEGORIA0;;1;1;0;1;;IVECO DAILY 06-*FRENTE COMPLETA;IVECO DAILY 06-*FRENTE COMPLETA;0;;
61;1540;109.095311;1540;109.095311;CATEGORIA0;;1;1;0;1;;FIAT DUCATO/JUMPER/BOXER 06-*G/L FRT DRT;FIAT DUCATO/JUMPER/BOXER 06-*G/L FRT DRT;0;;
61;1540;109.095312;1540;109.095312;CATEGORIA0;;1;1;0;1;;FIAT DUCATO/JUMPER/BOXER 06-*G/LAMAS FRT ESQ;FIAT DUCATO/JUMPER/BOXER 06-*G/LAMAS FRT ESQ;0;;
61;1540;109.095330;1540;109.095330;CATEGORIA0;;1;1;0;1;;FIAT DUCATO/JUMPER/BOXER 06-*CAPOT;FIAT DUCATO/JUMPER/BOXER 06-*CAPOT;0;;
61;1540;109.095370;1540;109.095370;CATEGORIA0;;1;1;0;1;;FIAT DUCATO/JUMPER/BOXER 06-*FRENTE SUP;FIAT DUCATO/JUMPER/BOXER 06-*FRENTE SUP;0;;
61;1540;109.095375;1540;109.095375;CATEGORIA0;;1;1;0;1;;FIAT DUCATO/JUMPER/BOXER 06-*TRAVESSA FRT INF;FIAT DUCATO/JUMPER/BOXER 06-*TRAVESSA FRT INF;0;;
61;1540;109.095380;1540;109.095380;CATEGORIA0;;1;1;0;1;;FIAT DUCATO/JUMPER/BOXER 06-*MASCARA FAROL DRT;FIAT DUCATO/JUMPER/BOXER 06-*MASCARA FAROL DRT;0;;
61;1540;109.095381;1540;109.095381;CATEGORIA0;;1;1;0;1;;FIAT DUCATO/JUMPER/BOXER 06-*MASCARA FAROL ESQ;FIAT DUCATO/JUMPER/BOXER 06-*MASCARA FAROL ESQ;0;;
61;1540;109.095411;1540;109.095411;CATEGORIA0;;1;1;0;1;;FIAT SCUDO/JUMPY/EXP 2007-*G/LAMAS FRT DRT;FIAT SCUDO/JUMPY/EXP 2007-*G/LAMAS FRT DRT;0;;
61;1540;109.095412;1540;109.095412;CATEGORIA0;;1;1;0;1;;FIAT SCUDO/JUMPY/EXP 2007-*G/LAMAS FRT ESQ;FIAT SCUDO/JUMPY/EXP 2007-*G/LAMAS FRT ESQ;0;;
61;1540;109.095430;1540;109.095430;CATEGORIA0;;1;1;0;1;;FIAT SCUDO/JUMPY/EXP 2007-*CAPOT;FIAT SCUDO/JUMPY/EXP 2007-*CAPOT;0;;
61;1540;109.095470;1540;109.095470;CATEGORIA0;;1;1;0;1;;FIAT SCUDO/JUMPY/EXP 2007-*FRENTE;FIAT SCUDO/JUMPY/EXP 2007-*FRENTE;0;;
61;1540;109.095480;1540;109.095480;CATEGORIA0;;1;1;0;1;;FIAT SCUDO/JUMPY/EXP 2007-*REFORÇO FRT DRT (CHAPA);FIAT SCUDO/JUMPY/EXP 2007-*REFORÇO FRT DRT (CHAPA);0;;
61;1540;109.095481;1540;109.095481;CATEGORIA0;;1;1;0;1;;FIAT SCUDO/JUMPY/EXP 2007-*REFORÇO FRT ESQ (CHAPA);FIAT SCUDO/JUMPY/EXP 2007-*REFORÇO FRT ESQ (CHAPA);0;;
61;1540;109.095530;1540;109.095530;CATEGORIA0;;1;1;0;1;;FIAT FIORINO 08-*CAPOT;FIAT FIORINO 08-*CAPOT;0;;
61;1540;109.095611;1540;109.095611;CATEGORIA0;;1;1;0;1;;FIAT PALIO 97-*G/LAMAS FRT DRT;FIAT PALIO 97-*G/LAMAS FRT DRT;0;;
61;1540;109.095612;1540;109.095612;CATEGORIA0;;1;1;0;1;;FIAT PALIO 97-*G/LAMAS FRT ESQ;FIAT PALIO 97-*G/LAMAS FRT ESQ;0;;
61;1540;109.095630;1540;109.095630;CATEGORIA0;;1;1;0;1;;FIAT PALIO 97-*CAPOT;FIAT PALIO 97-*CAPOT;0;;
61;1540;109.095670;1540;109.095670;CATEGORIA0;;1;1;0;1;;FIAT PALIO 97-*FRENTE;FIAT PALIO 97-*FRENTE;0;;
61;1540;109.095674;1540;109.095674;CATEGORIA0;;1;1;0;1;;FIAT PALIO 97-*TRAVESSA FRT INF(COMPLETA);FIAT PALIO 97-*TRAVESSA FRT INF(COMPLETA);0;;
61;1540;109.095676;1540;109.095676;CATEGORIA0;;1;1;0;1;;FIAT PALIO 97-*TRAVESSA FRT INF(INTERIOR);FIAT PALIO 97-*TRAVESSA FRT INF(INTERIOR);0;;
61;1540;109.095711;1540;109.095711;CATEGORIA0;;1;1;0;1;;FIAT LINEA 2007-*G/LAMAS FRT DRT;FIAT LINEA 2007-*G/LAMAS FRT DRT;0;;
61;1540;109.095712;1540;109.095712;CATEGORIA0;;1;1;0;1;;FIAT LINEA 2007-*G/LAMAS FRT ESQ;FIAT LINEA 2007-*G/LAMAS FRT ESQ;0;;
61;1540;109.095730;1540;109.095730;CATEGORIA0;;1;1;0;1;;FIAT LINEA 2007-*CAPOT;FIAT LINEA 2007-*CAPOT;0;;
61;1540;109.095770;1540;109.095770;CATEGORIA0;;1;1;0;1;;FIAT LINEA 2007-*FRENTE;FIAT LINEA 2007-*FRENTE;0;;
61;1540;109.095811;1540;109.095811;CATEGORIA0;;1;1;0;1;;FIAT 500 07-*G/LAMAS FRT DRT;FIAT 500 07-*G/LAMAS FRT DRT;0;;
61;1540;109.095812;1540;109.095812;CATEGORIA0;;1;1;0;1;;FIAT 500 07-*G/LAMAS FRT ESQ;FIAT 500 07-*G/LAMAS FRT ESQ;0;;
61;1540;109.095821;1540;109.095821;CATEGORIA0;;1;1;0;1;;FIAT 500 07-*G/LAMAS TRÁS DRT;FIAT 500 07-*G/LAMAS TRÁS DRT;0;;
61;1540;109.095822;1540;109.095822;CATEGORIA0;;1;1;0;1;;FIAT 500 07-*G/LAMAS TRÁS ESQ;FIAT 500 07-*G/LAMAS TRÁS ESQ;0;;
61;1540;109.095830;1540;109.095830;CATEGORIA0;;1;1;0;1;;FIAT 500 07-*CAPOT;FIAT 500 07-*CAPOT;0;;
61;1540;109.095870;1540;109.095870;CATEGORIA0;;1;1;0;1;;FIAT 500 07-*FRENTE COMPLETA;FIAT 500 07-*FRENTE COMPLETA;0;;
61;1540;109.095911;1540;109.095911;CATEGORIA0;;1;1;0;1;;FIAT PUNTO EVO 09-*G/LAMAS FR.DRT. S/SUP;FIAT PUNTO EVO 09-*G/LAMAS FR.DRT. S/SUP;0;;
61;1540;109.095912;1540;109.095912;CATEGORIA0;;1;1;0;1;;FIAT PUNTO EVO 09-*G/LAMAS FRT ESQ S/SUP G/L;FIAT PUNTO EVO 09-*G/LAMAS FRT ESQ S/SUP G/L;0;;
61;1540;109.096311;1540;109.096311;CATEGORIA0;;1;1;0;1;;FIAT DOBLO 10-/COMBO 12-*G/LAMAS FRT DRT;FIAT DOBLO 10-/COMBO 12-*G/LAMAS FRT DRT;0;;
61;1540;109.096312;1540;109.096312;CATEGORIA0;;1;1;0;1;;FIAT DOBLO 10-/COMBO 12-*G/LAMAS FRT ESQ;FIAT DOBLO 10-/COMBO 12-*G/LAMAS FRT ESQ;0;;
61;1540;109.096330;1540;109.096330;CATEGORIA0;;1;1;0;1;;FIAT DOBLO 10-*CAPOT;FIAT DOBLO 10-*CAPOT;0;;
61;1540;109.096376;1540;109.096376;CATEGORIA0;;1;1;0;1;;FIAT DOBLO 10-*TRAVESSA FRT SUP;FIAT DOBLO 10-*TRAVESSA FRT SUP;0;;
61;1540;109.096380;1540;109.096380;CATEGORIA0;;1;1;0;1;;FIAT DOBLO 10-*MASCARA FAROL DRT;FIAT DOBLO 10-*MASCARA FAROL DRT;0;;
61;1540;109.096381;1540;109.096381;CATEGORIA0;;1;1;0;1;;FIAT DOBLO 10-*MASCARA FAROL ESQ;FIAT DOBLO 10-*MASCARA FAROL ESQ;0;;
61;1540;109.096711;1540;109.096711;CATEGORIA0;;1;1;0;1;;FIAT PANDA 12-*G/LAMAS FRT DRT;FIAT PANDA 12-*G/LAMAS FRT DRT;0;;
61;1540;109.096712;1540;109.096712;CATEGORIA0;;1;1;0;1;;FIAT PANDA 12-*G/LAMAS FRT ESQ;FIAT PANDA 12-*G/LAMAS FRT ESQ;0;;
61;1540;109.096730;1540;109.096730;CATEGORIA0;;1;1;0;1;;FIAT PANDA 12-*CAPOT;FIAT PANDA 12-*CAPOT;0;;
61;1540;109.096770;1540;109.096770;CATEGORIA0;;1;1;0;1;;FIAT PANDA 12-*FRENTE COMPLETA;FIAT PANDA 12-*FRENTE COMPLETA;0;;
61;1540;109.096911;1540;109.096911;CATEGORIA0;;1;1;0;1;;FIAT 500L 12-*G/LAMAS FRT DRT;FIAT 500L 12-*G/LAMAS FRT DRT;0;;
61;1540;109.096912;1540;109.096912;CATEGORIA0;;1;1;0;1;;FIAT 500L 12-*G/LAMAS FRT ESQ;FIAT 500L 12-*G/LAMAS FRT ESQ;0;;
61;1540;109.096913;1540;109.096913;CATEGORIA0;;1;1;0;1;;FIAT 500L 12-*G/LAMAS FRT DRT C/FURO ABA;FIAT 500L 12-*G/LAMAS FRT DRT C/FURO ABA;0;;
61;1540;109.096914;1540;109.096914;CATEGORIA0;;1;1;0;1;;FIAT 500L 12-*G/LAMAS FRT ESQ C/FURO ABA;FIAT 500L 12-*G/LAMAS FRT ESQ C/FURO ABA;0;;
61;1540;109.096930;1540;109.096930;CATEGORIA0;;1;1;0;1;;FIAT 500L 12-*CAPOT;FIAT 500L 12-*CAPOT;0;;
61;1540;109.096970;1540;109.096970;CATEGORIA0;;1;1;0;1;;FIAT 500L 12-*FRENTE;FIAT 500L 12-*FRENTE;0;;
61;1540;109.097170;1540;109.097170;CATEGORIA0;;1;1;0;1;;IVECO DAILY 12-*FRENTE COMPLETA;IVECO DAILY 12-*FRENTE COMPLETA;0;;
61;1540;109.097211;1540;109.097211;CATEGORIA0;;1;1;0;1;;FIAT DUCATO/JUMPER/BOXER 14-*G/LAMAS FRT DRT;FIAT DUCATO/JUMPER/BOXER 14-*G/LAMAS FRT DRT;0;;
61;1540;109.097212;1540;109.097212;CATEGORIA0;;1;1;0;1;;FIAT DUCATO/JUMPER/BOXER 14-*G/LAMAS FRT ESQ;FIAT DUCATO/JUMPER/BOXER 14-*G/LAMAS FRT ESQ;0;;
61;1540;109.097213;1540;109.097213;CATEGORIA0;;1;1;0;1;;FIAT DUCATO/JUMPER/BOXER 14-*G/LAMAS FRT DRT (C/FURO ABA);FIAT DUCATO/JUMPER/BOXER 14-*G/LAMAS FRT DRT (C/FURO ABA);0;;
61;1540;109.097214;1540;109.097214;CATEGORIA0;;1;1;0;1;;FIAT DUCATO/JUMPER/BOXER 14-*G/LAMAS FRT ESQ (C/FURO ABA);FIAT DUCATO/JUMPER/BOXER 14-*G/LAMAS FRT ESQ (C/FURO ABA);0;;
61;1540;109.097230;1540;109.097230;CATEGORIA0;;1;1;0;1;;FIAT DUCATO 14-*CAPOT;FIAT DUCATO 14-*CAPOT;0;;
61;1540;109.097270;1540;109.097270;CATEGORIA0;;1;1;0;1;;FIAT DUCATO/JUMPER/BOXER 14-*FRENTE;FIAT DUCATO/JUMPER/BOXER 14-*FRENTE;0;;
61;1540;109.097276;1540;109.097276;CATEGORIA0;;1;1;0;1;;TRAVESSA P/CH FRT SUP(CHAPA);TRAVESSA P/CH FRT SUP(CHAPA);0;;
61;1540;109.097280;1540;109.097280;CATEGORIA0;;1;1;0;1;;FIAT DUCATO/JUMPER/BOXER 14-*SUPORTE FRT SUP DRT;FIAT DUCATO/JUMPER/BOXER 14-*SUPORTE FRT SUP DRT;0;;
61;1540;109.097281;1540;109.097281;CATEGORIA0;;1;1;0;1;;DUCATO/JUMPER/BOXER 14-* SUPORTE FRT.;DUCATO/JUMPER/BOXER 14-* SUPORTE FRT.;0;;
61;1540;109.097282;1540;109.097282;CATEGORIA0;;1;1;0;1;;FIAT DUCATO/JUMPER/BOXER 14-*MASCARA FAROL DRT;FIAT DUCATO/JUMPER/BOXER 14-*MASCARA FAROL DRT;0;;
61;1540;109.097283;1540;109.097283;CATEGORIA0;;1;1;0;1;;FIAT DUCATO/JUMPER/BOXER 14-*MASCARA FAROL ESQ;FIAT DUCATO/JUMPER/BOXER 14-*MASCARA FAROL ESQ;0;;
61;1540;109.097311;1540;109.097311;CATEGORIA0;;1;1;0;1;;FIAT 500X 14-*G/LAMAS FRT DRT;FIAT 500X 14-*G/LAMAS FRT DRT;0;;
61;1540;109.097312;1540;109.097312;CATEGORIA0;;1;1;0;1;;FIAT 500X 14-*G/LAMAS FRT ESQ;FIAT 500X 14-*G/LAMAS FRT ESQ;0;;
61;1540;109.097330;1540;109.097330;CATEGORIA0;;1;1;0;1;;FIAT 500X 14-*CAPOT;FIAT 500X 14-*CAPOT;0;;
61;1540;109.097370;1540;109.097370;CATEGORIA0;;1;1;0;1;;FIAT 500X 14-*FRENTE COMPLETA;FIAT 500X 14-*FRENTE COMPLETA;0;;
61;1540;109.097411;1540;109.097411;CATEGORIA0;;1;1;0;1;;IVECO DAILY 14-*G/LAMAS FRT DRT;IVECO DAILY 14-*G/LAMAS FRT DRT;0;;
61;1540;109.097412;1540;109.097412;CATEGORIA0;;1;1;0;1;;IVECO DAILY 14-*G/LAMAS FRT ESQ;IVECO DAILY 14-*G/LAMAS FRT ESQ;0;;
61;1540;109.097430;1540;109.097430;CATEGORIA0;;1;1;0;1;;IVECO DAILY 14-*CAPOT;IVECO DAILY 14-*CAPOT;0;;
61;1540;109.097470;1540;109.097470;CATEGORIA0;;1;1;0;1;;IVECO DAILY 14-*FRENTE COMPLETA;IVECO DAILY 14-*FRENTE COMPLETA;0;;
61;1540;109.097530;1540;109.097530;CATEGORIA0;;1;1;0;1;;FIAT 500 15-*CAPOT;FIAT 500 15-*CAPOT;0;;
61;1540;109.097611;1540;109.097611;CATEGORIA0;;1;1;0;1;;FIAT DOBLO 15-*G/LAMAS FRT DRT;FIAT DOBLO 15-*G/LAMAS FRT DRT;0;;
61;1540;109.097612;1540;109.097612;CATEGORIA0;;1;1;0;1;;FIAT DOBLO 15-*G/LAMAS FRT ESQ;FIAT DOBLO 15-*G/LAMAS FRT ESQ;0;;
61;1540;109.097630;1540;109.097630;CATEGORIA0;;1;1;0;1;;FIAT DOBLO 15-*CAPOT;FIAT DOBLO 15-*CAPOT;0;;
61;1540;109.097674;1540;109.097674;CATEGORIA0;;1;1;0;1;;FIAT DOBLO 15-*TRAVESSA RADIADOR INF;FIAT DOBLO 15-*TRAVESSA RADIADOR INF;0;;
61;1540;109.097675;1540;109.097675;CATEGORIA0;;1;1;0;1;;FIAT DOBLO 15-*TRAVESSA RADIADOR SUP;FIAT DOBLO 15-*TRAVESSA RADIADOR SUP;0;;
61;1540;109.097682;1540;109.097682;CATEGORIA0;;1;1;0;1;;FIAT DOBLO 15-*SUPORTE MASCARA FAROL DRT;FIAT DOBLO 15-*SUPORTE MASCARA FAROL DRT;0;;
61;1540;109.097683;1540;109.097683;CATEGORIA0;;1;1;0;1;;FIAT DOBLO 15-*SUPORTE MASCARA FAROL ESQ;FIAT DOBLO 15-*SUPORTE MASCARA FAROL ESQ;0;;
61;1540;109.097711;1540;109.097711;CATEGORIA0;;1;1;0;1;;FIAT TIPO 2015.10-*G/LAMAS FRT DRT;FIAT TIPO 2015.10-*G/LAMAS FRT DRT;0;;
61;1540;109.097712;1540;109.097712;CATEGORIA0;;1;1;0;1;;FIAT TIPO 2015.10-*G/LAMAS FRT ESQ;FIAT TIPO 2015.10-*G/LAMAS FRT ESQ;0;;
61;1540;109.097730;1540;109.097730;CATEGORIA0;;1;1;0;1;;FIAT TIPO 2015.10-*CAPOT;FIAT TIPO 2015.10-*CAPOT;0;;
61;1540;109.097771;1540;109.097771;CATEGORIA0;;1;1;0;1;;FIAT TIPO 2015.10-*CHARRIOT(MOD SEDAN);FIAT TIPO 2015.10-*CHARRIOT(MOD SEDAN);0;;
61;1540;109.097775;1540;109.097775;CATEGORIA0;;1;1;0;1;;FIAT TIPO 2015.10-*TRAVESSA FRT INFERIOR;FIAT TIPO 2015.10-*TRAVESSA FRT INFERIOR;0;;
61;1540;109.098130;1540;109.098130;CATEGORIA0;;1;1;0;1;;FIAT TALENTO 2017.01-*CAPOT;FIAT TALENTO 2017.01-*CAPOT;0;;
61;1540;109.098211;1540;109.098211;CATEGORIA0;;1;1;0;1;;IVECO DAILY 2019.01-*G/LAMAS FRT DRT;IVECO DAILY 2019.01-*G/LAMAS FRT DRT;0;;
61;1540;109.098212;1540;109.098212;CATEGORIA0;;1;1;0;1;;IVECO DAILY 2019.01-*G/LAMAS FRT ESQ;IVECO DAILY 2019.01-*G/LAMAS FRT ESQ;0;;
61;1540;109.100327;1540;109.100327;CATEGORIA0;;1;1;0;1;;FORD ESCORT 80-*PAINEL PORTA TRÁS ESQ;FORD ESCORT 80-*PAINEL PORTA TRÁS ESQ;0;;
61;1540;109.100375;1540;109.100375;CATEGORIA0;;1;1;0;1;;FORD ESCORT 80-*TRAVESSA FRT INF;FORD ESCORT 80-*TRAVESSA FRT INF;0;;
61;1540;109.100611;1540;109.100611;CATEGORIA0;;1;1;0;1;;FORD ESCORT 90-*G/LAMAS FRT DRT;FORD ESCORT 90-*G/LAMAS FRT DRT;0;;
61;1540;109.100612;1540;109.100612;CATEGORIA0;;1;1;0;1;;FORD ESCORT 90-*G.LAMAS FRT ESQ;FORD ESCORT 90-*G.LAMAS FRT ESQ;0;;
61;1540;109.100628;1540;109.100628;CATEGORIA0;;1;1;0;1;;FORD ESCORT 90-*G/LAMAS TRÁS DRT (VAN);FORD ESCORT 90-*G/LAMAS TRÁS DRT (VAN);0;;
61;1540;109.100630;1540;109.100630;CATEGORIA0;;1;1;0;1;;FORD ESCORT 90-*CAPOT;FORD ESCORT 90-*CAPOT;0;;
61;1540;109.100670;1540;109.100670;CATEGORIA0;;1;1;0;1;;FORD ESCORT 90-*FRENTE;FORD ESCORT 90-*FRENTE;0;;
61;1540;109.100730;1540;109.100730;CATEGORIA0;;1;1;0;1;;FORD ESCORT 92-*CAPOT;FORD ESCORT 92-*CAPOT;0;;
61;1540;109.100811;1540;109.100811;CATEGORIA0;;1;1;0;1;;FORD ESCORT 95-*G/LAMAS FRT DRT;FORD ESCORT 95-*G/LAMAS FRT DRT;0;;
61;1540;109.100812;1540;109.100812;CATEGORIA0;;1;1;0;1;;FORD ESCORT 95-*G/LAMAS FRT ESQ;FORD ESCORT 95-*G/LAMAS FRT ESQ;0;;
61;1540;109.100830;1540;109.100830;CATEGORIA0;;1;1;0;1;;FORD ESCORT 95-*CAPOT;FORD ESCORT 95-*CAPOT;0;;
61;1540;109.100870;1540;109.100870;CATEGORIA0;;1;1;0;1;;FORD ESCORT 95-*FRENTE COMPLETA;FORD ESCORT 95-*FRENTE COMPLETA;0;;
61;1540;109.100872;1540;109.100872;CATEGORIA0;;1;1;0;1;;FORD ESCORT 95-*FRENTE COMPLETA (C/SUPORTE MASCARA FAROL);FORD ESCORT 95-*FRENTE COMPLETA (C/SUPORTE MASCARA FAROL);0;;
61;1540;109.100875;1540;109.100875;CATEGORIA0;;1;1;0;1;;FORD ESCORT 95-*FRENTE SUP;FORD ESCORT 95-*FRENTE SUP;0;;
61;1540;109.100876;1540;109.100876;CATEGORIA0;;1;1;0;1;;FORD ESCORT 95-*TRAVESSA RADIADOR;FORD ESCORT 95-*TRAVESSA RADIADOR;0;;
61;1540;109.101075;1540;109.101075;CATEGORIA0;;1;1;0;1;;FORD FIESTA 84-*TRAVESSA FRT INF;FORD FIESTA 84-*TRAVESSA FRT INF;0;;
61;1540;109.101230;1540;109.101230;CATEGORIA0;;1;1;0;1;;FORD FIESTA 98-*CAPOT;FORD FIESTA 98-*CAPOT;0;;
61;1540;109.101512;1540;109.101512;CATEGORIA0;;1;1;0;1;;FORD FIESTA 89-*G.LAMAS FRT ESQ;FORD FIESTA 89-*G.LAMAS FRT ESQ;0;;
61;1540;109.101530;1540;109.101530;CATEGORIA0;;1;1;0;1;;FORD FIESTA 89-*CAPOT;FORD FIESTA 89-*CAPOT;0;;
61;1540;109.101570;1540;109.101570;CATEGORIA0;;1;1;0;1;;FORD FIESTA 89-*FRENTE;FORD FIESTA 89-*FRENTE;0;;
61;1540;109.101576;1540;109.101576;CATEGORIA0;;1;1;0;1;;AVENTAL FRT. INF.;AVENTAL FRT. INF.;0;;
61;1540;109.101611;1540;109.101611;CATEGORIA0;;1;1;0;1;;FORD FIESTA 94-*G/LAMAS FRT DRT;FORD FIESTA 94-*G/LAMAS FRT DRT;0;;
61;1540;109.101612;1540;109.101612;CATEGORIA0;;1;1;0;1;;FORD FIESTA 94-*G/LAMAS FRT ESQ;FORD FIESTA 94-*G/LAMAS FRT ESQ;0;;
61;1540;109.101613;1540;109.101613;CATEGORIA0;;1;1;0;1;;FORD FIESTA 96 - G/LAMAS FRT. DTO.;FORD FIESTA 96 - G/LAMAS FRT. DTO.;0;;
61;1540;109.101614;1540;109.101614;CATEGORIA0;;1;1;0;1;;FORD FIESTA 96-*G/LAMAS FRT ESQ;FORD FIESTA 96-*G/LAMAS FRT ESQ;0;;
61;1540;109.101630;1540;109.101630;CATEGORIA0;;1;1;0;1;;FORD FIESTA 96-*CAPOT;FORD FIESTA 96-*CAPOT;0;;
61;1540;109.101670;1540;109.101670;CATEGORIA0;;1;1;0;1;;FORD FIESTA 96-*FRENTE COMPLETA;FORD FIESTA 96-*FRENTE COMPLETA;0;;
61;1540;109.101690;1540;109.101690;CATEGORIA0;;1;1;0;1;;FORD FIESTA 96-/99-*TRASEIRA 3P;FORD FIESTA 96-/99-*TRASEIRA 3P;0;;
61;1540;109.101691;1540;109.101691;CATEGORIA0;;1;1;0;1;;FORD FIESTA 96-*TAMPA MALA;FORD FIESTA 96-*TAMPA MALA;0;;
61;1540;109.101811;1540;109.101811;CATEGORIA0;;1;1;0;1;;FORD TRANSIT 86-*G/LAMAS DRT;FORD TRANSIT 86-*G/LAMAS DRT;0;;
61;1540;109.101812;1540;109.101812;CATEGORIA0;;1;1;0;1;;FORD TRANSIT 86-*G/LAMAS ESQ;FORD TRANSIT 86-*G/LAMAS ESQ;0;;
61;1540;109.101822;1540;109.101822;CATEGORIA0;;1;1;0;1;;FORD TRANSIT 86-2000*PORTA LATERAL DRT (S/JANELA);FORD TRANSIT 86-2000*PORTA LATERAL DRT (S/JANELA);0;;
61;1540;109.101824;1540;109.101824;CATEGORIA0;;1;1;0;1;;FORD TRANSIT 86-*PORTA TRÁS DRT (T/BAIXO);FORD TRANSIT 86-*PORTA TRÁS DRT (T/BAIXO);0;;
61;1540;109.101825;1540;109.101825;CATEGORIA0;;1;1;0;1;;FORD TRANSIT 86-*PORTA TRÁS ESQ (T/BAIXO);FORD TRANSIT 86-*PORTA TRÁS ESQ (T/BAIXO);0;;
61;1540;109.101828;1540;109.101828;CATEGORIA0;;1;1;0;1;;FORD TRANSIT 86-2000*PORTA FRT DRT;FORD TRANSIT 86-2000*PORTA FRT DRT;0;;
61;1540;109.101911;1540;109.101911;CATEGORIA0;;1;1;0;1;;FORD TRANSIT 91-*G/LAMAS DIREITO;FORD TRANSIT 91-*G/LAMAS DIREITO;0;;
61;1540;109.101912;1540;109.101912;CATEGORIA0;;1;1;0;1;;FORD TRANSIT 91-*G/LAMAS ESQUERDO;FORD TRANSIT 91-*G/LAMAS ESQUERDO;0;;
61;1540;109.101970;1540;109.101970;CATEGORIA0;;1;1;0;1;;FRENTE INTERNA;FRENTE INTERNA;0;;
61;1540;109.101975;1540;109.101975;CATEGORIA0;;1;1;0;1;;FORD TRANSIT 91-*TRAVESSA FRT INF EXTERIOR;FORD TRANSIT 91-*TRAVESSA FRT INF EXTERIOR;0;;
61;1540;109.101976;1540;109.101976;CATEGORIA0;;1;1;0;1;;FORD TRANSIT 91-*TRAVESSA FRT INTERIOR;FORD TRANSIT 91-*TRAVESSA FRT INTERIOR;0;;
61;1540;109.102011;1540;109.102011;CATEGORIA0;;1;1;0;1;;FORD TRANSIT 95-*G/LAMAS FRT DRT;FORD TRANSIT 95-*G/LAMAS FRT DRT;0;;
61;1540;109.102012;1540;109.102012;CATEGORIA0;;1;1;0;1;;FORD TRANSIT 95-*G/LAMAS FRT ESQ;FORD TRANSIT 95-*G/LAMAS FRT ESQ;0;;
61;1540;109.102030;1540;109.102030;CATEGORIA0;;1;1;0;1;;FORD TRANSIT 95-*CAPOT;FORD TRANSIT 95-*CAPOT;0;;
61;1540;109.102075;1540;109.102075;CATEGORIA0;;1;1;0;1;;TRAVESSA FRENTE;TRAVESSA FRENTE;0;;
61;1540;109.102076;1540;109.102076;CATEGORIA0;;1;1;0;1;;TRAVESSA FRENTE;TRAVESSA FRENTE;0;;
61;1540;109.102111;1540;109.102111;CATEGORIA0;;1;1;0;1;;FORD MONDEO 93-*G/LAMAS FRT DRT;FORD MONDEO 93-*G/LAMAS FRT DRT;0;;
61;1540;109.102112;1540;109.102112;CATEGORIA0;;1;1;0;1;;FORD MONDEO 93-*G/LAMAS FRT ESQ;FORD MONDEO 93-*G/LAMAS FRT ESQ;0;;
61;1540;109.102130;1540;109.102130;CATEGORIA0;;1;1;0;1;;FORD MONDEO 93-*CAPOT;FORD MONDEO 93-*CAPOT;0;;
61;1540;109.102170;1540;109.102170;CATEGORIA0;;1;1;0;1;;FORD MONDEO 93-*FRENTE COMPLETA;FORD MONDEO 93-*FRENTE COMPLETA;0;;
61;1540;109.102180;1540;109.102180;CATEGORIA0;;1;1;0;1;;FORD MONDEO 93-*MASCARA FAROL DRT;FORD MONDEO 93-*MASCARA FAROL DRT;0;;
61;1540;109.102181;1540;109.102181;CATEGORIA0;;1;1;0;1;;FORD MONDEO 93-*MASCARA FAROL ESQ;FORD MONDEO 93-*MASCARA FAROL ESQ;0;;
61;1540;109.102194;1540;109.102194;CATEGORIA0;;1;1;0;1;;FORD MONDEO 93-*EMBALADEIRA DRT;FORD MONDEO 93-*EMBALADEIRA DRT;0;;
61;1540;109.102195;1540;109.102195;CATEGORIA0;;1;1;0;1;;FORD MONDEO 93-*EMBALADEIRA ESQ;FORD MONDEO 93-*EMBALADEIRA ESQ;0;;
61;1540;109.102211;1540;109.102211;CATEGORIA0;;1;1;0;1;;FORD MONDEO 96-*G/LAMAS FRT DRT;FORD MONDEO 96-*G/LAMAS FRT DRT;0;;
61;1540;109.102212;1540;109.102212;CATEGORIA0;;1;1;0;1;;FORD MONDEO 96-*G/LAMAS FRT ESQ;FORD MONDEO 96-*G/LAMAS FRT ESQ;0;;
61;1540;109.102270;1540;109.102270;CATEGORIA0;;1;1;0;1;;FORD MONDEO 96-*FRENTE COMPLETA;FORD MONDEO 96-*FRENTE COMPLETA;0;;
61;1540;109.102511;1540;109.102511;CATEGORIA0;;1;1;0;1;;FORD TRANSIT 00-*G/LAMAS FRT DRT;FORD TRANSIT 00-*G/LAMAS FRT DRT;0;;
61;1540;109.102512;1540;109.102512;CATEGORIA0;;1;1;0;1;;FORD TRANSIT 00-*G/LAMAS FRT ESQ;FORD TRANSIT 00-*G/LAMAS FRT ESQ;0;;
61;1540;109.102517;1540;109.102517;CATEGORIA0;;1;1;0;1;;FORD TRANSIT 00-*G/LAMAS FRT DRT (C/FUROS);FORD TRANSIT 00-*G/LAMAS FRT DRT (C/FUROS);0;;
61;1540;109.102518;1540;109.102518;CATEGORIA0;;1;1;0;1;;FORD TRANSIT 00-*G/LAMAS FRT ESQ (C/FUROS);FORD TRANSIT 00-*G/LAMAS FRT ESQ (C/FUROS);0;;
61;1540;109.102530;1540;109.102530;CATEGORIA0;;1;1;0;1;;FORD TRANSIT 00-*CAPOT;FORD TRANSIT 00-*CAPOT;0;;
61;1540;109.102611;1540;109.102611;CATEGORIA0;;1;1;0;1;;FOCUS 98- G/LAMAS FRT. DTO.;FOCUS 98- G/LAMAS FRT. DTO.;0;;
61;1540;109.102612;1540;109.102612;CATEGORIA0;;1;1;0;1;;FORD FOCUS 98-*G/LAMAS FRT ESQ;FORD FOCUS 98-*G/LAMAS FRT ESQ;0;;
61;1540;109.102621;1540;109.102621;CATEGORIA0;;1;1;0;1;;FORD FOCUS 98-*G/LAMAS TRÁS DRT (3P);FORD FOCUS 98-*G/LAMAS TRÁS DRT (3P);0;;
61;1540;109.102622;1540;109.102622;CATEGORIA0;;1;1;0;1;;FORD FOCUS 98-*G/LAMAS TRÁS ESQ (3P);FORD FOCUS 98-*G/LAMAS TRÁS ESQ (3P);0;;
61;1540;109.102623;1540;109.102623;CATEGORIA0;;1;1;0;1;;FORD FOCUS 98-*G/LAMAS TRÁS DRT (5P);FORD FOCUS 98-*G/LAMAS TRÁS DRT (5P);0;;
61;1540;109.102624;1540;109.102624;CATEGORIA0;;1;1;0;1;;FORD FOCUS 98-*G/LAMAS TRÁS ESQ (5P);FORD FOCUS 98-*G/LAMAS TRÁS ESQ (5P);0;;
61;1540;109.102630;1540;109.102630;CATEGORIA0;;1;1;0;1;;FORD FOCUS 98-*CAPOT;FORD FOCUS 98-*CAPOT;0;;
61;1540;109.102670;1540;109.102670;CATEGORIA0;;1;1;0;1;;FORD FOCUS 98-04*FRENTE COMPLETA;FORD FOCUS 98-04*FRENTE COMPLETA;0;;
61;1540;109.102671;1540;109.102671;CATEGORIA0;;1;1;0;1;;FORD FOCUS 98-04*FRENTE COMPLETA C/KIT SUPORTES METALICOS FI;FORD FOCUS 98-04*FRENTE COMPLETA C/KIT SUPORTES METALICOS FI;0;;
61;1540;109.102675;1540;109.102675;CATEGORIA0;;1;1;0;1;;FORD FOCUS 98-*TRAVESSA RADIADOR INF P/CH;FORD FOCUS 98-*TRAVESSA RADIADOR INF P/CH;0;;
61;1540;109.102682;1540;109.102682;CATEGORIA0;;1;1;0;1;;FORD FOCUS 98-*SUPORTE P/CH FRT DRT;FORD FOCUS 98-*SUPORTE P/CH FRT DRT;0;;
61;1540;109.102683;1540;109.102683;CATEGORIA0;;1;1;0;1;;FORD FOCUS 98-*SUPORTE P/CH FRT ESQ;FORD FOCUS 98-*SUPORTE P/CH FRT ESQ;0;;
61;1540;109.102711;1540;109.102711;CATEGORIA0;;1;1;0;1;;FORD FIESTA 99-*G/LAMAS FRT DRT;FORD FIESTA 99-*G/LAMAS FRT DRT;0;;
61;1540;109.102712;1540;109.102712;CATEGORIA0;;1;1;0;1;;FORD FIESTA 99-*G/LAMAS FRT ESQ;FORD FIESTA 99-*G/LAMAS FRT ESQ;0;;
61;1540;109.102730;1540;109.102730;CATEGORIA0;;1;1;0;1;;FORD FIESTA 99-*CAPOT;FORD FIESTA 99-*CAPOT;0;;
61;1540;109.102770;1540;109.102770;CATEGORIA0;;1;1;0;1;;FORD FIESTA 99-*FRENTE COMPLETA;FORD FIESTA 99-*FRENTE COMPLETA;0;;
61;1540;109.102911;1540;109.102911;CATEGORIA0;;1;1;0;1;;FORD MONDEO 00-07*G/LAMAS FRT DRT;FORD MONDEO 00-07*G/LAMAS FRT DRT;0;;
61;1540;109.102912;1540;109.102912;CATEGORIA0;;1;1;0;1;;FORD MONDEO 00-07*G/LAMAS FRT ESQ;FORD MONDEO 00-07*G/LAMAS FRT ESQ;0;;
61;1540;109.102930;1540;109.102930;CATEGORIA0;;1;1;0;1;;FORD MONDEO 00-07*CAPOT;FORD MONDEO 00-07*CAPOT;0;;
61;1540;109.102970;1540;109.102970;CATEGORIA0;;1;1;0;1;;FORD MONDEO 00-*FRENTE COMPLETA;FORD MONDEO 00-*FRENTE COMPLETA;0;;
61;1540;109.103075;1540;109.103075;CATEGORIA0;;1;1;0;1;;FORD FOCUS 02-*TRAVESSA FRT INF;FORD FOCUS 02-*TRAVESSA FRT INF;0;;
61;1540;109.103111;1540;109.103111;CATEGORIA0;;1;1;0;1;;FORD FIESTA 02-08*G/LAMAS FRT DRT;FORD FIESTA 02-08*G/LAMAS FRT DRT;0;;
61;1540;109.103112;1540;109.103112;CATEGORIA0;;1;1;0;1;;FORD FIESTA 02-08*G/LAMAS FRT ESQ;FORD FIESTA 02-08*G/LAMAS FRT ESQ;0;;
61;1540;109.103123;1540;109.103123;CATEGORIA0;;1;1;0;1;;FORD FIESTA 02-*G/LAMAS TRÁS DRT (5P);FORD FIESTA 02-*G/LAMAS TRÁS DRT (5P);0;;
61;1540;109.103124;1540;109.103124;CATEGORIA0;;1;1;0;1;;FORD FIESTA 02-*G/LAMAS TRÁS ESQ (5P);FORD FIESTA 02-*G/LAMAS TRÁS ESQ (5P);0;;
61;1540;109.103130;1540;109.103130;CATEGORIA0;;1;1;0;1;;FORD FIESTA 02-*CAPOT;FORD FIESTA 02-*CAPOT;0;;
61;1540;109.103170;1540;109.103170;CATEGORIA0;;1;1;0;1;;FORD FIESTA 02-08*FRENTE COMPLETA;FORD FIESTA 02-08*FRENTE COMPLETA;0;;
61;1540;109.103190;1540;109.103190;CATEGORIA0;;1;1;0;1;;FORD FIESTA 02-*TRASEIRA SUP;FORD FIESTA 02-*TRASEIRA SUP;0;;
61;1540;109.103211;1540;109.103211;CATEGORIA0;;1;1;0;1;;FORD FUSION 02-*G/LAMAS FRT DRT;FORD FUSION 02-*G/LAMAS FRT DRT;0;;
61;1540;109.103212;1540;109.103212;CATEGORIA0;;1;1;0;1;;FORD FUSION 02-*G/LAMAS FRT ESQ;FORD FUSION 02-*G/LAMAS FRT ESQ;0;;
61;1540;109.103230;1540;109.103230;CATEGORIA0;;1;1;0;1;;FORD FUSION 02-*CAPOT;FORD FUSION 02-*CAPOT;0;;
61;1540;109.103270;1540;109.103270;CATEGORIA0;;1;1;0;1;;FORD FUSION 02-*FRENTE COMPLETA;FORD FUSION 02-*FRENTE COMPLETA;0;;
61;1540;109.103311;1540;109.103311;CATEGORIA0;;1;1;0;1;;FORD TRANSIT CONNECT 02-*G/LAMAS FRT DRT;FORD TRANSIT CONNECT 02-*G/LAMAS FRT DRT;0;;
61;1540;109.103312;1540;109.103312;CATEGORIA0;;1;1;0;1;;FORD TRANSIT CONNECT 02-*G/LAMAS FRT ESQ;FORD TRANSIT CONNECT 02-*G/LAMAS FRT ESQ;0;;
61;1540;109.103330;1540;109.103330;CATEGORIA0;;1;1;0;1;;FORD TRANSIT CONNECT 02-*CAPOT;FORD TRANSIT CONNECT 02-*CAPOT;0;;
61;1540;109.103370;1540;109.103370;CATEGORIA0;;1;1;0;1;;FORD TRANSIT CONNECT 02/06-*FRENTE;FORD TRANSIT CONNECT 02/06-*FRENTE;0;;
61;1540;109.103375;1540;109.103375;CATEGORIA0;;1;1;0;1;;FORD TRANSIT CONNECT 02/06-*TRAVESSA FRT INF;FORD TRANSIT CONNECT 02/06-*TRAVESSA FRT INF;0;;
61;1540;109.103511;1540;109.103511;CATEGORIA0;;1;1;0;1;;FORD FOCUS C-MAX 03-*G/LAMAS FRT DRT;FORD FOCUS C-MAX 03-*G/LAMAS FRT DRT;0;;
61;1540;109.103512;1540;109.103512;CATEGORIA0;;1;1;0;1;;FORD FOCUS C-MAX 03-*G/LAMAS FRT ESQ;FORD FOCUS C-MAX 03-*G/LAMAS FRT ESQ;0;;
61;1540;109.103530;1540;109.103530;CATEGORIA0;;1;1;0;1;;FORD FOCUS C-MAX 03-*CAPOT;FORD FOCUS C-MAX 03-*CAPOT;0;;
61;1540;109.103570;1540;109.103570;CATEGORIA0;;1;1;0;1;;FORD FOCUS C-MAX 03-*/06-*FRENTE COMPLETA;FORD FOCUS C-MAX 03-*/06-*FRENTE COMPLETA;0;;
61;1540;109.103611;1540;109.103611;CATEGORIA0;;1;1;0;1;;FORD FOCUS 04-*G/LAMAS FRT DRT;FORD FOCUS 04-*G/LAMAS FRT DRT;0;;
61;1540;109.103612;1540;109.103612;CATEGORIA0;;1;1;0;1;;FORD FOCUS 04-*G/LAMAS FRT ESQ;FORD FOCUS 04-*G/LAMAS FRT ESQ;0;;
61;1540;109.103630;1540;109.103630;CATEGORIA0;;1;1;0;1;;FORD FOCUS 04-*CAPOT;FORD FOCUS 04-*CAPOT;0;;
61;1540;109.103670;1540;109.103670;CATEGORIA0;;1;1;0;1;;FORD FOCUS 04-10*FRENTE COMPLETA;FORD FOCUS 04-10*FRENTE COMPLETA;0;;
61;1540;109.103730;1540;109.103730;CATEGORIA0;;1;1;0;1;;FORD TRANSIT CONNECT 06-*CAPOT;FORD TRANSIT CONNECT 06-*CAPOT;0;;
61;1540;109.103770;1540;109.103770;CATEGORIA0;;1;1;0;1;;FORD TRANSIT CONNECT 10-*FRENTE;FORD TRANSIT CONNECT 10-*FRENTE;0;;
61;1540;109.103775;1540;109.103775;CATEGORIA0;;1;1;0;1;;FORD TRANSIT CONNECT 10-*TRAVESSA FRT INF;FORD TRANSIT CONNECT 10-*TRAVESSA FRT INF;0;;
61;1540;109.103830;1540;109.103830;CATEGORIA0;;1;1;0;1;;FORD FIESTA 05-*CAPOT;FORD FIESTA 05-*CAPOT;0;;
61;1540;109.103911;1540;109.103911;CATEGORIA0;;1;1;0;1;;FORD S-MAX 06-*G/LAMAS FRT DRT;FORD S-MAX 06-*G/LAMAS FRT DRT;0;;
61;1540;109.103912;1540;109.103912;CATEGORIA0;;1;1;0;1;;FORD S-MAX 06-*G/LAMAS FRT ESQ;FORD S-MAX 06-*G/LAMAS FRT ESQ;0;;
61;1540;109.103930;1540;109.103930;CATEGORIA0;;1;1;0;1;;FORD S-MAX 06-*/GALAXY 06-*CAPOT;FORD S-MAX 06-*/GALAXY 06-*CAPOT;0;;
61;1540;109.104012;1540;109.104012;CATEGORIA0;;1;1;0;1;;FORD TRANSIT 06-*G/LAMAS FRT ESQ (S/FURO);FORD TRANSIT 06-*G/LAMAS FRT ESQ (S/FURO);0;;
61;1540;109.104013;1540;109.104013;CATEGORIA0;;1;1;0;1;;FORD TRANSIT 06-*G/LAMAS FRT DRT C/FURO;FORD TRANSIT 06-*G/LAMAS FRT DRT C/FURO;0;;
61;1540;109.104014;1540;109.104014;CATEGORIA0;;1;1;0;1;;FORD TRANSIT 06-*G/LAMAS FRT ESQ C/FURO;FORD TRANSIT 06-*G/LAMAS FRT ESQ C/FURO;0;;
61;1540;109.104030;1540;109.104030;CATEGORIA0;;1;1;0;1;;FORD TRANSIT 06-*CAPOT;FORD TRANSIT 06-*CAPOT;0;;
61;1540;109.104070;1540;109.104070;CATEGORIA0;;1;1;0;1;;FORD TRANSIT 06-*FRENTE SUPERIOR;FORD TRANSIT 06-*FRENTE SUPERIOR;0;;
61;1540;109.104075;1540;109.104075;CATEGORIA0;;1;1;0;1;;FORD TRANSIT 06-*TRAVESSA FRT INFERIOR;FORD TRANSIT 06-*TRAVESSA FRT INFERIOR;0;;
61;1540;109.104080;1540;109.104080;CATEGORIA0;;1;1;0;1;;FORD TRANSIT 06-*MASCARA FAROL DRT;FORD TRANSIT 06-*MASCARA FAROL DRT;0;;
61;1540;109.104081;1540;109.104081;CATEGORIA0;;1;1;0;1;;FORD TRANSIT 06-*MASCARA FAROL ESQ;FORD TRANSIT 06-*MASCARA FAROL ESQ;0;;
61;1540;109.104111;1540;109.104111;CATEGORIA0;;1;1;0;1;;FORD MONDEO 07-*G/LAMAS FRT DRT;FORD MONDEO 07-*G/LAMAS FRT DRT;0;;
61;1540;109.104112;1540;109.104112;CATEGORIA0;;1;1;0;1;;FORD MONDEO 07-*G/LAMAS FRT ESQ;FORD MONDEO 07-*G/LAMAS FRT ESQ;0;;
61;1540;109.104130;1540;109.104130;CATEGORIA0;;1;1;0;1;;FORD MONDEO 07-*CAPOT;FORD MONDEO 07-*CAPOT;0;;
61;1540;109.104170;1540;109.104170;CATEGORIA0;;1;1;0;1;;FORD MONDEO 07-/S-MAX 06-/GALA 06-*FRENTE COMPLETA;FORD MONDEO 07-/S-MAX 06-/GALA 06-*FRENTE COMPLETA;0;;
61;1540;109.104211;1540;109.104211;CATEGORIA0;;1;1;0;1;;FORD FOCUS 08-*G/LAMAS FRT DRT;FORD FOCUS 08-*G/LAMAS FRT DRT;0;;
61;1540;109.104212;1540;109.104212;CATEGORIA0;;1;1;0;1;;FORD FOCUS 08-*G/LAMAS FRT ESQ;FORD FOCUS 08-*G/LAMAS FRT ESQ;0;;
61;1540;109.104230;1540;109.104230;CATEGORIA0;;1;1;0;1;;FORD FOCUS 08-*CAPOT;FORD FOCUS 08-*CAPOT;0;;
61;1540;109.104276;1540;109.104276;CATEGORIA0;;1;1;0;1;;FORD FOCUS 08-*TRAVESSA RAD INF;FORD FOCUS 08-*TRAVESSA RAD INF;0;;
61;1540;109.104311;1540;109.104311;CATEGORIA0;;1;1;0;1;;FORD KA 08-*G/LAMAS FRT DRT(CHAPA);FORD KA 08-*G/LAMAS FRT DRT(CHAPA);0;;
61;1540;109.104312;1540;109.104312;CATEGORIA0;;1;1;0;1;;FORD KA 08-*G/LAMAS FRT ESQ(CHAPA);FORD KA 08-*G/LAMAS FRT ESQ(CHAPA);0;;
61;1540;109.104330;1540;109.104330;CATEGORIA0;;1;1;0;1;;FORD KA 08-*CAPOT;FORD KA 08-*CAPOT;0;;
61;1540;109.104370;1540;109.104370;CATEGORIA0;;1;1;0;1;;FORD KA 08-*FRENTE;FORD KA 08-*FRENTE;0;;
61;1540;109.104411;1540;109.104411;CATEGORIA0;;1;1;0;1;;FORD FIESTA 08-*G/LAMAS FRT DRT;FORD FIESTA 08-*G/LAMAS FRT DRT;0;;
61;1540;109.104412;1540;109.104412;CATEGORIA0;;1;1;0;1;;FORD FIESTA 08-*G/LAMAS FRT ESQ;FORD FIESTA 08-*G/LAMAS FRT ESQ;0;;
61;1540;109.104430;1540;109.104430;CATEGORIA0;;1;1;0;1;;FORD FIESTA 08-*CAPOT;FORD FIESTA 08-*CAPOT;0;;
61;1540;109.104470;1540;109.104470;CATEGORIA0;;1;1;0;1;;FORD FIESTA 08-*FRENTE COMPLETA 1.4/1.6 TDCI;FORD FIESTA 08-*FRENTE COMPLETA 1.4/1.6 TDCI;0;;
61;1540;109.104511;1540;109.104511;CATEGORIA0;;1;1;0;1;;FORD FOCUS C-MAX 06-*G/LAMAS FRT DRT;FORD FOCUS C-MAX 06-*G/LAMAS FRT DRT;0;;
61;1540;109.104512;1540;109.104512;CATEGORIA0;;1;1;0;1;;FORD FOCUS C-MAX 06-*G/LAMAS FRT ESQ;FORD FOCUS C-MAX 06-*G/LAMAS FRT ESQ;0;;
61;1540;109.104530;1540;109.104530;CATEGORIA0;;1;1;0;1;;FORD FOCUS C-MAX 06-*CAPOT;FORD FOCUS C-MAX 06-*CAPOT;0;;
61;1540;109.104930;1540;109.104930;CATEGORIA0;;1;1;0;1;;FORD MONDEO 10-*CAPOT;FORD MONDEO 10-*CAPOT;0;;
61;1540;109.105011;1540;109.105011;CATEGORIA0;;1;1;0;1;;FORD FOCUS 11-*G/LAMAS FRT DRT;FORD FOCUS 11-*G/LAMAS FRT DRT;0;;
61;1540;109.105012;1540;109.105012;CATEGORIA0;;1;1;0;1;;FORD FOCUS 11-*G/LAMAS FRT ESQ;FORD FOCUS 11-*G/LAMAS FRT ESQ;0;;
61;1540;109.105030;1540;109.105030;CATEGORIA0;;1;1;0;1;;FORD FOCUS 11-*CAPOT (CHAPA);FORD FOCUS 11-*CAPOT (CHAPA);0;;
61;1540;109.105070;1540;109.105070;CATEGORIA0;;1;1;0;1;;FORD FOCUS 11-*FRENTE;FORD FOCUS 11-*FRENTE;0;;
61;1540;109.105130;1540;109.105130;CATEGORIA0;;1;1;0;1;;FORD S-MAX 10-*CAPOT;FORD S-MAX 10-*CAPOT;0;;
61;1540;109.105211;1540;109.105211;CATEGORIA0;;1;1;0;1;;FORD C-MAX 10-*G/LAMAS FRT DRT;FORD C-MAX 10-*G/LAMAS FRT DRT;0;;
61;1540;109.105212;1540;109.105212;CATEGORIA0;;1;1;0;1;;FORD C-MAX 10-*G/LAMAS FRT ESQ;FORD C-MAX 10-*G/LAMAS FRT ESQ;0;;
61;1540;109.105230;1540;109.105230;CATEGORIA0;;1;1;0;1;;FORD C-MAX 10-*CAPOT (CHAPA);FORD C-MAX 10-*CAPOT (CHAPA);0;;
61;1540;109.105270;1540;109.105270;CATEGORIA0;;1;1;0;1;;FORD C-MAX 10-*FRENTE;FORD C-MAX 10-*FRENTE;0;;
61;1540;109.105411;1540;109.105411;CATEGORIA0;;1;1;0;1;;FORD KUGA 08-*G/LAMAS FRT DRT;FORD KUGA 08-*G/LAMAS FRT DRT;0;;
61;1540;109.105412;1540;109.105412;CATEGORIA0;;1;1;0;1;;FORD KUGA 08-*G/LAMAS FRT ESQ;FORD KUGA 08-*G/LAMAS FRT ESQ;0;;
61;1540;109.105430;1540;109.105430;CATEGORIA0;;1;1;0;1;;FORD KUGA 08-*CAPOT(CHAPA);FORD KUGA 08-*CAPOT(CHAPA);0;;
61;1540;109.105470;1540;109.105470;CATEGORIA0;;1;1;0;1;;FORD KUGA 08-*FRENTE COMPLETA DIESEL;FORD KUGA 08-*FRENTE COMPLETA DIESEL;0;;
61;1540;109.105471;1540;109.105471;CATEGORIA0;;1;1;0;1;;FORD KUGA 08-*FRENTE COMPLETA (2.5 GASOLINA);FORD KUGA 08-*FRENTE COMPLETA (2.5 GASOLINA);0;;
61;1540;109.105511;1540;109.105511;CATEGORIA0;;1;1;0;1;;FORD KUGA 13-*G/LAMAS FRT DRT;FORD KUGA 13-*G/LAMAS FRT DRT;0;;
61;1540;109.105512;1540;109.105512;CATEGORIA0;;1;1;0;1;;FORD KUGA 13-*G/LAMAS FRT ESQ;FORD KUGA 13-*G/LAMAS FRT ESQ;0;;
61;1540;109.105530;1540;109.105530;CATEGORIA0;;1;1;0;1;;FORD KUGA 13-*CAPOT;FORD KUGA 13-*CAPOT;0;;
61;1540;109.105570;1540;109.105570;CATEGORIA0;;1;1;0;1;;FORD KUGA 13-*FRENTE;FORD KUGA 13-*FRENTE;0;;
61;1540;109.105575;1540;109.105575;CATEGORIA0;;1;1;0;1;;FORD KUGA 13-*TRAVESSA FRENTE INF;FORD KUGA 13-*TRAVESSA FRENTE INF;0;;
61;1540;109.105611;1540;109.105611;CATEGORIA0;;1;1;0;1;;FORD MONDEO 14-*G/LAMAS FRT DRT;FORD MONDEO 14-*G/LAMAS FRT DRT;0;;
61;1540;109.105612;1540;109.105612;CATEGORIA0;;1;1;0;1;;FORD MONDEO 14-*G/LAMAS FRT ESQ;FORD MONDEO 14-*G/LAMAS FRT ESQ;0;;
61;1540;109.105630;1540;109.105630;CATEGORIA0;;1;1;0;1;;FORD MONDEO 14-*CAPOT (CHAPA);FORD MONDEO 14-*CAPOT (CHAPA);0;;
61;1540;109.105670;1540;109.105670;CATEGORIA0;;1;1;0;1;;FORD MONDEO 14-*FRENTE;FORD MONDEO 14-*FRENTE;0;;
61;1540;109.105676;1540;109.105676;CATEGORIA0;;1;1;0;1;;FORD MONDEO 14-*TRAVESSA FRT INF;FORD MONDEO 14-*TRAVESSA FRT INF;0;;
61;1540;109.105730;1540;109.105730;CATEGORIA0;;1;1;0;1;;FORD FIESTA 13-*CAPOT;FORD FIESTA 13-*CAPOT;0;;
61;1540;109.105770;1540;109.105770;CATEGORIA0;;1;1;0;1;;FORD FIESTA 13-*FRENTE COMPLETA;FORD FIESTA 13-*FRENTE COMPLETA;0;;
61;1540;109.106011;1540;109.106011;CATEGORIA0;;1;1;0;1;;FORD TRANSIT CONNECT 14-*G/LAMAS FRT DRT;FORD TRANSIT CONNECT 14-*G/LAMAS FRT DRT;0;;
61;1540;109.106012;1540;109.106012;CATEGORIA0;;1;1;0;1;;FORD TRANSIT CONNECT 14-*G/LAMAS FRT ESQ;FORD TRANSIT CONNECT 14-*G/LAMAS FRT ESQ;0;;
61;1540;109.106030;1540;109.106030;CATEGORIA0;;1;1;0;1;;FORD TRANSIT CONNECT 14-*CAPOT;FORD TRANSIT CONNECT 14-*CAPOT;0;;
61;1540;109.106070;1540;109.106070;CATEGORIA0;;1;1;0;1;;FORD TRANSIT CONNECT 14-*FRENTE COMPLETA;FORD TRANSIT CONNECT 14-*FRENTE COMPLETA;0;;
61;1540;109.106111;1540;109.106111;CATEGORIA0;;1;1;0;1;;FORD TRANSIT CUSTOM 13-*G/LAMAS FRT DRT;FORD TRANSIT CUSTOM 13-*G/LAMAS FRT DRT;0;;
61;1540;109.106112;1540;109.106112;CATEGORIA0;;1;1;0;1;;FORD TRANSIT CUSTOM 13-*G/LAMAS FRT ESQ;FORD TRANSIT CUSTOM 13-*G/LAMAS FRT ESQ;0;;
61;1540;109.106130;1540;109.106130;CATEGORIA0;;1;1;0;1;;CAPOM;CAPOM;0;;
61;1540;109.106170;1540;109.106170;CATEGORIA0;;1;1;0;1;;FORD TRANSIT CUSTOM 13-*FRENTE;FORD TRANSIT CUSTOM 13-*FRENTE;0;;
61;1540;109.106211;1540;109.106211;CATEGORIA0;;1;1;0;1;;FORD TRANSIT 14-*G/LAMAS FRT DRT;FORD TRANSIT 14-*G/LAMAS FRT DRT;0;;
61;1540;109.106212;1540;109.106212;CATEGORIA0;;1;1;0;1;;FORD TRANSIT 14-*G/LAMAS FRT ESQ;FORD TRANSIT 14-*G/LAMAS FRT ESQ;0;;
61;1540;109.106230;1540;109.106230;CATEGORIA0;;1;1;0;1;;FORD TRANSIT 14-*CAPOT;FORD TRANSIT 14-*CAPOT;0;;
61;1540;109.106270;1540;109.106270;CATEGORIA0;;1;1;0;1;;FORD TRANSIT 14-*FRENTE;FORD TRANSIT 14-*FRENTE;0;;
61;1540;109.106275;1540;109.106275;CATEGORIA0;;1;1;0;1;;FORD TRANSIT 14-/CUSTOM 2013-*TRAVESSA FRENTE INFERIOR;FORD TRANSIT 14-/CUSTOM 2013-*TRAVESSA FRENTE INFERIOR;0;;
61;1540;109.106330;1540;109.106330;CATEGORIA0;;1;1;0;1;;FORD FOCUS 14-*CAPOT;FORD FOCUS 14-*CAPOT;0;;
61;1540;109.106370;1540;109.106370;CATEGORIA0;;1;1;0;1;;FORD FOCUS 14-*FRENTE;FORD FOCUS 14-*FRENTE;0;;
61;1540;109.106411;1540;109.106411;CATEGORIA0;;1;1;0;1;;FORD B-MAX 2012-*G/LAMAS FRT DRT;FORD B-MAX 2012-*G/LAMAS FRT DRT;0;;
61;1540;109.106412;1540;109.106412;CATEGORIA0;;1;1;0;1;;FORD B-MAX 2012-*G/LAMAS FRT ESQ;FORD B-MAX 2012-*G/LAMAS FRT ESQ;0;;
61;1540;109.106430;1540;109.106430;CATEGORIA0;;1;1;0;1;;FORD B-MAX 2012-*CAPOT;FORD B-MAX 2012-*CAPOT;0;;
61;1540;109.106470;1540;109.106470;CATEGORIA0;;1;1;0;1;;FORD B-MAX 2012-*FRENTE (EXCEPTO TD);FORD B-MAX 2012-*FRENTE (EXCEPTO TD);0;;
61;1540;109.106471;1540;109.106471;CATEGORIA0;;1;1;0;1;;FORD B-MAX 2012-*FRENTE (MOD TD);FORD B-MAX 2012-*FRENTE (MOD TD);0;;
61;1540;109.106911;1540;109.106911;CATEGORIA0;;1;1;0;1;;FORD TRANSIT COURIER 2014.02-*G/LAMAS FRT DRT;FORD TRANSIT COURIER 2014.02-*G/LAMAS FRT DRT;0;;
61;1540;109.106912;1540;109.106912;CATEGORIA0;;1;1;0;1;;FORD TRANSIT COURIER 2014.02-*G/LAMAS FRT ESQ;FORD TRANSIT COURIER 2014.02-*G/LAMAS FRT ESQ;0;;
61;1540;109.106930;1540;109.106930;CATEGORIA0;;1;1;0;1;;FORD TRANSIT COURIER 2014.02-*CAPOT;FORD TRANSIT COURIER 2014.02-*CAPOT;0;;
61;1540;109.106970;1540;109.106970;CATEGORIA0;;1;1;0;1;;FORD TRANSIT COURIER 2014.02-*FRENTE COMPLETA(1.5TDCI);FORD TRANSIT COURIER 2014.02-*FRENTE COMPLETA(1.5TDCI);0;;
61;1540;109.106971;1540;109.106971;CATEGORIA0;;1;1;0;1;;FORD TRANSIT COURIER 2014.02-*FRENTE COMPLETA(1.6HDI);FORD TRANSIT COURIER 2014.02-*FRENTE COMPLETA(1.6HDI);0;;
61;1540;109.107030;1540;109.107030;CATEGORIA0;;1;1;0;1;;FORD KUGA 17-*CAPOT;FORD KUGA 17-*CAPOT;0;;
61;1540;109.107075;1540;109.107075;CATEGORIA0;;1;1;0;1;;FORD KUGA 17-*TRAVESSA FRT INF;FORD KUGA 17-*TRAVESSA FRT INF;0;;
61;1540;109.107111;1540;109.107111;CATEGORIA0;;1;1;0;1;;FORD FIESTA 17-*G/LAMAS FRT DRT;FORD FIESTA 17-*G/LAMAS FRT DRT;0;;
61;1540;109.107112;1540;109.107112;CATEGORIA0;;1;1;0;1;;FORD FIESTA 17-*G/LAMAS FRT ESQ;FORD FIESTA 17-*G/LAMAS FRT ESQ;0;;
61;1540;109.107130;1540;109.107130;CATEGORIA0;;1;1;0;1;;FORD FIESTA 17-*CAPOT;FORD FIESTA 17-*CAPOT;0;;
61;1540;109.107170;1540;109.107170;CATEGORIA0;;1;1;0;1;;FORD FIESTA 17-*FRENTE COMP(DIES 1.5 85CV/GAS.1.0 85CV/1.1 7;FORD FIESTA 17-*FRENTE COMP(DIES 1.5 85CV/GAS.1.0 85CV/1.1 7;0;;
61;1540;109.107171;1540;109.107171;CATEGORIA0;;1;1;0;1;;FORD FIESTA 17-*FRENTE COMP(DIESEL 1.5 120CV/1.0 100CV,125CV;FORD FIESTA 17-*FRENTE COMP(DIESEL 1.5 120CV/1.0 100CV,125CV;0;;
61;1540;109.107211;1540;109.107211;CATEGORIA0;;1;1;0;1;;FORD FOCUS 2018.07-*G/LAMAS FRT DRT;FORD FOCUS 2018.07-*G/LAMAS FRT DRT;0;;
61;1540;109.107212;1540;109.107212;CATEGORIA0;;1;1;0;1;;FORD FOCUS 2018.07-*G/LAMAS FRT ESQ;FORD FOCUS 2018.07-*G/LAMAS FRT ESQ;0;;
61;1540;109.107230;1540;109.107230;CATEGORIA0;;1;1;0;1;;FORD FOCUS 2018.07-*CAPOT;FORD FOCUS 2018.07-*CAPOT;0;;
61;1540;109.107270;1540;109.107270;CATEGORIA0;;1;1;0;1;;FORD FOCUS 2018.07-*FRENTE (TODOS MODELOS);FORD FOCUS 2018.07-*FRENTE (TODOS MODELOS);0;;
61;1540;109.107311;1540;109.107311;CATEGORIA0;;1;1;0;1;;FORD TRANSIT CUSTOM 2018.01-*G/LAMAS FRT DRT;FORD TRANSIT CUSTOM 2018.01-*G/LAMAS FRT DRT;0;;
61;1540;109.107312;1540;109.107312;CATEGORIA0;;1;1;0;1;;FORD TRANSIT CUSTOM 2018.01-*G/LAMAS FRT ESQ;FORD TRANSIT CUSTOM 2018.01-*G/LAMAS FRT ESQ;0;;
61;1540;109.120212;1540;109.120212;CATEGORIA0;;1;1;0;1;;LANCIA PRISMA 86-*G/LAMAS FRT ESQ;LANCIA PRISMA 86-*G/LAMAS FRT ESQ;0;;
61;1540;109.120390;1540;109.120390;CATEGORIA0;;1;1;0;1;;LANCIA DEDRA 90-*TRASEIRA;LANCIA DEDRA 90-*TRASEIRA;0;;
61;1540;109.120512;1540;109.120512;CATEGORIA0;;1;1;0;1;;LANCIA Y 96-*G/LAMAS FRT ESQ;LANCIA Y 96-*G/LAMAS FRT ESQ;0;;
61;1540;109.120530;1540;109.120530;CATEGORIA0;;1;1;0;1;;LANCIA Y 96-*CAPOT;LANCIA Y 96-*CAPOT;0;;
61;1540;109.120570;1540;109.120570;CATEGORIA0;;1;1;0;1;;LANCIA Y 96-00*FRENTE COMPLETA;LANCIA Y 96-00*FRENTE COMPLETA;0;;
61;1540;109.120576;1540;109.120576;CATEGORIA0;;1;1;0;1;;LANCIA Y 96-*TRAVESSA RADIADOR CENTRAL;LANCIA Y 96-*TRAVESSA RADIADOR CENTRAL;0;;
61;1540;109.120870;1540;109.120870;CATEGORIA0;;1;1;0;1;;LANCIA YPSILON 12-*FRENTE COMPLETA;LANCIA YPSILON 12-*FRENTE COMPLETA;0;;
61;1540;109.125111;1540;109.125111;CATEGORIA0;;1;1;0;1;;LADA SAMARA*G/LAMAS FRT DRT;LADA SAMARA*G/LAMAS FRT DRT;0;;
61;1540;109.125130;1540;109.125130;CATEGORIA0;;1;1;0;1;;LADA SAMARA 85-87*CAPOT;LADA SAMARA 85-87*CAPOT;0;;
61;1540;109.125230;1540;109.125230;CATEGORIA0;;1;1;0;1;;LADA SAMARA 88-95*CAPOT;LADA SAMARA 88-95*CAPOT;0;;
61;1540;109.130311;1540;109.130311;CATEGORIA0;;1;1;0;1;;MERCEDES W123 76-*G/LAMAS FRT DRT;MERCEDES W123 76-*G/LAMAS FRT DRT;0;;
61;1540;109.130312;1540;109.130312;CATEGORIA0;;1;1;0;1;;MERCEDES W123 76-*G/LAMAS FRT ESQ;MERCEDES W123 76-*G/LAMAS FRT ESQ;0;;
61;1540;109.130390;1540;109.130390;CATEGORIA0;;1;1;0;1;;MERCEDES W123 76-*TRASEIRA;MERCEDES W123 76-*TRASEIRA;0;;
61;1540;109.130411;1540;109.130411;CATEGORIA0;;1;1;0;1;;MERCEDES VITO 96-*G/LAMAS FRT DRT;MERCEDES VITO 96-*G/LAMAS FRT DRT;0;;
61;1540;109.130412;1540;109.130412;CATEGORIA0;;1;1;0;1;;MERCEDES VITO 96-*G/LAMAS FRT ESQ;MERCEDES VITO 96-*G/LAMAS FRT ESQ;0;;
61;1540;109.130430;1540;109.130430;CATEGORIA0;;1;1;0;1;;MERCEDES VITO 96-*CAPOT;MERCEDES VITO 96-*CAPOT;0;;
61;1540;109.130470;1540;109.130470;CATEGORIA0;;1;1;0;1;;MERCEDES VITO 96-*TRAVESSA FRT SUP;MERCEDES VITO 96-*TRAVESSA FRT SUP;0;;
61;1540;109.130475;1540;109.130475;CATEGORIA0;;1;1;0;1;;MERCEDES VITO 96-*FRISO INF GRELHA (CHAPA);MERCEDES VITO 96-*FRISO INF GRELHA (CHAPA);0;;
61;1540;109.130480;1540;109.130480;CATEGORIA0;;1;1;0;1;;MERCEDES VITO 96-*MASCARA FAROL DRT;MERCEDES VITO 96-*MASCARA FAROL DRT;0;;
61;1540;109.130482;1540;109.130482;CATEGORIA0;;1;1;0;1;;MERCEDES VITO 96-*SUPORTE P/CH FRT DRT;MERCEDES VITO 96-*SUPORTE P/CH FRT DRT;0;;
61;1540;109.130483;1540;109.130483;CATEGORIA0;;1;1;0;1;;MERCEDES VITO 96-*SUPORTE P/CH FRT ESQ;MERCEDES VITO 96-*SUPORTE P/CH FRT ESQ;0;;
61;1540;109.130511;1540;109.130511;CATEGORIA0;;1;1;0;1;;MERCEDES W201 85-*G/LAMAS DIREITO;MERCEDES W201 85-*G/LAMAS DIREITO;0;;
61;1540;109.130512;1540;109.130512;CATEGORIA0;;1;1;0;1;;MERCEDES W201 85-*G/LAMAS ESQUERDO;MERCEDES W201 85-*G/LAMAS ESQUERDO;0;;
61;1540;109.130530;1540;109.130530;CATEGORIA0;;1;1;0;1;;MERCEDES W201 85-*CAPOT;MERCEDES W201 85-*CAPOT;0;;
61;1540;109.130570;1540;109.130570;CATEGORIA0;;1;1;0;1;;MERCEDES W201 82-*FRENTE INTERIOR;MERCEDES W201 82-*FRENTE INTERIOR;0;;
61;1540;109.130575;1540;109.130575;CATEGORIA0;;1;1;0;1;;TRAVESSA CAPOT MERCEDES W201;TRAVESSA CAPOT MERCEDES W201;0;;
61;1540;109.130580;1540;109.130580;CATEGORIA0;;1;1;0;1;;MERCEDES W201 82-*MASCARA FAROL DRT;MERCEDES W201 82-*MASCARA FAROL DRT;0;;
61;1540;109.130581;1540;109.130581;CATEGORIA0;;1;1;0;1;;MERCEDES W201 82-*MASCARA FAROL ESQ;MERCEDES W201 82-*MASCARA FAROL ESQ;0;;
61;1540;109.130630;1540;109.130630;CATEGORIA0;;1;1;0;1;;MERCEDES W124 93-*CAPOT;MERCEDES W124 93-*CAPOT;0;;
61;1540;109.130711;1540;109.130711;CATEGORIA0;;1;1;0;1;;MERCEDES W124 84-*G/LAMAS FRT DRT;MERCEDES W124 84-*G/LAMAS FRT DRT;0;;
61;1540;109.130712;1540;109.130712;CATEGORIA0;;1;1;0;1;;MERCEDES W124 84-*G/LAMAS FRT ESQ;MERCEDES W124 84-*G/LAMAS FRT ESQ;0;;
61;1540;109.130724;1540;109.130724;CATEGORIA0;;1;1;0;1;;MERCEDES W124 85-*PORTA FRT DRT;MERCEDES W124 85-*PORTA FRT DRT;0;;
61;1540;109.130730;1540;109.130730;CATEGORIA0;;1;1;0;1;;MERCEDES W124 89-*CAPOT;MERCEDES W124 89-*CAPOT;0;;
61;1540;109.130770;1540;109.130770;CATEGORIA0;;1;1;0;1;;MERCEDES W124 85-*FRENTE INTERIOR;MERCEDES W124 85-*FRENTE INTERIOR;0;;
61;1540;109.130775;1540;109.130775;CATEGORIA0;;1;1;0;1;;MERCEDES W124 85-*TRAVESSA CAPOT;MERCEDES W124 85-*TRAVESSA CAPOT;0;;
61;1540;109.130776;1540;109.130776;CATEGORIA0;;1;1;0;1;;MERCEDES W124 85-*FRENTE SUP (C/MASCARA);MERCEDES W124 85-*FRENTE SUP (C/MASCARA);0;;
61;1540;109.130780;1540;109.130780;CATEGORIA0;;1;1;0;1;;MERCEDES W124 85-*MASCARA FAROL DRT;MERCEDES W124 85-*MASCARA FAROL DRT;0;;
61;1540;109.130781;1540;109.130781;CATEGORIA0;;1;1;0;1;;MERCEDES W124 85-*MASCARA FAROL ESQ;MERCEDES W124 85-*MASCARA FAROL ESQ;0;;
61;1540;109.130811;1540;109.130811;CATEGORIA0;;1;1;0;1;;MERCEDES C W202 93-*G/LAMAS DIREITO;MERCEDES C W202 93-*G/LAMAS DIREITO;0;;
61;1540;109.130812;1540;109.130812;CATEGORIA0;;1;1;0;1;;MERCEDES C W202 93-*G/LAMAS ESQUERDO;MERCEDES C W202 93-*G/LAMAS ESQUERDO;0;;
61;1540;109.130813;1540;109.130813;CATEGORIA0;;1;1;0;1;;MERCEDES C W202 96-*G/L FRT DRT (C/FURO);MERCEDES C W202 96-*G/L FRT DRT (C/FURO);0;;
61;1540;109.130814;1540;109.130814;CATEGORIA0;;1;1;0;1;;MERCEDES C W202 96-*G/L FRT ESQ (C/FURO);MERCEDES C W202 96-*G/L FRT ESQ (C/FURO);0;;
61;1540;109.130830;1540;109.130830;CATEGORIA0;;1;1;0;1;;MERCEDES C W202 93-*CAPOT;MERCEDES C W202 93-*CAPOT;0;;
61;1540;109.130870;1540;109.130870;CATEGORIA0;;1;1;0;1;;MERCEDES C W202 93-*FRENTE COMPLETA;MERCEDES C W202 93-*FRENTE COMPLETA;0;;
61;1540;109.130875;1540;109.130875;CATEGORIA0;;1;1;0;1;;MERCEDES C W202 93-*TRAVESSA FRT INF;MERCEDES C W202 93-*TRAVESSA FRT INF;0;;
61;1540;109.130891;1540;109.130891;CATEGORIA0;;1;1;0;1;;MERCEDES C W202 96-*TAMPA MALA (SEDAN);MERCEDES C W202 96-*TAMPA MALA (SEDAN);0;;
61;1540;109.130911;1540;109.130911;CATEGORIA0;;1;1;0;1;;MERCEDES W210 96-*G/LAMAS FRT DRT;MERCEDES W210 96-*G/LAMAS FRT DRT;0;;
61;1540;109.130912;1540;109.130912;CATEGORIA0;;1;1;0;1;;MERCEDES W210 96-*G/LAMAS FRT ESQ;MERCEDES W210 96-*G/LAMAS FRT ESQ;0;;
61;1540;109.130930;1540;109.130930;CATEGORIA0;;1;1;0;1;;MERCEDES W210 96-*CAPOT;MERCEDES W210 96-*CAPOT;0;;
61;1540;109.130970;1540;109.130970;CATEGORIA0;;1;1;0;1;;MERCEDES W210 96-*TRAVESSA FRENTE SUP;MERCEDES W210 96-*TRAVESSA FRENTE SUP;0;;
61;1540;109.130975;1540;109.130975;CATEGORIA0;;1;1;0;1;;MERCEDES W210 96-*TRAVESSA FRT CENTRO(REF P/CH);MERCEDES W210 96-*TRAVESSA FRT CENTRO(REF P/CH);0;;
61;1540;109.130976;1540;109.130976;CATEGORIA0;;1;1;0;1;;TRAVESSA INF. FRT.   W210 96-;TRAVESSA INF. FRT.   W210 96-;0;;
61;1540;109.131111;1540;109.131111;CATEGORIA0;;1;1;0;1;;MERCEDES A W168 97-*G/LAMAS FRT DRT;MERCEDES A W168 97-*G/LAMAS FRT DRT;0;;
61;1540;109.131112;1540;109.131112;CATEGORIA0;;1;1;0;1;;MERCEDES A W168 97-*G/LAMAS FRT ESQ;MERCEDES A W168 97-*G/LAMAS FRT ESQ;0;;
61;1540;109.131130;1540;109.131130;CATEGORIA0;;1;1;0;1;;MERCEDES A W168 97-*CAPOT;MERCEDES A W168 97-*CAPOT;0;;
61;1540;109.131170;1540;109.131170;CATEGORIA0;;1;1;0;1;;MERCEDES A W168 98-*FRENTE INTERIOR;MERCEDES A W168 98-*FRENTE INTERIOR;0;;
61;1540;109.131211;1540;109.131211;CATEGORIA0;;1;1;0;1;;MERCEDES SPRINTER 00-*G/LAMAS FRT DRT;MERCEDES SPRINTER 00-*G/LAMAS FRT DRT;0;;
61;1540;109.131212;1540;109.131212;CATEGORIA0;;1;1;0;1;;MERCEDES SPRINTER 00-*G/LAMAS FRT ESQ;MERCEDES SPRINTER 00-*G/LAMAS FRT ESQ;0;;
61;1540;109.131230;1540;109.131230;CATEGORIA0;;1;1;0;1;;MERCEDES SPRINTER 00-*CAPOT (C/FUROS);MERCEDES SPRINTER 00-*CAPOT (C/FUROS);0;;
61;1540;109.131231;1540;109.131231;CATEGORIA0;;1;1;0;1;;MERCEDES SPRINTER 00-*CAPOT (S/FUROS);MERCEDES SPRINTER 00-*CAPOT (S/FUROS);0;;
61;1540;109.131275;1540;109.131275;CATEGORIA0;;1;1;0;1;;MERCEDES SPRINTER 00-*FRISO INF GRELHA (CHAPA);MERCEDES SPRINTER 00-*FRISO INF GRELHA (CHAPA);0;;
61;1540;109.131276;1540;109.131276;CATEGORIA0;;1;1;0;1;;MERCEDES SPRINTER 00-*TRAVESSA FRT SUP;MERCEDES SPRINTER 00-*TRAVESSA FRT SUP;0;;
61;1540;109.131311;1540;109.131311;CATEGORIA0;;1;1;0;1;;GUARDA-LAMA DTO.;GUARDA-LAMA DTO.;0;;
61;1540;109.131312;1540;109.131312;CATEGORIA0;;1;1;0;1;;MERCEDES C W203 01-*G/LAMAS FRT ESQ;MERCEDES C W203 01-*G/LAMAS FRT ESQ;0;;
61;1540;109.131330;1540;109.131330;CATEGORIA0;;1;1;0;1;;MERCEDES C W203 01-*CAPOT;MERCEDES C W203 01-*CAPOT;0;;
61;1540;109.131375;1540;109.131375;CATEGORIA0;;1;1;0;1;;MERCEDES C W203 01-*FRENTE SUP;MERCEDES C W203 01-*FRENTE SUP;0;;
61;1540;109.131380;1540;109.131380;CATEGORIA0;;1;1;0;1;;MERCEDES C W203 01-*MASCARA FAROL DRT;MERCEDES C W203 01-*MASCARA FAROL DRT;0;;
61;1540;109.131381;1540;109.131381;CATEGORIA0;;1;1;0;1;;MERCEDES C W203 01-*MASCARA FAROL ESQ;MERCEDES C W203 01-*MASCARA FAROL ESQ;0;;
61;1540;109.131382;1540;109.131382;CATEGORIA0;;1;1;0;1;;MERCEDES C W203 01-*MASCARA FAROL DRT (CENTRO);MERCEDES C W203 01-*MASCARA FAROL DRT (CENTRO);0;;
61;1540;109.131383;1540;109.131383;CATEGORIA0;;1;1;0;1;;MERCEDES C W203 01-*MASCARA FAROL ESQ (CENTRO);MERCEDES C W203 01-*MASCARA FAROL ESQ (CENTRO);0;;
61;1540;109.131411;1540;109.131411;CATEGORIA0;;1;1;0;1;;MERCEDES VITO 03-*G/LAMAS FRT DRT (C/FURO);MERCEDES VITO 03-*G/LAMAS FRT DRT (C/FURO);0;;
61;1540;109.131412;1540;109.131412;CATEGORIA0;;1;1;0;1;;MERCEDES VITO 03-*G/LAMAS FRT ESQ (C/FURO);MERCEDES VITO 03-*G/LAMAS FRT ESQ (C/FURO);0;;
61;1540;109.131413;1540;109.131413;CATEGORIA0;;1;1;0;1;;MERCEDES VIANO 03-*G/LAMAS FRT DRT (S/FURO);MERCEDES VIANO 03-*G/LAMAS FRT DRT (S/FURO);0;;
61;1540;109.131414;1540;109.131414;CATEGORIA0;;1;1;0;1;;MERCEDES VIANO 03-*G/LAMAS FRT ESQ (S/FURO);MERCEDES VIANO 03-*G/LAMAS FRT ESQ (S/FURO);0;;
61;1540;109.131430;1540;109.131430;CATEGORIA0;;1;1;0;1;;MERCEDES VITO/VIANO 03-*CAPOT;MERCEDES VITO/VIANO 03-*CAPOT;0;;
61;1540;109.131470;1540;109.131470;CATEGORIA0;;1;1;0;1;;MERCEDES VITO 03-*FRENTE;MERCEDES VITO 03-*FRENTE;0;;
61;1540;109.131611;1540;109.131611;CATEGORIA0;;1;1;0;1;;MERCEDES M W163 98-00*G/LAMAS FRT DRT (C/FURO PISCA);MERCEDES M W163 98-00*G/LAMAS FRT DRT (C/FURO PISCA);0;;
61;1540;109.131612;1540;109.131612;CATEGORIA0;;1;1;0;1;;MERCEDES M W163 98-00*G/LAMAS FRT ESQ (C/FURO PISCA);MERCEDES M W163 98-00*G/LAMAS FRT ESQ (C/FURO PISCA);0;;
61;1540;109.131613;1540;109.131613;CATEGORIA0;;1;1;0;1;;MERCEDES M W163 01-03*G/LAMAS FRT DRT;MERCEDES M W163 01-03*G/LAMAS FRT DRT;0;;
61;1540;109.131614;1540;109.131614;CATEGORIA0;;1;1;0;1;;MERCEDES M W163 01-03*G/LAMAS FRT ESQ;MERCEDES M W163 01-03*G/LAMAS FRT ESQ;0;;
61;1540;109.131630;1540;109.131630;CATEGORIA0;;1;1;0;1;;MERCEDES M W163 98-*CAPOT;MERCEDES M W163 98-*CAPOT;0;;
61;1540;109.131675;1540;109.131675;CATEGORIA0;;1;1;0;1;;MERCEDES M W163 01-05*TRAVESSA FRT SUP;MERCEDES M W163 01-05*TRAVESSA FRT SUP;0;;
61;1540;109.131711;1540;109.131711;CATEGORIA0;;1;1;0;1;;MERCEDES C W204 07-*G/LAMAS FRT DRT(CHAPA);MERCEDES C W204 07-*G/LAMAS FRT DRT(CHAPA);0;;
61;1540;109.131712;1540;109.131712;CATEGORIA0;;1;1;0;1;;MERCEDES C W204 07-*G/LAMAS FRT ESQ(CHAPA);MERCEDES C W204 07-*G/LAMAS FRT ESQ(CHAPA);0;;
61;1540;109.131713;1540;109.131713;CATEGORIA0;;1;1;0;1;;MERCEDES C W204 07-*G/LAMAS FRT DRT(ALUMINIO);MERCEDES C W204 07-*G/LAMAS FRT DRT(ALUMINIO);0;;
61;1540;109.131714;1540;109.131714;CATEGORIA0;;1;1;0;1;;MERCEDES C W204 07-*G/LAMAS FRT ESQ(ALUMINIO);MERCEDES C W204 07-*G/LAMAS FRT ESQ(ALUMINIO);0;;
61;1540;109.131730;1540;109.131730;CATEGORIA0;;1;1;0;1;;MERCEDES C W204 07-*CAPOT(CHAPA);MERCEDES C W204 07-*CAPOT(CHAPA);0;;
61;1540;109.131775;1540;109.131775;CATEGORIA0;;1;1;0;1;;MERCEDES C W204 07-*TRAVESSA FRT SUP (ALUMINIO);MERCEDES C W204 07-*TRAVESSA FRT SUP (ALUMINIO);0;;
61;1540;109.131776;1540;109.131776;CATEGORIA0;;1;1;0;1;;MERCEDES C W204 07-*TRAVESSA FRT INF (ALUMINIO);MERCEDES C W204 07-*TRAVESSA FRT INF (ALUMINIO);0;;
61;1540;109.131780;1540;109.131780;CATEGORIA0;;1;1;0;1;;MERCEDES C W204 07-*MASCARA FAROL DRT (CHAPA);MERCEDES C W204 07-*MASCARA FAROL DRT (CHAPA);0;;
61;1540;109.131781;1540;109.131781;CATEGORIA0;;1;1;0;1;;MERCEDES C W204 07-*MASCARA FAROL ESQ (CHAPA);MERCEDES C W204 07-*MASCARA FAROL ESQ (CHAPA);0;;
61;1540;109.131782;1540;109.131782;CATEGORIA0;;1;1;0;1;;MERCEDES C W204 07-*SUPORTE G/LAMAS FRT DRT (CHAPA);MERCEDES C W204 07-*SUPORTE G/LAMAS FRT DRT (CHAPA);0;;
61;1540;109.131783;1540;109.131783;CATEGORIA0;;1;1;0;1;;MERCEDES C W204 07-*SUPORTE G/LAMAS FRT ESQ (CHAPA);MERCEDES C W204 07-*SUPORTE G/LAMAS FRT ESQ (CHAPA);0;;
61;1540;109.131811;1540;109.131811;CATEGORIA0;;1;1;0;1;;MERCEDES SPRINTER 06-*G/LAMAS FRT DRT;MERCEDES SPRINTER 06-*G/LAMAS FRT DRT;0;;
61;1540;109.131812;1540;109.131812;CATEGORIA0;;1;1;0;1;;MERCEDES SPRINTER 06-*G/LAMAS FRT ESQ;MERCEDES SPRINTER 06-*G/LAMAS FRT ESQ;0;;
61;1540;109.131830;1540;109.131830;CATEGORIA0;;1;1;0;1;;MERCEDES SPRINTER 06-*CAPOT;MERCEDES SPRINTER 06-*CAPOT;0;;
61;1540;109.131870;1540;109.131870;CATEGORIA0;;1;1;0;1;;MERCEDES SPRINTER 06-*FRENTE COMPLETA;MERCEDES SPRINTER 06-*FRENTE COMPLETA;0;;
61;1540;109.131877;1540;109.131877;CATEGORIA0;;1;1;0;1;;MERCEDES SPRINTER 06-*FRISO INF GRELHA CHAPA;MERCEDES SPRINTER 06-*FRISO INF GRELHA CHAPA;0;;
61;1540;109.131911;1540;109.131911;CATEGORIA0;;1;1;0;1;;MERCEDES SPRINTER 95-*G/LAMAS FRT DRT(C/FURO GRANDE);MERCEDES SPRINTER 95-*G/LAMAS FRT DRT(C/FURO GRANDE);0;;
61;1540;109.131912;1540;109.131912;CATEGORIA0;;1;1;0;1;;MERCEDES SPRINTER 95-*G/LAMAS FRT ESQ(C/FURO GRANDE);MERCEDES SPRINTER 95-*G/LAMAS FRT ESQ(C/FURO GRANDE);0;;
61;1540;109.131913;1540;109.131913;CATEGORIA0;;1;1;0;1;;MERCEDES SPRINTER 95-*G/LAMAS FRT DRT(C/FURO PEQUENO);MERCEDES SPRINTER 95-*G/LAMAS FRT DRT(C/FURO PEQUENO);0;;
61;1540;109.131914;1540;109.131914;CATEGORIA0;;1;1;0;1;;MERCEDES SPRINTER 95-*G/LAMAS FRT ESQ(C/FURO PEQUENO);MERCEDES SPRINTER 95-*G/LAMAS FRT ESQ(C/FURO PEQUENO);0;;
61;1540;109.131930;1540;109.131930;CATEGORIA0;;1;1;0;1;;MERCEDES SPRINTER 95-*CAPOT;MERCEDES SPRINTER 95-*CAPOT;0;;
61;1540;109.131970;1540;109.131970;CATEGORIA0;;1;1;0;1;;MERCEDES SPRINTER 95-*FRENTE INTERNA COMPLETA;MERCEDES SPRINTER 95-*FRENTE INTERNA COMPLETA;0;;
61;1540;109.131990;1540;109.131990;CATEGORIA0;;1;1;0;1;;MERCEDES SPRINTER 95-*TRASEIRA;MERCEDES SPRINTER 95-*TRASEIRA;0;;
61;1540;109.132211;1540;109.132211;CATEGORIA0;;1;1;0;1;;MERCEDES E W212 09-*G/LAMAS FRT DRT(ALUMINIO);MERCEDES E W212 09-*G/LAMAS FRT DRT(ALUMINIO);0;;
61;1540;109.132212;1540;109.132212;CATEGORIA0;;1;1;0;1;;MERCEDES E W212 09-*G/LAMAS FRT ESQ(ALUMINIO);MERCEDES E W212 09-*G/LAMAS FRT ESQ(ALUMINIO);0;;
61;1540;109.132213;1540;109.132213;CATEGORIA0;;1;1;0;1;;MERCEDES E W212 09-*G/LAMAS FRT DRT(CHAPA);MERCEDES E W212 09-*G/LAMAS FRT DRT(CHAPA);0;;
61;1540;109.132214;1540;109.132214;CATEGORIA0;;1;1;0;1;;MERCEDES E W212 09-*G/LAMAS FRT ESQ(CHAPA);MERCEDES E W212 09-*G/LAMAS FRT ESQ(CHAPA);0;;
61;1540;109.132230;1540;109.132230;CATEGORIA0;;1;1;0;1;;MERCEDES E W212 09-*CAPOT (ALUMINIO);MERCEDES E W212 09-*CAPOT (ALUMINIO);0;;
61;1540;109.132231;1540;109.132231;CATEGORIA0;;1;1;0;1;;MERCEDES E W212 09-*CAPOT (CHAPA);MERCEDES E W212 09-*CAPOT (CHAPA);0;;
61;1540;109.132275;1540;109.132275;CATEGORIA0;;1;1;0;1;;MERCEDES E W212 09-*TRAVESSA FRT SUP (ALUMINIO);MERCEDES E W212 09-*TRAVESSA FRT SUP (ALUMINIO);0;;
61;1540;109.132276;1540;109.132276;CATEGORIA0;;1;1;0;1;;MERCEDES E W212 09-*TRAVESSA FRT CENTRAL (CHAPA);MERCEDES E W212 09-*TRAVESSA FRT CENTRAL (CHAPA);0;;
61;1540;109.132280;1540;109.132280;CATEGORIA0;;1;1;0;1;;MERCEDES E W212 09-*MASCARA FAROL DRT;MERCEDES E W212 09-*MASCARA FAROL DRT;0;;
61;1540;109.132281;1540;109.132281;CATEGORIA0;;1;1;0;1;;MERCEDES E W212 09-*MASCARA FAROL ESQ;MERCEDES E W212 09-*MASCARA FAROL ESQ;0;;
61;1540;109.132430;1540;109.132430;CATEGORIA0;;1;1;0;1;;MERCEDES C W204 11-*CAPOT(ALUMINIO);MERCEDES C W204 11-*CAPOT(ALUMINIO);0;;
61;1540;109.132431;1540;109.132431;CATEGORIA0;;1;1;0;1;;MERCEDES C W204 11-*CAPOT (CHAPA);MERCEDES C W204 11-*CAPOT (CHAPA);0;;
61;1540;109.132475;1540;109.132475;CATEGORIA0;;1;1;0;1;;MERCEDES C W204 11-*TRAVESSA FRT SUP (ALUMINIO);MERCEDES C W204 11-*TRAVESSA FRT SUP (ALUMINIO);0;;
61;1540;109.132480;1540;109.132480;CATEGORIA0;;1;1;0;1;;MERCEDES C W204 11-*MASCARA FAROL DRT (CHAPA);MERCEDES C W204 11-*MASCARA FAROL DRT (CHAPA);0;;
61;1540;109.132481;1540;109.132481;CATEGORIA0;;1;1;0;1;;MERCEDES C W204 11-*MASCARA FAROL ESQ (CHAPA);MERCEDES C W204 11-*MASCARA FAROL ESQ (CHAPA);0;;
61;1540;109.132482;1540;109.132482;CATEGORIA0;;1;1;0;1;;MERCEDES C W204 11-*SUPORTE G/LAMAS FRT DRT (CHAPA);MERCEDES C W204 11-*SUPORTE G/LAMAS FRT DRT (CHAPA);0;;
61;1540;109.132483;1540;109.132483;CATEGORIA0;;1;1;0;1;;MERCEDES C W204 11-*SUPORTE G/LAMAS FRT ESQ (CHAPA);MERCEDES C W204 11-*SUPORTE G/LAMAS FRT ESQ (CHAPA);0;;
61;1540;109.132511;1540;109.132511;CATEGORIA0;;1;1;0;1;;MERCEDES CLK W209 03-*G/LAMAS FRT DRT;MERCEDES CLK W209 03-*G/LAMAS FRT DRT;0;;
61;1540;109.132512;1540;109.132512;CATEGORIA0;;1;1;0;1;;MERCEDES CLK W209 03-*G/LAMAS FRT ESQ;MERCEDES CLK W209 03-*G/LAMAS FRT ESQ;0;;
61;1540;109.132530;1540;109.132530;CATEGORIA0;;1;1;0;1;;MERCEDES CLK W209 03-*CAPOT;MERCEDES CLK W209 03-*CAPOT;0;;
61;1540;109.132575;1540;109.132575;CATEGORIA0;;1;1;0;1;;MERCEDES CLK W209 03-*TRAVESSA FRT SUP;MERCEDES CLK W209 03-*TRAVESSA FRT SUP;0;;
61;1540;109.132580;1540;109.132580;CATEGORIA0;;1;1;0;1;;MERCEDES CLK W209 03-*MASCARA FAROL DRT;MERCEDES CLK W209 03-*MASCARA FAROL DRT;0;;
61;1540;109.132581;1540;109.132581;CATEGORIA0;;1;1;0;1;;MERCEDES CLK W209 03-*MASCARA FAROL ESQ;MERCEDES CLK W209 03-*MASCARA FAROL ESQ;0;;
61;1540;109.132611;1540;109.132611;CATEGORIA0;;1;1;0;1;;MERCEDES E W213 16-*G/LAMAS FRT DRT(ALUMINIO);MERCEDES E W213 16-*G/LAMAS FRT DRT(ALUMINIO);0;;
61;1540;109.132612;1540;109.132612;CATEGORIA0;;1;1;0;1;;MERCEDES E W213 16-*G/LAMAS FRT ESQ(ALUMINIO);MERCEDES E W213 16-*G/LAMAS FRT ESQ(ALUMINIO);0;;
61;1540;109.132613;1540;109.132613;CATEGORIA0;;1;1;0;1;;MERCEDES E W213 16-*G/LAMAS FRT DRT(CHAPA);MERCEDES E W213 16-*G/LAMAS FRT DRT(CHAPA);0;;
61;1540;109.132614;1540;109.132614;CATEGORIA0;;1;1;0;1;;MERCEDES E W213 16-*G/LAMAS FRT ESQ(CHAPA);MERCEDES E W213 16-*G/LAMAS FRT ESQ(CHAPA);0;;
61;1540;109.132630;1540;109.132630;CATEGORIA0;;1;1;0;1;;MERCEDES E W213 16-*CAPOT(ALUMINIO);MERCEDES E W213 16-*CAPOT(ALUMINIO);0;;
61;1540;109.132631;1540;109.132631;CATEGORIA0;;1;1;0;1;;MERCEDES E W213 16-*CAPOT(CHAPA);MERCEDES E W213 16-*CAPOT(CHAPA);0;;
61;1540;109.132711;1540;109.132711;CATEGORIA0;;1;1;0;1;;MERCEDES SPRINTER 2018.02-*G/LAMAS FRT DRT;MERCEDES SPRINTER 2018.02-*G/LAMAS FRT DRT;0;;
61;1540;109.132712;1540;109.132712;CATEGORIA0;;1;1;0;1;;MERCEDES SPRINTER 2018.02-*G/LAMAS FRT ESQ;MERCEDES SPRINTER 2018.02-*G/LAMAS FRT ESQ;0;;
61;1540;109.132730;1540;109.132730;CATEGORIA0;;1;1;0;1;;MERCEDES SPRINTER 2018.02-*CAPOT;MERCEDES SPRINTER 2018.02-*CAPOT;0;;
61;1540;109.132770;1540;109.132770;CATEGORIA0;;1;1;0;1;;MERCEDES SPRINTER 2018.02-*FRENTE;MERCEDES SPRINTER 2018.02-*FRENTE;0;;
61;1540;109.141311;1540;109.141311;CATEGORIA0;;1;1;0;1;;MERCEDES W210 99-*G/LAMAS FRT DRT;MERCEDES W210 99-*G/LAMAS FRT DRT;0;;
61;1540;109.141312;1540;109.141312;CATEGORIA0;;1;1;0;1;;MERCEDES W210 99-*G/LAMAS FRT ESQ;MERCEDES W210 99-*G/LAMAS FRT ESQ;0;;
61;1540;109.141330;1540;109.141330;CATEGORIA0;;1;1;0;1;;MERCEDES W210 99-*CAPOT;MERCEDES W210 99-*CAPOT;0;;
61;1540;109.141370;1540;109.141370;CATEGORIA0;;1;1;0;1;;MERCEDES W210 99-*TRAVESSA FRT SUP;MERCEDES W210 99-*TRAVESSA FRT SUP;0;;
61;1540;109.141411;1540;109.141411;CATEGORIA0;;1;1;0;1;;MERCEDES W211 02-*G/LAMAS FRT DRT(CHAPA);MERCEDES W211 02-*G/LAMAS FRT DRT(CHAPA);0;;
61;1540;109.141412;1540;109.141412;CATEGORIA0;;1;1;0;1;;MERCEDES W211 02-*G/LAMAS FRT ESQ(CHAPA);MERCEDES W211 02-*G/LAMAS FRT ESQ(CHAPA);0;;
61;1540;109.141413;1540;109.141413;CATEGORIA0;;1;1;0;1;;MERCEDES W211 02-*G/LAMAS FRT DRT(ALUMINIO);MERCEDES W211 02-*G/LAMAS FRT DRT(ALUMINIO);0;;
61;1540;109.141414;1540;109.141414;CATEGORIA0;;1;1;0;1;;MERCEDES W211 02-*G/LAMAS FRT ESQ(ALUMINIO);MERCEDES W211 02-*G/LAMAS FRT ESQ(ALUMINIO);0;;
61;1540;109.141430;1540;109.141430;CATEGORIA0;;1;1;0;1;;MERCEDES W211 02-*CAPOT (CHAPA);MERCEDES W211 02-*CAPOT (CHAPA);0;;
61;1540;109.141431;1540;109.141431;CATEGORIA0;;1;1;0;1;;MERCEDES W211 02-*CAPOT (ALUMINIO);MERCEDES W211 02-*CAPOT (ALUMINIO);0;;
61;1540;109.141475;1540;109.141475;CATEGORIA0;;1;1;0;1;;MERCEDES W211 02-*TRAVESSA SUPERIOR FRT;MERCEDES W211 02-*TRAVESSA SUPERIOR FRT;0;;
61;1540;109.141476;1540;109.141476;CATEGORIA0;;1;1;0;1;;MERCEDES W211 02-*TRAVESSA FRT CENTRAL;MERCEDES W211 02-*TRAVESSA FRT CENTRAL;0;;
61;1540;109.141480;1540;109.141480;CATEGORIA0;;1;1;0;1;;MERCEDES W211 02-*TRAVESSA  FRT SUP DRT;MERCEDES W211 02-*TRAVESSA  FRT SUP DRT;0;;
61;1540;109.141481;1540;109.141481;CATEGORIA0;;1;1;0;1;;MERCEDES W211 02-*TRAVESSA  FRT SUP ESQ;MERCEDES W211 02-*TRAVESSA  FRT SUP ESQ;0;;
61;1540;109.141482;1540;109.141482;CATEGORIA0;;1;1;0;1;;MERCEDES W211 02-*MASCARA FAROL DRT;MERCEDES W211 02-*MASCARA FAROL DRT;0;;
61;1540;109.141483;1540;109.141483;CATEGORIA0;;1;1;0;1;;MERCEDES W211 02-*MASCARA FAROL ESQ;MERCEDES W211 02-*MASCARA FAROL ESQ;0;;
61;1540;109.141511;1540;109.141511;CATEGORIA0;;1;1;0;1;;MERCEDES SLK W170 96-* G/LAMAS FRT DRT;MERCEDES SLK W170 96-* G/LAMAS FRT DRT;0;;
61;1540;109.141512;1540;109.141512;CATEGORIA0;;1;1;0;1;;MERCEDES SLK W170 96-* G/LAMAS FRT ESQ;MERCEDES SLK W170 96-* G/LAMAS FRT ESQ;0;;
61;1540;109.141611;1540;109.141611;CATEGORIA0;;1;1;0;1;;MCC SMART FORTWO 98-*G/LAMAS FRT DRT(EXCEPTO CABRIO);MCC SMART FORTWO 98-*G/LAMAS FRT DRT(EXCEPTO CABRIO);0;;
61;1540;109.141612;1540;109.141612;CATEGORIA0;;1;1;0;1;;MCC SMART FORTWO 98-*G/LAMAS FRT ESQ;MCC SMART FORTWO 98-*G/LAMAS FRT ESQ;0;;
61;1540;109.141621;1540;109.141621;CATEGORIA0;;1;1;0;1;;MCC SMART FORTWO 98-06*G/LAMAS TRÁS DRT;MCC SMART FORTWO 98-06*G/LAMAS TRÁS DRT;0;;
61;1540;109.141622;1540;109.141622;CATEGORIA0;;1;1;0;1;;MCC SMART FORTWO 98-06*G/LAMAS TRÁS ESQ;MCC SMART FORTWO 98-06*G/LAMAS TRÁS ESQ;0;;
61;1540;109.141623;1540;109.141623;CATEGORIA0;;1;1;0;1;;MCC SMART FORTWO 98-07*PAINEL PORTA FRT DRT;MCC SMART FORTWO 98-07*PAINEL PORTA FRT DRT;0;;
61;1540;109.141630;1540;109.141630;CATEGORIA0;;1;1;0;1;;MCC SMART FORTWO 98-*CAPOT(FRENTE COMP PLASTICA);MCC SMART FORTWO 98-*CAPOT(FRENTE COMP PLASTICA);0;;
61;1540;109.141675;1540;109.141675;CATEGORIA0;;1;1;0;1;;MCC SMART FORTWO 98-07*TRAVESSA FRENTE SUP;MCC SMART FORTWO 98-07*TRAVESSA FRENTE SUP;0;;
61;1540;109.141811;1540;109.141811;CATEGORIA0;;1;1;0;1;;MERCEDES S W220 98-*G/LAMAS FRT DRT;MERCEDES S W220 98-*G/LAMAS FRT DRT;0;;
61;1540;109.141812;1540;109.141812;CATEGORIA0;;1;1;0;1;;MERCEDES S W220 98-*G/LAMAS FRT ESQ;MERCEDES S W220 98-*G/LAMAS FRT ESQ;0;;
61;1540;109.141830;1540;109.141830;CATEGORIA0;;1;1;0;1;;MERCEDES S W220 98-01*CAPOT;MERCEDES S W220 98-01*CAPOT;0;;
61;1540;109.141831;1540;109.141831;CATEGORIA0;;1;1;0;1;;MERCEDES S W220 02-*CAPOT;MERCEDES S W220 02-*CAPOT;0;;
61;1540;109.141875;1540;109.141875;CATEGORIA0;;1;1;0;1;;MERCEDES S W220 98-*FRENTE SUP;MERCEDES S W220 98-*FRENTE SUP;0;;
61;1540;109.141880;1540;109.141880;CATEGORIA0;;1;1;0;1;;MERCEDES S W220 98-*MASCARA FAROL DRT;MERCEDES S W220 98-*MASCARA FAROL DRT;0;;
61;1540;109.141881;1540;109.141881;CATEGORIA0;;1;1;0;1;;MERCEDES S W220 98-*MASCARA FAROL ESQ;MERCEDES S W220 98-*MASCARA FAROL ESQ;0;;
61;1540;109.142211;1540;109.142211;CATEGORIA0;;1;1;0;1;;MERCEDES A W169 04-*G/LAMAS FRT DRT;MERCEDES A W169 04-*G/LAMAS FRT DRT;0;;
61;1540;109.142212;1540;109.142212;CATEGORIA0;;1;1;0;1;;MERCEDES A W169 04-*G/LAMAS FRT ESQ;MERCEDES A W169 04-*G/LAMAS FRT ESQ;0;;
61;1540;109.142230;1540;109.142230;CATEGORIA0;;1;1;0;1;;MERCEDES A W169 04-*CAPOT;MERCEDES A W169 04-*CAPOT;0;;
61;1540;109.142270;1540;109.142270;CATEGORIA0;;1;1;0;1;;MERCEDES A W169 04-*FRENTE COMPLETA;MERCEDES A W169 04-*FRENTE COMPLETA;0;;
61;1540;109.142275;1540;109.142275;CATEGORIA0;;1;1;0;1;;MERCEDES A W169/B W245 04-*TRAVESSA RADIADOR INF;MERCEDES A W169/B W245 04-*TRAVESSA RADIADOR INF;0;;
61;1540;109.142311;1540;109.142311;CATEGORIA0;;1;1;0;1;;MERCEDES B W245 2005-*G/LAMAS FRT DRT;MERCEDES B W245 2005-*G/LAMAS FRT DRT;0;;
61;1540;109.142312;1540;109.142312;CATEGORIA0;;1;1;0;1;;MERCEDES B W245 2005-*G/LAMAS FRT ESQ;MERCEDES B W245 2005-*G/LAMAS FRT ESQ;0;;
61;1540;109.142330;1540;109.142330;CATEGORIA0;;1;1;0;1;;MERCEDES B W245 2005-*CAPOT;MERCEDES B W245 2005-*CAPOT;0;;
61;1540;109.142370;1540;109.142370;CATEGORIA0;;1;1;0;1;;MERCEDES B W245 2005-*FRENTE COMPLETA;MERCEDES B W245 2005-*FRENTE COMPLETA;0;;
61;1540;109.142611;1540;109.142611;CATEGORIA0;;1;1;0;1;;MCC SMART FORTWO 02-*G/LAMAS FRT DRT;MCC SMART FORTWO 02-*G/LAMAS FRT DRT;0;;
61;1540;109.142612;1540;109.142612;CATEGORIA0;;1;1;0;1;;MCC SMART FORTWO 02-*G/LAMAS FRT ESQ;MCC SMART FORTWO 02-*G/LAMAS FRT ESQ;0;;
61;1540;109.142621;1540;109.142621;CATEGORIA0;;1;1;0;1;;MCC SMART FORTWO 98-06*G/LAMAS TRÁS DRT(MOD CABRIO);MCC SMART FORTWO 98-06*G/LAMAS TRÁS DRT(MOD CABRIO);0;;
61;1540;109.142622;1540;109.142622;CATEGORIA0;;1;1;0;1;;MCC SMART FORTWO 98-06*G/LAMAS TRÁS ESQ(MOD CABRIO);MCC SMART FORTWO 98-06*G/LAMAS TRÁS ESQ(MOD CABRIO);0;;
61;1540;109.142711;1540;109.142711;CATEGORIA0;;1;1;0;1;;MCC SMART FORTWO 07-*G/LAMAS FRT DRT;MCC SMART FORTWO 07-*G/LAMAS FRT DRT;0;;
61;1540;109.142712;1540;109.142712;CATEGORIA0;;1;1;0;1;;MCC SMART FORTWO 07-*G/LAMAS FRT ESQ;MCC SMART FORTWO 07-*G/LAMAS FRT ESQ;0;;
61;1540;109.142721;1540;109.142721;CATEGORIA0;;1;1;0;1;;MCC SMART FORTWO 07-*G/LAMAS TRÁS DRT;MCC SMART FORTWO 07-*G/LAMAS TRÁS DRT;0;;
61;1540;109.142722;1540;109.142722;CATEGORIA0;;1;1;0;1;;MCC SMART FORTWO 07-*G/LAMAS TRÁS ESQ;MCC SMART FORTWO 07-*G/LAMAS TRÁS ESQ;0;;
61;1540;109.142730;1540;109.142730;CATEGORIA0;;1;1;0;1;;MCC SMART FORTWO 07-*CAPOT;MCC SMART FORTWO 07-*CAPOT;0;;
61;1540;109.142770;1540;109.142770;CATEGORIA0;;1;1;0;1;;MCC SMART FORTWO 07-*FRENTE;MCC SMART FORTWO 07-*FRENTE;0;;
61;1540;109.142811;1540;109.142811;CATEGORIA0;;1;1;0;1;;MERCEDES M W164 05-*G/LAMAS FRT DRT(CHAPA);MERCEDES M W164 05-*G/LAMAS FRT DRT(CHAPA);0;;
61;1540;109.142812;1540;109.142812;CATEGORIA0;;1;1;0;1;;MERCEDES M W164 05-*G/LAMAS FRT ESQ(CHAPA);MERCEDES M W164 05-*G/LAMAS FRT ESQ(CHAPA);0;;
61;1540;109.142830;1540;109.142830;CATEGORIA0;;1;1;0;1;;MERCEDES M W164 05-*CAPOT (CHAPA);MERCEDES M W164 05-*CAPOT (CHAPA);0;;
61;1540;109.142874;1540;109.142874;CATEGORIA0;;1;1;0;1;;MERCEDES M W164 05-*TRAVESSA FRT SUP;MERCEDES M W164 05-*TRAVESSA FRT SUP;0;;
61;1540;109.142875;1540;109.142875;CATEGORIA0;;1;1;0;1;;MERCEDES M W164 05-*TRAVESSA FRT INF;MERCEDES M W164 05-*TRAVESSA FRT INF;0;;
61;1540;109.142876;1540;109.142876;CATEGORIA0;;1;1;0;1;;MERCEDES M W164 05-*TRAVESSA FRT CENTRAL;MERCEDES M W164 05-*TRAVESSA FRT CENTRAL;0;;
61;1540;109.142880;1540;109.142880;CATEGORIA0;;1;1;0;1;;MERCEDES M W164 05-*MASCARA FAROL DRT;MERCEDES M W164 05-*MASCARA FAROL DRT;0;;
61;1540;109.142881;1540;109.142881;CATEGORIA0;;1;1;0;1;;MERCEDES M W164 05-*MASCARA FAROL ESQ;MERCEDES M W164 05-*MASCARA FAROL ESQ;0;;
61;1540;109.143211;1540;109.143211;CATEGORIA0;;1;1;0;1;;MERCEDES VITO 10-*G/LAMAS FRT DRT;MERCEDES VITO 10-*G/LAMAS FRT DRT;0;;
61;1540;109.143212;1540;109.143212;CATEGORIA0;;1;1;0;1;;MERCEDES VITO 10-*G/LAMAS FRT ESQ;MERCEDES VITO 10-*G/LAMAS FRT ESQ;0;;
61;1540;109.143311;1540;109.143311;CATEGORIA0;;1;1;0;1;;MERCEDES B W245 09-*G/LAMAS FRT DRT;MERCEDES B W245 09-*G/LAMAS FRT DRT;0;;
61;1540;109.143312;1540;109.143312;CATEGORIA0;;1;1;0;1;;MERCEDES B W245 09-*G/LAMAS FRT ESQ;MERCEDES B W245 09-*G/LAMAS FRT ESQ;0;;
61;1540;109.143330;1540;109.143330;CATEGORIA0;;1;1;0;1;;MERCEDES B W245 09-*CAPOT;MERCEDES B W245 09-*CAPOT;0;;
61;1540;109.143370;1540;109.143370;CATEGORIA0;;1;1;0;1;;MERCEDES B W245/A 169 09-*FRENTE;MERCEDES B W245/A 169 09-*FRENTE;0;;
61;1540;109.143411;1540;109.143411;CATEGORIA0;;1;1;0;1;;MERCEDES CITAN 12-*G/LAMAS FRT DRT P/P;MERCEDES CITAN 12-*G/LAMAS FRT DRT P/P;0;;
61;1540;109.143412;1540;109.143412;CATEGORIA0;;1;1;0;1;;MERCEDES CITAN 12-*G/LAMAS FRT ESQ P/P;MERCEDES CITAN 12-*G/LAMAS FRT ESQ P/P;0;;
61;1540;109.143430;1540;109.143430;CATEGORIA0;;1;1;0;1;;MERCEDES CITAN 12-*CAPOT (CHAPA);MERCEDES CITAN 12-*CAPOT (CHAPA);0;;
61;1540;109.143475;1540;109.143475;CATEGORIA0;;1;1;0;1;;MERCEDES CITAN 12-*TRAVESSA RADIADOR;MERCEDES CITAN 12-*TRAVESSA RADIADOR;0;;
61;1540;109.143513;1540;109.143513;CATEGORIA0;;1;1;0;1;;MERCEDES B W246 12-*G/LAMAS FRT DRT(ALUMINIO);MERCEDES B W246 12-*G/LAMAS FRT DRT(ALUMINIO);0;;
61;1540;109.143514;1540;109.143514;CATEGORIA0;;1;1;0;1;;MERCEDES B W246 12-*G/LAMAS FRT ESQ(ALUMINIO);MERCEDES B W246 12-*G/LAMAS FRT ESQ(ALUMINIO);0;;
61;1540;109.143530;1540;109.143530;CATEGORIA0;;1;1;0;1;;MERCEDES B W246 12-*CAPOT (ALUMINIO);MERCEDES B W246 12-*CAPOT (ALUMINIO);0;;
61;1540;109.143611;1540;109.143611;CATEGORIA0;;1;1;0;1;;MERCEDES A W176 12-*G/LAMAS FRT DRT(CHAPA);MERCEDES A W176 12-*G/LAMAS FRT DRT(CHAPA);0;;
61;1540;109.143612;1540;109.143612;CATEGORIA0;;1;1;0;1;;MERCEDES A W176 12-*G/LAMAS FRT ESQ(CHAPA);MERCEDES A W176 12-*G/LAMAS FRT ESQ(CHAPA);0;;
61;1540;109.143613;1540;109.143613;CATEGORIA0;;1;1;0;1;;MERCEDES A W176 12-*G/LAMAS FRT DRT(ALUMINIO);MERCEDES A W176 12-*G/LAMAS FRT DRT(ALUMINIO);0;;
61;1540;109.143614;1540;109.143614;CATEGORIA0;;1;1;0;1;;MERCEDES A W176 12- G/LAMAS FRT. ESQ. (ALUMINIO);MERCEDES A W176 12- G/LAMAS FRT. ESQ. (ALUMINIO);0;;
61;1540;109.143630;1540;109.143630;CATEGORIA0;;1;1;0;1;;MERCEDES A W176 12-*CAPOT (CHAPA);MERCEDES A W176 12-*CAPOT (CHAPA);0;;
61;1540;109.143631;1540;109.143631;CATEGORIA0;;1;1;0;1;;MERCEDES A W176 12-*CAPOT (ALUMINIO);MERCEDES A W176 12-*CAPOT (ALUMINIO);0;;
61;1540;109.143670;1540;109.143670;CATEGORIA0;;1;1;0;1;;MERCEDES A W176/B W246 12-*FRENTE;MERCEDES A W176/B W246 12-*FRENTE;0;;
61;1540;109.143675;1540;109.143675;CATEGORIA0;;1;1;0;1;;MERCEDES A W176/B W246 12-*TRAVESSA FRT INF;MERCEDES A W176/B W246 12-*TRAVESSA FRT INF;0;;
61;1540;109.143711;1540;109.143711;CATEGORIA0;;1;1;0;1;;MERCEDES SPRINTER 14-*G/LAMAS FRT DRT;MERCEDES SPRINTER 14-*G/LAMAS FRT DRT;0;;
61;1540;109.143712;1540;109.143712;CATEGORIA0;;1;1;0;1;;MERCEDES SPRINTER 14-*G/LAMAS FRT ESQ;MERCEDES SPRINTER 14-*G/LAMAS FRT ESQ;0;;
61;1540;109.143730;1540;109.143730;CATEGORIA0;;1;1;0;1;;MERCEDES SPRINTER 14-*CAPOT;MERCEDES SPRINTER 14-*CAPOT;0;;
61;1540;109.143770;1540;109.143770;CATEGORIA0;;1;1;0;1;;MERCEDES SPRINTER 14-*FRENTE;MERCEDES SPRINTER 14-*FRENTE;0;;
61;1540;109.143813;1540;109.143813;CATEGORIA0;;1;1;0;1;;MERCEDES CLA W117 13-*G/LAMAS FRT DRT(ALUMINIO);MERCEDES CLA W117 13-*G/LAMAS FRT DRT(ALUMINIO);0;;
61;1540;109.143814;1540;109.143814;CATEGORIA0;;1;1;0;1;;MERCEDES CLA W117 13-*G/LAMAS FRT ESQ(ALUMINIO);MERCEDES CLA W117 13-*G/LAMAS FRT ESQ(ALUMINIO);0;;
61;1540;109.143831;1540;109.143831;CATEGORIA0;;1;1;0;1;;MERCEDES CLA W117 13-*CAPOT (ALUMINIO);MERCEDES CLA W117 13-*CAPOT (ALUMINIO);0;;
61;1540;109.143930;1540;109.143930;CATEGORIA0;;1;1;0;1;;MERCEDES E W212 13-*CAPOT (ALUMINIO);MERCEDES E W212 13-*CAPOT (ALUMINIO);0;;
61;1540;109.144111;1540;109.144111;CATEGORIA0;;1;1;0;1;;MERCEDES C W205 14-*G/LAMAS FRT DRT(ALUMINIO);MERCEDES C W205 14-*G/LAMAS FRT DRT(ALUMINIO);0;;
61;1540;109.144112;1540;109.144112;CATEGORIA0;;1;1;0;1;;MERCEDES C W205 14-*G/LAMAS FRT ESQ(ALUMINIO);MERCEDES C W205 14-*G/LAMAS FRT ESQ(ALUMINIO);0;;
61;1540;109.144113;1540;109.144113;CATEGORIA0;;1;1;0;1;;MERCEDES C W205 14-*G/LAMAS FRT DRT(CHAPA);MERCEDES C W205 14-*G/LAMAS FRT DRT(CHAPA);0;;
61;1540;109.144114;1540;109.144114;CATEGORIA0;;1;1;0;1;;MERCEDES C W205 14-*G/LAMAS FRT ESQ(CHAPA);MERCEDES C W205 14-*G/LAMAS FRT ESQ(CHAPA);0;;
61;1540;109.144130;1540;109.144130;CATEGORIA0;;1;1;0;1;;MERCEDES C W205 14-*CAPOT (ALUMINIO);MERCEDES C W205 14-*CAPOT (ALUMINIO);0;;
61;1540;109.144131;1540;109.144131;CATEGORIA0;;1;1;0;1;;MERCEDES C W205 14-*CAPOT (CHAPA);MERCEDES C W205 14-*CAPOT (CHAPA);0;;
61;1540;109.144311;1540;109.144311;CATEGORIA0;;1;1;0;1;;MCC SMART FORTWO 2014.07-*G/LAMAS FRT DRT P/P;MCC SMART FORTWO 2014.07-*G/LAMAS FRT DRT P/P;0;;
61;1540;109.144312;1540;109.144312;CATEGORIA0;;1;1;0;1;;MCC SMART FORTWO 2014.07-*G/LAMAS FRT ESQ P/P;MCC SMART FORTWO 2014.07-*G/LAMAS FRT ESQ P/P;0;;
61;1540;109.144330;1540;109.144330;CATEGORIA0;;1;1;0;1;;MCC SMART FORTWO 2014.07-*CAPOT;MCC SMART FORTWO 2014.07-*CAPOT;0;;
61;1540;109.144375;1540;109.144375;CATEGORIA0;;1;1;0;1;;MCC SMART FORTWO 2014.07-*TRAVESSA FRT SUPERIOR;MCC SMART FORTWO 2014.07-*TRAVESSA FRT SUPERIOR;0;;
61;1540;109.144380;1540;109.144380;CATEGORIA0;;1;1;0;1;;MCC SMART FORTWO 2014.07-*MASCARA FAROL DRT;MCC SMART FORTWO 2014.07-*MASCARA FAROL DRT;0;;
61;1540;109.144381;1540;109.144381;CATEGORIA0;;1;1;0;1;;MCC SMART FORTWO 2014.07-*MASCARA FAROL ESQ;MCC SMART FORTWO 2014.07-*MASCARA FAROL ESQ;0;;
61;1540;109.144411;1540;109.144411;CATEGORIA0;;1;1;0;1;;MERCEDES VITO 15-*G/LAMAS FRT DRT;MERCEDES VITO 15-*G/LAMAS FRT DRT;0;;
61;1540;109.144412;1540;109.144412;CATEGORIA0;;1;1;0;1;;MERCEDES VITO 15-*G/LAMAS FRT ESQ;MERCEDES VITO 15-*G/LAMAS FRT ESQ;0;;
61;1540;109.144430;1540;109.144430;CATEGORIA0;;1;1;0;1;;MERCEDES VITO 15-*CAPOT;MERCEDES VITO 15-*CAPOT;0;;
61;1540;109.144470;1540;109.144470;CATEGORIA0;;1;1;0;1;;MERCEDES VITO 15-*FRENTE COMPLETA;MERCEDES VITO 15-*FRENTE COMPLETA;0;;
61;1540;109.144511;1540;109.144511;CATEGORIA0;;1;1;0;1;;MERCEDES S W222 13-*G/LAMAS FRT DRT(ALUMINIO);MERCEDES S W222 13-*G/LAMAS FRT DRT(ALUMINIO);0;;
61;1540;109.144512;1540;109.144512;CATEGORIA0;;1;1;0;1;;MERCEDES S W222 13-*G/LAMAS FRT ESQ(ALUMINIO);MERCEDES S W222 13-*G/LAMAS FRT ESQ(ALUMINIO);0;;
61;1540;109.144570;1540;109.144570;CATEGORIA0;;1;1;0;1;;MERCEDES S W222 13-*FRENTE COMPLETA;MERCEDES S W222 13-*FRENTE COMPLETA;0;;
61;1540;109.144611;1540;109.144611;CATEGORIA0;;1;1;0;1;;MERCEDES S W221 05-*G/LAMAS FRT DRT(CHAPA);MERCEDES S W221 05-*G/LAMAS FRT DRT(CHAPA);0;;
61;1540;109.144612;1540;109.144612;CATEGORIA0;;1;1;0;1;;MERCEDES S W221 05-*G/LAMAS FRT ESQ(CHAPA);MERCEDES S W221 05-*G/LAMAS FRT ESQ(CHAPA);0;;
61;1540;109.144613;1540;109.144613;CATEGORIA0;;1;1;0;1;;MERCEDES S W221 05-*G/LAMAS FRT DRT(ALUMINIO);MERCEDES S W221 05-*G/LAMAS FRT DRT(ALUMINIO);0;;
61;1540;109.144614;1540;109.144614;CATEGORIA0;;1;1;0;1;;MERCEDES S W221 05-*G/LAMAS FRT ESQ(ALUMINIO);MERCEDES S W221 05-*G/LAMAS FRT ESQ(ALUMINIO);0;;
61;1540;109.144630;1540;109.144630;CATEGORIA0;;1;1;0;1;;MERCEDES S W221 05-*CAPOT (ALUMINIO);MERCEDES S W221 05-*CAPOT (ALUMINIO);0;;
61;1540;109.144711;1540;109.144711;CATEGORIA0;;1;1;0;1;;MERCEDES GLA X156 2013.12-*G/LAMAS FRT DRT(CHAPA);MERCEDES GLA X156 2013.12-*G/LAMAS FRT DRT(CHAPA);0;;
61;1540;109.144712;1540;109.144712;CATEGORIA0;;1;1;0;1;;MERCEDES GLA X156 2013.12-*G/LAMAS FRT ESQ(CHAPA);MERCEDES GLA X156 2013.12-*G/LAMAS FRT ESQ(CHAPA);0;;
61;1540;109.144713;1540;109.144713;CATEGORIA0;;1;1;0;1;;MERCEDES GLA X156 2013.12-*G/LAMAS FRT DRT(ALUMINIO);MERCEDES GLA X156 2013.12-*G/LAMAS FRT DRT(ALUMINIO);0;;
61;1540;109.144714;1540;109.144714;CATEGORIA0;;1;1;0;1;;MERCEDES GLA X156 2013.12-*G/LAMAS FRT ESQ(ALUMINIO);MERCEDES GLA X156 2013.12-*G/LAMAS FRT ESQ(ALUMINIO);0;;
61;1540;109.144730;1540;109.144730;CATEGORIA0;;1;1;0;1;;MERCEDES GLA X156 2013.12-*CAPOT(CHAPA);MERCEDES GLA X156 2013.12-*CAPOT(CHAPA);0;;
61;1540;109.144731;1540;109.144731;CATEGORIA0;;1;1;0;1;;MERCEDES GLA X156 2013.12-*CAPOT(ALUMINIO);MERCEDES GLA X156 2013.12-*CAPOT(ALUMINIO);0;;
61;1540;109.144911;1540;109.144911;CATEGORIA0;;1;1;0;1;;MERCEDES A W177 2018.03-*G/LAMAS FRT DRT(ALUMINIO);MERCEDES A W177 2018.03-*G/LAMAS FRT DRT(ALUMINIO);0;;
61;1540;109.144912;1540;109.144912;CATEGORIA0;;1;1;0;1;;MERCEDES A W177 2018.03-*G/LAMAS FRT ESQ(ALUMINIO);MERCEDES A W177 2018.03-*G/LAMAS FRT ESQ(ALUMINIO);0;;
61;1540;109.144913;1540;109.144913;CATEGORIA0;;1;1;0;1;;MERCEDES A W177 2018.03-*G/LAMAS FRT DRT(CHAPA);MERCEDES A W177 2018.03-*G/LAMAS FRT DRT(CHAPA);0;;
61;1540;109.144914;1540;109.144914;CATEGORIA0;;1;1;0;1;;MERCEDES A W177 2018.03-*G/LAMAS FRT ESQ(CHAPA);MERCEDES A W177 2018.03-*G/LAMAS FRT ESQ(CHAPA);0;;
61;1540;109.144930;1540;109.144930;CATEGORIA0;;1;1;0;1;;MERCEDES A W177 2018.03-*CAPOT(CHAPA);MERCEDES A W177 2018.03-*CAPOT(CHAPA);0;;
61;1540;109.144931;1540;109.144931;CATEGORIA0;;1;1;0;1;;MERCEDES A W177 2018.03-*CAPOT(ALUMINIO);MERCEDES A W177 2018.03-*CAPOT(ALUMINIO);0;;
61;1540;109.144970;1540;109.144970;CATEGORIA0;;1;1;0;1;;MERCEDES A W177/CLA W118 2018.03-*FRENTE;MERCEDES A W177/CLA W118 2018.03-*FRENTE;0;;
61;1540;109.144975;1540;109.144975;CATEGORIA0;;1;1;0;1;;MERCEDES A W177 2018.03-*TRAVESSA FRT INFERIOR;MERCEDES A W177 2018.03-*TRAVESSA FRT INFERIOR;0;;
61;1540;109.145711;1540;109.145711;CATEGORIA0;;1;1;0;1;;MCC SMART FORFOUR 2014.07-*G/LAMAS FRT DRT P/P;MCC SMART FORFOUR 2014.07-*G/LAMAS FRT DRT P/P;0;;
61;1540;109.145712;1540;109.145712;CATEGORIA0;;1;1;0;1;;MCC SMART FORFOUR 2014.07-*G/LAMAS FRT ESQ P/P;MCC SMART FORFOUR 2014.07-*G/LAMAS FRT ESQ P/P;0;;
61;1540;109.145730;1540;109.145730;CATEGORIA0;;1;1;0;1;;MCC SMART FORFOUR 2014.07-*CAPOT;MCC SMART FORFOUR 2014.07-*CAPOT;0;;
61;1540;109.150211;1540;109.150211;CATEGORIA0;;1;1;0;1;;MINI 01-*G/LAMAS FRT DRT;MINI 01-*G/LAMAS FRT DRT;0;;
61;1540;109.150212;1540;109.150212;CATEGORIA0;;1;1;0;1;;MINI 01-*G/LAMAS FRT ESQ;MINI 01-*G/LAMAS FRT ESQ;0;;
61;1540;109.150230;1540;109.150230;CATEGORIA0;;1;1;0;1;;MINI 01-*CAPOT;MINI 01-*CAPOT;0;;
61;1540;109.150270;1540;109.150270;CATEGORIA0;;1;1;0;1;;MINI 01-*FRENTE COMPLETA (ONE/COOPER);MINI 01-*FRENTE COMPLETA (ONE/COOPER);0;;
61;1540;109.150330;1540;109.150330;CATEGORIA0;;1;1;0;1;;MINI COOPER S 01-*CAPOT;MINI COOPER S 01-*CAPOT;0;;
61;1540;109.150370;1540;109.150370;CATEGORIA0;;1;1;0;1;;MINI COOPER S 01-*FRENTE COMPLETA;MINI COOPER S 01-*FRENTE COMPLETA;0;;
61;1540;109.150411;1540;109.150411;CATEGORIA0;;1;1;0;1;;MINI COOPER/ONE D/S 07-*G/LAMAS FRT DRT;MINI COOPER/ONE D/S 07-*G/LAMAS FRT DRT;0;;
61;1540;109.150412;1540;109.150412;CATEGORIA0;;1;1;0;1;;MINI COOPER/ONE D/S 07-*G/LAMAS FRT ESQ;MINI COOPER/ONE D/S 07-*G/LAMAS FRT ESQ;0;;
61;1540;109.150430;1540;109.150430;CATEGORIA0;;1;1;0;1;;MINI CLUBMAN/ONE EXCEPTO DIESEL 07-*CAPOT;MINI CLUBMAN/ONE EXCEPTO DIESEL 07-*CAPOT;0;;
61;1540;109.150431;1540;109.150431;CATEGORIA0;;1;1;0;1;;MINI COOPER 07-*CAPOT (C/ENTRADA AR);MINI COOPER 07-*CAPOT (C/ENTRADA AR);0;;
61;1540;109.150432;1540;109.150432;CATEGORIA0;;1;1;0;1;;MINI COOPER 07-*CAPOT (S/ENTRADA AR);MINI COOPER 07-*CAPOT (S/ENTRADA AR);0;;
61;1540;109.150470;1540;109.150470;CATEGORIA0;;1;1;0;1;;MINI COOPER D/S 07-*FRENTE COMPLETA;MINI COOPER D/S 07-*FRENTE COMPLETA;0;;
61;1540;109.150471;1540;109.150471;CATEGORIA0;;1;1;0;1;;MINI COOPER/ ONE 07-*FRENTE COMPLETA;MINI COOPER/ ONE 07-*FRENTE COMPLETA;0;;
61;1540;109.150475;1540;109.150475;CATEGORIA0;;1;1;0;1;;MINI ONE/COOPER 07-*TRAVESSA FRT SUP;MINI ONE/COOPER 07-*TRAVESSA FRT SUP;0;;
61;1540;109.150476;1540;109.150476;CATEGORIA0;;1;1;0;1;;MINI COOPER D/S 07-*TRAVESSA FRT SUP;MINI COOPER D/S 07-*TRAVESSA FRT SUP;0;;
61;1540;109.150570;1540;109.150570;CATEGORIA0;;1;1;0;1;;MINI COUNTRYMAN R60/PACEMAN R61 10-*FRENTE COMPLETA;MINI COUNTRYMAN R60/PACEMAN R61 10-*FRENTE COMPLETA;0;;
61;1540;109.150571;1540;109.150571;CATEGORIA0;;1;1;0;1;;MINI COUNTRYMAN R60/PACEMAN R61 10-*FRENTE COMPLETA(MOD TD);MINI COUNTRYMAN R60/PACEMAN R61 10-*FRENTE COMPLETA(MOD TD);0;;
61;1540;109.150575;1540;109.150575;CATEGORIA0;;1;1;0;1;;MINI COUNTRYMAN 10-*TRAVESSA FRT SUP;MINI COUNTRYMAN 10-*TRAVESSA FRT SUP;0;;
61;1540;109.160211;1540;109.160211;CATEGORIA0;;1;1;0;1;;OPEL ASTRA 91-*G.LAMAS DRT;OPEL ASTRA 91-*G.LAMAS DRT;0;;
61;1540;109.160212;1540;109.160212;CATEGORIA0;;1;1;0;1;;ASTRA 91 - G/LAMAS ESQ.;ASTRA 91 - G/LAMAS ESQ.;0;;
61;1540;109.160215;1540;109.160215;CATEGORIA0;;1;1;0;1;;OPEL ASTRA 95-*G/LAMAS FRT DRT C/FUROS;OPEL ASTRA 95-*G/LAMAS FRT DRT C/FUROS;0;;
61;1540;109.160216;1540;109.160216;CATEGORIA0;;1;1;0;1;;OPEL ASTRA 95-*G/LAMAS FRT ESQ(C/FUROS);OPEL ASTRA 95-*G/LAMAS FRT ESQ(C/FUROS);0;;
61;1540;109.160223;1540;109.160223;CATEGORIA0;;1;1;0;1;;OPEL ASTRA 91-*G/LAMAS TRÁS DRT (5P);OPEL ASTRA 91-*G/LAMAS TRÁS DRT (5P);0;;
61;1540;109.160224;1540;109.160224;CATEGORIA0;;1;1;0;1;;OPEL ASTRA 91-*G/LAMAS TRÁS ESQ (5P);OPEL ASTRA 91-*G/LAMAS TRÁS ESQ (5P);0;;
61;1540;109.160230;1540;109.160230;CATEGORIA0;;1;1;0;1;;OPEL ASTRA 91-*CAPOT;OPEL ASTRA 91-*CAPOT;0;;
61;1540;109.160270;1540;109.160270;CATEGORIA0;;1;1;0;1;;OPEL ASTRA 91-*FRENTE;OPEL ASTRA 91-*FRENTE;0;;
61;1540;109.160272;1540;109.160272;CATEGORIA0;;1;1;0;1;;OPEL ASTRA 91-*FRENTE (TD);OPEL ASTRA 91-*FRENTE (TD);0;;
61;1540;109.160274;1540;109.160274;CATEGORIA0;;1;1;0;1;;OPEL ASTRA 93-*TRAVESSA FRT INF;OPEL ASTRA 93-*TRAVESSA FRT INF;0;;
61;1540;109.160275;1540;109.160275;CATEGORIA0;;1;1;0;1;;OPEL ASTRA 91-*TRAVESSA FRT INF;OPEL ASTRA 91-*TRAVESSA FRT INF;0;;
61;1540;109.160276;1540;109.160276;CATEGORIA0;;1;1;0;1;;OPEL ASTRA 91-*SUPORTE GRELHA (CHAPA);OPEL ASTRA 91-*SUPORTE GRELHA (CHAPA);0;;
61;1540;109.160277;1540;109.160277;CATEGORIA0;;1;1;0;1;;OPEL ASTRA 91-*SUPORTE GRELHA (CHAPA)(C/SUPORTE P/CH);OPEL ASTRA 91-*SUPORTE GRELHA (CHAPA)(C/SUPORTE P/CH);0;;
61;1540;109.160311;1540;109.160311;CATEGORIA0;;1;1;0;1;;OPEL CORSA 93-*G/LAMAS FRT DRT;OPEL CORSA 93-*G/LAMAS FRT DRT;0;;
61;1540;109.160312;1540;109.160312;CATEGORIA0;;1;1;0;1;;OPEL CORSA 93-*G.LAMAS ESQ;OPEL CORSA 93-*G.LAMAS ESQ;0;;
61;1540;109.160313;1540;109.160313;CATEGORIA0;;1;1;0;1;;G/ LAMAS F. DRT. C/FURO CORSA 96-;G/ LAMAS F. DRT. C/FURO CORSA 96-;0;;
61;1540;109.160326;1540;109.160326;CATEGORIA0;;1;1;0;1;;OPEL CORSA 93-*G/LAMAS TRÁS DRT(5P);OPEL CORSA 93-*G/LAMAS TRÁS DRT(5P);0;;
61;1540;109.160327;1540;109.160327;CATEGORIA0;;1;1;0;1;;OPEL CORSA 93-*G/LAMAS TRÁS ESQ(5P);OPEL CORSA 93-*G/LAMAS TRÁS ESQ(5P);0;;
61;1540;109.160330;1540;109.160330;CATEGORIA0;;1;1;0;1;;OPEL CORSA 93-*CAPOT;OPEL CORSA 93-*CAPOT;0;;
61;1540;109.160370;1540;109.160370;CATEGORIA0;;1;1;0;1;;OPEL CORSA 93-*FRENTE;OPEL CORSA 93-*FRENTE;0;;
61;1540;109.160375;1540;109.160375;CATEGORIA0;;1;1;0;1;;OPEL CORSA 93-*FRENTE INFERIOR;OPEL CORSA 93-*FRENTE INFERIOR;0;;
61;1540;109.160381;1540;109.160381;CATEGORIA0;;1;1;0;1;;OPEL CORSA 93-*SUPORTE P/CHOQUES FRT DRT;OPEL CORSA 93-*SUPORTE P/CHOQUES FRT DRT;0;;
61;1540;109.160382;1540;109.160382;CATEGORIA0;;1;1;0;1;;OPEL CORSA 93-*SUPORTE P/CHOQUES FRT ESQ;OPEL CORSA 93-*SUPORTE P/CHOQUES FRT ESQ;0;;
61;1540;109.160390;1540;109.160390;CATEGORIA0;;1;1;0;1;;OPEL CORSA 93-*TRASEIRA 3/5P;OPEL CORSA 93-*TRASEIRA 3/5P;0;;
61;1540;109.160411;1540;109.160411;CATEGORIA0;;1;1;0;1;;OPEL CORSA 83-90*G.LAMAS DRT;OPEL CORSA 83-90*G.LAMAS DRT;0;;
61;1540;109.160412;1540;109.160412;CATEGORIA0;;1;1;0;1;;OPEL CORSA 83-90*G.LAMAS ESQ;OPEL CORSA 83-90*G.LAMAS ESQ;0;;
61;1540;109.160711;1540;109.160711;CATEGORIA0;;1;1;0;1;;OPEL CORSA 90-*G/LAMAS FRT DRT (3P);OPEL CORSA 90-*G/LAMAS FRT DRT (3P);0;;
61;1540;109.160770;1540;109.160770;CATEGORIA0;;1;1;0;1;;OPEL CORSA 83-93*FRENTE COMPLETA (C/REFORÇO);OPEL CORSA 83-93*FRENTE COMPLETA (C/REFORÇO);0;;
61;1540;109.161474;1540;109.161474;CATEGORIA0;;1;1;0;1;;OPEL VECTRA 88-*TRAVESSA RADIADOR (1.7/2.0D);OPEL VECTRA 88-*TRAVESSA RADIADOR (1.7/2.0D);0;;
61;1540;109.161475;1540;109.161475;CATEGORIA0;;1;1;0;1;;OPEL VECTRA 88-*TRAVESSA FRT INF (1.4 1.6);OPEL VECTRA 88-*TRAVESSA FRT INF (1.4 1.6);0;;
61;1540;109.161481;1540;109.161481;CATEGORIA0;;1;1;0;1;;OPEL VECTRA 88-*SUPORTE P/CH FRT DRT;OPEL VECTRA 88-*SUPORTE P/CH FRT DRT;0;;
61;1540;109.161482;1540;109.161482;CATEGORIA0;;1;1;0;1;;OPEL VECTRA 88-*SUPORTE P/CH FRT ESQ;OPEL VECTRA 88-*SUPORTE P/CH FRT ESQ;0;;
61;1540;109.161491;1540;109.161491;CATEGORIA0;;1;1;0;1;;OPEL VECTRA 88-*TRASEIRA (5P);OPEL VECTRA 88-*TRASEIRA (5P);0;;
61;1540;109.161611;1540;109.161611;CATEGORIA0;;1;1;0;1;;OPEL VECTRA 95-*G/LAMAS FRT DRT;OPEL VECTRA 95-*G/LAMAS FRT DRT;0;;
61;1540;109.161612;1540;109.161612;CATEGORIA0;;1;1;0;1;;OPEL VECTRA 95-*G/LAMAS FRT ESQ;OPEL VECTRA 95-*G/LAMAS FRT ESQ;0;;
61;1540;109.161624;1540;109.161624;CATEGORIA0;;1;1;0;1;;OPEL VECTRA 95-*PORTA FRT DRT;OPEL VECTRA 95-*PORTA FRT DRT;0;;
61;1540;109.161625;1540;109.161625;CATEGORIA0;;1;1;0;1;;OPEL VECTRA 95-*PORTA FRT ESQ;OPEL VECTRA 95-*PORTA FRT ESQ;0;;
61;1540;109.161626;1540;109.161626;CATEGORIA0;;1;1;0;1;;OPEL VECTRA 95-*P/PORTA FRT DRT;OPEL VECTRA 95-*P/PORTA FRT DRT;0;;
61;1540;109.161627;1540;109.161627;CATEGORIA0;;1;1;0;1;;OPEL VECTRA 95-*P/PORTA FRT ESQ;OPEL VECTRA 95-*P/PORTA FRT ESQ;0;;
61;1540;109.161630;1540;109.161630;CATEGORIA0;;1;1;0;1;;OPEL VECTRA 95-*CAPOT;OPEL VECTRA 95-*CAPOT;0;;
61;1540;109.161670;1540;109.161670;CATEGORIA0;;1;1;0;1;;OPEL VECTRA 95-*FRENTE;OPEL VECTRA 95-*FRENTE;0;;
61;1540;109.161711;1540;109.161711;CATEGORIA0;;1;1;0;1;;OPEL TIGRA 95-*G/LAMAS FRT DRT;OPEL TIGRA 95-*G/LAMAS FRT DRT;0;;
61;1540;109.161712;1540;109.161712;CATEGORIA0;;1;1;0;1;;OPEL TIGRA 95-*G/LAMAS FRT ESQ;OPEL TIGRA 95-*G/LAMAS FRT ESQ;0;;
61;1540;109.161730;1540;109.161730;CATEGORIA0;;1;1;0;1;;OPEL TIGRA 95-*CAPOT;OPEL TIGRA 95-*CAPOT;0;;
61;1540;109.161775;1540;109.161775;CATEGORIA0;;1;1;0;1;;OPEL TIGRA 95-*FRENTE SUP;OPEL TIGRA 95-*FRENTE SUP;0;;
61;1540;109.162111;1540;109.162111;CATEGORIA0;;1;1;0;1;;OPEL ASTRA 98-*G/LAMAS FRT DRT;OPEL ASTRA 98-*G/LAMAS FRT DRT;0;;
61;1540;109.162112;1540;109.162112;CATEGORIA0;;1;1;0;1;;OPEL ASTRA 98-*G/LAMAS FRT ESQ;OPEL ASTRA 98-*G/LAMAS FRT ESQ;0;;
61;1540;109.162121;1540;109.162121;CATEGORIA0;;1;1;0;1;;OPEL ASTRA 98-*G/LAMAS TRÁS DRT (5P);OPEL ASTRA 98-*G/LAMAS TRÁS DRT (5P);0;;
61;1540;109.162122;1540;109.162122;CATEGORIA0;;1;1;0;1;;OPEL ASTRA 98-*G/LAMAS TRÁS ESQ (5P);OPEL ASTRA 98-*G/LAMAS TRÁS ESQ (5P);0;;
61;1540;109.162130;1540;109.162130;CATEGORIA0;;1;1;0;1;;OPEL ASTRA 98-*CAPOT;OPEL ASTRA 98-*CAPOT;0;;
61;1540;109.162170;1540;109.162170;CATEGORIA0;;1;1;0;1;;OPEL ASTRA 98-*FRENTE;OPEL ASTRA 98-*FRENTE;0;;
61;1540;109.162311;1540;109.162311;CATEGORIA0;;1;1;0;1;;OPEL ZAFIRA 99-*G/LAMAS FRT DRT;OPEL ZAFIRA 99-*G/LAMAS FRT DRT;0;;
61;1540;109.162312;1540;109.162312;CATEGORIA0;;1;1;0;1;;OPEL ZAFIRA 99-*G/LAMAS FRT ESQ;OPEL ZAFIRA 99-*G/LAMAS FRT ESQ;0;;
61;1540;109.162330;1540;109.162330;CATEGORIA0;;1;1;0;1;;OPEL ZAFIRA 99-*CAPOT;OPEL ZAFIRA 99-*CAPOT;0;;
61;1540;109.162370;1540;109.162370;CATEGORIA0;;1;1;0;1;;OPEL ZAFIRA 99-*FRENTE SUP (C/MASCARAS);OPEL ZAFIRA 99-*FRENTE SUP (C/MASCARAS);0;;
61;1540;109.162511;1540;109.162511;CATEGORIA0;;1;1;0;1;;OPEL CORSA 00-*G/L FRT DRT;OPEL CORSA 00-*G/L FRT DRT;0;;
61;1540;109.162512;1540;109.162512;CATEGORIA0;;1;1;0;1;;OPEL CORSA 00-*G/L FRT ESQ;OPEL CORSA 00-*G/L FRT ESQ;0;;
61;1540;109.162521;1540;109.162521;CATEGORIA0;;1;1;0;1;;OPEL CORSA 00-*G/LAMAS TRÁS DRT (3P);OPEL CORSA 00-*G/LAMAS TRÁS DRT (3P);0;;
61;1540;109.162522;1540;109.162522;CATEGORIA0;;1;1;0;1;;OPEL CORSA 00-*G/LAMAS TRÁS ESQ (3P);OPEL CORSA 00-*G/LAMAS TRÁS ESQ (3P);0;;
61;1540;109.162523;1540;109.162523;CATEGORIA0;;1;1;0;1;;OPEL CORSA 00-*G/LAMAS TRÁS DRT (5P);OPEL CORSA 00-*G/LAMAS TRÁS DRT (5P);0;;
61;1540;109.162524;1540;109.162524;CATEGORIA0;;1;1;0;1;;OPEL CORSA 00-*G/LAMAS TRÁS ESQ (5P);OPEL CORSA 00-*G/LAMAS TRÁS ESQ (5P);0;;
61;1540;109.162530;1540;109.162530;CATEGORIA0;;1;1;0;1;;OPEL CORSA 00-*CAPOT;OPEL CORSA 00-*CAPOT;0;;
61;1540;109.162570;1540;109.162570;CATEGORIA0;;1;1;0;1;;OPEL CORSA 00-*FRENTE SUPERIOR(C/MASC);OPEL CORSA 00-*FRENTE SUPERIOR(C/MASC);0;;
61;1540;109.162575;1540;109.162575;CATEGORIA0;;1;1;0;1;;OPEL CORSA 00-*TRAVESSA FRT SUP;OPEL CORSA 00-*TRAVESSA FRT SUP;0;;
61;1540;109.162580;1540;109.162580;CATEGORIA0;;1;1;0;1;;OPEL CORSA 00-*MASCARA FAROL DRT;OPEL CORSA 00-*MASCARA FAROL DRT;0;;
61;1540;109.162581;1540;109.162581;CATEGORIA0;;1;1;0;1;;CORSA 00- MASCARA FAROL ESQ.;CORSA 00- MASCARA FAROL ESQ.;0;;
61;1540;109.162582;1540;109.162582;CATEGORIA0;;1;1;0;1;;OPEL CORSA 00-*SUPORTE P/CH FRT DRT;OPEL CORSA 00-*SUPORTE P/CH FRT DRT;0;;
61;1540;109.162583;1540;109.162583;CATEGORIA0;;1;1;0;1;;OPEL CORSA 00-*SUPORTE P/CH FRT ESQ;OPEL CORSA 00-*SUPORTE P/CH FRT ESQ;0;;
61;1540;109.162590;1540;109.162590;CATEGORIA0;;1;1;0;1;;OPEL CORSA 00-*TRASEIRA (INTERIOR);OPEL CORSA 00-*TRASEIRA (INTERIOR);0;;
61;1540;109.162611;1540;109.162611;CATEGORIA0;;1;1;0;1;;OPEL VECTRA/SIGNUM 02-*G/LAMAS FRT DRT;OPEL VECTRA/SIGNUM 02-*G/LAMAS FRT DRT;0;;
61;1540;109.162612;1540;109.162612;CATEGORIA0;;1;1;0;1;;OPEL VECTRA/SIGNUM 02-*G/LAMAS FRT ESQ;OPEL VECTRA/SIGNUM 02-*G/LAMAS FRT ESQ;0;;
61;1540;109.162630;1540;109.162630;CATEGORIA0;;1;1;0;1;;OPEL VECTRA/SIGNUM 02-*CAPOT;OPEL VECTRA/SIGNUM 02-*CAPOT;0;;
61;1540;109.162670;1540;109.162670;CATEGORIA0;;1;1;0;1;;OPEL VECTRA/SIGNUM 02-*FRENTE COMPLETA;OPEL VECTRA/SIGNUM 02-*FRENTE COMPLETA;0;;
61;1540;109.162712;1540;109.162712;CATEGORIA0;;1;1;0;1;;OPEL OMEGA 94-*G/LAMAS FRT ESQ;OPEL OMEGA 94-*G/LAMAS FRT ESQ;0;;
61;1540;109.162730;1540;109.162730;CATEGORIA0;;1;1;0;1;;OPEL OMEGA 94-*CAPOT;OPEL OMEGA 94-*CAPOT;0;;
61;1540;109.162911;1540;109.162911;CATEGORIA0;;1;1;0;1;;OPEL AGILA 00-*G/LAMAS FRT DRT;OPEL AGILA 00-*G/LAMAS FRT DRT;0;;
61;1540;109.162912;1540;109.162912;CATEGORIA0;;1;1;0;1;;OPEL AGILA 00-*G/LAMAS FRT ESQ;OPEL AGILA 00-*G/LAMAS FRT ESQ;0;;
61;1540;109.162930;1540;109.162930;CATEGORIA0;;1;1;0;1;;OPEL AGILA 00-*CAPOT;OPEL AGILA 00-*CAPOT;0;;
61;1540;109.162975;1540;109.162975;CATEGORIA0;;1;1;0;1;;OPEL AGILA 00-*FRENTE SUP;OPEL AGILA 00-*FRENTE SUP;0;;
61;1540;109.162980;1540;109.162980;CATEGORIA0;;1;1;0;1;;OPEL AGILA 00-*MASCARA FAROL DRT;OPEL AGILA 00-*MASCARA FAROL DRT;0;;
61;1540;109.163112;1540;109.163112;CATEGORIA0;;1;1;0;1;;OPEL ASTRA 04-*G/LAMAS FRT ESQ;OPEL ASTRA 04-*G/LAMAS FRT ESQ;0;;
61;1540;109.163121;1540;109.163121;CATEGORIA0;;1;1;0;1;;OPEL ASTRA 04-*G/LAMAS TRÁS DRT (5P);OPEL ASTRA 04-*G/LAMAS TRÁS DRT (5P);0;;
61;1540;109.163122;1540;109.163122;CATEGORIA0;;1;1;0;1;;OPEL ASTRA 04-*G/LAMAS TRÁS ESQ (5P);OPEL ASTRA 04-*G/LAMAS TRÁS ESQ (5P);0;;
61;1540;109.163130;1540;109.163130;CATEGORIA0;;1;1;0;1;;OPEL ASTRA 04-*CAPOT;OPEL ASTRA 04-*CAPOT;0;;
61;1540;109.163175;1540;109.163175;CATEGORIA0;;1;1;0;1;;OPEL ASTRA 04-*TRAVESSA FRT SUPERIOR;OPEL ASTRA 04-*TRAVESSA FRT SUPERIOR;0;;
61;1540;109.163180;1540;109.163180;CATEGORIA0;;1;1;0;1;;OPEL ASTRA 04-*MASCARA FAROL DRT;OPEL ASTRA 04-*MASCARA FAROL DRT;0;;
61;1540;109.163181;1540;109.163181;CATEGORIA0;;1;1;0;1;;OPEL ASTRA 04-*MASCARA FAROL ESQ;OPEL ASTRA 04-*MASCARA FAROL ESQ;0;;
61;1540;109.163211;1540;109.163211;CATEGORIA0;;1;1;0;1;;OPEL MERIVA 03-*G/LAMAS FRT DRT;OPEL MERIVA 03-*G/LAMAS FRT DRT;0;;
61;1540;109.163212;1540;109.163212;CATEGORIA0;;1;1;0;1;;OPEL MERIVA 03-*G/LAMAS FRT ESQ;OPEL MERIVA 03-*G/LAMAS FRT ESQ;0;;
61;1540;109.163230;1540;109.163230;CATEGORIA0;;1;1;0;1;;OPEL MERIVA 03-*CAPOT;OPEL MERIVA 03-*CAPOT;0;;
61;1540;109.163275;1540;109.163275;CATEGORIA0;;1;1;0;1;;OPEL MERIVA 03-*FRENTE SUP;OPEL MERIVA 03-*FRENTE SUP;0;;
61;1540;109.163280;1540;109.163280;CATEGORIA0;;1;1;0;1;;OPEL MERIVA 03-*MASCARA FAROL DRT;OPEL MERIVA 03-*MASCARA FAROL DRT;0;;
61;1540;109.163281;1540;109.163281;CATEGORIA0;;1;1;0;1;;OPEL MERIVA 03-*MASCARA FAROL ESQ;OPEL MERIVA 03-*MASCARA FAROL ESQ;0;;
61;1540;109.163411;1540;109.163411;CATEGORIA0;;1;1;0;1;;OPEL ZAFIRA 05-*G/LAMAS FRT DRT;OPEL ZAFIRA 05-*G/LAMAS FRT DRT;0;;
61;1540;109.163412;1540;109.163412;CATEGORIA0;;1;1;0;1;;OPEL ZAFIRA 05-*G/LAMAS FRT ESQ;OPEL ZAFIRA 05-*G/LAMAS FRT ESQ;0;;
61;1540;109.163430;1540;109.163430;CATEGORIA0;;1;1;0;1;;OPEL ZAFIRA 05-*CAPOT;OPEL ZAFIRA 05-*CAPOT;0;;
61;1540;109.163480;1540;109.163480;CATEGORIA0;;1;1;0;1;;OPEL ZAFIRA 05-*MASCARA FAROL DRT;OPEL ZAFIRA 05-*MASCARA FAROL DRT;0;;
61;1540;109.163481;1540;109.163481;CATEGORIA0;;1;1;0;1;;OPEL ZAFIRA 05-*MASCARA FAROL ESQ;OPEL ZAFIRA 05-*MASCARA FAROL ESQ;0;;
61;1540;109.163482;1540;109.163482;CATEGORIA0;;1;1;0;1;;OPEL ZAFIRA 05-*SUPORTE DRT P/CH FRT(CHAPA);OPEL ZAFIRA 05-*SUPORTE DRT P/CH FRT(CHAPA);0;;
61;1540;109.163483;1540;109.163483;CATEGORIA0;;1;1;0;1;;OPEL ZAFIRA 05-*SUPORTE ESQ P/CH FRT(CHAPA);OPEL ZAFIRA 05-*SUPORTE ESQ P/CH FRT(CHAPA);0;;
61;1540;109.163911;1540;109.163911;CATEGORIA0;;1;1;0;1;;OPEL CORSA 06-/11-*G/LAMAS FRT DRT;OPEL CORSA 06-/11-*G/LAMAS FRT DRT;0;;
61;1540;109.163912;1540;109.163912;CATEGORIA0;;1;1;0;1;;OPEL CORSA 06-/11-*G/LAMAS FRT ESQ;OPEL CORSA 06-/11-*G/LAMAS FRT ESQ;0;;
61;1540;109.163921;1540;109.163921;CATEGORIA0;;1;1;0;1;;OPEL CORSA 06-/11-*G/LAMAS TRÁS DRT (3P);OPEL CORSA 06-/11-*G/LAMAS TRÁS DRT (3P);0;;
61;1540;109.163922;1540;109.163922;CATEGORIA0;;1;1;0;1;;OPEL CORSA 06-/11-*G/LAMAS TR ESQ 3P;OPEL CORSA 06-/11-*G/LAMAS TR ESQ 3P;0;;
61;1540;109.163923;1540;109.163923;CATEGORIA0;;1;1;0;1;;OPEL CORSA 06-/11-*G/LAMAS TRÁS DRT (5P);OPEL CORSA 06-/11-*G/LAMAS TRÁS DRT (5P);0;;
61;1540;109.163924;1540;109.163924;CATEGORIA0;;1;1;0;1;;OPEL CORSA 06-/11-*G/LAMAS TRÁS ESQ (5P);OPEL CORSA 06-/11-*G/LAMAS TRÁS ESQ (5P);0;;
61;1540;109.163930;1540;109.163930;CATEGORIA0;;1;1;0;1;;OPEL CORSA 06-/11*CAPOT;OPEL CORSA 06-/11*CAPOT;0;;
61;1540;109.163970;1540;109.163970;CATEGORIA0;;1;1;0;1;;OPEL CORSA 06-/11-*FRENTE SUPERIOR C/MASCARAS;OPEL CORSA 06-/11-*FRENTE SUPERIOR C/MASCARAS;0;;
61;1540;109.163975;1540;109.163975;CATEGORIA0;;1;1;0;1;;OPEL CORSA 06-/11-*TRAVESSA INF(ALUM.FINA);OPEL CORSA 06-/11-*TRAVESSA INF(ALUM.FINA);0;;
61;1540;109.163982;1540;109.163982;CATEGORIA0;;1;1;0;1;;OPEL CORSA 06-*SUPORTE P/CH FRT DRT(CHAPA);OPEL CORSA 06-*SUPORTE P/CH FRT DRT(CHAPA);0;;
61;1540;109.163983;1540;109.163983;CATEGORIA0;;1;1;0;1;;OPEL CORSA 06-*SUPORTE P/CH FRT ESQ(CHAPA);OPEL CORSA 06-*SUPORTE P/CH FRT ESQ(CHAPA);0;;
61;1540;109.163990;1540;109.163990;CATEGORIA0;;1;1;0;1;;OPEL CORSA 06-*TRASEIRA SUP EXTERIOR;OPEL CORSA 06-*TRASEIRA SUP EXTERIOR;0;;
61;1540;109.163991;1540;109.163991;CATEGORIA0;;1;1;0;1;;OPEL CORSA 06-*TRASEIRA SUP (INTERIOR);OPEL CORSA 06-*TRASEIRA SUP (INTERIOR);0;;
61;1540;109.164130;1540;109.164130;CATEGORIA0;;1;1;0;1;;OPEL TIGRA 04-*CAPOT;OPEL TIGRA 04-*CAPOT;0;;
61;1540;109.164275;1540;109.164275;CATEGORIA0;;1;1;0;1;;OPEL AGILA 04-07-*FRENTE SUP;OPEL AGILA 04-07-*FRENTE SUP;0;;
61;1540;109.164611;1540;109.164611;CATEGORIA0;;1;1;0;1;;OPEL VECTRA 05-*G/LAMAS FRT DRT;OPEL VECTRA 05-*G/LAMAS FRT DRT;0;;
61;1540;109.164612;1540;109.164612;CATEGORIA0;;1;1;0;1;;GUARDA LAMA;GUARDA LAMA;0;;
61;1540;109.164630;1540;109.164630;CATEGORIA0;;1;1;0;1;;OPEL VECTRA 05-*CAPOT;OPEL VECTRA 05-*CAPOT;0;;
61;1540;109.164670;1540;109.164670;CATEGORIA0;;1;1;0;1;;OPEL VECTRA 05-*FRENTE;OPEL VECTRA 05-*FRENTE;0;;
61;1540;109.164711;1540;109.164711;CATEGORIA0;;1;1;0;1;;OPEL AGILA 08-*G/LAMAS FRT DRT;OPEL AGILA 08-*G/LAMAS FRT DRT;0;;
61;1540;109.164712;1540;109.164712;CATEGORIA0;;1;1;0;1;;OPEL AGILA 08-*G/LAMAS FRT ESQ;OPEL AGILA 08-*G/LAMAS FRT ESQ;0;;
61;1540;109.164730;1540;109.164730;CATEGORIA0;;1;1;0;1;;OPEL AGILA 08-*CAPOT;OPEL AGILA 08-*CAPOT;0;;
61;1540;109.164770;1540;109.164770;CATEGORIA0;;1;1;0;1;;OPEL AGILA/SPLASH 08-*FRENTE COMPLETA (DIESEL);OPEL AGILA/SPLASH 08-*FRENTE COMPLETA (DIESEL);0;;
61;1540;109.165111;1540;109.165111;CATEGORIA0;;1;1;0;1;;OPEL INSIGNIA 08-*G/LAMAS FRT DRT;OPEL INSIGNIA 08-*G/LAMAS FRT DRT;0;;
61;1540;109.165112;1540;109.165112;CATEGORIA0;;1;1;0;1;;OPEL INSIGNIA 08-*G/LAMAS FRT ESQ;OPEL INSIGNIA 08-*G/LAMAS FRT ESQ;0;;
61;1540;109.165130;1540;109.165130;CATEGORIA0;;1;1;0;1;;OPEL INSIGNIA 08-*CAPOT (CHAPA);OPEL INSIGNIA 08-*CAPOT (CHAPA);0;;
61;1540;109.165131;1540;109.165131;CATEGORIA0;;1;1;0;1;;OPEL INSIGNIA 08-*CAPOT (ALUMINIO);OPEL INSIGNIA 08-*CAPOT (ALUMINIO);0;;
61;1540;109.165175;1540;109.165175;CATEGORIA0;;1;1;0;1;;OPEL INSIGNIA 08-*TRAVESSA FRT SUP;OPEL INSIGNIA 08-*TRAVESSA FRT SUP;0;;
61;1540;109.165211;1540;109.165211;CATEGORIA0;;1;1;0;1;;OPEL ASTRA 10-*G/LAMAS FRT DRT (C/FURO)(CHAPA);OPEL ASTRA 10-*G/LAMAS FRT DRT (C/FURO)(CHAPA);0;;
61;1540;109.165212;1540;109.165212;CATEGORIA0;;1;1;0;1;;OPEL ASTRA 10-*G/LAMAS FRT ESQ C/FURO(CHAPA);OPEL ASTRA 10-*G/LAMAS FRT ESQ C/FURO(CHAPA);0;;
61;1540;109.165230;1540;109.165230;CATEGORIA0;;1;1;0;1;;OPEL ASTRA 10-*CAPOT (CHAPA);OPEL ASTRA 10-*CAPOT (CHAPA);0;;
61;1540;109.165275;1540;109.165275;CATEGORIA0;;1;1;0;1;;OPEL ASTRA 10-*TRAVESSA FRT SUP;OPEL ASTRA 10-*TRAVESSA FRT SUP;0;;
61;1540;109.165280;1540;109.165280;CATEGORIA0;;1;1;0;1;;OPEL ASTRA 10-*MASCARA FAROL DRT;OPEL ASTRA 10-*MASCARA FAROL DRT;0;;
61;1540;109.165281;1540;109.165281;CATEGORIA0;;1;1;0;1;;OPEL ASTRA 10-*MASCARA FAROL ESQ;OPEL ASTRA 10-*MASCARA FAROL ESQ;0;;
61;1540;109.165311;1540;109.165311;CATEGORIA0;;1;1;0;1;;OPEL MERIVA 10-*G/LAMAS FRT DRT;OPEL MERIVA 10-*G/LAMAS FRT DRT;0;;
61;1540;109.165312;1540;109.165312;CATEGORIA0;;1;1;0;1;;OPEL MERIVA 10-*G/LAMAS FRT ESQ;OPEL MERIVA 10-*G/LAMAS FRT ESQ;0;;
61;1540;109.165330;1540;109.165330;CATEGORIA0;;1;1;0;1;;OPEL MERIVA 10-*CAPOT;OPEL MERIVA 10-*CAPOT;0;;
61;1540;109.165375;1540;109.165375;CATEGORIA0;;1;1;0;1;;OPEL MERIVA 10-*TRAVESSA FRT SUP;OPEL MERIVA 10-*TRAVESSA FRT SUP;0;;
61;1540;109.165380;1540;109.165380;CATEGORIA0;;1;1;0;1;;OPEL MERIVA 10-*MASCARA FAROL DRT;OPEL MERIVA 10-*MASCARA FAROL DRT;0;;
61;1540;109.165381;1540;109.165381;CATEGORIA0;;1;1;0;1;;OPEL MERIVA 10-*MASCARA FAROL ESQ;OPEL MERIVA 10-*MASCARA FAROL ESQ;0;;
61;1540;109.165511;1540;109.165511;CATEGORIA0;;1;1;0;1;;OPEL ZAFIRA 12-*G/LAMAS FRT DRT;OPEL ZAFIRA 12-*G/LAMAS FRT DRT;0;;
61;1540;109.165512;1540;109.165512;CATEGORIA0;;1;1;0;1;;OPEL ZAFIRA 12-*G/LAMAS FRT ESQ;OPEL ZAFIRA 12-*G/LAMAS FRT ESQ;0;;
61;1540;109.165630;1540;109.165630;CATEGORIA0;;1;1;0;1;;OPEL MOVANO 10-*CAPOT (CHAPA);OPEL MOVANO 10-*CAPOT (CHAPA);0;;
61;1540;109.166111;1540;109.166111;CATEGORIA0;;1;1;0;1;;OPEL MOKKA 12-*G/LAMAS FRT DRT;OPEL MOKKA 12-*G/LAMAS FRT DRT;0;;
61;1540;109.166112;1540;109.166112;CATEGORIA0;;1;1;0;1;;OPEL MOKKA 12-*G/LAMAS FRT ESQ;OPEL MOKKA 12-*G/LAMAS FRT ESQ;0;;
61;1540;109.166130;1540;109.166130;CATEGORIA0;;1;1;0;1;;OPEL MOKKA 12-*CAPOT;OPEL MOKKA 12-*CAPOT;0;;
61;1540;109.166170;1540;109.166170;CATEGORIA0;;1;1;0;1;;OPEL MOKKA 12-*FRENTE;OPEL MOKKA 12-*FRENTE;0;;
61;1540;109.166211;1540;109.166211;CATEGORIA0;;1;1;0;1;;OPEL CORSA 15-*G/LAMAS FRT DRT;OPEL CORSA 15-*G/LAMAS FRT DRT;0;;
61;1540;109.166212;1540;109.166212;CATEGORIA0;;1;1;0;1;;G/LAMAS OPEL CORSA E;G/LAMAS OPEL CORSA E;0;;
61;1540;109.166230;1540;109.166230;CATEGORIA0;;1;1;0;1;;CAPOT OPEL CORSA E;CAPOT OPEL CORSA E;0;;
61;1540;109.166275;1540;109.166275;CATEGORIA0;;1;1;0;1;;OPEL CORSA 15-*TRAVESSA FRT SUP;OPEL CORSA 15-*TRAVESSA FRT SUP;0;;
61;1540;109.166277;1540;109.166277;CATEGORIA0;;1;1;0;1;;OPEL CORSA 15-*TRAVESSA CENTRAL SUPORTE P/CH FRT;OPEL CORSA 15-*TRAVESSA CENTRAL SUPORTE P/CH FRT;0;;
61;1540;109.166278;1540;109.166278;CATEGORIA0;;1;1;0;1;;OPEL CORSA 15-*TRAVESSA LAT DRT SUPORTE P/CH FRT;OPEL CORSA 15-*TRAVESSA LAT DRT SUPORTE P/CH FRT;0;;
61;1540;109.166279;1540;109.166279;CATEGORIA0;;1;1;0;1;;OPEL CORSA 15-*TRAVESSA LAT ESQ SUPORTE P/CH FRT;OPEL CORSA 15-*TRAVESSA LAT ESQ SUPORTE P/CH FRT;0;;
61;1540;109.166280;1540;109.166280;CATEGORIA0;;1;1;0;1;;MASCARA FAROL OPEL CORSA E;MASCARA FAROL OPEL CORSA E;0;;
61;1540;109.166281;1540;109.166281;CATEGORIA0;;1;1;0;1;;MASCARA FAROL;MASCARA FAROL;0;;
61;1540;109.166311;1540;109.166311;CATEGORIA0;;1;1;0;1;;OPEL ASTRA K 15-*G/LAMAS FRT DRT;OPEL ASTRA K 15-*G/LAMAS FRT DRT;0;;
61;1540;109.166312;1540;109.166312;CATEGORIA0;;1;1;0;1;;OPEL ASTRA K 15-*G/LAMAS FRT ESQ;OPEL ASTRA K 15-*G/LAMAS FRT ESQ;0;;
61;1540;109.166330;1540;109.166330;CATEGORIA0;;1;1;0;1;;OPEL ASTRA K 15-*CAPOT;OPEL ASTRA K 15-*CAPOT;0;;
61;1540;109.166375;1540;109.166375;CATEGORIA0;;1;1;0;1;;OPEL ASTRA K 15-*FRENTE SUPERIOR;OPEL ASTRA K 15-*FRENTE SUPERIOR;0;;
61;1540;109.166376;1540;109.166376;CATEGORIA0;;1;1;0;1;;OPEL ASTRA K 15-*TRAVESSA FRT SUPERIOR;OPEL ASTRA K 15-*TRAVESSA FRT SUPERIOR;0;;
61;1540;109.166377;1540;109.166377;CATEGORIA0;;1;1;0;1;;OPEL ASTRA K 15-*SUPORTE CENTRAL P/CH FRT;OPEL ASTRA K 15-*SUPORTE CENTRAL P/CH FRT;0;;
61;1540;109.166378;1540;109.166378;CATEGORIA0;;1;1;0;1;;OPEL ASTRA K 15-*SUPORTE LAT DRT P/CH FRT;OPEL ASTRA K 15-*SUPORTE LAT DRT P/CH FRT;0;;
61;1540;109.166379;1540;109.166379;CATEGORIA0;;1;1;0;1;;OPEL ASTRA K 15-*SUPORTE LAT ESQ P/CH FRT;OPEL ASTRA K 15-*SUPORTE LAT ESQ P/CH FRT;0;;
61;1540;109.166530;1540;109.166530;CATEGORIA0;;1;1;0;1;;OPEL VIVARO 14-*CAPOT;OPEL VIVARO 14-*CAPOT;0;;
61;1540;109.166611;1540;109.166611;CATEGORIA0;;1;1;0;1;;OPEL MOKKA X 2016.04-*G/LAMAS FRT DRT;OPEL MOKKA X 2016.04-*G/LAMAS FRT DRT;0;;
61;1540;109.166612;1540;109.166612;CATEGORIA0;;1;1;0;1;;OPEL MOKKA X 2016.04-*G/LAMAS FRT ESQ;OPEL MOKKA X 2016.04-*G/LAMAS FRT ESQ;0;;
61;1540;109.166630;1540;109.166630;CATEGORIA0;;1;1;0;1;;OPEL MOKKA X 2016.04-*CAPOT;OPEL MOKKA X 2016.04-*CAPOT;0;;
61;1540;109.166670;1540;109.166670;CATEGORIA0;;1;1;0;1;;OPEL MOKKA X 2016.04-*FRENTE;OPEL MOKKA X 2016.04-*FRENTE;0;;
61;1540;109.166711;1540;109.166711;CATEGORIA0;;1;1;0;1;;OPEL ADAM 2012.10-*G/LAMAS FRT DRT;OPEL ADAM 2012.10-*G/LAMAS FRT DRT;0;;
61;1540;109.166712;1540;109.166712;CATEGORIA0;;1;1;0;1;;OPEL ADAM 2012.10-*G/LAMAS FRT ESQ;OPEL ADAM 2012.10-*G/LAMAS FRT ESQ;0;;
61;1540;109.166730;1540;109.166730;CATEGORIA0;;1;1;0;1;;OPEL ADAM 2012.10-*CAPOT;OPEL ADAM 2012.10-*CAPOT;0;;
61;1540;109.166811;1540;109.166811;CATEGORIA0;;1;1;0;1;;OPEL KARL 2015.01-*G/LAMAS FRT DRT;OPEL KARL 2015.01-*G/LAMAS FRT DRT;0;;
61;1540;109.166812;1540;109.166812;CATEGORIA0;;1;1;0;1;;OPEL KARL 2015.01-*G/LAMAS FRT ESQ;OPEL KARL 2015.01-*G/LAMAS FRT ESQ;0;;
61;1540;109.166813;1540;109.166813;CATEGORIA0;;1;1;0;1;;OPEL KARL 2015.01-*G/LAMAS FRT DRT(MOD ROCKS);OPEL KARL 2015.01-*G/LAMAS FRT DRT(MOD ROCKS);0;;
61;1540;109.166814;1540;109.166814;CATEGORIA0;;1;1;0;1;;OPEL KARL 2015.01-*G/LAMAS FRT ESQ(MOD ROCKS);OPEL KARL 2015.01-*G/LAMAS FRT ESQ(MOD ROCKS);0;;
61;1540;109.167011;1540;109.167011;CATEGORIA0;;1;1;0;1;;OPEL INSIGNIA B 2017.03-*G/LAMAS FRT DRT;OPEL INSIGNIA B 2017.03-*G/LAMAS FRT DRT;0;;
61;1540;109.167012;1540;109.167012;CATEGORIA0;;1;1;0;1;;OPEL INSIGNIA B 2017.03-*G/LAMAS FRT ESQ;OPEL INSIGNIA B 2017.03-*G/LAMAS FRT ESQ;0;;
61;1540;109.167111;1540;109.167111;CATEGORIA0;;1;1;0;1;;OPEL CROSSLAND X 2017.04-*G/LAMAS FRT DRT;OPEL CROSSLAND X 2017.04-*G/LAMAS FRT DRT;0;;
61;1540;109.167112;1540;109.167112;CATEGORIA0;;1;1;0;1;;OPEL CROSSLAND X 2017.04-*G/LAMAS FRT ESQ;OPEL CROSSLAND X 2017.04-*G/LAMAS FRT ESQ;0;;
61;1540;109.167211;1540;109.167211;CATEGORIA0;;1;1;0;1;;OPEL CORSA F 2019.07-*G/LAMAS FRT DRT;OPEL CORSA F 2019.07-*G/LAMAS FRT DRT;0;;
61;1540;109.167212;1540;109.167212;CATEGORIA0;;1;1;0;1;;OPEL CORSA F 2019.07-*G/LAMAS FRT ESQ;OPEL CORSA F 2019.07-*G/LAMAS FRT ESQ;0;;
61;1540;109.167270;1540;109.167270;CATEGORIA0;;1;1;0;1;;OPEL CORSA F 2019.07-*FRENTE COMPLETA(MOD 1.2)(OE 9823718480;OPEL CORSA F 2019.07-*FRENTE COMPLETA(MOD 1.2)(OE 9823718480;0;;
61;1540;109.167271;1540;109.167271;CATEGORIA0;;1;1;0;1;;OPEL CORSA F 2019.07-*FRENTE COMPLETA(MOD 1.5HDI)(OE 9823719;OPEL CORSA F 2019.07-*FRENTE COMPLETA(MOD 1.5HDI)(OE 9823719;0;;
61;1540;109.167282;1540;109.167282;CATEGORIA0;;1;1;0;1;;OPEL CORSA F 2019.07-*REFORÇO CHAPA DRT G/LAMAS FRT;OPEL CORSA F 2019.07-*REFORÇO CHAPA DRT G/LAMAS FRT;0;;
61;1540;109.167283;1540;109.167283;CATEGORIA0;;1;1;0;1;;OPEL CORSA F 2019.07-*REFORÇO CHAPA ESQ G/LAMAS FRT;OPEL CORSA F 2019.07-*REFORÇO CHAPA ESQ G/LAMAS FRT;0;;
61;1540;109.167430;1540;109.167430;CATEGORIA0;;1;1;0;1;;OPEL ASTRA K 2019.08-*CAPOT;OPEL ASTRA K 2019.08-*CAPOT;0;;
61;1540;109.167711;1540;109.167711;CATEGORIA0;;1;1;0;1;;OPEL ASTRA L 2021.10-* G/LAMAS FRT DRT;OPEL ASTRA L 2021.10-* G/LAMAS FRT DRT;0;;
61;1540;109.167712;1540;109.167712;CATEGORIA0;;1;1;0;1;;OPEL ASTRA L 2021.10-* G/LAMAS FRT ESQ;OPEL ASTRA L 2021.10-* G/LAMAS FRT ESQ;0;;
61;1540;109.170111;1540;109.170111;CATEGORIA0;;1;1;0;1;;PEUGEOT 106 96-*G/LAMAS FRT DRT;PEUGEOT 106 96-*G/LAMAS FRT DRT;0;;
61;1540;109.170112;1540;109.170112;CATEGORIA0;;1;1;0;1;;PEUGEOT 106 96-*G/LAMAS FRT ESQ;PEUGEOT 106 96-*G/LAMAS FRT ESQ;0;;
61;1540;109.170113;1540;109.170113;CATEGORIA0;;1;1;0;1;;PEUGEOT 106 RALLY 96-*G/LAMAS FRT DRT (C/FURO ABA);PEUGEOT 106 RALLY 96-*G/LAMAS FRT DRT (C/FURO ABA);0;;
61;1540;109.170114;1540;109.170114;CATEGORIA0;;1;1;0;1;;PEUGEOT 106 RALLY 96-*G/LAMAS FRT ESQ (C/FURO ABA);PEUGEOT 106 RALLY 96-*G/LAMAS FRT ESQ (C/FURO ABA);0;;
61;1540;109.170121;1540;109.170121;CATEGORIA0;;1;1;0;1;;PEUGEOT 106 96-*G/LAMAS TRÁS DRT 3P;PEUGEOT 106 96-*G/LAMAS TRÁS DRT 3P;0;;
61;1540;109.170122;1540;109.170122;CATEGORIA0;;1;1;0;1;;PEUGEOT 106 96-*G/LAMAS TRÁS ESQ (3P);PEUGEOT 106 96-*G/LAMAS TRÁS ESQ (3P);0;;
61;1540;109.170130;1540;109.170130;CATEGORIA0;;1;1;0;1;;PEUGEOT 106 96-*CAPOT;PEUGEOT 106 96-*CAPOT;0;;
61;1540;109.170170;1540;109.170170;CATEGORIA0;;1;1;0;1;;PEUGEOT 106 96-*FRENTE;PEUGEOT 106 96-*FRENTE;0;;
61;1540;109.170175;1540;109.170175;CATEGORIA0;;1;1;0;1;;PEUGEOT 106 96-*TRAVESSA RADIADOR;PEUGEOT 106 96-*TRAVESSA RADIADOR;0;;
61;1540;109.170190;1540;109.170190;CATEGORIA0;;1;1;0;1;;PEUGEOT 106 96-*TRASEIRA (3P);PEUGEOT 106 96-*TRASEIRA (3P);0;;
61;1540;109.170211;1540;109.170211;CATEGORIA0;;1;1;0;1;;PEUGEOT 106 91-*G/LAMAS FRT DRT;PEUGEOT 106 91-*G/LAMAS FRT DRT;0;;
61;1540;109.170212;1540;109.170212;CATEGORIA0;;1;1;0;1;;PEUGEOT 106 91-*G/LAMAS FRT ESQ;PEUGEOT 106 91-*G/LAMAS FRT ESQ;0;;
61;1540;109.170213;1540;109.170213;CATEGORIA0;;1;1;0;1;;PEUGEOT 106 91-*G/LAMAS FRT DRT (C/FUROS);PEUGEOT 106 91-*G/LAMAS FRT DRT (C/FUROS);0;;
61;1540;109.170214;1540;109.170214;CATEGORIA0;;1;1;0;1;;PEUGEOT 106 91-*G/LAMAS FRT ESQ (C/FUROS);PEUGEOT 106 91-*G/LAMAS FRT ESQ (C/FUROS);0;;
61;1540;109.170221;1540;109.170221;CATEGORIA0;;1;1;0;1;;PEUGEOT 106 91-*G/LAMAS TRÁS DRT (3P);PEUGEOT 106 91-*G/LAMAS TRÁS DRT (3P);0;;
61;1540;109.170222;1540;109.170222;CATEGORIA0;;1;1;0;1;;PEUGEOT 106 91-*G/LAMAS TRÁS ESQ (3P);PEUGEOT 106 91-*G/LAMAS TRÁS ESQ (3P);0;;
61;1540;109.170230;1540;109.170230;CATEGORIA0;;1;1;0;1;;PEUGEOT 106 91-*CAPOT;PEUGEOT 106 91-*CAPOT;0;;
61;1540;109.170270;1540;109.170270;CATEGORIA0;;1;1;0;1;;PEUGEOT 106 91-*FRENTE;PEUGEOT 106 91-*FRENTE;0;;
61;1540;109.170275;1540;109.170275;CATEGORIA0;;1;1;0;1;;PEUGEOT 106 91-*TRAVESSA RADIADOR;PEUGEOT 106 91-*TRAVESSA RADIADOR;0;;
61;1540;109.170311;1540;109.170311;CATEGORIA0;;1;1;0;1;;PEUGEOT 205 83-*G.LAMAS DRT;PEUGEOT 205 83-*G.LAMAS DRT;0;;
61;1540;109.170312;1540;109.170312;CATEGORIA0;;1;1;0;1;;PEUGEOT 205 83-*G/LAMAS FRT ESQ;PEUGEOT 205 83-*G/LAMAS FRT ESQ;0;;
61;1540;109.170780;1540;109.170780;CATEGORIA0;;1;1;0;1;;PEUGEOT 309 86-*MASCARA FAROL DRT;PEUGEOT 309 86-*MASCARA FAROL DRT;0;;
61;1540;109.170811;1540;109.170811;CATEGORIA0;;1;1;0;1;;PEUGEOT 306 93-*G/LAMAS FRT DRT;PEUGEOT 306 93-*G/LAMAS FRT DRT;0;;
61;1540;109.170812;1540;109.170812;CATEGORIA0;;1;1;0;1;;PEUGEOT 306 93-*G/LAMAS FRT ESQ;PEUGEOT 306 93-*G/LAMAS FRT ESQ;0;;
61;1540;109.170830;1540;109.170830;CATEGORIA0;;1;1;0;1;;PEUGEOT 306 93-*CAPOT;PEUGEOT 306 93-*CAPOT;0;;
61;1540;109.170870;1540;109.170870;CATEGORIA0;;1;1;0;1;;PEUGEOT 306 93-*FRENTE;PEUGEOT 306 93-*FRENTE;0;;
61;1540;109.170930;1540;109.170930;CATEGORIA0;;1;1;0;1;;PEUGEOT 405 87-*CAPOT;PEUGEOT 405 87-*CAPOT;0;;
61;1540;109.171611;1540;109.171611;CATEGORIA0;;1;1;0;1;;PEUGEOT 406 95-*G/LAMAS FRT DRT;PEUGEOT 406 95-*G/LAMAS FRT DRT;0;;
61;1540;109.171612;1540;109.171612;CATEGORIA0;;1;1;0;1;;PEUGEOT 406 95-*G/LAMAS FRT ESQ;PEUGEOT 406 95-*G/LAMAS FRT ESQ;0;;
61;1540;109.171630;1540;109.171630;CATEGORIA0;;1;1;0;1;;PEUGEOT 406 95-*CAPOT;PEUGEOT 406 95-*CAPOT;0;;
61;1540;109.171670;1540;109.171670;CATEGORIA0;;1;1;0;1;;PEUGEOT 406 95-*FRENTE SUP (C/MASCARAS);PEUGEOT 406 95-*FRENTE SUP (C/MASCARAS);0;;
61;1540;109.171675;1540;109.171675;CATEGORIA0;;1;1;0;1;;PEUGEOT 406 95-*TRAVESSA INF;PEUGEOT 406 95-*TRAVESSA INF;0;;
61;1540;109.171680;1540;109.171680;CATEGORIA0;;1;1;0;1;;PEUGEOT 406 95-*MASCARA FAROL DRT;PEUGEOT 406 95-*MASCARA FAROL DRT;0;;
61;1540;109.171681;1540;109.171681;CATEGORIA0;;1;1;0;1;;PEUGEOT 406 95-*MASCARA FAROL ESQ;PEUGEOT 406 95-*MASCARA FAROL ESQ;0;;
61;1540;109.171711;1540;109.171711;CATEGORIA0;;1;1;0;1;;PEUGEOT 306 97-*G/LAMAS FRT DRT;PEUGEOT 306 97-*G/LAMAS FRT DRT;0;;
61;1540;109.171712;1540;109.171712;CATEGORIA0;;1;1;0;1;;PEUGEOT 306 97-*G/LAMAS FRT ESQ;PEUGEOT 306 97-*G/LAMAS FRT ESQ;0;;
61;1540;109.171730;1540;109.171730;CATEGORIA0;;1;1;0;1;;PEUGEOT 306 97-*CAPOT;PEUGEOT 306 97-*CAPOT;0;;
61;1540;109.171770;1540;109.171770;CATEGORIA0;;1;1;0;1;;PEUGEOT 306 97-*FRENTE;PEUGEOT 306 97-*FRENTE;0;;
61;1540;109.171830;1540;109.171830;CATEGORIA0;;1;1;0;1;;PEUGEOT PARTNER*CAPOT;PEUGEOT PARTNER*CAPOT;0;;
61;1540;109.171930;1540;109.171930;CATEGORIA0;;1;1;0;1;;PEUGEOT 306 99-*CAPOT;PEUGEOT 306 99-*CAPOT;0;;
61;1540;109.172111;1540;109.172111;CATEGORIA0;;1;1;0;1;;PEUGEOT 206 98-*G/LAMAS FRT DRT;PEUGEOT 206 98-*G/LAMAS FRT DRT;0;;
61;1540;109.172112;1540;109.172112;CATEGORIA0;;1;1;0;1;;PEUGEOT 206 98-*G/LAMAS FRT ESQ;PEUGEOT 206 98-*G/LAMAS FRT ESQ;0;;
61;1540;109.172113;1540;109.172113;CATEGORIA0;;1;1;0;1;;PEUGEOT 206 98-*G/LAMAS FRT DRT(SPORT/CC);PEUGEOT 206 98-*G/LAMAS FRT DRT(SPORT/CC);0;;
61;1540;109.172114;1540;109.172114;CATEGORIA0;;1;1;0;1;;PEUGEOT 206 98-*G/LAMAS FRT ESQ(SPORT/CC);PEUGEOT 206 98-*G/LAMAS FRT ESQ(SPORT/CC);0;;
61;1540;109.172121;1540;109.172121;CATEGORIA0;;1;1;0;1;;PEUGEOT 206 98-*G/LAMAS TRÁS DRT 3P;PEUGEOT 206 98-*G/LAMAS TRÁS DRT 3P;0;;
61;1540;109.172122;1540;109.172122;CATEGORIA0;;1;1;0;1;;PEUGEOT 206 98-*G/LAMAS TRÁS ESQ (3P);PEUGEOT 206 98-*G/LAMAS TRÁS ESQ (3P);0;;
61;1540;109.172123;1540;109.172123;CATEGORIA0;;1;1;0;1;;PEUGEOT 206 98-*G/LAMAS TRÁS DRT 5P;PEUGEOT 206 98-*G/LAMAS TRÁS DRT 5P;0;;
61;1540;109.172124;1540;109.172124;CATEGORIA0;;1;1;0;1;;PEUGEOT 206 98-*G/LAMAS TRÁS ESQ (5P);PEUGEOT 206 98-*G/LAMAS TRÁS ESQ (5P);0;;
61;1540;109.172130;1540;109.172130;CATEGORIA0;;1;1;0;1;;PEUGEOT 206 98-*CAPOT;PEUGEOT 206 98-*CAPOT;0;;
61;1540;109.172170;1540;109.172170;CATEGORIA0;;1;1;0;1;;PEUGEOT 206 98-/206 PLUS 09-*FRENTE (S/AC);PEUGEOT 206 98-/206 PLUS 09-*FRENTE (S/AC);0;;
61;1540;109.172171;1540;109.172171;CATEGORIA0;;1;1;0;1;;PEUGEOT 206 98-/206+ 09-*FRENTE C/AC;PEUGEOT 206 98-/206+ 09-*FRENTE C/AC;0;;
61;1540;109.172175;1540;109.172175;CATEGORIA0;;1;1;0;1;;PEUGEOT 206 98-*TRAVESSA RADIADOR;PEUGEOT 206 98-*TRAVESSA RADIADOR;0;;
61;1540;109.172180;1540;109.172180;CATEGORIA0;;1;1;0;1;;PEUGEOT 206 98-*MASCARA FAROL DRT;PEUGEOT 206 98-*MASCARA FAROL DRT;0;;
61;1540;109.172181;1540;109.172181;CATEGORIA0;;1;1;0;1;;PEUGEOT 206 98- MASCARA FAROL ESQ.;PEUGEOT 206 98- MASCARA FAROL ESQ.;0;;
61;1540;109.172190;1540;109.172190;CATEGORIA0;;1;1;0;1;;TRASEIRA;TRASEIRA;0;;
61;1540;109.172191;1540;109.172191;CATEGORIA0;;1;1;0;1;;PEUGEOT 206 98-*TAMPA MALA (3/5P);PEUGEOT 206 98-*TAMPA MALA (3/5P);0;;
61;1540;109.172211;1540;109.172211;CATEGORIA0;;1;1;0;1;;PEUGEOT 406 99-*G/LAMAS FRT DRT;PEUGEOT 406 99-*G/LAMAS FRT DRT;0;;
61;1540;109.172212;1540;109.172212;CATEGORIA0;;1;1;0;1;;PEUGEOT 406 99-*G/LAMAS FRT ESQ;PEUGEOT 406 99-*G/LAMAS FRT ESQ;0;;
61;1540;109.172230;1540;109.172230;CATEGORIA0;;1;1;0;1;;PEUGEOT 406 99-*CAPOT;PEUGEOT 406 99-*CAPOT;0;;
61;1540;109.172275;1540;109.172275;CATEGORIA0;;1;1;0;1;;PEUGEOT 406 99-*FRENTE SUP;PEUGEOT 406 99-*FRENTE SUP;0;;
61;1540;109.172276;1540;109.172276;CATEGORIA0;;1;1;0;1;;PEUGEOT 406 99-*TRAVESSA FRT INF;PEUGEOT 406 99-*TRAVESSA FRT INF;0;;
61;1540;109.172311;1540;109.172311;CATEGORIA0;;1;1;0;1;;PEUGEOT 307 01-*G/LAMAS FRT DRT;PEUGEOT 307 01-*G/LAMAS FRT DRT;0;;
61;1540;109.172312;1540;109.172312;CATEGORIA0;;1;1;0;1;;PEUGEOT 307 01-*G/LAMAS FRT ESQ;PEUGEOT 307 01-*G/LAMAS FRT ESQ;0;;
61;1540;109.172321;1540;109.172321;CATEGORIA0;;1;1;0;1;;PEUGEOT 307 01-*G/LAMAS TRÁS DRT (3P);PEUGEOT 307 01-*G/LAMAS TRÁS DRT (3P);0;;
61;1540;109.172322;1540;109.172322;CATEGORIA0;;1;1;0;1;;PEUGEOT 307 01-*G/LAMAS TRÁS ESQ (3P);PEUGEOT 307 01-*G/LAMAS TRÁS ESQ (3P);0;;
61;1540;109.172323;1540;109.172323;CATEGORIA0;;1;1;0;1;;PEUGEOT 307 01-*G/LAMAS TRÁS DRT (5P);PEUGEOT 307 01-*G/LAMAS TRÁS DRT (5P);0;;
61;1540;109.172324;1540;109.172324;CATEGORIA0;;1;1;0;1;;PEUGEOT 307 01-*G/LAMAS TRÁS ESQ (5P);PEUGEOT 307 01-*G/LAMAS TRÁS ESQ (5P);0;;
61;1540;109.172330;1540;109.172330;CATEGORIA0;;1;1;0;1;;PEUGEOT 307 01-*CAPOT;PEUGEOT 307 01-*CAPOT;0;;
61;1540;109.172370;1540;109.172370;CATEGORIA0;;1;1;0;1;;PEUGEOT 307 01-*FRENTE (T/DIESEL S/AC)(7104K9);PEUGEOT 307 01-*FRENTE (T/DIESEL S/AC)(7104K9);0;;
61;1540;109.172371;1540;109.172371;CATEGORIA0;;1;1;0;1;;PEUGEOT 307 01-*FRENTE (T/DIESEL C/AC)(7104K8/7104L0);PEUGEOT 307 01-*FRENTE (T/DIESEL C/AC)(7104K8/7104L0);0;;
61;1540;109.172372;1540;109.172372;CATEGORIA0;;1;1;0;1;;PEUGEOT 307 01-*FRENTE (GASOLINA S/AC)(7104L3);PEUGEOT 307 01-*FRENTE (GASOLINA S/AC)(7104L3);0;;
61;1540;109.172373;1540;109.172373;CATEGORIA0;;1;1;0;1;;PEUGEOT 307/CITROEN C4 01-*FRENTE(OE7104L2/L4/V6;PEUGEOT 307/CITROEN C4 01-*FRENTE(OE7104L2/L4/V6;0;;
61;1540;109.172380;1540;109.172380;CATEGORIA0;;1;1;0;1;;PEUGEOT 307 01-*REFORÇO MASCARA FAROL SUP DRT;PEUGEOT 307 01-*REFORÇO MASCARA FAROL SUP DRT;0;;
61;1540;109.172381;1540;109.172381;CATEGORIA0;;1;1;0;1;;PEUGEOT 307 01-*REFORÇO MASCARA FAROL SUP ESQ;PEUGEOT 307 01-*REFORÇO MASCARA FAROL SUP ESQ;0;;
61;1540;109.172382;1540;109.172382;CATEGORIA0;;1;1;0;1;;PEUGEOT 307 01-*REFORÇO MASCARA FAROL LAT DRT;PEUGEOT 307 01-*REFORÇO MASCARA FAROL LAT DRT;0;;
61;1540;109.172383;1540;109.172383;CATEGORIA0;;1;1;0;1;;PEUGEOT 307 01-*REFORÇO MASCARA FAROL LAT ESQ;PEUGEOT 307 01-*REFORÇO MASCARA FAROL LAT ESQ;0;;
61;1540;109.172411;1540;109.172411;CATEGORIA0;;1;1;0;1;;PEUGEOT 407 04-*G/LAMAS FRT DRT;PEUGEOT 407 04-*G/LAMAS FRT DRT;0;;
61;1540;109.172412;1540;109.172412;CATEGORIA0;;1;1;0;1;;PEUGEOT 407 04-*G/LAMAS FRT ESQ;PEUGEOT 407 04-*G/LAMAS FRT ESQ;0;;
61;1540;109.172430;1540;109.172430;CATEGORIA0;;1;1;0;1;;PEUGEOT 407 04-*CAPOT;PEUGEOT 407 04-*CAPOT;0;;
61;1540;109.172470;1540;109.172470;CATEGORIA0;;1;1;0;1;;PEUGEOT 407/C5 04-*FRENTE (1.8/2.0/2.2)(GASOLINA);PEUGEOT 407/C5 04-*FRENTE (1.8/2.0/2.2)(GASOLINA);0;;
61;1540;109.172471;1540;109.172471;CATEGORIA0;;1;1;0;1;;PEUGEOT 407/C5 04-*FRENTE (DIESEL);PEUGEOT 407/C5 04-*FRENTE (DIESEL);0;;
61;1540;109.172530;1540;109.172530;CATEGORIA0;;1;1;0;1;;PEUGEOT 1007 04-*CAPOT;PEUGEOT 1007 04-*CAPOT;0;;
61;1540;109.172611;1540;109.172611;CATEGORIA0;;1;1;0;1;;PEUGEOT 307 05-*G/LAMAS FR. DRT.;PEUGEOT 307 05-*G/LAMAS FR. DRT.;0;;
61;1540;109.172612;1540;109.172612;CATEGORIA0;;1;1;0;1;;PEUGEOT 307 05-*G/LAMAS FRT ESQ;PEUGEOT 307 05-*G/LAMAS FRT ESQ;0;;
61;1540;109.172630;1540;109.172630;CATEGORIA0;;1;1;0;1;;PEUGEOT 307 05-*CAPOT;PEUGEOT 307 05-*CAPOT;0;;
61;1540;109.172711;1540;109.172711;CATEGORIA0;;1;1;0;1;;PEUGEOT 207 06-*G/LAMAS FRT DRT;PEUGEOT 207 06-*G/LAMAS FRT DRT;0;;
61;1540;109.172712;1540;109.172712;CATEGORIA0;;1;1;0;1;;PEUGEOT 207 06-*G/LAMAS FRT ESQ;PEUGEOT 207 06-*G/LAMAS FRT ESQ;0;;
61;1540;109.172721;1540;109.172721;CATEGORIA0;;1;1;0;1;;PEUGEOT 207 06-*G/LAMAS TRÁS DRT (3P);PEUGEOT 207 06-*G/LAMAS TRÁS DRT (3P);0;;
61;1540;109.172722;1540;109.172722;CATEGORIA0;;1;1;0;1;;PEUGEOT 207 06-*G/LAMAS TRÁS ESQ (3P);PEUGEOT 207 06-*G/LAMAS TRÁS ESQ (3P);0;;
61;1540;109.172730;1540;109.172730;CATEGORIA0;;1;1;0;1;;PEUGEOT 207 06-*CAPOT;PEUGEOT 207 06-*CAPOT;0;;
61;1540;109.172770;1540;109.172770;CATEGORIA0;;1;1;0;1;;PEUGEOT 207 06-/C3 II*FRENTE (1.6I 110CV);PEUGEOT 207 06-/C3 II*FRENTE (1.6I 110CV);0;;
61;1540;109.172771;1540;109.172771;CATEGORIA0;;1;1;0;1;;FRENTE;FRENTE;0;;
61;1540;109.172772;1540;109.172772;CATEGORIA0;;1;1;0;1;;PEUGEOT 207 06-/CIT C3 II/208*FRENTE 1.6 HDI;PEUGEOT 207 06-/CIT C3 II/208*FRENTE 1.6 HDI;0;;
61;1540;109.172790;1540;109.172790;CATEGORIA0;;1;1;0;1;;PEUGEOT 207 06-*TRASEIRA;PEUGEOT 207 06-*TRASEIRA;0;;
61;1540;109.172830;1540;109.172830;CATEGORIA0;;1;1;0;1;;PEUGEOT 107 05-*CAPOT;PEUGEOT 107 05-*CAPOT;0;;
61;1540;109.172870;1540;109.172870;CATEGORIA0;;1;1;0;1;;PEUGEOT 107/AYGO/C1 05-*FRENTE;PEUGEOT 107/AYGO/C1 05-*FRENTE;0;;
61;1540;109.172911;1540;109.172911;CATEGORIA0;;1;1;0;1;;PEUGEOT 308 07-*G/LAMAS FRT DRT;PEUGEOT 308 07-*G/LAMAS FRT DRT;0;;
61;1540;109.172912;1540;109.172912;CATEGORIA0;;1;1;0;1;;PEUGEOT 308 07-*G/LAMAS FRT ESQ;PEUGEOT 308 07-*G/LAMAS FRT ESQ;0;;
61;1540;109.172930;1540;109.172930;CATEGORIA0;;1;1;0;1;;PEUGEOT 308 07-*CAPOT(CHAPA);PEUGEOT 308 07-*CAPOT(CHAPA);0;;
61;1540;109.172931;1540;109.172931;CATEGORIA0;;1;1;0;1;;PEUGEOT 308 07-*CAPOT(ALUMINIO);PEUGEOT 308 07-*CAPOT(ALUMINIO);0;;
61;1540;109.172971;1540;109.172971;CATEGORIA0;;1;1;0;1;;PEUGEOT 308/307 05*FRENT TD(DW10BTED4)G(EW10A);PEUGEOT 308/307 05*FRENT TD(DW10BTED4)G(EW10A);0;;
61;1540;109.173230;1540;109.173230;CATEGORIA0;;1;1;0;1;;PEUGEOT BIPPER 08-*CAPOT;PEUGEOT BIPPER 08-*CAPOT;0;;
61;1540;109.173311;1540;109.173311;CATEGORIA0;;1;1;0;1;;PEUGEOT 206+ 09-*G/LAMAS FRT DRT;PEUGEOT 206+ 09-*G/LAMAS FRT DRT;0;;
61;1540;109.173312;1540;109.173312;CATEGORIA0;;1;1;0;1;;PEUGEOT 206+ 09-*G/LAMAS FRT ESQ.;PEUGEOT 206+ 09-*G/LAMAS FRT ESQ.;0;;
61;1540;109.173330;1540;109.173330;CATEGORIA0;;1;1;0;1;;PEUGEOT 206+ 09-*CAPOT;PEUGEOT 206+ 09-*CAPOT;0;;
61;1540;109.173380;1540;109.173380;CATEGORIA0;;1;1;0;1;;PEUGEOT 206+ 09-*MASCARA FAROL DRT;PEUGEOT 206+ 09-*MASCARA FAROL DRT;0;;
61;1540;109.173381;1540;109.173381;CATEGORIA0;;1;1;0;1;;PEUGEOT 206+ 09-*MASCARA FAROL ESQ;PEUGEOT 206+ 09-*MASCARA FAROL ESQ;0;;
61;1540;109.173911;1540;109.173911;CATEGORIA0;;1;1;0;1;;PEUGEOT 3008 09-*G/LAMAS FRT. DRT.;PEUGEOT 3008 09-*G/LAMAS FRT. DRT.;0;;
61;1540;109.173912;1540;109.173912;CATEGORIA0;;1;1;0;1;;PEUGEOT 3008 09-*G/LAMAS FRT ESQ P/PINTAR;PEUGEOT 3008 09-*G/LAMAS FRT ESQ P/PINTAR;0;;
61;1540;109.173930;1540;109.173930;CATEGORIA0;;1;1;0;1;;PEUGEOT 3008 09-*CAPOT (CHAPA);PEUGEOT 3008 09-*CAPOT (CHAPA);0;;
61;1540;109.174011;1540;109.174011;CATEGORIA0;;1;1;0;1;;PEUGEOT 508 11-*G/LAMAS FRT DRT;PEUGEOT 508 11-*G/LAMAS FRT DRT;0;;
61;1540;109.174012;1540;109.174012;CATEGORIA0;;1;1;0;1;;PEUGEOT 508 11-*G/LAMAS FRT ESQ;PEUGEOT 508 11-*G/LAMAS FRT ESQ;0;;
61;1540;109.174030;1540;109.174030;CATEGORIA0;;1;1;0;1;;CAPOM;CAPOM;0;;
61;1540;109.174211;1540;109.174211;CATEGORIA0;;1;1;0;1;;PEUGEOT 208 12-*G/LAMAS FRT DRT;PEUGEOT 208 12-*G/LAMAS FRT DRT;0;;
61;1540;109.174212;1540;109.174212;CATEGORIA0;;1;1;0;1;;PEUGEOT 208 12-* G/LAMAS FRT. ESQ.;PEUGEOT 208 12-* G/LAMAS FRT. ESQ.;0;;
61;1540;109.174230;1540;109.174230;CATEGORIA0;;1;1;0;1;;PEUGEOT 208 -09/2012*CAPOT (FURO ESGUICHO REDONDO);PEUGEOT 208 -09/2012*CAPOT (FURO ESGUICHO REDONDO);0;;
61;1540;109.174231;1540;109.174231;CATEGORIA0;;1;1;0;1;;PEUGEOT 208 12-*CAPOT(FURO ESG RECTANGULAR);PEUGEOT 208 12-*CAPOT(FURO ESG RECTANGULAR);0;;
61;1540;109.174270;1540;109.174270;CATEGORIA0;;1;1;0;1;;PEUGEOT 208 12-/C3 13-*FRENTE 1.4HDI S/START&STOP;PEUGEOT 208 12-/C3 13-*FRENTE 1.4HDI S/START&STOP;0;;
61;1540;109.174271;1540;109.174271;CATEGORIA0;;1;1;0;1;;PEUGEOT 208 12-/C3 13-*FRENTE (1.0/1.2/1.4/1.6);PEUGEOT 208 12-/C3 13-*FRENTE (1.0/1.2/1.4/1.6);0;;
61;1540;109.174290;1540;109.174290;CATEGORIA0;;1;1;0;1;;PEUGEOT 208 12-*TRASEIRA;PEUGEOT 208 12-*TRASEIRA;0;;
61;1540;109.174430;1540;109.174430;CATEGORIA0;;1;1;0;1;;PEUGEOT 107 12-*CAPOT;PEUGEOT 107 12-*CAPOT;0;;
61;1540;109.174611;1540;109.174611;CATEGORIA0;;1;1;0;1;;PEUGEOT 308 13-*G/LAMAS FRT DRT;PEUGEOT 308 13-*G/LAMAS FRT DRT;0;;
61;1540;109.174612;1540;109.174612;CATEGORIA0;;1;1;0;1;;PEUGEOT 308 13-*G/LAMAS FRT ESQ;PEUGEOT 308 13-*G/LAMAS FRT ESQ;0;;
61;1540;109.174630;1540;109.174630;CATEGORIA0;;1;1;0;1;;PEUGEOT 308 13-*CAPOT;PEUGEOT 308 13-*CAPOT;0;;
61;1540;109.174631;1540;109.174631;CATEGORIA0;;1;1;0;1;;PEUGEOT 308 13-*CAPOT(MOD GT-LINE)S/FURO EMBLEMA;PEUGEOT 308 13-*CAPOT(MOD GT-LINE)S/FURO EMBLEMA;0;;
61;1540;109.174675;1540;109.174675;CATEGORIA0;;1;1;0;1;;PEUGEOT 308 13-*TRAVESSA FRT INF CHAPA;PEUGEOT 308 13-*TRAVESSA FRT INF CHAPA;0;;
61;1540;109.174676;1540;109.174676;CATEGORIA0;;1;1;0;1;;PEUGEOT 308 13-*TRAVESSA FRT SUP;PEUGEOT 308 13-*TRAVESSA FRT SUP;0;;
61;1540;109.174682;1540;109.174682;CATEGORIA0;;1;1;0;1;;PEUGEOT 308 13-*TRAVESSA FRT SUP DRT (CHAPA);PEUGEOT 308 13-*TRAVESSA FRT SUP DRT (CHAPA);0;;
61;1540;109.174683;1540;109.174683;CATEGORIA0;;1;1;0;1;;PEUGEOT 308 13-*TRAVESSA FRT SUP ESQ (CHAPA);PEUGEOT 308 13-*TRAVESSA FRT SUP ESQ (CHAPA);0;;
61;1540;109.174711;1540;109.174711;CATEGORIA0;;1;1;0;1;;PEUGEOT 108 14-*G/LAMAS FRT DRT;PEUGEOT 108 14-*G/LAMAS FRT DRT;0;;
61;1540;109.174712;1540;109.174712;CATEGORIA0;;1;1;0;1;;G/LAMA FRT ESQ 108;G/LAMA FRT ESQ 108;0;;
61;1540;109.174730;1540;109.174730;CATEGORIA0;;1;1;0;1;;CAPOT PEUGEOT 108;CAPOT PEUGEOT 108;0;;
61;1540;109.175211;1540;109.175211;CATEGORIA0;;1;1;0;1;;PEUGEOT 2008 13-*G/LAMAS FRT DRT;PEUGEOT 2008 13-*G/LAMAS FRT DRT;0;;
61;1540;109.175212;1540;109.175212;CATEGORIA0;;1;1;0;1;;PEUGEOT 2008 13-*G/LAMAS FRT ESQ;PEUGEOT 2008 13-*G/LAMAS FRT ESQ;0;;
61;1540;109.175230;1540;109.175230;CATEGORIA0;;1;1;0;1;;PEUGEOT 2008 13-*CAPOT;PEUGEOT 2008 13-*CAPOT;0;;
61;1540;109.175311;1540;109.175311;CATEGORIA0;;1;1;0;1;;PEUGEOT 2008 2016.04-*G/LAMAS FRT DRT C/FURO ABA;PEUGEOT 2008 2016.04-*G/LAMAS FRT DRT C/FURO ABA;0;;
61;1540;109.175312;1540;109.175312;CATEGORIA0;;1;1;0;1;;PEUGEOT 2008 2016.04-*G/LAMAS FRT ESQ C/FURO ABA;PEUGEOT 2008 2016.04-*G/LAMAS FRT ESQ C/FURO ABA;0;;
61;1540;109.175330;1540;109.175330;CATEGORIA0;;1;1;0;1;;PEUGEOT 2008 2016.04-*CAPOT;PEUGEOT 2008 2016.04-*CAPOT;0;;
61;1540;109.175411;1540;109.175411;CATEGORIA0;;1;1;0;1;;PEUGEOT 3008/5008 2016.05-*G/LAMAS FRT DRT(ALUMINIO);PEUGEOT 3008/5008 2016.05-*G/LAMAS FRT DRT(ALUMINIO);0;;
61;1540;109.175412;1540;109.175412;CATEGORIA0;;1;1;0;1;;PEUGEOT 3008/5008 2016.05-*G/LAMAS FRT ESQ(ALUMINIO);PEUGEOT 3008/5008 2016.05-*G/LAMAS FRT ESQ(ALUMINIO);0;;
61;1540;109.175430;1540;109.175430;CATEGORIA0;;1;1;0;1;;PEUGEOT 3008/5008 2016.05-*CAPOT(ALUMINIO);PEUGEOT 3008/5008 2016.05-*CAPOT(ALUMINIO);0;;
61;1540;109.175476;1540;109.175476;CATEGORIA0;;1;1;0;1;;PEUGEOT 3008/5008 2016.05-*TRAVESSA FRT SUPERIOR;PEUGEOT 3008/5008 2016.05-*TRAVESSA FRT SUPERIOR;0;;
61;1540;109.175530;1540;109.175530;CATEGORIA0;;1;1;0;1;;PEUGEOT 308 2017.06-*CAPOT(ALUMINIO);PEUGEOT 308 2017.06-*CAPOT(ALUMINIO);0;;
61;1540;109.175611;1540;109.175611;CATEGORIA0;;1;1;0;1;;PEUGEOT 208 2019.11-*G/LAMAS FRT DRT;PEUGEOT 208 2019.11-*G/LAMAS FRT DRT;0;;
61;1540;109.175612;1540;109.175612;CATEGORIA0;;1;1;0;1;;PEUGEOT 208 2019.11-*G/LAMAS FRT ESQ;PEUGEOT 208 2019.11-*G/LAMAS FRT ESQ;0;;
61;1540;109.175613;1540;109.175613;CATEGORIA0;;1;1;0;1;;PEUGEOT 208 2019.11-*G/LAMAS FRT DRT C/FURO ABA;PEUGEOT 208 2019.11-*G/LAMAS FRT DRT C/FURO ABA;0;;
61;1540;109.175614;1540;109.175614;CATEGORIA0;;1;1;0;1;;PEUGEOT 208 2019.11-*G/LAMAS FRT ESQ C/FURO ABA;PEUGEOT 208 2019.11-*G/LAMAS FRT ESQ C/FURO ABA;0;;
61;1540;109.175630;1540;109.175630;CATEGORIA0;;1;1;0;1;;PEUGEOT 208 2019.11-*CAPOT(CHAPA);PEUGEOT 208 2019.11-*CAPOT(CHAPA);0;;
61;1540;109.175631;1540;109.175631;CATEGORIA0;;1;1;0;1;;PEUGEOT 208 2019.11-*CAPOT(ALUMINIO);PEUGEOT 208 2019.11-*CAPOT(ALUMINIO);0;;
61;1540;109.175670;1540;109.175670;CATEGORIA0;;1;1;0;1;;PEUGEOT 208/OPEL F 2019.11-*FRENTE (1.2 PURE/1.5 BLUE HDI)(O;PEUGEOT 208/OPEL F 2019.11-*FRENTE (1.2 PURE/1.5 BLUE HDI)(O;0;;
61;1540;109.175682;1540;109.175682;CATEGORIA0;;1;1;0;1;;PEUGEOT 208/CORSA 2019.11-*SUPORTE LAT DRT FRENTE;PEUGEOT 208/CORSA 2019.11-*SUPORTE LAT DRT FRENTE;0;;
61;1540;109.175683;1540;109.175683;CATEGORIA0;;1;1;0;1;;PEUGEOT 208/CORSA 2019.11-*SUPORTE LAT ESQ FRENTE;PEUGEOT 208/CORSA 2019.11-*SUPORTE LAT ESQ FRENTE;0;;
61;1540;109.175712;1540;109.175712;CATEGORIA0;;1;1;0;1;;PEUGEOT 2008 2019/08- G/LAMAS ESQ. C/FURO;PEUGEOT 2008 2019/08- G/LAMAS ESQ. C/FURO;0;;
61;1540;109.180211;1540;109.180211;CATEGORIA0;;1;1;0;1;;RENAULT TRAFIC/VIVARO 14-*G/LAMAS FRT DRT;RENAULT TRAFIC/VIVARO 14-*G/LAMAS FRT DRT;0;;
61;1540;109.180212;1540;109.180212;CATEGORIA0;;1;1;0;1;;RENAULT TRAFIC/VIVARO 14-*G/LAMAS FRT ESQ;RENAULT TRAFIC/VIVARO 14-*G/LAMAS FRT ESQ;0;;
61;1540;109.180230;1540;109.180230;CATEGORIA0;;1;1;0;1;;RENAULT TRAFIC 14-*CAPOT;RENAULT TRAFIC 14-*CAPOT;0;;
61;1540;109.180270;1540;109.180270;CATEGORIA0;;1;1;0;1;;RENAULT TRAFIC/VIVARO 14-*FRENTE COMPLETA;RENAULT TRAFIC/VIVARO 14-*FRENTE COMPLETA;0;;
61;1540;109.180311;1540;109.180311;CATEGORIA0;;1;1;0;1;;RENAULT TWINGO 14-*G/LAMAS FRT DRT;RENAULT TWINGO 14-*G/LAMAS FRT DRT;0;;
61;1540;109.180312;1540;109.180312;CATEGORIA0;;1;1;0;1;;RENAULT TWINGO*G/LAMAS FRT ESQ.;RENAULT TWINGO*G/LAMAS FRT ESQ.;0;;
61;1540;109.180330;1540;109.180330;CATEGORIA0;;1;1;0;1;;RENAULT TWINGO 14-*CAPOT;RENAULT TWINGO 14-*CAPOT;0;;
61;1540;109.180370;1540;109.180370;CATEGORIA0;;1;1;0;1;;RENAULT TWINGO 14-*FRENTE PLASTICA;RENAULT TWINGO 14-*FRENTE PLASTICA;0;;
61;1540;109.180375;1540;109.180375;CATEGORIA0;;1;1;0;1;;RENAULT TWINGO/SMART FORFOUR 14-*TRAVESSA FRT SUPERIOR;RENAULT TWINGO/SMART FORFOUR 14-*TRAVESSA FRT SUPERIOR;0;;
61;1540;109.180411;1540;109.180411;CATEGORIA0;;1;1;0;1;;RENAULT MEGANE 16-*G/LAMAS FRT DRT;RENAULT MEGANE 16-*G/LAMAS FRT DRT;0;;
61;1540;109.180412;1540;109.180412;CATEGORIA0;;1;1;0;1;;RENAULT MEGANE 16-*G/LAMAS FRT ESQ;RENAULT MEGANE 16-*G/LAMAS FRT ESQ;0;;
61;1540;109.180413;1540;109.180413;CATEGORIA0;;1;1;0;1;;RENAULT MEGANE 16-*SUPORTE G/LAMAS FRT DRT CHAPA;RENAULT MEGANE 16-*SUPORTE G/LAMAS FRT DRT CHAPA;0;;
61;1540;109.180414;1540;109.180414;CATEGORIA0;;1;1;0;1;;RENAULT MEGANE 16-*SUPORTE G/LAMAS FRT ESQ CHAPA;RENAULT MEGANE 16-*SUPORTE G/LAMAS FRT ESQ CHAPA;0;;
61;1540;109.180430;1540;109.180430;CATEGORIA0;;1;1;0;1;;RENAULT MEGANE 16-*CAPOT;RENAULT MEGANE 16-*CAPOT;0;;
61;1540;109.180470;1540;109.180470;CATEGORIA0;;1;1;0;1;;RENAULT MEGANE 16-*FRENTE COMPLETA;RENAULT MEGANE 16-*FRENTE COMPLETA;0;;
61;1540;109.180472;1540;109.180472;CATEGORIA0;;1;1;0;1;;RENAULT MEGANE IV 2015.11-*CHARRIOT(1.5DCI);RENAULT MEGANE IV 2015.11-*CHARRIOT(1.5DCI);0;;
61;1540;109.180473;1540;109.180473;CATEGORIA0;;1;1;0;1;;RENAULT MEGANE IV 2015.11-*CHARRIOT(1.6DCI);RENAULT MEGANE IV 2015.11-*CHARRIOT(1.6DCI);0;;
61;1540;109.180476;1540;109.180476;CATEGORIA0;;1;1;0;1;;RENAULT MEGANE/TALISMAN 16-*TRAVESSA INF RADIADOR;RENAULT MEGANE/TALISMAN 16-*TRAVESSA INF RADIADOR;0;;
61;1540;109.180511;1540;109.180511;CATEGORIA0;;1;1;0;1;;RENAULT KADJAR 15-*G/LAMAS FRT DRT;RENAULT KADJAR 15-*G/LAMAS FRT DRT;0;;
61;1540;109.180512;1540;109.180512;CATEGORIA0;;1;1;0;1;;RENAULT KADJAR 15-*G/LAMAS FRT ESQ;RENAULT KADJAR 15-*G/LAMAS FRT ESQ;0;;
61;1540;109.180530;1540;109.180530;CATEGORIA0;;1;1;0;1;;RENAULT KADJAR 15-*CAPOT;RENAULT KADJAR 15-*CAPOT;0;;
61;1540;109.180571;1540;109.180571;CATEGORIA0;;1;1;0;1;;RENAULT KADJAR/QASHQAI 15-*CHARRIOT(MOT 1.5CC);RENAULT KADJAR/QASHQAI 15-*CHARRIOT(MOT 1.5CC);0;;
61;1540;109.180572;1540;109.180572;CATEGORIA0;;1;1;0;1;;RENAULT KADJAR/QASHQAI 15-*CHARRIOT(MOT 1.6CC);RENAULT KADJAR/QASHQAI 15-*CHARRIOT(MOT 1.6CC);0;;
61;1540;109.180575;1540;109.180575;CATEGORIA0;;1;1;0;1;;RENAULT KADJAR 15-*TRAVESSA FRT SUP;RENAULT KADJAR 15-*TRAVESSA FRT SUP;0;;
61;1540;109.180582;1540;109.180582;CATEGORIA0;;1;1;0;1;;RENAULT KADJAR 15-*SUPORTE SUP G/LAMAS FRT DRT;RENAULT KADJAR 15-*SUPORTE SUP G/LAMAS FRT DRT;0;;
61;1540;109.180583;1540;109.180583;CATEGORIA0;;1;1;0;1;;RENAULT KADJAR 15-*SUPORTE SUP G/LAMAS FRT ESQ;RENAULT KADJAR 15-*SUPORTE SUP G/LAMAS FRT ESQ;0;;
61;1540;109.180584;1540;109.180584;CATEGORIA0;;1;1;0;1;;RENAULT KADJAR 15-*SUPORTE FRENTE G/LAMAS FRT DRT;RENAULT KADJAR 15-*SUPORTE FRENTE G/LAMAS FRT DRT;0;;
61;1540;109.180585;1540;109.180585;CATEGORIA0;;1;1;0;1;;RENAULT KADJAR 15-*SUPORTE FRENTE G/LAMAS FRT ESQ;RENAULT KADJAR 15-*SUPORTE FRENTE G/LAMAS FRT ESQ;0;;
61;1540;109.180911;1540;109.180911;CATEGORIA0;;1;1;0;1;;RENAULT SCENIC 2016.09-*G/LAMAS FRT DRT;RENAULT SCENIC 2016.09-*G/LAMAS FRT DRT;0;;
61;1540;109.180912;1540;109.180912;CATEGORIA0;;1;1;0;1;;RENAULT SCENIC 2016.09-*G/LAMAS FRT ESQ;RENAULT SCENIC 2016.09-*G/LAMAS FRT ESQ;0;;
61;1540;109.180970;1540;109.180970;CATEGORIA0;;1;1;0;1;;RENAULT SCENIC 2016.09-*FRENTE COMPLETA;RENAULT SCENIC 2016.09-*FRENTE COMPLETA;0;;
61;1540;109.181311;1540;109.181311;CATEGORIA0;;1;1;0;1;;RENAULT TALISMAN 2015.11-*G/LAMAS FRT DRT;RENAULT TALISMAN 2015.11-*G/LAMAS FRT DRT;0;;
61;1540;109.181312;1540;109.181312;CATEGORIA0;;1;1;0;1;;RENAULT TALISMAN 2015.11-*G/LAMAS FRT ESQ;RENAULT TALISMAN 2015.11-*G/LAMAS FRT ESQ;0;;
61;1540;109.181370;1540;109.181370;CATEGORIA0;;1;1;0;1;;RENAULT TALISMAN 2015.11-*FRENTE;RENAULT TALISMAN 2015.11-*FRENTE;0;;
61;1540;109.181411;1540;109.181411;CATEGORIA0;;1;1;0;1;;RENAULT CLIO V 2019.06-*G/LAMAS FRT DRT;RENAULT CLIO V 2019.06-*G/LAMAS FRT DRT;0;;
61;1540;109.181412;1540;109.181412;CATEGORIA0;;1;1;0;1;;RENAULT CLIO V 2019.06-*G/LAMAS FRT ESQ;RENAULT CLIO V 2019.06-*G/LAMAS FRT ESQ;0;;
61;1540;109.181413;1540;109.181413;CATEGORIA0;;1;1;0;1;;RENAULT CLIO V 2019.06-*G/LAMAS FRT DRT(MOD RS-LINE);RENAULT CLIO V 2019.06-*G/LAMAS FRT DRT(MOD RS-LINE);0;;
61;1540;109.181414;1540;109.181414;CATEGORIA0;;1;1;0;1;;RENAULT CLIO V 2019.06-*G/LAMAS FRT ESQ(MOD RS-LINE);RENAULT CLIO V 2019.06-*G/LAMAS FRT ESQ(MOD RS-LINE);0;;
61;1540;109.181470;1540;109.181470;CATEGORIA0;;1;1;0;1;;RENAULT CLIO V 2019.06-*FRENTE;RENAULT CLIO V 2019.06-*FRENTE;0;;
61;1540;109.181472;1540;109.181472;CATEGORIA0;;1;1;0;1;;RENAULT CLIO V 2019.06-*CHARRIOT;RENAULT CLIO V 2019.06-*CHARRIOT;0;;
61;1540;109.181490;1540;109.181490;CATEGORIA0;;1;1;0;1;;RENAULT CLIO V 2019.06-*TRASEIRA CHAPA;RENAULT CLIO V 2019.06-*TRASEIRA CHAPA;0;;
61;1540;109.181511;1540;109.181511;CATEGORIA0;;1;1;0;1;;RENAULT CAPTUR 2019.12-*G/LAMAS FRT DRT C/FUROS ABA;RENAULT CAPTUR 2019.12-*G/LAMAS FRT DRT C/FUROS ABA;0;;
61;1540;109.181512;1540;109.181512;CATEGORIA0;;1;1;0;1;;RENAULT CAPTUR 2019.12-*G/LAMAS FRT ESQ C/FUROS ABA;RENAULT CAPTUR 2019.12-*G/LAMAS FRT ESQ C/FUROS ABA;0;;
61;1540;109.181630;1540;109.181630;CATEGORIA0;;1;1;0;1;;RENAULT MASTER IV 2019.08-*CAPOT;RENAULT MASTER IV 2019.08-*CAPOT;0;;
61;1540;109.181670;1540;109.181670;CATEGORIA0;;1;1;0;1;;RENAULT MASTER IV 2018.08-*FRENTE COMPLETA;RENAULT MASTER IV 2018.08-*FRENTE COMPLETA;0;;
61;1540;109.182011;1540;109.182011;CATEGORIA0;;1;1;0;1;;RENAULT EXPRESS 2021.05-*G/LAMAS FRT DRT;RENAULT EXPRESS 2021.05-*G/LAMAS FRT DRT;0;;
61;1540;109.182012;1540;109.182012;CATEGORIA0;;1;1;0;1;;RENAULT EXPRESS 2021.05-*G/LAMAS FRT ESQ;RENAULT EXPRESS 2021.05-*G/LAMAS FRT ESQ;0;;
61;1540;109.190211;1540;109.190211;CATEGORIA0;;1;1;0;1;;RENAULT TWINGO 93-*G/ LAMAS FRT DRT;RENAULT TWINGO 93-*G/ LAMAS FRT DRT;0;;
61;1540;109.190212;1540;109.190212;CATEGORIA0;;1;1;0;1;;RENAULT TWINGO 93-*G/ LAMAS FRT ESQ;RENAULT TWINGO 93-*G/ LAMAS FRT ESQ;0;;
61;1540;109.190230;1540;109.190230;CATEGORIA0;;1;1;0;1;;RENAULT TWINGO 93-*CAPOT;RENAULT TWINGO 93-*CAPOT;0;;
61;1540;109.190270;1540;109.190270;CATEGORIA0;;1;1;0;1;;RENAULT TWINGO 93-*FRENTE COMPLETA;RENAULT TWINGO 93-*FRENTE COMPLETA;0;;
61;1540;109.190291;1540;109.190291;CATEGORIA0;;1;1;0;1;;RENAULT TWINGO 93-*TAMPA MALA;RENAULT TWINGO 93-*TAMPA MALA;0;;
61;1540;109.190311;1540;109.190311;CATEGORIA0;;1;1;0;1;;RENAULT KANGOO 97-*G/LAMAS FRT DRT;RENAULT KANGOO 97-*G/LAMAS FRT DRT;0;;
61;1540;109.190330;1540;109.190330;CATEGORIA0;;1;1;0;1;;RENAULT KANGOO 97-*CAPOT;RENAULT KANGOO 97-*CAPOT;0;;
61;1540;109.190375;1540;109.190375;CATEGORIA0;;1;1;0;1;;RENAULT KANGOO 97-*TRAVESSA FRT SUP;RENAULT KANGOO 97-*TRAVESSA FRT SUP;0;;
61;1540;109.190376;1540;109.190376;CATEGORIA0;;1;1;0;1;;RENAULT KANGOO 97-*TRAVESSA FRT INFERIOR;RENAULT KANGOO 97-*TRAVESSA FRT INFERIOR;0;;
61;1540;109.190380;1540;109.190380;CATEGORIA0;;1;1;0;1;;RENAULT KANGOO 97-*MASCARA FAROL DRT;RENAULT KANGOO 97-*MASCARA FAROL DRT;0;;
61;1540;109.190381;1540;109.190381;CATEGORIA0;;1;1;0;1;;RENAULT KANGOO 97-*MASCARA FAROL ESQ;RENAULT KANGOO 97-*MASCARA FAROL ESQ;0;;
61;1540;109.190411;1540;109.190411;CATEGORIA0;;1;1;0;1;;RENAULT 4*G.LAMAS DRT;RENAULT 4*G.LAMAS DRT;0;;
61;1540;109.190412;1540;109.190412;CATEGORIA0;;1;1;0;1;;RENAULT 4*G.LAMAS ESQ;RENAULT 4*G.LAMAS ESQ;0;;
61;1540;109.190421;1540;109.190421;CATEGORIA0;;1;1;0;1;;RENAULT 4 G/LAMAS TRÁS DTO.;RENAULT 4 G/LAMAS TRÁS DTO.;0;;
61;1540;109.190422;1540;109.190422;CATEGORIA0;;1;1;0;1;;RENAULT 4*G.LAMAS TRÁS ESQ;RENAULT 4*G.LAMAS TRÁS ESQ;0;;
61;1540;109.190423;1540;109.190423;CATEGORIA0;;1;1;0;1;;RENAULT 4L*BACALHAU FRT DRT;RENAULT 4L*BACALHAU FRT DRT;0;;
61;1540;109.190424;1540;109.190424;CATEGORIA0;;1;1;0;1;;RENAULT 4L*BACALHAU FRT ESQ;RENAULT 4L*BACALHAU FRT ESQ;0;;
61;1540;109.190430;1540;109.190430;CATEGORIA0;;1;1;0;1;;RENAULT 4*CAPOT;RENAULT 4*CAPOT;0;;
61;1540;109.190460;1540;109.190460;CATEGORIA0;;1;1;0;1;;LASTRO;LASTRO;0;;
61;1540;109.190475;1540;109.190475;CATEGORIA0;;1;1;0;1;;RENAULT 4*TRAVESSA DO CAPOT;RENAULT 4*TRAVESSA DO CAPOT;0;;
61;1540;109.190511;1540;109.190511;CATEGORIA0;;1;1;0;1;;RENAULT 5*G/LAMAS FRT DRT;RENAULT 5*G/LAMAS FRT DRT;0;;
61;1540;109.190512;1540;109.190512;CATEGORIA0;;1;1;0;1;;RENAULT 5*G/LAMAS FRT ESQ;RENAULT 5*G/LAMAS FRT ESQ;0;;
61;1540;109.190611;1540;109.190611;CATEGORIA0;;1;1;0;1;;RENAULT SUPER 5*G/LAMAS FRT DRT;RENAULT SUPER 5*G/LAMAS FRT DRT;0;;
61;1540;109.190612;1540;109.190612;CATEGORIA0;;1;1;0;1;;RENAULT SUPER 5*G/LAMAS FRT ESQ;RENAULT SUPER 5*G/LAMAS FRT ESQ;0;;
61;1540;109.190628;1540;109.190628;CATEGORIA0;;1;1;0;1;;RENAULT SUPER 5*PAINEL PORTA TRÁS DRT;RENAULT SUPER 5*PAINEL PORTA TRÁS DRT;0;;
61;1540;109.190630;1540;109.190630;CATEGORIA0;;1;1;0;1;;RENAULT SUPER 5*CAPOT;RENAULT SUPER 5*CAPOT;0;;
61;1540;109.190811;1540;109.190811;CATEGORIA0;;1;1;0;1;;RENAULT SCENIC 99-*G/LAMAS FRT DRT;RENAULT SCENIC 99-*G/LAMAS FRT DRT;0;;
61;1540;109.190812;1540;109.190812;CATEGORIA0;;1;1;0;1;;RENAULT SCENIC 99-*G/LAMAS FRT ESQ;RENAULT SCENIC 99-*G/LAMAS FRT ESQ;0;;
61;1540;109.190830;1540;109.190830;CATEGORIA0;;1;1;0;1;;RENAULT SCENIC 99-*CAPOT;RENAULT SCENIC 99-*CAPOT;0;;
61;1540;109.190870;1540;109.190870;CATEGORIA0;;1;1;0;1;;RENAULT SCENIC 99-00*FRENTE COMPLETA;RENAULT SCENIC 99-00*FRENTE COMPLETA;0;;
61;1540;109.190871;1540;109.190871;CATEGORIA0;;1;1;0;1;;RENAULT SCENIC 00-*FRENTE COMPLETA;RENAULT SCENIC 00-*FRENTE COMPLETA;0;;
61;1540;109.190930;1540;109.190930;CATEGORIA0;;1;1;0;1;;RENAULT TWINGO 98-*CAPOT;RENAULT TWINGO 98-*CAPOT;0;;
61;1540;109.190970;1540;109.190970;CATEGORIA0;;1;1;0;1;;RENAULT TWINGO 98-*FRENTE COMPLETA;RENAULT TWINGO 98-*FRENTE COMPLETA;0;;
61;1540;109.191311;1540;109.191311;CATEGORIA0;;1;1;0;1;;RENAULT CLIO 90-*G.LAMAS DRT;RENAULT CLIO 90-*G.LAMAS DRT;0;;
61;1540;109.191312;1540;109.191312;CATEGORIA0;;1;1;0;1;;RENAULT CLIO 90-*G/LAMAS FRT ESQ;RENAULT CLIO 90-*G/LAMAS FRT ESQ;0;;
61;1540;109.191330;1540;109.191330;CATEGORIA0;;1;1;0;1;;RENAULT CLIO 90-*CAPOT;RENAULT CLIO 90-*CAPOT;0;;
61;1540;109.191370;1540;109.191370;CATEGORIA0;;1;1;0;1;;RENAULT CLIO 90-*FRENTE;RENAULT CLIO 90-*FRENTE;0;;
61;1540;109.191375;1540;109.191375;CATEGORIA0;;1;1;0;1;;RENAULT CLIO 90-*TRAVESSA FRENTE INF;RENAULT CLIO 90-*TRAVESSA FRENTE INF;0;;
61;1540;109.191430;1540;109.191430;CATEGORIA0;;1;1;0;1;;RENAULT CLIO 96-*CAPOT;RENAULT CLIO 96-*CAPOT;0;;
61;1540;109.191511;1540;109.191511;CATEGORIA0;;1;1;0;1;;RENAULT MEGANE 96-*G/LAMAS FRT DRT;RENAULT MEGANE 96-*G/LAMAS FRT DRT;0;;
61;1540;109.191512;1540;109.191512;CATEGORIA0;;1;1;0;1;;RENAULT MEGANE 96-*G/LAMAS FRT ESQ;RENAULT MEGANE 96-*G/LAMAS FRT ESQ;0;;
61;1540;109.191530;1540;109.191530;CATEGORIA0;;1;1;0;1;;RENAULT MEGANE 96-*CAPOT;RENAULT MEGANE 96-*CAPOT;0;;
61;1540;109.191570;1540;109.191570;CATEGORIA0;;1;1;0;1;;RENAULT MEGANE 96-*FRENTE COMPLETA;RENAULT MEGANE 96-*FRENTE COMPLETA;0;;
61;1540;109.191711;1540;109.191711;CATEGORIA0;;1;1;0;1;;RENAULT SCENIC 96-*G/LAMAS FRT DRT;RENAULT SCENIC 96-*G/LAMAS FRT DRT;0;;
61;1540;109.191712;1540;109.191712;CATEGORIA0;;1;1;0;1;;RENAULT SCENIC 96-*G/LAMAS FRT ESQ;RENAULT SCENIC 96-*G/LAMAS FRT ESQ;0;;
61;1540;109.191730;1540;109.191730;CATEGORIA0;;1;1;0;1;;RENAULT SCENIC 96-*CAPOT;RENAULT SCENIC 96-*CAPOT;0;;
61;1540;109.191770;1540;109.191770;CATEGORIA0;;1;1;0;1;;RENAULT SCENIC 96-*FRENTE;RENAULT SCENIC 96-*FRENTE;0;;
61;1540;109.191911;1540;109.191911;CATEGORIA0;;1;1;0;1;;RENAULT 19 89-*G/LAMAS FRT DRT;RENAULT 19 89-*G/LAMAS FRT DRT;0;;
61;1540;109.191912;1540;109.191912;CATEGORIA0;;1;1;0;1;;RENAULT 19 89-*G.LAMAS ESQ;RENAULT 19 89-*G.LAMAS ESQ;0;;
61;1540;109.191930;1540;109.191930;CATEGORIA0;;1;1;0;1;;RENAULT 19 89-*CAPOT;RENAULT 19 89-*CAPOT;0;;
61;1540;109.191942;1540;109.191942;CATEGORIA0;;1;1;0;1;;RENAULT 19 89-*CAVE RODA FRT ESQ;RENAULT 19 89-*CAVE RODA FRT ESQ;0;;
61;1540;109.191970;1540;109.191970;CATEGORIA0;;1;1;0;1;;RENAULT 19 89-*FRENTE;RENAULT 19 89-*FRENTE;0;;
61;1540;109.192030;1540;109.192030;CATEGORIA0;;1;1;0;1;;RENAULT 19 92-*CAPOT;RENAULT 19 92-*CAPOT;0;;
61;1540;109.192070;1540;109.192070;CATEGORIA0;;1;1;0;1;;RENAULT 19 92-*FRENTE;RENAULT 19 92-*FRENTE;0;;
61;1540;109.192211;1540;109.192211;CATEGORIA0;;1;1;0;1;;RENAULT EXPRESS 86-*G/LAMAS FRT DRT;RENAULT EXPRESS 86-*G/LAMAS FRT DRT;0;;
61;1540;109.192212;1540;109.192212;CATEGORIA0;;1;1;0;1;;RENAULT EXPRESS 86-*G/LAMAS FRT ESQ;RENAULT EXPRESS 86-*G/LAMAS FRT ESQ;0;;
61;1540;109.192230;1540;109.192230;CATEGORIA0;;1;1;0;1;;RENAULT EXPRESS 86-*CAPOT;RENAULT EXPRESS 86-*CAPOT;0;;
61;1540;109.192241;1540;109.192241;CATEGORIA0;;1;1;0;1;;RENAULT EXPRESS 86-*CAVE RODA DRT;RENAULT EXPRESS 86-*CAVE RODA DRT;0;;
61;1540;109.192242;1540;109.192242;CATEGORIA0;;1;1;0;1;;RENAULT EXPRESS 86-*CAVE RODA ESQ;RENAULT EXPRESS 86-*CAVE RODA ESQ;0;;
61;1540;109.192311;1540;109.192311;CATEGORIA0;;1;1;0;1;;RENAULT EXPRESS 91- G/ LAMAS FRT DRT;RENAULT EXPRESS 91- G/ LAMAS FRT DRT;0;;
61;1540;109.192312;1540;109.192312;CATEGORIA0;;1;1;0;1;;RENAULT EXPRESS 91-*G/LAMAS FRT ESQ;RENAULT EXPRESS 91-*G/LAMAS FRT ESQ;0;;
61;1540;109.192371;1540;109.192371;CATEGORIA0;;1;1;0;1;;RENAULT EXPRESS 91-*CHARRIOT;RENAULT EXPRESS 91-*CHARRIOT;0;;
61;1540;109.192375;1540;109.192375;CATEGORIA0;;1;1;0;1;;RENAULT EXPRESS 91-*FRENTE SUP;RENAULT EXPRESS 91-*FRENTE SUP;0;;
61;1540;109.192380;1540;109.192380;CATEGORIA0;;1;1;0;1;;RENAULT EXPRESS 91-*MASCARA FAROL DRT;RENAULT EXPRESS 91-*MASCARA FAROL DRT;0;;
61;1540;109.192412;1540;109.192412;CATEGORIA0;;1;1;0;1;;RENAULT 21 89-*G/LAMAS FRT ESQ;RENAULT 21 89-*G/LAMAS FRT ESQ;0;;
61;1540;109.192430;1540;109.192430;CATEGORIA0;;1;1;0;1;;RENAULT 21 89-*CAPOT;RENAULT 21 89-*CAPOT;0;;
61;1540;109.192470;1540;109.192470;CATEGORIA0;;1;1;0;1;;RENAULT 21 87-*FRENTE INTERNA (TODOS MOD;RENAULT 21 87-*FRENTE INTERNA (TODOS MOD;0;;
61;1540;109.192481;1540;109.192481;CATEGORIA0;;1;1;0;1;;RENAULT 21 87-*MASCARA FAROL ESQ;RENAULT 21 87-*MASCARA FAROL ESQ;0;;
61;1540;109.192611;1540;109.192611;CATEGORIA0;;1;1;0;1;;RENAULT LAGUNA 98-*G/LAMAS FRT DRT;RENAULT LAGUNA 98-*G/LAMAS FRT DRT;0;;
61;1540;109.192612;1540;109.192612;CATEGORIA0;;1;1;0;1;;RENAULT LAGUNA 98-*G/LAMAS FRT ESQ;RENAULT LAGUNA 98-*G/LAMAS FRT ESQ;0;;
61;1540;109.192711;1540;109.192711;CATEGORIA0;;1;1;0;1;;RENAULT MEGANE 99-*G/LAMAS FRT DRT;RENAULT MEGANE 99-*G/LAMAS FRT DRT;0;;
61;1540;109.192712;1540;109.192712;CATEGORIA0;;1;1;0;1;;RENAULT MEGANE 99-*G/LAMAS FRT ESQ;RENAULT MEGANE 99-*G/LAMAS FRT ESQ;0;;
61;1540;109.192730;1540;109.192730;CATEGORIA0;;1;1;0;1;;RENAULT MEGANE 99-*CAPOT;RENAULT MEGANE 99-*CAPOT;0;;
61;1540;109.192770;1540;109.192770;CATEGORIA0;;1;1;0;1;;RENAULT MEGANE 99-*FRENTE  COMPLETA;RENAULT MEGANE 99-*FRENTE  COMPLETA;0;;
61;1540;109.192811;1540;109.192811;CATEGORIA0;;1;1;0;1;;RENAULT LAGUNA 94-*G/LAMAS FRT DRT;RENAULT LAGUNA 94-*G/LAMAS FRT DRT;0;;
61;1540;109.192812;1540;109.192812;CATEGORIA0;;1;1;0;1;;RENAULT LAGUNA 94-*G/LAMAS FRT ESQ;RENAULT LAGUNA 94-*G/LAMAS FRT ESQ;0;;
61;1540;109.192830;1540;109.192830;CATEGORIA0;;1;1;0;1;;RENAULT LAGUNA 94-*CAPOT;RENAULT LAGUNA 94-*CAPOT;0;;
61;1540;109.192870;1540;109.192870;CATEGORIA0;;1;1;0;1;;RENAULT LAGUNA 94-00-*FRENTE COMPLETA;RENAULT LAGUNA 94-00-*FRENTE COMPLETA;0;;
61;1540;109.192912;1540;109.192912;CATEGORIA0;;1;1;0;1;;RENAULT CLIO 98-*G/LAMAS FRT ESQ;RENAULT CLIO 98-*G/LAMAS FRT ESQ;0;;
61;1540;109.192921;1540;109.192921;CATEGORIA0;;1;1;0;1;;RENAULT CLIO 98-*G/LAMAS TRÁS DRT (3P);RENAULT CLIO 98-*G/LAMAS TRÁS DRT (3P);0;;
61;1540;109.192922;1540;109.192922;CATEGORIA0;;1;1;0;1;;RENAULT CLIO 98-*G/LAMAS TRÁS ESQ 3P;RENAULT CLIO 98-*G/LAMAS TRÁS ESQ 3P;0;;
61;1540;109.192930;1540;109.192930;CATEGORIA0;;1;1;0;1;;RENAULT CLIO 98-*CAPOT;RENAULT CLIO 98-*CAPOT;0;;
61;1540;109.192971;1540;109.192971;CATEGORIA0;;1;1;0;1;;RENAULT CLIO 98-01/KANGOO 98-08*CHARRIOT;RENAULT CLIO 98-01/KANGOO 98-08*CHARRIOT;0;;
61;1540;109.192976;1540;109.192976;CATEGORIA0;;1;1;0;1;;RENAULT CLIO 98-*TRAVESSA FRT INF(REFORÇO P/CH FRT);RENAULT CLIO 98-*TRAVESSA FRT INF(REFORÇO P/CH FRT);0;;
61;1540;109.192982;1540;109.192982;CATEGORIA0;;1;1;0;1;;RENAULT CLIO 98-07*SUPORTE FAROLIM TRÁS DRT (CHAPA);RENAULT CLIO 98-07*SUPORTE FAROLIM TRÁS DRT (CHAPA);0;;
61;1540;109.192983;1540;109.192983;CATEGORIA0;;1;1;0;1;;RENAULT CLIO 98-07*SUPORTE FAROLIM TRÁS ESQ (CHAPA);RENAULT CLIO 98-07*SUPORTE FAROLIM TRÁS ESQ (CHAPA);0;;
61;1540;109.192990;1540;109.192990;CATEGORIA0;;1;1;0;1;;CLIO 98-05 TRASEIRA;CLIO 98-05 TRASEIRA;0;;
61;1540;109.193311;1540;109.193311;CATEGORIA0;;1;1;0;1;;RENAULT MASTER/MOVANO 97-*G/LAMAS FRT DRT;RENAULT MASTER/MOVANO 97-*G/LAMAS FRT DRT;0;;
61;1540;109.193312;1540;109.193312;CATEGORIA0;;1;1;0;1;;RENAULT MASTER/MOVANO 97-*G/LAMAS FRT ESQ;RENAULT MASTER/MOVANO 97-*G/LAMAS FRT ESQ;0;;
61;1540;109.193330;1540;109.193330;CATEGORIA0;;1;1;0;1;;RENAULT MASTER/MOVANO 97-*CAPOT;RENAULT MASTER/MOVANO 97-*CAPOT;0;;
61;1540;109.193370;1540;109.193370;CATEGORIA0;;1;1;0;1;;RENAULT MASTER/MOVANO 97-*TRAVESSA FRT SUP;RENAULT MASTER/MOVANO 97-*TRAVESSA FRT SUP;0;;
61;1540;109.193375;1540;109.193375;CATEGORIA0;;1;1;0;1;;RENAULT MASTER/MOVANO 97-*TRAVESSA FRT INF;RENAULT MASTER/MOVANO 97-*TRAVESSA FRT INF;0;;
61;1540;109.193611;1540;109.193611;CATEGORIA0;;1;1;0;1;;RENAULT CLIO 01-*G/LAMAS FRT DRT;RENAULT CLIO 01-*G/LAMAS FRT DRT;0;;
61;1540;109.193612;1540;109.193612;CATEGORIA0;;1;1;0;1;;RENAULT CLIO 01-*G/LAMAS FRT ESQ;RENAULT CLIO 01-*G/LAMAS FRT ESQ;0;;
61;1540;109.193630;1540;109.193630;CATEGORIA0;;1;1;0;1;;RENAULT CLIO 01-*CAPOT;RENAULT CLIO 01-*CAPOT;0;;
61;1540;109.193670;1540;109.193670;CATEGORIA0;;1;1;0;1;;RENAULT CLIO 01-*FRENTE COMPLETA;RENAULT CLIO 01-*FRENTE COMPLETA;0;;
61;1540;109.193671;1540;109.193671;CATEGORIA0;;1;1;0;1;;RENAULT CLIO 01-*CHARRIOT;RENAULT CLIO 01-*CHARRIOT;0;;
61;1540;109.193676;1540;109.193676;CATEGORIA0;;1;1;0;1;;RENAULT CLIO 01-*TRAVESSA INF FRT;RENAULT CLIO 01-*TRAVESSA INF FRT;0;;
61;1540;109.193680;1540;109.193680;CATEGORIA0;;1;1;0;1;;RENAULT CLIO 01-*SUPORTE FAROL DRT/ESQ;RENAULT CLIO 01-*SUPORTE FAROL DRT/ESQ;0;;
61;1540;109.193711;1540;109.193711;CATEGORIA0;;1;1;0;1;;RENAULT LAGUNA 00-*G/LAMAS FRT DRT;RENAULT LAGUNA 00-*G/LAMAS FRT DRT;0;;
61;1540;109.193712;1540;109.193712;CATEGORIA0;;1;1;0;1;;RENAULT LAGUNA 00-*G/LAMAS FRT ESQ;RENAULT LAGUNA 00-*G/LAMAS FRT ESQ;0;;
61;1540;109.193730;1540;109.193730;CATEGORIA0;;1;1;0;1;;RENAULT LAGUNA 00-*CAPOT;RENAULT LAGUNA 00-*CAPOT;0;;
61;1540;109.193770;1540;109.193770;CATEGORIA0;;1;1;0;1;;RENAULT LAGUNA 00-*FRENTE;RENAULT LAGUNA 00-*FRENTE;0;;
61;1540;109.193775;1540;109.193775;CATEGORIA0;;1;1;0;1;;RENAULT LAGUNA 00-*TRAVESSA FRT INF;RENAULT LAGUNA 00-*TRAVESSA FRT INF;0;;
61;1540;109.193811;1540;109.193811;CATEGORIA0;;1;1;0;1;;RENAULT MEGANE 02-*G/LAMAS FRT DRT;RENAULT MEGANE 02-*G/LAMAS FRT DRT;0;;
61;1540;109.193812;1540;109.193812;CATEGORIA0;;1;1;0;1;;RENAULT MEGANE 02-*G/LAMAS FRT ESQ;RENAULT MEGANE 02-*G/LAMAS FRT ESQ;0;;
61;1540;109.193822;1540;109.193822;CATEGORIA0;;1;1;0;1;;RENAULT MEGANE 02-*G/LAMAS TRÁS ESQ (3P);RENAULT MEGANE 02-*G/LAMAS TRÁS ESQ (3P);0;;
61;1540;109.193871;1540;109.193871;CATEGORIA0;;1;1;0;1;;RENAULT MEGANE II 2002.10-*CHARRIOT(PARTE DA FRENTE INFERIOR;RENAULT MEGANE II 2002.10-*CHARRIOT(PARTE DA FRENTE INFERIOR;0;;
61;1540;109.193872;1540;109.193872;CATEGORIA0;;1;1;0;1;;RENAULT MEGANE II 2002.10-*CHARRIOT;RENAULT MEGANE II 2002.10-*CHARRIOT;0;;
61;1540;109.193880;1540;109.193880;CATEGORIA0;;1;1;0;1;;RENAULT MEGANE/SCEN 02-*MASCARA FAROL DRT;RENAULT MEGANE/SCEN 02-*MASCARA FAROL DRT;0;;
61;1540;109.193882;1540;109.193882;CATEGORIA0;;1;1;0;1;;RENAULT MEGANE 02-*SUPORTE P/CH FRT DRT;RENAULT MEGANE 02-*SUPORTE P/CH FRT DRT;0;;
61;1540;109.193883;1540;109.193883;CATEGORIA0;;1;1;0;1;;RENAULT MEGANE 02-*SUPORTE P/CH FRT ESQ;RENAULT MEGANE 02-*SUPORTE P/CH FRT ESQ;0;;
61;1540;109.193890;1540;109.193890;CATEGORIA0;;1;1;0;1;;RENAULT MEGANE 02-/06-*TRASEIRA COMPLETA (3/5P);RENAULT MEGANE 02-/06-*TRASEIRA COMPLETA (3/5P);0;;
61;1540;109.193911;1540;109.193911;CATEGORIA0;;1;1;0;1;;RENAULT KANGOO 02-*G/LAMAS FRT DRT;RENAULT KANGOO 02-*G/LAMAS FRT DRT;0;;
61;1540;109.193912;1540;109.193912;CATEGORIA0;;1;1;0;1;;RENAULT KANGOO 02-*G/LAMAS FRT ESQ;RENAULT KANGOO 02-*G/LAMAS FRT ESQ;0;;
61;1540;109.193930;1540;109.193930;CATEGORIA0;;1;1;0;1;;RENAULT KANGOO 02-*CAPOT;RENAULT KANGOO 02-*CAPOT;0;;
61;1540;109.193970;1540;109.193970;CATEGORIA0;;1;1;0;1;;RENAULT KANGOO 02-*FRENTE COMPLETA;RENAULT KANGOO 02-*FRENTE COMPLETA;0;;
61;1540;109.193975;1540;109.193975;CATEGORIA0;;1;1;0;1;;RENAULT KANGOO 02-*TRAVESSA FRT. INF.;RENAULT KANGOO 02-*TRAVESSA FRT. INF.;0;;
61;1540;109.194030;1540;109.194030;CATEGORIA0;;1;1;0;1;;RENAULT ESPACE 97-*CAPOT;RENAULT ESPACE 97-*CAPOT;0;;
61;1540;109.194411;1540;109.194411;CATEGORIA0;;1;1;0;1;;RENAULT SCENIC 03-09*G/LAMAS FRT DRT;RENAULT SCENIC 03-09*G/LAMAS FRT DRT;0;;
61;1540;109.194412;1540;109.194412;CATEGORIA0;;1;1;0;1;;RENAULT SCENIC 03-09*G/LAMAS FRT ESQ;RENAULT SCENIC 03-09*G/LAMAS FRT ESQ;0;;
61;1540;109.194430;1540;109.194430;CATEGORIA0;;1;1;0;1;;RENAULT SCENIC 03-09*CAPOT;RENAULT SCENIC 03-09*CAPOT;0;;
61;1540;109.194470;1540;109.194470;CATEGORIA0;;1;1;0;1;;RENAULT SCENIC 03-*FRENTE;RENAULT SCENIC 03-*FRENTE;0;;
61;1540;109.194471;1540;109.194471;CATEGORIA0;;1;1;0;1;;RENAULT SCENIC 05-*FRENTE;RENAULT SCENIC 05-*FRENTE;0;;
61;1540;109.194475;1540;109.194475;CATEGORIA0;;1;1;0;1;;RENAULT SCENIC 03-09*TRAVESSA FRT SUP;RENAULT SCENIC 03-09*TRAVESSA FRT SUP;0;;
61;1540;109.194511;1540;109.194511;CATEGORIA0;;1;1;0;1;;RENAULT MODUS 04-* G/LAMAS FR. DRT.;RENAULT MODUS 04-* G/LAMAS FR. DRT.;0;;
61;1540;109.194512;1540;109.194512;CATEGORIA0;;1;1;0;1;;RENAULT MODUS 04-*G/LAMAS FRT ESQ;RENAULT MODUS 04-*G/LAMAS FRT ESQ;0;;
61;1540;109.194530;1540;109.194530;CATEGORIA0;;1;1;0;1;;RENAULT MODUS 04-*CAPOT;RENAULT MODUS 04-*CAPOT;0;;
61;1540;109.194570;1540;109.194570;CATEGORIA0;;1;1;0;1;;RENAULT MODUS 04-*FRENTE COMPLETA;RENAULT MODUS 04-*FRENTE COMPLETA;0;;
61;1540;109.194611;1540;109.194611;CATEGORIA0;;1;1;0;1;;GUARDA LAMA DRT;GUARDA LAMA DRT;0;;
61;1540;109.194612;1540;109.194612;CATEGORIA0;;1;1;0;1;;RENAULT CLIO 05-*/09-*G/LAMAS FRT ESQ ( JANTE 15 );RENAULT CLIO 05-*/09-*G/LAMAS FRT ESQ ( JANTE 15 );0;;
61;1540;109.194613;1540;109.194613;CATEGORIA0;;1;1;0;1;;GUARDA-LAMA DTO;GUARDA-LAMA DTO;0;;
61;1540;109.194614;1540;109.194614;CATEGORIA0;;1;1;0;1;;RENAULT CLIO 05-*/09-*G/LAMAS FRT ESQ(JANTE 16);RENAULT CLIO 05-*/09-*G/LAMAS FRT ESQ(JANTE 16);0;;
61;1540;109.194621;1540;109.194621;CATEGORIA0;;1;1;0;1;;RENAULT CLIO 05-*G/LAMAS TRÁS DRT (3P);RENAULT CLIO 05-*G/LAMAS TRÁS DRT (3P);0;;
61;1540;109.194622;1540;109.194622;CATEGORIA0;;1;1;0;1;;RENAULT CLIO 05-*G/LAMAS TRÁS ESQ (3P);RENAULT CLIO 05-*G/LAMAS TRÁS ESQ (3P);0;;
61;1540;109.194623;1540;109.194623;CATEGORIA0;;1;1;0;1;;RENAULT CLIO 05-*G/LAMAS TRÁS DRT (5P);RENAULT CLIO 05-*G/LAMAS TRÁS DRT (5P);0;;
61;1540;109.194624;1540;109.194624;CATEGORIA0;;1;1;0;1;;RENAULT CLIO 05-*G/LAMAS TR ESQ 5P;RENAULT CLIO 05-*G/LAMAS TR ESQ 5P;0;;
61;1540;109.194630;1540;109.194630;CATEGORIA0;;1;1;0;1;;RENAULT CLIO 05-*CAPOT;RENAULT CLIO 05-*CAPOT;0;;
61;1540;109.194670;1540;109.194670;CATEGORIA0;;1;1;0;1;;RENAULT CLIO 05-/09-*FRENTE COMPLETA;RENAULT CLIO 05-/09-*FRENTE COMPLETA;0;;
61;1540;109.194671;1540;109.194671;CATEGORIA0;;1;1;0;1;;RENAULT CLIO 05-/09-*CHARRIOT(PARTE DA FRENTE);RENAULT CLIO 05-/09-*CHARRIOT(PARTE DA FRENTE);0;;
61;1540;109.194672;1540;109.194672;CATEGORIA0;;1;1;0;1;;RENAULT CLIO 05-/09-*CHARRIOT;RENAULT CLIO 05-/09-*CHARRIOT;0;;
61;1540;109.194690;1540;109.194690;CATEGORIA0;;1;1;0;1;;RENAULT CLIO 05-*TRASEIRA SUP EXTERIOR;RENAULT CLIO 05-*TRASEIRA SUP EXTERIOR;0;;
61;1540;109.194691;1540;109.194691;CATEGORIA0;;1;1;0;1;;RENAULT CLIO 05-*TRASEIRA SUP INTERIOR;RENAULT CLIO 05-*TRASEIRA SUP INTERIOR;0;;
61;1540;109.194711;1540;109.194711;CATEGORIA0;;1;1;0;1;;RENAULT MASTER/MOV/INT 03-*G/LAMAS FRT DRT;RENAULT MASTER/MOV/INT 03-*G/LAMAS FRT DRT;0;;
61;1540;109.194712;1540;109.194712;CATEGORIA0;;1;1;0;1;;RENAULT MASTER/MOV/INT 03-*G/LAMAS FRT ESQ;RENAULT MASTER/MOV/INT 03-*G/LAMAS FRT ESQ;0;;
61;1540;109.194730;1540;109.194730;CATEGORIA0;;1;1;0;1;;RENAULT MASTER/MOV/INT 03-*CAPOT;RENAULT MASTER/MOV/INT 03-*CAPOT;0;;
61;1540;109.194770;1540;109.194770;CATEGORIA0;;1;1;0;1;;RENAULT MASTER/MOV/INT 03-*FRENTE COMPLETA;RENAULT MASTER/MOV/INT 03-*FRENTE COMPLETA;0;;
61;1540;109.194811;1540;109.194811;CATEGORIA0;;1;1;0;1;;RENAULT TRAFIC/PRIMASTAR/VIVARO 01-*G/LAMAS FRT DRT;RENAULT TRAFIC/PRIMASTAR/VIVARO 01-*G/LAMAS FRT DRT;0;;
61;1540;109.194812;1540;109.194812;CATEGORIA0;;1;1;0;1;;RENAULT TRAFIC/VIV/PRIMAS 01-*G/LAMA FRT ESQ;RENAULT TRAFIC/VIV/PRIMAS 01-*G/LAMA FRT ESQ;0;;
61;1540;109.194830;1540;109.194830;CATEGORIA0;;1;1;0;1;;RENAULT TRAFIC/VIVARO/PRIMAST 01-*CAPOT;RENAULT TRAFIC/VIVARO/PRIMAST 01-*CAPOT;0;;
61;1540;109.194982;1540;109.194982;CATEGORIA0;;1;1;0;1;;RENAULT MEGANE II 2006.02-*SUPORTE P/CH FRT DRT;RENAULT MEGANE II 2006.02-*SUPORTE P/CH FRT DRT;0;;
61;1540;109.194983;1540;109.194983;CATEGORIA0;;1;1;0;1;;RENAULT MEGANE II 2006.02-*SUPORTE P/CH FRT ESQ;RENAULT MEGANE II 2006.02-*SUPORTE P/CH FRT ESQ;0;;
61;1540;109.195011;1540;109.195011;CATEGORIA0;;1;1;0;1;;SKODA FELICIA 95-*G/LAMAS FRT DRT;SKODA FELICIA 95-*G/LAMAS FRT DRT;0;;
61;1540;109.195012;1540;109.195012;CATEGORIA0;;1;1;0;1;;SKODA FELICIA 95-*G/LAMAS FRT ESQ;SKODA FELICIA 95-*G/LAMAS FRT ESQ;0;;
61;1540;109.195013;1540;109.195013;CATEGORIA0;;1;1;0;1;;SKODA FELICIA 98-*G/LAMAS FRT DRT;SKODA FELICIA 98-*G/LAMAS FRT DRT;0;;
61;1540;109.195014;1540;109.195014;CATEGORIA0;;1;1;0;1;;SKODA FELICIA 98-*G/LAMAS FRT ESQ;SKODA FELICIA 98-*G/LAMAS FRT ESQ;0;;
61;1540;109.195022;1540;109.195022;CATEGORIA0;;1;1;0;1;;SKODA FELICIA 95-*G/LAMAS TRÁS ESQ (5P);SKODA FELICIA 95-*G/LAMAS TRÁS ESQ (5P);0;;
61;1540;109.195030;1540;109.195030;CATEGORIA0;;1;1;0;1;;SKODA FELICIA 95-*CAPOT;SKODA FELICIA 95-*CAPOT;0;;
61;1540;109.195070;1540;109.195070;CATEGORIA0;;1;1;0;1;;SKODA FELICIA 95-*FRENTE;SKODA FELICIA 95-*FRENTE;0;;
61;1540;109.195130;1540;109.195130;CATEGORIA0;;1;1;0;1;;SKODA FELICIA 98-*CAPOT;SKODA FELICIA 98-*CAPOT;0;;
61;1540;109.195211;1540;109.195211;CATEGORIA0;;1;1;0;1;;SKODA OCTAVIA 97-*G/LAMAS FRT DRT;SKODA OCTAVIA 97-*G/LAMAS FRT DRT;0;;
61;1540;109.195212;1540;109.195212;CATEGORIA0;;1;1;0;1;;SKODA OCTAVIA 97-*G/LAMAS FRT ESQ;SKODA OCTAVIA 97-*G/LAMAS FRT ESQ;0;;
61;1540;109.195230;1540;109.195230;CATEGORIA0;;1;1;0;1;;SKODA OCTAVIA 97-*CAPOT;SKODA OCTAVIA 97-*CAPOT;0;;
61;1540;109.195270;1540;109.195270;CATEGORIA0;;1;1;0;1;;SKODA OCTAVIA 97-*FRENTE COMPLETA;SKODA OCTAVIA 97-*FRENTE COMPLETA;0;;
61;1540;109.195311;1540;109.195311;CATEGORIA0;;1;1;0;1;;SKODA FABIA 99-*G/LAMAS FRT DRT;SKODA FABIA 99-*G/LAMAS FRT DRT;0;;
61;1540;109.195312;1540;109.195312;CATEGORIA0;;1;1;0;1;;SKODA FABIA 99-*G/LAMAS FRT ESQ;SKODA FABIA 99-*G/LAMAS FRT ESQ;0;;
61;1540;109.195330;1540;109.195330;CATEGORIA0;;1;1;0;1;;SKODA FABIA 99-*CAPOT;SKODA FABIA 99-*CAPOT;0;;
61;1540;109.195370;1540;109.195370;CATEGORIA0;;1;1;0;1;;SKODA FABIA 99-*FRENTE SUP;SKODA FABIA 99-*FRENTE SUP;0;;
61;1540;109.195372;1540;109.195372;CATEGORIA0;;1;1;0;1;;SKODA FABIA 99-*FRENTE COMPLETA (FIBRA S/AC);SKODA FABIA 99-*FRENTE COMPLETA (FIBRA S/AC);0;;
61;1540;109.195373;1540;109.195373;CATEGORIA0;;1;1;0;1;;SKODA FABIA 99-*FRENTE COMPLETA (FIBRA C/AC);SKODA FABIA 99-*FRENTE COMPLETA (FIBRA C/AC);0;;
61;1540;109.195470;1540;109.195470;CATEGORIA0;;1;1;0;1;;SKODA FAVORIT 88-*FRENTE COMPLETA;SKODA FAVORIT 88-*FRENTE COMPLETA;0;;
61;1540;109.195611;1540;109.195611;CATEGORIA0;;1;1;0;1;;SKODA OCTAVIA 04-*G/LAMAS FRT DRT;SKODA OCTAVIA 04-*G/LAMAS FRT DRT;0;;
61;1540;109.195612;1540;109.195612;CATEGORIA0;;1;1;0;1;;SKODA OCTAVIA 04-*G/LAMAS FRT ESQ;SKODA OCTAVIA 04-*G/LAMAS FRT ESQ;0;;
61;1540;109.195630;1540;109.195630;CATEGORIA0;;1;1;0;1;;SKODA OCTAVIA 04-*/09-*CAPOT;SKODA OCTAVIA 04-*/09-*CAPOT;0;;
61;1540;109.195670;1540;109.195670;CATEGORIA0;;1;1;0;1;;SKODA OCTAVIA 04-*FRENTE COMPLETA;SKODA OCTAVIA 04-*FRENTE COMPLETA;0;;
61;1540;109.195811;1540;109.195811;CATEGORIA0;;1;1;0;1;;SKODA FABIA 2007-*G/LAMAS FRT DRT C/FURO LAT.;SKODA FABIA 2007-*G/LAMAS FRT DRT C/FURO LAT.;0;;
61;1540;109.195812;1540;109.195812;CATEGORIA0;;1;1;0;1;;SKODA FABIA 2007-*G/LAMAS FRT ESQ(C/FURO LATERAL);SKODA FABIA 2007-*G/LAMAS FRT ESQ(C/FURO LATERAL);0;;
61;1540;109.195830;1540;109.195830;CATEGORIA0;;1;1;0;1;;SKODA FABIA/ROOMSTER 2007-*CAPOT;SKODA FABIA/ROOMSTER 2007-*CAPOT;0;;
61;1540;109.195870;1540;109.195870;CATEGORIA0;;1;1;0;1;;SKODA FABIA 07-/ROOMS *FRENTE  1.2/1.4/1.9TDI C/AC;SKODA FABIA 07-/ROOMS *FRENTE  1.2/1.4/1.9TDI C/AC;0;;
61;1540;109.195871;1540;109.195871;CATEGORIA0;;1;1;0;1;;SKODA FABIA 07-/ROOMS *FRENTE 1.6 GASOLINA;SKODA FABIA 07-/ROOMS *FRENTE 1.6 GASOLINA;0;;
61;1540;109.195911;1540;109.195911;CATEGORIA0;;1;1;0;1;;SKODA OCTAVIA 09-*G/LAMAS FRT DRT;SKODA OCTAVIA 09-*G/LAMAS FRT DRT;0;;
61;1540;109.195912;1540;109.195912;CATEGORIA0;;1;1;0;1;;SKODA OCTAVIA 09-*G/LAMAS FRT ESQ;SKODA OCTAVIA 09-*G/LAMAS FRT ESQ;0;;
61;1540;109.195970;1540;109.195970;CATEGORIA0;;1;1;0;1;;SKODA OCTAVIA 09-*FRENTE;SKODA OCTAVIA 09-*FRENTE;0;;
61;1540;109.196111;1540;109.196111;CATEGORIA0;;1;1;0;1;;SKODA YETI 2010-*G/LAMAS FRT DRT;SKODA YETI 2010-*G/LAMAS FRT DRT;0;;
61;1540;109.196112;1540;109.196112;CATEGORIA0;;1;1;0;1;;SKODA YETI 2010-*G/LAMAS FRT ESQ;SKODA YETI 2010-*G/LAMAS FRT ESQ;0;;
61;1540;109.196130;1540;109.196130;CATEGORIA0;;1;1;0;1;;SKODA YETI 2010-*CAPOT;SKODA YETI 2010-*CAPOT;0;;
61;1540;109.196170;1540;109.196170;CATEGORIA0;;1;1;0;1;;SKODA YETI 2010-*FRENTE (CHAPA);SKODA YETI 2010-*FRENTE (CHAPA);0;;
61;1540;109.196230;1540;109.196230;CATEGORIA0;;1;1;0;1;;SKODA FABIA/ROOMSTER 10-*CAPOT;SKODA FABIA/ROOMSTER 10-*CAPOT;0;;
61;1540;109.196270;1540;109.196270;CATEGORIA0;;1;1;0;1;;SKODA FABIA/ROOMSTER 10-*FRENTE  1.9TDI;SKODA FABIA/ROOMSTER 10-*FRENTE  1.9TDI;0;;
61;1540;109.196330;1540;109.196330;CATEGORIA0;;1;1;0;1;;SKODA CITIGO 12-*CAPOT;SKODA CITIGO 12-*CAPOT;0;;
61;1540;109.196411;1540;109.196411;CATEGORIA0;;1;1;0;1;;SKODA OCTAVIA 13-*G/LAMAS FRT DRT;SKODA OCTAVIA 13-*G/LAMAS FRT DRT;0;;
61;1540;109.196412;1540;109.196412;CATEGORIA0;;1;1;0;1;;SKODA OCTAVIA 13-*G/LAMAS FRT ESQ;SKODA OCTAVIA 13-*G/LAMAS FRT ESQ;0;;
61;1540;109.196430;1540;109.196430;CATEGORIA0;;1;1;0;1;;SKODA OCTAVIA 13-*CAPOT;SKODA OCTAVIA 13-*CAPOT;0;;
61;1540;109.196470;1540;109.196470;CATEGORIA0;;1;1;0;1;;FRENTE SKODA OCTAVIA 13-;FRENTE SKODA OCTAVIA 13-;0;;
61;1540;109.196611;1540;109.196611;CATEGORIA0;;1;1;0;1;;SKODA SUPERB 08-*G/LAMAS FRT DRT;SKODA SUPERB 08-*G/LAMAS FRT DRT;0;;
61;1540;109.196612;1540;109.196612;CATEGORIA0;;1;1;0;1;;SKODA SUPERB 08-*G/LAMAS FRT ESQ;SKODA SUPERB 08-*G/LAMAS FRT ESQ;0;;
61;1540;109.196630;1540;109.196630;CATEGORIA0;;1;1;0;1;;SKODA SUPERB 08-*CAPOT;SKODA SUPERB 08-*CAPOT;0;;
61;1540;109.196670;1540;109.196670;CATEGORIA0;;1;1;0;1;;SKODA SUPERB 08-*FRENTE;SKODA SUPERB 08-*FRENTE;0;;
61;1540;109.196711;1540;109.196711;CATEGORIA0;;1;1;0;1;;SKODA FABIA 2015-*G/LAMAS FRT DRT;SKODA FABIA 2015-*G/LAMAS FRT DRT;0;;
61;1540;109.196712;1540;109.196712;CATEGORIA0;;1;1;0;1;;SKODA FABIA 2015-*G/LAMAS FRT ESQ;SKODA FABIA 2015-*G/LAMAS FRT ESQ;0;;
61;1540;109.196730;1540;109.196730;CATEGORIA0;;1;1;0;1;;SKODA FABIA 2015-*CAPOT;SKODA FABIA 2015-*CAPOT;0;;
61;1540;109.196770;1540;109.196770;CATEGORIA0;;1;1;0;1;;SKODA FABIA 2015-*FRENTE (1.4/1.6/TD);SKODA FABIA 2015-*FRENTE (1.4/1.6/TD);0;;
61;1540;109.196771;1540;109.196771;CATEGORIA0;;1;1;0;1;;SKODA FABIA 2015-*FRENTE (1.0/1.2);SKODA FABIA 2015-*FRENTE (1.0/1.2);0;;
61;1540;109.196780;1540;109.196780;CATEGORIA0;;1;1;0;1;;SKODA FABIA 2015-*SUPORTE FAROL DRT CHAPA;SKODA FABIA 2015-*SUPORTE FAROL DRT CHAPA;0;;
61;1540;109.196781;1540;109.196781;CATEGORIA0;;1;1;0;1;;SKODA FABIA 2015-*SUPORTE FAROL ESQ CHAPA;SKODA FABIA 2015-*SUPORTE FAROL ESQ CHAPA;0;;
61;1540;109.196830;1540;109.196830;CATEGORIA0;;1;1;0;1;;SKODA RAPID 13-*CAPOT;SKODA RAPID 13-*CAPOT;0;;
61;1540;109.197011;1540;109.197011;CATEGORIA0;;1;1;0;1;;SKODA OCTAVIA III 2017.01-*G/LAMAS FRT DRT;SKODA OCTAVIA III 2017.01-*G/LAMAS FRT DRT;0;;
61;1540;109.197012;1540;109.197012;CATEGORIA0;;1;1;0;1;;SKODA OCTAVIA III 2017.01-*G/LAMAS FRT ESQ;SKODA OCTAVIA III 2017.01-*G/LAMAS FRT ESQ;0;;
61;1540;109.197030;1540;109.197030;CATEGORIA0;;1;1;0;1;;SKODA OCTAVIA III 2017.01-*CAPOT;SKODA OCTAVIA III 2017.01-*CAPOT;0;;
61;1540;109.197111;1540;109.197111;CATEGORIA0;;1;1;0;1;;SKODA RAPID/TOLEDO 16-*G/LAMAS FRT DRT S/FURO PISCA;SKODA RAPID/TOLEDO 16-*G/LAMAS FRT DRT S/FURO PISCA;0;;
61;1540;109.197112;1540;109.197112;CATEGORIA0;;1;1;0;1;;SKODA RAPID/TOLEDO 16-*G/LAMAS FRT ESQ S/FURO PISCA;SKODA RAPID/TOLEDO 16-*G/LAMAS FRT ESQ S/FURO PISCA;0;;
61;1540;109.197211;1540;109.197211;CATEGORIA0;;1;1;0;1;;SKODA SUPERB III 2015.03-*G/LAMAS FRT DRT;SKODA SUPERB III 2015.03-*G/LAMAS FRT DRT;0;;
61;1540;109.197212;1540;109.197212;CATEGORIA0;;1;1;0;1;;SKODA SUPERB III 2015.03-*G/LAMAS FRT ESQ;SKODA SUPERB III 2015.03-*G/LAMAS FRT ESQ;0;;
61;1540;109.197230;1540;109.197230;CATEGORIA0;;1;1;0;1;;SKODA SUPERB III 2015.03-*CAPOT;SKODA SUPERB III 2015.03-*CAPOT;0;;
61;1540;109.197411;1540;109.197411;CATEGORIA0;;1;1;0;1;;SKODA KAROQ 2017.07-*G/LAMAS FRT DRT;SKODA KAROQ 2017.07-*G/LAMAS FRT DRT;0;;
61;1540;109.197412;1540;109.197412;CATEGORIA0;;1;1;0;1;;SKODA KAROQ 2017.07-*G/LAMAS FRT ESQ;SKODA KAROQ 2017.07-*G/LAMAS FRT ESQ;0;;
61;1540;109.197430;1540;109.197430;CATEGORIA0;;1;1;0;1;;SKODA KAROQ 2017.07-*CAPOT;SKODA KAROQ 2017.07-*CAPOT;0;;
61;1540;109.197470;1540;109.197470;CATEGORIA0;;1;1;0;1;;SKODA KAROQ 2017.07-*FRENTE;SKODA KAROQ 2017.07-*FRENTE;0;;
61;1540;109.197630;1540;109.197630;CATEGORIA0;;1;1;0;1;;SKODA SCALA 2019.01-*CAPOT;SKODA SCALA 2019.01-*CAPOT;0;;
61;1540;109.197711;1540;109.197711;CATEGORIA0;;1;1;0;1;;SKODA OCTAVIA IV 2020.01-*G/LAMAS FRT DRT;SKODA OCTAVIA IV 2020.01-*G/LAMAS FRT DRT;0;;
61;1540;109.197712;1540;109.197712;CATEGORIA0;;1;1;0;1;;SKODA OCTAVIA IV 2020.01-*G/LAMAS FRT ESQ;SKODA OCTAVIA IV 2020.01-*G/LAMAS FRT ESQ;0;;
61;1540;109.197770;1540;109.197770;CATEGORIA0;;1;1;0;1;;SKODA OCTAVIA IV 2020.01-*FRENTE COMPLETA;SKODA OCTAVIA IV 2020.01-*FRENTE COMPLETA;0;;
61;1540;109.198111;1540;109.198111;CATEGORIA0;;1;1;0;1;;RENAULT LAGUNA 05-*G/LAMAS FRT DRT P/P;RENAULT LAGUNA 05-*G/LAMAS FRT DRT P/P;0;;
61;1540;109.198112;1540;109.198112;CATEGORIA0;;1;1;0;1;;RENAULT LAGUNA 05-*G/LAMAS FRT ESQ P/P;RENAULT LAGUNA 05-*G/LAMAS FRT ESQ P/P;0;;
61;1540;109.198211;1540;109.198211;CATEGORIA0;;1;1;0;1;;RENAULT TWINGO 07-*G/LAMAS FRT DRT;RENAULT TWINGO 07-*G/LAMAS FRT DRT;0;;
61;1540;109.198212;1540;109.198212;CATEGORIA0;;1;1;0;1;;RENAULT TWINGO 07-*G/LAMAS FRT ESQ;RENAULT TWINGO 07-*G/LAMAS FRT ESQ;0;;
61;1540;109.198230;1540;109.198230;CATEGORIA0;;1;1;0;1;;RENAULT TWINGO 07-*CAPOT;RENAULT TWINGO 07-*CAPOT;0;;
61;1540;109.198275;1540;109.198275;CATEGORIA0;;1;1;0;1;;RENAULT TWINGO 07-*TRAVESSA FRT SUP;RENAULT TWINGO 07-*TRAVESSA FRT SUP;0;;
61;1540;109.198276;1540;109.198276;CATEGORIA0;;1;1;0;1;;RENAULT TWINGO 07-*TRAVESSA FRT INF RADIADOR;RENAULT TWINGO 07-*TRAVESSA FRT INF RADIADOR;0;;
61;1540;109.198280;1540;109.198280;CATEGORIA0;;1;1;0;1;;RENAULT TWINGO 07-*MASCARA FAROL DRT;RENAULT TWINGO 07-*MASCARA FAROL DRT;0;;
61;1540;109.198281;1540;109.198281;CATEGORIA0;;1;1;0;1;;RENAULT TWINGO 07-*MASCARA FAROL ESQ;RENAULT TWINGO 07-*MASCARA FAROL ESQ;0;;
61;1540;109.198370;1540;109.198370;CATEGORIA0;;1;1;0;1;;RENAULT TRAF/VIV/PRIM 01-/06-*FRENTE COMPLETA;RENAULT TRAF/VIV/PRIM 01-/06-*FRENTE COMPLETA;0;;
61;1540;109.198375;1540;109.198375;CATEGORIA0;;1;1;0;1;;RENAULT TRAFIC/PRIMASTAR/VIVARO 01-*TRAVESSA RAD INFERIOR;RENAULT TRAFIC/PRIMASTAR/VIVARO 01-*TRAVESSA RAD INFERIOR;0;;
61;1540;109.198377;1540;109.198377;CATEGORIA0;;1;1;0;1;;RENAULT TRAFIC/PRIMASTAR/VIVARO 01-*SUPORTE CHAPA FRENTE;RENAULT TRAFIC/PRIMASTAR/VIVARO 01-*SUPORTE CHAPA FRENTE;0;;
61;1540;109.198470;1540;109.198470;CATEGORIA0;;1;1;0;1;;RENAULT LAGUNA 08-*FRENTE;RENAULT LAGUNA 08-*FRENTE;0;;
61;1540;109.198511;1540;109.198511;CATEGORIA0;;1;1;0;1;;RENAULT KANGOO 2008-*G/LAMAS FRT DRT;RENAULT KANGOO 2008-*G/LAMAS FRT DRT;0;;
61;1540;109.198512;1540;109.198512;CATEGORIA0;;1;1;0;1;;RENAULT KANGOO 2008-*G/LAMAS FRT ESQ;RENAULT KANGOO 2008-*G/LAMAS FRT ESQ;0;;
61;1540;109.198530;1540;109.198530;CATEGORIA0;;1;1;0;1;;RENAULT KANGOO 2008-*CAPOT;RENAULT KANGOO 2008-*CAPOT;0;;
61;1540;109.198570;1540;109.198570;CATEGORIA0;;1;1;0;1;;RENAULT KANGOO 08-/13-/CITAN 12-*FRENTE;RENAULT KANGOO 08-/13-/CITAN 12-*FRENTE;0;;
61;1540;109.198571;1540;109.198571;CATEGORIA0;;1;1;0;1;;RENAULT KANGOO 08-*CHARRIOT(PARTE DA FRENTE);RENAULT KANGOO 08-*CHARRIOT(PARTE DA FRENTE);0;;
61;1540;109.198611;1540;109.198611;CATEGORIA0;;1;1;0;1;;RENAULT MEGANE 08-*G/LAMAS FRT DRT;RENAULT MEGANE 08-*G/LAMAS FRT DRT;0;;
61;1540;109.198612;1540;109.198612;CATEGORIA0;;1;1;0;1;;RENAULT MEGANE HB/SW/COUPE 08-*G/LAMAS FRT ESQ;RENAULT MEGANE HB/SW/COUPE 08-*G/LAMAS FRT ESQ;0;;
61;1540;109.198630;1540;109.198630;CATEGORIA0;;1;1;0;1;;RENAULT MEGANE 08-*CAPOT;RENAULT MEGANE 08-*CAPOT;0;;
61;1540;109.198670;1540;109.198670;CATEGORIA0;;1;1;0;1;;RENAULT MEGANE 08-/14-*FRENTE T/MODELOS;RENAULT MEGANE 08-/14-*FRENTE T/MODELOS;0;;
61;1540;109.198672;1540;109.198672;CATEGORIA0;;1;1;0;1;;RENAULT MEGANE III 2008.10-*CHARRIOT;RENAULT MEGANE III 2008.10-*CHARRIOT;0;;
61;1540;109.198680;1540;109.198680;CATEGORIA0;;1;1;0;1;;RENAULT MEGANE III 2008.10-*MASCARA FAROL DRT;RENAULT MEGANE III 2008.10-*MASCARA FAROL DRT;0;;
61;1540;109.198681;1540;109.198681;CATEGORIA0;;1;1;0;1;;RENAULT MEGANE III 2008.10-*MASCARA FAROL ESQ;RENAULT MEGANE III 2008.10-*MASCARA FAROL ESQ;0;;
61;1540;109.198730;1540;109.198730;CATEGORIA0;;1;1;0;1;;RENAULT CLIO 09-*CAPOT;RENAULT CLIO 09-*CAPOT;0;;
61;1540;109.199111;1540;109.199111;CATEGORIA0;;1;1;0;1;;RENAULT SCENIC 09-*G/LAMAS FRT DRT;RENAULT SCENIC 09-*G/LAMAS FRT DRT;0;;
61;1540;109.199112;1540;109.199112;CATEGORIA0;;1;1;0;1;;RENAULT SCENIC 09-*G/LAMAS FRT ESQ;RENAULT SCENIC 09-*G/LAMAS FRT ESQ;0;;
61;1540;109.199170;1540;109.199170;CATEGORIA0;;1;1;0;1;;RENAULT SCENIC 09-*FRENTE COMPLETA;RENAULT SCENIC 09-*FRENTE COMPLETA;0;;
61;1540;109.199211;1540;109.199211;CATEGORIA0;;1;1;0;1;;RENAULT MASTER/MOVANO 10-*G/LAMAS FRT DRT;RENAULT MASTER/MOVANO 10-*G/LAMAS FRT DRT;0;;
61;1540;109.199230;1540;109.199230;CATEGORIA0;;1;1;0;1;;RENAULT MASTER 10-*CAPOT;RENAULT MASTER 10-*CAPOT;0;;
61;1540;109.199231;1540;109.199231;CATEGORIA0;;1;1;0;1;;RENAULT MASTER 15-*CAPOT;RENAULT MASTER 15-*CAPOT;0;;
61;1540;109.199270;1540;109.199270;CATEGORIA0;;1;1;0;1;;RENAULT MASTER/MOVANO 10-*FRENTE COMPLETA;RENAULT MASTER/MOVANO 10-*FRENTE COMPLETA;0;;
61;1540;109.199411;1540;109.199411;CATEGORIA0;;1;1;0;1;;RENAULT FLUENCE 10-*G/LAMAS FRT DRT;RENAULT FLUENCE 10-*G/LAMAS FRT DRT;0;;
61;1540;109.199412;1540;109.199412;CATEGORIA0;;1;1;0;1;;RENAULT FLUENCE 10-*G/LAMAS FRT ESQ;RENAULT FLUENCE 10-*G/LAMAS FRT ESQ;0;;
61;1540;109.199430;1540;109.199430;CATEGORIA0;;1;1;0;1;;RENAULT FLUENCE 10-*CAPOT;RENAULT FLUENCE 10-*CAPOT;0;;
61;1540;109.199611;1540;109.199611;CATEGORIA0;;1;1;0;1;;RENAULT CLIO 13-*G/LAMAS FRT DRT;RENAULT CLIO 13-*G/LAMAS FRT DRT;0;;
61;1540;109.199612;1540;109.199612;CATEGORIA0;;1;1;0;1;;RENAULT CLIO 13-*G/LAMAS FRT ESQ.;RENAULT CLIO 13-*G/LAMAS FRT ESQ.;0;;
61;1540;109.199630;1540;109.199630;CATEGORIA0;;1;1;0;1;;CAPOT DO MOTOR;CAPOT DO MOTOR;0;;
61;1540;109.199671;1540;109.199671;CATEGORIA0;;1;1;0;1;;RENAULT CLIO 13-*CHARRIOT(PARTE DA FRENTE);RENAULT CLIO 13-*CHARRIOT(PARTE DA FRENTE);0;;
61;1540;109.199672;1540;109.199672;CATEGORIA0;;1;1;0;1;;RENAULT CLIO 13-*CHARRIOT;RENAULT CLIO 13-*CHARRIOT;0;;
61;1540;109.199675;1540;109.199675;CATEGORIA0;;1;1;0;1;;RENAULT CLIO/CAPTUR 13-*TRAVESSA FRT SUP;RENAULT CLIO/CAPTUR 13-*TRAVESSA FRT SUP;0;;
61;1540;109.199690;1540;109.199690;CATEGORIA0;;1;1;0;1;;RENAULT CLIO 13-*TRASEIRA(PARTE INTERIOR);RENAULT CLIO 13-*TRASEIRA(PARTE INTERIOR);0;;
61;1540;109.199691;1540;109.199691;CATEGORIA0;;1;1;0;1;;RENAULT CLIO 13-*TRASEIRA(PARTE EXTERIOR);RENAULT CLIO 13-*TRASEIRA(PARTE EXTERIOR);0;;
61;1540;109.199711;1540;109.199711;CATEGORIA0;;1;1;0;1;;RENAULT CAPTUR 13-*G/LAMAS FRT DRT;RENAULT CAPTUR 13-*G/LAMAS FRT DRT;0;;
61;1540;109.199712;1540;109.199712;CATEGORIA0;;1;1;0;1;;RENAULT CAPTUR 13-*G/LAMAS FRT ESQ;RENAULT CAPTUR 13-*G/LAMAS FRT ESQ;0;;
61;1540;109.199730;1540;109.199730;CATEGORIA0;;1;1;0;1;;RENAULT CAPTUR 13-*CAPOT;RENAULT CAPTUR 13-*CAPOT;0;;
61;1540;109.199771;1540;109.199771;CATEGORIA0;;1;1;0;1;;CAPTUR 13- CHARRIOT (PARTE DE FRT.);CAPTUR 13- CHARRIOT (PARTE DE FRT.);0;;
61;1540;109.199772;1540;109.199772;CATEGORIA0;;1;1;0;1;;RENAULT CAPTUR 13-*CHARRIOT;RENAULT CAPTUR 13-*CHARRIOT;0;;
61;1540;109.199811;1540;109.199811;CATEGORIA0;;1;1;0;1;;RENAULT SCENIC 12-*G/LAMAS FRT DRT;RENAULT SCENIC 12-*G/LAMAS FRT DRT;0;;
61;1540;109.199812;1540;109.199812;CATEGORIA0;;1;1;0;1;;RENAULT SCENIC 12-*G/LAMAS FRT ESQ;RENAULT SCENIC 12-*G/LAMAS FRT ESQ;0;;
61;1540;109.199911;1540;109.199911;CATEGORIA0;;1;1;0;1;;RENAULT KANGOO 2013-*G/LAMAS FRT DRT.;RENAULT KANGOO 2013-*G/LAMAS FRT DRT.;0;;
61;1540;109.199912;1540;109.199912;CATEGORIA0;;1;1;0;1;;RENAULT KANGOO 2013-*G/LAMAS FRT ESQ;RENAULT KANGOO 2013-*G/LAMAS FRT ESQ;0;;
61;1540;109.199930;1540;109.199930;CATEGORIA0;;1;1;0;1;;RENAULT KANGOO 2013-*CAPOT;RENAULT KANGOO 2013-*CAPOT;0;;
61;1540;109.199975;1540;109.199975;CATEGORIA0;;1;1;0;1;;TRAVESSA RADIADOR;TRAVESSA RADIADOR;0;;
61;1540;109.200475;1540;109.200475;CATEGORIA0;;1;1;0;1;;ROVER 111*TRAVESSA INF;ROVER 111*TRAVESSA INF;0;;
61;1540;109.200490;1540;109.200490;CATEGORIA0;;1;1;0;1;;ROVER 111*TRASEIRA;ROVER 111*TRASEIRA;0;;
61;1540;109.200811;1540;109.200811;CATEGORIA0;;1;1;0;1;;ROVER 200 96-*G/LAMAS FRT DRT;ROVER 200 96-*G/LAMAS FRT DRT;0;;
61;1540;109.200812;1540;109.200812;CATEGORIA0;;1;1;0;1;;ROVER 200 96-*G/LAMAS FRT ESQ;ROVER 200 96-*G/LAMAS FRT ESQ;0;;
61;1540;109.200830;1540;109.200830;CATEGORIA0;;1;1;0;1;;ROVER 200 96-*CAPOT;ROVER 200 96-*CAPOT;0;;
61;1540;109.200870;1540;109.200870;CATEGORIA0;;1;1;0;1;;ROVER 200 96-*FRENTE COMPLETA;ROVER 200 96-*FRENTE COMPLETA;0;;
61;1540;109.200911;1540;109.200911;CATEGORIA0;;1;1;0;1;;ROVER 400 96-*G/LAMAS FRT DRT;ROVER 400 96-*G/LAMAS FRT DRT;0;;
61;1540;109.200912;1540;109.200912;CATEGORIA0;;1;1;0;1;;ROVER 400 96-*G/LAMAS FRT ESQ;ROVER 400 96-*G/LAMAS FRT ESQ;0;;
61;1540;109.200930;1540;109.200930;CATEGORIA0;;1;1;0;1;;ROVER 400 96-*CAPOT;ROVER 400 96-*CAPOT;0;;
61;1540;109.200970;1540;109.200970;CATEGORIA0;;1;1;0;1;;ROVER 400 96-*FRENTE COMPLETA;ROVER 400 96-*FRENTE COMPLETA;0;;
61;1540;109.201111;1540;109.201111;CATEGORIA0;;1;1;0;1;;ROVER 25 00-*G/LAMAS FRENTE DRT;ROVER 25 00-*G/LAMAS FRENTE DRT;0;;
61;1540;109.201112;1540;109.201112;CATEGORIA0;;1;1;0;1;;ROVER 25 00-*G/LAMAS FRT ESQ;ROVER 25 00-*G/LAMAS FRT ESQ;0;;
61;1540;109.201170;1540;109.201170;CATEGORIA0;;1;1;0;1;;ROVER 25 00-*FRENTE COMPLETA;ROVER 25 00-*FRENTE COMPLETA;0;;
61;1540;109.201175;1540;109.201175;CATEGORIA0;;1;1;0;1;;ROVER 25 00-*TRAVESSA RAD INF;ROVER 25 00-*TRAVESSA RAD INF;0;;
61;1540;109.201512;1540;109.201512;CATEGORIA0;;1;1;0;1;;LAND ROVER FREELANDER 97-06*G/LAMAS FRT ESQ;LAND ROVER FREELANDER 97-06*G/LAMAS FRT ESQ;0;;
61;1540;109.201611;1540;109.201611;CATEGORIA0;;1;1;0;1;;ROVER 75 99-*G/LAMAS FRT DRT;ROVER 75 99-*G/LAMAS FRT DRT;0;;
61;1540;109.201612;1540;109.201612;CATEGORIA0;;1;1;0;1;;ROVER 75 99-*G/LAMAS FRT ESQ;ROVER 75 99-*G/LAMAS FRT ESQ;0;;
61;1540;109.201630;1540;109.201630;CATEGORIA0;;1;1;0;1;;ROVER 75 99-*CAPOT;ROVER 75 99-*CAPOT;0;;
61;1540;109.210312;1540;109.210312;CATEGORIA0;;1;1;0;1;;SEAT MALAGA 85-*G/LAMAS FRT ESQ;SEAT MALAGA 85-*G/LAMAS FRT ESQ;0;;
61;1540;109.210421;1540;109.210421;CATEGORIA0;;1;1;0;1;;SEAT IBIZA 84-93*G/LAMAS TRÁS DRT (3P);SEAT IBIZA 84-93*G/LAMAS TRÁS DRT (3P);0;;
61;1540;109.210430;1540;109.210430;CATEGORIA0;;1;1;0;1;;SEAT IBIZA 84-90*CAPOT;SEAT IBIZA 84-90*CAPOT;0;;
61;1540;109.210470;1540;109.210470;CATEGORIA0;;1;1;0;1;;SEAT IBIZA 84-90*FRENTE;SEAT IBIZA 84-90*FRENTE;0;;
61;1540;109.210670;1540;109.210670;CATEGORIA0;;1;1;0;1;;SEAT IBIZA 91-*FRENTE;SEAT IBIZA 91-*FRENTE;0;;
61;1540;109.210711;1540;109.210711;CATEGORIA0;;1;1;0;1;;SEAT IBIZA 93-*G/LAMAS FRT DRT(RECTANGULAR);SEAT IBIZA 93-*G/LAMAS FRT DRT(RECTANGULAR);0;;
61;1540;109.210712;1540;109.210712;CATEGORIA0;;1;1;0;1;;SEAT IBIZA 93-*G/LAMAS FRT ESQ(RECTANGULAR);SEAT IBIZA 93-*G/LAMAS FRT ESQ(RECTANGULAR);0;;
61;1540;109.210721;1540;109.210721;CATEGORIA0;;1;1;0;1;;SEAT IBIZA 93-*G/LAMAS TRÁS DRT (3P);SEAT IBIZA 93-*G/LAMAS TRÁS DRT (3P);0;;
61;1540;109.210722;1540;109.210722;CATEGORIA0;;1;1;0;1;;SEAT IBIZA 93-*G/LAMAS TRÁS ESQ (3P);SEAT IBIZA 93-*G/LAMAS TRÁS ESQ (3P);0;;
61;1540;109.210730;1540;109.210730;CATEGORIA0;;1;1;0;1;;SEAT IBIZA/CADDY/INCA/POLO CLASSIC 93-98*CAPOT;SEAT IBIZA/CADDY/INCA/POLO CLASSIC 93-98*CAPOT;0;;
61;1540;109.210770;1540;109.210770;CATEGORIA0;;1;1;0;1;;SEAT IBIZA 93-*FRENTE 1.3, 1.4;SEAT IBIZA 93-*FRENTE 1.3, 1.4;0;;
61;1540;109.210771;1540;109.210771;CATEGORIA0;;1;1;0;1;;SEAT IBIZA 93-*FRENTE (1.6, 1.8);SEAT IBIZA 93-*FRENTE (1.6, 1.8);0;;
61;1540;109.210772;1540;109.210772;CATEGORIA0;;1;1;0;1;;SEAT IBIZA 93-*FRENTE (DIESEL);SEAT IBIZA 93-*FRENTE (DIESEL);0;;
61;1540;109.210773;1540;109.210773;CATEGORIA0;;1;1;0;1;;SEAT IBIZA 93-*FRENTE (TD C/AC);SEAT IBIZA 93-*FRENTE (TD C/AC);0;;
61;1540;109.210774;1540;109.210774;CATEGORIA0;;1;1;0;1;;SEAT IBIZA/POLO 1.6/19D 97-*FRENTE S/AC;SEAT IBIZA/POLO 1.6/19D 97-*FRENTE S/AC;0;;
61;1540;109.210775;1540;109.210775;CATEGORIA0;;1;1;0;1;;SEAT IBIZA/CADDY/INCA 97-*FRENTE C/AC 1.9D;SEAT IBIZA/CADDY/INCA 97-*FRENTE C/AC 1.9D;0;;
61;1540;109.210776;1540;109.210776;CATEGORIA0;;1;1;0;1;;SEAT IBIZA/POLO CL 97-*FRENTE 1.1/1.4;SEAT IBIZA/POLO CL 97-*FRENTE 1.1/1.4;0;;
61;1540;109.210777;1540;109.210777;CATEGORIA0;;1;1;0;1;;SEAT IBIZA/CADDY/INCA 97-*FRENTE 1.6/1.8;SEAT IBIZA/CADDY/INCA 97-*FRENTE 1.6/1.8;0;;
61;1540;109.210811;1540;109.210811;CATEGORIA0;;1;1;0;1;;SEAT IBIZA 93-*G/L DRT OVAL;SEAT IBIZA 93-*G/L DRT OVAL;0;;
61;1540;109.210911;1540;109.210911;CATEGORIA0;;1;1;0;1;;SEAT IBIZA/CORDOBA 97-*G/LAMAS FRT DRT;SEAT IBIZA/CORDOBA 97-*G/LAMAS FRT DRT;0;;
61;1540;109.210912;1540;109.210912;CATEGORIA0;;1;1;0;1;;SEAT IBIZA/CORDOBA 97-*G/LAMAS FRT ESQ;SEAT IBIZA/CORDOBA 97-*G/LAMAS FRT ESQ;0;;
61;1540;109.210921;1540;109.210921;CATEGORIA0;;1;1;0;1;;SEAT IBIZA 97-*G/LAMAS TRÁS DRT (3P);SEAT IBIZA 97-*G/LAMAS TRÁS DRT (3P);0;;
61;1540;109.210922;1540;109.210922;CATEGORIA0;;1;1;0;1;;SEAT IBIZA 97-*G/LAMAS TRÁS ESQ (3P);SEAT IBIZA 97-*G/LAMAS TRÁS ESQ (3P);0;;
61;1540;109.210990;1540;109.210990;CATEGORIA0;;1;1;0;1;;SEAT IBIZA 97-*TRASEIRA;SEAT IBIZA 97-*TRASEIRA;0;;
61;1540;109.211011;1540;109.211011;CATEGORIA0;;1;1;0;1;;SEAT TOLEDO 91-*G/LAMAS DRT (RECTANGULAR);SEAT TOLEDO 91-*G/LAMAS DRT (RECTANGULAR);0;;
61;1540;109.211012;1540;109.211012;CATEGORIA0;;1;1;0;1;;SEAT TOLEDO 91-*G/LAMAS ESQ (RECTANGULAR);SEAT TOLEDO 91-*G/LAMAS ESQ (RECTANGULAR);0;;
61;1540;109.211013;1540;109.211013;CATEGORIA0;;1;1;0;1;;SEAT TOLEDO 95-*G/LAMAS FRT DRT (OVAL);SEAT TOLEDO 95-*G/LAMAS FRT DRT (OVAL);0;;
61;1540;109.211014;1540;109.211014;CATEGORIA0;;1;1;0;1;;SEAT TOLEDO 95-*G/LAMAS FRT ESQ (OVAL);SEAT TOLEDO 95-*G/LAMAS FRT ESQ (OVAL);0;;
61;1540;109.211030;1540;109.211030;CATEGORIA0;;1;1;0;1;;SEAT TOLEDO 91-*CAPOT;SEAT TOLEDO 91-*CAPOT;0;;
61;1540;109.211070;1540;109.211070;CATEGORIA0;;1;1;0;1;;SEAT TOLEDO 91-*FRENTE;SEAT TOLEDO 91-*FRENTE;0;;
61;1540;109.211071;1540;109.211071;CATEGORIA0;;1;1;0;1;;SEAT TOLEDO 95-*FRENTE;SEAT TOLEDO 95-*FRENTE;0;;
61;1540;109.211075;1540;109.211075;CATEGORIA0;;1;1;0;1;;SEAT TOLEDO 91-*FRISO INF GRELHA;SEAT TOLEDO 91-*FRISO INF GRELHA;0;;
61;1540;109.211211;1540;109.211211;CATEGORIA0;;1;1;0;1;;SEAT IBIZA 99-*G/LAMAS FRT DRT;SEAT IBIZA 99-*G/LAMAS FRT DRT;0;;
61;1540;109.211212;1540;109.211212;CATEGORIA0;;1;1;0;1;;SEAT IBIZA 99-*G/LAMAS FRT ESQ;SEAT IBIZA 99-*G/LAMAS FRT ESQ;0;;
61;1540;109.211230;1540;109.211230;CATEGORIA0;;1;1;0;1;;SEAT IBIZA 99-*CAPOT;SEAT IBIZA 99-*CAPOT;0;;
61;1540;109.211270;1540;109.211270;CATEGORIA0;;1;1;0;1;;SEAT IBIZA 99-*FRENTE COMPLETA;SEAT IBIZA 99-*FRENTE COMPLETA;0;;
61;1540;109.211311;1540;109.211311;CATEGORIA0;;1;1;0;1;;SEAT TOLEDO/LEON 99-*G/LAMAS FRT DRT;SEAT TOLEDO/LEON 99-*G/LAMAS FRT DRT;0;;
61;1540;109.211312;1540;109.211312;CATEGORIA0;;1;1;0;1;;SEAT TOLEDO/LEON 99-*G/LAMAS FRT ESQ;SEAT TOLEDO/LEON 99-*G/LAMAS FRT ESQ;0;;
61;1540;109.211330;1540;109.211330;CATEGORIA0;;1;1;0;1;;SEAT TOLEDO/LEON 99-*CAPOT;SEAT TOLEDO/LEON 99-*CAPOT;0;;
61;1540;109.211370;1540;109.211370;CATEGORIA0;;1;1;0;1;;SEAT TOLEDO/LEON 99-*FRENTE COMPLETA (S/AC);SEAT TOLEDO/LEON 99-*FRENTE COMPLETA (S/AC);0;;
61;1540;109.211371;1540;109.211371;CATEGORIA0;;1;1;0;1;;SEAT TOLEDO/LEON 99-*FRENTE COMPLET C/AC;SEAT TOLEDO/LEON 99-*FRENTE COMPLET C/AC;0;;
61;1540;109.211372;1540;109.211372;CATEGORIA0;;1;1;0;1;;SEAT TOLEDO/LEON 99-*FRENTE COMPLETA (150 CV);SEAT TOLEDO/LEON 99-*FRENTE COMPLETA (150 CV);0;;
61;1540;109.211711;1540;109.211711;CATEGORIA0;;1;1;0;1;;SEAT IBIZA 02- * G/LAMAS FR. DRT.;SEAT IBIZA 02- * G/LAMAS FR. DRT.;0;;
61;1540;109.211712;1540;109.211712;CATEGORIA0;;1;1;0;1;;SEAT IBIZA 02-*G/LAMAS FRT ESQ;SEAT IBIZA 02-*G/LAMAS FRT ESQ;0;;
61;1540;109.211730;1540;109.211730;CATEGORIA0;;1;1;0;1;;SEAT IBIZA 02-*CAPOT;SEAT IBIZA 02-*CAPOT;0;;
61;1540;109.211770;1540;109.211770;CATEGORIA0;;1;1;0;1;;SEAT IBIZA/CORDOBA 02-*FRENTE COMPLETA (S/AC);SEAT IBIZA/CORDOBA 02-*FRENTE COMPLETA (S/AC);0;;
61;1540;109.211771;1540;109.211771;CATEGORIA0;;1;1;0;1;;SEAT IBIZA/CORDOBA 02-*FRENTE COMPLETA COM A/C;SEAT IBIZA/CORDOBA 02-*FRENTE COMPLETA COM A/C;0;;
61;1540;109.211775;1540;109.211775;CATEGORIA0;;1;1;0;1;;SEAT IBIZA 02-*TRAVESSA FRT INF(REFORÇO P/CH);SEAT IBIZA 02-*TRAVESSA FRT INF(REFORÇO P/CH);0;;
61;1540;109.211911;1540;109.211911;CATEGORIA0;;1;1;0;1;;SEAT ALTEA 04-/TOLEDO 05-*G/LAMAS FRT DRT;SEAT ALTEA 04-/TOLEDO 05-*G/LAMAS FRT DRT;0;;
61;1540;109.211912;1540;109.211912;CATEGORIA0;;1;1;0;1;;SEAT ALTEA 04-/TOLEDO 05-*G/LAMAS FRT ESQ;SEAT ALTEA 04-/TOLEDO 05-*G/LAMAS FRT ESQ;0;;
61;1540;109.211930;1540;109.211930;CATEGORIA0;;1;1;0;1;;SEAT ALTEA 04-/TOLEDO 05-*CAPOT;SEAT ALTEA 04-/TOLEDO 05-*CAPOT;0;;
61;1540;109.211970;1540;109.211970;CATEGORIA0;;1;1;0;1;;SEAT ALTEA 04-/TOLEDO 05-**FRENTE COMPLETA;SEAT ALTEA 04-/TOLEDO 05-**FRENTE COMPLETA;0;;
61;1540;109.212111;1540;109.212111;CATEGORIA0;;1;1;0;1;;SEAT LEON 05-*G/LAMAS FRT DRT;SEAT LEON 05-*G/LAMAS FRT DRT;0;;
61;1540;109.212112;1540;109.212112;CATEGORIA0;;1;1;0;1;;SEAT LEON 05-*G/LAMAS FRT ESQ;SEAT LEON 05-*G/LAMAS FRT ESQ;0;;
61;1540;109.212130;1540;109.212130;CATEGORIA0;;1;1;0;1;;SEAT LEON 05-*CAPOT;SEAT LEON 05-*CAPOT;0;;
61;1540;109.212170;1540;109.212170;CATEGORIA0;;1;1;0;1;;SEAT LEON 05-*FRENTE;SEAT LEON 05-*FRENTE;0;;
61;1540;109.212411;1540;109.212411;CATEGORIA0;;1;1;0;1;;SEAT IBIZA 08-*G/LAMAS FRT DRT;SEAT IBIZA 08-*G/LAMAS FRT DRT;0;;
61;1540;109.212412;1540;109.212412;CATEGORIA0;;1;1;0;1;;SEAT IBIZA 08-*G/LAMAS FRT ESQ;SEAT IBIZA 08-*G/LAMAS FRT ESQ;0;;
61;1540;109.212430;1540;109.212430;CATEGORIA0;;1;1;0;1;;SEAT IBIZA 08-*CAPOT;SEAT IBIZA 08-*CAPOT;0;;
61;1540;109.212470;1540;109.212470;CATEGORIA0;;1;1;0;1;;SEAT IBIZA 08-*FRENTE COMPLETA (S/AC)(T/MOD EXCEPTO CUPRA);SEAT IBIZA 08-*FRENTE COMPLETA (S/AC)(T/MOD EXCEPTO CUPRA);0;;
61;1540;109.212471;1540;109.212471;CATEGORIA0;;1;1;0;1;;SEAT IBIZA 08-*FRENTE CPL.C/AC T/MOD.EXC CUPRA;SEAT IBIZA 08-*FRENTE CPL.C/AC T/MOD.EXC CUPRA;0;;
61;1540;109.212830;1540;109.212830;CATEGORIA0;;1;1;0;1;;SEAT MII 12-*CAPOT;SEAT MII 12-*CAPOT;0;;
61;1540;109.212930;1540;109.212930;CATEGORIA0;;1;1;0;1;;SEAT ALHAMBRA 10-*CAPOT;SEAT ALHAMBRA 10-*CAPOT;0;;
61;1540;109.213130;1540;109.213130;CATEGORIA0;;1;1;0;1;;SEAT IBIZA 12-*CAPOT;SEAT IBIZA 12-*CAPOT;0;;
61;1540;109.213170;1540;109.213170;CATEGORIA0;;1;1;0;1;;SEAT IBIZA 12-*FRENTE;SEAT IBIZA 12-*FRENTE;0;;
61;1540;109.213211;1540;109.213211;CATEGORIA0;;1;1;0;1;;SEAT TOLEDO/RAPID 12-*G/LAMAS FRT DRT C/FURO PISCA;SEAT TOLEDO/RAPID 12-*G/LAMAS FRT DRT C/FURO PISCA;0;;
61;1540;109.213212;1540;109.213212;CATEGORIA0;;1;1;0;1;;SEAT TOLEDO/RAPID 12-*G/LAMAS FRT ESQ C/FURO PISCA;SEAT TOLEDO/RAPID 12-*G/LAMAS FRT ESQ C/FURO PISCA;0;;
61;1540;109.213230;1540;109.213230;CATEGORIA0;;1;1;0;1;;SEAT TOLEDO 12-*CAPOT (CHAPA);SEAT TOLEDO 12-*CAPOT (CHAPA);0;;
61;1540;109.213270;1540;109.213270;CATEGORIA0;;1;1;0;1;;SEAT TOLEDO/RAPID 12-*FRENTE COMPLETA;SEAT TOLEDO/RAPID 12-*FRENTE COMPLETA;0;;
61;1540;109.213311;1540;109.213311;CATEGORIA0;;1;1;0;1;;SEAT LEON 12-*G/LAMAS FRT DRT(CHAPA);SEAT LEON 12-*G/LAMAS FRT DRT(CHAPA);0;;
61;1540;109.213312;1540;109.213312;CATEGORIA0;;1;1;0;1;;SEAT LEON 12-*G/LAMAS FRT ESQ(CHAPA);SEAT LEON 12-*G/LAMAS FRT ESQ(CHAPA);0;;
61;1540;109.213330;1540;109.213330;CATEGORIA0;;1;1;0;1;;SEAT LEON 12-*CAPOT(CHAPA);SEAT LEON 12-*CAPOT(CHAPA);0;;
61;1540;109.213370;1540;109.213370;CATEGORIA0;;1;1;0;1;;SEAT LEON 12-*FRENTE 1.4/1.8/2.0/1.6D/2.0D;SEAT LEON 12-*FRENTE 1.4/1.8/2.0/1.6D/2.0D;0;;
61;1540;109.213380;1540;109.213380;CATEGORIA0;;1;1;0;1;;SEAT LEON 12-*TRAVESSA RAD SUP DRT;SEAT LEON 12-*TRAVESSA RAD SUP DRT;0;;
61;1540;109.213381;1540;109.213381;CATEGORIA0;;1;1;0;1;;SEAT LEON 12-*TRAVESSA RAD SUP ESQ;SEAT LEON 12-*TRAVESSA RAD SUP ESQ;0;;
61;1540;109.213470;1540;109.213470;CATEGORIA0;;1;1;0;1;;SEAT IBIZA 15-*FRENTE COMPLETA (S/AC);SEAT IBIZA 15-*FRENTE COMPLETA (S/AC);0;;
61;1540;109.213471;1540;109.213471;CATEGORIA0;;1;1;0;1;;FRENTE;FRENTE;0;;
61;1540;109.213472;1540;109.213472;CATEGORIA0;;1;1;0;1;;SEAT IBIZA 15-*FRENTE COMPLETA 4CIL GASOLINA 2.0/TSI;SEAT IBIZA 15-*FRENTE COMPLETA 4CIL GASOLINA 2.0/TSI;0;;
61;1540;109.213473;1540;109.213473;CATEGORIA0;;1;1;0;1;;SEAT IBIZA 15-*FRENTE COMPLETA CUPRA/1.8 GASOLINA;SEAT IBIZA 15-*FRENTE COMPLETA CUPRA/1.8 GASOLINA;0;;
61;1540;109.213511;1540;109.213511;CATEGORIA0;;1;1;0;1;;SEAT ATECA 16-*G/LAMAS FRT DRT;SEAT ATECA 16-*G/LAMAS FRT DRT;0;;
61;1540;109.213512;1540;109.213512;CATEGORIA0;;1;1;0;1;;SEAT ATECA 16-*G/LAMAS FRT ESQ;SEAT ATECA 16-*G/LAMAS FRT ESQ;0;;
61;1540;109.213530;1540;109.213530;CATEGORIA0;;1;1;0;1;;SEAT ATECA 16-*CAPOT;SEAT ATECA 16-*CAPOT;0;;
61;1540;109.213570;1540;109.213570;CATEGORIA0;;1;1;0;1;;SEAT ATECA 16-*FRENTE;SEAT ATECA 16-*FRENTE;0;;
61;1540;109.213571;1540;109.213571;CATEGORIA0;;1;1;0;1;;SEAT ATECA 16-*FRENTE(MOD TSI);SEAT ATECA 16-*FRENTE(MOD TSI);0;;
61;1540;109.213630;1540;109.213630;CATEGORIA0;;1;1;0;1;;SEAT LEON 17-*CAPOT (CHAPA);SEAT LEON 17-*CAPOT (CHAPA);0;;
61;1540;109.213711;1540;109.213711;CATEGORIA0;;1;1;0;1;;SEAT IBIZA 17-*G/LAMAS FRT DRT;SEAT IBIZA 17-*G/LAMAS FRT DRT;0;;
61;1540;109.213712;1540;109.213712;CATEGORIA0;;1;1;0;1;;SEAT IBIZA 17-*G/LAMAS FRT ESQ;SEAT IBIZA 17-*G/LAMAS FRT ESQ;0;;
61;1540;109.213730;1540;109.213730;CATEGORIA0;;1;1;0;1;;SEAT IBIZA 17-*CAPOT;SEAT IBIZA 17-*CAPOT;0;;
61;1540;109.213770;1540;109.213770;CATEGORIA0;;1;1;0;1;;FRENTE;FRENTE;0;;
61;1540;109.213771;1540;109.213771;CATEGORIA0;;1;1;0;1;;SEAT IBIZA 17-*FRENTE COMPLETA C/AC (1.5/1.6/1.6D);SEAT IBIZA 17-*FRENTE COMPLETA C/AC (1.5/1.6/1.6D);0;;
61;1540;109.213772;1540;109.213772;CATEGORIA0;;1;1;0;1;;SEAT IBIZA 17-*FRENTE COMPLETA GASOLINA 3CIL;SEAT IBIZA 17-*FRENTE COMPLETA GASOLINA 3CIL;0;;
61;1540;109.213780;1540;109.213780;CATEGORIA0;;1;1;0;1;;SEAT IBIZA 17-*MASCARA FAROL INF DRT;SEAT IBIZA 17-*MASCARA FAROL INF DRT;0;;
61;1540;109.213781;1540;109.213781;CATEGORIA0;;1;1;0;1;;SEAT IBIZA 17-*MASCARA FAROL INF ESQ;SEAT IBIZA 17-*MASCARA FAROL INF ESQ;0;;
61;1540;109.213811;1540;109.213811;CATEGORIA0;;1;1;0;1;;SEAT ARONA 2017.07-*G/LAMAS FRT DRT;SEAT ARONA 2017.07-*G/LAMAS FRT DRT;0;;
61;1540;109.213812;1540;109.213812;CATEGORIA0;;1;1;0;1;;SEAT ARONA 2017.07-*G/LAMAS FRT ESQ;SEAT ARONA 2017.07-*G/LAMAS FRT ESQ;0;;
61;1540;109.213830;1540;109.213830;CATEGORIA0;;1;1;0;1;;SEAT ARONA 2017.07-*CAPOT;SEAT ARONA 2017.07-*CAPOT;0;;
61;1540;109.213870;1540;109.213870;CATEGORIA0;;1;1;0;1;;SEAT ARONA 2017.07-**FRENTE COMPLETA(5 VELOCIDADES);SEAT ARONA 2017.07-**FRENTE COMPLETA(5 VELOCIDADES);0;;
61;1540;109.213871;1540;109.213871;CATEGORIA0;;1;1;0;1;;SEAT ARONA 2017.07-**FRENTE COMPLETA(6/7 VELOCIDADES);SEAT ARONA 2017.07-**FRENTE COMPLETA(6/7 VELOCIDADES);0;;
61;1540;109.213911;1540;109.213911;CATEGORIA0;;1;1;0;1;;SEAT LEON 2019.11-*G/LAMAS FRT DRT;SEAT LEON 2019.11-*G/LAMAS FRT DRT;0;;
61;1540;109.213912;1540;109.213912;CATEGORIA0;;1;1;0;1;;SEAT LEON 2019.11-*G/LAMAS FRT ESQ;SEAT LEON 2019.11-*G/LAMAS FRT ESQ;0;;
61;1540;109.220111;1540;109.220111;CATEGORIA0;;1;1;0;1;;SAAB 9-3 02-*-*G/LAMAS FRT DRT;SAAB 9-3 02-*-*G/LAMAS FRT DRT;0;;
61;1540;109.220112;1540;109.220112;CATEGORIA0;;1;1;0;1;;SAAB 9-3 02-*-*G/LAMAS FRT ESQ;SAAB 9-3 02-*-*G/LAMAS FRT ESQ;0;;
61;1540;109.230370;1540;109.230370;CATEGORIA0;;1;1;0;1;;VW GOLF 83-*FRENTE SUP;VW GOLF 83-*FRENTE SUP;0;;
61;1540;109.230375;1540;109.230375;CATEGORIA0;;1;1;0;1;;VW GOLF 83-*FRENTE INF;VW GOLF 83-*FRENTE INF;0;;
61;1540;109.230376;1540;109.230376;CATEGORIA0;;1;1;0;1;;VW GOLF 83-*TRAVESSA SUP RADIADOR;VW GOLF 83-*TRAVESSA SUP RADIADOR;0;;
61;1540;109.230377;1540;109.230377;CATEGORIA0;;1;1;0;1;;VW GOLF 83-*FRISO INF GRELHA;VW GOLF 83-*FRISO INF GRELHA;0;;
61;1540;109.230395;1540;109.230395;CATEGORIA0;;1;1;0;1;;VW GOLF 84-*EMBALADEIRA ESQ (5P);VW GOLF 84-*EMBALADEIRA ESQ (5P);0;;
61;1540;109.230511;1540;109.230511;CATEGORIA0;;1;1;0;1;;VW GOLF 88-*G/LAMAS FRT DRT;VW GOLF 88-*G/LAMAS FRT DRT;0;;
61;1540;109.230512;1540;109.230512;CATEGORIA0;;1;1;0;1;;VW GOLF 88-*G/LAMAS FR. ESQ.;VW GOLF 88-*G/LAMAS FR. ESQ.;0;;
61;1540;109.230530;1540;109.230530;CATEGORIA0;;1;1;0;1;;VW GOLF 88-*CAPOT;VW GOLF 88-*CAPOT;0;;
61;1540;109.230531;1540;109.230531;CATEGORIA0;;1;1;0;1;;VW GOLF 84-*DOBRADICA CAPOT DRT/ESQ;VW GOLF 84-*DOBRADICA CAPOT DRT/ESQ;0;;
61;1540;109.230590;1540;109.230590;CATEGORIA0;;1;1;0;1;;VW GOLF 88-*TRASEIRA;VW GOLF 88-*TRASEIRA;0;;
61;1540;109.230612;1540;109.230612;CATEGORIA0;;1;1;0;1;;VW GOLF 91-*G.LAMAS ESQ;VW GOLF 91-*G.LAMAS ESQ;0;;
61;1540;109.230630;1540;109.230630;CATEGORIA0;;1;1;0;1;;VW GOLF 91-*CAPOT;VW GOLF 91-*CAPOT;0;;
61;1540;109.230643;1540;109.230643;CATEGORIA0;;1;1;0;1;;VW GOLF 91-*LONGARINA DRT;VW GOLF 91-*LONGARINA DRT;0;;
61;1540;109.230644;1540;109.230644;CATEGORIA0;;1;1;0;1;;VW GOLF 91-*LONGARINA ESQ;VW GOLF 91-*LONGARINA ESQ;0;;
61;1540;109.230670;1540;109.230670;CATEGORIA0;;1;1;0;1;;VW GOLF 91-*FRENTE (FIBRA 1400);VW GOLF 91-*FRENTE (FIBRA 1400);0;;
61;1540;109.230671;1540;109.230671;CATEGORIA0;;1;1;0;1;;VW GOLF 91-*FRENTE (FIBRA 1800 CC);VW GOLF 91-*FRENTE (FIBRA 1800 CC);0;;
61;1540;109.230672;1540;109.230672;CATEGORIA0;;1;1;0;1;;VW GOLF 91-*FRENTE CPL TURBO/DIESEL;VW GOLF 91-*FRENTE CPL TURBO/DIESEL;0;;
61;1540;109.230673;1540;109.230673;CATEGORIA0;;1;1;0;1;;VW GOLF 91-*FRENTE DIESEL;VW GOLF 91-*FRENTE DIESEL;0;;
61;1540;109.230690;1540;109.230690;CATEGORIA0;;1;1;0;1;;VW GOLF 91-*TRASEIRA;VW GOLF 91-*TRASEIRA;0;;
61;1540;109.230711;1540;109.230711;CATEGORIA0;;1;1;0;1;;VW GOLF 95-*G/L FRT DRT;VW GOLF 95-*G/L FRT DRT;0;;
61;1540;109.230712;1540;109.230712;CATEGORIA0;;1;1;0;1;;VW GOLF 95-*G/L FRT ESQ;VW GOLF 95-*G/L FRT ESQ;0;;
61;1540;109.230730;1540;109.230730;CATEGORIA0;;1;1;0;1;;VW VENTO 92-*CAPOT;VW VENTO 92-*CAPOT;0;;
61;1540;109.230777;1540;109.230777;CATEGORIA0;;1;1;0;1;;VW VENTO 92-*FRISO INF GRELHA;VW VENTO 92-*FRISO INF GRELHA;0;;
61;1540;109.230970;1540;109.230970;CATEGORIA0;;1;1;0;1;;VW JETTA 83-*FRENTE SUP;VW JETTA 83-*FRENTE SUP;0;;
61;1540;109.230977;1540;109.230977;CATEGORIA0;;1;1;0;1;;VW JETTA 83-*FRISO INF GRELHA;VW JETTA 83-*FRISO INF GRELHA;0;;
61;1540;109.231076;1540;109.231076;CATEGORIA0;;1;1;0;1;;VW POLO 81-*TRAVESSA RADIADOR;VW POLO 81-*TRAVESSA RADIADOR;0;;
61;1540;109.231111;1540;109.231111;CATEGORIA0;;1;1;0;1;;VW POLO 90-*G/LAMAS FRT DRT;VW POLO 90-*G/LAMAS FRT DRT;0;;
61;1540;109.231112;1540;109.231112;CATEGORIA0;;1;1;0;1;;VW POLO 90-*G/LAMAS FRT ESQ;VW POLO 90-*G/LAMAS FRT ESQ;0;;
61;1540;109.231170;1540;109.231170;CATEGORIA0;;1;1;0;1;;VW POLO 90-*FRENTE;VW POLO 90-*FRENTE;0;;
61;1540;109.231176;1540;109.231176;CATEGORIA0;;1;1;0;1;;VW POLO 90- FRISO INF. GRELHA;VW POLO 90- FRISO INF. GRELHA;0;;
61;1540;109.231211;1540;109.231211;CATEGORIA0;;1;1;0;1;;VW POLO 94-*G/LAMAS FRT DRT;VW POLO 94-*G/LAMAS FRT DRT;0;;
61;1540;109.231212;1540;109.231212;CATEGORIA0;;1;1;0;1;;VW POLO 94-*G/LAMAS FRT ESQ;VW POLO 94-*G/LAMAS FRT ESQ;0;;
61;1540;109.231222;1540;109.231222;CATEGORIA0;;1;1;0;1;;VW POLO 94-*G/LAMAS TRÁS ESQ COMPLETO (3P);VW POLO 94-*G/LAMAS TRÁS ESQ COMPLETO (3P);0;;
61;1540;109.231223;1540;109.231223;CATEGORIA0;;1;1;0;1;;VW POLO 94-*G/LAMAS TRÁS DRT (3P);VW POLO 94-*G/LAMAS TRÁS DRT (3P);0;;
61;1540;109.231230;1540;109.231230;CATEGORIA0;;1;1;0;1;;VW POLO 94-*CAPOT;VW POLO 94-*CAPOT;0;;
61;1540;109.231270;1540;109.231270;CATEGORIA0;;1;1;0;1;;VW POLO 94-*FRENTE COMP S/AC RAD 430M;VW POLO 94-*FRENTE COMP S/AC RAD 430M;0;;
61;1540;109.231271;1540;109.231271;CATEGORIA0;;1;1;0;1;;VW POLO 94-*FRENTE COMPLETA (C/AC);VW POLO 94-*FRENTE COMPLETA (C/AC);0;;
61;1540;109.231272;1540;109.231272;CATEGORIA0;;1;1;0;1;;VW POLO 94-*FRENTE (FIBRA DIESEL 510M);VW POLO 94-*FRENTE (FIBRA DIESEL 510M);0;;
61;1540;109.231274;1540;109.231274;CATEGORIA0;;1;1;0;1;;VW POLO 94-*FRISO INF GRELHA (CHAPA);VW POLO 94-*FRISO INF GRELHA (CHAPA);0;;
61;1540;109.231275;1540;109.231275;CATEGORIA0;;1;1;0;1;;VW POLO 94-*FRISO INF GRELHA (PLASTICO);VW POLO 94-*FRISO INF GRELHA (PLASTICO);0;;
61;1540;109.231511;1540;109.231511;CATEGORIA0;;1;1;0;1;;VW PASSAT 88-*G/LAMAS FRT DRT;VW PASSAT 88-*G/LAMAS FRT DRT;0;;
61;1540;109.231512;1540;109.231512;CATEGORIA0;;1;1;0;1;;VW PASSAT 88-*G/LAMAS FRT ESQ;VW PASSAT 88-*G/LAMAS FRT ESQ;0;;
61;1540;109.231530;1540;109.231530;CATEGORIA0;;1;1;0;1;;VW PASSAT 88-*CAPOT;VW PASSAT 88-*CAPOT;0;;
61;1540;109.231570;1540;109.231570;CATEGORIA0;;1;1;0;1;;VW PASSAT 88-*FRENTE;VW PASSAT 88-*FRENTE;0;;
61;1540;109.231571;1540;109.231571;CATEGORIA0;;1;1;0;1;;VW PASSAT 88-*TRAVESSA SUPERIOR RADIADOR;VW PASSAT 88-*TRAVESSA SUPERIOR RADIADOR;0;;
61;1540;109.231611;1540;109.231611;CATEGORIA0;;1;1;0;1;;VW PASSAT 93-*G/LAMAS FRT DRT;VW PASSAT 93-*G/LAMAS FRT DRT;0;;
61;1540;109.231612;1540;109.231612;CATEGORIA0;;1;1;0;1;;VW PASSAT 93-*G/LAMAS FRT ESQ;VW PASSAT 93-*G/LAMAS FRT ESQ;0;;
61;1540;109.231630;1540;109.231630;CATEGORIA0;;1;1;0;1;;VW PASSAT 93-*CAPOT;VW PASSAT 93-*CAPOT;0;;
61;1540;109.231670;1540;109.231670;CATEGORIA0;;1;1;0;1;;VW PASSAT 93-*FRENTE COMPLETA;VW PASSAT 93-*FRENTE COMPLETA;0;;
61;1540;109.231675;1540;109.231675;CATEGORIA0;;1;1;0;1;;VW PASSAT 93-*FRISO FRT (CHAPA);VW PASSAT 93-*FRISO FRT (CHAPA);0;;
61;1540;109.231711;1540;109.231711;CATEGORIA0;;1;1;0;1;;VW TRANSPORTER 90-*G/LAMAS FRT DRT;VW TRANSPORTER 90-*G/LAMAS FRT DRT;0;;
61;1540;109.231712;1540;109.231712;CATEGORIA0;;1;1;0;1;;VW TRANSPORTER 90-*G/LAMAS FRT ESQ;VW TRANSPORTER 90-*G/LAMAS FRT ESQ;0;;
61;1540;109.231730;1540;109.231730;CATEGORIA0;;1;1;0;1;;VW TRANSPORTER 90-*CAPOT;VW TRANSPORTER 90-*CAPOT;0;;
61;1540;109.231770;1540;109.231770;CATEGORIA0;;1;1;0;1;;VW TRANSPORTER 90->*FRENTE;VW TRANSPORTER 90->*FRENTE;0;;
61;1540;109.231811;1540;109.231811;CATEGORIA0;;1;1;0;1;;VW SHARAN/GALAXI/ALHAMBR 95-*G/LAMAS FRT DRT;VW SHARAN/GALAXI/ALHAMBR 95-*G/LAMAS FRT DRT;0;;
61;1540;109.231812;1540;109.231812;CATEGORIA0;;1;1;0;1;;VW SHARAN/GALAXI/ALHAMBR 95-*G/LAMAS FRT ESQ;VW SHARAN/GALAXI/ALHAMBR 95-*G/LAMAS FRT ESQ;0;;
61;1540;109.231870;1540;109.231870;CATEGORIA0;;1;1;0;1;;VW SHARAN 95-*FRENTE COMPLETA;VW SHARAN 95-*FRENTE COMPLETA;0;;
61;1540;109.231911;1540;109.231911;CATEGORIA0;;1;1;0;1;;VW PASSAT 96-*G/LAMAS FRT DRT;VW PASSAT 96-*G/LAMAS FRT DRT;0;;
61;1540;109.231912;1540;109.231912;CATEGORIA0;;1;1;0;1;;VW PASSAT 96-*G/LAMAS FRT ESQ;VW PASSAT 96-*G/LAMAS FRT ESQ;0;;
61;1540;109.231930;1540;109.231930;CATEGORIA0;;1;1;0;1;;VW PASSAT 96-*CAPOT;VW PASSAT 96-*CAPOT;0;;
61;1540;109.231972;1540;109.231972;CATEGORIA0;;1;1;0;1;;VW PASSAT 96-*FRENTE COMPLETA (3B0805594G/M);VW PASSAT 96-*FRENTE COMPLETA (3B0805594G/M);0;;
61;1540;109.231973;1540;109.231973;CATEGORIA0;;1;1;0;1;;VW PASSAT 96-*FRENTE (3B0805594D/J);VW PASSAT 96-*FRENTE (3B0805594D/J);0;;
61;1540;109.232111;1540;109.232111;CATEGORIA0;;1;1;0;1;;VW GOLF 97-*G/LAMAS FRT DRT;VW GOLF 97-*G/LAMAS FRT DRT;0;;
61;1540;109.232112;1540;109.232112;CATEGORIA0;;1;1;0;1;;VW GOLF 97-*G/LAMAS FRT ESQ;VW GOLF 97-*G/LAMAS FRT ESQ;0;;
61;1540;109.232121;1540;109.232121;CATEGORIA0;;1;1;0;1;;VW GOLF 97-*G/LAMAS TRÁS DRT (3P);VW GOLF 97-*G/LAMAS TRÁS DRT (3P);0;;
61;1540;109.232122;1540;109.232122;CATEGORIA0;;1;1;0;1;;VW GOLF 97-*G/LAMAS TRÁS ESQ (3P);VW GOLF 97-*G/LAMAS TRÁS ESQ (3P);0;;
61;1540;109.232123;1540;109.232123;CATEGORIA0;;1;1;0;1;;VW GOLF 97-*G/LAMAS TRÁS DRT (5P);VW GOLF 97-*G/LAMAS TRÁS DRT (5P);0;;
61;1540;109.232124;1540;109.232124;CATEGORIA0;;1;1;0;1;;VW GOLF 97-*G/LAMAS TRÁS ESQ (5P);VW GOLF 97-*G/LAMAS TRÁS ESQ (5P);0;;
61;1540;109.232130;1540;109.232130;CATEGORIA0;;1;1;0;1;;VW GOLF 97-*CAPOT;VW GOLF 97-*CAPOT;0;;
61;1540;109.232171;1540;109.232171;CATEGORIA0;;1;1;0;1;;VW GOLF 97-/BORA 98-*FRENTE COM RAD 650MM;VW GOLF 97-/BORA 98-*FRENTE COM RAD 650MM;0;;
61;1540;109.232190;1540;109.232190;CATEGORIA0;;1;1;0;1;;VW GOLF 97-*TRASEIRA SUP;VW GOLF 97-*TRASEIRA SUP;0;;
61;1540;109.232192;1540;109.232192;CATEGORIA0;;1;1;0;1;;VW GOLF 97-*TRASEIRA INF;VW GOLF 97-*TRASEIRA INF;0;;
61;1540;109.232211;1540;109.232211;CATEGORIA0;;1;1;0;1;;VW TRANSPORTER 97-*G/LAMAS FRT DRT;VW TRANSPORTER 97-*G/LAMAS FRT DRT;0;;
61;1540;109.232212;1540;109.232212;CATEGORIA0;;1;1;0;1;;VW TRANSPORTER 97-*G/LAMAS FRT ESQ;VW TRANSPORTER 97-*G/LAMAS FRT ESQ;0;;
61;1540;109.232230;1540;109.232230;CATEGORIA0;;1;1;0;1;;VW TRANSPORTER 97-*CAPOT;VW TRANSPORTER 97-*CAPOT;0;;
61;1540;109.232270;1540;109.232270;CATEGORIA0;;1;1;0;1;;VW TRANSPORTER 97-*FRENTE;VW TRANSPORTER 97-*FRENTE;0;;
61;1540;109.232277;1540;109.232277;CATEGORIA0;;1;1;0;1;;VW TRANSPORTER 97-*AVENTAL INF GRELHA (CHAPA);VW TRANSPORTER 97-*AVENTAL INF GRELHA (CHAPA);0;;
61;1540;109.232311;1540;109.232311;CATEGORIA0;;1;1;0;1;;VW LUPO 99-*G/LAMAS FRT DRT;VW LUPO 99-*G/LAMAS FRT DRT;0;;
61;1540;109.232312;1540;109.232312;CATEGORIA0;;1;1;0;1;;VW LUPO 99-*G/LAMAS FRT ESQ;VW LUPO 99-*G/LAMAS FRT ESQ;0;;
61;1540;109.232330;1540;109.232330;CATEGORIA0;;1;1;0;1;;VW LUPO 99-*CAPOT;VW LUPO 99-*CAPOT;0;;
61;1540;109.232370;1540;109.232370;CATEGORIA0;;1;1;0;1;;VW LUPO 99-*FRENTE COMPLETA (GASOLINA);VW LUPO 99-*FRENTE COMPLETA (GASOLINA);0;;
61;1540;109.232372;1540;109.232372;CATEGORIA0;;1;1;0;1;;VW LUPO 99-*FRENTE COMPLETA (DIESEL);VW LUPO 99-*FRENTE COMPLETA (DIESEL);0;;
61;1540;109.232411;1540;109.232411;CATEGORIA0;;1;1;0;1;;VW POLO 99-*G/LAMAS FRT DRT (COMPRIDO C/EMB);VW POLO 99-*G/LAMAS FRT DRT (COMPRIDO C/EMB);0;;
61;1540;109.232412;1540;109.232412;CATEGORIA0;;1;1;0;1;;VW POLO 99-*G/LAMAS FRT ESQ (COMPRIDO C/EMB);VW POLO 99-*G/LAMAS FRT ESQ (COMPRIDO C/EMB);0;;
61;1540;109.232413;1540;109.232413;CATEGORIA0;;1;1;0;1;;VW POLO 99-*G/LAMAS FR.DRT.(CURTO S/EMB);VW POLO 99-*G/LAMAS FR.DRT.(CURTO S/EMB);0;;
61;1540;109.232414;1540;109.232414;CATEGORIA0;;1;1;0;1;;VW POLO 99-*G/LAMAS FRT ESQ (CURTO S/EMB);VW POLO 99-*G/LAMAS FRT ESQ (CURTO S/EMB);0;;
61;1540;109.232430;1540;109.232430;CATEGORIA0;;1;1;0;1;;VW POLO 99-*CAPOT;VW POLO 99-*CAPOT;0;;
61;1540;109.232470;1540;109.232470;CATEGORIA0;;1;1;0;1;;VW POLO 99-*FRENTE COMPLETA S/AC 1.0I/1.4I;VW POLO 99-*FRENTE COMPLETA S/AC 1.0I/1.4I;0;;
61;1540;109.232471;1540;109.232471;CATEGORIA0;;1;1;0;1;;VW POLO 99-*FRENTE COMPLETA (C/AC GASOLINA);VW POLO 99-*FRENTE COMPLETA (C/AC GASOLINA);0;;
61;1540;109.232472;1540;109.232472;CATEGORIA0;;1;1;0;1;;VW POLO 99-*FRENTE COMPLETA (1.7D);VW POLO 99-*FRENTE COMPLETA (1.7D);0;;
61;1540;109.232474;1540;109.232474;CATEGORIA0;;1;1;0;1;;VW POLO 99-*FRENTE COMPLETA (1.9D);VW POLO 99-*FRENTE COMPLETA (1.9D);0;;
61;1540;109.232511;1540;109.232511;CATEGORIA0;;1;1;0;1;;VW BORA 98-*G/LAMAS FRT DRT;VW BORA 98-*G/LAMAS FRT DRT;0;;
61;1540;109.232512;1540;109.232512;CATEGORIA0;;1;1;0;1;;VW BORA 98-*G/LAMAS FRT ESQ;VW BORA 98-*G/LAMAS FRT ESQ;0;;
61;1540;109.232530;1540;109.232530;CATEGORIA0;;1;1;0;1;;VW BORA/JETTA 98-*CAPOT;VW BORA/JETTA 98-*CAPOT;0;;
61;1540;109.232611;1540;109.232611;CATEGORIA0;;1;1;0;1;;VW PASSAT 00-*G/LAMAS FRT DRT (C/FURO PISCA);VW PASSAT 00-*G/LAMAS FRT DRT (C/FURO PISCA);0;;
61;1540;109.232612;1540;109.232612;CATEGORIA0;;1;1;0;1;;VW PASSAT 00-*G/LAMAS FRT ESQ C/F PISCA;VW PASSAT 00-*G/LAMAS FRT ESQ C/F PISCA;0;;
61;1540;109.232613;1540;109.232613;CATEGORIA0;;1;1;0;1;;VW PASSAT 04-05*G/LAMAS FRT DRT (S/FURO PISCA);VW PASSAT 04-05*G/LAMAS FRT DRT (S/FURO PISCA);0;;
61;1540;109.232614;1540;109.232614;CATEGORIA0;;1;1;0;1;;VW PASSAT 04-05*G/LAMAS FRT ESQ (S/FURO PISCA);VW PASSAT 04-05*G/LAMAS FRT ESQ (S/FURO PISCA);0;;
61;1540;109.232630;1540;109.232630;CATEGORIA0;;1;1;0;1;;VW PASSAT 00-*CAPOT;VW PASSAT 00-*CAPOT;0;;
61;1540;109.232670;1540;109.232670;CATEGORIA0;;1;1;0;1;;VW PASSAT 00-/SUPERB 02*FRENT.C/AC 4CL 3BO805594BE;VW PASSAT 00-/SUPERB 02*FRENT.C/AC 4CL 3BO805594BE;0;;
61;1540;109.232671;1540;109.232671;CATEGORIA0;;1;1;0;1;;VW PASSAT 00-/SUPERB 02*FRENTE (S/AC 4CL)(3BO805594AQ);VW PASSAT 00-/SUPERB 02*FRENTE (S/AC 4CL)(3BO805594AQ);0;;
61;1540;109.232711;1540;109.232711;CATEGORIA0;;1;1;0;1;;VW LT 98-*G/LAMAS FRT DRT;VW LT 98-*G/LAMAS FRT DRT;0;;
61;1540;109.232712;1540;109.232712;CATEGORIA0;;1;1;0;1;;VW LT 98-*G/LAMAS FRT ESQ;VW LT 98-*G/LAMAS FRT ESQ;0;;
61;1540;109.232730;1540;109.232730;CATEGORIA0;;1;1;0;1;;VW LT 98-*CAPOT;VW LT 98-*CAPOT;0;;
61;1540;109.232770;1540;109.232770;CATEGORIA0;;1;1;0;1;;VW LT 98-*FRENTE COMPLETA;VW LT 98-*FRENTE COMPLETA;0;;
61;1540;109.232811;1540;109.232811;CATEGORIA0;;1;1;0;1;;VW POLO 02-*G/LAMAS FRT DRT;VW POLO 02-*G/LAMAS FRT DRT;0;;
61;1540;109.232812;1540;109.232812;CATEGORIA0;;1;1;0;1;;VW POLO 02-*G/LAMAS FRT ESQ;VW POLO 02-*G/LAMAS FRT ESQ;0;;
61;1540;109.232821;1540;109.232821;CATEGORIA0;;1;1;0;1;;VW POLO 02-*G/LAMAS TRÁS DRT (3P);VW POLO 02-*G/LAMAS TRÁS DRT (3P);0;;
61;1540;109.232822;1540;109.232822;CATEGORIA0;;1;1;0;1;;VW POLO 02-*G/LAMAS TRÁS ESQ (3P);VW POLO 02-*G/LAMAS TRÁS ESQ (3P);0;;
61;1540;109.232823;1540;109.232823;CATEGORIA0;;1;1;0;1;;VW POLO 02-*G/LAMAS TRÁS DRT (5P);VW POLO 02-*G/LAMAS TRÁS DRT (5P);0;;
61;1540;109.232824;1540;109.232824;CATEGORIA0;;1;1;0;1;;VW POLO 02-*G/LAMAS TRÁS ESQ (5P);VW POLO 02-*G/LAMAS TRÁS ESQ (5P);0;;
61;1540;109.232830;1540;109.232830;CATEGORIA0;;1;1;0;1;;VW POLO 02-*CAPOT;VW POLO 02-*CAPOT;0;;
61;1540;109.232870;1540;109.232870;CATEGORIA0;;1;1;0;1;;VW POLO 02-* FRENTE COMPLLETA (S/AC);VW POLO 02-* FRENTE COMPLLETA (S/AC);0;;
61;1540;109.232871;1540;109.232871;CATEGORIA0;;1;1;0;1;;FRENTE;FRENTE;0;;
61;1540;109.232911;1540;109.232911;CATEGORIA0;;1;1;0;1;;VW SHARAN 00-*G/LAMAS FRT DRT;VW SHARAN 00-*G/LAMAS FRT DRT;0;;
61;1540;109.232912;1540;109.232912;CATEGORIA0;;1;1;0;1;;VW SHARAN 00-*G/LAMAS FRT ESQ;VW SHARAN 00-*G/LAMAS FRT ESQ;0;;
61;1540;109.232930;1540;109.232930;CATEGORIA0;;1;1;0;1;;VW SHARAN 00-*CAPOT;VW SHARAN 00-*CAPOT;0;;
61;1540;109.233211;1540;109.233211;CATEGORIA0;;1;1;0;1;;VW GOLF V 03-*G/LAMAS FRT DRT;VW GOLF V 03-*G/LAMAS FRT DRT;0;;
61;1540;109.233212;1540;109.233212;CATEGORIA0;;1;1;0;1;;VW GOLF V 03-*G/LAMAS FRT ESQ;VW GOLF V 03-*G/LAMAS FRT ESQ;0;;
61;1540;109.233221;1540;109.233221;CATEGORIA0;;1;1;0;1;;VW GOLF V 03-*G/LAMAS TRÁS DRT 3P;VW GOLF V 03-*G/LAMAS TRÁS DRT 3P;0;;
61;1540;109.233222;1540;109.233222;CATEGORIA0;;1;1;0;1;;VW GOLF V 03-*G/LAMAS TRÁS ESQ (3P);VW GOLF V 03-*G/LAMAS TRÁS ESQ (3P);0;;
61;1540;109.233223;1540;109.233223;CATEGORIA0;;1;1;0;1;;VW GOLF V 03-*G/LAMAS TRÁS DRT (5P);VW GOLF V 03-*G/LAMAS TRÁS DRT (5P);0;;
61;1540;109.233224;1540;109.233224;CATEGORIA0;;1;1;0;1;;VW GOLF V 03-*G/LAMAS TRÁS ESQ (5P);VW GOLF V 03-*G/LAMAS TRÁS ESQ (5P);0;;
61;1540;109.233230;1540;109.233230;CATEGORIA0;;1;1;0;1;;VW GOLF V 03-*CAPOT;VW GOLF V 03-*CAPOT;0;;
61;1540;109.233270;1540;109.233270;CATEGORIA0;;1;1;0;1;;VW GOLF V 03-*FRENTE (TODOS EXC.D/140CV);VW GOLF V 03-*FRENTE (TODOS EXC.D/140CV);0;;
61;1540;109.233271;1540;109.233271;CATEGORIA0;;1;1;0;1;;VW GOLF V 03-*FRENTE(DIE.103CV/GA 147C;VW GOLF V 03-*FRENTE(DIE.103CV/GA 147C;0;;
61;1540;109.233272;1540;109.233272;CATEGORIA0;;1;1;0;1;;VW GOLF V 03-*FRENTE (GTI GASOLINA 200CV);VW GOLF V 03-*FRENTE (GTI GASOLINA 200CV);0;;
61;1540;109.233311;1540;109.233311;CATEGORIA0;;1;1;0;1;;VW BEETLE 98-*G/LAMAS FRT DRT;VW BEETLE 98-*G/LAMAS FRT DRT;0;;
61;1540;109.233312;1540;109.233312;CATEGORIA0;;1;1;0;1;;VW BEETLE 98-*G/LAMAS FRT ESQ;VW BEETLE 98-*G/LAMAS FRT ESQ;0;;
61;1540;109.233330;1540;109.233330;CATEGORIA0;;1;1;0;1;;VW BEETLE 98-06*CAPOT;VW BEETLE 98-06*CAPOT;0;;
61;1540;109.233331;1540;109.233331;CATEGORIA0;;1;1;0;1;;VW BEETLE 06-*CAPOT;VW BEETLE 06-*CAPOT;0;;
61;1540;109.233370;1540;109.233370;CATEGORIA0;;1;1;0;1;;VW BEETLE 98-11*FRENTE COMPLETA;VW BEETLE 98-11*FRENTE COMPLETA;0;;
61;1540;109.233411;1540;109.233411;CATEGORIA0;;1;1;0;1;;VW CADDY 04-*G/LAMAS FRT DRT;VW CADDY 04-*G/LAMAS FRT DRT;0;;
61;1540;109.233412;1540;109.233412;CATEGORIA0;;1;1;0;1;;VW CADDY 04- G/LAMAS FRT. ESQ.;VW CADDY 04- G/LAMAS FRT. ESQ.;0;;
61;1540;109.233430;1540;109.233430;CATEGORIA0;;1;1;0;1;;VW CADDY/TOURAN 04-*CAPOT;VW CADDY/TOURAN 04-*CAPOT;0;;
61;1540;109.233470;1540;109.233470;CATEGORIA0;;1;1;0;1;;VW CADDY/TOURAN 04-*FRENTE COMPLETA;VW CADDY/TOURAN 04-*FRENTE COMPLETA;0;;
61;1540;109.233511;1540;109.233511;CATEGORIA0;;1;1;0;1;;VW TRANSPORTER 03-*G/LAMAS FRT DRT;VW TRANSPORTER 03-*G/LAMAS FRT DRT;0;;
61;1540;109.233512;1540;109.233512;CATEGORIA0;;1;1;0;1;;VW TRANSPORTER 03-*G/LAMAS FRT ESQ;VW TRANSPORTER 03-*G/LAMAS FRT ESQ;0;;
61;1540;109.233530;1540;109.233530;CATEGORIA0;;1;1;0;1;;VW TRANSPORTER 03-*CAPOT;VW TRANSPORTER 03-*CAPOT;0;;
61;1540;109.233570;1540;109.233570;CATEGORIA0;;1;1;0;1;;VW TRANSPORTER 03-*FRENTE;VW TRANSPORTER 03-*FRENTE;0;;
61;1540;109.233580;1540;109.233580;CATEGORIA0;;1;1;0;1;;VW TRANSPORTER 03-*SUPORTE FAROL DRT;VW TRANSPORTER 03-*SUPORTE FAROL DRT;0;;
61;1540;109.233581;1540;109.233581;CATEGORIA0;;1;1;0;1;;VW TRANSPORTER 03-*SUPORTE FAROL ESQ;VW TRANSPORTER 03-*SUPORTE FAROL ESQ;0;;
61;1540;109.233611;1540;109.233611;CATEGORIA0;;1;1;0;1;;VW TOURAN 03-*G/LAMAS FRT DRT;VW TOURAN 03-*G/LAMAS FRT DRT;0;;
61;1540;109.233612;1540;109.233612;CATEGORIA0;;1;1;0;1;;VW TOURAN 03-*G/LAMAS FRT ESQ;VW TOURAN 03-*G/LAMAS FRT ESQ;0;;
61;1540;109.233711;1540;109.233711;CATEGORIA0;;1;1;0;1;;VW FOX 05-*G/LAMAS FRT DRT (S/FURO PISCA);VW FOX 05-*G/LAMAS FRT DRT (S/FURO PISCA);0;;
61;1540;109.233712;1540;109.233712;CATEGORIA0;;1;1;0;1;;VW FOX 05-*G/LAMAS FRT ESQ (S/FURO PISCA);VW FOX 05-*G/LAMAS FRT ESQ (S/FURO PISCA);0;;
61;1540;109.233713;1540;109.233713;CATEGORIA0;;1;1;0;1;;VW FOX 05-*G/LAMAS FRT DRT (C/FURO PISCA);VW FOX 05-*G/LAMAS FRT DRT (C/FURO PISCA);0;;
61;1540;109.233714;1540;109.233714;CATEGORIA0;;1;1;0;1;;VW FOX 05-*G/LAMAS FRT ESQ (C/FURO PISCA);VW FOX 05-*G/LAMAS FRT ESQ (C/FURO PISCA);0;;
61;1540;109.233730;1540;109.233730;CATEGORIA0;;1;1;0;1;;VW FOX 05-*CAPOT;VW FOX 05-*CAPOT;0;;
61;1540;109.233775;1540;109.233775;CATEGORIA0;;1;1;0;1;;VW FOX 05-*FRENTE;VW FOX 05-*FRENTE;0;;
61;1540;109.233811;1540;109.233811;CATEGORIA0;;1;1;0;1;;VW JETTA 05-/GOLF SW 07-*G/LAMAS FRT DRT;VW JETTA 05-/GOLF SW 07-*G/LAMAS FRT DRT;0;;
61;1540;109.233812;1540;109.233812;CATEGORIA0;;1;1;0;1;;VW JETTA 05-/GOLF SW 07-*G/LAMAS FRT ESQ;VW JETTA 05-/GOLF SW 07-*G/LAMAS FRT ESQ;0;;
61;1540;109.233830;1540;109.233830;CATEGORIA0;;1;1;0;1;;VW JETTA 05-/GOLF SW 07-*CAPOT;VW JETTA 05-/GOLF SW 07-*CAPOT;0;;
61;1540;109.233870;1540;109.233870;CATEGORIA0;;1;1;0;1;;VW JETTA 05-/GOLF SW 07-*FRENTE FIBRA;VW JETTA 05-/GOLF SW 07-*FRENTE FIBRA;0;;
61;1540;109.233911;1540;109.233911;CATEGORIA0;;1;1;0;1;;VW POLO 05-*G/LAMAS FRT DRT;VW POLO 05-*G/LAMAS FRT DRT;0;;
61;1540;109.233912;1540;109.233912;CATEGORIA0;;1;1;0;1;;VW POLO 05-*G/LAMAS FRT ESQ;VW POLO 05-*G/LAMAS FRT ESQ;0;;
61;1540;109.233930;1540;109.233930;CATEGORIA0;;1;1;0;1;;VW POLO 05-*CAPOT;VW POLO 05-*CAPOT;0;;
61;1540;109.233970;1540;109.233970;CATEGORIA0;;1;1;0;1;;VW POLO 05-*FRENTE (S/AC);VW POLO 05-*FRENTE (S/AC);0;;
61;1540;109.234111;1540;109.234111;CATEGORIA0;;1;1;0;1;;VW PASSAT 05-*G/LAMAS FRT DRT;VW PASSAT 05-*G/LAMAS FRT DRT;0;;
61;1540;109.234112;1540;109.234112;CATEGORIA0;;1;1;0;1;;VW PASSAT 05-*G/LAMAS FRT ESQ;VW PASSAT 05-*G/LAMAS FRT ESQ;0;;
61;1540;109.234130;1540;109.234130;CATEGORIA0;;1;1;0;1;;VW PASSAT 05-*CAPOT;VW PASSAT 05-*CAPOT;0;;
61;1540;109.234170;1540;109.234170;CATEGORIA0;;1;1;0;1;;VW PASSAT 05-*FRENTE COMPLETA (GASOLINA 2.0);VW PASSAT 05-*FRENTE COMPLETA (GASOLINA 2.0);0;;
61;1540;109.234171;1540;109.234171;CATEGORIA0;;1;1;0;1;;VW PASSAT 05-*FRENTE COMPLETA (1.6 GASOLINA/ 2.0 DIESEL);VW PASSAT 05-*FRENTE COMPLETA (1.6 GASOLINA/ 2.0 DIESEL);0;;
61;1540;109.234211;1540;109.234211;CATEGORIA0;;1;1;0;1;;VW GOLF PLUS 05-*G/LAMAS FRT DRT;VW GOLF PLUS 05-*G/LAMAS FRT DRT;0;;
61;1540;109.234212;1540;109.234212;CATEGORIA0;;1;1;0;1;;VW GOLF PLUS 05-*G/LAMAS FRT ESQ;VW GOLF PLUS 05-*G/LAMAS FRT ESQ;0;;
61;1540;109.234230;1540;109.234230;CATEGORIA0;;1;1;0;1;;VW GOLF PLUS 05-*CAPOT;VW GOLF PLUS 05-*CAPOT;0;;
61;1540;109.234270;1540;109.234270;CATEGORIA0;;1;1;0;1;;VW GOLF PLUS 05-*FRENTE COMPLETA (1.4/1.6/1.9);VW GOLF PLUS 05-*FRENTE COMPLETA (1.4/1.6/1.9);0;;
61;1540;109.234271;1540;109.234271;CATEGORIA0;;1;1;0;1;;VW GOLF PLUS 05-*FRENTE COMPLETA (2.0TD/2.0GT);VW GOLF PLUS 05-*FRENTE COMPLETA (2.0TD/2.0GT);0;;
61;1540;109.234311;1540;109.234311;CATEGORIA0;;1;1;0;1;;VW CRAFTER 06-*G/LAMAS FRT DRT;VW CRAFTER 06-*G/LAMAS FRT DRT;0;;
61;1540;109.234312;1540;109.234312;CATEGORIA0;;1;1;0;1;;VW CRAFTER 06-*G/LAMAS FRT ESQ;VW CRAFTER 06-*G/LAMAS FRT ESQ;0;;
61;1540;109.234313;1540;109.234313;CATEGORIA0;;1;1;0;1;;VW CRAFTER 06-*EXTENSAO G/LAMAS FRT INF DRT;VW CRAFTER 06-*EXTENSAO G/LAMAS FRT INF DRT;0;;
61;1540;109.234314;1540;109.234314;CATEGORIA0;;1;1;0;1;;VW CRAFTER 06-*EXTENSÃO G/LAMAS FRT INF ESQ;VW CRAFTER 06-*EXTENSÃO G/LAMAS FRT INF ESQ;0;;
61;1540;109.234370;1540;109.234370;CATEGORIA0;;1;1;0;1;;VW CRAFTER 06-/10-*FRENTE COMPLETA;VW CRAFTER 06-/10-*FRENTE COMPLETA;0;;
61;1540;109.234430;1540;109.234430;CATEGORIA0;;1;1;0;1;;VW GOLF V GTI 03-*CAPOT;VW GOLF V GTI 03-*CAPOT;0;;
61;1540;109.234570;1540;109.234570;CATEGORIA0;;1;1;0;1;;VW TOURAN 06-*FRENTE COMPLETA (TODOS MODELOS);VW TOURAN 06-*FRENTE COMPLETA (TODOS MODELOS);0;;
61;1540;109.234611;1540;109.234611;CATEGORIA0;;1;1;0;1;;VW GOLF 08-*G/LAMAS FRT DRT;VW GOLF 08-*G/LAMAS FRT DRT;0;;
61;1540;109.234613;1540;109.234613;CATEGORIA0;;1;1;0;1;;VW GOLF VI VARIANT 2009.07-*G/LAMAS FRT DRT(SW);VW GOLF VI VARIANT 2009.07-*G/LAMAS FRT DRT(SW);0;;
61;1540;109.234614;1540;109.234614;CATEGORIA0;;1;1;0;1;;VW GOLF VI VARIANT 2009.07-*G/LAMAS FRT ESQ(SW);VW GOLF VI VARIANT 2009.07-*G/LAMAS FRT ESQ(SW);0;;
61;1540;109.234630;1540;109.234630;CATEGORIA0;;1;1;0;1;;VW GOLF 08-*CAPOT;VW GOLF 08-*CAPOT;0;;
61;1540;109.234670;1540;109.234670;CATEGORIA0;;1;1;0;1;;VW GOLF 08-*FRENTE COMPLETA (1.4  80CV);VW GOLF 08-*FRENTE COMPLETA (1.4  80CV);0;;
61;1540;109.234671;1540;109.234671;CATEGORIA0;;1;1;0;1;;VW GOLF 08-*FRENTE COMPLETA (T/MOD EXC.1.4 80CV);VW GOLF 08-*FRENTE COMPLETA (T/MOD EXC.1.4 80CV);0;;
61;1540;109.234680;1540;109.234680;CATEGORIA0;;1;1;0;1;;VW GOLF 08-*SUPORTE FAROL DRT;VW GOLF 08-*SUPORTE FAROL DRT;0;;
61;1540;109.234681;1540;109.234681;CATEGORIA0;;1;1;0;1;;VW GOLF 08-*SUPORTE FAROL ESQ;VW GOLF 08-*SUPORTE FAROL ESQ;0;;
61;1540;109.234711;1540;109.234711;CATEGORIA0;;1;1;0;1;;VW POLO 09-*G/LAMAS FRT DRT;VW POLO 09-*G/LAMAS FRT DRT;0;;
61;1540;109.234712;1540;109.234712;CATEGORIA0;;1;1;0;1;;VW POLO 09-*G/LAMAS FRT ESQ;VW POLO 09-*G/LAMAS FRT ESQ;0;;
61;1540;109.234730;1540;109.234730;CATEGORIA0;;1;1;0;1;;VW POLO 09-*CAPOT;VW POLO 09-*CAPOT;0;;
61;1540;109.234770;1540;109.234770;CATEGORIA0;;1;1;0;1;;VW POLO 09- FRENTE COMPLETA GASOLINA;VW POLO 09- FRENTE COMPLETA GASOLINA;0;;
61;1540;109.234771;1540;109.234771;CATEGORIA0;;1;1;0;1;;VW POLO 09-*FRENTE PLASTICA (DIESEL);VW POLO 09-*FRENTE PLASTICA (DIESEL);0;;
61;1540;109.234780;1540;109.234780;CATEGORIA0;;1;1;0;1;;VW POLO 09-*SUPORTE FAROL DRT;VW POLO 09-*SUPORTE FAROL DRT;0;;
61;1540;109.234781;1540;109.234781;CATEGORIA0;;1;1;0;1;;VW POLO 09-*SUPORTE FAROL ESQ;VW POLO 09-*SUPORTE FAROL ESQ;0;;
61;1540;109.234811;1540;109.234811;CATEGORIA0;;1;1;0;1;;VW SCIROCCO 09-*G/LAMAS FRT DRT;VW SCIROCCO 09-*G/LAMAS FRT DRT;0;;
61;1540;109.234812;1540;109.234812;CATEGORIA0;;1;1;0;1;;VW SCIROCCO 09-*G/LAMAS FRT ESQ;VW SCIROCCO 09-*G/LAMAS FRT ESQ;0;;
61;1540;109.234830;1540;109.234830;CATEGORIA0;;1;1;0;1;;VW SCIROCCO 09-*CAPOT;VW SCIROCCO 09-*CAPOT;0;;
61;1540;109.234870;1540;109.234870;CATEGORIA0;;1;1;0;1;;VW SCIROCCO 09-*FRENTE COMPLETA (TODOS MODELOS);VW SCIROCCO 09-*FRENTE COMPLETA (TODOS MODELOS);0;;
61;1540;109.234911;1540;109.234911;CATEGORIA0;;1;1;0;1;;VW JETTA 11-*G/LAMAS FRT DRT;VW JETTA 11-*G/LAMAS FRT DRT;0;;
61;1540;109.234912;1540;109.234912;CATEGORIA0;;1;1;0;1;;VW JETTA 11-*G/LAMAS FRT ESQ;VW JETTA 11-*G/LAMAS FRT ESQ;0;;
61;1540;109.234930;1540;109.234930;CATEGORIA0;;1;1;0;1;;VW JETTA 11-*CAPOT;VW JETTA 11-*CAPOT;0;;
61;1540;109.234970;1540;109.234970;CATEGORIA0;;1;1;0;1;;VW JETTA 11-*FRENTE (1.6TDI/2.0TDI);VW JETTA 11-*FRENTE (1.6TDI/2.0TDI);0;;
61;1540;109.235011;1540;109.235011;CATEGORIA0;;1;1;0;1;;VW CADDY/TOURAN 10-*G/LAMAS FRT DRT C/F PISCA;VW CADDY/TOURAN 10-*G/LAMAS FRT DRT C/F PISCA;0;;
61;1540;109.235012;1540;109.235012;CATEGORIA0;;1;1;0;1;;VW CADDY/TOURAN 10-*G/LAMAS FRT ESQ (C/FURO PISCA);VW CADDY/TOURAN 10-*G/LAMAS FRT ESQ (C/FURO PISCA);0;;
61;1540;109.235030;1540;109.235030;CATEGORIA0;;1;1;0;1;;VW CADDY/TOURAN 10-*CAPOT;VW CADDY/TOURAN 10-*CAPOT;0;;
61;1540;109.235070;1540;109.235070;CATEGORIA0;;1;1;0;1;;VW CADDY/TOURAN 10-*FRENTE;VW CADDY/TOURAN 10-*FRENTE;0;;
61;1540;109.235111;1540;109.235111;CATEGORIA0;;1;1;0;1;;VW PASSAT 10-*G/LAMAS FRT DRT;VW PASSAT 10-*G/LAMAS FRT DRT;0;;
61;1540;109.235112;1540;109.235112;CATEGORIA0;;1;1;0;1;;VW PASSAT 10-*G/LAMAS FRT ESQ;VW PASSAT 10-*G/LAMAS FRT ESQ;0;;
61;1540;109.235130;1540;109.235130;CATEGORIA0;;1;1;0;1;;VW PASSAT 10-*CAPOT;VW PASSAT 10-*CAPOT;0;;
61;1540;109.235170;1540;109.235170;CATEGORIA0;;1;1;0;1;;VW PASSAT 10-*FRENTE (DIESEL);VW PASSAT 10-*FRENTE (DIESEL);0;;
61;1540;109.235230;1540;109.235230;CATEGORIA0;;1;1;0;1;;VW TRANSPORTER T5 10-*CAPOT;VW TRANSPORTER T5 10-*CAPOT;0;;
61;1540;109.235270;1540;109.235270;CATEGORIA0;;1;1;0;1;;VW TRANSPORTER T5 10-*FRENTE;VW TRANSPORTER T5 10-*FRENTE;0;;
61;1540;109.235311;1540;109.235311;CATEGORIA0;;1;1;0;1;;VW TOURAN 10-*G/LAMAS FRT DRT (S/FURO PISCA);VW TOURAN 10-*G/LAMAS FRT DRT (S/FURO PISCA);0;;
61;1540;109.235312;1540;109.235312;CATEGORIA0;;1;1;0;1;;VW TOURAN 10-*G/LAMAS FRT ESQ (S/FURO PISCA);VW TOURAN 10-*G/LAMAS FRT ESQ (S/FURO PISCA);0;;
61;1540;109.235411;1540;109.235411;CATEGORIA0;;1;1;0;1;;VW SHARAN/ALHAMBRA 10-*G/LAMAS FRT DRT;VW SHARAN/ALHAMBRA 10-*G/LAMAS FRT DRT;0;;
61;1540;109.235412;1540;109.235412;CATEGORIA0;;1;1;0;1;;VW SHARAN/ALHAMBRA 10-*G/LAMAS FRT ESQ;VW SHARAN/ALHAMBRA 10-*G/LAMAS FRT ESQ;0;;
61;1540;109.235430;1540;109.235430;CATEGORIA0;;1;1;0;1;;VW SHARAN 10-*CAPOT;VW SHARAN 10-*CAPOT;0;;
61;1540;109.235470;1540;109.235470;CATEGORIA0;;1;1;0;1;;VW SHARAN/ALHAMBRA 10-*FRENTE COMPLETA;VW SHARAN/ALHAMBRA 10-*FRENTE COMPLETA;0;;
61;1540;109.235511;1540;109.235511;CATEGORIA0;;1;1;0;1;;VW TOUAREG 02-*G/LAMAS FRT DRT P/P;VW TOUAREG 02-*G/LAMAS FRT DRT P/P;0;;
61;1540;109.235512;1540;109.235512;CATEGORIA0;;1;1;0;1;;VW TOUAREG 02-*G/LAMAS FRT ESQ P/P;VW TOUAREG 02-*G/LAMAS FRT ESQ P/P;0;;
61;1540;109.235530;1540;109.235530;CATEGORIA0;;1;1;0;1;;VW TOUAREG 02-/08-*CAPOT (ALUMINIO);VW TOUAREG 02-/08-*CAPOT (ALUMINIO);0;;
61;1540;109.235570;1540;109.235570;CATEGORIA0;;1;1;0;1;;VW TOUAREG/CAYENNE 02-*FRENTE COMPLETA;VW TOUAREG/CAYENNE 02-*FRENTE COMPLETA;0;;
61;1540;109.235611;1540;109.235611;CATEGORIA0;;1;1;0;1;;VW UP 12-*G/LAMAS FRT DRT;VW UP 12-*G/LAMAS FRT DRT;0;;
61;1540;109.235612;1540;109.235612;CATEGORIA0;;1;1;0;1;;VW UP 12-*G/LAMAS FRT ESQ;VW UP 12-*G/LAMAS FRT ESQ;0;;
61;1540;109.235630;1540;109.235630;CATEGORIA0;;1;1;0;1;;VW UP 12-*CAPOT;VW UP 12-*CAPOT;0;;
61;1540;109.235670;1540;109.235670;CATEGORIA0;;1;1;0;1;;VW UP/CITIGO/MII 12-*FRENTE COMPLETA;VW UP/CITIGO/MII 12-*FRENTE COMPLETA;0;;
61;1540;109.235676;1540;109.235676;CATEGORIA0;;1;1;0;1;;VW UP/CITIGO/MII 12-*TRAVESSA INF RADIADOR;VW UP/CITIGO/MII 12-*TRAVESSA INF RADIADOR;0;;
61;1540;109.235711;1540;109.235711;CATEGORIA0;;1;1;0;1;;VW TIGUAN 08-*G/LAMAS FRT DRT;VW TIGUAN 08-*G/LAMAS FRT DRT;0;;
61;1540;109.235712;1540;109.235712;CATEGORIA0;;1;1;0;1;;VW TIGUAN 08-*G/LAMAS FRT ESQ;VW TIGUAN 08-*G/LAMAS FRT ESQ;0;;
61;1540;109.235730;1540;109.235730;CATEGORIA0;;1;1;0;1;;VW TIGUAN 08-*CAPOT (CHAPA);VW TIGUAN 08-*CAPOT (CHAPA);0;;
61;1540;109.235770;1540;109.235770;CATEGORIA0;;1;1;0;1;;VW TIGUAN 08-/11-*FRENTE COMPLETA;VW TIGUAN 08-/11-*FRENTE COMPLETA;0;;
61;1540;109.235775;1540;109.235775;CATEGORIA0;;1;1;0;1;;VW TIGUAN 08-/11-*TRAVESSA RADIADOR INF;VW TIGUAN 08-/11-*TRAVESSA RADIADOR INF;0;;
61;1540;109.235811;1540;109.235811;CATEGORIA0;;1;1;0;1;;VW PASSAT CC 08-*G/LAMAS FRT DRT;VW PASSAT CC 08-*G/LAMAS FRT DRT;0;;
61;1540;109.235812;1540;109.235812;CATEGORIA0;;1;1;0;1;;VW PASSAT CC 08-*G/LAMAS FRT ESQ;VW PASSAT CC 08-*G/LAMAS FRT ESQ;0;;
61;1540;109.235830;1540;109.235830;CATEGORIA0;;1;1;0;1;;VW PASSAT CC 08-11*CAPOT;VW PASSAT CC 08-11*CAPOT;0;;
61;1540;109.235870;1540;109.235870;CATEGORIA0;;1;1;0;1;;VW PASSAT CC 08-*FRENTE COMPLETA;VW PASSAT CC 08-*FRENTE COMPLETA;0;;
61;1540;109.235930;1540;109.235930;CATEGORIA0;;1;1;0;1;;VW PASSAT CC 12-*CAPOT;VW PASSAT CC 12-*CAPOT;0;;
61;1540;109.236211;1540;109.236211;CATEGORIA0;;1;1;0;1;;VW GOLF VII 13-* G/LAMAS FRT DRT;VW GOLF VII 13-* G/LAMAS FRT DRT;0;;
61;1540;109.236212;1540;109.236212;CATEGORIA0;;1;1;0;1;;VW GOLF VII 13-*G/ LAMAS FRT.ESQ.;VW GOLF VII 13-*G/ LAMAS FRT.ESQ.;0;;
61;1540;109.236230;1540;109.236230;CATEGORIA0;;1;1;0;1;;VW GOLF VII 13-*CAPOT;VW GOLF VII 13-*CAPOT;0;;
61;1540;109.236270;1540;109.236270;CATEGORIA0;;1;1;0;1;;FRENTE FIBRA VW;FRENTE FIBRA VW;0;;
61;1540;109.236271;1540;109.236271;CATEGORIA0;;1;1;0;1;;VW GOLF VII 13-*FRT (1.6&2.0TDI/1.4TFSI)5G0805588L;VW GOLF VII 13-*FRT (1.6&2.0TDI/1.4TFSI)5G0805588L;0;;
61;1540;109.236371;1540;109.236371;CATEGORIA0;;1;1;0;1;;VW POLO 14-*FRENTE COMPLETA (DIESEL T/MODELOS);VW POLO 14-*FRENTE COMPLETA (DIESEL T/MODELOS);0;;
61;1540;109.236372;1540;109.236372;CATEGORIA0;;1;1;0;1;;VW POLO 14-*FRENTE COMPLETA (GASOLINA 1.2TSI);VW POLO 14-*FRENTE COMPLETA (GASOLINA 1.2TSI);0;;
61;1540;109.236411;1540;109.236411;CATEGORIA0;;1;1;0;1;;VW PASSAT 15-*G/LAMAS FRT DRT;VW PASSAT 15-*G/LAMAS FRT DRT;0;;
61;1540;109.236412;1540;109.236412;CATEGORIA0;;1;1;0;1;;VW PASSAT 15-*G/LAMAS FRT ESQ;VW PASSAT 15-*G/LAMAS FRT ESQ;0;;
61;1540;109.236430;1540;109.236430;CATEGORIA0;;1;1;0;1;;VW PASSAT 15-*CAPOT;VW PASSAT 15-*CAPOT;0;;
61;1540;109.236470;1540;109.236470;CATEGORIA0;;1;1;0;1;;VW PASSAT 15-*FRENTE 1.4TSI 92KW(125CV);VW PASSAT 15-*FRENTE 1.4TSI 92KW(125CV);0;;
61;1540;109.236471;1540;109.236471;CATEGORIA0;;1;1;0;1;;VW PASSAT 15-*FRENTE 1.4TSI 150CV/1.8TSI/2.0TSI/1.6TDI/2.0TD;VW PASSAT 15-*FRENTE 1.4TSI 150CV/1.8TSI/2.0TSI/1.6TDI/2.0TD;0;;
61;1540;109.236511;1540;109.236511;CATEGORIA0;;1;1;0;1;;VW TOUAREG 08-*G/LAMAS FRT DRT P/P;VW TOUAREG 08-*G/LAMAS FRT DRT P/P;0;;
61;1540;109.236512;1540;109.236512;CATEGORIA0;;1;1;0;1;;VW TOUAREG 08-*G/LAMAS FRT ESQ P/P;VW TOUAREG 08-*G/LAMAS FRT ESQ P/P;0;;
61;1540;109.236670;1540;109.236670;CATEGORIA0;;1;1;0;1;;VW TOUAREG 10-*FRENTE COMPLETA;VW TOUAREG 10-*FRENTE COMPLETA;0;;
61;1540;109.236711;1540;109.236711;CATEGORIA0;;1;1;0;1;;VW TRANSPORTER 16-*G/LAMAS FRT DRT;VW TRANSPORTER 16-*G/LAMAS FRT DRT;0;;
61;1540;109.236712;1540;109.236712;CATEGORIA0;;1;1;0;1;;VW TRANSPORTER 16-*G/LAMAS FRT ESQ;VW TRANSPORTER 16-*G/LAMAS FRT ESQ;0;;
61;1540;109.236730;1540;109.236730;CATEGORIA0;;1;1;0;1;;VW TRANSPORTER 16-*CAPOT;VW TRANSPORTER 16-*CAPOT;0;;
61;1540;109.236770;1540;109.236770;CATEGORIA0;;1;1;0;1;;VW TRANSPORTER T6 2016-*FRENTE;VW TRANSPORTER T6 2016-*FRENTE;0;;
61;1540;109.236911;1540;109.236911;CATEGORIA0;;1;1;0;1;;VW TOURAN 15-*G/LAMAS FRT DRT;VW TOURAN 15-*G/LAMAS FRT DRT;0;;
61;1540;109.236912;1540;109.236912;CATEGORIA0;;1;1;0;1;;VW TOURAN 15-*G/LAMAS FRT ESQ;VW TOURAN 15-*G/LAMAS FRT ESQ;0;;
61;1540;109.236930;1540;109.236930;CATEGORIA0;;1;1;0;1;;VW TOURAN 15-*CAPOT;VW TOURAN 15-*CAPOT;0;;
61;1540;109.236970;1540;109.236970;CATEGORIA0;;1;1;0;1;;VW TOURAN 15-*FRENTE COMPLETA;VW TOURAN 15-*FRENTE COMPLETA;0;;
61;1540;109.237011;1540;109.237011;CATEGORIA0;;1;1;0;1;;VW BEETLE 11-*G/LAMAS FRT DRT;VW BEETLE 11-*G/LAMAS FRT DRT;0;;
61;1540;109.237012;1540;109.237012;CATEGORIA0;;1;1;0;1;;VW BEETLE 11-*G/LAMAS FRT ESQ;VW BEETLE 11-*G/LAMAS FRT ESQ;0;;
61;1540;109.237030;1540;109.237030;CATEGORIA0;;1;1;0;1;;VW BEETLE 11-*CAPOT;VW BEETLE 11-*CAPOT;0;;
61;1540;109.237070;1540;109.237070;CATEGORIA0;;1;1;0;1;;VW BEETLE 11-*FRENTE;VW BEETLE 11-*FRENTE;0;;
61;1540;109.237111;1540;109.237111;CATEGORIA0;;1;1;0;1;;VW CADDY 16-*G/LAMAS FRT DRT;VW CADDY 16-*G/LAMAS FRT DRT;0;;
61;1540;109.237112;1540;109.237112;CATEGORIA0;;1;1;0;1;;VW CADDY 16-*G/LAMAS FRT ESQ;VW CADDY 16-*G/LAMAS FRT ESQ;0;;
61;1540;109.237130;1540;109.237130;CATEGORIA0;;1;1;0;1;;VW CADDY 16-*CAPOT;VW CADDY 16-*CAPOT;0;;
61;1540;109.237170;1540;109.237170;CATEGORIA0;;1;1;0;1;;VW CADDY 16-*FRENTE COMPLETA;VW CADDY 16-*FRENTE COMPLETA;0;;
61;1540;109.237211;1540;109.237211;CATEGORIA0;;1;1;0;1;;VW TIGUAN 16-*G/LAMAS FRT DRT;VW TIGUAN 16-*G/LAMAS FRT DRT;0;;
61;1540;109.237212;1540;109.237212;CATEGORIA0;;1;1;0;1;;VW TIGUAN 16-*G/LAMAS FRT ESQ;VW TIGUAN 16-*G/LAMAS FRT ESQ;0;;
61;1540;109.237230;1540;109.237230;CATEGORIA0;;1;1;0;1;;VW TIGUAN 16-*CAPOT;VW TIGUAN 16-*CAPOT;0;;
61;1540;109.237270;1540;109.237270;CATEGORIA0;;1;1;0;1;;VW TIGUAN 2016.01-*FRENTE COMPLETA 1.4 TSI/2.0 TDI;VW TIGUAN 2016.01-*FRENTE COMPLETA 1.4 TSI/2.0 TDI;0;;
61;1540;109.237370;1540;109.237370;CATEGORIA0;;1;1;0;1;;VW JETTA 15-*FRENTE COMPLETA;VW JETTA 15-*FRENTE COMPLETA;0;;
61;1540;109.237411;1540;109.237411;CATEGORIA0;;1;1;0;1;;VW GOLF VII SPORTSVAN 2014.02-*G/LAMAS FRT DRT;VW GOLF VII SPORTSVAN 2014.02-*G/LAMAS FRT DRT;0;;
61;1540;109.237412;1540;109.237412;CATEGORIA0;;1;1;0;1;;VW GOLF VII SPORTSVAN 2014.02-*G/LAMAS FRT ESQ;VW GOLF VII SPORTSVAN 2014.02-*G/LAMAS FRT ESQ;0;;
61;1540;109.237430;1540;109.237430;CATEGORIA0;;1;1;0;1;;VW GOLF VII SPORTSVAN 2014.02-*CAPOT;VW GOLF VII SPORTSVAN 2014.02-*CAPOT;0;;
61;1540;109.237511;1540;109.237511;CATEGORIA0;;1;1;0;1;;VW AMAROK 2010.09-*G/LAMAS FRT DRT C/FURO PISCA;VW AMAROK 2010.09-*G/LAMAS FRT DRT C/FURO PISCA;0;;
61;1540;109.237512;1540;109.237512;CATEGORIA0;;1;1;0;1;;VW AMAROK 2010.09-*G/LAMAS FRT ESQ C/FURO PISCA;VW AMAROK 2010.09-*G/LAMAS FRT ESQ C/FURO PISCA;0;;
61;1540;109.237530;1540;109.237530;CATEGORIA0;;1;1;0;1;;VW AMAROK 2010.09-*CAPOT;VW AMAROK 2010.09-*CAPOT;0;;
61;1540;109.237575;1540;109.237575;CATEGORIA0;;1;1;0;1;;VW AMAROK 2010.09-*TRAVESSA FRT SUP;VW AMAROK 2010.09-*TRAVESSA FRT SUP;0;;
61;1540;109.237611;1540;109.237611;CATEGORIA0;;1;1;0;1;;VW GOLF VII 2017.01-*G/LAMAS FRT DRT;VW GOLF VII 2017.01-*G/LAMAS FRT DRT;0;;
61;1540;109.237612;1540;109.237612;CATEGORIA0;;1;1;0;1;;VW GOLF VII 2017.01-*G/LAMAS FRT ESQ;VW GOLF VII 2017.01-*G/LAMAS FRT ESQ;0;;
61;1540;109.237811;1540;109.237811;CATEGORIA0;;1;1;0;1;;VW POLO 2017.09-*G/LAMAS FRT DRT;VW POLO 2017.09-*G/LAMAS FRT DRT;0;;
61;1540;109.237812;1540;109.237812;CATEGORIA0;;1;1;0;1;;GUARDA-LAMA ESQ.;GUARDA-LAMA ESQ.;0;;
61;1540;109.237830;1540;109.237830;CATEGORIA0;;1;1;0;1;;VW POLO 2017.09-*CAPOT;VW POLO 2017.09-*CAPOT;0;;
61;1540;109.237870;1540;109.237870;CATEGORIA0;;1;1;0;1;;FRENTE;FRENTE;0;;
61;1540;109.237871;1540;109.237871;CATEGORIA0;;1;1;0;1;;VW POLO 2017.09-*FRENTE COMPLETA(1.0 TSI 90/95CV);VW POLO 2017.09-*FRENTE COMPLETA(1.0 TSI 90/95CV);0;;
61;1540;109.237880;1540;109.237880;CATEGORIA0;;1;1;0;1;;VW POLO 2017.09-*SUPORTE FAROL DRT;VW POLO 2017.09-*SUPORTE FAROL DRT;0;;
61;1540;109.237881;1540;109.237881;CATEGORIA0;;1;1;0;1;;SUPORTE FAROL;SUPORTE FAROL;0;;
61;1540;109.237911;1540;109.237911;CATEGORIA0;;1;1;0;1;;VW CRAFTER 2017.01-*G/LAMAS FRT DRT;VW CRAFTER 2017.01-*G/LAMAS FRT DRT;0;;
61;1540;109.237912;1540;109.237912;CATEGORIA0;;1;1;0;1;;VW CRAFTER 2017.01-*G/LAMAS FRT ESQ;VW CRAFTER 2017.01-*G/LAMAS FRT ESQ;0;;
61;1540;109.237930;1540;109.237930;CATEGORIA0;;1;1;0;1;;VW CRAFTER 2017.01-*CAPOT;VW CRAFTER 2017.01-*CAPOT;0;;
61;1540;109.237970;1540;109.237970;CATEGORIA0;;1;1;0;1;;VW CRAFTER 2017.01-*FRENTE;VW CRAFTER 2017.01-*FRENTE;0;;
61;1540;109.238111;1540;109.238111;CATEGORIA0;;1;1;0;1;;VW T-ROC 2017.07-*G/LAMAS FRT DRT C/FURO ABA;VW T-ROC 2017.07-*G/LAMAS FRT DRT C/FURO ABA;0;;
61;1540;109.238112;1540;109.238112;CATEGORIA0;;1;1;0;1;;VW T-ROC 2017.07-*G/LAMAS FRT ESQ C/FURO ABA;VW T-ROC 2017.07-*G/LAMAS FRT ESQ C/FURO ABA;0;;
61;1540;109.238130;1540;109.238130;CATEGORIA0;;1;1;0;1;;VW T-ROC 2017.07-*CAPOT;VW T-ROC 2017.07-*CAPOT;0;;
61;1540;109.238170;1540;109.238170;CATEGORIA0;;1;1;0;1;;VW T-ROC 2017.07-*FRENTE(1.0/1.5/1.8 TSI);VW T-ROC 2017.07-*FRENTE(1.0/1.5/1.8 TSI);0;;
61;1540;109.238211;1540;109.238211;CATEGORIA0;;1;1;0;1;;VW GOLF VIII 2019.07-*G/LAMAS FRT DRT;VW GOLF VIII 2019.07-*G/LAMAS FRT DRT;0;;
61;1540;109.238212;1540;109.238212;CATEGORIA0;;1;1;0;1;;VW GOLF VIII 2019.07-*G/LAMAS FRT ESQ;VW GOLF VIII 2019.07-*G/LAMAS FRT ESQ;0;;
61;1540;109.238270;1540;109.238270;CATEGORIA0;;1;1;0;1;;VW GOLF VIII 2019.07-*FRENTE COMPLETA;VW GOLF VIII 2019.07-*FRENTE COMPLETA;0;;
61;1540;109.238311;1540;109.238311;CATEGORIA0;;1;1;0;1;;VW T-CROSS 2018.12-*G/LAMAS FRT DRT;VW T-CROSS 2018.12-*G/LAMAS FRT DRT;0;;
61;1540;109.238312;1540;109.238312;CATEGORIA0;;1;1;0;1;;VW T-CROSS 2018.12-*G/LAMAS FRT ESQ;VW T-CROSS 2018.12-*G/LAMAS FRT ESQ;0;;
61;1540;109.238330;1540;109.238330;CATEGORIA0;;1;1;0;1;;VW T-CROSS 2018.12-*CAPOT;VW T-CROSS 2018.12-*CAPOT;0;;
61;1540;109.238611;1540;109.238611;CATEGORIA0;;1;1;0;1;;VW CADDY V 2020.09-*G/LAMAS FRT DRT;VW CADDY V 2020.09-*G/LAMAS FRT DRT;0;;
61;1540;109.238612;1540;109.238612;CATEGORIA0;;1;1;0;1;;VW CADDY V 2020.09-*G/LAMAS FRT ESQ;VW CADDY V 2020.09-*G/LAMAS FRT ESQ;0;;
61;1540;109.240113;1540;109.240113;CATEGORIA0;;1;1;0;1;;VOLVO 440/460 94-*G/LAMAS FRT DRT;VOLVO 440/460 94-*G/LAMAS FRT DRT;0;;
61;1540;109.240130;1540;109.240130;CATEGORIA0;;1;1;0;1;;VOLVO 440/460 86-91*CAPOT;VOLVO 440/460 86-91*CAPOT;0;;
61;1540;109.240230;1540;109.240230;CATEGORIA0;;1;1;0;1;;VOLVO 440/460 91-93*CAPOT;VOLVO 440/460 91-93*CAPOT;0;;
61;1540;109.240311;1540;109.240311;CATEGORIA0;;1;1;0;1;;VOLVO S40/V40 96-*G/LAMAS FRT DRT;VOLVO S40/V40 96-*G/LAMAS FRT DRT;0;;
61;1540;109.240312;1540;109.240312;CATEGORIA0;;1;1;0;1;;VOLVO S40/V40 96-*G/LAMAS FRT ESQ;VOLVO S40/V40 96-*G/LAMAS FRT ESQ;0;;
61;1540;109.240330;1540;109.240330;CATEGORIA0;;1;1;0;1;;VOLVO S40/V40 96-*CAPOT;VOLVO S40/V40 96-*CAPOT;0;;
61;1540;109.240411;1540;109.240411;CATEGORIA0;;1;1;0;1;;VOLVO S70/V70 96-*G/LAMAS FRT DRT;VOLVO S70/V70 96-*G/LAMAS FRT DRT;0;;
61;1540;109.240412;1540;109.240412;CATEGORIA0;;1;1;0;1;;VOLVO S70/V70 96-*G/LAMAS FRT ESQ;VOLVO S70/V70 96-*G/LAMAS FRT ESQ;0;;
61;1540;109.240430;1540;109.240430;CATEGORIA0;;1;1;0;1;;VOLVO S70/V70 96-*CAPOT;VOLVO S70/V70 96-*CAPOT;0;;
61;1540;109.240470;1540;109.240470;CATEGORIA0;;1;1;0;1;;VOLVO S70/V70 96-*FRENTE;VOLVO S70/V70 96-*FRENTE;0;;
61;1540;109.240475;1540;109.240475;CATEGORIA0;;1;1;0;1;;VOLVO S70/V70 96-*TRAVESSA FRT INF;VOLVO S70/V70 96-*TRAVESSA FRT INF;0;;
61;1540;109.240611;1540;109.240611;CATEGORIA0;;1;1;0;1;;VOLVO S40/V50 04-*G/LAMAS FRT DRT;VOLVO S40/V50 04-*G/LAMAS FRT DRT;0;;
61;1540;109.240612;1540;109.240612;CATEGORIA0;;1;1;0;1;;G/LAMAS FRT. ESQ.;G/LAMAS FRT. ESQ.;0;;
61;1540;109.240631;1540;109.240631;CATEGORIA0;;1;1;0;1;;VOLVO S40/V50 04-*CAPOT (CHAPA);VOLVO S40/V50 04-*CAPOT (CHAPA);0;;
61;1540;109.240670;1540;109.240670;CATEGORIA0;;1;1;0;1;;VOLVO S40/V50 04-*FRENTE;VOLVO S40/V50 04-*FRENTE;0;;
61;1540;109.240711;1540;109.240711;CATEGORIA0;;1;1;0;1;;VOLVO S60 01-* G/LAMAS FRT DRT;VOLVO S60 01-* G/LAMAS FRT DRT;0;;
61;1540;109.240712;1540;109.240712;CATEGORIA0;;1;1;0;1;;VOLVO S60 01-* G/LAMAS FRT ESQ;VOLVO S60 01-* G/LAMAS FRT ESQ;0;;
61;1540;109.240730;1540;109.240730;CATEGORIA0;;1;1;0;1;;VOLVO S60/V70 01-*CAPOT;VOLVO S60/V70 01-*CAPOT;0;;
61;1540;109.240731;1540;109.240731;CATEGORIA0;;1;1;0;1;;VOLVO S60/V70 01-*CAPOT (ALUMINIO);VOLVO S60/V70 01-*CAPOT (ALUMINIO);0;;
61;1540;109.240770;1540;109.240770;CATEGORIA0;;1;1;0;1;;VOLVO S60 01-* FRENTE COMPLETA;VOLVO S60 01-* FRENTE COMPLETA;0;;
61;1540;109.240811;1540;109.240811;CATEGORIA0;;1;1;0;1;;VOLVO 850 92-*G/LAMAS FRT DRT;VOLVO 850 92-*G/LAMAS FRT DRT;0;;
61;1540;109.240812;1540;109.240812;CATEGORIA0;;1;1;0;1;;VOLVO 850 92-*G/LAMAS FRT ESQ;VOLVO 850 92-*G/LAMAS FRT ESQ;0;;
61;1540;109.240911;1540;109.240911;CATEGORIA0;;1;1;0;1;;VOLVO S80 99-*G/LAMAS FRT DRT;VOLVO S80 99-*G/LAMAS FRT DRT;0;;
61;1540;109.240912;1540;109.240912;CATEGORIA0;;1;1;0;1;;VOLVO S80 99-*G/LAMAS FRT ESQ;VOLVO S80 99-*G/LAMAS FRT ESQ;0;;
61;1540;109.240930;1540;109.240930;CATEGORIA0;;1;1;0;1;;VOLVO S80 99-*CAPOT (CHAPA);VOLVO S80 99-*CAPOT (CHAPA);0;;
61;1540;109.240931;1540;109.240931;CATEGORIA0;;1;1;0;1;;VOLVO S80 99-*CAPOT (ALUMINIO);VOLVO S80 99-*CAPOT (ALUMINIO);0;;
61;1540;109.240970;1540;109.240970;CATEGORIA0;;1;1;0;1;;VOLVO S80 99-*FRENTE COMPLETA;VOLVO S80 99-*FRENTE COMPLETA;0;;
61;1540;109.241411;1540;109.241411;CATEGORIA0;;1;1;0;1;;VOLVO XC90 02-*G/LAMAS FRT DRT;VOLVO XC90 02-*G/LAMAS FRT DRT;0;;
61;1540;109.241412;1540;109.241412;CATEGORIA0;;1;1;0;1;;VOLVO XC90 02-*G/LAMAS FRT ESQ;VOLVO XC90 02-*G/LAMAS FRT ESQ;0;;
61;1540;109.241430;1540;109.241430;CATEGORIA0;;1;1;0;1;;VOLVO XC90 02-*CAPOT (CHAPA);VOLVO XC90 02-*CAPOT (CHAPA);0;;
61;1540;109.241711;1540;109.241711;CATEGORIA0;;1;1;0;1;;VOLVO S40/V40 01-03-*G/LAMAS FRT DRT(CHAPA);VOLVO S40/V40 01-03-*G/LAMAS FRT DRT(CHAPA);0;;
61;1540;109.241712;1540;109.241712;CATEGORIA0;;1;1;0;1;;VOLVO S40/V40 01-03-*G/LAMAS FRT ESQ(CHAPA);VOLVO S40/V40 01-03-*G/LAMAS FRT ESQ(CHAPA);0;;
61;1540;109.241811;1540;109.241811;CATEGORIA0;;1;1;0;1;;VOLVO XC70/V70/S80 07-*G/LAMAS FRT DRT;VOLVO XC70/V70/S80 07-*G/LAMAS FRT DRT;0;;
61;1540;109.241812;1540;109.241812;CATEGORIA0;;1;1;0;1;;VOLVO XC70/V70/S80 07-*G/LAMAS FRT ESQ;VOLVO XC70/V70/S80 07-*G/LAMAS FRT ESQ;0;;
61;1540;109.241830;1540;109.241830;CATEGORIA0;;1;1;0;1;;VOLVO XC70/V70/S80 07-*CAPOT (CHAPA);VOLVO XC70/V70/S80 07-*CAPOT (CHAPA);0;;
61;1540;109.241870;1540;109.241870;CATEGORIA0;;1;1;0;1;;VOLVO XC70/V70/S80 07-*FRENTE COMPLETA;VOLVO XC70/V70/S80 07-*FRENTE COMPLETA;0;;
61;1540;109.241911;1540;109.241911;CATEGORIA0;;1;1;0;1;;VOLVO V40 12-*G/LAMAS FRT DRT;VOLVO V40 12-*G/LAMAS FRT DRT;0;;
61;1540;109.241912;1540;109.241912;CATEGORIA0;;1;1;0;1;;VOLVO V40 12-*G/LAMAS FRT ESQ;VOLVO V40 12-*G/LAMAS FRT ESQ;0;;
61;1540;109.242111;1540;109.242111;CATEGORIA0;;1;1;0;1;;VOLVO S60/V60 10-* G/LAMAS FRT DRT;VOLVO S60/V60 10-* G/LAMAS FRT DRT;0;;
61;1540;109.242112;1540;109.242112;CATEGORIA0;;1;1;0;1;;VOLVO S60/V60 10-* G/LAMAS FRT ESQ;VOLVO S60/V60 10-* G/LAMAS FRT ESQ;0;;
61;1540;109.242130;1540;109.242130;CATEGORIA0;;1;1;0;1;;VOLVO S60/V60 10-* CAPOT (CHAPA);VOLVO S60/V60 10-* CAPOT (CHAPA);0;;
61;1540;109.242131;1540;109.242131;CATEGORIA0;;1;1;0;1;;VOLVO S60/V60 10-* CAPOT (ALUMINIO);VOLVO S60/V60 10-* CAPOT (ALUMINIO);0;;
61;1540;109.242211;1540;109.242211;CATEGORIA0;;1;1;0;1;;VOLVO XC60 08-*G/LAMAS FRT DRT;VOLVO XC60 08-*G/LAMAS FRT DRT;0;;
61;1540;109.242212;1540;109.242212;CATEGORIA0;;1;1;0;1;;VOLVO XC60 08-*G/LAMAS FRT ESQ;VOLVO XC60 08-*G/LAMAS FRT ESQ;0;;
61;1540;109.242230;1540;109.242230;CATEGORIA0;;1;1;0;1;;VOLVO XC60 08-*CAPOT (CHAPA);VOLVO XC60 08-*CAPOT (CHAPA);0;;
61;1540;109.242231;1540;109.242231;CATEGORIA0;;1;1;0;1;;VOLVO XC60 08-*CAPOT (ALUMINIO);VOLVO XC60 08-*CAPOT (ALUMINIO);0;;
61;1540;109.242531;1540;109.242531;CATEGORIA0;;1;1;0;1;;VOLVO XC60 2013.04-*CAPOT (ALUMINIO);VOLVO XC60 2013.04-*CAPOT (ALUMINIO);0;;
61;1540;109.242611;1540;109.242611;CATEGORIA0;;1;1;0;1;;VOLVO S60/V60 2013.01-* G/LAMAS FRT DRT;VOLVO S60/V60 2013.01-* G/LAMAS FRT DRT;0;;
61;1540;109.242612;1540;109.242612;CATEGORIA0;;1;1;0;1;;VOLVO S60/V60 2013.01-* G/LAMAS FRT ESQ;VOLVO S60/V60 2013.01-* G/LAMAS FRT ESQ;0;;
61;1540;109.242630;1540;109.242630;CATEGORIA0;;1;1;0;1;;VOLVO S60/V60 2013.01-* CAPOT (CHAPA);VOLVO S60/V60 2013.01-* CAPOT (CHAPA);0;;
61;1540;109.242811;1540;109.242811;CATEGORIA0;;1;1;0;1;;VOLVO XC60 2017.03-*G/LAMAS FRT DRT(ALUMINIO);VOLVO XC60 2017.03-*G/LAMAS FRT DRT(ALUMINIO);0;;
61;1540;109.242812;1540;109.242812;CATEGORIA0;;1;1;0;1;;VOLVO XC60 2017.03-*G/LAMAS FRT ESQ(ALUMINIO);VOLVO XC60 2017.03-*G/LAMAS FRT ESQ(ALUMINIO);0;;
61;1540;10IFR0110101;1540;10IFR0110101;CATEGORIA0;;1;1;0;1;;FRENTE;FRENTE;0;;
61;1540;10IFR0110130;1540;10IFR0110130;CATEGORIA0;;1;1;0;1;;REVESTIMENTO RADIADOR;REVESTIMENTO RADIADOR;0;;
61;1540;10IFR0110139;1540;10IFR0110139;CATEGORIA0;;1;1;0;1;;FRENTE;FRENTE;0;;
61;1540;10IFR0110219;1540;10IFR0110219;CATEGORIA0;;1;1;0;1;;FRENTE;FRENTE;0;;
61;1540;10IFR0110241;1540;10IFR0110241;CATEGORIA0;;1;1;0;1;;FRENTE;FRENTE;0;;
61;1540;10IFR0110244;1540;10IFR0110244;CATEGORIA0;;1;1;0;1;;FRENTE;FRENTE;0;;
61;1540;10IFR0110312;1540;10IFR0110312;CATEGORIA0;;1;1;0;1;;FRENTE;FRENTE;0;;
61;1573;11-0003-41-2;1573;110003412;CATEGORIA0;;1;1;0;1;;* 323 02/01-FAROLIM TR DIR 4P TYC;* 323 02/01-FAROLIM TR DIR 4P TYC;0;;
61;1573;11-0004-11-2;1573;110004112;CATEGORIA0;;1;1;0;1;;* 323 10/98-FAROLIM TR ESQ 4P TYC;* 323 10/98-FAROLIM TR ESQ 4P TYC;0;;
61;1573;11-0005-01-2;1573;110005012;CATEGORIA0;;1;1;0;1;;A4 02/99-FAROLIM TR DIR (AUTOMOVEL) TYC;A4 02/99-FAROLIM TR DIR (AUTOMOVEL) TYC;0;;
61;1573;11-0006-01-2;1573;110006012;CATEGORIA0;;1;1;0;1;;A4 02/99-FAROLIM TR ESQ (AUTOMOVEL) TYC;A4 02/99-FAROLIM TR ESQ (AUTOMOVEL) TYC;0;;
61;1573;11-0011-01-2;1573;110011012;CATEGORIA0;;1;1;0;1;;E46 02/98-FAROLIM TR DIR EXT C/P/LAR (CARRINHA) TYC;E46 02/98-FAROLIM TR DIR EXT C/P/LAR (CARRINHA) TYC;0;;
61;1573;11-0011-11-2;1573;110011112;CATEGORIA0;;1;1;0;1;;E46 02/98-FAROLIM TR DIR EXT C/P/BRA (CARRINHA) TYC;E46 02/98-FAROLIM TR DIR EXT C/P/BRA (CARRINHA) TYC;0;;
61;1573;11-0012-01-2;1573;110012012;CATEGORIA0;;1;1;0;1;;E46 02/98-FAROLIM TR ESQ EXT C/P/LAR (CARRINHA) TYC;E46 02/98-FAROLIM TR ESQ EXT C/P/LAR (CARRINHA) TYC;0;;
61;1573;11-0012-11-2;1573;110012112;CATEGORIA0;;1;1;0;1;;E46 02/98-FAROLIM TR ESQ EXT C/P/BRA (CARRINHA) TYC;E46 02/98-FAROLIM TR ESQ EXT C/P/BRA (CARRINHA) TYC;0;;
61;1573;11-0019-01-2;1573;110019012;CATEGORIA0;;1;1;0;1;;SAXO 09/99-FAROLIM TR DIR TYC;SAXO 09/99-FAROLIM TR DIR TYC;0;;
61;1573;11-0020-01-2;1573;110020012;CATEGORIA0;;1;1;0;1;;SAXO 09/99-FAROLIM TR ESQ TYC;SAXO 09/99-FAROLIM TR ESQ TYC;0;;
61;1573;11-0029-01-2;1573;110029012;CATEGORIA0;;1;1;0;1;;FIESTA 11/95-/121 96-FAROLIM TR DIR TYC;FIESTA 11/95-/121 96-FAROLIM TR DIR TYC;0;;
61;1573;11-0030-01-2;1573;110030012;CATEGORIA0;;1;1;0;1;;FIESTA 11/95-/121 96-FAROLIM TR ESQ TYC;FIESTA 11/95-/121 96-FAROLIM TR ESQ TYC;0;;
61;1573;11-0041-01-2;1573;110041012;CATEGORIA0;;1;1;0;1;;TRANSIT 04/00-FAROLIM TR DIR TYC;TRANSIT 04/00-FAROLIM TR DIR TYC;0;;
61;1573;11-0042-01-2;1573;110042012;CATEGORIA0;;1;1;0;1;;TRANSIT 04/00-FAROLIM TR ESQ TYC;TRANSIT 04/00-FAROLIM TR ESQ TYC;0;;
61;1573;11-0111-01-2;1573;110111012;CATEGORIA0;;1;1;0;1;;VECTRA 02/99-FAROLIM TR DIR (CARRINHA) TYC;VECTRA 02/99-FAROLIM TR DIR (CARRINHA) TYC;0;;
61;1573;11-0112-01-2;1573;110112012;CATEGORIA0;;1;1;0;1;;VECTRA 02/99-FAROLIM TR ESQ (CARRINHA) TYC;VECTRA 02/99-FAROLIM TR ESQ (CARRINHA) TYC;0;;
61;1573;11-0113-01-2;1573;110113012;CATEGORIA0;;1;1;0;1;;ZAFIRA 03/99-FAROLIM TR DIR C/PISCA LARANJA TYC;ZAFIRA 03/99-FAROLIM TR DIR C/PISCA LARANJA TYC;0;;
61;1573;11-0113-11-2;1573;110113112;CATEGORIA0;;1;1;0;1;;ZAFIRA 01/03-FAROLIM TR DIR C/PISCA BRANCO TYC;ZAFIRA 01/03-FAROLIM TR DIR C/PISCA BRANCO TYC;0;;
61;1573;11-0114-01-2;1573;110114012;CATEGORIA0;;1;1;0;1;;ZAFIRA 03/99-FAROLIM TR ESQ C/PISCA LARANJA TYC;ZAFIRA 03/99-FAROLIM TR ESQ C/PISCA LARANJA TYC;0;;
61;1573;11-0114-11-2;1573;110114112;CATEGORIA0;;1;1;0;1;;ZAFIRA 01/03-FAROLIM TR ESQ C/PISCA BRANCO TYC;ZAFIRA 01/03-FAROLIM TR ESQ C/PISCA BRANCO TYC;0;;
61;1573;11-0115-01-2;1573;110115012;CATEGORIA0;;1;1;0;1;;206 09/98-FAROLIM TR DIR TYC;206 09/98-FAROLIM TR DIR TYC;0;;
61;1100;11-0116-01-2;1100;110116012;CATEGORIA0;;1;1;0;1;;FAROLIM TRÁS ESQ;FAROLIM TRÁS ESQ;0;;
61;1573;11-0125-01-2;1573;110125012;CATEGORIA0;;1;1;0;1;;IBIZA 08/99-FAROLIM TR DIR EXTERIOR TYC;IBIZA 08/99-FAROLIM TR DIR EXTERIOR TYC;0;;
61;1573;11-0126-01-2;1573;110126012;CATEGORIA0;;1;1;0;1;;IBIZA 08/99-FAROLIM TR ESQ EXTERIOR TYC;IBIZA 08/99-FAROLIM TR ESQ EXTERIOR TYC;0;;
61;1573;11-0145-05-2;1573;110145052;CATEGORIA0;;1;1;0;1;;FAROLIM TR. DRT. COROLLA 97-;FAROLIM TR. DRT. COROLLA 97-;0;;
61;1573;11-0146-05-2;1573;110146052;CATEGORIA0;;1;1;0;1;;STOP ESQ. TOYOTA COROLLA 97-;STOP ESQ. TOYOTA COROLLA 97-;0;;
61;1573;11-0167-05-2;1573;110167052;CATEGORIA0;;1;1;0;1;;FAROLIM TRÁS DRT;FAROLIM TRÁS DRT;0;;
61;1573;11-0168-05-2;1573;110168052;CATEGORIA0;;1;1;0;1;;PASSAT 11/00-FAROLIM TR ESQ 4P TYC;PASSAT 11/00-FAROLIM TR ESQ 4P TYC;0;;
61;1573;11-0171-01-2;1573;110171012;CATEGORIA0;;1;1;0;1;;POLO 10/01-FAROLIM TR DIR C/P/BRANCO TYC;POLO 10/01-FAROLIM TR DIR C/P/BRANCO TYC;0;;
61;1573;11-0172-01-2;1573;110172012;CATEGORIA0;;1;1;0;1;;POLO 10/01-FAROLIM TR ESQ C/P/BRANCO TYC;POLO 10/01-FAROLIM TR ESQ C/P/BRANCO TYC;0;;
61;1573;11-0197-01-2;1573;110197012;CATEGORIA0;;1;1;0;1;;GOLF IV 10/97-FAROLIM TR DIR C/PISCA LARANJA 3/5P TYC;GOLF IV 10/97-FAROLIM TR DIR C/PISCA LARANJA 3/5P TYC;0;;
61;1573;11-0197-11-2;1573;110197112;CATEGORIA0;;1;1;0;1;;GOLF IV 10/97-FAROLIM TR DIR C/PISCA BRANCO 3/5P TYC;GOLF IV 10/97-FAROLIM TR DIR C/PISCA BRANCO 3/5P TYC;0;;
61;1573;11-0198-01-2;1573;110198012;CATEGORIA0;;1;1;0;1;;STOP ESQ.(PISCA LARANJA) GOLF IV;STOP ESQ.(PISCA LARANJA) GOLF IV;0;;
61;1573;11-0198-11-2;1573;110198112;CATEGORIA0;;1;1;0;1;;FAROLIM TRÁS ESQ;FAROLIM TRÁS ESQ;0;;
61;1573;11-0201-01-2;1573;110201012;CATEGORIA0;;1;1;0;1;;A4 02/99-FAROLIM TR DIR (CARRINHA) TYC;A4 02/99-FAROLIM TR DIR (CARRINHA) TYC;0;;
61;1573;11-0202-01-2;1573;110202012;CATEGORIA0;;1;1;0;1;;A4 02/99-FAROLIM TR ESQ (CARRINHA) TYC;A4 02/99-FAROLIM TR ESQ (CARRINHA) TYC;0;;
61;1540;11-0203-01-2;1540;02041770;CATEGORIA0;;1;1;0;1;;STOP DTO AUDI A3 96-;STOP DTO AUDI A3 96-;0;;
61;1573;11-0203-01-2;1573;110203012;CATEGORIA0;;1;1;0;1;;A3 09/96-FAROLIM TR DIR TYC;A3 09/96-FAROLIM TR DIR TYC;0;;
61;1573;11-0204-01-2;1573;110204012;CATEGORIA0;;1;1;0;1;;A3 09/96-FAROLIM TR ESQ TYC;A3 09/96-FAROLIM TR ESQ TYC;0;;
61;1573;11-0205-01-2;1573;110205012;CATEGORIA0;;1;1;0;1;;PASSAT 10/96-FAROLIM TR DIR 4P (VERM+BRANCO) TYC;PASSAT 10/96-FAROLIM TR DIR 4P (VERM+BRANCO) TYC;0;;
61;1573;11-0206-01-2;1573;110206012;CATEGORIA0;;1;1;0;1;;PASSAT 10/96-FAROLIM TR ESQ 4P (VERM+BRANCO) TYC;PASSAT 10/96-FAROLIM TR ESQ 4P (VERM+BRANCO) TYC;0;;
61;1573;11-0209-01-2;1573;110209012;CATEGORIA0;;1;1;0;1;;FAROLIM TRÁS DRT SW;FAROLIM TRÁS DRT SW;0;;
61;1573;11-0210-01-2;1573;110210012;CATEGORIA0;;1;1;0;1;;PASSAT 11/00-FAROLIM TR ESQ (CARRINHA) TYC;PASSAT 11/00-FAROLIM TR ESQ (CARRINHA) TYC;0;;
61;1573;11-0211-11-2;1573;110211112;CATEGORIA0;;1;1;0;1;;* TRANSPORTER 08/96-FAROLIM TR DIR TYC;* TRANSPORTER 08/96-FAROLIM TR DIR TYC;0;;
61;1573;11-0212-01-2;1573;110212012;CATEGORIA0;;1;1;0;1;;VW TRANSPORTER 90-*STOP ESQ;VW TRANSPORTER 90-*STOP ESQ;0;;
61;1573;11-0213-01-2;1573;110213012;CATEGORIA0;;1;1;0;1;;GOLF IV 10/97-FAROLIM TR DIR C/PISCA LARANJA CARRINHA TYC;GOLF IV 10/97-FAROLIM TR DIR C/PISCA LARANJA CARRINHA TYC;0;;
61;1573;11-0213-11-2;1573;110213112;CATEGORIA0;;1;1;0;1;;GOLF IV 10/97-FAROLIM TR DIR C/PISCA VERMELHO CARRINHA TYC;GOLF IV 10/97-FAROLIM TR DIR C/PISCA VERMELHO CARRINHA TYC;0;;
61;1573;11-0213-21-2;1573;110213212;CATEGORIA0;;1;1;0;1;;GOLF IV 10/97-FAROLIM TR DIR C/PISCA BRANCO CARRINHA TYC;GOLF IV 10/97-FAROLIM TR DIR C/PISCA BRANCO CARRINHA TYC;0;;
61;1573;11-0214-01-2;1573;110214012;CATEGORIA0;;1;1;0;1;;GOLF IV 10/97-FAROLIM TR ESQ C/PISCA LARANJA CARRINHA TYC;GOLF IV 10/97-FAROLIM TR ESQ C/PISCA LARANJA CARRINHA TYC;0;;
61;1573;11-0214-11-2;1573;110214112;CATEGORIA0;;1;1;0;1;;GOLF IV 10/97-FAROLIM TR ESQ C/PISCA VERMELHO CARRINHA TYC;GOLF IV 10/97-FAROLIM TR ESQ C/PISCA VERMELHO CARRINHA TYC;0;;
61;1573;11-0214-21-2;1573;110214212;CATEGORIA0;;1;1;0;1;;GOLF IV 10/97-FAROLIM TR ESQ C/PISCA BRANCO CARRINHA TYC;GOLF IV 10/97-FAROLIM TR ESQ C/PISCA BRANCO CARRINHA TYC;0;;
61;1573;11-0215-01-2;1573;110215012;CATEGORIA0;;1;1;0;1;;MEGANE 03/99-FAROLIM TR DIR 3/5P TYC;MEGANE 03/99-FAROLIM TR DIR 3/5P TYC;0;;
61;1573;11-0216-01-2;1573;110216012;CATEGORIA0;;1;1;0;1;;MEGANE 03/99-FAROLIM TR ESQ 3/5P TYC;MEGANE 03/99-FAROLIM TR ESQ 3/5P TYC;0;;
61;1573;11-0221-01-2;1573;110221012;CATEGORIA0;;1;1;0;1;;CLIO 04/98-FAROLIM TR DIR TYC;CLIO 04/98-FAROLIM TR DIR TYC;0;;
61;1573;11-0222-01-2;1573;110222012;CATEGORIA0;;1;1;0;1;;CLIO 04/98-FAROLIM TR ESQ TYC;CLIO 04/98-FAROLIM TR ESQ TYC;0;;
61;1573;11-0225-01-2;1573;110225012;CATEGORIA0;;1;1;0;1;;MEGANE 03/99-FAROLIM TR DIR EXTERIOR 4P TYC;MEGANE 03/99-FAROLIM TR DIR EXTERIOR 4P TYC;0;;
61;1573;11-0226-01-2;1573;110226012;CATEGORIA0;;1;1;0;1;;MEGANE 03/99-FAROLIM TR ESQ EXTERIOR 4P TYC;MEGANE 03/99-FAROLIM TR ESQ EXTERIOR 4P TYC;0;;
61;1573;11-0227-01-2;1573;110227012;CATEGORIA0;;1;1;0;1;;FAROLIM TRÁS DRT 5P;FAROLIM TRÁS DRT 5P;0;;
61;1573;11-0228-01-2;1573;110228012;CATEGORIA0;;1;1;0;1;;LAGUNA 05/98-FAROLIM TR ESQ 5P TYC;LAGUNA 05/98-FAROLIM TR ESQ 5P TYC;0;;
61;1573;11-0231-01-2;1573;110231012;CATEGORIA0;;1;1;0;1;;CLIO 06/01-FAROLIM TR DIR TYC;CLIO 06/01-FAROLIM TR DIR TYC;0;;
61;1573;11-0232-01-2;1573;110232012;CATEGORIA0;;1;1;0;1;;STOP ESQ. TYC RENAULT CLIO 01-;STOP ESQ. TYC RENAULT CLIO 01-;0;;
61;1573;11-0233-01-2;1573;110233012;CATEGORIA0;;1;1;0;1;;C3 02/02-FAROLIM TR DIR TYC;C3 02/02-FAROLIM TR DIR TYC;0;;
61;1540;11-0234-01-2;1540;07241771;CATEGORIA0;;1;1;0;1;;STOP ESQ. CITROEN C3 02-;STOP ESQ. CITROEN C3 02-;0;;
61;1573;11-0234-01-2;1573;110234012;CATEGORIA0;;1;1;0;1;;C3 02/02-FAROLIM TR ESQ TYC;C3 02/02-FAROLIM TR ESQ TYC;0;;
61;1573;11-0237-01-2;1573;110237012;CATEGORIA0;;1;1;0;1;;106 04/96-FAROLIM TR DIR TYC;106 04/96-FAROLIM TR DIR TYC;0;;
61;1573;11-0238-01-2;1573;110238012;CATEGORIA0;;1;1;0;1;;106 04/96-FAROLIM TR ESQ TYC;106 04/96-FAROLIM TR ESQ TYC;0;;
61;1573;11-0239-01-2;1573;110239012;CATEGORIA0;;1;1;0;1;;* 406 05/99-FAROLIM TR DIR 4P TYC;* 406 05/99-FAROLIM TR DIR 4P TYC;0;;
61;1573;11-0241-01-2;1573;110241012;CATEGORIA0;;1;1;0;1;;306 08/97-FAROLIM TR DIR 3/5P TYC;306 08/97-FAROLIM TR DIR 3/5P TYC;0;;
61;1573;11-0242-01-2;1573;110242012;CATEGORIA0;;1;1;0;1;;306 08/97-FAROLIM TR ESQ 3/5P TYC;306 08/97-FAROLIM TR ESQ 3/5P TYC;0;;
61;1573;11-0243-01-2;1573;110243012;CATEGORIA0;;1;1;0;1;;306 08/97-FAROLIM TR DIR 4P TYC;306 08/97-FAROLIM TR DIR 4P TYC;0;;
61;1573;11-0244-01-2;1573;110244012;CATEGORIA0;;1;1;0;1;;306 08/97-FAROLIM TR ESQ 4P TYC;306 08/97-FAROLIM TR ESQ 4P TYC;0;;
61;1573;11-0245-01-2;1573;110245012;CATEGORIA0;;1;1;0;1;;306 05/99-FAROLIM TR DIR 4P TYC;306 05/99-FAROLIM TR DIR 4P TYC;0;;
61;1573;11-0246-01-2;1573;110246012;CATEGORIA0;;1;1;0;1;;306 05/99-FAROLIM TR ESQ 4P TYC;306 05/99-FAROLIM TR ESQ 4P TYC;0;;
61;1573;11-0247-01-2;1573;110247012;CATEGORIA0;;1;1;0;1;;306 08/97-FAROLIM TR DIR (CARRINHA) TYC;306 08/97-FAROLIM TR DIR (CARRINHA) TYC;0;;
61;1573;11-0248-01-2;1573;110248012;CATEGORIA0;;1;1;0;1;;306 08/97-FAROLIM TR ESQ (CARRINHA) TYC;306 08/97-FAROLIM TR ESQ (CARRINHA) TYC;0;;
61;1573;11-0249-01-2;1573;110249012;CATEGORIA0;;1;1;0;1;;307 08/00-FAROLIM TR DIR 3/5P TYC;307 08/00-FAROLIM TR DIR 3/5P TYC;0;;
61;1573;11-0250-01-2;1573;110250012;CATEGORIA0;;1;1;0;1;;307 08/00-FAROLIM TR ESQ 3/5P TYC;307 08/00-FAROLIM TR ESQ 3/5P TYC;0;;
61;1573;11-0251-01-2;1573;110251012;CATEGORIA0;;1;1;0;1;;SCENIC 09/99-FAROLIM TR DIR TYC;SCENIC 09/99-FAROLIM TR DIR TYC;0;;
61;1573;11-0252-01-2;1573;110252012;CATEGORIA0;;1;1;0;1;;SCENIC 09/99-FAROLIM TR ESQ TYC;SCENIC 09/99-FAROLIM TR ESQ TYC;0;;
61;1573;11-0253-01-2;1573;110253012;CATEGORIA0;;1;1;0;1;;GOLF IV 10/97-FAROLIM TR DIR FUMADO 3/5P TYC;GOLF IV 10/97-FAROLIM TR DIR FUMADO 3/5P TYC;0;;
61;1573;11-0254-01-2;1573;110254012;CATEGORIA0;;1;1;0;1;;GOLF IV 10/97-FAROLIM TR ESQ FUMADO 3/5P TYC;GOLF IV 10/97-FAROLIM TR ESQ FUMADO 3/5P TYC;0;;
61;1573;11-0271-05-2;1573;110271052;CATEGORIA0;;1;1;0;1;;YARIS 04/99-FAROLIM TR DIR TYC;YARIS 04/99-FAROLIM TR DIR TYC;0;;
61;1573;11-0272-05-2;1573;110272052;CATEGORIA0;;1;1;0;1;;YARIS 04/99-FAROLIM TR ESQ TYC;YARIS 04/99-FAROLIM TR ESQ TYC;0;;
61;1573;11-0273-01-2;1573;110273012;CATEGORIA0;;1;1;0;1;;LEON 04/99-FAROLIM TR DIR EXTERIOR TYC;LEON 04/99-FAROLIM TR DIR EXTERIOR TYC;0;;
61;1573;11-0274-01-2;1573;110274012;CATEGORIA0;;1;1;0;1;;LEON 04/99-FAROLIM TR ESQ EXTERIOR TYC;LEON 04/99-FAROLIM TR ESQ EXTERIOR TYC;0;;
61;1573;11-0311-01-2;1573;110311012;CATEGORIA0;;1;1;0;1;;FOCUS 10/98-FAROLIM TR DIR (CARRINHA) TYC;FOCUS 10/98-FAROLIM TR DIR (CARRINHA) TYC;0;;
61;1573;11-0312-01-2;1573;110312012;CATEGORIA0;;1;1;0;1;;FOCUS 10/98-FAROLIM TR ESQ (CARRINHA) TYC;FOCUS 10/98-FAROLIM TR ESQ (CARRINHA) TYC;0;;
61;1573;11-0313-01-2;1573;110313012;CATEGORIA0;;1;1;0;1;;FABIA 12/99-FAROLIM TR DIR (HATCHBACK) TYC;FABIA 12/99-FAROLIM TR DIR (HATCHBACK) TYC;0;;
61;1573;11-0314-01-2;1573;110314012;CATEGORIA0;;1;1;0;1;;FABIA 12/99-FAROLIM TR ESQ (HATCHBACK) TYC;FABIA 12/99-FAROLIM TR ESQ (HATCHBACK) TYC;0;;
61;1573;11-0317-01-2;1573;110317012;CATEGORIA0;;1;1;0;1;;VECTRA 04/02-FAROLIM TR DIR C/PISCA LARANJA 4/5P TYC;VECTRA 04/02-FAROLIM TR DIR C/PISCA LARANJA 4/5P TYC;0;;
61;1573;11-0317-11-2;1573;110317112;CATEGORIA0;;1;1;0;1;;VECTRA 04/02-FAROLIM TR DIR C/PISCA FUMADO 4/5P TYC;VECTRA 04/02-FAROLIM TR DIR C/PISCA FUMADO 4/5P TYC;0;;
61;1573;11-0318-01-2;1573;110318012;CATEGORIA0;;1;1;0;1;;VECTRA 04/02-FAROLIM TR ESQ C/PISCA LARANJA 5P TYC;VECTRA 04/02-FAROLIM TR ESQ C/PISCA LARANJA 5P TYC;0;;
61;1573;11-0318-11-2;1573;110318112;CATEGORIA0;;1;1;0;1;;VECTRA 04/02-FAROLIM TR ESQ C/PISCA FUMADO 5P TYC;VECTRA 04/02-FAROLIM TR ESQ C/PISCA FUMADO 5P TYC;0;;
61;1573;11-0318-21-2;1573;110318212;CATEGORIA0;;1;1;0;1;;VECTRA 04/02-FAROLIM TR ESQ C/PISCA BRANCO 5P TYC;VECTRA 04/02-FAROLIM TR ESQ C/PISCA BRANCO 5P TYC;0;;
61;1573;11-0325-01-2;1573;110325012;CATEGORIA0;;1;1;0;1;;VECTRA 02/99-FAROLIM TR DIR 4/5P TYC;VECTRA 02/99-FAROLIM TR DIR 4/5P TYC;0;;
61;1573;11-0326-01-2;1573;110326012;CATEGORIA0;;1;1;0;1;;VECTRA 02/99-FAROLIM TR ESQ 4/5P TYC;VECTRA 02/99-FAROLIM TR ESQ 4/5P TYC;0;;
61;1573;11-0327-01-2;1573;110327012;CATEGORIA0;;1;1;0;1;;STOP DRT. TYC LAGUNA (SW) 01-;STOP DRT. TYC LAGUNA (SW) 01-;0;;
61;1573;11-0328-01-2;1573;110328012;CATEGORIA0;;1;1;0;1;;STOP ESQ. TYC LAGUNA (SW) 01-;STOP ESQ. TYC LAGUNA (SW) 01-;0;;
61;1573;11-0339-01-2;1573;110339012;CATEGORIA0;;1;1;0;1;;SAXO 11/97-FAROLIM TR DIR TYC;SAXO 11/97-FAROLIM TR DIR TYC;0;;
61;1573;11-0340-01-2;1573;110340012;CATEGORIA0;;1;1;0;1;;SAXO 11/97-FAROLIM TR ESQ TYC;SAXO 11/97-FAROLIM TR ESQ TYC;0;;
61;1573;11-0351-01-2;1573;110351012;CATEGORIA0;;1;1;0;1;;LAGUNA 04/01-FAROLIM TR DIR EXTERIOR 5P TYC;LAGUNA 04/01-FAROLIM TR DIR EXTERIOR 5P TYC;0;;
61;1573;11-0352-01-2;1573;110352012;CATEGORIA0;;1;1;0;1;;LAGUNA 04/01-FAROLIM TR ESQ EXTERIOR 5P TYC;LAGUNA 04/01-FAROLIM TR ESQ EXTERIOR 5P TYC;0;;
61;1573;11-0353-01-2;1573;110353012;CATEGORIA0;;1;1;0;1;;A4 01/01-FAROLIM TR DIR (CARRINHA) TYC;A4 01/01-FAROLIM TR DIR (CARRINHA) TYC;0;;
61;1573;11-0354-01-2;1573;110354012;CATEGORIA0;;1;1;0;1;;A4 01/01-FAROLIM TR ESQ (CARRINHA) TYC;A4 01/01-FAROLIM TR ESQ (CARRINHA) TYC;0;;
61;1573;11-0371-01-2;1573;110371012;CATEGORIA0;;1;1;0;1;;ASTRA 09/91-FAROLIM TR DIR 3/5P TYC;ASTRA 09/91-FAROLIM TR DIR 3/5P TYC;0;;
61;1573;11-0371-11-2;1573;110371112;CATEGORIA0;;1;1;0;1;;ASTRA 09/94-FAROLIM TR DIR 3/5P TYC;ASTRA 09/94-FAROLIM TR DIR 3/5P TYC;0;;
61;1573;11-0372-01-2;1573;110372012;CATEGORIA0;;1;1;0;1;;ASTRA 09/91-FAROLIM TR ESQ 3/5P TYC;ASTRA 09/91-FAROLIM TR ESQ 3/5P TYC;0;;
61;1573;11-0372-11-2;1573;110372112;CATEGORIA0;;1;1;0;1;;ASTRA 09/94-FAROLIM TR ESQ 3/5P TYC;ASTRA 09/94-FAROLIM TR ESQ 3/5P TYC;0;;
61;1573;11-0373-01-2;1573;110373012;CATEGORIA0;;1;1;0;1;;ASTRA 09/91-FAROLIM TR DIR (CARRINHA) TYC;ASTRA 09/91-FAROLIM TR DIR (CARRINHA) TYC;0;;
61;1573;11-0373-11-2;1573;110373112;CATEGORIA0;;1;1;0;1;;ASTRA 09/94-FAROLIM TR DIR (CARRINHA) TYC;ASTRA 09/94-FAROLIM TR DIR (CARRINHA) TYC;0;;
61;1573;11-0374-01-2;1573;110374012;CATEGORIA0;;1;1;0;1;;ASTRA 09/91-FAROLIM TR ESQ (CARRINHA) TYC;ASTRA 09/91-FAROLIM TR ESQ (CARRINHA) TYC;0;;
61;1573;11-0374-11-2;1573;110374112;CATEGORIA0;;1;1;0;1;;ASTRA 09/94-FAROLIM TR ESQ (CARRINHA) TYC;ASTRA 09/94-FAROLIM TR ESQ (CARRINHA) TYC;0;;
61;1540;11-0377-01-2;1540;16144770;CATEGORIA0;;1;1;0;1;;STOP DRT. CORSA B 93-  5P;STOP DRT. CORSA B 93-  5P;0;;
61;1573;11-0377-01-2;1573;110377012;CATEGORIA0;;1;1;0;1;;STOP DRT. CORSA B 93-  5P TYC;STOP DRT. CORSA B 93-  5P TYC;0;;
61;1573;11-0378-01-2;1573;110378012;CATEGORIA0;;1;1;0;1;;CORSA B 09/93-FAROLIM TR ESQ 5P TYC;CORSA B 09/93-FAROLIM TR ESQ 5P TYC;0;;
61;1573;11-0379-01-2;1573;110379012;CATEGORIA0;;1;1;0;1;;MEGANE 11/02-FAROLIM TR DIR 3/5P TYC;MEGANE 11/02-FAROLIM TR DIR 3/5P TYC;0;;
61;1573;11-0380-01-2;1573;110380012;CATEGORIA0;;1;1;0;1;;MEGANE 11/02-FAROLIM TR ESQ 3/5P TYC;MEGANE 11/02-FAROLIM TR ESQ 3/5P TYC;0;;
61;1573;11-0391-01-2;1573;110391012;CATEGORIA0;;1;1;0;1;;ASTRA 04/98-FAROLIM TR DIR (CARRINHA) TYC;ASTRA 04/98-FAROLIM TR DIR (CARRINHA) TYC;0;;
61;1573;11-0391-11-2;1573;110391112;CATEGORIA0;;1;1;0;1;;ASTRA 04/98-FAROLIM TR DIR FUMADO (CARRINHA) TYC;ASTRA 04/98-FAROLIM TR DIR FUMADO (CARRINHA) TYC;0;;
61;1573;11-0391-21-2;1573;110391212;CATEGORIA0;;1;1;0;1;;ASTRA 04/98-FAROLIM TR DIR FUM C/P/BRA (CARRINHA) TYC;ASTRA 04/98-FAROLIM TR DIR FUM C/P/BRA (CARRINHA) TYC;0;;
61;1573;11-0392-01-2;1573;110392012;CATEGORIA0;;1;1;0;1;;ASTRA 04/98-FAROLIM TR ESQ (CARRINHA) TYC;ASTRA 04/98-FAROLIM TR ESQ (CARRINHA) TYC;0;;
61;1573;11-0392-11-2;1573;110392112;CATEGORIA0;;1;1;0;1;;ASTRA 04/98-FAROLIM TR ESQ FUMADO (CARRINHA) TYC;ASTRA 04/98-FAROLIM TR ESQ FUMADO (CARRINHA) TYC;0;;
61;1573;11-0392-21-2;1573;110392212;CATEGORIA0;;1;1;0;1;;ASTRA 04/98-FAROLIM TR ESQ FUM C/P/BRA (CARRINHA) TYC;ASTRA 04/98-FAROLIM TR ESQ FUM C/P/BRA (CARRINHA) TYC;0;;
61;1573;11-0395-01-2;1573;110395012;CATEGORIA0;;1;1;0;1;;MEGANE 11/02-FAROLIM TR DIR CARRINHA TYC;MEGANE 11/02-FAROLIM TR DIR CARRINHA TYC;0;;
61;1573;11-0396-01-2;1573;110396012;CATEGORIA0;;1;1;0;1;;MEGANE 11/02-FAROLIM TR ESQ CARRINHA TYC;MEGANE 11/02-FAROLIM TR ESQ CARRINHA TYC;0;;
61;1573;11-0399-01-2;1573;110399012;CATEGORIA0;;1;1;0;1;;GOLF V 10/03-FAROLIM TR DIR EXTERIOR TYC;GOLF V 10/03-FAROLIM TR DIR EXTERIOR TYC;0;;
61;1573;11-0400-01-2;1573;110400012;CATEGORIA0;;1;1;0;1;;GOLF V 10/03-FAROLIM TR ESQ EXTERIOR TYC;GOLF V 10/03-FAROLIM TR ESQ EXTERIOR TYC;0;;
61;1573;11-0431-01-2;1573;110431012;CATEGORIA0;;1;1;0;1;;MONDEO 11/00-FAROLIM TR DIR C/P/BRANCO AUTOMOVEL TYC;MONDEO 11/00-FAROLIM TR DIR C/P/BRANCO AUTOMOVEL TYC;0;;
61;1573;11-0431-11-2;1573;110431112;CATEGORIA0;;1;1;0;1;;MONDEO 11/00-FAROLIM TR DIR C/P/LARANJA AUTOMOVEL TYC;MONDEO 11/00-FAROLIM TR DIR C/P/LARANJA AUTOMOVEL TYC;0;;
61;1573;11-0432-01-2;1573;110432012;CATEGORIA0;;1;1;0;1;;MONDEO 11/00-FAROLIM TR ESQ C/P/BRANCO AUTOMOVEL TYC;MONDEO 11/00-FAROLIM TR ESQ C/P/BRANCO AUTOMOVEL TYC;0;;
61;1573;11-0432-11-2;1573;110432112;CATEGORIA0;;1;1;0;1;;MONDEO 11/00-FAROLIM TR ESQ C/P/LARANJA AUTOMOVEL TYC;MONDEO 11/00-FAROLIM TR ESQ C/P/LARANJA AUTOMOVEL TYC;0;;
61;1573;11-0453-01-2;1573;110453012;CATEGORIA0;;1;1;0;1;;CADDY 07/03-FAROLIM TR DIR TYC;CADDY 07/03-FAROLIM TR DIR TYC;0;;
61;1540;11-0453-01-2;1540;23340770;CATEGORIA0;;1;1;0;1;;STOP DRT. VW CADDY 04-;STOP DRT. VW CADDY 04-;0;;
61;1573;11-0454-01-2;1573;110454012;CATEGORIA0;;1;1;0;1;;CADDY 07/03-FAROLIM TR ESQ TYC;CADDY 07/03-FAROLIM TR ESQ TYC;0;;
61;1573;11-0459-01-2;1573;110459012;CATEGORIA0;;1;1;0;1;;SCENIC 05/03-FAROLIM TR DIR TYC;SCENIC 05/03-FAROLIM TR DIR TYC;0;;
61;1540;11-0460-01-2;1540;19441773;CATEGORIA0;;1;1;0;1;;FAROLIM TRÁS ESQ.;FAROLIM TRÁS ESQ.;0;;
61;1573;11-0460-01-2;1573;110460012;CATEGORIA0;;1;1;0;1;;SCENIC 05/03-FAROLIM TR ESQ TYC;SCENIC 05/03-FAROLIM TR ESQ TYC;0;;
61;1573;11-0461-01-2;1573;110461012;CATEGORIA0;;1;1;0;1;;LAGUNA 11/93-FAROLIM TR DIR 5P TYC;LAGUNA 11/93-FAROLIM TR DIR 5P TYC;0;;
61;1573;11-0462-01-2;1573;110462012;CATEGORIA0;;1;1;0;1;;LAGUNA 11/93-FAROLIM TR ESQ 5P TYC;LAGUNA 11/93-FAROLIM TR ESQ 5P TYC;0;;
61;1540;11-0462-01-2;1540;19281771;CATEGORIA0;;1;1;0;1;;FAROLIM TRÁS ESQ.;FAROLIM TRÁS ESQ.;0;;
61;1573;11-0463-01-2;1573;110463012;CATEGORIA0;;1;1;0;1;;A3 09/00-FAROLIM TR DIR TYC;A3 09/00-FAROLIM TR DIR TYC;0;;
61;1573;11-0464-01-2;1573;110464012;CATEGORIA0;;1;1;0;1;;A3 09/00-FAROLIM TR ESQ TYC;A3 09/00-FAROLIM TR ESQ TYC;0;;
61;1573;11-0467-01-2;1573;110467012;CATEGORIA0;;1;1;0;1;;A4 01/01-FAROLIM TR DIR (AUTOMOVEL) TYC;A4 01/01-FAROLIM TR DIR (AUTOMOVEL) TYC;0;;
61;1573;11-0468-01-2;1573;110468012;CATEGORIA0;;1;1;0;1;;A4 01/01-FAROLIM TR ESQ (AUTOMOVEL) TYC;A4 01/01-FAROLIM TR ESQ (AUTOMOVEL) TYC;0;;
61;1573;11-0473-01-2;1573;110473012;CATEGORIA0;;1;1;0;1;;ASTRA 03/04-FAROLIM TR DIR (AUTOMOVEL) TYC;ASTRA 03/04-FAROLIM TR DIR (AUTOMOVEL) TYC;0;;
61;1573;11-0474-01-2;1573;110474012;CATEGORIA0;;1;1;0;1;;STOP ESQ. OPEL ASTRA 04-;STOP ESQ. OPEL ASTRA 04-;0;;
61;1573;11-0475-01-2;1573;110475012;CATEGORIA0;;1;1;0;1;;BERLINGO/PARTNER 07/96-FAROLIM TR DIR 1P TYC;BERLINGO/PARTNER 07/96-FAROLIM TR DIR 1P TYC;0;;
61;1573;11-0475-11-2;1573;110475112;CATEGORIA0;;1;1;0;1;;STOP DRT. BERL/PARTNER (2P) 96-;STOP DRT. BERL/PARTNER (2P) 96-;0;;
61;1573;11-0476-01-2;1573;110476012;CATEGORIA0;;1;1;0;1;;BERLINGO/PARTNER 07/96-FAROLIM TR ESQ 1P TYC;BERLINGO/PARTNER 07/96-FAROLIM TR ESQ 1P TYC;0;;
61;1573;11-0476-11-2;1573;110476112;CATEGORIA0;;1;1;0;1;;BERLINGO/PARTNER 07/96-FAROLIM TR ESQ 2P TYC;BERLINGO/PARTNER 07/96-FAROLIM TR ESQ 2P TYC;0;;
61;1573;11-0487-01-2;1573;110487012;CATEGORIA0;;1;1;0;1;;FAROLIM DRT. 307 SW 00-;FAROLIM DRT. 307 SW 00-;0;;
61;1573;11-0488-01-2;1573;110488012;CATEGORIA0;;1;1;0;1;;307 08/00-FAROLIM TR ESQ (CARRINHA) TYC;307 08/00-FAROLIM TR ESQ (CARRINHA) TYC;0;;
61;1573;11-0509-01-2;1573;110509012;CATEGORIA0;;1;1;0;1;;STOP DRT. TYC OPEL ASTRA (SW) 04-;STOP DRT. TYC OPEL ASTRA (SW) 04-;0;;
61;1573;11-0509-11-2;1573;110509112;CATEGORIA0;;1;1;0;1;;ASTRA 04/07-FAROLIM TR DIR (CARRINHA) TYC;ASTRA 04/07-FAROLIM TR DIR (CARRINHA) TYC;0;;
61;1573;11-0510-01-2;1573;110510012;CATEGORIA0;;1;1;0;1;;ASTRA 03/04-FAROLIM TR ESQ (CARRINHA) TYC;ASTRA 03/04-FAROLIM TR ESQ (CARRINHA) TYC;0;;
61;1573;11-0510-11-2;1573;110510112;CATEGORIA0;;1;1;0;1;;ASTRA 04/07-FAROLIM TR ESQ (CARRINHA) TYC;ASTRA 04/07-FAROLIM TR ESQ (CARRINHA) TYC;0;;
61;1573;11-0541-01-2;1573;110541012;CATEGORIA0;;1;1;0;1;;PUNTO 09/99-FAROLIM TR DIR 3P TYC;PUNTO 09/99-FAROLIM TR DIR 3P TYC;0;;
61;1573;11-0541-11-2;1573;110541112;CATEGORIA0;;1;1;0;1;;FAROLIM TR.DRT. TYC PUNTO 3P 03-;FAROLIM TR.DRT. TYC PUNTO 3P 03-;0;;
61;1573;11-0542-01-2;1573;110542012;CATEGORIA0;;1;1;0;1;;PUNTO 09/99-FAROLIM TR ESQ 3P TYC;PUNTO 09/99-FAROLIM TR ESQ 3P TYC;0;;
61;1573;11-0542-11-2;1573;110542112;CATEGORIA0;;1;1;0;1;;PUNTO 09/03-FAROLIM TR ESQ 3P TYC;PUNTO 09/03-FAROLIM TR ESQ 3P TYC;0;;
61;1573;11-0543-01-2;1573;110543012;CATEGORIA0;;1;1;0;1;;PUNTO 09/99-FAROLIM TR DIR 5P TYC;PUNTO 09/99-FAROLIM TR DIR 5P TYC;0;;
61;1573;11-0544-01-2;1573;110544012;CATEGORIA0;;1;1;0;1;;PUNTO 09/99-FAROLIM TR ESQ 5P TYC;PUNTO 09/99-FAROLIM TR ESQ 5P TYC;0;;
61;1573;11-0555-01-2;1573;110555012;CATEGORIA0;;1;1;0;1;;PICASSO 02/00-FAROLIM TR DIR TYC;PICASSO 02/00-FAROLIM TR DIR TYC;0;;
61;1573;11-0556-01-2;1573;110556012;CATEGORIA0;;1;1;0;1;;PICASSO 02/00-FAROLIM TR ESQ TYC;PICASSO 02/00-FAROLIM TR ESQ TYC;0;;
61;1573;11-0557-01-2;1573;110557012;CATEGORIA0;;1;1;0;1;;PICASSO 01/04-FAROLIM TR DIR TYC;PICASSO 01/04-FAROLIM TR DIR TYC;0;;
61;1573;11-0558-01-2;1573;110558012;CATEGORIA0;;1;1;0;1;;PICASSO 01/04-FAROLIM TR ESQ TYC;PICASSO 01/04-FAROLIM TR ESQ TYC;0;;
61;1573;11-0565-01-2;1573;110565012;CATEGORIA0;;1;1;0;1;;SPRINTER 09/02-FAROLIM TR DIR TYC;SPRINTER 09/02-FAROLIM TR DIR TYC;0;;
61;1573;11-0566-01-2;1573;110566012;CATEGORIA0;;1;1;0;1;;SPRINTER 09/02-FAROLIM TR ESQ TYC;SPRINTER 09/02-FAROLIM TR ESQ TYC;0;;
61;1573;11-0567-01-2;1573;110567012;CATEGORIA0;;1;1;0;1;;VITO 02/96-FAROLIM TR DIR TYC;VITO 02/96-FAROLIM TR DIR TYC;0;;
61;1573;11-0568-01-2;1573;110568012;CATEGORIA0;;1;1;0;1;;STOP ESQ. TYC MERCEDES VITO 96-;STOP ESQ. TYC MERCEDES VITO 96-;0;;
61;1573;11-0569-01-2;1573;110569012;CATEGORIA0;;1;1;0;1;;MOVANO 01/04-/MASTER 03-FAROLIM TR DIR TYC;MOVANO 01/04-/MASTER 03-FAROLIM TR DIR TYC;0;;
61;1573;11-0570-01-2;1573;110570012;CATEGORIA0;;1;1;0;1;;MOVANO 01/04-/MASTER 03-FAROLIM TR ESQ TYC;MOVANO 01/04-/MASTER 03-FAROLIM TR ESQ TYC;0;;
61;1573;11-0573-01-2;1573;110573012;CATEGORIA0;;1;1;0;1;;* LUPO 04/98-FAROLIM TR DIR TYC;* LUPO 04/98-FAROLIM TR DIR TYC;0;;
61;1540;11-0574-01-2;1540;LCC612;CATEGORIA0;;1;1;0;1;;FAROLIM TRÁS ESQ;FAROLIM TRÁS ESQ;0;;
61;1573;11-0763-01-2;1573;110763012;CATEGORIA0;;1;1;0;1;;COROLLA 08/04-FAROLIM TR DIR 3/5P TYC;COROLLA 08/04-FAROLIM TR DIR 3/5P TYC;0;;
61;1573;11-0764-01-2;1573;110764012;CATEGORIA0;;1;1;0;1;;COROLLA 08/04-FAROLIM TR ESQ 3/5P TYC;COROLLA 08/04-FAROLIM TR ESQ 3/5P TYC;0;;
61;1573;11-0777-01-2;1573;110777012;CATEGORIA0;;1;1;0;1;;STOP DRT. (TYC) JUMP/DUC/BOX 02-;STOP DRT. (TYC) JUMP/DUC/BOX 02-;0;;
61;1573;11-0778-01-2;1573;110778012;CATEGORIA0;;1;1;0;1;;JUMP/DUC/BOX 01/02-FAROLIM TR ESQ TYC;JUMP/DUC/BOX 01/02-FAROLIM TR ESQ TYC;0;;
61;1573;11-0907-01-9;1573;110907019;CATEGORIA0;;1;1;0;1;;E90 02/05-FAROLIM TR DIR EXTERIOR TYC;E90 02/05-FAROLIM TR DIR EXTERIOR TYC;0;;
61;1573;11-0907-21-2;1573;110907212;CATEGORIA0;;1;1;0;1;;E90 02/05-FAROLIM TR DIR EXTERIOR FUMADO TYC;E90 02/05-FAROLIM TR DIR EXTERIOR FUMADO TYC;0;;
61;1573;11-0908-01-9;1573;110908019;CATEGORIA0;;1;1;0;1;;E90 02/05-FAROLIM TR ESQ EXTERIOR TYC;E90 02/05-FAROLIM TR ESQ EXTERIOR TYC;0;;
61;1573;11-0908-21-2;1573;110908212;CATEGORIA0;;1;1;0;1;;E90 02/05-FAROLIM TR ESQ EXTERIOR FUMADO TYC;E90 02/05-FAROLIM TR ESQ EXTERIOR FUMADO TYC;0;;
61;1573;11-0977-01-2;1573;110977012;CATEGORIA0;;1;1;0;1;;CIVIC 03/06-FAROLIM TR DIR EXTERIOR 4P TYC;CIVIC 03/06-FAROLIM TR DIR EXTERIOR 4P TYC;0;;
61;1573;11-0978-01-2;1573;110978012;CATEGORIA0;;1;1;0;1;;CIVIC 03/06-FAROLIM TR ESQ EXTERIOR 4P TYC;CIVIC 03/06-FAROLIM TR ESQ EXTERIOR 4P TYC;0;;
61;1573;11-0985-01-2;1573;110985012;CATEGORIA0;;1;1;0;1;;E87 09/04-FAROLIM TR DIR TYC;E87 09/04-FAROLIM TR DIR TYC;0;;
61;1573;11-0985-11-2;1573;110985112;CATEGORIA0;;1;1;0;1;;E87 09/04-FAROLIM TR DIR C/PISCA FUMADO TYC;E87 09/04-FAROLIM TR DIR C/PISCA FUMADO TYC;0;;
61;1573;11-0986-01-2;1573;110986012;CATEGORIA0;;1;1;0;1;;E87 09/04-FAROLIM TR ESQ TYC;E87 09/04-FAROLIM TR ESQ TYC;0;;
61;1573;11-0986-11-2;1573;110986112;CATEGORIA0;;1;1;0;1;;E87 09/04-FAROLIM TR ESQ C/PISCA FUMADO TYC;E87 09/04-FAROLIM TR ESQ C/PISCA FUMADO TYC;0;;
61;1573;11-0997-01-2;1573;110997012;CATEGORIA0;;1;1;0;1;;207 04/06-FAROLIM TR DIR TYC;207 04/06-FAROLIM TR DIR TYC;0;;
61;1573;11-0998-01-2;1573;110998012;CATEGORIA0;;1;1;0;1;;207 04/06-FAROLIM TR ESQ TYC;207 04/06-FAROLIM TR ESQ TYC;0;;
61;1573;11-1063-01-2;1573;111063012;CATEGORIA0;;1;1;0;1;;* 6 10/05-FAROLIM TR DIR EXTERIOR INT.CROMADO (AUTOM) TYC;* 6 10/05-FAROLIM TR DIR EXTERIOR INT.CROMADO (AUTOM) TYC;0;;
61;1573;11-1065-01-2;1573;111065012;CATEGORIA0;;1;1;0;1;;* 6 10/05-FAROLIM TR DIR EXTERIOR INT.CROMADO (CARRIN) TYC;* 6 10/05-FAROLIM TR DIR EXTERIOR INT.CROMADO (CARRIN) TYC;0;;
61;1573;11-1066-11-2;1573;111066112;CATEGORIA0;;1;1;0;1;;* 6 10/05-FAROLIM TR ESQ EXTERIOR INT.NEGRO (CARRIN) TYC;* 6 10/05-FAROLIM TR ESQ EXTERIOR INT.NEGRO (CARRIN) TYC;0;;
61;1573;11-1102-01-2;1573;111102012;CATEGORIA0;;1;1;0;1;;* 3 01/04-FAROLIM TR ESQ EXTERIOR INT.NEGRO 4P TYC;* 3 01/04-FAROLIM TR ESQ EXTERIOR INT.NEGRO 4P TYC;0;;
61;1573;11-1115-01-2;1573;111115012;CATEGORIA0;;1;1;0;1;;POLO 05/05-FAROLIM TR DIR INT.VERMELHO TYC;POLO 05/05-FAROLIM TR DIR INT.VERMELHO TYC;0;;
61;1573;11-1115-21-2;1573;111115212;CATEGORIA0;;1;1;0;1;;POLO 05/05-FAROLIM TR DIR INT.NEGRO TYC;POLO 05/05-FAROLIM TR DIR INT.NEGRO TYC;0;;
61;1573;11-1116-01-2;1573;111116012;CATEGORIA0;;1;1;0;1;;POLO 05/05-FAROLIM TR ESQ INT.VERMELHO TYC;POLO 05/05-FAROLIM TR ESQ INT.VERMELHO TYC;0;;
61;1573;11-1116-21-2;1573;111116212;CATEGORIA0;;1;1;0;1;;POLO 05/05-FAROLIM TR ESQ INT.NEGRO TYC;POLO 05/05-FAROLIM TR ESQ INT.NEGRO TYC;0;;
61;1573;11-11183-01-2;1573;1111183012;CATEGORIA0;;1;1;0;1;;A4 11/04-FAROLIM TR DIR EXTERIOR (CARRINHA) TYC;A4 11/04-FAROLIM TR DIR EXTERIOR (CARRINHA) TYC;0;;
61;1573;11-11184-01-2;1573;1111184012;CATEGORIA0;;1;1;0;1;;A4 11/04-FAROLIM TR ESQ EXTERIOR (CARRINHA) TYC;A4 11/04-FAROLIM TR ESQ EXTERIOR (CARRINHA) TYC;0;;
61;1573;11-11185-01-2;1573;1111185012;CATEGORIA0;;1;1;0;1;;A4 11/04-FAROLIM TR DIR (AUTOMOVEL) TYC;A4 11/04-FAROLIM TR DIR (AUTOMOVEL) TYC;0;;
61;1573;11-11186-01-2;1573;1111186012;CATEGORIA0;;1;1;0;1;;A4 11/04-FAROLIM TR ESQ (AUTOMOVEL) TYC;A4 11/04-FAROLIM TR ESQ (AUTOMOVEL) TYC;0;;
61;1573;11-11247-01-2;1573;1111247012;CATEGORIA0;;1;1;0;1;;A4 10/07-FAROLIM TR DIR EXTERIOR (AUTOMOVEL) TYC;A4 10/07-FAROLIM TR DIR EXTERIOR (AUTOMOVEL) TYC;0;;
61;1573;11-11248-01-2;1573;1111248012;CATEGORIA0;;1;1;0;1;;A4 10/07-FAROLIM TR ESQ EXTERIOR (AUTOMOVEL) TYC;A4 10/07-FAROLIM TR ESQ EXTERIOR (AUTOMOVEL) TYC;0;;
61;1573;11-11283-01-2;1573;1111283012;CATEGORIA0;;1;1;0;1;;500 02/08-FAROLIM TR DIR TYC;500 02/08-FAROLIM TR DIR TYC;0;;
61;1573;11-11335-01-2;1573;1111335012;CATEGORIA0;;1;1;0;1;;ASTRA 03/04-FAROLIM TR DIR FUMADO (AUTOMOVEL) TYC;ASTRA 03/04-FAROLIM TR DIR FUMADO (AUTOMOVEL) TYC;0;;
61;1573;11-11336-01-2;1573;1111336012;CATEGORIA0;;1;1;0;1;;ASTRA 03/04-FAROLIM TR ESQ FUMADO (AUTOMOVEL) TYC;ASTRA 03/04-FAROLIM TR ESQ FUMADO (AUTOMOVEL) TYC;0;;
61;1573;11-11355-01-2;1573;1111355012;CATEGORIA0;;1;1;0;1;;BERLINGO/PARTNER 01/06-FAROLIM TR DIR 1P TYC;BERLINGO/PARTNER 01/06-FAROLIM TR DIR 1P TYC;0;;
61;1573;11-11355-11-2;1573;1111355112;CATEGORIA0;;1;1;0;1;;STOP DRT. BERL/PARTNER (2P) 06-;STOP DRT. BERL/PARTNER (2P) 06-;0;;
61;1573;11-11356-01-2;1573;1111356012;CATEGORIA0;;1;1;0;1;;BERLINGO/PARTNER 01/06-FAROLIM TR ESQ 1P TYC;BERLINGO/PARTNER 01/06-FAROLIM TR ESQ 1P TYC;0;;
61;1573;11-11356-11-2;1573;1111356112;CATEGORIA0;;1;1;0;1;;BERLINGO/PARTNER 01/06-FAROLIM TR ESQ 2P TYC;BERLINGO/PARTNER 01/06-FAROLIM TR ESQ 2P TYC;0;;
61;1573;11-11357-01-2;1573;1111357012;CATEGORIA0;;1;1;0;1;;JUMPER/DUC/BOX 06/06-FAROLIM TR DIR TYC;JUMPER/DUC/BOX 06/06-FAROLIM TR DIR TYC;0;;
61;1573;11-11358-01-2;1573;1111358012;CATEGORIA0;;1;1;0;1;;JUMPER/DUC/BOX 06/06-FAROLIM TR ESQ TYC;JUMPER/DUC/BOX 06/06-FAROLIM TR ESQ TYC;0;;
61;1573;11-11365-01-2;1573;1111365012;CATEGORIA0;;1;1;0;1;;A4 10/07-FAROLIM TR DIR EXTERIOR (CARRINHA) TYC;A4 10/07-FAROLIM TR DIR EXTERIOR (CARRINHA) TYC;0;;
61;1573;11-11379-01-2;1573;1111379012;CATEGORIA0;;1;1;0;1;;BERLINGO 05/08-FAROLIM TR DIR 1P TYC;BERLINGO 05/08-FAROLIM TR DIR 1P TYC;0;;
61;1573;11-11380-01-2;1573;1111380012;CATEGORIA0;;1;1;0;1;;BERLINGO 05/08-FAROLIM TR ESQ 1P TYC;BERLINGO 05/08-FAROLIM TR ESQ 1P TYC;0;;
61;1573;11-11381-01-2;1573;1111381012;CATEGORIA0;;1;1;0;1;;BERLINGO 05/08-FAROLIM TR DIR 2P TYC;BERLINGO 05/08-FAROLIM TR DIR 2P TYC;0;;
61;1573;11-11381-11-2;1573;1111381112;CATEGORIA0;;1;1;0;1;;BERLINGO 03/12-FAROLIM TR DIR FUMADO 2P TYC;BERLINGO 03/12-FAROLIM TR DIR FUMADO 2P TYC;0;;
61;1573;11-11382-01-2;1573;1111382012;CATEGORIA0;;1;1;0;1;;BERLINGO 05/08-FAROLIM TR ESQ 2P TYC;BERLINGO 05/08-FAROLIM TR ESQ 2P TYC;0;;
61;1540;11-11382-11-2;1540;07550771;CATEGORIA0;;1;1;0;1;;STOP ESQ. BERLINGO/PART (2P) 12-;STOP ESQ. BERLINGO/PART (2P) 12-;0;;
61;1573;11-11382-11-2;1573;1111382112;CATEGORIA0;;1;1;0;1;;BERLINGO 03/12-FAROLIM TR ESQ FUMADO 2P TYC;BERLINGO 03/12-FAROLIM TR ESQ FUMADO 2P TYC;0;;
61;1573;11-11383-01-2;1573;1111383012;CATEGORIA0;;1;1;0;1;;TRANSIT 05/06-FAROLIM TR DIR TYC;TRANSIT 05/06-FAROLIM TR DIR TYC;0;;
61;1573;11-11384-01-2;1573;1111384012;CATEGORIA0;;1;1;0;1;;TRANSIT 05/06-FAROLIM TR ESQ TYC;TRANSIT 05/06-FAROLIM TR ESQ TYC;0;;
61;1573;11-11429-01-2;1573;1111429012;CATEGORIA0;;1;1;0;1;;CORSA D 07/06-FAROLIM TR DIR 3P TYC;CORSA D 07/06-FAROLIM TR DIR 3P TYC;0;;
61;1573;11-11429-11-2;1573;1111429112;CATEGORIA0;;1;1;0;1;;CORSA D 07/06-FAROLIM TR DIR FUMADO 3P TYC;CORSA D 07/06-FAROLIM TR DIR FUMADO 3P TYC;0;;
61;1540;11-11430-01-2;1540;16391771;CATEGORIA0;;1;1;0;1;;STOP ESQ. OPEL CORSA 3P 06-;STOP ESQ. OPEL CORSA 3P 06-;0;;
61;1573;11-11430-11-2;1573;1111430112;CATEGORIA0;;1;1;0;1;;CORSA D 07/06-FAROLIM TR ESQ FUMADO 3P TYC;CORSA D 07/06-FAROLIM TR ESQ FUMADO 3P TYC;0;;
61;1573;11-11431-01-2;1573;1111431012;CATEGORIA0;;1;1;0;1;;CORSA D 07/06-FAROLIM TR DIR 5P TYC;CORSA D 07/06-FAROLIM TR DIR 5P TYC;0;;
61;1573;11-11432-01-2;1573;1111432012;CATEGORIA0;;1;1;0;1;;CORSA D 07/06-FAROLIM TR ESQ 5P TYC;CORSA D 07/06-FAROLIM TR ESQ 5P TYC;0;;
61;1573;11-11433-01-2;1573;1111433012;CATEGORIA0;;1;1;0;1;;GOLF VI 10/08-FAROLIM TR DIR EXTERIOR 3/5P TYC;GOLF VI 10/08-FAROLIM TR DIR EXTERIOR 3/5P TYC;0;;
61;1573;11-11433-11-2;1573;1111433112;CATEGORIA0;;1;1;0;1;;GOLF VI 10/08-FAROLIM TR DIR EXTERIOR FUMADO 3/5P TYC;GOLF VI 10/08-FAROLIM TR DIR EXTERIOR FUMADO 3/5P TYC;0;;
61;1573;11-11434-01-2;1573;1111434012;CATEGORIA0;;1;1;0;1;;GOLF VI 10/08-FAROLIM TR ESQ EXTERIOR 3/5P TYC;GOLF VI 10/08-FAROLIM TR ESQ EXTERIOR 3/5P TYC;0;;
61;1573;11-11434-11-2;1573;1111434112;CATEGORIA0;;1;1;0;1;;GOLF VI 10/08-FAROLIM TR ESQ EXTERIOR FUMADO 3/5P TYC;GOLF VI 10/08-FAROLIM TR ESQ EXTERIOR FUMADO 3/5P TYC;0;;
61;1573;11-11445-01-2;1573;1111445012;CATEGORIA0;;1;1;0;1;;SPRINTER 07/06-FAROLIM TR DIR TYC;SPRINTER 07/06-FAROLIM TR DIR TYC;0;;
61;1573;11-11446-01-2;1573;1111446012;CATEGORIA0;;1;1;0;1;;SPRINTER 07/06-FAROLIM TR DIR TYC;SPRINTER 07/06-FAROLIM TR DIR TYC;0;;
61;1573;11-11469-11-2;1573;1111469112;CATEGORIA0;;1;1;0;1;;CIVIC 12/08-FAROLIM TR DIR EXTERIOR 4P TYC;CIVIC 12/08-FAROLIM TR DIR EXTERIOR 4P TYC;0;;
61;1573;11-11470-11-2;1573;1111470112;CATEGORIA0;;1;1;0;1;;CIVIC 12/08-FAROLIM TR ESQ EXTERIOR 4P TYC;CIVIC 12/08-FAROLIM TR ESQ EXTERIOR 4P TYC;0;;
61;1573;11-11473-01-2;1573;1111473012;CATEGORIA0;;1;1;0;1;;YARIS 02/09-FAROLIM TR DIR LED C/PISCA LARANJA TYC;YARIS 02/09-FAROLIM TR DIR LED C/PISCA LARANJA TYC;0;;
61;1573;11-11473-11-2;1573;1111473112;CATEGORIA0;;1;1;0;1;;YARIS 02/09-FAROLIM TR DIR LED C/PISCA BRANCO TYC;YARIS 02/09-FAROLIM TR DIR LED C/PISCA BRANCO TYC;0;;
61;1573;11-11474-01-2;1573;1111474012;CATEGORIA0;;1;1;0;1;;YARIS 02/09-FAROLIM TR ESQ LED C/PISCA LARANJA TYC;YARIS 02/09-FAROLIM TR ESQ LED C/PISCA LARANJA TYC;0;;
61;1573;11-11474-11-2;1573;1111474112;CATEGORIA0;;1;1;0;1;;YARIS 02/09-FAROLIM TR ESQ LED C/PISCA BRANCO TYC;YARIS 02/09-FAROLIM TR ESQ LED C/PISCA BRANCO TYC;0;;
61;1573;11-11485-01-2;1573;1111485012;CATEGORIA0;;1;1;0;1;;HIACE 09/95-FAROLIM TR DIR TYC;HIACE 09/95-FAROLIM TR DIR TYC;0;;
61;1573;11-11486-01-2;1573;1111486012;CATEGORIA0;;1;1;0;1;;HIACE 09/95-FAROLIM TR ESQ TYC;HIACE 09/95-FAROLIM TR ESQ TYC;0;;
61;1573;11-11487-01-2;1573;1111487012;CATEGORIA0;;1;1;0;1;;POLO 06/09-FAROLIM TR DIR TYC;POLO 06/09-FAROLIM TR DIR TYC;0;;
61;1573;11-11488-01-2;1573;1111488012;CATEGORIA0;;1;1;0;1;;POLO 06/09-FAROLIM TR ESQ TYC;POLO 06/09-FAROLIM TR ESQ TYC;0;;
61;1573;11-11489-01-2;1573;1111489012;CATEGORIA0;;1;1;0;1;;FIESTA 09/08-FAROLIM TR DIR TYC;FIESTA 09/08-FAROLIM TR DIR TYC;0;;
61;1573;11-11490-01-2;1573;1111490012;CATEGORIA0;;1;1;0;1;;FIESTA 09/08-FAROLIM TR ESQ TYC;FIESTA 09/08-FAROLIM TR ESQ TYC;0;;
61;1573;11-11555-01-2;1573;1111555012;CATEGORIA0;;1;1;0;1;;A4 10/07-FAROLIM TR DIR EXTERIOR LED (AUTOMOVEL) TYC;A4 10/07-FAROLIM TR DIR EXTERIOR LED (AUTOMOVEL) TYC;0;;
61;1573;11-11556-01-2;1573;1111556012;CATEGORIA0;;1;1;0;1;;A4 10/07-FAROLIM TR ESQ EXTERIOR LED (AUTOMOVEL) TYC;A4 10/07-FAROLIM TR ESQ EXTERIOR LED (AUTOMOVEL) TYC;0;;
61;1573;11-11647-01-2;1573;1111647012;CATEGORIA0;;1;1;0;1;;ASTRA 11/09-FAROLIM TR DIR EXTERIOR 3/5P;ASTRA 11/09-FAROLIM TR DIR EXTERIOR 3/5P;0;;
61;1573;11-11647-11-2;1573;1111647112;CATEGORIA0;;1;1;0;1;;ASTRA 11/09-FAROLIM TR DIR EXTERIOR FUMADO 3/5P;ASTRA 11/09-FAROLIM TR DIR EXTERIOR FUMADO 3/5P;0;;
61;1573;11-11648-01-2;1573;1111648012;CATEGORIA0;;1;1;0;1;;ASTRA 11/09-FAROLIM TR ESQ EXTERIOR 3/5P;ASTRA 11/09-FAROLIM TR ESQ EXTERIOR 3/5P;0;;
61;1573;11-11648-11-2;1573;1111648112;CATEGORIA0;;1;1;0;1;;ASTRA 11/09-FAROLIM TR ESQ EXTERIOR FUMADO 3/5P;ASTRA 11/09-FAROLIM TR ESQ EXTERIOR FUMADO 3/5P;0;;
61;1573;11-11671-01-2;1573;1111671012;CATEGORIA0;;1;1;0;1;;TOURAN 07/03-FAROLIM TR DIR;TOURAN 07/03-FAROLIM TR DIR;0;;
61;1573;11-11672-01-2;1573;1111672012;CATEGORIA0;;1;1;0;1;;TOURAN 07/03-FAROLIM TR ESQ;TOURAN 07/03-FAROLIM TR ESQ;0;;
61;1573;11-11673-01-2;1573;1111673012;CATEGORIA0;;1;1;0;1;;TOURAN 01/07-FAROLIM TR DIR;TOURAN 01/07-FAROLIM TR DIR;0;;
61;1573;11-11673-11-2;1573;1111673112;CATEGORIA0;;1;1;0;1;;TOURAN 01/07-FAROLIM TR DIR FUMADO;TOURAN 01/07-FAROLIM TR DIR FUMADO;0;;
61;1573;11-11675-06-2;1573;1111675062;CATEGORIA0;;1;1;0;1;;E91 02/05-FAROLIM TR DIR EXTERIOR LED (CARRINHA) TYC;E91 02/05-FAROLIM TR DIR EXTERIOR LED (CARRINHA) TYC;0;;
61;1573;11-11676-06-2;1573;1111676062;CATEGORIA0;;1;1;0;1;;E91 02/05-FAROLIM TR ESQ EXTERIOR LED (CARRINHA) TYC;E91 02/05-FAROLIM TR ESQ EXTERIOR LED (CARRINHA) TYC;0;;
61;1573;11-11677-06-2;1573;1111677062;CATEGORIA0;;1;1;0;1;;E90 09/08-FAROLIM TR DIR EXTERIOR LED TYC;E90 09/08-FAROLIM TR DIR EXTERIOR LED TYC;0;;
61;1573;11-11678-06-2;1573;1111678062;CATEGORIA0;;1;1;0;1;;E90 09/08-FAROLIM TR ESQ EXTERIOR LED TYC;E90 09/08-FAROLIM TR ESQ EXTERIOR LED TYC;0;;
61;1573;11-11679-06-2;1573;1111679062;CATEGORIA0;;1;1;0;1;;E87 03/07-FAROLIM TR DIR LED TYC;E87 03/07-FAROLIM TR DIR LED TYC;0;;
61;1573;11-11679-16-2;1573;1111679162;CATEGORIA0;;1;1;0;1;;E87 03/07-FAROLIM TR DIR LED C/PISCA FUMADO TYC;E87 03/07-FAROLIM TR DIR LED C/PISCA FUMADO TYC;0;;
61;1573;11-11680-06-2;1573;1111680062;CATEGORIA0;;1;1;0;1;;E87 03/07-FAROLIM TR ESQ LED TYC;E87 03/07-FAROLIM TR ESQ LED TYC;0;;
61;1573;11-11680-16-2;1573;1111680162;CATEGORIA0;;1;1;0;1;;E87 03/07-FAROLIM TR ESQ LED C/PISCA FUMADO TYC;E87 03/07-FAROLIM TR ESQ LED C/PISCA FUMADO TYC;0;;
61;1573;11-11681-01-2;1573;1111681012;CATEGORIA0;;1;1;0;1;;CRAFTER 04/06-FAROLIM TR DIR TYC;CRAFTER 04/06-FAROLIM TR DIR TYC;0;;
61;1573;11-11682-01-2;1573;1111682012;CATEGORIA0;;1;1;0;1;;CRAFTER 04/06-FAROLIM TR ESQ TYC;CRAFTER 04/06-FAROLIM TR ESQ TYC;0;;
61;1573;11-11683-01-2;1573;1111683012;CATEGORIA0;;1;1;0;1;;TRANSIT CONNECT 08/02-FAROLIM TR DIR TYC;TRANSIT CONNECT 08/02-FAROLIM TR DIR TYC;0;;
61;1573;11-11684-01-2;1573;1111684012;CATEGORIA0;;1;1;0;1;;TRANSIT CONNECT 08/02-FAROLIM TR ESQ TYC;TRANSIT CONNECT 08/02-FAROLIM TR ESQ TYC;0;;
61;1573;11-11685-01-2;1573;1111685012;CATEGORIA0;;1;1;0;1;;VITO 09/03-FAROLIM TR DIR TYC;VITO 09/03-FAROLIM TR DIR TYC;0;;
61;1573;11-11686-01-2;1573;1111686012;CATEGORIA0;;1;1;0;1;;VITO 09/03-FAROLIM TR ESQ TYC;VITO 09/03-FAROLIM TR ESQ TYC;0;;
61;1573;11-11691-01-2;1573;1111691012;CATEGORIA0;;1;1;0;1;;MONDEO 07/07-FAROLIM TR DIR 4P TYC;MONDEO 07/07-FAROLIM TR DIR 4P TYC;0;;
61;1573;11-11691-11-2;1573;1111691112;CATEGORIA0;;1;1;0;1;;MONDEO 07/07-FAROLIM TR DIR 3/5P TYC;MONDEO 07/07-FAROLIM TR DIR 3/5P TYC;0;;
61;1573;11-11692-01-2;1573;1111692012;CATEGORIA0;;1;1;0;1;;MONDEO 07/07-FAROLIM TR ESQ 4P TYC;MONDEO 07/07-FAROLIM TR ESQ 4P TYC;0;;
61;1573;11-11692-11-2;1573;1111692112;CATEGORIA0;;1;1;0;1;;MONDEO 07/07-FAROLIM TR ESQ 3/5P TYC;MONDEO 07/07-FAROLIM TR ESQ 3/5P TYC;0;;
61;1573;11-11693-01-2;1573;1111693012;CATEGORIA0;;1;1;0;1;;MONDEO 07/07-FAROLIM TR DIR CARRINHA TYC;MONDEO 07/07-FAROLIM TR DIR CARRINHA TYC;0;;
61;1573;11-11694-01-2;1573;1111694012;CATEGORIA0;;1;1;0;1;;MONDEO 07/07-FAROLIM TR ESQ CARRINHA TYC;MONDEO 07/07-FAROLIM TR ESQ CARRINHA TYC;0;;
61;1573;11-11695-01-2;1573;1111695012;CATEGORIA0;;1;1;0;1;;JUMPY/SCUDO/EXP 10/95-FAROLIM TR DIR TYC;JUMPY/SCUDO/EXP 10/95-FAROLIM TR DIR TYC;0;;
61;1573;11-11696-01-2;1573;1111696012;CATEGORIA0;;1;1;0;1;;JUMPY/SCUDO/EXP 10/95-FAROLIM TR ESQ TYC;JUMPY/SCUDO/EXP 10/95-FAROLIM TR ESQ TYC;0;;
61;1573;11-11699-01-2;1573;1111699012;CATEGORIA0;;1;1;0;1;;MOVANO 07/10-/MASTER 10-FAROLIM TR DIR;MOVANO 07/10-/MASTER 10-FAROLIM TR DIR;0;;
61;1573;11-11700-01-2;1573;1111700012;CATEGORIA0;;1;1;0;1;;MOVANO 07/10-/MASTER 10-FAROLIM TR ESQ;MOVANO 07/10-/MASTER 10-FAROLIM TR ESQ;0;;
61;1573;11-11747-01-9;1573;1111747019;CATEGORIA0;;1;1;0;1;;W204 03/07-FAROLIM TR DIR TYC;W204 03/07-FAROLIM TR DIR TYC;0;;
61;1573;11-11747-11-9;1573;1111747119;CATEGORIA0;;1;1;0;1;;W204 03/07-FAROLIM TR DIR FUMADO TYC;W204 03/07-FAROLIM TR DIR FUMADO TYC;0;;
61;1573;11-11748-01-9;1573;1111748019;CATEGORIA0;;1;1;0;1;;W204 03/07-FAROLIM TR ESQ TYC;W204 03/07-FAROLIM TR ESQ TYC;0;;
61;1573;11-11748-11-9;1573;1111748119;CATEGORIA0;;1;1;0;1;;W204 03/07-FAROLIM TR ESQ FUMADO TYC;W204 03/07-FAROLIM TR ESQ FUMADO TYC;0;;
61;1573;11-11755-01-2;1573;1111755012;CATEGORIA0;;1;1;0;1;;DOBLO 03/10-FAROLIM TR DIR 1P TYC;DOBLO 03/10-FAROLIM TR DIR 1P TYC;0;;
61;1573;11-11755-11-2;1573;1111755112;CATEGORIA0;;1;1;0;1;;DOBLO 03/10-FAROLIM TR DIR 2P TYC;DOBLO 03/10-FAROLIM TR DIR 2P TYC;0;;
61;1573;11-11756-01-2;1573;1111756012;CATEGORIA0;;1;1;0;1;;DOBLO 03/10-FAROLIM TR ESQ 1P TYC;DOBLO 03/10-FAROLIM TR ESQ 1P TYC;0;;
61;1573;11-11756-11-2;1573;1111756112;CATEGORIA0;;1;1;0;1;;DOBLO 03/10-FAROLIM TR ESQ 2P TYC;DOBLO 03/10-FAROLIM TR ESQ 2P TYC;0;;
61;1573;11-11769-01-9;1573;1111769019;CATEGORIA0;;1;1;0;1;;W211 04/06-FAROLIM TR DIR (AUTOM) (CLASSIC/ELEG) TYC;W211 04/06-FAROLIM TR DIR (AUTOM) (CLASSIC/ELEG) TYC;0;;
61;1573;11-11770-01-9;1573;1111770019;CATEGORIA0;;1;1;0;1;;W211 04/06-FAROLIM TR ESQ (AUTOM) (CLASSIC/ELEG) TYC;W211 04/06-FAROLIM TR ESQ (AUTOM) (CLASSIC/ELEG) TYC;0;;
61;1573;11-11779-01-2;1573;1111779012;CATEGORIA0;;1;1;0;1;;C1 06/05-FAROLIM TR DIR TYC;C1 06/05-FAROLIM TR DIR TYC;0;;
61;1573;11-11780-01-2;1573;1111780012;CATEGORIA0;;1;1;0;1;;C1 06/05-FAROLIM TR ESQ TYC;C1 06/05-FAROLIM TR ESQ TYC;0;;
61;1573;11-11783-01-2;1573;1111783012;CATEGORIA0;;1;1;0;1;;FAROLIM TRÁS DTO. (SW) W204 03/07-;FAROLIM TRÁS DTO. (SW) W204 03/07-;0;;
61;1573;11-11787-06-9;1573;1111787069;CATEGORIA0;;1;1;0;1;;W211 04/06-FAROLIM TR DIR (AUTOM) (AVANTGARDE) TYC;W211 04/06-FAROLIM TR DIR (AUTOM) (AVANTGARDE) TYC;0;;
61;1573;11-11788-06-9;1573;1111788069;CATEGORIA0;;1;1;0;1;;W211 04/06-FAROLIM TR ESQ (AUTOM) (AVANTGARDE) TYC;W211 04/06-FAROLIM TR ESQ (AUTOM) (AVANTGARDE) TYC;0;;
61;1573;11-1181-01-2;1573;111181012;CATEGORIA0;;1;1;0;1;;YARIS 01/06-FAROLIM TR DIR TYC;YARIS 01/06-FAROLIM TR DIR TYC;0;;
61;1573;11-1182-01-2;1573;111182012;CATEGORIA0;;1;1;0;1;;YARIS 01/06-FAROLIM TR ESQ TYC;YARIS 01/06-FAROLIM TR ESQ TYC;0;;
61;1573;11-11829-01-2;1573;1111829012;CATEGORIA0;;1;1;0;1;;NEMO/FIOR/BIP 06/08-FAROLIM TR DIR 1P TYC;NEMO/FIOR/BIP 06/08-FAROLIM TR DIR 1P TYC;0;;
61;1573;11-11829-11-2;1573;1111829112;CATEGORIA0;;1;1;0;1;;NEMO/FIOR/BIP 06/08-FAROLIM TR DIR 2P TYC;NEMO/FIOR/BIP 06/08-FAROLIM TR DIR 2P TYC;0;;
61;1573;11-11830-01-2;1573;1111830012;CATEGORIA0;;1;1;0;1;;NEMO/FIOR/BIP 06/08-FAROLIM TR ESQ 1P TYC;NEMO/FIOR/BIP 06/08-FAROLIM TR ESQ 1P TYC;0;;
61;1573;11-11830-11-2;1573;1111830112;CATEGORIA0;;1;1;0;1;;NEMO/FIOR/BIP 06/08-FAROLIM TR ESQ 2P TYC;NEMO/FIOR/BIP 06/08-FAROLIM TR ESQ 2P TYC;0;;
61;1573;11-11849-01-2;1573;1111849012;CATEGORIA0;;1;1;0;1;;FOCUS 04/11-FAROLIM TR DIR 4P TYC;FOCUS 04/11-FAROLIM TR DIR 4P TYC;0;;
61;1573;11-11850-01-2;1573;1111850012;CATEGORIA0;;1;1;0;1;;FOCUS 04/11-FAROLIM TR ESQ 4P TYC;FOCUS 04/11-FAROLIM TR ESQ 4P TYC;0;;
61;1573;11-11851-01-2;1573;1111851012;CATEGORIA0;;1;1;0;1;;FOCUS 04/11-FAROLIM TR DIR EXTERIOR CARRINHA TYC;FOCUS 04/11-FAROLIM TR DIR EXTERIOR CARRINHA TYC;0;;
61;1573;11-11851-16-2;1573;1111851162;CATEGORIA0;;1;1;0;1;;FOCUS 04/11-FAROLIM TR DIR EXTERIOR LED CARRINHA TYC;FOCUS 04/11-FAROLIM TR DIR EXTERIOR LED CARRINHA TYC;0;;
61;1573;11-11852-01-2;1573;1111852012;CATEGORIA0;;1;1;0;1;;FOCUS 04/11-FAROLIM TR ESQ EXTERIOR CARRINHA TYC;FOCUS 04/11-FAROLIM TR ESQ EXTERIOR CARRINHA TYC;0;;
61;1573;11-11852-16-2;1573;1111852162;CATEGORIA0;;1;1;0;1;;FOCUS 04/11-FAROLIM TR ESQ EXTERIOR LED CARRINHA TYC;FOCUS 04/11-FAROLIM TR ESQ EXTERIOR LED CARRINHA TYC;0;;
61;1573;11-11863-06-2;1573;1111863062;CATEGORIA0;;1;1;0;1;;207 06/09-FAROLIM TR DIR TYC;207 06/09-FAROLIM TR DIR TYC;0;;
61;1573;11-11864-06-2;1573;1111864062;CATEGORIA0;;1;1;0;1;;207 06/09-FAROLIM TR ESQ TYC;207 06/09-FAROLIM TR ESQ TYC;0;;
61;1573;11-11865-01-2;1573;1111865012;CATEGORIA0;;1;1;0;1;;307 10/05-FAROLIM TR DIR (CARRINHA) TYC;307 10/05-FAROLIM TR DIR (CARRINHA) TYC;0;;
61;1573;11-11866-01-2;1573;1111866012;CATEGORIA0;;1;1;0;1;;FAROLIM TR. ESQ. PEUGEOT 307 SW 05-;FAROLIM TR. ESQ. PEUGEOT 307 SW 05-;0;;
61;1573;11-11867-00-2;1573;1111867002;CATEGORIA0;;1;1;0;1;;PASSAT 05/05-FAROLIM TR DIR EXTERIOR (CARRINHA) TYC;PASSAT 05/05-FAROLIM TR DIR EXTERIOR (CARRINHA) TYC;0;;
61;1573;11-11868-00-2;1573;1111868002;CATEGORIA0;;1;1;0;1;;PASSAT 05/05-FAROLIM TR ESQ EXTERIOR (CARRINHA) TYC;PASSAT 05/05-FAROLIM TR ESQ EXTERIOR (CARRINHA) TYC;0;;
61;1573;11-11875-01-2;1573;1111875012;CATEGORIA0;;1;1;0;1;;ASTRA 11/09-FAROLIM TR DIR EXTERIOR CARRINHA;ASTRA 11/09-FAROLIM TR DIR EXTERIOR CARRINHA;0;;
61;1573;11-11875-11-2;1573;1111875112;CATEGORIA0;;1;1;0;1;;ASTRA 11/09-FAROLIM TR DIR EXTERIOR FUMADO CARRINHA;ASTRA 11/09-FAROLIM TR DIR EXTERIOR FUMADO CARRINHA;0;;
61;1573;11-11876-01-2;1573;1111876012;CATEGORIA0;;1;1;0;1;;ASTRA 11/09-FAROLIM TR ESQ EXTERIOR CARRINHA;ASTRA 11/09-FAROLIM TR ESQ EXTERIOR CARRINHA;0;;
61;1573;11-11876-11-2;1573;1111876112;CATEGORIA0;;1;1;0;1;;ASTRA 11/09-FAROLIM TR ESQ EXTERIOR FUMADO CARRINHA;ASTRA 11/09-FAROLIM TR ESQ EXTERIOR FUMADO CARRINHA;0;;
61;1573;11-11883-01-2;1573;1111883012;CATEGORIA0;;1;1;0;1;;FAROLIM TRÁS DTO.;FAROLIM TRÁS DTO.;0;;
61;1573;11-11884-01-2;1573;1111884012;CATEGORIA0;;1;1;0;1;;308 09/07-FAROLIM TR ESQ 3/5P TYC;308 09/07-FAROLIM TR ESQ 3/5P TYC;0;;
61;1573;11-11907-01-2;1573;1111907012;CATEGORIA0;;1;1;0;1;;E87 03/07-FAROLIM TR DIR TYC;E87 03/07-FAROLIM TR DIR TYC;0;;
61;1573;11-11907-11-2;1573;1111907112;CATEGORIA0;;1;1;0;1;;E87 03/07-FAROLIM TR DIR C/PISCA FUMADO TYC;E87 03/07-FAROLIM TR DIR C/PISCA FUMADO TYC;0;;
61;1573;11-11908-01-2;1573;1111908012;CATEGORIA0;;1;1;0;1;;E87 03/07-FAROLIM TR ESQ TYC;E87 03/07-FAROLIM TR ESQ TYC;0;;
61;1573;11-11908-11-2;1573;1111908112;CATEGORIA0;;1;1;0;1;;E87 03/07-FAROLIM TR ESQ C/PISCA FUMADO TYC;E87 03/07-FAROLIM TR ESQ C/PISCA FUMADO TYC;0;;
61;1573;11-11983-01-9;1573;1111983019;CATEGORIA0;;1;1;0;1;;E60 05/03-FAROLIM TR DIR 4P TYC;E60 05/03-FAROLIM TR DIR 4P TYC;0;;
61;1573;11-11983-21-9;1573;1111983219;CATEGORIA0;;1;1;0;1;;E60 05/03-FAROLIM TR DIR FUMADO 4P TYC;E60 05/03-FAROLIM TR DIR FUMADO 4P TYC;0;;
61;1573;11-11984-01-9;1573;1111984019;CATEGORIA0;;1;1;0;1;;E60 05/03-FAROLIM TR ESQ 4P TYC;E60 05/03-FAROLIM TR ESQ 4P TYC;0;;
61;1573;11-11984-21-9;1573;1111984219;CATEGORIA0;;1;1;0;1;;E60 05/03-FAROLIM TR ESQ FUMADO 4P TYC;E60 05/03-FAROLIM TR ESQ FUMADO 4P TYC;0;;
61;1573;11-12004-01-2;1573;1112004012;CATEGORIA0;;1;1;0;1;;FAROLIM TRÁS ESQ.;FAROLIM TRÁS ESQ.;0;;
61;1573;11-12017-05-2;1573;1112017052;CATEGORIA0;;1;1;0;1;;TOYOTA HILUX 11-*FAROLIM TRAS DRT CX METALICA;TOYOTA HILUX 11-*FAROLIM TRAS DRT CX METALICA;0;;
61;1573;11-12018-05-2;1573;1112018052;CATEGORIA0;;1;1;0;1;;TOYOTA HILUX 11-*FAROLIM TRAS ESQ CX METALICA;TOYOTA HILUX 11-*FAROLIM TRAS ESQ CX METALICA;0;;
61;1573;11-12041-01-2;1573;1112041012;CATEGORIA0;;1;1;0;1;;CLIO 04/09-FAROLIM TR DIR TYC;CLIO 04/09-FAROLIM TR DIR TYC;0;;
61;1573;11-12042-01-2;1573;1112042012;CATEGORIA0;;1;1;0;1;;CLIO 04/09-FAROLIM TR ESQ TYC;CLIO 04/09-FAROLIM TR ESQ TYC;0;;
61;1573;11-12073-01-2;1573;1112073012;CATEGORIA0;;1;1;0;1;;A3 07/08-FAROLIM TR DIR 3P NEGRO TYC;A3 07/08-FAROLIM TR DIR 3P NEGRO TYC;0;;
61;1573;11-12074-01-2;1573;1112074012;CATEGORIA0;;1;1;0;1;;A3 07/08-FAROLIM TR ESQ 3P NEGRO TYC;A3 07/08-FAROLIM TR ESQ 3P NEGRO TYC;0;;
61;1540;11-12074-11-2;1540;1112074112;CATEGORIA0;;1;1;0;1;;FAROLIM TRÁS ESQ. A3 07/08-;FAROLIM TRÁS ESQ. A3 07/08-;0;;
61;1573;11-12135-01-2;1573;1112135012;CATEGORIA0;;1;1;0;1;;C4 09/10-FAROLIM TR DIR EXTERIOR TYC;C4 09/10-FAROLIM TR DIR EXTERIOR TYC;0;;
61;1573;11-12136-01-2;1573;1112136012;CATEGORIA0;;1;1;0;1;;C4 09/10-FAROLIM TR ESQ EXTERIOR TYC;C4 09/10-FAROLIM TR ESQ EXTERIOR TYC;0;;
61;1573;11-12159-01-2;1573;1112159012;CATEGORIA0;;1;1;0;1;;206+ 03/09-FAROLIM TR DIR;206+ 03/09-FAROLIM TR DIR;0;;
61;1573;11-12160-01-2;1573;1112160012;CATEGORIA0;;1;1;0;1;;206+ 03/09-FAROLIM TR ESQ;206+ 03/09-FAROLIM TR ESQ;0;;
61;1573;11-12171-01-2;1573;1112171012;CATEGORIA0;;1;1;0;1;;UP 01/12-FAROLIM TR DIR;UP 01/12-FAROLIM TR DIR;0;;
61;1573;11-12172-01-2;1573;1112172012;CATEGORIA0;;1;1;0;1;;UP 01/12-FAROLIM TR ESQ;UP 01/12-FAROLIM TR ESQ;0;;
61;1573;11-12185-01-2;1573;1112185012;CATEGORIA0;;1;1;0;1;;CLIO 11/05-FAROLIM TR DIR TYC;CLIO 11/05-FAROLIM TR DIR TYC;0;;
61;1573;11-12186-01-2;1573;1112186012;CATEGORIA0;;1;1;0;1;;CLIO 11/05-FAROLIM TR ESQ TYC;CLIO 11/05-FAROLIM TR ESQ TYC;0;;
61;1573;11-12227-05-2;1573;1112227052;CATEGORIA0;;1;1;0;1;;YARIS 12-FAROLIM TR DIR;YARIS 12-FAROLIM TR DIR;0;;
61;1573;11-12228-05-2;1573;1112228052;CATEGORIA0;;1;1;0;1;;YARIS 12-FAROLIM TR ESQ;YARIS 12-FAROLIM TR ESQ;0;;
61;1573;11-12243-01-2;1573;1112243012;CATEGORIA0;;1;1;0;1;;F20 07/11-FAROLIM TR DIR TYC;F20 07/11-FAROLIM TR DIR TYC;0;;
61;1573;11-12244-01-2;1573;1112244012;CATEGORIA0;;1;1;0;1;;F20 07/11-FAROLIM TR ESQ TYC;F20 07/11-FAROLIM TR ESQ TYC;0;;
61;1573;11-12245-06-2;1573;1112245062;CATEGORIA0;;1;1;0;1;;F20 07/11-FAROLIM TR DIR LED TYC;F20 07/11-FAROLIM TR DIR LED TYC;0;;
61;1573;11-12246-06-2;1573;1112246062;CATEGORIA0;;1;1;0;1;;F20 07/11-FAROLIM TR ESQ LED TYC;F20 07/11-FAROLIM TR ESQ LED TYC;0;;
61;1540;11-12258-01-2;1540;1112258012;CATEGORIA0;;1;1;0;1;;OCTAVIA 05/04-FAROLIM TR. ESQ (CARRINHA);OCTAVIA 05/04-FAROLIM TR. ESQ (CARRINHA);0;;
61;1573;11-12275-06-2;1573;1112275062;CATEGORIA0;;1;1;0;1;;F30 02/12-FAROLIM TR DIR LED 4P;F30 02/12-FAROLIM TR DIR LED 4P;0;;
61;1573;11-12276-06-2;1573;1112276062;CATEGORIA0;;1;1;0;1;;F30 02/12-FAROLIM TR ESQ LED 4P;F30 02/12-FAROLIM TR ESQ LED 4P;0;;
61;1573;11-12279-01-2;1573;1112279012;CATEGORIA0;;1;1;0;1;;GRANDE PUNTO 06/08-FAROLIM TR DIR TYC;GRANDE PUNTO 06/08-FAROLIM TR DIR TYC;0;;
61;1573;11-12280-01-2;1573;1112280012;CATEGORIA0;;1;1;0;1;;GRANDE PUNTO 06/08-FAROLIM TR ESQ TYC;GRANDE PUNTO 06/08-FAROLIM TR ESQ TYC;0;;
61;1573;11-12281-01-2;1573;1112281012;CATEGORIA0;;1;1;0;1;;PANDA 01/12-FAROLIM TR DIR;PANDA 01/12-FAROLIM TR DIR;0;;
61;1573;11-12282-01-2;1573;1112282012;CATEGORIA0;;1;1;0;1;;PANDA 01/12-FAROLIM TR ESQ;PANDA 01/12-FAROLIM TR ESQ;0;;
61;1573;11-12299-01-2;1573;1112299012;CATEGORIA0;;1;1;0;1;;IBIZA 09/08-FAROLIM TR DIR 5P TYC;IBIZA 09/08-FAROLIM TR DIR 5P TYC;0;;
61;1573;11-12300-01-2;1573;1112300012;CATEGORIA0;;1;1;0;1;;IBIZA 09/08-FAROLIM TR ESQ 5P TYC;IBIZA 09/08-FAROLIM TR ESQ 5P TYC;0;;
61;1573;11-12301-01-2;1573;1112301012;CATEGORIA0;;1;1;0;1;;FORTWO 03/07-FAROLIM TR DIR TYC;FORTWO 03/07-FAROLIM TR DIR TYC;0;;
61;1573;11-12302-01-2;1573;1112302012;CATEGORIA0;;1;1;0;1;;FORTWO 03/07-FAROLIM TR ESQ TYC;FORTWO 03/07-FAROLIM TR ESQ TYC;0;;
61;1573;11-12303-01-2;1573;1112303012;CATEGORIA0;;1;1;0;1;;IBIZA 09/08-FAROLIM TR DIR EXTERIOR (CARRINHA) TYC;IBIZA 09/08-FAROLIM TR DIR EXTERIOR (CARRINHA) TYC;0;;
61;1573;11-12304-01-2;1573;1112304012;CATEGORIA0;;1;1;0;1;;IBIZA 09/08-FAROLIM TR ESQ EXTERIOR (CARRINHA) TYC;IBIZA 09/08-FAROLIM TR ESQ EXTERIOR (CARRINHA) TYC;0;;
61;1573;11-12355-01-2;1573;1112355012;CATEGORIA0;;1;1;0;1;;CLIO 10/12-FAROLIM TR DIR EXTERIOR TYC;CLIO 10/12-FAROLIM TR DIR EXTERIOR TYC;0;;
61;1573;11-12356-01-2;1573;1112356012;CATEGORIA0;;1;1;0;1;;CLIO 10/12-FAROLIM TR ESQ EXTERIOR TYC;CLIO 10/12-FAROLIM TR ESQ EXTERIOR TYC;0;;
61;1573;11-12363-06-2;1573;1112363062;CATEGORIA0;;1;1;0;1;;500L 09/12-FAROLIM TR DIR LED;500L 09/12-FAROLIM TR DIR LED;0;;
61;1573;11-12364-06-2;1573;1112364062;CATEGORIA0;;1;1;0;1;;500L 09/12-FAROLIM TR ESQ LED;500L 09/12-FAROLIM TR ESQ LED;0;;
61;1573;11-12379-01-2;1573;1112379012;CATEGORIA0;;1;1;0;1;;GOLF VII 11/12-FAROLIM TR DIR EXTERIOR VERMELHO TYC;GOLF VII 11/12-FAROLIM TR DIR EXTERIOR VERMELHO TYC;0;;
61;1573;11-12379-11-2;1573;1112379112;CATEGORIA0;;1;1;0;1;;GOLF VII 11/12-FAROLIM TR DIR EXTERIOR NEGRO TYC;GOLF VII 11/12-FAROLIM TR DIR EXTERIOR NEGRO TYC;0;;
61;1573;11-12380-01-2;1573;1112380012;CATEGORIA0;;1;1;0;1;;GOLF VII 11/12-FAROLIM TR ESQ EXTERIOR VERMELHO TYC;GOLF VII 11/12-FAROLIM TR ESQ EXTERIOR VERMELHO TYC;0;;
61;1573;11-12380-11-2;1573;1112380112;CATEGORIA0;;1;1;0;1;;GOLF VII 11/12-FAROLIM TR ESQ EXTERIOR NEGRO TYC;GOLF VII 11/12-FAROLIM TR ESQ EXTERIOR NEGRO TYC;0;;
61;1540;11-12383-01-2;1540;1112383012;CATEGORIA0;;1;1;0;1;;FAROLIM TRÁS DTO.;FAROLIM TRÁS DTO.;0;;
61;1573;11-12384-01-2;1573;1112384012;CATEGORIA0;;1;1;0;1;;FAROLIM TRASEIRO;FAROLIM TRASEIRO;0;;
61;1573;11-12453-01-2;1573;1112453012;CATEGORIA0;;1;1;0;1;;C3 11/09-FAROLIM TR DIR EXTERIOR TYC;C3 11/09-FAROLIM TR DIR EXTERIOR TYC;0;;
61;1573;11-12454-01-2;1573;1112454012;CATEGORIA0;;1;1;0;1;;C3 11/09-FAROLIM TR ESQ EXTERIOR TYC;C3 11/09-FAROLIM TR ESQ EXTERIOR TYC;0;;
61;1573;11-12483-01-2;1573;1112483012;CATEGORIA0;;1;1;0;1;;PASSAT 10/10-FAROLIM TR DIR EXTERIOR (CARRINHA) TYC;PASSAT 10/10-FAROLIM TR DIR EXTERIOR (CARRINHA) TYC;0;;
61;1573;11-12484-01-2;1573;1112484012;CATEGORIA0;;1;1;0;1;;PASSAT 10/10-FAROLIM TR ESQ EXTERIOR (CARRINHA) TYC;PASSAT 10/10-FAROLIM TR ESQ EXTERIOR (CARRINHA) TYC;0;;
61;1573;11-12537-01-9;1573;1112537019;CATEGORIA0;;1;1;0;1;;FIESTA 11/12-FAROLIM TR DIR TYC;FIESTA 11/12-FAROLIM TR DIR TYC;0;;
61;1573;11-12538-01-9;1573;1112538019;CATEGORIA0;;1;1;0;1;;FIESTA 11/12-FAROLIM TR ESQ TYC;FIESTA 11/12-FAROLIM TR ESQ TYC;0;;
61;1573;11-12555-01-2;1573;1112555012;CATEGORIA0;;1;1;0;1;;C3 03/13-FAROLIM TR DIR EXTERIOR TYC;C3 03/13-FAROLIM TR DIR EXTERIOR TYC;0;;
61;1573;11-12556-01-2;1573;1112556012;CATEGORIA0;;1;1;0;1;;C3 03/13-FAROLIM TR ESQ EXTERIOR TYC;C3 03/13-FAROLIM TR ESQ EXTERIOR TYC;0;;
61;1573;11-12563-01-2;1573;1112563012;CATEGORIA0;;1;1;0;1;;CADDY 05/10-FAROLIM TR DIR 1P TYC;CADDY 05/10-FAROLIM TR DIR 1P TYC;0;;
61;1573;11-12563-11-2;1573;1112563112;CATEGORIA0;;1;1;0;1;;CADDY 05/10-FAROLIM TR DIR 2P TYC;CADDY 05/10-FAROLIM TR DIR 2P TYC;0;;
61;1573;11-12563-21-2;1573;1112563212;CATEGORIA0;;1;1;0;1;;CADDY 05/10-FAROLIM TR DIR 1P FUMADO TYC;CADDY 05/10-FAROLIM TR DIR 1P FUMADO TYC;0;;
61;1573;11-12563-31-2;1573;1112563312;CATEGORIA0;;1;1;0;1;;CADDY 05/10-FAROLIM TR DIR 2P FUMADO TYC;CADDY 05/10-FAROLIM TR DIR 2P FUMADO TYC;0;;
61;1573;11-12564-01-2;1573;1112564012;CATEGORIA0;;1;1;0;1;;CADDY 05/10-FAROLIM TR ESQ 1P TYC;CADDY 05/10-FAROLIM TR ESQ 1P TYC;0;;
61;1573;11-12564-11-2;1573;1112564112;CATEGORIA0;;1;1;0;1;;CADDY 05/10-FAROLIM TR ESQ 2P TYC;CADDY 05/10-FAROLIM TR ESQ 2P TYC;0;;
61;1573;11-12564-21-2;1573;1112564212;CATEGORIA0;;1;1;0;1;;CADDY 05/10-FAROLIM TR ESQ 1P FUMADO TYC;CADDY 05/10-FAROLIM TR ESQ 1P FUMADO TYC;0;;
61;1573;11-12564-31-2;1573;1112564312;CATEGORIA0;;1;1;0;1;;CADDY 05/10-FAROLIM TR ESQ 2P FUMADO TYC;CADDY 05/10-FAROLIM TR ESQ 2P FUMADO TYC;0;;
61;1540;11-12659-01-2;1540;1112659012;CATEGORIA0;;1;1;0;1;;FAROLIM TRÁS;FAROLIM TRÁS;0;;
61;1573;11-12660-01-2;1573;1112660012;CATEGORIA0;;1;1;0;1;;FAROLIM TR. ESQ.;FAROLIM TR. ESQ.;0;;
61;1573;11-12669-01-2;1573;1112669012;CATEGORIA0;;1;1;0;1;;TRANSIT CONNECT 13-FAROLIM TR DIR TYC;TRANSIT CONNECT 13-FAROLIM TR DIR TYC;0;;
61;1573;11-12670-01-2;1573;1112670012;CATEGORIA0;;1;1;0;1;;TRANSIT CONNECT 13-FAROLIM TR ESQ TYC;TRANSIT CONNECT 13-FAROLIM TR ESQ TYC;0;;
61;1573;11-12679-01-2;1573;1112679012;CATEGORIA0;;1;1;0;1;;FAROLIM TRAS DTO.;FAROLIM TRAS DTO.;0;;
61;1573;11-12831-01-2;1573;1112831012;CATEGORIA0;;1;1;0;1;;FAROLIM TRÁS DTO OPEL;FAROLIM TRÁS DTO OPEL;0;;
61;1573;11-12903-01-2;1573;1112903012;CATEGORIA0;;1;1;0;1;;FAROLIM TRASEIRO;FAROLIM TRASEIRO;0;;
61;1573;11-12974-01-2;1573;1112974012;CATEGORIA0;;1;1;0;1;;FAROLIM TRÁS ESQ.;FAROLIM TRÁS ESQ.;0;;
61;1573;11-15185-01-2;1573;1115185012;CATEGORIA0;;1;1;0;1;;FAROLIM TRÁS DTO;FAROLIM TRÁS DTO;0;;
61;1573;11-3278-05-2;1573;113278052;CATEGORIA0;;1;1;0;1;;* MICRA 11/92-FAROLIM TR ESQ TYC;* MICRA 11/92-FAROLIM TR ESQ TYC;0;;
61;1573;11-3347-05-2;1573;113347052;CATEGORIA0;;1;1;0;1;;VECTRA 10/95-FAROLIM TR DIR C/PISCA BRANCO 4/5P TYC;VECTRA 10/95-FAROLIM TR DIR C/PISCA BRANCO 4/5P TYC;0;;
61;1573;11-3348-05-2;1573;113348052;CATEGORIA0;;1;1;0;1;;VECTRA 10/95-FAROLIM TR ESQ C/PISCA BRANCO 4/5P TYC;VECTRA 10/95-FAROLIM TR ESQ C/PISCA BRANCO 4/5P TYC;0;;
61;1573;11-5015-01-2;1573;115015012;CATEGORIA0;;1;1;0;1;;POLO 10/94-FAROLIM TR DIR TYC;POLO 10/94-FAROLIM TR DIR TYC;0;;
61;1573;11-5016-01-2;1573;115016012;CATEGORIA0;;1;1;0;1;;POLO 10/94-FAROLIM TR ESQ TYC;POLO 10/94-FAROLIM TR ESQ TYC;0;;
61;1573;11-5029-05-2;1573;115029052;CATEGORIA0;;1;1;0;1;;CORSA B 09/93-FAROLIM TR DIR 3P TYC;CORSA B 09/93-FAROLIM TR DIR 3P TYC;0;;
61;1573;11-5030-05-2;1573;115030052;CATEGORIA0;;1;1;0;1;;STOP ESQ. CORSA B 93-  3P TYC;STOP ESQ. CORSA B 93-  3P TYC;0;;
61;1573;11-5189-05-2;1573;115189052;CATEGORIA0;;1;1;0;1;;W210 08/95-FAROLIM TR DIR EXTERIOR (AUTOMÓVEL) TYC;W210 08/95-FAROLIM TR DIR EXTERIOR (AUTOMÓVEL) TYC;0;;
61;1573;11-5190-05-2;1573;115190052;CATEGORIA0;;1;1;0;1;;W210 08/95-FAROLIM TR ESQ EXTERIOR (AUTOMÓVEL) TYC;W210 08/95-FAROLIM TR ESQ EXTERIOR (AUTOMÓVEL) TYC;0;;
61;1573;11-5191-05-2;1573;115191052;CATEGORIA0;;1;1;0;1;;W202 05/93-FAROLIM TR DIR C/PISCA FUMADO TYC;W202 05/93-FAROLIM TR DIR C/PISCA FUMADO TYC;0;;
61;1573;11-5191-11-2;1573;115191112;CATEGORIA0;;1;1;0;1;;W202 05/93-FAROLIM TR DIR C/PISCA LARANJA TYC;W202 05/93-FAROLIM TR DIR C/PISCA LARANJA TYC;0;;
61;1573;11-5192-05-2;1573;115192052;CATEGORIA0;;1;1;0;1;;W202 05/93-FAROLIM TR ESQ C/PISCA FUMADO TYC;W202 05/93-FAROLIM TR ESQ C/PISCA FUMADO TYC;0;;
61;1540;11-5192-11-2;1540;13081711;CATEGORIA0;;1;1;0;1;;STOP ESQ. MERCEDES C W202 93-;STOP ESQ. MERCEDES C W202 93-;0;;
61;1573;11-5192-11-2;1573;115192112;CATEGORIA0;;1;1;0;1;;W202 05/93-FAROLIM TR ESQ C/PISCA LARANJA TYC;W202 05/93-FAROLIM TR ESQ C/PISCA LARANJA TYC;0;;
61;1573;11-5313-05-2;1573;115313052;CATEGORIA0;;1;1;0;1;;* TRANSIT 11/85-FAROLIM TR DIR TYC;* TRANSIT 11/85-FAROLIM TR DIR TYC;0;;
61;1573;11-5314-05-2;1573;115314052;CATEGORIA0;;1;1;0;1;;TRANSIT 11/85-FAROLIM TR ESQ TYC;TRANSIT 11/85-FAROLIM TR ESQ TYC;0;;
61;1573;11-5907-21-2;1573;115907212;CATEGORIA0;;1;1;0;1;;E36 12/90-FAROLIM TR DIR C/PISCA LARANJA 4P TYC;E36 12/90-FAROLIM TR DIR C/PISCA LARANJA 4P TYC;0;;
61;1573;11-5907-41-2;1573;115907412;CATEGORIA0;;1;1;0;1;;E36 12/90-FAROLIM TR DIR C/PISCA BRANCO 4P TYC;E36 12/90-FAROLIM TR DIR C/PISCA BRANCO 4P TYC;0;;
61;1573;11-5908-21-2;1573;115908212;CATEGORIA0;;1;1;0;1;;E36 12/90-FAROLIM TR ESQ C/PISCA LARANJA 4P TYC;E36 12/90-FAROLIM TR ESQ C/PISCA LARANJA 4P TYC;0;;
61;1573;11-5908-41-2;1573;115908412;CATEGORIA0;;1;1;0;1;;E36 12/90-FAROLIM TR ESQ C/PISCA BRANCO 4P TYC;E36 12/90-FAROLIM TR ESQ C/PISCA BRANCO 4P TYC;0;;
61;1573;11-5915-01-2;1573;115915012;CATEGORIA0;;1;1;0;1;;E46 02/98-FAROLIM TR DIR EXTERIOR C/P/LARANJA 4P TYC;E46 02/98-FAROLIM TR DIR EXTERIOR C/P/LARANJA 4P TYC;0;;
61;1573;11-5915-11-2;1573;115915112;CATEGORIA0;;1;1;0;1;;E46 02/98-FAROLIM TR DIR EXTERIOR C/P/BRANCO 4P TYC;E46 02/98-FAROLIM TR DIR EXTERIOR C/P/BRANCO 4P TYC;0;;
61;1573;11-5916-01-2;1573;115916012;CATEGORIA0;;1;1;0;1;;E46 02/98-FAROLIM TR ESQ EXTERIOR C/P/LARANJA 4P TYC;E46 02/98-FAROLIM TR ESQ EXTERIOR C/P/LARANJA 4P TYC;0;;
61;1573;11-5916-11-2;1573;115916112;CATEGORIA0;;1;1;0;1;;E46 02/98-FAROLIM TR ESQ EXTERIOR C/P/BRANCO 4P TYC;E46 02/98-FAROLIM TR ESQ EXTERIOR C/P/BRANCO 4P TYC;0;;
61;1573;11-5945-01-9;1573;115945019;CATEGORIA0;;1;1;0;1;;E46 10/01-FAROLIM TR DIR EXTERIOR C/P/LARANJA 4P TYC;E46 10/01-FAROLIM TR DIR EXTERIOR C/P/LARANJA 4P TYC;0;;
61;1573;11-5945-11-2;1573;115945112;CATEGORIA0;;1;1;0;1;;E46 10/01-FAROLIM TR DIR EXTERIOR C/P/BRANCO 4P TYC;E46 10/01-FAROLIM TR DIR EXTERIOR C/P/BRANCO 4P TYC;0;;
61;1573;11-5946-01-9;1573;115946019;CATEGORIA0;;1;1;0;1;;E46 10/01-FAROLIM TR ESQ EXTERIOR C/P/LARANJA 4P TYC;E46 10/01-FAROLIM TR ESQ EXTERIOR C/P/LARANJA 4P TYC;0;;
61;1573;11-5946-11-2;1573;115946112;CATEGORIA0;;1;1;0;1;;E46 10/01-FAROLIM TR ESQ EXTERIOR C/P/BRANCO 4P TYC;E46 10/01-FAROLIM TR ESQ EXTERIOR C/P/BRANCO 4P TYC;0;;
61;1573;11-5969-01-2;1573;115969012;CATEGORIA0;;1;1;0;1;;COOPER 06/01-FAROLIM TR DIR VERMELHO TYC;COOPER 06/01-FAROLIM TR DIR VERMELHO TYC;0;;
61;1573;11-5969-21-2;1573;115969212;CATEGORIA0;;1;1;0;1;;COOPER 06/01-FAROLIM TR DIR TRANSPARENTE TYC;COOPER 06/01-FAROLIM TR DIR TRANSPARENTE TYC;0;;
61;1573;11-5970-01-2;1573;115970012;CATEGORIA0;;1;1;0;1;;COOPER 06/01-FAROLIM TR ESQ VERMELHO TYC;COOPER 06/01-FAROLIM TR ESQ VERMELHO TYC;0;;
61;1573;11-5970-21-2;1573;115970212;CATEGORIA0;;1;1;0;1;;COOPER 06/01-FAROLIM TR ESQ TRANSPARENTE TYC;COOPER 06/01-FAROLIM TR ESQ TRANSPARENTE TYC;0;;
61;1573;11-5995-01-2;1573;115995012;CATEGORIA0;;1;1;0;1;;E46 02/98-FAROLIM TR DIR EXTERIOR C/P/LARANJA 2P TYC;E46 02/98-FAROLIM TR DIR EXTERIOR C/P/LARANJA 2P TYC;0;;
61;1573;11-5995-11-2;1573;115995112;CATEGORIA0;;1;1;0;1;;E46 02/98-FAROLIM TR DIR EXTERIOR C/P/BRANCO 2P TYC;E46 02/98-FAROLIM TR DIR EXTERIOR C/P/BRANCO 2P TYC;0;;
61;1573;11-5996-01-2;1573;115996012;CATEGORIA0;;1;1;0;1;;E46 02/98-FAROLIM TR ESQ EXTERIOR C/P/LARANJA 2P TYC;E46 02/98-FAROLIM TR ESQ EXTERIOR C/P/LARANJA 2P TYC;0;;
61;1573;11-5996-11-2;1573;115996112;CATEGORIA0;;1;1;0;1;;E46 02/98-FAROLIM TR ESQ EXTERIOR C/P/BRANCO 2P TYC;E46 02/98-FAROLIM TR ESQ EXTERIOR C/P/BRANCO 2P TYC;0;;
61;1573;11-5997-21-2;1573;115997212;CATEGORIA0;;1;1;0;1;;E36 12/90-FAROLIM TR DIR C/PISCA LARANJA 2P TYC;E36 12/90-FAROLIM TR DIR C/PISCA LARANJA 2P TYC;0;;
61;1573;11-5997-41-2;1573;115997412;CATEGORIA0;;1;1;0;1;;E36 12/90-FAROLIM TR DIR C/PISCA BRANCO 2P TYC;E36 12/90-FAROLIM TR DIR C/PISCA BRANCO 2P TYC;0;;
61;1573;11-5998-21-2;1573;115998212;CATEGORIA0;;1;1;0;1;;E36 12/90-FAROLIM TR ESQ C/PISCA LARANJA 2P TYC;E36 12/90-FAROLIM TR ESQ C/PISCA LARANJA 2P TYC;0;;
61;1573;11-5998-41-2;1573;115998412;CATEGORIA0;;1;1;0;1;;* E36 12/90-FAROLIM TR ESQ C/PISCA BRANCO 2P TYC;* E36 12/90-FAROLIM TR ESQ C/PISCA BRANCO 2P TYC;0;;
61;1573;11-6009-01-2;1573;116009012;CATEGORIA0;;1;1;0;1;;E39 11/95-FAROLIM TR DIR C/PISCA LARANJA (AUTOM) TYC;E39 11/95-FAROLIM TR DIR C/PISCA LARANJA (AUTOM) TYC;0;;
61;1573;11-6009-11-2;1573;116009112;CATEGORIA0;;1;1;0;1;;E39 11/95-FAROLIM TR DIR C/PISCA BRANCO (AUTOM) TYC;E39 11/95-FAROLIM TR DIR C/PISCA BRANCO (AUTOM) TYC;0;;
61;1573;11-6010-01-2;1573;116010012;CATEGORIA0;;1;1;0;1;;E39 11/95-FAROLIM TR ESQ C/PISCA LARANJA (AUTOM) TYC;E39 11/95-FAROLIM TR ESQ C/PISCA LARANJA (AUTOM) TYC;0;;
61;1573;11-6010-11-2;1573;116010112;CATEGORIA0;;1;1;0;1;;E39 11/95-FAROLIM TR ESQ C/PISCA BRANCO (AUTOM) TYC;E39 11/95-FAROLIM TR ESQ C/PISCA BRANCO (AUTOM) TYC;0;;
61;1573;11-6517-11-2;1573;116517112;CATEGORIA0;;1;1;0;1;;A4 01/12-FAROLIM TR DIR EXTERIOR 4P;A4 01/12-FAROLIM TR DIR EXTERIOR 4P;0;;
61;1573;11-6518-11-2;1573;116518112;CATEGORIA0;;1;1;0;1;;A4 01/12-FAROLIM TR ESQ EXTERIOR 4P;A4 01/12-FAROLIM TR ESQ EXTERIOR 4P;0;;
61;1540;110.1EG011919-421;1540;110.1EG011919-421;CATEGORIA0;;1;1;0;1;;FAROL HELLA;FAROL HELLA;0;;
61;1540;110.1EG247007-581;1540;110.1EG247007-581;CATEGORIA0;;1;1;0;1;;FAROL DTO. VW GOLF V 2003/10-;FAROL DTO. VW GOLF V 2003/10-;0;;
61;1540;110.1EL008350-021;1540;110.1EL008350-021;CATEGORIA0;;1;1;0;1;;FAROL DIREITO;FAROL DIREITO;0;;
61;1540;110.1EL009648-401;1540;110.1EL009648-401;CATEGORIA0;;1;1;0;1;;AUDI A3 2008-07- FAROL DTO. BI/XENON/LCD;AUDI A3 2008-07- FAROL DTO. BI/XENON/LCD;0;;
61;1540;110.1EL011284-871;1540;110.1EL011284-871;CATEGORIA0;;1;1;0;1;;FAROL ESQ. HELLA;FAROL ESQ. HELLA;0;;
61;1540;110.1EL011284-881;1540;110.1EL011284-881;CATEGORIA0;;1;1;0;1;;FAROL DTO. HELLA;FAROL DTO. HELLA;0;;
61;1540;110.1ER010117-191;1540;110.1ER010117-191;CATEGORIA0;;1;1;0;1;;FAROL ESQ. OPEL/RENAULT MASTER III;FAROL ESQ. OPEL/RENAULT MASTER III;0;;
61;1540;110.1ER010117-201;1540;110.1ER010117-201;CATEGORIA0;;1;1;0;1;;FAROL DRT OPEL/RENAULT MASTER III 2010.02-;FAROL DRT OPEL/RENAULT MASTER III 2010.02-;0;;
61;1540;110.1EX012977-611;1540;110.1EX012977-611;CATEGORIA0;;1;1;0;1;;FAROL ESQ.;FAROL ESQ.;0;;
61;1540;110.1N0009955-031;1540;110.1N0009955-031;CATEGORIA0;;1;1;0;1;;FAROL NEVOEIRO ESQ.;FAROL NEVOEIRO ESQ.;0;;
61;1540;110.1N0009955-041;1540;110.1N0009955-041;CATEGORIA0;;1;1;0;1;;FAROL NEVOEIRO DRT.;FAROL NEVOEIRO DRT.;0;;
61;1540;110.1ZS009902-511;1540;110.1ZS009902-511;CATEGORIA0;;1;1;0;1;;GOLF IV 2009/04- FAROL ESQ. BI-XENON+LCD+CURV;GOLF IV 2009/04- FAROL ESQ. BI-XENON+LCD+CURV;0;;
61;1540;110.2BA964255-031;1540;110.2BA964255-031;CATEGORIA0;;1;1;0;1;;FAROLIM FRT. ESQ. TERRANO II 93-;FAROLIM FRT. ESQ. TERRANO II 93-;0;;
61;1540;110.2BA964255-041;1540;110.2BA964255-041;CATEGORIA0;;1;1;0;1;;FAROLIM FRT. DTO. TERRANO II 93-;FAROLIM FRT. DTO. TERRANO II 93-;0;;
61;1540;110.2SK009467;1540;110.2SK009467;CATEGORIA0;;1;1;0;1;;FAROLIM TRASEIRO;FAROLIM TRASEIRO;0;;
61;1540;110.2SK009467-121;1540;110.2SK009467-121;CATEGORIA0;;1;1;0;1;;FAROLIM TRASEIRO;FAROLIM TRASEIRO;0;;
61;1540;110.2VP354988-011;1540;110.2VP354988-011;CATEGORIA0;;1;1;0;1;;FAROLIM TRÁS ESQ. (CANTO);FAROLIM TRÁS ESQ. (CANTO);0;;
61;1540;1106043G00;1540;1106043G00;CATEGORIA0;;1;1;0;1;;TAMPA TERMÓSTATO;TAMPA TERMÓSTATO;0;;
61;1540;11111;1540;A30110150;CATEGORIA0;;1;1;0;1;;FAROLIM LAT. AMAR/VERM.;FAROLIM LAT. AMAR/VERM.;0;;
61;1540;1113VL;1540;1113VL;CATEGORIA0;;1;1;0;1;;JG. 3 VIDROS STOP NISSAN;JG. 3 VIDROS STOP NISSAN;0;;
61;1540;112 192;1540;21011;CATEGORIA0;;1;1;0;1;;PUNHO FRT. DRT./ESQ.  IBIZA 93-;PUNHO FRT. DRT./ESQ.  IBIZA 93-;0;;
61;1540;112 193;1540;21012;CATEGORIA0;;1;1;0;1;;PUNHO PORTA FR. DRT/ESQ. IBIZA 97-;PUNHO PORTA FR. DRT/ESQ. IBIZA 97-;0;;
61;1540;112.ME50435;1540;112.ME50435;CATEGORIA0;;1;1;0;1;;MERCEDES W204 08-* TUBO MEIO;MERCEDES W204 08-* TUBO MEIO;0;;
61;1540;112.PG45472K;1540;112.PG45472K;CATEGORIA0;;1;1;0;1;;CATALISADOR PEUGEOT 206/SW/CC 1.4/6/I 8/16V 98-*;CATALISADOR PEUGEOT 206/SW/CC 1.4/6/I 8/16V 98-*;0;;
61;1540;112.PG45972K;1540;112.PG45972K;CATEGORIA0;;1;1;0;1;;CATALISADOR PEUGEOT 208/308/C1/C3/C4 CATUS/C-ELYSEE 12-*;CATALISADOR PEUGEOT 208/308/C1/C3/C4 CATUS/C-ELYSEE 12-*;0;;
61;1540;112.RN55580K;1540;RN55580K;CATEGORIA0;;1;1;0;1;;CATALISADOR;CATALISADOR;0;;
61;1540;112.RN55600K;1540;112.RN55600K;CATEGORIA0;;1;1;0;1;;CATALISADOR RENAULT MEGANE/SCENIC 1.4/1.6/1.8 16V 2.0I 99- *;CATALISADOR RENAULT MEGANE/SCENIC 1.4/1.6/1.8 16V 2.0I 99- *;0;;
61;1540;114.01002078;1540;114.01002078;CATEGORIA0;;1;1;0;1;;RADIADOR AGUA;RADIADOR AGUA;0;;
61;1540;114.03002026;1540;114.03002026;CATEGORIA0;;1;1;0;1;;RADIADOR AGUA;RADIADOR AGUA;0;;
61;1540;114.03002089;1540;114.03002089;CATEGORIA0;;1;1;0;1;;RADIADOR AGUA;RADIADOR AGUA;0;;
61;1540;114.03006385;1540;114.03006385;CATEGORIA0;;1;1;0;1;;RADIADOR ÁGUA;RADIADOR ÁGUA;0;;
61;1540;114.06002263;1540;114.06002263;CATEGORIA0;;1;1;0;1;;RADIADOR ÁGUA;RADIADOR ÁGUA;0;;
61;1540;114.06002546;1540;114.06002546;CATEGORIA0;;1;1;0;1;;RADIADOR ÁGUA;RADIADOR ÁGUA;0;;
61;1540;114.06005363;1540;114.06005363;CATEGORIA0;;1;1;0;1;;CONDENSADOR MINI COOPER 1.6 07-;CONDENSADOR MINI COOPER 1.6 07-;0;;
61;1540;114.06005434V;1540;114.06005434V;CATEGORIA0;;1;1;0;1;;CONDENSADOR;CONDENSADOR;0;;
61;1540;114.06006005;1540;114.06006005;CATEGORIA0;;1;1;0;1;;RADIADOR CHAUFAGEM;RADIADOR CHAUFAGEM;0;;
61;1540;114.09002059;1540;114.09002059;CATEGORIA0;;1;1;0;1;;RADIADOR ÁGUA;RADIADOR ÁGUA;0;;
61;1540;114.09002079;1540;114.09002079;CATEGORIA0;;1;1;0;1;;RADIADOR ÁGUA;RADIADOR ÁGUA;0;;
61;1540;114.09006056;1540;114.09006056;CATEGORIA0;;1;1;0;1;;RADIADOR CHAUFAGEM;RADIADOR CHAUFAGEM;0;;
61;1540;114.09006082;1540;114.09006082;CATEGORIA0;;1;1;0;1;;RADIADOR CHAUFAGEM;RADIADOR CHAUFAGEM;0;;
61;1540;114.09006281V;1540;114.09006281V;CATEGORIA0;;1;1;0;1;;RAD. CHAUF. C3;RAD. CHAUF. C3;0;;
61;1540;114.13002179;1540;114.13002179;CATEGORIA0;;1;1;0;1;;RAD NISSAN PRIMERA (P11);RAD NISSAN PRIMERA (P11);0;;
61;1540;114.13002181;1540;114.13002181;CATEGORIA0;;1;1;0;1;;RADIADOR AGUA;RADIADOR AGUA;0;;
61;1540;114.17002185;1540;114.17002185;CATEGORIA0;;1;1;0;1;;RAD ÁGUA FIAT MAREA 1.9TD;RAD ÁGUA FIAT MAREA 1.9TD;0;;
61;1540;114.17002312;1540;114.17002312;CATEGORIA0;;1;1;0;1;;RADIADOR ÁGUA;RADIADOR ÁGUA;0;;
61;1540;114.17004388;1540;114.17004388;CATEGORIA0;;1;1;0;1;;RADIADOR INTERCOOLER;RADIADOR INTERCOOLER;0;;
61;1540;114.17005411;1540;114.17005411;CATEGORIA0;;1;1;0;1;;CONDENSADOR;CONDENSADOR;0;;
61;1540;114.17006304;1540;114.17006304;CATEGORIA0;;1;1;0;1;;RAD. CHAUF. FIAT 500;RAD. CHAUF. FIAT 500;0;;
61;1540;114.18002169;1540;114.18002169;CATEGORIA0;;1;1;0;1;;RADIADOR FORD TRANSIT 2.0/2.5D 91-94;RADIADOR FORD TRANSIT 2.0/2.5D 91-94;0;;
61;1540;114.18002217;1540;114.18002217;CATEGORIA0;;1;1;0;1;;RADIADOR ÁGUA;RADIADOR ÁGUA;0;;
61;1540;114.18002219;1540;114.18002219;CATEGORIA0;;1;1;0;1;;RADIADOR ÁGUA;RADIADOR ÁGUA;0;;
61;1540;114.18002318;1540;114.18002318;CATEGORIA0;;1;1;0;1;;RADIADOR ÁGUA;RADIADOR ÁGUA;0;;
61;1540;114.18002326;1540;114.18002326;CATEGORIA0;;1;1;0;1;;RADIADOR ÁGUA;RADIADOR ÁGUA;0;;
61;1540;114.18006134;1540;114.18006134;CATEGORIA0;;1;1;0;1;;RADIADOR ÁGUA;RADIADOR ÁGUA;0;;
61;1540;114.18006329;1540;114.18006329;CATEGORIA0;;1;1;0;1;;RADIADOR ÁGUA;RADIADOR ÁGUA;0;;
61;1540;114.18015709V;1540;114.18015709V;CATEGORIA0;;1;1;0;1;;CONDENSADOR;CONDENSADOR;0;;
61;1540;114.29002012;1540;114.29002012;CATEGORIA0;;1;1;0;1;;RADIADOR ÁGUA;RADIADOR ÁGUA;0;;
61;1540;114.30004473;1540;114.30004473;CATEGORIA0;;1;1;0;1;;INTERC MERCEDES VITO(W639);INTERC MERCEDES VITO(W639);0;;
61;1540;114.30005219;1540;114.30005219;CATEGORIA0;;1;1;0;1;;CONDENSADOR;CONDENSADOR;0;;
61;1540;114.37002074;1540;114.37002074;CATEGORIA0;;1;1;0;1;;RADIADOR ÁGUA;RADIADOR ÁGUA;0;;
61;1540;114.37002091;1540;114.37002091;CATEGORIA0;;1;1;0;1;;RADIADOR ÁGUA;RADIADOR ÁGUA;0;;
61;1540;114.37002252;1540;114.37002252;CATEGORIA0;;1;1;0;1;;RADIADOR OPEL;RADIADOR OPEL;0;;
61;1540;114.37002254;1540;114.37002254;CATEGORIA0;;1;1;0;1;;RAD OPEL ASTRA G / ZAFIRA;RAD OPEL ASTRA G / ZAFIRA;0;;
61;1540;114.37002255;1540;114.37002255;CATEGORIA0;;1;1;0;1;;RADIADOR OPEL ASTRA;RADIADOR OPEL ASTRA;0;;
61;1540;114.37002296;1540;114.37002296;CATEGORIA0;;1;1;0;1;;RADIADOR ÁGUA;RADIADOR ÁGUA;0;;
61;1540;114.37002305;1540;114.37002305;CATEGORIA0;;1;1;0;1;;RADIADOR ÁGUA;RADIADOR ÁGUA;0;;
61;1540;114.37002362;1540;114.37002362;CATEGORIA0;;1;1;0;1;;RADIADOR ÁGUA;RADIADOR ÁGUA;0;;
61;1540;114.37002364;1540;114.37002364;CATEGORIA0;;1;1;0;1;;RADIADOR ÁGUA;RADIADOR ÁGUA;0;;
61;1540;114.37002474;1540;114.37002474;CATEGORIA0;;1;1;0;1;;RADIADOR ÁGUA;RADIADOR ÁGUA;0;;
61;1540;114.37006094;1540;114.37006094;CATEGORIA0;;1;1;0;1;;RADIADOR CHAUFAGEM;RADIADOR CHAUFAGEM;0;;
61;1540;114.37006197;1540;114.37006197;CATEGORIA0;;1;1;0;1;;RADIADOR CHAUFAGEM;RADIADOR CHAUFAGEM;0;;
61;1540;114.40002012;1540;114.40002012;CATEGORIA0;;1;1;0;1;;RADIADOR ÁGUA;RADIADOR ÁGUA;0;;
61;1540;114.40002085;1540;114.40002085;CATEGORIA0;;1;1;0;1;;RADIADOR DE AGUA;RADIADOR DE AGUA;0;;
61;1540;114.40002255;1540;114.40002255;CATEGORIA0;;1;1;0;1;;RADIADOR ÁGUA;RADIADOR ÁGUA;0;;
61;1540;114.40002268;1540;114.40002268;CATEGORIA0;;1;1;0;1;;RADIADOR ÁGUA;RADIADOR ÁGUA;0;;
61;1540;114.40002300;1540;114.40002300;CATEGORIA0;;1;1;0;1;;RADIADOR ÁGUA;RADIADOR ÁGUA;0;;
61;1540;114.40006312;1540;114.40006312;CATEGORIA0;;1;1;0;1;;RADIADOR;RADIADOR;0;;
61;1540;114.43002118;1540;114.43002118;CATEGORIA0;;1;1;0;1;;RADIADOR RENAULT 19 I,II / CLIO I / EXPRESS /;RADIADOR RENAULT 19 I,II / CLIO I / EXPRESS /;0;;
61;1540;114.43002121;1540;114.43002121;CATEGORIA0;;1;1;0;1;;RADIADOR ÁGUA;RADIADOR ÁGUA;0;;
61;1540;114.43002269;1540;114.43002269;CATEGORIA0;;1;1;0;1;;RADIADOR ÁGUA;RADIADOR ÁGUA;0;;
61;1540;114.43002302;1540;114.43002302;CATEGORIA0;;1;1;0;1;;RADIADOR ÁGUA;RADIADOR ÁGUA;0;;
61;1540;114.43002308;1540;114.43002308;CATEGORIA0;;1;1;0;1;;RADIADOR AGUA;RADIADOR AGUA;0;;
61;1540;114.43002309;1540;114.43002309;CATEGORIA0;;1;1;0;1;;RADIADOR ÁGUA;RADIADOR ÁGUA;0;;
61;1540;114.43002326V;1540;114.43002326V;CATEGORIA0;;1;1;0;1;;RADIADOR ÁGUA;RADIADOR ÁGUA;0;;
61;1540;114.43004615;1540;114.43004615;CATEGORIA0;;1;1;0;1;;INTERC RENAULT KANGOO II 1.5DCI;INTERC RENAULT KANGOO II 1.5DCI;0;;
61;1540;114.43006220;1540;114.43006220;CATEGORIA0;;1;1;0;1;;RADIADOR CHAUFAGEM;RADIADOR CHAUFAGEM;0;;
61;1540;114.43006354;1540;114.43006354;CATEGORIA0;;1;1;0;1;;RADIADOR CHAUFAGEM;RADIADOR CHAUFAGEM;0;;
61;1540;114.49002023;1540;114.49002023;CATEGORIA0;;1;1;0;1;;RADIADOR ÁGUA;RADIADOR ÁGUA;0;;
61;1540;114.49005038;1540;114.49005038;CATEGORIA0;;1;1;0;1;;CONDENSADOR;CONDENSADOR;0;;
61;1540;114.52002012;1540;114.52002012;CATEGORIA0;;1;1;0;1;;RADIADOR SUZUKI;RADIADOR SUZUKI;0;;
61;1540;114.53002117;1540;114.53002117;CATEGORIA0;;1;1;0;1;;RADIADOR ÁGUA;RADIADOR ÁGUA;0;;
61;1540;114.53002219;1540;114.53002219;CATEGORIA0;;1;1;0;1;;RADIADOR;RADIADOR;0;;
61;1540;114.58002041;1540;114.58002041;CATEGORIA0;;1;1;0;1;;RADIADOR ÁGUA;RADIADOR ÁGUA;0;;
61;1540;114.58002045;1540;114.58002045;CATEGORIA0;;1;1;0;1;;RADIADOR ÁGUA;RADIADOR ÁGUA;0;;
61;1540;114.58002099;1540;114.58002099;CATEGORIA0;;1;1;0;1;;RADIADOR ÁGUA;RADIADOR ÁGUA;0;;
61;1540;114.58002114;1540;114.58002114;CATEGORIA0;;1;1;0;1;;RADIADOR ÁGUA;RADIADOR ÁGUA;0;;
61;1540;114.58002188;1540;114.58002188;CATEGORIA0;;1;1;0;1;;RADIADOR AGUA;RADIADOR AGUA;0;;
61;1540;114.58002204;1540;114.58002204;CATEGORIA0;;1;1;0;1;;RADIADOR ÁGUA;RADIADOR ÁGUA;0;;
61;1540;114.58002255;1540;114.58002255;CATEGORIA0;;1;1;0;1;;RAD AUDI/VW 1.9TDI 03-;RAD AUDI/VW 1.9TDI 03-;0;;
61;1540;114.58002338;1540;114.58002338;CATEGORIA0;;1;1;0;1;;RADIADOR ÁGUA;RADIADOR ÁGUA;0;;
61;1540;114.76002010;1540;114.76002010;CATEGORIA0;;1;1;0;1;;RAD VAG FABIA / IBIZA IV / POLO IV 1.2 /1.4;RAD VAG FABIA / IBIZA IV / POLO IV 1.2 /1.4;0;;
61;1540;114.81002014;1540;114.81002014;CATEGORIA0;;1;1;0;1;;RADIADOR ÁGUA;RADIADOR ÁGUA;0;;
61;1540;114.8FC351008484V;1540;114.8FC351008484V;CATEGORIA0;;1;1;0;1;;CONDENSADOR;CONDENSADOR;0;;
61;1540;114.8FC351035541V;1540;114.8FC351035541V;CATEGORIA0;;1;1;0;1;;CONDENSADOR VAG;CONDENSADOR VAG;0;;
61;1540;114.8FC351036081V;1540;114.8FC351036081V;CATEGORIA0;;1;1;0;1;;COND VAG GOLF III / VENTO ALL;COND VAG GOLF III / VENTO ALL;0;;
61;1540;114.8FC351036381V;1540;114.8FC351036381V;CATEGORIA0;;1;1;0;1;;CONDENSADOR;CONDENSADOR;0;;
61;1540;114.8FC351038461;1540;114.8FC351038461;CATEGORIA0;;1;1;0;1;;COND MERCEDES CLASE C (W202, T202) / CLK;COND MERCEDES CLASE C (W202, T202) / CLK;0;;
61;1540;114.8FC351300671V;1540;114.8FC351300671V;CATEGORIA0;;1;1;0;1;;CONDENSADOR;CONDENSADOR;0;;
61;1540;114.8FC351300711V;1540;114.8FC351300711V;CATEGORIA0;;1;1;0;1;;CONDENSADOR;CONDENSADOR;0;;
61;1540;114.8FC351300751;1540;114.8FC351300751;CATEGORIA0;;1;1;0;1;;CONDENSADOR;CONDENSADOR;0;;
61;1540;114.8FC351301401V;1540;114.8FC351301401V;CATEGORIA0;;1;1;0;1;;CONDENSADOR;CONDENSADOR;0;;
61;1540;114.8FC351301761V;1540;114.8FC351301761V;CATEGORIA0;;1;1;0;1;;CONDENSADOR;CONDENSADOR;0;;
61;1540;114.8FC351302621V;1540;114.8FC351302621V;CATEGORIA0;;1;1;0;1;;CONDENSADOR;CONDENSADOR;0;;
61;1540;114.8FC351304291;1540;114.8FC351304291;CATEGORIA0;;1;1;0;1;;COND SMART MCC 2007-;COND SMART MCC 2007-;0;;
61;1540;114.8FC351304501V;1540;114.8FC351304501V;CATEGORIA0;;1;1;0;1;;COND PEUGEOT 206 (2A/C);COND PEUGEOT 206 (2A/C);0;;
61;1540;114.8FC351309134;1540;114.8FC351309134;CATEGORIA0;;1;1;0;1;;COND SEAT IBIZA V/VW POLO -09;COND SEAT IBIZA V/VW POLO -09;0;;
61;1540;114.8FC351309331V;1540;114.8FC351309331V;CATEGORIA0;;1;1;0;1;;CONDENSADOR;CONDENSADOR;0;;
61;1540;114.8FC351319281V;1540;114.8FC351319281V;CATEGORIA0;;1;1;0;1;;CONDENSADOR;CONDENSADOR;0;;
61;1540;114.8FC351343151V;1540;114.8FC351343151V;CATEGORIA0;;1;1;0;1;;CONDENSADOR;CONDENSADOR;0;;
61;1540;114.8FH351000501;1540;114.8FH351000501;CATEGORIA0;;1;1;0;1;;RAD CHAUF OPEL CORSA C 00-;RAD CHAUF OPEL CORSA C 00-;0;;
61;1540;114.8FH351024401;1540;114.8FH351024401;CATEGORIA0;;1;1;0;1;;RADIADOR SOUFAGEM VW;RADIADOR SOUFAGEM VW;0;;
61;1540;114.8FH351024461V;1540;114.8FH351024461V;CATEGORIA0;;1;1;0;1;;RADIADOR CHOUFAGEM;RADIADOR CHOUFAGEM;0;;
61;1540;114.8FH351308541V;1540;114.8FH351308541V;CATEGORIA0;;1;1;0;1;;RADIADOR CHOUFAGEM;RADIADOR CHOUFAGEM;0;;
61;1540;114.8FH351311031V;1540;114.8FH351311031V;CATEGORIA0;;1;1;0;1;;RADIADOR DE AQUECIMENTO;RADIADOR DE AQUECIMENTO;0;;
61;1540;114.8FH351311051;1540;114.8FH351311051;CATEGORIA0;;1;1;0;1;;RADIADOR CHAUFAGEM;RADIADOR CHAUFAGEM;0;;
61;1540;114.8FH351311281V;1540;114.8FH351311281V;CATEGORIA0;;1;1;0;1;;RADIADOR CHAUFAGEM;RADIADOR CHAUFAGEM;0;;
61;1540;114.8FH351311331V;1540;114.8FH351311331V;CATEGORIA0;;1;1;0;1;;RADIADOR CHAUFAGEM;RADIADOR CHAUFAGEM;0;;
61;1540;114.8FH351311631V;1540;114.8FH351311631V;CATEGORIA0;;1;1;0;1;;RADIADOR CHOUFAGEM;RADIADOR CHOUFAGEM;0;;
61;1540;114.8FH351311711V;1540;114.8FH351311711V;CATEGORIA0;;1;1;0;1;;RAD. CHAUF. RENAULT LAGUNA I,II;RAD. CHAUF. RENAULT LAGUNA I,II;0;;
61;1540;114.8FH351331724V;1540;114.8FH351331724V;CATEGORIA0;;1;1;0;1;;RADIADOR CHAUFAGEM;RADIADOR CHAUFAGEM;0;;
61;1540;114.8FMK376713311V;1540;114.8FMK376713311V;CATEGORIA0;;1;1;0;1;;RADIADOR ÁGUA;RADIADOR ÁGUA;0;;
61;1540;114.8MK376700584;1540;114.8MK376700584;CATEGORIA0;;1;1;0;1;;RADIADOR ÁGUA;RADIADOR ÁGUA;0;;
61;1540;114.8MK376700584V;1540;114.8MK376700584V;CATEGORIA0;;1;1;0;1;;RADIADOR ÁGUA;RADIADOR ÁGUA;0;;
61;1540;114.8MK376700654V;1540;114.8MK376700654V;CATEGORIA0;;1;1;0;1;;RADIADOR ÁGUA;RADIADOR ÁGUA;0;;
61;1540;114.8MK376704661;1540;114.8MK376704661;CATEGORIA0;;1;1;0;1;;RADIADOR ÁGUA;RADIADOR ÁGUA;0;;
61;1540;114.8MK376707321V;1540;114.8MK376707321V;CATEGORIA0;;1;1;0;1;;RADIADOR ÁGUA;RADIADOR ÁGUA;0;;
61;1540;114.8MK376708101V;1540;114.8MK376708101V;CATEGORIA0;;1;1;0;1;;RADIADOR ÁGUA;RADIADOR ÁGUA;0;;
61;1540;114.8MK376708611;1540;114.8MK376708611;CATEGORIA0;;1;1;0;1;;RADIADOR ÁGUA;RADIADOR ÁGUA;0;;
61;1540;114.8MK376710261V;1540;114.8MK376710261V;CATEGORIA0;;1;1;0;1;;RADIADOR ARREFECIMENTO MOTOR;RADIADOR ARREFECIMENTO MOTOR;0;;
61;1540;114.8MK376710364;1540;114.8MK376710364;CATEGORIA0;;1;1;0;1;;RADIADOR MERCEDES CLASE C(W202);RADIADOR MERCEDES CLASE C(W202);0;;
61;1540;114.8MK376711761V;1540;114.8MK376711761V;CATEGORIA0;;1;1;0;1;;RADIADOR ÁGUA;RADIADOR ÁGUA;0;;
61;1540;114.8MK376712091V;1540;114.8MK376712091V;CATEGORIA0;;1;1;0;1;;RADIADOR ÁGUA;RADIADOR ÁGUA;0;;
61;1540;114.8MK376712551V;1540;114.8MK376712551V;CATEGORIA0;;1;1;0;1;;RADIADOR ARREFECIMENTO MOTOR;RADIADOR ARREFECIMENTO MOTOR;0;;
61;1540;114.8MK376712611V;1540;114.8MK376712611V;CATEGORIA0;;1;1;0;1;;RADIADOR ARREFECIMENTO MOTOR;RADIADOR ARREFECIMENTO MOTOR;0;;
61;1540;114.8MK376712781V;1540;114.8MK376712781V;CATEGORIA0;;1;1;0;1;;RAD MERCEDES CLASE E(W210);RAD MERCEDES CLASE E(W210);0;;
61;1540;114.8MK376713304;1540;114.8MK376713304;CATEGORIA0;;1;1;0;1;;RADIADOR ÁGUA;RADIADOR ÁGUA;0;;
61;1540;114.8MK376713331V;1540;114.8MK376713331V;CATEGORIA0;;1;1;0;1;;RAD VAG GOLF I,II / JETTA I,II / SCIROCC;RAD VAG GOLF I,II / JETTA I,II / SCIROCC;0;;
61;1540;114.8MK376713411V;1540;114.8MK376713411V;CATEGORIA0;;1;1;0;1;;RADIADOR ÁGUA;RADIADOR ÁGUA;0;;
61;1540;114.8MK376714391V;1540;114.8MK376714391V;CATEGORIA0;;1;1;0;1;;RADIADOR ÁGUA;RADIADOR ÁGUA;0;;
61;1540;114.8MK376714471V;1540;114.8MK376714471V;CATEGORIA0;;1;1;0;1;;RADIADOR ÁGUA;RADIADOR ÁGUA;0;;
61;1540;114.8MK376714494;1540;114.8MK376714494;CATEGORIA0;;1;1;0;1;;RADIADOR ÁGUA;RADIADOR ÁGUA;0;;
61;1540;114.8MK376714551V;1540;114.8MK376714551V;CATEGORIA0;;1;1;0;1;;RADIADOR ÁGUA;RADIADOR ÁGUA;0;;
61;1540;114.8MK376714681V;1540;114.8MK376714681V;CATEGORIA0;;1;1;0;1;;RADIADOR ÁGUA;RADIADOR ÁGUA;0;;
61;1540;114.8MK376715351V;1540;114.8MK376715351V;CATEGORIA0;;1;1;0;1;;RADIADOR ÁGUA;RADIADOR ÁGUA;0;;
61;1540;114.8MK376715361;1540;114.8MK376715361;CATEGORIA0;;1;1;0;1;;RADIADOR ÁGUA;RADIADOR ÁGUA;0;;
61;1540;114.8MK376715491V;1540;114.8MK376715491V;CATEGORIA0;;1;1;0;1;;RAD RENAULT 11 / 5 SUPER / 9 1.6 D;RAD RENAULT 11 / 5 SUPER / 9 1.6 D;0;;
61;1540;114.8MK376715761V;1540;114.8MK376715761V;CATEGORIA0;;1;1;0;1;;RADIADOR ÁGUA;RADIADOR ÁGUA;0;;
61;1540;114.8MK376716071V;1540;114.8MK376716071V;CATEGORIA0;;1;1;0;1;;RADIADOR ÁGUA;RADIADOR ÁGUA;0;;
61;1540;114.8MK376716451V;1540;114.8MK376716451V;CATEGORIA0;;1;1;0;1;;RADIADOR ÁGUA;RADIADOR ÁGUA;0;;
61;1540;114.8MK376716461V;1540;114.8MK376716461V;CATEGORIA0;;1;1;0;1;;RADIADOR ÁGUA;RADIADOR ÁGUA;0;;
61;1540;114.8MK376716471;1540;114.8MK376716471;CATEGORIA0;;1;1;0;1;;RADIADOR ÁGUA;RADIADOR ÁGUA;0;;
61;1540;114.8MK376716611V;1540;114.8MK376716611V;CATEGORIA0;;1;1;0;1;;RAD VAG NEW BEETLE 1.8 T / 1.9 TDI / 2.0;RAD VAG NEW BEETLE 1.8 T / 1.9 TDI / 2.0;0;;
61;1540;114.8MK376717311V;1540;114.8MK376717311V;CATEGORIA0;;1;1;0;1;;RAD GRUPO FIAT PUNTO 1.7D;RAD GRUPO FIAT PUNTO 1.7D;0;;
61;1540;114.8MK376717361V;1540;114.8MK376717361V;CATEGORIA0;;1;1;0;1;;RADIADOR ÁGUA;RADIADOR ÁGUA;0;;
61;1540;114.8MK376717531V;1540;114.8MK376717531V;CATEGORIA0;;1;1;0;1;;RADIADOR ÁGUA;RADIADOR ÁGUA;0;;
61;1540;114.8MK376717711V;1540;114.8MK376717711V;CATEGORIA0;;1;1;0;1;;RADIADOR ÁGUA;RADIADOR ÁGUA;0;;
61;1540;114.8MK376717751V;1540;114.8MK376717751V;CATEGORIA0;;1;1;0;1;;RADIADOR ÁGUA;RADIADOR ÁGUA;0;;
61;1540;114.8MK376718541V;1540;114.8MK376718541V;CATEGORIA0;;1;1;0;1;;RADIADOR ÁGUA;RADIADOR ÁGUA;0;;
61;1540;114.8MK376720021;1540;114.8MK376720021;CATEGORIA0;;1;1;0;1;;RENAULT CLIO 90-*RADIADOR 816656 (1.2);RENAULT CLIO 90-*RADIADOR 816656 (1.2);0;;
61;1540;114.8MK376720141V;1540;114.8MK376720141V;CATEGORIA0;;1;1;0;1;;RADIADOR ÁGUA;RADIADOR ÁGUA;0;;
61;1540;114.8MK376720211V;1540;114.8MK376720211V;CATEGORIA0;;1;1;0;1;;RADIADOR ÁGUA;RADIADOR ÁGUA;0;;
61;1540;114.8MK376720291;1540;114.8MK376720291;CATEGORIA0;;1;1;0;1;;RADIADOR ÁGUA;RADIADOR ÁGUA;0;;
61;1540;114.8MK376720301V;1540;114.8MK376720301V;CATEGORIA0;;1;1;0;1;;RADIADOR ÁGUA;RADIADOR ÁGUA;0;;
61;1540;114.8MK376726691;1540;114.8MK376726691;CATEGORIA0;;1;1;0;1;;RAD NISSAN MICRA 1.1/1.5D 92-;RAD NISSAN MICRA 1.1/1.5D 92-;0;;
61;1540;114.8MK376737101V;1540;114.8MK376737101V;CATEGORIA0;;1;1;0;1;;RADIADOR ÁGUA;RADIADOR ÁGUA;0;;
61;1540;114.8MK376753501V;1540;114.8MK376753501V;CATEGORIA0;;1;1;0;1;;RADIADOR ÁGUA;RADIADOR ÁGUA;0;;
61;1540;114.8MK376754451V;1540;114.8MK376754451V;CATEGORIA0;;1;1;0;1;;RAD FIAT GRANDE PUNTO (199);RAD FIAT GRANDE PUNTO (199);0;;
61;1540;114.8MK376762641V;1540;114.8MK376762641V;CATEGORIA0;;1;1;0;1;;RADIADOR ÁGUA;RADIADOR ÁGUA;0;;
61;1540;114.8MK376764311V;1540;114.8MK376764311V;CATEGORIA0;;1;1;0;1;;RAD FORD FIESTA 1.4/1.6 02-;RAD FORD FIESTA 1.4/1.6 02-;0;;
61;1540;114.8MK376766401V;1540;114.8MK376766401V;CATEGORIA0;;1;1;0;1;;RADIADOR ÁGUA;RADIADOR ÁGUA;0;;
61;1540;114.8MK376770321;1540;114.8MK376770321;CATEGORIA0;;1;1;0;1;;RADIADOR MITSUBISHI LANCER;RADIADOR MITSUBISHI LANCER;0;;
61;1540;114.8MK376774044;1540;114.8MK376774044;CATEGORIA0;;1;1;0;1;;RADIADOR ÁGUA;RADIADOR ÁGUA;0;;
61;1540;114.8MK376777534V;1540;114.8MK376777534V;CATEGORIA0;;1;1;0;1;;RADIADOR ÁGUA;RADIADOR ÁGUA;0;;
61;1540;114.8MK376787121V;1540;114.8MK376787121V;CATEGORIA0;;1;1;0;1;;RAD FORD FOCUS 11-/MONDEO 07-/C-MAX;RAD FORD FOCUS 11-/MONDEO 07-/C-MAX;0;;
61;1540;114.8MK376788781V;1540;114.8MK376788781V;CATEGORIA0;;1;1;0;1;;RAD OPEL CORSA 1.3D 06-;RAD OPEL CORSA 1.3D 06-;0;;
61;1540;114.8MK376900314V;1540;114.8MK376900314V;CATEGORIA0;;1;1;0;1;;RAD CITROEN C3/C4 1.2/1.4/1.4;RAD CITROEN C3/C4 1.2/1.4/1.4;0;;
61;1540;114.8MK376901374V;1540;114.8MK376901374V;CATEGORIA0;;1;1;0;1;;RADIADOR ÁGUA;RADIADOR ÁGUA;0;;
61;1540;114.8MK376903604V;1540;114.8MK376903604V;CATEGORIA0;;1;1;0;1;;RAD IVECO DAILY V 2011.09-;RAD IVECO DAILY V 2011.09-;0;;
61;1540;114.8MK376912101V;1540;114.8MK376912101V;CATEGORIA0;;1;1;0;1;;RADIADOR INTERCOOLER;RADIADOR INTERCOOLER;0;;
61;1540;114.8ML376760581V;1540;114.8ML376760581V;CATEGORIA0;;1;1;0;1;;RADIADOR INTERCOOLER;RADIADOR INTERCOOLER;0;;
61;1540;114.8MO376755261;1540;114.8MO376755261;CATEGORIA0;;1;1;0;1;;RAD ÓLEO MERCEDES SPRINTER 2000-;RAD ÓLEO MERCEDES SPRINTER 2000-;0;;
61;1540;114.AH138000P;1540;114.AH138000P;CATEGORIA0;;1;1;0;1;;RADIADOR CHAUFAGEM;RADIADOR CHAUFAGEM;0;;
61;1540;114.AH19000S;1540;114.AH19000S;CATEGORIA0;;1;1;0;1;;RADIADOR CHAUFAGEM;RADIADOR CHAUFAGEM;0;;
61;1540;114.AH94000S;1540;114.AH94000S;CATEGORIA0;;1;1;0;1;;RADIADOR CHAUFAGEM;RADIADOR CHAUFAGEM;0;;
61;1540;114.CR1325000P;1540;114.CR1325000P;CATEGORIA0;;1;1;0;1;;RADIADOR ÁGUA;RADIADOR ÁGUA;0;;
61;1540;114.CR187000S;1540;114.CR187000S;CATEGORIA0;;1;1;0;1;;RADIADOR ÁGUA;RADIADOR ÁGUA;0;;
61;1540;114.CR244000P;1540;114.CR244000P;CATEGORIA0;;1;1;0;1;;RADIADOR ÁGUA;RADIADOR ÁGUA;0;;
61;1540;114.CR368000P;1540;114.CR368000P;CATEGORIA0;;1;1;0;1;;RADIADOR ÁGUA;RADIADOR ÁGUA;0;;
61;1540;114.CR488000S;1540;114.CR488000S;CATEGORIA0;;1;1;0;1;;RADIADOR ÁGUA;RADIADOR ÁGUA;0;;
61;1540;114.CR498000S;1540;114.CR498000S;CATEGORIA0;;1;1;0;1;;RADIADOR ÁGUA;RADIADOR ÁGUA;0;;
61;1540;116.02040630;1540;116.02040630;CATEGORIA0;;1;1;0;1;;AMORTECEDOR CAPOT;AMORTECEDOR CAPOT;0;;
61;1540;116.06140630;1540;116.06140630;CATEGORIA0;;1;1;0;1;;AMORTECEDOR T/ MALA;AMORTECEDOR T/ MALA;0;;
61;1540;116.07160690;1540;116.07160690;CATEGORIA0;;1;1;0;1;;AMORTECEDOR T/MALA;AMORTECEDOR T/MALA;0;;
61;1540;116.07260690;1540;116.07260690;CATEGORIA0;;1;1;0;1;;AMORTECEDOR T/ MALA;AMORTECEDOR T/ MALA;0;;
61;1540;116.07280690;1540;116.07280690;CATEGORIA0;;1;1;0;1;;AMORTECEDOR T/ MALA;AMORTECEDOR T/ MALA;0;;
61;1540;116.07370690;1540;116.07370690;CATEGORIA0;;1;1;0;1;;AMORTECEDOR T/ MALA;AMORTECEDOR T/ MALA;0;;
61;1540;116.09010690;1540;116.09010690;CATEGORIA0;;1;1;0;1;;AMORTECEDOR T/MALA;AMORTECEDOR T/MALA;0;;
61;1540;116.14110690;1540;116.14110690;CATEGORIA0;;1;1;0;1;;AMORTECEDOR T/ MALA;AMORTECEDOR T/ MALA;0;;
61;1540;116.14270690;1540;116.14270690;CATEGORIA0;;1;1;0;1;;AMORTECEDOR T/ MALA;AMORTECEDOR T/ MALA;0;;
61;1540;116.16030691;1540;116.16030691;CATEGORIA0;;1;1;0;1;;AMORTECEDOR T/MALA;AMORTECEDOR T/MALA;0;;
61;1540;116.17010690;1540;116.17010690;CATEGORIA0;;1;1;0;1;;AMORTECEDOR T/ MALA;AMORTECEDOR T/ MALA;0;;
61;1540;116.17210690;1540;116.17210690;CATEGORIA0;;1;1;0;1;;AMORTECEDOR T/ MALA;AMORTECEDOR T/ MALA;0;;
61;1540;116.17230691;1540;116.17230691;CATEGORIA0;;1;1;0;1;;AMORTECEDOR T/ MALA;AMORTECEDOR T/ MALA;0;;
61;1540;116.17290690;1540;116.17290690;CATEGORIA0;;1;1;0;1;;AMORTECEDOR T/MALA;AMORTECEDOR T/MALA;0;;
61;1540;116.19310690;1540;116.19310690;CATEGORIA0;;1;1;0;1;;AMORTECEDOR T/ MALA;AMORTECEDOR T/ MALA;0;;
61;1540;116.19370692;1540;116.19370692;CATEGORIA0;;1;1;0;1;;AMORTECEDOR T/MALA;AMORTECEDOR T/MALA;0;;
61;1540;116.19440690;1540;116.19440690;CATEGORIA0;;1;1;0;1;;AMORTECEDOR T/MALA;AMORTECEDOR T/MALA;0;;
61;1540;116.19460690;1540;116.19460690;CATEGORIA0;;1;1;0;1;;AMORTECEDOR T/MALA;AMORTECEDOR T/MALA;0;;
61;1540;116.21240691;1540;116.21240691;CATEGORIA0;;1;1;0;1;;AMORTECEDOR T/ MALA;AMORTECEDOR T/ MALA;0;;
61;1540;116.21240693;1540;116.21240693;CATEGORIA0;;1;1;0;1;;AMORTECEDOR T/ MALA;AMORTECEDOR T/ MALA;0;;
61;1540;116.23210690;1540;116.23210690;CATEGORIA0;;1;1;0;1;;AMORTECEDOR T/MALA;AMORTECEDOR T/MALA;0;;
61;1540;116.23280690;1540;116.23280690;CATEGORIA0;;1;1;0;1;;AMORTECEDOR T/ MALA;AMORTECEDOR T/ MALA;0;;
61;1540;116.23620690;1540;116.23620690;CATEGORIA0;;1;1;0;1;;VW GOLF VII 5P 13-*AMORT MALA;VW GOLF VII 5P 13-*AMORT MALA;0;;
61;1540;116.90330630;1540;116.90330630;CATEGORIA0;;1;1;0;1;;AMORTECEDOR CAPOT;AMORTECEDOR CAPOT;0;;
61;1573;12-0035-31-2;1573;120035312;CATEGORIA0;;1;1;0;1;;PASSAT 05/05-FAROLIM DIR LARANJA P/CHOQUES FR TYC;PASSAT 05/05-FAROLIM DIR LARANJA P/CHOQUES FR TYC;0;;
61;1573;12-0035-41-2;1573;120035412;CATEGORIA0;;1;1;0;1;;PASSAT 05/05-FAROLIM DIR BRANCO P/CHOQUES FR TYC;PASSAT 05/05-FAROLIM DIR BRANCO P/CHOQUES FR TYC;0;;
61;1573;12-0036-31-2;1573;120036312;CATEGORIA0;;1;1;0;1;;PASSAT 05/05-FAROLIM ESQ LARANJA P/CHOQUES FR TYC;PASSAT 05/05-FAROLIM ESQ LARANJA P/CHOQUES FR TYC;0;;
61;1573;12-0036-41-2;1573;120036412;CATEGORIA0;;1;1;0;1;;PASSAT 05/05-FAROLIM ESQ BRANCO P/CHOQUES FR TYC;PASSAT 05/05-FAROLIM ESQ BRANCO P/CHOQUES FR TYC;0;;
61;1573;12-0081-01-9;1573;120081019;CATEGORIA0;;1;1;0;1;;PASSAT CC 07/08-FAROLIM DIR BRANCO P/CHOQUES FR TYC;PASSAT CC 07/08-FAROLIM DIR BRANCO P/CHOQUES FR TYC;0;;
61;1573;12-0082-01-9;1573;120082019;CATEGORIA0;;1;1;0;1;;PASSAT CC 07/08-FAROLIM ESQ BRANCO P/CHOQUES FR TYC;PASSAT CC 07/08-FAROLIM ESQ BRANCO P/CHOQUES FR TYC;0;;
61;1573;12-0083-01-2;1573;120083012;CATEGORIA0;;1;1;0;1;;* SCIROCCO 09/08-FAROLIM DIR BRANCO P/CHOQUES FR TYC;* SCIROCCO 09/08-FAROLIM DIR BRANCO P/CHOQUES FR TYC;0;;
61;1573;12-0093-01-2;1573;120093012;CATEGORIA0;;1;1;0;1;;PUNTO EVO 12/09-FAROLIM DIR BRANCO P/CHOQUES FR TYC;PUNTO EVO 12/09-FAROLIM DIR BRANCO P/CHOQUES FR TYC;0;;
61;1573;12-0094-01-2;1573;120094012;CATEGORIA0;;1;1;0;1;;PUNTO EVO 12/09-FAROLIM ESQ BRANCO P/CHOQUES FR TYC;PUNTO EVO 12/09-FAROLIM ESQ BRANCO P/CHOQUES FR TYC;0;;
61;1573;12-0101-00-2;1573;120101002;CATEGORIA0;;1;1;0;1;;S-MAX 10-LUZ DIURNA LED DIR TYC;S-MAX 10-LUZ DIURNA LED DIR TYC;0;;
61;1573;12-0102-00-2;1573;120102002;CATEGORIA0;;1;1;0;1;;S-MAX 10-LUZ DIURNA LED ESQ TYC;S-MAX 10-LUZ DIURNA LED ESQ TYC;0;;
61;1573;12-0103-00-9;1573;120103009;CATEGORIA0;;1;1;0;1;;W212 09-LUZ DIURNA DIR TYC;W212 09-LUZ DIURNA DIR TYC;0;;
61;1573;12-0104-00-9;1573;120104009;CATEGORIA0;;1;1;0;1;;W212 09-LUZ DIURNA ESQ TYC;W212 09-LUZ DIURNA ESQ TYC;0;;
61;1573;12-0105-00-2;1573;120105002;CATEGORIA0;;1;1;0;1;;MONDEO 09/10-LUZ DIURNA LED DIR;MONDEO 09/10-LUZ DIURNA LED DIR;0;;
61;1573;12-0106-00-2;1573;120106002;CATEGORIA0;;1;1;0;1;;MONDEO 09/10-LUZ DIURNA LED ESQ;MONDEO 09/10-LUZ DIURNA LED ESQ;0;;
61;1573;12-0107-00-2;1573;120107002;CATEGORIA0;;1;1;0;1;;DS3 04/10-LUZ DIURNA LED DIR;DS3 04/10-LUZ DIURNA LED DIR;0;;
61;1573;12-0108-00-2;1573;120108002;CATEGORIA0;;1;1;0;1;;DS3 04/10-LUZ DIURNA LED ESQ;DS3 04/10-LUZ DIURNA LED ESQ;0;;
61;1573;12-0149-00-9;1573;120149009;CATEGORIA0;;1;1;0;1;;W204 03/07-LUZ DIURNA ESQ LED REDONDO TYC;W204 03/07-LUZ DIURNA ESQ LED REDONDO TYC;0;;
61;1573;12-0150-00-9;1573;120150009;CATEGORIA0;;1;1;0;1;;W204 03/07-LUZ DIURNA DIR LED REDONDO TYC;W204 03/07-LUZ DIURNA DIR LED REDONDO TYC;0;;
61;1573;12-0153-10-2;1573;120153102;CATEGORIA0;;1;1;0;1;;AYGO 03/12-FAROLIM LED NEGRO P/CHOQUES TR TYC;AYGO 03/12-FAROLIM LED NEGRO P/CHOQUES TR TYC;0;;
61;1573;12-0155-01-2;1573;120155012;CATEGORIA0;;1;1;0;1;;PANDA 01/12-LUZ DIURNA DIR LED;PANDA 01/12-LUZ DIURNA DIR LED;0;;
61;1573;12-0156-01-2;1573;120156012;CATEGORIA0;;1;1;0;1;;PANDA 01/12-LUZ DIURNA ESQ LED;PANDA 01/12-LUZ DIURNA ESQ LED;0;;
61;1573;12-0165-00-2;1573;120165002;CATEGORIA0;;1;1;0;1;;CLIO 10/12-LUZ DIURNA DIR LED TYC;CLIO 10/12-LUZ DIURNA DIR LED TYC;0;;
61;1573;12-0166-00-2;1573;120166002;CATEGORIA0;;1;1;0;1;;CLIO 10/12-LUZ DIURNA ESQ LED TYC;CLIO 10/12-LUZ DIURNA ESQ LED TYC;0;;
61;1540;12-0177-01-2;1540;120177012;CATEGORIA0;;1;1;0;1;;FAROL LUZ DIURNA;FAROL LUZ DIURNA;0;;
61;1573;12-0429-00-2;1573;1204296002;CATEGORIA0;;1;1;0;1;;LUZ DIURNA;LUZ DIURNA;0;;
61;1573;12-1601-01-6;1573;121601016;CATEGORIA0;;1;1;0;1;;GOLF III 10/91-PLACA REFLECT GRANDE DIR P/CHOQ FR TYC;GOLF III 10/91-PLACA REFLECT GRANDE DIR P/CHOQ FR TYC;0;;
61;1573;12-1602-01-6;1573;121602016;CATEGORIA0;;1;1;0;1;;GOLF III 10/91-PLACA REFLECT GRANDE ESQ P/CHOQ FR TYC;GOLF III 10/91-PLACA REFLECT GRANDE ESQ P/CHOQ FR TYC;0;;
61;1573;12-1603-05-2;1573;121603052;CATEGORIA0;;1;1;0;1;;GOLF III 10/91-FAROLIM FR DIR BRANCO TYC;GOLF III 10/91-FAROLIM FR DIR BRANCO TYC;0;;
61;1573;12-1604-05-2;1573;121604052;CATEGORIA0;;1;1;0;1;;GOLF III 10/91-FAROLIM FR ESQ BRANCO TYC;GOLF III 10/91-FAROLIM FR ESQ BRANCO TYC;0;;
61;1573;12-5002-LA-2;1573;125002LA2;CATEGORIA0;;1;1;0;1;;* TWINGO 03/93-VIDRO FAROLIM FR ESQ BRANCO TYC;* TWINGO 03/93-VIDRO FAROLIM FR ESQ BRANCO TYC;0;;
61;1573;12-5059-05-2;1573;125059052;CATEGORIA0;;1;1;0;1;;PASSAT 08/93-FAROLIM FR DIR BRANCO TYC;PASSAT 08/93-FAROLIM FR DIR BRANCO TYC;0;;
61;1573;12-5060-05-2;1573;125060052;CATEGORIA0;;1;1;0;1;;PASSAT 08/93-FAROLIM FR ESQ BRANCO TYC;PASSAT 08/93-FAROLIM FR ESQ BRANCO TYC;0;;
61;1573;12-5077-01-2;1573;125077012;CATEGORIA0;;1;1;0;1;;PASSAT 08/93-PLACA REFLECTORA PEQUENA DIR P/CHOQ TYC;PASSAT 08/93-PLACA REFLECTORA PEQUENA DIR P/CHOQ TYC;0;;
61;1573;12-5078-01-2;1573;125078012;CATEGORIA0;;1;1;0;1;;PASSAT 08/93-PLACA REFLECTORA PEQUENA ESQ P/CHOQ TYC;PASSAT 08/93-PLACA REFLECTORA PEQUENA ESQ P/CHOQ TYC;0;;
61;1540;12-5083-01-2;1540;23161210;CATEGORIA0;;1;1;0;1;;VIDRO REFL.FR.DRT. DUPLO PASSAT 93-;VIDRO REFL.FR.DRT. DUPLO PASSAT 93-;0;;
61;1573;12-5083-01-2;1573;125083012;CATEGORIA0;;1;1;0;1;;PASSAT 08/93-PLACA REFLECTORA GRANDE DIR P/CHOQ TYC;PASSAT 08/93-PLACA REFLECTORA GRANDE DIR P/CHOQ TYC;0;;
61;1573;12-5084-01-2;1573;125084012;CATEGORIA0;;1;1;0;1;;PASSAT 08/93-PLACA REFLECTORA GRANDE ESQ P/CHOQ TYC;PASSAT 08/93-PLACA REFLECTORA GRANDE ESQ P/CHOQ TYC;0;;
61;1573;12-5091-01-6;1573;125091016;CATEGORIA0;;1;1;0;1;;GOLF III 10/91-PLACA REFLECT PEQUENA DIR P/CHOQ FR TYC;GOLF III 10/91-PLACA REFLECT PEQUENA DIR P/CHOQ FR TYC;0;;
61;1573;12-5092-01-6;1573;125092016;CATEGORIA0;;1;1;0;1;;REFLETOR P/CHOQUES FRT. BRANCO 91-;REFLETOR P/CHOQUES FRT. BRANCO 91-;0;;
61;1573;12-5149-01-2;1573;125149012;CATEGORIA0;;1;1;0;1;;FOCUS 10/98-FAROLIM FR DIR LARANJA TYC;FOCUS 10/98-FAROLIM FR DIR LARANJA TYC;0;;
61;1573;12-5150-01-2;1573;125150012;CATEGORIA0;;1;1;0;1;;FOCUS 10/98-FAROLIM FR ESQ LARANJA TYC;FOCUS 10/98-FAROLIM FR ESQ LARANJA TYC;0;;
61;1573;12-5299-00-9;1573;125299009;CATEGORIA0;;1;1;0;1;;W204 03/07-LUZ DIURNA DIR LED TYC;W204 03/07-LUZ DIURNA DIR LED TYC;0;;
61;1573;12-5300-00-9;1573;125300009;CATEGORIA0;;1;1;0;1;;W204 03/07-LUZ DIURNA ESQ LED TYC;W204 03/07-LUZ DIURNA ESQ LED TYC;0;;
61;1540;120.020850512E;1540;120.020850512E;CATEGORIA0;;1;1;0;1;;AUDI A4 2001/EXEO 09>P/BRISAS VERDE FX CIN SENSOR;AUDI A4 2001/EXEO 09>P/BRISAS VERDE FX CIN SENSOR;0;;
61;1540;120.073450002E;1540;120.073450002E;CATEGORIA0;;1;1;0;1;;CITROEN C1/107/AYGO 05>P/BRISAS VERDE;CITROEN C1/107/AYGO 05>P/BRISAS VERDE;0;;
61;1540;120.198650012E;1540;120.198650012E;CATEGORIA0;;1;1;0;1;;RENAULT MEGANE 08 5P>P/BRISAS VERDE SENSOR;RENAULT MEGANE 08 5P>P/BRISAS VERDE SENSOR;0;;
61;1540;120.234600002E;1540;120.234600002E;CATEGORIA0;;1;1;0;1;;P/BRISAS;P/BRISAS;0;;
61;1540;12030443+;1540;12030443;CATEGORIA0;;1;1;0;1;;LIMITADOR DE COLISÃO;LIMITADOR DE COLISÃO;0;;
61;1540;1214109;1540;1214109;CATEGORIA0;;1;1;0;1;;RESGUARDO;RESGUARDO;0;;
61;1540;1216983;1540;LPN072;CATEGORIA0;;1;1;0;1;;FAROL ESQ. D1S/H7;FAROL ESQ. D1S/H7;0;;
61;1540;122505;1540;122505;CATEGORIA0;;1;1;0;1;;POLI CAMBOTA;POLI CAMBOTA;0;;
61;1100;1304015;1100;1304015;CATEGORIA0;;1;1;0;1;;VIDRO ESP. DRT./ESQ. MERC. VITO 96-;VIDRO ESP. DRT./ESQ. MERC. VITO 96-;0;;
61;1540;13042301;1540;13042301;CATEGORIA0;;1;1;0;1;;FAROLIM LAT. AMAR. MERCEDES W201;FAROLIM LAT. AMAR. MERCEDES W201;0;;
61;1540;1305710;1540;1305710;CATEGORIA0;;1;1;0;1;;GRELHA;GRELHA;0;;
61;1540;13081100;1540;13081100;CATEGORIA0;;1;1;0;1;;PISCA DTO. AMAR. MERCEDES C W202 93-;PISCA DTO. AMAR. MERCEDES C W202 93-;0;;
61;1540;131316+;1540;131316;CATEGORIA0;;1;1;0;1;;FRISO CROMADO P/CH FRT DRT W203;FRISO CROMADO P/CH FRT DRT W203;0;;
61;1540;13141004;1540;13141004;CATEGORIA0;;1;1;0;1;;FAROL ESQ. VITO 03-;FAROL ESQ. VITO 03-;0;;
61;1540;131415812;1540;131415812;CATEGORIA0;;1;1;0;1;;TERMINAL DIREÇÃO DTO.;TERMINAL DIREÇÃO DTO.;0;;
61;1540;13171340;1540;13171340;CATEGORIA0;;1;1;0;1;;FAROLIM PISCA DRT;FAROLIM PISCA DRT;0;;
61;1100;1318016;1100;1318016;CATEGORIA0;;1;1;0;1;;VIDRO ESP. ESQ. (SUP.) SPRINTER 06-;VIDRO ESP. ESQ. (SUP.) SPRINTER 06-;0;;
61;1540;1403057;1540;1027122;CATEGORIA0;;1;1;0;1;;FIESTA 11/95-P/CHOQUES TR P/P ISAM;FIESTA 11/95-P/CHOQUES TR P/P ISAM;0;;
61;1540;1403156;1540;107.102713;CATEGORIA0;;1;1;0;1;;FORD FIESTA 99-*P/CHOQ TRÁS P/PIN METADE;FORD FIESTA 99-*P/CHOQ TRÁS P/PIN METADE;0;;
61;1540;140726+;1540;140726;CATEGORIA0;;1;1;0;1;;GRELHA P/CH. FR. DRT. MERCEDES C W202;GRELHA P/CH. FR. DRT. MERCEDES C W202;0;;
61;1540;14141473;1540;14141473;CATEGORIA0;;1;1;0;1;;FAROLIM;FAROLIM;0;;
61;1540;1427088;1540;10291006;CATEGORIA0;;1;1;0;1;;FAROL NEV. ESQ. MONDEO 00-;FAROL NEV. ESQ. MONDEO 00-;0;;
61;1540;1445703;1540;1445703;CATEGORIA0;;1;1;0;1;;GRELHA PARA-CHOQUES FRT;GRELHA PARA-CHOQUES FRT;0;;
61;1573;15-0181-00-2;1573;150181002;CATEGORIA0;;1;1;0;1;;GOLF VI 10/08-FAROLIM CHAPA MATRICULA TYC;GOLF VI 10/08-FAROLIM CHAPA MATRICULA TYC;0;;
61;1573;15-0183-00-2;1573;150183002;CATEGORIA0;;1;1;0;1;;GOLF VI 10/08-FAROLIM CHAPA MATRICULA LED TYC;GOLF VI 10/08-FAROLIM CHAPA MATRICULA LED TYC;0;;
61;1573;15-0211-00-9;1573;150211009;CATEGORIA0;;1;1;0;1;;E87 09/04-FAROLIM CHAPA MATRICULA DIR/ESQ TYC;E87 09/04-FAROLIM CHAPA MATRICULA DIR/ESQ TYC;0;;
61;1573;15-0213-00-9;1573;150213009;CATEGORIA0;;1;1;0;1;;F20 07/11-FAROLIM CHAPA MATR. DIR/ESQ TYC;F20 07/11-FAROLIM CHAPA MATR. DIR/ESQ TYC;0;;
61;1573;15-0215-00-9;1573;150215009;CATEGORIA0;;1;1;0;1;;A3 10/12-FAROLIM CHAPA MATRICULA DIR/ESQ TYC;A3 10/12-FAROLIM CHAPA MATRICULA DIR/ESQ TYC;0;;
61;1573;15-0217-00-9;1573;150217009;CATEGORIA0;;1;1;0;1;;A4 10/07-FAROLIM CHAPA MATRICULA DIR/ESQ TYC;A4 10/07-FAROLIM CHAPA MATRICULA DIR/ESQ TYC;0;;
61;1540;15-0221-00-2;1540;150221002;CATEGORIA0;;1;1;0;1;;FAROLIM MATRICULA;FAROLIM MATRICULA;0;;
61;1573;15-0223-00-9;1573;150223009;CATEGORIA0;;1;1;0;1;;FOCUS 10/04-FAROLIM CHAPA MATRICULA DIR/ESQ TYC;FOCUS 10/04-FAROLIM CHAPA MATRICULA DIR/ESQ TYC;0;;
61;1573;15-0225-00-2;1573;150225002;CATEGORIA0;;1;1;0;1;;FAROLIM MATRIC. FORD FOCUS;FAROLIM MATRIC. FORD FOCUS;0;;
61;1573;15-0273-00-9;1573;150273009;CATEGORIA0;;1;1;0;1;;A3 08/03-FAROLIM CHAPA MATRICULA DIR TYC;A3 08/03-FAROLIM CHAPA MATRICULA DIR TYC;0;;
61;1573;15-0274-00-9;1573;150274009;CATEGORIA0;;1;1;0;1;;A3 08/03-FAROLIM CHAPA MATRICULA ESQ TYC;A3 08/03-FAROLIM CHAPA MATRICULA ESQ TYC;0;;
61;1573;15-0285-01-9;1573;150285019;CATEGORIA0;;1;1;0;1;;FIESTA 09/08-FAROLIM CHAPA MATRICULA DIR/ESQ TYC;FIESTA 09/08-FAROLIM CHAPA MATRICULA DIR/ESQ TYC;0;;
61;1573;15-0293-00-9;1573;150293009;CATEGORIA0;;1;1;0;1;;E60 05/03-/E90 02/05-FAROLIM CHAPA MATRICULA;E60 05/03-/E90 02/05-FAROLIM CHAPA MATRICULA;0;;
61;1573;15-0427-00-2;1573;150427002;CATEGORIA0;;1;1;0;1;;LUZ DE CHAPA DE MATRÍCULA;LUZ DE CHAPA DE MATRÍCULA;0;;
61;1573;15-0617-00-2;1573;150617002;CATEGORIA0;;1;1;0;1;;FAROLIM 3.º STOP;FAROLIM 3.º STOP;0;;
61;1573;15-0631-05-2;1573;150631052;CATEGORIA0;;1;1;0;1;;FAROLIM 3.º STOP;FAROLIM 3.º STOP;0;;
61;1540;150137009;1540;150137009;CATEGORIA0;;1;1;0;1;;FAROLIM TRÁS;FAROLIM TRÁS;0;;
61;1540;1503715;1540;1503715;CATEGORIA0;;1;1;0;1;;FRISO;FRISO;0;;
61;1540;1508710;1540;1508710;CATEGORIA0;;1;1;0;1;;GRELHA CENTRAL;GRELHA CENTRAL;0;;
61;1540;1614055;1540;140910;CATEGORIA0;;1;1;0;1;;P/ CH. TRÁS P/P MERCEDES W210;P/ CH. TRÁS P/P MERCEDES W210;0;;
61;1540;1614056;1540;140913;CATEGORIA0;;1;1;0;1;;AVENTAL P/ CH. TRÁS MERCEDES W210;AVENTAL P/ CH. TRÁS MERCEDES W210;0;;
61;1540;1614066;1540;ME611;CATEGORIA0;;1;1;0;1;;W210 08/95-CAPA P/P P/CHOQUES TR;W210 08/95-CAPA P/P P/CHOQUES TR;0;;
61;1100;1621019;1100;1621019;CATEGORIA0;;1;1;0;1;;VIDRO ESP. EL. TERM. DRT. ASTRA G 98-;VIDRO ESP. EL. TERM. DRT. ASTRA G 98-;0;;
61;1540;16211004+;1540;16211004;CATEGORIA0;;1;1;0;1;;FAROL ESQ. OPEL ASTRA 98-;FAROL ESQ. OPEL ASTRA 98-;0;;
61;1540;162546;1540;162546;CATEGORIA0;;1;1;0;1;;FORRA C/ RODA F. DRT. CORSA 00-;FORRA C/ RODA F. DRT. CORSA 00-;0;;
61;1540;16261006;1540;16261006;CATEGORIA0;;1;1;0;1;;FAROL NEV ESQ VECTRA C 02-;FAROL NEV ESQ VECTRA C 02-;0;;
61;1540;16311001+;1540;16311001;CATEGORIA0;;1;1;0;1;;FAROL DRT. REG. EL. ASTRA 04-;FAROL DRT. REG. EL. ASTRA 04-;0;;
61;1540;16361002+;1540;16361002;CATEGORIA0;;1;1;0;1;;FAROL ESQ. C/R EL. CORSA 03-;FAROL ESQ. C/R EL. CORSA 03-;0;;
61;1540;1684558800;1540;1684558800;CATEGORIA0;;1;1;0;1;;VENTOINHA;VENTOINHA;0;;
61;1573;17-0001-01-9;1573;170001019;CATEGORIA0;;1;1;0;1;;FAROLIM TRÁS DRT. INT. BMW E46;FAROLIM TRÁS DRT. INT. BMW E46;0;;
61;1573;17-0002-01-9;1573;170002019;CATEGORIA0;;1;1;0;1;;FAROLIM TRÁS ESQ.;FAROLIM TRÁS ESQ.;0;;
61;1573;17-0031-01-2;1573;170031012;CATEGORIA0;;1;1;0;1;;LEON 04/99-FAROLIM TR DIR INTERIOR TYC;LEON 04/99-FAROLIM TR DIR INTERIOR TYC;0;;
61;1573;17-0032-01-2;1573;170032012;CATEGORIA0;;1;1;0;1;;LEON 04/99-FAROLIM TR ESQ INTERIOR TYC;LEON 04/99-FAROLIM TR ESQ INTERIOR TYC;0;;
61;1573;17-0051-00-2;1573;170051002;CATEGORIA0;;1;1;0;1;;PUNTO 09/03-REFLECTOR NEVOEIRO TR DIR 3P TYC;PUNTO 09/03-REFLECTOR NEVOEIRO TR DIR 3P TYC;0;;
61;1573;17-0052-00-2;1573;170052002;CATEGORIA0;;1;1;0;1;;PUNTO 09/03-REFLECTOR NEVOEIRO TR ESQ 3P TYC;PUNTO 09/03-REFLECTOR NEVOEIRO TR ESQ 3P TYC;0;;
61;1573;17-0053-01-2;1573;170053012;CATEGORIA0;;1;1;0;1;;GOLF V 10/03-FAROLIM TR DIR INTERIOR (T/AL-VIST)  TYC;GOLF V 10/03-FAROLIM TR DIR INTERIOR (T/AL-VIST)  TYC;0;;
61;1573;17-0053-61-2;1573;170053612;CATEGORIA0;;1;1;0;1;;GOLF V 10/03-FAROLIM TR DIR INTERIOR (TIPO VALEO) TYC;GOLF V 10/03-FAROLIM TR DIR INTERIOR (TIPO VALEO) TYC;0;;
61;1573;17-0054-01-2;1573;170054012;CATEGORIA0;;1;1;0;1;;GOLF V 10/03-FAROLIM TR ESQ INTERIOR (T/AL-VIST)  TYC;GOLF V 10/03-FAROLIM TR ESQ INTERIOR (T/AL-VIST)  TYC;0;;
61;1573;17-0054-61-2;1573;170054612;CATEGORIA0;;1;1;0;1;;GOLF V 10/03-FAROLIM TR ESQ INTERIOR (TIPO VALEO) TYC;GOLF V 10/03-FAROLIM TR ESQ INTERIOR (TIPO VALEO) TYC;0;;
61;1573;17-0057-00-2;1573;170057002;CATEGORIA0;;1;1;0;1;;C-MAX 10/03-FAROLIM NEVOEIRO DIR P/CHOQUES TR TYC;C-MAX 10/03-FAROLIM NEVOEIRO DIR P/CHOQUES TR TYC;0;;
61;1573;17-0058-00-2;1573;170058002;CATEGORIA0;;1;1;0;1;;C-MAX 10/03-FAROLIM NEVOEIRO ESQ P/CHOQUES TR TYC;C-MAX 10/03-FAROLIM NEVOEIRO ESQ P/CHOQUES TR TYC;0;;
61;1573;17-0061-00-2;1573;170061002;CATEGORIA0;;1;1;0;1;;PUNTO 09/03-REFLECTOR P/CHOQ. TR DIR 3P TYC;PUNTO 09/03-REFLECTOR P/CHOQ. TR DIR 3P TYC;0;;
61;1573;17-0062-00-2;1573;170062002;CATEGORIA0;;1;1;0;1;;PUNTO 09/03-REFLECTOR P/CHOQ. TR ESQ 3P TYC;PUNTO 09/03-REFLECTOR P/CHOQ. TR ESQ 3P TYC;0;;
61;1573;17-0139-01-2;1573;170139012;CATEGORIA0;;1;1;0;1;;* 6 10/05-FAROLIM TR DIR INTERIOR INT.CROMADO (CARRIN) TYC;* 6 10/05-FAROLIM TR DIR INTERIOR INT.CROMADO (CARRIN) TYC;0;;
61;1573;17-0140-01-2;1573;170140012;CATEGORIA0;;1;1;0;1;;* 6 10/05-FAROLIM TR ESQ INTERIOR INT.CROMADO (CARRIN) TYC;* 6 10/05-FAROLIM TR ESQ INTERIOR INT.CROMADO (CARRIN) TYC;0;;
61;1573;17-0237-01-2;1573;170237012;CATEGORIA0;;1;1;0;1;;GOLF VI 10/08-FAROLIM TR DIR INTERIOR 3/5P TYC;GOLF VI 10/08-FAROLIM TR DIR INTERIOR 3/5P TYC;0;;
61;1573;17-0237-11-2;1573;170237112;CATEGORIA0;;1;1;0;1;;GOLF VI 10/08-FAROLIM TR DIR INTERIOR FUMADO 3/5P TYC;GOLF VI 10/08-FAROLIM TR DIR INTERIOR FUMADO 3/5P TYC;0;;
61;1573;17-0238-01-2;1573;170238012;CATEGORIA0;;1;1;0;1;;GOLF VI 10/08-FAROLIM TR ESQ INTERIOR 3/5P TYC;GOLF VI 10/08-FAROLIM TR ESQ INTERIOR 3/5P TYC;0;;
61;1573;17-0238-11-2;1573;170238112;CATEGORIA0;;1;1;0;1;;GOLF VI 10/08-FAROLIM TR ESQ INTERIOR FUMADO 3/5P TYC;GOLF VI 10/08-FAROLIM TR ESQ INTERIOR FUMADO 3/5P TYC;0;;
61;1573;17-0285-01-2;1573;170285012;CATEGORIA0;;1;1;0;1;;ASTRA 11/09-FAROLIM TR DIR INTERIOR VERM+VERM 3/5P;ASTRA 11/09-FAROLIM TR DIR INTERIOR VERM+VERM 3/5P;0;;
61;1573;17-0285-11-2;1573;170285112;CATEGORIA0;;1;1;0;1;;ASTRA 11/09-FAROLIM TR DIR INTERIOR VERM+FUM 3/5P;ASTRA 11/09-FAROLIM TR DIR INTERIOR VERM+FUM 3/5P;0;;
61;1573;17-0285-21-2;1573;170285212;CATEGORIA0;;1;1;0;1;;ASTRA 11/09-FAROLIM TR DIR INTERIOR BRANCO+VERM 3/5P;ASTRA 11/09-FAROLIM TR DIR INTERIOR BRANCO+VERM 3/5P;0;;
61;1573;17-0285-31-2;1573;170285312;CATEGORIA0;;1;1;0;1;;ASTRA 11/09-FAROLIM TR DIR INTERIOR BRANCO+FUM 3/5P;ASTRA 11/09-FAROLIM TR DIR INTERIOR BRANCO+FUM 3/5P;0;;
61;1573;17-0286-01-2;1573;170286012;CATEGORIA0;;1;1;0;1;;ASTRA 11/09-FAROLIM TR ESQ INTERIOR VERM+VERM 3/5P;ASTRA 11/09-FAROLIM TR ESQ INTERIOR VERM+VERM 3/5P;0;;
61;1573;17-0286-11-2;1573;170286112;CATEGORIA0;;1;1;0;1;;ASTRA 11/09-FAROLIM TR ESQ IINTERIOR VERM+FUM 3/5P;ASTRA 11/09-FAROLIM TR ESQ IINTERIOR VERM+FUM 3/5P;0;;
61;1573;17-0286-21-2;1573;170286212;CATEGORIA0;;1;1;0;1;;ASTRA 11/09-FAROLIM TR ESQ INTERIOR BRANCO+VERM 3/5P;ASTRA 11/09-FAROLIM TR ESQ INTERIOR BRANCO+VERM 3/5P;0;;
61;1573;17-0337-01-9;1573;170337019;CATEGORIA0;;1;1;0;1;;E90 02/05-FAROLIM TR DIR INTERIOR TYC;E90 02/05-FAROLIM TR DIR INTERIOR TYC;0;;
61;1573;17-0337-11-9;1573;170337119;CATEGORIA0;;1;1;0;1;;E90 02/05-FAROLIM TR DIR INTERIOR FUMADO TYC;E90 02/05-FAROLIM TR DIR INTERIOR FUMADO TYC;0;;
61;1573;17-0338-01-9;1573;170338019;CATEGORIA0;;1;1;0;1;;E90 02/05-FAROLIM TR ESQ INTERIOR TYC;E90 02/05-FAROLIM TR ESQ INTERIOR TYC;0;;
61;1573;17-0338-11-9;1573;170338119;CATEGORIA0;;1;1;0;1;;E90 02/05-FAROLIM TR ESQ INTERIOR FUMADO TYC;E90 02/05-FAROLIM TR ESQ INTERIOR FUMADO TYC;0;;
61;1573;17-0389-06-9;1573;170389069;CATEGORIA0;;1;1;0;1;;E90 09/08-FAROLIM TR DIR INTERIOR LED TYC;E90 09/08-FAROLIM TR DIR INTERIOR LED TYC;0;;
61;1573;17-0390-06-9;1573;170390069;CATEGORIA0;;1;1;0;1;;E90 09/08-FAROLIM TR ESQ INTERIOR LED TYC;E90 09/08-FAROLIM TR ESQ INTERIOR LED TYC;0;;
61;1573;17-0409-01-2;1573;170409012;CATEGORIA0;;1;1;0;1;;FOCUS 04/11-FAROLIM TR DIR INTERIOR CARRINHA TYC;FOCUS 04/11-FAROLIM TR DIR INTERIOR CARRINHA TYC;0;;
61;1573;17-0409-16-2;1573;170409162;CATEGORIA0;;1;1;0;1;;FOCUS 04/11-FAROLIM TR DIR INTERIOR LED CARRINHA TYC;FOCUS 04/11-FAROLIM TR DIR INTERIOR LED CARRINHA TYC;0;;
61;1573;17-0410-01-2;1573;170410012;CATEGORIA0;;1;1;0;1;;FOCUS 04/11-FAROLIM TR ESQ INTERIOR CARRINHA TYC;FOCUS 04/11-FAROLIM TR ESQ INTERIOR CARRINHA TYC;0;;
61;1573;17-0410-16-2;1573;170410162;CATEGORIA0;;1;1;0;1;;FOCUS 04/11-FAROLIM TR ESQ INTERIOR LED CARRINHA TYC;FOCUS 04/11-FAROLIM TR ESQ INTERIOR LED CARRINHA TYC;0;;
61;1573;17-0419-00-9;1573;170419009;CATEGORIA0;;1;1;0;1;;FOCUS 04/11-REFLETOR DIR P/CHOQUES TR TYC;FOCUS 04/11-REFLETOR DIR P/CHOQUES TR TYC;0;;
61;1573;17-0420-00-9;1573;170420009;CATEGORIA0;;1;1;0;1;;FOCUS 04/11-REFLETOR ESQ P/CHOQUES TR TYC;FOCUS 04/11-REFLETOR ESQ P/CHOQUES TR TYC;0;;
61;1573;17-0479-01-2;1573;170479012;CATEGORIA0;;1;1;0;1;;GOLF VII 11/12-FAROLIM TR DIR INTERIOR VERMELHO TYC;GOLF VII 11/12-FAROLIM TR DIR INTERIOR VERMELHO TYC;0;;
61;1573;17-0479-11-2;1573;170479112;CATEGORIA0;;1;1;0;1;;GOLF VII 11/12-FAROLIM TR DIR INTERIOR NEGRO TYC;GOLF VII 11/12-FAROLIM TR DIR INTERIOR NEGRO TYC;0;;
61;1573;17-0480-01-2;1573;170480012;CATEGORIA0;;1;1;0;1;;GOLF VII 11/12-FAROLIM TR ESQ INTERIOR VERMELHO TYC;GOLF VII 11/12-FAROLIM TR ESQ INTERIOR VERMELHO TYC;0;;
61;1573;17-0480-11-2;1573;170480112;CATEGORIA0;;1;1;0;1;;GOLF VII 11/12-FAROLIM TR ESQ INTERIOR NEGRO TYC;GOLF VII 11/12-FAROLIM TR ESQ INTERIOR NEGRO TYC;0;;
61;1573;17-0499-00-6;1573;170499006;CATEGORIA0;;1;1;0;1;;C3 11/09-FAROLIM TR DIR INTERIOR TYC;C3 11/09-FAROLIM TR DIR INTERIOR TYC;0;;
61;1573;17-0500-00-6;1573;170500006;CATEGORIA0;;1;1;0;1;;C3 11/09-FAROLIM TR ESQ INTERIOR TYC;C3 11/09-FAROLIM TR ESQ INTERIOR TYC;0;;
61;1573;17-2000001;1573;172000001;CATEGORIA0;;1;1;0;1;;205 07/90-FAROLIM FR DIR BRANCO TYC;205 07/90-FAROLIM FR DIR BRANCO TYC;0;;
61;1573;17-2001001;1573;172001001;CATEGORIA0;;1;1;0;1;;205 07/90-FAROLIM FR ESQ BRANCO TYC;205 07/90-FAROLIM FR ESQ BRANCO TYC;0;;
61;1573;17-5189-05-2;1573;175189052;CATEGORIA0;;1;1;0;1;;W210 08/95-FAROLIM TR DIR INTERIOR (AUTOMÓVEL) TYC;W210 08/95-FAROLIM TR DIR INTERIOR (AUTOMÓVEL) TYC;0;;
61;1573;17-5190-05-2;1573;175190052;CATEGORIA0;;1;1;0;1;;W210 08/95-FAROLIM TR ESQ INTERIOR (AUTOMÓVEL) TYC;W210 08/95-FAROLIM TR ESQ INTERIOR (AUTOMÓVEL) TYC;0;;
61;1573;17-5221-01-9;1573;175221019;CATEGORIA0;;1;1;0;1;;E46 10/01-FAROLIM TR DIR INTERIOR LARANJA 4P TYC;E46 10/01-FAROLIM TR DIR INTERIOR LARANJA 4P TYC;0;;
61;1573;17-5221-11-9;1573;175221119;CATEGORIA0;;1;1;0;1;;E46 10/01-FAROLIM TR DIR INTERIOR BRANCO 4P TYC;E46 10/01-FAROLIM TR DIR INTERIOR BRANCO 4P TYC;0;;
61;1573;17-5222-01-9;1573;175222019;CATEGORIA0;;1;1;0;1;;E46 10/01-FAROLIM TR ESQ INTERIOR LARANJA 4P TYC;E46 10/01-FAROLIM TR ESQ INTERIOR LARANJA 4P TYC;0;;
61;1573;17-5222-11-9;1573;175222119;CATEGORIA0;;1;1;0;1;;E46 10/01-FAROLIM TR ESQ INTERIOR BRANCO 4P TYC;E46 10/01-FAROLIM TR ESQ INTERIOR BRANCO 4P TYC;0;;
61;1573;17-5341-00-9;1573;175341009;CATEGORIA0;;1;1;0;1;;F30 02/12-REFLECTOR DIR P/CHOQUES TR;F30 02/12-REFLECTOR DIR P/CHOQUES TR;0;;
61;1573;17-5342-00-9;1573;175342009;CATEGORIA0;;1;1;0;1;;F30 02/12-REFLECTOR ESQ P/CHOQUES TR;F30 02/12-REFLECTOR ESQ P/CHOQUES TR;0;;
61;1573;17-5567-00-9;1573;175567009;CATEGORIA0;;1;1;0;1;;GOLF VII 11/12-REFLETOR DIR P/CHOQUES TR TYC;GOLF VII 11/12-REFLETOR DIR P/CHOQUES TR TYC;0;;
61;1573;17-5568-00-9;1573;175568009;CATEGORIA0;;1;1;0;1;;GOLF VII 11/12-REFLETOR ESQ P/CHOQUES TR TYC;GOLF VII 11/12-REFLETOR ESQ P/CHOQUES TR TYC;0;;
61;1540;170 308;1540;170308;CATEGORIA0;;1;1;0;1;;PARA-CHOQUES FRENTE;PARA-CHOQUES FRENTE;0;;
61;1540;170 580;1540;170912;CATEGORIA0;;1;1;0;1;;G/ LAMAS ESQ. PEUGEOT 405  87-;G/ LAMAS ESQ. PEUGEOT 405  87-;0;;
61;1540;170 809;1540;170809;CATEGORIA0;;1;1;0;1;;P/CHOQUES;P/CHOQUES;0;;
61;1540;170 905;1540;170905;CATEGORIA0;;1;1;0;1;;GRELHA PEUGEOT 405  87-;GRELHA PEUGEOT 405  87-;0;;
61;1540;1701110;1540;1701110;CATEGORIA0;;1;1;0;1;;AUDI A4 94-*P/CHOQUES FRT P/P;AUDI A4 94-*P/CHOQUES FRT P/P;0;;
61;1540;170130+;1540;170130;CATEGORIA0;;1;1;0;1;;CAPOT PEUGEOT 106  96-;CAPOT PEUGEOT 106  96-;0;;
61;1540;171056;1540;171056;CATEGORIA0;;1;1;0;1;;VIDRO FAROLIM TRÁS;VIDRO FAROLIM TRÁS;0;;
61;1540;171057;1540;171057;CATEGORIA0;;1;1;0;1;;VIDRO FAROLIM TRÁS;VIDRO FAROLIM TRÁS;0;;
61;1540;1710719;1540;1710719;CATEGORIA0;;1;1;0;1;;GRELHA;GRELHA;0;;
61;1540;1713718;1540;1713718;CATEGORIA0;;1;1;0;1;;A4 10/07-GRELHA DIR C/F/FAR P/CHOQ FRT. ISAM;A4 10/07-GRELHA DIR C/F/FAR P/CHOQ FRT. ISAM;0;;
61;1540;17171004+;1540;17171004;CATEGORIA0;;1;1;0;1;;FAROL ESQ. PEUGEOT 306 99-;FAROL ESQ. PEUGEOT 306 99-;0;;
61;1540;17171007;1540;17171007;CATEGORIA0;;1;1;0;1;;FAROL NEVOEIRO DRT. 99-;FAROL NEVOEIRO DRT. 99-;0;;
61;1540;171830+;1540;171830;CATEGORIA0;;1;1;0;1;;CAPOT PEUGEOT PARTNER;CAPOT PEUGEOT PARTNER;0;;
61;1540;172210+;1540;172210;CATEGORIA0;;1;1;0;1;;P/ CHOQ. TRÁS P/P PEUGEOT 406 99-  ***;P/ CHOQ. TRÁS P/P PEUGEOT 406 99-  ***;0;;
61;1540;1726,170,1;1540;109.063475;CATEGORIA0;;1;1;0;1;;BMW S/1 F20/F21 12-*TRAV FRT SUPERIOR;BMW S/1 F20/F21 12-*TRAV FRT SUPERIOR;0;;
61;1540;174102;1540;174102;CATEGORIA0;;1;1;0;1;;FAROLIM TRÁS;FAROLIM TRÁS;0;;
61;1540;174130110;1540;174130110;CATEGORIA0;;1;1;0;1;;FAROLIM CHAPAR VERMELHO;FAROLIM CHAPAR VERMELHO;0;;
61;1540;17420341;1540;17420341;CATEGORIA0;;1;1;0;1;;FAROLIM LAT ESQ. ESPELHO;FAROLIM LAT ESQ. ESPELHO;0;;
61;1573;18-0011-01-2;1573;180011012;CATEGORIA0;;1;1;0;1;;SAXO 09/99-FAROLIM LATERAL DIR/ESQ BRANCO TYC;SAXO 09/99-FAROLIM LATERAL DIR/ESQ BRANCO TYC;0;;
61;1540;18-0113-41-2;1540;180113412;CATEGORIA0;;1;1;0;1;;FAROLIM FR. DRT. S40/V40 00-;FAROLIM FR. DRT. S40/V40 00-;0;;
61;1573;18-0114-41-2;1573;180114412;CATEGORIA0;;1;1;0;1;;* S40/V40 05/00-FAROLIM FR ESQ INT.CROMADO TYC;* S40/V40 05/00-FAROLIM FR ESQ INT.CROMADO TYC;0;;
61;1573;18-0119-05-2;1573;180119052;CATEGORIA0;;1;1;0;1;;POLO 10/99-FAROLIM FR DIR TRANSPARENTE TYC;POLO 10/99-FAROLIM FR DIR TRANSPARENTE TYC;0;;
61;1573;18-0120-05-2;1573;180120052;CATEGORIA0;;1;1;0;1;;POLO 10/99-FAROLIM FR ESQ TRANSPARENTE TYC;POLO 10/99-FAROLIM FR ESQ TRANSPARENTE TYC;0;;
61;1573;18-0127-01-2;1573;180127012;CATEGORIA0;;1;1;0;1;;CORSA C 10/00-FAROLIM LATERAL DIR/ESQ BRANCO TYC;CORSA C 10/00-FAROLIM LATERAL DIR/ESQ BRANCO TYC;0;;
61;1573;18-0155-05-2;1573;180155052;CATEGORIA0;;1;1;0;1;;BRAVA/BRAVO 11/95-FAROLIM LATERAL DIR/ESQ LARANJA TYC;BRAVA/BRAVO 11/95-FAROLIM LATERAL DIR/ESQ LARANJA TYC;0;;
61;1573;18-0163-05-2;1573;180163052;CATEGORIA0;;1;1;0;1;;E46 10/01-FAROLIM FR DIR LARANJA REB.NEGRO 4P TYC;E46 10/01-FAROLIM FR DIR LARANJA REB.NEGRO 4P TYC;0;;
61;1573;18-0163-15-2;1573;180163152;CATEGORIA0;;1;1;0;1;;E46 10/01-FAROLIM FR DIR BRANCO REB.NEGRO 4P TYC;E46 10/01-FAROLIM FR DIR BRANCO REB.NEGRO 4P TYC;0;;
61;1573;18-0163-25-2;1573;180163252;CATEGORIA0;;1;1;0;1;;E46 10/01-FAROLIM FR DIR BRANCO REB.CROMADO 4P TYC;E46 10/01-FAROLIM FR DIR BRANCO REB.CROMADO 4P TYC;0;;
61;1573;18-0164-05-2;1573;180164052;CATEGORIA0;;1;1;0;1;;E46 10/01-FAROLIM FR ESQ LARANJA REB.NEGRO 4P TYC;E46 10/01-FAROLIM FR ESQ LARANJA REB.NEGRO 4P TYC;0;;
61;1573;18-0164-15-2;1573;180164152;CATEGORIA0;;1;1;0;1;;E46 10/01-FAROLIM FR ESQ BRANCO REB.NEGRO 4P TYC;E46 10/01-FAROLIM FR ESQ BRANCO REB.NEGRO 4P TYC;0;;
61;1573;18-0164-25-2;1573;180164252;CATEGORIA0;;1;1;0;1;;E46 10/01-FAROLIM FR ESQ BRANCO REB.CROMADO 4P TYC;E46 10/01-FAROLIM FR ESQ BRANCO REB.CROMADO 4P TYC;0;;
61;1573;18-0207-05-2;1573;180207052;CATEGORIA0;;1;1;0;1;;OCTAVIA 08/00-FAROLIM FR DIR BRANCO TYC;OCTAVIA 08/00-FAROLIM FR DIR BRANCO TYC;0;;
61;1573;18-0208-05-2;1573;180208052;CATEGORIA0;;1;1;0;1;;OCTAVIA 08/00-FAROLIM FR ESQ BRANCO TYC;OCTAVIA 08/00-FAROLIM FR ESQ BRANCO TYC;0;;
61;1573;18-0211-05-2;1573;180211052;CATEGORIA0;;1;1;0;1;;206 09/98-/C2/C3-FAROLIM LATERAL DIR/ESQ BRANCO TYC;206 09/98-/C2/C3-FAROLIM LATERAL DIR/ESQ BRANCO TYC;0;;
61;1573;18-0231-01-2;1573;180231012;CATEGORIA0;;1;1;0;1;;CORSA D 07/06-/ASTRA 04-FAROLIM LAT DIR ARO CINZA TYC;CORSA D 07/06-/ASTRA 04-FAROLIM LAT DIR ARO CINZA TYC;0;;
61;1573;18-0231-11-2;1573;180231112;CATEGORIA0;;1;1;0;1;;CORSA D 07/06-/ASTRA 04-FAROLIM LAT DIR ARO PRETO TYC;CORSA D 07/06-/ASTRA 04-FAROLIM LAT DIR ARO PRETO TYC;0;;
61;1540;18-0231-11-2;1540;16311332;CATEGORIA0;;1;1;0;1;;FAROLIM LATERAL OPEL ASTRA 04-;FAROLIM LATERAL OPEL ASTRA 04-;0;;
61;1573;18-0232-01-2;1573;180232012;CATEGORIA0;;1;1;0;1;;CORSA D 07/06-/ASTRA 04-FAROLIM LAT ESQ ARO CINZA TYC;CORSA D 07/06-/ASTRA 04-FAROLIM LAT ESQ ARO CINZA TYC;0;;
61;1573;18-0232-11-2;1573;180232112;CATEGORIA0;;1;1;0;1;;CORSA D 07/06-/ASTRA 04-FAROLIM LAT ESQ ARO PRETO TYC;CORSA D 07/06-/ASTRA 04-FAROLIM LAT ESQ ARO PRETO TYC;0;;
61;1573;18-0233-05-2;1573;180233052;CATEGORIA0;;1;1;0;1;;VECTRA 04/02-FAROLIM LATERAL DIR LARANJA TYC;VECTRA 04/02-FAROLIM LATERAL DIR LARANJA TYC;0;;
61;1573;18-0233-15-2;1573;180233152;CATEGORIA0;;1;1;0;1;;VECTRA 04/02-FAROLIM LATERAL DIR BRANCO TYC;VECTRA 04/02-FAROLIM LATERAL DIR BRANCO TYC;0;;
61;1573;18-0234-05-2;1573;180234052;CATEGORIA0;;1;1;0;1;;VECTRA 04/02-FAROLIM LATERAL ESQ LARANJA TYC;VECTRA 04/02-FAROLIM LATERAL ESQ LARANJA TYC;0;;
61;1573;18-0234-15-2;1573;180234152;CATEGORIA0;;1;1;0;1;;VECTRA 04/02-FAROLIM LATERAL ESQ BRANCO TYC;VECTRA 04/02-FAROLIM LATERAL ESQ BRANCO TYC;0;;
61;1540;18-0235-01-2;1540;19330110;CATEGORIA0;;1;1;0;1;;PISCA DTO BRANCO MASTER/MOVANO 97-;PISCA DTO BRANCO MASTER/MOVANO 97-;0;;
61;1573;18-0235-01-2;1573;180235012;CATEGORIA0;;1;1;0;1;;MOVANO 10/98-/MASTER 97-FAROLIM FR DIR BRANCO TYC;MOVANO 10/98-/MASTER 97-FAROLIM FR DIR BRANCO TYC;0;;
61;1573;18-0236-01-2;1573;180236012;CATEGORIA0;;1;1;0;1;;MOVANO 10/98-/MASTER 97-FAROLIM FR ESQ BRANCO TYC;MOVANO 10/98-/MASTER 97-FAROLIM FR ESQ BRANCO TYC;0;;
61;1540;18-0236-01-2;1540;19330111;CATEGORIA0;;1;1;0;1;;PISCA ESQ. BRANCO MASTER/MOVANO 97-;PISCA ESQ. BRANCO MASTER/MOVANO 97-;0;;
61;1573;18-0237-05-9;1573;180237059;CATEGORIA0;;1;1;0;1;;GOLF IV 10/97-/IBIZA 02-FAROLIM LAT D/E TRANSP TYC;GOLF IV 10/97-/IBIZA 02-FAROLIM LAT D/E TRANSP TYC;0;;
61;1573;18-0239-15-2;1573;180239152;CATEGORIA0;;1;1;0;1;;* 147 11/04-/DELTA 08-FAROLIM LATERAL DIR BRANCO TYC;* 147 11/04-/DELTA 08-FAROLIM LATERAL DIR BRANCO TYC;0;;
61;1573;18-0240-15-2;1573;180240152;CATEGORIA0;;1;1;0;1;;* 147 11/04-/DELTA 08-FAROLIM LATERAL ESQ BRANCO TYC;* 147 11/04-/DELTA 08-FAROLIM LATERAL ESQ BRANCO TYC;0;;
61;1573;18-0253-01-2;1573;180253012;CATEGORIA0;;1;1;0;1;;* 147 11/00-FAROLIM FR DIR BRANCO TYC;* 147 11/00-FAROLIM FR DIR BRANCO TYC;0;;
61;1573;18-0265-01-2;1573;180265012;CATEGORIA0;;1;1;0;1;;A3 08/03-/A4 01-FAROLIM LATERAL DIR/ESQ TYC;A3 08/03-/A4 01-FAROLIM LATERAL DIR/ESQ TYC;0;;
61;1573;18-0273-00-2;1573;180273002;CATEGORIA0;;1;1;0;1;;206 09/98-/C2/C3-FAROLIM LATERAL DIR/ESQ TRANSP TYC;206 09/98-/C2/C3-FAROLIM LATERAL DIR/ESQ TRANSP TYC;0;;
61;1573;18-0279-01-2;1573;180279012;CATEGORIA0;;1;1;0;1;;CIVIC 02/01-FAROLIM LATERAL DIR/ESQ LARANJA TYC;CIVIC 02/01-FAROLIM LATERAL DIR/ESQ LARANJA TYC;0;;
61;1573;18-0293-01-2;1573;180293012;CATEGORIA0;;1;1;0;1;;* 147 11/00-FAROLIM LATERAL DIR/ESQ LARANJA TYC;* 147 11/00-FAROLIM LATERAL DIR/ESQ LARANJA TYC;0;;
61;1573;18-0295-01-2;1573;180295012;CATEGORIA0;;1;1;0;1;;* MODUS 12/04-FAROLIM FR DIR LARANJA TYC;* MODUS 12/04-FAROLIM FR DIR LARANJA TYC;0;;
61;1573;18-0296-01-2;1573;180296012;CATEGORIA0;;1;1;0;1;;* MODUS 12/04-FAROLIM FR ESQ LARANJA TYC;* MODUS 12/04-FAROLIM FR ESQ LARANJA TYC;0;;
61;1573;18-0357-00-2;1573;180357002;CATEGORIA0;;1;1;0;1;;207 04/06-FAROLIM LATERAL DIR BRANCO (ESP.RECT) TYC;207 04/06-FAROLIM LATERAL DIR BRANCO (ESP.RECT) TYC;0;;
61;1573;18-0358-00-2;1573;180358002;CATEGORIA0;;1;1;0;1;;207 04/06-FAROLIM LATERAL ESQ BRANCO (ESP.RECT) TYC;207 04/06-FAROLIM LATERAL ESQ BRANCO (ESP.RECT) TYC;0;;
61;1573;18-0371-11-2;1573;180371112;CATEGORIA0;;1;1;0;1;;TRAFIC 05/01-FAROLIM FR DIR BRANCO TYC;TRAFIC 05/01-FAROLIM FR DIR BRANCO TYC;0;;
61;1573;18-0372-01-2;1573;180372012;CATEGORIA0;;1;1;0;1;;* TRAFIC 05/01-FAROLIM FR ESQ LARANJA TYC;* TRAFIC 05/01-FAROLIM FR ESQ LARANJA TYC;0;;
61;1573;18-0372-11-2;1573;180372112;CATEGORIA0;;1;1;0;1;;* TRAFIC 05/01-FAROLIM FR ESQ BRANCO TYC;* TRAFIC 05/01-FAROLIM FR ESQ BRANCO TYC;0;;
61;1573;18-0379-01-2;1573;180379012;CATEGORIA0;;1;1;0;1;;VIVARO 05/01-FAROLIM FR DIR BRANCO TYC;VIVARO 05/01-FAROLIM FR DIR BRANCO TYC;0;;
61;1573;18-0380-01-2;1573;180380012;CATEGORIA0;;1;1;0;1;;VIVARO 05/01-FAROLIM FR ESQ BRANCO TYC;VIVARO 05/01-FAROLIM FR ESQ BRANCO TYC;0;;
61;1573;18-0399-21-9;1573;180399219;CATEGORIA0;;1;1;0;1;;E87 09/04-/E60/E90 05-FAROLIM LATERAL ESQ BRANCO TYC;E87 09/04-/E60/E90 05-FAROLIM LATERAL ESQ BRANCO TYC;0;;
61;1573;18-0400-21-9;1573;180400219;CATEGORIA0;;1;1;0;1;;E87 09/04-/E60/E90 05-FAROLIM LATERAL DIR BRANCO TYC;E87 09/04-/E60/E90 05-FAROLIM LATERAL DIR BRANCO TYC;0;;
61;1573;18-0401-01-2;1573;180401012;CATEGORIA0;;1;1;0;1;;* MICRA 01/03-FAROLIM FR DIR LARANJA TYC;* MICRA 01/03-FAROLIM FR DIR LARANJA TYC;0;;
61;1573;18-0401-11-2;1573;180401112;CATEGORIA0;;1;1;0;1;;* MICRA 06/05-FAROLIM FR DIR BRANCO TYC;* MICRA 06/05-FAROLIM FR DIR BRANCO TYC;0;;
61;1573;18-0402-01-2;1573;180402012;CATEGORIA0;;1;1;0;1;;* MICRA 01/03-FAROLIM FR ESQ LARANJA TYC;* MICRA 01/03-FAROLIM FR ESQ LARANJA TYC;0;;
61;1573;18-0407-00-2;1573;180407002;CATEGORIA0;;1;1;0;1;;YARIS 04/99-FAROLIM LATERAL DIR TYC;YARIS 04/99-FAROLIM LATERAL DIR TYC;0;;
61;1573;18-0408-00-2;1573;180408002;CATEGORIA0;;1;1;0;1;;YARIS 04/99-FAROLIM LATERAL ESQ TYC;YARIS 04/99-FAROLIM LATERAL ESQ TYC;0;;
61;1573;18-0453-05-9;1573;180453059;CATEGORIA0;;1;1;0;1;;E46 10/01-/X3 E83 04-FAROLIM LATERAL DIR LARANJA TYC;E46 10/01-/X3 E83 04-FAROLIM LATERAL DIR LARANJA TYC;0;;
61;1573;18-0453-15-9;1573;180453159;CATEGORIA0;;1;1;0;1;;E46 10/01-/X3 E83 04-FAROLIM LATERAL DIR BRANCO TYC;E46 10/01-/X3 E83 04-FAROLIM LATERAL DIR BRANCO TYC;0;;
61;1573;18-0454-05-9;1573;180454059;CATEGORIA0;;1;1;0;1;;E46 10/01-/X3 E83 04-FAROLIM LATERAL ESQ LARANJA TYC;E46 10/01-/X3 E83 04-FAROLIM LATERAL ESQ LARANJA TYC;0;;
61;1573;18-0454-15-9;1573;180454159;CATEGORIA0;;1;1;0;1;;E46 10/01-/X3 E83 04-FAROLIM LATERAL ESQ BRANCO TYC;E46 10/01-/X3 E83 04-FAROLIM LATERAL ESQ BRANCO TYC;0;;
61;1573;18-0457-00-9;1573;180457009;CATEGORIA0;;1;1;0;1;;* X5 E70 02/07-/X6 E71 07-FAROLIM LATERAL DIR LED TYC;* X5 E70 02/07-/X6 E71 07-FAROLIM LATERAL DIR LED TYC;0;;
61;1573;18-0459-05-9;1573;180459059;CATEGORIA0;;1;1;0;1;;E36 10/96-/X5 00-FAROLIM LATERAL DIR LARANJA TYC;E36 10/96-/X5 00-FAROLIM LATERAL DIR LARANJA TYC;0;;
61;1573;18-0459-15-9;1573;180459159;CATEGORIA0;;1;1;0;1;;* E36 10/96-/X5 00-FAROLIM LATERAL DIR BRANCO TYC;* E36 10/96-/X5 00-FAROLIM LATERAL DIR BRANCO TYC;0;;
61;1573;18-0460-05-9;1573;180460059;CATEGORIA0;;1;1;0;1;;E36 10/96-/X5 00-FAROLIM LATERAL ESQ LARANJA TYC;E36 10/96-/X5 00-FAROLIM LATERAL ESQ LARANJA TYC;0;;
61;1573;18-0460-15-9;1573;180460159;CATEGORIA0;;1;1;0;1;;E36 10/96-/X5 00-FAROLIM LATERAL ESQ BRANCO TYC;E36 10/96-/X5 00-FAROLIM LATERAL ESQ BRANCO TYC;0;;
61;1573;18-0461-01-9;1573;180461019;CATEGORIA0;;1;1;0;1;;COOPER 06/01-FAROLIM LATERAL DIR/ESQ LARANJA TYC;COOPER 06/01-FAROLIM LATERAL DIR/ESQ LARANJA TYC;0;;
61;1573;18-0461-11-9;1573;180461119;CATEGORIA0;;1;1;0;1;;COOPER 06/01-FAROLIM LATERAL DIR/ESQ BRANCO TYC;COOPER 06/01-FAROLIM LATERAL DIR/ESQ BRANCO TYC;0;;
61;1573;18-0467-01-2;1573;180467012;CATEGORIA0;;1;1;0;1;;FOCUS 10/04-FAROLIM LATERAL DIR/ESQ LARANJA TYC;FOCUS 10/04-FAROLIM LATERAL DIR/ESQ LARANJA TYC;0;;
61;1573;18-0467-11-2;1573;180467112;CATEGORIA0;;1;1;0;1;;FOCUS 10/04-FAROLIM LATERAL DIR/ESQ BRANCO TYC;FOCUS 10/04-FAROLIM LATERAL DIR/ESQ BRANCO TYC;0;;
61;1573;18-0519-01-2;1573;180519012;CATEGORIA0;;1;1;0;1;;MOVANO 01/04-FAROLIM FR DIR BRANCO TYC;MOVANO 01/04-FAROLIM FR DIR BRANCO TYC;0;;
61;1573;18-0520-01-2;1573;180520012;CATEGORIA0;;1;1;0;1;;MOVANO 01/04-FAROLIM FR ESQ BRANCO TYC;MOVANO 01/04-FAROLIM FR ESQ BRANCO TYC;0;;
61;1573;18-0521-01-2;1573;180521012;CATEGORIA0;;1;1;0;1;;MASTER 07/03-FAROLIM FR DIR LARANJA TYC;MASTER 07/03-FAROLIM FR DIR LARANJA TYC;0;;
61;1573;18-0521-11-2;1573;180521112;CATEGORIA0;;1;1;0;1;;MASTER 07/03-FAROLIM FR DIR BRANCO TYC;MASTER 07/03-FAROLIM FR DIR BRANCO TYC;0;;
61;1573;18-0522-01-2;1573;180522012;CATEGORIA0;;1;1;0;1;;MASTER 07/03-FAROLIM FR ESQ LARANJA TYC;MASTER 07/03-FAROLIM FR ESQ LARANJA TYC;0;;
61;1573;18-0525-01-2;1573;180525012;CATEGORIA0;;1;1;0;1;;KANGOO 01/08-FAROLIM LATERAL DIR/ESQ BRANCO TYC;KANGOO 01/08-FAROLIM LATERAL DIR/ESQ BRANCO TYC;0;;
61;1573;18-0527-01-2;1573;180527012;CATEGORIA0;;1;1;0;1;;MEGANE 11/02-/SCENIC 03-FAROLIM LATERAL DIR BRANCO TYC;MEGANE 11/02-/SCENIC 03-FAROLIM LATERAL DIR BRANCO TYC;0;;
61;1573;18-0528-01-2;1573;180528012;CATEGORIA0;;1;1;0;1;;MEGANE 11/02-/SCENIC 03-FAROLIM LATERAL ESQ BRANCO TYC;MEGANE 11/02-/SCENIC 03-FAROLIM LATERAL ESQ BRANCO TYC;0;;
61;1573;18-0537-01-2;1573;180537012;CATEGORIA0;;1;1;0;1;;MONDEO 07/07-FAROLIM LATERAL DIR LARANJA TYC;MONDEO 07/07-FAROLIM LATERAL DIR LARANJA TYC;0;;
61;1573;18-0538-01-2;1573;180538012;CATEGORIA0;;1;1;0;1;;MONDEO 07/07-FAROLIM LATERAL ESQ LARANJA TYC;MONDEO 07/07-FAROLIM LATERAL ESQ LARANJA TYC;0;;
61;1573;18-0539-01-9;1573;180539019;CATEGORIA0;;1;1;0;1;;E60 05/03-/E61 04-FAROLIM LATERAL DIR BRANCO TYC;E60 05/03-/E61 04-FAROLIM LATERAL DIR BRANCO TYC;0;;
61;1573;18-0540-01-9;1573;180540019;CATEGORIA0;;1;1;0;1;;E60 05/03-/E61 04-FAROLIM LATERAL ESQ BRANCO TYC;E60 05/03-/E61 04-FAROLIM LATERAL ESQ BRANCO TYC;0;;
61;1573;18-0569-00-2;1573;180569002;CATEGORIA0;;1;1;0;1;;YARIS 01/06-FAROLIM LATERAL DIR/ESQ BRANCO TYC;YARIS 01/06-FAROLIM LATERAL DIR/ESQ BRANCO TYC;0;;
61;1573;18-0605-01-2;1573;180605012;CATEGORIA0;;1;1;0;1;;FAROLIM LATERAL;FAROLIM LATERAL;0;;
61;1573;18-0617-11-2;1573;180617112;CATEGORIA0;;1;1;0;1;;CLIO 02/91-/19/LAG/MEG-FAROLIM LAT. D/E BRANCO TYC;CLIO 02/91-/19/LAG/MEG-FAROLIM LAT. D/E BRANCO TYC;0;;
61;1573;18-0621-01-2;1573;180621012;CATEGORIA0;;1;1;0;1;;FIESTA 11/05-/ALTEA/IBIZA/LEON 04-FAROLIM LAT DIR+ESQ TYC;FIESTA 11/05-/ALTEA/IBIZA/LEON 04-FAROLIM LAT DIR+ESQ TYC;0;;
61;1573;18-0635-01-2;1573;180635012;CATEGORIA0;;1;1;0;1;;ASTRA 11/09-FAROLIM LATERAL DIR BRANCO TYC;ASTRA 11/09-FAROLIM LATERAL DIR BRANCO TYC;0;;
61;1573;18-0636-01-2;1573;180636012;CATEGORIA0;;1;1;0;1;;ASTRA 11/09-FAROLIM LATERAL ESQ BRANCO TYC;ASTRA 11/09-FAROLIM LATERAL ESQ BRANCO TYC;0;;
61;1573;18-0663-01-2;1573;180663012;CATEGORIA0;;1;1;0;1;;CLIO 02/91-/19/LAG/MEG-FAROLIM LATERAL D/E LARANJA TYC;CLIO 02/91-/19/LAG/MEG-FAROLIM LATERAL D/E LARANJA TYC;0;;
61;1573;18-0701-01-2;1573;180701012;CATEGORIA0;;1;1;0;1;;500 02/08-FAROLIM LATERAL DIR/ESQ BRANCO TYC;500 02/08-FAROLIM LATERAL DIR/ESQ BRANCO TYC;0;;
61;1573;18-1504-05-2;1573;181504052;CATEGORIA0;;1;1;0;1;;* CARINA 12/87-FAROLIM FR DIR BRANCO TYC;* CARINA 12/87-FAROLIM FR DIR BRANCO TYC;0;;
61;1540;18-1871-05-2;1540;181871052;CATEGORIA0;;1;1;0;1;;FAROLIM DRT;FAROLIM DRT;0;;
61;1573;18-1872-05-2;1573;181872052;CATEGORIA0;;1;1;0;1;;FAROLIM ESQ;FAROLIM ESQ;0;;
61;1573;18-1930-05-2;1573;181930052;CATEGORIA0;;1;1;0;1;;CIVIC 10/91-FAROLIM FR DIR BRANCO 4P TYC;CIVIC 10/91-FAROLIM FR DIR BRANCO 4P TYC;0;;
61;1573;18-1931-05-2;1573;181931052;CATEGORIA0;;1;1;0;1;;CIVIC 10/91-FAROLIM FR ESQ BRANCO 4P TYC;CIVIC 10/91-FAROLIM FR ESQ BRANCO 4P TYC;0;;
61;1573;18-2069-01-2;1573;182069012;CATEGORIA0;;1;1;0;1;;ASTRA 09/91-FAROLIM FR DIR LARANJA TYC;ASTRA 09/91-FAROLIM FR DIR LARANJA TYC;0;;
61;1573;18-2069-11-2;1573;182069112;CATEGORIA0;;1;1;0;1;;ASTRA 09/91-FAROLIM FR DIR BRANCO TYC;ASTRA 09/91-FAROLIM FR DIR BRANCO TYC;0;;
61;1573;18-2070-01-2;1573;182070012;CATEGORIA0;;1;1;0;1;;ASTRA 09/91-FAROLIM FR ESQ LARANJA TYC;ASTRA 09/91-FAROLIM FR ESQ LARANJA TYC;0;;
61;1573;18-2070-11-2;1573;182070112;CATEGORIA0;;1;1;0;1;;ASTRA 09/91-FAROLIM FR ESQ BRANCO TYC;ASTRA 09/91-FAROLIM FR ESQ BRANCO TYC;0;;
61;1573;18-3156-01-2;1573;183156012;CATEGORIA0;;1;1;0;1;;MONDEO 03/93-FAROLIM FR DIR BRANCO TYC;MONDEO 03/93-FAROLIM FR DIR BRANCO TYC;0;;
61;1573;18-3157-01-2;1573;183157012;CATEGORIA0;;1;1;0;1;;MONDEO 03/93-FAROLIM FR ESQ BRANCO TYC;MONDEO 03/93-FAROLIM FR ESQ BRANCO TYC;0;;
61;1573;18-3158-01-2;1573;183158012;CATEGORIA0;;1;1;0;1;;TRANSIT 11/85-FAROLIM FR DIR LARANJA TYC;TRANSIT 11/85-FAROLIM FR DIR LARANJA TYC;0;;
61;1573;18-3159-01-2;1573;183159012;CATEGORIA0;;1;1;0;1;;TRANSIT 11/85-FAROLIM FR ESQ LARANJA TYC;TRANSIT 11/85-FAROLIM FR ESQ LARANJA TYC;0;;
61;1573;18-3168-05-2;1573;183168052;CATEGORIA0;;1;1;0;1;;ASTRA 09/94-FAROLIM FR DIR BRANCO TYC;ASTRA 09/94-FAROLIM FR DIR BRANCO TYC;0;;
61;1573;18-3169-05-2;1573;183169052;CATEGORIA0;;1;1;0;1;;ASTRA 09/94-FAROLIM FR ESQ BRANCO TYC;ASTRA 09/94-FAROLIM FR ESQ BRANCO TYC;0;;
61;1573;18-3233-05-2;1573;183233052;CATEGORIA0;;1;1;0;1;;CIVIC 10/91-FAROLIM FR DIR BRANCO 3P TYC;CIVIC 10/91-FAROLIM FR DIR BRANCO 3P TYC;0;;
61;1573;18-3234-05-2;1573;183234052;CATEGORIA0;;1;1;0;1;;CIVIC 10/91-FAROLIM FR ESQ BRANCO 3P TYC;CIVIC 10/91-FAROLIM FR ESQ BRANCO 3P TYC;0;;
61;1573;18-3255-05-2;1573;183255052;CATEGORIA0;;1;1;0;1;;FAROLIM;FAROLIM;0;;
61;1573;18-3255-93-2;1573;183255932;CATEGORIA0;;1;1;0;1;;W201 12/82-FAROLIM FR DIR BRANCO TYC;W201 12/82-FAROLIM FR DIR BRANCO TYC;0;;
61;1573;18-3256-05-2;1573;183256052;CATEGORIA0;;1;1;0;1;;W201 12/82-FAROLIM FR ESQ LARANJA TYC;W201 12/82-FAROLIM FR ESQ LARANJA TYC;0;;
61;1573;18-3256-93-2;1573;183256932;CATEGORIA0;;1;1;0;1;;W201 12/82-FAROLIM FR ESQ BRANCO TYC;W201 12/82-FAROLIM FR ESQ BRANCO TYC;0;;
61;1573;18-3269-93-2;1573;183269932;CATEGORIA0;;1;1;0;1;;* E34 01/88-FAROLIM FR DIR BRANCO TYC;* E34 01/88-FAROLIM FR DIR BRANCO TYC;0;;
61;1573;18-3271-05-2;1573;183271052;CATEGORIA0;;1;1;0;1;;E36 12/90-FAROLIM FR DIR LARANJA 4P TYC;E36 12/90-FAROLIM FR DIR LARANJA 4P TYC;0;;
61;1573;18-3271-15-2;1573;183271152;CATEGORIA0;;1;1;0;1;;E36 12/90-FAROLIM FR DIR FUMADO 4P TYC;E36 12/90-FAROLIM FR DIR FUMADO 4P TYC;0;;
61;1573;18-3272-05-2;1573;183272052;CATEGORIA0;;1;1;0;1;;E36 12/90-FAROLIM FR ESQ LARANJA 4P TYC;E36 12/90-FAROLIM FR ESQ LARANJA 4P TYC;0;;
61;1573;18-3272-15-2;1573;183272152;CATEGORIA0;;1;1;0;1;;E36 12/90-FAROLIM FR ESQ FUMADO 4P TYC;E36 12/90-FAROLIM FR ESQ FUMADO 4P TYC;0;;
61;1573;18-3272-93-2;1573;183272932;CATEGORIA0;;1;1;0;1;;E36 12/90-FAROLIM FR ESQ BRANCO 4P TYC;E36 12/90-FAROLIM FR ESQ BRANCO 4P TYC;0;;
61;1573;18-3294-05-2;1573;183294052;CATEGORIA0;;1;1;0;1;;* VECTRA 10/88-FAROLIM FR ESQ BRANCO TYC;* VECTRA 10/88-FAROLIM FR ESQ BRANCO TYC;0;;
61;1540;18-3296-05-2;1540;701221;CATEGORIA0;;1;1;0;1;;FAROLIM F. ESQ. LANCER 96-;FAROLIM F. ESQ. LANCER 96-;0;;
61;1573;18-3313-05-2;1573;183313052;CATEGORIA0;;1;1;0;1;;PASSAT 04/88-FAROLIM FR DIR LARANJA TYC;PASSAT 04/88-FAROLIM FR DIR LARANJA TYC;0;;
61;1573;18-3314-05-2;1573;183314052;CATEGORIA0;;1;1;0;1;;PASSAT 04/88-FAROLIM FR ESQ LARANJA TYC;PASSAT 04/88-FAROLIM FR ESQ LARANJA TYC;0;;
61;1540;18-3315-05-2;1540;16163210;CATEGORIA0;;1;1;0;1;;FAROLIM;FAROLIM;0;;
61;1573;18-3315-05-2;1573;183315052;CATEGORIA0;;1;1;0;1;;* VECTRA 10/92-FAROLIM FR DIR BRANCO TYC;* VECTRA 10/92-FAROLIM FR DIR BRANCO TYC;0;;
61;1573;18-3316-05-2;1573;183316052;CATEGORIA0;;1;1;0;1;;* VECTRA 10/92-FAROLIM FR ESQ BRANCO TYC;* VECTRA 10/92-FAROLIM FR ESQ BRANCO TYC;0;;
61;1573;18-3333-05-2;1573;183333052;CATEGORIA0;;1;1;0;1;;106 03/92-FAROLIM FR DIR BRANCO TYC;106 03/92-FAROLIM FR DIR BRANCO TYC;0;;
61;1573;18-3334-05-2;1573;183334052;CATEGORIA0;;1;1;0;1;;FAROLIM PISCA ESQ;FAROLIM PISCA ESQ;0;;
61;1573;18-3335-05-2;1573;183335052;CATEGORIA0;;1;1;0;1;;306 01/93-FAROLIM FR DIR BRANCO TYC;306 01/93-FAROLIM FR DIR BRANCO TYC;0;;
61;1573;18-3336-05-2;1573;183336052;CATEGORIA0;;1;1;0;1;;306 01/93-FAROLIM FR ESQ BRANCO TYC;306 01/93-FAROLIM FR ESQ BRANCO TYC;0;;
61;1573;18-3357-05-2;1573;183357052;CATEGORIA0;;1;1;0;1;;W202 05/93-FAROLIM FR DIR LARANJA TYC;W202 05/93-FAROLIM FR DIR LARANJA TYC;0;;
61;1573;18-3357-93-2;1573;183357932;CATEGORIA0;;1;1;0;1;;PISCA DRT.BR.(TYC) MERCEDES W202;PISCA DRT.BR.(TYC) MERCEDES W202;0;;
61;1573;18-3357-97-2;1573;183357972;CATEGORIA0;;1;1;0;1;;W202 05/93-FAROLIM FR DIR FUMADO TYC;W202 05/93-FAROLIM FR DIR FUMADO TYC;0;;
61;1573;18-3358-05-2;1573;183358052;CATEGORIA0;;1;1;0;1;;W202 05/93-FAROLIM FR ESQ LARANJA TYC;W202 05/93-FAROLIM FR ESQ LARANJA TYC;0;;
61;1573;18-3358-93-2;1573;183358932;CATEGORIA0;;1;1;0;1;;FAROLIM FRT. ESQ. BRANCO MERCEDES W202 93-;FAROLIM FRT. ESQ. BRANCO MERCEDES W202 93-;0;;
61;1573;18-3358-97-2;1573;183358972;CATEGORIA0;;1;1;0;1;;W202 05/93-FAROLIM FR ESQ FUMADO TYC;W202 05/93-FAROLIM FR ESQ FUMADO TYC;0;;
61;1573;18-3393-01-2;1573;183393012;CATEGORIA0;;1;1;0;1;;PUNTO 11/93-FAROLIM FR DIR BRANCO TYC;PUNTO 11/93-FAROLIM FR DIR BRANCO TYC;0;;
61;1573;18-3393-15-2;1573;183393152;CATEGORIA0;;1;1;0;1;;PUNTO 11/93-FAROLIM FR DIR FUMADO TYC;PUNTO 11/93-FAROLIM FR DIR FUMADO TYC;0;;
61;1573;18-3393-93-2;1573;183393932;CATEGORIA0;;1;1;0;1;;PUNTO 11/93-FAROLIM FR DIR LARANJA TYC;PUNTO 11/93-FAROLIM FR DIR LARANJA TYC;0;;
61;1573;18-3394-01-2;1573;183394012;CATEGORIA0;;1;1;0;1;;PUNTO 11/93-FAROLIM FR ESQ BRANCO TYC;PUNTO 11/93-FAROLIM FR ESQ BRANCO TYC;0;;
61;1573;18-3394-15-2;1573;183394152;CATEGORIA0;;1;1;0;1;;PUNTO 11/93-FAROLIM FR ESQ FUMADO TYC;PUNTO 11/93-FAROLIM FR ESQ FUMADO TYC;0;;
61;1573;18-3394-93-2;1573;183394932;CATEGORIA0;;1;1;0;1;;PUNTO 11/93-FAROLIM FR ESQ LARANJA TYC;PUNTO 11/93-FAROLIM FR ESQ LARANJA TYC;0;;
61;1573;18-3403-05-2;1573;183403052;CATEGORIA0;;1;1;0;1;;VECTRA 10/95-FAROLIM FR DIR BRANCO TYC;VECTRA 10/95-FAROLIM FR DIR BRANCO TYC;0;;
61;1573;18-3404-05-2;1573;183404052;CATEGORIA0;;1;1;0;1;;VECTRA 10/95-FAROLIM FR ESQ BRANCO TYC;VECTRA 10/95-FAROLIM FR ESQ BRANCO TYC;0;;
61;1573;18-3429-05-2;1573;183429052;CATEGORIA0;;1;1;0;1;;CIVIC 10/91-FAROLIM LATERAL DIR LARANJA 3/4P TYC;CIVIC 10/91-FAROLIM LATERAL DIR LARANJA 3/4P TYC;0;;
61;1573;18-3430-05-2;1573;183430052;CATEGORIA0;;1;1;0;1;;CIVIC 10/91-FAROLIM LATERAL ESQ LARANJA 3/4P TYC;CIVIC 10/91-FAROLIM LATERAL ESQ LARANJA 3/4P TYC;0;;
61;1573;18-3516-05-2;1573;183516052;CATEGORIA0;;1;1;0;1;;* PRIMERA 11/96-FAROLIM FR ESQ BRANCO TYC;* PRIMERA 11/96-FAROLIM FR ESQ BRANCO TYC;0;;
61;1573;18-3543-71-2;1573;183543712;CATEGORIA0;;1;1;0;1;;COROLLA 04/97-FAROLIM LATERAL DIR/ESQ BRANCO TYC;COROLLA 04/97-FAROLIM LATERAL DIR/ESQ BRANCO TYC;0;;
61;1573;18-3543-81-2;1573;183543812;CATEGORIA0;;1;1;0;1;;COROLLA 04/97-FAROLIM LATERAL DIR/ESQ LARANJA TYC;COROLLA 04/97-FAROLIM LATERAL DIR/ESQ LARANJA TYC;0;;
61;1573;18-3565005;1573;183565005;CATEGORIA0;;1;1;0;1;;A4 11/94-FAROLIM FR DIR BRANCO (TIPO VALEO) TYC;A4 11/94-FAROLIM FR DIR BRANCO (TIPO VALEO) TYC;0;;
61;1540;18-3565005;1540;02182110;CATEGORIA0;;1;1;0;1;;PISCA DTO. (MOD.BOSCH) A4 94-;PISCA DTO. (MOD.BOSCH) A4 94-;0;;
61;1573;18-3566005;1573;183566005;CATEGORIA0;;1;1;0;1;;A4 11/94-FAROLIM FR ESQ BRANCO (TIPO VALEO) TYC;A4 11/94-FAROLIM FR ESQ BRANCO (TIPO VALEO) TYC;0;;
61;1573;18-3573-05-2;1573;183573052;CATEGORIA0;;1;1;0;1;;* W124 01/85-/W201/W202-FAROLIM LATERAL D/E LARANJA TYC;* W124 01/85-/W201/W202-FAROLIM LATERAL D/E LARANJA TYC;0;;
61;1573;18-3575-05-2;1573;183575052;CATEGORIA0;;1;1;0;1;;VITO 02/96-/SPRINTER 95-FAROLIM LATERAL D/E BRANCO TYC;VITO 02/96-/SPRINTER 95-FAROLIM LATERAL D/E BRANCO TYC;0;;
61;1573;18-3575-45-2;1573;183575452;CATEGORIA0;;1;1;0;1;;VITO 02/96-/SPRINTER 95-FAROLIM LATERAL D/E LARANJA TYC;VITO 02/96-/SPRINTER 95-FAROLIM LATERAL D/E LARANJA TYC;0;;
61;1573;18-3583-05-2;1573;183583052;CATEGORIA0;;1;1;0;1;;SAXO 06/96-FAROLIM FR DIR BRANCO TYC;SAXO 06/96-FAROLIM FR DIR BRANCO TYC;0;;
61;1573;18-3584-05-2;1573;183584052;CATEGORIA0;;1;1;0;1;;SAXO 06/96-FAROLIM FR ESQ BRANCO TYC;SAXO 06/96-FAROLIM FR ESQ BRANCO TYC;0;;
61;1573;18-3585-05-2;1573;183585052;CATEGORIA0;;1;1;0;1;;GOLF III 08/95-/IBIZA 96-FAROLIM LAT D/E BRANCO TYC;GOLF III 08/95-/IBIZA 96-FAROLIM LAT D/E BRANCO TYC;0;;
61;1573;18-3585-15-2;1573;183585152;CATEGORIA0;;1;1;0;1;;GOLF III 08/95-/IBIZA 96-FAROLIM LAT D/E LARANJA TYC;GOLF III 08/95-/IBIZA 96-FAROLIM LAT D/E LARANJA TYC;0;;
61;1540;18-3585-15-2;1540;02143311;CATEGORIA0;;1;1;0;1;;FAROLIM LAT. AMAR. VW GOLF 95-;FAROLIM LAT. AMAR. VW GOLF 95-;0;;
61;1573;18-3585-25-2;1573;183585252;CATEGORIA0;;1;1;0;1;;GOLF III 08/95-/IBIZA 96-FAROLIM LAT D/E FUMADO TYC;GOLF III 08/95-/IBIZA 96-FAROLIM LAT D/E FUMADO TYC;0;;
61;1573;18-3587-05-2;1573;183587052;CATEGORIA0;;1;1;0;1;;POLO 10/94-FAROLIM FR DIR LARANJA TYC;POLO 10/94-FAROLIM FR DIR LARANJA TYC;0;;
61;1573;18-3587-15-2;1573;183587152;CATEGORIA0;;1;1;0;1;;POLO 10/94-FAROLIM FR DIR BRANCO TYC;POLO 10/94-FAROLIM FR DIR BRANCO TYC;0;;
61;1573;18-3588-05-2;1573;183588052;CATEGORIA0;;1;1;0;1;;POLO 10/94-FAROLIM FR ESQ LARANJA TYC;POLO 10/94-FAROLIM FR ESQ LARANJA TYC;0;;
61;1573;18-3588-15-2;1573;183588152;CATEGORIA0;;1;1;0;1;;POLO 10/94-FAROLIM FR ESQ BRANCO TYC;POLO 10/94-FAROLIM FR ESQ BRANCO TYC;0;;
61;1573;18-3589-05-2;1573;183589052;CATEGORIA0;;1;1;0;1;;GOLF III 10/91-/IBIZA 93-FAROLIM LAT D/E LARANJA TYC;GOLF III 10/91-/IBIZA 93-FAROLIM LAT D/E LARANJA TYC;0;;
61;1573;18-3591-05-2;1573;183591052;CATEGORIA0;;1;1;0;1;;LAGUNA 11/93-FAROLIM FR DIR BRANCO TYC;LAGUNA 11/93-FAROLIM FR DIR BRANCO TYC;0;;
61;1573;18-3592-05-2;1573;183592052;CATEGORIA0;;1;1;0;1;;LAGUNA 11/93-FAROLIM FR ESQ BRANCO TYC;LAGUNA 11/93-FAROLIM FR ESQ BRANCO TYC;0;;
61;1573;18-3593-05-2;1573;183593052;CATEGORIA0;;1;1;0;1;;MEGANE/SCENIC 01/96-FAROLIM FR DIR BRANCO TYC;MEGANE/SCENIC 01/96-FAROLIM FR DIR BRANCO TYC;0;;
61;1573;18-3594-05-2;1573;183594052;CATEGORIA0;;1;1;0;1;;MEGANE/SCENIC 01/96-FAROLIM FR ESQ BRANCO TYC;MEGANE/SCENIC 01/96-FAROLIM FR ESQ BRANCO TYC;0;;
61;1573;18-5007-01-2;1573;185007012;CATEGORIA0;;1;1;0;1;;E36 12/90-FAROLIM LATERAL DIR LARANJA TYC;E36 12/90-FAROLIM LATERAL DIR LARANJA TYC;0;;
61;1573;18-5007-11-2;1573;185007112;CATEGORIA0;;1;1;0;1;;E36 12/90-FAROLIM LATERAL DIR FUMADO TYC;E36 12/90-FAROLIM LATERAL DIR FUMADO TYC;0;;
61;1573;18-5007-21-2;1573;185007212;CATEGORIA0;;1;1;0;1;;E36 12/90-FAROLIM LATERAL DIR BRANCO TYC;E36 12/90-FAROLIM LATERAL DIR BRANCO TYC;0;;
61;1573;18-5008-01-2;1573;185008012;CATEGORIA0;;1;1;0;1;;E36 12/90-FAROLIM LATERAL ESQ LARANJA TYC;E36 12/90-FAROLIM LATERAL ESQ LARANJA TYC;0;;
61;1573;18-5008-11-2;1573;185008112;CATEGORIA0;;1;1;0;1;;E36 12/90-FAROLIM LATERAL ESQ FUMADO TYC;E36 12/90-FAROLIM LATERAL ESQ FUMADO TYC;0;;
61;1573;18-5008-21-2;1573;185008212;CATEGORIA0;;1;1;0;1;;E36 12/90-FAROLIM LATERAL ESQ BRANCO TYC;E36 12/90-FAROLIM LATERAL ESQ BRANCO TYC;0;;
61;1573;18-5009-01-2;1573;185009012;CATEGORIA0;;1;1;0;1;;CORSA B 93-/ASTRA 94-FAROLIM LAT. LARANJA TYC;CORSA B 93-/ASTRA 94-FAROLIM LAT. LARANJA TYC;0;;
61;1573;18-5009-31-2;1573;185009312;CATEGORIA0;;1;1;0;1;;CORSA B 09/93-/ASTRA 94-FAROLIM LATERAL FUMADO TYC;CORSA B 09/93-/ASTRA 94-FAROLIM LATERAL FUMADO TYC;0;;
61;1573;18-5009-41-2;1573;185009412;CATEGORIA0;;1;1;0;1;;CORSA B 09/93-/ASTRA 94-FAROLIM LATERAL BRANCO TYC;CORSA B 09/93-/ASTRA 94-FAROLIM LATERAL BRANCO TYC;0;;
61;1573;18-5013-05-2;1573;185013052;CATEGORIA0;;1;1;0;1;;COROLLA 07/92-FAROLIM FR DIR BRANCO (LIFTBACK) TYC;COROLLA 07/92-FAROLIM FR DIR BRANCO (LIFTBACK) TYC;0;;
61;1573;18-5014-05-2;1573;185014052;CATEGORIA0;;1;1;0;1;;COROLLA 07/92-FAROLIM FR ESQ BRANCO (LIFTBACK) TYC;COROLLA 07/92-FAROLIM FR ESQ BRANCO (LIFTBACK) TYC;0;;
61;1540;18-5014-05-2;1540;900425;CATEGORIA0;;1;1;0;1;;FAROLIM F.ESQ.;FAROLIM F.ESQ.;0;;
61;1573;18-5021-01-2;1573;185021012;CATEGORIA0;;1;1;0;1;;CLIO 02/91-FAROLIM FR DIR BRANCO (TIPO VALEO) TYC;CLIO 02/91-FAROLIM FR DIR BRANCO (TIPO VALEO) TYC;0;;
61;1573;18-5022-01-2;1573;185022012;CATEGORIA0;;1;1;0;1;;CLIO 02/91-FAROLIM FR ESQ BRANCO (TIPO VALEO) TYC;CLIO 02/91-FAROLIM FR ESQ BRANCO (TIPO VALEO) TYC;0;;
61;1573;18-5047-05-2;1573;185047052;CATEGORIA0;;1;1;0;1;;COROLLA 07/92-FAROLIM FR DIR BRANCO TYC;COROLLA 07/92-FAROLIM FR DIR BRANCO TYC;0;;
61;1573;18-5048-05-2;1573;185048052;CATEGORIA0;;1;1;0;1;;COROLLA 07/92-FAROLIM FR ESQ BRANCO TYC;COROLLA 07/92-FAROLIM FR ESQ BRANCO TYC;0;;
61;1573;18-5075-05-2;1573;185075052;CATEGORIA0;;1;1;0;1;;COROLLA 04/97-FAROLIM FR DIR BRANCO TYC;COROLLA 04/97-FAROLIM FR DIR BRANCO TYC;0;;
61;1573;18-5076-05-2;1573;185076052;CATEGORIA0;;1;1;0;1;;COROLLA 04/97-FAROLIM FR ESQ BRANCO TYC;COROLLA 04/97-FAROLIM FR ESQ BRANCO TYC;0;;
61;1540;18-5087-05-2;1540;10161200;CATEGORIA0;;1;1;0;1;;PISCA DRT. AMAR. ESCORT 90-;PISCA DRT. AMAR. ESCORT 90-;0;;
61;1573;18-5101-01-6;1573;185101016;CATEGORIA0;;1;1;0;1;;PASSAT 08/93-PLACA REFLECTORA LADO FAROL DIR TYC;PASSAT 08/93-PLACA REFLECTORA LADO FAROL DIR TYC;0;;
61;1573;18-5102-01-6;1573;185102016;CATEGORIA0;;1;1;0;1;;PASSAT 08/93-PLACA REFLECTORA LADO FAROL ESQ TYC;PASSAT 08/93-PLACA REFLECTORA LADO FAROL ESQ TYC;0;;
61;1573;18-5103-05-2;1573;185103052;CATEGORIA0;;1;1;0;1;;PASSAT 10/96-FAROLIM FR DIR LARANJA TYC;PASSAT 10/96-FAROLIM FR DIR LARANJA TYC;0;;
61;1573;18-5103-15-2;1573;185103152;CATEGORIA0;;1;1;0;1;;PASSAT 10/96-FAROLIM FR DIR BRANCO TYC;PASSAT 10/96-FAROLIM FR DIR BRANCO TYC;0;;
61;1573;18-5103-25-2;1573;185103252;CATEGORIA0;;1;1;0;1;;PASSAT 10/96-FAROLIM FR DIR FUMADO TYC;PASSAT 10/96-FAROLIM FR DIR FUMADO TYC;0;;
61;1573;18-5104-05-2;1573;185104052;CATEGORIA0;;1;1;0;1;;PASSAT 10/96-FAROLIM FR ESQ LARANJA TYC;PASSAT 10/96-FAROLIM FR ESQ LARANJA TYC;0;;
61;1573;18-5104-15-2;1573;185104152;CATEGORIA0;;1;1;0;1;;PASSAT 10/96-FAROLIM FR ESQ BRANCO TYC;PASSAT 10/96-FAROLIM FR ESQ BRANCO TYC;0;;
61;1573;18-5104-25-2;1573;185104252;CATEGORIA0;;1;1;0;1;;PASSAT 10/96-FAROLIM FR ESQ FUMADO TYC;PASSAT 10/96-FAROLIM FR ESQ FUMADO TYC;0;;
61;1573;18-5122-05-2;1573;185122052;CATEGORIA0;;1;1;0;1;;* ULYSSE 07/94-FAROLIM FR ESQ BRANCO TYC;* ULYSSE 07/94-FAROLIM FR ESQ BRANCO TYC;0;;
61;1540;18-5126-05-2;1540;185126052;CATEGORIA0;;1;1;0;1;;FAROLIM PISCA FRT. ESQ.;FAROLIM PISCA FRT. ESQ.;0;;
61;1573;18-5127-05-2;1573;185127052;CATEGORIA0;;1;1;0;1;;* 145/146 06/94-FAROLIM FR DIR BRANCO TYC;* 145/146 06/94-FAROLIM FR DIR BRANCO TYC;0;;
61;1573;18-5128-05-2;1573;185128052;CATEGORIA0;;1;1;0;1;;* 145/146 06/94-FAROLIM FR ESQ BRANCO TYC;* 145/146 06/94-FAROLIM FR ESQ BRANCO TYC;0;;
61;1573;18-5133-05-2;1573;185133052;CATEGORIA0;;1;1;0;1;;GALAXI/ALHAMB/SHAR 11/95-FAROLIM FR DIR BRANCO TYC;GALAXI/ALHAMB/SHAR 11/95-FAROLIM FR DIR BRANCO TYC;0;;
61;1573;18-5134-05-2;1573;185134052;CATEGORIA0;;1;1;0;1;;GALAXI/ALHAMB/SHAR 11/95-FAROLIM FR ESQ BRANCO TYC;GALAXI/ALHAMB/SHAR 11/95-FAROLIM FR ESQ BRANCO TYC;0;;
61;1573;18-5135-05-2;1573;185135052;CATEGORIA0;;1;1;0;1;;* ESPACE 02/91-FAROLIM FR DIR BRANCO TYC;* ESPACE 02/91-FAROLIM FR DIR BRANCO TYC;0;;
61;1573;18-5137-15-2;1573;185137152;CATEGORIA0;;1;1;0;1;;* 145/146 06/94-FAROLIM LATERAL DIR BRANCO TYC;* 145/146 06/94-FAROLIM LATERAL DIR BRANCO TYC;0;;
61;1573;18-5138-15-2;1573;185138152;CATEGORIA0;;1;1;0;1;;* 145/146 06/94-FAROLIM LATERAL ESQ BRANCO TYC;* 145/146 06/94-FAROLIM LATERAL ESQ BRANCO TYC;0;;
61;1573;18-5157-15-2;1573;185157152;CATEGORIA0;;1;1;0;1;;* FIESTA 11/95-/KA/MONDEO 96-FAROLIM LAT D/E BRANCO TYC;* FIESTA 11/95-/KA/MONDEO 96-FAROLIM LAT D/E BRANCO TYC;0;;
61;1573;18-5159-05-2;1573;185159052;CATEGORIA0;;1;1;0;1;;MAREA 09/96-FAROLIM LATERAL DIR/ESQ LARANJA TYC;MAREA 09/96-FAROLIM LATERAL DIR/ESQ LARANJA TYC;0;;
61;1573;18-5161-05-2;1573;185161052;CATEGORIA0;;1;1;0;1;;BERLINGO/SAXO/P106 96-FAROLIM LATERAL D/E LARANJA TYC;BERLINGO/SAXO/P106 96-FAROLIM LATERAL D/E LARANJA TYC;0;;
61;1573;18-5161-15-2;1573;185161152;CATEGORIA0;;1;1;0;1;;BERLINGO/SAXO/P106 96-FAROLIM LAT. D/E BRANCO TYC;BERLINGO/SAXO/P106 96-FAROLIM LAT. D/E BRANCO TYC;0;;
61;1573;18-5163-05-2;1573;185163052;CATEGORIA0;;1;1;0;1;;OCTAVIA 09/96-FAROLIM FR DIR BRANCO TYC;OCTAVIA 09/96-FAROLIM FR DIR BRANCO TYC;0;;
61;1573;18-5164-05-2;1573;185164052;CATEGORIA0;;1;1;0;1;;OCTAVIA 09/96-FAROLIM FR ESQ BRANCO TYC;OCTAVIA 09/96-FAROLIM FR ESQ BRANCO TYC;0;;
61;1573;18-5177-05-2;1573;185177052;CATEGORIA0;;1;1;0;1;;SPRINTER 02/95-FAROLIM FR DIR BRANCO TYC;SPRINTER 02/95-FAROLIM FR DIR BRANCO TYC;0;;
61;1573;18-5178-05-2;1573;185178052;CATEGORIA0;;1;1;0;1;;PISCA ESQ. (TYC) BR. MERC. SPRINTER 95-;PISCA ESQ. (TYC) BR. MERC. SPRINTER 95-;0;;
61;1573;18-5191-15-2;1573;185191152;CATEGORIA0;;1;1;0;1;;* CINQUECENTO 04/92-FAROLIM FR DIR BRANCO TYC;* CINQUECENTO 04/92-FAROLIM FR DIR BRANCO TYC;0;;
61;1573;18-5192-15-2;1573;185192152;CATEGORIA0;;1;1;0;1;;* CINQUECENTO 04/92-FAROLIM FR ESQ BRANCO TYC;* CINQUECENTO 04/92-FAROLIM FR ESQ BRANCO TYC;0;;
61;1573;18-5213-05-2;1573;185213052;CATEGORIA0;;1;1;0;1;;FAROLIM;FAROLIM;0;;
61;1573;18-5213-15-2;1573;185213152;CATEGORIA0;;1;1;0;1;;CADDY/CLASSIC 07/95-FAROLIM FR DIR LARANJA TYC;CADDY/CLASSIC 07/95-FAROLIM FR DIR LARANJA TYC;0;;
61;1573;18-5214-05-2;1573;185214052;CATEGORIA0;;1;1;0;1;;FAROLIM DRT. ESQ. BRANCO;FAROLIM DRT. ESQ. BRANCO;0;;
61;1573;18-5214-15-2;1573;185214152;CATEGORIA0;;1;1;0;1;;CADDY/CLASSIC 07/95-FAROLIM FR ESQ LARANJA TYC;CADDY/CLASSIC 07/95-FAROLIM FR ESQ LARANJA TYC;0;;
61;1573;18-5216-05-2;1573;185216052;CATEGORIA0;;1;1;0;1;;* AROSA 05/97-FAROLIM FR ESQ BRANCO TYC;* AROSA 05/97-FAROLIM FR ESQ BRANCO TYC;0;;
61;1540;18-5231-05-2;1540;185231052;CATEGORIA0;;1;1;0;1;;FAROLIM LATERAL;FAROLIM LATERAL;0;;
61;1573;18-5231-15-2;1573;185231152;CATEGORIA0;;1;1;0;1;;A3 09/00-/A4 99-FAROLIM LATERAL DIR/ESQ FUMADO TYC;A3 09/00-/A4 99-FAROLIM LATERAL DIR/ESQ FUMADO TYC;0;;
61;1573;18-5235-05-2;1573;185235052;CATEGORIA0;;1;1;0;1;;GOLF IV 10/97-FAROLIM LATERAL DIR/ESQ LARANJA TYC;GOLF IV 10/97-FAROLIM LATERAL DIR/ESQ LARANJA TYC;0;;
61;1573;18-5235-15-2;1573;185235152;CATEGORIA0;;1;1;0;1;;GOLF IV 10/97-FAROLIM LATERAL DIR/ESQ FUMADO TYC;GOLF IV 10/97-FAROLIM LATERAL DIR/ESQ FUMADO TYC;0;;
61;1540;18-5235-15-2;1540;02144351;CATEGORIA0;;1;1;0;1;;FAROLIM LAT. FUM POLO/GOL/IBIZA;FAROLIM LAT. FUM POLO/GOL/IBIZA;0;;
61;1573;18-5235-25-2;1573;185235252;CATEGORIA0;;1;1;0;1;;GOLF IV 10/97-FAROLIM LATERAL DIR/ESQ BRANCO TYC;GOLF IV 10/97-FAROLIM LATERAL DIR/ESQ BRANCO TYC;0;;
61;1540;18-5235-25-2;1540;02106331;CATEGORIA0;;1;1;0;1;;FAROLIM LAT. INCA/CADDY/GOLF 97-;FAROLIM LAT. INCA/CADDY/GOLF 97-;0;;
61;1573;18-5241-05-2;1573;185241052;CATEGORIA0;;1;1;0;1;;FAROLIM;FAROLIM;0;;
61;1573;18-5242-05-2;1573;185242052;CATEGORIA0;;1;1;0;1;;IBIZA/CORD 06/93-/INCA-FAROLIM FR ESQ BRA (T/VALEO) TYC;IBIZA/CORD 06/93-/INCA-FAROLIM FR ESQ BRA (T/VALEO) TYC;0;;
61;1573;18-5244-05-2;1573;185244052;CATEGORIA0;;1;1;0;1;;* TOLEDO 09/95-FAROLIM FR ESQ BRANCO TYC;* TOLEDO 09/95-FAROLIM FR ESQ BRANCO TYC;0;;
61;1573;18-5269-21-2;1573;185269212;CATEGORIA0;;1;1;0;1;;CLIO 02/91-/19/LAG/MEG-FAROLIM LATERAL D/E FUMADO TYC;CLIO 02/91-/19/LAG/MEG-FAROLIM LATERAL D/E FUMADO TYC;0;;
61;1573;18-5275-05-2;1573;185275052;CATEGORIA0;;1;1;0;1;;PASSAT 04/88-FAROLIM FR DIR BRANCO TYC;PASSAT 04/88-FAROLIM FR DIR BRANCO TYC;0;;
61;1573;18-5276-05-2;1573;185276052;CATEGORIA0;;1;1;0;1;;PASSAT 04/88-FAROLIM FR ESQ BRANCO TYC;PASSAT 04/88-FAROLIM FR ESQ BRANCO TYC;0;;
61;1573;18-5315-05-2;1573;185315052;CATEGORIA0;;1;1;0;1;;A3 09/96-FAROLIM FR DIR BRANCO TYC;A3 09/96-FAROLIM FR DIR BRANCO TYC;0;;
61;1573;18-5316-05-2;1573;185316052;CATEGORIA0;;1;1;0;1;;PISCA ESQ. BR. AUDI A3 96-;PISCA ESQ. BR. AUDI A3 96-;0;;
61;1573;18-5322005;1573;185322005;CATEGORIA0;;1;1;0;1;;* S40/V40 07/98-FAROLIM FR ESQ BRANCO TYC;* S40/V40 07/98-FAROLIM FR ESQ BRANCO TYC;0;;
61;1573;18-5327-05-2;1573;185327052;CATEGORIA0;;1;1;0;1;;A3 09/96-/A4 94-FAROLIM LATERAL DIR/ESQ LARANJA TYC;A3 09/96-/A4 94-FAROLIM LATERAL DIR/ESQ LARANJA TYC;0;;
61;1573;18-5327-15-2;1573;185327152;CATEGORIA0;;1;1;0;1;;A3 09/96-/A4 94-FAROLIM LATERAL DIR/ESQ BRANCO TYC;A3 09/96-/A4 94-FAROLIM LATERAL DIR/ESQ BRANCO TYC;0;;
61;1540;18-5327-15-2;1540;02181331;CATEGORIA0;;1;1;0;1;;FAROLIM LAT. BR. A3/A4  94-;FAROLIM LAT. BR. A3/A4  94-;0;;
61;1573;18-5327-25-2;1573;185327252;CATEGORIA0;;1;1;0;1;;A3 09/96-/A4 94-FAROLIM LATERAL DIR/ESQ FUMADO TYC;A3 09/96-/A4 94-FAROLIM LATERAL DIR/ESQ FUMADO TYC;0;;
61;1573;18-5351-05-2;1573;185351052;CATEGORIA0;;1;1;0;1;;E36 12/90-FAROLIM FR DIR LARANJA 2P TYC;E36 12/90-FAROLIM FR DIR LARANJA 2P TYC;0;;
61;1573;18-5351-15-2;1573;185351152;CATEGORIA0;;1;1;0;1;;E36 12/90-FAROLIM FR DIR BRANCO 2P TYC;E36 12/90-FAROLIM FR DIR BRANCO 2P TYC;0;;
61;1573;18-5351-25-2;1573;185351252;CATEGORIA0;;1;1;0;1;;E36 12/90-FAROLIM FR DIR FUMADO 2P TYC;E36 12/90-FAROLIM FR DIR FUMADO 2P TYC;0;;
61;1573;18-5352-05-2;1573;185352052;CATEGORIA0;;1;1;0;1;;E36 12/90-FAROLIM FR ESQ LARANJA 2P TYC;E36 12/90-FAROLIM FR ESQ LARANJA 2P TYC;0;;
61;1573;18-5352-15-2;1573;185352152;CATEGORIA0;;1;1;0;1;;E36 12/90-FAROLIM FR ESQ BRANCO 2P TYC;E36 12/90-FAROLIM FR ESQ BRANCO 2P TYC;0;;
61;1573;18-5352-25-2;1573;185352252;CATEGORIA0;;1;1;0;1;;E36 12/90-FAROLIM FR ESQ FUMADO 2P TYC;E36 12/90-FAROLIM FR ESQ FUMADO 2P TYC;0;;
61;1573;18-5353-05-2;1573;185353052;CATEGORIA0;;1;1;0;1;;E46 02/98-FAROLIM LATERAL DIR LARANJA TYC;E46 02/98-FAROLIM LATERAL DIR LARANJA TYC;0;;
61;1573;18-5353-15-2;1573;185353152;CATEGORIA0;;1;1;0;1;;E46 02/98-FAROLIM LATERAL DIR BRANCO TYC;E46 02/98-FAROLIM LATERAL DIR BRANCO TYC;0;;
61;1573;18-5354-05-2;1573;185354052;CATEGORIA0;;1;1;0;1;;E46 02/98-FAROLIM LATERAL ESQ LARANJA TYC;E46 02/98-FAROLIM LATERAL ESQ LARANJA TYC;0;;
61;1573;18-5354-15-2;1573;185354152;CATEGORIA0;;1;1;0;1;;E46 02/98-FAROLIM LATERAL ESQ BRANCO TYC;E46 02/98-FAROLIM LATERAL ESQ BRANCO TYC;0;;
61;1573;18-5355-05-9;1573;185355059;CATEGORIA0;;1;1;0;1;;E46 02/98-FAROLIM FR DIR LARANJA 4P TYC;E46 02/98-FAROLIM FR DIR LARANJA 4P TYC;0;;
61;1573;18-5356-05-9;1573;185356059;CATEGORIA0;;1;1;0;1;;E46 02/98-FAROLIM FR ESQ LARANJA 4P TYC;E46 02/98-FAROLIM FR ESQ LARANJA 4P TYC;0;;
61;1573;18-5387-01-2;1573;185387012;CATEGORIA0;;1;1;0;1;;* LANCER 12/97-FAROLIM FR DIR BRANCO TYC;* LANCER 12/97-FAROLIM FR DIR BRANCO TYC;0;;
61;1573;18-5401-05-2;1573;185401052;CATEGORIA0;;1;1;0;1;;TRANSIT 08/91-FAROLIM FR DIR LARANJA TYC;TRANSIT 08/91-FAROLIM FR DIR LARANJA TYC;0;;
61;1573;18-5407-05-2;1573;185407052;CATEGORIA0;;1;1;0;1;;* LUPO 04/98-FAROLIM FR DIR BRANCO TYC;* LUPO 04/98-FAROLIM FR DIR BRANCO TYC;0;;
61;1573;18-5419-05-2;1573;185419052;CATEGORIA0;;1;1;0;1;;E46 02/98-FAROLIM FR DIR BRANCO 4P TYC;E46 02/98-FAROLIM FR DIR BRANCO 4P TYC;0;;
61;1573;18-5420-05-2;1573;185420052;CATEGORIA0;;1;1;0;1;;FAROLIM FRT ESQ;FAROLIM FRT ESQ;0;;
61;1573;18-5441001;1573;185441001;CATEGORIA0;;1;1;0;1;;VECTRA 10/95-FAROLIM LATERAL DIR/ESQ LARANJA TYC;VECTRA 10/95-FAROLIM LATERAL DIR/ESQ LARANJA TYC;0;;
61;1573;18-5441211;1573;185441211;CATEGORIA0;;1;1;0;1;;VECTRA 10/95-FAROLIM LATERAL DIR/ESQ BRANCO TYC;VECTRA 10/95-FAROLIM LATERAL DIR/ESQ BRANCO TYC;0;;
61;1573;18-5447001;1573;185447001;CATEGORIA0;;1;1;0;1;;ASTRA 04/98-/ZAFIRA 99-FAROLIM LATERAL D/E LARANJA TYC;ASTRA 04/98-/ZAFIRA 99-FAROLIM LATERAL D/E LARANJA TYC;0;;
61;1573;18-5447211;1573;185447211;CATEGORIA0;;1;1;0;1;;ASTRA 04/98-/ZAFIRA 99-FAROLIM LATERAL D/E BRANCO TYC;ASTRA 04/98-/ZAFIRA 99-FAROLIM LATERAL D/E BRANCO TYC;0;;
61;1573;18-5459-05-2;1573;185459052;CATEGORIA0;;1;1;0;1;;* ACCORD 04/93-FAROLIM FR DIR BRANCO TYC;* ACCORD 04/93-FAROLIM FR DIR BRANCO TYC;0;;
61;1573;18-5509-05-2;1573;185509052;CATEGORIA0;;1;1;0;1;;VITO 02/96-FAROLIM FR DIR LARANJA TYC;VITO 02/96-FAROLIM FR DIR LARANJA TYC;0;;
61;1573;18-5509-15-2;1573;185509152;CATEGORIA0;;1;1;0;1;;VITO 02/96-FAROLIM FR DIR BRANCO TYC;VITO 02/96-FAROLIM FR DIR BRANCO TYC;0;;
61;1573;18-5510-05-2;1573;185510052;CATEGORIA0;;1;1;0;1;;VITO 02/96-FAROLIM FR ESQ LARANJA TYC;VITO 02/96-FAROLIM FR ESQ LARANJA TYC;0;;
61;1573;18-5510-15-2;1573;185510152;CATEGORIA0;;1;1;0;1;;VITO 02/96-FAROLIM FR ESQ BRANCO TYC;VITO 02/96-FAROLIM FR ESQ BRANCO TYC;0;;
61;1573;18-5511-05-2;1573;185511052;CATEGORIA0;;1;1;0;1;;CLASSE A 07/97-/VITO 03-FAROLIM LATERAL D/E BRANCO TYC;CLASSE A 07/97-/VITO 03-FAROLIM LATERAL D/E BRANCO TYC;0;;
61;1573;18-5513-05-2;1573;185513052;CATEGORIA0;;1;1;0;1;;FAROLIM PISCA DRT;FAROLIM PISCA DRT;0;;
61;1573;18-5514-05-2;1573;185514052;CATEGORIA0;;1;1;0;1;;BERLINGO/PARTNER 07/96-FAROLIM FR ESQ BRANCO TYC;BERLINGO/PARTNER 07/96-FAROLIM FR ESQ BRANCO TYC;0;;
61;1573;18-5527-05-2;1573;185527052;CATEGORIA0;;1;1;0;1;;JUMPY/SCUDO/EXP 10/95-FAROLIM FR DIR BRANCO TYC;JUMPY/SCUDO/EXP 10/95-FAROLIM FR DIR BRANCO TYC;0;;
61;1573;18-5528-05-2;1573;185528052;CATEGORIA0;;1;1;0;1;;JUMPY/SCUDO/EXP 10/95-FAROLIM FR ESQ BRANCO TYC;JUMPY/SCUDO/EXP 10/95-FAROLIM FR ESQ BRANCO TYC;0;;
61;1573;18-5541-05-2;1573;185541052;CATEGORIA0;;1;1;0;1;;* TRANSPORTER 08/96-FAROLIM FR DIR BRANCO TYC;* TRANSPORTER 08/96-FAROLIM FR DIR BRANCO TYC;0;;
61;1540;18-5541-05-2;1540;23221100;CATEGORIA0;;1;1;0;1;;FAROLIM DTO;FAROLIM DTO;0;;
61;1540;18-5542-05-2;1540;23221101;CATEGORIA0;;1;1;0;1;;FAROLIM ESQ;FAROLIM ESQ;0;;
61;1573;18-5615-05-2;1573;185615052;CATEGORIA0;;1;1;0;1;;HIACE 09/95-FAROLIM FR DIR LARANJA+BRANCO TYC;HIACE 09/95-FAROLIM FR DIR LARANJA+BRANCO TYC;0;;
61;1573;18-5616-05-2;1573;185616052;CATEGORIA0;;1;1;0;1;;HIACE 09/95-FAROLIM FR ESQ LARANJA+BRANCO TYC;HIACE 09/95-FAROLIM FR ESQ LARANJA+BRANCO TYC;0;;
61;1573;18-5617-05-2;1573;185617052;CATEGORIA0;;1;1;0;1;;JUMP/DUC/BOX 04/94-FAROLIM FR DIR BRANCO TYC;JUMP/DUC/BOX 04/94-FAROLIM FR DIR BRANCO TYC;0;;
61;1573;18-5618-05-2;1573;185618052;CATEGORIA0;;1;1;0;1;;JUMP/DUC/BOX 04/94-FAROLIM FR ESQ BRANCO TYC;JUMP/DUC/BOX 04/94-FAROLIM FR ESQ BRANCO TYC;0;;
61;1540;18-5618-05-2;1540;70064111;CATEGORIA0;;1;1;0;1;;PISCA ESQ. DUCATO/BOX/JUMPER 94-;PISCA ESQ. DUCATO/BOX/JUMPER 94-;0;;
61;1573;18-5631-05-2;1573;185631052;CATEGORIA0;;1;1;0;1;;COROLLA 10/99-FAROLIM FR DIR BRANCO TYC;COROLLA 10/99-FAROLIM FR DIR BRANCO TYC;0;;
61;1573;18-5632-05-2;1573;185632052;CATEGORIA0;;1;1;0;1;;COROLLA 10/99-FAROLIM FR ESQ BRANCO TYC;COROLLA 10/99-FAROLIM FR ESQ BRANCO TYC;0;;
61;1573;18-5638-05-2;1573;185638052;CATEGORIA0;;1;1;0;1;;* XANTIA 02/98-FAROLIM FR ESQ BRANCO TYC;* XANTIA 02/98-FAROLIM FR ESQ BRANCO TYC;0;;
61;1573;18-5669-05-2;1573;185669052;CATEGORIA0;;1;1;0;1;;* SWIFT 07/95-FAROLIM FR DIR LARANJA TYC;* SWIFT 07/95-FAROLIM FR DIR LARANJA TYC;0;;
61;1573;18-5759001;1573;185759001;CATEGORIA0;;1;1;0;1;;FOCUS 10/98-/MONDEO 00-FAROLIM LATERAL D/E LARANJA TYC;FOCUS 10/98-/MONDEO 00-FAROLIM LATERAL D/E LARANJA TYC;0;;
61;1573;18-5759002;1573;185759002;CATEGORIA0;;1;1;0;1;;FOCUS 10/98-/MONDEO 00-FAROLIM LATERAL D/E BRANCO TYC;FOCUS 10/98-/MONDEO 00-FAROLIM LATERAL D/E BRANCO TYC;0;;
61;1540;18-5819-05-2;1540;904620;CATEGORIA0;;1;1;0;1;;PISCA DRT. TOYOTA AVENSIS 01-;PISCA DRT. TOYOTA AVENSIS 01-;0;;
61;1573;18-5819-05-2;1573;185819052;CATEGORIA0;;1;1;0;1;;PISCA DRT. (TYC) TOYOTA;PISCA DRT. (TYC) TOYOTA;0;;
61;1573;18-5822-05-2;1573;185822052;CATEGORIA0;;1;1;0;1;;* ALMERA 03/00-FAROLIM FR ESQ BRANCO TYC;* ALMERA 03/00-FAROLIM FR ESQ BRANCO TYC;0;;
61;1573;18-5833-01-2;1573;185833012;CATEGORIA0;;1;1;0;1;;COROLLA 04/97-FAROLIM LATERAL DIR/ESQ TRANSPARENTE TYC;COROLLA 04/97-FAROLIM LATERAL DIR/ESQ TRANSPARENTE TYC;0;;
61;1573;18-5913-05-2;1573;185913052;CATEGORIA0;;1;1;0;1;;E46 02/98-FAROLIM FR DIR LARANJA 2P TYC;E46 02/98-FAROLIM FR DIR LARANJA 2P TYC;0;;
61;1573;18-5913-15-2;1573;185913152;CATEGORIA0;;1;1;0;1;;PISCA DRT.BR.(TYC) BMW E46;PISCA DRT.BR.(TYC) BMW E46;0;;
61;1573;18-5914-05-2;1573;185914052;CATEGORIA0;;1;1;0;1;;E46 02/98-FAROLIM FR ESQ LARANJA 2P TYC;E46 02/98-FAROLIM FR ESQ LARANJA 2P TYC;0;;
61;1573;18-5914-15-2;1573;185914152;CATEGORIA0;;1;1;0;1;;E46 02/98-FAROLIM FR ESQ BRANCO 2P TYC;E46 02/98-FAROLIM FR ESQ BRANCO 2P TYC;0;;
61;1573;18-5915-05-2;1573;185915052;CATEGORIA0;;1;1;0;1;;E46 10/01-FAROLIM FR DIR LARANJA 2P TYC;E46 10/01-FAROLIM FR DIR LARANJA 2P TYC;0;;
61;1540;18-5915-15-2;1540;06110130;CATEGORIA0;;1;1;0;1;;PISCA DRT. BRANCO BMW E46 2P 01-;PISCA DRT. BRANCO BMW E46 2P 01-;0;;
61;1573;18-5915-15-2;1573;185915152;CATEGORIA0;;1;1;0;1;;E46 10/01-FAROLIM FR DIR BRANCO 2P TYC;E46 10/01-FAROLIM FR DIR BRANCO 2P TYC;0;;
61;1573;18-5916-05-2;1573;185916052;CATEGORIA0;;1;1;0;1;;E46 10/01-FAROLIM FR ESQ LARANJA 2P TYC;E46 10/01-FAROLIM FR ESQ LARANJA 2P TYC;0;;
61;1540;18-5916-15-2;1540;06110131;CATEGORIA0;;1;1;0;1;;PISCA ESQ. BRANCO BMW E46 2P 01-;PISCA ESQ. BRANCO BMW E46 2P 01-;0;;
61;1573;18-5916-15-2;1573;185916152;CATEGORIA0;;1;1;0;1;;E46 10/01-FAROLIM FR ESQ BRANCO 2P TYC;E46 10/01-FAROLIM FR ESQ BRANCO 2P TYC;0;;
61;1573;18-5939-05-9;1573;185939059;CATEGORIA0;;1;1;0;1;;COOPER 06/01-FAROLIM FR DIR BRANCO TYC;COOPER 06/01-FAROLIM FR DIR BRANCO TYC;0;;
61;1573;18-5940-05-9;1573;185940059;CATEGORIA0;;1;1;0;1;;COOPER 06/01-FAROLIM FR ESQ BRANCO TYC;COOPER 06/01-FAROLIM FR ESQ BRANCO TYC;0;;
61;1573;18-5971-01-2;1573;185971012;CATEGORIA0;;1;1;0;1;;* S40/V40 07/95-/S70/V70 97-FAROLIM LATERAL D/E LAR TYC;* S40/V40 07/95-/S70/V70 97-FAROLIM LATERAL D/E LAR TYC;0;;
61;1540;18006316;1540;18006316;CATEGORIA0;;1;1;0;1;;RADIADOR ÁGUA;RADIADOR ÁGUA;0;;
61;1540;1805291;1540;16210711;CATEGORIA0;;1;1;0;1;;STOP ESQ. 2 VOL. ASTRA 98-;STOP ESQ. 2 VOL. ASTRA 98-;0;;
61;1540;1806009;1540;OP834;CATEGORIA0;;1;1;0;1;;ASTRA 03/04-RESGUARDO CAVE-RODA FR DIR (FRENTE);ASTRA 03/04-RESGUARDO CAVE-RODA FR DIR (FRENTE);0;;
61;1540;1806018;1540;1806018;CATEGORIA0;;1;1;0;1;;DOBRADIÇA CAPOT DRT;DOBRADIÇA CAPOT DRT;0;;
61;1540;1806019;1540;1806019;CATEGORIA0;;1;1;0;1;;DOBRADIÇA CAPOT ESQ;DOBRADIÇA CAPOT ESQ;0;;
61;1540;1806045;1540;163004;CATEGORIA0;;1;1;0;1;;GRELHA CROMADA;GRELHA CROMADA;0;;
61;1540;1806064;1540;163017;CATEGORIA0;;1;1;0;1;;SPOILER P/CH. F. DRT. ASTRA 04-;SPOILER P/CH. F. DRT. ASTRA 04-;0;;
61;1540;1806065;1540;163018;CATEGORIA0;;1;1;0;1;;SPOILER P. CHOQ. F. ESQ. ASTRA 04-;SPOILER P. CHOQ. F. ESQ. ASTRA 04-;0;;
61;1540;1806166;1540;163013;CATEGORIA0;;1;1;0;1;;FRISO P/CH F. DRT. ASTRA 04-;FRISO P/CH F. DRT. ASTRA 04-;0;;
61;1540;1806167;1540;163014;CATEGORIA0;;1;1;0;1;;FRISO P/CH F. ESQ. ASTRA 04-;FRISO P/CH F. ESQ. ASTRA 04-;0;;
61;1540;1812028;1540;109.160391;CATEGORIA0;;1;1;0;1;;OPEL CORSA 93-*TAMPA MALA 3P;OPEL CORSA 93-*TAMPA MALA 3P;0;;
61;1540;1812323;1540;1812323;CATEGORIA0;;1;1;0;1;;FRISO LATERAL ESQ;FRISO LATERAL ESQ;0;;
61;1540;1814000;1540;OP106;CATEGORIA0;;1;1;0;1;;CORSA D 07/06-CAPOT;CORSA D 07/06-CAPOT;0;;
61;1540;1814002;1540;31000169;CATEGORIA0;;1;1;0;1;;CORSA D 07/06-FRENTE SUPERIOR ITSA;CORSA D 07/06-FRENTE SUPERIOR ITSA;0;;
61;1540;1814006;1540;OP222;CATEGORIA0;;1;1;0;1;;CORSA D 07/06-G/LAMAS FR DIR;CORSA D 07/06-G/LAMAS FR DIR;0;;
61;1540;1814007;1540;OP223GL;CATEGORIA0;;1;1;0;1;;CORSA D 07/06-G/LAMAS FR ESQ;CORSA D 07/06-G/LAMAS FR ESQ;0;;
61;1540;1814050;1540;101139120;CATEGORIA0;;1;1;0;1;;CORSA D 07/06-P/CHOQUES FR P/P;CORSA D 07/06-P/CHOQUES FR P/P;0;;
61;1540;1825061;1540;OP817;CATEGORIA0;;1;1;0;1;;VECTRA 04/02-SPOILER P/CHOQUES FR;VECTRA 04/02-SPOILER P/CHOQUES FR;0;;
61;1100;18264;1100;18264;CATEGORIA0;;1;1;0;1;;ESPELHO RETROV. UNIVERSAL;ESPELHO RETROV. UNIVERSAL;0;;
61;1573;183271932;1573;183271932;CATEGORIA0;;1;1;0;1;;FAROLIM FR.DIR.BR.4P.E36;FAROLIM FR.DIR.BR.4P.E36;0;;
61;1540;1885081;1540;104.LPD662;CATEGORIA0;;1;1;0;1;;MASTER/MOVANO 98-*FAROL H4 PRE/REG ESQ(M/MARELLI);MASTER/MOVANO 98-*FAROL H4 PRE/REG ESQ(M/MARELLI);0;;
61;1540;18942;1540;18942;CATEGORIA0;;1;1;0;1;;SENSOR DECAMBOTA;SENSOR DECAMBOTA;0;;
61;1540;1895055;1540;163710;CATEGORIA0;;1;1;0;1;;P/CHOQUES TRASEIRO OPEL VIVARO;P/CHOQUES TRASEIRO OPEL VIVARO;0;;
61;1573;19-0001-05-2;1573;190001052;CATEGORIA0;;1;1;0;1;;A4 02/99-/A8 00-FAROL NEVOEIRO DIR TYC;A4 02/99-/A8 00-FAROL NEVOEIRO DIR TYC;0;;
61;1540;19-0002-05-2;1540;02071006;CATEGORIA0;;1;1;0;1;;FAROL NEV. ESQ. AUDI A4 99-00;FAROL NEV. ESQ. AUDI A4 99-00;0;;
61;1573;19-0002-05-2;1573;190002052;CATEGORIA0;;1;1;0;1;;A4 02/99-/A8 00-FAROL NEVOEIRO ESQ TYC;A4 02/99-/A8 00-FAROL NEVOEIRO ESQ TYC;0;;
61;1573;19-0016-05-2;1573;190016052;CATEGORIA0;;1;1;0;1;;FAROL NEVOEIRO ESQ TYC;FAROL NEVOEIRO ESQ TYC;0;;
61;1573;19-0069-05-2;1573;190069052;CATEGORIA0;;1;1;0;1;;SAXO 06/96-FAROL NEVOEIRO DIR TYC;SAXO 06/96-FAROL NEVOEIRO DIR TYC;0;;
61;1573;19-0070-05-2;1573;190070052;CATEGORIA0;;1;1;0;1;;SAXO 06/96-FAROL NEVOEIRO ESQ TYC;SAXO 06/96-FAROL NEVOEIRO ESQ TYC;0;;
61;1573;19-0087-05-2;1573;190087052;CATEGORIA0;;1;1;0;1;;CORSA C 10/00-FAROL NEVOEIRO DIR TYC;CORSA C 10/00-FAROL NEVOEIRO DIR TYC;0;;
61;1573;19-0088-05-2;1573;190088052;CATEGORIA0;;1;1;0;1;;CORSA C 10/00-FAROL NEVOEIRO ESQ TYC;CORSA C 10/00-FAROL NEVOEIRO ESQ TYC;0;;
61;1573;19-0091-05-2;1573;190091052;CATEGORIA0;;1;1;0;1;;BERLINGO/PARTNER 12/02-FAROL NEVOEIRO DIR/ESQ TYC;BERLINGO/PARTNER 12/02-FAROL NEVOEIRO DIR/ESQ TYC;0;;
61;1573;19-0095-05-2;1573;190095052;CATEGORIA0;;1;1;0;1;;LAGUNA 05/98-/MEG 99-/TWIN 00-FAROL NEVOEIRO DIR TYC;LAGUNA 05/98-/MEG 99-/TWIN 00-FAROL NEVOEIRO DIR TYC;0;;
61;1573;19-0096-05-2;1573;190096052;CATEGORIA0;;1;1;0;1;;LAGUNA 98-/MEG 99-/TWIN 00-FAROL NEV. ESQ TYC;LAGUNA 98-/MEG 99-/TWIN 00-FAROL NEV. ESQ TYC;0;;
61;1573;19-0099-05-2;1573;190099052;CATEGORIA0;;1;1;0;1;;VECTRA 02/99-FAROL NEVOEIRO DIR TYC;VECTRA 02/99-FAROL NEVOEIRO DIR TYC;0;;
61;1573;19-0100-05-2;1573;190100052;CATEGORIA0;;1;1;0;1;;VECTRA 02/99-FAROL NEVOEIRO ESQ TYC;VECTRA 02/99-FAROL NEVOEIRO ESQ TYC;0;;
61;1573;19-0101-05-2;1573;190101052;CATEGORIA0;;1;1;0;1;;IBIZA/CORD 08/99-FAROL NEVOEIRO DIR TYC;IBIZA/CORD 08/99-FAROL NEVOEIRO DIR TYC;0;;
61;1573;19-0102-05-2;1573;190102052;CATEGORIA0;;1;1;0;1;;IBIZA/CORD 08/99-FAROL NEVOEIRO ESQ TYC;IBIZA/CORD 08/99-FAROL NEVOEIRO ESQ TYC;0;;
61;1573;19-0109-05-2;1573;190109052;CATEGORIA0;;1;1;0;1;;VECTRA 04/02-FAROL NEVOEIRO DIR TYC;VECTRA 04/02-FAROL NEVOEIRO DIR TYC;0;;
61;1573;19-0110-05-2;1573;190110052;CATEGORIA0;;1;1;0;1;;VECTRA 04/02-FAROL NEVOEIRO ESQ TYC;VECTRA 04/02-FAROL NEVOEIRO ESQ TYC;0;;
61;1573;19-0123-05-9;1573;190123059;CATEGORIA0;;1;1;0;1;;PASSAT 11/00-FAROL NEVOEIRO DIR TYC;PASSAT 11/00-FAROL NEVOEIRO DIR TYC;0;;
61;1573;19-0124-05-9;1573;190124059;CATEGORIA0;;1;1;0;1;;PASSAT 11/00-FAROL NEVOEIRO ESQ TYC;PASSAT 11/00-FAROL NEVOEIRO ESQ TYC;0;;
61;1573;19-0139-01-2;1573;190139012;CATEGORIA0;;1;1;0;1;;FIESTA 11/01-FAROL NEVOEIRO DIR TYC;FIESTA 11/01-FAROL NEVOEIRO DIR TYC;0;;
61;1573;19-0140-01-2;1573;190140012;CATEGORIA0;;1;1;0;1;;FIESTA 11/01-FAROL NEVOEIRO ESQ TYC;FIESTA 11/01-FAROL NEVOEIRO ESQ TYC;0;;
61;1573;19-0141-05-2;1573;190141052;CATEGORIA0;;1;1;0;1;;MONDEO 11/96-FAROL NEVOEIRO DIR TYC;MONDEO 11/96-FAROL NEVOEIRO DIR TYC;0;;
61;1573;19-0142-05-2;1573;190142052;CATEGORIA0;;1;1;0;1;;MONDEO 11/96-FAROL NEVOEIRO ESQ TYC;MONDEO 11/96-FAROL NEVOEIRO ESQ TYC;0;;
61;1573;19-0145-05-2;1573;190145052;CATEGORIA0;;1;1;0;1;;ZAFIRA 03/99-FAROL NEVOEIRO DIR TYC;ZAFIRA 03/99-FAROL NEVOEIRO DIR TYC;0;;
61;1573;19-0146-05-2;1573;190146052;CATEGORIA0;;1;1;0;1;;ZAFIRA 03/99-FAROL NEVOEIRO ESQ TYC;ZAFIRA 03/99-FAROL NEVOEIRO ESQ TYC;0;;
61;1573;19-0147-05-2;1573;190147052;CATEGORIA0;;1;1;0;1;;CORSA C 10/00-FAROLIM NEVOEIRO DIR P/CHOQUES TR TYC;CORSA C 10/00-FAROLIM NEVOEIRO DIR P/CHOQUES TR TYC;0;;
61;1573;19-0148-05-2;1573;190148052;CATEGORIA0;;1;1;0;1;;CORSA C 10/00-FAROLIM NEVOEIRO ESQ P/CHOQUES TR TYC;CORSA C 10/00-FAROLIM NEVOEIRO ESQ P/CHOQUES TR TYC;0;;
61;1573;19-0149-01-2;1573;190149012;CATEGORIA0;;1;1;0;1;;CORSA C 08/03-FAROLIM NEVOEIRO DIR P/CHOQUES TR TYC;CORSA C 08/03-FAROLIM NEVOEIRO DIR P/CHOQUES TR TYC;0;;
61;1573;19-0150-01-2;1573;190150012;CATEGORIA0;;1;1;0;1;;CORSA C 08/03-FAROLIM NEVOEIRO ESQ P/CHOQUES TR TYC;CORSA C 08/03-FAROLIM NEVOEIRO ESQ P/CHOQUES TR TYC;0;;
61;1573;19-0154-01-2;1573;190154012;CATEGORIA0;;1;1;0;1;;* XANTIA 02/98-FAROL NEVOEIRO ESQ TYC;* XANTIA 02/98-FAROL NEVOEIRO ESQ TYC;0;;
61;1573;19-0155-08-2;1573;190155082;CATEGORIA0;;1;1;0;1;;206 09/98-FAROLIM NEVOEIRO P/CHOQUES TR TYC;206 09/98-FAROLIM NEVOEIRO P/CHOQUES TR TYC;0;;
61;1573;19-0157-05-2;1573;190157052;CATEGORIA0;;1;1;0;1;;MONDEO 11/03-FAROL NEVOEIRO DIR TYC;MONDEO 11/03-FAROL NEVOEIRO DIR TYC;0;;
61;1573;19-0158-05-2;1573;190158052;CATEGORIA0;;1;1;0;1;;MONDEO 11/03-FAROL NEVOEIRO ESQ TYC;MONDEO 11/03-FAROL NEVOEIRO ESQ TYC;0;;
61;1573;19-0175-05-2;1573;190175052;CATEGORIA0;;1;1;0;1;;306 08/97-FAROL NEVOEIRO DIR TYC;306 08/97-FAROL NEVOEIRO DIR TYC;0;;
61;1540;19-0175-05-2;1540;17171011;CATEGORIA0;;1;1;0;1;;FAROL NEV. DRT. PEUGEOT 306 97-;FAROL NEV. DRT. PEUGEOT 306 97-;0;;
61;1573;19-0176-05-2;1573;190176052;CATEGORIA0;;1;1;0;1;;306 08/97-FAROL NEVOEIRO ESQ TYC;306 08/97-FAROL NEVOEIRO ESQ TYC;0;;
61;1540;19-0176-05-2;1540;17171012;CATEGORIA0;;1;1;0;1;;FAROL NEV. ESQ. PEUGEOT 306 97-;FAROL NEV. ESQ. PEUGEOT 306 97-;0;;
61;1540;19-0177-05-2;1540;190177052;CATEGORIA0;;1;1;0;1;;FAROL NEVOEIRO DTO TYC TRANSIT 00-;FAROL NEVOEIRO DTO TYC TRANSIT 00-;0;;
61;1573;19-0178-05-2;1573;190178052;CATEGORIA0;;1;1;0;1;;FAROL NEVOEIRO;FAROL NEVOEIRO;0;;
61;1573;19-0179-01-9;1573;190179019;CATEGORIA0;;1;1;0;1;;E39 10/00-FAROL NEVOEIRO DIR TYC;E39 10/00-FAROL NEVOEIRO DIR TYC;0;;
61;1573;19-0180-01-9;1573;190180019;CATEGORIA0;;1;1;0;1;;E39 10/00-FAROL NEVOEIRO ESQ TYC;E39 10/00-FAROL NEVOEIRO ESQ TYC;0;;
61;1573;19-0181-05-9;1573;190181059;CATEGORIA0;;1;1;0;1;;W210 08/95-FAROL NEVOEIRO DIR TYC;W210 08/95-FAROL NEVOEIRO DIR TYC;0;;
61;1573;19-0182-05-9;1573;190182059;CATEGORIA0;;1;1;0;1;;W210 08/95-FAROL NEVOEIRO ESQ TYC;W210 08/95-FAROL NEVOEIRO ESQ TYC;0;;
61;1573;19-0183-05-2;1573;190183052;CATEGORIA0;;1;1;0;1;;W210 07/99-FAROL NEVOEIRO DIR TYC;W210 07/99-FAROL NEVOEIRO DIR TYC;0;;
61;1573;19-0184-05-2;1573;190184052;CATEGORIA0;;1;1;0;1;;W210 07/99-FAROL NEVOEIRO ESQ TYC;W210 07/99-FAROL NEVOEIRO ESQ TYC;0;;
61;1573;19-0185-01-9;1573;190185019;CATEGORIA0;;1;1;0;1;;FAROL NEV. DRT. MERCEDES;FAROL NEV. DRT. MERCEDES;0;;
61;1573;19-0186-01-9;1573;190186019;CATEGORIA0;;1;1;0;1;;FAROL NEV. ESQ. MERCEDES W203 00-;FAROL NEV. ESQ. MERCEDES W203 00-;0;;
61;1573;19-0187-05-2;1573;190187052;CATEGORIA0;;1;1;0;1;;MERIVA 05/03-FAROL NEVOEIRO DIR TYC;MERIVA 05/03-FAROL NEVOEIRO DIR TYC;0;;
61;1573;19-0188-05-2;1573;190188052;CATEGORIA0;;1;1;0;1;;MERIVA 05/03-FAROL NEVOEIRO ESQ TYC;MERIVA 05/03-FAROL NEVOEIRO ESQ TYC;0;;
61;1573;19-0195000;1573;190195000;CATEGORIA0;;1;1;0;1;;* JAZZ 04/02-JG FAROIS NEVOEIRO DIR+ESQ TYC;* JAZZ 04/02-JG FAROIS NEVOEIRO DIR+ESQ TYC;0;;
61;1573;19-0209-05-2;1573;190209052;CATEGORIA0;;1;1;0;1;;GOLF V 10/03-FAROL NEVOEIRO DIR TYC;GOLF V 10/03-FAROL NEVOEIRO DIR TYC;0;;
61;1573;19-0210-05-2;1573;190210052;CATEGORIA0;;1;1;0;1;;GOLF V 10/03-FAROL NEVOEIRO ESQ TYC;GOLF V 10/03-FAROL NEVOEIRO ESQ TYC;0;;
61;1573;19-0211001;1573;190211001;CATEGORIA0;;1;1;0;1;;* A6 08/01-FAROL NEVOEIRO DIR TYC;* A6 08/01-FAROL NEVOEIRO DIR TYC;0;;
61;1573;19-0227-01-2;1573;190227012;CATEGORIA0;;1;1;0;1;;A4 01/01-/C30 06-/S40 04-FAROL NEVOEIRO DIR TYC;A4 01/01-/C30 06-/S40 04-FAROL NEVOEIRO DIR TYC;0;;
61;1540;19-0228-01-2;1540;190228012;CATEGORIA0;;1;1;0;1;;A4 01/01-/C30 06-/S40 04-FAROL NEVOEIRO ESQ TYC;A4 01/01-/C30 06-/S40 04-FAROL NEVOEIRO ESQ TYC;0;;
61;1573;19-0229-05-2;1573;190229052;CATEGORIA0;;1;1;0;1;;CLASSE A 03/01-FAROL NEVOEIRO DIR TYC;CLASSE A 03/01-FAROL NEVOEIRO DIR TYC;0;;
61;1573;19-0230-05-2;1573;190230052;CATEGORIA0;;1;1;0;1;;CLASSE A 03/01-FAROL NEVOEIRO ESQ TYC;CLASSE A 03/01-FAROL NEVOEIRO ESQ TYC;0;;
61;1573;19-0231001;1573;190231001;CATEGORIA0;;1;1;0;1;;306 05/99-FAROL NEVOEIRO DIR (VIDRO LISO) TYC;306 05/99-FAROL NEVOEIRO DIR (VIDRO LISO) TYC;0;;
61;1573;19-0232001;1573;190232001;CATEGORIA0;;1;1;0;1;;306 05/99-FAROL NEVOEIRO ESQ (VIDRO LISO) TYC;306 05/99-FAROL NEVOEIRO ESQ (VIDRO LISO) TYC;0;;
61;1573;19-0235-05-2;1573;190235052;CATEGORIA0;;1;1;0;1;;407 05/04-FAROL NEVOEIO DIR TYC;407 05/04-FAROL NEVOEIO DIR TYC;0;;
61;1573;19-0236-05-2;1573;190236052;CATEGORIA0;;1;1;0;1;;407 05/04-FAROL NEVOEIO ESQ TYC;407 05/04-FAROL NEVOEIO ESQ TYC;0;;
61;1573;19-0251-05-2;1573;190251052;CATEGORIA0;;1;1;0;1;;XSARA 09/00-/C2/C3 02-FAROL NEV. DIR/ESQ TYC;XSARA 09/00-/C2/C3 02-FAROL NEV. DIR/ESQ TYC;0;;
61;1573;19-0253001;1573;190253001;CATEGORIA0;;1;1;0;1;;A3 08/03-/Q7 06-FAROL NEVOEIRO DIR 3/5P TYC;A3 08/03-/Q7 06-FAROL NEVOEIRO DIR 3/5P TYC;0;;
61;1573;19-0254001;1573;190254001;CATEGORIA0;;1;1;0;1;;A3 08/03-/Q7 06-FAROL NEVOEIRO ESQ 3/5P TYC;A3 08/03-/Q7 06-FAROL NEVOEIRO ESQ 3/5P TYC;0;;
61;1573;19-0269-05-2;1573;190269052;CATEGORIA0;;1;1;0;1;;FAROL NEVOEIRO;FAROL NEVOEIRO;0;;
61;1573;19-0270-05-2;1573;190270052;CATEGORIA0;;1;1;0;1;;A3 09/00-FAROL NEVOEIRO ESQ TYC;A3 09/00-FAROL NEVOEIRO ESQ TYC;0;;
61;1573;19-0275-05-2;1573;190275052;CATEGORIA0;;1;1;0;1;;FAROL NEV. DRT. (TYC) FIESTA 95-;FAROL NEV. DRT. (TYC) FIESTA 95-;0;;
61;1540;19-0276-05-2;1540;10141004;CATEGORIA0;;1;1;0;1;;FAROL NEV. ESQ. FIESTA 96-;FAROL NEV. ESQ. FIESTA 96-;0;;
61;1573;19-0276-05-2;1573;190276052;CATEGORIA0;;1;1;0;1;;FAROL NEV. ESQ. (TYC) FIESTA 95-;FAROL NEV. ESQ. (TYC) FIESTA 95-;0;;
61;1573;19-0277-05-2;1573;190277052;CATEGORIA0;;1;1;0;1;;FIESTA 09/99-/121 99-FAROL NEVOEIRO DIR TYC;FIESTA 09/99-/121 99-FAROL NEVOEIRO DIR TYC;0;;
61;1573;19-0278-05-2;1573;190278052;CATEGORIA0;;1;1;0;1;;FIESTA 09/99-/121 99-FAROL NEVOEIRO ESQ TYC;FIESTA 09/99-/121 99-FAROL NEVOEIRO ESQ TYC;0;;
61;1573;19-0279-05-2;1573;190279052;CATEGORIA0;;1;1;0;1;;MONDEO 03/93-FAROL NEVOEIRO DIR TYC;MONDEO 03/93-FAROL NEVOEIRO DIR TYC;0;;
61;1573;19-0280-05-2;1573;190280052;CATEGORIA0;;1;1;0;1;;MONDEO 03/93-FAROL NEVOEIRO ESQ TYC;MONDEO 03/93-FAROL NEVOEIRO ESQ TYC;0;;
61;1573;19-0281-01-2;1573;190281012;CATEGORIA0;;1;1;0;1;;MONDEO 11/00-FAROL NEVOEIRO DIR TYC;MONDEO 11/00-FAROL NEVOEIRO DIR TYC;0;;
61;1573;19-0282-01-2;1573;190282012;CATEGORIA0;;1;1;0;1;;MONDEO 11/00-FAROL NEVOEIRO ESQ TYC;MONDEO 11/00-FAROL NEVOEIRO ESQ TYC;0;;
61;1573;19-0289-05-2;1573;190289052;CATEGORIA0;;1;1;0;1;;206 09/98-FAROL NEVOEIRO DIR (GTI) TYC;206 09/98-FAROL NEVOEIRO DIR (GTI) TYC;0;;
61;1573;19-0290-05-2;1573;190290052;CATEGORIA0;;1;1;0;1;;206 09/98-FAROL NEVOEIRO ESQ (GTI) TYC;206 09/98-FAROL NEVOEIRO ESQ (GTI) TYC;0;;
61;1573;19-0291-05-2;1573;190291052;CATEGORIA0;;1;1;0;1;;FAROL NEVOEIRO LAGUNA 93-;FAROL NEVOEIRO LAGUNA 93-;0;;
61;1573;19-0293-05-2;1573;190293052;CATEGORIA0;;1;1;0;1;;FABIA 12/99-FAROL NEVOEIRO DIR TYC;FABIA 12/99-FAROL NEVOEIRO DIR TYC;0;;
61;1573;19-0294-05-2;1573;190294052;CATEGORIA0;;1;1;0;1;;FAROL NEV. ESQ. (TYC) FABIA 99-;FAROL NEV. ESQ. (TYC) FABIA 99-;0;;
61;1573;19-0295-05-2;1573;190295052;CATEGORIA0;;1;1;0;1;;FAROL NEV. DRT. GALAXI/ALHAMB/SHARAN 00-;FAROL NEV. DRT. GALAXI/ALHAMB/SHARAN 00-;0;;
61;1573;19-0296-05-2;1573;190296052;CATEGORIA0;;1;1;0;1;;GALAXI/ALHAMB/SHAR 04/00-FAROL NEVOEIRO ESQ TYC;GALAXI/ALHAMB/SHAR 04/00-FAROL NEVOEIRO ESQ TYC;0;;
61;1573;19-0297-05-2;1573;190297052;CATEGORIA0;;1;1;0;1;;POLO 10/01-/ALTEA/TOLEDO 04-FAROL NEVOEIRO DIR TYC;POLO 10/01-/ALTEA/TOLEDO 04-FAROL NEVOEIRO DIR TYC;0;;
61;1573;19-0297-15-2;1573;190297152;CATEGORIA0;;1;1;0;1;;LEON 06/05-/ALT/TOL 04-FAROL NEVOEIRO DIR TYC;LEON 06/05-/ALT/TOL 04-FAROL NEVOEIRO DIR TYC;0;;
61;1573;19-0298-05-2;1573;190298052;CATEGORIA0;;1;1;0;1;;POLO 10/01-/ALTEA/TOLEDO 04-FAROL NEVOEIRO ESQ TYC;POLO 10/01-/ALTEA/TOLEDO 04-FAROL NEVOEIRO ESQ TYC;0;;
61;1573;19-0298-15-2;1573;190298152;CATEGORIA0;;1;1;0;1;;LEON 06/05-/ALT/TOL 04-FAROL NEVOEIRO ESQ TYC;LEON 06/05-/ALT/TOL 04-FAROL NEVOEIRO ESQ TYC;0;;
61;1573;19-0303-11-9;1573;190303119;CATEGORIA0;;1;1;0;1;;* X5 E53 10/02-FAROL NEVOEIRO DIR TYC;* X5 E53 10/02-FAROL NEVOEIRO DIR TYC;0;;
61;1573;19-0305-01-2;1573;190305012;CATEGORIA0;;1;1;0;1;;FOCUS 10/98-FAROLIM MARCHA-ATRÁS DIR 3/5P TYC;FOCUS 10/98-FAROLIM MARCHA-ATRÁS DIR 3/5P TYC;0;;
61;1573;19-0380001;1573;190380001;CATEGORIA0;;1;1;0;1;;* Y 09/03-FAROL NEVOEIRO ESQ TYC;* Y 09/03-FAROL NEVOEIRO ESQ TYC;0;;
61;1573;19-0397-15-2;1573;190397152;CATEGORIA0;;1;1;0;1;;PANDA 09/03-/MULTIPLA 98-FAROL NEVOEIRO DIR/ESQ TYC;PANDA 09/03-/MULTIPLA 98-FAROL NEVOEIRO DIR/ESQ TYC;0;;
61;1573;19-0401-05-2;1573;190401052;CATEGORIA0;;1;1;0;1;;JUMP/DUC/BOX 01/02-FAROL NEVOEIRO DIR/ESQ TYC;JUMP/DUC/BOX 01/02-FAROL NEVOEIRO DIR/ESQ TYC;0;;
61;1573;19-0407001;1573;190407001;CATEGORIA0;;1;1;0;1;;FOCUS 10/04-/CMAX 03/KUGA 08-FAROL NEV DIR TYC;FOCUS 10/04-/CMAX 03/KUGA 08-FAROL NEV DIR TYC;0;;
61;1573;19-0408001;1573;190408001;CATEGORIA0;;1;1;0;1;;FOCUS 10/04-/CMAX 03/KUGA 08-FAROL NEV ESQ TYC;FOCUS 10/04-/CMAX 03/KUGA 08-FAROL NEV ESQ TYC;0;;
61;1573;19-0419-01-9;1573;190419019;CATEGORIA0;;1;1;0;1;;W203 04/04-FAROL NEVOEIRO DIR TYC;W203 04/04-FAROL NEVOEIRO DIR TYC;0;;
61;1573;19-0420-01-9;1573;190420019;CATEGORIA0;;1;1;0;1;;W203 04/04-FAROL NEVOEIRO ESQ TYC;W203 04/04-FAROL NEVOEIRO ESQ TYC;0;;
61;1573;19-0421-01-9;1573;190421019;CATEGORIA0;;1;1;0;1;;CLASSE A 07/04-/CLAS B/W204 07-FAROL NEVOEIRO DIR TYC;CLASSE A 07/04-/CLAS B/W204 07-FAROL NEVOEIRO DIR TYC;0;;
61;1573;19-0422-01-9;1573;190422019;CATEGORIA0;;1;1;0;1;;CLASSE A 07/04-/CLAS B/W204 07-FAROL NEVOEIRO ESQ TYC;CLASSE A 07/04-/CLAS B/W204 07-FAROL NEVOEIRO ESQ TYC;0;;
61;1540;19-0422-01-9;1540;14220004;CATEGORIA0;;1;1;0;1;;FAROL NEV. MERCEDES;FAROL NEV. MERCEDES;0;;
61;1573;19-0433-01-9;1573;190433019;CATEGORIA0;;1;1;0;1;;A4 11/04-/A3 08-FAROL NEVOEIRO DIR TYC;A4 11/04-/A3 08-FAROL NEVOEIRO DIR TYC;0;;
61;1573;19-0434-01-9;1573;190434019;CATEGORIA0;;1;1;0;1;;A4 11/04-/A3 08-FAROL NEVOEIRO ESQ TYC;A4 11/04-/A3 08-FAROL NEVOEIRO ESQ TYC;0;;
61;1573;19-0436001;1573;190436001;CATEGORIA0;;1;1;0;1;;* A2 06/00-FAROL NEVOEIRO ESQ TYC;* A2 06/00-FAROL NEVOEIRO ESQ TYC;0;;
61;1573;19-0443-01-2;1573;190443012;CATEGORIA0;;1;1;0;1;;CADDY 07/03-/GOLF PLUS 05-FAROL NEVOEIRO DIR HB4 TYC;CADDY 07/03-/GOLF PLUS 05-FAROL NEVOEIRO DIR HB4 TYC;0;;
61;1573;19-0444-01-2;1573;190444012;CATEGORIA0;;1;1;0;1;;CADDY 07/03-/GOLF PLUS 05-FAROL NEVOEIRO ESQ HB4 TYC;CADDY 07/03-/GOLF PLUS 05-FAROL NEVOEIRO ESQ HB4 TYC;0;;
61;1573;19-0445-01-2;1573;190445012;CATEGORIA0;;1;1;0;1;;CADDY 07/03-/TOURAN 03-FAROL NEVOEIRO DIR H11 TYC;CADDY 07/03-/TOURAN 03-FAROL NEVOEIRO DIR H11 TYC;0;;
61;1573;19-0446-01-2;1573;190446012;CATEGORIA0;;1;1;0;1;;CADDY 07/03/TOURAN 03-FAROL NEVOEIRO ESQ H11 TYC;CADDY 07/03/TOURAN 03-FAROL NEVOEIRO ESQ H11 TYC;0;;
61;1573;19-0447-01-2;1573;190447012;CATEGORIA0;;1;1;0;1;;GOLF V 10/03-/JETTA 05-FAROL NEV DIR (GTI) TYC;GOLF V 10/03-/JETTA 05-FAROL NEV DIR (GTI) TYC;0;;
61;1573;19-0448-01-2;1573;190448012;CATEGORIA0;;1;1;0;1;;GOLF V 10/03-/JETTA 05-FAROL NEV ESQ (GTI) TYC;GOLF V 10/03-/JETTA 05-FAROL NEV ESQ (GTI) TYC;0;;
61;1573;19-0449-01-9;1573;190449019;CATEGORIA0;;1;1;0;1;;FAROLIM NEVOEIRO DRT;FAROLIM NEVOEIRO DRT;0;;
61;1573;19-0449-11-9;1573;190449119;CATEGORIA0;;1;1;0;1;;W211 03/02-/SPRINTER 06-FAROL NEVOEIRO DIR INT.NEGRO TYC;W211 03/02-/SPRINTER 06-FAROL NEVOEIRO DIR INT.NEGRO TYC;0;;
61;1573;19-0450-01-9;1573;190450019;CATEGORIA0;;1;1;0;1;;W211 03/02-/SPRINTER 06-FAROL NEVOEIRO ESQ INT.CROMADO TYC;W211 03/02-/SPRINTER 06-FAROL NEVOEIRO ESQ INT.CROMADO TYC;0;;
61;1573;19-0450-11-9;1573;190450119;CATEGORIA0;;1;1;0;1;;W211 03/02-/SPRINTER 06-FAROL NEVOEIRO ESQ INT.NEGRO TYC;W211 03/02-/SPRINTER 06-FAROL NEVOEIRO ESQ INT.NEGRO TYC;0;;
61;1573;19-0455001;1573;190455001;CATEGORIA0;;1;1;0;1;;* MICRA 08/00-FAROL NEVOEIRO DIR TYC;* MICRA 08/00-FAROL NEVOEIRO DIR TYC;0;;
61;1540;19-0456001;1540;19-0456001;CATEGORIA0;;1;1;0;1;;FAROL NEVOEIRO ESQ;FAROL NEVOEIRO ESQ;0;;
61;1573;19-0467-01-2;1573;190467012;CATEGORIA0;;1;1;0;1;;E87 09/04-/E70 07-/E83 06-FAROL NEVOEIRO DIR TYC;E87 09/04-/E70 07-/E83 06-FAROL NEVOEIRO DIR TYC;0;;
61;1573;19-0468-01-2;1573;190468012;CATEGORIA0;;1;1;0;1;;E87 09/04-/E70 07-/E83 06-FAROL NEVOEIRO ESQ TYC;E87 09/04-/E70 07-/E83 06-FAROL NEVOEIRO ESQ TYC;0;;
61;1573;19-0469001;1573;190469001;CATEGORIA0;;1;1;0;1;;E90 02/05-FAROL NEVOEIRO DIR TYC;E90 02/05-FAROL NEVOEIRO DIR TYC;0;;
61;1573;19-0470001;1573;190470001;CATEGORIA0;;1;1;0;1;;E90 02/05-FAROL NEVOEIRO ESQ TYC;E90 02/05-FAROL NEVOEIRO ESQ TYC;0;;
61;1573;19-0477001;1573;190477001;CATEGORIA0;;1;1;0;1;;OCTAVIA 05/04-FAROL NEVOEIRO DIR TYC;OCTAVIA 05/04-FAROL NEVOEIRO DIR TYC;0;;
61;1573;19-0478001;1573;190478001;CATEGORIA0;;1;1;0;1;;OCTAVIA 05/04-FAROL NEVOEIRO ESQ TYC;OCTAVIA 05/04-FAROL NEVOEIRO ESQ TYC;0;;
61;1573;19-0480001;1573;190480001;CATEGORIA0;;1;1;0;1;;* AVENSIS 04/03-FAROL NEVOEIRO ESQ TYC;* AVENSIS 04/03-FAROL NEVOEIRO ESQ TYC;0;;
61;1573;19-0481-01-2;1573;190481012;CATEGORIA0;;1;1;0;1;;FAROL NEV. DRT. (TYC) COROLLA 04-;FAROL NEV. DRT. (TYC) COROLLA 04-;0;;
61;1573;19-0497-05-2;1573;190497052;CATEGORIA0;;1;1;0;1;;ASTRA 03/04-/ZAFIRA 05-FAROL NEVOEIRO DIR TYC;ASTRA 03/04-/ZAFIRA 05-FAROL NEVOEIRO DIR TYC;0;;
61;1573;19-0498-05-2;1573;190498052;CATEGORIA0;;1;1;0;1;;ASTRA 03/04-/ZAFIRA 05-FAROL NEVOEIRO ESQ TYC;ASTRA 03/04-/ZAFIRA 05-FAROL NEVOEIRO ESQ TYC;0;;
61;1540;19-0498-05-2;1540;16311006;CATEGORIA0;;1;1;0;1;;FAROL NEV. ESQ. ASTRA 04-;FAROL NEV. ESQ. ASTRA 04-;0;;
61;1573;19-0501-01-9;1573;190501019;CATEGORIA0;;1;1;0;1;;* X3 E83 04-FAROL NEVOEIRO DIR/ESQ TYC;* X3 E83 04-FAROL NEVOEIRO DIR/ESQ TYC;0;;
61;1573;19-0529-01-9;1573;190529019;CATEGORIA0;;1;1;0;1;;PASSAT 05/05-FAROL NEVOEIRO DIR TYC;PASSAT 05/05-FAROL NEVOEIRO DIR TYC;0;;
61;1573;19-0530-01-9;1573;190530019;CATEGORIA0;;1;1;0;1;;PASSAT 05/05-FAROL NEVOEIRO ESQ TYC;PASSAT 05/05-FAROL NEVOEIRO ESQ TYC;0;;
61;1573;19-0554-01-9;1573;190554019;CATEGORIA0;;1;1;0;1;;W203 05/02-FAROL NEVOEIRO ESQ TYC;W203 05/02-FAROL NEVOEIRO ESQ TYC;0;;
61;1573;19-0555-05-2;1573;190555052;CATEGORIA0;;1;1;0;1;;GRANDE PUNTO 09/05-FAROL NEV. DIR INT.CROMADO TYC;GRANDE PUNTO 09/05-FAROL NEV. DIR INT.CROMADO TYC;0;;
61;1573;19-0555-15-2;1573;190555152;CATEGORIA0;;1;1;0;1;;GRANDE PUNTO 09/05-FAROL NEV. DIR INT.NEGRO TYC;GRANDE PUNTO 09/05-FAROL NEV. DIR INT.NEGRO TYC;0;;
61;1573;19-0556-05-2;1573;190556052;CATEGORIA0;;1;1;0;1;;GRANDE PUNTO 09/05-FAROL NEVOEIRO ESQ INT.CROMADO TYC;GRANDE PUNTO 09/05-FAROL NEVOEIRO ESQ INT.CROMADO TYC;0;;
61;1573;19-0556-15-2;1573;190556152;CATEGORIA0;;1;1;0;1;;GRANDE PUNTO 09/05-FAROL NEVOEIRO ESQ INT.NEGRO TYC;GRANDE PUNTO 09/05-FAROL NEVOEIRO ESQ INT.NEGRO TYC;0;;
61;1573;19-0563-01-2;1573;190563012;CATEGORIA0;;1;1;0;1;;FAROL NEVOEIRO DRT;FAROL NEVOEIRO DRT;0;;
61;1573;19-0564-01-2;1573;190564012;CATEGORIA0;;1;1;0;1;;FAROL NEV.ESQ.(TYC) HONDA CIVIC 3/5P 06-;FAROL NEV.ESQ.(TYC) HONDA CIVIC 3/5P 06-;0;;
61;1573;19-0586-01-2;1573;190586012;CATEGORIA0;;1;1;0;1;;* RAV 4 01/04-FAROL NEVOEIRO ESQ TYC;* RAV 4 01/04-FAROL NEVOEIRO ESQ TYC;0;;
61;1573;19-0587-05-2;1573;190587052;CATEGORIA0;;1;1;0;1;;FAROL NEV. DRT. TYC CLIO/MEG/SCEN 96-;FAROL NEV. DRT. TYC CLIO/MEG/SCEN 96-;0;;
61;1573;19-0588-05-2;1573;190588052;CATEGORIA0;;1;1;0;1;;FAROL NEV. ESQ. TYC CLIO/MEG/SCEN 96-;FAROL NEV. ESQ. TYC CLIO/MEG/SCEN 96-;0;;
61;1540;19-0591-01-2;1540;190591012;CATEGORIA0;;1;1;0;1;;FAROL NEV. DIR. TYC;FAROL NEV. DIR. TYC;0;;
61;1540;19-0595-01-2;1540;16320382;CATEGORIA0;;1;1;0;1;;FAROLIM TRÁS DTO;FAROLIM TRÁS DTO;0;;
61;1573;19-0596-01-2;1573;190596012;CATEGORIA0;;1;1;0;1;;MERIVA 05/03-FAROLIM NEVOEIRO ESQ P/CHOQUES TR TYC;MERIVA 05/03-FAROLIM NEVOEIRO ESQ P/CHOQUES TR TYC;0;;
61;1573;19-0596-11-2;1573;190596112;CATEGORIA0;;1;1;0;1;;MERIVA 05/03-FAROLIM NEVOEIRO ESQ FUMADO P/CHOQ TR TYC;MERIVA 05/03-FAROLIM NEVOEIRO ESQ FUMADO P/CHOQ TR TYC;0;;
61;1573;19-0597-01-9;1573;190597019;CATEGORIA0;;1;1;0;1;;COOPER 10/06-FAROL NEVOEIRO DIR/ESQ TYC;COOPER 10/06-FAROL NEVOEIRO DIR/ESQ TYC;0;;
61;1540;19-0599-05-2;1540;190599052;CATEGORIA0;;1;1;0;1;;FAROL NEVOEIRO;FAROL NEVOEIRO;0;;
61;1573;19-0603-05-2;1573;190603052;CATEGORIA0;;1;1;0;1;;BRAVO 05/07-/DELTA 08-FAROL NEVOEIRO DIR TYC;BRAVO 05/07-/DELTA 08-FAROL NEVOEIRO DIR TYC;0;;
61;1573;19-0604-05-2;1573;190604052;CATEGORIA0;;1;1;0;1;;BRAVO 05/07-/DELTA 08-FAROL NEVOEIRO ESQ TYC;BRAVO 05/07-/DELTA 08-FAROL NEVOEIRO ESQ TYC;0;;
61;1540;19-0606-01-2;1540;190606012;CATEGORIA0;;1;1;0;1;;FAROL NEVOEIRO ESQ.;FAROL NEVOEIRO ESQ.;0;;
61;1573;19-0611-05-2;1573;190611052;CATEGORIA0;;1;1;0;1;;MITSUBISHI LANCER 09/03-FAROL NEVOEIRO DIR TYC;MITSUBISHI LANCER 09/03-FAROL NEVOEIRO DIR TYC;0;;
61;1573;19-0615-05-2;1573;190615052;CATEGORIA0;;1;1;0;1;;FAROL NEVOEIRO;FAROL NEVOEIRO;0;;
61;1573;19-0619-01-2;1573;190619012;CATEGORIA0;;1;1;0;1;;C4 10/04-FAROLIM TR DIR MARCHA-ATRÁS TYC;C4 10/04-FAROLIM TR DIR MARCHA-ATRÁS TYC;0;;
61;1573;19-0620-01-2;1573;190620012;CATEGORIA0;;1;1;0;1;;C4 10/04-FAROLIM TR ESQ NEVOEIRO TYC;C4 10/04-FAROLIM TR ESQ NEVOEIRO TYC;0;;
61;1573;19-0621-05-2;1573;190621052;CATEGORIA0;;1;1;0;1;;IBIZA/CORD 06/93-/CADDY 95--FAROL NEVOEIRO DIR TYC;IBIZA/CORD 06/93-/CADDY 95--FAROL NEVOEIRO DIR TYC;0;;
61;1573;19-0622-05-2;1573;190622052;CATEGORIA0;;1;1;0;1;;IBIZA/CORD 06/93-/CADDY 95--FAROL NEVOEIRO ESQ TYC;IBIZA/CORD 06/93-/CADDY 95--FAROL NEVOEIRO ESQ TYC;0;;
61;1573;19-0635-01-9;1573;190635019;CATEGORIA0;;1;1;0;1;;W211 05/04-FAROL NEVOEIRO DIR TYC;W211 05/04-FAROL NEVOEIRO DIR TYC;0;;
61;1573;19-0636-01-9;1573;190636019;CATEGORIA0;;1;1;0;1;;W211 05/04-FAROL NEVOEIRO ESQ TYC;W211 05/04-FAROL NEVOEIRO ESQ TYC;0;;
61;1573;19-0643-05-2;1573;190643052;CATEGORIA0;;1;1;0;1;;LEON/TOLEDO 04/99-FAROL NEVOEIRO DIR TYC;LEON/TOLEDO 04/99-FAROL NEVOEIRO DIR TYC;0;;
61;1573;19-0644-05-2;1573;190644052;CATEGORIA0;;1;1;0;1;;LEON/TOLEDO 04/99-FAROL NEVOEIRO ESQ TYC;LEON/TOLEDO 04/99-FAROL NEVOEIRO ESQ TYC;0;;
61;1573;19-0648-01-9;1573;190648019;CATEGORIA0;;1;1;0;1;;FAROL NEV. ESQ. A4/A6/Q5;FAROL NEV. ESQ. A4/A6/Q5;0;;
61;1573;19-0655-01-9;1573;190655019;CATEGORIA0;;1;1;0;1;;FAROL NEVOEIRO DRT;FAROL NEVOEIRO DRT;0;;
61;1540;19-0656-01-9;1540;190656019;CATEGORIA0;;1;1;0;1;;FAROL NEV.;FAROL NEV.;0;;
61;1573;19-0661-01-2;1573;190661012;CATEGORIA0;;1;1;0;1;;VIVARO/TRAFIC 05/01-FAROLIM DIR MARCHA-ATRÁS TYC;VIVARO/TRAFIC 05/01-FAROLIM DIR MARCHA-ATRÁS TYC;0;;
61;1573;19-0662-01-2;1573;190662012;CATEGORIA0;;1;1;0;1;;FAROLIM NEV. ESQ TRAFIC 01-;FAROLIM NEV. ESQ TRAFIC 01-;0;;
61;1573;19-0663-01-2;1573;190663012;CATEGORIA0;;1;1;0;1;;CORSA D 03/07-FAROL NEVOEIRO DIR TYC;CORSA D 03/07-FAROL NEVOEIRO DIR TYC;0;;
61;1573;19-0664-01-2;1573;190664012;CATEGORIA0;;1;1;0;1;;CORSA D 03/07-FAROL NEVOEIRO ESQ TYC;CORSA D 03/07-FAROL NEVOEIRO ESQ TYC;0;;
61;1573;19-0665-01-2;1573;190665012;CATEGORIA0;;1;1;0;1;;FABIA 05/07-FAROL NEVOEIRO DIR TYC;FABIA 05/07-FAROL NEVOEIRO DIR TYC;0;;
61;1573;19-0666-01-2;1573;190666012;CATEGORIA0;;1;1;0;1;;FABIA 05/07-FAROL NEVOEIRO ESQ TYC;FABIA 05/07-FAROL NEVOEIRO ESQ TYC;0;;
61;1573;19-0681-01-2;1573;190681012;CATEGORIA0;;1;1;0;1;;308 09/07-FAROL NEVOEIRO DIR TYC;308 09/07-FAROL NEVOEIRO DIR TYC;0;;
61;1573;19-0682-01-2;1573;190682012;CATEGORIA0;;1;1;0;1;;308 09/07-FAROL NEVOEIRO ESQ TYC;308 09/07-FAROL NEVOEIRO ESQ TYC;0;;
61;1573;19-0683-01-2;1573;190683012;CATEGORIA0;;1;1;0;1;;MONDEO 07/07-FAROL NEVOEIRO DIR INT.CINZA TYC;MONDEO 07/07-FAROL NEVOEIRO DIR INT.CINZA TYC;0;;
61;1573;19-0683-11-2;1573;190683112;CATEGORIA0;;1;1;0;1;;MONDEO 07/07-FAROL NEVOEIRO DIR INT.NEGRO TYC;MONDEO 07/07-FAROL NEVOEIRO DIR INT.NEGRO TYC;0;;
61;1573;19-0684-01-2;1573;190684012;CATEGORIA0;;1;1;0;1;;MONDEO 07/07-FAROL NEVOEIRO ESQ INT.CINZA TYC;MONDEO 07/07-FAROL NEVOEIRO ESQ INT.CINZA TYC;0;;
61;1573;19-0684-11-2;1573;190684112;CATEGORIA0;;1;1;0;1;;MONDEO 07/07-FAROL NEVOEIRO ESQ INT.NEGRO TYC;MONDEO 07/07-FAROL NEVOEIRO ESQ INT.NEGRO TYC;0;;
61;1573;19-0685-01-2;1573;190685012;CATEGORIA0;;1;1;0;1;;C-MAX 05/07-FAROL NEVOEIRO DIR TYC;C-MAX 05/07-FAROL NEVOEIRO DIR TYC;0;;
61;1573;19-0686-01-2;1573;190686012;CATEGORIA0;;1;1;0;1;;C-MAX 05/07-FAROL NEVOEIRO ESQ TYC;C-MAX 05/07-FAROL NEVOEIRO ESQ TYC;0;;
61;1573;19-0687-05-2;1573;190687052;CATEGORIA0;;1;1;0;1;;500 02/08-FAROL NEVOEIRO DIR TYC;500 02/08-FAROL NEVOEIRO DIR TYC;0;;
61;1573;19-0688-05-2;1573;190688052;CATEGORIA0;;1;1;0;1;;500 02/08-FAROL NEVOEIRO ESQ TYC;500 02/08-FAROL NEVOEIRO ESQ TYC;0;;
61;1573;19-0706-01-2;1573;190706012;CATEGORIA0;;1;1;0;1;;GOLF V 11/04-FAROL NEVOEIRO ESQ TYC;GOLF V 11/04-FAROL NEVOEIRO ESQ TYC;0;;
61;1573;19-0707-01-2;1573;190707012;CATEGORIA0;;1;1;0;1;;MONDEO 07/07-FAROL NEVOEIRO DIR INT.CROMADO TYC;MONDEO 07/07-FAROL NEVOEIRO DIR INT.CROMADO TYC;0;;
61;1573;19-0708-01-2;1573;190708012;CATEGORIA0;;1;1;0;1;;MONDEO 07/07-FAROL NEVOEIRO ESQ INT.CROMADO TYC;MONDEO 07/07-FAROL NEVOEIRO ESQ INT.CROMADO TYC;0;;
61;1573;19-0717-01-2;1573;190717012;CATEGORIA0;;1;1;0;1;;CLIO 04/09-REFLECTOR DIR P/CHOQUES TR TYC;CLIO 04/09-REFLECTOR DIR P/CHOQUES TR TYC;0;;
61;1573;19-0718-01-2;1573;190718012;CATEGORIA0;;1;1;0;1;;CLIO 04/09-FAROLIM NEV. ESQ P/CH TR TYC;CLIO 04/09-FAROLIM NEV. ESQ P/CH TR TYC;0;;
61;1540;19-0725-05-2;1540;16261005;CATEGORIA0;;1;1;0;1;;FAROL NEV. DTO.;FAROL NEV. DTO.;0;;
61;1573;19-0726-05-2;1573;190726052;CATEGORIA0;;1;1;0;1;;VECTRA 09/05-FAROL NEVOEIRO ESQ TYC;VECTRA 09/05-FAROL NEVOEIRO ESQ TYC;0;;
61;1573;19-0727-01-9;1573;190727019;CATEGORIA0;;1;1;0;1;;E92 10/06-FAROL NEVOEIRO DIR TYC;E92 10/06-FAROL NEVOEIRO DIR TYC;0;;
61;1573;19-0728-01-9;1573;190728019;CATEGORIA0;;1;1;0;1;;E92 10/06-FAROL NEVOEIRO ESQ TYC;E92 10/06-FAROL NEVOEIRO ESQ TYC;0;;
61;1573;19-0729-01-9;1573;190729019;CATEGORIA0;;1;1;0;1;;E60 03/07-FAROL NEVOEIRO DIR TYC;E60 03/07-FAROL NEVOEIRO DIR TYC;0;;
61;1573;19-0730-01-9;1573;190730019;CATEGORIA0;;1;1;0;1;;E60 03/07-FAROL NEVOEIRO ESQ TYC;E60 03/07-FAROL NEVOEIRO ESQ TYC;0;;
61;1573;19-0751-01-9;1573;190751019;CATEGORIA0;;1;1;0;1;;E88 03/07-FAROL NEVOEIRO DIR (COUPE) TYC;E88 03/07-FAROL NEVOEIRO DIR (COUPE) TYC;0;;
61;1573;19-0752-01-9;1573;190752019;CATEGORIA0;;1;1;0;1;;E88 03/07-FAROL NEVOEIRO ESQ (COUPE) TYC;E88 03/07-FAROL NEVOEIRO ESQ (COUPE) TYC;0;;
61;1573;19-0773-01-2;1573;190773012;CATEGORIA0;;1;1;0;1;;S-MAX 04/06-FAROL NEVOEIRO DIR TYC;S-MAX 04/06-FAROL NEVOEIRO DIR TYC;0;;