4965;10295;08445522;10295;4965.08445522;CATEGORIA0;;1;1;0;1;;LATERAL DIREITO 3 PORTAS;LATERAL DIREITO 3 PORTAS;0;;
4965;10295;08445539;10295;4965.08445539;CATEGORIA0;;1;1;0;1;;GUARDA LAMA TRASEIRA DIREITA 5PORTAS;GUARDA LAMA TRASEIRA DIREITA 5PORTAS;0;;
4965;10295;08445549;10295;4965.08445549;CATEGORIA0;;1;1;0;1;;GUARDA LAMA TRASEIRA DIREITA 5PORTAS;GUARDA LAMA TRASEIRA DIREITA 5PORTAS;0;;
4965;10295;08445550;10295;4965.08445550;CATEGORIA0;;1;1;0;1;;GUARDA LAMA TRASEIRA DIREITA 5PORTAS;GUARDA LAMA TRASEIRA DIREITA 5PORTAS;0;;
4965;10295;08445551;10295;4965.08445551;CATEGORIA0;;1;1;0;1;;GUARDA LAMA TRASEIRA DIREITA 5PORTAS;GUARDA LAMA TRASEIRA DIREITA 5PORTAS;0;;
4965;10295;08445552;10295;4965.08445552;CATEGORIA0;;1;1;0;1;;GUARDA LAMA TRASEIRA DIREITA 5PORTAS;GUARDA LAMA TRASEIRA DIREITA 5PORTAS;0;;
4965;10295;08451562;10295;4965.08451562;CATEGORIA0;;1;1;0;1;;GUARDA LAMA TRASEIRA ESQUERDA5 PORTAS;GUARDA LAMA TRASEIRA ESQUERDA5 PORTAS;0;;
4965;10295;08461562;10295;4965.08461562;CATEGORIA0;;1;1;0;1;;GUARDA LAMA TRASEIRA DIREITA 5PORTAS;GUARDA LAMA TRASEIRA DIREITA 5PORTAS;0;;
4965;10295;08511232;10295;4965.08511232;CATEGORIA0;;1;1;0;1;;SUPORTE GUARDA LAMA FRENTE ESQUERDA;SUPORTE GUARDA LAMA FRENTE ESQUERDA;0;;
4965;10295;08511234;10295;4965.08511234;CATEGORIA0;;1;1;0;1;;SUPORTE GUARDA LAMA FRENTE ESQUERDA;SUPORTE GUARDA LAMA FRENTE ESQUERDA;0;;
4965;10295;08512667;10295;4965.08512667;CATEGORIA0;;1;1;0;1;;SUPORTE GUARDA LAMA FRENTE ESQUERDA;SUPORTE GUARDA LAMA FRENTE ESQUERDA;0;;
4965;10295;08513570;10295;4965.08513570;CATEGORIA0;;1;1;0;1;;SUPORTE GUARDA LAMA FRENTE ESQUERDA ->2014;SUPORTE GUARDA LAMA FRENTE ESQUERDA ->2014;0;;
4965;10295;08521232;10295;4965.08521232;CATEGORIA0;;1;1;0;1;;SUPORTE GUARDA LAMA FRENTE DIREITA;SUPORTE GUARDA LAMA FRENTE DIREITA;0;;
4965;10295;08521234;10295;4965.08521234;CATEGORIA0;;1;1;0;1;;SUPORTE GUARDA LAMA FRENTE DIREITA;SUPORTE GUARDA LAMA FRENTE DIREITA;0;;
4965;10295;08522667;10295;4965.08522667;CATEGORIA0;;1;1;0;1;;SUPORTE GUARDA LAMA FRENTE DIREITA;SUPORTE GUARDA LAMA FRENTE DIREITA;0;;
4965;10295;08523570;10295;4965.08523570;CATEGORIA0;;1;1;0;1;;SUPORTE GUARDA LAMA FRENTE DIREITA ->2014;SUPORTE GUARDA LAMA FRENTE DIREITA ->2014;0;;
4965;10295;08710119;10295;4965.08710119;CATEGORIA0;;1;1;0;1;;FORRA CAVE RODA FRENTE ESQUERDO;FORRA CAVE RODA FRENTE ESQUERDO;0;;
4965;10295;08710122;10295;4965.08710122;CATEGORIA0;;1;1;0;1;;FORRA CAVE RODA FRENTE ESQUERDO;FORRA CAVE RODA FRENTE ESQUERDO;0;;
4965;10295;08710124;10295;4965.08710124;CATEGORIA0;;1;1;0;1;;FORRA CAVE RODA FRENTE ESQUERDO;FORRA CAVE RODA FRENTE ESQUERDO;0;;
4965;10295;08710130;10295;4965.08710130;CATEGORIA0;;1;1;0;1;;FORRA CAVE RODA FRENTE ESQUERDO ->2008;FORRA CAVE RODA FRENTE ESQUERDO ->2008;0;;
4965;10295;08710424;10295;4965.08710424;CATEGORIA0;;1;1;0;1;;FORRA CAVE RODA FRENTE ESQUERDO;FORRA CAVE RODA FRENTE ESQUERDO;0;;
4965;10295;08710428;10295;4965.08710428;CATEGORIA0;;1;1;0;1;;FORRA CAVE RODA FRENTE ESQUERDO;FORRA CAVE RODA FRENTE ESQUERDO;0;;
4965;10295;08710429;10295;4965.08710429;CATEGORIA0;;1;1;0;1;;FORRA CAVE RODA FRENTE ESQUERDO PEÇA TRASEIRA;FORRA CAVE RODA FRENTE ESQUERDO PEÇA TRASEIRA;0;;
4965;10295;08710430;10295;4965.08710430;CATEGORIA0;;1;1;0;1;;FORRA CAVE RODA FRENTE ESQUERDO;FORRA CAVE RODA FRENTE ESQUERDO;0;;
4965;10295;08710431;10295;4965.08710431;CATEGORIA0;;1;1;0;1;;FORRA CAVE RODA FRENTE ESQUERDO;FORRA CAVE RODA FRENTE ESQUERDO;0;;
4965;10295;08710432;10295;4965.08710432;CATEGORIA0;;1;1;0;1;;FORRA CAVE RODA FRENTE ESQUERDO;FORRA CAVE RODA FRENTE ESQUERDO;0;;
4965;10295;08710433;10295;4965.08710433;CATEGORIA0;;1;1;0;1;;FORRA CAVE RODA FRENTE ESQUERDO GASOLINA (EXCETO 3.2L/4.2L);FORRA CAVE RODA FRENTE ESQUERDO GASOLINA (EXCETO 3.2L/4.2L);0;;
4965;10295;08710434;10295;4965.08710434;CATEGORIA0;;1;1;0;1;;FORRA CAVE RODA FRENTE ESQUERDO;FORRA CAVE RODA FRENTE ESQUERDO;0;;
4965;10295;08710435;10295;4965.08710435;CATEGORIA0;;1;1;0;1;;FORRA CAVE RODA FRENTE ESQUERDO;FORRA CAVE RODA FRENTE ESQUERDO;0;;
4965;10295;08710436;10295;4965.08710436;CATEGORIA0;;1;1;0;1;;RESGUARDO CAVE RODA FRONTAL ESQUERDO PEÇA FRONTAL;RESGUARDO CAVE RODA FRONTAL ESQUERDO PEÇA FRONTAL;0;;
4965;10295;08710437;10295;4965.08710437;CATEGORIA0;;1;1;0;1;;FORRA CAVE RODA FRENTE ESQUERDO;FORRA CAVE RODA FRENTE ESQUERDO;0;;
4965;10295;08710439;10295;4965.08710439;CATEGORIA0;;1;1;0;1;;FORRA CAVE RODA FRENTE ESQUERDO;FORRA CAVE RODA FRENTE ESQUERDO;0;;
4965;10295;08710442;10295;4965.08710442;CATEGORIA0;;1;1;0;1;;FORRA CAVE RODA FRENTE ESQUERDO GASOLEO;FORRA CAVE RODA FRENTE ESQUERDO GASOLEO;0;;
4965;10295;08710443;10295;4965.08710443;CATEGORIA0;;1;1;0;1;;FORRA CAVE RODA FRENTE ESQUERDO;FORRA CAVE RODA FRENTE ESQUERDO;0;;
4965;10295;08710444;10295;4965.08710444;CATEGORIA0;;1;1;0;1;;FORRA CAVE RODA FRENTE ESQUERDO;FORRA CAVE RODA FRENTE ESQUERDO;0;;
4965;10295;08710448;10295;4965.08710448;CATEGORIA0;;1;1;0;1;;FORRA CAVE RODA FRENTE ESQUERDO SEM S-LINE;FORRA CAVE RODA FRENTE ESQUERDO SEM S-LINE;0;;
4965;10295;08710451;10295;4965.08710451;CATEGORIA0;;1;1;0;1;;FORRA CAVE RODA FRENTE ESQUERDO GASOLEO/GASOLINA;FORRA CAVE RODA FRENTE ESQUERDO GASOLEO/GASOLINA;0;;
4965;10295;08710453;10295;4965.08710453;CATEGORIA0;;1;1;0;1;;FORRA CAVE RODA FRENTE ESQUERDO;FORRA CAVE RODA FRENTE ESQUERDO;0;;
4965;10295;08710454;10295;4965.08710454;CATEGORIA0;;1;1;0;1;;FORRA CAVE RODA FRENTE ESQUERDO;FORRA CAVE RODA FRENTE ESQUERDO;0;;
4965;10295;08710520;10295;4965.08710520;CATEGORIA0;;1;1;0;1;;FORRA CAVE RODA FRENTE ESQUERDO;FORRA CAVE RODA FRENTE ESQUERDO;0;;
4965;10295;08710526;10295;4965.08710526;CATEGORIA0;;1;1;0;1;;FORRA CAVE RODA FRENTE ESQUERDO;FORRA CAVE RODA FRENTE ESQUERDO;0;;
4965;10295;08710533;10295;4965.08710533;CATEGORIA0;;1;1;0;1;;FORRA CAVE RODA FRENTE ESQUERDO PEÇA FRENTE;FORRA CAVE RODA FRENTE ESQUERDO PEÇA FRENTE;0;;
4965;10295;08710534;10295;4965.08710534;CATEGORIA0;;1;1;0;1;;FORRA CAVE RODA FRENTE ESQUERDO PEÇA FRENTE;FORRA CAVE RODA FRENTE ESQUERDO PEÇA FRENTE;0;;
4965;10295;08710535;10295;4965.08710535;CATEGORIA0;;1;1;0;1;;FORRA CAVE RODA FRENTE ESQUERDO PEÇA FRENTE 4 PORTAS/SW;FORRA CAVE RODA FRENTE ESQUERDO PEÇA FRENTE 4 PORTAS/SW;0;;
4965;10295;08710537;10295;4965.08710537;CATEGORIA0;;1;1;0;1;;FORRA CAVE RODA FRENTE ESQUERDO PEÇA FRENTE COMPACT;FORRA CAVE RODA FRENTE ESQUERDO PEÇA FRENTE COMPACT;0;;
4965;10295;08710538;10295;4965.08710538;CATEGORIA0;;1;1;0;1;;FORRA CAVE RODA FRENTE ESQUERDO PEÇA FRENTE 1999->2006;FORRA CAVE RODA FRENTE ESQUERDO PEÇA FRENTE 1999->2006;0;;
4965;10295;08710540;10295;4965.08710540;CATEGORIA0;;1;1;0;1;;FORRA CAVE RODA FRENTE ESQUERDO;FORRA CAVE RODA FRENTE ESQUERDO;0;;
4965;10295;08710542;10295;4965.08710542;CATEGORIA0;;1;1;0;1;;FORRA CAVE RODA FRENTE ESQUERDO;FORRA CAVE RODA FRENTE ESQUERDO;0;;
4965;10295;08710543;10295;4965.08710543;CATEGORIA0;;1;1;0;1;;FORRA CAVE RODA FRENTE ESQUERDO PEÇA FRENTE;FORRA CAVE RODA FRENTE ESQUERDO PEÇA FRENTE;0;;
4965;10295;08710545;10295;4965.08710545;CATEGORIA0;;1;1;0;1;;FORRA CAVE RODA FRENTE ESQUERDO PEÇA FRENTE;FORRA CAVE RODA FRENTE ESQUERDO PEÇA FRENTE;0;;
4965;10295;08710546;10295;4965.08710546;CATEGORIA0;;1;1;0;1;;FORRA CAVE RODA FRENTE ESQUERDO PEÇA FRENTE 2.5/3.0;FORRA CAVE RODA FRENTE ESQUERDO PEÇA FRENTE 2.5/3.0;0;;
4965;10295;08710548;10295;4965.08710548;CATEGORIA0;;1;1;0;1;;FORRA CAVE RODA FRENTE ESQUERDO PEÇA FRENTE;FORRA CAVE RODA FRENTE ESQUERDO PEÇA FRENTE;0;;
4965;10295;08710550;10295;4965.08710550;CATEGORIA0;;1;1;0;1;;FORRA CAVE RODA FRENTE ESQUERDO 3.0I/4.4I;FORRA CAVE RODA FRENTE ESQUERDO 3.0I/4.4I;0;;
4965;10295;08710552;10295;4965.08710552;CATEGORIA0;;1;1;0;1;;FORRA CAVE RODA FRENTE ESQUERDO PEÇA FRENTE GASOLEO;FORRA CAVE RODA FRENTE ESQUERDO PEÇA FRENTE GASOLEO;0;;
4965;10295;08710554;10295;4965.08710554;CATEGORIA0;;1;1;0;1;;FORRA CAVE RODA FRENTE ESQUERDO PEÇA FRENTE 3.5 LITROS;FORRA CAVE RODA FRENTE ESQUERDO PEÇA FRENTE 3.5 LITROS;0;;
4965;10295;08710555;10295;4965.08710555;CATEGORIA0;;1;1;0;1;;FORRA CAVE RODA FRENTE ESQUERDO SEM TURBO PEÇA FRENTE;FORRA CAVE RODA FRENTE ESQUERDO SEM TURBO PEÇA FRENTE;0;;
4965;10295;08710561;10295;4965.08710561;CATEGORIA0;;1;1;0;1;;FORRA CAVE RODA FRENTE ESQUERDO PEÇA FRENTE;FORRA CAVE RODA FRENTE ESQUERDO PEÇA FRENTE;0;;
4965;10295;08710563;10295;4965.08710563;CATEGORIA0;;1;1;0;1;;FORRA CAVE RODA FRENTE ESQUERDO PEÇA TRASEIRA;FORRA CAVE RODA FRENTE ESQUERDO PEÇA TRASEIRA;0;;
4965;10295;08710564;10295;4965.08710564;CATEGORIA0;;1;1;0;1;;FORRA CAVE RODA FRENTE ESQUERDO PEÇA FRENTE;FORRA CAVE RODA FRENTE ESQUERDO PEÇA FRENTE;0;;
4965;10295;08710566;10295;4965.08710566;CATEGORIA0;;1;1;0;1;;FORRA CAVE RODA FRENTE ESQUERDO PEÇA FRENTE;FORRA CAVE RODA FRENTE ESQUERDO PEÇA FRENTE;0;;
4965;10295;08710570;10295;4965.08710570;CATEGORIA0;;1;1;0;1;;FORRA CAVE RODA FRENTE ESQUERDO ->2007;FORRA CAVE RODA FRENTE ESQUERDO ->2007;0;;
4965;10295;08710571;10295;4965.08710571;CATEGORIA0;;1;1;0;1;;FORRA CAVE RODA FRENTE ESQUERDO PEÇA FRENTE;FORRA CAVE RODA FRENTE ESQUERDO PEÇA FRENTE;0;;
4965;10295;08710572;10295;4965.08710572;CATEGORIA0;;1;1;0;1;;FORRA CAVE RODA FRENTE ESQUERDO PEÇA TRASEIRA ->2014;FORRA CAVE RODA FRENTE ESQUERDO PEÇA TRASEIRA ->2014;0;;
4965;10295;08710602;10295;4965.08710602;CATEGORIA0;;1;1;0;1;;FORRA CAVE RODA FRENTE ESQUERDO;FORRA CAVE RODA FRENTE ESQUERDO;0;;
4965;10295;08711033;10295;4965.08711033;CATEGORIA0;;1;1;0;1;;FORRA CAVE RODA FRENTE ESQUERDO;FORRA CAVE RODA FRENTE ESQUERDO;0;;
4965;10295;08711037;10295;4965.08711037;CATEGORIA0;;1;1;0;1;;FORRA CAVE RODA FRENTE ESQUERDO PEÇA FRENTE;FORRA CAVE RODA FRENTE ESQUERDO PEÇA FRENTE;0;;
4965;10295;08711039;10295;4965.08711039;CATEGORIA0;;1;1;0;1;;FORRA CAVE RODA FRENTE ESQUERDO;FORRA CAVE RODA FRENTE ESQUERDO;0;;
4965;10295;08711042;10295;4965.08711042;CATEGORIA0;;1;1;0;1;;FORRA CAVE RODA FRENTE ESQUERDO;FORRA CAVE RODA FRENTE ESQUERDO;0;;
4965;10295;08711048;10295;4965.08711048;CATEGORIA0;;1;1;0;1;;FORRA CAVE RODA FRENTE ESQUERDO;FORRA CAVE RODA FRENTE ESQUERDO;0;;
4965;10295;08711049;10295;4965.08711049;CATEGORIA0;;1;1;0;1;;FORRA CAVE RODA FRENTE ESQUERDO;FORRA CAVE RODA FRENTE ESQUERDO;0;;
4965;10295;08711050;10295;4965.08711050;CATEGORIA0;;1;1;0;1;;FORRA CAVE RODA FRENTE ESQUERDO;FORRA CAVE RODA FRENTE ESQUERDO;0;;
4965;10295;08711051;10295;4965.08711051;CATEGORIA0;;1;1;0;1;;FORRA CAVE RODA FRENTE ESQUERDO;FORRA CAVE RODA FRENTE ESQUERDO;0;;
4965;10295;08711052;10295;4965.08711052;CATEGORIA0;;1;1;0;1;;FORRA CAVE RODA FRENTE ESQUERDO;FORRA CAVE RODA FRENTE ESQUERDO;0;;
4965;10295;08711054;10295;4965.08711054;CATEGORIA0;;1;1;0;1;;FORRA CAVE RODA FRENTE ESQUERDO;FORRA CAVE RODA FRENTE ESQUERDO;0;;
4965;10295;08711055;10295;4965.08711055;CATEGORIA0;;1;1;0;1;;FORRA CAVE RODA FRENTE ESQUERDO;FORRA CAVE RODA FRENTE ESQUERDO;0;;
4965;10295;08711056;10295;4965.08711056;CATEGORIA0;;1;1;0;1;;FORRA CAVE RODA FRENTE ESQUERDO;FORRA CAVE RODA FRENTE ESQUERDO;0;;
4965;10295;08711057;10295;4965.08711057;CATEGORIA0;;1;1;0;1;;FORRA CAVE RODA FRENTE ESQUERDO;FORRA CAVE RODA FRENTE ESQUERDO;0;;
4965;10295;08711060;10295;4965.08711060;CATEGORIA0;;1;1;0;1;;FORRA CAVE RODA FRENTE ESQUERDO;FORRA CAVE RODA FRENTE ESQUERDO;0;;
4965;10295;08711061;10295;4965.08711061;CATEGORIA0;;1;1;0;1;;FORRA CAVE RODA FRENTE ESQUERDO;FORRA CAVE RODA FRENTE ESQUERDO;0;;
4965;10295;08711063;10295;4965.08711063;CATEGORIA0;;1;1;0;1;;FORRA CAVE RODA FRENTE ESQUERDO;FORRA CAVE RODA FRENTE ESQUERDO;0;;
4965;10295;08711065;10295;4965.08711065;CATEGORIA0;;1;1;0;1;;FORRA CAVE RODA FRENTE ESQUERDO GASOLINA;FORRA CAVE RODA FRENTE ESQUERDO GASOLINA;0;;
4965;10295;08711067;10295;4965.08711067;CATEGORIA0;;1;1;0;1;;FORRA CAVE RODA FRENTE ESQUERDO;FORRA CAVE RODA FRENTE ESQUERDO;0;;
4965;10295;08711068;10295;4965.08711068;CATEGORIA0;;1;1;0;1;;FORRA CAVE RODA FRENTE ESQUERDO;FORRA CAVE RODA FRENTE ESQUERDO;0;;
4965;10295;08711070;10295;4965.08711070;CATEGORIA0;;1;1;0;1;;FORRA CAVE RODA FRENTE ESQUERDO;FORRA CAVE RODA FRENTE ESQUERDO;0;;
4965;10295;08711071;10295;4965.08711071;CATEGORIA0;;1;1;0;1;;FORRA CAVE RODA FRENTE ESQUERDO;FORRA CAVE RODA FRENTE ESQUERDO;0;;
4965;10295;08711072;10295;4965.08711072;CATEGORIA0;;1;1;0;1;;FORRA CAVE RODA FRENTE ESQUERDO;FORRA CAVE RODA FRENTE ESQUERDO;0;;
4965;10295;08711074;10295;4965.08711074;CATEGORIA0;;1;1;0;1;;FORRA CAVE RODA FRENTE ESQUERDO;FORRA CAVE RODA FRENTE ESQUERDO;0;;
4965;10295;08711075;10295;4965.08711075;CATEGORIA0;;1;1;0;1;;FORRA CAVE RODA FRENTE ESQUERDO;FORRA CAVE RODA FRENTE ESQUERDO;0;;
4965;10295;08711077;10295;4965.08711077;CATEGORIA0;;1;1;0;1;;FORRA CAVE RODA FRENTE ESQUERDO COM SAIAS;FORRA CAVE RODA FRENTE ESQUERDO COM SAIAS;0;;
4965;10295;08711082;10295;4965.08711082;CATEGORIA0;;1;1;0;1;;FORRA CAVE RODA FRENTE ESQUERDO 1.6 LITROS COM ISOLANTE;FORRA CAVE RODA FRENTE ESQUERDO 1.6 LITROS COM ISOLANTE;0;;
4965;10295;08711084;10295;4965.08711084;CATEGORIA0;;1;1;0;1;;FORRA CAVE RODA FRENTE ESQUERDO;FORRA CAVE RODA FRENTE ESQUERDO;0;;
4965;10295;08711123;10295;4965.08711123;CATEGORIA0;;1;1;0;1;;FORRA CAVE RODA FRENTE ESQUERDO;FORRA CAVE RODA FRENTE ESQUERDO;0;;
4965;10295;08711126;10295;4965.08711126;CATEGORIA0;;1;1;0;1;;FORRA CAVE RODA FRENTE ESQUERDO;FORRA CAVE RODA FRENTE ESQUERDO;0;;
4965;10295;08711128;10295;4965.08711128;CATEGORIA0;;1;1;0;1;;FORRA CAVE RODA FRENTE ESQUERDO;FORRA CAVE RODA FRENTE ESQUERDO;0;;
4965;10295;08711132;10295;4965.08711132;CATEGORIA0;;1;1;0;1;;FORRA CAVE RODA FRENTE ESQUERDO;FORRA CAVE RODA FRENTE ESQUERDO;0;;
4965;10295;08711147;10295;4965.08711147;CATEGORIA0;;1;1;0;1;;FORRA CAVE RODA FRENTE ESQUERDO ->2007;FORRA CAVE RODA FRENTE ESQUERDO ->2007;0;;
4965;10295;08711150;10295;4965.08711150;CATEGORIA0;;1;1;0;1;;FORRA CAVE RODA FRENTE ESQUERDO;FORRA CAVE RODA FRENTE ESQUERDO;0;;
4965;10295;08711201;10295;4965.08711201;CATEGORIA0;;1;1;0;1;;FORRA CAVE RODA FRENTE ESQUERDO 2008->2011;FORRA CAVE RODA FRENTE ESQUERDO 2008->2011;0;;
4965;10295;08711220;10295;4965.08711220;CATEGORIA0;;1;1;0;1;;FORRA CAVE RODA FRENTE ESQUERDO;FORRA CAVE RODA FRENTE ESQUERDO;0;;
4965;10295;08711221;10295;4965.08711221;CATEGORIA0;;1;1;0;1;;FORRA CAVE RODA FRENTE ESQUERDO;FORRA CAVE RODA FRENTE ESQUERDO;0;;
4965;10295;08711223;10295;4965.08711223;CATEGORIA0;;1;1;0;1;;FORRA CAVE RODA FRENTE ESQUERDO;FORRA CAVE RODA FRENTE ESQUERDO;0;;
4965;10295;08711224;10295;4965.08711224;CATEGORIA0;;1;1;0;1;;FORRA CAVE RODA FRENTE ESQUERDO;FORRA CAVE RODA FRENTE ESQUERDO;0;;
4965;10295;08711225;10295;4965.08711225;CATEGORIA0;;1;1;0;1;;FORRA CAVE RODA FRENTE ESQUERDO 1995->1999;FORRA CAVE RODA FRENTE ESQUERDO 1995->1999;0;;
4965;10295;08711228;10295;4965.08711228;CATEGORIA0;;1;1;0;1;;FORRA CAVE RODA FRENTE ESQUERDO;FORRA CAVE RODA FRENTE ESQUERDO;0;;
4965;10295;08711229;10295;4965.08711229;CATEGORIA0;;1;1;0;1;;FORRA CAVE RODA FRENTE ESQUERDO (EXCETO 500L TREKKING);FORRA CAVE RODA FRENTE ESQUERDO (EXCETO 500L TREKKING);0;;
4965;10295;08711234;10295;4965.08711234;CATEGORIA0;;1;1;0;1;;FORRA CAVE RODA FRENTE ESQUERDO;FORRA CAVE RODA FRENTE ESQUERDO;0;;
4965;10295;08711248;10295;4965.08711248;CATEGORIA0;;1;1;0;1;;FORRA CAVE RODA FRENTE ESQUERDO;FORRA CAVE RODA FRENTE ESQUERDO;0;;
4965;10295;08711249;10295;4965.08711249;CATEGORIA0;;1;1;0;1;;FORRA CAVE RODA FRENTE ESQUERDO;FORRA CAVE RODA FRENTE ESQUERDO;0;;
4965;10295;08711250;10295;4965.08711250;CATEGORIA0;;1;1;0;1;;FORRA CAVE RODA FRENTE ESQUERDO;FORRA CAVE RODA FRENTE ESQUERDO;0;;
4965;10295;08711251;10295;4965.08711251;CATEGORIA0;;1;1;0;1;;FORRA CAVE RODA FRENTE ESQUERDO;FORRA CAVE RODA FRENTE ESQUERDO;0;;
4965;10295;08711253;10295;4965.08711253;CATEGORIA0;;1;1;0;1;;FORRA CAVE RODA FRENTE ESQUERDO;FORRA CAVE RODA FRENTE ESQUERDO;0;;
4965;10295;08711255;10295;4965.08711255;CATEGORIA0;;1;1;0;1;;FORRA CAVE RODA FRENTE ESQUERDO;FORRA CAVE RODA FRENTE ESQUERDO;0;;
4965;10295;08711258;10295;4965.08711258;CATEGORIA0;;1;1;0;1;;FORRA CAVE RODA FRENTE ESQUERDO;FORRA CAVE RODA FRENTE ESQUERDO;0;;
4965;10295;08711262;10295;4965.08711262;CATEGORIA0;;1;1;0;1;;FORRA CAVE RODA FRENTE ESQUERDO;FORRA CAVE RODA FRENTE ESQUERDO;0;;
4965;10295;08711290;10295;4965.08711290;CATEGORIA0;;1;1;0;1;;FORRA CAVE RODA FRENTE ESQUERDO;FORRA CAVE RODA FRENTE ESQUERDO;0;;
4965;10295;08711293;10295;4965.08711293;CATEGORIA0;;1;1;0;1;;FORRA CAVE RODA FRENTE ESQUERDO;FORRA CAVE RODA FRENTE ESQUERDO;0;;
4965;10295;08711294;10295;4965.08711294;CATEGORIA0;;1;1;0;1;;FORRA CAVE RODA FRENTE ESQUERDO;FORRA CAVE RODA FRENTE ESQUERDO;0;;
4965;10295;08711295;10295;4965.08711295;CATEGORIA0;;1;1;0;1;;FORRA CAVE RODA FRENTE ESQUERDO ->06/2013;FORRA CAVE RODA FRENTE ESQUERDO ->06/2013;0;;
4965;10295;08711298;10295;4965.08711298;CATEGORIA0;;1;1;0;1;;FORRA CAVE RODA FRENTE ESQUERDO;FORRA CAVE RODA FRENTE ESQUERDO;0;;
4965;10295;08711308;10295;4965.08711308;CATEGORIA0;;1;1;0;1;;FORRA CAVE RODA FRENTE ESQUERDO;FORRA CAVE RODA FRENTE ESQUERDO;0;;
4965;10295;08711325;10295;4965.08711325;CATEGORIA0;;1;1;0;1;;FORRA CAVE RODA FRENTE ESQUERDO;FORRA CAVE RODA FRENTE ESQUERDO;0;;
4965;10295;08711430;10295;4965.08711430;CATEGORIA0;;1;1;0;1;;FORRA CAVE RODA FRENTE ESQUERDO 3/4/5 PORTAS ->2008;FORRA CAVE RODA FRENTE ESQUERDO 3/4/5 PORTAS ->2008;0;;
4965;10295;08711440;10295;4965.08711440;CATEGORIA0;;1;1;0;1;;FORRA CAVE RODA FRENTE ESQUERDO 5 PORTAS;FORRA CAVE RODA FRENTE ESQUERDO 5 PORTAS;0;;
4965;10295;08711443;10295;4965.08711443;CATEGORIA0;;1;1;0;1;;FORRA CAVE RODA FRENTE ESQUERDO;FORRA CAVE RODA FRENTE ESQUERDO;0;;
4965;10295;08711447;10295;4965.08711447;CATEGORIA0;;1;1;0;1;;FORRA CAVE RODA FRENTE ESQUERDO;FORRA CAVE RODA FRENTE ESQUERDO;0;;
4965;10295;08711451;10295;4965.08711451;CATEGORIA0;;1;1;0;1;;FORRA CAVE RODA FRENTE ESQUERDO;FORRA CAVE RODA FRENTE ESQUERDO;0;;
4965;10295;08711452;10295;4965.08711452;CATEGORIA0;;1;1;0;1;;FORRA CAVE RODA FRENTE ESQUERDO;FORRA CAVE RODA FRENTE ESQUERDO;0;;
4965;10295;08711453;10295;4965.08711453;CATEGORIA0;;1;1;0;1;;FORRA CAVE RODA FRENTE ESQUERDO;FORRA CAVE RODA FRENTE ESQUERDO;0;;
4965;10295;08711504;10295;4965.08711504;CATEGORIA0;;1;1;0;1;;FORRA CAVE RODA FRENTE ESQUERDO;FORRA CAVE RODA FRENTE ESQUERDO;0;;
4965;10295;08711505;10295;4965.08711505;CATEGORIA0;;1;1;0;1;;FORRA CAVE RODA FRENTE ESQUERDO 3/5 PORTAS;FORRA CAVE RODA FRENTE ESQUERDO 3/5 PORTAS;0;;
4965;10295;08711507;10295;4965.08711507;CATEGORIA0;;1;1;0;1;;FORRA CAVE RODA FRENTE ESQUERDO;FORRA CAVE RODA FRENTE ESQUERDO;0;;
4965;10295;08711509;10295;4965.08711509;CATEGORIA0;;1;1;0;1;;FORRA CAVE RODA FRENTE ESQUERDO;FORRA CAVE RODA FRENTE ESQUERDO;0;;
4965;10295;08711513;10295;4965.08711513;CATEGORIA0;;1;1;0;1;;FORRA CAVE RODA FRENTE ESQUERDO;FORRA CAVE RODA FRENTE ESQUERDO;0;;
4965;10295;08711521;10295;4965.08711521;CATEGORIA0;;1;1;0;1;;FORRA CAVE RODA FRENTE ESQUERDO;FORRA CAVE RODA FRENTE ESQUERDO;0;;
4965;10295;08711524;10295;4965.08711524;CATEGORIA0;;1;1;0;1;;FORRA CAVE RODA FRENTE ESQUERDO;FORRA CAVE RODA FRENTE ESQUERDO;0;;
4965;10295;08711525;10295;4965.08711525;CATEGORIA0;;1;1;0;1;;FORRA CAVE RODA FRENTE ESQUERDO;FORRA CAVE RODA FRENTE ESQUERDO;0;;
4965;10295;08711528;10295;4965.08711528;CATEGORIA0;;1;1;0;1;;FORRA CAVE RODA FRENTE ESQUERDO COM ISOLANTE;FORRA CAVE RODA FRENTE ESQUERDO COM ISOLANTE;0;;
4965;10295;08711544;10295;4965.08711544;CATEGORIA0;;1;1;0;1;;FORRA CAVE RODA FRENTE ESQUERDO;FORRA CAVE RODA FRENTE ESQUERDO;0;;
4965;10295;08711546;10295;4965.08711546;CATEGORIA0;;1;1;0;1;;FORRA CAVE RODA FRENTE ESQUERDO;FORRA CAVE RODA FRENTE ESQUERDO;0;;
4965;10295;08711548;10295;4965.08711548;CATEGORIA0;;1;1;0;1;;FORRA CAVE RODA FRENTE ESQUERDO;FORRA CAVE RODA FRENTE ESQUERDO;0;;
4965;10295;08711550;10295;4965.08711550;CATEGORIA0;;1;1;0;1;;FORRA CAVE RODA FRENTE ESQUERDO 1.3L;FORRA CAVE RODA FRENTE ESQUERDO 1.3L;0;;
4965;10295;08711553;10295;4965.08711553;CATEGORIA0;;1;1;0;1;;FORRA CAVE RODA FRENTE ESQUERDO;FORRA CAVE RODA FRENTE ESQUERDO;0;;
4965;10295;08711554;10295;4965.08711554;CATEGORIA0;;1;1;0;1;;FORRA CAVE RODA FRENTE ESQUERDO;FORRA CAVE RODA FRENTE ESQUERDO;0;;
4965;10295;08711560;10295;4965.08711560;CATEGORIA0;;1;1;0;1;;FORRA CAVE RODA FRENTE ESQUERDO ->2004;FORRA CAVE RODA FRENTE ESQUERDO ->2004;0;;
4965;10295;08711562;10295;4965.08711562;CATEGORIA0;;1;1;0;1;;FORRA CAVE RODA FRENTE ESQUERDO;FORRA CAVE RODA FRENTE ESQUERDO;0;;
4965;10295;08711564;10295;4965.08711564;CATEGORIA0;;1;1;0;1;;FORRA CAVE RODA FRENTE ESQUERDO;FORRA CAVE RODA FRENTE ESQUERDO;0;;
4965;10295;08711567;10295;4965.08711567;CATEGORIA0;;1;1;0;1;;FORRA CAVE RODA FRENTE ESQUERDO;FORRA CAVE RODA FRENTE ESQUERDO;0;;
4965;10295;08711576;10295;4965.08711576;CATEGORIA0;;1;1;0;1;;FORRA CAVE RODA FRENTE ESQUERDO;FORRA CAVE RODA FRENTE ESQUERDO;0;;
4965;10295;08711601;10295;4965.08711601;CATEGORIA0;;1;1;0;1;;FORRA CAVE RODA FRENTE ESQUERDO;FORRA CAVE RODA FRENTE ESQUERDO;0;;
4965;10295;08711602;10295;4965.08711602;CATEGORIA0;;1;1;0;1;;FORRA CAVE RODA FRENTE ESQUERDO;FORRA CAVE RODA FRENTE ESQUERDO;0;;
4965;10295;08711603;10295;4965.08711603;CATEGORIA0;;1;1;0;1;;FORRA CAVE RODA FRENTE ESQUERDO;FORRA CAVE RODA FRENTE ESQUERDO;0;;
4965;10295;08711605;10295;4965.08711605;CATEGORIA0;;1;1;0;1;;FORRA CAVE RODA FRENTE ESQUERDO ->2005;FORRA CAVE RODA FRENTE ESQUERDO ->2005;0;;
4965;10295;08711608;10295;4965.08711608;CATEGORIA0;;1;1;0;1;;FORRA CAVE RODA FRENTE ESQUERDO 3/5 PORTAS;FORRA CAVE RODA FRENTE ESQUERDO 3/5 PORTAS;0;;
4965;10295;08711614;10295;4965.08711614;CATEGORIA0;;1;1;0;1;;FORRA CAVE RODA FRENTE ESQUERDO;FORRA CAVE RODA FRENTE ESQUERDO;0;;
4965;10295;08711619;10295;4965.08711619;CATEGORIA0;;1;1;0;1;;FORRA CAVE RODA FRENTE ESQUERDO GASOLEO;FORRA CAVE RODA FRENTE ESQUERDO GASOLEO;0;;
4965;10295;08711621;10295;4965.08711621;CATEGORIA0;;1;1;0;1;;FORRA CAVE RODA FRENTE ESQUERDO;FORRA CAVE RODA FRENTE ESQUERDO;0;;
4965;10295;08711623;10295;4965.08711623;CATEGORIA0;;1;1;0;1;;FORRA CAVE RODA FRENTE ESQUERDO;FORRA CAVE RODA FRENTE ESQUERDO;0;;
4965;10295;08711624;10295;4965.08711624;CATEGORIA0;;1;1;0;1;;FORRA CAVE RODA FRENTE ESQUERDO & ACCORD TOURER 2.4L GASOLIN;FORRA CAVE RODA FRENTE ESQUERDO & ACCORD TOURER 2.4L GASOLIN;0;;
4965;10295;08711626;10295;4965.08711626;CATEGORIA0;;1;1;0;1;;FORRA CAVE RODA FRENTE ESQUERDO 4/5 PORTAS;FORRA CAVE RODA FRENTE ESQUERDO 4/5 PORTAS;0;;
4965;10295;08711628;10295;4965.08711628;CATEGORIA0;;1;1;0;1;;FORRA CAVE RODA FRENTE ESQUERDO;FORRA CAVE RODA FRENTE ESQUERDO;0;;
4965;10295;08711633;10295;4965.08711633;CATEGORIA0;;1;1;0;1;;FORRA CAVE RODA FRENTE ESQUERDO;FORRA CAVE RODA FRENTE ESQUERDO;0;;
4965;10295;08711635;10295;4965.08711635;CATEGORIA0;;1;1;0;1;;FORRA CAVE RODA FRENTE ESQUERDO;FORRA CAVE RODA FRENTE ESQUERDO;0;;
4965;10295;08711637;10295;4965.08711637;CATEGORIA0;;1;1;0;1;;FORRA CAVE RODA FRENTE ESQUERDO;FORRA CAVE RODA FRENTE ESQUERDO;0;;
4965;10295;08711639;10295;4965.08711639;CATEGORIA0;;1;1;0;1;;FORRA CAVE RODA FRENTE ESQUERDO;FORRA CAVE RODA FRENTE ESQUERDO;0;;
4965;10295;08711640;10295;4965.08711640;CATEGORIA0;;1;1;0;1;;FORRA CAVE RODA FRENTE ESQUERDO 3/5 PORTAS;FORRA CAVE RODA FRENTE ESQUERDO 3/5 PORTAS;0;;
4965;10295;08711642;10295;4965.08711642;CATEGORIA0;;1;1;0;1;;FORRA CAVE RODA FRENTE ESQUERDO;FORRA CAVE RODA FRENTE ESQUERDO;0;;
4965;10295;08711643;10295;4965.08711643;CATEGORIA0;;1;1;0;1;;FORRA CAVE RODA FRENTE ESQUERDO;FORRA CAVE RODA FRENTE ESQUERDO;0;;
4965;10295;08711645;10295;4965.08711645;CATEGORIA0;;1;1;0;1;;FORRA CAVE RODA FRENTE ESQUERDO;FORRA CAVE RODA FRENTE ESQUERDO;0;;
4965;10295;08711649;10295;4965.08711649;CATEGORIA0;;1;1;0;1;;FORRA CAVE RODA FRENTE ESQUERDO;FORRA CAVE RODA FRENTE ESQUERDO;0;;
4965;10295;08711651;10295;4965.08711651;CATEGORIA0;;1;1;0;1;;FORRA CAVE RODA FRENTE ESQUERDO;FORRA CAVE RODA FRENTE ESQUERDO;0;;
4965;10295;08711652;10295;4965.08711652;CATEGORIA0;;1;1;0;1;;FORRA CAVE RODA FRENTE ESQUERDO;FORRA CAVE RODA FRENTE ESQUERDO;0;;
4965;10295;08711653;10295;4965.08711653;CATEGORIA0;;1;1;0;1;;FORRA CAVE RODA FRENTE ESQUERDO;FORRA CAVE RODA FRENTE ESQUERDO;0;;
4965;10295;08711658;10295;4965.08711658;CATEGORIA0;;1;1;0;1;;FORRA CAVE RODA FRENTE ESQUERDO;FORRA CAVE RODA FRENTE ESQUERDO;0;;
4965;10295;08711659;10295;4965.08711659;CATEGORIA0;;1;1;0;1;;FORRA CAVE RODA FRENTE ESQUERDO;FORRA CAVE RODA FRENTE ESQUERDO;0;;
4965;10295;08711661;10295;4965.08711661;CATEGORIA0;;1;1;0;1;;RESGUARDO CAVE RODA;RESGUARDO CAVE RODA;0;;
4965;10295;08711662;10295;4965.08711662;CATEGORIA0;;1;1;0;1;;FORRA CAVE RODA FRENTE ESQUERDO;FORRA CAVE RODA FRENTE ESQUERDO;0;;
4965;10295;08711663;10295;4965.08711663;CATEGORIA0;;1;1;0;1;;FORRA CAVE RODA FRENTE ESQUERDO;FORRA CAVE RODA FRENTE ESQUERDO;0;;
4965;10295;08711664;10295;4965.08711664;CATEGORIA0;;1;1;0;1;;FORRA CAVE RODA FRENTE ESQUERDO 5 PORTAS;FORRA CAVE RODA FRENTE ESQUERDO 5 PORTAS;0;;
4965;10295;08711670;10295;4965.08711670;CATEGORIA0;;1;1;0;1;;FORRA CAVE RODA FRENTE ESQUERDO 2.0 ->2009;FORRA CAVE RODA FRENTE ESQUERDO 2.0 ->2009;0;;
4965;10295;08711671;10295;4965.08711671;CATEGORIA0;;1;1;0;1;;FORRA CAVE RODA FRENTE ESQUERDO;FORRA CAVE RODA FRENTE ESQUERDO;0;;
4965;10295;08711672;10295;4965.08711672;CATEGORIA0;;1;1;0;1;;FORRA CAVE RODA FRENTE ESQUERDO;FORRA CAVE RODA FRENTE ESQUERDO;0;;
4965;10295;08711673;10295;4965.08711673;CATEGORIA0;;1;1;0;1;;FORRA CAVE RODA FRENTE ESQUERDO ->07/2010;FORRA CAVE RODA FRENTE ESQUERDO ->07/2010;0;;
4965;10295;08711674;10295;4965.08711674;CATEGORIA0;;1;1;0;1;;FORRA CAVE RODA FRENTE ESQUERDO;FORRA CAVE RODA FRENTE ESQUERDO;0;;
4965;10295;08711677;10295;4965.08711677;CATEGORIA0;;1;1;0;1;;FORRA CAVE RODA FRENTE ESQUERDO ->2015;FORRA CAVE RODA FRENTE ESQUERDO ->2015;0;;
4965;10295;08711681;10295;4965.08711681;CATEGORIA0;;1;1;0;1;;FORRA CAVE RODA FRENTE ESQUERDO;FORRA CAVE RODA FRENTE ESQUERDO;0;;
4965;10295;08711685;10295;4965.08711685;CATEGORIA0;;1;1;0;1;;FORRA CAVE RODA FRENTE ESQUERDO COM ISOLANTE;FORRA CAVE RODA FRENTE ESQUERDO COM ISOLANTE;0;;
4965;10295;08711695;10295;4965.08711695;CATEGORIA0;;1;1;0;1;;FORRA CAVE RODA FRENTE ESQUERDO PEÇA FRENTE;FORRA CAVE RODA FRENTE ESQUERDO PEÇA FRENTE;0;;
4965;10295;08711697;10295;4965.08711697;CATEGORIA0;;1;1;0;1;;FORRA CAVE RODA FRENTE ESQUERDO PEÇA FRENTE;FORRA CAVE RODA FRENTE ESQUERDO PEÇA FRENTE;0;;
4965;10295;08711730;10295;4965.08711730;CATEGORIA0;;1;1;0;1;;FORRA CAVE RODA FRENTE ESQUERDO;FORRA CAVE RODA FRENTE ESQUERDO;0;;
4965;10295;08711813;10295;4965.08711813;CATEGORIA0;;1;1;0;1;;FORRA CAVE RODA FRENTE ESQUERDO;FORRA CAVE RODA FRENTE ESQUERDO;0;;
4965;10295;08711814;10295;4965.08711814;CATEGORIA0;;1;1;0;1;;FORRA CAVE RODA FRENTE ESQUERDO PARA FRISO;FORRA CAVE RODA FRENTE ESQUERDO PARA FRISO;0;;
4965;10295;08711816;10295;4965.08711816;CATEGORIA0;;1;1;0;1;;FORRA CAVE RODA FRENTE ESQUERDO PARA FRISO;FORRA CAVE RODA FRENTE ESQUERDO PARA FRISO;0;;
4965;10295;08711825;10295;4965.08711825;CATEGORIA0;;1;1;0;1;;FORRA CAVE RODA FRENTE ESQUERDO 2002->2005;FORRA CAVE RODA FRENTE ESQUERDO 2002->2005;0;;
4965;10295;08711826;10295;4965.08711826;CATEGORIA0;;1;1;0;1;;FORRA CAVE RODA FRENTE ESQUERDO;FORRA CAVE RODA FRENTE ESQUERDO;0;;
4965;10295;08711831;10295;4965.08711831;CATEGORIA0;;1;1;0;1;;FORRA CAVE RODA FRENTE ESQUERDO ->05/2009;FORRA CAVE RODA FRENTE ESQUERDO ->05/2009;0;;
4965;10295;08711833;10295;4965.08711833;CATEGORIA0;;1;1;0;1;;FORRA CAVE RODA FRENTE ESQUERDO;FORRA CAVE RODA FRENTE ESQUERDO;0;;
4965;10295;08711837;10295;4965.08711837;CATEGORIA0;;1;1;0;1;;FORRA CAVE RODA FRENTE ESQUERDO;FORRA CAVE RODA FRENTE ESQUERDO;0;;
4965;10295;08711838;10295;4965.08711838;CATEGORIA0;;1;1;0;1;;FORRA CAVE RODA FRENTE ESQUERDO LX;FORRA CAVE RODA FRENTE ESQUERDO LX;0;;
4965;10295;08711839;10295;4965.08711839;CATEGORIA0;;1;1;0;1;;FORRA CAVE RODA FRENTE ESQUERDO;FORRA CAVE RODA FRENTE ESQUERDO;0;;
4965;10295;08711840;10295;4965.08711840;CATEGORIA0;;1;1;0;1;;FORRA CAVE RODA FRENTE ESQUERDO;FORRA CAVE RODA FRENTE ESQUERDO;0;;
4965;10295;08711841;10295;4965.08711841;CATEGORIA0;;1;1;0;1;;FORRA CAVE RODA FRENTE ESQUERDO;FORRA CAVE RODA FRENTE ESQUERDO;0;;
4965;10295;08711842;10295;4965.08711842;CATEGORIA0;;1;1;0;1;;FORRA CAVE RODA FRENTE ESQUERDO 5 PORTAS;FORRA CAVE RODA FRENTE ESQUERDO 5 PORTAS;0;;
4965;10295;08711843;10295;4965.08711843;CATEGORIA0;;1;1;0;1;;FORRA CAVE RODA FRENTE ESQUERDO 5 PORTAS/FAMILIAR 10/2006->0;FORRA CAVE RODA FRENTE ESQUERDO 5 PORTAS/FAMILIAR 10/2006->0;0;;
4965;10295;08711845;10295;4965.08711845;CATEGORIA0;;1;1;0;1;;FORRA CAVE RODA FRENTE ESQUERDO;FORRA CAVE RODA FRENTE ESQUERDO;0;;
4965;10295;08711846;10295;4965.08711846;CATEGORIA0;;1;1;0;1;;FORRA CAVE RODA FRENTE ESQUERDO COM ISOLANTE 5 PORTAS;FORRA CAVE RODA FRENTE ESQUERDO COM ISOLANTE 5 PORTAS;0;;
4965;10295;08711850;10295;4965.08711850;CATEGORIA0;;1;1;0;1;;FORRA CAVE RODA FRENTE ESQUERDO;FORRA CAVE RODA FRENTE ESQUERDO;0;;
4965;10295;08711851;10295;4965.08711851;CATEGORIA0;;1;1;0;1;;FORRA CAVE RODA FRENTE ESQUERDO PARA FRISO;FORRA CAVE RODA FRENTE ESQUERDO PARA FRISO;0;;
4965;10295;08711852;10295;4965.08711852;CATEGORIA0;;1;1;0;1;;FORRA CAVE RODA FRENTE ESQUERDO;FORRA CAVE RODA FRENTE ESQUERDO;0;;
4965;10295;08711959;10295;4965.08711959;CATEGORIA0;;1;1;0;1;;FORRA CAVE RODA FRENTE ESQUERDO ->2009;FORRA CAVE RODA FRENTE ESQUERDO ->2009;0;;
4965;10295;08711960;10295;4965.08711960;CATEGORIA0;;1;1;0;1;;FORRA CAVE RODA FRENTE ESQUERDO 2.0 SPORT;FORRA CAVE RODA FRENTE ESQUERDO 2.0 SPORT;0;;
4965;10295;08711964;10295;4965.08711964;CATEGORIA0;;1;1;0;1;;FORRA CAVE RODA FRENTE ESQUERDO;FORRA CAVE RODA FRENTE ESQUERDO;0;;
4965;10295;08711965;10295;4965.08711965;CATEGORIA0;;1;1;0;1;;FORRA CAVE RODA FRENTE ESQUERDO SEDAN;FORRA CAVE RODA FRENTE ESQUERDO SEDAN;0;;
4965;10295;08711966;10295;4965.08711966;CATEGORIA0;;1;1;0;1;;FORRA CAVE RODA FRENTE ESQUERDO TURBO;FORRA CAVE RODA FRENTE ESQUERDO TURBO;0;;
4965;10295;08711968;10295;4965.08711968;CATEGORIA0;;1;1;0;1;;FORRA CAVE RODA FRENTE ESQUERDO;FORRA CAVE RODA FRENTE ESQUERDO;0;;
4965;10295;08711969;10295;4965.08711969;CATEGORIA0;;1;1;0;1;;FORRA CAVE RODA FRENTE ESQUERDO SPORT;FORRA CAVE RODA FRENTE ESQUERDO SPORT;0;;
4965;10295;08711970;10295;4965.08711970;CATEGORIA0;;1;1;0;1;;FORRA CAVE RODA FRENTE ESQUERDO;FORRA CAVE RODA FRENTE ESQUERDO;0;;
4965;10295;08711972;10295;4965.08711972;CATEGORIA0;;1;1;0;1;;FORRA CAVE RODA FRENTE ESQUERDO GASOLEO;FORRA CAVE RODA FRENTE ESQUERDO GASOLEO;0;;
4965;10295;08712020;10295;4965.08712020;CATEGORIA0;;1;1;0;1;;FORRA CAVE RODA FRENTE ESQUERDO PEÇA TRASEIRA;FORRA CAVE RODA FRENTE ESQUERDO PEÇA TRASEIRA;0;;
4965;10295;08712021;10295;4965.08712021;CATEGORIA0;;1;1;0;1;;FORRA CAVE RODA FRENTE ESQUERDO PEÇA FRENTE;FORRA CAVE RODA FRENTE ESQUERDO PEÇA FRENTE;0;;
4965;10295;08712023;10295;4965.08712023;CATEGORIA0;;1;1;0;1;;FORRA CAVE RODA FRENTE ESQUERDO;FORRA CAVE RODA FRENTE ESQUERDO;0;;
4965;10295;08712033;10295;4965.08712033;CATEGORIA0;;1;1;0;1;;FORRA CAVE RODA FRENTE ESQUERDO VITO;FORRA CAVE RODA FRENTE ESQUERDO VITO;0;;
4965;10295;08712035;10295;4965.08712035;CATEGORIA0;;1;1;0;1;;FORRA CAVE RODA FRENTE ESQUERDO;FORRA CAVE RODA FRENTE ESQUERDO;0;;
4965;10295;08712040;10295;4965.08712040;CATEGORIA0;;1;1;0;1;;FORRA CAVE RODA FRENTE ESQUERDO PEÇA FRENTE 1999->;FORRA CAVE RODA FRENTE ESQUERDO PEÇA FRENTE 1999->;0;;
4965;10295;08712041;10295;4965.08712041;CATEGORIA0;;1;1;0;1;;FORRA CAVE RODA FRENTE ESQUERDO PEÇA FRENTE;FORRA CAVE RODA FRENTE ESQUERDO PEÇA FRENTE;0;;
4965;10295;08712043;10295;4965.08712043;CATEGORIA0;;1;1;0;1;;FORRA CAVE RODA FRENTE ESQUERDO;FORRA CAVE RODA FRENTE ESQUERDO;0;;
4965;10295;08712044;10295;4965.08712044;CATEGORIA0;;1;1;0;1;;FORRA CAVE RODA FRENTE ESQUERDO PEÇA FRENTE;FORRA CAVE RODA FRENTE ESQUERDO PEÇA FRENTE;0;;
4965;10295;08712045;10295;4965.08712045;CATEGORIA0;;1;1;0;1;;FORRA CAVE RODA FRENTE ESQUERDO PEÇA FRENTE;FORRA CAVE RODA FRENTE ESQUERDO PEÇA FRENTE;0;;
4965;10295;08712046;10295;4965.08712046;CATEGORIA0;;1;1;0;1;;FORRA CAVE RODA FRENTE ESQUERDO PEÇA FRENTE (&SW 2011->);FORRA CAVE RODA FRENTE ESQUERDO PEÇA FRENTE (&SW 2011->);0;;
4965;10295;08712047;10295;4965.08712047;CATEGORIA0;;1;1;0;1;;FORRA CAVE RODA FRENTE ESQUERDO;FORRA CAVE RODA FRENTE ESQUERDO;0;;
4965;10295;08712049;10295;4965.08712049;CATEGORIA0;;1;1;0;1;;FORRA CAVE RODA FRENTE ESQUERDO PEÇA FRENTE;FORRA CAVE RODA FRENTE ESQUERDO PEÇA FRENTE;0;;
4965;10295;08712054;10295;4965.08712054;CATEGORIA0;;1;1;0;1;;FORRA CAVE RODA FRENTE ESQUERDO PEÇA FRENTE;FORRA CAVE RODA FRENTE ESQUERDO PEÇA FRENTE;0;;
4965;10295;08712055;10295;4965.08712055;CATEGORIA0;;1;1;0;1;;FORRA CAVE RODA FRENTE ESQUERDO PEÇA FRENTE;FORRA CAVE RODA FRENTE ESQUERDO PEÇA FRENTE;0;;
4965;10295;08712058;10295;4965.08712058;CATEGORIA0;;1;1;0;1;;FORRA CAVE RODA FRENTE ESQUERDO PEÇA FRENTE;FORRA CAVE RODA FRENTE ESQUERDO PEÇA FRENTE;0;;
4965;10295;08712060;10295;4965.08712060;CATEGORIA0;;1;1;0;1;;FORRA CAVE RODA FRENTE ESQUERDO PEÇA FRENTE;FORRA CAVE RODA FRENTE ESQUERDO PEÇA FRENTE;0;;
4965;10295;08712062;10295;4965.08712062;CATEGORIA0;;1;1;0;1;;FORRA CAVE RODA FRENTE ESQUERDO PEÇA FRENTE;FORRA CAVE RODA FRENTE ESQUERDO PEÇA FRENTE;0;;
4965;10295;08712063;10295;4965.08712063;CATEGORIA0;;1;1;0;1;;FORRA CAVE RODA FRENTE ESQUERDO PEÇA FRENTE;FORRA CAVE RODA FRENTE ESQUERDO PEÇA FRENTE;0;;
4965;10295;08712066;10295;4965.08712066;CATEGORIA0;;1;1;0;1;;FORRA CAVE RODA FRENTE ESQUERDO PEÇA FRENTE;FORRA CAVE RODA FRENTE ESQUERDO PEÇA FRENTE;0;;
4965;10295;08712070;10295;4965.08712070;CATEGORIA0;;1;1;0;1;;FORRA CAVE RODA FRENTE ESQUERDO;FORRA CAVE RODA FRENTE ESQUERDO;0;;
4965;10295;08712114;10295;4965.08712114;CATEGORIA0;;1;1;0;1;;FORRA CAVE RODA FRENTE ESQUERDO;FORRA CAVE RODA FRENTE ESQUERDO;0;;
4965;10295;08712140;10295;4965.08712140;CATEGORIA0;;1;1;0;1;;FORRA CAVE RODA FRENTE ESQUERDO;FORRA CAVE RODA FRENTE ESQUERDO;0;;
4965;10295;08712142;10295;4965.08712142;CATEGORIA0;;1;1;0;1;;FORRA CAVE RODA FRENTE ESQUERDO;FORRA CAVE RODA FRENTE ESQUERDO;0;;
4965;10295;08712144;10295;4965.08712144;CATEGORIA0;;1;1;0;1;;FORRA CAVE RODA FRENTE ESQUERDO;FORRA CAVE RODA FRENTE ESQUERDO;0;;
4965;10295;08712145;10295;4965.08712145;CATEGORIA0;;1;1;0;1;;FORRA CAVE RODA FRENTE ESQUERDO COM ISOLANTE;FORRA CAVE RODA FRENTE ESQUERDO COM ISOLANTE;0;;
4965;10295;08712150;10295;4965.08712150;CATEGORIA0;;1;1;0;1;;FORRA CAVE RODA FRENTE ESQUERDO;FORRA CAVE RODA FRENTE ESQUERDO;0;;
4965;10295;08712151;10295;4965.08712151;CATEGORIA0;;1;1;0;1;;FORRA CAVE RODA FRENTE ESQUERDO PEÇA FRENTE;FORRA CAVE RODA FRENTE ESQUERDO PEÇA FRENTE;0;;
4965;10295;08712156;10295;4965.08712156;CATEGORIA0;;1;1;0;1;;FORRA CAVE RODA FRENTE ESQUERDO 4 PORTAS;FORRA CAVE RODA FRENTE ESQUERDO 4 PORTAS;0;;
4965;10295;08712161;10295;4965.08712161;CATEGORIA0;;1;1;0;1;;FORRA CAVE RODA FRENTE ESQUERDO;FORRA CAVE RODA FRENTE ESQUERDO;0;;
4965;10295;08712200;10295;4965.08712200;CATEGORIA0;;1;1;0;1;;FORRA CAVE RODA FRENTE ESQUERDO;FORRA CAVE RODA FRENTE ESQUERDO;0;;
4965;10295;08712201;10295;4965.08712201;CATEGORIA0;;1;1;0;1;;FORRA CAVE RODA FRENTE ESQUERDO;FORRA CAVE RODA FRENTE ESQUERDO;0;;
4965;10295;08712204;10295;4965.08712204;CATEGORIA0;;1;1;0;1;;FORRA CAVE RODA FRENTE ESQUERDO (S);FORRA CAVE RODA FRENTE ESQUERDO (S);0;;
4965;10295;08712205;10295;4965.08712205;CATEGORIA0;;1;1;0;1;;FORRA CAVE RODA FRENTE ESQUERDO COOPER/COOPER SEM COOPER S J;FORRA CAVE RODA FRENTE ESQUERDO COOPER/COOPER SEM COOPER S J;0;;
4965;10295;08712602;10295;4965.08712602;CATEGORIA0;;1;1;0;1;;FORRA CAVE RODA FRENTE ESQUERDO 2006->;FORRA CAVE RODA FRENTE ESQUERDO 2006->;0;;
4965;10295;08712616;10295;4965.08712616;CATEGORIA0;;1;1;0;1;;FORRA CAVE RODA FRENTE ESQUERDO;FORRA CAVE RODA FRENTE ESQUERDO;0;;
4965;10295;08712624;10295;4965.08712624;CATEGORIA0;;1;1;0;1;;FORRA CAVE RODA FRENTE ESQUERDO;FORRA CAVE RODA FRENTE ESQUERDO;0;;
4965;10295;08712627;10295;4965.08712627;CATEGORIA0;;1;1;0;1;;FORRA CAVE RODA FRENTE ESQUERDO;FORRA CAVE RODA FRENTE ESQUERDO;0;;
4965;10295;08712628;10295;4965.08712628;CATEGORIA0;;1;1;0;1;;FORRA CAVE RODA FRENTE ESQUERDO;FORRA CAVE RODA FRENTE ESQUERDO;0;;
4965;10295;08712634;10295;4965.08712634;CATEGORIA0;;1;1;0;1;;FORRA CAVE RODA FRENTE ESQUERDO GASOLEO 1.9;FORRA CAVE RODA FRENTE ESQUERDO GASOLEO 1.9;0;;
4965;10295;08712636;10295;4965.08712636;CATEGORIA0;;1;1;0;1;;FORRA CAVE RODA FRENTE ESQUERDO;FORRA CAVE RODA FRENTE ESQUERDO;0;;
4965;10295;08712637;10295;4965.08712637;CATEGORIA0;;1;1;0;1;;FORRA CAVE RODA FRENTE ESQUERDO;FORRA CAVE RODA FRENTE ESQUERDO;0;;
4965;10295;08712641;10295;4965.08712641;CATEGORIA0;;1;1;0;1;;FORRA CAVE RODA FRENTE ESQUERDO;FORRA CAVE RODA FRENTE ESQUERDO;0;;
4965;10295;08712647;10295;4965.08712647;CATEGORIA0;;1;1;0;1;;FORRA CAVE RODA FRENTE ESQUERDO;FORRA CAVE RODA FRENTE ESQUERDO;0;;
4965;10295;08712649;10295;4965.08712649;CATEGORIA0;;1;1;0;1;;FORRA CAVE RODA FRENTE ESQUERDO ->2012;FORRA CAVE RODA FRENTE ESQUERDO ->2012;0;;
4965;10295;08712652;10295;4965.08712652;CATEGORIA0;;1;1;0;1;;FORRA CAVE RODA FRENTE ESQUERDO;FORRA CAVE RODA FRENTE ESQUERDO;0;;
4965;10295;08712660;10295;4965.08712660;CATEGORIA0;;1;1;0;1;;FORRA CAVE RODA FRENTE ESQUERDO;FORRA CAVE RODA FRENTE ESQUERDO;0;;
4965;10295;08712662;10295;4965.08712662;CATEGORIA0;;1;1;0;1;;FORRA CAVE RODA FRENTE ESQUERDO;FORRA CAVE RODA FRENTE ESQUERDO;0;;
4965;10295;08712664;10295;4965.08712664;CATEGORIA0;;1;1;0;1;;FORRA CAVE RODA FRENTE ESQUERDO;FORRA CAVE RODA FRENTE ESQUERDO;0;;
4965;10295;08712665;10295;4965.08712665;CATEGORIA0;;1;1;0;1;;FORRA CAVE RODA FRENTE ESQUERDO;FORRA CAVE RODA FRENTE ESQUERDO;0;;
4965;10295;08712667;10295;4965.08712667;CATEGORIA0;;1;1;0;1;;FORRA CAVE RODA FRENTE ESQUERDO;FORRA CAVE RODA FRENTE ESQUERDO;0;;
4965;10295;08712669;10295;4965.08712669;CATEGORIA0;;1;1;0;1;;FORRA CAVE RODA FRENTE ESQUERDO;FORRA CAVE RODA FRENTE ESQUERDO;0;;
4965;10295;08712671;10295;4965.08712671;CATEGORIA0;;1;1;0;1;;FORRA CAVE RODA FRENTE ESQUERDO;FORRA CAVE RODA FRENTE ESQUERDO;0;;
4965;10295;08712675;10295;4965.08712675;CATEGORIA0;;1;1;0;1;;FORRA CAVE RODA FRENTE ESQUERDO;FORRA CAVE RODA FRENTE ESQUERDO;0;;
4965;10295;08712680;10295;4965.08712680;CATEGORIA0;;1;1;0;1;;FORRA CAVE RODA FRENTE ESQUERDO;FORRA CAVE RODA FRENTE ESQUERDO;0;;
4965;10295;08713005;10295;4965.08713005;CATEGORIA0;;1;1;0;1;;FORRA CAVE RODA FRENTE ESQUERDO;FORRA CAVE RODA FRENTE ESQUERDO;0;;
4965;10295;08713037;10295;4965.08713037;CATEGORIA0;;1;1;0;1;;FORRA CAVE RODA FRENTE ESQUERDO 1.8;FORRA CAVE RODA FRENTE ESQUERDO 1.8;0;;
4965;10295;08713038;10295;4965.08713038;CATEGORIA0;;1;1;0;1;;FORRA CAVE RODA FRENTE ESQUERDO;FORRA CAVE RODA FRENTE ESQUERDO;0;;
4965;10295;08713040;10295;4965.08713040;CATEGORIA0;;1;1;0;1;;FORRA CAVE RODA FRENTE ESQUERDO;FORRA CAVE RODA FRENTE ESQUERDO;0;;
4965;10295;08713048;10295;4965.08713048;CATEGORIA0;;1;1;0;1;;FORRA CAVE RODA FRENTE ESQUERDO;FORRA CAVE RODA FRENTE ESQUERDO;0;;
4965;10295;08713054;10295;4965.08713054;CATEGORIA0;;1;1;0;1;;FORRA CAVE RODA FRENTE ESQUERDO;FORRA CAVE RODA FRENTE ESQUERDO;0;;
4965;10295;08713055;10295;4965.08713055;CATEGORIA0;;1;1;0;1;;FORRA CAVE RODA FRENTE ESQUERDO;FORRA CAVE RODA FRENTE ESQUERDO;0;;
4965;10295;08713060;10295;4965.08713060;CATEGORIA0;;1;1;0;1;;FORRA CAVE RODA FRENTE ESQUERDO;FORRA CAVE RODA FRENTE ESQUERDO;0;;
4965;10295;08713063;10295;4965.08713063;CATEGORIA0;;1;1;0;1;;FORRA CAVE RODA FRENTE ESQUERDO;FORRA CAVE RODA FRENTE ESQUERDO;0;;
4965;10295;08713065;10295;4965.08713065;CATEGORIA0;;1;1;0;1;;FORRA CAVE RODA FRENTE ESQUERDO;FORRA CAVE RODA FRENTE ESQUERDO;0;;
4965;10295;08713067;10295;4965.08713067;CATEGORIA0;;1;1;0;1;;FORRA CAVE RODA FRENTE ESQUERDO;FORRA CAVE RODA FRENTE ESQUERDO;0;;
4965;10295;08713070;10295;4965.08713070;CATEGORIA0;;1;1;0;1;;FORRA CAVE RODA FRENTE ESQUERDO;FORRA CAVE RODA FRENTE ESQUERDO;0;;
4965;10295;08713080;10295;4965.08713080;CATEGORIA0;;1;1;0;1;;FORRA CAVE RODA FRENTE ESQUERDO;FORRA CAVE RODA FRENTE ESQUERDO;0;;
4965;10295;08713081;10295;4965.08713081;CATEGORIA0;;1;1;0;1;;FORRA CAVE RODA FRENTE ESQUERDO;FORRA CAVE RODA FRENTE ESQUERDO;0;;
4965;10295;08713087;10295;4965.08713087;CATEGORIA0;;1;1;0;1;;FORRA CAVE RODA FRENTE ESQUERDO 5 PORTAS/FAMILIAR->2013;FORRA CAVE RODA FRENTE ESQUERDO 5 PORTAS/FAMILIAR->2013;0;;
4965;10295;08713088;10295;4965.08713088;CATEGORIA0;;1;1;0;1;;FORRA CAVE RODA FRENTE ESQUERDO;FORRA CAVE RODA FRENTE ESQUERDO;0;;
4965;10295;08713095;10295;4965.08713095;CATEGORIA0;;1;1;0;1;;FORRA CAVE RODA FRENTE ESQUERDO;FORRA CAVE RODA FRENTE ESQUERDO;0;;
4965;10295;08713097;10295;4965.08713097;CATEGORIA0;;1;1;0;1;;FORRA CAVE RODA FRENTE ESQUERDO;FORRA CAVE RODA FRENTE ESQUERDO;0;;
4965;10295;08713510;10295;4965.08713510;CATEGORIA0;;1;1;0;1;;FORRA CAVE RODA FRENTE ESQUERDO;FORRA CAVE RODA FRENTE ESQUERDO;0;;
4965;10295;08713511;10295;4965.08713511;CATEGORIA0;;1;1;0;1;;FORRA CAVE RODA FRENTE ESQUERDO;FORRA CAVE RODA FRENTE ESQUERDO;0;;
4965;10295;08713512;10295;4965.08713512;CATEGORIA0;;1;1;0;1;;FORRA CAVE RODA FRENTE ESQUERDO;FORRA CAVE RODA FRENTE ESQUERDO;0;;
4965;10295;08713531;10295;4965.08713531;CATEGORIA0;;1;1;0;1;;FORRA CAVE RODA FRENTE ESQUERDO;FORRA CAVE RODA FRENTE ESQUERDO;0;;
4965;10295;08713532;10295;4965.08713532;CATEGORIA0;;1;1;0;1;;FORRA CAVE RODA FRENTE ESQUERDO 3/5 PORTAS;FORRA CAVE RODA FRENTE ESQUERDO 3/5 PORTAS;0;;
4965;10295;08713535;10295;4965.08713535;CATEGORIA0;;1;1;0;1;;FORRA CAVE RODA FRENTE ESQUERDO PEÇA FRENTE 8V;FORRA CAVE RODA FRENTE ESQUERDO PEÇA FRENTE 8V;0;;
4965;10295;08713536;10295;4965.08713536;CATEGORIA0;;1;1;0;1;;FORRA CAVE RODA FRENTE ESQUERDO 3 PORTAS;FORRA CAVE RODA FRENTE ESQUERDO 3 PORTAS;0;;
4965;10295;08713538;10295;4965.08713538;CATEGORIA0;;1;1;0;1;;FORRA CAVE RODA FRENTE ESQUERDO GT/XY SEM ISOLAMENTO ACUSTIC;FORRA CAVE RODA FRENTE ESQUERDO GT/XY SEM ISOLAMENTO ACUSTIC;0;;
4965;10295;08713540;10295;4965.08713540;CATEGORIA0;;1;1;0;1;;FORRA CAVE RODA FRENTE ESQUERDO;FORRA CAVE RODA FRENTE ESQUERDO;0;;
4965;10295;08713541;10295;4965.08713541;CATEGORIA0;;1;1;0;1;;FORRA CAVE RODA FRENTE ESQUERDO;FORRA CAVE RODA FRENTE ESQUERDO;0;;
4965;10295;08713542;10295;4965.08713542;CATEGORIA0;;1;1;0;1;;FORRA CAVE RODA FRENTE ESQUERDO PEÇA FRENTE INFERIOR;FORRA CAVE RODA FRENTE ESQUERDO PEÇA FRENTE INFERIOR;0;;
4965;10295;08713543;10295;4965.08713543;CATEGORIA0;;1;1;0;1;;FORRA CAVE RODA FRENTE ESQUERDO PEÇA FRENTE;FORRA CAVE RODA FRENTE ESQUERDO PEÇA FRENTE;0;;
4965;10295;08713544;10295;4965.08713544;CATEGORIA0;;1;1;0;1;;FORRA CAVE RODA FRENTE ESQUERDO PEÇA FRENTE;FORRA CAVE RODA FRENTE ESQUERDO PEÇA FRENTE;0;;
4965;10295;08713546;10295;4965.08713546;CATEGORIA0;;1;1;0;1;;FORRA CAVE RODA FRENTE ESQUERDO PEÇA FRENTE;FORRA CAVE RODA FRENTE ESQUERDO PEÇA FRENTE;0;;
4965;10295;08713552;10295;4965.08713552;CATEGORIA0;;1;1;0;1;;FORRA CAVE RODA FRENTE ESQUERDO 2001->;FORRA CAVE RODA FRENTE ESQUERDO 2001->;0;;
4965;10295;08713553;10295;4965.08713553;CATEGORIA0;;1;1;0;1;;FORRA CAVE RODA FRENTE ESQUERDO PEÇA FRENTE SEDAN;FORRA CAVE RODA FRENTE ESQUERDO PEÇA FRENTE SEDAN;0;;
4965;10295;08713554;10295;4965.08713554;CATEGORIA0;;1;1;0;1;;FORRA CAVE RODA FRENTE ESQUERDO;FORRA CAVE RODA FRENTE ESQUERDO;0;;
4965;10295;08713557;10295;4965.08713557;CATEGORIA0;;1;1;0;1;;FORRA CAVE RODA FRENTE ESQUERDO;FORRA CAVE RODA FRENTE ESQUERDO;0;;
4965;10295;08713558;10295;4965.08713558;CATEGORIA0;;1;1;0;1;;FORRA CAVE RODA FRENTE ESQUERDO;FORRA CAVE RODA FRENTE ESQUERDO;0;;
4965;10295;08713568;10295;4965.08713568;CATEGORIA0;;1;1;0;1;;FORRA CAVE RODA FRENTE ESQUERDO;FORRA CAVE RODA FRENTE ESQUERDO;0;;
4965;10295;08713570;10295;4965.08713570;CATEGORIA0;;1;1;0;1;;RESGUARDO CAVE RODA FRONTAL ESQUERDO;RESGUARDO CAVE RODA FRONTAL ESQUERDO;0;;
4965;10295;08713571;10295;4965.08713571;CATEGORIA0;;1;1;0;1;;FORRA CAVE RODA FRENTE ESQUERDO;FORRA CAVE RODA FRENTE ESQUERDO;0;;
4965;10295;08713573;10295;4965.08713573;CATEGORIA0;;1;1;0;1;;FORRA CAVE RODA FRENTE ESQUERDO;FORRA CAVE RODA FRENTE ESQUERDO;0;;
4965;10295;08713575;10295;4965.08713575;CATEGORIA0;;1;1;0;1;;FORRA CAVE RODA FRENTE ESQUERDO COM ISOLANTE;FORRA CAVE RODA FRENTE ESQUERDO COM ISOLANTE;0;;
4965;10295;08714005;10295;4965.08714005;CATEGORIA0;;1;1;0;1;;FORRA CAVE RODA FRENTE ESQUERDO PEÇA FRENTE;FORRA CAVE RODA FRENTE ESQUERDO PEÇA FRENTE;0;;
4965;10295;08714008;10295;4965.08714008;CATEGORIA0;;1;1;0;1;;FORRA CAVE RODA FRENTE ESQUERDO PEÇA FRENTE;FORRA CAVE RODA FRENTE ESQUERDO PEÇA FRENTE;0;;
4965;10295;08714022;10295;4965.08714022;CATEGORIA0;;1;1;0;1;;FORRA CAVE RODA FRENTE ESQUERDO;FORRA CAVE RODA FRENTE ESQUERDO;0;;
4965;10295;08714026;10295;4965.08714026;CATEGORIA0;;1;1;0;1;;FORRA CAVE RODA FRENTE ESQUERDO PEÇA FRENTE;FORRA CAVE RODA FRENTE ESQUERDO PEÇA FRENTE;0;;
4965;10295;08714029;10295;4965.08714029;CATEGORIA0;;1;1;0;1;;FORRA CAVE RODA FRENTE ESQUERDO PEÇA FRENTE;FORRA CAVE RODA FRENTE ESQUERDO PEÇA FRENTE;0;;
4965;10295;08714032;10295;4965.08714032;CATEGORIA0;;1;1;0;1;;FORRA CAVE RODA FRENTE ESQUERDO PEÇA FRENTE;FORRA CAVE RODA FRENTE ESQUERDO PEÇA FRENTE;0;;
4965;10295;08714038;10295;4965.08714038;CATEGORIA0;;1;1;0;1;;FORRA CAVE RODA FRENTE ESQUERDO PEÇA FRENTE;FORRA CAVE RODA FRENTE ESQUERDO PEÇA FRENTE;0;;
4965;10295;08714051;10295;4965.08714051;CATEGORIA0;;1;1;0;1;;FORRA CAVE RODA FRENTE ESQUERDO;FORRA CAVE RODA FRENTE ESQUERDO;0;;
4965;10295;08714058;10295;4965.08714058;CATEGORIA0;;1;1;0;1;;FORRA CAVE RODA FRENTE ESQUERDO;FORRA CAVE RODA FRENTE ESQUERDO;0;;
4965;10295;08714059;10295;4965.08714059;CATEGORIA0;;1;1;0;1;;FORRA CAVE RODA FRENTE ESQUERDO PEÇA FRENTE (ARO 15);FORRA CAVE RODA FRENTE ESQUERDO PEÇA FRENTE (ARO 15);0;;
4965;10295;08714063;10295;4965.08714063;CATEGORIA0;;1;1;0;1;;FORRA CAVE RODA FRENTE ESQUERDO;FORRA CAVE RODA FRENTE ESQUERDO;0;;
4965;10295;08714065;10295;4965.08714065;CATEGORIA0;;1;1;0;1;;FORRA CAVE RODA FRENTE ESQUERDO;FORRA CAVE RODA FRENTE ESQUERDO;0;;
4965;10295;08714069;10295;4965.08714069;CATEGORIA0;;1;1;0;1;;FORRA CAVE RODA FRENTE ESQUERDO PEÇA FRENTE;FORRA CAVE RODA FRENTE ESQUERDO PEÇA FRENTE;0;;
4965;10295;08714074;10295;4965.08714074;CATEGORIA0;;1;1;0;1;;FORRA CAVE RODA FRENTE ESQUERDO PEÇA FRENTE;FORRA CAVE RODA FRENTE ESQUERDO PEÇA FRENTE;0;;
4965;10295;08714075;10295;4965.08714075;CATEGORIA0;;1;1;0;1;;FORRA CAVE RODA FRENTE ESQUERDO PEÇA FRENTE 3/5 PORTAS;FORRA CAVE RODA FRENTE ESQUERDO PEÇA FRENTE 3/5 PORTAS;0;;
4965;10295;08714077;10295;4965.08714077;CATEGORIA0;;1;1;0;1;;FORRA CAVE RODA FRENTE ESQUERDO PEÇA TRASEIRA 2 PORTAS;FORRA CAVE RODA FRENTE ESQUERDO PEÇA TRASEIRA 2 PORTAS;0;;
4965;10295;08714078;10295;4965.08714078;CATEGORIA0;;1;1;0;1;;FORRA CAVE RODA FRENTE ESQUERDO PEÇA FRENTE GASOLINA 1.8/GAS;FORRA CAVE RODA FRENTE ESQUERDO PEÇA FRENTE GASOLINA 1.8/GAS;0;;
4965;10295;08714079;10295;4965.08714079;CATEGORIA0;;1;1;0;1;;FORRA CAVE RODA FRENTE ESQUERDO;FORRA CAVE RODA FRENTE ESQUERDO;0;;
4965;10295;08714080;10295;4965.08714080;CATEGORIA0;;1;1;0;1;;FORRA CAVE RODA FRENTE ESQUERDO;FORRA CAVE RODA FRENTE ESQUERDO;0;;
4965;10295;08714081;10295;4965.08714081;CATEGORIA0;;1;1;0;1;;FORRA CAVE RODA FRENTE ESQUERDO;FORRA CAVE RODA FRENTE ESQUERDO;0;;
4965;10295;08714083;10295;4965.08714083;CATEGORIA0;;1;1;0;1;;FORRA CAVE RODA FRENTE ESQUERDO;FORRA CAVE RODA FRENTE ESQUERDO;0;;
4965;10295;08714084;10295;4965.08714084;CATEGORIA0;;1;1;0;1;;FORRA CAVE RODA FRENTE ESQUERDO;FORRA CAVE RODA FRENTE ESQUERDO;0;;
4965;10295;08714085;10295;4965.08714085;CATEGORIA0;;1;1;0;1;;FORRA CAVE RODA FRENTE ESQUERDO PEÇA FRENTE 1996->2002;FORRA CAVE RODA FRENTE ESQUERDO PEÇA FRENTE 1996->2002;0;;
4965;10295;08714086;10295;4965.08714086;CATEGORIA0;;1;1;0;1;;FORRA CAVE RODA FRENTE ESQUERDO PEÇA FRENTE;FORRA CAVE RODA FRENTE ESQUERDO PEÇA FRENTE;0;;
4965;10295;08714088;10295;4965.08714088;CATEGORIA0;;1;1;0;1;;FORRA CAVE RODA FRENTE ESQUERDO PEÇA FRENTE ->2002;FORRA CAVE RODA FRENTE ESQUERDO PEÇA FRENTE ->2002;0;;
4965;10295;08714089;10295;4965.08714089;CATEGORIA0;;1;1;0;1;;FORRA CAVE RODA FRENTE ESQUERDO;FORRA CAVE RODA FRENTE ESQUERDO;0;;
4965;10295;08714090;10295;4965.08714090;CATEGORIA0;;1;1;0;1;;FORRA CAVE RODA FRENTE ESQUERDO PEÇA FRENTE 2WD;FORRA CAVE RODA FRENTE ESQUERDO PEÇA FRENTE 2WD;0;;
4965;10295;08714091;10295;4965.08714091;CATEGORIA0;;1;1;0;1;;FORRA CAVE RODA FRENTE ESQUERDO PEÇA FRENTE;FORRA CAVE RODA FRENTE ESQUERDO PEÇA FRENTE;0;;
4965;10295;08714092;10295;4965.08714092;CATEGORIA0;;1;1;0;1;;FORRA CAVE RODA FRENTE ESQUERDO PEÇA FRENTE;FORRA CAVE RODA FRENTE ESQUERDO PEÇA FRENTE;0;;
4965;10295;08714094;10295;4965.08714094;CATEGORIA0;;1;1;0;1;;FORRA CAVE RODA FRENTE ESQUERDO;FORRA CAVE RODA FRENTE ESQUERDO;0;;
4965;10295;08714098;10295;4965.08714098;CATEGORIA0;;1;1;0;1;;FORRA CAVE RODA FRENTE ESQUERDO PEÇA FRENTE;FORRA CAVE RODA FRENTE ESQUERDO PEÇA FRENTE;0;;
4965;10295;08714099;10295;4965.08714099;CATEGORIA0;;1;1;0;1;;FORRA CAVE RODA FRENTE ESQUERDO PEÇA FRENTE;FORRA CAVE RODA FRENTE ESQUERDO PEÇA FRENTE;0;;
4965;10295;08714122;10295;4965.08714122;CATEGORIA0;;1;1;0;1;;FORRA CAVE RODA FRENTE ESQUERDO 2.0L;FORRA CAVE RODA FRENTE ESQUERDO 2.0L;0;;
4965;10295;08714502;10295;4965.08714502;CATEGORIA0;;1;1;0;1;;FORRA CAVE RODA FRENTE ESQUERDO;FORRA CAVE RODA FRENTE ESQUERDO;0;;
4965;10295;08714573;10295;4965.08714573;CATEGORIA0;;1;1;0;1;;FORRA CAVE RODA FRENTE ESQUERDO;FORRA CAVE RODA FRENTE ESQUERDO;0;;
4965;10295;08714574;10295;4965.08714574;CATEGORIA0;;1;1;0;1;;FORRA CAVE RODA FRENTE ESQUERDO;FORRA CAVE RODA FRENTE ESQUERDO;0;;
4965;10295;08714577;10295;4965.08714577;CATEGORIA0;;1;1;0;1;;FORRA CAVE RODA FRENTE ESQUERDO;FORRA CAVE RODA FRENTE ESQUERDO;0;;
4965;10295;08714580;10295;4965.08714580;CATEGORIA0;;1;1;0;1;;FORRA CAVE RODA FRENTE ESQUERDO;FORRA CAVE RODA FRENTE ESQUERDO;0;;
4965;10295;08714585;10295;4965.08714585;CATEGORIA0;;1;1;0;1;;FORRA CAVE RODA FRENTE ESQUERDO;FORRA CAVE RODA FRENTE ESQUERDO;0;;
4965;10295;08714591;10295;4965.08714591;CATEGORIA0;;1;1;0;1;;FORRA CAVE RODA FRENTE ESQUERDO;FORRA CAVE RODA FRENTE ESQUERDO;0;;
4965;10295;08714620;10295;4965.08714620;CATEGORIA0;;1;1;0;1;;FORRA CAVE RODA FRENTE ESQUERDO;FORRA CAVE RODA FRENTE ESQUERDO;0;;
4965;10295;08714626;10295;4965.08714626;CATEGORIA0;;1;1;0;1;;FORRA CAVE RODA FRENTE ESQUERDO;FORRA CAVE RODA FRENTE ESQUERDO;0;;
4965;10295;08714628;10295;4965.08714628;CATEGORIA0;;1;1;0;1;;FORRA CAVE RODA FRENTE ESQUERDO;FORRA CAVE RODA FRENTE ESQUERDO;0;;
4965;10295;08714632;10295;4965.08714632;CATEGORIA0;;1;1;0;1;;FORRA CAVE RODA FRENTE ESQUERDO;FORRA CAVE RODA FRENTE ESQUERDO;0;;
4965;10295;08714633;10295;4965.08714633;CATEGORIA0;;1;1;0;1;;FORRA CAVE RODA FRENTE ESQUERDO;FORRA CAVE RODA FRENTE ESQUERDO;0;;
4965;10295;08714636;10295;4965.08714636;CATEGORIA0;;1;1;0;1;;FORRA CAVE RODA FRENTE ESQUERDO;FORRA CAVE RODA FRENTE ESQUERDO;0;;
4965;10295;08714638;10295;4965.08714638;CATEGORIA0;;1;1;0;1;;FORRA CAVE RODA FRENTE ESQUERDO;FORRA CAVE RODA FRENTE ESQUERDO;0;;
4965;10295;08714640;10295;4965.08714640;CATEGORIA0;;1;1;0;1;;FORRA CAVE RODA FRENTE ESQUERDO;FORRA CAVE RODA FRENTE ESQUERDO;0;;
4965;10295;08714644;10295;4965.08714644;CATEGORIA0;;1;1;0;1;;FORRA CAVE RODA FRENTE ESQUERDO;FORRA CAVE RODA FRENTE ESQUERDO;0;;
4965;10295;08714701;10295;4965.08714701;CATEGORIA0;;1;1;0;1;;FORRA CAVE RODA FRENTE ESQUERDO;FORRA CAVE RODA FRENTE ESQUERDO;0;;
4965;10295;08714704;10295;4965.08714704;CATEGORIA0;;1;1;0;1;;FORRA CAVE RODA FRENTE ESQUERDO;FORRA CAVE RODA FRENTE ESQUERDO;0;;
4965;10295;08714707;10295;4965.08714707;CATEGORIA0;;1;1;0;1;;FORRA CAVE RODA FRENTE ESQUERDO;FORRA CAVE RODA FRENTE ESQUERDO;0;;
4965;10295;08714711;10295;4965.08714711;CATEGORIA0;;1;1;0;1;;FORRA CAVE RODA FRENTE ESQUERDO;FORRA CAVE RODA FRENTE ESQUERDO;0;;
4965;10295;08714714;10295;4965.08714714;CATEGORIA0;;1;1;0;1;;FORRA CAVE RODA FRENTE ESQUERDO 1.8 GASOLINA;FORRA CAVE RODA FRENTE ESQUERDO 1.8 GASOLINA;0;;
4965;10295;08714715;10295;4965.08714715;CATEGORIA0;;1;1;0;1;;FORRA CAVE RODA FRENTE ESQUERDO;FORRA CAVE RODA FRENTE ESQUERDO;0;;
4965;10295;08714717;10295;4965.08714717;CATEGORIA0;;1;1;0;1;;FORRA CAVE RODA FRENTE ESQUERDO PEÇA TRASEIRA;FORRA CAVE RODA FRENTE ESQUERDO PEÇA TRASEIRA;0;;
4965;10295;08714718;10295;4965.08714718;CATEGORIA0;;1;1;0;1;;FORRA CAVE RODA FRENTE ESQUERDO;FORRA CAVE RODA FRENTE ESQUERDO;0;;
4965;10295;08714721;10295;4965.08714721;CATEGORIA0;;1;1;0;1;;FORRA CAVE RODA FRENTE ESQUERDO;FORRA CAVE RODA FRENTE ESQUERDO;0;;
4965;10295;08714725;10295;4965.08714725;CATEGORIA0;;1;1;0;1;;FORRA CAVE RODA FRENTE ESQUERDO;FORRA CAVE RODA FRENTE ESQUERDO;0;;
4965;10295;08714727;10295;4965.08714727;CATEGORIA0;;1;1;0;1;;FORRA CAVE RODA FRENTE ESQUERDO;FORRA CAVE RODA FRENTE ESQUERDO;0;;
4965;10295;08714908;10295;4965.08714908;CATEGORIA0;;1;1;0;1;;FORRA CAVE RODA FRENTE ESQUERDO;FORRA CAVE RODA FRENTE ESQUERDO;0;;
4965;10295;08715101;10295;4965.08715101;CATEGORIA0;;1;1;0;1;;FORRA CAVE RODA FRENTE ESQUERDO;FORRA CAVE RODA FRENTE ESQUERDO;0;;
4965;10295;08715110;10295;4965.08715110;CATEGORIA0;;1;1;0;1;;FORRA CAVE RODA FRENTE ESQUERDO;FORRA CAVE RODA FRENTE ESQUERDO;0;;
4965;10295;08715112;10295;4965.08715112;CATEGORIA0;;1;1;0;1;;FORRA CAVE RODA FRENTE ESQUERDO 3/5 PORTAS;FORRA CAVE RODA FRENTE ESQUERDO 3/5 PORTAS;0;;
4965;10295;08715113;10295;4965.08715113;CATEGORIA0;;1;1;0;1;;FORRA CAVE RODA FRENTE ESQUERDO;FORRA CAVE RODA FRENTE ESQUERDO;0;;
4965;10295;08715114;10295;4965.08715114;CATEGORIA0;;1;1;0;1;;FORRA CAVE RODA FRENTE ESQUERDO;FORRA CAVE RODA FRENTE ESQUERDO;0;;
4965;10295;08715115;10295;4965.08715115;CATEGORIA0;;1;1;0;1;;FORRA CAVE RODA FRENTE ESQUERDO;FORRA CAVE RODA FRENTE ESQUERDO;0;;
4965;10295;08715116;10295;4965.08715116;CATEGORIA0;;1;1;0;1;;FORRA CAVE RODA FRENTE ESQUERDO 2007->2008;FORRA CAVE RODA FRENTE ESQUERDO 2007->2008;0;;
4965;10295;08715117;10295;4965.08715117;CATEGORIA0;;1;1;0;1;;FORRA CAVE RODA FRENTE ESQUERDO;FORRA CAVE RODA FRENTE ESQUERDO;0;;
4965;10295;08715119;10295;4965.08715119;CATEGORIA0;;1;1;0;1;;FORRA CAVE RODA FRENTE ESQUERDO;FORRA CAVE RODA FRENTE ESQUERDO;0;;
4965;10295;08715123;10295;4965.08715123;CATEGORIA0;;1;1;0;1;;FORRA CAVE RODA FRENTE ESQUERDO;FORRA CAVE RODA FRENTE ESQUERDO;0;;
4965;10295;08715128;10295;4965.08715128;CATEGORIA0;;1;1;0;1;;FORRA CAVE RODA FRENTE ESQUERDO;FORRA CAVE RODA FRENTE ESQUERDO;0;;
4965;10295;08715129;10295;4965.08715129;CATEGORIA0;;1;1;0;1;;FORRA CAVE RODA FRENTE ESQUERDO;FORRA CAVE RODA FRENTE ESQUERDO;0;;
4965;10295;08715132;10295;4965.08715132;CATEGORIA0;;1;1;0;1;;FORRA CAVE RODA FRENTE ESQUERDO (100) 1998->2007;FORRA CAVE RODA FRENTE ESQUERDO (100) 1998->2007;0;;
4965;10295;08715134;10295;4965.08715134;CATEGORIA0;;1;1;0;1;;FORRA CAVE RODA FRENTE ESQUERDO ->2014;FORRA CAVE RODA FRENTE ESQUERDO ->2014;0;;
4965;10295;08715136;10295;4965.08715136;CATEGORIA0;;1;1;0;1;;FORRA CAVE RODA FRENTE ESQUERDO ->07/2013;FORRA CAVE RODA FRENTE ESQUERDO ->07/2013;0;;
4965;10295;08715138;10295;4965.08715138;CATEGORIA0;;1;1;0;1;;FORRA CAVE RODA FRENTE ESQUERDO;FORRA CAVE RODA FRENTE ESQUERDO;0;;
4965;10295;08715143;10295;4965.08715143;CATEGORIA0;;1;1;0;1;;FORRA CAVE RODA FRENTE ESQUERDO;FORRA CAVE RODA FRENTE ESQUERDO;0;;
4965;10295;08715146;10295;4965.08715146;CATEGORIA0;;1;1;0;1;;FORRA CAVE RODA FRENTE ESQUERDO;FORRA CAVE RODA FRENTE ESQUERDO;0;;
4965;10295;08715147;10295;4965.08715147;CATEGORIA0;;1;1;0;1;;FORRA CAVE RODA FRENTE ESQUERDO;FORRA CAVE RODA FRENTE ESQUERDO;0;;
4965;10295;08715151;10295;4965.08715151;CATEGORIA0;;1;1;0;1;;FORRA CAVE RODA FRENTE ESQUERDO COM BURACOS FRISO;FORRA CAVE RODA FRENTE ESQUERDO COM BURACOS FRISO;0;;
4965;10295;08715153;10295;4965.08715153;CATEGORIA0;;1;1;0;1;;FORRA CAVE RODA FRENTE ESQUERDO;FORRA CAVE RODA FRENTE ESQUERDO;0;;
4965;10295;08715156;10295;4965.08715156;CATEGORIA0;;1;1;0;1;;FORRA CAVE RODA FRENTE ESQUERDO;FORRA CAVE RODA FRENTE ESQUERDO;0;;
4965;10295;08715158;10295;4965.08715158;CATEGORIA0;;1;1;0;1;;FORRA CAVE RODA ESQUERDO;FORRA CAVE RODA ESQUERDO;0;;
4965;10295;08715159;10295;4965.08715159;CATEGORIA0;;1;1;0;1;;FORRA CAVE RODA FRENTE ESQUERDO;FORRA CAVE RODA FRENTE ESQUERDO;0;;
4965;10295;08715170;10295;4965.08715170;CATEGORIA0;;1;1;0;1;;FORRA CAVE RODA FRENTE ESQUERDO;FORRA CAVE RODA FRENTE ESQUERDO;0;;
4965;10295;08715171;10295;4965.08715171;CATEGORIA0;;1;1;0;1;;FORRA CAVE RODA FRENTE ESQUERDO;FORRA CAVE RODA FRENTE ESQUERDO;0;;
4965;10295;08715172;10295;4965.08715172;CATEGORIA0;;1;1;0;1;;FORRA CAVE RODA FRENTE ESQUERDO;FORRA CAVE RODA FRENTE ESQUERDO;0;;
4965;10295;08715175;10295;4965.08715175;CATEGORIA0;;1;1;0;1;;FORRA CAVE RODA FRENTE ESQUERDO;FORRA CAVE RODA FRENTE ESQUERDO;0;;
4965;10295;08715177;10295;4965.08715177;CATEGORIA0;;1;1;0;1;;FORRA CAVE RODA FRENTE ESQUERDO;FORRA CAVE RODA FRENTE ESQUERDO;0;;
4965;10295;08715182;10295;4965.08715182;CATEGORIA0;;1;1;0;1;;FORRA CAVE RODA FRENTE ESQUERDO 4X2;FORRA CAVE RODA FRENTE ESQUERDO 4X2;0;;
4965;10295;08715185;10295;4965.08715185;CATEGORIA0;;1;1;0;1;;FORRA CAVE RODA FRENTE ESQUERDO 4X2/4X4;FORRA CAVE RODA FRENTE ESQUERDO 4X2/4X4;0;;
4965;10295;08715192;10295;4965.08715192;CATEGORIA0;;1;1;0;1;;FORRA CAVE RODA FRENTE ESQUERDO;FORRA CAVE RODA FRENTE ESQUERDO;0;;
4965;10295;08715505;10295;4965.08715505;CATEGORIA0;;1;1;0;1;;FORRA CAVE RODA FRENTE ESQUERDO;FORRA CAVE RODA FRENTE ESQUERDO;0;;
4965;10295;08715508;10295;4965.08715508;CATEGORIA0;;1;1;0;1;;FORRA CAVE RODA FRENTE ESQUERDO;FORRA CAVE RODA FRENTE ESQUERDO;0;;
4965;10295;08715519;10295;4965.08715519;CATEGORIA0;;1;1;0;1;;FORRA CAVE RODA FRENTE ESQUERDO;FORRA CAVE RODA FRENTE ESQUERDO;0;;
4965;10295;08715522;10295;4965.08715522;CATEGORIA0;;1;1;0;1;;FORRA CAVE RODA FRENTE ESQUERDO POLO CLASSIC/CADDY 1995->;FORRA CAVE RODA FRENTE ESQUERDO POLO CLASSIC/CADDY 1995->;0;;
4965;10295;08715529;10295;4965.08715529;CATEGORIA0;;1;1;0;1;;FORRA CAVE RODA FRENTE ESQUERDO;FORRA CAVE RODA FRENTE ESQUERDO;0;;
4965;10295;08715530;10295;4965.08715530;CATEGORIA0;;1;1;0;1;;FORRA CAVE RODA FRENTE ESQUERDO;FORRA CAVE RODA FRENTE ESQUERDO;0;;
4965;10295;08715533;10295;4965.08715533;CATEGORIA0;;1;1;0;1;;FORRA CAVE RODA FRENTE ESQUERDO;FORRA CAVE RODA FRENTE ESQUERDO;0;;
4965;10295;08715539;10295;4965.08715539;CATEGORIA0;;1;1;0;1;;FORRA CAVE RODA FRENTE ESQUERDO;FORRA CAVE RODA FRENTE ESQUERDO;0;;
4965;10295;08715542;10295;4965.08715542;CATEGORIA0;;1;1;0;1;;FORRA CAVE RODA FRENTE ESQUERDO;FORRA CAVE RODA FRENTE ESQUERDO;0;;
4965;10295;08715549;10295;4965.08715549;CATEGORIA0;;1;1;0;1;;FORRA CAVE RODA FRENTE ESQUERDO;FORRA CAVE RODA FRENTE ESQUERDO;0;;
4965;10295;08715550;10295;4965.08715550;CATEGORIA0;;1;1;0;1;;FORRA CAVE RODA FRENTE ESQUERDO;FORRA CAVE RODA FRENTE ESQUERDO;0;;
4965;10295;08715551;10295;4965.08715551;CATEGORIA0;;1;1;0;1;;FORRA CAVE RODA FRENTE ESQUERDO PEÇA FRENTE 5 VELOCIDADES;FORRA CAVE RODA FRENTE ESQUERDO PEÇA FRENTE 5 VELOCIDADES;0;;
4965;10295;08715552;10295;4965.08715552;CATEGORIA0;;1;1;0;1;;FORRA CAVE RODA FRENTE ESQUERDO PEÇA FRENTE;FORRA CAVE RODA FRENTE ESQUERDO PEÇA FRENTE;0;;
4965;10295;08715562;10295;4965.08715562;CATEGORIA0;;1;1;0;1;;FORRA CAVE RODA FRENTE ESQUERDO PEÇA FRENTE;FORRA CAVE RODA FRENTE ESQUERDO PEÇA FRENTE;0;;
4965;10295;08715564;10295;4965.08715564;CATEGORIA0;;1;1;0;1;;FORRA CAVE RODA FRENTE ESQUERDO PEÇA FRENTE CÂMBIO MANUAL/AU;FORRA CAVE RODA FRENTE ESQUERDO PEÇA FRENTE CÂMBIO MANUAL/AU;0;;
4965;10295;08715565;10295;4965.08715565;CATEGORIA0;;1;1;0;1;;FORRA CAVE RODA FRENTE ESQUERDO ->2006;FORRA CAVE RODA FRENTE ESQUERDO ->2006;0;;
4965;10295;08715570;10295;4965.08715570;CATEGORIA0;;1;1;0;1;;FORRA CAVE RODA FRENTE ESQUERDO;FORRA CAVE RODA FRENTE ESQUERDO;0;;
4965;10295;08715571;10295;4965.08715571;CATEGORIA0;;1;1;0;1;;FORRA CAVE RODA FRENTE ESQUERDO;FORRA CAVE RODA FRENTE ESQUERDO;0;;
4965;10295;08715573;10295;4965.08715573;CATEGORIA0;;1;1;0;1;;FORRA CAVE RODA FRENTE ESQUERDO;FORRA CAVE RODA FRENTE ESQUERDO;0;;
4965;10295;08715575;10295;4965.08715575;CATEGORIA0;;1;1;0;1;;FORRA CAVE RODA FRENTE ESQUERDO;FORRA CAVE RODA FRENTE ESQUERDO;0;;
4965;10295;08715578;10295;4965.08715578;CATEGORIA0;;1;1;0;1;;FORRA CAVE RODA FRENTE ESQUERDO;FORRA CAVE RODA FRENTE ESQUERDO;0;;
4965;10295;08715580;10295;4965.08715580;CATEGORIA0;;1;1;0;1;;FORRA CAVE RODA FRENTE ESQUERDO;FORRA CAVE RODA FRENTE ESQUERDO;0;;
4965;10295;08715582;10295;4965.08715582;CATEGORIA0;;1;1;0;1;;FORRA CAVE RODA FRENTE ESQUERDO PEÇA FRENTE;FORRA CAVE RODA FRENTE ESQUERDO PEÇA FRENTE;0;;
4965;10295;08716025;10295;4965.08716025;CATEGORIA0;;1;1;0;1;;FORRA CAVE RODA FRENTE ESQUERDO;FORRA CAVE RODA FRENTE ESQUERDO;0;;
4965;10295;08716026;10295;4965.08716026;CATEGORIA0;;1;1;0;1;;FORRA CAVE RODA FRENTE ESQUERDO;FORRA CAVE RODA FRENTE ESQUERDO;0;;
4965;10295;08716027;10295;4965.08716027;CATEGORIA0;;1;1;0;1;;FORRA CAVE RODA FRENTE ESQUERDO;FORRA CAVE RODA FRENTE ESQUERDO;0;;
4965;10295;08716031;10295;4965.08716031;CATEGORIA0;;1;1;0;1;;FORRA CAVE RODA FRENTE ESQUERDO;FORRA CAVE RODA FRENTE ESQUERDO;0;;
4965;10295;08716032;10295;4965.08716032;CATEGORIA0;;1;1;0;1;;FORRA CAVE RODA FRENTE ESQUERDO;FORRA CAVE RODA FRENTE ESQUERDO;0;;
4965;10295;08716034;10295;4965.08716034;CATEGORIA0;;1;1;0;1;;FORRA CAVE RODA FRENTE ESQUERDO;FORRA CAVE RODA FRENTE ESQUERDO;0;;
4965;10295;08716035;10295;4965.08716035;CATEGORIA0;;1;1;0;1;;FORRA CAVE RODA FRENTE ESQUERDO;FORRA CAVE RODA FRENTE ESQUERDO;0;;
4965;10295;08716038;10295;4965.08716038;CATEGORIA0;;1;1;0;1;;FORRA CAVE RODA FRENTE ESQUERDO;FORRA CAVE RODA FRENTE ESQUERDO;0;;
4965;10295;08716039;10295;4965.08716039;CATEGORIA0;;1;1;0;1;;FORRA CAVE RODA FRENTE ESQUERDO;FORRA CAVE RODA FRENTE ESQUERDO;0;;
4965;10295;08716042;10295;4965.08716042;CATEGORIA0;;1;1;0;1;;FORRA CAVE RODA FRENTE ESQUERDO;FORRA CAVE RODA FRENTE ESQUERDO;0;;
4965;10295;08720119;10295;4965.08720119;CATEGORIA0;;1;1;0;1;;FORRA CAVE RODA FRENTE DIREITO;FORRA CAVE RODA FRENTE DIREITO;0;;
4965;10295;08720122;10295;4965.08720122;CATEGORIA0;;1;1;0;1;;FORRA CAVE RODA FRENTE DIREITO;FORRA CAVE RODA FRENTE DIREITO;0;;
4965;10295;08720124;10295;4965.08720124;CATEGORIA0;;1;1;0;1;;FORRA CAVE RODA FRENTE DIREITO;FORRA CAVE RODA FRENTE DIREITO;0;;
4965;10295;08720130;10295;4965.08720130;CATEGORIA0;;1;1;0;1;;FORRA CAVE RODA FRENTE DIREITO ->2008;FORRA CAVE RODA FRENTE DIREITO ->2008;0;;
4965;10295;08720424;10295;4965.08720424;CATEGORIA0;;1;1;0;1;;FORRA CAVE RODA FRENTE DIREITO;FORRA CAVE RODA FRENTE DIREITO;0;;
4965;10295;08720428;10295;4965.08720428;CATEGORIA0;;1;1;0;1;;FORRA CAVE RODA FRENTE DIREITO;FORRA CAVE RODA FRENTE DIREITO;0;;
4965;10295;08720429;10295;4965.08720429;CATEGORIA0;;1;1;0;1;;FORRA CAVE RODA FRENTE DIREITO PEÇA TRASEIRA;FORRA CAVE RODA FRENTE DIREITO PEÇA TRASEIRA;0;;
4965;10295;08720430;10295;4965.08720430;CATEGORIA0;;1;1;0;1;;FORRA CAVE RODA FRENTE DIREITO;FORRA CAVE RODA FRENTE DIREITO;0;;
4965;10295;08720431;10295;4965.08720431;CATEGORIA0;;1;1;0;1;;FORRA CAVE RODA FRENTE DIREITO;FORRA CAVE RODA FRENTE DIREITO;0;;
4965;10295;08720432;10295;4965.08720432;CATEGORIA0;;1;1;0;1;;FORRA CAVE RODA FRENTE DIREITO;FORRA CAVE RODA FRENTE DIREITO;0;;
4965;10295;08720433;10295;4965.08720433;CATEGORIA0;;1;1;0;1;;FORRA CAVE RODA FRENTE DIREITO GASOLINA (EXCETO 3.2L/4.2L);FORRA CAVE RODA FRENTE DIREITO GASOLINA (EXCETO 3.2L/4.2L);0;;
4965;10295;08720434;10295;4965.08720434;CATEGORIA0;;1;1;0;1;;FORRA CAVE RODA FRENTE DIREITO;FORRA CAVE RODA FRENTE DIREITO;0;;
4965;10295;08720435;10295;4965.08720435;CATEGORIA0;;1;1;0;1;;FORRA CAVE RODA FRENTE DIREITO;FORRA CAVE RODA FRENTE DIREITO;0;;
4965;10295;08720437;10295;4965.08720437;CATEGORIA0;;1;1;0;1;;FORRA CAVE RODA FRENTE DIREITO;FORRA CAVE RODA FRENTE DIREITO;0;;
4965;10295;08720439;10295;4965.08720439;CATEGORIA0;;1;1;0;1;;FORRA CAVE RODA FRENTE DIREITO;FORRA CAVE RODA FRENTE DIREITO;0;;
4965;10295;08720442;10295;4965.08720442;CATEGORIA0;;1;1;0;1;;FORRA CAVE RODA FRENTE DIREITO GASOLEO;FORRA CAVE RODA FRENTE DIREITO GASOLEO;0;;
4965;10295;08720443;10295;4965.08720443;CATEGORIA0;;1;1;0;1;;FORRA CAVE RODA FRENTE DIREITO;FORRA CAVE RODA FRENTE DIREITO;0;;
4965;10295;08720444;10295;4965.08720444;CATEGORIA0;;1;1;0;1;;FORRA CAVE RODA FRENTE DIREITO;FORRA CAVE RODA FRENTE DIREITO;0;;
4965;10295;08720448;10295;4965.08720448;CATEGORIA0;;1;1;0;1;;FORRA CAVE RODA FRENTE DIREITO SEM S-LINE;FORRA CAVE RODA FRENTE DIREITO SEM S-LINE;0;;
4965;10295;08720450;10295;4965.08720450;CATEGORIA0;;1;1;0;1;;FORRA CAVE RODA FRENTE DIREITO COUPE 2000->;FORRA CAVE RODA FRENTE DIREITO COUPE 2000->;0;;
4965;10295;08720451;10295;4965.08720451;CATEGORIA0;;1;1;0;1;;FORRA CAVE RODA FRENTE DIREITO GASOLEO/GASOLINA;FORRA CAVE RODA FRENTE DIREITO GASOLEO/GASOLINA;0;;
4965;10295;08720453;10295;4965.08720453;CATEGORIA0;;1;1;0;1;;FORRA CAVE RODA FRENTE DIREITO 4 PORTAS;FORRA CAVE RODA FRENTE DIREITO 4 PORTAS;0;;
4965;10295;08720454;10295;4965.08720454;CATEGORIA0;;1;1;0;1;;FORRA CAVE RODA FRENTE DIREITO;FORRA CAVE RODA FRENTE DIREITO;0;;
4965;10295;08720520;10295;4965.08720520;CATEGORIA0;;1;1;0;1;;FORRA CAVE RODA FRENTE DIREITO;FORRA CAVE RODA FRENTE DIREITO;0;;
4965;10295;08720526;10295;4965.08720526;CATEGORIA0;;1;1;0;1;;FORRA CAVE RODA FRENTE DIREITO;FORRA CAVE RODA FRENTE DIREITO;0;;
4965;10295;08720533;10295;4965.08720533;CATEGORIA0;;1;1;0;1;;FORRA CAVE RODA FRENTE DIREITO PEÇA FRENTE;FORRA CAVE RODA FRENTE DIREITO PEÇA FRENTE;0;;
4965;10295;08720534;10295;4965.08720534;CATEGORIA0;;1;1;0;1;;FORRA CAVE RODA FRENTE DIREITO PEÇA FRENTE;FORRA CAVE RODA FRENTE DIREITO PEÇA FRENTE;0;;
4965;10295;08720535;10295;4965.08720535;CATEGORIA0;;1;1;0;1;;FORRA CAVE RODA FRENTE DIREITO PEÇA FRENTE 4 PORTAS/SW;FORRA CAVE RODA FRENTE DIREITO PEÇA FRENTE 4 PORTAS/SW;0;;
4965;10295;08720537;10295;4965.08720537;CATEGORIA0;;1;1;0;1;;FORRA CAVE RODA FRENTE DIREITO PEÇA FRENTE COMPACT;FORRA CAVE RODA FRENTE DIREITO PEÇA FRENTE COMPACT;0;;
4965;10295;08720538;10295;4965.08720538;CATEGORIA0;;1;1;0;1;;FORRA CAVE RODA FRENTE DIREITO PEÇA FRENTE 1999->2006;FORRA CAVE RODA FRENTE DIREITO PEÇA FRENTE 1999->2006;0;;
4965;10295;08720540;10295;4965.08720540;CATEGORIA0;;1;1;0;1;;FORRA CAVE RODA FRENTE DIREITO;FORRA CAVE RODA FRENTE DIREITO;0;;
4965;10295;08720542;10295;4965.08720542;CATEGORIA0;;1;1;0;1;;FORRA CAVE RODA FRENTE DIREITO;FORRA CAVE RODA FRENTE DIREITO;0;;
4965;10295;08720543;10295;4965.08720543;CATEGORIA0;;1;1;0;1;;FORRA CAVE RODA FRENTE DIREITO PEÇA FRENTE;FORRA CAVE RODA FRENTE DIREITO PEÇA FRENTE;0;;
4965;10295;08720545;10295;4965.08720545;CATEGORIA0;;1;1;0;1;;FORRA CAVE RODA FRENTE DIREITO PEÇA FRENTE;FORRA CAVE RODA FRENTE DIREITO PEÇA FRENTE;0;;
4965;10295;08720546;10295;4965.08720546;CATEGORIA0;;1;1;0;1;;FORRA CAVE RODA FRENTE DIREITO PEÇA FRENTE 2.5/3.0;FORRA CAVE RODA FRENTE DIREITO PEÇA FRENTE 2.5/3.0;0;;
4965;10295;08720548;10295;4965.08720548;CATEGORIA0;;1;1;0;1;;FORRA CAVE RODA FRENTE DIREITO PEÇA FRENTE;FORRA CAVE RODA FRENTE DIREITO PEÇA FRENTE;0;;
4965;10295;08720550;10295;4965.08720550;CATEGORIA0;;1;1;0;1;;FORRA CAVE RODA FRENTE DIREITO 3.0I/4.4I;FORRA CAVE RODA FRENTE DIREITO 3.0I/4.4I;0;;
4965;10295;08720552;10295;4965.08720552;CATEGORIA0;;1;1;0;1;;FORRA CAVE RODA FRENTE DIREITO PEÇA FRENTE GASOLEO;FORRA CAVE RODA FRENTE DIREITO PEÇA FRENTE GASOLEO;0;;
4965;10295;08720554;10295;4965.08720554;CATEGORIA0;;1;1;0;1;;FORRA CAVE RODA FRENTE DIREITO PEÇA FRENTE 3.5 LITROS;FORRA CAVE RODA FRENTE DIREITO PEÇA FRENTE 3.5 LITROS;0;;
4965;10295;08720555;10295;4965.08720555;CATEGORIA0;;1;1;0;1;;FORRA CAVE RODA FRENTE DIREITO PEÇA FRENTE SEM TURBO;FORRA CAVE RODA FRENTE DIREITO PEÇA FRENTE SEM TURBO;0;;
4965;10295;08720561;10295;4965.08720561;CATEGORIA0;;1;1;0;1;;FORRA CAVE RODA FRENTE DIREITO PEÇA FRENTE;FORRA CAVE RODA FRENTE DIREITO PEÇA FRENTE;0;;
4965;10295;08720563;10295;4965.08720563;CATEGORIA0;;1;1;0;1;;FORRA CAVE RODA FRENTE DIREITO PEÇA TRASEIRA;FORRA CAVE RODA FRENTE DIREITO PEÇA TRASEIRA;0;;
4965;10295;08720564;10295;4965.08720564;CATEGORIA0;;1;1;0;1;;FORRA CAVE RODA FRENTE DIREITO PEÇA FRENTE;FORRA CAVE RODA FRENTE DIREITO PEÇA FRENTE;0;;
4965;10295;08720566;10295;4965.08720566;CATEGORIA0;;1;1;0;1;;FORRA CAVE RODA FRENTE DIREITO PEÇA FRENTE;FORRA CAVE RODA FRENTE DIREITO PEÇA FRENTE;0;;
4965;10295;08720570;10295;4965.08720570;CATEGORIA0;;1;1;0;1;;FORRA CAVE RODA FRENTE DIREITO->2007;FORRA CAVE RODA FRENTE DIREITO->2007;0;;
4965;10295;08720571;10295;4965.08720571;CATEGORIA0;;1;1;0;1;;FORRA CAVE RODA FRENTE DIREITO PEÇA FRENTE;FORRA CAVE RODA FRENTE DIREITO PEÇA FRENTE;0;;
4965;10295;08720572;10295;4965.08720572;CATEGORIA0;;1;1;0;1;;FORRA CAVE RODA FRENTE DIREITO PEÇA TRASEIRA ->2014;FORRA CAVE RODA FRENTE DIREITO PEÇA TRASEIRA ->2014;0;;
4965;10295;08720602;10295;4965.08720602;CATEGORIA0;;1;1;0;1;;FORRA CAVE RODA FRENTE DIREITO;FORRA CAVE RODA FRENTE DIREITO;0;;
4965;10295;08721033;10295;4965.08721033;CATEGORIA0;;1;1;0;1;;FORRA CAVE RODA FRENTE DIREITO;FORRA CAVE RODA FRENTE DIREITO;0;;
4965;10295;08721037;10295;4965.08721037;CATEGORIA0;;1;1;0;1;;FORRA CAVE RODA FRENTE DIREITO PEÇA FRENTE;FORRA CAVE RODA FRENTE DIREITO PEÇA FRENTE;0;;
4965;10295;08721039;10295;4965.08721039;CATEGORIA0;;1;1;0;1;;FORRA CAVE RODA FRENTE DIREITO;FORRA CAVE RODA FRENTE DIREITO;0;;
4965;10295;08721042;10295;4965.08721042;CATEGORIA0;;1;1;0;1;;FORRA CAVE RODA FRENTE DIREITO;FORRA CAVE RODA FRENTE DIREITO;0;;
4965;10295;08721048;10295;4965.08721048;CATEGORIA0;;1;1;0;1;;FORRA CAVE RODA FRENTE DIREITO;FORRA CAVE RODA FRENTE DIREITO;0;;
4965;10295;08721049;10295;4965.08721049;CATEGORIA0;;1;1;0;1;;FORRA CAVE RODA FRENTE DIREITO;FORRA CAVE RODA FRENTE DIREITO;0;;
4965;10295;08721050;10295;4965.08721050;CATEGORIA0;;1;1;0;1;;FORRA CAVE RODA FRENTE DIREITO;FORRA CAVE RODA FRENTE DIREITO;0;;
4965;10295;08721051;10295;4965.08721051;CATEGORIA0;;1;1;0;1;;FORRA CAVE RODA FRENTE DIREITO;FORRA CAVE RODA FRENTE DIREITO;0;;
4965;10295;08721052;10295;4965.08721052;CATEGORIA0;;1;1;0;1;;FORRA CAVE RODA FRENTE DIREITO;FORRA CAVE RODA FRENTE DIREITO;0;;
4965;10295;08721054;10295;4965.08721054;CATEGORIA0;;1;1;0;1;;RESGUARDO CAVE RODA FRONTAL DIREITO;RESGUARDO CAVE RODA FRONTAL DIREITO;0;;
4965;10295;08721055;10295;4965.08721055;CATEGORIA0;;1;1;0;1;;FORRA CAVE RODA FRENTE DIREITO;FORRA CAVE RODA FRENTE DIREITO;0;;
4965;10295;08721056;10295;4965.08721056;CATEGORIA0;;1;1;0;1;;FORRA CAVE RODA FRENTE DIREITO;FORRA CAVE RODA FRENTE DIREITO;0;;
4965;10295;08721057;10295;4965.08721057;CATEGORIA0;;1;1;0;1;;FORRA CAVE RODA FRENTE DIREITO;FORRA CAVE RODA FRENTE DIREITO;0;;
4965;10295;08721060;10295;4965.08721060;CATEGORIA0;;1;1;0;1;;FORRA CAVE RODA FRENTE DIREITO;FORRA CAVE RODA FRENTE DIREITO;0;;
4965;10295;08721061;10295;4965.08721061;CATEGORIA0;;1;1;0;1;;RESGUARDO CAVE RODA FRONTAL DIREITO;RESGUARDO CAVE RODA FRONTAL DIREITO;0;;
4965;10295;08721063;10295;4965.08721063;CATEGORIA0;;1;1;0;1;;FORRA CAVE RODA FRENTE DIREITO;FORRA CAVE RODA FRENTE DIREITO;0;;
4965;10295;08721065;10295;4965.08721065;CATEGORIA0;;1;1;0;1;;FORRA CAVE RODA FRENTE DIREITO GASOLINA;FORRA CAVE RODA FRENTE DIREITO GASOLINA;0;;
4965;10295;08721067;10295;4965.08721067;CATEGORIA0;;1;1;0;1;;FORRA CAVE RODA FRENTE DIREITO;FORRA CAVE RODA FRENTE DIREITO;0;;
4965;10295;08721068;10295;4965.08721068;CATEGORIA0;;1;1;0;1;;FORRA CAVE RODA FRENTE DIREITO;FORRA CAVE RODA FRENTE DIREITO;0;;
4965;10295;08721070;10295;4965.08721070;CATEGORIA0;;1;1;0;1;;FORRA CAVE RODA FRENTE DIREITO;FORRA CAVE RODA FRENTE DIREITO;0;;
4965;10295;08721071;10295;4965.08721071;CATEGORIA0;;1;1;0;1;;FORRA CAVE RODA FRENTE DIREITO;FORRA CAVE RODA FRENTE DIREITO;0;;
4965;10295;08721072;10295;4965.08721072;CATEGORIA0;;1;1;0;1;;FORRA CAVE RODA FRENTE DIREITO;FORRA CAVE RODA FRENTE DIREITO;0;;
4965;10295;08721074;10295;4965.08721074;CATEGORIA0;;1;1;0;1;;FORRA CAVE RODA FRENTE DIREITO;FORRA CAVE RODA FRENTE DIREITO;0;;
4965;10295;08721075;10295;4965.08721075;CATEGORIA0;;1;1;0;1;;FORRA CAVE RODA FRENTE DIREITO;FORRA CAVE RODA FRENTE DIREITO;0;;
4965;10295;08721077;10295;4965.08721077;CATEGORIA0;;1;1;0;1;;FORRA CAVE RODA FRENTE DIREITO COM SAIAS;FORRA CAVE RODA FRENTE DIREITO COM SAIAS;0;;
4965;10295;08721082;10295;4965.08721082;CATEGORIA0;;1;1;0;1;;FORRA CAVE RODA FRENTE DIREITO 1.6 LITROS COM ISOLANTE;FORRA CAVE RODA FRENTE DIREITO 1.6 LITROS COM ISOLANTE;0;;
4965;10295;08721084;10295;4965.08721084;CATEGORIA0;;1;1;0;1;;FORRA CAVE RODA FRENTE DIREITO;FORRA CAVE RODA FRENTE DIREITO;0;;
4965;10295;08721123;10295;4965.08721123;CATEGORIA0;;1;1;0;1;;FORRA CAVE RODA FRENTE DIREITO;FORRA CAVE RODA FRENTE DIREITO;0;;
4965;10295;08721126;10295;4965.08721126;CATEGORIA0;;1;1;0;1;;FORRA CAVE RODA FRENTE DIREITO;FORRA CAVE RODA FRENTE DIREITO;0;;
4965;10295;08721128;10295;4965.08721128;CATEGORIA0;;1;1;0;1;;FORRA CAVE RODA FRENTE DIREITO;FORRA CAVE RODA FRENTE DIREITO;0;;
4965;10295;08721132;10295;4965.08721132;CATEGORIA0;;1;1;0;1;;FORRA CAVE RODA FRENTE DIREITO;FORRA CAVE RODA FRENTE DIREITO;0;;
4965;10295;08721147;10295;4965.08721147;CATEGORIA0;;1;1;0;1;;FORRA CAVE RODA FRENTE DIREITO ->2007;FORRA CAVE RODA FRENTE DIREITO ->2007;0;;
4965;10295;08721150;10295;4965.08721150;CATEGORIA0;;1;1;0;1;;FORRA CAVE RODA FRENTE DIREITO;FORRA CAVE RODA FRENTE DIREITO;0;;
4965;10295;08721201;10295;4965.08721201;CATEGORIA0;;1;1;0;1;;FORRA CAVE RODA FRENTE DIREITO 2008->2011;FORRA CAVE RODA FRENTE DIREITO 2008->2011;0;;
4965;10295;08721220;10295;4965.08721220;CATEGORIA0;;1;1;0;1;;FORRA CAVE RODA FRENTE DIREITO;FORRA CAVE RODA FRENTE DIREITO;0;;
4965;10295;08721221;10295;4965.08721221;CATEGORIA0;;1;1;0;1;;FORRA CAVE RODA FRENTE DIREITO;FORRA CAVE RODA FRENTE DIREITO;0;;
4965;10295;08721223;10295;4965.08721223;CATEGORIA0;;1;1;0;1;;FORRA CAVE RODA FRENTE DIREITO;FORRA CAVE RODA FRENTE DIREITO;0;;
4965;10295;08721224;10295;4965.08721224;CATEGORIA0;;1;1;0;1;;FORRA CAVE RODA FRENTE DIREITO;FORRA CAVE RODA FRENTE DIREITO;0;;
4965;10295;08721225;10295;4965.08721225;CATEGORIA0;;1;1;0;1;;FORRA CAVE RODA FRENTE DIREITO 1995->1999;FORRA CAVE RODA FRENTE DIREITO 1995->1999;0;;
4965;10295;08721228;10295;4965.08721228;CATEGORIA0;;1;1;0;1;;FORRA CAVE RODA FRENTE DIREITO;FORRA CAVE RODA FRENTE DIREITO;0;;
4965;10295;08721229;10295;4965.08721229;CATEGORIA0;;1;1;0;1;;FORRA CAVE RODA FRENTE DIREITO (EXCETO 500L TREKKING);FORRA CAVE RODA FRENTE DIREITO (EXCETO 500L TREKKING);0;;
4965;10295;08721234;10295;4965.08721234;CATEGORIA0;;1;1;0;1;;FORRA CAVE RODA FRENTE DIREITO;FORRA CAVE RODA FRENTE DIREITO;0;;
4965;10295;08721248;10295;4965.08721248;CATEGORIA0;;1;1;0;1;;FORRA CAVE RODA FRENTE DIREITO;FORRA CAVE RODA FRENTE DIREITO;0;;
4965;10295;08721249;10295;4965.08721249;CATEGORIA0;;1;1;0;1;;FORRA CAVE RODA FRENTE DIREITO;FORRA CAVE RODA FRENTE DIREITO;0;;
4965;10295;08721250;10295;4965.08721250;CATEGORIA0;;1;1;0;1;;FORRA CAVE RODA FRENTE DIREITO;FORRA CAVE RODA FRENTE DIREITO;0;;
4965;10295;08721251;10295;4965.08721251;CATEGORIA0;;1;1;0;1;;FORRA CAVE RODA FRENTE DIREITO;FORRA CAVE RODA FRENTE DIREITO;0;;
4965;10295;08721253;10295;4965.08721253;CATEGORIA0;;1;1;0;1;;FORRA CAVE RODA FRENTE DIREITO;FORRA CAVE RODA FRENTE DIREITO;0;;
4965;10295;08721255;10295;4965.08721255;CATEGORIA0;;1;1;0;1;;FORRA CAVE RODA FRENTE DIREITO;FORRA CAVE RODA FRENTE DIREITO;0;;
4965;10295;08721258;10295;4965.08721258;CATEGORIA0;;1;1;0;1;;FORRA CAVE RODA FRENTE DIREITO;FORRA CAVE RODA FRENTE DIREITO;0;;
4965;10295;08721262;10295;4965.08721262;CATEGORIA0;;1;1;0;1;;FORRA CAVE RODA FRENTE DIREITO;FORRA CAVE RODA FRENTE DIREITO;0;;
4965;10295;08721290;10295;4965.08721290;CATEGORIA0;;1;1;0;1;;FORRA CAVE RODA FRENTE DIREITO;FORRA CAVE RODA FRENTE DIREITO;0;;
4965;10295;08721293;10295;4965.08721293;CATEGORIA0;;1;1;0;1;;FORRA CAVE RODA FRENTE DIREITO;FORRA CAVE RODA FRENTE DIREITO;0;;
4965;10295;08721294;10295;4965.08721294;CATEGORIA0;;1;1;0;1;;FORRA CAVE RODA FRENTE DIREITO;FORRA CAVE RODA FRENTE DIREITO;0;;
4965;10295;08721295;10295;4965.08721295;CATEGORIA0;;1;1;0;1;;FORRA CAVE RODA FRENTE DIREITO ->06/2013;FORRA CAVE RODA FRENTE DIREITO ->06/2013;0;;
4965;10295;08721298;10295;4965.08721298;CATEGORIA0;;1;1;0;1;;FORRA CAVE RODA FRENTE DIREITO;FORRA CAVE RODA FRENTE DIREITO;0;;
4965;10295;08721308;10295;4965.08721308;CATEGORIA0;;1;1;0;1;;FORRA CAVE RODA FRENTE DIREITO;FORRA CAVE RODA FRENTE DIREITO;0;;
4965;10295;08721325;10295;4965.08721325;CATEGORIA0;;1;1;0;1;;FORRA CAVE RODA FRENTE DIREITO;FORRA CAVE RODA FRENTE DIREITO;0;;
4965;10295;08721430;10295;4965.08721430;CATEGORIA0;;1;1;0;1;;FORRA CAVE RODA FRENTE DIREITO 3/4/5 PORTAS ->2008;FORRA CAVE RODA FRENTE DIREITO 3/4/5 PORTAS ->2008;0;;
4965;10295;08721440;10295;4965.08721440;CATEGORIA0;;1;1;0;1;;FORRA CAVE RODA FRENTE DIREITO 5 PORTAS;FORRA CAVE RODA FRENTE DIREITO 5 PORTAS;0;;
4965;10295;08721443;10295;4965.08721443;CATEGORIA0;;1;1;0;1;;FORRA CAVE RODA FRENTE DIREITO;FORRA CAVE RODA FRENTE DIREITO;0;;
4965;10295;08721447;10295;4965.08721447;CATEGORIA0;;1;1;0;1;;FORRA CAVE RODA FRENTE DIREITO;FORRA CAVE RODA FRENTE DIREITO;0;;
4965;10295;08721451;10295;4965.08721451;CATEGORIA0;;1;1;0;1;;FORRA CAVE RODA FRENTE DIREITO;FORRA CAVE RODA FRENTE DIREITO;0;;
4965;10295;08721452;10295;4965.08721452;CATEGORIA0;;1;1;0;1;;FORRA CAVE RODA FRENTE DIREITO;FORRA CAVE RODA FRENTE DIREITO;0;;
4965;10295;08721453;10295;4965.08721453;CATEGORIA0;;1;1;0;1;;FORRA CAVE RODA FRENTE DIREITO;FORRA CAVE RODA FRENTE DIREITO;0;;
4965;10295;08721504;10295;4965.08721504;CATEGORIA0;;1;1;0;1;;FORRA CAVE RODA FRENTE DIREITO;FORRA CAVE RODA FRENTE DIREITO;0;;
4965;10295;08721505;10295;4965.08721505;CATEGORIA0;;1;1;0;1;;FORRA CAVE RODA FRENTE DIREITO 3/5 PORTAS;FORRA CAVE RODA FRENTE DIREITO 3/5 PORTAS;0;;
4965;10295;08721507;10295;4965.08721507;CATEGORIA0;;1;1;0;1;;FORRA CAVE RODA FRENTE DIREITO;FORRA CAVE RODA FRENTE DIREITO;0;;
4965;10295;08721509;10295;4965.08721509;CATEGORIA0;;1;1;0;1;;FORRA CAVE RODA FRENTE DIREITO;FORRA CAVE RODA FRENTE DIREITO;0;;
4965;10295;08721513;10295;4965.08721513;CATEGORIA0;;1;1;0;1;;FORRA CAVE RODA FRENTE DIREITO;FORRA CAVE RODA FRENTE DIREITO;0;;
4965;10295;08721521;10295;4965.08721521;CATEGORIA0;;1;1;0;1;;FORRA CAVE RODA FRENTE DIREITO;FORRA CAVE RODA FRENTE DIREITO;0;;
4965;10295;08721524;10295;4965.08721524;CATEGORIA0;;1;1;0;1;;FORRA CAVE RODA FRENTE DIREITO;FORRA CAVE RODA FRENTE DIREITO;0;;
4965;10295;08721525;10295;4965.08721525;CATEGORIA0;;1;1;0;1;;FORRA CAVE RODA FRENTE DIREITO;FORRA CAVE RODA FRENTE DIREITO;0;;
4965;10295;08721528;10295;4965.08721528;CATEGORIA0;;1;1;0;1;;FORRA CAVE RODA FRENTE DIREITO COM ISOLANTE;FORRA CAVE RODA FRENTE DIREITO COM ISOLANTE;0;;
4965;10295;08721544;10295;4965.08721544;CATEGORIA0;;1;1;0;1;;FORRA CAVE RODA FRENTE DIREITO;FORRA CAVE RODA FRENTE DIREITO;0;;
4965;10295;08721546;10295;4965.08721546;CATEGORIA0;;1;1;0;1;;FORRA CAVE RODA FRENTE DIREITO;FORRA CAVE RODA FRENTE DIREITO;0;;
4965;10295;08721548;10295;4965.08721548;CATEGORIA0;;1;1;0;1;;FORRA CAVE RODA FRENTE DIREITO;FORRA CAVE RODA FRENTE DIREITO;0;;
4965;10295;08721550;10295;4965.08721550;CATEGORIA0;;1;1;0;1;;FORRA CAVE RODA FRENTE DIREITO 1.3L;FORRA CAVE RODA FRENTE DIREITO 1.3L;0;;
4965;10295;08721553;10295;4965.08721553;CATEGORIA0;;1;1;0;1;;FORRA CAVE RODA FRENTE DIREITO;FORRA CAVE RODA FRENTE DIREITO;0;;
4965;10295;08721554;10295;4965.08721554;CATEGORIA0;;1;1;0;1;;FORRA CAVE RODA FRENTE DIREITO;FORRA CAVE RODA FRENTE DIREITO;0;;
4965;10295;08721560;10295;4965.08721560;CATEGORIA0;;1;1;0;1;;FORRA CAVE RODA FRENTE DIREITO ->2004;FORRA CAVE RODA FRENTE DIREITO ->2004;0;;
4965;10295;08721562;10295;4965.08721562;CATEGORIA0;;1;1;0;1;;FORRA CAVE RODA FRENTE DIREITO;FORRA CAVE RODA FRENTE DIREITO;0;;
4965;10295;08721564;10295;4965.08721564;CATEGORIA0;;1;1;0;1;;FORRA CAVE RODA FRENTE DIREITO;FORRA CAVE RODA FRENTE DIREITO;0;;
4965;10295;08721567;10295;4965.08721567;CATEGORIA0;;1;1;0;1;;FORRA CAVE RODA FRENTE DIREITO;FORRA CAVE RODA FRENTE DIREITO;0;;
4965;10295;08721576;10295;4965.08721576;CATEGORIA0;;1;1;0;1;;FORRA CAVE RODA FRENTE DIREITO;FORRA CAVE RODA FRENTE DIREITO;0;;
4965;10295;08721601;10295;4965.08721601;CATEGORIA0;;1;1;0;1;;FORRA CAVE RODA FRENTE DIREITO;FORRA CAVE RODA FRENTE DIREITO;0;;
4965;10295;08721602;10295;4965.08721602;CATEGORIA0;;1;1;0;1;;FORRA CAVE RODA FRENTE DIREITO;FORRA CAVE RODA FRENTE DIREITO;0;;
4965;10295;08721603;10295;4965.08721603;CATEGORIA0;;1;1;0;1;;FORRA CAVE RODA FRENTE DIREITO;FORRA CAVE RODA FRENTE DIREITO;0;;
4965;10295;08721605;10295;4965.08721605;CATEGORIA0;;1;1;0;1;;FORRA CAVE RODA FRENTE DIREITO ->2005;FORRA CAVE RODA FRENTE DIREITO ->2005;0;;
4965;10295;08721608;10295;4965.08721608;CATEGORIA0;;1;1;0;1;;FORRA CAVE RODA FRENTE DIREITO 3/5 PORTAS;FORRA CAVE RODA FRENTE DIREITO 3/5 PORTAS;0;;
4965;10295;08721614;10295;4965.08721614;CATEGORIA0;;1;1;0;1;;FORRA CAVE RODA FRENTE DIREITO;FORRA CAVE RODA FRENTE DIREITO;0;;
4965;10295;08721619;10295;4965.08721619;CATEGORIA0;;1;1;0;1;;FORRA CAVE RODA FRENTE DIREITO GASOLEO;FORRA CAVE RODA FRENTE DIREITO GASOLEO;0;;
4965;10295;08721621;10295;4965.08721621;CATEGORIA0;;1;1;0;1;;FORRA CAVE RODA FRENTE DIREITO;FORRA CAVE RODA FRENTE DIREITO;0;;
4965;10295;08721623;10295;4965.08721623;CATEGORIA0;;1;1;0;1;;FORRA CAVE RODA FRENTE DIREITO;FORRA CAVE RODA FRENTE DIREITO;0;;
4965;10295;08721624;10295;4965.08721624;CATEGORIA0;;1;1;0;1;;FORRA CAVE RODA FRENTE DIREITO 2.4/2.2 GASOLEO & ACCORDTOURE;FORRA CAVE RODA FRENTE DIREITO 2.4/2.2 GASOLEO & ACCORDTOURE;0;;
4965;10295;08721626;10295;4965.08721626;CATEGORIA0;;1;1;0;1;;FORRA CAVE RODA FRENTE DIREITO 4/5 PORTAS;FORRA CAVE RODA FRENTE DIREITO 4/5 PORTAS;0;;
4965;10295;08721628;10295;4965.08721628;CATEGORIA0;;1;1;0;1;;FORRA CAVE RODA FRENTE DIREITO;FORRA CAVE RODA FRENTE DIREITO;0;;
4965;10295;08721633;10295;4965.08721633;CATEGORIA0;;1;1;0;1;;FORRA CAVE RODA FRENTE DIREITO;FORRA CAVE RODA FRENTE DIREITO;0;;
4965;10295;08721635;10295;4965.08721635;CATEGORIA0;;1;1;0;1;;FORRA CAVE RODA FRENTE DIREITO;FORRA CAVE RODA FRENTE DIREITO;0;;
4965;10295;08721637;10295;4965.08721637;CATEGORIA0;;1;1;0;1;;FORRA CAVE RODA FRENTE DIREITO;FORRA CAVE RODA FRENTE DIREITO;0;;
4965;10295;08721639;10295;4965.08721639;CATEGORIA0;;1;1;0;1;;FORRA CAVE RODA FRENTE DIREITO;FORRA CAVE RODA FRENTE DIREITO;0;;
4965;10295;08721640;10295;4965.08721640;CATEGORIA0;;1;1;0;1;;FORRA CAVE RODA FRENTE DIREITO 3/5 PORTAS;FORRA CAVE RODA FRENTE DIREITO 3/5 PORTAS;0;;
4965;10295;08721642;10295;4965.08721642;CATEGORIA0;;1;1;0;1;;FORRA CAVE RODA FRENTE DIREITO;FORRA CAVE RODA FRENTE DIREITO;0;;
4965;10295;08721643;10295;4965.08721643;CATEGORIA0;;1;1;0;1;;FORRA CAVE RODA FRENTE DIREITO;FORRA CAVE RODA FRENTE DIREITO;0;;
4965;10295;08721645;10295;4965.08721645;CATEGORIA0;;1;1;0;1;;FORRA CAVE RODA FRENTE DIREITO;FORRA CAVE RODA FRENTE DIREITO;0;;
4965;10295;08721649;10295;4965.08721649;CATEGORIA0;;1;1;0;1;;FORRA CAVE RODA FRENTE DIREITO;FORRA CAVE RODA FRENTE DIREITO;0;;
4965;10295;08721651;10295;4965.08721651;CATEGORIA0;;1;1;0;1;;FORRA CAVE RODA FRENTE DIREITO;FORRA CAVE RODA FRENTE DIREITO;0;;
4965;10295;08721652;10295;4965.08721652;CATEGORIA0;;1;1;0;1;;FORRA CAVE RODA FRENTE DIREITO;FORRA CAVE RODA FRENTE DIREITO;0;;
4965;10295;08721653;10295;4965.08721653;CATEGORIA0;;1;1;0;1;;FORRA CAVE RODA FRENTE DIREITO;FORRA CAVE RODA FRENTE DIREITO;0;;
4965;10295;08721658;10295;4965.08721658;CATEGORIA0;;1;1;0;1;;FORRA CAVE RODA FRENTE DIREITO;FORRA CAVE RODA FRENTE DIREITO;0;;
4965;10295;08721659;10295;4965.08721659;CATEGORIA0;;1;1;0;1;;FORRA CAVE RODA FRENTE DIREITO;FORRA CAVE RODA FRENTE DIREITO;0;;
4965;10295;08721661;10295;4965.08721661;CATEGORIA0;;1;1;0;1;;FORRA CAVE RODA FRENTE DIREITO;FORRA CAVE RODA FRENTE DIREITO;0;;
4965;10295;08721662;10295;4965.08721662;CATEGORIA0;;1;1;0;1;;FORRA CAVE RODA FRENTE DIREITO;FORRA CAVE RODA FRENTE DIREITO;0;;
4965;10295;08721663;10295;4965.08721663;CATEGORIA0;;1;1;0;1;;FORRA CAVE RODA FRENTE DIREITO;FORRA CAVE RODA FRENTE DIREITO;0;;
4965;10295;08721664;10295;4965.08721664;CATEGORIA0;;1;1;0;1;;FORRA CAVE RODA FRENTE DIREITO 5 PORTAS;FORRA CAVE RODA FRENTE DIREITO 5 PORTAS;0;;
4965;10295;08721670;10295;4965.08721670;CATEGORIA0;;1;1;0;1;;FORRA CAVE RODA FRENTE DIREITO ->2009 2.0;FORRA CAVE RODA FRENTE DIREITO ->2009 2.0;0;;
4965;10295;08721671;10295;4965.08721671;CATEGORIA0;;1;1;0;1;;FORRA CAVE RODA FRENTE DIREITO;FORRA CAVE RODA FRENTE DIREITO;0;;
4965;10295;08721672;10295;4965.08721672;CATEGORIA0;;1;1;0;1;;FORRA CAVE RODA FRENTE DIREITO;FORRA CAVE RODA FRENTE DIREITO;0;;
4965;10295;08721673;10295;4965.08721673;CATEGORIA0;;1;1;0;1;;FORRA CAVE RODA FRENTE DIREITO ->07/2010;FORRA CAVE RODA FRENTE DIREITO ->07/2010;0;;
4965;10295;08721674;10295;4965.08721674;CATEGORIA0;;1;1;0;1;;FORRA CAVE RODA FRENTE DIREITO;FORRA CAVE RODA FRENTE DIREITO;0;;
4965;10295;08721677;10295;4965.08721677;CATEGORIA0;;1;1;0;1;;FORRA CAVE RODA FRENTE DIREITO ->2015;FORRA CAVE RODA FRENTE DIREITO ->2015;0;;
4965;10295;08721681;10295;4965.08721681;CATEGORIA0;;1;1;0;1;;FORRA CAVE RODA FRENTE DIREITO;FORRA CAVE RODA FRENTE DIREITO;0;;
4965;10295;08721685;10295;4965.08721685;CATEGORIA0;;1;1;0;1;;FORRA CAVE RODA FRENTE DIREITO COM ISOLANTE;FORRA CAVE RODA FRENTE DIREITO COM ISOLANTE;0;;
4965;10295;08721695;10295;4965.08721695;CATEGORIA0;;1;1;0;1;;FORRA CAVE RODA FRENTE DIREITO PEÇA FRENTE;FORRA CAVE RODA FRENTE DIREITO PEÇA FRENTE;0;;
4965;10295;08721697;10295;4965.08721697;CATEGORIA0;;1;1;0;1;;FORRA CAVE RODA FRENTE DIREITO PEÇA FRENTE;FORRA CAVE RODA FRENTE DIREITO PEÇA FRENTE;0;;
4965;10295;08721730;10295;4965.08721730;CATEGORIA0;;1;1;0;1;;FORRA CAVE RODA FRENTE DIREITO;FORRA CAVE RODA FRENTE DIREITO;0;;
4965;10295;08721813;10295;4965.08721813;CATEGORIA0;;1;1;0;1;;FORRA CAVE RODA FRENTE DIREITO;FORRA CAVE RODA FRENTE DIREITO;0;;
4965;10295;08721814;10295;4965.08721814;CATEGORIA0;;1;1;0;1;;FORRA CAVE RODA FRENTE DIREITO PARA FRISO;FORRA CAVE RODA FRENTE DIREITO PARA FRISO;0;;
4965;10295;08721816;10295;4965.08721816;CATEGORIA0;;1;1;0;1;;FORRA CAVE RODA FRENTE DIREITO PARA FRISO;FORRA CAVE RODA FRENTE DIREITO PARA FRISO;0;;
4965;10295;08721825;10295;4965.08721825;CATEGORIA0;;1;1;0;1;;FORRA CAVE RODA FRENTE DIREITO 2002->2005;FORRA CAVE RODA FRENTE DIREITO 2002->2005;0;;
4965;10295;08721826;10295;4965.08721826;CATEGORIA0;;1;1;0;1;;FORRA CAVE RODA FRENTE DIREITO;FORRA CAVE RODA FRENTE DIREITO;0;;
4965;10295;08721831;10295;4965.08721831;CATEGORIA0;;1;1;0;1;;FORRA CAVE RODA FRENTE DIREITO ->05/2009;FORRA CAVE RODA FRENTE DIREITO ->05/2009;0;;
4965;10295;08721833;10295;4965.08721833;CATEGORIA0;;1;1;0;1;;FORRA CAVE RODA FRENTE DIREITO;FORRA CAVE RODA FRENTE DIREITO;0;;
4965;10295;08721837;10295;4965.08721837;CATEGORIA0;;1;1;0;1;;FORRA CAVE RODA FRENTE DIREITO;FORRA CAVE RODA FRENTE DIREITO;0;;
4965;10295;08721838;10295;4965.08721838;CATEGORIA0;;1;1;0;1;;FORRA CAVE RODA FRENTE DIREITO LX;FORRA CAVE RODA FRENTE DIREITO LX;0;;
4965;10295;08721839;10295;4965.08721839;CATEGORIA0;;1;1;0;1;;FORRA CAVE RODA FRENTE DIREITO;FORRA CAVE RODA FRENTE DIREITO;0;;
4965;10295;08721840;10295;4965.08721840;CATEGORIA0;;1;1;0;1;;FORRA CAVE RODA FRENTE DIREITO;FORRA CAVE RODA FRENTE DIREITO;0;;
4965;10295;08721841;10295;4965.08721841;CATEGORIA0;;1;1;0;1;;FORRA CAVE RODA FRENTE DIREITO;FORRA CAVE RODA FRENTE DIREITO;0;;
4965;10295;08721842;10295;4965.08721842;CATEGORIA0;;1;1;0;1;;FORRA CAVE RODA FRENTE DIREITO 5 PORTAS;FORRA CAVE RODA FRENTE DIREITO 5 PORTAS;0;;
4965;10295;08721843;10295;4965.08721843;CATEGORIA0;;1;1;0;1;;FORRA CAVE RODA;FORRA CAVE RODA;0;;
4965;10295;08721845;10295;4965.08721845;CATEGORIA0;;1;1;0;1;;FORRA CAVE RODA FRENTE DIREITO;FORRA CAVE RODA FRENTE DIREITO;0;;
4965;10295;08721846;10295;4965.08721846;CATEGORIA0;;1;1;0;1;;FORRA CAVE RODA FRENTE DIREITO 5 PORTAS COM ISOLANTE;FORRA CAVE RODA FRENTE DIREITO 5 PORTAS COM ISOLANTE;0;;
4965;10295;08721850;10295;4965.08721850;CATEGORIA0;;1;1;0;1;;FORRA CAVE RODA FRENTE DIREITO;FORRA CAVE RODA FRENTE DIREITO;0;;
4965;10295;08721851;10295;4965.08721851;CATEGORIA0;;1;1;0;1;;FORRA CAVE RODA FRENTE DIREITO PARA FRISO;FORRA CAVE RODA FRENTE DIREITO PARA FRISO;0;;
4965;10295;08721852;10295;4965.08721852;CATEGORIA0;;1;1;0;1;;FORRA CAVE RODA FRENTE DIREITO;FORRA CAVE RODA FRENTE DIREITO;0;;
4965;10295;08721959;10295;4965.08721959;CATEGORIA0;;1;1;0;1;;FORRA CAVE RODA FRENTE DIREITO ->2009;FORRA CAVE RODA FRENTE DIREITO ->2009;0;;
4965;10295;08721960;10295;4965.08721960;CATEGORIA0;;1;1;0;1;;FORRA CAVE RODA FRENTE DIREITO 2.0 SPORT;FORRA CAVE RODA FRENTE DIREITO 2.0 SPORT;0;;
4965;10295;08721964;10295;4965.08721964;CATEGORIA0;;1;1;0;1;;FORRA CAVE RODA FRENTE DIREITO;FORRA CAVE RODA FRENTE DIREITO;0;;
4965;10295;08721965;10295;4965.08721965;CATEGORIA0;;1;1;0;1;;FORRA CAVE RODA FRENTE DIREITO SEDAN;FORRA CAVE RODA FRENTE DIREITO SEDAN;0;;
4965;10295;08721966;10295;4965.08721966;CATEGORIA0;;1;1;0;1;;FORRA CAVE RODA FRENTE DIREITO TURBO;FORRA CAVE RODA FRENTE DIREITO TURBO;0;;
4965;10295;08721968;10295;4965.08721968;CATEGORIA0;;1;1;0;1;;FORRA CAVE RODA FRENTE DIREITO;FORRA CAVE RODA FRENTE DIREITO;0;;
4965;10295;08721969;10295;4965.08721969;CATEGORIA0;;1;1;0;1;;FORRA CAVE RODA FRENTE DIREITO SPORT;FORRA CAVE RODA FRENTE DIREITO SPORT;0;;
4965;10295;08721970;10295;4965.08721970;CATEGORIA0;;1;1;0;1;;FORRA CAVE RODA FRENTE DIREITO;FORRA CAVE RODA FRENTE DIREITO;0;;
4965;10295;08721972;10295;4965.08721972;CATEGORIA0;;1;1;0;1;;FORRA CAVE RODA FRENTE DIREITO GASOLEO;FORRA CAVE RODA FRENTE DIREITO GASOLEO;0;;
4965;10295;08722020;10295;4965.08722020;CATEGORIA0;;1;1;0;1;;FORRA CAVE RODA FRENTE DIREITO PEÇA TRASEIRA;FORRA CAVE RODA FRENTE DIREITO PEÇA TRASEIRA;0;;
4965;10295;08722021;10295;4965.08722021;CATEGORIA0;;1;1;0;1;;FORRA CAVE RODA FRENTE DIREITO PEÇA FRENTE;FORRA CAVE RODA FRENTE DIREITO PEÇA FRENTE;0;;
4965;10295;08722023;10295;4965.08722023;CATEGORIA0;;1;1;0;1;;FORRA CAVE RODA FRENTE DIREITO;FORRA CAVE RODA FRENTE DIREITO;0;;
4965;10295;08722033;10295;4965.08722033;CATEGORIA0;;1;1;0;1;;FORRA CAVE RODA FRENTE DIREITO VITO;FORRA CAVE RODA FRENTE DIREITO VITO;0;;
4965;10295;08722035;10295;4965.08722035;CATEGORIA0;;1;1;0;1;;FORRA CAVE RODA FRENTE DIREITO;FORRA CAVE RODA FRENTE DIREITO;0;;
4965;10295;08722040;10295;4965.08722040;CATEGORIA0;;1;1;0;1;;FORRA CAVE RODA FRENTE DIREITO PEÇA FRENTE 1999->;FORRA CAVE RODA FRENTE DIREITO PEÇA FRENTE 1999->;0;;
4965;10295;08722041;10295;4965.08722041;CATEGORIA0;;1;1;0;1;;FORRA CAVE RODA FRENTE DIREITO PEÇA FRENTE;FORRA CAVE RODA FRENTE DIREITO PEÇA FRENTE;0;;
4965;10295;08722043;10295;4965.08722043;CATEGORIA0;;1;1;0;1;;FORRA CAVE RODA FRENTE DIREITO;FORRA CAVE RODA FRENTE DIREITO;0;;
4965;10295;08722044;10295;4965.08722044;CATEGORIA0;;1;1;0;1;;FORRA CAVE RODA FRENTE DIREITO PEÇA FRENTE;FORRA CAVE RODA FRENTE DIREITO PEÇA FRENTE;0;;
4965;10295;08722045;10295;4965.08722045;CATEGORIA0;;1;1;0;1;;FORRA CAVE RODA FRENTE DIREITO PEÇA FRENTE;FORRA CAVE RODA FRENTE DIREITO PEÇA FRENTE;0;;
4965;10295;08722046;10295;4965.08722046;CATEGORIA0;;1;1;0;1;;FORRA CAVE RODA FRENTE DIREITO PEÇA FRENTE (&SW 2011->);FORRA CAVE RODA FRENTE DIREITO PEÇA FRENTE (&SW 2011->);0;;
4965;10295;08722047;10295;4965.08722047;CATEGORIA0;;1;1;0;1;;FORRA CAVE RODA FRENTE DIREITO;FORRA CAVE RODA FRENTE DIREITO;0;;
4965;10295;08722049;10295;4965.08722049;CATEGORIA0;;1;1;0;1;;FORRA CAVE RODA FRENTE DIREITO PEÇA FRENTE;FORRA CAVE RODA FRENTE DIREITO PEÇA FRENTE;0;;
4965;10295;08722054;10295;4965.08722054;CATEGORIA0;;1;1;0;1;;FORRA CAVE RODA FRENTE DIREITO PEÇA FRENTE;FORRA CAVE RODA FRENTE DIREITO PEÇA FRENTE;0;;
4965;10295;08722055;10295;4965.08722055;CATEGORIA0;;1;1;0;1;;FORRA CAVE RODA FRENTE DIREITO PEÇA FRENTE;FORRA CAVE RODA FRENTE DIREITO PEÇA FRENTE;0;;
4965;10295;08722058;10295;4965.08722058;CATEGORIA0;;1;1;0;1;;FORRA CAVE RODA FRENTE DIREITO PEÇA FRENTE;FORRA CAVE RODA FRENTE DIREITO PEÇA FRENTE;0;;
4965;10295;08722060;10295;4965.08722060;CATEGORIA0;;1;1;0;1;;FORRA CAVE RODA FRENTE DIREITO PEÇA FRENTE;FORRA CAVE RODA FRENTE DIREITO PEÇA FRENTE;0;;
4965;10295;08722062;10295;4965.08722062;CATEGORIA0;;1;1;0;1;;FORRA CAVE RODA FRENTE DIREITO PEÇA FRENTE;FORRA CAVE RODA FRENTE DIREITO PEÇA FRENTE;0;;
4965;10295;08722063;10295;4965.08722063;CATEGORIA0;;1;1;0;1;;FORRA CAVE RODA FRENTE DIREITO PEÇA FRENTE;FORRA CAVE RODA FRENTE DIREITO PEÇA FRENTE;0;;
4965;10295;08722066;10295;4965.08722066;CATEGORIA0;;1;1;0;1;;FORRA CAVE RODA FRENTE DIREITO PEÇA FRENTE;FORRA CAVE RODA FRENTE DIREITO PEÇA FRENTE;0;;
4965;10295;08722070;10295;4965.08722070;CATEGORIA0;;1;1;0;1;;FORRA CAVE RODA FRENTE DIREITO;FORRA CAVE RODA FRENTE DIREITO;0;;
4965;10295;08722114;10295;4965.08722114;CATEGORIA0;;1;1;0;1;;FORRA CAVE RODA FRENTE DIREITO;FORRA CAVE RODA FRENTE DIREITO;0;;
4965;10295;08722140;10295;4965.08722140;CATEGORIA0;;1;1;0;1;;FORRA CAVE RODA FRENTE DIREITO;FORRA CAVE RODA FRENTE DIREITO;0;;
4965;10295;08722142;10295;4965.08722142;CATEGORIA0;;1;1;0;1;;FORRA CAVE RODA FRENTE DIREITO;FORRA CAVE RODA FRENTE DIREITO;0;;
4965;10295;08722144;10295;4965.08722144;CATEGORIA0;;1;1;0;1;;FORRA CAVE RODA FRENTE DIREITO;FORRA CAVE RODA FRENTE DIREITO;0;;
4965;10295;08722145;10295;4965.08722145;CATEGORIA0;;1;1;0;1;;FORRA CAVE RODA FRENTE DIREITO COM ISOLANTE;FORRA CAVE RODA FRENTE DIREITO COM ISOLANTE;0;;
4965;10295;08722150;10295;4965.08722150;CATEGORIA0;;1;1;0;1;;FORRA CAVE RODA FRENTE DIREITO;FORRA CAVE RODA FRENTE DIREITO;0;;
4965;10295;08722151;10295;4965.08722151;CATEGORIA0;;1;1;0;1;;FORRA CAVE RODA FRENTE DIREITO PEÇA FRENTE;FORRA CAVE RODA FRENTE DIREITO PEÇA FRENTE;0;;
4965;10295;08722156;10295;4965.08722156;CATEGORIA0;;1;1;0;1;;FORRA CAVE RODA FRENTE DIREITO 4 PORTAS;FORRA CAVE RODA FRENTE DIREITO 4 PORTAS;0;;
4965;10295;08722161;10295;4965.08722161;CATEGORIA0;;1;1;0;1;;FORRA CAVE RODA FRENTE DIREITO;FORRA CAVE RODA FRENTE DIREITO;0;;
4965;10295;08722200;10295;4965.08722200;CATEGORIA0;;1;1;0;1;;FORRA CAVE RODA FRENTE DIREITO;FORRA CAVE RODA FRENTE DIREITO;0;;
4965;10295;08722201;10295;4965.08722201;CATEGORIA0;;1;1;0;1;;FORRA CAVE RODA FRENTE DIREITO;FORRA CAVE RODA FRENTE DIREITO;0;;
4965;10295;08722204;10295;4965.08722204;CATEGORIA0;;1;1;0;1;;FORRA CAVE RODA FRENTE DIREITO (S);FORRA CAVE RODA FRENTE DIREITO (S);0;;
4965;10295;08722205;10295;4965.08722205;CATEGORIA0;;1;1;0;1;;FORRA CAVE RODA FRENTE DIREITO COOPER/COOPER SEM COOPERS JCW;FORRA CAVE RODA FRENTE DIREITO COOPER/COOPER SEM COOPERS JCW;0;;
4965;10295;08722602;10295;4965.08722602;CATEGORIA0;;1;1;0;1;;FORRA CAVE RODA FRENTE DIREITO 2006->;FORRA CAVE RODA FRENTE DIREITO 2006->;0;;
4965;10295;08722616;10295;4965.08722616;CATEGORIA0;;1;1;0;1;;FORRA CAVE RODA FRENTE DIREITO;FORRA CAVE RODA FRENTE DIREITO;0;;
4965;10295;08722624;10295;4965.08722624;CATEGORIA0;;1;1;0;1;;FORRA CAVE RODA FRENTE DIREITO;FORRA CAVE RODA FRENTE DIREITO;0;;
4965;10295;08722627;10295;4965.08722627;CATEGORIA0;;1;1;0;1;;FORRA CAVE RODA FRENTE DIREITO;FORRA CAVE RODA FRENTE DIREITO;0;;
4965;10295;08722628;10295;4965.08722628;CATEGORIA0;;1;1;0;1;;FORRA CAVE RODA FRENTE DIREITO;FORRA CAVE RODA FRENTE DIREITO;0;;
4965;10295;08722634;10295;4965.08722634;CATEGORIA0;;1;1;0;1;;FORRA CAVE RODA FRENTE DIREITO GASOLEO 1.9;FORRA CAVE RODA FRENTE DIREITO GASOLEO 1.9;0;;
4965;10295;08722636;10295;4965.08722636;CATEGORIA0;;1;1;0;1;;FORRA CAVE RODA FRENTE DIREITO;FORRA CAVE RODA FRENTE DIREITO;0;;
4965;10295;08722637;10295;4965.08722637;CATEGORIA0;;1;1;0;1;;FORRA CAVE RODA FRENTE DIREITO;FORRA CAVE RODA FRENTE DIREITO;0;;
4965;10295;08722641;10295;4965.08722641;CATEGORIA0;;1;1;0;1;;FORRA CAVE RODA FRENTE DIREITO;FORRA CAVE RODA FRENTE DIREITO;0;;
4965;10295;08722647;10295;4965.08722647;CATEGORIA0;;1;1;0;1;;FORRA CAVE RODA FRENTE DIREITO;FORRA CAVE RODA FRENTE DIREITO;0;;
4965;10295;08722649;10295;4965.08722649;CATEGORIA0;;1;1;0;1;;FORRA CAVE RODA FRENTE DIREITO ->2012;FORRA CAVE RODA FRENTE DIREITO ->2012;0;;
4965;10295;08722652;10295;4965.08722652;CATEGORIA0;;1;1;0;1;;FORRA CAVE RODA FRENTE DIREITO;FORRA CAVE RODA FRENTE DIREITO;0;;
4965;10295;08722660;10295;4965.08722660;CATEGORIA0;;1;1;0;1;;FORRA CAVE RODA FRENTE DIREITO;FORRA CAVE RODA FRENTE DIREITO;0;;
4965;10295;08722662;10295;4965.08722662;CATEGORIA0;;1;1;0;1;;FORRA CAVE RODA FRENTE DIREITO;FORRA CAVE RODA FRENTE DIREITO;0;;
4965;10295;08722664;10295;4965.08722664;CATEGORIA0;;1;1;0;1;;FORRA CAVE RODA FRENTE DIREITO;FORRA CAVE RODA FRENTE DIREITO;0;;
4965;10295;08722665;10295;4965.08722665;CATEGORIA0;;1;1;0;1;;FORRA CAVE RODA FRENTE DIREITO;FORRA CAVE RODA FRENTE DIREITO;0;;
4965;10295;08722667;10295;4965.08722667;CATEGORIA0;;1;1;0;1;;FORRA CAVE RODA FRENTE DIREITO;FORRA CAVE RODA FRENTE DIREITO;0;;
4965;10295;08722669;10295;4965.08722669;CATEGORIA0;;1;1;0;1;;FORRA CAVE RODA FRENTE DIREITO;FORRA CAVE RODA FRENTE DIREITO;0;;
4965;10295;08722671;10295;4965.08722671;CATEGORIA0;;1;1;0;1;;FORRA CAVE RODA FRENTE DIREITO;FORRA CAVE RODA FRENTE DIREITO;0;;
4965;10295;08722675;10295;4965.08722675;CATEGORIA0;;1;1;0;1;;FORRA CAVE RODA FRENTE DIREITO;FORRA CAVE RODA FRENTE DIREITO;0;;
4965;10295;08722680;10295;4965.08722680;CATEGORIA0;;1;1;0;1;;FORRA CAVE RODA FRENTE DIREITO;FORRA CAVE RODA FRENTE DIREITO;0;;
4965;10295;08723005;10295;4965.08723005;CATEGORIA0;;1;1;0;1;;FORRA CAVE RODA FRENTE DIREITO;FORRA CAVE RODA FRENTE DIREITO;0;;
4965;10295;08723037;10295;4965.08723037;CATEGORIA0;;1;1;0;1;;FORRA CAVE RODA FRENTE DIREITO 1.8/2.0;FORRA CAVE RODA FRENTE DIREITO 1.8/2.0;0;;
4965;10295;08723038;10295;4965.08723038;CATEGORIA0;;1;1;0;1;;FORRA CAVE RODA FRENTE DIREITO;FORRA CAVE RODA FRENTE DIREITO;0;;
4965;10295;08723040;10295;4965.08723040;CATEGORIA0;;1;1;0;1;;FORRA CAVE RODA FRENTE DIREITO;FORRA CAVE RODA FRENTE DIREITO;0;;
4965;10295;08723048;10295;4965.08723048;CATEGORIA0;;1;1;0;1;;FORRA CAVE RODA FRENTE DIREITO;FORRA CAVE RODA FRENTE DIREITO;0;;
4965;10295;08723054;10295;4965.08723054;CATEGORIA0;;1;1;0;1;;FORRA CAVE RODA FRENTE DIREITO;FORRA CAVE RODA FRENTE DIREITO;0;;
4965;10295;08723055;10295;4965.08723055;CATEGORIA0;;1;1;0;1;;FORRA CAVE RODA FRENTE DIREITO;FORRA CAVE RODA FRENTE DIREITO;0;;
4965;10295;08723060;10295;4965.08723060;CATEGORIA0;;1;1;0;1;;FORRA CAVE RODA FRENTE DIREITO;FORRA CAVE RODA FRENTE DIREITO;0;;
4965;10295;08723063;10295;4965.08723063;CATEGORIA0;;1;1;0;1;;FORRA CAVE RODA FRENTE DIREITO;FORRA CAVE RODA FRENTE DIREITO;0;;
4965;10295;08723065;10295;4965.08723065;CATEGORIA0;;1;1;0;1;;FORRA CAVE RODA FRENTE DIREITO;FORRA CAVE RODA FRENTE DIREITO;0;;
4965;10295;08723067;10295;4965.08723067;CATEGORIA0;;1;1;0;1;;FORRA CAVE RODA FRENTE DIREITO;FORRA CAVE RODA FRENTE DIREITO;0;;
4965;10295;08723070;10295;4965.08723070;CATEGORIA0;;1;1;0;1;;FORRA CAVE RODA FRENTE DIREITO;FORRA CAVE RODA FRENTE DIREITO;0;;
4965;10295;08723080;10295;4965.08723080;CATEGORIA0;;1;1;0;1;;FORRA CAVE RODA FRENTE DIREITO;FORRA CAVE RODA FRENTE DIREITO;0;;
4965;10295;08723081;10295;4965.08723081;CATEGORIA0;;1;1;0;1;;FORRA CAVE RODA FRENTE DIREITO;FORRA CAVE RODA FRENTE DIREITO;0;;
4965;10295;08723087;10295;4965.08723087;CATEGORIA0;;1;1;0;1;;FORRA CAVE RODA FRENTE DIREITO 5 PORTAS/FAMILIAR->2013;FORRA CAVE RODA FRENTE DIREITO 5 PORTAS/FAMILIAR->2013;0;;
4965;10295;08723088;10295;4965.08723088;CATEGORIA0;;1;1;0;1;;FORRA CAVE RODA FRENTE DIREITO;FORRA CAVE RODA FRENTE DIREITO;0;;
4965;10295;08723097;10295;4965.08723097;CATEGORIA0;;1;1;0;1;;FORRA CAVE RODA FRENTE DIREITO;FORRA CAVE RODA FRENTE DIREITO;0;;
4965;10295;08723510;10295;4965.08723510;CATEGORIA0;;1;1;0;1;;FORRA CAVE RODA FRENTE DIREITO;FORRA CAVE RODA FRENTE DIREITO;0;;
4965;10295;08723511;10295;4965.08723511;CATEGORIA0;;1;1;0;1;;FORRA CAVE RODA FRENTE DIREITO;FORRA CAVE RODA FRENTE DIREITO;0;;
4965;10295;08723512;10295;4965.08723512;CATEGORIA0;;1;1;0;1;;FORRA CAVE RODA FRENTE DIREITO;FORRA CAVE RODA FRENTE DIREITO;0;;
4965;10295;08723531;10295;4965.08723531;CATEGORIA0;;1;1;0;1;;FORRA CAVE RODA FRENTE DIREITO;FORRA CAVE RODA FRENTE DIREITO;0;;
4965;10295;08723532;10295;4965.08723532;CATEGORIA0;;1;1;0;1;;FORRA CAVE RODA FRENTE DIREITO 3/5 PORTAS;FORRA CAVE RODA FRENTE DIREITO 3/5 PORTAS;0;;
4965;10295;08723535;10295;4965.08723535;CATEGORIA0;;1;1;0;1;;FORRA CAVE RODA FRENTE DIREITO PEÇA FRENTE 8V;FORRA CAVE RODA FRENTE DIREITO PEÇA FRENTE 8V;0;;
4965;10295;08723536;10295;4965.08723536;CATEGORIA0;;1;1;0;1;;FORRA CAVE RODA FRENTE DIREITO 3 PORTAS;FORRA CAVE RODA FRENTE DIREITO 3 PORTAS;0;;
4965;10295;08723538;10295;4965.08723538;CATEGORIA0;;1;1;0;1;;FORRA CAVE RODA FRENTE DIREITO GT/XY SEM ISOLAMENTO ACUSTICO;FORRA CAVE RODA FRENTE DIREITO GT/XY SEM ISOLAMENTO ACUSTICO;0;;
4965;10295;08723540;10295;4965.08723540;CATEGORIA0;;1;1;0;1;;FORRA CAVE RODA FRENTE DIREITO;FORRA CAVE RODA FRENTE DIREITO;0;;
4965;10295;08723541;10295;4965.08723541;CATEGORIA0;;1;1;0;1;;FORRA CAVE RODA FRENTE DIREITO;FORRA CAVE RODA FRENTE DIREITO;0;;
4965;10295;08723542;10295;4965.08723542;CATEGORIA0;;1;1;0;1;;FORRA CAVE RODA FRENTE DIREITO PEÇA FRENTE INFERIOR;FORRA CAVE RODA FRENTE DIREITO PEÇA FRENTE INFERIOR;0;;
4965;10295;08723543;10295;4965.08723543;CATEGORIA0;;1;1;0;1;;FORRA CAVE RODA FRENTE DIREITO PEÇA FRENTE;FORRA CAVE RODA FRENTE DIREITO PEÇA FRENTE;0;;
4965;10295;08723544;10295;4965.08723544;CATEGORIA0;;1;1;0;1;;FORRA CAVE RODA FRENTE DIREITO PEÇA FRENTE;FORRA CAVE RODA FRENTE DIREITO PEÇA FRENTE;0;;
4965;10295;08723546;10295;4965.08723546;CATEGORIA0;;1;1;0;1;;FORRA CAVE RODA FRENTE DIREITO PEÇA FRENTE;FORRA CAVE RODA FRENTE DIREITO PEÇA FRENTE;0;;
4965;10295;08723552;10295;4965.08723552;CATEGORIA0;;1;1;0;1;;FORRA CAVE RODA FRENTE DIREITO 2001->;FORRA CAVE RODA FRENTE DIREITO 2001->;0;;
4965;10295;08723553;10295;4965.08723553;CATEGORIA0;;1;1;0;1;;FORRA CAVE RODA FRENTE DIREITO PEÇA FRENTE SEDAN;FORRA CAVE RODA FRENTE DIREITO PEÇA FRENTE SEDAN;0;;
4965;10295;08723554;10295;4965.08723554;CATEGORIA0;;1;1;0;1;;FORRA CAVE RODA FRENTE DIREITO;FORRA CAVE RODA FRENTE DIREITO;0;;
4965;10295;08723557;10295;4965.08723557;CATEGORIA0;;1;1;0;1;;FORRA CAVE RODA FRENTE DIREITO;FORRA CAVE RODA FRENTE DIREITO;0;;
4965;10295;08723558;10295;4965.08723558;CATEGORIA0;;1;1;0;1;;FORRA CAVE RODA FRENTE DIREITO;FORRA CAVE RODA FRENTE DIREITO;0;;
4965;10295;08723568;10295;4965.08723568;CATEGORIA0;;1;1;0;1;;FORRA CAVE RODA FRENTE DIREITO;FORRA CAVE RODA FRENTE DIREITO;0;;
4965;10295;08723570;10295;4965.08723570;CATEGORIA0;;1;1;0;1;;FORRA CAVE RODA FRENTE DIREITO;FORRA CAVE RODA FRENTE DIREITO;0;;
4965;10295;08723571;10295;4965.08723571;CATEGORIA0;;1;1;0;1;;FORRA CAVE RODA FRENTE DIREITO;FORRA CAVE RODA FRENTE DIREITO;0;;
4965;10295;08723573;10295;4965.08723573;CATEGORIA0;;1;1;0;1;;FORRA CAVE RODA FRENTE DIREITO;FORRA CAVE RODA FRENTE DIREITO;0;;
4965;10295;08723575;10295;4965.08723575;CATEGORIA0;;1;1;0;1;;FORRA CAVE RODA FRENTE DIREITO COM ISOLANTE;FORRA CAVE RODA FRENTE DIREITO COM ISOLANTE;0;;
4965;10295;08724005;10295;4965.08724005;CATEGORIA0;;1;1;0;1;;FORRA CAVE RODA FRENTE DIREITO PEÇA FRENTE;FORRA CAVE RODA FRENTE DIREITO PEÇA FRENTE;0;;
4965;10295;08724008;10295;4965.08724008;CATEGORIA0;;1;1;0;1;;FORRA CAVE RODA FRENTE DIREITO PEÇA FRENTE;FORRA CAVE RODA FRENTE DIREITO PEÇA FRENTE;0;;
4965;10295;08724022;10295;4965.08724022;CATEGORIA0;;1;1;0;1;;FORRA CAVE RODA FRENTE DIREITO;FORRA CAVE RODA FRENTE DIREITO;0;;
4965;10295;08724026;10295;4965.08724026;CATEGORIA0;;1;1;0;1;;FORRA CAVE RODA FRENTE DIREITO PEÇA FRENTE;FORRA CAVE RODA FRENTE DIREITO PEÇA FRENTE;0;;
4965;10295;08724029;10295;4965.08724029;CATEGORIA0;;1;1;0;1;;FORRA CAVE RODA FRENTE DIREITO PEÇA FRENTE;FORRA CAVE RODA FRENTE DIREITO PEÇA FRENTE;0;;
4965;10295;08724032;10295;4965.08724032;CATEGORIA0;;1;1;0;1;;FORRA CAVE RODA FRENTE DIREITO PEÇA FRENTE;FORRA CAVE RODA FRENTE DIREITO PEÇA FRENTE;0;;
4965;10295;08724038;10295;4965.08724038;CATEGORIA0;;1;1;0;1;;FORRA CAVE RODA FRENTE DIREITO PEÇA FRENTE;FORRA CAVE RODA FRENTE DIREITO PEÇA FRENTE;0;;
4965;10295;08724051;10295;4965.08724051;CATEGORIA0;;1;1;0;1;;FORRA CAVE RODA FRENTE DIREITO;FORRA CAVE RODA FRENTE DIREITO;0;;
4965;10295;08724058;10295;4965.08724058;CATEGORIA0;;1;1;0;1;;FORRA CAVE RODA FRENTE DIREITO;FORRA CAVE RODA FRENTE DIREITO;0;;
4965;10295;08724059;10295;4965.08724059;CATEGORIA0;;1;1;0;1;;FORRA CAVE RODA FRENTE DIREITO PEÇA FRENTE (ARO 15);FORRA CAVE RODA FRENTE DIREITO PEÇA FRENTE (ARO 15);0;;
4965;10295;08724063;10295;4965.08724063;CATEGORIA0;;1;1;0;1;;FORRA CAVE RODA FRENTE DIREITO;FORRA CAVE RODA FRENTE DIREITO;0;;
4965;10295;08724065;10295;4965.08724065;CATEGORIA0;;1;1;0;1;;FORRA CAVE RODA FRENTE DIREITO;FORRA CAVE RODA FRENTE DIREITO;0;;
4965;10295;08724069;10295;4965.08724069;CATEGORIA0;;1;1;0;1;;FORRA CAVE RODA FRENTE DIREITO PEÇA FRENTE;FORRA CAVE RODA FRENTE DIREITO PEÇA FRENTE;0;;
4965;10295;08724074;10295;4965.08724074;CATEGORIA0;;1;1;0;1;;FORRA CAVE RODA FRENTE DIREITO PEÇA FRENTE;FORRA CAVE RODA FRENTE DIREITO PEÇA FRENTE;0;;
4965;10295;08724075;10295;4965.08724075;CATEGORIA0;;1;1;0;1;;FORRA CAVE RODA FRENTE DIREITO PEÇA FRENTE 3/5 PORTAS;FORRA CAVE RODA FRENTE DIREITO PEÇA FRENTE 3/5 PORTAS;0;;
4965;10295;08724077;10295;4965.08724077;CATEGORIA0;;1;1;0;1;;FORRA CAVE RODA FRENTE DIREITO PEÇA TRASEIRA 2 PORTAS;FORRA CAVE RODA FRENTE DIREITO PEÇA TRASEIRA 2 PORTAS;0;;
4965;10295;08724078;10295;4965.08724078;CATEGORIA0;;1;1;0;1;;FORRA CAVE RODA FRENTE DIREITO PEÇA FRENTE GASOLEO 2.2;FORRA CAVE RODA FRENTE DIREITO PEÇA FRENTE GASOLEO 2.2;0;;
4965;10295;08724079;10295;4965.08724079;CATEGORIA0;;1;1;0;1;;FORRA CAVE RODA FRENTE DIREITO;FORRA CAVE RODA FRENTE DIREITO;0;;
4965;10295;08724080;10295;4965.08724080;CATEGORIA0;;1;1;0;1;;FORRA CAVE RODA FRENTE DIREITO;FORRA CAVE RODA FRENTE DIREITO;0;;
4965;10295;08724081;10295;4965.08724081;CATEGORIA0;;1;1;0;1;;FORRA CAVE RODA FRENTE DIREITO;FORRA CAVE RODA FRENTE DIREITO;0;;
4965;10295;08724083;10295;4965.08724083;CATEGORIA0;;1;1;0;1;;FORRA CAVE RODA FRENTE DIREITO;FORRA CAVE RODA FRENTE DIREITO;0;;
4965;10295;08724084;10295;4965.08724084;CATEGORIA0;;1;1;0;1;;FORRA CAVE RODA FRENTE DIREITO;FORRA CAVE RODA FRENTE DIREITO;0;;
4965;10295;08724085;10295;4965.08724085;CATEGORIA0;;1;1;0;1;;FORRA CAVE RODA FRENTE DIREITO PEÇA FRENTE 1996->2002;FORRA CAVE RODA FRENTE DIREITO PEÇA FRENTE 1996->2002;0;;
4965;10295;08724086;10295;4965.08724086;CATEGORIA0;;1;1;0;1;;FORRA CAVE RODA FRENTE DIREITO PEÇA FRENTE;FORRA CAVE RODA FRENTE DIREITO PEÇA FRENTE;0;;
4965;10295;08724088;10295;4965.08724088;CATEGORIA0;;1;1;0;1;;FORRA CAVE RODA FRENTE DIREITO PEÇA FRENTE ->2002;FORRA CAVE RODA FRENTE DIREITO PEÇA FRENTE ->2002;0;;
4965;10295;08724089;10295;4965.08724089;CATEGORIA0;;1;1;0;1;;FORRA CAVE RODA FRENTE DIREITO;FORRA CAVE RODA FRENTE DIREITO;0;;
4965;10295;08724090;10295;4965.08724090;CATEGORIA0;;1;1;0;1;;FORRA CAVE RODA FRENTE DIREITO PEÇA FRENTE 2WD;FORRA CAVE RODA FRENTE DIREITO PEÇA FRENTE 2WD;0;;
4965;10295;08724091;10295;4965.08724091;CATEGORIA0;;1;1;0;1;;FORRA CAVE RODA FRENTE DIREITO PEÇA FRENTE;FORRA CAVE RODA FRENTE DIREITO PEÇA FRENTE;0;;
4965;10295;08724092;10295;4965.08724092;CATEGORIA0;;1;1;0;1;;FORRA CAVE RODA FRENTE DIREITO PEÇA FRENTE;FORRA CAVE RODA FRENTE DIREITO PEÇA FRENTE;0;;
4965;10295;08724094;10295;4965.08724094;CATEGORIA0;;1;1;0;1;;FORRA CAVE RODA FRENTE DIREITO;FORRA CAVE RODA FRENTE DIREITO;0;;
4965;10295;08724098;10295;4965.08724098;CATEGORIA0;;1;1;0;1;;FORRA CAVE RODA FRENTE DIREITO PEÇA FRENTE;FORRA CAVE RODA FRENTE DIREITO PEÇA FRENTE;0;;
4965;10295;08724099;10295;4965.08724099;CATEGORIA0;;1;1;0;1;;FORRA CAVE RODA FRENTE DIREITO PEÇA FRENTE;FORRA CAVE RODA FRENTE DIREITO PEÇA FRENTE;0;;
4965;10295;08724122;10295;4965.08724122;CATEGORIA0;;1;1;0;1;;FORRA CAVE RODA FRENTE DIREITO 2.0L;FORRA CAVE RODA FRENTE DIREITO 2.0L;0;;
4965;10295;08724502;10295;4965.08724502;CATEGORIA0;;1;1;0;1;;FORRA CAVE RODA FRENTE DIREITO;FORRA CAVE RODA FRENTE DIREITO;0;;
4965;10295;08724573;10295;4965.08724573;CATEGORIA0;;1;1;0;1;;FORRA CAVE RODA FRENTE DIREITO;FORRA CAVE RODA FRENTE DIREITO;0;;
4965;10295;08724574;10295;4965.08724574;CATEGORIA0;;1;1;0;1;;FORRA CAVE RODA;FORRA CAVE RODA;0;;
4965;10295;08724577;10295;4965.08724577;CATEGORIA0;;1;1;0;1;;FORRA CAVE RODA FRENTE DIREITO;FORRA CAVE RODA FRENTE DIREITO;0;;
4965;10295;08724580;10295;4965.08724580;CATEGORIA0;;1;1;0;1;;FORRA CAVE RODA FRENTE DIREITO;FORRA CAVE RODA FRENTE DIREITO;0;;
4965;10295;08724585;10295;4965.08724585;CATEGORIA0;;1;1;0;1;;FORRA CAVE RODA FRENTE DIREITO;FORRA CAVE RODA FRENTE DIREITO;0;;
4965;10295;08724591;10295;4965.08724591;CATEGORIA0;;1;1;0;1;;RESGUARDO CAVE RODA FRONTAL DIREITO;RESGUARDO CAVE RODA FRONTAL DIREITO;0;;
4965;10295;08724620;10295;4965.08724620;CATEGORIA0;;1;1;0;1;;FORRA CAVE RODA FRENTE DIREITO;FORRA CAVE RODA FRENTE DIREITO;0;;
4965;10295;08724626;10295;4965.08724626;CATEGORIA0;;1;1;0;1;;FORRA CAVE RODA FRENTE DIREITO;FORRA CAVE RODA FRENTE DIREITO;0;;
4965;10295;08724628;10295;4965.08724628;CATEGORIA0;;1;1;0;1;;FORRA CAVE RODA FRENTE DIREITO;FORRA CAVE RODA FRENTE DIREITO;0;;
4965;10295;08724632;10295;4965.08724632;CATEGORIA0;;1;1;0;1;;FORRA CAVE RODA FRENTE DIREITO;FORRA CAVE RODA FRENTE DIREITO;0;;
4965;10295;08724633;10295;4965.08724633;CATEGORIA0;;1;1;0;1;;FORRA CAVE RODA FRENTE DIREITO;FORRA CAVE RODA FRENTE DIREITO;0;;
4965;10295;08724636;10295;4965.08724636;CATEGORIA0;;1;1;0;1;;FORRA CAVE RODA FRENTE DIREITO;FORRA CAVE RODA FRENTE DIREITO;0;;
4965;10295;08724638;10295;4965.08724638;CATEGORIA0;;1;1;0;1;;FORRA CAVE RODA FRENTE DIREITO;FORRA CAVE RODA FRENTE DIREITO;0;;
4965;10295;08724640;10295;4965.08724640;CATEGORIA0;;1;1;0;1;;FORRA CAVE RODA FRENTE DIREITO;FORRA CAVE RODA FRENTE DIREITO;0;;
4965;10295;08724644;10295;4965.08724644;CATEGORIA0;;1;1;0;1;;FORRA CAVE RODA FRENTE DIREITO;FORRA CAVE RODA FRENTE DIREITO;0;;
4965;10295;08724701;10295;4965.08724701;CATEGORIA0;;1;1;0;1;;FORRA CAVE RODA FRENTE DIREITO;FORRA CAVE RODA FRENTE DIREITO;0;;
4965;10295;08724704;10295;4965.08724704;CATEGORIA0;;1;1;0;1;;FORRA CAVE RODA FRENTE DIREITO;FORRA CAVE RODA FRENTE DIREITO;0;;
4965;10295;08724707;10295;4965.08724707;CATEGORIA0;;1;1;0;1;;FORRA CAVE RODA FRENTE DIREITO;FORRA CAVE RODA FRENTE DIREITO;0;;
4965;10295;08724711;10295;4965.08724711;CATEGORIA0;;1;1;0;1;;FORRA CAVE RODA FRENTE DIREITO;FORRA CAVE RODA FRENTE DIREITO;0;;
4965;10295;08724714;10295;4965.08724714;CATEGORIA0;;1;1;0;1;;FORRA CAVE RODA FRENTE DIREITO GASOLINA/GASOLEO;FORRA CAVE RODA FRENTE DIREITO GASOLINA/GASOLEO;0;;
4965;10295;08724715;10295;4965.08724715;CATEGORIA0;;1;1;0;1;;FORRA CAVE RODA FRENTE DIREITO;FORRA CAVE RODA FRENTE DIREITO;0;;
4965;10295;08724717;10295;4965.08724717;CATEGORIA0;;1;1;0;1;;FORRA CAVE RODA FRENTE DIREITO PEÇA TRASEIRA;FORRA CAVE RODA FRENTE DIREITO PEÇA TRASEIRA;0;;
4965;10295;08724718;10295;4965.08724718;CATEGORIA0;;1;1;0;1;;FORRA CAVE RODA FRENTE DIREITO;FORRA CAVE RODA FRENTE DIREITO;0;;
4965;10295;08724721;10295;4965.08724721;CATEGORIA0;;1;1;0;1;;FORRA CAVE RODA FRENTE DIREITO;FORRA CAVE RODA FRENTE DIREITO;0;;
4965;10295;08724725;10295;4965.08724725;CATEGORIA0;;1;1;0;1;;FORRA CAVE RODA FRENTE DIREITO;FORRA CAVE RODA FRENTE DIREITO;0;;
4965;10295;08724727;10295;4965.08724727;CATEGORIA0;;1;1;0;1;;FORRA CAVE RODA FRENTE DIREITO;FORRA CAVE RODA FRENTE DIREITO;0;;
4965;10295;08724908;10295;4965.08724908;CATEGORIA0;;1;1;0;1;;FORRA CAVE RODA FRENTE DIREITO;FORRA CAVE RODA FRENTE DIREITO;0;;
4965;10295;08725101;10295;4965.08725101;CATEGORIA0;;1;1;0;1;;FORRA CAVE RODA FRENTE DIREITO;FORRA CAVE RODA FRENTE DIREITO;0;;
4965;10295;08725110;10295;4965.08725110;CATEGORIA0;;1;1;0;1;;FORRA CAVE RODA FRENTE DIREITO;FORRA CAVE RODA FRENTE DIREITO;0;;
4965;10295;08725112;10295;4965.08725112;CATEGORIA0;;1;1;0;1;;FORRA CAVE RODA FRENTE DIREITO 3/5 PORTAS;FORRA CAVE RODA FRENTE DIREITO 3/5 PORTAS;0;;
4965;10295;08725113;10295;4965.08725113;CATEGORIA0;;1;1;0;1;;FORRA CAVE RODA FRENTE DIREITO;FORRA CAVE RODA FRENTE DIREITO;0;;
4965;10295;08725114;10295;4965.08725114;CATEGORIA0;;1;1;0;1;;FORRA CAVE RODA FRENTE DIREITO;FORRA CAVE RODA FRENTE DIREITO;0;;
4965;10295;08725115;10295;4965.08725115;CATEGORIA0;;1;1;0;1;;FORRA CAVE RODA FRENTE DIREITO;FORRA CAVE RODA FRENTE DIREITO;0;;
4965;10295;08725116;10295;4965.08725116;CATEGORIA0;;1;1;0;1;;FORRA CAVE RODA FRENTE DIREITO 2007->2008;FORRA CAVE RODA FRENTE DIREITO 2007->2008;0;;
4965;10295;08725117;10295;4965.08725117;CATEGORIA0;;1;1;0;1;;FORRA CAVE RODA FRENTE DIREITO;FORRA CAVE RODA FRENTE DIREITO;0;;
4965;10295;08725119;10295;4965.08725119;CATEGORIA0;;1;1;0;1;;FORRA CAVE RODA FRENTE DIREITO;FORRA CAVE RODA FRENTE DIREITO;0;;
4965;10295;08725123;10295;4965.08725123;CATEGORIA0;;1;1;0;1;;FORRA CAVE RODA FRENTE DIREITO;FORRA CAVE RODA FRENTE DIREITO;0;;
4965;10295;08725128;10295;4965.08725128;CATEGORIA0;;1;1;0;1;;FORRA CAVE RODA FRENTE DIREITO;FORRA CAVE RODA FRENTE DIREITO;0;;
4965;10295;08725129;10295;4965.08725129;CATEGORIA0;;1;1;0;1;;FORRA CAVE RODA FRENTE DIREITO;FORRA CAVE RODA FRENTE DIREITO;0;;
4965;10295;08725132;10295;4965.08725132;CATEGORIA0;;1;1;0;1;;FORRA CAVE RODA FRENTE DIREITO (100) 1998->2007;FORRA CAVE RODA FRENTE DIREITO (100) 1998->2007;0;;
4965;10295;08725134;10295;4965.08725134;CATEGORIA0;;1;1;0;1;;FORRA CAVE RODA FRENTE DIREITO ->2011;FORRA CAVE RODA FRENTE DIREITO ->2011;0;;
4965;10295;08725136;10295;4965.08725136;CATEGORIA0;;1;1;0;1;;FORRA CAVE RODA FRENTE DIREITO ->07/2013;FORRA CAVE RODA FRENTE DIREITO ->07/2013;0;;
4965;10295;08725138;10295;4965.08725138;CATEGORIA0;;1;1;0;1;;FORRA CAVE RODA FRENTE DIREITO;FORRA CAVE RODA FRENTE DIREITO;0;;
4965;10295;08725143;10295;4965.08725143;CATEGORIA0;;1;1;0;1;;FORRA CAVE RODA FRENTE DIREITO;FORRA CAVE RODA FRENTE DIREITO;0;;
4965;10295;08725146;10295;4965.08725146;CATEGORIA0;;1;1;0;1;;FORRA CAVE RODA FRENTE DIREITO;FORRA CAVE RODA FRENTE DIREITO;0;;
4965;10295;08725147;10295;4965.08725147;CATEGORIA0;;1;1;0;1;;FORRA CAVE RODA FRENTE DIREITO;FORRA CAVE RODA FRENTE DIREITO;0;;
4965;10295;08725151;10295;4965.08725151;CATEGORIA0;;1;1;0;1;;FORRA CAVE RODA FRENTE DIREITO COM BURACOS FRISO;FORRA CAVE RODA FRENTE DIREITO COM BURACOS FRISO;0;;
4965;10295;08725153;10295;4965.08725153;CATEGORIA0;;1;1;0;1;;FORRA CAVE RODA FRENTE DIREITO;FORRA CAVE RODA FRENTE DIREITO;0;;
4965;10295;08725156;10295;4965.08725156;CATEGORIA0;;1;1;0;1;;FORRA CAVE RODA FRENTE DIREITO;FORRA CAVE RODA FRENTE DIREITO;0;;
4965;10295;08725158;10295;4965.08725158;CATEGORIA0;;1;1;0;1;;FORRA CAVE RODA DIREITO;FORRA CAVE RODA DIREITO;0;;
4965;10295;08725159;10295;4965.08725159;CATEGORIA0;;1;1;0;1;;FORRA CAVE RODA FRENTE DIREITO;FORRA CAVE RODA FRENTE DIREITO;0;;
4965;10295;08725170;10295;4965.08725170;CATEGORIA0;;1;1;0;1;;FORRA CAVE RODA FRENTE DIREITO;FORRA CAVE RODA FRENTE DIREITO;0;;
4965;10295;08725171;10295;4965.08725171;CATEGORIA0;;1;1;0;1;;FORRA CAVE RODA FRENTE DIREITO;FORRA CAVE RODA FRENTE DIREITO;0;;
4965;10295;08725172;10295;4965.08725172;CATEGORIA0;;1;1;0;1;;FORRA CAVE RODA FRENTE DIREITO;FORRA CAVE RODA FRENTE DIREITO;0;;
4965;10295;08725175;10295;4965.08725175;CATEGORIA0;;1;1;0;1;;FORRA CAVE RODA FRENTE DIREITO;FORRA CAVE RODA FRENTE DIREITO;0;;
4965;10295;08725177;10295;4965.08725177;CATEGORIA0;;1;1;0;1;;FORRA CAVE RODA FRENTE DIREITO;FORRA CAVE RODA FRENTE DIREITO;0;;
4965;10295;08725182;10295;4965.08725182;CATEGORIA0;;1;1;0;1;;FORRA CAVE RODA FRENTE DIREITO 4X2;FORRA CAVE RODA FRENTE DIREITO 4X2;0;;
4965;10295;08725185;10295;4965.08725185;CATEGORIA0;;1;1;0;1;;FORRA CAVE RODA FRENTE DIREITO 4X2/4X4;FORRA CAVE RODA FRENTE DIREITO 4X2/4X4;0;;
4965;10295;08725192;10295;4965.08725192;CATEGORIA0;;1;1;0;1;;FORRA CAVE RODA FRENTE DIREITO;FORRA CAVE RODA FRENTE DIREITO;0;;
4965;10295;08725505;10295;4965.08725505;CATEGORIA0;;1;1;0;1;;FORRA CAVE RODA FRENTE DIREITO;FORRA CAVE RODA FRENTE DIREITO;0;;
4965;10295;08725508;10295;4965.08725508;CATEGORIA0;;1;1;0;1;;FORRA CAVE RODA FRENTE DIREITO;FORRA CAVE RODA FRENTE DIREITO;0;;
4965;10295;08725519;10295;4965.08725519;CATEGORIA0;;1;1;0;1;;FORRA CAVE RODA FRENTE DIREITO;FORRA CAVE RODA FRENTE DIREITO;0;;
4965;10295;08725522;10295;4965.08725522;CATEGORIA0;;1;1;0;1;;FORRA CAVE RODA FRENTE DIREITO POLO CLASSIC/CADDY 1995->;FORRA CAVE RODA FRENTE DIREITO POLO CLASSIC/CADDY 1995->;0;;
4965;10295;08725529;10295;4965.08725529;CATEGORIA0;;1;1;0;1;;FORRA CAVE RODA FRENTE DIREITO;FORRA CAVE RODA FRENTE DIREITO;0;;
4965;10295;08725530;10295;4965.08725530;CATEGORIA0;;1;1;0;1;;FORRA CAVE RODA FRENTE DIREITO;FORRA CAVE RODA FRENTE DIREITO;0;;
4965;10295;08725533;10295;4965.08725533;CATEGORIA0;;1;1;0;1;;FORRA CAVE RODA FRENTE DIREITO;FORRA CAVE RODA FRENTE DIREITO;0;;
4965;10295;08725539;10295;4965.08725539;CATEGORIA0;;1;1;0;1;;FORRA CAVE RODA FRENTE DIREITO;FORRA CAVE RODA FRENTE DIREITO;0;;
4965;10295;08725542;10295;4965.08725542;CATEGORIA0;;1;1;0;1;;FORRA CAVE RODA FRENTE DIREITO;FORRA CAVE RODA FRENTE DIREITO;0;;
4965;10295;08725549;10295;4965.08725549;CATEGORIA0;;1;1;0;1;;FORRA CAVE RODA FRENTE DIREITO;FORRA CAVE RODA FRENTE DIREITO;0;;
4965;10295;08725550;10295;4965.08725550;CATEGORIA0;;1;1;0;1;;FORRA CAVE RODA FRENTE DIREITO;FORRA CAVE RODA FRENTE DIREITO;0;;
4965;10295;08725551;10295;4965.08725551;CATEGORIA0;;1;1;0;1;;FORRA CAVE RODA FRENTE DIREITO PEÇA FRENTE 5/6 VELOCIDADES;FORRA CAVE RODA FRENTE DIREITO PEÇA FRENTE 5/6 VELOCIDADES;0;;
4965;10295;08725552;10295;4965.08725552;CATEGORIA0;;1;1;0;1;;FORRA CAVE RODA FRENTE DIREITO PEÇA FRENTE;FORRA CAVE RODA FRENTE DIREITO PEÇA FRENTE;0;;
4965;10295;08725562;10295;4965.08725562;CATEGORIA0;;1;1;0;1;;FORRA CAVE RODA FRENTE DIREITO PEÇA FRENTE;FORRA CAVE RODA FRENTE DIREITO PEÇA FRENTE;0;;
4965;10295;08725564;10295;4965.08725564;CATEGORIA0;;1;1;0;1;;FORRA CAVE RODA FRENTE DIREITO PEÇA FRENTE;FORRA CAVE RODA FRENTE DIREITO PEÇA FRENTE;0;;
4965;10295;08725565;10295;4965.08725565;CATEGORIA0;;1;1;0;1;;FORRA CAVE RODA FRENTE DIREITO ->2006;FORRA CAVE RODA FRENTE DIREITO ->2006;0;;
4965;10295;08725570;10295;4965.08725570;CATEGORIA0;;1;1;0;1;;FORRA CAVE RODA FRENTE DIREITO;FORRA CAVE RODA FRENTE DIREITO;0;;
4965;10295;08725571;10295;4965.08725571;CATEGORIA0;;1;1;0;1;;FORRA CAVE RODA FRENTE DIREITO;FORRA CAVE RODA FRENTE DIREITO;0;;
4965;10295;08725573;10295;4965.08725573;CATEGORIA0;;1;1;0;1;;FORRA CAVE RODA FRENTE DIREITO;FORRA CAVE RODA FRENTE DIREITO;0;;
4965;10295;08725575;10295;4965.08725575;CATEGORIA0;;1;1;0;1;;FORRA CAVE RODA FRENTE DIREITO;FORRA CAVE RODA FRENTE DIREITO;0;;
4965;10295;08725578;10295;4965.08725578;CATEGORIA0;;1;1;0;1;;FORRA CAVE RODA FRENTE DIREITO;FORRA CAVE RODA FRENTE DIREITO;0;;
4965;10295;08725580;10295;4965.08725580;CATEGORIA0;;1;1;0;1;;FORRA CAVE RODA FRENTE DIREITO;FORRA CAVE RODA FRENTE DIREITO;0;;
4965;10295;08725582;10295;4965.08725582;CATEGORIA0;;1;1;0;1;;FORRA CAVE RODA FRENTE DIREITO PEÇA FRENTE;FORRA CAVE RODA FRENTE DIREITO PEÇA FRENTE;0;;
4965;10295;08726025;10295;4965.08726025;CATEGORIA0;;1;1;0;1;;FORRA CAVE RODA FRENTE DIREITO;FORRA CAVE RODA FRENTE DIREITO;0;;
4965;10295;08726026;10295;4965.08726026;CATEGORIA0;;1;1;0;1;;FORRA CAVE RODA FRENTE DIREITO;FORRA CAVE RODA FRENTE DIREITO;0;;
4965;10295;08726027;10295;4965.08726027;CATEGORIA0;;1;1;0;1;;FORRA CAVE RODA FRENTE DIREITO S40;FORRA CAVE RODA FRENTE DIREITO S40;0;;
4965;10295;08726031;10295;4965.08726031;CATEGORIA0;;1;1;0;1;;FORRA CAVE RODA FRENTE DIREITO;FORRA CAVE RODA FRENTE DIREITO;0;;
4965;10295;08726032;10295;4965.08726032;CATEGORIA0;;1;1;0;1;;FORRA CAVE RODA FRENTE DIREITO;FORRA CAVE RODA FRENTE DIREITO;0;;
4965;10295;08726034;10295;4965.08726034;CATEGORIA0;;1;1;0;1;;FORRA CAVE RODA FRENTE DIREITO;FORRA CAVE RODA FRENTE DIREITO;0;;
4965;10295;08726035;10295;4965.08726035;CATEGORIA0;;1;1;0;1;;FORRA CAVE RODA FRENTE DIREITO;FORRA CAVE RODA FRENTE DIREITO;0;;
4965;10295;08726038;10295;4965.08726038;CATEGORIA0;;1;1;0;1;;FORRA CAVE RODA FRENTE DIREITO;FORRA CAVE RODA FRENTE DIREITO;0;;
4965;10295;08726039;10295;4965.08726039;CATEGORIA0;;1;1;0;1;;FORRA CAVE RODA FRENTE DIREITO;FORRA CAVE RODA FRENTE DIREITO;0;;
4965;10295;08726042;10295;4965.08726042;CATEGORIA0;;1;1;0;1;;FORRA CAVE RODA FRENTE DIREITO;FORRA CAVE RODA FRENTE DIREITO;0;;
4965;10295;08730130;10295;4965.08730130;CATEGORIA0;;1;1;0;1;;FORRA CAVE RODA FRENTE ESQUERDO 03/2008->;FORRA CAVE RODA FRENTE ESQUERDO 03/2008->;0;;
4965;10295;08730429;10295;4965.08730429;CATEGORIA0;;1;1;0;1;;FORRA CAVE RODA FRENTE ESQUERDO PEÇA FRENTE CÂMBIO 5 VELOCID;FORRA CAVE RODA FRENTE ESQUERDO PEÇA FRENTE CÂMBIO 5 VELOCID;0;;
4965;10295;08730433;10295;4965.08730433;CATEGORIA0;;1;1;0;1;;FORRA CAVE RODA FRENTE ESQUERDO GASOLEO/GASOLINA 3.2/4.2;FORRA CAVE RODA FRENTE ESQUERDO GASOLEO/GASOLINA 3.2/4.2;0;;
4965;10295;08730444;10295;4965.08730444;CATEGORIA0;;1;1;0;1;;FORRA CAVE RODA FRENTE ESQUERDO S6;FORRA CAVE RODA FRENTE ESQUERDO S6;0;;
4965;10295;08730451;10295;4965.08730451;CATEGORIA0;;1;1;0;1;;FORRA CAVE RODA FRENTE ESQUERDO GASOLINA;FORRA CAVE RODA FRENTE ESQUERDO GASOLINA;0;;
4965;10295;08730454;10295;4965.08730454;CATEGORIA0;;1;1;0;1;;FORRA CAVE RODA FRENTE ESQUERDO PEÇA FRENTE INFERIOR;FORRA CAVE RODA FRENTE ESQUERDO PEÇA FRENTE INFERIOR;0;;
4965;10295;08730533;10295;4965.08730533;CATEGORIA0;;1;1;0;1;;FORRA CAVE RODA FRENTE ESQUERDO PEÇA TRASEIRA;FORRA CAVE RODA FRENTE ESQUERDO PEÇA TRASEIRA;0;;
4965;10295;08730535;10295;4965.08730535;CATEGORIA0;;1;1;0;1;;FORRA CAVE RODA FRENTE ESQUERDO PEÇA TRASEIRA 4 PORTAS/SW;FORRA CAVE RODA FRENTE ESQUERDO PEÇA TRASEIRA 4 PORTAS/SW;0;;
4965;10295;08730537;10295;4965.08730537;CATEGORIA0;;1;1;0;1;;FORRA CAVE RODA FRENTE ESQUERDO PEÇA TRASEIRA COMPACT;FORRA CAVE RODA FRENTE ESQUERDO PEÇA TRASEIRA COMPACT;0;;
4965;10295;08730538;10295;4965.08730538;CATEGORIA0;;1;1;0;1;;FORRA CAVE RODA FRENTE ESQUERDO PEÇA TRASEIRA COUPE 1999->20;FORRA CAVE RODA FRENTE ESQUERDO PEÇA TRASEIRA COUPE 1999->20;0;;
4965;10295;08730543;10295;4965.08730543;CATEGORIA0;;1;1;0;1;;FORRA CAVE RODA FRENTE ESQUERDO PEÇA TRASEIRA;FORRA CAVE RODA FRENTE ESQUERDO PEÇA TRASEIRA;0;;
4965;10295;08730545;10295;4965.08730545;CATEGORIA0;;1;1;0;1;;FORRA CAVE RODA FRENTE ESQUERDO PEÇA TRASEIRA;FORRA CAVE RODA FRENTE ESQUERDO PEÇA TRASEIRA;0;;
4965;10295;08730546;10295;4965.08730546;CATEGORIA0;;1;1;0;1;;FORRA CAVE RODA FRENTE ESQUERDO PEÇA FRENTE E91;FORRA CAVE RODA FRENTE ESQUERDO PEÇA FRENTE E91;0;;
4965;10295;08730548;10295;4965.08730548;CATEGORIA0;;1;1;0;1;;RESGUARDO CAVE RODA FRONTAL ESQUERDO PEÇA FRONTAL INFERIOR;RESGUARDO CAVE RODA FRONTAL ESQUERDO PEÇA FRONTAL INFERIOR;0;;
4965;10295;08730552;10295;4965.08730552;CATEGORIA0;;1;1;0;1;;FORRA CAVE RODA FRENTE ESQUERDO PEÇA TRASEIRA;FORRA CAVE RODA FRENTE ESQUERDO PEÇA TRASEIRA;0;;
4965;10295;08730555;10295;4965.08730555;CATEGORIA0;;1;1;0;1;;FORRA CAVE RODA FRENTE ESQUERDO PEÇA TRASEIRA;FORRA CAVE RODA FRENTE ESQUERDO PEÇA TRASEIRA;0;;
4965;10295;08730561;10295;4965.08730561;CATEGORIA0;;1;1;0;1;;FORRA CAVE RODA FRENTE ESQUERDO PEÇA TRASEIRA;FORRA CAVE RODA FRENTE ESQUERDO PEÇA TRASEIRA;0;;
4965;10295;08730564;10295;4965.08730564;CATEGORIA0;;1;1;0;1;;FORRA CAVE RODA FRENTE ESQUERDO PEÇA TRASEIRA;FORRA CAVE RODA FRENTE ESQUERDO PEÇA TRASEIRA;0;;
4965;10295;08730570;10295;4965.08730570;CATEGORIA0;;1;1;0;1;;FORRA CAVE RODA FRENTE ESQUERDO 2007->;FORRA CAVE RODA FRENTE ESQUERDO 2007->;0;;
4965;10295;08730571;10295;4965.08730571;CATEGORIA0;;1;1;0;1;;FORRA CAVE RODA FRENTE ESQUERDO PEÇA TRASEIRA;FORRA CAVE RODA FRENTE ESQUERDO PEÇA TRASEIRA;0;;
4965;10295;08730602;10295;4965.08730602;CATEGORIA0;;1;1;0;1;;FORRA CAVE RODA FRENTE ESQUERDO COM ISOLANTE;FORRA CAVE RODA FRENTE ESQUERDO COM ISOLANTE;0;;
4965;10295;08731037;10295;4965.08731037;CATEGORIA0;;1;1;0;1;;FORRA CAVE RODA FRENTE ESQUERDO PEÇA TRASEIRA;FORRA CAVE RODA FRENTE ESQUERDO PEÇA TRASEIRA;0;;
4965;10295;08731049;10295;4965.08731049;CATEGORIA0;;1;1;0;1;;FORRA CAVE RODA FRENTE ESQUERDO PEÇA INTERIOR;FORRA CAVE RODA FRENTE ESQUERDO PEÇA INTERIOR;0;;
4965;10295;08731050;10295;4965.08731050;CATEGORIA0;;1;1;0;1;;FORRA CAVE RODA FRENTE ESQUERDO PEÇA INTERIOR;FORRA CAVE RODA FRENTE ESQUERDO PEÇA INTERIOR;0;;
4965;10295;08731065;10295;4965.08731065;CATEGORIA0;;1;1;0;1;;FORRA CAVE RODA FRENTE ESQUERDO GASOLEO;FORRA CAVE RODA FRENTE ESQUERDO GASOLEO;0;;
4965;10295;08731077;10295;4965.08731077;CATEGORIA0;;1;1;0;1;;FORRA CAVE RODA FRENTE ESQUERDO SEM SAIAS;FORRA CAVE RODA FRENTE ESQUERDO SEM SAIAS;0;;
4965;10295;08731147;10295;4965.08731147;CATEGORIA0;;1;1;0;1;;FORRA CAVE RODA FRENTE ESQUERDO 2008->;FORRA CAVE RODA FRENTE ESQUERDO 2008->;0;;
4965;10295;08731229;10295;4965.08731229;CATEGORIA0;;1;1;0;1;;FORRA CAVE RODA FRENTE ESQUERDO 500L TREKKING;FORRA CAVE RODA FRENTE ESQUERDO 500L TREKKING;0;;
4965;10295;08731440;10295;4965.08731440;CATEGORIA0;;1;1;0;1;;FORRA CAVE RODA FRENTE ESQUERDO 4 PORTAS;FORRA CAVE RODA FRENTE ESQUERDO 4 PORTAS;0;;
4965;10295;08731548;10295;4965.08731548;CATEGORIA0;;1;1;0;1;;FORRA CAVE RODA FRENTE ESQUERDO ST;FORRA CAVE RODA FRENTE ESQUERDO ST;0;;
4965;10295;08731550;10295;4965.08731550;CATEGORIA0;;1;1;0;1;;FORRA CAVE RODA FRENTE ESQUERDO 1.6L;FORRA CAVE RODA FRENTE ESQUERDO 1.6L;0;;
4965;10295;08731564;10295;4965.08731564;CATEGORIA0;;1;1;0;1;;FORRA CAVE RODA FRENTE ESQUERDO COM ISOLANTE;FORRA CAVE RODA FRENTE ESQUERDO COM ISOLANTE;0;;
4965;10295;08731605;10295;4965.08731605;CATEGORIA0;;1;1;0;1;;FORRA CAVE RODA FRENTE ESQUERDO 2005->;FORRA CAVE RODA FRENTE ESQUERDO 2005->;0;;
4965;10295;08731607;10295;4965.08731607;CATEGORIA0;;1;1;0;1;;FORRA CAVE RODA FRENTE ESQUERDO 3/5 PORTAS;FORRA CAVE RODA FRENTE ESQUERDO 3/5 PORTAS;0;;
4965;10295;08731608;10295;4965.08731608;CATEGORIA0;;1;1;0;1;;FORRA CAVE RODA FRENTE ESQUERDO COM ISOLANTE 3/5 PORTAS;FORRA CAVE RODA FRENTE ESQUERDO COM ISOLANTE 3/5 PORTAS;0;;
4965;10295;08731619;10295;4965.08731619;CATEGORIA0;;1;1;0;1;;FORRA CAVE RODA FRENTE ESQUERDO GASOLINA;FORRA CAVE RODA FRENTE ESQUERDO GASOLINA;0;;
4965;10295;08731624;10295;4965.08731624;CATEGORIA0;;1;1;0;1;;FORRA CAVE RODA FRENTE ESQUERDO & ACCORD TOURER 2.0 GASOLINA;FORRA CAVE RODA FRENTE ESQUERDO & ACCORD TOURER 2.0 GASOLINA;0;;
4965;10295;08731670;10295;4965.08731670;CATEGORIA0;;1;1;0;1;;FORRA CAVE RODA FRENTE ESQUERDO 2.7;FORRA CAVE RODA FRENTE ESQUERDO 2.7;0;;
4965;10295;08731673;10295;4965.08731673;CATEGORIA0;;1;1;0;1;;FORRA CAVE RODA FRENTE ESQUERDO 07/2010->;FORRA CAVE RODA FRENTE ESQUERDO 07/2010->;0;;
4965;10295;08731677;10295;4965.08731677;CATEGORIA0;;1;1;0;1;;FORRA CAVE RODA FRENTE ESQUERDO 2015->;FORRA CAVE RODA FRENTE ESQUERDO 2015->;0;;
4965;10295;08731695;10295;4965.08731695;CATEGORIA0;;1;1;0;1;;FORRA CAVE RODA FRENTE ESQUERDO PEÇA TRASEIRA;FORRA CAVE RODA FRENTE ESQUERDO PEÇA TRASEIRA;0;;
4965;10295;08731697;10295;4965.08731697;CATEGORIA0;;1;1;0;1;;FORRA CAVE RODA FRENTE ESQUERDO PEÇA TRASEIRA;FORRA CAVE RODA FRENTE ESQUERDO PEÇA TRASEIRA;0;;
4965;10295;08731814;10295;4965.08731814;CATEGORIA0;;1;1;0;1;;FORRA CAVE RODA FRENTE ESQUERDO SEM FRISO;FORRA CAVE RODA FRENTE ESQUERDO SEM FRISO;0;;
4965;10295;08731838;10295;4965.08731838;CATEGORIA0;;1;1;0;1;;FORRA CAVE RODA FRENTE ESQUERDO EX;FORRA CAVE RODA FRENTE ESQUERDO EX;0;;
4965;10295;08731842;10295;4965.08731842;CATEGORIA0;;1;1;0;1;;FORRA CAVE RODA FRENTE ESQUERDO 3 PORTAS;FORRA CAVE RODA FRENTE ESQUERDO 3 PORTAS;0;;
4965;10295;08731843;10295;4965.08731843;CATEGORIA0;;1;1;0;1;;FORRA CAVE RODA FRENTE ESQUERDO 5 PORTAS/FAMILIAR 07/2009->0;FORRA CAVE RODA FRENTE ESQUERDO 5 PORTAS/FAMILIAR 07/2009->0;0;;
4965;10295;08731844;10295;4965.08731844;CATEGORIA0;;1;1;0;1;;FORRA CAVE RODA FRENTE ESQUERDO 3/5 PORTAS 2012->;FORRA CAVE RODA FRENTE ESQUERDO 3/5 PORTAS 2012->;0;;
4965;10295;08731846;10295;4965.08731846;CATEGORIA0;;1;1;0;1;;FORRA CAVE RODA FRENTE ESQUERDO 3 PORTAS COM ISOLANTE;FORRA CAVE RODA FRENTE ESQUERDO 3 PORTAS COM ISOLANTE;0;;
4965;10295;08731851;10295;4965.08731851;CATEGORIA0;;1;1;0;1;;FORRA CAVE RODA FRENTE ESQUERDO SEM FRISO;FORRA CAVE RODA FRENTE ESQUERDO SEM FRISO;0;;
4965;10295;08731960;10295;4965.08731960;CATEGORIA0;;1;1;0;1;;FORRA CAVE RODA FRENTE ESQUERDO 1.6;FORRA CAVE RODA FRENTE ESQUERDO 1.6;0;;
4965;10295;08731965;10295;4965.08731965;CATEGORIA0;;1;1;0;1;;FORRA CAVE RODA FRENTE ESQUERDO 5 PORTAS;FORRA CAVE RODA FRENTE ESQUERDO 5 PORTAS;0;;
4965;10295;08731966;10295;4965.08731966;CATEGORIA0;;1;1;0;1;;FORRA CAVE RODA FRENTE ESQUERDO 2.3L SEM TURBO ->2008;FORRA CAVE RODA FRENTE ESQUERDO 2.3L SEM TURBO ->2008;0;;
4965;10295;08731967;10295;4965.08731967;CATEGORIA0;;1;1;0;1;;FORRA CAVE RODA FRENTE ESQUERDO SPORTIVE;FORRA CAVE RODA FRENTE ESQUERDO SPORTIVE;0;;
4965;10295;08731970;10295;4965.08731970;CATEGORIA0;;1;1;0;1;;FORRA CAVE RODA FRENTE ESQUERDO SPORTWAGON ->2010;FORRA CAVE RODA FRENTE ESQUERDO SPORTWAGON ->2010;0;;
4965;10295;08732020;10295;4965.08732020;CATEGORIA0;;1;1;0;1;;FORRA CAVE RODA FRENTE ESQUERDO PEÇA FRENTE ->1997;FORRA CAVE RODA FRENTE ESQUERDO PEÇA FRENTE ->1997;0;;
4965;10295;08732021;10295;4965.08732021;CATEGORIA0;;1;1;0;1;;FORRA CAVE RODA FRENTE ESQUERDO PEÇA CENTRAL;FORRA CAVE RODA FRENTE ESQUERDO PEÇA CENTRAL;0;;
4965;10295;08732040;10295;4965.08732040;CATEGORIA0;;1;1;0;1;;FORRA CAVE RODA FRENTE ESQUERDO PEÇA TRASEIRA 1999->;FORRA CAVE RODA FRENTE ESQUERDO PEÇA TRASEIRA 1999->;0;;
4965;10295;08732041;10295;4965.08732041;CATEGORIA0;;1;1;0;1;;FORRA CAVE RODA FRENTE ESQUERDO PEÇA TRASEIRA;FORRA CAVE RODA FRENTE ESQUERDO PEÇA TRASEIRA;0;;
4965;10295;08732042;10295;4965.08732042;CATEGORIA0;;1;1;0;1;;FORRA CAVE RODA FRENTE ESQUERDO PEÇA TRASEIRA CLK320/CLK430;FORRA CAVE RODA FRENTE ESQUERDO PEÇA TRASEIRA CLK320/CLK430;0;;
4965;10295;08732044;10295;4965.08732044;CATEGORIA0;;1;1;0;1;;FORRA CAVE RODA FRENTE ESQUERDO PEÇA TRASEIRA;FORRA CAVE RODA FRENTE ESQUERDO PEÇA TRASEIRA;0;;
4965;10295;08732045;10295;4965.08732045;CATEGORIA0;;1;1;0;1;;FORRA CAVE RODA FRENTE ESQUERDO PEÇA TRASEIRA;FORRA CAVE RODA FRENTE ESQUERDO PEÇA TRASEIRA;0;;
4965;10295;08732046;10295;4965.08732046;CATEGORIA0;;1;1;0;1;;FORRA CAVE RODA FRENTE ESQUERDO PEÇA TRASEIRA (&SW 2011->);FORRA CAVE RODA FRENTE ESQUERDO PEÇA TRASEIRA (&SW 2011->);0;;
4965;10295;08732049;10295;4965.08732049;CATEGORIA0;;1;1;0;1;;FORRA CAVE RODA FRENTE ESQUERDO PEÇA TRASEIRA;FORRA CAVE RODA FRENTE ESQUERDO PEÇA TRASEIRA;0;;
4965;10295;08732055;10295;4965.08732055;CATEGORIA0;;1;1;0;1;;FORRA CAVE RODA FRENTE ESQUERDO PEÇA TRASEIRA;FORRA CAVE RODA FRENTE ESQUERDO PEÇA TRASEIRA;0;;
4965;10295;08732058;10295;4965.08732058;CATEGORIA0;;1;1;0;1;;FORRA CAVE RODA FRENTE ESQUERDO PEÇA CENTRAL;FORRA CAVE RODA FRENTE ESQUERDO PEÇA CENTRAL;0;;
4965;10295;08732060;10295;4965.08732060;CATEGORIA0;;1;1;0;1;;FORRA CAVE RODA FRENTE ESQUERDO PEÇA TRASEIRA;FORRA CAVE RODA FRENTE ESQUERDO PEÇA TRASEIRA;0;;
4965;10295;08732062;10295;4965.08732062;CATEGORIA0;;1;1;0;1;;FORRA CAVE RODA FRENTE ESQUERDO PEÇA TRASEIRA;FORRA CAVE RODA FRENTE ESQUERDO PEÇA TRASEIRA;0;;
4965;10295;08732066;10295;4965.08732066;CATEGORIA0;;1;1;0;1;;FORRA CAVE RODA FRENTE ESQUERDO PEÇA TRASEIRA;FORRA CAVE RODA FRENTE ESQUERDO PEÇA TRASEIRA;0;;
4965;10295;08732151;10295;4965.08732151;CATEGORIA0;;1;1;0;1;;FORRA CAVE RODA FRENTE ESQUERDO PEÇA TRASEIRA;FORRA CAVE RODA FRENTE ESQUERDO PEÇA TRASEIRA;0;;
4965;10295;08732156;10295;4965.08732156;CATEGORIA0;;1;1;0;1;;FORRA CAVE RODA FRENTE ESQUERDO 5 PORTAS;FORRA CAVE RODA FRENTE ESQUERDO 5 PORTAS;0;;
4965;10295;08732634;10295;4965.08732634;CATEGORIA0;;1;1;0;1;;FORRA CAVE RODA FRENTE ESQUERDO GASOLINA 1.8;FORRA CAVE RODA FRENTE ESQUERDO GASOLINA 1.8;0;;
4965;10295;08732641;10295;4965.08732641;CATEGORIA0;;1;1;0;1;;FORRA CAVE RODA FRENTE ESQUERDO (COM ISOLAÇÃO);FORRA CAVE RODA FRENTE ESQUERDO (COM ISOLAÇÃO);0;;
4965;10295;08733037;10295;4965.08733037;CATEGORIA0;;1;1;0;1;;FORRA CAVE RODA FRENTE ESQUERDO 2.0;FORRA CAVE RODA FRENTE ESQUERDO 2.0;0;;
4965;10295;08733062;10295;4965.08733062;CATEGORIA0;;1;1;0;1;;FORRA CAVE RODA FRENTE ESQUERDO PEÇA FRENTE;FORRA CAVE RODA FRENTE ESQUERDO PEÇA FRENTE;0;;
4965;10295;08733064;10295;4965.08733064;CATEGORIA0;;1;1;0;1;;FORRA CAVE RODA FRENTE ESQUERDO PEÇA FRENTE;FORRA CAVE RODA FRENTE ESQUERDO PEÇA FRENTE;0;;
4965;10295;08733087;10295;4965.08733087;CATEGORIA0;;1;1;0;1;;FORRA CAVE RODA FRENTE ESQ. PEÇA FRENTE 2013->09/20155PORTAS;FORRA CAVE RODA FRENTE ESQ. PEÇA FRENTE 2013->09/20155PORTAS;0;;
4965;10295;08733512;10295;4965.08733512;CATEGORIA0;;1;1;0;1;;FORRA CAVE RODA FRENTE ESQUERDO COM BURACO NEVOEIRO;FORRA CAVE RODA FRENTE ESQUERDO COM BURACO NEVOEIRO;0;;
4965;10295;08733535;10295;4965.08733535;CATEGORIA0;;1;1;0;1;;FORRA CAVE RODA FRENTE ESQUERDO PEÇA TRASEIRA 8V;FORRA CAVE RODA FRENTE ESQUERDO PEÇA TRASEIRA 8V;0;;
4965;10295;08733538;10295;4965.08733538;CATEGORIA0;;1;1;0;1;;FORRA CAVE RODA FRENTE ESQUERDO (EXCETO GT/XY/GTI) SEMISOLAM;FORRA CAVE RODA FRENTE ESQUERDO (EXCETO GT/XY/GTI) SEMISOLAM;0;;
4965;10295;08733540;10295;4965.08733540;CATEGORIA0;;1;1;0;1;;FORRA CAVE RODA FRENTE ESQUERDO XSI/S16;FORRA CAVE RODA FRENTE ESQUERDO XSI/S16;0;;
4965;10295;08733541;10295;4965.08733541;CATEGORIA0;;1;1;0;1;;FORRA CAVE RODA FRENTE ESQ. PEÇA FRENTE GASOLEO COM TURBO/GA;FORRA CAVE RODA FRENTE ESQ. PEÇA FRENTE GASOLEO COM TURBO/GA;0;;
4965;10295;08733542;10295;4965.08733542;CATEGORIA0;;1;1;0;1;;FORRA CAVE RODA FRENTE ESQUERDO PEÇA CENTRAL;FORRA CAVE RODA FRENTE ESQUERDO PEÇA CENTRAL;0;;
4965;10295;08733543;10295;4965.08733543;CATEGORIA0;;1;1;0;1;;FORRA CAVE RODA FRENTE ESQUERDO PEÇA TRASEIRA;FORRA CAVE RODA FRENTE ESQUERDO PEÇA TRASEIRA;0;;
4965;10295;08733544;10295;4965.08733544;CATEGORIA0;;1;1;0;1;;FORRA CAVE RODA FRENTE ESQUERDO PEÇA TRASEIRA;FORRA CAVE RODA FRENTE ESQUERDO PEÇA TRASEIRA;0;;
4965;10295;08733546;10295;4965.08733546;CATEGORIA0;;1;1;0;1;;FORRA CAVE RODA FRENTE ESQUERDO PEÇA TRASEIRA;FORRA CAVE RODA FRENTE ESQUERDO PEÇA TRASEIRA;0;;
4965;10295;08733553;10295;4965.08733553;CATEGORIA0;;1;1;0;1;;FORRA CAVE RODA FRENTE ESQUERDO PEÇA FRENTE COUPE;FORRA CAVE RODA FRENTE ESQUERDO PEÇA FRENTE COUPE;0;;
4965;10295;08733571;10295;4965.08733571;CATEGORIA0;;1;1;0;1;;FORRA CAVE RODA FRENTE ESQUERDO COM ISOLANTE;FORRA CAVE RODA FRENTE ESQUERDO COM ISOLANTE;0;;
4965;10295;08734005;10295;4965.08734005;CATEGORIA0;;1;1;0;1;;FORRA CAVE RODA FRENTE ESQUERDO PEÇA TRASEIRA;FORRA CAVE RODA FRENTE ESQUERDO PEÇA TRASEIRA;0;;
4965;10295;08734006;10295;4965.08734006;CATEGORIA0;;1;1;0;1;;FORRA CAVE RODA FRENTE ESQUERDO (COM ISOLAÇÃO);FORRA CAVE RODA FRENTE ESQUERDO (COM ISOLAÇÃO);0;;
4965;10295;08734008;10295;4965.08734008;CATEGORIA0;;1;1;0;1;;FORRA CAVE RODA FRENTE ESQUERDO PEÇA TRASEIRA;FORRA CAVE RODA FRENTE ESQUERDO PEÇA TRASEIRA;0;;
4965;10295;08734026;10295;4965.08734026;CATEGORIA0;;1;1;0;1;;FORRA CAVE RODA FRENTE ESQUERDO PEÇA TRASEIRA;FORRA CAVE RODA FRENTE ESQUERDO PEÇA TRASEIRA;0;;
4965;10295;08734029;10295;4965.08734029;CATEGORIA0;;1;1;0;1;;FORRA CAVE RODA FRENTE ESQUERDO PEÇA TRASEIRA;FORRA CAVE RODA FRENTE ESQUERDO PEÇA TRASEIRA;0;;
4965;10295;08734032;10295;4965.08734032;CATEGORIA0;;1;1;0;1;;FORRA CAVE RODA FRENTE ESQUERDO PEÇA TRASEIRA;FORRA CAVE RODA FRENTE ESQUERDO PEÇA TRASEIRA;0;;
4965;10295;08734038;10295;4965.08734038;CATEGORIA0;;1;1;0;1;;FORRA CAVE RODA FRENTE ESQUERDO PEÇA TRASEIRA;FORRA CAVE RODA FRENTE ESQUERDO PEÇA TRASEIRA;0;;
4965;10295;08734059;10295;4965.08734059;CATEGORIA0;;1;1;0;1;;FORRA CAVE RODA FRENTE ESQUERDO PEÇA TRASEIRA (ARO 15);FORRA CAVE RODA FRENTE ESQUERDO PEÇA TRASEIRA (ARO 15);0;;
4965;10295;08734069;10295;4965.08734069;CATEGORIA0;;1;1;0;1;;FORRA CAVE RODA FRENTE ESQUERDO PEÇA TRASEIRA;FORRA CAVE RODA FRENTE ESQUERDO PEÇA TRASEIRA;0;;
4965;10295;08734074;10295;4965.08734074;CATEGORIA0;;1;1;0;1;;FORRA CAVE RODA FRENTE ESQUERDO PEÇA TRASEIRA;FORRA CAVE RODA FRENTE ESQUERDO PEÇA TRASEIRA;0;;
4965;10295;08734075;10295;4965.08734075;CATEGORIA0;;1;1;0;1;;FORRA CAVE RODA FRENTE ESQUERDO PEÇA TRASEIRA 3/5 PORTAS;FORRA CAVE RODA FRENTE ESQUERDO PEÇA TRASEIRA 3/5 PORTAS;0;;
4965;10295;08734077;10295;4965.08734077;CATEGORIA0;;1;1;0;1;;FORRA CAVE RODA FRENTE ESQUERDO PEÇA FRENTE 5 PORTAS;FORRA CAVE RODA FRENTE ESQUERDO PEÇA FRENTE 5 PORTAS;0;;
4965;10295;08734078;10295;4965.08734078;CATEGORIA0;;1;1;0;1;;FORRA CAVE RODA FRENTE ESQUERDO PEÇA FRENTE INFERIOR;FORRA CAVE RODA FRENTE ESQUERDO PEÇA FRENTE INFERIOR;0;;
4965;10295;08734085;10295;4965.08734085;CATEGORIA0;;1;1;0;1;;FORRA CAVE RODA FRENTE ESQUERDO PEÇA TRASEIRA 1996->2002;FORRA CAVE RODA FRENTE ESQUERDO PEÇA TRASEIRA 1996->2002;0;;
4965;10295;08734086;10295;4965.08734086;CATEGORIA0;;1;1;0;1;;FORRA CAVE RODA FRENTE ESQUERDO PEÇA TRASEIRA ->2002;FORRA CAVE RODA FRENTE ESQUERDO PEÇA TRASEIRA ->2002;0;;
4965;10295;08734090;10295;4965.08734090;CATEGORIA0;;1;1;0;1;;FORRA CAVE RODA FRENTE ESQUERDO PEÇA TRASEIRA 2WD/4WD;FORRA CAVE RODA FRENTE ESQUERDO PEÇA TRASEIRA 2WD/4WD;0;;
4965;10295;08734091;10295;4965.08734091;CATEGORIA0;;1;1;0;1;;FORRA CAVE RODA FRENTE ESQUERDO PEÇA TRASEIRA;FORRA CAVE RODA FRENTE ESQUERDO PEÇA TRASEIRA;0;;
4965;10295;08734092;10295;4965.08734092;CATEGORIA0;;1;1;0;1;;FORRA CAVE RODA FRENTE ESQUERDO PEÇA TRASEIRA;FORRA CAVE RODA FRENTE ESQUERDO PEÇA TRASEIRA;0;;
4965;10295;08734093;10295;4965.08734093;CATEGORIA0;;1;1;0;1;;FORRA CAVE RODA FRENTE ESQUERDO PEÇA FRENTE 4WD;FORRA CAVE RODA FRENTE ESQUERDO PEÇA FRENTE 4WD;0;;
4965;10295;08734099;10295;4965.08734099;CATEGORIA0;;1;1;0;1;;FORRA CAVE RODA FRENTE ESQUERDO PEÇA TRASEIRA;FORRA CAVE RODA FRENTE ESQUERDO PEÇA TRASEIRA;0;;
4965;10295;08734636;10295;4965.08734636;CATEGORIA0;;1;1;0;1;;FORRA CAVE RODA FRENTE ESQUERDO 2010->2013;FORRA CAVE RODA FRENTE ESQUERDO 2010->2013;0;;
4965;10295;08734640;10295;4965.08734640;CATEGORIA0;;1;1;0;1;;FORRA CAVE RODA FRENTE ESQUERDO 2006->;FORRA CAVE RODA FRENTE ESQUERDO 2006->;0;;
4965;10295;08734714;10295;4965.08734714;CATEGORIA0;;1;1;0;1;;FORRA CAVE RODA FRENTE ESQUERDO EXCETO 1.8 GASOLINA;FORRA CAVE RODA FRENTE ESQUERDO EXCETO 1.8 GASOLINA;0;;
4965;10295;08734717;10295;4965.08734717;CATEGORIA0;;1;1;0;1;;FORRA CAVE RODA FRENTE ESQUERDO PEÇA FRENTE;FORRA CAVE RODA FRENTE ESQUERDO PEÇA FRENTE;0;;
4965;10295;08735110;10295;4965.08735110;CATEGORIA0;;1;1;0;1;;FORRA CAVE RODA FRENTE ESQUERDO 2000->;FORRA CAVE RODA FRENTE ESQUERDO 2000->;0;;
4965;10295;08735112;10295;4965.08735112;CATEGORIA0;;1;1;0;1;;FORRA CAVE RODA FRENTE ESQUERDO 4 PORTAS/FAMILIAR;FORRA CAVE RODA FRENTE ESQUERDO 4 PORTAS/FAMILIAR;0;;
4965;10295;08735116;10295;4965.08735116;CATEGORIA0;;1;1;0;1;;FORRA CAVE RODA FRENTE ESQUERDO 2009-2010;FORRA CAVE RODA FRENTE ESQUERDO 2009-2010;0;;
4965;10295;08735133;10295;4965.08735133;CATEGORIA0;;1;1;0;1;;FORRA CAVE RODA FRENTE ESQUERDO SEM FRISOS ->2009;FORRA CAVE RODA FRENTE ESQUERDO SEM FRISOS ->2009;0;;
4965;10295;08735136;10295;4965.08735136;CATEGORIA0;;1;1;0;1;;FORRA CAVE RODA FRENTE ESQUERDO 08/2013->;FORRA CAVE RODA FRENTE ESQUERDO 08/2013->;0;;
4965;10295;08735138;10295;4965.08735138;CATEGORIA0;;1;1;0;1;;FORRA CAVE RODA FRENTE ESQUERDO 01/2010->;FORRA CAVE RODA FRENTE ESQUERDO 01/2010->;0;;
4965;10295;08735143;10295;4965.08735143;CATEGORIA0;;1;1;0;1;;FORRA CAVE RODA FRENTE ESQUERDO COM ISOLANTE;FORRA CAVE RODA FRENTE ESQUERDO COM ISOLANTE;0;;
4965;10295;08735151;10295;4965.08735151;CATEGORIA0;;1;1;0;1;;FORRA CAVE RODA FRENTE ESQUERDO SEM BURACOS FRISO;FORRA CAVE RODA FRENTE ESQUERDO SEM BURACOS FRISO;0;;
4965;10295;08735182;10295;4965.08735182;CATEGORIA0;;1;1;0;1;;FORRA CAVE RODA FRENTE ESQUERDO 4X4;FORRA CAVE RODA FRENTE ESQUERDO 4X4;0;;
4965;10295;08735184;10295;4965.08735184;CATEGORIA0;;1;1;0;1;;FORRA CAVE RODA FRENTE ESQUERDO 4X2/4X4;FORRA CAVE RODA FRENTE ESQUERDO 4X2/4X4;0;;
4965;10295;08735522;10295;4965.08735522;CATEGORIA0;;1;1;0;1;;FORRA CAVE RODA FRENTE ESQUERDO POLO 1995->;FORRA CAVE RODA FRENTE ESQUERDO POLO 1995->;0;;
4965;10295;08735548;10295;4965.08735548;CATEGORIA0;;1;1;0;1;;FORRA CAVE RODA FRENTE ESQUERDO;FORRA CAVE RODA FRENTE ESQUERDO;0;;
4965;10295;08735551;10295;4965.08735551;CATEGORIA0;;1;1;0;1;;FORRA CAVE RODA FRENTE ESQUERDO PEÇA FRENTE 6 VELOCIDADES;FORRA CAVE RODA FRENTE ESQUERDO PEÇA FRENTE 6 VELOCIDADES;0;;
4965;10295;08735552;10295;4965.08735552;CATEGORIA0;;1;1;0;1;;FORRA CAVE RODA FRENTE ESQUERDO PEÇA TRASEIRA & CABRIO2012->;FORRA CAVE RODA FRENTE ESQUERDO PEÇA TRASEIRA & CABRIO2012->;0;;
4965;10295;08735554;10295;4965.08735554;CATEGORIA0;;1;1;0;1;;FORRA CAVE RODA FRENTE ESQUERDO PEÇA TRASEIRA;FORRA CAVE RODA FRENTE ESQUERDO PEÇA TRASEIRA;0;;
4965;10295;08735560;10295;4965.08735560;CATEGORIA0;;1;1;0;1;;FORRA CAVE RODA FRENTE ESQUERDO;FORRA CAVE RODA FRENTE ESQUERDO;0;;
4965;10295;08735561;10295;4965.08735561;CATEGORIA0;;1;1;0;1;;FORRA CAVE RODA FRENTE ESQUERDO PEÇA TRASEIRA;FORRA CAVE RODA FRENTE ESQUERDO PEÇA TRASEIRA;0;;
4965;10295;08735562;10295;4965.08735562;CATEGORIA0;;1;1;0;1;;FORRA CAVE RODA FRENTE ESQUERDO PEÇA TRASEIRA;FORRA CAVE RODA FRENTE ESQUERDO PEÇA TRASEIRA;0;;
4965;10295;08735565;10295;4965.08735565;CATEGORIA0;;1;1;0;1;;FORRA CAVE RODA FRENTE ESQUERDO 3.6/4.2/6.0L 2006->;FORRA CAVE RODA FRENTE ESQUERDO 3.6/4.2/6.0L 2006->;0;;
4965;10295;08735567;10295;4965.08735567;CATEGORIA0;;1;1;0;1;;FORRA CAVE RODA FRENTE ESQUERDO EXCETO COUNTRY;FORRA CAVE RODA FRENTE ESQUERDO EXCETO COUNTRY;0;;
4965;10295;08740130;10295;4965.08740130;CATEGORIA0;;1;1;0;1;;FORRA CAVE RODA FRENTE DIREITO 03/2008->;FORRA CAVE RODA FRENTE DIREITO 03/2008->;0;;
4965;10295;08740429;10295;4965.08740429;CATEGORIA0;;1;1;0;1;;FORRA CAVE RODA FRENTE DIREITO PEÇA FRENTE;FORRA CAVE RODA FRENTE DIREITO PEÇA FRENTE;0;;
4965;10295;08740433;10295;4965.08740433;CATEGORIA0;;1;1;0;1;;FORRA CAVE RODA FRENTE DIREITO GASOLEO/GASOLINA 3.2/4.2;FORRA CAVE RODA FRENTE DIREITO GASOLEO/GASOLINA 3.2/4.2;0;;
4965;10295;08740444;10295;4965.08740444;CATEGORIA0;;1;1;0;1;;FORRA CAVE RODA FRENTE DIREITO S6;FORRA CAVE RODA FRENTE DIREITO S6;0;;
4965;10295;08740451;10295;4965.08740451;CATEGORIA0;;1;1;0;1;;FORRA CAVE RODA FRENTE DIREITO GASOLINA;FORRA CAVE RODA FRENTE DIREITO GASOLINA;0;;
4965;10295;08740454;10295;4965.08740454;CATEGORIA0;;1;1;0;1;;FORRA CAVE RODA FRENTE DIREITO PEÇA FRENTE INFERIOR;FORRA CAVE RODA FRENTE DIREITO PEÇA FRENTE INFERIOR;0;;