101;1519;03659;1519;101.03659;CATEGORIA0;;1;1;0;1;;JOGO DE JUNTAS FLEXÍVEIS;JOGO DE JUNTAS FLEXÍVEIS;0;;
101;1519;03660;1519;101.03660;CATEGORIA0;;1;1;0;1;;JOGO SUPORTE DE ESTABILIZADOR;JOGO SUPORTE DE ESTABILIZADOR;0;;
101;1519;03661;1519;101.03661;CATEGORIA0;;1;1;0;1;;CASQUILHO DA BARRA ESTABILIZADORA;CASQUILHO DA BARRA ESTABILIZADORA;0;;
101;1519;03662;1519;101.03662;CATEGORIA0;;1;1;0;1;;JOGO DE ROLAMENTO DE RODA;JOGO DE ROLAMENTO DE RODA;0;;
101;1519;03663;1519;101.03663;CATEGORIA0;;1;1;0;1;;BORRACHA DE ENCOSTO;BORRACHA DE ENCOSTO;0;;
101;1519;03664;1519;101.03664;CATEGORIA0;;1;1;0;1;;APOIO DA BARRA TRANSVERSAL;APOIO DA BARRA TRANSVERSAL;0;;
101;1519;03665;1519;101.03665;CATEGORIA0;;1;1;0;1;;APOIO DA BARRA TRANSVERSAL;APOIO DA BARRA TRANSVERSAL;0;;
101;1519;03667;1519;101.03667;CATEGORIA0;;1;1;0;1;;ARTICULAÇÃO DE GUIA;ARTICULAÇÃO DE GUIA;0;;
101;1519;03668;1519;101.03668;CATEGORIA0;;1;1;0;1;;RÓTULA;RÓTULA;0;;
101;1519;03669;1519;101.03669;CATEGORIA0;;1;1;0;1;;BARRA DE ACOPLAMENTO;BARRA DE ACOPLAMENTO;0;;
101;1519;03670;1519;101.03670;CATEGORIA0;;1;1;0;1;;BARRA DE ACOPLAMENTO;BARRA DE ACOPLAMENTO;0;;
101;1519;03671;1519;101.03671;CATEGORIA0;;1;1;0;1;;APOIO DA BARRA TRANSVERSAL;APOIO DA BARRA TRANSVERSAL;0;;
101;1519;03673;1519;101.03673;CATEGORIA0;;1;1;0;1;;POLIE DE DESVIO;POLIE DE DESVIO;0;;
101;1519;03674;1519;101.03674;CATEGORIA0;;1;1;0;1;;JOGO DE ROLAMENTO DE RODA;JOGO DE ROLAMENTO DE RODA;0;;
101;1519;03685;1519;101.03685;CATEGORIA0;;1;1;0;1;;BOMBA DO ÓLEO;BOMBA DO ÓLEO;0;;
101;1519;03687;1519;101.03687;CATEGORIA0;;1;1;0;1;;PORCA;PORCA;0;;
101;1519;03688;1519;101.03688;CATEGORIA0;;1;1;0;1;;APOIO DE MOTOR;APOIO DE MOTOR;0;;
101;1519;03690;1519;101.03690;CATEGORIA0;;1;1;0;1;;FLANGE DO CARBURADOR;FLANGE DO CARBURADOR;0;;
101;1519;03691;1519;101.03691;CATEGORIA0;;1;1;0;1;;JOGO DE ROLAMENTO DE RODA;JOGO DE ROLAMENTO DE RODA;0;;
101;1519;03692;1519;101.03692;CATEGORIA0;;1;1;0;1;;POLIE;POLIE;0;;
101;1519;03697;1519;101.03697;CATEGORIA0;;1;1;0;1;;MOLA DO CALÇO DE TRAVÃO;MOLA DO CALÇO DE TRAVÃO;0;;
101;1519;03700;1519;101.03700;CATEGORIA0;;1;1;0;1;;JOGO DE JUNTAS FLEXÍVEIS;JOGO DE JUNTAS FLEXÍVEIS;0;;
101;1519;03722;1519;101.03722;CATEGORIA0;;1;1;0;1;;PORCA ESFÉRICA COM COLAR;PORCA ESFÉRICA COM COLAR;0;;
101;1519;03725;1519;101.03725;CATEGORIA0;;1;1;0;1;;O-RING;O-RING;0;;
101;1519;03729;1519;101.03729;CATEGORIA0;;1;1;0;1;;ANEL DE RETENÇÃO;ANEL DE RETENÇÃO;0;;
101;1519;03730;1519;101.03730;CATEGORIA0;;1;1;0;1;;PORCA ESFÉRICA COM COLAR;PORCA ESFÉRICA COM COLAR;0;;
101;1519;03736;1519;101.03736;CATEGORIA0;;1;1;0;1;;PORCA ESFÉRICA COM COLAR;PORCA ESFÉRICA COM COLAR;0;;
101;1519;03740;1519;101.03740;CATEGORIA0;;1;1;0;1;;PINO DA RODA;PINO DA RODA;0;;
101;1519;03748;1519;101.03748;CATEGORIA0;;1;1;0;1;;PORCA ESFÉRICA COM COLAR;PORCA ESFÉRICA COM COLAR;0;;
101;1519;03749;1519;101.03749;CATEGORIA0;;1;1;0;1;;PORCA ESFÉRICA COM COLAR;PORCA ESFÉRICA COM COLAR;0;;
101;1519;03767;1519;101.03767;CATEGORIA0;;1;1;0;1;;PORCA DE RODA;PORCA DE RODA;0;;
101;1519;03768;1519;101.03768;CATEGORIA0;;1;1;0;1;;PORCA SEXTAVADA;PORCA SEXTAVADA;0;;
101;1519;03771;1519;101.03771;CATEGORIA0;;1;1;0;1;;PINO;PINO;0;;
101;1519;03773;1519;101.03773;CATEGORIA0;;1;1;0;1;;TENSOR;TENSOR;0;;
101;1519;03774;1519;101.03774;CATEGORIA0;;1;1;0;1;;PORCA ESFÉRICA COM COLAR;PORCA ESFÉRICA COM COLAR;0;;
101;1519;03783;1519;101.03783;CATEGORIA0;;1;1;0;1;;JOGO PINO DO EIXO DIANTEIRO;JOGO PINO DO EIXO DIANTEIRO;0;;
101;1519;03784;1519;101.03784;CATEGORIA0;;1;1;0;1;;APOIO DE MOTOR;APOIO DE MOTOR;0;;
101;1519;03786;1519;101.03786;CATEGORIA0;;1;1;0;1;;APOIO DE MOTOR;APOIO DE MOTOR;0;;
101;1519;03791;1519;101.03791;CATEGORIA0;;1;1;0;1;;PORCA ESFÉRICA COM COLAR;PORCA ESFÉRICA COM COLAR;0;;
101;1519;03792;1519;101.03792;CATEGORIA0;;1;1;0;1;;PORCA DO FLANGE;PORCA DO FLANGE;0;;
101;1519;03794;1519;101.03794;CATEGORIA0;;1;1;0;1;;PORCA DE RODA;PORCA DE RODA;0;;
101;1519;03798;1519;101.03798;CATEGORIA0;;1;1;0;1;;APOIO DE MOTOR;APOIO DE MOTOR;0;;
101;1519;03799;1519;101.03799;CATEGORIA0;;1;1;0;1;;PORCA DE RODA;PORCA DE RODA;0;;
101;1519;03801;1519;101.03801;CATEGORIA0;;1;1;0;1;;AMORTECEDOR DE OSCILAÇÕES;AMORTECEDOR DE OSCILAÇÕES;0;;
101;1519;03803;1519;101.03803;CATEGORIA0;;1;1;0;1;;APOIO DE MOTOR;APOIO DE MOTOR;0;;
101;1519;03804;1519;101.03804;CATEGORIA0;;1;1;0;1;;PLACA DE APERTO;PLACA DE APERTO;0;;
101;1519;03810;1519;101.03810;CATEGORIA0;;1;1;0;1;;PORCA DO EIXO;PORCA DO EIXO;0;;
101;1519;03811;1519;101.03811;CATEGORIA0;;1;1;0;1;;PORCA DO EIXO;PORCA DO EIXO;0;;
101;1519;03812;1519;101.03812;CATEGORIA0;;1;1;0;1;;PORCA DO EIXO;PORCA DO EIXO;0;;
101;1519;03819;1519;101.03819;CATEGORIA0;;1;1;0;1;;SUSPENSÃO DA MOLA;SUSPENSÃO DA MOLA;0;;
101;1519;03822;1519;101.03822;CATEGORIA0;;1;1;0;1;;RÓTULA;RÓTULA;0;;
101;1519;03823;1519;101.03823;CATEGORIA0;;1;1;0;1;;PORCA DE SOLDADURA;PORCA DE SOLDADURA;0;;
101;1519;03825;1519;101.03825;CATEGORIA0;;1;1;0;1;;RÓTULA;RÓTULA;0;;
101;1519;03829;1519;101.03829;CATEGORIA0;;1;1;0;1;;APOIO DE MOTOR;APOIO DE MOTOR;0;;
101;1519;03831;1519;101.03831;CATEGORIA0;;1;1;0;1;;PORCA DO EIXO;PORCA DO EIXO;0;;
101;1519;03835;1519;101.03835;CATEGORIA0;;1;1;0;1;;APOIO DE MOTOR;APOIO DE MOTOR;0;;
101;1519;03839;1519;101.03839;CATEGORIA0;;1;1;0;1;;PINO DA RODA;PINO DA RODA;0;;
101;1519;03841;1519;101.03841;CATEGORIA0;;1;1;0;1;;REVESTIMENTO DE PEDAL;REVESTIMENTO DE PEDAL;0;;
101;1519;03842;1519;101.03842;CATEGORIA0;;1;1;0;1;;PINO DA RODA;PINO DA RODA;0;;
101;1519;03843;1519;101.03843;CATEGORIA0;;1;1;0;1;;PINO DA RODA;PINO DA RODA;0;;
101;1519;03844;1519;101.03844;CATEGORIA0;;1;1;0;1;;PINO DA RODA;PINO DA RODA;0;;
101;1519;03845;1519;101.03845;CATEGORIA0;;1;1;0;1;;PINO DA RODA;PINO DA RODA;0;;
101;1519;03847;1519;101.03847;CATEGORIA0;;1;1;0;1;;APOIO DE MOTOR;APOIO DE MOTOR;0;;
101;1519;03848;1519;101.03848;CATEGORIA0;;1;1;0;1;;PORCA DE RODA;PORCA DE RODA;0;;
101;1519;03851;1519;101.03851;CATEGORIA0;;1;1;0;1;;PORCA DE RODA;PORCA DE RODA;0;;
101;1519;03852;1519;101.03852;CATEGORIA0;;1;1;0;1;;CASQUILHO PARA ANEL DE ACOPLAMENTO DE REBOQUE;CASQUILHO PARA ANEL DE ACOPLAMENTO DE REBOQUE;0;;
101;1519;03853;1519;101.03853;CATEGORIA0;;1;1;0;1;;CASQUILHO PARA ANEL DE ACOPLAMENTO DE REBOQUE;CASQUILHO PARA ANEL DE ACOPLAMENTO DE REBOQUE;0;;
101;1519;03854;1519;101.03854;CATEGORIA0;;1;1;0;1;;CASQUILHO PARA ANEL DE ACOPLAMENTO DE REBOQUE;CASQUILHO PARA ANEL DE ACOPLAMENTO DE REBOQUE;0;;
101;1519;03855;1519;101.03855;CATEGORIA0;;1;1;0;1;;CASQUILHO DO BRAÇO OSCILANTE;CASQUILHO DO BRAÇO OSCILANTE;0;;
101;1519;03856;1519;101.03856;CATEGORIA0;;1;1;0;1;;POLIE DE DESVIO;POLIE DE DESVIO;0;;
101;1519;03857;1519;101.03857;CATEGORIA0;;1;1;0;1;;PORCA DE RODA;PORCA DE RODA;0;;
101;1519;03858;1519;101.03858;CATEGORIA0;;1;1;0;1;;POLIE DE DESVIO;POLIE DE DESVIO;0;;
101;1519;03859;1519;101.03859;CATEGORIA0;;1;1;0;1;;PORCA DODECAGONAL COM COLAR;PORCA DODECAGONAL COM COLAR;0;;
101;1519;03861;1519;101.03861;CATEGORIA0;;1;1;0;1;;INTERRUPTOR DE IGNIÇÃO;INTERRUPTOR DE IGNIÇÃO;0;;
101;1519;03863;1519;101.03863;CATEGORIA0;;1;1;0;1;;MOTOR DE ESGUICHO;MOTOR DE ESGUICHO;0;;
101;1519;03869;1519;101.03869;CATEGORIA0;;1;1;0;1;;PORCA ESFÉRICA COM COLAR;PORCA ESFÉRICA COM COLAR;0;;
101;1519;03870;1519;101.03870;CATEGORIA0;;1;1;0;1;;PORCA ESFÉRICA COM COLAR;PORCA ESFÉRICA COM COLAR;0;;
101;1519;03872;1519;101.03872;CATEGORIA0;;1;1;0;1;;POLIE DE DESVIO;POLIE DE DESVIO;0;;
101;1519;03873;1519;101.03873;CATEGORIA0;;1;1;0;1;;ROLAMENTO CENTRAL DE VEIO DE TRANSMISSÃO;ROLAMENTO CENTRAL DE VEIO DE TRANSMISSÃO;0;;
101;1519;03874;1519;101.03874;CATEGORIA0;;1;1;0;1;;APOIO DE MOTOR;APOIO DE MOTOR;0;;
101;1519;03879;1519;101.03879;CATEGORIA0;;1;1;0;1;;POLIE DE DESVIO;POLIE DE DESVIO;0;;
101;1519;03882;1519;101.03882;CATEGORIA0;;1;1;0;1;;PORCA DO EIXO;PORCA DO EIXO;0;;
101;1519;03883;1519;101.03883;CATEGORIA0;;1;1;0;1;;SUPORTE BARRA ESTABILIZADORA;SUPORTE BARRA ESTABILIZADORA;0;;
101;1519;03885;1519;101.03885;CATEGORIA0;;1;1;0;1;;CASQUILHO DA BARRA ESTABILIZADORA;CASQUILHO DA BARRA ESTABILIZADORA;0;;
101;1519;03887;1519;101.03887;CATEGORIA0;;1;1;0;1;;CÁRTER INFERIOR;CÁRTER INFERIOR;0;;
101;1519;03891;1519;101.03891;CATEGORIA0;;1;1;0;1;;AMORTECEDOR DE CABINA;AMORTECEDOR DE CABINA;0;;
101;1519;03892;1519;101.03892;CATEGORIA0;;1;1;0;1;;AMORTECEDOR DE CABINA;AMORTECEDOR DE CABINA;0;;
101;1519;03893;1519;101.03893;CATEGORIA0;;1;1;0;1;;AMORTECEDOR DE CABINA;AMORTECEDOR DE CABINA;0;;
101;1519;03894;1519;101.03894;CATEGORIA0;;1;1;0;1;;RETENTOR DO VEIO;RETENTOR DO VEIO;0;;
101;1519;03896;1519;101.03896;CATEGORIA0;;1;1;0;1;;DEPÓSITO RADIADOR AR CONDICIONADO;DEPÓSITO RADIADOR AR CONDICIONADO;0;;
101;1519;03897;1519;101.03897;CATEGORIA0;;1;1;0;1;;APOIO CENTRAL DO VEIO DE TRANSMISSÃO;APOIO CENTRAL DO VEIO DE TRANSMISSÃO;0;;
101;1519;03898;1519;101.03898;CATEGORIA0;;1;1;0;1;;DEPÓSITO RADIADOR AR CONDICIONADO;DEPÓSITO RADIADOR AR CONDICIONADO;0;;
101;1519;03899;1519;101.03899;CATEGORIA0;;1;1;0;1;;APOIO CENTRAL DO VEIO DE TRANSMISSÃO;APOIO CENTRAL DO VEIO DE TRANSMISSÃO;0;;
101;1519;03900;1519;101.03900;CATEGORIA0;;1;1;0;1;;JOGO DE JUNTAS COMBINADAS;JOGO DE JUNTAS COMBINADAS;0;;
101;1519;03901;1519;101.03901;CATEGORIA0;;1;1;0;1;;O-RING;O-RING;0;;
101;1519;03902;1519;101.03902;CATEGORIA0;;1;1;0;1;;SENSOR DE DESGASTE;SENSOR DE DESGASTE;0;;
101;1519;03903;1519;101.03903;CATEGORIA0;;1;1;0;1;;APOIO DE MOTOR;APOIO DE MOTOR;0;;
101;1519;03904;1519;101.03904;CATEGORIA0;;1;1;0;1;;DEPÓSITO RADIADOR AR CONDICIONADO;DEPÓSITO RADIADOR AR CONDICIONADO;0;;
101;1519;03906;1519;101.03906;CATEGORIA0;;1;1;0;1;;POLIE DE DESVIO;POLIE DE DESVIO;0;;
101;1519;03907;1519;101.03907;CATEGORIA0;;1;1;0;1;;JOGO DE JUNTAS FLEXÍVEIS;JOGO DE JUNTAS FLEXÍVEIS;0;;
101;1519;03909;1519;101.03909;CATEGORIA0;;1;1;0;1;;JOGO DE JUNTAS FLEXÍVEIS;JOGO DE JUNTAS FLEXÍVEIS;0;;
101;1519;03911;1519;101.03911;CATEGORIA0;;1;1;0;1;;DEPÓSITO RADIADOR AR CONDICIONADO;DEPÓSITO RADIADOR AR CONDICIONADO;0;;
101;1519;03912;1519;101.03912;CATEGORIA0;;1;1;0;1;;TAMPA DE ENCHIMENTO DE ÓLEO;TAMPA DE ENCHIMENTO DE ÓLEO;0;;
101;1519;03913;1519;101.03913;CATEGORIA0;;1;1;0;1;;MOLA PNEUMÁTICA;MOLA PNEUMÁTICA;0;;
101;1519;03914;1519;101.03914;CATEGORIA0;;1;1;0;1;;JUNTA DO CÁRTER INFERIOR;JUNTA DO CÁRTER INFERIOR;0;;
101;1519;03918;1519;101.03918;CATEGORIA0;;1;1;0;1;;JUNTA FLEXÍVEL;JUNTA FLEXÍVEL;0;;
101;1519;03919;1519;101.03919;CATEGORIA0;;1;1;0;1;;FILTRO DE AR;FILTRO DE AR;0;;
101;1519;03921;1519;101.03921;CATEGORIA0;;1;1;0;1;;TENSOR;TENSOR;0;;
101;1519;03922;1519;101.03922;CATEGORIA0;;1;1;0;1;;BARRA INTERMÉDIA DE DIREÇÃO;BARRA INTERMÉDIA DE DIREÇÃO;0;;
101;1519;03923;1519;101.03923;CATEGORIA0;;1;1;0;1;;POLIE DE DESVIO;POLIE DE DESVIO;0;;
101;1519;03925;1519;101.03925;CATEGORIA0;;1;1;0;1;;RETENTOR;RETENTOR;0;;
101;1519;03926;1519;101.03926;CATEGORIA0;;1;1;0;1;;RETENTOR;RETENTOR;0;;
101;1519;03928;1519;101.03928;CATEGORIA0;;1;1;0;1;;RETENTOR;RETENTOR;0;;
101;1519;03929;1519;101.03929;CATEGORIA0;;1;1;0;1;;JUNTA FLEXÍVEL;JUNTA FLEXÍVEL;0;;
101;1519;03932;1519;101.03932;CATEGORIA0;;1;1;0;1;;BARRA INTERMÉDIA DE DIREÇÃO;BARRA INTERMÉDIA DE DIREÇÃO;0;;
101;1519;03933;1519;101.03933;CATEGORIA0;;1;1;0;1;;JUNTA FLEXÍVEL;JUNTA FLEXÍVEL;0;;
101;1519;03935;1519;101.03935;CATEGORIA0;;1;1;0;1;;BRAÇO DE SUSPENSÃO;BRAÇO DE SUSPENSÃO;0;;
101;1519;03936;1519;101.03936;CATEGORIA0;;1;1;0;1;;BRAÇO DE SUSPENSÃO;BRAÇO DE SUSPENSÃO;0;;
101;1519;03939;1519;101.03939;CATEGORIA0;;1;1;0;1;;BARRA DE ACOPLAMENTO;BARRA DE ACOPLAMENTO;0;;
101;1519;03940;1519;101.03940;CATEGORIA0;;1;1;0;1;;MOTOR DE ESGUICHO;MOTOR DE ESGUICHO;0;;
101;1519;03941;1519;101.03941;CATEGORIA0;;1;1;0;1;;PEÇA TERMINAL DA BARRA DA DIREÇÃO;PEÇA TERMINAL DA BARRA DA DIREÇÃO;0;;
101;1519;03945;1519;101.03945;CATEGORIA0;;1;1;0;1;;CASQUILHO DA BARRA ESTABILIZADORA;CASQUILHO DA BARRA ESTABILIZADORA;0;;
101;1519;03948;1519;101.03948;CATEGORIA0;;1;1;0;1;;CASQUILHO PARA ANEL DE ACOPLAMENTO DE REBOQUE;CASQUILHO PARA ANEL DE ACOPLAMENTO DE REBOQUE;0;;
101;1519;03949;1519;101.03949;CATEGORIA0;;1;1;0;1;;CASQUILHO PARA ANEL DE ACOPLAMENTO DE REBOQUE;CASQUILHO PARA ANEL DE ACOPLAMENTO DE REBOQUE;0;;
101;1519;03956;1519;101.03956;CATEGORIA0;;1;1;0;1;;CABEÇA DE DIREÇÃO EXTERIOR;CABEÇA DE DIREÇÃO EXTERIOR;0;;
101;1519;03957;1519;101.03957;CATEGORIA0;;1;1;0;1;;CABEÇA DE DIREÇÃO EXTERIOR;CABEÇA DE DIREÇÃO EXTERIOR;0;;
101;1519;03958;1519;101.03958;CATEGORIA0;;1;1;0;1;;PINO DA RODA;PINO DA RODA;0;;
101;1519;03960;1519;101.03960;CATEGORIA0;;1;1;0;1;;PINO DA RODA;PINO DA RODA;0;;
101;1519;03961;1519;101.03961;CATEGORIA0;;1;1;0;1;;PINO DA RODA;PINO DA RODA;0;;
101;1519;03962;1519;101.03962;CATEGORIA0;;1;1;0;1;;PINO DA RODA;PINO DA RODA;0;;
101;1519;03963;1519;101.03963;CATEGORIA0;;1;1;0;1;;PARAFUSO DO CALÇO DE TRAVÃO;PARAFUSO DO CALÇO DE TRAVÃO;0;;
101;1519;03964;1519;101.03964;CATEGORIA0;;1;1;0;1;;PORCA DE RODA;PORCA DE RODA;0;;
101;1519;03965;1519;101.03965;CATEGORIA0;;1;1;0;1;;CUBO DA RODA;CUBO DA RODA;0;;
101;1519;03966;1519;101.03966;CATEGORIA0;;1;1;0;1;;PORCA DE RODA;PORCA DE RODA;0;;
101;1519;03969;1519;101.03969;CATEGORIA0;;1;1;0;1;;CUBO DA RODA;CUBO DA RODA;0;;
101;1519;03973;1519;101.03973;CATEGORIA0;;1;1;0;1;;PARAFUSO;PARAFUSO;0;;
101;1519;03975;1519;101.03975;CATEGORIA0;;1;1;0;1;;CUBO DA RODA;CUBO DA RODA;0;;
101;1519;03976;1519;101.03976;CATEGORIA0;;1;1;0;1;;JOGO DE JUNTAS FLEXÍVEIS;JOGO DE JUNTAS FLEXÍVEIS;0;;
101;1519;03980;1519;101.03980;CATEGORIA0;;1;1;0;1;;PINO DA RODA;PINO DA RODA;0;;
101;1519;03981;1519;101.03981;CATEGORIA0;;1;1;0;1;;PINO DA RODA;PINO DA RODA;0;;
101;1519;03985;1519;101.03985;CATEGORIA0;;1;1;0;1;;CALÇO DE TRAVÃO;CALÇO DE TRAVÃO;0;;
101;1519;03987;1519;101.03987;CATEGORIA0;;1;1;0;1;;TENSOR;TENSOR;0;;
101;1519;03991;1519;101.03991;CATEGORIA0;;1;1;0;1;;CUBO DA RODA;CUBO DA RODA;0;;
101;1519;03993;1519;101.03993;CATEGORIA0;;1;1;0;1;;RETENTOR DO VEIO;RETENTOR DO VEIO;0;;
101;1519;03994;1519;101.03994;CATEGORIA0;;1;1;0;1;;RETENTOR;RETENTOR;0;;
101;1519;03997;1519;101.03997;CATEGORIA0;;1;1;0;1;;PINO DA RODA;PINO DA RODA;0;;
101;1519;04000;1519;101.04000;CATEGORIA0;;1;1;0;1;;CALÇO DE TRAVÃO;CALÇO DE TRAVÃO;0;;
101;1519;04001;1519;101.04001;CATEGORIA0;;1;1;0;1;;TENSOR DE CORREIA;TENSOR DE CORREIA;0;;
101;1519;04006;1519;101.04006;CATEGORIA0;;1;1;0;1;;EIXO ESFÉRICO;EIXO ESFÉRICO;0;;
101;1519;04008;1519;101.04008;CATEGORIA0;;1;1;0;1;;POLIE DE DESVIO;POLIE DE DESVIO;0;;
101;1519;04011;1519;101.04011;CATEGORIA0;;1;1;0;1;;BRAÇO DE SUSPENSÃO;BRAÇO DE SUSPENSÃO;0;;
101;1519;04012;1519;101.04012;CATEGORIA0;;1;1;0;1;;RETENTOR;RETENTOR;0;;
101;1519;04013;1519;101.04013;CATEGORIA0;;1;1;0;1;;RETENTOR;RETENTOR;0;;
101;1519;04016;1519;101.04016;CATEGORIA0;;1;1;0;1;;PORCA DE SOLDADURA;PORCA DE SOLDADURA;0;;
101;1519;04017;1519;101.04017;CATEGORIA0;;1;1;0;1;;APOIO DO RADIADOR;APOIO DO RADIADOR;0;;
101;1519;04021;1519;101.04021;CATEGORIA0;;1;1;0;1;;O-RING;O-RING;0;;
101;1519;04024;1519;101.04024;CATEGORIA0;;1;1;0;1;;ÁRVORE DE CAMES;ÁRVORE DE CAMES;0;;
101;1519;04029;1519;101.04029;CATEGORIA0;;1;1;0;1;;PORCA DE RODA;PORCA DE RODA;0;;
101;1519;04032;1519;101.04032;CATEGORIA0;;1;1;0;1;;APOIO DE MOTOR;APOIO DE MOTOR;0;;
101;1519;04037;1519;101.04037;CATEGORIA0;;1;1;0;1;;CONJUNTO DE CASQUILHOS DO BRAÇO DE SUSPENSÃO;CONJUNTO DE CASQUILHOS DO BRAÇO DE SUSPENSÃO;0;;
101;1519;04041;1519;101.04041;CATEGORIA0;;1;1;0;1;;PORCA DO EIXO;PORCA DO EIXO;0;;
101;1519;04043;1519;101.04043;CATEGORIA0;;1;1;0;1;;JOGO DE ROLAMENTO DE RODA;JOGO DE ROLAMENTO DE RODA;0;;
101;1519;04044;1519;101.04044;CATEGORIA0;;1;1;0;1;;JOGO DE ROLAMENTO DE RODA;JOGO DE ROLAMENTO DE RODA;0;;
101;1519;04047;1519;101.04047;CATEGORIA0;;1;1;0;1;;JOGO DE MONTAGEM;JOGO DE MONTAGEM;0;;
101;1519;04050;1519;101.04050;CATEGORIA0;;1;1;0;1;;BIELA;BIELA;0;;
101;1519;04052;1519;101.04052;CATEGORIA0;;1;1;0;1;;JOGO DE MONTAGEM;JOGO DE MONTAGEM;0;;
101;1519;04054;1519;101.04054;CATEGORIA0;;1;1;0;1;;RETENTOR;RETENTOR;0;;
101;1519;04056;1519;101.04056;CATEGORIA0;;1;1;0;1;;PORCA DO EIXO;PORCA DO EIXO;0;;
101;1519;04059;1519;101.04059;CATEGORIA0;;1;1;0;1;;DISCO DE TRAVÃO;DISCO DE TRAVÃO;0;;
101;1519;04060;1519;101.04060;CATEGORIA0;;1;1;0;1;;CONJUNTO DE CASQUILHOS DO BRAÇO DE SUSPENSÃO;CONJUNTO DE CASQUILHOS DO BRAÇO DE SUSPENSÃO;0;;
101;1519;04061;1519;101.04061;CATEGORIA0;;1;1;0;1;;PEÇA DE DESLIZE;PEÇA DE DESLIZE;0;;
101;1519;04071;1519;101.04071;CATEGORIA0;;1;1;0;1;;MOLA DE DISCO;MOLA DE DISCO;0;;
101;1519;04075;1519;101.04075;CATEGORIA0;;1;1;0;1;;JOGO DE REP. TIRANTE DO EIXO;JOGO DE REP. TIRANTE DO EIXO;0;;
101;1519;04076;1519;101.04076;CATEGORIA0;;1;1;0;1;;APOIO DE MOTOR;APOIO DE MOTOR;0;;
101;1519;04082;1519;101.04082;CATEGORIA0;;1;1;0;1;;JOGO DE PARAFUSOS DA CABEÇA;JOGO DE PARAFUSOS DA CABEÇA;0;;
101;1519;04084;1519;101.04084;CATEGORIA0;;1;1;0;1;;JOGO SUPORTE DE ESTABILIZADOR;JOGO SUPORTE DE ESTABILIZADOR;0;;
101;1519;04088;1519;101.04088;CATEGORIA0;;1;1;0;1;;JUNTA DE TAMPA DE VÁLVULAS;JUNTA DE TAMPA DE VÁLVULAS;0;;
101;1519;04090;1519;101.04090;CATEGORIA0;;1;1;0;1;;CILINDRO DO TRAVÃO DE RODA;CILINDRO DO TRAVÃO DE RODA;0;;
101;1519;04091;1519;101.04091;CATEGORIA0;;1;1;0;1;;DISCO DE TRAVÃO;DISCO DE TRAVÃO;0;;
101;1519;04092;1519;101.04092;CATEGORIA0;;1;1;0;1;;DISCO DE TRAVÃO;DISCO DE TRAVÃO;0;;
101;1519;04094;1519;101.04094;CATEGORIA0;;1;1;0;1;;BRAÇO DE SUSPENSÃO;BRAÇO DE SUSPENSÃO;0;;
101;1519;04095;1519;101.04095;CATEGORIA0;;1;1;0;1;;JUNTA FLEXÍVEL;JUNTA FLEXÍVEL;0;;
101;1519;04097;1519;101.04097;CATEGORIA0;;1;1;0;1;;CILINDRO DO TRAVÃO DE RODA;CILINDRO DO TRAVÃO DE RODA;0;;
101;1519;04098;1519;101.04098;CATEGORIA0;;1;1;0;1;;POLIE DE TRAVÃO;POLIE DE TRAVÃO;0;;
101;1519;04102;1519;101.04102;CATEGORIA0;;1;1;0;1;;TAMPA DO TANQUE DE COMBUSTÍVEL;TAMPA DO TANQUE DE COMBUSTÍVEL;0;;
101;1519;04103;1519;101.04103;CATEGORIA0;;1;1;0;1;;CONJUNTO DE CASQUILHOS DO BRAÇO DE SUSPENSÃO;CONJUNTO DE CASQUILHOS DO BRAÇO DE SUSPENSÃO;0;;
101;1519;04106;1519;101.04106;CATEGORIA0;;1;1;0;1;;CASQUILHO DO BRAÇO OSCILANTE;CASQUILHO DO BRAÇO OSCILANTE;0;;
101;1519;04109;1519;101.04109;CATEGORIA0;;1;1;0;1;;PLACA;PLACA;0;;
101;1519;04111;1519;101.04111;CATEGORIA0;;1;1;0;1;;APOIO DE TRANSMISSÃO;APOIO DE TRANSMISSÃO;0;;
101;1519;04112;1519;101.04112;CATEGORIA0;;1;1;0;1;;APOIO DE TRANSMISSÃO;APOIO DE TRANSMISSÃO;0;;
101;1519;04113;1519;101.04113;CATEGORIA0;;1;1;0;1;;APOIO DE TRANSMISSÃO;APOIO DE TRANSMISSÃO;0;;
101;1519;04118;1519;101.04118;CATEGORIA0;;1;1;0;1;;ANEL DE RETENÇÃO;ANEL DE RETENÇÃO;0;;
101;1519;04120;1519;101.04120;CATEGORIA0;;1;1;0;1;;RETENTOR;RETENTOR;0;;
101;1519;04123;1519;101.04123;CATEGORIA0;;1;1;0;1;;APOIO DE TRANSMISSÃO;APOIO DE TRANSMISSÃO;0;;
101;1519;04124;1519;101.04124;CATEGORIA0;;1;1;0;1;;APOIO DE TRANSMISSÃO;APOIO DE TRANSMISSÃO;0;;
101;1519;04125;1519;101.04125;CATEGORIA0;;1;1;0;1;;APOIO DE TRANSMISSÃO;APOIO DE TRANSMISSÃO;0;;
101;1519;04127;1519;101.04127;CATEGORIA0;;1;1;0;1;;POLIE DE DESVIO;POLIE DE DESVIO;0;;
101;1519;04130;1519;101.04130;CATEGORIA0;;1;1;0;1;;POLIE DE DESVIO;POLIE DE DESVIO;0;;
101;1519;04131;1519;101.04131;CATEGORIA0;;1;1;0;1;;POLIE DE DESVIO;POLIE DE DESVIO;0;;
101;1519;04132;1519;101.04132;CATEGORIA0;;1;1;0;1;;POLIE DE DESVIO;POLIE DE DESVIO;0;;
101;1519;04134;1519;101.04134;CATEGORIA0;;1;1;0;1;;POLIE DE DESVIO;POLIE DE DESVIO;0;;
101;1519;04139;1519;101.04139;CATEGORIA0;;1;1;0;1;;RETENTOR;RETENTOR;0;;
101;1519;04140;1519;101.04140;CATEGORIA0;;1;1;0;1;;RETENTOR;RETENTOR;0;;
101;1519;04143;1519;101.04143;CATEGORIA0;;1;1;0;1;;MOLA DO CALÇO DE TRAVÃO;MOLA DO CALÇO DE TRAVÃO;0;;
101;1519;04146;1519;101.04146;CATEGORIA0;;1;1;0;1;;JUNTA FLEXÍVEL;JUNTA FLEXÍVEL;0;;
101;1519;04150;1519;101.04150;CATEGORIA0;;1;1;0;1;;CALÇO DE TRAVÃO;CALÇO DE TRAVÃO;0;;
101;1519;04151;1519;101.04151;CATEGORIA0;;1;1;0;1;;CALÇO DE TRAVÃO;CALÇO DE TRAVÃO;0;;
101;1519;04152;1519;101.04152;CATEGORIA0;;1;1;0;1;;ROLETE DO CALÇO DE TRAVÃO;ROLETE DO CALÇO DE TRAVÃO;0;;
101;1519;04153;1519;101.04153;CATEGORIA0;;1;1;0;1;;ESTRIBO DE MOLA;ESTRIBO DE MOLA;0;;
101;1519;04155;1519;101.04155;CATEGORIA0;;1;1;0;1;;CAVILHA;CAVILHA;0;;
101;1519;04156;1519;101.04156;CATEGORIA0;;1;1;0;1;;CAVILHA DE RETENÇÃO DA MOLA;CAVILHA DE RETENÇÃO DA MOLA;0;;
101;1519;04157;1519;101.04157;CATEGORIA0;;1;1;0;1;;CAVILHA COM ENTALHE;CAVILHA COM ENTALHE;0;;
101;1519;04158;1519;101.04158;CATEGORIA0;;1;1;0;1;;CAVILHA DE RETENÇÃO DA MOLA;CAVILHA DE RETENÇÃO DA MOLA;0;;
101;1519;04160;1519;101.04160;CATEGORIA0;;1;1;0;1;;MOLA DE REPOSIÇÃO;MOLA DE REPOSIÇÃO;0;;
101;1519;04161;1519;101.04161;CATEGORIA0;;1;1;0;1;;MOLA DO CALÇO DE TRAVÃO;MOLA DO CALÇO DE TRAVÃO;0;;
101;1519;04162;1519;101.04162;CATEGORIA0;;1;1;0;1;;MOLA DE REPOSIÇÃO;MOLA DE REPOSIÇÃO;0;;
101;1519;04164;1519;101.04164;CATEGORIA0;;1;1;0;1;;TENSOR;TENSOR;0;;
101;1519;04170;1519;101.04170;CATEGORIA0;;1;1;0;1;;CÁPSULA DO CUBO DA RODA;CÁPSULA DO CUBO DA RODA;0;;
101;1519;04171;1519;101.04171;CATEGORIA0;;1;1;0;1;;CÁPSULA DO CUBO DA RODA;CÁPSULA DO CUBO DA RODA;0;;
101;1519;04174;1519;101.04174;CATEGORIA0;;1;1;0;1;;PORCA DO EIXO;PORCA DO EIXO;0;;
101;1519;04176;1519;101.04176;CATEGORIA0;;1;1;0;1;;DISCO DE TRAVÃO;DISCO DE TRAVÃO;0;;
101;1519;04178;1519;101.04178;CATEGORIA0;;1;1;0;1;;JOGO DE ROLAMENTO DE RODA;JOGO DE ROLAMENTO DE RODA;0;;
101;1519;04179;1519;101.04179;CATEGORIA0;;1;1;0;1;;CASQUILHO DA MOLA DE SUSPENSÃO;CASQUILHO DA MOLA DE SUSPENSÃO;0;;
101;1519;04180;1519;101.04180;CATEGORIA0;;1;1;0;1;;ANILHA;ANILHA;0;;
101;1519;04181;1519;101.04181;CATEGORIA0;;1;1;0;1;;APOIO DA BARRA TRANSVERSAL;APOIO DA BARRA TRANSVERSAL;0;;
101;1519;04184;1519;101.04184;CATEGORIA0;;1;1;0;1;;JOGO DE REP. BARRA DE GUIA;JOGO DE REP. BARRA DE GUIA;0;;
101;1519;04185;1519;101.04185;CATEGORIA0;;1;1;0;1;;ROLO DE BORRACHA;ROLO DE BORRACHA;0;;
101;1519;04186;1519;101.04186;CATEGORIA0;;1;1;0;1;;TUBO DE AFASTAMENTO;TUBO DE AFASTAMENTO;0;;
101;1519;04189;1519;101.04189;CATEGORIA0;;1;1;0;1;;CABO DE EMBRAIAGEM;CABO DE EMBRAIAGEM;0;;
101;1519;04194;1519;101.04194;CATEGORIA0;;1;1;0;1;;ESTRIBO DE MOLA;ESTRIBO DE MOLA;0;;
101;1519;04195;1519;101.04195;CATEGORIA0;;1;1;0;1;;POLIE DE DESVIO;POLIE DE DESVIO;0;;
101;1519;04196;1519;101.04196;CATEGORIA0;;1;1;0;1;;CABO DE EMBRAIAGEM;CABO DE EMBRAIAGEM;0;;
101;1519;04197;1519;101.04197;CATEGORIA0;;1;1;0;1;;CABO DE EMBRAIAGEM;CABO DE EMBRAIAGEM;0;;
101;1519;04198;1519;101.04198;CATEGORIA0;;1;1;0;1;;PORCA;PORCA;0;;
101;1519;04199;1519;101.04199;CATEGORIA0;;1;1;0;1;;TENSOR;TENSOR;0;;
101;1519;04200;1519;101.04200;CATEGORIA0;;1;1;0;1;;CASQUILHO DA MOLA DE SUSPENSÃO;CASQUILHO DA MOLA DE SUSPENSÃO;0;;
101;1519;04205;1519;101.04205;CATEGORIA0;;1;1;0;1;;CABO DE EMBRAIAGEM;CABO DE EMBRAIAGEM;0;;
101;1519;04206;1519;101.04206;CATEGORIA0;;1;1;0;1;;CABO DE EMBRAIAGEM;CABO DE EMBRAIAGEM;0;;
101;1519;04207;1519;101.04207;CATEGORIA0;;1;1;0;1;;CABO DE EMBRAIAGEM;CABO DE EMBRAIAGEM;0;;
101;1519;04209;1519;101.04209;CATEGORIA0;;1;1;0;1;;ANILHA;ANILHA;0;;
101;1519;04211;1519;101.04211;CATEGORIA0;;1;1;0;1;;CASQUILHO DA BARRA ESTABILIZADORA;CASQUILHO DA BARRA ESTABILIZADORA;0;;
101;1519;04212;1519;101.04212;CATEGORIA0;;1;1;0;1;;CASQUILHO DA BARRA ESTABILIZADORA;CASQUILHO DA BARRA ESTABILIZADORA;0;;
101;1519;04213;1519;101.04213;CATEGORIA0;;1;1;0;1;;CASQUILHO DA BARRA ESTABILIZADORA;CASQUILHO DA BARRA ESTABILIZADORA;0;;
101;1519;04214;1519;101.04214;CATEGORIA0;;1;1;0;1;;CASQUILHO;CASQUILHO;0;;
101;1519;04215;1519;101.04215;CATEGORIA0;;1;1;0;1;;TENSOR;TENSOR;0;;
101;1519;04216;1519;101.04216;CATEGORIA0;;1;1;0;1;;TENSOR;TENSOR;0;;
101;1519;04217;1519;101.04217;CATEGORIA0;;1;1;0;1;;TENSOR;TENSOR;0;;
101;1519;04218;1519;101.04218;CATEGORIA0;;1;1;0;1;;POLIE DE DESVIO;POLIE DE DESVIO;0;;
101;1519;04220;1519;101.04220;CATEGORIA0;;1;1;0;1;;SUPORTE BARRA ESTABILIZADORA;SUPORTE BARRA ESTABILIZADORA;0;;
101;1519;04221;1519;101.04221;CATEGORIA0;;1;1;0;1;;ALMOFADA DE MOLAS;ALMOFADA DE MOLAS;0;;
101;1519;04222;1519;101.04222;CATEGORIA0;;1;1;0;1;;CABO DE EMBRAIAGEM;CABO DE EMBRAIAGEM;0;;
101;1519;04227;1519;101.04227;CATEGORIA0;;1;1;0;1;;PORCA DE RODA;PORCA DE RODA;0;;
101;1519;04229;1519;101.04229;CATEGORIA0;;1;1;0;1;;CASQUILHO DO BRAÇO OSCILANTE;CASQUILHO DO BRAÇO OSCILANTE;0;;
101;1519;04231;1519;101.04231;CATEGORIA0;;1;1;0;1;;PARAFUSO TENSILOCK;PARAFUSO TENSILOCK;0;;
101;1519;04232;1519;101.04232;CATEGORIA0;;1;1;0;1;;PORCA TENSILOCK;PORCA TENSILOCK;0;;
101;1519;04233;1519;101.04233;CATEGORIA0;;1;1;0;1;;PINO DA RODA;PINO DA RODA;0;;
101;1519;04235;1519;101.04235;CATEGORIA0;;1;1;0;1;;PORCA DE RODA;PORCA DE RODA;0;;
101;1519;04236;1519;101.04236;CATEGORIA0;;1;1;0;1;;BORRACHA DE ENCOSTO;BORRACHA DE ENCOSTO;0;;
101;1519;04237;1519;101.04237;CATEGORIA0;;1;1;0;1;;PORCA DE RODA;PORCA DE RODA;0;;
101;1519;04238;1519;101.04238;CATEGORIA0;;1;1;0;1;;PARAFUSO TENSILOCK;PARAFUSO TENSILOCK;0;;
101;1519;04239;1519;101.04239;CATEGORIA0;;1;1;0;1;;BOMBA DE ÁGUA;BOMBA DE ÁGUA;0;;
101;1519;04250;1519;101.04250;CATEGORIA0;;1;1;0;1;;CASQUILHO DA BARRA ESTABILIZADORA;CASQUILHO DA BARRA ESTABILIZADORA;0;;
101;1519;04256;1519;101.04256;CATEGORIA0;;1;1;0;1;;ROLAMENTO DE ESFERAS;ROLAMENTO DE ESFERAS;0;;
101;1519;04257;1519;101.04257;CATEGORIA0;;1;1;0;1;;ROLAMENTO DE RODA OU ROLAMENTO DO VEIO DA CAIXA DE VELOCIDAD;ROLAMENTO DE RODA OU ROLAMENTO DO VEIO DA CAIXA DE VELOCIDAD;0;;
101;1519;04259;1519;101.04259;CATEGORIA0;;1;1;0;1;;ROLAMENTO DE RODA;ROLAMENTO DE RODA;0;;
101;1519;04260;1519;101.04260;CATEGORIA0;;1;1;0;1;;EIXO ESFÉRICO;EIXO ESFÉRICO;0;;
101;1519;04261;1519;101.04261;CATEGORIA0;;1;1;0;1;;ASSENTO DE ESFERA;ASSENTO DE ESFERA;0;;
101;1519;04263;1519;101.04263;CATEGORIA0;;1;1;0;1;;MOLA DO CALÇO DE TRAVÃO;MOLA DO CALÇO DE TRAVÃO;0;;
101;1519;04266;1519;101.04266;CATEGORIA0;;1;1;0;1;;RETENTOR DO VEIO;RETENTOR DO VEIO;0;;
101;1519;04267;1519;101.04267;CATEGORIA0;;1;1;0;1;;RETENTOR DO VEIO;RETENTOR DO VEIO;0;;
101;1519;04269;1519;101.04269;CATEGORIA0;;1;1;0;1;;RETENTOR DO VEIO;RETENTOR DO VEIO;0;;
101;1519;04270;1519;101.04270;CATEGORIA0;;1;1;0;1;;RETENTOR DO VEIO;RETENTOR DO VEIO;0;;
101;1519;04272;1519;101.04272;CATEGORIA0;;1;1;0;1;;RETENTOR DO VEIO;RETENTOR DO VEIO;0;;
101;1519;04273;1519;101.04273;CATEGORIA0;;1;1;0;1;;O-RING;O-RING;0;;
101;1519;04275;1519;101.04275;CATEGORIA0;;1;1;0;1;;SUPORTE BARRA ESTABILIZADORA;SUPORTE BARRA ESTABILIZADORA;0;;
101;1519;04279;1519;101.04279;CATEGORIA0;;1;1;0;1;;POLIE DE DESVIO;POLIE DE DESVIO;0;;
101;1519;04281;1519;101.04281;CATEGORIA0;;1;1;0;1;;ROLAMENTO AXIAL;ROLAMENTO AXIAL;0;;
101;1519;04282;1519;101.04282;CATEGORIA0;;1;1;0;1;;POLIE DE DESVIO;POLIE DE DESVIO;0;;
101;1519;04284;1519;101.04284;CATEGORIA0;;1;1;0;1;;JOGO DE ROLAMENTO DE RODA;JOGO DE ROLAMENTO DE RODA;0;;
101;1519;04291;1519;101.04291;CATEGORIA0;;1;1;0;1;;JUNTA DE TAMPA DE VÁLVULAS;JUNTA DE TAMPA DE VÁLVULAS;0;;
101;1519;04295;1519;101.04295;CATEGORIA0;;1;1;0;1;;JOGO PINO DO EIXO DIANTEIRO;JOGO PINO DO EIXO DIANTEIRO;0;;
101;1519;04298;1519;101.04298;CATEGORIA0;;1;1;0;1;;ROLAMENTO DE ROLOS;ROLAMENTO DE ROLOS;0;;
101;1519;04302;1519;101.04302;CATEGORIA0;;1;1;0;1;;PINO DE MOLA ÚNICA;PINO DE MOLA ÚNICA;0;;
101;1519;04305;1519;101.04305;CATEGORIA0;;1;1;0;1;;APOIO DA BARRA TRANSVERSAL;APOIO DA BARRA TRANSVERSAL;0;;
101;1519;04306;1519;101.04306;CATEGORIA0;;1;1;0;1;;APOIO DA BARRA TRANSVERSAL;APOIO DA BARRA TRANSVERSAL;0;;
101;1519;04312;1519;101.04312;CATEGORIA0;;1;1;0;1;;JOGO PINO DO EIXO DIANTEIRO;JOGO PINO DO EIXO DIANTEIRO;0;;
101;1519;04319;1519;101.04319;CATEGORIA0;;1;1;0;1;;RETENTOR;RETENTOR;0;;
101;1519;04320;1519;101.04320;CATEGORIA0;;1;1;0;1;;JOGO PINO DO EIXO DIANTEIRO;JOGO PINO DO EIXO DIANTEIRO;0;;
101;1519;04328;1519;101.04328;CATEGORIA0;;1;1;0;1;;ANEL DE RETENÇÃO;ANEL DE RETENÇÃO;0;;
101;1519;04330;1519;101.04330;CATEGORIA0;;1;1;0;1;;METADE DO CONE DE VÁLVULA;METADE DO CONE DE VÁLVULA;0;;
101;1519;04333;1519;101.04333;CATEGORIA0;;1;1;0;1;;TUCHE DE VÁLVULAS;TUCHE DE VÁLVULAS;0;;
101;1519;04334;1519;101.04334;CATEGORIA0;;1;1;0;1;;JUNTA DA HASTE DE VÁLVULA;JUNTA DA HASTE DE VÁLVULA;0;;
101;1519;04339;1519;101.04339;CATEGORIA0;;1;1;0;1;;JOGO DE REP. EIXO PLANETÁRIO EXTERIOR;JOGO DE REP. EIXO PLANETÁRIO EXTERIOR;0;;
101;1519;04342;1519;101.04342;CATEGORIA0;;1;1;0;1;;CASQUILHO DA BARRA ESTABILIZADORA;CASQUILHO DA BARRA ESTABILIZADORA;0;;
101;1519;04343;1519;101.04343;CATEGORIA0;;1;1;0;1;;CASQUILHO DA BARRA ESTABILIZADORA;CASQUILHO DA BARRA ESTABILIZADORA;0;;
101;1519;04345;1519;101.04345;CATEGORIA0;;1;1;0;1;;TENSOR;TENSOR;0;;
101;1519;04347;1519;101.04347;CATEGORIA0;;1;1;0;1;;CONJUNTO DE APOIOS DE CORPO DE EIXO;CONJUNTO DE APOIOS DE CORPO DE EIXO;0;;
101;1519;04348;1519;101.04348;CATEGORIA0;;1;1;0;1;;APOIO DA BARRA TRANSVERSAL;APOIO DA BARRA TRANSVERSAL;0;;
101;1519;04356;1519;101.04356;CATEGORIA0;;1;1;0;1;;ROLAMENTO DE RODA OU ROLAMENTO DO VEIO DA CAIXA DE VELOCIDAD;ROLAMENTO DE RODA OU ROLAMENTO DO VEIO DA CAIXA DE VELOCIDAD;0;;
101;1519;04358;1519;101.04358;CATEGORIA0;;1;1;0;1;;ROLAMENTO DE RODA;ROLAMENTO DE RODA;0;;
101;1519;04361;1519;101.04361;CATEGORIA0;;1;1;0;1;;PARAFUSO DE ENCERRAMENTO;PARAFUSO DE ENCERRAMENTO;0;;
101;1519;04362;1519;101.04362;CATEGORIA0;;1;1;0;1;;PARAFUSO DE ENCERRAMENTO;PARAFUSO DE ENCERRAMENTO;0;;
101;1519;04363;1519;101.04363;CATEGORIA0;;1;1;0;1;;PARAFUSO DE ENCERRAMENTO;PARAFUSO DE ENCERRAMENTO;0;;
101;1519;04365;1519;101.04365;CATEGORIA0;;1;1;0;1;;ROLAMENTO PILOTO;ROLAMENTO PILOTO;0;;
101;1519;04366;1519;101.04366;CATEGORIA0;;1;1;0;1;;RETENTOR DUPLO;RETENTOR DUPLO;0;;
101;1519;04367;1519;101.04367;CATEGORIA0;;1;1;0;1;;CILINDRO DE AR COMPRIMIDO;CILINDRO DE AR COMPRIMIDO;0;;
101;1519;04368;1519;101.04368;CATEGORIA0;;1;1;0;1;;CILINDRO DE AR COMPRIMIDO;CILINDRO DE AR COMPRIMIDO;0;;
101;1519;04369;1519;101.04369;CATEGORIA0;;1;1;0;1;;INTERRUPTOR DE PRESSÃO;INTERRUPTOR DE PRESSÃO;0;;
101;1519;04370;1519;101.04370;CATEGORIA0;;1;1;0;1;;INJETOR DE LIMPA PARA-BRISAS;INJETOR DE LIMPA PARA-BRISAS;0;;
101;1519;04371;1519;101.04371;CATEGORIA0;;1;1;0;1;;ESTRIBO DE MOLA;ESTRIBO DE MOLA;0;;
101;1519;04373;1519;101.04373;CATEGORIA0;;1;1;0;1;;TIRANTE DO EIXO;TIRANTE DO EIXO;0;;
101;1519;04374;1519;101.04374;CATEGORIA0;;1;1;0;1;;BARRA INTERMÉDIA DE DIREÇÃO;BARRA INTERMÉDIA DE DIREÇÃO;0;;
101;1519;04376;1519;101.04376;CATEGORIA0;;1;1;0;1;;BARRA DE ACOPLAMENTO;BARRA DE ACOPLAMENTO;0;;
101;1519;04377;1519;101.04377;CATEGORIA0;;1;1;0;1;;BARRA DE ACOPLAMENTO;BARRA DE ACOPLAMENTO;0;;
101;1519;04383;1519;101.04383;CATEGORIA0;;1;1;0;1;;BORRACHA DE ENCOSTO;BORRACHA DE ENCOSTO;0;;
101;1519;04384;1519;101.04384;CATEGORIA0;;1;1;0;1;;CABEÇA DE DIREÇÃO EXTERIOR / BARRA INTERMÉDIA DE DIREÇÃO;CABEÇA DE DIREÇÃO EXTERIOR / BARRA INTERMÉDIA DE DIREÇÃO;0;;
101;1519;04385;1519;101.04385;CATEGORIA0;;1;1;0;1;;CABEÇA DE DIREÇÃO EXTERIOR;CABEÇA DE DIREÇÃO EXTERIOR;0;;
101;1519;04389;1519;101.04389;CATEGORIA0;;1;1;0;1;;ARTICULAÇÃO ESFÉRICA;ARTICULAÇÃO ESFÉRICA;0;;
101;1519;04390;1519;101.04390;CATEGORIA0;;1;1;0;1;;CASQUILHO DO BRAÇO OSCILANTE;CASQUILHO DO BRAÇO OSCILANTE;0;;
101;1519;04392;1519;101.04392;CATEGORIA0;;1;1;0;1;;ARTICULAÇÃO ESFÉRICA;ARTICULAÇÃO ESFÉRICA;0;;
101;1519;04394;1519;101.04394;CATEGORIA0;;1;1;0;1;;APOIO DE TRANSMISSÃO;APOIO DE TRANSMISSÃO;0;;
101;1519;04395;1519;101.04395;CATEGORIA0;;1;1;0;1;;APOIO DE TRANSMISSÃO;APOIO DE TRANSMISSÃO;0;;
101;1519;04397;1519;101.04397;CATEGORIA0;;1;1;0;1;;APOIO DE MOTOR;APOIO DE MOTOR;0;;
101;1519;04399;1519;101.04399;CATEGORIA0;;1;1;0;1;;APOIO DE MOTOR;APOIO DE MOTOR;0;;
101;1519;04402;1519;101.04402;CATEGORIA0;;1;1;0;1;;CASQUILHO DO BRAÇO OSCILANTE;CASQUILHO DO BRAÇO OSCILANTE;0;;
101;1519;04403;1519;101.04403;CATEGORIA0;;1;1;0;1;;CASQUILHO DA BARRA ESTABILIZADORA;CASQUILHO DA BARRA ESTABILIZADORA;0;;
101;1519;04406;1519;101.04406;CATEGORIA0;;1;1;0;1;;TIRANTE DO EIXO;TIRANTE DO EIXO;0;;
101;1519;04407;1519;101.04407;CATEGORIA0;;1;1;0;1;;CASQUILHO DO BRAÇO OSCILANTE;CASQUILHO DO BRAÇO OSCILANTE;0;;
101;1519;04408;1519;101.04408;CATEGORIA0;;1;1;0;1;;ROLAMENTO DE AGULHAS;ROLAMENTO DE AGULHAS;0;;
101;1519;04412;1519;101.04412;CATEGORIA0;;1;1;0;1;;TAMPA DO TANQUE DE COMBUSTÍVEL;TAMPA DO TANQUE DE COMBUSTÍVEL;0;;
101;1519;04421;1519;101.04421;CATEGORIA0;;1;1;0;1;;CABEÇA DE DIREÇÃO EXTERIOR;CABEÇA DE DIREÇÃO EXTERIOR;0;;
101;1519;04422;1519;101.04422;CATEGORIA0;;1;1;0;1;;CABEÇA DE DIREÇÃO EXTERIOR;CABEÇA DE DIREÇÃO EXTERIOR;0;;
101;1519;04427;1519;101.04427;CATEGORIA0;;1;1;0;1;;TENSOR;TENSOR;0;;
101;1519;04428;1519;101.04428;CATEGORIA0;;1;1;0;1;;INTERRUPTOR DE PRESSÃO DE ÓLEO;INTERRUPTOR DE PRESSÃO DE ÓLEO;0;;
101;1519;04429;1519;101.04429;CATEGORIA0;;1;1;0;1;;JOGO DE FOLES DE TRANSMISSÃO;JOGO DE FOLES DE TRANSMISSÃO;0;;
101;1519;04430;1519;101.04430;CATEGORIA0;;1;1;0;1;;JOGO DE PARAFUSOS DA CABEÇA;JOGO DE PARAFUSOS DA CABEÇA;0;;
101;1519;04432;1519;101.04432;CATEGORIA0;;1;1;0;1;;PARAFUSO DA CABEÇA DO MOTOR;PARAFUSO DA CABEÇA DO MOTOR;0;;
101;1519;04434;1519;101.04434;CATEGORIA0;;1;1;0;1;;JUNTA FLEXÍVEL;JUNTA FLEXÍVEL;0;;
101;1519;04435;1519;101.04435;CATEGORIA0;;1;1;0;1;;JUNTA FLEXÍVEL;JUNTA FLEXÍVEL;0;;
101;1519;04436;1519;101.04436;CATEGORIA0;;1;1;0;1;;JOGO DE ROLAMENTO DE RODA;JOGO DE ROLAMENTO DE RODA;0;;
101;1519;04438;1519;101.04438;CATEGORIA0;;1;1;0;1;;DISCO DE TRAVÃO;DISCO DE TRAVÃO;0;;
101;1519;04440;1519;101.04440;CATEGORIA0;;1;1;0;1;;DISCO DE TRAVÃO;DISCO DE TRAVÃO;0;;
101;1519;04442;1519;101.04442;CATEGORIA0;;1;1;0;1;;TENSOR;TENSOR;0;;
101;1519;04443;1519;101.04443;CATEGORIA0;;1;1;0;1;;CASQUILHO DA BARRA ESTABILIZADORA;CASQUILHO DA BARRA ESTABILIZADORA;0;;
101;1519;04444;1519;101.04444;CATEGORIA0;;1;1;0;1;;RÓTULA;RÓTULA;0;;
101;1519;04445;1519;101.04445;CATEGORIA0;;1;1;0;1;;JOGO DE CALÇOS DE TRAVÃO;JOGO DE CALÇOS DE TRAVÃO;0;;
101;1519;04446;1519;101.04446;CATEGORIA0;;1;1;0;1;;JOGO DE CALÇOS DE TRAVÃO;JOGO DE CALÇOS DE TRAVÃO;0;;
101;1519;04450;1519;101.04450;CATEGORIA0;;1;1;0;1;;CABO DE TRAVÃO;CABO DE TRAVÃO;0;;
101;1519;04451;1519;101.04451;CATEGORIA0;;1;1;0;1;;BARRA DE ACOPLAMENTO;BARRA DE ACOPLAMENTO;0;;
101;1519;04452;1519;101.04452;CATEGORIA0;;1;1;0;1;;CABEÇA DE DIREÇÃO EXTERIOR;CABEÇA DE DIREÇÃO EXTERIOR;0;;
101;1519;04453;1519;101.04453;CATEGORIA0;;1;1;0;1;;RÓTULA;RÓTULA;0;;
101;1519;04454;1519;101.04454;CATEGORIA0;;1;1;0;1;;ANEL DE APERTO;ANEL DE APERTO;0;;
101;1519;04455;1519;101.04455;CATEGORIA0;;1;1;0;1;;ANEL DE APERTO;ANEL DE APERTO;0;;
101;1519;04466;1519;101.04466;CATEGORIA0;;1;1;0;1;;JOGO DE ÁRVORE DE CAMES;JOGO DE ÁRVORE DE CAMES;0;;
101;1519;04468;1519;101.04468;CATEGORIA0;;1;1;0;1;;PARAFUSO;PARAFUSO;0;;
101;1519;04469;1519;101.04469;CATEGORIA0;;1;1;0;1;;AJUSTADOR DE FOLGA;AJUSTADOR DE FOLGA;0;;
101;1519;04470;1519;101.04470;CATEGORIA0;;1;1;0;1;;AJUSTADOR DE FOLGA;AJUSTADOR DE FOLGA;0;;
101;1519;04473;1519;101.04473;CATEGORIA0;;1;1;0;1;;CASQUILHO DA MOLA DE SUSPENSÃO;CASQUILHO DA MOLA DE SUSPENSÃO;0;;
101;1519;04474;1519;101.04474;CATEGORIA0;;1;1;0;1;;CASQUILHO DA MOLA DE SUSPENSÃO;CASQUILHO DA MOLA DE SUSPENSÃO;0;;
101;1519;04476;1519;101.04476;CATEGORIA0;;1;1;0;1;;CAVILHA DE MOLA;CAVILHA DE MOLA;0;;
101;1519;04478;1519;101.04478;CATEGORIA0;;1;1;0;1;;CAVILHA DE MOLA;CAVILHA DE MOLA;0;;
101;1519;04481;1519;101.04481;CATEGORIA0;;1;1;0;1;;CRUZETA;CRUZETA;0;;
101;1519;04482;1519;101.04482;CATEGORIA0;;1;1;0;1;;CRUZETA;CRUZETA;0;;
101;1519;04483;1519;101.04483;CATEGORIA0;;1;1;0;1;;BORRACHA DE ENCOSTO;BORRACHA DE ENCOSTO;0;;
101;1519;04487;1519;101.04487;CATEGORIA0;;1;1;0;1;;PINO DA RODA;PINO DA RODA;0;;
101;1519;04490;1519;101.04490;CATEGORIA0;;1;1;0;1;;JOGO DE REP. BOMBA CENTRAL DE EMBRAIAGEM;JOGO DE REP. BOMBA CENTRAL DE EMBRAIAGEM;0;;
101;1519;04492;1519;101.04492;CATEGORIA0;;1;1;0;1;;BOMBA DE ÁGUA;BOMBA DE ÁGUA;0;;
101;1519;04493;1519;101.04493;CATEGORIA0;;1;1;0;1;;TAMPA DE FECHO;TAMPA DE FECHO;0;;
101;1519;04495;1519;101.04495;CATEGORIA0;;1;1;0;1;;JOGO PINO DO EIXO DIANTEIRO;JOGO PINO DO EIXO DIANTEIRO;0;;
101;1519;04496;1519;101.04496;CATEGORIA0;;1;1;0;1;;TAMPÃO DE RADIADOR;TAMPÃO DE RADIADOR;0;;
101;1519;04501;1519;101.04501;CATEGORIA0;;1;1;0;1;;O-RING;O-RING;0;;
101;1519;04511;1519;101.04511;CATEGORIA0;;1;1;0;1;;PARAFUSO;PARAFUSO;0;;
101;1519;04514;1519;101.04514;CATEGORIA0;;1;1;0;1;;CONTRAPORCA;CONTRAPORCA;0;;
101;1519;04515;1519;101.04515;CATEGORIA0;;1;1;0;1;;ROLAMENTO PILOTO;ROLAMENTO PILOTO;0;;
101;1519;04516;1519;101.04516;CATEGORIA0;;1;1;0;1;;BUJÃO ROSCADO;BUJÃO ROSCADO;0;;
101;1519;04517;1519;101.04517;CATEGORIA0;;1;1;0;1;;APOIO DE TRANSMISSÃO;APOIO DE TRANSMISSÃO;0;;
101;1519;04519;1519;101.04519;CATEGORIA0;;1;1;0;1;;SUPORTE DO DISPOSITIVO AMORTECEDOR;SUPORTE DO DISPOSITIVO AMORTECEDOR;0;;
101;1519;04520;1519;101.04520;CATEGORIA0;;1;1;0;1;;TAMPA DE FECHO;TAMPA DE FECHO;0;;
101;1519;04522;1519;101.04522;CATEGORIA0;;1;1;0;1;;TUBO DE PLÁSTICO;TUBO DE PLÁSTICO;0;;
101;1519;04523;1519;101.04523;CATEGORIA0;;1;1;0;1;;BOMBA CENTRAL DE TRAVÕES;BOMBA CENTRAL DE TRAVÕES;0;;
101;1519;04525;1519;101.04525;CATEGORIA0;;1;1;0;1;;DISCO DE TRAVÃO;DISCO DE TRAVÃO;0;;
101;1519;04526;1519;101.04526;CATEGORIA0;;1;1;0;1;;ROLAMENTO DE RODA;ROLAMENTO DE RODA;0;;
101;1519;04529;1519;101.04529;CATEGORIA0;;1;1;0;1;;ROLAMENTO DE RODA;ROLAMENTO DE RODA;0;;
101;1519;04531;1519;101.04531;CATEGORIA0;;1;1;0;1;;APOIO DO RADIADOR;APOIO DO RADIADOR;0;;
101;1519;04533;1519;101.04533;CATEGORIA0;;1;1;0;1;;APOIO DE MOTOR / TRANSMISSÃO;APOIO DE MOTOR / TRANSMISSÃO;0;;
101;1519;04534;1519;101.04534;CATEGORIA0;;1;1;0;1;;ENCOSTO DE BORRACHA-METAL;ENCOSTO DE BORRACHA-METAL;0;;
101;1519;04535;1519;101.04535;CATEGORIA0;;1;1;0;1;;JOGO DE REP. CASQUILHO;JOGO DE REP. CASQUILHO;0;;
101;1519;04537;1519;101.04537;CATEGORIA0;;1;1;0;1;;RETENTOR;RETENTOR;0;;
101;1519;04540;1519;101.04540;CATEGORIA0;;1;1;0;1;;RETENTOR DO VEIO;RETENTOR DO VEIO;0;;
101;1519;04541;1519;101.04541;CATEGORIA0;;1;1;0;1;;JOGO PINO DO EIXO DIANTEIRO;JOGO PINO DO EIXO DIANTEIRO;0;;
101;1519;04543;1519;101.04543;CATEGORIA0;;1;1;0;1;;JUNTA DE TAMPA DE VÁLVULAS;JUNTA DE TAMPA DE VÁLVULAS;0;;
101;1519;04544;1519;101.04544;CATEGORIA0;;1;1;0;1;;BALANCEIRO;BALANCEIRO;0;;
101;1519;04546;1519;101.04546;CATEGORIA0;;1;1;0;1;;ROLETE DO CALÇO DE TRAVÃO;ROLETE DO CALÇO DE TRAVÃO;0;;
101;1519;04547;1519;101.04547;CATEGORIA0;;1;1;0;1;;PINO;PINO;0;;
101;1519;04548;1519;101.04548;CATEGORIA0;;1;1;0;1;;RETENTOR;RETENTOR;0;;
101;1519;04551;1519;101.04551;CATEGORIA0;;1;1;0;1;;BUCHA DE FIXAÇÃO;BUCHA DE FIXAÇÃO;0;;
101;1519;04552;1519;101.04552;CATEGORIA0;;1;1;0;1;;PARAFUSO DO CALÇO DE TRAVÃO;PARAFUSO DO CALÇO DE TRAVÃO;0;;
101;1519;04556;1519;101.04556;CATEGORIA0;;1;1;0;1;;TENSOR;TENSOR;0;;
101;1519;04557;1519;101.04557;CATEGORIA0;;1;1;0;1;;BUCHA DE FIXAÇÃO;BUCHA DE FIXAÇÃO;0;;
101;1519;04561;1519;101.04561;CATEGORIA0;;1;1;0;1;;ANEL DE RETENÇÃO;ANEL DE RETENÇÃO;0;;
101;1519;04563;1519;101.04563;CATEGORIA0;;1;1;0;1;;CAVILHA DE MOLA;CAVILHA DE MOLA;0;;
101;1519;04564;1519;101.04564;CATEGORIA0;;1;1;0;1;;POLIE DE DESVIO;POLIE DE DESVIO;0;;
101;1519;04565;1519;101.04565;CATEGORIA0;;1;1;0;1;;ROLAMENTO AXIAL;ROLAMENTO AXIAL;0;;
101;1519;04570;1519;101.04570;CATEGORIA0;;1;1;0;1;;JUNTA DE TAMPA DE VÁLVULAS;JUNTA DE TAMPA DE VÁLVULAS;0;;
101;1519;04572;1519;101.04572;CATEGORIA0;;1;1;0;1;;BUJÃO DO CÁRTER;BUJÃO DO CÁRTER;0;;
101;1519;04573;1519;101.04573;CATEGORIA0;;1;1;0;1;;PINO DA RODA;PINO DA RODA;0;;
101;1519;04574;1519;101.04574;CATEGORIA0;;1;1;0;1;;PINO DA RODA;PINO DA RODA;0;;
101;1519;04576;1519;101.04576;CATEGORIA0;;1;1;0;1;;CASQUILHO;CASQUILHO;0;;
101;1519;04577;1519;101.04577;CATEGORIA0;;1;1;0;1;;CONJUNTO DE APOIOS DE VEIO DE RESSALTO DE TRAVAGEM;CONJUNTO DE APOIOS DE VEIO DE RESSALTO DE TRAVAGEM;0;;
101;1519;04581;1519;101.04581;CATEGORIA0;;1;1;0;1;;JOGO PINO DO EIXO DIANTEIRO;JOGO PINO DO EIXO DIANTEIRO;0;;
101;1519;04583;1519;101.04583;CATEGORIA0;;1;1;0;1;;FILTRO DE TRANSMISSÃO;FILTRO DE TRANSMISSÃO;0;;
101;1519;04584;1519;101.04584;CATEGORIA0;;1;1;0;1;;SUPORTE DO DISPOSITIVO AMORTECEDOR;SUPORTE DO DISPOSITIVO AMORTECEDOR;0;;
101;1519;04585;1519;101.04585;CATEGORIA0;;1;1;0;1;;SUPORTE BARRA ESTABILIZADORA;SUPORTE BARRA ESTABILIZADORA;0;;
101;1519;04587;1519;101.04587;CATEGORIA0;;1;1;0;1;;JOGO PINO DO EIXO DIANTEIRO;JOGO PINO DO EIXO DIANTEIRO;0;;
101;1519;04588;1519;101.04588;CATEGORIA0;;1;1;0;1;;JUNTA DO CÁRTER INFERIOR;JUNTA DO CÁRTER INFERIOR;0;;
101;1519;04589;1519;101.04589;CATEGORIA0;;1;1;0;1;;ROLAMENTO CENTRAL DE VEIO DE TRANSMISSÃO;ROLAMENTO CENTRAL DE VEIO DE TRANSMISSÃO;0;;
101;1519;04590;1519;101.04590;CATEGORIA0;;1;1;0;1;;RETENTOR PARA ÁRVORE DE CAMES;RETENTOR PARA ÁRVORE DE CAMES;0;;
101;1519;04591;1519;101.04591;CATEGORIA0;;1;1;0;1;;RETENTOR PARA ÁRVORE DE CAMES;RETENTOR PARA ÁRVORE DE CAMES;0;;
101;1519;04592;1519;101.04592;CATEGORIA0;;1;1;0;1;;CÁRTER INFERIOR;CÁRTER INFERIOR;0;;
101;1519;04605;1519;101.04605;CATEGORIA0;;1;1;0;1;;CABEÇA DE DIREÇÃO EXTERIOR / BARRA INTERMÉDIA DE DIREÇÃO;CABEÇA DE DIREÇÃO EXTERIOR / BARRA INTERMÉDIA DE DIREÇÃO;0;;
101;1519;04606;1519;101.04606;CATEGORIA0;;1;1;0;1;;POLIE DE DESVIO;POLIE DE DESVIO;0;;
101;1519;04608;1519;101.04608;CATEGORIA0;;1;1;0;1;;PARAFUSO DE ENCERRAMENTO;PARAFUSO DE ENCERRAMENTO;0;;
101;1519;04610;1519;101.04610;CATEGORIA0;;1;1;0;1;;JUNTA DO CÁRTER INFERIOR;JUNTA DO CÁRTER INFERIOR;0;;
101;1519;04611;1519;101.04611;CATEGORIA0;;1;1;0;1;;POLIE DE DESVIO;POLIE DE DESVIO;0;;
101;1519;04613;1519;101.04613;CATEGORIA0;;1;1;0;1;;POLIE DE DESVIO;POLIE DE DESVIO;0;;
101;1519;04619;1519;101.04619;CATEGORIA0;;1;1;0;1;;POLIE DE DESVIO;POLIE DE DESVIO;0;;
101;1519;04620;1519;101.04620;CATEGORIA0;;1;1;0;1;;TENSOR;TENSOR;0;;
101;1519;04622;1519;101.04622;CATEGORIA0;;1;1;0;1;;FILTRO DE AR;FILTRO DE AR;0;;
101;1519;04623;1519;101.04623;CATEGORIA0;;1;1;0;1;;CAVILHA DE MOLA NORMAL;CAVILHA DE MOLA NORMAL;0;;
101;1519;04624;1519;101.04624;CATEGORIA0;;1;1;0;1;;CASQUILHO DA MOLA DE SUSPENSÃO;CASQUILHO DA MOLA DE SUSPENSÃO;0;;
101;1519;04625;1519;101.04625;CATEGORIA0;;1;1;0;1;;CASQUILHO DA MOLA DE SUSPENSÃO;CASQUILHO DA MOLA DE SUSPENSÃO;0;;
101;1519;04628;1519;101.04628;CATEGORIA0;;1;1;0;1;;DISCO DE TRAVÃO;DISCO DE TRAVÃO;0;;
101;1519;04629;1519;101.04629;CATEGORIA0;;1;1;0;1;;DISCO DE TRAVÃO;DISCO DE TRAVÃO;0;;
101;1519;04630;1519;101.04630;CATEGORIA0;;1;1;0;1;;DISCO DE TRAVÃO;DISCO DE TRAVÃO;0;;
101;1519;04633;1519;101.04633;CATEGORIA0;;1;1;0;1;;RELÉ PISCA-PISCA;RELÉ PISCA-PISCA;0;;
101;1519;04637;1519;101.04637;CATEGORIA0;;1;1;0;1;;PORCA DO EIXO;PORCA DO EIXO;0;;
101;1519;04638;1519;101.04638;CATEGORIA0;;1;1;0;1;;CUBO DA RODA;CUBO DA RODA;0;;
101;1519;04644;1519;101.04644;CATEGORIA0;;1;1;0;1;;ÁRVORE DE CAMES DO TRAVÃO;ÁRVORE DE CAMES DO TRAVÃO;0;;
101;1519;04650;1519;101.04650;CATEGORIA0;;1;1;0;1;;AMORTECEDOR;AMORTECEDOR;0;;
101;1519;04656;1519;101.04656;CATEGORIA0;;1;1;0;1;;CALÇO DE TRAVÃO;CALÇO DE TRAVÃO;0;;
101;1519;04659;1519;101.04659;CATEGORIA0;;1;1;0;1;;ÁRVORE DE CAMES DO TRAVÃO;ÁRVORE DE CAMES DO TRAVÃO;0;;
101;1519;04660;1519;101.04660;CATEGORIA0;;1;1;0;1;;ÁRVORE DE CAMES DO TRAVÃO;ÁRVORE DE CAMES DO TRAVÃO;0;;
101;1519;04661;1519;101.04661;CATEGORIA0;;1;1;0;1;;ÁRVORE DE CAMES DO TRAVÃO;ÁRVORE DE CAMES DO TRAVÃO;0;;
101;1519;04662;1519;101.04662;CATEGORIA0;;1;1;0;1;;ÁRVORE DE CAMES DO TRAVÃO;ÁRVORE DE CAMES DO TRAVÃO;0;;
101;1519;04664;1519;101.04664;CATEGORIA0;;1;1;0;1;;ÁRVORE DE CAMES DO TRAVÃO;ÁRVORE DE CAMES DO TRAVÃO;0;;
101;1519;04665;1519;101.04665;CATEGORIA0;;1;1;0;1;;CALÇO DE TRAVÃO;CALÇO DE TRAVÃO;0;;
101;1519;04666;1519;101.04666;CATEGORIA0;;1;1;0;1;;CABO DE TRAVÃO;CABO DE TRAVÃO;0;;
101;1519;04669;1519;101.04669;CATEGORIA0;;1;1;0;1;;ÁRVORE DE CAMES DO TRAVÃO;ÁRVORE DE CAMES DO TRAVÃO;0;;
101;1519;04670;1519;101.04670;CATEGORIA0;;1;1;0;1;;ÁRVORE DE CAMES DO TRAVÃO;ÁRVORE DE CAMES DO TRAVÃO;0;;
101;1519;04671;1519;101.04671;CATEGORIA0;;1;1;0;1;;CABO DE TRAVÃO;CABO DE TRAVÃO;0;;
101;1519;04672;1519;101.04672;CATEGORIA0;;1;1;0;1;;CABO DE TRAVÃO;CABO DE TRAVÃO;0;;
101;1519;04675;1519;101.04675;CATEGORIA0;;1;1;0;1;;RELÉ DE PRÉ-INCANDESCÊNCIA;RELÉ DE PRÉ-INCANDESCÊNCIA;0;;
101;1519;04676;1519;101.04676;CATEGORIA0;;1;1;0;1;;APOIO DE MOTOR;APOIO DE MOTOR;0;;
101;1519;04677;1519;101.04677;CATEGORIA0;;1;1;0;1;;JOGO DE MONTAGEM;JOGO DE MONTAGEM;0;;
101;1519;04682;1519;101.04682;CATEGORIA0;;1;1;0;1;;CASQUILHO;CASQUILHO;0;;
101;1519;04683;1519;101.04683;CATEGORIA0;;1;1;0;1;;PARAFUSO DA BIELA;PARAFUSO DA BIELA;0;;
101;1519;04687;1519;101.04687;CATEGORIA0;;1;1;0;1;;ANEL DE RETENÇÃO;ANEL DE RETENÇÃO;0;;
101;1519;04688;1519;101.04688;CATEGORIA0;;1;1;0;1;;APOIO DE MOTOR;APOIO DE MOTOR;0;;
101;1519;04689;1519;101.04689;CATEGORIA0;;1;1;0;1;;PORCA DE RODA;PORCA DE RODA;0;;
101;1519;04693;1519;101.04693;CATEGORIA0;;1;1;0;1;;APOIO DE MOTOR;APOIO DE MOTOR;0;;
101;1519;04693+;1519;04693;CATEGORIA0;;1;1;0;1;;APOIO MOTOR;APOIO MOTOR;0;;
101;1519;04694;1519;101.04694;CATEGORIA0;;1;1;0;1;;APOIO DE MOTOR;APOIO DE MOTOR;0;;
101;1519;04695;1519;101.04695;CATEGORIA0;;1;1;0;1;;APOIO DE MOTOR;APOIO DE MOTOR;0;;
101;1519;04696;1519;101.04696;CATEGORIA0;;1;1;0;1;;APOIO DE MOTOR;APOIO DE MOTOR;0;;
101;1519;04697;1519;101.04697;CATEGORIA0;;1;1;0;1;;APOIO DE MOTOR;APOIO DE MOTOR;0;;
101;1519;04701;1519;101.04701;CATEGORIA0;;1;1;0;1;;SERVOMOTOR;SERVOMOTOR;0;;
101;1519;04702;1519;101.04702;CATEGORIA0;;1;1;0;1;;PORCA DO EIXO;PORCA DO EIXO;0;;
101;1519;04706;1519;101.04706;CATEGORIA0;;1;1;0;1;;SUPORTE DE BORRACHA PARA ESCAPE;SUPORTE DE BORRACHA PARA ESCAPE;0;;
101;1519;04707;1519;101.04707;CATEGORIA0;;1;1;0;1;;SUPORTE DE BORRACHA PARA ESCAPE;SUPORTE DE BORRACHA PARA ESCAPE;0;;
101;1519;04708;1519;101.04708;CATEGORIA0;;1;1;0;1;;INTERRUPTOR DE LUZ;INTERRUPTOR DE LUZ;0;;
101;1519;04709;1519;101.04709;CATEGORIA0;;1;1;0;1;;PORCA DO EIXO;PORCA DO EIXO;0;;
101;1519;04713;1519;101.04713;CATEGORIA0;;1;1;0;1;;CASQUILHO PARA CALÇOS DE TRAVÃO;CASQUILHO PARA CALÇOS DE TRAVÃO;0;;
101;1519;04715;1519;101.04715;CATEGORIA0;;1;1;0;1;;PARAFUSO PARA VOLANTE DE MOTOR;PARAFUSO PARA VOLANTE DE MOTOR;0;;
101;1519;04718;1519;101.04718;CATEGORIA0;;1;1;0;1;;INTERRUPTOR DAS LUZES AVISADORAS DE PERIGO;INTERRUPTOR DAS LUZES AVISADORAS DE PERIGO;0;;
101;1519;04719;1519;101.04719;CATEGORIA0;;1;1;0;1;;INTERRUPTOR DAS LUZES AVISADORAS DE PERIGO;INTERRUPTOR DAS LUZES AVISADORAS DE PERIGO;0;;
101;1519;04722;1519;101.04722;CATEGORIA0;;1;1;0;1;;CASQUILHO DA MOLA DE SUSPENSÃO;CASQUILHO DA MOLA DE SUSPENSÃO;0;;
101;1519;04723;1519;101.04723;CATEGORIA0;;1;1;0;1;;TENSOR DE CORREIA;TENSOR DE CORREIA;0;;
101;1519;04724;1519;101.04724;CATEGORIA0;;1;1;0;1;;TENSOR DE CORREIA;TENSOR DE CORREIA;0;;
101;1519;04725;1519;101.04725;CATEGORIA0;;1;1;0;1;;TENSOR DE CORREIA;TENSOR DE CORREIA;0;;
101;1519;04726;1519;101.04726;CATEGORIA0;;1;1;0;1;;INTERRUPTOR DE PRESSÃO DE ÓLEO;INTERRUPTOR DE PRESSÃO DE ÓLEO;0;;
101;1519;04728;1519;101.04728;CATEGORIA0;;1;1;0;1;;BOMBA DE ÁGUA;BOMBA DE ÁGUA;0;;
101;1519;04730;1519;101.04730;CATEGORIA0;;1;1;0;1;;POLIE DE DESVIO;POLIE DE DESVIO;0;;
101;1519;04731;1519;101.04731;CATEGORIA0;;1;1;0;1;;BOMBA DE ÁGUA;BOMBA DE ÁGUA;0;;
101;1519;04732;1519;101.04732;CATEGORIA0;;1;1;0;1;;TENSOR DE CORREIA;TENSOR DE CORREIA;0;;
101;1519;04733;1519;101.04733;CATEGORIA0;;1;1;0;1;;TENSOR DE CORREIA;TENSOR DE CORREIA;0;;
101;1519;04734;1519;101.04734;CATEGORIA0;;1;1;0;1;;O-RING;O-RING;0;;
101;1519;04739;1519;101.04739;CATEGORIA0;;1;1;0;1;;POLIE DE DESVIO;POLIE DE DESVIO;0;;
101;1519;04741;1519;101.04741;CATEGORIA0;;1;1;0;1;;CASQUILHO DA MOLA DE SUSPENSÃO;CASQUILHO DA MOLA DE SUSPENSÃO;0;;
101;1519;04742;1519;101.04742;CATEGORIA0;;1;1;0;1;;CASQUILHO DA MOLA DE SUSPENSÃO;CASQUILHO DA MOLA DE SUSPENSÃO;0;;
101;1519;04744;1519;101.04744;CATEGORIA0;;1;1;0;1;;CASQUILHO DA MOLA DE SUSPENSÃO;CASQUILHO DA MOLA DE SUSPENSÃO;0;;
101;1519;04745;1519;101.04745;CATEGORIA0;;1;1;0;1;;O-RING;O-RING;0;;
101;1519;04747;1519;101.04747;CATEGORIA0;;1;1;0;1;;TERMÓSTATO;TERMÓSTATO;0;;
101;1519;04749;1519;101.04749;CATEGORIA0;;1;1;0;1;;POLIE DE DESVIO;POLIE DE DESVIO;0;;
101;1519;04750;1519;101.04750;CATEGORIA0;;1;1;0;1;;POLIE DE DESVIO;POLIE DE DESVIO;0;;
101;1519;04751;1519;101.04751;CATEGORIA0;;1;1;0;1;;TENSOR;TENSOR;0;;
101;1519;04755;1519;101.04755;CATEGORIA0;;1;1;0;1;;TERMÓSTATO;TERMÓSTATO;0;;
101;1519;04757;1519;101.04757;CATEGORIA0;;1;1;0;1;;PARAFUSO COM COLAR;PARAFUSO COM COLAR;0;;
101;1519;04758;1519;101.04758;CATEGORIA0;;1;1;0;1;;CASQUILHO DA BARRA ESTABILIZADORA;CASQUILHO DA BARRA ESTABILIZADORA;0;;
101;1519;04759;1519;101.04759;CATEGORIA0;;1;1;0;1;;CASQUILHO DA BARRA ESTABILIZADORA;CASQUILHO DA BARRA ESTABILIZADORA;0;;
101;1519;04764;1519;101.04764;CATEGORIA0;;1;1;0;1;;CASQUILHO DA BARRA ESTABILIZADORA;CASQUILHO DA BARRA ESTABILIZADORA;0;;
101;1519;04765;1519;101.04765;CATEGORIA0;;1;1;0;1;;CASQUILHO DA BARRA ESTABILIZADORA;CASQUILHO DA BARRA ESTABILIZADORA;0;;
101;1519;04767;1519;101.04767;CATEGORIA0;;1;1;0;1;;ANEL DE RETENÇÃO;ANEL DE RETENÇÃO;0;;
101;1519;04770;1519;101.04770;CATEGORIA0;;1;1;0;1;;JOGO SUPORTE DE ESTABILIZADOR;JOGO SUPORTE DE ESTABILIZADOR;0;;
101;1519;04771;1519;101.04771;CATEGORIA0;;1;1;0;1;;JOGO SUPORTE DE ESTABILIZADOR;JOGO SUPORTE DE ESTABILIZADOR;0;;
101;1519;04772;1519;101.04772;CATEGORIA0;;1;1;0;1;;PORCA DODECAGONAL COM COLAR;PORCA DODECAGONAL COM COLAR;0;;
101;1519;04773;1519;101.04773;CATEGORIA0;;1;1;0;1;;TERMÓSTATO;TERMÓSTATO;0;;
101;1519;04777;1519;101.04777;CATEGORIA0;;1;1;0;1;;INTERRUPTOR DE TEMPERATURA;INTERRUPTOR DE TEMPERATURA;0;;
101;1519;04778;1519;101.04778;CATEGORIA0;;1;1;0;1;;PORCA DE RODA;PORCA DE RODA;0;;
101;1519;04781;1519;101.04781;CATEGORIA0;;1;1;0;1;;PINO DA RODA;PINO DA RODA;0;;
101;1519;04784;1519;101.04784;CATEGORIA0;;1;1;0;1;;JUNTA;JUNTA;0;;
101;1519;04785;1519;101.04785;CATEGORIA0;;1;1;0;1;;VEDANTE DO SUPORTE DE APOIO;VEDANTE DO SUPORTE DE APOIO;0;;
101;1519;04786;1519;101.04786;CATEGORIA0;;1;1;0;1;;BARRA DE ACOPLAMENTO;BARRA DE ACOPLAMENTO;0;;
101;1519;04787;1519;101.04787;CATEGORIA0;;1;1;0;1;;CONJUNTO DE APOIOS DE VEIO DE RESSALTO DE TRAVAGEM;CONJUNTO DE APOIOS DE VEIO DE RESSALTO DE TRAVAGEM;0;;
101;1519;04794;1519;101.04794;CATEGORIA0;;1;1;0;1;;JOGO DE MONTAGEM;JOGO DE MONTAGEM;0;;
101;1519;04795;1519;101.04795;CATEGORIA0;;1;1;0;1;;MOTOR DE ESGUICHO;MOTOR DE ESGUICHO;0;;
101;1519;04796;1519;101.04796;CATEGORIA0;;1;1;0;1;;MOTOR DE ESGUICHO;MOTOR DE ESGUICHO;0;;
101;1519;04799;1519;101.04799;CATEGORIA0;;1;1;0;1;;JOGO DE ROLAMENTO DE RODA;JOGO DE ROLAMENTO DE RODA;0;;
101;1519;04804;1519;101.04804;CATEGORIA0;;1;1;0;1;;TENSOR;TENSOR;0;;
101;1519;04817;1519;101.04817;CATEGORIA0;;1;1;0;1;;MOLA DO CALÇO DE TRAVÃO;MOLA DO CALÇO DE TRAVÃO;0;;
101;1519;04818;1519;101.04818;CATEGORIA0;;1;1;0;1;;BUJÃO ROSCADO;BUJÃO ROSCADO;0;;
101;1519;04819;1519;101.04819;CATEGORIA0;;1;1;0;1;;BUJÃO ROSCADO;BUJÃO ROSCADO;0;;
101;1519;04822;1519;101.04822;CATEGORIA0;;1;1;0;1;;BORRACHA DE ENCOSTO;BORRACHA DE ENCOSTO;0;;
101;1519;04823;1519;101.04823;CATEGORIA0;;1;1;0;1;;TUBO DE PLÁSTICO;TUBO DE PLÁSTICO;0;;
101;1519;04838;1519;101.04838;CATEGORIA0;;1;1;0;1;;JOGO DE ROLAMENTO DE RODA;JOGO DE ROLAMENTO DE RODA;0;;
101;1519;04843;1519;101.04843;CATEGORIA0;;1;1;0;1;;ROLAMENTO DE RODA;ROLAMENTO DE RODA;0;;
101;1519;04844;1519;101.04844;CATEGORIA0;;1;1;0;1;;DISCO DE TRAVÃO;DISCO DE TRAVÃO;0;;
101;1519;04848;1519;101.04848;CATEGORIA0;;1;1;0;1;;DISCO DE TRAVÃO;DISCO DE TRAVÃO;0;;
101;1519;04850;1519;101.04850;CATEGORIA0;;1;1;0;1;;DISCO DE TRAVÃO;DISCO DE TRAVÃO;0;;
101;1519;04851;1519;101.04851;CATEGORIA0;;1;1;0;1;;PARAFUSO TENSILOCK;PARAFUSO TENSILOCK;0;;
101;1519;04856;1519;101.04856;CATEGORIA0;;1;1;0;1;;TENSOR;TENSOR;0;;
101;1519;04862;1519;101.04862;CATEGORIA0;;1;1;0;1;;JOGO DE REP. CAVILHA DE MOLA;JOGO DE REP. CAVILHA DE MOLA;0;;
101;1519;04867;1519;101.04867;CATEGORIA0;;1;1;0;1;;PARAFUSO TENSILOCK;PARAFUSO TENSILOCK;0;;
101;1519;04872;1519;101.04872;CATEGORIA0;;1;1;0;1;;FILTRO DE TRANSMISSÃO;FILTRO DE TRANSMISSÃO;0;;
101;1519;04874;1519;101.04874;CATEGORIA0;;1;1;0;1;;CABEÇA DE DIREÇÃO EXTERIOR;CABEÇA DE DIREÇÃO EXTERIOR;0;;
101;1519;04876;1519;101.04876;CATEGORIA0;;1;1;0;1;;DISCO DE TRAVÃO;DISCO DE TRAVÃO;0;;
101;1519;04880;1519;101.04880;CATEGORIA0;;1;1;0;1;;TENSOR;TENSOR;0;;
101;1519;04882;1519;101.04882;CATEGORIA0;;1;1;0;1;;BARRA DE ACOPLAMENTO;BARRA DE ACOPLAMENTO;0;;
101;1519;04883;1519;101.04883;CATEGORIA0;;1;1;0;1;;VÁLVULA DE EXPANSÃO;VÁLVULA DE EXPANSÃO;0;;
101;1519;04886;1519;101.04886;CATEGORIA0;;1;1;0;1;;JOGO DE ÁRVORE DE CAMES;JOGO DE ÁRVORE DE CAMES;0;;
101;1519;04888;1519;101.04888;CATEGORIA0;;1;1;0;1;;APOIO DA BARRA TRANSVERSAL;APOIO DA BARRA TRANSVERSAL;0;;
101;1519;04889;1519;101.04889;CATEGORIA0;;1;1;0;1;;JOGO DE REP. CAVILHA DE MOLA;JOGO DE REP. CAVILHA DE MOLA;0;;
101;1519;04899;1519;101.04899;CATEGORIA0;;1;1;0;1;;PORCA DE RODA;PORCA DE RODA;0;;
101;1519;04900;1519;101.04900;CATEGORIA0;;1;1;0;1;;PORCA DE RODA;PORCA DE RODA;0;;
101;1519;04901;1519;101.04901;CATEGORIA0;;1;1;0;1;;PORCA DE RODA;PORCA DE RODA;0;;
101;1519;04902;1519;101.04902;CATEGORIA0;;1;1;0;1;;MOLA DO CALÇO DE TRAVÃO;MOLA DO CALÇO DE TRAVÃO;0;;
101;1519;04903;1519;101.04903;CATEGORIA0;;1;1;0;1;;ANEL DE RETENÇÃO;ANEL DE RETENÇÃO;0;;
101;1519;04911;1519;101.04911;CATEGORIA0;;1;1;0;1;;APOIO DA BARRA TRANSVERSAL;APOIO DA BARRA TRANSVERSAL;0;;
101;1519;04912;1519;101.04912;CATEGORIA0;;1;1;0;1;;PARAFUSO DA RODA;PARAFUSO DA RODA;0;;
101;1519;04913;1519;101.04913;CATEGORIA0;;1;1;0;1;;CASQUILHO DO BRAÇO OSCILANTE;CASQUILHO DO BRAÇO OSCILANTE;0;;
101;1519;04916;1519;101.04916;CATEGORIA0;;1;1;0;1;;PLACA DE APERTO;PLACA DE APERTO;0;;
101;1519;04919;1519;101.04919;CATEGORIA0;;1;1;0;1;;CABEÇA DE DIREÇÃO EXTERIOR;CABEÇA DE DIREÇÃO EXTERIOR;0;;
101;1519;04925;1519;101.04925;CATEGORIA0;;1;1;0;1;;TENSOR;TENSOR;0;;
101;1519;04926;1519;101.04926;CATEGORIA0;;1;1;0;1;;TENSOR;TENSOR;0;;
101;1519;04927;1519;101.04927;CATEGORIA0;;1;1;0;1;;TENSOR;TENSOR;0;;
101;1519;04928;1519;101.04928;CATEGORIA0;;1;1;0;1;;JOGO PINO DO EIXO DIANTEIRO;JOGO PINO DO EIXO DIANTEIRO;0;;
101;1519;04929;1519;101.04929;CATEGORIA0;;1;1;0;1;;BALANCEIRO;BALANCEIRO;0;;
101;1519;04934;1519;101.04934;CATEGORIA0;;1;1;0;1;;ÁRVORE DE CAMES;ÁRVORE DE CAMES;0;;
101;1519;04936;1519;101.04936;CATEGORIA0;;1;1;0;1;;RÓTULA;RÓTULA;0;;
101;1519;04938;1519;101.04938;CATEGORIA0;;1;1;0;1;;PORCA DE RODA;PORCA DE RODA;0;;
101;1519;04942;1519;101.04942;CATEGORIA0;;1;1;0;1;;CABEÇA DE DIREÇÃO EXTERIOR;CABEÇA DE DIREÇÃO EXTERIOR;0;;
101;1519;04943;1519;101.04943;CATEGORIA0;;1;1;0;1;;CABEÇA DE DIREÇÃO EXTERIOR;CABEÇA DE DIREÇÃO EXTERIOR;0;;
101;1519;04944;1519;101.04944;CATEGORIA0;;1;1;0;1;;RÓTULA;RÓTULA;0;;
101;1519;04945;1519;101.04945;CATEGORIA0;;1;1;0;1;;CONJUNTO DE APOIOS DE CORPO DE EIXO;CONJUNTO DE APOIOS DE CORPO DE EIXO;0;;
101;1519;04947;1519;101.04947;CATEGORIA0;;1;1;0;1;;TAMPA PROTETORA CONTRA PÓ;TAMPA PROTETORA CONTRA PÓ;0;;
101;1519;04948;1519;101.04948;CATEGORIA0;;1;1;0;1;;O-RING;O-RING;0;;
101;1519;04949;1519;101.04949;CATEGORIA0;;1;1;0;1;;CASQUILHO DA ÁRVORE DO TRAVÃO;CASQUILHO DA ÁRVORE DO TRAVÃO;0;;
101;1519;04950;1519;101.04950;CATEGORIA0;;1;1;0;1;;O-RING;O-RING;0;;
101;1519;04951;1519;101.04951;CATEGORIA0;;1;1;0;1;;CASQUILHO DA ÁRVORE DO TRAVÃO;CASQUILHO DA ÁRVORE DO TRAVÃO;0;;
101;1519;04955;1519;101.04955;CATEGORIA0;;1;1;0;1;;O-RING;O-RING;0;;
101;1519;04959;1519;101.04959;CATEGORIA0;;1;1;0;1;;CASQUILHO DA ÁRVORE DO TRAVÃO;CASQUILHO DA ÁRVORE DO TRAVÃO;0;;
101;1519;04962;1519;101.04962;CATEGORIA0;;1;1;0;1;;PORCA SEXTAVADA;PORCA SEXTAVADA;0;;
101;1519;04964;1519;101.04964;CATEGORIA0;;1;1;0;1;;CASQUILHO DA MOLA DE SUSPENSÃO;CASQUILHO DA MOLA DE SUSPENSÃO;0;;
101;1519;04967;1519;101.04967;CATEGORIA0;;1;1;0;1;;JUNTA DE TAMPA DE VÁLVULAS;JUNTA DE TAMPA DE VÁLVULAS;0;;
101;1519;04968;1519;101.04968;CATEGORIA0;;1;1;0;1;;AMORTECEDOR DE OSCILAÇÕES;AMORTECEDOR DE OSCILAÇÕES;0;;
101;1519;04977;1519;101.04977;CATEGORIA0;;1;1;0;1;;CASQUILHO DO BRAÇO OSCILANTE;CASQUILHO DO BRAÇO OSCILANTE;0;;
101;1519;04981;1519;101.04981;CATEGORIA0;;1;1;0;1;;CASQUILHO DO BRAÇO OSCILANTE;CASQUILHO DO BRAÇO OSCILANTE;0;;
101;1519;04984;1519;101.04984;CATEGORIA0;;1;1;0;1;;APOIO DE MOTOR;APOIO DE MOTOR;0;;
101;1519;04987;1519;101.04987;CATEGORIA0;;1;1;0;1;;AMORTECEDOR DE OSCILAÇÕES;AMORTECEDOR DE OSCILAÇÕES;0;;
101;1519;04989;1519;101.04989;CATEGORIA0;;1;1;0;1;;TENSOR DE CORRENTE;TENSOR DE CORRENTE;0;;
101;1519;04990;1519;101.04990;CATEGORIA0;;1;1;0;1;;APOIO DA BARRA TRANSVERSAL;APOIO DA BARRA TRANSVERSAL;0;;
101;1519;04995;1519;101.04995;CATEGORIA0;;1;1;0;1;;CONJUNTO DE CASQUILHOS DO BRAÇO DE SUSPENSÃO;CONJUNTO DE CASQUILHOS DO BRAÇO DE SUSPENSÃO;0;;
101;1519;04996;1519;101.04996;CATEGORIA0;;1;1;0;1;;JOGO DE MONTAGEM;JOGO DE MONTAGEM;0;;
101;1519;05002;1519;101.05002;CATEGORIA0;;1;1;0;1;;CONJUNTO DE APOIOS DE CORPO DE EIXO;CONJUNTO DE APOIOS DE CORPO DE EIXO;0;;
101;1519;05003;1519;101.05003;CATEGORIA0;;1;1;0;1;;APOIO DA BARRA TRANSVERSAL;APOIO DA BARRA TRANSVERSAL;0;;
101;1519;05004;1519;101.05004;CATEGORIA0;;1;1;0;1;;RETENTOR DO VEIO;RETENTOR DO VEIO;0;;
101;1519;05006;1519;101.05006;CATEGORIA0;;1;1;0;1;;ROLAMENTO CENTRAL DE VEIO DE TRANSMISSÃO;ROLAMENTO CENTRAL DE VEIO DE TRANSMISSÃO;0;;
101;1519;05011;1519;101.05011;CATEGORIA0;;1;1;0;1;;ANTICONGELANTE G11 (CONCENTRADO) - AZUL;ANTICONGELANTE G11 (CONCENTRADO) - AZUL;0;;
101;1519;05013;1519;101.05013;CATEGORIA0;;1;1;0;1;;CASQUILHO DA BARRA ESTABILIZADORA;CASQUILHO DA BARRA ESTABILIZADORA;0;;
101;1519;05014;1519;101.05014;CATEGORIA0;;1;1;0;1;;CASQUILHO DA BARRA ESTABILIZADORA;CASQUILHO DA BARRA ESTABILIZADORA;0;;
101;1519;05016;1519;101.05016;CATEGORIA0;;1;1;0;1;;JOGO PINO DO EIXO DIANTEIRO;JOGO PINO DO EIXO DIANTEIRO;0;;
101;1519;05019;1519;101.05019;CATEGORIA0;;1;1;0;1;;O-RING;O-RING;0;;
101;1519;05020;1519;101.05020;CATEGORIA0;;1;1;0;1;;VÁLVULA DE PRESSÃO;VÁLVULA DE PRESSÃO;0;;
101;1519;05021;1519;101.05021;CATEGORIA0;;1;1;0;1;;BRAÇO DE SUSPENSÃO;BRAÇO DE SUSPENSÃO;0;;
101;1519;05022;1519;101.05022;CATEGORIA0;;1;1;0;1;;BRAÇO DE SUSPENSÃO;BRAÇO DE SUSPENSÃO;0;;
101;1519;05023;1519;101.05023;CATEGORIA0;;1;1;0;1;;BRAÇO DE SUSPENSÃO;BRAÇO DE SUSPENSÃO;0;;
101;1519;05024;1519;101.05024;CATEGORIA0;;1;1;0;1;;APOIO DE MOTOR;APOIO DE MOTOR;0;;
101;1519;05027;1519;101.05027;CATEGORIA0;;1;1;0;1;;CASQUILHO DO BRAÇO OSCILANTE;CASQUILHO DO BRAÇO OSCILANTE;0;;
101;1519;05028;1519;101.05028;CATEGORIA0;;1;1;0;1;;O-RING;O-RING;0;;
101;1519;05029;1519;101.05029;CATEGORIA0;;1;1;0;1;;ÁRVORE DE CAMES;ÁRVORE DE CAMES;0;;
101;1519;05032;1519;101.05032;CATEGORIA0;;1;1;0;1;;CASQUILHO DA BARRA ESTABILIZADORA;CASQUILHO DA BARRA ESTABILIZADORA;0;;
101;1519;05033;1519;101.05033;CATEGORIA0;;1;1;0;1;;CASQUILHO DA BARRA ESTABILIZADORA;CASQUILHO DA BARRA ESTABILIZADORA;0;;
101;1519;05034;1519;101.05034;CATEGORIA0;;1;1;0;1;;CASQUILHO DA BARRA ESTABILIZADORA;CASQUILHO DA BARRA ESTABILIZADORA;0;;
101;1519;05039;1519;101.05039;CATEGORIA0;;1;1;0;1;;PARAFUSO DA RODA;PARAFUSO DA RODA;0;;
101;1519;05040;1519;101.05040;CATEGORIA0;;1;1;0;1;;BRAÇO DE SUSPENSÃO;BRAÇO DE SUSPENSÃO;0;;
101;1519;05041;1519;101.05041;CATEGORIA0;;1;1;0;1;;JOGO SUPORTE DE ESTABILIZADOR;JOGO SUPORTE DE ESTABILIZADOR;0;;
101;1519;05046;1519;101.05046;CATEGORIA0;;1;1;0;1;;FOLE DE PASSAGEM;FOLE DE PASSAGEM;0;;
101;1519;05048;1519;101.05048;CATEGORIA0;;1;1;0;1;;MOLA DO CALÇO DE TRAVÃO;MOLA DO CALÇO DE TRAVÃO;0;;
101;1519;05049;1519;101.05049;CATEGORIA0;;1;1;0;1;;MOLA DO CALÇO DE TRAVÃO;MOLA DO CALÇO DE TRAVÃO;0;;
101;1519;05052;1519;101.05052;CATEGORIA0;;1;1;0;1;;APOIO DO DIFERENCIAL;APOIO DO DIFERENCIAL;0;;
101;1519;05053;1519;101.05053;CATEGORIA0;;1;1;0;1;;CASQUILHO DO BRAÇO OSCILANTE;CASQUILHO DO BRAÇO OSCILANTE;0;;
101;1519;05053+;1519;05053;CATEGORIA0;;1;1;0;1;;CASQUILHO;CASQUILHO;0;;
101;1519;05054;1519;101.05054;CATEGORIA0;;1;1;0;1;;CONTRAPORCA;CONTRAPORCA;0;;
101;1519;05059;1519;101.05059;CATEGORIA0;;1;1;0;1;;CASQUILHO DO BRAÇO OSCILANTE;CASQUILHO DO BRAÇO OSCILANTE;0;;
101;1519;05060;1519;101.05060;CATEGORIA0;;1;1;0;1;;FICHA;FICHA;0;;
101;1519;05061;1519;101.05061;CATEGORIA0;;1;1;0;1;;TOMADA DE CORRENTE;TOMADA DE CORRENTE;0;;
101;1519;05062;1519;101.05062;CATEGORIA0;;1;1;0;1;;FICHA;FICHA;0;;
101;1519;05063;1519;101.05063;CATEGORIA0;;1;1;0;1;;TOMADA DE CORRENTE;TOMADA DE CORRENTE;0;;
101;1519;05067;1519;101.05067;CATEGORIA0;;1;1;0;1;;FOLE DE DIREÇÃO;FOLE DE DIREÇÃO;0;;
101;1519;05069;1519;101.05069;CATEGORIA0;;1;1;0;1;;TENSOR DE CORREIA;TENSOR DE CORREIA;0;;
101;1519;05070;1519;101.05070;CATEGORIA0;;1;1;0;1;;CASQUILHO DA ÁRVORE DO TRAVÃO;CASQUILHO DA ÁRVORE DO TRAVÃO;0;;
101;1519;05072;1519;101.05072;CATEGORIA0;;1;1;0;1;;BRAÇO TENSOR;BRAÇO TENSOR;0;;
101;1519;05074;1519;101.05074;CATEGORIA0;;1;1;0;1;;ROLAMENTO;ROLAMENTO;0;;
101;1519;05075;1519;101.05075;CATEGORIA0;;1;1;0;1;;SUPORTE DE BORRACHA PARA ESCAPE;SUPORTE DE BORRACHA PARA ESCAPE;0;;
101;1519;05077;1519;101.05077;CATEGORIA0;;1;1;0;1;;TENSOR DE CORREIA;TENSOR DE CORREIA;0;;
101;1519;05080;1519;101.05080;CATEGORIA0;;1;1;0;1;;CASQUILHO DA BARRA ESTABILIZADORA;CASQUILHO DA BARRA ESTABILIZADORA;0;;
101;1519;05082;1519;101.05082;CATEGORIA0;;1;1;0;1;;POLIE DE DESVIO;POLIE DE DESVIO;0;;
101;1519;05084;1519;101.05084;CATEGORIA0;;1;1;0;1;;JUNTA FLEXÍVEL;JUNTA FLEXÍVEL;0;;
101;1519;05085;1519;101.05085;CATEGORIA0;;1;1;0;1;;PORCA SEXTAVADA;PORCA SEXTAVADA;0;;
101;1519;05086;1519;101.05086;CATEGORIA0;;1;1;0;1;;AMORTECEDOR DE FECHO;AMORTECEDOR DE FECHO;0;;
101;1519;05090;1519;101.05090;CATEGORIA0;;1;1;0;1;;CASQUILHO PARA CALÇOS DE TRAVÃO;CASQUILHO PARA CALÇOS DE TRAVÃO;0;;
101;1519;05091;1519;101.05091;CATEGORIA0;;1;1;0;1;;MOLA DO CALÇO DE TRAVÃO;MOLA DO CALÇO DE TRAVÃO;0;;
101;1519;05092;1519;101.05092;CATEGORIA0;;1;1;0;1;;JOGO DE REP. CAVILHA DE MOLA;JOGO DE REP. CAVILHA DE MOLA;0;;
101;1519;05094;1519;101.05094;CATEGORIA0;;1;1;0;1;;ARTICULAÇÃO ESFÉRICA;ARTICULAÇÃO ESFÉRICA;0;;
101;1519;05099;1519;101.05099;CATEGORIA0;;1;1;0;1;;RETENTOR DA CAMBOTA;RETENTOR DA CAMBOTA;0;;
101;1519;05100;1519;101.05100;CATEGORIA0;;1;1;0;1;;TENSOR;TENSOR;0;;
101;1519;05101;1519;101.05101;CATEGORIA0;;1;1;0;1;;RETENTOR DA CAMBOTA;RETENTOR DA CAMBOTA;0;;
101;1519;05102;1519;101.05102;CATEGORIA0;;1;1;0;1;;RETENTOR PARA ÁRVORE DE CAMES;RETENTOR PARA ÁRVORE DE CAMES;0;;
101;1519;05106;1519;101.05106;CATEGORIA0;;1;1;0;1;;METADE DO CONE DE VÁLVULA;METADE DO CONE DE VÁLVULA;0;;
101;1519;05107;1519;101.05107;CATEGORIA0;;1;1;0;1;;MOLA DE REPOSIÇÃO;MOLA DE REPOSIÇÃO;0;;
101;1519;05108;1519;101.05108;CATEGORIA0;;1;1;0;1;;CALÇO DE TRAVÃO;CALÇO DE TRAVÃO;0;;
101;1519;05109;1519;101.05109;CATEGORIA0;;1;1;0;1;;SENSOR DE DESGASTE;SENSOR DE DESGASTE;0;;
101;1519;05109+;1519;05109;CATEGORIA0;;1;1;0;1;;AVISADOR TRAVÃO;AVISADOR TRAVÃO;0;;
101;1519;05110;1519;101.05110;CATEGORIA0;;1;1;0;1;;SENSOR DE DESGASTE;SENSOR DE DESGASTE;0;;
101;1519;05113;1519;101.05113;CATEGORIA0;;1;1;0;1;;SENSOR DE DESGASTE;SENSOR DE DESGASTE;0;;
101;1519;05114;1519;101.05114;CATEGORIA0;;1;1;0;1;;JOGO DE REP. ALAVANCA DA DIREÇÃO;JOGO DE REP. ALAVANCA DA DIREÇÃO;0;;
101;1519;05117;1519;101.05117;CATEGORIA0;;1;1;0;1;;JOGO DE ROLAMENTO DE RODA;JOGO DE ROLAMENTO DE RODA;0;;
101;1519;05118;1519;101.05118;CATEGORIA0;;1;1;0;1;;ÁRVORE DE CAMES;ÁRVORE DE CAMES;0;;
101;1519;05119;1519;101.05119;CATEGORIA0;;1;1;0;1;;PARAFUSO COM COLAR;PARAFUSO COM COLAR;0;;
101;1519;05122;1519;101.05122;CATEGORIA0;;1;1;0;1;;FOLE;FOLE;0;;
101;1519;05123;1519;101.05123;CATEGORIA0;;1;1;0;1;;PARAFUSO DA RODA;PARAFUSO DA RODA;0;;
101;1519;05126;1519;101.05126;CATEGORIA0;;1;1;0;1;;APOIO DE MOTOR;APOIO DE MOTOR;0;;
101;1519;05127;1519;101.05127;CATEGORIA0;;1;1;0;1;;APOIO DE MOTOR;APOIO DE MOTOR;0;;
101;1519;05128;1519;101.05128;CATEGORIA0;;1;1;0;1;;APOIO DE MOTOR;APOIO DE MOTOR;0;;
101;1519;05129;1519;101.05129;CATEGORIA0;;1;1;0;1;;CASQUILHO;CASQUILHO;0;;
101;1519;05130;1519;101.05130;CATEGORIA0;;1;1;0;1;;CASQUILHO;CASQUILHO;0;;
101;1519;05131;1519;101.05131;CATEGORIA0;;1;1;0;1;;APOIO DE MOTOR;APOIO DE MOTOR;0;;
101;1519;05133;1519;101.05133;CATEGORIA0;;1;1;0;1;;APOIO DE MOTOR;APOIO DE MOTOR;0;;
101;1519;05135;1519;101.05135;CATEGORIA0;;1;1;0;1;;VÁLVULA DO COMUTADOR CILÍNDRICO;VÁLVULA DO COMUTADOR CILÍNDRICO;0;;
101;1519;05136;1519;101.05136;CATEGORIA0;;1;1;0;1;;O-RING;O-RING;0;;
101;1519;05137;1519;101.05137;CATEGORIA0;;1;1;0;1;;CALÇO DE TRAVÃO;CALÇO DE TRAVÃO;0;;
101;1519;05138;1519;101.05138;CATEGORIA0;;1;1;0;1;;CALÇO DE TRAVÃO;CALÇO DE TRAVÃO;0;;
101;1519;05139;1519;101.05139;CATEGORIA0;;1;1;0;1;;PORCA;PORCA;0;;
101;1519;05140;1519;101.05140;CATEGORIA0;;1;1;0;1;;PARAFUSO COM COLAR;PARAFUSO COM COLAR;0;;
101;1519;05141;1519;101.05141;CATEGORIA0;;1;1;0;1;;JOGO DE ROLAMENTO DE RODA;JOGO DE ROLAMENTO DE RODA;0;;
101;1519;05142;1519;101.05142;CATEGORIA0;;1;1;0;1;;JUNTA DE TAMPA DE VÁLVULAS;JUNTA DE TAMPA DE VÁLVULAS;0;;
101;1519;05149;1519;101.05149;CATEGORIA0;;1;1;0;1;;TIRANTE DO EIXO;TIRANTE DO EIXO;0;;
101;1519;05150;1519;101.05150;CATEGORIA0;;1;1;0;1;;TIRANTE DO EIXO;TIRANTE DO EIXO;0;;
101;1519;05152;1519;101.05152;CATEGORIA0;;1;1;0;1;;VÁLVULA DE REGULAÇÃO;VÁLVULA DE REGULAÇÃO;0;;
101;1519;05153;1519;101.05153;CATEGORIA0;;1;1;0;1;;PARAFUSO;PARAFUSO;0;;
101;1519;05155;1519;101.05155;CATEGORIA0;;1;1;0;1;;SUPORTE DO DISPOSITIVO AMORTECEDOR;SUPORTE DO DISPOSITIVO AMORTECEDOR;0;;
101;1519;05156;1519;101.05156;CATEGORIA0;;1;1;0;1;;RETENTOR;RETENTOR;0;;
101;1519;05157;1519;101.05157;CATEGORIA0;;1;1;0;1;;APOIO DE TRANSMISSÃO;APOIO DE TRANSMISSÃO;0;;
101;1519;05160;1519;101.05160;CATEGORIA0;;1;1;0;1;;PORCA DE RODA;PORCA DE RODA;0;;
101;1519;05163;1519;101.05163;CATEGORIA0;;1;1;0;1;;JUNTA FLEXÍVEL;JUNTA FLEXÍVEL;0;;
101;1519;05164;1519;101.05164;CATEGORIA0;;1;1;0;1;;JUNTA FLEXÍVEL;JUNTA FLEXÍVEL;0;;
101;1519;05165;1519;101.05165;CATEGORIA0;;1;1;0;1;;SUPORTE BARRA ESTABILIZADORA;SUPORTE BARRA ESTABILIZADORA;0;;
101;1519;05166;1519;101.05166;CATEGORIA0;;1;1;0;1;;APOIO DE MOTOR;APOIO DE MOTOR;0;;
101;1519;05168;1519;101.05168;CATEGORIA0;;1;1;0;1;;JUNTA DE TAMPA DE VÁLVULAS;JUNTA DE TAMPA DE VÁLVULAS;0;;
101;1519;05170;1519;101.05170;CATEGORIA0;;1;1;0;1;;RÓTULA;RÓTULA;0;;
101;1519;05173;1519;101.05173;CATEGORIA0;;1;1;0;1;;PARAFUSO DE AJUSTE;PARAFUSO DE AJUSTE;0;;
101;1519;05174;1519;101.05174;CATEGORIA0;;1;1;0;1;;DISCO EXCÊNTRICO;DISCO EXCÊNTRICO;0;;
101;1519;05175;1519;101.05175;CATEGORIA0;;1;1;0;1;;CILINDRO DO TRAVÃO DE RODA;CILINDRO DO TRAVÃO DE RODA;0;;
101;1519;05176;1519;101.05176;CATEGORIA0;;1;1;0;1;;PORCA;PORCA;0;;
101;1519;05179;1519;101.05179;CATEGORIA0;;1;1;0;1;;DISCO DE TRAVÃO;DISCO DE TRAVÃO;0;;
101;1519;05182;1519;101.05182;CATEGORIA0;;1;1;0;1;;CALÇO DE TRAVÃO;CALÇO DE TRAVÃO;0;;
101;1519;05183;1519;101.05183;CATEGORIA0;;1;1;0;1;;CUBO DA RODA;CUBO DA RODA;0;;
101;1519;05185;1519;101.05185;CATEGORIA0;;1;1;0;1;;DISCO DE TRAVÃO;DISCO DE TRAVÃO;0;;
101;1519;05191;1519;101.05191;CATEGORIA0;;1;1;0;1;;BARRA DE ACOPLAMENTO;BARRA DE ACOPLAMENTO;0;;
101;1519;05193;1519;101.05193;CATEGORIA0;;1;1;0;1;;BARRA DE ACOPLAMENTO;BARRA DE ACOPLAMENTO;0;;
101;1519;05194;1519;101.05194;CATEGORIA0;;1;1;0;1;;RÓTULA;RÓTULA;0;;
101;1519;05195;1519;101.05195;CATEGORIA0;;1;1;0;1;;RÓTULA;RÓTULA;0;;
101;1519;05196;1519;101.05196;CATEGORIA0;;1;1;0;1;;ROLAMENTO CENTRAL DE VEIO DE TRANSMISSÃO;ROLAMENTO CENTRAL DE VEIO DE TRANSMISSÃO;0;;
101;1519;05198;1519;101.05198;CATEGORIA0;;1;1;0;1;;CABEÇA DE DIREÇÃO INTERIOR;CABEÇA DE DIREÇÃO INTERIOR;0;;
101;1519;05199;1519;101.05199;CATEGORIA0;;1;1;0;1;;CABEÇA DE DIREÇÃO INTERIOR;CABEÇA DE DIREÇÃO INTERIOR;0;;
101;1519;05200;1519;101.05200;CATEGORIA0;;1;1;0;1;;CABEÇA DE DIREÇÃO EXTERIOR;CABEÇA DE DIREÇÃO EXTERIOR;0;;
101;1519;05201;1519;101.05201;CATEGORIA0;;1;1;0;1;;CABEÇA DE DIREÇÃO EXTERIOR;CABEÇA DE DIREÇÃO EXTERIOR;0;;
101;1519;05202;1519;101.05202;CATEGORIA0;;1;1;0;1;;PINO DE AJUSTE;PINO DE AJUSTE;0;;
101;1519;05204;1519;101.05204;CATEGORIA0;;1;1;0;1;;APOIO DO AMORTECEDOR;APOIO DO AMORTECEDOR;0;;
101;1519;05205;1519;101.05205;CATEGORIA0;;1;1;0;1;;JOGO SUPORTE DE ESTABILIZADOR;JOGO SUPORTE DE ESTABILIZADOR;0;;
101;1519;05207;1519;101.05207;CATEGORIA0;;1;1;0;1;;PINO DA RODA;PINO DA RODA;0;;
101;1519;05208;1519;101.05208;CATEGORIA0;;1;1;0;1;;PINO DA RODA;PINO DA RODA;0;;
101;1519;05209;1519;101.05209;CATEGORIA0;;1;1;0;1;;PINO DA RODA;PINO DA RODA;0;;
101;1519;05210;1519;101.05210;CATEGORIA0;;1;1;0;1;;PINO DA RODA;PINO DA RODA;0;;
101;1519;05211;1519;101.05211;CATEGORIA0;;1;1;0;1;;PORCA DE RODA;PORCA DE RODA;0;;
101;1519;05214;1519;101.05214;CATEGORIA0;;1;1;0;1;;SUPORTE DE BARRA PANHARD;SUPORTE DE BARRA PANHARD;0;;
101;1519;05215;1519;101.05215;CATEGORIA0;;1;1;0;1;;SUPORTE DE BARRA PANHARD;SUPORTE DE BARRA PANHARD;0;;
101;1519;05216;1519;101.05216;CATEGORIA0;;1;1;0;1;;CASQUILHO DO BRAÇO OSCILANTE;CASQUILHO DO BRAÇO OSCILANTE;0;;
101;1519;05217;1519;101.05217;CATEGORIA0;;1;1;0;1;;CASQUILHO DO BRAÇO OSCILANTE;CASQUILHO DO BRAÇO OSCILANTE;0;;
101;1519;05218;1519;101.05218;CATEGORIA0;;1;1;0;1;;BRAÇO DE SUSPENSÃO;BRAÇO DE SUSPENSÃO;0;;
101;1519;05219;1519;101.05219;CATEGORIA0;;1;1;0;1;;REVESTIMENTO DE PEDAL;REVESTIMENTO DE PEDAL;0;;
101;1519;05220;1519;101.05220;CATEGORIA0;;1;1;0;1;;POLIE DE DESVIO;POLIE DE DESVIO;0;;
101;1519;05221;1519;101.05221;CATEGORIA0;;1;1;0;1;;APOIO DE MOTOR;APOIO DE MOTOR;0;;
101;1519;05222;1519;101.05222;CATEGORIA0;;1;1;0;1;;ROLAMENTO DE RODA;ROLAMENTO DE RODA;0;;
101;1519;05226;1519;101.05226;CATEGORIA0;;1;1;0;1;;POLIE DE DESVIO;POLIE DE DESVIO;0;;
101;1519;05228;1519;101.05228;CATEGORIA0;;1;1;0;1;;BORRACHA DE ENCOSTO;BORRACHA DE ENCOSTO;0;;
101;1519;05229;1519;101.05229;CATEGORIA0;;1;1;0;1;;PARAFUSO DA CABEÇA DO MOTOR;PARAFUSO DA CABEÇA DO MOTOR;0;;
101;1519;05230;1519;101.05230;CATEGORIA0;;1;1;0;1;;DISCO DE TRAVÃO;DISCO DE TRAVÃO;0;;
101;1519;05232;1519;101.05232;CATEGORIA0;;1;1;0;1;;APOIO DE MOTOR;APOIO DE MOTOR;0;;
101;1519;05234;1519;101.05234;CATEGORIA0;;1;1;0;1;;CHAPA ANTI-SALPICOS DE ÓLEO;CHAPA ANTI-SALPICOS DE ÓLEO;0;;
101;1519;05241;1519;101.05241;CATEGORIA0;;1;1;0;1;;BORRACHA DE ENCOSTO;BORRACHA DE ENCOSTO;0;;
101;1519;05243;1519;101.05243;CATEGORIA0;;1;1;0;1;;REVESTIMENTO DE PEDAL;REVESTIMENTO DE PEDAL;0;;
101;1519;05244;1519;101.05244;CATEGORIA0;;1;1;0;1;;MOTOR DE ESGUICHO;MOTOR DE ESGUICHO;0;;
101;1519;05246;1519;101.05246;CATEGORIA0;;1;1;0;1;;PORCA ESFÉRICA COM COLAR;PORCA ESFÉRICA COM COLAR;0;;
101;1519;05247;1519;101.05247;CATEGORIA0;;1;1;0;1;;PORCA ESFÉRICA COM COLAR;PORCA ESFÉRICA COM COLAR;0;;
101;1519;05250;1519;101.05250;CATEGORIA0;;1;1;0;1;;COXIM DE MOLA;COXIM DE MOLA;0;;
101;1519;05251;1519;101.05251;CATEGORIA0;;1;1;0;1;;TUBO DO RADIADOR;TUBO DO RADIADOR;0;;
101;1519;05254;1519;101.05254;CATEGORIA0;;1;1;0;1;;TUBO DO RADIADOR;TUBO DO RADIADOR;0;;
101;1519;05256;1519;101.05256;CATEGORIA0;;1;1;0;1;;TUBO DO RADIADOR;TUBO DO RADIADOR;0;;
101;1519;05257;1519;101.05257;CATEGORIA0;;1;1;0;1;;TUBO DO RADIADOR;TUBO DO RADIADOR;0;;
101;1519;05261;1519;101.05261;CATEGORIA0;;1;1;0;1;;APOIO CENTRAL DO VEIO DE TRANSMISSÃO;APOIO CENTRAL DO VEIO DE TRANSMISSÃO;0;;
101;1519;05262;1519;101.05262;CATEGORIA0;;1;1;0;1;;APOIO CENTRAL DO VEIO DE TRANSMISSÃO;APOIO CENTRAL DO VEIO DE TRANSMISSÃO;0;;
101;1519;05263;1519;101.05263;CATEGORIA0;;1;1;0;1;;APOIO CENTRAL DO VEIO DE TRANSMISSÃO;APOIO CENTRAL DO VEIO DE TRANSMISSÃO;0;;
101;1519;05264;1519;101.05264;CATEGORIA0;;1;1;0;1;;CALÇO DE TRAVÃO;CALÇO DE TRAVÃO;0;;
101;1519;05269;1519;101.05269;CATEGORIA0;;1;1;0;1;;BRAÇO DE SUSPENSÃO;BRAÇO DE SUSPENSÃO;0;;
101;1519;05271;1519;101.05271;CATEGORIA0;;1;1;0;1;;BRAÇO DE SUSPENSÃO;BRAÇO DE SUSPENSÃO;0;;
101;1519;05277;1519;101.05277;CATEGORIA0;;1;1;0;1;;CABO;CABO;0;;
101;1519;05280;1519;101.05280;CATEGORIA0;;1;1;0;1;;BUJÃO ROSCADO;BUJÃO ROSCADO;0;;
101;1519;05282;1519;101.05282;CATEGORIA0;;1;1;0;1;;INTERRUPTOR DE TEMPERATURA;INTERRUPTOR DE TEMPERATURA;0;;
101;1519;05283;1519;101.05283;CATEGORIA0;;1;1;0;1;;INTERRUPTOR DE TEMPERATURA;INTERRUPTOR DE TEMPERATURA;0;;
101;1519;05284;1519;101.05284;CATEGORIA0;;1;1;0;1;;REVESTIMENTO DE PEDAL;REVESTIMENTO DE PEDAL;0;;
101;1519;05285;1519;101.05285;CATEGORIA0;;1;1;0;1;;RETENTOR DO VEIO;RETENTOR DO VEIO;0;;
101;1519;05286;1519;101.05286;CATEGORIA0;;1;1;0;1;;TAMPA PROTETORA CONTRA PÓ;TAMPA PROTETORA CONTRA PÓ;0;;
101;1519;05290;1519;101.05290;CATEGORIA0;;1;1;0;1;;CASQUILHO DO BRAÇO OSCILANTE;CASQUILHO DO BRAÇO OSCILANTE;0;;
101;1519;05297;1519;101.05297;CATEGORIA0;;1;1;0;1;;JOGO DE REP. TIRANTE DO EIXO;JOGO DE REP. TIRANTE DO EIXO;0;;
101;1519;05298;1519;101.05298;CATEGORIA0;;1;1;0;1;;BOMBA DO ÓLEO;BOMBA DO ÓLEO;0;;
101;1519;05300;1519;101.05300;CATEGORIA0;;1;1;0;1;;APOIO DE MOTOR;APOIO DE MOTOR;0;;
101;1519;05301;1519;101.05301;CATEGORIA0;;1;1;0;1;;APOIO DE MOTOR;APOIO DE MOTOR;0;;
101;1519;05304;1519;101.05304;CATEGORIA0;;1;1;0;1;;MOLA DO CALÇO DE TRAVÃO;MOLA DO CALÇO DE TRAVÃO;0;;
101;1519;05307;1519;101.05307;CATEGORIA0;;1;1;0;1;;MOLA DO CALÇO DE TRAVÃO;MOLA DO CALÇO DE TRAVÃO;0;;
101;1519;05309;1519;101.05309;CATEGORIA0;;1;1;0;1;;CONJUNTO DE APOIOS DE VEIO DE RESSALTO DE TRAVAGEM;CONJUNTO DE APOIOS DE VEIO DE RESSALTO DE TRAVAGEM;0;;
101;1519;05310;1519;101.05310;CATEGORIA0;;1;1;0;1;;MOLA DO CALÇO DE TRAVÃO;MOLA DO CALÇO DE TRAVÃO;0;;
101;1519;05317;1519;101.05317;CATEGORIA0;;1;1;0;1;;PINO DA RODA;PINO DA RODA;0;;
101;1519;05318;1519;101.05318;CATEGORIA0;;1;1;0;1;;MOLA DO CALÇO DE TRAVÃO;MOLA DO CALÇO DE TRAVÃO;0;;
101;1519;05321;1519;101.05321;CATEGORIA0;;1;1;0;1;;PARAFUSO;PARAFUSO;0;;
101;1519;05322;1519;101.05322;CATEGORIA0;;1;1;0;1;;PARAFUSO;PARAFUSO;0;;
101;1519;05323;1519;101.05323;CATEGORIA0;;1;1;0;1;;PARAFUSO;PARAFUSO;0;;
101;1519;05329;1519;101.05329;CATEGORIA0;;1;1;0;1;;CONJUNTO DE APOIOS DE VEIO DE RESSALTO DE TRAVAGEM;CONJUNTO DE APOIOS DE VEIO DE RESSALTO DE TRAVAGEM;0;;
101;1519;05334;1519;101.05334;CATEGORIA0;;1;1;0;1;;O-RING;O-RING;0;;
101;1519;05336;1519;101.05336;CATEGORIA0;;1;1;0;1;;ANEL DE RETENÇÃO;ANEL DE RETENÇÃO;0;;
101;1519;05338;1519;101.05338;CATEGORIA0;;1;1;0;1;;TENSOR;TENSOR;0;;
101;1519;05341;1519;101.05341;CATEGORIA0;;1;1;0;1;;TENSOR;TENSOR;0;;
101;1519;05342;1519;101.05342;CATEGORIA0;;1;1;0;1;;CASQUILHO PARA CALÇOS DE TRAVÃO;CASQUILHO PARA CALÇOS DE TRAVÃO;0;;
101;1519;05348;1519;101.05348;CATEGORIA0;;1;1;0;1;;CASQUILHO;CASQUILHO;0;;
101;1519;05351;1519;101.05351;CATEGORIA0;;1;1;0;1;;ROLAMENTO;ROLAMENTO;0;;
101;1519;05352;1519;101.05352;CATEGORIA0;;1;1;0;1;;RETENTOR DO VEIO;RETENTOR DO VEIO;0;;
101;1519;05354;1519;101.05354;CATEGORIA0;;1;1;0;1;;RETENTOR DO VEIO;RETENTOR DO VEIO;0;;
101;1519;05357;1519;101.05357;CATEGORIA0;;1;1;0;1;;BOMBA DE ÁGUA;BOMBA DE ÁGUA;0;;
101;1519;05358;1519;101.05358;CATEGORIA0;;1;1;0;1;;JUNTA DO COLETOR DE ESCAPE;JUNTA DO COLETOR DE ESCAPE;0;;
101;1519;05362;1519;101.05362;CATEGORIA0;;1;1;0;1;;ROLAMENTO DE ESFERAS;ROLAMENTO DE ESFERAS;0;;
101;1519;05364;1519;101.05364;CATEGORIA0;;1;1;0;1;;ANILHA;ANILHA;0;;
101;1519;05368;1519;101.05368;CATEGORIA0;;1;1;0;1;;ANEL DE RETENÇÃO;ANEL DE RETENÇÃO;0;;
101;1519;05370;1519;101.05370;CATEGORIA0;;1;1;0;1;;ANEL DE RETENÇÃO;ANEL DE RETENÇÃO;0;;
101;1519;05376;1519;101.05376;CATEGORIA0;;1;1;0;1;;BOMBA DE ÁGUA;BOMBA DE ÁGUA;0;;
101;1519;05377;1519;101.05377;CATEGORIA0;;1;1;0;1;;BOMBA DE ÁGUA;BOMBA DE ÁGUA;0;;
101;1519;05379;1519;101.05379;CATEGORIA0;;1;1;0;1;;JOGO DE ROLAMENTO DE RODA;JOGO DE ROLAMENTO DE RODA;0;;
101;1519;05380;1519;101.05380;CATEGORIA0;;1;1;0;1;;JOGO DE ROLAMENTO DE RODA;JOGO DE ROLAMENTO DE RODA;0;;
101;1519;05382;1519;101.05382;CATEGORIA0;;1;1;0;1;;VÁLVULA DE PRESSÃO;VÁLVULA DE PRESSÃO;0;;
101;1519;05386;1519;101.05386;CATEGORIA0;;1;1;0;1;;JOGO DE ROLAMENTO DE RODA;JOGO DE ROLAMENTO DE RODA;0;;
101;1519;05387;1519;101.05387;CATEGORIA0;;1;1;0;1;;BOMBA DO ÓLEO;BOMBA DO ÓLEO;0;;
101;1519;05388;1519;101.05388;CATEGORIA0;;1;1;0;1;;CONJUNTO DE CASQUILHOS DO BRAÇO DE SUSPENSÃO;CONJUNTO DE CASQUILHOS DO BRAÇO DE SUSPENSÃO;0;;
101;1519;05391;1519;101.05391;CATEGORIA0;;1;1;0;1;;PORCA SEXTAVADA;PORCA SEXTAVADA;0;;
101;1519;05393;1519;101.05393;CATEGORIA0;;1;1;0;1;;JOGO DE ROLAMENTO DE RODA;JOGO DE ROLAMENTO DE RODA;0;;
101;1519;05394;1519;101.05394;CATEGORIA0;;1;1;0;1;;JOGO DE ROLAMENTO DE RODA;JOGO DE ROLAMENTO DE RODA;0;;
101;1519;05397;1519;101.05397;CATEGORIA0;;1;1;0;1;;JOGO DE ROLAMENTO DE RODA;JOGO DE ROLAMENTO DE RODA;0;;
101;1519;05398;1519;101.05398;CATEGORIA0;;1;1;0;1;;JOGO DE ROLAMENTO DE RODA;JOGO DE ROLAMENTO DE RODA;0;;
101;1519;05400;1519;101.05400;CATEGORIA0;;1;1;0;1;;JOGO DE ROLAMENTO DE RODA;JOGO DE ROLAMENTO DE RODA;0;;
101;1519;05401;1519;101.05401;CATEGORIA0;;1;1;0;1;;JOGO DE ROLAMENTO DE RODA;JOGO DE ROLAMENTO DE RODA;0;;
101;1519;05408;1519;101.05408;CATEGORIA0;;1;1;0;1;;JOGO DE ROLAMENTO DE RODA;JOGO DE ROLAMENTO DE RODA;0;;
101;1519;05409;1519;101.05409;CATEGORIA0;;1;1;0;1;;JOGO DE ROLAMENTO DE RODA;JOGO DE ROLAMENTO DE RODA;0;;
101;1519;05410;1519;101.05410;CATEGORIA0;;1;1;0;1;;BUJÃO ROSCADO;BUJÃO ROSCADO;0;;
101;1519;05411;1519;101.05411;CATEGORIA0;;1;1;0;1;;JOGO DE ROLAMENTO DE RODA;JOGO DE ROLAMENTO DE RODA;0;;
101;1519;05412;1519;101.05412;CATEGORIA0;;1;1;0;1;;JOGO DE ROLAMENTO DE RODA;JOGO DE ROLAMENTO DE RODA;0;;
101;1519;05413;1519;101.05413;CATEGORIA0;;1;1;0;1;;JOGO DE ROLAMENTO DE RODA;JOGO DE ROLAMENTO DE RODA;0;;
101;1519;05415;1519;101.05415;CATEGORIA0;;1;1;0;1;;JOGO DE ROLAMENTO DE RODA;JOGO DE ROLAMENTO DE RODA;0;;
101;1519;05416;1519;101.05416;CATEGORIA0;;1;1;0;1;;JOGO DE ROLAMENTO DE RODA;JOGO DE ROLAMENTO DE RODA;0;;
101;1519;05420;1519;101.05420;CATEGORIA0;;1;1;0;1;;TAMPA DE FECHO;TAMPA DE FECHO;0;;
101;1519;05421;1519;101.05421;CATEGORIA0;;1;1;0;1;;JOGO DE ROLAMENTO DE RODA;JOGO DE ROLAMENTO DE RODA;0;;
101;1519;05422;1519;101.05422;CATEGORIA0;;1;1;0;1;;JOGO DE ROLAMENTO DE RODA;JOGO DE ROLAMENTO DE RODA;0;;
101;1519;05423;1519;101.05423;CATEGORIA0;;1;1;0;1;;JOGO DE ROLAMENTO DE RODA;JOGO DE ROLAMENTO DE RODA;0;;
101;1519;05424;1519;101.05424;CATEGORIA0;;1;1;0;1;;JOGO DE ROLAMENTO DE RODA;JOGO DE ROLAMENTO DE RODA;0;;
101;1519;05425;1519;101.05425;CATEGORIA0;;1;1;0;1;;SUPORTE;SUPORTE;0;;
101;1519;05427;1519;101.05427;CATEGORIA0;;1;1;0;1;;JOGO JUNTAS PARA HASTE DE VÁLVULA;JOGO JUNTAS PARA HASTE DE VÁLVULA;0;;
101;1519;05428;1519;101.05428;CATEGORIA0;;1;1;0;1;;CASQUILHO DA BARRA ESTABILIZADORA;CASQUILHO DA BARRA ESTABILIZADORA;0;;
101;1519;05429;1519;101.05429;CATEGORIA0;;1;1;0;1;;CASQUILHO DA BARRA ESTABILIZADORA;CASQUILHO DA BARRA ESTABILIZADORA;0;;
101;1519;05430;1519;101.05430;CATEGORIA0;;1;1;0;1;;JUNTA DE TAMPA DE VÁLVULAS;JUNTA DE TAMPA DE VÁLVULAS;0;;
101;1519;05431;1519;101.05431;CATEGORIA0;;1;1;0;1;;JUNTA DE TAMPA DE VÁLVULAS;JUNTA DE TAMPA DE VÁLVULAS;0;;
101;1519;05434;1519;101.05434;CATEGORIA0;;1;1;0;1;;CASQUILHO ESPAÇADOR;CASQUILHO ESPAÇADOR;0;;
101;1519;05437;1519;101.05437;CATEGORIA0;;1;1;0;1;;CABEÇOTE DE FIXAÇÃO;CABEÇOTE DE FIXAÇÃO;0;;
101;1519;05438;1519;101.05438;CATEGORIA0;;1;1;0;1;;CABEÇOTE DE FIXAÇÃO;CABEÇOTE DE FIXAÇÃO;0;;
101;1519;05442;1519;101.05442;CATEGORIA0;;1;1;0;1;;ÁRVORE DE CAMES;ÁRVORE DE CAMES;0;;
101;1519;05443;1519;101.05443;CATEGORIA0;;1;1;0;1;;ÁRVORE DE CAMES;ÁRVORE DE CAMES;0;;
101;1519;05444;1519;101.05444;CATEGORIA0;;1;1;0;1;;JOGO DE ÁRVORE DE CAMES;JOGO DE ÁRVORE DE CAMES;0;;
101;1519;05446;1519;101.05446;CATEGORIA0;;1;1;0;1;;CONJUNTO DE APOIOS DE VEIO DE RESSALTO DE TRAVAGEM;CONJUNTO DE APOIOS DE VEIO DE RESSALTO DE TRAVAGEM;0;;
101;1519;05448;1519;101.05448;CATEGORIA0;;1;1;0;1;;MANGUEIRA DE AR ESPIRAL;MANGUEIRA DE AR ESPIRAL;0;;
101;1519;05450;1519;101.05450;CATEGORIA0;;1;1;0;1;;CHAPA DE SEGURANÇA;CHAPA DE SEGURANÇA;0;;
101;1519;05456;1519;101.05456;CATEGORIA0;;1;1;0;1;;TIRANTE DO EIXO;TIRANTE DO EIXO;0;;
101;1519;05458;1519;101.05458;CATEGORIA0;;1;1;0;1;;JOGO DE ROLAMENTO DE RODA;JOGO DE ROLAMENTO DE RODA;0;;
101;1519;05464;1519;101.05464;CATEGORIA0;;1;1;0;1;;JOGO DE ROLAMENTO DE RODA;JOGO DE ROLAMENTO DE RODA;0;;
101;1519;05467;1519;101.05467;CATEGORIA0;;1;1;0;1;;SUPORTE;SUPORTE;0;;
101;1519;05472;1519;101.05472;CATEGORIA0;;1;1;0;1;;APOIO DO AMORTECEDOR;APOIO DO AMORTECEDOR;0;;
101;1519;05477;1519;101.05477;CATEGORIA0;;1;1;0;1;;JUNTA DE TAMPA DE VÁLVULAS;JUNTA DE TAMPA DE VÁLVULAS;0;;
101;1519;05478;1519;101.05478;CATEGORIA0;;1;1;0;1;;POLIE DE DESVIO;POLIE DE DESVIO;0;;
101;1519;05480;1519;101.05480;CATEGORIA0;;1;1;0;1;;JOGO DE REP. BOMBA DE VÁCUO;JOGO DE REP. BOMBA DE VÁCUO;0;;
101;1519;05482;1519;101.05482;CATEGORIA0;;1;1;0;1;;JOGO DE REP. CAVILHA DE MOLA;JOGO DE REP. CAVILHA DE MOLA;0;;
101;1519;05483;1519;101.05483;CATEGORIA0;;1;1;0;1;;JOGO DE REP. CAVILHA DE MOLA;JOGO DE REP. CAVILHA DE MOLA;0;;
101;1519;05484;1519;101.05484;CATEGORIA0;;1;1;0;1;;TUBO DE TRAVÃO;TUBO DE TRAVÃO;0;;
101;1519;05486;1519;101.05486;CATEGORIA0;;1;1;0;1;;TUBO DE TRAVÃO;TUBO DE TRAVÃO;0;;
101;1519;05487;1519;101.05487;CATEGORIA0;;1;1;0;1;;JOGO DE REP. CAVILHA DE MOLA;JOGO DE REP. CAVILHA DE MOLA;0;;
101;1519;05488;1519;101.05488;CATEGORIA0;;1;1;0;1;;JOGO DE REP. CAVILHA DE MOLA;JOGO DE REP. CAVILHA DE MOLA;0;;
101;1519;05489;1519;101.05489;CATEGORIA0;;1;1;0;1;;JOGO DE REP. CAVILHA DE MOLA;JOGO DE REP. CAVILHA DE MOLA;0;;
101;1519;05490;1519;101.05490;CATEGORIA0;;1;1;0;1;;JOGO DE REP. CAVILHA DE MOLA;JOGO DE REP. CAVILHA DE MOLA;0;;
101;1519;05491;1519;101.05491;CATEGORIA0;;1;1;0;1;;JOGO DE REP. CAVILHA DE MOLA;JOGO DE REP. CAVILHA DE MOLA;0;;
101;1519;05492;1519;101.05492;CATEGORIA0;;1;1;0;1;;CONJUNTO DE APOIOS DE CARGA DO AMORTECEDOR;CONJUNTO DE APOIOS DE CARGA DO AMORTECEDOR;0;;
101;1519;05499;1519;101.05499;CATEGORIA0;;1;1;0;1;;SUPORTE;SUPORTE;0;;
101;1519;05504;1519;101.05504;CATEGORIA0;;1;1;0;1;;SUPORTE;SUPORTE;0;;
101;1519;05505;1519;101.05505;CATEGORIA0;;1;1;0;1;;SUPORTE;SUPORTE;0;;
101;1519;05506;1519;101.05506;CATEGORIA0;;1;1;0;1;;SUPORTE;SUPORTE;0;;
101;1519;05507;1519;101.05507;CATEGORIA0;;1;1;0;1;;SUPORTE;SUPORTE;0;;
101;1519;05518;1519;101.05518;CATEGORIA0;;1;1;0;1;;ÁRVORE DE CAMES;ÁRVORE DE CAMES;0;;
101;1519;05519;1519;101.05519;CATEGORIA0;;1;1;0;1;;ÁRVORE DE CAMES;ÁRVORE DE CAMES;0;;
101;1519;05524;1519;101.05524;CATEGORIA0;;1;1;0;1;;PINO DA RODA;PINO DA RODA;0;;
101;1519;05526;1519;101.05526;CATEGORIA0;;1;1;0;1;;JOGO DE ROLAMENTO DE RODA;JOGO DE ROLAMENTO DE RODA;0;;
101;1519;05528;1519;101.05528;CATEGORIA0;;1;1;0;1;;JOGO DE ROLAMENTO DE RODA;JOGO DE ROLAMENTO DE RODA;0;;
101;1519;05530;1519;101.05530;CATEGORIA0;;1;1;0;1;;PINO DA RODA;PINO DA RODA;0;;
101;1519;05531;1519;101.05531;CATEGORIA0;;1;1;0;1;;CASQUILHO DA MOLA DE SUSPENSÃO;CASQUILHO DA MOLA DE SUSPENSÃO;0;;
101;1519;05537;1519;101.05537;CATEGORIA0;;1;1;0;1;;JOGO DE ROLAMENTO DE RODA;JOGO DE ROLAMENTO DE RODA;0;;
101;1519;05538;1519;101.05538;CATEGORIA0;;1;1;0;1;;JOGO DE ROLAMENTO DE RODA;JOGO DE ROLAMENTO DE RODA;0;;
101;1519;05539;1519;101.05539;CATEGORIA0;;1;1;0;1;;JUNTA FLEXÍVEL;JUNTA FLEXÍVEL;0;;
101;1519;05541;1519;101.05541;CATEGORIA0;;1;1;0;1;;PARAFUSO DA CABEÇA DO MOTOR;PARAFUSO DA CABEÇA DO MOTOR;0;;
101;1519;05542;1519;101.05542;CATEGORIA0;;1;1;0;1;;JOGO DE ROLAMENTO DE RODA;JOGO DE ROLAMENTO DE RODA;0;;
101;1519;05543;1519;101.05543;CATEGORIA0;;1;1;0;1;;JOGO DE ROLAMENTO DE RODA;JOGO DE ROLAMENTO DE RODA;0;;
101;1519;05552;1519;101.05552;CATEGORIA0;;1;1;0;1;;RETENTOR;RETENTOR;0;;
101;1519;05555;1519;101.05555;CATEGORIA0;;1;1;0;1;;JOGO DE ROLAMENTO DE RODA;JOGO DE ROLAMENTO DE RODA;0;;
101;1519;05557;1519;101.05557;CATEGORIA0;;1;1;0;1;;ANEL DE APERTO;ANEL DE APERTO;0;;
101;1519;05560;1519;101.05560;CATEGORIA0;;1;1;0;1;;PARAFUSO;PARAFUSO;0;;
101;1519;05561;1519;101.05561;CATEGORIA0;;1;1;0;1;;INTERRUPTOR DE PRESSÃO;INTERRUPTOR DE PRESSÃO;0;;
101;1519;05567;1519;101.05567;CATEGORIA0;;1;1;0;1;;COMUTADOR BASCULANTE;COMUTADOR BASCULANTE;0;;
101;1519;05568;1519;101.05568;CATEGORIA0;;1;1;0;1;;MOTOR DE ESGUICHO;MOTOR DE ESGUICHO;0;;
101;1519;05569;1519;101.05569;CATEGORIA0;;1;1;0;1;;JOGO DE ROLAMENTO DE RODA;JOGO DE ROLAMENTO DE RODA;0;;
101;1519;05577;1519;101.05577;CATEGORIA0;;1;1;0;1;;JOGO DE ROLAMENTO DE RODA;JOGO DE ROLAMENTO DE RODA;0;;
101;1519;05578;1519;101.05578;CATEGORIA0;;1;1;0;1;;JOGO DE ROLAMENTO DE RODA;JOGO DE ROLAMENTO DE RODA;0;;
101;1519;05579;1519;101.05579;CATEGORIA0;;1;1;0;1;;JOGO DE ROLAMENTO DE RODA;JOGO DE ROLAMENTO DE RODA;0;;
101;1519;05580;1519;101.05580;CATEGORIA0;;1;1;0;1;;JOGO DE ROLAMENTO DE RODA;JOGO DE ROLAMENTO DE RODA;0;;
101;1519;05581;1519;101.05581;CATEGORIA0;;1;1;0;1;;JOGO DE ROLAMENTO DE RODA;JOGO DE ROLAMENTO DE RODA;0;;
101;1519;05583;1519;101.05583;CATEGORIA0;;1;1;0;1;;SUPORTE;SUPORTE;0;;
101;1519;05585;1519;101.05585;CATEGORIA0;;1;1;0;1;;APOIO DO AMORTECEDOR;APOIO DO AMORTECEDOR;0;;
101;1519;05586;1519;101.05586;CATEGORIA0;;1;1;0;1;;JOGO DE ROLAMENTO DE RODA;JOGO DE ROLAMENTO DE RODA;0;;
101;1519;05587;1519;101.05587;CATEGORIA0;;1;1;0;1;;JOGO DE ROLAMENTO DE RODA;JOGO DE ROLAMENTO DE RODA;0;;
101;1519;05592;1519;101.05592;CATEGORIA0;;1;1;0;1;;JOGO DE ROLAMENTO DE RODA;JOGO DE ROLAMENTO DE RODA;0;;
101;1519;05595;1519;101.05595;CATEGORIA0;;1;1;0;1;;TUBO DE TRAVÃO;TUBO DE TRAVÃO;0;;
101;1519;05596;1519;101.05596;CATEGORIA0;;1;1;0;1;;TUBO DE TRAVÃO;TUBO DE TRAVÃO;0;;
101;1519;05597;1519;101.05597;CATEGORIA0;;1;1;0;1;;RETENTOR;RETENTOR;0;;
101;1519;05598;1519;101.05598;CATEGORIA0;;1;1;0;1;;BUJÃO DO CÁRTER;BUJÃO DO CÁRTER;0;;
101;1519;05600;1519;101.05600;CATEGORIA0;;1;1;0;1;;JUNTA DE TAMPA DE VÁLVULAS;JUNTA DE TAMPA DE VÁLVULAS;0;;
101;1519;05601;1519;101.05601;CATEGORIA0;;1;1;0;1;;ÁRVORE DE CAMES;ÁRVORE DE CAMES;0;;
101;1519;05602;1519;101.05602;CATEGORIA0;;1;1;0;1;;ÁRVORE DE CAMES;ÁRVORE DE CAMES;0;;
101;1519;05609;1519;101.05609;CATEGORIA0;;1;1;0;1;;PARAFUSO DA CABEÇA DO MOTOR;PARAFUSO DA CABEÇA DO MOTOR;0;;
101;1519;05611;1519;101.05611;CATEGORIA0;;1;1;0;1;;TUCHE DE VÁLVULAS;TUCHE DE VÁLVULAS;0;;
101;1519;05613;1519;101.05613;CATEGORIA0;;1;1;0;1;;TENSOR;TENSOR;0;;
101;1519;05618;1519;101.05618;CATEGORIA0;;1;1;0;1;;TENSOR DE CORRENTE;TENSOR DE CORRENTE;0;;
101;1519;05619;1519;101.05619;CATEGORIA0;;1;1;0;1;;TENSOR DE CORRENTE;TENSOR DE CORRENTE;0;;
101;1519;05620;1519;101.05620;CATEGORIA0;;1;1;0;1;;JOGO DE REP. CASQUILHO DE DESLIZE;JOGO DE REP. CASQUILHO DE DESLIZE;0;;
101;1519;05621;1519;101.05621;CATEGORIA0;;1;1;0;1;;FOLE DE DIREÇÃO;FOLE DE DIREÇÃO;0;;
101;1519;05622;1519;101.05622;CATEGORIA0;;1;1;0;1;;APOIO DA BARRA TRANSVERSAL;APOIO DA BARRA TRANSVERSAL;0;;
101;1519;05623;1519;101.05623;CATEGORIA0;;1;1;0;1;;BRAÇO DE SUSPENSÃO;BRAÇO DE SUSPENSÃO;0;;
101;1519;05624;1519;101.05624;CATEGORIA0;;1;1;0;1;;BRAÇO DE SUSPENSÃO;BRAÇO DE SUSPENSÃO;0;;
101;1519;05626;1519;101.05626;CATEGORIA0;;1;1;0;1;;JUNTA DA HASTE DE VÁLVULA;JUNTA DA HASTE DE VÁLVULA;0;;
101;1519;05627;1519;101.05627;CATEGORIA0;;1;1;0;1;;RETENTOR DO VEIO;RETENTOR DO VEIO;0;;
101;1519;05628;1519;101.05628;CATEGORIA0;;1;1;0;1;;ANEL DE VEDAÇÃO DA ÁRVORE DE CAMES / DA CAMBOTA;ANEL DE VEDAÇÃO DA ÁRVORE DE CAMES / DA CAMBOTA;0;;
101;1519;05629;1519;101.05629;CATEGORIA0;;1;1;0;1;;RETENTOR DA CAMBOTA;RETENTOR DA CAMBOTA;0;;
101;1519;05633;1519;101.05633;CATEGORIA0;;1;1;0;1;;BOMBA DE ÁGUA;BOMBA DE ÁGUA;0;;
101;1519;05637;1519;101.05637;CATEGORIA0;;1;1;0;1;;PARAFUSO DA CABEÇA DO MOTOR;PARAFUSO DA CABEÇA DO MOTOR;0;;
101;1519;05639;1519;101.05639;CATEGORIA0;;1;1;0;1;;BRAÇO DE SUSPENSÃO;BRAÇO DE SUSPENSÃO;0;;
101;1519;05640;1519;101.05640;CATEGORIA0;;1;1;0;1;;BRAÇO DE SUSPENSÃO;BRAÇO DE SUSPENSÃO;0;;
101;1519;05641;1519;101.05641;CATEGORIA0;;1;1;0;1;;FOLE DE TRANSMISSÃO;FOLE DE TRANSMISSÃO;0;;
101;1519;05643;1519;101.05643;CATEGORIA0;;1;1;0;1;;FOLE DE TRANSMISSÃO;FOLE DE TRANSMISSÃO;0;;
101;1519;05644;1519;101.05644;CATEGORIA0;;1;1;0;1;;DISCO DE TRAVÃO;DISCO DE TRAVÃO;0;;
101;1519;05645;1519;101.05645;CATEGORIA0;;1;1;0;1;;DISCO DE TRAVÃO;DISCO DE TRAVÃO;0;;
101;1519;05646;1519;101.05646;CATEGORIA0;;1;1;0;1;;DISCO DE TRAVÃO;DISCO DE TRAVÃO;0;;
101;1519;05647;1519;101.05647;CATEGORIA0;;1;1;0;1;;DISCO DE TRAVÃO;DISCO DE TRAVÃO;0;;
101;1519;05649;1519;101.05649;CATEGORIA0;;1;1;0;1;;DISCO DE TRAVÃO;DISCO DE TRAVÃO;0;;
101;1519;05650;1519;101.05650;CATEGORIA0;;1;1;0;1;;DISCO DE TRAVÃO;DISCO DE TRAVÃO;0;;
101;1519;05651;1519;101.05651;CATEGORIA0;;1;1;0;1;;APOIO DE TRANSMISSÃO;APOIO DE TRANSMISSÃO;0;;
101;1519;05652;1519;101.05652;CATEGORIA0;;1;1;0;1;;DISCO DE TRAVÃO;DISCO DE TRAVÃO;0;;
101;1519;05653;1519;101.05653;CATEGORIA0;;1;1;0;1;;ESTRIBO DE MOLA;ESTRIBO DE MOLA;0;;
101;1519;05654;1519;101.05654;CATEGORIA0;;1;1;0;1;;DISCO DE TRAVÃO;DISCO DE TRAVÃO;0;;
101;1519;05655;1519;101.05655;CATEGORIA0;;1;1;0;1;;DISCO DE TRAVÃO;DISCO DE TRAVÃO;0;;
101;1519;05656;1519;101.05656;CATEGORIA0;;1;1;0;1;;DISCO DE TRAVÃO;DISCO DE TRAVÃO;0;;
101;1519;05657;1519;101.05657;CATEGORIA0;;1;1;0;1;;CASQUILHO DA BARRA ESTABILIZADORA;CASQUILHO DA BARRA ESTABILIZADORA;0;;
101;1519;05659;1519;101.05659;CATEGORIA0;;1;1;0;1;;PARAFUSO DE CABEÇA BOLEADA;PARAFUSO DE CABEÇA BOLEADA;0;;
101;1519;05660;1519;101.05660;CATEGORIA0;;1;1;0;1;;PARAFUSO DE CABEÇA RETANGULAR;PARAFUSO DE CABEÇA RETANGULAR;0;;
101;1519;05661;1519;101.05661;CATEGORIA0;;1;1;0;1;;PARAFUSO DE CABEÇA RETANGULAR;PARAFUSO DE CABEÇA RETANGULAR;0;;
101;1519;05664;1519;101.05664;CATEGORIA0;;1;1;0;1;;BRAÇO DE SUSPENSÃO;BRAÇO DE SUSPENSÃO;0;;
101;1519;05666;1519;101.05666;CATEGORIA0;;1;1;0;1;;BRAÇO DE SUSPENSÃO;BRAÇO DE SUSPENSÃO;0;;
101;1519;05667;1519;101.05667;CATEGORIA0;;1;1;0;1;;DISCO DE TRAVÃO;DISCO DE TRAVÃO;0;;
101;1519;05668;1519;101.05668;CATEGORIA0;;1;1;0;1;;POLIE DE TRAVÃO;POLIE DE TRAVÃO;0;;
101;1519;05670;1519;101.05670;CATEGORIA0;;1;1;0;1;;POLIE DE TRAVÃO;POLIE DE TRAVÃO;0;;
101;1519;05672;1519;101.05672;CATEGORIA0;;1;1;0;1;;PARAFUSO DE CABEÇA BOLEADA;PARAFUSO DE CABEÇA BOLEADA;0;;
101;1519;05678;1519;101.05678;CATEGORIA0;;1;1;0;1;;PARAFUSO DE CABEÇA RETANGULAR;PARAFUSO DE CABEÇA RETANGULAR;0;;
101;1519;05680;1519;101.05680;CATEGORIA0;;1;1;0;1;;PLACA DE APERTO;PLACA DE APERTO;0;;
101;1519;05681;1519;101.05681;CATEGORIA0;;1;1;0;1;;PLACA DE APERTO;PLACA DE APERTO;0;;
101;1519;05682;1519;101.05682;CATEGORIA0;;1;1;0;1;;CABEÇA DE DIREÇÃO INTERIOR;CABEÇA DE DIREÇÃO INTERIOR;0;;
101;1519;05683;1519;101.05683;CATEGORIA0;;1;1;0;1;;PARAFUSO DA RODA;PARAFUSO DA RODA;0;;
101;1519;05684;1519;101.05684;CATEGORIA0;;1;1;0;1;;PARAFUSO DE CABEÇA BOLEADA;PARAFUSO DE CABEÇA BOLEADA;0;;
101;1519;05687;1519;101.05687;CATEGORIA0;;1;1;0;1;;PARAFUSO DE CABEÇA BOLEADA;PARAFUSO DE CABEÇA BOLEADA;0;;
101;1519;05689;1519;101.05689;CATEGORIA0;;1;1;0;1;;CILINDRO DO TRAVÃO DE RODA;CILINDRO DO TRAVÃO DE RODA;0;;
101;1519;05690;1519;101.05690;CATEGORIA0;;1;1;0;1;;CILINDRO DO TRAVÃO DE RODA;CILINDRO DO TRAVÃO DE RODA;0;;
101;1519;05691;1519;101.05691;CATEGORIA0;;1;1;0;1;;PARAFUSO DE CABEÇA RETANGULAR;PARAFUSO DE CABEÇA RETANGULAR;0;;
101;1519;05693;1519;101.05693;CATEGORIA0;;1;1;0;1;;PARAFUSO DE CABEÇA RETANGULAR;PARAFUSO DE CABEÇA RETANGULAR;0;;
101;1519;05694;1519;101.05694;CATEGORIA0;;1;1;0;1;;PARAFUSO DE CABEÇA RETANGULAR;PARAFUSO DE CABEÇA RETANGULAR;0;;
101;1519;05701;1519;101.05701;CATEGORIA0;;1;1;0;1;;JOGO PINO DO EIXO DIANTEIRO;JOGO PINO DO EIXO DIANTEIRO;0;;
101;1519;05702;1519;101.05702;CATEGORIA0;;1;1;0;1;;CILINDRO DO TRAVÃO DE RODA;CILINDRO DO TRAVÃO DE RODA;0;;
101;1519;05703;1519;101.05703;CATEGORIA0;;1;1;0;1;;CILINDRO DO TRAVÃO DE RODA;CILINDRO DO TRAVÃO DE RODA;0;;
101;1519;05706;1519;101.05706;CATEGORIA0;;1;1;0;1;;CILINDRO DO TRAVÃO DE RODA;CILINDRO DO TRAVÃO DE RODA;0;;
101;1519;05709;1519;101.05709;CATEGORIA0;;1;1;0;1;;CILINDRO DO TRAVÃO DE RODA;CILINDRO DO TRAVÃO DE RODA;0;;
101;1519;05712;1519;101.05712;CATEGORIA0;;1;1;0;1;;CASQUILHO;CASQUILHO;0;;
101;1519;05713;1519;101.05713;CATEGORIA0;;1;1;0;1;;CILINDRO DO TRAVÃO DE RODA;CILINDRO DO TRAVÃO DE RODA;0;;
101;1519;05716;1519;101.05716;CATEGORIA0;;1;1;0;1;;CILINDRO DO TRAVÃO DE RODA;CILINDRO DO TRAVÃO DE RODA;0;;
101;1519;05717;1519;101.05717;CATEGORIA0;;1;1;0;1;;PORCA DE RODA;PORCA DE RODA;0;;
101;1519;05719;1519;101.05719;CATEGORIA0;;1;1;0;1;;ANILHA CÓNICA DE PRESSÃO;ANILHA CÓNICA DE PRESSÃO;0;;
101;1519;05721;1519;101.05721;CATEGORIA0;;1;1;0;1;;CILINDRO DO TRAVÃO DE RODA;CILINDRO DO TRAVÃO DE RODA;0;;
101;1519;05723;1519;101.05723;CATEGORIA0;;1;1;0;1;;APOIO DE TRANSMISSÃO;APOIO DE TRANSMISSÃO;0;;
101;1519;05725;1519;101.05725;CATEGORIA0;;1;1;0;1;;CHAPA DE SEGURANÇA;CHAPA DE SEGURANÇA;0;;
101;1519;05727;1519;101.05727;CATEGORIA0;;1;1;0;1;;CILINDRO DO TRAVÃO DE RODA;CILINDRO DO TRAVÃO DE RODA;0;;
101;1519;05729;1519;101.05729;CATEGORIA0;;1;1;0;1;;MOLA DO CALÇO DE TRAVÃO;MOLA DO CALÇO DE TRAVÃO;0;;
101;1519;05730;1519;101.05730;CATEGORIA0;;1;1;0;1;;MOLA DO CALÇO DE TRAVÃO;MOLA DO CALÇO DE TRAVÃO;0;;
101;1519;05734;1519;101.05734;CATEGORIA0;;1;1;0;1;;CILINDRO DO TRAVÃO DE RODA;CILINDRO DO TRAVÃO DE RODA;0;;
101;1519;05735;1519;101.05735;CATEGORIA0;;1;1;0;1;;CÁRTER INFERIOR;CÁRTER INFERIOR;0;;
101;1519;05736;1519;101.05736;CATEGORIA0;;1;1;0;1;;CASQUILHO PARA CALÇOS DE TRAVÃO;CASQUILHO PARA CALÇOS DE TRAVÃO;0;;
101;1519;05737;1519;101.05737;CATEGORIA0;;1;1;0;1;;JOGO DO PERNOS PARA CALÇOS DE TRAVÃO;JOGO DO PERNOS PARA CALÇOS DE TRAVÃO;0;;
101;1519;05738;1519;101.05738;CATEGORIA0;;1;1;0;1;;PARAFUSO DO CALÇO DE TRAVÃO;PARAFUSO DO CALÇO DE TRAVÃO;0;;
101;1519;05741;1519;101.05741;CATEGORIA0;;1;1;0;1;;TUBO DE TRAVÃO;TUBO DE TRAVÃO;0;;
101;1519;05742;1519;101.05742;CATEGORIA0;;1;1;0;1;;TUBO DE TRAVÃO;TUBO DE TRAVÃO;0;;
101;1519;05743;1519;101.05743;CATEGORIA0;;1;1;0;1;;TUBO DE TRAVÃO;TUBO DE TRAVÃO;0;;
101;1519;05745;1519;101.05745;CATEGORIA0;;1;1;0;1;;PINO DA RODA;PINO DA RODA;0;;
101;1519;05746;1519;101.05746;CATEGORIA0;;1;1;0;1;;PINO DA RODA;PINO DA RODA;0;;
101;1519;05747;1519;101.05747;CATEGORIA0;;1;1;0;1;;SUPORTE BARRA ESTABILIZADORA;SUPORTE BARRA ESTABILIZADORA;0;;
101;1519;05748;1519;101.05748;CATEGORIA0;;1;1;0;1;;CILINDRO DO TRAVÃO DE RODA;CILINDRO DO TRAVÃO DE RODA;0;;
101;1519;05749;1519;101.05749;CATEGORIA0;;1;1;0;1;;CILINDRO DO TRAVÃO DE RODA;CILINDRO DO TRAVÃO DE RODA;0;;
101;1519;05750;1519;101.05750;CATEGORIA0;;1;1;0;1;;PINO DA RODA;PINO DA RODA;0;;
101;1519;05751;1519;101.05751;CATEGORIA0;;1;1;0;1;;PINO DA RODA;PINO DA RODA;0;;
101;1519;05752;1519;101.05752;CATEGORIA0;;1;1;0;1;;CALÇO DE TRAVÃO;CALÇO DE TRAVÃO;0;;
101;1519;05753;1519;101.05753;CATEGORIA0;;1;1;0;1;;CALÇO DE TRAVÃO;CALÇO DE TRAVÃO;0;;
101;1519;05755;1519;101.05755;CATEGORIA0;;1;1;0;1;;MOLA PNEUMÁTICA;MOLA PNEUMÁTICA;0;;
101;1519;05756;1519;101.05756;CATEGORIA0;;1;1;0;1;;MOLA PNEUMÁTICA;MOLA PNEUMÁTICA;0;;
101;1519;05758;1519;101.05758;CATEGORIA0;;1;1;0;1;;RETENTOR DO VEIO;RETENTOR DO VEIO;0;;
101;1519;05760;1519;101.05760;CATEGORIA0;;1;1;0;1;;AMORTECEDOR DE OSCILAÇÕES;AMORTECEDOR DE OSCILAÇÕES;0;;
101;1519;05761;1519;101.05761;CATEGORIA0;;1;1;0;1;;CUBO DA RODA;CUBO DA RODA;0;;
101;1519;05762;1519;101.05762;CATEGORIA0;;1;1;0;1;;CUBO DA RODA;CUBO DA RODA;0;;
101;1519;05764;1519;101.05764;CATEGORIA0;;1;1;0;1;;APOIO DE TRANSMISSÃO;APOIO DE TRANSMISSÃO;0;;
101;1519;05775;1519;101.05775;CATEGORIA0;;1;1;0;1;;JOGO DE ROLOS PARA CALÇOS DE TRAVÃO;JOGO DE ROLOS PARA CALÇOS DE TRAVÃO;0;;
101;1519;05776;1519;101.05776;CATEGORIA0;;1;1;0;1;;ANILHA;ANILHA;0;;
101;1519;05777;1519;101.05777;CATEGORIA0;;1;1;0;1;;JOGO DE REP. TIRANTE DO EIXO;JOGO DE REP. TIRANTE DO EIXO;0;;
101;1519;05778;1519;101.05778;CATEGORIA0;;1;1;0;1;;PINO DA RODA;PINO DA RODA;0;;
101;1519;05779;1519;101.05779;CATEGORIA0;;1;1;0;1;;PINO DA RODA;PINO DA RODA;0;;
101;1519;05780;1519;101.05780;CATEGORIA0;;1;1;0;1;;MOLA DO CALÇO DE TRAVÃO;MOLA DO CALÇO DE TRAVÃO;0;;
101;1519;05781;1519;101.05781;CATEGORIA0;;1;1;0;1;;CABO DE TRAVÃO;CABO DE TRAVÃO;0;;
101;1519;05782;1519;101.05782;CATEGORIA0;;1;1;0;1;;JOGO DE REP. TIRANTE DO EIXO;JOGO DE REP. TIRANTE DO EIXO;0;;
101;1519;05783;1519;101.05783;CATEGORIA0;;1;1;0;1;;JOGO PINO DO EIXO DIANTEIRO;JOGO PINO DO EIXO DIANTEIRO;0;;
101;1519;05785;1519;101.05785;CATEGORIA0;;1;1;0;1;;BOMBA DO ÓLEO;BOMBA DO ÓLEO;0;;
101;1519;05788;1519;101.05788;CATEGORIA0;;1;1;0;1;;MOLA DO CALÇO DE TRAVÃO;MOLA DO CALÇO DE TRAVÃO;0;;
101;1519;05789;1519;101.05789;CATEGORIA0;;1;1;0;1;;BOMBA DA DIREÇÃO ASSISTIDA;BOMBA DA DIREÇÃO ASSISTIDA;0;;
101;1519;05791;1519;101.05791;CATEGORIA0;;1;1;0;1;;BOMBA DE VÁCUO;BOMBA DE VÁCUO;0;;
101;1519;05801;1519;101.05801;CATEGORIA0;;1;1;0;1;;TENSOR;TENSOR;0;;
101;1519;05807;1519;101.05807;CATEGORIA0;;1;1;0;1;;BOMBA DO ÓLEO;BOMBA DO ÓLEO;0;;
101;1519;05808;1519;101.05808;CATEGORIA0;;1;1;0;1;;BOMBA DO ÓLEO;BOMBA DO ÓLEO;0;;
101;1519;05809;1519;101.05809;CATEGORIA0;;1;1;0;1;;JOGO DE REP. BOMBA DE VÁCUO;JOGO DE REP. BOMBA DE VÁCUO;0;;
101;1519;05813;1519;101.05813;CATEGORIA0;;1;1;0;1;;CILINDRO DE FECHO;CILINDRO DE FECHO;0;;
101;1519;05818;1519;101.05818;CATEGORIA0;;1;1;0;1;;CABO DE TRAVÃO;CABO DE TRAVÃO;0;;
101;1519;05819;1519;101.05819;CATEGORIA0;;1;1;0;1;;PUXADOR DE PORTA;PUXADOR DE PORTA;0;;
101;1519;05820;1519;101.05820;CATEGORIA0;;1;1;0;1;;JOGO DE MONTAGEM;JOGO DE MONTAGEM;0;;
101;1519;05821;1519;101.05821;CATEGORIA0;;1;1;0;1;;PUXADOR DE PORTA;PUXADOR DE PORTA;0;;
101;1519;05823;1519;101.05823;CATEGORIA0;;1;1;0;1;;JOGO DE ÁRVORE DE CAMES;JOGO DE ÁRVORE DE CAMES;0;;
101;1519;05828;1519;101.05828;CATEGORIA0;;1;1;0;1;;BALANCEIRO;BALANCEIRO;0;;
101;1519;05829;1519;101.05829;CATEGORIA0;;1;1;0;1;;APOIO DE MOTOR;APOIO DE MOTOR;0;;
101;1519;05839;1519;101.05839;CATEGORIA0;;1;1;0;1;;CASQUILHO DA ÁRVORE DO TRAVÃO;CASQUILHO DA ÁRVORE DO TRAVÃO;0;;
101;1519;05840;1519;101.05840;CATEGORIA0;;1;1;0;1;;ANEL DE AFASTAMENTO;ANEL DE AFASTAMENTO;0;;
101;1519;05841;1519;101.05841;CATEGORIA0;;1;1;0;1;;JOGO DE REP. ALAVANCA DA DIREÇÃO;JOGO DE REP. ALAVANCA DA DIREÇÃO;0;;
101;1519;05843;1519;101.05843;CATEGORIA0;;1;1;0;1;;CABO DE TRAVÃO;CABO DE TRAVÃO;0;;
101;1519;05845;1519;101.05845;CATEGORIA0;;1;1;0;1;;JOGO DE ROLAMENTO DE RODA;JOGO DE ROLAMENTO DE RODA;0;;
101;1519;05847;1519;101.05847;CATEGORIA0;;1;1;0;1;;JOGO DE ROLAMENTO DE RODA;JOGO DE ROLAMENTO DE RODA;0;;
101;1519;05848;1519;101.05848;CATEGORIA0;;1;1;0;1;;JOGO DE ROLAMENTO DE RODA;JOGO DE ROLAMENTO DE RODA;0;;
101;1519;05853;1519;101.05853;CATEGORIA0;;1;1;0;1;;TENSOR DE CORREIA;TENSOR DE CORREIA;0;;
101;1519;05854;1519;101.05854;CATEGORIA0;;1;1;0;1;;JUNTA FLEXÍVEL;JUNTA FLEXÍVEL;0;;
101;1519;05856;1519;101.05856;CATEGORIA0;;1;1;0;1;;JUNTA FLEXÍVEL;JUNTA FLEXÍVEL;0;;
101;1519;05857;1519;101.05857;CATEGORIA0;;1;1;0;1;;PARAFUSO;PARAFUSO;0;;
101;1519;05859;1519;101.05859;CATEGORIA0;;1;1;0;1;;TENSOR;TENSOR;0;;
101;1519;05860;1519;101.05860;CATEGORIA0;;1;1;0;1;;JOGO DE ROLAMENTO DE RODA;JOGO DE ROLAMENTO DE RODA;0;;
101;1519;05863;1519;101.05863;CATEGORIA0;;1;1;0;1;;APOIO DE MOTOR;APOIO DE MOTOR;0;;
101;1519;05864;1519;101.05864;CATEGORIA0;;1;1;0;1;;APOIO DE MOTOR;APOIO DE MOTOR;0;;
101;1519;05865;1519;101.05865;CATEGORIA0;;1;1;0;1;;APOIO DE MOTOR;APOIO DE MOTOR;0;;
101;1519;05866;1519;101.05866;CATEGORIA0;;1;1;0;1;;APOIO DE MOTOR;APOIO DE MOTOR;0;;
101;1519;05868;1519;101.05868;CATEGORIA0;;1;1;0;1;;RETENTOR DO VEIO;RETENTOR DO VEIO;0;;
101;1519;05869;1519;101.05869;CATEGORIA0;;1;1;0;1;;JOGO PINO DO EIXO DIANTEIRO;JOGO PINO DO EIXO DIANTEIRO;0;;
101;1519;05875;1519;101.05875;CATEGORIA0;;1;1;0;1;;JOGO PINO DO EIXO DIANTEIRO;JOGO PINO DO EIXO DIANTEIRO;0;;
101;1519;05880;1519;101.05880;CATEGORIA0;;1;1;0;1;;BUJÃO ROSCADO;BUJÃO ROSCADO;0;;
101;1519;05881;1519;101.05881;CATEGORIA0;;1;1;0;1;;RETENTOR;RETENTOR;0;;
101;1519;05882;1519;101.05882;CATEGORIA0;;1;1;0;1;;CABO DE TRAVÃO;CABO DE TRAVÃO;0;;
101;1519;05886;1519;101.05886;CATEGORIA0;;1;1;0;1;;CABO DE TRAVÃO;CABO DE TRAVÃO;0;;
101;1519;05889;1519;101.05889;CATEGORIA0;;1;1;0;1;;TENSOR;TENSOR;0;;
101;1519;05892;1519;101.05892;CATEGORIA0;;1;1;0;1;;POLIE DE DESVIO;POLIE DE DESVIO;0;;
101;1519;05895;1519;101.05895;CATEGORIA0;;1;1;0;1;;JOGO DE ROLAMENTO DE RODA;JOGO DE ROLAMENTO DE RODA;0;;
101;1519;05897;1519;101.05897;CATEGORIA0;;1;1;0;1;;TENSOR;TENSOR;0;;
101;1519;05901;1519;101.05901;CATEGORIA0;;1;1;0;1;;ANILHA CÓNICA DE PRESSÃO;ANILHA CÓNICA DE PRESSÃO;0;;
101;1519;05903;1519;101.05903;CATEGORIA0;;1;1;0;1;;CABO DE TRAVÃO;CABO DE TRAVÃO;0;;
101;1519;05906;1519;101.05906;CATEGORIA0;;1;1;0;1;;TENSOR;TENSOR;0;;
101;1519;05908;1519;101.05908;CATEGORIA0;;1;1;0;1;;TENSOR;TENSOR;0;;
101;1519;05912;1519;101.05912;CATEGORIA0;;1;1;0;1;;ÁRVORE DE CAMES DO TRAVÃO;ÁRVORE DE CAMES DO TRAVÃO;0;;
101;1519;05913;1519;101.05913;CATEGORIA0;;1;1;0;1;;JOGO DE ROLAMENTO DE RODA;JOGO DE ROLAMENTO DE RODA;0;;
101;1519;05915;1519;101.05915;CATEGORIA0;;1;1;0;1;;PINO DA RODA;PINO DA RODA;0;;
101;1519;05916;1519;101.05916;CATEGORIA0;;1;1;0;1;;PINO DA RODA;PINO DA RODA;0;;
101;1519;05917;1519;101.05917;CATEGORIA0;;1;1;0;1;;PINO DA RODA;PINO DA RODA;0;;
101;1519;05918;1519;101.05918;CATEGORIA0;;1;1;0;1;;ROLAMENTO DE RODA;ROLAMENTO DE RODA;0;;
101;1519;05920;1519;101.05920;CATEGORIA0;;1;1;0;1;;BRAÇO DE SUSPENSÃO;BRAÇO DE SUSPENSÃO;0;;
101;1519;05921;1519;101.05921;CATEGORIA0;;1;1;0;1;;BRAÇO DE SUSPENSÃO;BRAÇO DE SUSPENSÃO;0;;
101;1519;05922;1519;101.05922;CATEGORIA0;;1;1;0;1;;APOIO DE MOTOR;APOIO DE MOTOR;0;;
101;1519;05925;1519;101.05925;CATEGORIA0;;1;1;0;1;;INTERRUPTOR;INTERRUPTOR;0;;
101;1519;05926;1519;101.05926;CATEGORIA0;;1;1;0;1;;CASQUILHO DA MOLA DE SUSPENSÃO;CASQUILHO DA MOLA DE SUSPENSÃO;0;;
101;1519;05927;1519;101.05927;CATEGORIA0;;1;1;0;1;;PORCA DO FLANGE;PORCA DO FLANGE;0;;
101;1519;05929;1519;101.05929;CATEGORIA0;;1;1;0;1;;POLIE DE DESVIO;POLIE DE DESVIO;0;;
101;1519;05930;1519;101.05930;CATEGORIA0;;1;1;0;1;;JOGO PINO DO EIXO DIANTEIRO;JOGO PINO DO EIXO DIANTEIRO;0;;
101;1519;05931;1519;101.05931;CATEGORIA0;;1;1;0;1;;JOGO PINO DO EIXO DIANTEIRO;JOGO PINO DO EIXO DIANTEIRO;0;;
101;1519;05933;1519;101.05933;CATEGORIA0;;1;1;0;1;;POLIE DE DESVIO;POLIE DE DESVIO;0;;
101;1519;05940;1519;101.05940;CATEGORIA0;;1;1;0;1;;MOLA DO CALÇO DE TRAVÃO;MOLA DO CALÇO DE TRAVÃO;0;;
101;1519;05942;1519;101.05942;CATEGORIA0;;1;1;0;1;;TAMPA DO TANQUE DE COMBUSTÍVEL;TAMPA DO TANQUE DE COMBUSTÍVEL;0;;
101;1519;05944;1519;101.05944;CATEGORIA0;;1;1;0;1;;CASQUILHO DA BARRA ESTABILIZADORA;CASQUILHO DA BARRA ESTABILIZADORA;0;;
101;1519;05945;1519;101.05945;CATEGORIA0;;1;1;0;1;;PORCA DO EIXO;PORCA DO EIXO;0;;
101;1519;05946;1519;101.05946;CATEGORIA0;;1;1;0;1;;RETENTOR PARA ÁRVORE DE CAMES;RETENTOR PARA ÁRVORE DE CAMES;0;;
101;1519;05947;1519;101.05947;CATEGORIA0;;1;1;0;1;;SUPORTE DA CABINA DO MOTORISTA;SUPORTE DA CABINA DO MOTORISTA;0;;
101;1519;05948;1519;101.05948;CATEGORIA0;;1;1;0;1;;CÁPSULA DO CUBO DA RODA;CÁPSULA DO CUBO DA RODA;0;;
101;1519;05949;1519;101.05949;CATEGORIA0;;1;1;0;1;;CÁPSULA DO CUBO DA RODA;CÁPSULA DO CUBO DA RODA;0;;
101;1519;05952;1519;101.05952;CATEGORIA0;;1;1;0;1;;BRAÇO DE SUSPENSÃO;BRAÇO DE SUSPENSÃO;0;;
101;1519;05953;1519;101.05953;CATEGORIA0;;1;1;0;1;;BRAÇO DE SUSPENSÃO;BRAÇO DE SUSPENSÃO;0;;
101;1519;05954;1519;101.05954;CATEGORIA0;;1;1;0;1;;PARAFUSO DA CABEÇA DO MOTOR;PARAFUSO DA CABEÇA DO MOTOR;0;;
101;1519;05955;1519;101.05955;CATEGORIA0;;1;1;0;1;;APOIO DE TRANSMISSÃO;APOIO DE TRANSMISSÃO;0;;
101;1519;05958;1519;101.05958;CATEGORIA0;;1;1;0;1;;JOGO DE FOLES DE DIREÇÃO;JOGO DE FOLES DE DIREÇÃO;0;;
101;1519;05959;1519;101.05959;CATEGORIA0;;1;1;0;1;;TAMPA DE FECHO;TAMPA DE FECHO;0;;
101;1519;05961;1519;101.05961;CATEGORIA0;;1;1;0;1;;BUJÃO DO CÁRTER;BUJÃO DO CÁRTER;0;;
101;1519;05962;1519;101.05962;CATEGORIA0;;1;1;0;1;;PORCA DO EIXO;PORCA DO EIXO;0;;
101;1519;05966;1519;101.05966;CATEGORIA0;;1;1;0;1;;AJUSTADOR DE FOLGA;AJUSTADOR DE FOLGA;0;;
101;1519;05967;1519;101.05967;CATEGORIA0;;1;1;0;1;;O-RING;O-RING;0;;
101;1519;05968;1519;101.05968;CATEGORIA0;;1;1;0;1;;AJUSTADOR DE FOLGA;AJUSTADOR DE FOLGA;0;;
101;1519;05969;1519;101.05969;CATEGORIA0;;1;1;0;1;;AJUSTADOR DE FOLGA;AJUSTADOR DE FOLGA;0;;
101;1519;05970;1519;101.05970;CATEGORIA0;;1;1;0;1;;O-RING;O-RING;0;;
101;1519;05971;1519;101.05971;CATEGORIA0;;1;1;0;1;;INTERRUPTOR DE LUZ;INTERRUPTOR DE LUZ;0;;
101;1519;05973;1519;101.05973;CATEGORIA0;;1;1;0;1;;AJUSTADOR DE FOLGA;AJUSTADOR DE FOLGA;0;;
101;1519;05974;1519;101.05974;CATEGORIA0;;1;1;0;1;;ÁRVORE DE CAMES;ÁRVORE DE CAMES;0;;
101;1519;05975;1519;101.05975;CATEGORIA0;;1;1;0;1;;MOLA DO CALÇO DE TRAVÃO;MOLA DO CALÇO DE TRAVÃO;0;;
101;1519;05978;1519;101.05978;CATEGORIA0;;1;1;0;1;;PARAFUSO DA CABEÇA DO MOTOR;PARAFUSO DA CABEÇA DO MOTOR;0;;
101;1519;05979;1519;101.05979;CATEGORIA0;;1;1;0;1;;PARAFUSO DA CABEÇA DO MOTOR;PARAFUSO DA CABEÇA DO MOTOR;0;;
101;1519;05981;1519;101.05981;CATEGORIA0;;1;1;0;1;;CASQUILHO DA ÁRVORE DO TRAVÃO;CASQUILHO DA ÁRVORE DO TRAVÃO;0;;
101;1519;05984;1519;101.05984;CATEGORIA0;;1;1;0;1;;MOLA DO CALÇO DE TRAVÃO;MOLA DO CALÇO DE TRAVÃO;0;;
101;1519;05995;1519;101.05995;CATEGORIA0;;1;1;0;1;;JOGO DE ROLAMENTO DE RODA;JOGO DE ROLAMENTO DE RODA;0;;
101;1519;06001;1519;101.06001;CATEGORIA0;;1;1;0;1;;BOMBA DO ÓLEO;BOMBA DO ÓLEO;0;;
101;1519;06007;1519;101.06007;CATEGORIA0;;1;1;0;1;;JOGO PINO DO EIXO DIANTEIRO;JOGO PINO DO EIXO DIANTEIRO;0;;
101;1519;06009;1519;101.06009;CATEGORIA0;;1;1;0;1;;JOGO PINO DO EIXO DIANTEIRO;JOGO PINO DO EIXO DIANTEIRO;0;;
101;1519;06010;1519;101.06010;CATEGORIA0;;1;1;0;1;;JOGO PINO DO EIXO DIANTEIRO;JOGO PINO DO EIXO DIANTEIRO;0;;
101;1519;06015;1519;101.06015;CATEGORIA0;;1;1;0;1;;JOGO PINO DO EIXO DIANTEIRO;JOGO PINO DO EIXO DIANTEIRO;0;;
101;1519;06016;1519;101.06016;CATEGORIA0;;1;1;0;1;;JOGO PINO DO EIXO DIANTEIRO;JOGO PINO DO EIXO DIANTEIRO;0;;
101;1519;06017;1519;101.06017;CATEGORIA0;;1;1;0;1;;JOGO PINO DO EIXO DIANTEIRO;JOGO PINO DO EIXO DIANTEIRO;0;;
101;1519;06020;1519;101.06020;CATEGORIA0;;1;1;0;1;;APOIO DE TRANSMISSÃO;APOIO DE TRANSMISSÃO;0;;
101;1519;06022;1519;101.06022;CATEGORIA0;;1;1;0;1;;BOMBA DO ÓLEO;BOMBA DO ÓLEO;0;;
101;1519;06023;1519;101.06023;CATEGORIA0;;1;1;0;1;;JOGO DE ÁRVORE DE CAMES;JOGO DE ÁRVORE DE CAMES;0;;
101;1519;06024;1519;101.06024;CATEGORIA0;;1;1;0;1;;ÁRVORE DE CAMES;ÁRVORE DE CAMES;0;;
101;1519;06025;1519;101.06025;CATEGORIA0;;1;1;0;1;;JOGO DE ÁRVORE DE CAMES;JOGO DE ÁRVORE DE CAMES;0;;
101;1519;06030;1519;101.06030;CATEGORIA0;;1;1;0;1;;VÁLVULA DE PRESSÃO DE ÓLEO;VÁLVULA DE PRESSÃO DE ÓLEO;0;;
101;1519;06031;1519;101.06031;CATEGORIA0;;1;1;0;1;;INTERRUPTOR DE TEMPERATURA;INTERRUPTOR DE TEMPERATURA;0;;
101;1519;06033;1519;101.06033;CATEGORIA0;;1;1;0;1;;INTERRUPTOR DE PRESSÃO DE ÓLEO;INTERRUPTOR DE PRESSÃO DE ÓLEO;0;;
101;1519;06035;1519;101.06035;CATEGORIA0;;1;1;0;1;;INTERRUPTOR DE LUZ DE STOP;INTERRUPTOR DE LUZ DE STOP;0;;
101;1519;06036;1519;101.06036;CATEGORIA0;;1;1;0;1;;INTERRUPTOR DE LUZ DE STOP;INTERRUPTOR DE LUZ DE STOP;0;;
101;1519;06040;1519;101.06040;CATEGORIA0;;1;1;0;1;;BOMBA DO ÓLEO;BOMBA DO ÓLEO;0;;
101;1519;06042;1519;101.06042;CATEGORIA0;;1;1;0;1;;INTERRUPTOR DE TEMPERATURA;INTERRUPTOR DE TEMPERATURA;0;;
101;1519;06043;1519;101.06043;CATEGORIA0;;1;1;0;1;;CASQUILHO DO BRAÇO OSCILANTE;CASQUILHO DO BRAÇO OSCILANTE;0;;
101;1519;06044;1519;101.06044;CATEGORIA0;;1;1;0;1;;BRAÇO PENDULAR;BRAÇO PENDULAR;0;;
101;1519;06045;1519;101.06045;CATEGORIA0;;1;1;0;1;;AJUSTADOR DE FOLGA;AJUSTADOR DE FOLGA;0;;
101;1519;06046;1519;101.06046;CATEGORIA0;;1;1;0;1;;AJUSTADOR DE FOLGA;AJUSTADOR DE FOLGA;0;;
101;1519;06048;1519;101.06048;CATEGORIA0;;1;1;0;1;;APOIO DA BARRA TRANSVERSAL;APOIO DA BARRA TRANSVERSAL;0;;
101;1519;06049;1519;101.06049;CATEGORIA0;;1;1;0;1;;CASQUILHO DA MOLA DE SUSPENSÃO;CASQUILHO DA MOLA DE SUSPENSÃO;0;;
101;1519;06050;1519;101.06050;CATEGORIA0;;1;1;0;1;;TENSOR;TENSOR;0;;
101;1519;06051;1519;101.06051;CATEGORIA0;;1;1;0;1;;POLIE DE DESVIO;POLIE DE DESVIO;0;;
101;1519;06053;1519;101.06053;CATEGORIA0;;1;1;0;1;;TUCHE DE VÁLVULAS;TUCHE DE VÁLVULAS;0;;
101;1519;06054;1519;101.06054;CATEGORIA0;;1;1;0;1;;MOLA DO CALÇO DE TRAVÃO;MOLA DO CALÇO DE TRAVÃO;0;;
101;1519;06055;1519;101.06055;CATEGORIA0;;1;1;0;1;;VOLANTE DE MOTOR;VOLANTE DE MOTOR;0;;
101;1519;06056;1519;101.06056;CATEGORIA0;;1;1;0;1;;TAMPA DO TANQUE DE COMBUSTÍVEL;TAMPA DO TANQUE DE COMBUSTÍVEL;0;;
101;1519;06057;1519;101.06057;CATEGORIA0;;1;1;0;1;;VOLANTE DE MOTOR;VOLANTE DE MOTOR;0;;
101;1519;06058;1519;101.06058;CATEGORIA0;;1;1;0;1;;VOLANTE DE MOTOR;VOLANTE DE MOTOR;0;;
101;1519;06059;1519;101.06059;CATEGORIA0;;1;1;0;1;;PARAFUSO DO CALÇO DE TRAVÃO;PARAFUSO DO CALÇO DE TRAVÃO;0;;
101;1519;06062;1519;101.06062;CATEGORIA0;;1;1;0;1;;CILINDRO DO TRAVÃO DE RODA;CILINDRO DO TRAVÃO DE RODA;0;;
101;1519;06070;1519;101.06070;CATEGORIA0;;1;1;0;1;;POLIE DE DESVIO;POLIE DE DESVIO;0;;
101;1519;06072;1519;101.06072;CATEGORIA0;;1;1;0;1;;APOIO DE MOTOR;APOIO DE MOTOR;0;;
101;1519;06073;1519;101.06073;CATEGORIA0;;1;1;0;1;;APOIO DE MOTOR;APOIO DE MOTOR;0;;
101;1519;06074;1519;101.06074;CATEGORIA0;;1;1;0;1;;CUBO DA RODA;CUBO DA RODA;0;;
101;1519;06075;1519;101.06075;CATEGORIA0;;1;1;0;1;;CUBO DA RODA;CUBO DA RODA;0;;
101;1519;06076;1519;101.06076;CATEGORIA0;;1;1;0;1;;PARAFUSO PARA VOLANTE DE MOTOR;PARAFUSO PARA VOLANTE DE MOTOR;0;;
101;1519;06082;1519;101.06082;CATEGORIA0;;1;1;0;1;;BARRA INTERMÉDIA DE DIREÇÃO;BARRA INTERMÉDIA DE DIREÇÃO;0;;
101;1519;06084;1519;101.06084;CATEGORIA0;;1;1;0;1;;MOTOR DE ESGUICHO;MOTOR DE ESGUICHO;0;;
101;1519;06085;1519;101.06085;CATEGORIA0;;1;1;0;1;;SUPORTE DO DISPOSITIVO AMORTECEDOR;SUPORTE DO DISPOSITIVO AMORTECEDOR;0;;
101;1519;06097;1519;101.06097;CATEGORIA0;;1;1;0;1;;CILINDRO DO TRAVÃO DE RODA;CILINDRO DO TRAVÃO DE RODA;0;;
101;1519;06098;1519;101.06098;CATEGORIA0;;1;1;0;1;;CILINDRO DO TRAVÃO DE RODA;CILINDRO DO TRAVÃO DE RODA;0;;
101;1519;06099;1519;101.06099;CATEGORIA0;;1;1;0;1;;CASQUILHO DA ÁRVORE DO TRAVÃO;CASQUILHO DA ÁRVORE DO TRAVÃO;0;;
101;1519;06100;1519;101.06100;CATEGORIA0;;1;1;0;1;;CASQUILHO DA ÁRVORE DO TRAVÃO;CASQUILHO DA ÁRVORE DO TRAVÃO;0;;
101;1519;06101;1519;101.06101;CATEGORIA0;;1;1;0;1;;JUNTA;JUNTA;0;;
101;1519;06102;1519;101.06102;CATEGORIA0;;1;1;0;1;;CILINDRO DO TRAVÃO DE RODA;CILINDRO DO TRAVÃO DE RODA;0;;
101;1519;06112;1519;101.06112;CATEGORIA0;;1;1;0;1;;CILINDRO DO TRAVÃO DE RODA;CILINDRO DO TRAVÃO DE RODA;0;;
101;1519;06115;1519;101.06115;CATEGORIA0;;1;1;0;1;;JOGO SUPORTE DE ESTABILIZADOR;JOGO SUPORTE DE ESTABILIZADOR;0;;
101;1519;06129;1519;101.06129;CATEGORIA0;;1;1;0;1;;JOGO DE FOLES DE TRANSMISSÃO;JOGO DE FOLES DE TRANSMISSÃO;0;;
101;1519;06130;1519;101.06130;CATEGORIA0;;1;1;0;1;;JOGO DE FOLES DE TRANSMISSÃO;JOGO DE FOLES DE TRANSMISSÃO;0;;
101;1519;06131;1519;101.06131;CATEGORIA0;;1;1;0;1;;JOGO DE FOLES DE TRANSMISSÃO;JOGO DE FOLES DE TRANSMISSÃO;0;;
101;1519;06132;1519;101.06132;CATEGORIA0;;1;1;0;1;;JOGO DE FOLES DE TRANSMISSÃO;JOGO DE FOLES DE TRANSMISSÃO;0;;
101;1519;06135;1519;101.06135;CATEGORIA0;;1;1;0;1;;JOGO DE FOLES DE TRANSMISSÃO;JOGO DE FOLES DE TRANSMISSÃO;0;;
101;1519;06136;1519;101.06136;CATEGORIA0;;1;1;0;1;;PORCA ESFÉRICA COM COLAR;PORCA ESFÉRICA COM COLAR;0;;
101;1519;06137;1519;101.06137;CATEGORIA0;;1;1;0;1;;CILINDRO DO TRAVÃO DE RODA;CILINDRO DO TRAVÃO DE RODA;0;;
101;1519;06138;1519;101.06138;CATEGORIA0;;1;1;0;1;;TOMADA ABS;TOMADA ABS;0;;
101;1519;06139;1519;101.06139;CATEGORIA0;;1;1;0;1;;TENSOR;TENSOR;0;;
101;1519;06140;1519;101.06140;CATEGORIA0;;1;1;0;1;;FICHA ABS;FICHA ABS;0;;
101;1519;06146;1519;101.06146;CATEGORIA0;;1;1;0;1;;POLIE DE DESVIO;POLIE DE DESVIO;0;;
101;1519;06157;1519;101.06157;CATEGORIA0;;1;1;0;1;;BRAÇO DE SUSPENSÃO;BRAÇO DE SUSPENSÃO;0;;
101;1519;06158;1519;101.06158;CATEGORIA0;;1;1;0;1;;BRAÇO DE SUSPENSÃO;BRAÇO DE SUSPENSÃO;0;;
101;1519;06161;1519;101.06161;CATEGORIA0;;1;1;0;1;;ÓLEO HIDRÁULICO PARA A HIDRÁULICA CENTRAL, DIREÇÃO ASSISTIDA;ÓLEO HIDRÁULICO PARA A HIDRÁULICA CENTRAL, DIREÇÃO ASSISTIDA;0;;
101;1519;06162;1519;101.06162;CATEGORIA0;;1;1;0;1;;ÓLEO HIDRÁULICO PARA HIDRÁULICA CENTRAL;ÓLEO HIDRÁULICO PARA HIDRÁULICA CENTRAL;0;;
101;1519;06163;1519;101.06163;CATEGORIA0;;1;1;0;1;;CILINDRO DE TRABALHO;CILINDRO DE TRABALHO;0;;
101;1519;06167;1519;101.06167;CATEGORIA0;;1;1;0;1;;JOGO DE ROLAMENTO DE RODA;JOGO DE ROLAMENTO DE RODA;0;;
101;1519;06168;1519;101.06168;CATEGORIA0;;1;1;0;1;;CABO DE TRAVÃO;CABO DE TRAVÃO;0;;
101;1519;06169;1519;101.06169;CATEGORIA0;;1;1;0;1;;CABO DE EMBRAIAGEM;CABO DE EMBRAIAGEM;0;;
101;1519;06170;1519;101.06170;CATEGORIA0;;1;1;0;1;;CASQUILHO DO BRAÇO OSCILANTE;CASQUILHO DO BRAÇO OSCILANTE;0;;
101;1519;06171;1519;101.06171;CATEGORIA0;;1;1;0;1;;MOTOR DE ESGUICHO;MOTOR DE ESGUICHO;0;;
101;1519;06172;1519;101.06172;CATEGORIA0;;1;1;0;1;;CASQUILHO DO BRAÇO OSCILANTE;CASQUILHO DO BRAÇO OSCILANTE;0;;
101;1519;06174;1519;101.06174;CATEGORIA0;;1;1;0;1;;RETENTOR DO VEIO;RETENTOR DO VEIO;0;;
101;1519;06175;1519;101.06175;CATEGORIA0;;1;1;0;1;;JOGO DE FOLES DE TRANSMISSÃO;JOGO DE FOLES DE TRANSMISSÃO;0;;
101;1519;06178;1519;101.06178;CATEGORIA0;;1;1;0;1;;JUNTA DA HASTE DE VÁLVULA;JUNTA DA HASTE DE VÁLVULA;0;;
101;1519;06179;1519;101.06179;CATEGORIA0;;1;1;0;1;;CASQUILHO DO BRAÇO OSCILANTE;CASQUILHO DO BRAÇO OSCILANTE;0;;
101;1519;06185;1519;101.06185;CATEGORIA0;;1;1;0;1;;CASQUILHO DA BARRA ESTABILIZADORA;CASQUILHO DA BARRA ESTABILIZADORA;0;;
101;1519;06187;1519;101.06187;CATEGORIA0;;1;1;0;1;;INTERRUPTOR DE TEMPERATURA;INTERRUPTOR DE TEMPERATURA;0;;
101;1519;06188;1519;101.06188;CATEGORIA0;;1;1;0;1;;TUCHE DE VÁLVULAS;TUCHE DE VÁLVULAS;0;;
101;1519;06189;1519;101.06189;CATEGORIA0;;1;1;0;1;;TUCHE DE VÁLVULAS;TUCHE DE VÁLVULAS;0;;
101;1519;06191;1519;101.06191;CATEGORIA0;;1;1;0;1;;CABEÇA DE DIREÇÃO EXTERIOR;CABEÇA DE DIREÇÃO EXTERIOR;0;;
101;1519;06192;1519;101.06192;CATEGORIA0;;1;1;0;1;;CABEÇA DE DIREÇÃO EXTERIOR;CABEÇA DE DIREÇÃO EXTERIOR;0;;
101;1519;06193;1519;101.06193;CATEGORIA0;;1;1;0;1;;CABEÇA DE DIREÇÃO EXTERIOR;CABEÇA DE DIREÇÃO EXTERIOR;0;;
101;1519;06194;1519;101.06194;CATEGORIA0;;1;1;0;1;;CABEÇA DE DIREÇÃO EXTERIOR;CABEÇA DE DIREÇÃO EXTERIOR;0;;
101;1519;06195;1519;101.06195;CATEGORIA0;;1;1;0;1;;BARRA INTERMÉDIA DE DIREÇÃO;BARRA INTERMÉDIA DE DIREÇÃO;0;;
101;1519;06197;1519;101.06197;CATEGORIA0;;1;1;0;1;;JOGO DE REP. EIXO DE ARRASTE;JOGO DE REP. EIXO DE ARRASTE;0;;
101;1519;06200;1519;101.06200;CATEGORIA0;;1;1;0;1;;ROLAMENTO DE RODA OU ROLAMENTO DO VEIO DA CAIXA DE VELOCIDAD;ROLAMENTO DE RODA OU ROLAMENTO DO VEIO DA CAIXA DE VELOCIDAD;0;;
101;1519;06213;1519;101.06213;CATEGORIA0;;1;1;0;1;;CASQUILHO DO BRAÇO OSCILANTE;CASQUILHO DO BRAÇO OSCILANTE;0;;
101;1519;06218;1519;101.06218;CATEGORIA0;;1;1;0;1;;PORCA DE RODA;PORCA DE RODA;0;;
101;1519;06221;1519;101.06221;CATEGORIA0;;1;1;0;1;;JUNTA PARA PARA-BRISAS;JUNTA PARA PARA-BRISAS;0;;
101;1519;06223;1519;101.06223;CATEGORIA0;;1;1;0;1;;ANEL DE CENTRAGEM;ANEL DE CENTRAGEM;0;;
101;1519;06225;1519;101.06225;CATEGORIA0;;1;1;0;1;;CASQUILHO DA MOLA DE SUSPENSÃO;CASQUILHO DA MOLA DE SUSPENSÃO;0;;
101;1519;06226;1519;101.06226;CATEGORIA0;;1;1;0;1;;CASQUILHO DA BARRA ESTABILIZADORA;CASQUILHO DA BARRA ESTABILIZADORA;0;;
101;1519;06227;1519;101.06227;CATEGORIA0;;1;1;0;1;;JOGO SUPORTE DE ESTABILIZADOR;JOGO SUPORTE DE ESTABILIZADOR;0;;
101;1519;06228;1519;101.06228;CATEGORIA0;;1;1;0;1;;BORRACHA DE ENCOSTO;BORRACHA DE ENCOSTO;0;;
101;1519;06229;1519;101.06229;CATEGORIA0;;1;1;0;1;;PARAFUSO DA CABEÇA DO MOTOR;PARAFUSO DA CABEÇA DO MOTOR;0;;
101;1519;06230;1519;101.06230;CATEGORIA0;;1;1;0;1;;CONTRAFIXA DIAGONAL;CONTRAFIXA DIAGONAL;0;;
101;1519;06232;1519;101.06232;CATEGORIA0;;1;1;0;1;;MOLA DO CALÇO DE TRAVÃO;MOLA DO CALÇO DE TRAVÃO;0;;
101;1519;06234;1519;101.06234;CATEGORIA0;;1;1;0;1;;PARAFUSO DA CABEÇA DO MOTOR;PARAFUSO DA CABEÇA DO MOTOR;0;;
101;1519;06236;1519;101.06236;CATEGORIA0;;1;1;0;1;;CABO DE EMBRAIAGEM;CABO DE EMBRAIAGEM;0;;
101;1519;06237;1519;101.06237;CATEGORIA0;;1;1;0;1;;SUPORTE DA CABINA DO MOTORISTA;SUPORTE DA CABINA DO MOTORISTA;0;;
101;1519;06238;1519;101.06238;CATEGORIA0;;1;1;0;1;;CILINDRO DE AR COMPRIMIDO;CILINDRO DE AR COMPRIMIDO;0;;
101;1519;06239;1519;101.06239;CATEGORIA0;;1;1;0;1;;CABEÇA DE DIREÇÃO EXTERIOR / BARRA INTERMÉDIA DE DIREÇÃO;CABEÇA DE DIREÇÃO EXTERIOR / BARRA INTERMÉDIA DE DIREÇÃO;0;;
101;1519;06240;1519;101.06240;CATEGORIA0;;1;1;0;1;;CABEÇA DE DIREÇÃO EXTERIOR / BARRA INTERMÉDIA DE DIREÇÃO;CABEÇA DE DIREÇÃO EXTERIOR / BARRA INTERMÉDIA DE DIREÇÃO;0;;
101;1519;06241;1519;101.06241;CATEGORIA0;;1;1;0;1;;PEÇA TERMINAL DA BARRA DA DIREÇÃO;PEÇA TERMINAL DA BARRA DA DIREÇÃO;0;;
101;1519;06243;1519;101.06243;CATEGORIA0;;1;1;0;1;;PORCA DO EIXO;PORCA DO EIXO;0;;
101;1519;06249;1519;101.06249;CATEGORIA0;;1;1;0;1;;ENCOSTO DE BORRACHA-METAL;ENCOSTO DE BORRACHA-METAL;0;;
101;1519;06250;1519;101.06250;CATEGORIA0;;1;1;0;1;;CABEÇA DE DIREÇÃO EXTERIOR;CABEÇA DE DIREÇÃO EXTERIOR;0;;
101;1519;06251;1519;101.06251;CATEGORIA0;;1;1;0;1;;GUIA;GUIA;0;;
101;1519;06252;1519;101.06252;CATEGORIA0;;1;1;0;1;;CONECTOR DE FICHA;CONECTOR DE FICHA;0;;
101;1519;06253;1519;101.06253;CATEGORIA0;;1;1;0;1;;CONECTOR DE FICHA;CONECTOR DE FICHA;0;;
101;1519;06254;1519;101.06254;CATEGORIA0;;1;1;0;1;;PORCA DE RODA;PORCA DE RODA;0;;
101;1519;06255;1519;101.06255;CATEGORIA0;;1;1;0;1;;CONECTOR DE FICHA;CONECTOR DE FICHA;0;;
101;1519;06256;1519;101.06256;CATEGORIA0;;1;1;0;1;;CONECTOR DE FICHA;CONECTOR DE FICHA;0;;
101;1519;06257;1519;101.06257;CATEGORIA0;;1;1;0;1;;JOGO DE REP. ALAVANCA DE VELOCIDADES;JOGO DE REP. ALAVANCA DE VELOCIDADES;0;;
101;1519;06258;1519;101.06258;CATEGORIA0;;1;1;0;1;;CONECTOR DE FICHA;CONECTOR DE FICHA;0;;
101;1519;06259;1519;101.06259;CATEGORIA0;;1;1;0;1;;CONECTOR DE FICHA;CONECTOR DE FICHA;0;;
101;1519;06260;1519;101.06260;CATEGORIA0;;1;1;0;1;;DISCO DE TRAVÃO;DISCO DE TRAVÃO;0;;
101;1519;06263;1519;101.06263;CATEGORIA0;;1;1;0;1;;CABO DE TRAVÃO;CABO DE TRAVÃO;0;;
101;1519;06269;1519;101.06269;CATEGORIA0;;1;1;0;1;;JUNTA DE TAMPA DE VÁLVULAS;JUNTA DE TAMPA DE VÁLVULAS;0;;
101;1519;06270;1519;101.06270;CATEGORIA0;;1;1;0;1;;PINO DA RODA;PINO DA RODA;0;;
101;1519;06271;1519;101.06271;CATEGORIA0;;1;1;0;1;;PINO DA RODA;PINO DA RODA;0;;
101;1519;06272;1519;101.06272;CATEGORIA0;;1;1;0;1;;PINO DA RODA;PINO DA RODA;0;;
101;1519;06273;1519;101.06273;CATEGORIA0;;1;1;0;1;;PINO DA RODA;PINO DA RODA;0;;
101;1519;06274;1519;101.06274;CATEGORIA0;;1;1;0;1;;PINO DA RODA;PINO DA RODA;0;;
101;1519;06275;1519;101.06275;CATEGORIA0;;1;1;0;1;;PINO DA RODA;PINO DA RODA;0;;
101;1519;06277;1519;101.06277;CATEGORIA0;;1;1;0;1;;PINO DA RODA;PINO DA RODA;0;;
101;1519;06278;1519;101.06278;CATEGORIA0;;1;1;0;1;;PINO DA RODA;PINO DA RODA;0;;
101;1519;06279;1519;101.06279;CATEGORIA0;;1;1;0;1;;PINO DA RODA;PINO DA RODA;0;;
101;1519;06280;1519;101.06280;CATEGORIA0;;1;1;0;1;;PINO DA RODA;PINO DA RODA;0;;
101;1519;06281;1519;101.06281;CATEGORIA0;;1;1;0;1;;PINO DA RODA;PINO DA RODA;0;;
101;1519;06282;1519;101.06282;CATEGORIA0;;1;1;0;1;;JUNTA DE TAMPA DE VÁLVULAS;JUNTA DE TAMPA DE VÁLVULAS;0;;
101;1519;06283;1519;101.06283;CATEGORIA0;;1;1;0;1;;JUNTA DE TAMPA DE VÁLVULAS;JUNTA DE TAMPA DE VÁLVULAS;0;;
101;1519;06285;1519;101.06285;CATEGORIA0;;1;1;0;1;;TAMPA DO TANQUE DE COMBUSTÍVEL;TAMPA DO TANQUE DE COMBUSTÍVEL;0;;
101;1519;06286;1519;101.06286;CATEGORIA0;;1;1;0;1;;TAMPA DO TANQUE DE COMBUSTÍVEL;TAMPA DO TANQUE DE COMBUSTÍVEL;0;;
101;1519;06287;1519;101.06287;CATEGORIA0;;1;1;0;1;;PINO DA RODA;PINO DA RODA;0;;
101;1519;06288;1519;101.06288;CATEGORIA0;;1;1;0;1;;TAMPA DO TANQUE DE COMBUSTÍVEL;TAMPA DO TANQUE DE COMBUSTÍVEL;0;;
101;1519;06289;1519;101.06289;CATEGORIA0;;1;1;0;1;;PINO DA RODA;PINO DA RODA;0;;
101;1519;06290;1519;101.06290;CATEGORIA0;;1;1;0;1;;JUNTA PARA PARA-BRISAS;JUNTA PARA PARA-BRISAS;0;;
101;1519;06291;1519;101.06291;CATEGORIA0;;1;1;0;1;;PINO DA RODA;PINO DA RODA;0;;
101;1519;06292;1519;101.06292;CATEGORIA0;;1;1;0;1;;PINO DA RODA;PINO DA RODA;0;;
101;1519;06293;1519;101.06293;CATEGORIA0;;1;1;0;1;;PINO DA RODA;PINO DA RODA;0;;
101;1519;06294;1519;101.06294;CATEGORIA0;;1;1;0;1;;PINO DA RODA;PINO DA RODA;0;;
101;1519;06295;1519;101.06295;CATEGORIA0;;1;1;0;1;;JOGO DE FOLES DE TRANSMISSÃO;JOGO DE FOLES DE TRANSMISSÃO;0;;
101;1519;06296;1519;101.06296;CATEGORIA0;;1;1;0;1;;POLIE DE DESVIO;POLIE DE DESVIO;0;;
101;1519;06297;1519;101.06297;CATEGORIA0;;1;1;0;1;;PINO DA RODA;PINO DA RODA;0;;
101;1519;06298;1519;101.06298;CATEGORIA0;;1;1;0;1;;POLIE DE DESVIO;POLIE DE DESVIO;0;;
101;1519;06299;1519;101.06299;CATEGORIA0;;1;1;0;1;;JOGO DE FOLES DE TRANSMISSÃO;JOGO DE FOLES DE TRANSMISSÃO;0;;
101;1519;06300;1519;101.06300;CATEGORIA0;;1;1;0;1;;ANILHA;ANILHA;0;;
101;1519;06301;1519;101.06301;CATEGORIA0;;1;1;0;1;;CABEÇA DE DIREÇÃO EXTERIOR;CABEÇA DE DIREÇÃO EXTERIOR;0;;
101;1519;06302;1519;101.06302;CATEGORIA0;;1;1;0;1;;CABEÇA DE DIREÇÃO EXTERIOR;CABEÇA DE DIREÇÃO EXTERIOR;0;;
101;1519;06305;1519;101.06305;CATEGORIA0;;1;1;0;1;;TENSOR;TENSOR;0;;
101;1519;06310;1519;101.06310;CATEGORIA0;;1;1;0;1;;DISCO DE TRAVÃO;DISCO DE TRAVÃO;0;;
101;1519;06319;1519;101.06319;CATEGORIA0;;1;1;0;1;;JOGO PINO DO EIXO DIANTEIRO;JOGO PINO DO EIXO DIANTEIRO;0;;
101;1519;06323;1519;101.06323;CATEGORIA0;;1;1;0;1;;TUCHE DE VÁLVULAS;TUCHE DE VÁLVULAS;0;;
101;1519;06326;1519;101.06326;CATEGORIA0;;1;1;0;1;;JOGO PINO DO EIXO DIANTEIRO;JOGO PINO DO EIXO DIANTEIRO;0;;
101;1519;06329;1519;101.06329;CATEGORIA0;;1;1;0;1;;LUZ DE POSIÇÃO;LUZ DE POSIÇÃO;0;;
101;1519;06340;1519;101.06340;CATEGORIA0;;1;1;0;1;;CASQUILHO DA BARRA ESTABILIZADORA;CASQUILHO DA BARRA ESTABILIZADORA;0;;
101;1519;06341;1519;101.06341;CATEGORIA0;;1;1;0;1;;CASQUILHO DA BARRA ESTABILIZADORA;CASQUILHO DA BARRA ESTABILIZADORA;0;;
101;1519;06343;1519;101.06343;CATEGORIA0;;1;1;0;1;;POLIE DE DESVIO;POLIE DE DESVIO;0;;
101;1519;06346;1519;101.06346;CATEGORIA0;;1;1;0;1;;POLIE DE DESVIO;POLIE DE DESVIO;0;;
101;1519;06350;1519;101.06350;CATEGORIA0;;1;1;0;1;;CONJUNTO DE CASQUILHOS DO BRAÇO DE SUSPENSÃO;CONJUNTO DE CASQUILHOS DO BRAÇO DE SUSPENSÃO;0;;
101;1519;06351;1519;101.06351;CATEGORIA0;;1;1;0;1;;CASQUILHO DA MOLA DE SUSPENSÃO;CASQUILHO DA MOLA DE SUSPENSÃO;0;;
101;1519;06352;1519;101.06352;CATEGORIA0;;1;1;0;1;;CASQUILHO DA MOLA DE SUSPENSÃO;CASQUILHO DA MOLA DE SUSPENSÃO;0;;
101;1519;06353;1519;101.06353;CATEGORIA0;;1;1;0;1;;CASQUILHO DO BRAÇO OSCILANTE;CASQUILHO DO BRAÇO OSCILANTE;0;;
101;1519;06355;1519;101.06355;CATEGORIA0;;1;1;0;1;;VÁLVULA DE PRESSÃO;VÁLVULA DE PRESSÃO;0;;
101;1519;06370;1519;101.06370;CATEGORIA0;;1;1;0;1;;POLIE DE DESVIO;POLIE DE DESVIO;0;;
101;1519;06371;1519;101.06371;CATEGORIA0;;1;1;0;1;;POLIE DE DESVIO;POLIE DE DESVIO;0;;
101;1519;06372;1519;101.06372;CATEGORIA0;;1;1;0;1;;BARRA INTERMÉDIA DE DIREÇÃO;BARRA INTERMÉDIA DE DIREÇÃO;0;;
101;1519;06374;1519;101.06374;CATEGORIA0;;1;1;0;1;;BARRA INTERMÉDIA DE DIREÇÃO;BARRA INTERMÉDIA DE DIREÇÃO;0;;
101;1519;06376;1519;101.06376;CATEGORIA0;;1;1;0;1;;MOLA DO CALÇO DE TRAVÃO;MOLA DO CALÇO DE TRAVÃO;0;;
101;1519;06384;1519;101.06384;CATEGORIA0;;1;1;0;1;;TENSOR DE CORREIA;TENSOR DE CORREIA;0;;
101;1519;06385;1519;101.06385;CATEGORIA0;;1;1;0;1;;TENSOR DE CORREIA;TENSOR DE CORREIA;0;;
101;1519;06386;1519;101.06386;CATEGORIA0;;1;1;0;1;;ANEL DE CENTRAGEM;ANEL DE CENTRAGEM;0;;
101;1519;06389;1519;101.06389;CATEGORIA0;;1;1;0;1;;APOIO DO TIRANTE DO EIXO;APOIO DO TIRANTE DO EIXO;0;;
101;1519;06395;1519;101.06395;CATEGORIA0;;1;1;0;1;;MOLA DE REPOSIÇÃO;MOLA DE REPOSIÇÃO;0;;
101;1519;06398;1519;101.06398;CATEGORIA0;;1;1;0;1;;BARRA DE ACOPLAMENTO;BARRA DE ACOPLAMENTO;0;;
101;1519;06401;1519;101.06401;CATEGORIA0;;1;1;0;1;;CILINDRO DE AR COMPRIMIDO;CILINDRO DE AR COMPRIMIDO;0;;
101;1519;06404;1519;101.06404;CATEGORIA0;;1;1;0;1;;APOIO CENTRAL DO VEIO DE TRANSMISSÃO;APOIO CENTRAL DO VEIO DE TRANSMISSÃO;0;;
101;1519;06405;1519;101.06405;CATEGORIA0;;1;1;0;1;;VÁLVULA DO COMUTADOR CILÍNDRICO;VÁLVULA DO COMUTADOR CILÍNDRICO;0;;
101;1519;06406;1519;101.06406;CATEGORIA0;;1;1;0;1;;VÁLVULA DO COMUTADOR CILÍNDRICO;VÁLVULA DO COMUTADOR CILÍNDRICO;0;;
101;1519;06411;1519;101.06411;CATEGORIA0;;1;1;0;1;;VÁLVULA DO COMUTADOR CILÍNDRICO;VÁLVULA DO COMUTADOR CILÍNDRICO;0;;
101;1519;06413;1519;101.06413;CATEGORIA0;;1;1;0;1;;JOGO DE REP. TIRANTE DO EIXO;JOGO DE REP. TIRANTE DO EIXO;0;;
101;1519;06416;1519;101.06416;CATEGORIA0;;1;1;0;1;;PARAFUSO TENSILOCK;PARAFUSO TENSILOCK;0;;
101;1519;06417;1519;101.06417;CATEGORIA0;;1;1;0;1;;LUZ TRASEIRA;LUZ TRASEIRA;0;;
101;1519;06418;1519;101.06418;CATEGORIA0;;1;1;0;1;;TENSOR DE CORREIA;TENSOR DE CORREIA;0;;
101;1519;06419;1519;101.06419;CATEGORIA0;;1;1;0;1;;LUZ TRASEIRA;LUZ TRASEIRA;0;;
101;1519;06420;1519;101.06420;CATEGORIA0;;1;1;0;1;;TENSOR DE CORREIA;TENSOR DE CORREIA;0;;
101;1519;06423;1519;101.06423;CATEGORIA0;;1;1;0;1;;CAVILHA COM ENTALHE;CAVILHA COM ENTALHE;0;;
101;1519;06424;1519;101.06424;CATEGORIA0;;1;1;0;1;;CAVILHA COM ENTALHE;CAVILHA COM ENTALHE;0;;
101;1519;06425;1519;101.06425;CATEGORIA0;;1;1;0;1;;CONTRAPORCA;CONTRAPORCA;0;;
101;1519;06426;1519;101.06426;CATEGORIA0;;1;1;0;1;;APOIO DE MOTOR;APOIO DE MOTOR;0;;
101;1519;06427;1519;101.06427;CATEGORIA0;;1;1;0;1;;APOIO DE MOTOR;APOIO DE MOTOR;0;;
101;1519;06431;1519;101.06431;CATEGORIA0;;1;1;0;1;;MOTOR DE ESGUICHO;MOTOR DE ESGUICHO;0;;
101;1519;06432;1519;101.06432;CATEGORIA0;;1;1;0;1;;VÁLVULA TERMO PNEUMÁTICA;VÁLVULA TERMO PNEUMÁTICA;0;;
101;1519;06437;1519;101.06437;CATEGORIA0;;1;1;0;1;;CASQUILHO;CASQUILHO;0;;
101;1519;06438;1519;101.06438;CATEGORIA0;;1;1;0;1;;CASQUILHO;CASQUILHO;0;;
101;1519;06439;1519;101.06439;CATEGORIA0;;1;1;0;1;;CAVILHA DE MOLA;CAVILHA DE MOLA;0;;
101;1519;06440;1519;101.06440;CATEGORIA0;;1;1;0;1;;CAVILHA DE MOLA;CAVILHA DE MOLA;0;;
101;1519;06441;1519;101.06441;CATEGORIA0;;1;1;0;1;;FILTRO DE TRANSMISSÃO;FILTRO DE TRANSMISSÃO;0;;
101;1519;06442;1519;101.06442;CATEGORIA0;;1;1;0;1;;VIDRO DE SUBSTITUIÇÃO;VIDRO DE SUBSTITUIÇÃO;0;;
101;1519;06443;1519;101.06443;CATEGORIA0;;1;1;0;1;;CHAPA DE SEGURANÇA;CHAPA DE SEGURANÇA;0;;
101;1519;06445;1519;101.06445;CATEGORIA0;;1;1;0;1;;FILTRO DE TRANSMISSÃO;FILTRO DE TRANSMISSÃO;0;;
101;1519;06446;1519;101.06446;CATEGORIA0;;1;1;0;1;;JUNTA DA HASTE DE VÁLVULA;JUNTA DA HASTE DE VÁLVULA;0;;
101;1519;06447;1519;101.06447;CATEGORIA0;;1;1;0;1;;CALÇO DE TRAVÃO;CALÇO DE TRAVÃO;0;;
101;1519;06455;1519;101.06455;CATEGORIA0;;1;1;0;1;;JOGO DO PERNOS PARA CALÇOS DE TRAVÃO;JOGO DO PERNOS PARA CALÇOS DE TRAVÃO;0;;
101;1519;06456;1519;101.06456;CATEGORIA0;;1;1;0;1;;CHAPA DE SEGURANÇA;CHAPA DE SEGURANÇA;0;;
101;1519;06457;1519;101.06457;CATEGORIA0;;1;1;0;1;;CHAPA DE SEGURANÇA;CHAPA DE SEGURANÇA;0;;
101;1519;06458;1519;101.06458;CATEGORIA0;;1;1;0;1;;ANEL DE COBERTURA;ANEL DE COBERTURA;0;;
101;1519;06463;1519;101.06463;CATEGORIA0;;1;1;0;1;;BRAÇO DE SUSPENSÃO;BRAÇO DE SUSPENSÃO;0;;
101;1519;06464;1519;101.06464;CATEGORIA0;;1;1;0;1;;BRAÇO DE SUSPENSÃO;BRAÇO DE SUSPENSÃO;0;;
101;1519;06465;1519;101.06465;CATEGORIA0;;1;1;0;1;;PINO DA RODA;PINO DA RODA;0;;
101;1519;06467;1519;101.06467;CATEGORIA0;;1;1;0;1;;BARRA DE ACOPLAMENTO;BARRA DE ACOPLAMENTO;0;;
101;1519;06468;1519;101.06468;CATEGORIA0;;1;1;0;1;;APOIO DE TRANSMISSÃO;APOIO DE TRANSMISSÃO;0;;
101;1519;06469;1519;101.06469;CATEGORIA0;;1;1;0;1;;APOIO DE TRANSMISSÃO;APOIO DE TRANSMISSÃO;0;;
101;1519;06470;1519;101.06470;CATEGORIA0;;1;1;0;1;;JOGO DE JUNTAS;JOGO DE JUNTAS;0;;
101;1519;06471;1519;101.06471;CATEGORIA0;;1;1;0;1;;JOGO DE JUNTAS;JOGO DE JUNTAS;0;;
101;1519;06475;1519;101.06475;CATEGORIA0;;1;1;0;1;;APOIO DE TRANSMISSÃO;APOIO DE TRANSMISSÃO;0;;
101;1519;06507;1519;101.06507;CATEGORIA0;;1;1;0;1;;JOGO DE ROLAMENTO DE RODA;JOGO DE ROLAMENTO DE RODA;0;;
101;1519;06512;1519;101.06512;CATEGORIA0;;1;1;0;1;;DISCO DE TRAVÃO;DISCO DE TRAVÃO;0;;
101;1519;06519;1519;101.06519;CATEGORIA0;;1;1;0;1;;RETENTOR;RETENTOR;0;;
101;1519;06524;1519;101.06524;CATEGORIA0;;1;1;0;1;;BRAÇO DE SUSPENSÃO;BRAÇO DE SUSPENSÃO;0;;
101;1519;06526;1519;101.06526;CATEGORIA0;;1;1;0;1;;REFLETOR LATERAL;REFLETOR LATERAL;0;;
101;1519;06528;1519;101.06528;CATEGORIA0;;1;1;0;1;;VÁLVULA DE PURGA;VÁLVULA DE PURGA;0;;
101;1519;06529;1519;101.06529;CATEGORIA0;;1;1;0;1;;CABEÇA DA EMBRAIAGEM;CABEÇA DA EMBRAIAGEM;0;;
101;1519;06530;1519;101.06530;CATEGORIA0;;1;1;0;1;;CABEÇA DA EMBRAIAGEM;CABEÇA DA EMBRAIAGEM;0;;
101;1519;06532;1519;101.06532;CATEGORIA0;;1;1;0;1;;MEMBRO DE PRESSÃO;MEMBRO DE PRESSÃO;0;;
101;1519;06533;1519;101.06533;CATEGORIA0;;1;1;0;1;;NIPLE DE LUBRIFICAÇÃO;NIPLE DE LUBRIFICAÇÃO;0;;
101;1519;06535;1519;101.06535;CATEGORIA0;;1;1;0;1;;PINO;PINO;0;;
101;1519;06536;1519;101.06536;CATEGORIA0;;1;1;0;1;;EIXO DO BALANCEIRO;EIXO DO BALANCEIRO;0;;
101;1519;06543;1519;101.06543;CATEGORIA0;;1;1;0;1;;PARAFUSO DA CABEÇA DO MOTOR;PARAFUSO DA CABEÇA DO MOTOR;0;;
101;1519;06547;1519;101.06547;CATEGORIA0;;1;1;0;1;;DISCO DE TRAVÃO;DISCO DE TRAVÃO;0;;
101;1519;06548;1519;101.06548;CATEGORIA0;;1;1;0;1;;DISCO DE TRAVÃO;DISCO DE TRAVÃO;0;;
101;1519;06549;1519;101.06549;CATEGORIA0;;1;1;0;1;;REFLETOR LATERAL;REFLETOR LATERAL;0;;
101;1519;06550;1519;101.06550;CATEGORIA0;;1;1;0;1;;RETENTOR;RETENTOR;0;;
101;1519;06551;1519;101.06551;CATEGORIA0;;1;1;0;1;;CASQUILHO DE SOLDADURA;CASQUILHO DE SOLDADURA;0;;
101;1519;06555;1519;101.06555;CATEGORIA0;;1;1;0;1;;CASQUILHO DE SOLDADURA;CASQUILHO DE SOLDADURA;0;;
101;1519;06559;1519;101.06559;CATEGORIA0;;1;1;0;1;;CASQUILHO DO BRAÇO OSCILANTE;CASQUILHO DO BRAÇO OSCILANTE;0;;
101;1519;06561;1519;101.06561;CATEGORIA0;;1;1;0;1;;CASQUILHO DO BRAÇO OSCILANTE;CASQUILHO DO BRAÇO OSCILANTE;0;;
101;1519;06562;1519;101.06562;CATEGORIA0;;1;1;0;1;;TUBO DE TRAVÃO;TUBO DE TRAVÃO;0;;
101;1519;06563;1519;101.06563;CATEGORIA0;;1;1;0;1;;CALÇO DE TRAVÃO;CALÇO DE TRAVÃO;0;;
101;1519;06564;1519;101.06564;CATEGORIA0;;1;1;0;1;;BUJÃO DO CÁRTER;BUJÃO DO CÁRTER;0;;
101;1519;06566;1519;101.06566;CATEGORIA0;;1;1;0;1;;PORCA DE RODA;PORCA DE RODA;0;;
101;1519;06568;1519;101.06568;CATEGORIA0;;1;1;0;1;;TAMPÃO DE RADIADOR;TAMPÃO DE RADIADOR;0;;
101;1519;06569;1519;101.06569;CATEGORIA0;;1;1;0;1;;AMORTECEDOR DE OSCILAÇÕES;AMORTECEDOR DE OSCILAÇÕES;0;;
101;1519;06570;1519;101.06570;CATEGORIA0;;1;1;0;1;;JOGO DE FOLES DE TRANSMISSÃO;JOGO DE FOLES DE TRANSMISSÃO;0;;
101;1519;06571;1519;101.06571;CATEGORIA0;;1;1;0;1;;TAMPA DE FECHO;TAMPA DE FECHO;0;;
101;1519;06572;1519;101.06572;CATEGORIA0;;1;1;0;1;;APOIO DO AMORTECEDOR;APOIO DO AMORTECEDOR;0;;
101;1519;06574;1519;101.06574;CATEGORIA0;;1;1;0;1;;JOGO DE REP. BOMBA AUXILIAR DE EMBRAIAGEM;JOGO DE REP. BOMBA AUXILIAR DE EMBRAIAGEM;0;;
101;1519;06577;1519;101.06577;CATEGORIA0;;1;1;0;1;;CILINDRO DE AR COMPRIMIDO;CILINDRO DE AR COMPRIMIDO;0;;
101;1519;06578;1519;101.06578;CATEGORIA0;;1;1;0;1;;BARRA INTERMÉDIA DE DIREÇÃO;BARRA INTERMÉDIA DE DIREÇÃO;0;;
101;1519;06579;1519;101.06579;CATEGORIA0;;1;1;0;1;;BARRA INTERMÉDIA DE DIREÇÃO;BARRA INTERMÉDIA DE DIREÇÃO;0;;
101;1519;06580;1519;101.06580;CATEGORIA0;;1;1;0;1;;LÂMPADA DE ÓTICA;LÂMPADA DE ÓTICA;0;;
101;1519;06581;1519;101.06581;CATEGORIA0;;1;1;0;1;;LÂMPADA DE ÓTICA;LÂMPADA DE ÓTICA;0;;
101;1519;06582;1519;101.06582;CATEGORIA0;;1;1;0;1;;BARRA INTERMÉDIA DE DIREÇÃO;BARRA INTERMÉDIA DE DIREÇÃO;0;;
101;1519;06583;1519;101.06583;CATEGORIA0;;1;1;0;1;;LÂMPADA DE ÓTICA;LÂMPADA DE ÓTICA;0;;
101;1519;06585;1519;101.06585;CATEGORIA0;;1;1;0;1;;CABEÇA DA EMBRAIAGEM;CABEÇA DA EMBRAIAGEM;0;;
101;1519;06586;1519;101.06586;CATEGORIA0;;1;1;0;1;;CABEÇA DA EMBRAIAGEM;CABEÇA DA EMBRAIAGEM;0;;
101;1519;06592;1519;101.06592;CATEGORIA0;;1;1;0;1;;ANILHA;ANILHA;0;;
101;1519;06594;1519;101.06594;CATEGORIA0;;1;1;0;1;;TUCHE DE VÁLVULAS;TUCHE DE VÁLVULAS;0;;
101;1519;06595;1519;101.06595;CATEGORIA0;;1;1;0;1;;BARRA DE ACOPLAMENTO;BARRA DE ACOPLAMENTO;0;;
101;1519;06597;1519;101.06597;CATEGORIA0;;1;1;0;1;;AMORTECEDOR DE OSCILAÇÕES;AMORTECEDOR DE OSCILAÇÕES;0;;
101;1519;06598;1519;101.06598;CATEGORIA0;;1;1;0;1;;AMORTECEDOR DE FECHO;AMORTECEDOR DE FECHO;0;;
101;1519;06603;1519;101.06603;CATEGORIA0;;1;1;0;1;;PARAFUSO DO EIXO DE TRANSMISSÃO;PARAFUSO DO EIXO DE TRANSMISSÃO;0;;
101;1519;06608;1519;101.06608;CATEGORIA0;;1;1;0;1;;BOMBA DO ÓLEO;BOMBA DO ÓLEO;0;;
101;1519;06611;1519;101.06611;CATEGORIA0;;1;1;0;1;;PEÇA DE DESLIZE;PEÇA DE DESLIZE;0;;
101;1519;06619;1519;101.06619;CATEGORIA0;;1;1;0;1;;PINO EXCÊNTRICO;PINO EXCÊNTRICO;0;;
101;1519;06621;1519;101.06621;CATEGORIA0;;1;1;0;1;;APOIO DE MOTOR;APOIO DE MOTOR;0;;
101;1519;06622;1519;101.06622;CATEGORIA0;;1;1;0;1;;JUNTA DE TAMPA DE VÁLVULAS;JUNTA DE TAMPA DE VÁLVULAS;0;;
101;1519;06623;1519;101.06623;CATEGORIA0;;1;1;0;1;;APOIO DE TRANSMISSÃO;APOIO DE TRANSMISSÃO;0;;
101;1519;06624;1519;101.06624;CATEGORIA0;;1;1;0;1;;APOIO DE TRANSMISSÃO;APOIO DE TRANSMISSÃO;0;;
101;1519;06625;1519;101.06625;CATEGORIA0;;1;1;0;1;;CABEÇA DE DIREÇÃO EXTERIOR;CABEÇA DE DIREÇÃO EXTERIOR;0;;
101;1519;06627;1519;101.06627;CATEGORIA0;;1;1;0;1;;CASQUILHO DA BARRA ESTABILIZADORA;CASQUILHO DA BARRA ESTABILIZADORA;0;;
101;1519;06628;1519;101.06628;CATEGORIA0;;1;1;0;1;;BARRA DE ACOPLAMENTO;BARRA DE ACOPLAMENTO;0;;
101;1519;06629;1519;101.06629;CATEGORIA0;;1;1;0;1;;BARRA DE ACOPLAMENTO;BARRA DE ACOPLAMENTO;0;;
101;1519;06630;1519;101.06630;CATEGORIA0;;1;1;0;1;;BUJÃO DO CÁRTER;BUJÃO DO CÁRTER;0;;
101;1519;06632;1519;101.06632;CATEGORIA0;;1;1;0;1;;RETENTOR;RETENTOR;0;;
101;1519;06636;1519;101.06636;CATEGORIA0;;1;1;0;1;;BARRA DE ACOPLAMENTO;BARRA DE ACOPLAMENTO;0;;
101;1519;06638;1519;101.06638;CATEGORIA0;;1;1;0;1;;CONTRAPORCA;CONTRAPORCA;0;;
101;1519;06639;1519;101.06639;CATEGORIA0;;1;1;0;1;;SUPORTE BARRA ESTABILIZADORA;SUPORTE BARRA ESTABILIZADORA;0;;
101;1519;06641;1519;101.06641;CATEGORIA0;;1;1;0;1;;CABEÇA DE DIREÇÃO EXTERIOR;CABEÇA DE DIREÇÃO EXTERIOR;0;;
101;1519;06642;1519;101.06642;CATEGORIA0;;1;1;0;1;;CILINDRO DE AR COMPRIMIDO;CILINDRO DE AR COMPRIMIDO;0;;
101;1519;06643;1519;101.06643;CATEGORIA0;;1;1;0;1;;RETENTOR DO VEIO;RETENTOR DO VEIO;0;;
101;1519;06644;1519;101.06644;CATEGORIA0;;1;1;0;1;;JOGO DE JUNTAS COMBINADAS;JOGO DE JUNTAS COMBINADAS;0;;
101;1519;06645;1519;101.06645;CATEGORIA0;;1;1;0;1;;JUNTA DA HASTE DE VÁLVULA;JUNTA DA HASTE DE VÁLVULA;0;;
101;1519;06647;1519;101.06647;CATEGORIA0;;1;1;0;1;;JOGO JUNTAS PARA HASTE DE VÁLVULA;JOGO JUNTAS PARA HASTE DE VÁLVULA;0;;
101;1519;06651;1519;101.06651;CATEGORIA0;;1;1;0;1;;ÁRVORE DE CAMES;ÁRVORE DE CAMES;0;;
101;1519;06652;1519;101.06652;CATEGORIA0;;1;1;0;1;;JOGO JUNTAS PARA HASTE DE VÁLVULA;JOGO JUNTAS PARA HASTE DE VÁLVULA;0;;
101;1519;06653;1519;101.06653;CATEGORIA0;;1;1;0;1;;JOGO JUNTAS PARA HASTE DE VÁLVULA;JOGO JUNTAS PARA HASTE DE VÁLVULA;0;;
101;1519;06654;1519;101.06654;CATEGORIA0;;1;1;0;1;;JOGO DE MONTAGEM;JOGO DE MONTAGEM;0;;
101;1519;06655;1519;101.06655;CATEGORIA0;;1;1;0;1;;CUBO DA RODA;CUBO DA RODA;0;;
101;1519;06656;1519;101.06656;CATEGORIA0;;1;1;0;1;;JOGO JUNTAS PARA HASTE DE VÁLVULA;JOGO JUNTAS PARA HASTE DE VÁLVULA;0;;
101;1519;06657;1519;101.06657;CATEGORIA0;;1;1;0;1;;APOIO DE MOTOR / TRANSMISSÃO;APOIO DE MOTOR / TRANSMISSÃO;0;;
101;1519;06658;1519;101.06658;CATEGORIA0;;1;1;0;1;;PORCA DE APERTO DO BOCAL;PORCA DE APERTO DO BOCAL;0;;
101;1519;06659;1519;101.06659;CATEGORIA0;;1;1;0;1;;ROTOR;ROTOR;0;;
101;1519;06660;1519;101.06660;CATEGORIA0;;1;1;0;1;;CONJUNTO DE CASQUILHOS DO BRAÇO DE SUSPENSÃO;CONJUNTO DE CASQUILHOS DO BRAÇO DE SUSPENSÃO;0;;
101;1519;06661;1519;101.06661;CATEGORIA0;;1;1;0;1;;CONJUNTO DE CASQUILHOS DO BRAÇO DE SUSPENSÃO;CONJUNTO DE CASQUILHOS DO BRAÇO DE SUSPENSÃO;0;;
101;1519;06665;1519;101.06665;CATEGORIA0;;1;1;0;1;;LÂMPADA DE ÓTICA;LÂMPADA DE ÓTICA;0;;
101;1519;06666;1519;101.06666;CATEGORIA0;;1;1;0;1;;PARAFUSO DA CABEÇA DO MOTOR;PARAFUSO DA CABEÇA DO MOTOR;0;;
101;1519;06667;1519;101.06667;CATEGORIA0;;1;1;0;1;;APOIO DO DIFERENCIAL;APOIO DO DIFERENCIAL;0;;
101;1519;06668;1519;101.06668;CATEGORIA0;;1;1;0;1;;BATENTE DO SUPORTE DO EIXO;BATENTE DO SUPORTE DO EIXO;0;;
101;1519;06672;1519;101.06672;CATEGORIA0;;1;1;0;1;;PORCA SEXTAVADA;PORCA SEXTAVADA;0;;
101;1519;06674;1519;101.06674;CATEGORIA0;;1;1;0;1;;APOIO DA BARRA TRANSVERSAL;APOIO DA BARRA TRANSVERSAL;0;;
101;1519;06676;1519;101.06676;CATEGORIA0;;1;1;0;1;;CONJUNTO DE APOIOS DE CORPO DE EIXO;CONJUNTO DE APOIOS DE CORPO DE EIXO;0;;
101;1519;06677;1519;101.06677;CATEGORIA0;;1;1;0;1;;DIAFRAGMA DO CARBURADOR;DIAFRAGMA DO CARBURADOR;0;;
101;1519;06678;1519;101.06678;CATEGORIA0;;1;1;0;1;;CASQUILHO DA MOLA DE SUSPENSÃO;CASQUILHO DA MOLA DE SUSPENSÃO;0;;
101;1519;06679;1519;101.06679;CATEGORIA0;;1;1;0;1;;SUPORTE DE BORRACHA PARA ESCAPE;SUPORTE DE BORRACHA PARA ESCAPE;0;;
101;1519;06680;1519;101.06680;CATEGORIA0;;1;1;0;1;;CAVILHA DE MOLA;CAVILHA DE MOLA;0;;
101;1519;06687;1519;101.06687;CATEGORIA0;;1;1;0;1;;TENSOR;TENSOR;0;;
101;1519;06688;1519;101.06688;CATEGORIA0;;1;1;0;1;;TENSOR;TENSOR;0;;
101;1519;06690;1519;101.06690;CATEGORIA0;;1;1;0;1;;CASQUILHO DA BARRA ESTABILIZADORA;CASQUILHO DA BARRA ESTABILIZADORA;0;;
101;1519;06691;1519;101.06691;CATEGORIA0;;1;1;0;1;;LÂMPADA DE ÓTICA;LÂMPADA DE ÓTICA;0;;
101;1519;06693;1519;101.06693;CATEGORIA0;;1;1;0;1;;CASQUILHO DA BARRA ESTABILIZADORA;CASQUILHO DA BARRA ESTABILIZADORA;0;;
101;1519;06694;1519;101.06694;CATEGORIA0;;1;1;0;1;;JOGO SUPORTE DE ESTABILIZADOR;JOGO SUPORTE DE ESTABILIZADOR;0;;
101;1519;06695;1519;101.06695;CATEGORIA0;;1;1;0;1;;JOGO SUPORTE DE ESTABILIZADOR;JOGO SUPORTE DE ESTABILIZADOR;0;;
101;1519;06696;1519;101.06696;CATEGORIA0;;1;1;0;1;;JOGO SUPORTE DE ESTABILIZADOR;JOGO SUPORTE DE ESTABILIZADOR;0;;
101;1519;06697;1519;101.06697;CATEGORIA0;;1;1;0;1;;JOGO SUPORTE DE ESTABILIZADOR;JOGO SUPORTE DE ESTABILIZADOR;0;;
101;1519;06698;1519;101.06698;CATEGORIA0;;1;1;0;1;;LÂMPADA DE ÓTICA;LÂMPADA DE ÓTICA;0;;
101;1519;06700;1519;101.06700;CATEGORIA0;;1;1;0;1;;JOGO SUPORTE DE ESTABILIZADOR;JOGO SUPORTE DE ESTABILIZADOR;0;;
101;1519;06704;1519;101.06704;CATEGORIA0;;1;1;0;1;;CASQUILHO DA BARRA ESTABILIZADORA;CASQUILHO DA BARRA ESTABILIZADORA;0;;
101;1519;06706;1519;101.06706;CATEGORIA0;;1;1;0;1;;LÂMPADA DE ÓTICA;LÂMPADA DE ÓTICA;0;;
101;1519;06707;1519;101.06707;CATEGORIA0;;1;1;0;1;;JOGO SUPORTE DE ESTABILIZADOR;JOGO SUPORTE DE ESTABILIZADOR;0;;
101;1519;06708;1519;101.06708;CATEGORIA0;;1;1;0;1;;ÁRVORE DE CAMES;ÁRVORE DE CAMES;0;;
101;1519;06713;1519;101.06713;CATEGORIA0;;1;1;0;1;;CASQUILHO DA BARRA ESTABILIZADORA;CASQUILHO DA BARRA ESTABILIZADORA;0;;
101;1519;06714;1519;101.06714;CATEGORIA0;;1;1;0;1;;CASQUILHO DA BARRA ESTABILIZADORA;CASQUILHO DA BARRA ESTABILIZADORA;0;;
101;1519;06715;1519;101.06715;CATEGORIA0;;1;1;0;1;;CASQUILHO DA BARRA ESTABILIZADORA;CASQUILHO DA BARRA ESTABILIZADORA;0;;
101;1519;06716;1519;101.06716;CATEGORIA0;;1;1;0;1;;CASQUILHO DA BARRA ESTABILIZADORA;CASQUILHO DA BARRA ESTABILIZADORA;0;;
101;1519;06720;1519;101.06720;CATEGORIA0;;1;1;0;1;;CASQUILHO DA BARRA ESTABILIZADORA;CASQUILHO DA BARRA ESTABILIZADORA;0;;
101;1519;06721;1519;101.06721;CATEGORIA0;;1;1;0;1;;CASQUILHO DA BARRA ESTABILIZADORA;CASQUILHO DA BARRA ESTABILIZADORA;0;;
101;1519;06723;1519;101.06723;CATEGORIA0;;1;1;0;1;;CASQUILHO DA BARRA ESTABILIZADORA;CASQUILHO DA BARRA ESTABILIZADORA;0;;
101;1519;06724;1519;101.06724;CATEGORIA0;;1;1;0;1;;CASQUILHO DA BARRA ESTABILIZADORA;CASQUILHO DA BARRA ESTABILIZADORA;0;;
101;1519;06726;1519;101.06726;CATEGORIA0;;1;1;0;1;;ESTRIBO DE FIXAÇÃO;ESTRIBO DE FIXAÇÃO;0;;
101;1519;06727;1519;101.06727;CATEGORIA0;;1;1;0;1;;CASQUILHO DA BARRA ESTABILIZADORA;CASQUILHO DA BARRA ESTABILIZADORA;0;;
101;1519;06730;1519;101.06730;CATEGORIA0;;1;1;0;1;;APOIO DO RADIADOR;APOIO DO RADIADOR;0;;
101;1519;06731;1519;101.06731;CATEGORIA0;;1;1;0;1;;JOGO SUPORTE DE ESTABILIZADOR;JOGO SUPORTE DE ESTABILIZADOR;0;;
101;1519;06732;1519;101.06732;CATEGORIA0;;1;1;0;1;;JOGO SUPORTE DE ESTABILIZADOR;JOGO SUPORTE DE ESTABILIZADOR;0;;
101;1519;06733;1519;101.06733;CATEGORIA0;;1;1;0;1;;JOGO SUPORTE DE ESTABILIZADOR;JOGO SUPORTE DE ESTABILIZADOR;0;;
101;1519;06737;1519;101.06737;CATEGORIA0;;1;1;0;1;;AJUSTADOR DE FOLGA;AJUSTADOR DE FOLGA;0;;
101;1519;06739;1519;101.06739;CATEGORIA0;;1;1;0;1;;APOIO DE MOTOR;APOIO DE MOTOR;0;;
101;1519;06758;1519;101.06758;CATEGORIA0;;1;1;0;1;;TERMÓSTATO;TERMÓSTATO;0;;
101;1519;06760;1519;101.06760;CATEGORIA0;;1;1;0;1;;JOGO DE JUNTAS;JOGO DE JUNTAS;0;;
101;1519;06763;1519;101.06763;CATEGORIA0;;1;1;0;1;;JUNTA;JUNTA;0;;
101;1519;06764;1519;101.06764;CATEGORIA0;;1;1;0;1;;CASQUILHO;CASQUILHO;0;;
101;1519;06765;1519;101.06765;CATEGORIA0;;1;1;0;1;;FILTRO DE AR;FILTRO DE AR;0;;
101;1519;06766;1519;101.06766;CATEGORIA0;;1;1;0;1;;CASQUILHO DO BRAÇO OSCILANTE;CASQUILHO DO BRAÇO OSCILANTE;0;;
101;1519;06767;1519;101.06767;CATEGORIA0;;1;1;0;1;;JOGO DE FOLES DE TRANSMISSÃO;JOGO DE FOLES DE TRANSMISSÃO;0;;
101;1519;06768;1519;101.06768;CATEGORIA0;;1;1;0;1;;FILTRO DE AR;FILTRO DE AR;0;;
101;1519;06769;1519;101.06769;CATEGORIA0;;1;1;0;1;;FILTRO DE AR;FILTRO DE AR;0;;
101;1519;06771;1519;101.06771;CATEGORIA0;;1;1;0;1;;FILTRO DE AR;FILTRO DE AR;0;;
101;1519;06772;1519;101.06772;CATEGORIA0;;1;1;0;1;;FILTRO DE AR;FILTRO DE AR;0;;
101;1519;06773;1519;101.06773;CATEGORIA0;;1;1;0;1;;FILTRO DE AR;FILTRO DE AR;0;;
101;1519;06774;1519;101.06774;CATEGORIA0;;1;1;0;1;;FILTRO DE AR;FILTRO DE AR;0;;
101;1519;06775;1519;101.06775;CATEGORIA0;;1;1;0;1;;FILTRO DE AR;FILTRO DE AR;0;;
101;1519;06776;1519;101.06776;CATEGORIA0;;1;1;0;1;;FILTRO DE AR;FILTRO DE AR;0;;
101;1519;06777;1519;101.06777;CATEGORIA0;;1;1;0;1;;FILTRO DE AR;FILTRO DE AR;0;;
101;1519;06779;1519;101.06779;CATEGORIA0;;1;1;0;1;;FILTRO DE AR;FILTRO DE AR;0;;
101;1519;06780;1519;101.06780;CATEGORIA0;;1;1;0;1;;FILTRO DE AR;FILTRO DE AR;0;;
101;1519;06781;1519;101.06781;CATEGORIA0;;1;1;0;1;;FILTRO DE AR;FILTRO DE AR;0;;
101;1519;06782;1519;101.06782;CATEGORIA0;;1;1;0;1;;FILTRO DE AR;FILTRO DE AR;0;;
101;1519;06785;1519;101.06785;CATEGORIA0;;1;1;0;1;;FILTRO DE AR;FILTRO DE AR;0;;
101;1519;06786;1519;101.06786;CATEGORIA0;;1;1;0;1;;FILTRO DE AR;FILTRO DE AR;0;;
101;1519;06787;1519;101.06787;CATEGORIA0;;1;1;0;1;;FILTRO DE AR;FILTRO DE AR;0;;
101;1519;06788;1519;101.06788;CATEGORIA0;;1;1;0;1;;FILTRO DE AR;FILTRO DE AR;0;;
101;1519;06791;1519;101.06791;CATEGORIA0;;1;1;0;1;;APOIO DE TRANSMISSÃO;APOIO DE TRANSMISSÃO;0;;
101;1519;06792;1519;101.06792;CATEGORIA0;;1;1;0;1;;BRAÇO DE SUSPENSÃO;BRAÇO DE SUSPENSÃO;0;;
101;1519;06793;1519;101.06793;CATEGORIA0;;1;1;0;1;;BRAÇO DE SUSPENSÃO;BRAÇO DE SUSPENSÃO;0;;
101;1519;06794;1519;101.06794;CATEGORIA0;;1;1;0;1;;CILINDRO DO TRAVÃO DE RODA;CILINDRO DO TRAVÃO DE RODA;0;;
101;1519;06795;1519;101.06795;CATEGORIA0;;1;1;0;1;;CASQUILHO DO BRAÇO OSCILANTE;CASQUILHO DO BRAÇO OSCILANTE;0;;
101;1519;06797;1519;101.06797;CATEGORIA0;;1;1;0;1;;DISCO DE TRAVÃO;DISCO DE TRAVÃO;0;;
101;1519;06798;1519;101.06798;CATEGORIA0;;1;1;0;1;;GUIA;GUIA;0;;
101;1519;06799;1519;101.06799;CATEGORIA0;;1;1;0;1;;BOCAL DE ASPIRAÇÃO;BOCAL DE ASPIRAÇÃO;0;;
101;1519;06800;1519;101.06800;CATEGORIA0;;1;1;0;1;;JOGO DE REP. TRAVÃO DE MOTOR;JOGO DE REP. TRAVÃO DE MOTOR;0;;
101;1519;06801;1519;101.06801;CATEGORIA0;;1;1;0;1;;JOGO DE REP. TRAVÃO DE MOTOR;JOGO DE REP. TRAVÃO DE MOTOR;0;;
101;1519;06805;1519;101.06805;CATEGORIA0;;1;1;0;1;;JOGO SUPORTE DE ESTABILIZADOR;JOGO SUPORTE DE ESTABILIZADOR;0;;
101;1519;06806;1519;101.06806;CATEGORIA0;;1;1;0;1;;JOGO SUPORTE DE ESTABILIZADOR;JOGO SUPORTE DE ESTABILIZADOR;0;;
101;1519;06810;1519;101.06810;CATEGORIA0;;1;1;0;1;;CONECTOR DE FICHA;CONECTOR DE FICHA;0;;
101;1519;06811;1519;101.06811;CATEGORIA0;;1;1;0;1;;CONECTOR DE FICHA;CONECTOR DE FICHA;0;;
101;1519;06812;1519;101.06812;CATEGORIA0;;1;1;0;1;;CONECTOR DE FICHA;CONECTOR DE FICHA;0;;
101;1519;06814;1519;101.06814;CATEGORIA0;;1;1;0;1;;MÓDULO;MÓDULO;0;;
101;1519;06820;1519;101.06820;CATEGORIA0;;1;1;0;1;;MÓDULO;MÓDULO;0;;
101;1519;06821;1519;101.06821;CATEGORIA0;;1;1;0;1;;MÓDULO;MÓDULO;0;;
101;1519;06824;1519;101.06824;CATEGORIA0;;1;1;0;1;;CONECTOR DE FICHA;CONECTOR DE FICHA;0;;
101;1519;06829;1519;101.06829;CATEGORIA0;;1;1;0;1;;CONECTOR DE FICHA;CONECTOR DE FICHA;0;;
101;1519;06830;1519;101.06830;CATEGORIA0;;1;1;0;1;;CONECTOR DE FICHA;CONECTOR DE FICHA;0;;
101;1519;06832;1519;101.06832;CATEGORIA0;;1;1;0;1;;CONECTOR DE FICHA;CONECTOR DE FICHA;0;;
101;1519;06833;1519;101.06833;CATEGORIA0;;1;1;0;1;;CONECTOR DE FICHA;CONECTOR DE FICHA;0;;
101;1519;06835;1519;101.06835;CATEGORIA0;;1;1;0;1;;CONECTOR DE FICHA;CONECTOR DE FICHA;0;;
101;1519;06836;1519;101.06836;CATEGORIA0;;1;1;0;1;;CONECTOR DE FICHA;CONECTOR DE FICHA;0;;
101;1519;06837;1519;101.06837;CATEGORIA0;;1;1;0;1;;CONECTOR DE FICHA;CONECTOR DE FICHA;0;;
101;1519;06838;1519;101.06838;CATEGORIA0;;1;1;0;1;;CONECTOR DE FICHA;CONECTOR DE FICHA;0;;
101;1519;06842;1519;101.06842;CATEGORIA0;;1;1;0;1;;APOIO DE MOTOR;APOIO DE MOTOR;0;;
101;1519;06843;1519;101.06843;CATEGORIA0;;1;1;0;1;;APOIO DE MOTOR;APOIO DE MOTOR;0;;
101;1519;06844;1519;101.06844;CATEGORIA0;;1;1;0;1;;SUPORTE DA BARRA DE JUNÇÃO;SUPORTE DA BARRA DE JUNÇÃO;0;;
101;1519;06845;1519;101.06845;CATEGORIA0;;1;1;0;1;;CASQUILHO DA MOLA DE SUSPENSÃO;CASQUILHO DA MOLA DE SUSPENSÃO;0;;
101;1519;06851;1519;101.06851;CATEGORIA0;;1;1;0;1;;LÂMPADA DE ÓTICA;LÂMPADA DE ÓTICA;0;;
101;1519;06856;1519;101.06856;CATEGORIA0;;1;1;0;1;;JOGO DE REP. CASQUILHO DE DESLIZE;JOGO DE REP. CASQUILHO DE DESLIZE;0;;
101;1519;06857;1519;101.06857;CATEGORIA0;;1;1;0;1;;DISCO DE TRAVÃO;DISCO DE TRAVÃO;0;;
101;1519;06860;1519;101.06860;CATEGORIA0;;1;1;0;1;;SENSOR DE DESGASTE;SENSOR DE DESGASTE;0;;
101;1519;06867;1519;101.06867;CATEGORIA0;;1;1;0;1;;SENSOR DE DESGASTE;SENSOR DE DESGASTE;0;;
101;1519;06871;1519;101.06871;CATEGORIA0;;1;1;0;1;;RÓTULA RADIAL;RÓTULA RADIAL;0;;
101;1519;06878;1519;101.06878;CATEGORIA0;;1;1;0;1;;CONTRAPORCA;CONTRAPORCA;0;;
101;1519;06879;1519;101.06879;CATEGORIA0;;1;1;0;1;;APOIO DE MOTOR / TRANSMISSÃO;APOIO DE MOTOR / TRANSMISSÃO;0;;
101;1519;06880;1519;101.06880;CATEGORIA0;;1;1;0;1;;TENSOR;TENSOR;0;;
101;1519;06881;1519;101.06881;CATEGORIA0;;1;1;0;1;;ESTRIBO DE MOLA;ESTRIBO DE MOLA;0;;
101;1519;06882;1519;101.06882;CATEGORIA0;;1;1;0;1;;LÂMPADA DE ÓTICA;LÂMPADA DE ÓTICA;0;;
101;1519;06889;1519;101.06889;CATEGORIA0;;1;1;0;1;;DIAFRAGMA;DIAFRAGMA;0;;
101;1519;06891;1519;101.06891;CATEGORIA0;;1;1;0;1;;JOGO PINO DO EIXO DIANTEIRO;JOGO PINO DO EIXO DIANTEIRO;0;;
101;1519;06892;1519;101.06892;CATEGORIA0;;1;1;0;1;;JOGO PINO DO EIXO DIANTEIRO;JOGO PINO DO EIXO DIANTEIRO;0;;
101;1519;06894;1519;101.06894;CATEGORIA0;;1;1;0;1;;LÂMPADA DE ÓTICA;LÂMPADA DE ÓTICA;0;;
101;1519;06896;1519;101.06896;CATEGORIA0;;1;1;0;1;;LÂMPADA DE ÓTICA;LÂMPADA DE ÓTICA;0;;
101;1519;06899;1519;101.06899;CATEGORIA0;;1;1;0;1;;LÂMPADA DE ÓTICA;LÂMPADA DE ÓTICA;0;;
101;1519;06910;1519;101.06910;CATEGORIA0;;1;1;0;1;;LÂMPADA DE ÓTICA;LÂMPADA DE ÓTICA;0;;
101;1519;06911;1519;101.06911;CATEGORIA0;;1;1;0;1;;LÂMPADA DE ÓTICA;LÂMPADA DE ÓTICA;0;;
101;1519;06912;1519;101.06912;CATEGORIA0;;1;1;0;1;;LÂMPADA DE ÓTICA;LÂMPADA DE ÓTICA;0;;
101;1519;06916;1519;101.06916;CATEGORIA0;;1;1;0;1;;LÂMPADA DE ÓTICA;LÂMPADA DE ÓTICA;0;;
101;1519;06917;1519;101.06917;CATEGORIA0;;1;1;0;1;;FILTRO DA BOMBA COMBUSTÍVEL;FILTRO DA BOMBA COMBUSTÍVEL;0;;
101;1519;06926;1519;101.06926;CATEGORIA0;;1;1;0;1;;CALÇO DE RODA;CALÇO DE RODA;0;;
101;1519;06927;1519;101.06927;CATEGORIA0;;1;1;0;1;;FIXAÇÃO;FIXAÇÃO;0;;
101;1519;06928;1519;101.06928;CATEGORIA0;;1;1;0;1;;CALÇO DE RODA;CALÇO DE RODA;0;;
101;1519;06929;1519;101.06929;CATEGORIA0;;1;1;0;1;;FIXAÇÃO;FIXAÇÃO;0;;
101;1519;06930;1519;101.06930;CATEGORIA0;;1;1;0;1;;CALÇO DE RODA;CALÇO DE RODA;0;;
101;1519;06931;1519;101.06931;CATEGORIA0;;1;1;0;1;;FIXAÇÃO;FIXAÇÃO;0;;
101;1519;06933;1519;101.06933;CATEGORIA0;;1;1;0;1;;RÓTULA;RÓTULA;0;;
101;1519;06934;1519;101.06934;CATEGORIA0;;1;1;0;1;;BARRA DE ACOPLAMENTO;BARRA DE ACOPLAMENTO;0;;
101;1519;06935;1519;101.06935;CATEGORIA0;;1;1;0;1;;CABEÇA DE DIREÇÃO EXTERIOR;CABEÇA DE DIREÇÃO EXTERIOR;0;;
101;1519;06936;1519;101.06936;CATEGORIA0;;1;1;0;1;;CABEÇA DE DIREÇÃO EXTERIOR;CABEÇA DE DIREÇÃO EXTERIOR;0;;
101;1519;06937;1519;101.06937;CATEGORIA0;;1;1;0;1;;CABEÇA DE DIREÇÃO EXTERIOR;CABEÇA DE DIREÇÃO EXTERIOR;0;;
101;1519;06938;1519;101.06938;CATEGORIA0;;1;1;0;1;;BRAÇO DE SUSPENSÃO;BRAÇO DE SUSPENSÃO;0;;
101;1519;06940;1519;101.06940;CATEGORIA0;;1;1;0;1;;LÂMPADA DE ÓTICA;LÂMPADA DE ÓTICA;0;;
101;1519;06941;1519;101.06941;CATEGORIA0;;1;1;0;1;;LÂMPADA DE ÓTICA;LÂMPADA DE ÓTICA;0;;
101;1519;06942;1519;101.06942;CATEGORIA0;;1;1;0;1;;BRAÇO DE SUSPENSÃO;BRAÇO DE SUSPENSÃO;0;;
101;1519;06943;1519;101.06943;CATEGORIA0;;1;1;0;1;;BRAÇO DE SUSPENSÃO;BRAÇO DE SUSPENSÃO;0;;
101;1519;06944;1519;101.06944;CATEGORIA0;;1;1;0;1;;LÂMPADA DE ÓTICA;LÂMPADA DE ÓTICA;0;;
101;1519;06947;1519;101.06947;CATEGORIA0;;1;1;0;1;;BRAÇO DE SUSPENSÃO;BRAÇO DE SUSPENSÃO;0;;
101;1519;06952;1519;101.06952;CATEGORIA0;;1;1;0;1;;RÓTULA;RÓTULA;0;;
101;1519;06953;1519;101.06953;CATEGORIA0;;1;1;0;1;;BARRA DE ACOPLAMENTO;BARRA DE ACOPLAMENTO;0;;
101;1519;06954;1519;101.06954;CATEGORIA0;;1;1;0;1;;LÂMPADA DE ÓTICA;LÂMPADA DE ÓTICA;0;;
101;1519;06955;1519;101.06955;CATEGORIA0;;1;1;0;1;;CHAPA DE SEGURANÇA;CHAPA DE SEGURANÇA;0;;
101;1519;06956;1519;101.06956;CATEGORIA0;;1;1;0;1;;BARRA DE ACOPLAMENTO;BARRA DE ACOPLAMENTO;0;;
101;1519;06957;1519;101.06957;CATEGORIA0;;1;1;0;1;;BARRA DE ACOPLAMENTO;BARRA DE ACOPLAMENTO;0;;
101;1519;06958;1519;101.06958;CATEGORIA0;;1;1;0;1;;BARRA DE ACOPLAMENTO;BARRA DE ACOPLAMENTO;0;;
101;1519;06959;1519;101.06959;CATEGORIA0;;1;1;0;1;;LÂMPADA DE ÓTICA;LÂMPADA DE ÓTICA;0;;
101;1519;06960;1519;101.06960;CATEGORIA0;;1;1;0;1;;LÂMPADA DE ÓTICA;LÂMPADA DE ÓTICA;0;;
101;1519;06961;1519;101.06961;CATEGORIA0;;1;1;0;1;;LÂMPADA DE ÓTICA;LÂMPADA DE ÓTICA;0;;
101;1519;06963;1519;101.06963;CATEGORIA0;;1;1;0;1;;PARAFUSO DA RODA;PARAFUSO DA RODA;0;;
101;1519;06964;1519;101.06964;CATEGORIA0;;1;1;0;1;;CABEÇA DE DIREÇÃO EXTERIOR;CABEÇA DE DIREÇÃO EXTERIOR;0;;
101;1519;06965;1519;101.06965;CATEGORIA0;;1;1;0;1;;TORNEIRA DE CORTE;TORNEIRA DE CORTE;0;;
101;1519;06966;1519;101.06966;CATEGORIA0;;1;1;0;1;;CABEÇA DE DIREÇÃO EXTERIOR;CABEÇA DE DIREÇÃO EXTERIOR;0;;
101;1519;06968;1519;101.06968;CATEGORIA0;;1;1;0;1;;CABEÇA DE DIREÇÃO EXTERIOR;CABEÇA DE DIREÇÃO EXTERIOR;0;;
101;1519;06971;1519;101.06971;CATEGORIA0;;1;1;0;1;;TENSOR;TENSOR;0;;
101;1519;06972;1519;101.06972;CATEGORIA0;;1;1;0;1;;INTERRUPTOR DE PRESSÃO DE ÓLEO;INTERRUPTOR DE PRESSÃO DE ÓLEO;0;;
101;1519;06974;1519;101.06974;CATEGORIA0;;1;1;0;1;;LÂMPADA DE ÓTICA;LÂMPADA DE ÓTICA;0;;
101;1519;06975;1519;101.06975;CATEGORIA0;;1;1;0;1;;LÂMPADA DE ÓTICA;LÂMPADA DE ÓTICA;0;;
101;1519;06979;1519;101.06979;CATEGORIA0;;1;1;0;1;;JUNTA DE TAMPA DE VÁLVULAS;JUNTA DE TAMPA DE VÁLVULAS;0;;
101;1519;06980;1519;101.06980;CATEGORIA0;;1;1;0;1;;TENSOR;TENSOR;0;;
101;1519;06982;1519;101.06982;CATEGORIA0;;1;1;0;1;;POLIE DE DESVIO;POLIE DE DESVIO;0;;
101;1519;06983;1519;101.06983;CATEGORIA0;;1;1;0;1;;POLIE DE DESVIO;POLIE DE DESVIO;0;;
101;1519;06984;1519;101.06984;CATEGORIA0;;1;1;0;1;;FALSO ACOPLAMENTO;FALSO ACOPLAMENTO;0;;
101;1519;06985;1519;101.06985;CATEGORIA0;;1;1;0;1;;INVÓLUCRO DE PROTEÇÃO;INVÓLUCRO DE PROTEÇÃO;0;;
101;1519;06986;1519;101.06986;CATEGORIA0;;1;1;0;1;;DISCO DE TRAVÃO;DISCO DE TRAVÃO;0;;
101;1519;06989;1519;101.06989;CATEGORIA0;;1;1;0;1;;VENTOINHA DO RADIADOR;VENTOINHA DO RADIADOR;0;;
101;1519;06990;1519;101.06990;CATEGORIA0;;1;1;0;1;;VENTOINHA DO RADIADOR;VENTOINHA DO RADIADOR;0;;
101;1519;06992;1519;101.06992;CATEGORIA0;;1;1;0;1;;VENTOINHA DO RADIADOR;VENTOINHA DO RADIADOR;0;;
101;1519;06993;1519;101.06993;CATEGORIA0;;1;1;0;1;;VENTOINHA DO RADIADOR;VENTOINHA DO RADIADOR;0;;
101;1519;06994;1519;101.06994;CATEGORIA0;;1;1;0;1;;VENTOINHA DO RADIADOR;VENTOINHA DO RADIADOR;0;;
101;1519;06995;1519;101.06995;CATEGORIA0;;1;1;0;1;;VENTOINHA DO RADIADOR;VENTOINHA DO RADIADOR;0;;
101;1519;06997;1519;101.06997;CATEGORIA0;;1;1;0;1;;VENTOINHA DO RADIADOR;VENTOINHA DO RADIADOR;0;;
101;1519;06998;1519;101.06998;CATEGORIA0;;1;1;0;1;;VENTOINHA DO RADIADOR;VENTOINHA DO RADIADOR;0;;
101;1519;06999;1519;101.06999;CATEGORIA0;;1;1;0;1;;VENTOINHA DO RADIADOR;VENTOINHA DO RADIADOR;0;;
101;1519;07000;1519;101.07000;CATEGORIA0;;1;1;0;1;;PINO DE CHAVETA;PINO DE CHAVETA;0;;
101;1519;07001;1519;101.07001;CATEGORIA0;;1;1;0;1;;PINO DE CHAVETA;PINO DE CHAVETA;0;;
101;1519;07002;1519;101.07002;CATEGORIA0;;1;1;0;1;;PINO DE CHAVETA;PINO DE CHAVETA;0;;
101;1519;07003;1519;101.07003;CATEGORIA0;;1;1;0;1;;KIT DE PROTEÇÃO;KIT DE PROTEÇÃO;0;;
101;1519;07005;1519;101.07005;CATEGORIA0;;1;1;0;1;;JOGO DE REP. JUNTA DE DESLIZE;JOGO DE REP. JUNTA DE DESLIZE;0;;
101;1519;07006;1519;101.07006;CATEGORIA0;;1;1;0;1;;SUPORTE DE BORRACHA PARA ESCAPE;SUPORTE DE BORRACHA PARA ESCAPE;0;;
101;1519;07007;1519;101.07007;CATEGORIA0;;1;1;0;1;;POLIE DE DESVIO;POLIE DE DESVIO;0;;
101;1519;07008;1519;101.07008;CATEGORIA0;;1;1;0;1;;POLIE DE DESVIO;POLIE DE DESVIO;0;;
101;1519;07011;1519;101.07011;CATEGORIA0;;1;1;0;1;;APOIO DE MOTOR;APOIO DE MOTOR;0;;
101;1519;07012;1519;101.07012;CATEGORIA0;;1;1;0;1;;CALÇO DE TRAVÃO;CALÇO DE TRAVÃO;0;;
101;1519;07013;1519;101.07013;CATEGORIA0;;1;1;0;1;;JOGO DE CALÇOS DE TRAVÃO;JOGO DE CALÇOS DE TRAVÃO;0;;
101;1519;07014;1519;101.07014;CATEGORIA0;;1;1;0;1;;JOGO DE CALÇOS DE TRAVÃO;JOGO DE CALÇOS DE TRAVÃO;0;;
101;1519;07015;1519;101.07015;CATEGORIA0;;1;1;0;1;;SENSOR DE TEMPERATURA DO LÍQUIDO DE REFRIGERAÇÃO;SENSOR DE TEMPERATURA DO LÍQUIDO DE REFRIGERAÇÃO;0;;
101;1519;07016;1519;101.07016;CATEGORIA0;;1;1;0;1;;SENSOR DE TEMPERATURA DO LÍQUIDO DE REFRIGERAÇÃO;SENSOR DE TEMPERATURA DO LÍQUIDO DE REFRIGERAÇÃO;0;;
101;1519;07017;1519;101.07017;CATEGORIA0;;1;1;0;1;;INTERRUPTOR DE TEMPERATURA;INTERRUPTOR DE TEMPERATURA;0;;
101;1519;07019;1519;101.07019;CATEGORIA0;;1;1;0;1;;APOIO DE MOTOR;APOIO DE MOTOR;0;;
101;1519;07020;1519;101.07020;CATEGORIA0;;1;1;0;1;;BOMBA DO ÓLEO;BOMBA DO ÓLEO;0;;
101;1519;07021;1519;101.07021;CATEGORIA0;;1;1;0;1;;POLIE DE DESVIO;POLIE DE DESVIO;0;;
101;1519;07022;1519;101.07022;CATEGORIA0;;1;1;0;1;;POLIE DE DESVIO;POLIE DE DESVIO;0;;
101;1519;07023;1519;101.07023;CATEGORIA0;;1;1;0;1;;APOIO DE MOTOR;APOIO DE MOTOR;0;;
101;1519;07024;1519;101.07024;CATEGORIA0;;1;1;0;1;;ATADOR DE CABOS;ATADOR DE CABOS;0;;
101;1519;07025;1519;101.07025;CATEGORIA0;;1;1;0;1;;ATADOR DE CABOS;ATADOR DE CABOS;0;;
101;1519;07026;1519;101.07026;CATEGORIA0;;1;1;0;1;;ATADOR DE CABOS;ATADOR DE CABOS;0;;
101;1519;07027;1519;101.07027;CATEGORIA0;;1;1;0;1;;ATADOR DE CABOS;ATADOR DE CABOS;0;;
101;1519;07029;1519;101.07029;CATEGORIA0;;1;1;0;1;;ATADOR DE CABOS;ATADOR DE CABOS;0;;
101;1519;07039;1519;101.07039;CATEGORIA0;;1;1;0;1;;ARTICULAÇÃO ANGULAR;ARTICULAÇÃO ANGULAR;0;;
101;1519;07041;1519;101.07041;CATEGORIA0;;1;1;0;1;;ARTICULAÇÃO ANGULAR;ARTICULAÇÃO ANGULAR;0;;
101;1519;07043;1519;101.07043;CATEGORIA0;;1;1;0;1;;ARTICULAÇÃO ANGULAR;ARTICULAÇÃO ANGULAR;0;;
101;1519;07045;1519;101.07045;CATEGORIA0;;1;1;0;1;;ARTICULAÇÃO ANGULAR;ARTICULAÇÃO ANGULAR;0;;
101;1519;07047;1519;101.07047;CATEGORIA0;;1;1;0;1;;TENSOR DE CORREIA;TENSOR DE CORREIA;0;;
101;1519;07050;1519;101.07050;CATEGORIA0;;1;1;0;1;;ARTICULAÇÃO ANGULAR;ARTICULAÇÃO ANGULAR;0;;
101;1519;07051;1519;101.07051;CATEGORIA0;;1;1;0;1;;ARTICULAÇÃO ANGULAR;ARTICULAÇÃO ANGULAR;0;;
101;1519;07057;1519;101.07057;CATEGORIA0;;1;1;0;1;;TENSOR DE CORREIA;TENSOR DE CORREIA;0;;
101;1519;07059;1519;101.07059;CATEGORIA0;;1;1;0;1;;CASQUILHO DO BRAÇO OSCILANTE;CASQUILHO DO BRAÇO OSCILANTE;0;;
101;1519;07060;1519;101.07060;CATEGORIA0;;1;1;0;1;;TUCHE DE VÁLVULAS;TUCHE DE VÁLVULAS;0;;
101;1519;07061;1519;101.07061;CATEGORIA0;;1;1;0;1;;RETENTOR DO VEIO;RETENTOR DO VEIO;0;;
101;1519;07062;1519;101.07062;CATEGORIA0;;1;1;0;1;;JOGO DE REP. DO APOIO CENTRAL DO EIXO DE TRANSMISSÃO;JOGO DE REP. DO APOIO CENTRAL DO EIXO DE TRANSMISSÃO;0;;
101;1519;07065;1519;101.07065;CATEGORIA0;;1;1;0;1;;PARAFUSO DA RODA;PARAFUSO DA RODA;0;;
101;1519;07072;1519;101.07072;CATEGORIA0;;1;1;0;1;;ÁRVORE DE CAMES DO TRAVÃO;ÁRVORE DE CAMES DO TRAVÃO;0;;
101;1519;07073;1519;101.07073;CATEGORIA0;;1;1;0;1;;ÁRVORE DE CAMES DO TRAVÃO;ÁRVORE DE CAMES DO TRAVÃO;0;;
101;1519;07076;1519;101.07076;CATEGORIA0;;1;1;0;1;;PARAFUSO DA CABEÇA DO MOTOR;PARAFUSO DA CABEÇA DO MOTOR;0;;
101;1519;07077;1519;101.07077;CATEGORIA0;;1;1;0;1;;POLIE DE DESVIO;POLIE DE DESVIO;0;;
101;1519;07078;1519;101.07078;CATEGORIA0;;1;1;0;1;;POLIE DE DESVIO;POLIE DE DESVIO;0;;
101;1519;07079;1519;101.07079;CATEGORIA0;;1;1;0;1;;CABEÇA DA EMBRAIAGEM;CABEÇA DA EMBRAIAGEM;0;;
101;1519;07080;1519;101.07080;CATEGORIA0;;1;1;0;1;;CABEÇA DA EMBRAIAGEM;CABEÇA DA EMBRAIAGEM;0;;
101;1519;07081;1519;101.07081;CATEGORIA0;;1;1;0;1;;CABEÇA DA EMBRAIAGEM;CABEÇA DA EMBRAIAGEM;0;;
101;1519;07082;1519;101.07082;CATEGORIA0;;1;1;0;1;;CILINDRO DO DIAFRAGMA;CILINDRO DO DIAFRAGMA;0;;
101;1519;07084;1519;101.07084;CATEGORIA0;;1;1;0;1;;CILINDRO DO DIAFRAGMA;CILINDRO DO DIAFRAGMA;0;;
101;1519;07085;1519;101.07085;CATEGORIA0;;1;1;0;1;;RETENTOR DO VEIO;RETENTOR DO VEIO;0;;
101;1519;07086;1519;101.07086;CATEGORIA0;;1;1;0;1;;CILINDRO DO DIAFRAGMA;CILINDRO DO DIAFRAGMA;0;;
101;1519;07088;1519;101.07088;CATEGORIA0;;1;1;0;1;;CILINDRO DO DIAFRAGMA;CILINDRO DO DIAFRAGMA;0;;
101;1519;07089;1519;101.07089;CATEGORIA0;;1;1;0;1;;POLIE DE DESVIO;POLIE DE DESVIO;0;;
101;1519;07092;1519;101.07092;CATEGORIA0;;1;1;0;1;;JOGO DE REP. ARTICULAÇÃO EM FORQUILHA DE FURO OBLONGO;JOGO DE REP. ARTICULAÇÃO EM FORQUILHA DE FURO OBLONGO;0;;
101;1519;07093;1519;101.07093;CATEGORIA0;;1;1;0;1;;JOGO DE REP. ARTICULAÇÃO EM FORQUILHA COM FURO CIRCULAR;JOGO DE REP. ARTICULAÇÃO EM FORQUILHA COM FURO CIRCULAR;0;;
101;1519;07094;1519;101.07094;CATEGORIA0;;1;1;0;1;;DIAFRAGMA;DIAFRAGMA;0;;
101;1519;07095;1519;101.07095;CATEGORIA0;;1;1;0;1;;DIAFRAGMA;DIAFRAGMA;0;;
101;1519;07096;1519;101.07096;CATEGORIA0;;1;1;0;1;;DIAFRAGMA;DIAFRAGMA;0;;
101;1519;07097;1519;101.07097;CATEGORIA0;;1;1;0;1;;DIAFRAGMA;DIAFRAGMA;0;;
101;1519;07098;1519;101.07098;CATEGORIA0;;1;1;0;1;;DIAFRAGMA;DIAFRAGMA;0;;
101;1519;07099;1519;101.07099;CATEGORIA0;;1;1;0;1;;DIAFRAGMA;DIAFRAGMA;0;;
101;1519;07100;1519;101.07100;CATEGORIA0;;1;1;0;1;;DIAFRAGMA;DIAFRAGMA;0;;
101;1519;07101;1519;101.07101;CATEGORIA0;;1;1;0;1;;DIAFRAGMA;DIAFRAGMA;0;;
101;1519;07102;1519;101.07102;CATEGORIA0;;1;1;0;1;;DIAFRAGMA;DIAFRAGMA;0;;
101;1519;07103;1519;101.07103;CATEGORIA0;;1;1;0;1;;DIAFRAGMA;DIAFRAGMA;0;;
101;1519;07104;1519;101.07104;CATEGORIA0;;1;1;0;1;;DIAFRAGMA;DIAFRAGMA;0;;
101;1519;07105;1519;101.07105;CATEGORIA0;;1;1;0;1;;FLANGE INTERMEDIÁRIO;FLANGE INTERMEDIÁRIO;0;;
101;1519;07106;1519;101.07106;CATEGORIA0;;1;1;0;1;;RETENTOR;RETENTOR;0;;
101;1519;07107;1519;101.07107;CATEGORIA0;;1;1;0;1;;FLANGE DO CARBURADOR;FLANGE DO CARBURADOR;0;;
101;1519;07108;1519;101.07108;CATEGORIA0;;1;1;0;1;;ROLAMENTO CENTRAL DE VEIO DE TRANSMISSÃO;ROLAMENTO CENTRAL DE VEIO DE TRANSMISSÃO;0;;
101;1519;07115;1519;101.07115;CATEGORIA0;;1;1;0;1;;VÁLVULA DE PRESSÃO;VÁLVULA DE PRESSÃO;0;;
101;1519;07116;1519;101.07116;CATEGORIA0;;1;1;0;1;;CASQUILHO DA BARRA ESTABILIZADORA;CASQUILHO DA BARRA ESTABILIZADORA;0;;
101;1519;07117;1519;101.07117;CATEGORIA0;;1;1;0;1;;BOCAL DE ASPIRAÇÃO;BOCAL DE ASPIRAÇÃO;0;;
101;1519;07120;1519;101.07120;CATEGORIA0;;1;1;0;1;;FLANGE DO CARBURADOR;FLANGE DO CARBURADOR;0;;
101;1519;07121;1519;101.07121;CATEGORIA0;;1;1;0;1;;APOIO DE MOTOR;APOIO DE MOTOR;0;;
101;1519;07122;1519;101.07122;CATEGORIA0;;1;1;0;1;;APOIO DE MOTOR;APOIO DE MOTOR;0;;
101;1519;07124;1519;101.07124;CATEGORIA0;;1;1;0;1;;APOIO DE MOTOR;APOIO DE MOTOR;0;;
101;1519;07143;1519;101.07143;CATEGORIA0;;1;1;0;1;;CASQUILHO DA BARRA ESTABILIZADORA;CASQUILHO DA BARRA ESTABILIZADORA;0;;
101;1519;07145;1519;101.07145;CATEGORIA0;;1;1;0;1;;APOIO DE MOTOR;APOIO DE MOTOR;0;;
101;1519;07147;1519;101.07147;CATEGORIA0;;1;1;0;1;;APOIO DE MOTOR;APOIO DE MOTOR;0;;
101;1519;07149;1519;101.07149;CATEGORIA0;;1;1;0;1;;APOIO CENTRAL DO VEIO DE TRANSMISSÃO;APOIO CENTRAL DO VEIO DE TRANSMISSÃO;0;;
101;1519;07150;1519;101.07150;CATEGORIA0;;1;1;0;1;;APOIO CENTRAL DO VEIO DE TRANSMISSÃO;APOIO CENTRAL DO VEIO DE TRANSMISSÃO;0;;
101;1519;07151;1519;101.07151;CATEGORIA0;;1;1;0;1;;APOIO CENTRAL DO VEIO DE TRANSMISSÃO;APOIO CENTRAL DO VEIO DE TRANSMISSÃO;0;;
101;1519;07153;1519;101.07153;CATEGORIA0;;1;1;0;1;;RÓTULA;RÓTULA;0;;
101;1519;07162;1519;101.07162;CATEGORIA0;;1;1;0;1;;POLIE;POLIE;0;;
101;1519;07163;1519;101.07163;CATEGORIA0;;1;1;0;1;;CASQUILHO DA BARRA ESTABILIZADORA;CASQUILHO DA BARRA ESTABILIZADORA;0;;
101;1519;07166;1519;101.07166;CATEGORIA0;;1;1;0;1;;PARAFUSO DO CALÇO DE TRAVÃO;PARAFUSO DO CALÇO DE TRAVÃO;0;;
101;1519;07167;1519;101.07167;CATEGORIA0;;1;1;0;1;;BRAÇO DE SUSPENSÃO;BRAÇO DE SUSPENSÃO;0;;
101;1519;07170;1519;101.07170;CATEGORIA0;;1;1;0;1;;APOIO DE MOTOR;APOIO DE MOTOR;0;;
101;1519;07171;1519;101.07171;CATEGORIA0;;1;1;0;1;;APOIO DE MOTOR;APOIO DE MOTOR;0;;
101;1519;07172;1519;101.07172;CATEGORIA0;;1;1;0;1;;APOIO DE MOTOR;APOIO DE MOTOR;0;;
101;1519;07175;1519;101.07175;CATEGORIA0;;1;1;0;1;;APOIO DE MOTOR;APOIO DE MOTOR;0;;
101;1519;07176;1519;101.07176;CATEGORIA0;;1;1;0;1;;PORCA DE RODA;PORCA DE RODA;0;;
101;1519;07177;1519;101.07177;CATEGORIA0;;1;1;0;1;;APOIO DE MOTOR;APOIO DE MOTOR;0;;
101;1519;07179;1519;101.07179;CATEGORIA0;;1;1;0;1;;SINOBLOCOS EIXO /APOIO DE MOTOR;SINOBLOCOS EIXO /APOIO DE MOTOR;0;;
101;1519;07180;1519;101.07180;CATEGORIA0;;1;1;0;1;;SINOBLOCOS EIXO /APOIO DE MOTOR;SINOBLOCOS EIXO /APOIO DE MOTOR;0;;
101;1519;07181;1519;101.07181;CATEGORIA0;;1;1;0;1;;SINOBLOCOS EIXO /APOIO DE MOTOR;SINOBLOCOS EIXO /APOIO DE MOTOR;0;;
101;1519;07182;1519;101.07182;CATEGORIA0;;1;1;0;1;;SINOBLOCOS EIXO /APOIO DE MOTOR;SINOBLOCOS EIXO /APOIO DE MOTOR;0;;
101;1519;07183;1519;101.07183;CATEGORIA0;;1;1;0;1;;APOIO DE MOTOR;APOIO DE MOTOR;0;;
101;1519;07184;1519;101.07184;CATEGORIA0;;1;1;0;1;;APOIO DE MOTOR;APOIO DE MOTOR;0;;
101;1519;07185;1519;101.07185;CATEGORIA0;;1;1;0;1;;APOIO DE MOTOR;APOIO DE MOTOR;0;;
101;1519;07186;1519;101.07186;CATEGORIA0;;1;1;0;1;;APOIO DE MOTOR;APOIO DE MOTOR;0;;
101;1519;07190;1519;101.07190;CATEGORIA0;;1;1;0;1;;PORCA;PORCA;0;;
101;1519;07192;1519;101.07192;CATEGORIA0;;1;1;0;1;;BRAÇO DE SUSPENSÃO;BRAÇO DE SUSPENSÃO;0;;
101;1519;07193;1519;101.07193;CATEGORIA0;;1;1;0;1;;CALÇO DE TRAVÃO;CALÇO DE TRAVÃO;0;;
101;1519;07195;1519;101.07195;CATEGORIA0;;1;1;0;1;;BRAÇO DE SUSPENSÃO;BRAÇO DE SUSPENSÃO;0;;
101;1519;07196;1519;101.07196;CATEGORIA0;;1;1;0;1;;JOGO SUPORTE DE ESTABILIZADOR;JOGO SUPORTE DE ESTABILIZADOR;0;;
101;1519;07197;1519;101.07197;CATEGORIA0;;1;1;0;1;;CASQUILHO DA BARRA ESTABILIZADORA;CASQUILHO DA BARRA ESTABILIZADORA;0;;
101;1519;07198;1519;101.07198;CATEGORIA0;;1;1;0;1;;ESTRIBO DE FIXAÇÃO;ESTRIBO DE FIXAÇÃO;0;;
101;1519;07199;1519;101.07199;CATEGORIA0;;1;1;0;1;;CASQUILHO DA BARRA ESTABILIZADORA;CASQUILHO DA BARRA ESTABILIZADORA;0;;
101;1519;07200;1519;101.07200;CATEGORIA0;;1;1;0;1;;CASQUILHO DA BARRA ESTABILIZADORA;CASQUILHO DA BARRA ESTABILIZADORA;0;;
101;1519;07205;1519;101.07205;CATEGORIA0;;1;1;0;1;;CASQUILHO DA BARRA ESTABILIZADORA;CASQUILHO DA BARRA ESTABILIZADORA;0;;
101;1519;07206;1519;101.07206;CATEGORIA0;;1;1;0;1;;ESTRIBO DE FIXAÇÃO;ESTRIBO DE FIXAÇÃO;0;;
101;1519;07207;1519;101.07207;CATEGORIA0;;1;1;0;1;;JOGO SUPORTE DE ESTABILIZADOR;JOGO SUPORTE DE ESTABILIZADOR;0;;
101;1519;07215;1519;101.07215;CATEGORIA0;;1;1;0;1;;RETENTOR;RETENTOR;0;;
101;1519;07217;1519;101.07217;CATEGORIA0;;1;1;0;1;;BRAÇO DE SUSPENSÃO;BRAÇO DE SUSPENSÃO;0;;
101;1519;07218;1519;101.07218;CATEGORIA0;;1;1;0;1;;CABEÇA DA EMBRAIAGEM;CABEÇA DA EMBRAIAGEM;0;;
101;1519;07219;1519;101.07219;CATEGORIA0;;1;1;0;1;;CABEÇA DA EMBRAIAGEM;CABEÇA DA EMBRAIAGEM;0;;
101;1519;07220;1519;101.07220;CATEGORIA0;;1;1;0;1;;APOIO DE MOTOR;APOIO DE MOTOR;0;;
101;1519;07224;1519;101.07224;CATEGORIA0;;1;1;0;1;;CONJUNTO DE CASQUILHOS DO BRAÇO DE SUSPENSÃO;CONJUNTO DE CASQUILHOS DO BRAÇO DE SUSPENSÃO;0;;
101;1519;07225;1519;101.07225;CATEGORIA0;;1;1;0;1;;APOIO DA ALAVANCA DE DIREÇÃO;APOIO DA ALAVANCA DE DIREÇÃO;0;;
101;1519;07228;1519;101.07228;CATEGORIA0;;1;1;0;1;;CALÇO DE TRAVÃO;CALÇO DE TRAVÃO;0;;
101;1519;07229;1519;101.07229;CATEGORIA0;;1;1;0;1;;CALÇO DE TRAVÃO;CALÇO DE TRAVÃO;0;;
101;1519;07243;1519;101.07243;CATEGORIA0;;1;1;0;1;;CAVILHA;CAVILHA;0;;
101;1519;07244;1519;101.07244;CATEGORIA0;;1;1;0;1;;MOLA DO CALÇO DE TRAVÃO;MOLA DO CALÇO DE TRAVÃO;0;;
101;1519;07248;1519;101.07248;CATEGORIA0;;1;1;0;1;;SUPORTE BARRA ESTABILIZADORA;SUPORTE BARRA ESTABILIZADORA;0;;
101;1519;07256;1519;101.07256;CATEGORIA0;;1;1;0;1;;BARRA DE ACOPLAMENTO;BARRA DE ACOPLAMENTO;0;;
101;1519;07258;1519;101.07258;CATEGORIA0;;1;1;0;1;;BARRA DE ACOPLAMENTO;BARRA DE ACOPLAMENTO;0;;
101;1519;07259;1519;101.07259;CATEGORIA0;;1;1;0;1;;BARRA DE ACOPLAMENTO;BARRA DE ACOPLAMENTO;0;;
101;1519;07266;1519;101.07266;CATEGORIA0;;1;1;0;1;;ROLETE DO CALÇO DE TRAVÃO;ROLETE DO CALÇO DE TRAVÃO;0;;
101;1519;07270;1519;101.07270;CATEGORIA0;;1;1;0;1;;CÁRTER INFERIOR;CÁRTER INFERIOR;0;;
101;1519;07272;1519;101.07272;CATEGORIA0;;1;1;0;1;;PARAFUSO;PARAFUSO;0;;
101;1519;07275;1519;101.07275;CATEGORIA0;;1;1;0;1;;GRAMPO DE SEGURANÇA;GRAMPO DE SEGURANÇA;0;;
101;1519;07276;1519;101.07276;CATEGORIA0;;1;1;0;1;;CHAPA DE RETENÇÃO;CHAPA DE RETENÇÃO;0;;
101;1519;07277;1519;101.07277;CATEGORIA0;;1;1;0;1;;PARAFUSO DO CALÇO DE TRAVÃO;PARAFUSO DO CALÇO DE TRAVÃO;0;;
101;1519;07278;1519;101.07278;CATEGORIA0;;1;1;0;1;;JOGO DE ROLOS PARA CALÇOS DE TRAVÃO;JOGO DE ROLOS PARA CALÇOS DE TRAVÃO;0;;
101;1519;07279;1519;101.07279;CATEGORIA0;;1;1;0;1;;CABEÇA DE DIREÇÃO EXTERIOR / BARRA INTERMÉDIA DE DIREÇÃO;CABEÇA DE DIREÇÃO EXTERIOR / BARRA INTERMÉDIA DE DIREÇÃO;0;;
101;1519;07280;1519;101.07280;CATEGORIA0;;1;1;0;1;;CABEÇA DE DIREÇÃO EXTERIOR / BARRA INTERMÉDIA DE DIREÇÃO;CABEÇA DE DIREÇÃO EXTERIOR / BARRA INTERMÉDIA DE DIREÇÃO;0;;
101;1519;07284;1519;101.07284;CATEGORIA0;;1;1;0;1;;TAMPÃO DE FECHO;TAMPÃO DE FECHO;0;;
101;1519;07287;1519;101.07287;CATEGORIA0;;1;1;0;1;;JOGO DE FOLES DE TRANSMISSÃO;JOGO DE FOLES DE TRANSMISSÃO;0;;
101;1519;07289;1519;101.07289;CATEGORIA0;;1;1;0;1;;ROLETE DO CALÇO DE TRAVÃO;ROLETE DO CALÇO DE TRAVÃO;0;;
101;1519;07291;1519;101.07291;CATEGORIA0;;1;1;0;1;;CAVILHA;CAVILHA;0;;
101;1519;07292;1519;101.07292;CATEGORIA0;;1;1;0;1;;CAVILHA DE MOLA;CAVILHA DE MOLA;0;;
101;1519;07293;1519;101.07293;CATEGORIA0;;1;1;0;1;;CAVILHA DE MOLA;CAVILHA DE MOLA;0;;
101;1519;07294;1519;101.07294;CATEGORIA0;;1;1;0;1;;TAMPÃO DE FECHO;TAMPÃO DE FECHO;0;;
101;1519;07295;1519;101.07295;CATEGORIA0;;1;1;0;1;;TAMPÃO DE FECHO;TAMPÃO DE FECHO;0;;
101;1519;07296;1519;101.07296;CATEGORIA0;;1;1;0;1;;CAVILHA DE RETENÇÃO DA MOLA;CAVILHA DE RETENÇÃO DA MOLA;0;;
101;1519;07297;1519;101.07297;CATEGORIA0;;1;1;0;1;;TENSOR;TENSOR;0;;
101;1519;07300;1519;101.07300;CATEGORIA0;;1;1;0;1;;PINO DA RODA;PINO DA RODA;0;;
101;1519;07301;1519;101.07301;CATEGORIA0;;1;1;0;1;;PORCA DE RODA;PORCA DE RODA;0;;
101;1519;07303;1519;101.07303;CATEGORIA0;;1;1;0;1;;DISCO DE TRAVÃO;DISCO DE TRAVÃO;0;;
101;1519;07304;1519;101.07304;CATEGORIA0;;1;1;0;1;;PINO DA RODA;PINO DA RODA;0;;
101;1519;07305;1519;101.07305;CATEGORIA0;;1;1;0;1;;RETENTOR;RETENTOR;0;;
101;1519;07306;1519;101.07306;CATEGORIA0;;1;1;0;1;;RETENTOR;RETENTOR;0;;
101;1519;07307;1519;101.07307;CATEGORIA0;;1;1;0;1;;RETENTOR;RETENTOR;0;;
101;1519;07308;1519;101.07308;CATEGORIA0;;1;1;0;1;;RETENTOR;RETENTOR;0;;
101;1519;07312;1519;101.07312;CATEGORIA0;;1;1;0;1;;PINO DA RODA;PINO DA RODA;0;;
101;1519;07314;1519;101.07314;CATEGORIA0;;1;1;0;1;;DISCO DE TRAVÃO;DISCO DE TRAVÃO;0;;
101;1519;07325;1519;101.07325;CATEGORIA0;;1;1;0;1;;MOLA DO CALÇO DE TRAVÃO;MOLA DO CALÇO DE TRAVÃO;0;;
101;1519;07326;1519;101.07326;CATEGORIA0;;1;1;0;1;;CASQUILHO DA BARRA ESTABILIZADORA;CASQUILHO DA BARRA ESTABILIZADORA;0;;
101;1519;07329;1519;101.07329;CATEGORIA0;;1;1;0;1;;CASQUILHO DA BARRA ESTABILIZADORA;CASQUILHO DA BARRA ESTABILIZADORA;0;;
101;1519;07333;1519;101.07333;CATEGORIA0;;1;1;0;1;;DISCO DE TRAVÃO;DISCO DE TRAVÃO;0;;
101;1519;07338;1519;101.07338;CATEGORIA0;;1;1;0;1;;FICHA;FICHA;0;;
101;1519;07339;1519;101.07339;CATEGORIA0;;1;1;0;1;;TOMADA DE CORRENTE;TOMADA DE CORRENTE;0;;
101;1519;07340;1519;101.07340;CATEGORIA0;;1;1;0;1;;FICHA;FICHA;0;;
101;1519;07341;1519;101.07341;CATEGORIA0;;1;1;0;1;;TOMADA DE CORRENTE;TOMADA DE CORRENTE;0;;
101;1519;07342;1519;101.07342;CATEGORIA0;;1;1;0;1;;FICHA;FICHA;0;;
101;1519;07343;1519;101.07343;CATEGORIA0;;1;1;0;1;;TOMADA DE CORRENTE;TOMADA DE CORRENTE;0;;
101;1519;07345;1519;101.07345;CATEGORIA0;;1;1;0;1;;AJUSTADOR DE FOLGA;AJUSTADOR DE FOLGA;0;;
101;1519;07348;1519;101.07348;CATEGORIA0;;1;1;0;1;;FOLE DE DIREÇÃO;FOLE DE DIREÇÃO;0;;
101;1519;07349;1519;101.07349;CATEGORIA0;;1;1;0;1;;FOLE DE DIREÇÃO;FOLE DE DIREÇÃO;0;;
101;1519;07358;1519;101.07358;CATEGORIA0;;1;1;0;1;;SUPORTE DE BORRACHA PARA ESCAPE;SUPORTE DE BORRACHA PARA ESCAPE;0;;
101;1519;07359;1519;101.07359;CATEGORIA0;;1;1;0;1;;SUPORTE DO DISPOSITIVO AMORTECEDOR;SUPORTE DO DISPOSITIVO AMORTECEDOR;0;;
101;1519;07365;1519;101.07365;CATEGORIA0;;1;1;0;1;;SUPORTE DE BORRACHA PARA ESCAPE;SUPORTE DE BORRACHA PARA ESCAPE;0;;
101;1519;07368;1519;101.07368;CATEGORIA0;;1;1;0;1;;MEMBRO DE PRESSÃO;MEMBRO DE PRESSÃO;0;;
101;1519;07372;1519;101.07372;CATEGORIA0;;1;1;0;1;;TUCHE DE VÁLVULAS;TUCHE DE VÁLVULAS;0;;
101;1519;07373;1519;101.07373;CATEGORIA0;;1;1;0;1;;TUCHE DE VÁLVULAS;TUCHE DE VÁLVULAS;0;;
101;1519;07374;1519;101.07374;CATEGORIA0;;1;1;0;1;;CONJUNTO DE APOIOS DE VEIO DE RESSALTO DE TRAVAGEM;CONJUNTO DE APOIOS DE VEIO DE RESSALTO DE TRAVAGEM;0;;
101;1519;07375;1519;101.07375;CATEGORIA0;;1;1;0;1;;ROLAMENTO DE EMBRAIAGEM;ROLAMENTO DE EMBRAIAGEM;0;;
101;1519;07376;1519;101.07376;CATEGORIA0;;1;1;0;1;;ROLAMENTO DE EMBRAIAGEM;ROLAMENTO DE EMBRAIAGEM;0;;
101;1519;07377;1519;101.07377;CATEGORIA0;;1;1;0;1;;TUCHE DE VÁLVULAS;TUCHE DE VÁLVULAS;0;;
101;1519;07379;1519;101.07379;CATEGORIA0;;1;1;0;1;;JOGO DE REP. EIXO DA ALAVANCA DA DIREÇÃO;JOGO DE REP. EIXO DA ALAVANCA DA DIREÇÃO;0;;
101;1519;07380;1519;101.07380;CATEGORIA0;;1;1;0;1;;CASQUILHO DA BARRA ESTABILIZADORA;CASQUILHO DA BARRA ESTABILIZADORA;0;;
101;1519;07381;1519;101.07381;CATEGORIA0;;1;1;0;1;;ARTICULAÇÃO DE APOIO;ARTICULAÇÃO DE APOIO;0;;
101;1519;07383;1519;101.07383;CATEGORIA0;;1;1;0;1;;PORCA DA BIELA;PORCA DA BIELA;0;;
101;1519;07384;1519;101.07384;CATEGORIA0;;1;1;0;1;;APOIO DE MOTOR / TRANSMISSÃO;APOIO DE MOTOR / TRANSMISSÃO;0;;
101;1519;07388;1519;101.07388;CATEGORIA0;;1;1;0;1;;DISCO DE TRAVÃO;DISCO DE TRAVÃO;0;;
101;1519;07390;1519;101.07390;CATEGORIA0;;1;1;0;1;;CASQUILHO;CASQUILHO;0;;
101;1519;07392;1519;101.07392;CATEGORIA0;;1;1;0;1;;ESTRIBO DE MOLA;ESTRIBO DE MOLA;0;;
101;1519;07396;1519;101.07396;CATEGORIA0;;1;1;0;1;;DISCO DE TRAVÃO;DISCO DE TRAVÃO;0;;
101;1519;07399;1519;101.07399;CATEGORIA0;;1;1;0;1;;ANEL DE RETENÇÃO;ANEL DE RETENÇÃO;0;;
101;1519;07400;1519;101.07400;CATEGORIA0;;1;1;0;1;;PORCA DE COLAR CHATO;PORCA DE COLAR CHATO;0;;
101;1519;07403;1519;101.07403;CATEGORIA0;;1;1;0;1;;ENCOSTO DE BORRACHA-METAL;ENCOSTO DE BORRACHA-METAL;0;;
101;1519;07406;1519;101.07406;CATEGORIA0;;1;1;0;1;;JOGO DE ROLAMENTO DE RODA;JOGO DE ROLAMENTO DE RODA;0;;
101;1519;07407;1519;101.07407;CATEGORIA0;;1;1;0;1;;CÁRTER INFERIOR;CÁRTER INFERIOR;0;;
101;1519;07411;1519;101.07411;CATEGORIA0;;1;1;0;1;;BORRACHA DE ENCOSTO;BORRACHA DE ENCOSTO;0;;
101;1519;07417;1519;101.07417;CATEGORIA0;;1;1;0;1;;PARAFUSO PARA REGULAÇÃO DE VÁLVULAS;PARAFUSO PARA REGULAÇÃO DE VÁLVULAS;0;;
101;1519;07418;1519;101.07418;CATEGORIA0;;1;1;0;1;;CONTRAPORCA;CONTRAPORCA;0;;
101;1519;07420;1519;101.07420;CATEGORIA0;;1;1;0;1;;DISCO DE TRAVÃO;DISCO DE TRAVÃO;0;;
101;1519;07422;1519;101.07422;CATEGORIA0;;1;1;0;1;;BARRA DE SELEÇÃO;BARRA DE SELEÇÃO;0;;
101;1519;07427;1519;101.07427;CATEGORIA0;;1;1;0;1;;BARRA DE SELEÇÃO;BARRA DE SELEÇÃO;0;;
101;1519;07428;1519;101.07428;CATEGORIA0;;1;1;0;1;;PORCA DE COLAR CHATO;PORCA DE COLAR CHATO;0;;
101;1519;07432;1519;101.07432;CATEGORIA0;;1;1;0;1;;TUCHE DE VÁLVULAS;TUCHE DE VÁLVULAS;0;;
101;1519;07436;1519;101.07436;CATEGORIA0;;1;1;0;1;;ANEL DE JUNÇÃO;ANEL DE JUNÇÃO;0;;
101;1519;07437;1519;101.07437;CATEGORIA0;;1;1;0;1;;CAVILHA;CAVILHA;0;;
101;1519;07438;1519;101.07438;CATEGORIA0;;1;1;0;1;;ANEL DE JUNÇÃO;ANEL DE JUNÇÃO;0;;
101;1519;07451;1519;101.07451;CATEGORIA0;;1;1;0;1;;JOGO DE AJUSTE DE TRAVÕES;JOGO DE AJUSTE DE TRAVÕES;0;;
101;1519;07452;1519;101.07452;CATEGORIA0;;1;1;0;1;;JOGO DE AJUSTE DE TRAVÕES;JOGO DE AJUSTE DE TRAVÕES;0;;
101;1519;07454;1519;101.07454;CATEGORIA0;;1;1;0;1;;ESTRIBO DE MOLA;ESTRIBO DE MOLA;0;;
101;1519;07456;1519;101.07456;CATEGORIA0;;1;1;0;1;;PINO DA RODA;PINO DA RODA;0;;
101;1519;07461;1519;101.07461;CATEGORIA0;;1;1;0;1;;TENSOR DE CORRENTE;TENSOR DE CORRENTE;0;;
101;1519;07462;1519;101.07462;CATEGORIA0;;1;1;0;1;;ANEL ESPAÇADOR;ANEL ESPAÇADOR;0;;
101;1519;07466;1519;101.07466;CATEGORIA0;;1;1;0;1;;JOGO DE ROLOS PARA CALÇOS DE TRAVÃO;JOGO DE ROLOS PARA CALÇOS DE TRAVÃO;0;;
101;1519;07471;1519;101.07471;CATEGORIA0;;1;1;0;1;;CALÇO DE TRAVÃO;CALÇO DE TRAVÃO;0;;
101;1519;07473;1519;101.07473;CATEGORIA0;;1;1;0;1;;APOIO DE MOTOR;APOIO DE MOTOR;0;;
101;1519;07475;1519;101.07475;CATEGORIA0;;1;1;0;1;;APOIO DE MOTOR;APOIO DE MOTOR;0;;
101;1519;07476;1519;101.07476;CATEGORIA0;;1;1;0;1;;ALMOFADA DE MOLAS;ALMOFADA DE MOLAS;0;;
101;1519;07477;1519;101.07477;CATEGORIA0;;1;1;0;1;;CONJUNTO DE APOIOS DE VEIO DE RESSALTO DE TRAVAGEM;CONJUNTO DE APOIOS DE VEIO DE RESSALTO DE TRAVAGEM;0;;
101;1519;07478;1519;101.07478;CATEGORIA0;;1;1;0;1;;CONJUNTO DE APOIOS DE VEIO DE RESSALTO DE TRAVAGEM;CONJUNTO DE APOIOS DE VEIO DE RESSALTO DE TRAVAGEM;0;;
101;1519;07479;1519;101.07479;CATEGORIA0;;1;1;0;1;;RÓTULA RADIAL;RÓTULA RADIAL;0;;
101;1519;07480;1519;101.07480;CATEGORIA0;;1;1;0;1;;SUPORTE DE JUNTA;SUPORTE DE JUNTA;0;;
101;1519;07481;1519;101.07481;CATEGORIA0;;1;1;0;1;;RETENTOR DO VEIO;RETENTOR DO VEIO;0;;
101;1519;07482;1519;101.07482;CATEGORIA0;;1;1;0;1;;RETENTOR DO VEIO;RETENTOR DO VEIO;0;;
101;1519;07484;1519;101.07484;CATEGORIA0;;1;1;0;1;;ANILHA DE FREIO;ANILHA DE FREIO;0;;
101;1519;07487;1519;101.07487;CATEGORIA0;;1;1;0;1;;ANILHA DE ESPAÇAMENTO;ANILHA DE ESPAÇAMENTO;0;;
101;1519;07489;1519;101.07489;CATEGORIA0;;1;1;0;1;;ANILHA DE ESPAÇAMENTO;ANILHA DE ESPAÇAMENTO;0;;
101;1519;07500;1519;101.07500;CATEGORIA0;;1;1;0;1;;CALÇO DE TRAVÃO;CALÇO DE TRAVÃO;0;;
101;1519;07501;1519;101.07501;CATEGORIA0;;1;1;0;1;;CAVILHA DE RETENÇÃO DA MOLA;CAVILHA DE RETENÇÃO DA MOLA;0;;
101;1519;07507;1519;101.07507;CATEGORIA0;;1;1;0;1;;PARAFUSO DA BIELA;PARAFUSO DA BIELA;0;;
101;1519;07508;1519;101.07508;CATEGORIA0;;1;1;0;1;;DISCO DE TRAVÃO;DISCO DE TRAVÃO;0;;
101;1519;07509;1519;101.07509;CATEGORIA0;;1;1;0;1;;CAVILHA;CAVILHA;0;;
101;1519;07511;1519;101.07511;CATEGORIA0;;1;1;0;1;;DISCO DE TRAVÃO;DISCO DE TRAVÃO;0;;
101;1519;07512;1519;101.07512;CATEGORIA0;;1;1;0;1;;BRAÇO DE SUSPENSÃO;BRAÇO DE SUSPENSÃO;0;;
101;1519;07513;1519;101.07513;CATEGORIA0;;1;1;0;1;;BRAÇO DE SUSPENSÃO;BRAÇO DE SUSPENSÃO;0;;
101;1519;07517;1519;101.07517;CATEGORIA0;;1;1;0;1;;DISCO DE TRAVÃO;DISCO DE TRAVÃO;0;;
101;1519;07520;1519;101.07520;CATEGORIA0;;1;1;0;1;;RESERVATÓRIO DE AR, ACUMULADOR DE PRESSÃO;RESERVATÓRIO DE AR, ACUMULADOR DE PRESSÃO;0;;
101;1519;07525;1519;101.07525;CATEGORIA0;;1;1;0;1;;APOIO DE MOTOR;APOIO DE MOTOR;0;;
101;1519;07527;1519;101.07527;CATEGORIA0;;1;1;0;1;;BOMBA DO ÓLEO;BOMBA DO ÓLEO;0;;
101;1519;07532;1519;101.07532;CATEGORIA0;;1;1;0;1;;REVESTIMENTO DE PEDAL;REVESTIMENTO DE PEDAL;0;;
101;1519;07533;1519;101.07533;CATEGORIA0;;1;1;0;1;;ANEL DE RETENÇÃO;ANEL DE RETENÇÃO;0;;
101;1519;07534;1519;101.07534;CATEGORIA0;;1;1;0;1;;REVESTIMENTO DE PEDAL;REVESTIMENTO DE PEDAL;0;;
101;1519;07535;1519;101.07535;CATEGORIA0;;1;1;0;1;;MOLA DO CALÇO DE TRAVÃO;MOLA DO CALÇO DE TRAVÃO;0;;
101;1519;07536;1519;101.07536;CATEGORIA0;;1;1;0;1;;O-RING;O-RING;0;;
101;1519;07537;1519;101.07537;CATEGORIA0;;1;1;0;1;;TAMPÃO DE FECHO;TAMPÃO DE FECHO;0;;
101;1519;07538;1519;101.07538;CATEGORIA0;;1;1;0;1;;CASQUILHO DA BARRA ESTABILIZADORA;CASQUILHO DA BARRA ESTABILIZADORA;0;;
101;1519;07539;1519;101.07539;CATEGORIA0;;1;1;0;1;;TUCHE DE VÁLVULAS;TUCHE DE VÁLVULAS;0;;
101;1519;07540;1519;101.07540;CATEGORIA0;;1;1;0;1;;JOGO DE JUNTAS FLEXÍVEIS;JOGO DE JUNTAS FLEXÍVEIS;0;;
101;1519;07541;1519;101.07541;CATEGORIA0;;1;1;0;1;;JOGO DE JUNTAS FLEXÍVEIS;JOGO DE JUNTAS FLEXÍVEIS;0;;
101;1519;07542;1519;101.07542;CATEGORIA0;;1;1;0;1;;JUNTA FLEXÍVEL;JUNTA FLEXÍVEL;0;;
101;1519;07543;1519;101.07543;CATEGORIA0;;1;1;0;1;;JUNTA FLEXÍVEL;JUNTA FLEXÍVEL;0;;
101;1519;07548;1519;101.07548;CATEGORIA0;;1;1;0;1;;DISCO PARA REGULAÇÃO DE VÁLVULAS;DISCO PARA REGULAÇÃO DE VÁLVULAS;0;;
101;1519;07549;1519;101.07549;CATEGORIA0;;1;1;0;1;;DISCO PARA REGULAÇÃO DE VÁLVULAS;DISCO PARA REGULAÇÃO DE VÁLVULAS;0;;
101;1519;07550;1519;101.07550;CATEGORIA0;;1;1;0;1;;DISCO PARA REGULAÇÃO DE VÁLVULAS;DISCO PARA REGULAÇÃO DE VÁLVULAS;0;;
101;1519;07551;1519;101.07551;CATEGORIA0;;1;1;0;1;;DISCO PARA REGULAÇÃO DE VÁLVULAS;DISCO PARA REGULAÇÃO DE VÁLVULAS;0;;
101;1519;07552;1519;101.07552;CATEGORIA0;;1;1;0;1;;DISCO PARA REGULAÇÃO DE VÁLVULAS;DISCO PARA REGULAÇÃO DE VÁLVULAS;0;;
101;1519;07553;1519;101.07553;CATEGORIA0;;1;1;0;1;;DISCO PARA REGULAÇÃO DE VÁLVULAS;DISCO PARA REGULAÇÃO DE VÁLVULAS;0;;
101;1519;07554;1519;101.07554;CATEGORIA0;;1;1;0;1;;DISCO PARA REGULAÇÃO DE VÁLVULAS;DISCO PARA REGULAÇÃO DE VÁLVULAS;0;;
101;1519;07555;1519;101.07555;CATEGORIA0;;1;1;0;1;;DISCO PARA REGULAÇÃO DE VÁLVULAS;DISCO PARA REGULAÇÃO DE VÁLVULAS;0;;
101;1519;07556;1519;101.07556;CATEGORIA0;;1;1;0;1;;JUNTA DO CÁRTER INFERIOR;JUNTA DO CÁRTER INFERIOR;0;;
101;1519;07557;1519;101.07557;CATEGORIA0;;1;1;0;1;;CASQUILHO DO BRAÇO OSCILANTE;CASQUILHO DO BRAÇO OSCILANTE;0;;
101;1519;07558;1519;101.07558;CATEGORIA0;;1;1;0;1;;CASQUILHO DO BRAÇO OSCILANTE;CASQUILHO DO BRAÇO OSCILANTE;0;;
101;1519;07559;1519;101.07559;CATEGORIA0;;1;1;0;1;;SUPORTE DO DISPOSITIVO AMORTECEDOR;SUPORTE DO DISPOSITIVO AMORTECEDOR;0;;
101;1519;07561;1519;101.07561;CATEGORIA0;;1;1;0;1;;EIXO DA ALAVANCA DE SUSPENSÃO;EIXO DA ALAVANCA DE SUSPENSÃO;0;;
101;1519;07563;1519;101.07563;CATEGORIA0;;1;1;0;1;;BOMBA DO ÓLEO;BOMBA DO ÓLEO;0;;
101;1519;07565;1519;101.07565;CATEGORIA0;;1;1;0;1;;CASQUILHO;CASQUILHO;0;;
101;1519;07566;1519;101.07566;CATEGORIA0;;1;1;0;1;;CAVILHA DE MOLA;CAVILHA DE MOLA;0;;
101;1519;07568;1519;101.07568;CATEGORIA0;;1;1;0;1;;JOGO SUPORTE DE ESTABILIZADOR;JOGO SUPORTE DE ESTABILIZADOR;0;;
101;1519;07570;1519;101.07570;CATEGORIA0;;1;1;0;1;;CASQUILHOS;CASQUILHOS;0;;
101;1519;07577;1519;101.07577;CATEGORIA0;;1;1;0;1;;PORCA SEXTAVADA;PORCA SEXTAVADA;0;;
101;1519;07578;1519;101.07578;CATEGORIA0;;1;1;0;1;;APOIO DE MOTOR / TRANSMISSÃO;APOIO DE MOTOR / TRANSMISSÃO;0;;
101;1519;07584;1519;101.07584;CATEGORIA0;;1;1;0;1;;PARAFUSO PARA VOLANTE DE MOTOR;PARAFUSO PARA VOLANTE DE MOTOR;0;;
101;1519;07585;1519;101.07585;CATEGORIA0;;1;1;0;1;;APOIO DE MOTOR;APOIO DE MOTOR;0;;
101;1519;07586;1519;101.07586;CATEGORIA0;;1;1;0;1;;JOGO DE ACESSÓRIOS;JOGO DE ACESSÓRIOS;0;;
101;1519;07587;1519;101.07587;CATEGORIA0;;1;1;0;1;;PATIM DE MOLA;PATIM DE MOLA;0;;
101;1519;07588;1519;101.07588;CATEGORIA0;;1;1;0;1;;PATIM DE MOLA;PATIM DE MOLA;0;;
101;1519;07589;1519;101.07589;CATEGORIA0;;1;1;0;1;;TUCHE DE VÁLVULAS;TUCHE DE VÁLVULAS;0;;
101;1519;07590;1519;101.07590;CATEGORIA0;;1;1;0;1;;CASQUILHO DO BRAÇO OSCILANTE;CASQUILHO DO BRAÇO OSCILANTE;0;;
101;1519;07591;1519;101.07591;CATEGORIA0;;1;1;0;1;;ÁRVORE DE CAMES;ÁRVORE DE CAMES;0;;
101;1519;07593;1519;101.07593;CATEGORIA0;;1;1;0;1;;O-RING;O-RING;0;;
101;1519;07594;1519;101.07594;CATEGORIA0;;1;1;0;1;;CÁPSULA DO CUBO DA RODA;CÁPSULA DO CUBO DA RODA;0;;
101;1519;07595;1519;101.07595;CATEGORIA0;;1;1;0;1;;CÁPSULA DO CUBO DA RODA;CÁPSULA DO CUBO DA RODA;0;;
101;1519;07601;1519;101.07601;CATEGORIA0;;1;1;0;1;;APOIO DA BARRA TRANSVERSAL;APOIO DA BARRA TRANSVERSAL;0;;
101;1519;07602;1519;101.07602;CATEGORIA0;;1;1;0;1;;APOIO DA BARRA TRANSVERSAL;APOIO DA BARRA TRANSVERSAL;0;;
101;1519;07605;1519;101.07605;CATEGORIA0;;1;1;0;1;;APOIO DE MOTOR;APOIO DE MOTOR;0;;
101;1519;07606;1519;101.07606;CATEGORIA0;;1;1;0;1;;ENCOSTO DE BORRACHA-METAL;ENCOSTO DE BORRACHA-METAL;0;;
101;1519;07608;1519;101.07608;CATEGORIA0;;1;1;0;1;;APOIO DA BARRA TRANSVERSAL;APOIO DA BARRA TRANSVERSAL;0;;
101;1519;07609;1519;101.07609;CATEGORIA0;;1;1;0;1;;APOIO DA BARRA TRANSVERSAL;APOIO DA BARRA TRANSVERSAL;0;;
101;1519;07612;1519;101.07612;CATEGORIA0;;1;1;0;1;;APOIO DE TRANSMISSÃO;APOIO DE TRANSMISSÃO;0;;
101;1519;07614;1519;101.07614;CATEGORIA0;;1;1;0;1;;ENCOSTO DE BORRACHA-METAL;ENCOSTO DE BORRACHA-METAL;0;;
101;1519;07620;1519;101.07620;CATEGORIA0;;1;1;0;1;;APOIO DA BARRA TRANSVERSAL;APOIO DA BARRA TRANSVERSAL;0;;
101;1519;07621;1519;101.07621;CATEGORIA0;;1;1;0;1;;COXIM DE MOLA;COXIM DE MOLA;0;;
101;1519;07622;1519;101.07622;CATEGORIA0;;1;1;0;1;;APOIO DA BARRA TRANSVERSAL;APOIO DA BARRA TRANSVERSAL;0;;
101;1519;07623;1519;101.07623;CATEGORIA0;;1;1;0;1;;SUPORTE DE BARRA PANHARD;SUPORTE DE BARRA PANHARD;0;;
101;1519;07625;1519;101.07625;CATEGORIA0;;1;1;0;1;;APOIO DE MOTOR;APOIO DE MOTOR;0;;
101;1519;07626;1519;101.07626;CATEGORIA0;;1;1;0;1;;RETENTOR DA CAMBOTA;RETENTOR DA CAMBOTA;0;;
101;1519;07629;1519;101.07629;CATEGORIA0;;1;1;0;1;;CASQUILHO DA BARRA ESTABILIZADORA;CASQUILHO DA BARRA ESTABILIZADORA;0;;
101;1519;07630;1519;101.07630;CATEGORIA0;;1;1;0;1;;CASQUILHO PARA CALÇOS DE TRAVÃO;CASQUILHO PARA CALÇOS DE TRAVÃO;0;;
101;1519;07631;1519;101.07631;CATEGORIA0;;1;1;0;1;;RETENTOR;RETENTOR;0;;
101;1519;07632;1519;101.07632;CATEGORIA0;;1;1;0;1;;RETENTOR;RETENTOR;0;;
101;1519;07633;1519;101.07633;CATEGORIA0;;1;1;0;1;;COXIM DE MOLA;COXIM DE MOLA;0;;
101;1519;07634;1519;101.07634;CATEGORIA0;;1;1;0;1;;COXIM DE MOLA;COXIM DE MOLA;0;;
101;1519;07635;1519;101.07635;CATEGORIA0;;1;1;0;1;;ANEL DE CENTRAGEM;ANEL DE CENTRAGEM;0;;
101;1519;07636;1519;101.07636;CATEGORIA0;;1;1;0;1;;ANEL DE CENTRAGEM;ANEL DE CENTRAGEM;0;;
101;1519;07642;1519;101.07642;CATEGORIA0;;1;1;0;1;;APOIO DE TRANSMISSÃO;APOIO DE TRANSMISSÃO;0;;
101;1519;07643;1519;101.07643;CATEGORIA0;;1;1;0;1;;JOGO DE FOLES DE TRANSMISSÃO;JOGO DE FOLES DE TRANSMISSÃO;0;;
101;1519;07646;1519;101.07646;CATEGORIA0;;1;1;0;1;;JOGO DE ROLOS PARA CALÇOS DE TRAVÃO;JOGO DE ROLOS PARA CALÇOS DE TRAVÃO;0;;
101;1519;07649;1519;101.07649;CATEGORIA0;;1;1;0;1;;APOIO DE MOTOR;APOIO DE MOTOR;0;;
101;1519;07650;1519;101.07650;CATEGORIA0;;1;1;0;1;;APOIO DE MOTOR;APOIO DE MOTOR;0;;
101;1519;07652;1519;101.07652;CATEGORIA0;;1;1;0;1;;APOIO DE MOTOR;APOIO DE MOTOR;0;;
101;1519;07653;1519;101.07653;CATEGORIA0;;1;1;0;1;;RETENTOR DO VEIO;RETENTOR DO VEIO;0;;
101;1519;07654;1519;101.07654;CATEGORIA0;;1;1;0;1;;APOIO DE TRANSMISSÃO;APOIO DE TRANSMISSÃO;0;;
101;1519;07656;1519;101.07656;CATEGORIA0;;1;1;0;1;;CILINDRO DE AR COMPRIMIDO;CILINDRO DE AR COMPRIMIDO;0;;
101;1519;07659;1519;101.07659;CATEGORIA0;;1;1;0;1;;JOGO DE JUNTAS;JOGO DE JUNTAS;0;;
101;1519;07661;1519;101.07661;CATEGORIA0;;1;1;0;1;;PARAFUSO DA CABEÇA DO MOTOR;PARAFUSO DA CABEÇA DO MOTOR;0;;
101;1519;07663;1519;101.07663;CATEGORIA0;;1;1;0;1;;PORCA DE RODA;PORCA DE RODA;0;;
101;1519;07666;1519;101.07666;CATEGORIA0;;1;1;0;1;;ÁRVORE DE CAMES;ÁRVORE DE CAMES;0;;
101;1519;07667;1519;101.07667;CATEGORIA0;;1;1;0;1;;CASQUILHO DA BARRA ESTABILIZADORA;CASQUILHO DA BARRA ESTABILIZADORA;0;;
101;1519;07669;1519;101.07669;CATEGORIA0;;1;1;0;1;;PEÇA DE FECHO;PEÇA DE FECHO;0;;
101;1519;07671;1519;101.07671;CATEGORIA0;;1;1;0;1;;BORRACHA DE ENCOSTO;BORRACHA DE ENCOSTO;0;;
101;1519;07673;1519;101.07673;CATEGORIA0;;1;1;0;1;;CASQUILHO DA MOLA DE SUSPENSÃO;CASQUILHO DA MOLA DE SUSPENSÃO;0;;
101;1519;07675;1519;101.07675;CATEGORIA0;;1;1;0;1;;ÁRVORE DE CAMES;ÁRVORE DE CAMES;0;;
101;1519;07681;1519;101.07681;CATEGORIA0;;1;1;0;1;;CASQUILHO DA BARRA ESTABILIZADORA;CASQUILHO DA BARRA ESTABILIZADORA;0;;
101;1519;07685;1519;101.07685;CATEGORIA0;;1;1;0;1;;BOMBA DO ÓLEO;BOMBA DO ÓLEO;0;;
101;1519;07686;1519;101.07686;CATEGORIA0;;1;1;0;1;;RETENTOR DA CAMBOTA;RETENTOR DA CAMBOTA;0;;
101;1519;07689;1519;101.07689;CATEGORIA0;;1;1;0;1;;COXIM DE MOLA;COXIM DE MOLA;0;;
101;1519;07690;1519;101.07690;CATEGORIA0;;1;1;0;1;;RETENTOR DA CAMBOTA;RETENTOR DA CAMBOTA;0;;
101;1519;07691;1519;101.07691;CATEGORIA0;;1;1;0;1;;ROLETE DO CALÇO DE TRAVÃO;ROLETE DO CALÇO DE TRAVÃO;0;;
101;1519;07692;1519;101.07692;CATEGORIA0;;1;1;0;1;;CASQUILHO DA MOLA DE SUSPENSÃO;CASQUILHO DA MOLA DE SUSPENSÃO;0;;
101;1519;07694;1519;101.07694;CATEGORIA0;;1;1;0;1;;CASQUILHO DA BARRA ESTABILIZADORA;CASQUILHO DA BARRA ESTABILIZADORA;0;;
101;1519;07695;1519;101.07695;CATEGORIA0;;1;1;0;1;;MOLA PNEUMÁTICA;MOLA PNEUMÁTICA;0;;
101;1519;07700;1519;101.07700;CATEGORIA0;;1;1;0;1;;CASQUILHO DE CENTRAGEM;CASQUILHO DE CENTRAGEM;0;;
101;1519;07701;1519;101.07701;CATEGORIA0;;1;1;0;1;;CASQUILHO DA BARRA ESTABILIZADORA;CASQUILHO DA BARRA ESTABILIZADORA;0;;
101;1519;07702;1519;101.07702;CATEGORIA0;;1;1;0;1;;BARRA DE SELEÇÃO;BARRA DE SELEÇÃO;0;;
101;1519;07705;1519;101.07705;CATEGORIA0;;1;1;0;1;;BARRA DE SELEÇÃO;BARRA DE SELEÇÃO;0;;
101;1519;07706;1519;101.07706;CATEGORIA0;;1;1;0;1;;SUPORTE BARRA ESTABILIZADORA;SUPORTE BARRA ESTABILIZADORA;0;;
101;1519;07708;1519;101.07708;CATEGORIA0;;1;1;0;1;;TENSOR;TENSOR;0;;
101;1519;07709;1519;101.07709;CATEGORIA0;;1;1;0;1;;POLIE DE DESVIO;POLIE DE DESVIO;0;;
101;1519;07710;1519;101.07710;CATEGORIA0;;1;1;0;1;;TENSOR;TENSOR;0;;
101;1519;07713;1519;101.07713;CATEGORIA0;;1;1;0;1;;BARRA DE DESLIZE;BARRA DE DESLIZE;0;;
101;1519;07714;1519;101.07714;CATEGORIA0;;1;1;0;1;;TENSOR DE CORRENTE;TENSOR DE CORRENTE;0;;
101;1519;07715;1519;101.07715;CATEGORIA0;;1;1;0;1;;CÁRTER INFERIOR;CÁRTER INFERIOR;0;;
101;1519;07716;1519;101.07716;CATEGORIA0;;1;1;0;1;;CÁRTER INFERIOR;CÁRTER INFERIOR;0;;
101;1519;07717;1519;101.07717;CATEGORIA0;;1;1;0;1;;PARAFUSO PARA REGULAÇÃO DE VÁLVULAS;PARAFUSO PARA REGULAÇÃO DE VÁLVULAS;0;;
101;1519;07718;1519;101.07718;CATEGORIA0;;1;1;0;1;;CONTRAPORCA;CONTRAPORCA;0;;
101;1519;07719;1519;101.07719;CATEGORIA0;;1;1;0;1;;ANEL RETENTOR DE ÓLEO;ANEL RETENTOR DE ÓLEO;0;;
101;1519;07720;1519;101.07720;CATEGORIA0;;1;1;0;1;;ANEL DA RODA VOLANTE;ANEL DA RODA VOLANTE;0;;
101;1519;07722;1519;101.07722;CATEGORIA0;;1;1;0;1;;TUBO DE PLÁSTICO;TUBO DE PLÁSTICO;0;;
101;1519;07723;1519;101.07723;CATEGORIA0;;1;1;0;1;;TUBO DE PLÁSTICO;TUBO DE PLÁSTICO;0;;
101;1519;07724;1519;101.07724;CATEGORIA0;;1;1;0;1;;TUBO DE PLÁSTICO;TUBO DE PLÁSTICO;0;;
101;1519;07725;1519;101.07725;CATEGORIA0;;1;1;0;1;;TUBO DE PLÁSTICO;TUBO DE PLÁSTICO;0;;
101;1519;07726;1519;101.07726;CATEGORIA0;;1;1;0;1;;TUBO DE PLÁSTICO;TUBO DE PLÁSTICO;0;;
101;1519;07727;1519;101.07727;CATEGORIA0;;1;1;0;1;;TUBO DE PLÁSTICO;TUBO DE PLÁSTICO;0;;
101;1519;07729;1519;101.07729;CATEGORIA0;;1;1;0;1;;SUPORTE BARRA ESTABILIZADORA;SUPORTE BARRA ESTABILIZADORA;0;;
101;1519;07730;1519;101.07730;CATEGORIA0;;1;1;0;1;;COXIM DE MOLA;COXIM DE MOLA;0;;
101;1519;07731;1519;101.07731;CATEGORIA0;;1;1;0;1;;COXIM DE MOLA;COXIM DE MOLA;0;;
101;1519;07732;1519;101.07732;CATEGORIA0;;1;1;0;1;;COXIM DE MOLA;COXIM DE MOLA;0;;
101;1519;07733;1519;101.07733;CATEGORIA0;;1;1;0;1;;PINO DA RODA;PINO DA RODA;0;;
101;1519;07735;1519;101.07735;CATEGORIA0;;1;1;0;1;;VOLANTE DE MOTOR;VOLANTE DE MOTOR;0;;
101;1519;07736;1519;101.07736;CATEGORIA0;;1;1;0;1;;SENSOR DE DESGASTE;SENSOR DE DESGASTE;0;;
101;1519;07742;1519;101.07742;CATEGORIA0;;1;1;0;1;;APOIO DE TRANSMISSÃO;APOIO DE TRANSMISSÃO;0;;
101;1519;07752;1519;101.07752;CATEGORIA0;;1;1;0;1;;PINO EXCÊNTRICO;PINO EXCÊNTRICO;0;;
101;1519;07758;1519;101.07758;CATEGORIA0;;1;1;0;1;;PINO EXCÊNTRICO;PINO EXCÊNTRICO;0;;
101;1519;07760;1519;101.07760;CATEGORIA0;;1;1;0;1;;PORCA DA BIELA;PORCA DA BIELA;0;;
101;1519;07762;1519;101.07762;CATEGORIA0;;1;1;0;1;;TUCHE DE VÁLVULAS;TUCHE DE VÁLVULAS;0;;
101;1519;07763;1519;101.07763;CATEGORIA0;;1;1;0;1;;ANEL DE JUNÇÃO;ANEL DE JUNÇÃO;0;;
101;1519;07764;1519;101.07764;CATEGORIA0;;1;1;0;1;;ANEL DE JUNÇÃO;ANEL DE JUNÇÃO;0;;
101;1519;07770;1519;101.07770;CATEGORIA0;;1;1;0;1;;BORRACHA DE ENCOSTO;BORRACHA DE ENCOSTO;0;;
101;1519;07776;1519;101.07776;CATEGORIA0;;1;1;0;1;;TUCHE DE VÁLVULAS;TUCHE DE VÁLVULAS;0;;
101;1519;07778;1519;101.07778;CATEGORIA0;;1;1;0;1;;BARRA DE ACOPLAMENTO;BARRA DE ACOPLAMENTO;0;;
101;1519;07779;1519;101.07779;CATEGORIA0;;1;1;0;1;;BARRA DE ACOPLAMENTO;BARRA DE ACOPLAMENTO;0;;
101;1519;07780;1519;101.07780;CATEGORIA0;;1;1;0;1;;CABEÇA DE DIREÇÃO EXTERIOR;CABEÇA DE DIREÇÃO EXTERIOR;0;;
101;1519;07781;1519;101.07781;CATEGORIA0;;1;1;0;1;;CABEÇA DE DIREÇÃO EXTERIOR;CABEÇA DE DIREÇÃO EXTERIOR;0;;
101;1519;07782;1519;101.07782;CATEGORIA0;;1;1;0;1;;CABEÇA DE DIREÇÃO EXTERIOR;CABEÇA DE DIREÇÃO EXTERIOR;0;;
101;1519;07787;1519;101.07787;CATEGORIA0;;1;1;0;1;;INTERRUPTOR DE TEMPERATURA;INTERRUPTOR DE TEMPERATURA;0;;
101;1519;07788;1519;101.07788;CATEGORIA0;;1;1;0;1;;SENSOR DE TEMPERATURA DO LÍQUIDO DE REFRIGERAÇÃO;SENSOR DE TEMPERATURA DO LÍQUIDO DE REFRIGERAÇÃO;0;;
101;1519;07790;1519;101.07790;CATEGORIA0;;1;1;0;1;;PORCA DO EIXO;PORCA DO EIXO;0;;
101;1519;07791;1519;101.07791;CATEGORIA0;;1;1;0;1;;CHAPA DE SEGURANÇA;CHAPA DE SEGURANÇA;0;;
101;1519;07792;1519;101.07792;CATEGORIA0;;1;1;0;1;;PORCA DO EIXO;PORCA DO EIXO;0;;
101;1519;07796;1519;101.07796;CATEGORIA0;;1;1;0;1;;CONJUNTO DE APOIOS DE VEIO DE RESSALTO DE TRAVAGEM;CONJUNTO DE APOIOS DE VEIO DE RESSALTO DE TRAVAGEM;0;;
101;1519;07798;1519;101.07798;CATEGORIA0;;1;1;0;1;;SENSOR DE TEMPERATURA DO LÍQUIDO DE REFRIGERAÇÃO;SENSOR DE TEMPERATURA DO LÍQUIDO DE REFRIGERAÇÃO;0;;
101;1519;07800;1519;101.07800;CATEGORIA0;;1;1;0;1;;CASQUILHO DA ÁRVORE DO TRAVÃO;CASQUILHO DA ÁRVORE DO TRAVÃO;0;;
101;1519;07801;1519;101.07801;CATEGORIA0;;1;1;0;1;;ANEL DE AFASTAMENTO;ANEL DE AFASTAMENTO;0;;
101;1519;07802;1519;101.07802;CATEGORIA0;;1;1;0;1;;CONJUNTO DE APOIOS DE VEIO DE RESSALTO DE TRAVAGEM;CONJUNTO DE APOIOS DE VEIO DE RESSALTO DE TRAVAGEM;0;;
101;1519;07803;1519;101.07803;CATEGORIA0;;1;1;0;1;;SENSOR DE TEMPERATURA DO LÍQUIDO DE REFRIGERAÇÃO;SENSOR DE TEMPERATURA DO LÍQUIDO DE REFRIGERAÇÃO;0;;
101;1519;07804;1519;101.07804;CATEGORIA0;;1;1;0;1;;MOLA DE REPOSIÇÃO;MOLA DE REPOSIÇÃO;0;;
101;1519;07805;1519;101.07805;CATEGORIA0;;1;1;0;1;;PEÇA TIRANTE;PEÇA TIRANTE;0;;
101;1519;07807;1519;101.07807;CATEGORIA0;;1;1;0;1;;AMORTECEDOR DE FECHO;AMORTECEDOR DE FECHO;0;;
101;1519;07811;1519;101.07811;CATEGORIA0;;1;1;0;1;;INTERRUPTOR DE PRESSÃO DE ÓLEO;INTERRUPTOR DE PRESSÃO DE ÓLEO;0;;
101;1519;07814;1519;101.07814;CATEGORIA0;;1;1;0;1;;FILTRO DE AR;FILTRO DE AR;0;;
101;1519;07815;1519;101.07815;CATEGORIA0;;1;1;0;1;;INTERRUPTOR DE PRESSÃO;INTERRUPTOR DE PRESSÃO;0;;
101;1519;07822;1519;101.07822;CATEGORIA0;;1;1;0;1;;CONTRAPORCA;CONTRAPORCA;0;;
101;1519;07826;1519;101.07826;CATEGORIA0;;1;1;0;1;;CASQUILHO;CASQUILHO;0;;
101;1519;07830;1519;101.07830;CATEGORIA0;;1;1;0;1;;JOGO DE ROLAMENTO DE RODA;JOGO DE ROLAMENTO DE RODA;0;;
101;1519;07832;1519;101.07832;CATEGORIA0;;1;1;0;1;;MOLA PNEUMÁTICA;MOLA PNEUMÁTICA;0;;
101;1519;07833;1519;101.07833;CATEGORIA0;;1;1;0;1;;JOGO DE ROLAMENTO DE RODA;JOGO DE ROLAMENTO DE RODA;0;;
101;1519;07835;1519;101.07835;CATEGORIA0;;1;1;0;1;;SENSOR DE DESGASTE;SENSOR DE DESGASTE;0;;
101;1519;07837;1519;101.07837;CATEGORIA0;;1;1;0;1;;APOIO DA BARRA TRANSVERSAL;APOIO DA BARRA TRANSVERSAL;0;;
101;1519;07838;1519;101.07838;CATEGORIA0;;1;1;0;1;;INTERRUPTOR DE LUZ DE STOP;INTERRUPTOR DE LUZ DE STOP;0;;
101;1519;07839;1519;101.07839;CATEGORIA0;;1;1;0;1;;BOMBA DE ÁGUA;BOMBA DE ÁGUA;0;;
101;1519;07840;1519;101.07840;CATEGORIA0;;1;1;0;1;;TUCHE DE VÁLVULAS;TUCHE DE VÁLVULAS;0;;
101;1519;07841;1519;101.07841;CATEGORIA0;;1;1;0;1;;TUCHE DE VÁLVULAS;TUCHE DE VÁLVULAS;0;;
101;1519;07843;1519;101.07843;CATEGORIA0;;1;1;0;1;;CASQUILHO DO BRAÇO OSCILANTE;CASQUILHO DO BRAÇO OSCILANTE;0;;
101;1519;07844;1519;101.07844;CATEGORIA0;;1;1;0;1;;AMORTECEDOR DE FECHO;AMORTECEDOR DE FECHO;0;;
101;1519;07846;1519;101.07846;CATEGORIA0;;1;1;0;1;;SENSOR DE DESGASTE;SENSOR DE DESGASTE;0;;
101;1519;07847;1519;101.07847;CATEGORIA0;;1;1;0;1;;CASQUILHO DO BRAÇO OSCILANTE;CASQUILHO DO BRAÇO OSCILANTE;0;;
101;1519;07849;1519;101.07849;CATEGORIA0;;1;1;0;1;;SENSOR DE DESGASTE;SENSOR DE DESGASTE;0;;
101;1519;07855;1519;101.07855;CATEGORIA0;;1;1;0;1;;RÓTULA;RÓTULA;0;;
101;1519;07856;1519;101.07856;CATEGORIA0;;1;1;0;1;;CASQUILHO DO BRAÇO OSCILANTE;CASQUILHO DO BRAÇO OSCILANTE;0;;
101;1519;07857;1519;101.07857;CATEGORIA0;;1;1;0;1;;CASQUILHO DO BRAÇO OSCILANTE;CASQUILHO DO BRAÇO OSCILANTE;0;;
101;1519;07858;1519;101.07858;CATEGORIA0;;1;1;0;1;;BRAÇO DE SUSPENSÃO;BRAÇO DE SUSPENSÃO;0;;
101;1519;07859;1519;101.07859;CATEGORIA0;;1;1;0;1;;BRAÇO DE SUSPENSÃO;BRAÇO DE SUSPENSÃO;0;;
101;1519;07860;1519;101.07860;CATEGORIA0;;1;1;0;1;;JOGO DE MONTAGEM;JOGO DE MONTAGEM;0;;
101;1519;07861;1519;101.07861;CATEGORIA0;;1;1;0;1;;JOGO DE MONTAGEM;JOGO DE MONTAGEM;0;;
101;1519;07863;1519;101.07863;CATEGORIA0;;1;1;0;1;;SUPORTE BARRA ESTABILIZADORA;SUPORTE BARRA ESTABILIZADORA;0;;
101;1519;07867;1519;101.07867;CATEGORIA0;;1;1;0;1;;VEIO DOS MARTELOS;VEIO DOS MARTELOS;0;;
101;1519;07868;1519;101.07868;CATEGORIA0;;1;1;0;1;;SUPORTE DO DISPOSITIVO AMORTECEDOR;SUPORTE DO DISPOSITIVO AMORTECEDOR;0;;
101;1519;07869;1519;101.07869;CATEGORIA0;;1;1;0;1;;FOLE DE TRANSMISSÃO;FOLE DE TRANSMISSÃO;0;;
101;1519;07870;1519;101.07870;CATEGORIA0;;1;1;0;1;;JOGO DE ROLAMENTO DE RODA;JOGO DE ROLAMENTO DE RODA;0;;
101;1519;07873;1519;101.07873;CATEGORIA0;;1;1;0;1;;JOGO DE FOLES DE TRANSMISSÃO;JOGO DE FOLES DE TRANSMISSÃO;0;;
101;1519;07875;1519;101.07875;CATEGORIA0;;1;1;0;1;;BRAÇADEIRA DO TUBO;BRAÇADEIRA DO TUBO;0;;
101;1519;07876;1519;101.07876;CATEGORIA0;;1;1;0;1;;CASQUILHO DO BRAÇO OSCILANTE;CASQUILHO DO BRAÇO OSCILANTE;0;;
101;1519;07879;1519;101.07879;CATEGORIA0;;1;1;0;1;;JOGO DE REP. VÁLVULA;JOGO DE REP. VÁLVULA;0;;
101;1519;07880;1519;101.07880;CATEGORIA0;;1;1;0;1;;SENSOR DE DESGASTE;SENSOR DE DESGASTE;0;;
101;1519;07881;1519;101.07881;CATEGORIA0;;1;1;0;1;;PORCA DO EIXO;PORCA DO EIXO;0;;
101;1519;07889;1519;101.07889;CATEGORIA0;;1;1;0;1;;POLIE DE TRAVÃO;POLIE DE TRAVÃO;0;;
101;1519;07896;1519;101.07896;CATEGORIA0;;1;1;0;1;;APOIO DE MOTOR;APOIO DE MOTOR;0;;
101;1519;07899;1519;101.07899;CATEGORIA0;;1;1;0;1;;DISCO DE TRAVÃO;DISCO DE TRAVÃO;0;;
101;1519;07900;1519;101.07900;CATEGORIA0;;1;1;0;1;;ROLAMENTO DE RODA;ROLAMENTO DE RODA;0;;
101;1519;07901;1519;101.07901;CATEGORIA0;;1;1;0;1;;PEÇA DE DESLIZE;PEÇA DE DESLIZE;0;;
101;1519;07902;1519;101.07902;CATEGORIA0;;1;1;0;1;;PARAFUSO COM COLAR;PARAFUSO COM COLAR;0;;
101;1519;07904;1519;101.07904;CATEGORIA0;;1;1;0;1;;APOIO DE MOTOR;APOIO DE MOTOR;0;;
101;1519;07905;1519;101.07905;CATEGORIA0;;1;1;0;1;;ROLAMENTO DE RODA OU ROLAMENTO DO VEIO DA CAIXA DE VELOCIDAD;ROLAMENTO DE RODA OU ROLAMENTO DO VEIO DA CAIXA DE VELOCIDAD;0;;
101;1519;07907;1519;101.07907;CATEGORIA0;;1;1;0;1;;ROLAMENTO DE RODA;ROLAMENTO DE RODA;0;;
101;1519;07908;1519;101.07908;CATEGORIA0;;1;1;0;1;;ROLAMENTO DE RODA;ROLAMENTO DE RODA;0;;
101;1519;07909;1519;101.07909;CATEGORIA0;;1;1;0;1;;ROLAMENTO DE RODA;ROLAMENTO DE RODA;0;;
101;1519;07910;1519;101.07910;CATEGORIA0;;1;1;0;1;;ROLAMENTO DE RODA;ROLAMENTO DE RODA;0;;
101;1519;07913;1519;101.07913;CATEGORIA0;;1;1;0;1;;PARAFUSO DO EIXO DE TRANSMISSÃO;PARAFUSO DO EIXO DE TRANSMISSÃO;0;;
101;1519;07915;1519;101.07915;CATEGORIA0;;1;1;0;1;;BALANCEIRO;BALANCEIRO;0;;
101;1519;07916;1519;101.07916;CATEGORIA0;;1;1;0;1;;BALANCEIRO;BALANCEIRO;0;;
101;1519;07917;1519;101.07917;CATEGORIA0;;1;1;0;1;;BALANCEIRO;BALANCEIRO;0;;
101;1519;07918;1519;101.07918;CATEGORIA0;;1;1;0;1;;BALANCEIRO;BALANCEIRO;0;;
101;1519;07919;1519;101.07919;CATEGORIA0;;1;1;0;1;;BALANCEIRO;BALANCEIRO;0;;
101;1519;07920;1519;101.07920;CATEGORIA0;;1;1;0;1;;RETENTOR;RETENTOR;0;;
101;1519;07921;1519;101.07921;CATEGORIA0;;1;1;0;1;;RETENTOR;RETENTOR;0;;
101;1519;07922;1519;101.07922;CATEGORIA0;;1;1;0;1;;DISCO DE TRAVÃO;DISCO DE TRAVÃO;0;;
101;1519;07923;1519;101.07923;CATEGORIA0;;1;1;0;1;;BOMBA DE ÁGUA;BOMBA DE ÁGUA;0;;
101;1519;07924;1519;101.07924;CATEGORIA0;;1;1;0;1;;JUNTA FLEXÍVEL;JUNTA FLEXÍVEL;0;;
101;1519;07925;1519;101.07925;CATEGORIA0;;1;1;0;1;;APOIO DE MOTOR;APOIO DE MOTOR;0;;
101;1519;07928;1519;101.07928;CATEGORIA0;;1;1;0;1;;APOIO DE MOTOR;APOIO DE MOTOR;0;;
101;1519;07931;1519;101.07931;CATEGORIA0;;1;1;0;1;;JOGO DE ROLAMENTO DE RODA;JOGO DE ROLAMENTO DE RODA;0;;
101;1519;07932;1519;101.07932;CATEGORIA0;;1;1;0;1;;JOGO DE ROLAMENTO DE RODA;JOGO DE ROLAMENTO DE RODA;0;;
101;1519;07933;1519;101.07933;CATEGORIA0;;1;1;0;1;;JOGO DE FOLES DE TRANSMISSÃO;JOGO DE FOLES DE TRANSMISSÃO;0;;
101;1519;07934;1519;101.07934;CATEGORIA0;;1;1;0;1;;JOGO DE FOLES DE TRANSMISSÃO;JOGO DE FOLES DE TRANSMISSÃO;0;;
101;1519;07935;1519;101.07935;CATEGORIA0;;1;1;0;1;;APOIO DE MOTOR;APOIO DE MOTOR;0;;
101;1519;07936;1519;101.07936;CATEGORIA0;;1;1;0;1;;APOIO DE MOTOR;APOIO DE MOTOR;0;;
101;1519;07937;1519;101.07937;CATEGORIA0;;1;1;0;1;;PINO DA RODA;PINO DA RODA;0;;
101;1519;07938;1519;101.07938;CATEGORIA0;;1;1;0;1;;PINO DA RODA;PINO DA RODA;0;;
101;1519;07939;1519;101.07939;CATEGORIA0;;1;1;0;1;;PINO DA RODA;PINO DA RODA;0;;
101;1519;07940;1519;101.07940;CATEGORIA0;;1;1;0;1;;PINO DA RODA;PINO DA RODA;0;;
101;1519;07942;1519;101.07942;CATEGORIA0;;1;1;0;1;;PINO DA RODA;PINO DA RODA;0;;
101;1519;07943;1519;101.07943;CATEGORIA0;;1;1;0;1;;PINO DA RODA;PINO DA RODA;0;;
101;1519;07944;1519;101.07944;CATEGORIA0;;1;1;0;1;;PINO DA RODA;PINO DA RODA;0;;
101;1519;07945;1519;101.07945;CATEGORIA0;;1;1;0;1;;PINO DA RODA;PINO DA RODA;0;;
101;1519;07946;1519;101.07946;CATEGORIA0;;1;1;0;1;;PINO DA RODA;PINO DA RODA;0;;
101;1519;07947;1519;101.07947;CATEGORIA0;;1;1;0;1;;PINO DA RODA;PINO DA RODA;0;;
101;1519;07948;1519;101.07948;CATEGORIA0;;1;1;0;1;;PINO DA RODA;PINO DA RODA;0;;
101;1519;07949;1519;101.07949;CATEGORIA0;;1;1;0;1;;PINO DA RODA;PINO DA RODA;0;;
101;1519;07950;1519;101.07950;CATEGORIA0;;1;1;0;1;;PINO DA RODA;PINO DA RODA;0;;
101;1519;07951;1519;101.07951;CATEGORIA0;;1;1;0;1;;PINO DA RODA;PINO DA RODA;0;;
101;1519;07953;1519;101.07953;CATEGORIA0;;1;1;0;1;;PINO DA RODA;PINO DA RODA;0;;
101;1519;07954;1519;101.07954;CATEGORIA0;;1;1;0;1;;CABEÇA DE DIREÇÃO EXTERIOR;CABEÇA DE DIREÇÃO EXTERIOR;0;;
101;1519;07955;1519;101.07955;CATEGORIA0;;1;1;0;1;;PINO DA RODA;PINO DA RODA;0;;
101;1519;07957;1519;101.07957;CATEGORIA0;;1;1;0;1;;ESTRIBO DE MOLA;ESTRIBO DE MOLA;0;;
101;1519;07960;1519;101.07960;CATEGORIA0;;1;1;0;1;;APOIO DE MOTOR;APOIO DE MOTOR;0;;
101;1519;07964;1519;101.07964;CATEGORIA0;;1;1;0;1;;CAIXA DE DIREÇÃO;CAIXA DE DIREÇÃO;0;;
101;1519;07965;1519;101.07965;CATEGORIA0;;1;1;0;1;;BRAÇO DE SUSPENSÃO;BRAÇO DE SUSPENSÃO;0;;
101;1519;07966;1519;101.07966;CATEGORIA0;;1;1;0;1;;BRAÇO DE SUSPENSÃO;BRAÇO DE SUSPENSÃO;0;;
101;1519;07967;1519;101.07967;CATEGORIA0;;1;1;0;1;;PORCA DE RODA;PORCA DE RODA;0;;
101;1519;07968;1519;101.07968;CATEGORIA0;;1;1;0;1;;TENSOR;TENSOR;0;;
101;1519;07973;1519;101.07973;CATEGORIA0;;1;1;0;1;;CABEÇA DE DIREÇÃO EXTERIOR;CABEÇA DE DIREÇÃO EXTERIOR;0;;
101;1519;07974;1519;101.07974;CATEGORIA0;;1;1;0;1;;PORCA DE RODA;PORCA DE RODA;0;;
101;1519;07975;1519;101.07975;CATEGORIA0;;1;1;0;1;;BARRA INTERMÉDIA DE DIREÇÃO;BARRA INTERMÉDIA DE DIREÇÃO;0;;
101;1519;07976;1519;101.07976;CATEGORIA0;;1;1;0;1;;CASQUILHO DA BARRA ESTABILIZADORA;CASQUILHO DA BARRA ESTABILIZADORA;0;;
101;1519;07977;1519;101.07977;CATEGORIA0;;1;1;0;1;;RÓTULA;RÓTULA;0;;
101;1519;07978;1519;101.07978;CATEGORIA0;;1;1;0;1;;PARAFUSO DA CABEÇA DO MOTOR;PARAFUSO DA CABEÇA DO MOTOR;0;;
101;1519;07979;1519;101.07979;CATEGORIA0;;1;1;0;1;;BARRA DE ACOPLAMENTO;BARRA DE ACOPLAMENTO;0;;
101;1519;07983;1519;101.07983;CATEGORIA0;;1;1;0;1;;BARRA INTERMÉDIA DE DIREÇÃO;BARRA INTERMÉDIA DE DIREÇÃO;0;;
101;1519;07984;1519;101.07984;CATEGORIA0;;1;1;0;1;;BARRA DE ACOPLAMENTO;BARRA DE ACOPLAMENTO;0;;
101;1519;07985;1519;101.07985;CATEGORIA0;;1;1;0;1;;TUBO DE PLÁSTICO;TUBO DE PLÁSTICO;0;;
101;1519;07987;1519;101.07987;CATEGORIA0;;1;1;0;1;;BOMBA DO ÓLEO;BOMBA DO ÓLEO;0;;
101;1519;07988;1519;101.07988;CATEGORIA0;;1;1;0;1;;BOMBA DO ÓLEO;BOMBA DO ÓLEO;0;;
101;1519;07989;1519;101.07989;CATEGORIA0;;1;1;0;1;;SUPORTE BARRA ESTABILIZADORA;SUPORTE BARRA ESTABILIZADORA;0;;
101;1519;07990;1519;101.07990;CATEGORIA0;;1;1;0;1;;BARRA DE ACOPLAMENTO;BARRA DE ACOPLAMENTO;0;;
101;1519;07991;1519;101.07991;CATEGORIA0;;1;1;0;1;;JOGO DE FOLES DE TRANSMISSÃO;JOGO DE FOLES DE TRANSMISSÃO;0;;
101;1519;07998;1519;101.07998;CATEGORIA0;;1;1;0;1;;APOIO DE TRANSMISSÃO;APOIO DE TRANSMISSÃO;0;;
101;1519;07999;1519;101.07999;CATEGORIA0;;1;1;0;1;;APOIO DE TRANSMISSÃO;APOIO DE TRANSMISSÃO;0;;
101;1519;08001;1519;101.08001;CATEGORIA0;;1;1;0;1;;SUPORTE DA ARTICULAÇÃO DE APOIO;SUPORTE DA ARTICULAÇÃO DE APOIO;0;;
101;1519;08002;1519;101.08002;CATEGORIA0;;1;1;0;1;;SUPORTE DA ARTICULAÇÃO DE APOIO;SUPORTE DA ARTICULAÇÃO DE APOIO;0;;
101;1519;08004;1519;101.08004;CATEGORIA0;;1;1;0;1;;JOGO DE JUNTAS;JOGO DE JUNTAS;0;;
101;1519;08005;1519;101.08005;CATEGORIA0;;1;1;0;1;;CHAPA DE SEGURANÇA;CHAPA DE SEGURANÇA;0;;
101;1519;08006;1519;101.08006;CATEGORIA0;;1;1;0;1;;RETENTOR DO VEIO;RETENTOR DO VEIO;0;;
101;1519;08007;1519;101.08007;CATEGORIA0;;1;1;0;1;;RETENTOR DO VEIO;RETENTOR DO VEIO;0;;
101;1519;08008;1519;101.08008;CATEGORIA0;;1;1;0;1;;O-RING;O-RING;0;;
101;1519;08009;1519;101.08009;CATEGORIA0;;1;1;0;1;;JUNTA DE TAMPA DE AÇO;JUNTA DE TAMPA DE AÇO;0;;
101;1519;08010;1519;101.08010;CATEGORIA0;;1;1;0;1;;RETENTOR;RETENTOR;0;;
101;1519;08011;1519;101.08011;CATEGORIA0;;1;1;0;1;;RETENTOR;RETENTOR;0;;
101;1519;08012;1519;101.08012;CATEGORIA0;;1;1;0;1;;BOMBA DO ÓLEO;BOMBA DO ÓLEO;0;;
101;1519;08013;1519;101.08013;CATEGORIA0;;1;1;0;1;;BOMBA DO ÓLEO;BOMBA DO ÓLEO;0;;
101;1519;08014;1519;101.08014;CATEGORIA0;;1;1;0;1;;CASQUILHO DO BRAÇO OSCILANTE;CASQUILHO DO BRAÇO OSCILANTE;0;;
101;1519;08017;1519;101.08017;CATEGORIA0;;1;1;0;1;;BORRACHA DE ENCOSTO;BORRACHA DE ENCOSTO;0;;
101;1519;08018;1519;101.08018;CATEGORIA0;;1;1;0;1;;JOGO DE FOLES DE TRANSMISSÃO;JOGO DE FOLES DE TRANSMISSÃO;0;;
101;1519;08022;1519;101.08022;CATEGORIA0;;1;1;0;1;;JOGO DE FOLES DE TRANSMISSÃO;JOGO DE FOLES DE TRANSMISSÃO;0;;
101;1519;08023;1519;101.08023;CATEGORIA0;;1;1;0;1;;PORCA DO EIXO;PORCA DO EIXO;0;;
101;1519;08026;1519;101.08026;CATEGORIA0;;1;1;0;1;;JOGO DE FOLES DE TRANSMISSÃO;JOGO DE FOLES DE TRANSMISSÃO;0;;
101;1519;08028;1519;101.08028;CATEGORIA0;;1;1;0;1;;MOTOR DE ESGUICHO;MOTOR DE ESGUICHO;0;;
101;1519;08029;1519;101.08029;CATEGORIA0;;1;1;0;1;;FOLE DE DIREÇÃO;FOLE DE DIREÇÃO;0;;
101;1519;08030;1519;101.08030;CATEGORIA0;;1;1;0;1;;BARRA DE ACOPLAMENTO;BARRA DE ACOPLAMENTO;0;;
101;1519;08032;1519;101.08032;CATEGORIA0;;1;1;0;1;;SUPORTE DO DISPOSITIVO AMORTECEDOR;SUPORTE DO DISPOSITIVO AMORTECEDOR;0;;
101;1519;08038;1519;101.08038;CATEGORIA0;;1;1;0;1;;BARRA DE ACOPLAMENTO;BARRA DE ACOPLAMENTO;0;;
101;1519;08040;1519;101.08040;CATEGORIA0;;1;1;0;1;;JOGO DE JUNTAS;JOGO DE JUNTAS;0;;
101;1519;08041;1519;101.08041;CATEGORIA0;;1;1;0;1;;ANEL RETENTOR DE ÓLEO;ANEL RETENTOR DE ÓLEO;0;;
101;1519;08042;1519;101.08042;CATEGORIA0;;1;1;0;1;;BALANCEIRO;BALANCEIRO;0;;
101;1519;08045;1519;101.08045;CATEGORIA0;;1;1;0;1;;SENSOR DE DESGASTE;SENSOR DE DESGASTE;0;;
101;1519;08047;1519;101.08047;CATEGORIA0;;1;1;0;1;;PORCA DE RODA;PORCA DE RODA;0;;
101;1519;08048;1519;101.08048;CATEGORIA0;;1;1;0;1;;PORCA DE RODA;PORCA DE RODA;0;;
101;1519;08049;1519;101.08049;CATEGORIA0;;1;1;0;1;;APOIO DE MOTOR;APOIO DE MOTOR;0;;
101;1519;08050;1519;101.08050;CATEGORIA0;;1;1;0;1;;APOIO DE MOTOR;APOIO DE MOTOR;0;;
101;1519;08051;1519;101.08051;CATEGORIA0;;1;1;0;1;;BARRA DE ACOPLAMENTO;BARRA DE ACOPLAMENTO;0;;
101;1519;08052;1519;101.08052;CATEGORIA0;;1;1;0;1;;BARRA DE ACOPLAMENTO;BARRA DE ACOPLAMENTO;0;;
101;1519;08053;1519;101.08053;CATEGORIA0;;1;1;0;1;;BARRA DE ACOPLAMENTO;BARRA DE ACOPLAMENTO;0;;
101;1519;08054;1519;101.08054;CATEGORIA0;;1;1;0;1;;BARRA DE ACOPLAMENTO;BARRA DE ACOPLAMENTO;0;;
101;1519;08061;1519;101.08061;CATEGORIA0;;1;1;0;1;;JOGO DE FOLES DE TRANSMISSÃO;JOGO DE FOLES DE TRANSMISSÃO;0;;
101;1519;08064;1519;101.08064;CATEGORIA0;;1;1;0;1;;TUCHE DE VÁLVULAS;TUCHE DE VÁLVULAS;0;;
101;1519;08066;1519;101.08066;CATEGORIA0;;1;1;0;1;;BORRACHA DE ENCOSTO;BORRACHA DE ENCOSTO;0;;
101;1519;08071;1519;101.08071;CATEGORIA0;;1;1;0;1;;FOLE DE PASSAGEM;FOLE DE PASSAGEM;0;;
101;1519;08072;1519;101.08072;CATEGORIA0;;1;1;0;1;;DISCO DE TRAVÃO;DISCO DE TRAVÃO;0;;
101;1519;08073;1519;101.08073;CATEGORIA0;;1;1;0;1;;PINO EXCÊNTRICO;PINO EXCÊNTRICO;0;;
101;1519;08075;1519;101.08075;CATEGORIA0;;1;1;0;1;;BOMBA DE ÁGUA;BOMBA DE ÁGUA;0;;
101;1519;08076;1519;101.08076;CATEGORIA0;;1;1;0;1;;JOGO DE REP. BOMBA DE ÁGUA;JOGO DE REP. BOMBA DE ÁGUA;0;;
101;1519;08078;1519;101.08078;CATEGORIA0;;1;1;0;1;;RÓTULA;RÓTULA;0;;
101;1519;08079;1519;101.08079;CATEGORIA0;;1;1;0;1;;INTERRUPTOR DE MARCHA-ATRÁS;INTERRUPTOR DE MARCHA-ATRÁS;0;;
101;1519;08080;1519;101.08080;CATEGORIA0;;1;1;0;1;;JOGO DE ROLAMENTO DE RODA;JOGO DE ROLAMENTO DE RODA;0;;
101;1519;08082;1519;101.08082;CATEGORIA0;;1;1;0;1;;ROLAMENTO DE RODA;ROLAMENTO DE RODA;0;;
101;1519;08083;1519;101.08083;CATEGORIA0;;1;1;0;1;;APOIO DE MOTOR;APOIO DE MOTOR;0;;
101;1519;08084;1519;101.08084;CATEGORIA0;;1;1;0;1;;BRAÇO DE SUSPENSÃO;BRAÇO DE SUSPENSÃO;0;;
101;1519;08089;1519;101.08089;CATEGORIA0;;1;1;0;1;;CHAPA DE COBERTURA;CHAPA DE COBERTURA;0;;
101;1519;08090;1519;101.08090;CATEGORIA0;;1;1;0;1;;CHAPA DE COBERTURA;CHAPA DE COBERTURA;0;;
101;1519;08091;1519;101.08091;CATEGORIA0;;1;1;0;1;;CHAPA DE COBERTURA;CHAPA DE COBERTURA;0;;
101;1519;08093;1519;101.08093;CATEGORIA0;;1;1;0;1;;CHAPA DE COBERTURA;CHAPA DE COBERTURA;0;;
101;1519;08095;1519;101.08095;CATEGORIA0;;1;1;0;1;;BRAÇO DE SUSPENSÃO;BRAÇO DE SUSPENSÃO;0;;
101;1519;08096;1519;101.08096;CATEGORIA0;;1;1;0;1;;CABEÇA DE DIREÇÃO EXTERIOR;CABEÇA DE DIREÇÃO EXTERIOR;0;;
101;1519;08097;1519;101.08097;CATEGORIA0;;1;1;0;1;;CABEÇA DE DIREÇÃO EXTERIOR;CABEÇA DE DIREÇÃO EXTERIOR;0;;
101;1519;08098;1519;101.08098;CATEGORIA0;;1;1;0;1;;ANEL DE JUNÇÃO;ANEL DE JUNÇÃO;0;;
101;1519;08099;1519;101.08099;CATEGORIA0;;1;1;0;1;;ANEL DE JUNÇÃO;ANEL DE JUNÇÃO;0;;
101;1519;08101;1519;101.08101;CATEGORIA0;;1;1;0;1;;CILINDRO DO TRAVÃO DE RODA;CILINDRO DO TRAVÃO DE RODA;0;;
101;1519;08106;1519;101.08106;CATEGORIA0;;1;1;0;1;;JOGO DE JUNTAS PARA TAMPAS DE VÁLVULA;JOGO DE JUNTAS PARA TAMPAS DE VÁLVULA;0;;
101;1519;08109;1519;101.08109;CATEGORIA0;;1;1;0;1;;AMORTECEDOR DE OSCILAÇÕES;AMORTECEDOR DE OSCILAÇÕES;0;;
101;1519;08117;1519;101.08117;CATEGORIA0;;1;1;0;1;;APOIO CENTRAL DO VEIO DE TRANSMISSÃO;APOIO CENTRAL DO VEIO DE TRANSMISSÃO;0;;
101;1519;08119;1519;101.08119;CATEGORIA0;;1;1;0;1;;CONTRAPORCA;CONTRAPORCA;0;;
101;1519;08120;1519;101.08120;CATEGORIA0;;1;1;0;1;;JOGO DO PERNOS PARA CALÇOS DE TRAVÃO;JOGO DO PERNOS PARA CALÇOS DE TRAVÃO;0;;
101;1519;08121;1519;101.08121;CATEGORIA0;;1;1;0;1;;APOIO CENTRAL DO VEIO DE TRANSMISSÃO;APOIO CENTRAL DO VEIO DE TRANSMISSÃO;0;;
101;1519;08128;1519;101.08128;CATEGORIA0;;1;1;0;1;;DISCO DE TRAVÃO;DISCO DE TRAVÃO;0;;
101;1519;08129;1519;101.08129;CATEGORIA0;;1;1;0;1;;DISCO DE TRAVÃO;DISCO DE TRAVÃO;0;;
101;1519;08130;1519;101.08130;CATEGORIA0;;1;1;0;1;;DISCO DE TRAVÃO;DISCO DE TRAVÃO;0;;
101;1519;08131;1519;101.08131;CATEGORIA0;;1;1;0;1;;DISCO DE TRAVÃO;DISCO DE TRAVÃO;0;;
101;1519;08132;1519;101.08132;CATEGORIA0;;1;1;0;1;;JOGO DE ROLAMENTO DE RODA;JOGO DE ROLAMENTO DE RODA;0;;
101;1519;08133;1519;101.08133;CATEGORIA0;;1;1;0;1;;DISCO DE TRAVÃO;DISCO DE TRAVÃO;0;;
101;1519;08134;1519;101.08134;CATEGORIA0;;1;1;0;1;;BOMBA DE ÁGUA;BOMBA DE ÁGUA;0;;
101;1519;08137;1519;101.08137;CATEGORIA0;;1;1;0;1;;RETENTOR DO VEIO;RETENTOR DO VEIO;0;;
101;1519;08138;1519;101.08138;CATEGORIA0;;1;1;0;1;;DISCO DE TRAVÃO;DISCO DE TRAVÃO;0;;
101;1519;08139;1519;101.08139;CATEGORIA0;;1;1;0;1;;MOLA PNEUMÁTICA;MOLA PNEUMÁTICA;0;;
101;1519;08140;1519;101.08140;CATEGORIA0;;1;1;0;1;;MOLA PNEUMÁTICA;MOLA PNEUMÁTICA;0;;
101;1519;08141;1519;101.08141;CATEGORIA0;;1;1;0;1;;FILTRO DE AR;FILTRO DE AR;0;;
101;1519;08143;1519;101.08143;CATEGORIA0;;1;1;0;1;;JOGO DE ROLOS PARA CALÇOS DE TRAVÃO;JOGO DE ROLOS PARA CALÇOS DE TRAVÃO;0;;
101;1519;08144;1519;101.08144;CATEGORIA0;;1;1;0;1;;CASQUILHO DO BRAÇO OSCILANTE;CASQUILHO DO BRAÇO OSCILANTE;0;;
101;1519;08145;1519;101.08145;CATEGORIA0;;1;1;0;1;;O-RING;O-RING;0;;
101;1519;08146;1519;101.08146;CATEGORIA0;;1;1;0;1;;JOGO DE ROLAMENTO DE RODA;JOGO DE ROLAMENTO DE RODA;0;;
101;1519;08147;1519;101.08147;CATEGORIA0;;1;1;0;1;;COROA DENTADA DO MOTOR DE ARRANQUE;COROA DENTADA DO MOTOR DE ARRANQUE;0;;
101;1519;08149;1519;101.08149;CATEGORIA0;;1;1;0;1;;TAMPA DE VEDAÇÃO;TAMPA DE VEDAÇÃO;0;;
101;1519;08152;1519;101.08152;CATEGORIA0;;1;1;0;1;;ROLAMENTO DE RODA OU ROLAMENTO DO VEIO DA CAIXA DE VELOCIDAD;ROLAMENTO DE RODA OU ROLAMENTO DO VEIO DA CAIXA DE VELOCIDAD;0;;
101;1519;08153;1519;101.08153;CATEGORIA0;;1;1;0;1;;PORCA SEXTAVADA;PORCA SEXTAVADA;0;;
101;1519;08154;1519;101.08154;CATEGORIA0;;1;1;0;1;;ANEL;ANEL;0;;
101;1519;08156;1519;101.08156;CATEGORIA0;;1;1;0;1;;CASQUILHO DO BRAÇO OSCILANTE;CASQUILHO DO BRAÇO OSCILANTE;0;;
101;1519;08157;1519;101.08157;CATEGORIA0;;1;1;0;1;;SUPORTE DO DISPOSITIVO AMORTECEDOR;SUPORTE DO DISPOSITIVO AMORTECEDOR;0;;
101;1519;08160;1519;101.08160;CATEGORIA0;;1;1;0;1;;ESTRIBO DE MOLA;ESTRIBO DE MOLA;0;;
101;1519;08162;1519;101.08162;CATEGORIA0;;1;1;0;1;;ALMOFADA DE MOLAS;ALMOFADA DE MOLAS;0;;
101;1519;08163;1519;101.08163;CATEGORIA0;;1;1;0;1;;ROLAMENTO DE RODA;ROLAMENTO DE RODA;0;;
101;1519;08164;1519;101.08164;CATEGORIA0;;1;1;0;1;;FILTRO DE AR;FILTRO DE AR;0;;
101;1519;08165;1519;101.08165;CATEGORIA0;;1;1;0;1;;RETENTOR;RETENTOR;0;;
101;1519;08166;1519;101.08166;CATEGORIA0;;1;1;0;1;;ANILHA;ANILHA;0;;
101;1519;08167;1519;101.08167;CATEGORIA0;;1;1;0;1;;CABEÇA DE DIREÇÃO EXTERIOR;CABEÇA DE DIREÇÃO EXTERIOR;0;;
101;1519;08169;1519;101.08169;CATEGORIA0;;1;1;0;1;;CABEÇA DE DIREÇÃO EXTERIOR;CABEÇA DE DIREÇÃO EXTERIOR;0;;
101;1519;08171;1519;101.08171;CATEGORIA0;;1;1;0;1;;TAMPA DE COBERTURA;TAMPA DE COBERTURA;0;;
101;1519;08173;1519;101.08173;CATEGORIA0;;1;1;0;1;;ROLAMENTO CENTRAL DE VEIO DE TRANSMISSÃO;ROLAMENTO CENTRAL DE VEIO DE TRANSMISSÃO;0;;
101;1519;08176;1519;101.08176;CATEGORIA0;;1;1;0;1;;SUPORTE DO DISPOSITIVO AMORTECEDOR;SUPORTE DO DISPOSITIVO AMORTECEDOR;0;;
101;1519;08178;1519;101.08178;CATEGORIA0;;1;1;0;1;;PORCA SEXTAVADA;PORCA SEXTAVADA;0;;
101;1519;08179;1519;101.08179;CATEGORIA0;;1;1;0;1;;SUPORTE DO DISPOSITIVO AMORTECEDOR;SUPORTE DO DISPOSITIVO AMORTECEDOR;0;;
101;1519;08182;1519;101.08182;CATEGORIA0;;1;1;0;1;;TUBO DE TRAVÃO;TUBO DE TRAVÃO;0;;
101;1519;08191;1519;101.08191;CATEGORIA0;;1;1;0;1;;JUNTA DO CÁRTER INFERIOR;JUNTA DO CÁRTER INFERIOR;0;;
101;1519;08197;1519;101.08197;CATEGORIA0;;1;1;0;1;;SENSOR DE DESGASTE;SENSOR DE DESGASTE;0;;
101;1519;08200;1519;101.08200;CATEGORIA0;;1;1;0;1;;JOGO DE CALÇOS DE TRAVÃO;JOGO DE CALÇOS DE TRAVÃO;0;;
101;1519;08202;1519;101.08202;CATEGORIA0;;1;1;0;1;;JOGO DE CALÇOS DE TRAVÃO;JOGO DE CALÇOS DE TRAVÃO;0;;
101;1519;08203;1519;101.08203;CATEGORIA0;;1;1;0;1;;SENSOR DE DESGASTE;SENSOR DE DESGASTE;0;;
101;1519;08204;1519;101.08204;CATEGORIA0;;1;1;0;1;;PEÇA TERMINAL DA BARRA DA DIREÇÃO;PEÇA TERMINAL DA BARRA DA DIREÇÃO;0;;
101;1519;08210;1519;101.08210;CATEGORIA0;;1;1;0;1;;JOGO DE ROLAMENTO DE RODA;JOGO DE ROLAMENTO DE RODA;0;;
101;1519;08212;1519;101.08212;CATEGORIA0;;1;1;0;1;;PEÇA TERMINAL DA BARRA DA DIREÇÃO;PEÇA TERMINAL DA BARRA DA DIREÇÃO;0;;
101;1519;08213;1519;101.08213;CATEGORIA0;;1;1;0;1;;PARAFUSO DODECAGONAL;PARAFUSO DODECAGONAL;0;;
101;1519;08215;1519;101.08215;CATEGORIA0;;1;1;0;1;;APOIO DE MOTOR;APOIO DE MOTOR;0;;
101;1519;08218;1519;101.08218;CATEGORIA0;;1;1;0;1;;MOLA PNEUMÁTICA;MOLA PNEUMÁTICA;0;;
101;1519;08219;1519;101.08219;CATEGORIA0;;1;1;0;1;;JOGO DE ROLAMENTO DE RODA;JOGO DE ROLAMENTO DE RODA;0;;
101;1519;08220;1519;101.08220;CATEGORIA0;;1;1;0;1;;JOGO DE ROLAMENTO DE RODA;JOGO DE ROLAMENTO DE RODA;0;;
101;1519;08221;1519;101.08221;CATEGORIA0;;1;1;0;1;;JOGO DE ROLAMENTO DE RODA;JOGO DE ROLAMENTO DE RODA;0;;
101;1519;08222;1519;101.08222;CATEGORIA0;;1;1;0;1;;JOGO DE ROLAMENTO DE RODA;JOGO DE ROLAMENTO DE RODA;0;;
101;1519;08223;1519;101.08223;CATEGORIA0;;1;1;0;1;;PARAFUSO DA CABEÇA DO MOTOR;PARAFUSO DA CABEÇA DO MOTOR;0;;
101;1519;08224;1519;101.08224;CATEGORIA0;;1;1;0;1;;CASQUILHO DA BARRA DE COMANDO;CASQUILHO DA BARRA DE COMANDO;0;;
101;1519;08226;1519;101.08226;CATEGORIA0;;1;1;0;1;;CONTRAPORCA;CONTRAPORCA;0;;
101;1519;08230;1519;101.08230;CATEGORIA0;;1;1;0;1;;PARAFUSO;PARAFUSO;0;;
101;1519;08231;1519;101.08231;CATEGORIA0;;1;1;0;1;;MOLA PNEUMÁTICA;MOLA PNEUMÁTICA;0;;
101;1519;08233;1519;101.08233;CATEGORIA0;;1;1;0;1;;SENSOR DE DESGASTE;SENSOR DE DESGASTE;0;;
101;1519;08237;1519;101.08237;CATEGORIA0;;1;1;0;1;;PARAFUSO DA RODA;PARAFUSO DA RODA;0;;
101;1519;08240;1519;101.08240;CATEGORIA0;;1;1;0;1;;MOLA PNEUMÁTICA;MOLA PNEUMÁTICA;0;;
101;1519;08241;1519;101.08241;CATEGORIA0;;1;1;0;1;;AMORTECEDOR DE FECHO;AMORTECEDOR DE FECHO;0;;
101;1519;08242;1519;101.08242;CATEGORIA0;;1;1;0;1;;PEÇA DE ARTICULAÇÃO;PEÇA DE ARTICULAÇÃO;0;;
101;1519;08244;1519;101.08244;CATEGORIA0;;1;1;0;1;;BARRA INTERMÉDIA DE DIREÇÃO;BARRA INTERMÉDIA DE DIREÇÃO;0;;
101;1519;08245;1519;101.08245;CATEGORIA0;;1;1;0;1;;JOGO DE PARAFUSOS DA CABEÇA;JOGO DE PARAFUSOS DA CABEÇA;0;;
101;1519;08246;1519;101.08246;CATEGORIA0;;1;1;0;1;;COMUTADOR BASCULANTE;COMUTADOR BASCULANTE;0;;
101;1519;08247;1519;101.08247;CATEGORIA0;;1;1;0;1;;ÁRVORE DE CAMES;ÁRVORE DE CAMES;0;;
101;1519;08252;1519;101.08252;CATEGORIA0;;1;1;0;1;;BARRA INTERMÉDIA DE DIREÇÃO;BARRA INTERMÉDIA DE DIREÇÃO;0;;
101;1519;08253;1519;101.08253;CATEGORIA0;;1;1;0;1;;RETENTOR DO VEIO;RETENTOR DO VEIO;0;;
101;1519;08269;1519;101.08269;CATEGORIA0;;1;1;0;1;;CASQUILHO;CASQUILHO;0;;
101;1519;08270;1519;101.08270;CATEGORIA0;;1;1;0;1;;SUPORTE DO DISPOSITIVO AMORTECEDOR;SUPORTE DO DISPOSITIVO AMORTECEDOR;0;;
101;1519;08274;1519;101.08274;CATEGORIA0;;1;1;0;1;;CALÇO DE TRAVÃO;CALÇO DE TRAVÃO;0;;
101;1519;08276;1519;101.08276;CATEGORIA0;;1;1;0;1;;CONJUNTO DE APOIOS DE CORPO DE EIXO;CONJUNTO DE APOIOS DE CORPO DE EIXO;0;;
101;1519;08277;1519;101.08277;CATEGORIA0;;1;1;0;1;;BUJÃO DO CÁRTER;BUJÃO DO CÁRTER;0;;
101;1519;08279;1519;101.08279;CATEGORIA0;;1;1;0;1;;DISCO PARA REGULAÇÃO DE VÁLVULAS;DISCO PARA REGULAÇÃO DE VÁLVULAS;0;;
101;1519;08280;1519;101.08280;CATEGORIA0;;1;1;0;1;;DISCO PARA REGULAÇÃO DE VÁLVULAS;DISCO PARA REGULAÇÃO DE VÁLVULAS;0;;
101;1519;08281;1519;101.08281;CATEGORIA0;;1;1;0;1;;DISCO PARA REGULAÇÃO DE VÁLVULAS;DISCO PARA REGULAÇÃO DE VÁLVULAS;0;;
101;1519;08282;1519;101.08282;CATEGORIA0;;1;1;0;1;;DISCO PARA REGULAÇÃO DE VÁLVULAS;DISCO PARA REGULAÇÃO DE VÁLVULAS;0;;
101;1519;08283;1519;101.08283;CATEGORIA0;;1;1;0;1;;DISCO PARA REGULAÇÃO DE VÁLVULAS;DISCO PARA REGULAÇÃO DE VÁLVULAS;0;;
101;1519;08284;1519;101.08284;CATEGORIA0;;1;1;0;1;;DISCO PARA REGULAÇÃO DE VÁLVULAS;DISCO PARA REGULAÇÃO DE VÁLVULAS;0;;
101;1519;08285;1519;101.08285;CATEGORIA0;;1;1;0;1;;DISCO PARA REGULAÇÃO DE VÁLVULAS;DISCO PARA REGULAÇÃO DE VÁLVULAS;0;;
101;1519;08286;1519;101.08286;CATEGORIA0;;1;1;0;1;;DISCO PARA REGULAÇÃO DE VÁLVULAS;DISCO PARA REGULAÇÃO DE VÁLVULAS;0;;
101;1519;08287;1519;101.08287;CATEGORIA0;;1;1;0;1;;DISCO PARA REGULAÇÃO DE VÁLVULAS;DISCO PARA REGULAÇÃO DE VÁLVULAS;0;;
101;1519;08288;1519;101.08288;CATEGORIA0;;1;1;0;1;;DISCO PARA REGULAÇÃO DE VÁLVULAS;DISCO PARA REGULAÇÃO DE VÁLVULAS;0;;
101;1519;08289;1519;101.08289;CATEGORIA0;;1;1;0;1;;DISCO PARA REGULAÇÃO DE VÁLVULAS;DISCO PARA REGULAÇÃO DE VÁLVULAS;0;;
101;1519;08290;1519;101.08290;CATEGORIA0;;1;1;0;1;;DISCO PARA REGULAÇÃO DE VÁLVULAS;DISCO PARA REGULAÇÃO DE VÁLVULAS;0;;
101;1519;08291;1519;101.08291;CATEGORIA0;;1;1;0;1;;DISCO PARA REGULAÇÃO DE VÁLVULAS;DISCO PARA REGULAÇÃO DE VÁLVULAS;0;;
101;1519;08292;1519;101.08292;CATEGORIA0;;1;1;0;1;;DISCO PARA REGULAÇÃO DE VÁLVULAS;DISCO PARA REGULAÇÃO DE VÁLVULAS;0;;
101;1519;08293;1519;101.08293;CATEGORIA0;;1;1;0;1;;DISCO PARA REGULAÇÃO DE VÁLVULAS;DISCO PARA REGULAÇÃO DE VÁLVULAS;0;;
101;1519;08294;1519;101.08294;CATEGORIA0;;1;1;0;1;;DISCO PARA REGULAÇÃO DE VÁLVULAS;DISCO PARA REGULAÇÃO DE VÁLVULAS;0;;
101;1519;08295;1519;101.08295;CATEGORIA0;;1;1;0;1;;DISCO PARA REGULAÇÃO DE VÁLVULAS;DISCO PARA REGULAÇÃO DE VÁLVULAS;0;;
101;1519;08297;1519;101.08297;CATEGORIA0;;1;1;0;1;;DISCO PARA REGULAÇÃO DE VÁLVULAS;DISCO PARA REGULAÇÃO DE VÁLVULAS;0;;
101;1519;08299;1519;101.08299;CATEGORIA0;;1;1;0;1;;JOGO DE FOLES DE TRANSMISSÃO;JOGO DE FOLES DE TRANSMISSÃO;0;;
101;1519;08300;1519;101.08300;CATEGORIA0;;1;1;0;1;;JOGO DE FOLES DE TRANSMISSÃO;JOGO DE FOLES DE TRANSMISSÃO;0;;
101;1519;08301;1519;101.08301;CATEGORIA0;;1;1;0;1;;JOGO DE FOLES DE TRANSMISSÃO;JOGO DE FOLES DE TRANSMISSÃO;0;;
101;1519;08302;1519;101.08302;CATEGORIA0;;1;1;0;1;;JOGO DE FOLES DE TRANSMISSÃO;JOGO DE FOLES DE TRANSMISSÃO;0;;
101;1519;08303;1519;101.08303;CATEGORIA0;;1;1;0;1;;JOGO DE FOLES DE TRANSMISSÃO;JOGO DE FOLES DE TRANSMISSÃO;0;;
101;1519;08304;1519;101.08304;CATEGORIA0;;1;1;0;1;;JOGO DE FOLES DE TRANSMISSÃO;JOGO DE FOLES DE TRANSMISSÃO;0;;
101;1519;08310;1519;101.08310;CATEGORIA0;;1;1;0;1;;ANILHA;ANILHA;0;;
101;1519;08311;1519;101.08311;CATEGORIA0;;1;1;0;1;;ANEL DE ACOPLAMENTO DE REBOQUE;ANEL DE ACOPLAMENTO DE REBOQUE;0;;
101;1519;08312;1519;101.08312;CATEGORIA0;;1;1;0;1;;BOMBA DE ÁGUA;BOMBA DE ÁGUA;0;;
101;1519;08322;1519;101.08322;CATEGORIA0;;1;1;0;1;;CABEÇA DE DIREÇÃO EXTERIOR;CABEÇA DE DIREÇÃO EXTERIOR;0;;
101;1519;08323;1519;101.08323;CATEGORIA0;;1;1;0;1;;CABEÇA DE DIREÇÃO EXTERIOR;CABEÇA DE DIREÇÃO EXTERIOR;0;;
101;1519;08324;1519;101.08324;CATEGORIA0;;1;1;0;1;;JOGO DE CALÇOS DE TRAVÃO;JOGO DE CALÇOS DE TRAVÃO;0;;
101;1519;08328;1519;101.08328;CATEGORIA0;;1;1;0;1;;MOLA DO CALÇO DE TRAVÃO;MOLA DO CALÇO DE TRAVÃO;0;;
101;1519;08329;1519;101.08329;CATEGORIA0;;1;1;0;1;;BRAÇADEIRA DO TUBO;BRAÇADEIRA DO TUBO;0;;
101;1519;08331;1519;101.08331;CATEGORIA0;;1;1;0;1;;CUBO DA RODA;CUBO DA RODA;0;;
101;1519;08338;1519;101.08338;CATEGORIA0;;1;1;0;1;;JOGO DE REP. ALAVANCA DE VELOCIDADES;JOGO DE REP. ALAVANCA DE VELOCIDADES;0;;
101;1519;08340;1519;101.08340;CATEGORIA0;;1;1;0;1;;EXTREMO DO EIXO;EXTREMO DO EIXO;0;;
101;1519;08346;1519;101.08346;CATEGORIA0;;1;1;0;1;;CÂMARA DE PRÉ-COMBUSTÃO;CÂMARA DE PRÉ-COMBUSTÃO;0;;
101;1519;08347;1519;101.08347;CATEGORIA0;;1;1;0;1;;DISCO DE TRAVÃO;DISCO DE TRAVÃO;0;;
101;1519;08352;1519;101.08352;CATEGORIA0;;1;1;0;1;;DISCO DE TRAVÃO;DISCO DE TRAVÃO;0;;
101;1519;08353;1519;101.08353;CATEGORIA0;;1;1;0;1;;JOGO SUPORTE DE ESTABILIZADOR;JOGO SUPORTE DE ESTABILIZADOR;0;;
101;1519;08355;1519;101.08355;CATEGORIA0;;1;1;0;1;;BOMBA DO ÓLEO;BOMBA DO ÓLEO;0;;
101;1519;08356;1519;101.08356;CATEGORIA0;;1;1;0;1;;MOLA DO CALÇO DE TRAVÃO;MOLA DO CALÇO DE TRAVÃO;0;;
101;1519;08358;1519;101.08358;CATEGORIA0;;1;1;0;1;;TUBO DE TRAVÃO;TUBO DE TRAVÃO;0;;
101;1519;08359;1519;101.08359;CATEGORIA0;;1;1;0;1;;DISCO DE TRAVÃO;DISCO DE TRAVÃO;0;;
101;1519;08364;1519;101.08364;CATEGORIA0;;1;1;0;1;;TUCHE DE VÁLVULAS;TUCHE DE VÁLVULAS;0;;
101;1519;08365;1519;101.08365;CATEGORIA0;;1;1;0;1;;TUCHE DE VÁLVULAS;TUCHE DE VÁLVULAS;0;;
101;1519;08367;1519;101.08367;CATEGORIA0;;1;1;0;1;;TUBO DE TRAVÃO;TUBO DE TRAVÃO;0;;
101;1519;08368;1519;101.08368;CATEGORIA0;;1;1;0;1;;TUBO DE TRAVÃO;TUBO DE TRAVÃO;0;;
101;1519;08369;1519;101.08369;CATEGORIA0;;1;1;0;1;;TUCHE DE VÁLVULAS;TUCHE DE VÁLVULAS;0;;
101;1519;08370;1519;101.08370;CATEGORIA0;;1;1;0;1;;JOGO DE REP. SUPORTE DE CABINA DO MOTORISTA;JOGO DE REP. SUPORTE DE CABINA DO MOTORISTA;0;;
101;1519;08378;1519;101.08378;CATEGORIA0;;1;1;0;1;;JOGO SUPORTE DE ESTABILIZADOR;JOGO SUPORTE DE ESTABILIZADOR;0;;
101;1519;08379;1519;101.08379;CATEGORIA0;;1;1;0;1;;JOGO SUPORTE DE ESTABILIZADOR;JOGO SUPORTE DE ESTABILIZADOR;0;;
101;1519;08383;1519;101.08383;CATEGORIA0;;1;1;0;1;;JOGO SUPORTE DE ESTABILIZADOR;JOGO SUPORTE DE ESTABILIZADOR;0;;
101;1519;08384;1519;101.08384;CATEGORIA0;;1;1;0;1;;BORRACHA DE ENCOSTO;BORRACHA DE ENCOSTO;0;;
101;1519;08385;1519;101.08385;CATEGORIA0;;1;1;0;1;;JOGO SUPORTE DE ESTABILIZADOR;JOGO SUPORTE DE ESTABILIZADOR;0;;
101;1519;08386;1519;101.08386;CATEGORIA0;;1;1;0;1;;JOGO DE JUNTAS FLEXÍVEIS;JOGO DE JUNTAS FLEXÍVEIS;0;;
101;1519;08387;1519;101.08387;CATEGORIA0;;1;1;0;1;;JOGO SUPORTE DE ESTABILIZADOR;JOGO SUPORTE DE ESTABILIZADOR;0;;
101;1519;08388;1519;101.08388;CATEGORIA0;;1;1;0;1;;APOIO DE TRANSMISSÃO;APOIO DE TRANSMISSÃO;0;;
101;1519;08389;1519;101.08389;CATEGORIA0;;1;1;0;1;;TUCHE DE VÁLVULAS;TUCHE DE VÁLVULAS;0;;
101;1519;08390;1519;101.08390;CATEGORIA0;;1;1;0;1;;TAMPÃO DE FECHO;TAMPÃO DE FECHO;0;;
101;1519;08391;1519;101.08391;CATEGORIA0;;1;1;0;1;;JOGO DE ROLAMENTO DE RODA;JOGO DE ROLAMENTO DE RODA;0;;
101;1519;08397;1519;101.08397;CATEGORIA0;;1;1;0;1;;BRAÇO DE SUSPENSÃO;BRAÇO DE SUSPENSÃO;0;;
101;1519;08398;1519;101.08398;CATEGORIA0;;1;1;0;1;;AMORTECEDOR DO MOTOR;AMORTECEDOR DO MOTOR;0;;
101;1519;08399;1519;101.08399;CATEGORIA0;;1;1;0;1;;BALANCEIRO;BALANCEIRO;0;;
101;1519;08400;1519;101.08400;CATEGORIA0;;1;1;0;1;;MARTELO DE VÁLVULA;MARTELO DE VÁLVULA;0;;
101;1519;08403;1519;101.08403;CATEGORIA0;;1;1;0;1;;CASQUILHO DO BRAÇO OSCILANTE;CASQUILHO DO BRAÇO OSCILANTE;0;;
101;1519;08404;1519;101.08404;CATEGORIA0;;1;1;0;1;;JOGO DE FOLES DE TRANSMISSÃO;JOGO DE FOLES DE TRANSMISSÃO;0;;
101;1519;08405;1519;101.08405;CATEGORIA0;;1;1;0;1;;FOLE DE TRANSMISSÃO;FOLE DE TRANSMISSÃO;0;;
101;1519;08409;1519;101.08409;CATEGORIA0;;1;1;0;1;;CASQUILHO DA BARRA ESTABILIZADORA;CASQUILHO DA BARRA ESTABILIZADORA;0;;
101;1519;08412;1519;101.08412;CATEGORIA0;;1;1;0;1;;VÁLVULA DE PRESSÃO;VÁLVULA DE PRESSÃO;0;;
101;1519;08413;1519;101.08413;CATEGORIA0;;1;1;0;1;;JOGO DE FOLES DE TRANSMISSÃO;JOGO DE FOLES DE TRANSMISSÃO;0;;
101;1519;08415;1519;101.08415;CATEGORIA0;;1;1;0;1;;CUBO DA RODA;CUBO DA RODA;0;;
101;1519;08416;1519;101.08416;CATEGORIA0;;1;1;0;1;;CUBO DA RODA;CUBO DA RODA;0;;
101;1519;08419;1519;101.08419;CATEGORIA0;;1;1;0;1;;MOLA DE RETENÇÃO;MOLA DE RETENÇÃO;0;;
101;1519;08420;1519;101.08420;CATEGORIA0;;1;1;0;1;;JOGO PINO DO EIXO DIANTEIRO;JOGO PINO DO EIXO DIANTEIRO;0;;
101;1519;08427;1519;101.08427;CATEGORIA0;;1;1;0;1;;CONJUNTO DE APOIOS DE CORPO DE EIXO;CONJUNTO DE APOIOS DE CORPO DE EIXO;0;;
101;1519;08428;1519;101.08428;CATEGORIA0;;1;1;0;1;;CASQUILHO DA MOLA DE SUSPENSÃO;CASQUILHO DA MOLA DE SUSPENSÃO;0;;
101;1519;08429;1519;101.08429;CATEGORIA0;;1;1;0;1;;AMORTECEDOR DE FECHO;AMORTECEDOR DE FECHO;0;;
101;1519;08430;1519;101.08430;CATEGORIA0;;1;1;0;1;;RETENÇÃO DO CAPOT;RETENÇÃO DO CAPOT;0;;
101;1519;08431;1519;101.08431;CATEGORIA0;;1;1;0;1;;CASQUILHO ESPAÇADOR;CASQUILHO ESPAÇADOR;0;;
101;1519;08432;1519;101.08432;CATEGORIA0;;1;1;0;1;;APOIO DA BARRA TRANSVERSAL;APOIO DA BARRA TRANSVERSAL;0;;
101;1519;08433;1519;101.08433;CATEGORIA0;;1;1;0;1;;AMORTECEDOR DE CABINA;AMORTECEDOR DE CABINA;0;;
101;1519;08435;1519;101.08435;CATEGORIA0;;1;1;0;1;;JOGO DE ROLAMENTO DE RODA;JOGO DE ROLAMENTO DE RODA;0;;
101;1519;08437;1519;101.08437;CATEGORIA0;;1;1;0;1;;JUNTA FLEXÍVEL;JUNTA FLEXÍVEL;0;;
101;1519;08442;1519;101.08442;CATEGORIA0;;1;1;0;1;;PINO DA RODA;PINO DA RODA;0;;
101;1519;08443;1519;101.08443;CATEGORIA0;;1;1;0;1;;PINO DA RODA;PINO DA RODA;0;;
101;1519;08444;1519;101.08444;CATEGORIA0;;1;1;0;1;;INTERRUPTOR DE PRESSÃO DE ÓLEO;INTERRUPTOR DE PRESSÃO DE ÓLEO;0;;
101;1519;08445;1519;101.08445;CATEGORIA0;;1;1;0;1;;AJUSTADOR DE FOLGA;AJUSTADOR DE FOLGA;0;;
101;1519;08446;1519;101.08446;CATEGORIA0;;1;1;0;1;;AJUSTADOR DE FOLGA;AJUSTADOR DE FOLGA;0;;
101;1519;08447;1519;101.08447;CATEGORIA0;;1;1;0;1;;AJUSTADOR DE FOLGA;AJUSTADOR DE FOLGA;0;;
101;1519;08448;1519;101.08448;CATEGORIA0;;1;1;0;1;;BOMBA DO ÓLEO;BOMBA DO ÓLEO;0;;
101;1519;08450;1519;101.08450;CATEGORIA0;;1;1;0;1;;BOMBA DO ÓLEO;BOMBA DO ÓLEO;0;;
101;1519;08452;1519;101.08452;CATEGORIA0;;1;1;0;1;;EXCÊNTRICO;EXCÊNTRICO;0;;
101;1519;08453;1519;101.08453;CATEGORIA0;;1;1;0;1;;BORRACHA DE ENCOSTO;BORRACHA DE ENCOSTO;0;;
101;1519;08455;1519;101.08455;CATEGORIA0;;1;1;0;1;;BOMBA DO ÓLEO;BOMBA DO ÓLEO;0;;
101;1519;08456;1519;101.08456;CATEGORIA0;;1;1;0;1;;MOLA DO CALÇO DE TRAVÃO;MOLA DO CALÇO DE TRAVÃO;0;;
101;1519;08458;1519;101.08458;CATEGORIA0;;1;1;0;1;;DISCO DE TRAVÃO;DISCO DE TRAVÃO;0;;
101;1519;08460;1519;101.08460;CATEGORIA0;;1;1;0;1;;JOGO DE FOLES DE TRANSMISSÃO;JOGO DE FOLES DE TRANSMISSÃO;0;;
101;1519;08460+;1519;1263500237;CATEGORIA0;;1;1;0;1;;KIT FOLES TRANSMISSÃO;KIT FOLES TRANSMISSÃO;0;;
101;1519;08465;1519;101.08465;CATEGORIA0;;1;1;0;1;;PORCA DA BIELA;PORCA DA BIELA;0;;
101;1519;08466;1519;101.08466;CATEGORIA0;;1;1;0;1;;INTERRUPTOR DE PRESSÃO DE ÓLEO;INTERRUPTOR DE PRESSÃO DE ÓLEO;0;;
101;1519;08467;1519;101.08467;CATEGORIA0;;1;1;0;1;;TENSOR;TENSOR;0;;
101;1519;08468;1519;101.08468;CATEGORIA0;;1;1;0;1;;TENSOR;TENSOR;0;;
101;1519;08470;1519;101.08470;CATEGORIA0;;1;1;0;1;;INTERRUPTOR DE PRESSÃO DE ÓLEO;INTERRUPTOR DE PRESSÃO DE ÓLEO;0;;
101;1519;08471;1519;101.08471;CATEGORIA0;;1;1;0;1;;BLOCO DE DESLIZE;BLOCO DE DESLIZE;0;;
101;1519;08474;1519;101.08474;CATEGORIA0;;1;1;0;1;;JOGO DE FOLES DE TRANSMISSÃO;JOGO DE FOLES DE TRANSMISSÃO;0;;
101;1519;08475;1519;101.08475;CATEGORIA0;;1;1;0;1;;JOGO DE FOLES DE TRANSMISSÃO;JOGO DE FOLES DE TRANSMISSÃO;0;;
101;1519;08476;1519;101.08476;CATEGORIA0;;1;1;0;1;;PARAFUSO DA RODA;PARAFUSO DA RODA;0;;
101;1519;08477;1519;101.08477;CATEGORIA0;;1;1;0;1;;MANGUEIRA DE AR ESPIRAL;MANGUEIRA DE AR ESPIRAL;0;;
101;1519;08478;1519;101.08478;CATEGORIA0;;1;1;0;1;;FOLE DE TRANSMISSÃO;FOLE DE TRANSMISSÃO;0;;
101;1519;08479;1519;101.08479;CATEGORIA0;;1;1;0;1;;JOGO DE FOLES DE TRANSMISSÃO;JOGO DE FOLES DE TRANSMISSÃO;0;;
101;1519;08481;1519;101.08481;CATEGORIA0;;1;1;0;1;;JOGO DE FOLES DE TRANSMISSÃO;JOGO DE FOLES DE TRANSMISSÃO;0;;
101;1519;08484;1519;101.08484;CATEGORIA0;;1;1;0;1;;INTERRUPTOR DE PRESSÃO DE ÓLEO;INTERRUPTOR DE PRESSÃO DE ÓLEO;0;;
101;1519;08485;1519;101.08485;CATEGORIA0;;1;1;0;1;;INTERRUPTOR DE PRESSÃO DE ÓLEO;INTERRUPTOR DE PRESSÃO DE ÓLEO;0;;
101;1519;08486;1519;101.08486;CATEGORIA0;;1;1;0;1;;KIT DE REPARAÇÃO DO BRAÇO TENSOR;KIT DE REPARAÇÃO DO BRAÇO TENSOR;0;;
101;1519;08487;1519;101.08487;CATEGORIA0;;1;1;0;1;;TUBO DE TRAVÃO;TUBO DE TRAVÃO;0;;
101;1519;08488;1519;101.08488;CATEGORIA0;;1;1;0;1;;CHAPA DE SEGURANÇA;CHAPA DE SEGURANÇA;0;;
101;1519;08489;1519;101.08489;CATEGORIA0;;1;1;0;1;;JOGO DE JUNTAS;JOGO DE JUNTAS;0;;
101;1519;08490;1519;101.08490;CATEGORIA0;;1;1;0;1;;MOLA DO CALÇO DE TRAVÃO;MOLA DO CALÇO DE TRAVÃO;0;;
101;1519;08491;1519;101.08491;CATEGORIA0;;1;1;0;1;;JOGO DE REP. VÁLVULA;JOGO DE REP. VÁLVULA;0;;
101;1519;08495;1519;101.08495;CATEGORIA0;;1;1;0;1;;ANILHA;ANILHA;0;;
101;1519;08497;1519;101.08497;CATEGORIA0;;1;1;0;1;;JOGO DE FOLES DE DIREÇÃO;JOGO DE FOLES DE DIREÇÃO;0;;
101;1519;08498;1519;101.08498;CATEGORIA0;;1;1;0;1;;JOGO DE FOLES DE DIREÇÃO;JOGO DE FOLES DE DIREÇÃO;0;;
101;1519;08502;1519;101.08502;CATEGORIA0;;1;1;0;1;;TENSOR;TENSOR;0;;
101;1519;08504;1519;101.08504;CATEGORIA0;;1;1;0;1;;DISCO DE TRAVÃO;DISCO DE TRAVÃO;0;;
101;1519;08505;1519;101.08505;CATEGORIA0;;1;1;0;1;;DISCO DE TRAVÃO;DISCO DE TRAVÃO;0;;
101;1519;08506;1519;101.08506;CATEGORIA0;;1;1;0;1;;DISCO DE TRAVÃO;DISCO DE TRAVÃO;0;;
101;1519;08507;1519;101.08507;CATEGORIA0;;1;1;0;1;;PEÇA DE APERTO;PEÇA DE APERTO;0;;
101;1519;08508;1519;101.08508;CATEGORIA0;;1;1;0;1;;PEÇA DE APERTO;PEÇA DE APERTO;0;;
101;1519;08509;1519;101.08509;CATEGORIA0;;1;1;0;1;;APOIO DE MOTOR;APOIO DE MOTOR;0;;
101;1519;08510;1519;101.08510;CATEGORIA0;;1;1;0;1;;APOIO CENTRAL DO VEIO DE TRANSMISSÃO;APOIO CENTRAL DO VEIO DE TRANSMISSÃO;0;;
101;1519;08511;1519;101.08511;CATEGORIA0;;1;1;0;1;;JOGO PINO DO EIXO DIANTEIRO;JOGO PINO DO EIXO DIANTEIRO;0;;
101;1519;08519;1519;101.08519;CATEGORIA0;;1;1;0;1;;TUBO DE TRAVÃO;TUBO DE TRAVÃO;0;;
101;1519;08520;1519;101.08520;CATEGORIA0;;1;1;0;1;;JOGO PINO DO EIXO DIANTEIRO;JOGO PINO DO EIXO DIANTEIRO;0;;
101;1519;08521;1519;101.08521;CATEGORIA0;;1;1;0;1;;JOGO PINO DO EIXO DIANTEIRO;JOGO PINO DO EIXO DIANTEIRO;0;;
101;1519;08524;1519;101.08524;CATEGORIA0;;1;1;0;1;;ROLAMENTO DE AGULHAS;ROLAMENTO DE AGULHAS;0;;
101;1519;08525;1519;101.08525;CATEGORIA0;;1;1;0;1;;TENSOR;TENSOR;0;;
101;1519;08526;1519;101.08526;CATEGORIA0;;1;1;0;1;;JOGO PINO DO EIXO DIANTEIRO;JOGO PINO DO EIXO DIANTEIRO;0;;
101;1519;08533;1519;101.08533;CATEGORIA0;;1;1;0;1;;O-RING;O-RING;0;;
101;1519;08535;1519;101.08535;CATEGORIA0;;1;1;0;1;;JOGO PINO DO EIXO DIANTEIRO;JOGO PINO DO EIXO DIANTEIRO;0;;
101;1519;08536;1519;101.08536;CATEGORIA0;;1;1;0;1;;PORCA DODECAGONAL COM COLAR;PORCA DODECAGONAL COM COLAR;0;;
101;1519;08538;1519;101.08538;CATEGORIA0;;1;1;0;1;;APOIO CENTRAL DO VEIO DE TRANSMISSÃO;APOIO CENTRAL DO VEIO DE TRANSMISSÃO;0;;
101;1519;08539;1519;101.08539;CATEGORIA0;;1;1;0;1;;APOIO CENTRAL DO VEIO DE TRANSMISSÃO;APOIO CENTRAL DO VEIO DE TRANSMISSÃO;0;;
101;1519;08540;1519;101.08540;CATEGORIA0;;1;1;0;1;;DISCO DE TRAVÃO;DISCO DE TRAVÃO;0;;
101;1519;08541;1519;101.08541;CATEGORIA0;;1;1;0;1;;DISCO DE TRAVÃO;DISCO DE TRAVÃO;0;;
101;1519;08542;1519;101.08542;CATEGORIA0;;1;1;0;1;;DISCO DE TRAVÃO;DISCO DE TRAVÃO;0;;
101;1519;08543;1519;101.08543;CATEGORIA0;;1;1;0;1;;DISCO DE TRAVÃO;DISCO DE TRAVÃO;0;;
101;1519;08545;1519;101.08545;CATEGORIA0;;1;1;0;1;;DISCO DE TRAVÃO;DISCO DE TRAVÃO;0;;
101;1519;08546;1519;101.08546;CATEGORIA0;;1;1;0;1;;DISCO DE TRAVÃO;DISCO DE TRAVÃO;0;;
101;1519;08547;1519;101.08547;CATEGORIA0;;1;1;0;1;;PARAFUSO DE CABEÇA RETANGULAR;PARAFUSO DE CABEÇA RETANGULAR;0;;
101;1519;08548;1519;101.08548;CATEGORIA0;;1;1;0;1;;PARAFUSO DE CABEÇA RETANGULAR;PARAFUSO DE CABEÇA RETANGULAR;0;;
101;1519;08551;1519;101.08551;CATEGORIA0;;1;1;0;1;;BOMBA DO ÓLEO;BOMBA DO ÓLEO;0;;
101;1519;08553;1519;101.08553;CATEGORIA0;;1;1;0;1;;DISCO DE TRAVÃO;DISCO DE TRAVÃO;0;;
101;1519;08554;1519;101.08554;CATEGORIA0;;1;1;0;1;;DISCO DE TRAVÃO;DISCO DE TRAVÃO;0;;
101;1519;08556;1519;101.08556;CATEGORIA0;;1;1;0;1;;DISCO DE TRAVÃO;DISCO DE TRAVÃO;0;;
101;1519;08557;1519;101.08557;CATEGORIA0;;1;1;0;1;;DISCO DE TRAVÃO;DISCO DE TRAVÃO;0;;
101;1519;08559;1519;101.08559;CATEGORIA0;;1;1;0;1;;DISCO DE TRAVÃO;DISCO DE TRAVÃO;0;;
101;1519;08561;1519;101.08561;CATEGORIA0;;1;1;0;1;;CONJUNTO DE CASQUILHOS DO BRAÇO DE SUSPENSÃO;CONJUNTO DE CASQUILHOS DO BRAÇO DE SUSPENSÃO;0;;
101;1519;08562;1519;101.08562;CATEGORIA0;;1;1;0;1;;CASQUILHO DO BRAÇO OSCILANTE;CASQUILHO DO BRAÇO OSCILANTE;0;;
101;1519;08563;1519;101.08563;CATEGORIA0;;1;1;0;1;;CASQUILHO DO BRAÇO OSCILANTE;CASQUILHO DO BRAÇO OSCILANTE;0;;
101;1519;08569;1519;101.08569;CATEGORIA0;;1;1;0;1;;FLANGE DO CARBURADOR;FLANGE DO CARBURADOR;0;;
101;1519;08570;1519;101.08570;CATEGORIA0;;1;1;0;1;;ARTICULAÇÃO DE APOIO;ARTICULAÇÃO DE APOIO;0;;
101;1519;08571;1519;101.08571;CATEGORIA0;;1;1;0;1;;RÓTULA;RÓTULA;0;;
101;1519;08572;1519;101.08572;CATEGORIA0;;1;1;0;1;;BARRA DE ACOPLAMENTO;BARRA DE ACOPLAMENTO;0;;
101;1519;08573;1519;101.08573;CATEGORIA0;;1;1;0;1;;DISCO DE TRAVÃO;DISCO DE TRAVÃO;0;;
101;1519;08574;1519;101.08574;CATEGORIA0;;1;1;0;1;;CABEÇA DE DIREÇÃO EXTERIOR;CABEÇA DE DIREÇÃO EXTERIOR;0;;
101;1519;08575;1519;101.08575;CATEGORIA0;;1;1;0;1;;BARRA DE ACOPLAMENTO;BARRA DE ACOPLAMENTO;0;;
101;1519;08579;1519;101.08579;CATEGORIA0;;1;1;0;1;;POLIE DE DESVIO;POLIE DE DESVIO;0;;
101;1519;08580;1519;101.08580;CATEGORIA0;;1;1;0;1;;BARRA INTERMÉDIA DE DIREÇÃO;BARRA INTERMÉDIA DE DIREÇÃO;0;;
101;1519;08581;1519;101.08581;CATEGORIA0;;1;1;0;1;;BARRA DE ACOPLAMENTO;BARRA DE ACOPLAMENTO;0;;
101;1519;08582;1519;101.08582;CATEGORIA0;;1;1;0;1;;CABEÇA DE DIREÇÃO EXTERIOR;CABEÇA DE DIREÇÃO EXTERIOR;0;;
101;1519;08583;1519;101.08583;CATEGORIA0;;1;1;0;1;;CABEÇA DE DIREÇÃO EXTERIOR;CABEÇA DE DIREÇÃO EXTERIOR;0;;
101;1519;08594;1519;101.08594;CATEGORIA0;;1;1;0;1;;DISCO DE TRAVÃO;DISCO DE TRAVÃO;0;;
101;1519;08598;1519;101.08598;CATEGORIA0;;1;1;0;1;;TUBO DE TRAVÃO;TUBO DE TRAVÃO;0;;
101;1519;08600;1519;101.08600;CATEGORIA0;;1;1;0;1;;VÁLVULA DE RETENÇÃO;VÁLVULA DE RETENÇÃO;0;;
101;1519;08601;1519;101.08601;CATEGORIA0;;1;1;0;1;;ANILHA;ANILHA;0;;
101;1519;08603;1519;101.08603;CATEGORIA0;;1;1;0;1;;ASSENTO DE ESFERA;ASSENTO DE ESFERA;0;;
101;1519;08605;1519;101.08605;CATEGORIA0;;1;1;0;1;;JUNTA DE TAMPA DE VÁLVULAS;JUNTA DE TAMPA DE VÁLVULAS;0;;
101;1519;08606;1519;101.08606;CATEGORIA0;;1;1;0;1;;JUNTA DE TAMPA DE VÁLVULAS;JUNTA DE TAMPA DE VÁLVULAS;0;;
101;1519;08608;1519;101.08608;CATEGORIA0;;1;1;0;1;;JUNTA DE TAMPA DE VÁLVULAS;JUNTA DE TAMPA DE VÁLVULAS;0;;
101;1519;08609;1519;101.08609;CATEGORIA0;;1;1;0;1;;JUNTA DE TAMPA DE VÁLVULAS;JUNTA DE TAMPA DE VÁLVULAS;0;;
101;1519;08610;1519;101.08610;CATEGORIA0;;1;1;0;1;;JUNTA DE TAMPA DE VÁLVULAS;JUNTA DE TAMPA DE VÁLVULAS;0;;
101;1519;08611;1519;101.08611;CATEGORIA0;;1;1;0;1;;JUNTA DE TAMPA DE VÁLVULAS;JUNTA DE TAMPA DE VÁLVULAS;0;;
101;1519;08614;1519;101.08614;CATEGORIA0;;1;1;0;1;;JUNTA DE TAMPA DE VÁLVULAS;JUNTA DE TAMPA DE VÁLVULAS;0;;
101;1519;08615;1519;101.08615;CATEGORIA0;;1;1;0;1;;JUNTA DE TAMPA DE VÁLVULAS;JUNTA DE TAMPA DE VÁLVULAS;0;;
101;1519;08616;1519;101.08616;CATEGORIA0;;1;1;0;1;;JUNTA DE TAMPA DE VÁLVULAS;JUNTA DE TAMPA DE VÁLVULAS;0;;
101;1519;08619;1519;101.08619;CATEGORIA0;;1;1;0;1;;SUPORTE DO DISPOSITIVO AMORTECEDOR;SUPORTE DO DISPOSITIVO AMORTECEDOR;0;;
101;1519;08620;1519;101.08620;CATEGORIA0;;1;1;0;1;;AMORTECEDOR DE CABINA;AMORTECEDOR DE CABINA;0;;
101;1519;08622;1519;101.08622;CATEGORIA0;;1;1;0;1;;JOGO JUNTAS PARA HASTE DE VÁLVULA;JOGO JUNTAS PARA HASTE DE VÁLVULA;0;;
101;1519;08623;1519;101.08623;CATEGORIA0;;1;1;0;1;;JOGO JUNTAS PARA HASTE DE VÁLVULA;JOGO JUNTAS PARA HASTE DE VÁLVULA;0;;
101;1519;08625;1519;101.08625;CATEGORIA0;;1;1;0;1;;JOGO JUNTAS PARA HASTE DE VÁLVULA;JOGO JUNTAS PARA HASTE DE VÁLVULA;0;;
101;1519;08627;1519;101.08627;CATEGORIA0;;1;1;0;1;;JOGO JUNTAS PARA HASTE DE VÁLVULA;JOGO JUNTAS PARA HASTE DE VÁLVULA;0;;
101;1519;08632;1519;101.08632;CATEGORIA0;;1;1;0;1;;POLIE DE DESVIO;POLIE DE DESVIO;0;;
101;1519;08633;1519;101.08633;CATEGORIA0;;1;1;0;1;;JOGO JUNTAS PARA HASTE DE VÁLVULA;JOGO JUNTAS PARA HASTE DE VÁLVULA;0;;
101;1519;08635;1519;101.08635;CATEGORIA0;;1;1;0;1;;JOGO JUNTAS PARA HASTE DE VÁLVULA;JOGO JUNTAS PARA HASTE DE VÁLVULA;0;;
101;1519;08636;1519;101.08636;CATEGORIA0;;1;1;0;1;;JOGO JUNTAS PARA HASTE DE VÁLVULA;JOGO JUNTAS PARA HASTE DE VÁLVULA;0;;
101;1519;08639;1519;101.08639;CATEGORIA0;;1;1;0;1;;AGULHA DE INJEÇÃO;AGULHA DE INJEÇÃO;0;;
101;1519;08640;1519;101.08640;CATEGORIA0;;1;1;0;1;;AGULHA DE INJEÇÃO;AGULHA DE INJEÇÃO;0;;
101;1519;08643;1519;101.08643;CATEGORIA0;;1;1;0;1;;PEÇA EM T;PEÇA EM T;0;;
101;1519;08644;1519;101.08644;CATEGORIA0;;1;1;0;1;;JOGO JUNTAS PARA HASTE DE VÁLVULA;JOGO JUNTAS PARA HASTE DE VÁLVULA;0;;
101;1519;08645;1519;101.08645;CATEGORIA0;;1;1;0;1;;TUBO DE COMBUSTÍVEL;TUBO DE COMBUSTÍVEL;0;;
101;1519;08647;1519;101.08647;CATEGORIA0;;1;1;0;1;;JOGO JUNTAS PARA HASTE DE VÁLVULA;JOGO JUNTAS PARA HASTE DE VÁLVULA;0;;
101;1519;08651;1519;101.08651;CATEGORIA0;;1;1;0;1;;JOGO PINO DO EIXO DIANTEIRO;JOGO PINO DO EIXO DIANTEIRO;0;;
101;1519;08653;1519;101.08653;CATEGORIA0;;1;1;0;1;;CASQUILHO DA MOLA DE SUSPENSÃO;CASQUILHO DA MOLA DE SUSPENSÃO;0;;
101;1519;08657;1519;101.08657;CATEGORIA0;;1;1;0;1;;BOMBA DE ÁGUA;BOMBA DE ÁGUA;0;;
101;1519;08658;1519;101.08658;CATEGORIA0;;1;1;0;1;;SENSOR DE TEMPERATURA DO LÍQUIDO DE REFRIGERAÇÃO;SENSOR DE TEMPERATURA DO LÍQUIDO DE REFRIGERAÇÃO;0;;
101;1519;08659;1519;101.08659;CATEGORIA0;;1;1;0;1;;APOIO DE MOTOR;APOIO DE MOTOR;0;;
101;1519;08661;1519;101.08661;CATEGORIA0;;1;1;0;1;;CASQUILHO DA BARRA ESTABILIZADORA;CASQUILHO DA BARRA ESTABILIZADORA;0;;
101;1519;08662;1519;101.08662;CATEGORIA0;;1;1;0;1;;SENSOR DE PRESSÃO DE ÓLEO;SENSOR DE PRESSÃO DE ÓLEO;0;;
101;1519;08668;1519;101.08668;CATEGORIA0;;1;1;0;1;;SENSOR DE TEMPERATURA DO LÍQUIDO DE REFRIGERAÇÃO;SENSOR DE TEMPERATURA DO LÍQUIDO DE REFRIGERAÇÃO;0;;
101;1519;08669;1519;101.08669;CATEGORIA0;;1;1;0;1;;SUPORTE DO DISPOSITIVO AMORTECEDOR;SUPORTE DO DISPOSITIVO AMORTECEDOR;0;;
101;1519;08670;1519;101.08670;CATEGORIA0;;1;1;0;1;;PONTA DA BARRA DE COMANDO;PONTA DA BARRA DE COMANDO;0;;
101;1519;08672;1519;101.08672;CATEGORIA0;;1;1;0;1;;TENSOR;TENSOR;0;;
101;1519;08673;1519;101.08673;CATEGORIA0;;1;1;0;1;;POLIE DE DESVIO;POLIE DE DESVIO;0;;
101;1519;08674;1519;101.08674;CATEGORIA0;;1;1;0;1;;TUCHE DE VÁLVULAS;TUCHE DE VÁLVULAS;0;;
101;1519;08675;1519;101.08675;CATEGORIA0;;1;1;0;1;;INTERRUPTOR DE PRESSÃO DE ÓLEO;INTERRUPTOR DE PRESSÃO DE ÓLEO;0;;
101;1519;08676;1519;101.08676;CATEGORIA0;;1;1;0;1;;TUCHE DE VÁLVULAS;TUCHE DE VÁLVULAS;0;;
101;1519;08677;1519;101.08677;CATEGORIA0;;1;1;0;1;;MOTOR DE ESGUICHO;MOTOR DE ESGUICHO;0;;
101;1519;08678;1519;101.08678;CATEGORIA0;;1;1;0;1;;TENSOR;TENSOR;0;;
101;1519;08679;1519;101.08679;CATEGORIA0;;1;1;0;1;;MOTOR DE ESGUICHO;MOTOR DE ESGUICHO;0;;
101;1519;08680;1519;101.08680;CATEGORIA0;;1;1;0;1;;AMORTECEDOR DE FECHO;AMORTECEDOR DE FECHO;0;;
101;1519;08681;1519;101.08681;CATEGORIA0;;1;1;0;1;;BORRACHA DE ENCOSTO;BORRACHA DE ENCOSTO;0;;
101;1519;08682;1519;101.08682;CATEGORIA0;;1;1;0;1;;JOGO SUPORTE DE ESTABILIZADOR;JOGO SUPORTE DE ESTABILIZADOR;0;;
101;1519;08683;1519;101.08683;CATEGORIA0;;1;1;0;1;;JOGO SUPORTE DE ESTABILIZADOR;JOGO SUPORTE DE ESTABILIZADOR;0;;
101;1519;08685;1519;101.08685;CATEGORIA0;;1;1;0;1;;POLIE DE DESVIO;POLIE DE DESVIO;0;;
101;1519;08687;1519;101.08687;CATEGORIA0;;1;1;0;1;;CONJUNTO DE CASQUILHOS DO BRAÇO DE SUSPENSÃO;CONJUNTO DE CASQUILHOS DO BRAÇO DE SUSPENSÃO;0;;
101;1519;08688;1519;101.08688;CATEGORIA0;;1;1;0;1;;TENSOR DE CORRENTE;TENSOR DE CORRENTE;0;;
101;1519;08689;1519;101.08689;CATEGORIA0;;1;1;0;1;;TENSOR;TENSOR;0;;
101;1519;08690;1519;101.08690;CATEGORIA0;;1;1;0;1;;POLIE DE DESVIO;POLIE DE DESVIO;0;;
101;1519;08693;1519;101.08693;CATEGORIA0;;1;1;0;1;;BOMBA DO ÓLEO;BOMBA DO ÓLEO;0;;
101;1519;08694;1519;101.08694;CATEGORIA0;;1;1;0;1;;JOGO DE JUNTAS;JOGO DE JUNTAS;0;;
101;1519;08695;1519;101.08695;CATEGORIA0;;1;1;0;1;;JOGO DE JUNTAS;JOGO DE JUNTAS;0;;
101;1519;08696;1519;101.08696;CATEGORIA0;;1;1;0;1;;JOGO DE JUNTAS;JOGO DE JUNTAS;0;;
101;1519;08697;1519;101.08697;CATEGORIA0;;1;1;0;1;;POLIE DE DESVIO;POLIE DE DESVIO;0;;
101;1519;08698;1519;101.08698;CATEGORIA0;;1;1;0;1;;FILTRO DE COMBUSTÍVEL;FILTRO DE COMBUSTÍVEL;0;;
101;1519;08700;1519;101.08700;CATEGORIA0;;1;1;0;1;;BOMBA DO ÓLEO;BOMBA DO ÓLEO;0;;
101;1519;08701;1519;101.08701;CATEGORIA0;;1;1;0;1;;RETENTOR DO VEIO;RETENTOR DO VEIO;0;;
101;1519;08703;1519;101.08703;CATEGORIA0;;1;1;0;1;;JOGO DE JUNTAS;JOGO DE JUNTAS;0;;
101;1519;08708;1519;101.08708;CATEGORIA0;;1;1;0;1;;BARRA INTERMÉDIA DE DIREÇÃO;BARRA INTERMÉDIA DE DIREÇÃO;0;;
101;1519;08710;1519;101.08710;CATEGORIA0;;1;1;0;1;;JOGO DE JUNTAS;JOGO DE JUNTAS;0;;
101;1519;08711;1519;101.08711;CATEGORIA0;;1;1;0;1;;JOGO DE JUNTAS;JOGO DE JUNTAS;0;;
101;1519;08713;1519;101.08713;CATEGORIA0;;1;1;0;1;;BARRA INTERMÉDIA DE DIREÇÃO;BARRA INTERMÉDIA DE DIREÇÃO;0;;
101;1519;08715;1519;101.08715;CATEGORIA0;;1;1;0;1;;ASSENTO DE ESFERA;ASSENTO DE ESFERA;0;;
101;1519;08716;1519;101.08716;CATEGORIA0;;1;1;0;1;;JUNTA DO CÁRTER INFERIOR;JUNTA DO CÁRTER INFERIOR;0;;
101;1519;08717;1519;101.08717;CATEGORIA0;;1;1;0;1;;JUNTA DO CÁRTER INFERIOR;JUNTA DO CÁRTER INFERIOR;0;;
101;1519;08719;1519;101.08719;CATEGORIA0;;1;1;0;1;;JUNTA DO CÁRTER INFERIOR;JUNTA DO CÁRTER INFERIOR;0;;
101;1519;08720;1519;101.08720;CATEGORIA0;;1;1;0;1;;CONJUNTO DE CASQUILHOS DO BRAÇO DE SUSPENSÃO;CONJUNTO DE CASQUILHOS DO BRAÇO DE SUSPENSÃO;0;;
101;1519;08726;1519;101.08726;CATEGORIA0;;1;1;0;1;;ROLAMENTO DE ESFERAS;ROLAMENTO DE ESFERAS;0;;
101;1519;08727;1519;101.08727;CATEGORIA0;;1;1;0;1;;APOIO CENTRAL DO VEIO DE TRANSMISSÃO;APOIO CENTRAL DO VEIO DE TRANSMISSÃO;0;;
101;1519;08729;1519;101.08729;CATEGORIA0;;1;1;0;1;;BARRA INTERMÉDIA DE DIREÇÃO;BARRA INTERMÉDIA DE DIREÇÃO;0;;
101;1519;08730;1519;101.08730;CATEGORIA0;;1;1;0;1;;PORCA DODECAGONAL COM COLAR;PORCA DODECAGONAL COM COLAR;0;;
101;1519;08731;1519;101.08731;CATEGORIA0;;1;1;0;1;;PORCA DODECAGONAL COM COLAR;PORCA DODECAGONAL COM COLAR;0;;
101;1519;08732;1519;101.08732;CATEGORIA0;;1;1;0;1;;BOMBA DO ÓLEO;BOMBA DO ÓLEO;0;;
101;1519;08733;1519;101.08733;CATEGORIA0;;1;1;0;1;;BOMBA DO ÓLEO;BOMBA DO ÓLEO;0;;
101;1519;08734;1519;101.08734;CATEGORIA0;;1;1;0;1;;BOMBA DO ÓLEO;BOMBA DO ÓLEO;0;;
101;1519;08735;1519;101.08735;CATEGORIA0;;1;1;0;1;;BOMBA DO ÓLEO;BOMBA DO ÓLEO;0;;
101;1519;08740;1519;101.08740;CATEGORIA0;;1;1;0;1;;APOIO DE TRANSMISSÃO;APOIO DE TRANSMISSÃO;0;;
101;1519;08741;1519;101.08741;CATEGORIA0;;1;1;0;1;;TUCHE DE VÁLVULAS;TUCHE DE VÁLVULAS;0;;
101;1519;08743;1519;101.08743;CATEGORIA0;;1;1;0;1;;APOIO DA CAIXA DE TRANSFERÊNCIA;APOIO DA CAIXA DE TRANSFERÊNCIA;0;;
101;1519;08744;1519;101.08744;CATEGORIA0;;1;1;0;1;;AMORTECEDOR DE OSCILAÇÕES;AMORTECEDOR DE OSCILAÇÕES;0;;
101;1519;08746;1519;101.08746;CATEGORIA0;;1;1;0;1;;CASQUILHO DA BARRA ESTABILIZADORA;CASQUILHO DA BARRA ESTABILIZADORA;0;;
101;1519;08747;1519;101.08747;CATEGORIA0;;1;1;0;1;;ÁRVORE DE CAMES;ÁRVORE DE CAMES;0;;
101;1519;08748;1519;101.08748;CATEGORIA0;;1;1;0;1;;BOMBA DE ÁGUA;BOMBA DE ÁGUA;0;;
101;1519;08749;1519;101.08749;CATEGORIA0;;1;1;0;1;;ÁRVORE DE CAMES;ÁRVORE DE CAMES;0;;
101;1519;08750;1519;101.08750;CATEGORIA0;;1;1;0;1;;ÁRVORE DE CAMES;ÁRVORE DE CAMES;0;;
101;1519;08751;1519;101.08751;CATEGORIA0;;1;1;0;1;;JUNTA DA HASTE DE VÁLVULA;JUNTA DA HASTE DE VÁLVULA;0;;
101;1519;08752;1519;101.08752;CATEGORIA0;;1;1;0;1;;JUNTA DA HASTE DE VÁLVULA;JUNTA DA HASTE DE VÁLVULA;0;;
101;1519;08753;1519;101.08753;CATEGORIA0;;1;1;0;1;;VÁLVULA DE DESCARGA;VÁLVULA DE DESCARGA;0;;
101;1519;08754;1519;101.08754;CATEGORIA0;;1;1;0;1;;FILTRO DE COMBUSTÍVEL;FILTRO DE COMBUSTÍVEL;0;;
101;1519;08756;1519;101.08756;CATEGORIA0;;1;1;0;1;;BOMBA DE ÁGUA;BOMBA DE ÁGUA;0;;
101;1519;08757;1519;101.08757;CATEGORIA0;;1;1;0;1;;JOGO DE REP. TRAVÃO DE MOTOR;JOGO DE REP. TRAVÃO DE MOTOR;0;;
101;1519;08758;1519;101.08758;CATEGORIA0;;1;1;0;1;;JOGO DE REP. PARAFUSO TENSOR;JOGO DE REP. PARAFUSO TENSOR;0;;
101;1519;08759;1519;101.08759;CATEGORIA0;;1;1;0;1;;JOGO DE REP. PARAFUSO TENSOR;JOGO DE REP. PARAFUSO TENSOR;0;;
101;1519;08760;1519;101.08760;CATEGORIA0;;1;1;0;1;;CABEÇA DE DIREÇÃO INTERIOR;CABEÇA DE DIREÇÃO INTERIOR;0;;
101;1519;08761;1519;101.08761;CATEGORIA0;;1;1;0;1;;CABEÇA DE DIREÇÃO INTERIOR;CABEÇA DE DIREÇÃO INTERIOR;0;;
101;1519;08763;1519;101.08763;CATEGORIA0;;1;1;0;1;;COMUTADOR CILÍNDRICO;COMUTADOR CILÍNDRICO;0;;
101;1519;08764;1519;101.08764;CATEGORIA0;;1;1;0;1;;COMUTADOR CILÍNDRICO;COMUTADOR CILÍNDRICO;0;;
101;1519;08767;1519;101.08767;CATEGORIA0;;1;1;0;1;;CABEÇA DE DIREÇÃO EXTERIOR;CABEÇA DE DIREÇÃO EXTERIOR;0;;
101;1519;08768;1519;101.08768;CATEGORIA0;;1;1;0;1;;CABEÇA DE DIREÇÃO INTERIOR;CABEÇA DE DIREÇÃO INTERIOR;0;;
101;1519;08769;1519;101.08769;CATEGORIA0;;1;1;0;1;;PEÇA DE ARTICULAÇÃO;PEÇA DE ARTICULAÇÃO;0;;
101;1519;08770;1519;101.08770;CATEGORIA0;;1;1;0;1;;PEÇA DE ARTICULAÇÃO;PEÇA DE ARTICULAÇÃO;0;;
101;1519;08771;1519;101.08771;CATEGORIA0;;1;1;0;1;;ARTICULAÇÃO ESFÉRICA;ARTICULAÇÃO ESFÉRICA;0;;
101;1519;08772;1519;101.08772;CATEGORIA0;;1;1;0;1;;PEÇA DE ARTICULAÇÃO;PEÇA DE ARTICULAÇÃO;0;;
101;1519;08775;1519;101.08775;CATEGORIA0;;1;1;0;1;;REVESTIMENTO DE PEDAL;REVESTIMENTO DE PEDAL;0;;
101;1519;08777;1519;101.08777;CATEGORIA0;;1;1;0;1;;ÁRVORE DE CAMES;ÁRVORE DE CAMES;0;;
101;1519;08778;1519;101.08778;CATEGORIA0;;1;1;0;1;;AMORTECEDOR DE OSCILAÇÕES;AMORTECEDOR DE OSCILAÇÕES;0;;
101;1519;08779;1519;101.08779;CATEGORIA0;;1;1;0;1;;AMORTECEDOR DE OSCILAÇÕES;AMORTECEDOR DE OSCILAÇÕES;0;;
101;1519;08780;1519;101.08780;CATEGORIA0;;1;1;0;1;;CABEÇA DE DIREÇÃO EXTERIOR;CABEÇA DE DIREÇÃO EXTERIOR;0;;
101;1519;08781;1519;101.08781;CATEGORIA0;;1;1;0;1;;APOIO DO RADIADOR;APOIO DO RADIADOR;0;;
101;1519;08782;1519;101.08782;CATEGORIA0;;1;1;0;1;;APOIO DE MOTOR;APOIO DE MOTOR;0;;
101;1519;08783;1519;101.08783;CATEGORIA0;;1;1;0;1;;APOIO DE MOTOR;APOIO DE MOTOR;0;;
101;1519;08785;1519;101.08785;CATEGORIA0;;1;1;0;1;;CABO;CABO;0;;
101;1519;08787;1519;101.08787;CATEGORIA0;;1;1;0;1;;JOGO DE REP. SUPORTE DE CABINA DO MOTORISTA;JOGO DE REP. SUPORTE DE CABINA DO MOTORISTA;0;;
101;1519;08788;1519;101.08788;CATEGORIA0;;1;1;0;1;;JOGO DE JUNTAS;JOGO DE JUNTAS;0;;
101;1519;08790;1519;101.08790;CATEGORIA0;;1;1;0;1;;JOGO DE JUNTAS;JOGO DE JUNTAS;0;;
101;1519;08791;1519;101.08791;CATEGORIA0;;1;1;0;1;;JOGO DE JUNTAS;JOGO DE JUNTAS;0;;
101;1519;08792;1519;101.08792;CATEGORIA0;;1;1;0;1;;CABEÇA DE DIREÇÃO EXTERIOR;CABEÇA DE DIREÇÃO EXTERIOR;0;;
101;1519;08794;1519;101.08794;CATEGORIA0;;1;1;0;1;;TUCHE DE VÁLVULAS;TUCHE DE VÁLVULAS;0;;
101;1519;08797;1519;101.08797;CATEGORIA0;;1;1;0;1;;JOGO DE REP. ALAVANCA DE VELOCIDADES;JOGO DE REP. ALAVANCA DE VELOCIDADES;0;;
101;1519;08798;1519;101.08798;CATEGORIA0;;1;1;0;1;;BARRA INTERMÉDIA DE DIREÇÃO;BARRA INTERMÉDIA DE DIREÇÃO;0;;
101;1519;08799;1519;101.08799;CATEGORIA0;;1;1;0;1;;JOGO DE REP. PEDAL DO ACELERADOR;JOGO DE REP. PEDAL DO ACELERADOR;0;;
101;1519;08800;1519;101.08800;CATEGORIA0;;1;1;0;1;;JOGO DE FOLES DE TRANSMISSÃO;JOGO DE FOLES DE TRANSMISSÃO;0;;
101;1519;08801;1519;101.08801;CATEGORIA0;;1;1;0;1;;AJUSTADOR DE FOLGA;AJUSTADOR DE FOLGA;0;;
101;1519;08802;1519;101.08802;CATEGORIA0;;1;1;0;1;;JOGO PINO DO EIXO DIANTEIRO;JOGO PINO DO EIXO DIANTEIRO;0;;
101;1519;08803;1519;101.08803;CATEGORIA0;;1;1;0;1;;JOGO PINO DO EIXO DIANTEIRO;JOGO PINO DO EIXO DIANTEIRO;0;;
101;1519;08818;1519;101.08818;CATEGORIA0;;1;1;0;1;;CASQUILHO DO BRAÇO OSCILANTE;CASQUILHO DO BRAÇO OSCILANTE;0;;
101;1519;08821;1519;101.08821;CATEGORIA0;;1;1;0;1;;JOGO DE JUNTAS FLEXÍVEIS;JOGO DE JUNTAS FLEXÍVEIS;0;;
101;1519;08822;1519;101.08822;CATEGORIA0;;1;1;0;1;;JOGO DE JUNTAS FLEXÍVEIS;JOGO DE JUNTAS FLEXÍVEIS;0;;
101;1519;08823;1519;101.08823;CATEGORIA0;;1;1;0;1;;MOLA PNEUMÁTICA;MOLA PNEUMÁTICA;0;;
101;1519;08824;1519;101.08824;CATEGORIA0;;1;1;0;1;;PINO DA RODA;PINO DA RODA;0;;
101;1519;08826;1519;101.08826;CATEGORIA0;;1;1;0;1;;TUBO FLEXÍVEL DE LUBRIFICAÇÃO;TUBO FLEXÍVEL DE LUBRIFICAÇÃO;0;;
101;1519;08828;1519;101.08828;CATEGORIA0;;1;1;0;1;;SUPORTE BARRA ESTABILIZADORA;SUPORTE BARRA ESTABILIZADORA;0;;
101;1519;08836;1519;101.08836;CATEGORIA0;;1;1;0;1;;TUBO FLEXÍVEL DE LUBRIFICAÇÃO;TUBO FLEXÍVEL DE LUBRIFICAÇÃO;0;;
101;1519;08837;1519;101.08837;CATEGORIA0;;1;1;0;1;;JUNTA DA HASTE DE VÁLVULA;JUNTA DA HASTE DE VÁLVULA;0;;
101;1519;08838;1519;101.08838;CATEGORIA0;;1;1;0;1;;JOGO DE ROLAMENTO DE RODA;JOGO DE ROLAMENTO DE RODA;0;;
101;1519;08839;1519;101.08839;CATEGORIA0;;1;1;0;1;;JOGO DE ROLAMENTO DE RODA;JOGO DE ROLAMENTO DE RODA;0;;
101;1519;08840;1519;101.08840;CATEGORIA0;;1;1;0;1;;JOGO DE ROLAMENTO DE RODA;JOGO DE ROLAMENTO DE RODA;0;;
101;1519;08841;1519;101.08841;CATEGORIA0;;1;1;0;1;;JOGO DE ROLAMENTO DE RODA;JOGO DE ROLAMENTO DE RODA;0;;
101;1519;08843;1519;101.08843;CATEGORIA0;;1;1;0;1;;JUNTA FLEXÍVEL;JUNTA FLEXÍVEL;0;;
101;1519;08848;1519;101.08848;CATEGORIA0;;1;1;0;1;;POLIE DE TRAVÃO;POLIE DE TRAVÃO;0;;
101;1519;08849;1519;101.08849;CATEGORIA0;;1;1;0;1;;POLIE DE TRAVÃO;POLIE DE TRAVÃO;0;;
101;1519;08850;1519;101.08850;CATEGORIA0;;1;1;0;1;;MOLA PNEUMÁTICA;MOLA PNEUMÁTICA;0;;
101;1519;08851;1519;101.08851;CATEGORIA0;;1;1;0;1;;JOGO DE REP. ARTICULAÇÃO DE APOIO;JOGO DE REP. ARTICULAÇÃO DE APOIO;0;;
101;1519;08852;1519;101.08852;CATEGORIA0;;1;1;0;1;;JOGO DE REP. ARTICULAÇÃO DE APOIO;JOGO DE REP. ARTICULAÇÃO DE APOIO;0;;
101;1519;08853;1519;101.08853;CATEGORIA0;;1;1;0;1;;JOGO DE ROLAMENTO DE RODA;JOGO DE ROLAMENTO DE RODA;0;;
101;1519;08854;1519;101.08854;CATEGORIA0;;1;1;0;1;;BARRA INTERMÉDIA DE DIREÇÃO;BARRA INTERMÉDIA DE DIREÇÃO;0;;
101;1519;08855;1519;101.08855;CATEGORIA0;;1;1;0;1;;BARRA INTERMÉDIA DE DIREÇÃO;BARRA INTERMÉDIA DE DIREÇÃO;0;;
101;1519;08857;1519;101.08857;CATEGORIA0;;1;1;0;1;;APOIO DO DIFERENCIAL;APOIO DO DIFERENCIAL;0;;
101;1519;08858;1519;101.08858;CATEGORIA0;;1;1;0;1;;APOIO DO DIFERENCIAL;APOIO DO DIFERENCIAL;0;;
101;1519;08863;1519;101.08863;CATEGORIA0;;1;1;0;1;;SUPORTE BARRA ESTABILIZADORA;SUPORTE BARRA ESTABILIZADORA;0;;
101;1519;08864;1519;101.08864;CATEGORIA0;;1;1;0;1;;JOGO DE JUNTAS COMBINADAS;JOGO DE JUNTAS COMBINADAS;0;;
101;1519;08867;1519;101.08867;CATEGORIA0;;1;1;0;1;;JUNTA PARA PARA-BRISAS;JUNTA PARA PARA-BRISAS;0;;
101;1519;08869;1519;101.08869;CATEGORIA0;;1;1;0;1;;JUNTA PARA PARA-BRISAS;JUNTA PARA PARA-BRISAS;0;;
101;1519;08871;1519;101.08871;CATEGORIA0;;1;1;0;1;;VEDANTE DO VIDRO TRASEIRO;VEDANTE DO VIDRO TRASEIRO;0;;
101;1519;08872;1519;101.08872;CATEGORIA0;;1;1;0;1;;VEDANTE DO VIDRO TRASEIRO;VEDANTE DO VIDRO TRASEIRO;0;;
101;1519;08875;1519;101.08875;CATEGORIA0;;1;1;0;1;;JUNTA DA PORTA;JUNTA DA PORTA;0;;
101;1519;08876;1519;101.08876;CATEGORIA0;;1;1;0;1;;JUNTA DA PORTA;JUNTA DA PORTA;0;;
101;1519;08877;1519;101.08877;CATEGORIA0;;1;1;0;1;;JUNTA DA PORTA;JUNTA DA PORTA;0;;
101;1519;08881;1519;101.08881;CATEGORIA0;;1;1;0;1;;JOGO DE ROLAMENTO DE RODA;JOGO DE ROLAMENTO DE RODA;0;;
101;1519;08882;1519;101.08882;CATEGORIA0;;1;1;0;1;;JUNTA PARA PARA-BRISAS;JUNTA PARA PARA-BRISAS;0;;
101;1519;08883;1519;101.08883;CATEGORIA0;;1;1;0;1;;VEDANTE DO VIDRO TRASEIRO;VEDANTE DO VIDRO TRASEIRO;0;;
101;1519;08884;1519;101.08884;CATEGORIA0;;1;1;0;1;;CONJUNTO DE FILTROS DO ÓLEO DA TRANSMISSÃO;CONJUNTO DE FILTROS DO ÓLEO DA TRANSMISSÃO;0;;
101;1519;08885;1519;101.08885;CATEGORIA0;;1;1;0;1;;CONJUNTO DE FILTROS DO ÓLEO DA TRANSMISSÃO;CONJUNTO DE FILTROS DO ÓLEO DA TRANSMISSÃO;0;;
101;1519;08886;1519;101.08886;CATEGORIA0;;1;1;0;1;;JUNTA PARA PARA-BRISAS;JUNTA PARA PARA-BRISAS;0;;
101;1519;08888;1519;101.08888;CATEGORIA0;;1;1;0;1;;CONJUNTO DE FILTROS DO ÓLEO DA TRANSMISSÃO;CONJUNTO DE FILTROS DO ÓLEO DA TRANSMISSÃO;0;;
101;1519;08889;1519;101.08889;CATEGORIA0;;1;1;0;1;;VEDANTE DO VIDRO TRASEIRO;VEDANTE DO VIDRO TRASEIRO;0;;
101;1519;08893;1519;101.08893;CATEGORIA0;;1;1;0;1;;VEDANTE DO VIDRO TRASEIRO;VEDANTE DO VIDRO TRASEIRO;0;;
101;1519;08897;1519;101.08897;CATEGORIA0;;1;1;0;1;;VÁLVULA DE EXPANSÃO;VÁLVULA DE EXPANSÃO;0;;
101;1519;08898;1519;101.08898;CATEGORIA0;;1;1;0;1;;VÁLVULA DE PRESSÃO;VÁLVULA DE PRESSÃO;0;;
101;1519;08899;1519;101.08899;CATEGORIA0;;1;1;0;1;;VÁLVULA DE EXPANSÃO;VÁLVULA DE EXPANSÃO;0;;
101;1519;08900;1519;101.08900;CATEGORIA0;;1;1;0;1;;CONJUNTO DE FILTROS DO ÓLEO DA TRANSMISSÃO;CONJUNTO DE FILTROS DO ÓLEO DA TRANSMISSÃO;0;;
101;1519;08903;1519;101.08903;CATEGORIA0;;1;1;0;1;;AMORTECIMENTO;AMORTECIMENTO;0;;
101;1519;08905;1519;101.08905;CATEGORIA0;;1;1;0;1;;CASQUILHO DO BRAÇO OSCILANTE;CASQUILHO DO BRAÇO OSCILANTE;0;;
101;1519;08907;1519;101.08907;CATEGORIA0;;1;1;0;1;;AMORTECIMENTO;AMORTECIMENTO;0;;
101;1519;08908;1519;101.08908;CATEGORIA0;;1;1;0;1;;AMORTECIMENTO;AMORTECIMENTO;0;;
101;1519;08909;1519;101.08909;CATEGORIA0;;1;1;0;1;;JOGO JUNTAS PARA HASTE DE VÁLVULA;JOGO JUNTAS PARA HASTE DE VÁLVULA;0;;
101;1519;08913;1519;101.08913;CATEGORIA0;;1;1;0;1;;SENSOR DE DESGASTE;SENSOR DE DESGASTE;0;;
101;1519;08914;1519;101.08914;CATEGORIA0;;1;1;0;1;;CABO;CABO;0;;
101;1519;08915;1519;101.08915;CATEGORIA0;;1;1;0;1;;JUNTA DA HASTE DE VÁLVULA;JUNTA DA HASTE DE VÁLVULA;0;;
101;1519;08916;1519;101.08916;CATEGORIA0;;1;1;0;1;;JUNTA DA HASTE DE VÁLVULA;JUNTA DA HASTE DE VÁLVULA;0;;
101;1519;08918;1519;101.08918;CATEGORIA0;;1;1;0;1;;BOMBA DO ÓLEO;BOMBA DO ÓLEO;0;;
101;1519;08920;1519;101.08920;CATEGORIA0;;1;1;0;1;;SUPORTE BARRA ESTABILIZADORA;SUPORTE BARRA ESTABILIZADORA;0;;
101;1519;08925;1519;101.08925;CATEGORIA0;;1;1;0;1;;BARRA INTERMÉDIA DE DIREÇÃO;BARRA INTERMÉDIA DE DIREÇÃO;0;;
101;1519;08928;1519;101.08928;CATEGORIA0;;1;1;0;1;;JUNTA DA HASTE DE VÁLVULA;JUNTA DA HASTE DE VÁLVULA;0;;
101;1519;08929;1519;101.08929;CATEGORIA0;;1;1;0;1;;TAMPA PROTETORA CONTRA PÓ;TAMPA PROTETORA CONTRA PÓ;0;;
101;1519;08931;1519;101.08931;CATEGORIA0;;1;1;0;1;;RETENTOR DO VEIO;RETENTOR DO VEIO;0;;
101;1519;08932;1519;101.08932;CATEGORIA0;;1;1;0;1;;JUNTA FLEXÍVEL;JUNTA FLEXÍVEL;0;;
101;1519;08933;1519;101.08933;CATEGORIA0;;1;1;0;1;;PARAFUSO TENSOR;PARAFUSO TENSOR;0;;
101;1519;08934;1519;101.08934;CATEGORIA0;;1;1;0;1;;PEÇA DE APERTO;PEÇA DE APERTO;0;;
101;1519;08937;1519;101.08937;CATEGORIA0;;1;1;0;1;;RETENTOR PARA PENEIRO DO ÓLEO;RETENTOR PARA PENEIRO DO ÓLEO;0;;
101;1519;08940;1519;101.08940;CATEGORIA0;;1;1;0;1;;APOIO DA BARRA TRANSVERSAL;APOIO DA BARRA TRANSVERSAL;0;;
101;1519;08941;1519;101.08941;CATEGORIA0;;1;1;0;1;;JOGO SUPORTE DE ESTABILIZADOR;JOGO SUPORTE DE ESTABILIZADOR;0;;
101;1519;08942;1519;101.08942;CATEGORIA0;;1;1;0;1;;JOGO SUPORTE DE ESTABILIZADOR;JOGO SUPORTE DE ESTABILIZADOR;0;;
101;1519;08943;1519;101.08943;CATEGORIA0;;1;1;0;1;;CASQUILHO DA BARRA ESTABILIZADORA;CASQUILHO DA BARRA ESTABILIZADORA;0;;
101;1519;08944;1519;101.08944;CATEGORIA0;;1;1;0;1;;CASQUILHO DA BARRA ESTABILIZADORA;CASQUILHO DA BARRA ESTABILIZADORA;0;;
101;1519;08945;1519;101.08945;CATEGORIA0;;1;1;0;1;;CASQUILHO DO BRAÇO OSCILANTE;CASQUILHO DO BRAÇO OSCILANTE;0;;
101;1519;08946;1519;101.08946;CATEGORIA0;;1;1;0;1;;CASQUILHO DO BRAÇO OSCILANTE;CASQUILHO DO BRAÇO OSCILANTE;0;;
101;1519;08949;1519;101.08949;CATEGORIA0;;1;1;0;1;;CUBO DA RODA;CUBO DA RODA;0;;
101;1519;08950;1519;101.08950;CATEGORIA0;;1;1;0;1;;ROLAMENTO DE RODA;ROLAMENTO DE RODA;0;;
101;1519;08954;1519;101.08954;CATEGORIA0;;1;1;0;1;;PORCA COM COLAR;PORCA COM COLAR;0;;
101;1519;08955;1519;101.08955;CATEGORIA0;;1;1;0;1;;SUPORTE DO DISPOSITIVO AMORTECEDOR;SUPORTE DO DISPOSITIVO AMORTECEDOR;0;;
101;1519;08956;1519;101.08956;CATEGORIA0;;1;1;0;1;;FILTRO DE TRANSMISSÃO;FILTRO DE TRANSMISSÃO;0;;
101;1519;08957;1519;101.08957;CATEGORIA0;;1;1;0;1;;JOGO DE REP. TIRANTE DO EIXO;JOGO DE REP. TIRANTE DO EIXO;0;;
101;1519;08958;1519;101.08958;CATEGORIA0;;1;1;0;1;;JOGO DE REP. BARRA DE DIREÇÃO EM TRIÂNGULO;JOGO DE REP. BARRA DE DIREÇÃO EM TRIÂNGULO;0;;
101;1519;08959;1519;101.08959;CATEGORIA0;;1;1;0;1;;JOGO DE REP. BARRA DE DIREÇÃO EM TRIÂNGULO;JOGO DE REP. BARRA DE DIREÇÃO EM TRIÂNGULO;0;;
101;1519;08960;1519;101.08960;CATEGORIA0;;1;1;0;1;;APOIO DO TIRANTE DO EIXO;APOIO DO TIRANTE DO EIXO;0;;
101;1519;08961;1519;101.08961;CATEGORIA0;;1;1;0;1;;APOIO DO TIRANTE DO EIXO;APOIO DO TIRANTE DO EIXO;0;;
101;1519;08964;1519;101.08964;CATEGORIA0;;1;1;0;1;;CONJUNTO DE APOIOS DE VEIO DE RESSALTO DE TRAVAGEM;CONJUNTO DE APOIOS DE VEIO DE RESSALTO DE TRAVAGEM;0;;
101;1519;08965;1519;101.08965;CATEGORIA0;;1;1;0;1;;SUPORTE DO DISPOSITIVO AMORTECEDOR;SUPORTE DO DISPOSITIVO AMORTECEDOR;0;;
101;1519;08966;1519;101.08966;CATEGORIA0;;1;1;0;1;;MOLA DO CALÇO DE TRAVÃO;MOLA DO CALÇO DE TRAVÃO;0;;
101;1519;08967;1519;101.08967;CATEGORIA0;;1;1;0;1;;MOLA DO CALÇO DE TRAVÃO;MOLA DO CALÇO DE TRAVÃO;0;;
101;1519;08969;1519;101.08969;CATEGORIA0;;1;1;0;1;;JUNTA DA HASTE DE VÁLVULA;JUNTA DA HASTE DE VÁLVULA;0;;
101;1519;08971;1519;101.08971;CATEGORIA0;;1;1;0;1;;ÓLEO PARA TRANSMISSÃO AUTOMÁTICA (ATF);ÓLEO PARA TRANSMISSÃO AUTOMÁTICA (ATF);0;;
101;1519;08971+;1519;8971;CATEGORIA0;;1;1;0;1;;ÓLEO DIREC. ASSIST. VERMELHO 1L;ÓLEO DIREC. ASSIST. VERMELHO 1L;0;;
101;1519;08972;1519;101.08972;CATEGORIA0;;1;1;0;1;;ÓLEO PARA DIREÇÃO ASSISTIDA;ÓLEO PARA DIREÇÃO ASSISTIDA;0;;
101;1519;08974;1519;101.08974;CATEGORIA0;;1;1;0;1;;APOIO DE TRANSMISSÃO;APOIO DE TRANSMISSÃO;0;;
101;1519;08993;1519;101.08993;CATEGORIA0;;1;1;0;1;;FILTRO DE TRANSMISSÃO;FILTRO DE TRANSMISSÃO;0;;
101;1519;08994;1519;101.08994;CATEGORIA0;;1;1;0;1;;JUNTA DO CÁRTER INFERIOR;JUNTA DO CÁRTER INFERIOR;0;;
101;1519;09000;1519;101.09000;CATEGORIA0;;1;1;0;1;;APOIO DO AMORTECEDOR;APOIO DO AMORTECEDOR;0;;
101;1519;09001;1519;101.09001;CATEGORIA0;;1;1;0;1;;BRAÇO DE SUSPENSÃO;BRAÇO DE SUSPENSÃO;0;;
101;1519;09002;1519;101.09002;CATEGORIA0;;1;1;0;1;;BRAÇO DE SUSPENSÃO;BRAÇO DE SUSPENSÃO;0;;
101;1519;09004;1519;101.09004;CATEGORIA0;;1;1;0;1;;ROLAMENTO DE RODA;ROLAMENTO DE RODA;0;;
101;1519;09005;1519;101.09005;CATEGORIA0;;1;1;0;1;;CONJUNTO DE CASQUILHOS DO BRAÇO DE SUSPENSÃO;CONJUNTO DE CASQUILHOS DO BRAÇO DE SUSPENSÃO;0;;
101;1519;09008;1519;101.09008;CATEGORIA0;;1;1;0;1;;RÓTULA;RÓTULA;0;;
101;1519;09009;1519;101.09009;CATEGORIA0;;1;1;0;1;;RÓTULA;RÓTULA;0;;
101;1519;09011;1519;101.09011;CATEGORIA0;;1;1;0;1;;RETENTOR DO VEIO;RETENTOR DO VEIO;0;;
101;1519;09012;1519;101.09012;CATEGORIA0;;1;1;0;1;;RETENTOR DO VEIO;RETENTOR DO VEIO;0;;
101;1519;09015;1519;101.09015;CATEGORIA0;;1;1;0;1;;ROLAMENTO DE ESFERAS;ROLAMENTO DE ESFERAS;0;;
101;1519;09016;1519;101.09016;CATEGORIA0;;1;1;0;1;;CONJUNTO DE APOIOS DE CARGA DO AMORTECEDOR;CONJUNTO DE APOIOS DE CARGA DO AMORTECEDOR;0;;
101;1519;09018;1519;101.09018;CATEGORIA0;;1;1;0;1;;BOMBA DE ÁGUA;BOMBA DE ÁGUA;0;;
101;1519;09019;1519;101.09019;CATEGORIA0;;1;1;0;1;;CASQUILHO DA BARRA ESTABILIZADORA;CASQUILHO DA BARRA ESTABILIZADORA;0;;
101;1519;09020;1519;101.09020;CATEGORIA0;;1;1;0;1;;SUPORTE DO DISPOSITIVO AMORTECEDOR;SUPORTE DO DISPOSITIVO AMORTECEDOR;0;;
101;1519;09021;1519;101.09021;CATEGORIA0;;1;1;0;1;;BOMBA DE ÁGUA;BOMBA DE ÁGUA;0;;
101;1519;09023;1519;101.09023;CATEGORIA0;;1;1;0;1;;BOMBA DE ÁGUA;BOMBA DE ÁGUA;0;;
101;1519;09024;1519;101.09024;CATEGORIA0;;1;1;0;1;;BOMBA DE ÁGUA;BOMBA DE ÁGUA;0;;
101;1519;09025;1519;101.09025;CATEGORIA0;;1;1;0;1;;BOMBA DE ÁGUA;BOMBA DE ÁGUA;0;;
101;1519;09027;1519;101.09027;CATEGORIA0;;1;1;0;1;;BOMBA DE ÁGUA;BOMBA DE ÁGUA;0;;
101;1519;09029;1519;101.09029;CATEGORIA0;;1;1;0;1;;POLIE DE TRAVÃO;POLIE DE TRAVÃO;0;;
101;1519;09032;1519;101.09032;CATEGORIA0;;1;1;0;1;;CILINDRO DO TRAVÃO DE RODA;CILINDRO DO TRAVÃO DE RODA;0;;
101;1519;09035;1519;101.09035;CATEGORIA0;;1;1;0;1;;CILINDRO DO TRAVÃO DE RODA;CILINDRO DO TRAVÃO DE RODA;0;;
101;1519;09036;1519;101.09036;CATEGORIA0;;1;1;0;1;;CILINDRO DO TRAVÃO DE RODA;CILINDRO DO TRAVÃO DE RODA;0;;
101;1519;09037;1519;101.09037;CATEGORIA0;;1;1;0;1;;TUBO DE TRAVÃO;TUBO DE TRAVÃO;0;;
101;1519;09042;1519;101.09042;CATEGORIA0;;1;1;0;1;;AMORTECEDOR DE FECHO;AMORTECEDOR DE FECHO;0;;
101;1519;09044;1519;101.09044;CATEGORIA0;;1;1;0;1;;APOIO DE TRANSMISSÃO;APOIO DE TRANSMISSÃO;0;;
101;1519;09045;1519;101.09045;CATEGORIA0;;1;1;0;1;;APOIO DE TRANSMISSÃO;APOIO DE TRANSMISSÃO;0;;
101;1519;09046;1519;101.09046;CATEGORIA0;;1;1;0;1;;APOIO DE TRANSMISSÃO;APOIO DE TRANSMISSÃO;0;;
101;1519;09047;1519;101.09047;CATEGORIA0;;1;1;0;1;;APOIO DA BARRA TRANSVERSAL;APOIO DA BARRA TRANSVERSAL;0;;
101;1519;09049;1519;101.09049;CATEGORIA0;;1;1;0;1;;CABO DE TRAVÃO;CABO DE TRAVÃO;0;;
101;1519;09050;1519;101.09050;CATEGORIA0;;1;1;0;1;;CABO DE TRAVÃO;CABO DE TRAVÃO;0;;
101;1519;09054;1519;101.09054;CATEGORIA0;;1;1;0;1;;APOIO DA BARRA TRANSVERSAL;APOIO DA BARRA TRANSVERSAL;0;;
101;1519;09055;1519;101.09055;CATEGORIA0;;1;1;0;1;;CASQUILHO DO BRAÇO OSCILANTE;CASQUILHO DO BRAÇO OSCILANTE;0;;
101;1519;09056;1519;101.09056;CATEGORIA0;;1;1;0;1;;CASQUILHO DO BRAÇO OSCILANTE;CASQUILHO DO BRAÇO OSCILANTE;0;;
101;1519;09057;1519;101.09057;CATEGORIA0;;1;1;0;1;;SUPORTE DO DISPOSITIVO AMORTECEDOR;SUPORTE DO DISPOSITIVO AMORTECEDOR;0;;
101;1519;09058;1519;101.09058;CATEGORIA0;;1;1;0;1;;CASQUILHO DO BRAÇO OSCILANTE;CASQUILHO DO BRAÇO OSCILANTE;0;;
101;1519;09060;1519;101.09060;CATEGORIA0;;1;1;0;1;;CASQUILHO DO BRAÇO OSCILANTE;CASQUILHO DO BRAÇO OSCILANTE;0;;
101;1519;09070;1519;101.09070;CATEGORIA0;;1;1;0;1;;CASQUILHO DO BRAÇO OSCILANTE;CASQUILHO DO BRAÇO OSCILANTE;0;;
101;1519;09071;1519;101.09071;CATEGORIA0;;1;1;0;1;;DISCO DE TRAVÃO;DISCO DE TRAVÃO;0;;
101;1519;09072;1519;101.09072;CATEGORIA0;;1;1;0;1;;DISCO DE TRAVÃO;DISCO DE TRAVÃO;0;;
101;1519;09073;1519;101.09073;CATEGORIA0;;1;1;0;1;;DISCO DE TRAVÃO;DISCO DE TRAVÃO;0;;
101;1519;09074;1519;101.09074;CATEGORIA0;;1;1;0;1;;DISCO DE TRAVÃO;DISCO DE TRAVÃO;0;;
101;1519;09075;1519;101.09075;CATEGORIA0;;1;1;0;1;;DISCO DE TRAVÃO;DISCO DE TRAVÃO;0;;
101;1519;09076;1519;101.09076;CATEGORIA0;;1;1;0;1;;DISCO DE TRAVÃO;DISCO DE TRAVÃO;0;;
101;1519;09077;1519;101.09077;CATEGORIA0;;1;1;0;1;;DISCO DE TRAVÃO;DISCO DE TRAVÃO;0;;
101;1519;09078;1519;101.09078;CATEGORIA0;;1;1;0;1;;DISCO DE TRAVÃO;DISCO DE TRAVÃO;0;;
101;1519;09079;1519;101.09079;CATEGORIA0;;1;1;0;1;;DISCO DE TRAVÃO;DISCO DE TRAVÃO;0;;
101;1519;09086;1519;101.09086;CATEGORIA0;;1;1;0;1;;CASQUILHO DO BRAÇO OSCILANTE;CASQUILHO DO BRAÇO OSCILANTE;0;;
101;1519;09087;1519;101.09087;CATEGORIA0;;1;1;0;1;;CASQUILHO DO BRAÇO OSCILANTE;CASQUILHO DO BRAÇO OSCILANTE;0;;
101;1519;09088;1519;101.09088;CATEGORIA0;;1;1;0;1;;MOTOR DE ESGUICHO;MOTOR DE ESGUICHO;0;;
101;1519;09089;1519;101.09089;CATEGORIA0;;1;1;0;1;;MOTOR DE ESGUICHO;MOTOR DE ESGUICHO;0;;
101;1519;09093;1519;101.09093;CATEGORIA0;;1;1;0;1;;SUPORTE BARRA ESTABILIZADORA;SUPORTE BARRA ESTABILIZADORA;0;;
101;1519;09095;1519;101.09095;CATEGORIA0;;1;1;0;1;;SUPORTE DA BARRA DE JUNÇÃO;SUPORTE DA BARRA DE JUNÇÃO;0;;
101;1519;09099;1519;101.09099;CATEGORIA0;;1;1;0;1;;DISCO DE TRAVÃO;DISCO DE TRAVÃO;0;;
101;1519;09100;1519;101.09100;CATEGORIA0;;1;1;0;1;;AMORTECEDOR DE CABINA;AMORTECEDOR DE CABINA;0;;
101;1519;09101;1519;101.09101;CATEGORIA0;;1;1;0;1;;DISCO DE TRAVÃO;DISCO DE TRAVÃO;0;;
101;1519;09102;1519;101.09102;CATEGORIA0;;1;1;0;1;;DISCO DE TRAVÃO;DISCO DE TRAVÃO;0;;
101;1519;09103;1519;101.09103;CATEGORIA0;;1;1;0;1;;JUNTA DE TAMPA DE VÁLVULAS;JUNTA DE TAMPA DE VÁLVULAS;0;;
101;1519;09104;1519;101.09104;CATEGORIA0;;1;1;0;1;;JOGO DE REP. VÁLVULA DE LÂMINAS;JOGO DE REP. VÁLVULA DE LÂMINAS;0;;
101;1519;09105;1519;101.09105;CATEGORIA0;;1;1;0;1;;JOGO DE REP. VÁLVULA DE LÂMINAS;JOGO DE REP. VÁLVULA DE LÂMINAS;0;;
101;1519;09107;1519;101.09107;CATEGORIA0;;1;1;0;1;;BOMBA DE ÁGUA;BOMBA DE ÁGUA;0;;
101;1519;09108;1519;101.09108;CATEGORIA0;;1;1;0;1;;BOMBA DE ÁGUA;BOMBA DE ÁGUA;0;;
101;1519;09109;1519;101.09109;CATEGORIA0;;1;1;0;1;;TUBO DE TRAVÃO;TUBO DE TRAVÃO;0;;
101;1519;09113;1519;101.09113;CATEGORIA0;;1;1;0;1;;CABEÇA DE DIREÇÃO EXTERIOR;CABEÇA DE DIREÇÃO EXTERIOR;0;;
101;1519;09115;1519;101.09115;CATEGORIA0;;1;1;0;1;;CABEÇA DE DIREÇÃO EXTERIOR;CABEÇA DE DIREÇÃO EXTERIOR;0;;
101;1519;09116;1519;101.09116;CATEGORIA0;;1;1;0;1;;PORCA TENSORA;PORCA TENSORA;0;;
101;1519;09118;1519;101.09118;CATEGORIA0;;1;1;0;1;;CASQUILHO DO BRAÇO OSCILANTE;CASQUILHO DO BRAÇO OSCILANTE;0;;
101;1519;09119;1519;101.09119;CATEGORIA0;;1;1;0;1;;CASQUILHO DO BRAÇO OSCILANTE;CASQUILHO DO BRAÇO OSCILANTE;0;;
101;1519;09120;1519;101.09120;CATEGORIA0;;1;1;0;1;;CASQUILHO DA MOLA DE SUSPENSÃO;CASQUILHO DA MOLA DE SUSPENSÃO;0;;
101;1519;09122;1519;101.09122;CATEGORIA0;;1;1;0;1;;SUPORTE DO DISPOSITIVO AMORTECEDOR;SUPORTE DO DISPOSITIVO AMORTECEDOR;0;;
101;1519;09124;1519;101.09124;CATEGORIA0;;1;1;0;1;;RETENTOR DA CAMBOTA;RETENTOR DA CAMBOTA;0;;
101;1519;09126;1519;101.09126;CATEGORIA0;;1;1;0;1;;COXIM DE MOLA;COXIM DE MOLA;0;;
101;1519;09127;1519;101.09127;CATEGORIA0;;1;1;0;1;;PARAFUSO DA CABEÇA DO MOTOR;PARAFUSO DA CABEÇA DO MOTOR;0;;
101;1519;09128;1519;101.09128;CATEGORIA0;;1;1;0;1;;PARAFUSO DA CABEÇA DO MOTOR;PARAFUSO DA CABEÇA DO MOTOR;0;;
101;1519;09129;1519;101.09129;CATEGORIA0;;1;1;0;1;;JOGO DE REP. VÁLVULA DE LÂMINAS;JOGO DE REP. VÁLVULA DE LÂMINAS;0;;
101;1519;09131;1519;101.09131;CATEGORIA0;;1;1;0;1;;SENSOR DE DESGASTE;SENSOR DE DESGASTE;0;;
101;1519;09137;1519;101.09137;CATEGORIA0;;1;1;0;1;;CASQUILHO DO BRAÇO OSCILANTE;CASQUILHO DO BRAÇO OSCILANTE;0;;
101;1519;09142;1519;101.09142;CATEGORIA0;;1;1;0;1;;APOIO DA BARRA TRANSVERSAL;APOIO DA BARRA TRANSVERSAL;0;;
101;1519;09143;1519;101.09143;CATEGORIA0;;1;1;0;1;;APOIO DA BARRA TRANSVERSAL;APOIO DA BARRA TRANSVERSAL;0;;
101;1519;09145;1519;101.09145;CATEGORIA0;;1;1;0;1;;CASQUILHO DO BRAÇO OSCILANTE;CASQUILHO DO BRAÇO OSCILANTE;0;;
101;1519;09146;1519;101.09146;CATEGORIA0;;1;1;0;1;;CASQUILHO DO BRAÇO OSCILANTE;CASQUILHO DO BRAÇO OSCILANTE;0;;
101;1519;09151;1519;101.09151;CATEGORIA0;;1;1;0;1;;APOIO DE MOTOR;APOIO DE MOTOR;0;;
101;1519;09152;1519;101.09152;CATEGORIA0;;1;1;0;1;;APOIO DE MOTOR;APOIO DE MOTOR;0;;
101;1519;09153;1519;101.09153;CATEGORIA0;;1;1;0;1;;APOIO DE MOTOR;APOIO DE MOTOR;0;;
101;1519;09154;1519;101.09154;CATEGORIA0;;1;1;0;1;;APOIO DE MOTOR;APOIO DE MOTOR;0;;
101;1519;09156;1519;101.09156;CATEGORIA0;;1;1;0;1;;BRAÇO DE SUSPENSÃO;BRAÇO DE SUSPENSÃO;0;;
101;1519;09157;1519;101.09157;CATEGORIA0;;1;1;0;1;;BRAÇO DE SUSPENSÃO;BRAÇO DE SUSPENSÃO;0;;
101;1519;09158;1519;101.09158;CATEGORIA0;;1;1;0;1;;BRAÇO DE DIREÇÃO;BRAÇO DE DIREÇÃO;0;;
101;1519;09159;1519;101.09159;CATEGORIA0;;1;1;0;1;;BARRA INTERMÉDIA DE DIREÇÃO;BARRA INTERMÉDIA DE DIREÇÃO;0;;
101;1519;09160;1519;101.09160;CATEGORIA0;;1;1;0;1;;BARRA DE DESLIZE;BARRA DE DESLIZE;0;;
101;1519;09161;1519;101.09161;CATEGORIA0;;1;1;0;1;;BARRA DE DESLIZE;BARRA DE DESLIZE;0;;
101;1519;09162;1519;101.09162;CATEGORIA0;;1;1;0;1;;BARRA DE DESLIZE;BARRA DE DESLIZE;0;;
101;1519;09163;1519;101.09163;CATEGORIA0;;1;1;0;1;;BARRA DE DESLIZE;BARRA DE DESLIZE;0;;
101;1519;09164;1519;101.09164;CATEGORIA0;;1;1;0;1;;BARRA DE DESLIZE;BARRA DE DESLIZE;0;;
101;1519;09165;1519;101.09165;CATEGORIA0;;1;1;0;1;;BARRA DE DESLIZE;BARRA DE DESLIZE;0;;
101;1519;09166;1519;101.09166;CATEGORIA0;;1;1;0;1;;BARRA DE DESLIZE;BARRA DE DESLIZE;0;;
101;1519;09167;1519;101.09167;CATEGORIA0;;1;1;0;1;;BARRA DE DESLIZE;BARRA DE DESLIZE;0;;
101;1519;09168;1519;101.09168;CATEGORIA0;;1;1;0;1;;CONJUNTO DE CASQUILHOS DO BRAÇO DE SUSPENSÃO;CONJUNTO DE CASQUILHOS DO BRAÇO DE SUSPENSÃO;0;;
101;1519;09180;1519;101.09180;CATEGORIA0;;1;1;0;1;;ROLAMENTO DE ESFERAS;ROLAMENTO DE ESFERAS;0;;
101;1519;09181;1519;101.09181;CATEGORIA0;;1;1;0;1;;SUPORTE DO DISPOSITIVO AMORTECEDOR;SUPORTE DO DISPOSITIVO AMORTECEDOR;0;;
101;1519;09186;1519;101.09186;CATEGORIA0;;1;1;0;1;;FILTRO DE HABITÁCULO;FILTRO DE HABITÁCULO;0;;
101;1519;09187;1519;101.09187;CATEGORIA0;;1;1;0;1;;FILTRO DE HABITÁCULO;FILTRO DE HABITÁCULO;0;;
101;1519;09188;1519;101.09188;CATEGORIA0;;1;1;0;1;;SUPORTE DO DISPOSITIVO AMORTECEDOR;SUPORTE DO DISPOSITIVO AMORTECEDOR;0;;
101;1519;09189;1519;101.09189;CATEGORIA0;;1;1;0;1;;CONJUNTO DE CASQUILHOS DO BRAÇO DE SUSPENSÃO;CONJUNTO DE CASQUILHOS DO BRAÇO DE SUSPENSÃO;0;;
101;1519;09190;1519;101.09190;CATEGORIA0;;1;1;0;1;;CASQUILHO DO BRAÇO OSCILANTE;CASQUILHO DO BRAÇO OSCILANTE;0;;
101;1519;09191;1519;101.09191;CATEGORIA0;;1;1;0;1;;CASQUILHO DA MOLA DE SUSPENSÃO;CASQUILHO DA MOLA DE SUSPENSÃO;0;;
101;1519;09194;1519;101.09194;CATEGORIA0;;1;1;0;1;;CONTRAFIXA DIAGONAL;CONTRAFIXA DIAGONAL;0;;
101;1519;09195;1519;101.09195;CATEGORIA0;;1;1;0;1;;JUNTA;JUNTA;0;;
101;1519;09197;1519;101.09197;CATEGORIA0;;1;1;0;1;;BOMBA DE ÁGUA;BOMBA DE ÁGUA;0;;
101;1519;09198;1519;101.09198;CATEGORIA0;;1;1;0;1;;JOGO DE REP. BOMBA DE ÁGUA;JOGO DE REP. BOMBA DE ÁGUA;0;;
101;1519;09199;1519;101.09199;CATEGORIA0;;1;1;0;1;;SUPORTE DE BORRACHA PARA ESCAPE;SUPORTE DE BORRACHA PARA ESCAPE;0;;
101;1519;09200;1519;101.09200;CATEGORIA0;;1;1;0;1;;SUPORTE DE BORRACHA PARA ESCAPE;SUPORTE DE BORRACHA PARA ESCAPE;0;;
101;1519;09203;1519;101.09203;CATEGORIA0;;1;1;0;1;;JUNTA FLEXÍVEL;JUNTA FLEXÍVEL;0;;
101;1519;09206;1519;101.09206;CATEGORIA0;;1;1;0;1;;SUPORTE BARRA ESTABILIZADORA;SUPORTE BARRA ESTABILIZADORA;0;;
101;1519;09207;1519;101.09207;CATEGORIA0;;1;1;0;1;;CASQUILHO DA BARRA ESTABILIZADORA;CASQUILHO DA BARRA ESTABILIZADORA;0;;
101;1519;09209;1519;101.09209;CATEGORIA0;;1;1;0;1;;CASQUILHO DO BRAÇO OSCILANTE;CASQUILHO DO BRAÇO OSCILANTE;0;;
101;1519;09210;1519;101.09210;CATEGORIA0;;1;1;0;1;;CASQUILHO DA BARRA ESTABILIZADORA;CASQUILHO DA BARRA ESTABILIZADORA;0;;
101;1519;09212;1519;101.09212;CATEGORIA0;;1;1;0;1;;CASQUILHO DA ÁRVORE DO TRAVÃO;CASQUILHO DA ÁRVORE DO TRAVÃO;0;;
101;1519;09213;1519;101.09213;CATEGORIA0;;1;1;0;1;;CASQUILHO DA ÁRVORE DO TRAVÃO;CASQUILHO DA ÁRVORE DO TRAVÃO;0;;
101;1519;09217;1519;101.09217;CATEGORIA0;;1;1;0;1;;SENSOR DE DESGASTE;SENSOR DE DESGASTE;0;;
101;1519;09218;1519;101.09218;CATEGORIA0;;1;1;0;1;;SENSOR DE DESGASTE;SENSOR DE DESGASTE;0;;
101;1519;09219;1519;101.09219;CATEGORIA0;;1;1;0;1;;SUPORTE DA CABINA DO MOTORISTA;SUPORTE DA CABINA DO MOTORISTA;0;;
101;1519;09220;1519;101.09220;CATEGORIA0;;1;1;0;1;;CASQUILHO DA BARRA ESTABILIZADORA;CASQUILHO DA BARRA ESTABILIZADORA;0;;
101;1519;09225;1519;101.09225;CATEGORIA0;;1;1;0;1;;SUPORTE DO DISPOSITIVO AMORTECEDOR;SUPORTE DO DISPOSITIVO AMORTECEDOR;0;;
101;1519;09226;1519;101.09226;CATEGORIA0;;1;1;0;1;;CONJUNTO DE APOIOS DE CARGA DO AMORTECEDOR;CONJUNTO DE APOIOS DE CARGA DO AMORTECEDOR;0;;
101;1519;09227;1519;101.09227;CATEGORIA0;;1;1;0;1;;SUPORTE DO DISPOSITIVO AMORTECEDOR;SUPORTE DO DISPOSITIVO AMORTECEDOR;0;;
101;1519;09228;1519;101.09228;CATEGORIA0;;1;1;0;1;;SUPORTE DO DISPOSITIVO AMORTECEDOR;SUPORTE DO DISPOSITIVO AMORTECEDOR;0;;
101;1519;09230;1519;101.09230;CATEGORIA0;;1;1;0;1;;JOGO DE REP. DO APOIO CENTRAL DO EIXO DE TRANSMISSÃO;JOGO DE REP. DO APOIO CENTRAL DO EIXO DE TRANSMISSÃO;0;;
101;1519;09231;1519;101.09231;CATEGORIA0;;1;1;0;1;;CORRENTE DE DISTRIBUIÇÃO;CORRENTE DE DISTRIBUIÇÃO;0;;
101;1519;09232;1519;101.09232;CATEGORIA0;;1;1;0;1;;CORRENTE DE DISTRIBUIÇÃO;CORRENTE DE DISTRIBUIÇÃO;0;;
101;1519;09234;1519;101.09234;CATEGORIA0;;1;1;0;1;;CORRENTE DE DISTRIBUIÇÃO;CORRENTE DE DISTRIBUIÇÃO;0;;
101;1519;09235;1519;101.09235;CATEGORIA0;;1;1;0;1;;CORRENTE DE DISTRIBUIÇÃO;CORRENTE DE DISTRIBUIÇÃO;0;;
101;1519;09236;1519;101.09236;CATEGORIA0;;1;1;0;1;;CORRENTE DE DISTRIBUIÇÃO;CORRENTE DE DISTRIBUIÇÃO;0;;
101;1519;09237;1519;101.09237;CATEGORIA0;;1;1;0;1;;CORRENTE;CORRENTE;0;;
101;1519;09238;1519;101.09238;CATEGORIA0;;1;1;0;1;;CORRENTE DE DISTRIBUIÇÃO;CORRENTE DE DISTRIBUIÇÃO;0;;
101;1519;09239;1519;101.09239;CATEGORIA0;;1;1;0;1;;CORRENTE;CORRENTE;0;;
101;1519;09240;1519;101.09240;CATEGORIA0;;1;1;0;1;;CORRENTE DE DISTRIBUIÇÃO;CORRENTE DE DISTRIBUIÇÃO;0;;
101;1519;09241;1519;101.09241;CATEGORIA0;;1;1;0;1;;CORRENTE DE DISTRIBUIÇÃO;CORRENTE DE DISTRIBUIÇÃO;0;;
101;1519;09242;1519;101.09242;CATEGORIA0;;1;1;0;1;;CORRENTE DE DISTRIBUIÇÃO;CORRENTE DE DISTRIBUIÇÃO;0;;
101;1519;09243;1519;101.09243;CATEGORIA0;;1;1;0;1;;CORRENTE DE DISTRIBUIÇÃO;CORRENTE DE DISTRIBUIÇÃO;0;;
101;1519;09244;1519;101.09244;CATEGORIA0;;1;1;0;1;;CORRENTE DE DISTRIBUIÇÃO;CORRENTE DE DISTRIBUIÇÃO;0;;
101;1519;09245;1519;101.09245;CATEGORIA0;;1;1;0;1;;CORRENTE DE DISTRIBUIÇÃO;CORRENTE DE DISTRIBUIÇÃO;0;;
101;1519;09247;1519;101.09247;CATEGORIA0;;1;1;0;1;;CORRENTE DE DISTRIBUIÇÃO;CORRENTE DE DISTRIBUIÇÃO;0;;
101;1519;09248;1519;101.09248;CATEGORIA0;;1;1;0;1;;CORRENTE;CORRENTE;0;;
101;1519;09249;1519;101.09249;CATEGORIA0;;1;1;0;1;;CORRENTE DE DISTRIBUIÇÃO;CORRENTE DE DISTRIBUIÇÃO;0;;
101;1519;09250;1519;101.09250;CATEGORIA0;;1;1;0;1;;CORRENTE DE DISTRIBUIÇÃO;CORRENTE DE DISTRIBUIÇÃO;0;;
101;1519;09251;1519;101.09251;CATEGORIA0;;1;1;0;1;;CORRENTE DE DISTRIBUIÇÃO;CORRENTE DE DISTRIBUIÇÃO;0;;
101;1519;09252;1519;101.09252;CATEGORIA0;;1;1;0;1;;CORRENTE DE DISTRIBUIÇÃO;CORRENTE DE DISTRIBUIÇÃO;0;;
101;1519;09253;1519;101.09253;CATEGORIA0;;1;1;0;1;;CALÇO DE TRAVÃO;CALÇO DE TRAVÃO;0;;
101;1519;09254;1519;101.09254;CATEGORIA0;;1;1;0;1;;CALÇO DE TRAVÃO;CALÇO DE TRAVÃO;0;;
101;1519;09255;1519;101.09255;CATEGORIA0;;1;1;0;1;;BOMBA DE ÁGUA;BOMBA DE ÁGUA;0;;
101;1519;09257;1519;101.09257;CATEGORIA0;;1;1;0;1;;BOMBA DE ÁGUA;BOMBA DE ÁGUA;0;;
101;1519;09258;1519;101.09258;CATEGORIA0;;1;1;0;1;;BOMBA DE ÁGUA;BOMBA DE ÁGUA;0;;
101;1519;09260;1519;101.09260;CATEGORIA0;;1;1;0;1;;BOMBA DE ÁGUA;BOMBA DE ÁGUA;0;;
101;1519;09261;1519;101.09261;CATEGORIA0;;1;1;0;1;;BOMBA DE ÁGUA;BOMBA DE ÁGUA;0;;
101;1519;09262;1519;101.09262;CATEGORIA0;;1;1;0;1;;BOMBA DE ÁGUA;BOMBA DE ÁGUA;0;;
101;1519;09263;1519;101.09263;CATEGORIA0;;1;1;0;1;;CORRENTE DE DISTRIBUIÇÃO;CORRENTE DE DISTRIBUIÇÃO;0;;
101;1519;09267;1519;101.09267;CATEGORIA0;;1;1;0;1;;JOGO DE JUNTAS;JOGO DE JUNTAS;0;;
101;1519;09268;1519;101.09268;CATEGORIA0;;1;1;0;1;;CORRENTE;CORRENTE;0;;
101;1519;09271;1519;101.09271;CATEGORIA0;;1;1;0;1;;CORRENTE DE DISTRIBUIÇÃO;CORRENTE DE DISTRIBUIÇÃO;0;;
101;1519;09272;1519;101.09272;CATEGORIA0;;1;1;0;1;;CORRENTE DE DISTRIBUIÇÃO;CORRENTE DE DISTRIBUIÇÃO;0;;
101;1519;09273;1519;101.09273;CATEGORIA0;;1;1;0;1;;CORRENTE DE DISTRIBUIÇÃO;CORRENTE DE DISTRIBUIÇÃO;0;;
101;1519;09275;1519;101.09275;CATEGORIA0;;1;1;0;1;;CORRENTE DE DISTRIBUIÇÃO;CORRENTE DE DISTRIBUIÇÃO;0;;
101;1519;09276;1519;101.09276;CATEGORIA0;;1;1;0;1;;CORRENTE DE DISTRIBUIÇÃO;CORRENTE DE DISTRIBUIÇÃO;0;;
101;1519;09277;1519;101.09277;CATEGORIA0;;1;1;0;1;;CORRENTE DE DISTRIBUIÇÃO;CORRENTE DE DISTRIBUIÇÃO;0;;
101;1519;09278;1519;101.09278;CATEGORIA0;;1;1;0;1;;CORRENTE;CORRENTE;0;;
101;1519;09279;1519;101.09279;CATEGORIA0;;1;1;0;1;;CORRENTE;CORRENTE;0;;
101;1519;09280;1519;101.09280;CATEGORIA0;;1;1;0;1;;ELO DA CORRENTE;ELO DA CORRENTE;0;;
101;1519;09281;1519;101.09281;CATEGORIA0;;1;1;0;1;;ELO DA CORRENTE;ELO DA CORRENTE;0;;
101;1519;09282;1519;101.09282;CATEGORIA0;;1;1;0;1;;APOIO DE MOTOR;APOIO DE MOTOR;0;;
101;1519;09283;1519;101.09283;CATEGORIA0;;1;1;0;1;;BARRA INTERMÉDIA DE DIREÇÃO;BARRA INTERMÉDIA DE DIREÇÃO;0;;
101;1519;09284;1519;101.09284;CATEGORIA0;;1;1;0;1;;COXIM DE MOLA;COXIM DE MOLA;0;;
101;1519;09285;1519;101.09285;CATEGORIA0;;1;1;0;1;;COXIM DE MOLA;COXIM DE MOLA;0;;
101;1519;09286;1519;101.09286;CATEGORIA0;;1;1;0;1;;COXIM DE MOLA;COXIM DE MOLA;0;;
101;1519;09287;1519;101.09287;CATEGORIA0;;1;1;0;1;;COXIM DE MOLA;COXIM DE MOLA;0;;
101;1519;09288;1519;101.09288;CATEGORIA0;;1;1;0;1;;COXIM DE MOLA;COXIM DE MOLA;0;;
101;1519;09298;1519;101.09298;CATEGORIA0;;1;1;0;1;;PINO DA RODA;PINO DA RODA;0;;
101;1519;09299;1519;101.09299;CATEGORIA0;;1;1;0;1;;MOTOR DE ESGUICHO;MOTOR DE ESGUICHO;0;;
101;1519;09300;1519;101.09300;CATEGORIA0;;1;1;0;1;;BRAÇADEIRA TUBULAR;BRAÇADEIRA TUBULAR;0;;
101;1519;09301;1519;101.09301;CATEGORIA0;;1;1;0;1;;BRAÇADEIRA TUBULAR;BRAÇADEIRA TUBULAR;0;;
101;1519;09302;1519;101.09302;CATEGORIA0;;1;1;0;1;;BRAÇADEIRA TUBULAR;BRAÇADEIRA TUBULAR;0;;
101;1519;09307;1519;101.09307;CATEGORIA0;;1;1;0;1;;JUNTA FLEXÍVEL;JUNTA FLEXÍVEL;0;;
101;1519;09308;1519;101.09308;CATEGORIA0;;1;1;0;1;;BARRA INTERMÉDIA DE DIREÇÃO;BARRA INTERMÉDIA DE DIREÇÃO;0;;
101;1519;09309;1519;101.09309;CATEGORIA0;;1;1;0;1;;BARRA INTERMÉDIA DE DIREÇÃO;BARRA INTERMÉDIA DE DIREÇÃO;0;;
101;1519;09311;1519;101.09311;CATEGORIA0;;1;1;0;1;;BARRA INTERMÉDIA DE DIREÇÃO;BARRA INTERMÉDIA DE DIREÇÃO;0;;
101;1519;09313;1519;101.09313;CATEGORIA0;;1;1;0;1;;BARRA INTERMÉDIA DE DIREÇÃO;BARRA INTERMÉDIA DE DIREÇÃO;0;;
101;1519;09314;1519;101.09314;CATEGORIA0;;1;1;0;1;;BARRA DE ACOPLAMENTO;BARRA DE ACOPLAMENTO;0;;
101;1519;09315;1519;101.09315;CATEGORIA0;;1;1;0;1;;BRAÇO DE SUSPENSÃO;BRAÇO DE SUSPENSÃO;0;;
101;1519;09316;1519;101.09316;CATEGORIA0;;1;1;0;1;;BRAÇO DE SUSPENSÃO;BRAÇO DE SUSPENSÃO;0;;
101;1519;09317;1519;101.09317;CATEGORIA0;;1;1;0;1;;CABEÇA DE DIREÇÃO EXTERIOR;CABEÇA DE DIREÇÃO EXTERIOR;0;;
101;1519;09318;1519;101.09318;CATEGORIA0;;1;1;0;1;;DISCO DE TRAVÃO;DISCO DE TRAVÃO;0;;
101;1519;09319;1519;101.09319;CATEGORIA0;;1;1;0;1;;BOMBA DE ÁGUA;BOMBA DE ÁGUA;0;;
101;1519;09321;1519;101.09321;CATEGORIA0;;1;1;0;1;;CUBO DA RODA;CUBO DA RODA;0;;
101;1519;09322;1519;101.09322;CATEGORIA0;;1;1;0;1;;CUBO DA RODA;CUBO DA RODA;0;;
101;1519;09323;1519;101.09323;CATEGORIA0;;1;1;0;1;;PORCA TENSORA;PORCA TENSORA;0;;
101;1519;09324;1519;101.09324;CATEGORIA0;;1;1;0;1;;TERMÓSTATO;TERMÓSTATO;0;;
101;1519;09325;1519;101.09325;CATEGORIA0;;1;1;0;1;;TERMÓSTATO;TERMÓSTATO;0;;
101;1519;09327;1519;101.09327;CATEGORIA0;;1;1;0;1;;TERMÓSTATO;TERMÓSTATO;0;;
101;1519;09328;1519;101.09328;CATEGORIA0;;1;1;0;1;;TERMÓSTATO;TERMÓSTATO;0;;
101;1519;09335;1519;101.09335;CATEGORIA0;;1;1;0;1;;TERMÓSTATO;TERMÓSTATO;0;;
101;1519;09336;1519;101.09336;CATEGORIA0;;1;1;0;1;;TERMÓSTATO;TERMÓSTATO;0;;
101;1519;09337;1519;101.09337;CATEGORIA0;;1;1;0;1;;TERMÓSTATO;TERMÓSTATO;0;;
101;1519;09339;1519;101.09339;CATEGORIA0;;1;1;0;1;;CORRENTE DE DISTRIBUIÇÃO;CORRENTE DE DISTRIBUIÇÃO;0;;
101;1519;09340;1519;101.09340;CATEGORIA0;;1;1;0;1;;CORRENTE DE DISTRIBUIÇÃO;CORRENTE DE DISTRIBUIÇÃO;0;;
101;1519;09341;1519;101.09341;CATEGORIA0;;1;1;0;1;;CORRENTE DE DISTRIBUIÇÃO;CORRENTE DE DISTRIBUIÇÃO;0;;
101;1519;09342;1519;101.09342;CATEGORIA0;;1;1;0;1;;CORRENTE DE DISTRIBUIÇÃO;CORRENTE DE DISTRIBUIÇÃO;0;;
101;1519;09345;1519;101.09345;CATEGORIA0;;1;1;0;1;;CORRENTE DE DISTRIBUIÇÃO;CORRENTE DE DISTRIBUIÇÃO;0;;
101;1519;09349;1519;101.09349;CATEGORIA0;;1;1;0;1;;CORRENTE;CORRENTE;0;;
101;1519;09360;1519;101.09360;CATEGORIA0;;1;1;0;1;;CORRENTE DE DISTRIBUIÇÃO;CORRENTE DE DISTRIBUIÇÃO;0;;
101;1519;09361;1519;101.09361;CATEGORIA0;;1;1;0;1;;CORRENTE DE DISTRIBUIÇÃO;CORRENTE DE DISTRIBUIÇÃO;0;;
101;1519;09363;1519;101.09363;CATEGORIA0;;1;1;0;1;;CORRENTE DE DISTRIBUIÇÃO;CORRENTE DE DISTRIBUIÇÃO;0;;
101;1519;09364;1519;101.09364;CATEGORIA0;;1;1;0;1;;CORRENTE DE DISTRIBUIÇÃO;CORRENTE DE DISTRIBUIÇÃO;0;;
101;1519;09366;1519;101.09366;CATEGORIA0;;1;1;0;1;;CORRENTE DE DISTRIBUIÇÃO;CORRENTE DE DISTRIBUIÇÃO;0;;
101;1519;09373;1519;101.09373;CATEGORIA0;;1;1;0;1;;CASQUILHO DO BRAÇO OSCILANTE;CASQUILHO DO BRAÇO OSCILANTE;0;;
101;1519;09374;1519;101.09374;CATEGORIA0;;1;1;0;1;;BORRACHA DE ENCOSTO;BORRACHA DE ENCOSTO;0;;
101;1519;09375;1519;101.09375;CATEGORIA0;;1;1;0;1;;JOGO PINO DO EIXO DIANTEIRO;JOGO PINO DO EIXO DIANTEIRO;0;;
101;1519;09377;1519;101.09377;CATEGORIA0;;1;1;0;1;;APOIO DA BARRA TRANSVERSAL;APOIO DA BARRA TRANSVERSAL;0;;
101;1519;09378;1519;101.09378;CATEGORIA0;;1;1;0;1;;SUPORTE DO DISPOSITIVO AMORTECEDOR;SUPORTE DO DISPOSITIVO AMORTECEDOR;0;;
101;1519;09379;1519;101.09379;CATEGORIA0;;1;1;0;1;;SUPORTE DO DISPOSITIVO AMORTECEDOR;SUPORTE DO DISPOSITIVO AMORTECEDOR;0;;
101;1519;09380;1519;101.09380;CATEGORIA0;;1;1;0;1;;CASQUILHO DO BRAÇO OSCILANTE;CASQUILHO DO BRAÇO OSCILANTE;0;;
101;1519;09381;1519;101.09381;CATEGORIA0;;1;1;0;1;;CASQUILHO DO BRAÇO OSCILANTE;CASQUILHO DO BRAÇO OSCILANTE;0;;
101;1519;09383;1519;101.09383;CATEGORIA0;;1;1;0;1;;CILINDRO DO TRAVÃO DE RODA;CILINDRO DO TRAVÃO DE RODA;0;;
101;1519;09384;1519;101.09384;CATEGORIA0;;1;1;0;1;;INVÓLUCRO DE PROTEÇÃO;INVÓLUCRO DE PROTEÇÃO;0;;
101;1519;09385;1519;101.09385;CATEGORIA0;;1;1;0;1;;SUPORTE DO DISPOSITIVO AMORTECEDOR;SUPORTE DO DISPOSITIVO AMORTECEDOR;0;;
101;1519;09386;1519;101.09386;CATEGORIA0;;1;1;0;1;;CASQUILHO DO BRAÇO OSCILANTE;CASQUILHO DO BRAÇO OSCILANTE;0;;
101;1519;09387;1519;101.09387;CATEGORIA0;;1;1;0;1;;CASQUILHO DO BRAÇO OSCILANTE;CASQUILHO DO BRAÇO OSCILANTE;0;;
101;1519;09388;1519;101.09388;CATEGORIA0;;1;1;0;1;;APOIO DA BARRA TRANSVERSAL;APOIO DA BARRA TRANSVERSAL;0;;
101;1519;09390;1519;101.09390;CATEGORIA0;;1;1;0;1;;CASQUILHO DO BRAÇO OSCILANTE;CASQUILHO DO BRAÇO OSCILANTE;0;;
101;1519;09391;1519;101.09391;CATEGORIA0;;1;1;0;1;;CASQUILHO DO BRAÇO OSCILANTE;CASQUILHO DO BRAÇO OSCILANTE;0;;
101;1519;09393;1519;101.09393;CATEGORIA0;;1;1;0;1;;CASQUILHO DE SUSPENSÃO;CASQUILHO DE SUSPENSÃO;0;;
101;1519;09395;1519;101.09395;CATEGORIA0;;1;1;0;1;;CASQUILHO DO BRAÇO OSCILANTE;CASQUILHO DO BRAÇO OSCILANTE;0;;
101;1519;09396;1519;101.09396;CATEGORIA0;;1;1;0;1;;CASQUILHO DO BRAÇO OSCILANTE;CASQUILHO DO BRAÇO OSCILANTE;0;;
101;1519;09397;1519;101.09397;CATEGORIA0;;1;1;0;1;;CASQUILHO DO BRAÇO OSCILANTE;CASQUILHO DO BRAÇO OSCILANTE;0;;
101;1519;09398;1519;101.09398;CATEGORIA0;;1;1;0;1;;APOIO DA BARRA TRANSVERSAL;APOIO DA BARRA TRANSVERSAL;0;;
101;1519;09400;1519;101.09400;CATEGORIA0;;1;1;0;1;;APOIO DE MOTOR;APOIO DE MOTOR;0;;
101;1519;09401;1519;101.09401;CATEGORIA0;;1;1;0;1;;SUPORTE DO DISPOSITIVO AMORTECEDOR;SUPORTE DO DISPOSITIVO AMORTECEDOR;0;;
101;1519;09402;1519;101.09402;CATEGORIA0;;1;1;0;1;;CORRENTE DE DISTRIBUIÇÃO;CORRENTE DE DISTRIBUIÇÃO;0;;
101;1519;09403;1519;101.09403;CATEGORIA0;;1;1;0;1;;CORRENTE;CORRENTE;0;;
101;1519;09404;1519;101.09404;CATEGORIA0;;1;1;0;1;;CASQUILHO DO BRAÇO OSCILANTE;CASQUILHO DO BRAÇO OSCILANTE;0;;
101;1519;09405;1519;101.09405;CATEGORIA0;;1;1;0;1;;CASQUILHO DA MOLA DE SUSPENSÃO;CASQUILHO DA MOLA DE SUSPENSÃO;0;;
101;1519;09406;1519;101.09406;CATEGORIA0;;1;1;0;1;;BOMBA DE ÁGUA;BOMBA DE ÁGUA;0;;
101;1519;09407;1519;101.09407;CATEGORIA0;;1;1;0;1;;PARAFUSO DE CABEÇA SEXTAVADA;PARAFUSO DE CABEÇA SEXTAVADA;0;;
101;1519;09408;1519;101.09408;CATEGORIA0;;1;1;0;1;;FILTRO DE HABITÁCULO;FILTRO DE HABITÁCULO;0;;
101;1519;09409;1519;101.09409;CATEGORIA0;;1;1;0;1;;FILTRO DE HABITÁCULO;FILTRO DE HABITÁCULO;0;;
101;1519;09410;1519;101.09410;CATEGORIA0;;1;1;0;1;;FILTRO DE HABITÁCULO;FILTRO DE HABITÁCULO;0;;
101;1519;09415;1519;101.09415;CATEGORIA0;;1;1;0;1;;VÁLVULA DE PRESSÃO;VÁLVULA DE PRESSÃO;0;;
101;1519;09419;1519;101.09419;CATEGORIA0;;1;1;0;1;;JOGO DE MONTAGEM;JOGO DE MONTAGEM;0;;
101;1519;09420;1519;101.09420;CATEGORIA0;;1;1;0;1;;JOGO DE MONTAGEM;JOGO DE MONTAGEM;0;;
101;1519;09421;1519;101.09421;CATEGORIA0;;1;1;0;1;;JOGO DE MONTAGEM;JOGO DE MONTAGEM;0;;
101;1519;09422;1519;101.09422;CATEGORIA0;;1;1;0;1;;TUBO FLEXÍVEL METÁLICO;TUBO FLEXÍVEL METÁLICO;0;;
101;1519;09423;1519;101.09423;CATEGORIA0;;1;1;0;1;;JOGO DE SENSORES DE DESGASTE;JOGO DE SENSORES DE DESGASTE;0;;
101;1519;09424;1519;101.09424;CATEGORIA0;;1;1;0;1;;CORRENTE DE DISTRIBUIÇÃO;CORRENTE DE DISTRIBUIÇÃO;0;;
101;1519;09425;1519;101.09425;CATEGORIA0;;1;1;0;1;;CORRENTE DE DISTRIBUIÇÃO;CORRENTE DE DISTRIBUIÇÃO;0;;
101;1519;09426;1519;101.09426;CATEGORIA0;;1;1;0;1;;CORRENTE DE DISTRIBUIÇÃO;CORRENTE DE DISTRIBUIÇÃO;0;;
101;1519;09429;1519;101.09429;CATEGORIA0;;1;1;0;1;;FILTRO DE HABITÁCULO;FILTRO DE HABITÁCULO;0;;
101;1519;09430;1519;101.09430;CATEGORIA0;;1;1;0;1;;FILTRO DE HABITÁCULO;FILTRO DE HABITÁCULO;0;;
101;1519;09431;1519;101.09431;CATEGORIA0;;1;1;0;1;;FILTRO DE HABITÁCULO;FILTRO DE HABITÁCULO;0;;
101;1519;09432;1519;101.09432;CATEGORIA0;;1;1;0;1;;FILTRO DE HABITÁCULO;FILTRO DE HABITÁCULO;0;;
101;1519;09433;1519;101.09433;CATEGORIA0;;1;1;0;1;;FILTRO DE HABITÁCULO;FILTRO DE HABITÁCULO;0;;
101;1519;09436;1519;101.09436;CATEGORIA0;;1;1;0;1;;FILTRO DE HABITÁCULO;FILTRO DE HABITÁCULO;0;;
101;1519;09437;1519;101.09437;CATEGORIA0;;1;1;0;1;;FILTRO DE HABITÁCULO;FILTRO DE HABITÁCULO;0;;
101;1519;09439;1519;101.09439;CATEGORIA0;;1;1;0;1;;FILTRO DE HABITÁCULO;FILTRO DE HABITÁCULO;0;;
101;1519;09440;1519;101.09440;CATEGORIA0;;1;1;0;1;;FILTRO DE HABITÁCULO;FILTRO DE HABITÁCULO;0;;
101;1519;09441;1519;101.09441;CATEGORIA0;;1;1;0;1;;FILTRO DE HABITÁCULO;FILTRO DE HABITÁCULO;0;;
101;1519;09442;1519;101.09442;CATEGORIA0;;1;1;0;1;;CORRENTE;CORRENTE;0;;
101;1519;09443;1519;101.09443;CATEGORIA0;;1;1;0;1;;FILTRO DE HABITÁCULO;FILTRO DE HABITÁCULO;0;;
101;1519;09444;1519;101.09444;CATEGORIA0;;1;1;0;1;;APOIO DO TIRANTE DO EIXO;APOIO DO TIRANTE DO EIXO;0;;
101;1519;09445;1519;101.09445;CATEGORIA0;;1;1;0;1;;CONJUNTO DE FILTROS DE HABITÁCULO;CONJUNTO DE FILTROS DE HABITÁCULO;0;;
101;1519;09446;1519;101.09446;CATEGORIA0;;1;1;0;1;;FILTRO DE HABITÁCULO;FILTRO DE HABITÁCULO;0;;
101;1519;09447;1519;101.09447;CATEGORIA0;;1;1;0;1;;FILTRO DE HABITÁCULO;FILTRO DE HABITÁCULO;0;;
101;1519;09448;1519;101.09448;CATEGORIA0;;1;1;0;1;;FILTRO DE HABITÁCULO;FILTRO DE HABITÁCULO;0;;
101;1519;09449;1519;101.09449;CATEGORIA0;;1;1;0;1;;FILTRO DE HABITÁCULO;FILTRO DE HABITÁCULO;0;;
101;1519;09450;1519;101.09450;CATEGORIA0;;1;1;0;1;;FILTRO DE HABITÁCULO;FILTRO DE HABITÁCULO;0;;
101;1519;09455;1519;101.09455;CATEGORIA0;;1;1;0;1;;PARAFUSO DO EIXO DE TRANSMISSÃO;PARAFUSO DO EIXO DE TRANSMISSÃO;0;;
101;1519;09459;1519;101.09459;CATEGORIA0;;1;1;0;1;;SUPORTE DA CABINA DO MOTORISTA;SUPORTE DA CABINA DO MOTORISTA;0;;
101;1519;09460;1519;101.09460;CATEGORIA0;;1;1;0;1;;ANILHA;ANILHA;0;;
101;1519;09461;1519;101.09461;CATEGORIA0;;1;1;0;1;;ANILHA;ANILHA;0;;
101;1519;09462;1519;101.09462;CATEGORIA0;;1;1;0;1;;DISCO DE TRAVÃO;DISCO DE TRAVÃO;0;;
101;1519;09463;1519;101.09463;CATEGORIA0;;1;1;0;1;;FILTRO DE TRANSMISSÃO;FILTRO DE TRANSMISSÃO;0;;
101;1519;09464;1519;101.09464;CATEGORIA0;;1;1;0;1;;DISCO DE TRAVÃO;DISCO DE TRAVÃO;0;;
101;1519;09465;1519;101.09465;CATEGORIA0;;1;1;0;1;;APOIO DE TRANSMISSÃO;APOIO DE TRANSMISSÃO;0;;
101;1519;09466;1519;101.09466;CATEGORIA0;;1;1;0;1;;FILTRO DE HABITÁCULO;FILTRO DE HABITÁCULO;0;;
101;1519;09467;1519;101.09467;CATEGORIA0;;1;1;0;1;;BORRACHA DE ENCOSTO;BORRACHA DE ENCOSTO;0;;
101;1519;09468;1519;101.09468;CATEGORIA0;;1;1;0;1;;MOLA DO CALÇO DE TRAVÃO;MOLA DO CALÇO DE TRAVÃO;0;;
101;1519;09469;1519;101.09469;CATEGORIA0;;1;1;0;1;;FILTRO DE COMBUSTÍVEL;FILTRO DE COMBUSTÍVEL;0;;
101;1519;09470;1519;101.09470;CATEGORIA0;;1;1;0;1;;BOMBA DE ÁGUA;BOMBA DE ÁGUA;0;;
101;1519;09471;1519;101.09471;CATEGORIA0;;1;1;0;1;;SUPORTE DO DISPOSITIVO AMORTECEDOR;SUPORTE DO DISPOSITIVO AMORTECEDOR;0;;
101;1519;09473;1519;101.09473;CATEGORIA0;;1;1;0;1;;SUPORTE DO DISPOSITIVO AMORTECEDOR;SUPORTE DO DISPOSITIVO AMORTECEDOR;0;;
101;1519;09474;1519;101.09474;CATEGORIA0;;1;1;0;1;;SUPORTE BARRA ESTABILIZADORA;SUPORTE BARRA ESTABILIZADORA;0;;
101;1519;09475;1519;101.09475;CATEGORIA0;;1;1;0;1;;SUPORTE BARRA ESTABILIZADORA;SUPORTE BARRA ESTABILIZADORA;0;;
101;1519;09477;1519;101.09477;CATEGORIA0;;1;1;0;1;;APOIO DE MOTOR;APOIO DE MOTOR;0;;
101;1519;09478;1519;101.09478;CATEGORIA0;;1;1;0;1;;APOIO DE MOTOR;APOIO DE MOTOR;0;;
101;1519;09479;1519;101.09479;CATEGORIA0;;1;1;0;1;;APOIO DE MOTOR;APOIO DE MOTOR;0;;
101;1519;09480;1519;101.09480;CATEGORIA0;;1;1;0;1;;APOIO DE MOTOR;APOIO DE MOTOR;0;;
101;1519;09482;1519;101.09482;CATEGORIA0;;1;1;0;1;;BOMBA DE ÁGUA;BOMBA DE ÁGUA;0;;
101;1519;09483;1519;101.09483;CATEGORIA0;;1;1;0;1;;APOIO DE TRANSMISSÃO;APOIO DE TRANSMISSÃO;0;;
101;1519;09484;1519;101.09484;CATEGORIA0;;1;1;0;1;;CABEÇA DE DIREÇÃO INTERIOR;CABEÇA DE DIREÇÃO INTERIOR;0;;
101;1519;09485;1519;101.09485;CATEGORIA0;;1;1;0;1;;FILTRO DE HABITÁCULO;FILTRO DE HABITÁCULO;0;;
101;1519;09486;1519;101.09486;CATEGORIA0;;1;1;0;1;;TUBO DE TRAVÃO;TUBO DE TRAVÃO;0;;
101;1519;09487;1519;101.09487;CATEGORIA0;;1;1;0;1;;TUBO DE COMBUSTÍVEL;TUBO DE COMBUSTÍVEL;0;;
101;1519;09488;1519;101.09488;CATEGORIA0;;1;1;0;1;;MANIVELA DO VIDRO;MANIVELA DO VIDRO;0;;
101;1519;09489;1519;101.09489;CATEGORIA0;;1;1;0;1;;SENSOR DE PRESSÃO DE ÓLEO;SENSOR DE PRESSÃO DE ÓLEO;0;;
101;1519;09490;1519;101.09490;CATEGORIA0;;1;1;0;1;;MOLA PNEUMÁTICA;MOLA PNEUMÁTICA;0;;
101;1519;09491;1519;101.09491;CATEGORIA0;;1;1;0;1;;APOIO DE TRANSMISSÃO;APOIO DE TRANSMISSÃO;0;;
101;1519;09492;1519;101.09492;CATEGORIA0;;1;1;0;1;;COMUTADOR DO BRAÇO DA DIREÇÃO;COMUTADOR DO BRAÇO DA DIREÇÃO;0;;
101;1519;09494;1519;101.09494;CATEGORIA0;;1;1;0;1;;CASQUILHO DA BARRA ESTABILIZADORA;CASQUILHO DA BARRA ESTABILIZADORA;0;;
101;1519;09496;1519;101.09496;CATEGORIA0;;1;1;0;1;;SUPORTE DO DISPOSITIVO AMORTECEDOR;SUPORTE DO DISPOSITIVO AMORTECEDOR;0;;
101;1519;09498;1519;101.09498;CATEGORIA0;;1;1;0;1;;CABO DE TRAVÃO;CABO DE TRAVÃO;0;;
101;1519;09499;1519;101.09499;CATEGORIA0;;1;1;0;1;;CABO DE TRAVÃO;CABO DE TRAVÃO;0;;
101;1519;09500;1519;101.09500;CATEGORIA0;;1;1;0;1;;CABO DE TRAVÃO;CABO DE TRAVÃO;0;;
101;1519;09501;1519;101.09501;CATEGORIA0;;1;1;0;1;;CABO DE TRAVÃO;CABO DE TRAVÃO;0;;
101;1519;09505;1519;101.09505;CATEGORIA0;;1;1;0;1;;AMORTECIMENTO;AMORTECIMENTO;0;;
101;1519;09506;1519;101.09506;CATEGORIA0;;1;1;0;1;;AMORTECIMENTO;AMORTECIMENTO;0;;
101;1519;09507;1519;101.09507;CATEGORIA0;;1;1;0;1;;ELEVADOR DE VIDRO;ELEVADOR DE VIDRO;0;;
101;1519;09508;1519;101.09508;CATEGORIA0;;1;1;0;1;;ELEVADOR DE VIDRO;ELEVADOR DE VIDRO;0;;
101;1519;09509;1519;101.09509;CATEGORIA0;;1;1;0;1;;ANEL ESPAÇADOR;ANEL ESPAÇADOR;0;;
101;1519;09511;1519;101.09511;CATEGORIA0;;1;1;0;1;;SUPORTE DO DISPOSITIVO AMORTECEDOR;SUPORTE DO DISPOSITIVO AMORTECEDOR;0;;
101;1519;09512;1519;101.09512;CATEGORIA0;;1;1;0;1;;BOMBA DE ÁGUA;BOMBA DE ÁGUA;0;;
101;1519;09513;1519;101.09513;CATEGORIA0;;1;1;0;1;;BOMBA DE ÁGUA;BOMBA DE ÁGUA;0;;
101;1519;09515;1519;101.09515;CATEGORIA0;;1;1;0;1;;CORRENTE DE DISTRIBUIÇÃO;CORRENTE DE DISTRIBUIÇÃO;0;;
101;1519;09518;1519;101.09518;CATEGORIA0;;1;1;0;1;;BOMBA DE ÁGUA;BOMBA DE ÁGUA;0;;
101;1519;09519;1519;101.09519;CATEGORIA0;;1;1;0;1;;CASQUILHO DA BARRA ESTABILIZADORA;CASQUILHO DA BARRA ESTABILIZADORA;0;;
101;1519;09521;1519;101.09521;CATEGORIA0;;1;1;0;1;;JOGO DE ROLAMENTO DE RODA;JOGO DE ROLAMENTO DE RODA;0;;
101;1519;09522;1519;101.09522;CATEGORIA0;;1;1;0;1;;SUPORTE DO DISPOSITIVO AMORTECEDOR;SUPORTE DO DISPOSITIVO AMORTECEDOR;0;;
101;1519;09523;1519;101.09523;CATEGORIA0;;1;1;0;1;;BRAÇO DE SUSPENSÃO;BRAÇO DE SUSPENSÃO;0;;
101;1519;09524;1519;101.09524;CATEGORIA0;;1;1;0;1;;BRAÇO DE SUSPENSÃO;BRAÇO DE SUSPENSÃO;0;;
101;1519;09527;1519;101.09527;CATEGORIA0;;1;1;0;1;;BRAÇO DE SUSPENSÃO;BRAÇO DE SUSPENSÃO;0;;
101;1519;09528;1519;101.09528;CATEGORIA0;;1;1;0;1;;BRAÇO DE SUSPENSÃO;BRAÇO DE SUSPENSÃO;0;;
101;1519;09529;1519;101.09529;CATEGORIA0;;1;1;0;1;;BRAÇO DE SUSPENSÃO;BRAÇO DE SUSPENSÃO;0;;
101;1519;09530;1519;101.09530;CATEGORIA0;;1;1;0;1;;BRAÇO DE SUSPENSÃO;BRAÇO DE SUSPENSÃO;0;;
101;1519;09531;1519;101.09531;CATEGORIA0;;1;1;0;1;;BRAÇO DE SUSPENSÃO;BRAÇO DE SUSPENSÃO;0;;
101;1519;09579;1519;101.09579;CATEGORIA0;;1;1;0;1;;CAVILHA DE MOLA;CAVILHA DE MOLA;0;;
101;1519;09580;1519;101.09580;CATEGORIA0;;1;1;0;1;;CAVILHA DE MOLA;CAVILHA DE MOLA;0;;
101;1519;09581;1519;101.09581;CATEGORIA0;;1;1;0;1;;CAVILHA DE MOLA;CAVILHA DE MOLA;0;;
101;1519;09582;1519;101.09582;CATEGORIA0;;1;1;0;1;;JOGO DE JUNTAS FLEXÍVEIS;JOGO DE JUNTAS FLEXÍVEIS;0;;
101;1519;09583;1519;101.09583;CATEGORIA0;;1;1;0;1;;APOIO DE MOTOR;APOIO DE MOTOR;0;;
101;1519;09585;1519;101.09585;CATEGORIA0;;1;1;0;1;;CORRENTE DE DISTRIBUIÇÃO;CORRENTE DE DISTRIBUIÇÃO;0;;
101;1519;09586;1519;101.09586;CATEGORIA0;;1;1;0;1;;CORRENTE;CORRENTE;0;;
101;1519;09590;1519;101.09590;CATEGORIA0;;1;1;0;1;;PARAFUSO DA CAMBOTA;PARAFUSO DA CAMBOTA;0;;
101;1519;09592;1519;101.09592;CATEGORIA0;;1;1;0;1;;CILINDRO DO TRAVÃO DE RODA;CILINDRO DO TRAVÃO DE RODA;0;;
101;1519;09593;1519;101.09593;CATEGORIA0;;1;1;0;1;;CILINDRO DO TRAVÃO DE RODA;CILINDRO DO TRAVÃO DE RODA;0;;
101;1519;09594;1519;101.09594;CATEGORIA0;;1;1;0;1;;CILINDRO DO TRAVÃO DE RODA;CILINDRO DO TRAVÃO DE RODA;0;;
101;1519;09595;1519;101.09595;CATEGORIA0;;1;1;0;1;;CILINDRO DO TRAVÃO DE RODA;CILINDRO DO TRAVÃO DE RODA;0;;
101;1519;09599;1519;101.09599;CATEGORIA0;;1;1;0;1;;CILINDRO DO TRAVÃO DE RODA;CILINDRO DO TRAVÃO DE RODA;0;;
101;1519;09600;1519;101.09600;CATEGORIA0;;1;1;0;1;;CILINDRO DO TRAVÃO DE RODA;CILINDRO DO TRAVÃO DE RODA;0;;
101;1519;09601;1519;101.09601;CATEGORIA0;;1;1;0;1;;CILINDRO DO TRAVÃO DE RODA;CILINDRO DO TRAVÃO DE RODA;0;;
101;1519;09603;1519;101.09603;CATEGORIA0;;1;1;0;1;;CILINDRO DO TRAVÃO DE RODA;CILINDRO DO TRAVÃO DE RODA;0;;
101;1519;09604;1519;101.09604;CATEGORIA0;;1;1;0;1;;CILINDRO DO TRAVÃO DE RODA;CILINDRO DO TRAVÃO DE RODA;0;;
101;1519;09609;1519;101.09609;CATEGORIA0;;1;1;0;1;;AMORTECEDOR DE CABINA;AMORTECEDOR DE CABINA;0;;
101;1519;09611;1519;101.09611;CATEGORIA0;;1;1;0;1;;SENSOR DE PRESSÃO DE ÓLEO;SENSOR DE PRESSÃO DE ÓLEO;0;;
101;1519;09612;1519;101.09612;CATEGORIA0;;1;1;0;1;;SENSOR DE PRESSÃO DE ÓLEO;SENSOR DE PRESSÃO DE ÓLEO;0;;
101;1519;09613;1519;101.09613;CATEGORIA0;;1;1;0;1;;TENSOR;TENSOR;0;;
101;1519;09614;1519;101.09614;CATEGORIA0;;1;1;0;1;;POLIE DE DESVIO;POLIE DE DESVIO;0;;
101;1519;09615;1519;101.09615;CATEGORIA0;;1;1;0;1;;CILINDRO DO TRAVÃO DE RODA;CILINDRO DO TRAVÃO DE RODA;0;;
101;1519;09616;1519;101.09616;CATEGORIA0;;1;1;0;1;;CILINDRO DO TRAVÃO DE RODA;CILINDRO DO TRAVÃO DE RODA;0;;
101;1519;09659;1519;101.09659;CATEGORIA0;;1;1;0;1;;PONTA DA PEÇA ROSCADA;PONTA DA PEÇA ROSCADA;0;;
101;1519;09660;1519;101.09660;CATEGORIA0;;1;1;0;1;;PONTA DA PEÇA ROSCADA;PONTA DA PEÇA ROSCADA;0;;
101;1519;09661;1519;101.09661;CATEGORIA0;;1;1;0;1;;PONTA DA PEÇA ROSCADA;PONTA DA PEÇA ROSCADA;0;;
101;1519;09662;1519;101.09662;CATEGORIA0;;1;1;0;1;;PONTA DA PEÇA ROSCADA;PONTA DA PEÇA ROSCADA;0;;
101;1519;09663;1519;101.09663;CATEGORIA0;;1;1;0;1;;PONTA DA PEÇA ROSCADA;PONTA DA PEÇA ROSCADA;0;;
101;1519;09667;1519;101.09667;CATEGORIA0;;1;1;0;1;;LÂMPADA DE ÓTICA;LÂMPADA DE ÓTICA;0;;
101;1519;09668;1519;101.09668;CATEGORIA0;;1;1;0;1;;LÂMPADA DE ÓTICA;LÂMPADA DE ÓTICA;0;;
101;1519;09671;1519;101.09671;CATEGORIA0;;1;1;0;1;;TERMÓSTATO;TERMÓSTATO;0;;
101;1519;09672;1519;101.09672;CATEGORIA0;;1;1;0;1;;TERMÓSTATO;TERMÓSTATO;0;;
101;1519;09674;1519;101.09674;CATEGORIA0;;1;1;0;1;;CONJUNTO DE CASQUILHOS DO BRAÇO DE SUSPENSÃO;CONJUNTO DE CASQUILHOS DO BRAÇO DE SUSPENSÃO;0;;
101;1519;09675;1519;101.09675;CATEGORIA0;;1;1;0;1;;TERMÓSTATO;TERMÓSTATO;0;;
101;1519;09676;1519;101.09676;CATEGORIA0;;1;1;0;1;;TERMÓSTATO;TERMÓSTATO;0;;
101;1519;09677;1519;101.09677;CATEGORIA0;;1;1;0;1;;TERMÓSTATO;TERMÓSTATO;0;;
101;1519;09678;1519;101.09678;CATEGORIA0;;1;1;0;1;;DISCO DE TRAVÃO;DISCO DE TRAVÃO;0;;
101;1519;09679;1519;101.09679;CATEGORIA0;;1;1;0;1;;CABEÇA DE DIREÇÃO EXTERIOR;CABEÇA DE DIREÇÃO EXTERIOR;0;;
101;1519;09680;1519;101.09680;CATEGORIA0;;1;1;0;1;;CABEÇA DE DIREÇÃO EXTERIOR;CABEÇA DE DIREÇÃO EXTERIOR;0;;
101;1519;09681;1519;101.09681;CATEGORIA0;;1;1;0;1;;CABEÇA DE DIREÇÃO EXTERIOR;CABEÇA DE DIREÇÃO EXTERIOR;0;;
101;1519;09682;1519;101.09682;CATEGORIA0;;1;1;0;1;;CABEÇA DE DIREÇÃO EXTERIOR;CABEÇA DE DIREÇÃO EXTERIOR;0;;
101;1519;09683;1519;101.09683;CATEGORIA0;;1;1;0;1;;CABEÇA DE DIREÇÃO EXTERIOR;CABEÇA DE DIREÇÃO EXTERIOR;0;;
101;1519;09684;1519;101.09684;CATEGORIA0;;1;1;0;1;;CABEÇA DE DIREÇÃO EXTERIOR;CABEÇA DE DIREÇÃO EXTERIOR;0;;
101;1519;09685;1519;101.09685;CATEGORIA0;;1;1;0;1;;CABEÇA DE DIREÇÃO EXTERIOR;CABEÇA DE DIREÇÃO EXTERIOR;0;;
101;1519;09686;1519;101.09686;CATEGORIA0;;1;1;0;1;;RÓTULA;RÓTULA;0;;
101;1519;09690;1519;101.09690;CATEGORIA0;;1;1;0;1;;JOGO PINO DO EIXO DIANTEIRO;JOGO PINO DO EIXO DIANTEIRO;0;;
101;1519;09691;1519;101.09691;CATEGORIA0;;1;1;0;1;;RÓTULA;RÓTULA;0;;
101;1519;09695;1519;101.09695;CATEGORIA0;;1;1;0;1;;TUBO DE TRAVÃO;TUBO DE TRAVÃO;0;;
101;1519;09698;1519;101.09698;CATEGORIA0;;1;1;0;1;;TERMÓSTATO;TERMÓSTATO;0;;
101;1519;09699;1519;101.09699;CATEGORIA0;;1;1;0;1;;CABO DE EMBRAIAGEM;CABO DE EMBRAIAGEM;0;;
101;1519;09700;1519;101.09700;CATEGORIA0;;1;1;0;1;;CABO ELÉTRICO ESPIRAL;CABO ELÉTRICO ESPIRAL;0;;
101;1519;09701;1519;101.09701;CATEGORIA0;;1;1;0;1;;CABO ELÉTRICO ESPIRAL;CABO ELÉTRICO ESPIRAL;0;;
101;1519;09702;1519;101.09702;CATEGORIA0;;1;1;0;1;;CABO ELÉTRICO ESPIRAL;CABO ELÉTRICO ESPIRAL;0;;
101;1519;09703;1519;101.09703;CATEGORIA0;;1;1;0;1;;CABO ELÉTRICO ESPIRAL;CABO ELÉTRICO ESPIRAL;0;;
101;1519;09705;1519;101.09705;CATEGORIA0;;1;1;0;1;;CABO ELÉTRICO ESPIRAL;CABO ELÉTRICO ESPIRAL;0;;
101;1519;09706;1519;101.09706;CATEGORIA0;;1;1;0;1;;CABO ELÉTRICO ESPIRAL;CABO ELÉTRICO ESPIRAL;0;;
101;1519;09707;1519;101.09707;CATEGORIA0;;1;1;0;1;;CABO ELÉTRICO ESPIRAL;CABO ELÉTRICO ESPIRAL;0;;
101;1519;09713;1519;101.09713;CATEGORIA0;;1;1;0;1;;CABO ELÉTRICO ESPIRAL;CABO ELÉTRICO ESPIRAL;0;;
101;1519;09726;1519;101.09726;CATEGORIA0;;1;1;0;1;;CABO ELÉTRICO ESPIRAL;CABO ELÉTRICO ESPIRAL;0;;
101;1519;09734;1519;101.09734;CATEGORIA0;;1;1;0;1;;ADAPTADOR;ADAPTADOR;0;;
101;1519;09736;1519;101.09736;CATEGORIA0;;1;1;0;1;;APOIO DE MOTOR;APOIO DE MOTOR;0;;
101;1519;09737;1519;101.09737;CATEGORIA0;;1;1;0;1;;FILTRO DE AR;FILTRO DE AR;0;;
101;1519;09739;1519;101.09739;CATEGORIA0;;1;1;0;1;;TERMÓSTATO;TERMÓSTATO;0;;
101;1519;09740;1519;101.09740;CATEGORIA0;;1;1;0;1;;RETENTOR DO VEIO;RETENTOR DO VEIO;0;;
101;1519;09741;1519;101.09741;CATEGORIA0;;1;1;0;1;;CASQUILHO DO BRAÇO OSCILANTE;CASQUILHO DO BRAÇO OSCILANTE;0;;
101;1519;09742;1519;101.09742;CATEGORIA0;;1;1;0;1;;APOIO DA BARRA TRANSVERSAL;APOIO DA BARRA TRANSVERSAL;0;;
101;1519;09743;1519;101.09743;CATEGORIA0;;1;1;0;1;;SUPORTE DO DISPOSITIVO AMORTECEDOR;SUPORTE DO DISPOSITIVO AMORTECEDOR;0;;
101;1519;09745;1519;101.09745;CATEGORIA0;;1;1;0;1;;JOGO DE REP. CAVILHA DE MOLA;JOGO DE REP. CAVILHA DE MOLA;0;;
101;1519;09746;1519;101.09746;CATEGORIA0;;1;1;0;1;;INTERRUPTOR DE TEMPERATURA;INTERRUPTOR DE TEMPERATURA;0;;
101;1519;09747;1519;101.09747;CATEGORIA0;;1;1;0;1;;CONJUNTO DE CASQUILHOS DO BRAÇO DE SUSPENSÃO;CONJUNTO DE CASQUILHOS DO BRAÇO DE SUSPENSÃO;0;;
101;1519;09754;1519;101.09754;CATEGORIA0;;1;1;0;1;;BOMBA DE ÁGUA;BOMBA DE ÁGUA;0;;
101;1519;09755;1519;101.09755;CATEGORIA0;;1;1;0;1;;BOMBA DE ÁGUA;BOMBA DE ÁGUA;0;;
101;1519;09756;1519;101.09756;CATEGORIA0;;1;1;0;1;;BOMBA DE ÁGUA;BOMBA DE ÁGUA;0;;
101;1519;09757;1519;101.09757;CATEGORIA0;;1;1;0;1;;BOMBA DE ÁGUA;BOMBA DE ÁGUA;0;;
101;1519;09758;1519;101.09758;CATEGORIA0;;1;1;0;1;;BOMBA DE ÁGUA;BOMBA DE ÁGUA;0;;
101;1519;09762;1519;101.09762;CATEGORIA0;;1;1;0;1;;TENSOR;TENSOR;0;;
101;1519;09765;1519;101.09765;CATEGORIA0;;1;1;0;1;;RETENÇÃO DO CAPOT;RETENÇÃO DO CAPOT;0;;
101;1519;09766;1519;101.09766;CATEGORIA0;;1;1;0;1;;JUNTA DE TAMPA DE VÁLVULAS;JUNTA DE TAMPA DE VÁLVULAS;0;;
101;1519;09767;1519;101.09767;CATEGORIA0;;1;1;0;1;;JOGO DE JUNTAS PARA TAMPAS DE VÁLVULA;JOGO DE JUNTAS PARA TAMPAS DE VÁLVULA;0;;
101;1519;09768;1519;101.09768;CATEGORIA0;;1;1;0;1;;JOGO DE JUNTAS PARA TAMPAS DE VÁLVULA;JOGO DE JUNTAS PARA TAMPAS DE VÁLVULA;0;;
101;1519;09771;1519;101.09771;CATEGORIA0;;1;1;0;1;;APOIO DE TRANSMISSÃO;APOIO DE TRANSMISSÃO;0;;
101;1519;09775;1519;101.09775;CATEGORIA0;;1;1;0;1;;AMORTECEDOR DE DIREÇÃO;AMORTECEDOR DE DIREÇÃO;0;;
101;1519;09776;1519;101.09776;CATEGORIA0;;1;1;0;1;;JOGO DE REP. CASQUILHO;JOGO DE REP. CASQUILHO;0;;
101;1519;09777;1519;101.09777;CATEGORIA0;;1;1;0;1;;JOGO DE REP. BOMBA DE ÁGUA;JOGO DE REP. BOMBA DE ÁGUA;0;;
101;1519;09778;1519;101.09778;CATEGORIA0;;1;1;0;1;;TENSOR DE CORREIA;TENSOR DE CORREIA;0;;
101;1519;09780;1519;101.09780;CATEGORIA0;;1;1;0;1;;TENSOR;TENSOR;0;;
101;1519;09781;1519;101.09781;CATEGORIA0;;1;1;0;1;;POLIE DE DESVIO;POLIE DE DESVIO;0;;
101;1519;09782;1519;101.09782;CATEGORIA0;;1;1;0;1;;POLIE DE DESVIO;POLIE DE DESVIO;0;;
101;1519;09784;1519;101.09784;CATEGORIA0;;1;1;0;1;;TUBO DE TRAVÃO;TUBO DE TRAVÃO;0;;
101;1519;09785;1519;101.09785;CATEGORIA0;;1;1;0;1;;TENSOR;TENSOR;0;;
101;1519;09786;1519;101.09786;CATEGORIA0;;1;1;0;1;;POLIE DE DESVIO;POLIE DE DESVIO;0;;
101;1519;09788;1519;101.09788;CATEGORIA0;;1;1;0;1;;POLIE DE DESVIO;POLIE DE DESVIO;0;;
101;1519;09789;1519;101.09789;CATEGORIA0;;1;1;0;1;;POLIE DE DESVIO;POLIE DE DESVIO;0;;
101;1519;09790;1519;101.09790;CATEGORIA0;;1;1;0;1;;TENSOR DE CORREIA;TENSOR DE CORREIA;0;;
101;1519;09791;1519;101.09791;CATEGORIA0;;1;1;0;1;;TENSOR DE CORREIA;TENSOR DE CORREIA;0;;
101;1519;09792;1519;101.09792;CATEGORIA0;;1;1;0;1;;TENSOR;TENSOR;0;;
101;1519;09793;1519;101.09793;CATEGORIA0;;1;1;0;1;;POLIE DE DESVIO;POLIE DE DESVIO;0;;
101;1519;09794;1519;101.09794;CATEGORIA0;;1;1;0;1;;TENSOR DE CORREIA;TENSOR DE CORREIA;0;;
101;1519;09795;1519;101.09795;CATEGORIA0;;1;1;0;1;;SUPORTE DO DISPOSITIVO AMORTECEDOR;SUPORTE DO DISPOSITIVO AMORTECEDOR;0;;
101;1519;09796;1519;101.09796;CATEGORIA0;;1;1;0;1;;PARAFUSO;PARAFUSO;0;;
101;1519;09797;1519;101.09797;CATEGORIA0;;1;1;0;1;;PARAFUSO DA BIELA;PARAFUSO DA BIELA;0;;
101;1519;09798;1519;101.09798;CATEGORIA0;;1;1;0;1;;PARAFUSO DA CABEÇA DO MOTOR;PARAFUSO DA CABEÇA DO MOTOR;0;;
101;1519;09799;1519;101.09799;CATEGORIA0;;1;1;0;1;;APOIO DE MOTOR;APOIO DE MOTOR;0;;
101;1519;09800;1519;101.09800;CATEGORIA0;;1;1;0;1;;BOMBA DE ÁGUA;BOMBA DE ÁGUA;0;;
101;1519;09801;1519;101.09801;CATEGORIA0;;1;1;0;1;;PARAFUSO DA RODA;PARAFUSO DA RODA;0;;
101;1519;09802;1519;101.09802;CATEGORIA0;;1;1;0;1;;BOMBA DE ÁGUA;BOMBA DE ÁGUA;0;;
101;1519;09805;1519;101.09805;CATEGORIA0;;1;1;0;1;;PARAFUSO DA RODA;PARAFUSO DA RODA;0;;
101;1519;09806;1519;101.09806;CATEGORIA0;;1;1;0;1;;PARAFUSO DA RODA;PARAFUSO DA RODA;0;;
101;1519;09807;1519;101.09807;CATEGORIA0;;1;1;0;1;;CONTRAFIXA DIAGONAL;CONTRAFIXA DIAGONAL;0;;
101;1519;09808;1519;101.09808;CATEGORIA0;;1;1;0;1;;CONTRAFIXA DIAGONAL;CONTRAFIXA DIAGONAL;0;;
101;1519;09809;1519;101.09809;CATEGORIA0;;1;1;0;1;;VENTOINHA DO RADIADOR;VENTOINHA DO RADIADOR;0;;
101;1519;09810;1519;101.09810;CATEGORIA0;;1;1;0;1;;TENSOR DE CORREIA;TENSOR DE CORREIA;0;;
101;1519;09811;1519;101.09811;CATEGORIA0;;1;1;0;1;;JOGO DE REP. BOMBA DE ÁGUA;JOGO DE REP. BOMBA DE ÁGUA;0;;
101;1519;09812;1519;101.09812;CATEGORIA0;;1;1;0;1;;MOLA DE REPOSIÇÃO;MOLA DE REPOSIÇÃO;0;;
101;1519;09813;1519;101.09813;CATEGORIA0;;1;1;0;1;;TENSOR DE CORREIA;TENSOR DE CORREIA;0;;
101;1519;09816;1519;101.09816;CATEGORIA0;;1;1;0;1;;APOIO DA BARRA TRANSVERSAL;APOIO DA BARRA TRANSVERSAL;0;;
101;1519;09818;1519;101.09818;CATEGORIA0;;1;1;0;1;;SUPORTE DO DISPOSITIVO AMORTECEDOR;SUPORTE DO DISPOSITIVO AMORTECEDOR;0;;
101;1519;09819;1519;101.09819;CATEGORIA0;;1;1;0;1;;ROLAMENTO DE RODA;ROLAMENTO DE RODA;0;;
101;1519;09821;1519;101.09821;CATEGORIA0;;1;1;0;1;;ROLAMENTO DE RODA;ROLAMENTO DE RODA;0;;
101;1519;09824;1519;101.09824;CATEGORIA0;;1;1;0;1;;RETENTOR DO VEIO;RETENTOR DO VEIO;0;;
101;1519;09827;1519;101.09827;CATEGORIA0;;1;1;0;1;;RETENTOR;RETENTOR;0;;
101;1519;09831;1519;101.09831;CATEGORIA0;;1;1;0;1;;COROA DENTADA DO MOTOR DE ARRANQUE;COROA DENTADA DO MOTOR DE ARRANQUE;0;;
101;1519;09832;1519;101.09832;CATEGORIA0;;1;1;0;1;;APOIO DE TRANSMISSÃO;APOIO DE TRANSMISSÃO;0;;
101;1519;09836;1519;101.09836;CATEGORIA0;;1;1;0;1;;COROA DENTADA DO MOTOR DE ARRANQUE;COROA DENTADA DO MOTOR DE ARRANQUE;0;;
101;1519;09837;1519;101.09837;CATEGORIA0;;1;1;0;1;;RETENTOR DO VEIO;RETENTOR DO VEIO;0;;
101;1519;09838;1519;101.09838;CATEGORIA0;;1;1;0;1;;APOIO DE TRANSMISSÃO;APOIO DE TRANSMISSÃO;0;;
101;1519;09840;1519;101.09840;CATEGORIA0;;1;1;0;1;;AJUSTADOR DE FOLGA;AJUSTADOR DE FOLGA;0;;
101;1519;09841;1519;101.09841;CATEGORIA0;;1;1;0;1;;ROLAMENTO DE ESFERAS;ROLAMENTO DE ESFERAS;0;;
101;1519;09846;1519;101.09846;CATEGORIA0;;1;1;0;1;;PARAFUSO DE FIXAÇÃO DE MOLA DE LÂMINA;PARAFUSO DE FIXAÇÃO DE MOLA DE LÂMINA;0;;
101;1519;09847;1519;101.09847;CATEGORIA0;;1;1;0;1;;JOGO DE REP. APOIO;JOGO DE REP. APOIO;0;;
101;1519;09848;1519;101.09848;CATEGORIA0;;1;1;0;1;;PORCA DE COROA;PORCA DE COROA;0;;
101;1519;09849;1519;101.09849;CATEGORIA0;;1;1;0;1;;ANILHA;ANILHA;0;;
101;1519;09851;1519;101.09851;CATEGORIA0;;1;1;0;1;;APOIO DO RADIADOR;APOIO DO RADIADOR;0;;
101;1519;09854;1519;101.09854;CATEGORIA0;;1;1;0;1;;AJUSTADOR DE FOLGA;AJUSTADOR DE FOLGA;0;;
101;1519;09855;1519;101.09855;CATEGORIA0;;1;1;0;1;;AJUSTADOR DE FOLGA;AJUSTADOR DE FOLGA;0;;
101;1519;09856;1519;101.09856;CATEGORIA0;;1;1;0;1;;TERMÓSTATO;TERMÓSTATO;0;;
101;1519;09857;1519;101.09857;CATEGORIA0;;1;1;0;1;;BORRACHA DE ENCOSTO;BORRACHA DE ENCOSTO;0;;
101;1519;09861;1519;101.09861;CATEGORIA0;;1;1;0;1;;RETENTOR DO VEIO;RETENTOR DO VEIO;0;;
101;1519;09862;1519;101.09862;CATEGORIA0;;1;1;0;1;;GUIA DE VÁLVULA;GUIA DE VÁLVULA;0;;
101;1519;09863;1519;101.09863;CATEGORIA0;;1;1;0;1;;GUIA DE VÁLVULA;GUIA DE VÁLVULA;0;;
101;1519;09865;1519;101.09865;CATEGORIA0;;1;1;0;1;;RELÉ;RELÉ;0;;
101;1519;09868;1519;101.09868;CATEGORIA0;;1;1;0;1;;BARRA INTERMÉDIA DE DIREÇÃO;BARRA INTERMÉDIA DE DIREÇÃO;0;;
101;1519;09870;1519;101.09870;CATEGORIA0;;1;1;0;1;;ARTICULAÇÃO ESFÉRICA;ARTICULAÇÃO ESFÉRICA;0;;
101;1519;09871;1519;101.09871;CATEGORIA0;;1;1;0;1;;ENCOSTO DE BORRACHA-METAL;ENCOSTO DE BORRACHA-METAL;0;;
101;1519;09872;1519;101.09872;CATEGORIA0;;1;1;0;1;;SENSOR DE TEMPERATURA DO LÍQUIDO DE REFRIGERAÇÃO;SENSOR DE TEMPERATURA DO LÍQUIDO DE REFRIGERAÇÃO;0;;
101;1519;09874;1519;101.09874;CATEGORIA0;;1;1;0;1;;CABEÇA DE DIREÇÃO EXTERIOR;CABEÇA DE DIREÇÃO EXTERIOR;0;;
101;1519;09875;1519;101.09875;CATEGORIA0;;1;1;0;1;;CABEÇA DE DIREÇÃO EXTERIOR;CABEÇA DE DIREÇÃO EXTERIOR;0;;
101;1519;09876;1519;101.09876;CATEGORIA0;;1;1;0;1;;ROLAMENTO DE RODA;ROLAMENTO DE RODA;0;;
101;1519;09877;1519;101.09877;CATEGORIA0;;1;1;0;1;;ROLAMENTO DE RODA;ROLAMENTO DE RODA;0;;
101;1519;09878;1519;101.09878;CATEGORIA0;;1;1;0;1;;VOLANTE DE MOTOR;VOLANTE DE MOTOR;0;;
101;1519;09881;1519;101.09881;CATEGORIA0;;1;1;0;1;;RETENTOR DO VEIO;RETENTOR DO VEIO;0;;
101;1519;09883;1519;101.09883;CATEGORIA0;;1;1;0;1;;RETENTOR DA CAMBOTA;RETENTOR DA CAMBOTA;0;;
101;1519;09885;1519;101.09885;CATEGORIA0;;1;1;0;1;;RETENTOR DO VEIO;RETENTOR DO VEIO;0;;
101;1519;09891;1519;101.09891;CATEGORIA0;;1;1;0;1;;RELÉ;RELÉ;0;;
101;1519;09892;1519;101.09892;CATEGORIA0;;1;1;0;1;;JUNTA DO COLETOR DE ESCAPE;JUNTA DO COLETOR DE ESCAPE;0;;
101;1519;09893;1519;101.09893;CATEGORIA0;;1;1;0;1;;CRUZETA;CRUZETA;0;;
101;1519;09894;1519;101.09894;CATEGORIA0;;1;1;0;1;;SUPORTE;SUPORTE;0;;
101;1519;09895;1519;101.09895;CATEGORIA0;;1;1;0;1;;RETENTOR DA CAMBOTA;RETENTOR DA CAMBOTA;0;;
101;1519;09896;1519;101.09896;CATEGORIA0;;1;1;0;1;;INTERRUPTOR DE PRESSÃO DE ÓLEO;INTERRUPTOR DE PRESSÃO DE ÓLEO;0;;
101;1519;09897;1519;101.09897;CATEGORIA0;;1;1;0;1;;JUNTA DO COLETOR DE ESCAPE;JUNTA DO COLETOR DE ESCAPE;0;;
101;1519;09898;1519;101.09898;CATEGORIA0;;1;1;0;1;;RETENTOR DO VEIO;RETENTOR DO VEIO;0;;
101;1519;09899;1519;101.09899;CATEGORIA0;;1;1;0;1;;RETENTOR DO VEIO;RETENTOR DO VEIO;0;;
101;1519;09900;1519;101.09900;CATEGORIA0;;1;1;0;1;;RETENTOR DO VEIO;RETENTOR DO VEIO;0;;
101;1519;09901;1519;101.09901;CATEGORIA0;;1;1;0;1;;FILTRO DE AR;FILTRO DE AR;0;;
101;1519;09902;1519;101.09902;CATEGORIA0;;1;1;0;1;;JUNTA DO CÁRTER INFERIOR;JUNTA DO CÁRTER INFERIOR;0;;
101;1519;09904;1519;101.09904;CATEGORIA0;;1;1;0;1;;INTERRUPTOR DE PRESSÃO DE ÓLEO;INTERRUPTOR DE PRESSÃO DE ÓLEO;0;;
101;1519;09905;1519;101.09905;CATEGORIA0;;1;1;0;1;;RETENTOR DO VEIO;RETENTOR DO VEIO;0;;
101;1519;09906;1519;101.09906;CATEGORIA0;;1;1;0;1;;RETENTOR DO VEIO;RETENTOR DO VEIO;0;;
101;1519;09908;1519;101.09908;CATEGORIA0;;1;1;0;1;;JUNTA DE TAMPA DE VÁLVULAS;JUNTA DE TAMPA DE VÁLVULAS;0;;
101;1519;09909;1519;101.09909;CATEGORIA0;;1;1;0;1;;JUNTA DE TAMPA DE VÁLVULAS;JUNTA DE TAMPA DE VÁLVULAS;0;;
101;1519;09910;1519;101.09910;CATEGORIA0;;1;1;0;1;;LÂMPADA DE ÓTICA;LÂMPADA DE ÓTICA;0;;
101;1519;09912;1519;101.09912;CATEGORIA0;;1;1;0;1;;BOMBA DE ÁGUA;BOMBA DE ÁGUA;0;;
101;1519;09913;1519;101.09913;CATEGORIA0;;1;1;0;1;;BARRA INTERMÉDIA DE DIREÇÃO;BARRA INTERMÉDIA DE DIREÇÃO;0;;
101;1519;09914;1519;101.09914;CATEGORIA0;;1;1;0;1;;ROLAMENTO DE RODA;ROLAMENTO DE RODA;0;;
101;1519;09915;1519;101.09915;CATEGORIA0;;1;1;0;1;;BORRACHA DE ENCOSTO;BORRACHA DE ENCOSTO;0;;
101;1519;09917;1519;101.09917;CATEGORIA0;;1;1;0;1;;JUNTA DO COLETOR DE ESCAPE;JUNTA DO COLETOR DE ESCAPE;0;;
101;1519;09919;1519;101.09919;CATEGORIA0;;1;1;0;1;;BARRA INTERMÉDIA DE DIREÇÃO;BARRA INTERMÉDIA DE DIREÇÃO;0;;
101;1519;09920;1519;101.09920;CATEGORIA0;;1;1;0;1;;BARRA INTERMÉDIA DE DIREÇÃO;BARRA INTERMÉDIA DE DIREÇÃO;0;;
101;1519;09921;1519;101.09921;CATEGORIA0;;1;1;0;1;;CRUZETA;CRUZETA;0;;
101;1519;09922;1519;101.09922;CATEGORIA0;;1;1;0;1;;ROLAMENTO DE RODA;ROLAMENTO DE RODA;0;;
101;1519;09923;1519;101.09923;CATEGORIA0;;1;1;0;1;;O-RING;O-RING;0;;
101;1519;09924;1519;101.09924;CATEGORIA0;;1;1;0;1;;VOLANTE DE MOTOR;VOLANTE DE MOTOR;0;;
101;1519;09925;1519;101.09925;CATEGORIA0;;1;1;0;1;;BARRA DE ACOPLAMENTO;BARRA DE ACOPLAMENTO;0;;
101;1519;09926;1519;101.09926;CATEGORIA0;;1;1;0;1;;FILTRO DE AR;FILTRO DE AR;0;;
101;1519;09927;1519;101.09927;CATEGORIA0;;1;1;0;1;;FILTRO DE AR;FILTRO DE AR;0;;
101;1519;09932;1519;101.09932;CATEGORIA0;;1;1;0;1;;BARRA INTERMÉDIA DE DIREÇÃO;BARRA INTERMÉDIA DE DIREÇÃO;0;;
101;1519;09933;1519;101.09933;CATEGORIA0;;1;1;0;1;;SUPORTE BARRA ESTABILIZADORA;SUPORTE BARRA ESTABILIZADORA;0;;
101;1519;09934;1519;101.09934;CATEGORIA0;;1;1;0;1;;JOGO DE REP. BOMBA DE ÁGUA;JOGO DE REP. BOMBA DE ÁGUA;0;;
101;1519;09935;1519;101.09935;CATEGORIA0;;1;1;0;1;;EIXO DA BOMBA DE ÁGUA;EIXO DA BOMBA DE ÁGUA;0;;
101;1519;09937;1519;101.09937;CATEGORIA0;;1;1;0;1;;JOGO PINO DO EIXO DIANTEIRO;JOGO PINO DO EIXO DIANTEIRO;0;;
101;1519;09939;1519;101.09939;CATEGORIA0;;1;1;0;1;;JOGO DE REP. BOMBA AUXILIAR DE EMBRAIAGEM;JOGO DE REP. BOMBA AUXILIAR DE EMBRAIAGEM;0;;
101;1519;09942;1519;101.09942;CATEGORIA0;;1;1;0;1;;JOGO DE REP. CAVILHA DE MOLA;JOGO DE REP. CAVILHA DE MOLA;0;;
101;1519;09944;1519;101.09944;CATEGORIA0;;1;1;0;1;;JOGO DE REP. CAVILHA DE MOLA;JOGO DE REP. CAVILHA DE MOLA;0;;
101;1519;09945;1519;101.09945;CATEGORIA0;;1;1;0;1;;JOGO DE REP. CAVILHA DE MOLA;JOGO DE REP. CAVILHA DE MOLA;0;;
101;1519;09946;1519;101.09946;CATEGORIA0;;1;1;0;1;;O-RING;O-RING;0;;
101;1519;09947;1519;101.09947;CATEGORIA0;;1;1;0;1;;O-RING;O-RING;0;;
101;1519;09948;1519;101.09948;CATEGORIA0;;1;1;0;1;;BUCHA DE FIXAÇÃO;BUCHA DE FIXAÇÃO;0;;
101;1519;09956;1519;101.09956;CATEGORIA0;;1;1;0;1;;PAINEL DE INSTRUMENTOS;PAINEL DE INSTRUMENTOS;0;;
101;1519;09957;1519;101.09957;CATEGORIA0;;1;1;0;1;;PAINEL DE INSTRUMENTOS;PAINEL DE INSTRUMENTOS;0;;
101;1519;09959;1519;101.09959;CATEGORIA0;;1;1;0;1;;CRUZETA;CRUZETA;0;;
101;1519;09960;1519;101.09960;CATEGORIA0;;1;1;0;1;;BARRA INTERMÉDIA DE DIREÇÃO;BARRA INTERMÉDIA DE DIREÇÃO;0;;
101;1519;09961;1519;101.09961;CATEGORIA0;;1;1;0;1;;BARRA INTERMÉDIA DE DIREÇÃO;BARRA INTERMÉDIA DE DIREÇÃO;0;;
101;1519;09962;1519;101.09962;CATEGORIA0;;1;1;0;1;;FOLE DA ALAVANCA DE MUDANÇAS;FOLE DA ALAVANCA DE MUDANÇAS;0;;
101;1519;09964;1519;101.09964;CATEGORIA0;;1;1;0;1;;SINALIZADOR ACÚSTICO;SINALIZADOR ACÚSTICO;0;;
101;1519;09966;1519;101.09966;CATEGORIA0;;1;1;0;1;;JUNTA DE TAMPA DE VÁLVULAS;JUNTA DE TAMPA DE VÁLVULAS;0;;
101;1519;09967;1519;101.09967;CATEGORIA0;;1;1;0;1;;MOLA PNEUMÁTICA;MOLA PNEUMÁTICA;0;;
101;1519;09968;1519;101.09968;CATEGORIA0;;1;1;0;1;;BARRA INTERMÉDIA DE DIREÇÃO;BARRA INTERMÉDIA DE DIREÇÃO;0;;
101;1519;09970;1519;101.09970;CATEGORIA0;;1;1;0;1;;O-RING;O-RING;0;;
101;1519;09971;1519;101.09971;CATEGORIA0;;1;1;0;1;;ROLAMENTO PILOTO;ROLAMENTO PILOTO;0;;
101;1519;09972;1519;101.09972;CATEGORIA0;;1;1;0;1;;BOMBA DE ÁGUA;BOMBA DE ÁGUA;0;;
101;1519;09976;1519;101.09976;CATEGORIA0;;1;1;0;1;;BOMBA DO ÓLEO;BOMBA DO ÓLEO;0;;
101;1519;09977;1519;101.09977;CATEGORIA0;;1;1;0;1;;BOMBA DO ÓLEO;BOMBA DO ÓLEO;0;;
101;1519;09982;1519;101.09982;CATEGORIA0;;1;1;0;1;;SERVO-EMBRAIAGEM;SERVO-EMBRAIAGEM;0;;
101;1519;09983;1519;101.09983;CATEGORIA0;;1;1;0;1;;AMORTECEDOR;AMORTECEDOR;0;;
101;1519;09984;1519;101.09984;CATEGORIA0;;1;1;0;1;;CABEÇA DE DIREÇÃO EXTERIOR;CABEÇA DE DIREÇÃO EXTERIOR;0;;
101;1519;09985;1519;101.09985;CATEGORIA0;;1;1;0;1;;CABEÇA DE DIREÇÃO EXTERIOR / BARRA INTERMÉDIA DE DIREÇÃO;CABEÇA DE DIREÇÃO EXTERIOR / BARRA INTERMÉDIA DE DIREÇÃO;0;;
101;1519;09986;1519;101.09986;CATEGORIA0;;1;1;0;1;;O-RING;O-RING;0;;
101;1519;09988;1519;101.09988;CATEGORIA0;;1;1;0;1;;BOMBA DE ÁGUA;BOMBA DE ÁGUA;0;;
101;1519;09995;1519;101.09995;CATEGORIA0;;1;1;0;1;;BUJÃO ROSCADO;BUJÃO ROSCADO;0;;
101;1519;10000;1519;101.10000;CATEGORIA0;;1;1;0;1;;ROLAMENTO DE RODA OU ROLAMENTO DO VEIO DA CAIXA DE VELOCIDAD;ROLAMENTO DE RODA OU ROLAMENTO DO VEIO DA CAIXA DE VELOCIDAD;0;;
101;1519;100000;1519;101.100000;CATEGORIA0;;1;1;0;1;;BOMBA CENTRAL DE EMBRAIAGEM;BOMBA CENTRAL DE EMBRAIAGEM;0;;
101;1519;100002;1519;101.100002;CATEGORIA0;;1;1;0;1;;JOGO DE FOLES DE TRANSMISSÃO;JOGO DE FOLES DE TRANSMISSÃO;0;;
101;1519;100003;1519;101.100003;CATEGORIA0;;1;1;0;1;;SISTEMA DE ESPELHOS;SISTEMA DE ESPELHOS;0;;
101;1519;100004;1519;101.100004;CATEGORIA0;;1;1;0;1;;ESPELHO PRINCIPAL;ESPELHO PRINCIPAL;0;;
101;1519;100005;1519;101.100005;CATEGORIA0;;1;1;0;1;;REVESTIMENTO;REVESTIMENTO;0;;
101;1519;100007;1519;101.100007;CATEGORIA0;;1;1;0;1;;VIDRO DE ESPELHO;VIDRO DE ESPELHO;0;;
101;1519;100008;1519;101.100008;CATEGORIA0;;1;1;0;1;;SISTEMA DE ESPELHOS;SISTEMA DE ESPELHOS;0;;
101;1519;100009;1519;101.100009;CATEGORIA0;;1;1;0;1;;KIT DE CABOS;KIT DE CABOS;0;;
101;1519;100010;1519;101.100010;CATEGORIA0;;1;1;0;1;;REVESTIMENTO;REVESTIMENTO;0;;
101;1519;100011;1519;101.100011;CATEGORIA0;;1;1;0;1;;VIDRO DE ESPELHO;VIDRO DE ESPELHO;0;;
101;1519;100012;1519;101.100012;CATEGORIA0;;1;1;0;1;;SISTEMA DE ESPELHOS;SISTEMA DE ESPELHOS;0;;
101;1519;100013;1519;101.100013;CATEGORIA0;;1;1;0;1;;ESPELHO PRINCIPAL;ESPELHO PRINCIPAL;0;;
101;1519;100014;1519;101.100014;CATEGORIA0;;1;1;0;1;;ESPELHO PRINCIPAL;ESPELHO PRINCIPAL;0;;
101;1519;100015;1519;101.100015;CATEGORIA0;;1;1;0;1;;ESPELHO PRINCIPAL;ESPELHO PRINCIPAL;0;;
101;1519;100016;1519;101.100016;CATEGORIA0;;1;1;0;1;;RETROVISOR DE RAMPA;RETROVISOR DE RAMPA;0;;
101;1519;100017;1519;101.100017;CATEGORIA0;;1;1;0;1;;ESPELHO PRINCIPAL;ESPELHO PRINCIPAL;0;;
101;1519;100018;1519;101.100018;CATEGORIA0;;1;1;0;1;;ESPELHO PRINCIPAL;ESPELHO PRINCIPAL;0;;
101;1519;100019;1519;101.100019;CATEGORIA0;;1;1;0;1;;ESPELHO DE ÂNGULO ALARGADO;ESPELHO DE ÂNGULO ALARGADO;0;;
101;1519;10002;1519;101.10002;CATEGORIA0;;1;1;0;1;;RETENTOR DO VEIO;RETENTOR DO VEIO;0;;
101;1519;100020;1519;101.100020;CATEGORIA0;;1;1;0;1;;VIDRO DE ESPELHO;VIDRO DE ESPELHO;0;;
101;1519;100021;1519;101.100021;CATEGORIA0;;1;1;0;1;;ESPELHO PRINCIPAL;ESPELHO PRINCIPAL;0;;
101;1519;100022;1519;101.100022;CATEGORIA0;;1;1;0;1;;SUPORTE;SUPORTE;0;;
101;1519;100023;1519;101.100023;CATEGORIA0;;1;1;0;1;;ESPELHO DIANTEIRO;ESPELHO DIANTEIRO;0;;
101;1519;100024;1519;101.100024;CATEGORIA0;;1;1;0;1;;SUPORTE;SUPORTE;0;;
101;1519;100025;1519;101.100025;CATEGORIA0;;1;1;0;1;;SUPORTE;SUPORTE;0;;
101;1519;100026;1519;101.100026;CATEGORIA0;;1;1;0;1;;VIDRO DE ESPELHO;VIDRO DE ESPELHO;0;;
101;1519;100027;1519;101.100027;CATEGORIA0;;1;1;0;1;;VIDRO DE ESPELHO;VIDRO DE ESPELHO;0;;
101;1519;100028;1519;101.100028;CATEGORIA0;;1;1;0;1;;ESPELHO PRINCIPAL;ESPELHO PRINCIPAL;0;;
101;1519;100029;1519;101.100029;CATEGORIA0;;1;1;0;1;;ESPELHO PRINCIPAL;ESPELHO PRINCIPAL;0;;
101;1519;10003;1519;101.10003;CATEGORIA0;;1;1;0;1;;BARRA INTERMÉDIA DE DIREÇÃO;BARRA INTERMÉDIA DE DIREÇÃO;0;;
101;1519;100030;1519;101.100030;CATEGORIA0;;1;1;0;1;;SUPORTE;SUPORTE;0;;
101;1519;100031;1519;101.100031;CATEGORIA0;;1;1;0;1;;ESPELHO DIANTEIRO;ESPELHO DIANTEIRO;0;;
101;1519;100032;1519;101.100032;CATEGORIA0;;1;1;0;1;;ESPELHO PRINCIPAL;ESPELHO PRINCIPAL;0;;
101;1519;100033;1519;101.100033;CATEGORIA0;;1;1;0;1;;VIDRO DE ESPELHO;VIDRO DE ESPELHO;0;;
101;1519;100034;1519;101.100034;CATEGORIA0;;1;1;0;1;;VIDRO DE ESPELHO;VIDRO DE ESPELHO;0;;
101;1519;100035;1519;101.100035;CATEGORIA0;;1;1;0;1;;VIDRO DE ESPELHO;VIDRO DE ESPELHO;0;;
101;1519;100036;1519;101.100036;CATEGORIA0;;1;1;0;1;;VIDRO DE ESPELHO;VIDRO DE ESPELHO;0;;
101;1519;100037;1519;101.100037;CATEGORIA0;;1;1;0;1;;VIDRO DE ESPELHO;VIDRO DE ESPELHO;0;;
101;1519;100038;1519;101.100038;CATEGORIA0;;1;1;0;1;;ESPELHO PRINCIPAL;ESPELHO PRINCIPAL;0;;
101;1519;10004;1519;101.10004;CATEGORIA0;;1;1;0;1;;BARRA INTERMÉDIA DE DIREÇÃO;BARRA INTERMÉDIA DE DIREÇÃO;0;;
101;1519;100040;1519;101.100040;CATEGORIA0;;1;1;0;1;;JOGO DE FOLES DE TRANSMISSÃO;JOGO DE FOLES DE TRANSMISSÃO;0;;
101;1519;100042;1519;101.100042;CATEGORIA0;;1;1;0;1;;JOGO DE FOLES DE TRANSMISSÃO;JOGO DE FOLES DE TRANSMISSÃO;0;;
101;1519;100043;1519;101.100043;CATEGORIA0;;1;1;0;1;;RESISTÊNCIA;RESISTÊNCIA;0;;
101;1519;100045;1519;101.100045;CATEGORIA0;;1;1;0;1;;JOGO DE FOLES DE TRANSMISSÃO;JOGO DE FOLES DE TRANSMISSÃO;0;;
101;1519;100047;1519;101.100047;CATEGORIA0;;1;1;0;1;;JOGO DE FOLES DE TRANSMISSÃO;JOGO DE FOLES DE TRANSMISSÃO;0;;
101;1519;100048;1519;101.100048;CATEGORIA0;;1;1;0;1;;RESISTÊNCIA;RESISTÊNCIA;0;;
101;1519;100049;1519;101.100049;CATEGORIA0;;1;1;0;1;;CORRENTE DE DISTRIBUIÇÃO;CORRENTE DE DISTRIBUIÇÃO;0;;
101;1519;10005;1519;101.10005;CATEGORIA0;;1;1;0;1;;DISCO DE TRAVÃO;DISCO DE TRAVÃO;0;;
101;1519;100050;1519;101.100050;CATEGORIA0;;1;1;0;1;;CORRENTE DE DISTRIBUIÇÃO;CORRENTE DE DISTRIBUIÇÃO;0;;
101;1519;100051;1519;101.100051;CATEGORIA0;;1;1;0;1;;CORRENTE DE DISTRIBUIÇÃO;CORRENTE DE DISTRIBUIÇÃO;0;;
101;1519;100052;1519;101.100052;CATEGORIA0;;1;1;0;1;;CASQUILHO DA BARRA ESTABILIZADORA;CASQUILHO DA BARRA ESTABILIZADORA;0;;
101;1519;100053;1519;101.100053;CATEGORIA0;;1;1;0;1;;VÁLVULA DE RELÉ;VÁLVULA DE RELÉ;0;;
101;1519;100054;1519;101.100054;CATEGORIA0;;1;1;0;1;;APOIO DE MOTOR;APOIO DE MOTOR;0;;
101;1519;100055;1519;101.100055;CATEGORIA0;;1;1;0;1;;RETENTOR;RETENTOR;0;;
101;1519;100056;1519;101.100056;CATEGORIA0;;1;1;0;1;;CASQUILHO DA BARRA ESTABILIZADORA;CASQUILHO DA BARRA ESTABILIZADORA;0;;
101;1519;100057;1519;101.100057;CATEGORIA0;;1;1;0;1;;CASQUILHO DA BARRA ESTABILIZADORA;CASQUILHO DA BARRA ESTABILIZADORA;0;;
101;1519;100058;1519;101.100058;CATEGORIA0;;1;1;0;1;;SERVOMOTOR;SERVOMOTOR;0;;
101;1519;100059;1519;101.100059;CATEGORIA0;;1;1;0;1;;SERVOMOTOR;SERVOMOTOR;0;;
101;1519;10006;1519;101.10006;CATEGORIA0;;1;1;0;1;;ÁRVORE DE CAMES;ÁRVORE DE CAMES;0;;
101;1519;100060;1519;101.100060;CATEGORIA0;;1;1;0;1;;SERVOMOTOR;SERVOMOTOR;0;;
101;1519;100061;1519;101.100061;CATEGORIA0;;1;1;0;1;;SENSOR DA PRESSÃO DO COMBUSTÍVEL;SENSOR DA PRESSÃO DO COMBUSTÍVEL;0;;
101;1519;100062;1519;101.100062;CATEGORIA0;;1;1;0;1;;BOBINA DE IGNIÇÃO;BOBINA DE IGNIÇÃO;0;;
101;1519;100063;1519;101.100063;CATEGORIA0;;1;1;0;1;;INJETOR;INJETOR;0;;
101;1519;100064;1519;101.100064;CATEGORIA0;;1;1;0;1;;RÓTULA DA BARRA DE DIREÇÃO;RÓTULA DA BARRA DE DIREÇÃO;0;;
101;1519;100065;1519;101.100065;CATEGORIA0;;1;1;0;1;;VÁLVULA DE COMANDO;VÁLVULA DE COMANDO;0;;
101;1519;100066;1519;101.100066;CATEGORIA0;;1;1;0;1;;VÁLVULA DE COMANDO;VÁLVULA DE COMANDO;0;;
101;1519;100067;1519;101.100067;CATEGORIA0;;1;1;0;1;;CORRENTE DE DISTRIBUIÇÃO;CORRENTE DE DISTRIBUIÇÃO;0;;
101;1519;100068;1519;101.100068;CATEGORIA0;;1;1;0;1;;CORRENTE DE DISTRIBUIÇÃO;CORRENTE DE DISTRIBUIÇÃO;0;;
101;1519;100069;1519;101.100069;CATEGORIA0;;1;1;0;1;;CORRENTE;CORRENTE;0;;
101;1519;10007;1519;101.10007;CATEGORIA0;;1;1;0;1;;GUIA DE VÁLVULA;GUIA DE VÁLVULA;0;;
101;1519;100070;1519;101.100070;CATEGORIA0;;1;1;0;1;;CORRENTE;CORRENTE;0;;
101;1519;100071;1519;101.100071;CATEGORIA0;;1;1;0;1;;CORRENTE DE DISTRIBUIÇÃO;CORRENTE DE DISTRIBUIÇÃO;0;;
101;1519;100072;1519;101.100072;CATEGORIA0;;1;1;0;1;;CORRENTE;CORRENTE;0;;
101;1519;100073;1519;101.100073;CATEGORIA0;;1;1;0;1;;CORRENTE;CORRENTE;0;;
101;1519;100074;1519;101.100074;CATEGORIA0;;1;1;0;1;;CORRENTE;CORRENTE;0;;
101;1519;100075;1519;101.100075;CATEGORIA0;;1;1;0;1;;CORRENTE DE DISTRIBUIÇÃO;CORRENTE DE DISTRIBUIÇÃO;0;;
101;1519;100076;1519;101.100076;CATEGORIA0;;1;1;0;1;;CASQUILHO DA BARRA ESTABILIZADORA;CASQUILHO DA BARRA ESTABILIZADORA;0;;
101;1519;100077;1519;101.100077;CATEGORIA0;;1;1;0;1;;RETENTOR;RETENTOR;0;;
101;1519;100078;1519;101.100078;CATEGORIA0;;1;1;0;1;;RETENTOR;RETENTOR;0;;
101;1519;100079;1519;101.100079;CATEGORIA0;;1;1;0;1;;SUPORTE DO DISPOSITIVO AMORTECEDOR;SUPORTE DO DISPOSITIVO AMORTECEDOR;0;;
101;1519;10008;1519;101.10008;CATEGORIA0;;1;1;0;1;;JOGO DE ÁRVORE DE CAMES;JOGO DE ÁRVORE DE CAMES;0;;
101;1519;100080;1519;101.100080;CATEGORIA0;;1;1;0;1;;VÁLVULA DE TRAVÃO DO MOTOR;VÁLVULA DE TRAVÃO DO MOTOR;0;;
101;1519;100081;1519;101.100081;CATEGORIA0;;1;1;0;1;;PINO DA RODA;PINO DA RODA;0;;
101;1519;100082;1519;101.100082;CATEGORIA0;;1;1;0;1;;PINO DA RODA;PINO DA RODA;0;;
101;1519;100083;1519;101.100083;CATEGORIA0;;1;1;0;1;;INTERRUPTOR;INTERRUPTOR;0;;
101;1519;100084;1519;101.100084;CATEGORIA0;;1;1;0;1;;VÁLVULA DE VENTILAÇÃO;VÁLVULA DE VENTILAÇÃO;0;;
101;1519;100085;1519;101.100085;CATEGORIA0;;1;1;0;1;;BOMBA DA DIREÇÃO ASSISTIDA;BOMBA DA DIREÇÃO ASSISTIDA;0;;
101;1519;100086;1519;101.100086;CATEGORIA0;;1;1;0;1;;COXIM DE MOLA;COXIM DE MOLA;0;;
101;1519;100087;1519;101.100087;CATEGORIA0;;1;1;0;1;;APOIO DE MOTOR;APOIO DE MOTOR;0;;
101;1519;100088;1519;101.100088;CATEGORIA0;;1;1;0;1;;RADIADOR DE ÓLEO;RADIADOR DE ÓLEO;0;;
101;1519;100089;1519;101.100089;CATEGORIA0;;1;1;0;1;;DISCO DE AJUSTE;DISCO DE AJUSTE;0;;
101;1519;10009;1519;101.10009;CATEGORIA0;;1;1;0;1;;ÁRVORE DE CAMES;ÁRVORE DE CAMES;0;;
101;1519;100090;1519;101.100090;CATEGORIA0;;1;1;0;1;;SENSOR;SENSOR;0;;
101;1519;100091;1519;101.100091;CATEGORIA0;;1;1;0;1;;POLIE DE DESVIO;POLIE DE DESVIO;0;;
101;1519;100092;1519;101.100092;CATEGORIA0;;1;1;0;1;;TENSOR DE CORREIA;TENSOR DE CORREIA;0;;
101;1519;100093;1519;101.100093;CATEGORIA0;;1;1;0;1;;POLIE DE DESVIO;POLIE DE DESVIO;0;;
101;1519;100094;1519;101.100094;CATEGORIA0;;1;1;0;1;;TENSOR DE CORREIA;TENSOR DE CORREIA;0;;
101;1519;100095;1519;101.100095;CATEGORIA0;;1;1;0;1;;TENSOR DE CORREIA;TENSOR DE CORREIA;0;;
101;1519;100097;1519;101.100097;CATEGORIA0;;1;1;0;1;;TENSOR DE CORREIA;TENSOR DE CORREIA;0;;
101;1519;100098;1519;101.100098;CATEGORIA0;;1;1;0;1;;POLIE DE DESVIO;POLIE DE DESVIO;0;;
101;1519;100099;1519;101.100099;CATEGORIA0;;1;1;0;1;;POLIE DE DESVIO;POLIE DE DESVIO;0;;
101;1519;10010;1519;101.10010;CATEGORIA0;;1;1;0;1;;JOGO DE ÁRVORE DE CAMES;JOGO DE ÁRVORE DE CAMES;0;;
101;1519;100101;1519;101.100101;CATEGORIA0;;1;1;0;1;;CASQUILHO DA MOLA DE SUSPENSÃO;CASQUILHO DA MOLA DE SUSPENSÃO;0;;
101;1519;100102;1519;101.100102;CATEGORIA0;;1;1;0;1;;CASQUILHO DA BARRA ESTABILIZADORA;CASQUILHO DA BARRA ESTABILIZADORA;0;;
101;1519;100103;1519;101.100103;CATEGORIA0;;1;1;0;1;;CASQUILHO DA BARRA ESTABILIZADORA;CASQUILHO DA BARRA ESTABILIZADORA;0;;
101;1519;100104;1519;101.100104;CATEGORIA0;;1;1;0;1;;CASQUILHO;CASQUILHO;0;;
101;1519;100105;1519;101.100105;CATEGORIA0;;1;1;0;1;;BORRACHA DE ENCOSTO;BORRACHA DE ENCOSTO;0;;
101;1519;100106;1519;101.100106;CATEGORIA0;;1;1;0;1;;CASQUILHO DA BARRA ESTABILIZADORA;CASQUILHO DA BARRA ESTABILIZADORA;0;;
101;1519;100107;1519;101.100107;CATEGORIA0;;1;1;0;1;;BARRA DE DIREÇÃO;BARRA DE DIREÇÃO;0;;
101;1519;100108;1519;101.100108;CATEGORIA0;;1;1;0;1;;JOGO DE JUNTAS;JOGO DE JUNTAS;0;;
101;1519;100109;1519;101.100109;CATEGORIA0;;1;1;0;1;;SENSOR;SENSOR;0;;
101;1519;10011;1519;101.10011;CATEGORIA0;;1;1;0;1;;ÁRVORE DE CAMES;ÁRVORE DE CAMES;0;;
101;1519;100110;1519;101.100110;CATEGORIA0;;1;1;0;1;;SISTEMA DE ESPELHOS;SISTEMA DE ESPELHOS;0;;
101;1519;100111;1519;101.100111;CATEGORIA0;;1;1;0;1;;SISTEMA DE ESPELHOS;SISTEMA DE ESPELHOS;0;;
101;1519;100112;1519;101.100112;CATEGORIA0;;1;1;0;1;;SISTEMA DE ESPELHOS;SISTEMA DE ESPELHOS;0;;
101;1519;100113;1519;101.100113;CATEGORIA0;;1;1;0;1;;VIDRO DE ESPELHO;VIDRO DE ESPELHO;0;;
101;1519;100114;1519;101.100114;CATEGORIA0;;1;1;0;1;;SEPARADOR DE ÓLEO;SEPARADOR DE ÓLEO;0;;
101;1519;100115;1519;101.100115;CATEGORIA0;;1;1;0;1;;ESPELHO PRINCIPAL;ESPELHO PRINCIPAL;0;;
101;1519;100116;1519;101.100116;CATEGORIA0;;1;1;0;1;;ESPELHO PRINCIPAL;ESPELHO PRINCIPAL;0;;
101;1519;100117;1519;101.100117;CATEGORIA0;;1;1;0;1;;ESPELHO DE ÂNGULO ALARGADO;ESPELHO DE ÂNGULO ALARGADO;0;;
101;1519;100118;1519;101.100118;CATEGORIA0;;1;1;0;1;;ESPELHO DE ÂNGULO ALARGADO;ESPELHO DE ÂNGULO ALARGADO;0;;
101;1519;100119;1519;101.100119;CATEGORIA0;;1;1;0;1;;VIDRO DE ESPELHO;VIDRO DE ESPELHO;0;;
101;1519;100120;1519;101.100120;CATEGORIA0;;1;1;0;1;;ESPELHO PRINCIPAL;ESPELHO PRINCIPAL;0;;
101;1519;100126;1519;101.100126;CATEGORIA0;;1;1;0;1;;RADIADOR DE ÓLEO;RADIADOR DE ÓLEO;0;;
101;1519;100127;1519;101.100127;CATEGORIA0;;1;1;0;1;;RADIADOR DE ÓLEO;RADIADOR DE ÓLEO;0;;
101;1519;100128;1519;101.100128;CATEGORIA0;;1;1;0;1;;RADIADOR DE ÓLEO;RADIADOR DE ÓLEO;0;;
101;1519;100129;1519;101.100129;CATEGORIA0;;1;1;0;1;;FILTRO DE TRANSMISSÃO;FILTRO DE TRANSMISSÃO;0;;
101;1519;10013;1519;101.10013;CATEGORIA0;;1;1;0;1;;BOMBA DE ÁGUA;BOMBA DE ÁGUA;0;;
101;1519;100130;1519;101.100130;CATEGORIA0;;1;1;0;1;;CONJUNTO DE FILTROS DO ÓLEO DA TRANSMISSÃO;CONJUNTO DE FILTROS DO ÓLEO DA TRANSMISSÃO;0;;
101;1519;100132;1519;101.100132;CATEGORIA0;;1;1;0;1;;RADIADOR DE ÓLEO;RADIADOR DE ÓLEO;0;;
101;1519;100133;1519;101.100133;CATEGORIA0;;1;1;0;1;;VÁLVULA DE VENTILAÇÃO;VÁLVULA DE VENTILAÇÃO;0;;
101;1519;100134;1519;101.100134;CATEGORIA0;;1;1;0;1;;SUPORTE DE BORRACHA;SUPORTE DE BORRACHA;0;;
101;1519;100135;1519;101.100135;CATEGORIA0;;1;1;0;1;;VÁLVULA DE VENTILAÇÃO;VÁLVULA DE VENTILAÇÃO;0;;
101;1519;10014;1519;101.10014;CATEGORIA0;;1;1;0;1;;APOIO DE MOTOR;APOIO DE MOTOR;0;;
101;1519;100140;1519;101.100140;CATEGORIA0;;1;1;0;1;;KIT DE CORRENTE DE DISTRIBUIÇÃO;KIT DE CORRENTE DE DISTRIBUIÇÃO;0;;
101;1519;100146;1519;101.100146;CATEGORIA0;;1;1;0;1;;JUNTA DO COLETOR DE ESCAPE;JUNTA DO COLETOR DE ESCAPE;0;;
101;1519;100147;1519;101.100147;CATEGORIA0;;1;1;0;1;;FOLE DE PASSAGEM;FOLE DE PASSAGEM;0;;
101;1519;100148;1519;101.100148;CATEGORIA0;;1;1;0;1;;TUBO FLEXÍVEL;TUBO FLEXÍVEL;0;;
101;1519;100149;1519;101.100149;CATEGORIA0;;1;1;0;1;;VÁLVULA DE VENTILAÇÃO;VÁLVULA DE VENTILAÇÃO;0;;
101;1519;10015;1519;101.10015;CATEGORIA0;;1;1;0;1;;SUPORTE DE BORRACHA PARA ESCAPE;SUPORTE DE BORRACHA PARA ESCAPE;0;;
101;1519;100150;1519;101.100150;CATEGORIA0;;1;1;0;1;;APOIO DE MOTOR;APOIO DE MOTOR;0;;
101;1519;100151;1519;101.100151;CATEGORIA0;;1;1;0;1;;JOGO DE REP. VOLANTE DE MOTOR;JOGO DE REP. VOLANTE DE MOTOR;0;;
101;1519;100152;1519;101.100152;CATEGORIA0;;1;1;0;1;;POLIE DE DESVIO;POLIE DE DESVIO;0;;
101;1519;100153;1519;101.100153;CATEGORIA0;;1;1;0;1;;TENSOR;TENSOR;0;;
101;1519;100154;1519;101.100154;CATEGORIA0;;1;1;0;1;;POLIE DE DESVIO;POLIE DE DESVIO;0;;
101;1519;100155;1519;101.100155;CATEGORIA0;;1;1;0;1;;POLIE DE DESVIO;POLIE DE DESVIO;0;;
101;1519;100156;1519;101.100156;CATEGORIA0;;1;1;0;1;;JOGO DE REP. VOLANTE DE MOTOR;JOGO DE REP. VOLANTE DE MOTOR;0;;
101;1519;100157;1519;101.100157;CATEGORIA0;;1;1;0;1;;APOIO DE MOTOR;APOIO DE MOTOR;0;;
101;1519;100158;1519;101.100158;CATEGORIA0;;1;1;0;1;;CASQUILHO DA MOLA DE SUSPENSÃO;CASQUILHO DA MOLA DE SUSPENSÃO;0;;
101;1519;100159;1519;101.100159;CATEGORIA0;;1;1;0;1;;CASQUILHO;CASQUILHO;0;;
101;1519;10016;1519;101.10016;CATEGORIA0;;1;1;0;1;;APOIO DA BARRA TRANSVERSAL;APOIO DA BARRA TRANSVERSAL;0;;
101;1519;100160;1519;101.100160;CATEGORIA0;;1;1;0;1;;CINZEIRO;CINZEIRO;0;;
101;1519;100161;1519;101.100161;CATEGORIA0;;1;1;0;1;;BOMBA DA DIREÇÃO ASSISTIDA;BOMBA DA DIREÇÃO ASSISTIDA;0;;
101;1519;100162;1519;101.100162;CATEGORIA0;;1;1;0;1;;ANEL DE JUNÇÃO;ANEL DE JUNÇÃO;0;;
101;1519;100163;1519;101.100163;CATEGORIA0;;1;1;0;1;;POLIE DE DESVIO;POLIE DE DESVIO;0;;
101;1519;100164;1519;101.100164;CATEGORIA0;;1;1;0;1;;PINO DA RODA;PINO DA RODA;0;;
101;1519;100165;1519;101.100165;CATEGORIA0;;1;1;0;1;;RETENTOR;RETENTOR;0;;
101;1519;100166;1519;101.100166;CATEGORIA0;;1;1;0;1;;PINO DA RODA;PINO DA RODA;0;;
101;1519;100167;1519;101.100167;CATEGORIA0;;1;1;0;1;;LINGUETA DE FIXAÇÃO;LINGUETA DE FIXAÇÃO;0;;
101;1519;100168;1519;101.100168;CATEGORIA0;;1;1;0;1;;TENSOR DE CORREIA;TENSOR DE CORREIA;0;;
101;1519;100169;1519;101.100169;CATEGORIA0;;1;1;0;1;;TENSOR DE CORREIA;TENSOR DE CORREIA;0;;
101;1519;10017;1519;101.10017;CATEGORIA0;;1;1;0;1;;SUPORTE DE TRANSMISSÃO;SUPORTE DE TRANSMISSÃO;0;;
101;1519;100170;1519;101.100170;CATEGORIA0;;1;1;0;1;;CORREIA DE DISTRIBUIÇÃO;CORREIA DE DISTRIBUIÇÃO;0;;
101;1519;100171;1519;101.100171;CATEGORIA0;;1;1;0;1;;POLIE DE DESVIO;POLIE DE DESVIO;0;;
101;1519;100172;1519;101.100172;CATEGORIA0;;1;1;0;1;;POLIE DE DESVIO;POLIE DE DESVIO;0;;
101;1519;100173;1519;101.100173;CATEGORIA0;;1;1;0;1;;POLIE DE DESVIO;POLIE DE DESVIO;0;;
101;1519;100174;1519;101.100174;CATEGORIA0;;1;1;0;1;;TUCHE DE VÁLVULAS;TUCHE DE VÁLVULAS;0;;
101;1519;100177;1519;101.100177;CATEGORIA0;;1;1;0;1;;JOGO DE ROLAMENTO DE RODA;JOGO DE ROLAMENTO DE RODA;0;;
101;1519;100178;1519;101.100178;CATEGORIA0;;1;1;0;1;;UNIDADE DE COMUTAÇÃO;UNIDADE DE COMUTAÇÃO;0;;
101;1519;100179;1519;101.100179;CATEGORIA0;;1;1;0;1;;SENSOR;SENSOR;0;;
101;1519;10018;1519;101.10018;CATEGORIA0;;1;1;0;1;;CASQUILHO DO BRAÇO OSCILANTE;CASQUILHO DO BRAÇO OSCILANTE;0;;
101;1519;100180;1519;101.100180;CATEGORIA0;;1;1;0;1;;MANCAL DO VEIO DA CAIXA DE VELOCIDADES;MANCAL DO VEIO DA CAIXA DE VELOCIDADES;0;;
101;1519;100182;1519;101.100182;CATEGORIA0;;1;1;0;1;;SUPORTE DO DISPOSITIVO AMORTECEDOR;SUPORTE DO DISPOSITIVO AMORTECEDOR;0;;
101;1519;100186;1519;101.100186;CATEGORIA0;;1;1;0;1;;KIT DE CORRENTE DE DISTRIBUIÇÃO;KIT DE CORRENTE DE DISTRIBUIÇÃO;0;;
101;1519;100187;1519;101.100187;CATEGORIA0;;1;1;0;1;;JOGO DE JUNTAS PARA TAMPAS DE VÁLVULA;JOGO DE JUNTAS PARA TAMPAS DE VÁLVULA;0;;
101;1519;100188;1519;101.100188;CATEGORIA0;;1;1;0;1;;TENSOR DE CORREIA;TENSOR DE CORREIA;0;;
101;1519;10019;1519;101.10019;CATEGORIA0;;1;1;0;1;;CASQUILHO DO BRAÇO OSCILANTE;CASQUILHO DO BRAÇO OSCILANTE;0;;
101;1519;100190;1519;101.100190;CATEGORIA0;;1;1;0;1;;JOGO DE FOLES DE TRANSMISSÃO;JOGO DE FOLES DE TRANSMISSÃO;0;;
101;1519;100192;1519;101.100192;CATEGORIA0;;1;1;0;1;;JOGO DE FOLES DE TRANSMISSÃO;JOGO DE FOLES DE TRANSMISSÃO;0;;
101;1519;100193;1519;101.100193;CATEGORIA0;;1;1;0;1;;TUCHE DE VÁLVULAS;TUCHE DE VÁLVULAS;0;;
101;1519;100195;1519;101.100195;CATEGORIA0;;1;1;0;1;;JOGO DE FOLES DE TRANSMISSÃO;JOGO DE FOLES DE TRANSMISSÃO;0;;
101;1519;100197;1519;101.100197;CATEGORIA0;;1;1;0;1;;JOGO DE FOLES DE TRANSMISSÃO;JOGO DE FOLES DE TRANSMISSÃO;0;;
101;1519;100199;1519;101.100199;CATEGORIA0;;1;1;0;1;;JOGO DE FOLES DE TRANSMISSÃO;JOGO DE FOLES DE TRANSMISSÃO;0;;
101;1519;10020;1519;101.10020;CATEGORIA0;;1;1;0;1;;CASQUILHO DO BRAÇO OSCILANTE;CASQUILHO DO BRAÇO OSCILANTE;0;;
101;1519;100200;1519;101.100200;CATEGORIA0;;1;1;0;1;;FOLE DE TRANSMISSÃO;FOLE DE TRANSMISSÃO;0;;
101;1519;100201;1519;101.100201;CATEGORIA0;;1;1;0;1;;JOGO DE FOLES DE TRANSMISSÃO;JOGO DE FOLES DE TRANSMISSÃO;0;;
101;1519;100202;1519;101.100202;CATEGORIA0;;1;1;0;1;;SUPORTE BARRA ESTABILIZADORA;SUPORTE BARRA ESTABILIZADORA;0;;
101;1519;100206;1519;101.100206;CATEGORIA0;;1;1;0;1;;JOGO DE FOLES DE TRANSMISSÃO;JOGO DE FOLES DE TRANSMISSÃO;0;;
101;1519;100207;1519;101.100207;CATEGORIA0;;1;1;0;1;;CORPO DA BORBOLETA DE ADMISSÃO;CORPO DA BORBOLETA DE ADMISSÃO;0;;
101;1519;100209;1519;101.100209;CATEGORIA0;;1;1;0;1;;JOGO DE FOLES DE TRANSMISSÃO;JOGO DE FOLES DE TRANSMISSÃO;0;;
101;1519;10021;1519;101.10021;CATEGORIA0;;1;1;0;1;;CASQUILHO DO BRAÇO OSCILANTE;CASQUILHO DO BRAÇO OSCILANTE;0;;
101;1519;100210;1519;101.100210;CATEGORIA0;;1;1;0;1;;BARRA DE DIREÇÃO;BARRA DE DIREÇÃO;0;;
101;1519;100212;1519;101.100212;CATEGORIA0;;1;1;0;1;;JOGO DE FOLES DE TRANSMISSÃO;JOGO DE FOLES DE TRANSMISSÃO;0;;
101;1519;100214;1519;101.100214;CATEGORIA0;;1;1;0;1;;JOGO DE FOLES DE TRANSMISSÃO;JOGO DE FOLES DE TRANSMISSÃO;0;;
101;1519;100216;1519;101.100216;CATEGORIA0;;1;1;0;1;;JOGO DE FOLES DE TRANSMISSÃO;JOGO DE FOLES DE TRANSMISSÃO;0;;
101;1519;100217;1519;101.100217;CATEGORIA0;;1;1;0;1;;JUNTA;JUNTA;0;;
101;1519;100218;1519;101.100218;CATEGORIA0;;1;1;0;1;;SONDA LAMBDA;SONDA LAMBDA;0;;
101;1519;100219;1519;101.100219;CATEGORIA0;;1;1;0;1;;SONDA LAMBDA;SONDA LAMBDA;0;;
101;1519;10022;1519;101.10022;CATEGORIA0;;1;1;0;1;;CASQUILHO DA BARRA ESTABILIZADORA;CASQUILHO DA BARRA ESTABILIZADORA;0;;
101;1519;100220;1519;101.100220;CATEGORIA0;;1;1;0;1;;APOIO DE MOTOR;APOIO DE MOTOR;0;;
101;1519;100222;1519;101.100222;CATEGORIA0;;1;1;0;1;;JOGO DE FOLES DE TRANSMISSÃO;JOGO DE FOLES DE TRANSMISSÃO;0;;
101;1519;100224;1519;101.100224;CATEGORIA0;;1;1;0;1;;JOGO DE FOLES DE TRANSMISSÃO;JOGO DE FOLES DE TRANSMISSÃO;0;;
101;1519;100225;1519;101.100225;CATEGORIA0;;1;1;0;1;;APOIO DE MOTOR;APOIO DE MOTOR;0;;
101;1519;100226;1519;101.100226;CATEGORIA0;;1;1;0;1;;VÁLVULA DE SEGURANÇA PARA MULTI-CIRCUITOS;VÁLVULA DE SEGURANÇA PARA MULTI-CIRCUITOS;0;;
101;1519;100227;1519;101.100227;CATEGORIA0;;1;1;0;1;;APOIO DE LIMPA-VIDROS;APOIO DE LIMPA-VIDROS;0;;
101;1519;100228;1519;101.100228;CATEGORIA0;;1;1;0;1;;TERMÓSTATO;TERMÓSTATO;0;;
101;1519;100229;1519;101.100229;CATEGORIA0;;1;1;0;1;;SENSOR;SENSOR;0;;
101;1519;10023;1519;101.10023;CATEGORIA0;;1;1;0;1;;CASQUILHO DA BARRA ESTABILIZADORA;CASQUILHO DA BARRA ESTABILIZADORA;0;;
101;1519;100230;1519;101.100230;CATEGORIA0;;1;1;0;1;;JUNTA DO CÁRTER INFERIOR;JUNTA DO CÁRTER INFERIOR;0;;
101;1519;100231;1519;101.100231;CATEGORIA0;;1;1;0;1;;JUNTA DO CÁRTER INFERIOR;JUNTA DO CÁRTER INFERIOR;0;;
101;1519;100232;1519;101.100232;CATEGORIA0;;1;1;0;1;;TERMÓSTATO;TERMÓSTATO;0;;
101;1519;100233;1519;101.100233;CATEGORIA0;;1;1;0;1;;TERMÓSTATO;TERMÓSTATO;0;;
101;1519;100234;1519;101.100234;CATEGORIA0;;1;1;0;1;;PARAFUSO DA CABEÇA DO MOTOR;PARAFUSO DA CABEÇA DO MOTOR;0;;
101;1519;100235;1519;101.100235;CATEGORIA0;;1;1;0;1;;SUPORTE DO DISPOSITIVO AMORTECEDOR;SUPORTE DO DISPOSITIVO AMORTECEDOR;0;;
101;1519;100236;1519;101.100236;CATEGORIA0;;1;1;0;1;;CORREIA DE DISTRIBUIÇÃO;CORREIA DE DISTRIBUIÇÃO;0;;
101;1519;100237;1519;101.100237;CATEGORIA0;;1;1;0;1;;CORREIA DE DISTRIBUIÇÃO;CORREIA DE DISTRIBUIÇÃO;0;;
101;1519;100238;1519;101.100238;CATEGORIA0;;1;1;0;1;;CORREIA DE DISTRIBUIÇÃO;CORREIA DE DISTRIBUIÇÃO;0;;
101;1519;100239;1519;101.100239;CATEGORIA0;;1;1;0;1;;POLIE DE DESVIO;POLIE DE DESVIO;0;;
101;1519;10024;1519;101.10024;CATEGORIA0;;1;1;0;1;;BARRA DE ACOPLAMENTO;BARRA DE ACOPLAMENTO;0;;
101;1519;100241;1519;101.100241;CATEGORIA0;;1;1;0;1;;VEIO DE ENCAIXE;VEIO DE ENCAIXE;0;;
101;1519;100242;1519;101.100242;CATEGORIA0;;1;1;0;1;;TUBO FLEXÍVEL DO AR DE SOBREALIMENTAÇÃO;TUBO FLEXÍVEL DO AR DE SOBREALIMENTAÇÃO;0;;
101;1519;100244;1519;101.100244;CATEGORIA0;;1;1;0;1;;REVESTIMENTO DE PEDAL;REVESTIMENTO DE PEDAL;0;;
101;1519;100245;1519;101.100245;CATEGORIA0;;1;1;0;1;;TUBO DO RADIADOR;TUBO DO RADIADOR;0;;
101;1519;100246;1519;101.100246;CATEGORIA0;;1;1;0;1;;CASQUILHO DA BARRA ESTABILIZADORA;CASQUILHO DA BARRA ESTABILIZADORA;0;;
101;1519;100247;1519;101.100247;CATEGORIA0;;1;1;0;1;;RETENTOR;RETENTOR;0;;
101;1519;100248;1519;101.100248;CATEGORIA0;;1;1;0;1;;CONJUNTO DE FILTROS DO ÓLEO DA TRANSMISSÃO;CONJUNTO DE FILTROS DO ÓLEO DA TRANSMISSÃO;0;;
101;1519;100249;1519;101.100249;CATEGORIA0;;1;1;0;1;;CONJUNTO DE FILTROS DO ÓLEO DA TRANSMISSÃO;CONJUNTO DE FILTROS DO ÓLEO DA TRANSMISSÃO;0;;
101;1519;10025;1519;101.10025;CATEGORIA0;;1;1;0;1;;BARRA DE ACOPLAMENTO;BARRA DE ACOPLAMENTO;0;;
101;1519;100250;1519;101.100250;CATEGORIA0;;1;1;0;1;;CONJUNTO DE FILTROS DO ÓLEO DA TRANSMISSÃO;CONJUNTO DE FILTROS DO ÓLEO DA TRANSMISSÃO;0;;
101;1519;100251;1519;101.100251;CATEGORIA0;;1;1;0;1;;RETENTOR;RETENTOR;0;;
101;1519;100252;1519;101.100252;CATEGORIA0;;1;1;0;1;;POLIE DE DESVIO;POLIE DE DESVIO;0;;
101;1519;100253;1519;101.100253;CATEGORIA0;;1;1;0;1;;CONJUNTO DE FILTROS DO ÓLEO DA TRANSMISSÃO;CONJUNTO DE FILTROS DO ÓLEO DA TRANSMISSÃO;0;;
101;1519;100254;1519;101.100254;CATEGORIA0;;1;1;0;1;;CONJUNTO DE FILTROS DO ÓLEO DA TRANSMISSÃO;CONJUNTO DE FILTROS DO ÓLEO DA TRANSMISSÃO;0;;
101;1519;100255;1519;101.100255;CATEGORIA0;;1;1;0;1;;CORRENTE DE DISTRIBUIÇÃO;CORRENTE DE DISTRIBUIÇÃO;0;;
101;1519;100256;1519;101.100256;CATEGORIA0;;1;1;0;1;;O-RING;O-RING;0;;
101;1519;100257;1519;101.100257;CATEGORIA0;;1;1;0;1;;ROLAMENTO DE ROLOS;ROLAMENTO DE ROLOS;0;;
101;1519;100258;1519;101.100258;CATEGORIA0;;1;1;0;1;;SERVO-EMBRAIAGEM;SERVO-EMBRAIAGEM;0;;
101;1519;100259;1519;101.100259;CATEGORIA0;;1;1;0;1;;BRAÇO DE SUSPENSÃO;BRAÇO DE SUSPENSÃO;0;;
101;1519;10026;1519;101.10026;CATEGORIA0;;1;1;0;1;;APOIO DA BARRA TRANSVERSAL;APOIO DA BARRA TRANSVERSAL;0;;
101;1519;100260;1519;101.100260;CATEGORIA0;;1;1;0;1;;BRAÇO DE SUSPENSÃO;BRAÇO DE SUSPENSÃO;0;;
101;1519;100261;1519;101.100261;CATEGORIA0;;1;1;0;1;;COLAR DE MOLA;COLAR DE MOLA;0;;
101;1519;100262;1519;101.100262;CATEGORIA0;;1;1;0;1;;TUBO DE COMBUSTÍVEL;TUBO DE COMBUSTÍVEL;0;;
101;1519;100264;1519;101.100264;CATEGORIA0;;1;1;0;1;;CÁRTER INFERIOR;CÁRTER INFERIOR;0;;
101;1519;100265;1519;101.100265;CATEGORIA0;;1;1;0;1;;JUNTA DO CÁRTER INFERIOR;JUNTA DO CÁRTER INFERIOR;0;;
101;1519;100266;1519;101.100266;CATEGORIA0;;1;1;0;1;;CONJUNTO DE FILTROS DO ÓLEO DA TRANSMISSÃO;CONJUNTO DE FILTROS DO ÓLEO DA TRANSMISSÃO;0;;
101;1519;100267;1519;101.100267;CATEGORIA0;;1;1;0;1;;JUNTA;JUNTA;0;;
101;1519;100268;1519;101.100268;CATEGORIA0;;1;1;0;1;;ROLAMENTO DE ROLOS CÓNICOS;ROLAMENTO DE ROLOS CÓNICOS;0;;
101;1519;100269;1519;101.100269;CATEGORIA0;;1;1;0;1;;APOIO DE MOTOR;APOIO DE MOTOR;0;;
101;1519;10027;1519;101.10027;CATEGORIA0;;1;1;0;1;;BORRACHA DE ENCOSTO;BORRACHA DE ENCOSTO;0;;
101;1519;100270;1519;101.100270;CATEGORIA0;;1;1;0;1;;APOIO DE MOTOR;APOIO DE MOTOR;0;;
101;1519;100271;1519;101.100271;CATEGORIA0;;1;1;0;1;;TUBO DE COMBUSTÍVEL;TUBO DE COMBUSTÍVEL;0;;
101;1519;100272;1519;101.100272;CATEGORIA0;;1;1;0;1;;TUBO DE COMBUSTÍVEL;TUBO DE COMBUSTÍVEL;0;;
101;1519;100275;1519;101.100275;CATEGORIA0;;1;1;0;1;;VÁLVULA EGR;VÁLVULA EGR;0;;
101;1519;100276;1519;101.100276;CATEGORIA0;;1;1;0;1;;VÁLVULA EGR;VÁLVULA EGR;0;;
101;1519;100277;1519;101.100277;CATEGORIA0;;1;1;0;1;;RETENTOR DO VEIO;RETENTOR DO VEIO;0;;
101;1519;100278;1519;101.100278;CATEGORIA0;;1;1;0;1;;ROLAMENTO DE RODA OU ROLAMENTO DO VEIO DA CAIXA DE VELOCIDAD;ROLAMENTO DE RODA OU ROLAMENTO DO VEIO DA CAIXA DE VELOCIDAD;0;;
101;1519;100279;1519;101.100279;CATEGORIA0;;1;1;0;1;;TUBO DO RADIADOR;TUBO DO RADIADOR;0;;
101;1519;10028;1519;101.10028;CATEGORIA0;;1;1;0;1;;TUBO DE TRAVÃO;TUBO DE TRAVÃO;0;;
101;1519;100280;1519;101.100280;CATEGORIA0;;1;1;0;1;;FILTRO DE HABITÁCULO;FILTRO DE HABITÁCULO;0;;
101;1519;100281;1519;101.100281;CATEGORIA0;;1;1;0;1;;APOIO DE MOTOR;APOIO DE MOTOR;0;;
101;1519;100282;1519;101.100282;CATEGORIA0;;1;1;0;1;;CÁPSULA DO CUBO DA RODA;CÁPSULA DO CUBO DA RODA;0;;
101;1519;100283;1519;101.100283;CATEGORIA0;;1;1;0;1;;FILTRO DE HABITÁCULO;FILTRO DE HABITÁCULO;0;;
101;1519;100284;1519;101.100284;CATEGORIA0;;1;1;0;1;;RETENTOR DA CAMBOTA;RETENTOR DA CAMBOTA;0;;
101;1519;100285;1519;101.100285;CATEGORIA0;;1;1;0;1;;CASQUILHO DO BRAÇO OSCILANTE;CASQUILHO DO BRAÇO OSCILANTE;0;;
101;1519;100286;1519;101.100286;CATEGORIA0;;1;1;0;1;;CASQUILHO DO BRAÇO OSCILANTE;CASQUILHO DO BRAÇO OSCILANTE;0;;
101;1519;100288;1519;101.100288;CATEGORIA0;;1;1;0;1;;JOGO DE FOLES DE TRANSMISSÃO;JOGO DE FOLES DE TRANSMISSÃO;0;;
101;1519;10029;1519;101.10029;CATEGORIA0;;1;1;0;1;;BOTÃO DE FECHO;BOTÃO DE FECHO;0;;
101;1519;100290;1519;101.100290;CATEGORIA0;;1;1;0;1;;JOGO DE FOLES DE TRANSMISSÃO;JOGO DE FOLES DE TRANSMISSÃO;0;;
101;1519;100292;1519;101.100292;CATEGORIA0;;1;1;0;1;;JOGO DE FOLES DE TRANSMISSÃO;JOGO DE FOLES DE TRANSMISSÃO;0;;
101;1519;100293;1519;101.100293;CATEGORIA0;;1;1;0;1;;CABEÇA DE MOTOR;CABEÇA DE MOTOR;0;;
101;1519;100294;1519;101.100294;CATEGORIA0;;1;1;0;1;;TENSOR DE CORREIA;TENSOR DE CORREIA;0;;
101;1519;100295;1519;101.100295;CATEGORIA0;;1;1;0;1;;TENSOR DE CORREIA;TENSOR DE CORREIA;0;;
101;1519;100296;1519;101.100296;CATEGORIA0;;1;1;0;1;;ROLAMENTO CENTRAL DE VEIO DE TRANSMISSÃO;ROLAMENTO CENTRAL DE VEIO DE TRANSMISSÃO;0;;
101;1519;100297;1519;101.100297;CATEGORIA0;;1;1;0;1;;RADIADOR DE ÓLEO;RADIADOR DE ÓLEO;0;;
101;1519;100299;1519;101.100299;CATEGORIA0;;1;1;0;1;;JOGO DE FOLES DE TRANSMISSÃO;JOGO DE FOLES DE TRANSMISSÃO;0;;
101;1519;10030;1519;101.10030;CATEGORIA0;;1;1;0;1;;JOGO DE FOLES DE TRANSMISSÃO;JOGO DE FOLES DE TRANSMISSÃO;0;;
101;1519;100300;1519;101.100300;CATEGORIA0;;1;1;0;1;;RETENTOR DO VEIO;RETENTOR DO VEIO;0;;
101;1519;100301;1519;101.100301;CATEGORIA0;;1;1;0;1;;KIT DE CORRENTE DE DISTRIBUIÇÃO;KIT DE CORRENTE DE DISTRIBUIÇÃO;0;;
101;1519;100303;1519;101.100303;CATEGORIA0;;1;1;0;1;;JOGO DE FOLES DE TRANSMISSÃO;JOGO DE FOLES DE TRANSMISSÃO;0;;
101;1519;100305;1519;101.100305;CATEGORIA0;;1;1;0;1;;JOGO DE FOLES DE TRANSMISSÃO;JOGO DE FOLES DE TRANSMISSÃO;0;;
101;1519;100306;1519;101.100306;CATEGORIA0;;1;1;0;1;;JOGO DE CORREIAS TRAPEZOIDAIS ESTRIADAS;JOGO DE CORREIAS TRAPEZOIDAIS ESTRIADAS;0;;
101;1519;100307;1519;101.100307;CATEGORIA0;;1;1;0;1;;TUBO DO RADIADOR;TUBO DO RADIADOR;0;;
101;1519;100308;1519;101.100308;CATEGORIA0;;1;1;0;1;;TUBO DO RADIADOR;TUBO DO RADIADOR;0;;
101;1519;100309;1519;101.100309;CATEGORIA0;;1;1;0;1;;TUBO DO RADIADOR;TUBO DO RADIADOR;0;;
101;1519;100310;1519;101.100310;CATEGORIA0;;1;1;0;1;;BOMBA DO ÓLEO;BOMBA DO ÓLEO;0;;
101;1519;100311;1519;101.100311;CATEGORIA0;;1;1;0;1;;BOMBA DO ÓLEO;BOMBA DO ÓLEO;0;;
101;1519;100312;1519;101.100312;CATEGORIA0;;1;1;0;1;;BOMBA DO ÓLEO;BOMBA DO ÓLEO;0;;
101;1519;100313;1519;101.100313;CATEGORIA0;;1;1;0;1;;TERMÓSTATO;TERMÓSTATO;0;;
101;1519;100314;1519;101.100314;CATEGORIA0;;1;1;0;1;;CORRENTE;CORRENTE;0;;
101;1519;100315;1519;101.100315;CATEGORIA0;;1;1;0;1;;ESTRIBO DE FIXAÇÃO;ESTRIBO DE FIXAÇÃO;0;;
101;1519;100316;1519;101.100316;CATEGORIA0;;1;1;0;1;;TUBO FLEXÍVEL DO AR DE SOBREALIMENTAÇÃO;TUBO FLEXÍVEL DO AR DE SOBREALIMENTAÇÃO;0;;
101;1519;100317;1519;101.100317;CATEGORIA0;;1;1;0;1;;TUBO FLEXÍVEL DO AR DE SOBREALIMENTAÇÃO;TUBO FLEXÍVEL DO AR DE SOBREALIMENTAÇÃO;0;;
101;1519;100318;1519;101.100318;CATEGORIA0;;1;1;0;1;;APOIO DE MOTOR;APOIO DE MOTOR;0;;
101;1519;100319;1519;101.100319;CATEGORIA0;;1;1;0;1;;CASQUILHO;CASQUILHO;0;;
101;1519;10032;1519;101.10032;CATEGORIA0;;1;1;0;1;;CASQUILHO DA BARRA ESTABILIZADORA;CASQUILHO DA BARRA ESTABILIZADORA;0;;
101;1519;100320;1519;101.100320;CATEGORIA0;;1;1;0;1;;TENSOR;TENSOR;0;;
101;1519;100322;1519;101.100322;CATEGORIA0;;1;1;0;1;;JOGO DE FOLES DE TRANSMISSÃO;JOGO DE FOLES DE TRANSMISSÃO;0;;
101;1519;100324;1519;101.100324;CATEGORIA0;;1;1;0;1;;JOGO DE FOLES DE TRANSMISSÃO;JOGO DE FOLES DE TRANSMISSÃO;0;;
101;1519;100325;1519;101.100325;CATEGORIA0;;1;1;0;1;;KIT DE DISTRIBUIÇÃO;KIT DE DISTRIBUIÇÃO;0;;
101;1519;100326;1519;101.100326;CATEGORIA0;;1;1;0;1;;BOMBA DE ALTA PRESSÃO;BOMBA DE ALTA PRESSÃO;0;;
101;1519;100327;1519;101.100327;CATEGORIA0;;1;1;0;1;;TAMPA DO TANQUE DE COMBUSTÍVEL;TAMPA DO TANQUE DE COMBUSTÍVEL;0;;
101;1519;100328;1519;101.100328;CATEGORIA0;;1;1;0;1;;POLIE DE DESVIO;POLIE DE DESVIO;0;;
101;1519;100329;1519;101.100329;CATEGORIA0;;1;1;0;1;;AMORTECEDOR DE CABINA;AMORTECEDOR DE CABINA;0;;
101;1519;100330;1519;101.100330;CATEGORIA0;;1;1;0;1;;KIT DE DISTRIBUIÇÃO;KIT DE DISTRIBUIÇÃO;0;;
101;1519;100331;1519;101.100331;CATEGORIA0;;1;1;0;1;;CONJ. REP. VÁLVULA DOS TRAVÕES;CONJ. REP. VÁLVULA DOS TRAVÕES;0;;
101;1519;100332;1519;101.100332;CATEGORIA0;;1;1;0;1;;TIRANTE DO EIXO;TIRANTE DO EIXO;0;;
101;1519;100333;1519;101.100333;CATEGORIA0;;1;1;0;1;;CABEÇA DE DIREÇÃO EXTERIOR;CABEÇA DE DIREÇÃO EXTERIOR;0;;
101;1519;100334;1519;101.100334;CATEGORIA0;;1;1;0;1;;CABEÇA DE DIREÇÃO EXTERIOR;CABEÇA DE DIREÇÃO EXTERIOR;0;;
101;1519;100335;1519;101.100335;CATEGORIA0;;1;1;0;1;;CASQUILHO;CASQUILHO;0;;
101;1519;100336;1519;101.100336;CATEGORIA0;;1;1;0;1;;BOMBA DE ÁGUA;BOMBA DE ÁGUA;0;;
101;1519;100337;1519;101.100337;CATEGORIA0;;1;1;0;1;;PACOTE DE MANUTENÇÃO;PACOTE DE MANUTENÇÃO;0;;
101;1519;100338;1519;101.100338;CATEGORIA0;;1;1;0;1;;PACOTE DE MANUTENÇÃO;PACOTE DE MANUTENÇÃO;0;;
101;1519;100339;1519;101.100339;CATEGORIA0;;1;1;0;1;;AMORTECEDOR DE CABINA;AMORTECEDOR DE CABINA;0;;
101;1519;10034;1519;101.10034;CATEGORIA0;;1;1;0;1;;BOMBA AUXILIAR DE EMBRAIAGEM;BOMBA AUXILIAR DE EMBRAIAGEM;0;;
101;1519;100340;1519;101.100340;CATEGORIA0;;1;1;0;1;;INJETOR;INJETOR;0;;
101;1519;100342;1519;101.100342;CATEGORIA0;;1;1;0;1;;BARRA DE ACOPLAMENTO;BARRA DE ACOPLAMENTO;0;;
101;1519;100344;1519;101.100344;CATEGORIA0;;1;1;0;1;;JOGO DE FOLES DE TRANSMISSÃO;JOGO DE FOLES DE TRANSMISSÃO;0;;
101;1519;100345;1519;101.100345;CATEGORIA0;;1;1;0;1;;FILTRO DE HABITÁCULO;FILTRO DE HABITÁCULO;0;;
101;1519;100347;1519;101.100347;CATEGORIA0;;1;1;0;1;;JOGO DE FOLES DE TRANSMISSÃO;JOGO DE FOLES DE TRANSMISSÃO;0;;
101;1519;100348;1519;101.100348;CATEGORIA0;;1;1;0;1;;PORCA DO EIXO;PORCA DO EIXO;0;;
101;1519;100349;1519;101.100349;CATEGORIA0;;1;1;0;1;;POLIE DE DESVIO;POLIE DE DESVIO;0;;
101;1519;10035;1519;101.10035;CATEGORIA0;;1;1;0;1;;SUPORTE BARRA ESTABILIZADORA;SUPORTE BARRA ESTABILIZADORA;0;;
101;1519;100350;1519;101.100350;CATEGORIA0;;1;1;0;1;;POLIE DE DESVIO;POLIE DE DESVIO;0;;
101;1519;100351;1519;101.100351;CATEGORIA0;;1;1;0;1;;JOGO DE ROLAMENTO DE RODA;JOGO DE ROLAMENTO DE RODA;0;;
101;1519;100352;1519;101.100352;CATEGORIA0;;1;1;0;1;;SENSOR DE DESGASTE;SENSOR DE DESGASTE;0;;
101;1519;100353;1519;101.100353;CATEGORIA0;;1;1;0;1;;TUBO DO RADIADOR;TUBO DO RADIADOR;0;;
101;1519;100354;1519;101.100354;CATEGORIA0;;1;1;0;1;;CASQUILHO DO BRAÇO OSCILANTE;CASQUILHO DO BRAÇO OSCILANTE;0;;
101;1519;100355;1519;101.100355;CATEGORIA0;;1;1;0;1;;FILTRO DE AR;FILTRO DE AR;0;;
101;1519;100356;1519;101.100356;CATEGORIA0;;1;1;0;1;;FILTRO DE AR;FILTRO DE AR;0;;
101;1519;100357;1519;101.100357;CATEGORIA0;;1;1;0;1;;FILTRO DE AR;FILTRO DE AR;0;;
101;1519;100358;1519;101.100358;CATEGORIA0;;1;1;0;1;;CONJUNTO DO FILTRO DE AR;CONJUNTO DO FILTRO DE AR;0;;
101;1519;100359;1519;101.100359;CATEGORIA0;;1;1;0;1;;FILTRO DE AR;FILTRO DE AR;0;;
101;1519;10036;1519;101.10036;CATEGORIA0;;1;1;0;1;;SUPORTE BARRA ESTABILIZADORA;SUPORTE BARRA ESTABILIZADORA;0;;
101;1519;100360;1519;101.100360;CATEGORIA0;;1;1;0;1;;FILTRO DE COMBUSTÍVEL;FILTRO DE COMBUSTÍVEL;0;;
101;1519;100361;1519;101.100361;CATEGORIA0;;1;1;0;1;;FILTRO DE ÓLEO;FILTRO DE ÓLEO;0;;
101;1519;100362;1519;101.100362;CATEGORIA0;;1;1;0;1;;FILTRO DE AR;FILTRO DE AR;0;;
101;1519;100363;1519;101.100363;CATEGORIA0;;1;1;0;1;;FILTRO DE HABITÁCULO;FILTRO DE HABITÁCULO;0;;
101;1519;100364;1519;101.100364;CATEGORIA0;;1;1;0;1;;FILTRO DE HABITÁCULO;FILTRO DE HABITÁCULO;0;;
101;1519;100365;1519;101.100365;CATEGORIA0;;1;1;0;1;;FILTRO DE HABITÁCULO;FILTRO DE HABITÁCULO;0;;
101;1519;100367;1519;101.100367;CATEGORIA0;;1;1;0;1;;FILTRO DE AR;FILTRO DE AR;0;;
101;1519;100368;1519;101.100368;CATEGORIA0;;1;1;0;1;;FILTRO DE AR;FILTRO DE AR;0;;
101;1519;100369;1519;101.100369;CATEGORIA0;;1;1;0;1;;FILTRO DE COMBUSTÍVEL;FILTRO DE COMBUSTÍVEL;0;;
101;1519;10037;1519;101.10037;CATEGORIA0;;1;1;0;1;;SUPORTE BARRA ESTABILIZADORA;SUPORTE BARRA ESTABILIZADORA;0;;
101;1519;100370;1519;101.100370;CATEGORIA0;;1;1;0;1;;FILTRO DE COMBUSTÍVEL;FILTRO DE COMBUSTÍVEL;0;;
101;1519;100371;1519;101.100371;CATEGORIA0;;1;1;0;1;;FILTRO DE AR;FILTRO DE AR;0;;
101;1519;100372;1519;101.100372;CATEGORIA0;;1;1;0;1;;FILTRO DE ÓLEO;FILTRO DE ÓLEO;0;;
101;1519;100373;1519;101.100373;CATEGORIA0;;1;1;0;1;;FILTRO DE AR;FILTRO DE AR;0;;
101;1519;100374;1519;101.100374;CATEGORIA0;;1;1;0;1;;FILTRO DE AR;FILTRO DE AR;0;;
101;1519;100375;1519;101.100375;CATEGORIA0;;1;1;0;1;;FILTRO DE AR;FILTRO DE AR;0;;
101;1519;100376;1519;101.100376;CATEGORIA0;;1;1;0;1;;FILTRO DE AR;FILTRO DE AR;0;;
101;1519;100377;1519;101.100377;CATEGORIA0;;1;1;0;1;;FILTRO DE AR;FILTRO DE AR;0;;
101;1519;100378;1519;101.100378;CATEGORIA0;;1;1;0;1;;FILTRO DE AR;FILTRO DE AR;0;;
101;1519;100379;1519;101.100379;CATEGORIA0;;1;1;0;1;;FILTRO DE COMBUSTÍVEL;FILTRO DE COMBUSTÍVEL;0;;
101;1519;10038;1519;101.10038;CATEGORIA0;;1;1;0;1;;SUPORTE BARRA ESTABILIZADORA;SUPORTE BARRA ESTABILIZADORA;0;;
101;1519;100380;1519;101.100380;CATEGORIA0;;1;1;0;1;;FILTRO DE AR;FILTRO DE AR;0;;
101;1519;100381;1519;101.100381;CATEGORIA0;;1;1;0;1;;FILTRO DE HABITÁCULO;FILTRO DE HABITÁCULO;0;;
101;1519;100382;1519;101.100382;CATEGORIA0;;1;1;0;1;;FILTRO DE HABITÁCULO;FILTRO DE HABITÁCULO;0;;
101;1519;100383;1519;101.100383;CATEGORIA0;;1;1;0;1;;FILTRO DE AR;FILTRO DE AR;0;;
101;1519;100384;1519;101.100384;CATEGORIA0;;1;1;0;1;;FILTRO DE AR;FILTRO DE AR;0;;
101;1519;100385;1519;101.100385;CATEGORIA0;;1;1;0;1;;RESERVATÓRIO LÍQUIDO REFRIGERAÇÃO;RESERVATÓRIO LÍQUIDO REFRIGERAÇÃO;0;;
101;1519;100386;1519;101.100386;CATEGORIA0;;1;1;0;1;;CASQUILHO DO BRAÇO OSCILANTE;CASQUILHO DO BRAÇO OSCILANTE;0;;
101;1519;100387;1519;101.100387;CATEGORIA0;;1;1;0;1;;AMORTECEDOR DE CABINA;AMORTECEDOR DE CABINA;0;;
101;1519;100388;1519;101.100388;CATEGORIA0;;1;1;0;1;;CORRENTE DE DISTRIBUIÇÃO;CORRENTE DE DISTRIBUIÇÃO;0;;
101;1519;100389;1519;101.100389;CATEGORIA0;;1;1;0;1;;CORRENTE DE DISTRIBUIÇÃO;CORRENTE DE DISTRIBUIÇÃO;0;;
101;1519;10039;1519;101.10039;CATEGORIA0;;1;1;0;1;;SUPORTE DE BORRACHA PARA ESCAPE;SUPORTE DE BORRACHA PARA ESCAPE;0;;
101;1519;100390;1519;101.100390;CATEGORIA0;;1;1;0;1;;RESISTÊNCIA;RESISTÊNCIA;0;;
101;1519;100394;1519;101.100394;CATEGORIA0;;1;1;0;1;;TUBO DE ADMISSÃO;TUBO DE ADMISSÃO;0;;
101;1519;100395;1519;101.100395;CATEGORIA0;;1;1;0;1;;TUBO DE ADMISSÃO;TUBO DE ADMISSÃO;0;;
101;1519;100396;1519;101.100396;CATEGORIA0;;1;1;0;1;;RETENTOR;RETENTOR;0;;
101;1519;100397;1519;101.100397;CATEGORIA0;;1;1;0;1;;RETENTOR DA CABINA DO CONDUTOR;RETENTOR DA CABINA DO CONDUTOR;0;;
101;1519;100398;1519;101.100398;CATEGORIA0;;1;1;0;1;;FILTRO DE TRANSMISSÃO;FILTRO DE TRANSMISSÃO;0;;
101;1519;100399;1519;101.100399;CATEGORIA0;;1;1;0;1;;CONJUNTO DE FILTROS DO ÓLEO DA TRANSMISSÃO;CONJUNTO DE FILTROS DO ÓLEO DA TRANSMISSÃO;0;;
101;1519;10040;1519;101.10040;CATEGORIA0;;1;1;0;1;;SUPORTE DE BORRACHA PARA ESCAPE;SUPORTE DE BORRACHA PARA ESCAPE;0;;
101;1519;100401;1519;101.100401;CATEGORIA0;;1;1;0;1;;JOGO DE FOLES DE TRANSMISSÃO;JOGO DE FOLES DE TRANSMISSÃO;0;;
101;1519;100403;1519;101.100403;CATEGORIA0;;1;1;0;1;;JOGO DE FOLES DE TRANSMISSÃO;JOGO DE FOLES DE TRANSMISSÃO;0;;
101;1519;100404;1519;101.100404;CATEGORIA0;;1;1;0;1;;JUNTA DE TAMPA DE VÁLVULAS;JUNTA DE TAMPA DE VÁLVULAS;0;;
101;1519;100405;1519;101.100405;CATEGORIA0;;1;1;0;1;;INTERRUPTOR DAS LUZES AVISADORAS DE PERIGO;INTERRUPTOR DAS LUZES AVISADORAS DE PERIGO;0;;
101;1519;100407;1519;101.100407;CATEGORIA0;;1;1;0;1;;JOGO DE FOLES DE TRANSMISSÃO;JOGO DE FOLES DE TRANSMISSÃO;0;;
101;1519;100408;1519;101.100408;CATEGORIA0;;1;1;0;1;;APOIO DE MOTOR;APOIO DE MOTOR;0;;
101;1519;100409;1519;101.100409;CATEGORIA0;;1;1;0;1;;SUPORTE DO DISPOSITIVO AMORTECEDOR;SUPORTE DO DISPOSITIVO AMORTECEDOR;0;;
101;1519;10041;1519;101.10041;CATEGORIA0;;1;1;0;1;;SUPORTE DE BORRACHA PARA ESCAPE;SUPORTE DE BORRACHA PARA ESCAPE;0;;
101;1519;100410;1519;101.100410;CATEGORIA0;;1;1;0;1;;TENSOR DE CORRENTE;TENSOR DE CORRENTE;0;;
101;1519;100411;1519;101.100411;CATEGORIA0;;1;1;0;1;;VOLANTE DE MOTOR;VOLANTE DE MOTOR;0;;
101;1519;100412;1519;101.100412;CATEGORIA0;;1;1;0;1;;TUBO DE ADMISSÃO;TUBO DE ADMISSÃO;0;;
101;1519;100414;1519;101.100414;CATEGORIA0;;1;1;0;1;;JOGO DE FOLES DE TRANSMISSÃO;JOGO DE FOLES DE TRANSMISSÃO;0;;
101;1519;100415;1519;101.100415;CATEGORIA0;;1;1;0;1;;APOIO DO RADIADOR;APOIO DO RADIADOR;0;;
101;1519;100416;1519;101.100416;CATEGORIA0;;1;1;0;1;;CASQUILHO DA BARRA ESTABILIZADORA;CASQUILHO DA BARRA ESTABILIZADORA;0;;
101;1519;100417;1519;101.100417;CATEGORIA0;;1;1;0;1;;JUNTA;JUNTA;0;;
101;1519;100418;1519;101.100418;CATEGORIA0;;1;1;0;1;;JUNTA;JUNTA;0;;
101;1519;100419;1519;101.100419;CATEGORIA0;;1;1;0;1;;JUNTA DE CABEÇA;JUNTA DE CABEÇA;0;;
101;1519;10042;1519;101.10042;CATEGORIA0;;1;1;0;1;;APOIO DE MOTOR;APOIO DE MOTOR;0;;
101;1519;100420;1519;101.100420;CATEGORIA0;;1;1;0;1;;CÁPSULA DO CUBO DA RODA;CÁPSULA DO CUBO DA RODA;0;;
101;1519;100421;1519;101.100421;CATEGORIA0;;1;1;0;1;;FOLE DE TRANSMISSÃO;FOLE DE TRANSMISSÃO;0;;
101;1519;100422;1519;101.100422;CATEGORIA0;;1;1;0;1;;JOGO DE FOLES DE TRANSMISSÃO;JOGO DE FOLES DE TRANSMISSÃO;0;;
101;1519;100423;1519;101.100423;CATEGORIA0;;1;1;0;1;;PARAFUSO;PARAFUSO;0;;
101;1519;100424;1519;101.100424;CATEGORIA0;;1;1;0;1;;BOMBA HIDRÁULICA;BOMBA HIDRÁULICA;0;;
101;1519;100425;1519;101.100425;CATEGORIA0;;1;1;0;1;;TENSOR DE CORREIA;TENSOR DE CORREIA;0;;
101;1519;100426;1519;101.100426;CATEGORIA0;;1;1;0;1;;ANEL DE ABS;ANEL DE ABS;0;;
101;1519;100427;1519;101.100427;CATEGORIA0;;1;1;0;1;;PARAFUSO DA RODA;PARAFUSO DA RODA;0;;
101;1519;100428;1519;101.100428;CATEGORIA0;;1;1;0;1;;TENSOR DE CORREIA;TENSOR DE CORREIA;0;;
101;1519;10043;1519;101.10043;CATEGORIA0;;1;1;0;1;;TUBO DE PLÁSTICO;TUBO DE PLÁSTICO;0;;
101;1519;100430;1519;101.100430;CATEGORIA0;;1;1;0;1;;JOGO DE FOLES DE TRANSMISSÃO;JOGO DE FOLES DE TRANSMISSÃO;0;;
101;1519;100431;1519;101.100431;CATEGORIA0;;1;1;0;1;;TUBO FLEXÍVEL DO AR DE SOBREALIMENTAÇÃO;TUBO FLEXÍVEL DO AR DE SOBREALIMENTAÇÃO;0;;
101;1519;100432;1519;101.100432;CATEGORIA0;;1;1;0;1;;VARETA DO ÓLEO;VARETA DO ÓLEO;0;;
101;1519;100433;1519;101.100433;CATEGORIA0;;1;1;0;1;;ANEL DE ABS;ANEL DE ABS;0;;
101;1519;100434;1519;101.100434;CATEGORIA0;;1;1;0;1;;RESERVATÓRIO LÍQUIDO REFRIGERAÇÃO;RESERVATÓRIO LÍQUIDO REFRIGERAÇÃO;0;;
101;1519;100435;1519;101.100435;CATEGORIA0;;1;1;0;1;;RESERVATÓRIO LÍQUIDO REFRIGERAÇÃO;RESERVATÓRIO LÍQUIDO REFRIGERAÇÃO;0;;
101;1519;100436;1519;101.100436;CATEGORIA0;;1;1;0;1;;ROLAMENTO PILOTO;ROLAMENTO PILOTO;0;;
101;1519;100438;1519;101.100438;CATEGORIA0;;1;1;0;1;;JOGO DE FOLES DE TRANSMISSÃO;JOGO DE FOLES DE TRANSMISSÃO;0;;
101;1519;10044;1519;101.10044;CATEGORIA0;;1;1;0;1;;SUPORTE DE BORRACHA PARA ESCAPE;SUPORTE DE BORRACHA PARA ESCAPE;0;;
101;1519;100440;1519;101.100440;CATEGORIA0;;1;1;0;1;;JOGO DE FOLES DE TRANSMISSÃO;JOGO DE FOLES DE TRANSMISSÃO;0;;
101;1519;100441;1519;101.100441;CATEGORIA0;;1;1;0;1;;CLIPE;CLIPE;0;;
101;1519;100442;1519;101.100442;CATEGORIA0;;1;1;0;1;;CASQUILHO DO BRAÇO OSCILANTE;CASQUILHO DO BRAÇO OSCILANTE;0;;
101;1519;100443;1519;101.100443;CATEGORIA0;;1;1;0;1;;CASQUILHO DA BARRA ESTABILIZADORA;CASQUILHO DA BARRA ESTABILIZADORA;0;;
101;1519;100445;1519;101.100445;CATEGORIA0;;1;1;0;1;;JOGO DE FOLES DE TRANSMISSÃO;JOGO DE FOLES DE TRANSMISSÃO;0;;
101;1519;100446;1519;101.100446;CATEGORIA0;;1;1;0;1;;APOIO DO RADIADOR;APOIO DO RADIADOR;0;;
101;1519;100447;1519;101.100447;CATEGORIA0;;1;1;0;1;;APOIO DO RADIADOR;APOIO DO RADIADOR;0;;
101;1519;100448;1519;101.100448;CATEGORIA0;;1;1;0;1;;APOIO DO RADIADOR;APOIO DO RADIADOR;0;;
101;1519;100449;1519;101.100449;CATEGORIA0;;1;1;0;1;;APOIO DE MOTOR;APOIO DE MOTOR;0;;
101;1519;10045;1519;101.10045;CATEGORIA0;;1;1;0;1;;POLIE DE DESVIO;POLIE DE DESVIO;0;;
101;1519;100450;1519;101.100450;CATEGORIA0;;1;1;0;1;;APOIO DE MOTOR;APOIO DE MOTOR;0;;
101;1519;100451;1519;101.100451;CATEGORIA0;;1;1;0;1;;RETENTOR DO VEIO;RETENTOR DO VEIO;0;;
101;1519;100452;1519;101.100452;CATEGORIA0;;1;1;0;1;;TUBO DE VENTILAÇÃO;TUBO DE VENTILAÇÃO;0;;
101;1519;100453;1519;101.100453;CATEGORIA0;;1;1;0;1;;TUBO DE VENTILAÇÃO;TUBO DE VENTILAÇÃO;0;;
101;1519;100454;1519;101.100454;CATEGORIA0;;1;1;0;1;;CASQUILHO DO BRAÇO OSCILANTE;CASQUILHO DO BRAÇO OSCILANTE;0;;
101;1519;100455;1519;101.100455;CATEGORIA0;;1;1;0;1;;TUBO DE VENTILAÇÃO;TUBO DE VENTILAÇÃO;0;;
101;1519;100457;1519;101.100457;CATEGORIA0;;1;1;0;1;;VÁLVULA DE CHAUFFAGE;VÁLVULA DE CHAUFFAGE;0;;
101;1519;100458;1519;101.100458;CATEGORIA0;;1;1;0;1;;FILTRO DE TRANSMISSÃO;FILTRO DE TRANSMISSÃO;0;;
101;1519;100459;1519;101.100459;CATEGORIA0;;1;1;0;1;;CONJUNTO DO FILTRO DE AR;CONJUNTO DO FILTRO DE AR;0;;
101;1519;10046;1519;101.10046;CATEGORIA0;;1;1;0;1;;POLIE DE DESVIO;POLIE DE DESVIO;0;;
101;1519;100460;1519;101.100460;CATEGORIA0;;1;1;0;1;;CONJUNTO DO FILTRO DE AR;CONJUNTO DO FILTRO DE AR;0;;
101;1519;100461;1519;101.100461;CATEGORIA0;;1;1;0;1;;CASQUILHO DO BRAÇO OSCILANTE;CASQUILHO DO BRAÇO OSCILANTE;0;;
101;1519;100462;1519;101.100462;CATEGORIA0;;1;1;0;1;;CASQUILHO DO BRAÇO OSCILANTE;CASQUILHO DO BRAÇO OSCILANTE;0;;
101;1519;100463;1519;101.100463;CATEGORIA0;;1;1;0;1;;TUBO DE VENTILAÇÃO;TUBO DE VENTILAÇÃO;0;;
101;1519;100464;1519;101.100464;CATEGORIA0;;1;1;0;1;;FILTRO DE AR;FILTRO DE AR;0;;
101;1519;100465;1519;101.100465;CATEGORIA0;;1;1;0;1;;FILTRO DE AR;FILTRO DE AR;0;;
101;1519;100466;1519;101.100466;CATEGORIA0;;1;1;0;1;;FILTRO DE AR;FILTRO DE AR;0;;
101;1519;100467;1519;101.100467;CATEGORIA0;;1;1;0;1;;FILTRO DE AR;FILTRO DE AR;0;;
101;1519;100468;1519;101.100468;CATEGORIA0;;1;1;0;1;;FILTRO DE AR;FILTRO DE AR;0;;
101;1519;100469;1519;101.100469;CATEGORIA0;;1;1;0;1;;FILTRO DE COMBUSTÍVEL;FILTRO DE COMBUSTÍVEL;0;;
101;1519;10047;1519;101.10047;CATEGORIA0;;1;1;0;1;;TUBO DE COMBUSTÍVEL;TUBO DE COMBUSTÍVEL;0;;
101;1519;100470;1519;101.100470;CATEGORIA0;;1;1;0;1;;FILTRO DE COMBUSTÍVEL;FILTRO DE COMBUSTÍVEL;0;;
101;1519;100471;1519;101.100471;CATEGORIA0;;1;1;0;1;;FILTRO DE COMBUSTÍVEL;FILTRO DE COMBUSTÍVEL;0;;
101;1519;100472;1519;101.100472;CATEGORIA0;;1;1;0;1;;FILTRO DE COMBUSTÍVEL;FILTRO DE COMBUSTÍVEL;0;;
101;1519;100473;1519;101.100473;CATEGORIA0;;1;1;0;1;;FILTRO DE COMBUSTÍVEL;FILTRO DE COMBUSTÍVEL;0;;
101;1519;100474;1519;101.100474;CATEGORIA0;;1;1;0;1;;FILTRO DE COMBUSTÍVEL;FILTRO DE COMBUSTÍVEL;0;;
101;1519;100475;1519;101.100475;CATEGORIA0;;1;1;0;1;;FILTRO DE COMBUSTÍVEL;FILTRO DE COMBUSTÍVEL;0;;
101;1519;100476;1519;101.100476;CATEGORIA0;;1;1;0;1;;FILTRO DE COMBUSTÍVEL;FILTRO DE COMBUSTÍVEL;0;;
101;1519;100477;1519;101.100477;CATEGORIA0;;1;1;0;1;;FILTRO DE COMBUSTÍVEL;FILTRO DE COMBUSTÍVEL;0;;
101;1519;100478;1519;101.100478;CATEGORIA0;;1;1;0;1;;FILTRO DE COMBUSTÍVEL;FILTRO DE COMBUSTÍVEL;0;;
101;1519;100479;1519;101.100479;CATEGORIA0;;1;1;0;1;;FILTRO DE COMBUSTÍVEL;FILTRO DE COMBUSTÍVEL;0;;
101;1519;10048;1519;101.10048;CATEGORIA0;;1;1;0;1;;ROLAMENTO DE ROLOS;ROLAMENTO DE ROLOS;0;;
101;1519;100480;1519;101.100480;CATEGORIA0;;1;1;0;1;;FILTRO DE COMBUSTÍVEL;FILTRO DE COMBUSTÍVEL;0;;
101;1519;100481;1519;101.100481;CATEGORIA0;;1;1;0;1;;FILTRO DE COMBUSTÍVEL;FILTRO DE COMBUSTÍVEL;0;;
101;1519;100482;1519;101.100482;CATEGORIA0;;1;1;0;1;;FILTRO DE COMBUSTÍVEL;FILTRO DE COMBUSTÍVEL;0;;
101;1519;100483;1519;101.100483;CATEGORIA0;;1;1;0;1;;FILTRO DE AR;FILTRO DE AR;0;;
101;1519;100484;1519;101.100484;CATEGORIA0;;1;1;0;1;;FILTRO DE COMBUSTÍVEL;FILTRO DE COMBUSTÍVEL;0;;
101;1519;100485;1519;101.100485;CATEGORIA0;;1;1;0;1;;FILTRO DE COMBUSTÍVEL;FILTRO DE COMBUSTÍVEL;0;;
101;1519;100486;1519;101.100486;CATEGORIA0;;1;1;0;1;;KIT DE CORRENTE DE DISTRIBUIÇÃO;KIT DE CORRENTE DE DISTRIBUIÇÃO;0;;
101;1519;100487;1519;101.100487;CATEGORIA0;;1;1;0;1;;FILTRO DE ÓLEO;FILTRO DE ÓLEO;0;;
101;1519;100488;1519;101.100488;CATEGORIA0;;1;1;0;1;;KIT DE CORRENTE DE DISTRIBUIÇÃO;KIT DE CORRENTE DE DISTRIBUIÇÃO;0;;
101;1519;100489;1519;101.100489;CATEGORIA0;;1;1;0;1;;FILTRO DE ÓLEO;FILTRO DE ÓLEO;0;;
101;1519;10049;1519;101.10049;CATEGORIA0;;1;1;0;1;;JOGO PINO DO EIXO DIANTEIRO;JOGO PINO DO EIXO DIANTEIRO;0;;
101;1519;100490;1519;101.100490;CATEGORIA0;;1;1;0;1;;FILTRO DE ÓLEO;FILTRO DE ÓLEO;0;;
101;1519;100491;1519;101.100491;CATEGORIA0;;1;1;0;1;;FOLE;FOLE;0;;
101;1519;100492;1519;101.100492;CATEGORIA0;;1;1;0;1;;ELEVADOR DE VIDRO;ELEVADOR DE VIDRO;0;;
101;1519;100493;1519;101.100493;CATEGORIA0;;1;1;0;1;;ELEVADOR DE VIDRO;ELEVADOR DE VIDRO;0;;
101;1519;100494;1519;101.100494;CATEGORIA0;;1;1;0;1;;RESISTÊNCIA;RESISTÊNCIA;0;;
101;1519;100495;1519;101.100495;CATEGORIA0;;1;1;0;1;;TUBO FLEXÍVEL DO AR DE SOBREALIMENTAÇÃO;TUBO FLEXÍVEL DO AR DE SOBREALIMENTAÇÃO;0;;
101;1519;100496;1519;101.100496;CATEGORIA0;;1;1;0;1;;BUJÃO DO CÁRTER;BUJÃO DO CÁRTER;0;;
101;1519;100497;1519;101.100497;CATEGORIA0;;1;1;0;1;;BUJÃO DO CÁRTER;BUJÃO DO CÁRTER;0;;
101;1519;100500;1519;101.100500;CATEGORIA0;;1;1;0;1;;RADIADOR DE ÓLEO;RADIADOR DE ÓLEO;0;;
101;1519;100501;1519;101.100501;CATEGORIA0;;1;1;0;1;;AMORTECEDOR DE VIBRAÇÕES;AMORTECEDOR DE VIBRAÇÕES;0;;
101;1519;100502;1519;101.100502;CATEGORIA0;;1;1;0;1;;APOIO DE TRANSMISSÃO;APOIO DE TRANSMISSÃO;0;;
101;1519;100503;1519;101.100503;CATEGORIA0;;1;1;0;1;;TUBO DE VENTILAÇÃO;TUBO DE VENTILAÇÃO;0;;
101;1519;100504;1519;101.100504;CATEGORIA0;;1;1;0;1;;CLIPE;CLIPE;0;;
101;1519;100505;1519;101.100505;CATEGORIA0;;1;1;0;1;;ANEL DE ABS;ANEL DE ABS;0;;
101;1519;100506;1519;101.100506;CATEGORIA0;;1;1;0;1;;JOGO DE ROLAMENTO DE RODA;JOGO DE ROLAMENTO DE RODA;0;;
101;1519;100507;1519;101.100507;CATEGORIA0;;1;1;0;1;;JOGO DE ROLAMENTO DE RODA;JOGO DE ROLAMENTO DE RODA;0;;
101;1519;100509;1519;101.100509;CATEGORIA0;;1;1;0;1;;SUPORTE DE BORRACHA;SUPORTE DE BORRACHA;0;;
101;1519;100510;1519;101.100510;CATEGORIA0;;1;1;0;1;;VOLANTE DE MOTOR;VOLANTE DE MOTOR;0;;
101;1519;100511;1519;101.100511;CATEGORIA0;;1;1;0;1;;JUNTA;JUNTA;0;;
101;1519;100512;1519;101.100512;CATEGORIA0;;1;1;0;1;;TENSOR DE CORREIA;TENSOR DE CORREIA;0;;
101;1519;100513;1519;101.100513;CATEGORIA0;;1;1;0;1;;JUNTA;JUNTA;0;;
101;1519;100514;1519;101.100514;CATEGORIA0;;1;1;0;1;;BUJÃO DO CÁRTER;BUJÃO DO CÁRTER;0;;
101;1519;100515;1519;101.100515;CATEGORIA0;;1;1;0;1;;BUJÃO DO CÁRTER;BUJÃO DO CÁRTER;0;;
101;1519;100516;1519;101.100516;CATEGORIA0;;1;1;0;1;;REBITE EXPANSÍVEL;REBITE EXPANSÍVEL;0;;
101;1519;100517;1519;101.100517;CATEGORIA0;;1;1;0;1;;REBITE;REBITE;0;;
101;1519;100518;1519;101.100518;CATEGORIA0;;1;1;0;1;;REBITE EXPANSÍVEL;REBITE EXPANSÍVEL;0;;
101;1519;100519;1519;101.100519;CATEGORIA0;;1;1;0;1;;TENSOR;TENSOR;0;;
101;1519;10052;1519;101.10052;CATEGORIA0;;1;1;0;1;;MANGUEIRA DE AR ESPIRAL;MANGUEIRA DE AR ESPIRAL;0;;
101;1519;100520;1519;101.100520;CATEGORIA0;;1;1;0;1;;KIT DE DISTRIBUIÇÃO;KIT DE DISTRIBUIÇÃO;0;;
101;1519;100523;1519;101.100523;CATEGORIA0;;1;1;0;1;;MOTOR DE ARRANQUE;MOTOR DE ARRANQUE;0;;
101;1519;100524;1519;101.100524;CATEGORIA0;;1;1;0;1;;ALTERNADOR;ALTERNADOR;0;;
101;1519;100525;1519;101.100525;CATEGORIA0;;1;1;0;1;;ALTERNADOR;ALTERNADOR;0;;
101;1519;100526;1519;101.100526;CATEGORIA0;;1;1;0;1;;ALTERNADOR;ALTERNADOR;0;;
101;1519;100527;1519;101.100527;CATEGORIA0;;1;1;0;1;;ALTERNADOR;ALTERNADOR;0;;
101;1519;100528;1519;101.100528;CATEGORIA0;;1;1;0;1;;MOTOR DE ARRANQUE;MOTOR DE ARRANQUE;0;;
101;1519;100529;1519;101.100529;CATEGORIA0;;1;1;0;1;;MOTOR DE ARRANQUE;MOTOR DE ARRANQUE;0;;
101;1519;10053;1519;101.10053;CATEGORIA0;;1;1;0;1;;MANGUEIRA DE AR ESPIRAL;MANGUEIRA DE AR ESPIRAL;0;;
101;1519;100530;1519;101.100530;CATEGORIA0;;1;1;0;1;;MOTOR DE ARRANQUE;MOTOR DE ARRANQUE;0;;
101;1519;100531;1519;101.100531;CATEGORIA0;;1;1;0;1;;ALTERNADOR;ALTERNADOR;0;;
101;1519;100533;1519;101.100533;CATEGORIA0;;1;1;0;1;;MOTOR DE ARRANQUE;MOTOR DE ARRANQUE;0;;
101;1519;100534;1519;101.100534;CATEGORIA0;;1;1;0;1;;MOTOR DE ARRANQUE;MOTOR DE ARRANQUE;0;;
101;1519;100537;1519;101.100537;CATEGORIA0;;1;1;0;1;;REBITE EXPANSÍVEL;REBITE EXPANSÍVEL;0;;
101;1519;100538;1519;101.100538;CATEGORIA0;;1;1;0;1;;CLIPE;CLIPE;0;;
101;1519;100539;1519;101.100539;CATEGORIA0;;1;1;0;1;;CLIPE;CLIPE;0;;
101;1519;10054;1519;101.10054;CATEGORIA0;;1;1;0;1;;TERMÓSTATO DUPLO;TERMÓSTATO DUPLO;0;;
101;1519;100540;1519;101.100540;CATEGORIA0;;1;1;0;1;;CLIPE;CLIPE;0;;
101;1519;100541;1519;101.100541;CATEGORIA0;;1;1;0;1;;CLIPE;CLIPE;0;;
101;1519;100542;1519;101.100542;CATEGORIA0;;1;1;0;1;;CLIPE;CLIPE;0;;
101;1519;100543;1519;101.100543;CATEGORIA0;;1;1;0;1;;ANILHA DE VEDAÇÃO;ANILHA DE VEDAÇÃO;0;;
101;1519;100544;1519;101.100544;CATEGORIA0;;1;1;0;1;;RADIADOR DE ÓLEO;RADIADOR DE ÓLEO;0;;
101;1519;100545;1519;101.100545;CATEGORIA0;;1;1;0;1;;RADIADOR DE ÓLEO;RADIADOR DE ÓLEO;0;;
101;1519;100546;1519;101.100546;CATEGORIA0;;1;1;0;1;;BUJÃO DO CÁRTER;BUJÃO DO CÁRTER;0;;
101;1519;100547;1519;101.100547;CATEGORIA0;;1;1;0;1;;BUJÃO DO CÁRTER;BUJÃO DO CÁRTER;0;;
101;1519;100548;1519;101.100548;CATEGORIA0;;1;1;0;1;;TUBO DE ÁGUA DE REFRIGERAÇÃO;TUBO DE ÁGUA DE REFRIGERAÇÃO;0;;
101;1519;100549;1519;101.100549;CATEGORIA0;;1;1;0;1;;VÁLVULA EGR;VÁLVULA EGR;0;;
101;1519;100550;1519;101.100550;CATEGORIA0;;1;1;0;1;;RETENTOR DO VEIO;RETENTOR DO VEIO;0;;
101;1519;100551;1519;101.100551;CATEGORIA0;;1;1;0;1;;BUJÃO DO CÁRTER;BUJÃO DO CÁRTER;0;;
101;1519;100552;1519;101.100552;CATEGORIA0;;1;1;0;1;;RETENTOR;RETENTOR;0;;
101;1519;100553;1519;101.100553;CATEGORIA0;;1;1;0;1;;TENSOR DE CORRENTE;TENSOR DE CORRENTE;0;;
101;1519;100554;1519;101.100554;CATEGORIA0;;1;1;0;1;;TENSOR DE CORRENTE;TENSOR DE CORRENTE;0;;
101;1519;100555;1519;101.100555;CATEGORIA0;;1;1;0;1;;TENSOR DE CORRENTE;TENSOR DE CORRENTE;0;;
101;1519;100556;1519;101.100556;CATEGORIA0;;1;1;0;1;;TENSOR DE CORRENTE;TENSOR DE CORRENTE;0;;
101;1519;100557;1519;101.100557;CATEGORIA0;;1;1;0;1;;TENSOR DE CORRENTE;TENSOR DE CORRENTE;0;;
101;1519;100558;1519;101.100558;CATEGORIA0;;1;1;0;1;;TENSOR DE CORRENTE;TENSOR DE CORRENTE;0;;
101;1519;100559;1519;101.100559;CATEGORIA0;;1;1;0;1;;AMORTECEDOR DE CABINA;AMORTECEDOR DE CABINA;0;;
101;1519;100560;1519;101.100560;CATEGORIA0;;1;1;0;1;;JUNTA;JUNTA;0;;
101;1519;100563;1519;101.100563;CATEGORIA0;;1;1;0;1;;CABO DE TRAVÃO;CABO DE TRAVÃO;0;;
101;1519;100564;1519;101.100564;CATEGORIA0;;1;1;0;1;;RADIADOR DE ÓLEO;RADIADOR DE ÓLEO;0;;
101;1519;100565;1519;101.100565;CATEGORIA0;;1;1;0;1;;POLIE DE DESVIO;POLIE DE DESVIO;0;;
101;1519;100566;1519;101.100566;CATEGORIA0;;1;1;0;1;;POLIE DE DESVIO;POLIE DE DESVIO;0;;
101;1519;100567;1519;101.100567;CATEGORIA0;;1;1;0;1;;POLIE DE DESVIO;POLIE DE DESVIO;0;;
101;1519;100568;1519;101.100568;CATEGORIA0;;1;1;0;1;;TUBO DO RADIADOR;TUBO DO RADIADOR;0;;
101;1519;100569;1519;101.100569;CATEGORIA0;;1;1;0;1;;TUBO DO RADIADOR;TUBO DO RADIADOR;0;;
101;1519;10057;1519;101.10057;CATEGORIA0;;1;1;0;1;;CASQUILHO DA MOLA DE SUSPENSÃO;CASQUILHO DA MOLA DE SUSPENSÃO;0;;
101;1519;100570;1519;101.100570;CATEGORIA0;;1;1;0;1;;TUBO DO RADIADOR;TUBO DO RADIADOR;0;;
101;1519;100571;1519;101.100571;CATEGORIA0;;1;1;0;1;;TUBO DO RADIADOR;TUBO DO RADIADOR;0;;
101;1519;100572;1519;101.100572;CATEGORIA0;;1;1;0;1;;POLIE AMORTECEDORA;POLIE AMORTECEDORA;0;;
101;1519;100573;1519;101.100573;CATEGORIA0;;1;1;0;1;;BOMBA DE ÁGUA;BOMBA DE ÁGUA;0;;
101;1519;100574;1519;101.100574;CATEGORIA0;;1;1;0;1;;BOMBA DE ÁGUA;BOMBA DE ÁGUA;0;;
101;1519;100575;1519;101.100575;CATEGORIA0;;1;1;0;1;;ACOPLAMENTO VISCOSO;ACOPLAMENTO VISCOSO;0;;
101;1519;100578;1519;101.100578;CATEGORIA0;;1;1;0;1;;TAMPA DA CAIXA;TAMPA DA CAIXA;0;;
101;1519;100579;1519;101.100579;CATEGORIA0;;1;1;0;1;;BRAÇADEIRA DE APERTO;BRAÇADEIRA DE APERTO;0;;
101;1519;10058;1519;101.10058;CATEGORIA0;;1;1;0;1;;BORRACHA DE ENCOSTO;BORRACHA DE ENCOSTO;0;;
101;1519;100580;1519;101.100580;CATEGORIA0;;1;1;0;1;;BRAÇADEIRA DE APERTO;BRAÇADEIRA DE APERTO;0;;
101;1519;100581;1519;101.100581;CATEGORIA0;;1;1;0;1;;BRAÇADEIRA DE APERTO;BRAÇADEIRA DE APERTO;0;;
101;1519;100582;1519;101.100582;CATEGORIA0;;1;1;0;1;;CILINDRO BASCULANTE;CILINDRO BASCULANTE;0;;
101;1519;100583;1519;101.100583;CATEGORIA0;;1;1;0;1;;CILINDRO BASCULANTE;CILINDRO BASCULANTE;0;;
101;1519;100584;1519;101.100584;CATEGORIA0;;1;1;0;1;;CILINDRO BASCULANTE;CILINDRO BASCULANTE;0;;
101;1519;100585;1519;101.100585;CATEGORIA0;;1;1;0;1;;CILINDRO BASCULANTE;CILINDRO BASCULANTE;0;;
101;1519;100586;1519;101.100586;CATEGORIA0;;1;1;0;1;;CILINDRO DE TRABALHO;CILINDRO DE TRABALHO;0;;
101;1519;100587;1519;101.100587;CATEGORIA0;;1;1;0;1;;BOMBA HIDRÁULICA;BOMBA HIDRÁULICA;0;;
101;1519;100588;1519;101.100588;CATEGORIA0;;1;1;0;1;;BOMBA HIDRÁULICA;BOMBA HIDRÁULICA;0;;
101;1519;100589;1519;101.100589;CATEGORIA0;;1;1;0;1;;CILINDRO BASCULANTE;CILINDRO BASCULANTE;0;;
101;1519;10059;1519;101.10059;CATEGORIA0;;1;1;0;1;;BORRACHA DE ENCOSTO;BORRACHA DE ENCOSTO;0;;
101;1519;100590;1519;101.100590;CATEGORIA0;;1;1;0;1;;JOGO DE REP. DO APOIO CENTRAL DO EIXO DE TRANSMISSÃO;JOGO DE REP. DO APOIO CENTRAL DO EIXO DE TRANSMISSÃO;0;;
101;1519;100591;1519;101.100591;CATEGORIA0;;1;1;0;1;;PARAFUSO DA RODA;PARAFUSO DA RODA;0;;
101;1519;100592;1519;101.100592;CATEGORIA0;;1;1;0;1;;TUBO FLEXÍVEL HIDRÁULICO;TUBO FLEXÍVEL HIDRÁULICO;0;;
101;1519;100593;1519;101.100593;CATEGORIA0;;1;1;0;1;;FILTRO DE CARBAMIDA;FILTRO DE CARBAMIDA;0;;
101;1519;100594;1519;101.100594;CATEGORIA0;;1;1;0;1;;SUPORTE DO DISPOSITIVO AMORTECEDOR;SUPORTE DO DISPOSITIVO AMORTECEDOR;0;;
101;1519;100595;1519;101.100595;CATEGORIA0;;1;1;0;1;;TUBO FLEXÍVEL HIDRÁULICO;TUBO FLEXÍVEL HIDRÁULICO;0;;
101;1519;100596;1519;101.100596;CATEGORIA0;;1;1;0;1;;TUBO FLEXÍVEL HIDRÁULICO;TUBO FLEXÍVEL HIDRÁULICO;0;;
101;1519;100597;1519;101.100597;CATEGORIA0;;1;1;0;1;;TUBO FLEXÍVEL HIDRÁULICO;TUBO FLEXÍVEL HIDRÁULICO;0;;
101;1519;100598;1519;101.100598;CATEGORIA0;;1;1;0;1;;APOIO DE MOTOR;APOIO DE MOTOR;0;;
101;1519;100599;1519;101.100599;CATEGORIA0;;1;1;0;1;;TUBO FLEXÍVEL HIDRÁULICO;TUBO FLEXÍVEL HIDRÁULICO;0;;
101;1519;100600;1519;101.100600;CATEGORIA0;;1;1;0;1;;CORPO DA BORBOLETA DE ADMISSÃO;CORPO DA BORBOLETA DE ADMISSÃO;0;;
101;1519;100601;1519;101.100601;CATEGORIA0;;1;1;0;1;;REBITE EXPANSÍVEL;REBITE EXPANSÍVEL;0;;
101;1519;100602;1519;101.100602;CATEGORIA0;;1;1;0;1;;REBITE;REBITE;0;;
101;1519;100603;1519;101.100603;CATEGORIA0;;1;1;0;1;;REBITE EXPANSÍVEL;REBITE EXPANSÍVEL;0;;
101;1519;100604;1519;101.100604;CATEGORIA0;;1;1;0;1;;CLIPE;CLIPE;0;;
101;1519;100605;1519;101.100605;CATEGORIA0;;1;1;0;1;;CLIPE;CLIPE;0;;
101;1519;100606;1519;101.100606;CATEGORIA0;;1;1;0;1;;REBITE EXPANSÍVEL;REBITE EXPANSÍVEL;0;;
101;1519;100607;1519;101.100607;CATEGORIA0;;1;1;0;1;;CLIPE;CLIPE;0;;
101;1519;100608;1519;101.100608;CATEGORIA0;;1;1;0;1;;CLIPE;CLIPE;0;;
101;1519;100609;1519;101.100609;CATEGORIA0;;1;1;0;1;;CLIPE;CLIPE;0;;
101;1519;10061;1519;101.10061;CATEGORIA0;;1;1;0;1;;CONE ESPAÇADOR;CONE ESPAÇADOR;0;;
101;1519;100610;1519;101.100610;CATEGORIA0;;1;1;0;1;;REBITE;REBITE;0;;
101;1519;100611;1519;101.100611;CATEGORIA0;;1;1;0;1;;REBITE;REBITE;0;;
101;1519;100612;1519;101.100612;CATEGORIA0;;1;1;0;1;;REBITE;REBITE;0;;
101;1519;100613;1519;101.100613;CATEGORIA0;;1;1;0;1;;TUBO FLEXÍVEL HIDRÁULICO;TUBO FLEXÍVEL HIDRÁULICO;0;;
101;1519;100614;1519;101.100614;CATEGORIA0;;1;1;0;1;;TUBO FLEXÍVEL HIDRÁULICO;TUBO FLEXÍVEL HIDRÁULICO;0;;
101;1519;100615;1519;101.100615;CATEGORIA0;;1;1;0;1;;TUBO DO RADIADOR;TUBO DO RADIADOR;0;;
101;1519;100616;1519;101.100616;CATEGORIA0;;1;1;0;1;;TUBO DO RADIADOR;TUBO DO RADIADOR;0;;
101;1519;100617;1519;101.100617;CATEGORIA0;;1;1;0;1;;TUBO DO RADIADOR;TUBO DO RADIADOR;0;;
101;1519;100618;1519;101.100618;CATEGORIA0;;1;1;0;1;;TUBO DO RADIADOR;TUBO DO RADIADOR;0;;
101;1519;100619;1519;101.100619;CATEGORIA0;;1;1;0;1;;CORRENTE DE DISTRIBUIÇÃO;CORRENTE DE DISTRIBUIÇÃO;0;;
101;1519;10062;1519;101.10062;CATEGORIA0;;1;1;0;1;;JOGO PINO DO EIXO DIANTEIRO;JOGO PINO DO EIXO DIANTEIRO;0;;
101;1519;100620;1519;101.100620;CATEGORIA0;;1;1;0;1;;CORRENTE DE DISTRIBUIÇÃO;CORRENTE DE DISTRIBUIÇÃO;0;;
101;1519;100622;1519;101.100622;CATEGORIA0;;1;1;0;1;;JOGO DE FOLES DE TRANSMISSÃO;JOGO DE FOLES DE TRANSMISSÃO;0;;
101;1519;100623;1519;101.100623;CATEGORIA0;;1;1;0;1;;TUBO DO RADIADOR;TUBO DO RADIADOR;0;;
101;1519;100624;1519;101.100624;CATEGORIA0;;1;1;0;1;;ESTABILIZADOR;ESTABILIZADOR;0;;
101;1519;100625;1519;101.100625;CATEGORIA0;;1;1;0;1;;TENSOR DE CORREIA;TENSOR DE CORREIA;0;;
101;1519;100626;1519;101.100626;CATEGORIA0;;1;1;0;1;;LINGUETA DE FIXAÇÃO;LINGUETA DE FIXAÇÃO;0;;
101;1519;100627;1519;101.100627;CATEGORIA0;;1;1;0;1;;LINGUETA DE FIXAÇÃO;LINGUETA DE FIXAÇÃO;0;;
101;1519;100628;1519;101.100628;CATEGORIA0;;1;1;0;1;;BORRACHA DE ENCOSTO;BORRACHA DE ENCOSTO;0;;
101;1519;100629;1519;101.100629;CATEGORIA0;;1;1;0;1;;CORRENTE DE DISTRIBUIÇÃO;CORRENTE DE DISTRIBUIÇÃO;0;;
101;1519;100630;1519;101.100630;CATEGORIA0;;1;1;0;1;;CORRENTE DE DISTRIBUIÇÃO;CORRENTE DE DISTRIBUIÇÃO;0;;
101;1519;100631;1519;101.100631;CATEGORIA0;;1;1;0;1;;TUBO DO RADIADOR;TUBO DO RADIADOR;0;;
101;1519;100632;1519;101.100632;CATEGORIA0;;1;1;0;1;;TUBO DO RADIADOR;TUBO DO RADIADOR;0;;
101;1519;100633;1519;101.100633;CATEGORIA0;;1;1;0;1;;SERVO-EMBRAIAGEM;SERVO-EMBRAIAGEM;0;;
101;1519;100634;1519;101.100634;CATEGORIA0;;1;1;0;1;;CONE;CONE;0;;
101;1519;100635;1519;101.100635;CATEGORIA0;;1;1;0;1;;RETENTOR;RETENTOR;0;;
101;1519;100636;1519;101.100636;CATEGORIA0;;1;1;0;1;;RETENTOR DO VEIO;RETENTOR DO VEIO;0;;
101;1519;100637;1519;101.100637;CATEGORIA0;;1;1;0;1;;TUBO DO RADIADOR;TUBO DO RADIADOR;0;;
101;1519;100638;1519;101.100638;CATEGORIA0;;1;1;0;1;;REBITE;REBITE;0;;
101;1519;100639;1519;101.100639;CATEGORIA0;;1;1;0;1;;REBITE;REBITE;0;;
101;1519;100641;1519;101.100641;CATEGORIA0;;1;1;0;1;;JOGO DE FOLES DE TRANSMISSÃO;JOGO DE FOLES DE TRANSMISSÃO;0;;
101;1519;100642;1519;101.100642;CATEGORIA0;;1;1;0;1;;REBITE;REBITE;0;;
101;1519;100643;1519;101.100643;CATEGORIA0;;1;1;0;1;;REBITE;REBITE;0;;
101;1519;100644;1519;101.100644;CATEGORIA0;;1;1;0;1;;REBITE EXPANSÍVEL;REBITE EXPANSÍVEL;0;;
101;1519;100645;1519;101.100645;CATEGORIA0;;1;1;0;1;;REBITE EXPANSÍVEL;REBITE EXPANSÍVEL;0;;
101;1519;100647;1519;101.100647;CATEGORIA0;;1;1;0;1;;TUBO DE VENTILAÇÃO;TUBO DE VENTILAÇÃO;0;;
101;1519;100648;1519;101.100648;CATEGORIA0;;1;1;0;1;;VELA DE INCANDESCÊNCIA;VELA DE INCANDESCÊNCIA;0;;
101;1519;100649;1519;101.100649;CATEGORIA0;;1;1;0;1;;VELA DE INCANDESCÊNCIA;VELA DE INCANDESCÊNCIA;0;;
101;1519;100650;1519;101.100650;CATEGORIA0;;1;1;0;1;;CUBO DA RODA;CUBO DA RODA;0;;
101;1519;100651;1519;101.100651;CATEGORIA0;;1;1;0;1;;VELA DE INCANDESCÊNCIA;VELA DE INCANDESCÊNCIA;0;;
101;1519;100652;1519;101.100652;CATEGORIA0;;1;1;0;1;;RELÉ DE PRÉ-INCANDESCÊNCIA;RELÉ DE PRÉ-INCANDESCÊNCIA;0;;
101;1519;100653;1519;101.100653;CATEGORIA0;;1;1;0;1;;CONJUNTO DO FILTRO DE AR;CONJUNTO DO FILTRO DE AR;0;;
101;1519;100654;1519;101.100654;CATEGORIA0;;1;1;0;1;;TUBO DE COMBUSTÍVEL;TUBO DE COMBUSTÍVEL;0;;
101;1519;100655;1519;101.100655;CATEGORIA0;;1;1;0;1;;TUBO DE COMBUSTÍVEL;TUBO DE COMBUSTÍVEL;0;;
101;1519;100656;1519;101.100656;CATEGORIA0;;1;1;0;1;;RELÉ DE PRÉ-INCANDESCÊNCIA;RELÉ DE PRÉ-INCANDESCÊNCIA;0;;
101;1519;100657;1519;101.100657;CATEGORIA0;;1;1;0;1;;SENSOR DE PRESSÃO NO COLETOR DE ADMISSÃO;SENSOR DE PRESSÃO NO COLETOR DE ADMISSÃO;0;;
101;1519;100658;1519;101.100658;CATEGORIA0;;1;1;0;1;;RELÉ DE PRÉ-INCANDESCÊNCIA;RELÉ DE PRÉ-INCANDESCÊNCIA;0;;
101;1519;100659;1519;101.100659;CATEGORIA0;;1;1;0;1;;TUBO DE VENTILAÇÃO;TUBO DE VENTILAÇÃO;0;;
101;1519;100660;1519;101.100660;CATEGORIA0;;1;1;0;1;;FILTRO DE TRANSMISSÃO;FILTRO DE TRANSMISSÃO;0;;
101;1519;100661;1519;101.100661;CATEGORIA0;;1;1;0;1;;RETENTOR DA CAMBOTA;RETENTOR DA CAMBOTA;0;;
101;1519;100662;1519;101.100662;CATEGORIA0;;1;1;0;1;;CASQUILHO DA MOLA DE SUSPENSÃO;CASQUILHO DA MOLA DE SUSPENSÃO;0;;
101;1519;100663;1519;101.100663;CATEGORIA0;;1;1;0;1;;CASQUILHO DA BARRA ESTABILIZADORA;CASQUILHO DA BARRA ESTABILIZADORA;0;;
101;1519;100665;1519;101.100665;CATEGORIA0;;1;1;0;1;;JUNTA DO COLETOR DE ESCAPE;JUNTA DO COLETOR DE ESCAPE;0;;
101;1519;100666;1519;101.100666;CATEGORIA0;;1;1;0;1;;JUNTA DO COLETOR DE ESCAPE;JUNTA DO COLETOR DE ESCAPE;0;;
101;1519;100667;1519;101.100667;CATEGORIA0;;1;1;0;1;;JUNTA DO COLETOR DE ESCAPE;JUNTA DO COLETOR DE ESCAPE;0;;
101;1519;100668;1519;101.100668;CATEGORIA0;;1;1;0;1;;RADIADOR DE CHAUFFAGE;RADIADOR DE CHAUFFAGE;0;;
101;1519;100669;1519;101.100669;CATEGORIA0;;1;1;0;1;;RADIADOR DE CHAUFFAGE;RADIADOR DE CHAUFFAGE;0;;
101;1519;100670;1519;101.100670;CATEGORIA0;;1;1;0;1;;VÁLVULA REGULADORA DA PRESSÃO DE SOBREALIMENTAÇÃO;VÁLVULA REGULADORA DA PRESSÃO DE SOBREALIMENTAÇÃO;0;;
101;1519;100672;1519;101.100672;CATEGORIA0;;1;1;0;1;;MEDIDOR DE MASSA DE AR;MEDIDOR DE MASSA DE AR;0;;
101;1519;100673;1519;101.100673;CATEGORIA0;;1;1;0;1;;ROLAMENTO DE RODA OU ROLAMENTO DO VEIO DA CAIXA DE VELOCIDAD;ROLAMENTO DE RODA OU ROLAMENTO DO VEIO DA CAIXA DE VELOCIDAD;0;;
101;1519;100674;1519;101.100674;CATEGORIA0;;1;1;0;1;;TUCHE DE VÁLVULAS;TUCHE DE VÁLVULAS;0;;
101;1519;100675;1519;101.100675;CATEGORIA0;;1;1;0;1;;AMORTECEDOR DE CABINA;AMORTECEDOR DE CABINA;0;;
101;1519;100676;1519;101.100676;CATEGORIA0;;1;1;0;1;;ESTRIBO DE MOLA;ESTRIBO DE MOLA;0;;
101;1519;100677;1519;101.100677;CATEGORIA0;;1;1;0;1;;TUBO FLEXÍVEL HIDRÁULICO;TUBO FLEXÍVEL HIDRÁULICO;0;;
101;1519;100678;1519;101.100678;CATEGORIA0;;1;1;0;1;;CORRENTE;CORRENTE;0;;
101;1519;100680;1519;101.100680;CATEGORIA0;;1;1;0;1;;JOGO DE CORRENTES DE DISTRIBUIÇÃO;JOGO DE CORRENTES DE DISTRIBUIÇÃO;0;;
101;1519;100681;1519;101.100681;CATEGORIA0;;1;1;0;1;;TUBO DO RADIADOR;TUBO DO RADIADOR;0;;
101;1519;100682;1519;101.100682;CATEGORIA0;;1;1;0;1;;TUBO FLEXÍVEL DO AR DE SOBREALIMENTAÇÃO;TUBO FLEXÍVEL DO AR DE SOBREALIMENTAÇÃO;0;;
101;1519;100683;1519;101.100683;CATEGORIA0;;1;1;0;1;;TUBO FLEXÍVEL DO AR DE SOBREALIMENTAÇÃO;TUBO FLEXÍVEL DO AR DE SOBREALIMENTAÇÃO;0;;
101;1519;100684;1519;101.100684;CATEGORIA0;;1;1;0;1;;JUNTA DO COLETOR DE ADMISSÃO;JUNTA DO COLETOR DE ADMISSÃO;0;;
101;1519;100686;1519;101.100686;CATEGORIA0;;1;1;0;1;;ANEL ROSCADO;ANEL ROSCADO;0;;
101;1519;100687;1519;101.100687;CATEGORIA0;;1;1;0;1;;APOIO DE MOTOR;APOIO DE MOTOR;0;;
101;1519;100688;1519;101.100688;CATEGORIA0;;1;1;0;1;;APOIO DE MOTOR;APOIO DE MOTOR;0;;
101;1519;100689;1519;101.100689;CATEGORIA0;;1;1;0;1;;INJETOR;INJETOR;0;;
101;1519;10069;1519;101.10069;CATEGORIA0;;1;1;0;1;;EIXO DA BOMBA DE ÁGUA;EIXO DA BOMBA DE ÁGUA;0;;
101;1519;100690;1519;101.100690;CATEGORIA0;;1;1;0;1;;JUNTA;JUNTA;0;;
101;1519;100691;1519;101.100691;CATEGORIA0;;1;1;0;1;;TUBO DO RADIADOR;TUBO DO RADIADOR;0;;
101;1519;100692;1519;101.100692;CATEGORIA0;;1;1;0;1;;TUBO DO RADIADOR;TUBO DO RADIADOR;0;;
101;1519;100693;1519;101.100693;CATEGORIA0;;1;1;0;1;;ASSENTO DE ESFERA;ASSENTO DE ESFERA;0;;
101;1519;100694;1519;101.100694;CATEGORIA0;;1;1;0;1;;CASQUILHO;CASQUILHO;0;;
101;1519;100695;1519;101.100695;CATEGORIA0;;1;1;0;1;;CASQUILHO;CASQUILHO;0;;
101;1519;100696;1519;101.100696;CATEGORIA0;;1;1;0;1;;CASQUILHO DA MOLA DE SUSPENSÃO;CASQUILHO DA MOLA DE SUSPENSÃO;0;;
101;1519;100697;1519;101.100697;CATEGORIA0;;1;1;0;1;;BORRACHA DE ENCOSTO;BORRACHA DE ENCOSTO;0;;
101;1519;100698;1519;101.100698;CATEGORIA0;;1;1;0;1;;BRAÇADEIRA DE APERTO;BRAÇADEIRA DE APERTO;0;;
101;1519;100700;1519;101.100700;CATEGORIA0;;1;1;0;1;;SUPORTE BARRA ESTABILIZADORA;SUPORTE BARRA ESTABILIZADORA;0;;
101;1519;100701;1519;101.100701;CATEGORIA0;;1;1;0;1;;JOGO DE ROLAMENTO DE RODA;JOGO DE ROLAMENTO DE RODA;0;;
101;1519;100702;1519;101.100702;CATEGORIA0;;1;1;0;1;;SUPORTE DO DISPOSITIVO AMORTECEDOR;SUPORTE DO DISPOSITIVO AMORTECEDOR;0;;
101;1519;100703;1519;101.100703;CATEGORIA0;;1;1;0;1;;SEPARADOR DE ÓLEO;SEPARADOR DE ÓLEO;0;;
101;1519;100704;1519;101.100704;CATEGORIA0;;1;1;0;1;;CORRENTE DE DISTRIBUIÇÃO;CORRENTE DE DISTRIBUIÇÃO;0;;
101;1519;100705;1519;101.100705;CATEGORIA0;;1;1;0;1;;VÁLVULA DE CHAUFFAGE;VÁLVULA DE CHAUFFAGE;0;;
101;1519;100706;1519;101.100706;CATEGORIA0;;1;1;0;1;;ÓLEO PARA TRANSMISSÃO AUTOMÁTICA (ATF);ÓLEO PARA TRANSMISSÃO AUTOMÁTICA (ATF);0;;
101;1519;100707;1519;101.100707;CATEGORIA0;;1;1;0;1;;ÓLEO PARA TRANSMISSÃO AUTOMÁTICA (ATF);ÓLEO PARA TRANSMISSÃO AUTOMÁTICA (ATF);0;;
101;1519;100708;1519;101.100708;CATEGORIA0;;1;1;0;1;;ÓLEO PARA TRANSMISSÃO AUTOMÁTICA (ATF);ÓLEO PARA TRANSMISSÃO AUTOMÁTICA (ATF);0;;
101;1519;100709;1519;101.100709;CATEGORIA0;;1;1;0;1;;ÓLEO PARA TRANSMISSÃO AUTOMÁTICA (ATF);ÓLEO PARA TRANSMISSÃO AUTOMÁTICA (ATF);0;;
101;1519;10071;1519;101.10071;CATEGORIA0;;1;1;0;1;;APOIO DE MOTOR;APOIO DE MOTOR;0;;
101;1519;100710;1519;101.100710;CATEGORIA0;;1;1;0;1;;CABEÇA DE DIREÇÃO INTERIOR;CABEÇA DE DIREÇÃO INTERIOR;0;;
101;1519;100711;1519;101.100711;CATEGORIA0;;1;1;0;1;;PEDAL DO ACELERADOR;PEDAL DO ACELERADOR;0;;
101;1519;100712;1519;101.100712;CATEGORIA0;;1;1;0;1;;PEDAL DO ACELERADOR;PEDAL DO ACELERADOR;0;;
101;1519;100713;1519;101.100713;CATEGORIA0;;1;1;0;1;;PEDAL DO ACELERADOR;PEDAL DO ACELERADOR;0;;
101;1519;100714;1519;101.100714;CATEGORIA0;;1;1;0;1;;PEDAL DO ACELERADOR;PEDAL DO ACELERADOR;0;;
101;1519;100715;1519;101.100715;CATEGORIA0;;1;1;0;1;;PEDAL DO ACELERADOR;PEDAL DO ACELERADOR;0;;
101;1519;100716;1519;101.100716;CATEGORIA0;;1;1;0;1;;PEDAL DO ACELERADOR;PEDAL DO ACELERADOR;0;;
101;1519;100717;1519;101.100717;CATEGORIA0;;1;1;0;1;;PEDAL DO ACELERADOR;PEDAL DO ACELERADOR;0;;
101;1519;100718;1519;101.100718;CATEGORIA0;;1;1;0;1;;PEDAL DO ACELERADOR;PEDAL DO ACELERADOR;0;;
101;1519;10072;1519;101.10072;CATEGORIA0;;1;1;0;1;;JUNTA DO CÁRTER INFERIOR;JUNTA DO CÁRTER INFERIOR;0;;
101;1519;100720;1519;101.100720;CATEGORIA0;;1;1;0;1;;ROLAMENTO DE RODA;ROLAMENTO DE RODA;0;;
101;1519;100721;1519;101.100721;CATEGORIA0;;1;1;0;1;;ROLAMENTO DE RODA OU ROLAMENTO DO VEIO DA CAIXA DE VELOCIDAD;ROLAMENTO DE RODA OU ROLAMENTO DO VEIO DA CAIXA DE VELOCIDAD;0;;
101;1519;100722;1519;101.100722;CATEGORIA0;;1;1;0;1;;TENSOR;TENSOR;0;;
101;1519;100723;1519;101.100723;CATEGORIA0;;1;1;0;1;;APOIO DE MOTOR;APOIO DE MOTOR;0;;
101;1519;100724;1519;101.100724;CATEGORIA0;;1;1;0;1;;KIT DE DISTRIBUIÇÃO;KIT DE DISTRIBUIÇÃO;0;;
101;1519;100725;1519;101.100725;CATEGORIA0;;1;1;0;1;;JOGO DE ROLAMENTO DE RODA;JOGO DE ROLAMENTO DE RODA;0;;
101;1519;100726;1519;101.100726;CATEGORIA0;;1;1;0;1;;PARAFUSO DE AJUSTE;PARAFUSO DE AJUSTE;0;;
101;1519;100729;1519;101.100729;CATEGORIA0;;1;1;0;1;;PARAFUSO DE AJUSTE;PARAFUSO DE AJUSTE;0;;
101;1519;10073;1519;101.10073;CATEGORIA0;;1;1;0;1;;CASQUILHO DO BRAÇO OSCILANTE;CASQUILHO DO BRAÇO OSCILANTE;0;;
101;1519;100732;1519;101.100732;CATEGORIA0;;1;1;0;1;;TUBO FLEXÍVEL DA DIREÇÃO ASSISTIDA;TUBO FLEXÍVEL DA DIREÇÃO ASSISTIDA;0;;
101;1519;100733;1519;101.100733;CATEGORIA0;;1;1;0;1;;ROLAMENTO DE RODA;ROLAMENTO DE RODA;0;;
101;1519;100734;1519;101.100734;CATEGORIA0;;1;1;0;1;;ROLAMENTO DE RODA OU ROLAMENTO DO VEIO DA CAIXA DE VELOCIDAD;ROLAMENTO DE RODA OU ROLAMENTO DO VEIO DA CAIXA DE VELOCIDAD;0;;
101;1519;100735;1519;101.100735;CATEGORIA0;;1;1;0;1;;MOTOR DO LIMPA-VIDROS;MOTOR DO LIMPA-VIDROS;0;;
101;1519;100736;1519;101.100736;CATEGORIA0;;1;1;0;1;;SENSOR;SENSOR;0;;
101;1519;100738;1519;101.100738;CATEGORIA0;;1;1;0;1;;CASQUILHO DA BARRA ESTABILIZADORA;CASQUILHO DA BARRA ESTABILIZADORA;0;;
101;1519;100739;1519;101.100739;CATEGORIA0;;1;1;0;1;;CASQUILHO DA BARRA ESTABILIZADORA;CASQUILHO DA BARRA ESTABILIZADORA;0;;
101;1519;10074;1519;101.10074;CATEGORIA0;;1;1;0;1;;RELÉ;RELÉ;0;;
101;1519;100740;1519;101.100740;CATEGORIA0;;1;1;0;1;;TENSOR DE CORREIA;TENSOR DE CORREIA;0;;
101;1519;100741;1519;101.100741;CATEGORIA0;;1;1;0;1;;CASQUILHO DA BARRA ESTABILIZADORA;CASQUILHO DA BARRA ESTABILIZADORA;0;;
101;1519;100742;1519;101.100742;CATEGORIA0;;1;1;0;1;;KIT DE CORRENTE DE DISTRIBUIÇÃO;KIT DE CORRENTE DE DISTRIBUIÇÃO;0;;
101;1519;100743;1519;101.100743;CATEGORIA0;;1;1;0;1;;RADIADOR DE ÓLEO;RADIADOR DE ÓLEO;0;;
101;1519;100745;1519;101.100745;CATEGORIA0;;1;1;0;1;;KIT DE CORRENTE DE DISTRIBUIÇÃO;KIT DE CORRENTE DE DISTRIBUIÇÃO;0;;
101;1519;100746;1519;101.100746;CATEGORIA0;;1;1;0;1;;RADIADOR DE ÓLEO;RADIADOR DE ÓLEO;0;;
101;1519;100747;1519;101.100747;CATEGORIA0;;1;1;0;1;;JOGO DE ROLAMENTO DE RODA;JOGO DE ROLAMENTO DE RODA;0;;
101;1519;100748;1519;101.100748;CATEGORIA0;;1;1;0;1;;PORCA DE RODA;PORCA DE RODA;0;;
101;1519;100749;1519;101.100749;CATEGORIA0;;1;1;0;1;;POLIE DE DESVIO;POLIE DE DESVIO;0;;
101;1519;10075;1519;101.10075;CATEGORIA0;;1;1;0;1;;TUCHE DE VÁLVULAS;TUCHE DE VÁLVULAS;0;;
101;1519;100750;1519;101.100750;CATEGORIA0;;1;1;0;1;;RADIADOR DE ÓLEO;RADIADOR DE ÓLEO;0;;
101;1519;100751;1519;101.100751;CATEGORIA0;;1;1;0;1;;ANEL DE ABS;ANEL DE ABS;0;;
101;1519;100752;1519;101.100752;CATEGORIA0;;1;1;0;1;;TUBO DO RADIADOR;TUBO DO RADIADOR;0;;
101;1519;100753;1519;101.100753;CATEGORIA0;;1;1;0;1;;PORCA DO EIXO;PORCA DO EIXO;0;;
101;1519;100754;1519;101.100754;CATEGORIA0;;1;1;0;1;;KIT DE CORRENTE DE DISTRIBUIÇÃO;KIT DE CORRENTE DE DISTRIBUIÇÃO;0;;
101;1519;100755;1519;101.100755;CATEGORIA0;;1;1;0;1;;TUBO DE TRAVÃO;TUBO DE TRAVÃO;0;;
101;1519;100756;1519;101.100756;CATEGORIA0;;1;1;0;1;;TUBO DE TRAVÃO;TUBO DE TRAVÃO;0;;
101;1519;100757;1519;101.100757;CATEGORIA0;;1;1;0;1;;BOMBA AUXILIAR DE EMBRAIAGEM;BOMBA AUXILIAR DE EMBRAIAGEM;0;;
101;1519;100758;1519;101.100758;CATEGORIA0;;1;1;0;1;;TUBO DE TRAVÃO;TUBO DE TRAVÃO;0;;
101;1519;100762;1519;101.100762;CATEGORIA0;;1;1;0;1;;BOMBA CENTRAL DE TRAVÕES;BOMBA CENTRAL DE TRAVÕES;0;;
101;1519;100763;1519;101.100763;CATEGORIA0;;1;1;0;1;;CRUZETA;CRUZETA;0;;
101;1519;100764;1519;101.100764;CATEGORIA0;;1;1;0;1;;BOMBA DE ÁGUA;BOMBA DE ÁGUA;0;;
101;1519;100765;1519;101.100765;CATEGORIA0;;1;1;0;1;;BOMBA DE ÁGUA;BOMBA DE ÁGUA;0;;
101;1519;100766;1519;101.100766;CATEGORIA0;;1;1;0;1;;CORPO DA BORBOLETA DE ADMISSÃO;CORPO DA BORBOLETA DE ADMISSÃO;0;;
101;1519;100768;1519;101.100768;CATEGORIA0;;1;1;0;1;;CORPO DA BORBOLETA DE ADMISSÃO;CORPO DA BORBOLETA DE ADMISSÃO;0;;
101;1519;100769;1519;101.100769;CATEGORIA0;;1;1;0;1;;TUBO DE PRESSÃO DO FILTRO DE PARTÍCULAS;TUBO DE PRESSÃO DO FILTRO DE PARTÍCULAS;0;;
101;1519;100772;1519;101.100772;CATEGORIA0;;1;1;0;1;;CORPO DA BORBOLETA DE ADMISSÃO;CORPO DA BORBOLETA DE ADMISSÃO;0;;
101;1519;100773;1519;101.100773;CATEGORIA0;;1;1;0;1;;CORPO DA BORBOLETA DE ADMISSÃO;CORPO DA BORBOLETA DE ADMISSÃO;0;;
101;1519;100774;1519;101.100774;CATEGORIA0;;1;1;0;1;;CORPO DA BORBOLETA DE ADMISSÃO;CORPO DA BORBOLETA DE ADMISSÃO;0;;
101;1519;100775;1519;101.100775;CATEGORIA0;;1;1;0;1;;CABEÇA DE DIREÇÃO EXTERIOR;CABEÇA DE DIREÇÃO EXTERIOR;0;;
101;1519;100776;1519;101.100776;CATEGORIA0;;1;1;0;1;;COLETOR DE ADMISSÃO;COLETOR DE ADMISSÃO;0;;
101;1519;100777;1519;101.100777;CATEGORIA0;;1;1;0;1;;TIRANTE DO EIXO;TIRANTE DO EIXO;0;;
101;1519;100778;1519;101.100778;CATEGORIA0;;1;1;0;1;;CORPO DA BORBOLETA DE ADMISSÃO;CORPO DA BORBOLETA DE ADMISSÃO;0;;
101;1519;100779;1519;101.100779;CATEGORIA0;;1;1;0;1;;TENSOR;TENSOR;0;;
101;1519;100780;1519;101.100780;CATEGORIA0;;1;1;0;1;;KIT DE DISTRIBUIÇÃO;KIT DE DISTRIBUIÇÃO;0;;
101;1519;100781;1519;101.100781;CATEGORIA0;;1;1;0;1;;KIT DE DISTRIBUIÇÃO;KIT DE DISTRIBUIÇÃO;0;;
101;1519;100782;1519;101.100782;CATEGORIA0;;1;1;0;1;;CASQUILHO DO BRAÇO OSCILANTE;CASQUILHO DO BRAÇO OSCILANTE;0;;
101;1519;100783;1519;101.100783;CATEGORIA0;;1;1;0;1;;CASQUILHO DO BRAÇO OSCILANTE;CASQUILHO DO BRAÇO OSCILANTE;0;;
101;1519;100784;1519;101.100784;CATEGORIA0;;1;1;0;1;;COXIM DE MOLA;COXIM DE MOLA;0;;
101;1519;100785;1519;101.100785;CATEGORIA0;;1;1;0;1;;SUPORTE DO DISPOSITIVO AMORTECEDOR;SUPORTE DO DISPOSITIVO AMORTECEDOR;0;;
101;1519;100786;1519;101.100786;CATEGORIA0;;1;1;0;1;;SUPORTE DO DISPOSITIVO AMORTECEDOR;SUPORTE DO DISPOSITIVO AMORTECEDOR;0;;
101;1519;100787;1519;101.100787;CATEGORIA0;;1;1;0;1;;CORPO DA BORBOLETA DE ADMISSÃO;CORPO DA BORBOLETA DE ADMISSÃO;0;;
101;1519;100788;1519;101.100788;CATEGORIA0;;1;1;0;1;;SUPORTE DO DISPOSITIVO AMORTECEDOR;SUPORTE DO DISPOSITIVO AMORTECEDOR;0;;
101;1519;100789;1519;101.100789;CATEGORIA0;;1;1;0;1;;CASQUILHO DA BARRA ESTABILIZADORA;CASQUILHO DA BARRA ESTABILIZADORA;0;;
101;1519;100790;1519;101.100790;CATEGORIA0;;1;1;0;1;;KIT DE DISTRIBUIÇÃO;KIT DE DISTRIBUIÇÃO;0;;
101;1519;100791;1519;101.100791;CATEGORIA0;;1;1;0;1;;CABEÇA DE DIREÇÃO INTERIOR;CABEÇA DE DIREÇÃO INTERIOR;0;;
101;1519;100792;1519;101.100792;CATEGORIA0;;1;1;0;1;;CORPO DA BORBOLETA DE ADMISSÃO;CORPO DA BORBOLETA DE ADMISSÃO;0;;
101;1519;100793;1519;101.100793;CATEGORIA0;;1;1;0;1;;CASQUILHO DO BRAÇO OSCILANTE;CASQUILHO DO BRAÇO OSCILANTE;0;;
101;1519;100794;1519;101.100794;CATEGORIA0;;1;1;0;1;;VÁLVULA DE DESCARGA;VÁLVULA DE DESCARGA;0;;
101;1519;100795;1519;101.100795;CATEGORIA0;;1;1;0;1;;CORPO DA BORBOLETA DE ADMISSÃO;CORPO DA BORBOLETA DE ADMISSÃO;0;;
101;1519;100796;1519;101.100796;CATEGORIA0;;1;1;0;1;;CORPO DA BORBOLETA DE ADMISSÃO;CORPO DA BORBOLETA DE ADMISSÃO;0;;
101;1519;100797;1519;101.100797;CATEGORIA0;;1;1;0;1;;JUNTA;JUNTA;0;;
101;1519;100799;1519;101.100799;CATEGORIA0;;1;1;0;1;;CORPO DA BORBOLETA DE ADMISSÃO;CORPO DA BORBOLETA DE ADMISSÃO;0;;
101;1519;100800;1519;101.100800;CATEGORIA0;;1;1;0;1;;SENSOR DA TEMPERATURA DOS GASES DE ESCAPE;SENSOR DA TEMPERATURA DOS GASES DE ESCAPE;0;;
101;1519;100801;1519;101.100801;CATEGORIA0;;1;1;0;1;;SENSOR DA TEMPERATURA DOS GASES DE ESCAPE;SENSOR DA TEMPERATURA DOS GASES DE ESCAPE;0;;
101;1519;100802;1519;101.100802;CATEGORIA0;;1;1;0;1;;SENSOR DA TEMPERATURA DOS GASES DE ESCAPE;SENSOR DA TEMPERATURA DOS GASES DE ESCAPE;0;;
101;1519;100803;1519;101.100803;CATEGORIA0;;1;1;0;1;;SENSOR DA TEMPERATURA DOS GASES DE ESCAPE;SENSOR DA TEMPERATURA DOS GASES DE ESCAPE;0;;
101;1519;100804;1519;101.100804;CATEGORIA0;;1;1;0;1;;SENSOR DA TEMPERATURA DOS GASES DE ESCAPE;SENSOR DA TEMPERATURA DOS GASES DE ESCAPE;0;;
101;1519;100805;1519;101.100805;CATEGORIA0;;1;1;0;1;;SENSOR DA TEMPERATURA DOS GASES DE ESCAPE;SENSOR DA TEMPERATURA DOS GASES DE ESCAPE;0;;
101;1519;100806;1519;101.100806;CATEGORIA0;;1;1;0;1;;SENSOR DA TEMPERATURA DOS GASES DE ESCAPE;SENSOR DA TEMPERATURA DOS GASES DE ESCAPE;0;;
101;1519;100807;1519;101.100807;CATEGORIA0;;1;1;0;1;;SENSOR DA TEMPERATURA DOS GASES DE ESCAPE;SENSOR DA TEMPERATURA DOS GASES DE ESCAPE;0;;
101;1519;100808;1519;101.100808;CATEGORIA0;;1;1;0;1;;SENSOR DA TEMPERATURA DOS GASES DE ESCAPE;SENSOR DA TEMPERATURA DOS GASES DE ESCAPE;0;;
101;1519;100809;1519;101.100809;CATEGORIA0;;1;1;0;1;;SENSOR DA TEMPERATURA DOS GASES DE ESCAPE;SENSOR DA TEMPERATURA DOS GASES DE ESCAPE;0;;
101;1519;10081;1519;101.10081;CATEGORIA0;;1;1;0;1;;JOGO DE MONTAGEM;JOGO DE MONTAGEM;0;;
101;1519;100810;1519;101.100810;CATEGORIA0;;1;1;0;1;;SENSOR DA TEMPERATURA DOS GASES DE ESCAPE;SENSOR DA TEMPERATURA DOS GASES DE ESCAPE;0;;
101;1519;100811;1519;101.100811;CATEGORIA0;;1;1;0;1;;SENSOR DA TEMPERATURA DOS GASES DE ESCAPE;SENSOR DA TEMPERATURA DOS GASES DE ESCAPE;0;;
101;1519;100812;1519;101.100812;CATEGORIA0;;1;1;0;1;;SENSOR DA TEMPERATURA DOS GASES DE ESCAPE;SENSOR DA TEMPERATURA DOS GASES DE ESCAPE;0;;
101;1519;100813;1519;101.100813;CATEGORIA0;;1;1;0;1;;SENSOR DA TEMPERATURA DOS GASES DE ESCAPE;SENSOR DA TEMPERATURA DOS GASES DE ESCAPE;0;;
101;1519;100814;1519;101.100814;CATEGORIA0;;1;1;0;1;;SENSOR DA TEMPERATURA DOS GASES DE ESCAPE;SENSOR DA TEMPERATURA DOS GASES DE ESCAPE;0;;
101;1519;100815;1519;101.100815;CATEGORIA0;;1;1;0;1;;SENSOR DA TEMPERATURA DOS GASES DE ESCAPE;SENSOR DA TEMPERATURA DOS GASES DE ESCAPE;0;;
101;1519;100816;1519;101.100816;CATEGORIA0;;1;1;0;1;;SENSOR DA TEMPERATURA DOS GASES DE ESCAPE;SENSOR DA TEMPERATURA DOS GASES DE ESCAPE;0;;
101;1519;100817;1519;101.100817;CATEGORIA0;;1;1;0;1;;SENSOR DA TEMPERATURA DOS GASES DE ESCAPE;SENSOR DA TEMPERATURA DOS GASES DE ESCAPE;0;;
101;1519;100818;1519;101.100818;CATEGORIA0;;1;1;0;1;;SENSOR DA TEMPERATURA DOS GASES DE ESCAPE;SENSOR DA TEMPERATURA DOS GASES DE ESCAPE;0;;
101;1519;100819;1519;101.100819;CATEGORIA0;;1;1;0;1;;SENSOR DA TEMPERATURA DOS GASES DE ESCAPE;SENSOR DA TEMPERATURA DOS GASES DE ESCAPE;0;;
101;1519;10082;1519;101.10082;CATEGORIA0;;1;1;0;1;;JOGO DE REP. APOIO;JOGO DE REP. APOIO;0;;
101;1519;100820;1519;101.100820;CATEGORIA0;;1;1;0;1;;SENSOR DA TEMPERATURA DOS GASES DE ESCAPE;SENSOR DA TEMPERATURA DOS GASES DE ESCAPE;0;;
101;1519;100821;1519;101.100821;CATEGORIA0;;1;1;0;1;;SENSOR DA TEMPERATURA DOS GASES DE ESCAPE;SENSOR DA TEMPERATURA DOS GASES DE ESCAPE;0;;
101;1519;100822;1519;101.100822;CATEGORIA0;;1;1;0;1;;SENSOR DA TEMPERATURA DOS GASES DE ESCAPE;SENSOR DA TEMPERATURA DOS GASES DE ESCAPE;0;;
101;1519;100823;1519;101.100823;CATEGORIA0;;1;1;0;1;;SENSOR DA TEMPERATURA DOS GASES DE ESCAPE;SENSOR DA TEMPERATURA DOS GASES DE ESCAPE;0;;
101;1519;100824;1519;101.100824;CATEGORIA0;;1;1;0;1;;SENSOR DA TEMPERATURA DOS GASES DE ESCAPE;SENSOR DA TEMPERATURA DOS GASES DE ESCAPE;0;;
101;1519;100825;1519;101.100825;CATEGORIA0;;1;1;0;1;;SENSOR DA TEMPERATURA DOS GASES DE ESCAPE;SENSOR DA TEMPERATURA DOS GASES DE ESCAPE;0;;
101;1519;100826;1519;101.100826;CATEGORIA0;;1;1;0;1;;SENSOR DA TEMPERATURA DOS GASES DE ESCAPE;SENSOR DA TEMPERATURA DOS GASES DE ESCAPE;0;;
101;1519;100827;1519;101.100827;CATEGORIA0;;1;1;0;1;;SENSOR DA TEMPERATURA DOS GASES DE ESCAPE;SENSOR DA TEMPERATURA DOS GASES DE ESCAPE;0;;
101;1519;100828;1519;101.100828;CATEGORIA0;;1;1;0;1;;SENSOR DA TEMPERATURA DOS GASES DE ESCAPE;SENSOR DA TEMPERATURA DOS GASES DE ESCAPE;0;;
101;1519;100829;1519;101.100829;CATEGORIA0;;1;1;0;1;;SENSOR DA TEMPERATURA DOS GASES DE ESCAPE;SENSOR DA TEMPERATURA DOS GASES DE ESCAPE;0;;
101;1519;100830;1519;101.100830;CATEGORIA0;;1;1;0;1;;SENSOR DA TEMPERATURA DOS GASES DE ESCAPE;SENSOR DA TEMPERATURA DOS GASES DE ESCAPE;0;;
101;1519;100831;1519;101.100831;CATEGORIA0;;1;1;0;1;;SENSOR DA TEMPERATURA DOS GASES DE ESCAPE;SENSOR DA TEMPERATURA DOS GASES DE ESCAPE;0;;
101;1519;100832;1519;101.100832;CATEGORIA0;;1;1;0;1;;SENSOR DA TEMPERATURA DOS GASES DE ESCAPE;SENSOR DA TEMPERATURA DOS GASES DE ESCAPE;0;;
101;1519;100833;1519;101.100833;CATEGORIA0;;1;1;0;1;;SENSOR DA TEMPERATURA DOS GASES DE ESCAPE;SENSOR DA TEMPERATURA DOS GASES DE ESCAPE;0;;
101;1519;100834;1519;101.100834;CATEGORIA0;;1;1;0;1;;SENSOR DA TEMPERATURA DOS GASES DE ESCAPE;SENSOR DA TEMPERATURA DOS GASES DE ESCAPE;0;;
101;1519;100835;1519;101.100835;CATEGORIA0;;1;1;0;1;;SENSOR DA TEMPERATURA DOS GASES DE ESCAPE;SENSOR DA TEMPERATURA DOS GASES DE ESCAPE;0;;
101;1519;100836;1519;101.100836;CATEGORIA0;;1;1;0;1;;SENSOR DA TEMPERATURA DOS GASES DE ESCAPE;SENSOR DA TEMPERATURA DOS GASES DE ESCAPE;0;;
101;1519;100837;1519;101.100837;CATEGORIA0;;1;1;0;1;;SENSOR DA TEMPERATURA DOS GASES DE ESCAPE;SENSOR DA TEMPERATURA DOS GASES DE ESCAPE;0;;
101;1519;100838;1519;101.100838;CATEGORIA0;;1;1;0;1;;SENSOR DA TEMPERATURA DOS GASES DE ESCAPE;SENSOR DA TEMPERATURA DOS GASES DE ESCAPE;0;;
101;1519;100839;1519;101.100839;CATEGORIA0;;1;1;0;1;;SENSOR DA TEMPERATURA DOS GASES DE ESCAPE;SENSOR DA TEMPERATURA DOS GASES DE ESCAPE;0;;
101;1519;100840;1519;101.100840;CATEGORIA0;;1;1;0;1;;SENSOR DA TEMPERATURA DOS GASES DE ESCAPE;SENSOR DA TEMPERATURA DOS GASES DE ESCAPE;0;;
101;1519;100841;1519;101.100841;CATEGORIA0;;1;1;0;1;;SENSOR DA TEMPERATURA DOS GASES DE ESCAPE;SENSOR DA TEMPERATURA DOS GASES DE ESCAPE;0;;
101;1519;100842;1519;101.100842;CATEGORIA0;;1;1;0;1;;SENSOR DA TEMPERATURA DOS GASES DE ESCAPE;SENSOR DA TEMPERATURA DOS GASES DE ESCAPE;0;;
101;1519;100843;1519;101.100843;CATEGORIA0;;1;1;0;1;;SENSOR DA TEMPERATURA DOS GASES DE ESCAPE;SENSOR DA TEMPERATURA DOS GASES DE ESCAPE;0;;
101;1519;100844;1519;101.100844;CATEGORIA0;;1;1;0;1;;SENSOR DA TEMPERATURA DOS GASES DE ESCAPE;SENSOR DA TEMPERATURA DOS GASES DE ESCAPE;0;;
101;1519;100845;1519;101.100845;CATEGORIA0;;1;1;0;1;;SENSOR DA TEMPERATURA DOS GASES DE ESCAPE;SENSOR DA TEMPERATURA DOS GASES DE ESCAPE;0;;
101;1519;100846;1519;101.100846;CATEGORIA0;;1;1;0;1;;SENSOR DA TEMPERATURA DOS GASES DE ESCAPE;SENSOR DA TEMPERATURA DOS GASES DE ESCAPE;0;;
101;1519;100848;1519;101.100848;CATEGORIA0;;1;1;0;1;;SENSOR DA TEMPERATURA DOS GASES DE ESCAPE;SENSOR DA TEMPERATURA DOS GASES DE ESCAPE;0;;
101;1519;100849;1519;101.100849;CATEGORIA0;;1;1;0;1;;SENSOR DA TEMPERATURA DOS GASES DE ESCAPE;SENSOR DA TEMPERATURA DOS GASES DE ESCAPE;0;;
101;1519;100850;1519;101.100850;CATEGORIA0;;1;1;0;1;;SENSOR DA TEMPERATURA DOS GASES DE ESCAPE;SENSOR DA TEMPERATURA DOS GASES DE ESCAPE;0;;
101;1519;100851;1519;101.100851;CATEGORIA0;;1;1;0;1;;SENSOR DA TEMPERATURA DOS GASES DE ESCAPE;SENSOR DA TEMPERATURA DOS GASES DE ESCAPE;0;;
101;1519;100852;1519;101.100852;CATEGORIA0;;1;1;0;1;;SENSOR DA TEMPERATURA DOS GASES DE ESCAPE;SENSOR DA TEMPERATURA DOS GASES DE ESCAPE;0;;
101;1519;100853;1519;101.100853;CATEGORIA0;;1;1;0;1;;SENSOR DA PRESSÃO DOS GASES DE ESCAPE;SENSOR DA PRESSÃO DOS GASES DE ESCAPE;0;;
101;1519;100854;1519;101.100854;CATEGORIA0;;1;1;0;1;;SENSOR DA PRESSÃO DOS GASES DE ESCAPE;SENSOR DA PRESSÃO DOS GASES DE ESCAPE;0;;
101;1519;100855;1519;101.100855;CATEGORIA0;;1;1;0;1;;SENSOR DA PRESSÃO DOS GASES DE ESCAPE;SENSOR DA PRESSÃO DOS GASES DE ESCAPE;0;;
101;1519;100856;1519;101.100856;CATEGORIA0;;1;1;0;1;;RADIADOR DE ÓLEO;RADIADOR DE ÓLEO;0;;
101;1519;100857;1519;101.100857;CATEGORIA0;;1;1;0;1;;VÁLVULA DE DESCARGA;VÁLVULA DE DESCARGA;0;;
101;1519;100858;1519;101.100858;CATEGORIA0;;1;1;0;1;;CORPO DA BORBOLETA DE ADMISSÃO;CORPO DA BORBOLETA DE ADMISSÃO;0;;
101;1519;100859;1519;101.100859;CATEGORIA0;;1;1;0;1;;CASQUILHO DO BRAÇO OSCILANTE;CASQUILHO DO BRAÇO OSCILANTE;0;;
101;1519;100860;1519;101.100860;CATEGORIA0;;1;1;0;1;;JUNTA DE TAMPA DE VÁLVULAS;JUNTA DE TAMPA DE VÁLVULAS;0;;
101;1519;100861;1519;101.100861;CATEGORIA0;;1;1;0;1;;MOTOR DE ELEVADOR DE VIDROS ELÉTRICO;MOTOR DE ELEVADOR DE VIDROS ELÉTRICO;0;;
101;1519;100862;1519;101.100862;CATEGORIA0;;1;1;0;1;;MOTOR DE ELEVADOR DE VIDROS ELÉTRICO;MOTOR DE ELEVADOR DE VIDROS ELÉTRICO;0;;
101;1519;100863;1519;101.100863;CATEGORIA0;;1;1;0;1;;MOTOR DE ELEVADOR DE VIDROS ELÉTRICO;MOTOR DE ELEVADOR DE VIDROS ELÉTRICO;0;;
101;1519;100864;1519;101.100864;CATEGORIA0;;1;1;0;1;;MOTOR DE ELEVADOR DE VIDROS ELÉTRICO;MOTOR DE ELEVADOR DE VIDROS ELÉTRICO;0;;
101;1519;100865;1519;101.100865;CATEGORIA0;;1;1;0;1;;REBITE EXPANSÍVEL;REBITE EXPANSÍVEL;0;;
101;1519;100866;1519;101.100866;CATEGORIA0;;1;1;0;1;;AMORTECEDOR DE DIREÇÃO;AMORTECEDOR DE DIREÇÃO;0;;
101;1519;100867;1519;101.100867;CATEGORIA0;;1;1;0;1;;AMORTECEDOR DE DIREÇÃO;AMORTECEDOR DE DIREÇÃO;0;;
101;1519;100868;1519;101.100868;CATEGORIA0;;1;1;0;1;;BRAÇADEIRA DE APERTO;BRAÇADEIRA DE APERTO;0;;
101;1519;100869;1519;101.100869;CATEGORIA0;;1;1;0;1;;BRAÇADEIRA DE APERTO;BRAÇADEIRA DE APERTO;0;;
101;1519;10087;1519;101.10087;CATEGORIA0;;1;1;0;1;;SUPORTE DO DISPOSITIVO AMORTECEDOR;SUPORTE DO DISPOSITIVO AMORTECEDOR;0;;
101;1519;100870;1519;101.100870;CATEGORIA0;;1;1;0;1;;REBITE EXPANSÍVEL;REBITE EXPANSÍVEL;0;;
101;1519;100871;1519;101.100871;CATEGORIA0;;1;1;0;1;;RETENTOR;RETENTOR;0;;
101;1519;100872;1519;101.100872;CATEGORIA0;;1;1;0;1;;VÁLVULA EGR;VÁLVULA EGR;0;;
101;1519;100873;1519;101.100873;CATEGORIA0;;1;1;0;1;;INTERRUPTOR;INTERRUPTOR;0;;
101;1519;100874;1519;101.100874;CATEGORIA0;;1;1;0;1;;INDICADOR DE DIREÇÃO DE ESPELHO;INDICADOR DE DIREÇÃO DE ESPELHO;0;;
101;1519;100875;1519;101.100875;CATEGORIA0;;1;1;0;1;;INDICADOR DE DIREÇÃO DE ESPELHO;INDICADOR DE DIREÇÃO DE ESPELHO;0;;
101;1519;100876;1519;101.100876;CATEGORIA0;;1;1;0;1;;REVESTIMENTO;REVESTIMENTO;0;;
101;1519;100877;1519;101.100877;CATEGORIA0;;1;1;0;1;;REVESTIMENTO;REVESTIMENTO;0;;
101;1519;100878;1519;101.100878;CATEGORIA0;;1;1;0;1;;REVESTIMENTO;REVESTIMENTO;0;;
101;1519;100879;1519;101.100879;CATEGORIA0;;1;1;0;1;;REVESTIMENTO;REVESTIMENTO;0;;
101;1519;100880;1519;101.100880;CATEGORIA0;;1;1;0;1;;VIDRO DE ESPELHO;VIDRO DE ESPELHO;0;;
101;1519;100881;1519;101.100881;CATEGORIA0;;1;1;0;1;;VIDRO DE ESPELHO;VIDRO DE ESPELHO;0;;
101;1519;100882;1519;101.100882;CATEGORIA0;;1;1;0;1;;VIDRO DE ESPELHO;VIDRO DE ESPELHO;0;;
101;1519;100884;1519;101.100884;CATEGORIA0;;1;1;0;1;;FOLE DE PASSAGEM;FOLE DE PASSAGEM;0;;
101;1519;100885;1519;101.100885;CATEGORIA0;;1;1;0;1;;VIDRO DE ESPELHO;VIDRO DE ESPELHO;0;;
101;1519;100886;1519;101.100886;CATEGORIA0;;1;1;0;1;;VIDRO DE ESPELHO;VIDRO DE ESPELHO;0;;
101;1519;100887;1519;101.100887;CATEGORIA0;;1;1;0;1;;VIDRO DE ESPELHO;VIDRO DE ESPELHO;0;;
101;1519;100888;1519;101.100888;CATEGORIA0;;1;1;0;1;;RETROVISOR EXTERIOR;RETROVISOR EXTERIOR;0;;
101;1519;100889;1519;101.100889;CATEGORIA0;;1;1;0;1;;ESPELHO PRINCIPAL;ESPELHO PRINCIPAL;0;;
101;1519;10089;1519;101.10089;CATEGORIA0;;1;1;0;1;;ROLAMENTO DE ESFERAS;ROLAMENTO DE ESFERAS;0;;
101;1519;100890;1519;101.100890;CATEGORIA0;;1;1;0;1;;ESPELHO PRINCIPAL;ESPELHO PRINCIPAL;0;;
101;1519;100892;1519;101.100892;CATEGORIA0;;1;1;0;1;;ESPELHO PRINCIPAL;ESPELHO PRINCIPAL;0;;
101;1519;100893;1519;101.100893;CATEGORIA0;;1;1;0;1;;ESPELHO DIANTEIRO;ESPELHO DIANTEIRO;0;;
101;1519;100894;1519;101.100894;CATEGORIA0;;1;1;0;1;;RETROVISOR DE RAMPA;RETROVISOR DE RAMPA;0;;
101;1519;100895;1519;101.100895;CATEGORIA0;;1;1;0;1;;REVESTIMENTO;REVESTIMENTO;0;;
101;1519;100896;1519;101.100896;CATEGORIA0;;1;1;0;1;;ESPELHO DE ÂNGULO ALARGADO;ESPELHO DE ÂNGULO ALARGADO;0;;
101;1519;100897;1519;101.100897;CATEGORIA0;;1;1;0;1;;ESPELHO DE ÂNGULO ALARGADO;ESPELHO DE ÂNGULO ALARGADO;0;;
101;1519;100898;1519;101.100898;CATEGORIA0;;1;1;0;1;;ESPELHO DE ÂNGULO ALARGADO;ESPELHO DE ÂNGULO ALARGADO;0;;
101;1519;100899;1519;101.100899;CATEGORIA0;;1;1;0;1;;SISTEMA DE ESPELHOS;SISTEMA DE ESPELHOS;0;;
101;1519;10090;1519;101.10090;CATEGORIA0;;1;1;0;1;;ROLAMENTO DE ESFERAS;ROLAMENTO DE ESFERAS;0;;
101;1519;100900;1519;101.100900;CATEGORIA0;;1;1;0;1;;ESPELHO PRINCIPAL;ESPELHO PRINCIPAL;0;;
101;1519;100901;1519;101.100901;CATEGORIA0;;1;1;0;1;;SISTEMA DE ESPELHOS;SISTEMA DE ESPELHOS;0;;
101;1519;100902;1519;101.100902;CATEGORIA0;;1;1;0;1;;ESPELHO PRINCIPAL;ESPELHO PRINCIPAL;0;;
101;1519;100903;1519;101.100903;CATEGORIA0;;1;1;0;1;;RETROVISOR DE RAMPA;RETROVISOR DE RAMPA;0;;
101;1519;100904;1519;101.100904;CATEGORIA0;;1;1;0;1;;RETROVISOR DE RAMPA;RETROVISOR DE RAMPA;0;;
101;1519;100905;1519;101.100905;CATEGORIA0;;1;1;0;1;;SISTEMA DE ESPELHOS;SISTEMA DE ESPELHOS;0;;
101;1519;100906;1519;101.100906;CATEGORIA0;;1;1;0;1;;SISTEMA DE ESPELHOS;SISTEMA DE ESPELHOS;0;;
101;1519;100907;1519;101.100907;CATEGORIA0;;1;1;0;1;;RETROVISOR DE RAMPA;RETROVISOR DE RAMPA;0;;
101;1519;100908;1519;101.100908;CATEGORIA0;;1;1;0;1;;RETROVISOR DE RAMPA;RETROVISOR DE RAMPA;0;;
101;1519;100909;1519;101.100909;CATEGORIA0;;1;1;0;1;;ESPELHO DIANTEIRO;ESPELHO DIANTEIRO;0;;
101;1519;10091;1519;101.10091;CATEGORIA0;;1;1;0;1;;ROLAMENTO DE ESFERAS;ROLAMENTO DE ESFERAS;0;;
101;1519;100910;1519;101.100910;CATEGORIA0;;1;1;0;1;;RETROVISOR DE RAMPA;RETROVISOR DE RAMPA;0;;
101;1519;100911;1519;101.100911;CATEGORIA0;;1;1;0;1;;ESPELHO DE ÂNGULO ALARGADO;ESPELHO DE ÂNGULO ALARGADO;0;;
101;1519;100912;1519;101.100912;CATEGORIA0;;1;1;0;1;;CAIXA;CAIXA;0;;
101;1519;100913;1519;101.100913;CATEGORIA0;;1;1;0;1;;ESPELHO PRINCIPAL;ESPELHO PRINCIPAL;0;;
101;1519;100914;1519;101.100914;CATEGORIA0;;1;1;0;1;;ESPELHO PRINCIPAL;ESPELHO PRINCIPAL;0;;
101;1519;100915;1519;101.100915;CATEGORIA0;;1;1;0;1;;ESPELHO DE ÂNGULO ALARGADO;ESPELHO DE ÂNGULO ALARGADO;0;;
101;1519;100916;1519;101.100916;CATEGORIA0;;1;1;0;1;;CAIXA;CAIXA;0;;
101;1519;100917;1519;101.100917;CATEGORIA0;;1;1;0;1;;CAIXA;CAIXA;0;;
101;1519;100918;1519;101.100918;CATEGORIA0;;1;1;0;1;;CAIXA;CAIXA;0;;
101;1519;100919;1519;101.100919;CATEGORIA0;;1;1;0;1;;ESPELHO PRINCIPAL;ESPELHO PRINCIPAL;0;;
101;1519;10092;1519;101.10092;CATEGORIA0;;1;1;0;1;;CONTRAFIXA DIAGONAL;CONTRAFIXA DIAGONAL;0;;
101;1519;100920;1519;101.100920;CATEGORIA0;;1;1;0;1;;ESPELHO DE ÂNGULO ALARGADO;ESPELHO DE ÂNGULO ALARGADO;0;;
101;1519;100921;1519;101.100921;CATEGORIA0;;1;1;0;1;;CASQUILHO DA BARRA ESTABILIZADORA;CASQUILHO DA BARRA ESTABILIZADORA;0;;
101;1519;100922;1519;101.100922;CATEGORIA0;;1;1;0;1;;CASQUILHO DO BRAÇO OSCILANTE;CASQUILHO DO BRAÇO OSCILANTE;0;;
101;1519;100923;1519;101.100923;CATEGORIA0;;1;1;0;1;;CASQUILHO DA BARRA ESTABILIZADORA;CASQUILHO DA BARRA ESTABILIZADORA;0;;
101;1519;100924;1519;101.100924;CATEGORIA0;;1;1;0;1;;SUPORTE DO DISPOSITIVO AMORTECEDOR;SUPORTE DO DISPOSITIVO AMORTECEDOR;0;;
101;1519;100925;1519;101.100925;CATEGORIA0;;1;1;0;1;;CASQUILHO DA BARRA ESTABILIZADORA;CASQUILHO DA BARRA ESTABILIZADORA;0;;
101;1519;100929;1519;101.100929;CATEGORIA0;;1;1;0;1;;CONJUNTO DE CASQUILHOS DO BRAÇO DE SUSPENSÃO;CONJUNTO DE CASQUILHOS DO BRAÇO DE SUSPENSÃO;0;;
101;1519;10093;1519;101.10093;CATEGORIA0;;1;1;0;1;;CONTRAFIXA DIAGONAL;CONTRAFIXA DIAGONAL;0;;
101;1519;100930;1519;101.100930;CATEGORIA0;;1;1;0;1;;JOGO DE PARAFUSOS;JOGO DE PARAFUSOS;0;;
101;1519;100931;1519;101.100931;CATEGORIA0;;1;1;0;1;;BOMBA DE ÁGUA ADICIONAL;BOMBA DE ÁGUA ADICIONAL;0;;
101;1519;100932;1519;101.100932;CATEGORIA0;;1;1;0;1;;JUNTA;JUNTA;0;;
101;1519;100933;1519;101.100933;CATEGORIA0;;1;1;0;1;;VÁLVULA DE DESCARGA;VÁLVULA DE DESCARGA;0;;
101;1519;100934;1519;101.100934;CATEGORIA0;;1;1;0;1;;SENSOR DA PRESSÃO DO COMBUSTÍVEL;SENSOR DA PRESSÃO DO COMBUSTÍVEL;0;;
101;1519;100935;1519;101.100935;CATEGORIA0;;1;1;0;1;;TIRANTE DO EIXO;TIRANTE DO EIXO;0;;
101;1519;100936;1519;101.100936;CATEGORIA0;;1;1;0;1;;TIRANTE DO EIXO;TIRANTE DO EIXO;0;;
101;1519;100937;1519;101.100937;CATEGORIA0;;1;1;0;1;;TIRANTE DO EIXO;TIRANTE DO EIXO;0;;
101;1519;100938;1519;101.100938;CATEGORIA0;;1;1;0;1;;CARCAÇA DO FILTRO DE COMBUSTÍVEL;CARCAÇA DO FILTRO DE COMBUSTÍVEL;0;;
101;1519;100939;1519;101.100939;CATEGORIA0;;1;1;0;1;;SENSOR DE PRESSÃO DE ÓLEO;SENSOR DE PRESSÃO DE ÓLEO;0;;
101;1519;100940;1519;101.100940;CATEGORIA0;;1;1;0;1;;PARAFUSO DA RODA;PARAFUSO DA RODA;0;;
101;1519;100941;1519;101.100941;CATEGORIA0;;1;1;0;1;;JUNTA;JUNTA;0;;
101;1519;100942;1519;101.100942;CATEGORIA0;;1;1;0;1;;APOIO DE MOTOR;APOIO DE MOTOR;0;;
101;1519;100943;1519;101.100943;CATEGORIA0;;1;1;0;1;;UNIDADE DE COMUTAÇÃO;UNIDADE DE COMUTAÇÃO;0;;
101;1519;100944;1519;101.100944;CATEGORIA0;;1;1;0;1;;VÁLVULA DE VENTILAÇÃO;VÁLVULA DE VENTILAÇÃO;0;;
101;1519;100945;1519;101.100945;CATEGORIA0;;1;1;0;1;;SENSOR DE DESGASTE;SENSOR DE DESGASTE;0;;
101;1519;100946;1519;101.100946;CATEGORIA0;;1;1;0;1;;TIRANTE DO EIXO;TIRANTE DO EIXO;0;;
101;1519;100947;1519;101.100947;CATEGORIA0;;1;1;0;1;;BARRA DE ACOPLAMENTO;BARRA DE ACOPLAMENTO;0;;
101;1519;100948;1519;101.100948;CATEGORIA0;;1;1;0;1;;BARRA DE DIREÇÃO;BARRA DE DIREÇÃO;0;;
101;1519;100949;1519;101.100949;CATEGORIA0;;1;1;0;1;;JOGO DE JUNTAS;JOGO DE JUNTAS;0;;
101;1519;100952;1519;101.100952;CATEGORIA0;;1;1;0;1;;JOGO DE ROLAMENTO DE RODA;JOGO DE ROLAMENTO DE RODA;0;;
101;1519;100953;1519;101.100953;CATEGORIA0;;1;1;0;1;;TENSOR DE CORRENTE;TENSOR DE CORRENTE;0;;
101;1519;100955;1519;101.100955;CATEGORIA0;;1;1;0;1;;MOLA PNEUMÁTICA;MOLA PNEUMÁTICA;0;;
101;1519;100956;1519;101.100956;CATEGORIA0;;1;1;0;1;;JOGO DE JUNTAS;JOGO DE JUNTAS;0;;
101;1519;100957;1519;101.100957;CATEGORIA0;;1;1;0;1;;KIT DE CORRENTE DE DISTRIBUIÇÃO;KIT DE CORRENTE DE DISTRIBUIÇÃO;0;;
101;1519;100958;1519;101.100958;CATEGORIA0;;1;1;0;1;;CASQUILHO DA BARRA ESTABILIZADORA;CASQUILHO DA BARRA ESTABILIZADORA;0;;
101;1519;100960;1519;101.100960;CATEGORIA0;;1;1;0;1;;MALA DE ABRAÇADEIRAS;MALA DE ABRAÇADEIRAS;0;;
101;1519;100961;1519;101.100961;CATEGORIA0;;1;1;0;1;;BRAÇADEIRA DO TUBO;BRAÇADEIRA DO TUBO;0;;
101;1519;100962;1519;101.100962;CATEGORIA0;;1;1;0;1;;BRAÇADEIRA DO TUBO;BRAÇADEIRA DO TUBO;0;;
101;1519;100963;1519;101.100963;CATEGORIA0;;1;1;0;1;;BRAÇADEIRA DO TUBO;BRAÇADEIRA DO TUBO;0;;
101;1519;100964;1519;101.100964;CATEGORIA0;;1;1;0;1;;BRAÇADEIRA DO TUBO;BRAÇADEIRA DO TUBO;0;;
101;1519;100965;1519;101.100965;CATEGORIA0;;1;1;0;1;;BRAÇADEIRA DO TUBO;BRAÇADEIRA DO TUBO;0;;
101;1519;100966;1519;101.100966;CATEGORIA0;;1;1;0;1;;BRAÇADEIRA DO TUBO;BRAÇADEIRA DO TUBO;0;;
101;1519;100967;1519;101.100967;CATEGORIA0;;1;1;0;1;;BRAÇADEIRA DO TUBO;BRAÇADEIRA DO TUBO;0;;
101;1519;100968;1519;101.100968;CATEGORIA0;;1;1;0;1;;BRAÇADEIRA DO TUBO;BRAÇADEIRA DO TUBO;0;;
101;1519;100969;1519;101.100969;CATEGORIA0;;1;1;0;1;;BRAÇADEIRA DO TUBO;BRAÇADEIRA DO TUBO;0;;
101;1519;100970;1519;101.100970;CATEGORIA0;;1;1;0;1;;BRAÇADEIRA DO TUBO;BRAÇADEIRA DO TUBO;0;;
101;1519;100971;1519;101.100971;CATEGORIA0;;1;1;0;1;;BRAÇADEIRA DO TUBO;BRAÇADEIRA DO TUBO;0;;
101;1519;100972;1519;101.100972;CATEGORIA0;;1;1;0;1;;BRAÇADEIRA DO TUBO;BRAÇADEIRA DO TUBO;0;;
101;1519;100973;1519;101.100973;CATEGORIA0;;1;1;0;1;;CASQUILHO;CASQUILHO;0;;
101;1519;100974;1519;101.100974;CATEGORIA0;;1;1;0;1;;CASQUILHO DA BARRA ESTABILIZADORA;CASQUILHO DA BARRA ESTABILIZADORA;0;;
101;1519;100975;1519;101.100975;CATEGORIA0;;1;1;0;1;;CASQUILHO DA BARRA ESTABILIZADORA;CASQUILHO DA BARRA ESTABILIZADORA;0;;
101;1519;100976;1519;101.100976;CATEGORIA0;;1;1;0;1;;CAVILHA DE MOLA;CAVILHA DE MOLA;0;;
101;1519;100977;1519;101.100977;CATEGORIA0;;1;1;0;1;;CAVILHA DE MOLA;CAVILHA DE MOLA;0;;
101;1519;10098;1519;101.10098;CATEGORIA0;;1;1;0;1;;CONJUNTO DE FILTROS DO ÓLEO DA TRANSMISSÃO;CONJUNTO DE FILTROS DO ÓLEO DA TRANSMISSÃO;0;;
101;1519;100980;1519;101.100980;CATEGORIA0;;1;1;0;1;;CABEÇA DE MOTOR;CABEÇA DE MOTOR;0;;
101;1519;100981;1519;101.100981;CATEGORIA0;;1;1;0;1;;POLIE AMORTECEDORA;POLIE AMORTECEDORA;0;;
101;1519;100982;1519;101.100982;CATEGORIA0;;1;1;0;1;;SENSOR DE TEMPERATURA DO LÍQUIDO DE REFRIGERAÇÃO;SENSOR DE TEMPERATURA DO LÍQUIDO DE REFRIGERAÇÃO;0;;
101;1519;100983;1519;101.100983;CATEGORIA0;;1;1;0;1;;SENSOR DO ÂNGULO DA DIREÇÃO;SENSOR DO ÂNGULO DA DIREÇÃO;0;;
101;1519;100984;1519;101.100984;CATEGORIA0;;1;1;0;1;;SENSOR DE DETONAÇÃO;SENSOR DE DETONAÇÃO;0;;
101;1519;100987;1519;101.100987;CATEGORIA0;;1;1;0;1;;SENSOR DE PRESSÃO NO COLETOR DE ADMISSÃO;SENSOR DE PRESSÃO NO COLETOR DE ADMISSÃO;0;;
101;1519;100988;1519;101.100988;CATEGORIA0;;1;1;0;1;;SENSOR DE ABS;SENSOR DE ABS;0;;
101;1519;100989;1519;101.100989;CATEGORIA0;;1;1;0;1;;BUJÃO DO CÁRTER;BUJÃO DO CÁRTER;0;;
101;1519;10099;1519;101.10099;CATEGORIA0;;1;1;0;1;;CUBO;CUBO;0;;
101;1519;100991;1519;101.100991;CATEGORIA0;;1;1;0;1;;RETENTOR;RETENTOR;0;;
101;1519;100993;1519;101.100993;CATEGORIA0;;1;1;0;1;;CORPO DA BORBOLETA DE ADMISSÃO;CORPO DA BORBOLETA DE ADMISSÃO;0;;
101;1519;100994;1519;101.100994;CATEGORIA0;;1;1;0;1;;CORPO DA BORBOLETA DE ADMISSÃO;CORPO DA BORBOLETA DE ADMISSÃO;0;;
101;1519;100995;1519;101.100995;CATEGORIA0;;1;1;0;1;;CORPO DA BORBOLETA DE ADMISSÃO;CORPO DA BORBOLETA DE ADMISSÃO;0;;
101;1519;100996;1519;101.100996;CATEGORIA0;;1;1;0;1;;SENSOR DE DESGASTE;SENSOR DE DESGASTE;0;;
101;1519;100997;1519;101.100997;CATEGORIA0;;1;1;0;1;;SENSOR DE DESGASTE;SENSOR DE DESGASTE;0;;
101;1519;100998;1519;101.100998;CATEGORIA0;;1;1;0;1;;RETENTOR;RETENTOR;0;;
101;1519;100999;1519;101.100999;CATEGORIA0;;1;1;0;1;;RETENTOR;RETENTOR;0;;
101;1519;10100;1519;101.10100;CATEGORIA0;;1;1;0;1;;CONJUNTO DE APOIOS DE CARGA DO AMORTECEDOR;CONJUNTO DE APOIOS DE CARGA DO AMORTECEDOR;0;;
101;1519;101000;1519;101.101000;CATEGORIA0;;1;1;0;1;;REBITE EXPANSÍVEL;REBITE EXPANSÍVEL;0;;
101;1519;101001;1519;101.101001;CATEGORIA0;;1;1;0;1;;JOGO DE PORCAS DE RODA;JOGO DE PORCAS DE RODA;0;;
101;1519;101002;1519;101.101002;CATEGORIA0;;1;1;0;1;;BOMBA DE ÁGUA ADICIONAL;BOMBA DE ÁGUA ADICIONAL;0;;
101;1519;101003;1519;101.101003;CATEGORIA0;;1;1;0;1;;SENSOR;SENSOR;0;;
101;1519;101004;1519;101.101004;CATEGORIA0;;1;1;0;1;;COMUTADOR DO BRAÇO DA DIREÇÃO;COMUTADOR DO BRAÇO DA DIREÇÃO;0;;
101;1519;101005;1519;101.101005;CATEGORIA0;;1;1;0;1;;RADIADOR DE ÓLEO;RADIADOR DE ÓLEO;0;;
101;1519;101006;1519;101.101006;CATEGORIA0;;1;1;0;1;;JUNTA DE TAMPA DE VÁLVULAS;JUNTA DE TAMPA DE VÁLVULAS;0;;
101;1519;101007;1519;101.101007;CATEGORIA0;;1;1;0;1;;PARAFUSO DE SEGURANÇA;PARAFUSO DE SEGURANÇA;0;;
101;1519;101008;1519;101.101008;CATEGORIA0;;1;1;0;1;;RADIADOR DE ÓLEO;RADIADOR DE ÓLEO;0;;
101;1519;101009;1519;101.101009;CATEGORIA0;;1;1;0;1;;RADIADOR DE ÓLEO;RADIADOR DE ÓLEO;0;;
101;1519;10101;1519;101.10101;CATEGORIA0;;1;1;0;1;;SUPORTE DO DISPOSITIVO AMORTECEDOR;SUPORTE DO DISPOSITIVO AMORTECEDOR;0;;
101;1519;101010;1519;101.101010;CATEGORIA0;;1;1;0;1;;JOGO DE ROLAMENTO DE RODA;JOGO DE ROLAMENTO DE RODA;0;;
101;1519;101011;1519;101.101011;CATEGORIA0;;1;1;0;1;;REVESTIMENTO DE PEDAL;REVESTIMENTO DE PEDAL;0;;
101;1519;101012;1519;101.101012;CATEGORIA0;;1;1;0;1;;INTERRUPTOR DE IGNIÇÃO;INTERRUPTOR DE IGNIÇÃO;0;;
101;1519;101013;1519;101.101013;CATEGORIA0;;1;1;0;1;;RESERVATÓRIO LÍQUIDO REFRIGERAÇÃO;RESERVATÓRIO LÍQUIDO REFRIGERAÇÃO;0;;
101;1519;101014;1519;101.101014;CATEGORIA0;;1;1;0;1;;RESISTÊNCIA;RESISTÊNCIA;0;;
101;1519;101015;1519;101.101015;CATEGORIA0;;1;1;0;1;;RADIADOR DE GASES DE ESCAPE;RADIADOR DE GASES DE ESCAPE;0;;
101;1519;101016;1519;101.101016;CATEGORIA0;;1;1;0;1;;RADIADOR DE GASES DE ESCAPE;RADIADOR DE GASES DE ESCAPE;0;;
101;1519;101017;1519;101.101017;CATEGORIA0;;1;1;0;1;;CAIXA DE FECHADURA DE IGNIÇÃO;CAIXA DE FECHADURA DE IGNIÇÃO;0;;
101;1519;101019;1519;101.101019;CATEGORIA0;;1;1;0;1;;JOGO DE FOLES DE TRANSMISSÃO;JOGO DE FOLES DE TRANSMISSÃO;0;;
101;1519;10102;1519;101.10102;CATEGORIA0;;1;1;0;1;;SUPORTE DO DISPOSITIVO AMORTECEDOR;SUPORTE DO DISPOSITIVO AMORTECEDOR;0;;
101;1519;101020;1519;101.101020;CATEGORIA0;;1;1;0;1;;BUJÃO ROSCADO;BUJÃO ROSCADO;0;;
101;1519;101021;1519;101.101021;CATEGORIA0;;1;1;0;1;;BUJÃO ROSCADO;BUJÃO ROSCADO;0;;
101;1519;101022;1519;101.101022;CATEGORIA0;;1;1;0;1;;RADIADOR DE ÓLEO;RADIADOR DE ÓLEO;0;;
101;1519;101023;1519;101.101023;CATEGORIA0;;1;1;0;1;;INTERRUPTOR DE PRESSÃO DE ÓLEO;INTERRUPTOR DE PRESSÃO DE ÓLEO;0;;
101;1519;101024;1519;101.101024;CATEGORIA0;;1;1;0;1;;TIRANTE DO EIXO;TIRANTE DO EIXO;0;;
101;1519;101026;1519;101.101026;CATEGORIA0;;1;1;0;1;;PORCA DE COROA;PORCA DE COROA;0;;