4965;10295;39023070;10295;4965.39023070;CATEGORIA0;;1;1;0;1;;FAROL NEVOEIRO DIREITO H3;FAROL NEVOEIRO DIREITO H3;0;;
4965;10295;39023080;10295;4965.39023080;CATEGORIA0;;1;1;0;1;;FAROL NEVOEIRO DIREITO H3;FAROL NEVOEIRO DIREITO H3;0;;
4965;10295;39023081;10295;4965.39023081;CATEGORIA0;;1;1;0;1;;FAROL NEVOEIRO DIREITO H3;FAROL NEVOEIRO DIREITO H3;0;;
4965;10295;39023087;10295;4965.39023087;CATEGORIA0;;1;1;0;1;;FAROL NEVOEIRO DIREITO H10+PSY24W 3/5 PORTAS ->12/2012;FAROL NEVOEIRO DIREITO H10+PSY24W 3/5 PORTAS ->12/2012;0;;
4965;10295;39023089;10295;4965.39023089;CATEGORIA0;;1;1;0;1;;FAROL NEVOEIRO DIREITO H11 TIPOZ 4 PORTAS;FAROL NEVOEIRO DIREITO H11 TIPOZ 4 PORTAS;0;;
4965;10295;39023535;10295;4965.39023535;CATEGORIA0;;1;1;0;1;;FAROL NEVOEIRO DIREITO H1 SPORT;FAROL NEVOEIRO DIREITO H1 SPORT;0;;
4965;10295;39023570;10295;4965.39023570;CATEGORIA0;;1;1;0;1;;FAROL NEVOEIRO DIREITO H8;FAROL NEVOEIRO DIREITO H8;0;;
4965;10295;39023572;10295;4965.39023572;CATEGORIA0;;1;1;0;1;;FAROL NEVOEIRO DIREITO H8  SIN SUPORTE DA LÂMPADA TIPO ST;FAROL NEVOEIRO DIREITO H8  SIN SUPORTE DA LÂMPADA TIPO ST;0;;
4965;10295;39024058;10295;4965.39024058;CATEGORIA0;;1;1;0;1;;FAROL NEVOEIRO DIREITO H11;FAROL NEVOEIRO DIREITO H11;0;;
4965;10295;39024077;10295;4965.39024077;CATEGORIA0;;1;1;0;1;;FAROL NEVOEIRO DIREITO H1 3 PORTAS;FAROL NEVOEIRO DIREITO H1 3 PORTAS;0;;
4965;10295;39024078;10295;4965.39024078;CATEGORIA0;;1;1;0;1;;FAROL NEVOEIRO DIREITO H1;FAROL NEVOEIRO DIREITO H1;0;;
4965;10295;39024084;10295;4965.39024084;CATEGORIA0;;1;1;0;1;;FAROL NEVOEIRO DIREITO H11 TIPOV 2012->;FAROL NEVOEIRO DIREITO H11 TIPOV 2012->;0;;
4965;10295;39024085;10295;4965.39024085;CATEGORIA0;;1;1;0;1;;FAROL NEVOEIRO DIREITO H1 5 PORTAS;FAROL NEVOEIRO DIREITO H1 5 PORTAS;0;;
4965;10295;39024087;10295;4965.39024087;CATEGORIA0;;1;1;0;1;;FAROL NEVOEIRO DIREITO H1;FAROL NEVOEIRO DIREITO H1;0;;
4965;10295;39024567;10295;4965.39024567;CATEGORIA0;;1;1;0;1;;FAROL NEVOEIRO DIREITO H3;FAROL NEVOEIRO DIREITO H3;0;;
4965;10295;39024573;10295;4965.39024573;CATEGORIA0;;1;1;0;1;;FAROL NEVOEIRO DIREITO H7;FAROL NEVOEIRO DIREITO H7;0;;
4965;10295;39024577;10295;4965.39024577;CATEGORIA0;;1;1;0;1;;FAROL NEVOEIRO DIREITO H3;FAROL NEVOEIRO DIREITO H3;0;;
4965;10295;39024594;10295;4965.39024594;CATEGORIA0;;1;1;0;1;;FAROL NEVOEIRO DIREITO H8 TIPO HE;FAROL NEVOEIRO DIREITO H8 TIPO HE;0;;
4965;10295;39024595;10295;4965.39024595;CATEGORIA0;;1;1;0;1;;FAROL NEVOEIRO DIREITO H8 SPORTTIPO HE;FAROL NEVOEIRO DIREITO H8 SPORTTIPO HE;0;;
4965;10295;39024623;10295;4965.39024623;CATEGORIA0;;1;1;0;1;;FAROL NEVOEIRO DIREITO H3;FAROL NEVOEIRO DIREITO H3;0;;
4965;10295;39024704;10295;4965.39024704;CATEGORIA0;;1;1;0;1;;FAROL NEVOEIRO DIREITO H8;FAROL NEVOEIRO DIREITO H8;0;;
4965;10295;39024706;10295;4965.39024706;CATEGORIA0;;1;1;0;1;;FAROL NEVOEIRO DIREITO HB4;FAROL NEVOEIRO DIREITO HB4;0;;
4965;10295;39024719;10295;4965.39024719;CATEGORIA0;;1;1;0;1;;FAROL NEVOEIRO DIREITO H8+P21W;FAROL NEVOEIRO DIREITO H8+P21W;0;;
4965;10295;39024722;10295;4965.39024722;CATEGORIA0;;1;1;0;1;;FAROL NEVOEIRO DIREITO H8 TIPO HE;FAROL NEVOEIRO DIREITO H8 TIPO HE;0;;
4965;10295;39024723;10295;4965.39024723;CATEGORIA0;;1;1;0;1;;FAROL NEVOEIRO DIREITO H8 TIPO Z;FAROL NEVOEIRO DIREITO H8 TIPO Z;0;;
4965;10295;39024725;10295;4965.39024725;CATEGORIA0;;1;1;0;1;;FAROL NEVOEIRO DIREITO BASE CROMADA/H8 TIPO Z;FAROL NEVOEIRO DIREITO BASE CROMADA/H8 TIPO Z;0;;
4965;10295;39025101;10295;4965.39025101;CATEGORIA0;;1;1;0;1;;FAROL NEVOEIRO DIREITO 4 PORTAS/H16 TIPO V;FAROL NEVOEIRO DIREITO 4 PORTAS/H16 TIPO V;0;;
4965;10295;39025112;10295;4965.39025112;CATEGORIA0;;1;1;0;1;;FAROL NEVOEIRO DIREITO H10 3/5 PORTAS;FAROL NEVOEIRO DIREITO H10 3/5 PORTAS;0;;
4965;10295;39025113;10295;4965.39025113;CATEGORIA0;;1;1;0;1;;FAROL NEVOEIRO DIREITO H11 SEM PORTA-LÂMPADAS 3/5 PORTAS;FAROL NEVOEIRO DIREITO H11 SEM PORTA-LÂMPADAS 3/5 PORTAS;0;;
4965;10295;39025132;10295;4965.39025132;CATEGORIA0;;1;1;0;1;;FAROL NEVOEIRO DIREITO HB3 2001->;FAROL NEVOEIRO DIREITO HB3 2001->;0;;
4965;10295;39025133;10295;4965.39025133;CATEGORIA0;;1;1;0;1;;FAROL NEVOEIRO DIREITO HB4;FAROL NEVOEIRO DIREITO HB4;0;;
4965;10295;39025147;10295;4965.39025147;CATEGORIA0;;1;1;0;1;;FAROL NEVOEIRO DIREITO HB4;FAROL NEVOEIRO DIREITO HB4;0;;
4965;10295;39025148;10295;4965.39025148;CATEGORIA0;;1;1;0;1;;FAROL NEVOEIRO DIREITO HB4;FAROL NEVOEIRO DIREITO HB4;0;;
4965;10295;39025157;10295;4965.39025157;CATEGORIA0;;1;1;0;1;;FAROL NEVOEIRO DIREITO H7;FAROL NEVOEIRO DIREITO H7;0;;
4965;10295;39025158;10295;4965.39025158;CATEGORIA0;;1;1;0;1;;FAROL NEVOEIRO DIREITO HB4;FAROL NEVOEIRO DIREITO HB4;0;;
4965;10295;39025159;10295;4965.39025159;CATEGORIA0;;1;1;0;1;;FAROL NEVOEIRO DIREITO H11;FAROL NEVOEIRO DIREITO H11;0;;
4965;10295;39025173;10295;4965.39025173;CATEGORIA0;;1;1;0;1;;FAROL NEVOEIRO DIREITO HB4;FAROL NEVOEIRO DIREITO HB4;0;;
4965;10295;39025507;10295;4965.39025507;CATEGORIA0;;1;1;0;1;;FAROL NEVOEIRO DIREITO H1 ->2005;FAROL NEVOEIRO DIREITO H1 ->2005;0;;
4965;10295;39025508;10295;4965.39025508;CATEGORIA0;;1;1;0;1;;FAROL NEVOEIRO DIREITO H11 TIPOV;FAROL NEVOEIRO DIREITO H11 TIPOV;0;;
4965;10295;39025513;10295;4965.39025513;CATEGORIA0;;1;1;0;1;;FAROL NEVOEIRO DIREITO BASE BRANCA H3 1983->1992;FAROL NEVOEIRO DIREITO BASE BRANCA H3 1983->1992;0;;
4965;10295;39025518;10295;4965.39025518;CATEGORIA0;;1;1;0;1;;FAROL NEVOEIRO DIREITO H1;FAROL NEVOEIRO DIREITO H1;0;;
4965;10295;39025529;10295;4965.39025529;CATEGORIA0;;1;1;0;1;;FAROL NEVOEIRO DIREITO HB4;FAROL NEVOEIRO DIREITO HB4;0;;
4965;10295;39025533;10295;4965.39025533;CATEGORIA0;;1;1;0;1;;FAROL NEVOEIRO DIREITO HB4;FAROL NEVOEIRO DIREITO HB4;0;;
4965;10295;39025535;10295;4965.39025535;CATEGORIA0;;1;1;0;1;;FAROL NEVOEIRO DIREITO HB4;FAROL NEVOEIRO DIREITO HB4;0;;
4965;10295;39025536;10295;4965.39025536;CATEGORIA0;;1;1;0;1;;FAROL NEVOEIRO DIREITO H11;FAROL NEVOEIRO DIREITO H11;0;;
4965;10295;39025539;10295;4965.39025539;CATEGORIA0;;1;1;0;1;;FAROL NEVOEIRO DIREITO H8;FAROL NEVOEIRO DIREITO H8;0;;
4965;10295;39025542;10295;4965.39025542;CATEGORIA0;;1;1;0;1;;FAROL NEVOEIRO DIREITO H3;FAROL NEVOEIRO DIREITO H3;0;;
4965;10295;39025548;10295;4965.39025548;CATEGORIA0;;1;1;0;1;;FAROL NEVOEIRO DIREITO H7;FAROL NEVOEIRO DIREITO H7;0;;
4965;10295;39025549;10295;4965.39025549;CATEGORIA0;;1;1;0;1;;FAROL NEVOEIRO DIREITO H3;FAROL NEVOEIRO DIREITO H3;0;;
4965;10295;39025551;10295;4965.39025551;CATEGORIA0;;1;1;0;1;;FAROL NEVOEIRO DIREITO H11;FAROL NEVOEIRO DIREITO H11;0;;
4965;10295;39025552;10295;4965.39025552;CATEGORIA0;;1;1;0;1;;FAROL NEVOEIRO DIREITO HB4 TIPOV;FAROL NEVOEIRO DIREITO HB4 TIPOV;0;;
4965;10295;39025555;10295;4965.39025555;CATEGORIA0;;1;1;0;1;;FAROL NEVOEIRO DIREITO H11 TIPOHE;FAROL NEVOEIRO DIREITO H11 TIPOHE;0;;
4965;10295;39025560;10295;4965.39025560;CATEGORIA0;;1;1;0;1;;FAROL NEVOEIRO DIREITO H3;FAROL NEVOEIRO DIREITO H3;0;;
4965;10295;39025561;10295;4965.39025561;CATEGORIA0;;1;1;0;1;;FAROL NEVOEIRO DIREITO H8 TIPO FE;FAROL NEVOEIRO DIREITO H8 TIPO FE;0;;
4965;10295;39025562;10295;4965.39025562;CATEGORIA0;;1;1;0;1;;FAROL NEVOEIRO DIREITO  H11;FAROL NEVOEIRO DIREITO  H11;0;;
4965;10295;39025564;10295;4965.39025564;CATEGORIA0;;1;1;0;1;;FAROL NEVOEIRO DIREITO H8+P21W TIPO HE;FAROL NEVOEIRO DIREITO H8+P21W TIPO HE;0;;
4965;10295;39026026;10295;4965.39026026;CATEGORIA0;;1;1;0;1;;FAROL NEVOEIRO DIREITO H1;FAROL NEVOEIRO DIREITO H1;0;;
4965;10295;39026032;10295;4965.39026032;CATEGORIA0;;1;1;0;1;;FAROL NEVOEIRO DIREITO H1;FAROL NEVOEIRO DIREITO H1;0;;
4965;10295;39026035;10295;4965.39026035;CATEGORIA0;;1;1;0;1;;FAROL NEVOEIRO DIREITO H1;FAROL NEVOEIRO DIREITO H1;0;;
4965;10295;39026036;10295;4965.39026036;CATEGORIA0;;1;1;0;1;;FAROL NEVOEIRO DIREITO H1;FAROL NEVOEIRO DIREITO H1;0;;
4965;10295;39026039;10295;4965.39026039;CATEGORIA0;;1;1;0;1;;FAROL NEVOEIRO DIREITO H1;FAROL NEVOEIRO DIREITO H1;0;;
4965;10295;39081298;10295;4965.39081298;CATEGORIA0;;1;1;0;1;;FAROL NEVOEIRO REVERSIVEL H16 TIPO V;FAROL NEVOEIRO REVERSIVEL H16 TIPO V;0;;
4965;10295;39110428;10295;4965.39110428;CATEGORIA0;;1;1;0;1;;FAROL NEVOEIRO ESQUERDO H7 2001->;FAROL NEVOEIRO ESQUERDO H7 2001->;0;;
4965;10295;39110429;10295;4965.39110429;CATEGORIA0;;1;1;0;1;;FAROL NEVOEIRO ESQUERDO H11;FAROL NEVOEIRO ESQUERDO H11;0;;
4965;10295;39110563;10295;4965.39110563;CATEGORIA0;;1;1;0;1;;FAROL NEVOEIRO ESQUERDO H8 TIPOZ 2011->;FAROL NEVOEIRO ESQUERDO H8 TIPOZ 2011->;0;;
4965;10295;39110570;10295;4965.39110570;CATEGORIA0;;1;1;0;1;;FAROL NEVOEIRO ESQUERDO BASE CINZENTO/H11;FAROL NEVOEIRO ESQUERDO BASE CINZENTO/H11;0;;
4965;10295;39112025;10295;4965.39112025;CATEGORIA0;;1;1;0;1;;FAROL NEVOEIRO ESQUERDO HB4 2004->2005;FAROL NEVOEIRO ESQUERDO HB4 2004->2005;0;;
4965;10295;39113541;10295;4965.39113541;CATEGORIA0;;1;1;0;1;;FAROL NEVOEIRO ESQUERDO H1 XSI 1999->;FAROL NEVOEIRO ESQUERDO H1 XSI 1999->;0;;
4965;10295;39116036;10295;4965.39116036;CATEGORIA0;;1;1;0;1;;FAROL NEVOEIRO ESQUERDO;FAROL NEVOEIRO ESQUERDO;0;;
4965;10295;39120428;10295;4965.39120428;CATEGORIA0;;1;1;0;1;;FAROL NEVOEIRO DIREITO H7 2001->;FAROL NEVOEIRO DIREITO H7 2001->;0;;
4965;10295;39120429;10295;4965.39120429;CATEGORIA0;;1;1;0;1;;FAROL NEVOEIRO DIREITO H11;FAROL NEVOEIRO DIREITO H11;0;;
4965;10295;39120570;10295;4965.39120570;CATEGORIA0;;1;1;0;1;;FAROL NEVOEIRO DIREITO BASE CINZENTO/H11;FAROL NEVOEIRO DIREITO BASE CINZENTO/H11;0;;
4965;10295;39121842;10295;4965.39121842;CATEGORIA0;;1;1;0;1;;FAROL NEVOEIRO DIREITO H27W1;FAROL NEVOEIRO DIREITO H27W1;0;;
4965;10295;39122025;10295;4965.39122025;CATEGORIA0;;1;1;0;1;;FAROL NEVOEIRO DIREITO HB4 2004->2005;FAROL NEVOEIRO DIREITO HB4 2004->2005;0;;
4965;10295;39123541;10295;4965.39123541;CATEGORIA0;;1;1;0;1;;FAROL NEVOEIRO DIREITO H1 XSI 1999->;FAROL NEVOEIRO DIREITO H1 XSI 1999->;0;;
4965;10295;39125539;10295;4965.39125539;CATEGORIA0;;1;1;0;1;;FAROL NEVOEIRO DIREITO H8 GTI 2011->;FAROL NEVOEIRO DIREITO H8 GTI 2011->;0;;
4965;10295;39126036;10295;4965.39126036;CATEGORIA0;;1;1;0;1;;FAROL NEVOEIRO DIREITO;FAROL NEVOEIRO DIREITO;0;;
4965;10295;39310438;10295;4965.39310438;CATEGORIA0;;1;1;0;1;;FAROL NEVOEIRO ESQUERDO H8 TIPOHE SPORT TYPE 3/5 PORTAS 2012;FAROL NEVOEIRO ESQUERDO H8 TIPOHE SPORT TYPE 3/5 PORTAS 2012;0;;
4965;10295;39310439;10295;4965.39310439;CATEGORIA0;;1;1;0;1;;FAROL NEVOEIRO ESQUERDO H8 TIPOHE;FAROL NEVOEIRO ESQUERDO H8 TIPOHE;0;;
4965;10295;39310441;10295;4965.39310441;CATEGORIA0;;1;1;0;1;;FAROL NEVOEIRO ESQUERDO H8 TIPOHE;FAROL NEVOEIRO ESQUERDO H8 TIPOHE;0;;
4965;10295;39310533;10295;4965.39310533;CATEGORIA0;;1;1;0;1;;FAROL NEVOEIRO ESQUERDO H7;FAROL NEVOEIRO ESQUERDO H7;0;;
4965;10295;39310538;10295;4965.39310538;CATEGORIA0;;1;1;0;1;;FAROL NEVOEIRO ESQUERDO HB4 2 PORTAS ->2003;FAROL NEVOEIRO ESQUERDO HB4 2 PORTAS ->2003;0;;
4965;10295;39310542;10295;4965.39310542;CATEGORIA0;;1;1;0;1;;FAROL NEVOEIRO ESQUERDO H8;FAROL NEVOEIRO ESQUERDO H8;0;;
4965;10295;39310555;10295;4965.39310555;CATEGORIA0;;1;1;0;1;;FAROL NEVOEIRO ESQUERDO H11;FAROL NEVOEIRO ESQUERDO H11;0;;
4965;10295;39310571;10295;4965.39310571;CATEGORIA0;;1;1;0;1;;FAROL NEVOEIRO ESQUERDO H11 TIPOHE;FAROL NEVOEIRO ESQUERDO H11 TIPOHE;0;;
4965;10295;39311065;10295;4965.39311065;CATEGORIA0;;1;1;0;1;;FAROL NEVOEIRO ESQUERDO H11;FAROL NEVOEIRO ESQUERDO H11;0;;
4965;10295;39311234;10295;4965.39311234;CATEGORIA0;;1;1;0;1;;FAROL NEVOEIRO ESQUERDO BASE PRETA H1;FAROL NEVOEIRO ESQUERDO BASE PRETA H1;0;;
4965;10295;39311567;10295;4965.39311567;CATEGORIA0;;1;1;0;1;;FAROL NEVOEIRO ESQUERDO H8+W5W;FAROL NEVOEIRO ESQUERDO H8+W5W;0;;
4965;10295;39311623;10295;4965.39311623;CATEGORIA0;;1;1;0;1;;FAROL NEVOEIRO ESQUERDO H11 SEMPORTA-LÂMPADAS PARA SUPORTE F;FAROL NEVOEIRO ESQUERDO H11 SEMPORTA-LÂMPADAS PARA SUPORTE F;0;;
4965;10295;39311672;10295;4965.39311672;CATEGORIA0;;1;1;0;1;;FAROL NEVOEIRO ESQUERDO BASE PRETA;FAROL NEVOEIRO ESQUERDO BASE PRETA;0;;
4965;10295;39311673;10295;4965.39311673;CATEGORIA0;;1;1;0;1;;FAROL NEVOEIRO ESQUERDO;FAROL NEVOEIRO ESQUERDO;0;;
4965;10295;39311674;10295;4965.39311674;CATEGORIA0;;1;1;0;1;;FAROL NEVOEIRO ESQUERDO H27W/1;FAROL NEVOEIRO ESQUERDO H27W/1;0;;
4965;10295;39311813;10295;4965.39311813;CATEGORIA0;;1;1;0;1;;FAROL NEVOEIRO ESQUERDO H27W/2 TIPO SEO 12/2013->;FAROL NEVOEIRO ESQUERDO H27W/2 TIPO SEO 12/2013->;0;;
4965;10295;39311839;10295;4965.39311839;CATEGORIA0;;1;1;0;1;;FAROL NEVOEIRO ESQUERDO GE881 TIPO SEO;FAROL NEVOEIRO ESQUERDO GE881 TIPO SEO;0;;
4965;10295;39311851;10295;4965.39311851;CATEGORIA0;;1;1;0;1;;FAROL NEVOEIRO ESQUERDO H27W/2 ->2008;FAROL NEVOEIRO ESQUERDO H27W/2 ->2008;0;;
4965;10295;39311950;10295;4965.39311950;CATEGORIA0;;1;1;0;1;;FAROL NEVOEIRO ESQUERDO H3 4 PORTAS;FAROL NEVOEIRO ESQUERDO H3 4 PORTAS;0;;
4965;10295;39311960;10295;4965.39311960;CATEGORIA0;;1;1;0;1;;FAROL NEVOEIRO ESQUERDO HB4 4/5PORTAS;FAROL NEVOEIRO ESQUERDO HB4 4/5PORTAS;0;;
4965;10295;39311965;10295;4965.39311965;CATEGORIA0;;1;1;0;1;;FAROL NEVOEIRO ESQUERDO H11 4 PORTAS;FAROL NEVOEIRO ESQUERDO H11 4 PORTAS;0;;
4965;10295;39311970;10295;4965.39311970;CATEGORIA0;;1;1;0;1;;FAROL NEVOEIRO ESQUERDO H11;FAROL NEVOEIRO ESQUERDO H11;0;;
4965;10295;39312043;10295;4965.39312043;CATEGORIA0;;1;1;0;1;;FAROL NEVOEIRO ESQUERDO H1 1999->2000;FAROL NEVOEIRO ESQUERDO H1 1999->2000;0;;
4965;10295;39312055;10295;4965.39312055;CATEGORIA0;;1;1;0;1;;FAROL NEVOEIRO ESQUERDO BASE CROMADA/H11 TIPO HE 2009->2013;FAROL NEVOEIRO ESQUERDO BASE CROMADA/H11 TIPO HE 2009->2013;0;;
4965;10295;39312654;10295;4965.39312654;CATEGORIA0;;1;1;0;1;;FARO NEVOEIRO ESQUERDO H8 TIPO F;FARO NEVOEIRO ESQUERDO H8 TIPO F;0;;
4965;10295;39313007;10295;4965.39313007;CATEGORIA0;;1;1;0;1;;FAROL NEVOEIRO ESQUERDO H10 TIPOZ 2014->;FAROL NEVOEIRO ESQUERDO H10 TIPOZ 2014->;0;;
4965;10295;39313054;10295;4965.39313054;CATEGORIA0;;1;1;0;1;;FAROL NEVOEIRO ESQUERDO H3 3/5 PORTAS;FAROL NEVOEIRO ESQUERDO H3 3/5 PORTAS;0;;
4965;10295;39313062;10295;4965.39313062;CATEGORIA0;;1;1;0;1;;FAROL NEVOEIRO ESQUERDO H3 ->2007;FAROL NEVOEIRO ESQUERDO H3 ->2007;0;;
4965;10295;39313074;10295;4965.39313074;CATEGORIA0;;1;1;0;1;;FAROL NEVOEIRO ESQUERDO H3;FAROL NEVOEIRO ESQUERDO H3;0;;
4965;10295;39313086;10295;4965.39313086;CATEGORIA0;;1;1;0;1;;FAROL NEVOEIRO ESQUERDO H3;FAROL NEVOEIRO ESQUERDO H3;0;;
4965;10295;39313087;10295;4965.39313087;CATEGORIA0;;1;1;0;1;;FAROL NEVOEIRO ESQUERDO BASE PRETA 3/5 PORTAS ->12/2012;FAROL NEVOEIRO ESQUERDO BASE PRETA 3/5 PORTAS ->12/2012;0;;
4965;10295;39313541;10295;4965.39313541;CATEGORIA0;;1;1;0;1;;FAROL NEVOEIRO ESQUERDO H1;FAROL NEVOEIRO ESQUERDO H1;0;;
4965;10295;39314591;10295;4965.39314591;CATEGORIA0;;1;1;0;1;;FAROL NEVOEIRO ESQUERDO HB4 2007->;FAROL NEVOEIRO ESQUERDO HB4 2007->;0;;
4965;10295;39314594;10295;4965.39314594;CATEGORIA0;;1;1;0;1;;FAROL NEVOEIRO ESQUERDO H8 TIPOHE ST;FAROL NEVOEIRO ESQUERDO H8 TIPOHE ST;0;;
4965;10295;39314714;10295;4965.39314714;CATEGORIA0;;1;1;0;1;;FAROL NEVOEIRO ESQUERDO H8;FAROL NEVOEIRO ESQUERDO H8;0;;
4965;10295;39314726;10295;4965.39314726;CATEGORIA0;;1;1;0;1;;FAROL NEVOEIRO ESQUERDO H8 TIPOZ;FAROL NEVOEIRO ESQUERDO H8 TIPOZ;0;;
4965;10295;39315113;10295;4965.39315113;CATEGORIA0;;1;1;0;1;;FAROL NEVOEIRO ESQUERDO H11 COMPORTA-LÂMPADAS 4 PORTAS;FAROL NEVOEIRO ESQUERDO H11 COMPORTA-LÂMPADAS 4 PORTAS;0;;
4965;10295;39315533;10295;4965.39315533;CATEGORIA0;;1;1;0;1;;FAROL NEVOEIRO ESQUERDO H7;FAROL NEVOEIRO ESQUERDO H7;0;;
4965;10295;39315539;10295;4965.39315539;CATEGORIA0;;1;1;0;1;;FAROL NEVOEIRO ESQUERDO COM FAROLDE DIA/H8/P21W;FAROL NEVOEIRO ESQUERDO COM FAROLDE DIA/H8/P21W;0;;
4965;10295;39315543;10295;4965.39315543;CATEGORIA0;;1;1;0;1;;FAROL NEVOEIRO ESQUERDO HB4;FAROL NEVOEIRO ESQUERDO HB4;0;;
4965;10295;39315547;10295;4965.39315547;CATEGORIA0;;1;1;0;1;;FARO NEVOEIRO ESQUERDO H11 TIPO Z;FARO NEVOEIRO ESQUERDO H11 TIPO Z;0;;
4965;10295;39315551;10295;4965.39315551;CATEGORIA0;;1;1;0;1;;FAROL NEVOEIRO ESQUERDO HB4;FAROL NEVOEIRO ESQUERDO HB4;0;;
4965;10295;39315552;10295;4965.39315552;CATEGORIA0;;1;1;0;1;;FAROL NEVOEIRO ESQUERDO H8;FAROL NEVOEIRO ESQUERDO H8;0;;
4965;10295;39315555;10295;4965.39315555;CATEGORIA0;;1;1;0;1;;FAROL NEVOEIRO ESQUERDO LED TIPOZ;FAROL NEVOEIRO ESQUERDO LED TIPOZ;0;;
4965;10295;39315562;10295;4965.39315562;CATEGORIA0;;1;1;0;1;;FAROL NEVOEIRO ESQUERDO HB4;FAROL NEVOEIRO ESQUERDO HB4;0;;
4965;10295;39315564;10295;4965.39315564;CATEGORIA0;;1;1;0;1;;FAROL NEVOEIRO ESQUERDO COM FAROLDE DIA/H8/H8 TIPO HE;FAROL NEVOEIRO ESQUERDO COM FAROLDE DIA/H8/H8 TIPO HE;0;;
4965;10295;39315572;10295;4965.39315572;CATEGORIA0;;1;1;0;1;;FAROL NEVOEIRO ESQUERDO HB4;FAROL NEVOEIRO ESQUERDO HB4;0;;
4965;10295;39316027;10295;4965.39316027;CATEGORIA0;;1;1;0;1;;FAROL NEVOEIRO ESQUERDO H11;FAROL NEVOEIRO ESQUERDO H11;0;;
4965;10295;39316028;10295;4965.39316028;CATEGORIA0;;1;1;0;1;;FAROL NEVOEIRO ESQUERDO H8;FAROL NEVOEIRO ESQUERDO H8;0;;
4965;10295;39320438;10295;4965.39320438;CATEGORIA0;;1;1;0;1;;FAROL NEVOEIRO DIREITO H8 TIPO HE SPORT TYPE 3/5 PORTAS 2012;FAROL NEVOEIRO DIREITO H8 TIPO HE SPORT TYPE 3/5 PORTAS 2012;0;;
4965;10295;39320439;10295;4965.39320439;CATEGORIA0;;1;1;0;1;;FAROL NEVOEIRO DIREITO H8 TIPO HE;FAROL NEVOEIRO DIREITO H8 TIPO HE;0;;
4965;10295;39320441;10295;4965.39320441;CATEGORIA0;;1;1;0;1;;FAROL NEVOEIRO DIREITO H8 TIPO HE;FAROL NEVOEIRO DIREITO H8 TIPO HE;0;;
4965;10295;39320533;10295;4965.39320533;CATEGORIA0;;1;1;0;1;;FAROL NEVOEIRO DIREITO H7;FAROL NEVOEIRO DIREITO H7;0;;
4965;10295;39320538;10295;4965.39320538;CATEGORIA0;;1;1;0;1;;FAROL NEVOEIRO DIREITO HB4 2 PORTAS ->2003;FAROL NEVOEIRO DIREITO HB4 2 PORTAS ->2003;0;;
4965;10295;39320542;10295;4965.39320542;CATEGORIA0;;1;1;0;1;;FAROL NEVOEIRO DIREITO H8;FAROL NEVOEIRO DIREITO H8;0;;
4965;10295;39320555;10295;4965.39320555;CATEGORIA0;;1;1;0;1;;FAROL NEVOEIRO DIREITO H11;FAROL NEVOEIRO DIREITO H11;0;;
4965;10295;39320571;10295;4965.39320571;CATEGORIA0;;1;1;0;1;;FAROL NEVOEIRO DIREITO H11 TIPOHE;FAROL NEVOEIRO DIREITO H11 TIPOHE;0;;
4965;10295;39321065;10295;4965.39321065;CATEGORIA0;;1;1;0;1;;FAROL NEVOEIRO DIREITO H11;FAROL NEVOEIRO DIREITO H11;0;;
4965;10295;39321234;10295;4965.39321234;CATEGORIA0;;1;1;0;1;;FAROL NEVOEIRO DIREITO BASE PRETA H1;FAROL NEVOEIRO DIREITO BASE PRETA H1;0;;
4965;10295;39321567;10295;4965.39321567;CATEGORIA0;;1;1;0;1;;FAROL NEVOEIRO DIREITO H8+W5W;FAROL NEVOEIRO DIREITO H8+W5W;0;;
4965;10295;39321623;10295;4965.39321623;CATEGORIA0;;1;1;0;1;;FAROL NEVOEIRO DIREITO H11 SEM PORTA-LÂMPADAS PARA SUPORTE F;FAROL NEVOEIRO DIREITO H11 SEM PORTA-LÂMPADAS PARA SUPORTE F;0;;
4965;10295;39321672;10295;4965.39321672;CATEGORIA0;;1;1;0;1;;FAROL NEVOEIRO DIREITO BASE PRETA;FAROL NEVOEIRO DIREITO BASE PRETA;0;;
4965;10295;39321673;10295;4965.39321673;CATEGORIA0;;1;1;0;1;;FAROL NEVOEIRO DIREITO;FAROL NEVOEIRO DIREITO;0;;
4965;10295;39321674;10295;4965.39321674;CATEGORIA0;;1;1;0;1;;FAROL NEVOEIRO DIREITO H27W/1;FAROL NEVOEIRO DIREITO H27W/1;0;;
4965;10295;39321813;10295;4965.39321813;CATEGORIA0;;1;1;0;1;;FAROL NEVOEIRO DIREITO H27W/2 TIPO SEO 12/2013->;FAROL NEVOEIRO DIREITO H27W/2 TIPO SEO 12/2013->;0;;
4965;10295;39321839;10295;4965.39321839;CATEGORIA0;;1;1;0;1;;FAROL NEVOEIRO DIREITO GE881 TIPO SEO;FAROL NEVOEIRO DIREITO GE881 TIPO SEO;0;;
4965;10295;39321950;10295;4965.39321950;CATEGORIA0;;1;1;0;1;;FAROL NEVOEIRO DIREITO H3 4 PORTAS;FAROL NEVOEIRO DIREITO H3 4 PORTAS;0;;
4965;10295;39321965;10295;4965.39321965;CATEGORIA0;;1;1;0;1;;FAROL NEVOEIRO DIREITO H11 4 PORTAS;FAROL NEVOEIRO DIREITO H11 4 PORTAS;0;;
4965;10295;39322043;10295;4965.39322043;CATEGORIA0;;1;1;0;1;;FAROL NEVOEIRO DIREITO H1 1999->2000;FAROL NEVOEIRO DIREITO H1 1999->2000;0;;
4965;10295;39322055;10295;4965.39322055;CATEGORIA0;;1;1;0;1;;FAROL NEVOEIRO DIREITO BASE CROMADA/H11 TIPO HE 2009->2013;FAROL NEVOEIRO DIREITO BASE CROMADA/H11 TIPO HE 2009->2013;0;;
4965;10295;39322654;10295;4965.39322654;CATEGORIA0;;1;1;0;1;;FARO NEVOEIRO DIREITO H8 TIPOF;FARO NEVOEIRO DIREITO H8 TIPOF;0;;
4965;10295;39323007;10295;4965.39323007;CATEGORIA0;;1;1;0;1;;FAROL NEVOEIRO DIREITO H10 TIPOZ 2014->;FAROL NEVOEIRO DIREITO H10 TIPOZ 2014->;0;;
4965;10295;39323054;10295;4965.39323054;CATEGORIA0;;1;1;0;1;;FAROL NEVOEIRO DIREITO H3 3/5 PORTAS;FAROL NEVOEIRO DIREITO H3 3/5 PORTAS;0;;
4965;10295;39323062;10295;4965.39323062;CATEGORIA0;;1;1;0;1;;FAROL NEVOEIRO DIREITO H3 ->2007;FAROL NEVOEIRO DIREITO H3 ->2007;0;;
4965;10295;39323074;10295;4965.39323074;CATEGORIA0;;1;1;0;1;;FAROL NEVOEIRO DIREITO H3;FAROL NEVOEIRO DIREITO H3;0;;
4965;10295;39323086;10295;4965.39323086;CATEGORIA0;;1;1;0;1;;FAROL NEVOEIRO DIREITO H3;FAROL NEVOEIRO DIREITO H3;0;;
4965;10295;39323087;10295;4965.39323087;CATEGORIA0;;1;1;0;1;;FAROL NEVOEIRO DIREITO BASE PRETA 3/5 PORTAS ->12/2012;FAROL NEVOEIRO DIREITO BASE PRETA 3/5 PORTAS ->12/2012;0;;
4965;10295;39323541;10295;4965.39323541;CATEGORIA0;;1;1;0;1;;FAROL NEVOEIRO DIREITO H1;FAROL NEVOEIRO DIREITO H1;0;;
4965;10295;39324591;10295;4965.39324591;CATEGORIA0;;1;1;0;1;;LUZ NEVOEIRO DIREITO HB4 2007->;LUZ NEVOEIRO DIREITO HB4 2007->;0;;
4965;10295;39324594;10295;4965.39324594;CATEGORIA0;;1;1;0;1;;FAROL NEVOEIRO DIREITO H8 TIPO HE ST;FAROL NEVOEIRO DIREITO H8 TIPO HE ST;0;;
4965;10295;39324726;10295;4965.39324726;CATEGORIA0;;1;1;0;1;;FAROL NEVOEIRO DIREITO H8 TIPO Z;FAROL NEVOEIRO DIREITO H8 TIPO Z;0;;
4965;10295;39325113;10295;4965.39325113;CATEGORIA0;;1;1;0;1;;FAROL NEVOEIRO DIREITO H11 COM PORTA-LÂMPADAS 4 PORTAS;FAROL NEVOEIRO DIREITO H11 COM PORTA-LÂMPADAS 4 PORTAS;0;;
4965;10295;39325533;10295;4965.39325533;CATEGORIA0;;1;1;0;1;;FAROL NEVOEIRO DIREITO H7;FAROL NEVOEIRO DIREITO H7;0;;
4965;10295;39325539;10295;4965.39325539;CATEGORIA0;;1;1;0;1;;FAROL NEVOEIRO DIREITO COM FAROL/H8/P21W;FAROL NEVOEIRO DIREITO COM FAROL/H8/P21W;0;;
4965;10295;39325543;10295;4965.39325543;CATEGORIA0;;1;1;0;1;;FAROL NEVOEIRO DIREITO HB4;FAROL NEVOEIRO DIREITO HB4;0;;
4965;10295;39325547;10295;4965.39325547;CATEGORIA0;;1;1;0;1;;FARO NEVOEIRO DIREITO H11 TIPO Z;FARO NEVOEIRO DIREITO H11 TIPO Z;0;;
4965;10295;39325551;10295;4965.39325551;CATEGORIA0;;1;1;0;1;;FAROL NEVOEIRO DIREITO HB4;FAROL NEVOEIRO DIREITO HB4;0;;
4965;10295;39325552;10295;4965.39325552;CATEGORIA0;;1;1;0;1;;FAROL NEVOEIRO DIREITO H8;FAROL NEVOEIRO DIREITO H8;0;;
4965;10295;39325555;10295;4965.39325555;CATEGORIA0;;1;1;0;1;;FAROL NEVOEIRO DIREITO LED TIPOZ;FAROL NEVOEIRO DIREITO LED TIPOZ;0;;
4965;10295;39325562;10295;4965.39325562;CATEGORIA0;;1;1;0;1;;FAROL NEVOEIRO DIREITO HB4;FAROL NEVOEIRO DIREITO HB4;0;;
4965;10295;39325564;10295;4965.39325564;CATEGORIA0;;1;1;0;1;;FAROL NEVOEIRO DIREITO COM FAROL/H8/H8 TIPO HE;FAROL NEVOEIRO DIREITO COM FAROL/H8/H8 TIPO HE;0;;
4965;10295;39325572;10295;4965.39325572;CATEGORIA0;;1;1;0;1;;FAROL NEVOEIRO DIREITO HB4;FAROL NEVOEIRO DIREITO HB4;0;;
4965;10295;39326027;10295;4965.39326027;CATEGORIA0;;1;1;0;1;;FAROL NEVOEIRO DIREITO H11;FAROL NEVOEIRO DIREITO H11;0;;
4965;10295;39330534;10295;4965.39330534;CATEGORIA0;;1;1;0;1;;FAROL NEVOEIRO ESQUERDO H8;FAROL NEVOEIRO ESQUERDO H8;0;;
4965;10295;39330542;10295;4965.39330542;CATEGORIA0;;1;1;0;1;;FAROL NEVOEIRO ESQUERDO HB4;FAROL NEVOEIRO ESQUERDO HB4;0;;
4965;10295;39331447;10295;4965.39331447;CATEGORIA0;;1;1;0;1;;FAROL NEVOEIRO ESQUERDO H11 TIPOV 2013->;FAROL NEVOEIRO ESQUERDO H11 TIPOV 2013->;0;;
4965;10295;39340534;10295;4965.39340534;CATEGORIA0;;1;1;0;1;;FAROL NEVOEIRO DIREITO H8;FAROL NEVOEIRO DIREITO H8;0;;
4965;10295;39340542;10295;4965.39340542;CATEGORIA0;;1;1;0;1;;FAROL NEVOEIRO DIREITO HB4;FAROL NEVOEIRO DIREITO HB4;0;;
4965;10295;39341447;10295;4965.39341447;CATEGORIA0;;1;1;0;1;;FAROL NEVOEIRO DIREITO H11 TIPOV 2013->;FAROL NEVOEIRO DIREITO H11 TIPOV 2013->;0;;
4965;10295;39345539;10295;4965.39345539;CATEGORIA0;;1;1;0;1;;FAROL NEVOEIRO DIREITO COM FAROL/H8/P21W 2011-> GTI;FAROL NEVOEIRO DIREITO COM FAROL/H8/P21W 2011-> GTI;0;;
4965;10295;39802012;10295;4965.39802012;CATEGORIA0;;1;1;0;1;;FAROL NEVOEIRO REVERSIVEL COM FAROL/H8 TIPO V;FAROL NEVOEIRO REVERSIVEL COM FAROL/H8 TIPO V;0;;
4965;10295;40004019;10295;4965.40004019;CATEGORIA0;;1;1;0;1;;FAROLIM PARA-CHOQ. REVERSIVELÂMBAR;FAROLIM PARA-CHOQ. REVERSIVELÂMBAR;0;;
4965;10295;40010430;10295;4965.40010430;CATEGORIA0;;1;1;0;1;;FAROLIM FRENTE ESQUERDO BRANCOPY21W TIPO BSCH MOD. S4;FAROLIM FRENTE ESQUERDO BRANCOPY21W TIPO BSCH MOD. S4;0;;
4965;10295;40011957;10295;4965.40011957;CATEGORIA0;;1;1;0;1;;FAROLIM FRENTE ESQUERDO BRANCOPY21W;FAROLIM FRENTE ESQUERDO BRANCOPY21W;0;;
4965;10295;40012016;10295;4965.40012016;CATEGORIA0;;1;1;0;1;;FAROLIM FRENTE ESQUERDO BRANCO;FAROLIM FRENTE ESQUERDO BRANCO;0;;
4965;10295;40012111;10295;4965.40012111;CATEGORIA0;;1;1;0;1;;FAROLIM FRENTE ESQUERDO BRANCOP21W+W5W;FAROLIM FRENTE ESQUERDO BRANCOP21W+W5W;0;;
4965;10295;40012112;10295;4965.40012112;CATEGORIA0;;1;1;0;1;;FAROLIM FRENTE ESQUERDO BRANCOPY21W+W5W;FAROLIM FRENTE ESQUERDO BRANCOPY21W+W5W;0;;
4965;10295;40012626;10295;4965.40012626;CATEGORIA0;;1;1;0;1;;FAROLIM FRENTE ESQUERDO BRANCOP21W;FAROLIM FRENTE ESQUERDO BRANCOP21W;0;;
4965;10295;40015110;10295;4965.40015110;CATEGORIA0;;1;1;0;1;;FAROLIM FRENTE ESQUERDO BRANCOPY21W 1999->2001;FAROLIM FRENTE ESQUERDO BRANCOPY21W 1999->2001;0;;
4965;10295;40015519;10295;4965.40015519;CATEGORIA0;;1;1;0;1;;FAROLIM FRENTE ESQUERDO BRANCOPY21W;FAROLIM FRENTE ESQUERDO BRANCOPY21W;0;;
4965;10295;40020430;10295;4965.40020430;CATEGORIA0;;1;1;0;1;;FAROLIM FRENTE DIREITO BRANCOPY21W TIPO BSCH MOD. S4;FAROLIM FRENTE DIREITO BRANCOPY21W TIPO BSCH MOD. S4;0;;
4965;10295;40021957;10295;4965.40021957;CATEGORIA0;;1;1;0;1;;FAROLIM FRENTE DIREITO BRANCOPY21W;FAROLIM FRENTE DIREITO BRANCOPY21W;0;;
4965;10295;40022016;10295;4965.40022016;CATEGORIA0;;1;1;0;1;;FAROLIM FRENTE DIREITO BRANCO;FAROLIM FRENTE DIREITO BRANCO;0;;
4965;10295;40022111;10295;4965.40022111;CATEGORIA0;;1;1;0;1;;FAROLIM FRENTE DIREITO BRANCOP21W+W5W;FAROLIM FRENTE DIREITO BRANCOP21W+W5W;0;;
4965;10295;40022112;10295;4965.40022112;CATEGORIA0;;1;1;0;1;;FAROLIM FRENTE DIREITO BRANCOPY21W+W5W;FAROLIM FRENTE DIREITO BRANCOPY21W+W5W;0;;
4965;10295;40022626;10295;4965.40022626;CATEGORIA0;;1;1;0;1;;FAROLIM FRENTE DIREITO BRANCOP21W;FAROLIM FRENTE DIREITO BRANCOP21W;0;;
4965;10295;40025110;10295;4965.40025110;CATEGORIA0;;1;1;0;1;;FAROLIM FRENTE DIREITO BRANCOPY21W 1999->2001;FAROLIM FRENTE DIREITO BRANCOPY21W 1999->2001;0;;
4965;10295;40025519;10295;4965.40025519;CATEGORIA0;;1;1;0;1;;FAROLIM FRENTE DIREITO BRANCOPY21W;FAROLIM FRENTE DIREITO BRANCOPY21W;0;;
4965;10295;40035510;10295;4965.40035510;CATEGORIA0;;1;1;0;1;;FAROLIM FRENTE REVERSIVEL;FAROLIM FRENTE REVERSIVEL;0;;
4965;10295;40114095;10295;4965.40114095;CATEGORIA0;;1;1;0;1;;FAROLIM FRENTE ESQUERDA BRANCA PY21W;FAROLIM FRENTE ESQUERDA BRANCA PY21W;0;;
4965;10295;40115147;10295;4965.40115147;CATEGORIA0;;1;1;0;1;;FAROLIM FRENTE ESQUERDO BRANCO;FAROLIM FRENTE ESQUERDO BRANCO;0;;
4965;10295;40124095;10295;4965.40124095;CATEGORIA0;;1;1;0;1;;FAROLIM FRENTE DIREITA BRANCAPY21W;FAROLIM FRENTE DIREITA BRANCAPY21W;0;;
4965;10295;40125147;10295;4965.40125147;CATEGORIA0;;1;1;0;1;;FAROLIM FRENTE DIREITO BRANCO;FAROLIM FRENTE DIREITO BRANCO;0;;
4965;10295;40130535;10295;4965.40130535;CATEGORIA0;;1;1;0;1;;FAROLIM FRENTE ESQUERDO ÂMBARP21W;FAROLIM FRENTE ESQUERDO ÂMBARP21W;0;;
4965;10295;40130536;10295;4965.40130536;CATEGORIA0;;1;1;0;1;;FAROLIM FRENTE ESQUERDO BRANCOPY21W 2 PORTAS;FAROLIM FRENTE ESQUERDO BRANCOPY21W 2 PORTAS;0;;
4965;10295;40131211;10295;4965.40131211;CATEGORIA0;;1;1;0;1;;FAROLIM FRENTE ESQUERDO BRANCO;FAROLIM FRENTE ESQUERDO BRANCO;0;;
4965;10295;40131220;10295;4965.40131220;CATEGORIA0;;1;1;0;1;;FAROLIM FRENTE ESQUERDO ÂMBAR;FAROLIM FRENTE ESQUERDO ÂMBAR;0;;
4965;10295;40131950;10295;4965.40131950;CATEGORIA0;;1;1;0;1;;FAROLIM FRENTE ESQUERDO ÂMBAR/4 PORTAS;FAROLIM FRENTE ESQUERDO ÂMBAR/4 PORTAS;0;;
4965;10295;40132035;10295;4965.40132035;CATEGORIA0;;1;1;0;1;;FAROLIM FRENTE ESQUERDO BRANCOPY21W;FAROLIM FRENTE ESQUERDO BRANCOPY21W;0;;
4965;10295;40133039;10295;4965.40133039;CATEGORIA0;;1;1;0;1;;FAROLIM FRENTE ESQUERDO BRANCOPY21W;FAROLIM FRENTE ESQUERDO BRANCOPY21W;0;;
4965;10295;40134051;10295;4965.40134051;CATEGORIA0;;1;1;0;1;;FAROLIM FRENTE ESQUERDO;FAROLIM FRENTE ESQUERDO;0;;
4965;10295;40134567;10295;4965.40134567;CATEGORIA0;;1;1;0;1;;FAROLIM FRENTE ESQUERDA BRANCA PY21W;FAROLIM FRENTE ESQUERDA BRANCA PY21W;0;;
4965;10295;40135519;10295;4965.40135519;CATEGORIA0;;1;1;0;1;;FAROLIM FRENTE ESQUERDO BRANCO;FAROLIM FRENTE ESQUERDO BRANCO;0;;
4965;10295;40135521;10295;4965.40135521;CATEGORIA0;;1;1;0;1;;FAROLIM FRENTE ESQUERDO BRANCO;FAROLIM FRENTE ESQUERDO BRANCO;0;;
4965;10295;40135522;10295;4965.40135522;CATEGORIA0;;1;1;0;1;;FAROLIM FRENTE ESQUERDO ÂMBAR;FAROLIM FRENTE ESQUERDO ÂMBAR;0;;
4965;10295;40141211;10295;4965.40141211;CATEGORIA0;;1;1;0;1;;FAROLIM FRENTE DIREITO BRANCO;FAROLIM FRENTE DIREITO BRANCO;0;;
4965;10295;40144051;10295;4965.40144051;CATEGORIA0;;1;1;0;1;;FAROLIM FRENTE DIREITO;FAROLIM FRENTE DIREITO;0;;
4965;10295;40230535;10295;4965.40230535;CATEGORIA0;;1;1;0;1;;FAROLIM FRENTE DIREITO ÂMBAR P21W;FAROLIM FRENTE DIREITO ÂMBAR P21W;0;;
4965;10295;40230536;10295;4965.40230536;CATEGORIA0;;1;1;0;1;;FAROLIM FRENTE DIREITO BRANCOPY21W 2 PORTAS;FAROLIM FRENTE DIREITO BRANCOPY21W 2 PORTAS;0;;
4965;10295;40231220;10295;4965.40231220;CATEGORIA0;;1;1;0;1;;FAROLIM FRENTE DIREITO ÂMBAR;FAROLIM FRENTE DIREITO ÂMBAR;0;;
4965;10295;40231950;10295;4965.40231950;CATEGORIA0;;1;1;0;1;;FAROLIM FRENTE DIREITO ÂMBAR/4PORTAS;FAROLIM FRENTE DIREITO ÂMBAR/4PORTAS;0;;
4965;10295;40232035;10295;4965.40232035;CATEGORIA0;;1;1;0;1;;FAROLIM FRENTE DIREITO BRANCOPY21W;FAROLIM FRENTE DIREITO BRANCOPY21W;0;;
4965;10295;40233039;10295;4965.40233039;CATEGORIA0;;1;1;0;1;;FAROLIM FRENTE DIREITO BRANCOPY21W;FAROLIM FRENTE DIREITO BRANCOPY21W;0;;
4965;10295;40234567;10295;4965.40234567;CATEGORIA0;;1;1;0;1;;FAROLIM FRENTE DIREITA BRANCAPY21W;FAROLIM FRENTE DIREITA BRANCAPY21W;0;;
4965;10295;40235519;10295;4965.40235519;CATEGORIA0;;1;1;0;1;;FAROLIM FRENTE DIREITO BRANCO;FAROLIM FRENTE DIREITO BRANCO;0;;
4965;10295;40235521;10295;4965.40235521;CATEGORIA0;;1;1;0;1;;FAROLIM FRENTE DIREITO BRANCO;FAROLIM FRENTE DIREITO BRANCO;0;;
4965;10295;40235522;10295;4965.40235522;CATEGORIA0;;1;1;0;1;;FAROLIM FRENTE DIREITO ÂMBAR P21W;FAROLIM FRENTE DIREITO ÂMBAR P21W;0;;
4965;10295;40310117;10295;4965.40310117;CATEGORIA0;;1;1;0;1;;FAROLIM FRENTE ESQUERDO BRANCO;FAROLIM FRENTE ESQUERDO BRANCO;0;;
4965;10295;40310120;10295;4965.40310120;CATEGORIA0;;1;1;0;1;;FAROLIM FRENTE ESQUERDO;FAROLIM FRENTE ESQUERDO;0;;
4965;10295;40310412;10295;4965.40310412;CATEGORIA0;;1;1;0;1;;FAROLIM FRENTE ESQUERDO BRANCOPY21W ->1996;FAROLIM FRENTE ESQUERDO BRANCOPY21W ->1996;0;;
4965;10295;40310428;10295;4965.40310428;CATEGORIA0;;1;1;0;1;;FAROLIM FRENTE ESQUERDO BRANCO;FAROLIM FRENTE ESQUERDO BRANCO;0;;
4965;10295;40310430;10295;4965.40310430;CATEGORIA0;;1;1;0;1;;FAROLIM FRENTE ESQUERDO BRANCOTIPO V;FAROLIM FRENTE ESQUERDO BRANCOTIPO V;0;;
4965;10295;40310526;10295;4965.40310526;CATEGORIA0;;1;1;0;1;;FAROLIM FRENTE ESQUERDO BRANCOPY21W 4 PORTAS;FAROLIM FRENTE ESQUERDO BRANCOPY21W 4 PORTAS;0;;
4965;10295;40310532;10295;4965.40310532;CATEGORIA0;;1;1;0;1;;FAROLIM FRENTE ESQUERDO BRANCOCOUPE PY21W 2 PORTAS;FAROLIM FRENTE ESQUERDO BRANCOCOUPE PY21W 2 PORTAS;0;;
4965;10295;40310535;10295;4965.40310535;CATEGORIA0;;1;1;0;1;;FAROLIM FRENTE ESQUERDO BRANCOPY21W 4 PORTAS;FAROLIM FRENTE ESQUERDO BRANCOPY21W 4 PORTAS;0;;
4965;10295;40310538;10295;4965.40310538;CATEGORIA0;;1;1;0;1;;FAROLIM FRENTE ESQUERDO BRANCOPY21W;FAROLIM FRENTE ESQUERDO BRANCOPY21W;0;;
4965;10295;40311023;10295;4965.40311023;CATEGORIA0;;1;1;0;1;;FAROLIM FRENTE ESQUERDO;FAROLIM FRENTE ESQUERDO;0;;
4965;10295;40311040;10295;4965.40311040;CATEGORIA0;;1;1;0;1;;FAROLIM FRENTE ESQUERDO BRANCOPY21W;FAROLIM FRENTE ESQUERDO BRANCOPY21W;0;;
4965;10295;40311042;10295;4965.40311042;CATEGORIA0;;1;1;0;1;;FAROLIM FRENTE ESQUERDO BRANCO;FAROLIM FRENTE ESQUERDO BRANCO;0;;
4965;10295;40311044;10295;4965.40311044;CATEGORIA0;;1;1;0;1;;FAROLIM FRENTE ESQUERDO BRANCO;FAROLIM FRENTE ESQUERDO BRANCO;0;;
4965;10295;40311048;10295;4965.40311048;CATEGORIA0;;1;1;0;1;;FAROLIM FRENTE ESQUERDO BRANCO;FAROLIM FRENTE ESQUERDO BRANCO;0;;
4965;10295;40311220;10295;4965.40311220;CATEGORIA0;;1;1;0;1;;FAROLIM FRENTE ESQUERDO BRANCOP21W;FAROLIM FRENTE ESQUERDO BRANCOP21W;0;;
4965;10295;40311235;10295;4965.40311235;CATEGORIA0;;1;1;0;1;;FAROLIM FRENTE ESQUERDO BRANCO;FAROLIM FRENTE ESQUERDO BRANCO;0;;
4965;10295;40311311;10295;4965.40311311;CATEGORIA0;;1;1;0;1;;FAROLIM FRENTE ESQUERDO;FAROLIM FRENTE ESQUERDO;0;;
4965;10295;40311545;10295;4965.40311545;CATEGORIA0;;1;1;0;1;;FAROLIM FRENTE ESQUERDO BRANCO;FAROLIM FRENTE ESQUERDO BRANCO;0;;
4965;10295;40311611;10295;4965.40311611;CATEGORIA0;;1;1;0;1;;FAROLIM FRENTE ESQUERDO BRANCO3 PORTAS;FAROLIM FRENTE ESQUERDO BRANCO3 PORTAS;0;;
4965;10295;40311626;10295;4965.40311626;CATEGORIA0;;1;1;0;1;;FAROLIM FRENTE ESQUERDO BRANCOPY21W 4/5 PORTAS;FAROLIM FRENTE ESQUERDO BRANCOPY21W 4/5 PORTAS;0;;
4965;10295;40311690;10295;4965.40311690;CATEGORIA0;;1;1;0;1;;FAROLIM FRENTE ESQUERDO BRANCOP21W;FAROLIM FRENTE ESQUERDO BRANCOP21W;0;;
4965;10295;40311726;10295;4965.40311726;CATEGORIA0;;1;1;0;1;;FAROLIM FRENTE ESQUERDO;FAROLIM FRENTE ESQUERDO;0;;
4965;10295;40311950;10295;4965.40311950;CATEGORIA0;;1;1;0;1;;FAROLIM FRENTE ESQUERDO BRANCO4 PORTAS ->1997;FAROLIM FRENTE ESQUERDO BRANCO4 PORTAS ->1997;0;;
4965;10295;40311952;10295;4965.40311952;CATEGORIA0;;1;1;0;1;;FAROLIM FRENTE ESQUERDO BRANCOPY21W;FAROLIM FRENTE ESQUERDO BRANCOPY21W;0;;
4965;10295;40312016;10295;4965.40312016;CATEGORIA0;;1;1;0;1;;FAROLIM FRENTE ESQUERDO ÂMBAR;FAROLIM FRENTE ESQUERDO ÂMBAR;0;;
4965;10295;40312018;10295;4965.40312018;CATEGORIA0;;1;1;0;1;;FAROLIM FRENTE ESQUERDO ÂMBARP21W;FAROLIM FRENTE ESQUERDO ÂMBARP21W;0;;
4965;10295;40312019;10295;4965.40312019;CATEGORIA0;;1;1;0;1;;FAROLIM FRENTE ESQUERDO BRANCOPY21W;FAROLIM FRENTE ESQUERDO BRANCOPY21W;0;;
4965;10295;40312020;10295;4965.40312020;CATEGORIA0;;1;1;0;1;;FAROLIM FRENTE ESQUERDO BRANCOPY21W;FAROLIM FRENTE ESQUERDO BRANCOPY21W;0;;
4965;10295;40312022;10295;4965.40312022;CATEGORIA0;;1;1;0;1;;FAROLIM FRENTE ESQUERDO BRANCO1994->1998;FAROLIM FRENTE ESQUERDO BRANCO1994->1998;0;;
4965;10295;40312035;10295;4965.40312035;CATEGORIA0;;1;1;0;1;;FAROLIM FRENTE ESQUERDO ÂMBARP21W;FAROLIM FRENTE ESQUERDO ÂMBARP21W;0;;
4965;10295;40312036;10295;4965.40312036;CATEGORIA0;;1;1;0;1;;FAROLIM FRENTE ESQUERDO BRANCO;FAROLIM FRENTE ESQUERDO BRANCO;0;;
4965;10295;40312610;10295;4965.40312610;CATEGORIA0;;1;1;0;1;;FAROLIM FRENTE ESQUERDO ÂMBAR5W 07/1987->;FAROLIM FRENTE ESQUERDO ÂMBAR5W 07/1987->;0;;
4965;10295;40312633;10295;4965.40312633;CATEGORIA0;;1;1;0;1;;FAROLIM FRENTE ESQUERDO BRANCO21W+21/5W;FAROLIM FRENTE ESQUERDO BRANCO21W+21/5W;0;;
4965;10295;40312664;10295;4965.40312664;CATEGORIA0;;1;1;0;1;;FAROLIM FRENTE ESQUERDO BRANCOP21W+W5W;FAROLIM FRENTE ESQUERDO BRANCOP21W+W5W;0;;
4965;10295;40313090;10295;4965.40313090;CATEGORIA0;;1;1;0;1;;FAROLIM FRENTE ESQUERDO BRANCOPY21W;FAROLIM FRENTE ESQUERDO BRANCOPY21W;0;;
4965;10295;40313520;10295;4965.40313520;CATEGORIA0;;1;1;0;1;;FAROLIM FRENTE ESQUERDO ÂMBAR;FAROLIM FRENTE ESQUERDO ÂMBAR;0;;
4965;10295;40313523;10295;4965.40313523;CATEGORIA0;;1;1;0;1;;FAROLIM FRENTE ESQUERDO BRANCO;FAROLIM FRENTE ESQUERDO BRANCO;0;;
4965;10295;40313526;10295;4965.40313526;CATEGORIA0;;1;1;0;1;;FAROLIM FRENTE ESQUERDO BRANCO;FAROLIM FRENTE ESQUERDO BRANCO;0;;
4965;10295;40313527;10295;4965.40313527;CATEGORIA0;;1;1;0;1;;FAROLIM FRENTE ESQUERDO BRANCO;FAROLIM FRENTE ESQUERDO BRANCO;0;;
4965;10295;40313531;10295;4965.40313531;CATEGORIA0;;1;1;0;1;;FAROLIM FRENTE ESQUERDO BRANCO;FAROLIM FRENTE ESQUERDO BRANCO;0;;
4965;10295;40313540;10295;4965.40313540;CATEGORIA0;;1;1;0;1;;FAROLIM FRENTE ESQUERDO BRANCO;FAROLIM FRENTE ESQUERDO BRANCO;0;;
4965;10295;40314035;10295;4965.40314035;CATEGORIA0;;1;1;0;1;;FAROLIM FRENTE ESQUERDO BRANCO;FAROLIM FRENTE ESQUERDO BRANCO;0;;
4965;10295;40314075;10295;4965.40314075;CATEGORIA0;;1;1;0;1;;FAROLIM FRENTE ESQUERDO BRANCO;FAROLIM FRENTE ESQUERDO BRANCO;0;;
4965;10295;40314078;10295;4965.40314078;CATEGORIA0;;1;1;0;1;;FAROLIM FRENTE ESQUERDO BRANCOP21W;FAROLIM FRENTE ESQUERDO BRANCOP21W;0;;
4965;10295;40314569;10295;4965.40314569;CATEGORIA0;;1;1;0;1;;FAROLIM FRENTE ESQUERDO BRANCO;FAROLIM FRENTE ESQUERDO BRANCO;0;;
4965;10295;40314582;10295;4965.40314582;CATEGORIA0;;1;1;0;1;;FAROLIM FRENTE ESQUERDO BRANCOPY21W;FAROLIM FRENTE ESQUERDO BRANCOPY21W;0;;
4965;10295;40315109;10295;4965.40315109;CATEGORIA0;;1;1;0;1;;FAROLIM FRENTE ESQUERDO BRANCOW5W;FAROLIM FRENTE ESQUERDO BRANCOW5W;0;;
4965;10295;40315132;10295;4965.40315132;CATEGORIA0;;1;1;0;1;;FAROLIM FRENTE ESQUERDO BRANCOPY21W+W5W 2001->;FAROLIM FRENTE ESQUERDO BRANCOPY21W+W5W 2001->;0;;
4965;10295;40315140;10295;4965.40315140;CATEGORIA0;;1;1;0;1;;FAROLIM FRENTE ESQUERDO BRANCOP21W 1995->1997;FAROLIM FRENTE ESQUERDO BRANCOP21W 1995->1997;0;;
4965;10295;40315146;10295;4965.40315146;CATEGORIA0;;1;1;0;1;;FAROLIM PARA-CHOQ. ESQUERDO ÂMBAR P21W;FAROLIM PARA-CHOQ. ESQUERDO ÂMBAR P21W;0;;
4965;10295;40315157;10295;4965.40315157;CATEGORIA0;;1;1;0;1;;FAROLIM FRENTE ESQUERDO P21W;FAROLIM FRENTE ESQUERDO P21W;0;;
4965;10295;40315522;10295;4965.40315522;CATEGORIA0;;1;1;0;1;;FAROLIM FRENTE ESQUERDO BRANCO;FAROLIM FRENTE ESQUERDO BRANCO;0;;
4965;10295;40315530;10295;4965.40315530;CATEGORIA0;;1;1;0;1;;FAROLIM FRENTE ESQUERDO BRANCO;FAROLIM FRENTE ESQUERDO BRANCO;0;;
4965;10295;40315538;10295;4965.40315538;CATEGORIA0;;1;1;0;1;;FAROLIM FRENTE ESQUERDO BRANCO;FAROLIM FRENTE ESQUERDO BRANCO;0;;
4965;10295;40315548;10295;4965.40315548;CATEGORIA0;;1;1;0;1;;PILOTO FRONTAL ESQ.TRANSPARENTE PY21W;PILOTO FRONTAL ESQ.TRANSPARENTE PY21W;0;;
4965;10295;40316032;10295;4965.40316032;CATEGORIA0;;1;1;0;1;;FAROLIM FRENTE ESQUERDO CROMADO ->2003;FAROLIM FRENTE ESQUERDO CROMADO ->2003;0;;
4965;10295;40320117;10295;4965.40320117;CATEGORIA0;;1;1;0;1;;FAROLIM FRENTE DIREITO BRANCO;FAROLIM FRENTE DIREITO BRANCO;0;;
4965;10295;40320120;10295;4965.40320120;CATEGORIA0;;1;1;0;1;;FAROLIM FRENTE DIREITO;FAROLIM FRENTE DIREITO;0;;
4965;10295;40320412;10295;4965.40320412;CATEGORIA0;;1;1;0;1;;FAROLIM FRENTE DIREITO BRANCOPY21W ->1996;FAROLIM FRENTE DIREITO BRANCOPY21W ->1996;0;;
4965;10295;40320428;10295;4965.40320428;CATEGORIA0;;1;1;0;1;;FAROLIM FRENTE DIREITO BRANCO;FAROLIM FRENTE DIREITO BRANCO;0;;
4965;10295;40320430;10295;4965.40320430;CATEGORIA0;;1;1;0;1;;FAROLIM FRENTE DIREITO BRANCOTIPO V;FAROLIM FRENTE DIREITO BRANCOTIPO V;0;;
4965;10295;40320526;10295;4965.40320526;CATEGORIA0;;1;1;0;1;;FAROLIM FRENTE DIREITO BRANCOPY21W 4 PORTAS;FAROLIM FRENTE DIREITO BRANCOPY21W 4 PORTAS;0;;
4965;10295;40320532;10295;4965.40320532;CATEGORIA0;;1;1;0;1;;FAROLIM FRENTE DIREITO BRANCOPY21W 2 PORTAS COUPE;FAROLIM FRENTE DIREITO BRANCOPY21W 2 PORTAS COUPE;0;;
4965;10295;40320535;10295;4965.40320535;CATEGORIA0;;1;1;0;1;;FAROLIM FRENTE DIREITO BRANCOPY21W 4 PORTAS;FAROLIM FRENTE DIREITO BRANCOPY21W 4 PORTAS;0;;
4965;10295;40320538;10295;4965.40320538;CATEGORIA0;;1;1;0;1;;FAROLIM FRENTE DIREITO BRANCOPY21W;FAROLIM FRENTE DIREITO BRANCOPY21W;0;;
4965;10295;40321023;10295;4965.40321023;CATEGORIA0;;1;1;0;1;;FAROLIM FRENTE DIREITO;FAROLIM FRENTE DIREITO;0;;
4965;10295;40321040;10295;4965.40321040;CATEGORIA0;;1;1;0;1;;FAROLIM FRENTE DIREITO BRANCOPY21W;FAROLIM FRENTE DIREITO BRANCOPY21W;0;;
4965;10295;40321042;10295;4965.40321042;CATEGORIA0;;1;1;0;1;;FAROLIM FRENTE DIREITO BRANCO;FAROLIM FRENTE DIREITO BRANCO;0;;
4965;10295;40321044;10295;4965.40321044;CATEGORIA0;;1;1;0;1;;FAROLIM FRENTE DIREITO BRANCO;FAROLIM FRENTE DIREITO BRANCO;0;;
4965;10295;40321048;10295;4965.40321048;CATEGORIA0;;1;1;0;1;;FAROLIM FRENTE DIREITO BRANCO;FAROLIM FRENTE DIREITO BRANCO;0;;
4965;10295;40321220;10295;4965.40321220;CATEGORIA0;;1;1;0;1;;FAROLIM FRENTE DIREITO BRANCOP21W;FAROLIM FRENTE DIREITO BRANCOP21W;0;;
4965;10295;40321235;10295;4965.40321235;CATEGORIA0;;1;1;0;1;;FAROLIM FRENTE DIREITO BRANCO;FAROLIM FRENTE DIREITO BRANCO;0;;
4965;10295;40321545;10295;4965.40321545;CATEGORIA0;;1;1;0;1;;FAROLIM FRENTE DIREITO BRANCO;FAROLIM FRENTE DIREITO BRANCO;0;;
4965;10295;40321611;10295;4965.40321611;CATEGORIA0;;1;1;0;1;;FAROLIM FRENTE DIREITO BRANCO3 PORTAS;FAROLIM FRENTE DIREITO BRANCO3 PORTAS;0;;
4965;10295;40321626;10295;4965.40321626;CATEGORIA0;;1;1;0;1;;FAROLIM FRENTE DIREITO BRANCOPY21W 4/5 PORTAS;FAROLIM FRENTE DIREITO BRANCOPY21W 4/5 PORTAS;0;;
4965;10295;40321690;10295;4965.40321690;CATEGORIA0;;1;1;0;1;;FAROLIM FRENTE DIREITO BRANCOP21W;FAROLIM FRENTE DIREITO BRANCOP21W;0;;
4965;10295;40321950;10295;4965.40321950;CATEGORIA0;;1;1;0;1;;FAROLIM FRENTE DIREITO BRANCO4 PORTAS ->1997;FAROLIM FRENTE DIREITO BRANCO4 PORTAS ->1997;0;;
4965;10295;40321952;10295;4965.40321952;CATEGORIA0;;1;1;0;1;;FAROLIM FRENTE DIREITO BRANCOPY21W;FAROLIM FRENTE DIREITO BRANCOPY21W;0;;
4965;10295;40322016;10295;4965.40322016;CATEGORIA0;;1;1;0;1;;FAROLIM FRENTE DIREITO ÂMBAR;FAROLIM FRENTE DIREITO ÂMBAR;0;;
4965;10295;40322018;10295;4965.40322018;CATEGORIA0;;1;1;0;1;;FAROLIM FRENTE DIREITO ÂMBAR P21W;FAROLIM FRENTE DIREITO ÂMBAR P21W;0;;
4965;10295;40322019;10295;4965.40322019;CATEGORIA0;;1;1;0;1;;FAROLIM FRENTE DIREITO BRANCOPY21W;FAROLIM FRENTE DIREITO BRANCOPY21W;0;;
4965;10295;40322020;10295;4965.40322020;CATEGORIA0;;1;1;0;1;;FAROLIM FRENTE DIREITO BRANCOPY21W;FAROLIM FRENTE DIREITO BRANCOPY21W;0;;
4965;10295;40322022;10295;4965.40322022;CATEGORIA0;;1;1;0;1;;FAROLIM FRENTE DIREITO BRANCO1994->1998;FAROLIM FRENTE DIREITO BRANCO1994->1998;0;;
4965;10295;40322035;10295;4965.40322035;CATEGORIA0;;1;1;0;1;;FAROLIM FRENTE DIREITO ÂMBAR P21W;FAROLIM FRENTE DIREITO ÂMBAR P21W;0;;
4965;10295;40322036;10295;4965.40322036;CATEGORIA0;;1;1;0;1;;FAROLIM FRENTE DIREITO BRANCO;FAROLIM FRENTE DIREITO BRANCO;0;;
4965;10295;40322610;10295;4965.40322610;CATEGORIA0;;1;1;0;1;;FAROLIM FRENTE DIREITO ÂMBAR 5W 07/1987->;FAROLIM FRENTE DIREITO ÂMBAR 5W 07/1987->;0;;
4965;10295;40322633;10295;4965.40322633;CATEGORIA0;;1;1;0;1;;FAROLIM FRENTE DIREITO BRANCO21W+21/5W;FAROLIM FRENTE DIREITO BRANCO21W+21/5W;0;;
4965;10295;40322664;10295;4965.40322664;CATEGORIA0;;1;1;0;1;;FAROLIM FRENTE DIREITO BRANCOP21W+W5W;FAROLIM FRENTE DIREITO BRANCOP21W+W5W;0;;
4965;10295;40323090;10295;4965.40323090;CATEGORIA0;;1;1;0;1;;FAROLIM FRENTE DIREITO BRANCOPY21W;FAROLIM FRENTE DIREITO BRANCOPY21W;0;;
4965;10295;40323520;10295;4965.40323520;CATEGORIA0;;1;1;0;1;;FAROLIM FRENTE DIREITO ÂMBAR;FAROLIM FRENTE DIREITO ÂMBAR;0;;
4965;10295;40323523;10295;4965.40323523;CATEGORIA0;;1;1;0;1;;FAROLIM FRENTE DIREITO BRANCO;FAROLIM FRENTE DIREITO BRANCO;0;;
4965;10295;40323526;10295;4965.40323526;CATEGORIA0;;1;1;0;1;;FAROLIM FRENTE DIREITO BRANCO;FAROLIM FRENTE DIREITO BRANCO;0;;
4965;10295;40323527;10295;4965.40323527;CATEGORIA0;;1;1;0;1;;FAROLIM FRENTE DIREITO BRANCO;FAROLIM FRENTE DIREITO BRANCO;0;;
4965;10295;40323531;10295;4965.40323531;CATEGORIA0;;1;1;0;1;;FAROLIM FRENTE DIREITO BRANCO;FAROLIM FRENTE DIREITO BRANCO;0;;
4965;10295;40323540;10295;4965.40323540;CATEGORIA0;;1;1;0;1;;FAROLIM FRENTE DIREITO BRANCO;FAROLIM FRENTE DIREITO BRANCO;0;;
4965;10295;40324035;10295;4965.40324035;CATEGORIA0;;1;1;0;1;;FAROLIM FRENTE DIREITO BRANCO;FAROLIM FRENTE DIREITO BRANCO;0;;
4965;10295;40324075;10295;4965.40324075;CATEGORIA0;;1;1;0;1;;FAROLIM FRENTE DIREITO BRANCO;FAROLIM FRENTE DIREITO BRANCO;0;;
4965;10295;40324078;10295;4965.40324078;CATEGORIA0;;1;1;0;1;;FAROLIM FRENTE DIREITO BRANCOP21W;FAROLIM FRENTE DIREITO BRANCOP21W;0;;
4965;10295;40324569;10295;4965.40324569;CATEGORIA0;;1;1;0;1;;FAROLIM FRENTE DIREITO BRANCO;FAROLIM FRENTE DIREITO BRANCO;0;;
4965;10295;40324582;10295;4965.40324582;CATEGORIA0;;1;1;0;1;;FAROLIM FRENTE DIREITO BRANCOPY21W;FAROLIM FRENTE DIREITO BRANCOPY21W;0;;
4965;10295;40324815;10295;4965.40324815;CATEGORIA0;;1;1;0;1;;FAROLIM FRENTE DIREITO ÂMBAR;FAROLIM FRENTE DIREITO ÂMBAR;0;;
4965;10295;40325109;10295;4965.40325109;CATEGORIA0;;1;1;0;1;;FAROLIM FRENTE DIREITO BRANCOW5W;FAROLIM FRENTE DIREITO BRANCOW5W;0;;
4965;10295;40325132;10295;4965.40325132;CATEGORIA0;;1;1;0;1;;FAROLIM FRENTE DIREITO BRANCOPY21W+W5W 2001->;FAROLIM FRENTE DIREITO BRANCOPY21W+W5W 2001->;0;;
4965;10295;40325140;10295;4965.40325140;CATEGORIA0;;1;1;0;1;;FAROLIM FRENTE DIREITO BRANCOP21W 1995->1997;FAROLIM FRENTE DIREITO BRANCOP21W 1995->1997;0;;
4965;10295;40325146;10295;4965.40325146;CATEGORIA0;;1;1;0;1;;FAROLIM PARA-CHOQ. DIREITO ÂMBAR P21W;FAROLIM PARA-CHOQ. DIREITO ÂMBAR P21W;0;;
4965;10295;40325157;10295;4965.40325157;CATEGORIA0;;1;1;0;1;;FAROLIM FRENTE DIREITO P21W;FAROLIM FRENTE DIREITO P21W;0;;
4965;10295;40325522;10295;4965.40325522;CATEGORIA0;;1;1;0;1;;FAROLIM FRENTE DIREITO BRANCOPY21W;FAROLIM FRENTE DIREITO BRANCOPY21W;0;;
4965;10295;40325530;10295;4965.40325530;CATEGORIA0;;1;1;0;1;;FAROLIM FRENTE DIREITO BRANCO;FAROLIM FRENTE DIREITO BRANCO;0;;
4965;10295;40325538;10295;4965.40325538;CATEGORIA0;;1;1;0;1;;FAROLIM FRENTE DIREITO BRANCO;FAROLIM FRENTE DIREITO BRANCO;0;;
4965;10295;40325548;10295;4965.40325548;CATEGORIA0;;1;1;0;1;;PILOTO FRONTAL DIREITO TRANSPARENTE PY21W;PILOTO FRONTAL DIREITO TRANSPARENTE PY21W;0;;
4965;10295;40325563;10295;4965.40325563;CATEGORIA0;;1;1;0;1;;FAROLIM FRENTE DIREITO BRANCOH21W;FAROLIM FRENTE DIREITO BRANCOH21W;0;;
4965;10295;40326032;10295;4965.40326032;CATEGORIA0;;1;1;0;1;;FAROLIM FRENTE DIREITO CROMADO->2003;FAROLIM FRENTE DIREITO CROMADO->2003;0;;
4965;10295;40330526;10295;4965.40330526;CATEGORIA0;;1;1;0;1;;FAROLIM FRENTE ESQUERDO ÂMBARP21W 4 PORTAS;FAROLIM FRENTE ESQUERDO ÂMBARP21W 4 PORTAS;0;;
4965;10295;40330532;10295;4965.40330532;CATEGORIA0;;1;1;0;1;;FAROLIM FRENTE ESQUERDO ÂMBARP21W 2 PORTAS COUPE;FAROLIM FRENTE ESQUERDO ÂMBARP21W 2 PORTAS COUPE;0;;
4965;10295;40335146;10295;4965.40335146;CATEGORIA0;;1;1;0;1;;FAROLIM FRENTE ESQUERDO PY21W+W5W;FAROLIM FRENTE ESQUERDO PY21W+W5W;0;;
4965;10295;40335538;10295;4965.40335538;CATEGORIA0;;1;1;0;1;;FAROLIM FRENTE ESQUERDO ÂMBAR;FAROLIM FRENTE ESQUERDO ÂMBAR;0;;
4965;10295;40340526;10295;4965.40340526;CATEGORIA0;;1;1;0;1;;FAROLIM FRENTE DIREITO ÂMBAR P21W 4 PORTAS;FAROLIM FRENTE DIREITO ÂMBAR P21W 4 PORTAS;0;;
4965;10295;40340532;10295;4965.40340532;CATEGORIA0;;1;1;0;1;;FAROLIM FRENTE DIREITO ÂMBAR P21W 2 PORTAS COUPE;FAROLIM FRENTE DIREITO ÂMBAR P21W 2 PORTAS COUPE;0;;
4965;10295;40345146;10295;4965.40345146;CATEGORIA0;;1;1;0;1;;FAROLIM FRENTE DIREITO PY21W+W5W;FAROLIM FRENTE DIREITO PY21W+W5W;0;;
4965;10295;40345538;10295;4965.40345538;CATEGORIA0;;1;1;0;1;;FAROLIM FRENTE DIREITO ÂMBAR;FAROLIM FRENTE DIREITO ÂMBAR;0;;
4965;10295;40410454;10295;4965.40410454;CATEGORIA0;;1;1;0;1;;FAROLIM EXTERIOR TRASEIROESQUERDO LED FAMILIAR;FAROLIM EXTERIOR TRASEIROESQUERDO LED FAMILIAR;0;;
4965;10295;40410456;10295;4965.40410456;CATEGORIA0;;1;1;0;1;;FAROLIM TRASEIRO ESQUERDO LED/EXTERIOR TIPO A;FAROLIM TRASEIRO ESQUERDO LED/EXTERIOR TIPO A;0;;
4965;10295;40410542;10295;4965.40410542;CATEGORIA0;;1;1;0;1;;FAROLIM TRASEIRO ESQUERDO LED/INTERIOR H21W+W16W SW;FAROLIM TRASEIRO ESQUERDO LED/INTERIOR H21W+W16W SW;0;;
4965;10295;40411250;10295;4965.40411250;CATEGORIA0;;1;1;0;1;;FAROLIM TRASEIRO ESQUERDO;FAROLIM TRASEIRO ESQUERDO;0;;
4965;10295;40411316;10295;4965.40411316;CATEGORIA0;;1;1;0;1;;FAROLIM TRASEIRO ESQUERDOP21WX2+P21/5W;FAROLIM TRASEIRO ESQUERDOP21WX2+P21/5W;0;;
4965;10295;40411450;10295;4965.40411450;CATEGORIA0;;1;1;0;1;;FAROLIM TRASEIRO ESQUERDO P21W+PY21W+P21/5WX2 4 PORTAS;FAROLIM TRASEIRO ESQUERDO P21W+PY21W+P21/5WX2 4 PORTAS;0;;
4965;10295;40411573;10295;4965.40411573;CATEGORIA0;;1;1;0;1;;FAROLIM TRASEIRO ESQUERDO EXTERIOR MARCHA ATRÁS W21W, W21/5W;FAROLIM TRASEIRO ESQUERDO EXTERIOR MARCHA ATRÁS W21W, W21/5W;0;;
4965;10295;40411651;10295;4965.40411651;CATEGORIA0;;1;1;0;1;;FAROLIM TRASEIRO ESQUERDO EXTERIOR BRANCO PY21W+P21/5W;FAROLIM TRASEIRO ESQUERDO EXTERIOR BRANCO PY21W+P21/5W;0;;
4965;10295;40411695;10295;4965.40411695;CATEGORIA0;;1;1;0;1;;FAROLIM TRASEIRO ESQUERDO CHASSIS;FAROLIM TRASEIRO ESQUERDO CHASSIS;0;;
4965;10295;40411697;10295;4965.40411697;CATEGORIA0;;1;1;0;1;;FAROLIM TRASEIRO ESQUERDO TIPOCO CHASSIS;FAROLIM TRASEIRO ESQUERDO TIPOCO CHASSIS;0;;
4965;10295;40411813;10295;4965.40411813;CATEGORIA0;;1;1;0;1;;FAROLIM TRASEIRA NEVOEIRO ESQUERDA P21W+PY21W TIPO ST;FAROLIM TRASEIRA NEVOEIRO ESQUERDA P21W+PY21W TIPO ST;0;;
4965;10295;40411837;10295;4965.40411837;CATEGORIA0;;1;1;0;1;;FAROLIM TRASEIRO ESQUERDO 4 PORTAS;FAROLIM TRASEIRO ESQUERDO 4 PORTAS;0;;
4965;10295;40411844;10295;4965.40411844;CATEGORIA0;;1;1;0;1;;FAROLIM TRASEIRO ESQUERDO LED EXTERIOR BRANCO PY21W 5 PORTAS;FAROLIM TRASEIRO ESQUERDO LED EXTERIOR BRANCO PY21W 5 PORTAS;0;;
4965;10295;40411950;10295;4965.40411950;CATEGORIA0;;1;1;0;1;;FAROLIM TRASEIRO ESQUERDO;FAROLIM TRASEIRO ESQUERDO;0;;
4965;10295;40412054;10295;4965.40412054;CATEGORIA0;;1;1;0;1;;FAROLIM TRASEIRO ESQUERDO LED EXTERIOR TIPO OD;FAROLIM TRASEIRO ESQUERDO LED EXTERIOR TIPO OD;0;;
4965;10295;40412055;10295;4965.40412055;CATEGORIA0;;1;1;0;1;;FAROLIM PARA-CHOQ. TRASEIRO ESQUERDO BRANCO/VERMELHO/PY21W/R;FAROLIM PARA-CHOQ. TRASEIRO ESQUERDO BRANCO/VERMELHO/PY21W/R;0;;
4965;10295;40412610;10295;4965.40412610;CATEGORIA0;;1;1;0;1;;FAROLIM TRASEIRO ESQUERDO 21W+21/5W 07/1987->;FAROLIM TRASEIRO ESQUERDO 21W+21/5W 07/1987->;0;;
4965;10295;40412631;10295;4965.40412631;CATEGORIA0;;1;1;0;1;;FAROLIM TRASEIRO ESQUERDO W21W+W21/5W+WY21W;FAROLIM TRASEIRO ESQUERDO W21W+W21/5W+WY21W;0;;
4965;10295;40412632;10295;4965.40412632;CATEGORIA0;;1;1;0;1;;FAROLIM TRASEIRO ESQUERDO PY21W+P21WX5 4 PORTAS;FAROLIM TRASEIRO ESQUERDO PY21W+P21WX5 4 PORTAS;0;;
4965;10295;40412664;10295;4965.40412664;CATEGORIA0;;1;1;0;1;;FAROLIM TRASEIRO ESQUERDO COM NEVOEIRO COM PORTA-LÂMPADAS P2;FAROLIM TRASEIRO ESQUERDO COM NEVOEIRO COM PORTA-LÂMPADAS P2;0;;
4965;10295;40414080;10295;4965.40414080;CATEGORIA0;;1;1;0;1;;FAROLIM TRASEIRO ESQUERDO P21WX2+P21/5W;FAROLIM TRASEIRO ESQUERDO P21WX2+P21/5W;0;;
4965;10295;40414623;10295;4965.40414623;CATEGORIA0;;1;1;0;1;;FAROLIM TRASEIRO ESQUERDO;FAROLIM TRASEIRO ESQUERDO;0;;
4965;10295;40415177;10295;4965.40415177;CATEGORIA0;;1;1;0;1;;FAROLIM TRASEIRO ESQUERDO LED;FAROLIM TRASEIRO ESQUERDO LED;0;;
4965;10295;40415182;10295;4965.40415182;CATEGORIA0;;1;1;0;1;;FAROLIM TRASEIRO ESQUERDO P21W+PY21W+P21/5W;FAROLIM TRASEIRO ESQUERDO P21W+PY21W+P21/5W;0;;
4965;10295;40415189;10295;4965.40415189;CATEGORIA0;;1;1;0;1;;FAROLIM TRASEIRO ESQUERDO EXTERIOR COM NEVOEIRO P21W, PY21W,;FAROLIM TRASEIRO ESQUERDO EXTERIOR COM NEVOEIRO P21W, PY21W,;0;;
4965;10295;40415538;10295;4965.40415538;CATEGORIA0;;1;1;0;1;;FAROLIM TRASEIRO ESQUERDOP21WX3+P21/5W;FAROLIM TRASEIRO ESQUERDOP21WX3+P21/5W;0;;
4965;10295;40416046;10295;4965.40416046;CATEGORIA0;;1;1;0;1;;FAROLIM TRASEIRO ESQUERDOLED, PSY24W+P21WX2, TIPO F.;FAROLIM TRASEIRO ESQUERDOLED, PSY24W+P21WX2, TIPO F.;0;;
4965;10295;40420454;10295;4965.40420454;CATEGORIA0;;1;1;0;1;;FAROLIM EXTERIOR TRASEIRODIREITO LED FAMILIAR;FAROLIM EXTERIOR TRASEIRODIREITO LED FAMILIAR;0;;
4965;10295;40420456;10295;4965.40420456;CATEGORIA0;;1;1;0;1;;FAROLIM TRASEIRO DIREITO LED/EXTERIOR TIPO A;FAROLIM TRASEIRO DIREITO LED/EXTERIOR TIPO A;0;;
4965;10295;40420542;10295;4965.40420542;CATEGORIA0;;1;1;0;1;;FAROLIM TRASEIRO DIREITO LED/INTERIOR H21W+W16W SW;FAROLIM TRASEIRO DIREITO LED/INTERIOR H21W+W16W SW;0;;
4965;10295;40421250;10295;4965.40421250;CATEGORIA0;;1;1;0;1;;FAROLIM TRASEIRO DIREITO;FAROLIM TRASEIRO DIREITO;0;;
4965;10295;40421316;10295;4965.40421316;CATEGORIA0;;1;1;0;1;;FAROLIM TRASEIRO DIREITOP21WX2+P21/5W;FAROLIM TRASEIRO DIREITOP21WX2+P21/5W;0;;
4965;10295;40421450;10295;4965.40421450;CATEGORIA0;;1;1;0;1;;FAROLIM TRASEIRO DIREITO P21W+PY21W+P21/5WX2 4 PORTAS;FAROLIM TRASEIRO DIREITO P21W+PY21W+P21/5WX2 4 PORTAS;0;;
4965;10295;40421573;10295;4965.40421573;CATEGORIA0;;1;1;0;1;;FAROLIM TRASEIRO DIREITO EXTERIOR MARCHA ATRÁS W21W, W21/5W,;FAROLIM TRASEIRO DIREITO EXTERIOR MARCHA ATRÁS W21W, W21/5W,;0;;
4965;10295;40421638;10295;4965.40421638;CATEGORIA0;;1;1;0;1;;FAROLIM TRASEIRO DIREITO;FAROLIM TRASEIRO DIREITO;0;;
4965;10295;40421651;10295;4965.40421651;CATEGORIA0;;1;1;0;1;;FAROLIM TRASEIRO DIREITO EXTERIOR/BRANCO PY21W+P21/5W;FAROLIM TRASEIRO DIREITO EXTERIOR/BRANCO PY21W+P21/5W;0;;
4965;10295;40421695;10295;4965.40421695;CATEGORIA0;;1;1;0;1;;FAROLIM TRASEIRO DIREITO CHASSIS;FAROLIM TRASEIRO DIREITO CHASSIS;0;;
4965;10295;40421697;10295;4965.40421697;CATEGORIA0;;1;1;0;1;;FAROLIM TRASEIRO DIREITO TIPO CO CHASSIS;FAROLIM TRASEIRO DIREITO TIPO CO CHASSIS;0;;
4965;10295;40421813;10295;4965.40421813;CATEGORIA0;;1;1;0;1;;FAROLIM TRASEIRA NEVOEIRO DIREITA P21W+PY21W TIPO ST;FAROLIM TRASEIRA NEVOEIRO DIREITA P21W+PY21W TIPO ST;0;;
4965;10295;40421837;10295;4965.40421837;CATEGORIA0;;1;1;0;1;;FAROLIM TRASEIRO DIREITO 4 PORTAS;FAROLIM TRASEIRO DIREITO 4 PORTAS;0;;
4965;10295;40421844;10295;4965.40421844;CATEGORIA0;;1;1;0;1;;FAROLIM TRASEIRO DIREITO LED/EXTERIOR/BRANCO PY21W 5 PORTAS;FAROLIM TRASEIRO DIREITO LED/EXTERIOR/BRANCO PY21W 5 PORTAS;0;;
4965;10295;40421950;10295;4965.40421950;CATEGORIA0;;1;1;0;1;;FAROLIM TRASEIRO DIREITO;FAROLIM TRASEIRO DIREITO;0;;
4965;10295;40422054;10295;4965.40422054;CATEGORIA0;;1;1;0;1;;FAROLIM TRASEIRO DIREITO LED/EXTERIOR TIPO OD;FAROLIM TRASEIRO DIREITO LED/EXTERIOR TIPO OD;0;;
4965;10295;40422055;10295;4965.40422055;CATEGORIA0;;1;1;0;1;;FAROLIM PARA-CHOQ. TRASEIRO DIREITO BRANCO/VERMELHO/PY21W/R1;FAROLIM PARA-CHOQ. TRASEIRO DIREITO BRANCO/VERMELHO/PY21W/R1;0;;
4965;10295;40422610;10295;4965.40422610;CATEGORIA0;;1;1;0;1;;FAROLIM TRASEIRO DIREITO 21W+21/5W 07/1987->;FAROLIM TRASEIRO DIREITO 21W+21/5W 07/1987->;0;;
4965;10295;40422625;10295;4965.40422625;CATEGORIA0;;1;1;0;1;;FAROLIM TRASEIRO DIREITO 4 PORTAS;FAROLIM TRASEIRO DIREITO 4 PORTAS;0;;
4965;10295;40422631;10295;4965.40422631;CATEGORIA0;;1;1;0;1;;FAROLIM TRASEIRO DIREITO W21W+W21/5W+WY21W;FAROLIM TRASEIRO DIREITO W21W+W21/5W+WY21W;0;;
4965;10295;40422632;10295;4965.40422632;CATEGORIA0;;1;1;0;1;;FAROLIM TRASEIRO DIREITO PY21W+P21WX5 4 PORTAS;FAROLIM TRASEIRO DIREITO PY21W+P21WX5 4 PORTAS;0;;
4965;10295;40422664;10295;4965.40422664;CATEGORIA0;;1;1;0;1;;FAROLIM TRASEIRO DIREITO COM MARCHA ATRAS COM PORTA-LÂMPADAS;FAROLIM TRASEIRO DIREITO COM MARCHA ATRAS COM PORTA-LÂMPADAS;0;;
4965;10295;40424080;10295;4965.40424080;CATEGORIA0;;1;1;0;1;;FAROLIM TRASEIRO DIREITO P21WX2+P21/5W;FAROLIM TRASEIRO DIREITO P21WX2+P21/5W;0;;
4965;10295;40424623;10295;4965.40424623;CATEGORIA0;;1;1;0;1;;FAROLIM TRASEIRO DIREITO;FAROLIM TRASEIRO DIREITO;0;;
4965;10295;40425177;10295;4965.40425177;CATEGORIA0;;1;1;0;1;;FAROLIM TRASEIRO DIREITO LED;FAROLIM TRASEIRO DIREITO LED;0;;
4965;10295;40425182;10295;4965.40425182;CATEGORIA0;;1;1;0;1;;FAROLIM TRASEIRO DIREITO P21W+PY21W+P21/5W;FAROLIM TRASEIRO DIREITO P21W+PY21W+P21/5W;0;;
4965;10295;40425189;10295;4965.40425189;CATEGORIA0;;1;1;0;1;;FAROLIM TRASEIRO DIREITO EXTERIOR P21W, PY21W, P21/5W TIPO K;FAROLIM TRASEIRO DIREITO EXTERIOR P21W, PY21W, P21/5W TIPO K;0;;
4965;10295;40425538;10295;4965.40425538;CATEGORIA0;;1;1;0;1;;FAROLIM TRASEIRO DIREITOP21WX3+P21/5W;FAROLIM TRASEIRO DIREITOP21WX3+P21/5W;0;;
4965;10295;40426046;10295;4965.40426046;CATEGORIA0;;1;1;0;1;;FAROLIM TRASEIRO DIREITOLED, PSY24W+P21WX2, TIPO F.;FAROLIM TRASEIRO DIREITOLED, PSY24W+P21WX2, TIPO F.;0;;
4965;10295;40430543;10295;4965.40430543;CATEGORIA0;;1;1;0;1;;FAROLIM TRASEIRO ESQUERDO LED/EXTERIOR SW;FAROLIM TRASEIRO ESQUERDO LED/EXTERIOR SW;0;;
4965;10295;40431450;10295;4965.40431450;CATEGORIA0;;1;1;0;1;;FAROLIM TRASEIRO ESQUERDO P21W+PY21W+P21/5WX2 5 PORTAS;FAROLIM TRASEIRO ESQUERDO P21W+PY21W+P21/5WX2 5 PORTAS;0;;
4965;10295;40431526;10295;4965.40431526;CATEGORIA0;;1;1;0;1;;FAROLIM TRASEIRO ESQUERDO LED/INTERIOR W16W;FAROLIM TRASEIRO ESQUERDO LED/INTERIOR W16W;0;;
4965;10295;40431650;10295;4965.40431650;CATEGORIA0;;1;1;0;1;;FAROLIM TRASEIRO ESQUERDO BRANCO P21W+PY21W+P21/5W 2005->200;FAROLIM TRASEIRO ESQUERDO BRANCO P21W+PY21W+P21/5W 2005->200;0;;
4965;10295;40432054;10295;4965.40432054;CATEGORIA0;;1;1;0;1;;FAROLIM TRASEIRO ESQUERDO LED/INTERIOR TIPO OD;FAROLIM TRASEIRO ESQUERDO LED/INTERIOR TIPO OD;0;;
4965;10295;40440543;10295;4965.40440543;CATEGORIA0;;1;1;0;1;;FAROLIM TRASEIRO DIREITO LED/EXTERIOR SW;FAROLIM TRASEIRO DIREITO LED/EXTERIOR SW;0;;
4965;10295;40441450;10295;4965.40441450;CATEGORIA0;;1;1;0;1;;FAROLIM TRASEIRO DIREITO P21W+PY21W+P21/5WX2 5 PORTAS;FAROLIM TRASEIRO DIREITO P21W+PY21W+P21/5WX2 5 PORTAS;0;;
4965;10295;40441526;10295;4965.40441526;CATEGORIA0;;1;1;0;1;;FAROLIM TRASEIRO DIREITO LED/INTERIOR W16W;FAROLIM TRASEIRO DIREITO LED/INTERIOR W16W;0;;
4965;10295;40441650;10295;4965.40441650;CATEGORIA0;;1;1;0;1;;FAROLIM TRASEIRO DIREITO BRANCOP21W+PY21W+P21/5W 2005->2006;FAROLIM TRASEIRO DIREITO BRANCOP21W+PY21W+P21/5W 2005->2006;0;;
4965;10295;40442054;10295;4965.40442054;CATEGORIA0;;1;1;0;1;;FAROLIM TRASEIRO DIREITO LED/INTERIOR TIPO OD;FAROLIM TRASEIRO DIREITO LED/INTERIOR TIPO OD;0;;
4965;10295;40450454;10295;4965.40450454;CATEGORIA0;;1;1;0;1;;FAROLIM INTERIOR TRASEIROESQUERDO LED/BRANCO H21W TIPOV;FAROLIM INTERIOR TRASEIROESQUERDO LED/BRANCO H21W TIPOV;0;;
4965;10295;40460454;10295;4965.40460454;CATEGORIA0;;1;1;0;1;;FAROLIM INTERIOR TRASEIRODIREITO LED/BRANCO H21W TIPOV;FAROLIM INTERIOR TRASEIRODIREITO LED/BRANCO H21W TIPOV;0;;
4965;10295;40531253;10295;4965.40531253;CATEGORIA0;;1;1;0;1;;FAROLIM TRASEIRO ESQUERDOP21W+PY21W+P21/4WX2+W16W TIPOA 2 PO;FAROLIM TRASEIRO ESQUERDOP21W+PY21W+P21/4WX2+W16W TIPOA 2 PO;0;;
4965;10295;40541253;10295;4965.40541253;CATEGORIA0;;1;1;0;1;;FAROLIM TRASEIRO DIREITOP21W+PY21W+P21/4WX2+W16W TIPOA 2 POR;FAROLIM TRASEIRO DIREITOP21W+PY21W+P21/4WX2+W16W TIPOA 2 POR;0;;
4965;10295;40711965;10295;4965.40711965;CATEGORIA0;;1;1;0;1;;FAROLIM TRASEIRO ESQUERDO INTERIOR/VERMELHO;FAROLIM TRASEIRO ESQUERDO INTERIOR/VERMELHO;0;;
4965;10295;40721965;10295;4965.40721965;CATEGORIA0;;1;1;0;1;;FAROLIM TRASEIRO DIREITO INTERIOR/VERMELHO/4 PORTAS;FAROLIM TRASEIRO DIREITO INTERIOR/VERMELHO/4 PORTAS;0;;
4965;10295;40811578;10295;4965.40811578;CATEGORIA0;;1;1;0;1;;RETRORREFLECTOR ESQUERDO PARA-CHOQ. TRASEIRO P21W TIPO VAR;RETRORREFLECTOR ESQUERDO PARA-CHOQ. TRASEIRO P21W TIPO VAR;0;;
4965;10295;40821578;10295;4965.40821578;CATEGORIA0;;1;1;0;1;;RETRORREFLECTOR DIREITA PARA-CHOQ. TRASEIRO TIPO VAR;RETRORREFLECTOR DIREITA PARA-CHOQ. TRASEIRO TIPO VAR;0;;
4965;10295;41010308;10295;4965.41010308;CATEGORIA0;;1;1;0;1;;FAROLIM FRENTE ESQUERDA PY21W;FAROLIM FRENTE ESQUERDA PY21W;0;;
4965;10295;41010411;10295;4965.41010411;CATEGORIA0;;1;1;0;1;;FAROLIM FRENTE ESQUERDA ÂMBARP21W;FAROLIM FRENTE ESQUERDA ÂMBARP21W;0;;
4965;10295;41010430;10295;4965.41010430;CATEGORIA0;;1;1;0;1;;FAROLIM FRENTE ESQUERDA BRANCA PY21W TIPO BO;FAROLIM FRENTE ESQUERDA BRANCA PY21W TIPO BO;0;;
4965;10295;41010537;10295;4965.41010537;CATEGORIA0;;1;1;0;1;;FAROLIM FRENTE ESQUERDA ÂMBARP21W;FAROLIM FRENTE ESQUERDA ÂMBARP21W;0;;
4965;10295;41011046;10295;4965.41011046;CATEGORIA0;;1;1;0;1;;FAROLIM FRENTE ESQUERDO BRANCO;FAROLIM FRENTE ESQUERDO BRANCO;0;;
4965;10295;41011325;10295;4965.41011325;CATEGORIA0;;1;1;0;1;;FAROLIM FRENTE ESQUERDA BRANCA;FAROLIM FRENTE ESQUERDA BRANCA;0;;
4965;10295;41011560;10295;4965.41011560;CATEGORIA0;;1;1;0;1;;FAROLIM FRENTE ESQUERDA BRANCA;FAROLIM FRENTE ESQUERDA BRANCA;0;;
4965;10295;41011625;10295;4965.41011625;CATEGORIA0;;1;1;0;1;;FAROLIM FRENTE ESQUERDA PY21W3 PORTAS;FAROLIM FRENTE ESQUERDA PY21W3 PORTAS;0;;
4965;10295;41011691;10295;4965.41011691;CATEGORIA0;;1;1;0;1;;FAROLIM FRONTAL ESQUERDA PY21W TIPO AG;FAROLIM FRONTAL ESQUERDA PY21W TIPO AG;0;;
4965;10295;41011695;10295;4965.41011695;CATEGORIA0;;1;1;0;1;;FAROLIM FRENTE ESQUERDA BRANCA PY21W;FAROLIM FRENTE ESQUERDA BRANCA PY21W;0;;
4965;10295;41011961;10295;4965.41011961;CATEGORIA0;;1;1;0;1;;FAROLIM FRENTE ESQUERDA TIPOST;FAROLIM FRENTE ESQUERDA TIPOST;0;;
4965;10295;41012619;10295;4965.41012619;CATEGORIA0;;1;1;0;1;;FAROLIM FRENTE ESQUERDA BRANCA R5W;FAROLIM FRENTE ESQUERDA BRANCA R5W;0;;
4965;10295;41012639;10295;4965.41012639;CATEGORIA0;;1;1;0;1;;FAROLIM FRENTE ESQUERDA BRANCA PY21W;FAROLIM FRENTE ESQUERDA BRANCA PY21W;0;;
4965;10295;41013039;10295;4965.41013039;CATEGORIA0;;1;1;0;1;;FAROLIM FRENTE ESQUERDA BRANCA PY21W;FAROLIM FRENTE ESQUERDA BRANCA PY21W;0;;
4965;10295;41013087;10295;4965.41013087;CATEGORIA0;;1;1;0;1;;FAROLIM FRENTE ESQUERDA ->12/2012;FAROLIM FRENTE ESQUERDA ->12/2012;0;;
4965;10295;41013089;10295;4965.41013089;CATEGORIA0;;1;1;0;1;;FAROLIM FRENTE ESQUERDA PSY24W TIPO Z 4 PORTAS;FAROLIM FRENTE ESQUERDA PSY24W TIPO Z 4 PORTAS;0;;
4965;10295;41013510;10295;4965.41013510;CATEGORIA0;;1;1;0;1;;FAROLIM FRENTE ESQUERDA BRANCA PY21W;FAROLIM FRENTE ESQUERDA BRANCA PY21W;0;;
4965;10295;41014054;10295;4965.41014054;CATEGORIA0;;1;1;0;1;;FAROLIM FRENTE ESQUERDA BRANCA P21W;FAROLIM FRENTE ESQUERDA BRANCA P21W;0;;
4965;10295;41014074;10295;4965.41014074;CATEGORIA0;;1;1;0;1;;FAROLIM FRENTE ESQUERDA BRANCA PY21W;FAROLIM FRENTE ESQUERDA BRANCA PY21W;0;;
4965;10295;41014084;10295;4965.41014084;CATEGORIA0;;1;1;0;1;;FAROLIM FRENTE ESQUERDA TRANSPARENTE 2012->;FAROLIM FRENTE ESQUERDA TRANSPARENTE 2012->;0;;
4965;10295;41014089;10295;4965.41014089;CATEGORIA0;;1;1;0;1;;FAROLIM FRENTE ESQUERDA BRANCA P21W;FAROLIM FRENTE ESQUERDA BRANCA P21W;0;;
4965;10295;41014095;10295;4965.41014095;CATEGORIA0;;1;1;0;1;;FAROLIM FRENTE ESQUERDA ÂMBARP21W;FAROLIM FRENTE ESQUERDA ÂMBARP21W;0;;
4965;10295;41014566;10295;4965.41014566;CATEGORIA0;;1;1;0;1;;FAROLIM FRENTE ESQUERDA BRANCA P21W 1991->1993;FAROLIM FRENTE ESQUERDA BRANCA P21W 1991->1993;0;;
4965;10295;41014580;10295;4965.41014580;CATEGORIA0;;1;1;0;1;;FAROLIM FRENTE ESQUERDA ÂMBAR;FAROLIM FRENTE ESQUERDA ÂMBAR;0;;
4965;10295;41015506;10295;4965.41015506;CATEGORIA0;;1;1;0;1;;FAROLIM PARA-CHOQ. FRENTE ESQUERDA;FAROLIM PARA-CHOQ. FRENTE ESQUERDA;0;;
4965;10295;41015518;10295;4965.41015518;CATEGORIA0;;1;1;0;1;;FAROLIM PARA-CHOQ. FRENTE ESQUERDA BRANCO PY21W;FAROLIM PARA-CHOQ. FRENTE ESQUERDA BRANCO PY21W;0;;
4965;10295;41015521;10295;4965.41015521;CATEGORIA0;;1;1;0;1;;FAROLIM FRENTE ESQUERDA BRANCA;FAROLIM FRENTE ESQUERDA BRANCA;0;;
4965;10295;41015522;10295;4965.41015522;CATEGORIA0;;1;1;0;1;;FAROLIM FRENTE ESQUERDA BRANCA PY21W;FAROLIM FRENTE ESQUERDA BRANCA PY21W;0;;
4965;10295;41015527;10295;4965.41015527;CATEGORIA0;;1;1;0;1;;FAROLIM FRENTE ESQUERDA BRANCA PY21W;FAROLIM FRENTE ESQUERDA BRANCA PY21W;0;;
4965;10295;41015530;10295;4965.41015530;CATEGORIA0;;1;1;0;1;;FAROLIM PARA-CHOQ. ESQUERDO BRANCO PY21W DOBLE;FAROLIM PARA-CHOQ. ESQUERDO BRANCO PY21W DOBLE;0;;
4965;10295;41016025;10295;4965.41016025;CATEGORIA0;;1;1;0;1;;FAROLIM FRENTE ESQUERDA TRANSPARENTE PY21W 1998->;FAROLIM FRENTE ESQUERDA TRANSPARENTE PY21W 1998->;0;;
4965;10295;41016026;10295;4965.41016026;CATEGORIA0;;1;1;0;1;;FAROLIM FRENTE ESQUERDA CROMADA;FAROLIM FRENTE ESQUERDA CROMADA;0;;
4965;10295;41020308;10295;4965.41020308;CATEGORIA0;;1;1;0;1;;FAROLIM FRENTE DIREITA PY21W;FAROLIM FRENTE DIREITA PY21W;0;;
4965;10295;41020411;10295;4965.41020411;CATEGORIA0;;1;1;0;1;;FAROLIM FRENTE DIREITA ÂMBARP21W;FAROLIM FRENTE DIREITA ÂMBARP21W;0;;
4965;10295;41020430;10295;4965.41020430;CATEGORIA0;;1;1;0;1;;FAROLIM FRENTE DIREITA BRANCAPY21W TIPO BO;FAROLIM FRENTE DIREITA BRANCAPY21W TIPO BO;0;;
4965;10295;41020536;10295;4965.41020536;CATEGORIA0;;1;1;0;1;;FAROLIM FRENTE DIREITA ÂMBAR2 PORTAS;FAROLIM FRENTE DIREITA ÂMBAR2 PORTAS;0;;
4965;10295;41020537;10295;4965.41020537;CATEGORIA0;;1;1;0;1;;FAROLIM FRENTE DIREITA ÂMBARP21W;FAROLIM FRENTE DIREITA ÂMBARP21W;0;;
4965;10295;41021046;10295;4965.41021046;CATEGORIA0;;1;1;0;1;;FAROLIM FRENTE DIREITO BRANCO;FAROLIM FRENTE DIREITO BRANCO;0;;
4965;10295;41021325;10295;4965.41021325;CATEGORIA0;;1;1;0;1;;FAROLIM FRENTE DIREITA BRANCA;FAROLIM FRENTE DIREITA BRANCA;0;;
4965;10295;41021560;10295;4965.41021560;CATEGORIA0;;1;1;0;1;;FAROLIM FRENTE DIREITA BRANCA;FAROLIM FRENTE DIREITA BRANCA;0;;
4965;10295;41021625;10295;4965.41021625;CATEGORIA0;;1;1;0;1;;FAROLIM FRENTE DIREITA PY21W3 PORTAS;FAROLIM FRENTE DIREITA PY21W3 PORTAS;0;;
4965;10295;41021691;10295;4965.41021691;CATEGORIA0;;1;1;0;1;;FAROLIM FRONTAL DIREITA PY21W TIPO AG;FAROLIM FRONTAL DIREITA PY21W TIPO AG;0;;
4965;10295;41021695;10295;4965.41021695;CATEGORIA0;;1;1;0;1;;FAROLIM FRENTE DIREITA BRANCAPY21W;FAROLIM FRENTE DIREITA BRANCAPY21W;0;;
4965;10295;41021961;10295;4965.41021961;CATEGORIA0;;1;1;0;1;;FAROLIM FRENTE DIREITA TIPO ST;FAROLIM FRENTE DIREITA TIPO ST;0;;
4965;10295;41022619;10295;4965.41022619;CATEGORIA0;;1;1;0;1;;FAROLIM FRENTE DIREITA BRANCAR5W;FAROLIM FRENTE DIREITA BRANCAR5W;0;;
4965;10295;41022639;10295;4965.41022639;CATEGORIA0;;1;1;0;1;;FAROLIM FRENTE DIREITA BRANCAPY21W;FAROLIM FRENTE DIREITA BRANCAPY21W;0;;
4965;10295;41023039;10295;4965.41023039;CATEGORIA0;;1;1;0;1;;FAROLIM FRENTE DIREITA BRANCA PY21W;FAROLIM FRENTE DIREITA BRANCA PY21W;0;;
4965;10295;41023087;10295;4965.41023087;CATEGORIA0;;1;1;0;1;;FAROLIM FRENTE DIREITA ->12/2012;FAROLIM FRENTE DIREITA ->12/2012;0;;
4965;10295;41023089;10295;4965.41023089;CATEGORIA0;;1;1;0;1;;FAROLIM FRENTE DIREITA PSY24WTIPO Z 4 PORTAS;FAROLIM FRENTE DIREITA PSY24WTIPO Z 4 PORTAS;0;;
4965;10295;41023510;10295;4965.41023510;CATEGORIA0;;1;1;0;1;;FAROLIM FRENTE DIREITA BRANCAPY21W;FAROLIM FRENTE DIREITA BRANCAPY21W;0;;
4965;10295;41024054;10295;4965.41024054;CATEGORIA0;;1;1;0;1;;FAROLIM FRENTE DIREITA BRANCAP21W;FAROLIM FRENTE DIREITA BRANCAP21W;0;;
4965;10295;41024074;10295;4965.41024074;CATEGORIA0;;1;1;0;1;;FAROLIM FRENTE DIREITA BRANCAPY21W;FAROLIM FRENTE DIREITA BRANCAPY21W;0;;
4965;10295;41024084;10295;4965.41024084;CATEGORIA0;;1;1;0;1;;FAROLIM FRENTE DIREITA TRANSPARENTE 2012->;FAROLIM FRENTE DIREITA TRANSPARENTE 2012->;0;;
4965;10295;41024089;10295;4965.41024089;CATEGORIA0;;1;1;0;1;;FAROLIM FRENTE DIREITA BRANCAP21W;FAROLIM FRENTE DIREITA BRANCAP21W;0;;
4965;10295;41024095;10295;4965.41024095;CATEGORIA0;;1;1;0;1;;FAROLIM FRENTE DIREITA ÂMBARP21W;FAROLIM FRENTE DIREITA ÂMBARP21W;0;;
4965;10295;41024566;10295;4965.41024566;CATEGORIA0;;1;1;0;1;;FAROLIM FRENTE DIREITA BRANCAP21W 1991->1993;FAROLIM FRENTE DIREITA BRANCAP21W 1991->1993;0;;
4965;10295;41024580;10295;4965.41024580;CATEGORIA0;;1;1;0;1;;FAROLIM FRENTE DIREITA ÂMBAR;FAROLIM FRENTE DIREITA ÂMBAR;0;;
4965;10295;41025506;10295;4965.41025506;CATEGORIA0;;1;1;0;1;;FAROLIM PARA-CHOQ. FRENTE DIREITA;FAROLIM PARA-CHOQ. FRENTE DIREITA;0;;
4965;10295;41025522;10295;4965.41025522;CATEGORIA0;;1;1;0;1;;FAROLIM FRENTE DIREITA BRANCA;FAROLIM FRENTE DIREITA BRANCA;0;;
4965;10295;41025527;10295;4965.41025527;CATEGORIA0;;1;1;0;1;;FAROLIM FRENTE DIREITA BRANCAPY21W;FAROLIM FRENTE DIREITA BRANCAPY21W;0;;
4965;10295;41025530;10295;4965.41025530;CATEGORIA0;;1;1;0;1;;FAROLIM PARA-CHOQ. DIREITO BRANCO PY21W DOBLE;FAROLIM PARA-CHOQ. DIREITO BRANCO PY21W DOBLE;0;;
4965;10295;41025569;10295;4965.41025569;CATEGORIA0;;1;1;0;1;;FAROLIM FRENTE DIREITA;FAROLIM FRENTE DIREITA;0;;
4965;10295;41026025;10295;4965.41026025;CATEGORIA0;;1;1;0;1;;FAROLIM FRENTE DIREITA TRANSPARENTE PY21W 1998->;FAROLIM FRENTE DIREITA TRANSPARENTE PY21W 1998->;0;;
4965;10295;41026026;10295;4965.41026026;CATEGORIA0;;1;1;0;1;;FAROLIM FRENTE DIREITA CROMADA;FAROLIM FRENTE DIREITA CROMADA;0;;
4965;10295;41034036;10295;4965.41034036;CATEGORIA0;;1;1;0;1;;FAROLIM FRENTE REVERSIVEL;FAROLIM FRENTE REVERSIVEL;0;;
4965;10295;41080538;10295;4965.41080538;CATEGORIA0;;1;1;0;1;;FAROLIM FRENTE ESQUERDA/DIREITA FUME PY21WX2;FAROLIM FRENTE ESQUERDA/DIREITA FUME PY21WX2;0;;
4965;10295;41111223;10295;4965.41111223;CATEGORIA0;;1;1;0;1;;FAROLIM FRENTE ESQUERDA BRANCA PY21W 2001->;FAROLIM FRENTE ESQUERDA BRANCA PY21W 2001->;0;;
4965;10295;41115518;10295;4965.41115518;CATEGORIA0;;1;1;0;1;;FAROLIM PARA-CHOQ. ESQUERDO BRANCO FAROLIM FALSA DUPLO;FAROLIM PARA-CHOQ. ESQUERDO BRANCO FAROLIM FALSA DUPLO;0;;
4965;10295;41115530;10295;4965.41115530;CATEGORIA0;;1;1;0;1;;FAROLIM PARA-CHOQ. ESQUERDO BRANCO PY21W SIMPLE;FAROLIM PARA-CHOQ. ESQUERDO BRANCO PY21W SIMPLE;0;;
4965;10295;41116025;10295;4965.41116025;CATEGORIA0;;1;1;0;1;;FAROLIM FRENTE ESQUERDA BRANCA PY21W;FAROLIM FRENTE ESQUERDA BRANCA PY21W;0;;
4965;10295;41121223;10295;4965.41121223;CATEGORIA0;;1;1;0;1;;FAROLIM FRENTE DIREITA BRANCAPY21W 2001->;FAROLIM FRENTE DIREITA BRANCAPY21W 2001->;0;;
4965;10295;41125518;10295;4965.41125518;CATEGORIA0;;1;1;0;1;;FAROLIM PARA-CHOQ. DIREITO BRANCO FAROLIM FALSA DUPLO;FAROLIM PARA-CHOQ. DIREITO BRANCO FAROLIM FALSA DUPLO;0;;
4965;10295;41125530;10295;4965.41125530;CATEGORIA0;;1;1;0;1;;FAROLIM PARA-CHOQ. DIREITO BRANCO PY21W SIMPLE;FAROLIM PARA-CHOQ. DIREITO BRANCO PY21W SIMPLE;0;;
4965;10295;41126025;10295;4965.41126025;CATEGORIA0;;1;1;0;1;;FAROLIM FRENTE DIREITA BRANCAPY21W;FAROLIM FRENTE DIREITA BRANCAPY21W;0;;
4965;10295;41130537;10295;4965.41130537;CATEGORIA0;;1;1;0;1;;FAROLIM FRENTE ESQUERDA BRANCA BORDE CROMADA PY21W 4 PORTAS;FAROLIM FRENTE ESQUERDA BRANCA BORDE CROMADA PY21W 4 PORTAS;0;;
4965;10295;41131210;10295;4965.41131210;CATEGORIA0;;1;1;0;1;;FAROLIM FRENTE ESQUERDA ÂMBAR;FAROLIM FRENTE ESQUERDA ÂMBAR;0;;
4965;10295;41131220;10295;4965.41131220;CATEGORIA0;;1;1;0;1;;FAROLIM FRENTE ESQUERDA ÂMBARP21W;FAROLIM FRENTE ESQUERDA ÂMBARP21W;0;;
4965;10295;41131222;10295;4965.41131222;CATEGORIA0;;1;1;0;1;;FAROLIM FRENTE ESQUERDA BRANCA;FAROLIM FRENTE ESQUERDA BRANCA;0;;
4965;10295;41131513;10295;4965.41131513;CATEGORIA0;;1;1;0;1;;FAROLIM FRENTE ESQUERDA BRANCA PY21W;FAROLIM FRENTE ESQUERDA BRANCA PY21W;0;;
4965;10295;41131517;10295;4965.41131517;CATEGORIA0;;1;1;0;1;;FAROLIM FRENTE ESQUERDA ÂMBARP21W;FAROLIM FRENTE ESQUERDA ÂMBARP21W;0;;
4965;10295;41132035;10295;4965.41132035;CATEGORIA0;;1;1;0;1;;FAROLIM FRENTE ESQUERDA BRANCA PY21W;FAROLIM FRENTE ESQUERDA BRANCA PY21W;0;;
4965;10295;41132120;10295;4965.41132120;CATEGORIA0;;1;1;0;1;;FAROLIM FRENTE ESQUERDA BRANCA PY21W;FAROLIM FRENTE ESQUERDA BRANCA PY21W;0;;
4965;10295;41133038;10295;4965.41133038;CATEGORIA0;;1;1;0;1;;FAROLIM FRENTE ESQUERDA BRANCA P21W;FAROLIM FRENTE ESQUERDA BRANCA P21W;0;;
4965;10295;41134575;10295;4965.41134575;CATEGORIA0;;1;1;0;1;;FAROLIM FRENTE ESQUERDA BRANCA PY21W 1995->;FAROLIM FRENTE ESQUERDA BRANCA PY21W 1995->;0;;
4965;10295;41134710;10295;4965.41134710;CATEGORIA0;;1;1;0;1;;FAROLIM FRENTE ESQUERDA BRANCA PY21W ->2001;FAROLIM FRENTE ESQUERDA BRANCA PY21W ->2001;0;;
4965;10295;41135519;10295;4965.41135519;CATEGORIA0;;1;1;0;1;;FAROLIM FRENTE ESQUERDA BRANCA PY21W;FAROLIM FRENTE ESQUERDA BRANCA PY21W;0;;
4965;10295;41135530;10295;4965.41135530;CATEGORIA0;;1;1;0;1;;FAROLIM PARA-CHOQ. FRENTE ESQUERDA ÂMBAR P21W;FAROLIM PARA-CHOQ. FRENTE ESQUERDA ÂMBAR P21W;0;;
4965;10295;41141513;10295;4965.41141513;CATEGORIA0;;1;1;0;1;;FAROLIM FRENTE DIREITA BRANCAPY21W;FAROLIM FRENTE DIREITA BRANCAPY21W;0;;
4965;10295;41230537;10295;4965.41230537;CATEGORIA0;;1;1;0;1;;FAROLIM FRENTE DIREITA BRANCABORDE CROMADA PY21W 4 PORTAS;FAROLIM FRENTE DIREITA BRANCABORDE CROMADA PY21W 4 PORTAS;0;;
4965;10295;41231210;10295;4965.41231210;CATEGORIA0;;1;1;0;1;;FAROLIM FRENTE DIREITA ÂMBAR;FAROLIM FRENTE DIREITA ÂMBAR;0;;
4965;10295;41231220;10295;4965.41231220;CATEGORIA0;;1;1;0;1;;FAROLIM FRENTE DIREITA ÂMBARP21W;FAROLIM FRENTE DIREITA ÂMBARP21W;0;;
4965;10295;41231517;10295;4965.41231517;CATEGORIA0;;1;1;0;1;;FAROLIM FRENTE DIREITA ÂMBARP21W;FAROLIM FRENTE DIREITA ÂMBARP21W;0;;
4965;10295;41232035;10295;4965.41232035;CATEGORIA0;;1;1;0;1;;FAROLIM FRENTE DIREITA BRANCAPY21W;FAROLIM FRENTE DIREITA BRANCAPY21W;0;;
4965;10295;41232120;10295;4965.41232120;CATEGORIA0;;1;1;0;1;;FAROLIM FRENTE DIREITA BRANCAPY21W;FAROLIM FRENTE DIREITA BRANCAPY21W;0;;
4965;10295;41233038;10295;4965.41233038;CATEGORIA0;;1;1;0;1;;FAROLIM FRENTE DIREITA BRANCAP21W;FAROLIM FRENTE DIREITA BRANCAP21W;0;;
4965;10295;41234575;10295;4965.41234575;CATEGORIA0;;1;1;0;1;;FAROLIM FRENTE DIREITA BRANCAPY21W 1995->;FAROLIM FRENTE DIREITA BRANCAPY21W 1995->;0;;
4965;10295;41234710;10295;4965.41234710;CATEGORIA0;;1;1;0;1;;FAROLIM FRENTE DIREITA BRANCAPY21W ->2001;FAROLIM FRENTE DIREITA BRANCAPY21W ->2001;0;;
4965;10295;41235519;10295;4965.41235519;CATEGORIA0;;1;1;0;1;;FAROLIM FRENTE DIREITA BRANCAPY21W;FAROLIM FRENTE DIREITA BRANCAPY21W;0;;
4965;10295;41235530;10295;4965.41235530;CATEGORIA0;;1;1;0;1;;FAROLIM PARA-CHOQ. FRENTE DIREITA ÂMBAR P21W;FAROLIM PARA-CHOQ. FRENTE DIREITA ÂMBAR P21W;0;;
4965;10295;41310119;10295;4965.41310119;CATEGORIA0;;1;1;0;1;;FAROLIM FRENTE ESQUERDA BRANCA/FUME;FAROLIM FRENTE ESQUERDA BRANCA/FUME;0;;
4965;10295;41310411;10295;4965.41310411;CATEGORIA0;;1;1;0;1;;FAROLIM PARA-CHOQ. FRENTE ESQUERDA ÂMBAR;FAROLIM PARA-CHOQ. FRENTE ESQUERDA ÂMBAR;0;;
4965;10295;41310422;10295;4965.41310422;CATEGORIA0;;1;1;0;1;;FAROLIM FRENTE ESQUERDA BRANCA PY21W;FAROLIM FRENTE ESQUERDA BRANCA PY21W;0;;
4965;10295;41310423;10295;4965.41310423;CATEGORIA0;;1;1;0;1;;FAROLIM FRENTE ESQUERDA BRANCA PY21W;FAROLIM FRENTE ESQUERDA BRANCA PY21W;0;;
4965;10295;41310428;10295;4965.41310428;CATEGORIA0;;1;1;0;1;;FAROLIM FRENTE ESQUERDA BRANCA PY21W;FAROLIM FRENTE ESQUERDA BRANCA PY21W;0;;
4965;10295;41310430;10295;4965.41310430;CATEGORIA0;;1;1;0;1;;FAROLIM FRENTE ESQUERDA BRANCA PY21W TIPO V;FAROLIM FRENTE ESQUERDA BRANCA PY21W TIPO V;0;;
4965;10295;41310537;10295;4965.41310537;CATEGORIA0;;1;1;0;1;;FAROLIM FRENTE ESQUERDA BRANCA BORDE PRETA PY21W 4 PORTAS;FAROLIM FRENTE ESQUERDA BRANCA BORDE PRETA PY21W 4 PORTAS;0;;
4965;10295;41311032;10295;4965.41311032;CATEGORIA0;;1;1;0;1;;FAROLIM PARA-CHOQ. FRENTE ESQUERDA ÂMBAR;FAROLIM PARA-CHOQ. FRENTE ESQUERDA ÂMBAR;0;;
4965;10295;41311048;10295;4965.41311048;CATEGORIA0;;1;1;0;1;;FAROLIM FRENTE ESQUERDA BRANCA PY21W;FAROLIM FRENTE ESQUERDA BRANCA PY21W;0;;
4965;10295;41311049;10295;4965.41311049;CATEGORIA0;;1;1;0;1;;FAROLIM FRENTE ESQUERDA BRANCA PY21W+W5W;FAROLIM FRENTE ESQUERDA BRANCA PY21W+W5W;0;;
4965;10295;41311051;10295;4965.41311051;CATEGORIA0;;1;1;0;1;;FAROLIM FRENTE ESQUERDA BRANCA;FAROLIM FRENTE ESQUERDA BRANCA;0;;
4965;10295;41311220;10295;4965.41311220;CATEGORIA0;;1;1;0;1;;FAROLIM FRENTE ESQUERDA BRANCA P21W;FAROLIM FRENTE ESQUERDA BRANCA P21W;0;;
4965;10295;41311222;10295;4965.41311222;CATEGORIA0;;1;1;0;1;;FAROLIM FRENTE ESQUERDA ÂMBAR;FAROLIM FRENTE ESQUERDA ÂMBAR;0;;
4965;10295;41311223;10295;4965.41311223;CATEGORIA0;;1;1;0;1;;FAROLIM FRENTE ESQUERDA BRANCA PY21W;FAROLIM FRENTE ESQUERDA BRANCA PY21W;0;;
4965;10295;41311236;10295;4965.41311236;CATEGORIA0;;1;1;0;1;;FAROLIM FRENTE ESQUERDA PY21W;FAROLIM FRENTE ESQUERDA PY21W;0;;
4965;10295;41311316;10295;4965.41311316;CATEGORIA0;;1;1;0;1;;FAROLIM PARA-CHOQ. FRENTE ESQUERDA ÂMBAR P21W;FAROLIM PARA-CHOQ. FRENTE ESQUERDA ÂMBAR P21W;0;;
4965;10295;41311325;10295;4965.41311325;CATEGORIA0;;1;1;0;1;;FAROLIM FRENTE ESQUERDA ÂMBAR;FAROLIM FRENTE ESQUERDA ÂMBAR;0;;
4965;10295;41311511;10295;4965.41311511;CATEGORIA0;;1;1;0;1;;FAROLIM FRENTE ESQUERDA ÂMBAR;FAROLIM FRENTE ESQUERDA ÂMBAR;0;;
4965;10295;41311513;10295;4965.41311513;CATEGORIA0;;1;1;0;1;;FAROLIM FRENTE ESQUERDA ÂMBARP21W;FAROLIM FRENTE ESQUERDA ÂMBARP21W;0;;
4965;10295;41311516;10295;4965.41311516;CATEGORIA0;;1;1;0;1;;FAROLIM FRENTE ESQUERDA ÂMBARP21W;FAROLIM FRENTE ESQUERDA ÂMBARP21W;0;;
4965;10295;41311517;10295;4965.41311517;CATEGORIA0;;1;1;0;1;;FAROLIM FRENTE ESQUERDA BRANCA PY21W;FAROLIM FRENTE ESQUERDA BRANCA PY21W;0;;
4965;10295;41311540;10295;4965.41311540;CATEGORIA0;;1;1;0;1;;FAROLIM FRENTE ESQUERDA ÂMBARP21W;FAROLIM FRENTE ESQUERDA ÂMBARP21W;0;;
4965;10295;41311541;10295;4965.41311541;CATEGORIA0;;1;1;0;1;;FAROLIM FRENTE ESQUERDA ÂMBARP21W;FAROLIM FRENTE ESQUERDA ÂMBARP21W;0;;
4965;10295;41311545;10295;4965.41311545;CATEGORIA0;;1;1;0;1;;FAROLIM FRENTE ESQUERDA BRANCA PY21W;FAROLIM FRENTE ESQUERDA BRANCA PY21W;0;;
4965;10295;41311560;10295;4965.41311560;CATEGORIA0;;1;1;0;1;;FAROLIM FRENTE ESQUERDA ÂMBARP21W;FAROLIM FRENTE ESQUERDA ÂMBARP21W;0;;
4965;10295;41311625;10295;4965.41311625;CATEGORIA0;;1;1;0;1;;FAROLIM FRENTE ESQUERDA BRANCA P21W 4/5 PORTAS;FAROLIM FRENTE ESQUERDA BRANCA P21W 4/5 PORTAS;0;;
4965;10295;41311638;10295;4965.41311638;CATEGORIA0;;1;1;0;1;;FAROLIM FRENTE ESQUERDA BRANCA PY21W;FAROLIM FRENTE ESQUERDA BRANCA PY21W;0;;
4965;10295;41311695;10295;4965.41311695;CATEGORIA0;;1;1;0;1;;FAROLIM FRENTE ESQUERDA ÂMBAR;FAROLIM FRENTE ESQUERDA ÂMBAR;0;;
4965;10295;41311725;10295;4965.41311725;CATEGORIA0;;1;1;0;1;;FAROLIM FRENTE ESQUERDA FUMEPY21W;FAROLIM FRENTE ESQUERDA FUMEPY21W;0;;
4965;10295;41311950;10295;4965.41311950;CATEGORIA0;;1;1;0;1;;FAROLIM FRENTE ESQUERDA ÂMBAR/4 PORTAS;FAROLIM FRENTE ESQUERDA ÂMBAR/4 PORTAS;0;;
4965;10295;41311955;10295;4965.41311955;CATEGORIA0;;1;1;0;1;;FAROLIM FRENTE ESQUERDA BRANCA;FAROLIM FRENTE ESQUERDA BRANCA;0;;
4965;10295;41312200;10295;4965.41312200;CATEGORIA0;;1;1;0;1;;FAROLIM PARA-CHOQ. FRENTE ESQUERDA BRANCO PY21W+W5W;FAROLIM PARA-CHOQ. FRENTE ESQUERDA BRANCO PY21W+W5W;0;;
4965;10295;41312616;10295;4965.41312616;CATEGORIA0;;1;1;0;1;;FAROLIM FRENTE ESQUERDA BRANCA PY21W 1994->1996;FAROLIM FRENTE ESQUERDA BRANCA PY21W 1994->1996;0;;
4965;10295;41312618;10295;4965.41312618;CATEGORIA0;;1;1;0;1;;FAROLIM FRENTE ESQUERDA BRANCA PY21W;FAROLIM FRENTE ESQUERDA BRANCA PY21W;0;;
4965;10295;41312625;10295;4965.41312625;CATEGORIA0;;1;1;0;1;;FAROLIM FRENTE ESQUERDO BRANCOP21W;FAROLIM FRENTE ESQUERDO BRANCOP21W;0;;
4965;10295;41312627;10295;4965.41312627;CATEGORIA0;;1;1;0;1;;FAROLIM FRENTE ESQUERDO BRANCOPY21W;FAROLIM FRENTE ESQUERDO BRANCOPY21W;0;;
4965;10295;41313001;10295;4965.41313001;CATEGORIA0;;1;1;0;1;;FAROLIM FRENTE ESQUERDA PY21W;FAROLIM FRENTE ESQUERDA PY21W;0;;
4965;10295;41313010;10295;4965.41313010;CATEGORIA0;;1;1;0;1;;FAROLIM FRENTE ESQUERDA ÂMBAR;FAROLIM FRENTE ESQUERDA ÂMBAR;0;;
4965;10295;41313013;10295;4965.41313013;CATEGORIA0;;1;1;0;1;;FAROLIM FRENTE ESQUERDA BRANCA P21W;FAROLIM FRENTE ESQUERDA BRANCA P21W;0;;
4965;10295;41313027;10295;4965.41313027;CATEGORIA0;;1;1;0;1;;FAROLIM FRENTE ESQUERDA ÂMBARP21W;FAROLIM FRENTE ESQUERDA ÂMBARP21W;0;;
4965;10295;41313028;10295;4965.41313028;CATEGORIA0;;1;1;0;1;;FAROLIM FRENTE ESQUERDA BRANCA P21W;FAROLIM FRENTE ESQUERDA BRANCA P21W;0;;
4965;10295;41313035;10295;4965.41313035;CATEGORIA0;;1;1;0;1;;FAROLIM FRENTE ESQUERDA BRANCA P21W;FAROLIM FRENTE ESQUERDA BRANCA P21W;0;;
4965;10295;41313036;10295;4965.41313036;CATEGORIA0;;1;1;0;1;;FAROLIM FRENTE ESQUERDA BRANCA;FAROLIM FRENTE ESQUERDA BRANCA;0;;
4965;10295;41313037;10295;4965.41313037;CATEGORIA0;;1;1;0;1;;FAROLIM FRENTE ESQUERDA BRANCA PY21W;FAROLIM FRENTE ESQUERDA BRANCA PY21W;0;;
4965;10295;41313038;10295;4965.41313038;CATEGORIA0;;1;1;0;1;;FAROLIM FRENTE ESQUERDA ÂMBARP21W;FAROLIM FRENTE ESQUERDA ÂMBARP21W;0;;
4965;10295;41313520;10295;4965.41313520;CATEGORIA0;;1;1;0;1;;FAROLIM FRENTE ESQUERDA ÂMBAR;FAROLIM FRENTE ESQUERDA ÂMBAR;0;;
4965;10295;41313523;10295;4965.41313523;CATEGORIA0;;1;1;0;1;;FAROLIM FRENTE ESQUERDA BRANCA;FAROLIM FRENTE ESQUERDA BRANCA;0;;
4965;10295;41313527;10295;4965.41313527;CATEGORIA0;;1;1;0;1;;FAROLIM FRENTE ESQUERDA BRANCA;FAROLIM FRENTE ESQUERDA BRANCA;0;;
4965;10295;41313531;10295;4965.41313531;CATEGORIA0;;1;1;0;1;;FAROLIM FRENTE ESQUERDA BRANCA TIPO SEI/MM;FAROLIM FRENTE ESQUERDA BRANCA TIPO SEI/MM;0;;
4965;10295;41313540;10295;4965.41313540;CATEGORIA0;;1;1;0;1;;FAROLIM FRENTE ESQUERDA BRANCA;FAROLIM FRENTE ESQUERDA BRANCA;0;;
4965;10295;41314017;10295;4965.41314017;CATEGORIA0;;1;1;0;1;;FAROLIM FRENTE ESQUERDA ÂMBAR;FAROLIM FRENTE ESQUERDA ÂMBAR;0;;
4965;10295;41314026;10295;4965.41314026;CATEGORIA0;;1;1;0;1;;FAROLIM FRENTE ESQUERDA ÂMBARP21W;FAROLIM FRENTE ESQUERDA ÂMBARP21W;0;;
4965;10295;41314051;10295;4965.41314051;CATEGORIA0;;1;1;0;1;;FAROLIM FRENTE ESQUERDA ÂMBAR->1992;FAROLIM FRENTE ESQUERDA ÂMBAR->1992;0;;
4965;10295;41314052;10295;4965.41314052;CATEGORIA0;;1;1;0;1;;FAROLIM FRENTE ESQUERDO BRANCO;FAROLIM FRENTE ESQUERDO BRANCO;0;;
4965;10295;41314056;10295;4965.41314056;CATEGORIA0;;1;1;0;1;;FAROLIM FRENTE ESQUERDO BRANCO;FAROLIM FRENTE ESQUERDO BRANCO;0;;
4965;10295;41314074;10295;4965.41314074;CATEGORIA0;;1;1;0;1;;FAROLIM FRENTE ESQUERDA ÂMBARP21W;FAROLIM FRENTE ESQUERDA ÂMBARP21W;0;;
4965;10295;41314075;10295;4965.41314075;CATEGORIA0;;1;1;0;1;;FAROLIM FRENTE ESQUERDA BRANCA;FAROLIM FRENTE ESQUERDA BRANCA;0;;
4965;10295;41314085;10295;4965.41314085;CATEGORIA0;;1;1;0;1;;FAROLIM FRENTE ESQUERDO BRANCO;FAROLIM FRENTE ESQUERDO BRANCO;0;;
4965;10295;41314089;10295;4965.41314089;CATEGORIA0;;1;1;0;1;;FAROLIM FRENTE ESQUERDA ÂMBARP21W;FAROLIM FRENTE ESQUERDA ÂMBARP21W;0;;
4965;10295;41314569;10295;4965.41314569;CATEGORIA0;;1;1;0;1;;FAROLIM FRENTE ESQUERDA BRANCA PY21W;FAROLIM FRENTE ESQUERDA BRANCA PY21W;0;;
4965;10295;41314575;10295;4965.41314575;CATEGORIA0;;1;1;0;1;;FAROLIM FRENTE ESQUERDA BRANCA PY21W ->1995;FAROLIM FRENTE ESQUERDA BRANCA PY21W ->1995;0;;
4965;10295;41314580;10295;4965.41314580;CATEGORIA0;;1;1;0;1;;FAROLIM FRENTE ESQUERDA BRANCA PY21W;FAROLIM FRENTE ESQUERDA BRANCA PY21W;0;;
4965;10295;41314715;10295;4965.41314715;CATEGORIA0;;1;1;0;1;;FAROLIM FRENTE ESQUERDA BRANCA PY21W;FAROLIM FRENTE ESQUERDA BRANCA PY21W;0;;
4965;10295;41314716;10295;4965.41314716;CATEGORIA0;;1;1;0;1;;FAROLIM FRENTE ESQUERDA TRANSPARENTE PY21W;FAROLIM FRENTE ESQUERDA TRANSPARENTE PY21W;0;;
4965;10295;41315110;10295;4965.41315110;CATEGORIA0;;1;1;0;1;;FAROLIM FRENTE ESQUERDA BRANCA PY21W;FAROLIM FRENTE ESQUERDA BRANCA PY21W;0;;
4965;10295;41315132;10295;4965.41315132;CATEGORIA0;;1;1;0;1;;FAROLIM FRENTE ESQUERDA BRANCA P21W+W5W ->1999;FAROLIM FRENTE ESQUERDA BRANCA P21W+W5W ->1999;0;;
4965;10295;41315155;10295;4965.41315155;CATEGORIA0;;1;1;0;1;;FAROLIM FRENTE ESQUERDA BRANCA;FAROLIM FRENTE ESQUERDA BRANCA;0;;
4965;10295;41315505;10295;4965.41315505;CATEGORIA0;;1;1;0;1;;FAROLIM FRENTE ESQUERDA BRANCO E ÂMBAR PY21W 1998>2005;FAROLIM FRENTE ESQUERDA BRANCO E ÂMBAR PY21W 1998>2005;0;;
4965;10295;41315514;10295;4965.41315514;CATEGORIA0;;1;1;0;1;;FAROLIM PARA-CHOQ. FRENTE ESQUERDA ÂMBAR PY21W 1990->;FAROLIM PARA-CHOQ. FRENTE ESQUERDA ÂMBAR PY21W 1990->;0;;
4965;10295;41315518;10295;4965.41315518;CATEGORIA0;;1;1;0;1;;FAROLIM FRENTE ESQUERDA BRANCA PY21W;FAROLIM FRENTE ESQUERDA BRANCA PY21W;0;;
4965;10295;41315519;10295;4965.41315519;CATEGORIA0;;1;1;0;1;;FAROLIM FRENTE ESQUERDA ÂMBARP21W;FAROLIM FRENTE ESQUERDA ÂMBARP21W;0;;
4965;10295;41315526;10295;4965.41315526;CATEGORIA0;;1;1;0;1;;FAROLIM FRENTE ESQUERDA ÂMBARP21W;FAROLIM FRENTE ESQUERDA ÂMBARP21W;0;;
4965;10295;41315530;10295;4965.41315530;CATEGORIA0;;1;1;0;1;;FAROLIM PARA-CHOQ. FRENTE ESQUERDA BRANCO P21W;FAROLIM PARA-CHOQ. FRENTE ESQUERDA BRANCO P21W;0;;
4965;10295;41315562;10295;4965.41315562;CATEGORIA0;;1;1;0;1;;FAROLIM FRENTE ESQUERDA ÂMBAR;FAROLIM FRENTE ESQUERDA ÂMBAR;0;;
4965;10295;41316025;10295;4965.41316025;CATEGORIA0;;1;1;0;1;;FAROLIM FRENTE ESQUERDA BRANCA PY21W 1998->;FAROLIM FRENTE ESQUERDA BRANCA PY21W 1998->;0;;
4965;10295;41316026;10295;4965.41316026;CATEGORIA0;;1;1;0;1;;FAROLIM FRENTE ESQUERDA PRETOPY21W;FAROLIM FRENTE ESQUERDA PRETOPY21W;0;;
4965;10295;41316030;10295;4965.41316030;CATEGORIA0;;1;1;0;1;;FAROLIM FRENTE ESQUERDA BRANCA PY21W;FAROLIM FRENTE ESQUERDA BRANCA PY21W;0;;
4965;10295;41320119;10295;4965.41320119;CATEGORIA0;;1;1;0;1;;FAROLIM FRENTE DIREITA BRANCA/FUME PY21W;FAROLIM FRENTE DIREITA BRANCA/FUME PY21W;0;;
4965;10295;41320411;10295;4965.41320411;CATEGORIA0;;1;1;0;1;;FAROLIM PARA-CHOQ. FRENTE DIREITA ÂMBAR;FAROLIM PARA-CHOQ. FRENTE DIREITA ÂMBAR;0;;
4965;10295;41320422;10295;4965.41320422;CATEGORIA0;;1;1;0;1;;FAROLIM FRENTE DIREITA BRANCAPY21W;FAROLIM FRENTE DIREITA BRANCAPY21W;0;;
4965;10295;41320423;10295;4965.41320423;CATEGORIA0;;1;1;0;1;;FAROLIM FRENTE DIREITA BRANCAPY21W;FAROLIM FRENTE DIREITA BRANCAPY21W;0;;
4965;10295;41320428;10295;4965.41320428;CATEGORIA0;;1;1;0;1;;FAROLIM FRENTE DIREITA BRANCAPY21W;FAROLIM FRENTE DIREITA BRANCAPY21W;0;;
4965;10295;41320430;10295;4965.41320430;CATEGORIA0;;1;1;0;1;;FAROLIM FRENTE DIREITA BRANCAPY21W TIPO V;FAROLIM FRENTE DIREITA BRANCAPY21W TIPO V;0;;
4965;10295;41320537;10295;4965.41320537;CATEGORIA0;;1;1;0;1;;FAROLIM FRENTE DIREITA BRANCABORDE PRETA PY21W 4 PORTAS;FAROLIM FRENTE DIREITA BRANCABORDE PRETA PY21W 4 PORTAS;0;;
4965;10295;41321032;10295;4965.41321032;CATEGORIA0;;1;1;0;1;;FAROLIM PARA-CHOQ. FRENTE DIREITA ÂMBAR;FAROLIM PARA-CHOQ. FRENTE DIREITA ÂMBAR;0;;
4965;10295;41321048;10295;4965.41321048;CATEGORIA0;;1;1;0;1;;FAROLIM FRENTE DIREITA BRANCAPY21W;FAROLIM FRENTE DIREITA BRANCAPY21W;0;;
4965;10295;41321049;10295;4965.41321049;CATEGORIA0;;1;1;0;1;;FAROLIM FRENTE DIREITA BRANCAPY21W+W5W;FAROLIM FRENTE DIREITA BRANCAPY21W+W5W;0;;
4965;10295;41321051;10295;4965.41321051;CATEGORIA0;;1;1;0;1;;FAROLIM FRENTE DIREITA BRANCAPY21W;FAROLIM FRENTE DIREITA BRANCAPY21W;0;;
4965;10295;41321220;10295;4965.41321220;CATEGORIA0;;1;1;0;1;;FAROLIM FRENTE DIREITA BRANCA;FAROLIM FRENTE DIREITA BRANCA;0;;
4965;10295;41321222;10295;4965.41321222;CATEGORIA0;;1;1;0;1;;FAROLIM FRENTE DIREITA ÂMBAR;FAROLIM FRENTE DIREITA ÂMBAR;0;;
4965;10295;41321223;10295;4965.41321223;CATEGORIA0;;1;1;0;1;;FAROLIM FRENTE DIREITA BRANCAPY21W;FAROLIM FRENTE DIREITA BRANCAPY21W;0;;
4965;10295;41321236;10295;4965.41321236;CATEGORIA0;;1;1;0;1;;FAROLIM FRENTE DIREITA PY21W;FAROLIM FRENTE DIREITA PY21W;0;;
4965;10295;41321316;10295;4965.41321316;CATEGORIA0;;1;1;0;1;;FAROLIM PARA-CHOQ. FRENTE DIREITA ÂMBAR P21W;FAROLIM PARA-CHOQ. FRENTE DIREITA ÂMBAR P21W;0;;
4965;10295;41321511;10295;4965.41321511;CATEGORIA0;;1;1;0;1;;FAROLIM FRENTE DIREITA ÂMBAR;FAROLIM FRENTE DIREITA ÂMBAR;0;;
4965;10295;41321513;10295;4965.41321513;CATEGORIA0;;1;1;0;1;;FAROLIM FRENTE DIREITA ÂMBARP21W;FAROLIM FRENTE DIREITA ÂMBARP21W;0;;
4965;10295;41321516;10295;4965.41321516;CATEGORIA0;;1;1;0;1;;FAROLIM FRENTE DIREITO ÂMBARP21W;FAROLIM FRENTE DIREITO ÂMBARP21W;0;;
4965;10295;41321517;10295;4965.41321517;CATEGORIA0;;1;1;0;1;;FAROLIM FRENTE DIREITA BRANCAPY21W;FAROLIM FRENTE DIREITA BRANCAPY21W;0;;
4965;10295;41321540;10295;4965.41321540;CATEGORIA0;;1;1;0;1;;FAROLIM FRENTE DIREITA ÂMBARP21W;FAROLIM FRENTE DIREITA ÂMBARP21W;0;;
4965;10295;41321541;10295;4965.41321541;CATEGORIA0;;1;1;0;1;;FAROLIM FRENTE DIREITA ÂMBARP21W;FAROLIM FRENTE DIREITA ÂMBARP21W;0;;
4965;10295;41321545;10295;4965.41321545;CATEGORIA0;;1;1;0;1;;FAROLIM FRENTE DIREITA BRANCAPY21W;FAROLIM FRENTE DIREITA BRANCAPY21W;0;;
4965;10295;41321560;10295;4965.41321560;CATEGORIA0;;1;1;0;1;;FAROLIM FRENTE DIREITA ÂMBARP21W;FAROLIM FRENTE DIREITA ÂMBARP21W;0;;
4965;10295;41321625;10295;4965.41321625;CATEGORIA0;;1;1;0;1;;FAROLIM FRENTE DIREITA BRANCAP21W 4/5 PORTAS;FAROLIM FRENTE DIREITA BRANCAP21W 4/5 PORTAS;0;;
4965;10295;41321638;10295;4965.41321638;CATEGORIA0;;1;1;0;1;;FAROLIM FRENTE DIREITA BRANCAPY21W;FAROLIM FRENTE DIREITA BRANCAPY21W;0;;
4965;10295;41321695;10295;4965.41321695;CATEGORIA0;;1;1;0;1;;FAROLIM FRENTE DIREITA ÂMBAR;FAROLIM FRENTE DIREITA ÂMBAR;0;;
4965;10295;41321725;10295;4965.41321725;CATEGORIA0;;1;1;0;1;;FAROLIM FRENTE DIREITA FUME PY21W;FAROLIM FRENTE DIREITA FUME PY21W;0;;
4965;10295;41321726;10295;4965.41321726;CATEGORIA0;;1;1;0;1;;FAROLIM FRENTE DIREITA BRANCA;FAROLIM FRENTE DIREITA BRANCA;0;;
4965;10295;41321950;10295;4965.41321950;CATEGORIA0;;1;1;0;1;;FAROLIM FRENTE DIREITA ÂMBAR/4 PORTAS;FAROLIM FRENTE DIREITA ÂMBAR/4 PORTAS;0;;
4965;10295;41322200;10295;4965.41322200;CATEGORIA0;;1;1;0;1;;FAROLIM PARA-CHOQ. FRENTE DIREITA BRANCO PY21W+W5W;FAROLIM PARA-CHOQ. FRENTE DIREITA BRANCO PY21W+W5W;0;;
4965;10295;41322616;10295;4965.41322616;CATEGORIA0;;1;1;0;1;;FAROLIM FRENTE DIREITA BRANCAPY21W 1994->1996;FAROLIM FRENTE DIREITA BRANCAPY21W 1994->1996;0;;
4965;10295;41322618;10295;4965.41322618;CATEGORIA0;;1;1;0;1;;FAROLIM FRENTE DIREITA BRANCAPY21W;FAROLIM FRENTE DIREITA BRANCAPY21W;0;;
4965;10295;41322625;10295;4965.41322625;CATEGORIA0;;1;1;0;1;;FAROLIM FRENTE DIREITO BRANCOP21W;FAROLIM FRENTE DIREITO BRANCOP21W;0;;
4965;10295;41322627;10295;4965.41322627;CATEGORIA0;;1;1;0;1;;FAROLIM FRENTE DIREITO BRANCOPY21W;FAROLIM FRENTE DIREITO BRANCOPY21W;0;;
4965;10295;41323001;10295;4965.41323001;CATEGORIA0;;1;1;0;1;;FAROLIM FRENTE DIREITA PY21W;FAROLIM FRENTE DIREITA PY21W;0;;
4965;10295;41323010;10295;4965.41323010;CATEGORIA0;;1;1;0;1;;FAROLIM FRENTE DIREITA ÂMBAR;FAROLIM FRENTE DIREITA ÂMBAR;0;;
4965;10295;41323013;10295;4965.41323013;CATEGORIA0;;1;1;0;1;;FAROLIM FRENTE DIREITA BRANCAP21W;FAROLIM FRENTE DIREITA BRANCAP21W;0;;
4965;10295;41323027;10295;4965.41323027;CATEGORIA0;;1;1;0;1;;FAROLIM FRENTE DIREITA ÂMBARP21W;FAROLIM FRENTE DIREITA ÂMBARP21W;0;;
4965;10295;41323028;10295;4965.41323028;CATEGORIA0;;1;1;0;1;;FAROLIM FRENTE DIREITA BRANCAP21W;FAROLIM FRENTE DIREITA BRANCAP21W;0;;
4965;10295;41323035;10295;4965.41323035;CATEGORIA0;;1;1;0;1;;FAROLIM FRENTE DIREITA BRANCAP21W;FAROLIM FRENTE DIREITA BRANCAP21W;0;;
4965;10295;41323036;10295;4965.41323036;CATEGORIA0;;1;1;0;1;;FAROLIM FRENTE DIREITA BRANCA;FAROLIM FRENTE DIREITA BRANCA;0;;
4965;10295;41323037;10295;4965.41323037;CATEGORIA0;;1;1;0;1;;FAROLIM FRENTE DIREITA BRANCAPY21W;FAROLIM FRENTE DIREITA BRANCAPY21W;0;;
4965;10295;41323038;10295;4965.41323038;CATEGORIA0;;1;1;0;1;;FAROLIM FRENTE DIREITA ÂMBARP21W;FAROLIM FRENTE DIREITA ÂMBARP21W;0;;
4965;10295;41323520;10295;4965.41323520;CATEGORIA0;;1;1;0;1;;FAROLIM FRENTE DIREITA ÂMBAR;FAROLIM FRENTE DIREITA ÂMBAR;0;;
4965;10295;41323523;10295;4965.41323523;CATEGORIA0;;1;1;0;1;;FAROLIM FRENTE DIREITA BRANCA;FAROLIM FRENTE DIREITA BRANCA;0;;
4965;10295;41323527;10295;4965.41323527;CATEGORIA0;;1;1;0;1;;FAROLIM FRENTE DIREITA BRANCA;FAROLIM FRENTE DIREITA BRANCA;0;;
4965;10295;41323531;10295;4965.41323531;CATEGORIA0;;1;1;0;1;;FAROLIM FRENTE DIREITA BRANCATIPO SEI/MM;FAROLIM FRENTE DIREITA BRANCATIPO SEI/MM;0;;
4965;10295;41323540;10295;4965.41323540;CATEGORIA0;;1;1;0;1;;FAROLIM FRENTE DIREITA BRANCA;FAROLIM FRENTE DIREITA BRANCA;0;;
4965;10295;41324017;10295;4965.41324017;CATEGORIA0;;1;1;0;1;;FAROLIM FRENTE DIREITA ÂMBAR;FAROLIM FRENTE DIREITA ÂMBAR;0;;
4965;10295;41324026;10295;4965.41324026;CATEGORIA0;;1;1;0;1;;FAROLIM FRENTE DIREITA ÂMBARP21W;FAROLIM FRENTE DIREITA ÂMBARP21W;0;;
4965;10295;41324052;10295;4965.41324052;CATEGORIA0;;1;1;0;1;;FAROLIM FRENTE DIREITO BRANCO;FAROLIM FRENTE DIREITO BRANCO;0;;
4965;10295;41324056;10295;4965.41324056;CATEGORIA0;;1;1;0;1;;FAROLIM FRENTE DIREITO BRANCO;FAROLIM FRENTE DIREITO BRANCO;0;;
4965;10295;41324074;10295;4965.41324074;CATEGORIA0;;1;1;0;1;;FAROLIM FRENTE DIREITA ÂMBARP21W;FAROLIM FRENTE DIREITA ÂMBARP21W;0;;
4965;10295;41324075;10295;4965.41324075;CATEGORIA0;;1;1;0;1;;FAROLIM FRENTE DIREITA BRANCA;FAROLIM FRENTE DIREITA BRANCA;0;;
4965;10295;41324085;10295;4965.41324085;CATEGORIA0;;1;1;0;1;;FAROLIM FRENTE DIREITO BRANCO;FAROLIM FRENTE DIREITO BRANCO;0;;
4965;10295;41324089;10295;4965.41324089;CATEGORIA0;;1;1;0;1;;FAROLIM FRENTE DIREITA ÂMBARP21W;FAROLIM FRENTE DIREITA ÂMBARP21W;0;;
4965;10295;41324569;10295;4965.41324569;CATEGORIA0;;1;1;0;1;;FAROLIM FRENTE DIREITA BRANCAPY21W;FAROLIM FRENTE DIREITA BRANCAPY21W;0;;
4965;10295;41324575;10295;4965.41324575;CATEGORIA0;;1;1;0;1;;FAROLIM FRENTE DIREITA BRANCAPY21W ->1995;FAROLIM FRENTE DIREITA BRANCAPY21W ->1995;0;;
4965;10295;41324580;10295;4965.41324580;CATEGORIA0;;1;1;0;1;;FAROLIM FRENTE DIREITA BRANCAPY21W;FAROLIM FRENTE DIREITA BRANCAPY21W;0;;
4965;10295;41324715;10295;4965.41324715;CATEGORIA0;;1;1;0;1;;FAROLIM FRENTE DIREITA BRANCAPY21W;FAROLIM FRENTE DIREITA BRANCAPY21W;0;;
4965;10295;41324716;10295;4965.41324716;CATEGORIA0;;1;1;0;1;;FAROLIM FRENTE DIREITA TRANSPARENTE PY21W;FAROLIM FRENTE DIREITA TRANSPARENTE PY21W;0;;
4965;10295;41325110;10295;4965.41325110;CATEGORIA0;;1;1;0;1;;FAROLIM FRENTE DIREITA BRANCAPY21W;FAROLIM FRENTE DIREITA BRANCAPY21W;0;;
4965;10295;41325132;10295;4965.41325132;CATEGORIA0;;1;1;0;1;;FAROLIM FRENTE DIREITA BRANCAP21W+W5W ->1999;FAROLIM FRENTE DIREITA BRANCAP21W+W5W ->1999;0;;
4965;10295;41325155;10295;4965.41325155;CATEGORIA0;;1;1;0;1;;FAROLIM FRENTE DIREITA BRANCA;FAROLIM FRENTE DIREITA BRANCA;0;;
4965;10295;41325177;10295;4965.41325177;CATEGORIA0;;1;1;0;1;;FAROLIM FRENTE DIREITA ->11/2011;FAROLIM FRENTE DIREITA ->11/2011;0;;
4965;10295;41325187;10295;4965.41325187;CATEGORIA0;;1;1;0;1;;FAROLIM FRENTE DIREITO;FAROLIM FRENTE DIREITO;0;;
4965;10295;41325505;10295;4965.41325505;CATEGORIA0;;1;1;0;1;;FAROLIM FRENTE DIREITA BRANCOE ÂMBAR PY21W 1998>2005;FAROLIM FRENTE DIREITA BRANCOE ÂMBAR PY21W 1998>2005;0;;
4965;10295;41325514;10295;4965.41325514;CATEGORIA0;;1;1;0;1;;FAROLIM PARA-CHOQ. FRENTE DIREITA ÂMBAR PY21W 1990->;FAROLIM PARA-CHOQ. FRENTE DIREITA ÂMBAR PY21W 1990->;0;;
4965;10295;41325518;10295;4965.41325518;CATEGORIA0;;1;1;0;1;;FAROLIM FRENTE DIREITA BRANCAPY21W;FAROLIM FRENTE DIREITA BRANCAPY21W;0;;
4965;10295;41325519;10295;4965.41325519;CATEGORIA0;;1;1;0;1;;FAROLIM FRENTE DIREITA ÂMBARP21W;FAROLIM FRENTE DIREITA ÂMBARP21W;0;;
4965;10295;41325526;10295;4965.41325526;CATEGORIA0;;1;1;0;1;;FAROLIM FRENTE DIREITA ÂMBARP21W;FAROLIM FRENTE DIREITA ÂMBARP21W;0;;
4965;10295;41325530;10295;4965.41325530;CATEGORIA0;;1;1;0;1;;FAROLIM PARA-CHOQ. FRENTE DIREITA BRANCO P21W;FAROLIM PARA-CHOQ. FRENTE DIREITA BRANCO P21W;0;;
4965;10295;41325562;10295;4965.41325562;CATEGORIA0;;1;1;0;1;;FAROLIM FRENTE DIREITA ÂMBARH21W;FAROLIM FRENTE DIREITA ÂMBARH21W;0;;
4965;10295;41326025;10295;4965.41326025;CATEGORIA0;;1;1;0;1;;FAROLIM FRENTE DIREITA BRANCAPY21W 1998->;FAROLIM FRENTE DIREITA BRANCAPY21W 1998->;0;;
4965;10295;41326026;10295;4965.41326026;CATEGORIA0;;1;1;0;1;;FAROLIM FRENTE DIREITA PRETOPY21W;FAROLIM FRENTE DIREITA PRETOPY21W;0;;
4965;10295;41326030;10295;4965.41326030;CATEGORIA0;;1;1;0;1;;FAROLIM FRENTE DIREITA BRANCAPY21W;FAROLIM FRENTE DIREITA BRANCAPY21W;0;;
4965;10295;41331950;10295;4965.41331950;CATEGORIA0;;1;1;0;1;;FAROLIM FRENTE ESQUERDO BRANCO/4 PORTAS 1997->1999;FAROLIM FRENTE ESQUERDO BRANCO/4 PORTAS 1997->1999;0;;
4965;10295;41332616;10295;4965.41332616;CATEGORIA0;;1;1;0;1;;FAROLIM FRENTE ESQUERDA BRANCA P21W ->1994;FAROLIM FRENTE ESQUERDA BRANCA P21W ->1994;0;;
4965;10295;41334026;10295;4965.41334026;CATEGORIA0;;1;1;0;1;;FAROLIM FRENTE ESQUERDA BRANCA PY21W;FAROLIM FRENTE ESQUERDA BRANCA PY21W;0;;
4965;10295;41335526;10295;4965.41335526;CATEGORIA0;;1;1;0;1;;FAROLIM FRENTE ESQUERDA BRANCA PY21W;FAROLIM FRENTE ESQUERDA BRANCA PY21W;0;;
4965;10295;41335562;10295;4965.41335562;CATEGORIA0;;1;1;0;1;;FAROLIM PARA-CHOQ. FRENTE ESQUERDA BRANCO H21W;FAROLIM PARA-CHOQ. FRENTE ESQUERDA BRANCO H21W;0;;
4965;10295;41341950;10295;4965.41341950;CATEGORIA0;;1;1;0;1;;FAROLIM FRENTE DIREITO BRANCO/4 PORTAS 1997->1999;FAROLIM FRENTE DIREITO BRANCO/4 PORTAS 1997->1999;0;;
4965;10295;41342616;10295;4965.41342616;CATEGORIA0;;1;1;0;1;;FAROLIM FRENTE DIREITA BRANCAP21W ->1994;FAROLIM FRENTE DIREITA BRANCAP21W ->1994;0;;
4965;10295;41344026;10295;4965.41344026;CATEGORIA0;;1;1;0;1;;FAROLIM FRENTE DIREITA BRANCAPY21W;FAROLIM FRENTE DIREITA BRANCAPY21W;0;;
4965;10295;41345526;10295;4965.41345526;CATEGORIA0;;1;1;0;1;;FAROLIM FRENTE DIREITA BRANCAPY21W;FAROLIM FRENTE DIREITA BRANCAPY21W;0;;
4965;10295;41345562;10295;4965.41345562;CATEGORIA0;;1;1;0;1;;FAROLIM PARA-CHOQ. FRENTE DIREITA BRANCO H21W;FAROLIM PARA-CHOQ. FRENTE DIREITA BRANCO H21W;0;;
4965;10295;42010434;10295;4965.42010434;CATEGORIA0;;1;1;0;1;;FAROLIM EXTERIOR TRASEIROESQUERDO LED PY21W+W16W FAMILIAR;FAROLIM EXTERIOR TRASEIROESQUERDO LED PY21W+W16W FAMILIAR;0;;
4965;10295;42010443;10295;4965.42010443;CATEGORIA0;;1;1;0;1;;FAROLIM EXTERIOR TRASEIROESQUERDO LED/ÂMBAR P21W TIPOV FAMIL;FAROLIM EXTERIOR TRASEIROESQUERDO LED/ÂMBAR P21W TIPOV FAMIL;0;;
4965;10295;42010444;10295;4965.42010444;CATEGORIA0;;1;1;0;1;;FAROLIM EXTERIOR TRASEIROESQUERDO LED PY21W+W16W TIPOV;FAROLIM EXTERIOR TRASEIROESQUERDO LED PY21W+W16W TIPOV;0;;
4965;10295;42011067;10295;4965.42011067;CATEGORIA0;;1;1;0;1;;FAROLIM EXTERIOR TRASEIROESQUERDO PY21W+P21/5W TIPO A;FAROLIM EXTERIOR TRASEIROESQUERDO PY21W+P21/5W TIPO A;0;;
4965;10295;42011074;10295;4965.42011074;CATEGORIA0;;1;1;0;1;;FAROLIM TRASEIRO ESQUERDOPY21W+P21WX2+P21/5W 1 PORTA TRASEIR;FAROLIM TRASEIRO ESQUERDOPY21W+P21WX2+P21/5W 1 PORTA TRASEIR;0;;
4965;10295;42011549;10295;4965.42011549;CATEGORIA0;;1;1;0;1;;FAROLIM TRASEIRO ESQUERDOBRANCO P21W+PY21W+P21/4W+R5WX2 4/5;FAROLIM TRASEIRO ESQUERDOBRANCO P21W+PY21W+P21/4W+R5WX2 4/5;0;;
4965;10295;42011564;10295;4965.42011564;CATEGORIA0;;1;1;0;1;;FAROLIM TRASEIRO ESQUERDOLED/BRANCO P21W+PY21W+W16W+P21/5W 5;FAROLIM TRASEIRO ESQUERDOLED/BRANCO P21W+PY21W+W16W+P21/5W 5;0;;
4965;10295;42011601;10295;4965.42011601;CATEGORIA0;;1;1;0;1;;FAROLIM TRASEIRO ESQUERDOW21/5W+WY21W;FAROLIM TRASEIRO ESQUERDOW21/5W+WY21W;0;;
4965;10295;42011643;10295;4965.42011643;CATEGORIA0;;1;1;0;1;;FAROLIM TRASEIRO ESQUERDOP21W+PY21W+W16W+P21/5W 5 PORTAS;FAROLIM TRASEIRO ESQUERDOP21W+PY21W+W16W+P21/5W 5 PORTAS;0;;
4965;10295;42011667;10295;4965.42011667;CATEGORIA0;;1;1;0;1;;FAROLIM TRASEIRO ESQUERDOPY21W+W16W+P21/5W;FAROLIM TRASEIRO ESQUERDOPY21W+W16W+P21/5W;0;;
4965;10295;42011843;10295;4965.42011843;CATEGORIA0;;1;1;0;1;;FAROLIM TRASEIRO ESQUERDOBRANCO/VERMELHO P21W+PY21W+W16W+P21;FAROLIM TRASEIRO ESQUERDOBRANCO/VERMELHO P21W+PY21W+W16W+P21;0;;
4965;10295;42012049;10295;4965.42012049;CATEGORIA0;;1;1;0;1;;FAROLIM TRASEIRO ESQUERDOCROMADO PY21W+P21WX4 TIPO SCH;FAROLIM TRASEIRO ESQUERDOCROMADO PY21W+P21WX4 TIPO SCH;0;;
4965;10295;42012062;10295;4965.42012062;CATEGORIA0;;1;1;0;1;;FAROLIM TRASEIRO ESQUERDOTIPO U FUME/4 PORTAS;FAROLIM TRASEIRO ESQUERDOTIPO U FUME/4 PORTAS;0;;
4965;10295;42012063;10295;4965.42012063;CATEGORIA0;;1;1;0;1;;FAROLIM TRASEIRO ESQUERDOLED/4 PORTAS & SPORT COUPE;FAROLIM TRASEIRO ESQUERDOLED/4 PORTAS & SPORT COUPE;0;;
4965;10295;42012161;10295;4965.42012161;CATEGORIA0;;1;1;0;1;;FAROLIM TRASEIRO ESQUERDOW21W+W21/5W+WY21W 3 PORTAS TIPO ST;FAROLIM TRASEIRO ESQUERDOW21W+W21/5W+WY21W 3 PORTAS TIPO ST;0;;
4965;10295;42012616;10295;4965.42012616;CATEGORIA0;;1;1;0;1;;FAROLIM EXTERIOR TRASEIROESQUERDO ÂMBAR P21W+P21/5W TIPO V 4;FAROLIM EXTERIOR TRASEIROESQUERDO ÂMBAR P21W+P21/5W TIPO V 4;0;;
4965;10295;42013040;10295;4965.42013040;CATEGORIA0;;1;1;0;1;;FAROLIM TRASEIRO ESQUERDOR5W+P21WX4 5 PORTAS TIPO V;FAROLIM TRASEIRO ESQUERDOR5W+P21WX4 5 PORTAS TIPO V;0;;
4965;10295;42013060;10295;4965.42013060;CATEGORIA0;;1;1;0;1;;FAROLIM TRASEIRO ESQUERDOÂMBAR P21WX3+P21/5W 3/5 PORTAS;FAROLIM TRASEIRO ESQUERDOÂMBAR P21WX3+P21/5W 3/5 PORTAS;0;;
4965;10295;42013087;10295;4965.42013087;CATEGORIA0;;1;1;0;1;;FAROLIM INTERIOR TRASEIROESQUERDO/FUME ->12/2012;FAROLIM INTERIOR TRASEIROESQUERDO/FUME ->12/2012;0;;
4965;10295;42013553;10295;4965.42013553;CATEGORIA0;;1;1;0;1;;FAROLIM TRASEIRO ESQUERDOP21W+PY21W+P21/4WX3 TIPO V 4PORTAS;FAROLIM TRASEIRO ESQUERDOP21W+PY21W+P21/4WX3 TIPO V 4PORTAS;0;;
4965;10295;42013570;10295;4965.42013570;CATEGORIA0;;1;1;0;1;;FAROLIM TRASEIRO ESQUERDOP21W+PY21W+P21/5W TIPO A 3/5PORTAS;FAROLIM TRASEIRO ESQUERDOP21W+PY21W+P21/5W TIPO A 3/5PORTAS;0;;
4965;10295;42014029;10295;4965.42014029;CATEGORIA0;;1;1;0;1;;FAROLIM TRASEIRO ESQUERDOPY21W+P21/5W 2 PORTAS TRASEIRAS TIP;FAROLIM TRASEIRO ESQUERDOPY21W+P21/5W 2 PORTAS TRASEIRAS TIP;0;;
4965;10295;42014060;10295;4965.42014060;CATEGORIA0;;1;1;0;1;;FAROLIM TRASEIRO ESQUERDOBRANCO/VERMELHO P21W+PY21W+P21/5W T;FAROLIM TRASEIRO ESQUERDOBRANCO/VERMELHO P21W+PY21W+P21/5W T;0;;
4965;10295;42014069;10295;4965.42014069;CATEGORIA0;;1;1;0;1;;FAROLIM EXTERIOR TRASEIROESQUERDO PY21W+P21/5W;FAROLIM EXTERIOR TRASEIROESQUERDO PY21W+P21/5W;0;;
4965;10295;42014714;10295;4965.42014714;CATEGORIA0;;1;1;0;1;;FAROLIM EXTERIOR TRASEIROESQUERDO PY21W+W5WX3+W16W;FAROLIM EXTERIOR TRASEIROESQUERDO PY21W+W5WX3+W16W;0;;
4965;10295;42015132;10295;4965.42015132;CATEGORIA0;;1;1;0;1;;FAROLIM TRASEIRO ESQUERDO1999 -> 2003;FAROLIM TRASEIRO ESQUERDO1999 -> 2003;0;;
4965;10295;42015138;10295;4965.42015138;CATEGORIA0;;1;1;0;1;;FAROLIM TRASEIRO ESQUERDOP21W+PY21W+R5W+W16W TIPO FA/TIPO K;FAROLIM TRASEIRO ESQUERDOP21W+PY21W+R5W+W16W TIPO FA/TIPO K;0;;
4965;10295;42015571;10295;4965.42015571;CATEGORIA0;;1;1;0;1;;FAROLIM TRASEIRO ESQUERDOFUME PY21W+R5W+P21WX3;FAROLIM TRASEIRO ESQUERDOFUME PY21W+R5W+P21WX3;0;;
4965;10295;42020434;10295;4965.42020434;CATEGORIA0;;1;1;0;1;;FAROLIM EXTERIOR TRASEIRODIREITO LED PY21W+W16W FAMILIAR;FAROLIM EXTERIOR TRASEIRODIREITO LED PY21W+W16W FAMILIAR;0;;
4965;10295;42020443;10295;4965.42020443;CATEGORIA0;;1;1;0;1;;FAROLIM EXTERIOR TRASEIRODIREITO LED/ÂMBAR P21W TIPO VFAMILI;FAROLIM EXTERIOR TRASEIRODIREITO LED/ÂMBAR P21W TIPO VFAMILI;0;;
4965;10295;42020444;10295;4965.42020444;CATEGORIA0;;1;1;0;1;;FAROLIM EXTERIOR TRASEIRODIREITO LED TIPO V;FAROLIM EXTERIOR TRASEIRODIREITO LED TIPO V;0;;
4965;10295;42021067;10295;4965.42021067;CATEGORIA0;;1;1;0;1;;FAROLIM EXTERIOR TRASEIRODIREITO PY21W+P21/5W TIPO A;FAROLIM EXTERIOR TRASEIRODIREITO PY21W+P21/5W TIPO A;0;;
4965;10295;42021074;10295;4965.42021074;CATEGORIA0;;1;1;0;1;;FAROLIM TRASEIRO DIREITOPY21W+P21WX2+P21/5W 1 PORTA TRASEIRA;FAROLIM TRASEIRO DIREITOPY21W+P21WX2+P21/5W 1 PORTA TRASEIRA;0;;
4965;10295;42021549;10295;4965.42021549;CATEGORIA0;;1;1;0;1;;FAROLIM TRASEIRO DIREITOBRANCO P21W+PY21W+P21/4W+R5WX24/5 PO;FAROLIM TRASEIRO DIREITOBRANCO P21W+PY21W+P21/4W+R5WX24/5 PO;0;;
4965;10295;42021564;10295;4965.42021564;CATEGORIA0;;1;1;0;1;;FAROLIM TRASEIRO DIREITOLED/BRANCO P21W+PY21W+W16W+P21/5W 5;FAROLIM TRASEIRO DIREITOLED/BRANCO P21W+PY21W+W16W+P21/5W 5;0;;
4965;10295;42021601;10295;4965.42021601;CATEGORIA0;;1;1;0;1;;FAROLIM TRASEIRO DIREITOW21/5W+WY21W;FAROLIM TRASEIRO DIREITOW21/5W+WY21W;0;;
4965;10295;42021643;10295;4965.42021643;CATEGORIA0;;1;1;0;1;;FAROLIM TRASEIRO DIREITOP21W+PY21W+W16W+P21/5W 5 PORTAS;FAROLIM TRASEIRO DIREITOP21W+PY21W+W16W+P21/5W 5 PORTAS;0;;
4965;10295;42021667;10295;4965.42021667;CATEGORIA0;;1;1;0;1;;FAROLIM TRASEIRO DIREITOPY21W+W16W+P21/5W;FAROLIM TRASEIRO DIREITOPY21W+W16W+P21/5W;0;;
4965;10295;42021843;10295;4965.42021843;CATEGORIA0;;1;1;0;1;;FAROLIM TRASEIRO DIREITOBRANCO/VERMELHO P21W+PY21W+W16W+P21/;FAROLIM TRASEIRO DIREITOBRANCO/VERMELHO P21W+PY21W+W16W+P21/;0;;
4965;10295;42022049;10295;4965.42022049;CATEGORIA0;;1;1;0;1;;FAROLIM TRASEIRO DIREITOCROMADO PY21W+P21WX4 TIPO SCH;FAROLIM TRASEIRO DIREITOCROMADO PY21W+P21WX4 TIPO SCH;0;;
4965;10295;42022062;10295;4965.42022062;CATEGORIA0;;1;1;0;1;;FAROLIM TRASEIRO DIREITOTIPO U FUME/4 PORTAS;FAROLIM TRASEIRO DIREITOTIPO U FUME/4 PORTAS;0;;
4965;10295;42022063;10295;4965.42022063;CATEGORIA0;;1;1;0;1;;FAROLIM TRASEIRO DIREITOLED/4 PORTAS & SPORT COUPE;FAROLIM TRASEIRO DIREITOLED/4 PORTAS & SPORT COUPE;0;;
4965;10295;42022161;10295;4965.42022161;CATEGORIA0;;1;1;0;1;;FAROLIM TRASEIRO DIREITOW21W+W21/5W+WY21W 3 PORTAS TIPO ST;FAROLIM TRASEIRO DIREITOW21W+W21/5W+WY21W 3 PORTAS TIPO ST;0;;
4965;10295;42022616;10295;4965.42022616;CATEGORIA0;;1;1;0;1;;FAROLIM EXTERIOR TRASEIRODIREITO ÂMBAR P21W+P21/5W TIPO V 4;FAROLIM EXTERIOR TRASEIRODIREITO ÂMBAR P21W+P21/5W TIPO V 4;0;;
4965;10295;42023040;10295;4965.42023040;CATEGORIA0;;1;1;0;1;;FAROLIM TRASEIRO DIREITOR5W+P21WX4 5 PORTAS TIPO V;FAROLIM TRASEIRO DIREITOR5W+P21WX4 5 PORTAS TIPO V;0;;
4965;10295;42023060;10295;4965.42023060;CATEGORIA0;;1;1;0;1;;FAROLIM TRASEIRO DIREITOÂMBAR P21WX3+P21/5W 3/5 PORTAS;FAROLIM TRASEIRO DIREITOÂMBAR P21WX3+P21/5W 3/5 PORTAS;0;;
4965;10295;42023087;10295;4965.42023087;CATEGORIA0;;1;1;0;1;;FAROLIM INTERIOR TRASEIRODIREITO/FUME ->12/2012;FAROLIM INTERIOR TRASEIRODIREITO/FUME ->12/2012;0;;
4965;10295;42023553;10295;4965.42023553;CATEGORIA0;;1;1;0;1;;FAROLIM TRASEIRO DIREITOP21W+PY21W+P21/4WX3 TIPO V 4 PORTAS;FAROLIM TRASEIRO DIREITOP21W+PY21W+P21/4WX3 TIPO V 4 PORTAS;0;;
4965;10295;42023570;10295;4965.42023570;CATEGORIA0;;1;1;0;1;;FAROLIM TRASEIRO DIREITOP21W+PY21W+P21/5W TIPO A 3/5 PORTAS;FAROLIM TRASEIRO DIREITOP21W+PY21W+P21/5W TIPO A 3/5 PORTAS;0;;
4965;10295;42024029;10295;4965.42024029;CATEGORIA0;;1;1;0;1;;FAROLIM TRASEIRO DIREITOPY21W+P21/5W 2 PORTAS TRASEIRAS TIPO;FAROLIM TRASEIRO DIREITOPY21W+P21/5W 2 PORTAS TRASEIRAS TIPO;0;;
4965;10295;42024060;10295;4965.42024060;CATEGORIA0;;1;1;0;1;;FAROLIM TRASEIRO DIREITOBRANCO/VERMELHO P21W+PY21W+P21/5W TI;FAROLIM TRASEIRO DIREITOBRANCO/VERMELHO P21W+PY21W+P21/5W TI;0;;
4965;10295;42024069;10295;4965.42024069;CATEGORIA0;;1;1;0;1;;FAROLIM EXTERIOR TRASEIRODIREITO PY21W+P21/5W;FAROLIM EXTERIOR TRASEIRODIREITO PY21W+P21/5W;0;;
4965;10295;42024714;10295;4965.42024714;CATEGORIA0;;1;1;0;1;;FAROLIM EXTERIOR TRASEIRODIREITO PY21W+W5WX3+W16W;FAROLIM EXTERIOR TRASEIRODIREITO PY21W+W5WX3+W16W;0;;
4965;10295;42025132;10295;4965.42025132;CATEGORIA0;;1;1;0;1;;FAROLIM TRASEIRO DIREITO1999 -> 2003;FAROLIM TRASEIRO DIREITO1999 -> 2003;0;;
4965;10295;42025138;10295;4965.42025138;CATEGORIA0;;1;1;0;1;;FAROLIM TRASEIRO DIREITOP21W+PY21W+R5W+W16W TIPO FA/TIPO K;FAROLIM TRASEIRO DIREITOP21W+PY21W+R5W+W16W TIPO FA/TIPO K;0;;
4965;10295;42025571;10295;4965.42025571;CATEGORIA0;;1;1;0;1;;FAROLIM TRASEIRO DIREITOFUME PY21W+R5W+P21WX3;FAROLIM TRASEIRO DIREITOFUME PY21W+R5W+P21WX3;0;;
4965;10295;42110443;10295;4965.42110443;CATEGORIA0;;1;1;0;1;;FAROLIM INTERIOR TRASEIROESQUERDO LED/BRANCO H21W+W16WFAMILI;FAROLIM INTERIOR TRASEIROESQUERDO LED/BRANCO H21W+W16WFAMILI;0;;
4965;10295;42112063;10295;4965.42112063;CATEGORIA0;;1;1;0;1;;FAROLIM TRASEIRO ESQUERDOLED P21WX3 SW;FAROLIM TRASEIRO ESQUERDOLED P21WX3 SW;0;;
4965;10295;42122063;10295;4965.42122063;CATEGORIA0;;1;1;0;1;;FAROLIM TRASEIRO DIREITOLED P21WX3 SW;FAROLIM TRASEIRO DIREITOLED P21WX3 SW;0;;
4965;10295;42140430;10295;4965.42140430;CATEGORIA0;;1;1;0;1;;FAROLIM TRASEIRO ESQUERDOP21WX3+P21/5W TIPO HE 1997->1999;FAROLIM TRASEIRO ESQUERDOP21WX3+P21/5W TIPO HE 1997->1999;0;;
4965;10295;42140535;10295;4965.42140535;CATEGORIA0;;1;1;0;1;;FAROLIM EXTERIOR TRASEIROESQUERDO BRANCO P21W+PY21W+P21/4W 4;FAROLIM EXTERIOR TRASEIROESQUERDO BRANCO P21W+PY21W+P21/4W 4;0;;
4965;10295;42140537;10295;4965.42140537;CATEGORIA0;;1;1;0;1;;FAROLIM INTERIOR TRASEIROESQUERDO/BRANCO/4 PORTAS;FAROLIM INTERIOR TRASEIROESQUERDO/BRANCO/4 PORTAS;0;;
4965;10295;42140541;10295;4965.42140541;CATEGORIA0;;1;1;0;1;;FAROLIM INTERIOR TRASEIROESQUERDO BRANCO P21WX2 2 PORTAS;FAROLIM INTERIOR TRASEIROESQUERDO BRANCO P21WX2 2 PORTAS;0;;
4965;10295;42140545;10295;4965.42140545;CATEGORIA0;;1;1;0;1;;FAROLIM EXTERIOR TRASEIROESQUERDO ÂMBAR P21WX4 SW TIPOU;FAROLIM EXTERIOR TRASEIROESQUERDO ÂMBAR P21WX4 SW TIPOU;0;;
4965;10295;42141049;10295;4965.42141049;CATEGORIA0;;1;1;0;1;;FAROLIM TRASEIRO ESQUERDOFUME PY21W+P21WX2+P21/5W 2 PORTAS T;FAROLIM TRASEIRO ESQUERDOFUME PY21W+P21WX2+P21/5W 2 PORTAS T;0;;
4965;10295;42141050;10295;4965.42141050;CATEGORIA0;;1;1;0;1;;FAROLIM TRASEIRO ESQUERDOPY21W+P21WX2+P21/5W 2 PORTASTRASEIR;FAROLIM TRASEIRO ESQUERDOPY21W+P21WX2+P21/5W 2 PORTASTRASEIR;0;;
4965;10295;42141639;10295;4965.42141639;CATEGORIA0;;1;1;0;1;;FAROLIM TRASEIRO ESQUERDOP21WX3+P21/5W TIPO K 4 PORTAS;FAROLIM TRASEIRO ESQUERDOP21WX3+P21/5W TIPO K 4 PORTAS;0;;
4965;10295;42141825;10295;4965.42141825;CATEGORIA0;;1;1;0;1;;FAROLIM TRASEIRO ESQUERDOPY21W+P21WX2+P21/5W 2002->2006;FAROLIM TRASEIRO ESQUERDOPY21W+P21WX2+P21/5W 2002->2006;0;;
4965;10295;42142043;10295;4965.42142043;CATEGORIA0;;1;1;0;1;;FAROLIM EXTERIOR TRASEIROESQUERDO FUME PY21W+R5W+P21/4W;FAROLIM EXTERIOR TRASEIROESQUERDO FUME PY21W+R5W+P21/4W;0;;
4965;10295;42142062;10295;4965.42142062;CATEGORIA0;;1;1;0;1;;FAROLIM TRASEIRO ESQUERDOLED/BRANCO SW;FAROLIM TRASEIRO ESQUERDOLED/BRANCO SW;0;;
4965;10295;42142204;10295;4965.42142204;CATEGORIA0;;1;1;0;1;;FAROLIM TRASEIRO ESQUERDO BRANCO PY21W+P21WX3;FAROLIM TRASEIRO ESQUERDO BRANCO PY21W+P21WX3;0;;
4965;10295;42143037;10295;4965.42143037;CATEGORIA0;;1;1;0;1;;FAROLIM TRASEIRO ESQUERDOBRANCO PY21W+R5W+P21/4W+P21WX2 TIPO;FAROLIM TRASEIRO ESQUERDOBRANCO PY21W+R5W+P21/4W+P21WX2 TIPO;0;;
4965;10295;42143062;10295;4965.42143062;CATEGORIA0;;1;1;0;1;;FAROLIM TRASEIRO ESQUERDOPY21W+P21WX3 SW 2007->2009;FAROLIM TRASEIRO ESQUERDOPY21W+P21WX3 SW 2007->2009;0;;
4965;10295;42143087;10295;4965.42143087;CATEGORIA0;;1;1;0;1;;FAROLIM EXTERIOR TRASEIROESQUERDO FUME W5WX2+W16WX2 TIPO A;FAROLIM EXTERIOR TRASEIROESQUERDO FUME W5WX2+W16WX2 TIPO A;0;;
4965;10295;42143520;10295;4965.42143520;CATEGORIA0;;1;1;0;1;;FAROLIM TRASEIRA ESQUERDA;FAROLIM TRASEIRA ESQUERDA;0;;
4965;10295;42144029;10295;4965.42144029;CATEGORIA0;;1;1;0;1;;FAROLIM TRASEIRA NEVOEIRO ESQUERDA P21W;FAROLIM TRASEIRA NEVOEIRO ESQUERDA P21W;0;;
4965;10295;42144080;10295;4965.42144080;CATEGORIA0;;1;1;0;1;;FAROLIM TRASEIRA ESQUERDA;FAROLIM TRASEIRA ESQUERDA;0;;
4965;10295;42144090;10295;4965.42144090;CATEGORIA0;;1;1;0;1;;FAROLIM TRASEIRO ESQUERDOP21WX2+P21/5W 2 PORTAS TRASEIRAS TI;FAROLIM TRASEIRO ESQUERDOP21WX2+P21/5W 2 PORTAS TRASEIRAS TI;0;;
4965;10295;42144091;10295;4965.42144091;CATEGORIA0;;1;1;0;1;;FAROLIM TRASEIRO ESQUERDOPY21W+P21WX2+P21/5W SW TIPO HE;FAROLIM TRASEIRO ESQUERDOPY21W+P21WX2+P21/5W SW TIPO HE;0;;
4965;10295;42144093;10295;4965.42144093;CATEGORIA0;;1;1;0;1;;FAROLIM TRASEIRO ESQUERDOP21WX2+P21/5W 2 PORTAS TRASEIRAS TI;FAROLIM TRASEIRO ESQUERDOP21WX2+P21/5W 2 PORTAS TRASEIRAS TI;0;;
4965;10295;42144096;10295;4965.42144096;CATEGORIA0;;1;1;0;1;;FAROLIM TRASEIRO ESQUERDOPY21W+P21WX2+P21/5W SW TIPO HE;FAROLIM TRASEIRO ESQUERDOPY21W+P21WX2+P21/5W SW TIPO HE;0;;
4965;10295;42144701;10295;4965.42144701;CATEGORIA0;;1;1;0;1;;FAROLIM TRASEIRO ESQUERDOPY21W+P21/4W+P21WX2 SW TIPO SK 4 PO;FAROLIM TRASEIRO ESQUERDOPY21W+P21/4W+P21WX2 SW TIPO SK 4 PO;0;;
4965;10295;42145157;10295;4965.42145157;CATEGORIA0;;1;1;0;1;;FAROLIM TRASEIRO ESQUERDOPY21W+R5W+P21WX3 TIPO V;FAROLIM TRASEIRO ESQUERDOPY21W+R5W+P21WX3 TIPO V;0;;
4965;10295;42145551;10295;4965.42145551;CATEGORIA0;;1;1;0;1;;FAROLIM INTERIOR TRASEIRO ESQUERDO;FAROLIM INTERIOR TRASEIRO ESQUERDO;0;;
4965;10295;42240430;10295;4965.42240430;CATEGORIA0;;1;1;0;1;;FAROLIM TRASEIRO DIREITOP21WX3+P21/5W TIPO HE 1997->1999;FAROLIM TRASEIRO DIREITOP21WX3+P21/5W TIPO HE 1997->1999;0;;
4965;10295;42240535;10295;4965.42240535;CATEGORIA0;;1;1;0;1;;FAROLIM EXTERIOR TRASEIRODIREITO BRANCO P21W+PY21W+P21/4W 4;FAROLIM EXTERIOR TRASEIRODIREITO BRANCO P21W+PY21W+P21/4W 4;0;;
4965;10295;42240537;10295;4965.42240537;CATEGORIA0;;1;1;0;1;;FAROLIM INTERIOR TRASEIRODIREITO/BRANCO/4 PORTAS;FAROLIM INTERIOR TRASEIRODIREITO/BRANCO/4 PORTAS;0;;
4965;10295;42240541;10295;4965.42240541;CATEGORIA0;;1;1;0;1;;FAROLIM INTERIOR TRASEIRODIREITO BRANCO P21WX2 2 PORTAS;FAROLIM INTERIOR TRASEIRODIREITO BRANCO P21WX2 2 PORTAS;0;;
4965;10295;42240545;10295;4965.42240545;CATEGORIA0;;1;1;0;1;;FAROLIM EXTERIOR TRASEIRODIREITO ÂMBAR P21WX4 SW TIPOU;FAROLIM EXTERIOR TRASEIRODIREITO ÂMBAR P21WX4 SW TIPOU;0;;
4965;10295;42241049;10295;4965.42241049;CATEGORIA0;;1;1;0;1;;FAROLIM TRASEIRO DIREITOFUME PY21W+P21WX2+P21/5W 2 PORTAS TR;FAROLIM TRASEIRO DIREITOFUME PY21W+P21WX2+P21/5W 2 PORTAS TR;0;;
4965;10295;42241050;10295;4965.42241050;CATEGORIA0;;1;1;0;1;;FAROLIM TRASEIRO DIREITOPY21W+P21WX2+P21/5W 2 PORTAS TRASEIR;FAROLIM TRASEIRO DIREITOPY21W+P21WX2+P21/5W 2 PORTAS TRASEIR;0;;
4965;10295;42241639;10295;4965.42241639;CATEGORIA0;;1;1;0;1;;FAROLIM TRASEIRO DIREITOP21WX3+P21/5W TIPO K 4 PORTAS;FAROLIM TRASEIRO DIREITOP21WX3+P21/5W TIPO K 4 PORTAS;0;;
4965;10295;42241825;10295;4965.42241825;CATEGORIA0;;1;1;0;1;;FAROLIM TRASEIRO DIREITOPY21W+P21WX2+P21/5W 2002->2006;FAROLIM TRASEIRO DIREITOPY21W+P21WX2+P21/5W 2002->2006;0;;
4965;10295;42242043;10295;4965.42242043;CATEGORIA0;;1;1;0;1;;FAROLIM EXTERIOR TRASEIRODIREITO FUME PY21W+R5W+P21/4W;FAROLIM EXTERIOR TRASEIRODIREITO FUME PY21W+R5W+P21/4W;0;;
4965;10295;42242062;10295;4965.42242062;CATEGORIA0;;1;1;0;1;;FAROLIM TRASEIRO DIREITOLED/BRANCO SW;FAROLIM TRASEIRO DIREITOLED/BRANCO SW;0;;
4965;10295;42242204;10295;4965.42242204;CATEGORIA0;;1;1;0;1;;FAROLIM TRASEIRO DIREITO BRANCOPY21W+P21WX3;FAROLIM TRASEIRO DIREITO BRANCOPY21W+P21WX3;0;;
4965;10295;42243037;10295;4965.42243037;CATEGORIA0;;1;1;0;1;;FAROLIM TRASEIRO DIREITOBRANCO PY21W+R5W+P21/4W+P21WX2TIPO C;FAROLIM TRASEIRO DIREITOBRANCO PY21W+R5W+P21/4W+P21WX2TIPO C;0;;
4965;10295;42243062;10295;4965.42243062;CATEGORIA0;;1;1;0;1;;FAROLIM TRASEIRO DIREITOPY21W+P21WX3 SW 2007->2009;FAROLIM TRASEIRO DIREITOPY21W+P21WX3 SW 2007->2009;0;;
4965;10295;42243087;10295;4965.42243087;CATEGORIA0;;1;1;0;1;;FAROLIM EXTERIOR TRASEIRODIREITO FUME W5WX2+W16WX2 TIPO A;FAROLIM EXTERIOR TRASEIRODIREITO FUME W5WX2+W16WX2 TIPO A;0;;
4965;10295;42243520;10295;4965.42243520;CATEGORIA0;;1;1;0;1;;FAROLIM TRASEIRA DIREITA;FAROLIM TRASEIRA DIREITA;0;;
4965;10295;42244029;10295;4965.42244029;CATEGORIA0;;1;1;0;1;;FAROLIM TRASEIRA NEVOEIRO DIREITA;FAROLIM TRASEIRA NEVOEIRO DIREITA;0;;
4965;10295;42244080;10295;4965.42244080;CATEGORIA0;;1;1;0;1;;FAROLIM TRASEIRA DIREITA;FAROLIM TRASEIRA DIREITA;0;;
4965;10295;42244090;10295;4965.42244090;CATEGORIA0;;1;1;0;1;;FAROLIM TRASEIRO DIREITOP21WX2+P21/5W 2 PORTAS TRASEIRAS TIP;FAROLIM TRASEIRO DIREITOP21WX2+P21/5W 2 PORTAS TRASEIRAS TIP;0;;
4965;10295;42244091;10295;4965.42244091;CATEGORIA0;;1;1;0;1;;FAROLIM TRASEIRO DIREITOPY21W+P21WX2+P21/5W SW TIPO HE;FAROLIM TRASEIRO DIREITOPY21W+P21WX2+P21/5W SW TIPO HE;0;;
4965;10295;42244093;10295;4965.42244093;CATEGORIA0;;1;1;0;1;;FAROLIM TRASEIRO DIREITOP21WX2+P21/5W 2 PORTAS TRASEIRAS TIP;FAROLIM TRASEIRO DIREITOP21WX2+P21/5W 2 PORTAS TRASEIRAS TIP;0;;
4965;10295;42244096;10295;4965.42244096;CATEGORIA0;;1;1;0;1;;FAROLIM TRASEIRO DIREITOPY21W+P21WX2+P21/5W SW TIPO HE;FAROLIM TRASEIRO DIREITOPY21W+P21WX2+P21/5W SW TIPO HE;0;;
4965;10295;42244701;10295;4965.42244701;CATEGORIA0;;1;1;0;1;;FAROLIM TRASEIRO DIREITOPY21W+P21/4W+P21WX2 SW TIPO SK 4 POR;FAROLIM TRASEIRO DIREITOPY21W+P21/4W+P21WX2 SW TIPO SK 4 POR;0;;
4965;10295;42245157;10295;4965.42245157;CATEGORIA0;;1;1;0;1;;FAROLIM TRASEIRO DIREITOPY21W+R5W+P21WX3 TIPO V;FAROLIM TRASEIRO DIREITOPY21W+R5W+P21WX3 TIPO V;0;;
4965;10295;42245551;10295;4965.42245551;CATEGORIA0;;1;1;0;1;;FAROLIM INTERIOR TRASEIRO DIREITO;FAROLIM INTERIOR TRASEIRO DIREITO;0;;
4965;10295;42314719;10295;4965.42314719;CATEGORIA0;;1;1;0;1;;FAROLIM TRASEIRO ESQUERDOP21W+PY21W+W3WX2+P21/4WX2 TIPO VIST;FAROLIM TRASEIRO ESQUERDOP21W+PY21W+W3WX2+P21/4WX2 TIPO VIST;0;;
4965;10295;42324719;10295;4965.42324719;CATEGORIA0;;1;1;0;1;;FAROLIM TRASEIRO DIREITOP21W+PY21W+W3WX2+P21/4WX2 TIPOVISTE;FAROLIM TRASEIRO DIREITOP21W+PY21W+W3WX2+P21/4WX2 TIPOVISTE;0;;
4965;10295;42403538;10295;4965.42403538;CATEGORIA0;;1;1;0;1;;FAROLIM EXTERIOR TRASEIRA REVERSIVEL NEVOEIRO P21W;FAROLIM EXTERIOR TRASEIRA REVERSIVEL NEVOEIRO P21W;0;;
4965;10295;42410130;10295;4965.42410130;CATEGORIA0;;1;1;0;1;;FAROLIM EXTERIOR TRASEIROESQUERDO PY21W+P21/5W TIPO Y;FAROLIM EXTERIOR TRASEIROESQUERDO PY21W+P21/5W TIPO Y;0;;
4965;10295;42410412;10295;4965.42410412;CATEGORIA0;;1;1;0;1;;FAROLIM EXTERIOR TRASEIROESQUERDO P21W+P21/5W ->1996;FAROLIM EXTERIOR TRASEIROESQUERDO P21W+P21/5W ->1996;0;;
4965;10295;42410414;10295;4965.42410414;CATEGORIA0;;1;1;0;1;;FAROLIM EXTERIOR TRASEIROEZQUERDA PY21W+P21WX2+W16W TIPO HE;FAROLIM EXTERIOR TRASEIROEZQUERDA PY21W+P21WX2+W16W TIPO HE;0;;
4965;10295;42410423;10295;4965.42410423;CATEGORIA0;;1;1;0;1;;FAROLIM EXTERIOR TRASEIROESQUERDO P21W+P21/5W TIPO HE;FAROLIM EXTERIOR TRASEIROESQUERDO P21W+P21/5W TIPO HE;0;;
4965;10295;42410424;10295;4965.42410424;CATEGORIA0;;1;1;0;1;;FAROLIM EXTERIOR TRASEIROESQUERDO P21WX3+W16WX2;FAROLIM EXTERIOR TRASEIROESQUERDO P21WX3+W16WX2;0;;
4965;10295;42410428;10295;4965.42410428;CATEGORIA0;;1;1;0;1;;FAROLIM EXTERIOR TRASEIROESQUERDO P21WX3+P21/5W TIPO E1996->;FAROLIM EXTERIOR TRASEIROESQUERDO P21WX3+P21/5W TIPO E1996->;0;;
4965;10295;42410429;10295;4965.42410429;CATEGORIA0;;1;1;0;1;;FAROLIM TRASEIRO ESQUERDOH21W+P21W+PY21W+R10W TIPO Y 3/5 POR;FAROLIM TRASEIRO ESQUERDOH21W+P21W+PY21W+R10W TIPO Y 3/5 POR;0;;
4965;10295;42410430;10295;4965.42410430;CATEGORIA0;;1;1;0;1;;FAROLIM TRASEIRO ESQUERDOW5W+P21WX3+P21/5W 1994->1997;FAROLIM TRASEIRO ESQUERDOW5W+P21WX3+P21/5W 1994->1997;0;;
4965;10295;42410431;10295;4965.42410431;CATEGORIA0;;1;1;0;1;;FAROLIM TRASEIRO ESQUERDOP21WX3+P21/5W TIPO Y;FAROLIM TRASEIRO ESQUERDOP21WX3+P21/5W TIPO Y;0;;
4965;10295;42410432;10295;4965.42410432;CATEGORIA0;;1;1;0;1;;FAROLIM TRASEIRO ESQUERDOPY21W+R5W+P21WX2+P21/5W TIPOHE;FAROLIM TRASEIRO ESQUERDOPY21W+R5W+P21WX2+P21/5W TIPOHE;0;;
4965;10295;42410433;10295;4965.42410433;CATEGORIA0;;1;1;0;1;;FAROLIM TRASEIRO ESQUERDOP21WX4 TIPO HE;FAROLIM TRASEIRO ESQUERDOP21WX4 TIPO HE;0;;
4965;10295;42410434;10295;4965.42410434;CATEGORIA0;;1;1;0;1;;FAROLIM EXTERIOR TRASEIROESQUERDO FUME P21WX2 TIPO HE;FAROLIM EXTERIOR TRASEIROESQUERDO FUME P21WX2 TIPO HE;0;;
4965;10295;42410435;10295;4965.42410435;CATEGORIA0;;1;1;0;1;;FAROLIM TRASEIRO ESQUERDOP21W+P21WX2+P21/5W TIPO HE;FAROLIM TRASEIRO ESQUERDOP21W+P21WX2+P21/5W TIPO HE;0;;
4965;10295;42410436;10295;4965.42410436;CATEGORIA0;;1;1;0;1;;FAROLIM EXTERIOR TRASEIROESQUERDO LED PY21W+P21WX2;FAROLIM EXTERIOR TRASEIROESQUERDO LED PY21W+P21WX2;0;;
4965;10295;42410438;10295;4965.42410438;CATEGORIA0;;1;1;0;1;;FAROLIM EXTERIOR TRASEIROESQUERDO PY21W+W21WX2 TIPO A3 PORTA;FAROLIM EXTERIOR TRASEIROESQUERDO PY21W+W21WX2 TIPO A3 PORTA;0;;
4965;10295;42410439;10295;4965.42410439;CATEGORIA0;;1;1;0;1;;FAROLIM EXTERIOR TRASEIROESQUERDO LED W16W 4 PORTAS TIPO HE;FAROLIM EXTERIOR TRASEIROESQUERDO LED W16W 4 PORTAS TIPO HE;0;;
4965;10295;42410440;10295;4965.42410440;CATEGORIA0;;1;1;0;1;;FAROLIM TRASEIRO ESQUERDOP21WX2+P21/5W TIPO HE;FAROLIM TRASEIRO ESQUERDOP21WX2+P21/5W TIPO HE;0;;
4965;10295;42410443;10295;4965.42410443;CATEGORIA0;;1;1;0;1;;FAROLIM EXTERIOR TRASEIROESQUERDO PY21W+P21WX4 TIPO U->2009;FAROLIM EXTERIOR TRASEIROESQUERDO PY21W+P21WX4 TIPO U->2009;0;;
4965;10295;42410444;10295;4965.42410444;CATEGORIA0;;1;1;0;1;;FAROLIM EXTERIOR TRASEIROESQUERDO LED FAMILIAR/ALLROADPY21W;FAROLIM EXTERIOR TRASEIROESQUERDO LED FAMILIAR/ALLROADPY21W;0;;
4965;10295;42410454;10295;4965.42410454;CATEGORIA0;;1;1;0;1;;FAROLIM EXTERIOR TRASEIROESQUERDO 4 PORTAS;FAROLIM EXTERIOR TRASEIROESQUERDO 4 PORTAS;0;;
4965;10295;42410455;10295;4965.42410455;CATEGORIA0;;1;1;0;1;;FAROLIM EXTERIOR TRASEIROESQUERDO PY21W+P21WX2 TIPO A;FAROLIM EXTERIOR TRASEIROESQUERDO PY21W+P21WX2 TIPO A;0;;
4965;10295;42410468;10295;4965.42410468;CATEGORIA0;;1;1;0;1;;FAROLIM TRASERO ESQUERDAW16WX4 TIPO V;FAROLIM TRASERO ESQUERDAW16WX4 TIPO V;0;;
4965;10295;42410526;10295;4965.42410526;CATEGORIA0;;1;1;0;1;;FAROLIM TRASEIRO ESQUERDOBRANCO PY21W+R5W+P21WX3;FAROLIM TRASEIRO ESQUERDOBRANCO PY21W+R5W+P21WX3;0;;
4965;10295;42410533;10295;4965.42410533;CATEGORIA0;;1;1;0;1;;FAROLIM TRASEIRO ESQUERDOÂMBAR P21WX4+R10WX2 ->08/2000;FAROLIM TRASEIRO ESQUERDOÂMBAR P21WX4+R10WX2 ->08/2000;0;;
4965;10295;42410534;10295;4965.42410534;CATEGORIA0;;1;1;0;1;;FAROLIM TRASEIRO ESQUERDOLED BRANCO PY21W+P21WX3;FAROLIM TRASEIRO ESQUERDOLED BRANCO PY21W+P21WX3;0;;
4965;10295;42410537;10295;4965.42410537;CATEGORIA0;;1;1;0;1;;FAROLIM EXTERIOR TRASEIROESQUERDO BRANCO P21W+PY21W+P21/5WX2;FAROLIM EXTERIOR TRASEIROESQUERDO BRANCO P21W+PY21W+P21/5WX2;0;;
4965;10295;42410540;10295;4965.42410540;CATEGORIA0;;1;1;0;1;;FAROLIM TRASEIRO ESQUERDOPY21W+P21WX3+W16W TIPO HE;FAROLIM TRASEIRO ESQUERDOPY21W+P21WX3+W16W TIPO HE;0;;
4965;10295;42410541;10295;4965.42410541;CATEGORIA0;;1;1;0;1;;FAROLIM TRASEIRO ESQUERDO LED/EXTERIOR/ÂMBAR 2 PORTAS;FAROLIM TRASEIRO ESQUERDO LED/EXTERIOR/ÂMBAR 2 PORTAS;0;;
4965;10295;42410542;10295;4965.42410542;CATEGORIA0;;1;1;0;1;;FAROLIM TRASEIRO ESQUERDOLED P21WX3+W16W;FAROLIM TRASEIRO ESQUERDOLED P21WX3+W16W;0;;
4965;10295;42410545;10295;4965.42410545;CATEGORIA0;;1;1;0;1;;FAROLIM EXTERIOR TRASEIROESQUERDO P21WX4 TIPO Y 4 PORTAS;FAROLIM EXTERIOR TRASEIROESQUERDO P21WX4 TIPO Y 4 PORTAS;0;;
4965;10295;42410546;10295;4965.42410546;CATEGORIA0;;1;1;0;1;;FAROLIM EXTERIOR TRASEIROESQUERDO LED P21W 4 PORTAS;FAROLIM EXTERIOR TRASEIROESQUERDO LED P21W 4 PORTAS;0;;
4965;10295;42410548;10295;4965.42410548;CATEGORIA0;;1;1;0;1;;FAROLIM EXTERIOR TRASEIROESQUERDO LED P21WX2 SW;FAROLIM EXTERIOR TRASEIROESQUERDO LED P21WX2 SW;0;;
4965;10295;42410550;10295;4965.42410550;CATEGORIA0;;1;1;0;1;;FAROLIM EXTERIOR TRASEIROESQUERDO BRANCO P21W+PY21W+P21/5W T;FAROLIM EXTERIOR TRASEIROESQUERDO BRANCO P21W+PY21W+P21/5W T;0;;
4965;10295;42410551;10295;4965.42410551;CATEGORIA0;;1;1;0;1;;FAROLIM EXTERIOR TRASEIROESQUERDO BRANCO PY21W+P21WX2TIPO U;FAROLIM EXTERIOR TRASEIROESQUERDO BRANCO PY21W+P21WX2TIPO U;0;;
4965;10295;42410552;10295;4965.42410552;CATEGORIA0;;1;1;0;1;;FAROLIM EXTERIOR TRASEIROESQUERDO LED P21WX2+W16WX2 TIPO A;FAROLIM EXTERIOR TRASEIROESQUERDO LED P21WX2+W16WX2 TIPO A;0;;
4965;10295;42410554;10295;4965.42410554;CATEGORIA0;;1;1;0;1;;FAROLIM EXTERIOR TRASEIROESQUERDO LED/ÂMBAR P21WX2+W16W TIPO;FAROLIM EXTERIOR TRASEIROESQUERDO LED/ÂMBAR P21WX2+W16W TIPO;0;;
4965;10295;42410559;10295;4965.42410559;CATEGORIA0;;1;1;0;1;;FAROLIM TRASEIRO ESQUERDO LED  P21WX3 T. OL;FAROLIM TRASEIRO ESQUERDO LED  P21WX3 T. OL;0;;
4965;10295;42410560;10295;4965.42410560;CATEGORIA0;;1;1;0;1;;FAROLIM EXTERIOR TRASEIROESQUERDO LED W16W;FAROLIM EXTERIOR TRASEIROESQUERDO LED W16W;0;;
4965;10295;42410561;10295;4965.42410561;CATEGORIA0;;1;1;0;1;;FAROLIM TRASEIRO ESQUERDOBRANCO PY21W+P21WX3 TIPO V;FAROLIM TRASEIRO ESQUERDOBRANCO PY21W+P21WX3 TIPO V;0;;
4965;10295;42410562;10295;4965.42410562;CATEGORIA0;;1;1;0;1;;FAROLIM TRASEIRO ESQUERDOLED PY21W+P21WX2+W16W 3/5 PORTAS;FAROLIM TRASEIRO ESQUERDOLED PY21W+P21WX2+W16W 3/5 PORTAS;0;;
4965;10295;42410564;10295;4965.42410564;CATEGORIA0;;1;1;0;1;;FAROLIM EXTERIOR TRASEIROESQUERDO LED P21WX3 TIPO OL;FAROLIM EXTERIOR TRASEIROESQUERDO LED P21WX3 TIPO OL;0;;
4965;10295;42410566;10295;4965.42410566;CATEGORIA0;;1;1;0;1;;FAROLIM EXTERIOR TRASEIROESQUERDO PY21W+P21WX3 TIPO V;FAROLIM EXTERIOR TRASEIROESQUERDO PY21W+P21WX3 TIPO V;0;;
4965;10295;42410603;10295;4965.42410603;CATEGORIA0;;1;1;0;1;;FAROLIM EXTERIOR TRASEIROESQUERDO BRANCO W21W+W21/5W+WY21W;FAROLIM EXTERIOR TRASEIROESQUERDO BRANCO W21W+W21/5W+WY21W;0;;
4965;10295;42411032;10295;4965.42411032;CATEGORIA0;;1;1;0;1;;FAROLIM TRASEIRO ESQUERDOTIPO Y;FAROLIM TRASEIRO ESQUERDOTIPO Y;0;;
4965;10295;42411037;10295;4965.42411037;CATEGORIA0;;1;1;0;1;;FAROLIM TRASEIRO ESQUERDOPY21W+P21/4W+P21WX2 TIPO V;FAROLIM TRASEIRO ESQUERDOPY21W+P21/4W+P21WX2 TIPO V;0;;
4965;10295;42411038;10295;4965.42411038;CATEGORIA0;;1;1;0;1;;FAROLIM TRASEIRO ESQUERDOP21W+PY21W+P21/5W TIPO V;FAROLIM TRASEIRO ESQUERDOP21W+PY21W+P21/5W TIPO V;0;;
4965;10295;42411039;10295;4965.42411039;CATEGORIA0;;1;1;0;1;;FAROLIM TRASEIRO ESQUERDOH21W+P21W+P21/5W 4 PORTAS;FAROLIM TRASEIRO ESQUERDOH21W+P21W+P21/5W 4 PORTAS;0;;
4965;10295;42411041;10295;4965.42411041;CATEGORIA0;;1;1;0;1;;FAROLIM TRASEIRO ESQUERDOTIPO V 1992->;FAROLIM TRASEIRO ESQUERDOTIPO V 1992->;0;;
4965;10295;42411048;10295;4965.42411048;CATEGORIA0;;1;1;0;1;;FAROLIM TRASEIRO ESQUERDOFUME PY21W+P21WX2+P21/5W;FAROLIM TRASEIRO ESQUERDOFUME PY21W+P21WX2+P21/5W;0;;
4965;10295;42411049;10295;4965.42411049;CATEGORIA0;;1;1;0;1;;FAROLIM TRASEIRO ESQUERDOFUME PY21W+P21WX2+P21/5W 1 PORTA TR;FAROLIM TRASEIRO ESQUERDOFUME PY21W+P21WX2+P21/5W 1 PORTA TR;0;;
4965;10295;42411050;10295;4965.42411050;CATEGORIA0;;1;1;0;1;;FAROLIM TRASEIRO ESQUERDOPY21W+P21WX2+P21/5W 1 PORTA TRASEIR;FAROLIM TRASEIRO ESQUERDOPY21W+P21WX2+P21/5W 1 PORTA TRASEIR;0;;
4965;10295;42411051;10295;4965.42411051;CATEGORIA0;;1;1;0;1;;FAROLIM TRASEIRO ESQUERDOP21WX3+P21/5W TIPO V;FAROLIM TRASEIRO ESQUERDOP21WX3+P21/5W TIPO V;0;;
4965;10295;42411053;10295;4965.42411053;CATEGORIA0;;1;1;0;1;;FAROLIM TRASEIRO ESQUERDOFUME PY21W+P21WX2+P21/5W;FAROLIM TRASEIRO ESQUERDOFUME PY21W+P21WX2+P21/5W;0;;
4965;10295;42411054;10295;4965.42411054;CATEGORIA0;;1;1;0;1;;FAROLIM TRASEIRO ESQUERDOPY21W+P21WX2+P21/5W TIPO V;FAROLIM TRASEIRO ESQUERDOPY21W+P21WX2+P21/5W TIPO V;0;;
4965;10295;42411055;10295;4965.42411055;CATEGORIA0;;1;1;0;1;;FAROLIM TRASEIRO ESQUERDOPY21W+P21WX2+P21/5WX2 TIPO AX/TIPO;FAROLIM TRASEIRO ESQUERDOPY21W+P21WX2+P21/5WX2 TIPO AX/TIPO;0;;
4965;10295;42411056;10295;4965.42411056;CATEGORIA0;;1;1;0;1;;FAROLIM TRASEIRO ESQUERDOPY21W+P21WX2+P21/5W TIPO V;FAROLIM TRASEIRO ESQUERDOPY21W+P21WX2+P21/5W TIPO V;0;;
4965;10295;42411057;10295;4965.42411057;CATEGORIA0;;1;1;0;1;;FAROLIM TRASEIRO ESQUERDOPY21W+P21WX2+P21/5WX2 TIPO AX/TIPO;FAROLIM TRASEIRO ESQUERDOPY21W+P21WX2+P21/5WX2 TIPO AX/TIPO;0;;
4965;10295;42411058;10295;4965.42411058;CATEGORIA0;;1;1;0;1;;FAROLIM TRASEIRO ESQUERDOPY21W+P21WX2+P21/5W TIPO V;FAROLIM TRASEIRO ESQUERDOPY21W+P21WX2+P21/5W TIPO V;0;;
4965;10295;42411060;10295;4965.42411060;CATEGORIA0;;1;1;0;1;;FAROLIM TRASEIRO ESQUERDOPY21W+P21WX2+P21/5W TIPO Y;FAROLIM TRASEIRO ESQUERDOPY21W+P21WX2+P21/5W TIPO Y;0;;
4965;10295;42411061;10295;4965.42411061;CATEGORIA0;;1;1;0;1;;FAROLIM TRASEIRO ESQUERDOPY21W+W5W+P21/5W 5 PORTAS TIPO VIST;FAROLIM TRASEIRO ESQUERDOPY21W+W5W+P21/5W 5 PORTAS TIPO VIST;0;;
4965;10295;42411063;10295;4965.42411063;CATEGORIA0;;1;1;0;1;;FAROLIM TRASEIRO ESQUERDOPY21W+P21WX2+P21/5W TIPO VISTE;FAROLIM TRASEIRO ESQUERDOPY21W+P21WX2+P21/5W TIPO VISTE;0;;
4965;10295;42411065;10295;4965.42411065;CATEGORIA0;;1;1;0;1;;FAROLIM TRASEIRO ESQUERDOP21WX2+P21/5W;FAROLIM TRASEIRO ESQUERDOP21WX2+P21/5W;0;;
4965;10295;42411066;10295;4965.42411066;CATEGORIA0;;1;1;0;1;;FAROLIM EXTERIOR TRASEIROESQUERDO P21+5W+P21+4W+P21W+PY21W;FAROLIM EXTERIOR TRASEIROESQUERDO P21+5W+P21+4W+P21W+PY21W;0;;
4965;10295;42411068;10295;4965.42411068;CATEGORIA0;;1;1;0;1;;FAROLIM TRASEIRO ESQUERDOPY21W+P21WX2+P21/5W 5 PORTAS;FAROLIM TRASEIRO ESQUERDOPY21W+P21WX2+P21/5W 5 PORTAS;0;;
4965;10295;42411070;10295;4965.42411070;CATEGORIA0;;1;1;0;1;;FAROLIM TRASEIRO ESQUERDOPY21W+P21WX2+P21/5W TIPO AX;FAROLIM TRASEIRO ESQUERDOPY21W+P21WX2+P21/5W TIPO AX;0;;
4965;10295;42411071;10295;4965.42411071;CATEGORIA0;;1;1;0;1;;FAROLIM EXTERIOR TRASEIROESQUERDO PR21W+PY21W+P21/5W;FAROLIM EXTERIOR TRASEIROESQUERDO PR21W+PY21W+P21/5W;0;;
4965;10295;42411073;10295;4965.42411073;CATEGORIA0;;1;1;0;1;;FAROLIM EXTERIOR TRASEIROESQUERDO TIPO VISTE;FAROLIM EXTERIOR TRASEIROESQUERDO TIPO VISTE;0;;
4965;10295;42411074;10295;4965.42411074;CATEGORIA0;;1;1;0;1;;FAROLIM TRASEIRO ESQUERDOPY21W+P21WX2+P21/5W 2 PORTASTRASEIR;FAROLIM TRASEIRO ESQUERDOPY21W+P21WX2+P21/5W 2 PORTASTRASEIR;0;;
4965;10295;42411075;10295;4965.42411075;CATEGORIA0;;1;1;0;1;;FAROLIM EXTERIOR TRASEIROESQUERDO LED WY21W;FAROLIM EXTERIOR TRASEIROESQUERDO LED WY21W;0;;
4965;10295;42411077;10295;4965.42411077;CATEGORIA0;;1;1;0;1;;FAROLIM TRASEIRO ESQUERDOBRANCO, 2 PORTAS TRASEIRAS, TIPO FA;FAROLIM TRASEIRO ESQUERDOBRANCO, 2 PORTAS TRASEIRAS, TIPO FA;0;;
4965;10295;42411082;10295;4965.42411082;CATEGORIA0;;1;1;0;1;;FAROLIM EXTERIOR TRASEIROESQUERDO PY21W+W16W+P21/5W TIPO HE;FAROLIM EXTERIOR TRASEIROESQUERDO PY21W+W16W+P21/5W TIPO HE;0;;
4965;10295;42411084;10295;4965.42411084;CATEGORIA0;;1;1;0;1;;FAROLIM EXTERIOR TRASEIROESQUERDO TIPO A;FAROLIM EXTERIOR TRASEIROESQUERDO TIPO A;0;;
4965;10295;42411094;10295;4965.42411094;CATEGORIA0;;1;1;0;1;;FAROLIM TRASEIRO ESQUERDOPY21W+P21WX2+P21/5W 1 PORTA TRASEIR;FAROLIM TRASEIRO ESQUERDOPY21W+P21WX2+P21/5W 1 PORTA TRASEIR;0;;
4965;10295;42411135;10295;4965.42411135;CATEGORIA0;;1;1;0;1;;FAROLIM EXTERIOR TRASEIROESQUERDO P27/7WX2+PY27W+W16WTIPO HE;FAROLIM EXTERIOR TRASEIROESQUERDO P27/7WX2+PY27W+W16WTIPO HE;0;;
4965;10295;42411214;10295;4965.42411214;CATEGORIA0;;1;1;0;1;;FAROLIM TRASEIRO ESQUERDO;FAROLIM TRASEIRO ESQUERDO;0;;
4965;10295;42411222;10295;4965.42411222;CATEGORIA0;;1;1;0;1;;FAROLIM TRASEIRO ESQUERDOÂMBAR/VERMELHO;FAROLIM TRASEIRO ESQUERDOÂMBAR/VERMELHO;0;;
4965;10295;42411223;10295;4965.42411223;CATEGORIA0;;1;1;0;1;;FAROLIM TRASEIRO ESQUERDOP21WX2+P21/5W 1998->;FAROLIM TRASEIRO ESQUERDOP21WX2+P21/5W 1998->;0;;
4965;10295;42411228;10295;4965.42411228;CATEGORIA0;;1;1;0;1;;FAROLIM TRASEIRO ESQUERDOPY21W+R10W+P21WX2 TIPO A/QUADRO BRA;FAROLIM TRASEIRO ESQUERDOPY21W+R10W+P21WX2 TIPO A/QUADRO BRA;0;;
4965;10295;42411234;10295;4965.42411234;CATEGORIA0;;1;1;0;1;;FAROLIM TRASEIRO ESQUERDOP21W+R5W+P21/5W TIPO A;FAROLIM TRASEIRO ESQUERDOP21W+R5W+P21/5W TIPO A;0;;
4965;10295;42411236;10295;4965.42411236;CATEGORIA0;;1;1;0;1;;FAROLIM TRASEIRO ESQUERDOLED P21W+PY21W;FAROLIM TRASEIRO ESQUERDOLED P21W+PY21W;0;;
4965;10295;42411248;10295;4965.42411248;CATEGORIA0;;1;1;0;1;;FAROLIM TRASEIRO ESQUERDOBRANCO PY21W+P21/5WX2 TIPO A;FAROLIM TRASEIRO ESQUERDOBRANCO PY21W+P21/5WX2 TIPO A;0;;
4965;10295;42411249;10295;4965.42411249;CATEGORIA0;;1;1;0;1;;FAROLIM TRASEIRO ESQUERDOP21W+PY21W+P21/5W TIPO A;FAROLIM TRASEIRO ESQUERDOP21W+PY21W+P21/5W TIPO A;0;;
4965;10295;42411251;10295;4965.42411251;CATEGORIA0;;1;1;0;1;;FAROLIM TRASEIRO ESQUERDOTIPO A/MAK;FAROLIM TRASEIRO ESQUERDOTIPO A/MAK;0;;
4965;10295;42411253;10295;4965.42411253;CATEGORIA0;;1;1;0;1;;FAROLIM TRASEIRO ESQUERDOP21W+PY21W+P21/4WX2+W16W TIPOA 2 PO;FAROLIM TRASEIRO ESQUERDOP21W+PY21W+P21/4WX2+W16W TIPOA 2 PO;0;;
4965;10295;42411255;10295;4965.42411255;CATEGORIA0;;1;1;0;1;;FAROLIM TRASEIRO ESQUERDOPY21W+P21WX2+P21/5W;FAROLIM TRASEIRO ESQUERDOPY21W+P21WX2+P21/5W;0;;
4965;10295;42411262;10295;4965.42411262;CATEGORIA0;;1;1;0;1;;FAROLIM TRASEIRO ESQUERDOR10W+P21/5WX2 TIPO A;FAROLIM TRASEIRO ESQUERDOR10W+P21/5WX2 TIPO A;0;;
4965;10295;42411282;10295;4965.42411282;CATEGORIA0;;1;1;0;1;;FAROLIM TRASEIRO ESQUERDOTIPO EL;FAROLIM TRASEIRO ESQUERDOTIPO EL;0;;
4965;10295;42411290;10295;4965.42411290;CATEGORIA0;;1;1;0;1;;FAROLIM TRASEIRO ESQUERDOÂMBAR TIPO GUARDA LAMA;FAROLIM TRASEIRO ESQUERDOÂMBAR TIPO GUARDA LAMA;0;;
4965;10295;42411291;10295;4965.42411291;CATEGORIA0;;1;1;0;1;;FAROLIM TRASEIRO ESQUERDOMCV P21W+PY21W+P21/5W TIPO EL;FAROLIM TRASEIRO ESQUERDOMCV P21W+PY21W+P21/5W TIPO EL;0;;
4965;10295;42411292;10295;4965.42411292;CATEGORIA0;;1;1;0;1;;FAROLIM TRASEIRO ESQUERDOTIPO EL;FAROLIM TRASEIRO ESQUERDOTIPO EL;0;;
4965;10295;42411293;10295;4965.42411293;CATEGORIA0;;1;1;0;1;;FAROLIM TRASEIRO ESQUERDOBRANCO P21W+PY21W+P21/5W;FAROLIM TRASEIRO ESQUERDOBRANCO P21W+PY21W+P21/5W;0;;
4965;10295;42411294;10295;4965.42411294;CATEGORIA0;;1;1;0;1;;FAROLIM EXTERIOR TRASEIROESQUERDO SANDERO PY21W+P21WX2+P21/5;FAROLIM EXTERIOR TRASEIROESQUERDO SANDERO PY21W+P21WX2+P21/5;0;;
4965;10295;42411295;10295;4965.42411295;CATEGORIA0;;1;1;0;1;;FAROLIM TRASEIRO ESQUERDOP21W+PY21W+P21/5W;FAROLIM TRASEIRO ESQUERDOP21W+PY21W+P21/5W;0;;
4965;10295;42411296;10295;4965.42411296;CATEGORIA0;;1;1;0;1;;FAROLIM TRASEIRO ESQUERDOP21+5W+PY21W*3;FAROLIM TRASEIRO ESQUERDOP21+5W+PY21W*3;0;;
4965;10295;42411297;10295;4965.42411297;CATEGORIA0;;1;1;0;1;;FAROLIM TRASEIRO ESQUERDOPY21W+P21WX2+P21/5W TIPO V;FAROLIM TRASEIRO ESQUERDOPY21W+P21WX2+P21/5W TIPO V;0;;
4965;10295;42411307;10295;4965.42411307;CATEGORIA0;;1;1;0;1;;FAROLIM TRASEIRO ESQUERDOPY21W+P21WX2+P21/5WX2 TIPO DW4 PORT;FAROLIM TRASEIRO ESQUERDOPY21W+P21WX2+P21/5WX2 TIPO DW4 PORT;0;;
4965;10295;42411309;10295;4965.42411309;CATEGORIA0;;1;1;0;1;;FAROLIM TRASEIRO ESQUERDO4 PORTAS;FAROLIM TRASEIRO ESQUERDO4 PORTAS;0;;
4965;10295;42411325;10295;4965.42411325;CATEGORIA0;;1;1;0;1;;FAROLIM TRASEIRO ESQUERDOW5W+P21WX2+P21/5W TIPO SAM;FAROLIM TRASEIRO ESQUERDOW5W+P21WX2+P21/5W TIPO SAM;0;;
4965;10295;42411440;10295;4965.42411440;CATEGORIA0;;1;1;0;1;;FAROLIM EXTERIOR TRASEIROESQUERDO 5 PORTAS;FAROLIM EXTERIOR TRASEIROESQUERDO 5 PORTAS;0;;
4965;10295;42411445;10295;4965.42411445;CATEGORIA0;;1;1;0;1;;REFLECTOR TRASEIRO ESQUERDO PY21W+P21/5W TIPO DA;REFLECTOR TRASEIRO ESQUERDO PY21W+P21/5W TIPO DA;0;;
4965;10295;42411447;10295;4965.42411447;CATEGORIA0;;1;1;0;1;;FAROLIM TRASEIRO ESQUERDOP21W+PY21W+P21/5W TIPO G 2013->;FAROLIM TRASEIRO ESQUERDOP21W+PY21W+P21/5W TIPO G 2013->;0;;
4965;10295;42411451;10295;4965.42411451;CATEGORIA0;;1;1;0;1;;FAROLIM TRASEIRO ESQUERDOPY21W+P21WX3+P21/5W TIPO DA/CON COB;FAROLIM TRASEIRO ESQUERDOPY21W+P21WX3+P21/5W TIPO DA/CON COB;0;;
4965;10295;42411452;10295;4965.42411452;CATEGORIA0;;1;1;0;1;;FAROLIM TRASEIRO ESQUERDOP21W+PY21W+P21/5W TIPO S;FAROLIM TRASEIRO ESQUERDOP21W+PY21W+P21/5W TIPO S;0;;
4965;10295;42411453;10295;4965.42411453;CATEGORIA0;;1;1;0;1;;FAROLIM TRASEIRO ESQUERDOW16W+P21/5W+WY21W 4 PORTAS;FAROLIM TRASEIRO ESQUERDOW16W+P21/5W+WY21W 4 PORTAS;0;;
4965;10295;42411454;10295;4965.42411454;CATEGORIA0;;1;1;0;1;;FAROLIM EXTERIOR TRASEIROESQUERDO/CROMADO TIPO SAM 5 PORTAS;FAROLIM EXTERIOR TRASEIROESQUERDO/CROMADO TIPO SAM 5 PORTAS;0;;
4965;10295;42411503;10295;4965.42411503;CATEGORIA0;;1;1;0;1;;FAROLIM EXTERIOR TRASEIROESQUERDO PY21W+W16W+P21/5W TIPO VIS;FAROLIM EXTERIOR TRASEIROESQUERDO PY21W+W16W+P21/5W TIPO VIS;0;;
4965;10295;42411504;10295;4965.42411504;CATEGORIA0;;1;1;0;1;;FAROLIM TRASEIRO ESQUERDOPY21W+W16W+P21/5W 5 PORTAS;FAROLIM TRASEIRO ESQUERDOPY21W+W16W+P21/5W 5 PORTAS;0;;
4965;10295;42411505;10295;4965.42411505;CATEGORIA0;;1;1;0;1;;FAROLIM TRASEIRO ESQUERDOR5W+P21WX3;FAROLIM TRASEIRO ESQUERDOR5W+P21WX3;0;;
4965;10295;42411507;10295;4965.42411507;CATEGORIA0;;1;1;0;1;;FAROLIM TRASEIRO ESQUERDOP21W+PY21W+P21/5W 3 PORTAS;FAROLIM TRASEIRO ESQUERDOP21W+PY21W+P21/5W 3 PORTAS;0;;
4965;10295;42411508;10295;4965.42411508;CATEGORIA0;;1;1;0;1;;FAROLIM TRASEIRO ESQUERDOP21W+PY21W+W16W+P21/5W 3 PORTAS;FAROLIM TRASEIRO ESQUERDOP21W+PY21W+W16W+P21/5W 3 PORTAS;0;;
4965;10295;42411509;10295;4965.42411509;CATEGORIA0;;1;1;0;1;;FAROLIM TRASEIRO ESQUERDOP21W+PY21W+P21/5W;FAROLIM TRASEIRO ESQUERDOP21W+PY21W+P21/5W;0;;
4965;10295;42411511;10295;4965.42411511;CATEGORIA0;;1;1;0;1;;FAROLIM TRASEIRO ESQUERDO;FAROLIM TRASEIRO ESQUERDO;0;;
4965;10295;42411521;10295;4965.42411521;CATEGORIA0;;1;1;0;1;;FAROLIM TRASEIRO ESQUERDOBRANCO TIPO V;FAROLIM TRASEIRO ESQUERDOBRANCO TIPO V;0;;
4965;10295;42411523;10295;4965.42411523;CATEGORIA0;;1;1;0;1;;FAROLIM TRASEIRO ESQUERDO;FAROLIM TRASEIRO ESQUERDO;0;;
4965;10295;42411524;10295;4965.42411524;CATEGORIA0;;1;1;0;1;;FAROLIM EXTERIOR TRASEIROESQUERDO W16W+W21W+W21/5W+WY21W TIP;FAROLIM EXTERIOR TRASEIROESQUERDO W16W+W21W+W21/5W+WY21W TIP;0;;
4965;10295;42411526;10295;4965.42411526;CATEGORIA0;;1;1;0;1;;FAROLIM TRASEIRO NEVOEIRO ESQUERDO P21W TIPO V;FAROLIM TRASEIRO NEVOEIRO ESQUERDO P21W TIPO V;0;;
4965;10295;42411538;10295;4965.42411538;CATEGORIA0;;1;1;0;1;;FAROLIM EXTERIOR TRASEIROESQUERDO TIPO AT;FAROLIM EXTERIOR TRASEIROESQUERDO TIPO AT;0;;
4965;10295;42411541;10295;4965.42411541;CATEGORIA0;;1;1;0;1;;FAROLIM TRASEIRO ESQUERDOP21WX3+P21/5W;FAROLIM TRASEIRO ESQUERDOP21WX3+P21/5W;0;;
4965;10295;42411544;10295;4965.42411544;CATEGORIA0;;1;1;0;1;;FAROLIM TRASEIRO ESQUERDOÂMBAR;FAROLIM TRASEIRO ESQUERDOÂMBAR;0;;
4965;10295;42411547;10295;4965.42411547;CATEGORIA0;;1;1;0;1;;FAROLIM TRASEIRO ESQUERDOBRANCO;FAROLIM TRASEIRO ESQUERDOBRANCO;0;;
4965;10295;42411548;10295;4965.42411548;CATEGORIA0;;1;1;0;1;;FAROLIM TRASEIRO ESQUERDOÂMBAR H21W+P21/4W+P21WX2+R5WX2 3 PO;FAROLIM TRASEIRO ESQUERDOÂMBAR H21W+P21/4W+P21WX2+R5WX2 3 PO;0;;
4965;10295;42411549;10295;4965.42411549;CATEGORIA0;;1;1;0;1;;FAROLIM TRAS. ESQ. BRANCOH21W+PY21W+P21/4W+R5WX2 TIPOVISTE 4;FAROLIM TRAS. ESQ. BRANCOH21W+PY21W+P21/4W+R5WX2 TIPOVISTE 4;0;;
4965;10295;42411550;10295;4965.42411550;CATEGORIA0;;1;1;0;1;;FAROLIM TRASEIRO ESQUERDO R5W+P21WX3;FAROLIM TRASEIRO ESQUERDO R5W+P21WX3;0;;
4965;10295;42411553;10295;4965.42411553;CATEGORIA0;;1;1;0;1;;FAROLIM TRASEIRO ESQUERDOBRANCO P21W+PY21W+P21/5WX2;FAROLIM TRASEIRO ESQUERDOBRANCO P21W+PY21W+P21/5WX2;0;;
4965;10295;42411554;10295;4965.42411554;CATEGORIA0;;1;1;0;1;;FAROLIM EXTERIOR TRASEIROESQUERDO PY21W+P21/5W 5 PORTAS;FAROLIM EXTERIOR TRASEIROESQUERDO PY21W+P21/5W 5 PORTAS;0;;
4965;10295;42411556;10295;4965.42411556;CATEGORIA0;;1;1;0;1;;FAROLIM EXTERIOR TRASEIROESQUERDO LED PY21W 4 PORTAS;FAROLIM EXTERIOR TRASEIROESQUERDO LED PY21W 4 PORTAS;0;;
4965;10295;42411560;10295;4965.42411560;CATEGORIA0;;1;1;0;1;;FAROLIM TRASEIRO ESQUERDOÂMBAR FAMILIAR P21WX2+P21/5W;FAROLIM TRASEIRO ESQUERDOÂMBAR FAMILIAR P21WX2+P21/5W;0;;
4965;10295;42411562;10295;4965.42411562;CATEGORIA0;;1;1;0;1;;FAROLIM TRASEIRO ESQUERDOPY21W+P21/4W+P21WX2 TIPO VISTO 4 PO;FAROLIM TRASEIRO ESQUERDOPY21W+P21/4W+P21WX2 TIPO VISTO 4 PO;0;;
4965;10295;42411563;10295;4965.42411563;CATEGORIA0;;1;1;0;1;;FAROLIM TRASEIRO ESQUERDOLED PR21W+PY21W 5 PORTAS;FAROLIM TRASEIRO ESQUERDOLED PR21W+PY21W 5 PORTAS;0;;
4965;10295;42411564;10295;4965.42411564;CATEGORIA0;;1;1;0;1;;FAROLIM TRASEIRO ESQUERDOP21W+PY21W+P21/4W+W16W 5 PORTAS;FAROLIM TRASEIRO ESQUERDOP21W+PY21W+P21/4W+W16W 5 PORTAS;0;;
4965;10295;42411566;10295;4965.42411566;CATEGORIA0;;1;1;0;1;;FAROLIM TRASEIRO ESQUERDOP21W+P21_5W;FAROLIM TRASEIRO ESQUERDOP21W+P21_5W;0;;
4965;10295;42411567;10295;4965.42411567;CATEGORIA0;;1;1;0;1;;FAROLIM EXTERIOR TRASEIROESQUERDO PY21W+P21/5W TIPO HE;FAROLIM EXTERIOR TRASEIROESQUERDO PY21W+P21/5W TIPO HE;0;;
4965;10295;42411569;10295;4965.42411569;CATEGORIA0;;1;1;0;1;;FAROLIM TRASEIRO ESQUERDOLED PY21W+P21/4W+P21WX2 TIPOHE;FAROLIM TRASEIRO ESQUERDOLED PY21W+P21/4W+P21WX2 TIPOHE;0;;
4965;10295;42411573;10295;4965.42411573;CATEGORIA0;;1;1;0;1;;FAROLIM TRASEIRO ESQUERDOW21W+W21+5W+WY21W TIPO LUMO;FAROLIM TRASEIRO ESQUERDOW21W+W21+5W+WY21W TIPO LUMO;0;;
4965;10295;42411576;10295;4965.42411576;CATEGORIA0;;1;1;0;1;;FAROLIM TRASEIRO ESQUERDOPY21W+P21WX2+P21/5W;FAROLIM TRASEIRO ESQUERDOPY21W+P21WX2+P21/5W;0;;
4965;10295;42411577;10295;4965.42411577;CATEGORIA0;;1;1;0;1;;FAROLIM TRASEIRO ESQUERDO;FAROLIM TRASEIRO ESQUERDO;0;;
4965;10295;42411580;10295;4965.42411580;CATEGORIA0;;1;1;0;1;;FAROLIM TRASEIRO ESQUERDO EXTERIOR;FAROLIM TRASEIRO ESQUERDO EXTERIOR;0;;
4965;10295;42411601;10295;4965.42411601;CATEGORIA0;;1;1;0;1;;FAROLIM TRASEIRO ESQUERDOW21/5W+WY21W TIPO ST ->2010;FAROLIM TRASEIRO ESQUERDOW21/5W+WY21W TIPO ST ->2010;0;;
4965;10295;42411605;10295;4965.42411605;CATEGORIA0;;1;1;0;1;;FAROLIM TRASEIRO ESQUERDOW21WX2+W21/5W+WY21W;FAROLIM TRASEIRO ESQUERDOW21WX2+W21/5W+WY21W;0;;
4965;10295;42411608;10295;4965.42411608;CATEGORIA0;;1;1;0;1;;FAROLIM EXTERIOR TRASEIROESQUERDO 5 PORTAS;FAROLIM EXTERIOR TRASEIROESQUERDO 5 PORTAS;0;;
4965;10295;42411609;10295;4965.42411609;CATEGORIA0;;1;1;0;1;;FAROLIM TRASEIRO ESQUERDOP21W+PY21W+W16W+P21/5W 3 PORTAS TIP;FAROLIM TRASEIRO ESQUERDOP21W+PY21W+W16W+P21/5W 3 PORTAS TIP;0;;
4965;10295;42411614;10295;4965.42411614;CATEGORIA0;;1;1;0;1;;FAROLIM TRASEIRO ESQUERDOW21W+W21/5W;FAROLIM TRASEIRO ESQUERDOW21W+W21/5W;0;;
4965;10295;42411624;10295;4965.42411624;CATEGORIA0;;1;1;0;1;;FAROLIM EXTERIOR TRASEIROESQUERDO;FAROLIM EXTERIOR TRASEIROESQUERDO;0;;
4965;10295;42411625;10295;4965.42411625;CATEGORIA0;;1;1;0;1;;FAROLIM TRASEIRO ESQUERDOÂMBAR P21WX2+P21/5W TIPO HM 3/5 POR;FAROLIM TRASEIRO ESQUERDOÂMBAR P21WX2+P21/5W TIPO HM 3/5 POR;0;;
4965;10295;42411631;10295;4965.42411631;CATEGORIA0;;1;1;0;1;;FAROLIM EXTERIOR TRASEIROESQUERDO PY21W+P21/5W TIPO SAM;FAROLIM EXTERIOR TRASEIROESQUERDO PY21W+P21/5W TIPO SAM;0;;
4965;10295;42411640;10295;4965.42411640;CATEGORIA0;;1;1;0;1;;FAROLIM TRASEIRO ESQUERDOP21W+PY21W+P21/5W TIPO IHL 3/5 PORT;FAROLIM TRASEIRO ESQUERDOP21W+PY21W+P21/5W TIPO IHL 3/5 PORT;0;;
4965;10295;42411643;10295;4965.42411643;CATEGORIA0;;1;1;0;1;;FAROLIM TRASEIRO ESQUERDOP21WX2+W16W+P21/5W TIPO IHC 4PORTAS;FAROLIM TRASEIRO ESQUERDOP21WX2+W16W+P21/5W TIPO IHC 4PORTAS;0;;
4965;10295;42411644;10295;4965.42411644;CATEGORIA0;;1;1;0;1;;FAROLIM TRASEIRO ESQUERDOP21W+P21/5WX3+PY21W TIPO A/MAK;FAROLIM TRASEIRO ESQUERDOP21W+P21/5WX3+PY21W TIPO A/MAK;0;;
4965;10295;42411645;10295;4965.42411645;CATEGORIA0;;1;1;0;1;;FAROLIM TRASEIRO ESQUERDOP21WX2+P21/5W TIPO HM;FAROLIM TRASEIRO ESQUERDOP21WX2+P21/5W TIPO HM;0;;
4965;10295;42411646;10295;4965.42411646;CATEGORIA0;;1;1;0;1;;FAROLIM TRASEIRO ESQUERDO PY21W+W16W+P21/5W;FAROLIM TRASEIRO ESQUERDO PY21W+W16W+P21/5W;0;;
4965;10295;42411650;10295;4965.42411650;CATEGORIA0;;1;1;0;1;;FAROLIM TRASEIRO ESQUERDO ÂMBARP21WX2+P21/5W;FAROLIM TRASEIRO ESQUERDO ÂMBARP21WX2+P21/5W;0;;
4965;10295;42411652;10295;4965.42411652;CATEGORIA0;;1;1;0;1;;FAROLIM TRASEIRO ESQUERDOPY21W+W16W+P21/5W TIPO HM;FAROLIM TRASEIRO ESQUERDOPY21W+W16W+P21/5W TIPO HM;0;;
4965;10295;42411653;10295;4965.42411653;CATEGORIA0;;1;1;0;1;;FAROLIM TRASEIRO ESQUERDOPY21W+W16W+P21/5W TIPO SAM;FAROLIM TRASEIRO ESQUERDOPY21W+W16W+P21/5W TIPO SAM;0;;
4965;10295;42411662;10295;4965.42411662;CATEGORIA0;;1;1;0;1;;FAROLIM EXTERIOR TRASEIROESQUERDO P21W+P21/5W TIPO SAM;FAROLIM EXTERIOR TRASEIROESQUERDO P21W+P21/5W TIPO SAM;0;;
4965;10295;42411664;10295;4965.42411664;CATEGORIA0;;1;1;0;1;;FAROLIM EXTERIOR TRASEIROESQUERDO/BRANCO/VERMELHO TIPOMOB;FAROLIM EXTERIOR TRASEIROESQUERDO/BRANCO/VERMELHO TIPOMOB;0;;
4965;10295;42411670;10295;4965.42411670;CATEGORIA0;;1;1;0;1;;FAROLIM TRASEIRO ESQUERDOP21W+PY21W+W16W+P21/5W;FAROLIM TRASEIRO ESQUERDOP21W+PY21W+W16W+P21/5W;0;;
4965;10295;42411671;10295;4965.42411671;CATEGORIA0;;1;1;0;1;;FAROLIM TRASEIRO ESQUERDOP21W+PY21W+W16W+P21/5W;FAROLIM TRASEIRO ESQUERDOP21W+PY21W+W16W+P21/5W;0;;
4965;10295;42411672;10295;4965.42411672;CATEGORIA0;;1;1;0;1;;FAROLIM TRASEIRO NEVOEIROESQUERDO PY21W+W16W+P21/5WX2TIPO IH;FAROLIM TRASEIRO NEVOEIROESQUERDO PY21W+W16W+P21/5WX2TIPO IH;0;;
4965;10295;42411673;10295;4965.42411673;CATEGORIA0;;1;1;0;1;;FAROLIM TRASEIRO ESQUERDOP21W+PY21W+P21/5WX2;FAROLIM TRASEIRO ESQUERDOP21W+PY21W+P21/5WX2;0;;
4965;10295;42411674;10295;4965.42411674;CATEGORIA0;;1;1;0;1;;FAROLIM TRASEIRO ESQUERDOBRANCO PY21W+P21/5W;FAROLIM TRASEIRO ESQUERDOBRANCO PY21W+P21/5W;0;;
4965;10295;42411691;10295;4965.42411691;CATEGORIA0;;1;1;0;1;;GRUPO OPTICO EXTERIOR TRASEIRO ESQUERDO PY21W+R5W+P21WX2 TIP;GRUPO OPTICO EXTERIOR TRASEIRO ESQUERDO PY21W+R5W+P21WX2 TIP;0;;
4965;10295;42411697;10295;4965.42411697;CATEGORIA0;;1;1;0;1;;GRUPO ÓTICO TRASEIRO ESQUERDO BRANCO PY21W+R5W+P21WX2+P21/5W;GRUPO ÓTICO TRASEIRO ESQUERDO BRANCO PY21W+R5W+P21WX2+P21/5W;0;;
4965;10295;42411728;10295;4965.42411728;CATEGORIA0;;1;1;0;1;;FAROLIM TRASEIRO ESQUERDOÂMBAR P21WX2+P21/5W;FAROLIM TRASEIRO ESQUERDOÂMBAR P21WX2+P21/5W;0;;
4965;10295;42411729;10295;4965.42411729;CATEGORIA0;;1;1;0;1;;FAROLIM TRASEIRO ESQUERDOP21WX2+P21/5W;FAROLIM TRASEIRO ESQUERDOP21WX2+P21/5W;0;;
4965;10295;42411730;10295;4965.42411730;CATEGORIA0;;1;1;0;1;;FAROLIM TRASEIRO ESQUERDOLED/BRANCO PY21W+W16W;FAROLIM TRASEIRO ESQUERDOLED/BRANCO PY21W+W16W;0;;
4965;10295;42411813;10295;4965.42411813;CATEGORIA0;;1;1;0;1;;FAROLIM EXTERIOR TRASEIROESQUERDO P21/5WX2;FAROLIM EXTERIOR TRASEIROESQUERDO P21/5WX2;0;;
4965;10295;42411814;10295;4965.42411814;CATEGORIA0;;1;1;0;1;;FAROLIM EXTERIOR TRASEIROESQUERDO P21W+PY21W+W16W+P21/5W;FAROLIM EXTERIOR TRASEIROESQUERDO P21W+PY21W+W16W+P21/5W;0;;
4965;10295;42411816;10295;4965.42411816;CATEGORIA0;;1;1;0;1;;FAROLIM EXTERIOR TRASEIROESQUERDO P21W+W16W+P21/5WX2;FAROLIM EXTERIOR TRASEIROESQUERDO P21W+W16W+P21/5WX2;0;;
4965;10295;42411825;10295;4965.42411825;CATEGORIA0;;1;1;0;1;;FAROLIM TRASEIRO ESQUERDOP21W+PY21W+P21/5WX2 TIPO SAM2001->2;FAROLIM TRASEIRO ESQUERDOP21W+PY21W+P21/5WX2 TIPO SAM2001->2;0;;
4965;10295;42411831;10295;4965.42411831;CATEGORIA0;;1;1;0;1;;FAROLIM TRASEIRO ESQUERDOP21W+PY21W+P21/5W TIPO SEO;FAROLIM TRASEIRO ESQUERDOP21W+PY21W+P21/5W TIPO SEO;0;;
4965;10295;42411833;10295;4965.42411833;CATEGORIA0;;1;1;0;1;;FAROLIM TRASEIRO ESQUERDOPY21W+P21WX2+P21/5W TIPO SEO;FAROLIM TRASEIRO ESQUERDOPY21W+P21WX2+P21/5W TIPO SEO;0;;
4965;10295;42411839;10295;4965.42411839;CATEGORIA0;;1;1;0;1;;FAROLIM TRASEIRO ESQUERDOP21W+PY21W+W16W+P21/5W;FAROLIM TRASEIRO ESQUERDOP21W+PY21W+W16W+P21/5W;0;;
4965;10295;42411842;10295;4965.42411842;CATEGORIA0;;1;1;0;1;;FAROLIM TRASEIRO ESQUERDOVERMELHO P21W+P21/5W;FAROLIM TRASEIRO ESQUERDOVERMELHO P21W+P21/5W;0;;
4965;10295;42411843;10295;4965.42411843;CATEGORIA0;;1;1;0;1;;FAROLIM TRASEIRO ESQUERDOÂMBAR/5 PORTAS P21WX2+P21/5WTIPO SE;FAROLIM TRASEIRO ESQUERDOÂMBAR/5 PORTAS P21WX2+P21/5WTIPO SE;0;;
4965;10295;42411844;10295;4965.42411844;CATEGORIA0;;1;1;0;1;;FAROLIM EXTERIOR TRASEIROESQUERDO BRANCO PY21W+P21/5W;FAROLIM EXTERIOR TRASEIROESQUERDO BRANCO PY21W+P21/5W;0;;
4965;10295;42411850;10295;4965.42411850;CATEGORIA0;;1;1;0;1;;FAROLIM TRASEIRO ESQUERDOP21W+PY21W+W16W+P21/5W 5 PORTAS TIP;FAROLIM TRASEIRO ESQUERDOP21W+PY21W+W16W+P21/5W 5 PORTAS TIP;0;;
4965;10295;42411852;10295;4965.42411852;CATEGORIA0;;1;1;0;1;;FAROLIM TRASEIRO ESQUERDOTIPO MOB;FAROLIM TRASEIRO ESQUERDOTIPO MOB;0;;
4965;10295;42411952;10295;4965.42411952;CATEGORIA0;;1;1;0;1;;FAROLIM TRASEIRO ESQUERDOPY21W+W21WX2+W21/5W 4 PORTAS;FAROLIM TRASEIRO ESQUERDOPY21W+W21WX2+W21/5W 4 PORTAS;0;;
4965;10295;42411961;10295;4965.42411961;CATEGORIA0;;1;1;0;1;;FAROLIM EXTERIOR TRASEIROESQUERDO TIPO K 4 PORTAS;FAROLIM EXTERIOR TRASEIROESQUERDO TIPO K 4 PORTAS;0;;
4965;10295;42411965;10295;4965.42411965;CATEGORIA0;;1;1;0;1;;FAROLIM EXTERIOR TRASEIROESQUERDO LED WY21W TIPO ST 5PORTAS;FAROLIM EXTERIOR TRASEIROESQUERDO LED WY21W TIPO ST 5PORTAS;0;;
4965;10295;42411968;10295;4965.42411968;CATEGORIA0;;1;1;0;1;;FAROLIM EXTERIOR TRASEIROESQUERDO W21/5W+WY21W TIPO K;FAROLIM EXTERIOR TRASEIROESQUERDO W21/5W+WY21W TIPO K;0;;
4965;10295;42411970;10295;4965.42411970;CATEGORIA0;;1;1;0;1;;FAROLIM TRASEIRO ESQUERDOLED/VERMELHO W21W TIPO K;FAROLIM TRASEIRO ESQUERDOLED/VERMELHO W21W TIPO K;0;;
4965;10295;42411971;10295;4965.42411971;CATEGORIA0;;1;1;0;1;;FAROLIM EXTERIOR TRASEIROESQUERDO LED WY21W TIPO K 4/5PORTAS;FAROLIM EXTERIOR TRASEIROESQUERDO LED WY21W TIPO K 4/5PORTAS;0;;
4965;10295;42411972;10295;4965.42411972;CATEGORIA0;;1;1;0;1;;FAROLIM TRASEIRO ESQUERDOBRANCO/VERMELHO W16W+W21/5W+WY21W T;FAROLIM TRASEIRO ESQUERDOBRANCO/VERMELHO W16W+W21/5W+WY21W T;0;;
4965;10295;42411975;10295;4965.42411975;CATEGORIA0;;1;1;0;1;;FAROLIM EXTERIOR TRASEIROESQUERDO W21/5W+WY21W;FAROLIM EXTERIOR TRASEIROESQUERDO W21/5W+WY21W;0;;
4965;10295;42411976;10295;4965.42411976;CATEGORIA0;;1;1;0;1;;FAROLIM TRASEIRO ESQUERDOW21/5W+WY21W TIPO ST;FAROLIM TRASEIRO ESQUERDOW21/5W+WY21W TIPO ST;0;;
4965;10295;42412012;10295;4965.42412012;CATEGORIA0;;1;1;0;1;;FAROLIM EXTERIOR TRASEIROESQUERDO P21W+PY21W+P21/5W 2PORTAS;FAROLIM EXTERIOR TRASEIROESQUERDO P21W+PY21W+P21/5W 2PORTAS;0;;
4965;10295;42412014;10295;4965.42412014;CATEGORIA0;;1;1;0;1;;FAROLIM EXTERIOR TRASEIROESQUERDO LED P21W TIPO V;FAROLIM EXTERIOR TRASEIROESQUERDO LED P21W TIPO V;0;;
4965;10295;42412018;10295;4965.42412018;CATEGORIA0;;1;1;0;1;;FAROLIM TRASEIRO ESQUERDOÂMBAR R10W+P21WX4;FAROLIM TRASEIRO ESQUERDOÂMBAR R10W+P21WX4;0;;
4965;10295;42412019;10295;4965.42412019;CATEGORIA0;;1;1;0;1;;FAROLIM TRASEIRO ESQUERDOFUME PY21W+R10W+P21WX3;FAROLIM TRASEIRO ESQUERDOFUME PY21W+R10W+P21WX3;0;;
4965;10295;42412021;10295;4965.42412021;CATEGORIA0;;1;1;0;1;;FAROLIM TRASEIRO ESQUERDOTIPO U 2000->;FAROLIM TRASEIRO ESQUERDOTIPO U 2000->;0;;
4965;10295;42412025;10295;4965.42412025;CATEGORIA0;;1;1;0;1;;FAROLIM TRASEIRO ESQUERDOTIPO U;FAROLIM TRASEIRO ESQUERDOTIPO U;0;;
4965;10295;42412026;10295;4965.42412026;CATEGORIA0;;1;1;0;1;;FAROLIM TRASEIRO ESQUERDOLED P21W+PY21W+P21/4WX2;FAROLIM TRASEIRO ESQUERDOLED P21W+PY21W+P21/4WX2;0;;
4965;10295;42412033;10295;4965.42412033;CATEGORIA0;;1;1;0;1;;FAROLIM TRASEIRO ESQUERDOTIPO HE;FAROLIM TRASEIRO ESQUERDOTIPO HE;0;;
4965;10295;42412035;10295;4965.42412035;CATEGORIA0;;1;1;0;1;;FAROLIM TRASEIRO ESQUERDOÂMBAR P21WX3+P21/5W TIPO Y;FAROLIM TRASEIRO ESQUERDOÂMBAR P21WX3+P21/5W TIPO Y;0;;
4965;10295;42412036;10295;4965.42412036;CATEGORIA0;;1;1;0;1;;FAROLIM TRASEIRO ESQUERDOP21WX3+P21/5W TIPO CA;FAROLIM TRASEIRO ESQUERDOP21WX3+P21/5W TIPO CA;0;;
4965;10295;42412039;10295;4965.42412039;CATEGORIA0;;1;1;0;1;;FAROLIM TRASEIRO ESQUERDOPY21W+P21WX2+P21/5W TIPO A;FAROLIM TRASEIRO ESQUERDOPY21W+P21WX2+P21/5W TIPO A;0;;
4965;10295;42412040;10295;4965.42412040;CATEGORIA0;;1;1;0;1;;FAROLIM TRASEIRO ESQUERDOBRANCO/FUME/VERMELHO PY21W+P21/4W+P;FAROLIM TRASEIRO ESQUERDOBRANCO/FUME/VERMELHO PY21W+P21/4W+P;0;;
4965;10295;42412041;10295;4965.42412041;CATEGORIA0;;1;1;0;1;;FAROLIM TRASEIRO ESQUERDOBRANCO PY21W+P21/4W+P21WX2 TIPO U;FAROLIM TRASEIRO ESQUERDOBRANCO PY21W+P21/4W+P21WX2 TIPO U;0;;
4965;10295;42412042;10295;4965.42412042;CATEGORIA0;;1;1;0;1;;FAROLIM EXTERIOR TRASEIROESQUERDO BRANCO PY21W+R5W+P21/4W TI;FAROLIM EXTERIOR TRASEIROESQUERDO BRANCO PY21W+R5W+P21/4W TI;0;;
4965;10295;42412044;10295;4965.42412044;CATEGORIA0;;1;1;0;1;;FAROLIM EXTERIOR TRASEIROESQUERDO;FAROLIM EXTERIOR TRASEIROESQUERDO;0;;
4965;10295;42412045;10295;4965.42412045;CATEGORIA0;;1;1;0;1;;FAROLIM EXTERIOR TRASEIROESQUERDO/LED TIPO U;FAROLIM EXTERIOR TRASEIROESQUERDO/LED TIPO U;0;;
4965;10295;42412046;10295;4965.42412046;CATEGORIA0;;1;1;0;1;;FAROLIM EXTERIOR TRASEIROESQUERDO/BRANCO/LED ELEGANCE;FAROLIM EXTERIOR TRASEIROESQUERDO/BRANCO/LED ELEGANCE;0;;
4965;10295;42412047;10295;4965.42412047;CATEGORIA0;;1;1;0;1;;FAROLIM TRASEIRO ESQUERDOPY21W+P21/4W+P21WX2 TIPO HE;FAROLIM TRASEIRO ESQUERDOPY21W+P21/4W+P21WX2 TIPO HE;0;;
4965;10295;42412048;10295;4965.42412048;CATEGORIA0;;1;1;0;1;;FAROLIM TRASEIRO ESQUERDOPY21W+P21/4W+P21WX2 TIPO HE;FAROLIM TRASEIRO ESQUERDOPY21W+P21/4W+P21WX2 TIPO HE;0;;
4965;10295;42412049;10295;4965.42412049;CATEGORIA0;;1;1;0;1;;FAROLIM TRASEIRO ESQUERDOPRETO PY21W+P21WX4 TIPO U;FAROLIM TRASEIRO ESQUERDOPRETO PY21W+P21WX4 TIPO U;0;;
4965;10295;42412051;10295;4965.42412051;CATEGORIA0;;1;1;0;1;;FAROLIM TRASEIRO ESQUERDOPRETO;FAROLIM TRASEIRO ESQUERDOPRETO;0;;