204;1299;533 0039 10;1299;533003910;CATEGORIA0;;1;1;0;1;;ROLAMENTO TENSOR INA;ROLAMENTO TENSOR INA;0;;
204;1299;533 0040 10;1299;533004010;CATEGORIA0;;1;1;0;1;;ROLAMENTO TENSOR INA;ROLAMENTO TENSOR INA;0;;
204;1299;533 0041 10;1299;533004110;CATEGORIA0;;1;1;0;1;;ROLAMENTO TENSOR INA;ROLAMENTO TENSOR INA;0;;
204;1299;533 0045 20;1299;533004520;CATEGORIA0;;1;1;0;1;;ROLAMENTO TENSOR INA;ROLAMENTO TENSOR INA;0;;
204;1299;533 0046 20;1299;533004620;CATEGORIA0;;1;1;0;1;;ROLAMENTO TENSOR INA;ROLAMENTO TENSOR INA;0;;
204;1299;533 0049 20;1299;533004920;CATEGORIA0;;1;1;0;1;;ROLAMENTO TENSOR INA;ROLAMENTO TENSOR INA;0;;
204;1299;533 0051 20;1299;533005120;CATEGORIA0;;1;1;0;1;;ROLAMENTO TENSOR INA;ROLAMENTO TENSOR INA;0;;
204;1299;533 0052 20;1299;533005220;CATEGORIA0;;1;1;0;1;;ROLAMENTO TENSOR INA;ROLAMENTO TENSOR INA;0;;
204;1299;533 0054 20;1299;533005420;CATEGORIA0;;1;1;0;1;;ROLAMENTO TENSOR INA;ROLAMENTO TENSOR INA;0;;
204;1299;533 0055 20;1299;533005520;CATEGORIA0;;1;1;0;1;;ROLAMENTO TENSOR INA;ROLAMENTO TENSOR INA;0;;
204;1299;533 0056 20;1299;533005620;CATEGORIA0;;1;1;0;1;;ROLAMENTO TENSOR INA;ROLAMENTO TENSOR INA;0;;
204;1299;533 0057 20;1299;533005720;CATEGORIA0;;1;1;0;1;;ROLAMENTO TENSOR INA;ROLAMENTO TENSOR INA;0;;
204;1299;533 0058 20;1299;533005820;CATEGORIA0;;1;1;0;1;;ROLAMENTO TENSOR INA;ROLAMENTO TENSOR INA;0;;
204;1299;533 0059 20;1299;533005920;CATEGORIA0;;1;1;0;1;;ROLAMENTO TENSOR INA;ROLAMENTO TENSOR INA;0;;
204;1299;533 0060 20;1299;533006020;CATEGORIA0;;1;1;0;1;;ROLAMENTO TENSOR INA;ROLAMENTO TENSOR INA;0;;
204;1299;533 0061 20;1299;533006120;CATEGORIA0;;1;1;0;1;;ROLAMENTO TENSOR INA;ROLAMENTO TENSOR INA;0;;
204;1299;533 0062 20;1299;533006220;CATEGORIA0;;1;1;0;1;;ROLAMENTO TENSOR INA;ROLAMENTO TENSOR INA;0;;
204;1299;533 0064 20;1299;533006420;CATEGORIA0;;1;1;0;1;;ROLAMENTO TENSOR INA;ROLAMENTO TENSOR INA;0;;
204;1299;533 0065 20;1299;533006520;CATEGORIA0;;1;1;0;1;;ROLAMENTO TENSOR INA;ROLAMENTO TENSOR INA;0;;
204;1299;533 0066 20;1299;533006620;CATEGORIA0;;1;1;0;1;;ROLAMENTO TENSOR INA;ROLAMENTO TENSOR INA;0;;
204;1299;533 0068 20;1299;533006820;CATEGORIA0;;1;1;0;1;;ROLAMENTO TENSOR INA;ROLAMENTO TENSOR INA;0;;
204;1299;533 0069 20;1299;533006920;CATEGORIA0;;1;1;0;1;;ROLAMENTO TENSOR INA;ROLAMENTO TENSOR INA;0;;
204;1299;533 0071 10;1299;533007110;CATEGORIA0;;1;1;0;1;;ROLAMENTO TENSOR INA;ROLAMENTO TENSOR INA;0;;
204;1299;533 0072 20;1299;533007220;CATEGORIA0;;1;1;0;1;;ROLAMENTO TENSOR INA;ROLAMENTO TENSOR INA;0;;
204;1299;533 0073 10;1299;533007310;CATEGORIA0;;1;1;0;1;;ROLAMENTO TENSOR INA;ROLAMENTO TENSOR INA;0;;
204;1299;533 0074 10;1299;533007410;CATEGORIA0;;1;1;0;1;;ROLAMENTO TENSOR INA;ROLAMENTO TENSOR INA;0;;
204;1299;533 0075 30;1299;533007530;CATEGORIA0;;1;1;0;1;;ROLAMENTO TENSOR INA;ROLAMENTO TENSOR INA;0;;
204;1299;533 0076 30;1299;533007630;CATEGORIA0;;1;1;0;1;;ROLAMENTO TENSOR INA;ROLAMENTO TENSOR INA;0;;
204;1299;533 0077 30;1299;533007730;CATEGORIA0;;1;1;0;1;;ROLAMENTO TENSOR INA;ROLAMENTO TENSOR INA;0;;
204;1299;533 0078 10;1299;533007810;CATEGORIA0;;1;1;0;1;;ROLAMENTO TENSOR INA;ROLAMENTO TENSOR INA;0;;
204;1299;533 0079 20;1299;533007920;CATEGORIA0;;1;1;0;1;;ROLAMENTO TENSOR INA;ROLAMENTO TENSOR INA;0;;
204;1299;533 0081 30;1299;533008130;CATEGORIA0;;1;1;0;1;;ROLAMENTO TENSOR INA;ROLAMENTO TENSOR INA;0;;
204;1299;533 0082 30;1299;533008230;CATEGORIA0;;1;1;0;1;;ROLAMENTO TENSOR INA;ROLAMENTO TENSOR INA;0;;
204;1299;533 0083 20;1299;533008320;CATEGORIA0;;1;1;0;1;;ROLAMENTO TENSOR INA;ROLAMENTO TENSOR INA;0;;
204;1299;533 0084 30;1299;533008430;CATEGORIA0;;1;1;0;1;;ROLAMENTO TENSOR INA;ROLAMENTO TENSOR INA;0;;
204;1299;533 0085 30;1299;533008530;CATEGORIA0;;1;1;0;1;;ROLAMENTO TENSOR INA;ROLAMENTO TENSOR INA;0;;
204;1299;533 0086 30;1299;533008630;CATEGORIA0;;1;1;0;1;;ROLAMENTO TENSOR INA;ROLAMENTO TENSOR INA;0;;
204;1299;533 0087 20;1299;533008720;CATEGORIA0;;1;1;0;1;;ROLAMENTO TENSOR INA;ROLAMENTO TENSOR INA;0;;
204;1299;533 0089 10;1299;533008910;CATEGORIA0;;1;1;0;1;;ROLAMENTO TENSOR INA;ROLAMENTO TENSOR INA;0;;
204;1299;533 0091 10;1299;533009110;CATEGORIA0;;1;1;0;1;;ROLAMENTO TENSOR INA;ROLAMENTO TENSOR INA;0;;
204;1299;533 0092 10;1299;533009210;CATEGORIA0;;1;1;0;1;;ROLAMENTO TENSOR INA;ROLAMENTO TENSOR INA;0;;
204;1299;533 0094 10;1299;533009410;CATEGORIA0;;1;1;0;1;;ROLAMENTO TENSOR INA;ROLAMENTO TENSOR INA;0;;
204;1299;533 0095 10;1299;533009510;CATEGORIA0;;1;1;0;1;;ROLAMENTO TENSOR INA;ROLAMENTO TENSOR INA;0;;
204;1299;533 0096 10;1299;533009610;CATEGORIA0;;1;1;0;1;;ROLAMENTO TENSOR INA;ROLAMENTO TENSOR INA;0;;
204;1299;533 0097 10;1299;533009710;CATEGORIA0;;1;1;0;1;;ROLAMENTO TENSOR INA;ROLAMENTO TENSOR INA;0;;
204;1299;533 0098 10;1299;533009810;CATEGORIA0;;1;1;0;1;;ROLAMENTO TENSOR INA;ROLAMENTO TENSOR INA;0;;
204;1299;533 0099 10;1299;533009910;CATEGORIA0;;1;1;0;1;;ROLAMENTO TENSOR INA;ROLAMENTO TENSOR INA;0;;
204;1299;533 0100 10;1299;533010010;CATEGORIA0;;1;1;0;1;;ROLAMENTO TENSOR INA;ROLAMENTO TENSOR INA;0;;
204;1299;533 0101 10;1299;533010110;CATEGORIA0;;1;1;0;1;;ROLAMENTO TENSOR INA;ROLAMENTO TENSOR INA;0;;
204;1299;533 0102 10;1299;533010210;CATEGORIA0;;1;1;0;1;;ROLAMENTO TENSOR INA;ROLAMENTO TENSOR INA;0;;
204;1299;533 0103 10;1299;533010310;CATEGORIA0;;1;1;0;1;;ROLAMENTO TENSOR INA;ROLAMENTO TENSOR INA;0;;
204;1299;533 0104 10;1299;533010410;CATEGORIA0;;1;1;0;1;;ROLAMENTO TENSOR INA;ROLAMENTO TENSOR INA;0;;
204;1299;533 0107 10;1299;533010710;CATEGORIA0;;1;1;0;1;;ROLAMENTO TENSOR INA;ROLAMENTO TENSOR INA;0;;
204;1299;533 0108 10;1299;533010810;CATEGORIA0;;1;1;0;1;;ROLAMENTO TENSOR INA;ROLAMENTO TENSOR INA;0;;
204;1299;533 0109 10;1299;533010910;CATEGORIA0;;1;1;0;1;;ROLAMENTO TENSOR INA;ROLAMENTO TENSOR INA;0;;
204;1299;533 0110 10;1299;533011010;CATEGORIA0;;1;1;0;1;;ROLAMENTO TENSOR INA;ROLAMENTO TENSOR INA;0;;
204;1299;533 0111 10;1299;533011110;CATEGORIA0;;1;1;0;1;;ROLAMENTO TENSOR INA;ROLAMENTO TENSOR INA;0;;
204;1299;533 0112 10;1299;533011210;CATEGORIA0;;1;1;0;1;;ROLAMENTO TENSOR INA;ROLAMENTO TENSOR INA;0;;
204;1299;533 0114 10;1299;533011410;CATEGORIA0;;1;1;0;1;;ROLAMENTO TENSOR INA;ROLAMENTO TENSOR INA;0;;
204;1299;533 0115 10;1299;533011510;CATEGORIA0;;1;1;0;1;;ROLAMENTO TENSOR INA;ROLAMENTO TENSOR INA;0;;
204;1299;533 0116 10;1299;533011610;CATEGORIA0;;1;1;0;1;;ROLAMENTO TENSOR INA;ROLAMENTO TENSOR INA;0;;
204;1299;533 0118 10;1299;533011810;CATEGORIA0;;1;1;0;1;;ROLAMENTO TENSOR INA;ROLAMENTO TENSOR INA;0;;
204;1299;533 0119 10;1299;533011910;CATEGORIA0;;1;1;0;1;;ROLAMENTO TENSOR INA;ROLAMENTO TENSOR INA;0;;
204;1299;533 0123 10;1299;533012310;CATEGORIA0;;1;1;0;1;;ROLAMENTO TENSOR INA;ROLAMENTO TENSOR INA;0;;
204;1299;533 0125 10;1299;533012510;CATEGORIA0;;1;1;0;1;;ROLAMENTO TENSOR INA;ROLAMENTO TENSOR INA;0;;
204;1299;533 0126 10;1299;533012610;CATEGORIA0;;1;1;0;1;;ROLAMENTO TENSOR INA;ROLAMENTO TENSOR INA;0;;
204;1299;533 0127 10;1299;533012710;CATEGORIA0;;1;1;0;1;;ROLAMENTO TENSOR INA;ROLAMENTO TENSOR INA;0;;
204;1299;533 0128 10;1299;533012810;CATEGORIA0;;1;1;0;1;;ROLAMENTO TENSOR INA;ROLAMENTO TENSOR INA;0;;
204;1299;533 0129 10;1299;533012910;CATEGORIA0;;1;1;0;1;;ROLAMENTO TENSOR INA;ROLAMENTO TENSOR INA;0;;
204;1299;533 0131 10;1299;533013110;CATEGORIA0;;1;1;0;1;;ROLAMENTO TENSOR INA;ROLAMENTO TENSOR INA;0;;
204;1299;533 0132 10;1299;533013210;CATEGORIA0;;1;1;0;1;;ROLAMENTO TENSOR INA;ROLAMENTO TENSOR INA;0;;
204;1299;534 0001 10;1299;534000110;CATEGORIA0;;1;1;0;1;;ROLAMENTO TENSOR INA;ROLAMENTO TENSOR INA;0;;
204;1299;534 0003 10;1299;534000310;CATEGORIA0;;1;1;0;1;;ROLAMENTO TENSOR INA;ROLAMENTO TENSOR INA;0;;
204;1299;534 0004 10;1299;534000410;CATEGORIA0;;1;1;0;1;;ROLAMENTO TENSOR INA;ROLAMENTO TENSOR INA;0;;
204;1299;534 0005 10;1299;534000510;CATEGORIA0;;1;1;0;1;;ROLAMENTO TENSOR INA;ROLAMENTO TENSOR INA;0;;
204;1299;534 0006 10;1299;534000610;CATEGORIA0;;1;1;0;1;;ROLAMENTO TENSOR INA;ROLAMENTO TENSOR INA;0;;
204;1299;534 0007 10;1299;534000710;CATEGORIA0;;1;1;0;1;;ROLAMENTO TENSOR INA;ROLAMENTO TENSOR INA;0;;
204;1299;534 0008 10;1299;534000810;CATEGORIA0;;1;1;0;1;;ROLAMENTO TENSOR INA;ROLAMENTO TENSOR INA;0;;
204;1299;534 0009 10;1299;534000910;CATEGORIA0;;1;1;0;1;;ROLAMENTO TENSOR INA;ROLAMENTO TENSOR INA;0;;
204;1299;534 0010 10;1299;534001010;CATEGORIA0;;1;1;0;1;;ROLAMENTO TENSOR INA;ROLAMENTO TENSOR INA;0;;
204;1299;534 0011 10;1299;534001110;CATEGORIA0;;1;1;0;1;;ROLAMENTO TENSOR INA;ROLAMENTO TENSOR INA;0;;
204;1299;534 0013 10;1299;534001310;CATEGORIA0;;1;1;0;1;;ROLAMENTO TENSOR INA;ROLAMENTO TENSOR INA;0;;
204;1299;534 0014 10;1299;534001410;CATEGORIA0;;1;1;0;1;;ROLAMENTO TENSOR INA;ROLAMENTO TENSOR INA;0;;
204;1299;534 0016 10;1299;534001610;CATEGORIA0;;1;1;0;1;;ROLAMENTO TENSOR INA;ROLAMENTO TENSOR INA;0;;
204;1299;534 0017 10;1299;534001710;CATEGORIA0;;1;1;0;1;;ROLAMENTO TENSOR INA;ROLAMENTO TENSOR INA;0;;
204;1299;534 0018 10;1299;534001810;CATEGORIA0;;1;1;0;1;;ROLAMENTO TENSOR INA;ROLAMENTO TENSOR INA;0;;
204;1299;534 0021 10;1299;534002110;CATEGORIA0;;1;1;0;1;;ROLAMENTO TENSOR INA;ROLAMENTO TENSOR INA;0;;
204;1299;534 0022 10;1299;534002210;CATEGORIA0;;1;1;0;1;;ROLAMENTO TENSOR INA;ROLAMENTO TENSOR INA;0;;
204;1299;534 0024 10;1299;534002410;CATEGORIA0;;1;1;0;1;;ROLAMENTO TENSOR INA;ROLAMENTO TENSOR INA;0;;
204;1299;534 0025 10;1299;534002510;CATEGORIA0;;1;1;0;1;;ROLAMENTO TENSOR INA;ROLAMENTO TENSOR INA;0;;
204;1299;534 0026 10;1299;534002610;CATEGORIA0;;1;1;0;1;;ROLAMENTO TENSOR INA;ROLAMENTO TENSOR INA;0;;
204;1299;534 0027 10;1299;534002710;CATEGORIA0;;1;1;0;1;;ROLAMENTO TENSOR INA;ROLAMENTO TENSOR INA;0;;
204;1299;534 0029 10;1299;534002910;CATEGORIA0;;1;1;0;1;;ROLAMENTO TENSOR INA;ROLAMENTO TENSOR INA;0;;
204;1299;534 0030 10;1299;534003010;CATEGORIA0;;1;1;0;1;;ROLAMENTO TENSOR INA;ROLAMENTO TENSOR INA;0;;
204;1299;534 0031 10;1299;534003110;CATEGORIA0;;1;1;0;1;;ROLAMENTO TENSOR INA;ROLAMENTO TENSOR INA;0;;
204;1299;534 0032 10;1299;534003210;CATEGORIA0;;1;1;0;1;;ROLAMENTO TENSOR INA;ROLAMENTO TENSOR INA;0;;
204;1299;534 0033 10;1299;534003310;CATEGORIA0;;1;1;0;1;;ROLAMENTO TENSOR INA;ROLAMENTO TENSOR INA;0;;
204;1299;534 0036 10;1299;534003610;CATEGORIA0;;1;1;0;1;;ROLAMENTO TENSOR INA;ROLAMENTO TENSOR INA;0;;
204;1299;534 0037 10;1299;534003710;CATEGORIA0;;1;1;0;1;;ROLAMENTO TENSOR INA;ROLAMENTO TENSOR INA;0;;
204;1299;534 0038 10;1299;534003810;CATEGORIA0;;1;1;0;1;;ROLAMENTO TENSOR INA;ROLAMENTO TENSOR INA;0;;
204;1299;534 0039 10;1299;534003910;CATEGORIA0;;1;1;0;1;;ROLAMENTO TENSOR INA;ROLAMENTO TENSOR INA;0;;
204;1299;534 0040 10;1299;534004010;CATEGORIA0;;1;1;0;1;;ROLAMENTO TENSOR INA;ROLAMENTO TENSOR INA;0;;
204;1299;534 0041 10;1299;534004110;CATEGORIA0;;1;1;0;1;;ROLAMENTO TENSOR INA;ROLAMENTO TENSOR INA;0;;
204;1299;534 0043 10;1299;534004310;CATEGORIA0;;1;1;0;1;;ROLAMENTO TENSOR INA;ROLAMENTO TENSOR INA;0;;
204;1299;534 0044 10;1299;534004410;CATEGORIA0;;1;1;0;1;;ROLAMENTO TENSOR INA;ROLAMENTO TENSOR INA;0;;
204;1299;534 0045 10;1299;534004510;CATEGORIA0;;1;1;0;1;;ROLAMENTO TENSOR INA;ROLAMENTO TENSOR INA;0;;
204;1299;534 0046 10;1299;534004610;CATEGORIA0;;1;1;0;1;;ROLAMENTO TENSOR INA;ROLAMENTO TENSOR INA;0;;
204;1299;534 0047 10;1299;534004710;CATEGORIA0;;1;1;0;1;;ROLAMENTO TENSOR INA;ROLAMENTO TENSOR INA;0;;
204;1299;534 0049 10;1299;534004910;CATEGORIA0;;1;1;0;1;;ROLAMENTO TENSOR INA;ROLAMENTO TENSOR INA;0;;
204;1299;534 0050 10;1299;534005010;CATEGORIA0;;1;1;0;1;;ROLAMENTO TENSOR INA;ROLAMENTO TENSOR INA;0;;
204;1299;534 0051 10;1299;534005110;CATEGORIA0;;1;1;0;1;;ROLAMENTO TENSOR INA;ROLAMENTO TENSOR INA;0;;
204;1299;534 0053 10;1299;534005310;CATEGORIA0;;1;1;0;1;;ROLAMENTO TENSOR INA;ROLAMENTO TENSOR INA;0;;
204;1299;534 0058 10;1299;534005810;CATEGORIA0;;1;1;0;1;;ROLAMENTO TENSOR INA;ROLAMENTO TENSOR INA;0;;
204;1299;534 0059 10;1299;534005910;CATEGORIA0;;1;1;0;1;;ROLAMENTO TENSOR INA;ROLAMENTO TENSOR INA;0;;
204;1299;534 0065 10;1299;534006510;CATEGORIA0;;1;1;0;1;;ROLAMENTO TENSOR INA;ROLAMENTO TENSOR INA;0;;
204;1299;534 0067 10;1299;534006710;CATEGORIA0;;1;1;0;1;;ROLAMENTO TENSOR INA;ROLAMENTO TENSOR INA;0;;
204;1299;534 0068 10;1299;534006810;CATEGORIA0;;1;1;0;1;;ROLAMENTO TENSOR INA;ROLAMENTO TENSOR INA;0;;
204;1299;534 0069 10;1299;534006910;CATEGORIA0;;1;1;0;1;;ROLAMENTO TENSOR INA;ROLAMENTO TENSOR INA;0;;
204;1299;534 0070 10;1299;534007010;CATEGORIA0;;1;1;0;1;;ROLAMENTO TENSOR INA;ROLAMENTO TENSOR INA;0;;
204;1299;534 0072 20;1299;534007220;CATEGORIA0;;1;1;0;1;;ROLAMENTO TENSOR INA;ROLAMENTO TENSOR INA;0;;
204;1299;534 0073 20;1299;534007320;CATEGORIA0;;1;1;0;1;;ROLAMENTO TENSOR INA;ROLAMENTO TENSOR INA;0;;
204;1299;534 0074 20;1299;534007420;CATEGORIA0;;1;1;0;1;;ROLAMENTO TENSOR INA;ROLAMENTO TENSOR INA;0;;
204;1299;534 0075 20;1299;534007520;CATEGORIA0;;1;1;0;1;;ROLAMENTO TENSOR INA;ROLAMENTO TENSOR INA;0;;
204;1299;534 0076 20;1299;534007620;CATEGORIA0;;1;1;0;1;;ROLAMENTO TENSOR INA;ROLAMENTO TENSOR INA;0;;
204;1299;534 0077 20;1299;534007720;CATEGORIA0;;1;1;0;1;;ROLAMENTO TENSOR INA;ROLAMENTO TENSOR INA;0;;
204;1299;534 0078 20;1299;534007820;CATEGORIA0;;1;1;0;1;;ROLAMENTO TENSOR INA;ROLAMENTO TENSOR INA;0;;
204;1299;534 0079 20;1299;534007920;CATEGORIA0;;1;1;0;1;;ROLAMENTO TENSOR INA;ROLAMENTO TENSOR INA;0;;
204;1299;534 0080 20;1299;534008020;CATEGORIA0;;1;1;0;1;;ROLAMENTO TENSOR INA;ROLAMENTO TENSOR INA;0;;
204;1299;534 0081 30;1299;534008130;CATEGORIA0;;1;1;0;1;;ROLAMENTO TENSOR INA;ROLAMENTO TENSOR INA;0;;
204;1299;534 0082 30;1299;534008230;CATEGORIA0;;1;1;0;1;;ROLAMENTO TENSOR INA;ROLAMENTO TENSOR INA;0;;
204;1299;534 0083 30;1299;534008330;CATEGORIA0;;1;1;0;1;;ROLAMENTO TENSOR INA;ROLAMENTO TENSOR INA;0;;
204;1299;534 0094 10;1299;534009410;CATEGORIA0;;1;1;0;1;;ROLAMENTO TENSOR INA;ROLAMENTO TENSOR INA;0;;
204;1299;534 0095 10;1299;534009510;CATEGORIA0;;1;1;0;1;;ROLAMENTO TENSOR INA;ROLAMENTO TENSOR INA;0;;
204;1299;534 0096 10;1299;534009610;CATEGORIA0;;1;1;0;1;;ROLAMENTO TENSOR INA;ROLAMENTO TENSOR INA;0;;
204;1299;534 0097 10;1299;534009710;CATEGORIA0;;1;1;0;1;;ROLAMENTO TENSOR INA;ROLAMENTO TENSOR INA;0;;
204;1299;534 0098 10;1299;534009810;CATEGORIA0;;1;1;0;1;;ROLAMENTO TENSOR INA;ROLAMENTO TENSOR INA;0;;
204;1299;534 0100 20;1299;534010020;CATEGORIA0;;1;1;0;1;;ROLAMENTO TENSOR INA;ROLAMENTO TENSOR INA;0;;
204;1299;534 0101 20;1299;534010120;CATEGORIA0;;1;1;0;1;;ROLAMENTO TENSOR INA;ROLAMENTO TENSOR INA;0;;
204;1299;534 0102 30;1299;534010230;CATEGORIA0;;1;1;0;1;;ROLAMENTO TENSOR INA;ROLAMENTO TENSOR INA;0;;
204;1299;534 0103 10;1299;534010310;CATEGORIA0;;1;1;0;1;;ROLAMENTO TENSOR INA;ROLAMENTO TENSOR INA;0;;
204;1299;534 0104 10;1299;534010410;CATEGORIA0;;1;1;0;1;;ROLAMENTO TENSOR INA;ROLAMENTO TENSOR INA;0;;
204;1299;534 0105 20;1299;534010520;CATEGORIA0;;1;1;0;1;;ROLAMENTO TENSOR INA;ROLAMENTO TENSOR INA;0;;
204;1299;534 0106 20;1299;534010620;CATEGORIA0;;1;1;0;1;;ROLAMENTO TENSOR INA;ROLAMENTO TENSOR INA;0;;
204;1299;534 0108 20;1299;534010820;CATEGORIA0;;1;1;0;1;;ROLAMENTO TENSOR INA;ROLAMENTO TENSOR INA;0;;
204;1299;534 0109 20;1299;534010920;CATEGORIA0;;1;1;0;1;;ROLAMENTO TENSOR INA;ROLAMENTO TENSOR INA;0;;
204;1299;534 0110 20;1299;534011020;CATEGORIA0;;1;1;0;1;;ROLAMENTO TENSOR INA;ROLAMENTO TENSOR INA;0;;
204;1299;534 0111 20;1299;534011120;CATEGORIA0;;1;1;0;1;;ROLAMENTO TENSOR INA;ROLAMENTO TENSOR INA;0;;
204;1299;534 0112 20;1299;534011220;CATEGORIA0;;1;1;0;1;;ROLAMENTO TENSOR INA;ROLAMENTO TENSOR INA;0;;
204;1299;534 0113 20;1299;534011320;CATEGORIA0;;1;1;0;1;;ROLAMENTO TENSOR INA;ROLAMENTO TENSOR INA;0;;
204;1299;534 0114 20;1299;534011420;CATEGORIA0;;1;1;0;1;;ROLAMENTO TENSOR INA;ROLAMENTO TENSOR INA;0;;
204;1299;534 0115 20;1299;534011520;CATEGORIA0;;1;1;0;1;;ROLAMENTO TENSOR INA;ROLAMENTO TENSOR INA;0;;
204;1299;534 0116 20;1299;534011620;CATEGORIA0;;1;1;0;1;;ROLAMENTO TENSOR INA;ROLAMENTO TENSOR INA;0;;
204;1299;534 0117 20;1299;534011720;CATEGORIA0;;1;1;0;1;;ROLAMENTO TENSOR INA;ROLAMENTO TENSOR INA;0;;
204;1299;534 0118 20;1299;534011820;CATEGORIA0;;1;1;0;1;;ROLAMENTO TENSOR INA;ROLAMENTO TENSOR INA;0;;
204;1299;534 0119 20;1299;534011920;CATEGORIA0;;1;1;0;1;;ROLAMENTO TENSOR INA;ROLAMENTO TENSOR INA;0;;
204;1299;534 0120 20;1299;534012020;CATEGORIA0;;1;1;0;1;;ROLAMENTO TENSOR INA;ROLAMENTO TENSOR INA;0;;
204;1299;534 0121 10;1299;534012110;CATEGORIA0;;1;1;0;1;;ROLAMENTO TENSOR INA;ROLAMENTO TENSOR INA;0;;
204;1299;534 0122 10;1299;534012210;CATEGORIA0;;1;1;0;1;;ROLAMENTO TENSOR INA;ROLAMENTO TENSOR INA;0;;
204;1299;534 0123 20;1299;534012320;CATEGORIA0;;1;1;0;1;;ROLAMENTO TENSOR INA;ROLAMENTO TENSOR INA;0;;
204;1299;534 0124 30;1299;534012430;CATEGORIA0;;1;1;0;1;;ROLAMENTO TENSOR INA;ROLAMENTO TENSOR INA;0;;
204;1299;534 0125 30;1299;534012530;CATEGORIA0;;1;1;0;1;;ROLAMENTO TENSOR INA;ROLAMENTO TENSOR INA;0;;
204;1299;534 0126 30;1299;534012630;CATEGORIA0;;1;1;0;1;;ROLAMENTO TENSOR INA;ROLAMENTO TENSOR INA;0;;
204;1299;534 0127 30;1299;534012730;CATEGORIA0;;1;1;0;1;;ROLAMENTO TENSOR INA;ROLAMENTO TENSOR INA;0;;
204;1299;534 0128 20;1299;534012820;CATEGORIA0;;1;1;0;1;;ROLAMENTO TENSOR INA;ROLAMENTO TENSOR INA;0;;
204;1299;534 0129 20;1299;534012920;CATEGORIA0;;1;1;0;1;;ROLAMENTO TENSOR INA;ROLAMENTO TENSOR INA;0;;
204;1299;534 0130 20;1299;534013020;CATEGORIA0;;1;1;0;1;;ROLAMENTO TENSOR INA;ROLAMENTO TENSOR INA;0;;
204;1299;534 0131 20;1299;534013120;CATEGORIA0;;1;1;0;1;;ROLAMENTO TENSOR INA;ROLAMENTO TENSOR INA;0;;
204;1299;534 0132 30;1299;534013230;CATEGORIA0;;1;1;0;1;;ROLAMENTO TENSOR INA;ROLAMENTO TENSOR INA;0;;
204;1299;534 0133 30;1299;534013330;CATEGORIA0;;1;1;0;1;;ROLAMENTO TENSOR INA;ROLAMENTO TENSOR INA;0;;
204;1299;534 0134 30;1299;534013430;CATEGORIA0;;1;1;0;1;;ROLAMENTO TENSOR INA;ROLAMENTO TENSOR INA;0;;
204;1299;534 0135 30;1299;534013530;CATEGORIA0;;1;1;0;1;;ROLAMENTO TENSOR INA;ROLAMENTO TENSOR INA;0;;
204;1299;534 0136 30;1299;534013630;CATEGORIA0;;1;1;0;1;;ROLAMENTO TENSOR INA;ROLAMENTO TENSOR INA;0;;
204;1299;534 0137 30;1299;534013730;CATEGORIA0;;1;1;0;1;;ROLAMENTO TENSOR INA;ROLAMENTO TENSOR INA;0;;
204;1299;534 0138 30;1299;534013830;CATEGORIA0;;1;1;0;1;;ROLAMENTO TENSOR INA;ROLAMENTO TENSOR INA;0;;
204;1299;534 0139 30;1299;534013930;CATEGORIA0;;1;1;0;1;;ROLAMENTO TENSOR INA;ROLAMENTO TENSOR INA;0;;
204;1299;534 0140 30;1299;534014030;CATEGORIA0;;1;1;0;1;;ROLAMENTO TENSOR INA;ROLAMENTO TENSOR INA;0;;
204;1299;534 0141 30;1299;534014130;CATEGORIA0;;1;1;0;1;;ROLAMENTO TENSOR INA;ROLAMENTO TENSOR INA;0;;
204;1299;534 0142 30;1299;534014230;CATEGORIA0;;1;1;0;1;;ROLAMENTO TENSOR INA;ROLAMENTO TENSOR INA;0;;
204;1299;534 0144 10;1299;534014410;CATEGORIA0;;1;1;0;1;;ROLAMENTO TENSOR INA;ROLAMENTO TENSOR INA;0;;
204;1299;534 0145 10;1299;534014510;CATEGORIA0;;1;1;0;1;;ROLAMENTO TENSOR INA;ROLAMENTO TENSOR INA;0;;
204;1299;534 0146 10;1299;534014610;CATEGORIA0;;1;1;0;1;;ROLAMENTO TENSOR INA;ROLAMENTO TENSOR INA;0;;
204;1299;534 0147 10;1299;534014710;CATEGORIA0;;1;1;0;1;;ROLAMENTO TENSOR INA;ROLAMENTO TENSOR INA;0;;
204;1299;534 0150 10;1299;534015010;CATEGORIA0;;1;1;0;1;;ROLAMENTO TENSOR INA;ROLAMENTO TENSOR INA;0;;
204;1299;534 0151 10;1299;534015110;CATEGORIA0;;1;1;0;1;;ROLAMENTO TENSOR INA;ROLAMENTO TENSOR INA;0;;
204;1299;534 0156 10;1299;534015610;CATEGORIA0;;1;1;0;1;;ROLAMENTO TENSOR INA;ROLAMENTO TENSOR INA;0;;
204;1299;534 0159 10;1299;534015910;CATEGORIA0;;1;1;0;1;;ROLAMENTO TENSOR INA;ROLAMENTO TENSOR INA;0;;
204;1299;534 0160 10;1299;534016010;CATEGORIA0;;1;1;0;1;;ROLAMENTO TENSOR INA;ROLAMENTO TENSOR INA;0;;
204;1299;534 0161 10;1299;534016110;CATEGORIA0;;1;1;0;1;;ROLAMENTO TENSOR INA;ROLAMENTO TENSOR INA;0;;
204;1299;534 0162 10;1299;534016210;CATEGORIA0;;1;1;0;1;;ROLAMENTO TENSOR INA;ROLAMENTO TENSOR INA;0;;
204;1299;534 0163 10;1299;534016310;CATEGORIA0;;1;1;0;1;;ROLAMENTO TENSOR INA;ROLAMENTO TENSOR INA;0;;
204;1299;534 0164 10;1299;534016410;CATEGORIA0;;1;1;0;1;;ROLAMENTO TENSOR INA;ROLAMENTO TENSOR INA;0;;
204;1299;534 0165 10;1299;534016510;CATEGORIA0;;1;1;0;1;;ROLAMENTO TENSOR INA;ROLAMENTO TENSOR INA;0;;
204;1299;534 0166 10;1299;534016610;CATEGORIA0;;1;1;0;1;;ROLAMENTO TENSOR INA;ROLAMENTO TENSOR INA;0;;
204;1299;534 0167 10;1299;534016710;CATEGORIA0;;1;1;0;1;;ROLAMENTO TENSOR INA;ROLAMENTO TENSOR INA;0;;
204;1299;534 0168 10;1299;534016810;CATEGORIA0;;1;1;0;1;;ROLAMENTO TENSOR INA;ROLAMENTO TENSOR INA;0;;
204;1299;534 0169 10;1299;534016910;CATEGORIA0;;1;1;0;1;;ROLAMENTO TENSOR INA;ROLAMENTO TENSOR INA;0;;
204;1299;534 0170 10;1299;534017010;CATEGORIA0;;1;1;0;1;;ROLAMENTO TENSOR INA;ROLAMENTO TENSOR INA;0;;
204;1299;534 0171 10;1299;534017110;CATEGORIA0;;1;1;0;1;;ROLAMENTO TENSOR INA;ROLAMENTO TENSOR INA;0;;
204;1299;534 0172 10;1299;534017210;CATEGORIA0;;1;1;0;1;;ROLAMENTO TENSOR INA;ROLAMENTO TENSOR INA;0;;
204;1299;534 0173 10;1299;534017310;CATEGORIA0;;1;1;0;1;;ROLAMENTO TENSOR INA;ROLAMENTO TENSOR INA;0;;
204;1299;534 0174 10;1299;534017410;CATEGORIA0;;1;1;0;1;;ROLAMENTO TENSOR INA;ROLAMENTO TENSOR INA;0;;
204;1299;534 0175 10;1299;534017510;CATEGORIA0;;1;1;0;1;;ROLAMENTO TENSOR INA;ROLAMENTO TENSOR INA;0;;
204;1299;534 0176 10;1299;534017610;CATEGORIA0;;1;1;0;1;;ROLAMENTO TENSOR INA;ROLAMENTO TENSOR INA;0;;
204;1299;534 0177 10;1299;534017710;CATEGORIA0;;1;1;0;1;;ROLAMENTO TENSOR INA;ROLAMENTO TENSOR INA;0;;
204;1299;534 0178 10;1299;534017810;CATEGORIA0;;1;1;0;1;;ROLAMENTO TENSOR INA;ROLAMENTO TENSOR INA;0;;
204;1299;534 0179 10;1299;534017910;CATEGORIA0;;1;1;0;1;;ROLAMENTO TENSOR INA;ROLAMENTO TENSOR INA;0;;
204;1299;534 0180 10;1299;534018010;CATEGORIA0;;1;1;0;1;;ROLAMENTO TENSOR INA;ROLAMENTO TENSOR INA;0;;
204;1299;534 0181 10;1299;534018110;CATEGORIA0;;1;1;0;1;;ROLAMENTO TENSOR INA;ROLAMENTO TENSOR INA;0;;
204;1299;534 0182 10;1299;534018210;CATEGORIA0;;1;1;0;1;;ROLAMENTO TENSOR INA;ROLAMENTO TENSOR INA;0;;
204;1299;534 0183 10;1299;534018310;CATEGORIA0;;1;1;0;1;;ROLAMENTO TENSOR INA;ROLAMENTO TENSOR INA;0;;
204;1299;534 0184 10;1299;534018410;CATEGORIA0;;1;1;0;1;;ROLAMENTO TENSOR INA;ROLAMENTO TENSOR INA;0;;
204;1299;534 0185 10;1299;534018510;CATEGORIA0;;1;1;0;1;;ROLAMENTO TENSOR INA;ROLAMENTO TENSOR INA;0;;
204;1299;534 0186 10;1299;534018610;CATEGORIA0;;1;1;0;1;;ROLAMENTO TENSOR INA;ROLAMENTO TENSOR INA;0;;
204;1299;534 0187 10;1299;534018710;CATEGORIA0;;1;1;0;1;;ROLAMENTO TENSOR INA;ROLAMENTO TENSOR INA;0;;
204;1299;534 0188 10;1299;534018810;CATEGORIA0;;1;1;0;1;;ROLAMENTO TENSOR INA;ROLAMENTO TENSOR INA;0;;
204;1299;534 0239 10;1299;534023910;CATEGORIA0;;1;1;0;1;;ROLAMENTO TENSOR INA;ROLAMENTO TENSOR INA;0;;
204;1299;534 0240 10;1299;534024010;CATEGORIA0;;1;1;0;1;;ROLAMENTO TENSOR INA;ROLAMENTO TENSOR INA;0;;
204;1299;534 0241 10;1299;534024110;CATEGORIA0;;1;1;0;1;;ROLAMENTO TENSOR INA;ROLAMENTO TENSOR INA;0;;
204;1299;534 0242 10;1299;534024210;CATEGORIA0;;1;1;0;1;;ROLAMENTO TENSOR INA;ROLAMENTO TENSOR INA;0;;
204;1299;534 0243 10;1299;534024310;CATEGORIA0;;1;1;0;1;;ROLAMENTO TENSOR INA;ROLAMENTO TENSOR INA;0;;
204;1299;534 0244 10;1299;534024410;CATEGORIA0;;1;1;0;1;;ROLAMENTO TENSOR INA;ROLAMENTO TENSOR INA;0;;
204;1299;534 0246 10;1299;534024610;CATEGORIA0;;1;1;0;1;;ROLAMENTO TENSOR INA;ROLAMENTO TENSOR INA;0;;
204;1299;534 0247 10;1299;534024710;CATEGORIA0;;1;1;0;1;;ROLAMENTO TENSOR INA;ROLAMENTO TENSOR INA;0;;
204;1299;534 0248 10;1299;534024810;CATEGORIA0;;1;1;0;1;;ROLAMENTO TENSOR INA;ROLAMENTO TENSOR INA;0;;
204;1299;534 0249 10;1299;534024910;CATEGORIA0;;1;1;0;1;;ROLAMENTO TENSOR INA;ROLAMENTO TENSOR INA;0;;
204;1299;534 0250 10;1299;534025010;CATEGORIA0;;1;1;0;1;;ROLAMENTO TENSOR INA;ROLAMENTO TENSOR INA;0;;
204;1299;534 0251 10;1299;534025110;CATEGORIA0;;1;1;0;1;;ROLAMENTO TENSOR INA;ROLAMENTO TENSOR INA;0;;
204;1299;534 0252 10;1299;534025210;CATEGORIA0;;1;1;0;1;;ROLAMENTO TENSOR INA;ROLAMENTO TENSOR INA;0;;
204;1299;534 0253 10;1299;534025310;CATEGORIA0;;1;1;0;1;;ROLAMENTO TENSOR INA;ROLAMENTO TENSOR INA;0;;
204;1299;534 0254 10;1299;534025410;CATEGORIA0;;1;1;0;1;;ROLAMENTO TENSOR INA;ROLAMENTO TENSOR INA;0;;
204;1299;534 0255 10;1299;534025510;CATEGORIA0;;1;1;0;1;;ROLAMENTO TENSOR INA;ROLAMENTO TENSOR INA;0;;
204;1299;534 0257 10;1299;534025710;CATEGORIA0;;1;1;0;1;;ROLAMENTO TENSOR INA;ROLAMENTO TENSOR INA;0;;
204;1299;534 0261 10;1299;534026110;CATEGORIA0;;1;1;0;1;;ROLAMENTO TENSOR INA;ROLAMENTO TENSOR INA;0;;
204;1299;534 0262 10;1299;534026210;CATEGORIA0;;1;1;0;1;;ROLAMENTO TENSOR INA;ROLAMENTO TENSOR INA;0;;
204;1299;534 0263 10;1299;534026310;CATEGORIA0;;1;1;0;1;;ROLAMENTO TENSOR INA;ROLAMENTO TENSOR INA;0;;
204;1299;534 0264 10;1299;534026410;CATEGORIA0;;1;1;0;1;;ROLAMENTO TENSOR INA;ROLAMENTO TENSOR INA;0;;
204;1299;534 0268 10;1299;534026810;CATEGORIA0;;1;1;0;1;;ROLAMENTO TENSOR INA;ROLAMENTO TENSOR INA;0;;
204;1299;534 0269 10;1299;534026910;CATEGORIA0;;1;1;0;1;;ROLAMENTO TENSOR INA;ROLAMENTO TENSOR INA;0;;
204;1299;534 0270 10;1299;534027010;CATEGORIA0;;1;1;0;1;;ROLAMENTO TENSOR INA;ROLAMENTO TENSOR INA;0;;
204;1299;534 0271 10;1299;534027110;CATEGORIA0;;1;1;0;1;;ROLAMENTO TENSOR INA;ROLAMENTO TENSOR INA;0;;
204;1299;534 0273 10;1299;534027310;CATEGORIA0;;1;1;0;1;;ROLAMENTO TENSOR INA;ROLAMENTO TENSOR INA;0;;
204;1299;534 0274 10;1299;534027410;CATEGORIA0;;1;1;0;1;;ROLAMENTO TENSOR INA;ROLAMENTO TENSOR INA;0;;
204;1299;534 0278 10;1299;534027810;CATEGORIA0;;1;1;0;1;;ROLAMENTO TENSOR INA;ROLAMENTO TENSOR INA;0;;
204;1299;534 0279 10;1299;534027910;CATEGORIA0;;1;1;0;1;;ROLAMENTO TENSOR INA;ROLAMENTO TENSOR INA;0;;
204;1299;534 0281 10;1299;534028110;CATEGORIA0;;1;1;0;1;;ROLAMENTO TENSOR INA;ROLAMENTO TENSOR INA;0;;
204;1299;534 0282 10;1299;534028210;CATEGORIA0;;1;1;0;1;;ROLAMENTO TENSOR INA;ROLAMENTO TENSOR INA;0;;
204;1299;534 0283 10;1299;534028310;CATEGORIA0;;1;1;0;1;;ROLAMENTO TENSOR INA;ROLAMENTO TENSOR INA;0;;
204;1299;534 0284 10;1299;534028410;CATEGORIA0;;1;1;0;1;;ROLAMENTO TENSOR INA;ROLAMENTO TENSOR INA;0;;
204;1299;534 0285 10;1299;534028510;CATEGORIA0;;1;1;0;1;;ROLAMENTO TENSOR INA;ROLAMENTO TENSOR INA;0;;
204;1299;534 0286 10;1299;534028610;CATEGORIA0;;1;1;0;1;;ROLAMENTO TENSOR INA;ROLAMENTO TENSOR INA;0;;
204;1299;534 0287 10;1299;534028710;CATEGORIA0;;1;1;0;1;;ROLAMENTO TENSOR INA;ROLAMENTO TENSOR INA;0;;
204;1299;534 0288 10;1299;534028810;CATEGORIA0;;1;1;0;1;;ROLAMENTO TENSOR INA;ROLAMENTO TENSOR INA;0;;
204;1299;534 0290 10;1299;534029010;CATEGORIA0;;1;1;0;1;;ROLAMENTO TENSOR INA;ROLAMENTO TENSOR INA;0;;
204;1299;534 0293 10;1299;534029310;CATEGORIA0;;1;1;0;1;;ROLAMENTO TENSOR INA;ROLAMENTO TENSOR INA;0;;
204;1299;534 0295 10;1299;534029510;CATEGORIA0;;1;1;0;1;;ROLAMENTO TENSOR INA;ROLAMENTO TENSOR INA;0;;
204;1299;534 0296 10;1299;534029610;CATEGORIA0;;1;1;0;1;;ROLAMENTO TENSOR INA;ROLAMENTO TENSOR INA;0;;
204;1299;534 0297 10;1299;534029710;CATEGORIA0;;1;1;0;1;;ROLAMENTO TENSOR INA;ROLAMENTO TENSOR INA;0;;
204;1299;534 0299 10;1299;534029910;CATEGORIA0;;1;1;0;1;;ROLAMENTO TENSOR INA;ROLAMENTO TENSOR INA;0;;
204;1299;534 0306 10;1299;534030610;CATEGORIA0;;1;1;0;1;;ROLAMENTO TENSOR INA;ROLAMENTO TENSOR INA;0;;
204;1299;534 0307 10;1299;534030710;CATEGORIA0;;1;1;0;1;;ROLAMENTO TENSOR INA;ROLAMENTO TENSOR INA;0;;
204;1299;534 0308 10;1299;534030810;CATEGORIA0;;1;1;0;1;;ROLAMENTO TENSOR INA;ROLAMENTO TENSOR INA;0;;
204;1299;534 0309 10;1299;534030910;CATEGORIA0;;1;1;0;1;;ROLAMENTO TENSOR INA;ROLAMENTO TENSOR INA;0;;
204;1299;534 0312 10;1299;534031210;CATEGORIA0;;1;1;0;1;;ROLAMENTO TENSOR INA;ROLAMENTO TENSOR INA;0;;
204;1299;534 0313 10;1299;534031310;CATEGORIA0;;1;1;0;1;;ROLAMENTO TENSOR INA;ROLAMENTO TENSOR INA;0;;
204;1299;534 0314 10;1299;534031410;CATEGORIA0;;1;1;0;1;;ROLAMENTO TENSOR INA;ROLAMENTO TENSOR INA;0;;
204;1299;534 0316 10;1299;534031610;CATEGORIA0;;1;1;0;1;;ROLAMENTO TENSOR INA;ROLAMENTO TENSOR INA;0;;
204;1299;534 0317 10;1299;534031710;CATEGORIA0;;1;1;0;1;;ROLAMENTO TENSOR INA;ROLAMENTO TENSOR INA;0;;
204;1299;534 0318 10;1299;534031810;CATEGORIA0;;1;1;0;1;;ROLAMENTO TENSOR INA;ROLAMENTO TENSOR INA;0;;
204;1299;534 0319 10;1299;534031910;CATEGORIA0;;1;1;0;1;;ROLAMENTO TENSOR INA;ROLAMENTO TENSOR INA;0;;
204;1299;534 0320 10;1299;534032010;CATEGORIA0;;1;1;0;1;;ROLAMENTO TENSOR INA;ROLAMENTO TENSOR INA;0;;
204;1299;534 0321 10;1299;534032110;CATEGORIA0;;1;1;0;1;;ROLAMENTO TENSOR INA;ROLAMENTO TENSOR INA;0;;
204;1299;534 0324 10;1299;534032410;CATEGORIA0;;1;1;0;1;;ROLAMENTO TENSOR INA;ROLAMENTO TENSOR INA;0;;
204;1299;534 0325 10;1299;534032510;CATEGORIA0;;1;1;0;1;;ROLAMENTO TENSOR INA;ROLAMENTO TENSOR INA;0;;
204;1299;534 0326 10;1299;534032610;CATEGORIA0;;1;1;0;1;;ROLAMENTO TENSOR INA;ROLAMENTO TENSOR INA;0;;
204;1299;534 0329 10;1299;534032910;CATEGORIA0;;1;1;0;1;;ROLAMENTO TENSOR INA;ROLAMENTO TENSOR INA;0;;
204;1299;534 0330 10;1299;534033010;CATEGORIA0;;1;1;0;1;;ROLAMENTO TENSOR INA;ROLAMENTO TENSOR INA;0;;
204;1299;534 0331 10;1299;534033110;CATEGORIA0;;1;1;0;1;;ROLAMENTO TENSOR INA;ROLAMENTO TENSOR INA;0;;
204;1299;534 0333 10;1299;534033310;CATEGORIA0;;1;1;0;1;;ROLAMENTO TENSOR INA;ROLAMENTO TENSOR INA;0;;
204;1299;534 0334 10;1299;534033410;CATEGORIA0;;1;1;0;1;;ROLAMENTO TENSOR INA;ROLAMENTO TENSOR INA;0;;
204;1299;534 0335 10;1299;534033510;CATEGORIA0;;1;1;0;1;;ROLAMENTO TENSOR INA;ROLAMENTO TENSOR INA;0;;
204;1299;534 0336 10;1299;534033610;CATEGORIA0;;1;1;0;1;;ROLAMENTO TENSOR INA;ROLAMENTO TENSOR INA;0;;
204;1299;534 0337 10;1299;534033710;CATEGORIA0;;1;1;0;1;;ROLAMENTO TENSOR INA;ROLAMENTO TENSOR INA;0;;
204;1299;534 0338 10;1299;534033810;CATEGORIA0;;1;1;0;1;;ROLAMENTO TENSOR INA;ROLAMENTO TENSOR INA;0;;
204;1299;534 0339 10;1299;534033910;CATEGORIA0;;1;1;0;1;;ROLAMENTO TENSOR INA;ROLAMENTO TENSOR INA;0;;
204;1299;534 0341 10;1299;534034110;CATEGORIA0;;1;1;0;1;;ROLAMENTO TENSOR INA;ROLAMENTO TENSOR INA;0;;
204;1299;534 0342 10;1299;534034210;CATEGORIA0;;1;1;0;1;;ROLAMENTO TENSOR INA;ROLAMENTO TENSOR INA;0;;
204;1299;534 0345 10;1299;534034510;CATEGORIA0;;1;1;0;1;;ROLAMENTO TENSOR INA;ROLAMENTO TENSOR INA;0;;
204;1299;534 0346 10;1299;534034610;CATEGORIA0;;1;1;0;1;;ROLAMENTO TENSOR INA;ROLAMENTO TENSOR INA;0;;
204;1299;534 0348 10;1299;534034810;CATEGORIA0;;1;1;0;1;;ROLAMENTO TENSOR INA;ROLAMENTO TENSOR INA;0;;
204;1299;534 0350 10;1299;534035010;CATEGORIA0;;1;1;0;1;;ROLAMENTO TENSOR INA;ROLAMENTO TENSOR INA;0;;
204;1299;534 0351 10;1299;534035110;CATEGORIA0;;1;1;0;1;;ROLAMENTO TENSOR INA;ROLAMENTO TENSOR INA;0;;
204;1299;534 0353 10;1299;534035310;CATEGORIA0;;1;1;0;1;;ROLAMENTO TENSOR INA;ROLAMENTO TENSOR INA;0;;
204;1299;534 0354 10;1299;534035410;CATEGORIA0;;1;1;0;1;;ROLAMENTO TENSOR INA;ROLAMENTO TENSOR INA;0;;
204;1299;534 0356 10;1299;534035610;CATEGORIA0;;1;1;0;1;;ROLAMENTO TENSOR INA;ROLAMENTO TENSOR INA;0;;
204;1299;534 0357 10;1299;534035710;CATEGORIA0;;1;1;0;1;;ROLAMENTO TENSOR INA;ROLAMENTO TENSOR INA;0;;
204;1299;534 0358 10;1299;534035810;CATEGORIA0;;1;1;0;1;;ROLAMENTO TENSOR INA;ROLAMENTO TENSOR INA;0;;
204;1299;534 0359 10;1299;534035910;CATEGORIA0;;1;1;0;1;;ROLAMENTO TENSOR INA;ROLAMENTO TENSOR INA;0;;
204;1299;534 0360 10;1299;534036010;CATEGORIA0;;1;1;0;1;;ROLAMENTO TENSOR INA;ROLAMENTO TENSOR INA;0;;
204;1299;534 0361 10;1299;534036110;CATEGORIA0;;1;1;0;1;;ROLAMENTO TENSOR INA;ROLAMENTO TENSOR INA;0;;
204;1299;534 0362 10;1299;534036210;CATEGORIA0;;1;1;0;1;;ROLAMENTO TENSOR INA;ROLAMENTO TENSOR INA;0;;
204;1299;534 0365 10;1299;534036510;CATEGORIA0;;1;1;0;1;;ROLAMENTO TENSOR INA;ROLAMENTO TENSOR INA;0;;
204;1299;534 0366 10;1299;534036610;CATEGORIA0;;1;1;0;1;;ROLAMENTO TENSOR INA;ROLAMENTO TENSOR INA;0;;
204;1299;534 0367 10;1299;534036710;CATEGORIA0;;1;1;0;1;;ROLAMENTO TENSOR INA;ROLAMENTO TENSOR INA;0;;
204;1299;534 0369 10;1299;534036910;CATEGORIA0;;1;1;0;1;;ROLAMENTO TENSOR INA;ROLAMENTO TENSOR INA;0;;
204;1299;534 0370 10;1299;534037010;CATEGORIA0;;1;1;0;1;;ROLAMENTO TENSOR INA;ROLAMENTO TENSOR INA;0;;
204;1299;534 0372 10;1299;534037210;CATEGORIA0;;1;1;0;1;;ROLAMENTO TENSOR INA;ROLAMENTO TENSOR INA;0;;
204;1299;534 0373 10;1299;534037310;CATEGORIA0;;1;1;0;1;;ROLAMENTO TENSOR INA;ROLAMENTO TENSOR INA;0;;
204;1299;534 0374 10;1299;534037410;CATEGORIA0;;1;1;0;1;;ROLAMENTO TENSOR INA;ROLAMENTO TENSOR INA;0;;
204;1299;534 0375 10;1299;534037510;CATEGORIA0;;1;1;0;1;;ROLAMENTO TENSOR INA;ROLAMENTO TENSOR INA;0;;
204;1299;534 0390 10;1299;534039010;CATEGORIA0;;1;1;0;1;;ROLAMENTO TENSOR INA;ROLAMENTO TENSOR INA;0;;
204;1299;534 0396 10;1299;534039610;CATEGORIA0;;1;1;0;1;;ROLAMENTO TENSOR INA;ROLAMENTO TENSOR INA;0;;
204;1299;534 0400 10;1299;534040010;CATEGORIA0;;1;1;0;1;;ROLAMENTO TENSOR INA;ROLAMENTO TENSOR INA;0;;
204;1299;534 0401 10;1299;534040110;CATEGORIA0;;1;1;0;1;;ROLAMENTO TENSOR INA;ROLAMENTO TENSOR INA;0;;
204;1299;534 0402 10;1299;534040210;CATEGORIA0;;1;1;0;1;;ROLAMENTO TENSOR INA;ROLAMENTO TENSOR INA;0;;
204;1299;534 0403 10;1299;534040310;CATEGORIA0;;1;1;0;1;;ROLAMENTO TENSOR INA;ROLAMENTO TENSOR INA;0;;
204;1299;534 0404 10;1299;534040410;CATEGORIA0;;1;1;0;1;;ROLAMENTO TENSOR INA;ROLAMENTO TENSOR INA;0;;
204;1299;534 0406 10;1299;534040610;CATEGORIA0;;1;1;0;1;;ROLAMENTO TENSOR INA;ROLAMENTO TENSOR INA;0;;
204;1299;534 0407 10;1299;534040710;CATEGORIA0;;1;1;0;1;;ROLAMENTO TENSOR INA;ROLAMENTO TENSOR INA;0;;
204;1299;534 0408 10;1299;534040810;CATEGORIA0;;1;1;0;1;;ROLAMENTO TENSOR INA;ROLAMENTO TENSOR INA;0;;
204;1299;534 0409 10;1299;534040910;CATEGORIA0;;1;1;0;1;;ROLAMENTO TENSOR INA;ROLAMENTO TENSOR INA;0;;
204;1299;534 0411 10;1299;534041110;CATEGORIA0;;1;1;0;1;;ROLAMENTO TENSOR INA;ROLAMENTO TENSOR INA;0;;
204;1299;534 0412 10;1299;534041210;CATEGORIA0;;1;1;0;1;;ROLAMENTO TENSOR INA;ROLAMENTO TENSOR INA;0;;
204;1299;534 0417 10;1299;534041710;CATEGORIA0;;1;1;0;1;;ROLAMENTO TENSOR INA;ROLAMENTO TENSOR INA;0;;
204;1299;534 0419 10;1299;534041910;CATEGORIA0;;1;1;0;1;;ROLAMENTO TENSOR INA;ROLAMENTO TENSOR INA;0;;
204;1299;534 0420 10;1299;534042010;CATEGORIA0;;1;1;0;1;;ROLAMENTO TENSOR INA;ROLAMENTO TENSOR INA;0;;
204;1299;534 0421 10;1299;534042110;CATEGORIA0;;1;1;0;1;;ROLAMENTO TENSOR INA;ROLAMENTO TENSOR INA;0;;
204;1299;534 0422 10;1299;534042210;CATEGORIA0;;1;1;0;1;;ROLAMENTO TENSOR INA;ROLAMENTO TENSOR INA;0;;
204;1299;534 0423 10;1299;534042310;CATEGORIA0;;1;1;0;1;;ROLAMENTO TENSOR INA;ROLAMENTO TENSOR INA;0;;
204;1299;534 0425 10;1299;534042510;CATEGORIA0;;1;1;0;1;;ROLAMENTO TENSOR INA;ROLAMENTO TENSOR INA;0;;
204;1299;534 0426 10;1299;534042610;CATEGORIA0;;1;1;0;1;;ROLAMENTO TENSOR INA;ROLAMENTO TENSOR INA;0;;
204;1299;534 0427 10;1299;534042710;CATEGORIA0;;1;1;0;1;;ROLAMENTO TENSOR INA;ROLAMENTO TENSOR INA;0;;
204;1299;534 0428 10;1299;534042810;CATEGORIA0;;1;1;0;1;;ROLAMENTO TENSOR INA;ROLAMENTO TENSOR INA;0;;
204;1299;534 0429 10;1299;534042910;CATEGORIA0;;1;1;0;1;;ROLAMENTO TENSOR INA;ROLAMENTO TENSOR INA;0;;
204;1299;534 0430 10;1299;534043010;CATEGORIA0;;1;1;0;1;;ROLAMENTO TENSOR INA;ROLAMENTO TENSOR INA;0;;
204;1299;534 0431 10;1299;534043110;CATEGORIA0;;1;1;0;1;;ROLAMENTO TENSOR INA;ROLAMENTO TENSOR INA;0;;
204;1299;534 0432 10;1299;534043210;CATEGORIA0;;1;1;0;1;;ROLAMENTO TENSOR INA;ROLAMENTO TENSOR INA;0;;
204;1299;534 0433 10;1299;534043310;CATEGORIA0;;1;1;0;1;;ROLAMENTO TENSOR INA;ROLAMENTO TENSOR INA;0;;
204;1299;534 0434 10;1299;534043410;CATEGORIA0;;1;1;0;1;;ROLAMENTO TENSOR INA;ROLAMENTO TENSOR INA;0;;
204;1299;534 0435 10;1299;534043510;CATEGORIA0;;1;1;0;1;;ROLAMENTO TENSOR INA;ROLAMENTO TENSOR INA;0;;
204;1299;534 0436 10;1299;534043610;CATEGORIA0;;1;1;0;1;;ROLAMENTO TENSOR INA;ROLAMENTO TENSOR INA;0;;
204;1299;534 0437 10;1299;534043710;CATEGORIA0;;1;1;0;1;;ROLAMENTO TENSOR INA;ROLAMENTO TENSOR INA;0;;
204;1299;534 0438 10;1299;534043810;CATEGORIA0;;1;1;0;1;;ROLAMENTO TENSOR INA;ROLAMENTO TENSOR INA;0;;
204;1299;534 0439 10;1299;534043910;CATEGORIA0;;1;1;0;1;;ROLAMENTO TENSOR INA;ROLAMENTO TENSOR INA;0;;
204;1299;534 0441 10;1299;534044110;CATEGORIA0;;1;1;0;1;;ROLAMENTO TENSOR INA;ROLAMENTO TENSOR INA;0;;
204;1299;534 0442 10;1299;534044210;CATEGORIA0;;1;1;0;1;;ROLAMENTO TENSOR INA;ROLAMENTO TENSOR INA;0;;
204;1299;534 0443 10;1299;534044310;CATEGORIA0;;1;1;0;1;;ROLAMENTO TENSOR INA;ROLAMENTO TENSOR INA;0;;
204;1299;534 0444 10;1299;534044410;CATEGORIA0;;1;1;0;1;;ROLAMENTO TENSOR INA;ROLAMENTO TENSOR INA;0;;
204;1299;534 0445 10;1299;534044510;CATEGORIA0;;1;1;0;1;;ROLAMENTO TENSOR INA;ROLAMENTO TENSOR INA;0;;
204;1299;534 0446 10;1299;534044610;CATEGORIA0;;1;1;0;1;;ROLAMENTO TENSOR INA;ROLAMENTO TENSOR INA;0;;
204;1299;534 0447 10;1299;534044710;CATEGORIA0;;1;1;0;1;;ROLAMENTO TENSOR INA;ROLAMENTO TENSOR INA;0;;
204;1299;534 0448 10;1299;534044810;CATEGORIA0;;1;1;0;1;;ROLAMENTO TENSOR INA;ROLAMENTO TENSOR INA;0;;
204;1299;534 0450 10;1299;534045010;CATEGORIA0;;1;1;0;1;;ROLAMENTO TENSOR INA;ROLAMENTO TENSOR INA;0;;
204;1299;534 0452 10;1299;534045210;CATEGORIA0;;1;1;0;1;;ROLAMENTO TENSOR INA;ROLAMENTO TENSOR INA;0;;
204;1299;534 0453 10;1299;534045310;CATEGORIA0;;1;1;0;1;;ROLAMENTO TENSOR INA;ROLAMENTO TENSOR INA;0;;
204;1299;534 0455 10;1299;534045510;CATEGORIA0;;1;1;0;1;;ROLAMENTO TENSOR INA;ROLAMENTO TENSOR INA;0;;
204;1299;534 0457 10;1299;534045710;CATEGORIA0;;1;1;0;1;;ROLAMENTO TENSOR INA;ROLAMENTO TENSOR INA;0;;
204;1299;534 0458 10;1299;534045810;CATEGORIA0;;1;1;0;1;;ROLAMENTO TENSOR INA;ROLAMENTO TENSOR INA;0;;
204;1299;534 0460 10;1299;534046010;CATEGORIA0;;1;1;0;1;;ROLAMENTO TENSOR INA;ROLAMENTO TENSOR INA;0;;
204;1299;534 0467 10;1299;534046710;CATEGORIA0;;1;1;0;1;;ROLAMENTO TENSOR INA;ROLAMENTO TENSOR INA;0;;
204;1299;534 0468 10;1299;534046810;CATEGORIA0;;1;1;0;1;;ROLAMENTO TENSOR INA;ROLAMENTO TENSOR INA;0;;
204;1299;534 0470 10;1299;534047010;CATEGORIA0;;1;1;0;1;;ROLAMENTO TENSOR INA;ROLAMENTO TENSOR INA;0;;
204;1299;534 0473 10;1299;534047310;CATEGORIA0;;1;1;0;1;;ROLAMENTO TENSOR INA;ROLAMENTO TENSOR INA;0;;
204;1299;534 0474 10;1299;534047410;CATEGORIA0;;1;1;0;1;;ROLAMENTO TENSOR INA;ROLAMENTO TENSOR INA;0;;
204;1299;534 0477 10;1299;534047710;CATEGORIA0;;1;1;0;1;;ROLAMENTO TENSOR INA;ROLAMENTO TENSOR INA;0;;
204;1299;534 0479 10;1299;534047910;CATEGORIA0;;1;1;0;1;;ROLAMENTO TENSOR INA;ROLAMENTO TENSOR INA;0;;
204;1299;534 0480 10;1299;534048010;CATEGORIA0;;1;1;0;1;;ROLAMENTO TENSOR INA;ROLAMENTO TENSOR INA;0;;
204;1299;534 0481 10;1299;534048110;CATEGORIA0;;1;1;0;1;;ROLAMENTO TENSOR INA;ROLAMENTO TENSOR INA;0;;
204;1299;534 0482 10;1299;534048210;CATEGORIA0;;1;1;0;1;;ROLAMENTO TENSOR INA;ROLAMENTO TENSOR INA;0;;
204;1299;534 0487 10;1299;534048710;CATEGORIA0;;1;1;0;1;;ROLAMENTO TENSOR INA;ROLAMENTO TENSOR INA;0;;
204;1299;534 0489 10;1299;534048910;CATEGORIA0;;1;1;0;1;;ROLAMENTO TENSOR INA;ROLAMENTO TENSOR INA;0;;
204;1299;534 0493 10;1299;534049310;CATEGORIA0;;1;1;0;1;;ROLAMENTO TENSOR INA;ROLAMENTO TENSOR INA;0;;
204;1299;534 0496 10;1299;534049610;CATEGORIA0;;1;1;0;1;;ROLAMENTO TENSOR INA;ROLAMENTO TENSOR INA;0;;
204;1299;534 0497 10;1299;534049710;CATEGORIA0;;1;1;0;1;;ROLAMENTO TENSOR INA;ROLAMENTO TENSOR INA;0;;
204;1299;534 0505 10;1299;534050510;CATEGORIA0;;1;1;0;1;;ROLAMENTO TENSOR INA;ROLAMENTO TENSOR INA;0;;
204;1299;534 0506 10;1299;534050610;CATEGORIA0;;1;1;0;1;;ROLAMENTO TENSOR INA;ROLAMENTO TENSOR INA;0;;
204;1299;534 0507 10;1299;534050710;CATEGORIA0;;1;1;0;1;;ROLAMENTO TENSOR INA;ROLAMENTO TENSOR INA;0;;
204;1299;534 0508 10;1299;534050810;CATEGORIA0;;1;1;0;1;;ROLAMENTO TENSOR INA;ROLAMENTO TENSOR INA;0;;
204;1299;534 0509 10;1299;534050910;CATEGORIA0;;1;1;0;1;;ROLAMENTO TENSOR INA;ROLAMENTO TENSOR INA;0;;
204;1299;534 0510 10;1299;534051010;CATEGORIA0;;1;1;0;1;;ROLAMENTO TENSOR INA;ROLAMENTO TENSOR INA;0;;
204;1299;534 0511 10;1299;534051110;CATEGORIA0;;1;1;0;1;;ROLAMENTO TENSOR INA;ROLAMENTO TENSOR INA;0;;
204;1299;534 0516 10;1299;534051610;CATEGORIA0;;1;1;0;1;;ROLAMENTO TENSOR INA;ROLAMENTO TENSOR INA;0;;
204;1299;534 0533 10;1299;534053310;CATEGORIA0;;1;1;0;1;;ROLAMENTO TENSOR INA;ROLAMENTO TENSOR INA;0;;
204;1299;534 0534 10;1299;534053410;CATEGORIA0;;1;1;0;1;;ROLAMENTO TENSOR INA;ROLAMENTO TENSOR INA;0;;
204;1299;534 0535 10;1299;534053510;CATEGORIA0;;1;1;0;1;;ROLAMENTO TENSOR INA;ROLAMENTO TENSOR INA;0;;
204;1299;534 0536 10;1299;534053610;CATEGORIA0;;1;1;0;1;;ROLAMENTO TENSOR INA;ROLAMENTO TENSOR INA;0;;
204;1299;534 0537 10;1299;534053710;CATEGORIA0;;1;1;0;1;;ROLAMENTO TENSOR INA;ROLAMENTO TENSOR INA;0;;
204;1299;534 0538 10;1299;534053810;CATEGORIA0;;1;1;0;1;;ROLAMENTO TENSOR INA;ROLAMENTO TENSOR INA;0;;
204;1299;534 0540 10;1299;534054010;CATEGORIA0;;1;1;0;1;;ROLAMENTO TENSOR INA;ROLAMENTO TENSOR INA;0;;
204;1299;534 0541 10;1299;534054110;CATEGORIA0;;1;1;0;1;;ROLAMENTO TENSOR INA;ROLAMENTO TENSOR INA;0;;
204;1299;534 0545 10;1299;534054510;CATEGORIA0;;1;1;0;1;;ROLAMENTO TENSOR INA;ROLAMENTO TENSOR INA;0;;
204;1299;534 0546 10;1299;534054610;CATEGORIA0;;1;1;0;1;;ROLAMENTO TENSOR INA;ROLAMENTO TENSOR INA;0;;
204;1299;534 0547 10;1299;534054710;CATEGORIA0;;1;1;0;1;;ROLAMENTO TENSOR INA;ROLAMENTO TENSOR INA;0;;
204;1299;534 0548 10;1299;534054810;CATEGORIA0;;1;1;0;1;;ROLAMENTO TENSOR INA;ROLAMENTO TENSOR INA;0;;
204;1299;534 0549 10;1299;534054910;CATEGORIA0;;1;1;0;1;;ROLAMENTO TENSOR INA;ROLAMENTO TENSOR INA;0;;
204;1299;534 0550 10;1299;534055010;CATEGORIA0;;1;1;0;1;;ROLAMENTO TENSOR INA;ROLAMENTO TENSOR INA;0;;
204;1299;534 0551 10;1299;534055110;CATEGORIA0;;1;1;0;1;;ROLAMENTO TENSOR INA;ROLAMENTO TENSOR INA;0;;
204;1299;534 0552 10;1299;534055210;CATEGORIA0;;1;1;0;1;;ROLAMENTO TENSOR INA;ROLAMENTO TENSOR INA;0;;
204;1299;534 0553 10;1299;534055310;CATEGORIA0;;1;1;0;1;;ROLAMENTO TENSOR INA;ROLAMENTO TENSOR INA;0;;
204;1299;534 0565 10;1299;534056510;CATEGORIA0;;1;1;0;1;;ROLAMENTO TENSOR INA;ROLAMENTO TENSOR INA;0;;
204;1299;534 0570 10;1299;534057010;CATEGORIA0;;1;1;0;1;;ROLAMENTO TENSOR INA;ROLAMENTO TENSOR INA;0;;
204;1299;534 0571 10;1299;534057110;CATEGORIA0;;1;1;0;1;;ROLAMENTO TENSOR INA;ROLAMENTO TENSOR INA;0;;
204;1299;534 0574 10;1299;534057410;CATEGORIA0;;1;1;0;1;;ROLAMENTO TENSOR INA;ROLAMENTO TENSOR INA;0;;
204;1299;534 0575 10;1299;534057510;CATEGORIA0;;1;1;0;1;;ROLAMENTO TENSOR INA;ROLAMENTO TENSOR INA;0;;
204;1299;534 0585 10;1299;534058510;CATEGORIA0;;1;1;0;1;;ROLAMENTO TENSOR INA;ROLAMENTO TENSOR INA;0;;
204;1299;534 0586 10;1299;534058610;CATEGORIA0;;1;1;0;1;;ROLAMENTO TENSOR INA;ROLAMENTO TENSOR INA;0;;
204;1299;534 0590 10;1299;534059010;CATEGORIA0;;1;1;0;1;;ROLAMENTO TENSOR INA;ROLAMENTO TENSOR INA;0;;
204;1299;534 0591 10;1299;534059110;CATEGORIA0;;1;1;0;1;;ROLAMENTO TENSOR INA;ROLAMENTO TENSOR INA;0;;
204;1299;534 0592 10;1299;534059210;CATEGORIA0;;1;1;0;1;;ROLAMENTO TENSOR INA;ROLAMENTO TENSOR INA;0;;
204;1299;534 0595 10;1299;534059510;CATEGORIA0;;1;1;0;1;;ROLAMENTO TENSOR INA;ROLAMENTO TENSOR INA;0;;
204;1299;534 0596 10;1299;534059610;CATEGORIA0;;1;1;0;1;;ROLAMENTO TENSOR INA;ROLAMENTO TENSOR INA;0;;
204;1299;534 0597 10;1299;534059710;CATEGORIA0;;1;1;0;1;;ROLAMENTO TENSOR INA;ROLAMENTO TENSOR INA;0;;
204;1299;534 0598 10;1299;534059810;CATEGORIA0;;1;1;0;1;;ROLAMENTO TENSOR INA;ROLAMENTO TENSOR INA;0;;
204;1299;534 0603 10;1299;534060310;CATEGORIA0;;1;1;0;1;;ROLAMENTO TENSOR INA;ROLAMENTO TENSOR INA;0;;
204;1299;534 0604 10;1299;534060410;CATEGORIA0;;1;1;0;1;;ROLAMENTO TENSOR INA;ROLAMENTO TENSOR INA;0;;
204;1299;534 0605 10;1299;534060510;CATEGORIA0;;1;1;0;1;;ROLAMENTO TENSOR INA;ROLAMENTO TENSOR INA;0;;
204;1299;534 0606 10;1299;534060610;CATEGORIA0;;1;1;0;1;;ROLAMENTO TENSOR INA;ROLAMENTO TENSOR INA;0;;
204;1299;534 0607 10;1299;534060710;CATEGORIA0;;1;1;0;1;;ROLAMENTO TENSOR INA;ROLAMENTO TENSOR INA;0;;
204;1299;534 0610 10;1299;534061010;CATEGORIA0;;1;1;0;1;;ROLAMENTO TENSOR INA;ROLAMENTO TENSOR INA;0;;
204;1299;534 0611 10;1299;534061110;CATEGORIA0;;1;1;0;1;;ROLAMENTO TENSOR INA;ROLAMENTO TENSOR INA;0;;
204;1299;534 0624 10;1299;534062410;CATEGORIA0;;1;1;0;1;;ROLAMENTO TENSOR INA;ROLAMENTO TENSOR INA;0;;
204;1299;534 0625 10;1299;534062510;CATEGORIA0;;1;1;0;1;;ROLAMENTO TENSOR INA;ROLAMENTO TENSOR INA;0;;
204;1299;534 0626 10;1299;534062610;CATEGORIA0;;1;1;0;1;;ROLAMENTO TENSOR INA;ROLAMENTO TENSOR INA;0;;
204;1299;534 0627 10;1299;534062710;CATEGORIA0;;1;1;0;1;;ROLAMENTO TENSOR INA;ROLAMENTO TENSOR INA;0;;
204;1299;534 0629 10;1299;534062910;CATEGORIA0;;1;1;0;1;;ROLAMENTO TENSOR INA;ROLAMENTO TENSOR INA;0;;
204;1299;534 0635 10;1299;534063510;CATEGORIA0;;1;1;0;1;;ROLAMENTO TENSOR INA;ROLAMENTO TENSOR INA;0;;
204;1299;534 0638 10;1299;534063810;CATEGORIA0;;1;1;0;1;;ROLAMENTO TENSOR INA;ROLAMENTO TENSOR INA;0;;
204;1299;534 0639 10;1299;534063910;CATEGORIA0;;1;1;0;1;;ROLAMENTO TENSOR INA;ROLAMENTO TENSOR INA;0;;
204;1299;534 0649 10;1299;534064910;CATEGORIA0;;1;1;0;1;;ROLAMENTO TENSOR INA;ROLAMENTO TENSOR INA;0;;
204;1299;534 0650 10;1299;534065010;CATEGORIA0;;1;1;0;1;;ROLAMENTO TENSOR INA;ROLAMENTO TENSOR INA;0;;
204;1299;534 0653 10;1299;534065310;CATEGORIA0;;1;1;0;1;;ROLAMENTO TENSOR INA;ROLAMENTO TENSOR INA;0;;
204;1299;534 0654 10;1299;534065410;CATEGORIA0;;1;1;0;1;;ROLAMENTO TENSOR INA;ROLAMENTO TENSOR INA;0;;
204;1299;534 0655 10;1299;534065510;CATEGORIA0;;1;1;0;1;;ROLAMENTO TENSOR INA;ROLAMENTO TENSOR INA;0;;
204;1299;534 0656 10;1299;534065610;CATEGORIA0;;1;1;0;1;;ROLAMENTO TENSOR INA;ROLAMENTO TENSOR INA;0;;
204;1299;534 0657 10;1299;534065710;CATEGORIA0;;1;1;0;1;;ROLAMENTO TENSOR INA;ROLAMENTO TENSOR INA;0;;
204;1299;534 0658 10;1299;534065810;CATEGORIA0;;1;1;0;1;;ROLAMENTO TENSOR INA;ROLAMENTO TENSOR INA;0;;
204;1299;534 0661 10;1299;534066110;CATEGORIA0;;1;1;0;1;;ROLAMENTO TENSOR INA;ROLAMENTO TENSOR INA;0;;
204;1299;534 0663 10;1299;534066310;CATEGORIA0;;1;1;0;1;;ROLAMENTO TENSOR INA;ROLAMENTO TENSOR INA;0;;
204;1299;534 0666 10;1299;534066610;CATEGORIA0;;1;1;0;1;;ROLAMENTO TENSOR INA;ROLAMENTO TENSOR INA;0;;
204;1299;534 0667 10;1299;534066710;CATEGORIA0;;1;1;0;1;;ROLAMENTO TENSOR INA;ROLAMENTO TENSOR INA;0;;
204;1299;534 0668 10;1299;534066810;CATEGORIA0;;1;1;0;1;;ROLAMENTO TENSOR INA;ROLAMENTO TENSOR INA;0;;
204;1299;534 0672 10;1299;534067210;CATEGORIA0;;1;1;0;1;;ROLAMENTO TENSOR INA;ROLAMENTO TENSOR INA;0;;
204;1299;534 0681 10;1299;534068110;CATEGORIA0;;1;1;0;1;;ROLAMENTO TENSOR INA;ROLAMENTO TENSOR INA;0;;
204;1299;534 0682 10;1299;534068210;CATEGORIA0;;1;1;0;1;;ROLAMENTO TENSOR INA;ROLAMENTO TENSOR INA;0;;
204;1299;534 0683 10;1299;534068310;CATEGORIA0;;1;1;0;1;;ROLAMENTO TENSOR INA;ROLAMENTO TENSOR INA;0;;
204;1299;534 0688 10;1299;534068810;CATEGORIA0;;1;1;0;1;;ROLAMENTO TENSOR INA;ROLAMENTO TENSOR INA;0;;
204;1299;534 0692 10;1299;534069210;CATEGORIA0;;1;1;0;1;;ROLAMENTO TENSOR INA;ROLAMENTO TENSOR INA;0;;
204;1299;534 0693 10;1299;534069310;CATEGORIA0;;1;1;0;1;;ROLAMENTO TENSOR INA;ROLAMENTO TENSOR INA;0;;
204;1299;534 0694 10;1299;534069410;CATEGORIA0;;1;1;0;1;;ROLAMENTO TENSOR INA;ROLAMENTO TENSOR INA;0;;
204;1299;534 0696 10;1299;534069610;CATEGORIA0;;1;1;0;1;;ROLAMENTO TENSOR INA;ROLAMENTO TENSOR INA;0;;
204;1299;534 0702 10;1299;534070210;CATEGORIA0;;1;1;0;1;;ROLAMENTO TENSOR INA;ROLAMENTO TENSOR INA;0;;
204;1299;534 0703 10;1299;534070310;CATEGORIA0;;1;1;0;1;;ROLAMENTO TENSOR INA;ROLAMENTO TENSOR INA;0;;
204;1299;534 0704 10;1299;534070410;CATEGORIA0;;1;1;0;1;;ROLAMENTO TENSOR INA;ROLAMENTO TENSOR INA;0;;
204;1299;534 0705 10;1299;534070510;CATEGORIA0;;1;1;0;1;;ROLAMENTO TENSOR INA;ROLAMENTO TENSOR INA;0;;
204;1299;534 0706 10;1299;534070610;CATEGORIA0;;1;1;0;1;;ROLAMENTO TENSOR INA;ROLAMENTO TENSOR INA;0;;
204;1299;534 0708 10;1299;534070810;CATEGORIA0;;1;1;0;1;;ROLAMENTO TENSOR INA;ROLAMENTO TENSOR INA;0;;
204;1299;534 0709 10;1299;534070910;CATEGORIA0;;1;1;0;1;;ROLAMENTO TENSOR INA;ROLAMENTO TENSOR INA;0;;
204;1299;534 0710 10;1299;534071010;CATEGORIA0;;1;1;0;1;;ROLAMENTO TENSOR INA;ROLAMENTO TENSOR INA;0;;
204;1299;534 0711 10;1299;534071110;CATEGORIA0;;1;1;0;1;;ROLAMENTO TENSOR INA;ROLAMENTO TENSOR INA;0;;
204;1299;534 0715 10;1299;534071510;CATEGORIA0;;1;1;0;1;;ROLAMENTO TENSOR INA;ROLAMENTO TENSOR INA;0;;
204;1299;534 0721 10;1299;534072110;CATEGORIA0;;1;1;0;1;;ROLAMENTO TENSOR INA;ROLAMENTO TENSOR INA;0;;
204;1299;534 0725 10;1299;534072510;CATEGORIA0;;1;1;0;1;;ROLAMENTO TENSOR INA;ROLAMENTO TENSOR INA;0;;
204;1299;534 0726 10;1299;534072610;CATEGORIA0;;1;1;0;1;;ROLAMENTO TENSOR INA;ROLAMENTO TENSOR INA;0;;
204;1299;534 0727 10;1299;534072710;CATEGORIA0;;1;1;0;1;;ROLAMENTO TENSOR INA;ROLAMENTO TENSOR INA;0;;
204;1299;534 0728 10;1299;534072810;CATEGORIA0;;1;1;0;1;;ROLAMENTO TENSOR INA;ROLAMENTO TENSOR INA;0;;
204;1299;534 0729 10;1299;534072910;CATEGORIA0;;1;1;0;1;;ROLAMENTO TENSOR INA;ROLAMENTO TENSOR INA;0;;
204;1299;534 0733 10;1299;534073310;CATEGORIA0;;1;1;0;1;;ROLAMENTO TENSOR INA;ROLAMENTO TENSOR INA;0;;
204;1299;534 0774 10;1299;534077410;CATEGORIA0;;1;1;0;1;;ROLAMENTO TENSOR INA;ROLAMENTO TENSOR INA;0;;
204;1299;534 0903 10;1299;534090310;CATEGORIA0;;1;1;0;1;;ROLAMENTO TENSOR INA;ROLAMENTO TENSOR INA;0;;
204;1299;535 0001 10;1299;535000110;CATEGORIA0;;1;1;0;1;;TENSOR ALTERNADOR INA;TENSOR ALTERNADOR INA;0;;
204;1299;535 0003 10;1299;535000310;CATEGORIA0;;1;1;0;1;;TENSOR ALTERNADOR INA;TENSOR ALTERNADOR INA;0;;
204;1299;535 0004 10;1299;535000410;CATEGORIA0;;1;1;0;1;;TENSOR ALTERNADOR INA;TENSOR ALTERNADOR INA;0;;
204;1299;535 0005 10;1299;535000510;CATEGORIA0;;1;1;0;1;;TENSOR ALTERNADOR INA;TENSOR ALTERNADOR INA;0;;
204;1299;535 0006 10;1299;535000610;CATEGORIA0;;1;1;0;1;;TENSOR ALTERNADOR INA;TENSOR ALTERNADOR INA;0;;
204;1299;535 0007 10;1299;535000710;CATEGORIA0;;1;1;0;1;;TENSOR ALTERNADOR INA;TENSOR ALTERNADOR INA;0;;
204;1299;535 0008 10;1299;535000810;CATEGORIA0;;1;1;0;1;;TENSOR ALTERNADOR INA;TENSOR ALTERNADOR INA;0;;
204;1299;535 0009 10;1299;535000910;CATEGORIA0;;1;1;0;1;;TENSOR ALTERNADOR INA;TENSOR ALTERNADOR INA;0;;
204;1299;535 0010 10;1299;535001010;CATEGORIA0;;1;1;0;1;;TENSOR ALTERNADOR INA;TENSOR ALTERNADOR INA;0;;
204;1299;535 0011 10;1299;535001110;CATEGORIA0;;1;1;0;1;;TENSOR ALTERNADOR INA;TENSOR ALTERNADOR INA;0;;
204;1299;535 0012 10;1299;535001210;CATEGORIA0;;1;1;0;1;;TENSOR ALTERNADOR INA;TENSOR ALTERNADOR INA;0;;
204;1299;535 0013 10;1299;535001310;CATEGORIA0;;1;1;0;1;;TENSOR ALTERNADOR INA;TENSOR ALTERNADOR INA;0;;
204;1299;535 0014 10;1299;535001410;CATEGORIA0;;1;1;0;1;;TENSOR ALTERNADOR INA;TENSOR ALTERNADOR INA;0;;
204;1299;535 0015 10;1299;535001510;CATEGORIA0;;1;1;0;1;;TENSOR ALTERNADOR INA;TENSOR ALTERNADOR INA;0;;
204;1299;535 0016 10;1299;535001610;CATEGORIA0;;1;1;0;1;;TENSOR ALTERNADOR INA;TENSOR ALTERNADOR INA;0;;
204;1299;535 0017 10;1299;535001710;CATEGORIA0;;1;1;0;1;;TENSOR ALTERNADOR INA;TENSOR ALTERNADOR INA;0;;
204;1299;535 0018 10;1299;535001810;CATEGORIA0;;1;1;0;1;;TENSOR ALTERNADOR INA;TENSOR ALTERNADOR INA;0;;
204;1299;535 0020 10;1299;535002010;CATEGORIA0;;1;1;0;1;;TENSOR ALTERNADOR INA;TENSOR ALTERNADOR INA;0;;
204;1299;535 0021 10;1299;535002110;CATEGORIA0;;1;1;0;1;;TENSOR ALTERNADOR INA;TENSOR ALTERNADOR INA;0;;
204;1299;535 0022 10;1299;535002210;CATEGORIA0;;1;1;0;1;;TENSOR ALTERNADOR INA;TENSOR ALTERNADOR INA;0;;
204;1299;535 0023 10;1299;535002310;CATEGORIA0;;1;1;0;1;;TENSOR ALTERNADOR INA;TENSOR ALTERNADOR INA;0;;
204;1299;535 0024 10;1299;535002410;CATEGORIA0;;1;1;0;1;;TENSOR ALTERNADOR INA;TENSOR ALTERNADOR INA;0;;
204;1299;535 0025 10;1299;535002510;CATEGORIA0;;1;1;0;1;;TENSOR ALTERNADOR INA;TENSOR ALTERNADOR INA;0;;
204;1299;535 0026 10;1299;535002610;CATEGORIA0;;1;1;0;1;;TENSOR ALTERNADOR INA;TENSOR ALTERNADOR INA;0;;
204;1299;535 0028 10;1299;535002810;CATEGORIA0;;1;1;0;1;;TENSOR ALTERNADOR INA;TENSOR ALTERNADOR INA;0;;
204;1299;535 0030 10;1299;535003010;CATEGORIA0;;1;1;0;1;;TENSOR ALTERNADOR INA;TENSOR ALTERNADOR INA;0;;
204;1299;535 0031 10;1299;535003110;CATEGORIA0;;1;1;0;1;;TENSOR ALTERNADOR INA;TENSOR ALTERNADOR INA;0;;
204;1299;535 0032 10;1299;535003210;CATEGORIA0;;1;1;0;1;;TENSOR ALTERNADOR INA;TENSOR ALTERNADOR INA;0;;
204;1299;535 0033 10;1299;535003310;CATEGORIA0;;1;1;0;1;;TENSOR ALTERNADOR INA;TENSOR ALTERNADOR INA;0;;
204;1299;535 0034 10;1299;535003410;CATEGORIA0;;1;1;0;1;;TENSOR ALTERNADOR INA;TENSOR ALTERNADOR INA;0;;
204;1299;535 0035 10;1299;535003510;CATEGORIA0;;1;1;0;1;;TENSOR ALTERNADOR INA;TENSOR ALTERNADOR INA;0;;
204;1299;535 0036 10;1299;535003610;CATEGORIA0;;1;1;0;1;;TENSOR ALTERNADOR INA;TENSOR ALTERNADOR INA;0;;
204;1299;535 0037 10;1299;535003710;CATEGORIA0;;1;1;0;1;;TENSOR ALTERNADOR INA;TENSOR ALTERNADOR INA;0;;
204;1299;535 0038 10;1299;535003810;CATEGORIA0;;1;1;0;1;;TENSOR ALTERNADOR INA;TENSOR ALTERNADOR INA;0;;
204;1299;535 0039 10;1299;535003910;CATEGORIA0;;1;1;0;1;;TENSOR ALTERNADOR INA;TENSOR ALTERNADOR INA;0;;
204;1299;535 0041 10;1299;535004110;CATEGORIA0;;1;1;0;1;;TENSOR ALTERNADOR INA;TENSOR ALTERNADOR INA;0;;
204;1299;535 0042 10;1299;535004210;CATEGORIA0;;1;1;0;1;;TENSOR ALTERNADOR INA;TENSOR ALTERNADOR INA;0;;
204;1299;535 0044 10;1299;535004410;CATEGORIA0;;1;1;0;1;;TENSOR ALTERNADOR INA;TENSOR ALTERNADOR INA;0;;
204;1299;535 0046 10;1299;535004610;CATEGORIA0;;1;1;0;1;;TENSOR ALTERNADOR INA;TENSOR ALTERNADOR INA;0;;
204;1299;535 0047 10;1299;535004710;CATEGORIA0;;1;1;0;1;;TENSOR ALTERNADOR INA;TENSOR ALTERNADOR INA;0;;
204;1299;535 0048 10;1299;535004810;CATEGORIA0;;1;1;0;1;;TENSOR ALTERNADOR INA;TENSOR ALTERNADOR INA;0;;
204;1299;535 0049 10;1299;535004910;CATEGORIA0;;1;1;0;1;;TENSOR ALTERNADOR INA;TENSOR ALTERNADOR INA;0;;
204;1299;535 0050 10;1299;535005010;CATEGORIA0;;1;1;0;1;;TENSOR ALTERNADOR INA;TENSOR ALTERNADOR INA;0;;
204;1299;535 0052 10;1299;535005210;CATEGORIA0;;1;1;0;1;;TENSOR ALTERNADOR INA;TENSOR ALTERNADOR INA;0;;
204;1299;535 0053 10;1299;535005310;CATEGORIA0;;1;1;0;1;;TENSOR ALTERNADOR INA;TENSOR ALTERNADOR INA;0;;
204;1299;535 0059 10;1299;535005910;CATEGORIA0;;1;1;0;1;;TENSOR ALTERNADOR INA;TENSOR ALTERNADOR INA;0;;
204;1299;535 0060 10;1299;535006010;CATEGORIA0;;1;1;0;1;;TENSOR ALTERNADOR INA;TENSOR ALTERNADOR INA;0;;
204;1299;535 0062 10;1299;535006210;CATEGORIA0;;1;1;0;1;;TENSOR ALTERNADOR INA;TENSOR ALTERNADOR INA;0;;
204;1299;535 0063 10;1299;535006310;CATEGORIA0;;1;1;0;1;;TENSOR ALTERNADOR INA;TENSOR ALTERNADOR INA;0;;
204;1299;535 0064 10;1299;535006410;CATEGORIA0;;1;1;0;1;;TENSOR ALTERNADOR INA;TENSOR ALTERNADOR INA;0;;
204;1299;535 0065 10;1299;535006510;CATEGORIA0;;1;1;0;1;;TENSOR ALTERNADOR INA;TENSOR ALTERNADOR INA;0;;
204;1299;535 0070 30;1299;535007030;CATEGORIA0;;1;1;0;1;;TENSOR ALTERNADOR INA;TENSOR ALTERNADOR INA;0;;
204;1299;535 0071 30;1299;535007130;CATEGORIA0;;1;1;0;1;;TENSOR ALTERNADOR INA;TENSOR ALTERNADOR INA;0;;
204;1299;535 0072 10;1299;535007210;CATEGORIA0;;1;1;0;1;;TENSOR ALTERNADOR INA;TENSOR ALTERNADOR INA;0;;
204;1299;535 0074 10;1299;535007410;CATEGORIA0;;1;1;0;1;;TENSOR ALTERNADOR INA;TENSOR ALTERNADOR INA;0;;
204;1299;535 0075 10;1299;535007510;CATEGORIA0;;1;1;0;1;;TENSOR ALTERNADOR INA;TENSOR ALTERNADOR INA;0;;
204;1299;535 0077 10;1299;535007710;CATEGORIA0;;1;1;0;1;;TENSOR ALTERNADOR INA;TENSOR ALTERNADOR INA;0;;
204;1299;535 0079 10;1299;535007910;CATEGORIA0;;1;1;0;1;;TENSOR ALTERNADOR INA;TENSOR ALTERNADOR INA;0;;
204;1299;535 0080 10;1299;535008010;CATEGORIA0;;1;1;0;1;;TENSOR ALTERNADOR INA;TENSOR ALTERNADOR INA;0;;
204;1299;535 0081 10;1299;535008110;CATEGORIA0;;1;1;0;1;;TENSOR ALTERNADOR INA;TENSOR ALTERNADOR INA;0;;
204;1299;535 0083 10;1299;535008310;CATEGORIA0;;1;1;0;1;;TENSOR ALTERNADOR INA;TENSOR ALTERNADOR INA;0;;
204;1299;535 0084 10;1299;535008410;CATEGORIA0;;1;1;0;1;;TENSOR ALTERNADOR INA;TENSOR ALTERNADOR INA;0;;
204;1299;535 0085 10;1299;535008510;CATEGORIA0;;1;1;0;1;;TENSOR ALTERNADOR INA;TENSOR ALTERNADOR INA;0;;
204;1299;535 0086 10;1299;535008610;CATEGORIA0;;1;1;0;1;;TENSOR ALTERNADOR INA;TENSOR ALTERNADOR INA;0;;
204;1299;535 0087 10;1299;535008710;CATEGORIA0;;1;1;0;1;;TENSOR ALTERNADOR INA;TENSOR ALTERNADOR INA;0;;
204;1299;535 0088 10;1299;535008810;CATEGORIA0;;1;1;0;1;;TENSOR ALTERNADOR INA;TENSOR ALTERNADOR INA;0;;
204;1299;535 0089 10;1299;535008910;CATEGORIA0;;1;1;0;1;;TENSOR ALTERNADOR INA;TENSOR ALTERNADOR INA;0;;
204;1299;535 0090 10;1299;535009010;CATEGORIA0;;1;1;0;1;;TENSOR ALTERNADOR INA;TENSOR ALTERNADOR INA;0;;
204;1299;535 0091 10;1299;535009110;CATEGORIA0;;1;1;0;1;;TENSOR ALTERNADOR INA;TENSOR ALTERNADOR INA;0;;
204;1299;535 0092 10;1299;535009210;CATEGORIA0;;1;1;0;1;;TENSOR ALTERNADOR INA;TENSOR ALTERNADOR INA;0;;
204;1299;535 0093 10;1299;535009310;CATEGORIA0;;1;1;0;1;;TENSOR ALTERNADOR INA;TENSOR ALTERNADOR INA;0;;
204;1299;535 0096 10;1299;535009610;CATEGORIA0;;1;1;0;1;;TENSOR ALTERNADOR INA;TENSOR ALTERNADOR INA;0;;
204;1299;535 0097 10;1299;535009710;CATEGORIA0;;1;1;0;1;;TENSOR ALTERNADOR INA;TENSOR ALTERNADOR INA;0;;
204;1299;535 0098 10;1299;535009810;CATEGORIA0;;1;1;0;1;;TENSOR ALTERNADOR INA;TENSOR ALTERNADOR INA;0;;
204;1299;535 0099 10;1299;535009910;CATEGORIA0;;1;1;0;1;;TENSOR ALTERNADOR INA;TENSOR ALTERNADOR INA;0;;
204;1299;535 0100 10;1299;535010010;CATEGORIA0;;1;1;0;1;;TENSOR ALTERNADOR INA;TENSOR ALTERNADOR INA;0;;
204;1299;535 0101 10;1299;535010110;CATEGORIA0;;1;1;0;1;;TENSOR ALTERNADOR INA;TENSOR ALTERNADOR INA;0;;
204;1299;535 0102 10;1299;535010210;CATEGORIA0;;1;1;0;1;;TENSOR ALTERNADOR INA;TENSOR ALTERNADOR INA;0;;
204;1299;535 0103 10;1299;535010310;CATEGORIA0;;1;1;0;1;;TENSOR ALTERNADOR INA;TENSOR ALTERNADOR INA;0;;
204;1299;535 0105 10;1299;535010510;CATEGORIA0;;1;1;0;1;;TENSOR ALTERNADOR INA;TENSOR ALTERNADOR INA;0;;
204;1299;535 0106 10;1299;535010610;CATEGORIA0;;1;1;0;1;;TENSOR ALTERNADOR INA;TENSOR ALTERNADOR INA;0;;
204;1299;535 0107 10;1299;535010710;CATEGORIA0;;1;1;0;1;;TENSOR ALTERNADOR INA;TENSOR ALTERNADOR INA;0;;
204;1299;535 0108 10;1299;535010810;CATEGORIA0;;1;1;0;1;;TENSOR ALTERNADOR INA;TENSOR ALTERNADOR INA;0;;
204;1299;535 0109 10;1299;535010910;CATEGORIA0;;1;1;0;1;;TENSOR ALTERNADOR INA;TENSOR ALTERNADOR INA;0;;
204;1299;535 0110 10;1299;535011010;CATEGORIA0;;1;1;0;1;;TENSOR ALTERNADOR INA;TENSOR ALTERNADOR INA;0;;
204;1299;535 0111 10;1299;535011110;CATEGORIA0;;1;1;0;1;;TENSOR ALTERNADOR INA;TENSOR ALTERNADOR INA;0;;
204;1299;535 0112 10;1299;535011210;CATEGORIA0;;1;1;0;1;;TENSOR ALTERNADOR INA;TENSOR ALTERNADOR INA;0;;
204;1299;535 0113 10;1299;535011310;CATEGORIA0;;1;1;0;1;;TENSOR ALTERNADOR INA;TENSOR ALTERNADOR INA;0;;
204;1299;535 0114 10;1299;535011410;CATEGORIA0;;1;1;0;1;;TENSOR ALTERNADOR INA;TENSOR ALTERNADOR INA;0;;
204;1299;535 0115 10;1299;535011510;CATEGORIA0;;1;1;0;1;;TENSOR ALTERNADOR INA;TENSOR ALTERNADOR INA;0;;
204;1299;535 0116 10;1299;535011610;CATEGORIA0;;1;1;0;1;;TENSOR ALTERNADOR INA;TENSOR ALTERNADOR INA;0;;
204;1299;535 0118 10;1299;535011810;CATEGORIA0;;1;1;0;1;;TENSOR ALTERNADOR INA;TENSOR ALTERNADOR INA;0;;
204;1299;535 0119 10;1299;535011910;CATEGORIA0;;1;1;0;1;;TENSOR ALTERNADOR INA;TENSOR ALTERNADOR INA;0;;
204;1299;535 0120 10;1299;535012010;CATEGORIA0;;1;1;0;1;;TENSOR ALTERNADOR INA;TENSOR ALTERNADOR INA;0;;
204;1299;535 0121 10;1299;535012110;CATEGORIA0;;1;1;0;1;;TENSOR ALTERNADOR INA;TENSOR ALTERNADOR INA;0;;
204;1299;535 0123 10;1299;535012310;CATEGORIA0;;1;1;0;1;;TENSOR ALTERNADOR INA;TENSOR ALTERNADOR INA;0;;
204;1299;535 0124 10;1299;535012410;CATEGORIA0;;1;1;0;1;;TENSOR ALTERNADOR INA;TENSOR ALTERNADOR INA;0;;
204;1299;535 0125 10;1299;535012510;CATEGORIA0;;1;1;0;1;;TENSOR ALTERNADOR INA;TENSOR ALTERNADOR INA;0;;
204;1299;535 0127 10;1299;535012710;CATEGORIA0;;1;1;0;1;;TENSOR ALTERNADOR INA;TENSOR ALTERNADOR INA;0;;
204;1299;535 0128 10;1299;535012810;CATEGORIA0;;1;1;0;1;;TENSOR ALTERNADOR INA;TENSOR ALTERNADOR INA;0;;
204;1299;535 0129 10;1299;535012910;CATEGORIA0;;1;1;0;1;;TENSOR ALTERNADOR INA;TENSOR ALTERNADOR INA;0;;
204;1299;535 0130 10;1299;535013010;CATEGORIA0;;1;1;0;1;;TENSOR ALTERNADOR INA;TENSOR ALTERNADOR INA;0;;
204;1299;535 0132 10;1299;535013210;CATEGORIA0;;1;1;0;1;;TENSOR ALTERNADOR INA;TENSOR ALTERNADOR INA;0;;
204;1299;535 0133 10;1299;535013310;CATEGORIA0;;1;1;0;1;;TENSOR ALTERNADOR INA;TENSOR ALTERNADOR INA;0;;
204;1299;535 0134 10;1299;535013410;CATEGORIA0;;1;1;0;1;;TENSOR ALTERNADOR INA;TENSOR ALTERNADOR INA;0;;
204;1299;535 0135 10;1299;535013510;CATEGORIA0;;1;1;0;1;;TENSOR ALTERNADOR INA;TENSOR ALTERNADOR INA;0;;
204;1299;535 0137 10;1299;535013710;CATEGORIA0;;1;1;0;1;;TENSOR ALTERNADOR INA;TENSOR ALTERNADOR INA;0;;
204;1299;535 0138 10;1299;535013810;CATEGORIA0;;1;1;0;1;;TENSOR ALTERNADOR INA;TENSOR ALTERNADOR INA;0;;
204;1299;535 0139 10;1299;535013910;CATEGORIA0;;1;1;0;1;;TENSOR ALTERNADOR INA;TENSOR ALTERNADOR INA;0;;
204;1299;535 0140 10;1299;535014010;CATEGORIA0;;1;1;0;1;;TENSOR ALTERNADOR INA;TENSOR ALTERNADOR INA;0;;
204;1299;535 0141 10;1299;535014110;CATEGORIA0;;1;1;0;1;;TENSOR ALTERNADOR INA;TENSOR ALTERNADOR INA;0;;
204;1299;535 0142 10;1299;535014210;CATEGORIA0;;1;1;0;1;;TENSOR ALTERNADOR INA;TENSOR ALTERNADOR INA;0;;
204;1299;535 0143 10;1299;535014310;CATEGORIA0;;1;1;0;1;;TENSOR ALTERNADOR INA;TENSOR ALTERNADOR INA;0;;
204;1299;535 0144 10;1299;535014410;CATEGORIA0;;1;1;0;1;;TENSOR ALTERNADOR INA;TENSOR ALTERNADOR INA;0;;
204;1299;535 0146 10;1299;535014610;CATEGORIA0;;1;1;0;1;;TENSOR ALTERNADOR INA;TENSOR ALTERNADOR INA;0;;
204;1299;535 0147 10;1299;535014710;CATEGORIA0;;1;1;0;1;;TENSOR ALTERNADOR INA;TENSOR ALTERNADOR INA;0;;
204;1299;535 0149 10;1299;535014910;CATEGORIA0;;1;1;0;1;;TENSOR ALTERNADOR INA;TENSOR ALTERNADOR INA;0;;
204;1299;535 0150 10;1299;535015010;CATEGORIA0;;1;1;0;1;;TENSOR ALTERNADOR INA;TENSOR ALTERNADOR INA;0;;
204;1299;535 0151 10;1299;535015110;CATEGORIA0;;1;1;0;1;;TENSOR ALTERNADOR INA;TENSOR ALTERNADOR INA;0;;
204;1299;535 0152 10;1299;535015210;CATEGORIA0;;1;1;0;1;;TENSOR ALTERNADOR INA;TENSOR ALTERNADOR INA;0;;
204;1299;535 0153 10;1299;535015310;CATEGORIA0;;1;1;0;1;;TENSOR ALTERNADOR INA;TENSOR ALTERNADOR INA;0;;
204;1299;535 0154 10;1299;535015410;CATEGORIA0;;1;1;0;1;;TENSOR ALTERNADOR INA;TENSOR ALTERNADOR INA;0;;
204;1299;535 0155 10;1299;535015510;CATEGORIA0;;1;1;0;1;;TENSOR ALTERNADOR INA;TENSOR ALTERNADOR INA;0;;
204;1299;535 0157 10;1299;535015710;CATEGORIA0;;1;1;0;1;;TENSOR ALTERNADOR INA;TENSOR ALTERNADOR INA;0;;
204;1299;535 0158 10;1299;535015810;CATEGORIA0;;1;1;0;1;;TENSOR ALTERNADOR INA;TENSOR ALTERNADOR INA;0;;
204;1299;535 0159 10;1299;535015910;CATEGORIA0;;1;1;0;1;;TENSOR ALTERNADOR INA;TENSOR ALTERNADOR INA;0;;
204;1299;535 0160 10;1299;535016010;CATEGORIA0;;1;1;0;1;;TENSOR ALTERNADOR INA;TENSOR ALTERNADOR INA;0;;
204;1299;535 0161 10;1299;535016110;CATEGORIA0;;1;1;0;1;;TENSOR ALTERNADOR INA;TENSOR ALTERNADOR INA;0;;
204;1299;535 0164 10;1299;535016410;CATEGORIA0;;1;1;0;1;;TENSOR ALTERNADOR INA;TENSOR ALTERNADOR INA;0;;
204;1299;535 0165 10;1299;535016510;CATEGORIA0;;1;1;0;1;;TENSOR ALTERNADOR INA;TENSOR ALTERNADOR INA;0;;
204;1299;535 0166 10;1299;535016610;CATEGORIA0;;1;1;0;1;;TENSOR ALTERNADOR INA;TENSOR ALTERNADOR INA;0;;
204;1299;535 0167 10;1299;535016710;CATEGORIA0;;1;1;0;1;;TENSOR ALTERNADOR INA;TENSOR ALTERNADOR INA;0;;
204;1299;535 0168 10;1299;535016810;CATEGORIA0;;1;1;0;1;;TENSOR ALTERNADOR INA;TENSOR ALTERNADOR INA;0;;
204;1299;535 0169 10;1299;535016910;CATEGORIA0;;1;1;0;1;;TENSOR ALTERNADOR INA;TENSOR ALTERNADOR INA;0;;
204;1299;535 0170 10;1299;535017010;CATEGORIA0;;1;1;0;1;;TENSOR ALTERNADOR INA;TENSOR ALTERNADOR INA;0;;
204;1299;535 0171 10;1299;535017110;CATEGORIA0;;1;1;0;1;;TENSOR ALTERNADOR INA;TENSOR ALTERNADOR INA;0;;
204;1299;535 0172 10;1299;535017210;CATEGORIA0;;1;1;0;1;;TENSOR ALTERNADOR INA;TENSOR ALTERNADOR INA;0;;
204;1299;535 0173 10;1299;535017310;CATEGORIA0;;1;1;0;1;;TENSOR ALTERNADOR INA;TENSOR ALTERNADOR INA;0;;
204;1299;535 0174 10;1299;535017410;CATEGORIA0;;1;1;0;1;;TENSOR ALTERNADOR INA;TENSOR ALTERNADOR INA;0;;
204;1299;535 0175 10;1299;535017510;CATEGORIA0;;1;1;0;1;;TENSOR ALTERNADOR INA;TENSOR ALTERNADOR INA;0;;
204;1299;535 0176 10;1299;535017610;CATEGORIA0;;1;1;0;1;;TENSOR ALTERNADOR INA;TENSOR ALTERNADOR INA;0;;
204;1299;535 0177 10;1299;535017710;CATEGORIA0;;1;1;0;1;;TENSOR ALTERNADOR INA;TENSOR ALTERNADOR INA;0;;
204;1299;535 0178 10;1299;535017810;CATEGORIA0;;1;1;0;1;;TENSOR ALTERNADOR INA;TENSOR ALTERNADOR INA;0;;
204;1299;535 0179 10;1299;535017910;CATEGORIA0;;1;1;0;1;;TENSOR ALTERNADOR INA;TENSOR ALTERNADOR INA;0;;
204;1299;535 0180 10;1299;535018010;CATEGORIA0;;1;1;0;1;;TENSOR ALTERNADOR INA;TENSOR ALTERNADOR INA;0;;
204;1299;535 0181 10;1299;535018110;CATEGORIA0;;1;1;0;1;;TENSOR ALTERNADOR INA;TENSOR ALTERNADOR INA;0;;
204;1299;535 0182 10;1299;535018210;CATEGORIA0;;1;1;0;1;;TENSOR ALTERNADOR INA;TENSOR ALTERNADOR INA;0;;
204;1299;535 0183 10;1299;535018310;CATEGORIA0;;1;1;0;1;;TENSOR ALTERNADOR INA;TENSOR ALTERNADOR INA;0;;
204;1299;535 0184 10;1299;535018410;CATEGORIA0;;1;1;0;1;;TENSOR ALTERNADOR INA;TENSOR ALTERNADOR INA;0;;
204;1299;535 0186 10;1299;535018610;CATEGORIA0;;1;1;0;1;;TENSOR ALTERNADOR INA;TENSOR ALTERNADOR INA;0;;
204;1299;535 0187 10;1299;535018710;CATEGORIA0;;1;1;0;1;;TENSOR ALTERNADOR INA;TENSOR ALTERNADOR INA;0;;
204;1299;535 0188 10;1299;535018810;CATEGORIA0;;1;1;0;1;;TENSOR ALTERNADOR INA;TENSOR ALTERNADOR INA;0;;
204;1299;535 0189 10;1299;535018910;CATEGORIA0;;1;1;0;1;;TENSOR ALTERNADOR INA;TENSOR ALTERNADOR INA;0;;
204;1299;535 0190 10;1299;535019010;CATEGORIA0;;1;1;0;1;;TENSOR ALTERNADOR INA;TENSOR ALTERNADOR INA;0;;
204;1299;535 0191 10;1299;535019110;CATEGORIA0;;1;1;0;1;;TENSOR ALTERNADOR INA;TENSOR ALTERNADOR INA;0;;
204;1299;535 0192 10;1299;535019210;CATEGORIA0;;1;1;0;1;;TENSOR ALTERNADOR INA;TENSOR ALTERNADOR INA;0;;
204;1299;535 0193 10;1299;535019310;CATEGORIA0;;1;1;0;1;;TENSOR ALTERNADOR INA;TENSOR ALTERNADOR INA;0;;
204;1299;535 0194 10;1299;535019410;CATEGORIA0;;1;1;0;1;;TENSOR ALTERNADOR INA;TENSOR ALTERNADOR INA;0;;
204;1299;535 0195 10;1299;535019510;CATEGORIA0;;1;1;0;1;;TENSOR ALTERNADOR INA;TENSOR ALTERNADOR INA;0;;
204;1299;535 0196 10;1299;535019610;CATEGORIA0;;1;1;0;1;;TENSOR ALTERNADOR INA;TENSOR ALTERNADOR INA;0;;
204;1299;535 0197 10;1299;535019710;CATEGORIA0;;1;1;0;1;;TENSOR ALTERNADOR INA;TENSOR ALTERNADOR INA;0;;
204;1299;535 0198 10;1299;535019810;CATEGORIA0;;1;1;0;1;;TENSOR ALTERNADOR INA;TENSOR ALTERNADOR INA;0;;
204;1299;535 0199 10;1299;535019910;CATEGORIA0;;1;1;0;1;;TENSOR ALTERNADOR INA;TENSOR ALTERNADOR INA;0;;
204;1299;535 0200 10;1299;535020010;CATEGORIA0;;1;1;0;1;;TENSOR ALTERNADOR INA;TENSOR ALTERNADOR INA;0;;
204;1299;535 0201 10;1299;535020110;CATEGORIA0;;1;1;0;1;;TENSOR ALTERNADOR INA;TENSOR ALTERNADOR INA;0;;
204;1299;535 0202 10;1299;535020210;CATEGORIA0;;1;1;0;1;;TENSOR ALTERNADOR INA;TENSOR ALTERNADOR INA;0;;
204;1299;535 0203 10;1299;535020310;CATEGORIA0;;1;1;0;1;;TENSOR ALTERNADOR INA;TENSOR ALTERNADOR INA;0;;
204;1299;535 0204 10;1299;535020410;CATEGORIA0;;1;1;0;1;;TENSOR ALTERNADOR INA;TENSOR ALTERNADOR INA;0;;
204;1299;535 0206 10;1299;535020610;CATEGORIA0;;1;1;0;1;;TENSOR ALTERNADOR INA;TENSOR ALTERNADOR INA;0;;
204;1299;535 0207 10;1299;535020710;CATEGORIA0;;1;1;0;1;;TENSOR ALTERNADOR INA;TENSOR ALTERNADOR INA;0;;
204;1299;535 0208 10;1299;535020810;CATEGORIA0;;1;1;0;1;;TENSOR ALTERNADOR INA;TENSOR ALTERNADOR INA;0;;
204;1299;535 0209 10;1299;535020910;CATEGORIA0;;1;1;0;1;;TENSOR ALTERNADOR INA;TENSOR ALTERNADOR INA;0;;
204;1299;535 0210 10;1299;535021010;CATEGORIA0;;1;1;0;1;;TENSOR ALTERNADOR INA;TENSOR ALTERNADOR INA;0;;
204;1299;535 0211 10;1299;535021110;CATEGORIA0;;1;1;0;1;;TENSOR ALTERNADOR INA;TENSOR ALTERNADOR INA;0;;
204;1299;535 0212 10;1299;535021210;CATEGORIA0;;1;1;0;1;;TENSOR ALTERNADOR INA;TENSOR ALTERNADOR INA;0;;
204;1299;535 0213 10;1299;535021310;CATEGORIA0;;1;1;0;1;;TENSOR ALTERNADOR INA;TENSOR ALTERNADOR INA;0;;
204;1299;535 0214 10;1299;535021410;CATEGORIA0;;1;1;0;1;;TENSOR ALTERNADOR INA;TENSOR ALTERNADOR INA;0;;
204;1299;535 0215 10;1299;535021510;CATEGORIA0;;1;1;0;1;;TENSOR ALTERNADOR INA;TENSOR ALTERNADOR INA;0;;
204;1299;535 0216 10;1299;535021610;CATEGORIA0;;1;1;0;1;;TENSOR ALTERNADOR INA;TENSOR ALTERNADOR INA;0;;
204;1299;535 0217 10;1299;535021710;CATEGORIA0;;1;1;0;1;;TENSOR ALTERNADOR INA;TENSOR ALTERNADOR INA;0;;
204;1299;535 0218 10;1299;535021810;CATEGORIA0;;1;1;0;1;;TENSOR ALTERNADOR INA;TENSOR ALTERNADOR INA;0;;
204;1299;535 0219 10;1299;535021910;CATEGORIA0;;1;1;0;1;;TENSOR ALTERNADOR INA;TENSOR ALTERNADOR INA;0;;
204;1299;535 0221 10;1299;535022110;CATEGORIA0;;1;1;0;1;;TENSOR ALTERNADOR INA;TENSOR ALTERNADOR INA;0;;
204;1299;535 0222 10;1299;535022210;CATEGORIA0;;1;1;0;1;;TENSOR ALTERNADOR INA;TENSOR ALTERNADOR INA;0;;
204;1299;535 0223 10;1299;535022310;CATEGORIA0;;1;1;0;1;;TENSOR ALTERNADOR INA;TENSOR ALTERNADOR INA;0;;
204;1299;535 0224 10;1299;535022410;CATEGORIA0;;1;1;0;1;;TENSOR ALTERNADOR INA;TENSOR ALTERNADOR INA;0;;
204;1299;535 0225 10;1299;535022510;CATEGORIA0;;1;1;0;1;;TENSOR ALTERNADOR INA;TENSOR ALTERNADOR INA;0;;
204;1299;535 0226 10;1299;535022610;CATEGORIA0;;1;1;0;1;;TENSOR ALTERNADOR INA;TENSOR ALTERNADOR INA;0;;
204;1299;535 0227 10;1299;535022710;CATEGORIA0;;1;1;0;1;;TENSOR ALTERNADOR INA;TENSOR ALTERNADOR INA;0;;
204;1299;535 0228 10;1299;535022810;CATEGORIA0;;1;1;0;1;;TENSOR ALTERNADOR INA;TENSOR ALTERNADOR INA;0;;
204;1299;535 0229 10;1299;535022910;CATEGORIA0;;1;1;0;1;;TENSOR ALTERNADOR INA;TENSOR ALTERNADOR INA;0;;
204;1299;535 0230 10;1299;535023010;CATEGORIA0;;1;1;0;1;;TENSOR ALTERNADOR INA;TENSOR ALTERNADOR INA;0;;
204;1299;535 0231 10;1299;535023110;CATEGORIA0;;1;1;0;1;;TENSOR ALTERNADOR INA;TENSOR ALTERNADOR INA;0;;
204;1299;535 0232 10;1299;535023210;CATEGORIA0;;1;1;0;1;;TENSOR ALTERNADOR INA;TENSOR ALTERNADOR INA;0;;
204;1299;535 0233 10;1299;535023310;CATEGORIA0;;1;1;0;1;;TENSOR ALTERNADOR INA;TENSOR ALTERNADOR INA;0;;
204;1299;535 0234 10;1299;535023410;CATEGORIA0;;1;1;0;1;;TENSOR ALTERNADOR INA;TENSOR ALTERNADOR INA;0;;
204;1299;535 0235 10;1299;535023510;CATEGORIA0;;1;1;0;1;;TENSOR ALTERNADOR INA;TENSOR ALTERNADOR INA;0;;
204;1299;535 0236 10;1299;535023610;CATEGORIA0;;1;1;0;1;;TENSOR ALTERNADOR INA;TENSOR ALTERNADOR INA;0;;
204;1299;535 0237 10;1299;535023710;CATEGORIA0;;1;1;0;1;;TENSOR ALTERNADOR INA;TENSOR ALTERNADOR INA;0;;
204;1299;535 0238 10;1299;535023810;CATEGORIA0;;1;1;0;1;;TENSOR ALTERNADOR INA;TENSOR ALTERNADOR INA;0;;
204;1299;535 0239 10;1299;535023910;CATEGORIA0;;1;1;0;1;;TENSOR ALTERNADOR INA;TENSOR ALTERNADOR INA;0;;
204;1299;535 0240 10;1299;535024010;CATEGORIA0;;1;1;0;1;;TENSOR ALTERNADOR INA;TENSOR ALTERNADOR INA;0;;
204;1299;535 0241 10;1299;535024110;CATEGORIA0;;1;1;0;1;;TENSOR ALTERNADOR INA;TENSOR ALTERNADOR INA;0;;
204;1299;535 0242 10;1299;535024210;CATEGORIA0;;1;1;0;1;;TENSOR ALTERNADOR INA;TENSOR ALTERNADOR INA;0;;
204;1299;535 0245 10;1299;535024510;CATEGORIA0;;1;1;0;1;;TENSOR ALTERNADOR INA;TENSOR ALTERNADOR INA;0;;
204;1299;535 0246 10;1299;535024610;CATEGORIA0;;1;1;0;1;;TENSOR ALTERNADOR INA;TENSOR ALTERNADOR INA;0;;
204;1299;535 0247 10;1299;535024710;CATEGORIA0;;1;1;0;1;;TENSOR ALTERNADOR INA;TENSOR ALTERNADOR INA;0;;
204;1299;535 0248 10;1299;535024810;CATEGORIA0;;1;1;0;1;;TENSOR ALTERNADOR INA;TENSOR ALTERNADOR INA;0;;
204;1299;535 0249 10;1299;535024910;CATEGORIA0;;1;1;0;1;;TENSOR ALTERNADOR INA;TENSOR ALTERNADOR INA;0;;
204;1299;535 0250 10;1299;535025010;CATEGORIA0;;1;1;0;1;;TENSOR ALTERNADOR INA;TENSOR ALTERNADOR INA;0;;
204;1299;535 0252 10;1299;535025210;CATEGORIA0;;1;1;0;1;;TENSOR ALTERNADOR INA;TENSOR ALTERNADOR INA;0;;
204;1299;535 0254 10;1299;535025410;CATEGORIA0;;1;1;0;1;;TENSOR ALTERNADOR INA;TENSOR ALTERNADOR INA;0;;
204;1299;535 0259 10;1299;535025910;CATEGORIA0;;1;1;0;1;;TENSOR ALTERNADOR INA;TENSOR ALTERNADOR INA;0;;
204;1299;535 0260 10;1299;535026010;CATEGORIA0;;1;1;0;1;;TENSOR ALTERNADOR INA;TENSOR ALTERNADOR INA;0;;
204;1299;535 0263 10;1299;535026310;CATEGORIA0;;1;1;0;1;;TENSOR ALTERNADOR INA;TENSOR ALTERNADOR INA;0;;
204;1299;535 0264 10;1299;535026410;CATEGORIA0;;1;1;0;1;;TENSOR ALTERNADOR INA;TENSOR ALTERNADOR INA;0;;
204;1299;535 0265 10;1299;535026510;CATEGORIA0;;1;1;0;1;;TENSOR ALTERNADOR INA;TENSOR ALTERNADOR INA;0;;
204;1299;535 0266 10;1299;535026610;CATEGORIA0;;1;1;0;1;;TENSOR ALTERNADOR INA;TENSOR ALTERNADOR INA;0;;
204;1299;535 0267 10;1299;535026710;CATEGORIA0;;1;1;0;1;;TENSOR ALTERNADOR INA;TENSOR ALTERNADOR INA;0;;
204;1299;535 0268 10;1299;535026810;CATEGORIA0;;1;1;0;1;;TENSOR ALTERNADOR INA;TENSOR ALTERNADOR INA;0;;
204;1299;535 0269 10;1299;535026910;CATEGORIA0;;1;1;0;1;;TENSOR ALTERNADOR INA;TENSOR ALTERNADOR INA;0;;
204;1299;535 0271 10;1299;535027110;CATEGORIA0;;1;1;0;1;;TENSOR ALTERNADOR INA;TENSOR ALTERNADOR INA;0;;
204;1299;535 0272 10;1299;535027210;CATEGORIA0;;1;1;0;1;;TENSOR ALTERNADOR INA;TENSOR ALTERNADOR INA;0;;
204;1299;535 0273 10;1299;535027310;CATEGORIA0;;1;1;0;1;;TENSOR ALTERNADOR INA;TENSOR ALTERNADOR INA;0;;
204;1299;535 0275 10;1299;535027510;CATEGORIA0;;1;1;0;1;;TENSOR ALTERNADOR INA;TENSOR ALTERNADOR INA;0;;
204;1299;535 0276 10;1299;535027610;CATEGORIA0;;1;1;0;1;;TENSOR ALTERNADOR INA;TENSOR ALTERNADOR INA;0;;
204;1299;535 0277 10;1299;535027710;CATEGORIA0;;1;1;0;1;;TENSOR ALTERNADOR INA;TENSOR ALTERNADOR INA;0;;
204;1299;535 0278 10;1299;535027810;CATEGORIA0;;1;1;0;1;;TENSOR ALTERNADOR INA;TENSOR ALTERNADOR INA;0;;
204;1299;535 0279 10;1299;535027910;CATEGORIA0;;1;1;0;1;;TENSOR ALTERNADOR INA;TENSOR ALTERNADOR INA;0;;
204;1299;535 0280 10;1299;535028010;CATEGORIA0;;1;1;0;1;;TENSOR ALTERNADOR INA;TENSOR ALTERNADOR INA;0;;
204;1299;535 0281 10;1299;535028110;CATEGORIA0;;1;1;0;1;;TENSOR ALTERNADOR INA;TENSOR ALTERNADOR INA;0;;
204;1299;535 0282 10;1299;535028210;CATEGORIA0;;1;1;0;1;;TENSOR ALTERNADOR INA;TENSOR ALTERNADOR INA;0;;
204;1299;535 0284 10;1299;535028410;CATEGORIA0;;1;1;0;1;;TENSOR ALTERNADOR INA;TENSOR ALTERNADOR INA;0;;
204;1299;535 0285 10;1299;535028510;CATEGORIA0;;1;1;0;1;;TENSOR ALTERNADOR INA;TENSOR ALTERNADOR INA;0;;
204;1299;535 0286 10;1299;535028610;CATEGORIA0;;1;1;0;1;;TENSOR ALTERNADOR INA;TENSOR ALTERNADOR INA;0;;
204;1299;535 0288 10;1299;535028810;CATEGORIA0;;1;1;0;1;;TENSOR ALTERNADOR INA;TENSOR ALTERNADOR INA;0;;
204;1299;535 0289 10;1299;535028910;CATEGORIA0;;1;1;0;1;;TENSOR ALTERNADOR INA;TENSOR ALTERNADOR INA;0;;
204;1299;535 0291 10;1299;535029110;CATEGORIA0;;1;1;0;1;;TENSOR ALTERNADOR INA;TENSOR ALTERNADOR INA;0;;
204;1299;535 0293 10;1299;535029310;CATEGORIA0;;1;1;0;1;;TENSOR ALTERNADOR INA;TENSOR ALTERNADOR INA;0;;
204;1299;535 0295 10;1299;535029510;CATEGORIA0;;1;1;0;1;;TENSOR ALTERNADOR INA;TENSOR ALTERNADOR INA;0;;
204;1299;535 0296 10;1299;535029610;CATEGORIA0;;1;1;0;1;;TENSOR ALTERNADOR INA;TENSOR ALTERNADOR INA;0;;
204;1299;535 0298 10;1299;535029810;CATEGORIA0;;1;1;0;1;;TENSOR ALTERNADOR INA;TENSOR ALTERNADOR INA;0;;
204;1299;535 0303 10;1299;535030310;CATEGORIA0;;1;1;0;1;;TENSOR ALTERNADOR INA;TENSOR ALTERNADOR INA;0;;
204;1299;535 0304 10;1299;535030410;CATEGORIA0;;1;1;0;1;;TENSOR ALTERNADOR INA;TENSOR ALTERNADOR INA;0;;
204;1299;535 0308 10;1299;535030810;CATEGORIA0;;1;1;0;1;;TENSOR ALTERNADOR INA;TENSOR ALTERNADOR INA;0;;
204;1299;535 0309 10;1299;535030910;CATEGORIA0;;1;1;0;1;;TENSOR ALTERNADOR INA;TENSOR ALTERNADOR INA;0;;
204;1299;535 0310 10;1299;535031010;CATEGORIA0;;1;1;0;1;;TENSOR ALTERNADOR INA;TENSOR ALTERNADOR INA;0;;
204;1299;535 0311 10;1299;535031110;CATEGORIA0;;1;1;0;1;;TENSOR ALTERNADOR INA;TENSOR ALTERNADOR INA;0;;
204;1299;535 0312 10;1299;535031210;CATEGORIA0;;1;1;0;1;;TENSOR ALTERNADOR INA;TENSOR ALTERNADOR INA;0;;
204;1299;535 0313 10;1299;535031310;CATEGORIA0;;1;1;0;1;;TENSOR ALTERNADOR INA;TENSOR ALTERNADOR INA;0;;
204;1299;535 0314 10;1299;535031410;CATEGORIA0;;1;1;0;1;;TENSOR ALTERNADOR INA;TENSOR ALTERNADOR INA;0;;
204;1299;535 0315 10;1299;535031510;CATEGORIA0;;1;1;0;1;;TENSOR ALTERNADOR INA;TENSOR ALTERNADOR INA;0;;
204;1299;535 0316 10;1299;535031610;CATEGORIA0;;1;1;0;1;;TENSOR ALTERNADOR INA;TENSOR ALTERNADOR INA;0;;
204;1299;535 0317 10;1299;535031710;CATEGORIA0;;1;1;0;1;;TENSOR ALTERNADOR INA;TENSOR ALTERNADOR INA;0;;
204;1299;535 0318 10;1299;535031810;CATEGORIA0;;1;1;0;1;;TENSOR ALTERNADOR INA;TENSOR ALTERNADOR INA;0;;
204;1299;535 0326 10;1299;535032610;CATEGORIA0;;1;1;0;1;;TENSOR ALTERNADOR INA;TENSOR ALTERNADOR INA;0;;
204;1299;535 0327 10;1299;535032710;CATEGORIA0;;1;1;0;1;;TENSOR ALTERNADOR INA;TENSOR ALTERNADOR INA;0;;
204;1299;535 0328 10;1299;535032810;CATEGORIA0;;1;1;0;1;;TENSOR ALTERNADOR INA;TENSOR ALTERNADOR INA;0;;
204;1299;535 0329 10;1299;535032910;CATEGORIA0;;1;1;0;1;;TENSOR ALTERNADOR INA;TENSOR ALTERNADOR INA;0;;
204;1299;535 0330 10;1299;535033010;CATEGORIA0;;1;1;0;1;;TENSOR ALTERNADOR INA;TENSOR ALTERNADOR INA;0;;
204;1299;535 0331 10;1299;535033110;CATEGORIA0;;1;1;0;1;;TENSOR ALTERNADOR INA;TENSOR ALTERNADOR INA;0;;
204;1299;535 0333 10;1299;535033310;CATEGORIA0;;1;1;0;1;;TENSOR ALTERNADOR INA;TENSOR ALTERNADOR INA;0;;
204;1299;535 0334 10;1299;535033410;CATEGORIA0;;1;1;0;1;;TENSOR ALTERNADOR INA;TENSOR ALTERNADOR INA;0;;
204;1299;535 0336 10;1299;535033610;CATEGORIA0;;1;1;0;1;;TENSOR ALTERNADOR INA;TENSOR ALTERNADOR INA;0;;
204;1299;535 0337 10;1299;535033710;CATEGORIA0;;1;1;0;1;;TENSOR ALTERNADOR INA;TENSOR ALTERNADOR INA;0;;
204;1299;535 0338 10;1299;535033810;CATEGORIA0;;1;1;0;1;;TENSOR ALTERNADOR INA;TENSOR ALTERNADOR INA;0;;
204;1299;535 0339 10;1299;535033910;CATEGORIA0;;1;1;0;1;;TENSOR ALTERNADOR INA;TENSOR ALTERNADOR INA;0;;
204;1299;535 0340 10;1299;535034010;CATEGORIA0;;1;1;0;1;;TENSOR ALTERNADOR INA;TENSOR ALTERNADOR INA;0;;
204;1299;535 0341 10;1299;535034110;CATEGORIA0;;1;1;0;1;;TENSOR ALTERNADOR INA;TENSOR ALTERNADOR INA;0;;
204;1299;535 0342 10;1299;535034210;CATEGORIA0;;1;1;0;1;;TENSOR ALTERNADOR INA;TENSOR ALTERNADOR INA;0;;
204;1299;535 0343 10;1299;535034310;CATEGORIA0;;1;1;0;1;;TENSOR ALTERNADOR INA;TENSOR ALTERNADOR INA;0;;
204;1299;535 0344 10;1299;535034410;CATEGORIA0;;1;1;0;1;;TENSOR ALTERNADOR INA;TENSOR ALTERNADOR INA;0;;
204;1299;535 0345 10;1299;535034510;CATEGORIA0;;1;1;0;1;;TENSOR ALTERNADOR INA;TENSOR ALTERNADOR INA;0;;
204;1299;535 0346 10;1299;535034610;CATEGORIA0;;1;1;0;1;;TENSOR ALTERNADOR INA;TENSOR ALTERNADOR INA;0;;
204;1299;535 0348 10;1299;535034810;CATEGORIA0;;1;1;0;1;;TENSOR ALTERNADOR INA;TENSOR ALTERNADOR INA;0;;
204;1299;535 0349 10;1299;535034910;CATEGORIA0;;1;1;0;1;;TENSOR ALTERNADOR INA;TENSOR ALTERNADOR INA;0;;
204;1299;535 0350 10;1299;535035010;CATEGORIA0;;1;1;0;1;;TENSOR ALTERNADOR INA;TENSOR ALTERNADOR INA;0;;
204;1299;535 0351 10;1299;535035110;CATEGORIA0;;1;1;0;1;;TENSOR ALTERNADOR INA;TENSOR ALTERNADOR INA;0;;
204;1299;535 0352 10;1299;535035210;CATEGORIA0;;1;1;0;1;;TENSOR ALTERNADOR INA;TENSOR ALTERNADOR INA;0;;
204;1299;535 0354 10;1299;535035410;CATEGORIA0;;1;1;0;1;;TENSOR ALTERNADOR INA;TENSOR ALTERNADOR INA;0;;
204;1299;535 0355 10;1299;535035510;CATEGORIA0;;1;1;0;1;;TENSOR ALTERNADOR INA;TENSOR ALTERNADOR INA;0;;
204;1299;535 0357 10;1299;535035710;CATEGORIA0;;1;1;0;1;;TENSOR ALTERNADOR INA;TENSOR ALTERNADOR INA;0;;
204;1299;535 0358 10;1299;535035810;CATEGORIA0;;1;1;0;1;;TENSOR ALTERNADOR INA;TENSOR ALTERNADOR INA;0;;
204;1299;535 0359 10;1299;535035910;CATEGORIA0;;1;1;0;1;;TENSOR ALTERNADOR INA;TENSOR ALTERNADOR INA;0;;
204;1299;535 0364 10;1299;535036410;CATEGORIA0;;1;1;0;1;;TENSOR ALTERNADOR INA;TENSOR ALTERNADOR INA;0;;
204;1299;535 0374 10;1299;535037410;CATEGORIA0;;1;1;0;1;;TENSOR ALTERNADOR INA;TENSOR ALTERNADOR INA;0;;
204;1298;538 0019 10;1298;538001910;CATEGORIA0;;1;1;0;1;;BOMBA ÁGUA INA;BOMBA ÁGUA INA;0;;
204;1298;538 0023 10;1298;538002310;CATEGORIA0;;1;1;0;1;;BOMBA ÁGUA INA;BOMBA ÁGUA INA;0;;
204;1298;538 0026 10;1298;538002610;CATEGORIA0;;1;1;0;1;;BOMBA ÁGUA INA;BOMBA ÁGUA INA;0;;
204;1298;538 0027 10;1298;538002710;CATEGORIA0;;1;1;0;1;;BOMBA ÁGUA INA;BOMBA ÁGUA INA;0;;
204;1298;538 0036 10;1298;538003610;CATEGORIA0;;1;1;0;1;;BOMBA ÁGUA INA;BOMBA ÁGUA INA;0;;
204;1298;538 0037 10;1298;538003710;CATEGORIA0;;1;1;0;1;;BOMBA ÁGUA;BOMBA ÁGUA;0;;
204;1298;538 0047 10;1298;538004710;CATEGORIA0;;1;1;0;1;;BOMBA ÁGUA;BOMBA ÁGUA;0;;
204;1298;538 0054 10;1298;538005410;CATEGORIA0;;1;1;0;1;;BOMBA ÁGUA INA;BOMBA ÁGUA INA;0;;
204;1298;538 0057 10;1298;538005710;CATEGORIA0;;1;1;0;1;;BOMBA ÁGUA;BOMBA ÁGUA;0;;
204;1298;538 0081 10;1298;538008110;CATEGORIA0;;1;1;0;1;;BOMBA ÁGUA INA;BOMBA ÁGUA INA;0;;
204;1298;538 0082 10;1298;538008210;CATEGORIA0;;1;1;0;1;;BOMBA ÁGUA INA;BOMBA ÁGUA INA;0;;
204;1298;538 0083 10;1298;538008310;CATEGORIA0;;1;1;0;1;;BOMBA ÁGUA INA;BOMBA ÁGUA INA;0;;
204;1298;538 0089 10;1298;538008910;CATEGORIA0;;1;1;0;1;;BOMBA ÁGUA INA;BOMBA ÁGUA INA;0;;
204;1298;538 0092 10;1298;538009210;CATEGORIA0;;1;1;0;1;;BOMBA ÁGUA;BOMBA ÁGUA;0;;
204;1298;538 0095 10;1298;538009510;CATEGORIA0;;1;1;0;1;;BOMBA ÁGUA;BOMBA ÁGUA;0;;
204;1298;538 0096 10;1298;538009610;CATEGORIA0;;1;1;0;1;;BOMBA ÁGUA INA;BOMBA ÁGUA INA;0;;
204;1298;538 0114 10;1298;538011410;CATEGORIA0;;1;1;0;1;;BOMBA ÁGUA;BOMBA ÁGUA;0;;
204;1298;538 0122 10;1298;538012210;CATEGORIA0;;1;1;0;1;;BOMBA ÁGUA INA;BOMBA ÁGUA INA;0;;
204;1298;538 0170 10;1298;538017010;CATEGORIA0;;1;1;0;1;;BOMBA ÁGUA;BOMBA ÁGUA;0;;
204;1298;538 0173 10;1298;538017310;CATEGORIA0;;1;1;0;1;;BOMBA ÁGUA INA;BOMBA ÁGUA INA;0;;
204;1298;538 0185 10;1298;538018510;CATEGORIA0;;1;1;0;1;;BOMBA ÁGUA;BOMBA ÁGUA;0;;
204;1298;538 0188 10;1298;538018810;CATEGORIA0;;1;1;0;1;;BOMBA ÁGUA INA;BOMBA ÁGUA INA;0;;
204;1298;538 0194 10;1298;538019410;CATEGORIA0;;1;1;0;1;;BOMBA ÁGUA INA;BOMBA ÁGUA INA;0;;
204;1298;538 0220 10;1298;538022010;CATEGORIA0;;1;1;0;1;;BOMBA ÁGUA INA;BOMBA ÁGUA INA;0;;
204;1298;538 0221 10;1298;538022110;CATEGORIA0;;1;1;0;1;;BOMBA ÁGUA;BOMBA ÁGUA;0;;
204;1298;538 0228 10;1298;538022810;CATEGORIA0;;1;1;0;1;;BOMBA ÁGUA INA;BOMBA ÁGUA INA;0;;
204;1298;538 0230 10;1298;538023010;CATEGORIA0;;1;1;0;1;;BOMBA ÁGUA INA;BOMBA ÁGUA INA;0;;
204;1298;538 0234 10;1298;538023410;CATEGORIA0;;1;1;0;1;;BOMBA ÁGUA INA;BOMBA ÁGUA INA;0;;
204;1298;538 0256 10;1298;538025610;CATEGORIA0;;1;1;0;1;;BOMBA ÁGUA;BOMBA ÁGUA;0;;
204;1298;538 0283 10;1298;538028310;CATEGORIA0;;1;1;0;1;;BOMBA ÁGUA INA;BOMBA ÁGUA INA;0;;
204;1298;538 0311 10;1298;538031110;CATEGORIA0;;1;1;0;1;;BOMBA ÁGUA INA;BOMBA ÁGUA INA;0;;
204;1298;538 0314 10;1298;538031410;CATEGORIA0;;1;1;0;1;;BOMBA ÁGUA;BOMBA ÁGUA;0;;
204;1298;538 0315 10;1298;538031510;CATEGORIA0;;1;1;0;1;;BOMBA ÁGUA;BOMBA ÁGUA;0;;
204;1298;538 0316 10;1298;538031610;CATEGORIA0;;1;1;0;1;;BOMBA ÁGUA;BOMBA ÁGUA;0;;
204;1298;538 0322 10;1298;538032210;CATEGORIA0;;1;1;0;1;;BOMBA ÁGUA INA;BOMBA ÁGUA INA;0;;
204;1298;538 0363 10;1298;538036310;CATEGORIA0;;1;1;0;1;;BOMBA ÁGUA INA;BOMBA ÁGUA INA;0;;
204;1298;538 0373 10;1298;538037310;CATEGORIA0;;1;1;0;1;;BOMBA ÁGUA INA;BOMBA ÁGUA INA;0;;
204;1298;538 0375 10;1298;538037510;CATEGORIA0;;1;1;0;1;;BOMBA ÁGUA INA;BOMBA ÁGUA INA;0;;
204;1298;538 0383 10;1298;538038310;CATEGORIA0;;1;1;0;1;;BOMBA ÁGUA;BOMBA ÁGUA;0;;
204;1298;538 0385 10;1298;538038510;CATEGORIA0;;1;1;0;1;;BOMBA ÁGUA;BOMBA ÁGUA;0;;
204;1298;538 0428 10;1298;538042810;CATEGORIA0;;1;1;0;1;;BOMBA ÁGUA INA;BOMBA ÁGUA INA;0;;
204;1298;538 0442 10;1298;538044210;CATEGORIA0;;1;1;0;1;;BOMBA ÁGUA;BOMBA ÁGUA;0;;
204;1298;538 0445 10;1298;538044510;CATEGORIA0;;1;1;0;1;;BOMBA ÁGUA INA;BOMBA ÁGUA INA;0;;
204;1298;538 0466 10;1298;538046610;CATEGORIA0;;1;1;0;1;;BOMBA ÁGUA INA;BOMBA ÁGUA INA;0;;
204;1298;538 0515 10;1298;538051510;CATEGORIA0;;1;1;0;1;;BOMBA ÁGUA INA;BOMBA ÁGUA INA;0;;
204;1298;538 0523 10;1298;538052310;CATEGORIA0;;1;1;0;1;;BOMBA ÁGUA INA;BOMBA ÁGUA INA;0;;
204;1298;538 0573 10;1298;538057310;CATEGORIA0;;1;1;0;1;;BOMBA ÁGUA;BOMBA ÁGUA;0;;
204;1298;538 0575 10;1298;538057510;CATEGORIA0;;1;1;0;1;;BOMBA ÁGUA INA;BOMBA ÁGUA INA;0;;
204;1298;538 0608 10;1298;538060810;CATEGORIA0;;1;1;0;1;;BOMBA ÁGUA INA;BOMBA ÁGUA INA;0;;
204;1298;538 0668 10;1298;538066810;CATEGORIA0;;1;1;0;1;;BOMBA ÁGUA INA;BOMBA ÁGUA INA;0;;
204;1298;538 0680 10;1298;538068010;CATEGORIA0;;1;1;0;1;;BOMBA ÁGUA INA;BOMBA ÁGUA INA;0;;
204;1298;538 0692 10;1298;538069210;CATEGORIA0;;1;1;0;1;;BOMBA ÁGUA;BOMBA ÁGUA;0;;
204;1298;538 0706 10;1298;538070610;CATEGORIA0;;1;1;0;1;;BOMBA ÁGUA;BOMBA ÁGUA;0;;
204;1298;538 0733 10;1298;538073310;CATEGORIA0;;1;1;0;1;;BOMBA ÁGUA ELECTRICA;BOMBA ÁGUA ELECTRICA;0;;
204;1298;538 0746 10;1298;538074610;CATEGORIA0;;1;1;0;1;;BOMBA ÁGUA INA;BOMBA ÁGUA INA;0;;
204;1298;538 0889 10;1298;538088910;CATEGORIA0;;1;1;0;1;;BOMBA ÁGUA INA;BOMBA ÁGUA INA;0;;
204;1298;538 0968 10;1298;538096810;CATEGORIA0;;1;1;0;1;;BOMBA AGUA INA;BOMBA AGUA INA;0;;
204;1300;544 0007 10;1300;544000710;CATEGORIA0;;1;1;0;1;;POLI CAMBOTA INA;POLI CAMBOTA INA;0;;
204;1300;544 0007 20;1300;544000720;CATEGORIA0;;1;1;0;1;;POLI CAMBOTA INA;POLI CAMBOTA INA;0;;
204;1300;544 0039 10;1300;544003910;CATEGORIA0;;1;1;0;1;;POLI CAMBOTA INA;POLI CAMBOTA INA;0;;
204;1300;544 0039 20;1300;544003920;CATEGORIA0;;1;1;0;1;;POLI CAMBOTA INA;POLI CAMBOTA INA;0;;
204;1300;544 0079 20;1300;544007920;CATEGORIA0;;1;1;0;1;;POLI CAMBOTA INA;POLI CAMBOTA INA;0;;
204;1300;544 0080 20;1300;544008020;CATEGORIA0;;1;1;0;1;;POLI CAMBOTA INA;POLI CAMBOTA INA;0;;
204;1300;544 0090 10;1300;544009010;CATEGORIA0;;1;1;0;1;;POLI CAMBOTA;POLI CAMBOTA;0;;
204;1300;544 0129 20;1300;544012920;CATEGORIA0;;1;1;0;1;;POLI CAMBOTA INA;POLI CAMBOTA INA;0;;
204;1300;544 0136 10;1300;544013610;CATEGORIA0;;1;1;0;1;;POLI CAMBOTA INA;POLI CAMBOTA INA;0;;
204;1300;544 0137 10;1300;544013710;CATEGORIA0;;1;1;0;1;;POLI CAMBOTA INA;POLI CAMBOTA INA;0;;
204;1300;544 0137 20;1300;544013720;CATEGORIA0;;1;1;0;1;;POLI CAMBOTA INA;POLI CAMBOTA INA;0;;
204;1300;544 0171 10;1300;544017110;CATEGORIA0;;1;1;0;1;;POLI CAMBOTA INA;POLI CAMBOTA INA;0;;
204;1300;544 0177 20;1300;544017720;CATEGORIA0;;1;1;0;1;;POLI CAMBOTA INA;POLI CAMBOTA INA;0;;
204;1300;544 0178 10;1300;544017810;CATEGORIA0;;1;1;0;1;;POLI CAMBOTA INA;POLI CAMBOTA INA;0;;
204;1300;544 0504 10;1300;544050410;CATEGORIA0;;1;1;0;1;;POLI CAMBOTA INA;POLI CAMBOTA INA;0;;
204;1300;544 0504 20;1300;544050420;CATEGORIA0;;1;1;0;1;;POLI CAMBOTA INA;POLI CAMBOTA INA;0;;
204;1296;558 0001 10;1296;558000110;CATEGORIA0;;1;1;0;1;;KIT DISTRIBUIÇÃO CORRENTE INA;KIT DISTRIBUIÇÃO CORRENTE INA;0;;
204;1296;558 0004 10;1296;558000410;CATEGORIA0;;1;1;0;1;;KIT DISTRIBUIÇÃO CORRENTE INA;KIT DISTRIBUIÇÃO CORRENTE INA;0;;
204;1296;558 0005 10;1296;558000510;CATEGORIA0;;1;1;0;1;;KIT DISTRIBUIÇÃO CORRENTE;KIT DISTRIBUIÇÃO CORRENTE;0;;
204;1296;558 0007 10;1296;558000710;CATEGORIA0;;1;1;0;1;;KIT DISTRIBUIÇÃO CORRENTE INA;KIT DISTRIBUIÇÃO CORRENTE INA;0;;
204;1296;558 0008 10;1296;558000810;CATEGORIA0;;1;1;0;1;;KIT DISTRIBUIÇÃO CORRENTE INA;KIT DISTRIBUIÇÃO CORRENTE INA;0;;
204;1296;558 0014 10;1296;558001410;CATEGORIA0;;1;1;0;1;;KIT DISTRIBUIÇÃO CORRENTE INA;KIT DISTRIBUIÇÃO CORRENTE INA;0;;
204;1296;558 0016 10;1296;558001610;CATEGORIA0;;1;1;0;1;;KIT DISTRIBUIÇÃO CORRENTE INA;KIT DISTRIBUIÇÃO CORRENTE INA;0;;
204;1296;558 0017 10;1296;558001710;CATEGORIA0;;1;1;0;1;;KIT DISTRIBUIÇÃO CORRENTE INA;KIT DISTRIBUIÇÃO CORRENTE INA;0;;
204;1296;558 0018 10;1296;558001810;CATEGORIA0;;1;1;0;1;;KIT DISTRIBUIÇÃO CORRENTE INA;KIT DISTRIBUIÇÃO CORRENTE INA;0;;
204;1296;558 0020 10;1296;558002010;CATEGORIA0;;1;1;0;1;;KIT DISTRIBUIÇÃO CORRENTE INA;KIT DISTRIBUIÇÃO CORRENTE INA;0;;
204;1296;558 0024 10;1296;558002410;CATEGORIA0;;1;1;0;1;;KIT DISTRIBUIÇÃO CORRENTE;KIT DISTRIBUIÇÃO CORRENTE;0;;
204;1296;558 0025 10;1296;558002510;CATEGORIA0;;1;1;0;1;;KIT DISTRIBUIÇÃO CORRENTE INA;KIT DISTRIBUIÇÃO CORRENTE INA;0;;
204;1296;558 0028 10;1296;558002810;CATEGORIA0;;1;1;0;1;;KIT DISTRIBUIÇÃO CORRENTE INA;KIT DISTRIBUIÇÃO CORRENTE INA;0;;
204;1296;558 0038 10;1296;558003810;CATEGORIA0;;1;1;0;1;;KIT DISTRIBUIÇÃO CORRENTE INA;KIT DISTRIBUIÇÃO CORRENTE INA;0;;
204;1296;558 0039 10;1296;558003910;CATEGORIA0;;1;1;0;1;;KIT DISTRIBUIÇÃO CORRENTE INA;KIT DISTRIBUIÇÃO CORRENTE INA;0;;
204;1296;558 0040 10;1296;558004010;CATEGORIA0;;1;1;0;1;;KIT DISTRIBUIÇÃO CORRENTE INA;KIT DISTRIBUIÇÃO CORRENTE INA;0;;
204;1296;558 0041 10;1296;558004110;CATEGORIA0;;1;1;0;1;;KIT DISTRIBUIÇÃO CORRENTE INA;KIT DISTRIBUIÇÃO CORRENTE INA;0;;
204;1296;558 0042 10;1296;558004210;CATEGORIA0;;1;1;0;1;;KIT DISTRIBUIÇÃO CORRENTE INA;KIT DISTRIBUIÇÃO CORRENTE INA;0;;
204;1296;558 0043 10;1296;558004310;CATEGORIA0;;1;1;0;1;;KIT DISTRIBUIÇÃO CORRENTE INA;KIT DISTRIBUIÇÃO CORRENTE INA;0;;
204;1296;558 0044 10;1296;558004410;CATEGORIA0;;1;1;0;1;;KIT DISTRIBUIÇÃO CORRENTE INA;KIT DISTRIBUIÇÃO CORRENTE INA;0;;
204;1296;558 0045 10;1296;558004510;CATEGORIA0;;1;1;0;1;;KIT DISTRIBUIÇÃO CORRENTE INA;KIT DISTRIBUIÇÃO CORRENTE INA;0;;
204;1296;558 0046 10;1296;558004610;CATEGORIA0;;1;1;0;1;;KIT DISTRIBUIÇÃO CORRENTE INA;KIT DISTRIBUIÇÃO CORRENTE INA;0;;
204;1296;558 0047 10;1296;558004710;CATEGORIA0;;1;1;0;1;;KIT DISTRIBUIÇÃO CORRENTE INA;KIT DISTRIBUIÇÃO CORRENTE INA;0;;
204;1296;558 0049 10;1296;558004910;CATEGORIA0;;1;1;0;1;;KIT DISTRIBUIÇÃO CORRENTE INA;KIT DISTRIBUIÇÃO CORRENTE INA;0;;
204;1296;558 0051 10;1296;558005110;CATEGORIA0;;1;1;0;1;;KIT DISTRIBUIÇÃO CORRENTE INA;KIT DISTRIBUIÇÃO CORRENTE INA;0;;
204;1296;558 0052 10;1296;558005210;CATEGORIA0;;1;1;0;1;;KIT DISTRIBUIÇÃO CORRENTE INA;KIT DISTRIBUIÇÃO CORRENTE INA;0;;
204;1296;558 0054 10;1296;558005410;CATEGORIA0;;1;1;0;1;;KIT DISTRIBUIÇÃO CORRENTE INA;KIT DISTRIBUIÇÃO CORRENTE INA;0;;
204;1296;558 0055 10;1296;558005510;CATEGORIA0;;1;1;0;1;;KIT DISTRIBUIÇÃO CORRENTE INA;KIT DISTRIBUIÇÃO CORRENTE INA;0;;
204;1296;558 0056 10;1296;558005610;CATEGORIA0;;1;1;0;1;;KIT DISTRIBUIÇÃO CORRENTE INA;KIT DISTRIBUIÇÃO CORRENTE INA;0;;
204;1296;558 0057 10;1296;558005710;CATEGORIA0;;1;1;0;1;;KIT DISTRIBUIÇÃO CORRENTE INA;KIT DISTRIBUIÇÃO CORRENTE INA;0;;
204;1296;558 0059 10;1296;558005910;CATEGORIA0;;1;1;0;1;;KIT DISTRIBUIÇÃO CORRENTE INA;KIT DISTRIBUIÇÃO CORRENTE INA;0;;
204;1296;558 0060 10;1296;558006010;CATEGORIA0;;1;1;0;1;;KIT DISTRIBUIÇÃO CORRENTE INA;KIT DISTRIBUIÇÃO CORRENTE INA;0;;
204;1296;558 0062 10;1296;558006210;CATEGORIA0;;1;1;0;1;;KIT DISTRIBUIÇÃO CORRENTE;KIT DISTRIBUIÇÃO CORRENTE;0;;
204;1296;558 0063 10;1296;558006310;CATEGORIA0;;1;1;0;1;;KIT DISTRIBUIÇÃO CORRENTE INA;KIT DISTRIBUIÇÃO CORRENTE INA;0;;
204;1296;558 0064 10;1296;558006410;CATEGORIA0;;1;1;0;1;;KIT DISTRIBUIÇÃO CORRENTE INA;KIT DISTRIBUIÇÃO CORRENTE INA;0;;
204;1296;558 0065 10;1296;558006510;CATEGORIA0;;1;1;0;1;;KIT DISTRIBUIÇÃO CORRENTE INA;KIT DISTRIBUIÇÃO CORRENTE INA;0;;
204;1296;558 0066 10;1296;558006610;CATEGORIA0;;1;1;0;1;;KIT DISTRIBUIÇÃO CORRENTE INA;KIT DISTRIBUIÇÃO CORRENTE INA;0;;
204;1296;558 0069 10;1296;558006910;CATEGORIA0;;1;1;0;1;;KIT DISTRIBUIÇÃO CORRENTE INA;KIT DISTRIBUIÇÃO CORRENTE INA;0;;
204;1296;558 0070 10;1296;558007010;CATEGORIA0;;1;1;0;1;;KIT DISTRIBUIÇÃO CORRENTE INA;KIT DISTRIBUIÇÃO CORRENTE INA;0;;
204;1296;558 0071 10;1296;558007110;CATEGORIA0;;1;1;0;1;;KIT DISTRIBUIÇÃO CORRENTE INA;KIT DISTRIBUIÇÃO CORRENTE INA;0;;
204;1296;558 0073 10;1296;558007310;CATEGORIA0;;1;1;0;1;;KIT DISTRIBUIÇÃO CORRENTE INA;KIT DISTRIBUIÇÃO CORRENTE INA;0;;
204;1296;558 0084 10;1296;558008410;CATEGORIA0;;1;1;0;1;;KIT DISTRIBUIÇÃO CORRENTE INA;KIT DISTRIBUIÇÃO CORRENTE INA;0;;
204;1296;558 0093 10;1296;558009310;CATEGORIA0;;1;1;0;1;;KIT DISTRIBUIÇÃO CORRENTE INA;KIT DISTRIBUIÇÃO CORRENTE INA;0;;
204;1296;558 0133 10;1296;558013310;CATEGORIA0;;1;1;0;1;;KIT CORRENTE B.OLEO;KIT CORRENTE B.OLEO;0;;
204;1296;559 0002 10;1296;559000210;CATEGORIA0;;1;1;0;1;;KIT DISTRIBUIÇÃO CORRENTE INA;KIT DISTRIBUIÇÃO CORRENTE INA;0;;
204;1296;559 0003 10;1296;559000310;CATEGORIA0;;1;1;0;1;;KIT DISTRIBUIÇÃO CORRENTE INA;KIT DISTRIBUIÇÃO CORRENTE INA;0;;
204;1296;559 0004 10;1296;559000410;CATEGORIA0;;1;1;0;1;;KIT DISTRIBUIÇÃO CORRENTE INA;KIT DISTRIBUIÇÃO CORRENTE INA;0;;
204;1296;559 0008 10;1296;559000810;CATEGORIA0;;1;1;0;1;;KIT DISTRIBUIÇÃO CORRENTE INA;KIT DISTRIBUIÇÃO CORRENTE INA;0;;
204;1296;559 0015 10;1296;559001510;CATEGORIA0;;1;1;0;1;;KIT DISTRIBUIÇÃO CORRENTE INA;KIT DISTRIBUIÇÃO CORRENTE INA;0;;
204;1296;559 0018 10;1296;559001810;CATEGORIA0;;1;1;0;1;;KIT DISTRIBUIÇÃO CORRENTE INA;KIT DISTRIBUIÇÃO CORRENTE INA;0;;
204;1296;559 0019 10;1296;559001910;CATEGORIA0;;1;1;0;1;;KIT DISTRIBUIÇÃO CORRENTE INA;KIT DISTRIBUIÇÃO CORRENTE INA;0;;
204;1296;559 0022 30;1296;559002230;CATEGORIA0;;1;1;0;1;;KIT DISTRIBUIÇÃO CORRENTE;KIT DISTRIBUIÇÃO CORRENTE;0;;
204;1296;559 0023 30;1296;559002330;CATEGORIA0;;1;1;0;1;;KIT DISTRIBUIÇÃO CORRENTE INA;KIT DISTRIBUIÇÃO CORRENTE INA;0;;
204;1296;559 0024 30;1296;559002430;CATEGORIA0;;1;1;0;1;;KIT DISTRIBUIÇÃO CORRENTE;KIT DISTRIBUIÇÃO CORRENTE;0;;
204;1296;559 0025 30;1296;559002530;CATEGORIA0;;1;1;0;1;;KIT DISTRIBUIÇÃO CORRENTE;KIT DISTRIBUIÇÃO CORRENTE;0;;
204;1296;559 0026 10;1296;559002610;CATEGORIA0;;1;1;0;1;;KIT DISTRIBUIÇÃO CORRENTE INA;KIT DISTRIBUIÇÃO CORRENTE INA;0;;
204;1296;559 0026 30;1296;559002630;CATEGORIA0;;1;1;0;1;;KIT DISTRIBUIÇÃO CORRENTE;KIT DISTRIBUIÇÃO CORRENTE;0;;
204;1296;559 0027 10;1296;559002710;CATEGORIA0;;1;1;0;1;;KIT DISTRIBUIÇÃO CORRENTE;KIT DISTRIBUIÇÃO CORRENTE;0;;
204;1296;559 0027 30;1296;559002730;CATEGORIA0;;1;1;0;1;;KIT DISTRIBUIÇÃO CORRENTE;KIT DISTRIBUIÇÃO CORRENTE;0;;
204;1296;559 0028 10;1296;559002810;CATEGORIA0;;1;1;0;1;;KIT DISTRIBUIÇÃO CORRENTE INA;KIT DISTRIBUIÇÃO CORRENTE INA;0;;
204;1296;559 0028 30;1296;559002830;CATEGORIA0;;1;1;0;1;;KIT DISTRIBUIÇÃO CORRENTE;KIT DISTRIBUIÇÃO CORRENTE;0;;
204;1296;559 0029 10;1296;559002910;CATEGORIA0;;1;1;0;1;;KIT DISTRIBUIÇÃO CORRENTE INA;KIT DISTRIBUIÇÃO CORRENTE INA;0;;
204;1296;559 0029 30;1296;559002930;CATEGORIA0;;1;1;0;1;;KIT DISTRIBUIÇÃO CORRENTE INA;KIT DISTRIBUIÇÃO CORRENTE INA;0;;
204;1296;559 0030 10;1296;559003010;CATEGORIA0;;1;1;0;1;;KIT DISTRIBUIÇÃO CORRENTE;KIT DISTRIBUIÇÃO CORRENTE;0;;
204;1296;559 0030 30;1296;559003030;CATEGORIA0;;1;1;0;1;;KIT DISTRIBUIÇÃO CORRENTE INA;KIT DISTRIBUIÇÃO CORRENTE INA;0;;
204;1296;559 0031 10;1296;559003110;CATEGORIA0;;1;1;0;1;;KIT DISTRIBUIÇÃO CORRENTE;KIT DISTRIBUIÇÃO CORRENTE;0;;
204;1296;559 0032 10;1296;559003210;CATEGORIA0;;1;1;0;1;;KIT DISTRIBUIÇÃO CORRENTE INA;KIT DISTRIBUIÇÃO CORRENTE INA;0;;
204;1296;559 0033 10;1296;559003310;CATEGORIA0;;1;1;0;1;;KIT DISTRIBUIÇÃO CORRENTE INA;KIT DISTRIBUIÇÃO CORRENTE INA;0;;
204;1296;559 0034 10;1296;559003410;CATEGORIA0;;1;1;0;1;;KIT DISTRIBUIÇÃO CORRENTE INA;KIT DISTRIBUIÇÃO CORRENTE INA;0;;
204;1296;559 0035 10;1296;559003510;CATEGORIA0;;1;1;0;1;;KIT DISTRIBUIÇÃO CORRENTE INA;KIT DISTRIBUIÇÃO CORRENTE INA;0;;
204;1296;559 0036 10;1296;559003610;CATEGORIA0;;1;1;0;1;;KIT DISTRIBUIÇÃO CORRENTE INA;KIT DISTRIBUIÇÃO CORRENTE INA;0;;
204;1296;559 0037 10;1296;559003710;CATEGORIA0;;1;1;0;1;;KIT DISTRIBUIÇÃO CORRENTE INA;KIT DISTRIBUIÇÃO CORRENTE INA;0;;
204;1296;559 0038 10;1296;559003810;CATEGORIA0;;1;1;0;1;;KIT DISTRIBUIÇÃO CORRENTE;KIT DISTRIBUIÇÃO CORRENTE;0;;
204;1296;559 0039 10;1296;559003910;CATEGORIA0;;1;1;0;1;;KIT DISTRIBUIÇÃO CORRENTE;KIT DISTRIBUIÇÃO CORRENTE;0;;
204;1296;559 0040 10;1296;559004010;CATEGORIA0;;1;1;0;1;;KIT DISTRIBUIÇÃO CORRENTE INA;KIT DISTRIBUIÇÃO CORRENTE INA;0;;
204;1296;559 0041 10;1296;559004110;CATEGORIA0;;1;1;0;1;;KIT DISTRIBUIÇÃO CORRENTE;KIT DISTRIBUIÇÃO CORRENTE;0;;
204;1296;559 0042 10;1296;559004210;CATEGORIA0;;1;1;0;1;;KIT DISTRIBUIÇÃO CORRENTE INA;KIT DISTRIBUIÇÃO CORRENTE INA;0;;
204;1296;559 0043 10;1296;559004310;CATEGORIA0;;1;1;0;1;;KIT DISTRIBUIÇÃO CORRENTE INA;KIT DISTRIBUIÇÃO CORRENTE INA;0;;
204;1296;559 0044 10;1296;559004410;CATEGORIA0;;1;1;0;1;;KIT DISTRIBUIÇÃO CORRENTE INA;KIT DISTRIBUIÇÃO CORRENTE INA;0;;
204;1296;559 0045 10;1296;559004510;CATEGORIA0;;1;1;0;1;;KIT DISTRIBUIÇÃO CORRENTE;KIT DISTRIBUIÇÃO CORRENTE;0;;
204;1296;559 0046 10;1296;559004610;CATEGORIA0;;1;1;0;1;;KIT DISTRIBUIÇÃO CORRENTE INA;KIT DISTRIBUIÇÃO CORRENTE INA;0;;
204;1296;559 0047 10;1296;559004710;CATEGORIA0;;1;1;0;1;;KIT DISTRIBUIÇÃO CORRENTE INA;KIT DISTRIBUIÇÃO CORRENTE INA;0;;
204;1296;559 0048 10;1296;559004810;CATEGORIA0;;1;1;0;1;;KIT DISTRIBUIÇÃO CORRENTE INA;KIT DISTRIBUIÇÃO CORRENTE INA;0;;
204;1296;559 0049 10;1296;559004910;CATEGORIA0;;1;1;0;1;;KIT DISTRIBUIÇÃO CORRENTE INA;KIT DISTRIBUIÇÃO CORRENTE INA;0;;
204;1296;559 0050 10;1296;559005010;CATEGORIA0;;1;1;0;1;;KIT DISTRIBUIÇÃO CORRENTE INA;KIT DISTRIBUIÇÃO CORRENTE INA;0;;
204;1296;559 0051 10;1296;559005110;CATEGORIA0;;1;1;0;1;;KIT DISTRIBUIÇÃO CORRENTE INA;KIT DISTRIBUIÇÃO CORRENTE INA;0;;
204;1296;559 0052 10;1296;559005210;CATEGORIA0;;1;1;0;1;;KIT DISTRIBUIÇÃO CORRENTE INA;KIT DISTRIBUIÇÃO CORRENTE INA;0;;
204;1296;559 0054 10;1296;559005410;CATEGORIA0;;1;1;0;1;;KIT DISTRIBUIÇÃO CORRENTE INA;KIT DISTRIBUIÇÃO CORRENTE INA;0;;
204;1296;559 0055 10;1296;559005510;CATEGORIA0;;1;1;0;1;;KIT DISTRIBUIÇÃO CORRENTE INA;KIT DISTRIBUIÇÃO CORRENTE INA;0;;
204;1296;559 0056 10;1296;559005610;CATEGORIA0;;1;1;0;1;;KIT DISTRIBUIÇÃO CORRENTE INA;KIT DISTRIBUIÇÃO CORRENTE INA;0;;
204;1296;559 0057 10;1296;559005710;CATEGORIA0;;1;1;0;1;;KIT DISTRIBUIÇÃO CORRENTE;KIT DISTRIBUIÇÃO CORRENTE;0;;
204;1296;559 0059 10;1296;559005910;CATEGORIA0;;1;1;0;1;;KIT DISTRIBUIÇÃO CORRENTE;KIT DISTRIBUIÇÃO CORRENTE;0;;
204;1296;559 0060 10;1296;559006010;CATEGORIA0;;1;1;0;1;;KIT DISTRIBUIÇÃO CORRENTE;KIT DISTRIBUIÇÃO CORRENTE;0;;
204;1296;559 0061 10;1296;559006110;CATEGORIA0;;1;1;0;1;;KIT DISTRIBUIÇÃO CORRENTE INA;KIT DISTRIBUIÇÃO CORRENTE INA;0;;
204;1296;559 0062 10;1296;559006210;CATEGORIA0;;1;1;0;1;;KIT DISTRIBUIÇÃO CORRENTE;KIT DISTRIBUIÇÃO CORRENTE;0;;
204;1296;559 0063 10;1296;559006310;CATEGORIA0;;1;1;0;1;;KIT DISTRIBUIÇÃO CORRENTE INA;KIT DISTRIBUIÇÃO CORRENTE INA;0;;
204;1296;559 0064 10;1296;559006410;CATEGORIA0;;1;1;0;1;;KIT DISTRIBUIÇÃO CORRENTE INA;KIT DISTRIBUIÇÃO CORRENTE INA;0;;
204;1296;559 0065 10;1296;559006510;CATEGORIA0;;1;1;0;1;;KIT DISTRIBUIÇÃO CORRENTE INA;KIT DISTRIBUIÇÃO CORRENTE INA;0;;
204;1296;559 0066 10;1296;559006610;CATEGORIA0;;1;1;0;1;;KIT DISTRIBUIÇÃO CORRENTE INA;KIT DISTRIBUIÇÃO CORRENTE INA;0;;
204;1296;559 0067 10;1296;559006710;CATEGORIA0;;1;1;0;1;;KIT DISTRIBUIÇÃO CORRENTE INA;KIT DISTRIBUIÇÃO CORRENTE INA;0;;
204;1296;559 0068 10;1296;559006810;CATEGORIA0;;1;1;0;1;;KIT DISTRIBUIÇÃO CORRENTE INA;KIT DISTRIBUIÇÃO CORRENTE INA;0;;
204;1296;559 0069 10;1296;559006910;CATEGORIA0;;1;1;0;1;;KIT DISTRIBUIÇÃO CORRENTE;KIT DISTRIBUIÇÃO CORRENTE;0;;
204;1296;559 0070 10;1296;559007010;CATEGORIA0;;1;1;0;1;;KIT DISTRIBUIÇÃO CORRENTE INA;KIT DISTRIBUIÇÃO CORRENTE INA;0;;
204;1296;559 0071 10;1296;559007110;CATEGORIA0;;1;1;0;1;;KIT DISTRIBUIÇÃO CORRENTE INA;KIT DISTRIBUIÇÃO CORRENTE INA;0;;
204;1296;559 0072 10;1296;559007210;CATEGORIA0;;1;1;0;1;;KIT DISTRIBUIÇÃO CORRENTE INA;KIT DISTRIBUIÇÃO CORRENTE INA;0;;
204;1296;559 0073 10;1296;559007310;CATEGORIA0;;1;1;0;1;;KIT DISTRIBUIÇÃO CORRENTE INA;KIT DISTRIBUIÇÃO CORRENTE INA;0;;
204;1296;559 0074 10;1296;559007410;CATEGORIA0;;1;1;0;1;;KIT DISTRIBUIÇÃO CORRENTE;KIT DISTRIBUIÇÃO CORRENTE;0;;
204;1296;559 0075 10;1296;559007510;CATEGORIA0;;1;1;0;1;;KIT DISTRIBUIÇÃO CORRENTE;KIT DISTRIBUIÇÃO CORRENTE;0;;
204;1296;559 0076 10;1296;559007610;CATEGORIA0;;1;1;0;1;;KIT DISTRIBUIÇÃO CORRENTE;KIT DISTRIBUIÇÃO CORRENTE;0;;
204;1296;559 0077 10;1296;559007710;CATEGORIA0;;1;1;0;1;;KIT DISTRIBUIÇÃO CORRENTE INA;KIT DISTRIBUIÇÃO CORRENTE INA;0;;
204;1296;559 0078 10;1296;559007810;CATEGORIA0;;1;1;0;1;;KIT DISTRIBUIÇÃO CORRENTE;KIT DISTRIBUIÇÃO CORRENTE;0;;
204;1296;559 0079 10;1296;559007910;CATEGORIA0;;1;1;0;1;;KIT DISTRIBUIÇÃO CORRENTE;KIT DISTRIBUIÇÃO CORRENTE;0;;
204;1296;559 0080 10;1296;559008010;CATEGORIA0;;1;1;0;1;;KIT DISTRIBUIÇÃO CORRENTE INA;KIT DISTRIBUIÇÃO CORRENTE INA;0;;
204;1296;559 0082 10;1296;559008210;CATEGORIA0;;1;1;0;1;;KIT DISTRIBUIÇÃO CORRENTE INA;KIT DISTRIBUIÇÃO CORRENTE INA;0;;
204;1296;559 0084 10;1296;559008410;CATEGORIA0;;1;1;0;1;;KIT DISTRIBUIÇÃO CORRENTE INA;KIT DISTRIBUIÇÃO CORRENTE INA;0;;
204;1296;559 0086 10;1296;559008610;CATEGORIA0;;1;1;0;1;;KIT DISTRIBUIÇÃO CORRENTE INA;KIT DISTRIBUIÇÃO CORRENTE INA;0;;
204;1296;559 0086 30;1296;559008630;CATEGORIA0;;1;1;0;1;;KIT DISTRIBUIÇÃO CORRENTE INA;KIT DISTRIBUIÇÃO CORRENTE INA;0;;
204;1296;559 0087 10;1296;559008710;CATEGORIA0;;1;1;0;1;;KIT DISTRIBUIÇÃO CORRENTE INA;KIT DISTRIBUIÇÃO CORRENTE INA;0;;
204;1296;559 0088 10;1296;559008810;CATEGORIA0;;1;1;0;1;;KIT DISTRIBUIÇÃO CORRENTE INA;KIT DISTRIBUIÇÃO CORRENTE INA;0;;
204;1296;559 0089 10;1296;559008910;CATEGORIA0;;1;1;0;1;;KIT DISTRIBUIÇÃO CORRENTE INA;KIT DISTRIBUIÇÃO CORRENTE INA;0;;
204;1296;559 0090 10;1296;559009010;CATEGORIA0;;1;1;0;1;;KIT DISTRIBUIÇÃO CORRENTE INA;KIT DISTRIBUIÇÃO CORRENTE INA;0;;
204;1296;559 0091 10;1296;559009110;CATEGORIA0;;1;1;0;1;;KIT DISTRIBUIÇÃO CORRENTE INA;KIT DISTRIBUIÇÃO CORRENTE INA;0;;
204;1296;559 0092 10;1296;559009210;CATEGORIA0;;1;1;0;1;;KIT DISTRIBUIÇÃO CORRENTE INA;KIT DISTRIBUIÇÃO CORRENTE INA;0;;
204;1296;559 0093 10;1296;559009310;CATEGORIA0;;1;1;0;1;;KIT DISTRIBUIÇÃO CORRENTE INA;KIT DISTRIBUIÇÃO CORRENTE INA;0;;
204;1296;559 0094 10;1296;559009410;CATEGORIA0;;1;1;0;1;;KIT DISTRIBUIÇÃO CORRENTE INA;KIT DISTRIBUIÇÃO CORRENTE INA;0;;
204;1296;559 0097 10;1296;559009710;CATEGORIA0;;1;1;0;1;;KIT DISTRIBUIÇÃO CORRENTE INA;KIT DISTRIBUIÇÃO CORRENTE INA;0;;
204;1296;559 0098 10;1296;559009810;CATEGORIA0;;1;1;0;1;;KIT DISTRIBUIÇÃO CORRENTE INA;KIT DISTRIBUIÇÃO CORRENTE INA;0;;
204;1296;559 0099 10;1296;559009910;CATEGORIA0;;1;1;0;1;;KIT DISTRIBUIÇÃO CORRENTE INA;KIT DISTRIBUIÇÃO CORRENTE INA;0;;
204;1296;559 0100 10;1296;559010010;CATEGORIA0;;1;1;0;1;;KIT DISTRIBUIÇÃO CORRENTE INA;KIT DISTRIBUIÇÃO CORRENTE INA;0;;
204;1296;559 0103 10;1296;559010310;CATEGORIA0;;1;1;0;1;;KIT DISTRIBUIÇÃO CORRENTE INA;KIT DISTRIBUIÇÃO CORRENTE INA;0;;
204;1296;559 0104 10;1296;559010410;CATEGORIA0;;1;1;0;1;;KIT DISTRIBUIÇÃO CORRENTE;KIT DISTRIBUIÇÃO CORRENTE;0;;
204;1296;559 0104 30;1296;559010430;CATEGORIA0;;1;1;0;1;;KIT DISTRIBUIÇÃO CORRENTE;KIT DISTRIBUIÇÃO CORRENTE;0;;
204;1296;559 0105 10;1296;559010510;CATEGORIA0;;1;1;0;1;;KIT DISTRIBUIÇÃO CORRENTE INA;KIT DISTRIBUIÇÃO CORRENTE INA;0;;
204;1296;559 0106 10;1296;559010610;CATEGORIA0;;1;1;0;1;;KIT DISTRIBUIÇÃO CORRENTE;KIT DISTRIBUIÇÃO CORRENTE;0;;
204;1296;559 0107 10;1296;559010710;CATEGORIA0;;1;1;0;1;;KIT DISTRIBUIÇÃO CORRENTE INA;KIT DISTRIBUIÇÃO CORRENTE INA;0;;
204;1296;559 0108 10;1296;559010810;CATEGORIA0;;1;1;0;1;;KIT DISTRIBUIÇÃO CORRENTE INA;KIT DISTRIBUIÇÃO CORRENTE INA;0;;
204;1296;559 0109 10;1296;559010910;CATEGORIA0;;1;1;0;1;;KIT DISTRIBUIÇÃO CORRENTE INA;KIT DISTRIBUIÇÃO CORRENTE INA;0;;
204;1296;559 0110 10;1296;559011010;CATEGORIA0;;1;1;0;1;;KIT DISTRIBUIÇÃO CORRENTE INA;KIT DISTRIBUIÇÃO CORRENTE INA;0;;
204;1296;559 0111 10;1296;559011110;CATEGORIA0;;1;1;0;1;;KIT DISTRIBUIÇÃO CORRENTE;KIT DISTRIBUIÇÃO CORRENTE;0;;
204;1296;559 0112 10;1296;559011210;CATEGORIA0;;1;1;0;1;;KIT DISTRIBUIÇÃO CORRENTE INA;KIT DISTRIBUIÇÃO CORRENTE INA;0;;
204;1296;559 0113 10;1296;559011310;CATEGORIA0;;1;1;0;1;;KIT DISTRIBUIÇÃO CORRENTE INA;KIT DISTRIBUIÇÃO CORRENTE INA;0;;
204;1296;559 0115 10;1296;559011510;CATEGORIA0;;1;1;0;1;;KIT DISTRIBUIÇÃO CORRENTE INA;KIT DISTRIBUIÇÃO CORRENTE INA;0;;
204;1296;559 0116 10;1296;559011610;CATEGORIA0;;1;1;0;1;;KIT DISTRIBUIÇÃO CORRENTE INA;KIT DISTRIBUIÇÃO CORRENTE INA;0;;
204;1296;559 0117 10;1296;559011710;CATEGORIA0;;1;1;0;1;;KIT DISTRIBUIÇÃO CORRENTE;KIT DISTRIBUIÇÃO CORRENTE;0;;
204;1296;559 0118 10;1296;559011810;CATEGORIA0;;1;1;0;1;;KIT DISTRIBUIÇÃO CORRENTE INA;KIT DISTRIBUIÇÃO CORRENTE INA;0;;
204;1296;559 0119 10;1296;559011910;CATEGORIA0;;1;1;0;1;;KIT DISTRIBUIÇÃO CORRENTE INA;KIT DISTRIBUIÇÃO CORRENTE INA;0;;
204;1296;559 0120 10;1296;559012010;CATEGORIA0;;1;1;0;1;;KIT DISTRIBUIÇÃO CORRENTE INA;KIT DISTRIBUIÇÃO CORRENTE INA;0;;
204;1296;559 0121 10;1296;559012110;CATEGORIA0;;1;1;0;1;;KIT DISTRIBUIÇÃO CORRENTE INA;KIT DISTRIBUIÇÃO CORRENTE INA;0;;
204;1296;559 0123 10;1296;559012310;CATEGORIA0;;1;1;0;1;;KIT DISTRIBUIÇÃO CORRENTE INA;KIT DISTRIBUIÇÃO CORRENTE INA;0;;
204;1296;559 0125 10;1296;559012510;CATEGORIA0;;1;1;0;1;;KIT DISTRIBUIÇÃO CORRENTE INA;KIT DISTRIBUIÇÃO CORRENTE INA;0;;
204;1296;559 0126 10;1296;559012610;CATEGORIA0;;1;1;0;1;;KIT DISTRIBUIÇÃO CORRENTE INA;KIT DISTRIBUIÇÃO CORRENTE INA;0;;
204;1296;559 0127 10;1296;559012710;CATEGORIA0;;1;1;0;1;;KIT DISTRIBUIÇÃO CORRENTE INA;KIT DISTRIBUIÇÃO CORRENTE INA;0;;
204;1296;559 0128 10;1296;559012810;CATEGORIA0;;1;1;0;1;;KIT DISTRIBUIÇÃO CORRENTE INA;KIT DISTRIBUIÇÃO CORRENTE INA;0;;
204;1296;559 0129 10;1296;559012910;CATEGORIA0;;1;1;0;1;;KIT DISTRIBUIÇÃO CORRENTE INA;KIT DISTRIBUIÇÃO CORRENTE INA;0;;
204;1296;559 0130 10;1296;559013010;CATEGORIA0;;1;1;0;1;;KIT DISTRIBUIÇÃO CORRENTE INA;KIT DISTRIBUIÇÃO CORRENTE INA;0;;
204;1296;559 0131 10;1296;559013110;CATEGORIA0;;1;1;0;1;;KIT DISTRIBUIÇÃO CORRENTE;KIT DISTRIBUIÇÃO CORRENTE;0;;
204;1296;559 0132 10;1296;559013210;CATEGORIA0;;1;1;0;1;;KIT DISTRIBUIÇÃO CORRENTE INA;KIT DISTRIBUIÇÃO CORRENTE INA;0;;
204;1296;559 0133 10;1296;559013310;CATEGORIA0;;1;1;0;1;;KIT DISTRIBUIÇÃO CORRENTE INA;KIT DISTRIBUIÇÃO CORRENTE INA;0;;
204;1296;559 0134 10;1296;559013410;CATEGORIA0;;1;1;0;1;;KIT DISTRIBUIÇÃO CORRENTE INA;KIT DISTRIBUIÇÃO CORRENTE INA;0;;
204;1296;559 0135 10;1296;559013510;CATEGORIA0;;1;1;0;1;;KIT DISTRIBUIÇÃO CORRENTE;KIT DISTRIBUIÇÃO CORRENTE;0;;
204;1296;559 0136 10;1296;559013610;CATEGORIA0;;1;1;0;1;;KIT DISTRIBUIÇÃO CORRENTE INA;KIT DISTRIBUIÇÃO CORRENTE INA;0;;
204;1296;559 0138 10;1296;559013810;CATEGORIA0;;1;1;0;1;;KIT DISTRIBUIÇÃO CORRENTE INA;KIT DISTRIBUIÇÃO CORRENTE INA;0;;
204;1296;559 0140 10;1296;559014010;CATEGORIA0;;1;1;0;1;;KIT DISTRIBUIÇÃO CORRENTE INA;KIT DISTRIBUIÇÃO CORRENTE INA;0;;
204;1296;559 0141 10;1296;559014110;CATEGORIA0;;1;1;0;1;;KIT DISTRIBUIÇÃO CORRENTE INA;KIT DISTRIBUIÇÃO CORRENTE INA;0;;
204;1296;559 0142 10;1296;559014210;CATEGORIA0;;1;1;0;1;;KIT DISTRIBUIÇÃO CORRENTE INA;KIT DISTRIBUIÇÃO CORRENTE INA;0;;
204;1296;559 0143 10;1296;559014310;CATEGORIA0;;1;1;0;1;;KIT DISTRIBUIÇÃO CORRENTE INA;KIT DISTRIBUIÇÃO CORRENTE INA;0;;
204;1296;559 0143 30;1296;559014330;CATEGORIA0;;1;1;0;1;;KIT DISTRIBUIÇÃO CORRENTE INA;KIT DISTRIBUIÇÃO CORRENTE INA;0;;
204;1296;559 0145 10;1296;559014510;CATEGORIA0;;1;1;0;1;;KIT DISTRIBUIÇÃO CORRENTE INA;KIT DISTRIBUIÇÃO CORRENTE INA;0;;
204;1296;559 0146 10;1296;559014610;CATEGORIA0;;1;1;0;1;;KIT DISTRIBUIÇÃO CORRENTE INA;KIT DISTRIBUIÇÃO CORRENTE INA;0;;
204;1296;559 0149 10;1296;559014910;CATEGORIA0;;1;1;0;1;;KIT DISTRIBUIÇÃO CORRENTE INA;KIT DISTRIBUIÇÃO CORRENTE INA;0;;
204;1296;559 0152 10;1296;559015210;CATEGORIA0;;1;1;0;1;;KIT DISTRIBUIÇÃO CORRENTE INA;KIT DISTRIBUIÇÃO CORRENTE INA;0;;
204;1296;559 0152 30;1296;559015230;CATEGORIA0;;1;1;0;1;;KIT DISTRIBUIÇÃO CORRENTE INA;KIT DISTRIBUIÇÃO CORRENTE INA;0;;
204;1296;559 0154 10;1296;559015410;CATEGORIA0;;1;1;0;1;;KIT DISTRIBUIÇÃO CORRENTE;KIT DISTRIBUIÇÃO CORRENTE;0;;