4965;10295;38011051;10295;4965.38011051;CATEGORIA0;;1;1;0;1;;FAROL ESQUERDO ELETRICO H4+W5W;FAROL ESQUERDO ELETRICO H4+W5W;0;;
4965;10295;38011053;10295;4965.38011053;CATEGORIA0;;1;1;0;1;;FAROL ESQUERDO MANUAL/ELETRICO H4+PY21W+W5W;FAROL ESQUERDO MANUAL/ELETRICO H4+PY21W+W5W;0;;
4965;10295;38011055;10295;4965.38011055;CATEGORIA0;;1;1;0;1;;FAROL ESQUERDO ELETRICO H4+PY21W+W5W;FAROL ESQUERDO ELETRICO H4+PY21W+W5W;0;;
4965;10295;38011057;10295;4965.38011057;CATEGORIA0;;1;1;0;1;;FAROL ESQUERDO ELETRICO COM MOTOR H1+H7+PY21W+W5W;FAROL ESQUERDO ELETRICO COM MOTOR H1+H7+PY21W+W5W;0;;
4965;10295;38011067;10295;4965.38011067;CATEGORIA0;;1;1;0;1;;FAROL ESQUERDO ELETRICO COM MOTOR H1+H7+H6W 2011->;FAROL ESQUERDO ELETRICO COM MOTOR H1+H7+H6W 2011->;0;;
4965;10295;38011071;10295;4965.38011071;CATEGORIA0;;1;1;0;1;;FAROL ESQUERDO ELETRICO COM MOTOR/BASE PRETA H1+H7+PY21W+W5W;FAROL ESQUERDO ELETRICO COM MOTOR/BASE PRETA H1+H7+PY21W+W5W;0;;
4965;10295;38011074;10295;4965.38011074;CATEGORIA0;;1;1;0;1;;FAROL ESQUERDO ELETRICO COM MOTOR H4+PY21W+W5W TIPO V 2012->;FAROL ESQUERDO ELETRICO COM MOTOR H4+PY21W+W5W TIPO V 2012->;0;;
4965;10295;38011077;10295;4965.38011077;CATEGORIA0;;1;1;0;1;;FAROL ESQUERDO ELETRICO COM MOTOR H4+PY21W+W5W;FAROL ESQUERDO ELETRICO COM MOTOR H4+PY21W+W5W;0;;
4965;10295;38011201;10295;4965.38011201;CATEGORIA0;;1;1;0;1;;FAROL ESQUERDO ELETRICO COM MOTOR H1+H1+PY24W+W5W 2008->;FAROL ESQUERDO ELETRICO COM MOTOR H1+H1+PY24W+W5W 2008->;0;;
4965;10295;38011211;10295;4965.38011211;CATEGORIA0;;1;1;0;1;;FAROL ESQUERDO MANUAL H4;FAROL ESQUERDO MANUAL H4;0;;
4965;10295;38011214;10295;4965.38011214;CATEGORIA0;;1;1;0;1;;LUZ ESQUERDA MANUAL LÂMPADA ASSIMÉTRICA H4;LUZ ESQUERDA MANUAL LÂMPADA ASSIMÉTRICA H4;0;;
4965;10295;38011220;10295;4965.38011220;CATEGORIA0;;1;1;0;1;;FAROL ESQUERDO MANUAL/ELETRICO H4+W5W;FAROL ESQUERDO MANUAL/ELETRICO H4+W5W;0;;
4965;10295;38011221;10295;4965.38011221;CATEGORIA0;;1;1;0;1;;FAROL ESQUERDO MANUAL H7+H7+P21W+W5W;FAROL ESQUERDO MANUAL H7+H7+P21W+W5W;0;;
4965;10295;38011222;10295;4965.38011222;CATEGORIA0;;1;1;0;1;;FAROL ESQUERDO MANUAL H4+W5W CINZENTO;FAROL ESQUERDO MANUAL H4+W5W CINZENTO;0;;
4965;10295;38011224;10295;4965.38011224;CATEGORIA0;;1;1;0;1;;FAROL ESQUERDO COM NEVOEIRO ELETRICO 5 PORTAS H1+H7+H1+W5WX2;FAROL ESQUERDO COM NEVOEIRO ELETRICO 5 PORTAS H1+H7+H1+W5WX2;0;;
4965;10295;38011229;10295;4965.38011229;CATEGORIA0;;1;1;0;1;;FAROL ESQUERDO ELETRICO COM MOTOR H7;FAROL ESQUERDO ELETRICO COM MOTOR H7;0;;
4965;10295;38011249;10295;4965.38011249;CATEGORIA0;;1;1;0;1;;FAROL ESQUERDO ELETRICO COM MOTOR H4+PY21W+W5W CONECTOR PLUG;FAROL ESQUERDO ELETRICO COM MOTOR H4+PY21W+W5W CONECTOR PLUG;0;;
4965;10295;38011258;10295;4965.38011258;CATEGORIA0;;1;1;0;1;;FAROL ESQUERDO ELETRICO H1+H7+PY21W+W5W;FAROL ESQUERDO ELETRICO H1+H7+PY21W+W5W;0;;
4965;10295;38011259;10295;4965.38011259;CATEGORIA0;;1;1;0;1;;FAROL ESQUERDO LED ELETRICO COM MOTOR/BASE CROMADA H7+H7+WY2;FAROL ESQUERDO LED ELETRICO COM MOTOR/BASE CROMADA H7+H7+WY2;0;;
4965;10295;38011262;10295;4965.38011262;CATEGORIA0;;1;1;0;1;;FAROL ESQUERDO ELETRICO COM MOTOR/BASE PRETA H1+H1+PY24W+W5W;FAROL ESQUERDO ELETRICO COM MOTOR/BASE PRETA H1+H1+PY24W+W5W;0;;
4965;10295;38011293;10295;4965.38011293;CATEGORIA0;;1;1;0;1;;FAROL ESQUERDO MANUAL/ELETRICO BASE PRETA H4+PY21W+W5W;FAROL ESQUERDO MANUAL/ELETRICO BASE PRETA H4+PY21W+W5W;0;;
4965;10295;38011295;10295;4965.38011295;CATEGORIA0;;1;1;0;1;;FAROL ESQUERDO ELETRICO H1+H7+PY21W+W21/5W TIPO A 11/2013->;FAROL ESQUERDO ELETRICO H1+H7+PY21W+W21/5W TIPO A 11/2013->;0;;
4965;10295;38011307;10295;4965.38011307;CATEGORIA0;;1;1;0;1;;FAROL ESQUERDO ELETRICO COM MOTOR H1+H7 4 PORTAS/FAMILIAR;FAROL ESQUERDO ELETRICO COM MOTOR H1+H7 4 PORTAS/FAMILIAR;0;;
4965;10295;38011450;10295;4965.38011450;CATEGORIA0;;1;1;0;1;;FAROL ESQUERDO ELETRICO COM MOTOR H4/4 PORTAS;FAROL ESQUERDO ELETRICO COM MOTOR H4/4 PORTAS;0;;
4965;10295;38011503;10295;4965.38011503;CATEGORIA0;;1;1;0;1;;FAROL ESQUERDO LED/ELETRICO COM MOTOR H7+H1+PY21W TIPOVISTE;FAROL ESQUERDO LED/ELETRICO COM MOTOR H7+H1+PY21W TIPOVISTE;0;;
4965;10295;38011504;10295;4965.38011504;CATEGORIA0;;1;1;0;1;;FAROL ESQUERDO ELETRICO COM MOTOR/BASE CROMADA H1+H7+PY21W+W;FAROL ESQUERDO ELETRICO COM MOTOR/BASE CROMADA H1+H7+PY21W+W;0;;
4965;10295;38011506;10295;4965.38011506;CATEGORIA0;;1;1;0;1;;FAROL ESQUERDO ELETRICO COM MOTOR H4+P21W+W5W;FAROL ESQUERDO ELETRICO COM MOTOR H4+P21W+W5W;0;;
4965;10295;38011513;10295;4965.38011513;CATEGORIA0;;1;1;0;1;;FAROL ESQUERDO MANUAL H4;FAROL ESQUERDO MANUAL H4;0;;
4965;10295;38011517;10295;4965.38011517;CATEGORIA0;;1;1;0;1;;FAROL ESQUERDO MANUAL H4+W5W;FAROL ESQUERDO MANUAL H4+W5W;0;;
4965;10295;38011519;10295;4965.38011519;CATEGORIA0;;1;1;0;1;;FAROL ESQUERDO MANUAL/ELETRICO H4+PY21W+W5W;FAROL ESQUERDO MANUAL/ELETRICO H4+PY21W+W5W;0;;
4965;10295;38011526;10295;4965.38011526;CATEGORIA0;;1;1;0;1;;FAROL ESQUERDO MANUAL/ELETRICO COM MOTOR H7+H15 TIPO V;FAROL ESQUERDO MANUAL/ELETRICO COM MOTOR H7+H15 TIPO V;0;;
4965;10295;38011540;10295;4965.38011540;CATEGORIA0;;1;1;0;1;;FAROL ESQUERDO MANUAL H4+W5W;FAROL ESQUERDO MANUAL H4+W5W;0;;
4965;10295;38011541;10295;4965.38011541;CATEGORIA0;;1;1;0;1;;FAROL ESQUERDO MANUAL H4+W5W 1993->;FAROL ESQUERDO MANUAL H4+W5W 1993->;0;;
4965;10295;38011544;10295;4965.38011544;CATEGORIA0;;1;1;0;1;;FAROL ESQUERDO ELETRICO BASE CROMADA H4+P21W+W5W;FAROL ESQUERDO ELETRICO BASE CROMADA H4+P21W+W5W;0;;
4965;10295;38011545;10295;4965.38011545;CATEGORIA0;;1;1;0;1;;FAROL ESQUERDO MANUAL/ELETRICO H1+H1+W5W;FAROL ESQUERDO MANUAL/ELETRICO H1+H1+W5W;0;;
4965;10295;38011548;10295;4965.38011548;CATEGORIA0;;1;1;0;1;;FAROL ESQUERDO ELETRICO H1+H7+P21W+W5W;FAROL ESQUERDO ELETRICO H1+H7+P21W+W5W;0;;
4965;10295;38011550;10295;4965.38011550;CATEGORIA0;;1;1;0;1;;FAROL ESQUERDO ELETRICO ÂMBAR H1+H7+P21W+W5W;FAROL ESQUERDO ELETRICO ÂMBAR H1+H7+P21W+W5W;0;;
4965;10295;38011553;10295;4965.38011553;CATEGORIA0;;1;1;0;1;;FAROL ESQUERDO ELETRICO COM MOTOR H4+PY21W+W5W;FAROL ESQUERDO ELETRICO COM MOTOR H4+PY21W+W5W;0;;
4965;10295;38011560;10295;4965.38011560;CATEGORIA0;;1;1;0;1;;FAROL ESQUERDO ELETRICO H4+W5W;FAROL ESQUERDO ELETRICO H4+W5W;0;;
4965;10295;38011561;10295;4965.38011561;CATEGORIA0;;1;1;0;1;;FAROL ESQUERDO MANUAL/ELETRICO H1+H7+P21W+W5W;FAROL ESQUERDO MANUAL/ELETRICO H1+H7+P21W+W5W;0;;
4965;10295;38011563;10295;4965.38011563;CATEGORIA0;;1;1;0;1;;FAROL ESQUERDO ELETRICO BASE PRETA H1+H7+PY21W+W5W;FAROL ESQUERDO ELETRICO BASE PRETA H1+H7+PY21W+W5W;0;;
4965;10295;38011564;10295;4965.38011564;CATEGORIA0;;1;1;0;1;;FAROL ESQUERDO ELETRICO COM MOTOR/BASE PRETA H1+H7+PY21W+W5W;FAROL ESQUERDO ELETRICO COM MOTOR/BASE PRETA H1+H7+PY21W+W5W;0;;
4965;10295;38011565;10295;4965.38011565;CATEGORIA0;;1;1;0;1;;FAROL ESQUERDO ELETRICO COM MOTOR H4+P21W+W5W TIPO HE;FAROL ESQUERDO ELETRICO COM MOTOR H4+P21W+W5W TIPO HE;0;;
4965;10295;38011578;10295;4965.38011578;CATEGORIA0;;1;1;0;1;;FAROL ESQUERDO ELETRICO COM MOTOR/BASE CROMADA H7+H15+PY21W+;FAROL ESQUERDO ELETRICO COM MOTOR/BASE CROMADA H7+H15+PY21W+;0;;
4965;10295;38011601;10295;4965.38011601;CATEGORIA0;;1;1;0;1;;FAROL ESQUERDO ELETRICO BASE PRETA HB3+D2S+W5W+W21W;FAROL ESQUERDO ELETRICO BASE PRETA HB3+D2S+W5W+W21W;0;;
4965;10295;38011602;10295;4965.38011602;CATEGORIA0;;1;1;0;1;;FAROL ESQUERDO MANUAL/ELETRICO BASE CROMADA H4+W5W+WY21W 201;FAROL ESQUERDO MANUAL/ELETRICO BASE CROMADA H4+W5W+WY21W 201;0;;
4965;10295;38011607;10295;4965.38011607;CATEGORIA0;;1;1;0;1;;FAROL ESQUERDO ELETRICO COM MOTOR H4+PY21W+W5W 3/5 PORTAS;FAROL ESQUERDO ELETRICO COM MOTOR H4+PY21W+W5W 3/5 PORTAS;0;;
4965;10295;38011612;10295;4965.38011612;CATEGORIA0;;1;1;0;1;;FAROL ESQUERDO ELETRICO H4 TIPOST 4 PORTAS;FAROL ESQUERDO ELETRICO H4 TIPOST 4 PORTAS;0;;
4965;10295;38011614;10295;4965.38011614;CATEGORIA0;;1;1;0;1;;FAROL ESQUERDO MANUAL H4/H3 ->2000;FAROL ESQUERDO MANUAL H4/H3 ->2000;0;;
4965;10295;38011616;10295;4965.38011616;CATEGORIA0;;1;1;0;1;;FAROL ESQUERDO ELETRICO H4+PY21W+W5W;FAROL ESQUERDO ELETRICO H4+PY21W+W5W;0;;
4965;10295;38011623;10295;4965.38011623;CATEGORIA0;;1;1;0;1;;FAROL ESQUERDO MANUAL/ELETRICO BASE CROMADA;FAROL ESQUERDO MANUAL/ELETRICO BASE CROMADA;0;;
4965;10295;38011627;10295;4965.38011627;CATEGORIA0;;1;1;0;1;;FAROL ESQUERDO ELETRICO H7;FAROL ESQUERDO ELETRICO H7;0;;
4965;10295;38011632;10295;4965.38011632;CATEGORIA0;;1;1;0;1;;FAROL ESQUERDO ELETRICO H7;FAROL ESQUERDO ELETRICO H7;0;;
4965;10295;38011635;10295;4965.38011635;CATEGORIA0;;1;1;0;1;;FAROL ESQUERDO MANUAL H4;FAROL ESQUERDO MANUAL H4;0;;
4965;10295;38011642;10295;4965.38011642;CATEGORIA0;;1;1;0;1;;FAROL ESQUERDO MANUAL/ELETRICO COM FAROLIM BRANCO H4+PY21W+W;FAROL ESQUERDO MANUAL/ELETRICO COM FAROLIM BRANCO H4+PY21W+W;0;;
4965;10295;38011643;10295;4965.38011643;CATEGORIA0;;1;1;0;1;;FAROL ESQUERDO ELETRICO H4+PY21W+W5W;FAROL ESQUERDO ELETRICO H4+PY21W+W5W;0;;
4965;10295;38011650;10295;4965.38011650;CATEGORIA0;;1;1;0;1;;FAROL ESQUERDO ELETRICO H4+PY21W+W5W;FAROL ESQUERDO ELETRICO H4+PY21W+W5W;0;;
4965;10295;38011652;10295;4965.38011652;CATEGORIA0;;1;1;0;1;;FAROL ESQUERDO ELETRICO H4+PY21W+W5W;FAROL ESQUERDO ELETRICO H4+PY21W+W5W;0;;
4965;10295;38011653;10295;4965.38011653;CATEGORIA0;;1;1;0;1;;FAROL ESQUERDO ELETRICO COM MOTOR H4+PY21W+W5W;FAROL ESQUERDO ELETRICO COM MOTOR H4+PY21W+W5W;0;;
4965;10295;38011656;10295;4965.38011656;CATEGORIA0;;1;1;0;1;;FAROL ESQUERDO MANUAL/ELETRICO H7;FAROL ESQUERDO MANUAL/ELETRICO H7;0;;
4965;10295;38011661;10295;4965.38011661;CATEGORIA0;;1;1;0;1;;FAROL ESQUERDO MANUAL/ELETRICO BASE PRETA H7+H7;FAROL ESQUERDO MANUAL/ELETRICO BASE PRETA H7+H7;0;;
4965;10295;38011663;10295;4965.38011663;CATEGORIA0;;1;1;0;1;;FAROL ESQUERDO H4 ELETRICO SEM MOTOR TIPO A;FAROL ESQUERDO H4 ELETRICO SEM MOTOR TIPO A;0;;
4965;10295;38011672;10295;4965.38011672;CATEGORIA0;;1;1;0;1;;FAROL ESQUERDO ELETRICO COM MOTOR/BASE PRETA H1+H7;FAROL ESQUERDO ELETRICO COM MOTOR/BASE PRETA H1+H7;0;;
4965;10295;38011673;10295;4965.38011673;CATEGORIA0;;1;1;0;1;;FAROL ESQUERDO ELETRICO COM MOTOR H4+PY21W+W5W TIPO SAM 2011;FAROL ESQUERDO ELETRICO COM MOTOR H4+PY21W+W5W TIPO SAM 2011;0;;
4965;10295;38011813;10295;4965.38011813;CATEGORIA0;;1;1;0;1;;FAROL ESQUERDO LED ELETRICO BASE PRETA H7+H7+PY21W TIPOSEO -;FAROL ESQUERDO LED ELETRICO BASE PRETA H7+H7+PY21W TIPOSEO -;0;;
4965;10295;38011816;10295;4965.38011816;CATEGORIA0;;1;1;0;1;;FAROL ESQUERDO MANUAL/ELETRICO COM MOTOR H4;FAROL ESQUERDO MANUAL/ELETRICO COM MOTOR H4;0;;
4965;10295;38011837;10295;4965.38011837;CATEGORIA0;;1;1;0;1;;FAROL ESQUERDO ELETRICO COM FAROLIM BRANCO H4+PY21W+W5W;FAROL ESQUERDO ELETRICO COM FAROLIM BRANCO H4+PY21W+W5W;0;;
4965;10295;38011840;10295;4965.38011840;CATEGORIA0;;1;1;0;1;;FAROL ESQUERDO ELETRICO COM MOTOR/BASE PRETA H4+PY21W+W5W;FAROL ESQUERDO ELETRICO COM MOTOR/BASE PRETA H4+PY21W+W5W;0;;
4965;10295;38011842;10295;4965.38011842;CATEGORIA0;;1;1;0;1;;FAROL ESQUERDO ELETRICO BASE PRETA H4+PY21W+W5W TIPO SEO;FAROL ESQUERDO ELETRICO BASE PRETA H4+PY21W+W5W TIPO SEO;0;;
4965;10295;38011950;10295;4965.38011950;CATEGORIA0;;1;1;0;1;;FAROL ESQUERDO ELETRICO 4 PORTASH4;FAROL ESQUERDO ELETRICO 4 PORTASH4;0;;
4965;10295;38011960;10295;4965.38011960;CATEGORIA0;;1;1;0;1;;FAROL ESQUERDO ELETRICO COM MOTOR D2S+W5W+WY21W 4/5 PORTAS;FAROL ESQUERDO ELETRICO COM MOTOR D2S+W5W+WY21W 4/5 PORTAS;0;;
4965;10295;38011965;10295;4965.38011965;CATEGORIA0;;1;1;0;1;;FAROL ESQUERDO ELETRICO H7+HB3+PY21W+W5W 4 PORTAS;FAROL ESQUERDO ELETRICO H7+HB3+PY21W+W5W 4 PORTAS;0;;
4965;10295;38011968;10295;4965.38011968;CATEGORIA0;;1;1;0;1;;FAROL ESQUERDO COM NEVOEIRO ELETRICO COM MOTOR/CROMADO H1+H3;FAROL ESQUERDO COM NEVOEIRO ELETRICO COM MOTOR/CROMADO H1+H3;0;;
4965;10295;38011969;10295;4965.38011969;CATEGORIA0;;1;1;0;1;;FAROL ESQUERDO ELETRICO BASE PRETA;FAROL ESQUERDO ELETRICO BASE PRETA;0;;
4965;10295;38011970;10295;4965.38011970;CATEGORIA0;;1;1;0;1;;FAROL ESQUERDO MANUAL/ELETRICO H9+H11 2010->;FAROL ESQUERDO MANUAL/ELETRICO H9+H11 2010->;0;;
4965;10295;38011972;10295;4965.38011972;CATEGORIA0;;1;1;0;1;;FAROL ESQUERDO ELETRICO COM MOTOR/BASE PRETA H7+HB3+PY21W+W5;FAROL ESQUERDO ELETRICO COM MOTOR/BASE PRETA H7+HB3+PY21W+W5;0;;
4965;10295;38011976;10295;4965.38011976;CATEGORIA0;;1;1;0;1;;FAROL ESQUERDO H11+H15 ELETRICOTIPO ST;FAROL ESQUERDO H11+H15 ELETRICOTIPO ST;0;;
4965;10295;38012016;10295;4965.38012016;CATEGORIA0;;1;1;0;1;;FAROL ESQ.;FAROL ESQ.;0;;
4965;10295;38012018;10295;4965.38012018;CATEGORIA0;;1;1;0;1;;FAROL ESQUERDO ELETRICO PNEUMATICO H3+H4+W5W BASE GRIS;FAROL ESQUERDO ELETRICO PNEUMATICO H3+H4+W5W BASE GRIS;0;;
4965;10295;38012019;10295;4965.38012019;CATEGORIA0;;1;1;0;1;;FAROL ESQUERDO ELETRICO PNEUMATICO H3+H4+W5W;FAROL ESQUERDO ELETRICO PNEUMATICO H3+H4+W5W;0;;
4965;10295;38012023;10295;4965.38012023;CATEGORIA0;;1;1;0;1;;FAROL ESQUERDO ELETRICO PNEUMATICO H7+H7+PY21W+H6W;FAROL ESQUERDO ELETRICO PNEUMATICO H7+H7+PY21W+H6W;0;;
4965;10295;38012025;10295;4965.38012025;CATEGORIA0;;1;1;0;1;;FAROL ESQUERDO ELETRICO PNEUMATICO H7+H7;FAROL ESQUERDO ELETRICO PNEUMATICO H7+H7;0;;
4965;10295;38012034;10295;4965.38012034;CATEGORIA0;;1;1;0;1;;FAROL ESQUERDO LED MANUAL/ELETRICO COM MOTOR H7+D1S TIPO HE;FAROL ESQUERDO LED MANUAL/ELETRICO COM MOTOR H7+D1S TIPO HE;0;;
4965;10295;38012035;10295;4965.38012035;CATEGORIA0;;1;1;0;1;;FAROL ESQUERDO MANUAL H1+H4+W5W;FAROL ESQUERDO MANUAL H1+H4+W5W;0;;
4965;10295;38012036;10295;4965.38012036;CATEGORIA0;;1;1;0;1;;FAROL ESQUERDO ELETRICO PNEUMATICO H1+H1;FAROL ESQUERDO ELETRICO PNEUMATICO H1+H1;0;;
4965;10295;38012038;10295;4965.38012038;CATEGORIA0;;1;1;0;1;;FAROL ESQUERDO COM NEVOEIRO ELETRICO H1+H7+H1+PY21W+W5W;FAROL ESQUERDO COM NEVOEIRO ELETRICO H1+H7+H1+PY21W+W5W;0;;
4965;10295;38012039;10295;4965.38012039;CATEGORIA0;;1;1;0;1;;FAROL ESQUERDA COM NEVOEIRO ELETRICA H3+H7+H7;FAROL ESQUERDA COM NEVOEIRO ELETRICA H3+H7+H7;0;;
4965;10295;38012040;10295;4965.38012040;CATEGORIA0;;1;1;0;1;;FAROL ESQUERDO COM NEVOEIRO ELETRICO PNEUMATICO H1+H7+H7+PY2;FAROL ESQUERDO COM NEVOEIRO ELETRICO PNEUMATICO H1+H7+H7+PY2;0;;
4965;10295;38012041;10295;4965.38012041;CATEGORIA0;;1;1;0;1;;FAROL ESQUERDO PNEUMATICO COM MOTOR H7+H7;FAROL ESQUERDO PNEUMATICO COM MOTOR H7+H7;0;;
4965;10295;38012042;10295;4965.38012042;CATEGORIA0;;1;1;0;1;;FAROL ESQUERDO ELETRICO PNEUMATICO H7+H7+PY21W+H6W;FAROL ESQUERDO ELETRICO PNEUMATICO H7+H7+PY21W+H6W;0;;
4965;10295;38012043;10295;4965.38012043;CATEGORIA0;;1;1;0;1;;FAROL ESQUERDO ELETRICO PNEUMATICO H7+H7+PY21W+H6W;FAROL ESQUERDO ELETRICO PNEUMATICO H7+H7+PY21W+H6W;0;;
4965;10295;38012044;10295;4965.38012044;CATEGORIA0;;1;1;0;1;;FAROL ESQUERDO ELETRICO H7+D2S;FAROL ESQUERDO ELETRICO H7+D2S;0;;
4965;10295;38012048;10295;4965.38012048;CATEGORIA0;;1;1;0;1;;FAROL ESQUERDO ELETRICO COM MOTOR H7+H7+PY21W+W5W;FAROL ESQUERDO ELETRICO COM MOTOR H7+H7+PY21W+W5W;0;;
4965;10295;38012055;10295;4965.38012055;CATEGORIA0;;1;1;0;1;;FAROL ESQUERDO COM NEVOEIRO ELETRICO COM MOTOR H7+H7+H7;FAROL ESQUERDO COM NEVOEIRO ELETRICO COM MOTOR H7+H7+H7;0;;
4965;10295;38012056;10295;4965.38012056;CATEGORIA0;;1;1;0;1;;FAROL ESQUERDO ELETRICO COM MOTOR/BASE PRETA H7+H7+PY21W+W5W;FAROL ESQUERDO ELETRICO COM MOTOR/BASE PRETA H7+H7+PY21W+W5W;0;;
4965;10295;38012062;10295;4965.38012062;CATEGORIA0;;1;1;0;1;;FAROL ESQ.;FAROL ESQ.;0;;
4965;10295;38012063;10295;4965.38012063;CATEGORIA0;;1;1;0;1;;FAROL ESQUERDO ELETRICO COM MOTOR/BASE CROMADA H7+H7;FAROL ESQUERDO ELETRICO COM MOTOR/BASE CROMADA H7+H7;0;;
4965;10295;38012111;10295;4965.38012111;CATEGORIA0;;1;1;0;1;;FAROL ESQUERDO MANUAL H4;FAROL ESQUERDO MANUAL H4;0;;
4965;10295;38012112;10295;4965.38012112;CATEGORIA0;;1;1;0;1;;FAROL ESQUERDO MANUAL H4;FAROL ESQUERDO MANUAL H4;0;;
4965;10295;38012120;10295;4965.38012120;CATEGORIA0;;1;1;0;1;;FAROL ESQUERDO ELETRICO H4+W5W;FAROL ESQUERDO ELETRICO H4+W5W;0;;
4965;10295;38012141;10295;4965.38012141;CATEGORIA0;;1;1;0;1;;FAROL ESQUERDO ELETRICO BASE PRETA H1+HB3+W5W+WY21W;FAROL ESQUERDO ELETRICO BASE PRETA H1+HB3+W5W+WY21W;0;;
4965;10295;38012142;10295;4965.38012142;CATEGORIA0;;1;1;0;1;;FAROL ESQUERDO ELETRICO COM MOTOR HB3+HB4+W5W+WY21W;FAROL ESQUERDO ELETRICO COM MOTOR HB3+HB4+W5W+WY21W;0;;
4965;10295;38012151;10295;4965.38012151;CATEGORIA0;;1;1;0;1;;FAROL ESQUERDO MANUAL H4 CABINADOBLE;FAROL ESQUERDO MANUAL H4 CABINADOBLE;0;;
4965;10295;38012204;10295;4965.38012204;CATEGORIA0;;1;1;0;1;;FAROL ESQUERDO ELETRICO COM MOTOR/CON FAROLIM ÂMBAR H4+P21W;FAROL ESQUERDO ELETRICO COM MOTOR/CON FAROLIM ÂMBAR H4+P21W;0;;
4965;10295;38012209;10295;4965.38012209;CATEGORIA0;;1;1;0;1;;FAROL ESQUERDO ELETRICO COM MOTOR/CON FAROLIM BRANCO TIPO V;FAROL ESQUERDO ELETRICO COM MOTOR/CON FAROLIM BRANCO TIPO V;0;;
4965;10295;38012215;10295;4965.38012215;CATEGORIA0;;1;1;0;1;;FAROL ESQUERDO ELETRICO COM MOTOR H4+PY21W;FAROL ESQUERDO ELETRICO COM MOTOR H4+PY21W;0;;
4965;10295;38012616;10295;4965.38012616;CATEGORIA0;;1;1;0;1;;FAROL ESQUERDO MANUAL H3+H4+W5W;FAROL ESQUERDO MANUAL H3+H4+W5W;0;;
4965;10295;38012617;10295;4965.38012617;CATEGORIA0;;1;1;0;1;;FAROL ESQUERDO MANUAL H4+PY21W+W5W;FAROL ESQUERDO MANUAL H4+PY21W+W5W;0;;
4965;10295;38012624;10295;4965.38012624;CATEGORIA0;;1;1;0;1;;FAROL ESQUERDO ELETRICO BASE PRETA H4+W5W;FAROL ESQUERDO ELETRICO BASE PRETA H4+W5W;0;;
4965;10295;38012627;10295;4965.38012627;CATEGORIA0;;1;1;0;1;;FAROL ESQUERDO MANUAL/ELETRICO H1+H7+W5W;FAROL ESQUERDO MANUAL/ELETRICO H1+H7+W5W;0;;
4965;10295;38012628;10295;4965.38012628;CATEGORIA0;;1;1;0;1;;FAROL ESQUERDO ELETRICO BASE CINZENTO H7+H7+P21W+W5W;FAROL ESQUERDO ELETRICO BASE CINZENTO H7+H7+P21W+W5W;0;;
4965;10295;38012636;10295;4965.38012636;CATEGORIA0;;1;1;0;1;;FAROL ESQUERDO MANUAL H4+W5W+WY21W;FAROL ESQUERDO MANUAL H4+W5W+WY21W;0;;
4965;10295;38012637;10295;4965.38012637;CATEGORIA0;;1;1;0;1;;FAROL ESQUERDO ELETRICO H7+H7+PY21W+W5W;FAROL ESQUERDO ELETRICO H7+H7+PY21W+W5W;0;;
4965;10295;38012662;10295;4965.38012662;CATEGORIA0;;1;1;0;1;;FAROL ESQUERDO ELETRICO BASE PRETA H1+H11+W5WX2+WY21W 2011->;FAROL ESQUERDO ELETRICO BASE PRETA H1+H11+W5WX2+WY21W 2011->;0;;
4965;10295;38012675;10295;4965.38012675;CATEGORIA0;;1;1;0;1;;FAROL ESQUERDO ELETRICO BASE PRETA H4+W5W+WY21W TIPO IN;FAROL ESQUERDO ELETRICO BASE PRETA H4+W5W+WY21W TIPO IN;0;;
4965;10295;38012680;10295;4965.38012680;CATEGORIA0;;1;1;0;1;;FAROL ESQUERDO ELETRICO H4+PY21W+W5W;FAROL ESQUERDO ELETRICO H4+PY21W+W5W;0;;
4965;10295;38013013;10295;4965.38013013;CATEGORIA0;;1;1;0;1;;FAROL ESQUERDO MANUAL H4+W5W;FAROL ESQUERDO MANUAL H4+W5W;0;;
4965;10295;38013037;10295;4965.38013037;CATEGORIA0;;1;1;0;1;;FAROL ESQUERDO ELETRICO H1+H7+W5W TIPO CA;FAROL ESQUERDO ELETRICO H1+H7+W5W TIPO CA;0;;
4965;10295;38013038;10295;4965.38013038;CATEGORIA0;;1;1;0;1;;FAROL ESQUERDO MANUAL/ELETRICO H4;FAROL ESQUERDO MANUAL/ELETRICO H4;0;;
4965;10295;38013039;10295;4965.38013039;CATEGORIA0;;1;1;0;1;;FAROL ESQUERDO ELETRICO H4+W5W COM COBERTURA LÂMPADA;FAROL ESQUERDO ELETRICO H4+W5W COM COBERTURA LÂMPADA;0;;
4965;10295;38013040;10295;4965.38013040;CATEGORIA0;;1;1;0;1;;FAROL ESQUERDO MANUAL H4+P21W+W5W 1993->;FAROL ESQUERDO MANUAL H4+P21W+W5W 1993->;0;;
4965;10295;38013048;10295;4965.38013048;CATEGORIA0;;1;1;0;1;;FAROL ESQUERDO ELETRICO H1+H7+PY21W+W5W;FAROL ESQUERDO ELETRICO H1+H7+PY21W+W5W;0;;
4965;10295;38013054;10295;4965.38013054;CATEGORIA0;;1;1;0;1;;FAROL ESQUERDO ELETRICO COM MOTOR/BASE PRETA H1+H7+PY21W+W5W;FAROL ESQUERDO ELETRICO COM MOTOR/BASE PRETA H1+H7+PY21W+W5W;0;;
4965;10295;38013060;10295;4965.38013060;CATEGORIA0;;1;1;0;1;;FAROL ESQUERDO ELETRICO BASE CROMADA H7+HB3+PY21W+W5W;FAROL ESQUERDO ELETRICO BASE CROMADA H7+HB3+PY21W+W5W;0;;
4965;10295;38013062;10295;4965.38013062;CATEGORIA0;;1;1;0;1;;FAROL ESQUERDO ELETRICO COM MOTOR H1+H7+H21W+W5W;FAROL ESQUERDO ELETRICO COM MOTOR H1+H7+H21W+W5W;0;;
4965;10295;38013063;10295;4965.38013063;CATEGORIA0;;1;1;0;1;;FAROL ESQUERDO ELETRICO H7+HB3+PY21W+W5W;FAROL ESQUERDO ELETRICO H7+HB3+PY21W+W5W;0;;
4965;10295;38013064;10295;4965.38013064;CATEGORIA0;;1;1;0;1;;FAROL ESQUERDO ELETRICO BASE CROMADA H1+H7+H21W+W5W 07/2008-;FAROL ESQUERDO ELETRICO BASE CROMADA H1+H7+H21W+W5W 07/2008-;0;;
4965;10295;38013070;10295;4965.38013070;CATEGORIA0;;1;1;0;1;;FAROL ESQUERDO ELETRICO FAROLIM BORRÃO SEM MOTOR H7+H7+PY21W;FAROL ESQUERDO ELETRICO FAROLIM BORRÃO SEM MOTOR H7+H7+PY21W;0;;
4965;10295;38013080;10295;4965.38013080;CATEGORIA0;;1;1;0;1;;FAROL ESQUERDO ELETRICO BASE CROMADA H7+H7+PY21W+W5W;FAROL ESQUERDO ELETRICO BASE CROMADA H7+H7+PY21W+W5W;0;;
4965;10295;38013510;10295;4965.38013510;CATEGORIA0;;1;1;0;1;;FAROL ESQUERDO ELETRICO H4+W5W;FAROL ESQUERDO ELETRICO H4+W5W;0;;
4965;10295;38013511;10295;4965.38013511;CATEGORIA0;;1;1;0;1;;FAROL ESQUERDO ELETRICO H1+H7+PY21W+W5W;FAROL ESQUERDO ELETRICO H1+H7+PY21W+W5W;0;;
4965;10295;38013520;10295;4965.38013520;CATEGORIA0;;1;1;0;1;;FAROL ESQUERDO MANUAL H4;FAROL ESQUERDO MANUAL H4;0;;
4965;10295;38013526;10295;4965.38013526;CATEGORIA0;;1;1;0;1;;FAROL ESQUERDO MANUAL H4+W5W;FAROL ESQUERDO MANUAL H4+W5W;0;;
4965;10295;38013527;10295;4965.38013527;CATEGORIA0;;1;1;0;1;;FAROL ESQUERDO MANUAL H4+W5W;FAROL ESQUERDO MANUAL H4+W5W;0;;
4965;10295;38013532;10295;4965.38013532;CATEGORIA0;;1;1;0;1;;FAROL ESQUERDO MANUAL/ELETRICO H4+PY21W+W5W;FAROL ESQUERDO MANUAL/ELETRICO H4+PY21W+W5W;0;;
4965;10295;38013535;10295;4965.38013535;CATEGORIA0;;1;1;0;1;;FAROL ESQUERDO ELETRICO H4+PY21W+W5W;FAROL ESQUERDO ELETRICO H4+PY21W+W5W;0;;
4965;10295;38013536;10295;4965.38013536;CATEGORIA0;;1;1;0;1;;FAROL ESQUERDO COM NEVOEIRO ELETRICO CROMADO H1+H7+H7+PY21W+;FAROL ESQUERDO COM NEVOEIRO ELETRICO CROMADO H1+H7+H7+PY21W+;0;;
4965;10295;38013540;10295;4965.38013540;CATEGORIA0;;1;1;0;1;;FAROL ESQUERDO MANUAL/ELETRICO H4+W5W;FAROL ESQUERDO MANUAL/ELETRICO H4+W5W;0;;
4965;10295;38013541;10295;4965.38013541;CATEGORIA0;;1;1;0;1;;FAROL ESQUERDO ELETRICO H4+PY21W+W5W;FAROL ESQUERDO ELETRICO H4+PY21W+W5W;0;;
4965;10295;38013542;10295;4965.38013542;CATEGORIA0;;1;1;0;1;;FAROL ESQUERDO ELETRICO H7+H7+PY21W+W5W;FAROL ESQUERDO ELETRICO H7+H7+PY21W+W5W;0;;
4965;10295;38013543;10295;4965.38013543;CATEGORIA0;;1;1;0;1;;FAROL ESQUERDO ELETRICO H7+H7+PY21W+W5W;FAROL ESQUERDO ELETRICO H7+H7+PY21W+W5W;0;;
4965;10295;38013552;10295;4965.38013552;CATEGORIA0;;1;1;0;1;;FAROL ESQUERDO ELETRICO COM MOTOR H1+H7+PY21W+W5W FRISO CROM;FAROL ESQUERDO ELETRICO COM MOTOR H1+H7+PY21W+W5W FRISO CROM;0;;
4965;10295;38013556;10295;4965.38013556;CATEGORIA0;;1;1;0;1;;FAROL ESQUERDO ELETRICO COM MOTOR H4+PY21W+W5W TIPO V 2012->;FAROL ESQUERDO ELETRICO COM MOTOR H4+PY21W+W5W TIPO V 2012->;0;;
4965;10295;38013558;10295;4965.38013558;CATEGORIA0;;1;1;0;1;;FAROL ESQUERDO ELETRICO COM MOTOR/BASE PRETA H4;FAROL ESQUERDO ELETRICO COM MOTOR/BASE PRETA H4;0;;
4965;10295;38013570;10295;4965.38013570;CATEGORIA0;;1;1;0;1;;FAROL ESQ.;FAROL ESQ.;0;;
4965;10295;38014017;10295;4965.38014017;CATEGORIA0;;1;1;0;1;;FAROL ESQUERDO MANUAL LÂMPADA ASSIMETRICA H4;FAROL ESQUERDO MANUAL LÂMPADA ASSIMETRICA H4;0;;
4965;10295;38014022;10295;4965.38014022;CATEGORIA0;;1;1;0;1;;FAROL ESQUERDO MANUAL H4+W5W;FAROL ESQUERDO MANUAL H4+W5W;0;;
4965;10295;38014023;10295;4965.38014023;CATEGORIA0;;1;1;0;1;;FAROL ESQUERDO MANUAL H4+W5W;FAROL ESQUERDO MANUAL H4+W5W;0;;
4965;10295;38014026;10295;4965.38014026;CATEGORIA0;;1;1;0;1;;FAROL ESQUERDO ELETRICO H1+H7+W5W;FAROL ESQUERDO ELETRICO H1+H7+W5W;0;;
4965;10295;38014027;10295;4965.38014027;CATEGORIA0;;1;1;0;1;;FAROL ESQUERDO ELETRICO H1+H1+H1+PY21W+W5W TIPO V;FAROL ESQUERDO ELETRICO H1+H1+H1+PY21W+W5W TIPO V;0;;
4965;10295;38014032;10295;4965.38014032;CATEGORIA0;;1;1;0;1;;FAROL ESQUERDO ELETRICO H7+H1+PY21W+W5W TIPO HE;FAROL ESQUERDO ELETRICO H7+H1+PY21W+W5W TIPO HE;0;;
4965;10295;38014033;10295;4965.38014033;CATEGORIA0;;1;1;0;1;;LUZ ESQUERDA ELÉTRICA BASE CROMADA H4+PY21W+W5W TIPO K;LUZ ESQUERDA ELÉTRICA BASE CROMADA H4+PY21W+W5W TIPO K;0;;
4965;10295;38014051;10295;4965.38014051;CATEGORIA0;;1;1;0;1;;FAROL ESQUERDO MANUAL H4+W5W ->1992;FAROL ESQUERDO MANUAL H4+W5W ->1992;0;;
4965;10295;38014052;10295;4965.38014052;CATEGORIA0;;1;1;0;1;;FAROL ESQ.;FAROL ESQ.;0;;
4965;10295;38014058;10295;4965.38014058;CATEGORIA0;;1;1;0;1;;FAROL ESQUERDO ELETRICO BASE PRETA H1+H7+PY21W+W5W;FAROL ESQUERDO ELETRICO BASE PRETA H1+H7+PY21W+W5W;0;;
4965;10295;38014059;10295;4965.38014059;CATEGORIA0;;1;1;0;1;;FAROL ESQUERDO ELETRICO H7+H7+PY21W+W5W;FAROL ESQUERDO ELETRICO H7+H7+PY21W+W5W;0;;
4965;10295;38014061;10295;4965.38014061;CATEGORIA0;;1;1;0;1;;FAROL ESQUERDO ELETRICO H1+H7+PY21W+W5W;FAROL ESQUERDO ELETRICO H1+H7+PY21W+W5W;0;;
4965;10295;38014069;10295;4965.38014069;CATEGORIA0;;1;1;0;1;;FAROL ESQUERDO ELETRICO COM MOTOR/BASE CROMADA H7+H7+P21W+PY;FAROL ESQUERDO ELETRICO COM MOTOR/BASE CROMADA H7+H7+P21W+PY;0;;
4965;10295;38014071;10295;4965.38014071;CATEGORIA0;;1;1;0;1;;FAROL ESQUERDO MANUAL H4+W5W;FAROL ESQUERDO MANUAL H4+W5W;0;;
4965;10295;38014074;10295;4965.38014074;CATEGORIA0;;1;1;0;1;;FAROL ESQUERDO ELETRICO H4+W5W;FAROL ESQUERDO ELETRICO H4+W5W;0;;
4965;10295;38014075;10295;4965.38014075;CATEGORIA0;;1;1;0;1;;FAROL ESQUERDO MANUAL H4+W5W ->1996;FAROL ESQUERDO MANUAL H4+W5W ->1996;0;;
4965;10295;38014076;10295;4965.38014076;CATEGORIA0;;1;1;0;1;;FAROL ESQUERDO MANUAL/ELETRICO H4+PY21W+W5W;FAROL ESQUERDO MANUAL/ELETRICO H4+PY21W+W5W;0;;
4965;10295;38014077;10295;4965.38014077;CATEGORIA0;;1;1;0;1;;FAROL ESQUERDO ELETRICO H7+HB3+PY21W+W5W TIPO V;FAROL ESQUERDO ELETRICO H7+HB3+PY21W+W5W TIPO V;0;;
4965;10295;38014078;10295;4965.38014078;CATEGORIA0;;1;1;0;1;;FAROL ESQUERDO MANUAL H1+H1+W5W;FAROL ESQUERDO MANUAL H1+H1+W5W;0;;
4965;10295;38014079;10295;4965.38014079;CATEGORIA0;;1;1;0;1;;FAROL ESQUERDO ELETRICO H7+H7+PY21W+W5W;FAROL ESQUERDO ELETRICO H7+H7+PY21W+W5W;0;;
4965;10295;38014081;10295;4965.38014081;CATEGORIA0;;1;1;0;1;;FAROL ESQUERDO ELETRICO H4+PY21W+W5W;FAROL ESQUERDO ELETRICO H4+PY21W+W5W;0;;
4965;10295;38014083;10295;4965.38014083;CATEGORIA0;;1;1;0;1;;FAROL ESQUERDO ELETRICO H4+PY21W+W5W;FAROL ESQUERDO ELETRICO H4+PY21W+W5W;0;;
4965;10295;38014084;10295;4965.38014084;CATEGORIA0;;1;1;0;1;;FAROL ESQUERDO ELETRICO PY21W+W5W BASE PRETA;FAROL ESQUERDO ELETRICO PY21W+W5W BASE PRETA;0;;
4965;10295;38014085;10295;4965.38014085;CATEGORIA0;;1;1;0;1;;FAROL ESQUERDO ELETRICO H4+W5W;FAROL ESQUERDO ELETRICO H4+W5W;0;;
4965;10295;38014087;10295;4965.38014087;CATEGORIA0;;1;1;0;1;;FAROL ESQUERDO ELETRICO H4+PY21W+W5W;FAROL ESQUERDO ELETRICO H4+PY21W+W5W;0;;
4965;10295;38014088;10295;4965.38014088;CATEGORIA0;;1;1;0;1;;FAROL ESQUERDO ELETRICO BASE CROMADA H1+H7+PY21W+W5W;FAROL ESQUERDO ELETRICO BASE CROMADA H1+H7+PY21W+W5W;0;;
4965;10295;38014090;10295;4965.38014090;CATEGORIA0;;1;1;0;1;;FAROL ESQUERDO ELETRICO H4+P21W+W5W;FAROL ESQUERDO ELETRICO H4+P21W+W5W;0;;
4965;10295;38014091;10295;4965.38014091;CATEGORIA0;;1;1;0;1;;FAROL ESQUERDO ELETRICO H7+D2S+PY21W+W5W 2005->;FAROL ESQUERDO ELETRICO H7+D2S+PY21W+W5W 2005->;0;;
4965;10295;38014093;10295;4965.38014093;CATEGORIA0;;1;1;0;1;;FAROL ESQUERDO ELETRICO ÂMBAR H4+P21W+W5W;FAROL ESQUERDO ELETRICO ÂMBAR H4+P21W+W5W;0;;
4965;10295;38014098;10295;4965.38014098;CATEGORIA0;;1;1;0;1;;FAROL ESQUERDO ELETRICO ÂMBAR H4+P21W+W5W;FAROL ESQUERDO ELETRICO ÂMBAR H4+P21W+W5W;0;;
4965;10295;38014122;10295;4965.38014122;CATEGORIA0;;1;1;0;1;;FAROL ESQUERDO ELETRICO COM MOTOR H7+H7;FAROL ESQUERDO ELETRICO COM MOTOR H7+H7;0;;
4965;10295;38014573;10295;4965.38014573;CATEGORIA0;;1;1;0;1;;FAROL ESQUERDO ELETRICO H1+H7+PY21W+W5W;FAROL ESQUERDO ELETRICO H1+H7+PY21W+W5W;0;;
4965;10295;38014574;10295;4965.38014574;CATEGORIA0;;1;1;0;1;;FAROL ESQUERDO ELETRICO H3+H7+PY21W+W5W;FAROL ESQUERDO ELETRICO H3+H7+PY21W+W5W;0;;
4965;10295;38014575;10295;4965.38014575;CATEGORIA0;;1;1;0;1;;FAROL ESQUERDO MANUAL/ELETRICO H1+H1+W5W ->1995;FAROL ESQUERDO MANUAL/ELETRICO H1+H1+W5W ->1995;0;;
4965;10295;38014577;10295;4965.38014577;CATEGORIA0;;1;1;0;1;;FAROL ESQUERDO ELETRICO H1+H7+PY21W+W5W;FAROL ESQUERDO ELETRICO H1+H7+PY21W+W5W;0;;
4965;10295;38014582;10295;4965.38014582;CATEGORIA0;;1;1;0;1;;FAROL ESQUERDO ELETRICO H4+W5W;FAROL ESQUERDO ELETRICO H4+W5W;0;;
4965;10295;38014585;10295;4965.38014585;CATEGORIA0;;1;1;0;1;;FAROL ESQUERDO ELETRICO BASE PRETA H1+H7+PY21W+W5W 2009->;FAROL ESQUERDO ELETRICO BASE PRETA H1+H7+PY21W+W5W 2009->;0;;
4965;10295;38014594;10295;4965.38014594;CATEGORIA0;;1;1;0;1;;FAROL ESQUERDO ELETRICO BASE PRETA H4+PY21W+W5W TIPO V;FAROL ESQUERDO ELETRICO BASE PRETA H4+PY21W+W5W TIPO V;0;;
4965;10295;38014620;10295;4965.38014620;CATEGORIA0;;1;1;0;1;;FAROL ESQUERDO MANUAL H4+P21W+W5W;FAROL ESQUERDO MANUAL H4+P21W+W5W;0;;
4965;10295;38014628;10295;4965.38014628;CATEGORIA0;;1;1;0;1;;FAROL ESQUERDO ELETRICO 5 PORTASH7+HB3+W5W+WY21W 2.0;FAROL ESQUERDO ELETRICO 5 PORTASH7+HB3+W5W+WY21W 2.0;0;;
4965;10295;38014632;10295;4965.38014632;CATEGORIA0;;1;1;0;1;;FAROL ESQUERDO ELETRICO BASE CROMADA H4+W5W+WY21W;FAROL ESQUERDO ELETRICO BASE CROMADA H4+W5W+WY21W;0;;
4965;10295;38014704;10295;4965.38014704;CATEGORIA0;;1;1;0;1;;FAROL ESQUERDO ELETRICO COM MOTOR H7+PY21W+W5W;FAROL ESQUERDO ELETRICO COM MOTOR H7+PY21W+W5W;0;;
4965;10295;38014706;10295;4965.38014706;CATEGORIA0;;1;1;0;1;;FAROL ESQUERDO ELETRICO COM MOTOR H4;FAROL ESQUERDO ELETRICO COM MOTOR H4;0;;
4965;10295;38014710;10295;4965.38014710;CATEGORIA0;;1;1;0;1;;FAROL ESQUERDO ELETRICO H4+W5W;FAROL ESQUERDO ELETRICO H4+W5W;0;;
4965;10295;38014711;10295;4965.38014711;CATEGORIA0;;1;1;0;1;;FAROL ESQUERDO ELETRICO H4;FAROL ESQUERDO ELETRICO H4;0;;
4965;10295;38014717;10295;4965.38014717;CATEGORIA0;;1;1;0;1;;FAROL ESQUERDO ELETRICO COM MOTOR H1+H7+W5W;FAROL ESQUERDO ELETRICO COM MOTOR H1+H7+W5W;0;;
4965;10295;38014719;10295;4965.38014719;CATEGORIA0;;1;1;0;1;;FAROL ESQUERDO ELETRICO COM MOTOR/BASE PRETA H1+H7+PY21W+W5W;FAROL ESQUERDO ELETRICO COM MOTOR/BASE PRETA H1+H7+PY21W+W5W;0;;
4965;10295;38015101;10295;4965.38015101;CATEGORIA0;;1;1;0;1;;FAROL ESQUERDO ELETRICO H4+PY21W+W5W QUADRO CINZENTO TIPO K;FAROL ESQUERDO ELETRICO H4+PY21W+W5W QUADRO CINZENTO TIPO K;0;;
4965;10295;38015110;10295;4965.38015110;CATEGORIA0;;1;1;0;1;;FAROL ESQUERDO ELETRICO H4+W5W;FAROL ESQUERDO ELETRICO H4+W5W;0;;
4965;10295;38015112;10295;4965.38015112;CATEGORIA0;;1;1;0;1;;FAROL ESQUERDO ELETRICO H7+HB3+PY21W+W5W TIPO K 4 PORTAS;FAROL ESQUERDO ELETRICO H7+HB3+PY21W+W5W TIPO K 4 PORTAS;0;;
4965;10295;38015113;10295;4965.38015113;CATEGORIA0;;1;1;0;1;;FAROL ESQUERDO ELETRICO H7+H7+PY21W+W5W TIPO V 3 PORTAS;FAROL ESQUERDO ELETRICO H7+H7+PY21W+W5W TIPO V 3 PORTAS;0;;
4965;10295;38015132;10295;4965.38015132;CATEGORIA0;;1;1;0;1;;FAROL ESQUERDO MANUAL H4 ->1999;FAROL ESQUERDO MANUAL H4 ->1999;0;;
4965;10295;38015133;10295;4965.38015133;CATEGORIA0;;1;1;0;1;;FAROL ESQUERDO ELETRICO H11+HB3;FAROL ESQUERDO ELETRICO H11+HB3;0;;
4965;10295;38015139;10295;4965.38015139;CATEGORIA0;;1;1;0;1;;FAROL ESQUERDO ELETRICO BASE CROMADA HB3+D4S+PY21W+W5W TIPO;FAROL ESQUERDO ELETRICO BASE CROMADA HB3+D4S+PY21W+W5W TIPO;0;;
4965;10295;38015151;10295;4965.38015151;CATEGORIA0;;1;1;0;1;;FAROL ESQUERDO MANUAL/ELETRICO COM MOTOR H11+HB3 BASE CROMAD;FAROL ESQUERDO MANUAL/ELETRICO COM MOTOR H11+HB3 BASE CROMAD;0;;
4965;10295;38015155;10295;4965.38015155;CATEGORIA0;;1;1;0;1;;FAROL ESQUERDO ELETRICO H7+H7+W5W;FAROL ESQUERDO ELETRICO H7+H7+W5W;0;;
4965;10295;38015156;10295;4965.38015156;CATEGORIA0;;1;1;0;1;;FAROL ESQUERDO LED ELETRICO H9+H11+W21/5W+WY21W TIPO K11/201;FAROL ESQUERDO LED ELETRICO H9+H11+W21/5W+WY21W TIPO K11/201;0;;
4965;10295;38015170;10295;4965.38015170;CATEGORIA0;;1;1;0;1;;FAROL ESQUERDO ELETRICO COM MOTOR H4+P21W+W5W TIPO IC;FAROL ESQUERDO ELETRICO COM MOTOR H4+P21W+W5W TIPO IC;0;;
4965;10295;38015173;10295;4965.38015173;CATEGORIA0;;1;1;0;1;;FAROL ESQUERDO ELETRICO COM MOTOR H4+W5W+WY21W TIPO IC;FAROL ESQUERDO ELETRICO COM MOTOR H4+W5W+WY21W TIPO IC;0;;
4965;10295;38015184;10295;4965.38015184;CATEGORIA0;;1;1;0;1;;FAROL ESQUERDO MANUAL/ELETRICO BASE CROMADA/CON FAROLIM ÂMBA;FAROL ESQUERDO MANUAL/ELETRICO BASE CROMADA/CON FAROLIM ÂMBA;0;;
4965;10295;38015505;10295;4965.38015505;CATEGORIA0;;1;1;0;1;;FAROL ESQUERDO ELETRICO COM MOTOR H1+H1+W5W;FAROL ESQUERDO ELETRICO COM MOTOR H1+H1+W5W;0;;
4965;10295;38015512;10295;4965.38015512;CATEGORIA0;;1;1;0;1;;FAROL ESQUERDO FAROL DE CARRETERAMANUAL H3 1983->1991;FAROL ESQUERDO FAROL DE CARRETERAMANUAL H3 1983->1991;0;;
4965;10295;38015517;10295;4965.38015517;CATEGORIA0;;1;1;0;1;;FAROL ESQUERDO MANUAL/ELETRICO H4+W5W;FAROL ESQUERDO MANUAL/ELETRICO H4+W5W;0;;
4965;10295;38015518;10295;4965.38015518;CATEGORIA0;;1;1;0;1;;FAROL ESQUERDO MANUAL/ELETRICO H1+H1+W5W;FAROL ESQUERDO MANUAL/ELETRICO H1+H1+W5W;0;;
4965;10295;38015519;10295;4965.38015519;CATEGORIA0;;1;1;0;1;;FAROL ESQUERDO MANUAL/ELETRICO H1+H7+W5W;FAROL ESQUERDO MANUAL/ELETRICO H1+H7+W5W;0;;
4965;10295;38015522;10295;4965.38015522;CATEGORIA0;;1;1;0;1;;FAROL ESQUERDO MANUAL H4+W5W;FAROL ESQUERDO MANUAL H4+W5W;0;;
4965;10295;38015526;10295;4965.38015526;CATEGORIA0;;1;1;0;1;;FAROL ESQUERDO MANUAL H4;FAROL ESQUERDO MANUAL H4;0;;
4965;10295;38015527;10295;4965.38015527;CATEGORIA0;;1;1;0;1;;FAROL ESQUERDO MANUAL/ELETRICO H4+W5W;FAROL ESQUERDO MANUAL/ELETRICO H4+W5W;0;;
4965;10295;38015529;10295;4965.38015529;CATEGORIA0;;1;1;0;1;;FAROL ESQUERDO ELETRICO H1+H7+PY21W+W5W;FAROL ESQUERDO ELETRICO H1+H7+PY21W+W5W;0;;
4965;10295;38015531;10295;4965.38015531;CATEGORIA0;;1;1;0;1;;FAROL ESQUERDO MANUAL H4+W5W;FAROL ESQUERDO MANUAL H4+W5W;0;;
4965;10295;38015535;10295;4965.38015535;CATEGORIA0;;1;1;0;1;;FAROL ESQUERDO ELETRICO COM MOTOR H1+H7+PY21W+W5W BASE CROMA;FAROL ESQUERDO ELETRICO COM MOTOR H1+H7+PY21W+W5W BASE CROMA;0;;
4965;10295;38015539;10295;4965.38015539;CATEGORIA0;;1;1;0;1;;FAROL ESQUERDO ELETRICO COM MOTOR/BASE PRETA H7+H7+PY21W+W5W;FAROL ESQUERDO ELETRICO COM MOTOR/BASE PRETA H7+H7+PY21W+W5W;0;;
4965;10295;38015542;10295;4965.38015542;CATEGORIA0;;1;1;0;1;;FAROL ESQUERDO ELETRICO H4+W5W;FAROL ESQUERDO ELETRICO H4+W5W;0;;
4965;10295;38015543;10295;4965.38015543;CATEGORIA0;;1;1;0;1;;FAROL ESQUERDO ELETRICO COM MOTOR H4+P21W+PY21W+W5W;FAROL ESQUERDO ELETRICO COM MOTOR H4+P21W+PY21W+W5W;0;;
4965;10295;38015546;10295;4965.38015546;CATEGORIA0;;1;1;0;1;;FAROL ESQUERDO COM NEVOEIRO ELETRICO H3+H4+PY21W+W5W;FAROL ESQUERDO COM NEVOEIRO ELETRICO H3+H4+PY21W+W5W;0;;
4965;10295;38015548;10295;4965.38015548;CATEGORIA0;;1;1;0;1;;FAROL ESQUERDO ELETRICO H1+H7+W5W TIPO HE;FAROL ESQUERDO ELETRICO H1+H7+W5W TIPO HE;0;;
4965;10295;38015550;10295;4965.38015550;CATEGORIA0;;1;1;0;1;;FAROL ESQUERDO ELETRICO H1+H7+PY21W+W5W;FAROL ESQUERDO ELETRICO H1+H7+PY21W+W5W;0;;
4965;10295;38015551;10295;4965.38015551;CATEGORIA0;;1;1;0;1;;FAROL ESQUERDO MANUAL/ELETRICO COM MOTOR/CINZENTO H7+H7+PY21;FAROL ESQUERDO MANUAL/ELETRICO COM MOTOR/CINZENTO H7+H7+PY21;0;;
4965;10295;38015562;10295;4965.38015562;CATEGORIA0;;1;1;0;1;;FAROL ESQUERDO ELETRICO COM MOTOR H7+H7+W5W TIPO V;FAROL ESQUERDO ELETRICO COM MOTOR H7+H7+W5W TIPO V;0;;
4965;10295;38015563;10295;4965.38015563;CATEGORIA0;;1;1;0;1;;FAROL ESQUERDO ELETRICO COM MOTOR H7+H7+H7+W5W;FAROL ESQUERDO ELETRICO COM MOTOR H7+H7+H7+W5W;0;;
4965;10295;38015565;10295;4965.38015565;CATEGORIA0;;1;1;0;1;;FAROL ESQUERDO ELETRICO H7+H9+PY21W+W5W 2007->2010;FAROL ESQUERDO ELETRICO H7+H9+PY21W+W5W 2007->2010;0;;
4965;10295;38015569;10295;4965.38015569;CATEGORIA0;;1;1;0;1;;FAROL ESQUERDO ELETRICO COM MOTOR/BASE PRETA H7+H7;FAROL ESQUERDO ELETRICO COM MOTOR/BASE PRETA H7+H7;0;;
4965;10295;38015575;10295;4965.38015575;CATEGORIA0;;1;1;0;1;;FAROL ESQUERDO ELETRICO H4 TIPOV;FAROL ESQUERDO ELETRICO H4 TIPOV;0;;
4965;10295;38016025;10295;4965.38016025;CATEGORIA0;;1;1;0;1;;FAROL ESQUERDO MANUAL/ELETRICO H4 ->1998;FAROL ESQUERDO MANUAL/ELETRICO H4 ->1998;0;;
4965;10295;38016026;10295;4965.38016026;CATEGORIA0;;1;1;0;1;;FAROL ESQUERDO MANUAL/ELETRICO H7+H7+W5W/4 PINS;FAROL ESQUERDO MANUAL/ELETRICO H7+H7+W5W/4 PINS;0;;
4965;10295;38016027;10295;4965.38016027;CATEGORIA0;;1;1;0;1;;FAROL ESQUERDO ELETRICO BASE PRETA HB3+D2S+PY21W+W5W;FAROL ESQUERDO ELETRICO BASE PRETA HB3+D2S+PY21W+W5W;0;;
4965;10295;38016032;10295;4965.38016032;CATEGORIA0;;1;1;0;1;;FAROL ESQUERDO ELETRICO H7+H7+W5W;FAROL ESQUERDO ELETRICO H7+H7+W5W;0;;
4965;10295;38016035;10295;4965.38016035;CATEGORIA0;;1;1;0;1;;FAROL ESQUERDO ELETRICO H7+HB3+PY21W+W5W;FAROL ESQUERDO ELETRICO H7+HB3+PY21W+W5W;0;;
4965;10295;38016041;10295;4965.38016041;CATEGORIA0;;1;1;0;1;;FAROL ESQUERDO LED ELETRICO COMMOTOR H7+H9+H21W+W5W TIPO Z;FAROL ESQUERDO LED ELETRICO COMMOTOR H7+H9+H21W+W5W TIPO Z;0;;
4965;10295;38020117;10295;4965.38020117;CATEGORIA0;;1;1;0;1;;FAROL DIREITO MANUAL/ELETRICO H1+H1+W5W;FAROL DIREITO MANUAL/ELETRICO H1+H1+W5W;0;;
4965;10295;38020119;10295;4965.38020119;CATEGORIA0;;1;1;0;1;;FAROL DIREITO ELETRICO H1+H7+H7;FAROL DIREITO ELETRICO H1+H7+H7;0;;
4965;10295;38020122;10295;4965.38020122;CATEGORIA0;;1;1;0;1;;FAROL DIREITO ELETRICO H1+H7+PY21W+W5W;FAROL DIREITO ELETRICO H1+H7+PY21W+W5W;0;;
4965;10295;38020321;10295;4965.38020321;CATEGORIA0;;1;1;0;1;;FAROL DIREITO ELETRICO H1+H7+PY21W+W5W;FAROL DIREITO ELETRICO H1+H7+PY21W+W5W;0;;
4965;10295;38020411;10295;4965.38020411;CATEGORIA0;;1;1;0;1;;FAROL DIREITO MANUAL/ELETRICO H4+W5W;FAROL DIREITO MANUAL/ELETRICO H4+W5W;0;;
4965;10295;38020412;10295;4965.38020412;CATEGORIA0;;1;1;0;1;;FAROL DIREITO MANUAL/ELETRICO H4+W5W;FAROL DIREITO MANUAL/ELETRICO H4+W5W;0;;
4965;10295;38020423;10295;4965.38020423;CATEGORIA0;;1;1;0;1;;FAROL DIREITO COM NEVOEIRO ELETRICO H1+H3+H1+W5W;FAROL DIREITO COM NEVOEIRO ELETRICO H1+H3+H1+W5W;0;;
4965;10295;38020428;10295;4965.38020428;CATEGORIA0;;1;1;0;1;;FAROL DIREITO MANUAL/ELETRICO H1+H7+W5W;FAROL DIREITO MANUAL/ELETRICO H1+H7+W5W;0;;
4965;10295;38020429;10295;4965.38020429;CATEGORIA0;;1;1;0;1;;FAROL DIREITO ELETRICO COM MOTORH7+D2S+PY21W+W5W SPORTBACK;FAROL DIREITO ELETRICO COM MOTORH7+D2S+PY21W+W5W SPORTBACK;0;;
4965;10295;38020430;10295;4965.38020430;CATEGORIA0;;1;1;0;1;;FAROL DIREITO MANUAL H4+W5W TIPOV;FAROL DIREITO MANUAL H4+W5W TIPOV;0;;
4965;10295;38020431;10295;4965.38020431;CATEGORIA0;;1;1;0;1;;FAROL DIREITO ELETRICO H7+H7+PY21W+W5W;FAROL DIREITO ELETRICO H7+H7+PY21W+W5W;0;;
4965;10295;38020432;10295;4965.38020432;CATEGORIA0;;1;1;0;1;;FAROL DIREITO ELETRICO H7+D1S+PY21W+H6W TIPO V;FAROL DIREITO ELETRICO H7+D1S+PY21W+H6W TIPO V;0;;
4965;10295;38020433;10295;4965.38020433;CATEGORIA0;;1;1;0;1;;FAROL DIREITO ELETRICO COM MOTOR/CON FAROLIM ÂMBAR H7+H7+P21;FAROL DIREITO ELETRICO COM MOTOR/CON FAROLIM ÂMBAR H7+H7+P21;0;;
4965;10295;38020434;10295;4965.38020434;CATEGORIA0;;1;1;0;1;;FAROL DIREITO LED ELETRICO COM MOTOR/BASE PRETA D3S+PSY24W;FAROL DIREITO LED ELETRICO COM MOTOR/BASE PRETA D3S+PSY24W;0;;
4965;10295;38020440;10295;4965.38020440;CATEGORIA0;;1;1;0;1;;FAROL DIREITO ELETRICO H1+H7+PY21W+W5W;FAROL DIREITO ELETRICO H1+H7+PY21W+W5W;0;;
4965;10295;38020443;10295;4965.38020443;CATEGORIA0;;1;1;0;1;;FAROL DIREITO ELETRICO H7+D2S+P21W+PY21W+W5W;FAROL DIREITO ELETRICO H7+D2S+P21W+PY21W+W5W;0;;
4965;10295;38020444;10295;4965.38020444;CATEGORIA0;;1;1;0;1;;FAROL DIREITO LED ELETRICO H7+D3S;FAROL DIREITO LED ELETRICO H7+D3S;0;;
4965;10295;38020454;10295;4965.38020454;CATEGORIA0;;1;1;0;1;;FAROL DIREITO LED ELETRICO COM MOTOR H7+D3S+PSY24W ALLROAD T;FAROL DIREITO LED ELETRICO COM MOTOR H7+D3S+PSY24W ALLROAD T;0;;
4965;10295;38020526;10295;4965.38020526;CATEGORIA0;;1;1;0;1;;FAROL DIREITO ELETRICO H1+H1 TIPO HE;FAROL DIREITO ELETRICO H1+H1 TIPO HE;0;;
4965;10295;38020533;10295;4965.38020533;CATEGORIA0;;1;1;0;1;;FAROL DIREITO ELETRICO COM MOTOR/CON FAROLIM ÂMBAR H7+HB3+P2;FAROL DIREITO ELETRICO COM MOTOR/CON FAROLIM ÂMBAR H7+HB3+P2;0;;
4965;10295;38020535;10295;4965.38020535;CATEGORIA0;;1;1;0;1;;FAROL DIREITO ELETRICO COM MOTOR/BASE CROMADA H7+H7+W5W 4 PO;FAROL DIREITO ELETRICO COM MOTOR/BASE CROMADA H7+H7+W5W 4 PO;0;;
4965;10295;38020545;10295;4965.38020545;CATEGORIA0;;1;1;0;1;;FAROL DIREITO ELETRICO COM MOTOR/BASE PRETA H7+H7+PY21W+W5W;FAROL DIREITO ELETRICO COM MOTOR/BASE PRETA H7+H7+PY21W+W5W;0;;
4965;10295;38020548;10295;4965.38020548;CATEGORIA0;;1;1;0;1;;FAROL DIREITO ELETRICO COM MOTOR/BASE PRETA H7+H7+PY21W+PW24;FAROL DIREITO ELETRICO COM MOTOR/BASE PRETA H7+H7+PY21W+PW24;0;;
4965;10295;38020564;10295;4965.38020564;CATEGORIA0;;1;1;0;1;;FAROL DIREITO ELETRICO H7+H7+PY21W+W5W TIPO V 07/2012->;FAROL DIREITO ELETRICO H7+H7+PY21W+W5W TIPO V 07/2012->;0;;
4965;10295;38020570;10295;4965.38020570;CATEGORIA0;;1;1;0;1;;FAROL DIREITO ELETRICO COM MOTOR/BASE PRETA/ÂMBAR H7+PY21W+W;FAROL DIREITO ELETRICO COM MOTOR/BASE PRETA/ÂMBAR H7+PY21W+W;0;;
4965;10295;38021037;10295;4965.38021037;CATEGORIA0;;1;1;0;1;;FAROL DIREITO MANUAL/ELETRICO H4+H7+PY21W+W5W 2000->;FAROL DIREITO MANUAL/ELETRICO H4+H7+PY21W+W5W 2000->;0;;
4965;10295;38021040;10295;4965.38021040;CATEGORIA0;;1;1;0;1;;FAROL DIREITO MANUAL H4+W5W;FAROL DIREITO MANUAL H4+W5W;0;;
4965;10295;38021042;10295;4965.38021042;CATEGORIA0;;1;1;0;1;;FAROL DIREITO MANUAL H4+W5W;FAROL DIREITO MANUAL H4+W5W;0;;
4965;10295;38021044;10295;4965.38021044;CATEGORIA0;;1;1;0;1;;FAROL DIREITO MANUAL H1+H1+W5W;FAROL DIREITO MANUAL H1+H1+W5W;0;;
4965;10295;38021046;10295;4965.38021046;CATEGORIA0;;1;1;0;1;;FAROL DIREITO MANUAL/ELETRICO H1+H1+W5W;FAROL DIREITO MANUAL/ELETRICO H1+H1+W5W;0;;
4965;10295;38021048;10295;4965.38021048;CATEGORIA0;;1;1;0;1;;FAROL DIREITO MANUAL/ELETRICO H4+W5W;FAROL DIREITO MANUAL/ELETRICO H4+W5W;0;;
4965;10295;38021049;10295;4965.38021049;CATEGORIA0;;1;1;0;1;;FAROL DIREITO ELETRICO H4;FAROL DIREITO ELETRICO H4;0;;
4965;10295;38021050;10295;4965.38021050;CATEGORIA0;;1;1;0;1;;FAROL DIREITO ELETRICO COM MOTORH4+PY21W+W5W;FAROL DIREITO ELETRICO COM MOTORH4+PY21W+W5W;0;;
4965;10295;38021051;10295;4965.38021051;CATEGORIA0;;1;1;0;1;;FAROL DIREITO ELETRICO H4+W5W;FAROL DIREITO ELETRICO H4+W5W;0;;
4965;10295;38021053;10295;4965.38021053;CATEGORIA0;;1;1;0;1;;FAROL DIREITO MANUAL/ELETRICO H4+PY21W+W5W;FAROL DIREITO MANUAL/ELETRICO H4+PY21W+W5W;0;;
4965;10295;38021055;10295;4965.38021055;CATEGORIA0;;1;1;0;1;;FAROL DIREITO ELETRICO H4+PY21W+W5W;FAROL DIREITO ELETRICO H4+PY21W+W5W;0;;
4965;10295;38021057;10295;4965.38021057;CATEGORIA0;;1;1;0;1;;FAROL DIREITO ELETRICO COM MOTORH1+H7+PY21W+W5W;FAROL DIREITO ELETRICO COM MOTORH1+H7+PY21W+W5W;0;;
4965;10295;38021067;10295;4965.38021067;CATEGORIA0;;1;1;0;1;;FAROL DIREITO ELETRICO COM MOTORH1+H7+H6W 2011->;FAROL DIREITO ELETRICO COM MOTORH1+H7+H6W 2011->;0;;
4965;10295;38021071;10295;4965.38021071;CATEGORIA0;;1;1;0;1;;FAROL DIREITO ELETRICO COM MOTOR/BASE PRETA H1+H7+PY21W+W5W;FAROL DIREITO ELETRICO COM MOTOR/BASE PRETA H1+H7+PY21W+W5W;0;;
4965;10295;38021074;10295;4965.38021074;CATEGORIA0;;1;1;0;1;;FAROL DIREITO ELETRICO COM MOTORH4+PY21W+W5W TIPO V 2012->;FAROL DIREITO ELETRICO COM MOTORH4+PY21W+W5W TIPO V 2012->;0;;
4965;10295;38021077;10295;4965.38021077;CATEGORIA0;;1;1;0;1;;FAROL DIREITO ELETRICO COM MOTORH4+PY21W+W5W;FAROL DIREITO ELETRICO COM MOTORH4+PY21W+W5W;0;;
4965;10295;38021201;10295;4965.38021201;CATEGORIA0;;1;1;0;1;;FAROL DIREITO ELETRICO COM MOTORH1+H1+PY24W+W5W 2008->;FAROL DIREITO ELETRICO COM MOTORH1+H1+PY24W+W5W 2008->;0;;
4965;10295;38021211;10295;4965.38021211;CATEGORIA0;;1;1;0;1;;FAROL DIREITO MANUAL H4;FAROL DIREITO MANUAL H4;0;;
4965;10295;38021214;10295;4965.38021214;CATEGORIA0;;1;1;0;1;;LUZ DIREITA MANUAL LÂMPADA ASSIMÉTRICA H4;LUZ DIREITA MANUAL LÂMPADA ASSIMÉTRICA H4;0;;
4965;10295;38021220;10295;4965.38021220;CATEGORIA0;;1;1;0;1;;FAROL DIREITO MANUAL/ELETRICO H4+W5W;FAROL DIREITO MANUAL/ELETRICO H4+W5W;0;;
4965;10295;38021221;10295;4965.38021221;CATEGORIA0;;1;1;0;1;;FAROL DIREITO MANUAL H7+H7+P21W+W5W;FAROL DIREITO MANUAL H7+H7+P21W+W5W;0;;
4965;10295;38021222;10295;4965.38021222;CATEGORIA0;;1;1;0;1;;FAROL DIREITO MANUAL H4+W5W CINZENTO;FAROL DIREITO MANUAL H4+W5W CINZENTO;0;;
4965;10295;38021224;10295;4965.38021224;CATEGORIA0;;1;1;0;1;;FAROL DIREITO COM NEVOEIRO ELETRICO 5 PORTAS H1+H7+H1+W5WX2+;FAROL DIREITO COM NEVOEIRO ELETRICO 5 PORTAS H1+H7+H1+W5WX2+;0;;
4965;10295;38021229;10295;4965.38021229;CATEGORIA0;;1;1;0;1;;FAROL DIREITO ELETRICO COM MOTORH7+WY21W;FAROL DIREITO ELETRICO COM MOTORH7+WY21W;0;;
4965;10295;38021249;10295;4965.38021249;CATEGORIA0;;1;1;0;1;;FAROL DIREITO ELETRICO COM MOTORH4+PY21W+W5W CONECTOR PLUG;FAROL DIREITO ELETRICO COM MOTORH4+PY21W+W5W CONECTOR PLUG;0;;
4965;10295;38021258;10295;4965.38021258;CATEGORIA0;;1;1;0;1;;FAROL DIREITO ELETRICO H1+H7+PY21W+W5W;FAROL DIREITO ELETRICO H1+H7+PY21W+W5W;0;;
4965;10295;38021259;10295;4965.38021259;CATEGORIA0;;1;1;0;1;;FAROL DIREITO LED ELETRICO COM MOTOR/BASE CROMADA H7+H7+WY21;FAROL DIREITO LED ELETRICO COM MOTOR/BASE CROMADA H7+H7+WY21;0;;
4965;10295;38021262;10295;4965.38021262;CATEGORIA0;;1;1;0;1;;FAROL DIREITO ELETRICO COM MOTOR/BASE PRETA H1+H1+PY24W+W5W;FAROL DIREITO ELETRICO COM MOTOR/BASE PRETA H1+H1+PY24W+W5W;0;;
4965;10295;38021293;10295;4965.38021293;CATEGORIA0;;1;1;0;1;;FAROL DIREITO MANUAL/ELETRICO BASE PRETA H4+PY21W+W5W;FAROL DIREITO MANUAL/ELETRICO BASE PRETA H4+PY21W+W5W;0;;
4965;10295;38021295;10295;4965.38021295;CATEGORIA0;;1;1;0;1;;FAROL DIREITO ELETRICO H1+H7+PY21W+W21/5W TIPO A 11/2013->;FAROL DIREITO ELETRICO H1+H7+PY21W+W21/5W TIPO A 11/2013->;0;;
4965;10295;38021307;10295;4965.38021307;CATEGORIA0;;1;1;0;1;;FAROL DIREITO ELETRICO COM MOTORH1+H7 4 PORTAS/FAMILIAR;FAROL DIREITO ELETRICO COM MOTORH1+H7 4 PORTAS/FAMILIAR;0;;
4965;10295;38021450;10295;4965.38021450;CATEGORIA0;;1;1;0;1;;FAROL DIREITO ELETRICO COM MOTORH4/4 PORTAS;FAROL DIREITO ELETRICO COM MOTORH4/4 PORTAS;0;;
4965;10295;38021503;10295;4965.38021503;CATEGORIA0;;1;1;0;1;;FAROL DIREITO LED/ELETRICO COM MOTOR H7+H1+PY21W TIPO VISTE;FAROL DIREITO LED/ELETRICO COM MOTOR H7+H1+PY21W TIPO VISTE;0;;
4965;10295;38021504;10295;4965.38021504;CATEGORIA0;;1;1;0;1;;FAROL DIREITO ELETRICO COM MOTOR/BASE CROMADA H1+H7+PY21W+W5;FAROL DIREITO ELETRICO COM MOTOR/BASE CROMADA H1+H7+PY21W+W5;0;;
4965;10295;38021506;10295;4965.38021506;CATEGORIA0;;1;1;0;1;;FAROL DIREITO ELETRICO COM MOTORH4+P21W+W5W;FAROL DIREITO ELETRICO COM MOTORH4+P21W+W5W;0;;
4965;10295;38021513;10295;4965.38021513;CATEGORIA0;;1;1;0;1;;FAROL DIREITO MANUAL H4;FAROL DIREITO MANUAL H4;0;;
4965;10295;38021517;10295;4965.38021517;CATEGORIA0;;1;1;0;1;;FAROL DIREITO MANUAL H4+W5W;FAROL DIREITO MANUAL H4+W5W;0;;
4965;10295;38021519;10295;4965.38021519;CATEGORIA0;;1;1;0;1;;FAROL DIREITO MANUAL/ELETRICO H4+PY21W+W5W;FAROL DIREITO MANUAL/ELETRICO H4+PY21W+W5W;0;;
4965;10295;38021526;10295;4965.38021526;CATEGORIA0;;1;1;0;1;;FAROL DIREITO MANUAL/ELETRICO COM MOTOR H7+H15 TIPO V;FAROL DIREITO MANUAL/ELETRICO COM MOTOR H7+H15 TIPO V;0;;
4965;10295;38021540;10295;4965.38021540;CATEGORIA0;;1;1;0;1;;FAROL DIREITO MANUAL H4+W5W;FAROL DIREITO MANUAL H4+W5W;0;;
4965;10295;38021541;10295;4965.38021541;CATEGORIA0;;1;1;0;1;;FAROL DIREITO MANUAL H4+W5W 1993->;FAROL DIREITO MANUAL H4+W5W 1993->;0;;
4965;10295;38021544;10295;4965.38021544;CATEGORIA0;;1;1;0;1;;FAROL DIREITO ELETRICO BASE CROMADA H4+P21W+W5W;FAROL DIREITO ELETRICO BASE CROMADA H4+P21W+W5W;0;;
4965;10295;38021545;10295;4965.38021545;CATEGORIA0;;1;1;0;1;;FAROL DIREITO MANUAL/ELETRICO H1+H1+W5W;FAROL DIREITO MANUAL/ELETRICO H1+H1+W5W;0;;
4965;10295;38021548;10295;4965.38021548;CATEGORIA0;;1;1;0;1;;FAROL DIREITO ELETRICO H1+H7+P21W+W5W;FAROL DIREITO ELETRICO H1+H7+P21W+W5W;0;;
4965;10295;38021550;10295;4965.38021550;CATEGORIA0;;1;1;0;1;;FAROL DIREITO ELETRICO ÂMBAR H1+H7+P21W+W5W;FAROL DIREITO ELETRICO ÂMBAR H1+H7+P21W+W5W;0;;
4965;10295;38021553;10295;4965.38021553;CATEGORIA0;;1;1;0;1;;FAROL DIREITO ELETRICO COM MOTORH4+PY21W+W5W;FAROL DIREITO ELETRICO COM MOTORH4+PY21W+W5W;0;;
4965;10295;38021560;10295;4965.38021560;CATEGORIA0;;1;1;0;1;;FAROL DIREITO ELETRICO H4+W5W;FAROL DIREITO ELETRICO H4+W5W;0;;
4965;10295;38021561;10295;4965.38021561;CATEGORIA0;;1;1;0;1;;FAROL DIREITO MANUAL/ELETRICO H1+H7+P21W+W5W;FAROL DIREITO MANUAL/ELETRICO H1+H7+P21W+W5W;0;;
4965;10295;38021563;10295;4965.38021563;CATEGORIA0;;1;1;0;1;;FAROL DIREITO ELETRICO BASE PRETA H1+H7+PY21W+W5W;FAROL DIREITO ELETRICO BASE PRETA H1+H7+PY21W+W5W;0;;
4965;10295;38021564;10295;4965.38021564;CATEGORIA0;;1;1;0;1;;FAROL DIREITO ELETRICO COM MOTOR/BASE PRETA H1+H7+PY21W+W5W;FAROL DIREITO ELETRICO COM MOTOR/BASE PRETA H1+H7+PY21W+W5W;0;;
4965;10295;38021565;10295;4965.38021565;CATEGORIA0;;1;1;0;1;;FAROL DIREITO ELETRICO COM MOTORH4+P21W+W5W TIPO HE;FAROL DIREITO ELETRICO COM MOTORH4+P21W+W5W TIPO HE;0;;
4965;10295;38021578;10295;4965.38021578;CATEGORIA0;;1;1;0;1;;FAROL DIREITO ELETRICO COM MOTOR/BASE CROMADA H7+H15+PY21W+W;FAROL DIREITO ELETRICO COM MOTOR/BASE CROMADA H7+H15+PY21W+W;0;;
4965;10295;38021601;10295;4965.38021601;CATEGORIA0;;1;1;0;1;;FAROL DIREITO ELETRICO BASE PRETA HB3+D2S+W5W+W21W;FAROL DIREITO ELETRICO BASE PRETA HB3+D2S+W5W+W21W;0;;
4965;10295;38021602;10295;4965.38021602;CATEGORIA0;;1;1;0;1;;FAROL DIREITO MANUAL/ELETRICO BASE CROMADA H4+W5W+WY21W 2010;FAROL DIREITO MANUAL/ELETRICO BASE CROMADA H4+W5W+WY21W 2010;0;;
4965;10295;38021607;10295;4965.38021607;CATEGORIA0;;1;1;0;1;;FAROL DIREITO ELETRICO COM MOTORH4+PY21W+W5W 3/5 PORTAS;FAROL DIREITO ELETRICO COM MOTORH4+PY21W+W5W 3/5 PORTAS;0;;
4965;10295;38021612;10295;4965.38021612;CATEGORIA0;;1;1;0;1;;FAROL DIREITO ELETRICO H4 TIPO ST 4 PORTAS;FAROL DIREITO ELETRICO H4 TIPO ST 4 PORTAS;0;;
4965;10295;38021616;10295;4965.38021616;CATEGORIA0;;1;1;0;1;;FAROL DIREITO ELETRICO H4+PY21W+W5W;FAROL DIREITO ELETRICO H4+PY21W+W5W;0;;
4965;10295;38021623;10295;4965.38021623;CATEGORIA0;;1;1;0;1;;FAROL DIREITO MANUAL/ELETRICO BASE CROMADA;FAROL DIREITO MANUAL/ELETRICO BASE CROMADA;0;;
4965;10295;38021635;10295;4965.38021635;CATEGORIA0;;1;1;0;1;;FAROL DIREITO MANUAL H4;FAROL DIREITO MANUAL H4;0;;
4965;10295;38021642;10295;4965.38021642;CATEGORIA0;;1;1;0;1;;FAROL DIREITO MANUAL/ELETRICO COM FAROLIM BRANCO H4+PY21W+W5;FAROL DIREITO MANUAL/ELETRICO COM FAROLIM BRANCO H4+PY21W+W5;0;;
4965;10295;38021643;10295;4965.38021643;CATEGORIA0;;1;1;0;1;;FAROL DIREITO ELETRICO H4+PY21W+W5W;FAROL DIREITO ELETRICO H4+PY21W+W5W;0;;
4965;10295;38021650;10295;4965.38021650;CATEGORIA0;;1;1;0;1;;FAROL DIREITO ELETRICO H4+PY21W+W5W;FAROL DIREITO ELETRICO H4+PY21W+W5W;0;;
4965;10295;38021652;10295;4965.38021652;CATEGORIA0;;1;1;0;1;;FAROL DIREITO ELETRICO H4+PY21W+W5W;FAROL DIREITO ELETRICO H4+PY21W+W5W;0;;
4965;10295;38021653;10295;4965.38021653;CATEGORIA0;;1;1;0;1;;FAROL DIREITO ELETRICO COM MOTORH4+PY21W+W5W;FAROL DIREITO ELETRICO COM MOTORH4+PY21W+W5W;0;;
4965;10295;38021656;10295;4965.38021656;CATEGORIA0;;1;1;0;1;;FAROL DIREITO MANUAL/ELETRICO H7;FAROL DIREITO MANUAL/ELETRICO H7;0;;
4965;10295;38021661;10295;4965.38021661;CATEGORIA0;;1;1;0;1;;FAROL DIREITO MANUAL/ELETRICO BASE PRETA H7+H7;FAROL DIREITO MANUAL/ELETRICO BASE PRETA H7+H7;0;;
4965;10295;38021663;10295;4965.38021663;CATEGORIA0;;1;1;0;1;;FAROL DIREITO H4 ELETRICO SEM MOTOR TIPO A;FAROL DIREITO H4 ELETRICO SEM MOTOR TIPO A;0;;
4965;10295;38021672;10295;4965.38021672;CATEGORIA0;;1;1;0;1;;FAROL DIREITO ELETRICO COM MOTOR/BASE PRETA H1+H7;FAROL DIREITO ELETRICO COM MOTOR/BASE PRETA H1+H7;0;;
4965;10295;38021673;10295;4965.38021673;CATEGORIA0;;1;1;0;1;;FAROL DIREITO ELETRICO COM MOTORH4+PY21W+W5W TIPO SAM 2011->;FAROL DIREITO ELETRICO COM MOTORH4+PY21W+W5W TIPO SAM 2011->;0;;
4965;10295;38021725;10295;4965.38021725;CATEGORIA0;;1;1;0;1;;FAROL DIREITO MANUAL H4;FAROL DIREITO MANUAL H4;0;;
4965;10295;38021813;10295;4965.38021813;CATEGORIA0;;1;1;0;1;;FAROL DIREITO LED ELETRICO BASE PRETA H7+H7+PY21W TIPOSEO ->;FAROL DIREITO LED ELETRICO BASE PRETA H7+H7+PY21W TIPOSEO ->;0;;
4965;10295;38021816;10295;4965.38021816;CATEGORIA0;;1;1;0;1;;FAROL DIREITO MANUAL/ELETRICO COM MOTOR H4;FAROL DIREITO MANUAL/ELETRICO COM MOTOR H4;0;;
4965;10295;38021840;10295;4965.38021840;CATEGORIA0;;1;1;0;1;;FAROL DIREITO ELETRICO COM MOTOR/BASE PRETA H4+PY21W+W5W;FAROL DIREITO ELETRICO COM MOTOR/BASE PRETA H4+PY21W+W5W;0;;
4965;10295;38021842;10295;4965.38021842;CATEGORIA0;;1;1;0;1;;FAROL DIREITO ELETRICO BASE PRETA H4+PY21W+W5W TIPO SEO;FAROL DIREITO ELETRICO BASE PRETA H4+PY21W+W5W TIPO SEO;0;;
4965;10295;38021950;10295;4965.38021950;CATEGORIA0;;1;1;0;1;;FAROL DIREITO ELETRICO 4 PORTASH4;FAROL DIREITO ELETRICO 4 PORTASH4;0;;
4965;10295;38021960;10295;4965.38021960;CATEGORIA0;;1;1;0;1;;FAROL DIREITO ELETRICO COM MOTORD2S+W5W+WY21W 4/5 PORTAS;FAROL DIREITO ELETRICO COM MOTORD2S+W5W+WY21W 4/5 PORTAS;0;;
4965;10295;38021965;10295;4965.38021965;CATEGORIA0;;1;1;0;1;;FAROL DIREITO ELETRICO H7+HB3+PY21W+W5W 4 PORTAS;FAROL DIREITO ELETRICO H7+HB3+PY21W+W5W 4 PORTAS;0;;
4965;10295;38021968;10295;4965.38021968;CATEGORIA0;;1;1;0;1;;FAROL DIREITO COM NEVOEIRO ELETRICO COM MOTOR/CROMADO H1+H3+;FAROL DIREITO COM NEVOEIRO ELETRICO COM MOTOR/CROMADO H1+H3+;0;;
4965;10295;38021969;10295;4965.38021969;CATEGORIA0;;1;1;0;1;;FAROL DIREITO ELETRICO BASE PRETA;FAROL DIREITO ELETRICO BASE PRETA;0;;
4965;10295;38021970;10295;4965.38021970;CATEGORIA0;;1;1;0;1;;FAROL DIREITO MANUAL/ELETRICO H9+H11 2010->;FAROL DIREITO MANUAL/ELETRICO H9+H11 2010->;0;;
4965;10295;38021972;10295;4965.38021972;CATEGORIA0;;1;1;0;1;;FAROL DIREITO ELETRICO COM MOTOR/BASE PRETA H7+HB3+PY21W+W5W;FAROL DIREITO ELETRICO COM MOTOR/BASE PRETA H7+HB3+PY21W+W5W;0;;
4965;10295;38021976;10295;4965.38021976;CATEGORIA0;;1;1;0;1;;FAROL DIREITO H11+H15 ELETRICO TIPO ST;FAROL DIREITO H11+H15 ELETRICO TIPO ST;0;;
4965;10295;38022016;10295;4965.38022016;CATEGORIA0;;1;1;0;1;;FAROL DTO.;FAROL DTO.;0;;
4965;10295;38022018;10295;4965.38022018;CATEGORIA0;;1;1;0;1;;FAROL DIREITO ELETRICO PNEUMATICO H3+H4+W5W BASE GRIS;FAROL DIREITO ELETRICO PNEUMATICO H3+H4+W5W BASE GRIS;0;;
4965;10295;38022019;10295;4965.38022019;CATEGORIA0;;1;1;0;1;;FAROL DIREITO ELETRICO PNEUMATICO H3+H4+W5W;FAROL DIREITO ELETRICO PNEUMATICO H3+H4+W5W;0;;
4965;10295;38022023;10295;4965.38022023;CATEGORIA0;;1;1;0;1;;FAROL DIREITO ELETRICO PNEUMATICO H7+H7+PY21W+H6W;FAROL DIREITO ELETRICO PNEUMATICO H7+H7+PY21W+H6W;0;;
4965;10295;38022025;10295;4965.38022025;CATEGORIA0;;1;1;0;1;;FAROL DIREITO ELETRICO PNEUMATICO H7+H7;FAROL DIREITO ELETRICO PNEUMATICO H7+H7;0;;
4965;10295;38022034;10295;4965.38022034;CATEGORIA0;;1;1;0;1;;FAROL DIREITO LED MANUAL/ELETRICO COM MOTOR H7+D1S TIPO HE;FAROL DIREITO LED MANUAL/ELETRICO COM MOTOR H7+D1S TIPO HE;0;;
4965;10295;38022035;10295;4965.38022035;CATEGORIA0;;1;1;0;1;;FAROL DIREITO MANUAL H1+H4+W5W;FAROL DIREITO MANUAL H1+H4+W5W;0;;
4965;10295;38022036;10295;4965.38022036;CATEGORIA0;;1;1;0;1;;FAROL DIREITO ELETRICO PNEUMATICO H1+H1;FAROL DIREITO ELETRICO PNEUMATICO H1+H1;0;;
4965;10295;38022038;10295;4965.38022038;CATEGORIA0;;1;1;0;1;;FAROL DIREITO COM NEVOEIRO ELETRICO H1+H7+H1+PY21W+W5W;FAROL DIREITO COM NEVOEIRO ELETRICO H1+H7+H1+PY21W+W5W;0;;
4965;10295;38022039;10295;4965.38022039;CATEGORIA0;;1;1;0;1;;FAROL DIREITA COM NEVOEIRO ELETRICA H3+H7+H7;FAROL DIREITA COM NEVOEIRO ELETRICA H3+H7+H7;0;;
4965;10295;38022040;10295;4965.38022040;CATEGORIA0;;1;1;0;1;;FAROL DIREITO COM NEVOEIRO ELETRICO PNEUMATICO H1+H7+H7+PY21;FAROL DIREITO COM NEVOEIRO ELETRICO PNEUMATICO H1+H7+H7+PY21;0;;
4965;10295;38022041;10295;4965.38022041;CATEGORIA0;;1;1;0;1;;FAROL DIREITO PNEUMATICO COM MOTOR H7+H7;FAROL DIREITO PNEUMATICO COM MOTOR H7+H7;0;;
4965;10295;38022042;10295;4965.38022042;CATEGORIA0;;1;1;0;1;;FAROL DIREITO ELETRICO H7+H7+PY21W+H6W;FAROL DIREITO ELETRICO H7+H7+PY21W+H6W;0;;
4965;10295;38022043;10295;4965.38022043;CATEGORIA0;;1;1;0;1;;FAROL DIREITO ELETRICO PNEUMATICO H7+H7+PY21W+H6W;FAROL DIREITO ELETRICO PNEUMATICO H7+H7+PY21W+H6W;0;;
4965;10295;38022044;10295;4965.38022044;CATEGORIA0;;1;1;0;1;;FAROL DIREITO ELETRICO H7+D2S;FAROL DIREITO ELETRICO H7+D2S;0;;
4965;10295;38022048;10295;4965.38022048;CATEGORIA0;;1;1;0;1;;FAROL DIREITO ELETRICO COM MOTORH7+H7+PY21W+W5W;FAROL DIREITO ELETRICO COM MOTORH7+H7+PY21W+W5W;0;;
4965;10295;38022055;10295;4965.38022055;CATEGORIA0;;1;1;0;1;;FAROL DIREITO COM NEVOEIRO ELETRICO COM MOTOR H7+H7+H7;FAROL DIREITO COM NEVOEIRO ELETRICO COM MOTOR H7+H7+H7;0;;
4965;10295;38022056;10295;4965.38022056;CATEGORIA0;;1;1;0;1;;FAROL DIREITO ELETRICO COM MOTOR/BASE PRETA H7+H7+PY21W+W5W+;FAROL DIREITO ELETRICO COM MOTOR/BASE PRETA H7+H7+PY21W+W5W+;0;;
4965;10295;38022062;10295;4965.38022062;CATEGORIA0;;1;1;0;1;;FAROL DIREITO ELETRICO COM MOTORH7+D2S;FAROL DIREITO ELETRICO COM MOTORH7+D2S;0;;
4965;10295;38022063;10295;4965.38022063;CATEGORIA0;;1;1;0;1;;FAROL DIREITO ELETRICO COM MOTOR/BASE CROMADA H7+H7;FAROL DIREITO ELETRICO COM MOTOR/BASE CROMADA H7+H7;0;;
4965;10295;38022111;10295;4965.38022111;CATEGORIA0;;1;1;0;1;;FAROL DIREITO MANUAL H4;FAROL DIREITO MANUAL H4;0;;
4965;10295;38022112;10295;4965.38022112;CATEGORIA0;;1;1;0;1;;FAROL DIREITO MANUAL H4;FAROL DIREITO MANUAL H4;0;;
4965;10295;38022120;10295;4965.38022120;CATEGORIA0;;1;1;0;1;;FAROL DIREITO ELETRICO H4+W5W;FAROL DIREITO ELETRICO H4+W5W;0;;
4965;10295;38022141;10295;4965.38022141;CATEGORIA0;;1;1;0;1;;FAROL DIREITO ELETRICO BASE PRETA H1+HB3+W5W+WY21W;FAROL DIREITO ELETRICO BASE PRETA H1+HB3+W5W+WY21W;0;;
4965;10295;38022142;10295;4965.38022142;CATEGORIA0;;1;1;0;1;;FAROL DIREITO ELETRICO COM MOTORHB3+HB4+W5W+WY21W;FAROL DIREITO ELETRICO COM MOTORHB3+HB4+W5W+WY21W;0;;
4965;10295;38022151;10295;4965.38022151;CATEGORIA0;;1;1;0;1;;FAROL DIREITO MANUAL H4 CABINA DOBLE;FAROL DIREITO MANUAL H4 CABINA DOBLE;0;;
4965;10295;38022204;10295;4965.38022204;CATEGORIA0;;1;1;0;1;;FAROL DIREITO ELETRICO COM MOTOR/CON FAROLIM ÂMBAR H4+P21W;FAROL DIREITO ELETRICO COM MOTOR/CON FAROLIM ÂMBAR H4+P21W;0;;
4965;10295;38022209;10295;4965.38022209;CATEGORIA0;;1;1;0;1;;FAROL DIREITO ELETRICO COM MOTOR/CON FAROLIM BRANCO TIPO V;FAROL DIREITO ELETRICO COM MOTOR/CON FAROLIM BRANCO TIPO V;0;;
4965;10295;38022215;10295;4965.38022215;CATEGORIA0;;1;1;0;1;;FAROL DIREITO ELETRICO COM MOTORH4+PY21W;FAROL DIREITO ELETRICO COM MOTORH4+PY21W;0;;
4965;10295;38022616;10295;4965.38022616;CATEGORIA0;;1;1;0;1;;FAROL DIREITO MANUAL H3+H4+W5W;FAROL DIREITO MANUAL H3+H4+W5W;0;;
4965;10295;38022617;10295;4965.38022617;CATEGORIA0;;1;1;0;1;;FAROL DIREITO MANUAL H4+PY21W+W5W;FAROL DIREITO MANUAL H4+PY21W+W5W;0;;
4965;10295;38022624;10295;4965.38022624;CATEGORIA0;;1;1;0;1;;FAROL DIREITO ELETRICO BASE PRETA H4+W5W;FAROL DIREITO ELETRICO BASE PRETA H4+W5W;0;;
4965;10295;38022627;10295;4965.38022627;CATEGORIA0;;1;1;0;1;;FAROL DIREITO MANUAL/ELETRICO H1+H7+W5W;FAROL DIREITO MANUAL/ELETRICO H1+H7+W5W;0;;
4965;10295;38022628;10295;4965.38022628;CATEGORIA0;;1;1;0;1;;FAROL DIREITO ELETRICO BASE CINZENTO H7+H7+P21W+W5W;FAROL DIREITO ELETRICO BASE CINZENTO H7+H7+P21W+W5W;0;;
4965;10295;38022636;10295;4965.38022636;CATEGORIA0;;1;1;0;1;;FAROL DIREITO MANUAL H4+W5W+WY21W;FAROL DIREITO MANUAL H4+W5W+WY21W;0;;
4965;10295;38022637;10295;4965.38022637;CATEGORIA0;;1;1;0;1;;FAROL DIREITO ELETRICO H7+H7+PY21W+W5W;FAROL DIREITO ELETRICO H7+H7+PY21W+W5W;0;;
4965;10295;38022662;10295;4965.38022662;CATEGORIA0;;1;1;0;1;;FAROL DIREITO ELETRICO BASE PRETA H1+H11+W5WX2+WY21W 2011->;FAROL DIREITO ELETRICO BASE PRETA H1+H11+W5WX2+WY21W 2011->;0;;
4965;10295;38022675;10295;4965.38022675;CATEGORIA0;;1;1;0;1;;FAROL DIREITO ELETRICO BASE PRETA H4+W5W+WY21W TIPO IN;FAROL DIREITO ELETRICO BASE PRETA H4+W5W+WY21W TIPO IN;0;;
4965;10295;38022680;10295;4965.38022680;CATEGORIA0;;1;1;0;1;;FAROL DIREITO ELETRICO H4+PY21W+W5W;FAROL DIREITO ELETRICO H4+PY21W+W5W;0;;
4965;10295;38023013;10295;4965.38023013;CATEGORIA0;;1;1;0;1;;FAROL DIREITO MANUAL H4+W5W;FAROL DIREITO MANUAL H4+W5W;0;;
4965;10295;38023037;10295;4965.38023037;CATEGORIA0;;1;1;0;1;;FAROL DIREITO ELETRICO H1+H7+W5WTIPO CA;FAROL DIREITO ELETRICO H1+H7+W5WTIPO CA;0;;
4965;10295;38023038;10295;4965.38023038;CATEGORIA0;;1;1;0;1;;FAROL DIREITO MANUAL/ELETRICO H4;FAROL DIREITO MANUAL/ELETRICO H4;0;;
4965;10295;38023039;10295;4965.38023039;CATEGORIA0;;1;1;0;1;;FAROL DIREITO ELETRICO H4+W5W COM COBERTURA LÂMPADA;FAROL DIREITO ELETRICO H4+W5W COM COBERTURA LÂMPADA;0;;
4965;10295;38023040;10295;4965.38023040;CATEGORIA0;;1;1;0;1;;FAROL DIREITO MANUAL H4+P21W+W5W1993->;FAROL DIREITO MANUAL H4+P21W+W5W1993->;0;;
4965;10295;38023054;10295;4965.38023054;CATEGORIA0;;1;1;0;1;;FAROL DIREITO ELETRICO COM MOTOR/BASE PRETA H1+H7+PY21W+W5W;FAROL DIREITO ELETRICO COM MOTOR/BASE PRETA H1+H7+PY21W+W5W;0;;
4965;10295;38023060;10295;4965.38023060;CATEGORIA0;;1;1;0;1;;FAROL DIREITO ELETRICO BASE CROMADA H7+HB3+PY21W+W5W;FAROL DIREITO ELETRICO BASE CROMADA H7+HB3+PY21W+W5W;0;;
4965;10295;38023062;10295;4965.38023062;CATEGORIA0;;1;1;0;1;;FAROL DIREITO ELETRICO COM MOTORH1+H7+H21W+W5W;FAROL DIREITO ELETRICO COM MOTORH1+H7+H21W+W5W;0;;
4965;10295;38023063;10295;4965.38023063;CATEGORIA0;;1;1;0;1;;FAROL DIREITO ELETRICO H7+HB3+PY21W+W5W;FAROL DIREITO ELETRICO H7+HB3+PY21W+W5W;0;;
4965;10295;38023064;10295;4965.38023064;CATEGORIA0;;1;1;0;1;;FAROL DIREITO ELETRICO BASE CROMADA H1+H7+H21W+W5W 07/2008->;FAROL DIREITO ELETRICO BASE CROMADA H1+H7+H21W+W5W 07/2008->;0;;
4965;10295;38023070;10295;4965.38023070;CATEGORIA0;;1;1;0;1;;FAROL DIREITO ELETRICO FAROLIM BORRÃO SEM MOTOR H7+H7+PY21W+;FAROL DIREITO ELETRICO FAROLIM BORRÃO SEM MOTOR H7+H7+PY21W+;0;;
4965;10295;38023080;10295;4965.38023080;CATEGORIA0;;1;1;0;1;;FAROL DIREITO ELETRICO BASE CROMADA H7+H7+PY21W+W5W;FAROL DIREITO ELETRICO BASE CROMADA H7+H7+PY21W+W5W;0;;
4965;10295;38023510;10295;4965.38023510;CATEGORIA0;;1;1;0;1;;FAROL DIREITO ELETRICO H4+W5W;FAROL DIREITO ELETRICO H4+W5W;0;;
4965;10295;38023511;10295;4965.38023511;CATEGORIA0;;1;1;0;1;;FAROL DIREITO ELETRICO H1+H7+PY21W+W5W;FAROL DIREITO ELETRICO H1+H7+PY21W+W5W;0;;
4965;10295;38023520;10295;4965.38023520;CATEGORIA0;;1;1;0;1;;FAROL DIREITO MANUAL H4;FAROL DIREITO MANUAL H4;0;;
4965;10295;38023526;10295;4965.38023526;CATEGORIA0;;1;1;0;1;;FAROL DIREITO MANUAL H4+W5W;FAROL DIREITO MANUAL H4+W5W;0;;
4965;10295;38023527;10295;4965.38023527;CATEGORIA0;;1;1;0;1;;FAROL DIREITO MANUAL H4+W5W;FAROL DIREITO MANUAL H4+W5W;0;;
4965;10295;38023532;10295;4965.38023532;CATEGORIA0;;1;1;0;1;;FAROL DIREITO MANUAL/ELETRICO H4+PY21W+W5W;FAROL DIREITO MANUAL/ELETRICO H4+PY21W+W5W;0;;
4965;10295;38023535;10295;4965.38023535;CATEGORIA0;;1;1;0;1;;FAROL DIREITO ELETRICO H4+PY21W+W5W;FAROL DIREITO ELETRICO H4+PY21W+W5W;0;;
4965;10295;38023536;10295;4965.38023536;CATEGORIA0;;1;1;0;1;;FAROL DIREITO COM NEVOEIRO ELETRICO CROMADO H1+H7+H7+PY21W+W;FAROL DIREITO COM NEVOEIRO ELETRICO CROMADO H1+H7+H7+PY21W+W;0;;
4965;10295;38023540;10295;4965.38023540;CATEGORIA0;;1;1;0;1;;FAROL DIREITO MANUAL/ELETRICO H4+W5W;FAROL DIREITO MANUAL/ELETRICO H4+W5W;0;;
4965;10295;38023541;10295;4965.38023541;CATEGORIA0;;1;1;0;1;;FAROL DIREITO ELETRICO H4+PY21W+W5W;FAROL DIREITO ELETRICO H4+PY21W+W5W;0;;
4965;10295;38023542;10295;4965.38023542;CATEGORIA0;;1;1;0;1;;FAROL DIREITO ELETRICO H7+H7+PY21W+W5W;FAROL DIREITO ELETRICO H7+H7+PY21W+W5W;0;;
4965;10295;38023543;10295;4965.38023543;CATEGORIA0;;1;1;0;1;;FAROL DIREITO ELETRICO H7+H7+PY21W+W5W;FAROL DIREITO ELETRICO H7+H7+PY21W+W5W;0;;
4965;10295;38023552;10295;4965.38023552;CATEGORIA0;;1;1;0;1;;FAROL DIREITO ELETRICO COM MOTORH1+H7+PY21W+W5W FRISO CROMAD;FAROL DIREITO ELETRICO COM MOTORH1+H7+PY21W+W5W FRISO CROMAD;0;;
4965;10295;38023556;10295;4965.38023556;CATEGORIA0;;1;1;0;1;;FAROL DIREITO ELETRICO COM MOTORH4+PY21W+W5W TIPO V 2012->;FAROL DIREITO ELETRICO COM MOTORH4+PY21W+W5W TIPO V 2012->;0;;
4965;10295;38023558;10295;4965.38023558;CATEGORIA0;;1;1;0;1;;FAROL DIREITO ELETRICO COM MOTOR/BASE PRETA H4;FAROL DIREITO ELETRICO COM MOTOR/BASE PRETA H4;0;;
4965;10295;38023570;10295;4965.38023570;CATEGORIA0;;1;1;0;1;;FAROL DTO.;FAROL DTO.;0;;
4965;10295;38024017;10295;4965.38024017;CATEGORIA0;;1;1;0;1;;FAROL DIREITO MANUAL LÂMPADA ASSIMETRICA H4;FAROL DIREITO MANUAL LÂMPADA ASSIMETRICA H4;0;;
4965;10295;38024022;10295;4965.38024022;CATEGORIA0;;1;1;0;1;;FAROL DIREITO MANUAL H4+W5W;FAROL DIREITO MANUAL H4+W5W;0;;
4965;10295;38024023;10295;4965.38024023;CATEGORIA0;;1;1;0;1;;FAROL DIREITO MANUAL H4+W5W;FAROL DIREITO MANUAL H4+W5W;0;;
4965;10295;38024026;10295;4965.38024026;CATEGORIA0;;1;1;0;1;;FAROL DIREITO ELETRICO H1+H7+W5W;FAROL DIREITO ELETRICO H1+H7+W5W;0;;
4965;10295;38024027;10295;4965.38024027;CATEGORIA0;;1;1;0;1;;FAROL DIREITO ELETRICO H1+H1+H1+PY21W+W5W TIPO V;FAROL DIREITO ELETRICO H1+H1+H1+PY21W+W5W TIPO V;0;;
4965;10295;38024032;10295;4965.38024032;CATEGORIA0;;1;1;0;1;;FAROL DIREITO ELETRICO H1+H7+PY21W+W5W TIPO HE;FAROL DIREITO ELETRICO H1+H7+PY21W+W5W TIPO HE;0;;
4965;10295;38024033;10295;4965.38024033;CATEGORIA0;;1;1;0;1;;LUZ DIREITA ELÉTRICA BASE CROMADA H4+PY21W+W5W TIPO K;LUZ DIREITA ELÉTRICA BASE CROMADA H4+PY21W+W5W TIPO K;0;;
4965;10295;38024051;10295;4965.38024051;CATEGORIA0;;1;1;0;1;;FAROL DIREITO MANUAL H4+W5W ->1992;FAROL DIREITO MANUAL H4+W5W ->1992;0;;
4965;10295;38024052;10295;4965.38024052;CATEGORIA0;;1;1;0;1;;FAROL DTO.;FAROL DTO.;0;;
4965;10295;38024058;10295;4965.38024058;CATEGORIA0;;1;1;0;1;;FAROL DIREITO ELETRICO BASE PRETA H1+H7+PY21W+W5W;FAROL DIREITO ELETRICO BASE PRETA H1+H7+PY21W+W5W;0;;
4965;10295;38024059;10295;4965.38024059;CATEGORIA0;;1;1;0;1;;FAROL DIREITO ELETRICO H7+H7+PY21W+W5W;FAROL DIREITO ELETRICO H7+H7+PY21W+W5W;0;;
4965;10295;38024061;10295;4965.38024061;CATEGORIA0;;1;1;0;1;;FAROL DIREITO ELETRICO H1+H7+PY21W+W5W;FAROL DIREITO ELETRICO H1+H7+PY21W+W5W;0;;
4965;10295;38024069;10295;4965.38024069;CATEGORIA0;;1;1;0;1;;FAROL DIREITO ELETRICO COM MOTOR/BASE CROMADA H7+H7+P21W+PY2;FAROL DIREITO ELETRICO COM MOTOR/BASE CROMADA H7+H7+P21W+PY2;0;;
4965;10295;38024071;10295;4965.38024071;CATEGORIA0;;1;1;0;1;;FAROL DIREITO MANUAL H4+W5W;FAROL DIREITO MANUAL H4+W5W;0;;
4965;10295;38024074;10295;4965.38024074;CATEGORIA0;;1;1;0;1;;FAROL DIREITO ELETRICO H4+W5W;FAROL DIREITO ELETRICO H4+W5W;0;;
4965;10295;38024075;10295;4965.38024075;CATEGORIA0;;1;1;0;1;;FAROL DIREITO MANUAL H4+W5W ->1996;FAROL DIREITO MANUAL H4+W5W ->1996;0;;
4965;10295;38024076;10295;4965.38024076;CATEGORIA0;;1;1;0;1;;FAROL DIREITO MANUAL/ELETRICO H4+PY21W+W5W;FAROL DIREITO MANUAL/ELETRICO H4+PY21W+W5W;0;;
4965;10295;38024077;10295;4965.38024077;CATEGORIA0;;1;1;0;1;;FAROL DIREITO ELETRICO H7+HB3+PY21W+W5W TIPO V;FAROL DIREITO ELETRICO H7+HB3+PY21W+W5W TIPO V;0;;
4965;10295;38024078;10295;4965.38024078;CATEGORIA0;;1;1;0;1;;FAROL DIREITO MANUAL H1+H1+W5W;FAROL DIREITO MANUAL H1+H1+W5W;0;;
4965;10295;38024079;10295;4965.38024079;CATEGORIA0;;1;1;0;1;;FAROL DIREITO ELETRICO H7+H7+PY21W+W5W;FAROL DIREITO ELETRICO H7+H7+PY21W+W5W;0;;
4965;10295;38024081;10295;4965.38024081;CATEGORIA0;;1;1;0;1;;FAROL DIREITO ELETRICO H4+PY21W+W5W;FAROL DIREITO ELETRICO H4+PY21W+W5W;0;;
4965;10295;38024083;10295;4965.38024083;CATEGORIA0;;1;1;0;1;;FAROL DIREITO ELETRICO H4+PY21W+W5W;FAROL DIREITO ELETRICO H4+PY21W+W5W;0;;
4965;10295;38024084;10295;4965.38024084;CATEGORIA0;;1;1;0;1;;FAROL DIREITO ELETRICO PY21W+W5WBASE PRETA;FAROL DIREITO ELETRICO PY21W+W5WBASE PRETA;0;;
4965;10295;38024085;10295;4965.38024085;CATEGORIA0;;1;1;0;1;;FAROL DIREITO ELETRICO H4+W5W;FAROL DIREITO ELETRICO H4+W5W;0;;
4965;10295;38024087;10295;4965.38024087;CATEGORIA0;;1;1;0;1;;FAROL DIREITO ELETRICO H4+PY21W+W5W;FAROL DIREITO ELETRICO H4+PY21W+W5W;0;;
4965;10295;38024088;10295;4965.38024088;CATEGORIA0;;1;1;0;1;;FAROL DIREITO ELETRICO BASE CROMADA H1+H7+PY21W+W5W;FAROL DIREITO ELETRICO BASE CROMADA H1+H7+PY21W+W5W;0;;
4965;10295;38024090;10295;4965.38024090;CATEGORIA0;;1;1;0;1;;FAROL DIREITO ELETRICO H4+P21W+W5W;FAROL DIREITO ELETRICO H4+P21W+W5W;0;;
4965;10295;38024091;10295;4965.38024091;CATEGORIA0;;1;1;0;1;;FAROL DIREITO ELETRICO H7+D2S+PY21W+W5W 2005->;FAROL DIREITO ELETRICO H7+D2S+PY21W+W5W 2005->;0;;
4965;10295;38024092;10295;4965.38024092;CATEGORIA0;;1;1;0;1;;FAROL DIREITO ELETRICO H1+D2S+PY21W+W5W ->2004;FAROL DIREITO ELETRICO H1+D2S+PY21W+W5W ->2004;0;;
4965;10295;38024093;10295;4965.38024093;CATEGORIA0;;1;1;0;1;;FAROL DIREITO ELETRICO ÂMBAR H4+P21W+W5W;FAROL DIREITO ELETRICO ÂMBAR H4+P21W+W5W;0;;
4965;10295;38024098;10295;4965.38024098;CATEGORIA0;;1;1;0;1;;FAROL DIREITO ELETRICO ÂMBAR H4+P21W+W5W;FAROL DIREITO ELETRICO ÂMBAR H4+P21W+W5W;0;;
4965;10295;38024122;10295;4965.38024122;CATEGORIA0;;1;1;0;1;;FAROL DIREITO ELETRICO COM MOTORH7+H7;FAROL DIREITO ELETRICO COM MOTORH7+H7;0;;
4965;10295;38024573;10295;4965.38024573;CATEGORIA0;;1;1;0;1;;FAROL DIREITO ELETRICO H1+H7+PY21W+W5W;FAROL DIREITO ELETRICO H1+H7+PY21W+W5W;0;;
4965;10295;38024574;10295;4965.38024574;CATEGORIA0;;1;1;0;1;;FAROL DIREITO ELETRICO H3+H7+PY21W+W5W;FAROL DIREITO ELETRICO H3+H7+PY21W+W5W;0;;
4965;10295;38024575;10295;4965.38024575;CATEGORIA0;;1;1;0;1;;FAROL DIREITO MANUAL/ELETRICO H1+H1+W5W ->1995;FAROL DIREITO MANUAL/ELETRICO H1+H1+W5W ->1995;0;;
4965;10295;38024577;10295;4965.38024577;CATEGORIA0;;1;1;0;1;;FAROL DIREITO ELETRICO H1+H7+PY21W+W5W;FAROL DIREITO ELETRICO H1+H7+PY21W+W5W;0;;
4965;10295;38024582;10295;4965.38024582;CATEGORIA0;;1;1;0;1;;FAROL DIREITO ELETRICO H4+W5W;FAROL DIREITO ELETRICO H4+W5W;0;;
4965;10295;38024585;10295;4965.38024585;CATEGORIA0;;1;1;0;1;;FAROL DIREITO ELETRICO BASE PRETA H1+H7+PY21W+W5W 2009->;FAROL DIREITO ELETRICO BASE PRETA H1+H7+PY21W+W5W 2009->;0;;
4965;10295;38024594;10295;4965.38024594;CATEGORIA0;;1;1;0;1;;FAROL DIREITO ELETRICO BASE PRETA H4+PY21W+W5W TIPO V;FAROL DIREITO ELETRICO BASE PRETA H4+PY21W+W5W TIPO V;0;;
4965;10295;38024620;10295;4965.38024620;CATEGORIA0;;1;1;0;1;;FAROL DIREITO MANUAL H4+P21W+W5W;FAROL DIREITO MANUAL H4+P21W+W5W;0;;
4965;10295;38024628;10295;4965.38024628;CATEGORIA0;;1;1;0;1;;FAROL DIREITO ELETRICO 5 PORTASH7+HB3+W5W+WY21W 2.0;FAROL DIREITO ELETRICO 5 PORTASH7+HB3+W5W+WY21W 2.0;0;;
4965;10295;38024632;10295;4965.38024632;CATEGORIA0;;1;1;0;1;;FAROL DIREITO ELETRICO BASE CROMADA H4+W5W+WY21W;FAROL DIREITO ELETRICO BASE CROMADA H4+W5W+WY21W;0;;
4965;10295;38024704;10295;4965.38024704;CATEGORIA0;;1;1;0;1;;FAROL DIREITO ELETRICO COM MOTORH7+PY21W+W5W;FAROL DIREITO ELETRICO COM MOTORH7+PY21W+W5W;0;;
4965;10295;38024706;10295;4965.38024706;CATEGORIA0;;1;1;0;1;;FAROL DIREITO ELETRICO COM MOTORH4;FAROL DIREITO ELETRICO COM MOTORH4;0;;
4965;10295;38024710;10295;4965.38024710;CATEGORIA0;;1;1;0;1;;FAROL DIREITO ELETRICO H4+W5W;FAROL DIREITO ELETRICO H4+W5W;0;;
4965;10295;38024711;10295;4965.38024711;CATEGORIA0;;1;1;0;1;;FAROL DIREITO ELETRICO H4+W5W;FAROL DIREITO ELETRICO H4+W5W;0;;
4965;10295;38024717;10295;4965.38024717;CATEGORIA0;;1;1;0;1;;FAROL DIREITO ELETRICO COM MOTORH1+H7+PY21W+W5W PARABOLA;FAROL DIREITO ELETRICO COM MOTORH1+H7+PY21W+W5W PARABOLA;0;;
4965;10295;38024719;10295;4965.38024719;CATEGORIA0;;1;1;0;1;;FAROL DIREITO ELETRICO COM MOTOR/BASE PRETA H1+H7+PY21W+W5W;FAROL DIREITO ELETRICO COM MOTOR/BASE PRETA H1+H7+PY21W+W5W;0;;
4965;10295;38025101;10295;4965.38025101;CATEGORIA0;;1;1;0;1;;FAROL DIREITO ELETRICO H4+PY21W+W5W QUADRO CINZENTO TIPO K;FAROL DIREITO ELETRICO H4+PY21W+W5W QUADRO CINZENTO TIPO K;0;;
4965;10295;38025110;10295;4965.38025110;CATEGORIA0;;1;1;0;1;;FAROL DIREITO ELETRICO H4+W5W;FAROL DIREITO ELETRICO H4+W5W;0;;
4965;10295;38025112;10295;4965.38025112;CATEGORIA0;;1;1;0;1;;FAROL DIREITO ELETRICO H7+HB3+PY21W+W5W TIPO K 4 PORTAS;FAROL DIREITO ELETRICO H7+HB3+PY21W+W5W TIPO K 4 PORTAS;0;;
4965;10295;38025113;10295;4965.38025113;CATEGORIA0;;1;1;0;1;;FAROL DIREITO ELETRICO H7+H7+PY21W+W5W TIPO V 3 PORTAS;FAROL DIREITO ELETRICO H7+H7+PY21W+W5W TIPO V 3 PORTAS;0;;
4965;10295;38025132;10295;4965.38025132;CATEGORIA0;;1;1;0;1;;FAROL DIREITO MANUAL H4 ->1999;FAROL DIREITO MANUAL H4 ->1999;0;;
4965;10295;38025133;10295;4965.38025133;CATEGORIA0;;1;1;0;1;;FAROL DIREITO ELETRICO H11+HB3+W5W+WY21W;FAROL DIREITO ELETRICO H11+HB3+W5W+WY21W;0;;
4965;10295;38025139;10295;4965.38025139;CATEGORIA0;;1;1;0;1;;FAROL DIREITO ELETRICO BASE CROMADA HB3+D4S+PY21W+W5W TIPO V;FAROL DIREITO ELETRICO BASE CROMADA HB3+D4S+PY21W+W5W TIPO V;0;;
4965;10295;38025155;10295;4965.38025155;CATEGORIA0;;1;1;0;1;;FAROL DIREITO ELETRICO H7+H7+W5W;FAROL DIREITO ELETRICO H7+H7+W5W;0;;
4965;10295;38025156;10295;4965.38025156;CATEGORIA0;;1;1;0;1;;FAROL DIREITO LED ELETRICO H9+H11+W21/5W+WY21W TIPO K 11/201;FAROL DIREITO LED ELETRICO H9+H11+W21/5W+WY21W TIPO K 11/201;0;;
4965;10295;38025170;10295;4965.38025170;CATEGORIA0;;1;1;0;1;;FAROL DIREITO ELETRICO COM MOTORH4+P21W+W5W TIPO IC;FAROL DIREITO ELETRICO COM MOTORH4+P21W+W5W TIPO IC;0;;
4965;10295;38025173;10295;4965.38025173;CATEGORIA0;;1;1;0;1;;FAROL DIREITO ELETRICO COM MOTORH4+W5W+WY21W TIPO IC;FAROL DIREITO ELETRICO COM MOTORH4+W5W+WY21W TIPO IC;0;;
4965;10295;38025184;10295;4965.38025184;CATEGORIA0;;1;1;0;1;;FAROL DIREITO MANUAL/ELETRICO BASE CROMADA/CON FAROLIM ÂMBAR;FAROL DIREITO MANUAL/ELETRICO BASE CROMADA/CON FAROLIM ÂMBAR;0;;
4965;10295;38025505;10295;4965.38025505;CATEGORIA0;;1;1;0;1;;FAROL DIREITO ELETRICO COM MOTORH1+H1+W5W;FAROL DIREITO ELETRICO COM MOTORH1+H1+W5W;0;;
4965;10295;38025512;10295;4965.38025512;CATEGORIA0;;1;1;0;1;;FAROL DIREITO FAROL DE CARRETERA MANUAL H3 1983->1991;FAROL DIREITO FAROL DE CARRETERA MANUAL H3 1983->1991;0;;
4965;10295;38025517;10295;4965.38025517;CATEGORIA0;;1;1;0;1;;FAROL DIREITO MANUAL/ELETRICO H4+W5W;FAROL DIREITO MANUAL/ELETRICO H4+W5W;0;;
4965;10295;38025518;10295;4965.38025518;CATEGORIA0;;1;1;0;1;;FAROL DIREITO MANUAL/ELETRICO H1+H1;FAROL DIREITO MANUAL/ELETRICO H1+H1;0;;
4965;10295;38025519;10295;4965.38025519;CATEGORIA0;;1;1;0;1;;FAROL DIREITO MANUAL/ELETRICO H1+H7+W5W;FAROL DIREITO MANUAL/ELETRICO H1+H7+W5W;0;;
4965;10295;38025522;10295;4965.38025522;CATEGORIA0;;1;1;0;1;;FAROL DIREITO MANUAL H4+W5W;FAROL DIREITO MANUAL H4+W5W;0;;
4965;10295;38025526;10295;4965.38025526;CATEGORIA0;;1;1;0;1;;FAROL DIREITO MANUAL H4;FAROL DIREITO MANUAL H4;0;;
4965;10295;38025527;10295;4965.38025527;CATEGORIA0;;1;1;0;1;;FAROL DIREITO MANUAL/ELETRICO H4+W5W;FAROL DIREITO MANUAL/ELETRICO H4+W5W;0;;
4965;10295;38025529;10295;4965.38025529;CATEGORIA0;;1;1;0;1;;FAROL DIREITO ELETRICO H1+H7+PY21W+W5W;FAROL DIREITO ELETRICO H1+H7+PY21W+W5W;0;;
4965;10295;38025531;10295;4965.38025531;CATEGORIA0;;1;1;0;1;;FAROL DIREITO MANUAL H4+W5W;FAROL DIREITO MANUAL H4+W5W;0;;
4965;10295;38025535;10295;4965.38025535;CATEGORIA0;;1;1;0;1;;FAROL DIREITO ELETRICO COM MOTORH1+H7+PY21W+W5W BASE CROMADA;FAROL DIREITO ELETRICO COM MOTORH1+H7+PY21W+W5W BASE CROMADA;0;;
4965;10295;38025539;10295;4965.38025539;CATEGORIA0;;1;1;0;1;;FAROL DIREITO ELETRICO COM MOTOR/BASE PRETA H7+H7+PY21W+W5W;FAROL DIREITO ELETRICO COM MOTOR/BASE PRETA H7+H7+PY21W+W5W;0;;
4965;10295;38025542;10295;4965.38025542;CATEGORIA0;;1;1;0;1;;FAROL DIREITO ELETRICO H4+W5W;FAROL DIREITO ELETRICO H4+W5W;0;;
4965;10295;38025543;10295;4965.38025543;CATEGORIA0;;1;1;0;1;;FAROL DIREITO ELETRICO COM MOTOR H4+P21W+PY21W+W5W;FAROL DIREITO ELETRICO COM MOTOR H4+P21W+PY21W+W5W;0;;
4965;10295;38025546;10295;4965.38025546;CATEGORIA0;;1;1;0;1;;FAROL DIREITO COM NEVOEIRO ELETRICO H3+H4+PY21W+W5W;FAROL DIREITO COM NEVOEIRO ELETRICO H3+H4+PY21W+W5W;0;;
4965;10295;38025548;10295;4965.38025548;CATEGORIA0;;1;1;0;1;;FAROL DIREITO ELETRICO H1+H7+W5WTIPO HE;FAROL DIREITO ELETRICO H1+H7+W5WTIPO HE;0;;
4965;10295;38025550;10295;4965.38025550;CATEGORIA0;;1;1;0;1;;FAROL DIREITO ELETRICO H1+H7+PY21W+W5W;FAROL DIREITO ELETRICO H1+H7+PY21W+W5W;0;;
4965;10295;38025551;10295;4965.38025551;CATEGORIA0;;1;1;0;1;;FAROL DIREITO MANUAL/ELETRICO COM MOTOR/CINZENTO H7+H7+PY21W;FAROL DIREITO MANUAL/ELETRICO COM MOTOR/CINZENTO H7+H7+PY21W;0;;
4965;10295;38025562;10295;4965.38025562;CATEGORIA0;;1;1;0;1;;FAROL DIREITO ELETRICO COM MOTORH7+H7+W5W TIPO V;FAROL DIREITO ELETRICO COM MOTORH7+H7+W5W TIPO V;0;;
4965;10295;38025563;10295;4965.38025563;CATEGORIA0;;1;1;0;1;;FAROL DIREITO ELETRICO COM MOTORH7+H7+H7+W5W;FAROL DIREITO ELETRICO COM MOTORH7+H7+H7+W5W;0;;
4965;10295;38025565;10295;4965.38025565;CATEGORIA0;;1;1;0;1;;FAROL DIREITO ELETRICO H7+H9+PY21W+W5W 2007->2010;FAROL DIREITO ELETRICO H7+H9+PY21W+W5W 2007->2010;0;;
4965;10295;38025569;10295;4965.38025569;CATEGORIA0;;1;1;0;1;;FAROL DIREITO ELETRICO COM MOTOR/BASE PRETA H7+H7;FAROL DIREITO ELETRICO COM MOTOR/BASE PRETA H7+H7;0;;
4965;10295;38025570;10295;4965.38025570;CATEGORIA0;;1;1;0;1;;FAROL DIREITO ELETRICO BASE PRETA H7+H7;FAROL DIREITO ELETRICO BASE PRETA H7+H7;0;;
4965;10295;38025575;10295;4965.38025575;CATEGORIA0;;1;1;0;1;;FAROL DIREITO ELETRICO H4+PY21W+W5W TIPO V;FAROL DIREITO ELETRICO H4+PY21W+W5W TIPO V;0;;
4965;10295;38026025;10295;4965.38026025;CATEGORIA0;;1;1;0;1;;FAROL DIREITO MANUAL/ELETRICO H4->1998;FAROL DIREITO MANUAL/ELETRICO H4->1998;0;;
4965;10295;38026026;10295;4965.38026026;CATEGORIA0;;1;1;0;1;;FAROL DIREITO MANUAL/ELETRICO H7+H7+W5W/4 PINS;FAROL DIREITO MANUAL/ELETRICO H7+H7+W5W/4 PINS;0;;
4965;10295;38026027;10295;4965.38026027;CATEGORIA0;;1;1;0;1;;FAROL DIREITO ELETRICO BASE PRETA HB3+D2S+PY21W+W5W;FAROL DIREITO ELETRICO BASE PRETA HB3+D2S+PY21W+W5W;0;;
4965;10295;38026032;10295;4965.38026032;CATEGORIA0;;1;1;0;1;;FAROL DIREITO ELETRICO H7+H7+W5W;FAROL DIREITO ELETRICO H7+H7+W5W;0;;
4965;10295;38026035;10295;4965.38026035;CATEGORIA0;;1;1;0;1;;FAROL DIREITO ELETRICO H7+HB3+PY21W+W5W;FAROL DIREITO ELETRICO H7+HB3+PY21W+W5W;0;;
4965;10295;38026041;10295;4965.38026041;CATEGORIA0;;1;1;0;1;;FAROL DIREITO LED ELETRICO COM MOTOR H7+H9+H21W+W5W TIPO Z;FAROL DIREITO LED ELETRICO COM MOTOR H7+H9+H21W+W5W TIPO Z;0;;
4965;10295;38084019;10295;4965.38084019;CATEGORIA0;;1;1;0;1;;FAROL REVERSIVEL MANUAL H4+W5W;FAROL REVERSIVEL MANUAL H4+W5W;0;;
4965;10295;38085510;10295;4965.38085510;CATEGORIA0;;1;1;0;1;;OPTICA REVERSIBLE H4 MANUAL COM FAROL ALTO;OPTICA REVERSIBLE H4 MANUAL COM FAROL ALTO;0;;
4965;10295;38110423;10295;4965.38110423;CATEGORIA0;;1;1;0;1;;FAROL ESQUERDO ELETRICO H1+H1;FAROL ESQUERDO ELETRICO H1+H1;0;;
4965;10295;38110428;10295;4965.38110428;CATEGORIA0;;1;1;0;1;;FAROL ESQUERDO COM NEVOEIRO MANUAL/ELETRICO H4+H7+W5W ->09/2;FAROL ESQUERDO COM NEVOEIRO MANUAL/ELETRICO H4+H7+W5W ->09/2;0;;
4965;10295;38110433;10295;4965.38110433;CATEGORIA0;;1;1;0;1;;FAROL ESQUERDO ELETRICO COM MOTOR/CON FAROLIM ÂMBAR D1S+W5W+;FAROL ESQUERDO ELETRICO COM MOTOR/CON FAROLIM ÂMBAR D1S+W5W+;0;;
4965;10295;38110434;10295;4965.38110434;CATEGORIA0;;1;1;0;1;;FAROL ESQUERDO AFS LED/ELETRICOCOM MOTOR/BASE PRETA D3S+PSY2;FAROL ESQUERDO AFS LED/ELETRICOCOM MOTOR/BASE PRETA D3S+PSY2;0;;
4965;10295;38110440;10295;4965.38110440;CATEGORIA0;;1;1;0;1;;FAROL ESQUERDO ELETRICO H7+D2S+PY21W+W5W ->2000;FAROL ESQUERDO ELETRICO H7+D2S+PY21W+W5W ->2000;0;;
4965;10295;38110529;10295;4965.38110529;CATEGORIA0;;1;1;0;1;;FAROL ESQUERDO FAROL DE CRUCE MANUAL H1;FAROL ESQUERDO FAROL DE CRUCE MANUAL H1;0;;
4965;10295;38110541;10295;4965.38110541;CATEGORIA0;;1;1;0;1;;FAROL ESQUERDO H7+H7 ELETRICO FAROLIM BRANCO BASE CROMADA CO;FAROL ESQUERDO H7+H7 ELETRICO FAROLIM BRANCO BASE CROMADA CO;0;;
4965;10295;38110561;10295;4965.38110561;CATEGORIA0;;1;1;0;1;;FAROL ESQUERDO ELETRICO H7+H7+PY21W+W5W;FAROL ESQUERDO ELETRICO H7+H7+PY21W+W5W;0;;
4965;10295;38111211;10295;4965.38111211;CATEGORIA0;;1;1;0;1;;FAROL ESQUERDO MANUAL LÂMPADA ASSIMETRICA H4;FAROL ESQUERDO MANUAL LÂMPADA ASSIMETRICA H4;0;;
4965;10295;38111220;10295;4965.38111220;CATEGORIA0;;1;1;0;1;;FAROL ESQUERDO MANUAL/ELETRICO H1;FAROL ESQUERDO MANUAL/ELETRICO H1;0;;
4965;10295;38111221;10295;4965.38111221;CATEGORIA0;;1;1;0;1;;FAROL ESQUERDO ELETRICO H1+H1+P21W+W5W 2002->;FAROL ESQUERDO ELETRICO H1+H1+P21W+W5W 2002->;0;;
4965;10295;38111224;10295;4965.38111224;CATEGORIA0;;1;1;0;1;;FAROL ESQUERDO COM NEVOEIRO ELETRICO 3 PORTAS H1+H7+H1+W5WX2;FAROL ESQUERDO COM NEVOEIRO ELETRICO 3 PORTAS H1+H7+H1+W5WX2;0;;
4965;10295;38111255;10295;4965.38111255;CATEGORIA0;;1;1;0;1;;FAROL ESQUERDO COM NEVOEIRO ELETRICO BRANCO H7+H1+H1;FAROL ESQUERDO COM NEVOEIRO ELETRICO BRANCO H7+H1+H1;0;;
4965;10295;38111505;10295;4965.38111505;CATEGORIA0;;1;1;0;1;;FAROL ESQUERDO MANUAL/ELETRICO H1+H7+PY21W+W5W;FAROL ESQUERDO MANUAL/ELETRICO H1+H7+PY21W+W5W;0;;
4965;10295;38111525;10295;4965.38111525;CATEGORIA0;;1;1;0;1;;FAROL ESQUERDO ELETRICO COM MOTOR H7+H7+H21W TIPO HE 2012->2;FAROL ESQUERDO ELETRICO COM MOTOR H7+H7+H21W TIPO HE 2012->2;0;;
4965;10295;38111526;10295;4965.38111526;CATEGORIA0;;1;1;0;1;;FAROL ESQUERDO LED ELETRICO COM MOTOR H7+H1+D3S TIPO V;FAROL ESQUERDO LED ELETRICO COM MOTOR H7+H1+D3S TIPO V;0;;
4965;10295;38111546;10295;4965.38111546;CATEGORIA0;;1;1;0;1;;FAROL ESQUERDO ELETRICO H1+H7+PY21W+W5W TIPO A;FAROL ESQUERDO ELETRICO H1+H7+PY21W+W5W TIPO A;0;;
4965;10295;38111562;10295;4965.38111562;CATEGORIA0;;1;1;0;1;;FAROL ESQUERDO ELETRICO BASE PRETA H1+H7+PY21W+W5W;FAROL ESQUERDO ELETRICO BASE PRETA H1+H7+PY21W+W5W;0;;
4965;10295;38111563;10295;4965.38111563;CATEGORIA0;;1;1;0;1;;FAROL ESQUERDO ELETRICO COM MOTOR/BASE CROMADA H1+D1S+PY21W+;FAROL ESQUERDO ELETRICO COM MOTOR/BASE CROMADA H1+D1S+PY21W+;0;;
4965;10295;38111564;10295;4965.38111564;CATEGORIA0;;1;1;0;1;;FAROL ESQUERDO LED ELETRICO COM MOTOR H1+D3S+PY21W TIPOVISTE;FAROL ESQUERDO LED ELETRICO COM MOTOR H1+D3S+PY21W TIPOVISTE;0;;
4965;10295;38111612;10295;4965.38111612;CATEGORIA0;;1;1;0;1;;FAROL ESQUERDO ELETRICO H4+PY21W+W5W TIPO V 4 PORTAS;FAROL ESQUERDO ELETRICO H4+PY21W+W5W TIPO V 4 PORTAS;0;;
4965;10295;38111635;10295;4965.38111635;CATEGORIA0;;1;1;0;1;;FAROL ESQUERDO ELETRICO H4+PY21W+W5W;FAROL ESQUERDO ELETRICO H4+PY21W+W5W;0;;
4965;10295;38111640;10295;4965.38111640;CATEGORIA0;;1;1;0;1;;FAROL ESQUERDO ELETRICO H4+PY21W+W5W FAROL POSIÇÕ;FAROL ESQUERDO ELETRICO H4+PY21W+W5W FAROL POSIÇÕ;0;;
4965;10295;38111672;10295;4965.38111672;CATEGORIA0;;1;1;0;1;;FAROL ESQUERDO ELETRICO BASE PRETA H1+H7+PY21W+W5W;FAROL ESQUERDO ELETRICO BASE PRETA H1+H7+PY21W+W5W;0;;
4965;10295;38111850;10295;4965.38111850;CATEGORIA0;;1;1;0;1;;FAROL ESQUERDO ELETRICO H4+PY21W+W5W 5 PORTAS;FAROL ESQUERDO ELETRICO H4+PY21W+W5W 5 PORTAS;0;;
4965;10295;38111969;10295;4965.38111969;CATEGORIA0;;1;1;0;1;;FAROL ESQUERDO COM NEVOEIRO ELETRICO COM MOTOR/PRETO H1+H3+H;FAROL ESQUERDO COM NEVOEIRO ELETRICO COM MOTOR/PRETO H1+H3+H;0;;
4965;10295;38111972;10295;4965.38111972;CATEGORIA0;;1;1;0;1;;FAROL ESQUERDO ELETRICO COM MOTOR/BASE CROMADA H7+HB3+PY21W+;FAROL ESQUERDO ELETRICO COM MOTOR/BASE CROMADA H7+HB3+PY21W+;0;;
4965;10295;38112034;10295;4965.38112034;CATEGORIA0;;1;1;0;1;;FAROL ESQUERDO MANUAL/ELETRICO COM MOTOR H7+D1S TIPO HE;FAROL ESQUERDO MANUAL/ELETRICO COM MOTOR H7+D1S TIPO HE;0;;
4965;10295;38112039;10295;4965.38112039;CATEGORIA0;;1;1;0;1;;FAROL ESQUERDA ELETRICA COM NEVOEIRO COM MOTOR H3+H7+H7;FAROL ESQUERDA ELETRICA COM NEVOEIRO COM MOTOR H3+H7+H7;0;;
4965;10295;38112040;10295;4965.38112040;CATEGORIA0;;1;1;0;1;;FAROL ESQUERDO ELETRICO PNEUMATICO H4+H7+H4+PY21W+W5W 2002->;FAROL ESQUERDO ELETRICO PNEUMATICO H4+H7+H4+PY21W+W5W 2002->;0;;
4965;10295;38112041;10295;4965.38112041;CATEGORIA0;;1;1;0;1;;FAROL ESQUERDO PNEUMATICO COM MOTOR H7+H7 COM PROJETOR;FAROL ESQUERDO PNEUMATICO COM MOTOR H7+H7 COM PROJETOR;0;;
4965;10295;38112055;10295;4965.38112055;CATEGORIA0;;1;1;0;1;;FAROL ESQUERDO ELETRICO H7+D1S;FAROL ESQUERDO ELETRICO H7+D1S;0;;
4965;10295;38112151;10295;4965.38112151;CATEGORIA0;;1;1;0;1;;FAROL ESQUERDO MANUAL LÂMPADA H4CABINA SIMPLE;FAROL ESQUERDO MANUAL LÂMPADA H4CABINA SIMPLE;0;;
4965;10295;38112161;10295;4965.38112161;CATEGORIA0;;1;1;0;1;;FAROL ESQUERDO ELETRICO H9+H11+W5W+WY21W;FAROL ESQUERDO ELETRICO H9+H11+W5W+WY21W;0;;
4965;10295;38112618;10295;4965.38112618;CATEGORIA0;;1;1;0;1;;FAROL ESQUERDO ELETRICO H1+H1+W5W;FAROL ESQUERDO ELETRICO H1+H1+W5W;0;;
4965;10295;38112621;10295;4965.38112621;CATEGORIA0;;1;1;0;1;;FAROL ESQUERDO ELETRICO H4+PY21W+W5W;FAROL ESQUERDO ELETRICO H4+PY21W+W5W;0;;
4965;10295;38112625;10295;4965.38112625;CATEGORIA0;;1;1;0;1;;FAROL ESQUERDO ELETRICO H4+W5W;FAROL ESQUERDO ELETRICO H4+W5W;0;;
4965;10295;38113032;10295;4965.38113032;CATEGORIA0;;1;1;0;1;;FAROL ESQUERDO ELETRICO H4;FAROL ESQUERDO ELETRICO H4;0;;
4965;10295;38113037;10295;4965.38113037;CATEGORIA0;;1;1;0;1;;FAROL ESQUERDO ELETRICO H1+H7+W5W TIPO V;FAROL ESQUERDO ELETRICO H1+H7+W5W TIPO V;0;;
4965;10295;38113040;10295;4965.38113040;CATEGORIA0;;1;1;0;1;;FAROL ESQUERDO ELETRICO H4+P21W+W5W 1993->;FAROL ESQUERDO ELETRICO H4+P21W+W5W 1993->;0;;
4965;10295;38113080;10295;4965.38113080;CATEGORIA0;;1;1;0;1;;FAROL ESQUERDO ELETRICO H7+D2S+PY21W+W5W;FAROL ESQUERDO ELETRICO H7+D2S+PY21W+W5W;0;;
4965;10295;38113081;10295;4965.38113081;CATEGORIA0;;1;1;0;1;;FAROL ESQUERDO ELETRICO BASE PRETA H1+H7+PY21W+W5W;FAROL ESQUERDO ELETRICO BASE PRETA H1+H7+PY21W+W5W;0;;
4965;10295;38113513;10295;4965.38113513;CATEGORIA0;;1;1;0;1;;FAROL ESQUERDO LED ELETRICO H7+H7+WY21W TIPO A;FAROL ESQUERDO LED ELETRICO H7+H7+WY21W TIPO A;0;;
4965;10295;38113536;10295;4965.38113536;CATEGORIA0;;1;1;0;1;;FAROL ESQUERDO ELETRICO COM MOTOR/BASE PRETA H7+H1+H7+PY21W+;FAROL ESQUERDO ELETRICO COM MOTOR/BASE PRETA H7+H1+H7+PY21W+;0;;
4965;10295;38114029;10295;4965.38114029;CATEGORIA0;;1;1;0;1;;FAROL ESQUERDO ELETRICO BASE PRETA H4+PY21W+P21/5W;FAROL ESQUERDO ELETRICO BASE PRETA H4+PY21W+P21/5W;0;;
4965;10295;38114059;10295;4965.38114059;CATEGORIA0;;1;1;0;1;;FAROL ESQUERDO ELETRICO BASE PRETA H7+H7+D2S+PY21W+W5W;FAROL ESQUERDO ELETRICO BASE PRETA H7+H7+D2S+PY21W+W5W;0;;
4965;10295;38114060;10295;4965.38114060;CATEGORIA0;;1;1;0;1;;FAROL ESQUERDO ELETRICO H7+H7+PY21W+W5W;FAROL ESQUERDO ELETRICO H7+H7+PY21W+W5W;0;;
4965;10295;38114069;10295;4965.38114069;CATEGORIA0;;1;1;0;1;;FAROL ESQUERDO ELETRICO COM MOTOR/BASE CROMADA H7+H7+PY21W+W;FAROL ESQUERDO ELETRICO COM MOTOR/BASE CROMADA H7+H7+PY21W+W;0;;
4965;10295;38114078;10295;4965.38114078;CATEGORIA0;;1;1;0;1;;FAROL ESQUERDO ELETRICO H1+H1+W5W;FAROL ESQUERDO ELETRICO H1+H1+W5W;0;;
4965;10295;38114084;10295;4965.38114084;CATEGORIA0;;1;1;0;1;;FAROL ESQUERDO ELETRICO BASE PRETA H4 2012->;FAROL ESQUERDO ELETRICO BASE PRETA H4 2012->;0;;
4965;10295;38114096;10295;4965.38114096;CATEGORIA0;;1;1;0;1;;FAROL ESQUERDO ELETRICO COM MOTOR H1+H7+PY21W+W5W;FAROL ESQUERDO ELETRICO COM MOTOR H1+H7+PY21W+W5W;0;;
4965;10295;38114567;10295;4965.38114567;CATEGORIA0;;1;1;0;1;;FAROL ESQUERDO MANUAL/ELETRICO H4+W5W;FAROL ESQUERDO MANUAL/ELETRICO H4+W5W;0;;
4965;10295;38114591;10295;4965.38114591;CATEGORIA0;;1;1;0;1;;FAROL ESQUERDO ELETRICO BASE PRETA H7+H7+W5WX2+PY21W TIPO V;FAROL ESQUERDO ELETRICO BASE PRETA H7+H7+W5WX2+PY21W TIPO V;0;;
4965;10295;38114594;10295;4965.38114594;CATEGORIA0;;1;1;0;1;;FAROL ESQUERDO MANUAL/ELETRICO BASE CROMADA H7+H7+PY21W+W5W;FAROL ESQUERDO MANUAL/ELETRICO BASE CROMADA H7+H7+PY21W+W5W;0;;
4965;10295;38114623;10295;4965.38114623;CATEGORIA0;;1;1;0;1;;FAROL ESQUERDO ELETRICO H4+W5W+WY21W;FAROL ESQUERDO ELETRICO H4+W5W+WY21W;0;;
4965;10295;38114715;10295;4965.38114715;CATEGORIA0;;1;1;0;1;;FAROL ESQUERDO MANUAL/ELETRICO H3+H4+W5W;FAROL ESQUERDO MANUAL/ELETRICO H3+H4+W5W;0;;
4965;10295;38114718;10295;4965.38114718;CATEGORIA0;;1;1;0;1;;FAROL ESQUERDO ELETRICO H3+H7+H3+PY21W+W5W;FAROL ESQUERDO ELETRICO H3+H7+H3+PY21W+W5W;0;;
4965;10295;38115139;10295;4965.38115139;CATEGORIA0;;1;1;0;1;;FAROL ESQUERDO ELETRICO BASE PRETA HB3+D4S+PY21W+W5W TIPO V;FAROL ESQUERDO ELETRICO BASE PRETA HB3+D4S+PY21W+W5W TIPO V;0;;
4965;10295;38115171;10295;4965.38115171;CATEGORIA0;;1;1;0;1;;LUZ ESQUERDA MANUAL/ELÉTRICA H4+PY21W+W5W TIPO V 2009->2012;LUZ ESQUERDA MANUAL/ELÉTRICA H4+PY21W+W5W TIPO V 2009->2012;0;;
4965;10295;38115522;10295;4965.38115522;CATEGORIA0;;1;1;0;1;;FAROL ESQUERDO ELETRICO COM MOTOR H4+W5W;FAROL ESQUERDO ELETRICO COM MOTOR H4+W5W;0;;
4965;10295;38115530;10295;4965.38115530;CATEGORIA0;;1;1;0;1;;FAROL ESQUERDO MANUAL/ELETRICO H1+H1+W5W;FAROL ESQUERDO MANUAL/ELETRICO H1+H1+W5W;0;;
4965;10295;38115546;10295;4965.38115546;CATEGORIA0;;1;1;0;1;;FAROL ESQUERDO ELETRICO COM MOTOR H7+D2S+H21W+H6W;FAROL ESQUERDO ELETRICO COM MOTOR H7+D2S+H21W+H6W;0;;
4965;10295;38115551;10295;4965.38115551;CATEGORIA0;;1;1;0;1;;FAROL ESQUERDO ELETRICO COM MOTOR/BASE PRETA H7+H7+PY21W+W5W;FAROL ESQUERDO ELETRICO COM MOTOR/BASE PRETA H7+H7+PY21W+W5W;0;;
4965;10295;38120423;10295;4965.38120423;CATEGORIA0;;1;1;0;1;;FAROL DIREITO ELETRICO H1+H1;FAROL DIREITO ELETRICO H1+H1;0;;
4965;10295;38120428;10295;4965.38120428;CATEGORIA0;;1;1;0;1;;FAROL DIREITO COM NEVOEIRO MANUAL/ELETRICO H4+H7+W5W ->09/20;FAROL DIREITO COM NEVOEIRO MANUAL/ELETRICO H4+H7+W5W ->09/20;0;;
4965;10295;38120433;10295;4965.38120433;CATEGORIA0;;1;1;0;1;;FAROL DIREITO ELETRICO COM MOTOR/CON FAROLIM ÂMBAR D1S+W5W+P;FAROL DIREITO ELETRICO COM MOTOR/CON FAROLIM ÂMBAR D1S+W5W+P;0;;
4965;10295;38120434;10295;4965.38120434;CATEGORIA0;;1;1;0;1;;FAROL DIREITO AFS LED/ELETRICO COM MOTOR/BASE PRETA D3S+PSY2;FAROL DIREITO AFS LED/ELETRICO COM MOTOR/BASE PRETA D3S+PSY2;0;;
4965;10295;38120440;10295;4965.38120440;CATEGORIA0;;1;1;0;1;;FAROL DIREITO ELETRICO H7+D2S+PY21W+W5W ->2000;FAROL DIREITO ELETRICO H7+D2S+PY21W+W5W ->2000;0;;
4965;10295;38120561;10295;4965.38120561;CATEGORIA0;;1;1;0;1;;FAROL DIREITO ELETRICO H7+H7+PY21W+W5W;FAROL DIREITO ELETRICO H7+H7+PY21W+W5W;0;;
4965;10295;38121211;10295;4965.38121211;CATEGORIA0;;1;1;0;1;;FAROL DIREITO MANUAL LÂMPADA ASSIMETRICA H4;FAROL DIREITO MANUAL LÂMPADA ASSIMETRICA H4;0;;
4965;10295;38121220;10295;4965.38121220;CATEGORIA0;;1;1;0;1;;FAROL DIREITO MANUAL/ELETRICO H1;FAROL DIREITO MANUAL/ELETRICO H1;0;;
4965;10295;38121221;10295;4965.38121221;CATEGORIA0;;1;1;0;1;;FAROL DIREITO ELETRICO H1+H1+P21W+W5W 2002->;FAROL DIREITO ELETRICO H1+H1+P21W+W5W 2002->;0;;
4965;10295;38121224;10295;4965.38121224;CATEGORIA0;;1;1;0;1;;FAROL DIREITO COM NEVOEIRO ELETRICO 3 PORTAS H1+H7+H1+W5WX2+;FAROL DIREITO COM NEVOEIRO ELETRICO 3 PORTAS H1+H7+H1+W5WX2+;0;;
4965;10295;38121255;10295;4965.38121255;CATEGORIA0;;1;1;0;1;;FAROL DIREITO COM NEVOEIRO ELETRICO BRANCO H7+H1+H1;FAROL DIREITO COM NEVOEIRO ELETRICO BRANCO H7+H1+H1;0;;
4965;10295;38121505;10295;4965.38121505;CATEGORIA0;;1;1;0;1;;FAROL DIREITO MANUAL/ELETRICO H1+H7+PY21W+W5W;FAROL DIREITO MANUAL/ELETRICO H1+H7+PY21W+W5W;0;;
4965;10295;38121525;10295;4965.38121525;CATEGORIA0;;1;1;0;1;;FAROL DIREITO ELETRICO COM MOTORH7+H7+H21W TIPO HE 2012->201;FAROL DIREITO ELETRICO COM MOTORH7+H7+H21W TIPO HE 2012->201;0;;
4965;10295;38121526;10295;4965.38121526;CATEGORIA0;;1;1;0;1;;FAROL DIREITO LED ELETRICO COM MOTOR H7+H1+D3S TIPO V;FAROL DIREITO LED ELETRICO COM MOTOR H7+H1+D3S TIPO V;0;;
4965;10295;38121546;10295;4965.38121546;CATEGORIA0;;1;1;0;1;;FAROL DIREITO ELETRICO H1+H7+PY21W+W5W TIPO A;FAROL DIREITO ELETRICO H1+H7+PY21W+W5W TIPO A;0;;
4965;10295;38121562;10295;4965.38121562;CATEGORIA0;;1;1;0;1;;FAROL DIREITO ELETRICO BASE PRETA H1+H7+PY21W+W5W;FAROL DIREITO ELETRICO BASE PRETA H1+H7+PY21W+W5W;0;;
4965;10295;38121563;10295;4965.38121563;CATEGORIA0;;1;1;0;1;;FAROL DIREITO ELETRICO COM MOTOR/BASE CROMADA H1+D1S;FAROL DIREITO ELETRICO COM MOTOR/BASE CROMADA H1+D1S;0;;
4965;10295;38121564;10295;4965.38121564;CATEGORIA0;;1;1;0;1;;FAROL DIREITO LED ELETRICO COM MOTOR H1+D3S TIPO VISTE;FAROL DIREITO LED ELETRICO COM MOTOR H1+D3S TIPO VISTE;0;;
4965;10295;38121612;10295;4965.38121612;CATEGORIA0;;1;1;0;1;;FAROL DIREITO ELETRICO H4+PY21W+W5W TIPO V 4 PORTAS;FAROL DIREITO ELETRICO H4+PY21W+W5W TIPO V 4 PORTAS;0;;
4965;10295;38121635;10295;4965.38121635;CATEGORIA0;;1;1;0;1;;FAROL DIREITO ELETRICO H4+PY21W+W5W;FAROL DIREITO ELETRICO H4+PY21W+W5W;0;;
4965;10295;38121640;10295;4965.38121640;CATEGORIA0;;1;1;0;1;;FAROL DIREITO ELETRICO H4+PY21W+W5W FAROL POSIÇÕ;FAROL DIREITO ELETRICO H4+PY21W+W5W FAROL POSIÇÕ;0;;
4965;10295;38121672;10295;4965.38121672;CATEGORIA0;;1;1;0;1;;FAROL DIREITO ELETRICO BASE PRETA H1+H7+PY21W+W5W;FAROL DIREITO ELETRICO BASE PRETA H1+H7+PY21W+W5W;0;;
4965;10295;38121850;10295;4965.38121850;CATEGORIA0;;1;1;0;1;;FAROL DIREITO ELETRICO H4+PY21W+W5W 5 PORTAS;FAROL DIREITO ELETRICO H4+PY21W+W5W 5 PORTAS;0;;
4965;10295;38121969;10295;4965.38121969;CATEGORIA0;;1;1;0;1;;FAROL DIREITO COM NEVOEIRO ELETRICO COM MOTOR/PRETO H1+H3+H1;FAROL DIREITO COM NEVOEIRO ELETRICO COM MOTOR/PRETO H1+H3+H1;0;;
4965;10295;38121972;10295;4965.38121972;CATEGORIA0;;1;1;0;1;;FAROL DIREITO ELETRICO COM MOTOR/BASE CROMADA H7+HB3+PY21W+W;FAROL DIREITO ELETRICO COM MOTOR/BASE CROMADA H7+HB3+PY21W+W;0;;
4965;10295;38122034;10295;4965.38122034;CATEGORIA0;;1;1;0;1;;FAROL DIREITO MANUAL/ELETRICO COM MOTOR H7+D1S TIPO HE;FAROL DIREITO MANUAL/ELETRICO COM MOTOR H7+D1S TIPO HE;0;;
4965;10295;38122039;10295;4965.38122039;CATEGORIA0;;1;1;0;1;;FAROL DIREITA ELETRICA COM NEVOEIRO COM MOTOR H3+H7+H7;FAROL DIREITA ELETRICA COM NEVOEIRO COM MOTOR H3+H7+H7;0;;
4965;10295;38122040;10295;4965.38122040;CATEGORIA0;;1;1;0;1;;FAROL DIREITO ELETRICO PNEUMATICO H4+H7+H4+PY21W+W5W 2002->;FAROL DIREITO ELETRICO PNEUMATICO H4+H7+H4+PY21W+W5W 2002->;0;;
4965;10295;38122041;10295;4965.38122041;CATEGORIA0;;1;1;0;1;;FAROL DIREITO PNEUMATICO COM MOTOR H7+H7 COM PROJETOR;FAROL DIREITO PNEUMATICO COM MOTOR H7+H7 COM PROJETOR;0;;
4965;10295;38122055;10295;4965.38122055;CATEGORIA0;;1;1;0;1;;FAROL DIREITO ELETRICO D1S+H7;FAROL DIREITO ELETRICO D1S+H7;0;;
4965;10295;38122151;10295;4965.38122151;CATEGORIA0;;1;1;0;1;;FAROL DIREITO MANUAL H4 CABINA SIMPLE;FAROL DIREITO MANUAL H4 CABINA SIMPLE;0;;
4965;10295;38122161;10295;4965.38122161;CATEGORIA0;;1;1;0;1;;FAROL DIREITO ELETRICO H9+H11+W5W+WY21W;FAROL DIREITO ELETRICO H9+H11+W5W+WY21W;0;;
4965;10295;38122616;10295;4965.38122616;CATEGORIA0;;1;1;0;1;;FAROL DIREITO ELETRICO H3+H4;FAROL DIREITO ELETRICO H3+H4;0;;
4965;10295;38122618;10295;4965.38122618;CATEGORIA0;;1;1;0;1;;FAROL DIREITO ELETRICO H1+H1+W5W;FAROL DIREITO ELETRICO H1+H1+W5W;0;;
4965;10295;38122621;10295;4965.38122621;CATEGORIA0;;1;1;0;1;;FAROL DIREITO ELETRICO H4+PY21W+W5W;FAROL DIREITO ELETRICO H4+PY21W+W5W;0;;
4965;10295;38122625;10295;4965.38122625;CATEGORIA0;;1;1;0;1;;FAROL DIREITO ELETRICO H4+W5W;FAROL DIREITO ELETRICO H4+W5W;0;;
4965;10295;38123037;10295;4965.38123037;CATEGORIA0;;1;1;0;1;;FAROL DIREITO ELETRICO H1+H7+W5WTIPO V;FAROL DIREITO ELETRICO H1+H7+W5WTIPO V;0;;
4965;10295;38123040;10295;4965.38123040;CATEGORIA0;;1;1;0;1;;FAROL DIREITO ELETRICO H4+P21W+W5W 1993->;FAROL DIREITO ELETRICO H4+P21W+W5W 1993->;0;;
4965;10295;38123080;10295;4965.38123080;CATEGORIA0;;1;1;0;1;;FAROL DIREITO ELETRICO H7+D2S+PY21W+W5W;FAROL DIREITO ELETRICO H7+D2S+PY21W+W5W;0;;
4965;10295;38123081;10295;4965.38123081;CATEGORIA0;;1;1;0;1;;FAROL DIREITO ELETRICO BASE PRETA H1+H7+PY21W+W5W;FAROL DIREITO ELETRICO BASE PRETA H1+H7+PY21W+W5W;0;;
4965;10295;38123513;10295;4965.38123513;CATEGORIA0;;1;1;0;1;;FAROL DIREITO LED ELETRICO H7+H7+WY21W TIPO A;FAROL DIREITO LED ELETRICO H7+H7+WY21W TIPO A;0;;
4965;10295;38123536;10295;4965.38123536;CATEGORIA0;;1;1;0;1;;FAROL DIREITO ELETRICO COM MOTOR/BASE PRETA H7+H1+H7+PY21W+W;FAROL DIREITO ELETRICO COM MOTOR/BASE PRETA H7+H1+H7+PY21W+W;0;;
4965;10295;38124029;10295;4965.38124029;CATEGORIA0;;1;1;0;1;;FAROL DIREITO ELETRICO BASE PRETA H4+PY21W+P21/5W;FAROL DIREITO ELETRICO BASE PRETA H4+PY21W+P21/5W;0;;
4965;10295;38124059;10295;4965.38124059;CATEGORIA0;;1;1;0;1;;FAROL DIREITO ELETRICO BASE PRETA H7+H7+D2S+PY21W+W5W;FAROL DIREITO ELETRICO BASE PRETA H7+H7+D2S+PY21W+W5W;0;;
4965;10295;38124060;10295;4965.38124060;CATEGORIA0;;1;1;0;1;;FAROL DIREITO ELETRICO H7+H7+PY21W+W5W;FAROL DIREITO ELETRICO H7+H7+PY21W+W5W;0;;
4965;10295;38124069;10295;4965.38124069;CATEGORIA0;;1;1;0;1;;FAROL DIREITO ELETRICO COM MOTOR/BASE CROMADA H7+H7+PY21W+W5;FAROL DIREITO ELETRICO COM MOTOR/BASE CROMADA H7+H7+PY21W+W5;0;;
4965;10295;38124078;10295;4965.38124078;CATEGORIA0;;1;1;0;1;;FAROL DIREITO ELETRICO H1+H1+W5W;FAROL DIREITO ELETRICO H1+H1+W5W;0;;
4965;10295;38124084;10295;4965.38124084;CATEGORIA0;;1;1;0;1;;FAROL DIREITO ELETRICO BASE PRETA H4 2012->;FAROL DIREITO ELETRICO BASE PRETA H4 2012->;0;;
4965;10295;38124096;10295;4965.38124096;CATEGORIA0;;1;1;0;1;;FAROL DIREITO ELETRICO COM MOTORH1+H7+PY21W+W5W;FAROL DIREITO ELETRICO COM MOTORH1+H7+PY21W+W5W;0;;
4965;10295;38124567;10295;4965.38124567;CATEGORIA0;;1;1;0;1;;FAROL DIREITO MANUAL/ELETRICO H4+W5W;FAROL DIREITO MANUAL/ELETRICO H4+W5W;0;;
4965;10295;38124591;10295;4965.38124591;CATEGORIA0;;1;1;0;1;;FAROL DIREITO ELETRICO BASE PRETA H7+H7+W5WX2+PY21W TIPO V 5;FAROL DIREITO ELETRICO BASE PRETA H7+H7+W5WX2+PY21W TIPO V 5;0;;
4965;10295;38124594;10295;4965.38124594;CATEGORIA0;;1;1;0;1;;FAROL DIREITO MANUAL/ELETRICO BASE CROMADA H7+H7+PY21W+W5W T;FAROL DIREITO MANUAL/ELETRICO BASE CROMADA H7+H7+PY21W+W5W T;0;;
4965;10295;38124623;10295;4965.38124623;CATEGORIA0;;1;1;0;1;;FAROL DIREITO ELETRICO H4+W5W+WY21W;FAROL DIREITO ELETRICO H4+W5W+WY21W;0;;
4965;10295;38124715;10295;4965.38124715;CATEGORIA0;;1;1;0;1;;FAROL DIREITO MANUAL/ELETRICO H3+H4;FAROL DIREITO MANUAL/ELETRICO H3+H4;0;;
4965;10295;38124718;10295;4965.38124718;CATEGORIA0;;1;1;0;1;;FAROL DIREITO ELETRICO H3+H7+H3+PY21W+W5W;FAROL DIREITO ELETRICO H3+H7+H3+PY21W+W5W;0;;
4965;10295;38125139;10295;4965.38125139;CATEGORIA0;;1;1;0;1;;FAROL DIREITO ELETRICO BASE PRETA HB3+D4S+PY21W+W5W TIPO V;FAROL DIREITO ELETRICO BASE PRETA HB3+D4S+PY21W+W5W TIPO V;0;;
4965;10295;38125171;10295;4965.38125171;CATEGORIA0;;1;1;0;1;;LUZ DIREITA MANUAL/ELÉTRICA H4+PY21W+W5W TIPO V 2009->2012;LUZ DIREITA MANUAL/ELÉTRICA H4+PY21W+W5W TIPO V 2009->2012;0;;
4965;10295;38125522;10295;4965.38125522;CATEGORIA0;;1;1;0;1;;FAROL DIREITO ELETRICO COM MOTORH4+W5W;FAROL DIREITO ELETRICO COM MOTORH4+W5W;0;;
4965;10295;38125530;10295;4965.38125530;CATEGORIA0;;1;1;0;1;;LUZ DIREITA MANUAL/ELÉTRICO H1+H1+W5W;LUZ DIREITA MANUAL/ELÉTRICO H1+H1+W5W;0;;
4965;10295;38125546;10295;4965.38125546;CATEGORIA0;;1;1;0;1;;FAROL DIREITO ELETRICO COM MOTORH7+D2S+H21W+H6W;FAROL DIREITO ELETRICO COM MOTORH7+D2S+H21W+H6W;0;;
4965;10295;38125551;10295;4965.38125551;CATEGORIA0;;1;1;0;1;;FAROL DIREITO ELETRICO COM MOTOR/BASE PRETA H7+H7+PY21W+W5W/;FAROL DIREITO ELETRICO COM MOTOR/BASE PRETA H7+H7+PY21W+W5W/;0;;
4965;10295;38131250;10295;4965.38131250;CATEGORIA0;;1;1;0;1;;FAROL ESQUERDO ELETRICO H1+H7+PY21W+W5W;FAROL ESQUERDO ELETRICO H1+H7+PY21W+W5W;0;;
4965;10295;38131725;10295;4965.38131725;CATEGORIA0;;1;1;0;1;;FAROL ESQUERDO ELETRICO H3+H7+W5W;FAROL ESQUERDO ELETRICO H3+H7+W5W;0;;
4965;10295;38131833;10295;4965.38131833;CATEGORIA0;;1;1;0;1;;FAROL NEVOEIRO ESQUERDO;FAROL NEVOEIRO ESQUERDO;0;;
4965;10295;38131950;10295;4965.38131950;CATEGORIA0;;1;1;0;1;;FAROL ESQUERDO ELETRICO H4/4 PORTAS;FAROL ESQUERDO ELETRICO H4/4 PORTAS;0;;
4965;10295;38210535;10295;4965.38210535;CATEGORIA0;;1;1;0;1;;FAROL ESQUERDO ELETRICO COM MOTOR/BASE PRETA H7+H7+W5W 4 POR;FAROL ESQUERDO ELETRICO COM MOTOR/BASE PRETA H7+H7+W5W 4 POR;0;;
4965;10295;38210541;10295;4965.38210541;CATEGORIA0;;1;1;0;1;;FAROL ESQUERDO ELETRICO COM MOTOR/CON FAROLIM ÂMBAR H7+H7 2;FAROL ESQUERDO ELETRICO COM MOTOR/CON FAROLIM ÂMBAR H7+H7 2;0;;
4965;10295;38211055;10295;4965.38211055;CATEGORIA0;;1;1;0;1;;FAROL ESQUERDO ELETRICO H7+H7+PY21W+W5W;FAROL ESQUERDO ELETRICO H7+H7+PY21W+W5W;0;;
4965;10295;38211220;10295;4965.38211220;CATEGORIA0;;1;1;0;1;;FAROL ESQUERDO MANUAL/ELETRICO H1+H1;FAROL ESQUERDO MANUAL/ELETRICO H1+H1;0;;
4965;10295;38211445;10295;4965.38211445;CATEGORIA0;;1;1;0;1;;FAROL ESQUERDO ELETRICO COM MOTOR H4;FAROL ESQUERDO ELETRICO COM MOTOR H4;0;;
4965;10295;38211562;10295;4965.38211562;CATEGORIA0;;1;1;0;1;;FAROL ESQUERDO ELETRICO BASE CROMADA H1+H7+PY21W+W5W;FAROL ESQUERDO ELETRICO BASE CROMADA H1+H7+PY21W+W5W;0;;
4965;10295;38213070;10295;4965.38213070;CATEGORIA0;;1;1;0;1;;FAROL ESQUERDO ELETRICO COM FAROLIM TRANSPARENTE H7+H7+PY21W;FAROL ESQUERDO ELETRICO COM FAROLIM TRANSPARENTE H7+H7+PY21W;0;;
4965;10295;38214069;10295;4965.38214069;CATEGORIA0;;1;1;0;1;;FAROL ESQUERDO ELETRICO COM MOTOR/BASE PRETA H7+H7+PY21W+W5W;FAROL ESQUERDO ELETRICO COM MOTOR/BASE PRETA H7+H7+PY21W+W5W;0;;
4965;10295;38216027;10295;4965.38216027;CATEGORIA0;;1;1;0;1;;FAROL ESQUERDO ELETRICO COM MOTOR/BASE CROMADA H7+HB3;FAROL ESQUERDO ELETRICO COM MOTOR/BASE CROMADA H7+HB3;0;;
4965;10295;38220535;10295;4965.38220535;CATEGORIA0;;1;1;0;1;;FAROL DIREITO ELETRICO COM MOTOR/BASE PRETA H7+H7+W5W 4 PORT;FAROL DIREITO ELETRICO COM MOTOR/BASE PRETA H7+H7+W5W 4 PORT;0;;
4965;10295;38220541;10295;4965.38220541;CATEGORIA0;;1;1;0;1;;FAROL DIREITO ELETRICO COM MOTOR/CON FAROLIM ÂMBAR H7+H7 2 P;FAROL DIREITO ELETRICO COM MOTOR/CON FAROLIM ÂMBAR H7+H7 2 P;0;;
4965;10295;38221055;10295;4965.38221055;CATEGORIA0;;1;1;0;1;;FAROL DIREITO ELETRICO H7+H7+PY21W+W5W;FAROL DIREITO ELETRICO H7+H7+PY21W+W5W;0;;
4965;10295;38221220;10295;4965.38221220;CATEGORIA0;;1;1;0;1;;FAROL DIREITO MANUAL/ELETRICO H1+H1;FAROL DIREITO MANUAL/ELETRICO H1+H1;0;;
4965;10295;38221445;10295;4965.38221445;CATEGORIA0;;1;1;0;1;;FAROL DIREITO ELETRICO COM MOTORH4;FAROL DIREITO ELETRICO COM MOTORH4;0;;
4965;10295;38221562;10295;4965.38221562;CATEGORIA0;;1;1;0;1;;FAROL DIREITO ELETRICO BASE CROMADA H1+H7+PY21W+W5W;FAROL DIREITO ELETRICO BASE CROMADA H1+H7+PY21W+W5W;0;;
4965;10295;38223070;10295;4965.38223070;CATEGORIA0;;1;1;0;1;;FAROL DIREITO ELETRICO COM FAROLIM TRANSPARENTE H7+H7 TIPO V;FAROL DIREITO ELETRICO COM FAROLIM TRANSPARENTE H7+H7 TIPO V;0;;
4965;10295;38224069;10295;4965.38224069;CATEGORIA0;;1;1;0;1;;FAROL DIREITO ELETRICO COM MOTOR/BASE PRETA H7+H7+PY21W+W5W;FAROL DIREITO ELETRICO COM MOTOR/BASE PRETA H7+H7+PY21W+W5W;0;;
4965;10295;38226027;10295;4965.38226027;CATEGORIA0;;1;1;0;1;;FAROL DIREITO ELETRICO COM MOTOR/BASE CROMADA H7+HB3;FAROL DIREITO ELETRICO COM MOTOR/BASE CROMADA H7+HB3;0;;
4965;10295;38231250;10295;4965.38231250;CATEGORIA0;;1;1;0;1;;FAROL DIREITO ELETRICO H1+H7+PY21W+W5W;FAROL DIREITO ELETRICO H1+H7+PY21W+W5W;0;;
4965;10295;38231725;10295;4965.38231725;CATEGORIA0;;1;1;0;1;;FAROL DIREITO ELETRICO H3+H7+W5W;FAROL DIREITO ELETRICO H3+H7+W5W;0;;
4965;10295;38231833;10295;4965.38231833;CATEGORIA0;;1;1;0;1;;FAROL NEVOEIRO DIREITO;FAROL NEVOEIRO DIREITO;0;;
4965;10295;38231950;10295;4965.38231950;CATEGORIA0;;1;1;0;1;;FAROL DIREITO ELETRICO H4/4 PORTAS;FAROL DIREITO ELETRICO H4/4 PORTAS;0;;
4965;10295;38301225;10295;4965.38301225;CATEGORIA0;;1;1;0;1;;FAROL NEVOEIRO REVERSIVEL H1;FAROL NEVOEIRO REVERSIVEL H1;0;;
4965;10295;38310120;10295;4965.38310120;CATEGORIA0;;1;1;0;1;;FAROL ESQUERDO MANUAL, ELETRICOH1+H1;FAROL ESQUERDO MANUAL, ELETRICOH1+H1;0;;
4965;10295;38310121;10295;4965.38310121;CATEGORIA0;;1;1;0;1;;FAROL ESQUERDO ELETRICO COM MOTOR/BASE PRETA H1+H7+PY21W+W5W;FAROL ESQUERDO ELETRICO COM MOTOR/BASE PRETA H1+H7+PY21W+W5W;0;;
4965;10295;38310123;10295;4965.38310123;CATEGORIA0;;1;1;0;1;;FAROL ESQUERDO ELETRICO H1+H7+PY21W+H6W;FAROL ESQUERDO ELETRICO H1+H7+PY21W+H6W;0;;
4965;10295;38310124;10295;4965.38310124;CATEGORIA0;;1;1;0;1;;FAROL ESQUERDO LED ELETRICO COM MOTOR H1+H7+PY24W;FAROL ESQUERDO LED ELETRICO COM MOTOR H1+H7+PY24W;0;;
4965;10295;38310128;10295;4965.38310128;CATEGORIA0;;1;1;0;1;;FAROL ESQUERDO ELETRICO H7+H7+W21/5W;FAROL ESQUERDO ELETRICO H7+H7+W21/5W;0;;
4965;10295;38310130;10295;4965.38310130;CATEGORIA0;;1;1;0;1;;FAROL ESQUERDO ELETRICO COM MOTOR H7+H7+PY21W+W5W;FAROL ESQUERDO ELETRICO COM MOTOR H7+H7+PY21W+W5W;0;;
4965;10295;38310424;10295;4965.38310424;CATEGORIA0;;1;1;0;1;;FAROL ESQUERDO LED ELETRICO COM MOTOR D3S+PSY24W TIPO Z;FAROL ESQUERDO LED ELETRICO COM MOTOR D3S+PSY24W TIPO Z;0;;
4965;10295;38310428;10295;4965.38310428;CATEGORIA0;;1;1;0;1;;FAROL ESQUERDO ELETRICO H1+H7+PY21W+W5W 2001->;FAROL ESQUERDO ELETRICO H1+H7+PY21W+W5W 2001->;0;;
4965;10295;38310429;10295;4965.38310429;CATEGORIA0;;1;1;0;1;;FAROL ESQUERDO ELETRICO COM MOTOR H7+H7+PY21W+W5W;FAROL ESQUERDO ELETRICO COM MOTOR H7+H7+PY21W+W5W;0;;
4965;10295;38310430;10295;4965.38310430;CATEGORIA0;;1;1;0;1;;FAROL ESQUERDO ELETRICO H7+H7+W5W TIPO BO;FAROL ESQUERDO ELETRICO H7+H7+W5W TIPO BO;0;;
4965;10295;38310432;10295;4965.38310432;CATEGORIA0;;1;1;0;1;;FAROL ESQUERDO ELETRICO H7+H7+PY21W+W5W TIPO V;FAROL ESQUERDO ELETRICO H7+H7+PY21W+W5W TIPO V;0;;
4965;10295;38310433;10295;4965.38310433;CATEGORIA0;;1;1;0;1;;FAROL ESQUERDO ELETRICO COM MOTOR/BASE CROMADA H7+H7+PY21W+W;FAROL ESQUERDO ELETRICO COM MOTOR/BASE CROMADA H7+H7+PY21W+W;0;;
4965;10295;38310434;10295;4965.38310434;CATEGORIA0;;1;1;0;1;;FAROL ESQUERDO ELETRICO COM MOTOR H7+H7+SP13WX2+PSY24W;FAROL ESQUERDO ELETRICO COM MOTOR H7+H7+SP13WX2+PSY24W;0;;
4965;10295;38310435;10295;4965.38310435;CATEGORIA0;;1;1;0;1;;FAROL ESQUERDO MANUAL/ELETRICO H1+H7+PY21W+W5W;FAROL ESQUERDO MANUAL/ELETRICO H1+H7+PY21W+W5W;0;;
4965;10295;38310436;10295;4965.38310436;CATEGORIA0;;1;1;0;1;;FAROL ESQUERDO ELETRICO COM MOTOR/BASE PRETA H7+H7+PS19W+PSY;FAROL ESQUERDO ELETRICO COM MOTOR/BASE PRETA H7+H7+PS19W+PSY;0;;
4965;10295;38310438;10295;4965.38310438;CATEGORIA0;;1;1;0;1;;FAROL ESQUERDO ELETRICO COM MOTOR H7+H15+W5W+PWY24W TIPO HE;FAROL ESQUERDO ELETRICO COM MOTOR H7+H15+W5W+PWY24W TIPO HE;0;;
4965;10295;38310439;10295;4965.38310439;CATEGORIA0;;1;1;0;1;;FAROL ESQUERDO ELETRICO COM MOTOR/BASE PRETA H7+H7+PWY24W TI;FAROL ESQUERDO ELETRICO COM MOTOR/BASE PRETA H7+H7+PWY24W TI;0;;
4965;10295;38310442;10295;4965.38310442;CATEGORIA0;;1;1;0;1;;FAROL ESQUERDO ELETRICO H7+H7+PY21W+W5W 2001->2003;FAROL ESQUERDO ELETRICO H7+H7+PY21W+W5W 2001->2003;0;;
4965;10295;38310443;10295;4965.38310443;CATEGORIA0;;1;1;0;1;;FAROL ESQUERDO ELETRICO H1+H7+PY21W+W5W;FAROL ESQUERDO ELETRICO H1+H7+PY21W+W5W;0;;
4965;10295;38310444;10295;4965.38310444;CATEGORIA0;;1;1;0;1;;FAROL ESQUERDO ELETRICO H7+H15;FAROL ESQUERDO ELETRICO H7+H15;0;;
4965;10295;38310448;10295;4965.38310448;CATEGORIA0;;1;1;0;1;;FAROL ESQUERDO ELETRICO COM MOTOR/BASE PRETA H7+H7+P13W+PH24;FAROL ESQUERDO ELETRICO COM MOTOR/BASE PRETA H7+H7+P13W+PH24;0;;
4965;10295;38310454;10295;4965.38310454;CATEGORIA0;;1;1;0;1;;FAROL ESQUERDO ELETRICO COM MOTOR H7+H15+PY21W+W5W;FAROL ESQUERDO ELETRICO COM MOTOR H7+H15+PY21W+W5W;0;;
4965;10295;38310529;10295;4965.38310529;CATEGORIA0;;1;1;0;1;;FAROL ESQUERDO FAROL DE CARRETERAMANUAL H1;FAROL ESQUERDO FAROL DE CARRETERAMANUAL H1;0;;
4965;10295;38310533;10295;4965.38310533;CATEGORIA0;;1;1;0;1;;FAROL ESQUERDO ELETRICO COM MOTOR/CON FAROLIM BRANCO H7+HB3+;FAROL ESQUERDO ELETRICO COM MOTOR/CON FAROLIM BRANCO H7+HB3+;0;;
4965;10295;38310535;10295;4965.38310535;CATEGORIA0;;1;1;0;1;;FAROL NEVOEIRO ESQUERDO HB4 4 PORTAS;FAROL NEVOEIRO ESQUERDO HB4 4 PORTAS;0;;
4965;10295;38310537;10295;4965.38310537;CATEGORIA0;;1;1;0;1;;FAROL ESQUERDO ELETRICO COM MOTOR/BASE CROMADA H7+H7+W5W 4 P;FAROL ESQUERDO ELETRICO COM MOTOR/BASE CROMADA H7+H7+W5W 4 P;0;;
4965;10295;38310540;10295;4965.38310540;CATEGORIA0;;1;1;0;1;;FAROL ESQUERDO LED ELETRICO COMMOTOR H7+H7+W5WX2+PY21W TIPO;FAROL ESQUERDO LED ELETRICO COMMOTOR H7+H7+W5WX2+PY21W TIPO;0;;
4965;10295;38310541;10295;4965.38310541;CATEGORIA0;;1;1;0;1;;FAROL ESQUERDO ELETRICO COM MOTOR/BASE PRETA/CON FAROLIM BRA;FAROL ESQUERDO ELETRICO COM MOTOR/BASE PRETA/CON FAROLIM BRA;0;;
4965;10295;38310542;10295;4965.38310542;CATEGORIA0;;1;1;0;1;;FAROL ESQUERDO LED ELETRICO H7+H7+PY21W+H6WX2;FAROL ESQUERDO LED ELETRICO H7+H7+PY21W+H6WX2;0;;
4965;10295;38310543;10295;4965.38310543;CATEGORIA0;;1;1;0;1;;FAROL ESQUERDO LED ELETRICO COMMOTOR H7+H7+PY24W TIPO HE;FAROL ESQUERDO LED ELETRICO COMMOTOR H7+H7+PY24W TIPO HE;0;;
4965;10295;38310545;10295;4965.38310545;CATEGORIA0;;1;1;0;1;;FAROL ESQUERDO ELETRICO COM MOTOR/BASE PRETA H7+H7+PY21W+W5W;FAROL ESQUERDO ELETRICO COM MOTOR/BASE PRETA H7+H7+PY21W+W5W;0;;
4965;10295;38310546;10295;4965.38310546;CATEGORIA0;;1;1;0;1;;FAROL ESQUERDO ELETRICO H7+H7+H6WX2 TIPO V;FAROL ESQUERDO ELETRICO H7+H7+H6WX2 TIPO V;0;;
4965;10295;38310548;10295;4965.38310548;CATEGORIA0;;1;1;0;1;;FAROL ESQUERDO LED ELETRICO COM MOTOR D1S+PY21W TIPO Z;FAROL ESQUERDO LED ELETRICO COM MOTOR D1S+PY21W TIPO Z;0;;
4965;10295;38310562;10295;4965.38310562;CATEGORIA0;;1;1;0;1;;FAROL ESQUERDO ELETRICO BASE PRETA H7+H7+PY21W+W5W;FAROL ESQUERDO ELETRICO BASE PRETA H7+H7+PY21W+W5W;0;;
4965;10295;38310564;10295;4965.38310564;CATEGORIA0;;1;1;0;1;;FAROL ESQUERDO ELETRICO H7+H7+PY21W+W5W;FAROL ESQUERDO ELETRICO H7+H7+PY21W+W5W;0;;
4965;10295;38310566;10295;4965.38310566;CATEGORIA0;;1;1;0;1;;FAROL ESQUERDO ELETRICO COM MOTOR/BASE PRETA H7+H7+PY21W+H6W;FAROL ESQUERDO ELETRICO COM MOTOR/BASE PRETA H7+H7+PY21W+H6W;0;;
4965;10295;38310570;10295;4965.38310570;CATEGORIA0;;1;1;0;1;;FAROL ESQUERDO ELETRICO COM MOTOR/BASE PRETA H7+H7+PY24W+W5W;FAROL ESQUERDO ELETRICO COM MOTOR/BASE PRETA H7+H7+PY24W+W5W;0;;
4965;10295;38310571;10295;4965.38310571;CATEGORIA0;;1;1;0;1;;FAROL ESQUERDO ELETRICO COM MOTOR/BASE PRETA H7+H7+PY21W+W5W;FAROL ESQUERDO ELETRICO COM MOTOR/BASE PRETA H7+H7+PY21W+W5W;0;;
4965;10295;38311032;10295;4965.38311032;CATEGORIA0;;1;1;0;1;;FAROL ESQUERDO COM FAROLIM BRANCOH4+P21W+W5W 1988->;FAROL ESQUERDO COM FAROLIM BRANCOH4+P21W+W5W 1988->;0;;
4965;10295;38311038;10295;4965.38311038;CATEGORIA0;;1;1;0;1;;FAROL ESQUERDO ELETRICO H1+H7+PY21W+H6W;FAROL ESQUERDO ELETRICO H1+H7+PY21W+H6W;0;;
4965;10295;38311039;10295;4965.38311039;CATEGORIA0;;1;1;0;1;;FAROL ESQUERDO COM FAROL ELETRICO COM MOTOR H1+H7+H7+W5W->20;FAROL ESQUERDO COM FAROL ELETRICO COM MOTOR H1+H7+H7+W5W->20;0;;
4965;10295;38311042;10295;4965.38311042;CATEGORIA0;;1;1;0;1;;FAROL ESQUERDO MANUAL/ELETRICO H1+H1+W5W;FAROL ESQUERDO MANUAL/ELETRICO H1+H1+W5W;0;;
4965;10295;38311048;10295;4965.38311048;CATEGORIA0;;1;1;0;1;;FAROL NEVOEIRO ESQUERDO H1;FAROL NEVOEIRO ESQUERDO H1;0;;
4965;10295;38311052;10295;4965.38311052;CATEGORIA0;;1;1;0;1;;FAROL ESQUERDO ELETRICO H4+PY21W+W5W;FAROL ESQUERDO ELETRICO H4+PY21W+W5W;0;;
4965;10295;38311054;10295;4965.38311054;CATEGORIA0;;1;1;0;1;;FAROL ESQUERDO ELETRICO COM MOTOR H4+PY21W+W5W;FAROL ESQUERDO ELETRICO COM MOTOR H4+PY21W+W5W;0;;
4965;10295;38311056;10295;4965.38311056;CATEGORIA0;;1;1;0;1;;FAROL ESQUERDO ELETRICO H4+PY21W+W5W;FAROL ESQUERDO ELETRICO H4+PY21W+W5W;0;;
4965;10295;38311057;10295;4965.38311057;CATEGORIA0;;1;1;0;1;;FAROL ESQUERDO COM NEVOEIRO ELETRICO COM MOTOR H1+H3+H7+PY21;FAROL ESQUERDO COM NEVOEIRO ELETRICO COM MOTOR H1+H3+H7+PY21;0;;
4965;10295;38311058;10295;4965.38311058;CATEGORIA0;;1;1;0;1;;FAROL ESQUERDO ELETRICO H4+PY21W+W5W;FAROL ESQUERDO ELETRICO H4+PY21W+W5W;0;;
4965;10295;38311060;10295;4965.38311060;CATEGORIA0;;1;1;0;1;;FAROL ESQUERDO ELETRICO COM MOTOR H1+H7+PY21W+W5W;FAROL ESQUERDO ELETRICO COM MOTOR H1+H7+PY21W+W5W;0;;
4965;10295;38311061;10295;4965.38311061;CATEGORIA0;;1;1;0;1;;FAROL ESQUERDO ELETRICO COM MOTOR H1+H7+PY21W+W5W;FAROL ESQUERDO ELETRICO COM MOTOR H1+H7+PY21W+W5W;0;;
4965;10295;38311063;10295;4965.38311063;CATEGORIA0;;1;1;0;1;;FAROL ESQUERDO ELETRICO COM MOTOR H4+PY21W+W5W;FAROL ESQUERDO ELETRICO COM MOTOR H4+PY21W+W5W;0;;
4965;10295;38311065;10295;4965.38311065;CATEGORIA0;;1;1;0;1;;FAROL ESQUERDO ELETRICO H4+PY21W+W5W;FAROL ESQUERDO ELETRICO H4+PY21W+W5W;0;;
4965;10295;38311066;10295;4965.38311066;CATEGORIA0;;1;1;0;1;;FAROL ESQUERDA ELETRICO COM MOTOR H1+H7+PY21W+W5W+W21W TIPO;FAROL ESQUERDA ELETRICO COM MOTOR H1+H7+PY21W+W5W+W21W TIPO;0;;
4965;10295;38311067;10295;4965.38311067;CATEGORIA0;;1;1;0;1;;FAROL ESQUERDO ELETRICO COM MOTOR H1+H7+H21W+H6W;FAROL ESQUERDO ELETRICO COM MOTOR H1+H7+H21W+H6W;0;;
4965;10295;38311068;10295;4965.38311068;CATEGORIA0;;1;1;0;1;;FAROL ESQUERDO ELETRICO COM MOTOR H7+H1+H21W+P21/5W TIPO A;FAROL ESQUERDO ELETRICO COM MOTOR H7+H1+H21W+P21/5W TIPO A;0;;
4965;10295;38311071;10295;4965.38311071;CATEGORIA0;;1;1;0;1;;FAROL ESQUERDO ELETRICO COM MOTOR/BRANCO/CROMADO H1+H7+PY21W;FAROL ESQUERDO ELETRICO COM MOTOR/BRANCO/CROMADO H1+H7+PY21W;0;;
4965;10295;38311072;10295;4965.38311072;CATEGORIA0;;1;1;0;1;;FAROL ESQUERDO ELETRICO COM MOTOR H7+H1+H21W+W5W TIPO HE;FAROL ESQUERDO ELETRICO COM MOTOR H7+H1+H21W+W5W TIPO HE;0;;
4965;10295;38311073;10295;4965.38311073;CATEGORIA0;;1;1;0;1;;FAROL ESQUERDO ELETRICO COM MOTOR H1+H7+PY21W+W5W;FAROL ESQUERDO ELETRICO COM MOTOR H1+H7+PY21W+W5W;0;;
4965;10295;38311074;10295;4965.38311074;CATEGORIA0;;1;1;0;1;;FAROL ESQUERDO ELETRICO COM MOTOR H4+PY21W+W5W;FAROL ESQUERDO ELETRICO COM MOTOR H4+PY21W+W5W;0;;
4965;10295;38311082;10295;4965.38311082;CATEGORIA0;;1;1;0;1;;FAROL ESQUERDO ELETRICO COM MOTOR/BASE PRETA H7+H7 TIPO A;FAROL ESQUERDO ELETRICO COM MOTOR/BASE PRETA H7+H7 TIPO A;0;;
4965;10295;38311084;10295;4965.38311084;CATEGORIA0;;1;1;0;1;;FAROL ESQUERDO MANUAL/ELETRICO H1+H7+PY21W+W5W TIPO V;FAROL ESQUERDO MANUAL/ELETRICO H1+H7+PY21W+W5W TIPO V;0;;
4965;10295;38311124;10295;4965.38311124;CATEGORIA0;;1;1;0;1;;FAROL ESQUERDO ELETRICO COM MOTOR H7+H9+PY21W+W5W;FAROL ESQUERDO ELETRICO COM MOTOR H7+H9+PY21W+W5W;0;;
4965;10295;38311126;10295;4965.38311126;CATEGORIA0;;1;1;0;1;;FAROL ESQUERDO ELETRICO H4;FAROL ESQUERDO ELETRICO H4;0;;
4965;10295;38311220;10295;4965.38311220;CATEGORIA0;;1;1;0;1;;FAROL NEVOEIRO ESQUERDO H3;FAROL NEVOEIRO ESQUERDO H3;0;;
4965;10295;38311221;10295;4965.38311221;CATEGORIA0;;1;1;0;1;;FAROL ESQUERDO COM NEVOEIRO ELETRICO H3+H7+H7+P21W+W5W;FAROL ESQUERDO COM NEVOEIRO ELETRICO H3+H7+H7+P21W+W5W;0;;
4965;10295;38311222;10295;4965.38311222;CATEGORIA0;;1;1;0;1;;FAROL ESQUERDO MANUAL H4+W5W CARCAÇA EXT PRETA;FAROL ESQUERDO MANUAL H4+W5W CARCAÇA EXT PRETA;0;;
4965;10295;38311223;10295;4965.38311223;CATEGORIA0;;1;1;0;1;;FAROL ESQUERDO ELETRICO H4+W5W;FAROL ESQUERDO ELETRICO H4+W5W;0;;
4965;10295;38311225;10295;4965.38311225;CATEGORIA0;;1;1;0;1;;FAROL ESQUERDO MANUAL/ELETRICO H1+H1;FAROL ESQUERDO MANUAL/ELETRICO H1+H1;0;;
4965;10295;38311228;10295;4965.38311228;CATEGORIA0;;1;1;0;1;;FAROL ESQUERDO ELETRICO COM MOTOR H7+WY21W;FAROL ESQUERDO ELETRICO COM MOTOR H7+WY21W;0;;
4965;10295;38311232;10295;4965.38311232;CATEGORIA0;;1;1;0;1;;FAROL ESQUERDO ELETRICO H1+H7+PY21W+W5W;FAROL ESQUERDO ELETRICO H1+H7+PY21W+W5W;0;;
4965;10295;38311234;10295;4965.38311234;CATEGORIA0;;1;1;0;1;;FAROL ESQUERDO ELETRICO COM MOTOR/BASE CROMADA H4+PY21W+W5W;FAROL ESQUERDO ELETRICO COM MOTOR/BASE CROMADA H4+PY21W+W5W;0;;
4965;10295;38311238;10295;4965.38311238;CATEGORIA0;;1;1;0;1;;FAROL ESQUERDA ELETRICO, PRETO,COM MOTOR, FAROL H4+W5W+W21W;FAROL ESQUERDA ELETRICO, PRETO,COM MOTOR, FAROL H4+W5W+W21W;0;;
4965;10295;38311248;10295;4965.38311248;CATEGORIA0;;1;1;0;1;;FAROL ESQUERDO ELETRICO COM MOTOR H4+PY21W;FAROL ESQUERDO ELETRICO COM MOTOR H4+PY21W;0;;
4965;10295;38311249;10295;4965.38311249;CATEGORIA0;;1;1;0;1;;FAROL ESQUERDO ELETRICO COM MOTOR H4+PY21W+W5W 2009->;FAROL ESQUERDO ELETRICO COM MOTOR H4+PY21W+W5W 2009->;0;;
4965;10295;38311250;10295;4965.38311250;CATEGORIA0;;1;1;0;1;;FAROL ESQUERDO COM NEVOEIRO ELETRICO H1+H7+H1+PY21W+W5W;FAROL ESQUERDO COM NEVOEIRO ELETRICO H1+H7+H1+PY21W+W5W;0;;
4965;10295;38311251;10295;4965.38311251;CATEGORIA0;;1;1;0;1;;FAROL ESQUERDO ELETRICO COM MOTOR H1+H7+PY21W+W5W;FAROL ESQUERDO ELETRICO COM MOTOR H1+H7+PY21W+W5W;0;;
4965;10295;38311253;10295;4965.38311253;CATEGORIA0;;1;1;0;1;;FAROL ESQUERDO ELETRICO COM MOTOR H7+H1+PY21W+W5W+W21WTIPO M;FAROL ESQUERDO ELETRICO COM MOTOR H7+H1+PY21W+W5W+W21WTIPO M;0;;
4965;10295;38311255;10295;4965.38311255;CATEGORIA0;;1;1;0;1;;FAROL ESQUERDO ELETRICO COM FAROLIM BRANCO H1+H7;FAROL ESQUERDO ELETRICO COM FAROLIM BRANCO H1+H7;0;;
4965;10295;38311259;10295;4965.38311259;CATEGORIA0;;1;1;0;1;;FAROL ESQUERDO ELETRICO COM MOTOR/BASE CROMADA H7+H7+W21/5W+;FAROL ESQUERDO ELETRICO COM MOTOR/BASE CROMADA H7+H7+W21/5W+;0;;
4965;10295;38311262;10295;4965.38311262;CATEGORIA0;;1;1;0;1;;FAROL ESQUERDO ELETRICO COM MOTOR H1+H1+PY24W+W5W;FAROL ESQUERDO ELETRICO COM MOTOR H1+H1+PY24W+W5W;0;;
4965;10295;38311282;10295;4965.38311282;CATEGORIA0;;1;1;0;1;;FAROL ESQUERDA ELETRICO LED H1+H FAROL ESQUERDA ELETRICO LED;FAROL ESQUERDA ELETRICO LED H1+H FAROL ESQUERDA ELETRICO LED;0;;
4965;10295;38311290;10295;4965.38311290;CATEGORIA0;;1;1;0;1;;FAROL ESQUERDO ELETRICO H4+PY21W+W5W;FAROL ESQUERDO ELETRICO H4+PY21W+W5W;0;;
4965;10295;38311292;10295;4965.38311292;CATEGORIA0;;1;1;0;1;;FAROL ESQUERDO ELETRICO H4+PY21W+W5W;FAROL ESQUERDO ELETRICO H4+PY21W+W5W;0;;
4965;10295;38311293;10295;4965.38311293;CATEGORIA0;;1;1;0;1;;FAROL ESQUERDO MANUAL/ELETRICO BASE CROMADA H4+PY21W+W5W;FAROL ESQUERDO MANUAL/ELETRICO BASE CROMADA H4+PY21W+W5W;0;;
4965;10295;38311294;10295;4965.38311294;CATEGORIA0;;1;1;0;1;;FAROL ESQUERDO MANUAL BASE PRETA H4+PY21W+W21/5W TIPO EL;FAROL ESQUERDO MANUAL BASE PRETA H4+PY21W+W21/5W TIPO EL;0;;
4965;10295;38311295;10295;4965.38311295;CATEGORIA0;;1;1;0;1;;FAROL ESQUERDO MANUAL/ELETRICO BASE CROMADA H1+H7+PY21W+W5W;FAROL ESQUERDO MANUAL/ELETRICO BASE CROMADA H1+H7+PY21W+W5W;0;;
4965;10295;38311297;10295;4965.38311297;CATEGORIA0;;1;1;0;1;;FAROL ESQUERDA H7+H7+PY21W, TIPO V 2017->;FAROL ESQUERDA H7+H7+PY21W, TIPO V 2017->;0;;
4965;10295;38311298;10295;4965.38311298;CATEGORIA0;;1;1;0;1;;FAROL ESQUERDO ELETRICO H4+P21W+PY21W+W5W TIPO V;FAROL ESQUERDO ELETRICO H4+P21W+PY21W+W5W TIPO V;0;;
4965;10295;38311308;10295;4965.38311308;CATEGORIA0;;1;1;0;1;;FAROL ESQUERDO ELETRICO H4+PY21W+W5W;FAROL ESQUERDO ELETRICO H4+PY21W+W5W;0;;
4965;10295;38311316;10295;4965.38311316;CATEGORIA0;;1;1;0;1;;FAROL ESQUERDO ELETRICO H4+W5W;FAROL ESQUERDO ELETRICO H4+W5W;0;;
4965;10295;38311325;10295;4965.38311325;CATEGORIA0;;1;1;0;1;;FAROL ESQUERDO ELETRICO COM MOTOR H4+W5W;FAROL ESQUERDO ELETRICO COM MOTOR H4+W5W;0;;
4965;10295;38311330;10295;4965.38311330;CATEGORIA0;;1;1;0;1;;FAROL ESQUERDO ELETRICO H4+P21W+W5W 4 PORTAS;FAROL ESQUERDO ELETRICO H4+P21W+W5W 4 PORTAS;0;;
4965;10295;38311443;10295;4965.38311443;CATEGORIA0;;1;1;0;1;;FAROL ESQUERDO ELETRICO COM MOTOR/BASE CROMADA H1+H7+PY21W+W;FAROL ESQUERDO ELETRICO COM MOTOR/BASE CROMADA H1+H7+PY21W+W;0;;
4965;10295;38311447;10295;4965.38311447;CATEGORIA0;;1;1;0;1;;FAROL ESQUERDO ELETRICO COM MOTOR H4;FAROL ESQUERDO ELETRICO COM MOTOR H4;0;;
4965;10295;38311451;10295;4965.38311451;CATEGORIA0;;1;1;0;1;;FAROL ESQUERDO ELETRICO COM MOTOR H4+PY21W+W5W TIPO S 4 PORT;FAROL ESQUERDO ELETRICO COM MOTOR H4+PY21W+W5W TIPO S 4 PORT;0;;
4965;10295;38311452;10295;4965.38311452;CATEGORIA0;;1;1;0;1;;FAROL ESQUERDO ELETRICO COM MOTOR H4+PY21W+W5W TIPO S;FAROL ESQUERDO ELETRICO COM MOTOR H4+PY21W+W5W TIPO S;0;;
4965;10295;38311453;10295;4965.38311453;CATEGORIA0;;1;1;0;1;;FAROL ESQUERDO ELETRICO COM MOTOR H4+PY21W+W5W;FAROL ESQUERDO ELETRICO COM MOTOR H4+PY21W+W5W;0;;
4965;10295;38311454;10295;4965.38311454;CATEGORIA0;;1;1;0;1;;FAROL ESQUERDO ELETRICO COM MOTOR/BASE CROMADA H1+H7+PY21W+W;FAROL ESQUERDO ELETRICO COM MOTOR/BASE CROMADA H1+H7+PY21W+W;0;;
4965;10295;38311503;10295;4965.38311503;CATEGORIA0;;1;1;0;1;;FAROL ESQUERDO ELETRICO COM MOTOR/BASE PRETA H7+H15+PY21W+W5;FAROL ESQUERDO ELETRICO COM MOTOR/BASE PRETA H7+H15+PY21W+W5;0;;
4965;10295;38311504;10295;4965.38311504;CATEGORIA0;;1;1;0;1;;FAROL ESQUERDO ELETRICO BASE PRETA H1+H7+PY21W+W5W;FAROL ESQUERDO ELETRICO BASE PRETA H1+H7+PY21W+W5W;0;;
4965;10295;38311505;10295;4965.38311505;CATEGORIA0;;1;1;0;1;;FAROL NEVOEIRO ESQUERDO H1;FAROL NEVOEIRO ESQUERDO H1;0;;
4965;10295;38311507;10295;4965.38311507;CATEGORIA0;;1;1;0;1;;FAROL ESQUERDO MANUAL/ELETRICO COM MOTOR H4+PY21W+W5W;FAROL ESQUERDO MANUAL/ELETRICO COM MOTOR H4+PY21W+W5W;0;;
4965;10295;38311508;10295;4965.38311508;CATEGORIA0;;1;1;0;1;;FAROL ESQUERDO ELETRICO COM MOTOR/BASE PRETA H4+P21W+W5W;FAROL ESQUERDO ELETRICO COM MOTOR/BASE PRETA H4+P21W+W5W;0;;
4965;10295;38311509;10295;4965.38311509;CATEGORIA0;;1;1;0;1;;FAROL ESQUERDO ELETRICO COM MOTOR H4+PY21W+W5W COM COBERTURA;FAROL ESQUERDO ELETRICO COM MOTOR H4+PY21W+W5W COM COBERTURA;0;;
4965;10295;38311519;10295;4965.38311519;CATEGORIA0;;1;1;0;1;;FAROL NEVOEIRO ESQUERDO H3;FAROL NEVOEIRO ESQUERDO H3;0;;
4965;10295;38311521;10295;4965.38311521;CATEGORIA0;;1;1;0;1;;FAROL ESQUERDO ELETRICO COM MOTOR H4+PY21W+W5W;FAROL ESQUERDO ELETRICO COM MOTOR H4+PY21W+W5W;0;;
4965;10295;38311524;10295;4965.38311524;CATEGORIA0;;1;1;0;1;;FAROL ESQUERDO ELETRICO COM MOTOR/BASE PRETA H7+H15+W5W+PWY2;FAROL ESQUERDO ELETRICO COM MOTOR/BASE PRETA H7+H15+W5W+PWY2;0;;
4965;10295;38311525;10295;4965.38311525;CATEGORIA0;;1;1;0;1;;FAROL ESQUERDO ELETRICO COM MOTOR H7+H7+H21W+W5W;FAROL ESQUERDO ELETRICO COM MOTOR H7+H7+H21W+W5W;0;;
4965;10295;38311526;10295;4965.38311526;CATEGORIA0;;1;1;0;1;;FAROL ESQUERDO LED ELETRICO COMMOTOR/BASE CROMADA H1+H7+D3S;FAROL ESQUERDO LED ELETRICO COMMOTOR/BASE CROMADA H1+H7+D3S;0;;
4965;10295;38311528;10295;4965.38311528;CATEGORIA0;;1;1;0;1;;FAROL ESQUERDO LED ELETRICO COMMOTOR H4+PY21W TIPO V;FAROL ESQUERDO LED ELETRICO COMMOTOR H4+PY21W TIPO V;0;;
4965;10295;38311538;10295;4965.38311538;CATEGORIA0;;1;1;0;1;;FAROL ESQUERDO ELETRICO COM MOTOR H7+H15+PY21W+W5W TIPOMAK;FAROL ESQUERDO ELETRICO COM MOTOR H7+H15+PY21W+W5W TIPOMAK;0;;
4965;10295;38311544;10295;4965.38311544;CATEGORIA0;;1;1;0;1;;FAROL ESQUERDO ELETRICO H4+P21W+W5W;FAROL ESQUERDO ELETRICO H4+P21W+W5W;0;;
4965;10295;38311546;10295;4965.38311546;CATEGORIA0;;1;1;0;1;;FAROL ESQUERDO MANUAL/ELETRICO H7+H7+PY21W+W5W TIPO A 11/199;FAROL ESQUERDO MANUAL/ELETRICO H7+H7+PY21W+W5W TIPO A 11/199;0;;
4965;10295;38311547;10295;4965.38311547;CATEGORIA0;;1;1;0;1;;FAROL ESQUERDO ELETRICO H4+PY21W+W5W;FAROL ESQUERDO ELETRICO H4+PY21W+W5W;0;;
4965;10295;38311548;10295;4965.38311548;CATEGORIA0;;1;1;0;1;;FAROL ESQUERDO ELETRICO H1+D2S+P21W+W5W;FAROL ESQUERDO ELETRICO H1+D2S+P21W+W5W;0;;
4965;10295;38311554;10295;4965.38311554;CATEGORIA0;;1;1;0;1;;FAROL ESQUERDO ELETRICO COM MOTOR H1+H7+PY21W+W5W;FAROL ESQUERDO ELETRICO COM MOTOR H1+H7+PY21W+W5W;0;;
4965;10295;38311558;10295;4965.38311558;CATEGORIA0;;1;1;0;1;;FAROL ESQUERDO ELETRICO COM MOTOR H1+H7+PY21W;FAROL ESQUERDO ELETRICO COM MOTOR H1+H7+PY21W;0;;
4965;10295;38311561;10295;4965.38311561;CATEGORIA0;;1;1;0;1;;FAROL ESQUERDO MANUAL/ELETRICO BASE PRETA H1+H7;FAROL ESQUERDO MANUAL/ELETRICO BASE PRETA H1+H7;0;;
4965;10295;38311563;10295;4965.38311563;CATEGORIA0;;1;1;0;1;;FAROL ESQUERDO ELETRICO BASE CROMADA H1+H7+PY21W+W5W;FAROL ESQUERDO ELETRICO BASE CROMADA H1+H7+PY21W+W5W;0;;
4965;10295;38311564;10295;4965.38311564;CATEGORIA0;;1;1;0;1;;FAROL ESQUERDO ELETRICO COM MOTOR/BASE CROMADA H1+H7+PY21W+W;FAROL ESQUERDO ELETRICO COM MOTOR/BASE CROMADA H1+H7+PY21W+W;0;;
4965;10295;38311566;10295;4965.38311566;CATEGORIA0;;1;1;0;1;;FAROL ESQUERDO ELETRICO COM MOTOR H7+H7+PY21W+W5W TIPO V;FAROL ESQUERDO ELETRICO COM MOTOR H7+H7+PY21W+W5W TIPO V;0;;
4965;10295;38311568;10295;4965.38311568;CATEGORIA0;;1;1;0;1;;FAROL ESQUERDO ELETRICO H1+H7+PY21W+W5W;FAROL ESQUERDO ELETRICO H1+H7+PY21W+W5W;0;;
4965;10295;38311569;10295;4965.38311569;CATEGORIA0;;1;1;0;1;;FAROL ESQUERDO ELETRICO H7+H1+PY21W+W5W;FAROL ESQUERDO ELETRICO H7+H1+PY21W+W5W;0;;
4965;10295;38311574;10295;4965.38311574;CATEGORIA0;;1;1;0;1;;FAROL ESQUERDO ELETRICO COM MOTOR H7+H15+PY21W+W5W TIPOA;FAROL ESQUERDO ELETRICO COM MOTOR H7+H15+PY21W+W5W TIPOA;0;;
4965;10295;38311578;10295;4965.38311578;CATEGORIA0;;1;1;0;1;;FAROL ESQUERDO ELETRICO COM MOTOR/BASE PRETA H7+H15+PY21W+W5;FAROL ESQUERDO ELETRICO COM MOTOR/BASE PRETA H7+H15+PY21W+W5;0;;
4965;10295;38311601;10295;4965.38311601;CATEGORIA0;;1;1;0;1;;FAROL ESQUERDO ELETRICO H1+HB3+W5W+W21W;FAROL ESQUERDO ELETRICO H1+HB3+W5W+W21W;0;;
4965;10295;38311602;10295;4965.38311602;CATEGORIA0;;1;1;0;1;;FAROL ESQUERDO MANUAL/ELETRICO H4;FAROL ESQUERDO MANUAL/ELETRICO H4;0;;
4965;10295;38311605;10295;4965.38311605;CATEGORIA0;;1;1;0;1;;FAROL ESQUERDO MANUAL/ELETRICO BASE PRETA H4+W5W+WY21W TIPO;FAROL ESQUERDO MANUAL/ELETRICO BASE PRETA H4+W5W+WY21W TIPO;0;;
4965;10295;38311608;10295;4965.38311608;CATEGORIA0;;1;1;0;1;;FAROL ESQUERDO ELETRICO COM MOTOR/5 PORTAS H1+H7+PY21W+W5W;FAROL ESQUERDO ELETRICO COM MOTOR/5 PORTAS H1+H7+PY21W+W5W;0;;
4965;10295;38311609;10295;4965.38311609;CATEGORIA0;;1;1;0;1;;FAROL ESQUERDO ELETRICO BASE PRETA H1+HB3+W5W+WY21W 3/5 PORT;FAROL ESQUERDO ELETRICO BASE PRETA H1+HB3+W5W+WY21W 3/5 PORT;0;;
4965;10295;38311614;10295;4965.38311614;CATEGORIA0;;1;1;0;1;;FAROL ESQUERDO ELETRICO H1+H7+PY21W+W5W 2000->;FAROL ESQUERDO ELETRICO H1+H7+PY21W+W5W 2000->;0;;
4965;10295;38311619;10295;4965.38311619;CATEGORIA0;;1;1;0;1;;FAROL ESQUERDO ELETRICO 4 PORTASH1+H1+W5W+W21W;FAROL ESQUERDO ELETRICO 4 PORTASH1+H1+W5W+W21W;0;;
4965;10295;38311621;10295;4965.38311621;CATEGORIA0;;1;1;0;1;;FAROL ESQUERDO ELETRICO H1+H1+W5W+WY21W;FAROL ESQUERDO ELETRICO H1+H1+W5W+WY21W;0;;
4965;10295;38311623;10295;4965.38311623;CATEGORIA0;;1;1;0;1;;FAROL ESQUERDO MANUAL/ELETRICO BASE CROMADA HB3+D2S+W5W+WY21;FAROL ESQUERDO MANUAL/ELETRICO BASE CROMADA HB3+D2S+W5W+WY21;0;;
4965;10295;38311624;10295;4965.38311624;CATEGORIA0;;1;1;0;1;;FAROL ESQUERDO ELETRICO H1+H1+W5W+WY21W;FAROL ESQUERDO ELETRICO H1+H1+W5W+WY21W;0;;
4965;10295;38311626;10295;4965.38311626;CATEGORIA0;;1;1;0;1;;FAROL ESQUERDO ELETRICO H4+W5W 3/5 PORTAS;FAROL ESQUERDO ELETRICO H4+W5W 3/5 PORTAS;0;;
4965;10295;38311631;10295;4965.38311631;CATEGORIA0;;1;1;0;1;;FAROL ESQUERDO ELETRICO TCON MOTOR H7+H7+PY21W+W5W TIPO SAM;FAROL ESQUERDO ELETRICO TCON MOTOR H7+H7+PY21W+W5W TIPO SAM;0;;
4965;10295;38311635;10295;4965.38311635;CATEGORIA0;;1;1;0;1;;FAROL ESQUERDO ELETRICO H4 2001->;FAROL ESQUERDO ELETRICO H4 2001->;0;;
4965;10295;38311637;10295;4965.38311637;CATEGORIA0;;1;1;0;1;;FAROL ESQUERDO ELETRICO H1+H7;FAROL ESQUERDO ELETRICO H1+H7;0;;
4965;10295;38311639;10295;4965.38311639;CATEGORIA0;;1;1;0;1;;FAROL ESQUERDO ELETRICO COM MOTOR H1+H7+PY21W+W5W;FAROL ESQUERDO ELETRICO COM MOTOR H1+H7+PY21W+W5W;0;;
4965;10295;38311640;10295;4965.38311640;CATEGORIA0;;1;1;0;1;;FAROL ESQUERDO MANUAL H4;FAROL ESQUERDO MANUAL H4;0;;
4965;10295;38311643;10295;4965.38311643;CATEGORIA0;;1;1;0;1;;FAROL NEVOEIRO ESQUERDO H27W/2 4PORTAS;FAROL NEVOEIRO ESQUERDO H27W/2 4PORTAS;0;;
4965;10295;38311644;10295;4965.38311644;CATEGORIA0;;1;1;0;1;;FAROL ESQUERDO ELETRICO COM MOTOR H7+H7+PY21W+W5W TIPO SAM;FAROL ESQUERDO ELETRICO COM MOTOR H7+H7+PY21W+W5W TIPO SAM;0;;
4965;10295;38311645;10295;4965.38311645;CATEGORIA0;;1;1;0;1;;FAROL ESQUERDO MANUAL/ELETRICO H4+PY21W+W5W;FAROL ESQUERDO MANUAL/ELETRICO H4+PY21W+W5W;0;;
4965;10295;38311646;10295;4965.38311646;CATEGORIA0;;1;1;0;1;;FAROL ESQUERDO ELETRICO H1+H7+PY21W+W5W;FAROL ESQUERDO ELETRICO H1+H7+PY21W+W5W;0;;
4965;10295;38311651;10295;4965.38311651;CATEGORIA0;;1;1;0;1;;FAROL ESQUERDO ELETRICO ÂMBAR H7+H7+PY21W+H6W;FAROL ESQUERDO ELETRICO ÂMBAR H7+H7+PY21W+H6W;0;;
4965;10295;38311652;10295;4965.38311652;CATEGORIA0;;1;1;0;1;;FAROL NEVOEIRO ESQUERDO;FAROL NEVOEIRO ESQUERDO;0;;
4965;10295;38311653;10295;4965.38311653;CATEGORIA0;;1;1;0;1;;FAROL NEVOEIRO ESQUERDO H27W/2;FAROL NEVOEIRO ESQUERDO H27W/2;0;;
4965;10295;38311663;10295;4965.38311663;CATEGORIA0;;1;1;0;1;;FAROL ESQUERDO ELETRICO BASE PRETA H4+H7+PY21W+W5W TIPO A;FAROL ESQUERDO ELETRICO BASE PRETA H4+H7+PY21W+W5W TIPO A;0;;
4965;10295;38311664;10295;4965.38311664;CATEGORIA0;;1;1;0;1;;FAROL ESQUERDO H7 ELETRICO COM MOTOR TIPO MOB;FAROL ESQUERDO H7 ELETRICO COM MOTOR TIPO MOB;0;;
4965;10295;38311667;10295;4965.38311667;CATEGORIA0;;1;1;0;1;;FAROL ESQUERDO ELETRICO H4+P21W+W5W;FAROL ESQUERDO ELETRICO H4+P21W+W5W;0;;
4965;10295;38311670;10295;4965.38311670;CATEGORIA0;;1;1;0;1;;FAROL ESQUERDO ELETRICO BASE PRETA H4+PY21WX2+W5W;FAROL ESQUERDO ELETRICO BASE PRETA H4+PY21WX2+W5W;0;;
4965;10295;38311671;10295;4965.38311671;CATEGORIA0;;1;1;0;1;;FAROL ESQUERDO ELETRICO H4+PY21W+W5W;FAROL ESQUERDO ELETRICO H4+PY21W+W5W;0;;
4965;10295;38311672;10295;4965.38311672;CATEGORIA0;;1;1;0;1;;FAROL ESQUERDO ELETRICO H1+H7+PY21W+W5W;FAROL ESQUERDO ELETRICO H1+H7+PY21W+W5W;0;;
4965;10295;38311673;10295;4965.38311673;CATEGORIA0;;1;1;0;1;;FAROL ESQUERDO ELETRICO COM MOTOR H4+PY21W+W5W;FAROL ESQUERDO ELETRICO COM MOTOR H4+PY21W+W5W;0;;
4965;10295;38311674;10295;4965.38311674;CATEGORIA0;;1;1;0;1;;FAROL ESQUERDO MANUAL/ELETRICO H7+H7+PY21W+W5W;FAROL ESQUERDO MANUAL/ELETRICO H7+H7+PY21W+W5W;0;;
4965;10295;38311676;10295;4965.38311676;CATEGORIA0;;1;1;0;1;;FAROL ESQUERDO ELETRICO BASE PRETA H1+H7;FAROL ESQUERDO ELETRICO BASE PRETA H1+H7;0;;
4965;10295;38311680;10295;4965.38311680;CATEGORIA0;;1;1;0;1;;FAROL ESQUERDA H4 ELETRICO BASEPRETA SEM MOTOR PY21W, W5W TI;FAROL ESQUERDA H4 ELETRICO BASEPRETA SEM MOTOR PY21W, W5W TI;0;;
4965;10295;38311691;10295;4965.38311691;CATEGORIA0;;1;1;0;1;;FAROL ESQUERDO ELETRICO COM MOTOR/BASE PRETA H1+H7+W5W+W21W;FAROL ESQUERDO ELETRICO COM MOTOR/BASE PRETA H1+H7+W5W+W21W;0;;
4965;10295;38311695;10295;4965.38311695;CATEGORIA0;;1;1;0;1;;LUZ ESQUERDO ELETRICO H1+H7+W5W;LUZ ESQUERDO ELETRICO H1+H7+W5W;0;;
4965;10295;38311696;10295;4965.38311696;CATEGORIA0;;1;1;0;1;;FAROL ESQUERDO H7+H1 COM MOTOR TIPO A;FAROL ESQUERDO H7+H1 COM MOTOR TIPO A;0;;
4965;10295;38311697;10295;4965.38311697;CATEGORIA0;;1;1;0;1;;FAROL ESQUERDO ELETRICO COM MOTOR H1+H7+H1+PY21W+W5W;FAROL ESQUERDO ELETRICO COM MOTOR H1+H7+H1+PY21W+W5W;0;;
4965;10295;38311728;10295;4965.38311728;CATEGORIA0;;1;1;0;1;;FAROL ESQUERDO ELETRICO H3+H7+PY21W+W5W;FAROL ESQUERDO ELETRICO H3+H7+PY21W+W5W;0;;
4965;10295;38311729;10295;4965.38311729;CATEGORIA0;;1;1;0;1;;FAROL ESQUERDO ELETRICO COM MOTOR H3+H7+PY21W+W5W;FAROL ESQUERDO ELETRICO COM MOTOR H3+H7+PY21W+W5W;0;;
4965;10295;38311730;10295;4965.38311730;CATEGORIA0;;1;1;0;1;;FAROL ESQUERDO ELETRICO COM MOTOR H4+PY24W+W5W+W21W;FAROL ESQUERDO ELETRICO COM MOTOR H4+PY24W+W5W+W21W;0;;
4965;10295;38311813;10295;4965.38311813;CATEGORIA0;;1;1;0;1;;FAROL ESQUERDO MANUAL/ELETRICO BASE PRETA H7+H7+PY21W+W5W;FAROL ESQUERDO MANUAL/ELETRICO BASE PRETA H7+H7+PY21W+W5W;0;;
4965;10295;38311814;10295;4965.38311814;CATEGORIA0;;1;1;0;1;;FAROL ESQUERDO MANUAL/ELETRICO H4+PY21WX2+W5W;FAROL ESQUERDO MANUAL/ELETRICO H4+PY21WX2+W5W;0;;
4965;10295;38311816;10295;4965.38311816;CATEGORIA0;;1;1;0;1;;FAROL ESQUERDO MANUAL/ELETRICO COM FAROLIM ÂMBAR H4+PY21W+W5;FAROL ESQUERDO MANUAL/ELETRICO COM FAROLIM ÂMBAR H4+PY21W+W5;0;;
4965;10295;38311825;10295;4965.38311825;CATEGORIA0;;1;1;0;1;;FAROL ESQUERDO ELETRICO H7+H7+PY21W+W5W 2001->;FAROL ESQUERDO ELETRICO H7+H7+PY21W+W5W 2001->;0;;
4965;10295;38311827;10295;4965.38311827;CATEGORIA0;;1;1;0;1;;FAROL ESQUERDO ELETRICO COM MOTOR+H1+H7;FAROL ESQUERDO ELETRICO COM MOTOR+H1+H7;0;;
4965;10295;38311831;10295;4965.38311831;CATEGORIA0;;1;1;0;1;;FAROL ESQUERDO ELETRICO H4+PY21W+W5W;FAROL ESQUERDO ELETRICO H4+PY21W+W5W;0;;
4965;10295;38311833;10295;4965.38311833;CATEGORIA0;;1;1;0;1;;FAROL ESQUERDO MANUAL H4+PY21W+W5W;FAROL ESQUERDO MANUAL H4+PY21W+W5W;0;;
4965;10295;38311840;10295;4965.38311840;CATEGORIA0;;1;1;0;1;;FAROL ESQUERDO ELETRICO COM MOTOR H4+PY21W+W5W;FAROL ESQUERDO ELETRICO COM MOTOR H4+PY21W+W5W;0;;
4965;10295;38311843;10295;4965.38311843;CATEGORIA0;;1;1;0;1;;FAROL ESQUERDO ELETRICO H1+H7+H21W+W5W;FAROL ESQUERDO ELETRICO H1+H7+H21W+W5W;0;;
4965;10295;38311846;10295;4965.38311846;CATEGORIA0;;1;1;0;1;;FAROL ESQUERDO ELETRICO COM MOTOR/BASE PRETA H7+H7+H7+PY21W+;FAROL ESQUERDO ELETRICO COM MOTOR/BASE PRETA H7+H7+H7+PY21W+;0;;
4965;10295;38311850;10295;4965.38311850;CATEGORIA0;;1;1;0;1;;FAROL ESQUERDO ELETRICO COM MOTOR H4+PY21W+W5W 4 PORTAS;FAROL ESQUERDO ELETRICO COM MOTOR H4+PY21W+W5W 4 PORTAS;0;;
4965;10295;38311851;10295;4965.38311851;CATEGORIA0;;1;1;0;1;;FAROL ESQUERDO MANUAL/ELETRICO H1+H7+P21W+W5W;FAROL ESQUERDO MANUAL/ELETRICO H1+H7+P21W+W5W;0;;
4965;10295;38311957;10295;4965.38311957;CATEGORIA0;;1;1;0;1;;FAROL ESQUERDO ELETRICO COM MOTOR H1+H7+W5W;FAROL ESQUERDO ELETRICO COM MOTOR H1+H7+W5W;0;;
4965;10295;38311960;10295;4965.38311960;CATEGORIA0;;1;1;0;1;;FAROL ESQUERDO ELETRICO H11+HB3+W5W+WY21W;FAROL ESQUERDO ELETRICO H11+HB3+W5W+WY21W;0;;
4965;10295;38311961;10295;4965.38311961;CATEGORIA0;;1;1;0;1;;FAROL ESQUERDO ELETRICO H11+H15+W5W TIPO ST 4/5 PORTAS;FAROL ESQUERDO ELETRICO H11+H15+W5W TIPO ST 4/5 PORTAS;0;;
4965;10295;38311965;10295;4965.38311965;CATEGORIA0;;1;1;0;1;;FAROL ESQUERDO ELETRICO H7+HB3+PY21W+W5W 5 PORTAS;FAROL ESQUERDO ELETRICO H7+HB3+PY21W+W5W 5 PORTAS;0;;
4965;10295;38311967;10295;4965.38311967;CATEGORIA0;;1;1;0;1;;FAROL ESQUERDO ELETRICO H4+PY21W+W5W;FAROL ESQUERDO ELETRICO H4+PY21W+W5W;0;;
4965;10295;38311968;10295;4965.38311968;CATEGORIA0;;1;1;0;1;;FAROL ESQUERDO ELETRICO COM MOTOR/BASE CROMADA H1+H1+PY21W+W;FAROL ESQUERDO ELETRICO COM MOTOR/BASE CROMADA H1+H1+PY21W+W;0;;
4965;10295;38311970;10295;4965.38311970;CATEGORIA0;;1;1;0;1;;FAROL ESQUERDO ELETRICO H9+H11+W5W+WY21W;FAROL ESQUERDO ELETRICO H9+H11+W5W+WY21W;0;;
4965;10295;38311971;10295;4965.38311971;CATEGORIA0;;1;1;0;1;;FAROL ESQUERDO ELETRICO BASE PRETA H11+H15+W5W+WY21W;FAROL ESQUERDO ELETRICO BASE PRETA H11+H15+W5W+WY21W;0;;
4965;10295;38311972;10295;4965.38311972;CATEGORIA0;;1;1;0;1;;FAROL ESQUERDO ELETRICO BASE CROMADA H7+HB3+PY21W+W5W;FAROL ESQUERDO ELETRICO BASE CROMADA H7+HB3+PY21W+W5W;0;;
4965;10295;38311976;10295;4965.38311976;CATEGORIA0;;1;1;0;1;;FAROL ESQUERDO MANUAL/ELETRICO H11+HB3 TIPO ST;FAROL ESQUERDO MANUAL/ELETRICO H11+HB3 TIPO ST;0;;
4965;10295;38312018;10295;4965.38312018;CATEGORIA0;;1;1;0;1;;FAROL ESQUERDO ELETRICO PNEUMATICO H3+H4+W5W BASE CROMADA;FAROL ESQUERDO ELETRICO PNEUMATICO H3+H4+W5W BASE CROMADA;0;;
4965;10295;38312020;10295;4965.38312020;CATEGORIA0;;1;1;0;1;;FAROL ESQUERDO COM NEVOEIRO ELETRICO H1+H7+H1+W5W 1997->;FAROL ESQUERDO COM NEVOEIRO ELETRICO H1+H7+H1+W5W 1997->;0;;
4965;10295;38312021;10295;4965.38312021;CATEGORIA0;;1;1;0;1;;FAROL ESQUERDO ELETRICO PNEUMATICO H7+H7;FAROL ESQUERDO ELETRICO PNEUMATICO H7+H7;0;;
4965;10295;38312023;10295;4965.38312023;CATEGORIA0;;1;1;0;1;;FAROL ESQUERDO ELETRICO H7+D2R+PY21W+H6W;FAROL ESQUERDO ELETRICO H7+D2R+PY21W+H6W;0;;
4965;10295;38312025;10295;4965.38312025;CATEGORIA0;;1;1;0;1;;FAROL ESQUERDO ELETRICO COM FAROLIM TRANSPARENTE H7+D2S+PY21;FAROL ESQUERDO ELETRICO COM FAROLIM TRANSPARENTE H7+D2S+PY21;0;;
4965;10295;38312033;10295;4965.38312033;CATEGORIA0;;1;1;0;1;;FAROL ESQUERDO COM NEVOEIRO ELETRICO H7+H7+H7+PY21W+W5W;FAROL ESQUERDO COM NEVOEIRO ELETRICO H7+H7+H7+PY21W+W5W;0;;
4965;10295;38312034;10295;4965.38312034;CATEGORIA0;;1;1;0;1;;FAROL ESQUERDO ELETRICO COM MOTOR H7+H7+H7 TIPO HE;FAROL ESQUERDO ELETRICO COM MOTOR H7+H7+H7 TIPO HE;0;;
4965;10295;38312035;10295;4965.38312035;CATEGORIA0;;1;1;0;1;;FAROL ESQUERDO ELETRICO H1+H4+W5W PNEUMATICO;FAROL ESQUERDO ELETRICO H1+H4+W5W PNEUMATICO;0;;
4965;10295;38312036;10295;4965.38312036;CATEGORIA0;;1;1;0;1;;FAROL ESQUERDO COM NEVOEIRO ELETRICO PNEUMATICO H1+H1+H1+W5W;FAROL ESQUERDO COM NEVOEIRO ELETRICO PNEUMATICO H1+H1+H1+W5W;0;;
4965;10295;38312038;10295;4965.38312038;CATEGORIA0;;1;1;0;1;;FAROL ESQUERDO SEM NEVOEIRO ELETRICO H1+H7+PY21W+W5W;FAROL ESQUERDO SEM NEVOEIRO ELETRICO H1+H7+PY21W+W5W;0;;
4965;10295;38312039;10295;4965.38312039;CATEGORIA0;;1;1;0;1;;FAROL ESQUERDO SEM NEVOEIRO ELETRICO H3+H7+PY21W+W5W;FAROL ESQUERDO SEM NEVOEIRO ELETRICO H3+H7+PY21W+W5W;0;;
4965;10295;38312041;10295;4965.38312041;CATEGORIA0;;1;1;0;1;;FAROL ESQUERDO ELETRICO H7+H7 2008->;FAROL ESQUERDO ELETRICO H7+H7 2008->;0;;
4965;10295;38312043;10295;4965.38312043;CATEGORIA0;;1;1;0;1;;FAROL ESQUERDO ELETRICO H7+D2R+PY21W+H6W;FAROL ESQUERDO ELETRICO H7+D2R+PY21W+H6W;0;;
4965;10295;38312044;10295;4965.38312044;CATEGORIA0;;1;1;0;1;;FAROL ESQUERDO ELETRICO H7+H7;FAROL ESQUERDO ELETRICO H7+H7;0;;
4965;10295;38312045;10295;4965.38312045;CATEGORIA0;;1;1;0;1;;FAROL ESQUERDO ELETRICO COM MOTOR H7+H7;FAROL ESQUERDO ELETRICO COM MOTOR H7+H7;0;;
4965;10295;38312047;10295;4965.38312047;CATEGORIA0;;1;1;0;1;;FAROL ESQUERDO ELETRICO COM MOTOR H1+H3+H7+PY21W+W5W;FAROL ESQUERDO ELETRICO COM MOTOR H1+H3+H7+PY21W+W5W;0;;
4965;10295;38312049;10295;4965.38312049;CATEGORIA0;;1;1;0;1;;FAROL ESQUERDO ELETRICO COM MOTOR H7+H7;FAROL ESQUERDO ELETRICO COM MOTOR H7+H7;0;;
4965;10295;38312051;10295;4965.38312051;CATEGORIA0;;1;1;0;1;;FAROL ESQUERDO ELETRICO COM MOTOR H7+H7+PY21W+W5W;FAROL ESQUERDO ELETRICO COM MOTOR H7+H7+PY21W+W5W;0;;
4965;10295;38312053;10295;4965.38312053;CATEGORIA0;;1;1;0;1;;FAROL ESQUERDO ELETRICO COM MOTOR H7+H7+PY21W+W5W;FAROL ESQUERDO ELETRICO COM MOTOR H7+H7+PY21W+W5W;0;;
4965;10295;38312055;10295;4965.38312055;CATEGORIA0;;1;1;0;1;;FAROL ESQUERDO ELETRICO H7+H7+PY21W+W5W;FAROL ESQUERDO ELETRICO H7+H7+PY21W+W5W;0;;
4965;10295;38312058;10295;4965.38312058;CATEGORIA0;;1;1;0;1;;FAROL ESQUERDO ELETRICO H7+H7+PY21W+W5W ->2004;FAROL ESQUERDO ELETRICO H7+H7+PY21W+W5W ->2004;0;;
4965;10295;38312060;10295;4965.38312060;CATEGORIA0;;1;1;0;1;;FAROL ESQUERDO ELETRICO PNEUMATICO H7+H7;FAROL ESQUERDO ELETRICO PNEUMATICO H7+H7;0;;
4965;10295;38312062;10295;4965.38312062;CATEGORIA0;;1;1;0;1;;FAROL ESQUERDO ELETRICO COM MOTOR H7+H7;FAROL ESQUERDO ELETRICO COM MOTOR H7+H7;0;;
4965;10295;38312063;10295;4965.38312063;CATEGORIA0;;1;1;0;1;;FAROL ESQUERDO ELETRICO COM MOTOR/BASE PRETA H7+H7;FAROL ESQUERDO ELETRICO COM MOTOR/BASE PRETA H7+H7;0;;
4965;10295;38312065;10295;4965.38312065;CATEGORIA0;;1;1;0;1;;FAROL ESQUERDO ELETRICO COM MOTOR H7+H7;FAROL ESQUERDO ELETRICO COM MOTOR H7+H7;0;;
4965;10295;38312068;10295;4965.38312068;CATEGORIA0;;1;1;0;1;;FAROL ESQUERDO LED ELETRICO COM MOTOR/BASE PRETA H7+H7+PWY24;FAROL ESQUERDO LED ELETRICO COM MOTOR/BASE PRETA H7+H7+PWY24;0;;
4965;10295;38312070;10295;4965.38312070;CATEGORIA0;;1;1;0;1;;FAROL ESQUERDO ELETRICO COM MOTOR H7+H15+PY21W TIPO HE;FAROL ESQUERDO ELETRICO COM MOTOR H7+H15+PY21W TIPO HE;0;;
4965;10295;38312073;10295;4965.38312073;CATEGORIA0;;1;1;0;1;;FAROL ESQUERDO ELETRICO COM MOTOR H7+H7+PY21W+W5W TIPO A;FAROL ESQUERDO ELETRICO COM MOTOR H7+H7+PY21W+W5W TIPO A;0;;
4965;10295;38312108;10295;4965.38312108;CATEGORIA0;;1;1;0;1;;FAROL ESQUERDO ELETRICO BASE CROMADA H7+HB3;FAROL ESQUERDO ELETRICO BASE CROMADA H7+HB3;0;;
4965;10295;38312113;10295;4965.38312113;CATEGORIA0;;1;1;0;1;;FAROL ESQUERDO ELETRICO BASE PRETA H4+W5W+W21W;FAROL ESQUERDO ELETRICO BASE PRETA H4+W5W+W21W;0;;
4965;10295;38312114;10295;4965.38312114;CATEGORIA0;;1;1;0;1;;FAROL ESQUERDO MANUAL/ELETRICO BASE CROMADA H4+W5W+W21W;FAROL ESQUERDO MANUAL/ELETRICO BASE CROMADA H4+W5W+W21W;0;;
4965;10295;38312143;10295;4965.38312143;CATEGORIA0;;1;1;0;1;;FAROL ESQUERDO HB4/HB3;FAROL ESQUERDO HB4/HB3;0;;
4965;10295;38312144;10295;4965.38312144;CATEGORIA0;;1;1;0;1;;FAROL ESQUERDO ELETRICO BASE PRETA H7+HB3+PY21W+W5W TIPO MOB;FAROL ESQUERDO ELETRICO BASE PRETA H7+HB3+PY21W+W5W TIPO MOB;0;;
4965;10295;38312151;10295;4965.38312151;CATEGORIA0;;1;1;0;1;;FAROL ESQUERDO ELETRICO ÂMBAR H4+P21W+W5W CABINA DUPLA;FAROL ESQUERDO ELETRICO ÂMBAR H4+P21W+W5W CABINA DUPLA;0;;
4965;10295;38312161;10295;4965.38312161;CATEGORIA0;;1;1;0;1;;FAROL ESQUERDO ELETRICO H9+D2S+W5W+WY21W;FAROL ESQUERDO ELETRICO H9+D2S+W5W+WY21W;0;;
4965;10295;38312200;10295;4965.38312200;CATEGORIA0;;1;1;0;1;;FAROL ESQUERDO ELETRICO H7+H7 TIPO V;FAROL ESQUERDO ELETRICO H7+H7 TIPO V;0;;
4965;10295;38312201;10295;4965.38312201;CATEGORIA0;;1;1;0;1;;FAROL ESQUERDO ELETRICO COM MOTOR H7+H7;FAROL ESQUERDO ELETRICO COM MOTOR H7+H7;0;;
4965;10295;38312204;10295;4965.38312204;CATEGORIA0;;1;1;0;1;;FAROL ESQUERDO ELETRICO COM MOTOR/CON FAROLIM BRANCO H4+PY21;FAROL ESQUERDO ELETRICO COM MOTOR/CON FAROLIM BRANCO H4+PY21;0;;
4965;10295;38312209;10295;4965.38312209;CATEGORIA0;;1;1;0;1;;FAROL ESQUERDO ELETRICO H4+PW24WCOM MOTOR/CON FAROLIM ÂMBAR;FAROL ESQUERDO ELETRICO H4+PW24WCOM MOTOR/CON FAROLIM ÂMBAR;0;;
4965;10295;38312215;10295;4965.38312215;CATEGORIA0;;1;1;0;1;;FAROL ESQUERDO ELETRICO H4+P21WCOM MOTOR COM FAROLIM ÂMBAR;FAROL ESQUERDO ELETRICO H4+P21WCOM MOTOR COM FAROLIM ÂMBAR;0;;
4965;10295;38312622;10295;4965.38312622;CATEGORIA0;;1;1;0;1;;FAROL ESQUERDO ELETRICO H4+P21W+W5W;FAROL ESQUERDO ELETRICO H4+P21W+W5W;0;;
4965;10295;38312624;10295;4965.38312624;CATEGORIA0;;1;1;0;1;;FAROL ESQUERDO ELETRICO H4+W5W;FAROL ESQUERDO ELETRICO H4+W5W;0;;
4965;10295;38312626;10295;4965.38312626;CATEGORIA0;;1;1;0;1;;FAROL ESQUERDO ELETRICO H4+W5W;FAROL ESQUERDO ELETRICO H4+W5W;0;;
4965;10295;38312628;10295;4965.38312628;CATEGORIA0;;1;1;0;1;;FAROL ESQUERDO ELETRICO BASE PRETA H7+H7+P21W+W5W;FAROL ESQUERDO ELETRICO BASE PRETA H7+H7+P21W+W5W;0;;
4965;10295;38312633;10295;4965.38312633;CATEGORIA0;;1;1;0;1;;FAROL ESQUERDO MANUAL H4;FAROL ESQUERDO MANUAL H4;0;;
4965;10295;38312634;10295;4965.38312634;CATEGORIA0;;1;1;0;1;;FAROL ESQUERDO ELETRICO H7+H7+PY21W+W5W;FAROL ESQUERDO ELETRICO H7+H7+PY21W+W5W;0;;
4965;10295;38312637;10295;4965.38312637;CATEGORIA0;;1;1;0;1;;FAROL ESQUERDO ELETRICO H7+D1S+PY21W+W5W;FAROL ESQUERDO ELETRICO H7+D1S+PY21W+W5W;0;;
4965;10295;38312647;10295;4965.38312647;CATEGORIA0;;1;1;0;1;;FAROL ESQUERDO ELETRICO H4;FAROL ESQUERDO ELETRICO H4;0;;
4965;10295;38312648;10295;4965.38312648;CATEGORIA0;;1;1;0;1;;FAROL ESQUERDO ELETRICO H4+PY21W+W5W;FAROL ESQUERDO ELETRICO H4+PY21W+W5W;0;;
4965;10295;38312656;10295;4965.38312656;CATEGORIA0;;1;1;0;1;;FAROL ESQUERDO ELETRICO H11+HB3TIPO V;FAROL ESQUERDO ELETRICO H11+HB3TIPO V;0;;
4965;10295;38312658;10295;4965.38312658;CATEGORIA0;;1;1;0;1;;FAROL ESQUERDO LED ELETRICO BASEPRETA H9+H11+WY21W TIPO K;FAROL ESQUERDO LED ELETRICO BASEPRETA H9+H11+WY21W TIPO K;0;;
4965;10295;38312660;10295;4965.38312660;CATEGORIA0;;1;1;0;1;;FAROL ESQUERDO MANUAL H4+W5W;FAROL ESQUERDO MANUAL H4+W5W;0;;
4965;10295;38312662;10295;4965.38312662;CATEGORIA0;;1;1;0;1;;FAROL ESQUERDO ELETRICO H4;FAROL ESQUERDO ELETRICO H4;0;;
4965;10295;38312664;10295;4965.38312664;CATEGORIA0;;1;1;0;1;;FAROL ESQUERDO MANUAL H4;FAROL ESQUERDO MANUAL H4;0;;
4965;10295;38312665;10295;4965.38312665;CATEGORIA0;;1;1;0;1;;LUZ ESQUERDA MANUAL/ELETRICO H4+P21W+W5W;LUZ ESQUERDA MANUAL/ELETRICO H4+P21W+W5W;0;;
4965;10295;38312667;10295;4965.38312667;CATEGORIA0;;1;1;0;1;;FAROL ESQUERDO ELETRICO H7+H7+PY21W+W5W;FAROL ESQUERDO ELETRICO H7+H7+PY21W+W5W;0;;
4965;10295;38312668;10295;4965.38312668;CATEGORIA0;;1;1;0;1;;FAROL ESQUERDO ELETRICO H4+W5W;FAROL ESQUERDO ELETRICO H4+W5W;0;;
4965;10295;38312669;10295;4965.38312669;CATEGORIA0;;1;1;0;1;;FAROL ESQUERDO MANUAL/ELETRICO H4+W5W+W21W;FAROL ESQUERDO MANUAL/ELETRICO H4+W5W+W21W;0;;
4965;10295;38312671;10295;4965.38312671;CATEGORIA0;;1;1;0;1;;FAROL ESQUERDO ELETRICO H4+PY21W+W5W;FAROL ESQUERDO ELETRICO H4+PY21W+W5W;0;;
4965;10295;38312673;10295;4965.38312673;CATEGORIA0;;1;1;0;1;;LUZ ESQUERDA ELETRICA H4+PY21W+W5W 2010->2012;LUZ ESQUERDA ELETRICA H4+PY21W+W5W 2010->2012;0;;
4965;10295;38312680;10295;4965.38312680;CATEGORIA0;;1;1;0;1;;FAROL ESQUERDO ELETRICO H4+P21W+W5W;FAROL ESQUERDO ELETRICO H4+P21W+W5W;0;;
4965;10295;38312681;10295;4965.38312681;CATEGORIA0;;1;1;0;1;;FAROL ESQUERDO H4 ELETRICO TIPOV;FAROL ESQUERDO H4 ELETRICO TIPOV;0;;
4965;10295;38313005;10295;4965.38313005;CATEGORIA0;;1;1;0;1;;FAROL ESQUERDO ELETRICO H1+H7+PY21W+W5W;FAROL ESQUERDO ELETRICO H1+H7+PY21W+W5W;0;;
4965;10295;38313007;10295;4965.38313007;CATEGORIA0;;1;1;0;1;;FAROL ESQUERDO ELETRICO COM MOTOR H1+H7+PY21W+W21/5W BASE CR;FAROL ESQUERDO ELETRICO COM MOTOR H1+H7+PY21W+W21/5W BASE CR;0;;
4965;10295;38313032;10295;4965.38313032;CATEGORIA0;;1;1;0;1;;FAROL ESQUERDO ELETRICO COM MOTOR H4+H1;FAROL ESQUERDO ELETRICO COM MOTOR H4+H1;0;;
4965;10295;38313037;10295;4965.38313037;CATEGORIA0;;1;1;0;1;;FAROL ESQUERDO MANUAL/ELETRICO H7+H7+PY21W+W5W TIPO V;FAROL ESQUERDO MANUAL/ELETRICO H7+H7+PY21W+W5W TIPO V;0;;
4965;10295;38313039;10295;4965.38313039;CATEGORIA0;;1;1;0;1;;FAROL ESQUERDO MANUAL H4+W5W;FAROL ESQUERDO MANUAL H4+W5W;0;;
4965;10295;38313045;10295;4965.38313045;CATEGORIA0;;1;1;0;1;;FAROL ESQUERDO ELETRICO H1+H1+PY21W+W5W;FAROL ESQUERDO ELETRICO H1+H1+PY21W+W5W;0;;
4965;10295;38313053;10295;4965.38313053;CATEGORIA0;;1;1;0;1;;FAROL ESQUERDO ELETRICO H7+H7+PY21W+W5W TIPO Z;FAROL ESQUERDO ELETRICO H7+H7+PY21W+W5W TIPO Z;0;;
4965;10295;38313054;10295;4965.38313054;CATEGORIA0;;1;1;0;1;;FAROL ESQUERDO ELETRICO BASE CROMADA H1+H7+PY21W+W5W 3/5 POR;FAROL ESQUERDO ELETRICO BASE CROMADA H1+H7+PY21W+W5W 3/5 POR;0;;
4965;10295;38313055;10295;4965.38313055;CATEGORIA0;;1;1;0;1;;FAROL ESQUERDA ELETRICA COM MOTOR BASE PRETA H7+H7+PSY24W+W2;FAROL ESQUERDA ELETRICA COM MOTOR BASE PRETA H7+H7+PSY24W+W2;0;;
4965;10295;38313060;10295;4965.38313060;CATEGORIA0;;1;1;0;1;;FAROL NEVOEIRO ESQUERDO H3;FAROL NEVOEIRO ESQUERDO H3;0;;
4965;10295;38313062;10295;4965.38313062;CATEGORIA0;;1;1;0;1;;FAROL ESQUERDO ELETRICO COM MOTOR H7+D2S+PY21W+W5W;FAROL ESQUERDO ELETRICO COM MOTOR H7+D2S+PY21W+W5W;0;;
4965;10295;38313064;10295;4965.38313064;CATEGORIA0;;1;1;0;1;;FAROL ESQUERDO ELETRICO BASE PRETA H1+H7+H21W+W5W ->07/2008;FAROL ESQUERDO ELETRICO BASE PRETA H1+H7+H21W+W5W ->07/2008;0;;
4965;10295;38313065;10295;4965.38313065;CATEGORIA0;;1;1;0;1;;FAROL ESQUERDO ELETRICO H4+PY21W+W5W;FAROL ESQUERDO ELETRICO H4+PY21W+W5W;0;;
4965;10295;38313067;10295;4965.38313067;CATEGORIA0;;1;1;0;1;;FAROL ESQUERDO ELETRICO COM MOTOR H4+PY21W+W5W;FAROL ESQUERDO ELETRICO COM MOTOR H4+PY21W+W5W;0;;
4965;10295;38313068;10295;4965.38313068;CATEGORIA0;;1;1;0;1;;FAROL ESQUERDO ELETRICO COM MOTOR HIR2+PY21W+W21/5W TIPO A;FAROL ESQUERDO ELETRICO COM MOTOR HIR2+PY21W+W21/5W TIPO A;0;;
4965;10295;38313070;10295;4965.38313070;CATEGORIA0;;1;1;0;1;;FAROL ESQUERDO ELETRICO COM FAROLIM ÂMBAR COM MOTOR H7+H7+PY;FAROL ESQUERDO ELETRICO COM FAROLIM ÂMBAR COM MOTOR H7+H7+PY;0;;
4965;10295;38313075;10295;4965.38313075;CATEGORIA0;;1;1;0;1;;FAROL ESQUERDO ELETRICO BASE CROMADA H7+H7+PY21W+W5W;FAROL ESQUERDO ELETRICO BASE CROMADA H7+H7+PY21W+W5W;0;;
4965;10295;38313080;10295;4965.38313080;CATEGORIA0;;1;1;0;1;;FAROL ESQUERDO ELETRICO BASE PRETA H7+H7+PY21W+W5W;FAROL ESQUERDO ELETRICO BASE PRETA H7+H7+PY21W+W5W;0;;
4965;10295;38313081;10295;4965.38313081;CATEGORIA0;;1;1;0;1;;FAROL ESQUERDO ELETRICO BASE CROMADA H1+H7+PY21W+W5W;FAROL ESQUERDO ELETRICO BASE CROMADA H1+H7+PY21W+W5W;0;;
4965;10295;38313086;10295;4965.38313086;CATEGORIA0;;1;1;0;1;;FAROL ESQUERDO ELETRICO H1+H7+H21W+W5W 2007->2009;FAROL ESQUERDO ELETRICO H1+H7+H21W+W5W 2007->2009;0;;
4965;10295;38313087;10295;4965.38313087;CATEGORIA0;;1;1;0;1;;FAROL ESQUERDO ELETRICO COM MOTOR/BASE CROMADA H7+H7+W21/5W;FAROL ESQUERDO ELETRICO COM MOTOR/BASE CROMADA H7+H7+W21/5W;0;;
4965;10295;38313089;10295;4965.38313089;CATEGORIA0;;1;1;0;1;;FAROL ESQUERDO ELETRICO COM MOTOR/PRETO H7+H7+W21/5W TIPO HE;FAROL ESQUERDO ELETRICO COM MOTOR/PRETO H7+H7+W21/5W TIPO HE;0;;
4965;10295;38313092;10295;4965.38313092;CATEGORIA0;;1;1;0;1;;FAROL ESQUERDO ELETRICO H4+PY21W+W21/5W;FAROL ESQUERDO ELETRICO H4+PY21W+W21/5W;0;;
4965;10295;38313095;10295;4965.38313095;CATEGORIA0;;1;1;0;1;;FAROL ESQUERDO ELETRICO COM MOTOR H7+H1+PY21W+W21/5W TIPO HE;FAROL ESQUERDO ELETRICO COM MOTOR H7+H1+PY21W+W21/5W TIPO HE;0;;
4965;10295;38313508;10295;4965.38313508;CATEGORIA0;;1;1;0;1;;FAROL ESQUERDA H1+H7 ELETRICO COM MOTOR PY21W, W5W, W21W TIP;FAROL ESQUERDA H1+H7 ELETRICO COM MOTOR PY21W, W5W, W21W TIP;0;;
4965;10295;38313512;10295;4965.38313512;CATEGORIA0;;1;1;0;1;;FAROL ESQUERDO ELETRICO COM MOTOR H1+H7+PY21W+W5W;FAROL ESQUERDO ELETRICO COM MOTOR H1+H7+PY21W+W5W;0;;
4965;10295;38313513;10295;4965.38313513;CATEGORIA0;;1;1;0;1;;FAROL ESQUERDO ELETRICO COM MOTOR/BASE PRETA H7+H7+W21/5W+WY;FAROL ESQUERDO ELETRICO COM MOTOR/BASE PRETA H7+H7+W21/5W+WY;0;;
4965;10295;38313527;10295;4965.38313527;CATEGORIA0;;1;1;0;1;;FAROL ESQUERDO H1+H4+W5W;FAROL ESQUERDO H1+H4+W5W;0;;
4965;10295;38313535;10295;4965.38313535;CATEGORIA0;;1;1;0;1;;FAROL ESQUERDO ELETRICO H7+H7+PY21W+W5W;FAROL ESQUERDO ELETRICO H7+H7+PY21W+W5W;0;;
4965;10295;38313536;10295;4965.38313536;CATEGORIA0;;1;1;0;1;;FAROL ESQUERDO ELETRICO BASE CROMADA H1+H7+PY21W+W5W;FAROL ESQUERDO ELETRICO BASE CROMADA H1+H7+PY21W+W5W;0;;
4965;10295;38313537;10295;4965.38313537;CATEGORIA0;;1;1;0;1;;FAROL ESQUERDO ELETRICO COM MOTOR H1+H7+PY21W+W5W;FAROL ESQUERDO ELETRICO COM MOTOR H1+H7+PY21W+W5W;0;;
4965;10295;38313538;10295;4965.38313538;CATEGORIA0;;1;1;0;1;;FAROL ESQUERDO ELETRICO H7+H7+W21/5W+PWY24W;FAROL ESQUERDO ELETRICO H7+H7+W21/5W+PWY24W;0;;
4965;10295;38313542;10295;4965.38313542;CATEGORIA0;;1;1;0;1;;FAROL NEVOEIRO ESQUERDO H1;FAROL NEVOEIRO ESQUERDO H1;0;;
4965;10295;38313543;10295;4965.38313543;CATEGORIA0;;1;1;0;1;;FAROL NEVOEIRO ESQUERDO H1;FAROL NEVOEIRO ESQUERDO H1;0;;
4965;10295;38313544;10295;4965.38313544;CATEGORIA0;;1;1;0;1;;FAROL ESQUERDO ELETRICO H7+H7+W5W;FAROL ESQUERDO ELETRICO H7+H7+W5W;0;;
4965;10295;38313545;10295;4965.38313545;CATEGORIA0;;1;1;0;1;;FAROL NEVOEIRO ESQUERDO H3;FAROL NEVOEIRO ESQUERDO H3;0;;
4965;10295;38313548;10295;4965.38313548;CATEGORIA0;;1;1;0;1;;FAROL ESQUERDO ELETRICO H4;FAROL ESQUERDO ELETRICO H4;0;;
4965;10295;38313552;10295;4965.38313552;CATEGORIA0;;1;1;0;1;;FAROL ESQUERDO COM NEVOEIRO ELETRICO COM MOTOR H1+H7+H1+PY21;FAROL ESQUERDO COM NEVOEIRO ELETRICO COM MOTOR H1+H7+H1+PY21;0;;
4965;10295;38313553;10295;4965.38313553;CATEGORIA0;;1;1;0;1;;FAROL ESQUERDO ELETRICO COM MOTOR H1+H7+PY21W+W5W;FAROL ESQUERDO ELETRICO COM MOTOR H1+H7+PY21W+W5W;0;;
4965;10295;38313554;10295;4965.38313554;CATEGORIA0;;1;1;0;1;;FAROL ESQUERDO ELETRICO COM MOTOR H1+H7+PY21W+W5W;FAROL ESQUERDO ELETRICO COM MOTOR H1+H7+PY21W+W5W;0;;
4965;10295;38313556;10295;4965.38313556;CATEGORIA0;;1;1;0;1;;FAROL ESQUERDO ELETRICO COM MOTOR H4+PY21W+W5W;FAROL ESQUERDO ELETRICO COM MOTOR H4+PY21W+W5W;0;;
4965;10295;38313558;10295;4965.38313558;CATEGORIA0;;1;1;0;1;;FAROL ESQUERDO ELETRICO COM MOTOR/BASE CROMADA H4+PY21W+W5W;FAROL ESQUERDO ELETRICO COM MOTOR/BASE CROMADA H4+PY21W+W5W;0;;
4965;10295;38313564;10295;4965.38313564;CATEGORIA0;;1;1;0;1;;FAROL ESQUERDA H1+H7 ELETRICO COM MOTOR PY21W, W21/5W TIPO V;FAROL ESQUERDA H1+H7 ELETRICO COM MOTOR PY21W, W21/5W TIPO V;0;;
4965;10295;38313565;10295;4965.38313565;CATEGORIA0;;1;1;0;1;;FAROL ESQUERDO ELETRICO H4+PY21W+W5W;FAROL ESQUERDO ELETRICO H4+PY21W+W5W;0;;
4965;10295;38313566;10295;4965.38313566;CATEGORIA0;;1;1;0;1;;FAROL ESQUERDO ELETRICO H4+PY21W+W5W TIPO V;FAROL ESQUERDO ELETRICO H4+PY21W+W5W TIPO V;0;;
4965;10295;38313572;10295;4965.38313572;CATEGORIA0;;1;1;0;1;;FAROL ESQUERDO ELETRICO COM MOTOR H7+H1+PY21W+P21/5W TIPO A;FAROL ESQUERDO ELETRICO COM MOTOR H7+H1+PY21W+P21/5W TIPO A;0;;
4965;10295;38313575;10295;4965.38313575;CATEGORIA0;;1;1;0;1;;FAROL ESQUERDO ELETRICO COM MOTOR H7+HB3+PY21W TIPO A;FAROL ESQUERDO ELETRICO COM MOTOR H7+HB3+PY21W TIPO A;0;;
4965;10295;38314003;10295;4965.38314003;CATEGORIA0;;1;1;0;1;;FAROL ESQUERDO ELETRICO BASE PRETA H7+H7+PY21W+W5W TIPO V 20;FAROL ESQUERDO ELETRICO BASE PRETA H7+H7+PY21W+W5W TIPO V 20;0;;
4965;10295;38314005;10295;4965.38314005;CATEGORIA0;;1;1;0;1;;FAROL ESQUERDO ELETRICO COM MOTOR/BASE PRETA H1+H7+PY24W+W5W;FAROL ESQUERDO ELETRICO COM MOTOR/BASE PRETA H1+H7+PY24W+W5W;0;;
4965;10295;38314008;10295;4965.38314008;CATEGORIA0;;1;1;0;1;;FAROL ESQUERDO ELETRICO COM MOTOR/BASE PRETA H1+H1+PY21W+W5W;FAROL ESQUERDO ELETRICO COM MOTOR/BASE PRETA H1+H1+PY21W+W5W;0;;
4965;10295;38314010;10295;4965.38314010;CATEGORIA0;;1;1;0;1;;FAROL ESQUERDO ELETRICO COM MOTOR/BASE CROMADA H7+H7+PY21W+W;FAROL ESQUERDO ELETRICO COM MOTOR/BASE CROMADA H7+H7+PY21W+W;0;;
4965;10295;38314019;10295;4965.38314019;CATEGORIA0;;1;1;0;1;;FAROL ESQUERDO MANUAL H4+W5W COMCARCAÇA EXTERIOR;FAROL ESQUERDO MANUAL H4+W5W COMCARCAÇA EXTERIOR;0;;
4965;10295;38314027;10295;4965.38314027;CATEGORIA0;;1;1;0;1;;FAROL ESQUERDO ELETRICO COM MOTOR H1+H7+PY21W+W5W;FAROL ESQUERDO ELETRICO COM MOTOR H1+H7+PY21W+W5W;0;;
4965;10295;38314029;10295;4965.38314029;CATEGORIA0;;1;1;0;1;;FAROL ESQUERDO ELETRICO H4+PY21W+P21/5W;FAROL ESQUERDO ELETRICO H4+PY21W+P21/5W;0;;
4965;10295;38314032;10295;4965.38314032;CATEGORIA0;;1;1;0;1;;FAROL ESQUERDO ELETRICO H1+H7+H7+PY21W+W5W;FAROL ESQUERDO ELETRICO H1+H7+H7+PY21W+W5W;0;;
4965;10295;38314033;10295;4965.38314033;CATEGORIA0;;1;1;0;1;;FAROL ESQUERDO ELETRICO BASE PRETA H4+PY21W+W5W TIPO K;FAROL ESQUERDO ELETRICO BASE PRETA H4+PY21W+W5W TIPO K;0;;
4965;10295;38314038;10295;4965.38314038;CATEGORIA0;;1;1;0;1;;FAROL ESQUERDO ELETRICO COM MOTOR H7+H7;FAROL ESQUERDO ELETRICO COM MOTOR H7+H7;0;;
4965;10295;38314059;10295;4965.38314059;CATEGORIA0;;1;1;0;1;;FAROL ESQUERDO COM NEVOEIRO ELETRICO PRETO H1+H7+H7+PY21W+W5;FAROL ESQUERDO COM NEVOEIRO ELETRICO PRETO H1+H7+H7+PY21W+W5;0;;
4965;10295;38314060;10295;4965.38314060;CATEGORIA0;;1;1;0;1;;FAROL ESQUERDO ELETRICO BASE ESCURA H7+H7;FAROL ESQUERDO ELETRICO BASE ESCURA H7+H7;0;;
4965;10295;38314065;10295;4965.38314065;CATEGORIA0;;1;1;0;1;;FAROL ESQUERDO ELETRICO COM MOTOR/BASE PRETA H7+H7+PY21W+W5W;FAROL ESQUERDO ELETRICO COM MOTOR/BASE PRETA H7+H7+PY21W+W5W;0;;
4965;10295;38314069;10295;4965.38314069;CATEGORIA0;;1;1;0;1;;FAROL ESQUERDO ELETRICO COM MOTOR/BASE PRETA H7+H7+P21W+PY21;FAROL ESQUERDO ELETRICO COM MOTOR/BASE PRETA H7+H7+P21W+PY21;0;;
4965;10295;38314077;10295;4965.38314077;CATEGORIA0;;1;1;0;1;;FAROL ESQUERDO ELETRICO H4+PY21W+W5W;FAROL ESQUERDO ELETRICO H4+PY21W+W5W;0;;
4965;10295;38314080;10295;4965.38314080;CATEGORIA0;;1;1;0;1;;FAROL ESQUERDO MANUAL ÂMBAR H4;FAROL ESQUERDO MANUAL ÂMBAR H4;0;;
4965;10295;38314084;10295;4965.38314084;CATEGORIA0;;1;1;0;1;;FAROL ESQUERDO ELETRICO BASE CROMADA H4+PY21W+W5W;FAROL ESQUERDO ELETRICO BASE CROMADA H4+PY21W+W5W;0;;
4965;10295;38314087;10295;4965.38314087;CATEGORIA0;;1;1;0;1;;FAROL ESQUERDO ELETRICO H1+H7+PY21W+W5W;FAROL ESQUERDO ELETRICO H1+H7+PY21W+W5W;0;;
4965;10295;38314089;10295;4965.38314089;CATEGORIA0;;1;1;0;1;;FAROL ESQUERDO ELETRICO H4+W5W;FAROL ESQUERDO ELETRICO H4+W5W;0;;
4965;10295;38314091;10295;4965.38314091;CATEGORIA0;;1;1;0;1;;FAROL ESQUERDO ELETRICO H1+H7+PY21W+W5W;FAROL ESQUERDO ELETRICO H1+H7+PY21W+W5W;0;;
4965;10295;38314092;10295;4965.38314092;CATEGORIA0;;1;1;0;1;;FAROL ESQUERDO ELETRICO H1+H7+PY21W+W5W;FAROL ESQUERDO ELETRICO H1+H7+PY21W+W5W;0;;
4965;10295;38314093;10295;4965.38314093;CATEGORIA0;;1;1;0;1;;FAROL ESQUERDO ELETRICO COM FAROLIM BRANCO H4+PY21W+W5W;FAROL ESQUERDO ELETRICO COM FAROLIM BRANCO H4+PY21W+W5W;0;;
4965;10295;38314094;10295;4965.38314094;CATEGORIA0;;1;1;0;1;;FAROL ESQUERDO ELETRICO BASE PRETA H1+H7+PY21W+W5W;FAROL ESQUERDO ELETRICO BASE PRETA H1+H7+PY21W+W5W;0;;
4965;10295;38314095;10295;4965.38314095;CATEGORIA0;;1;1;0;1;;FAROL ESQUERDO ELETRICO H1+H7+W5W;FAROL ESQUERDO ELETRICO H1+H7+W5W;0;;
4965;10295;38314096;10295;4965.38314096;CATEGORIA0;;1;1;0;1;;FAROL ESQUERDO ELETRICO H1+H7+PY21W+W5W;FAROL ESQUERDO ELETRICO H1+H7+PY21W+W5W;0;;
4965;10295;38314097;10295;4965.38314097;CATEGORIA0;;1;1;0;1;;FAROL ESQUERDO ELETRICO BASE CROMADA H1+H7+PY21W+H6W;FAROL ESQUERDO ELETRICO BASE CROMADA H1+H7+PY21W+H6W;0;;
4965;10295;38314098;10295;4965.38314098;CATEGORIA0;;1;1;0;1;;FAROL ESQUERDO ELETRICO H4+PY21W+W5W;FAROL ESQUERDO ELETRICO H4+PY21W+W5W;0;;
4965;10295;38314099;10295;4965.38314099;CATEGORIA0;;1;1;0;1;;FAROL ESQUERDO ELETRICO BASE PRETA H7+H7+PY21W+W5W;FAROL ESQUERDO ELETRICO BASE PRETA H7+H7+PY21W+W5W;0;;
4965;10295;38314122;10295;4965.38314122;CATEGORIA0;;1;1;0;1;;FAROL ESQUERDO ELETRICO COM MOTOR H7+D2S+PY21W+W5W ->2005;FAROL ESQUERDO ELETRICO COM MOTOR H7+D2S+PY21W+W5W ->2005;0;;
4965;10295;38314552;10295;4965.38314552;CATEGORIA0;;1;1;0;1;;LUZ ESQUERDA ELÉTRICA H1+H7;LUZ ESQUERDA ELÉTRICA H1+H7;0;;
4965;10295;38314566;10295;4965.38314566;CATEGORIA0;;1;1;0;1;;FAROL ESQUERDO MANUAL H4+W5W 1991->1994;FAROL ESQUERDO MANUAL H4+W5W 1991->1994;0;;
4965;10295;38314569;10295;4965.38314569;CATEGORIA0;;1;1;0;1;;FAROL ESQUERDO MANUAL/ELETRICO H4+W5W;FAROL ESQUERDO MANUAL/ELETRICO H4+W5W;0;;
4965;10295;38314573;10295;4965.38314573;CATEGORIA0;;1;1;0;1;;FAROL ESQUERDO ELETRICO H4+PY21W+W5W;FAROL ESQUERDO ELETRICO H4+PY21W+W5W;0;;
4965;10295;38314574;10295;4965.38314574;CATEGORIA0;;1;1;0;1;;LUZ ESQUERDA ELÉTRICA H4+PY21W+W5W;LUZ ESQUERDA ELÉTRICA H4+PY21W+W5W;0;;
4965;10295;38314575;10295;4965.38314575;CATEGORIA0;;1;1;0;1;;FAROL ESQUERDO MANUAL/ELETRICO H1+H1+W5W 1995->;FAROL ESQUERDO MANUAL/ELETRICO H1+H1+W5W 1995->;0;;
4965;10295;38314583;10295;4965.38314583;CATEGORIA0;;1;1;0;1;;FAROL ESQUERDO MANUAL/ELETRICO H3+H7+PY21W+W5W;FAROL ESQUERDO MANUAL/ELETRICO H3+H7+PY21W+W5W;0;;
4965;10295;38314585;10295;4965.38314585;CATEGORIA0;;1;1;0;1;;FAROL ESQUERDO ELETRICO BASE PRETA H1+H7+PY21W+W5W;FAROL ESQUERDO ELETRICO BASE PRETA H1+H7+PY21W+W5W;0;;
4965;10295;38314587;10295;4965.38314587;CATEGORIA0;;1;1;0;1;;FAROL ESQUERDO ELETRICO COM MOTOR/BASE PRETA H7+H15+PY21W+W5;FAROL ESQUERDO ELETRICO COM MOTOR/BASE PRETA H7+H15+PY21W+W5;0;;
4965;10295;38314589;10295;4965.38314589;CATEGORIA0;;1;1;0;1;;FAROL ESQUERDO ELETRICO COM MOTOR/BASE PRETA H7+H7+P21W+PY21;FAROL ESQUERDO ELETRICO COM MOTOR/BASE PRETA H7+H7+P21W+PY21;0;;
4965;10295;38314591;10295;4965.38314591;CATEGORIA0;;1;1;0;1;;FAROL ESQUERDO ELETRICO H4+PY21W+W5W;FAROL ESQUERDO ELETRICO H4+PY21W+W5W;0;;
4965;10295;38314593;10295;4965.38314593;CATEGORIA0;;1;1;0;1;;FAROL ESQUERDO ELETRICO BASE PRETA H4+PY21W+W21/5W TIPOHE;FAROL ESQUERDO ELETRICO BASE PRETA H4+PY21W+W21/5W TIPOHE;0;;
4965;10295;38314594;10295;4965.38314594;CATEGORIA0;;1;1;0;1;;FAROL ESQUERDO MANUAL/ELETRICO COM MOTOR/BASE PRETA H7+H7+PY;FAROL ESQUERDO MANUAL/ELETRICO COM MOTOR/BASE PRETA H7+H7+PY;0;;
4965;10295;38314597;10295;4965.38314597;CATEGORIA0;;1;1;0;1;;ÓTICA ESQUERDA H7+H7 ELÉTRICO COM MOTOR PY21W, W21W TIPO V;ÓTICA ESQUERDA H7+H7 ELÉTRICO COM MOTOR PY21W, W21W TIPO V;0;;
4965;10295;38314602;10295;4965.38314602;CATEGORIA0;;1;1;0;1;;FAROL ESQUERDO ELETRICO H1+H7+PY21W+W5W 2002->;FAROL ESQUERDO ELETRICO H1+H7+PY21W+W5W 2002->;0;;
4965;10295;38314604;10295;4965.38314604;CATEGORIA0;;1;1;0;1;;FAROL ESQUERDO ELETRICO COM MOTOR H7+H7;FAROL ESQUERDO ELETRICO COM MOTOR H7+H7;0;;
4965;10295;38314625;10295;4965.38314625;CATEGORIA0;;1;1;0;1;;FAROL ESQUERDO ELETRICO H4+PY21W+W5W 3/5 PORTAS;FAROL ESQUERDO ELETRICO H4+PY21W+W5W 3/5 PORTAS;0;;
4965;10295;38314628;10295;4965.38314628;CATEGORIA0;;1;1;0;1;;FAROL ESQUERDO ELETRICO 3 PORTASH4+W5W+WY21W 1.6;FAROL ESQUERDO ELETRICO 3 PORTASH4+W5W+WY21W 1.6;0;;
4965;10295;38314632;10295;4965.38314632;CATEGORIA0;;1;1;0;1;;FAROL ESQUERDO ELETRICO BASE PRETA H4+W5W+WY21W;FAROL ESQUERDO ELETRICO BASE PRETA H4+W5W+WY21W;0;;
4965;10295;38314633;10295;4965.38314633;CATEGORIA0;;1;1;0;1;;FAROL ESQUERDO ELETRICO H4+PY21W+W5W;FAROL ESQUERDO ELETRICO H4+PY21W+W5W;0;;
4965;10295;38314636;10295;4965.38314636;CATEGORIA0;;1;1;0;1;;FAROL ESQUERDO ELETRICO H4+PY21W+W5W;FAROL ESQUERDO ELETRICO H4+PY21W+W5W;0;;
4965;10295;38314640;10295;4965.38314640;CATEGORIA0;;1;1;0;1;;FAROL ESQUERDO ELETRICO H4+PY21W+W5W 2001->TIPO K;FAROL ESQUERDO ELETRICO H4+PY21W+W5W 2001->TIPO K;0;;
4965;10295;38314645;10295;4965.38314645;CATEGORIA0;;1;1;0;1;;FAROL ESQUERDO ELETRICO H4+PY21W+W5W;FAROL ESQUERDO ELETRICO H4+PY21W+W5W;0;;
4965;10295;38314650;10295;4965.38314650;CATEGORIA0;;1;1;0;1;;FAROL ESQUERDO ELETRICO H4+PY21W+W5W;FAROL ESQUERDO ELETRICO H4+PY21W+W5W;0;;