61;1540;105.1987011;1540;105.1987011;CATEGORIA0;;1;1;0;1;;RENAULT CLIO 09-*ESP DRT C/C P/P CONV C/SONDA TEMP;RENAULT CLIO 09-*ESP DRT C/C P/P CONV C/SONDA TEMP;0;;
61;1540;105.1987013;1540;105.1987013;CATEGORIA0;;1;1;0;1;;RENAULT CLIO 09-*ESP DRT EL P/P CONV C/SO 7PIN;RENAULT CLIO 09-*ESP DRT EL P/P CONV C/SO 7PIN;0;;
61;1540;105.1987014;1540;105.1987014;CATEGORIA0;;1;1;0;1;;RENAULT CLIO 09-*ESP ESQ EL P/P ASF 5PIN;RENAULT CLIO 09-*ESP ESQ EL P/P ASF 5PIN;0;;
61;1540;105.1987015;1540;105.1987015;CATEGORIA0;;1;1;0;1;;RENAULT CLIO 09-/TWINGO 12-*V/ESP DRT CONV;RENAULT CLIO 09-/TWINGO 12-*V/ESP DRT CONV;0;;
61;1540;105.1987016;1540;105.1987016;CATEGORIA0;;1;1;0;1;;RENAULT CLIO 09-/TWINGO 12-*V/ESP ESQ ASF;RENAULT CLIO 09-/TWINGO 12-*V/ESP ESQ ASF;0;;
61;1540;105.1987017;1540;105.1987017;CATEGORIA0;;1;1;0;1;;RENAULT CLIO 09-/TWINGO 12-*V/ESP DRT TERM CONV;RENAULT CLIO 09-/TWINGO 12-*V/ESP DRT TERM CONV;0;;
61;1540;105.1987018;1540;105.1987018;CATEGORIA0;;1;1;0;1;;CLIO 09-/TWINGO 12- VIDRO ESP. ESQ. TERM. ASF;CLIO 09-/TWINGO 12- VIDRO ESP. ESQ. TERM. ASF;0;;
61;1540;105.1987019;1540;105.1987019;CATEGORIA0;;1;1;0;1;;RENAULT CLIO 09-/TWINGO 12-*CAPA ESP DRT P/P;RENAULT CLIO 09-/TWINGO 12-*CAPA ESP DRT P/P;0;;
61;1540;105.1987020;1540;105.1987020;CATEGORIA0;;1;1;0;1;;RENAULT CLIO 09-/TWINGO 12-*CAPA ESP ESQ P/P;RENAULT CLIO 09-/TWINGO 12-*CAPA ESP ESQ P/P;0;;
61;1540;105.1987021;1540;105.1987021;CATEGORIA0;;1;1;0;1;;RENAULT CLIO 09-*ESP DRT ELECT CONV TERM S/TEMP PRETO;RENAULT CLIO 09-*ESP DRT ELECT CONV TERM S/TEMP PRETO;0;;
61;1540;105.1987022;1540;105.1987022;CATEGORIA0;;1;1;0;1;;RENAULT CLIO 09-*ESP ESQ ELECT ASF TERM PRETO;RENAULT CLIO 09-*ESP ESQ ELECT ASF TERM PRETO;0;;
61;1540;105.1987023;1540;105.1987023;CATEGORIA0;;1;1;0;1;;RENAULT CLIO 09-/TWINGO 12-*CAPA ESP DRT PRETA;RENAULT CLIO 09-/TWINGO 12-*CAPA ESP DRT PRETA;0;;
61;1540;105.1987024;1540;105.1987024;CATEGORIA0;;1;1;0;1;;CAPA ESP. ESQ. PRETA;CAPA ESP. ESQ. PRETA;0;;
61;1540;105.1988011;1540;105.1988011;CATEGORIA0;;1;1;0;1;;RENAULT MODUS 08-*ESP DRT ELECT P/P TERM C/PIS 9PIN;RENAULT MODUS 08-*ESP DRT ELECT P/P TERM C/PIS 9PIN;0;;
61;1540;105.1988012;1540;105.1988012;CATEGORIA0;;1;1;0;1;;RENAULT MODUS 08-*ESP ESQ ELECT P/P TERM C/PIS 7PIN;RENAULT MODUS 08-*ESP ESQ ELECT P/P TERM C/PIS 7PIN;0;;
61;1540;105.1988013;1540;105.1988013;CATEGORIA0;;1;1;0;1;;RENAULT MODUS 08-*ESP DRT ELECT P/P CONV TERM REB C/PIS C/SE;RENAULT MODUS 08-*ESP DRT ELECT P/P CONV TERM REB C/PIS C/SE;0;;
61;1540;105.1988014;1540;105.1988014;CATEGORIA0;;1;1;0;1;;RENAULT MODUS 08-*ESP ESQ ELECT P/P CONV TERM REB C/PIS 9PIN;RENAULT MODUS 08-*ESP ESQ ELECT P/P CONV TERM REB C/PIS 9PIN;0;;
61;1540;105.1988015;1540;105.1988015;CATEGORIA0;;1;1;0;1;;RENAULT MODUS 08-*V/ESP DRT CONV TERM;RENAULT MODUS 08-*V/ESP DRT CONV TERM;0;;
61;1540;105.1988016;1540;105.1988016;CATEGORIA0;;1;1;0;1;;RENAULT MODUS 08-*V/ESP ESQ ASF TERM;RENAULT MODUS 08-*V/ESP ESQ ASF TERM;0;;
61;1540;105.1988017;1540;105.1988017;CATEGORIA0;;1;1;0;1;;RENAULT MODUS 08-*CAPA ESP DRT P/P;RENAULT MODUS 08-*CAPA ESP DRT P/P;0;;
61;1540;105.1988018;1540;105.1988018;CATEGORIA0;;1;1;0;1;;RENAULT MODUS 08-*CAPA ESP ESQ P/P;RENAULT MODUS 08-*CAPA ESP ESQ P/P;0;;
61;1100;105.1988018;1100;1988018;CATEGORIA0;;1;1;0;1;;CAPA ESPELHO RET.;CAPA ESPELHO RET.;0;;
61;1100;105.1988019;1100;105.1988019;CATEGORIA0;;1;1;0;1;;RENAULT MODUS 08-*ESP DTO.;RENAULT MODUS 08-*ESP DTO.;0;;
61;1540;105.1988020;1540;105.1988020;CATEGORIA0;;1;1;0;1;;RENAULT MODUS 08-*ESP ESQ C/C P/P ASF C/PIS 2PIN;RENAULT MODUS 08-*ESP ESQ C/C P/P ASF C/PIS 2PIN;0;;
61;1540;105.1991011;1540;105.1991011;CATEGORIA0;;1;1;0;1;;RENAULT SCENIC 09-*ESP DTO.;RENAULT SCENIC 09-*ESP DTO.;0;;
61;1540;105.1991012;1540;105.1991012;CATEGORIA0;;1;1;0;1;;RENAULT SCENIC 09-*ESP ESQ ELECT P/P TERM C/PIS 9PIN;RENAULT SCENIC 09-*ESP ESQ ELECT P/P TERM C/PIS 9PIN;0;;
61;1540;105.1991013;1540;105.1991013;CATEGORIA0;;1;1;0;1;;RENAULT SCENIC 09-*ESP DRT ELECT P/P TERM REB C/PIS 8PIN;RENAULT SCENIC 09-*ESP DRT ELECT P/P TERM REB C/PIS 8PIN;0;;
61;1540;105.1991014;1540;105.1991014;CATEGORIA0;;1;1;0;1;;RENAULT SCENIC 09-*ESP ESQ ELECT P/P TERM REB C/PIS 10PIN;RENAULT SCENIC 09-*ESP ESQ ELECT P/P TERM REB C/PIS 10PIN;0;;
61;1540;105.1991015;1540;105.1991015;CATEGORIA0;;1;1;0;1;;RENAULT SCENIC 09-*V/ESP DRT CONV TERM;RENAULT SCENIC 09-*V/ESP DRT CONV TERM;0;;
61;1540;105.1991016;1540;105.1991016;CATEGORIA0;;1;1;0;1;;RENAULT SCENIC 09-*V/ESP ESQ TER ASFERICO;RENAULT SCENIC 09-*V/ESP ESQ TER ASFERICO;0;;
61;1540;105.1991017;1540;105.1991017;CATEGORIA0;;1;1;0;1;;RENAULT SCENIC 09-*CAPA ESP DRT P/P;RENAULT SCENIC 09-*CAPA ESP DRT P/P;0;;
61;1540;105.1991018;1540;105.1991018;CATEGORIA0;;1;1;0;1;;RENAULT SCENIC 09-*CAPA ESP ESQ P/P;RENAULT SCENIC 09-*CAPA ESP ESQ P/P;0;;
61;1540;105.1991019;1540;105.1991019;CATEGORIA0;;1;1;0;1;;RENAULT SCENIC 09-*CAPA ESP DRT PRETA;RENAULT SCENIC 09-*CAPA ESP DRT PRETA;0;;
61;1540;105.1991020;1540;105.1991020;CATEGORIA0;;1;1;0;1;;RENAULT SCENIC 09-*CAPA ESP ESQ PRETA;RENAULT SCENIC 09-*CAPA ESP ESQ PRETA;0;;
61;1540;105.1992011;1540;105.1992011;CATEGORIA0;;1;1;0;1;;RENAULT MASTER/MOV 10-*E/D EL TE C/PI AM SON 9PIN;RENAULT MASTER/MOV 10-*E/D EL TE C/PI AM SON 9PIN;0;;
61;1540;105.1992012;1540;105.1992012;CATEGORIA0;;1;1;0;1;;RENAULT MASTER/MOV 10-*E/E EL TE C/PI AM CONV 7PIN;RENAULT MASTER/MOV 10-*E/E EL TE C/PI AM CONV 7PIN;0;;
61;1540;105.1992013;1540;105.1992013;CATEGORIA0;;1;1;0;1;;RENAULT MASTER/MOV 10-*ESP DRT MAN CONV C/PIS AMAR 2PIN;RENAULT MASTER/MOV 10-*ESP DRT MAN CONV C/PIS AMAR 2PIN;0;;
61;1540;105.1992014;1540;105.1992014;CATEGORIA0;;1;1;0;1;;RENAULT MASTER/MOV 10-*ESP ESQ MAN CONV C/PIS AMAR 2PIN;RENAULT MASTER/MOV 10-*ESP ESQ MAN CONV C/PIS AMAR 2PIN;0;;
61;1540;105.1992015;1540;105.1992015;CATEGORIA0;;1;1;0;1;;RENAULT MASTER/MOV 10-*V/ESP DRT CONV;RENAULT MASTER/MOV 10-*V/ESP DRT CONV;0;;
61;1540;105.1992016;1540;105.1992016;CATEGORIA0;;1;1;0;1;;RENAULT MASTER/MOV 10-*V/ESP ESQ CONV;RENAULT MASTER/MOV 10-*V/ESP ESQ CONV;0;;
61;1540;105.1992017;1540;105.1992017;CATEGORIA0;;1;1;0;1;;MASTER/MOVANO 10- V/ESP. DTO. CONV TERM;MASTER/MOVANO 10- V/ESP. DTO. CONV TERM;0;;
61;1540;105.1992018;1540;105.1992018;CATEGORIA0;;1;1;0;1;;RENAULT MASTER/MOV 10-*V/ESP ESQ CONV TERM;RENAULT MASTER/MOV 10-*V/ESP ESQ CONV TERM;0;;
61;1540;105.1992019;1540;105.1992019;CATEGORIA0;;1;1;0;1;;RENAULT MASTER/MOV 10-*ESP DRT MAN CONV C/PIS BRANCO 2PIN;RENAULT MASTER/MOV 10-*ESP DRT MAN CONV C/PIS BRANCO 2PIN;0;;
61;1540;105.1992020;1540;105.1992020;CATEGORIA0;;1;1;0;1;;RENAULT MASTER/MOV 10-*E ESQ MAN C/P BRA CONV 2PIN;RENAULT MASTER/MOV 10-*E ESQ MAN C/P BRA CONV 2PIN;0;;
61;1540;105.1992021;1540;105.1992021;CATEGORIA0;;1;1;0;1;;RENAULT MASTER/MOV 10-*ESP DRT ELECT CONV TERM C/PIS BRANCO;RENAULT MASTER/MOV 10-*ESP DRT ELECT CONV TERM C/PIS BRANCO;0;;
61;1540;105.1992022;1540;105.1992022;CATEGORIA0;;1;1;0;1;;RENAULT MASTER/MOV 10-*ESP ESQ ELECT CONV TERM C/PIS BRANCO;RENAULT MASTER/MOV 10-*ESP ESQ ELECT CONV TERM C/PIS BRANCO;0;;
61;1540;105.1992023;1540;105.1992023;CATEGORIA0;;1;1;0;1;;RENAULT MASTER/MOV 10-*CAPA ESP. DRT.;RENAULT MASTER/MOV 10-*CAPA ESP. DRT.;0;;
61;1540;105.1992024;1540;105.1992024;CATEGORIA0;;1;1;0;1;;RENAULT MASTER/MOV 10-*CAPA ESP ESQ PRETA;RENAULT MASTER/MOV 10-*CAPA ESP ESQ PRETA;0;;
61;1540;105.1992025;1540;105.1992025;CATEGORIA0;;1;1;0;1;;RENAULT MASTER/MOV 10-*V/ESP DRT INF CONV;RENAULT MASTER/MOV 10-*V/ESP DRT INF CONV;0;;
61;1540;105.1992026;1540;105.1992026;CATEGORIA0;;1;1;0;1;;RENAULT MASTER/MOV 10-*V/ESP ESQ INF CONV;RENAULT MASTER/MOV 10-*V/ESP ESQ INF CONV;0;;
61;1540;105.1992027;1540;105.1992027;CATEGORIA0;;1;1;0;1;;RENAULT MASTER/MOV 10-*ESP DRT ELEC CONV TER C/PIS BRA C/SEN;RENAULT MASTER/MOV 10-*ESP DRT ELEC CONV TER C/PIS BRA C/SEN;0;;
61;1540;105.1992028;1540;105.1992028;CATEGORIA0;;1;1;0;1;;RENAULT MASTER/MOV 10-*ESP ESQ ELEC CONV TER C/PIS BRA B/LAR;RENAULT MASTER/MOV 10-*ESP ESQ ELEC CONV TER C/PIS BRA B/LAR;0;;
61;1540;105.1994011;1540;105.1994011;CATEGORIA0;;1;1;0;1;;RENAULT FLUENCE 10-*ESP DRT ELECT P/P CONV TERM C/PIS 7PIN;RENAULT FLUENCE 10-*ESP DRT ELECT P/P CONV TERM C/PIS 7PIN;0;;
61;1540;105.1994013;1540;105.1994013;CATEGORIA0;;1;1;0;1;;RENAULT FLUENCE 10-*ESP DRT ELECT P/P CONV TERM REB C/PIS 8P;RENAULT FLUENCE 10-*ESP DRT ELECT P/P CONV TERM REB C/PIS 8P;0;;
61;1540;105.1994014;1540;105.1994014;CATEGORIA0;;1;1;0;1;;RENAULT FLUENCE 10-*ESP ESQ ELECT P/P ASF TERM REB C/PIS C/S;RENAULT FLUENCE 10-*ESP ESQ ELECT P/P ASF TERM REB C/PIS C/S;0;;
61;1540;105.1994015;1540;105.1994015;CATEGORIA0;;1;1;0;1;;RENAULT FLUENCE 10-*V/ESP DRT CONV TERM;RENAULT FLUENCE 10-*V/ESP DRT CONV TERM;0;;
61;1540;105.1994016;1540;105.1994016;CATEGORIA0;;1;1;0;1;;RENAULT FLUENCE 10-*V/ESP ESQ ASF TERM;RENAULT FLUENCE 10-*V/ESP ESQ ASF TERM;0;;
61;1540;105.1995011;1540;105.1995011;CATEGORIA0;;1;1;0;1;;RENAULT TWINGO 12-*ESP DRT ELECT P/P CONV TERM C/SEN 7PIN;RENAULT TWINGO 12-*ESP DRT ELECT P/P CONV TERM C/SEN 7PIN;0;;
61;1100;105.1995011;1100;1995011;CATEGORIA0;;1;1;0;1;;RENAULT TWINGO 12-*ESP E DRT TER CONV P/P C/SO 7PI;RENAULT TWINGO 12-*ESP E DRT TER CONV P/P C/SO 7PI;0;;
61;1540;105.1995012;1540;105.1995012;CATEGORIA0;;1;1;0;1;;RENAULT TWINGO 12-*ESP ESQ ELECT P/P ASF TERM 5PIN;RENAULT TWINGO 12-*ESP ESQ ELECT P/P ASF TERM 5PIN;0;;
61;1540;105.1995013;1540;105.1995013;CATEGORIA0;;1;1;0;1;;RENAULT TWINGO 12-*ESP DRT C/C CONV;RENAULT TWINGO 12-*ESP DRT C/C CONV;0;;
61;1540;105.1995014;1540;105.1995014;CATEGORIA0;;1;1;0;1;;RENAULT TWINGO 12-*ESP ESQ C/C ASF;RENAULT TWINGO 12-*ESP ESQ C/C ASF;0;;
61;1540;105.1996011;1540;105.1996011;CATEGORIA0;;1;1;0;1;;ESPELHO DRT. EL. P/P CLIO 13-*;ESPELHO DRT. EL. P/P CLIO 13-*;0;;
61;1540;105.1996012;1540;105.1996012;CATEGORIA0;;1;1;0;1;;RENAULT CLIO 13-*ESP ESQ ELECT P/P TERM C/PIS 7PIN;RENAULT CLIO 13-*ESP ESQ ELECT P/P TERM C/PIS 7PIN;0;;
61;1540;105.1996013;1540;105.1996013;CATEGORIA0;;1;1;0;1;;RENAULT CLIO 13-*ESP DRT ELECT P/P TERM REB C/PIS 11PIN;RENAULT CLIO 13-*ESP DRT ELECT P/P TERM REB C/PIS 11PIN;0;;
61;1540;105.1996014;1540;105.1996014;CATEGORIA0;;1;1;0;1;;RENAULT CLIO 13-*ESP ESQ ELECT P/P ASF TERM REB 9PIN;RENAULT CLIO 13-*ESP ESQ ELECT P/P ASF TERM REB 9PIN;0;;
61;1540;105.1996015;1540;105.1996015;CATEGORIA0;;1;1;0;1;;RENAULT CLIO/CAPTUR 13-*V/ESP DRT TERM CONVEXO;RENAULT CLIO/CAPTUR 13-*V/ESP DRT TERM CONVEXO;0;;
61;1540;105.1996016;1540;105.1996016;CATEGORIA0;;1;1;0;1;;RENAULT CLIO/CAPTUR 13-*V/ESP ESQ TERM ASFERICO;RENAULT CLIO/CAPTUR 13-*V/ESP ESQ TERM ASFERICO;0;;
61;1540;105.1996017;1540;105.1996017;CATEGORIA0;;1;1;0;1;;RENAULT CLIO/CAPTUR 13-*CARCASSA ESP DRT P/P;RENAULT CLIO/CAPTUR 13-*CARCASSA ESP DRT P/P;0;;
61;1540;105.1996018;1540;105.1996018;CATEGORIA0;;1;1;0;1;;RENAULT CLIO/CAPTUR 13-*CARCASSA ESP ESQ  P/P;RENAULT CLIO/CAPTUR 13-*CARCASSA ESP ESQ  P/P;0;;
61;1540;105.1997011;1540;105.1997011;CATEGORIA0;;1;1;0;1;;RENAULT CAPTUR 13-*ESP DRT ELECT P/P CONV TERM C/PIS C/SEN 9;RENAULT CAPTUR 13-*ESP DRT ELECT P/P CONV TERM C/PIS C/SEN 9;0;;
61;1540;105.1997012;1540;105.1997012;CATEGORIA0;;1;1;0;1;;RENAULT CAPTUR 13-*ESP ESQ ELECT P/P ASF TERM C/PIS 7PIN;RENAULT CAPTUR 13-*ESP ESQ ELECT P/P ASF TERM C/PIS 7PIN;0;;
61;1540;105.1997013;1540;105.1997013;CATEGORIA0;;1;1;0;1;;RENAULT CAPTUR 13-*ESP DRT ELECT P/P CONV TERM REB C/PIS C/S;RENAULT CAPTUR 13-*ESP DRT ELECT P/P CONV TERM REB C/PIS C/S;0;;
61;1540;105.1997014;1540;105.1997014;CATEGORIA0;;1;1;0;1;;RENAULT CAPTUR 13-*ESP ESQ ELECT P/P ASF TERM REB C/PIS 9PIN;RENAULT CAPTUR 13-*ESP ESQ ELECT P/P ASF TERM REB C/PIS 9PIN;0;;
61;1540;105.1999011;1540;105.1999011;CATEGORIA0;;1;1;0;1;;RENAULT KANGOO 13-/CITAN 12-*ESP DRT C/C ASF PRET;RENAULT KANGOO 13-/CITAN 12-*ESP DRT C/C ASF PRET;0;;
61;1540;105.1999012;1540;105.1999012;CATEGORIA0;;1;1;0;1;;RENAULT KANGOO 13-/CITAN 12-*ESP ESQ. C/C ASF PRET;RENAULT KANGOO 13-/CITAN 12-*ESP ESQ. C/C ASF PRET;0;;
61;1540;105.1999013;1540;105.1999013;CATEGORIA0;;1;1;0;1;;RENAULT KANGOO 13-/CITAN 12-*ESP DRT C/C P/P ASF;RENAULT KANGOO 13-/CITAN 12-*ESP DRT C/C P/P ASF;0;;
61;1540;105.1999014;1540;105.1999014;CATEGORIA0;;1;1;0;1;;RENAULT KANGOO 13-/CITAN 12-*ESP ESQ C/C P/P ASF;RENAULT KANGOO 13-/CITAN 12-*ESP ESQ C/C P/P ASF;0;;
61;1540;105.1999015;1540;105.1999015;CATEGORIA0;;1;1;0;1;;RENAULT KANGOO 13-/CITAN 12-*ESP DRT ELECT P/P ASF TERM C/SE;RENAULT KANGOO 13-/CITAN 12-*ESP DRT ELECT P/P ASF TERM C/SE;0;;
61;1540;105.1999016;1540;105.1999016;CATEGORIA0;;1;1;0;1;;RENAULT KANG 13-/CITAN 12-*ESP E EL TE P/P ASF 5PI;RENAULT KANG 13-/CITAN 12-*ESP E EL TE P/P ASF 5PI;0;;
61;1540;105.1999017;1540;105.1999017;CATEGORIA0;;1;1;0;1;;RENAULT KANGOO 13-/CITAN 12-*V/ESP DRT ASF;RENAULT KANGOO 13-/CITAN 12-*V/ESP DRT ASF;0;;
61;1540;105.1999018;1540;105.1999018;CATEGORIA0;;1;1;0;1;;RENAULT KANGOO 13-/CITAN 12-*V/ESPELHO ESQ.;RENAULT KANGOO 13-/CITAN 12-*V/ESPELHO ESQ.;0;;
61;1540;105.1999019;1540;105.1999019;CATEGORIA0;;1;1;0;1;;RENAULT KANGOO 13-/CITAN 12-*V/ESPELHO DRT TER ASF;RENAULT KANGOO 13-/CITAN 12-*V/ESPELHO DRT TER ASF;0;;
61;1100;105.1999020;1100;1999020;CATEGORIA0;;1;1;0;1;;RENAULT KANGOO 13-/CITAN 12-*V/ESPELHO ESQ TER ASF;RENAULT KANGOO 13-/CITAN 12-*V/ESPELHO ESQ TER ASF;0;;
61;1540;105.1999020;1540;105.1999020;CATEGORIA0;;1;1;0;1;;RENAULT KANGOO 13-/CITAN 12-*V/ESP ESQ ASF TERM;RENAULT KANGOO 13-/CITAN 12-*V/ESP ESQ ASF TERM;0;;
61;1540;105.1999021;1540;105.1999021;CATEGORIA0;;1;1;0;1;;RENAULT KANGOO 13-/CITAN 12-*CARCASSA ESP DRT PRET;RENAULT KANGOO 13-/CITAN 12-*CARCASSA ESP DRT PRET;0;;
61;1540;105.1999022;1540;105.1999022;CATEGORIA0;;1;1;0;1;;CAPA ESP. ESQ. RENAULT;CAPA ESP. ESQ. RENAULT;0;;
61;1100;105.1999022+;1100;1999022;CATEGORIA0;;1;1;0;1;;CAPA ESP. ESQ. RENAULT;CAPA ESP. ESQ. RENAULT;0;;
61;1540;105.1999023;1540;105.1999023;CATEGORIA0;;1;1;0;1;;RENAULT KANGOO 13-/CITAN 12-*CAPA ESP DRT P/P;RENAULT KANGOO 13-/CITAN 12-*CAPA ESP DRT P/P;0;;
61;1540;105.1999024;1540;105.1999024;CATEGORIA0;;1;1;0;1;;RENAULT KANGOO 13-/CITAN 12-*CAPA ESP ESQ P/P;RENAULT KANGOO 13-/CITAN 12-*CAPA ESP ESQ P/P;0;;
61;1540;105.1999025;1540;105.1999025;CATEGORIA0;;1;1;0;1;;RENAULT KANGOO 13-/CITAN 12-ESPELHO DTO;RENAULT KANGOO 13-/CITAN 12-ESPELHO DTO;0;;
61;1540;105.1999026;1540;105.1999026;CATEGORIA0;;1;1;0;1;;RENAULT KANG 13-/CITAN 12-*ESP E EL TE ASF 5PI;RENAULT KANG 13-/CITAN 12-*ESP E EL TE ASF 5PI;0;;
61;1540;105.2006011;1540;105.2006011;CATEGORIA0;;1;1;0;1;;ROVER 214/414 89-*ESP DRT C/C;ROVER 214/414 89-*ESP DRT C/C;0;;
61;1540;105.2006013;1540;105.2006013;CATEGORIA0;;1;1;0;1;;ROVER 214/414 89-*ESP DRT ELECT TERM;ROVER 214/414 89-*ESP DRT ELECT TERM;0;;
61;1540;105.2006014;1540;105.2006014;CATEGORIA0;;1;1;0;1;;ROVER 214/414 89-*ESP ESQ ELECT TERM;ROVER 214/414 89-*ESP ESQ ELECT TERM;0;;
61;1540;105.2008011;1540;105.2008011;CATEGORIA0;;1;1;0;1;;ROVER 200 95- ESPELHO DTO. C/C;ROVER 200 95- ESPELHO DTO. C/C;0;;
61;1540;105.2008012;1540;105.2008012;CATEGORIA0;;1;1;0;1;;ROVER 200 95-*ESPELHO ESQ C/C;ROVER 200 95-*ESPELHO ESQ C/C;0;;
61;1540;105.2008013;1540;105.2008013;CATEGORIA0;;1;1;0;1;;ROVER 200 96-*ESP DRT ELECT TERM;ROVER 200 96-*ESP DRT ELECT TERM;0;;
61;1540;105.2008014;1540;105.2008014;CATEGORIA0;;1;1;0;1;;ROVER 200 96-*ESPELHO ESQ ELECTR TERMICO;ROVER 200 96-*ESPELHO ESQ ELECTR TERMICO;0;;
61;1540;105.2009011;1540;105.2009011;CATEGORIA0;;1;1;0;1;;ROVER 400 96-*ESP DRT C/C;ROVER 400 96-*ESP DRT C/C;0;;
61;1540;105.2009012;1540;105.2009012;CATEGORIA0;;1;1;0;1;;ROVER 400 96-*ESP ESQ C/C;ROVER 400 96-*ESP ESQ C/C;0;;
61;1540;105.2009013;1540;105.2009013;CATEGORIA0;;1;1;0;1;;ROVER 400 95-*ESP DRT ELECT TERM;ROVER 400 95-*ESP DRT ELECT TERM;0;;
61;1540;105.2009014;1540;105.2009014;CATEGORIA0;;1;1;0;1;;ROVER 400 95-*ESP ESQ ELECT TERM;ROVER 400 95-*ESP ESQ ELECT TERM;0;;
61;1540;105.2011011;1540;105.2011011;CATEGORIA0;;1;1;0;1;;ROVER 25 00-*ESP DRT C/C CONV;ROVER 25 00-*ESP DRT C/C CONV;0;;
61;1540;105.2011012;1540;105.2011012;CATEGORIA0;;1;1;0;1;;ROVER 25 00-*ESP ESQ C/C CONV;ROVER 25 00-*ESP ESQ C/C CONV;0;;
61;1540;105.2011013;1540;105.2011013;CATEGORIA0;;1;1;0;1;;ROVER 25 00-*ESP DRT ELECT CONV TERM;ROVER 25 00-*ESP DRT ELECT CONV TERM;0;;
61;1540;105.2011014;1540;105.2011014;CATEGORIA0;;1;1;0;1;;ROVER 25 00-*ESP ESQ ELECT CONV TERM;ROVER 25 00-*ESP ESQ ELECT CONV TERM;0;;
61;1540;105.2012013;1540;105.2012013;CATEGORIA0;;1;1;0;1;;ROVER 45 00-*ESP DRT ELECT CONV TERM;ROVER 45 00-*ESP DRT ELECT CONV TERM;0;;
61;1540;105.2012014;1540;105.2012014;CATEGORIA0;;1;1;0;1;;ROVER 45 00-*ESP ESQ ELECT CONV TERM;ROVER 45 00-*ESP ESQ ELECT CONV TERM;0;;
61;1540;105.2015011;1540;105.2015011;CATEGORIA0;;1;1;0;1;;LAND ROVER FREELANDER 01-07-*ESP DRT ELECT CONV TERM 5PIN;LAND ROVER FREELANDER 01-07-*ESP DRT ELECT CONV TERM 5PIN;0;;
61;1540;105.2015012;1540;105.2015012;CATEGORIA0;;1;1;0;1;;LAND ROVER FREELANDER 01-07-*ESP ESQ ELECT CONV TERM 5PIN;LAND ROVER FREELANDER 01-07-*ESP ESQ ELECT CONV TERM 5PIN;0;;
61;1540;105.2015013;1540;105.2015013;CATEGORIA0;;1;1;0;1;;LAND ROVER FREELANDER 97-00*ESP DRT ELECT TERM;LAND ROVER FREELANDER 97-00*ESP DRT ELECT TERM;0;;
61;1540;105.2015014;1540;105.2015014;CATEGORIA0;;1;1;0;1;;LAND ROVER FREELANDER 97-00*ESP ESQ ELECT TERM;LAND ROVER FREELANDER 97-00*ESP ESQ ELECT TERM;0;;
61;1540;105.2015015;1540;105.2015015;CATEGORIA0;;1;1;0;1;;LAND ROVER FREELANDER 97-00*V/ES DT EL C/S TERM;LAND ROVER FREELANDER 97-00*V/ES DT EL C/S TERM;0;;
61;1540;105.2015016;1540;105.2015016;CATEGORIA0;;1;1;0;1;;VIDRO ESPELHO ESQ. ELECTR. TERM.;VIDRO ESPELHO ESQ. ELECTR. TERM.;0;;
61;1540;105.2015018;1540;105.2015018;CATEGORIA0;;1;1;0;1;;LAND ROVER FREELANDER 01-07-*ESP ESQ ELECT TERM REB 7PIN;LAND ROVER FREELANDER 01-07-*ESP ESQ ELECT TERM REB 7PIN;0;;
61;1540;105.2015019;1540;105.2015019;CATEGORIA0;;1;1;0;1;;LAND ROVER FREELANDER 01-07-*V/ESP DRT CONV TERM;LAND ROVER FREELANDER 01-07-*V/ESP DRT CONV TERM;0;;
61;1540;105.2015020;1540;105.2015020;CATEGORIA0;;1;1;0;1;;LAND ROVER FREELANDER 01-07-*V/ESP ESQ CONV TERM;LAND ROVER FREELANDER 01-07-*V/ESP ESQ CONV TERM;0;;
61;1540;105.2017015;1540;105.2017015;CATEGORIA0;;1;1;0;1;;LAND ROVER DISCOVERY 04-*V/ESP DRT CONV TERM;LAND ROVER DISCOVERY 04-*V/ESP DRT CONV TERM;0;;
61;1540;105.2017016;1540;105.2017016;CATEGORIA0;;1;1;0;1;;LAND ROVER DISCOVERY 04-*V/ESP ESQ CONV TERM;LAND ROVER DISCOVERY 04-*V/ESP ESQ CONV TERM;0;;
61;1540;105.2018011;1540;105.2018011;CATEGORIA0;;1;1;0;1;;LAND ROVER FREELANDER 07-*ESP DRT ELECT TERM REB MEM 10PIN;LAND ROVER FREELANDER 07-*ESP DRT ELECT TERM REB MEM 10PIN;0;;
61;1540;105.2018012;1540;105.2018012;CATEGORIA0;;1;1;0;1;;LAND ROVER FREELANDER 07-*ESP ESQ ELECT TERM REB MEM 12PIN;LAND ROVER FREELANDER 07-*ESP ESQ ELECT TERM REB MEM 12PIN;0;;
61;1540;105.2018013;1540;105.2018013;CATEGORIA0;;1;1;0;1;;LAND ROVER FREELANDER 07-*ESP DRT ELECT TERM REB 6PIN;LAND ROVER FREELANDER 07-*ESP DRT ELECT TERM REB 6PIN;0;;
61;1540;105.2018014;1540;105.2018014;CATEGORIA0;;1;1;0;1;;LAND ROVER FREELANDER 07-*ESP ESQ ELECT TERM REB 8PIN;LAND ROVER FREELANDER 07-*ESP ESQ ELECT TERM REB 8PIN;0;;
61;1540;105.2019015;1540;105.2019015;CATEGORIA0;;1;1;0;1;;RANGE ROVER 13-*V/ESP DRT CONV TERM AZUL;RANGE ROVER 13-*V/ESP DRT CONV TERM AZUL;0;;
61;1540;105.2019016;1540;105.2019016;CATEGORIA0;;1;1;0;1;;RANGE ROVER 13-*V/ESP ESQ CONV TERM AZUL;RANGE ROVER 13-*V/ESP ESQ CONV TERM AZUL;0;;
61;1540;105.2102011;1540;105.2102011;CATEGORIA0;;1;1;0;1;;SEAT MARBELLA 86-*ESP DRT MAN;SEAT MARBELLA 86-*ESP DRT MAN;0;;
61;1540;105.2102012;1540;105.2102012;CATEGORIA0;;1;1;0;1;;SEAT MARBELLA 86-*ESP ESQ MAN;SEAT MARBELLA 86-*ESP ESQ MAN;0;;
61;1540;105.2105011;1540;105.2105011;CATEGORIA0;;1;1;0;1;;SEAT IBIZA 89-*ESP DRT MAN 3P;SEAT IBIZA 89-*ESP DRT MAN 3P;0;;
61;1540;105.2105015;1540;105.2105015;CATEGORIA0;;1;1;0;1;;SEAT IBIZA 89-*ESP DRT C/C 5P;SEAT IBIZA 89-*ESP DRT C/C 5P;0;;
61;1540;105.2105016;1540;105.2105016;CATEGORIA0;;1;1;0;1;;SEAT IBIZA 89-*ESP ESQ C/C 5P;SEAT IBIZA 89-*ESP ESQ C/C 5P;0;;
61;1540;105.2105017;1540;105.2105017;CATEGORIA0;;1;1;0;1;;SEAT IBIZA 89-*ESP DRT C/C 3P;SEAT IBIZA 89-*ESP DRT C/C 3P;0;;
61;1540;105.2105018;1540;105.2105018;CATEGORIA0;;1;1;0;1;;SEAT IBIZA 89-*ESPELHO;SEAT IBIZA 89-*ESPELHO;0;;
61;1540;105.2106011;1540;105.2106011;CATEGORIA0;;1;1;0;1;;SEAT IBIZA 91-*ESP DRT C/C 5P;SEAT IBIZA 91-*ESP DRT C/C 5P;0;;
61;1540;105.2106012;1540;105.2106012;CATEGORIA0;;1;1;0;1;;SEAT IBIZA 91-*ESP ESQ C/C 5P;SEAT IBIZA 91-*ESP ESQ C/C 5P;0;;
61;1540;105.2106013;1540;105.2106013;CATEGORIA0;;1;1;0;1;;SEAT IBIZA 91-*ESP DRT C/C 3P;SEAT IBIZA 91-*ESP DRT C/C 3P;0;;
61;1540;105.2106014;1540;105.2106014;CATEGORIA0;;1;1;0;1;;SEAT IBIZA 91-*ESP ESQ C/C 3P;SEAT IBIZA 91-*ESP ESQ C/C 3P;0;;
61;1540;105.2107011;1540;105.2107011;CATEGORIA0;;1;1;0;1;;SEAT IBIZA 93-*ESPELHO COM.DRT;SEAT IBIZA 93-*ESPELHO COM.DRT;0;;
61;1540;105.2107012;1540;105.2107012;CATEGORIA0;;1;1;0;1;;SEAT IBIZA 93-*ESP ESQ C/C;SEAT IBIZA 93-*ESP ESQ C/C;0;;
61;1540;105.2107013;1540;105.2107013;CATEGORIA0;;1;1;0;1;;SEAT IBIZA 93-*ESP DRT ELECT;SEAT IBIZA 93-*ESP DRT ELECT;0;;
61;1540;105.2107014;1540;105.2107014;CATEGORIA0;;1;1;0;1;;SEAT IBIZA 93-*ESP ESQ ELECT;SEAT IBIZA 93-*ESP ESQ ELECT;0;;
61;1540;105.2107015;1540;105.2107015;CATEGORIA0;;1;1;0;1;;SEAT IBIZA 93-*ESP ESQ C/C ASF;SEAT IBIZA 93-*ESP ESQ C/C ASF;0;;
61;1540;105.2107016;1540;105.2107016;CATEGORIA0;;1;1;0;1;;SEAT IBIZA 93-*ESP ESQ ELECT ASF TERM;SEAT IBIZA 93-*ESP ESQ ELECT ASF TERM;0;;
61;1540;105.2107019;1540;105.2107019;CATEGORIA0;;1;1;0;1;;SEAT IBIZA/CORDOBA 93-*ESP INT;SEAT IBIZA/CORDOBA 93-*ESP INT;0;;
61;1540;105.2110011;1540;105.2110011;CATEGORIA0;;1;1;0;1;;SEAT TOLEDO 91-*ESP DRT C/C;SEAT TOLEDO 91-*ESP DRT C/C;0;;
61;1540;105.2110012;1540;105.2110012;CATEGORIA0;;1;1;0;1;;SEAT TOLEDO 91-*ESPELHO C/C ESQ;SEAT TOLEDO 91-*ESPELHO C/C ESQ;0;;
61;1540;105.2110013;1540;105.2110013;CATEGORIA0;;1;1;0;1;;SEAT TOLEDO 91-*ESP DRT ELECT TERM;SEAT TOLEDO 91-*ESP DRT ELECT TERM;0;;
61;1540;105.2110014;1540;105.2110014;CATEGORIA0;;1;1;0;1;;SEAT TOLEDO 91-*ESP ESQ ELECT TERM;SEAT TOLEDO 91-*ESP ESQ ELECT TERM;0;;
61;1540;105.2112011;1540;105.2112011;CATEGORIA0;;1;1;0;1;;SEAT IBIZA/CORDOBA 99-*ESP DRT C/C (M/PEQ);SEAT IBIZA/CORDOBA 99-*ESP DRT C/C (M/PEQ);0;;
61;1540;105.2112012;1540;105.2112012;CATEGORIA0;;1;1;0;1;;SEAT IBIZA/CORDOBA 99-*ESPELHO C/C ES ASF(M/GRA.);SEAT IBIZA/CORDOBA 99-*ESPELHO C/C ES ASF(M/GRA.);0;;
61;1540;105.2112013;1540;105.2112013;CATEGORIA0;;1;1;0;1;;SEAT IBIZA/CORDOBA 99-*ESP ELE TERM DRT(M/PEQ.)P/P;SEAT IBIZA/CORDOBA 99-*ESP ELE TERM DRT(M/PEQ.)P/P;0;;
61;1540;105.2112014;1540;105.2112014;CATEGORIA0;;1;1;0;1;;SEAT IBIZA/CORDOBA 99-*ESP EL TE AS ESQ(M/GRA.)P/P;SEAT IBIZA/CORDOBA 99-*ESP EL TE AS ESQ(M/GRA.)P/P;0;;
61;1540;105.2112015;1540;105.2112015;CATEGORIA0;;1;1;0;1;;SEAT IBIZA/CORDOBA 99-*ESP EL TE C/SON DRT(M/PEQ);SEAT IBIZA/CORDOBA 99-*ESP EL TE C/SON DRT(M/PEQ);0;;
61;1540;105.2112016;1540;105.2112016;CATEGORIA0;;1;1;0;1;;SEAT IBIZA/CORDOBA 99-*ESP C/C DRT C/SON(M/PEQ);SEAT IBIZA/CORDOBA 99-*ESP C/C DRT C/SON(M/PEQ);0;;
61;1540;105.2112017;1540;105.2112017;CATEGORIA0;;1;1;0;1;;SEAT IBIZA/LEON/GOL 99-*V/ESPELHO C/SUP DRT(M/PEQ);SEAT IBIZA/LEON/GOL 99-*V/ESPELHO C/SUP DRT(M/PEQ);0;;
61;1540;105.2112018;1540;105.2112018;CATEGORIA0;;1;1;0;1;;SEAT IBIZA/LEON 99-*V/ESPEL C/SUP ESQ ASF(M/GRA);SEAT IBIZA/LEON 99-*V/ESPEL C/SUP ESQ ASF(M/GRA);0;;
61;1540;105.2112019;1540;105.2112019;CATEGORIA0;;1;1;0;1;;SEAT IBIZA/PAS/PO 99-*VIDRO ESP C/S DR TER(M/PEQ);SEAT IBIZA/PAS/PO 99-*VIDRO ESP C/S DR TER(M/PEQ);0;;
61;1540;105.2112020;1540;105.2112020;CATEGORIA0;;1;1;0;1;;SEAT IBIZA/GOLF/TOL 99-*V/ESP ESQ TER ASF(M/GRA);SEAT IBIZA/GOLF/TOL 99-*V/ESP ESQ TER ASF(M/GRA);0;;
61;1540;105.2112021;1540;105.2112021;CATEGORIA0;;1;1;0;1;;SEAT IBIZA/GOLF 99-*V/ESP DRT C/SUP AZUL (MOD PEQ);SEAT IBIZA/GOLF 99-*V/ESP DRT C/SUP AZUL (MOD PEQ);0;;
61;1540;105.2112022;1540;105.2112022;CATEGORIA0;;1;1;0;1;;SEAT IBIZA/GOLF 99-*V/E C/SU ESQ ASF AZ(M/GRA);SEAT IBIZA/GOLF 99-*V/E C/SU ESQ ASF AZ(M/GRA);0;;
61;1540;105.2112023;1540;105.2112023;CATEGORIA0;;1;1;0;1;;SEAT IBIZA/GOLF 99-*V/ESP C/SU DRT TER AZ(M/PEQ);SEAT IBIZA/GOLF 99-*V/ESP C/SU DRT TER AZ(M/PEQ);0;;
61;1540;105.2112024;1540;105.2112024;CATEGORIA0;;1;1;0;1;;SEAT IBIZA/GOLF 99-*V/E C/S ESQ ASF T AZ(M/GRA);SEAT IBIZA/GOLF 99-*V/E C/S ESQ ASF T AZ(M/GRA);0;;
61;1540;105.2112025;1540;105.2112025;CATEGORIA0;;1;1;0;1;;SEAT IBIZA/GOLF 99-*V/ESP DRT CONV C/SUP AZUL (MOD GRA);SEAT IBIZA/GOLF 99-*V/ESP DRT CONV C/SUP AZUL (MOD GRA);0;;
61;1540;105.2112026;1540;105.2112026;CATEGORIA0;;1;1;0;1;;SEAT IBIZA/GOLF 99-*V/ESP DRT CONV TERM C/SUP AZUL (MOD GRA);SEAT IBIZA/GOLF 99-*V/ESP DRT CONV TERM C/SUP AZUL (MOD GRA);0;;
61;1540;105.2113011;1540;105.2113011;CATEGORIA0;;1;1;0;1;;SEAT TOLEDO/LEON 99-*ESP DRT C/C CONV;SEAT TOLEDO/LEON 99-*ESP DRT C/C CONV;0;;
61;1540;105.2113012;1540;105.2113012;CATEGORIA0;;1;1;0;1;;SEAT TOLEDO/LEON 99-*ESP ESQ C/C ASF;SEAT TOLEDO/LEON 99-*ESP ESQ C/C ASF;0;;
61;1540;105.2113015;1540;105.2113015;CATEGORIA0;;1;1;0;1;;SEAT TOLEDO/LEON 02-*ESP DRT C/C P/P CONV;SEAT TOLEDO/LEON 02-*ESP DRT C/C P/P CONV;0;;
61;1540;105.2113016;1540;105.2113016;CATEGORIA0;;1;1;0;1;;SEAT TOLEDO/LEON 02-*ESP ESQ C/C P/P ASF;SEAT TOLEDO/LEON 02-*ESP ESQ C/C P/P ASF;0;;
61;1540;105.2113017;1540;105.2113017;CATEGORIA0;;1;1;0;1;;SEAT TOLEDO/LEON 02-*ESP DRT ELECT P/P CONV TERM;SEAT TOLEDO/LEON 02-*ESP DRT ELECT P/P CONV TERM;0;;
61;1540;105.2113018;1540;105.2113018;CATEGORIA0;;1;1;0;1;;SEAT TOLEDO/LEON 02-*ESP ESQ ELE ASF TER P/PIN;SEAT TOLEDO/LEON 02-*ESP ESQ ELE ASF TER P/PIN;0;;
61;1540;105.2114111;1540;105.2114111;CATEGORIA0;;1;1;0;1;;SEAT AROSA 97-*ESP DRT C/C (M.PEQ)=2323011;SEAT AROSA 97-*ESP DRT C/C (M.PEQ)=2323011;0;;
61;1540;105.2114112;1540;105.2114112;CATEGORIA0;;1;1;0;1;;SEAT AROSA 97-*ESPELHO C/C ESQ(MOD GRANDE);SEAT AROSA 97-*ESPELHO C/C ESQ(MOD GRANDE);0;;
61;1540;105.2117011;1540;105.2117011;CATEGORIA0;;1;1;0;1;;SEAT IBIZA 02-*ESP DRT C/C P/P;SEAT IBIZA 02-*ESP DRT C/C P/P;0;;
61;1540;105.2117012;1540;105.2117012;CATEGORIA0;;1;1;0;1;;SEAT IBIZA 02-*ESP ESQ C/C P/P ASF;SEAT IBIZA 02-*ESP ESQ C/C P/P ASF;0;;
61;1540;105.2117013;1540;105.2117013;CATEGORIA0;;1;1;0;1;;SEAT IBIZA 02-*ESPELHO ELE DRT TER P/P;SEAT IBIZA 02-*ESPELHO ELE DRT TER P/P;0;;
61;1540;105.2117014;1540;105.2117014;CATEGORIA0;;1;1;0;1;;SEAT IBIZA 02-*ESPELHO ELE ESQ TER P/P ASF;SEAT IBIZA 02-*ESPELHO ELE ESQ TER P/P ASF;0;;
61;1540;105.2117015;1540;105.2117015;CATEGORIA0;;1;1;0;1;;SEAT IBIZA/ALTEA/TOL 02-*CAPA ESP DRT P/P;SEAT IBIZA/ALTEA/TOL 02-*CAPA ESP DRT P/P;0;;
61;1540;105.2117016;1540;105.2117016;CATEGORIA0;;1;1;0;1;;SEAT IBIZA/ALTEA/TOL 02-*CAPA ESP ESQ P/P;SEAT IBIZA/ALTEA/TOL 02-*CAPA ESP ESQ P/P;0;;
61;1540;105.2117017;1540;105.2117017;CATEGORIA0;;1;1;0;1;;SEAT IBIZA/ALTEA/TOLEDO 02-*V/ESP DRT C/SUP;SEAT IBIZA/ALTEA/TOLEDO 02-*V/ESP DRT C/SUP;0;;
61;1540;105.2117018;1540;105.2117018;CATEGORIA0;;1;1;0;1;;SEAT IBIZA/ALTEA/TOLEDO 02-*V/ESP ESQ ASF C/SUP;SEAT IBIZA/ALTEA/TOLEDO 02-*V/ESP ESQ ASF C/SUP;0;;
61;1540;105.2117019;1540;105.2117019;CATEGORIA0;;1;1;0;1;;SEAT IBIZA/ALTEA/TOL 02-*V/ESP DRT ELECT TERM C/SUP;SEAT IBIZA/ALTEA/TOL 02-*V/ESP DRT ELECT TERM C/SUP;0;;
61;1540;105.2117020;1540;105.2117020;CATEGORIA0;;1;1;0;1;;VIDRO ESP. ESQ. IBIZA/ALTEA/TOL. 02-;VIDRO ESP. ESQ. IBIZA/ALTEA/TOL. 02-;0;;
61;1540;105.2117021;1540;105.2117021;CATEGORIA0;;1;1;0;1;;SEAT IBIZA 02-*ESP DRT C/C;SEAT IBIZA 02-*ESP DRT C/C;0;;
61;1540;105.2117022;1540;105.2117022;CATEGORIA0;;1;1;0;1;;IVIZA 02- ESPELHO ESQ. C/C ASF;IVIZA 02- ESPELHO ESQ. C/C ASF;0;;
61;1540;105.2117023;1540;105.2117023;CATEGORIA0;;1;1;0;1;;SEAT IBIZA 02-*ESP DRT ELECT TERM;SEAT IBIZA 02-*ESP DRT ELECT TERM;0;;
61;1540;105.2117024;1540;105.2117024;CATEGORIA0;;1;1;0;1;;SEAT IBIZA 02-*ESPELHO ESQ EL.ASF TERM;SEAT IBIZA 02-*ESPELHO ESQ EL.ASF TERM;0;;
61;1540;105.2117025;1540;105.2117025;CATEGORIA0;;1;1;0;1;;SEAT IBIZA/ALTEA/TOL 02-*CAPA ESP DRT PRETA;SEAT IBIZA/ALTEA/TOL 02-*CAPA ESP DRT PRETA;0;;
61;1540;105.2117026;1540;105.2117026;CATEGORIA0;;1;1;0;1;;SEAT IBIZA/ALTEA/TOL 02-*CAPA ESP ESQ PRETA;SEAT IBIZA/ALTEA/TOL 02-*CAPA ESP ESQ PRETA;0;;
61;1540;105.2119011;1540;105.2119011;CATEGORIA0;;1;1;0;1;;SEAT ALTEA/TOLEDO 04-*ESP DRT ELECT P/P CONV TERM;SEAT ALTEA/TOLEDO 04-*ESP DRT ELECT P/P CONV TERM;0;;
61;1540;105.2119012;1540;105.2119012;CATEGORIA0;;1;1;0;1;;SEAT ALTEA/TOLEDO 04-*ESP ESQ ELECT P/P ASF TERM;SEAT ALTEA/TOLEDO 04-*ESP ESQ ELECT P/P ASF TERM;0;;
61;1540;105.2121011;1540;105.2121011;CATEGORIA0;;1;1;0;1;;SEAT LEON 05-*ESP DRT ELECT P/P CONV TERM REB 7PINS;SEAT LEON 05-*ESP DRT ELECT P/P CONV TERM REB 7PINS;0;;
61;1540;105.2121012;1540;105.2121012;CATEGORIA0;;1;1;0;1;;SEAT LEON 05-*ESPELHO ESQ EL TER P/P REB ASF;SEAT LEON 05-*ESPELHO ESQ EL TER P/P REB ASF;0;;
61;1540;105.2121013;1540;105.2121013;CATEGORIA0;;1;1;0;1;;SEAT LEON 05-*ESP DRT ELECT P/P CONV TERM 5PINS;SEAT LEON 05-*ESP DRT ELECT P/P CONV TERM 5PINS;0;;
61;1540;105.2121014;1540;105.2121014;CATEGORIA0;;1;1;0;1;;SEAT LEON 05-*ESP ESQ ELECT P/P ASF TERM 5PINS;SEAT LEON 05-*ESP ESQ ELECT P/P ASF TERM 5PINS;0;;
61;1540;105.2121015;1540;105.2121015;CATEGORIA0;;1;1;0;1;;SEAT LEON 05-*V/ESPELHO DRT TER CONV;SEAT LEON 05-*V/ESPELHO DRT TER CONV;0;;
61;1540;105.2121016;1540;105.2121016;CATEGORIA0;;1;1;0;1;;SEAT LEON 05-*V/ESP ESQ ASF TERM;SEAT LEON 05-*V/ESP ESQ ASF TERM;0;;
61;1540;105.2121017;1540;105.2121017;CATEGORIA0;;1;1;0;1;;SEAT LEON 05-*CAPA ESP DRT P/P;SEAT LEON 05-*CAPA ESP DRT P/P;0;;
61;1540;105.2121018;1540;105.2121018;CATEGORIA0;;1;1;0;1;;SEAT LEON 05-*CARCASSA ESPELHO ESQ P/P;SEAT LEON 05-*CARCASSA ESPELHO ESQ P/P;0;;
61;1540;105.2124011;1540;105.2124011;CATEGORIA0;;1;1;0;1;;SEAT IBIZA 08-*ESP DRT C/C CONV PRETO;SEAT IBIZA 08-*ESP DRT C/C CONV PRETO;0;;
61;1540;105.2124012;1540;105.2124012;CATEGORIA0;;1;1;0;1;;SEAT IBIZA 08-*ESP ESQ C/C CONV PRETO;SEAT IBIZA 08-*ESP ESQ C/C CONV PRETO;0;;
61;1540;105.2124013;1540;105.2124013;CATEGORIA0;;1;1;0;1;;SEAT IBIZA 08-*ESP DRT C/C P/P CONV;SEAT IBIZA 08-*ESP DRT C/C P/P CONV;0;;
61;1540;105.2124014;1540;105.2124014;CATEGORIA0;;1;1;0;1;;SEAT IBIZA 08-*ESP ESQ C/C P/P CONV;SEAT IBIZA 08-*ESP ESQ C/C P/P CONV;0;;
61;1540;105.2124015;1540;105.2124015;CATEGORIA0;;1;1;0;1;;SEAT IBIZA 08-*ESPELHO DRT EL TER  P/P CONV 5PIN;SEAT IBIZA 08-*ESPELHO DRT EL TER  P/P CONV 5PIN;0;;
61;1540;105.2124016;1540;105.2124016;CATEGORIA0;;1;1;0;1;;SEAT IBIZA 08-*ESPELHO ESQ EL TER  P/P CONV 5PIN;SEAT IBIZA 08-*ESPELHO ESQ EL TER  P/P CONV 5PIN;0;;
61;1540;105.2124017;1540;105.2124017;CATEGORIA0;;1;1;0;1;;ESPELHO RET.ESQ.;ESPELHO RET.ESQ.;0;;
61;1540;105.2124018;1540;105.2124018;CATEGORIA0;;1;1;0;1;;SEAT IBIZA 08-*ESPELHO ESQ EL TER  P/P CONV REB;SEAT IBIZA 08-*ESPELHO ESQ EL TER  P/P CONV REB;0;;
61;1540;105.2124019;1540;105.2124019;CATEGORIA0;;1;1;0;1;;SEAT IBIZA/EXEO 08-*V/ESP DRT CONV;SEAT IBIZA/EXEO 08-*V/ESP DRT CONV;0;;
61;1540;105.2124020;1540;105.2124020;CATEGORIA0;;1;1;0;1;;SEAT IBIZA/EXEO 08-*V/ESP ESQ CONV;SEAT IBIZA/EXEO 08-*V/ESP ESQ CONV;0;;
61;1540;105.2124021;1540;105.2124021;CATEGORIA0;;1;1;0;1;;IBIZA/EXEO 08-*V/ESP. DRT TER CONVEXO;IBIZA/EXEO 08-*V/ESP. DRT TER CONVEXO;0;;
61;1540;105.2124022;1540;105.2124022;CATEGORIA0;;1;1;0;1;;SEAT IBIZA/EXEO 08-*V/ESP ESQ TERM;SEAT IBIZA/EXEO 08-*V/ESP ESQ TERM;0;;
61;1540;105.2124023;1540;105.2124023;CATEGORIA0;;1;1;0;1;;SEAT IBIZA/EXEO 08-*CAPA ESP DRT PRETA;SEAT IBIZA/EXEO 08-*CAPA ESP DRT PRETA;0;;
61;1540;105.2124024;1540;105.2124024;CATEGORIA0;;1;1;0;1;;SEAT IBIZA/EXEO 08-*CAPA ESP ESQ PRETA;SEAT IBIZA/EXEO 08-*CAPA ESP ESQ PRETA;0;;
61;1540;105.2124025;1540;105.2124025;CATEGORIA0;;1;1;0;1;;CAPA ESPELHO RET.;CAPA ESPELHO RET.;0;;
61;1540;105.2124026;1540;105.2124026;CATEGORIA0;;1;1;0;1;;IBIZA/EXEO 08- CAPA ESP. ESQ. P/P;IBIZA/EXEO 08- CAPA ESP. ESQ. P/P;0;;
61;1540;105.2125011;1540;105.2125011;CATEGORIA0;;1;1;0;1;;SEAT LEON 09-*ESP DRT ELECT P/P CONV TERM REB 7PIN;SEAT LEON 09-*ESP DRT ELECT P/P CONV TERM REB 7PIN;0;;
61;1540;105.2125012;1540;105.2125012;CATEGORIA0;;1;1;0;1;;SEAT LEON 09-*ESP ESQ ELECT P/P CONV TERM REB 7PIN;SEAT LEON 09-*ESP ESQ ELECT P/P CONV TERM REB 7PIN;0;;
61;1540;105.2125013;1540;105.2125013;CATEGORIA0;;1;1;0;1;;SEAT LEON 09-*ESP DRT ELECT P/P CONV TERM 5PIN;SEAT LEON 09-*ESP DRT ELECT P/P CONV TERM 5PIN;0;;
61;1540;105.2125014;1540;105.2125014;CATEGORIA0;;1;1;0;1;;SEAT LEON 09-*ESP ESQ ELECT P/P CONV TERM 5PIN;SEAT LEON 09-*ESP ESQ ELECT P/P CONV TERM 5PIN;0;;
61;1540;105.2125015;1540;105.2125015;CATEGORIA0;;1;1;0;1;;SEAT LEON 09-*CAPA ESP DRT P/P;SEAT LEON 09-*CAPA ESP DRT P/P;0;;
61;1540;105.2125016;1540;105.2125016;CATEGORIA0;;1;1;0;1;;SEAT LEON 09-*CAPA ESP ESQ P/P;SEAT LEON 09-*CAPA ESP ESQ P/P;0;;
61;1540;105.2125017;1540;105.2125017;CATEGORIA0;;1;1;0;1;;SEAT LEON 09-*V/ESP DRT CONV TERM;SEAT LEON 09-*V/ESP DRT CONV TERM;0;;
61;1540;105.2125018;1540;105.2125018;CATEGORIA0;;1;1;0;1;;SEAT LEON 09-*V/ESP ESQ CONV TERM;SEAT LEON 09-*V/ESP ESQ CONV TERM;0;;
61;1540;105.2125019;1540;105.2125019;CATEGORIA0;;1;1;0;1;;SEAT LEON 09-*ESP DRT ELECT PRETO CONV 3PIN;SEAT LEON 09-*ESP DRT ELECT PRETO CONV 3PIN;0;;
61;1540;105.2125020;1540;105.2125020;CATEGORIA0;;1;1;0;1;;SEAT LEON 09-*ESP ESQ ELECT PRETO CONV 3PIN;SEAT LEON 09-*ESP ESQ ELECT PRETO CONV 3PIN;0;;
61;1540;105.2125021;1540;105.2125021;CATEGORIA0;;1;1;0;1;;SEAT LEON 09-*ESP DRT ELECT PRETO CONV REB 5PIN;SEAT LEON 09-*ESP DRT ELECT PRETO CONV REB 5PIN;0;;
61;1540;105.2125022;1540;105.2125022;CATEGORIA0;;1;1;0;1;;SEAT LEON 09-*ESP ESQ ELECT PRETO CONV REB 5PIN;SEAT LEON 09-*ESP ESQ ELECT PRETO CONV REB 5PIN;0;;
61;1540;105.2125023;1540;105.2125023;CATEGORIA0;;1;1;0;1;;SEAT LEON 09-*CAPA ESP DRT PRETA;SEAT LEON 09-*CAPA ESP DRT PRETA;0;;
61;1540;105.2125024;1540;105.2125024;CATEGORIA0;;1;1;0;1;;SEAT LEON 09-*CAPA ESP ESQ PRETA;SEAT LEON 09-*CAPA ESP ESQ PRETA;0;;
61;1540;105.2126011;1540;105.2126011;CATEGORIA0;;1;1;0;1;;SEAT EXEO 09-*ESP DRT ELECT P/P CONV TERM;SEAT EXEO 09-*ESP DRT ELECT P/P CONV TERM;0;;
61;1540;105.2126013;1540;105.2126013;CATEGORIA0;;1;1;0;1;;SEAT EXEO 09-*ESP DRT ELECT P/P CONV TERM REB 7PIN;SEAT EXEO 09-*ESP DRT ELECT P/P CONV TERM REB 7PIN;0;;
61;1540;105.2126014;1540;105.2126014;CATEGORIA0;;1;1;0;1;;SEAT EXEO 09-*ESP ESQ ELECT P/P CONV TERM REB 7PIN;SEAT EXEO 09-*ESP ESQ ELECT P/P CONV TERM REB 7PIN;0;;
61;1540;105.2126017;1540;105.2126017;CATEGORIA0;;1;1;0;1;;SEAT EXEO 09-*ESP DRT ELECT P/P CONV TERM REB MEM 12PIN;SEAT EXEO 09-*ESP DRT ELECT P/P CONV TERM REB MEM 12PIN;0;;
61;1540;105.2126018;1540;105.2126018;CATEGORIA0;;1;1;0;1;;SEAT EXEO 09-*ESQ ESQ ELECT P/P CONV TERM REB MEM 12PIN;SEAT EXEO 09-*ESQ ESQ ELECT P/P CONV TERM REB MEM 12PIN;0;;
61;1540;105.2132011;1540;105.2132011;CATEGORIA0;;1;1;0;1;;SEAT TOLEDO/RAPID 12-*ESP DRT ELECT P/P CONV TERM 5PIN;SEAT TOLEDO/RAPID 12-*ESP DRT ELECT P/P CONV TERM 5PIN;0;;
61;1540;105.2132012;1540;105.2132012;CATEGORIA0;;1;1;0;1;;SEAT TOLEDO/RAPID 12-*ESP ESQ ELECT P/P CONV TERM 5PIN;SEAT TOLEDO/RAPID 12-*ESP ESQ ELECT P/P CONV TERM 5PIN;0;;
61;1540;105.2132013;1540;105.2132013;CATEGORIA0;;1;1;0;1;;SEAT TOLEDO/RAPID 12-*ESP DRT C/C P/P CONV;SEAT TOLEDO/RAPID 12-*ESP DRT C/C P/P CONV;0;;
61;1540;105.2132014;1540;105.2132014;CATEGORIA0;;1;1;0;1;;SEAT TOLEDO/RAPID 12-*ESP ESQ C/C P/P CONV;SEAT TOLEDO/RAPID 12-*ESP ESQ C/C P/P CONV;0;;
61;1540;105.2132015;1540;105.2132015;CATEGORIA0;;1;1;0;1;;SEAT TOLEDO/RAPID 12-*V/ESP DRT CONV TERM;SEAT TOLEDO/RAPID 12-*V/ESP DRT CONV TERM;0;;
61;1540;105.2132016;1540;105.2132016;CATEGORIA0;;1;1;0;1;;SEAT TOLEDO/RAPID 12-*V/ESP ESQ CONV TERM;SEAT TOLEDO/RAPID 12-*V/ESP ESQ CONV TERM;0;;
61;1540;105.2132017;1540;105.2132017;CATEGORIA0;;1;1;0;1;;SEAT TOLEDO/RAPID 12-*V/ESP DRT CONV;SEAT TOLEDO/RAPID 12-*V/ESP DRT CONV;0;;
61;1540;105.2132018;1540;105.2132018;CATEGORIA0;;1;1;0;1;;SEAT TOLEDO/RAPID 12-*V/ESP ESQ CONV;SEAT TOLEDO/RAPID 12-*V/ESP ESQ CONV;0;;
61;1540;105.2132019;1540;105.2132019;CATEGORIA0;;1;1;0;1;;SEAT TOLEDO/RAPID 12-*CAPA ESP DRT P/P;SEAT TOLEDO/RAPID 12-*CAPA ESP DRT P/P;0;;
61;1540;105.2132020;1540;105.2132020;CATEGORIA0;;1;1;0;1;;SEAT TOLEDO/RAPID 12-*CAPA ESP ESQ P/P;SEAT TOLEDO/RAPID 12-*CAPA ESP ESQ P/P;0;;
61;1540;105.2133011;1540;105.2133011;CATEGORIA0;;1;1;0;1;;SEAT LEON 12-*ESP DRT ELECT P/P CONV TERM C/PIS 6PIN;SEAT LEON 12-*ESP DRT ELECT P/P CONV TERM C/PIS 6PIN;0;;
61;1540;105.2133012;1540;105.2133012;CATEGORIA0;;1;1;0;1;;SEAT LEON 12-*ESP ESQ ELECT P/P CONV TERM C/PIS 6PIN;SEAT LEON 12-*ESP ESQ ELECT P/P CONV TERM C/PIS 6PIN;0;;
61;1540;105.2133013;1540;105.2133013;CATEGORIA0;;1;1;0;1;;SEAT LEON 12-*ESP DRT ELECT P/P CONV TERM REB C/PIS 8PIN;SEAT LEON 12-*ESP DRT ELECT P/P CONV TERM REB C/PIS 8PIN;0;;
61;1540;105.2133014;1540;105.2133014;CATEGORIA0;;1;1;0;1;;SEAT LEON 12-*ESP ESQ ELECT P/P CONV TERM REB C/PIS 8PIN;SEAT LEON 12-*ESP ESQ ELECT P/P CONV TERM REB C/PIS 8PIN;0;;
61;1540;105.2133015;1540;105.2133015;CATEGORIA0;;1;1;0;1;;SEAT LEON 12-*V/ESP DRT CONV TERM;SEAT LEON 12-*V/ESP DRT CONV TERM;0;;
61;1540;105.2133016;1540;105.2133016;CATEGORIA0;;1;1;0;1;;SEAT LEON 12-*V/ESP ESQ CONV TERM;SEAT LEON 12-*V/ESP ESQ CONV TERM;0;;
61;1540;105.2133017;1540;105.2133017;CATEGORIA0;;1;1;0;1;;SEAT LEON 12-*CAPA ESP DRT P/P;SEAT LEON 12-*CAPA ESP DRT P/P;0;;
61;1540;105.2133018;1540;105.2133018;CATEGORIA0;;1;1;0;1;;SEAT LEON 12-*CAPA ESP ESQ P/P;SEAT LEON 12-*CAPA ESP ESQ P/P;0;;
61;1540;105.2133019;1540;105.2133019;CATEGORIA0;;1;1;0;1;;SEAT LEON 12-*ESP DRT ELECT P/P CONV TERM REB C/PIS 8+4PIN;SEAT LEON 12-*ESP DRT ELECT P/P CONV TERM REB C/PIS 8+4PIN;0;;
61;1540;105.2135011;1540;105.2135011;CATEGORIA0;;1;1;0;1;;SEAT ATECA 16-*ESP DRT ELECT TERM P/P REB C/PISCA L/CORT CON;SEAT ATECA 16-*ESP DRT ELECT TERM P/P REB C/PISCA L/CORT CON;0;;
61;1540;105.2135012;1540;105.2135012;CATEGORIA0;;1;1;0;1;;SEAT ATECA 16-*ESP ESQ ELECT TERM P/P REB C/PISCA L/CORT CON;SEAT ATECA 16-*ESP ESQ ELECT TERM P/P REB C/PISCA L/CORT CON;0;;
61;1540;105.2135013;1540;105.2135013;CATEGORIA0;;1;1;0;1;;SEAT ATECA 16-*ESP DRT ELECT TERM P/P REB C/PISCA L/CORT C/A;SEAT ATECA 16-*ESP DRT ELECT TERM P/P REB C/PISCA L/CORT C/A;0;;
61;1540;105.2135014;1540;105.2135014;CATEGORIA0;;1;1;0;1;;SEAT ATECA 16-*ESP ESQ ELECT TERM P/P REB C/PISCA L/CORT C/A;SEAT ATECA 16-*ESP ESQ ELECT TERM P/P REB C/PISCA L/CORT C/A;0;;
61;1540;105.2135015;1540;105.2135015;CATEGORIA0;;1;1;0;1;;SEAT ATECA 16-*V/ESP DRT CONV TERM A/MOR;SEAT ATECA 16-*V/ESP DRT CONV TERM A/MOR;0;;
61;1540;105.2135016;1540;105.2135016;CATEGORIA0;;1;1;0;1;;SEAT ATECA 16-*V/ESP ESQ CONV TERM A/MOR;SEAT ATECA 16-*V/ESP ESQ CONV TERM A/MOR;0;;
61;1540;105.2135017;1540;105.2135017;CATEGORIA0;;1;1;0;1;;SEAT ATECA 16-*CAPA ESP DRT P/P;SEAT ATECA 16-*CAPA ESP DRT P/P;0;;
61;1540;105.2135018;1540;105.2135018;CATEGORIA0;;1;1;0;1;;SEAT ATECA 16-*CAPA ESP ESQ P/P;SEAT ATECA 16-*CAPA ESP ESQ P/P;0;;
61;1540;105.2135019;1540;105.2135019;CATEGORIA0;;1;1;0;1;;SEAT ATECA 16-*V/ESP DRT CONV TERM;SEAT ATECA 16-*V/ESP DRT CONV TERM;0;;
61;1540;105.2135020;1540;105.2135020;CATEGORIA0;;1;1;0;1;;SEAT ATECA 16-*V/ESP ESQ CONV TERM;SEAT ATECA 16-*V/ESP ESQ CONV TERM;0;;
61;1540;105.2137011;1540;105.2137011;CATEGORIA0;;1;1;0;1;;SEAT IBIZA V/ARONA 2017.01-*ESP DRT ELECT TERM P/P C/PISCA C;SEAT IBIZA V/ARONA 2017.01-*ESP DRT ELECT TERM P/P C/PISCA C;0;;
61;1540;105.2137012;1540;105.2137012;CATEGORIA0;;1;1;0;1;;SEAT IBIZA V/ARONA 2017.01-*ESP ESQ ELECT TERM P/P C/PISCA C;SEAT IBIZA V/ARONA 2017.01-*ESP ESQ ELECT TERM P/P C/PISCA C;0;;
61;1540;105.2137013;1540;105.2137013;CATEGORIA0;;1;1;0;1;;SEAT IBIZA V/ARONA 2017.01-*ESP DRT ELECT TERM REB P/P C/PIS;SEAT IBIZA V/ARONA 2017.01-*ESP DRT ELECT TERM REB P/P C/PIS;0;;
61;1540;105.2137014;1540;105.2137014;CATEGORIA0;;1;1;0;1;;SEAT IBIZA V/ARONA 2017.01-*ESP ESQ ELECT TERM REB P/P C/PIS;SEAT IBIZA V/ARONA 2017.01-*ESP ESQ ELECT TERM REB P/P C/PIS;0;;
61;1540;105.2137015;1540;105.2137015;CATEGORIA0;;1;1;0;1;;SEAT IBIZA V/ARONA 2017.01-*ESP DRT EL TERM P/P C/PISCA CONV;SEAT IBIZA V/ARONA 2017.01-*ESP DRT EL TERM P/P C/PISCA CONV;0;;
61;1540;105.2137016;1540;105.2137016;CATEGORIA0;;1;1;0;1;;SEAT IBIZA V/ARONA 2017.01-*ESP ESQ EL TERM P/P C/PISCA CONV;SEAT IBIZA V/ARONA 2017.01-*ESP ESQ EL TERM P/P C/PISCA CONV;0;;
61;1540;105.2137017;1540;105.2137017;CATEGORIA0;;1;1;0;1;;SEAT IBIZA V/ARONA 2017.01-*ESP DRT EL TERM REB P/P C/PIS CO;SEAT IBIZA V/ARONA 2017.01-*ESP DRT EL TERM REB P/P C/PIS CO;0;;
61;1540;105.2137018;1540;105.2137018;CATEGORIA0;;1;1;0;1;;SEAT IBIZA V/ARONA 2017.01-*ESP ESQ EL TERM REB P/P C/PIS CO;SEAT IBIZA V/ARONA 2017.01-*ESP ESQ EL TERM REB P/P C/PIS CO;0;;
61;1540;105.2137019;1540;105.2137019;CATEGORIA0;;1;1;0;1;;SEAT IBIZA V/ARONA 2017.01-*V/ESP DRT CONV TERM C/ANG MORTO;SEAT IBIZA V/ARONA 2017.01-*V/ESP DRT CONV TERM C/ANG MORTO;0;;
61;1540;105.2137020;1540;105.2137020;CATEGORIA0;;1;1;0;1;;SEAT IBIZA V/ARONA 2017.01-*V/ESP ESQ CONV TERM C/ANG MORTO;SEAT IBIZA V/ARONA 2017.01-*V/ESP ESQ CONV TERM C/ANG MORTO;0;;
61;1540;105.2201011;1540;105.2201011;CATEGORIA0;;1;1;0;1;;SAAB 9-3 02-*ESP DRT ELECT P/P ASF TERM REB MEM;SAAB 9-3 02-*ESP DRT ELECT P/P ASF TERM REB MEM;0;;
61;1540;105.2201012;1540;105.2201012;CATEGORIA0;;1;1;0;1;;SAAB 9-3 02-*ESP ESQ EL TER ASF REB P/P MEM;SAAB 9-3 02-*ESP ESQ EL TER ASF REB P/P MEM;0;;
61;1540;105.2201015;1540;105.2201015;CATEGORIA0;;1;1;0;1;;SAAB 9-3/9-5 97-/02-*VIDRO ESP DRT TER ASF;SAAB 9-3/9-5 97-/02-*VIDRO ESP DRT TER ASF;0;;
61;1540;105.2201016;1540;105.2201016;CATEGORIA0;;1;1;0;1;;SAAB 9-3/9-5 97-/02-*VIDRO ESP ESQ TER ASF;SAAB 9-3/9-5 97-/02-*VIDRO ESP ESQ TER ASF;0;;
61;1540;105.2201017;1540;105.2201017;CATEGORIA0;;1;1;0;1;;SAAB 9-3/9-5 97-/02-*CARCASSA ESP DRT P/P;SAAB 9-3/9-5 97-/02-*CARCASSA ESP DRT P/P;0;;
61;1540;105.2201018;1540;105.2201018;CATEGORIA0;;1;1;0;1;;SAAB 9-3/9-5 97-/02-*CAPA ESP ESQ P/P;SAAB 9-3/9-5 97-/02-*CAPA ESP ESQ P/P;0;;
61;1540;105.2302011;1540;105.2302011;CATEGORIA0;;1;1;0;1;;VW GOLF -83*ESP DRT MAN;VW GOLF -83*ESP DRT MAN;0;;
61;1540;105.2302012;1540;105.2302012;CATEGORIA0;;1;1;0;1;;VW GOLF -83*ESP ESQ MAN;VW GOLF -83*ESP ESQ MAN;0;;
61;1540;105.2303011;1540;105.2303011;CATEGORIA0;;1;1;0;1;;VW GOLF 87-*ESPELHO C/C DRT;VW GOLF 87-*ESPELHO C/C DRT;0;;
61;1540;105.2303012;1540;105.2303012;CATEGORIA0;;1;1;0;1;;VW GOLF 87-*ESPELHO C/C ESQ;VW GOLF 87-*ESPELHO C/C ESQ;0;;
61;1540;105.2303013;1540;105.2303013;CATEGORIA0;;1;1;0;1;;VW GOLF 87-*ESP DRT MAN;VW GOLF 87-*ESP DRT MAN;0;;
61;1540;105.2303014;1540;105.2303014;CATEGORIA0;;1;1;0;1;;VW GOLF 87-*ESP ESQ MAN;VW GOLF 87-*ESP ESQ MAN;0;;
61;1540;105.2303016;1540;105.2303016;CATEGORIA0;;1;1;0;1;;VW GOLF/PASSAT/POLO*ESP INT;VW GOLF/PASSAT/POLO*ESP INT;0;;
61;1540;105.2303017;1540;105.2303017;CATEGORIA0;;1;1;0;1;;VW GOLF 87- VIDRO ESPELHO DTO. CONV.;VW GOLF 87- VIDRO ESPELHO DTO. CONV.;0;;
61;1540;105.2303018;1540;105.2303018;CATEGORIA0;;1;1;0;1;;VW GOLF 87-*V/ESP ESQ PLANO;VW GOLF 87-*V/ESP ESQ PLANO;0;;
61;1540;105.2306011;1540;105.2306011;CATEGORIA0;;1;1;0;1;;VW GOLF 91-* ESPELHO C/C DRT;VW GOLF 91-* ESPELHO C/C DRT;0;;
61;1540;105.2306012;1540;105.2306012;CATEGORIA0;;1;1;0;1;;VW GOLF 91-* ESPELHO C/C ESQ.;VW GOLF 91-* ESPELHO C/C ESQ.;0;;
61;1540;105.2306013;1540;105.2306013;CATEGORIA0;;1;1;0;1;;VW GOLF 91-*ESPELHO DRT C/C ELECTRICO TERM;VW GOLF 91-*ESPELHO DRT C/C ELECTRICO TERM;0;;
61;1540;105.2306014;1540;105.2306014;CATEGORIA0;;1;1;0;1;;VW GOLF 91-*ESPELHO ESQ C/C ELECTRICO TERM.;VW GOLF 91-*ESPELHO ESQ C/C ELECTRICO TERM.;0;;
61;1540;105.2306015;1540;105.2306015;CATEGORIA0;;1;1;0;1;;VW GOLF/IBIZA 93-*V/ESP C/SUPORTE DRT;VW GOLF/IBIZA 93-*V/ESP C/SUPORTE DRT;0;;
61;1540;105.2306016;1540;105.2306016;CATEGORIA0;;1;1;0;1;;VW GOLF/IBIZA 93-*V/ESP C/SUPORTE ESQ;VW GOLF/IBIZA 93-*V/ESP C/SUPORTE ESQ;0;;
61;1540;105.2306017;1540;105.2306017;CATEGORIA0;;1;1;0;1;;VW GOLF/IBIZA93- ESPELHO DTO. TER;VW GOLF/IBIZA93- ESPELHO DTO. TER;0;;
61;1540;105.2306018;1540;105.2306018;CATEGORIA0;;1;1;0;1;;VIDRO ESP. ESQ. TERM. GOLF /IBIZA 93-;VIDRO ESP. ESQ. TERM. GOLF /IBIZA 93-;0;;
61;1540;105.2306019;1540;105.2306019;CATEGORIA0;;1;1;0;1;;VW GOLF/IBIZA 93-*V/ESP ESQ ASF C/SUP;VW GOLF/IBIZA 93-*V/ESP ESQ ASF C/SUP;0;;
61;1540;105.2306020;1540;105.2306020;CATEGORIA0;;1;1;0;1;;VW GOLF/IBIZA 93-*V/ESP ESQ ASF TERM C/SUP;VW GOLF/IBIZA 93-*V/ESP ESQ ASF TERM C/SUP;0;;
61;1540;105.2310011;1540;105.2310011;CATEGORIA0;;1;1;0;1;;VW POLO 82-*ESP DRT C/C;VW POLO 82-*ESP DRT C/C;0;;
61;1540;105.2310012;1540;105.2310012;CATEGORIA0;;1;1;0;1;;VW POLO 82-*ESP ESQ C/C;VW POLO 82-*ESP ESQ C/C;0;;
61;1540;105.2310013;1540;105.2310013;CATEGORIA0;;1;1;0;1;;VW POLO 82-*ESP DRT MAN;VW POLO 82-*ESP DRT MAN;0;;
61;1540;105.2310014;1540;105.2310014;CATEGORIA0;;1;1;0;1;;VW POLO 82-*ESP ESQ MAN;VW POLO 82-*ESP ESQ MAN;0;;
61;1540;105.2312011;1540;105.2312011;CATEGORIA0;;1;1;0;1;;VW POLO 94-*ESPELHO C/C DRT;VW POLO 94-*ESPELHO C/C DRT;0;;
61;1540;105.2312012;1540;105.2312012;CATEGORIA0;;1;1;0;1;;VW POLO 94-*ESP ESQ C/C P/P ASF;VW POLO 94-*ESP ESQ C/C P/P ASF;0;;
61;1540;105.2312013;1540;105.2312013;CATEGORIA0;;1;1;0;1;;VW POLO 94-*ESP DRT ELECT P/P CONV;VW POLO 94-*ESP DRT ELECT P/P CONV;0;;
61;1540;105.2312014;1540;105.2312014;CATEGORIA0;;1;1;0;1;;VW POLO 94-*ESP ESQ ELECT P/P ASF;VW POLO 94-*ESP ESQ ELECT P/P ASF;0;;
61;1540;105.2312015;1540;105.2312015;CATEGORIA0;;1;1;0;1;;SEAT INCA/CADDY 96-*ESP DRT C/C CONV;SEAT INCA/CADDY 96-*ESP DRT C/C CONV;0;;
61;1540;105.2312016;1540;105.2312016;CATEGORIA0;;1;1;0;1;;SEAT INCA/CADDY 96-*ESP ESQ C/C PLANO;SEAT INCA/CADDY 96-*ESP ESQ C/C PLANO;0;;
61;1540;105.2312017;1540;105.2312017;CATEGORIA0;;1;1;0;1;;SEAT INCA/CADDY/PASS 88-/96-*V/ESP DRT C/SUPORTE;SEAT INCA/CADDY/PASS 88-/96-*V/ESP DRT C/SUPORTE;0;;
61;1540;105.2312018;1540;105.2312018;CATEGORIA0;;1;1;0;1;;SEAT INCA/CADDY/PASS 88-/96-*V/ES ESQ C/SUPORTE;SEAT INCA/CADDY/PASS 88-/96-*V/ES ESQ C/SUPORTE;0;;
61;1540;105.2312019;1540;105.2312019;CATEGORIA0;;1;1;0;1;;VW POLO 94-/FELICIA 95-*V/ESP DRT CONVEXO;VW POLO 94-/FELICIA 95-*V/ESP DRT CONVEXO;0;;
61;1540;105.2312020;1540;105.2312020;CATEGORIA0;;1;1;0;1;;VW POLO 94-/FELICIA 95-*V/ESP C/S ESQ ASF;VW POLO 94-/FELICIA 95-*V/ESP C/S ESQ ASF;0;;
61;1540;105.2312021;1540;105.2312021;CATEGORIA0;;1;1;0;1;;VW POLO 94-/FELICIA 95-*V/ESP DRT CONV TERM;VW POLO 94-/FELICIA 95-*V/ESP DRT CONV TERM;0;;
61;1540;105.2312022;1540;105.2312022;CATEGORIA0;;1;1;0;1;;VW POLO 94-/FELICIA 95-*V/ESP C/S ESQ EL TER ASF;VW POLO 94-/FELICIA 95-*V/ESP C/S ESQ EL TER ASF;0;;
61;1540;105.2312023;1540;105.2312023;CATEGORIA0;;1;1;0;1;;SEAT INCA/CADDY 96-*ESP ESQ C/C ASF;SEAT INCA/CADDY 96-*ESP ESQ C/C ASF;0;;
61;1540;105.2313011;1540;105.2313011;CATEGORIA0;;1;1;0;1;;VW POLO CLASSIC 96-*ESP DRT C/C;VW POLO CLASSIC 96-*ESP DRT C/C;0;;
61;1540;105.2313012;1540;105.2313012;CATEGORIA0;;1;1;0;1;;VW POLO CLASSIC 96-*ESP ESQ C/C;VW POLO CLASSIC 96-*ESP ESQ C/C;0;;
61;1540;105.2313013;1540;105.2313013;CATEGORIA0;;1;1;0;1;;VW POLO CLASSIC 96-*ESP DRT ELECT;VW POLO CLASSIC 96-*ESP DRT ELECT;0;;
61;1540;105.2313014;1540;105.2313014;CATEGORIA0;;1;1;0;1;;VW POLO CLASSIC 96-*ESP ESQ ELECT;VW POLO CLASSIC 96-*ESP ESQ ELECT;0;;
61;1540;105.2314011;1540;105.2314011;CATEGORIA0;;1;1;0;1;;VW PASSAT 88-*ESP DRT C/C;VW PASSAT 88-*ESP DRT C/C;0;;
61;1540;105.2314012;1540;105.2314012;CATEGORIA0;;1;1;0;1;;VW PASSAT 88-*ESP ESQ C/C;VW PASSAT 88-*ESP ESQ C/C;0;;
61;1540;105.2314013;1540;105.2314013;CATEGORIA0;;1;1;0;1;;VW PASSAT 88-*ESP DRT ELECT;VW PASSAT 88-*ESP DRT ELECT;0;;
61;1540;105.2314014;1540;105.2314014;CATEGORIA0;;1;1;0;1;;VW PASSAT 88-*ESP ESQ ELECT;VW PASSAT 88-*ESP ESQ ELECT;0;;
61;1540;105.2314015;1540;105.2314015;CATEGORIA0;;1;1;0;1;;VW PASSAT 88-96*V/ESP DRT C/SUP =2312017;VW PASSAT 88-96*V/ESP DRT C/SUP =2312017;0;;
61;1540;105.2314016;1540;105.2314016;CATEGORIA0;;1;1;0;1;;VW PASSAT 88-96*V/ESP ESQ C/SUP = 2312018;VW PASSAT 88-96*V/ESP ESQ C/SUP = 2312018;0;;
61;1540;105.2314017;1540;105.2314017;CATEGORIA0;;1;1;0;1;;VW PASSAT 88-96*V/ESP DRT ELECT TERM C/SUP;VW PASSAT 88-96*V/ESP DRT ELECT TERM C/SUP;0;;
61;1540;105.2314018;1540;105.2314018;CATEGORIA0;;1;1;0;1;;VW PASSAT 88-96*V/ESP ESQ ELECT TERM C/SUP;VW PASSAT 88-96*V/ESP ESQ ELECT TERM C/SUP;0;;
61;1540;105.2317011;1540;105.2317011;CATEGORIA0;;1;1;0;1;;VW TRANSPORTER 90-*ESPELHO MANUAL DRT;VW TRANSPORTER 90-*ESPELHO MANUAL DRT;0;;
61;1540;105.2317012;1540;105.2317012;CATEGORIA0;;1;1;0;1;;VW TRANSPORTER 90-*ESPELHO MANUAL ESQ;VW TRANSPORTER 90-*ESPELHO MANUAL ESQ;0;;
61;1540;105.2317013;1540;105.2317013;CATEGORIA0;;1;1;0;1;;VW TRANSPORTER 90-*ESP DRT ELECT CONV TERM;VW TRANSPORTER 90-*ESP DRT ELECT CONV TERM;0;;
61;1540;105.2317014;1540;105.2317014;CATEGORIA0;;1;1;0;1;;VW TRANSPORTER 90-*ESP ESQ ELECT PLANO TERM;VW TRANSPORTER 90-*ESP ESQ ELECT PLANO TERM;0;;
61;1540;105.2317015;1540;105.2317015;CATEGORIA0;;1;1;0;1;;VW TRANSPORTER 90-*V/ESPELHO DRT;VW TRANSPORTER 90-*V/ESPELHO DRT;0;;
61;1540;105.2317016;1540;105.2317016;CATEGORIA0;;1;1;0;1;;VW TRANSPORTER 90-*V/ESP ESQ PLANO;VW TRANSPORTER 90-*V/ESP ESQ PLANO;0;;
61;1540;105.2317017;1540;105.2317017;CATEGORIA0;;1;1;0;1;;VW TRANSPORTER 90-*V/ESP DRT/ESQ  CONV CX/ABERTA;VW TRANSPORTER 90-*V/ESP DRT/ESQ  CONV CX/ABERTA;0;;
61;1540;105.2317019;1540;105.2317019;CATEGORIA0;;1;1;0;1;;VW TRANSPORTER 90-*V/ESP DRT CONV TERM;VW TRANSPORTER 90-*V/ESP DRT CONV TERM;0;;
61;1540;105.2317020;1540;105.2317020;CATEGORIA0;;1;1;0;1;;V/ESPELHO ESQ. TERM. VW TRANSPORTER 90-;V/ESPELHO ESQ. TERM. VW TRANSPORTER 90-;0;;
61;1540;105.2317021;1540;105.2317021;CATEGORIA0;;1;1;0;1;;VW TRANSPORTER 90-*V/ESP ESQ ASF TERM;VW TRANSPORTER 90-*V/ESP ESQ ASF TERM;0;;
61;1540;105.2318011;1540;105.2318011;CATEGORIA0;;1;1;0;1;;VW SHARAN/ALH/GALAXY 95-98*ESP DRT C/C;VW SHARAN/ALH/GALAXY 95-98*ESP DRT C/C;0;;
61;1540;105.2318012;1540;105.2318012;CATEGORIA0;;1;1;0;1;;VW SHARAN/ALH/GALAXY 95-98*ESP ESQ C/C;VW SHARAN/ALH/GALAXY 95-98*ESP ESQ C/C;0;;
61;1540;105.2318015;1540;105.2318015;CATEGORIA0;;1;1;0;1;;VW SHARAN 95-98*ESP DRT ELECT P/P TERM;VW SHARAN 95-98*ESP DRT ELECT P/P TERM;0;;
61;1540;105.2318016;1540;105.2318016;CATEGORIA0;;1;1;0;1;;VW SHARAN 95-98*ESP ESQ ELECT P/P TERM;VW SHARAN 95-98*ESP ESQ ELECT P/P TERM;0;;
61;1540;105.2318018;1540;105.2318018;CATEGORIA0;;1;1;0;1;;VW SHARAN/ALHAMBRA 98-00*ESP ESQ C/C;VW SHARAN/ALHAMBRA 98-00*ESP ESQ C/C;0;;
61;1540;105.2318019;1540;105.2318019;CATEGORIA0;;1;1;0;1;;VW SHARAN/ALHAMBRA 98-00*ESP DRT C/C P/P;VW SHARAN/ALHAMBRA 98-00*ESP DRT C/C P/P;0;;
61;1540;105.2318021;1540;105.2318021;CATEGORIA0;;1;1;0;1;;VW SHARAN/ALHAMBRA 98-00*ESP DRT ELECT TERM;VW SHARAN/ALHAMBRA 98-00*ESP DRT ELECT TERM;0;;
61;1540;105.2318022;1540;105.2318022;CATEGORIA0;;1;1;0;1;;VW SHARAN/ALHAMBRA 98-00*ESP ESQ ELECT ASF TERM;VW SHARAN/ALHAMBRA 98-00*ESP ESQ ELECT ASF TERM;0;;
61;1540;105.2318023;1540;105.2318023;CATEGORIA0;;1;1;0;1;;VW SHARAN/ALHAMBRA 98-00*ESP DRT ELECT P/P TERM;VW SHARAN/ALHAMBRA 98-00*ESP DRT ELECT P/P TERM;0;;
61;1540;105.2318024;1540;105.2318024;CATEGORIA0;;1;1;0;1;;VW SHARAN/ALHAMBRA 98-00*ESP ESQ ELECT P/P ASF TERM;VW SHARAN/ALHAMBRA 98-00*ESP ESQ ELECT P/P ASF TERM;0;;
61;1540;105.2318025;1540;105.2318025;CATEGORIA0;;1;1;0;1;;VW SHARAN 01-03*/ALHAMBRA 98-03*V/ESP DRT C/SUP;VW SHARAN 01-03*/ALHAMBRA 98-03*V/ESP DRT C/SUP;0;;
61;1540;105.2318026;1540;105.2318026;CATEGORIA0;;1;1;0;1;;VW SHARAN 01-03*/ALHAMBRA 98-03*V/ESP ESQ ASF C/SUP;VW SHARAN 01-03*/ALHAMBRA 98-03*V/ESP ESQ ASF C/SUP;0;;
61;1540;105.2318027;1540;105.2318027;CATEGORIA0;;1;1;0;1;;VW SHARAN/ALHAMBRA 01-04*V/ESP DRT TERM;VW SHARAN/ALHAMBRA 01-04*V/ESP DRT TERM;0;;
61;1540;105.2318028;1540;105.2318028;CATEGORIA0;;1;1;0;1;;VW SHARAN/ALHAMBRA 01-04*V/ESP ESQ TE AS;VW SHARAN/ALHAMBRA 01-04*V/ESP ESQ TE AS;0;;
61;1540;105.2318029;1540;105.2318029;CATEGORIA0;;1;1;0;1;;VW SHARAN 95-98*/ALHAMBRA 96-98*/GALAXY 95-06*V/ESP DRT C/SU;VW SHARAN 95-98*/ALHAMBRA 96-98*/GALAXY 95-06*V/ESP DRT C/SU;0;;
61;1540;105.2318030;1540;105.2318030;CATEGORIA0;;1;1;0;1;;V/ ESP. SHARAN/ALHAMBRA;V/ ESP. SHARAN/ALHAMBRA;0;;
61;1540;105.2318031;1540;105.2318031;CATEGORIA0;;1;1;0;1;;VW SHARAN 95-98*/ALHAMBRA 96-98*/GALAXY 95-06*V/ESP DRT CONV;VW SHARAN 95-98*/ALHAMBRA 96-98*/GALAXY 95-06*V/ESP DRT CONV;0;;
61;1540;105.2318032;1540;105.2318032;CATEGORIA0;;1;1;0;1;;V/ ESP. ESQ. SHARAN/ALHAMBRA;V/ ESP. ESQ. SHARAN/ALHAMBRA;0;;
61;1540;105.2319013;1540;105.2319013;CATEGORIA0;;1;1;0;1;;ESPELHO DTO. TERM. P/P PASSAT 96-;ESPELHO DTO. TERM. P/P PASSAT 96-;0;;
61;1540;105.2319014;1540;105.2319014;CATEGORIA0;;1;1;0;1;;ESPELHO ESQ. TERM. P/P PASSAT 96-;ESPELHO ESQ. TERM. P/P PASSAT 96-;0;;
61;1540;105.2319016;1540;105.2319016;CATEGORIA0;;1;1;0;1;;VW PASSAT/POLO 96-*V/ESP ESQ ELECT TERM C/SUP (MAI)=105.2112;VW PASSAT/POLO 96-*V/ESP ESQ ELECT TERM C/SUP (MAI)=105.2112;0;;
61;1540;105.2321011;1540;105.2321011;CATEGORIA0;;1;1;0;1;;VW GOLF 97-*ESP DRT C/C (MOD PEQ);VW GOLF 97-*ESP DRT C/C (MOD PEQ);0;;
61;1540;105.2321012;1540;105.2321012;CATEGORIA0;;1;1;0;1;;VW GOLF 97-*ESP ESQ C/C ASF (MOD GRAND);VW GOLF 97-*ESP ESQ C/C ASF (MOD GRAND);0;;
61;1540;105.2321013;1540;105.2321013;CATEGORIA0;;1;1;0;1;;VW GOLF 97-*ESP ELECT DRT P/P TERM V/BRANCO (MOD PEQ);VW GOLF 97-*ESP ELECT DRT P/P TERM V/BRANCO (MOD PEQ);0;;
61;1540;105.2321014;1540;105.2321014;CATEGORIA0;;1;1;0;1;;VW GOLF 97-*ESP. EL. ESQ.TERM. P/P;VW GOLF 97-*ESP. EL. ESQ.TERM. P/P;0;;
61;1540;105.2321015;1540;105.2321015;CATEGORIA0;;1;1;0;1;;VW GOLF/PASSAT/TOLEDO 97-*CAR ESP DR P/P;VW GOLF/PASSAT/TOLEDO 97-*CAR ESP DR P/P;0;;
61;1540;105.2321016;1540;105.2321016;CATEGORIA0;;1;1;0;1;;VW GOLF/PASSAT/TOLEDO 97-*CAR ESP ES P/P;VW GOLF/PASSAT/TOLEDO 97-*CAR ESP ES P/P;0;;
61;1540;105.2321017;1540;105.2321017;CATEGORIA0;;1;1;0;1;;VW GOLF 97-*ESP DRT ELECT P/P TERM AZUL (MOD PEQ);VW GOLF 97-*ESP DRT ELECT P/P TERM AZUL (MOD PEQ);0;;
61;1540;105.2321018;1540;105.2321018;CATEGORIA0;;1;1;0;1;;VW GOLF 97-*ESPELHO ES ELEC TERM P/P AZU AS(M/GRA);VW GOLF 97-*ESPELHO ES ELEC TERM P/P AZU AS(M/GRA);0;;
61;1540;105.2321019;1540;105.2321019;CATEGORIA0;;1;1;0;1;;VW GOLF 97/PASSAT/POLO/LUPO*ESP INT;VW GOLF 97/PASSAT/POLO/LUPO*ESP INT;0;;
61;1540;105.2321020;1540;105.2321020;CATEGORIA0;;1;1;0;1;;VW GOLF 97-*ESP DRT C/C P/P AZUL;VW GOLF 97-*ESP DRT C/C P/P AZUL;0;;
61;1540;105.2321021;1540;105.2321021;CATEGORIA0;;1;1;0;1;;VW GOLF 97-*ESP ESQ C/COM AZUL P/PIN ASF;VW GOLF 97-*ESP ESQ C/COM AZUL P/PIN ASF;0;;
61;1540;105.2321022;1540;105.2321022;CATEGORIA0;;1;1;0;1;;VW GOLF/PASSAT/TOLEDO 97-*CARCASSA ESP DRT PRETA MOD PEQUENO;VW GOLF/PASSAT/TOLEDO 97-*CARCASSA ESP DRT PRETA MOD PEQUENO;0;;
61;1540;105.2321023;1540;105.2321023;CATEGORIA0;;1;1;0;1;;VW GOLF/PASSAT/TOLEDO 97-*CARCASSA ESP ESQ PRETA MOD GRANDE;VW GOLF/PASSAT/TOLEDO 97-*CARCASSA ESP ESQ PRETA MOD GRANDE;0;;
61;1540;105.2321024;1540;105.2321024;CATEGORIA0;;1;1;0;1;;VW GOLF 97-*ESP DRT ELECT CONV TERM NEGRO V/AZUL (MOD PEQ);VW GOLF 97-*ESP DRT ELECT CONV TERM NEGRO V/AZUL (MOD PEQ);0;;
61;1540;105.2321025;1540;105.2321025;CATEGORIA0;;1;1;0;1;;VW GOLF 97-*ESP ESQ ELECT ASF TERM NEGRO V/AZUL (MOD GRANDE);VW GOLF 97-*ESP ESQ ELECT ASF TERM NEGRO V/AZUL (MOD GRANDE);0;;
61;1540;105.2321027;1540;105.2321027;CATEGORIA0;;1;1;0;1;;VW GOLF 97-*ESP DRT ELECT CONV TERM P/P V/AZUL (MOD GRANDE);VW GOLF 97-*ESP DRT ELECT CONV TERM P/P V/AZUL (MOD GRANDE);0;;
61;1540;105.2323011;1540;105.2323011;CATEGORIA0;;1;1;0;1;;VW LUPO 99-*ESP DRT C/C (MOD PEQ);VW LUPO 99-*ESP DRT C/C (MOD PEQ);0;;
61;1540;105.2323012;1540;105.2323012;CATEGORIA0;;1;1;0;1;;VW LUPO 99-*ESP ESQ C/C ASF (MOD PEQ);VW LUPO 99-*ESP ESQ C/C ASF (MOD PEQ);0;;
61;1540;105.2324011;1540;105.2324011;CATEGORIA0;;1;1;0;1;;VW POLO 99-*ESPELHO C/C DIREITO P/PINTAR(M/PEQ);VW POLO 99-*ESPELHO C/C DIREITO P/PINTAR(M/PEQ);0;;
61;1540;105.2324012;1540;105.2324012;CATEGORIA0;;1;1;0;1;;VW POLO 99-*ESPELHO C/C ASF ESQ P/PINTAR(M/GRA);VW POLO 99-*ESPELHO C/C ASF ESQ P/PINTAR(M/GRA);0;;
61;1540;105.2324013;1540;105.2324013;CATEGORIA0;;1;1;0;1;;VW POLO 99-*ESP DRT ELECT P/P TERM (MOD PEQ);VW POLO 99-*ESP DRT ELECT P/P TERM (MOD PEQ);0;;
61;1540;105.2324014;1540;105.2324014;CATEGORIA0;;1;1;0;1;;VW POLO 99-*ESP ESQ ELECT P/P ASF TERM (MOD GRAND);VW POLO 99-*ESP ESQ ELECT P/P ASF TERM (MOD GRAND);0;;
61;1540;105.2324015;1540;105.2324015;CATEGORIA0;;1;1;0;1;;VW POLO 99-*CAPA ESP DRT P/P;VW POLO 99-*CAPA ESP DRT P/P;0;;
61;1540;105.2324016;1540;105.2324016;CATEGORIA0;;1;1;0;1;;VW POLO 99-*CAPA ESP ESQ P/P;VW POLO 99-*CAPA ESP ESQ P/P;0;;
61;1540;105.2324018;1540;105.2324018;CATEGORIA0;;1;1;0;1;;VW POLO 99-*V/ESP ESQ ASF C/SUP (MOD GRA);VW POLO 99-*V/ESP ESQ ASF C/SUP (MOD GRA);0;;
61;1540;105.2324020;1540;105.2324020;CATEGORIA0;;1;1;0;1;;VW POLO 99-*V/ESP ESQ ELECT ASF TERM C/SUP;VW POLO 99-*V/ESP ESQ ELECT ASF TERM C/SUP;0;;
61;1540;105.2326011;1540;105.2326011;CATEGORIA0;;1;1;0;1;;VW PASSAT 98-*ESPELHO DRT ELECT.TERM.P/P(M/PEQ);VW PASSAT 98-*ESPELHO DRT ELECT.TERM.P/P(M/PEQ);0;;
61;1540;105.2326012;1540;105.2326012;CATEGORIA0;;1;1;0;1;;VW PASSAT 98-*ESP. ESQ ELECT.TERM.P/P(M/GRANDE);VW PASSAT 98-*ESP. ESQ ELECT.TERM.P/P(M/GRANDE);0;;
61;1540;105.2326013;1540;105.2326013;CATEGORIA0;;1;1;0;1;;VW PASSAT 03-*ESP DRT ELECT P/P CONV TERM C/PIS;VW PASSAT 03-*ESP DRT ELECT P/P CONV TERM C/PIS;0;;
61;1540;105.2326014;1540;105.2326014;CATEGORIA0;;1;1;0;1;;VW PASSAT 03-*ESP ESQ ELECT P/P ASF TERM C/PIS;VW PASSAT 03-*ESP ESQ ELECT P/P ASF TERM C/PIS;0;;
61;1540;105.2327011;1540;105.2327011;CATEGORIA0;;1;1;0;1;;VW LT 96-*ESP DRT MAN;VW LT 96-*ESP DRT MAN;0;;
61;1540;105.2327012;1540;105.2327012;CATEGORIA0;;1;1;0;1;;VW LT 96-*ESP ESQ MAN;VW LT 96-*ESP ESQ MAN;0;;
61;1540;105.2328011;1540;105.2328011;CATEGORIA0;;1;1;0;1;;VW POLO 02-*ESP DRT C/C;VW POLO 02-*ESP DRT C/C;0;;
61;1540;105.2328012;1540;105.2328012;CATEGORIA0;;1;1;0;1;;VW POLO 02-*ESP ESQ C/C ASF;VW POLO 02-*ESP ESQ C/C ASF;0;;
61;1540;105.2328013;1540;105.2328013;CATEGORIA0;;1;1;0;1;;VW POLO 02-*ESP DRT ELECT TERM;VW POLO 02-*ESP DRT ELECT TERM;0;;
61;1540;105.2328014;1540;105.2328014;CATEGORIA0;;1;1;0;1;;VW POLO 02-*ESPELHO ELEC ESQ TERM ASF;VW POLO 02-*ESPELHO ELEC ESQ TERM ASF;0;;
61;1540;105.2328015;1540;105.2328015;CATEGORIA0;;1;1;0;1;;VW POLO 02-*ESP DRT ELECT P/P TERM;VW POLO 02-*ESP DRT ELECT P/P TERM;0;;
61;1540;105.2328016;1540;105.2328016;CATEGORIA0;;1;1;0;1;;VW POLO 02-*ESP ELEC ESQ TER P/PINTA ASF;VW POLO 02-*ESP ELEC ESQ TER P/PINTA ASF;0;;
61;1540;105.2328017;1540;105.2328017;CATEGORIA0;;1;1;0;1;;VW POLO 02-*CAPA ESP DRT P/P;VW POLO 02-*CAPA ESP DRT P/P;0;;
61;1540;105.2328018;1540;105.2328018;CATEGORIA0;;1;1;0;1;;VW POLO 02-*CAPA ESP ESQ P/P;VW POLO 02-*CAPA ESP ESQ P/P;0;;
61;1540;105.2328019;1540;105.2328019;CATEGORIA0;;1;1;0;1;;VW POLO 02-*V/ESP DRT C/SUP;VW POLO 02-*V/ESP DRT C/SUP;0;;
61;1540;105.2328020;1540;105.2328020;CATEGORIA0;;1;1;0;1;;VW POLO 02-*VIDRO ESP ESQ C/SUP ASF;VW POLO 02-*VIDRO ESP ESQ C/SUP ASF;0;;
61;1540;105.2328021;1540;105.2328021;CATEGORIA0;;1;1;0;1;;VW POLO 02-*V/ESP DRT C/SUP ELEC TERM;VW POLO 02-*V/ESP DRT C/SUP ELEC TERM;0;;
61;1540;105.2328022;1540;105.2328022;CATEGORIA0;;1;1;0;1;;VW POLO 02-*V/ESP ESQ C/SUP ELEC TERM ASFER;VW POLO 02-*V/ESP ESQ C/SUP ELEC TERM ASFER;0;;
61;1540;105.2328023;1540;105.2328023;CATEGORIA0;;1;1;0;1;;VW POLO 02-*CAPA ESP DRT;VW POLO 02-*CAPA ESP DRT;0;;
61;1540;105.2328024;1540;105.2328024;CATEGORIA0;;1;1;0;1;;VW POLO 02-*CAPA ESP ESQ;VW POLO 02-*CAPA ESP ESQ;0;;
61;1540;105.2329011;1540;105.2329011;CATEGORIA0;;1;1;0;1;;VW SHARAN/ALHAMBRA 00-*ESP DRT C/C;VW SHARAN/ALHAMBRA 00-*ESP DRT C/C;0;;
61;1540;105.2329012;1540;105.2329012;CATEGORIA0;;1;1;0;1;;VW SHARAN/ALHAMBRA 00-*ESP ESQ C/C ASF;VW SHARAN/ALHAMBRA 00-*ESP ESQ C/C ASF;0;;
61;1540;105.2329013;1540;105.2329013;CATEGORIA0;;1;1;0;1;;VW SHARAN/ALHAMBRA 00-*ESP DRT C/C P/P;VW SHARAN/ALHAMBRA 00-*ESP DRT C/C P/P;0;;
61;1540;105.2329015;1540;105.2329015;CATEGORIA0;;1;1;0;1;;VW SHARAN/ALHAMBRA 00-*ESP DRT ELECT TERM;VW SHARAN/ALHAMBRA 00-*ESP DRT ELECT TERM;0;;
61;1540;105.2329016;1540;105.2329016;CATEGORIA0;;1;1;0;1;;VW SHARAN/ALHAMBRA 00-*ESP ESQ ELECT ASF TERM;VW SHARAN/ALHAMBRA 00-*ESP ESQ ELECT ASF TERM;0;;
61;1540;105.2329017;1540;105.2329017;CATEGORIA0;;1;1;0;1;;VW SHARAN/ALHAMBRA 00-*ESP DRT EL TE P/P;VW SHARAN/ALHAMBRA 00-*ESP DRT EL TE P/P;0;;
61;1540;105.2329018;1540;105.2329018;CATEGORIA0;;1;1;0;1;;VW SHARAN/ALHAMBRA ESPELHO ESQ. ELECT. P/P;VW SHARAN/ALHAMBRA ESPELHO ESQ. ELECT. P/P;0;;
61;1540;105.2329019;1540;105.2329019;CATEGORIA0;;1;1;0;1;;VW SHARAN/ALHAMB 04-*ESP DRT ELECT P/P TERM REB C/PIS;VW SHARAN/ALHAMB 04-*ESP DRT ELECT P/P TERM REB C/PIS;0;;
61;1540;105.2329020;1540;105.2329020;CATEGORIA0;;1;1;0;1;;VW SHARAN/ALHAMB 04-*ESP ESQ ELECT P/P TERM REB C/PIS;VW SHARAN/ALHAMB 04-*ESP ESQ ELECT P/P TERM REB C/PIS;0;;
61;1540;105.2331013;1540;105.2331013;CATEGORIA0;;1;1;0;1;;VW LUPO 01-*ESP DRT ELECT TERM;VW LUPO 01-*ESP DRT ELECT TERM;0;;
61;1540;105.2331014;1540;105.2331014;CATEGORIA0;;1;1;0;1;;VW LUPO 01-*ESP ESQ ELECT TERM;VW LUPO 01-*ESP ESQ ELECT TERM;0;;
61;1540;105.2332011;1540;105.2332011;CATEGORIA0;;1;1;0;1;;VW GOLF V 03-*ESPELHO DRT EL TER ASF P/P(C/PISCA);VW GOLF V 03-*ESPELHO DRT EL TER ASF P/P(C/PISCA);0;;
61;1540;105.2332012;1540;105.2332012;CATEGORIA0;;1;1;0;1;;VW GOLF V 03-*ESP ESQ ELECT P/P ASF TERM C/PIS;VW GOLF V 03-*ESP ESQ ELECT P/P ASF TERM C/PIS;0;;
61;1540;105.2332013;1540;105.2332013;CATEGORIA0;;1;1;0;1;;VW GOLF V 03-*ESP DRT ELECT P/P CONV TERM REB C/PIS;VW GOLF V 03-*ESP DRT ELECT P/P CONV TERM REB C/PIS;0;;
61;1540;105.2332014;1540;105.2332014;CATEGORIA0;;1;1;0;1;;VW GOLF V 03-*ESP ESQ ELECT P/P ASF TERM REB C/PIS;VW GOLF V 03-*ESP ESQ ELECT P/P ASF TERM REB C/PIS;0;;
61;1540;105.2332015;1540;105.2332015;CATEGORIA0;;1;1;0;1;;VW GOLF V/PASSAT/SHARAN 03- CAPA ESP. DTO. P/P;VW GOLF V/PASSAT/SHARAN 03- CAPA ESP. DTO. P/P;0;;
61;1540;105.2332016;1540;105.2332016;CATEGORIA0;;1;1;0;1;;VW GOLF V/PASS/SHARAN 03-*CARCA.ESP.ESQ P/P;VW GOLF V/PASS/SHARAN 03-*CARCA.ESP.ESQ P/P;0;;
61;1100;105.2332019;1100;2332019;CATEGORIA0;;1;1;0;1;;VIDRO ESP. DRT. PASSAT/SHARAN/JETTA;VIDRO ESP. DRT. PASSAT/SHARAN/JETTA;0;;
61;1540;105.2332019;1540;105.2332019;CATEGORIA0;;1;1;0;1;;VW GOLF V/PASS 05/SHARAN 03/JET*V/ESP DRT TER CONV;VW GOLF V/PASS 05/SHARAN 03/JET*V/ESP DRT TER CONV;0;;
61;1540;105.2332020;1540;105.2332020;CATEGORIA0;;1;1;0;1;;VW GOLF V/PASS 05/SHAR 03/JET 05-*V/ESP ESQ TE ASF;VW GOLF V/PASS 05/SHAR 03/JET 05-*V/ESP ESQ TE ASF;0;;
61;1540;105.2334011;1540;105.2334011;CATEGORIA0;;1;1;0;1;;VW CADDY 04-*ESP DRT MAN CONV;VW CADDY 04-*ESP DRT MAN CONV;0;;
61;1540;105.2334012;1540;105.2334012;CATEGORIA0;;1;1;0;1;;VW CADDY 04-*ESP ESQ MAN ASF;VW CADDY 04-*ESP ESQ MAN ASF;0;;
61;1540;105.2334013;1540;105.2334013;CATEGORIA0;;1;1;0;1;;VW CADDY 04-*ESP DRT ELE TER CONV;VW CADDY 04-*ESP DRT ELE TER CONV;0;;
61;1540;105.2334014;1540;105.2334014;CATEGORIA0;;1;1;0;1;;VW CADDY 04-*ESP ESQ ELE TER ASF;VW CADDY 04-*ESP ESQ ELE TER ASF;0;;
61;1540;105.2334015;1540;105.2334015;CATEGORIA0;;1;1;0;1;;VW CADDY 04-*ESP DRT ELECT P/P CONV TERM;VW CADDY 04-*ESP DRT ELECT P/P CONV TERM;0;;
61;1540;105.2334016;1540;105.2334016;CATEGORIA0;;1;1;0;1;;VW CADDY 04-*ESP ESQ ELECT P/P ASF TERM;VW CADDY 04-*ESP ESQ ELECT P/P ASF TERM;0;;
61;1540;105.2335011;1540;105.2335011;CATEGORIA0;;1;1;0;1;;VW TRANSPORTER 03-*ESP DRT MAN CONV;VW TRANSPORTER 03-*ESP DRT MAN CONV;0;;
61;1540;105.2335012;1540;105.2335012;CATEGORIA0;;1;1;0;1;;VW TRANSPORTER 03-*ESP ESQ MAN ASF;VW TRANSPORTER 03-*ESP ESQ MAN ASF;0;;
61;1540;105.2335013;1540;105.2335013;CATEGORIA0;;1;1;0;1;;VW TRANSPORTER 03-*ESP DRT MAN P/P CONV;VW TRANSPORTER 03-*ESP DRT MAN P/P CONV;0;;
61;1540;105.2335014;1540;105.2335014;CATEGORIA0;;1;1;0;1;;VW TRANSPORTER 03-*ESP ESQ MAN P/P ASF;VW TRANSPORTER 03-*ESP ESQ MAN P/P ASF;0;;
61;1540;105.2335015;1540;105.2335015;CATEGORIA0;;1;1;0;1;;VW TRANSPORTER 03-/CADDY 04-*V/ESP DRT;VW TRANSPORTER 03-/CADDY 04-*V/ESP DRT;0;;
61;1540;105.2335016;1540;105.2335016;CATEGORIA0;;1;1;0;1;;VW TRANSPORTER 03-/CADDY 04-*V/ESP ESQ ASF.;VW TRANSPORTER 03-/CADDY 04-*V/ESP ESQ ASF.;0;;
61;1540;105.2335017;1540;105.2335017;CATEGORIA0;;1;1;0;1;;VW TRANSPORTER 03-/CADDY 04-*V/ESP DRT TERMICO;VW TRANSPORTER 03-/CADDY 04-*V/ESP DRT TERMICO;0;;
61;1540;105.2335018;1540;105.2335018;CATEGORIA0;;1;1;0;1;;VW TRANSPORTER 03-/CADDY 04-*V/ESPE ESQ ASF TERM;VW TRANSPORTER 03-/CADDY 04-*V/ESPE ESQ ASF TERM;0;;
61;1540;105.2335019;1540;105.2335019;CATEGORIA0;;1;1;0;1;;VW TRANSPORTER 03-/CADDY 04-*CAPA ESP DRT;VW TRANSPORTER 03-/CADDY 04-*CAPA ESP DRT;0;;
61;1540;105.2335020;1540;105.2335020;CATEGORIA0;;1;1;0;1;;VW TRANSPORTER 03-/CADDY 04-*CARCASSA ESP.ESQ;VW TRANSPORTER 03-/CADDY 04-*CARCASSA ESP.ESQ;0;;
61;1540;105.2335021;1540;105.2335021;CATEGORIA0;;1;1;0;1;;VW TRANSPORTER 03-/CADDY 04-*CAPA ESP DRT P/P;VW TRANSPORTER 03-/CADDY 04-*CAPA ESP DRT P/P;0;;
61;1540;105.2335022;1540;105.2335022;CATEGORIA0;;1;1;0;1;;VW TRANSPORTER 03-/CADDY 04-*CAPA ESP ESQ P/P;VW TRANSPORTER 03-/CADDY 04-*CAPA ESP ESQ P/P;0;;
61;1540;105.2335024;1540;105.2335024;CATEGORIA0;;1;1;0;1;;VW TRANSPORTER 03-*ESP ESQ ELECT ASF TERM;VW TRANSPORTER 03-*ESP ESQ ELECT ASF TERM;0;;
61;1540;105.2335025;1540;105.2335025;CATEGORIA0;;1;1;0;1;;VW TRANSPORTER 03-*ESP DRT ELECT P/P CONV TERM;VW TRANSPORTER 03-*ESP DRT ELECT P/P CONV TERM;0;;
61;1540;105.2335026;1540;105.2335026;CATEGORIA0;;1;1;0;1;;VW TRANSPORTER 03-*ESP ESQ ELECT P/P ASF TERM;VW TRANSPORTER 03-*ESP ESQ ELECT P/P ASF TERM;0;;
61;1540;105.2335027;1540;105.2335027;CATEGORIA0;;1;1;0;1;;VW TRANSPORTER 03-*V/ESP DRT/ESQ CONV (MOD CX/ABERTA);VW TRANSPORTER 03-*V/ESP DRT/ESQ CONV (MOD CX/ABERTA);0;;
61;1540;105.2335028;1540;105.2335028;CATEGORIA0;;1;1;0;1;;VW TRANSPORTER 03-*V/ESP DRT/ESQ CONV TERM (MOD CX/ABERTA);VW TRANSPORTER 03-*V/ESP DRT/ESQ CONV TERM (MOD CX/ABERTA);0;;
61;1540;105.2336011;1540;105.2336011;CATEGORIA0;;1;1;0;1;;VW TOURAN 03-*ESP DRT ELECT P/P TERM C/PIS;VW TOURAN 03-*ESP DRT ELECT P/P TERM C/PIS;0;;
61;1540;105.2336012;1540;105.2336012;CATEGORIA0;;1;1;0;1;;VW TOURAN 03-*ESP ESQ ELECT P/P TERM C/PIS;VW TOURAN 03-*ESP ESQ ELECT P/P TERM C/PIS;0;;
61;1540;105.2336015;1540;105.2336015;CATEGORIA0;;1;1;0;1;;VW TOURAN 03-*CAPA ESP DRT P/P;VW TOURAN 03-*CAPA ESP DRT P/P;0;;
61;1540;105.2336016;1540;105.2336016;CATEGORIA0;;1;1;0;1;;VW TOURAN 03-*CAPA ESP ESQ P/P;VW TOURAN 03-*CAPA ESP ESQ P/P;0;;
61;1100;105.2336017;1100;105.2336017;CATEGORIA0;;1;1;0;1;;VIDRO ESP.DTO. VW TOURAN 03-;VIDRO ESP.DTO. VW TOURAN 03-;0;;
61;1100;105.2336018;1100;105.2336018;CATEGORIA0;;1;1;0;1;;VIDRO ESP.ESQ. VW TOURAN 03-;VIDRO ESP.ESQ. VW TOURAN 03-;0;;
61;1540;105.2337011;1540;105.2337011;CATEGORIA0;;1;1;0;1;;VW FOX 05-*ESP DRT C/C CONV;VW FOX 05-*ESP DRT C/C CONV;0;;
61;1540;105.2337012;1540;105.2337012;CATEGORIA0;;1;1;0;1;;VW FOX 05-*ESP ESQ C/C ASF;VW FOX 05-*ESP ESQ C/C ASF;0;;
61;1540;105.2337013;1540;105.2337013;CATEGORIA0;;1;1;0;1;;VW FOX 05-*ESP DRT C/C P/P CONV;VW FOX 05-*ESP DRT C/C P/P CONV;0;;
61;1540;105.2337014;1540;105.2337014;CATEGORIA0;;1;1;0;1;;VW FOX 05-*ESP ESQ C/C P/P ASF;VW FOX 05-*ESP ESQ C/C P/P ASF;0;;
61;1540;105.2337015;1540;105.2337015;CATEGORIA0;;1;1;0;1;;VW FOX 05-*ESP DRT ELECT P/P CONV TERM;VW FOX 05-*ESP DRT ELECT P/P CONV TERM;0;;
61;1540;105.2337016;1540;105.2337016;CATEGORIA0;;1;1;0;1;;VW FOX 05-*ESP ESQ ELECT P/P ASF TERM;VW FOX 05-*ESP ESQ ELECT P/P ASF TERM;0;;
61;1540;105.2337017;1540;105.2337017;CATEGORIA0;;1;1;0;1;;VW FOX 05-*V/ESP DRT CONV;VW FOX 05-*V/ESP DRT CONV;0;;
61;1540;105.2337018;1540;105.2337018;CATEGORIA0;;1;1;0;1;;VW FOX 05-*V/ESP ESQ ASF;VW FOX 05-*V/ESP ESQ ASF;0;;
61;1540;105.2337019;1540;105.2337019;CATEGORIA0;;1;1;0;1;;VW FOX 05-*V/ESP DRT CONV TERM;VW FOX 05-*V/ESP DRT CONV TERM;0;;
61;1540;105.2337020;1540;105.2337020;CATEGORIA0;;1;1;0;1;;V/ESPELHO ESQ. VW FOX 05-;V/ESPELHO ESQ. VW FOX 05-;0;;
61;1540;105.2337021;1540;105.2337021;CATEGORIA0;;1;1;0;1;;VW FOX 05-*CAPA ESP DRT PRETA;VW FOX 05-*CAPA ESP DRT PRETA;0;;
61;1540;105.2337022;1540;105.2337022;CATEGORIA0;;1;1;0;1;;VW FOX 05-*CAPA ESP ESQ PRETA;VW FOX 05-*CAPA ESP ESQ PRETA;0;;
61;1540;105.2337023;1540;105.2337023;CATEGORIA0;;1;1;0;1;;VW FOX 05-*CAPA ESP DRT P/P;VW FOX 05-*CAPA ESP DRT P/P;0;;
61;1540;105.2337024;1540;105.2337024;CATEGORIA0;;1;1;0;1;;VW FOX 05-*CAPA ESP ESQ P/P;VW FOX 05-*CAPA ESP ESQ P/P;0;;
61;1100;105.2338011;1100;105.2338011;CATEGORIA0;;1;1;0;1;;ESP. DRT.EL.TERM. P/P.JETTA/BORA 05-;ESP. DRT.EL.TERM. P/P.JETTA/BORA 05-;0;;
61;1100;105.2338012;1100;105.2338012;CATEGORIA0;;1;1;0;1;;ESP. ESQ..EL.TERM. P/P.JETTA/BORA 05-;ESP. ESQ..EL.TERM. P/P.JETTA/BORA 05-;0;;
61;1540;105.2339111;1540;105.2339111;CATEGORIA0;;1;1;0;1;;VW POLO 05-*ESP DRT C/C P/P CONV C/PIS;VW POLO 05-*ESP DRT C/C P/P CONV C/PIS;0;;
61;1540;105.2339112;1540;105.2339112;CATEGORIA0;;1;1;0;1;;VW POLO 05-*ESPELHO ESQ C/C ASF  C/PISCA P/P;VW POLO 05-*ESPELHO ESQ C/C ASF  C/PISCA P/P;0;;
61;1540;105.2339113;1540;105.2339113;CATEGORIA0;;1;1;0;1;;VW POLO 05-*ESPELHO DRT ELECT TERM CONV C/PIS P/P;VW POLO 05-*ESPELHO DRT ELECT TERM CONV C/PIS P/P;0;;
61;1540;105.2339114;1540;105.2339114;CATEGORIA0;;1;1;0;1;;VW POLO 05- ESPELHO ESQ. EL. P/P TERM.;VW POLO 05- ESPELHO ESQ. EL. P/P TERM.;0;;
61;1540;105.2339115;1540;105.2339115;CATEGORIA0;;1;1;0;1;;VW POLO 05-/OCTAVIA 04-*V/ESPELHO DRT CONVEXO;VW POLO 05-/OCTAVIA 04-*V/ESPELHO DRT CONVEXO;0;;
61;1540;105.2339116;1540;105.2339116;CATEGORIA0;;1;1;0;1;;VW POLO 05-/OCTAVIA 04-*V/ESP ESQ ASF;VW POLO 05-/OCTAVIA 04-*V/ESP ESQ ASF;0;;
61;1540;105.2339117;1540;105.2339117;CATEGORIA0;;1;1;0;1;;VW POLO 05-/OCTAVIA 04-*V/ESP DRT CONV TERMICO;VW POLO 05-/OCTAVIA 04-*V/ESP DRT CONV TERMICO;0;;
61;1540;105.2339118;1540;105.2339118;CATEGORIA0;;1;1;0;1;;VW POLO 05-/OCTAVIA 04-*V/ESP ESQ ASF TERMICO;VW POLO 05-/OCTAVIA 04-*V/ESP ESQ ASF TERMICO;0;;
61;1540;105.2339119;1540;105.2339119;CATEGORIA0;;1;1;0;1;;VW POLO 05-/OCTAVIA 04-*CAPA ESP DRT P/P;VW POLO 05-/OCTAVIA 04-*CAPA ESP DRT P/P;0;;
61;1540;105.2339120;1540;105.2339120;CATEGORIA0;;1;1;0;1;;VW POLO 05-/OCTAVIA 04-*CARCASSA ESP ESQ P/PINTAR;VW POLO 05-/OCTAVIA 04-*CARCASSA ESP ESQ P/PINTAR;0;;
61;1540;105.2339121;1540;105.2339121;CATEGORIA0;;1;1;0;1;;VW POLO 05-*ESP DRT C/C CONV PRETO C/PIS;VW POLO 05-*ESP DRT C/C CONV PRETO C/PIS;0;;
61;1540;105.2339122;1540;105.2339122;CATEGORIA0;;1;1;0;1;;VW POLO 05-*ESP ESQ C/C ASF PRETO C/PIS;VW POLO 05-*ESP ESQ C/C ASF PRETO C/PIS;0;;
61;1540;105.2339123;1540;105.2339123;CATEGORIA0;;1;1;0;1;;VW POLO 05-*ESP DRT ELECT CONV TERM PRETO C/PIS;VW POLO 05-*ESP DRT ELECT CONV TERM PRETO C/PIS;0;;
61;1540;105.2339124;1540;105.2339124;CATEGORIA0;;1;1;0;1;;VW POLO 05-*ESP ESQ ELECT ASF TERM PRETO C/PIS;VW POLO 05-*ESP ESQ ELECT ASF TERM PRETO C/PIS;0;;
61;1540;105.2339125;1540;105.2339125;CATEGORIA0;;1;1;0;1;;VW POLO 05-/OCTAVIA 04-*CAPA ESP DRT PRETA;VW POLO 05-/OCTAVIA 04-*CAPA ESP DRT PRETA;0;;
61;1540;105.2339126;1540;105.2339126;CATEGORIA0;;1;1;0;1;;VW POLO 05-/OCTAVIA 04-*CAPA ESP ESQ PRETA;VW POLO 05-/OCTAVIA 04-*CAPA ESP ESQ PRETA;0;;
61;1540;105.2341011;1540;105.2341011;CATEGORIA0;;1;1;0;1;;VW PASSAT 05-*ESP DRT ELE CONV TER P/PIN C/PISCA;VW PASSAT 05-*ESP DRT ELE CONV TER P/PIN C/PISCA;0;;
61;1540;105.2341012;1540;105.2341012;CATEGORIA0;;1;1;0;1;;VW PASSAT 05-*ESP ESQ ELECT P/P ASF TERM C/PIS;VW PASSAT 05-*ESP ESQ ELECT P/P ASF TERM C/PIS;0;;
61;1540;105.2341015;1540;105.2341015;CATEGORIA0;;1;1;0;1;;VW PASSAT 05-*ESP DRT ELECT P/P TERM REB C/PIS L/CORT;VW PASSAT 05-*ESP DRT ELECT P/P TERM REB C/PIS L/CORT;0;;
61;1540;105.2341016;1540;105.2341016;CATEGORIA0;;1;1;0;1;;VW PASSAT 05-*ESP ESQ ELECT P/P TERM REB C/PIS L/CORT;VW PASSAT 05-*ESP ESQ ELECT P/P TERM REB C/PIS L/CORT;0;;
61;1540;105.2341017;1540;105.2341017;CATEGORIA0;;1;1;0;1;;VW PASSAT 05-*CAPA ESP DRT P/P;VW PASSAT 05-*CAPA ESP DRT P/P;0;;
61;1540;105.2341018;1540;105.2341018;CATEGORIA0;;1;1;0;1;;VW PASSAT 05-*CARCASSA ESP ESQ P/PIN;VW PASSAT 05-*CARCASSA ESP ESQ P/PIN;0;;
61;1540;105.2342011;1540;105.2342011;CATEGORIA0;;1;1;0;1;;VW GOLF PLUS 05-*ESP DRT ELECT P/P CONV TERM C/PIS;VW GOLF PLUS 05-*ESP DRT ELECT P/P CONV TERM C/PIS;0;;
61;1540;105.2342012;1540;105.2342012;CATEGORIA0;;1;1;0;1;;VW GOLF PLUS 05-*ESP ESQ ELECT P/P ASF TERM C/PIS;VW GOLF PLUS 05-*ESP ESQ ELECT P/P ASF TERM C/PIS;0;;
61;1540;105.2342013;1540;105.2342013;CATEGORIA0;;1;1;0;1;;VW GOLF PLUS 05-*ESP DRT ELECT P/P CONV TERM REB C/PIS L/COR;VW GOLF PLUS 05-*ESP DRT ELECT P/P CONV TERM REB C/PIS L/COR;0;;
61;1540;105.2342014;1540;105.2342014;CATEGORIA0;;1;1;0;1;;VW GOLF PLUS 05-*ESP ESQ ELECT P/P ASF TERM REB C/PIS L/CORT;VW GOLF PLUS 05-*ESP ESQ ELECT P/P ASF TERM REB C/PIS L/CORT;0;;
61;1540;105.2346011;1540;105.2346011;CATEGORIA0;;1;1;0;1;;VW GOLF 08-*ESP DRT ELECT P/P CONV TERM C/PIS 6PIN;VW GOLF 08-*ESP DRT ELECT P/P CONV TERM C/PIS 6PIN;0;;
61;1540;105.2346012;1540;105.2346012;CATEGORIA0;;1;1;0;1;;VW GOLF 08- ESPELHO ESQ. EL. P/P TERM.;VW GOLF 08- ESPELHO ESQ. EL. P/P TERM.;0;;
61;1540;105.2346013;1540;105.2346013;CATEGORIA0;;1;1;0;1;;VW GOLF 08-*ESP DRT ELECT P/P CONV TERM REB MEM C/PIS L/CORT;VW GOLF 08-*ESP DRT ELECT P/P CONV TERM REB MEM C/PIS L/CORT;0;;
61;1540;105.2346014;1540;105.2346014;CATEGORIA0;;1;1;0;1;;VW GOLF 08-*ES ESQ EL AS TE P/P REB C/PI C/MEM;VW GOLF 08-*ES ESQ EL AS TE P/P REB C/PI C/MEM;0;;
61;1540;105.2346015;1540;105.2346015;CATEGORIA0;;1;1;0;1;;VW GOLF 08-*ESP DRT ELECT P/P CONV TERM REB C/PIS 8PIN;VW GOLF 08-*ESP DRT ELECT P/P CONV TERM REB C/PIS 8PIN;0;;
61;1540;105.2346017;1540;105.2346017;CATEGORIA0;;1;1;0;1;;VW GOLF 08-*CARCASSA ESP DRT P/P;VW GOLF 08-*CARCASSA ESP DRT P/P;0;;
61;1540;105.2346018;1540;105.2346018;CATEGORIA0;;1;1;0;1;;VW GOLF 08-*CARCASSA ESP ESQ P/P;VW GOLF 08-*CARCASSA ESP ESQ P/P;0;;
61;1540;105.2346019;1540;105.2346019;CATEGORIA0;;1;1;0;1;;VW GOLF 08-*V/ESP DRT CONV TERM;VW GOLF 08-*V/ESP DRT CONV TERM;0;;
61;1540;105.2346020;1540;105.2346020;CATEGORIA0;;1;1;0;1;;VW GOLF 08-*V/ESP ESQ ASF TERM;VW GOLF 08-*V/ESP ESQ ASF TERM;0;;
61;1540;105.2346021;1540;105.2346021;CATEGORIA0;;1;1;0;1;;ESPELHO DTO. EL TERM P/PINTAR  GOLF 08-;ESPELHO DTO. EL TERM P/PINTAR  GOLF 08-;0;;
61;1540;105.2346022;1540;105.2346022;CATEGORIA0;;1;1;0;1;;VW GOLF 08- ESPELHO ESQ. EL. P/P TERM. C/PISCA 6PIN;VW GOLF 08- ESPELHO ESQ. EL. P/P TERM. C/PISCA 6PIN;0;;
61;1540;105.2347011;1540;105.2347011;CATEGORIA0;;1;1;0;1;;VW POLO 09-*ESP DRT C/C CONV C/PIS FICHA QUADRADA;VW POLO 09-*ESP DRT C/C CONV C/PIS FICHA QUADRADA;0;;
61;1540;105.2347012;1540;105.2347012;CATEGORIA0;;1;1;0;1;;VW POLO 09-*ESP ESQ C/C ASF C/PIS FICHA QUADRADA;VW POLO 09-*ESP ESQ C/C ASF C/PIS FICHA QUADRADA;0;;
61;1540;105.2347013;1540;105.2347013;CATEGORIA0;;1;1;0;1;;VW POLO 09-*ESP DRT C/C P/P CONV C/PIS FICHA QUADRADA;VW POLO 09-*ESP DRT C/C P/P CONV C/PIS FICHA QUADRADA;0;;
61;1540;105.2347014;1540;105.2347014;CATEGORIA0;;1;1;0;1;;VW POLO 09-*ESP ESQ C/C P/P ASF C/PIS FICHA QUADRADA;VW POLO 09-*ESP ESQ C/C P/P ASF C/PIS FICHA QUADRADA;0;;
61;1540;105.2347015;1540;105.2347015;CATEGORIA0;;1;1;0;1;;VW POLO 09-*V/ESP DRT CONV;VW POLO 09-*V/ESP DRT CONV;0;;
61;1540;105.2347016;1540;105.2347016;CATEGORIA0;;1;1;0;1;;VW POLO 09-*V/ESP ESQ ASF;VW POLO 09-*V/ESP ESQ ASF;0;;
61;1540;105.2347017;1540;105.2347017;CATEGORIA0;;1;1;0;1;;VW POLO 09-*V/ESP DRT CONV TERMICO;VW POLO 09-*V/ESP DRT CONV TERMICO;0;;
61;1540;105.2347018;1540;105.2347018;CATEGORIA0;;1;1;0;1;;VW POLO 09- VIDRO ESPELHO ESQ. ASF TERM;VW POLO 09- VIDRO ESPELHO ESQ. ASF TERM;0;;
61;1540;105.2347019;1540;105.2347019;CATEGORIA0;;1;1;0;1;;VW POLO 09-*ESP DRT ELECT CONV TERM C/PIS FICHA QUADRADA;VW POLO 09-*ESP DRT ELECT CONV TERM C/PIS FICHA QUADRADA;0;;
61;1540;105.2347020;1540;105.2347020;CATEGORIA0;;1;1;0;1;;VW POLO 09-*ESP ESQ ELECT ASF TERM C/PIS FICHA QUADRADA;VW POLO 09-*ESP ESQ ELECT ASF TERM C/PIS FICHA QUADRADA;0;;
61;1540;105.2347021;1540;105.2347021;CATEGORIA0;;1;1;0;1;;VW POLO 09-*ESP DRT ELECT TERM P/P CONV C/PIS FICHA QUADRADA;VW POLO 09-*ESP DRT ELECT TERM P/P CONV C/PIS FICHA QUADRADA;0;;
61;1540;105.2347022;1540;105.2347022;CATEGORIA0;;1;1;0;1;;VW POLO 09-*ESP ESQ ELECT P/P ASF TERM C/PIS FICHA QUADRADA;VW POLO 09-*ESP ESQ ELECT P/P ASF TERM C/PIS FICHA QUADRADA;0;;
61;1540;105.2347023;1540;105.2347023;CATEGORIA0;;1;1;0;1;;VW POLO 09-*CAPA ESP DRT PRETA;VW POLO 09-*CAPA ESP DRT PRETA;0;;
61;1540;105.2347024;1540;105.2347024;CATEGORIA0;;1;1;0;1;;VW POLO 09-*CAPA ESP ESQ PRETA;VW POLO 09-*CAPA ESP ESQ PRETA;0;;
61;1540;105.2347025;1540;105.2347025;CATEGORIA0;;1;1;0;1;;VW POLO 09-CAPA ESPELHO;VW POLO 09-CAPA ESPELHO;0;;
61;1540;105.2347026;1540;105.2347026;CATEGORIA0;;1;1;0;1;;VW POLO 09-*CAPA ESP ESQ P/P;VW POLO 09-*CAPA ESP ESQ P/P;0;;
61;1540;105.2347027;1540;105.2347027;CATEGORIA0;;1;1;0;1;;VW POLO 09-*ESP DRT C/C P/P CONV C/PIS FICHA RECTANGULAR;VW POLO 09-*ESP DRT C/C P/P CONV C/PIS FICHA RECTANGULAR;0;;
61;1540;105.2347028;1540;105.2347028;CATEGORIA0;;1;1;0;1;;VW POLO 09-*ESP ESQ C/C P/P ASF C/PIS FICHA RECTANGULAR;VW POLO 09-*ESP ESQ C/C P/P ASF C/PIS FICHA RECTANGULAR;0;;
61;1540;105.2347029;1540;105.2347029;CATEGORIA0;;1;1;0;1;;VW POLO 09-*ESP DRT ELECT CONV TERM C/PIS FICHA RECTANGULAR;VW POLO 09-*ESP DRT ELECT CONV TERM C/PIS FICHA RECTANGULAR;0;;
61;1540;105.2347030;1540;105.2347030;CATEGORIA0;;1;1;0;1;;VW POLO 09-*ESP ESQ ELECT ASF TERM C/PIS FICHA RECTANGULAR;VW POLO 09-*ESP ESQ ELECT ASF TERM C/PIS FICHA RECTANGULAR;0;;
61;1540;105.2347031;1540;105.2347031;CATEGORIA0;;1;1;0;1;;VW POLO 09-*ESP DRT ELECT P/P CONV TERM C/PIS FICHA RECTANGU;VW POLO 09-*ESP DRT ELECT P/P CONV TERM C/PIS FICHA RECTANGU;0;;
61;1540;105.2347032;1540;105.2347032;CATEGORIA0;;1;1;0;1;;VW POLO 09-* ESP ESQ ELET P/P ASF TERM C/PIS FICHA RETANG;VW POLO 09-* ESP ESQ ELET P/P ASF TERM C/PIS FICHA RETANG;0;;
61;1540;105.2349011;1540;105.2349011;CATEGORIA0;;1;1;0;1;;VW JETTA 11-*ESP DRT ELECT P/P CONV TERM C/PIS 6PIN;VW JETTA 11-*ESP DRT ELECT P/P CONV TERM C/PIS 6PIN;0;;
61;1540;105.2349012;1540;105.2349012;CATEGORIA0;;1;1;0;1;;VW JETTA 11-*ESP ESQ ELECT P/P ASF TERM C/PIS 6PIN;VW JETTA 11-*ESP ESQ ELECT P/P ASF TERM C/PIS 6PIN;0;;
61;1540;105.2349013;1540;105.2349013;CATEGORIA0;;1;1;0;1;;VW JETTA 11-*ESP DRT ELECT P/P CONV TERM REB MEM C/PIS L/COR;VW JETTA 11-*ESP DRT ELECT P/P CONV TERM REB MEM C/PIS L/COR;0;;
61;1540;105.2349014;1540;105.2349014;CATEGORIA0;;1;1;0;1;;VW JETTA 11-*ESP ESQ ELECT P/P ASF TERM REB C/PIS L/CORT 9PI;VW JETTA 11-*ESP ESQ ELECT P/P ASF TERM REB C/PIS L/CORT 9PI;0;;
61;1540;105.2351011;1540;105.2351011;CATEGORIA0;;1;1;0;1;;VW PASSAT 10-*ESP DRT ELECT P/P CONV TERM REB C/PIS 8PIN;VW PASSAT 10-*ESP DRT ELECT P/P CONV TERM REB C/PIS 8PIN;0;;
61;1540;105.2351012;1540;105.2351012;CATEGORIA0;;1;1;0;1;;VW PASSAT 10-*ESP ESQ ELECT P/P ASF TERM REB C/PIS 8PIN;VW PASSAT 10-*ESP ESQ ELECT P/P ASF TERM REB C/PIS 8PIN;0;;
61;1540;105.2351013;1540;105.2351013;CATEGORIA0;;1;1;0;1;;VW PASSAT 10-*ESP DRT ELECT P/P TERM REB MEM C/PIS 13PIN;VW PASSAT 10-*ESP DRT ELECT P/P TERM REB MEM C/PIS 13PIN;0;;
61;1540;105.2351014;1540;105.2351014;CATEGORIA0;;1;1;0;1;;VW PASSAT 10-*ESP ESQ ELECT P/P TERM REB MEM C/PIS 15PIN;VW PASSAT 10-*ESP ESQ ELECT P/P TERM REB MEM C/PIS 15PIN;0;;
61;1540;105.2351015;1540;105.2351015;CATEGORIA0;;1;1;0;1;;VW PASSAT 10-*V/ESPELHO DRT TERM CONVEXO;VW PASSAT 10-*V/ESPELHO DRT TERM CONVEXO;0;;
61;1540;105.2351016;1540;105.2351016;CATEGORIA0;;1;1;0;1;;VW PASSAT 10-*V/ESP. ESQ TERM ASFERICO;VW PASSAT 10-*V/ESP. ESQ TERM ASFERICO;0;;
61;1540;105.2351017;1540;105.2351017;CATEGORIA0;;1;1;0;1;;VW PASSAT 10-*CAPA ESP DRT P/P;VW PASSAT 10-*CAPA ESP DRT P/P;0;;
61;1540;105.2351018;1540;105.2351018;CATEGORIA0;;1;1;0;1;;VW PASSAT 10-*CARCASSA ESPELHO ESQ P/P;VW PASSAT 10-*CARCASSA ESPELHO ESQ P/P;0;;
61;1540;105.2352011;1540;105.2352011;CATEGORIA0;;1;1;0;1;;VW TRANSPORTER T5 10-*ESP DRT MAN P/P CONV;VW TRANSPORTER T5 10-*ESP DRT MAN P/P CONV;0;;
61;1540;105.2352012;1540;105.2352012;CATEGORIA0;;1;1;0;1;;VW TRANSPORTER T5 10-*ESP ESQ MAN P/P ASF;VW TRANSPORTER T5 10-*ESP ESQ MAN P/P ASF;0;;
61;1540;105.2352013;1540;105.2352013;CATEGORIA0;;1;1;0;1;;VW TRANSPORTER T5 10-*ESP DRT ELECT P/P CONV TERM 5PIN;VW TRANSPORTER T5 10-*ESP DRT ELECT P/P CONV TERM 5PIN;0;;
61;1540;105.2352014;1540;105.2352014;CATEGORIA0;;1;1;0;1;;VW TRANSPORTER T5 10-*ESP ESQ ELECT P/P ASF TERM 5PIN;VW TRANSPORTER T5 10-*ESP ESQ ELECT P/P ASF TERM 5PIN;0;;
61;1540;105.2352015;1540;105.2352015;CATEGORIA0;;1;1;0;1;;VW TRANSPORTER T5 10-*ESP DRT ELECT CONV TERM PRETO 5PIN;VW TRANSPORTER T5 10-*ESP DRT ELECT CONV TERM PRETO 5PIN;0;;
61;1540;105.2352016;1540;105.2352016;CATEGORIA0;;1;1;0;1;;ESPELHO ESQ. ELE;ESPELHO ESQ. ELE;0;;
61;1540;105.2352017;1540;105.2352017;CATEGORIA0;;1;1;0;1;;VW TRANSPORTER T5 10-*V/ESP DRT CONV (BASE 84MM);VW TRANSPORTER T5 10-*V/ESP DRT CONV (BASE 84MM);0;;
61;1540;105.2352018;1540;105.2352018;CATEGORIA0;;1;1;0;1;;VW TRANSPORTER T5 10-*V/ESP ESQ ASF (BASE 84MM);VW TRANSPORTER T5 10-*V/ESP ESQ ASF (BASE 84MM);0;;
61;1540;105.2352019;1540;105.2352019;CATEGORIA0;;1;1;0;1;;VW TRANSPORTER T5 10-*V/ESP DRT CONV TERM (BASE 108MM);VW TRANSPORTER T5 10-*V/ESP DRT CONV TERM (BASE 108MM);0;;
61;1540;105.2352020;1540;105.2352020;CATEGORIA0;;1;1;0;1;;VW TRANSPORTER T5 10-*V/ESP ESQ ASF TERM (BASE 108MM);VW TRANSPORTER T5 10-*V/ESP ESQ ASF TERM (BASE 108MM);0;;
61;1540;105.2352023;1540;105.2352023;CATEGORIA0;;1;1;0;1;;VW TRANSPORTER T5 10-*ESP DRT ELECT P/P CONV TERM REB 9PIN;VW TRANSPORTER T5 10-*ESP DRT ELECT P/P CONV TERM REB 9PIN;0;;
61;1540;105.2352024;1540;105.2352024;CATEGORIA0;;1;1;0;1;;VW TRANSPORTER T5 10-*ESP ESQ ELECT P/P ASF TERM REB 9PIN;VW TRANSPORTER T5 10-*ESP ESQ ELECT P/P ASF TERM REB 9PIN;0;;
61;1540;105.2352025;1540;105.2352025;CATEGORIA0;;1;1;0;1;;VW TRANSPORTER T5 10-*V/ESP DRT CONV (BASE 108MM);VW TRANSPORTER T5 10-*V/ESP DRT CONV (BASE 108MM);0;;
61;1540;105.2352026;1540;105.2352026;CATEGORIA0;;1;1;0;1;;VW TRANSPORTER T5 10-*V/ESP ESQ ASF (BASE 108MM);VW TRANSPORTER T5 10-*V/ESP ESQ ASF (BASE 108MM);0;;
61;1540;105.2353011;1540;105.2353011;CATEGORIA0;;1;1;0;1;;VW TOURAN 10-*ESP DRT ELECT P/P CONV TERM C/PISC 6PIN;VW TOURAN 10-*ESP DRT ELECT P/P CONV TERM C/PISC 6PIN;0;;
61;1540;105.2353012;1540;105.2353012;CATEGORIA0;;1;1;0;1;;VW TOURAN 10-*ESP ESQ ELECT P/P ASF TERM C/PISC 6PIN;VW TOURAN 10-*ESP ESQ ELECT P/P ASF TERM C/PISC 6PIN;0;;
61;1540;105.2354011;1540;105.2354011;CATEGORIA0;;1;1;0;1;;VW SHARAN/ALH 2010-*ESP DRT ELECT P/P TERM C/PIS 6PIN;VW SHARAN/ALH 2010-*ESP DRT ELECT P/P TERM C/PIS 6PIN;0;;
61;1540;105.2354012;1540;105.2354012;CATEGORIA0;;1;1;0;1;;VW SHARAN/ALH 2010-*ESP ESQ ELECT P/P TERM C/PIS 6PIN;VW SHARAN/ALH 2010-*ESP ESQ ELECT P/P TERM C/PIS 6PIN;0;;
61;1540;105.2354013;1540;105.2354013;CATEGORIA0;;1;1;0;1;;VW SHARAN/ALH 2010-*ESP DRT ELECT P/P TERM REB C/PIS 13PIN;VW SHARAN/ALH 2010-*ESP DRT ELECT P/P TERM REB C/PIS 13PIN;0;;
61;1540;105.2354014;1540;105.2354014;CATEGORIA0;;1;1;0;1;;VW SHARAN/ALH 2010-*ESP ESQ ELECT P/P TERM REB C/PIS 13PIN;VW SHARAN/ALH 2010-*ESP ESQ ELECT P/P TERM REB C/PIS 13PIN;0;;
61;1540;105.2354015;1540;105.2354015;CATEGORIA0;;1;1;0;1;;VW SHARAN/ALH/YETI 2010-*V/ESP DRT CONV;VW SHARAN/ALH/YETI 2010-*V/ESP DRT CONV;0;;
61;1540;105.2354016;1540;105.2354016;CATEGORIA0;;1;1;0;1;;VW SHARAN/ALH/YETI 2010-*V/ESP ESQ CONV;VW SHARAN/ALH/YETI 2010-*V/ESP ESQ CONV;0;;
61;1540;105.2354017;1540;105.2354017;CATEGORIA0;;1;1;0;1;;VW SHARAN/ALH/YETI 2010-*V/ESP DRT CONV TERM;VW SHARAN/ALH/YETI 2010-*V/ESP DRT CONV TERM;0;;
61;1540;105.2354018;1540;105.2354018;CATEGORIA0;;1;1;0;1;;VW SHARAN/ALH/YETI 2010-*V/ESP ESQ CONV TERM;VW SHARAN/ALH/YETI 2010-*V/ESP ESQ CONV TERM;0;;
61;1540;105.2354019;1540;105.2354019;CATEGORIA0;;1;1;0;1;;VW SHARAN/ALH/YETI 2010-*CAPA ESP DRT P/P;VW SHARAN/ALH/YETI 2010-*CAPA ESP DRT P/P;0;;
61;1540;105.2354020;1540;105.2354020;CATEGORIA0;;1;1;0;1;;VW SHARAN/ALH/YETI 2010-*CAPA ESP ESQ P/P;VW SHARAN/ALH/YETI 2010-*CAPA ESP ESQ P/P;0;;
61;1540;105.2355015;1540;105.2355015;CATEGORIA0;;1;1;0;1;;VW TOUAREG 02-*V/ESP DRT CONV TERM;VW TOUAREG 02-*V/ESP DRT CONV TERM;0;;
61;1540;105.2355016;1540;105.2355016;CATEGORIA0;;1;1;0;1;;VW TOUAREG 20- VIDRO ESP. ESQ. ASF TERM;VW TOUAREG 20- VIDRO ESP. ESQ. ASF TERM;0;;
61;1540;105.2356011;1540;105.2356011;CATEGORIA0;;1;1;0;1;;VW UP/CITIGO/MII 12-*ESP DRT ELECT P/P CONV TERM 5PIN;VW UP/CITIGO/MII 12-*ESP DRT ELECT P/P CONV TERM 5PIN;0;;
61;1540;105.2356012;1540;105.2356012;CATEGORIA0;;1;1;0;1;;VW UP/CITIGO/MII 12-*ESP ESQ ELECT ASF TERM 9PIN;VW UP/CITIGO/MII 12-*ESP ESQ ELECT ASF TERM 9PIN;0;;
61;1540;105.2356013;1540;105.2356013;CATEGORIA0;;1;1;0;1;;VW UP/CITIGO/MII 12-*ESP DRT C/C CONV;VW UP/CITIGO/MII 12-*ESP DRT C/C CONV;0;;
61;1540;105.2356014;1540;105.2356014;CATEGORIA0;;1;1;0;1;;VW UP/CITIGO/MII 12-*ESP ESQ C/C ASF 4PIN;VW UP/CITIGO/MII 12-*ESP ESQ C/C ASF 4PIN;0;;
61;1540;105.2356015;1540;105.2356015;CATEGORIA0;;1;1;0;1;;VW UP/CITIGO/MII 12-*V/ESP DRT CONV TERM;VW UP/CITIGO/MII 12-*V/ESP DRT CONV TERM;0;;
61;1540;105.2356016;1540;105.2356016;CATEGORIA0;;1;1;0;1;;VW UP/CITIGO/MII 12-*V/ESP ESQ ASF TER;VW UP/CITIGO/MII 12-*V/ESP ESQ ASF TER;0;;
61;1540;105.2356017;1540;105.2356017;CATEGORIA0;;1;1;0;1;;VW UP/CITIGO/MII 12-*ESP DRT C/C P/P CONV;VW UP/CITIGO/MII 12-*ESP DRT C/C P/P CONV;0;;
61;1540;105.2356018;1540;105.2356018;CATEGORIA0;;1;1;0;1;;VW UP/CITIGO/MII 12-*ESP ESQ C/C P/P ASF 4PIN;VW UP/CITIGO/MII 12-*ESP ESQ C/C P/P ASF 4PIN;0;;
61;1540;105.2356019;1540;105.2356019;CATEGORIA0;;1;1;0;1;;VW UP/CITIGO/MII 12-*V/ESP DRT CONV;VW UP/CITIGO/MII 12-*V/ESP DRT CONV;0;;
61;1540;105.2356020;1540;105.2356020;CATEGORIA0;;1;1;0;1;;VW UP/CITIGO/MII 12-*V/ESP ESQ ASF;VW UP/CITIGO/MII 12-*V/ESP ESQ ASF;0;;
61;1540;105.2356021;1540;105.2356021;CATEGORIA0;;1;1;0;1;;VW UP/CITIGO/MII 12-*CAPA ESP DRT PRETA;VW UP/CITIGO/MII 12-*CAPA ESP DRT PRETA;0;;
61;1540;105.2356022;1540;105.2356022;CATEGORIA0;;1;1;0;1;;VW UP/CITIGO/MII 12-*CAPA ESP ESQ PRETA;VW UP/CITIGO/MII 12-*CAPA ESP ESQ PRETA;0;;
61;1540;105.2356023;1540;105.2356023;CATEGORIA0;;1;1;0;1;;VW UP/CITIGO/MII 12-*CAPA ESP DRT P/P;VW UP/CITIGO/MII 12-*CAPA ESP DRT P/P;0;;
61;1540;105.2356024;1540;105.2356024;CATEGORIA0;;1;1;0;1;;VW UP/CITIGO/MII 12-*CAPA ESP ESQ P/P;VW UP/CITIGO/MII 12-*CAPA ESP ESQ P/P;0;;
61;1540;105.2357011;1540;105.2357011;CATEGORIA0;;1;1;0;1;;VW TIGUAN 08-*ESP DRT ELECT P/P CONV TERM C/PIS 6PIN;VW TIGUAN 08-*ESP DRT ELECT P/P CONV TERM C/PIS 6PIN;0;;
61;1540;105.2357012;1540;105.2357012;CATEGORIA0;;1;1;0;1;;VW TIGUAN 08-*ESP ESQ ELECT P/P ASF TERM C/PIS 6PIN;VW TIGUAN 08-*ESP ESQ ELECT P/P ASF TERM C/PIS 6PIN;0;;
61;1540;105.2357013;1540;105.2357013;CATEGORIA0;;1;1;0;1;;VW TIGUAN 08-*ESP DRT ELECT P/P CONV TERM REB C/PIS L/CORT 9;VW TIGUAN 08-*ESP DRT ELECT P/P CONV TERM REB C/PIS L/CORT 9;0;;
61;1540;105.2357014;1540;105.2357014;CATEGORIA0;;1;1;0;1;;VW TIGUAN 08-*ESP ESQ ELECT P/P ASF TERM REB C/PIS L/CORT 9P;VW TIGUAN 08-*ESP ESQ ELECT P/P ASF TERM REB C/PIS L/CORT 9P;0;;
61;1540;105.2357015;1540;105.2357015;CATEGORIA0;;1;1;0;1;;VW TIGUAN 08-*ESP DRT ELECT P/P CONV TERM REB MEM C/PIS L/CO;VW TIGUAN 08-*ESP DRT ELECT P/P CONV TERM REB MEM C/PIS L/CO;0;;
61;1540;105.2357016;1540;105.2357016;CATEGORIA0;;1;1;0;1;;VW TIGUAN 08-*ESP ESQ ELECT P/P ASFV TERM REB MEM C/PIS L/CO;VW TIGUAN 08-*ESP ESQ ELECT P/P ASFV TERM REB MEM C/PIS L/CO;0;;
61;1540;105.2358011;1540;105.2358011;CATEGORIA0;;1;1;0;1;;VW PASSAT CC 08-*ESP DRT ELECT CONV TERM C/PIS 6PIN;VW PASSAT CC 08-*ESP DRT ELECT CONV TERM C/PIS 6PIN;0;;
61;1540;105.2358012;1540;105.2358012;CATEGORIA0;;1;1;0;1;;VW PASSAT CC 08-*ESP ESQ ELECT ASF TERM C/PIS 6PIN;VW PASSAT CC 08-*ESP ESQ ELECT ASF TERM C/PIS 6PIN;0;;
61;1540;105.2358013;1540;105.2358013;CATEGORIA0;;1;1;0;1;;VW PASSAT CC 08-*ESP DRT ELECT TERM MEM C/PIS L/CORT 11PIN;VW PASSAT CC 08-*ESP DRT ELECT TERM MEM C/PIS L/CORT 11PIN;0;;
61;1540;105.2358014;1540;105.2358014;CATEGORIA0;;1;1;0;1;;VW PASSAT CC 08-*ESP ESQ ELECT TERM MEM C/PIS L/CORT 11PIN;VW PASSAT CC 08-*ESP ESQ ELECT TERM MEM C/PIS L/CORT 11PIN;0;;
61;1540;105.2358015;1540;105.2358015;CATEGORIA0;;1;1;0;1;;VW PASSAT CC 08-*ESP DRT ELECT TERM REB MEM C/PIS L/CORT 15P;VW PASSAT CC 08-*ESP DRT ELECT TERM REB MEM C/PIS L/CORT 15P;0;;
61;1540;105.2358016;1540;105.2358016;CATEGORIA0;;1;1;0;1;;VW PASSAT CC 08-*ESP ESQ ELECT TERM REB MEM C/PIS L/CORT 15P;VW PASSAT CC 08-*ESP ESQ ELECT TERM REB MEM C/PIS L/CORT 15P;0;;
61;1540;105.2362011;1540;105.2362011;CATEGORIA0;;1;1;0;1;;VW GOLF VII 13-*ESP DRT ELECT TERM MEM C/PIS 10PIN;VW GOLF VII 13-*ESP DRT ELECT TERM MEM C/PIS 10PIN;0;;
61;1540;105.2362012;1540;105.2362012;CATEGORIA0;;1;1;0;1;;VW GOLF VII 13-*ESP ESQ ELECT ASF TERM C/PIS 6PIN;VW GOLF VII 13-*ESP ESQ ELECT ASF TERM C/PIS 6PIN;0;;
61;1540;105.2362013;1540;105.2362013;CATEGORIA0;;1;1;0;1;;VW GOLF VII 13-*ESP DRT ELECT TERM REB MEM C/PIS 12PIN;VW GOLF VII 13-*ESP DRT ELECT TERM REB MEM C/PIS 12PIN;0;;
61;1540;105.2362014;1540;105.2362014;CATEGORIA0;;1;1;0;1;;VW GOLF VII 13-*ESP ESQ ELECT ASF TERM REB C/PIS 8PIN;VW GOLF VII 13-*ESP ESQ ELECT ASF TERM REB C/PIS 8PIN;0;;
61;1540;105.2362015;1540;105.2362015;CATEGORIA0;;1;1;0;1;;VW GOLF VII 13-*ESP DRT ELECT TERM MEM C/PIS L/CORT 11PIN;VW GOLF VII 13-*ESP DRT ELECT TERM MEM C/PIS L/CORT 11PIN;0;;
61;1540;105.2362016;1540;105.2362016;CATEGORIA0;;1;1;0;1;;VW GOLF VII 13-*ESP ESQ ELECT ASF TERM C/PIS L/CORT 7PIN;VW GOLF VII 13-*ESP ESQ ELECT ASF TERM C/PIS L/CORT 7PIN;0;;
61;1540;105.2362017;1540;105.2362017;CATEGORIA0;;1;1;0;1;;VW GOLF VII 13-*ESP DRT ELECT TERM MEM REB C/PIS L/CORT 13PI;VW GOLF VII 13-*ESP DRT ELECT TERM MEM REB C/PIS L/CORT 13PI;0;;
61;1540;105.2362018;1540;105.2362018;CATEGORIA0;;1;1;0;1;;EPELHO ESQ. ELECT TERM REB C/PIS;EPELHO ESQ. ELECT TERM REB C/PIS;0;;
61;1540;105.2362019;1540;105.2362019;CATEGORIA0;;1;1;0;1;;VW GOLF VII 13-*V/ESP DRT CONV TERM;VW GOLF VII 13-*V/ESP DRT CONV TERM;0;;
61;1540;105.2362020;1540;105.2362020;CATEGORIA0;;1;1;0;1;;VW GOLF VII 13-*V/ESP ESQ ASF TERM;VW GOLF VII 13-*V/ESP ESQ ASF TERM;0;;
61;1100;105.2362021;1100;2362021;CATEGORIA0;;1;1;0;1;;VW GOLF VII 13-*CARCASSA ESPELHO DRT P/P;VW GOLF VII 13-*CARCASSA ESPELHO DRT P/P;0;;
61;1540;105.2362021;1540;105.2362021;CATEGORIA0;;1;1;0;1;;VW GOLF VII 13-*CAPA ESP DRT P/P;VW GOLF VII 13-*CAPA ESP DRT P/P;0;;
61;1540;105.2362022;1540;105.2362022;CATEGORIA0;;1;1;0;1;;VW GOLF VII 13-*CAPA ESP ESQ P/P;VW GOLF VII 13-*CAPA ESP ESQ P/P;0;;
61;1540;105.2362023;1540;105.2362023;CATEGORIA0;;1;1;0;1;;VW GOLF VII SW 14-*ESP DRT ELECT P/P CONV TERM REB C/PIS 10P;VW GOLF VII SW 14-*ESP DRT ELECT P/P CONV TERM REB C/PIS 10P;0;;
61;1540;105.2362024;1540;105.2362024;CATEGORIA0;;1;1;0;1;;VW GOLF VII SW 14-*ESP ESQ ELECT P/P ASF TERM REB C/PIS 10PI;VW GOLF VII SW 14-*ESP ESQ ELECT P/P ASF TERM REB C/PIS 10PI;0;;
61;1540;105.2362025;1540;105.2362025;CATEGORIA0;;1;1;0;1;;VW GOLF VII SW 14-*ESP DRT ELE P/P CONV TER REB MEM C/PIS L/;VW GOLF VII SW 14-*ESP DRT ELE P/P CONV TER REB MEM C/PIS L/;0;;
61;1540;105.2362026;1540;105.2362026;CATEGORIA0;;1;1;0;1;;VW GOLF VII SW 14-*ESP ESQ ELECT P/P ASF TER REB C/PIS L/COR;VW GOLF VII SW 14-*ESP ESQ ELECT P/P ASF TER REB C/PIS L/COR;0;;
61;1540;105.2362027;1540;105.2362027;CATEGORIA0;;1;1;0;1;;VW GOLF VII 13-*V/ESP DTO. ASF TERM;VW GOLF VII 13-*V/ESP DTO. ASF TERM;0;;
61;1540;105.2362028;1540;105.2362028;CATEGORIA0;;1;1;0;1;;VW GOLF VII SW 14-*V/ESP ESQ ASF TERM;VW GOLF VII SW 14-*V/ESP ESQ ASF TERM;0;;
61;1540;105.2364011;1540;105.2364011;CATEGORIA0;;1;1;0;1;;VW PASSAT 15-*ESP DRT ELECT P/P CONV TERM C/PIS 6+2PIN;VW PASSAT 15-*ESP DRT ELECT P/P CONV TERM C/PIS 6+2PIN;0;;
61;1540;105.2364012;1540;105.2364012;CATEGORIA0;;1;1;0;1;;VW PASSAT 15-*ESP ESQ ELECT P/P ASF TERM C/PIS 6+2PIN;VW PASSAT 15-*ESP ESQ ELECT P/P ASF TERM C/PIS 6+2PIN;0;;
61;1540;105.2364013;1540;105.2364013;CATEGORIA0;;1;1;0;1;;VW PASSAT 15-*ESP DRT ELECT CONV TERM C/PIS L/CORT C/SENSOR;VW PASSAT 15-*ESP DRT ELECT CONV TERM C/PIS L/CORT C/SENSOR;0;;
61;1540;105.2364014;1540;105.2364014;CATEGORIA0;;1;1;0;1;;VW PASSAT 15-*ESP ESQ ELECT ASF TERM C/PIS L/CORT C/SENSOR A;VW PASSAT 15-*ESP ESQ ELECT ASF TERM C/PIS L/CORT C/SENSOR A;0;;
61;1540;105.2364015;1540;105.2364015;CATEGORIA0;;1;1;0;1;;VW PASSAT 15-*V/ESP DRT CONV TERM;VW PASSAT 15-*V/ESP DRT CONV TERM;0;;
61;1540;105.2364016;1540;105.2364016;CATEGORIA0;;1;1;0;1;;VW PASSAT 15-*V/ESP ESQ ASF TERM;VW PASSAT 15-*V/ESP ESQ ASF TERM;0;;
61;1540;105.2364017;1540;105.2364017;CATEGORIA0;;1;1;0;1;;VW PASSAT 15-*ESP DRT ELECT TERM REB C/PIS L/CORT C/SENSOR A;VW PASSAT 15-*ESP DRT ELECT TERM REB C/PIS L/CORT C/SENSOR A;0;;
61;1540;105.2364018;1540;105.2364018;CATEGORIA0;;1;1;0;1;;VW PASSAT 15-*ESP ESQ ELECT TERM REB C/PIS L/CORT C/SENSOR A;VW PASSAT 15-*ESP ESQ ELECT TERM REB C/PIS L/CORT C/SENSOR A;0;;
61;1540;105.2364019;1540;105.2364019;CATEGORIA0;;1;1;0;1;;VW PASSAT 15-*CAPA ESP DRT P/P;VW PASSAT 15-*CAPA ESP DRT P/P;0;;
61;1540;105.2364020;1540;105.2364020;CATEGORIA0;;1;1;0;1;;VW PASSAT 15-*CAPA ESP ESQ P/P;VW PASSAT 15-*CAPA ESP ESQ P/P;0;;
61;1540;105.2364021;1540;105.2364021;CATEGORIA0;;1;1;0;1;;VW PASSAT/ARTEON 15-*CAPA ESP DRT P/P C/FURO SENSOR A/MORTO;VW PASSAT/ARTEON 15-*CAPA ESP DRT P/P C/FURO SENSOR A/MORTO;0;;
61;1540;105.2364022;1540;105.2364022;CATEGORIA0;;1;1;0;1;;VW PASSAT/ARTEON 15-*CAPA ESP ESQ P/P C/FURO SENSOR A/MORTO;VW PASSAT/ARTEON 15-*CAPA ESP ESQ P/P C/FURO SENSOR A/MORTO;0;;
61;1540;105.2365015;1540;105.2365015;CATEGORIA0;;1;1;0;1;;VW TOUAREG/Q7 08-*V/ESP DRT CONV TERM;VW TOUAREG/Q7 08-*V/ESP DRT CONV TERM;0;;
61;1540;105.2365016;1540;105.2365016;CATEGORIA0;;1;1;0;1;;VW TOUAREG/Q7 08-*V/ESP ESQ ASF TERM;VW TOUAREG/Q7 08-*V/ESP ESQ ASF TERM;0;;
61;1540;105.2365017;1540;105.2365017;CATEGORIA0;;1;1;0;1;;VW TOUAREG 08-*CAPA ESP DRT P/P;VW TOUAREG 08-*CAPA ESP DRT P/P;0;;
61;1540;105.2365018;1540;105.2365018;CATEGORIA0;;1;1;0;1;;VW TOUAREG 08-*CAPA ESP ESQ P/P;VW TOUAREG 08-*CAPA ESP ESQ P/P;0;;
61;1540;105.2367011;1540;105.2367011;CATEGORIA0;;1;1;0;1;;VW TRANSPORTER 16-*ESP DRT ELECT CONV TERM 5PINS (C/ANTENA);VW TRANSPORTER 16-*ESP DRT ELECT CONV TERM 5PINS (C/ANTENA);0;;
61;1540;105.2367012;1540;105.2367012;CATEGORIA0;;1;1;0;1;;VW TRANSPORTER 16-*ESP ESQ ELECT ASF TERM 5PINS (C/ANTENA);VW TRANSPORTER 16-*ESP ESQ ELECT ASF TERM 5PINS (C/ANTENA);0;;
61;1540;105.2367013;1540;105.2367013;CATEGORIA0;;1;1;0;1;;VW TRANSPORTER 16-*ESP DRT ELECT P/P CONV TERM 5PINS (C/ANTE;VW TRANSPORTER 16-*ESP DRT ELECT P/P CONV TERM 5PINS (C/ANTE;0;;
61;1540;105.2367014;1540;105.2367014;CATEGORIA0;;1;1;0;1;;VW TRANSPORTER 16-*ESP ESQ ELECT P/P ASF TERM 5PINS (C/ANTEN;VW TRANSPORTER 16-*ESP ESQ ELECT P/P ASF TERM 5PINS (C/ANTEN;0;;
61;1540;105.2367015;1540;105.2367015;CATEGORIA0;;1;1;0;1;;VW TRANSPORTER 16-*V/ESP DRT CONV TERM (BASE 84MM);VW TRANSPORTER 16-*V/ESP DRT CONV TERM (BASE 84MM);0;;
61;1540;105.2367016;1540;105.2367016;CATEGORIA0;;1;1;0;1;;VW TRANSPORTER 16-*V/ESP ESQ ASF TERM (BASE 84MM);VW TRANSPORTER 16-*V/ESP ESQ ASF TERM (BASE 84MM);0;;
61;1540;105.2367017;1540;105.2367017;CATEGORIA0;;1;1;0;1;;VW TRANSPORTER 16-*CAPA ESP DRT PRETA;VW TRANSPORTER 16-*CAPA ESP DRT PRETA;0;;
61;1540;105.2367018;1540;105.2367018;CATEGORIA0;;1;1;0;1;;VW TRANSPORTER 16-*CAPA ESP ESQ PRETA;VW TRANSPORTER 16-*CAPA ESP ESQ PRETA;0;;
61;1540;105.2367019;1540;105.2367019;CATEGORIA0;;1;1;0;1;;VW TRANSPORTER 16-*CAPA ESP DRT P/P;VW TRANSPORTER 16-*CAPA ESP DRT P/P;0;;
61;1540;105.2367020;1540;105.2367020;CATEGORIA0;;1;1;0;1;;VW TRANSPORTER 16-*CAPA ESP ESQ P/P;VW TRANSPORTER 16-*CAPA ESP ESQ P/P;0;;
61;1540;105.2367021;1540;105.2367021;CATEGORIA0;;1;1;0;1;;VW TRANSPORTER 16-*ESP DRT ELECT CONV TERM 5PINS (S/ANTENA);VW TRANSPORTER 16-*ESP DRT ELECT CONV TERM 5PINS (S/ANTENA);0;;
61;1540;105.2367022;1540;105.2367022;CATEGORIA0;;1;1;0;1;;VW TRANSPORTER 16-*ESP ESQ ELECT ASF TERM 5PINS (S/ANTENA);VW TRANSPORTER 16-*ESP ESQ ELECT ASF TERM 5PINS (S/ANTENA);0;;
61;1540;105.2369011;1540;105.2369011;CATEGORIA0;;1;1;0;1;;VW TOURAN 15-*ESP DRT ELECT P/P CONV TERM C/PIS 6PIN;VW TOURAN 15-*ESP DRT ELECT P/P CONV TERM C/PIS 6PIN;0;;
61;1540;105.2369012;1540;105.2369012;CATEGORIA0;;1;1;0;1;;VW TOURAN 15-*ESP ESQ ELECT P/P ASF TERM C/PIS 6PIN;VW TOURAN 15-*ESP ESQ ELECT P/P ASF TERM C/PIS 6PIN;0;;
61;1540;105.2369013;1540;105.2369013;CATEGORIA0;;1;1;0;1;;VW TOURAN 15-*ESP DRT ELECT P/P CONV TERM REB MEM C/PIS L/CO;VW TOURAN 15-*ESP DRT ELECT P/P CONV TERM REB MEM C/PIS L/CO;0;;
61;1540;105.2369014;1540;105.2369014;CATEGORIA0;;1;1;0;1;;VW TOURAN 15-*ESP ESQ ELECT P/P ASF TERM REB C/PIS L/CORT A/;VW TOURAN 15-*ESP ESQ ELECT P/P ASF TERM REB C/PIS L/CORT A/;0;;
61;1540;105.2369015;1540;105.2369015;CATEGORIA0;;1;1;0;1;;VW TOURAN 15-*CAPA ESP DRT P/P C/F INDIC MUDANCA FAIXA;VW TOURAN 15-*CAPA ESP DRT P/P C/F INDIC MUDANCA FAIXA;0;;
61;1540;105.2369016;1540;105.2369016;CATEGORIA0;;1;1;0;1;;VW TOURAN 15-*CAPA ESP ESQ P/P C/F INDIC MUDANCA FAIXA;VW TOURAN 15-*CAPA ESP ESQ P/P C/F INDIC MUDANCA FAIXA;0;;
61;1540;105.2371011;1540;105.2371011;CATEGORIA0;;1;1;0;1;;VW CADDY IV 2015.10-*ESP DRT ELECT TERM CONV 5PIN;VW CADDY IV 2015.10-*ESP DRT ELECT TERM CONV 5PIN;0;;
61;1540;105.2371012;1540;105.2371012;CATEGORIA0;;1;1;0;1;;VW CADDY IV 2015.10-*ESP ESQ ELECT TERM ASF C/ANTENA 5+1PIN;VW CADDY IV 2015.10-*ESP ESQ ELECT TERM ASF C/ANTENA 5+1PIN;0;;
61;1540;105.2371013;1540;105.2371013;CATEGORIA0;;1;1;0;1;;VW CADDY IV 2015.10-*ESP DRT ELECT P/P TERM CONV 5PIN;VW CADDY IV 2015.10-*ESP DRT ELECT P/P TERM CONV 5PIN;0;;
61;1540;105.2371014;1540;105.2371014;CATEGORIA0;;1;1;0;1;;VW CADDY IV 2015.10-*ESP ESQ ELECT P/P TERM ASF C/ANTENA 5+1;VW CADDY IV 2015.10-*ESP ESQ ELECT P/P TERM ASF C/ANTENA 5+1;0;;
61;1540;105.2371015;1540;105.2371015;CATEGORIA0;;1;1;0;1;;VW CADDY IV 2015.10-*ESP DRT ELECT P/P REB TERM CONV 7PIN;VW CADDY IV 2015.10-*ESP DRT ELECT P/P REB TERM CONV 7PIN;0;;
61;1540;105.2371016;1540;105.2371016;CATEGORIA0;;1;1;0;1;;VW CADDY IV 2015.10-*ESP ESQ ELECT P/P REB TERM ASF C/ANTENA;VW CADDY IV 2015.10-*ESP ESQ ELECT P/P REB TERM ASF C/ANTENA;0;;
61;1540;105.2371017;1540;105.2371017;CATEGORIA0;;1;1;0;1;;VW CADDY IV 2015.10-*V/ESP DRT CONVEXO;VW CADDY IV 2015.10-*V/ESP DRT CONVEXO;0;;
61;1540;105.2371018;1540;105.2371018;CATEGORIA0;;1;1;0;1;;VW CADDY IV 2015.10-*V/ESP ESQ ASFERICO;VW CADDY IV 2015.10-*V/ESP ESQ ASFERICO;0;;
61;1540;105.2371019;1540;105.2371019;CATEGORIA0;;1;1;0;1;;VW CADDY IV 2015.10-*V/ESP DRT TERM CONVEXO;VW CADDY IV 2015.10-*V/ESP DRT TERM CONVEXO;0;;
61;1540;105.2371020;1540;105.2371020;CATEGORIA0;;1;1;0;1;;VW CADDY IV 2015.10-*V/ESP ESQ TERM ASFERICO;VW CADDY IV 2015.10-*V/ESP ESQ TERM ASFERICO;0;;
61;1540;105.2371021;1540;105.2371021;CATEGORIA0;;1;1;0;1;;VW CADDY IV 2015.10-*CAPA ESP DRT PRETA;VW CADDY IV 2015.10-*CAPA ESP DRT PRETA;0;;
61;1540;105.2371022;1540;105.2371022;CATEGORIA0;;1;1;0;1;;VW CADDY IV 2015.10-*CAPA ESP ESQ PRETA;VW CADDY IV 2015.10-*CAPA ESP ESQ PRETA;0;;
61;1540;105.2371023;1540;105.2371023;CATEGORIA0;;1;1;0;1;;VW CADDY IV 2015.10-*CAPA ESP DRT P/P;VW CADDY IV 2015.10-*CAPA ESP DRT P/P;0;;
61;1540;105.2371024;1540;105.2371024;CATEGORIA0;;1;1;0;1;;VW CADDY IV 2015.10-*CAPA ESP ESQ P/P;VW CADDY IV 2015.10-*CAPA ESP ESQ P/P;0;;
61;1540;105.2372011;1540;105.2372011;CATEGORIA0;;1;1;0;1;;VW TIGUAN 16-*ESP DRT ELETRICO TERM P/P C/PISCA CONV 6PINS;VW TIGUAN 16-*ESP DRT ELETRICO TERM P/P C/PISCA CONV 6PINS;0;;
61;1540;105.2372012;1540;105.2372012;CATEGORIA0;;1;1;0;1;;VW TIGUAN 16-*ESP ESQ ELETRICO TERM P/P C/PISCA ASF 6PINS;VW TIGUAN 16-*ESP ESQ ELETRICO TERM P/P C/PISCA ASF 6PINS;0;;
61;1540;105.2372013;1540;105.2372013;CATEGORIA0;;1;1;0;1;;VW TIGUAN 16-*ESP DRT ELECT TERM P/P REB MEM C/PISCA LUZ/COR;VW TIGUAN 16-*ESP DRT ELECT TERM P/P REB MEM C/PISCA LUZ/COR;0;;
61;1540;105.2372014;1540;105.2372014;CATEGORIA0;;1;1;0;1;;VW TIGUAN 16-*ESP ESQ ELECT TERM P/P REB MEM C/PISCA LUZ/COR;VW TIGUAN 16-*ESP ESQ ELECT TERM P/P REB MEM C/PISCA LUZ/COR;0;;
61;1540;105.2372015;1540;105.2372015;CATEGORIA0;;1;1;0;1;;VW TIGUAN 16-*V/ESP DRT CONV TERM;VW TIGUAN 16-*V/ESP DRT CONV TERM;0;;
61;1540;105.2372016;1540;105.2372016;CATEGORIA0;;1;1;0;1;;VW TIGUAN 16-*V/ESP ESQ ASF TERM;VW TIGUAN 16-*V/ESP ESQ ASF TERM;0;;
61;1540;105.2372017;1540;105.2372017;CATEGORIA0;;1;1;0;1;;VW TIGUAN 16-*CAPA ESP DRT P/P;VW TIGUAN 16-*CAPA ESP DRT P/P;0;;
61;1540;105.2372018;1540;105.2372018;CATEGORIA0;;1;1;0;1;;VW TIGUAN 16-*CAPA ESP ESQ P/P;VW TIGUAN 16-*CAPA ESP ESQ P/P;0;;
61;1540;105.2372019;1540;105.2372019;CATEGORIA0;;1;1;0;1;;VW TIGUAN 16-*CAPA ESP DRT P/P C/SEN A/MOR;VW TIGUAN 16-*CAPA ESP DRT P/P C/SEN A/MOR;0;;
61;1540;105.2372020;1540;105.2372020;CATEGORIA0;;1;1;0;1;;VW TIGUAN 16-*CAPA ESP ESQ P/P C/SEN A/MOR;VW TIGUAN 16-*CAPA ESP ESQ P/P C/SEN A/MOR;0;;
61;1540;105.2374011;1540;105.2374011;CATEGORIA0;;1;1;0;1;;VW GOLF VII SPORTSVAN 14-*ESP DRT ELECT P/P CONV TERM C/PIS;VW GOLF VII SPORTSVAN 14-*ESP DRT ELECT P/P CONV TERM C/PIS;0;;
61;1540;105.2374013;1540;105.2374013;CATEGORIA0;;1;1;0;1;;VW GOLF VII SPORTSVAN 14-*ESP DRT EL P/P TER REB MEM C/PIS L;VW GOLF VII SPORTSVAN 14-*ESP DRT EL P/P TER REB MEM C/PIS L;0;;
61;1540;105.2374014;1540;105.2374014;CATEGORIA0;;1;1;0;1;;VW GOLF VII SPORTSVAN 14-*ESP ESQ ELE P/P TERM REB C/PIS L/C;VW GOLF VII SPORTSVAN 14-*ESP ESQ ELE P/P TERM REB C/PIS L/C;0;;
61;1540;105.2374015;1540;105.2374015;CATEGORIA0;;1;1;0;1;;VW GOLF VII SPORTSVAN 14-*V/ESP DRT CONV TERM A/MOR;VW GOLF VII SPORTSVAN 14-*V/ESP DRT CONV TERM A/MOR;0;;
61;1540;105.2374016;1540;105.2374016;CATEGORIA0;;1;1;0;1;;VW GOLF VII SPORTSVAN 14-*V/ESP ESQ ASF TERM A/MOR;VW GOLF VII SPORTSVAN 14-*V/ESP ESQ ASF TERM A/MOR;0;;
61;1540;105.2374017;1540;105.2374017;CATEGORIA0;;1;1;0;1;;VW GOLF VII SPORTSVAN 14-*CAPA ESP DRT P/P;VW GOLF VII SPORTSVAN 14-*CAPA ESP DRT P/P;0;;
61;1540;105.2374018;1540;105.2374018;CATEGORIA0;;1;1;0;1;;VW GOLF VII SPORTSVAN 14-*CAPA ESP ESQ P/P;VW GOLF VII SPORTSVAN 14-*CAPA ESP ESQ P/P;0;;
61;1540;105.2375011;1540;105.2375011;CATEGORIA0;;1;1;0;1;;VW AMAROK 10-*ESP DRT ELECT CONV TERM PRETO;VW AMAROK 10-*ESP DRT ELECT CONV TERM PRETO;0;;
61;1540;105.2375012;1540;105.2375012;CATEGORIA0;;1;1;0;1;;VW AMAROK 10-*ESP ESQ ELECT ASF TERM PRETO;VW AMAROK 10-*ESP ESQ ELECT ASF TERM PRETO;0;;
61;1540;105.2375013;1540;105.2375013;CATEGORIA0;;1;1;0;1;;VW AMAROK 10-*ESP DRT ELECT P/P CONV TERM;VW AMAROK 10-*ESP DRT ELECT P/P CONV TERM;0;;
61;1540;105.2375014;1540;105.2375014;CATEGORIA0;;1;1;0;1;;VW AMAROK 10-*ESP ESQ ELECT P/P ASF TERM;VW AMAROK 10-*ESP ESQ ELECT P/P ASF TERM;0;;
61;1540;105.2375015;1540;105.2375015;CATEGORIA0;;1;1;0;1;;VW AMAROK 10-*V/ESP DRT CONV TERM;VW AMAROK 10-*V/ESP DRT CONV TERM;0;;
61;1540;105.2375016;1540;105.2375016;CATEGORIA0;;1;1;0;1;;VW AMAROK 10-*V/ESP ESQ ASF TERM;VW AMAROK 10-*V/ESP ESQ ASF TERM;0;;
61;1540;105.2375017;1540;105.2375017;CATEGORIA0;;1;1;0;1;;VW AMAROK 10-*ESP DRT ELECT P/P CONV TERM B/CROMADA;VW AMAROK 10-*ESP DRT ELECT P/P CONV TERM B/CROMADA;0;;
61;1540;105.2375018;1540;105.2375018;CATEGORIA0;;1;1;0;1;;VW AMAROK 10-*ESP ESQ ELECT P/P ASF TERM B/CROMADA;VW AMAROK 10-*ESP ESQ ELECT P/P ASF TERM B/CROMADA;0;;
61;1540;105.2375019;1540;105.2375019;CATEGORIA0;;1;1;0;1;;VW AMAROK 10-*ESP DRT ELECT P/P CONV TERM C/ANTENA;VW AMAROK 10-*ESP DRT ELECT P/P CONV TERM C/ANTENA;0;;
61;1540;105.2375020;1540;105.2375020;CATEGORIA0;;1;1;0;1;;VW AMAROK 10-*ESP ESQ ELECT P/P ASF TERM C/ANTENA;VW AMAROK 10-*ESP ESQ ELECT P/P ASF TERM C/ANTENA;0;;
61;1540;105.2375021;1540;105.2375021;CATEGORIA0;;1;1;0;1;;VW AMAROK 10-*ESP DRT ELECT P/P CONV TERM C/ANTENA B/CROMADA;VW AMAROK 10-*ESP DRT ELECT P/P CONV TERM C/ANTENA B/CROMADA;0;;
61;1540;105.2375022;1540;105.2375022;CATEGORIA0;;1;1;0;1;;VW AMAROK 10-*ESP ESQ ELECT P/P ASF TERM C/ANTENA B/CROMADA;VW AMAROK 10-*ESP ESQ ELECT P/P ASF TERM C/ANTENA B/CROMADA;0;;
61;1540;105.2375023;1540;105.2375023;CATEGORIA0;;1;1;0;1;;VW AMAROK 13-*ESP DRT ELECT CONV TERM PRETO 5PIN;VW AMAROK 13-*ESP DRT ELECT CONV TERM PRETO 5PIN;0;;
61;1540;105.2375024;1540;105.2375024;CATEGORIA0;;1;1;0;1;;VW AMAROK 13-*ESP ESQ ELECT ASF TERM PRETO 5PIN;VW AMAROK 13-*ESP ESQ ELECT ASF TERM PRETO 5PIN;0;;
61;1540;105.2376011;1540;105.2376011;CATEGORIA0;;1;1;0;1;;VW GOLF VII 2017.01-*ESP DRT ELECT TERM C/PIS P/P CONV MEM C;VW GOLF VII 2017.01-*ESP DRT ELECT TERM C/PIS P/P CONV MEM C;0;;
61;1540;105.2376012;1540;105.2376012;CATEGORIA0;;1;1;0;1;;VW GOLF VII 2017.01-*ESP ESQ ELECT TERM C/PIS P/P ASF C/ANG;VW GOLF VII 2017.01-*ESP ESQ ELECT TERM C/PIS P/P ASF C/ANG;0;;
61;1540;105.2376013;1540;105.2376013;CATEGORIA0;;1;1;0;1;;VW GOLF VII 2017.01-*ESP DRT ELE TERM C/PIS P/P REB CONV MEM;VW GOLF VII 2017.01-*ESP DRT ELE TERM C/PIS P/P REB CONV MEM;0;;
61;1540;105.2376014;1540;105.2376014;CATEGORIA0;;1;1;0;1;;VW GOLF VII 2017.01-*ESP ESQ ELE TERM C/PIS P/P REB ASF C/AN;VW GOLF VII 2017.01-*ESP ESQ ELE TERM C/PIS P/P REB ASF C/AN;0;;
61;1540;105.2376015;1540;105.2376015;CATEGORIA0;;1;1;0;1;;VW GOLF VII 2017.01-*E DRT EL TER C/PI P/P REB CONV MEM L/CO;VW GOLF VII 2017.01-*E DRT EL TER C/PI P/P REB CONV MEM L/CO;0;;
61;1540;105.2376016;1540;105.2376016;CATEGORIA0;;1;1;0;1;;VW GOLF VII 2017.01-*E ESQ EL TER C/PI P/P REB ASF L/COR C/A;VW GOLF VII 2017.01-*E ESQ EL TER C/PI P/P REB ASF L/COR C/A;0;;
61;1540;105.2376018;1540;105.2376018;CATEGORIA0;;1;1;0;1;;VW GOLF VII 2017.01-*V/ESP DRT CONV TERM C/ANG MORTO;VW GOLF VII 2017.01-*V/ESP DRT CONV TERM C/ANG MORTO;0;;
61;1540;105.2376019;1540;105.2376019;CATEGORIA0;;1;1;0;1;;VW GOLF VII 2017.01-*V/ESP ESQ ASF TERM C/ANG MORTO;VW GOLF VII 2017.01-*V/ESP ESQ ASF TERM C/ANG MORTO;0;;
61;1540;105.2378011;1540;105.2378011;CATEGORIA0;;1;1;0;1;;VW POLO 2017.09-*ESP DRT ELECT P/P CONV TERM C/PIS 6PIN;VW POLO 2017.09-*ESP DRT ELECT P/P CONV TERM C/PIS 6PIN;0;;
61;1540;105.2378012;1540;105.2378012;CATEGORIA0;;1;1;0;1;;VW POLO 2017.09-*ESP ESQ ELECT P/P ASF TERM C/PIS 6PIN;VW POLO 2017.09-*ESP ESQ ELECT P/P ASF TERM C/PIS 6PIN;0;;
61;1540;105.2378013;1540;105.2378013;CATEGORIA0;;1;1;0;1;;VW POLO 2017.09-*ESP DRT ELECT P/P CONV TERM REB MEM C/PIS 1;VW POLO 2017.09-*ESP DRT ELECT P/P CONV TERM REB MEM C/PIS 1;0;;
61;1540;105.2378014;1540;105.2378014;CATEGORIA0;;1;1;0;1;;VW POLO 2017.09-*ESP ESQ ELECT P/P ASF TERM REB C/PIS 8PIN;VW POLO 2017.09-*ESP ESQ ELECT P/P ASF TERM REB C/PIS 8PIN;0;;
61;1540;105.2378015;1540;105.2378015;CATEGORIA0;;1;1;0;1;;VW POLO 2017.09-*ESP DRT ELECT P/P CONV TERM REB MEM C/PIS A;VW POLO 2017.09-*ESP DRT ELECT P/P CONV TERM REB MEM C/PIS A;0;;
61;1540;105.2378016;1540;105.2378016;CATEGORIA0;;1;1;0;1;;VW POLO 2017.09-*ESP ESQ ELECT P/P ASF TERM REB C/PISC A/MOR;VW POLO 2017.09-*ESP ESQ ELECT P/P ASF TERM REB C/PISC A/MOR;0;;
61;1540;105.2378017;1540;105.2378017;CATEGORIA0;;1;1;0;1;;VW POLO 2017.09-*V/ESP DRT CONV TERM;VW POLO 2017.09-*V/ESP DRT CONV TERM;0;;
61;1540;105.2378018;1540;105.2378018;CATEGORIA0;;1;1;0;1;;VW POLO 2017.09-*V/ESP ESQ ASF TERM;VW POLO 2017.09-*V/ESP ESQ ASF TERM;0;;
61;1540;105.2378019;1540;105.2378019;CATEGORIA0;;1;1;0;1;;VW POLO 2017.09-*V/ESP DRT CONV TERM A/MOR;VW POLO 2017.09-*V/ESP DRT CONV TERM A/MOR;0;;
61;1540;105.2378020;1540;105.2378020;CATEGORIA0;;1;1;0;1;;VW POLO 2017.09-*V/ESP ESQ ASF TERM A/MOR;VW POLO 2017.09-*V/ESP ESQ ASF TERM A/MOR;0;;
61;1540;105.2378021;1540;105.2378021;CATEGORIA0;;1;1;0;1;;VW POLO 2017.09-*CAPA ESP DRT P/P;VW POLO 2017.09-*CAPA ESP DRT P/P;0;;
61;1540;105.2378022;1540;105.2378022;CATEGORIA0;;1;1;0;1;;VW POLO 2017.09-*CAPA ESP ESQ P/P;VW POLO 2017.09-*CAPA ESP ESQ P/P;0;;
61;1540;105.2379017;1540;105.2379017;CATEGORIA0;;1;1;0;1;;VW CRAFTER 2017.01-*V/ESP DRT TERM CONV;VW CRAFTER 2017.01-*V/ESP DRT TERM CONV;0;;
61;1540;105.2379018;1540;105.2379018;CATEGORIA0;;1;1;0;1;;VW CRAFTER 2017.01-*V/ESP ESQ TERM CONV;VW CRAFTER 2017.01-*V/ESP ESQ TERM CONV;0;;
61;1540;105.2379019;1540;105.2379019;CATEGORIA0;;1;1;0;1;;VW CRAFTER 2017.01-*V/ESP DRT TERM CONV C/ANG MORTO;VW CRAFTER 2017.01-*V/ESP DRT TERM CONV C/ANG MORTO;0;;
61;1540;105.2379020;1540;105.2379020;CATEGORIA0;;1;1;0;1;;VW CRAFTER 2017.01-*V/ESP ESQ TERM CONV C/ANG MORTO;VW CRAFTER 2017.01-*V/ESP ESQ TERM CONV C/ANG MORTO;0;;
61;1540;105.2381011;1540;105.2381011;CATEGORIA0;;1;1;0;1;;VW T-ROC 2017.07-*ESP DRT ELECT TERM P/P C/PISCA CONV 6PIN;VW T-ROC 2017.07-*ESP DRT ELECT TERM P/P C/PISCA CONV 6PIN;0;;
61;1540;105.2381012;1540;105.2381012;CATEGORIA0;;1;1;0;1;;VW T-ROC 2017.07-*ESP ESQ ELECT TERM P/P C/PISCA ASF 6PIN;VW T-ROC 2017.07-*ESP ESQ ELECT TERM P/P C/PISCA ASF 6PIN;0;;
61;1540;105.2381013;1540;105.2381013;CATEGORIA0;;1;1;0;1;;VW T-ROC 2017.07-*ESP DRT EL TER P/P REB MEM C/PIS L/CORT CO;VW T-ROC 2017.07-*ESP DRT EL TER P/P REB MEM C/PIS L/CORT CO;0;;
61;1540;105.2381014;1540;105.2381014;CATEGORIA0;;1;1;0;1;;VW T-ROC 2017.07-*ESP ESQ EL TER P/P REB C/PIS L/CORT ASF 9P;VW T-ROC 2017.07-*ESP ESQ EL TER P/P REB C/PIS L/CORT ASF 9P;0;;
61;1540;105.2381015;1540;105.2381015;CATEGORIA0;;1;1;0;1;;VW T-ROC 2017.07-*ESP D EL TER P/P REB MEM C/PIS L/CORT A/MO;VW T-ROC 2017.07-*ESP D EL TER P/P REB MEM C/PIS L/CORT A/MO;0;;
61;1540;105.2381016;1540;105.2381016;CATEGORIA0;;1;1;0;1;;VW T-ROC 2017.07-*ESP E EL TER P/P REB C/PIS L/CORT A/MOR 9+;VW T-ROC 2017.07-*ESP E EL TER P/P REB C/PIS L/CORT A/MOR 9+;0;;
61;1540;105.2381017;1540;105.2381017;CATEGORIA0;;1;1;0;1;;VW T-ROC 2017.07-*V/ESP DRT TERMICO CONVEXO;VW T-ROC 2017.07-*V/ESP DRT TERMICO CONVEXO;0;;
61;1540;105.2381018;1540;105.2381018;CATEGORIA0;;1;1;0;1;;VW T-ROC 2017.07-*V/ESP ESQ TERMICO ASFERICO;VW T-ROC 2017.07-*V/ESP ESQ TERMICO ASFERICO;0;;
61;1540;105.2381019;1540;105.2381019;CATEGORIA0;;1;1;0;1;;VW T-ROC 2017.07-*V/ESP DRT TERMICO CONVEXO C/ANG/MORT;VW T-ROC 2017.07-*V/ESP DRT TERMICO CONVEXO C/ANG/MORT;0;;
61;1540;105.2381020;1540;105.2381020;CATEGORIA0;;1;1;0;1;;VW T-ROC 2017.07-*V/ESP ESQ TERMICO ASFERICO C/ANG/MORT;VW T-ROC 2017.07-*V/ESP ESQ TERMICO ASFERICO C/ANG/MORT;0;;
61;1540;105.2382011;1540;105.2382011;CATEGORIA0;;1;1;0;1;;VW GOLF VIII 2019.07-*ESP DRT ELECT TERM CONV C/PISCA 6PIN;VW GOLF VIII 2019.07-*ESP DRT ELECT TERM CONV C/PISCA 6PIN;0;;
61;1540;105.2382012;1540;105.2382012;CATEGORIA0;;1;1;0;1;;VW GOLF VIII 2019.07-*ESP ESQ ELECT TERM ASF C/PISCA 6PIN;VW GOLF VIII 2019.07-*ESP ESQ ELECT TERM ASF C/PISCA 6PIN;0;;
61;1540;105.2382013;1540;105.2382013;CATEGORIA0;;1;1;0;1;;VW GOLF VIII 2019.07-*ESP DRT ELECT TERM CONV C/PISCA MEM C/;VW GOLF VIII 2019.07-*ESP DRT ELECT TERM CONV C/PISCA MEM C/;0;;
61;1540;105.2382014;1540;105.2382014;CATEGORIA0;;1;1;0;1;;VW GOLF VIII 2019.07-*ESP ESQ ELECT TERM ASF C/PISCA MEM C/L;VW GOLF VIII 2019.07-*ESP ESQ ELECT TERM ASF C/PISCA MEM C/L;0;;
61;1540;105.2382015;1540;105.2382015;CATEGORIA0;;1;1;0;1;;VW GOLF VIII 2019.07-*V/ESP DRT CONV TERM;VW GOLF VIII 2019.07-*V/ESP DRT CONV TERM;0;;
61;1540;105.2382016;1540;105.2382016;CATEGORIA0;;1;1;0;1;;VW GOLF VIII 2019.07-*V/ESP ESQ ASF TERM;VW GOLF VIII 2019.07-*V/ESP ESQ ASF TERM;0;;
61;1540;105.2382017;1540;105.2382017;CATEGORIA0;;1;1;0;1;;VW GOLF VIII 2019.07-*CAPA ESP DRT P/P;VW GOLF VIII 2019.07-*CAPA ESP DRT P/P;0;;
61;1540;105.2382018;1540;105.2382018;CATEGORIA0;;1;1;0;1;;VW GOLF VIII 2019.07-*CAPA ESP ESQ P/P;VW GOLF VIII 2019.07-*CAPA ESP ESQ P/P;0;;
61;1540;105.2382019;1540;105.2382019;CATEGORIA0;;1;1;0;1;;VW GOLF VIII 2019.07-*CAPA ESP DRT P/P C/ANG MORTO;VW GOLF VIII 2019.07-*CAPA ESP DRT P/P C/ANG MORTO;0;;
61;1540;105.2382020;1540;105.2382020;CATEGORIA0;;1;1;0;1;;VW GOLF VIII 2019.07-*CAPA ESP ESQ P/P C/ANG MORTO;VW GOLF VIII 2019.07-*CAPA ESP ESQ P/P C/ANG MORTO;0;;
61;1540;105.2382021;1540;105.2382021;CATEGORIA0;;1;1;0;1;;VW GOLF VIII 2019.07-*ESP DRT EL TER CONV C/PIS MEM REB C/L;VW GOLF VIII 2019.07-*ESP DRT EL TER CONV C/PIS MEM REB C/L;0;;
61;1540;105.2382022;1540;105.2382022;CATEGORIA0;;1;1;0;1;;VW GOLF VIII 2019.07-*ESP ESQ EL TER ASF C/PIS MEM REB C/L C;VW GOLF VIII 2019.07-*ESP ESQ EL TER ASF C/PIS MEM REB C/L C;0;;
61;1540;105.2386011;1540;105.2386011;CATEGORIA0;;1;1;0;1;;VW CADDY V 2020.09-*ESP DRT ELECT P/P TERM CONV 5PIN;VW CADDY V 2020.09-*ESP DRT ELECT P/P TERM CONV 5PIN;0;;
61;1540;105.2386012;1540;105.2386012;CATEGORIA0;;1;1;0;1;;VW CADDY V 2020.09-*ESP ESQ ELECT P/P TERM CONV 5PIN;VW CADDY V 2020.09-*ESP ESQ ELECT P/P TERM CONV 5PIN;0;;
61;1540;105.2386013;1540;105.2386013;CATEGORIA0;;1;1;0;1;;VW CADDY V 2020.09-*ESP DRT ELECT P/P TERM REB CONV 7PIN;VW CADDY V 2020.09-*ESP DRT ELECT P/P TERM REB CONV 7PIN;0;;
61;1540;105.2386014;1540;105.2386014;CATEGORIA0;;1;1;0;1;;VW CADDY V 2020.09-*ESP ESQ ELECT P/P TERM REB CONV 7PIN;VW CADDY V 2020.09-*ESP ESQ ELECT P/P TERM REB CONV 7PIN;0;;
61;1540;105.2386015;1540;105.2386015;CATEGORIA0;;1;1;0;1;;VW CADDY V 2020.09-*ESP DRT ELECT P/P TERM C/ANTENA CONV 5+1;VW CADDY V 2020.09-*ESP DRT ELECT P/P TERM C/ANTENA CONV 5+1;0;;
61;1540;105.2386016;1540;105.2386016;CATEGORIA0;;1;1;0;1;;VW CADDY V 2020.09-*ESP ESQ ELECT P/P TERM C/ANTENA CONV 5+1;VW CADDY V 2020.09-*ESP ESQ ELECT P/P TERM C/ANTENA CONV 5+1;0;;
61;1540;105.2386017;1540;105.2386017;CATEGORIA0;;1;1;0;1;;VW CADDY V 2020.09-*ESP DRT ELECT TERM P/P REB C/ANTENA CONV;VW CADDY V 2020.09-*ESP DRT ELECT TERM P/P REB C/ANTENA CONV;0;;
61;1540;105.2386018;1540;105.2386018;CATEGORIA0;;1;1;0;1;;VW CADDY V 2020.09-*ESP ESQ ELECT TERM P/P REB C/ANTENA CONV;VW CADDY V 2020.09-*ESP ESQ ELECT TERM P/P REB C/ANTENA CONV;0;;
61;1540;105.2386019;1540;105.2386019;CATEGORIA0;;1;1;0;1;;VW CADDY V 2020.09-*V/ESP DRT TERM CONVEXO;VW CADDY V 2020.09-*V/ESP DRT TERM CONVEXO;0;;
61;1540;105.2386020;1540;105.2386020;CATEGORIA0;;1;1;0;1;;VW CADDY V 2020.09-*V/ESP ESQ TERM CONVEXO;VW CADDY V 2020.09-*V/ESP ESQ TERM CONVEXO;0;;
61;1540;105.2386021;1540;105.2386021;CATEGORIA0;;1;1;0;1;;VW CADDY V 2020.09-*CAPA ESP DRT P/P;VW CADDY V 2020.09-*CAPA ESP DRT P/P;0;;
61;1540;105.2386022;1540;105.2386022;CATEGORIA0;;1;1;0;1;;VW CADDY V 2020.09-*CAPA ESP ESQ P/P;VW CADDY V 2020.09-*CAPA ESP ESQ P/P;0;;
61;1540;105.2403011;1540;105.2403011;CATEGORIA0;;1;1;0;1;;VOLVO S40 96-*ESP DRT C/C CONV;VOLVO S40 96-*ESP DRT C/C CONV;0;;
61;1540;105.2403014;1540;105.2403014;CATEGORIA0;;1;1;0;1;;VOLVO S40/V40 96-*ESPELHO RECT ESQ ELECT TER ASF;VOLVO S40/V40 96-*ESPELHO RECT ESQ ELECT TER ASF;0;;
61;1540;105.2403015;1540;105.2403015;CATEGORIA0;;1;1;0;1;;VOLVO S40 96-*CAPA ESP DRT P/P;VOLVO S40 96-*CAPA ESP DRT P/P;0;;
61;1540;105.2404013;1540;105.2404013;CATEGORIA0;;1;1;0;1;;VOLVO S70/V70 96-*ESP DRT ELECT TERM;VOLVO S70/V70 96-*ESP DRT ELECT TERM;0;;
61;1540;105.2404014;1540;105.2404014;CATEGORIA0;;1;1;0;1;;VOLVO S70/V70 96-*ESP ESQ ELECT ASF TERM;VOLVO S70/V70 96-*ESP ESQ ELECT ASF TERM;0;;
61;1540;105.2404015;1540;105.2404015;CATEGORIA0;;1;1;0;1;;VIDRO ESP. DRT. TERM. VOLVO;VIDRO ESP. DRT. TERM. VOLVO;0;;
61;1540;105.2404016;1540;105.2404016;CATEGORIA0;;1;1;0;1;;VOLVO V40/S70/V70 96-/850*V/ESP ESQ ASF TERM;VOLVO V40/S70/V70 96-/850*V/ESP ESQ ASF TERM;0;;
61;1540;105.2406017;1540;105.2406017;CATEGORIA0;;1;1;0;1;;VOLVO S40 04-*V/ESP DRT TERM CONVEXO;VOLVO S40 04-*V/ESP DRT TERM CONVEXO;0;;
61;1540;105.2406018;1540;105.2406018;CATEGORIA0;;1;1;0;1;;VOLVO S40 04-*V/ESP ESQ TERM ASFERICO;VOLVO S40 04-*V/ESP ESQ TERM ASFERICO;0;;
61;1540;105.2406217;1540;105.2406217;CATEGORIA0;;1;1;0;1;;VOLVO S40/S60/V50 08-**V/ESP DRT TERM ASFERICO;VOLVO S40/S60/V50 08-**V/ESP DRT TERM ASFERICO;0;;
61;1540;105.2406218;1540;105.2406218;CATEGORIA0;;1;1;0;1;;VOLVO S40/S60/V50 08-**V/ESP ESQ TERM ASFERICO;VOLVO S40/S60/V50 08-**V/ESP ESQ TERM ASFERICO;0;;
61;1540;105.2407011;1540;105.2407011;CATEGORIA0;;1;1;0;1;;VOLVO S60 99-03*ESP DRT ELECT P/P CONV TERM C/LUZ CORT REB M;VOLVO S60 99-03*ESP DRT ELECT P/P CONV TERM C/LUZ CORT REB M;0;;
61;1540;105.2407012;1540;105.2407012;CATEGORIA0;;1;1;0;1;;VOLVO S60 99-03*ESP ESQ ELECT P/P ASF TERM C/LUZ CORT REB ME;VOLVO S60 99-03*ESP ESQ ELECT P/P ASF TERM C/LUZ CORT REB ME;0;;
61;1540;105.2409111;1540;105.2409111;CATEGORIA0;;1;1;0;1;;VOLVO S80 99-03*ESP DRT ELECT P/P CONV TERM REB L/CORT;VOLVO S80 99-03*ESP DRT ELECT P/P CONV TERM REB L/CORT;0;;
61;1540;105.2409112;1540;105.2409112;CATEGORIA0;;1;1;0;1;;VOLVO S80 99-03*ESP ESQ ELECT P/P ASF TERM REB L/CORT;VOLVO S80 99-03*ESP ESQ ELECT P/P ASF TERM REB L/CORT;0;;
61;1540;105.2409117;1540;105.2409117;CATEGORIA0;;1;1;0;1;;VOLVO S60/S80 99-03**V/ESP DRT CONV TERM;VOLVO S60/S80 99-03**V/ESP DRT CONV TERM;0;;
61;1540;105.2409118;1540;105.2409118;CATEGORIA0;;1;1;0;1;;VOLVO S60/S80 99-03**V/ESP ESQ ASF TERM;VOLVO S60/S80 99-03**V/ESP ESQ ASF TERM;0;;
61;1540;105.2414017;1540;105.2414017;CATEGORIA0;;1;1;0;1;;VOLVO XC90 02-04**V/ESP DRT CONV TERM;VOLVO XC90 02-04**V/ESP DRT CONV TERM;0;;
61;1540;105.2414018;1540;105.2414018;CATEGORIA0;;1;1;0;1;;VOLVO XC90 02-04**V/ESP ESQ AFS TERM;VOLVO XC90 02-04**V/ESP ESQ AFS TERM;0;;
61;1540;105.2415117;1540;105.2415117;CATEGORIA0;;1;1;0;1;;VOLVO S60/S80 04-06**V/ESP DRT CONV TERM;VOLVO S60/S80 04-06**V/ESP DRT CONV TERM;0;;
61;1540;105.2415118;1540;105.2415118;CATEGORIA0;;1;1;0;1;;VOLVO S60/S80 04-06**V/ESP ESQ TERM ASF;VOLVO S60/S80 04-06**V/ESP ESQ TERM ASF;0;;
61;1540;105.2418011;1540;105.2418011;CATEGORIA0;;1;1;0;1;;VOLVO V70/S80 07-*ESP DRT ELECT P/P ASF TERM C/PIS 6PIN;VOLVO V70/S80 07-*ESP DRT ELECT P/P ASF TERM C/PIS 6PIN;0;;
61;1540;105.2418012;1540;105.2418012;CATEGORIA0;;1;1;0;1;;VOLVO V70/S80 07-*ESP ESQ ELECT P/P ASF TERM C/PIS C/SEN 8PI;VOLVO V70/S80 07-*ESP ESQ ELECT P/P ASF TERM C/PIS C/SEN 8PI;0;;
61;1540;105.2418013;1540;105.2418013;CATEGORIA0;;1;1;0;1;;VOLVO V70/S80 07-*ESP DRT ELECT P/P ASF TERM REB C/PIS L/COR;VOLVO V70/S80 07-*ESP DRT ELECT P/P ASF TERM REB C/PIS L/COR;0;;
61;1540;105.2418014;1540;105.2418014;CATEGORIA0;;1;1;0;1;;VOLVO V70/S80 07-*ESP ESQ ELECT P/P TERM REB C/PIS L/CORT C/;VOLVO V70/S80 07-*ESP ESQ ELECT P/P TERM REB C/PIS L/CORT C/;0;;
61;1540;105.2418015;1540;105.2418015;CATEGORIA0;;1;1;0;1;;VOLVO XC70 07-*V/ESP DRT ASF TERM;VOLVO XC70 07-*V/ESP DRT ASF TERM;0;;
61;1540;105.2418016;1540;105.2418016;CATEGORIA0;;1;1;0;1;;VOLVO XC70 07-*V/ESP ESQ ASF TERM;VOLVO XC70 07-*V/ESP ESQ ASF TERM;0;;
61;1540;105.2418017;1540;105.2418017;CATEGORIA0;;1;1;0;1;;VOLVO V70/S80 07- VIDRO ESPELHO DTO. ASF TERM;VOLVO V70/S80 07- VIDRO ESPELHO DTO. ASF TERM;0;;
61;1540;105.2418018;1540;105.2418018;CATEGORIA0;;1;1;0;1;;VOLVO V70/S80 07-*V/ESP ESQ ASF TERM;VOLVO V70/S80 07-*V/ESP ESQ ASF TERM;0;;
61;1540;105.2418019;1540;105.2418019;CATEGORIA0;;1;1;0;1;;VOLVO V70/S80 07-*CAPA ESP DRT P/P (VERSAO PISCA PEQUENO);VOLVO V70/S80 07-*CAPA ESP DRT P/P (VERSAO PISCA PEQUENO);0;;
61;1540;105.2418020;1540;105.2418020;CATEGORIA0;;1;1;0;1;;VOLVO V70/S80 07-*CAPA ESP ESQ P/P (VERSAO PISCA PEQUENO);VOLVO V70/S80 07-*CAPA ESP ESQ P/P (VERSAO PISCA PEQUENO);0;;
61;1540;105.2418021;1540;105.2418021;CATEGORIA0;;1;1;0;1;;VOLVO V70/S80 07-*ESP DRT ELECT P/P ASF TERM REB MEM C/PIS L;VOLVO V70/S80 07-*ESP DRT ELECT P/P ASF TERM REB MEM C/PIS L;0;;
61;1540;105.2418022;1540;105.2418022;CATEGORIA0;;1;1;0;1;;VOLVO V70/S80 07-*ESP ESQ ELECT P/P TERM REB MEM C/PIS L/COR;VOLVO V70/S80 07-*ESP ESQ ELECT P/P TERM REB MEM C/PIS L/COR;0;;
61;1540;105.2419011;1540;105.2419011;CATEGORIA0;;1;1;0;1;;VOLVO V40 12-*ESP DRT ELECT P/P ASF TERM C/PIS(PEQUENO) 6PIN;VOLVO V40 12-*ESP DRT ELECT P/P ASF TERM C/PIS(PEQUENO) 6PIN;0;;
61;1540;105.2419012;1540;105.2419012;CATEGORIA0;;1;1;0;1;;VOLVO V40 12- ESPELHO ESQ. P/P ASF. TERM;VOLVO V40 12- ESPELHO ESQ. P/P ASF. TERM;0;;
61;1540;105.2419013;1540;105.2419013;CATEGORIA0;;1;1;0;1;;VOLVO V40 12-*ESP DRT ELECT P/P ASF TERM REB C/PIS(GRAN) 8PI;VOLVO V40 12-*ESP DRT ELECT P/P ASF TERM REB C/PIS(GRAN) 8PI;0;;
61;1540;105.2419014;1540;105.2419014;CATEGORIA0;;1;1;0;1;;VOLVO V40 12-*ESP ESQ EL P/P ASF TER REB C/PIS(GRAN)C/SE 10P;VOLVO V40 12-*ESP ESQ EL P/P ASF TER REB C/PIS(GRAN)C/SE 10P;0;;
61;1540;105.2419015;1540;105.2419015;CATEGORIA0;;1;1;0;1;;VOLVO V40/S60/S80/V70 12-*CAPA ESP DRT P/P (VERSAO PISCA GRA;VOLVO V40/S60/S80/V70 12-*CAPA ESP DRT P/P (VERSAO PISCA GRA;0;;
61;1540;105.2419016;1540;105.2419016;CATEGORIA0;;1;1;0;1;;VOLVO V40/S60/S80/V70 12-*CAPA ESP ESQ P/P (VERSAO PISCA GRA;VOLVO V40/S60/S80/V70 12-*CAPA ESP ESQ P/P (VERSAO PISCA GRA;0;;
61;1540;105.2419017;1540;105.2419017;CATEGORIA0;;1;1;0;1;;VOLVO V40 12-*ESP DRT EL P/P ASF TER REB MEM C/PIS(GRAN) 12P;VOLVO V40 12-*ESP DRT EL P/P ASF TER REB MEM C/PIS(GRAN) 12P;0;;
61;1540;105.2419018;1540;105.2419018;CATEGORIA0;;1;1;0;1;;VOLVO V40 12-*ESP ESQ EL ASF TER REB MEM C/PI(GRAN) C/SE 14P;VOLVO V40 12-*ESP ESQ EL ASF TER REB MEM C/PI(GRAN) C/SE 14P;0;;
61;1540;105.2419019;1540;105.2419019;CATEGORIA0;;1;1;0;1;;VOLVO V40 12-*ESP DRT ELECT P/P ASF TERM REB C/PIS(GRAN) 8PI;VOLVO V40 12-*ESP DRT ELECT P/P ASF TERM REB C/PIS(GRAN) 8PI;0;;
61;1540;105.2419020;1540;105.2419020;CATEGORIA0;;1;1;0;1;;VOLVO V40 12-*ESP ESQ EL P/P ASF TER REB C/PI(GRAN) C/SE 10P;VOLVO V40 12-*ESP ESQ EL P/P ASF TER REB C/PI(GRAN) C/SE 10P;0;;
61;1540;105.2419021;1540;105.2419021;CATEGORIA0;;1;1;0;1;;VOLVO V40 12-*ESP DRT EL P/P ASF TER REB MEM C/PI(GRAN) 12PI;VOLVO V40 12-*ESP DRT EL P/P ASF TER REB MEM C/PI(GRAN) 12PI;0;;
61;1540;105.2419022;1540;105.2419022;CATEGORIA0;;1;1;0;1;;VOLVO V40 12-*ESP ESQ EL TER C/PI(GRAN)REB MEM C/SE ASF 14PI;VOLVO V40 12-*ESP ESQ EL TER C/PI(GRAN)REB MEM C/SE ASF 14PI;0;;
61;1540;105.2421011;1540;105.2421011;CATEGORIA0;;1;1;0;1;;VOLVO S60/V60 10-*ESP DRT ELECT P/P ASF TERM C/PIS 6PIN;VOLVO S60/V60 10-*ESP DRT ELECT P/P ASF TERM C/PIS 6PIN;0;;
61;1540;105.2421012;1540;105.2421012;CATEGORIA0;;1;1;0;1;;VOLVO S60/V60 10-*ESP ESQ ELECT P/P ASF TERM C/PIS C/SEN 8PI;VOLVO S60/V60 10-*ESP ESQ ELECT P/P ASF TERM C/PIS C/SEN 8PI;0;;
61;1540;105.2421013;1540;105.2421013;CATEGORIA0;;1;1;0;1;;VOLVO S60/V60 10-*ESP DRT ELECT P/P ASF TERM REB C/PIS L/COR;VOLVO S60/V60 10-*ESP DRT ELECT P/P ASF TERM REB C/PIS L/COR;0;;
61;1540;105.2421014;1540;105.2421014;CATEGORIA0;;1;1;0;1;;VOLVO S60/V60 10-*ESP ESQ ELEC P/P ASF TER REB C/PIS L/COR C;VOLVO S60/V60 10-*ESP ESQ ELEC P/P ASF TER REB C/PIS L/COR C;0;;
61;1540;105.2421015;1540;105.2421015;CATEGORIA0;;1;1;0;1;;VOLVO S60/V60 10-*ESP DRT ELECT P/P ASF TERM MEM C/PIS L/COR;VOLVO S60/V60 10-*ESP DRT ELECT P/P ASF TERM MEM C/PIS L/COR;0;;
61;1540;105.2421016;1540;105.2421016;CATEGORIA0;;1;1;0;1;;VOLVO S60/V60 10-*ESP ESQ ELEC P/P ASF TER MEM C/PIS L/COR C;VOLVO S60/V60 10-*ESP ESQ ELEC P/P ASF TER MEM C/PIS L/COR C;0;;
61;1540;105.2421017;1540;105.2421017;CATEGORIA0;;1;1;0;1;;VOLVO S60/V60 10-*ESP DRT ELECT P/P ASF TERM REB MEM C/PIS L;VOLVO S60/V60 10-*ESP DRT ELECT P/P ASF TERM REB MEM C/PIS L;0;;
61;1540;105.2421018;1540;105.2421018;CATEGORIA0;;1;1;0;1;;VOLVO S60/V60 10-*ESP ESQ ELEC P/P ASF TER REB MEM C/PIS L/C;VOLVO S60/V60 10-*ESP ESQ ELEC P/P ASF TER REB MEM C/PIS L/C;0;;
61;1540;105.2422015;1540;105.2422015;CATEGORIA0;;1;1;0;1;;VOLVO XC60 08-*V/ESP DRT ASF TERM;VOLVO XC60 08-*V/ESP DRT ASF TERM;0;;
61;1540;105.2422016;1540;105.2422016;CATEGORIA0;;1;1;0;1;;VOLVO XC60 08-*V/ESP ESQ ASF TERM;VOLVO XC60 08-*V/ESP ESQ ASF TERM;0;;
61;1540;105.2423011;1540;105.2423011;CATEGORIA0;;1;1;0;1;;VOLVO V70/S80 13-*ESP DRT ELECT P/P ASF TERM C/PIS 6PIN;VOLVO V70/S80 13-*ESP DRT ELECT P/P ASF TERM C/PIS 6PIN;0;;
61;1540;105.2423012;1540;105.2423012;CATEGORIA0;;1;1;0;1;;VOLVO V70/S80 13-*ESP ESQ ELECT P/P ASF TERM C/PIS C/SEN 8PI;VOLVO V70/S80 13-*ESP ESQ ELECT P/P ASF TERM C/PIS C/SEN 8PI;0;;
61;1540;105.2423013;1540;105.2423013;CATEGORIA0;;1;1;0;1;;VOLVO V70/S80 13-*ESP DRT ELECT P/P ASF TERM REB C/PIS L/COR;VOLVO V70/S80 13-*ESP DRT ELECT P/P ASF TERM REB C/PIS L/COR;0;;
61;1540;105.2423014;1540;105.2423014;CATEGORIA0;;1;1;0;1;;VOLVO V70/S80 13-*ESP ESQ ELE P/P ASF TER REB C/PIS L/COR C/;VOLVO V70/S80 13-*ESP ESQ ELE P/P ASF TER REB C/PIS L/COR C/;0;;
61;1540;105.2424015;1540;105.2424015;CATEGORIA0;;1;1;0;1;;VOLVO C30/70/S40/60 06-*V/ESP ESQ.TER;VOLVO C30/70/S40/60 06-*V/ESP ESQ.TER;0;;
61;1540;105.2424016;1540;105.2424016;CATEGORIA0;;1;1;0;1;;VOLVO C30/70/S40/60 06-*V/ESP ESQ.TER;VOLVO C30/70/S40/60 06-*V/ESP ESQ.TER;0;;
61;1540;105.2428011;1540;105.2428011;CATEGORIA0;;1;1;0;1;;VOLVO XC60 2017.03-*CORPO ESP DRT ELECT C/PISC MEM C/SENS 11;VOLVO XC60 2017.03-*CORPO ESP DRT ELECT C/PISC MEM C/SENS 11;0;;
61;1540;105.2428012;1540;105.2428012;CATEGORIA0;;1;1;0;1;;VOLVO XC60 2017.03-*CORPO ESP ESQ ELECT C/PISC MEM 10PIN;VOLVO XC60 2017.03-*CORPO ESP ESQ ELECT C/PISC MEM 10PIN;0;;
61;1540;105.2428013;1540;105.2428013;CATEGORIA0;;1;1;0;1;;VOLVO XC60 2017.03-*CORPO ESP DRT EL C/PISC REB MEM C/SENS 1;VOLVO XC60 2017.03-*CORPO ESP DRT EL C/PISC REB MEM C/SENS 1;0;;
61;1540;105.2428014;1540;105.2428014;CATEGORIA0;;1;1;0;1;;VOLVO XC60 2017.03-*CORPO ESP DRT EL C/PISC REB MEM 11PIN;VOLVO XC60 2017.03-*CORPO ESP DRT EL C/PISC REB MEM 11PIN;0;;
61;1540;105.2428015;1540;105.2428015;CATEGORIA0;;1;1;0;1;;VOLVO XC60 2017.03-*CORPO E DRT EL C/PI REB MEM C/SEN C/ANG;VOLVO XC60 2017.03-*CORPO E DRT EL C/PI REB MEM C/SEN C/ANG;0;;
61;1540;105.2428016;1540;105.2428016;CATEGORIA0;;1;1;0;1;;VOLVO XC60 2017.03-*CORPO E ESQ EL C/PI REB MEM C/ANG MORT 1;VOLVO XC60 2017.03-*CORPO E ESQ EL C/PI REB MEM C/ANG MORT 1;0;;
61;1540;105.2428017;1540;105.2428017;CATEGORIA0;;1;1;0;1;;VOLVO XC60 2017.03-*V/ESP DRT TERM CONV;VOLVO XC60 2017.03-*V/ESP DRT TERM CONV;0;;
61;1540;105.2428018;1540;105.2428018;CATEGORIA0;;1;1;0;1;;VOLVO XC60 2017.03-*V/ESP ESQ TERM ASF;VOLVO XC60 2017.03-*V/ESP ESQ TERM ASF;0;;
61;1540;105.2428019;1540;105.2428019;CATEGORIA0;;1;1;0;1;;VOLVO XC60 2017.03-*CAPA ESP DRT P/P;VOLVO XC60 2017.03-*CAPA ESP DRT P/P;0;;
61;1540;105.2428020;1540;105.2428020;CATEGORIA0;;1;1;0;1;;VOLVO XC60 2017.03-*CAPA ESP ESQ P/P;VOLVO XC60 2017.03-*CAPA ESP ESQ P/P;0;;
61;1540;105.2428021;1540;105.2428021;CATEGORIA0;;1;1;0;1;;VOLVO XC60 2017.03-*V/ESP DRT TERM CONV C/ANG MORTO;VOLVO XC60 2017.03-*V/ESP DRT TERM CONV C/ANG MORTO;0;;
61;1540;105.2428022;1540;105.2428022;CATEGORIA0;;1;1;0;1;;VOLVO XC60 2017.03-*V/ESP ESQ TERM ASF C/ANG MORTO;VOLVO XC60 2017.03-*V/ESP ESQ TERM ASF C/ANG MORTO;0;;
61;1540;105.2429015;1540;105.2429015;CATEGORIA0;;1;1;0;1;;VOLVO XC40 2017.10-*V/ESP DRT ASF TERM;VOLVO XC40 2017.10-*V/ESP DRT ASF TERM;0;;
61;1540;105.2429016;1540;105.2429016;CATEGORIA0;;1;1;0;1;;VOLVO XC40 2017.10-*V/ESP ESQ ASF TERM;VOLVO XC40 2017.10-*V/ESP ESQ ASF TERM;0;;
61;1540;105.2429017;1540;105.2429017;CATEGORIA0;;1;1;0;1;;VOLVO XC40 2017.10-*V/ESP DRT ASF TERM C/ANG MORTO;VOLVO XC40 2017.10-*V/ESP DRT ASF TERM C/ANG MORTO;0;;
61;1540;105.2429018;1540;105.2429018;CATEGORIA0;;1;1;0;1;;VOLVO XC40 2017.10-*V/ESP ESQ ASF TERM C/ANG MORTO;VOLVO XC40 2017.10-*V/ESP ESQ ASF TERM C/ANG MORTO;0;;
61;1540;105.3001011;1540;105.3001011;CATEGORIA0;;1;1;0;1;;BEDFORD BRAVA 1997.01-*ESP MANUAL DRT PRETO;BEDFORD BRAVA 1997.01-*ESP MANUAL DRT PRETO;0;;
61;1540;105.3001012;1540;105.3001012;CATEGORIA0;;1;1;0;1;;BEDFORD BRAVA 1997.01-*ESP MANUAL ESQ PRETO;BEDFORD BRAVA 1997.01-*ESP MANUAL ESQ PRETO;0;;
61;1540;105.3003011;1540;105.3003011;CATEGORIA0;;1;1;0;1;;BEDFORD BRAVA 88-*ESPELHO RECTR. DRT;BEDFORD BRAVA 88-*ESPELHO RECTR. DRT;0;;
61;1540;105.3003012;1540;105.3003012;CATEGORIA0;;1;1;0;1;;BEDFORD BRAVA 88-*ESPELHO RECTR. ESQ;BEDFORD BRAVA 88-*ESPELHO RECTR. ESQ;0;;
61;1540;105.3004013;1540;105.3004013;CATEGORIA0;;1;1;0;1;;ISUZU NKR 85-*ESP DRT/ESQ;ISUZU NKR 85-*ESP DRT/ESQ;0;;
61;1540;105.3500011;1540;105.3500011;CATEGORIA0;;1;1;0;1;;DAEWOO NEXIA 95-*ESP DRT C/C;DAEWOO NEXIA 95-*ESP DRT C/C;0;;
61;1540;105.3500012;1540;105.3500012;CATEGORIA0;;1;1;0;1;;DAEWOO NEXIA 95-*ESP ESQ C/C;DAEWOO NEXIA 95-*ESP ESQ C/C;0;;
61;1540;105.3501011;1540;105.3501011;CATEGORIA0;;1;1;0;1;;DAEWOO MATIZ 98-*ESPELHO C/C DRT;DAEWOO MATIZ 98-*ESPELHO C/C DRT;0;;
61;1540;105.3501012;1540;105.3501012;CATEGORIA0;;1;1;0;1;;DAEWOO MATIZ 98-*ESPELHO C/C ESQ;DAEWOO MATIZ 98-*ESPELHO C/C ESQ;0;;
61;1540;105.3501013;1540;105.3501013;CATEGORIA0;;1;1;0;1;;DAEWOO MATIZ 98-*ESP DRT ELECT;DAEWOO MATIZ 98-*ESP DRT ELECT;0;;
61;1540;105.3501014;1540;105.3501014;CATEGORIA0;;1;1;0;1;;DAEWOO MATIZ 98-*ESP ESQ ELECT;DAEWOO MATIZ 98-*ESP ESQ ELECT;0;;
61;1540;105.3502011;1540;105.3502011;CATEGORIA0;;1;1;0;1;;DAEWOO NUBIRA 97-*ESP DRT C/C P/P;DAEWOO NUBIRA 97-*ESP DRT C/C P/P;0;;
61;1540;105.3503011;1540;105.3503011;CATEGORIA0;;1;1;0;1;;DAEWOO LANOS 97-*ESP DRT C/C;DAEWOO LANOS 97-*ESP DRT C/C;0;;
61;1540;105.3503012;1540;105.3503012;CATEGORIA0;;1;1;0;1;;DAEWOO LANOS 97-*ESP ESQ C/C;DAEWOO LANOS 97-*ESP ESQ C/C;0;;
61;1540;105.3508011;1540;105.3508011;CATEGORIA0;;1;1;0;1;;DAEWOO KALOS 05-*ESP DRT ELECT CONV TERM;DAEWOO KALOS 05-*ESP DRT ELECT CONV TERM;0;;
61;1540;105.3508012;1540;105.3508012;CATEGORIA0;;1;1;0;1;;DAEWOO KALOS 05-*ESP ESQ ELECT CONV TERM;DAEWOO KALOS 05-*ESP ESQ ELECT CONV TERM;0;;
61;1540;105.3509011;1540;105.3509011;CATEGORIA0;;1;1;0;1;;CHEVROLET MATIZ 05-*ESP DRT C/C CONV;CHEVROLET MATIZ 05-*ESP DRT C/C CONV;0;;
61;1540;105.3509012;1540;105.3509012;CATEGORIA0;;1;1;0;1;;CHEVROLET MATIZ 05-*ESP ESQ C/C CONV;CHEVROLET MATIZ 05-*ESP ESQ C/C CONV;0;;
61;1540;105.3509013;1540;105.3509013;CATEGORIA0;;1;1;0;1;;CHEVROLET MATIZ 05-*ESP DRT ELECT CONV;CHEVROLET MATIZ 05-*ESP DRT ELECT CONV;0;;
61;1540;105.3509014;1540;105.3509014;CATEGORIA0;;1;1;0;1;;CHEVROLET MATIZ 05-*ESP ESQ ELECT CONV;CHEVROLET MATIZ 05-*ESP ESQ ELECT CONV;0;;
61;1540;105.3511015;1540;105.3511015;CATEGORIA0;;1;1;0;1;;CHEVROLET LACETTI 05-*V/ESP DRT CONV TERM;CHEVROLET LACETTI 05-*V/ESP DRT CONV TERM;0;;
61;1540;105.3511016;1540;105.3511016;CATEGORIA0;;1;1;0;1;;CHEVROLET LACETTI 05-*V/ESP ESQ AFS TERM;CHEVROLET LACETTI 05-*V/ESP ESQ AFS TERM;0;;
61;1540;105.3514013;1540;105.3514013;CATEGORIA0;;1;1;0;1;;CHEVROLET SPARK 10-*ESP DRT C/C P/P CONV;CHEVROLET SPARK 10-*ESP DRT C/C P/P CONV;0;;
61;1540;105.3514014;1540;105.3514014;CATEGORIA0;;1;1;0;1;;CHEVROLET SPARK 10-*ESPELHO C/C ESQ CONV P/P;CHEVROLET SPARK 10-*ESPELHO C/C ESQ CONV P/P;0;;
61;1540;105.3514015;1540;105.3514015;CATEGORIA0;;1;1;0;1;;CHEVROLET SPARK 10-*ESP DRT ELECT P/P CONV TERM 5PINS;CHEVROLET SPARK 10-*ESP DRT ELECT P/P CONV TERM 5PINS;0;;
61;1540;105.3514016;1540;105.3514016;CATEGORIA0;;1;1;0;1;;CHEVROLET SPARK 10-*ESP EL TERM ESQ CONV P/P 5PINS;CHEVROLET SPARK 10-*ESP EL TERM ESQ CONV P/P 5PINS;0;;
61;1540;105.3514017;1540;105.3514017;CATEGORIA0;;1;1;0;1;;CHEVROLET SPARK 10-*CAPA ESP DRT PRETA;CHEVROLET SPARK 10-*CAPA ESP DRT PRETA;0;;
61;1540;105.3514019;1540;105.3514019;CATEGORIA0;;1;1;0;1;;CHEVROLET SPARK 10-*CAPA ESP DRT P/P;CHEVROLET SPARK 10-*CAPA ESP DRT P/P;0;;
61;1540;105.3514020;1540;105.3514020;CATEGORIA0;;1;1;0;1;;CHEVROLET SPARK 10-*CAPA ESP ESQ P/P;CHEVROLET SPARK 10-*CAPA ESP ESQ P/P;0;;
61;1540;105.3514021;1540;105.3514021;CATEGORIA0;;1;1;0;1;;CHEVROLET SPARK 10-*V/ESP DRT CONV;CHEVROLET SPARK 10-*V/ESP DRT CONV;0;;
61;1540;105.3514022;1540;105.3514022;CATEGORIA0;;1;1;0;1;;CHEVROLET SPARK 10-*V/ESP ESQ CONV;CHEVROLET SPARK 10-*V/ESP ESQ CONV;0;;
61;1540;105.3514023;1540;105.3514023;CATEGORIA0;;1;1;0;1;;CHEVROLET SPARK 10-*V/ESP DRT CONV TERM;CHEVROLET SPARK 10-*V/ESP DRT CONV TERM;0;;
61;1540;105.3514024;1540;105.3514024;CATEGORIA0;;1;1;0;1;;CHEVROLET SPARK 10-*V/ESP ESQ CONV TERM;CHEVROLET SPARK 10-*V/ESP ESQ CONV TERM;0;;
61;1540;105.3515011;1540;105.3515011;CATEGORIA0;;1;1;0;1;;CHEVROLET CRUZE 09-*ESP DRT ELECT P/P CONV TERM;CHEVROLET CRUZE 09-*ESP DRT ELECT P/P CONV TERM;0;;
61;1540;105.3515012;1540;105.3515012;CATEGORIA0;;1;1;0;1;;CHEVROLET CRUZE 09-*ESP ESQ ELECT P/P CONV TERM;CHEVROLET CRUZE 09-*ESP ESQ ELECT P/P CONV TERM;0;;
61;1540;105.3515017;1540;105.3515017;CATEGORIA0;;1;1;0;1;;CHEVROLET CRUZE 09-*V/ESP DRT CONV TERM;CHEVROLET CRUZE 09-*V/ESP DRT CONV TERM;0;;
61;1540;105.3515018;1540;105.3515018;CATEGORIA0;;1;1;0;1;;CHEVROLET CRUZE 09-*V/ESPELHO ESQ TERM CONV;CHEVROLET CRUZE 09-*V/ESPELHO ESQ TERM CONV;0;;
61;1540;105.3515019;1540;105.3515019;CATEGORIA0;;1;1;0;1;;CHEVROLET CRUZE 09-*CAPA ESP DRT P/P;CHEVROLET CRUZE 09-*CAPA ESP DRT P/P;0;;
61;1540;105.3515020;1540;105.3515020;CATEGORIA0;;1;1;0;1;;CHEVROLET CRUZE 09-*CAPA ESP ESQ P/P;CHEVROLET CRUZE 09-*CAPA ESP ESQ P/P;0;;
61;1540;105.3516013;1540;105.3516013;CATEGORIA0;;1;1;0;1;;CHEVROLET AVEO 2011.06-*ESP DRT ELECT P/P CONV TERM 5PINS;CHEVROLET AVEO 2011.06-*ESP DRT ELECT P/P CONV TERM 5PINS;0;;
61;1540;105.3516014;1540;105.3516014;CATEGORIA0;;1;1;0;1;;CHEVROLET AVEO 2011.06-*ESP ESQ ELECT P/P CONV TERM 5PINS;CHEVROLET AVEO 2011.06-*ESP ESQ ELECT P/P CONV TERM 5PINS;0;;
61;1540;105.3517013;1540;105.3517013;CATEGORIA0;;1;1;0;1;;CHEVROLET AVEO 06-*ESP DRT ELECT CONV TERM 5PIN (4P);CHEVROLET AVEO 06-*ESP DRT ELECT CONV TERM 5PIN (4P);0;;
61;1540;105.3517014;1540;105.3517014;CATEGORIA0;;1;1;0;1;;CHEVROLET AVEO 06-*ESP ESQ ELECT CONV TERM 5PIN (4P);CHEVROLET AVEO 06-*ESP ESQ ELECT CONV TERM 5PIN (4P);0;;
61;1540;105.4001013;1540;105.4001013;CATEGORIA0;;1;1;0;1;;HYUNDAI ACCENT 95-*ESP DRT C/C 4P;HYUNDAI ACCENT 95-*ESP DRT C/C 4P;0;;
61;1540;105.4001014;1540;105.4001014;CATEGORIA0;;1;1;0;1;;HYUNDAI ACCENT 95-*ESP ESQ C/C 4P;HYUNDAI ACCENT 95-*ESP ESQ C/C 4P;0;;
61;1540;105.4001015;1540;105.4001015;CATEGORIA0;;1;1;0;1;;HYUNDAI ACCENT 95-*ESP DRT ELECT 4P;HYUNDAI ACCENT 95-*ESP DRT ELECT 4P;0;;
61;1540;105.4001016;1540;105.4001016;CATEGORIA0;;1;1;0;1;;HYUNDAI ACCENT 95-*ESP ESQ ELECT 4P;HYUNDAI ACCENT 95-*ESP ESQ ELECT 4P;0;;
61;1540;105.4006011;1540;105.4006011;CATEGORIA0;;1;1;0;1;;HYUNDAI PONY 92-*ESP DRT C/C;HYUNDAI PONY 92-*ESP DRT C/C;0;;
61;1540;105.4006012;1540;105.4006012;CATEGORIA0;;1;1;0;1;;HYUNDAI PONY 92-*ESP ESQ C/C;HYUNDAI PONY 92-*ESP ESQ C/C;0;;
61;1540;105.4007013;1540;105.4007013;CATEGORIA0;;1;1;0;1;;HYUNDAI H1 95-*ESP DRT ELECT;HYUNDAI H1 95-*ESP DRT ELECT;0;;
61;1540;105.4007014;1540;105.4007014;CATEGORIA0;;1;1;0;1;;HYUNDAI H1 95-*ESP ESQ ELECT;HYUNDAI H1 95-*ESP ESQ ELECT;0;;
61;1540;105.4007015;1540;105.4007015;CATEGORIA0;;1;1;0;1;;HYUNDAI H1 95-*ESP DRT ELECT TERM;HYUNDAI H1 95-*ESP DRT ELECT TERM;0;;
61;1540;105.4007016;1540;105.4007016;CATEGORIA0;;1;1;0;1;;HYUNDAI H1 95-*ESP ESQ ELECT TERM;HYUNDAI H1 95-*ESP ESQ ELECT TERM;0;;
61;1540;105.4008011;1540;105.4008011;CATEGORIA0;;1;1;0;1;;HYUNDAI ATOS 98-*ESP DRT C/C;HYUNDAI ATOS 98-*ESP DRT C/C;0;;
61;1540;105.4008012;1540;105.4008012;CATEGORIA0;;1;1;0;1;;HYUNDAI ATOS 98-*ESP ESQ C/C;HYUNDAI ATOS 98-*ESP ESQ C/C;0;;
61;1540;105.4009011;1540;105.4009011;CATEGORIA0;;1;1;0;1;;HYUNDAI S COUPE -96*ESP DRT C/C;HYUNDAI S COUPE -96*ESP DRT C/C;0;;
61;1540;105.4009012;1540;105.4009012;CATEGORIA0;;1;1;0;1;;HYUNDAI S COUPE -96*ESP ESQ C/C;HYUNDAI S COUPE -96*ESP ESQ C/C;0;;
61;1540;105.4011011;1540;105.4011011;CATEGORIA0;;1;1;0;1;;HYUNDAI ATOS PRIME 00-*ESP DRT C/C;HYUNDAI ATOS PRIME 00-*ESP DRT C/C;0;;
61;1540;105.4011012;1540;105.4011012;CATEGORIA0;;1;1;0;1;;HYUNDAI ATOS PRIME 00-*ESP ESQ C/C;HYUNDAI ATOS PRIME 00-*ESP ESQ C/C;0;;
61;1540;105.4013011;1540;105.4013011;CATEGORIA0;;1;1;0;1;;HYUNDAI ACCENT 03-*ESP DRT C/C;HYUNDAI ACCENT 03-*ESP DRT C/C;0;;
61;1540;105.4013012;1540;105.4013012;CATEGORIA0;;1;1;0;1;;HYUNDAI ACCENT 03-*ESP ESQ C/C;HYUNDAI ACCENT 03-*ESP ESQ C/C;0;;
61;1540;105.4013013;1540;105.4013013;CATEGORIA0;;1;1;0;1;;HYUNDAI ACCENT 03-*ESP DRT ELECT TERM;HYUNDAI ACCENT 03-*ESP DRT ELECT TERM;0;;
61;1540;105.4013014;1540;105.4013014;CATEGORIA0;;1;1;0;1;;HYUNDAI ACCENT 03-*ESP ESQ ELECT TERM;HYUNDAI ACCENT 03-*ESP ESQ ELECT TERM;0;;
61;1540;105.4014011;1540;105.4014011;CATEGORIA0;;1;1;0;1;;HYUNDAI MATRIX 02-*ESP DRT ELECT CONV TERM;HYUNDAI MATRIX 02-*ESP DRT ELECT CONV TERM;0;;
61;1540;105.4014012;1540;105.4014012;CATEGORIA0;;1;1;0;1;;HYUNDAI MATRIX 02-*ESP ESQ ELECT CONV TERM;HYUNDAI MATRIX 02-*ESP ESQ ELECT CONV TERM;0;;
61;1540;105.4015011;1540;105.4015011;CATEGORIA0;;1;1;0;1;;GETZ 02- ESPELHO DTO. C/C CONV;GETZ 02- ESPELHO DTO. C/C CONV;0;;
61;1540;105.4015012;1540;105.4015012;CATEGORIA0;;1;1;0;1;;GETZ 02- ESPELHO ESQ. C/C CONV;GETZ 02- ESPELHO ESQ. C/C CONV;0;;
61;1540;105.4015013;1540;105.4015013;CATEGORIA0;;1;1;0;1;;HYUNDAI GETZ 02-*ESP DRT ELECT CONV;HYUNDAI GETZ 02-*ESP DRT ELECT CONV;0;;
61;1540;105.4015014;1540;105.4015014;CATEGORIA0;;1;1;0;1;;HYUNDAI GETZ 02-*ESP ESQ ELECT CONV;HYUNDAI GETZ 02-*ESP ESQ ELECT CONV;0;;
61;1540;105.4015015;1540;105.4015015;CATEGORIA0;;1;1;0;1;;HYUNDAI GETZ 02-*V/ESP DRT CONV;HYUNDAI GETZ 02-*V/ESP DRT CONV;0;;
61;1540;105.4015016;1540;105.4015016;CATEGORIA0;;1;1;0;1;;HYUNDAI GETZ 02-*V/ESP ESQ CONV;HYUNDAI GETZ 02-*V/ESP ESQ CONV;0;;
61;1540;105.4015017;1540;105.4015017;CATEGORIA0;;1;1;0;1;;HYUNDAI GETZ 02-*V/ESP DRT CONV TERM;HYUNDAI GETZ 02-*V/ESP DRT CONV TERM;0;;
61;1540;105.4015018;1540;105.4015018;CATEGORIA0;;1;1;0;1;;VIDRO ESP. ESQ GETZ 02-»;VIDRO ESP. ESQ GETZ 02-»;0;;
61;1540;105.4015019;1540;105.4015019;CATEGORIA0;;1;1;0;1;;HYUNDAI GETZ 02-*ESP DRT ELECT CONV TERM;HYUNDAI GETZ 02-*ESP DRT ELECT CONV TERM;0;;
61;1540;105.4015020;1540;105.4015020;CATEGORIA0;;1;1;0;1;;HYUNDAI GETZ 02-*ESP ESQ ELECT CONV TERM;HYUNDAI GETZ 02-*ESP ESQ ELECT CONV TERM;0;;
61;1540;105.4027012;1540;105.4027012;CATEGORIA0;;1;1;0;1;;HYUNDAI TUCSON 04-*ESP ESQ ELECT P/P CONV TERM;HYUNDAI TUCSON 04-*ESP ESQ ELECT P/P CONV TERM;0;;
61;1540;105.4027015;1540;105.4027015;CATEGORIA0;;1;1;0;1;;HYUNDAI TUCSON 04-*V/ESP DRT CONV TERM;HYUNDAI TUCSON 04-*V/ESP DRT CONV TERM;0;;
61;1540;105.4027016;1540;105.4027016;CATEGORIA0;;1;1;0;1;;HYUNDAI TUCSON 04-*V/ESP ESQ CONV TERM;HYUNDAI TUCSON 04-*V/ESP ESQ CONV TERM;0;;
61;1540;105.4029011;1540;105.4029011;CATEGORIA0;;1;1;0;1;;HYUNDAI ACCENT 06-*ESP DRT C/C CONV;HYUNDAI ACCENT 06-*ESP DRT C/C CONV;0;;
61;1540;105.4029012;1540;105.4029012;CATEGORIA0;;1;1;0;1;;HYUNDAI ACCENT 06-*ESP ESQ C/C CONV;HYUNDAI ACCENT 06-*ESP ESQ C/C CONV;0;;
61;1540;105.4029013;1540;105.4029013;CATEGORIA0;;1;1;0;1;;HYUNDAI ACCENT 06-*ESP DRT ELECT P/P CONV TERM;HYUNDAI ACCENT 06-*ESP DRT ELECT P/P CONV TERM;0;;
61;1540;105.4029014;1540;105.4029014;CATEGORIA0;;1;1;0;1;;HYUNDAI ACCENT 06-*ESP ESQ ELECT P/P CONV TERM;HYUNDAI ACCENT 06-*ESP ESQ ELECT P/P CONV TERM;0;;
61;1540;105.4029017;1540;105.4029017;CATEGORIA0;;1;1;0;1;;HYUNDAI ACCENT 06-*V/ESP DRT CONV;HYUNDAI ACCENT 06-*V/ESP DRT CONV;0;;
61;1540;105.4029018;1540;105.4029018;CATEGORIA0;;1;1;0;1;;HYUNDAI ACCENT 06-*V/ESP ESQ CONV;HYUNDAI ACCENT 06-*V/ESP ESQ CONV;0;;
61;1540;105.4029019;1540;105.4029019;CATEGORIA0;;1;1;0;1;;HYUNDAI ACCENT 06-*V/ESP DRT TERM CONV;HYUNDAI ACCENT 06-*V/ESP DRT TERM CONV;0;;
61;1540;105.4029020;1540;105.4029020;CATEGORIA0;;1;1;0;1;;HYUNDAI ACCENT 06-*V/ESP ESQ TERM CONV;HYUNDAI ACCENT 06-*V/ESP ESQ TERM CONV;0;;
61;1540;105.4035011;1540;105.4035011;CATEGORIA0;;1;1;0;1;;HYUNDAI I10 07-*ESP DRT ELECT CONV TERM;HYUNDAI I10 07-*ESP DRT ELECT CONV TERM;0;;
61;1540;105.4035012;1540;105.4035012;CATEGORIA0;;1;1;0;1;;HYUNDAI I10 07-*ESP ESQ ELECT CONV TERM;HYUNDAI I10 07-*ESP ESQ ELECT CONV TERM;0;;
61;1540;105.4036017;1540;105.4036017;CATEGORIA0;;1;1;0;1;;HYUNDAI I30 07-*V/ESP DRT CONV TERM;HYUNDAI I30 07-*V/ESP DRT CONV TERM;0;;
61;1540;105.4036018;1540;105.4036018;CATEGORIA0;;1;1;0;1;;HYUNDAI I30 07-*V/ESP. ESQ TERM CONV;HYUNDAI I30 07-*V/ESP. ESQ TERM CONV;0;;
61;1540;105.4038011;1540;105.4038011;CATEGORIA0;;1;1;0;1;;HYUNDAI I20 09-*ESP DRT ELECT P/P CONV TERM;HYUNDAI I20 09-*ESP DRT ELECT P/P CONV TERM;0;;
61;1540;105.4038012;1540;105.4038012;CATEGORIA0;;1;1;0;1;;HYUNDAI I20 09-*ESP ESQ ELECT P/P CONV TERM;HYUNDAI I20 09-*ESP ESQ ELECT P/P CONV TERM;0;;
61;1540;105.4038013;1540;105.4038013;CATEGORIA0;;1;1;0;1;;HYUNDAI I20 09-*ESP DRT ELECT P/P CONV TERM REB;HYUNDAI I20 09-*ESP DRT ELECT P/P CONV TERM REB;0;;
61;1540;105.4038014;1540;105.4038014;CATEGORIA0;;1;1;0;1;;HYUNDAI I20 09-*ESP ESQ ELECT P/P CONV TERM REB;HYUNDAI I20 09-*ESP ESQ ELECT P/P CONV TERM REB;0;;
61;1540;105.4041011;1540;105.4041011;CATEGORIA0;;1;1;0;1;;HYUNDAI I30 H/B 13-*ESP DRT ELECT P/P CONV 3PIN;HYUNDAI I30 H/B 13-*ESP DRT ELECT P/P CONV 3PIN;0;;
61;1540;105.4041012;1540;105.4041012;CATEGORIA0;;1;1;0;1;;HYUNDAI I30 H/B 13-*ESP ESQ ELECT P/P CONV 3PIN;HYUNDAI I30 H/B 13-*ESP ESQ ELECT P/P CONV 3PIN;0;;
61;1540;105.4041013;1540;105.4041013;CATEGORIA0;;1;1;0;1;;HYUNDAI I30 H/B 13-*ESP DRT ELECT P/P CONV TERM 5PIN;HYUNDAI I30 H/B 13-*ESP DRT ELECT P/P CONV TERM 5PIN;0;;
61;1540;105.4041014;1540;105.4041014;CATEGORIA0;;1;1;0;1;;HYUNDAI I30 H/B 13-*ESP ESQ ELECT P/P CONV TERM 5PIN;HYUNDAI I30 H/B 13-*ESP ESQ ELECT P/P CONV TERM 5PIN;0;;
61;1540;105.4041015;1540;105.4041015;CATEGORIA0;;1;1;0;1;;HYUNDAI I30 H/B 13-*ESP DRT ELECT P/P CONV TERM REB C/PIS L/;HYUNDAI I30 H/B 13-*ESP DRT ELECT P/P CONV TERM REB C/PIS L/;0;;
61;1540;105.4041016;1540;105.4041016;CATEGORIA0;;1;1;0;1;;HYUNDAI I30 H/B 13-*ESP ESQ ELECT P/P CONV TERM REB C/PIS L/;HYUNDAI I30 H/B 13-*ESP ESQ ELECT P/P CONV TERM REB C/PIS L/;0;;
61;1540;105.4041017;1540;105.4041017;CATEGORIA0;;1;1;0;1;;HYUNDAI I30 H/B 13-*ESP DRT ELECT P/P CONV TERM REB C/PIS 8P;HYUNDAI I30 H/B 13-*ESP DRT ELECT P/P CONV TERM REB C/PIS 8P;0;;
61;1540;105.4041018;1540;105.4041018;CATEGORIA0;;1;1;0;1;;HYUNDAI I30 H/B 13-*ESP ESQ ELECT P/P CONV TERM REB C/PIS 8P;HYUNDAI I30 H/B 13-*ESP ESQ ELECT P/P CONV TERM REB C/PIS 8P;0;;
61;1540;105.4041019;1540;105.4041019;CATEGORIA0;;1;1;0;1;;HYUNDAI I30 H/B 13-*V/ESP DRT TERM CONV;HYUNDAI I30 H/B 13-*V/ESP DRT TERM CONV;0;;
61;1540;105.4041020;1540;105.4041020;CATEGORIA0;;1;1;0;1;;HYUNDAI I30 H/B 13-*V/ESP ESQ TERM CONV;HYUNDAI I30 H/B 13-*V/ESP ESQ TERM CONV;0;;
61;1540;105.4043015;1540;105.4043015;CATEGORIA0;;1;1;0;1;;HYUNDAI IX35 10-*V/ESP DRT CONV TERM;HYUNDAI IX35 10-*V/ESP DRT CONV TERM;0;;
61;1540;105.4043016;1540;105.4043016;CATEGORIA0;;1;1;0;1;;HYUNDAI IX35 10-*V/ESP ESQ CONV TERM;HYUNDAI IX35 10-*V/ESP ESQ CONV TERM;0;;
61;1540;105.4045015;1540;105.4045015;CATEGORIA0;;1;1;0;1;;HYUNDAI SANTA FE 10-*V/ESP DRT CONV TERM;HYUNDAI SANTA FE 10-*V/ESP DRT CONV TERM;0;;
61;1540;105.4045016;1540;105.4045016;CATEGORIA0;;1;1;0;1;;HYUNDAI SANTA FE 10-*V/ESP ESQ CONV TERM;HYUNDAI SANTA FE 10-*V/ESP ESQ CONV TERM;0;;
61;1540;105.4046015;1540;105.4046015;CATEGORIA0;;1;1;0;1;;HYUNDAI IX20 11-*V/ESP DRT CONV TERM;HYUNDAI IX20 11-*V/ESP DRT CONV TERM;0;;
61;1540;105.4046016;1540;105.4046016;CATEGORIA0;;1;1;0;1;;HYUNDAI IX20 11-*V/ESP ESQ CONV TERM;HYUNDAI IX20 11-*V/ESP ESQ CONV TERM;0;;
61;1540;105.4053011;1540;105.4053011;CATEGORIA0;;1;1;0;1;;HYUNDAI I30 H/B 17-*ESP DRT ELECT P/P CONV TERM S/PISCA 5PIN;HYUNDAI I30 H/B 17-*ESP DRT ELECT P/P CONV TERM S/PISCA 5PIN;0;;
61;1540;105.4053012;1540;105.4053012;CATEGORIA0;;1;1;0;1;;HYUNDAI I30 H/B 17-*ESP ESQ ELECT P/P ASF TERM S/PISCA 5PIN;HYUNDAI I30 H/B 17-*ESP ESQ ELECT P/P ASF TERM S/PISCA 5PIN;0;;
61;1540;105.4053013;1540;105.4053013;CATEGORIA0;;1;1;0;1;;HYUNDAI I30 H/B 17-*ESP DRT ELECT P/P CONV TERM C/PISCA 6PIN;HYUNDAI I30 H/B 17-*ESP DRT ELECT P/P CONV TERM C/PISCA 6PIN;0;;
61;1540;105.4053014;1540;105.4053014;CATEGORIA0;;1;1;0;1;;HYUNDAI I30 H/B 17-*ESP ESQ ELECT P/P ASF TERM C/PISCA 6PIN;HYUNDAI I30 H/B 17-*ESP ESQ ELECT P/P ASF TERM C/PISCA 6PIN;0;;
61;1540;105.4053015;1540;105.4053015;CATEGORIA0;;1;1;0;1;;HYUNDAI I30 H/B 17-*ESP DRT ELECT P/P CONV TERM REB C/PISCA;HYUNDAI I30 H/B 17-*ESP DRT ELECT P/P CONV TERM REB C/PISCA;0;;
61;1540;105.4053016;1540;105.4053016;CATEGORIA0;;1;1;0;1;;HYUNDAI I30 H/B 17-*ESP ESQ ELECT P/P ASF TERM REB C/PISCA 8;HYUNDAI I30 H/B 17-*ESP ESQ ELECT P/P ASF TERM REB C/PISCA 8;0;;
61;1540;105.4053017;1540;105.4053017;CATEGORIA0;;1;1;0;1;;HYUNDAI I30 H/B 17-*V/ESP DRT CONV TERM(SO OE);HYUNDAI I30 H/B 17-*V/ESP DRT CONV TERM(SO OE);0;;
61;1540;105.4053018;1540;105.4053018;CATEGORIA0;;1;1;0;1;;HYUNDAI I30 H/B 17-*V/ESP ESQ ASF TERM(SO OE);HYUNDAI I30 H/B 17-*V/ESP ESQ ASF TERM(SO OE);0;;
61;1540;105.5002011;1540;105.5002011;CATEGORIA0;;1;1;0;1;;HONDA CIVIC 92-*ESP DRT C/C (3P);HONDA CIVIC 92-*ESP DRT C/C (3P);0;;
61;1540;105.5002012;1540;105.5002012;CATEGORIA0;;1;1;0;1;;HONDA CIVIC 92-*ESP ESQ C/C (3P);HONDA CIVIC 92-*ESP ESQ C/C (3P);0;;
61;1540;105.5002013;1540;105.5002013;CATEGORIA0;;1;1;0;1;;HONDA CIVIC 92-*ESP DRT ELECT (3P);HONDA CIVIC 92-*ESP DRT ELECT (3P);0;;
61;1540;105.5002014;1540;105.5002014;CATEGORIA0;;1;1;0;1;;HONDA CIVIC 92-*ESP ESQ ELECT (3P);HONDA CIVIC 92-*ESP ESQ ELECT (3P);0;;
61;1540;105.5003011;1540;105.5003011;CATEGORIA0;;1;1;0;1;;HONDA CIVIC 92-*ESP DRT C/C (4P);HONDA CIVIC 92-*ESP DRT C/C (4P);0;;
61;1540;105.5003012;1540;105.5003012;CATEGORIA0;;1;1;0;1;;HONDA CIVIC 92-*ESP ESQ C/C (4P);HONDA CIVIC 92-*ESP ESQ C/C (4P);0;;
61;1540;105.5003013;1540;105.5003013;CATEGORIA0;;1;1;0;1;;HONDA CIVIC 92-*ESPELHO ELECTRI DRT (4P);HONDA CIVIC 92-*ESPELHO ELECTRI DRT (4P);0;;
61;1540;105.5003014;1540;105.5003014;CATEGORIA0;;1;1;0;1;;HONDA CIVIC 92-*ESP ESQ ELECT (4P);HONDA CIVIC 92-*ESP ESQ ELECT (4P);0;;
61;1540;105.5005013;1540;105.5005013;CATEGORIA0;;1;1;0;1;;HONDA CIVIC 96-*ESP DRT ELECT (3P);HONDA CIVIC 96-*ESP DRT ELECT (3P);0;;
61;1540;105.5005014;1540;105.5005014;CATEGORIA0;;1;1;0;1;;HONDA CIVIC 96-*ESP ESQ ELECT (3P);HONDA CIVIC 96-*ESP ESQ ELECT (3P);0;;
61;1540;105.5005015;1540;105.5005015;CATEGORIA0;;1;1;0;1;;ESPELHO ELECTRI DRT;ESPELHO ELECTRI DRT;0;;
61;1540;105.5005016;1540;105.5005016;CATEGORIA0;;1;1;0;1;;HONDA CIVIC 96-*ESPELHO ESQ ELECTRICO 4P;HONDA CIVIC 96-*ESPELHO ESQ ELECTRICO 4P;0;;
61;1540;105.5011011;1540;105.5011011;CATEGORIA0;;1;1;0;1;;HONDA CR-V 97-*ESP DRT ELECT;HONDA CR-V 97-*ESP DRT ELECT;0;;
61;1540;105.5011012;1540;105.5011012;CATEGORIA0;;1;1;0;1;;HONDA CR-V 97-*ESP ESQ ELECT;HONDA CR-V 97-*ESP ESQ ELECT;0;;
61;1540;105.5013011;1540;105.5013011;CATEGORIA0;;1;1;0;1;;HONDA-*ESPELHO RET. DTO.;HONDA-*ESPELHO RET. DTO.;0;;
61;1540;105.5013012;1540;105.5013012;CATEGORIA0;;1;1;0;1;;HONDA CIVIC 01-*ESP ESQ ELECT TERM (3P);HONDA CIVIC 01-*ESP ESQ ELECT TERM (3P);0;;
61;1540;105.5015011;1540;105.5015011;CATEGORIA0;;1;1;0;1;;HONDA CR-V 02-*ESP DRT ELECT CONV;HONDA CR-V 02-*ESP DRT ELECT CONV;0;;
61;1540;105.5015012;1540;105.5015012;CATEGORIA0;;1;1;0;1;;HONDA CR-V 02-*ESP ESQ ELECT CONV;HONDA CR-V 02-*ESP ESQ ELECT CONV;0;;
61;1540;105.5018011;1540;105.5018011;CATEGORIA0;;1;1;0;1;;HONDA ACCORD 03-*ESP DRT ELECT ASF TERM C/PIS;HONDA ACCORD 03-*ESP DRT ELECT ASF TERM C/PIS;0;;
61;1540;105.5018012;1540;105.5018012;CATEGORIA0;;1;1;0;1;;HONDA ACCORD 03-*ESP ESQ ELECT ASF TERM C/PIS;HONDA ACCORD 03-*ESP ESQ ELECT ASF TERM C/PIS;0;;
61;1540;105.5019013;1540;105.5019013;CATEGORIA0;;1;1;0;1;;HONDA JAZZ 02-*ESP DRT ELECT P/P;HONDA JAZZ 02-*ESP DRT ELECT P/P;0;;
61;1540;105.5019014;1540;105.5019014;CATEGORIA0;;1;1;0;1;;HONDA JAZZ 02-*ESP ESQ ELECT P/P;HONDA JAZZ 02-*ESP ESQ ELECT P/P;0;;
61;1540;105.5019016;1540;105.5019016;CATEGORIA0;;1;1;0;1;;HONDA JAZZ 04-*ESPELHO ESP C/C C/PISCA;HONDA JAZZ 04-*ESPELHO ESP C/C C/PISCA;0;;
61;1540;105.5019017;1540;105.5019017;CATEGORIA0;;1;1;0;1;;HONDA JAZZ 04-*ESP DRT ELECT CONV C/PIS;HONDA JAZZ 04-*ESP DRT ELECT CONV C/PIS;0;;
61;1540;105.5019018;1540;105.5019018;CATEGORIA0;;1;1;0;1;;HONDA JAZZ 04-*ESP ESQ ELECT CONV C/PIS;HONDA JAZZ 04-*ESP ESQ ELECT CONV C/PIS;0;;
61;1540;105.5019019;1540;105.5019019;CATEGORIA0;;1;1;0;1;;HONDA JAZZ 02-*V/ESP DRT CONV;HONDA JAZZ 02-*V/ESP DRT CONV;0;;
61;1540;105.5019020;1540;105.5019020;CATEGORIA0;;1;1;0;1;;HONDA JAZZ 02-*V/ESP ESQ CONV;HONDA JAZZ 02-*V/ESP ESQ CONV;0;;
61;1540;105.5022011;1540;105.5022011;CATEGORIA0;;1;1;0;1;;HONDA CIVIC 3/5P 2006.01-*ESP DRT ELECT TERM P/P C/PISCA CON;HONDA CIVIC 3/5P 2006.01-*ESP DRT ELECT TERM P/P C/PISCA CON;0;;
61;1540;105.5022012;1540;105.5022012;CATEGORIA0;;1;1;0;1;;HONDA CIVIC 3/5P 2006.01-*ESP ESQ ELECT TERM P/P C/PISCA ASF;HONDA CIVIC 3/5P 2006.01-*ESP ESQ ELECT TERM P/P C/PISCA ASF;0;;
61;1540;105.5022013;1540;105.5022013;CATEGORIA0;;1;1;0;1;;HONDA CIVIC 3/5P 2006.01-*ESP DRT ELECT TERM P/P REB C/PISCA;HONDA CIVIC 3/5P 2006.01-*ESP DRT ELECT TERM P/P REB C/PISCA;0;;
61;1540;105.5022014;1540;105.5022014;CATEGORIA0;;1;1;0;1;;HONDA CIVIC 3/5P 2006.01-*ESP ESQ ELECT TERM P/P REB C/PISCA;HONDA CIVIC 3/5P 2006.01-*ESP ESQ ELECT TERM P/P REB C/PISCA;0;;
61;1540;105.5022015;1540;105.5022015;CATEGORIA0;;1;1;0;1;;HONDA CIVIC 3/5P 2006.01-*CAPA ESP DRT P/P;HONDA CIVIC 3/5P 2006.01-*CAPA ESP DRT P/P;0;;
61;1540;105.5022016;1540;105.5022016;CATEGORIA0;;1;1;0;1;;HONDA CIVIC 3/5P 2006.01-*CAPA ESP ESQ P/P;HONDA CIVIC 3/5P 2006.01-*CAPA ESP ESQ P/P;0;;
61;1540;105.5022017;1540;105.5022017;CATEGORIA0;;1;1;0;1;;HONDA CIVIC 3/5P 2006.01-*V/ESP DRT TERM CONV;HONDA CIVIC 3/5P 2006.01-*V/ESP DRT TERM CONV;0;;
61;1540;105.5022018;1540;105.5022018;CATEGORIA0;;1;1;0;1;;HONDA CIVIC 3/5P 2006.01-*V/ESP ESQ TERM ASF;HONDA CIVIC 3/5P 2006.01-*V/ESP ESQ TERM ASF;0;;
61;1540;105.5023011;1540;105.5023011;CATEGORIA0;;1;1;0;1;;HONDA CR-V 07-*ESP DRT ELECT CONV TERM REB C/PIS;HONDA CR-V 07-*ESP DRT ELECT CONV TERM REB C/PIS;0;;
61;1540;105.5023012;1540;105.5023012;CATEGORIA0;;1;1;0;1;;HONDA CR-V 07-*ESP ESQ ELECT CONV TERM REB C/PIS;HONDA CR-V 07-*ESP ESQ ELECT CONV TERM REB C/PIS;0;;
61;1540;105.5024011;1540;105.5024011;CATEGORIA0;;1;1;0;1;;HONDA JAZZ 08-*ESP DRT ELECT P/P CONV C/PIS;HONDA JAZZ 08-*ESP DRT ELECT P/P CONV C/PIS;0;;
61;1540;105.5024012;1540;105.5024012;CATEGORIA0;;1;1;0;1;;HONDA JAZZ 08-*ESP ESQ ELECT P/P CONV C/PIS;HONDA JAZZ 08-*ESP ESQ ELECT P/P CONV C/PIS;0;;
61;1540;105.5024013;1540;105.5024013;CATEGORIA0;;1;1;0;1;;HONDA JAZZ 08-*ESP DRT ELECT P/P CONV REB C/PIS;HONDA JAZZ 08-*ESP DRT ELECT P/P CONV REB C/PIS;0;;
61;1540;105.5024014;1540;105.5024014;CATEGORIA0;;1;1;0;1;;HONDA JAZZ 08-*ESP ESQ ELECT P/P CONV REB C/PIS;HONDA JAZZ 08-*ESP ESQ ELECT P/P CONV REB C/PIS;0;;
61;1540;105.5024015;1540;105.5024015;CATEGORIA0;;1;1;0;1;;HONDA JAZZ 08-*ESP DRT ELECT P/P CONV S/PISCA;HONDA JAZZ 08-*ESP DRT ELECT P/P CONV S/PISCA;0;;
61;1540;105.5024016;1540;105.5024016;CATEGORIA0;;1;1;0;1;;HONDA JAZZ 08-*ESP ESQ ELECT P/P CONV S/PISCA;HONDA JAZZ 08-*ESP ESQ ELECT P/P CONV S/PISCA;0;;
61;1540;105.5026011;1540;105.5026011;CATEGORIA0;;1;1;0;1;;HONDA CIVIC  SEDAN 4P 06-*ESP DRT ELECT CONV TERM REB C/PIS;HONDA CIVIC  SEDAN 4P 06-*ESP DRT ELECT CONV TERM REB C/PIS;0;;
61;1540;105.5026012;1540;105.5026012;CATEGORIA0;;1;1;0;1;;HONDA CIVIC SEDAN 4P 06-*ESP ESQ ELECT CONV TERM REB C/PIS (;HONDA CIVIC SEDAN 4P 06-*ESP ESQ ELECT CONV TERM REB C/PIS (;0;;
61;1540;105.5026013;1540;105.5026013;CATEGORIA0;;1;1;0;1;;HONDA CIVIC SEDAN 4P 06-*ESP DRT ELECT CONV TERM C/PIS (7P);HONDA CIVIC SEDAN 4P 06-*ESP DRT ELECT CONV TERM C/PIS (7P);0;;
61;1540;105.5026014;1540;105.5026014;CATEGORIA0;;1;1;0;1;;HONDA CIVIC SEDAN 4P 06-*ESP ESQ ELECT CONV TERM C/PIS (7P);HONDA CIVIC SEDAN 4P 06-*ESP ESQ ELECT CONV TERM C/PIS (7P);0;;
61;1540;105.5027011;1540;105.5027011;CATEGORIA0;;1;1;0;1;;HONDA INSIGHT 09-*ESP DRT ELECT P/P CONV TERM C/PIS;HONDA INSIGHT 09-*ESP DRT ELECT P/P CONV TERM C/PIS;0;;
61;1540;105.5027012;1540;105.5027012;CATEGORIA0;;1;1;0;1;;HONDA INSIGHT 09-*ESP ESQ ELECT P/P CONV TERM C/PIS;HONDA INSIGHT 09-*ESP ESQ ELECT P/P CONV TERM C/PIS;0;;
61;1540;105.5027013;1540;105.5027013;CATEGORIA0;;1;1;0;1;;HONDA INSIGHT 09-*ESP DRT ELECT P/P CONV TERM REB C/PIS;HONDA INSIGHT 09-*ESP DRT ELECT P/P CONV TERM REB C/PIS;0;;
61;1540;105.5027014;1540;105.5027014;CATEGORIA0;;1;1;0;1;;HONDA INSIGHT 09-*ESP ESQ ELECT P/P CONV TERM REB C/PIS;HONDA INSIGHT 09-*ESP ESQ ELECT P/P CONV TERM REB C/PIS;0;;
61;1540;105.5032011;1540;105.5032011;CATEGORIA0;;1;1;0;1;;HONDA JAZZ 2015.09-*ESP DRT ELECT P/P CONV C/PISCA 5PIN;HONDA JAZZ 2015.09-*ESP DRT ELECT P/P CONV C/PISCA 5PIN;0;;
61;1540;105.5032012;1540;105.5032012;CATEGORIA0;;1;1;0;1;;HONDA JAZZ 2015.09-*ESP ESQ ELECT P/P ASF C/PISCA 5PIN;HONDA JAZZ 2015.09-*ESP ESQ ELECT P/P ASF C/PISCA 5PIN;0;;
61;1540;105.5032013;1540;105.5032013;CATEGORIA0;;1;1;0;1;;HONDA JAZZ 2015.09-*ESP DRT ELECT TER P/P REB CONV C/PISCA 9;HONDA JAZZ 2015.09-*ESP DRT ELECT TER P/P REB CONV C/PISCA 9;0;;
61;1540;105.5032014;1540;105.5032014;CATEGORIA0;;1;1;0;1;;HONDA JAZZ 2015.09-*ESP ESQ ELECT TER P/P REB ASF C/PISCA 9P;HONDA JAZZ 2015.09-*ESP ESQ ELECT TER P/P REB ASF C/PISCA 9P;0;;
61;1540;105.5032015;1540;105.5032015;CATEGORIA0;;1;1;0;1;;HONDA JAZZ 2015.09-*V/ESP DRT TERM CONV;HONDA JAZZ 2015.09-*V/ESP DRT TERM CONV;0;;
61;1540;105.5032016;1540;105.5032016;CATEGORIA0;;1;1;0;1;;HONDA JAZZ 2015.09-*V/ESP ESQ TERM ASF;HONDA JAZZ 2015.09-*V/ESP ESQ TERM ASF;0;;
61;1540;105.5032017;1540;105.5032017;CATEGORIA0;;1;1;0;1;;HONDA JAZZ 2015.09-*CAPA ESP DRT P/P C/PISCA;HONDA JAZZ 2015.09-*CAPA ESP DRT P/P C/PISCA;0;;
61;1540;105.5032018;1540;105.5032018;CATEGORIA0;;1;1;0;1;;HONDA JAZZ 2015.09-*CAPA ESP ESQ P/P C/PISCA;HONDA JAZZ 2015.09-*CAPA ESP ESQ P/P C/PISCA;0;;
61;1540;105.503451;1540;105.503451;CATEGORIA0;;1;1;0;1;;HONDA JR-V 15- FAROLIM TRÁS ESQ. (LED);HONDA JR-V 15- FAROLIM TRÁS ESQ. (LED);0;;
61;1540;105.5501013;1540;105.5501013;CATEGORIA0;;1;1;0;1;;KIA SPORTAGE 95-*ESP ELECT DRT;KIA SPORTAGE 95-*ESP ELECT DRT;0;;
61;1540;105.5501014;1540;105.5501014;CATEGORIA0;;1;1;0;1;;KIA SPORTAGE 95-*ESP ELECT ESQ;KIA SPORTAGE 95-*ESP ELECT ESQ;0;;
61;1540;105.5504011;1540;105.5504011;CATEGORIA0;;1;1;0;1;;KIA CARNIVAL 98-*ESP DRT C/C;KIA CARNIVAL 98-*ESP DRT C/C;0;;
61;1540;105.5504012;1540;105.5504012;CATEGORIA0;;1;1;0;1;;KIA CARNIVAL 98-*ESP ESQ C/C;KIA CARNIVAL 98-*ESP ESQ C/C;0;;
61;1540;105.5505015;1540;105.5505015;CATEGORIA0;;1;1;0;1;;KIA PICANTO 2004.04-*V/ESP DRT CONV;KIA PICANTO 2004.04-*V/ESP DRT CONV;0;;
61;1540;105.5505016;1540;105.5505016;CATEGORIA0;;1;1;0;1;;KIA PICANTO 2004.04-*V/ESP ESQ CONV;KIA PICANTO 2004.04-*V/ESP ESQ CONV;0;;
61;1540;105.5508011;1540;105.5508011;CATEGORIA0;;1;1;0;1;;KIA CEED 07-*ESP DRT C/C CONV;KIA CEED 07-*ESP DRT C/C CONV;0;;
61;1540;105.5508012;1540;105.5508012;CATEGORIA0;;1;1;0;1;;KIA CEED 07-*ESP ESQ C/C CONV;KIA CEED 07-*ESP ESQ C/C CONV;0;;
61;1540;105.5508013;1540;105.5508013;CATEGORIA0;;1;1;0;1;;KIA CEED 07-*ESP DRT ELECT P/P CONV TERM;KIA CEED 07-*ESP DRT ELECT P/P CONV TERM;0;;
61;1540;105.5508014;1540;105.5508014;CATEGORIA0;;1;1;0;1;;KIA CEED 07-*ESP ESQ ELECT P/P ASF TERM;KIA CEED 07-*ESP ESQ ELECT P/P ASF TERM;0;;
61;1540;105.5509011;1540;105.5509011;CATEGORIA0;;1;1;0;1;;KIA PICANTO 07-*ESP DRT C/C P/P CONV;KIA PICANTO 07-*ESP DRT C/C P/P CONV;0;;
61;1540;105.5509012;1540;105.5509012;CATEGORIA0;;1;1;0;1;;ESPELHO RET.;ESPELHO RET.;0;;
61;1540;105.5509013;1540;105.5509013;CATEGORIA0;;1;1;0;1;;KIA PICANTO 07-*ESP DRT ELECT P/P CONV TERM 5PIN;KIA PICANTO 07-*ESP DRT ELECT P/P CONV TERM 5PIN;0;;
61;1540;105.5509014;1540;105.5509014;CATEGORIA0;;1;1;0;1;;KIA PICANTO 07-*ESP ESQ ELECT P/P CONV TERM 5PIN;KIA PICANTO 07-*ESP ESQ ELECT P/P CONV TERM 5PIN;0;;
61;1540;105.5509015;1540;105.5509015;CATEGORIA0;;1;1;0;1;;KIA PICANTO 07-*V/ESP DRT CONV(VERSÃO OE);KIA PICANTO 07-*V/ESP DRT CONV(VERSÃO OE);0;;
61;1540;105.5509016;1540;105.5509016;CATEGORIA0;;1;1;0;1;;KIA PICANTO 07-*V/ESP ESQ CONV(VERSAO OE);KIA PICANTO 07-*V/ESP ESQ CONV(VERSAO OE);0;;
61;1540;105.5509017;1540;105.5509017;CATEGORIA0;;1;1;0;1;;KIA PICANTO 07-*V/ESP DRT CONV TERM(VERSAO OE);KIA PICANTO 07-*V/ESP DRT CONV TERM(VERSAO OE);0;;
61;1540;105.5509018;1540;105.5509018;CATEGORIA0;;1;1;0;1;;KIA PICANTO 07-*V/ESP ESQ CONV TERM(VERSAO OE);KIA PICANTO 07-*V/ESP ESQ CONV TERM(VERSAO OE);0;;
61;1540;105.5512011;1540;105.5512011;CATEGORIA0;;1;1;0;1;;KIA RIO 05-*ESP DRT C/C CONV;KIA RIO 05-*ESP DRT C/C CONV;0;;
61;1540;105.5512012;1540;105.5512012;CATEGORIA0;;1;1;0;1;;KIA RIO 05-*ESP ESQ  C/C CONV;KIA RIO 05-*ESP ESQ  C/C CONV;0;;
61;1540;105.5512013;1540;105.5512013;CATEGORIA0;;1;1;0;1;;KIA RIO 05-*ESP DRT ELECT CONV 3PIN;KIA RIO 05-*ESP DRT ELECT CONV 3PIN;0;;
61;1540;105.5512014;1540;105.5512014;CATEGORIA0;;1;1;0;1;;KIA RIO 05-*ESP ESQ ELECT CONV 3PIN;KIA RIO 05-*ESP ESQ ELECT CONV 3PIN;0;;
61;1540;105.5512015;1540;105.5512015;CATEGORIA0;;1;1;0;1;;KIA RIO 05-*ESP DRT ELECT CONV TERM 5PIN;KIA RIO 05-*ESP DRT ELECT CONV TERM 5PIN;0;;
61;1540;105.5512016;1540;105.5512016;CATEGORIA0;;1;1;0;1;;KIA RIO 05-*ESP ESQ ELECT CONV TERM 5PIN;KIA RIO 05-*ESP ESQ ELECT CONV TERM 5PIN;0;;
61;1540;105.5515011;1540;105.5515011;CATEGORIA0;;1;1;0;1;;KIA PICANTO 11-*ESP DRT ELECT P/P CONV TERM 5PIN;KIA PICANTO 11-*ESP DRT ELECT P/P CONV TERM 5PIN;0;;
61;1540;105.5515012;1540;105.5515012;CATEGORIA0;;1;1;0;1;;KIA PICANTO 11-*ESP ESQ ELECT P/P CONV TERM 5PIN;KIA PICANTO 11-*ESP ESQ ELECT P/P CONV TERM 5PIN;0;;
61;1540;105.5515013;1540;105.5515013;CATEGORIA0;;1;1;0;1;;KIA PICANTO 11-*ESP DRT ELECT P/P CONV TERM C/PIS 7PIN;KIA PICANTO 11-*ESP DRT ELECT P/P CONV TERM C/PIS 7PIN;0;;
61;1540;105.5515015;1540;105.5515015;CATEGORIA0;;1;1;0;1;;KIA PICANTO 11-*V/ESP DRT CONV;KIA PICANTO 11-*V/ESP DRT CONV;0;;
61;1540;105.5515016;1540;105.5515016;CATEGORIA0;;1;1;0;1;;KIA PICANTO 11-*V/ESP ESQ CONV;KIA PICANTO 11-*V/ESP ESQ CONV;0;;
61;1540;105.5515017;1540;105.5515017;CATEGORIA0;;1;1;0;1;;KIA PICANTO 11-*V/ESP DRT CONV TERM;KIA PICANTO 11-*V/ESP DRT CONV TERM;0;;
61;1540;105.5515018;1540;105.5515018;CATEGORIA0;;1;1;0;1;;KIA PICANTO 11-*V/ESP ESQ CONV TERM;KIA PICANTO 11-*V/ESP ESQ CONV TERM;0;;
61;1540;105.5516011;1540;105.5516011;CATEGORIA0;;1;1;0;1;;KIA SPORTAGE 11-*ESP DRT ELECT CONV TERM C/PIS;KIA SPORTAGE 11-*ESP DRT ELECT CONV TERM C/PIS;0;;
61;1540;105.5516012;1540;105.5516012;CATEGORIA0;;1;1;0;1;;KIA SPORTAGE 11-*ESP ESQ ELECT CONV TERM C/PIS;KIA SPORTAGE 11-*ESP ESQ ELECT CONV TERM C/PIS;0;;
61;1540;105.5516013;1540;105.5516013;CATEGORIA0;;1;1;0;1;;KIA SPORTAGE 11-*ESP DRT ELECT CONV TERM REB C/PIS;KIA SPORTAGE 11-*ESP DRT ELECT CONV TERM REB C/PIS;0;;
61;1540;105.5516014;1540;105.5516014;CATEGORIA0;;1;1;0;1;;KIA SPORTAGE 11-*ESP ESQ ELECT CONV TERM REB C/PIS;KIA SPORTAGE 11-*ESP ESQ ELECT CONV TERM REB C/PIS;0;;
61;1540;105.5522017;1540;105.5522017;CATEGORIA0;;1;1;0;1;;KIA RIO 17-*V/ESP DRT CONV TERM;KIA RIO 17-*V/ESP DRT CONV TERM;0;;
61;1540;105.5522018;1540;105.5522018;CATEGORIA0;;1;1;0;1;;KIA RIO 17-*V/ESP ESQ CONV TERM;KIA RIO 17-*V/ESP ESQ CONV TERM;0;;
61;1540;105.6011013;1540;105.6011013;CATEGORIA0;;1;1;0;1;;MAZDA 323 99-*ESP DRT ELECT P/P TERM 4P;MAZDA 323 99-*ESP DRT ELECT P/P TERM 4P;0;;
61;1540;105.6011014;1540;105.6011014;CATEGORIA0;;1;1;0;1;;MAZDA 323 99-*ESP ESQ ELECT P/P TERM 4P;MAZDA 323 99-*ESP ESQ ELECT P/P TERM 4P;0;;
61;1540;105.6014011;1540;105.6014011;CATEGORIA0;;1;1;0;1;;MAZDA 6 02-*ESP DRT ELECT P/P TERM;MAZDA 6 02-*ESP DRT ELECT P/P TERM;0;;
61;1540;105.6014012;1540;105.6014012;CATEGORIA0;;1;1;0;1;;MAZDA 6 02-*ESP ESQ ELECT P/P TERM;MAZDA 6 02-*ESP ESQ ELECT P/P TERM;0;;
61;1540;105.6015011;1540;105.6015011;CATEGORIA0;;1;1;0;1;;MAZDA MPV 00-*ESP DRT ELECT TERM;MAZDA MPV 00-*ESP DRT ELECT TERM;0;;
61;1540;105.6016011;1540;105.6016011;CATEGORIA0;;1;1;0;1;;MAZDA 3 04-*ESP DRT ELECT P/P TERM (HB/SEDAN);MAZDA 3 04-*ESP DRT ELECT P/P TERM (HB/SEDAN);0;;
61;1540;105.6016012;1540;105.6016012;CATEGORIA0;;1;1;0;1;;MAZDA 3 04-*ESP ESQ ELECT P/P TERM (HB/SEDAN);MAZDA 3 04-*ESP ESQ ELECT P/P TERM (HB/SEDAN);0;;
61;1540;105.6020011;1540;105.6020011;CATEGORIA0;;1;1;0;1;;MAZDA 6 07-*ESP ELECT DRT P/P CONV;MAZDA 6 07-*ESP ELECT DRT P/P CONV;0;;
61;1540;105.6020012;1540;105.6020012;CATEGORIA0;;1;1;0;1;;MAZDA 6 07-*ESP ELECT ESQ P/P ASF;MAZDA 6 07-*ESP ELECT ESQ P/P ASF;0;;
61;1540;105.6020013;1540;105.6020013;CATEGORIA0;;1;1;0;1;;MAZDA 6 07-*ESP ELECT DRT P/P CONV TERM;MAZDA 6 07-*ESP ELECT DRT P/P CONV TERM;0;;
61;1540;105.6020014;1540;105.6020014;CATEGORIA0;;1;1;0;1;;MAZDA 6 07-*ESP ELECT ESQ P/P ASF TERM;MAZDA 6 07-*ESP ELECT ESQ P/P ASF TERM;0;;
61;1540;105.6020015;1540;105.6020015;CATEGORIA0;;1;1;0;1;;MAZDA 6 07-*ESP DRT ELECT P/P CONV TERM REB;MAZDA 6 07-*ESP DRT ELECT P/P CONV TERM REB;0;;
61;1540;105.6020016;1540;105.6020016;CATEGORIA0;;1;1;0;1;;MAZDA 6 07-*ESP ESQ ELECT P/P ASF TERM REB;MAZDA 6 07-*ESP ESQ ELECT P/P ASF TERM REB;0;;
61;1540;105.6021011;1540;105.6021011;CATEGORIA0;;1;1;0;1;;MAZDA 2 03-*ESP DRT C/C CONV;MAZDA 2 03-*ESP DRT C/C CONV;0;;
61;1540;105.6021012;1540;105.6021012;CATEGORIA0;;1;1;0;1;;MAZDA 2 03-*ESP ESQ C/C CONV;MAZDA 2 03-*ESP ESQ C/C CONV;0;;
61;1540;105.6021013;1540;105.6021013;CATEGORIA0;;1;1;0;1;;MAZDA 2 03-*ESP DRT ELECT CONV;MAZDA 2 03-*ESP DRT ELECT CONV;0;;
61;1540;105.6021014;1540;105.6021014;CATEGORIA0;;1;1;0;1;;MAZDA 2 03-*ESP ESQ ELECT CONV;MAZDA 2 03-*ESP ESQ ELECT CONV;0;;
61;1540;105.6022011;1540;105.6022011;CATEGORIA0;;1;1;0;1;;MAZDA 2 07-*ESP DRT ELECT P/P CONV;MAZDA 2 07-*ESP DRT ELECT P/P CONV;0;;
61;1540;105.6022012;1540;105.6022012;CATEGORIA0;;1;1;0;1;;MAZDA 2 07-*ESP ESQ ELECT P/P ASF;MAZDA 2 07-*ESP ESQ ELECT P/P ASF;0;;
61;1540;105.6022013;1540;105.6022013;CATEGORIA0;;1;1;0;1;;MAZDA 2 07-*ESPELHO DRT ELETRICO P/P CONV TERM;MAZDA 2 07-*ESPELHO DRT ELETRICO P/P CONV TERM;0;;
61;1540;105.6022014;1540;105.6022014;CATEGORIA0;;1;1;0;1;;MAZDA 2 07-*ESP ESQ ELECT P/P ASF TERM;MAZDA 2 07-*ESP ESQ ELECT P/P ASF TERM;0;;
61;1540;105.6022015;1540;105.6022015;CATEGORIA0;;1;1;0;1;;MAZDA 2 07-*ESPELHO DRT EL TER P/P REB CONV;MAZDA 2 07-*ESPELHO DRT EL TER P/P REB CONV;0;;
61;1540;105.6022016;1540;105.6022016;CATEGORIA0;;1;1;0;1;;MAZDA 2 07-*ESP ESQ ELECT P/P ASF TERM REB;MAZDA 2 07-*ESP ESQ ELECT P/P ASF TERM REB;0;;
61;1540;105.6022017;1540;105.6022017;CATEGORIA0;;1;1;0;1;;MAZDA 2 07-*V/ESP DRT CONV TERM;MAZDA 2 07-*V/ESP DRT CONV TERM;0;;
61;1540;105.6022018;1540;105.6022018;CATEGORIA0;;1;1;0;1;;MAZDA 2 07-*V/ESP ESQ CONV TERM;MAZDA 2 07-*V/ESP ESQ CONV TERM;0;;
61;1540;105.6022019;1540;105.6022019;CATEGORIA0;;1;1;0;1;;MAZDA 2 07-*ESP DRT ELECT P/P CONV TERM REB C/PIS;MAZDA 2 07-*ESP DRT ELECT P/P CONV TERM REB C/PIS;0;;
61;1540;105.6022020;1540;105.6022020;CATEGORIA0;;1;1;0;1;;MAZDA 2 07-*ESP ESQ ELECT P/P ASF TERM REB C/PIS;MAZDA 2 07-*ESP ESQ ELECT P/P ASF TERM REB C/PIS;0;;
61;1540;105.6025011;1540;105.6025011;CATEGORIA0;;1;1;0;1;;MAZDA BT 50 07-*ESP DRT ELECT CONV PRETO;MAZDA BT 50 07-*ESP DRT ELECT CONV PRETO;0;;
61;1540;105.6025012;1540;105.6025012;CATEGORIA0;;1;1;0;1;;MAZDA BT 50 07-*ESP ESQ ELECT CONV PRETO;MAZDA BT 50 07-*ESP ESQ ELECT CONV PRETO;0;;
61;1540;105.6027011;1540;105.6027011;CATEGORIA0;;1;1;0;1;;MAZDA CX-5 12-*ESP DRT ELECT P/P CONV TERM C/PIS 6PIN;MAZDA CX-5 12-*ESP DRT ELECT P/P CONV TERM C/PIS 6PIN;0;;
61;1540;105.6027012;1540;105.6027012;CATEGORIA0;;1;1;0;1;;MAZDA CX-5 12-*ESP ESQ ELECT P/P ASF TERM C/PIS 6PIN;MAZDA CX-5 12-*ESP ESQ ELECT P/P ASF TERM C/PIS 6PIN;0;;
61;1540;105.6027013;1540;105.6027013;CATEGORIA0;;1;1;0;1;;MAZDA CX-5 12-*ESP DRT ELECT P/P CONV TERM REB C/PIS 8PIN;MAZDA CX-5 12-*ESP DRT ELECT P/P CONV TERM REB C/PIS 8PIN;0;;
61;1540;105.6027014;1540;105.6027014;CATEGORIA0;;1;1;0;1;;MAZDA CX-5 12-*ESP ESQ ELECT P/P ASF TERM REB C/PIS 8PIN;MAZDA CX-5 12-*ESP ESQ ELECT P/P ASF TERM REB C/PIS 8PIN;0;;
61;1540;105.6027015;1540;105.6027015;CATEGORIA0;;1;1;0;1;;MAZDA CX-5 12-*V/ESP DRT CONV TERM;MAZDA CX-5 12-*V/ESP DRT CONV TERM;0;;
61;1540;105.6027016;1540;105.6027016;CATEGORIA0;;1;1;0;1;;MAZDA CX-5 12-*V/ESP ESQ AFS TERM;MAZDA CX-5 12-*V/ESP ESQ AFS TERM;0;;
61;1540;105.6027017;1540;105.6027017;CATEGORIA0;;1;1;0;1;;MAZDA CX-5 12-*CAPA ESP DRT P/P;MAZDA CX-5 12-*CAPA ESP DRT P/P;0;;
61;1540;105.6027018;1540;105.6027018;CATEGORIA0;;1;1;0;1;;MAZDA CX-5 12-*CAPA ESP ESQ P/P;MAZDA CX-5 12-*CAPA ESP ESQ P/P;0;;
61;1540;105.6031011;1540;105.6031011;CATEGORIA0;;1;1;0;1;;MAZDA CX-3 2015.01-*ESP DRT ELECT TERM C/PISCA P/P CONV 5PIN;MAZDA CX-3 2015.01-*ESP DRT ELECT TERM C/PISCA P/P CONV 5PIN;0;;
61;1540;105.6031012;1540;105.6031012;CATEGORIA0;;1;1;0;1;;MAZDA CX-3 2015.01-*ESP ESQ ELECT C/PISCA P/P ASF 5PINS;MAZDA CX-3 2015.01-*ESP ESQ ELECT C/PISCA P/P ASF 5PINS;0;;
61;1540;105.6031013;1540;105.6031013;CATEGORIA0;;1;1;0;1;;MAZDA CX-3 2015.01-*ESP DRT ELECT TERM REB C/PISCA P/P CONV;MAZDA CX-3 2015.01-*ESP DRT ELECT TERM REB C/PISCA P/P CONV;0;;
61;1540;105.6031014;1540;105.6031014;CATEGORIA0;;1;1;0;1;;MAZDA CX-3 2015.01-*ESP ESQ ELECT TERM REB C/PISCA P/P ASF 8;MAZDA CX-3 2015.01-*ESP ESQ ELECT TERM REB C/PISCA P/P ASF 8;0;;
61;1540;105.6031015;1540;105.6031015;CATEGORIA0;;1;1;0;1;;MAZDA CX-3/CX-5 2015.01-*V/ESP DRT TERM CONV;MAZDA CX-3/CX-5 2015.01-*V/ESP DRT TERM CONV;0;;
61;1540;105.6031016;1540;105.6031016;CATEGORIA0;;1;1;0;1;;MAZDA CX-3/CX-5 2015.01-*V/ESP ESQ TERM ASF;MAZDA CX-3/CX-5 2015.01-*V/ESP ESQ TERM ASF;0;;
61;1540;105.6031017;1540;105.6031017;CATEGORIA0;;1;1;0;1;;MAZDA CX-3/CX-5 2015.01-*CAPA ESP DRT P/P;MAZDA CX-3/CX-5 2015.01-*CAPA ESP DRT P/P;0;;
61;1540;105.6031018;1540;105.6031018;CATEGORIA0;;1;1;0;1;;MAZDA CX-3/CX-5 2015.01-*CAPA ESP ESQ P/P;MAZDA CX-3/CX-5 2015.01-*CAPA ESP ESQ P/P;0;;
61;1540;105.6031019;1540;105.6031019;CATEGORIA0;;1;1;0;1;;MAZDA CX-3/CX-5 2015.01-*V/ESP DRT TERM CONV C/ANG MORTO;MAZDA CX-3/CX-5 2015.01-*V/ESP DRT TERM CONV C/ANG MORTO;0;;
61;1540;105.6031020;1540;105.6031020;CATEGORIA0;;1;1;0;1;;MAZDA CX-3/CX-5 2015.01-*V/ESP ESQ TERM ASF C/ANG MORTO;MAZDA CX-3/CX-5 2015.01-*V/ESP ESQ TERM ASF C/ANG MORTO;0;;
61;1540;105.6034011;1540;105.6034011;CATEGORIA0;;1;1;0;1;;MAZDA CX-5 2017.05-*ESP DRT ELECT TERM C/PISCA P/P CONV 6PIN;MAZDA CX-5 2017.05-*ESP DRT ELECT TERM C/PISCA P/P CONV 6PIN;0;;
61;1540;105.6034012;1540;105.6034012;CATEGORIA0;;1;1;0;1;;MAZDA CX-5 2017.05-*ESP ESQ ELECT TERM C/PISCA P/P ASF 6PINS;MAZDA CX-5 2017.05-*ESP ESQ ELECT TERM C/PISCA P/P ASF 6PINS;0;;
61;1540;105.6034013;1540;105.6034013;CATEGORIA0;;1;1;0;1;;MAZDA CX-5 2017.05-*ESP DRT ELECT TERM REB C/PISCA P/P CONV;MAZDA CX-5 2017.05-*ESP DRT ELECT TERM REB C/PISCA P/P CONV;0;;
61;1540;105.6034014;1540;105.6034014;CATEGORIA0;;1;1;0;1;;MAZDA CX-5 2017.05-*ESP ESQ ELECT TERM REB C/PISCA P/P ASF 8;MAZDA CX-5 2017.05-*ESP ESQ ELECT TERM REB C/PISCA P/P ASF 8;0;;
61;1540;105.7001011;1540;105.7001011;CATEGORIA0;;1;1;0;1;;MITSU L200 96-*ESPELHO MANUAL DRT;MITSU L200 96-*ESPELHO MANUAL DRT;0;;
61;1540;105.7001012;1540;105.7001012;CATEGORIA0;;1;1;0;1;;MITSU L200 96-*ESPELHO MANUAL ESQ;MITSU L200 96-*ESPELHO MANUAL ESQ;0;;
61;1540;105.7002011;1540;105.7002011;CATEGORIA0;;1;1;0;1;;MITSU L200 87-*ESPELHO RET DRT PRET;MITSU L200 87-*ESPELHO RET DRT PRET;0;;
61;1540;105.7002012;1540;105.7002012;CATEGORIA0;;1;1;0;1;;MITSU L200 87-*ESPELHO RET ESQ PRET;MITSU L200 87-*ESPELHO RET ESQ PRET;0;;
61;1540;105.7002013;1540;105.7002013;CATEGORIA0;;1;1;0;1;;MITSU L200 87-*ESP DRT CROMADO;MITSU L200 87-*ESP DRT CROMADO;0;;
61;1540;105.7002014;1540;105.7002014;CATEGORIA0;;1;1;0;1;;MITSU L200 87-*ESP ESQ CROMADO;MITSU L200 87-*ESP ESQ CROMADO;0;;
61;1540;105.7003011;1540;105.7003011;CATEGORIA0;;1;1;0;1;;MITSUBISHI COLT 92-*ESP DRT C/C;MITSUBISHI COLT 92-*ESP DRT C/C;0;;
61;1540;105.7003012;1540;105.7003012;CATEGORIA0;;1;1;0;1;;MITSUBISHI COLT 92-*ESP ESQ C/C;MITSUBISHI COLT 92-*ESP ESQ C/C;0;;
61;1540;105.7003013;1540;105.7003013;CATEGORIA0;;1;1;0;1;;MITSUBISHI COLT/LANCER 92-*ESP DRT ELECT;MITSUBISHI COLT/LANCER 92-*ESP DRT ELECT;0;;
61;1540;105.7003014;1540;105.7003014;CATEGORIA0;;1;1;0;1;;MITSUBISHI COLT/LANCER 92-*ESP ESQ ELECT;MITSUBISHI COLT/LANCER 92-*ESP ESQ ELECT;0;;
61;1540;105.7005011;1540;105.7005011;CATEGORIA0;;1;1;0;1;;MIT. PAGERO 92-*ESP. DRT. MAN. PRETO;MIT. PAGERO 92-*ESP. DRT. MAN. PRETO;0;;
61;1540;105.7005012;1540;105.7005012;CATEGORIA0;;1;1;0;1;;MIT. PAGERO 92-*ESP. ESQ. MAN. PRETO;MIT. PAGERO 92-*ESP. ESQ. MAN. PRETO;0;;
61;1540;105.7005013;1540;105.7005013;CATEGORIA0;;1;1;0;1;;MITSUBISHI PAJERO 92-*ESP DRT ELECT PRETO;MITSUBISHI PAJERO 92-*ESP DRT ELECT PRETO;0;;
61;1540;105.7005014;1540;105.7005014;CATEGORIA0;;1;1;0;1;;MIT. PAGERO 92-*ESP. ESQ. PRETO;MIT. PAGERO 92-*ESP. ESQ. PRETO;0;;
61;1540;105.7005015;1540;105.7005015;CATEGORIA0;;1;1;0;1;;MITSUBISHI PAJERO 92-*ESP DRT MAN CROMADO;MITSUBISHI PAJERO 92-*ESP DRT MAN CROMADO;0;;
61;1540;105.7005016;1540;105.7005016;CATEGORIA0;;1;1;0;1;;MITSUBISHI PAJERO 92-*ESP ESQ MAN CROMADO;MITSUBISHI PAJERO 92-*ESP ESQ MAN CROMADO;0;;
61;1540;105.7009013;1540;105.7009013;CATEGORIA0;;1;1;0;1;;MITSUBISHI LANCER 92-*ESP DRT ELECT 3PINS=7003013;MITSUBISHI LANCER 92-*ESP DRT ELECT 3PINS=7003013;0;;
61;1540;105.7009014;1540;105.7009014;CATEGORIA0;;1;1;0;1;;MITSUBISHI LANCER 92-*ESP ESQ ELECT 3PINS=7003014;MITSUBISHI LANCER 92-*ESP ESQ ELECT 3PINS=7003014;0;;
61;1540;105.7011013;1540;105.7011013;CATEGORIA0;;1;1;0;1;;MITSU L400 95-*ESP DRT ELECT TERM;MITSU L400 95-*ESP DRT ELECT TERM;0;;
61;1540;105.7011014;1540;105.7011014;CATEGORIA0;;1;1;0;1;;MITSU L400 95-*ESP ESQ ELEC TERM;MITSU L400 95-*ESP ESQ ELEC TERM;0;;
61;1540;105.7012013;1540;105.7012013;CATEGORIA0;;1;1;0;1;;MITSU LANCER 97-/COLT 96-*ESP DRT ELECT 3PINS;MITSU LANCER 97-/COLT 96-*ESP DRT ELECT 3PINS;0;;
61;1540;105.7012014;1540;105.7012014;CATEGORIA0;;1;1;0;1;;MITSU LANCER 97-/COLT 96-*ESP ESQ ELECT 3PINS;MITSU LANCER 97-/COLT 96-*ESP ESQ ELECT 3PINS;0;;
61;1540;105.7016011;1540;105.7016011;CATEGORIA0;;1;1;0;1;;MITSUBISHI GALANT 97-*ESP DRT C/C;MITSUBISHI GALANT 97-*ESP DRT C/C;0;;
61;1540;105.7016012;1540;105.7016012;CATEGORIA0;;1;1;0;1;;MITSUBISHI GALANT 97-*ESP ESQ C/C;MITSUBISHI GALANT 97-*ESP ESQ C/C;0;;
61;1540;105.7016013;1540;105.7016013;CATEGORIA0;;1;1;0;1;;MITSUBISHI GALANT 97-*ESP DRT ELECT TERM 5PINS;MITSUBISHI GALANT 97-*ESP DRT ELECT TERM 5PINS;0;;
61;1540;105.7028011;1540;105.7028011;CATEGORIA0;;1;1;0;1;;MITSUBISHI COLT 04-*ESP DRT ELECT P/P CONV TERM 5PIN;MITSUBISHI COLT 04-*ESP DRT ELECT P/P CONV TERM 5PIN;0;;
61;1540;105.7028012;1540;105.7028012;CATEGORIA0;;1;1;0;1;;COLT 04- ESPELHO ESQ. EL. P/P ASF. TERM. 5PIN;COLT 04- ESPELHO ESQ. EL. P/P ASF. TERM. 5PIN;0;;
61;1540;105.7028013;1540;105.7028013;CATEGORIA0;;1;1;0;1;;ESPELHO DRT;ESPELHO DRT;0;;
61;1540;105.7028014;1540;105.7028014;CATEGORIA0;;1;1;0;1;;MITSUBISHI COLT 04-*ESP ESQ C/C P/P ASFERICO;MITSUBISHI COLT 04-*ESP ESQ C/C P/P ASFERICO;0;;
61;1540;105.7028015;1540;105.7028015;CATEGORIA0;;1;1;0;1;;MITSUBISHI COLT 04-*CARCASSA ESP DRT P/P;MITSUBISHI COLT 04-*CARCASSA ESP DRT P/P;0;;
61;1540;105.7028016;1540;105.7028016;CATEGORIA0;;1;1;0;1;;MITSUBISHI COLT 04-*CARCASSA ESP ESQ P/P;MITSUBISHI COLT 04-*CARCASSA ESP ESQ P/P;0;;
61;1540;105.7028017;1540;105.7028017;CATEGORIA0;;1;1;0;1;;MITSUBISHI COLT 04-*V/ESP DRT CONV TERM;MITSUBISHI COLT 04-*V/ESP DRT CONV TERM;0;;
61;1540;105.7028018;1540;105.7028018;CATEGORIA0;;1;1;0;1;;MITSUBISHI COLT 04-*V/ESP ESQ ASF TERM;MITSUBISHI COLT 04-*V/ESP ESQ ASF TERM;0;;
61;1540;105.7029011;1540;105.7029011;CATEGORIA0;;1;1;0;1;;ESPELHO DRT;ESPELHO DRT;0;;
61;1540;105.7029022;1540;105.7029022;CATEGORIA0;;1;1;0;1;;ESPELHO ESQ. ELE. TER. L200 2006.03-;ESPELHO ESQ. ELE. TER. L200 2006.03-;0;;
61;1540;105.7033016;1540;105.7033016;CATEGORIA0;;1;1;0;1;;MITSUBISHI CANTER 05-*ESPELHO DRT/ESQ;MITSUBISHI CANTER 05-*ESPELHO DRT/ESQ;0;;
61;1540;105.7035011;1540;105.7035011;CATEGORIA0;;1;1;0;1;;MITSUBISHI LANCER 08-*ESP DRT ELECT CONV TERM;MITSUBISHI LANCER 08-*ESP DRT ELECT CONV TERM;0;;
61;1540;105.7035012;1540;105.7035012;CATEGORIA0;;1;1;0;1;;MITSUBISHI LANCER 08-*ESP ESQ ELECT CONV TERM;MITSUBISHI LANCER 08-*ESP ESQ ELECT CONV TERM;0;;
61;1540;105.7036011;1540;105.7036011;CATEGORIA0;;1;1;0;1;;MITSUBISHI COLT 09-*ESP DRT ELECT CONV TERM 3P;MITSUBISHI COLT 09-*ESP DRT ELECT CONV TERM 3P;0;;
61;1540;105.7036012;1540;105.7036012;CATEGORIA0;;1;1;0;1;;MITSUBISHI COLT 09-*ESP ESQ ELECT AFS TERM 3P;MITSUBISHI COLT 09-*ESP ESQ ELECT AFS TERM 3P;0;;
61;1540;105.7036013;1540;105.7036013;CATEGORIA0;;1;1;0;1;;MITSUBISHI COLT 09-*ESP DRT ELECT CONV TERM 5P;MITSUBISHI COLT 09-*ESP DRT ELECT CONV TERM 5P;0;;
61;1540;105.7036014;1540;105.7036014;CATEGORIA0;;1;1;0;1;;MITSUBISHI COLT 09-*ESP ESQ ELECT ASF TERM 5P;MITSUBISHI COLT 09-*ESP ESQ ELECT ASF TERM 5P;0;;
61;1540;105.7036015;1540;105.7036015;CATEGORIA0;;1;1;0;1;;MITSUBISHI COLT 09-*V/ESP DRT CONV TERM 3/5P;MITSUBISHI COLT 09-*V/ESP DRT CONV TERM 3/5P;0;;
61;1540;105.7036016;1540;105.7036016;CATEGORIA0;;1;1;0;1;;MITSUBISHI COLT 09-*V/ESP ESQ ASF TERM 3/5P;MITSUBISHI COLT 09-*V/ESP ESQ ASF TERM 3/5P;0;;
61;1540;105.7036017;1540;105.7036017;CATEGORIA0;;1;1;0;1;;MITSUBISHI COLT 09-*CAPA ESP DRT 3/5P;MITSUBISHI COLT 09-*CAPA ESP DRT 3/5P;0;;
61;1540;105.7036018;1540;105.7036018;CATEGORIA0;;1;1;0;1;;MITSUBISHI COLT 09-*CAPA ESP ESQ 3/5P;MITSUBISHI COLT 09-*CAPA ESP ESQ 3/5P;0;;
61;1540;105.7037011;1540;105.7037011;CATEGORIA0;;1;1;0;1;;MITSUBISHI ASX 10-*ESP DRT ELECT P/P CONV TERM REB C/PIS 9PI;MITSUBISHI ASX 10-*ESP DRT ELECT P/P CONV TERM REB C/PIS 9PI;0;;
61;1540;105.7037012;1540;105.7037012;CATEGORIA0;;1;1;0;1;;MITSUBISHI ASX 10-*ESP ESQ ELECT P/P CONV TERM REB C/PIS  9P;MITSUBISHI ASX 10-*ESP ESQ ELECT P/P CONV TERM REB C/PIS  9P;0;;
61;1540;105.7037015;1540;105.7037015;CATEGORIA0;;1;1;0;1;;MITSUBISHI ASX 10-*VIDRO ESP DRT TERMICO CONVEXO;MITSUBISHI ASX 10-*VIDRO ESP DRT TERMICO CONVEXO;0;;
61;1540;105.7037016;1540;105.7037016;CATEGORIA0;;1;1;0;1;;MITSUBISHI ASX 10-*VIDRO ESP ESQ TERM. CONVEXO;MITSUBISHI ASX 10-*VIDRO ESP ESQ TERM. CONVEXO;0;;
61;1540;105.7037017;1540;105.7037017;CATEGORIA0;;1;1;0;1;;MITSUBISHI ASX 10-*CAPA ESP DRT P/P;MITSUBISHI ASX 10-*CAPA ESP DRT P/P;0;;
61;1540;105.7037018;1540;105.7037018;CATEGORIA0;;1;1;0;1;;MITSUBISHI ASX 10-*CAPA ESP ESQ P/P;MITSUBISHI ASX 10-*CAPA ESP ESQ P/P;0;;
61;1540;105.7041011;1540;105.7041011;CATEGORIA0;;1;1;0;1;;MITSUBISHI SPACE STAR 2013.01-*ESP DRT ELECT TERM P/P CONV 5;MITSUBISHI SPACE STAR 2013.01-*ESP DRT ELECT TERM P/P CONV 5;0;;
61;1540;105.7041012;1540;105.7041012;CATEGORIA0;;1;1;0;1;;MITSUBISHI SPACE STAR 2013.01-*ESP ESQ ELECT TERM P/P CONV 5;MITSUBISHI SPACE STAR 2013.01-*ESP ESQ ELECT TERM P/P CONV 5;0;;
61;1540;105.7041013;1540;105.7041013;CATEGORIA0;;1;1;0;1;;MITSUBISHI SPACE STAR 2013.01-*ESP DRT ELECT TERM C/PIS P/P;MITSUBISHI SPACE STAR 2013.01-*ESP DRT ELECT TERM C/PIS P/P;0;;
61;1540;105.7041014;1540;105.7041014;CATEGORIA0;;1;1;0;1;;MITSUBISHI SPACE STAR 2013.01-*ESP ESQ ELECT TERM C/PIS P/P;MITSUBISHI SPACE STAR 2013.01-*ESP ESQ ELECT TERM C/PIS P/P;0;;
61;1540;105.7041015;1540;105.7041015;CATEGORIA0;;1;1;0;1;;MITSUBISHI SPACE STAR 2013.01-*V/ESP DRT TERM CONV;MITSUBISHI SPACE STAR 2013.01-*V/ESP DRT TERM CONV;0;;
61;1540;105.7041016;1540;105.7041016;CATEGORIA0;;1;1;0;1;;MITSUBISHI SPACE STAR 2013.01-*V/ESP ESQ TERM CONV;MITSUBISHI SPACE STAR 2013.01-*V/ESP ESQ TERM CONV;0;;
61;1540;105.7041017;1540;105.7041017;CATEGORIA0;;1;1;0;1;;CAPA ESPELHO DTO. SPACE STAR 2013/01;CAPA ESPELHO DTO. SPACE STAR 2013/01;0;;
61;1540;105.7041018;1540;105.7041018;CATEGORIA0;;1;1;0;1;;MITSUBISHI SPACE STAR 2013.01-*CAPA ESP ESQ P/P;MITSUBISHI SPACE STAR 2013.01-*CAPA ESP ESQ P/P;0;;
61;1540;105.7041019;1540;105.7041019;CATEGORIA0;;1;1;0;1;;MITSUBISHI SPACE STAR 2013.01-*CAPA ESP DRT P/P(VERSAO C/PIS;MITSUBISHI SPACE STAR 2013.01-*CAPA ESP DRT P/P(VERSAO C/PIS;0;;
61;1540;105.7041020;1540;105.7041020;CATEGORIA0;;1;1;0;1;;MITSUBISHI SPACE STAR 2013.01-*CAPA ESP ESQ P/P(VERSAO C/PIS;MITSUBISHI SPACE STAR 2013.01-*CAPA ESP ESQ P/P(VERSAO C/PIS;0;;
61;1540;105.7042011;1540;105.7042011;CATEGORIA0;;1;1;0;1;;ESPELHO DRT. MAN. L200 2015.01-;ESPELHO DRT. MAN. L200 2015.01-;0;;
61;1540;105.7043011;1540;105.7043011;CATEGORIA0;;1;1;0;1;;ESPELHO MANUAL DTO. 2 VIDROS;ESPELHO MANUAL DTO. 2 VIDROS;0;;
61;1540;105.7043013;1540;105.7043013;CATEGORIA0;;1;1;0;1;;ESPELHO DTO./ESQ. (1 VIDRO) 380MMX180MM;ESPELHO DTO./ESQ. (1 VIDRO) 380MMX180MM;0;;
61;1540;105.7044011;1540;105.7044011;CATEGORIA0;;1;1;0;1;;MITSUBISHI ASX 17-*ESP DRT ELECT P/P CONV TERM REB C/PIS 9PI;MITSUBISHI ASX 17-*ESP DRT ELECT P/P CONV TERM REB C/PIS 9PI;0;;
61;1540;105.7044012;1540;105.7044012;CATEGORIA0;;1;1;0;1;;MITSUBISHI ASX 17-*ESP ESQ ELECT P/P CONV TERM REB C/PIS 9PI;MITSUBISHI ASX 17-*ESP ESQ ELECT P/P CONV TERM REB C/PIS 9PI;0;;
61;1540;105.7044013;1540;105.7044013;CATEGORIA0;;1;1;0;1;;MITSUBISHI ASX 17-*ESP DRT ELECT P/P CONV TERM REB C/PIS A/M;MITSUBISHI ASX 17-*ESP DRT ELECT P/P CONV TERM REB C/PIS A/M;0;;
61;1540;105.7044014;1540;105.7044014;CATEGORIA0;;1;1;0;1;;MITSUBISHI ASX 17-*ESP ESQ ELECT P/P CONV TERM REB C/PIS A/M;MITSUBISHI ASX 17-*ESP ESQ ELECT P/P CONV TERM REB C/PIS A/M;0;;
61;1540;105.7044015;1540;105.7044015;CATEGORIA0;;1;1;0;1;;MITSUBISHI ASX 2016.12-*V/ESP DRT CONV TERM C/ANG/MORTO;MITSUBISHI ASX 2016.12-*V/ESP DRT CONV TERM C/ANG/MORTO;0;;
61;1540;105.7044016;1540;105.7044016;CATEGORIA0;;1;1;0;1;;MITSUBISHI ASX 2016.12-*V/ESP ESQ CONV TERM C/ANG/MORTO;MITSUBISHI ASX 2016.12-*V/ESP ESQ CONV TERM C/ANG/MORTO;0;;
61;1540;105.7045011;1540;105.7045011;CATEGORIA0;;1;1;0;1;;MITSUBISHI OUTLANDER 2018.01-*ESP DRT ELECT TER P/P REB CONV;MITSUBISHI OUTLANDER 2018.01-*ESP DRT ELECT TER P/P REB CONV;0;;
61;1540;105.7045012;1540;105.7045012;CATEGORIA0;;1;1;0;1;;MITSUBISHI OUTLANDER 2018.01-*ESP ESQ ELECT TER P/P REB CONV;MITSUBISHI OUTLANDER 2018.01-*ESP ESQ ELECT TER P/P REB CONV;0;;
61;1540;105.7045013;1540;105.7045013;CATEGORIA0;;1;1;0;1;;MITSUBISHI OUTLANDER 2018.01-*ESP DRT ELECT TER P/P REB CONV;MITSUBISHI OUTLANDER 2018.01-*ESP DRT ELECT TER P/P REB CONV;0;;
61;1540;105.7045014;1540;105.7045014;CATEGORIA0;;1;1;0;1;;MITSUBISHI OUTLANDER 2018.01-*ESP ESQ ELECT TER P/P REB CONV;MITSUBISHI OUTLANDER 2018.01-*ESP ESQ ELECT TER P/P REB CONV;0;;
61;1540;105.8004013;1540;105.8004013;CATEGORIA0;;1;1;0;1;;NISSAN N14 91-*ESP DRT ELECT;NISSAN N14 91-*ESP DRT ELECT;0;;
61;1540;105.8005013;1540;105.8005013;CATEGORIA0;;1;1;0;1;;NISSAN PRIMERA 90-*ESP DRT ELECT;NISSAN PRIMERA 90-*ESP DRT ELECT;0;;
61;1540;105.8005014;1540;105.8005014;CATEGORIA0;;1;1;0;1;;NISSAN PRIMERA 90-*ESP ESQ ELECT;NISSAN PRIMERA 90-*ESP ESQ ELECT;0;;
61;1540;105.8006011;1540;105.8006011;CATEGORIA0;;1;1;0;1;;NISSAN D21 86-*ESPELHO RECT. DRT PRETO;NISSAN D21 86-*ESPELHO RECT. DRT PRETO;0;;
61;1540;105.8006012;1540;105.8006012;CATEGORIA0;;1;1;0;1;;NISSAN D21 86-*ESPELHO RECT.ESQ PRETO;NISSAN D21 86-*ESPELHO RECT.ESQ PRETO;0;;
61;1540;105.8006013;1540;105.8006013;CATEGORIA0;;1;1;0;1;;NISSAN D21 86-*ESP DRT RECT CROMADO;NISSAN D21 86-*ESP DRT RECT CROMADO;0;;
61;1540;105.8006014;1540;105.8006014;CATEGORIA0;;1;1;0;1;;NISSAN D21 86-*ESP ESQ RECT CROMADO;NISSAN D21 86-*ESP ESQ RECT CROMADO;0;;
61;1540;105.8007011;1540;105.8007011;CATEGORIA0;;1;1;0;1;;NISSAN PICKUP 720*ESP DRT;NISSAN PICKUP 720*ESP DRT;0;;
61;1540;105.8007012;1540;105.8007012;CATEGORIA0;;1;1;0;1;;NISSAN PICKUP 720*ESP ESQ;NISSAN PICKUP 720*ESP ESQ;0;;
61;1540;105.8012011;1540;105.8012011;CATEGORIA0;;1;1;0;1;;NISSAN MICRA 93-*ESP DRT C/C;NISSAN MICRA 93-*ESP DRT C/C;0;;
61;1540;105.8012012;1540;105.8012012;CATEGORIA0;;1;1;0;1;;NISSAN MICRA 93-*ESPELHO ESQ C/C MECANIC;NISSAN MICRA 93-*ESPELHO ESQ C/C MECANIC;0;;
61;1540;105.8012013;1540;105.8012013;CATEGORIA0;;1;1;0;1;;NISSAN MICRA 93-*ESP DRT ELECT AZUL;NISSAN MICRA 93-*ESP DRT ELECT AZUL;0;;
61;1540;105.8012014;1540;105.8012014;CATEGORIA0;;1;1;0;1;;NISSAN MICRA 93-*ESP ESQ ELECT AZUL;NISSAN MICRA 93-*ESP ESQ ELECT AZUL;0;;
61;1540;105.8017011;1540;105.8017011;CATEGORIA0;;1;1;0;1;;NISSAN VANETE*ESPELHO DRT;NISSAN VANETE*ESPELHO DRT;0;;
61;1540;105.8017012;1540;105.8017012;CATEGORIA0;;1;1;0;1;;NISSAN VANETE*ESPELHO ESQ;NISSAN VANETE*ESPELHO ESQ;0;;
61;1540;105.8018011;1540;105.8018011;CATEGORIA0;;1;1;0;1;;NISSAN PATROL 86-89*ESP DRT MAN PRETO;NISSAN PATROL 86-89*ESP DRT MAN PRETO;0;;
61;1540;105.8018012;1540;105.8018012;CATEGORIA0;;1;1;0;1;;NISSAN PATROL 86-89*ESPELHO ESQ MAN PRETO;NISSAN PATROL 86-89*ESPELHO ESQ MAN PRETO;0;;
61;1540;105.8019011;1540;105.8019011;CATEGORIA0;;1;1;0;1;;NISSAN VANETE CARGO 94-*ESP DRT;NISSAN VANETE CARGO 94-*ESP DRT;0;;
61;1540;105.8019012;1540;105.8019012;CATEGORIA0;;1;1;0;1;;NISSAN VANETE CARGO 94-*ESP ESQ;NISSAN VANETE CARGO 94-*ESP ESQ;0;;
61;1540;105.8019013;1540;105.8019013;CATEGORIA0;;1;1;0;1;;NISSAN VANETE CARGO 94-*ESP DRT ELECT;NISSAN VANETE CARGO 94-*ESP DRT ELECT;0;;
61;1540;105.8019015;1540;105.8019015;CATEGORIA0;;1;1;0;1;;NISSAN VANETE CARGO 94-*V/ESP DRT;NISSAN VANETE CARGO 94-*V/ESP DRT;0;;
61;1540;105.8019016;1540;105.8019016;CATEGORIA0;;1;1;0;1;;NISSAN VANETE CARGO 94-*V/ESP ESQ;NISSAN VANETE CARGO 94-*V/ESP ESQ;0;;
61;1540;105.8019018;1540;105.8019018;CATEGORIA0;;1;1;0;1;;NISSAN VANETE CARGO 94-*V/ESP ESQ ELECT;NISSAN VANETE CARGO 94-*V/ESP ESQ ELECT;0;;
61;1540;105.8020011;1540;105.8020011;CATEGORIA0;;1;1;0;1;;NISSAN JUKE 10-*ESP DRT ELECT P/P CONV 3PINS;NISSAN JUKE 10-*ESP DRT ELECT P/P CONV 3PINS;0;;
61;1540;105.8020012;1540;105.8020012;CATEGORIA0;;1;1;0;1;;NISSAN JUKE 10-*ESP ESQ EL P/P CONV 3PINS;NISSAN JUKE 10-*ESP ESQ EL P/P CONV 3PINS;0;;
61;1540;105.8020013;1540;105.8020013;CATEGORIA0;;1;1;0;1;;NISSAN JUKE 10-*ESP DRT ELECT P/P CONV TERM REB 7PIN;NISSAN JUKE 10-*ESP DRT ELECT P/P CONV TERM REB 7PIN;0;;
61;1540;105.8020014;1540;105.8020014;CATEGORIA0;;1;1;0;1;;NISSAN JUKE 10-*ESP ESQ ELECT P/P CONV TERM REB 7PIN;NISSAN JUKE 10-*ESP ESQ ELECT P/P CONV TERM REB 7PIN;0;;
61;1540;105.8020015;1540;105.8020015;CATEGORIA0;;1;1;0;1;;NISSAN JUKE 10-*V/ESP DRT CONV TERM;NISSAN JUKE 10-*V/ESP DRT CONV TERM;0;;
61;1540;105.8020016;1540;105.8020016;CATEGORIA0;;1;1;0;1;;NISSAN JUKE 10-*V/ESP ESQ CONV TERM;NISSAN JUKE 10-*V/ESP ESQ CONV TERM;0;;
61;1540;105.8020017;1540;105.8020017;CATEGORIA0;;1;1;0;1;;NISSAN JUKE 10-*CAPA ESP DRT P/P;NISSAN JUKE 10-*CAPA ESP DRT P/P;0;;
61;1540;105.8020018;1540;105.8020018;CATEGORIA0;;1;1;0;1;;NISSAN JUKE 10-*CAPA ESP ESQ P/P;NISSAN JUKE 10-*CAPA ESP ESQ P/P;0;;
61;1540;105.8021013;1540;105.8021013;CATEGORIA0;;1;1;0;1;;NISSAN ALMERA 96-*ESP DRT ELECT 4P;NISSAN ALMERA 96-*ESP DRT ELECT 4P;0;;
61;1540;105.8021014;1540;105.8021014;CATEGORIA0;;1;1;0;1;;NISSAN ALMERA 96-*ESP ESQ ELECT 4P;NISSAN ALMERA 96-*ESP ESQ ELECT 4P;0;;
61;1540;105.8021015;1540;105.8021015;CATEGORIA0;;1;1;0;1;;NISSAN ALMERA 96-*ESP DRT ELECT H/B 3/5P;NISSAN ALMERA 96-*ESP DRT ELECT H/B 3/5P;0;;
61;1540;105.8021016;1540;105.8021016;CATEGORIA0;;1;1;0;1;;NISSAN ALMERA 96-*ESP ESQ ELECT H/B 3/5P;NISSAN ALMERA 96-*ESP ESQ ELECT H/B 3/5P;0;;
61;1540;105.8026011;1540;105.8026011;CATEGORIA0;;1;1;0;1;;NISSAN D22 98-*ESPELHO MAN DRT CROMADO;NISSAN D22 98-*ESPELHO MAN DRT CROMADO;0;;
61;1540;105.8026012;1540;105.8026012;CATEGORIA0;;1;1;0;1;;NISSAN D22 98-*ESPELHO MAN ESQ CROMADO;NISSAN D22 98-*ESPELHO MAN ESQ CROMADO;0;;
61;1540;105.8026013;1540;105.8026013;CATEGORIA0;;1;1;0;1;;NISSAN D22 98-*ESPELHO MAN DRT PRETO;NISSAN D22 98-*ESPELHO MAN DRT PRETO;0;;
61;1540;105.8026014;1540;105.8026014;CATEGORIA0;;1;1;0;1;;NISSAN D22 98-*ESPELHO MAN ESQ PRETO;NISSAN D22 98-*ESPELHO MAN ESQ PRETO;0;;
61;1100;105.8026014;1100;8026014;CATEGORIA0;;1;1;0;1;;ESPELHO ESQ.;ESPELHO ESQ.;0;;
61;1540;105.8028011;1540;105.8028011;CATEGORIA0;;1;1;0;1;;NISSAN TERRANO II/MAVERICK 93-*ESP DRT MAN CONV;NISSAN TERRANO II/MAVERICK 93-*ESP DRT MAN CONV;0;;
61;1540;105.8028012;1540;105.8028012;CATEGORIA0;;1;1;0;1;;NISSAN TERRANO II/MAVERICK 93-*ESP ESQ MAN CONV;NISSAN TERRANO II/MAVERICK 93-*ESP ESQ MAN CONV;0;;
61;1540;105.8028015;1540;105.8028015;CATEGORIA0;;1;1;0;1;;NISSAN TERRANO II/MAVERICK 93-*V/ESP DRT CONV;NISSAN TERRANO II/MAVERICK 93-*V/ESP DRT CONV;0;;
61;1540;105.8028016;1540;105.8028016;CATEGORIA0;;1;1;0;1;;NISSAN TERRANO II/MAVERICK 93-*V/ESP ESQ CONV;NISSAN TERRANO II/MAVERICK 93-*V/ESP ESQ CONV;0;;
61;1540;105.8028017;1540;105.8028017;CATEGORIA0;;1;1;0;1;;NISSAN TERRANO II/MAVERICK 93-*V/ESP DRT ELECT CONV;NISSAN TERRANO II/MAVERICK 93-*V/ESP DRT ELECT CONV;0;;
61;1540;105.8028018;1540;105.8028018;CATEGORIA0;;1;1;0;1;;NISSAN TERRANO II/MAVERICK 93-*V/ESP ESQ ELECT CONV;NISSAN TERRANO II/MAVERICK 93-*V/ESP ESQ ELECT CONV;0;;
61;1540;105.8028019;1540;105.8028019;CATEGORIA0;;1;1;0;1;;NISSAN TERRANO II 99-*ESP DRT ELECT CONV TERM;NISSAN TERRANO II 99-*ESP DRT ELECT CONV TERM;0;;
61;1540;105.8028020;1540;105.8028020;CATEGORIA0;;1;1;0;1;;NISSAN TERRANO II 99-*ESP ESQ ELECT CONV TERM;NISSAN TERRANO II 99-*ESP ESQ ELECT CONV TERM;0;;
61;1540;105.8028021;1540;105.8028021;CATEGORIA0;;1;1;0;1;;NISSAN TERRANO II 99-*ESP DRT ELECT P/P CONV TERM;NISSAN TERRANO II 99-*ESP DRT ELECT P/P CONV TERM;0;;
61;1540;105.8028022;1540;105.8028022;CATEGORIA0;;1;1;0;1;;NISSAN TERRANO II 99-*ESP ESQ ELECT P/P CONV TERM;NISSAN TERRANO II 99-*ESP ESQ ELECT P/P CONV TERM;0;;
61;1540;105.8028023;1540;105.8028023;CATEGORIA0;;1;1;0;1;;NISSAN TERRANO II 93-*V/ESP DRT CONV TERM;NISSAN TERRANO II 93-*V/ESP DRT CONV TERM;0;;
61;1540;105.8028024;1540;105.8028024;CATEGORIA0;;1;1;0;1;;NISSAN TERRANO II 93-*V/ESP ESQ CONV TERM;NISSAN TERRANO II 93-*V/ESP ESQ CONV TERM;0;;
61;1540;105.8031011;1540;105.8031011;CATEGORIA0;;1;1;0;1;;NISSAN ALMERA 00-*ESP DRT C/C;NISSAN ALMERA 00-*ESP DRT C/C;0;;
61;1540;105.8031012;1540;105.8031012;CATEGORIA0;;1;1;0;1;;NISSAN ALMERA 00-*ESP ESQ C/C ASF;NISSAN ALMERA 00-*ESP ESQ C/C ASF;0;;
61;1540;105.8031013;1540;105.8031013;CATEGORIA0;;1;1;0;1;;NISSAN ALMERA 00-*ESP DRT ELECT P/P;NISSAN ALMERA 00-*ESP DRT ELECT P/P;0;;
61;1540;105.8031014;1540;105.8031014;CATEGORIA0;;1;1;0;1;;ALMERA 00- ESPELHO ESQ. EL P/P;ALMERA 00- ESPELHO ESQ. EL P/P;0;;
61;1540;105.8035013;1540;105.8035013;CATEGORIA0;;1;1;0;1;;NISSAN PRIMERA 02-*ESP DRT ELECT P/P TERM;NISSAN PRIMERA 02-*ESP DRT ELECT P/P TERM;0;;
61;1540;105.8035014;1540;105.8035014;CATEGORIA0;;1;1;0;1;;NISSAN PRIMERA 02-*ESP ESQ ELECT P/P ASF TERM;NISSAN PRIMERA 02-*ESP ESQ ELECT P/P ASF TERM;0;;
61;1540;105.8037011;1540;105.8037011;CATEGORIA0;;1;1;0;1;;NISSAN MICRA K12 02-09*ESP DRT C/C;NISSAN MICRA K12 02-09*ESP DRT C/C;0;;
61;1540;105.8037012;1540;105.8037012;CATEGORIA0;;1;1;0;1;;NISSAN MICRA 02-*ESPELHO C/C ESQ ASF;NISSAN MICRA 02-*ESPELHO C/C ESQ ASF;0;;
61;1540;105.8037013;1540;105.8037013;CATEGORIA0;;1;1;0;1;;NISSAN MICRA K12 02-09*ESP DRT ELECT P/P TERM;NISSAN MICRA K12 02-09*ESP DRT ELECT P/P TERM;0;;
61;1540;105.8037014;1540;105.8037014;CATEGORIA0;;1;1;0;1;;NISSAN MICRA K12 02-09*ESP ESQ ELECT P/P ASF TERM;NISSAN MICRA K12 02-09*ESP ESQ ELECT P/P ASF TERM;0;;
61;1540;105.8037017;1540;105.8037017;CATEGORIA0;;1;1;0;1;;NISSAN MICRA K12 02-09*V/ESP DRT CONV TERM;NISSAN MICRA K12 02-09*V/ESP DRT CONV TERM;0;;
61;1540;105.8037018;1540;105.8037018;CATEGORIA0;;1;1;0;1;;VIDRO ESPELHO ESQ ASF TERM. MICRA 02-;VIDRO ESPELHO ESQ ASF TERM. MICRA 02-;0;;
61;1540;105.8040011;1540;105.8040011;CATEGORIA0;;1;1;0;1;;ESPELHO RET. DTO.;ESPELHO RET. DTO.;0;;
61;1540;105.8040012;1540;105.8040012;CATEGORIA0;;1;1;0;1;;NISSAN D22 2002.01-*ESP ESQ MANUAL PRETO;NISSAN D22 2002.01-*ESP ESQ MANUAL PRETO;0;;
61;1540;105.8040013;1540;105.8040013;CATEGORIA0;;1;1;0;1;;NISSAN D22 2002.01-*ESP DRT ELECT PRETO;NISSAN D22 2002.01-*ESP DRT ELECT PRETO;0;;
61;1540;105.8040014;1540;105.8040014;CATEGORIA0;;1;1;0;1;;NISSAN D22 01- ESPELHO ESQ. ELECT. PRETO;NISSAN D22 01- ESPELHO ESQ. ELECT. PRETO;0;;
61;1540;105.8044011;1540;105.8044011;CATEGORIA0;;1;1;0;1;;NISSAN NOTE 06-*ESP DRT ELECT P/P CONV TERM 5PIN;NISSAN NOTE 06-*ESP DRT ELECT P/P CONV TERM 5PIN;0;;
61;1540;105.8044012;1540;105.8044012;CATEGORIA0;;1;1;0;1;;NISSAN NOTE 06-*ESP ESQ ELECT P/P CONV TERM 5PIN;NISSAN NOTE 06-*ESP ESQ ELECT P/P CONV TERM 5PIN;0;;
61;1540;105.8044013;1540;105.8044013;CATEGORIA0;;1;1;0;1;;NISSAN NOTE 06-*ESP DRT ELECT P/P CONV TERM REB 7PIN;NISSAN NOTE 06-*ESP DRT ELECT P/P CONV TERM REB 7PIN;0;;
61;1540;105.8044014;1540;105.8044014;CATEGORIA0;;1;1;0;1;;NISSAN NOTE 06-*ESP ESQ ELECT P/P CONV TERM REB 7PIN;NISSAN NOTE 06-*ESP ESQ ELECT P/P CONV TERM REB 7PIN;0;;
61;1540;105.8045011;1540;105.8045011;CATEGORIA0;;1;1;0;1;;NISSAN NAVARA 05-07*ESP DRT ELECT CONV PRETO;NISSAN NAVARA 05-07*ESP DRT ELECT CONV PRETO;0;;
61;1540;105.8045012;1540;105.8045012;CATEGORIA0;;1;1;0;1;;NISSAN NAVARA 05-07*ESP ESQ ELECT CONV PRETO;NISSAN NAVARA 05-07*ESP ESQ ELECT CONV PRETO;0;;
61;1540;105.8045013;1540;105.8045013;CATEGORIA0;;1;1;0;1;;NISSAN NAVARA 05-07*ESP DRT ELECT CONV CROMADO;NISSAN NAVARA 05-07*ESP DRT ELECT CONV CROMADO;0;;
61;1540;105.8045014;1540;105.8045014;CATEGORIA0;;1;1;0;1;;NISSAN NAVARA 05-07*ESP ESQ ELECT CONV CROMADO;NISSAN NAVARA 05-07*ESP ESQ ELECT CONV CROMADO;0;;
61;1540;105.8045015;1540;105.8045015;CATEGORIA0;;1;1;0;1;;NISSAN NAVARA 05-07*V/ESP DRT CONV TERM;NISSAN NAVARA 05-07*V/ESP DRT CONV TERM;0;;
61;1540;105.8045016;1540;105.8045016;CATEGORIA0;;1;1;0;1;;NISSAN NAVARA 05-07*V/ESP ESQ CONV TERM;NISSAN NAVARA 05-07*V/ESP ESQ CONV TERM;0;;
61;1540;105.8045017;1540;105.8045017;CATEGORIA0;;1;1;0;1;;NISSAN NAVARA 07-*ESP DRT EL TERM CONV P/P C/PISCA C/LUZ COR;NISSAN NAVARA 07-*ESP DRT EL TERM CONV P/P C/PISCA C/LUZ COR;0;;
61;1540;105.8045018;1540;105.8045018;CATEGORIA0;;1;1;0;1;;NISSAN NAVARA 07-*ESP ESQ EL TERM CONV P/P C/PISCA C/LUZ COR;NISSAN NAVARA 07-*ESP ESQ EL TERM CONV P/P C/PISCA C/LUZ COR;0;;
61;1540;105.8045019;1540;105.8045019;CATEGORIA0;;1;1;0;1;;NISSAN NAVARA 07-*ESP DRT EL TERM CONV P/P C/PISCA MEM REB C;NISSAN NAVARA 07-*ESP DRT EL TERM CONV P/P C/PISCA MEM REB C;0;;
61;1540;105.8045020;1540;105.8045020;CATEGORIA0;;1;1;0;1;;NISSAN NAVARA 07-*ESP ESQ EL TERM CONV P/P C/PISCA MEM REB C;NISSAN NAVARA 07-*ESP ESQ EL TERM CONV P/P C/PISCA MEM REB C;0;;
61;1540;105.8045021;1540;105.8045021;CATEGORIA0;;1;1;0;1;;NISSAN NAVARA 07-10*V/ESP DRT CONV TERM (EXCEPTO OE);NISSAN NAVARA 07-10*V/ESP DRT CONV TERM (EXCEPTO OE);0;;
61;1540;105.8045022;1540;105.8045022;CATEGORIA0;;1;1;0;1;;NISSAN NAVARA 07-10*V/ESP ESQ CONV TERM (EXCEPTO OE);NISSAN NAVARA 07-10*V/ESP ESQ CONV TERM (EXCEPTO OE);0;;
61;1540;105.8045023;1540;105.8045023;CATEGORIA0;;1;1;0;1;;VIDRO ESPELHO DTO. COV. TERM;VIDRO ESPELHO DTO. COV. TERM;0;;
61;1540;105.8045024;1540;105.8045024;CATEGORIA0;;1;1;0;1;;NISSAN NAVARA 10-*V/ESP ESQ CONV TERM;NISSAN NAVARA 10-*V/ESP ESQ CONV TERM;0;;
61;1540;105.8045025;1540;105.8045025;CATEGORIA0;;1;1;0;1;;NISSAN NAVARA 07-*ESP DRT EL TERM CONV P/P C/PISCA REB C/LUZ;NISSAN NAVARA 07-*ESP DRT EL TERM CONV P/P C/PISCA REB C/LUZ;0;;
61;1540;105.8045026;1540;105.8045026;CATEGORIA0;;1;1;0;1;;NISSAN NAVARA 07-*ESP ESQ EL TERM CONV P/P C/PISCA REB C/LUZ;NISSAN NAVARA 07-*ESP ESQ EL TERM CONV P/P C/PISCA REB C/LUZ;0;;
61;1540;105.8045027;1540;105.8045027;CATEGORIA0;;1;1;0;1;;NISSAN NAVARA 07-*ESP DRT EL TERM CONV CROM C/PISCA C/LUZ CO;NISSAN NAVARA 07-*ESP DRT EL TERM CONV CROM C/PISCA C/LUZ CO;0;;
61;1540;105.8045028;1540;105.8045028;CATEGORIA0;;1;1;0;1;;NISSAN NAVARA 07-*ESP ESQ EL TERM CONV CROM C/PISCA C/LUZ CO;NISSAN NAVARA 07-*ESP ESQ EL TERM CONV CROM C/PISCA C/LUZ CO;0;;
61;1540;105.8045029;1540;105.8045029;CATEGORIA0;;1;1;0;1;;NISSAN NAVARA 07-*ESP DRT EL TERM CONV CR C/PISCA REB C/LUZ;NISSAN NAVARA 07-*ESP DRT EL TERM CONV CR C/PISCA REB C/LUZ;0;;
61;1540;105.8045030;1540;105.8045030;CATEGORIA0;;1;1;0;1;;NISSAN NAVARA 07-*ESP ESQ EL TERM CONV CR C/PISCA REB C/LUZ;NISSAN NAVARA 07-*ESP ESQ EL TERM CONV CR C/PISCA REB C/LUZ;0;;
61;1540;105.8047011;1540;105.8047011;CATEGORIA0;;1;1;0;1;;NISSAN QASHQAI 07-*ESP DRT ELECT P/P CONV TERM REB 7PIN;NISSAN QASHQAI 07-*ESP DRT ELECT P/P CONV TERM REB 7PIN;0;;
61;1540;105.8047012;1540;105.8047012;CATEGORIA0;;1;1;0;1;;NISSAN QASHQAI 07-*ESP ESQ ELECT P/P CONV TERM REB 7PIN;NISSAN QASHQAI 07-*ESP ESQ ELECT P/P CONV TERM REB 7PIN;0;;
61;1540;105.8047013;1540;105.8047013;CATEGORIA0;;1;1;0;1;;NISSAN QASHQAI 07-*ESP DRT ELECT TERM P/P CONV 5PIN;NISSAN QASHQAI 07-*ESP DRT ELECT TERM P/P CONV 5PIN;0;;
61;1540;105.8047014;1540;105.8047014;CATEGORIA0;;1;1;0;1;;QASHQAI 07- ESPELHO RET. ESQ.;QASHQAI 07- ESPELHO RET. ESQ.;0;;
61;1540;105.8047015;1540;105.8047015;CATEGORIA0;;1;1;0;1;;QASHQAI 07-  CAPA ESPELHO RET.DTA.;QASHQAI 07-  CAPA ESPELHO RET.DTA.;0;;
61;1540;105.8047016;1540;105.8047016;CATEGORIA0;;1;1;0;1;;NISSAN QASHQAI 07-*CARCASSA ESP ESQ P/P;NISSAN QASHQAI 07-*CARCASSA ESP ESQ P/P;0;;
61;1540;105.8047017;1540;105.8047017;CATEGORIA0;;1;1;0;1;;QASHQAI 07- 10- VIDRO ESPELHO DTO. COV. TERM;QASHQAI 07- 10- VIDRO ESPELHO DTO. COV. TERM;0;;
61;1540;105.8047018;1540;105.8047018;CATEGORIA0;;1;1;0;1;;NISSAN QASHQAI 07-/10-*V/ESP ESQ CONV TERM;NISSAN QASHQAI 07-/10-*V/ESP ESQ CONV TERM;0;;
61;1540;105.8047021;1540;105.8047021;CATEGORIA0;;1;1;0;1;;NISSAN QASHQAI 07-/10-*V/ESP DRT ASF TERM;NISSAN QASHQAI 07-/10-*V/ESP DRT ASF TERM;0;;
61;1540;105.8047022;1540;105.8047022;CATEGORIA0;;1;1;0;1;;NISSAN QASHQAI 07-/10-*V/ESP ESQ ASF TERM;NISSAN QASHQAI 07-/10-*V/ESP ESQ ASF TERM;0;;
61;1540;105.8050011;1540;105.8050011;CATEGORIA0;;1;1;0;1;;NISSAN MICRA K12 10-12*ESP DRT C/C P/P CONV;NISSAN MICRA K12 10-12*ESP DRT C/C P/P CONV;0;;
61;1540;105.8050012;1540;105.8050012;CATEGORIA0;;1;1;0;1;;NISSAN MICRA K12 10-12*ESP ESQ C/C P/P CONV;NISSAN MICRA K12 10-12*ESP ESQ C/C P/P CONV;0;;
61;1540;105.8050013;1540;105.8050013;CATEGORIA0;;1;1;0;1;;NISSAN MICRA K12 10-12*ESP DRT ELECT P/P CONV;NISSAN MICRA K12 10-12*ESP DRT ELECT P/P CONV;0;;
61;1540;105.8050014;1540;105.8050014;CATEGORIA0;;1;1;0;1;;NISSAN MICRA K12 10-12*ESP ESQ ELECT P/P CONV;NISSAN MICRA K12 10-12*ESP ESQ ELECT P/P CONV;0;;
61;1540;105.8050017;1540;105.8050017;CATEGORIA0;;1;1;0;1;;NISSAN MICRA/DUSTER/LODGY 10-*V/ESP DRT CONVEXO;NISSAN MICRA/DUSTER/LODGY 10-*V/ESP DRT CONVEXO;0;;
61;1540;105.8050018;1540;105.8050018;CATEGORIA0;;1;1;0;1;;NISSAN MICRA/DUSTER/LODGY 10-*V/ESP ESQ CONV;NISSAN MICRA/DUSTER/LODGY 10-*V/ESP ESQ CONV;0;;
61;1540;105.8050019;1540;105.8050019;CATEGORIA0;;1;1;0;1;;NISSAN MICRA K13 2010.10-*ESP DRT C/C P/P CONV;NISSAN MICRA K13 2010.10-*ESP DRT C/C P/P CONV;0;;
61;1540;105.8050020;1540;105.8050020;CATEGORIA0;;1;1;0;1;;NISSAN MICRA K13 2010.10-*ESP ESQ C/C P/P CONV;NISSAN MICRA K13 2010.10-*ESP ESQ C/C P/P CONV;0;;
61;1540;105.8050021;1540;105.8050021;CATEGORIA0;;1;1;0;1;;NISSAN MICRA K13 2010.10-*ESP DRT ELECT TERM P/P CONV;NISSAN MICRA K13 2010.10-*ESP DRT ELECT TERM P/P CONV;0;;
61;1540;105.8050022;1540;105.8050022;CATEGORIA0;;1;1;0;1;;NISSAN MICRA K13 2010.10-*ESP ESQ ELECT TERM P/P CONV;NISSAN MICRA K13 2010.10-*ESP ESQ ELECT TERM P/P CONV;0;;
61;1540;105.8053011;1540;105.8053011;CATEGORIA0;;1;1;0;1;;NISSAN QASHQAI 14-*ESP DRT ELECT P/P TERM C/PIS 7PIN;NISSAN QASHQAI 14-*ESP DRT ELECT P/P TERM C/PIS 7PIN;0;;
61;1540;105.8053012;1540;105.8053012;CATEGORIA0;;1;1;0;1;;NISSAN QASHQAI 14-*ESP ESQ ELECT P/P TERM C/PIS 7PIN;NISSAN QASHQAI 14-*ESP ESQ ELECT P/P TERM C/PIS 7PIN;0;;
61;1540;105.8053013;1540;105.8053013;CATEGORIA0;;1;1;0;1;;NISSAN QASHQAI 14-*ESP DRT ELECT P/P TERM REB C/PIS 9PIN;NISSAN QASHQAI 14-*ESP DRT ELECT P/P TERM REB C/PIS 9PIN;0;;
61;1540;105.8053014;1540;105.8053014;CATEGORIA0;;1;1;0;1;;NISSAN QASHQAI 14-*ESP ESQ ELECT P/P TERM REB C/PIS 9PIN;NISSAN QASHQAI 14-*ESP ESQ ELECT P/P TERM REB C/PIS 9PIN;0;;
61;1540;105.8053015;1540;105.8053015;CATEGORIA0;;1;1;0;1;;NISSAN QASHQAI 14-*V/ESP DRT CONV TERM (VERSAO OE);NISSAN QASHQAI 14-*V/ESP DRT CONV TERM (VERSAO OE);0;;
61;1540;105.8053016;1540;105.8053016;CATEGORIA0;;1;1;0;1;;NISSAN QASHQAI 14-*V/ESP ESQ CONV TERM (VERSAO OE);NISSAN QASHQAI 14-*V/ESP ESQ CONV TERM (VERSAO OE);0;;
61;1540;105.8053017;1540;105.8053017;CATEGORIA0;;1;1;0;1;;NISSAN QASHQAI 14-*ESP DRT ELECT TERM REB C/CAM C/PIS 13PIN;NISSAN QASHQAI 14-*ESP DRT ELECT TERM REB C/CAM C/PIS 13PIN;0;;
61;1540;105.8053018;1540;105.8053018;CATEGORIA0;;1;1;0;1;;NISSAN QASHQAI 14-*ESP ESQ ELECT TERM REB C/CAM C/PIS 13PIN;NISSAN QASHQAI 14-*ESP ESQ ELECT TERM REB C/CAM C/PIS 13PIN;0;;
61;1540;105.8053019;1540;105.8053019;CATEGORIA0;;1;1;0;1;;NISSAN QASHQAI 14-*CAPA ESP DRT P/P;NISSAN QASHQAI 14-*CAPA ESP DRT P/P;0;;
61;1540;105.8053020;1540;105.8053020;CATEGORIA0;;1;1;0;1;;NISSAN QASHQAI 14-*CAPA ESP ESQ P/P;NISSAN QASHQAI 14-*CAPA ESP ESQ P/P;0;;
61;1540;105.8056011;1540;105.8056011;CATEGORIA0;;1;1;0;1;;NISSAN JUKE 14-*ESP DRT ELECT P/P TERM C/PIS 7PIN;NISSAN JUKE 14-*ESP DRT ELECT P/P TERM C/PIS 7PIN;0;;
61;1540;105.8056012;1540;105.8056012;CATEGORIA0;;1;1;0;1;;NISSAN JUKE 14-*ESP ESQ ELECT P/P TERM C/PIS 7PIN;NISSAN JUKE 14-*ESP ESQ ELECT P/P TERM C/PIS 7PIN;0;;
61;1540;105.8056013;1540;105.8056013;CATEGORIA0;;1;1;0;1;;NISSAN JUKE 14-*ESP DRT ELECT P/P TERM REB C/PIS 9PIN;NISSAN JUKE 14-*ESP DRT ELECT P/P TERM REB C/PIS 9PIN;0;;
61;1540;105.8056014;1540;105.8056014;CATEGORIA0;;1;1;0;1;;NISSAN JUKE 14-*ESP ESQ ELECT P/P TERM REB C/PIS 9PIN;NISSAN JUKE 14-*ESP ESQ ELECT P/P TERM REB C/PIS 9PIN;0;;
61;1540;105.8056015;1540;105.8056015;CATEGORIA0;;1;1;0;1;;NISSAN JUKE 14-*ESP DRT ELECT TERM C/CAM C/PIS 11P;NISSAN JUKE 14-*ESP DRT ELECT TERM C/CAM C/PIS 11P;0;;
61;1540;105.8056016;1540;105.8056016;CATEGORIA0;;1;1;0;1;;NISSAN JUKE 14-*ESP ESQ ELECT TERM C/CAM C/PIS 11P;NISSAN JUKE 14-*ESP ESQ ELECT TERM C/CAM C/PIS 11P;0;;
61;1540;105.8056017;1540;105.8056017;CATEGORIA0;;1;1;0;1;;NISSAN JUKE 14-*V/ESP DRT CONV TERM (VERSAO OE);NISSAN JUKE 14-*V/ESP DRT CONV TERM (VERSAO OE);0;;
61;1540;105.8056018;1540;105.8056018;CATEGORIA0;;1;1;0;1;;NISSAN JUKE 14-*V/ESP ESQ CONV TERM (VERSAO OE);NISSAN JUKE 14-*V/ESP ESQ CONV TERM (VERSAO OE);0;;
61;1540;105.8056019;1540;105.8056019;CATEGORIA0;;1;1;0;1;;NISSAN JUKE 14-*ESP DRT ELECT CONV TERM REB C/CAM C/PIS 15P;NISSAN JUKE 14-*ESP DRT ELECT CONV TERM REB C/CAM C/PIS 15P;0;;
61;1540;105.8056020;1540;105.8056020;CATEGORIA0;;1;1;0;1;;NISSAN JUKE 14-*ESP ESQ ELECT CONV TERM REB C/CAM C/PIS 15P;NISSAN JUKE 14-*ESP ESQ ELECT CONV TERM REB C/CAM C/PIS 15P;0;;
61;1540;105.8057011;1540;105.8057011;CATEGORIA0;;1;1;0;1;;NISSAN NOTE 13-*ESP DRT ELECT CONV TERM P/P C/PIS;NISSAN NOTE 13-*ESP DRT ELECT CONV TERM P/P C/PIS;0;;
61;1540;105.8057012;1540;105.8057012;CATEGORIA0;;1;1;0;1;;NISSAN NOTE 13-*ESP ESQ ELECT CONV TERM P/P C/PIS;NISSAN NOTE 13-*ESP ESQ ELECT CONV TERM P/P C/PIS;0;;
61;1540;105.8057015;1540;105.8057015;CATEGORIA0;;1;1;0;1;;NISSAN NOTE 13-*V/ESP DRT CONV TERM;NISSAN NOTE 13-*V/ESP DRT CONV TERM;0;;
61;1540;105.8057016;1540;105.8057016;CATEGORIA0;;1;1;0;1;;NISSAN NOTE 13-*V/ESP ESQ CONV TERM;NISSAN NOTE 13-*V/ESP ESQ CONV TERM;0;;
61;1540;105.8057017;1540;105.8057017;CATEGORIA0;;1;1;0;1;;NISSAN NOTE 13-*CAPA ESP DRT P/P;NISSAN NOTE 13-*CAPA ESP DRT P/P;0;;
61;1540;105.8057018;1540;105.8057018;CATEGORIA0;;1;1;0;1;;NISSAN NOTE 13-*CAPA ESP ESQ P/P;NISSAN NOTE 13-*CAPA ESP ESQ P/P;0;;
61;1540;105.8063011;1540;105.8063011;CATEGORIA0;;1;1;0;1;;NISSAN MICRA K14 2016.12-*ESP DRT ELECT P/P CONV C/PISCA 5PI;NISSAN MICRA K14 2016.12-*ESP DRT ELECT P/P CONV C/PISCA 5PI;0;;
61;1540;105.8063012;1540;105.8063012;CATEGORIA0;;1;1;0;1;;NISSAN MICRA K14 2016.12-*ESP ESQ ELECT P/P CONV C/PISCA 5PI;NISSAN MICRA K14 2016.12-*ESP ESQ ELECT P/P CONV C/PISCA 5PI;0;;
61;1540;105.8063013;1540;105.8063013;CATEGORIA0;;1;1;0;1;;NISSAN MICRA K14 2016.12-*ESP DRT ELECT TERM CONV P/P REB C/;NISSAN MICRA K14 2016.12-*ESP DRT ELECT TERM CONV P/P REB C/;0;;
61;1540;105.8063014;1540;105.8063014;CATEGORIA0;;1;1;0;1;;NISSAN MICRA K14 2016.12-*ESP ESQ ELECT TERM CONV P/P REB C/;NISSAN MICRA K14 2016.12-*ESP ESQ ELECT TERM CONV P/P REB C/;0;;
61;1540;105.8063015;1540;105.8063015;CATEGORIA0;;1;1;0;1;;NISSAN MICRA K14 2016.12-*ESP DRT ELECT TERM P/P CONV C/PISC;NISSAN MICRA K14 2016.12-*ESP DRT ELECT TERM P/P CONV C/PISC;0;;
61;1540;105.8063016;1540;105.8063016;CATEGORIA0;;1;1;0;1;;NISSAN MICRA K14 2016.12-*ESP ESQ ELECT TERM P/P CONV C/PISC;NISSAN MICRA K14 2016.12-*ESP ESQ ELECT TERM P/P CONV C/PISC;0;;
61;1540;105.8500013;1540;105.8500013;CATEGORIA0;;1;1;0;1;;SUZUKI SWIFT 89-*ESP DRT ELECT;SUZUKI SWIFT 89-*ESP DRT ELECT;0;;
61;1540;105.8501011;1540;105.8501011;CATEGORIA0;;1;1;0;1;;SUZUKI VITARA 88-*ESP DRT MAN 3P;SUZUKI VITARA 88-*ESP DRT MAN 3P;0;;
61;1540;105.8501012;1540;105.8501012;CATEGORIA0;;1;1;0;1;;SUZUKI VITARA 88-*ESP ESQ MAN 3P;SUZUKI VITARA 88-*ESP ESQ MAN 3P;0;;
61;1540;105.8501013;1540;105.8501013;CATEGORIA0;;1;1;0;1;;SUZUKI VITARA 88-*ESP DRT ELECT 3P;SUZUKI VITARA 88-*ESP DRT ELECT 3P;0;;
61;1540;105.8501014;1540;105.8501014;CATEGORIA0;;1;1;0;1;;SUZUKI VITARA 88-*ESP ESQ ELECT 3P;SUZUKI VITARA 88-*ESP ESQ ELECT 3P;0;;
61;1540;105.8506011;1540;105.8506011;CATEGORIA0;;1;1;0;1;;SUZUKI GRAND VITARA 98-*ESP DRT ELECT;SUZUKI GRAND VITARA 98-*ESP DRT ELECT;0;;
61;1540;105.8506012;1540;105.8506012;CATEGORIA0;;1;1;0;1;;SUZUKI GRAND VITARA 98-*ESP ESQ ELECT;SUZUKI GRAND VITARA 98-*ESP ESQ ELECT;0;;
61;1540;105.8513011;1540;105.8513011;CATEGORIA0;;1;1;0;1;;SUZUKI SWIFT 05-*ESP DRT ELECT TERM;SUZUKI SWIFT 05-*ESP DRT ELECT TERM;0;;
61;1540;105.8513012;1540;105.8513012;CATEGORIA0;;1;1;0;1;;SUZUKI SWIFT 05-*ESP ESQ ELECT TERM;SUZUKI SWIFT 05-*ESP ESQ ELECT TERM;0;;
61;1540;105.8513015;1540;105.8513015;CATEGORIA0;;1;1;0;1;;SUZUKI SWIFT 05-*V/ESP DRT CONV TERM;SUZUKI SWIFT 05-*V/ESP DRT CONV TERM;0;;
61;1540;105.8513016;1540;105.8513016;CATEGORIA0;;1;1;0;1;;SUZUKI SWIFT 05-*V/ESP ESQ CONV TERM;SUZUKI SWIFT 05-*V/ESP ESQ CONV TERM;0;;
61;1540;105.8514011;1540;105.8514011;CATEGORIA0;;1;1;0;1;;SUZUKI GRAND VITARA 06-*ESP DRT ELECT P/P CONV 3PIN;SUZUKI GRAND VITARA 06-*ESP DRT ELECT P/P CONV 3PIN;0;;
61;1540;105.8514012;1540;105.8514012;CATEGORIA0;;1;1;0;1;;SUZUKI GRAND VITARA 06-*ESP ESQ ELECT P/P CONV 3PIN;SUZUKI GRAND VITARA 06-*ESP ESQ ELECT P/P CONV 3PIN;0;;
61;1540;105.8514013;1540;105.8514013;CATEGORIA0;;1;1;0;1;;SUZUKI GRAND VITARA 06-*ESP DRT ELECT P/P CONV TERM 5PIN;SUZUKI GRAND VITARA 06-*ESP DRT ELECT P/P CONV TERM 5PIN;0;;
61;1540;105.8514014;1540;105.8514014;CATEGORIA0;;1;1;0;1;;SUZUKI GRAND VITARA 06-*ESP ESQ ELECT P/P CONV TERM 5PIN;SUZUKI GRAND VITARA 06-*ESP ESQ ELECT P/P CONV TERM 5PIN;0;;
61;1540;105.8514015;1540;105.8514015;CATEGORIA0;;1;1;0;1;;SUZUKI GRAND VITARA 06-*ESP DRT ELECT P/P TERM REB 7PIN;SUZUKI GRAND VITARA 06-*ESP DRT ELECT P/P TERM REB 7PIN;0;;
61;1540;105.8514016;1540;105.8514016;CATEGORIA0;;1;1;0;1;;SUZUKI GRAND VITARA 06-*ESP ESQ ELECT P/P TERM REB 7PIN;SUZUKI GRAND VITARA 06-*ESP ESQ ELECT P/P TERM REB 7PIN;0;;
61;1540;105.8517011;1540;105.8517011;CATEGORIA0;;1;1;0;1;;SUZUKI SX4 06-*ESP DRT ELECT P/P TERM;SUZUKI SX4 06-*ESP DRT ELECT P/P TERM;0;;
61;1540;105.8517012;1540;105.8517012;CATEGORIA0;;1;1;0;1;;SUZUKI SX4 06-*ESP ESQ ELECT P/P TERM;SUZUKI SX4 06-*ESP ESQ ELECT P/P TERM;0;;
61;1540;105.8519011;1540;105.8519011;CATEGORIA0;;1;1;0;1;;SUZUKI VITARA 2015.02-*ESP DRT ELECT TERM P/P CONV 5PIN;SUZUKI VITARA 2015.02-*ESP DRT ELECT TERM P/P CONV 5PIN;0;;
61;1540;105.8519012;1540;105.8519012;CATEGORIA0;;1;1;0;1;;SUZUKI VITARA 2015.02-*ESP ESQ ELECT TERM P/P CONV 5PIN;SUZUKI VITARA 2015.02-*ESP ESQ ELECT TERM P/P CONV 5PIN;0;;
61;1540;105.8519013;1540;105.8519013;CATEGORIA0;;1;1;0;1;;SUZUKI VITARA 2015.02-*ESP DRT ELECT TERM REB C/PISCA P/P CO;SUZUKI VITARA 2015.02-*ESP DRT ELECT TERM REB C/PISCA P/P CO;0;;
61;1540;105.8519014;1540;105.8519014;CATEGORIA0;;1;1;0;1;;SUZUKI VITARA 2015.02-*ESP ESQ ELECT TERM REB C/PISCA P/P CO;SUZUKI VITARA 2015.02-*ESP ESQ ELECT TERM REB C/PISCA P/P CO;0;;
61;1540;105.8519015;1540;105.8519015;CATEGORIA0;;1;1;0;1;;SUZUKI VITARA 2015.02-*V/ESP DRT TERM CONV;SUZUKI VITARA 2015.02-*V/ESP DRT TERM CONV;0;;
61;1540;105.8519016;1540;105.8519016;CATEGORIA0;;1;1;0;1;;SUZUKI VITARA 2015.02-*V/ESP ESQ TERM CONV;SUZUKI VITARA 2015.02-*V/ESP ESQ TERM CONV;0;;
61;1540;105.8519017;1540;105.8519017;CATEGORIA0;;1;1;0;1;;SUZUKI VITARA 2015.02-*CAPA ESP DRT P/PINTAR;SUZUKI VITARA 2015.02-*CAPA ESP DRT P/PINTAR;0;;
61;1540;105.8519018;1540;105.8519018;CATEGORIA0;;1;1;0;1;;SUZUKI VITARA 2015.02-*CAPA ESP ESQ P/PINTAR;SUZUKI VITARA 2015.02-*CAPA ESP ESQ P/PINTAR;0;;
61;1540;105.8519019;1540;105.8519019;CATEGORIA0;;1;1;0;1;;SUZUKI VITARA 2015.02-*CAPA ESP DRT P/PINTAR(VERSAO C/PISCA);SUZUKI VITARA 2015.02-*CAPA ESP DRT P/PINTAR(VERSAO C/PISCA);0;;
61;1540;105.8519020;1540;105.8519020;CATEGORIA0;;1;1;0;1;;SUZUKI VITARA 2015.02-*CAPA ESP ESQ P/PINTAR(VERSAO C/PISCA);SUZUKI VITARA 2015.02-*CAPA ESP ESQ P/PINTAR(VERSAO C/PISCA);0;;
61;1540;105.9003011;1540;105.9003011;CATEGORIA0;;1;1;0;1;;TOYOTA COROLLA EE90 88-*ESP DRT C/C RECT;TOYOTA COROLLA EE90 88-*ESP DRT C/C RECT;0;;
61;1540;105.9003012;1540;105.9003012;CATEGORIA0;;1;1;0;1;;TOYOTA COROLLA EE90 88-*ESP ESQ C/C RECT;TOYOTA COROLLA EE90 88-*ESP ESQ C/C RECT;0;;
61;1540;105.9004011;1540;105.9004011;CATEGORIA0;;1;1;0;1;;TOYOTA COROLLA AE100 92-*ESP DRT C/C RECT;TOYOTA COROLLA AE100 92-*ESP DRT C/C RECT;0;;
61;1540;105.9004012;1540;105.9004012;CATEGORIA0;;1;1;0;1;;TOY. COROLLA AE100 92-*ESP ESQ C/C RECT;TOY. COROLLA AE100 92-*ESP ESQ C/C RECT;0;;
61;1540;105.9004013;1540;105.9004013;CATEGORIA0;;1;1;0;1;;TOY. COROLLA AE100 92-*ESP DRT ELECT;TOY. COROLLA AE100 92-*ESP DRT ELECT;0;;
61;1540;105.9004014;1540;105.9004014;CATEGORIA0;;1;1;0;1;;TOY. COROLLA AE100 92-*ESP ESQ ELECT;TOY. COROLLA AE100 92-*ESP ESQ ELECT;0;;
61;1540;105.9006011;1540;105.9006011;CATEGORIA0;;1;1;0;1;;TOYOTA HIACE LH51 86-*ESPELHO DIREITO;TOYOTA HIACE LH51 86-*ESPELHO DIREITO;0;;
61;1540;105.9006012;1540;105.9006012;CATEGORIA0;;1;1;0;1;;TOYOTA HIACE LH51 86-*ESPELHO ESQUERDO;TOYOTA HIACE LH51 86-*ESPELHO ESQUERDO;0;;
61;1540;105.9007011;1540;105.9007011;CATEGORIA0;;1;1;0;1;;TOYOTA HIACE LH102 89-*ESPELHO RECTR DRT;TOYOTA HIACE LH102 89-*ESPELHO RECTR DRT;0;;
61;1540;105.9007012;1540;105.9007012;CATEGORIA0;;1;1;0;1;;TOYOTA HIACE LH102 89-*ESP RECT ESQ;TOYOTA HIACE LH102 89-*ESP RECT ESQ;0;;
61;1540;105.9008011;1540;105.9008011;CATEGORIA0;;1;1;0;1;;P 106 91-99 ESPELHO DTO.;P 106 91-99 ESPELHO DTO.;0;;
61;1100;105.9008011;1100;9008011;CATEGORIA0;;1;1;0;1;;ESPELHO RET. DTO HILUX LN55/56;ESPELHO RET. DTO HILUX LN55/56;0;;
61;1540;105.9009011;1540;105.9009011;CATEGORIA0;;1;1;0;1;;TOYOTA HILUX LN85 89-*ESPELHO RECT DRT;TOYOTA HILUX LN85 89-*ESPELHO RECT DRT;0;;
61;1540;105.9009012;1540;105.9009012;CATEGORIA0;;1;1;0;1;;TOYOTA HILUX LN85 89-*ESPELHO RECT ESQ;TOYOTA HILUX LN85 89-*ESPELHO RECT ESQ;0;;
61;1540;105.9015011;1540;105.9015011;CATEGORIA0;;1;1;0;1;;TOYOTA CARINA E 92-*ESP DRT C/C COMANDO;TOYOTA CARINA E 92-*ESP DRT C/C COMANDO;0;;
61;1540;105.9015012;1540;105.9015012;CATEGORIA0;;1;1;0;1;;TOYOTA CARINA E 92-*ESP ESQ C/C COMANDO;TOYOTA CARINA E 92-*ESP ESQ C/C COMANDO;0;;
61;1540;105.9015013;1540;105.9015013;CATEGORIA0;;1;1;0;1;;TOYOTA CARINA E 92-*ESP DRT ELECT;TOYOTA CARINA E 92-*ESP DRT ELECT;0;;
61;1540;105.9015014;1540;105.9015014;CATEGORIA0;;1;1;0;1;;TOYOTA CARINA E 92-*ESP ESQ ELECT;TOYOTA CARINA E 92-*ESP ESQ ELECT;0;;
61;1540;105.9023011;1540;105.9023011;CATEGORIA0;;1;1;0;1;;TOYOTA HIACE 96-98*ESPELHO MANUAL DIR.;TOYOTA HIACE 96-98*ESPELHO MANUAL DIR.;0;;
61;1540;105.9023012;1540;105.9023012;CATEGORIA0;;1;1;0;1;;TOYOTA HIACE 96-98*ESPELHO MANUAL ESQ;TOYOTA HIACE 96-98*ESPELHO MANUAL ESQ;0;;
61;1540;105.9023013;1540;105.9023013;CATEGORIA0;;1;1;0;1;;TOYOTA HIACE 96-98*ESP ELECT DRT;TOYOTA HIACE 96-98*ESP ELECT DRT;0;;
61;1540;105.9023014;1540;105.9023014;CATEGORIA0;;1;1;0;1;;TOYOTA HIACE 96-98*ESP ELECT ESQ;TOYOTA HIACE 96-98*ESP ELECT ESQ;0;;
61;1540;105.9024016;1540;105.9024016;CATEGORIA0;;1;1;0;1;;TOYOTA DYNA BU30/150*ESPELHO ESQ/DRT PRETO;TOYOTA DYNA BU30/150*ESPELHO ESQ/DRT PRETO;0;;
61;1540;105.9024017;1540;105.9024017;CATEGORIA0;;1;1;0;1;;ESPELHO RET. TOYOTA CINZENTO;ESPELHO RET. TOYOTA CINZENTO;0;;
61;1540;105.9026011;1540;105.9026011;CATEGORIA0;;1;1;0;1;;TOYOTA AVENSIS 97-*ESP DRT ELECT P/P;TOYOTA AVENSIS 97-*ESP DRT ELECT P/P;0;;
61;1540;105.9026012;1540;105.9026012;CATEGORIA0;;1;1;0;1;;TOYOTA AVENSIS 97-*ESP ESQ ELECT P/P;TOYOTA AVENSIS 97-*ESP ESQ ELECT P/P;0;;
61;1540;105.9026013;1540;105.9026013;CATEGORIA0;;1;1;0;1;;TOYOTA AVENSIS 97-*ESP DRT ELECT P/P TERM;TOYOTA AVENSIS 97-*ESP DRT ELECT P/P TERM;0;;
61;1540;105.9026014;1540;105.9026014;CATEGORIA0;;1;1;0;1;;TOYOTA AVENSIS 97-*ESP ESQ ELECT P/P TERM;TOYOTA AVENSIS 97-*ESP ESQ ELECT P/P TERM;0;;
61;1540;105.9026015;1540;105.9026015;CATEGORIA0;;1;1;0;1;;TOYOTA AVENSIS 97-*CAPA ESP DRT PRETA;TOYOTA AVENSIS 97-*CAPA ESP DRT PRETA;0;;
61;1540;105.9026016;1540;105.9026016;CATEGORIA0;;1;1;0;1;;TOYOTA AVENSIS 97-*CAPA ESP ESQ PRETA;TOYOTA AVENSIS 97-*CAPA ESP ESQ PRETA;0;;
61;1540;105.9027011;1540;105.9027011;CATEGORIA0;;1;1;0;1;;TOYOTA COROLLA 97-*ESP DRT C/C;TOYOTA COROLLA 97-*ESP DRT C/C;0;;
61;1540;105.9027012;1540;105.9027012;CATEGORIA0;;1;1;0;1;;TOYOTA COROLLA 97-*ESP ESQ C/C;TOYOTA COROLLA 97-*ESP ESQ C/C;0;;
61;1540;105.9027013;1540;105.9027013;CATEGORIA0;;1;1;0;1;;TOYOTA COROLLA 97-*ESP DRT ELECT 3PIN;TOYOTA COROLLA 97-*ESP DRT ELECT 3PIN;0;;
61;1540;105.9027014;1540;105.9027014;CATEGORIA0;;1;1;0;1;;TOYOTA COROLLA 97-*ESPELHO ESQ ELECTRICO 3PIN;TOYOTA COROLLA 97-*ESPELHO ESQ ELECTRICO 3PIN;0;;
61;1540;105.9027015;1540;105.9027015;CATEGORIA0;;1;1;0;1;;TOYOTA COROLLA 97-*ESPDRT ELECT TERM 5PIN;TOYOTA COROLLA 97-*ESPDRT ELECT TERM 5PIN;0;;
61;1540;105.9027016;1540;105.9027016;CATEGORIA0;;1;1;0;1;;TOYOTA COROLLA 97-*ESP ESQ ELECT TERM 5PIN;TOYOTA COROLLA 97-*ESP ESQ ELECT TERM 5PIN;0;;
61;1540;105.9031011;1540;105.9031011;CATEGORIA0;;1;1;0;1;;JEEP GRAND CHEROKEE 93-98*ESP DRT ELECT TERM;JEEP GRAND CHEROKEE 93-98*ESP DRT ELECT TERM;0;;
61;1540;105.9034011;1540;105.9034011;CATEGORIA0;;1;1;0;1;;JEEP GRAND CHEROKEE 05-*ESP DRT ELECT TERM MEM;JEEP GRAND CHEROKEE 05-*ESP DRT ELECT TERM MEM;0;;
61;1540;105.9034012;1540;105.9034012;CATEGORIA0;;1;1;0;1;;JEEP GRAND CHEROKEE 05-*ESP ESQ ELECT TERM MEM;JEEP GRAND CHEROKEE 05-*ESP ESQ ELECT TERM MEM;0;;
61;1540;105.9036011;1540;105.9036011;CATEGORIA0;;1;1;0;1;;JEEP COMPASS 2017.04-*ESP DRT ELECT TERM P/P C/PISCA ASF 4+3;JEEP COMPASS 2017.04-*ESP DRT ELECT TERM P/P C/PISCA ASF 4+3;0;;
61;1540;105.9036012;1540;105.9036012;CATEGORIA0;;1;1;0;1;;JEEP COMPASS 2017.04-*ESP ESQ ELECT TERM P/P C/PISCA ASF 4+3;JEEP COMPASS 2017.04-*ESP ESQ ELECT TERM P/P C/PISCA ASF 4+3;0;;
61;1540;105.9036013;1540;105.9036013;CATEGORIA0;;1;1;0;1;;JEEP COMPASS 2017.04-*ESP DRT ELECT TERM P/P REB C/PISCA ASF;JEEP COMPASS 2017.04-*ESP DRT ELECT TERM P/P REB C/PISCA ASF;0;;
61;1540;105.9036014;1540;105.9036014;CATEGORIA0;;1;1;0;1;;JEEP COMPASS 2017.04-*ESP ESQ ELECT TERM P/P REB C/PISCA ASF;JEEP COMPASS 2017.04-*ESP ESQ ELECT TERM P/P REB C/PISCA ASF;0;;
61;1540;105.9036015;1540;105.9036015;CATEGORIA0;;1;1;0;1;;JEEP COMPASS 2017.04-*ESP DRT ELE TERM P/P REB C/PISCA L/COR;JEEP COMPASS 2017.04-*ESP DRT ELE TERM P/P REB C/PISCA L/COR;0;;
61;1540;105.9036016;1540;105.9036016;CATEGORIA0;;1;1;0;1;;JEEP COMPASS 2017.04-*ESP ESQ ELE TERM P/P REB C/PISCA L/COR;JEEP COMPASS 2017.04-*ESP ESQ ELE TERM P/P REB C/PISCA L/COR;0;;
61;1540;105.9036017;1540;105.9036017;CATEGORIA0;;1;1;0;1;;JEEP COMPASS 2017.04-*ESP DRT ELECT TERM P/P BASE/CROM C/PIS;JEEP COMPASS 2017.04-*ESP DRT ELECT TERM P/P BASE/CROM C/PIS;0;;
61;1540;105.9036018;1540;105.9036018;CATEGORIA0;;1;1;0;1;;JEEP COMPASS 2017.04-*ESP ESQ ELECT TERM P/P BASE/CROM C/PIS;JEEP COMPASS 2017.04-*ESP ESQ ELECT TERM P/P BASE/CROM C/PIS;0;;
61;1540;105.9036019;1540;105.9036019;CATEGORIA0;;1;1;0;1;;JEEP COMPASS 2017.04-*ESP DRT ELECT TERM P/P REB BASE/CROM C;JEEP COMPASS 2017.04-*ESP DRT ELECT TERM P/P REB BASE/CROM C;0;;
61;1540;105.9036020;1540;105.9036020;CATEGORIA0;;1;1;0;1;;JEEP COMPASS 2017.04-*ESP ESQ ELECT TERM P/P REB BASE/CROM C;JEEP COMPASS 2017.04-*ESP ESQ ELECT TERM P/P REB BASE/CROM C;0;;
61;1540;105.9036021;1540;105.9036021;CATEGORIA0;;1;1;0;1;;JEEP COMPASS 2017.04-*ESP DRT EL TER REB B/CROM C/PIS L/COR;JEEP COMPASS 2017.04-*ESP DRT EL TER REB B/CROM C/PIS L/COR;0;;
61;1540;105.9036022;1540;105.9036022;CATEGORIA0;;1;1;0;1;;JEEP COMPASS 2017.04-*ESP ESQ EL TER REB B/CROM C/PIS L/COR;JEEP COMPASS 2017.04-*ESP ESQ EL TER REB B/CROM C/PIS L/COR;0;;
61;1540;105.9036023;1540;105.9036023;CATEGORIA0;;1;1;0;1;;JEEP COMPASS 2017.04-*V/ESPELHO DRT TERM ASF;JEEP COMPASS 2017.04-*V/ESPELHO DRT TERM ASF;0;;
61;1540;105.9036024;1540;105.9036024;CATEGORIA0;;1;1;0;1;;JEEP COMPASS 2017.04-*V/ESPELHO ESQ TERM ASF;JEEP COMPASS 2017.04-*V/ESPELHO ESQ TERM ASF;0;;
61;1540;105.9036025;1540;105.9036025;CATEGORIA0;;1;1;0;1;;JEEP COMPASS 2017.04-*V/ESPELHO DRT TERM ASF C/SENS ANG/MORT;JEEP COMPASS 2017.04-*V/ESPELHO DRT TERM ASF C/SENS ANG/MORT;0;;
61;1540;105.9036026;1540;105.9036026;CATEGORIA0;;1;1;0;1;;JEEP COMPASS 2017.04-*V/ESPELHO ESQ TERM ASF C/SENS ANG/MORT;JEEP COMPASS 2017.04-*V/ESPELHO ESQ TERM ASF C/SENS ANG/MORT;0;;
61;1540;105.9036027;1540;105.9036027;CATEGORIA0;;1;1;0;1;;JEEP COMPASS 2017.04-*CAPA ESPELHO DRT P/P;JEEP COMPASS 2017.04-*CAPA ESPELHO DRT P/P;0;;
61;1540;105.9036028;1540;105.9036028;CATEGORIA0;;1;1;0;1;;JEEP COMPASS 2017.04-*CAPA ESPELHO ESQ P/P;JEEP COMPASS 2017.04-*CAPA ESPELHO ESQ P/P;0;;
61;1540;105.9041011;1540;105.9041011;CATEGORIA0;;1;1;0;1;;TOYOTA HILUX LN145 98-*ESP DRT MAN CROMADO;TOYOTA HILUX LN145 98-*ESP DRT MAN CROMADO;0;;
61;1540;105.9041012;1540;105.9041012;CATEGORIA0;;1;1;0;1;;TOYOTA HILUX LN145 98-*ESP ESQ MAN CROMADO;TOYOTA HILUX LN145 98-*ESP ESQ MAN CROMADO;0;;
61;1540;105.9043011;1540;105.9043011;CATEGORIA0;;1;1;0;1;;TOYOTA YARIS 99-*ESP DRT C/C;TOYOTA YARIS 99-*ESP DRT C/C;0;;
61;1540;105.9043012;1540;105.9043012;CATEGORIA0;;1;1;0;1;;TOYOTA YARIS 99-*ESP ESQ C/C;TOYOTA YARIS 99-*ESP ESQ C/C;0;;
61;1540;105.9043013;1540;105.9043013;CATEGORIA0;;1;1;0;1;;TOYOTA YARIS 99-*ESP DRT ELECT TERM;TOYOTA YARIS 99-*ESP DRT ELECT TERM;0;;
61;1540;105.9043014;1540;105.9043014;CATEGORIA0;;1;1;0;1;;TOYOTA YARIS 99-*ESP ESQ ELECT TERM;TOYOTA YARIS 99-*ESP ESQ ELECT TERM;0;;
61;1540;105.9043015;1540;105.9043015;CATEGORIA0;;1;1;0;1;;TOYOTA YARIS 99-*V/ESP DRT CONV;TOYOTA YARIS 99-*V/ESP DRT CONV;0;;
61;1540;105.9043016;1540;105.9043016;CATEGORIA0;;1;1;0;1;;TOYOTA YARIS 99-*V/ESP ESQ CONV;TOYOTA YARIS 99-*V/ESP ESQ CONV;0;;
61;1540;105.9043017;1540;105.9043017;CATEGORIA0;;1;1;0;1;;TOYOTA YARIS 99-*V/ESP.DRT.CONV.TERM.;TOYOTA YARIS 99-*V/ESP.DRT.CONV.TERM.;0;;
61;1540;105.9043018;1540;105.9043018;CATEGORIA0;;1;1;0;1;;TOYOTA YARIS 99-*V/ESP.ESQ.CONV.TERM.;TOYOTA YARIS 99-*V/ESP.ESQ.CONV.TERM.;0;;
61;1540;105.9047011;1540;105.9047011;CATEGORIA0;;1;1;0;1;;TOYOTA COROLLA 02-*ESP DRT C/C;TOYOTA COROLLA 02-*ESP DRT C/C;0;;
61;1540;105.9047012;1540;105.9047012;CATEGORIA0;;1;1;0;1;;TOYOTA COROLLA 02-*ESP ESQ C/C;TOYOTA COROLLA 02-*ESP ESQ C/C;0;;
61;1540;105.9047013;1540;105.9047013;CATEGORIA0;;1;1;0;1;;TOYOTA COROLLA 02-*ESP DRT ELECT 3PIN;TOYOTA COROLLA 02-*ESP DRT ELECT 3PIN;0;;
61;1540;105.9047014;1540;105.9047014;CATEGORIA0;;1;1;0;1;;TOYOTA COROLLA 02-* ESPELHO ESQ ELET 3PIN;TOYOTA COROLLA 02-* ESPELHO ESQ ELET 3PIN;0;;
61;1540;105.9047015;1540;105.9047015;CATEGORIA0;;1;1;0;1;;TOYOTA COROLLA 02-*ESP DRT ELECT P/P TERM 5PIN;TOYOTA COROLLA 02-*ESP DRT ELECT P/P TERM 5PIN;0;;
61;1540;105.9047016;1540;105.9047016;CATEGORIA0;;1;1;0;1;;TOYOTA COROLLA 02-*ESPELHO ESQ EL TER P/P 5PIN;TOYOTA COROLLA 02-*ESPELHO ESQ EL TER P/P 5PIN;0;;
61;1540;105.9049011;1540;105.9049011;CATEGORIA0;;1;1;0;1;;TOYOTA HILUX 01-*ESP DRT MAN PRETO 2WD;TOYOTA HILUX 01-*ESP DRT MAN PRETO 2WD;0;;
61;1540;105.9049012;1540;105.9049012;CATEGORIA0;;1;1;0;1;;TOYOTA HILUX 01-*ESP ESQ MAN PRETO 2WD;TOYOTA HILUX 01-*ESP ESQ MAN PRETO 2WD;0;;
61;1540;105.9049013;1540;105.9049013;CATEGORIA0;;1;1;0;1;;TOYOTA HILUX 92-06-*ESP DRT MAN PRETO 4WD;TOYOTA HILUX 92-06-*ESP DRT MAN PRETO 4WD;0;;
61;1540;105.9051011;1540;105.9051011;CATEGORIA0;;1;1;0;1;;TOYOTA RAV4 01-*ESP DRT ELECT P/P CONV TERM 5PIN;TOYOTA RAV4 01-*ESP DRT ELECT P/P CONV TERM 5PIN;0;;
61;1540;105.9051012;1540;105.9051012;CATEGORIA0;;1;1;0;1;;TOYOTA RAV4 01-*ESP ESQ ELECT P/P CONV TERM 5PIN;TOYOTA RAV4 01-*ESP ESQ ELECT P/P CONV TERM 5PIN;0;;
61;1540;105.9054011;1540;105.9054011;CATEGORIA0;;1;1;0;1;;TOYOTA AVENSIS 03-*ESP DRT ELECT P/P TERM;TOYOTA AVENSIS 03-*ESP DRT ELECT P/P TERM;0;;
61;1540;105.9054012;1540;105.9054012;CATEGORIA0;;1;1;0;1;;TOYOTA AVENSIS 03-*ESP ESQ ELECT P/P ASF TERM;TOYOTA AVENSIS 03-*ESP ESQ ELECT P/P ASF TERM;0;;
61;1540;105.9054013;1540;105.9054013;CATEGORIA0;;1;1;0;1;;TOYOTA AVENSIS 03-*ESP DRT ELECT P/P CONV TERM REB 7PIN;TOYOTA AVENSIS 03-*ESP DRT ELECT P/P CONV TERM REB 7PIN;0;;
61;1540;105.9054014;1540;105.9054014;CATEGORIA0;;1;1;0;1;;TOYOTA AVENSIS 03-*ESP ESQ ELECT P/P ASF TERM REB 7PIN;TOYOTA AVENSIS 03-*ESP ESQ ELECT P/P ASF TERM REB 7PIN;0;;
61;1540;105.9054017;1540;105.9054017;CATEGORIA0;;1;1;0;1;;TOYOTA AVENSIS 03-*V/ESP DRT CON TER;TOYOTA AVENSIS 03-*V/ESP DRT CON TER;0;;
61;1540;105.9054018;1540;105.9054018;CATEGORIA0;;1;1;0;1;;V/ESPELHO ESQ. ASF TERM;V/ESPELHO ESQ. ASF TERM;0;;
61;1540;105.9056011;1540;105.9056011;CATEGORIA0;;1;1;0;1;;TOYOTA YARIS 03-*ESP DRT C/C CONV;TOYOTA YARIS 03-*ESP DRT C/C CONV;0;;
61;1540;105.9056012;1540;105.9056012;CATEGORIA0;;1;1;0;1;;TOYOTA YARIS 03-*ESP ESQ C/C CONV;TOYOTA YARIS 03-*ESP ESQ C/C CONV;0;;
61;1540;105.9056013;1540;105.9056013;CATEGORIA0;;1;1;0;1;;TOYOTA YARIS 03-*ESP DRT ELECT CONV TERM;TOYOTA YARIS 03-*ESP DRT ELECT CONV TERM;0;;
61;1540;105.9056014;1540;105.9056014;CATEGORIA0;;1;1;0;1;;TOYOTA YARIS 03-*ESP ESQ ELECT CONV TERM;TOYOTA YARIS 03-*ESP ESQ ELECT CONV TERM;0;;
61;1540;105.9056015;1540;105.9056015;CATEGORIA0;;1;1;0;1;;TOYOTA YARIS 03-*ESP DRT ELECT P/P CONV TERM;TOYOTA YARIS 03-*ESP DRT ELECT P/P CONV TERM;0;;
61;1540;105.9056016;1540;105.9056016;CATEGORIA0;;1;1;0;1;;TOYOTA YARIS 03-*ESP ESQ ELECT P/P CONV TERM;TOYOTA YARIS 03-*ESP ESQ ELECT P/P CONV TERM;0;;
61;1540;105.9057014;1540;105.9057014;CATEGORIA0;;1;1;0;1;;TOYOTA YARIS 05-*ESP ESQ ELE CONV TERM P/PIN;TOYOTA YARIS 05-*ESP ESQ ELE CONV TERM P/PIN;0;;
61;1540;105.9057015;1540;105.9057015;CATEGORIA0;;1;1;0;1;;TOYOTA YARIS 05-*ESP DRT ELECT P/P CONV TERM REB;TOYOTA YARIS 05-*ESP DRT ELECT P/P CONV TERM REB;0;;
61;1540;105.9057016;1540;105.9057016;CATEGORIA0;;1;1;0;1;;TOYOTA YARIS 05-*ESP ESQ ELECT P/P CONV TERM REB;TOYOTA YARIS 05-*ESP ESQ ELECT P/P CONV TERM REB;0;;
61;1540;105.9058011;1540;105.9058011;CATEGORIA0;;1;1;0;1;;TOYOTA RAV4 06-*ESP DRT ELECT P/P CONV TERM REB;TOYOTA RAV4 06-*ESP DRT ELECT P/P CONV TERM REB;0;;
61;1540;105.9058012;1540;105.9058012;CATEGORIA0;;1;1;0;1;;TOYOTA RAV4 06-*ESP ESQ ELECT P/P CONV TERM REB;TOYOTA RAV4 06-*ESP ESQ ELECT P/P CONV TERM REB;0;;
61;1540;105.9058013;1540;105.9058013;CATEGORIA0;;1;1;0;1;;TOYOTA RAV4 06-*ESP DRT ELECT P/P TERM REB C/PIS;TOYOTA RAV4 06-*ESP DRT ELECT P/P TERM REB C/PIS;0;;
61;1540;105.9058014;1540;105.9058014;CATEGORIA0;;1;1;0;1;;TOYOTA RAV4 06-*ESP ESQ ELECT P/P TERM REB C/PIS;TOYOTA RAV4 06-*ESP ESQ ELECT P/P TERM REB C/PIS;0;;
61;1540;105.9058015;1540;105.9058015;CATEGORIA0;;1;1;0;1;;TOYOTA RAV4 06-*ESP DRT ELECT P/P TERM C/PIS;TOYOTA RAV4 06-*ESP DRT ELECT P/P TERM C/PIS;0;;
61;1540;105.9058016;1540;105.9058016;CATEGORIA0;;1;1;0;1;;TOYOTA RAV4 06-*ESP ESQ ELECT TERM C/PIS;TOYOTA RAV4 06-*ESP ESQ ELECT TERM C/PIS;0;;
61;1540;105.9061011;1540;105.9061011;CATEGORIA0;;1;1;0;1;;TOYOTA HILUX 06-*ESPELHO DRT MANUAL PRETO;TOYOTA HILUX 06-*ESPELHO DRT MANUAL PRETO;0;;
61;1540;105.9061012;1540;105.9061012;CATEGORIA0;;1;1;0;1;;TOYOTA HILUX 06-*ESPELHO ESQ MANUAL PRETO;TOYOTA HILUX 06-*ESPELHO ESQ MANUAL PRETO;0;;
61;1540;105.9061013;1540;105.9061013;CATEGORIA0;;1;1;0;1;;TOYOTA HILUX 06-*ESP.DRT.ELECT. PRETO;TOYOTA HILUX 06-*ESP.DRT.ELECT. PRETO;0;;
61;1540;105.9061014;1540;105.9061014;CATEGORIA0;;1;1;0;1;;TOYOTA HILUX 06-*ESP ESQ ELECT PRETO;TOYOTA HILUX 06-*ESP ESQ ELECT PRETO;0;;
61;1540;105.9061015;1540;105.9061015;CATEGORIA0;;1;1;0;1;;TOYOTA HILUX 06-*ESP DRT ELECT CROMADO;TOYOTA HILUX 06-*ESP DRT ELECT CROMADO;0;;
61;1540;105.9061016;1540;105.9061016;CATEGORIA0;;1;1;0;1;;TOYOTA HILUX 06-*ESPELHO ESQ;TOYOTA HILUX 06-*ESPELHO ESQ;0;;
61;1540;105.9061017;1540;105.9061017;CATEGORIA0;;1;1;0;1;;TOYOTA HILUX 06-*V/ESP. DRT.;TOYOTA HILUX 06-*V/ESP. DRT.;0;;
61;1540;105.9061018;1540;105.9061018;CATEGORIA0;;1;1;0;1;;TOYOTA HILUX 06-*VIDRO ESP ESQ CONVEXO;TOYOTA HILUX 06-*VIDRO ESP ESQ CONVEXO;0;;
61;1540;105.9066011;1540;105.9066011;CATEGORIA0;;1;1;0;1;;TOYOTA AURIS 07-*ESPEL DRT EL TER P/P CONVEXO;TOYOTA AURIS 07-*ESPEL DRT EL TER P/P CONVEXO;0;;
61;1540;105.9066012;1540;105.9066012;CATEGORIA0;;1;1;0;1;;TOYOTA AURIS 07-*ESPEL ESQ EL TER P/P CONVEXO;TOYOTA AURIS 07-*ESPEL ESQ EL TER P/P CONVEXO;0;;
61;1540;105.9066015;1540;105.9066015;CATEGORIA0;;1;1;0;1;;TOYOTA AURIS 07-*V/ESP DRT ELECT CONV TERM;TOYOTA AURIS 07-*V/ESP DRT ELECT CONV TERM;0;;
61;1540;105.9066016;1540;105.9066016;CATEGORIA0;;1;1;0;1;;TOYOTA AURIS 07-*V/ESPEL ESQ EL TER CONVEXO;TOYOTA AURIS 07-*V/ESPEL ESQ EL TER CONVEXO;0;;
61;1540;105.9067011;1540;105.9067011;CATEGORIA0;;1;1;0;1;;TOYOTA COROLLA SEDAN 07-*ESP DRT ELECT P/P CONV TERM;TOYOTA COROLLA SEDAN 07-*ESP DRT ELECT P/P CONV TERM;0;;
61;1540;105.9067012;1540;105.9067012;CATEGORIA0;;1;1;0;1;;TOYOTA COROLLA SEDAN 07-*ESPEL ESQ EL P/P TER CONV;TOYOTA COROLLA SEDAN 07-*ESPEL ESQ EL P/P TER CONV;0;;
61;1540;105.9067013;1540;105.9067013;CATEGORIA0;;1;1;0;1;;TOYOTA COROLLA SEDAN 07-*ESP DRT ELECT P/P CONV TERM REB;TOYOTA COROLLA SEDAN 07-*ESP DRT ELECT P/P CONV TERM REB;0;;
61;1540;105.9067014;1540;105.9067014;CATEGORIA0;;1;1;0;1;;TOYOTA COROLLA SEDAN 07-*ESP ESQ ELECT P/P CONV TERM REB;TOYOTA COROLLA SEDAN 07-*ESP ESQ ELECT P/P CONV TERM REB;0;;
61;1540;105.9069011;1540;105.9069011;CATEGORIA0;;1;1;0;1;;TOYOTA LAND CRUISER FJ75 85-02*ESP DRT PRETO;TOYOTA LAND CRUISER FJ75 85-02*ESP DRT PRETO;0;;
61;1540;105.9069012;1540;105.9069012;CATEGORIA0;;1;1;0;1;;TOYOTA LAND CRUISER FJ75 85-02*ESP ESQ PRETO;TOYOTA LAND CRUISER FJ75 85-02*ESP ESQ PRETO;0;;
61;1540;105.9069013;1540;105.9069013;CATEGORIA0;;1;1;0;1;;TOYOTA LAND CRUISER FJ75 85-02*ESP DRT CROMADO;TOYOTA LAND CRUISER FJ75 85-02*ESP DRT CROMADO;0;;
61;1540;105.9069014;1540;105.9069014;CATEGORIA0;;1;1;0;1;;TOYOTA LAND CRUISER FJ75 85-02*ESP ESQ CROMADO;TOYOTA LAND CRUISER FJ75 85-02*ESP ESQ CROMADO;0;;
61;1540;105.9071011;1540;105.9071011;CATEGORIA0;;1;1;0;1;;ESPELHO RET.;ESPELHO RET.;0;;
61;1540;105.9071012;1540;105.9071012;CATEGORIA0;;1;1;0;1;;TOYOTA LAND CRUISER BJ40/45 74-*ESP RECT CINZA;TOYOTA LAND CRUISER BJ40/45 74-*ESP RECT CINZA;0;;
61;1540;105.9073011;1540;105.9073011;CATEGORIA0;;1;1;0;1;;TOYOTA AURIS 10-*ESP DRT ELECT P/P TERM C/LED 7PIN;TOYOTA AURIS 10-*ESP DRT ELECT P/P TERM C/LED 7PIN;0;;
61;1540;105.9073012;1540;105.9073012;CATEGORIA0;;1;1;0;1;;TOYOTA AURIS 10-*ESP ESQ ELECT P/P TERM C/LED 7PIN;TOYOTA AURIS 10-*ESP ESQ ELECT P/P TERM C/LED 7PIN;0;;
61;1540;105.9073013;1540;105.9073013;CATEGORIA0;;1;1;0;1;;TOYOTA AURIS 10-*ESP DRT ELECT P/P TERM REB C/LED 9PIN;TOYOTA AURIS 10-*ESP DRT ELECT P/P TERM REB C/LED 9PIN;0;;
61;1540;105.9073014;1540;105.9073014;CATEGORIA0;;1;1;0;1;;TOYOTA AURIS 10-*ESP ESQ EL TER P/P REB C/LED 9PIN;TOYOTA AURIS 10-*ESP ESQ EL TER P/P REB C/LED 9PIN;0;;
61;1540;105.9074011;1540;105.9074011;CATEGORIA0;;1;1;0;1;;TOYOTA AVENSIS 09-*ESP DRT ELECT P/P CONV TERM C/PIS 7PIN;TOYOTA AVENSIS 09-*ESP DRT ELECT P/P CONV TERM C/PIS 7PIN;0;;
61;1540;105.9074012;1540;105.9074012;CATEGORIA0;;1;1;0;1;;TOYOTA AVENSIS 09-*ESP ESQ ELECT P/P ASF TERM C/PIS 7PIN;TOYOTA AVENSIS 09-*ESP ESQ ELECT P/P ASF TERM C/PIS 7PIN;0;;
61;1540;105.9074013;1540;105.9074013;CATEGORIA0;;1;1;0;1;;TOYOTA AVENSIS 09-*ESP DRT ELECT P/P TERM REB C/PIS 9PIN(SO;TOYOTA AVENSIS 09-*ESP DRT ELECT P/P TERM REB C/PIS 9PIN(SO;0;;
61;1540;105.9074014;1540;105.9074014;CATEGORIA0;;1;1;0;1;;TOYOTA AVENSIS 09-*ESP ESQ ELECT P/P TERM REB C/PIS 9PIN(SO;TOYOTA AVENSIS 09-*ESP ESQ ELECT P/P TERM REB C/PIS 9PIN(SO;0;;
61;1540;105.9075011;1540;105.9075011;CATEGORIA0;;1;1;0;1;;TOYOTA AVENSIS 06-*ESP DRT ELECT P/P CONV TERM C/PIS;TOYOTA AVENSIS 06-*ESP DRT ELECT P/P CONV TERM C/PIS;0;;
61;1540;105.9075012;1540;105.9075012;CATEGORIA0;;1;1;0;1;;TOYOTA AVENSIS 06-*ESP ESQ ELECT P/P ASF TERM C/PIS;TOYOTA AVENSIS 06-*ESP ESQ ELECT P/P ASF TERM C/PIS;0;;
61;1540;105.9075013;1540;105.9075013;CATEGORIA0;;1;1;0;1;;TOYOTA AVENSIS 06-*ESP DRT ELECT P/P TERM REB C/PIS;TOYOTA AVENSIS 06-*ESP DRT ELECT P/P TERM REB C/PIS;0;;
61;1540;105.9075014;1540;105.9075014;CATEGORIA0;;1;1;0;1;;TOYOTA AVENSIS 06-*ESP ESQ ELECT P/P ASF TERM REB C/PIS;TOYOTA AVENSIS 06-*ESP ESQ ELECT P/P ASF TERM REB C/PIS;0;;
61;1540;105.9079011;1540;105.9079011;CATEGORIA0;;1;1;0;1;;TOYOTA IQ 09-*ESP DRT ELECT P/P CONV TERM C/PIS 6PIN;TOYOTA IQ 09-*ESP DRT ELECT P/P CONV TERM C/PIS 6PIN;0;;
61;1540;105.9079012;1540;105.9079012;CATEGORIA0;;1;1;0;1;;TOYOTA IQ 09-*ESP ESQ ELECT P/P CONV TERM C/PIS 6PIN;TOYOTA IQ 09-*ESP ESQ ELECT P/P CONV TERM C/PIS 6PIN;0;;
61;1540;105.9079013;1540;105.9079013;CATEGORIA0;;1;1;0;1;;TOYOTA IQ 09-*ESP DRT ELECT P/P CONV TERM REB C/PIS 8PIN;TOYOTA IQ 09-*ESP DRT ELECT P/P CONV TERM REB C/PIS 8PIN;0;;
61;1540;105.9079014;1540;105.9079014;CATEGORIA0;;1;1;0;1;;TOYOTA IQ 09-*ESP ESQ ELECT P/P CONV TERM REB C/PIS 8PIN;TOYOTA IQ 09-*ESP ESQ ELECT P/P CONV TERM REB C/PIS 8PIN;0;;
61;1540;105.9079015;1540;105.9079015;CATEGORIA0;;1;1;0;1;;TOYOTA IQ 12-*ESP DRT ELECT P/P CONV TERM C/PIS 6PIN;TOYOTA IQ 12-*ESP DRT ELECT P/P CONV TERM C/PIS 6PIN;0;;
61;1540;105.9079016;1540;105.9079016;CATEGORIA0;;1;1;0;1;;TOYOTA IQ 12-*ESP ESQ ELECT P/P ASF TERM C/PIS 6PIN;TOYOTA IQ 12-*ESP ESQ ELECT P/P ASF TERM C/PIS 6PIN;0;;
61;1540;105.9079017;1540;105.9079017;CATEGORIA0;;1;1;0;1;;TOYOTA IQ 09-*CAPA ESP DRT P/P;TOYOTA IQ 09-*CAPA ESP DRT P/P;0;;
61;1540;105.9079018;1540;105.9079018;CATEGORIA0;;1;1;0;1;;TOYOTA IQ 09-*CAPA ESP ESQ P/P;TOYOTA IQ 09-*CAPA ESP ESQ P/P;0;;
61;1540;105.9082011;1540;105.9082011;CATEGORIA0;;1;1;0;1;;TOYOTA YARIS 12-*ESP DRT ELECT P/P CONV TERM C/PIS 7PIN;TOYOTA YARIS 12-*ESP DRT ELECT P/P CONV TERM C/PIS 7PIN;0;;
61;1540;105.9082012;1540;105.9082012;CATEGORIA0;;1;1;0;1;;TOYOTA YARIS 12-ESP. ESQ. TERM.;TOYOTA YARIS 12-ESP. ESQ. TERM.;0;;
61;1540;105.9082013;1540;105.9082013;CATEGORIA0;;1;1;0;1;;TOYOTA YARIS 12-*ESP DRT ELECT P/P CONV TERM REB C/PIS;TOYOTA YARIS 12-*ESP DRT ELECT P/P CONV TERM REB C/PIS;0;;
61;1540;105.9082014;1540;105.9082014;CATEGORIA0;;1;1;0;1;;TOYOTA YARIS 12-*ESP ESQ ELECT P/P CONV TERM REB C/PIS;TOYOTA YARIS 12-*ESP ESQ ELECT P/P CONV TERM REB C/PIS;0;;
61;1100;105.9082015;1100;9082015;CATEGORIA0;;1;1;0;1;;TOYOTA YARIS 12-*V/ESP DRT TERM CONVEXO;TOYOTA YARIS 12-*V/ESP DRT TERM CONVEXO;0;;
61;1540;105.9082015;1540;105.9082015;CATEGORIA0;;1;1;0;1;;TOYOTA YARIS 12-*V/ESP DRT CONV TERM;TOYOTA YARIS 12-*V/ESP DRT CONV TERM;0;;
61;1540;105.9082016;1540;105.9082016;CATEGORIA0;;1;1;0;1;;TOYOTA YARIS 12-*V/ESP. ESQ. TERM.;TOYOTA YARIS 12-*V/ESP. ESQ. TERM.;0;;
61;1540;105.9086011;1540;105.9086011;CATEGORIA0;;1;1;0;1;;TOYOTA AURIS 13-*ESP DRT ELECT P/P TERM C/PIS 7PIN;TOYOTA AURIS 13-*ESP DRT ELECT P/P TERM C/PIS 7PIN;0;;
61;1540;105.9086012;1540;105.9086012;CATEGORIA0;;1;1;0;1;;TOYOTA AURIS 13-*ESP ESQ ELECT P/P TERM C/PIS 7PIN;TOYOTA AURIS 13-*ESP ESQ ELECT P/P TERM C/PIS 7PIN;0;;
61;1540;105.9086013;1540;105.9086013;CATEGORIA0;;1;1;0;1;;TOYOTA AURIS 13-*ESP DRT ELECT P/P TERM REB C/PIS 9PIN;TOYOTA AURIS 13-*ESP DRT ELECT P/P TERM REB C/PIS 9PIN;0;;
61;1540;105.9086014;1540;105.9086014;CATEGORIA0;;1;1;0;1;;TOYOTA AURIS 13-*ESP ESQ ELECT P/P TERM REB C/PIS 9PIN;TOYOTA AURIS 13-*ESP ESQ ELECT P/P TERM REB C/PIS 9PIN;0;;
61;1540;105.9088011;1540;105.9088011;CATEGORIA0;;1;1;0;1;;TOYOTA COROLLA 14-*ESP DRT ELECT P/P CONV TERM C/PIS 7PIN;TOYOTA COROLLA 14-*ESP DRT ELECT P/P CONV TERM C/PIS 7PIN;0;;
61;1540;105.9088012;1540;105.9088012;CATEGORIA0;;1;1;0;1;;TOYOTA COROLLA 14-*ESP ESQ ELECT P/P CONV TERM C/PIS 7PIN;TOYOTA COROLLA 14-*ESP ESQ ELECT P/P CONV TERM C/PIS 7PIN;0;;
61;1540;105.9088013;1540;105.9088013;CATEGORIA0;;1;1;0;1;;TOYOTA COROLLA 14-*ESP DRT ELECT P/P CONV TERM REB C/PIS 9PI;TOYOTA COROLLA 14-*ESP DRT ELECT P/P CONV TERM REB C/PIS 9PI;0;;
61;1540;105.9088014;1540;105.9088014;CATEGORIA0;;1;1;0;1;;TOYOTA COROLLA 14-*ESP ESQ ELECT P/P CONV TERM REB C/PIS 9PI;TOYOTA COROLLA 14-*ESP ESQ ELECT P/P CONV TERM REB C/PIS 9PI;0;;
61;1540;105.9088015;1540;105.9088015;CATEGORIA0;;1;1;0;1;;TOYOTA COROLLA/AURIS/C-HR 14-*CAPA ESP DRT P/P;TOYOTA COROLLA/AURIS/C-HR 14-*CAPA ESP DRT P/P;0;;
61;1540;105.9088016;1540;105.9088016;CATEGORIA0;;1;1;0;1;;TOYOTA COROLLA/AURIS/C-HR 14-*CAPA ESP ESQ P/P;TOYOTA COROLLA/AURIS/C-HR 14-*CAPA ESP ESQ P/P;0;;
61;1540;105.9088017;1540;105.9088017;CATEGORIA0;;1;1;0;1;;TOYOTA COROLLA/AURIS/C-HR 14-*V/ESP DRT CONV TERM;TOYOTA COROLLA/AURIS/C-HR 14-*V/ESP DRT CONV TERM;0;;
61;1540;105.9088018;1540;105.9088018;CATEGORIA0;;1;1;0;1;;TOYOTA COROLLA/AURIS 14 - VIDRO ESPELHO ESQ.;TOYOTA COROLLA/AURIS 14 - VIDRO ESPELHO ESQ.;0;;
61;1540;105.9091011;1540;105.9091011;CATEGORIA0;;1;1;0;1;;TOYOTA YARIS 15-*ESP DRT ELECT P/P CONV TERM C/PIS 7PIN;TOYOTA YARIS 15-*ESP DRT ELECT P/P CONV TERM C/PIS 7PIN;0;;
61;1540;105.9091012;1540;105.9091012;CATEGORIA0;;1;1;0;1;;TOYOTA YARIS 15-*ESP ESQ ELECT P/P CONV TERM C/PIS 7PIN;TOYOTA YARIS 15-*ESP ESQ ELECT P/P CONV TERM C/PIS 7PIN;0;;
61;1540;105.9091013;1540;105.9091013;CATEGORIA0;;1;1;0;1;;TOYOTA YARIS 15-*ESP DRT ELECT P/P CONV TERM REB C/PIS 9PIN;TOYOTA YARIS 15-*ESP DRT ELECT P/P CONV TERM REB C/PIS 9PIN;0;;
61;1540;105.9091014;1540;105.9091014;CATEGORIA0;;1;1;0;1;;TOYOTA YARIS 15-*ESP ESQ ELECT P/P CONV TERM REB C/PIS 9PIN;TOYOTA YARIS 15-*ESP ESQ ELECT P/P CONV TERM REB C/PIS 9PIN;0;;
61;1540;105.9091015;1540;105.9091015;CATEGORIA0;;1;1;0;1;;TOYOTA YARIS 15-*CAPA ESP DRT P/P;TOYOTA YARIS 15-*CAPA ESP DRT P/P;0;;
61;1540;105.9091016;1540;105.9091016;CATEGORIA0;;1;1;0;1;;TOYOTA YARIS 15-*CAPA ESP ESQ P/P;TOYOTA YARIS 15-*CAPA ESP ESQ P/P;0;;
61;1540;105.9093011;1540;105.9093011;CATEGORIA0;;1;1;0;1;;TOYOTA HILUX 16-*ESP DRT ELECT CONV PRETO;TOYOTA HILUX 16-*ESP DRT ELECT CONV PRETO;0;;
61;1540;105.9093012;1540;105.9093012;CATEGORIA0;;1;1;0;1;;TOYOTA HILUX 16-*ESP ESQ ELECT CONV PRETO;TOYOTA HILUX 16-*ESP ESQ ELECT CONV PRETO;0;;
61;1540;105.9093013;1540;105.9093013;CATEGORIA0;;1;1;0;1;;TOYOTA HILUX 16-*ESP DRT ELECT CONV PRETO C/PIS;TOYOTA HILUX 16-*ESP DRT ELECT CONV PRETO C/PIS;0;;
61;1540;105.9093014;1540;105.9093014;CATEGORIA0;;1;1;0;1;;TOYOTA HILUX 16-*ESP ESQ ELECT CONV PRETO C/PIS;TOYOTA HILUX 16-*ESP ESQ ELECT CONV PRETO C/PIS;0;;
61;1540;105.9093015;1540;105.9093015;CATEGORIA0;;1;1;0;1;;TOYOTA HILUX 16-*ESP DRT ELECT CONV CROMADO C/PIS;TOYOTA HILUX 16-*ESP DRT ELECT CONV CROMADO C/PIS;0;;
61;1540;105.9093016;1540;105.9093016;CATEGORIA0;;1;1;0;1;;TOYOTA HILUX 16-*ESP ESQ ELECT CONV CROMADO C/PIS;TOYOTA HILUX 16-*ESP ESQ ELECT CONV CROMADO C/PIS;0;;
61;1540;105.9093017;1540;105.9093017;CATEGORIA0;;1;1;0;1;;TOYOTA HILUX 16-*ESP DRT ELECT CONV CROMADO REB C/PIS;TOYOTA HILUX 16-*ESP DRT ELECT CONV CROMADO REB C/PIS;0;;
61;1540;105.9093018;1540;105.9093018;CATEGORIA0;;1;1;0;1;;TOYOTA HILUX 16-*ESP ESQ ELECT CONV CROMADO REB C/PIS;TOYOTA HILUX 16-*ESP ESQ ELECT CONV CROMADO REB C/PIS;0;;
61;1540;105.9096011;1540;105.9096011;CATEGORIA0;;1;1;0;1;;TOYOTA AVENSIS 15-*ESP DRT ELECT P/P CONV TERM C/PIS 7PIN;TOYOTA AVENSIS 15-*ESP DRT ELECT P/P CONV TERM C/PIS 7PIN;0;;
61;1540;105.9096012;1540;105.9096012;CATEGORIA0;;1;1;0;1;;TOYOTA AVENSIS 15-*ESP ESQ ELECT P/P ASF TERM C/PIS 7PIN;TOYOTA AVENSIS 15-*ESP ESQ ELECT P/P ASF TERM C/PIS 7PIN;0;;
61;1540;105.9096013;1540;105.9096013;CATEGORIA0;;1;1;0;1;;TOYOTA AVENSIS 15-*ESP DRT ELECT P/P CONV TERM REB C/PIS 9PI;TOYOTA AVENSIS 15-*ESP DRT ELECT P/P CONV TERM REB C/PIS 9PI;0;;
61;1540;105.9096014;1540;105.9096014;CATEGORIA0;;1;1;0;1;;TOYOTA AVENSIS 15-*ESP ESQ ELECT P/P ASF TERM REB C/PIS 9PIN;TOYOTA AVENSIS 15-*ESP ESQ ELECT P/P ASF TERM REB C/PIS 9PIN;0;;
61;1540;105.9097011;1540;105.9097011;CATEGORIA0;;1;1;0;1;;TOYOTA C-HR 16-*ESP DRT ELECT P/P CONV TERM C/PIS 7PIN;TOYOTA C-HR 16-*ESP DRT ELECT P/P CONV TERM C/PIS 7PIN;0;;
61;1540;105.9097012;1540;105.9097012;CATEGORIA0;;1;1;0;1;;TOYOTA C-HR 16-*ESP ESQ ELECT P/P CONV TERM C/PIS 7PIN;TOYOTA C-HR 16-*ESP ESQ ELECT P/P CONV TERM C/PIS 7PIN;0;;
61;1540;105.9097013;1540;105.9097013;CATEGORIA0;;1;1;0;1;;TOYOTA C-HR 16-*ESP DRT ELECT P/P CONV TERM REB C/PIS 9PIN;TOYOTA C-HR 16-*ESP DRT ELECT P/P CONV TERM REB C/PIS 9PIN;0;;
61;1540;105.9097014;1540;105.9097014;CATEGORIA0;;1;1;0;1;;TOYOTA C-HR 16-*ESP ESQ ELECT P/P CONV TERM REB C/PIS 9PIN;TOYOTA C-HR 16-*ESP ESQ ELECT P/P CONV TERM REB C/PIS 9PIN;0;;
61;1540;105.9100011;1540;105.9100011;CATEGORIA0;;1;1;0;1;;TOYOTA COROLLA 2018.10-*ESP DRT ELECT TERM P/P CONV C/PIS 6P;TOYOTA COROLLA 2018.10-*ESP DRT ELECT TERM P/P CONV C/PIS 6P;0;;
61;1540;105.9100012;1540;105.9100012;CATEGORIA0;;1;1;0;1;;TOYOTA COROLLA 2018.10-*ESP ESQ ELECT TERM P/P CONV C/PIS 6P;TOYOTA COROLLA 2018.10-*ESP ESQ ELECT TERM P/P CONV C/PIS 6P;0;;
61;1540;105.9100013;1540;105.9100013;CATEGORIA0;;1;1;0;1;;TOYOTA COROLLA 2018.10-*ESP DRT ELECT TERM REB P/P CONV C/PI;TOYOTA COROLLA 2018.10-*ESP DRT ELECT TERM REB P/P CONV C/PI;0;;
61;1540;105.9100014;1540;105.9100014;CATEGORIA0;;1;1;0;1;;TOYOTA COROLLA 2018.10-*ESP ESQ ELECT TERM REB P/P CONV C/PI;TOYOTA COROLLA 2018.10-*ESP ESQ ELECT TERM REB P/P CONV C/PI;0;;
61;1540;105.9100015;1540;105.9100015;CATEGORIA0;;1;1;0;1;;TOYOTA COROLLA 2018.10-*ESP DRT ELECT TERM REB P/P CONV C/PI;TOYOTA COROLLA 2018.10-*ESP DRT ELECT TERM REB P/P CONV C/PI;0;;
61;1540;105.9100016;1540;105.9100016;CATEGORIA0;;1;1;0;1;;TOYOTA COROLLA 2018.10-*ESP ESQ ELECT TERM REB P/P CONV C/PI;TOYOTA COROLLA 2018.10-*ESP ESQ ELECT TERM REB P/P CONV C/PI;0;;
61;1540;105.9100017;1540;105.9100017;CATEGORIA0;;1;1;0;1;;TOYOTA COROLLA 2018.10-/YARIS 5P 2020.02-*V/ESP DRT CONV TER;TOYOTA COROLLA 2018.10-/YARIS 5P 2020.02-*V/ESP DRT CONV TER;0;;
61;1540;105.9100018;1540;105.9100018;CATEGORIA0;;1;1;0;1;;TOYOTA COROLLA 2018.10-/YARIS 5P 2020.02-*V/ESP ESQ CONV TER;TOYOTA COROLLA 2018.10-/YARIS 5P 2020.02-*V/ESP ESQ CONV TER;0;;
61;1540;105.9100019;1540;105.9100019;CATEGORIA0;;1;1;0;1;;TOYOTA COROLLA 2018.10-/YARIS 5P 2020.02-*V/ESP DRT CONV TER;TOYOTA COROLLA 2018.10-/YARIS 5P 2020.02-*V/ESP DRT CONV TER;0;;
61;1540;105.9100020;1540;105.9100020;CATEGORIA0;;1;1;0;1;;TOYOTA COROLLA 2018.10-/YARIS 5P 2020.02-*V/ESP ESQ CONV TER;TOYOTA COROLLA 2018.10-/YARIS 5P 2020.02-*V/ESP ESQ CONV TER;0;;
61;1540;105.9100021;1540;105.9100021;CATEGORIA0;;1;1;0;1;;TOYOTA COROLLA 2018.10-*CAPA ESP DRT P/P;TOYOTA COROLLA 2018.10-*CAPA ESP DRT P/P;0;;
61;1540;105.9100022;1540;105.9100022;CATEGORIA0;;1;1;0;1;;TOYOTA COROLLA 2018.10-*CAPA ESP ESQ P/P;TOYOTA COROLLA 2018.10-*CAPA ESP ESQ P/P;0;;
61;1540;105.9104011;1540;105.9104011;CATEGORIA0;;1;1;0;1;;TOYOTA YARIS 5P 2020.02-*ESP DRT ELECT P/P CONV TERM C/PISCA;TOYOTA YARIS 5P 2020.02-*ESP DRT ELECT P/P CONV TERM C/PISCA;0;;
61;1540;105.9104012;1540;105.9104012;CATEGORIA0;;1;1;0;1;;TOYOTA YARIS 5P 2020.02-*ESP ESQ ELECT P/P CONV TERM C/PISCA;TOYOTA YARIS 5P 2020.02-*ESP ESQ ELECT P/P CONV TERM C/PISCA;0;;
61;1540;105.9104013;1540;105.9104013;CATEGORIA0;;1;1;0;1;;TOYOTA YARIS 5P 2020.02-*ESP DRT ELECT P/P CONV TERM REB C/P;TOYOTA YARIS 5P 2020.02-*ESP DRT ELECT P/P CONV TERM REB C/P;0;;
61;1540;105.9104014;1540;105.9104014;CATEGORIA0;;1;1;0;1;;TOYOTA YARIS 5P 2020.02-*ESP ESQ ELECT P/P CONV TERM REB C/P;TOYOTA YARIS 5P 2020.02-*ESP ESQ ELECT P/P CONV TERM REB C/P;0;;
61;1540;105.9910011;1540;105.9910011;CATEGORIA0;;1;1;0;1;;ESPELHO D/E MAN CONV UNIV VERT(14-22MM)262X147MM;ESPELHO D/E MAN CONV UNIV VERT(14-22MM)262X147MM;0;;
61;1540;105.9910012;1540;105.9910012;CATEGORIA0;;1;1;0;1;;ESPELHO D/E MAN CONV UNIV VERT(14-22MM)352X170MM;ESPELHO D/E MAN CONV UNIV VERT(14-22MM)352X170MM;0;;
61;1540;105.9910013;1540;105.9910013;CATEGORIA0;;1;1;0;1;;ESPELHO D/E MAN CONV UNIV VERT(15-28MM)376X187MM;ESPELHO D/E MAN CONV UNIV VERT(15-28MM)376X187MM;0;;
61;1540;105.9910014;1540;105.9910014;CATEGORIA0;;1;1;0;1;;ESP DRT/ESQ MAN CONV TERM UNIV VERT(15-28MM)376X187MM;ESP DRT/ESQ MAN CONV TERM UNIV VERT(15-28MM)376X187MM;0;;
61;1540;105.9910015;1540;105.9910015;CATEGORIA0;;1;1;0;1;;ESPELHO D/E MAN CONV UNIV VERT(14-22MM)403X203MM;ESPELHO D/E MAN CONV UNIV VERT(14-22MM)403X203MM;0;;
61;1540;105.9910016;1540;105.9910016;CATEGORIA0;;1;1;0;1;;ESPELHO D/E MAN CONV UNIV HORIZ(14-22MM)238X143MM;ESPELHO D/E MAN CONV UNIV HORIZ(14-22MM)238X143MM;0;;
61;1540;105.9910017;1540;105.9910017;CATEGORIA0;;1;1;0;1;;ESP DRT/ESQ MAN UNIV REDONDO C/RÓTULA 10MM;ESP DRT/ESQ MAN UNIV REDONDO C/RÓTULA 10MM;0;;
61;1540;105.9910018;1540;105.9910018;CATEGORIA0;;1;1;0;1;;ESPELHO D/E MAN UNIV RECTANG C/RÓTULA 10MM;ESPELHO D/E MAN UNIV RECTANG C/RÓTULA 10MM;0;;
61;1540;1050111;1540;1050111;CATEGORIA0;;1;1;0;1;;P/CHOQUES FRT;P/CHOQUES FRT;0;;
61;1540;1050510;1540;1050510;CATEGORIA0;;1;1;0;1;;GRELHA FRT;GRELHA FRT;0;;
61;1540;105810;1540;105810;CATEGORIA0;;1;1;0;1;;CENTRO P/C TR C/F SENSOR;CENTRO P/C TR C/F SENSOR;0;;
61;1540;106.010602;1540;106.010602;CATEGORIA0;;1;1;0;1;;ELEVADOR VIDRO FRT. ESQ.;ELEVADOR VIDRO FRT. ESQ.;0;;
61;1540;106.011451;1540;106.011451;CATEGORIA0;;1;1;0;1;;ALFA GIULIETTA 10-*PUNHO PORTA INT FRT DRT;ALFA GIULIETTA 10-*PUNHO PORTA INT FRT DRT;0;;
61;1540;106.011454;1540;106.011454;CATEGORIA0;;1;1;0;1;;ALFA GIULIETTA 10-*PUNHO PORTA INT TRÁS ESQ;ALFA GIULIETTA 10-*PUNHO PORTA INT TRÁS ESQ;0;;
61;1540;106.020301;1540;106.020301;CATEGORIA0;;1;1;0;1;;ELEVADOR VIDRO FRENTE DIREITA;ELEVADOR VIDRO FRENTE DIREITA;0;;
61;1540;106.020316;1540;106.020316;CATEGORIA0;;1;1;0;1;;ELEVADOR VIDRO FRT. ESQ.;ELEVADOR VIDRO FRT. ESQ.;0;;
61;1540;106.020318;1540;106.020318;CATEGORIA0;;1;1;0;1;;ELEVADOR VIDRO TRÁS ESQ.;ELEVADOR VIDRO TRÁS ESQ.;0;;
61;1540;106.020616;1540;106.020616;CATEGORIA0;;1;1;0;1;;ELEVADOR VIDRO FRT. ESQ. S/MOTOR;ELEVADOR VIDRO FRT. ESQ. S/MOTOR;0;;
61;1540;106.021516;1540;106.021516;CATEGORIA0;;1;1;0;1;;ELEVADOR FRT. DTO. 5P;ELEVADOR FRT. DTO. 5P;0;;
61;1540;106.021519;1540;106.021519;CATEGORIA0;;1;1;0;1;;ELEVADOR TRAS. ESQ. 5P;ELEVADOR TRAS. ESQ. 5P;0;;
61;1540;106.060819;1540;106.060819;CATEGORIA0;;1;1;0;1;;ELEVADOR VIDRO FRT. DTO.;ELEVADOR VIDRO FRT. DTO.;0;;
61;1540;106.060821;1540;106.060821;CATEGORIA0;;1;1;0;1;;ELEVADOR VIDRO TRÁS DTO. (S/MOTOR);ELEVADOR VIDRO TRÁS DTO. (S/MOTOR);0;;
61;1540;106.06130121;1540;106.06130121;CATEGORIA0;;1;1;0;1;;FECHADURA PORTA BMW;FECHADURA PORTA BMW;0;;
61;1540;106.061322;1540;106.061322;CATEGORIA0;;1;1;0;1;;ELEVADOR TRÁS ESQ. 4P (S/MOTOR);ELEVADOR TRÁS ESQ. 4P (S/MOTOR);0;;
61;1540;106.061616;1540;106.061316;CATEGORIA0;;1;1;0;1;;ELEVADOR VIDRO;ELEVADOR VIDRO;0;;
61;1540;106.071316;1540;106.071316;CATEGORIA0;;1;1;0;1;;ELEVADOR FRT DRT (S/ MOTOR);ELEVADOR FRT DRT (S/ MOTOR);0;;
61;1540;106.071614;1540;106.071614;CATEGORIA0;;1;1;0;1;;ELEVADOR  VIDRO;ELEVADOR  VIDRO;0;;
61;1540;106.071651;1540;106.071651;CATEGORIA0;;1;1;0;1;;CITROEN SAXO 96-*PUNHO PORTA FRT DRT PRETO 5P;CITROEN SAXO 96-*PUNHO PORTA FRT DRT PRETO 5P;0;;
61;1540;106.071652;1540;106.071652;CATEGORIA0;;1;1;0;1;;CITROEN SAXO 96-* PUNHO PORTA FRT ESQ PRETO 5P;CITROEN SAXO 96-* PUNHO PORTA FRT ESQ PRETO 5P;0;;
61;1540;106.071702;1540;106.071702;CATEGORIA0;;1;1;0;1;;CITROEN BERLINGO/PART 96-08* L/V ELETR FRT ESQ;CITROEN BERLINGO/PART 96-08* L/V ELETR FRT ESQ;0;;
61;1540;106.071715;1540;106.071715;CATEGORIA0;;1;1;0;1;;ELEVADOR VIDRO FRT. DTO. (S/MOTOR);ELEVADOR VIDRO FRT. DTO. (S/MOTOR);0;;
61;1540;106.071753;1540;106.071753;CATEGORIA0;;1;1;0;1;;PUNHO PORTA;PUNHO PORTA;0;;
61;1540;106.071754;1540;106.071754;CATEGORIA0;;1;1;0;1;;PUNHO PORTA;PUNHO PORTA;0;;
61;1540;106.072451;1540;106.072451;CATEGORIA0;;1;1;0;1;;PUNHO PORTA FRT. DTA. TRÁS;PUNHO PORTA FRT. DTA. TRÁS;0;;
61;1540;106.072452;1540;106.072452;CATEGORIA0;;1;1;0;1;;PUNHO PORTA FRT. ESQ.;PUNHO PORTA FRT. ESQ.;0;;
61;1540;106.072492;1540;106.072492;CATEGORIA0;;1;1;0;1;;INTERRUPTOR ELEVADOR/V;INTERRUPTOR ELEVADOR/V;0;;
61;1540;106.072692;1540;106.072692;CATEGORIA0;;1;1;0;1;;BOTAO L/V FRT DRT/ESQ C/CONF 5PIN;BOTAO L/V FRT DRT/ESQ C/CONF 5PIN;0;;
61;1540;106.073750;1540;106.073750;CATEGORIA0;;1;1;0;1;;PUNHO PORTA;PUNHO PORTA;0;;
61;1540;106.073756;1540;106.073756;CATEGORIA0;;1;1;0;1;;PUNHO EXT. FRT./TRAS DTO.;PUNHO EXT. FRT./TRAS DTO.;0;;
61;1540;106.073757;1540;106.073757;CATEGORIA0;;1;1;0;1;;PUNHO PORTA FRT. ESQ.;PUNHO PORTA FRT. ESQ.;0;;
61;1540;106.073791;1540;106.073791;CATEGORIA0;;1;1;0;1;;BERLINGO/PARTNER 08-*BOTAO VIDROS;BERLINGO/PARTNER 08-*BOTAO VIDROS;0;;
61;1540;106.073792;1540;106.073792;CATEGORIA0;;1;1;0;1;;INTERRUPTOR VIDROS;INTERRUPTOR VIDROS;0;;
61;1540;106.073815;1540;106.073815;CATEGORIA0;;1;1;0;1;;ELEVADOR VIDRO F.;ELEVADOR VIDRO F.;0;;
61;1540;106.073893;1540;106.073893;CATEGORIA0;;1;1;0;1;;CITROEN NEMO/FIOR/BIP 08-*COMANDO COMPLETO;CITROEN NEMO/FIOR/BIP 08-*COMANDO COMPLETO;0;;
61;1540;106.073894;1540;106.073894;CATEGORIA0;;1;1;0;1;;INTERRUPTOR VIDROS;INTERRUPTOR VIDROS;0;;
61;1540;106.073901;1540;106.073901;CATEGORIA0;;1;1;0;1;;CITROEN C5 08-*ELEVADOR EL. FR. DRT. (S/ MOTOR);CITROEN C5 08-*ELEVADOR EL. FR. DRT. (S/ MOTOR);0;;
61;1540;106.073902;1540;106.073902;CATEGORIA0;;1;1;0;1;;ELEVADOR VIDRO F.;ELEVADOR VIDRO F.;0;;
61;1540;106.073916;1540;106.073916;CATEGORIA0;;1;1;0;1;;CITROEN C5 08-*L/V ELEC TR DTO.(S/MOTOR);CITROEN C5 08-*L/V ELEC TR DTO.(S/MOTOR);0;;
61;1540;106.073917;1540;106.073917;CATEGORIA0;;1;1;0;1;;CITROEN C5 08-*L/V ELEC TR ESQ (S/MOTOR);CITROEN C5 08-*L/V ELEC TR ESQ (S/MOTOR);0;;
61;1540;106.074717;1540;106.074717;CATEGORIA0;;1;1;0;1;;ELEVADOR VIDRO FRT ESQ 5P;ELEVADOR VIDRO FRT ESQ 5P;0;;
61;1540;106.090851;1540;106.090851;CATEGORIA0;;1;1;0;1;;PUNHO EXT. FRT./TRAS DTO.;PUNHO EXT. FRT./TRAS DTO.;0;;
61;1540;106.091213;1540;106.091213;CATEGORIA0;;1;1;0;1;;FIAT PANDA 86-*L/V MANUAL FRT DRT;FIAT PANDA 86-*L/V MANUAL FRT DRT;0;;
61;1540;106.091351;1540;106.091351;CATEGORIA0;;1;1;0;1;;PUNHO PORTA FRT/TRAS DRT;PUNHO PORTA FRT/TRAS DRT;0;;
61;1540;106.091652;1540;106.091652;CATEGORIA0;;1;1;0;1;;PUNHO PORTA FRT. ESQ. S/CHAVE;PUNHO PORTA FRT. ESQ. S/CHAVE;0;;
61;1540;106.092353;1540;106.092353;CATEGORIA0;;1;1;0;1;;PUNHO PORTA LAT. SCUDO/JUMPY 99-;PUNHO PORTA LAT. SCUDO/JUMPY 99-;0;;
61;1540;106.092355;1540;106.092355;CATEGORIA0;;1;1;0;1;;PUNHO PORTA;PUNHO PORTA;0;;
61;1540;106.092356;1540;106.092356;CATEGORIA0;;1;1;0;1;;PUNHO EXT. PORTA LATERAL;PUNHO EXT. PORTA LATERAL;0;;
61;1540;106.092652;1540;106.092652;CATEGORIA0;;1;1;0;1;;PUNHO PORTA LAT. DTA.;PUNHO PORTA LAT. DTA.;0;;
61;1540;106.092751;1540;106.092751;CATEGORIA0;;1;1;0;1;;IVECO DAILY 90-*PUNHO PORTA FRT/TRAS/LAT DRT C/CHAVE;IVECO DAILY 90-*PUNHO PORTA FRT/TRAS/LAT DRT C/CHAVE;0;;
61;1540;106.093103;1540;106.093103;CATEGORIA0;;1;1;0;1;;ELEVADOR VIDRO;ELEVADOR VIDRO;0;;
61;1540;106.093151;1540;106.093151;CATEGORIA0;;1;1;0;1;;PUXADOR EXT. FRT. DTO.;PUXADOR EXT. FRT. DTO.;0;;
61;1540;106.093152;1540;106.093152;CATEGORIA0;;1;1;0;1;;PUXADOR EXT. FRT.ESQ.;PUXADOR EXT. FRT.ESQ.;0;;
61;1540;106.093153;1540;106.093153;CATEGORIA0;;1;1;0;1;;PUNHO PORTA LAT. IVECO;PUNHO PORTA LAT. IVECO;0;;
61;1540;106.093154;1540;106.093154;CATEGORIA0;;1;1;0;1;;FIAT DOBLO 01-10*PUNHO PORTA LAT DRT CORRER C/CHAVE;FIAT DOBLO 01-10*PUNHO PORTA LAT DRT CORRER C/CHAVE;0;;
61;1540;106.093155;1540;106.093155;CATEGORIA0;;1;1;0;1;;PUNHO PORTA MALA;PUNHO PORTA MALA;0;;
61;1540;106.094104;1540;106.094104;CATEGORIA0;;1;1;0;1;;FIAT STILO 01-*ELEVADOR FRT. ESQ. 5P (S/MOTOR);FIAT STILO 01-*ELEVADOR FRT. ESQ. 5P (S/MOTOR);0;;
61;1540;106.094352;1540;106.094352;CATEGORIA0;;1;1;0;1;;FIAT DUC/BOX/JUMP 02-*PUNHO PORTA LAT DRT CORRER;FIAT DUC/BOX/JUMP 02-*PUNHO PORTA LAT DRT CORRER;0;;
61;1540;106.094391;1540;106.094391;CATEGORIA0;;1;1;0;1;;FIAT DUC/BOX/JUMP 02-*BOTAO L/V FRT DRT;FIAT DUC/BOX/JUMP 02-*BOTAO L/V FRT DRT;0;;
61;1540;106.094802;1540;106.094802;CATEGORIA0;;1;1;0;1;;ELEVADOR VIDRO FRT. ESQ;ELEVADOR VIDRO FRT. ESQ;0;;
61;1540;106.094901;1540;106.094901;CATEGORIA0;;1;1;0;1;;ELEVADOR VIDRO FRT. DTO.;ELEVADOR VIDRO FRT. DTO.;0;;
61;1540;106.094917;1540;106.094917;CATEGORIA0;;1;1;0;1;;ELEVADOR VIDRO FRT. ESQ.;ELEVADOR VIDRO FRT. ESQ.;0;;
61;1540;106.094923;1540;106.094923;CATEGORIA0;;1;1;0;1;;ELEVADOR MANUAL FIAT;ELEVADOR MANUAL FIAT;0;;
61;1540;106.094954;1540;106.094954;CATEGORIA0;;1;1;0;1;;GRANDE PUNTO 05-*PUNHO PORTA FRT ESQ P/P 5P;GRANDE PUNTO 05-*PUNHO PORTA FRT ESQ P/P 5P;0;;
61;1540;106.095382;1540;106.095382;CATEGORIA0;;1;1;0;1;;CLIO 09- P/CHOQUES TRÁS P/P;CLIO 09- P/CHOQUES TRÁS P/P;0;;
61;1540;106.095392;1540;106.095392;CATEGORIA0;;1;1;0;1;;INTERRUPTOR VIDROS;INTERRUPTOR VIDROS;0;;
61;1540;106.095418;1540;106.095418;CATEGORIA0;;1;1;0;1;;FIAT SCUDO/JUMPY 07-* L/V ELÉTRICO DRT (S/MOTOR);FIAT SCUDO/JUMPY 07-* L/V ELÉTRICO DRT (S/MOTOR);0;;
61;1540;106.095851;1540;106.095851;CATEGORIA0;;1;1;0;1;;FIAT 500 07- PUNHO PORTA FRT. DTA. C/FURO S/CHAVE;FIAT 500 07- PUNHO PORTA FRT. DTA. C/FURO S/CHAVE;0;;
61;1540;106.095852;1540;106.095852;CATEGORIA0;;1;1;0;1;;FIAT 500 07-*PUNHO PORTA FR. ESQ. C/FURO;FIAT 500 07-*PUNHO PORTA FR. ESQ. C/FURO;0;;
61;1540;106.095855;1540;106.095855;CATEGORIA0;;1;1;0;1;;PUNHO PORTA FRT DTO;PUNHO PORTA FRT DTO;0;;
61;1540;106.096391;1540;106.096391;CATEGORIA0;;1;1;0;1;;INTERRUPTOR VIDROS;INTERRUPTOR VIDROS;0;;
61;1540;106.096395;1540;106.096395;CATEGORIA0;;1;1;0;1;;INTERRUPTOR VIDROS;INTERRUPTOR VIDROS;0;;
61;1540;106.096892;1540;106.096892;CATEGORIA0;;1;1;0;1;;INTERRUPTOR VIDROS;INTERRUPTOR VIDROS;0;;
61;1540;106.097716;1540;106.097716;CATEGORIA0;;1;1;0;1;;ELEVADOR VIDRO FRT. ESQ.;ELEVADOR VIDRO FRT. ESQ.;0;;
61;1540;106.101451;1540;106.101451;CATEGORIA0;;1;1;0;1;;PUNHO PORTA FRT. DTO.;PUNHO PORTA FRT. DTO.;0;;
61;1540;106.102604;1540;106.102604;CATEGORIA0;;1;1;0;1;;ELEVADOR VIDRO FRT. ESQ.;ELEVADOR VIDRO FRT. ESQ.;0;;
61;1540;106.102621;1540;106.102621;CATEGORIA0;;1;1;0;1;;ELEVADOR VIDRO TRÁS DTO.;ELEVADOR VIDRO TRÁS DTO.;0;;
61;1540;106.102692;1540;106.102692;CATEGORIA0;;1;1;0;1;;PUXADOR DE PORTA FRENTE ESQ;PUXADOR DE PORTA FRENTE ESQ;0;;
61;1540;106.102924;1540;106.102924;CATEGORIA0;;1;1;0;1;;ELEVADOR VIDRO ELETR FRT ESQ;ELEVADOR VIDRO ELETR FRT ESQ;0;;
61;1540;106.103092;1540;106.103092;CATEGORIA0;;1;1;0;1;;COMANDO PORTA FRT. ESQ. FOCUS 02-;COMANDO PORTA FRT. ESQ. FOCUS 02-;0;;
61;1540;106.103119;1540;106.103119;CATEGORIA0;;1;1;0;1;;ELEVADOR VIDRO FRT. ESQ.;ELEVADOR VIDRO FRT. ESQ.;0;;
61;1540;106.103302;1540;106.103302;CATEGORIA0;;1;1;0;1;;FORD TRANSIT CONNECT 02-*L/V ELET FRT ESQ;FORD TRANSIT CONNECT 02-*L/V ELET FRT ESQ;0;;
61;1540;106.103324;1540;106.103324;CATEGORIA0;;1;1;0;1;;ELEVADOR VIDRO ELETRICO FRT. DRT.;ELEVADOR VIDRO ELETRICO FRT. DRT.;0;;
61;1540;106.104118;1540;106.104118;CATEGORIA0;;1;1;0;1;;ELEVADOR VIDRO TRÁS DRT.;ELEVADOR VIDRO TRÁS DRT.;0;;
61;1540;106.130819;1540;106.130819;CATEGORIA0;;1;1;0;1;;ELEVADOR VIDRO TRÁS DRT.;ELEVADOR VIDRO TRÁS DRT.;0;;
61;1540;106.130916;1540;106.130916;CATEGORIA0;;1;1;0;1;;ELEVADOR VIDRO TRÁS DTO. (S/MOTOR);ELEVADOR VIDRO TRÁS DTO. (S/MOTOR);0;;
61;1540;106.130917;1540;106.130917;CATEGORIA0;;1;1;0;1;;ELEVADOR VIDRO TRÁS ESQ. (S/MOTOR);ELEVADOR VIDRO TRÁS ESQ. (S/MOTOR);0;;
61;1540;106.131315;1540;106.131315;CATEGORIA0;;1;1;0;1;;MERCEDES C W203 01-*L/V ELECT TRÁS DRT (S/MOTOR);MERCEDES C W203 01-*L/V ELECT TRÁS DRT (S/MOTOR);0;;
61;1540;106.131416;1540;106.131416;CATEGORIA0;;1;1;0;1;;ELEVADOR VIDRO FRT. DTO. (S/MOTOR);ELEVADOR VIDRO FRT. DTO. (S/MOTOR);0;;
61;1540;106.131893;1540;106.131893;CATEGORIA0;;1;1;0;1;;INTERRUPTOR VIDROS;INTERRUPTOR VIDROS;0;;
61;1540;106.131902;1540;106.131902;CATEGORIA0;;1;1;0;1;;ELEVADOR VIDRO F. ESQ.;ELEVADOR VIDRO F. ESQ.;0;;
61;1540;106.131951;1540;106.131951;CATEGORIA0;;1;1;0;1;;PUXADOR EXT. FRT.;PUXADOR EXT. FRT.;0;;
61;1540;106.132221;1540;106.132221;CATEGORIA0;;1;1;0;1;;ELEVADOR VIDRO FRT ESQ;ELEVADOR VIDRO FRT ESQ;0;;
61;1540;106.141203;1540;106.141203;CATEGORIA0;;1;1;0;1;;ELEVADOR VIDRO FRT. DTA.;ELEVADOR VIDRO FRT. DTA.;0;;
61;1540;106.141214;1540;106.141214;CATEGORIA0;;1;1;0;1;;ELEVADOR VIDRO FRT. ESQ.;ELEVADOR VIDRO FRT. ESQ.;0;;
61;1540;106.141215;1540;106.141215;CATEGORIA0;;1;1;0;1;;ELEVADOR VIDRO TRAS DRT;ELEVADOR VIDRO TRAS DRT;0;;
61;1540;106.141415;1540;106.141415;CATEGORIA0;;1;1;0;1;;MERCEDES W211 02-* ELEVADOR VIDRO ELET FRT ESQ (S/MOTOR);MERCEDES W211 02-* ELEVADOR VIDRO ELET FRT ESQ (S/MOTOR);0;;
61;1540;106.141601;1540;106.141601;CATEGORIA0;;1;1;0;1;;MCC SMART FORTWO 98-*L/V ELECT FRT DRT;MCC SMART FORTWO 98-*L/V ELECT FRT DRT;0;;
61;1540;106.141615;1540;106.141615;CATEGORIA0;;1;1;0;1;;ELEVADOR FR. DRT. SMART FORTWO 98-;ELEVADOR FR. DRT. SMART FORTWO 98-;0;;
61;1540;106.141616;1540;106.141616;CATEGORIA0;;1;1;0;1;;ELEVADOR VIDRO;ELEVADOR VIDRO;0;;
61;1540;106.142201;1540;106.142201;CATEGORIA0;;1;1;0;1;;MERCEDES A/B W169 04-12* ELEVADOR VIDRO ELÉT FRT DRT (S/MOTO;MERCEDES A/B W169 04-12* ELEVADOR VIDRO ELÉT FRT DRT (S/MOTO;0;;
61;1540;106.143216;1540;106.143216;CATEGORIA0;;1;1;0;1;;ELEVADOR VIDRO FRT. DTO.;ELEVADOR VIDRO FRT. DTO.;0;;
61;1540;106.150201;1540;106.150201;CATEGORIA0;;1;1;0;1;;MINI 01-*L/V ELECT FRT DRT 3P;MINI 01-*L/V ELECT FRT DRT 3P;0;;
61;1540;106.150219;1540;106.150219;CATEGORIA0;;1;1;0;1;;MINI 01-*L/V ELECT FRT ESQ 3P (S/MOTOR);MINI 01-*L/V ELECT FRT ESQ 3P (S/MOTOR);0;;
61;1540;106.162102;1540;106.162102;CATEGORIA0;;1;1;0;1;;ELEVADOR VIDRO FRT ESQ;ELEVADOR VIDRO FRT ESQ;0;;
61;1540;106.162552;1540;106.162552;CATEGORIA0;;1;1;0;1;;PUXADOR PORTA EXT. FRT. ESQ.;PUXADOR PORTA EXT. FRT. ESQ.;0;;
61;1540;106.163015;1540;106.163015;CATEGORIA0;;1;1;0;1;;ASTRA 04- ELEVADOR VIDRO FRT. ESQ. (S/MOTOR);ASTRA 04- ELEVADOR VIDRO FRT. ESQ. (S/MOTOR);0;;
61;1540;106.163094;1540;106.163094;CATEGORIA0;;1;1;0;1;;OPEL ASTRA/ZAFIRA 04-*COMANDO PORTA FRT ESQ+ESP (2 BOT) 14PN;OPEL ASTRA/ZAFIRA 04-*COMANDO PORTA FRT ESQ+ESP (2 BOT) 14PN;0;;
61;1540;106.163919;1540;106.163919;CATEGORIA0;;1;1;0;1;;OPEL CORSA 06-*ELEV. FR. DRT. 5P (S/MOT);OPEL CORSA 06-*ELEV. FR. DRT. 5P (S/MOT);0;;
61;1540;106.163954;1540;106.163954;CATEGORIA0;;1;1;0;1;;PUNHO PORTA INT. FRT./TRAS ESQ.;PUNHO PORTA INT. FRT./TRAS ESQ.;0;;
61;1540;106.170803;1540;106.170803;CATEGORIA0;;1;1;0;1;;PEUGEOT 306 93- ELEVADOR VIDRO FRT. DTO.;PEUGEOT 306 93- ELEVADOR VIDRO FRT. DTO.;0;;
61;1540;106.172118;1540;106.172118;CATEGORIA0;;1;1;0;1;;ELEVADOR TRÁS ESQ C/ MOTOR;ELEVADOR TRÁS ESQ C/ MOTOR;0;;
61;1540;106.172152;1540;106.172152;CATEGORIA0;;1;1;0;1;;PUNHO EXT. PORTA FRT. ESQ.;PUNHO EXT. PORTA FRT. ESQ.;0;;
61;1540;106.172194;1540;106.172194;CATEGORIA0;;1;1;0;1;;COMANDO PORTA FR.ESQ.P206 98-;COMANDO PORTA FR.ESQ.P206 98-;0;;
61;1540;106.172201;1540;106.172201;CATEGORIA0;;1;1;0;1;;PEUGEOT 406 99-05*L/V ELECT FRT DRT 4P (S/MOTOR);PEUGEOT 406 99-05*L/V ELECT FRT DRT 4P (S/MOTOR);0;;
61;1540;106.172794;1540;106.172794;CATEGORIA0;;1;1;0;1;;INTERRUPTOR VIDROS;INTERRUPTOR VIDROS;0;;
61;1540;106.174001;1540;106.174001;CATEGORIA0;;1;1;0;1;;ELEVADOR VIDRO F. DTO.;ELEVADOR VIDRO F. DTO.;0;;
61;1540;106.174003;1540;106.174003;CATEGORIA0;;1;1;0;1;;ELEVADOR VIDRO TRÁS DTO.;ELEVADOR VIDRO TRÁS DTO.;0;;
61;1540;106.174216;1540;106.174216;CATEGORIA0;;1;1;0;1;;ELEVADOR VIDRO F. DTO.;ELEVADOR VIDRO F. DTO.;0;;
61;1540;106.174217;1540;106.174217;CATEGORIA0;;1;1;0;1;;PEUGEOT 208 12/2008 13-L/V ELECT FRT ESQ 5P;PEUGEOT 208 12/2008 13-L/V ELECT FRT ESQ 5P;0;;
61;1540;106.175204;1540;106.175204;CATEGORIA0;;1;1;0;1;;ELEVADOR VIDRO TRÁS ESQ. (S/MOTOR);ELEVADOR VIDRO TRÁS ESQ. (S/MOTOR);0;;
61;1540;106.190201;1540;106.190201;CATEGORIA0;;1;1;0;1;;ELEVADOR VIDRO FRT. DTO.;ELEVADOR VIDRO FRT. DTO.;0;;
61;1540;106.190302;1540;106.190302;CATEGORIA0;;1;1;0;1;;RENAULT KANGOO 97-*L/V ELEC FRT ESQ;RENAULT KANGOO 97-*L/V ELEC FRT ESQ;0;;
61;1540;106.190353;1540;106.190353;CATEGORIA0;;1;1;0;1;;KANGOO 97- PUNHO PORTA FRT. LAT. DTA.;KANGOO 97- PUNHO PORTA FRT. LAT. DTA.;0;;
61;1540;106.190354;1540;106.190354;CATEGORIA0;;1;1;0;1;;PUNHO PORTA TRÁS KANGOO 97-;PUNHO PORTA TRÁS KANGOO 97-;0;;
61;1540;106.190355;1540;106.190355;CATEGORIA0;;1;1;0;1;;KANGOO 97-*PUNHO PORTA FR INT DRT NEGRO (8MM);KANGOO 97-*PUNHO PORTA FR INT DRT NEGRO (8MM);0;;
61;1540;106.190357;1540;106.190357;CATEGORIA0;;1;1;0;1;;RENAULT KANGOO 97-*PUNHO PORTA FRT INT DRT CINZA (8MM);RENAULT KANGOO 97-*PUNHO PORTA FRT INT DRT CINZA (8MM);0;;
61;1540;106.190358;1540;106.190358;CATEGORIA0;;1;1;0;1;;RENAULT KANGOO 97-*PUNHO PORTA FRT INT ESQ CINZA (8MM);RENAULT KANGOO 97-*PUNHO PORTA FRT INT ESQ CINZA (8MM);0;;
61;1540;106.192903;1540;106.192903;CATEGORIA0;;1;1;0;1;;ELEVADOR VIDRO FRT. DTO.;ELEVADOR VIDRO FRT. DTO.;0;;
61;1540;106.192904;1540;106.192904;CATEGORIA0;;1;1;0;1;;ELEVADOR VIDRO FRT. ESQ.;ELEVADOR VIDRO FRT. ESQ.;0;;
61;1540;106.193151;1540;106.193151;CATEGORIA0;;1;1;0;1;;PUXADOR PORTA EXT.;PUXADOR PORTA EXT.;0;;
61;1540;106.193152;1540;106.193152;CATEGORIA0;;1;1;0;1;;PUNHO PORTA CLIO/MEG 98-;PUNHO PORTA CLIO/MEG 98-;0;;
61;1540;106.193154;1540;106.193154;CATEGORIA0;;1;1;0;1;;CLIO/TRAFIC 98-/01-*PUXADOR PORTA FRT INT ESQ NEGRO;CLIO/TRAFIC 98-/01-*PUXADOR PORTA FRT INT ESQ NEGRO;0;;
61;1540;106.193155;1540;106.193155;CATEGORIA0;;1;1;0;1;;CLIO 98-/01-*PUXADOR FR.INT DRT. CINZA ESCURO;CLIO 98-/01-*PUXADOR FR.INT DRT. CINZA ESCURO;0;;
61;1540;106.193156;1540;106.193156;CATEGORIA0;;1;1;0;1;;CLIO 98-/01-*PUXADOR FR.INT ESQ CINZA ESCURO;CLIO 98-/01-*PUXADOR FR.INT ESQ CINZA ESCURO;0;;
61;1540;106.193158;1540;106.193158;CATEGORIA0;;1;1;0;1;;CLIO 98-/01-*PUXADOR PORTA FRT INT ESQ. CROMADO;CLIO 98-/01-*PUXADOR PORTA FRT INT ESQ. CROMADO;0;;
61;1540;106.193159;1540;106.193159;CATEGORIA0;;1;1;0;1;;CLIO 98-/01-*PUXADOR PORTA TRÁS INT DTO.;CLIO 98-/01-*PUXADOR PORTA TRÁS INT DTO.;0;;
61;1540;106.193160;1540;106.193160;CATEGORIA0;;1;1;0;1;;CLIO/TRAFIC 98-/01-*PUXADOR PORTA TRS INT ESQ NEGRO;CLIO/TRAFIC 98-/01-*PUXADOR PORTA TRS INT ESQ NEGRO;0;;
61;1540;106.193351;1540;106.193351;CATEGORIA0;;1;1;0;1;;PUNHO PORTA FRT. DTA.;PUNHO PORTA FRT. DTA.;0;;
61;1540;106.193352;1540;106.193352;CATEGORIA0;;1;1;0;1;;PUNHO PORTA FRT. ESQ.;PUNHO PORTA FRT. ESQ.;0;;
61;1540;106.193355;1540;106.193355;CATEGORIA0;;1;1;0;1;;PUXADOR DE PORTA INT. DTO..;PUXADOR DE PORTA INT. DTO..;0;;
61;1540;106.193356;1540;106.193356;CATEGORIA0;;1;1;0;1;;PUXADOR DE PORTA INT. ESQ.;PUXADOR DE PORTA INT. ESQ.;0;;
61;1540;106.193692;1540;106.193692;CATEGORIA0;;1;1;0;1;;INTERRUPTOR VIDRO;INTERRUPTOR VIDRO;0;;
61;1540;106.193724;1540;106.193724;CATEGORIA0;;1;1;0;1;;ELEVADOR VIDRO TRÁS ESQ.;ELEVADOR VIDRO TRÁS ESQ.;0;;
61;1540;106.193752;1540;106.193752;CATEGORIA0;;1;1;0;1;;PUNHO PORTA FRT. ESQ.;PUNHO PORTA FRT. ESQ.;0;;
61;1540;106.193814;1540;106.193814;CATEGORIA0;;1;1;0;1;;ELEVADOR VIDRO FRT. DTO.;ELEVADOR VIDRO FRT. DTO.;0;;
61;1540;106.193816;1540;106.193816;CATEGORIA0;;1;1;0;1;;RENAULT MEGANE 02-*L/V ELET FRT DRT 5P (C/CONF);RENAULT MEGANE 02-*L/V ELET FRT DRT 5P (C/CONF);0;;
61;1540;106.193817;1540;106.193817;CATEGORIA0;;1;1;0;1;;L/V ELECTRICO FRT ESQ;L/V ELECTRICO FRT ESQ;0;;
61;1540;106.193820;1540;106.193820;CATEGORIA0;;1;1;0;1;;RENAULT MEGANE 02-*L/V ELEC FRT DRT (S/MOTOR) 3P;RENAULT MEGANE 02-*L/V ELEC FRT DRT (S/MOTOR) 3P;0;;
61;1540;106.193852;1540;106.193852;CATEGORIA0;;1;1;0;1;;CLIO/MEGANE 02-*PUNHO PORTA FRT.;CLIO/MEGANE 02-*PUNHO PORTA FRT.;0;;
61;1540;106.193855;1540;106.193855;CATEGORIA0;;1;1;0;1;;RENAULT CLIO 05-/MEGANE 02-*PUNHO PORTA FRT/TRAS INT DRT PRA;RENAULT CLIO 05-/MEGANE 02-*PUNHO PORTA FRT/TRAS INT DRT PRA;0;;
61;1540;106.193856;1540;106.193856;CATEGORIA0;;1;1;0;1;;PUNHO INT. FRT. ESQ. PRATEADO;PUNHO INT. FRT. ESQ. PRATEADO;0;;
61;1540;106.193858;1540;106.193858;CATEGORIA0;;1;1;0;1;;RENAULT MEGANE/SCENIC 02- PUNHO PORTA EXT.;RENAULT MEGANE/SCENIC 02- PUNHO PORTA EXT.;0;;
61;1540;106.193898;1540;106.193898;CATEGORIA0;;1;1;0;1;;INTERRUPTOR VIDROS;INTERRUPTOR VIDROS;0;;
61;1540;106.194515;1540;106.194515;CATEGORIA0;;1;1;0;1;;ELEVADOR VIDRO FRT. DTO.;ELEVADOR VIDRO FRT. DTO.;0;;
61;1540;106.194517;1540;106.194517;CATEGORIA0;;1;1;0;1;;RENAULT MODUS 04-* ELEVADOR TR. DRT. 5P;RENAULT MODUS 04-* ELEVADOR TR. DRT. 5P;0;;
61;1540;106.194518;1540;106.194518;CATEGORIA0;;1;1;0;1;;RENAULT MODUS 04-* ELEVADOR TR. ESQ. 5P;RENAULT MODUS 04-* ELEVADOR TR. ESQ. 5P;0;;
61;1540;106.194851;1540;106.194851;CATEGORIA0;;1;1;0;1;;INTERRUPTOR VIDRO;INTERRUPTOR VIDRO;0;;
61;1540;106.194853;1540;106.194853;CATEGORIA0;;1;1;0;1;;PUNHO PORTA LAT;PUNHO PORTA LAT;0;;
61;1540;106.194991;1540;106.194991;CATEGORIA0;;1;1;0;1;;INTERRUPTOR VIDRO;INTERRUPTOR VIDRO;0;;
61;1540;106.195392;1540;106.195392;CATEGORIA0;;1;1;0;1;;INTERRUPTOR VIDROS;INTERRUPTOR VIDROS;0;;
61;1540;106.195621;1540;106.195621;CATEGORIA0;;1;1;0;1;;ELEVADOR VIDRO FRT. ESQ.;ELEVADOR VIDRO FRT. ESQ.;0;;
61;1540;106.198502;1540;106.198502;CATEGORIA0;;1;1;0;1;;ELEVADOR VIDRO FRT ESQ.;ELEVADOR VIDRO FRT ESQ.;0;;
61;1540;106.198615;1540;106.198615;CATEGORIA0;;1;1;0;1;;ELEVADOR VIDRO FRT DRT 5P 08-;ELEVADOR VIDRO FRT DRT 5P 08-;0;;
61;1540;106.198616;1540;106.198616;CATEGORIA0;;1;1;0;1;;ELEVADOR VIDRO FRT. ESQ. (S/MOTOR);ELEVADOR VIDRO FRT. ESQ. (S/MOTOR);0;;
61;1540;106.21013;1540;106.21013;CATEGORIA0;;1;1;0;1;;PUNHO PORTA FRT. DTO./ESQ. S/CHAVE;PUNHO PORTA FRT. DTO./ESQ. S/CHAVE;0;;
61;1540;106.211252;1540;106.211252;CATEGORIA0;;1;1;0;1;;SEAT IBIZA 99-02*PUNHO PORTA FRT/TRAS INT DRT;SEAT IBIZA 99-02*PUNHO PORTA FRT/TRAS INT DRT;0;;
61;1540;106.211253;1540;106.211253;CATEGORIA0;;1;1;0;1;;SEAT IBIZA 99-02*PUNHO PORTA FRT/TRAS INT ESQ.;SEAT IBIZA 99-02*PUNHO PORTA FRT/TRAS INT ESQ.;0;;
61;1540;106.211317;1540;106.211317;CATEGORIA0;;1;1;0;1;;ELEVADOR VIDRO FRT. ESQ;ELEVADOR VIDRO FRT. ESQ;0;;
61;1540;106.21170120;1540;106.21170120;CATEGORIA0;;1;1;0;1;;FECHADURA;FECHADURA;0;;
61;1540;106.211751;1540;106.211751;CATEGORIA0;;1;1;0;1;;PUXADOR PORTA EXT.;PUXADOR PORTA EXT.;0;;
61;1540;106.211752;1540;106.211752;CATEGORIA0;;1;1;0;1;;VNR PEGA DA PORTA EXTERIOR;VNR PEGA DA PORTA EXTERIOR;0;;
61;1540;106.212451;1540;106.212451;CATEGORIA0;;1;1;0;1;;IBIZA 08- PUNHO INT. F. DTO. PRATEADO S/FURO;IBIZA 08- PUNHO INT. F. DTO. PRATEADO S/FURO;0;;
61;1540;106.212452;1540;106.212452;CATEGORIA0;;1;1;0;1;;SEAT IBIZA 08-*PUNHO PORTA FRT INT ESQ PRATEADO C/FURO;SEAT IBIZA 08-*PUNHO PORTA FRT INT ESQ PRATEADO C/FURO;0;;
61;1540;106.212453;1540;106.212453;CATEGORIA0;;1;1;0;1;;IBIZA 08- PUNHO INT;IBIZA 08- PUNHO INT;0;;
61;1540;106.212454;1540;106.212454;CATEGORIA0;;1;1;0;1;;SEAT IBIZA 08-*PUNHO PORTA FRT INT ESQ CROMADO C/FURO;SEAT IBIZA 08-*PUNHO PORTA FRT INT ESQ CROMADO C/FURO;0;;
61;1540;106.212494;1540;106.212494;CATEGORIA0;;1;1;0;1;;INTERRUPTOR VIDROS;INTERRUPTOR VIDROS;0;;
61;1540;106.230002;1540;106.230002;CATEGORIA0;;1;1;0;1;;PUXADOR EXT. FRT. ESQ.;PUXADOR EXT. FRT. ESQ.;0;;
61;1540;106.23002;1540;106.23002;CATEGORIA0;;1;1;0;1;;PUNHO PORTA FRT ESQ C/FRISO CROMADO GOLF II;PUNHO PORTA FRT ESQ C/FRISO CROMADO GOLF II;0;;
61;1540;106.23004;1540;106.23004;CATEGORIA0;;1;1;0;1;;PUXADOR EXT. TRÁS ESQ.;PUXADOR EXT. TRÁS ESQ.;0;;
61;1540;106.23005;1540;106.23005;CATEGORIA0;;1;1;0;1;;PUNHO PORTA EXT. FRT. DTO.;PUNHO PORTA EXT. FRT. DTO.;0;;
61;1540;106.23006;1540;106.23006;CATEGORIA0;;1;1;0;1;;PUNHO PORTA;PUNHO PORTA;0;;
61;1540;106.23008;1540;106.23008;CATEGORIA0;;1;1;0;1;;PUNHO PORTA;PUNHO PORTA;0;;
61;1540;106.230516;1540;106.230516;CATEGORIA0;;1;1;0;1;;ELEVADOR MAN. FR. ESQ.;ELEVADOR MAN. FR. ESQ.;0;;
61;1540;106.230802;1540;106.230802;CATEGORIA0;;1;1;0;1;;ELEVADOR VIDRO FRT. ESQ.;ELEVADOR VIDRO FRT. ESQ.;0;;
61;1540;106.230816;1540;106.230816;CATEGORIA0;;1;1;0;1;;ELEVADOR VIDRO FRT. ESQ.;ELEVADOR VIDRO FRT. ESQ.;0;;
61;1540;106.23101;1540;106.23101;CATEGORIA0;;1;1;0;1;;VW GOLF 91-*PUNHO PORTAS FRT DRT/ESQ;VW GOLF 91-*PUNHO PORTAS FRT DRT/ESQ;0;;
61;1540;106.231251;1540;106.231251;CATEGORIA0;;1;1;0;1;;PUNHO PORTA FRT. ESQ. C/CHAVE;PUNHO PORTA FRT. ESQ. C/CHAVE;0;;
61;1540;106.231752;1540;106.231752;CATEGORIA0;;1;1;0;1;;VW TRANSPORTER 90-03 PUXADOR EXT. F. ESQ.;VW TRANSPORTER 90-03 PUXADOR EXT. F. ESQ.;0;;
61;1540;106.232117;1540;106.232117;CATEGORIA0;;1;1;0;1;;ELEVADOR FRT DTO.;ELEVADOR FRT DTO.;0;;
61;1540;106.232118;1540;106.232118;CATEGORIA0;;1;1;0;1;;ELEVADOR VIDRO FRT. ESQ.;ELEVADOR VIDRO FRT. ESQ.;0;;
61;1540;106.232120;1540;106.232120;CATEGORIA0;;1;1;0;1;;ELEVADOR VIDRO TRÁS ESQ.;ELEVADOR VIDRO TRÁS ESQ.;0;;
61;1540;106.232127;1540;106.232127;CATEGORIA0;;1;1;0;1;;ELEVADOR VIDRO FRT. DTO.;ELEVADOR VIDRO FRT. DTO.;0;;
61;1540;106.232318;1540;106.232318;CATEGORIA0;;1;1;0;1;;ELEVADOR VIDRO FRT. ESQ.;ELEVADOR VIDRO FRT. ESQ.;0;;
61;1540;106.232451;1540;106.232451;CATEGORIA0;;1;1;0;1;;PUXADOR EXT. FRT. DTO/ESQ.;PUXADOR EXT. FRT. DTO/ESQ.;0;;
61;1540;106.232692;1540;106.232692;CATEGORIA0;;1;1;0;1;;PUXADOR PORTA F. ESQ.;PUXADOR PORTA F. ESQ.;0;;
61;1540;106.232694;1540;106.232694;CATEGORIA0;;1;1;0;1;;INTERRUPTOR VIDROS;INTERRUPTOR VIDROS;0;;
61;1540;106.232818;1540;106.232818;CATEGORIA0;;1;1;0;1;;VW POLO 02-09*L/V ELECT TRÁS DRT 5P (S/MOTOR);VW POLO 02-09*L/V ELECT TRÁS DRT 5P (S/MOTOR);0;;
61;1540;106.232898;1540;106.232898;CATEGORIA0;;1;1;0;1;;INTERRUPTOR VIDROS;INTERRUPTOR VIDROS;0;;
61;1540;106.233417;1540;106.233417;CATEGORIA0;;1;1;0;1;;ELEVADOR VIDRO FRT. DTO.;ELEVADOR VIDRO FRT. DTO.;0;;
61;1540;106.234720;1540;106.234720;CATEGORIA0;;1;1;0;1;;ELEVADOR VIDRO FRT. ESQ. 5P (S/MOTOR);ELEVADOR VIDRO FRT. ESQ. 5P (S/MOTOR);0;;
61;1540;106.234721;1540;106.234721;CATEGORIA0;;1;1;0;1;;ELEVADOR VIDRO TRÁS DTO.;ELEVADOR VIDRO TRÁS DTO.;0;;
61;1540;106.236216;1540;106.236216;CATEGORIA0;;1;1;0;1;;ELEVADOR VIDRO FRT ESQ;ELEVADOR VIDRO FRT ESQ;0;;
61;1540;106.400855;1540;106.400855;CATEGORIA0;;1;1;0;1;;PUNHO PORTA;PUNHO PORTA;0;;
61;1540;106.400857;1540;106.400857;CATEGORIA0;;1;1;0;1;;PUNHO PORTA;PUNHO PORTA;0;;
61;1540;106.700558;1540;106.700558;CATEGORIA0;;1;1;0;1;;PAJERO 92- PUNHO MALA EXT. MALA;PAJERO 92- PUNHO MALA EXT. MALA;0;;
61;1540;106.701354;1540;106.701354;CATEGORIA0;;1;1;0;1;;CANTER 97- PUXADOR EXT. FRT. DTO.;CANTER 97- PUXADOR EXT. FRT. DTO.;0;;
61;1540;106.802114;1540;106.802114;CATEGORIA0;;1;1;0;1;;ELEVADOR DE VIDRO;ELEVADOR DE VIDRO;0;;
61;1540;106.802801;1540;106.802801;CATEGORIA0;;1;1;0;1;;ELEVADOR VIDRO FRT DRT;ELEVADOR VIDRO FRT DRT;0;;
61;1540;106.804556;1540;106.804556;CATEGORIA0;;1;1;0;1;;NISSAN NAVARA 05-*PUNHO PORTA INT FRT ESQ/TRAS ESQ CROMADO;NISSAN NAVARA 05-*PUNHO PORTA INT FRT ESQ/TRAS ESQ CROMADO;0;;
61;1540;106.804718;1540;106.804718;CATEGORIA0;;1;1;0;1;;ELEVADOR VIDRO FRT. DTO. (S/MOTOR);ELEVADOR VIDRO FRT. DTO. (S/MOTOR);0;;
61;1540;106.850114;1540;106.850114;CATEGORIA0;;1;1;0;1;;ELEVADOR FRT DRT 2P;ELEVADOR FRT DRT 2P;0;;
61;1540;106.850115;1540;106.850115;CATEGORIA0;;1;1;0;1;;ELEVADOR FRT ESQ 2P;ELEVADOR FRT ESQ 2P;0;;
61;1540;106.850152;1540;106.850152;CATEGORIA0;;1;1;0;1;;PUNHO PORTA DRT. EXT;PUNHO PORTA DRT. EXT;0;;
61;1540;106.850153;1540;106.850153;CATEGORIA0;;1;1;0;1;;PUNHO PORTA EXT. ESQ. 3P;PUNHO PORTA EXT. ESQ. 3P;0;;
61;1540;106.850154;1540;106.850154;CATEGORIA0;;1;1;0;1;;PUNHO PORTA FRT. DTO.;PUNHO PORTA FRT. DTO.;0;;
61;1540;106.850155;1540;106.850155;CATEGORIA0;;1;1;0;1;;PUNHO EXT. FRT./TRAS ESQ. 3P;PUNHO EXT. FRT./TRAS ESQ. 3P;0;;
61;1540;106.850156;1540;106.850156;CATEGORIA0;;1;1;0;1;;PUNHO MALA EXT.;PUNHO MALA EXT.;0;;
61;1540;106.851117;1540;106.851117;CATEGORIA0;;1;1;0;1;;ELEVADOR FRT. ESQ.;ELEVADOR FRT. ESQ.;0;;
61;1540;106.900004;1540;106.900004;CATEGORIA0;;1;1;0;1;;TOYOTA HILUX LN85 89-*L/V FRT ESQ MANUAL;TOYOTA HILUX LN85 89-*L/V FRT ESQ MANUAL;0;;
61;1540;106.904356;1540;106.904356;CATEGORIA0;;1;1;0;1;;TOYOTA YARIS 99-*PUNHO PORTA FRT ESQ S/CHAVE;TOYOTA YARIS 99-*PUNHO PORTA FRT ESQ S/CHAVE;0;;
61;1540;107.010108;1540;107.010108;CATEGORIA0;;1;1;0;1;;ALFA 33 -89*P/CH FRT;ALFA 33 -89*P/CH FRT;0;;
61;1540;107.010605;1540;107.010605;CATEGORIA0;;1;1;0;1;;ALFA 147 00-*GRELHA;ALFA 147 00-*GRELHA;0;;
61;1540;107.010607;1540;107.010607;CATEGORIA0;;1;1;0;1;;ALFA 147 00-*REFORÇO P/CH FRT;ALFA 147 00-*REFORÇO P/CH FRT;0;;
61;1540;107.010608;1540;107.010608;CATEGORIA0;;1;1;0;1;;ALFA 147 00-*P/CH FRT P/P;ALFA 147 00-*P/CH FRT P/P;0;;
61;1540;107.010610;1540;107.010610;CATEGORIA0;;1;1;0;1;;ALFA 147 00-*P/CH TRÁS P/P;ALFA 147 00-*P/CH TRÁS P/P;0;;
61;1540;107.010613;1540;107.010613;CATEGORIA0;;1;1;0;1;;ALFA 147 00-*FRISO P/CH FRT DRT;ALFA 147 00-*FRISO P/CH FRT DRT;0;;
61;1540;107.010614;1540;107.010614;CATEGORIA0;;1;1;0;1;;ALFA 147 00-*FRISO P/CH FRT ESQ;ALFA 147 00-*FRISO P/CH FRT ESQ;0;;
61;1540;107.010616;1540;107.010616;CATEGORIA0;;1;1;0;1;;ALFA 147 00-*GRELHA DRT P/CH FRT;ALFA 147 00-*GRELHA DRT P/CH FRT;0;;
61;1540;107.010617;1540;107.010617;CATEGORIA0;;1;1;0;1;;ALFA 147 00-*GRELHA ESQ P/CH FRT;ALFA 147 00-*GRELHA ESQ P/CH FRT;0;;
61;1540;107.010646;1540;107.010646;CATEGORIA0;;1;1;0;1;;ALFA 147 00-*RESGUARDO C/RODA FRT DRT;ALFA 147 00-*RESGUARDO C/RODA FRT DRT;0;;
61;1540;107.010647;1540;107.010647;CATEGORIA0;;1;1;0;1;;ALFA 147 00-*RESGUARDO C/RODA FRT ESQ;ALFA 147 00-*RESGUARDO C/RODA FRT ESQ;0;;
61;1540;107.010660;1540;107.010660;CATEGORIA0;;1;1;0;1;;ALFA 147 00-*RESGUARDO INF MOTOR(DIESEL);ALFA 147 00-*RESGUARDO INF MOTOR(DIESEL);0;;
61;1540;107.010661;1540;107.010661;CATEGORIA0;;1;1;0;1;;ALFA 147 00-*RESGUARDO INF MOTOR(GASOLINA);ALFA 147 00-*RESGUARDO INF MOTOR(GASOLINA);0;;
61;1540;107.010808;1540;107.010808;CATEGORIA0;;1;1;0;1;;ALFA 156*P/CH FRT;ALFA 156*P/CH FRT;0;;
61;1540;107.010810;1540;107.010810;CATEGORIA0;;1;1;0;1;;ALFA 156*P/CH TRÁS P/P (SEDAN);ALFA 156*P/CH TRÁS P/P (SEDAN);0;;
61;1540;107.010846;1540;107.010846;CATEGORIA0;;1;1;0;1;;ALFA 156*RESGUARDO C/RODA FRT DRT;ALFA 156*RESGUARDO C/RODA FRT DRT;0;;
61;1540;107.010847;1540;107.010847;CATEGORIA0;;1;1;0;1;;ALFA 156*RESGUARDO C/RODA FRT ESQ;ALFA 156*RESGUARDO C/RODA FRT ESQ;0;;
61;1540;107.010860;1540;107.010860;CATEGORIA0;;1;1;0;1;;ALFA 156 1997-*RESGUARDO INF MOTOR(GASOLINA);ALFA 156 1997-*RESGUARDO INF MOTOR(GASOLINA);0;;
61;1540;107.010861;1540;107.010861;CATEGORIA0;;1;1;0;1;;ALFA 156 1997-*RESGUARDO INF MOTOR(DIESEL);ALFA 156 1997-*RESGUARDO INF MOTOR(DIESEL);0;;
61;1540;107.011004;1540;107.011004;CATEGORIA0;;1;1;0;1;;ALFA 147 06-*GRELHA (CROMADA);ALFA 147 06-*GRELHA (CROMADA);0;;
61;1540;107.011005;1540;107.011005;CATEGORIA0;;1;1;0;1;;ALFA 147 05-*GRELHA;ALFA 147 05-*GRELHA;0;;
61;1540;107.011007;1540;107.011007;CATEGORIA0;;1;1;0;1;;ALFA 147 05-*REFORÇO P/CH FRT;ALFA 147 05-*REFORÇO P/CH FRT;0;;
61;1540;107.011008;1540;107.011008;CATEGORIA0;;1;1;0;1;;ALFA 147 05-*P/CH FRT P/P;ALFA 147 05-*P/CH FRT P/P;0;;
61;1540;107.011010;1540;107.011010;CATEGORIA0;;1;1;0;1;;ALFA 147 05-*P/CH TRÁS P/P;ALFA 147 05-*P/CH TRÁS P/P;0;;
61;1540;107.011014;1540;107.011014;CATEGORIA0;;1;1;0;1;;ALFA 147 05-*GRELHA CENTRAL DRT P/CH FRT;ALFA 147 05-*GRELHA CENTRAL DRT P/CH FRT;0;;
61;1540;107.011015;1540;107.011015;CATEGORIA0;;1;1;0;1;;ALFA 147 05-*GRELHA CENTRAL ESQ P/CH FRT;ALFA 147 05-*GRELHA CENTRAL ESQ P/CH FRT;0;;
61;1540;107.011016;1540;107.011016;CATEGORIA0;;1;1;0;1;;ALFA 147 05-*GRELHA CENTRAL DRT P/CH FRT (C/FRISO CROMADO);ALFA 147 05-*GRELHA CENTRAL DRT P/CH FRT (C/FRISO CROMADO);0;;
61;1540;107.011017;1540;107.011017;CATEGORIA0;;1;1;0;1;;ALFA 147 05-*GRELHA CENTRAL ESQ P/CH FRT (C/FRISO CROMADO);ALFA 147 05-*GRELHA CENTRAL ESQ P/CH FRT (C/FRISO CROMADO);0;;
61;1540;107.011018;1540;107.011018;CATEGORIA0;;1;1;0;1;;ALFA 147 05-*GRELHA LATERAL DRT P/CH FRT (C/FUROS);ALFA 147 05-*GRELHA LATERAL DRT P/CH FRT (C/FUROS);0;;
61;1540;107.011019;1540;107.011019;CATEGORIA0;;1;1;0;1;;ALFA 147 05-*GRELHA LATERAL ESQ P/CH FRT (C/FUROS);ALFA 147 05-*GRELHA LATERAL ESQ P/CH FRT (C/FUROS);0;;
61;1540;107.011020;1540;107.011020;CATEGORIA0;;1;1;0;1;;ALFA 147 05-*GRELHA LATERAL DRT P/CH FRT (S/FUROS);ALFA 147 05-*GRELHA LATERAL DRT P/CH FRT (S/FUROS);0;;
61;1540;107.011021;1540;107.011021;CATEGORIA0;;1;1;0;1;;ALFA 147 05-*GRELHA LATERAL ESQ P/CH FRT (S/FUROS);ALFA 147 05-*GRELHA LATERAL ESQ P/CH FRT (S/FUROS);0;;
61;1540;107.011103;1540;107.011103;CATEGORIA0;;1;1;0;1;;ALFA 156 03-*GRELHA DRT P/CH FRT;ALFA 156 03-*GRELHA DRT P/CH FRT;0;;
61;1540;107.011104;1540;107.011104;CATEGORIA0;;1;1;0;1;;ALFA 156 03-*GRELHA ESQ P/CH FRT;ALFA 156 03-*GRELHA ESQ P/CH FRT;0;;
61;1540;107.011105;1540;107.011105;CATEGORIA0;;1;1;0;1;;ALFA 156 03-*GRELHA (CROMADA);ALFA 156 03-*GRELHA (CROMADA);0;;
61;1540;107.011106;1540;107.011106;CATEGORIA0;;1;1;0;1;;ALFA 156 03-*GRELHA CENTRAL P/CH FRT;ALFA 156 03-*GRELHA CENTRAL P/CH FRT;0;;
61;1540;107.011108;1540;107.011108;CATEGORIA0;;1;1;0;1;;ALFA 156 03-*P/CH FRT P/P;ALFA 156 03-*P/CH FRT P/P;0;;
61;1540;107.011110;1540;107.011110;CATEGORIA0;;1;1;0;1;;ALFA 156 03-*P/CH TRÁS P/P;ALFA 156 03-*P/CH TRÁS P/P;0;;
61;1540;107.011203;1540;107.011203;CATEGORIA0;;1;1;0;1;;ALFA 159 05-*GRELHA DRT P/CH FRT (FURO CROMADO);ALFA 159 05-*GRELHA DRT P/CH FRT (FURO CROMADO);0;;
61;1540;107.011204;1540;107.011204;CATEGORIA0;;1;1;0;1;;ALFA 159 05-*GRELHA ESQ P/CH FRT (FURO CROMADO);ALFA 159 05-*GRELHA ESQ P/CH FRT (FURO CROMADO);0;;
61;1540;107.011205;1540;107.011205;CATEGORIA0;;1;1;0;1;;ALFA 159 05-*GRELHA CENTRAL (CROMADA);ALFA 159 05-*GRELHA CENTRAL (CROMADA);0;;
61;1540;107.011207;1540;107.011207;CATEGORIA0;;1;1;0;1;;ALFA 159 05-*REFORÇO P/CH FRT;ALFA 159 05-*REFORÇO P/CH FRT;0;;
61;1540;107.011208;1540;107.011208;CATEGORIA0;;1;1;0;1;;ALFA 159 05-*P/CH FRT P/P;ALFA 159 05-*P/CH FRT P/P;0;;
61;1540;107.011210;1540;107.011210;CATEGORIA0;;1;1;0;1;;ALFA 159 05-*P/CH TRÁS P/P (SEDAN + SW);ALFA 159 05-*P/CH TRÁS P/P (SEDAN + SW);0;;
61;1540;107.011213;1540;107.011213;CATEGORIA0;;1;1;0;1;;ALFA 159 05-*GRELHA CENTRAL DRT P/CH FRT;ALFA 159 05-*GRELHA CENTRAL DRT P/CH FRT;0;;
61;1540;107.011214;1540;107.011214;CATEGORIA0;;1;1;0;1;;ALFA 159 05-*GRELHA CENTRAL ESQ P/CH FRT;ALFA 159 05-*GRELHA CENTRAL ESQ P/CH FRT;0;;
61;1540;107.011247;1540;107.011247;CATEGORIA0;;1;1;0;1;;ALFA 159 05-*RESGUARDO C/RODA FRT ESQ;ALFA 159 05-*RESGUARDO C/RODA FRT ESQ;0;;
61;1540;107.011248;1540;107.011248;CATEGORIA0;;1;1;0;1;;ALFA 159 08-*RESGUARDO C/RODA FRT DRT;ALFA 159 08-*RESGUARDO C/RODA FRT DRT;0;;
61;1540;107.011249;1540;107.011249;CATEGORIA0;;1;1;0;1;;ALFA 159 08-*RESGUARDO C/RODA FRT ESQ;ALFA 159 08-*RESGUARDO C/RODA FRT ESQ;0;;
61;1540;107.011260;1540;107.011260;CATEGORIA0;;1;1;0;1;;ALFA 159 05-*RESGUARDO INF MOTOR(1.9/2.4JTD);ALFA 159 05-*RESGUARDO INF MOTOR(1.9/2.4JTD);0;;
61;1540;107.011304;1540;107.011304;CATEGORIA0;;1;1;0;1;;ALFA MITO 2013.07-*GRELHA CROMADA;ALFA MITO 2013.07-*GRELHA CROMADA;0;;
61;1540;107.011305;1540;107.011305;CATEGORIA0;;1;1;0;1;;MITO 09- GRELHA;MITO 09- GRELHA;0;;
61;1540;107.011307;1540;107.011307;CATEGORIA0;;1;1;0;1;;ALFA MITO 09-*REFORÇO P/CH FRT;ALFA MITO 09-*REFORÇO P/CH FRT;0;;
61;1540;107.011308;1540;107.011308;CATEGORIA0;;1;1;0;1;;ALFA MITO 09-*P/CH FRT P/P;ALFA MITO 09-*P/CH FRT P/P;0;;
61;1540;107.011310;1540;107.011310;CATEGORIA0;;1;1;0;1;;ALFA MITO 09-*P/CH TRÁS P/P;ALFA MITO 09-*P/CH TRÁS P/P;0;;
61;1540;107.011313;1540;107.011313;CATEGORIA0;;1;1;0;1;;ALFA MITO 09-*P/CH TRÁS P/P (C/SENSOR);ALFA MITO 09-*P/CH TRÁS P/P (C/SENSOR);0;;
61;1540;107.011314;1540;107.011314;CATEGORIA0;;1;1;0;1;;ALFA MITO 09-*SUPORTE DRT P/CH FRT;ALFA MITO 09-*SUPORTE DRT P/CH FRT;0;;
61;1540;107.011315;1540;107.011315;CATEGORIA0;;1;1;0;1;;ALFA MITO 09-*SUPORTE ESQ P/CH FRT;ALFA MITO 09-*SUPORTE ESQ P/CH FRT;0;;
61;1540;107.011316;1540;107.011316;CATEGORIA0;;1;1;0;1;;MIYO 09- GRELHA DTA. P/CHOQUES FRT.;MIYO 09- GRELHA DTA. P/CHOQUES FRT.;0;;
61;1540;107.011317;1540;107.011317;CATEGORIA0;;1;1;0;1;;ALFA MITO 09-*GRELHA ESQ P/CH FRT;ALFA MITO 09-*GRELHA ESQ P/CH FRT;0;;
61;1540;107.011318;1540;107.011318;CATEGORIA0;;1;1;0;1;;ALFA MITO 09-*SPOILER P/CH TRÁS P/P;ALFA MITO 09-*SPOILER P/CH TRÁS P/P;0;;
61;1540;107.011346;1540;107.011346;CATEGORIA0;;1;1;0;1;;MITO 2008-08 - FORRA CAVE RODA FRT. DTA.;MITO 2008-08 - FORRA CAVE RODA FRT. DTA.;0;;
61;1540;107.011347;1540;107.011347;CATEGORIA0;;1;1;0;1;;MITO 2008-08 - FORRA CAVE RODA FRT. ESQ.;MITO 2008-08 - FORRA CAVE RODA FRT. ESQ.;0;;
61;1540;107.011405;1540;107.011405;CATEGORIA0;;1;1;0;1;;ALFA GIULIETTA 10-*GRELHA;ALFA GIULIETTA 10-*GRELHA;0;;
61;1540;107.011407;1540;107.011407;CATEGORIA0;;1;1;0;1;;ALFA GIULIETTA 10-*REFORÇO P/CH FRT;ALFA GIULIETTA 10-*REFORÇO P/CH FRT;0;;
61;1540;107.011408;1540;107.011408;CATEGORIA0;;1;1;0;1;;ALFA GIULIETTA 10-*P/CH FRT P/P;ALFA GIULIETTA 10-*P/CH FRT P/P;0;;
61;1540;107.011414;1540;107.011414;CATEGORIA0;;1;1;0;1;;ALFA GIULIETTA 10-*GRELHA CENTRAL DRT P/CH FRT;ALFA GIULIETTA 10-*GRELHA CENTRAL DRT P/CH FRT;0;;
61;1540;107.011415;1540;107.011415;CATEGORIA0;;1;1;0;1;;ALFA GIULIETTA 10-*GRELHA CENTRAL ESQ P/CH FRT;ALFA GIULIETTA 10-*GRELHA CENTRAL ESQ P/CH FRT;0;;
61;1540;107.011416;1540;107.011416;CATEGORIA0;;1;1;0;1;;ALFA GIULIETTA 10-*GRELHA LATERAL DRT P/CH FRT (C/FUROS);ALFA GIULIETTA 10-*GRELHA LATERAL DRT P/CH FRT (C/FUROS);0;;
61;1540;107.011417;1540;107.011417;CATEGORIA0;;1;1;0;1;;ALFA GIULIETTA 10-*GRELHA LATERAL ESQ P/CH FRT (C/FUROS);ALFA GIULIETTA 10-*GRELHA LATERAL ESQ P/CH FRT (C/FUROS);0;;
61;1540;107.011425;1540;107.011425;CATEGORIA0;;1;1;0;1;;ALFA GIULIETTA 10-*SUPORTE DRT P/CH FRT;ALFA GIULIETTA 10-*SUPORTE DRT P/CH FRT;0;;
61;1540;107.011426;1540;107.011426;CATEGORIA0;;1;1;0;1;;ALFA GIULIETTA 10-*SUPORTE ESQ P/CH FRT;ALFA GIULIETTA 10-*SUPORTE ESQ P/CH FRT;0;;
61;1540;107.011446;1540;107.011446;CATEGORIA0;;1;1;0;1;;ALFA GIULIETTA 10-*RESGUARDO C/RODA FRT DRT;ALFA GIULIETTA 10-*RESGUARDO C/RODA FRT DRT;0;;
61;1540;107.011447;1540;107.011447;CATEGORIA0;;1;1;0;1;;ALFA GIULIETTA 10-*RESGUARDO C/RODA FRT ESQ;ALFA GIULIETTA 10-*RESGUARDO C/RODA FRT ESQ;0;;
61;1540;107.011460;1540;107.011460;CATEGORIA0;;1;1;0;1;;FORRA INF. P/CHOQUES FRT.;FORRA INF. P/CHOQUES FRT.;0;;
61;1540;107.011461;1540;107.011461;CATEGORIA0;;1;1;0;1;;ALFA GIULIETTA 10-*RESGUARDO INF MOTOR;ALFA GIULIETTA 10-*RESGUARDO INF MOTOR;0;;
61;1540;107.011505;1540;107.011505;CATEGORIA0;;1;1;0;1;;ALFA GIULIETTA 2016.09-*GRELHA CROMADA;ALFA GIULIETTA 2016.09-*GRELHA CROMADA;0;;
61;1540;107.011508;1540;107.011508;CATEGORIA0;;1;1;0;1;;ALFA GIULIETTA 2016.09-*P/CH FRT P/P;ALFA GIULIETTA 2016.09-*P/CH FRT P/P;0;;
61;1540;107.011510;1540;107.011510;CATEGORIA0;;1;1;0;1;;ALFA GIULIETTA 2016.09-*P/CH TRÁS P/P;ALFA GIULIETTA 2016.09-*P/CH TRÁS P/P;0;;
61;1540;107.011513;1540;107.011513;CATEGORIA0;;1;1;0;1;;ALFA GIULIETTA 2016.09-*SPOILER P/CH TRÁS (1 FURO ESCAPE);ALFA GIULIETTA 2016.09-*SPOILER P/CH TRÁS (1 FURO ESCAPE);0;;
61;1540;107.011514;1540;107.011514;CATEGORIA0;;1;1;0;1;;ALFA GIULIETTA 2016.09-*SPOILER P/CH TRÁS (2 FUROS ESCAPE);ALFA GIULIETTA 2016.09-*SPOILER P/CH TRÁS (2 FUROS ESCAPE);0;;
61;1540;107.011515;1540;107.011515;CATEGORIA0;;1;1;0;1;;ALFA GIULIETTA 2016.09-*FRISO P/CH FRT;ALFA GIULIETTA 2016.09-*FRISO P/CH FRT;0;;
61;1540;107.011516;1540;107.011516;CATEGORIA0;;1;1;0;1;;ALFA GIULIETTA 2016.09-*FRISO P/CH FRT C/FRISO VERMELHO;ALFA GIULIETTA 2016.09-*FRISO P/CH FRT C/FRISO VERMELHO;0;;
61;1540;107.011517;1540;107.011517;CATEGORIA0;;1;1;0;1;;ALFA GIULIETTA 2016.09-*GRELHA DRT P/CH FRT;ALFA GIULIETTA 2016.09-*GRELHA DRT P/CH FRT;0;;
61;1540;107.011518;1540;107.011518;CATEGORIA0;;1;1;0;1;;ALFA GIULIETTA 2016.09-*GRELHA ESQ P/CH FRT;ALFA GIULIETTA 2016.09-*GRELHA ESQ P/CH FRT;0;;
61;1540;107.011519;1540;107.011519;CATEGORIA0;;1;1;0;1;;ALFA GIULIETTA 2016.09-*GRELHA DRT P/CH FRT C/FUR SEN;ALFA GIULIETTA 2016.09-*GRELHA DRT P/CH FRT C/FUR SEN;0;;
61;1540;107.011520;1540;107.011520;CATEGORIA0;;1;1;0;1;;ALFA GIULIETTA 2016.09-*GRELHA ESQ P/CH FRT C/FUR SEN;ALFA GIULIETTA 2016.09-*GRELHA ESQ P/CH FRT C/FUR SEN;0;;
61;1540;107.011608;1540;107.011608;CATEGORIA0;;1;1;0;1;;ALFA GIULIA 2016.03-*P/CH FRT P/P;ALFA GIULIA 2016.03-*P/CH FRT P/P;0;;
61;1540;107.011609;1540;107.011609;CATEGORIA0;;1;1;0;1;;ALFA GIULIA 2016.03-*P/CH FRT P/P 2 FUROS SEN;ALFA GIULIA 2016.03-*P/CH FRT P/P 2 FUROS SEN;0;;
61;1540;107.011615;1540;107.011615;CATEGORIA0;;1;1;0;1;;ALFA GIULIA 2016.03-*GRELHA DRT P/CH FRT;ALFA GIULIA 2016.03-*GRELHA DRT P/CH FRT;0;;
61;1540;107.011616;1540;107.011616;CATEGORIA0;;1;1;0;1;;ALFA GIULIA 2016.03-*GRELHA ESQ P/CH FRT;ALFA GIULIA 2016.03-*GRELHA ESQ P/CH FRT;0;;
61;1540;107.011617;1540;107.011617;CATEGORIA0;;1;1;0;1;;ALFA GIULIA 2016.03-*GRELHA DRT P/CH FRT (C/FUR RADAR);ALFA GIULIA 2016.03-*GRELHA DRT P/CH FRT (C/FUR RADAR);0;;
61;1540;107.011618;1540;107.011618;CATEGORIA0;;1;1;0;1;;ALFA GIULIA 2016.03-*GRELHA DRT P/CH FRT C/FURO FAROL NEV;ALFA GIULIA 2016.03-*GRELHA DRT P/CH FRT C/FURO FAROL NEV;0;;
61;1540;107.011619;1540;107.011619;CATEGORIA0;;1;1;0;1;;ALFA GIULIA 2016.03-*GRELHA ESQ P/CH FRT C/FURO FAROL NEV;ALFA GIULIA 2016.03-*GRELHA ESQ P/CH FRT C/FURO FAROL NEV;0;;
61;1540;107.020110;1540;107.020110;CATEGORIA0;;1;1;0;1;;AUDI 80 86-*P/CH TRÁS;AUDI 80 86-*P/CH TRÁS;0;;
61;1540;107.020147;1540;107.020147;CATEGORIA0;;1;1;0;1;;AUDI 80 86-*RESGUARDO C/RODA FRT ESQ;AUDI 80 86-*RESGUARDO C/RODA FRT ESQ;0;;
61;1540;107.020202;1540;107.020202;CATEGORIA0;;1;1;0;1;;AUDI 80 92-*GRELHA DRT P/CH FRT;AUDI 80 92-*GRELHA DRT P/CH FRT;0;;
61;1540;107.020203;1540;107.020203;CATEGORIA0;;1;1;0;1;;AUDI 80 92-*GRELHA ESQ P/CH FRT;AUDI 80 92-*GRELHA ESQ P/CH FRT;0;;
61;1540;107.020204;1540;107.020204;CATEGORIA0;;1;1;0;1;;AUDI 80 92-*GRELHA CENTRAL P/CH;AUDI 80 92-*GRELHA CENTRAL P/CH;0;;
61;1540;107.020205;1540;107.020205;CATEGORIA0;;1;1;0;1;;AUDI 80 92-*GRELHA;AUDI 80 92-*GRELHA;0;;
61;1540;107.020206;1540;107.020206;CATEGORIA0;;1;1;0;1;;AUDI 80 92-*FRISO FAROL DRT;AUDI 80 92-*FRISO FAROL DRT;0;;
61;1540;107.020207;1540;107.020207;CATEGORIA0;;1;1;0;1;;AUDI 80 92-*FRISO FAROL ESQ;AUDI 80 92-*FRISO FAROL ESQ;0;;
61;1540;107.020208;1540;107.020208;CATEGORIA0;;1;1;0;1;;AUDI 80 92-*P/CH FRT;AUDI 80 92-*P/CH FRT;0;;
61;1540;107.020209;1540;107.020209;CATEGORIA0;;1;1;0;1;;AUDI 80 92-*P/CH FRT P/P;AUDI 80 92-*P/CH FRT P/P;0;;
61;1540;107.020215;1540;107.020215;CATEGORIA0;;1;1;0;1;;AUDI 80 92-*P/CH TRÁS P/P (SEDAN/SW);AUDI 80 92-*P/CH TRÁS P/P (SEDAN/SW);0;;
61;1540;107.020216;1540;107.020216;CATEGORIA0;;1;1;0;1;;AUDI 80 92-*FRISO P/CH FRT DRT;AUDI 80 92-*FRISO P/CH FRT DRT;0;;
61;1540;107.020217;1540;107.020217;CATEGORIA0;;1;1;0;1;;AUDI 80 92-*FRISO P/CH FRT ESQ;AUDI 80 92-*FRISO P/CH FRT ESQ;0;;
61;1540;107.020218;1540;107.020218;CATEGORIA0;;1;1;0;1;;AUDI 80 92-*FRISO P/CH FRT C/FUROS DRT;AUDI 80 92-*FRISO P/CH FRT C/FUROS DRT;0;;
61;1540;107.020219;1540;107.020219;CATEGORIA0;;1;1;0;1;;AUDI 80 92-*FRISO P/CH FRT C/FUROS ESQ;AUDI 80 92-*FRISO P/CH FRT C/FUROS ESQ;0;;
61;1540;107.020220;1540;107.020220;CATEGORIA0;;1;1;0;1;;AUDI 80 92-*SUPORTE CHAPA MATRICULA P/CH;AUDI 80 92-*SUPORTE CHAPA MATRICULA P/CH;0;;
61;1540;107.020302;1540;107.020302;CATEGORIA0;;1;1;0;1;;AUDI A4 94-*GRELHA P/CHOQUES FRENTE DRT;AUDI A4 94-*GRELHA P/CHOQUES FRENTE DRT;0;;
61;1540;107.020303;1540;107.020303;CATEGORIA0;;1;1;0;1;;AUDI A4 94-*GRELHA P/CHOQUES FRENTE ESQ;AUDI A4 94-*GRELHA P/CHOQUES FRENTE ESQ;0;;
61;1540;107.020304;1540;107.020304;CATEGORIA0;;1;1;0;1;;AUDI A4 94-*GRELHA CENTRAL P/CHOQUES FRT;AUDI A4 94-*GRELHA CENTRAL P/CHOQUES FRT;0;;
61;1540;107.020305;1540;107.020305;CATEGORIA0;;1;1;0;1;;AUDI A4 94-*GRELHA;AUDI A4 94-*GRELHA;0;;
61;1540;107.020309;1540;107.020309;CATEGORIA0;;1;1;0;1;;AUDI A4 94-*P/CHOQUES FRT P/P;AUDI A4 94-*P/CHOQUES FRT P/P;0;;
61;1540;107.020310;1540;107.020310;CATEGORIA0;;1;1;0;1;;AUDI A4 94-*P/CHOQUES TRÁS P/PINTAR;AUDI A4 94-*P/CHOQUES TRÁS P/PINTAR;0;;
61;1540;107.020346;1540;107.020346;CATEGORIA0;;1;1;0;1;;AUDI A4 94-*RESGUARDO C/RODA FRT DRT;AUDI A4 94-*RESGUARDO C/RODA FRT DRT;0;;
61;1540;107.020347;1540;107.020347;CATEGORIA0;;1;1;0;1;;AUDI A4 94-*RESGUARDO C/RODA FRT ESQ;AUDI A4 94-*RESGUARDO C/RODA FRT ESQ;0;;
61;1540;107.020360;1540;107.020360;CATEGORIA0;;1;1;0;1;;AUDI A4 94-/PASSAT 96-*RESGUARDO INF.MOTOR;AUDI A4 94-/PASSAT 96-*RESGUARDO INF.MOTOR;0;;
61;1540;107.020361;1540;107.020361;CATEGORIA0;;1;1;0;1;;FORRA INF. MOTOR;FORRA INF. MOTOR;0;;
61;1540;107.020406;1540;107.020406;CATEGORIA0;;1;1;0;1;;AUDI A3 96-*REFORÇO P/CH TRÁS (ALUMINIO);AUDI A3 96-*REFORÇO P/CH TRÁS (ALUMINIO);0;;
61;1540;107.020407;1540;107.020407;CATEGORIA0;;1;1;0;1;;AUDI A3 96-*REFORÇO P/CH FRT ALUMINIO;AUDI A3 96-*REFORÇO P/CH FRT ALUMINIO;0;;
61;1540;107.020408;1540;107.020408;CATEGORIA0;;1;1;0;1;;AUDI A3 96-*P/CHOQUES FRT P/PINTAR;AUDI A3 96-*P/CHOQUES FRT P/PINTAR;0;;
61;1540;107.020409;1540;107.020409;CATEGORIA0;;1;1;0;1;;AUDI A3 96-*AVENTAL P/CH FRT;AUDI A3 96-*AVENTAL P/CH FRT;0;;
61;1540;107.020410;1540;107.020410;CATEGORIA0;;1;1;0;1;;AUDI A3 96-00*P/CHOQ. TRÁS P/PINTAR;AUDI A3 96-00*P/CHOQ. TRÁS P/PINTAR;0;;
61;1540;107.020414;1540;107.020414;CATEGORIA0;;1;1;0;1;;AUDI A3 96-03*SPOILER P/CH TRÁS;AUDI A3 96-03*SPOILER P/CH TRÁS;0;;
61;1540;107.020446;1540;107.020446;CATEGORIA0;;1;1;0;1;;AUDI A3 96-*RESGUARDO C/RODA FRT DRT;AUDI A3 96-*RESGUARDO C/RODA FRT DRT;0;;
61;1540;107.020447;1540;107.020447;CATEGORIA0;;1;1;0;1;;AUDI A3 96-*RESGUARDO C/RODA FRT ESQ;AUDI A3 96-*RESGUARDO C/RODA FRT ESQ;0;;
61;1540;107.020504;1540;107.020504;CATEGORIA0;;1;1;0;1;;AUDI A6 94-96*GRELHA P/CH FRT ESQ;AUDI A6 94-96*GRELHA P/CH FRT ESQ;0;;
61;1540;107.020506;1540;107.020506;CATEGORIA0;;1;1;0;1;;AUDI A6 94-96*GRELHA CENTRAL P/CH FRT;AUDI A6 94-96*GRELHA CENTRAL P/CH FRT;0;;
61;1540;107.020546;1540;107.020546;CATEGORIA0;;1;1;0;1;;AUDI A6 94-96*RESGUARDO C/RODA FRT DRT;AUDI A6 94-96*RESGUARDO C/RODA FRT DRT;0;;
61;1540;107.020547;1540;107.020547;CATEGORIA0;;1;1;0;1;;AUDI A6 94-96*RESGUARDO C/RODA FRT ESQ;AUDI A6 94-96*RESGUARDO C/RODA FRT ESQ;0;;
61;1540;107.020560;1540;107.020560;CATEGORIA0;;1;1;0;1;;AUDI A6 94-96*RESGUARDO INF MOTOR (PLASTICO);AUDI A6 94-96*RESGUARDO INF MOTOR (PLASTICO);0;;
61;1540;107.020602;1540;107.020602;CATEGORIA0;;1;1;0;1;;AUDI A6 97-*REFORÇO P/CH TRÁS;AUDI A6 97-*REFORÇO P/CH TRÁS;0;;
61;1540;107.020604;1540;107.020604;CATEGORIA0;;1;1;0;1;;AUDI A6 97-*GRELHA ESQ P/CH FRT;AUDI A6 97-*GRELHA ESQ P/CH FRT;0;;
61;1540;107.020605;1540;107.020605;CATEGORIA0;;1;1;0;1;;AUDI A6 97-*GRELHA;AUDI A6 97-*GRELHA;0;;
61;1540;107.020606;1540;107.020606;CATEGORIA0;;1;1;0;1;;AUDI A6 97- GRELHA CENTRAL P/CHOQUES FRT.;AUDI A6 97- GRELHA CENTRAL P/CHOQUES FRT.;0;;
61;1540;107.020607;1540;107.020607;CATEGORIA0;;1;1;0;1;;AUDI A6 97-*REFORÇO P/CH FRT;AUDI A6 97-*REFORÇO P/CH FRT;0;;
61;1540;107.020608;1540;107.020608;CATEGORIA0;;1;1;0;1;;AUDI A6 97-*P/CH FRT P/P;AUDI A6 97-*P/CH FRT P/P;0;;
61;1540;107.020609;1540;107.020609;CATEGORIA0;;1;1;0;1;;AUDI A6 97-*P/CH FRT P/P(C/FURO LAVA FAROIS);AUDI A6 97-*P/CH FRT P/P(C/FURO LAVA FAROIS);0;;
61;1540;107.020610;1540;107.020610;CATEGORIA0;;1;1;0;1;;AUDI A6 97-*P/CH TRÁS P/P (SEDAN);AUDI A6 97-*P/CH TRÁS P/P (SEDAN);0;;
61;1540;107.020617;1540;107.020617;CATEGORIA0;;1;1;0;1;;AUDI A6 97-*FRISO P/CH FRT DRT CROMADO;AUDI A6 97-*FRISO P/CH FRT DRT CROMADO;0;;
61;1540;107.020618;1540;107.020618;CATEGORIA0;;1;1;0;1;;AUDI A6 97-*FRISO P/CH FRT ESQ CROMADO;AUDI A6 97-*FRISO P/CH FRT ESQ CROMADO;0;;
61;1540;107.020646;1540;107.020646;CATEGORIA0;;1;1;0;1;;AUDI A6 97-*RESGUARDO C/RODA FRT DRT;AUDI A6 97-*RESGUARDO C/RODA FRT DRT;0;;
61;1540;107.020647;1540;107.020647;CATEGORIA0;;1;1;0;1;;AUDI A6 97-*RESGUARDO C/RODA FRT ESQ;AUDI A6 97-*RESGUARDO C/RODA FRT ESQ;0;;
61;1540;107.020660;1540;107.020660;CATEGORIA0;;1;1;0;1;;AUDI A6 97-*RESGUARDO INF MOTOR(FRT);AUDI A6 97-*RESGUARDO INF MOTOR(FRT);0;;
61;1540;107.020703;1540;107.020703;CATEGORIA0;;1;1;0;1;;A4 99-00 GRELHA DTA. P/CHOQUES FRT.;A4 99-00 GRELHA DTA. P/CHOQUES FRT.;0;;
61;1540;107.020704;1540;107.020704;CATEGORIA0;;1;1;0;1;;A4 99-00 GRELHA ESQ. P/CHOQUES FRT.;A4 99-00 GRELHA ESQ. P/CHOQUES FRT.;0;;
61;1540;107.020705;1540;107.020705;CATEGORIA0;;1;1;0;1;;AUDI A4 99-00*GRELHA (COMPLETA);AUDI A4 99-00*GRELHA (COMPLETA);0;;
61;1540;107.020706;1540;107.020706;CATEGORIA0;;1;1;0;1;;AUDI A4 99-00*GRELHA CENTRAL P/CH FRT;AUDI A4 99-00*GRELHA CENTRAL P/CH FRT;0;;
61;1540;107.020708;1540;107.020708;CATEGORIA0;;1;1;0;1;;AUDI A4 99-00*P/CH FRT P/P;AUDI A4 99-00*P/CH FRT P/P;0;;
61;1540;107.020802;1540;107.020802;CATEGORIA0;;1;1;0;1;;AUDI A4 01-*GRELHA P/CH FRT(CENTRO);AUDI A4 01-*GRELHA P/CH FRT(CENTRO);0;;
61;1540;107.020803;1540;107.020803;CATEGORIA0;;1;1;0;1;;AUDI A4 01-*GRELHA P/CH FRT DRT C/FURO;AUDI A4 01-*GRELHA P/CH FRT DRT C/FURO;0;;
61;1540;107.020804;1540;107.020804;CATEGORIA0;;1;1;0;1;;AUDI A4 01-*GRELHA P/CH FRT ESQ C/FURO;AUDI A4 01-*GRELHA P/CH FRT ESQ C/FURO;0;;
61;1540;107.020805;1540;107.020805;CATEGORIA0;;1;1;0;1;;AUDI A4 01-*GRELHA;AUDI A4 01-*GRELHA;0;;
61;1540;107.020806;1540;107.020806;CATEGORIA0;;1;1;0;1;;AUDI A4 01-/04-*REFORÇO P/CH TRÁS ALUMINIO;AUDI A4 01-/04-*REFORÇO P/CH TRÁS ALUMINIO;0;;
61;1540;107.020807;1540;107.020807;CATEGORIA0;;1;1;0;1;;AUDI A4 01-*REFORÇO P/CH FRT CHAPA;AUDI A4 01-*REFORÇO P/CH FRT CHAPA;0;;
61;1540;107.020809;1540;107.020809;CATEGORIA0;;1;1;0;1;;AUDI A4 01-*SPOILER P/CH FRT PRETO;AUDI A4 01-*SPOILER P/CH FRT PRETO;0;;
61;1540;107.020810;1540;107.020810;CATEGORIA0;;1;1;0;1;;AUDI A4 01-*P/CH TRÁS P/P (CARRINHA);AUDI A4 01-*P/CH TRÁS P/P (CARRINHA);0;;
61;1540;107.020815;1540;107.020815;CATEGORIA0;;1;1;0;1;;AUDI A4 01-*P/CH TRÁS P/P (SEDAN);AUDI A4 01-*P/CH TRÁS P/P (SEDAN);0;;
61;1540;107.020846;1540;107.020846;CATEGORIA0;;1;1;0;1;;AUDI A4 01-*RESGUARDO C/RODA FRT DRT;AUDI A4 01-*RESGUARDO C/RODA FRT DRT;0;;
61;1540;107.020847;1540;107.020847;CATEGORIA0;;1;1;0;1;;AUDI A4 01-*RESGUARDO C/RODA FRT ESQ;AUDI A4 01-*RESGUARDO C/RODA FRT ESQ;0;;
61;1540;107.020860;1540;107.020860;CATEGORIA0;;1;1;0;1;;AUDI A4 01-*FORRA INF. FR. MOTOR;AUDI A4 01-*FORRA INF. FR. MOTOR;0;;
61;1540;107.020861;1540;107.020861;CATEGORIA0;;1;1;0;1;;AUDI A4 01-*FORRA INF. TRÁS MOTOR;AUDI A4 01-*FORRA INF. TRÁS MOTOR;0;;
61;1540;107.020908;1540;107.020908;CATEGORIA0;;1;1;0;1;;AUDI A3 00-*P/CHOQUES FRT P/PINTAR;AUDI A3 00-*P/CHOQUES FRT P/PINTAR;0;;
61;1540;107.020909;1540;107.020909;CATEGORIA0;;1;1;0;1;;AUDI A3 00-*SPOILER P/CHOQ FRT;AUDI A3 00-*SPOILER P/CHOQ FRT;0;;
61;1540;107.020910;1540;107.020910;CATEGORIA0;;1;1;0;1;;P/CHOQUES TRÁS A3 00- P/PINTAR;P/CHOQUES TRÁS A3 00- P/PINTAR;0;;
61;1540;107.021305;1540;107.021305;CATEGORIA0;;1;1;0;1;;AUDI A3 03-*GRELHA C/FRISO (CROMADO (3P));AUDI A3 03-*GRELHA C/FRISO (CROMADO (3P));0;;
61;1540;107.021306;1540;107.021306;CATEGORIA0;;1;1;0;1;;AUDI A3 03-*REFORÇO P/CH TRÁS (ALUMINIO) 3P;AUDI A3 03-*REFORÇO P/CH TRÁS (ALUMINIO) 3P;0;;
61;1540;107.021307;1540;107.021307;CATEGORIA0;;1;1;0;1;;AUDI A3 03-*REFORÇO P/CH FRT ALUMINIO;AUDI A3 03-*REFORÇO P/CH FRT ALUMINIO;0;;
61;1540;107.021308;1540;107.021308;CATEGORIA0;;1;1;0;1;;AUDI A2 03- P/CHOQUES FRT P/P (3P);AUDI A2 03- P/CHOQUES FRT P/P (3P);0;;
61;1540;107.021310;1540;107.021310;CATEGORIA0;;1;1;0;1;;AUDI A3 03-08*P/CHOQUES TRÁS TODO P/PINTAR;AUDI A3 03-08*P/CHOQUES TRÁS TODO P/PINTAR;0;;
61;1540;107.021328;1540;107.021328;CATEGORIA0;;1;1;0;1;;AUDI A3 03-*P/CHOQ TRÁS P/PIN C/SENSOR;AUDI A3 03-*P/CHOQ TRÁS P/PIN C/SENSOR;0;;
61;1540;107.021346;1540;107.021346;CATEGORIA0;;1;1;0;1;;AUDI A3 03-*RESGUARDO C/R FRT DRT(FRT);AUDI A3 03-*RESGUARDO C/R FRT DRT(FRT);0;;
61;1540;107.021347;1540;107.021347;CATEGORIA0;;1;1;0;1;;AUDI A3 03-*RESGUARDO C/R FRT ESQ(FRT);AUDI A3 03-*RESGUARDO C/R FRT ESQ(FRT);0;;
61;1540;107.021349;1540;107.021349;CATEGORIA0;;1;1;0;1;;AUDI A3 03-*RESGUARDO C/RODA FRT ESQ (TRAS);AUDI A3 03-*RESGUARDO C/RODA FRT ESQ (TRAS);0;;
61;1540;107.021403;1540;107.021403;CATEGORIA0;;1;1;0;1;;ARO FAROL;ARO FAROL;0;;
61;1540;107.021404;1540;107.021404;CATEGORIA0;;1;1;0;1;;AUDI A4 04-*ARO FAROL NEV ESQ P/CH FRT P/P;AUDI A4 04-*ARO FAROL NEV ESQ P/CH FRT P/P;0;;
61;1540;107.021407;1540;107.021407;CATEGORIA0;;1;1;0;1;;AUDI A4 04-*REFORÇO P/CH FRT (ALUMINIO);AUDI A4 04-*REFORÇO P/CH FRT (ALUMINIO);0;;
61;1540;107.021408;1540;107.021408;CATEGORIA0;;1;1;0;1;;AUDI A4 04-*P/CHOQUES FRT P/PINTAR;AUDI A4 04-*P/CHOQUES FRT P/PINTAR;0;;
61;1540;107.021410;1540;107.021410;CATEGORIA0;;1;1;0;1;;AUDI A4 04-*P/CH TRÁS P/P C/FURO SENS/ESTAC (4P);AUDI A4 04-*P/CH TRÁS P/P C/FURO SENS/ESTAC (4P);0;;
61;1540;107.021414;1540;107.021414;CATEGORIA0;;1;1;0;1;;AUDI A4 04-*P/CH TRÁS P/P (SW);AUDI A4 04-*P/CH TRÁS P/P (SW);0;;
61;1540;107.021415;1540;107.021415;CATEGORIA0;;1;1;0;1;;AUDI A4 04-*SUPORTE CHAPA MATRICULA P/CH FRT P/P;AUDI A4 04-*SUPORTE CHAPA MATRICULA P/CH FRT P/P;0;;
61;1540;107.021416;1540;107.021416;CATEGORIA0;;1;1;0;1;;AUDI A4 04-*SUPORTE DRT P/CH FRT;AUDI A4 04-*SUPORTE DRT P/CH FRT;0;;
61;1540;107.021417;1540;107.021417;CATEGORIA0;;1;1;0;1;;AUDI A4 04-*SUPORTE ESQ P/CH FRT;AUDI A4 04-*SUPORTE ESQ P/CH FRT;0;;
61;1540;107.021418;1540;107.021418;CATEGORIA0;;1;1;0;1;;AUDI A4 04-*GRELHA DRT P/CH FRT (FECHADA)(MOD S-LINE);AUDI A4 04-*GRELHA DRT P/CH FRT (FECHADA)(MOD S-LINE);0;;
61;1540;107.021419;1540;107.021419;CATEGORIA0;;1;1;0;1;;AUDI A4 04-*GRELHA ESQ P/CH FRT (FECHADA)(MOD S-LINE);AUDI A4 04-*GRELHA ESQ P/CH FRT (FECHADA)(MOD S-LINE);0;;
61;1540;107.021421;1540;107.021421;CATEGORIA0;;1;1;0;1;;AUDI A4 04-*GRELHA DRT P/CH FRT (ABERTA)(MOD S-LINE);AUDI A4 04-*GRELHA DRT P/CH FRT (ABERTA)(MOD S-LINE);0;;
61;1540;107.021422;1540;107.021422;CATEGORIA0;;1;1;0;1;;AUDI A4 04-*GRELHA ESQ P/CH FRT (ABERTA)(MOD S-LINE);AUDI A4 04-*GRELHA ESQ P/CH FRT (ABERTA)(MOD S-LINE);0;;
61;1540;107.021425;1540;107.021425;CATEGORIA0;;1;1;0;1;;AUDI A4 04-*P/CH TRÁS P/P S/FURO SENSOR(4P);AUDI A4 04-*P/CH TRÁS P/P S/FURO SENSOR(4P);0;;
61;1540;107.021426;1540;107.021426;CATEGORIA0;;1;1;0;1;;AUDI A4 04-*P/CH TRÁS P/P C/FURO SENSOR(SW);AUDI A4 04-*P/CH TRÁS P/P C/FURO SENSOR(SW);0;;
61;1540;107.021427;1540;107.021427;CATEGORIA0;;1;1;0;1;;AUDI A4 04-*P/CH FRT P/P (C/2 FUROS SENSOR);AUDI A4 04-*P/CH FRT P/P (C/2 FUROS SENSOR);0;;
61;1540;107.021428;1540;107.021428;CATEGORIA0;;1;1;0;1;;AUDI A4 04-*P/CH FRT P/P(C/FURO LAVA FAROIS);AUDI A4 04-*P/CH FRT P/P(C/FURO LAVA FAROIS);0;;
61;1540;107.021436;1540;107.021436;CATEGORIA0;;1;1;0;1;;AUDI A4 04-*TAMPA REBOQUE P/CH FRT P/P;AUDI A4 04-*TAMPA REBOQUE P/CH FRT P/P;0;;
61;1540;107.021446;1540;107.021446;CATEGORIA0;;1;1;0;1;;AUDI A4 04-*RESGUARDO C/RODA FRT DRT;AUDI A4 04-*RESGUARDO C/RODA FRT DRT;0;;
61;1540;107.021447;1540;107.021447;CATEGORIA0;;1;1;0;1;;AUDI A4 04-*RESGUARDO C/RODA FRT ESQ;AUDI A4 04-*RESGUARDO C/RODA FRT ESQ;0;;
61;1540;107.021505;1540;107.021505;CATEGORIA0;;1;1;0;1;;AUDI A3 SPORTBACK 05-*GRELHA;AUDI A3 SPORTBACK 05-*GRELHA;0;;
61;1540;107.021506;1540;107.021506;CATEGORIA0;;1;1;0;1;;AUDI A3 SPORTBACK 05-13*REFORÇO P/CH TRÁS (ALUMINIO) 5P;AUDI A3 SPORTBACK 05-13*REFORÇO P/CH TRÁS (ALUMINIO) 5P;0;;
61;1540;107.021508;1540;107.021508;CATEGORIA0;;1;1;0;1;;AUDI A3 SPORTBACK 5P 05-/3P 06-*P/CH FRT P/PINTAR;AUDI A3 SPORTBACK 5P 05-/3P 06-*P/CH FRT P/PINTAR;0;;
61;1540;107.021509;1540;107.021509;CATEGORIA0;;1;1;0;1;;AUDI A3 SPORTBACK 5P 05-/3P 06-*P/CH FRT P/P (C/FURO LVF);AUDI A3 SPORTBACK 5P 05-/3P 06-*P/CH FRT P/P (C/FURO LVF);0;;
61;1540;107.021510;1540;107.021510;CATEGORIA0;;1;1;0;1;;AUDI A3 SPORTBACK 5P 05-*P/CH TRÁS P/P;AUDI A3 SPORTBACK 5P 05-*P/CH TRÁS P/P;0;;
61;1540;107.021514;1540;107.021514;CATEGORIA0;;1;1;0;1;;AUDI A3 SPORTBACK 05-*SUPORTE P/C FRT DRT;AUDI A3 SPORTBACK 05-*SUPORTE P/C FRT DRT;0;;
61;1540;107.021515;1540;107.021515;CATEGORIA0;;1;1;0;1;;AUDI A3 SPORTBACK 05-*SUPORTE P/C FRT ESQ;AUDI A3 SPORTBACK 05-*SUPORTE P/C FRT ESQ;0;;
61;1540;107.021517;1540;107.021517;CATEGORIA0;;1;1;0;1;;AUDI A3 03-/SPORTB 05-*GRELHA P/C FRT ESQ C/F 3/5P;AUDI A3 03-/SPORTB 05-*GRELHA P/C FRT ESQ C/F 3/5P;0;;
61;1540;107.021518;1540;107.021518;CATEGORIA0;;1;1;0;1;;AUDI A3 SPORTBACK 05-*SPOILER P/CH TRÁS 5P;AUDI A3 SPORTBACK 05-*SPOILER P/CH TRÁS 5P;0;;
61;1540;107.021529;1540;107.021529;CATEGORIA0;;1;1;0;1;;AUDI A3 SP0RTBACK 05-*P/CH TRÁS P/P (C/SENSOR);AUDI A3 SP0RTBACK 05-*P/CH TRÁS P/P (C/SENSOR);0;;
61;1540;107.021807;1540;107.021807;CATEGORIA0;;1;1;0;1;;AUDI A2 00-*REFORÇO P/CH FRT (ALUMINIO);AUDI A2 00-*REFORÇO P/CH FRT (ALUMINIO);0;;
61;1540;107.021903;1540;107.021903;CATEGORIA0;;1;1;0;1;;AUDI A6 02-*GRELHA DRT P/CH FRT (C/FUROS FAROIS);AUDI A6 02-*GRELHA DRT P/CH FRT (C/FUROS FAROIS);0;;
61;1540;107.021904;1540;107.021904;CATEGORIA0;;1;1;0;1;;AUDI A6 02-*GRELHA ESQ P/CH FRT (C/FUROS FAROIS);AUDI A6 02-*GRELHA ESQ P/CH FRT (C/FUROS FAROIS);0;;
61;1540;107.021905;1540;107.021905;CATEGORIA0;;1;1;0;1;;AUDI A6 02-*GRELHA (CROMADA/PRETA);AUDI A6 02-*GRELHA (CROMADA/PRETA);0;;
61;1540;107.021908;1540;107.021908;CATEGORIA0;;1;1;0;1;;AUDI A6 02-04*P/CH FRT P/P C/FURO ESGUICHO;AUDI A6 02-04*P/CH FRT P/P C/FURO ESGUICHO;0;;
61;1540;107.021910;1540;107.021910;CATEGORIA0;;1;1;0;1;;AUDI A6 02-*P/CH TRÁS P/P (AUTOMOVEL);AUDI A6 02-*P/CH TRÁS P/P (AUTOMOVEL);0;;
61;1540;107.021913;1540;107.021913;CATEGORIA0;;1;1;0;1;;AUDI A6 02-*SPOILER P/CH TRÁS S/SENS. ESTAC.(SEDAN);AUDI A6 02-*SPOILER P/CH TRÁS S/SENS. ESTAC.(SEDAN);0;;
61;1540;107.021915;1540;107.021915;CATEGORIA0;;1;1;0;1;;AUDI A6 02-*GRELHA P/CH FRT (CROMADA/PRETA);AUDI A6 02-*GRELHA P/CH FRT (CROMADA/PRETA);0;;
61;1540;107.021917;1540;107.021917;CATEGORIA0;;1;1;0;1;;AUDI A6 02-04*FRISO P/CH FRT DRT CROMADO;AUDI A6 02-04*FRISO P/CH FRT DRT CROMADO;0;;
61;1540;107.021918;1540;107.021918;CATEGORIA0;;1;1;0;1;;AUDI A6 02-04*FRISO P/CH FRT ESQ CROMADO;AUDI A6 02-04*FRISO P/CH FRT ESQ CROMADO;0;;
61;1540;107.021946;1540;107.021946;CATEGORIA0;;1;1;0;1;;AUDI A6 2001.08-*RESGUARDO C/RODA FRT DRT;AUDI A6 2001.08-*RESGUARDO C/RODA FRT DRT;0;;
61;1540;107.021947;1540;107.021947;CATEGORIA0;;1;1;0;1;;AUDI A6 2001.08-*RESGUARDO C/RODA FRT ESQ;AUDI A6 2001.08-*RESGUARDO C/RODA FRT ESQ;0;;
61;1540;107.022303;1540;107.022303;CATEGORIA0;;1;1;0;1;;AUDI A6 04-*SUPORTE CHAPA MATRICULA FRT C/FUROS P/SENSOR;AUDI A6 04-*SUPORTE CHAPA MATRICULA FRT C/FUROS P/SENSOR;0;;
61;1540;107.022306;1540;107.022306;CATEGORIA0;;1;1;0;1;;AUDI A6 04-*REFORÇO P/CH TRÁS (ALUMINIO);AUDI A6 04-*REFORÇO P/CH TRÁS (ALUMINIO);0;;
61;1540;107.022308;1540;107.022308;CATEGORIA0;;1;1;0;1;;AUDI A6 04-*P/CH FRT P/P;AUDI A6 04-*P/CH FRT P/P;0;;
61;1540;107.022309;1540;107.022309;CATEGORIA0;;1;1;0;1;;AUDI A6 04-*P/CH FRT P/P (C/SENSO)(C/LAV-FAROIS);AUDI A6 04-*P/CH FRT P/P (C/SENSO)(C/LAV-FAROIS);0;;
61;1540;107.022310;1540;107.022310;CATEGORIA0;;1;1;0;1;;AUDI A6 04-*P/CH TRÁS P/P;AUDI A6 04-*P/CH TRÁS P/P;0;;
61;1540;107.022313;1540;107.022313;CATEGORIA0;;1;1;0;1;;AUDI A6 04-*SPOILER P/CH TRÁS P/P;AUDI A6 04-*SPOILER P/CH TRÁS P/P;0;;
61;1540;107.022314;1540;107.022314;CATEGORIA0;;1;1;0;1;;AUDI A6 04-*P/CH TRÁS P/P (C/SENSOR ESTAC);AUDI A6 04-*P/CH TRÁS P/P (C/SENSOR ESTAC);0;;
61;1540;107.022315;1540;107.022315;CATEGORIA0;;1;1;0;1;;AUDI A6 04-*GRELHA DRT P/CH FRT (C/FUROS FAROIS (DIESEL));AUDI A6 04-*GRELHA DRT P/CH FRT (C/FUROS FAROIS (DIESEL));0;;
61;1540;107.022316;1540;107.022316;CATEGORIA0;;1;1;0;1;;AUDI A6 04-*GRELHA ESQ P/CH FRT (C/FUROS FAROIS (DIESEL));AUDI A6 04-*GRELHA ESQ P/CH FRT (C/FUROS FAROIS (DIESEL));0;;
61;1540;107.022317;1540;107.022317;CATEGORIA0;;1;1;0;1;;AUDI A6 04-*FRISO P/CH FRT DRT CROMADO;AUDI A6 04-*FRISO P/CH FRT DRT CROMADO;0;;
61;1540;107.022318;1540;107.022318;CATEGORIA0;;1;1;0;1;;AUDI A6 04-*FRISO P/CH FRT ESQ CROMADO;AUDI A6 04-*FRISO P/CH FRT ESQ CROMADO;0;;
61;1540;107.022319;1540;107.022319;CATEGORIA0;;1;1;0;1;;AUDI A6 04-*GRELHA DRT P/CH FRT (C/FUROS FAROIS FECHADA);AUDI A6 04-*GRELHA DRT P/CH FRT (C/FUROS FAROIS FECHADA);0;;
61;1540;107.022320;1540;107.022320;CATEGORIA0;;1;1;0;1;;AUDI A6 04-*GRELHA ESQ P/CH FRT (C/FUROS FAROIS FECHADA);AUDI A6 04-*GRELHA ESQ P/CH FRT (C/FUROS FAROIS FECHADA);0;;
61;1540;107.022327;1540;107.022327;CATEGORIA0;;1;1;0;1;;AUDI A6 04-*P/CH FRT P/P (C/SENSOR);AUDI A6 04-*P/CH FRT P/P (C/SENSOR);0;;
61;1540;107.022328;1540;107.022328;CATEGORIA0;;1;1;0;1;;AUDI A6 04-*P/CH FRT P/P (C/FURO LV/FAROIS)(S/FURO SENSOR);AUDI A6 04-*P/CH FRT P/P (C/FURO LV/FAROIS)(S/FURO SENSOR);0;;
61;1540;107.022338;1540;107.022338;CATEGORIA0;;1;1;0;1;;AUDI A6 04-*TAMPA DRT LAVA FAROIS P/CH FRT;AUDI A6 04-*TAMPA DRT LAVA FAROIS P/CH FRT;0;;
61;1540;107.022339;1540;107.022339;CATEGORIA0;;1;1;0;1;;AUDI A6 04-*TAMPA ESQ LAVA FAROIS P/CH FRT;AUDI A6 04-*TAMPA ESQ LAVA FAROIS P/CH FRT;0;;
61;1540;107.022346;1540;107.022346;CATEGORIA0;;1;1;0;1;;AUDI A6 04-*RESGUARDO C/RODA FRT DRT;AUDI A6 04-*RESGUARDO C/RODA FRT DRT;0;;
61;1540;107.022347;1540;107.022347;CATEGORIA0;;1;1;0;1;;AUDI A6 04-*RESGUARDO C/RODA FRT ESQ;AUDI A6 04-*RESGUARDO C/RODA FRT ESQ;0;;
61;1540;107.022360;1540;107.022360;CATEGORIA0;;1;1;0;1;;AUDI A6 04-*RESGUARDO INF MOTOR FRT;AUDI A6 04-*RESGUARDO INF MOTOR FRT;0;;
61;1540;107.022361;1540;107.022361;CATEGORIA0;;1;1;0;1;;AUDI A6 04-*RESGUARDO INF MOTOR TRÁS;AUDI A6 04-*RESGUARDO INF MOTOR TRÁS;0;;
61;1540;107.022406;1540;107.022406;CATEGORIA0;;1;1;0;1;;AUDI A4 07-*REFORÇO P/CH TRAS(CHAPA);AUDI A4 07-*REFORÇO P/CH TRAS(CHAPA);0;;
61;1540;107.022407;1540;107.022407;CATEGORIA0;;1;1;0;1;;AUDI A4 07-*REFORÇO P/CH FRT (ALUMINIO);AUDI A4 07-*REFORÇO P/CH FRT (ALUMINIO);0;;
61;1540;107.022408;1540;107.022408;CATEGORIA0;;1;1;0;1;;AUDI A4 07-*P/CHOQ. FRT. P/P;AUDI A4 07-*P/CHOQ. FRT. P/P;0;;
61;1540;107.022409;1540;107.022409;CATEGORIA0;;1;1;0;1;;AUDI A4 07-*P/CH FRT P/P (C/FURO SENSOR);AUDI A4 07-*P/CH FRT P/P (C/FURO SENSOR);0;;
61;1540;107.022410;1540;107.022410;CATEGORIA0;;1;1;0;1;;AUDI A4 07-*P/CH TRÁS P/P (C/FURO SENSOR);AUDI A4 07-*P/CH TRÁS P/P (C/FURO SENSOR);0;;
61;1540;107.022413;1540;107.022413;CATEGORIA0;;1;1;0;1;;AUDI A4 07-*P/CH TRÁS P/P (S/FURO SENSOR);AUDI A4 07-*P/CH TRÁS P/P (S/FURO SENSOR);0;;
61;1540;107.022415;1540;107.022415;CATEGORIA0;;1;1;0;1;;AUDI A4 07-*SPOILER P/CH TRAS(2.0);AUDI A4 07-*SPOILER P/CH TRAS(2.0);0;;
61;1540;107.022418;1540;107.022418;CATEGORIA0;;1;1;0;1;;AUDI A4 07-*GRELHA P/CH FRT DRT C/FURO FECHADA;AUDI A4 07-*GRELHA P/CH FRT DRT C/FURO FECHADA;0;;
61;1540;107.022419;1540;107.022419;CATEGORIA0;;1;1;0;1;;AUDI A4 07-*GRELHA P/CH FRT ESQ C/FURO FECHADA;AUDI A4 07-*GRELHA P/CH FRT ESQ C/FURO FECHADA;0;;
61;1540;107.022420;1540;107.022420;CATEGORIA0;;1;1;0;1;;AUDI A4 07-*SUPORTE DRT P/CH FRT;AUDI A4 07-*SUPORTE DRT P/CH FRT;0;;
61;1540;107.022421;1540;107.022421;CATEGORIA0;;1;1;0;1;;AUDI A4 07-*SUPORTE ESQ P/CH FRT;AUDI A4 07-*SUPORTE ESQ P/CH FRT;0;;
61;1540;107.022422;1540;107.022422;CATEGORIA0;;1;1;0;1;;AUDI A4 07-*GRELHA DRT P/CH FRT (C/FUROS FECHADA+ARO FAROL C;AUDI A4 07-*GRELHA DRT P/CH FRT (C/FUROS FECHADA+ARO FAROL C;0;;
61;1540;107.022423;1540;107.022423;CATEGORIA0;;1;1;0;1;;AUDI A4 07-*GRELHA ESQ P/CH FRT (C/FUROS FECHADA+ARO FAROL C;AUDI A4 07-*GRELHA ESQ P/CH FRT (C/FUROS FECHADA+ARO FAROL C;0;;
61;1540;107.022427;1540;107.022427;CATEGORIA0;;1;1;0;1;;AUDI A4 07-*P/CH FRT P/P (C/FURO SENSOR)(C/FURO L/FAROIS);AUDI A4 07-*P/CH FRT P/P (C/FURO SENSOR)(C/FURO L/FAROIS);0;;
61;1540;107.022428;1540;107.022428;CATEGORIA0;;1;1;0;1;;AUDI A4 07-*P/CH FRT P/P C/FU LV FAROIS S/F SENSOR;AUDI A4 07-*P/CH FRT P/P C/FU LV FAROIS S/F SENSOR;0;;
61;1540;107.022436;1540;107.022436;CATEGORIA0;;1;1;0;1;;AUDI A4 07-*TAMPA REBOQUE P/CH FRT P/P;AUDI A4 07-*TAMPA REBOQUE P/CH FRT P/P;0;;
61;1540;107.022446;1540;107.022446;CATEGORIA0;;1;1;0;1;;AUDI A4 07-*RESGUARDO C/RODA FRT DRT;AUDI A4 07-*RESGUARDO C/RODA FRT DRT;0;;
61;1540;107.022447;1540;107.022447;CATEGORIA0;;1;1;0;1;;AUDI A4 07-*RESG C/R FRT ESQ;AUDI A4 07-*RESG C/R FRT ESQ;0;;
61;1540;107.022460;1540;107.022460;CATEGORIA0;;1;1;0;1;;AUDI A4 07-*RESGUARDO INF MOTOR TRÁS (2.0);AUDI A4 07-*RESGUARDO INF MOTOR TRÁS (2.0);0;;
61;1540;107.022461;1540;107.022461;CATEGORIA0;;1;1;0;1;;AUDI A4 07-*RESGUARDO INF MOTOR(FRT);AUDI A4 07-*RESGUARDO INF MOTOR(FRT);0;;
61;1540;107.022507;1540;107.022507;CATEGORIA0;;1;1;0;1;;AUDI A3 2008.07-*REFORÇO P/CH FRT (ALUMINIO);AUDI A3 2008.07-*REFORÇO P/CH FRT (ALUMINIO);0;;
61;1540;107.022508;1540;107.022508;CATEGORIA0;;1;1;0;1;;AUDI A3 2008.07-*P/CH FRT P/P;AUDI A3 2008.07-*P/CH FRT P/P;0;;
61;1540;107.022509;1540;107.022509;CATEGORIA0;;1;1;0;1;;AUDI A3 2008.07-*P/CH FRT (C/FURO SENSOR);AUDI A3 2008.07-*P/CH FRT (C/FURO SENSOR);0;;
61;1540;107.022510;1540;107.022510;CATEGORIA0;;1;1;0;1;;AUDI A3 2008.07-*P/CH TRÁS (S/FURO SENSOR)(5P);AUDI A3 2008.07-*P/CH TRÁS (S/FURO SENSOR)(5P);0;;
61;1540;107.022513;1540;107.022513;CATEGORIA0;;1;1;0;1;;AUDI A3 2008.07-*P/CH TRÁS (C/FURO SENSOR)(5P);AUDI A3 2008.07-*P/CH TRÁS (C/FURO SENSOR)(5P);0;;
61;1540;107.022515;1540;107.022515;CATEGORIA0;;1;1;0;1;;AUDI A3 2008.07-*GRELHA DRT P/CH FRT (C/FURO FAROL);AUDI A3 2008.07-*GRELHA DRT P/CH FRT (C/FURO FAROL);0;;
61;1540;107.022516;1540;107.022516;CATEGORIA0;;1;1;0;1;;AUDI A3 2008.07-*GRELHA ESQ P/CH FRT (C/FURO FAROL);AUDI A3 2008.07-*GRELHA ESQ P/CH FRT (C/FURO FAROL);0;;
61;1540;107.022517;1540;107.022517;CATEGORIA0;;1;1;0;1;;AUDI A3 2008.07-*SUPORTE DRT P/CH FRT;AUDI A3 2008.07-*SUPORTE DRT P/CH FRT;0;;
61;1540;107.022518;1540;107.022518;CATEGORIA0;;1;1;0;1;;AUDI A3 2008.07-*SUPORTE ESQ P/CH FRT;AUDI A3 2008.07-*SUPORTE ESQ P/CH FRT;0;;
61;1540;107.022519;1540;107.022519;CATEGORIA0;;1;1;0;1;;AUDI A3 2008.07-*GRELHA DRT P/CH FRT (S/FURO FAROL);AUDI A3 2008.07-*GRELHA DRT P/CH FRT (S/FURO FAROL);0;;
61;1540;107.022520;1540;107.022520;CATEGORIA0;;1;1;0;1;;AUDI A3 2008.07-*GRELHA ESQ P/CH FRT (S/FURO FAROL);AUDI A3 2008.07-*GRELHA ESQ P/CH FRT (S/FURO FAROL);0;;
61;1540;107.022526;1540;107.022526;CATEGORIA0;;1;1;0;1;;AUDI A3 2008.07-*P/CH TRÁS (S/FURO SENSOR)(3P);AUDI A3 2008.07-*P/CH TRÁS (S/FURO SENSOR)(3P);0;;
61;1540;107.022527;1540;107.022527;CATEGORIA0;;1;1;0;1;;AUDI A3 2008.07-*P/CH FRT P/P S/FURO SENSOR C/FURO LVF;AUDI A3 2008.07-*P/CH FRT P/P S/FURO SENSOR C/FURO LVF;0;;
61;1540;107.022528;1540;107.022528;CATEGORIA0;;1;1;0;1;;AUDI A3 2008.07-*P/CH FRT P/P C/FURO SENSOR C/FURO LVF;AUDI A3 2008.07-*P/CH FRT P/P C/FURO SENSOR C/FURO LVF;0;;
61;1540;107.022605;1540;107.022605;CATEGORIA0;;1;1;0;1;;AUDI A6 09-*GRELHA PINT/CINZA (C/FRISO CROMADO);AUDI A6 09-*GRELHA PINT/CINZA (C/FRISO CROMADO);0;;
61;1540;107.022610;1540;107.022610;CATEGORIA0;;1;1;0;1;;AUDI A6 09-*P/CH TRÁS P/P (C/FURO SENS/ESTAC);AUDI A6 09-*P/CH TRÁS P/P (C/FURO SENS/ESTAC);0;;
61;1540;107.022615;1540;107.022615;CATEGORIA0;;1;1;0;1;;GRELHA DTA. P/CHOQUES FRT. (C/FURO FAROL);GRELHA DTA. P/CHOQUES FRT. (C/FURO FAROL);0;;
61;1540;107.022616;1540;107.022616;CATEGORIA0;;1;1;0;1;;AUDI A6 09-*GRELHA ESQ P/CH FRT (C/FURO FAROL);AUDI A6 09-*GRELHA ESQ P/CH FRT (C/FURO FAROL);0;;
61;1540;107.022646;1540;107.022646;CATEGORIA0;;1;1;0;1;;AUDI A6 09-*RESGUARDO C/RODA FRT DRT;AUDI A6 09-*RESGUARDO C/RODA FRT DRT;0;;
61;1540;107.022647;1540;107.022647;CATEGORIA0;;1;1;0;1;;AUDI A6 09-*RESGUARDO C/RODA FRT ESQ;AUDI A6 09-*RESGUARDO C/RODA FRT ESQ;0;;
61;1540;107.022705;1540;107.022705;CATEGORIA0;;1;1;0;1;;AUDI A1 10-*GRELHA P/P C/FRISO CROMADO;AUDI A1 10-*GRELHA P/P C/FRISO CROMADO;0;;
61;1540;107.022706;1540;107.022706;CATEGORIA0;;1;1;0;1;;AUDI A1 10-*REFORÇO P/CH TRÁS (CHAPA);AUDI A1 10-*REFORÇO P/CH TRÁS (CHAPA);0;;
61;1540;107.022707;1540;107.022707;CATEGORIA0;;1;1;0;1;;AUDI A1 10-*REFORÇO P/CH FRT (ALUMINIO);AUDI A1 10-*REFORÇO P/CH FRT (ALUMINIO);0;;
61;1540;107.022708;1540;107.022708;CATEGORIA0;;1;1;0;1;;AUDI A1 2015.01-*P/CH FRT P/P;AUDI A1 2015.01-*P/CH FRT P/P;0;;
61;1540;107.022709;1540;107.022709;CATEGORIA0;;1;1;0;1;;AUDI A1 10-*SPOILER P/CH FRT P/P;AUDI A1 10-*SPOILER P/CH FRT P/P;0;;
61;1540;107.022710;1540;107.022710;CATEGORIA0;;1;1;0;1;;AUDI A1 2010.05-*P/CH TRÁS P/P;AUDI A1 2010.05-*P/CH TRÁS P/P;0;;
61;1540;107.022713;1540;107.022713;CATEGORIA0;;1;1;0;1;;AUDI A1 2010.05-*P/CH TRÁS P/P C/4 FUROS SENSOR;AUDI A1 2010.05-*P/CH TRÁS P/P C/4 FUROS SENSOR;0;;
61;1540;107.022714;1540;107.022714;CATEGORIA0;;1;1;0;1;;AUDI A1 10-*CANTO P/CH FRT DRT P/P;AUDI A1 10-*CANTO P/CH FRT DRT P/P;0;;
61;1540;107.022715;1540;107.022715;CATEGORIA0;;1;1;0;1;;AUDI A1 10-*CANTO P/CH FRT ESQ P/P;AUDI A1 10-*CANTO P/CH FRT ESQ P/P;0;;
61;1540;107.022716;1540;107.022716;CATEGORIA0;;1;1;0;1;;AUDI A1 10-*GRELHA CANTO DRT P/CH FRT (S/FURO FAROL);AUDI A1 10-*GRELHA CANTO DRT P/CH FRT (S/FURO FAROL);0;;
61;1540;107.022717;1540;107.022717;CATEGORIA0;;1;1;0;1;;AUDI A1 10-*GRELHA CANTO ESQ P/CH FRT (S/FURO FAROL);AUDI A1 10-*GRELHA CANTO ESQ P/CH FRT (S/FURO FAROL);0;;
61;1540;107.022718;1540;107.022718;CATEGORIA0;;1;1;0;1;;AUDI A1 10-*GRELHA CANTO DRT P/CH FRT (C/FURO FAROL C/ARO CR;AUDI A1 10-*GRELHA CANTO DRT P/CH FRT (C/FURO FAROL C/ARO CR;0;;
61;1540;107.022719;1540;107.022719;CATEGORIA0;;1;1;0;1;;AUDI A1 10-*GRELHA CANTO ESQ P/CH FRT (C/FURO FAROL C/ARO CR;AUDI A1 10-*GRELHA CANTO ESQ P/CH FRT (C/FURO FAROL C/ARO CR;0;;
61;1540;107.022720;1540;107.022720;CATEGORIA0;;1;1;0;1;;AUDI A1 10-*CANTO P/CH FRT DRT P/P C/F SENSOR +FURO ESGUICHO;AUDI A1 10-*CANTO P/CH FRT DRT P/P C/F SENSOR +FURO ESGUICHO;0;;
61;1540;107.022721;1540;107.022721;CATEGORIA0;;1;1;0;1;;AUDI A1 10-*CANTO P/CH FRT ESQ P/P C/F SENSOR +FURO ESGUICHO;AUDI A1 10-*CANTO P/CH FRT ESQ P/P C/F SENSOR +FURO ESGUICHO;0;;
61;1540;107.022722;1540;107.022722;CATEGORIA0;;1;1;0;1;;AUDI A1 2015.01-*GRELHA DRT P/CH FRT(S/FURO FAROL);AUDI A1 2015.01-*GRELHA DRT P/CH FRT(S/FURO FAROL);0;;
61;1540;107.022723;1540;107.022723;CATEGORIA0;;1;1;0;1;;AUDI A1 2015.01-*GRELHA ESQ P/CH FRT(S/FURO FAROL);AUDI A1 2015.01-*GRELHA ESQ P/CH FRT(S/FURO FAROL);0;;
61;1540;107.022724;1540;107.022724;CATEGORIA0;;1;1;0;1;;AUDI A1 2015.01-*GRELHA DRT P/CH FRT(C/FURO FAROL NEVOEIRO);AUDI A1 2015.01-*GRELHA DRT P/CH FRT(C/FURO FAROL NEVOEIRO);0;;
61;1540;107.022725;1540;107.022725;CATEGORIA0;;1;1;0;1;;AUDI A1 2015.01-*GRELHA ESQ P/CH FRT(C/FURO FAROL NEVOEIRO);AUDI A1 2015.01-*GRELHA ESQ P/CH FRT(C/FURO FAROL NEVOEIRO);0;;
61;1540;107.022726;1540;107.022726;CATEGORIA0;;1;1;0;1;;AUDI A1 10-*SPOILER P/CH TRAS(1 SAIDA ESCAPE);AUDI A1 10-*SPOILER P/CH TRAS(1 SAIDA ESCAPE);0;;
61;1540;107.022728;1540;107.022728;CATEGORIA0;;1;1;0;1;;AUDI A1 2015.01-*P/CH TRÁS P/P;AUDI A1 2015.01-*P/CH TRÁS P/P;0;;
61;1540;107.022729;1540;107.022729;CATEGORIA0;;1;1;0;1;;PARA-CHOQUES TRÁS;PARA-CHOQUES TRÁS;0;;
61;1540;107.022746;1540;107.022746;CATEGORIA0;;1;1;0;1;;AUDI A1 10-*RESGUARDO C/RODA FRT DRT;AUDI A1 10-*RESGUARDO C/RODA FRT DRT;0;;
61;1540;107.022747;1540;107.022747;CATEGORIA0;;1;1;0;1;;AUDI A1 10-*RESGUARDO C/RODA FRT ESQ;AUDI A1 10-*RESGUARDO C/RODA FRT ESQ;0;;
61;1540;107.022760;1540;107.022760;CATEGORIA0;;1;1;0;1;;FORRA INF. MOTOR;FORRA INF. MOTOR;0;;
61;1540;107.022761;1540;107.022761;CATEGORIA0;;1;1;0;1;;AUDI A1/IBIZA/POLO 10-*RESGUARDO INF MOTOR(GASOLINA);AUDI A1/IBIZA/POLO 10-*RESGUARDO INF MOTOR(GASOLINA);0;;
61;1540;107.022802;1540;107.022802;CATEGORIA0;;1;1;0;1;;AUDI A4 12-*GRELHA INF DRT P/CH(C/FURO CRUISE CONTROL);AUDI A4 12-*GRELHA INF DRT P/CH(C/FURO CRUISE CONTROL);0;;
61;1540;107.022803;1540;107.022803;CATEGORIA0;;1;1;0;1;;AUDI A4 12-*GRELHA INF DRT P/CH;AUDI A4 12-*GRELHA INF DRT P/CH;0;;
61;1540;107.022804;1540;107.022804;CATEGORIA0;;1;1;0;1;;AUDI A4 12-*GRELHA INF ESQ P/CH;AUDI A4 12-*GRELHA INF ESQ P/CH;0;;
61;1540;107.022808;1540;107.022808;CATEGORIA0;;1;1;0;1;;AUDI A4 12-*P/CH FRT P/P;AUDI A4 12-*P/CH FRT P/P;0;;
61;1540;107.022810;1540;107.022810;CATEGORIA0;;1;1;0;1;;AUDI A4 12-*P/CH TRÁS P/P C/FURO SENSOR(4P);AUDI A4 12-*P/CH TRÁS P/P C/FURO SENSOR(4P);0;;
61;1540;107.022813;1540;107.022813;CATEGORIA0;;1;1;0;1;;AUDI A4 12-*P/CH TRÁS P/P C/FURO SENSOR(SW);AUDI A4 12-*P/CH TRÁS P/P C/FURO SENSOR(SW);0;;
61;1540;107.022814;1540;107.022814;CATEGORIA0;;1;1;0;1;;AUDI A4 12-*GRELHA INF P/CH FRT (PRETA);AUDI A4 12-*GRELHA INF P/CH FRT (PRETA);0;;
61;1540;107.022815;1540;107.022815;CATEGORIA0;;1;1;0;1;;AUDI A4 12-*GRELHA INF DRT P/CH C/FRISO CROMADO(MOD S-LINE);AUDI A4 12-*GRELHA INF DRT P/CH C/FRISO CROMADO(MOD S-LINE);0;;
61;1540;107.022816;1540;107.022816;CATEGORIA0;;1;1;0;1;;AUDI A4 12-*GRELHA INF ESQ P/CH FRT C/FRISO CROMADO(MOD S-LI;AUDI A4 12-*GRELHA INF ESQ P/CH FRT C/FRISO CROMADO(MOD S-LI;0;;
61;1540;107.022825;1540;107.022825;CATEGORIA0;;1;1;0;1;;AUDI A4 12-*P/CH FRT P/P (C/FURO LV/FAROIS MOD S-LINE);AUDI A4 12-*P/CH FRT P/P (C/FURO LV/FAROIS MOD S-LINE);0;;
61;1540;107.022826;1540;107.022826;CATEGORIA0;;1;1;0;1;;AUDI A4 12-*P/CH FRT P/P (C/FURO SENSOR+FURO LV/FAROIS MOD S;AUDI A4 12-*P/CH FRT P/P (C/FURO SENSOR+FURO LV/FAROIS MOD S;0;;
61;1540;107.022827;1540;107.022827;CATEGORIA0;;1;1;0;1;;AUDI A4 12-*P/CH FRT P/P (C/FURO SENSOR);AUDI A4 12-*P/CH FRT P/P (C/FURO SENSOR);0;;
61;1540;107.022828;1540;107.022828;CATEGORIA0;;1;1;0;1;;AUDI A4 12-*P/CH FRT P/P (C/FURO LV/FAROIS);AUDI A4 12-*P/CH FRT P/P (C/FURO LV/FAROIS);0;;
61;1540;107.022829;1540;107.022829;CATEGORIA0;;1;1;0;1;;AUDI A4 12-*P/CH FRT P/P (C/FURO LV/FAROIS)(C/FURO SENSOR);AUDI A4 12-*P/CH FRT P/P (C/FURO LV/FAROIS)(C/FURO SENSOR);0;;
61;1540;107.022833;1540;107.022833;CATEGORIA0;;1;1;0;1;;AUDI A4 12-*SUPORTE DRT P/CH FRT;AUDI A4 12-*SUPORTE DRT P/CH FRT;0;;
61;1540;107.022834;1540;107.022834;CATEGORIA0;;1;1;0;1;;AUDI A4 12-*SUPORTE ESQ P/CH FRT;AUDI A4 12-*SUPORTE ESQ P/CH FRT;0;;
61;1540;107.022846;1540;107.022846;CATEGORIA0;;1;1;0;1;;AUDI A4 12-*RESGUARDO C/RODA FRT DRT;AUDI A4 12-*RESGUARDO C/RODA FRT DRT;0;;
61;1540;107.022847;1540;107.022847;CATEGORIA0;;1;1;0;1;;AUDI A4 12-*FORRA C/ RODA FRT. ESQ.;AUDI A4 12-*FORRA C/ RODA FRT. ESQ.;0;;
61;1540;107.022914;1540;107.022914;CATEGORIA0;;1;1;0;1;;AUDI Q3 11-*CANTO P/CH FRT DRT C/PDC C/FUROS LVF;AUDI Q3 11-*CANTO P/CH FRT DRT C/PDC C/FUROS LVF;0;;
61;1540;107.022915;1540;107.022915;CATEGORIA0;;1;1;0;1;;AUDI Q3 11-*CANTO P/CH FRT ESQ C/PDC C/FUROS LVF;AUDI Q3 11-*CANTO P/CH FRT ESQ C/PDC C/FUROS LVF;0;;
61;1540;107.022916;1540;107.022916;CATEGORIA0;;1;1;0;1;;AUDI Q3 11-*CANTO P/CH FRT DRT C/FUROS LVF;AUDI Q3 11-*CANTO P/CH FRT DRT C/FUROS LVF;0;;
61;1540;107.022917;1540;107.022917;CATEGORIA0;;1;1;0;1;;AUDI Q3 11-*CANTO P/CH FRT ESQ C/FUROS LVF;AUDI Q3 11-*CANTO P/CH FRT ESQ C/FUROS LVF;0;;
61;1540;107.022918;1540;107.022918;CATEGORIA0;;1;1;0;1;;GRELHA CANTO DTO. P/CHOQUES FRT.;GRELHA CANTO DTO. P/CHOQUES FRT.;0;;
61;1540;107.022919;1540;107.022919;CATEGORIA0;;1;1;0;1;;AUDI Q3 11-*GRELHA CANTO ESQ P/CH FRT (C/FUROS FAROIS);AUDI Q3 11-*GRELHA CANTO ESQ P/CH FRT (C/FUROS FAROIS);0;;
61;1540;107.022920;1540;107.022920;CATEGORIA0;;1;1;0;1;;AUDI Q3 11-*SPOILER P/CH FRT PRETO;AUDI Q3 11-*SPOILER P/CH FRT PRETO;0;;
61;1540;107.022946;1540;107.022946;CATEGORIA0;;1;1;0;1;;AUDI Q3 11-*RESGUARDO C/R FRT DRT;AUDI Q3 11-*RESGUARDO C/R FRT DRT;0;;
61;1540;107.022947;1540;107.022947;CATEGORIA0;;1;1;0;1;;AUDI Q3 11-*RESGUARDO C/R FRT ESQ;AUDI Q3 11-*RESGUARDO C/R FRT ESQ;0;;
61;1540;107.023004;1540;107.023004;CATEGORIA0;;1;1;0;1;;AUDI Q5 08-*FRISO P/CH FRT PRETO;AUDI Q5 08-*FRISO P/CH FRT PRETO;0;;
61;1540;107.023005;1540;107.023005;CATEGORIA0;;1;1;0;1;;AUDI Q5 08-*GRELHA (CROMADO/CINZA);AUDI Q5 08-*GRELHA (CROMADO/CINZA);0;;
61;1540;107.023006;1540;107.023006;CATEGORIA0;;1;1;0;1;;AUDI Q5 08-*REFORÇO P/CH TRÁS (ALUMINIO);AUDI Q5 08-*REFORÇO P/CH TRÁS (ALUMINIO);0;;
61;1540;107.023007;1540;107.023007;CATEGORIA0;;1;1;0;1;;AUDI Q5 08-*REFORÇO P/CH FRT (ALUMINIO);AUDI Q5 08-*REFORÇO P/CH FRT (ALUMINIO);0;;
61;1540;107.023010;1540;107.023010;CATEGORIA0;;1;1;0;1;;AUDI Q5 08-*P/CH TRÁS P/P;AUDI Q5 08-*P/CH TRÁS P/P;0;;
61;1540;107.023014;1540;107.023014;CATEGORIA0;;1;1;0;1;;AUDI Q5 08-*CANTO P/CH FRT DRT C/PDC;AUDI Q5 08-*CANTO P/CH FRT DRT C/PDC;0;;
61;1540;107.023015;1540;107.023015;CATEGORIA0;;1;1;0;1;;AUDI Q5 08-*CANTO P/CH FRT ESQ C/PDC;AUDI Q5 08-*CANTO P/CH FRT ESQ C/PDC;0;;
61;1540;107.023016;1540;107.023016;CATEGORIA0;;1;1;0;1;;AUDI Q5 08-*GRELHA DRT P/CH FRT;AUDI Q5 08-*GRELHA DRT P/CH FRT;0;;
61;1540;107.023017;1540;107.023017;CATEGORIA0;;1;1;0;1;;AUDI Q5 08-*GRELHA ESQ P/CH FRT;AUDI Q5 08-*GRELHA ESQ P/CH FRT;0;;
61;1540;107.023018;1540;107.023018;CATEGORIA0;;1;1;0;1;;AUDI Q5 08-*SPOILER P/CH FRT DRT;AUDI Q5 08-*SPOILER P/CH FRT DRT;0;;
61;1540;107.023019;1540;107.023019;CATEGORIA0;;1;1;0;1;;AUDI Q5 08-*SPOILER P/CH FRT ESQ;AUDI Q5 08-*SPOILER P/CH FRT ESQ;0;;
61;1540;107.023020;1540;107.023020;CATEGORIA0;;1;1;0;1;;AUDI Q5 08-*SPOILER P/CH FRT;AUDI Q5 08-*SPOILER P/CH FRT;0;;
61;1540;107.023021;1540;107.023021;CATEGORIA0;;1;1;0;1;;AUDI Q5 08-*REFORÇO SPOILER FRT INF;AUDI Q5 08-*REFORÇO SPOILER FRT INF;0;;
61;1540;107.023022;1540;107.023022;CATEGORIA0;;1;1;0;1;;AUDI Q5 08-*CANTO P/CH FRT DRT C/PDC +LVF;AUDI Q5 08-*CANTO P/CH FRT DRT C/PDC +LVF;0;;
61;1540;107.023023;1540;107.023023;CATEGORIA0;;1;1;0;1;;AUDI Q5 08-*CANTO P/CH FRT ESQ C/PDC +LVF;AUDI Q5 08-*CANTO P/CH FRT ESQ C/PDC +LVF;0;;
61;1540;107.023024;1540;107.023024;CATEGORIA0;;1;1;0;1;;AUDI Q5 08-*CANTO P/CH FRT DRT C/LVF;AUDI Q5 08-*CANTO P/CH FRT DRT C/LVF;0;;
61;1540;107.023025;1540;107.023025;CATEGORIA0;;1;1;0;1;;AUDI Q5 08-*CANTO P/CH FRT ESQ C/LVF;AUDI Q5 08-*CANTO P/CH FRT ESQ C/LVF;0;;
61;1540;107.023046;1540;107.023046;CATEGORIA0;;1;1;0;1;;AUDI Q5 08-*RESGUARDO C/RODA FRT DRT;AUDI Q5 08-*RESGUARDO C/RODA FRT DRT;0;;
61;1540;107.023047;1540;107.023047;CATEGORIA0;;1;1;0;1;;AUDI Q5 08-*RESGUARDO C/RODA FRT ESQ;AUDI Q5 08-*RESGUARDO C/RODA FRT ESQ;0;;
61;1540;107.023060;1540;107.023060;CATEGORIA0;;1;1;0;1;;AUDI Q5 08-*RESGUARDO INF MOTOR TRÁS;AUDI Q5 08-*RESGUARDO INF MOTOR TRÁS;0;;
61;1540;107.023061;1540;107.023061;CATEGORIA0;;1;1;0;1;;AUDI Q5 08-*RESGUARDO INF MOTOR FRT;AUDI Q5 08-*RESGUARDO INF MOTOR FRT;0;;
61;1540;107.023107;1540;107.023107;CATEGORIA0;;1;1;0;1;;AUDI TT 98-*REFORÇO P/CH FRT (ALUMINIO);AUDI TT 98-*REFORÇO P/CH FRT (ALUMINIO);0;;
61;1540;107.023206;1540;107.023206;CATEGORIA0;;1;1;0;1;;AUDI A6 11-*REFORÇO P/CH TRÁS (ALUMINIO);AUDI A6 11-*REFORÇO P/CH TRÁS (ALUMINIO);0;;
61;1540;107.023207;1540;107.023207;CATEGORIA0;;1;1;0;1;;AUDI A6 11-*REFORÇO P/CH FRT (ALUMINIO);AUDI A6 11-*REFORÇO P/CH FRT (ALUMINIO);0;;
61;1540;107.023208;1540;107.023208;CATEGORIA0;;1;1;0;1;;AUDI A6 11-*P/CH FRT P/P (C/FURO LV/FAROIS)(S/FURO SENSOR);AUDI A6 11-*P/CH FRT P/P (C/FURO LV/FAROIS)(S/FURO SENSOR);0;;
61;1540;107.023209;1540;107.023209;CATEGORIA0;;1;1;0;1;;AUDI A6 11-*P/CH FRT P/P (C/FURO SENS)(C/LAVA FAROIS);AUDI A6 11-*P/CH FRT P/P (C/FURO SENS)(C/LAVA FAROIS);0;;
61;1540;107.023210;1540;107.023210;CATEGORIA0;;1;1;0;1;;AUDI A6 11-*P/CH TRÁS P/P (C/FURO SENSOR)(SEDAN);AUDI A6 11-*P/CH TRÁS P/P (C/FURO SENSOR)(SEDAN);0;;
61;1540;107.023214;1540;107.023214;CATEGORIA0;;1;1;0;1;;AUDI A6 11-*GRELHA DRT P/CH FRT (S/FUROS FAROIS FECHADA);AUDI A6 11-*GRELHA DRT P/CH FRT (S/FUROS FAROIS FECHADA);0;;
61;1540;107.023215;1540;107.023215;CATEGORIA0;;1;1;0;1;;AUDI A6 11-*GRELHA ESQ P/CH FRT (S/FUROS FAROIS ABERTA);AUDI A6 11-*GRELHA ESQ P/CH FRT (S/FUROS FAROIS ABERTA);0;;
61;1540;107.023260;1540;107.023260;CATEGORIA0;;1;1;0;1;;AUDI A6 2011.05-*RESGUARDO INF MOTOR(FRT);AUDI A6 2011.05-*RESGUARDO INF MOTOR(FRT);0;;
61;1540;107.023261;1540;107.023261;CATEGORIA0;;1;1;0;1;;AUDI A6 2011.05-*RESGUARDO INF MOTOR(TRAS);AUDI A6 2011.05-*RESGUARDO INF MOTOR(TRAS);0;;
61;1540;107.023308;1540;107.023308;CATEGORIA0;;1;1;0;1;;AUDI Q7 06-*P/CH FRT P/P (C/FURO SENSOR)(C/FURO LV/FAROIS);AUDI Q7 06-*P/CH FRT P/P (C/FURO SENSOR)(C/FURO LV/FAROIS);0;;
61;1540;107.023309;1540;107.023309;CATEGORIA0;;1;1;0;1;;AUDI Q7 06-*SPOILER P/CH FRT PRETO;AUDI Q7 06-*SPOILER P/CH FRT PRETO;0;;
61;1540;107.023315;1540;107.023315;CATEGORIA0;;1;1;0;1;;AUDI Q7 06-*ARO FAROL NEV P/CH FRT DRT;AUDI Q7 06-*ARO FAROL NEV P/CH FRT DRT;0;;
61;1540;107.023316;1540;107.023316;CATEGORIA0;;1;1;0;1;;AUDI Q7 06-*ARO FAROL NEV P/CH FRT ESQ;AUDI Q7 06-*ARO FAROL NEV P/CH FRT ESQ;0;;
61;1540;107.023317;1540;107.023317;CATEGORIA0;;1;1;0;1;;AUDI Q7 06-*GRELHA DRT P/CH FRT;AUDI Q7 06-*GRELHA DRT P/CH FRT;0;;
61;1540;107.023318;1540;107.023318;CATEGORIA0;;1;1;0;1;;AUDI Q7 06-*GRELHA ESQ P/CH FRT;AUDI Q7 06-*GRELHA ESQ P/CH FRT;0;;
61;1540;107.023346;1540;107.023346;CATEGORIA0;;1;1;0;1;;AUDI Q7 06-*RESGUARDO C/RODA FRT DRT (DIESEL);AUDI Q7 06-*RESGUARDO C/RODA FRT DRT (DIESEL);0;;
61;1540;107.023347;1540;107.023347;CATEGORIA0;;1;1;0;1;;AUDI Q7 06-*RESGUARDO C/RODA FRT ESQ (DIESEL);AUDI Q7 06-*RESGUARDO C/RODA FRT ESQ (DIESEL);0;;
61;1540;107.023403;1540;107.023403;CATEGORIA0;;1;1;0;1;;AUDI A3 13-*GRELHA P/CH FRT DRT C/FUR C/FRIZO CROM;AUDI A3 13-*GRELHA P/CH FRT DRT C/FUR C/FRIZO CROM;0;;
61;1540;107.023404;1540;107.023404;CATEGORIA0;;1;1;0;1;;AUDI A3 13-*GRELHA P/CH FRT ESQ C/FUR C/FRIZO CROM;AUDI A3 13-*GRELHA P/CH FRT ESQ C/FUR C/FRIZO CROM;0;;
61;1540;107.023406;1540;107.023406;CATEGORIA0;;1;1;0;1;;AUDI A3 2012.10-*REFORÇO P/CH TRÁS;AUDI A3 2012.10-*REFORÇO P/CH TRÁS;0;;
61;1540;107.023407;1540;107.023407;CATEGORIA0;;1;1;0;1;;AUDI A3 13-*REFORÇO P/CH FRT ALUMINIO;AUDI A3 13-*REFORÇO P/CH FRT ALUMINIO;0;;
61;1540;107.023408;1540;107.023408;CATEGORIA0;;1;1;0;1;;AUDI A3 13-*P/CH FRT P/PINTAR;AUDI A3 13-*P/CH FRT P/PINTAR;0;;
61;1540;107.023409;1540;107.023409;CATEGORIA0;;1;1;0;1;;AUDI A3 13-*P/CH FRT P/PINTAR C/F LV FAR;AUDI A3 13-*P/CH FRT P/PINTAR C/F LV FAR;0;;
61;1540;107.023410;1540;107.023410;CATEGORIA0;;1;1;0;1;;AUDI A3 13-*P/CH TRÁS P/P (C/FURO SENSOR)(5P);AUDI A3 13-*P/CH TRÁS P/P (C/FURO SENSOR)(5P);0;;
61;1540;107.023414;1540;107.023414;CATEGORIA0;;1;1;0;1;;AUDI A3 2012.10-*P/CH FRT P/P (C/FUROS ESGUICHO MOD 5P S-LIN;AUDI A3 2012.10-*P/CH FRT P/P (C/FUROS ESGUICHO MOD 5P S-LIN;0;;
61;1540;107.023415;1540;107.023415;CATEGORIA0;;1;1;0;1;;AUDI A3 13-*GRELHA DRT P/CH FRT 3/5P(S/FURO C/FRISO CROMADO);AUDI A3 13-*GRELHA DRT P/CH FRT 3/5P(S/FURO C/FRISO CROMADO);0;;
61;1540;107.023416;1540;107.023416;CATEGORIA0;;1;1;0;1;;AUDI A3 13-*GRELHA ESQ P/CH FRT 3/5P(S/FURO C/FRISO CROMADO);AUDI A3 13-*GRELHA ESQ P/CH FRT 3/5P(S/FURO C/FRISO CROMADO);0;;
61;1540;107.023417;1540;107.023417;CATEGORIA0;;1;1;0;1;;AUDI A3 13-*SUPORTE DRT P/CHOQ FRT;AUDI A3 13-*SUPORTE DRT P/CHOQ FRT;0;;
61;1540;107.023418;1540;107.023418;CATEGORIA0;;1;1;0;1;;AUDI A3 13-*SUPORTE ESQ P/CHOQ FRT;AUDI A3 13-*SUPORTE ESQ P/CHOQ FRT;0;;
61;1540;107.023419;1540;107.023419;CATEGORIA0;;1;1;0;1;;AUDI A3 2012.10-*P/CH FRT P/P (C/FUROS SENSOR +FURO ESGUICHO;AUDI A3 2012.10-*P/CH FRT P/P (C/FUROS SENSOR +FURO ESGUICHO;0;;
61;1540;107.023420;1540;107.023420;CATEGORIA0;;1;1;0;1;;AUDI A3 2012.10-*GRELHA DRT P/CH FRT 3/5P(C/FRISO CROMADO MO;AUDI A3 2012.10-*GRELHA DRT P/CH FRT 3/5P(C/FRISO CROMADO MO;0;;
61;1540;107.023421;1540;107.023421;CATEGORIA0;;1;1;0;1;;AUDI A3 2012.10-*GRELHA ESQ P/CH FRT 3/5P(C/FRISO CROMADO MO;AUDI A3 2012.10-*GRELHA ESQ P/CH FRT 3/5P(C/FRISO CROMADO MO;0;;
61;1540;107.023422;1540;107.023422;CATEGORIA0;;1;1;0;1;;AUDI A3 2012.10-*GRELHA DRT P/CH FRT 3/5P(C/FRISO PRETO MOD;AUDI A3 2012.10-*GRELHA DRT P/CH FRT 3/5P(C/FRISO PRETO MOD;0;;
61;1540;107.023423;1540;107.023423;CATEGORIA0;;1;1;0;1;;AUDI A3 2012.10-*GRELHA ESQ P/CH FRT 3/5P(C/FRISO PRETO MOD;AUDI A3 2012.10-*GRELHA ESQ P/CH FRT 3/5P(C/FRISO PRETO MOD;0;;
61;1540;107.023426;1540;107.023426;CATEGORIA0;;1;1;0;1;;AUDI A3 13-*P/CH FRT P/P (C/2 FUROS SENSOR);AUDI A3 13-*P/CH FRT P/P (C/2 FUROS SENSOR);0;;
61;1540;107.023427;1540;107.023427;CATEGORIA0;;1;1;0;1;;AUDI A3 13-*P/CH FRT P/P (C/2 FUROS SENSOR+ LV/FAROIS);AUDI A3 13-*P/CH FRT P/P (C/2 FUROS SENSOR+ LV/FAROIS);0;;
61;1540;107.023428;1540;107.023428;CATEGORIA0;;1;1;0;1;;AUDI A3 13-*P/CH FRT P/P (C/4 FUROS SENSOR);AUDI A3 13-*P/CH FRT P/P (C/4 FUROS SENSOR);0;;
61;1540;107.023429;1540;107.023429;CATEGORIA0;;1;1;0;1;;AUDI A3 13-*P/CH FRT P/P (C/4 FUROS SENSOR+ LV/FAROIS);AUDI A3 13-*P/CH FRT P/P (C/4 FUROS SENSOR+ LV/FAROIS);0;;
61;1540;107.023436;1540;107.023436;CATEGORIA0;;1;1;0;1;;AUDI A3 13-*TAMPA REBOQUE P/CH FRT P/P;AUDI A3 13-*TAMPA REBOQUE P/CH FRT P/P;0;;
61;1540;107.023446;1540;107.023446;CATEGORIA0;;1;1;0;1;;AUDI A3 13-*RESGUARDO C/RODA FRT DRT;AUDI A3 13-*RESGUARDO C/RODA FRT DRT;0;;
61;1540;107.023447;1540;107.023447;CATEGORIA0;;1;1;0;1;;AUDI A3 13-*RESGUARDO C/RODA FRT ESQ;AUDI A3 13-*RESGUARDO C/RODA FRT ESQ;0;;
61;1540;107.023607;1540;107.023607;CATEGORIA0;;1;1;0;1;;AUDI A5 07- REFORÇO P/CHOQUES FRT. (ALUMINIO);AUDI A5 07- REFORÇO P/CHOQUES FRT. (ALUMINIO);0;;
61;1540;107.023608;1540;107.023608;CATEGORIA0;;1;1;0;1;;AUDI A5 07-*P/CHOQ FRT P/PINTAR C/LVF;AUDI A5 07-*P/CHOQ FRT P/PINTAR C/LVF;0;;
61;1540;107.023609;1540;107.023609;CATEGORIA0;;1;1;0;1;;AUDI A5 07-*P/CHOQ FRT P/PINTAR C/LVF C/F SENSOR;AUDI A5 07-*P/CHOQ FRT P/PINTAR C/LVF C/F SENSOR;0;;
61;1540;107.023615;1540;107.023615;CATEGORIA0;;1;1;0;1;;AUDI A5 07-*GRELHA DRT P/CH FRT (C/FUROS FAROIS);AUDI A5 07-*GRELHA DRT P/CH FRT (C/FUROS FAROIS);0;;
61;1540;107.023616;1540;107.023616;CATEGORIA0;;1;1;0;1;;AUDI A5 07-*GRELHA P/CHOQ FRT ESQ C/F FAROIS;AUDI A5 07-*GRELHA P/CHOQ FRT ESQ C/F FAROIS;0;;
61;1540;107.023617;1540;107.023617;CATEGORIA0;;1;1;0;1;;AUDI A5 07-*ARO GRELHA P/CH FRT DRT CROMADO;AUDI A5 07-*ARO GRELHA P/CH FRT DRT CROMADO;0;;
61;1540;107.023618;1540;107.023618;CATEGORIA0;;1;1;0;1;;AUDI A5 07-*ARO GRELHA P/CH FRT ESQ CROMADO;AUDI A5 07-*ARO GRELHA P/CH FRT ESQ CROMADO;0;;
61;1540;107.023646;1540;107.023646;CATEGORIA0;;1;1;0;1;;AUDI A5 2007.06-*RESGUARDO C/RODA FRT DRT;AUDI A5 2007.06-*RESGUARDO C/RODA FRT DRT;0;;
61;1540;107.023647;1540;107.023647;CATEGORIA0;;1;1;0;1;;AUDI A5 2007.06-*RESGUARDO C/RODA FRT ESQ;AUDI A5 2007.06-*RESGUARDO C/RODA FRT ESQ;0;;
61;1540;107.023708;1540;107.023708;CATEGORIA0;;1;1;0;1;;AUDI Q5 13-*P/CH FRT P/P (C/FURO SENSOR)(C/LAVA FAROIS);AUDI Q5 13-*P/CH FRT P/P (C/FURO SENSOR)(C/LAVA FAROIS);0;;
61;1540;107.023709;1540;107.023709;CATEGORIA0;;1;1;0;1;;AUDI Q5 13-*P/CH FRT P/P (C/LAVA FAROIS);AUDI Q5 13-*P/CH FRT P/P (C/LAVA FAROIS);0;;
61;1540;107.023716;1540;107.023716;CATEGORIA0;;1;1;0;1;;AUDI Q5 13-*GRELHA DRT P/CH FRT (C/ARO CROMADO);AUDI Q5 13-*GRELHA DRT P/CH FRT (C/ARO CROMADO);0;;
61;1540;107.023717;1540;107.023717;CATEGORIA0;;1;1;0;1;;AUDI Q5 13-*GRELHA ESQ P/CH FRT (C/ARO CROMADO);AUDI Q5 13-*GRELHA ESQ P/CH FRT (C/ARO CROMADO);0;;
61;1540;107.023720;1540;107.023720;CATEGORIA0;;1;1;0;1;;AUDI Q5 13-*SPOILER P/CH FRT P/P;AUDI Q5 13-*SPOILER P/CH FRT P/P;0;;
61;1540;107.023804;1540;107.023804;CATEGORIA0;;1;1;0;1;;AUDI A4 15-*GRELHA CENTRAL P/CH FRT;AUDI A4 15-*GRELHA CENTRAL P/CH FRT;0;;
61;1540;107.023806;1540;107.023806;CATEGORIA0;;1;1;0;1;;AUDI A4 15-*REFORÇO P/CH TRÁS (ALUMINIO);AUDI A4 15-*REFORÇO P/CH TRÁS (ALUMINIO);0;;
61;1540;107.023807;1540;107.023807;CATEGORIA0;;1;1;0;1;;AUDI A4 15-*REFORÇO P/CH FRT (ALUMINIO)(EXCEPTO S-LINE);AUDI A4 15-*REFORÇO P/CH FRT (ALUMINIO)(EXCEPTO S-LINE);0;;
61;1540;107.023808;1540;107.023808;CATEGORIA0;;1;1;0;1;;AUDI A4 15-*P/CH FRT P/P;AUDI A4 15-*P/CH FRT P/P;0;;
61;1540;107.023809;1540;107.023809;CATEGORIA0;;1;1;0;1;;AUDI A4 15-*P/CH FRT P/P (C/2 FUROS SENSOR);AUDI A4 15-*P/CH FRT P/P (C/2 FUROS SENSOR);0;;
61;1540;107.023810;1540;107.023810;CATEGORIA0;;1;1;0;1;;AUDI A4 15-*P/CH TRÁS P/P 4P(C/FURO SENSOR);AUDI A4 15-*P/CH TRÁS P/P 4P(C/FURO SENSOR);0;;
61;1540;107.023813;1540;107.023813;CATEGORIA0;;1;1;0;1;;AUDI A4 15-*P/CH TRÁS P/P 4P(C/FURO SENSOR+F/CAMARA);AUDI A4 15-*P/CH TRÁS P/P 4P(C/FURO SENSOR+F/CAMARA);0;;
61;1540;107.023814;1540;107.023814;CATEGORIA0;;1;1;0;1;;AUDI A4 15-*P/CH TRÁS P/PINTAR;AUDI A4 15-*P/CH TRÁS P/PINTAR;0;;
61;1540;107.023816;1540;107.023816;CATEGORIA0;;1;1;0;1;;AUDI A4 15-*GRELHA DRT P/CH FRT (S/FUROS);AUDI A4 15-*GRELHA DRT P/CH FRT (S/FUROS);0;;
61;1540;107.023817;1540;107.023817;CATEGORIA0;;1;1;0;1;;AUDI A4 15-*GRELHA ESQ P/CH FRT (S/FUROS);AUDI A4 15-*GRELHA ESQ P/CH FRT (S/FUROS);0;;
61;1540;107.023826;1540;107.023826;CATEGORIA0;;1;1;0;1;;AUDI A4 15-*P/CH FRT P/P (C/4 FUROS SENSOR);AUDI A4 15-*P/CH FRT P/P (C/4 FUROS SENSOR);0;;
61;1540;107.023846;1540;107.023846;CATEGORIA0;;1;1;0;1;;AUDI A4 15-*RESGUARDO C/RODA FRT DRT(4CIL);AUDI A4 15-*RESGUARDO C/RODA FRT DRT(4CIL);0;;
61;1540;107.023847;1540;107.023847;CATEGORIA0;;1;1;0;1;;AUDI A4 15-*RESGUARDO C/RODA FRT ESQ(4CIL);AUDI A4 15-*RESGUARDO C/RODA FRT ESQ(4CIL);0;;
61;1540;107.023860;1540;107.023860;CATEGORIA0;;1;1;0;1;;AUDI A4 2015.05-*RESGUARDO INF MOTOR(FRT);AUDI A4 2015.05-*RESGUARDO INF MOTOR(FRT);0;;
61;1540;107.023861;1540;107.023861;CATEGORIA0;;1;1;0;1;;AUDI A4 2015.05-*RESGUARDO INF MOTOR(TRAS);AUDI A4 2015.05-*RESGUARDO INF MOTOR(TRAS);0;;
61;1540;107.023903;1540;107.023903;CATEGORIA0;;1;1;0;1;;AUDI A3 2016.07-*GRELHA INF P/CH FRT PRETA;AUDI A3 2016.07-*GRELHA INF P/CH FRT PRETA;0;;
61;1540;107.023907;1540;107.023907;CATEGORIA0;;1;1;0;1;;AUDI A3 2016.07-*REFORÇO P/CH FRT (ALUMINIO);AUDI A3 2016.07-*REFORÇO P/CH FRT (ALUMINIO);0;;
61;1540;107.023908;1540;107.023908;CATEGORIA0;;1;1;0;1;;AUDI A3 13-*P/CH FRT P/PINTAR;AUDI A3 13-*P/CH FRT P/PINTAR;0;;
61;1540;107.023909;1540;107.023909;CATEGORIA0;;1;1;0;1;;AUDI A3 13-*P/CH FRT P/PINTAR 2 FUR SENS;AUDI A3 13-*P/CH FRT P/PINTAR 2 FUR SENS;0;;
61;1540;107.023910;1540;107.023910;CATEGORIA0;;1;1;0;1;;AUDI A3 16-*P/CH TRÁS P/P (C/FUROS SENSORES) (5P);AUDI A3 16-*P/CH TRÁS P/P (C/FUROS SENSORES) (5P);0;;
61;1540;107.023914;1540;107.023914;CATEGORIA0;;1;1;0;1;;AUDI A3 16-*P/CH FRT P/P (C/2 FUROS LAVA FAROIS MOD S-LINE);AUDI A3 16-*P/CH FRT P/P (C/2 FUROS LAVA FAROIS MOD S-LINE);0;;
61;1540;107.023915;1540;107.023915;CATEGORIA0;;1;1;0;1;;AUDI A3 16-*GRELHA DRT P/CH FRT (S/FUROS (SPORTBACK));AUDI A3 16-*GRELHA DRT P/CH FRT (S/FUROS (SPORTBACK));0;;
61;1540;107.023916;1540;107.023916;CATEGORIA0;;1;1;0;1;;AUDI A3 16-*GRELHA ESQ P/CH FRT (S/FUROS (SPORTBACK));AUDI A3 16-*GRELHA ESQ P/CH FRT (S/FUROS (SPORTBACK));0;;
61;1540;107.023927;1540;107.023927;CATEGORIA0;;1;1;0;1;;AUDI A3 16-*P/CH FRT P/P (C/2 FUROS LAVA FAROIS);AUDI A3 16-*P/CH FRT P/P (C/2 FUROS LAVA FAROIS);0;;
61;1540;107.023928;1540;107.023928;CATEGORIA0;;1;1;0;1;;AUDI A3 16-*P/CH FRT P/P(C/2 FUROS SENSOR+2 FUROS LAVA FAROI;AUDI A3 16-*P/CH FRT P/P(C/2 FUROS SENSOR+2 FUROS LAVA FAROI;0;;
61;1540;107.023933;1540;107.023933;CATEGORIA0;;1;1;0;1;;AUDI A3 16-*SUPORTE DRT INTERIOR P/CH FRT;AUDI A3 16-*SUPORTE DRT INTERIOR P/CH FRT;0;;
61;1540;107.023934;1540;107.023934;CATEGORIA0;;1;1;0;1;;AUDI A3 16-*SUPORTE ESQ INTERIOR P/CH FRT;AUDI A3 16-*SUPORTE ESQ INTERIOR P/CH FRT;0;;
61;1540;107.024308;1540;107.024308;CATEGORIA0;;1;1;0;1;;AUDI A3 SEDAN 2013.06-*P/CH FRT P/P C/F ESGUICHO;AUDI A3 SEDAN 2013.06-*P/CH FRT P/P C/F ESGUICHO;0;;
61;1540;107.024309;1540;107.024309;CATEGORIA0;;1;1;0;1;;AUDI A3 SEDAN 2013.06-*P/CH FRT P/P C/F SENSOR +F/ESGUICHO;AUDI A3 SEDAN 2013.06-*P/CH FRT P/P C/F SENSOR +F/ESGUICHO;0;;
61;1540;107.024310;1540;107.024310;CATEGORIA0;;1;1;0;1;;AUDI A3 SEDAN 2013.06-*P/CH TRÁS P/P;AUDI A3 SEDAN 2013.06-*P/CH TRÁS P/P;0;;
61;1540;107.024313;1540;107.024313;CATEGORIA0;;1;1;0;1;;AUDI A3 SEDAN 2013.06-*P/CH TRÁS P/P C/FUROS SENSOR;AUDI A3 SEDAN 2013.06-*P/CH TRÁS P/P C/FUROS SENSOR;0;;
61;1540;107.024315;1540;107.024315;CATEGORIA0;;1;1;0;1;;AUDI A3 SEDAN 2013.06-*FRISO INF DRT PRETO P/CH FRT;AUDI A3 SEDAN 2013.06-*FRISO INF DRT PRETO P/CH FRT;0;;
61;1540;107.024316;1540;107.024316;CATEGORIA0;;1;1;0;1;;AUDI A3 SEDAN 2013.06-*FRISO INF ESQ PRETO P/CH FRT;AUDI A3 SEDAN 2013.06-*FRISO INF ESQ PRETO P/CH FRT;0;;
61;1540;107.024346;1540;107.024346;CATEGORIA0;;1;1;0;1;;AUDI A3 SEDAN 2013.06-*RESGUARDO C/RODA FRT DRT;AUDI A3 SEDAN 2013.06-*RESGUARDO C/RODA FRT DRT;0;;
61;1540;107.024347;1540;107.024347;CATEGORIA0;;1;1;0;1;;AUDI A3 SEDAN 2013.06-*RESGUARDO C/RODA FRT ESQ;AUDI A3 SEDAN 2013.06-*RESGUARDO C/RODA FRT ESQ;0;;
61;1540;107.024407;1540;107.024407;CATEGORIA0;;1;1;0;1;;AUDI Q2 2016.06-*REFORÇO P/CH FRT;AUDI Q2 2016.06-*REFORÇO P/CH FRT;0;;
61;1540;107.024414;1540;107.024414;CATEGORIA0;;1;1;0;1;;AUDI Q2 2016.06-*CANTO P/CH FRT DRT P/P C/F L/FAROIS;AUDI Q2 2016.06-*CANTO P/CH FRT DRT P/P C/F L/FAROIS;0;;
61;1540;107.024415;1540;107.024415;CATEGORIA0;;1;1;0;1;;AUDI Q2 2016.06-*CANTO P/CH FRT ESQ P/P C/F L/FAROIS;AUDI Q2 2016.06-*CANTO P/CH FRT ESQ P/P C/F L/FAROIS;0;;
61;1540;107.024416;1540;107.024416;CATEGORIA0;;1;1;0;1;;AUDI Q2 2016.06-*CANTO P/CH FRT DRT P/P C/F L/FAROIS C/F SEN;AUDI Q2 2016.06-*CANTO P/CH FRT DRT P/P C/F L/FAROIS C/F SEN;0;;
61;1540;107.024417;1540;107.024417;CATEGORIA0;;1;1;0;1;;AUDI Q2 2016.06-*CANTO P/CH FRT ESQ P/P C/F L/FAROIS C/F SEN;AUDI Q2 2016.06-*CANTO P/CH FRT ESQ P/P C/F L/FAROIS C/F SEN;0;;
61;1540;107.024460;1540;107.024460;CATEGORIA0;;1;1;0;1;;AUDI Q2 2016.06-*RESGUARDO INF MOTOR;AUDI Q2 2016.06-*RESGUARDO INF MOTOR;0;;
61;1540;107.024546;1540;107.024546;CATEGORIA0;;1;1;0;1;;AUDI Q3 2018.07-*RESGUARDO C/R FRT DRT;AUDI Q3 2018.07-*RESGUARDO C/R FRT DRT;0;;
61;1540;107.024547;1540;107.024547;CATEGORIA0;;1;1;0;1;;AUDI Q3 2018.07-*RESGUARDO C/R FRT ESQ;AUDI Q3 2018.07-*RESGUARDO C/R FRT ESQ;0;;
61;1540;107.024608;1540;107.024608;CATEGORIA0;;1;1;0;1;;AUDI A4 2019.09-*P/CH FRT P/P;AUDI A4 2019.09-*P/CH FRT P/P;0;;
61;1540;107.024609;1540;107.024609;CATEGORIA0;;1;1;0;1;;AUDI A4 2019.09-*P/CH FRT P/P C/4 FUROS SENSOR;AUDI A4 2019.09-*P/CH FRT P/P C/4 FUROS SENSOR;0;;
61;1540;107.024627;1540;107.024627;CATEGORIA0;;1;1;0;1;;AUDI A4 2019.09-*P/CH FRT P/P C/4 FUROS SENSOR + 2/ FUROS LV;AUDI A4 2019.09-*P/CH FRT P/P C/4 FUROS SENSOR + 2/ FUROS LV;0;;
61;1540;107.024746;1540;107.024746;CATEGORIA0;;1;1;0;1;;AUDI A3 2020.04-*RESGUARDO C/RODA FRT DRT;AUDI A3 2020.04-*RESGUARDO C/RODA FRT DRT;0;;
61;1540;107.024747;1540;107.024747;CATEGORIA0;;1;1;0;1;;AUDI A3 2020.04-*RESGUARDO C/RODA FRT ESQ;AUDI A3 2020.04-*RESGUARDO C/RODA FRT ESQ;0;;
61;1540;107.030108;1540;107.030108;CATEGORIA0;;1;1;0;1;;AUSTIN 1000*P/CH FRT/TRAS;AUSTIN 1000*P/CH FRT/TRAS;0;;
61;1540;107.040109;1540;107.040109;CATEGORIA0;;1;1;0;1;;AUTOBIANCHI Y10*P/CH FRT (C/FUROS);AUTOBIANCHI Y10*P/CH FRT (C/FUROS);0;;
61;1540;107.040805;1540;107.040805;CATEGORIA0;;1;1;0;1;;LANCIA Y 01-*GRELHA P/P;LANCIA Y 01-*GRELHA P/P;0;;
61;1540;107.040806;1540;107.040806;CATEGORIA0;;1;1;0;1;;LANCIA Y 01-*GRELHA P/CH FRT;LANCIA Y 01-*GRELHA P/CH FRT;0;;
61;1540;107.040807;1540;107.040807;CATEGORIA0;;1;1;0;1;;LANCIA Y 01-*REFORÇO P/CH FRT;LANCIA Y 01-*REFORÇO P/CH FRT;0;;
61;1540;107.040808;1540;107.040808;CATEGORIA0;;1;1;0;1;;LANCIA Y 01-*P/CH FRT P/P;LANCIA Y 01-*P/CH FRT P/P;0;;
61;1540;107.040810;1540;107.040810;CATEGORIA0;;1;1;0;1;;LANCIA Y 01-*P/CH TRÁS P/P;LANCIA Y 01-*P/CH TRÁS P/P;0;;
61;1540;107.040905;1540;107.040905;CATEGORIA0;;1;1;0;1;;LANCIA Y 03-*GRELHA;LANCIA Y 03-*GRELHA;0;;
61;1540;107.040907;1540;107.040907;CATEGORIA0;;1;1;0;1;;LANCIA Y 03-*REFORÇO P/CH FRT;LANCIA Y 03-*REFORÇO P/CH FRT;0;;
61;1540;107.040908;1540;107.040908;CATEGORIA0;;1;1;0;1;;LANCIA Y 03-*P/CH FRT P/P;LANCIA Y 03-*P/CH FRT P/P;0;;
61;1540;107.040910;1540;107.040910;CATEGORIA0;;1;1;0;1;;LANCIA Y 03-*P/CH TRÁS P/P;LANCIA Y 03-*P/CH TRÁS P/P;0;;
61;1540;107.040916;1540;107.040916;CATEGORIA0;;1;1;0;1;;LANCIA Y 03-*FRISO P/CH FRT;LANCIA Y 03-*FRISO P/CH FRT;0;;
61;1540;107.040946;1540;107.040946;CATEGORIA0;;1;1;0;1;;LANCIA Y 03-*RESGUARDO C/RODA FRT DRT;LANCIA Y 03-*RESGUARDO C/RODA FRT DRT;0;;
61;1540;107.040947;1540;107.040947;CATEGORIA0;;1;1;0;1;;LANCIA Y 03-*RESGUARDO C/RODA FRT ESQ;LANCIA Y 03-*RESGUARDO C/RODA FRT ESQ;0;;
61;1540;107.041105;1540;107.041105;CATEGORIA0;;1;1;0;1;;LANCIA Y 06-*GRELHA P/CH FRT (PRETA);LANCIA Y 06-*GRELHA P/CH FRT (PRETA);0;;
61;1540;107.041106;1540;107.041106;CATEGORIA0;;1;1;0;1;;LANCIA Y 06-*GRELHA P/CH FRT P/P;LANCIA Y 06-*GRELHA P/CH FRT P/P;0;;
61;1540;107.041108;1540;107.041108;CATEGORIA0;;1;1;0;1;;LANCIA Y 06-*P/CH FRT P/P;LANCIA Y 06-*P/CH FRT P/P;0;;
61;1540;107.041110;1540;107.041110;CATEGORIA0;;1;1;0;1;;LANCIA Y 06-*P/CH TRÁS P/P;LANCIA Y 06-*P/CH TRÁS P/P;0;;
61;1540;107.041115;1540;107.041115;CATEGORIA0;;1;1;0;1;;LANCIA Y 06-*GRELHA DRT P/CH FRT;LANCIA Y 06-*GRELHA DRT P/CH FRT;0;;
61;1540;107.041116;1540;107.041116;CATEGORIA0;;1;1;0;1;;LANCIA Y 06-*GRELHA ESQ P/CH FRT;LANCIA Y 06-*GRELHA ESQ P/CH FRT;0;;
61;1540;107.041117;1540;107.041117;CATEGORIA0;;1;1;0;1;;LANCIA Y 06-*GRELHA DRT P/CH FRT (C/FUROS);LANCIA Y 06-*GRELHA DRT P/CH FRT (C/FUROS);0;;
61;1540;107.041118;1540;107.041118;CATEGORIA0;;1;1;0;1;;LANCIA Y 06-*GRELHA ESQ P/CH FRT (C/FUROS);LANCIA Y 06-*GRELHA ESQ P/CH FRT (C/FUROS);0;;
61;1540;107.041119;1540;107.041119;CATEGORIA0;;1;1;0;1;;LANCIA Y 06-*GRELHA DRT P/CH FRT P/P;LANCIA Y 06-*GRELHA DRT P/CH FRT P/P;0;;
61;1540;107.041120;1540;107.041120;CATEGORIA0;;1;1;0;1;;LANCIA Y 06-*GRELHA ESQ P/CH FRT P/P;LANCIA Y 06-*GRELHA ESQ P/CH FRT P/P;0;;
61;1540;107.041121;1540;107.041121;CATEGORIA0;;1;1;0;1;;LANCIA Y 06-*GRELHA DRT P/CH FRT (C/FUROS) P/P;LANCIA Y 06-*GRELHA DRT P/CH FRT (C/FUROS) P/P;0;;
61;1540;107.041122;1540;107.041122;CATEGORIA0;;1;1;0;1;;LANCIA Y 06-*GRELHA ESQ P/CH FRT (C/FUROS) P/P;LANCIA Y 06-*GRELHA ESQ P/CH FRT (C/FUROS) P/P;0;;
61;1540;107.041123;1540;107.041123;CATEGORIA0;;1;1;0;1;;LANCIA Y 06-*FRISO GRELHA P/CH INF CROMADO;LANCIA Y 06-*FRISO GRELHA P/CH INF CROMADO;0;;
61;1540;107.060105;1540;107.060105;CATEGORIA0;;1;1;0;1;;BMW E30 83-*GRELHA CENTRAL;BMW E30 83-*GRELHA CENTRAL;0;;
61;1540;107.060106;1540;107.060106;CATEGORIA0;;1;1;0;1;;BMW E30 83-*GRELHA DRT;BMW E30 83-*GRELHA DRT;0;;
61;1540;107.060107;1540;107.060107;CATEGORIA0;;1;1;0;1;;BMW E30 83-*GRELHA ESQ;BMW E30 83-*GRELHA ESQ;0;;
61;1540;107.060202;1540;107.060202;CATEGORIA0;;1;1;0;1;;BMW E36 94-*GRELHA P/CH FRT;BMW E36 94-*GRELHA P/CH FRT;0;;
61;1540;107.060203;1540;107.060203;CATEGORIA0;;1;1;0;1;;BMW E36 91-*SUPORTE MATRICULA P/CH FRT;BMW E36 91-*SUPORTE MATRICULA P/CH FRT;0;;
61;1540;107.060204;1540;107.060204;CATEGORIA0;;1;1;0;1;;BMW E36 91-*GRELHA DIREITA;BMW E36 91-*GRELHA DIREITA;0;;
61;1540;107.060206;1540;107.060206;CATEGORIA0;;1;1;0;1;;BMW E36 91-*REFORÇO P/CH TRÁS;BMW E36 91-*REFORÇO P/CH TRÁS;0;;
61;1540;107.060207;1540;107.060207;CATEGORIA0;;1;1;0;1;;BMW E36 91-*REFORÇO P/CHOQ. FR.(PLASTICO);BMW E36 91-*REFORÇO P/CHOQ. FR.(PLASTICO);0;;
61;1540;107.060208;1540;107.060208;CATEGORIA0;;1;1;0;1;;BMW E36 91-*P/CHOQ. FRT P/PINTAR;BMW E36 91-*P/CHOQ. FRT P/PINTAR;0;;
61;1540;107.060209;1540;107.060209;CATEGORIA0;;1;1;0;1;;BMW E36 94-*P/CH FRT;BMW E36 94-*P/CH FRT;0;;
61;1540;107.060210;1540;107.060210;CATEGORIA0;;1;1;0;1;;BMW E36 91-*P/CH TRÁS;BMW E36 91-*P/CH TRÁS;0;;
61;1540;107.060213;1540;107.060213;CATEGORIA0;;1;1;0;1;;BMW E36 91-*FRISO P/CHOQUES FRT DIREITO;BMW E36 91-*FRISO P/CHOQUES FRT DIREITO;0;;
61;1540;107.060214;1540;107.060214;CATEGORIA0;;1;1;0;1;;BMW E36 91-*FRISO P/CHOQUES FRT ESQUERDO;BMW E36 91-*FRISO P/CHOQUES FRT ESQUERDO;0;;
61;1540;107.060215;1540;107.060215;CATEGORIA0;;1;1;0;1;;BMW E36 96-*GRELHA DRT;BMW E36 96-*GRELHA DRT;0;;
61;1540;107.060216;1540;107.060216;CATEGORIA0;;1;1;0;1;;BMW E36 96-*GRELHA ESQ;BMW E36 96-*GRELHA ESQ;0;;
61;1540;107.060217;1540;107.060217;CATEGORIA0;;1;1;0;1;;BMW E36 94-98*FRISO P/CHOQUES FRT DRT;BMW E36 94-98*FRISO P/CHOQUES FRT DRT;0;;
61;1540;107.060218;1540;107.060218;CATEGORIA0;;1;1;0;1;;BMW E36 94-98*FRISO P/CHOQUES FRT ESQ;BMW E36 94-98*FRISO P/CHOQUES FRT ESQ;0;;
61;1540;107.060220;1540;107.060220;CATEGORIA0;;1;1;0;1;;BMW E36 91-*GRELHA ESQ (TUNING);BMW E36 91-*GRELHA ESQ (TUNING);0;;
61;1540;107.060221;1540;107.060221;CATEGORIA0;;1;1;0;1;;BMW E36 91-*FRISO P/CH TRÁS DRT;BMW E36 91-*FRISO P/CH TRÁS DRT;0;;
61;1540;107.060222;1540;107.060222;CATEGORIA0;;1;1;0;1;;BMW E36 91-*FRISO P/CH TRÁS ESQ;BMW E36 91-*FRISO P/CH TRÁS ESQ;0;;
61;1540;107.060224;1540;107.060224;CATEGORIA0;;1;1;0;1;;BMW E36 91-*FRISO P/CH TRÁS (CENTRO);BMW E36 91-*FRISO P/CH TRÁS (CENTRO);0;;
61;1540;107.060225;1540;107.060225;CATEGORIA0;;1;1;0;1;;BMW E36 91-*FRISO P/CH FRT (CENTRO);BMW E36 91-*FRISO P/CH FRT (CENTRO);0;;
61;1540;107.060226;1540;107.060226;CATEGORIA0;;1;1;0;1;;BMW E36 94-*FRISO P/CH FRT(CENTRO);BMW E36 94-*FRISO P/CH FRT(CENTRO);0;;
61;1540;107.060227;1540;107.060227;CATEGORIA0;;1;1;0;1;;BMW E36 94-*SUPORTE CHAPA MATRICULA P/CH FRT;BMW E36 94-*SUPORTE CHAPA MATRICULA P/CH FRT;0;;
61;1540;107.060228;1540;107.060228;CATEGORIA0;;1;1;0;1;;BMW E36 94-*FRISO P/CH FRT ESQ (M3);BMW E36 94-*FRISO P/CH FRT ESQ (M3);0;;
61;1540;107.060238;1540;107.060238;CATEGORIA0;;1;1;0;1;;BMW E36 94-*TAMPA REBOQUE P/CH FRT;BMW E36 94-*TAMPA REBOQUE P/CH FRT;0;;
61;1540;107.060246;1540;107.060246;CATEGORIA0;;1;1;0;1;;BMW E36 91-*RESGUARDO C/RODA FRT DRT;BMW E36 91-*RESGUARDO C/RODA FRT DRT;0;;
61;1540;107.060247;1540;107.060247;CATEGORIA0;;1;1;0;1;;BMW E36 91-*RESGUARDO C/RODA FRT ESQ;BMW E36 91-*RESGUARDO C/RODA FRT ESQ;0;;
61;1540;107.060260;1540;107.060260;CATEGORIA0;;1;1;0;1;;BMW E36 91-*RESGUARDO INF MOTOR(DIESEL);BMW E36 91-*RESGUARDO INF MOTOR(DIESEL);0;;
61;1540;107.060308;1540;107.060308;CATEGORIA0;;1;1;0;1;;BMW E30 83-* CENTRO P/CH FRT;BMW E30 83-* CENTRO P/CH FRT;0;;
61;1540;107.060310;1540;107.060310;CATEGORIA0;;1;1;0;1;;BMW E30 83-*CENTRO P/CH TRÁS;BMW E30 83-*CENTRO P/CH TRÁS;0;;
61;1540;107.060408;1540;107.060408;CATEGORIA0;;1;1;0;1;;BMW E34 89-*P/CH FRT;BMW E34 89-*P/CH FRT;0;;
61;1540;107.060410;1540;107.060410;CATEGORIA0;;1;1;0;1;;BMW E34 88-95*P/CH TRÁS P/P;BMW E34 88-95*P/CH TRÁS P/P;0;;
61;1540;107.060414;1540;107.060414;CATEGORIA0;;1;1;0;1;;BMW E34 88-*P/CH FRT P/P;BMW E34 88-*P/CH FRT P/P;0;;
61;1540;107.060702;1540;107.060702;CATEGORIA0;;1;1;0;1;;BMW E39 95-*SUPORTE CHAPA MATRICULA C/FUROS;BMW E39 95-*SUPORTE CHAPA MATRICULA C/FUROS;0;;
61;1540;107.060703;1540;107.060703;CATEGORIA0;;1;1;0;1;;BMW E39 95-*REFORÇO P/CH TRÁS;BMW E39 95-*REFORÇO P/CH TRÁS;0;;
61;1540;107.060705;1540;107.060705;CATEGORIA0;;1;1;0;1;;BMW E39 95-*GRELHA DRT;BMW E39 95-*GRELHA DRT;0;;
61;1540;107.060706;1540;107.060706;CATEGORIA0;;1;1;0;1;;BMW E39 95-*GRELHA ESQ;BMW E39 95-*GRELHA ESQ;0;;
61;1540;107.060707;1540;107.060707;CATEGORIA0;;1;1;0;1;;BMW E39 95-*REFORÇO P/CH FRT;BMW E39 95-*REFORÇO P/CH FRT;0;;
61;1540;107.060710;1540;107.060710;CATEGORIA0;;1;1;0;1;;BMW E39 95-*P/CHOQUES TRÁS P/PINTAR;BMW E39 95-*P/CHOQUES TRÁS P/PINTAR;0;;
61;1540;107.060713;1540;107.060713;CATEGORIA0;;1;1;0;1;;FRISO PARA-CHOQUES;FRISO PARA-CHOQUES;0;;
61;1540;107.060714;1540;107.060714;CATEGORIA0;;1;1;0;1;;BMW E39 95-*FRISO P/CH FRT SUP ESQ CROMADO;BMW E39 95-*FRISO P/CH FRT SUP ESQ CROMADO;0;;
61;1540;107.060715;1540;107.060715;CATEGORIA0;;1;1;0;1;;BMW E39 95-*GRELHA CENTRAL P/CH FRT;BMW E39 95-*GRELHA CENTRAL P/CH FRT;0;;
61;1540;107.060716;1540;107.060716;CATEGORIA0;;1;1;0;1;;BMW E39 95-*GRELHA DRT P/CH FRT;BMW E39 95-*GRELHA DRT P/CH FRT;0;;
61;1540;107.060717;1540;107.060717;CATEGORIA0;;1;1;0;1;;BMW E39 95- GRELHA ESQ. P/CH FRT.;BMW E39 95- GRELHA ESQ. P/CH FRT.;0;;
61;1540;107.060718;1540;107.060718;CATEGORIA0;;1;1;0;1;;FRISO PARA-CHOQUES;FRISO PARA-CHOQUES;0;;
61;1540;107.060719;1540;107.060719;CATEGORIA0;;1;1;0;1;;BMW E39 95-*FRISO P/CH FRT INF ESQ;BMW E39 95-*FRISO P/CH FRT INF ESQ;0;;
61;1540;107.060723;1540;107.060723;CATEGORIA0;;1;1;0;1;;BMW E39 95-*FRISO P/CH TRÁS DRT PRETO;BMW E39 95-*FRISO P/CH TRÁS DRT PRETO;0;;
61;1540;107.060724;1540;107.060724;CATEGORIA0;;1;1;0;1;;BMW E39 95-*FRISO P/CH TRÁS ESQ PRETO;BMW E39 95-*FRISO P/CH TRÁS ESQ PRETO;0;;
61;1540;107.060727;1540;107.060727;CATEGORIA0;;1;1;0;1;;BMW E39 95-*SPOILER P/CH FRT PRETO;BMW E39 95-*SPOILER P/CH FRT PRETO;0;;
61;1540;107.060728;1540;107.060728;CATEGORIA0;;1;1;0;1;;FRISO FAROL;FRISO FAROL;0;;
61;1540;107.060729;1540;107.060729;CATEGORIA0;;1;1;0;1;;BMW E39 95-*FRISO INF FAROL ESQ;BMW E39 95-*FRISO INF FAROL ESQ;0;;
61;1540;107.060736;1540;107.060736;CATEGORIA0;;1;1;0;1;;BMW E39 95-*TAMPA REBOQUE P/CH FRT P/P;BMW E39 95-*TAMPA REBOQUE P/CH FRT P/P;0;;
61;1540;107.060737;1540;107.060737;CATEGORIA0;;1;1;0;1;;BMW E39 95-*TAMPA REBOQUE P/CH TRÁS P/P;BMW E39 95-*TAMPA REBOQUE P/CH TRÁS P/P;0;;
61;1540;107.060746;1540;107.060746;CATEGORIA0;;1;1;0;1;;BMW E39 95-*RESG C/RODA FRT DRT (FRT);BMW E39 95-*RESG C/RODA FRT DRT (FRT);0;;
61;1540;107.060747;1540;107.060747;CATEGORIA0;;1;1;0;1;;BMW E39 95-*RESG C/RODA FRT ESQ (FRT);BMW E39 95-*RESG C/RODA FRT ESQ (FRT);0;;
61;1540;107.060748;1540;107.060748;CATEGORIA0;;1;1;0;1;;BMW E39 95-*RESG C/RODA FRT DRT (TRAS);BMW E39 95-*RESG C/RODA FRT DRT (TRAS);0;;
61;1540;107.060749;1540;107.060749;CATEGORIA0;;1;1;0;1;;BMW E39 95-*RESG C/RODA FRT ESQ.(TRAS);BMW E39 95-*RESG C/RODA FRT ESQ.(TRAS);0;;
61;1540;107.060760;1540;107.060760;CATEGORIA0;;1;1;0;1;;BMW E39 95-*RESGUARDO INF MOTOR(FRT);BMW E39 95-*RESGUARDO INF MOTOR(FRT);0;;
61;1540;107.060803;1540;107.060803;CATEGORIA0;;1;1;0;1;;BMW E46 98-*FRISO FAROL ESQ S/FUROS;BMW E46 98-*FRISO FAROL ESQ S/FUROS;0;;
61;1540;107.060804;1540;107.060804;CATEGORIA0;;1;1;0;1;;BMW E46 98-*GRELHA P/CH FRT DRT;BMW E46 98-*GRELHA P/CH FRT DRT;0;;
61;1540;107.060805;1540;107.060805;CATEGORIA0;;1;1;0;1;;BMW E46 98-*GRELHA P/CH FRT ESQ;BMW E46 98-*GRELHA P/CH FRT ESQ;0;;
61;1540;107.060806;1540;107.060806;CATEGORIA0;;1;1;0;1;;BMW E46 98-*GRELHA P/CHOQUES FRT CENTRAL;BMW E46 98-*GRELHA P/CHOQUES FRT CENTRAL;0;;
61;1540;107.060807;1540;107.060807;CATEGORIA0;;1;1;0;1;;BMW E46 98-03*REFORÇO P/CH FRT(ALUMINIO);BMW E46 98-03*REFORÇO P/CH FRT(ALUMINIO);0;;
61;1540;107.060808;1540;107.060808;CATEGORIA0;;1;1;0;1;;BMW E46 98-*P/CHOQUES FRT P/PINTAR;BMW E46 98-*P/CHOQUES FRT P/PINTAR;0;;
61;1540;107.060809;1540;107.060809;CATEGORIA0;;1;1;0;1;;BMW E46 98-*REFORÇO P/CH TRAS(ALUMINIO);BMW E46 98-*REFORÇO P/CH TRAS(ALUMINIO);0;;
61;1540;107.060810;1540;107.060810;CATEGORIA0;;1;1;0;1;;BMW E46 98-*P/CH TRÁS P/P;BMW E46 98-*P/CH TRÁS P/P;0;;
61;1540;107.060813;1540;107.060813;CATEGORIA0;;1;1;0;1;;BMW E46 98-*P/CH TRÁS P/P (SW);BMW E46 98-*P/CH TRÁS P/P (SW);0;;
61;1540;107.060814;1540;107.060814;CATEGORIA0;;1;1;0;1;;FRISO PARA-CHOQUES;FRISO PARA-CHOQUES;0;;
61;1540;107.060815;1540;107.060815;CATEGORIA0;;1;1;0;1;;BMW E46 98-*SUPORTE CHAPA MATRICULA;BMW E46 98-*SUPORTE CHAPA MATRICULA;0;;
61;1540;107.060818;1540;107.060818;CATEGORIA0;;1;1;0;1;;BMW E46 98-*FRISO P/CH FRT DRT;BMW E46 98-*FRISO P/CH FRT DRT;0;;
61;1540;107.060819;1540;107.060819;CATEGORIA0;;1;1;0;1;;BMW E46 98-*FRISO P/CH FRT ESQ;BMW E46 98-*FRISO P/CH FRT ESQ;0;;
61;1540;107.060821;1540;107.060821;CATEGORIA0;;1;1;0;1;;BMW E46 98-*FRISO P/CH TRÁS DRT;BMW E46 98-*FRISO P/CH TRÁS DRT;0;;
61;1540;107.060822;1540;107.060822;CATEGORIA0;;1;1;0;1;;BMW E46 98-*FRISO P/CH TRÁS ESQ (4P);BMW E46 98-*FRISO P/CH TRÁS ESQ (4P);0;;
61;1540;107.060823;1540;107.060823;CATEGORIA0;;1;1;0;1;;BMW E46 98-*FRISO P/CH TRÁS SUP(CENTRO);BMW E46 98-*FRISO P/CH TRÁS SUP(CENTRO);0;;
61;1540;107.060846;1540;107.060846;CATEGORIA0;;1;1;0;1;;BMW E46 98-*RESGUARDO C/RODA FRT DRT (TRAS);BMW E46 98-*RESGUARDO C/RODA FRT DRT (TRAS);0;;
61;1540;107.060847;1540;107.060847;CATEGORIA0;;1;1;0;1;;BMW E46 98-*RESGUARDO C/RODA FRT ESQ (TRAS);BMW E46 98-*RESGUARDO C/RODA FRT ESQ (TRAS);0;;
61;1540;107.060848;1540;107.060848;CATEGORIA0;;1;1;0;1;;BMW E46 98-*RESG C/R FRT DRT(FRT);BMW E46 98-*RESG C/R FRT DRT(FRT);0;;
61;1540;107.060849;1540;107.060849;CATEGORIA0;;1;1;0;1;;BMW E46 98-*RESG C/R FRT ESQ(FRT);BMW E46 98-*RESG C/R FRT ESQ(FRT);0;;
61;1540;107.060860;1540;107.060860;CATEGORIA0;;1;1;0;1;;BMW E46 98-*RESGUARDO INF MOTOR (FRT);BMW E46 98-*RESGUARDO INF MOTOR (FRT);0;;
61;1540;107.060861;1540;107.060861;CATEGORIA0;;1;1;0;1;;BMW E46 98-*RESGUARDO INF MOTOR (TRAS);BMW E46 98-*RESGUARDO INF MOTOR (TRAS);0;;
61;1540;107.060862;1540;107.060862;CATEGORIA0;;1;1;0;1;;BMW E46 98-*RESGUARDO INF MOTOR(DIESEL);BMW E46 98-*RESGUARDO INF MOTOR(DIESEL);0;;
61;1540;107.060863;1540;107.060863;CATEGORIA0;;1;1;0;1;;BMW E46 98-*RESGUARDO INF MOTOR (DIESEL);BMW E46 98-*RESGUARDO INF MOTOR (DIESEL);0;;
61;1540;107.060904;1540;107.060904;CATEGORIA0;;1;1;0;1;;BMW E46 2P 98-*GRELHA DRT P/CH FRT;BMW E46 2P 98-*GRELHA DRT P/CH FRT;0;;
61;1540;107.060905;1540;107.060905;CATEGORIA0;;1;1;0;1;;BMW E46 2P 98-*GRELHA ESQ P/CH FRT;BMW E46 2P 98-*GRELHA ESQ P/CH FRT;0;;
61;1540;107.060906;1540;107.060906;CATEGORIA0;;1;1;0;1;;BMW E46 2P 98-*GRELHA CENTRAL P/CH FRT;BMW E46 2P 98-*GRELHA CENTRAL P/CH FRT;0;;
61;1540;107.060908;1540;107.060908;CATEGORIA0;;1;1;0;1;;BMW E46 2P 98-*P/CH FRT P/P;BMW E46 2P 98-*P/CH FRT P/P;0;;
61;1540;107.060910;1540;107.060910;CATEGORIA0;;1;1;0;1;;BMW E46 2P 98-*P/CH TRÁS;BMW E46 2P 98-*P/CH TRÁS;0;;
61;1540;107.060915;1540;107.060915;CATEGORIA0;;1;1;0;1;;BMW E46 2P 98-*SUPORTE CHAPA MATRICULA P/CH FRT;BMW E46 2P 98-*SUPORTE CHAPA MATRICULA P/CH FRT;0;;
61;1540;107.060916;1540;107.060916;CATEGORIA0;;1;1;0;1;;BMW E46 2P 98-*GRELHA DRT (CROMADO+PRETA);BMW E46 2P 98-*GRELHA DRT (CROMADO+PRETA);0;;
61;1540;107.060917;1540;107.060917;CATEGORIA0;;1;1;0;1;;BMW E46 2P 98-*GRELHA ESQ (CROMADO+PRETA);BMW E46 2P 98-*GRELHA ESQ (CROMADO+PRETA);0;;
61;1540;107.060946;1540;107.060946;CATEGORIA0;;1;1;0;1;;BMW E46 2P 98-*RESG C/R FRT DRT(FRT);BMW E46 2P 98-*RESG C/R FRT DRT(FRT);0;;
61;1540;107.060947;1540;107.060947;CATEGORIA0;;1;1;0;1;;BMW E46 2P 98-*RESG C/R FRT ESQ(FRT);BMW E46 2P 98-*RESG C/R FRT ESQ(FRT);0;;
61;1540;107.060960;1540;107.060960;CATEGORIA0;;1;1;0;1;;BMW E46 2P 98-05*RESGUARDO INF MOTOR;BMW E46 2P 98-05*RESGUARDO INF MOTOR;0;;
61;1540;107.061002;1540;107.061002;CATEGORIA0;;1;1;0;1;;BMW E39 00-*SUPORTE CHAPA MATRICULA P/CH FRT;BMW E39 00-*SUPORTE CHAPA MATRICULA P/CH FRT;0;;
61;1540;107.061005;1540;107.061005;CATEGORIA0;;1;1;0;1;;BMW E39 00-*GRELHA DRT;BMW E39 00-*GRELHA DRT;0;;
61;1540;107.061006;1540;107.061006;CATEGORIA0;;1;1;0;1;;BMW E39 00-*GRELHA ESQ;BMW E39 00-*GRELHA ESQ;0;;
61;1540;107.061008;1540;107.061008;CATEGORIA0;;1;1;0;1;;BMW E39 00-*P/CHOQUES FRT P/PINTAR;BMW E39 00-*P/CHOQUES FRT P/PINTAR;0;;
61;1540;107.061018;1540;107.061018;CATEGORIA0;;1;1;0;1;;FRISO P/CH. FR. DTO BMW E39;FRISO P/CH. FR. DTO BMW E39;0;;
61;1540;107.061019;1540;107.061019;CATEGORIA0;;1;1;0;1;;FRISO P/CH. FR. ESQ BMW E39;FRISO P/CH. FR. ESQ BMW E39;0;;
61;1540;107.061102;1540;107.061102;CATEGORIA0;;1;1;0;1;;BMW E46 01-*FRISO INF FAROL DRT;BMW E46 01-*FRISO INF FAROL DRT;0;;
61;1540;107.061103;1540;107.061103;CATEGORIA0;;1;1;0;1;;BMW E46 01-*FRISO INF FAROL ESQ;BMW E46 01-*FRISO INF FAROL ESQ;0;;
61;1540;107.061104;1540;107.061104;CATEGORIA0;;1;1;0;1;;BMW E46 01-*GRELHA DRT CROMADA;BMW E46 01-*GRELHA DRT CROMADA;0;;
61;1540;107.061105;1540;107.061105;CATEGORIA0;;1;1;0;1;;BMW E46 01-*GRELHA ESQ CROMADA;BMW E46 01-*GRELHA ESQ CROMADA;0;;
61;1540;107.061106;1540;107.061106;CATEGORIA0;;1;1;0;1;;BMW E46 4P 01-*GRELHA CENTRAL P/CH FRT;BMW E46 4P 01-*GRELHA CENTRAL P/CH FRT;0;;
61;1540;107.061108;1540;107.061108;CATEGORIA0;;1;1;0;1;;BMW E46 01-*P/CHOQUES FRT P/P C/FUROS;BMW E46 01-*P/CHOQUES FRT P/P C/FUROS;0;;
61;1540;107.061110;1540;107.061110;CATEGORIA0;;1;1;0;1;;BMW E46 01-*P/CH TRÁS P/P;BMW E46 01-*P/CH TRÁS P/P;0;;
61;1540;107.061113;1540;107.061113;CATEGORIA0;;1;1;0;1;;BMW E46 01-*FRISO P/CH FRT DRT;BMW E46 01-*FRISO P/CH FRT DRT;0;;
61;1540;107.061114;1540;107.061114;CATEGORIA0;;1;1;0;1;;BMW E46 01-*FRISO P/CHOQ FRT ESQ;BMW E46 01-*FRISO P/CHOQ FRT ESQ;0;;
61;1540;107.061115;1540;107.061115;CATEGORIA0;;1;1;0;1;;BMW E46 01-*SUPORTE MATRICULA P/CH FRT;BMW E46 01-*SUPORTE MATRICULA P/CH FRT;0;;
61;1540;107.061116;1540;107.061116;CATEGORIA0;;1;1;0;1;;BMW E46 01-*GRELHA DRT (CROMADO+ PRETA);BMW E46 01-*GRELHA DRT (CROMADO+ PRETA);0;;
61;1540;107.061117;1540;107.061117;CATEGORIA0;;1;1;0;1;;BMW E46 01-*GRELHA ESQ (CROMADO+ PRETA);BMW E46 01-*GRELHA ESQ (CROMADO+ PRETA);0;;
61;1540;107.061118;1540;107.061118;CATEGORIA0;;1;1;0;1;;BMW E46 4P 01-*GRELHA DRT P/CH FRT;BMW E46 4P 01-*GRELHA DRT P/CH FRT;0;;
61;1540;107.061119;1540;107.061119;CATEGORIA0;;1;1;0;1;;BMW E46 4P 01-*GRELHA ESQ P/CH FRT;BMW E46 4P 01-*GRELHA ESQ P/CH FRT;0;;
61;1540;107.06118;1540;061118;CATEGORIA0;;1;1;0;1;;GRELHA P/CH DTO. BMW E46;GRELHA P/CH DTO. BMW E46;0;;
61;1540;107.061204;1540;107.061204;CATEGORIA0;;1;1;0;1;;BMW S/5 E60 03-*GRELHA DRT(PRETA/CROM);BMW S/5 E60 03-*GRELHA DRT(PRETA/CROM);0;;
61;1540;107.061205;1540;107.061205;CATEGORIA0;;1;1;0;1;;BMW S/5 E60 03-*GRELHA ESQ(PRETA/CROM);BMW S/5 E60 03-*GRELHA ESQ(PRETA/CROM);0;;
61;1540;107.061206;1540;107.061206;CATEGORIA0;;1;1;0;1;;BMW S/5 E60 03-*REFORÇO P/CH TRÁS;BMW S/5 E60 03-*REFORÇO P/CH TRÁS;0;;
61;1540;107.061207;1540;107.061207;CATEGORIA0;;1;1;0;1;;BMW S/5 E60 03-*REFORÇO P/CH FRT;BMW S/5 E60 03-*REFORÇO P/CH FRT;0;;
61;1540;107.061208;1540;107.061208;CATEGORIA0;;1;1;0;1;;BMW S/5 E60 03-*P/CH FRT P/P (C/FURO ESGUICHO);BMW S/5 E60 03-*P/CH FRT P/P (C/FURO ESGUICHO);0;;
61;1540;107.061209;1540;107.061209;CATEGORIA0;;1;1;0;1;;BMW S/5 E60 03-*P/C FR C/F SENS.ESTAC.+ ESGUIC.;BMW S/5 E60 03-*P/C FR C/F SENS.ESTAC.+ ESGUIC.;0;;
61;1540;107.061210;1540;107.061210;CATEGORIA0;;1;1;0;1;;BMW S/5 E60 03-*P/C TR P/P C/SENS.EST.;BMW S/5 E60 03-*P/C TR P/P C/SENS.EST.;0;;
61;1540;107.061215;1540;107.061215;CATEGORIA0;;1;1;0;1;;BMW S/5 E60 03-*GRELHA P/CH FRT CENTRO;BMW S/5 E60 03-*GRELHA P/CH FRT CENTRO;0;;
61;1540;107.061216;1540;107.061216;CATEGORIA0;;1;1;0;1;;BMW S/5 E60 03-*GRELHA DRT P/CH FRT;BMW S/5 E60 03-*GRELHA DRT P/CH FRT;0;;
61;1540;107.061217;1540;107.061217;CATEGORIA0;;1;1;0;1;;BMW S/5 E60 03-*GRELHA ESQ P/CH FRT;BMW S/5 E60 03-*GRELHA ESQ P/CH FRT;0;;
61;1540;107.061246;1540;107.061246;CATEGORIA0;;1;1;0;1;;BMW S/5 E60 03-*RESGUARDO C/RODA FRT DRT;BMW S/5 E60 03-*RESGUARDO C/RODA FRT DRT;0;;
61;1540;107.061247;1540;107.061247;CATEGORIA0;;1;1;0;1;;BMW S/5 E60 03-*RESGUARDO C/RODA FRT ESQ;BMW S/5 E60 03-*RESGUARDO C/RODA FRT ESQ;0;;
61;1540;107.061248;1540;107.061248;CATEGORIA0;;1;1;0;1;;BMW S/5 E60 03-*RESGUARDO C/RODA FRT DRT(INF);BMW S/5 E60 03-*RESGUARDO C/RODA FRT DRT(INF);0;;
61;1540;107.061249;1540;107.061249;CATEGORIA0;;1;1;0;1;;BMW S/5 E60 03-*RESGUARDO C/RODA FRT ESQ(INF);BMW S/5 E60 03-*RESGUARDO C/RODA FRT ESQ(INF);0;;
61;1540;107.061260;1540;107.061260;CATEGORIA0;;1;1;0;1;;BMW S/5 E60 03-*RESGUARDO INF MOTOR;BMW S/5 E60 03-*RESGUARDO INF MOTOR;0;;
61;1540;107.061303;1540;107.061303;CATEGORIA0;;1;1;0;1;;BMW S/1 E87 04-*GRELHA P/CH FRT CENTRAL;BMW S/1 E87 04-*GRELHA P/CH FRT CENTRAL;0;;
61;1540;107.061304;1540;107.061304;CATEGORIA0;;1;1;0;1;;BMW S/1 E87 04-*GRELHA DRT (PRETA/CROMADO);BMW S/1 E87 04-*GRELHA DRT (PRETA/CROMADO);0;;
61;1540;107.061305;1540;107.061305;CATEGORIA0;;1;1;0;1;;BMW S/1 E87 04-*GRELHA ESQ(PRETA/CROMADO);BMW S/1 E87 04-*GRELHA ESQ(PRETA/CROMADO);0;;
61;1540;107.061306;1540;107.061306;CATEGORIA0;;1;1;0;1;;BMW S/1 E87 04-*REFORÇO P/CH TRÁS 3/5P;BMW S/1 E87 04-*REFORÇO P/CH TRÁS 3/5P;0;;
61;1540;107.061307;1540;107.061307;CATEGORIA0;;1;1;0;1;;BMW S/1 E87 04-*REFORÇO P/CH FRT 5P;BMW S/1 E87 04-*REFORÇO P/CH FRT 5P;0;;
61;1540;107.061308;1540;107.061308;CATEGORIA0;;1;1;0;1;;BMW S/1 E87 04-*P/CH FRT P/PINTAR;BMW S/1 E87 04-*P/CH FRT P/PINTAR;0;;
61;1540;107.061309;1540;107.061309;CATEGORIA0;;1;1;0;1;;BMW S/1 E87 04-*AVENTAL P/CH FRT;BMW S/1 E87 04-*AVENTAL P/CH FRT;0;;
61;1540;107.061310;1540;107.061310;CATEGORIA0;;1;1;0;1;;BMW S/1 E87 04-*P/CH TRÁS SUP P/P (5P);BMW S/1 E87 04-*P/CH TRÁS SUP P/P (5P);0;;
61;1540;107.061313;1540;107.061313;CATEGORIA0;;1;1;0;1;;BMW S/1 E87 04-*P/CH FRT P/P (C/FURO LAV/FAROIS);BMW S/1 E87 04-*P/CH FRT P/P (C/FURO LAV/FAROIS);0;;
61;1540;107.061314;1540;107.061314;CATEGORIA0;;1;1;0;1;;BMW S/1 E87 04-*FRISO P/CH FRT DRT P/PIN;BMW S/1 E87 04-*FRISO P/CH FRT DRT P/PIN;0;;
61;1540;107.061315;1540;107.061315;CATEGORIA0;;1;1;0;1;;BMW S/1 E87 04-*FRISO P/CH FRT ESQ P/PIN;BMW S/1 E87 04-*FRISO P/CH FRT ESQ P/PIN;0;;
61;1540;107.061316;1540;107.061316;CATEGORIA0;;1;1;0;1;;BMW S/1 E81 07-*FRISO P/C FRT DRT;BMW S/1 E81 07-*FRISO P/C FRT DRT;0;;
61;1540;107.061317;1540;107.061317;CATEGORIA0;;1;1;0;1;;BMW S/1 E81 07-*FRISO P/C FRT ESQ;BMW S/1 E81 07-*FRISO P/C FRT ESQ;0;;
61;1540;107.061318;1540;107.061318;CATEGORIA0;;1;1;0;1;;BMW S/1 E81 07-*GRELHA P/CH FRT CENTRAL;BMW S/1 E81 07-*GRELHA P/CH FRT CENTRAL;0;;
61;1540;107.061319;1540;107.061319;CATEGORIA0;;1;1;0;1;;BMW S/1 E81 07-*GRELHA DRT(CROM/CROM/PRETA);BMW S/1 E81 07-*GRELHA DRT(CROM/CROM/PRETA);0;;
61;1540;107.061320;1540;107.061320;CATEGORIA0;;1;1;0;1;;BMW S/1 E81 07-*GRELHA ESQ(CROM/CROM/PRETA);BMW S/1 E81 07-*GRELHA ESQ(CROM/CROM/PRETA);0;;
61;1540;107.061321;1540;107.061321;CATEGORIA0;;1;1;0;1;;BMW S/1 E87 04-*FRISO P/CH TRÁS P/P 5P;BMW S/1 E87 04-*FRISO P/CH TRÁS P/P 5P;0;;
61;1540;107.061322;1540;107.061322;CATEGORIA0;;1;1;0;1;;BMW S/1 E81 07-*FRISO P/CH TRÁS P/P 3/5P;BMW S/1 E81 07-*FRISO P/CH TRÁS P/P 3/5P;0;;
61;1540;107.061326;1540;107.061326;CATEGORIA0;;1;1;0;1;;PARA-CHOQUES TRÁS;PARA-CHOQUES TRÁS;0;;
61;1540;107.061327;1540;107.061327;CATEGORIA0;;1;1;0;1;;BMW S/1 E81 07-*P/C FRT P/P C/F FAR S/F LV FAROIS;BMW S/1 E81 07-*P/C FRT P/P C/F FAR S/F LV FAROIS;0;;
61;1540;107.061329;1540;107.061329;CATEGORIA0;;1;1;0;1;;BMW S/1 E81 07-*P/CH FRT P/P (C/FURO FAROL)(C/FURO LAV/FAROI;BMW S/1 E81 07-*P/CH FRT P/P (C/FURO FAROL)(C/FURO LAV/FAROI;0;;
61;1540;107.061336;1540;107.061336;CATEGORIA0;;1;1;0;1;;BMW S/1 E81 07-*TAMPA REBOQUE P/CH FRT P/P;BMW S/1 E81 07-*TAMPA REBOQUE P/CH FRT P/P;0;;
61;1540;107.061346;1540;107.061346;CATEGORIA0;;1;1;0;1;;RESGUARDO C/RODA FR. DTO. BMW S/1 E87 04-;RESGUARDO C/RODA FR. DTO. BMW S/1 E87 04-;0;;
61;1540;107.061347;1540;107.061347;CATEGORIA0;;1;1;0;1;;RESGUARDO C/RODA FR.ESQ.BMW S/1;RESGUARDO C/RODA FR.ESQ.BMW S/1;0;;
61;1540;107.061348;1540;107.061348;CATEGORIA0;;1;1;0;1;;BMW S/1 E87 04-*RESGUARDO C/RODA FRT DRT (TRAS);BMW S/1 E87 04-*RESGUARDO C/RODA FRT DRT (TRAS);0;;
61;1540;107.061349;1540;107.061349;CATEGORIA0;;1;1;0;1;;BMW S/1 E87 04-*RESGUARDO C/RODA FRT ESQ (TRAS);BMW S/1 E87 04-*RESGUARDO C/RODA FRT ESQ (TRAS);0;;
61;1540;107.061360;1540;107.061360;CATEGORIA0;;1;1;0;1;;BMW S/1 E81 07-FORRA MOTOR;BMW S/1 E81 07-FORRA MOTOR;0;;
61;1540;107.061404;1540;107.061404;CATEGORIA0;;1;1;0;1;;BMW S/3 E90 05-*GRELHA DRT (PRETA/CROMADO);BMW S/3 E90 05-*GRELHA DRT (PRETA/CROMADO);0;;
61;1540;107.061405;1540;107.061405;CATEGORIA0;;1;1;0;1;;BMW S/3 E90 05-*GRELHA ESQ (PRETA/CROMADO);BMW S/3 E90 05-*GRELHA ESQ (PRETA/CROMADO);0;;
61;1540;107.061406;1540;107.061406;CATEGORIA0;;1;1;0;1;;BMW S/3 E90 05-*REFORÇO P/CH TRÁS;BMW S/3 E90 05-*REFORÇO P/CH TRÁS;0;;
61;1540;107.061407;1540;107.061407;CATEGORIA0;;1;1;0;1;;BMW S/3 E90 05-*REFORÇO P/CH FRT;BMW S/3 E90 05-*REFORÇO P/CH FRT;0;;
61;1540;107.061408;1540;107.061408;CATEGORIA0;;1;1;0;1;;BMW S/3 E90 05-*P/CHOQUES FRT P/PINTAR;BMW S/3 E90 05-*P/CHOQUES FRT P/PINTAR;0;;
61;1540;107.061410;1540;107.061410;CATEGORIA0;;1;1;0;1;;BMW S/3 E90 05-*P/CH TRÁS P/P (4P);BMW S/3 E90 05-*P/CH TRÁS P/P (4P);0;;
61;1540;107.061413;1540;107.061413;CATEGORIA0;;1;1;0;1;;BMW S/3 E90 05-*P/CH TRÁS P/P (C/FURO SENSOR)(4P);BMW S/3 E90 05-*P/CH TRÁS P/P (C/FURO SENSOR)(4P);0;;
61;1540;107.061415;1540;107.061415;CATEGORIA0;;1;1;0;1;;BMW S/3 E90 05-*GRELHA CENTRAL P/CH FRT;BMW S/3 E90 05-*GRELHA CENTRAL P/CH FRT;0;;
61;1540;107.061416;1540;107.061416;CATEGORIA0;;1;1;0;1;;BMW S/3 E90 05-*GRELHA DRT P/CH FRT (S/FRISO);BMW S/3 E90 05-*GRELHA DRT P/CH FRT (S/FRISO);0;;
61;1540;107.061417;1540;107.061417;CATEGORIA0;;1;1;0;1;;BMW S/3 E90 05-*GRELHA ESQ P/CH FRT (S/FRISO);BMW S/3 E90 05-*GRELHA ESQ P/CH FRT (S/FRISO);0;;
61;1540;107.061418;1540;107.061418;CATEGORIA0;;1;1;0;1;;FRISO CROMADO;FRISO CROMADO;0;;
61;1540;107.061419;1540;107.061419;CATEGORIA0;;1;1;0;1;;FRISO CROMADO;FRISO CROMADO;0;;
61;1540;107.061423;1540;107.061423;CATEGORIA0;;1;1;0;1;;BMW S/3 E91 2005.09*P/CH TRÁS P/P(C/FURO SENSOR)(SW);BMW S/3 E91 2005.09*P/CH TRÁS P/P(C/FURO SENSOR)(SW);0;;
61;1540;107.061424;1540;107.061424;CATEGORIA0;;1;1;0;1;;BMW S/3 E90 05-*FRISO GRELHA DRT P/CH FRT PRETO;BMW S/3 E90 05-*FRISO GRELHA DRT P/CH FRT PRETO;0;;
61;1540;107.061425;1540;107.061425;CATEGORIA0;;1;1;0;1;;BMW S/3 E90 05-*FRISO GRELHA ESQ P/CH FRT PRETO;BMW S/3 E90 05-*FRISO GRELHA ESQ P/CH FRT PRETO;0;;
61;1540;107.061426;1540;107.061426;CATEGORIA0;;1;1;0;1;;BMW S/3 E90 05-*FRISO GRELHA CENT PRETO P/CH FRT;BMW S/3 E90 05-*FRISO GRELHA CENT PRETO P/CH FRT;0;;
61;1540;107.061427;1540;107.061427;CATEGORIA0;;1;1;0;1;;BMW S/3 E90 05-*P/CH FRT P/P (C/SENSOR);BMW S/3 E90 05-*P/CH FRT P/P (C/SENSOR);0;;
61;1540;107.061428;1540;107.061428;CATEGORIA0;;1;1;0;1;;BMW S/3 E90 05-*P/CH FRT P/P (C/SENSOR+ LAV/FAROIS);BMW S/3 E90 05-*P/CH FRT P/P (C/SENSOR+ LAV/FAROIS);0;;
61;1540;107.061429;1540;107.061429;CATEGORIA0;;1;1;0;1;;BMW S/3 E90 05-*P/CH FRT P/P (C/FURO LAV/FAROIS)(S/FURO SENS;BMW S/3 E90 05-*P/CH FRT P/P (C/FURO LAV/FAROIS)(S/FURO SENS;0;;
61;1540;107.061446;1540;107.061446;CATEGORIA0;;1;1;0;1;;BMW S/3 E90 05-*RESGUARDO C/RODA FRT DRT(FRT);BMW S/3 E90 05-*RESGUARDO C/RODA FRT DRT(FRT);0;;
61;1540;107.061447;1540;107.061447;CATEGORIA0;;1;1;0;1;;FORRA CAVE RODA F. ESQ.;FORRA CAVE RODA F. ESQ.;0;;
61;1540;107.061448;1540;107.061448;CATEGORIA0;;1;1;0;1;;BMW S/3 E90 05-*RESGUARDO C/RODA FRT DRT(TRAS);BMW S/3 E90 05-*RESGUARDO C/RODA FRT DRT(TRAS);0;;
61;1540;107.061449;1540;107.061449;CATEGORIA0;;1;1;0;1;;BMW S/3 E90 05-*RESGUARDO C/RODA FRT ESQ (TRAS);BMW S/3 E90 05-*RESGUARDO C/RODA FRT ESQ (TRAS);0;;
61;1540;107.061460;1540;107.061460;CATEGORIA0;;1;1;0;1;;BMW S/3 E90 05-*RESGUARDO INF FRT ( MOTOR);BMW S/3 E90 05-*RESGUARDO INF FRT ( MOTOR);0;;
61;1540;107.061461;1540;107.061461;CATEGORIA0;;1;1;0;1;;BMW S/3 E90 05-*RESGUARDO INF.TR.;BMW S/3 E90 05-*RESGUARDO INF.TR.;0;;
61;1540;107.061508;1540;107.061508;CATEGORIA0;;1;1;0;1;;BMW E46 2P 03-*P/CH FRT P/P;BMW E46 2P 03-*P/CH FRT P/P;0;;
61;1540;107.061516;1540;107.061516;CATEGORIA0;;1;1;0;1;;BMW E46 2P 03-*GRELHA DRT (CROMADO+PRETA);BMW E46 2P 03-*GRELHA DRT (CROMADO+PRETA);0;;
61;1540;107.061517;1540;107.061517;CATEGORIA0;;1;1;0;1;;BMW E46 2P 03-*GRELHA ESQ (CROMADO+PRETA);BMW E46 2P 03-*GRELHA ESQ (CROMADO+PRETA);0;;
61;1540;107.061603;1540;107.061603;CATEGORIA0;;1;1;0;1;;BMW X5 E53 00-04*SUPORTE CHAPA MATRICULA FRT;BMW X5 E53 00-04*SUPORTE CHAPA MATRICULA FRT;0;;
61;1540;107.061604;1540;107.061604;CATEGORIA0;;1;1;0;1;;BMW X5 E53 00-04*GRELHA DRT (CROMADO/PRETA) (1 SERIE);BMW X5 E53 00-04*GRELHA DRT (CROMADO/PRETA) (1 SERIE);0;;
61;1540;107.061605;1540;107.061605;CATEGORIA0;;1;1;0;1;;BMW X5 E53 00-04*GRELHA ESQ (CROMADO/PRETA) (1 SERIE);BMW X5 E53 00-04*GRELHA ESQ (CROMADO/PRETA) (1 SERIE);0;;
61;1540;107.061608;1540;107.061608;CATEGORIA0;;1;1;0;1;;BMW X5 E53 00-04*P/CH FRT P/P (C/FU FAROL)(C/FU L/FAROIS)(C/;BMW X5 E53 00-04*P/CH FRT P/P (C/FU FAROL)(C/FU L/FAROIS)(C/;0;;
61;1540;107.061609;1540;107.061609;CATEGORIA0;;1;1;0;1;;BMW X5 E53 00-04*P/CH FRT P/P (C/FU FAROL)(S/FU L/FAROIS)(C/;BMW X5 E53 00-04*P/CH FRT P/P (C/FU FAROL)(S/FU L/FAROIS)(C/;0;;
61;1540;107.061610;1540;107.061610;CATEGORIA0;;1;1;0;1;;BMW X5 E53 00-04*P/CH TRÁS P/P (S/FURO SENSOR);BMW X5 E53 00-04*P/CH TRÁS P/P (S/FURO SENSOR);0;;
61;1540;107.061613;1540;107.061613;CATEGORIA0;;1;1;0;1;;BMW X5 E53 00-04*P/CH FRT P/P (C/FU FAROL)(S/FU L/FAROIS)(S/;BMW X5 E53 00-04*P/CH FRT P/P (C/FU FAROL)(S/FU L/FAROIS)(S/;0;;
61;1540;107.061614;1540;107.061614;CATEGORIA0;;1;1;0;1;;BMW X5 E53 00-04*P/CH TRÁS P/P (C/FURO SENSOR);BMW X5 E53 00-04*P/CH TRÁS P/P (C/FURO SENSOR);0;;
61;1540;107.061615;1540;107.061615;CATEGORIA0;;1;1;0;1;;BMW X5 E53 00-04*FRISO P/CH FRT DRT C/FUROS SENSOR;BMW X5 E53 00-04*FRISO P/CH FRT DRT C/FUROS SENSOR;0;;
61;1540;107.061616;1540;107.061616;CATEGORIA0;;1;1;0;1;;BMW X5 E53 00-04*FRISO P/CH FRT ESQ C/FUROS SENSOR;BMW X5 E53 00-04*FRISO P/CH FRT ESQ C/FUROS SENSOR;0;;
61;1540;107.061617;1540;107.061617;CATEGORIA0;;1;1;0;1;;BMW X5 E53 00-*FRISO INF FAROL DRT P/P;BMW X5 E53 00-*FRISO INF FAROL DRT P/P;0;;
61;1540;107.061618;1540;107.061618;CATEGORIA0;;1;1;0;1;;BMW X5 E53 00-*FRISO INF FAROL ESQ P/P;BMW X5 E53 00-*FRISO INF FAROL ESQ P/P;0;;
61;1540;107.061706;1540;107.061706;CATEGORIA0;;1;1;0;1;;BMW S/3 E91 07-*REFORÇO P/CH TRÁS SW;BMW S/3 E91 07-*REFORÇO P/CH TRÁS SW;0;;
61;1540;107.061710;1540;107.061710;CATEGORIA0;;1;1;0;1;;BMW S/3 E91 07-*P/CH TRÁS P/P (SW);BMW S/3 E91 07-*P/CH TRÁS P/P (SW);0;;
61;1540;107.061713;1540;107.061713;CATEGORIA0;;1;1;0;1;;BMW S/3 E91 07-*P/CH TRÁS P/P (C/FURO SENSOR)(SW);BMW S/3 E91 07-*P/CH TRÁS P/P (C/FURO SENSOR)(SW);0;;
61;1540;107.061803;1540;107.061803;CATEGORIA0;;1;1;0;1;;BMW X5 E70 07-*GRELHA SUP P/CH FRT P/P;BMW X5 E70 07-*GRELHA SUP P/CH FRT P/P;0;;
61;1540;107.061804;1540;107.061804;CATEGORIA0;;1;1;0;1;;BMW X5 E70 07-*GRELHA INF P/CH FRT P/P (EXTERIOR);BMW X5 E70 07-*GRELHA INF P/CH FRT P/P (EXTERIOR);0;;
61;1540;107.061805;1540;107.061805;CATEGORIA0;;1;1;0;1;;BMW X5 E70 07-*GRELHA INF P/CH FRT (INTERNA C/FURO SENSOR);BMW X5 E70 07-*GRELHA INF P/CH FRT (INTERNA C/FURO SENSOR);0;;
61;1540;107.061807;1540;107.061807;CATEGORIA0;;1;1;0;1;;BMW X5 E70 07-*REFORÇO P/CH FRT (CHAPA);BMW X5 E70 07-*REFORÇO P/CH FRT (CHAPA);0;;
61;1540;107.061808;1540;107.061808;CATEGORIA0;;1;1;0;1;;BMW X5 E70 07-*P/CH FRT P/P (S/SENSOR ESTAC);BMW X5 E70 07-*P/CH FRT P/P (S/SENSOR ESTAC);0;;
61;1540;107.061809;1540;107.061809;CATEGORIA0;;1;1;0;1;;BMW X5 E70 07-*P/CH FRT P/P (C/SENSOR ESTAC);BMW X5 E70 07-*P/CH FRT P/P (C/SENSOR ESTAC);0;;
61;1540;107.061810;1540;107.061810;CATEGORIA0;;1;1;0;1;;BMW X5 E70 07-*P/CH TRÁS P/P (C/FURO SENSOR);BMW X5 E70 07-*P/CH TRÁS P/P (C/FURO SENSOR);0;;
61;1540;107.061815;1540;107.061815;CATEGORIA0;;1;1;0;1;;BMW X5 E70 07-*GRELHA DRT (CROMADA/PRETA);BMW X5 E70 07-*GRELHA DRT (CROMADA/PRETA);0;;
61;1540;107.061816;1540;107.061816;CATEGORIA0;;1;1;0;1;;BMW X5 E70 07-*GRELHA ESQ (CROMADA/PRETA);BMW X5 E70 07-*GRELHA ESQ (CROMADA/PRETA);0;;
61;1540;107.061817;1540;107.061817;CATEGORIA0;;1;1;0;1;;BMW X5 E70 07-*GRELHA DRT (CROMADA);BMW X5 E70 07-*GRELHA DRT (CROMADA);0;;
61;1540;107.061818;1540;107.061818;CATEGORIA0;;1;1;0;1;;BMW X5 E70 07-*GRELHA ESQ (CROMADA);BMW X5 E70 07-*GRELHA ESQ (CROMADA);0;;
61;1540;107.061819;1540;107.061819;CATEGORIA0;;1;1;0;1;;BMW X5 E70 07-*GRELHA DRT P/CH FRT P/P;BMW X5 E70 07-*GRELHA DRT P/CH FRT P/P;0;;
61;1540;107.061820;1540;107.061820;CATEGORIA0;;1;1;0;1;;BMW X5 E70 07-*GRELHA ESQ P/CH FRT P/P;BMW X5 E70 07-*GRELHA ESQ P/CH FRT P/P;0;;
61;1540;107.061821;1540;107.061821;CATEGORIA0;;1;1;0;1;;BMW X5 E70 07-*CANTO P/CH TRÁS DRT P/P;BMW X5 E70 07-*CANTO P/CH TRÁS DRT P/P;0;;
61;1540;107.061822;1540;107.061822;CATEGORIA0;;1;1;0;1;;BMW X5 E70 07-*CANTO P/CH TRÁS ESQ P/P;BMW X5 E70 07-*CANTO P/CH TRÁS ESQ P/P;0;;
61;1540;107.061823;1540;107.061823;CATEGORIA0;;1;1;0;1;;BMW X5 E70 07-*FRISO GRELHA DRT P/CH FRT P/P;BMW X5 E70 07-*FRISO GRELHA DRT P/CH FRT P/P;0;;
61;1540;107.061824;1540;107.061824;CATEGORIA0;;1;1;0;1;;BMW X5 E70 07-*FRISO GRELHA ESQ P/CH FRT P/P;BMW X5 E70 07-*FRISO GRELHA ESQ P/CH FRT P/P;0;;
61;1540;107.061825;1540;107.061825;CATEGORIA0;;1;1;0;1;;BMW X5 E70 07-*SUPORTE CHAPA MATRICULA FRT;BMW X5 E70 07-*SUPORTE CHAPA MATRICULA FRT;0;;
61;1540;107.061860;1540;107.061860;CATEGORIA0;;1;1;0;1;;BMW X5 E70 07-*RESGUARDO INF MOTOR FRT;BMW X5 E70 07-*RESGUARDO INF MOTOR FRT;0;;
61;1540;107.061861;1540;107.061861;CATEGORIA0;;1;1;0;1;;BMW X5 E70 07-*RESGUARDO INF MOTOR TRÁS DRT;BMW X5 E70 07-*RESGUARDO INF MOTOR TRÁS DRT;0;;
61;1540;107.061862;1540;107.061862;CATEGORIA0;;1;1;0;1;;BMW X5 E70 07-*RESGUARDO INF MOTOR TRÁS ESQ;BMW X5 E70 07-*RESGUARDO INF MOTOR TRÁS ESQ;0;;
61;1540;107.062003;1540;107.062003;CATEGORIA0;;1;1;0;1;;BMW X3 11-*GRELHA INF P/CH FRT (PRETA)(ABERTA);BMW X3 11-*GRELHA INF P/CH FRT (PRETA)(ABERTA);0;;
61;1540;107.062004;1540;107.062004;CATEGORIA0;;1;1;0;1;;BMW X3 11-*GRELHA DRT (CROMADA/PRETA);BMW X3 11-*GRELHA DRT (CROMADA/PRETA);0;;
61;1540;107.062005;1540;107.062005;CATEGORIA0;;1;1;0;1;;BMW X3 11-*GRELHA ESQ (CROMADA/PRETA);BMW X3 11-*GRELHA ESQ (CROMADA/PRETA);0;;
61;1540;107.062007;1540;107.062007;CATEGORIA0;;1;1;0;1;;BMW X3 11-*REFORÇO P/CH FRT (ALUMINIO);BMW X3 11-*REFORÇO P/CH FRT (ALUMINIO);0;;
61;1540;107.062008;1540;107.062008;CATEGORIA0;;1;1;0;1;;BMW X3 11-*P/CH FRT SUP P/P (S/FURO LV/FAROIS);BMW X3 11-*P/CH FRT SUP P/P (S/FURO LV/FAROIS);0;;
61;1540;107.062009;1540;107.062009;CATEGORIA0;;1;1;0;1;;BMW X3 11-*P/CH FRT INF (C/FURO SENSOR);BMW X3 11-*P/CH FRT INF (C/FURO SENSOR);0;;
61;1540;107.062014;1540;107.062014;CATEGORIA0;;1;1;0;1;;BMW X3 11-*SPOILER P/CH FRT P/P;BMW X3 11-*SPOILER P/CH FRT P/P;0;;
61;1540;107.062015;1540;107.062015;CATEGORIA0;;1;1;0;1;;BMW X3 11-*GRELHA INF P/CH FRT (PRETA)(FECHADA);BMW X3 11-*GRELHA INF P/CH FRT (PRETA)(FECHADA);0;;
61;1540;107.062016;1540;107.062016;CATEGORIA0;;1;1;0;1;;BMW X3 11-*GRELHA SUP P/CH FRT (PRETA);BMW X3 11-*GRELHA SUP P/CH FRT (PRETA);0;;
61;1540;107.062028;1540;107.062028;CATEGORIA0;;1;1;0;1;;BMW X3 11-*P/CH FRT SUP P/P (C/FURO LV/FAROIS);BMW X3 11-*P/CH FRT SUP P/P (C/FURO LV/FAROIS);0;;
61;1540;107.062104;1540;107.062104;CATEGORIA0;;1;1;0;1;;BMW X3 03-*GRELHA DRT (CROMADA/PRETA);BMW X3 03-*GRELHA DRT (CROMADA/PRETA);0;;
61;1540;107.062105;1540;107.062105;CATEGORIA0;;1;1;0;1;;BMW X3 03-*GRELHA ESQ (CROMADA/PRETA);BMW X3 03-*GRELHA ESQ (CROMADA/PRETA);0;;
61;1540;107.062107;1540;107.062107;CATEGORIA0;;1;1;0;1;;BMW X3 03-*REFORÇO P/CH FRT (ALUMINIO);BMW X3 03-*REFORÇO P/CH FRT (ALUMINIO);0;;
61;1540;107.062146;1540;107.062146;CATEGORIA0;;1;1;0;1;;BMW X3 03-*RESGUARDO C/RODA FRT DRT;BMW X3 03-*RESGUARDO C/RODA FRT DRT;0;;
61;1540;107.062147;1540;107.062147;CATEGORIA0;;1;1;0;1;;BMW X3 03-*RESGUARDO C/RODA FRT ESQ;BMW X3 03-*RESGUARDO C/RODA FRT ESQ;0;;
61;1540;107.062160;1540;107.062160;CATEGORIA0;;1;1;0;1;;BMW X3 03-*RESGUARDO INF MOTOR CENTRAL;BMW X3 03-*RESGUARDO INF MOTOR CENTRAL;0;;
61;1540;107.062161;1540;107.062161;CATEGORIA0;;1;1;0;1;;BMW X3 03-*RESGUARDO INF MOTOR DRT;BMW X3 03-*RESGUARDO INF MOTOR DRT;0;;
61;1540;107.062162;1540;107.062162;CATEGORIA0;;1;1;0;1;;BMW X3 03-*RESGUARDO INF MOTOR ESQ;BMW X3 03-*RESGUARDO INF MOTOR ESQ;0;;
61;1540;107.062208;1540;107.062208;CATEGORIA0;;1;1;0;1;;BMW E46 3P COMPACT 01-*P/CH FRT P/P;BMW E46 3P COMPACT 01-*P/CH FRT P/P;0;;
61;1540;107.062303;1540;107.062303;CATEGORIA0;;1;1;0;1;;BMW S/7 E38 95-98*GRELHA ESQ (CROMADA/PRETA);BMW S/7 E38 95-98*GRELHA ESQ (CROMADA/PRETA);0;;
61;1540;107.062306;1540;107.062306;CATEGORIA0;;1;1;0;1;;BMW S/7 E38 95-02*GRELHA P/CH FRT;BMW S/7 E38 95-02*GRELHA P/CH FRT;0;;
61;1540;107.062307;1540;107.062307;CATEGORIA0;;1;1;0;1;;BMW S/7 E38 95-02*REFORÇO P/CH FRT (ALUMINIO);BMW S/7 E38 95-02*REFORÇO P/CH FRT (ALUMINIO);0;;
61;1540;107.062315;1540;107.062315;CATEGORIA0;;1;1;0;1;;BMW S/7 E38 95-02*FRISO P/CH FRT DRT P/P S/PDC;BMW S/7 E38 95-02*FRISO P/CH FRT DRT P/P S/PDC;0;;
61;1540;107.062318;1540;107.062318;CATEGORIA0;;1;1;0;1;;BMW S/7 E38 95-02*FRISO P/CH FRT ESQ CROMADO;BMW S/7 E38 95-02*FRISO P/CH FRT ESQ CROMADO;0;;
61;1540;107.062403;1540;107.062403;CATEGORIA0;;1;1;0;1;;BMW X1 09-12*GRELHA INF P/CH FRT;BMW X1 09-12*GRELHA INF P/CH FRT;0;;
61;1540;107.062404;1540;107.062404;CATEGORIA0;;1;1;0;1;;BMW X1 09-*GRELHA DRT (CROMADO/PRETA);BMW X1 09-*GRELHA DRT (CROMADO/PRETA);0;;
61;1540;107.062405;1540;107.062405;CATEGORIA0;;1;1;0;1;;BMW X1 09-*GRELHA ESQ (CROMADO/PRETA);BMW X1 09-*GRELHA ESQ (CROMADO/PRETA);0;;
61;1540;107.062407;1540;107.062407;CATEGORIA0;;1;1;0;1;;BMW X1 09-*REFORÇO P/CH FRT (CHAPA);BMW X1 09-*REFORÇO P/CH FRT (CHAPA);0;;
61;1540;107.062408;1540;107.062408;CATEGORIA0;;1;1;0;1;;BMW X1 09-*P/CH FRT P/P;BMW X1 09-*P/CH FRT P/P;0;;
61;1540;107.062409;1540;107.062409;CATEGORIA0;;1;1;0;1;;BMW X1 09-*P/CH FRT P/P (C/FURO LV/FAROIS);BMW X1 09-*P/CH FRT P/P (C/FURO LV/FAROIS);0;;
61;1540;107.062410;1540;107.062410;CATEGORIA0;;1;1;0;1;;BMW X1 09-*P/CH TRÁS SUP P/P;BMW X1 09-*P/CH TRÁS SUP P/P;0;;
61;1540;107.062503;1540;107.062503;CATEGORIA0;;1;1;0;1;;BMW S/3 E92 COUPE 06-*GRELHA CENTRAL P/CH FRT P/P;BMW S/3 E92 COUPE 06-*GRELHA CENTRAL P/CH FRT P/P;0;;
61;1540;107.062504;1540;107.062504;CATEGORIA0;;1;1;0;1;;BMW S/3 E92 COUPE 06-*GRELHA DRT (CROMADO/PRETA);BMW S/3 E92 COUPE 06-*GRELHA DRT (CROMADO/PRETA);0;;
61;1540;107.062505;1540;107.062505;CATEGORIA0;;1;1;0;1;;BMW S/3 E92 COUPE 06-*GRELHA ESQ (CROMADO/PRETA);BMW S/3 E92 COUPE 06-*GRELHA ESQ (CROMADO/PRETA);0;;
61;1540;107.062507;1540;107.062507;CATEGORIA0;;1;1;0;1;;BMW S/3 E92 COUPE 06-*REFORÇO P/CH FRT (CHAPA);BMW S/3 E92 COUPE 06-*REFORÇO P/CH FRT (CHAPA);0;;
61;1540;107.062508;1540;107.062508;CATEGORIA0;;1;1;0;1;;BMW S/3 E92 COUPE 06-*P/CH FRT P/P (C/FURO LV/FAROIS);BMW S/3 E92 COUPE 06-*P/CH FRT P/P (C/FURO LV/FAROIS);0;;
61;1540;107.062509;1540;107.062509;CATEGORIA0;;1;1;0;1;;BMW S/3 E92 COUPE 06-*SPOILER P/CH TRÁS (M-TEK);BMW S/3 E92 COUPE 06-*SPOILER P/CH TRÁS (M-TEK);0;;
61;1540;107.062510;1540;107.062510;CATEGORIA0;;1;1;0;1;;BMW S/3 E92 COUPE 06-*P/CH TRÁS P/P (C/FURO SENSOR);BMW S/3 E92 COUPE 06-*P/CH TRÁS P/P (C/FURO SENSOR);0;;
61;1540;107.062515;1540;107.062515;CATEGORIA0;;1;1;0;1;;BMW S/3 E92 COUPE 06-*SUPORTE CHAPA MATRICULA FRT(M-TEK);BMW S/3 E92 COUPE 06-*SUPORTE CHAPA MATRICULA FRT(M-TEK);0;;
61;1540;107.062516;1540;107.062516;CATEGORIA0;;1;1;0;1;;BMW S/3 E92 COUPE 06-*GRELHA DRT P/CH FRT (M-TEK);BMW S/3 E92 COUPE 06-*GRELHA DRT P/CH FRT (M-TEK);0;;
61;1540;107.062517;1540;107.062517;CATEGORIA0;;1;1;0;1;;BMW S/3 E92 COUPE 06-*GRELHA ESQ P/CH FRT (M-TEK);BMW S/3 E92 COUPE 06-*GRELHA ESQ P/CH FRT (M-TEK);0;;
61;1540;107.062518;1540;107.062518;CATEGORIA0;;1;1;0;1;;BMW S/3 E92 COUPE 06-*GRELHA CENTRAL P/CH FRT (M-TEK);BMW S/3 E92 COUPE 06-*GRELHA CENTRAL P/CH FRT (M-TEK);0;;
61;1540;107.062519;1540;107.062519;CATEGORIA0;;1;1;0;1;;BMW S/3 E92 COUPE 06-*GRELHA DRT P/CH FRT P/P;BMW S/3 E92 COUPE 06-*GRELHA DRT P/CH FRT P/P;0;;
61;1540;107.062520;1540;107.062520;CATEGORIA0;;1;1;0;1;;BMW S/3 E92 COUPE 06-*GRELHA ESQ P/CH FRT P/P;BMW S/3 E92 COUPE 06-*GRELHA ESQ P/CH FRT P/P;0;;
61;1540;107.062529;1540;107.062529;CATEGORIA0;;1;1;0;1;;BMW S/3 E92 COUPE 08-*P/CH FRT P/P (C/FURO LV/FAROIS) (M3);BMW S/3 E92 COUPE 08-*P/CH FRT P/P (C/FURO LV/FAROIS) (M3);0;;
61;1540;107.062604;1540;107.062604;CATEGORIA0;;1;1;0;1;;BMW X3 06-*GRELHA DRT (CROMADA/PRETA);BMW X3 06-*GRELHA DRT (CROMADA/PRETA);0;;
61;1540;107.062605;1540;107.062605;CATEGORIA0;;1;1;0;1;;BMW X3 06-*GRELHA ESQ (CROMADA/PRETA);BMW X3 06-*GRELHA ESQ (CROMADA/PRETA);0;;
61;1540;107.062607;1540;107.062607;CATEGORIA0;;1;1;0;1;;BMW X3 06-*REFORÇO P/CH FRT (ALUMINIO);BMW X3 06-*REFORÇO P/CH FRT (ALUMINIO);0;;
61;1540;107.062608;1540;107.062608;CATEGORIA0;;1;1;0;1;;BMW X3 06-*P/CH FRT P/P (S/FURO LV/FAROIS);BMW X3 06-*P/CH FRT P/P (S/FURO LV/FAROIS);0;;
61;1540;107.062609;1540;107.062609;CATEGORIA0;;1;1;0;1;;BMW X3 06-*P/CH FRT P/P (C/FURO LV/FAROIS);BMW X3 06-*P/CH FRT P/P (C/FURO LV/FAROIS);0;;
61;1540;107.062703;1540;107.062703;CATEGORIA0;;1;1;0;1;;BMW S/5 E60 07-*GRELHA CENTRAL P/CH FRT;BMW S/5 E60 07-*GRELHA CENTRAL P/CH FRT;0;;
61;1540;107.062707;1540;107.062707;CATEGORIA0;;1;1;0;1;;BMW S/5 E60 07-*REFORÇO P/CH FRT (ALUMINIO);BMW S/5 E60 07-*REFORÇO P/CH FRT (ALUMINIO);0;;
61;1540;107.062708;1540;107.062708;CATEGORIA0;;1;1;0;1;;BMW S/5 E60 07-*P/CH FRT P/P (C/FURO ESGUICHO)(S/FURO SENSOR;BMW S/5 E60 07-*P/CH FRT P/P (C/FURO ESGUICHO)(S/FURO SENSOR;0;;
61;1540;107.062709;1540;107.062709;CATEGORIA0;;1;1;0;1;;BMW S/5 E60 07-*P/CH FRT P/P (C/FURO LV/FAROIS)(C/FURO SENSO;BMW S/5 E60 07-*P/CH FRT P/P (C/FURO LV/FAROIS)(C/FURO SENSO;0;;
61;1540;107.062710;1540;107.062710;CATEGORIA0;;1;1;0;1;;BMW S/5 E60 07-*P/CH TRÁS P/P (C/FURO SENSOR);BMW S/5 E60 07-*P/CH TRÁS P/P (C/FURO SENSOR);0;;
61;1540;107.062715;1540;107.062715;CATEGORIA0;;1;1;0;1;;BMW S/5 E60 07-*GRELHA DRT P/CH FRT;BMW S/5 E60 07-*GRELHA DRT P/CH FRT;0;;
61;1540;107.062716;1540;107.062716;CATEGORIA0;;1;1;0;1;;BMW S/5 E60 07-*GRELHA ESQ P/CH FRT;BMW S/5 E60 07-*GRELHA ESQ P/CH FRT;0;;
61;1540;107.062804;1540;107.062804;CATEGORIA0;;1;1;0;1;;BMW S/3 E90 09-*GRELHA DRT (CROMADA/PRETA);BMW S/3 E90 09-*GRELHA DRT (CROMADA/PRETA);0;;
61;1540;107.062805;1540;107.062805;CATEGORIA0;;1;1;0;1;;GRELHA ESQ;GRELHA ESQ;0;;
61;1540;107.062808;1540;107.062808;CATEGORIA0;;1;1;0;1;;BMW S/3 E90 09-*P/CH FRT P/P;BMW S/3 E90 09-*P/CH FRT P/P;0;;
61;1540;107.062809;1540;107.062809;CATEGORIA0;;1;1;0;1;;BMW S/3 E90 09-*P/CH FRT P/P (C/FURO SENSOR)(C/FURO LV/FAROI;BMW S/3 E90 09-*P/CH FRT P/P (C/FURO SENSOR)(C/FURO LV/FAROI;0;;
61;1540;107.062810;1540;107.062810;CATEGORIA0;;1;1;0;1;;BMW S/3 E90 09-*P/CH TRÁS P/P (SEDAN);BMW S/3 E90 09-*P/CH TRÁS P/P (SEDAN);0;;
61;1540;107.062813;1540;107.062813;CATEGORIA0;;1;1;0;1;;BMW S/3 E90 09-*P/CH TRÁS P/P (C/FURO SENSOR)(SEDAN);BMW S/3 E90 09-*P/CH TRÁS P/P (C/FURO SENSOR)(SEDAN);0;;
61;1540;107.062815;1540;107.062815;CATEGORIA0;;1;1;0;1;;BMW S/3 E90 09-*GRELHA CENTRAL P/CH FRT;BMW S/3 E90 09-*GRELHA CENTRAL P/CH FRT;0;;
61;1540;107.062816;1540;107.062816;CATEGORIA0;;1;1;0;1;;BMW S/3 E90 09-*GRELHA DRT P/CH FRT;BMW S/3 E90 09-*GRELHA DRT P/CH FRT;0;;
61;1540;107.062817;1540;107.062817;CATEGORIA0;;1;1;0;1;;BMW S/3 E90 09-*GRELHA ESQ P/CH FRT;BMW S/3 E90 09-*GRELHA ESQ P/CH FRT;0;;
61;1540;107.062818;1540;107.062818;CATEGORIA0;;1;1;0;1;;BMW S/3 E90 09-*FRISO GRELHA P/CH FRT DRT PRETO;BMW S/3 E90 09-*FRISO GRELHA P/CH FRT DRT PRETO;0;;
61;1540;107.062819;1540;107.062819;CATEGORIA0;;1;1;0;1;;BMW S/3 E90 09-*FRISO GRELHA P/CH FRT ESQ PRETO;BMW S/3 E90 09-*FRISO GRELHA P/CH FRT ESQ PRETO;0;;
61;1540;107.062827;1540;107.062827;CATEGORIA0;;1;1;0;1;;BMW S/3 E90 09-*P/CH FRT P/P (C/FURO SENSOR);BMW S/3 E90 09-*P/CH FRT P/P (C/FURO SENSOR);0;;
61;1540;107.062828;1540;107.062828;CATEGORIA0;;1;1;0;1;;BMW S/3 E90 09-*P/CH FRT P/P (S/FURO SENSOR)(C/FURO LV/FAROI;BMW S/3 E90 09-*P/CH FRT P/P (S/FURO SENSOR)(C/FURO LV/FAROI;0;;
61;1540;107.063102;1540;107.063102;CATEGORIA0;;1;1;0;1;;BMW S/5 F10 10-*REFORÇO P/CH FRT INF;BMW S/5 F10 10-*REFORÇO P/CH FRT INF;0;;
61;1540;107.063103;1540;107.063103;CATEGORIA0;;1;1;0;1;;BMW S/5 F10 10-*GRELHA CENTRAL P/CH FRT (PRETA);BMW S/5 F10 10-*GRELHA CENTRAL P/CH FRT (PRETA);0;;
61;1540;107.063104;1540;107.063104;CATEGORIA0;;1;1;0;1;;BMW S/5 F10 10-*GRELHA DRT(CROM/CROM/PRETA);BMW S/5 F10 10-*GRELHA DRT(CROM/CROM/PRETA);0;;
61;1540;107.063105;1540;107.063105;CATEGORIA0;;1;1;0;1;;BMW S/5 F10 10-*GRELHA ESQ (CROMADO/CROMADO/PRETA);BMW S/5 F10 10-*GRELHA ESQ (CROMADO/CROMADO/PRETA);0;;
61;1540;107.063107;1540;107.063107;CATEGORIA0;;1;1;0;1;;BMW S/5 F10 10-*REFORÇO P/CH FRT (ALUMINIO);BMW S/5 F10 10-*REFORÇO P/CH FRT (ALUMINIO);0;;
61;1540;107.063108;1540;107.063108;CATEGORIA0;;1;1;0;1;;BMW S/5 F10 10-*P/CH FRT P/P (C/FURO LV/FAROIS)(S/FURO SENSO;BMW S/5 F10 10-*P/CH FRT P/P (C/FURO LV/FAROIS)(S/FURO SENSO;0;;
61;1540;107.063110;1540;107.063110;CATEGORIA0;;1;1;0;1;;BMW S/5 F10 10-*P/CH TRÁS P/P (C/FURO SENSOR);BMW S/5 F10 10-*P/CH TRÁS P/P (C/FURO SENSOR);0;;
61;1540;107.063115;1540;107.063115;CATEGORIA0;;1;1;0;1;;BMW S/5 F10 10-*GRELHA DRT P/CH FRT (PRETA);BMW S/5 F10 10-*GRELHA DRT P/CH FRT (PRETA);0;;
61;1540;107.063116;1540;107.063116;CATEGORIA0;;1;1;0;1;;BMW S/5 F10 10-*GRELHA ESQ P/CH FRT (PRETA);BMW S/5 F10 10-*GRELHA ESQ P/CH FRT (PRETA);0;;
61;1540;107.063117;1540;107.063117;CATEGORIA0;;1;1;0;1;;BMW S/5 F10 10-*FRISO P/P GRELHA DRT P/CH FRT;BMW S/5 F10 10-*FRISO P/P GRELHA DRT P/CH FRT;0;;
61;1540;107.063118;1540;107.063118;CATEGORIA0;;1;1;0;1;;BMW S/5 F10 10-*FRISO P/P GRELHA ESQ P/CH FRT;BMW S/5 F10 10-*FRISO P/P GRELHA ESQ P/CH FRT;0;;
61;1540;107.063127;1540;107.063127;CATEGORIA0;;1;1;0;1;;BMW S/5 F10 10-*P/CH FRT P/P (C/FURO LV/FAROIS)(C/FURO SENSO;BMW S/5 F10 10-*P/CH FRT P/P (C/FURO LV/FAROIS)(C/FURO SENSO;0;;
61;1540;107.063146;1540;107.063146;CATEGORIA0;;1;1;0;1;;BMW S/5 F10 10-*RESGUARDO C/RODA FRT DRT (FRT);BMW S/5 F10 10-*RESGUARDO C/RODA FRT DRT (FRT);0;;
61;1540;107.063147;1540;107.063147;CATEGORIA0;;1;1;0;1;;BMW S/5 F10 10-*RESGUARDO C/RODA FRT ESQ (FRT);BMW S/5 F10 10-*RESGUARDO C/RODA FRT ESQ (FRT);0;;
61;1540;107.063148;1540;107.063148;CATEGORIA0;;1;1;0;1;;BMW S/5 F10 10-*RESGUARDO C/RODA FRT DRT (TRAS);BMW S/5 F10 10-*RESGUARDO C/RODA FRT DRT (TRAS);0;;
61;1540;107.063149;1540;107.063149;CATEGORIA0;;1;1;0;1;;BMW S/5 F10 10-*RESGUARDO C/RODA FRT ESQ (TRAS);BMW S/5 F10 10-*RESGUARDO C/RODA FRT ESQ (TRAS);0;;
61;1540;107.063160;1540;107.063160;CATEGORIA0;;1;1;0;1;;BMW S/5 F10 10-*RESGUARDO INF MOTOR;BMW S/5 F10 10-*RESGUARDO INF MOTOR;0;;
61;1540;107.063203;1540;107.063203;CATEGORIA0;;1;1;0;1;;BMW X5 E53 04-06*GRELHA INF P/CH FRT;BMW X5 E53 04-06*GRELHA INF P/CH FRT;0;;
61;1540;107.063204;1540;107.063204;CATEGORIA0;;1;1;0;1;;BMW X5 E53 04-06*GRELHA DRT (CROMADA/PRETA);BMW X5 E53 04-06*GRELHA DRT (CROMADA/PRETA);0;;
61;1540;107.063205;1540;107.063205;CATEGORIA0;;1;1;0;1;;BMW X5 E53 04-06*GRELHA ESQ (CROMADA/PRETA);BMW X5 E53 04-06*GRELHA ESQ (CROMADA/PRETA);0;;
61;1540;107.063208;1540;107.063208;CATEGORIA0;;1;1;0;1;;BMW X5 E53 04-06*P/CH FRT P/P (S/FURO SENSOR)(C/FURO LV/FARO;BMW X5 E53 04-06*P/CH FRT P/P (S/FURO SENSOR)(C/FURO LV/FARO;0;;
61;1540;107.063209;1540;107.063209;CATEGORIA0;;1;1;0;1;;BMW X5 E53 04-06*P/CH FRT P/P (C/FURO SENSOR)(C/FURO LV/FARO;BMW X5 E53 04-06*P/CH FRT P/P (C/FURO SENSOR)(C/FURO LV/FARO;0;;
61;1540;107.063215;1540;107.063215;CATEGORIA0;;1;1;0;1;;BMW X5 E53 04-06*GRELHA SUP DRT P/CH FRT;BMW X5 E53 04-06*GRELHA SUP DRT P/CH FRT;0;;
61;1540;107.063216;1540;107.063216;CATEGORIA0;;1;1;0;1;;BMW X5 E53 04-06*GRELHA SUP ESQ P/CH FRT;BMW X5 E53 04-06*GRELHA SUP ESQ P/CH FRT;0;;
61;1540;107.063302;1540;107.063302;CATEGORIA0;;1;1;0;1;;BMW S/3 F30 12-*REFORÇO P/CH FRT INF (CHAPA);BMW S/3 F30 12-*REFORÇO P/CH FRT INF (CHAPA);0;;
61;1540;107.063303;1540;107.063303;CATEGORIA0;;1;1;0;1;;GRELHA;GRELHA;0;;
61;1540;107.063304;1540;107.063304;CATEGORIA0;;1;1;0;1;;GRELHA DTA;GRELHA DTA;0;;
61;1540;107.063305;1540;107.063305;CATEGORIA0;;1;1;0;1;;GRELHA ESQ;GRELHA ESQ;0;;
61;1540;107.063306;1540;107.063306;CATEGORIA0;;1;1;0;1;;BMW S/3 F30 12-*REFORÇO P/CH TRÁS;BMW S/3 F30 12-*REFORÇO P/CH TRÁS;0;;
61;1540;107.063307;1540;107.063307;CATEGORIA0;;1;1;0;1;;BMW S/3 F30 12-*REFORÇO P/CH FRT (ALUMINIO);BMW S/3 F30 12-*REFORÇO P/CH FRT (ALUMINIO);0;;
61;1540;107.063308;1540;107.063308;CATEGORIA0;;1;1;0;1;;BMW S/3 F30/31 12-*P/CH FRT P/P (S/FURO LV/FAROIS)(S/FURO SE;BMW S/3 F30/31 12-*P/CH FRT P/P (S/FURO LV/FAROIS)(S/FURO SE;0;;
61;1540;107.063309;1540;107.063309;CATEGORIA0;;1;1;0;1;;PARA-CHOQUES FRENTE;PARA-CHOQUES FRENTE;0;;
61;1540;107.063310;1540;107.063310;CATEGORIA0;;1;1;0;1;;BMW S/3 F30 12-*P/CH TRÁS  P/P (C/FUROS SENSOR);BMW S/3 F30 12-*P/CH TRÁS  P/P (C/FUROS SENSOR);0;;
61;1540;107.063313;1540;107.063313;CATEGORIA0;;1;1;0;1;;BMW S/3 F30 12-*P/CH TRÁS  P/P (C/FURO SENSOR)(MOD LUXURY);BMW S/3 F30 12-*P/CH TRÁS  P/P (C/FURO SENSOR)(MOD LUXURY);0;;
61;1540;107.063315;1540;107.063315;CATEGORIA0;;1;1;0;1;;BMW S/3 F30 12-*GRELHA DRT (CROMADA/PRETA)(LUXURY);BMW S/3 F30 12-*GRELHA DRT (CROMADA/PRETA)(LUXURY);0;;
61;1540;107.063316;1540;107.063316;CATEGORIA0;;1;1;0;1;;BMW S/3 F30 12-*GRELHA ESQ (CROMADA/PRETA)(LUXURY);BMW S/3 F30 12-*GRELHA ESQ (CROMADA/PRETA)(LUXURY);0;;
61;1540;107.063317;1540;107.063317;CATEGORIA0;;1;1;0;1;;GRELHA;GRELHA;0;;
61;1540;107.063318;1540;107.063318;CATEGORIA0;;1;1;0;1;;GRELHA;GRELHA;0;;
61;1540;107.063319;1540;107.063319;CATEGORIA0;;1;1;0;1;;BMW S/3 F30 12-*GRELHA DRT P/CH FRT (C/FURO FAROL)(LUXURY);BMW S/3 F30 12-*GRELHA DRT P/CH FRT (C/FURO FAROL)(LUXURY);0;;
61;1540;107.063320;1540;107.063320;CATEGORIA0;;1;1;0;1;;BMW S/3 F30 12-*GRELHA ESQ P/CH FRT (C/FURO FAROL)(LUXURY);BMW S/3 F30 12-*GRELHA ESQ P/CH FRT (C/FURO FAROL)(LUXURY);0;;
61;1540;107.063322;1540;107.063322;CATEGORIA0;;1;1;0;1;;BMW S/3 F30 12-*GRELHA P/CH FRT (FECHADA);BMW S/3 F30 12-*GRELHA P/CH FRT (FECHADA);0;;
61;1540;107.063323;1540;107.063323;CATEGORIA0;;1;1;0;1;;GRELHA DTA;GRELHA DTA;0;;
61;1540;107.063324;1540;107.063324;CATEGORIA0;;1;1;0;1;;GRELHA ESQ;GRELHA ESQ;0;;
61;1540;107.063325;1540;107.063325;CATEGORIA0;;1;1;0;1;;FRISO GRELHA DTA. P/CHOQUE FRT.;FRISO GRELHA DTA. P/CHOQUE FRT.;0;;
61;1540;107.063326;1540;107.063326;CATEGORIA0;;1;1;0;1;;FRISO GRELHA;FRISO GRELHA;0;;
61;1540;107.063327;1540;107.063327;CATEGORIA0;;1;1;0;1;;BMW S/3 F30 12-*P/CH FRT P/P (C/FURO L/FAROIS)(S/FURO SENSOR;BMW S/3 F30 12-*P/CH FRT P/P (C/FURO L/FAROIS)(S/FURO SENSOR;0;;
61;1540;107.063328;1540;107.063328;CATEGORIA0;;1;1;0;1;;BMW S/3 F30 12-*P/CH FRT P/P (C/FURO L/FAROIS)(C/4 FUROS SEN;BMW S/3 F30 12-*P/CH FRT P/P (C/FURO L/FAROIS)(C/4 FUROS SEN;0;;
61;1540;107.063329;1540;107.063329;CATEGORIA0;;1;1;0;1;;BMW S/3 F30 12-*P/CH FRT P/P (S/FURO L/FAROIS)(C/4 FUROS SEN;BMW S/3 F30 12-*P/CH FRT P/P (S/FURO L/FAROIS)(C/4 FUROS SEN;0;;
61;1540;107.063332;1540;107.063332;CATEGORIA0;;1;1;0;1;;BMW S/3 F30 12-*FRISO GRELHA DRT P/CH FRT CROMADO(LUXURY);BMW S/3 F30 12-*FRISO GRELHA DRT P/CH FRT CROMADO(LUXURY);0;;
61;1540;107.063333;1540;107.063333;CATEGORIA0;;1;1;0;1;;BMW S/3 F30 12-*FRISO GRELHA ESQ P/CH FRT CROMADO(LUXURY);BMW S/3 F30 12-*FRISO GRELHA ESQ P/CH FRT CROMADO(LUXURY);0;;
61;1540;107.063334;1540;107.063334;CATEGORIA0;;1;1;0;1;;BMW S/3 F30/F31 12-*SUPORTE DRT P/CH FRT(PLASTICO);BMW S/3 F30/F31 12-*SUPORTE DRT P/CH FRT(PLASTICO);0;;
61;1540;107.063335;1540;107.063335;CATEGORIA0;;1;1;0;1;;BMW S/3 F30/F31 12-*SUPORTE ESQ P/CH FRT(PLASTICO);BMW S/3 F30/F31 12-*SUPORTE ESQ P/CH FRT(PLASTICO);0;;
61;1540;107.063346;1540;107.063346;CATEGORIA0;;1;1;0;1;;BMW S/3 F30/F31 12-*RESGUARDO C/RODA FRT DRT(FRT);BMW S/3 F30/F31 12-*RESGUARDO C/RODA FRT DRT(FRT);0;;
61;1540;107.063347;1540;107.063347;CATEGORIA0;;1;1;0;1;;BMW S/3 F30/F31 12-*RESGUARDO C/RODA FRT ESQ(FRT);BMW S/3 F30/F31 12-*RESGUARDO C/RODA FRT ESQ(FRT);0;;
61;1540;107.063403;1540;107.063403;CATEGORIA0;;1;1;0;1;;GRELHA CENTRAL;GRELHA CENTRAL;0;;
61;1540;107.063404;1540;107.063404;CATEGORIA0;;1;1;0;1;;BMW S/1 F20/F21 12-*GRELHA DRT (CROMADO/PRETA);BMW S/1 F20/F21 12-*GRELHA DRT (CROMADO/PRETA);0;;
61;1540;107.063405;1540;107.063405;CATEGORIA0;;1;1;0;1;;BMW S/1 F20/F21 12-*GRELHA ESQ (CROMADO/PRETA);BMW S/1 F20/F21 12-*GRELHA ESQ (CROMADO/PRETA);0;;
61;1540;107.063407;1540;107.063407;CATEGORIA0;;1;1;0;1;;BMW S/1 F20/F21 12-*REFORÇO P/CH FRT (ALUMINIO);BMW S/1 F20/F21 12-*REFORÇO P/CH FRT (ALUMINIO);0;;
61;1540;107.063408;1540;107.063408;CATEGORIA0;;1;1;0;1;;BMW S/1 F20/F21 12-*P/CH FRT P/PINTAR;BMW S/1 F20/F21 12-*P/CH FRT P/PINTAR;0;;
61;1540;107.063409;1540;107.063409;CATEGORIA0;;1;1;0;1;;BMW S/1 F20/F21 12-*P/CH FRT P/PINTAR C/LVF;BMW S/1 F20/F21 12-*P/CH FRT P/PINTAR C/LVF;0;;
61;1540;107.063410;1540;107.063410;CATEGORIA0;;1;1;0;1;;BMW S/1 F20/F21 12-*P/CH TRÁS P/P (C/FURO SENSOR);BMW S/1 F20/F21 12-*P/CH TRÁS P/P (C/FURO SENSOR);0;;
61;1540;107.063413;1540;107.063413;CATEGORIA0;;1;1;0;1;;BMW S/1 F20/F21 12-*P/CH TRÁS P/P (C/FURO SENSOR)(URBAN/SPOR;BMW S/1 F20/F21 12-*P/CH TRÁS P/P (C/FURO SENSOR)(URBAN/SPOR;0;;
61;1540;107.063415;1540;107.063415;CATEGORIA0;;1;1;0;1;;BMW S/1 F20/F21 12-*GRELHA P/CH FRT DRT(ABERTA);BMW S/1 F20/F21 12-*GRELHA P/CH FRT DRT(ABERTA);0;;
61;1540;107.063416;1540;107.063416;CATEGORIA0;;1;1;0;1;;BMW S/1 F20/F21 12-*GRELHA ESQ P/CH FRT( ABERTA);BMW S/1 F20/F21 12-*GRELHA ESQ P/CH FRT( ABERTA);0;;
61;1540;107.063417;1540;107.063417;CATEGORIA0;;1;1;0;1;;BMW S/1 F20/F21 12-*GRELHA P/CH FRT DRT(FECHADA);BMW S/1 F20/F21 12-*GRELHA P/CH FRT DRT(FECHADA);0;;
61;1540;107.063418;1540;107.063418;CATEGORIA0;;1;1;0;1;;BMW S/1 F20/F21 12-*GRELHA ESQ P/CH FRT (FECHADA);BMW S/1 F20/F21 12-*GRELHA ESQ P/CH FRT (FECHADA);0;;
61;1540;107.063420;1540;107.063420;CATEGORIA0;;1;1;0;1;;BMW S/1 F20/F21 12-* SUPORTE ESQ  REFORÇO P/CH FR;BMW S/1 F20/F21 12-* SUPORTE ESQ  REFORÇO P/CH FR;0;;
61;1540;107.063446;1540;107.063446;CATEGORIA0;;1;1;0;1;;BMW S/1 F20/F21 12-*RESGUARDO C/RODA FRT DRT (FRT);BMW S/1 F20/F21 12-*RESGUARDO C/RODA FRT DRT (FRT);0;;
61;1540;107.063447;1540;107.063447;CATEGORIA0;;1;1;0;1;;BMW S/1 F20/F21 12-*RESGUARDO C/RODA FRT ESQ (FRT);BMW S/1 F20/F21 12-*RESGUARDO C/RODA FRT ESQ (FRT);0;;
61;1540;107.063460;1540;107.063460;CATEGORIA0;;1;1;0;1;;RESGUARDO INF. MOTOR BMW;RESGUARDO INF. MOTOR BMW;0;;
61;1540;107.063507;1540;107.063507;CATEGORIA0;;1;1;0;1;;BMW X5 E70 10-*REFORÇO P/CH FRT (CHAPA);BMW X5 E70 10-*REFORÇO P/CH FRT (CHAPA);0;;
61;1540;107.063509;1540;107.063509;CATEGORIA0;;1;1;0;1;;BMW X5 E70 10-*P/CH FRT INF (S/FURO SENSOR);BMW X5 E70 10-*P/CH FRT INF (S/FURO SENSOR);0;;
61;1540;107.063513;1540;107.063513;CATEGORIA0;;1;1;0;1;;BMW X5 E70 10-*P/CH FRT INF (C/FURO SENSOR);BMW X5 E70 10-*P/CH FRT INF (C/FURO SENSOR);0;;
61;1540;107.063514;1540;107.063514;CATEGORIA0;;1;1;0;1;;BMW X5 E70 10-*P/CH TRÁS INF (C/FURO SENSOR);BMW X5 E70 10-*P/CH TRÁS INF (C/FURO SENSOR);0;;
61;1540;107.063515;1540;107.063515;CATEGORIA0;;1;1;0;1;;BMW X5 E70 10-*GRELHA DRT P/CH FRT (FECHADA);BMW X5 E70 10-*GRELHA DRT P/CH FRT (FECHADA);0;;
61;1540;107.063516;1540;107.063516;CATEGORIA0;;1;1;0;1;;BMW X5 E70 10-*GRELHA ESQ P/CH FRT (FECHADA);BMW X5 E70 10-*GRELHA ESQ P/CH FRT (FECHADA);0;;
61;1540;107.063517;1540;107.063517;CATEGORIA0;;1;1;0;1;;BMW X5 E70 10-*GRELHA DRT P/CH FRT (ABERTA);BMW X5 E70 10-*GRELHA DRT P/CH FRT (ABERTA);0;;
61;1540;107.063518;1540;107.063518;CATEGORIA0;;1;1;0;1;;BMW X5 E70 10-*GRELHA ESQ P/CH FRT (ABERTA);BMW X5 E70 10-*GRELHA ESQ P/CH FRT (ABERTA);0;;
61;1540;107.063520;1540;107.063520;CATEGORIA0;;1;1;0;1;;BMW X5 E70 10-*FRISO GRELHA P/CH FRT ESQ P/P;BMW X5 E70 10-*FRISO GRELHA P/CH FRT ESQ P/P;0;;
61;1540;107.063521;1540;107.063521;CATEGORIA0;;1;1;0;1;;BMW X5 E70 10-*CANTO P/CH TRÁS DRT;BMW X5 E70 10-*CANTO P/CH TRÁS DRT;0;;
61;1540;107.063522;1540;107.063522;CATEGORIA0;;1;1;0;1;;BMW X5 E70 10-*CANTO P/CH TRÁS ESQ;BMW X5 E70 10-*CANTO P/CH TRÁS ESQ;0;;
61;1540;107.063704;1540;107.063704;CATEGORIA0;;1;1;0;1;;BMW S/2 F45/F46 14-*GRELHA DRT (CROMADA/PRETA);BMW S/2 F45/F46 14-*GRELHA DRT (CROMADA/PRETA);0;;
61;1540;107.063705;1540;107.063705;CATEGORIA0;;1;1;0;1;;BMW S/2 F45/F46 14-*GRELHA ESQ (CROMADA/PRETA);BMW S/2 F45/F46 14-*GRELHA ESQ (CROMADA/PRETA);0;;
61;1540;107.063708;1540;107.063708;CATEGORIA0;;1;1;0;1;;BMW S/2 F45/F46 14-*P/CH FRT P/P (MOD BASE);BMW S/2 F45/F46 14-*P/CH FRT P/P (MOD BASE);0;;
61;1540;107.063709;1540;107.063709;CATEGORIA0;;1;1;0;1;;BMW S/2 F45/F46 14-*P/CH FRT P/P (C/FURO SENSOR)(MOD BASE);BMW S/2 F45/F46 14-*P/CH FRT P/P (C/FURO SENSOR)(MOD BASE);0;;
61;1540;107.064508;1540;107.064508;CATEGORIA0;;1;1;0;1;;BMW S/3 F30/31 12-*P/CH FRT P/P(S/FURO LV/FAROIS)(S/FUROS SE;BMW S/3 F30/31 12-*P/CH FRT P/P(S/FURO LV/FAROIS)(S/FUROS SE;0;;
61;1540;107.064509;1540;107.064509;CATEGORIA0;;1;1;0;1;;BMW S/3 F30/31 12-*P/CH FRT P/P(S/FURO LV/FAROIS)(C/4 FUROS;BMW S/3 F30/31 12-*P/CH FRT P/P(S/FURO LV/FAROIS)(C/4 FUROS;0;;
61;1540;107.064525;1540;107.064525;CATEGORIA0;;1;1;0;1;;BMW S/3 F30/31 12-*P/CH FRT P/P(C/FURO LV/FAROIS)(S/FURO SEN;BMW S/3 F30/31 12-*P/CH FRT P/P(C/FURO LV/FAROIS)(S/FURO SEN;0;;
61;1540;107.064526;1540;107.064526;CATEGORIA0;;1;1;0;1;;BMW S/3 F30/31 12-*P/CH FRT P/P(C/FURO LV/FAROIS)(C/4FUROS S;BMW S/3 F30/31 12-*P/CH FRT P/P(C/FURO LV/FAROIS)(C/4FUROS S;0;;
61;1540;107.064527;1540;107.064527;CATEGORIA0;;1;1;0;1;;BMW S/3 F30/31 12-*P/CH FRT P/P(C/FURO LV/FAROIS)(C/6FUROS S;BMW S/3 F30/31 12-*P/CH FRT P/P(C/FURO LV/FAROIS)(C/6FUROS S;0;;
61;1540;107.064718;1540;107.064718;CATEGORIA0;;1;1;0;1;;GRELHA ESQ P/CH FRT;GRELHA ESQ P/CH FRT;0;;
61;1540;107.070209;1540;107.070209;CATEGORIA0;;1;1;0;1;;CITROEN AX 92-*P/CH FRT P/P;CITROEN AX 92-*P/CH FRT P/P;0;;
61;1540;107.071008;1540;107.071008;CATEGORIA0;;1;1;0;1;;CITROEN ZX 91-*P/CH FRT;CITROEN ZX 91-*P/CH FRT;0;;
61;1540;107.071203;1540;107.071203;CATEGORIA0;;1;1;0;1;;CITROEN C15 89-*FRISO LAT. FAROL DRT.;CITROEN C15 89-*FRISO LAT. FAROL DRT.;0;;
61;1540;107.071204;1540;107.071204;CATEGORIA0;;1;1;0;1;;CITROEN C15 89-*FRISO LATERAL FAROL ESQ;CITROEN C15 89-*FRISO LATERAL FAROL ESQ;0;;
61;1540;107.071205;1540;107.071205;CATEGORIA0;;1;1;0;1;;CITROEN C15 89-*GRELHA;CITROEN C15 89-*GRELHA;0;;
61;1540;107.071207;1540;107.071207;CATEGORIA0;;1;1;0;1;;CITROEN C15 89-*REFORÇO P/CH FRT;CITROEN C15 89-*REFORÇO P/CH FRT;0;;
61;1540;107.071208;1540;107.071208;CATEGORIA0;;1;1;0;1;;CITROEN C15 89-*P/CH FRT (C/FURO FAROLINS);CITROEN C15 89-*P/CH FRT (C/FURO FAROLINS);0;;
61;1540;107.071210;1540;107.071210;CATEGORIA0;;1;1;0;1;;CITROEN C15 89-*CENTRO P/CH TRÁS;CITROEN C15 89-*CENTRO P/CH TRÁS;0;;
61;1540;107.071214;1540;107.071214;CATEGORIA0;;1;1;0;1;;CITROEN C15 89-*CANTO P/CH TRÁS DRT;CITROEN C15 89-*CANTO P/CH TRÁS DRT;0;;
61;1540;107.071215;1540;107.071215;CATEGORIA0;;1;1;0;1;;CITROEN C15 89-*CANTO P/CH TRÁS ESQ;CITROEN C15 89-*CANTO P/CH TRÁS ESQ;0;;
61;1540;107.071229;1540;107.071229;CATEGORIA0;;1;1;0;1;;CITROEN C15 89-*SUPORTE VENTOINHAS;CITROEN C15 89-*SUPORTE VENTOINHAS;0;;
61;1540;107.071347;1540;107.071347;CATEGORIA0;;1;1;0;1;;CITROEN XANTIA*RESGUARDO C/RODA FRT ESQ;CITROEN XANTIA*RESGUARDO C/RODA FRT ESQ;0;;
61;1540;107.071604;1540;107.071604;CATEGORIA0;;1;1;0;1;;CITROEN SAXO 97-*GRELHA P/PINTAR;CITROEN SAXO 97-*GRELHA P/PINTAR;0;;
61;1540;107.071605;1540;107.071605;CATEGORIA0;;1;1;0;1;;CITROEN SAXO 96-*GRELHA P/P;CITROEN SAXO 96-*GRELHA P/P;0;;
61;1540;107.071606;1540;107.071606;CATEGORIA0;;1;1;0;1;;CITROEN SAXO 96-*REFORÇO P/CH TRÁS;CITROEN SAXO 96-*REFORÇO P/CH TRÁS;0;;
61;1540;107.071607;1540;107.071607;CATEGORIA0;;1;1;0;1;;CITROEN SAXO 96-*P/CH FRT TODO P/PINTAR;CITROEN SAXO 96-*P/CH FRT TODO P/PINTAR;0;;
61;1540;107.071608;1540;107.071608;CATEGORIA0;;1;1;0;1;;CITROEN SAXO 96-*P/CH FRT P/PINT METADE;CITROEN SAXO 96-*P/CH FRT P/PINT METADE;0;;
61;1540;107.071609;1540;107.071609;CATEGORIA0;;1;1;0;1;;CITROEN SAXO 96-*P/CH FRT P/P (METADE)(C/FURO);CITROEN SAXO 96-*P/CH FRT P/P (METADE)(C/FURO);0;;
61;1540;107.071610;1540;107.071610;CATEGORIA0;;1;1;0;1;;CITROEN SAXO 96-*P/CH TRÁS P/P METADE;CITROEN SAXO 96-*P/CH TRÁS P/P METADE;0;;
61;1540;107.071613;1540;107.071613;CATEGORIA0;;1;1;0;1;;CITROEN SAXO 96-*P/CH TRÁS TODO P/P;CITROEN SAXO 96-*P/CH TRÁS TODO P/P;0;;
61;1540;107.071616;1540;107.071616;CATEGORIA0;;1;1;0;1;;CITROEN SAXO VTS 96-*P/CH FRT P/P (C/FURO);CITROEN SAXO VTS 96-*P/CH FRT P/P (C/FURO);0;;
61;1540;107.071617;1540;107.071617;CATEGORIA0;;1;1;0;1;;CITROEN SAXO 96-*P/CH FRT C/FUR TODO P/P;CITROEN SAXO 96-*P/CH FRT C/FUR TODO P/P;0;;
61;1540;107.071618;1540;107.071618;CATEGORIA0;;1;1;0;1;;CITROEN SAXO VTS 96-*P/CH TRÁS P/P (METADE);CITROEN SAXO VTS 96-*P/CH TRÁS P/P (METADE);0;;
61;1540;107.071702;1540;107.071702;CATEGORIA0;;1;1;0;1;;FRISO INF. FAROL DTO. BERL/PARTN;FRISO INF. FAROL DTO. BERL/PARTN;0;;
61;1540;107.071703;1540;107.071703;CATEGORIA0;;1;1;0;1;;CITROEN BERLINGO/PARTNER*FRISO INF FAROL ESQ;CITROEN BERLINGO/PARTNER*FRISO INF FAROL ESQ;0;;
61;1540;107.071704;1540;107.071704;CATEGORIA0;;1;1;0;1;;CITROEN BERLINGO 99-*GRELHA;CITROEN BERLINGO 99-*GRELHA;0;;
61;1540;107.071705;1540;107.071705;CATEGORIA0;;1;1;0;1;;CITROEN BERLINGO*GRELHA;CITROEN BERLINGO*GRELHA;0;;
61;1540;107.071706;1540;107.071706;CATEGORIA0;;1;1;0;1;;PARA-CHOQUES FRENTE;PARA-CHOQUES FRENTE;0;;
61;1540;107.071708;1540;107.071708;CATEGORIA0;;1;1;0;1;;CITROEN BERLINGO/PARTNER*P/CHOQUES FRT;CITROEN BERLINGO/PARTNER*P/CHOQUES FRT;0;;
61;1540;107.071709;1540;107.071709;CATEGORIA0;;1;1;0;1;;CITROEN BERLINGO/PARTNER*P/C FRT P/PINT (METADE);CITROEN BERLINGO/PARTNER*P/C FRT P/PINT (METADE);0;;
61;1540;107.071710;1540;107.071710;CATEGORIA0;;1;1;0;1;;CITROEN BERLINGO/PARTNER*96/02-*P/CH TRÁS PRETO;CITROEN BERLINGO/PARTNER*96/02-*P/CH TRÁS PRETO;0;;
61;1540;107.071713;1540;107.071713;CATEGORIA0;;1;1;0;1;;BERLINGO/PARTNER*96/02-P/CHOQ. TR.;BERLINGO/PARTNER*96/02-P/CHOQ. TR.;0;;
61;1540;107.071715;1540;107.071715;CATEGORIA0;;1;1;0;1;;CITROEN BERLINGO/PARTNER 96/02-*P/CH TRÁS C/FRISO;CITROEN BERLINGO/PARTNER 96/02-*P/CH TRÁS C/FRISO;0;;
61;1540;107.071716;1540;107.071716;CATEGORIA0;;1;1;0;1;;CITROEN BERLINGO/PARTNER*P/CH FRT TODO P/P;CITROEN BERLINGO/PARTNER*P/CH FRT TODO P/P;0;;
61;1540;107.071717;1540;107.071717;CATEGORIA0;;1;1;0;1;;CITROEN BERLINGO/PARTNER 96/02-*P/CH TRÁS TODO P/P;CITROEN BERLINGO/PARTNER 96/02-*P/CH TRÁS TODO P/P;0;;
61;1540;107.071746;1540;107.071746;CATEGORIA0;;1;1;0;1;;CITROEN BERLINGO/PARTNER*RESG C/RODA FRT DRT;CITROEN BERLINGO/PARTNER*RESG C/RODA FRT DRT;0;;
61;1540;107.071747;1540;107.071747;CATEGORIA0;;1;1;0;1;;CITROEN BERLINGO/PARTNER*RESG C/RODA FRT ESQ;CITROEN BERLINGO/PARTNER*RESG C/RODA FRT ESQ;0;;
61;1540;107.071748;1540;107.071748;CATEGORIA0;;1;1;0;1;;CITROEN BERLINGO/PARTNER*RESGUARDO C/RODA FRT DRT INF;CITROEN BERLINGO/PARTNER*RESGUARDO C/RODA FRT DRT INF;0;;
61;1540;107.071749;1540;107.071749;CATEGORIA0;;1;1;0;1;;CITROEN BERLINGO/PARTNER*RESGUARDO C/RODA FRT ESQ INF;CITROEN BERLINGO/PARTNER*RESGUARDO C/RODA FRT ESQ INF;0;;
61;1540;107.071760;1540;107.071760;CATEGORIA0;;1;1;0;1;;CITROEN BERLINGO/PARTNER/XSARA/306 96-*RESGUARDO INF MOTOR;CITROEN BERLINGO/PARTNER/XSARA/306 96-*RESGUARDO INF MOTOR;0;;
61;1540;107.071761;1540;107.071761;CATEGORIA0;;1;1;0;1;;CITROEN BERLINGO/PARTNER 96-*RESGUARDO INF MOTOR ESQ(DIESEL);CITROEN BERLINGO/PARTNER 96-*RESGUARDO INF MOTOR ESQ(DIESEL);0;;
61;1540;107.071791D;1540;107.071791D;CATEGORIA0;;1;1;0;1;;CITROEN BERLINGO 1996.10-*FRISO PORTA FRT DRT;CITROEN BERLINGO 1996.10-*FRISO PORTA FRT DRT;0;;
61;1540;107.071791E;1540;107.071791E;CATEGORIA0;;1;1;0;1;;CITROEN BERLINGO 1996.10-*FRISO PORTA FRT ESQ;CITROEN BERLINGO 1996.10-*FRISO PORTA FRT ESQ;0;;
61;1540;107.071792D;1540;107.071792D;CATEGORIA0;;1;1;0;1;;CITROEN BERLINGO 1996.10-*FRISO PORTA TRÁS DRT;CITROEN BERLINGO 1996.10-*FRISO PORTA TRÁS DRT;0;;
61;1540;107.071792E;1540;107.071792E;CATEGORIA0;;1;1;0;1;;CITROEN BERLINGO 1996.10-*FRISO PORTA TRÁS ESQ;CITROEN BERLINGO 1996.10-*FRISO PORTA TRÁS ESQ;0;;
61;1540;107.071902;1540;107.071902;CATEGORIA0;;1;1;0;1;;CITROEN XSARA*CAPA P/CH FRT DRT;CITROEN XSARA*CAPA P/CH FRT DRT;0;;
61;1540;107.071903;1540;107.071903;CATEGORIA0;;1;1;0;1;;CITROEN XSARA*CAPA P/CH FRT ESQ;CITROEN XSARA*CAPA P/CH FRT ESQ;0;;
61;1540;107.071904;1540;107.071904;CATEGORIA0;;1;1;0;1;;CITROEN XSARA*CAPA P/CH CENTRAL;CITROEN XSARA*CAPA P/CH CENTRAL;0;;
61;1540;107.071905;1540;107.071905;CATEGORIA0;;1;1;0;1;;CITROEN XSARA*GRELHA;CITROEN XSARA*GRELHA;0;;
61;1540;107.071908;1540;107.071908;CATEGORIA0;;1;1;0;1;;P/CHOQUES FRT. P/P;P/CHOQUES FRT. P/P;0;;
61;1540;107.071909;1540;107.071909;CATEGORIA0;;1;1;0;1;;CITROEN XSARA*P/CH FRT PRETO;CITROEN XSARA*P/CH FRT PRETO;0;;
61;1540;107.071910;1540;107.071910;CATEGORIA0;;1;1;0;1;;CITROEN XSARA*P/CH TRÁS P/P;CITROEN XSARA*P/CH TRÁS P/P;0;;
61;1540;107.071946;1540;107.071946;CATEGORIA0;;1;1;0;1;;CITROEN XSARA*RESGUARDO C/RODA FRT DRT;CITROEN XSARA*RESGUARDO C/RODA FRT DRT;0;;
61;1540;107.071947;1540;107.071947;CATEGORIA0;;1;1;0;1;;CITROEN XSARA*RESGUARDO C/RODA FRT ESQ;CITROEN XSARA*RESGUARDO C/RODA FRT ESQ;0;;
61;1540;107.072102;1540;107.072102;CATEGORIA0;;1;1;0;1;;CITROEN SAXO 99-*FRISO INF FAROL DRT;CITROEN SAXO 99-*FRISO INF FAROL DRT;0;;
61;1540;107.072104;1540;107.072104;CATEGORIA0;;1;1;0;1;;CITROEN SAXO 99-*GRELHA P/P;CITROEN SAXO 99-*GRELHA P/P;0;;
61;1540;107.072105;1540;107.072105;CATEGORIA0;;1;1;0;1;;CITROEN SAXO 99-*GRELHA (PRETA);CITROEN SAXO 99-*GRELHA (PRETA);0;;
61;1540;107.072108;1540;107.072108;CATEGORIA0;;1;1;0;1;;CITROEN SAXO 99-*P/CHOQUES FRT PRETO;CITROEN SAXO 99-*P/CHOQUES FRT PRETO;0;;
61;1540;107.072109;1540;107.072109;CATEGORIA0;;1;1;0;1;;CITROEN SAXO 98-*P/CH FRT TODO P/P (C/FURO FRISO);CITROEN SAXO 98-*P/CH FRT TODO P/P (C/FURO FRISO);0;;
61;1540;107.072110;1540;107.072110;CATEGORIA0;;1;1;0;1;;CITROEN SAXO 99-*P/CH TRÁS PRETO;CITROEN SAXO 99-*P/CH TRÁS PRETO;0;;
61;1540;107.072116;1540;107.072116;CATEGORIA0;;1;1;0;1;;P/CH. FRT. TODO P/P C/F SAXO 98-;P/CH. FRT. TODO P/P C/F SAXO 98-;0;;
61;1540;107.072146;1540;107.072146;CATEGORIA0;;1;1;0;1;;CITROEN SAXO 96-03* / 106 96-*RESGUARDO C/RODA FRT DRT;CITROEN SAXO 96-03* / 106 96-*RESGUARDO C/RODA FRT DRT;0;;
61;1540;107.072147;1540;107.072147;CATEGORIA0;;1;1;0;1;;CITROEN SAXO 96-03* / 106 96-*RESGUARDO C/RODA FRT ESQ;CITROEN SAXO 96-03* / 106 96-*RESGUARDO C/RODA FRT ESQ;0;;
61;1540;107.072203;1540;107.072203;CATEGORIA0;;1;1;0;1;;CITROEN XSARA PICASSO 00-*REFORÇO P/CH TRÁS;CITROEN XSARA PICASSO 00-*REFORÇO P/CH TRÁS;0;;
61;1540;107.072206;1540;107.072206;CATEGORIA0;;1;1;0;1;;CITROEN XSARA PICASSO 00-*REFORÇO P/CH FRT;CITROEN XSARA PICASSO 00-*REFORÇO P/CH FRT;0;;
61;1540;107.072208;1540;107.072208;CATEGORIA0;;1;1;0;1;;CITROEN XSARA PICASSO 00-*P/CH FRT P/P;CITROEN XSARA PICASSO 00-*P/CH FRT P/P;0;;
61;1540;107.072209;1540;107.072209;CATEGORIA0;;1;1;0;1;;CITROEN XSARA PICASSO 00-*P/C FRT P/P CF;CITROEN XSARA PICASSO 00-*P/C FRT P/P CF;0;;
61;1540;107.072213;1540;107.072213;CATEGORIA0;;1;1;0;1;;CITROEN XSARA PICASSO 00-*P/CH TRÁS P/P;CITROEN XSARA PICASSO 00-*P/CH TRÁS P/P;0;;
61;1540;107.072246;1540;107.072246;CATEGORIA0;;1;1;0;1;;CITROEN XSARA PICASSO 99-*RESGUARDO C/RODA FRT DRT;CITROEN XSARA PICASSO 99-*RESGUARDO C/RODA FRT DRT;0;;
61;1540;107.072247;1540;107.072247;CATEGORIA0;;1;1;0;1;;CITROEN XSARA PICASSO 99-*RESGUARDO C/RODA FRT ESQ;CITROEN XSARA PICASSO 99-*RESGUARDO C/RODA FRT ESQ;0;;
61;1540;107.072304;1540;107.072304;CATEGORIA0;;1;1;0;1;;CITROEN XSARA 00-*REFORÇO P/CH FRT(MOD C/FUROS FAROIS);CITROEN XSARA 00-*REFORÇO P/CH FRT(MOD C/FUROS FAROIS);0;;
61;1540;107.072307;1540;107.072307;CATEGORIA0;;1;1;0;1;;CITROEN XSARA 00-*REFORÇO P/CH FRT(MOD S/FUROS FAROIS);CITROEN XSARA 00-*REFORÇO P/CH FRT(MOD S/FUROS FAROIS);0;;
61;1540;107.072308;1540;107.072308;CATEGORIA0;;1;1;0;1;;CITROEN XSARA 00-*P/CH FRT TODO P/PINTAR;CITROEN XSARA 00-*P/CH FRT TODO P/PINTAR;0;;
61;1540;107.072309;1540;107.072309;CATEGORIA0;;1;1;0;1;;CITROEN XSARA 00-*P/CH FRT P/P (METADE);CITROEN XSARA 00-*P/CH FRT P/P (METADE);0;;
61;1540;107.072310;1540;107.072310;CATEGORIA0;;1;1;0;1;;XSARA 00- P/CHOQUES TRÁS P/P;XSARA 00- P/CHOQUES TRÁS P/P;0;;
61;1540;107.072328;1540;107.072328;CATEGORIA0;;1;1;0;1;;CITROEN XSARA 00-*P/CH TRÁS P/P (C/SENSOR);CITROEN XSARA 00-*P/CH TRÁS P/P (C/SENSOR);0;;
61;1540;107.072346;1540;107.072346;CATEGORIA0;;1;1;0;1;;CITROEN XSARA 00-*RESGUARDO C/RODA FRT DRT;CITROEN XSARA 00-*RESGUARDO C/RODA FRT DRT;0;;
61;1540;107.072347;1540;107.072347;CATEGORIA0;;1;1;0;1;;CITROEN XSARA 00-*RESGUARDO C/RODA FRT ESQ;CITROEN XSARA 00-*RESGUARDO C/RODA FRT ESQ;0;;
61;1540;107.072404;1540;107.072404;CATEGORIA0;;1;1;0;1;;CITROEN C3 PLURIEL 02-*REFORÇO P/CH TRÁS 3P;CITROEN C3 PLURIEL 02-*REFORÇO P/CH TRÁS 3P;0;;
61;1540;107.072405;1540;107.072405;CATEGORIA0;;1;1;0;1;;CITROEN C3 02-*GRELHA;CITROEN C3 02-*GRELHA;0;;
61;1540;107.072406;1540;107.072406;CATEGORIA0;;1;1;0;1;;CITROEN C3 02-*REFORÇO P/CH. TRÁS 5P;CITROEN C3 02-*REFORÇO P/CH. TRÁS 5P;0;;
61;1540;107.072407;1540;107.072407;CATEGORIA0;;1;1;0;1;;CITROEN C3 02-*REFORÇO P/CH FRT;CITROEN C3 02-*REFORÇO P/CH FRT;0;;
61;1540;107.072408;1540;107.072408;CATEGORIA0;;1;1;0;1;;CITROEN C3 02-*P/CH FRT P/PINTAR C/FUR;CITROEN C3 02-*P/CH FRT P/PINTAR C/FUR;0;;
61;1540;107.072409;1540;107.072409;CATEGORIA0;;1;1;0;1;;KIT SPOILERS P/CH FRT;KIT SPOILERS P/CH FRT;0;;
61;1540;107.072410;1540;107.072410;CATEGORIA0;;1;1;0;1;;CITROEN C3 02-/05-*P/CH TRÁS P/PINTAR;CITROEN C3 02-/05-*P/CH TRÁS P/PINTAR;0;;
61;1540;107.072414;1540;107.072414;CATEGORIA0;;1;1;0;1;;CITROEN C3 02-*FRISO P/CH FRT ESQ P/P;CITROEN C3 02-*FRISO P/CH FRT ESQ P/P;0;;
61;1540;107.072415;1540;107.072415;CATEGORIA0;;1;1;0;1;;CITROEN C3 02-*FRISO P/CH FRT DRT PRETO;CITROEN C3 02-*FRISO P/CH FRT DRT PRETO;0;;
61;1540;107.072416;1540;107.072416;CATEGORIA0;;1;1;0;1;;CITROEN C3 02-*FRISO P/CH FRT ESQ PRETO;CITROEN C3 02-*FRISO P/CH FRT ESQ PRETO;0;;
61;1540;107.072417;1540;107.072417;CATEGORIA0;;1;1;0;1;;CITROEN C3 02-/05-*FRISO P/CH TRÁS PRETO;CITROEN C3 02-/05-*FRISO P/CH TRÁS PRETO;0;;
61;1540;107.072436;1540;107.072436;CATEGORIA0;;1;1;0;1;;CITROEN C3 02-*TAMPA REBOQUE P/CH FRT P/P;CITROEN C3 02-*TAMPA REBOQUE P/CH FRT P/P;0;;
61;1540;107.072446;1540;107.072446;CATEGORIA0;;1;1;0;1;;CITROEN C3 02-*RESG C/R FRT DRT;CITROEN C3 02-*RESG C/R FRT DRT;0;;
61;1540;107.072447;1540;107.072447;CATEGORIA0;;1;1;0;1;;CITROEN C3 02-*RESGUARDO C/RODA FRT ESQ;CITROEN C3 02-*RESGUARDO C/RODA FRT ESQ;0;;
61;1540;107.072460;1540;107.072460;CATEGORIA0;;1;1;0;1;;CITROEN C3/C2/1007 02-*RESGUARDO INF MOTOR;CITROEN C3/C2/1007 02-*RESGUARDO INF MOTOR;0;;
61;1540;107.072502;1540;107.072502;CATEGORIA0;;1;1;0;1;;CITROEN XANTIA 98-*FRISO INF FAROL DRT;CITROEN XANTIA 98-*FRISO INF FAROL DRT;0;;
61;1540;107.072503;1540;107.072503;CATEGORIA0;;1;1;0;1;;CITROEN XANTIA 98-*FRISO INF FAROL ESQ;CITROEN XANTIA 98-*FRISO INF FAROL ESQ;0;;
61;1540;107.072505;1540;107.072505;CATEGORIA0;;1;1;0;1;;CITROEN XANTIA 98-*GRELHA;CITROEN XANTIA 98-*GRELHA;0;;
61;1540;107.072508;1540;107.072508;CATEGORIA0;;1;1;0;1;;CITROEN XANTIA 98-*P/CH FRT P/P;CITROEN XANTIA 98-*P/CH FRT P/P;0;;
61;1540;107.072546;1540;107.072546;CATEGORIA0;;1;1;0;1;;CITROEN XANTIA 98-*RESGUARDO C/RODA FRT DRT;CITROEN XANTIA 98-*RESGUARDO C/RODA FRT DRT;0;;
61;1540;107.072547;1540;107.072547;CATEGORIA0;;1;1;0;1;;CITROEN XANTIA 98-*RESGUARDO C/RODA FRT ESQ;CITROEN XANTIA 98-*RESGUARDO C/RODA FRT ESQ;0;;
61;1540;107.072604;1540;107.072604;CATEGORIA0;;1;1;0;1;;CITROEN BERL/PARTNER 02-*GRELHA INTERIOR P/CH FRT;CITROEN BERL/PARTNER 02-*GRELHA INTERIOR P/CH FRT;0;;
61;1540;107.072605;1540;107.072605;CATEGORIA0;;1;1;0;1;;CITROEN BERLINGO 02-*GRELHA;CITROEN BERLINGO 02-*GRELHA;0;;
61;1540;107.072607;1540;107.072607;CATEGORIA0;;1;1;0;1;;CITROEN BERL/PARTNER 02-*REFORÇO P/CH FRT PLASTICO;CITROEN BERL/PARTNER 02-*REFORÇO P/CH FRT PLASTICO;0;;
61;1540;107.072608;1540;107.072608;CATEGORIA0;;1;1;0;1;;CITROEN BERLI/PART 02-*P/CH FRT PRETO;CITROEN BERLI/PART 02-*P/CH FRT PRETO;0;;
61;1540;107.072609;1540;107.072609;CATEGORIA0;;1;1;0;1;;CITROEN BERLI/PART 02-*P/CH FRT P/P;CITROEN BERLI/PART 02-*P/CH FRT P/P;0;;
61;1540;107.072615;1540;107.072615;CATEGORIA0;;1;1;0;1;;P/CHOQUES FRT. PRETO (C/FURO);P/CHOQUES FRT. PRETO (C/FURO);0;;
61;1540;107.072616;1540;107.072616;CATEGORIA0;;1;1;0;1;;CITROEN BERLINGO/PARTNER 02-*KIT SUPORTES P/CH FRT DRT/ESQ;CITROEN BERLINGO/PARTNER 02-*KIT SUPORTES P/CH FRT DRT/ESQ;0;;
61;1540;107.072618;1540;107.072618;CATEGORIA0;;1;1;0;1;;CITROEN BERLINGO/PARTNER 02-*KIT SUPORTES FAROL NEV INT P/CH;CITROEN BERLINGO/PARTNER 02-*KIT SUPORTES FAROL NEV INT P/CH;0;;
61;1540;107.072619;1540;107.072619;CATEGORIA0;;1;1;0;1;;CITROEN BERLINGO/PARTNER 02-*KIT ARO FAROL NEV P/CH FRT(DRT/;CITROEN BERLINGO/PARTNER 02-*KIT ARO FAROL NEV P/CH FRT(DRT/;0;;
61;1540;107.072646;1540;107.072646;CATEGORIA0;;1;1;0;1;;CITROEN BERLI/PART 02-*RESGUARDO C/R DRT;CITROEN BERLI/PART 02-*RESGUARDO C/R DRT;0;;
61;1540;107.072647;1540;107.072647;CATEGORIA0;;1;1;0;1;;RESG. C/ RODA ESQ. BERL/PARTNER 02-;RESG. C/ RODA ESQ. BERL/PARTNER 02-;0;;
61;1540;107.072660;1540;107.072660;CATEGORIA0;;1;1;0;1;;CITROEN BERLINGO/PARTNER 2.0HDI 2002.10-*RESGUARDO INF MOTOR;CITROEN BERLINGO/PARTNER 2.0HDI 2002.10-*RESGUARDO INF MOTOR;0;;
61;1540;107.072661;1540;107.072661;CATEGORIA0;;1;1;0;1;;FORRA INFERIOR MOTOR DRT;FORRA INFERIOR MOTOR DRT;0;;
61;1540;107.072662;1540;107.072662;CATEGORIA0;;1;1;0;1;;FORRA INFERIOR MOTOR ESQ;FORRA INFERIOR MOTOR ESQ;0;;
61;1540;107.072663;1540;107.072663;CATEGORIA0;;1;1;0;1;;CITROEN BERLINGO/PARTNER 1.6HDI 2002.10-*RESGUARDO INF MOTOR;CITROEN BERLINGO/PARTNER 1.6HDI 2002.10-*RESGUARDO INF MOTOR;0;;
61;1540;107.072706;1540;107.072706;CATEGORIA0;;1;1;0;1;;CITROEN C5 00-*REFORÇO P/CH TRÁS;CITROEN C5 00-*REFORÇO P/CH TRÁS;0;;
61;1540;107.072707;1540;107.072707;CATEGORIA0;;1;1;0;1;;CITROEN C5 00-*REFORÇO P/CH FRT;CITROEN C5 00-*REFORÇO P/CH FRT;0;;
61;1540;107.072708;1540;107.072708;CATEGORIA0;;1;1;0;1;;CITROEN C5 00-*P/CH FRT TODO P/P;CITROEN C5 00-*P/CH FRT TODO P/P;0;;
61;1540;107.072709;1540;107.072709;CATEGORIA0;;1;1;0;1;;CITROEN C5 00-*P/CH FRT P/P (C/FURO L/FAROIS);CITROEN C5 00-*P/CH FRT P/P (C/FURO L/FAROIS);0;;
61;1540;107.072710;1540;107.072710;CATEGORIA0;;1;1;0;1;;CITROEN C5 00-*P/CH TRÁS P/P;CITROEN C5 00-*P/CH TRÁS P/P;0;;
61;1540;107.072746;1540;107.072746;CATEGORIA0;;1;1;0;1;;CITROEN C5 2001.03-*RESGUARDO C/RODA FRT DRT(FRT);CITROEN C5 2001.03-*RESGUARDO C/RODA FRT DRT(FRT);0;;
61;1540;107.072747;1540;107.072747;CATEGORIA0;;1;1;0;1;;CITROEN C5 2001.03-*RESGUARDO C/RODA FRT ESQ(FRT);CITROEN C5 2001.03-*RESGUARDO C/RODA FRT ESQ(FRT);0;;
61;1540;107.072748;1540;107.072748;CATEGORIA0;;1;1;0;1;;CITROEN C5 2001.03-*RESGUARDO C/RODA FRT DRT(TRAS);CITROEN C5 2001.03-*RESGUARDO C/RODA FRT DRT(TRAS);0;;
61;1540;107.072749;1540;107.072749;CATEGORIA0;;1;1;0;1;;CITROEN C5 2001.03-*RESGUARDO C/RODA FRT ESQ(TRAS);CITROEN C5 2001.03-*RESGUARDO C/RODA FRT ESQ(TRAS);0;;
61;1540;107.072760;1540;107.072760;CATEGORIA0;;1;1;0;1;;CITROEN C5 2001.03-*RESGUARDO INF MOTOR(GASOLINA);CITROEN C5 2001.03-*RESGUARDO INF MOTOR(GASOLINA);0;;
61;1540;107.072761;1540;107.072761;CATEGORIA0;;1;1;0;1;;CITROEN C5 2001.03-*RESGUARDO INF MOTOR(DIESEL HDI);CITROEN C5 2001.03-*RESGUARDO INF MOTOR(DIESEL HDI);0;;
61;1540;107.072804;1540;107.072804;CATEGORIA0;;1;1;0;1;;CITROEN C2 03-*GRELHA (PRETA);CITROEN C2 03-*GRELHA (PRETA);0;;
61;1540;107.072805;1540;107.072805;CATEGORIA0;;1;1;0;1;;CITROEN C2 03-*GRELHA P/P;CITROEN C2 03-*GRELHA P/P;0;;
61;1540;107.072806;1540;107.072806;CATEGORIA0;;1;1;0;1;;CITROEN C2 03-*REFORÇO P/CH TRÁS;CITROEN C2 03-*REFORÇO P/CH TRÁS;0;;
61;1540;107.072807;1540;107.072807;CATEGORIA0;;1;1;0;1;;CITROEN C2 03-*REFORÇO P/CH FRT;CITROEN C2 03-*REFORÇO P/CH FRT;0;;
61;1540;107.072808;1540;107.072808;CATEGORIA0;;1;1;0;1;;PARA-CHOQUES FRENTE INF.;PARA-CHOQUES FRENTE INF.;0;;
61;1540;107.072810;1540;107.072810;CATEGORIA0;;1;1;0;1;;CITROEN C2 03-*P/CH TRÁS PRETO;CITROEN C2 03-*P/CH TRÁS PRETO;0;;
61;1540;107.072813;1540;107.072813;CATEGORIA0;;1;1;0;1;;CITROEN C2 03- P/CHOQUES TRÁS P/P;CITROEN C2 03- P/CHOQUES TRÁS P/P;0;;
61;1540;107.072814;1540;107.072814;CATEGORIA0;;1;1;0;1;;CITROEN C2 03-*SPOILER P/CH TRÁS;CITROEN C2 03-*SPOILER P/CH TRÁS;0;;
61;1540;107.072815;1540;107.072815;CATEGORIA0;;1;1;0;1;;PARA-CHOQUES FRENTE SUP.;PARA-CHOQUES FRENTE SUP.;0;;
61;1540;107.072816;1540;107.072816;CATEGORIA0;;1;1;0;1;;CUTROEN C2 03- P/CHOQUES FRT. SUP. P/P;CUTROEN C2 03- P/CHOQUES FRT. SUP. P/P;0;;
61;1540;107.072817;1540;107.072817;CATEGORIA0;;1;1;0;1;;CITROEN C2 VTS/VTR 03-*P/CH FRT INF P/P;CITROEN C2 VTS/VTR 03-*P/CH FRT INF P/P;0;;
61;1540;107.072818;1540;107.072818;CATEGORIA0;;1;1;0;1;;CIT C2 VTS/VTR 03-*KIT SPOILER P/CH FRT D/E P/P;CIT C2 VTS/VTR 03-*KIT SPOILER P/CH FRT D/E P/P;0;;
61;1540;107.072819;1540;107.072819;CATEGORIA0;;1;1;0;1;;GRELHA INF P/CHOQUES;GRELHA INF P/CHOQUES;0;;
61;1540;107.072820;1540;107.072820;CATEGORIA0;;1;1;0;1;;CITROEN C2 03-*GRELHA SUP P/CH;CITROEN C2 03-*GRELHA SUP P/CH;0;;
61;1540;107.072821;1540;107.072821;CATEGORIA0;;1;1;0;1;;KIT SUP. P/CHOQUES FRT;KIT SUP. P/CHOQUES FRT;0;;
61;1540;107.072846;1540;107.072846;CATEGORIA0;;1;1;0;1;;CITROEN C2 03-*RESGUARDO C/RODA FRT DRT;CITROEN C2 03-*RESGUARDO C/RODA FRT DRT;0;;
61;1540;107.072847;1540;107.072847;CATEGORIA0;;1;1;0;1;;CITROEN C2 03-*RESGUARDO C/RODA FRT ESQ;CITROEN C2 03-*RESGUARDO C/RODA FRT ESQ;0;;
61;1540;107.072904;1540;107.072904;CATEGORIA0;;1;1;0;1;;CITROEN XSARA PICASSO 04-*GRELHA INF P/CH;CITROEN XSARA PICASSO 04-*GRELHA INF P/CH;0;;
61;1540;107.072907;1540;107.072907;CATEGORIA0;;1;1;0;1;;CITROEN XSARA PICASSO 04-*REFORÇO P/CH FRT=072206;CITROEN XSARA PICASSO 04-*REFORÇO P/CH FRT=072206;0;;
61;1540;107.072908;1540;107.072908;CATEGORIA0;;1;1;0;1;;CITROEN XSARA PICASSO 04-*P/CH FRT P/P;CITROEN XSARA PICASSO 04-*P/CH FRT P/P;0;;
61;1540;107.072910;1540;107.072910;CATEGORIA0;;1;1;0;1;;CITROEN XSARA PICASSO 04-*P/CH TRÁS P/P;CITROEN XSARA PICASSO 04-*P/CH TRÁS P/P;0;;
61;1540;107.072928;1540;107.072928;CATEGORIA0;;1;1;0;1;;CITROEN XSARA PICASSO 04-*P/CH TRÁS P/P (C/SENSOR);CITROEN XSARA PICASSO 04-*P/CH TRÁS P/P (C/SENSOR);0;;
61;1540;107.073102;1540;107.073102;CATEGORIA0;;1;1;0;1;;CITROEN C4 04-*GRELHA DRT P/CH FRT (S/FUROS);CITROEN C4 04-*GRELHA DRT P/CH FRT (S/FUROS);0;;
61;1540;107.073103;1540;107.073103;CATEGORIA0;;1;1;0;1;;CITROEN C4 04-*GRELHA ESQ P/CH FRT (S/FUROS);CITROEN C4 04-*GRELHA ESQ P/CH FRT (S/FUROS);0;;
61;1540;107.073104;1540;107.073104;CATEGORIA0;;1;1;0;1;;CITROEN C4 04-*GRELHA CENTRAL P/CH FRT;CITROEN C4 04-*GRELHA CENTRAL P/CH FRT;0;;
61;1540;107.073105;1540;107.073105;CATEGORIA0;;1;1;0;1;;GRELHA;GRELHA;0;;
61;1540;107.073106;1540;107.073106;CATEGORIA0;;1;1;0;1;;CITROEN C4 04-*REFORÇO P/CH FRT INF.(PLASTICO);CITROEN C4 04-*REFORÇO P/CH FRT INF.(PLASTICO);0;;
61;1540;107.073107;1540;107.073107;CATEGORIA0;;1;1;0;1;;CITROEN C4 04-*REFORÇO P/CH FRT SUP (PLASTICO);CITROEN C4 04-*REFORÇO P/CH FRT SUP (PLASTICO);0;;
61;1540;107.073108;1540;107.073108;CATEGORIA0;;1;1;0;1;;P/CHOQUES FRT P/PINTAR (BASA/VTR);P/CHOQUES FRT P/PINTAR (BASA/VTR);0;;
61;1540;107.073109;1540;107.073109;CATEGORIA0;;1;1;0;1;;P/CHOQUES FRT P/PINTAR;P/CHOQUES FRT P/PINTAR;0;;
61;1540;107.073110;1540;107.073110;CATEGORIA0;;1;1;0;1;;CITROEN C4 04-*P/CH TRÁS P/P (3/P);CITROEN C4 04-*P/CH TRÁS P/P (3/P);0;;
61;1540;107.073113;1540;107.073113;CATEGORIA0;;1;1;0;1;;CITROEN C4 04-*P/CH TRÁS P/P (5/P);CITROEN C4 04-*P/CH TRÁS P/P (5/P);0;;
61;1540;107.073114;1540;107.073114;CATEGORIA0;;1;1;0;1;;CITROEN C4 04-*REFORÇO P/CH FRT CENTRAL (ALUMINIO);CITROEN C4 04-*REFORÇO P/CH FRT CENTRAL (ALUMINIO);0;;
61;1540;107.073115;1540;107.073115;CATEGORIA0;;1;1;0;1;;CITROEN C4 04-*REFORÇO P/CH TRÁS 5P;CITROEN C4 04-*REFORÇO P/CH TRÁS 5P;0;;
61;1540;107.073117;1540;107.073117;CATEGORIA0;;1;1;0;1;;CITROEN C4 04-*GRELHA P/C FRT ESQ C/FURO;CITROEN C4 04-*GRELHA P/C FRT ESQ C/FURO;0;;
61;1540;107.073118;1540;107.073118;CATEGORIA0;;1;1;0;1;;CITROEN C4 04-*FRISO P/CH FRT DRT PRETO;CITROEN C4 04-*FRISO P/CH FRT DRT PRETO;0;;
61;1540;107.073119;1540;107.073119;CATEGORIA0;;1;1;0;1;;CITROEN C4 04-*FRISO P/CH FRT ESQ PRETO;CITROEN C4 04-*FRISO P/CH FRT ESQ PRETO;0;;
61;1540;107.073120;1540;107.073120;CATEGORIA0;;1;1;0;1;;CITROEN C4 04-*FRISO P/CH FRT SUP CROMADO;CITROEN C4 04-*FRISO P/CH FRT SUP CROMADO;0;;
61;1540;107.073122;1540;107.073122;CATEGORIA0;;1;1;0;1;;CITROEN C4 04-*P/CH FRT P/P (C/FURO LV/FAROIS)(T/MODELOS);CITROEN C4 04-*P/CH FRT P/P (C/FURO LV/FAROIS)(T/MODELOS);0;;
61;1540;107.073123;1540;107.073123;CATEGORIA0;;1;1;0;1;;CITROEN C4 04-*GRELHA SUP P/CH FRT;CITROEN C4 04-*GRELHA SUP P/CH FRT;0;;
61;1540;107.073124;1540;107.073124;CATEGORIA0;;1;1;0;1;;CITROEN C4 04-*KIT SUPORTES P7CH FRT (DRT/ESQ);CITROEN C4 04-*KIT SUPORTES P7CH FRT (DRT/ESQ);0;;
61;1540;107.073125;1540;107.073125;CATEGORIA0;;1;1;0;1;;CITROEN C4 04-*SUPORTE DRT FAROL PLASTICO;CITROEN C4 04-*SUPORTE DRT FAROL PLASTICO;0;;
61;1540;107.073126;1540;107.073126;CATEGORIA0;;1;1;0;1;;CITROEN C4 04-*SUPORTE ESQ FAROL PLASTICO;CITROEN C4 04-*SUPORTE ESQ FAROL PLASTICO;0;;
61;1540;107.073146;1540;107.073146;CATEGORIA0;;1;1;0;1;;CITROEN C4 04-*RESG C/R FRT DRT;CITROEN C4 04-*RESG C/R FRT DRT;0;;
61;1540;107.073147;1540;107.073147;CATEGORIA0;;1;1;0;1;;CITROEN C4 04- FORRA CAVE RODA;CITROEN C4 04- FORRA CAVE RODA;0;;
61;1540;107.073160;1540;107.073160;CATEGORIA0;;1;1;0;1;;CITROEN C4 04-*RESG INFERIOR MOTOR;CITROEN C4 04-*RESG INFERIOR MOTOR;0;;
61;1540;107.073161;1540;107.073161;CATEGORIA0;;1;1;0;1;;FORRA IN. P/CHOQUES C4 04-;FORRA IN. P/CHOQUES C4 04-;0;;
61;1540;107.073208;1540;107.073208;CATEGORIA0;;1;1;0;1;;CITROEN XSARA 03-*P/CH FRT TODO P/P (C/FUROS);CITROEN XSARA 03-*P/CH FRT TODO P/P (C/FUROS);0;;
61;1540;107.073304;1540;107.073304;CATEGORIA0;;1;1;0;1;;CITROEN C5 05-*GRELHA INFERIOR P/CHOQUES;CITROEN C5 05-*GRELHA INFERIOR P/CHOQUES;0;;
61;1540;107.073308;1540;107.073308;CATEGORIA0;;1;1;0;1;;CITROEN C5 05-*P/CHOQUES FRT P/PINTAR;CITROEN C5 05-*P/CHOQUES FRT P/PINTAR;0;;
61;1540;107.073310;1540;107.073310;CATEGORIA0;;1;1;0;1;;CITROEN C5 05-*P/CH TRÁS P/P;CITROEN C5 05-*P/CH TRÁS P/P;0;;
61;1540;107.073360;1540;107.073360;CATEGORIA0;;1;1;0;1;;CITROEN C5 2004.10-*RESGUARDO INF MOTOR(DIESEL);CITROEN C5 2004.10-*RESGUARDO INF MOTOR(DIESEL);0;;
61;1540;107.073361;1540;107.073361;CATEGORIA0;;1;1;0;1;;CITROEN C5 2004.10-*RESGUARDO INF MOTOR(GASOLINA);CITROEN C5 2004.10-*RESGUARDO INF MOTOR(GASOLINA);0;;
61;1540;107.073405;1540;107.073405;CATEGORIA0;;1;1;0;1;;CITROEN C1 05-*GRELHA CENTRAL P/CH FRT P/P;CITROEN C1 05-*GRELHA CENTRAL P/CH FRT P/P;0;;
61;1540;107.073406;1540;107.073406;CATEGORIA0;;1;1;0;1;;CITROEN C1/AYGO 05-*REFORÇO P/CH TRÁS;CITROEN C1/AYGO 05-*REFORÇO P/CH TRÁS;0;;
61;1540;107.073407;1540;107.073407;CATEGORIA0;;1;1;0;1;;CITROEN C1/AYGO/107 05-*REFORÇO P/CH FRT;CITROEN C1/AYGO/107 05-*REFORÇO P/CH FRT;0;;
61;1540;107.073408;1540;107.073408;CATEGORIA0;;1;1;0;1;;CITROEN C1 05-*P/CH FRT P/P;CITROEN C1 05-*P/CH FRT P/P;0;;
61;1540;107.073410;1540;107.073410;CATEGORIA0;;1;1;0;1;;CITROEN C1/107 05-*P/CHOQ TRÁS P/PINTAR;CITROEN C1/107 05-*P/CHOQ TRÁS P/PINTAR;0;;
61;1540;107.073414;1540;107.073414;CATEGORIA0;;1;1;0;1;;CITROEN C1/107 05-*SUPORTE DRT P/CH FRT;CITROEN C1/107 05-*SUPORTE DRT P/CH FRT;0;;
61;1540;107.073415;1540;107.073415;CATEGORIA0;;1;1;0;1;;SUPORTE ESQ. P/CHOQUES FRT.;SUPORTE ESQ. P/CHOQUES FRT.;0;;
61;1540;107.073416;1540;107.073416;CATEGORIA0;;1;1;0;1;;CITROEN C1/107 05-*FRISO P/CHOQ TRÁS P/P;CITROEN C1/107 05-*FRISO P/CHOQ TRÁS P/P;0;;
61;1540;107.073435;1540;107.073435;CATEGORIA0;;1;1;0;1;;CITROEN C1/107 05-*SUPORTE DRT P/CH TRÁS;CITROEN C1/107 05-*SUPORTE DRT P/CH TRÁS;0;;
61;1540;107.073436;1540;107.073436;CATEGORIA0;;1;1;0;1;;CITROEN C1/107 05-*SUPORTE ESQ P/CH TRÁS;CITROEN C1/107 05-*SUPORTE ESQ P/CH TRÁS;0;;
61;1540;107.073446;1540;107.073446;CATEGORIA0;;1;1;0;1;;CITROEN C1/107/AYGO 05-*RESGUARDO C/RODA FRT DRT;CITROEN C1/107/AYGO 05-*RESGUARDO C/RODA FRT DRT;0;;
61;1540;107.073447;1540;107.073447;CATEGORIA0;;1;1;0;1;;CITROEN C1/107/AYGO 05-*RESG.C/R FRT ESQ;CITROEN C1/107/AYGO 05-*RESG.C/R FRT ESQ;0;;
61;1540;107.073460;1540;107.073460;CATEGORIA0;;1;1;0;1;;CITROEN C1/107/AYGO 05-*RESGUARDO INF P/CH FRT;CITROEN C1/107/AYGO 05-*RESGUARDO INF P/CH FRT;0;;
61;1540;107.073461;1540;107.073461;CATEGORIA0;;1;1;0;1;;CITROEN C1/107/AYGO 05-*RESGUARDO INF MOTOR DRT;CITROEN C1/107/AYGO 05-*RESGUARDO INF MOTOR DRT;0;;
61;1540;107.073462;1540;107.073462;CATEGORIA0;;1;1;0;1;;CITROEN C1/107/AYGO 05-*RESGUARDO INF MOTOR ESQ;CITROEN C1/107/AYGO 05-*RESGUARDO INF MOTOR ESQ;0;;