101;1519;34304;1519;101.34304;CATEGORIA0;;1;1;0;1;;BARRA DE ACOPLAMENTO;BARRA DE ACOPLAMENTO;0;;
101;1519;34307;1519;101.34307;CATEGORIA0;;1;1;0;1;;APOIO DE MOTOR / TRANSMISSÃO;APOIO DE MOTOR / TRANSMISSÃO;0;;
101;1519;34308;1519;101.34308;CATEGORIA0;;1;1;0;1;;RÓTULA;RÓTULA;0;;
101;1519;34309;1519;101.34309;CATEGORIA0;;1;1;0;1;;RÓTULA;RÓTULA;0;;
101;1519;34310;1519;101.34310;CATEGORIA0;;1;1;0;1;;CABEÇA DE DIREÇÃO EXTERIOR;CABEÇA DE DIREÇÃO EXTERIOR;0;;
101;1519;34311;1519;101.34311;CATEGORIA0;;1;1;0;1;;CABEÇA DE DIREÇÃO EXTERIOR;CABEÇA DE DIREÇÃO EXTERIOR;0;;
101;1519;34312;1519;101.34312;CATEGORIA0;;1;1;0;1;;TENSOR;TENSOR;0;;
101;1519;34313;1519;101.34313;CATEGORIA0;;1;1;0;1;;CONJUNTO DE FILTROS DE HABITÁCULO;CONJUNTO DE FILTROS DE HABITÁCULO;0;;
101;1519;34314;1519;101.34314;CATEGORIA0;;1;1;0;1;;JOGO DE CALÇOS DE TRAVÃO;JOGO DE CALÇOS DE TRAVÃO;0;;
101;1519;34315;1519;101.34315;CATEGORIA0;;1;1;0;1;;SUPORTE BARRA ESTABILIZADORA;SUPORTE BARRA ESTABILIZADORA;0;;
101;1519;34316;1519;101.34316;CATEGORIA0;;1;1;0;1;;SUPORTE BARRA ESTABILIZADORA;SUPORTE BARRA ESTABILIZADORA;0;;
101;1519;34319;1519;101.34319;CATEGORIA0;;1;1;0;1;;CABEÇA DE DIREÇÃO EXTERIOR;CABEÇA DE DIREÇÃO EXTERIOR;0;;
101;1519;34320;1519;101.34320;CATEGORIA0;;1;1;0;1;;CABEÇA DE DIREÇÃO EXTERIOR;CABEÇA DE DIREÇÃO EXTERIOR;0;;
101;1519;34321;1519;101.34321;CATEGORIA0;;1;1;0;1;;CUBO DA RODA;CUBO DA RODA;0;;
101;1519;34322;1519;101.34322;CATEGORIA0;;1;1;0;1;;CARTUCHO PARA SECADOR DE AR;CARTUCHO PARA SECADOR DE AR;0;;
101;1519;34323;1519;101.34323;CATEGORIA0;;1;1;0;1;;BOMBA DO ÓLEO;BOMBA DO ÓLEO;0;;
101;1519;34325;1519;101.34325;CATEGORIA0;;1;1;0;1;;TUBO DE TRAVÃO;TUBO DE TRAVÃO;0;;
101;1519;34326;1519;101.34326;CATEGORIA0;;1;1;0;1;;CASQUILHO DO BRAÇO OSCILANTE;CASQUILHO DO BRAÇO OSCILANTE;0;;
101;1519;34327;1519;101.34327;CATEGORIA0;;1;1;0;1;;TUBO DE TRAVÃO;TUBO DE TRAVÃO;0;;
101;1519;34328;1519;101.34328;CATEGORIA0;;1;1;0;1;;TUBO DE TRAVÃO;TUBO DE TRAVÃO;0;;
101;1519;34329;1519;101.34329;CATEGORIA0;;1;1;0;1;;TUBO DE TRAVÃO;TUBO DE TRAVÃO;0;;
101;1519;34331;1519;101.34331;CATEGORIA0;;1;1;0;1;;CUBO DA RODA;CUBO DA RODA;0;;
101;1519;34332;1519;101.34332;CATEGORIA0;;1;1;0;1;;JOGO DE CABEÇAS DE DIREÇÃO;JOGO DE CABEÇAS DE DIREÇÃO;0;;
101;1519;34333;1519;101.34333;CATEGORIA0;;1;1;0;1;;KIT DE BRAÇOS DE SUSPENSÃO;KIT DE BRAÇOS DE SUSPENSÃO;0;;
101;1519;34334;1519;101.34334;CATEGORIA0;;1;1;0;1;;PORCA DE RODA;PORCA DE RODA;0;;
101;1519;34335;1519;101.34335;CATEGORIA0;;1;1;0;1;;RÓTULA;RÓTULA;0;;
101;1519;34336;1519;101.34336;CATEGORIA0;;1;1;0;1;;CORREIA TRAPEZOIDAL ESTRIADA;CORREIA TRAPEZOIDAL ESTRIADA;0;;
101;1519;34337;1519;101.34337;CATEGORIA0;;1;1;0;1;;CORREIA TRAPEZOIDAL ESTRIADA;CORREIA TRAPEZOIDAL ESTRIADA;0;;
101;1519;34338;1519;101.34338;CATEGORIA0;;1;1;0;1;;CORREIA TRAPEZOIDAL ESTRIADA;CORREIA TRAPEZOIDAL ESTRIADA;0;;
101;1519;34339;1519;101.34339;CATEGORIA0;;1;1;0;1;;CORREIA TRAPEZOIDAL ESTRIADA;CORREIA TRAPEZOIDAL ESTRIADA;0;;
101;1519;34340;1519;101.34340;CATEGORIA0;;1;1;0;1;;CORREIA TRAPEZOIDAL ESTRIADA;CORREIA TRAPEZOIDAL ESTRIADA;0;;
101;1519;34341;1519;101.34341;CATEGORIA0;;1;1;0;1;;CORREIA TRAPEZOIDAL ESTRIADA;CORREIA TRAPEZOIDAL ESTRIADA;0;;
101;1519;34342;1519;101.34342;CATEGORIA0;;1;1;0;1;;CORREIA TRAPEZOIDAL ESTRIADA;CORREIA TRAPEZOIDAL ESTRIADA;0;;
101;1519;34344;1519;101.34344;CATEGORIA0;;1;1;0;1;;CORREIA TRAPEZOIDAL ESTRIADA;CORREIA TRAPEZOIDAL ESTRIADA;0;;
101;1519;34346;1519;101.34346;CATEGORIA0;;1;1;0;1;;CORREIA TRAPEZOIDAL ESTRIADA;CORREIA TRAPEZOIDAL ESTRIADA;0;;
101;1519;34347;1519;101.34347;CATEGORIA0;;1;1;0;1;;CORREIA TRAPEZOIDAL ESTRIADA;CORREIA TRAPEZOIDAL ESTRIADA;0;;
101;1519;34348;1519;101.34348;CATEGORIA0;;1;1;0;1;;CORREIA TRAPEZOIDAL ESTRIADA;CORREIA TRAPEZOIDAL ESTRIADA;0;;
101;1519;34349;1519;101.34349;CATEGORIA0;;1;1;0;1;;CORREIA TRAPEZOIDAL ESTRIADA;CORREIA TRAPEZOIDAL ESTRIADA;0;;
101;1519;34350;1519;101.34350;CATEGORIA0;;1;1;0;1;;CORREIA TRAPEZOIDAL ESTRIADA;CORREIA TRAPEZOIDAL ESTRIADA;0;;
101;1519;34353;1519;101.34353;CATEGORIA0;;1;1;0;1;;CORREIA TRAPEZOIDAL ESTRIADA;CORREIA TRAPEZOIDAL ESTRIADA;0;;
101;1519;34354;1519;101.34354;CATEGORIA0;;1;1;0;1;;CORREIA TRAPEZOIDAL ESTRIADA;CORREIA TRAPEZOIDAL ESTRIADA;0;;
101;1519;34355;1519;101.34355;CATEGORIA0;;1;1;0;1;;CORREIA TRAPEZOIDAL ESTRIADA;CORREIA TRAPEZOIDAL ESTRIADA;0;;
101;1519;34356;1519;101.34356;CATEGORIA0;;1;1;0;1;;CABEÇA DE DIREÇÃO INTERIOR;CABEÇA DE DIREÇÃO INTERIOR;0;;
101;1519;34357;1519;101.34357;CATEGORIA0;;1;1;0;1;;ÁRVORE DE CAMES DO TRAVÃO;ÁRVORE DE CAMES DO TRAVÃO;0;;
101;1519;34358;1519;101.34358;CATEGORIA0;;1;1;0;1;;ÁRVORE DE CAMES DO TRAVÃO;ÁRVORE DE CAMES DO TRAVÃO;0;;
101;1519;34359;1519;101.34359;CATEGORIA0;;1;1;0;1;;SUPORTE BARRA ESTABILIZADORA;SUPORTE BARRA ESTABILIZADORA;0;;
101;1519;34367;1519;101.34367;CATEGORIA0;;1;1;0;1;;SUPORTE DA CAIXA DA DIREÇÃO;SUPORTE DA CAIXA DA DIREÇÃO;0;;
101;1519;34368;1519;101.34368;CATEGORIA0;;1;1;0;1;;TUBO DE TRAVÃO;TUBO DE TRAVÃO;0;;
101;1519;34369;1519;101.34369;CATEGORIA0;;1;1;0;1;;JOGO DE CALÇOS DE TRAVÃO;JOGO DE CALÇOS DE TRAVÃO;0;;
101;1519;34370;1519;101.34370;CATEGORIA0;;1;1;0;1;;RESISTÊNCIA;RESISTÊNCIA;0;;
101;1519;34371;1519;101.34371;CATEGORIA0;;1;1;0;1;;CABEÇA DE DIREÇÃO INTERIOR;CABEÇA DE DIREÇÃO INTERIOR;0;;
101;1519;34378;1519;101.34378;CATEGORIA0;;1;1;0;1;;JOGO DE ROLAMENTO DE RODA;JOGO DE ROLAMENTO DE RODA;0;;
101;1519;34380;1519;101.34380;CATEGORIA0;;1;1;0;1;;POLIE DO ALTERNADOR COM EMBRAIAGEM;POLIE DO ALTERNADOR COM EMBRAIAGEM;0;;
101;1519;34382;1519;101.34382;CATEGORIA0;;1;1;0;1;;SENSOR DE POSIÇÃO DA ÁRVORE DE CAMES;SENSOR DE POSIÇÃO DA ÁRVORE DE CAMES;0;;
101;1519;34383;1519;101.34383;CATEGORIA0;;1;1;0;1;;CABEÇA DE DIREÇÃO INTERIOR;CABEÇA DE DIREÇÃO INTERIOR;0;;
101;1519;34384;1519;101.34384;CATEGORIA0;;1;1;0;1;;CABEÇA DE DIREÇÃO INTERIOR;CABEÇA DE DIREÇÃO INTERIOR;0;;
101;1519;34385;1519;101.34385;CATEGORIA0;;1;1;0;1;;VÁLVULA DE ADMISSÃO;VÁLVULA DE ADMISSÃO;0;;
101;1519;34386;1519;101.34386;CATEGORIA0;;1;1;0;1;;VÁLVULA DE ESCAPE;VÁLVULA DE ESCAPE;0;;
101;1519;34387;1519;101.34387;CATEGORIA0;;1;1;0;1;;SONDA LAMBDA;SONDA LAMBDA;0;;
101;1519;34388;1519;101.34388;CATEGORIA0;;1;1;0;1;;SONDA LAMBDA;SONDA LAMBDA;0;;
101;1519;34389;1519;101.34389;CATEGORIA0;;1;1;0;1;;CONCÊNTRICO DE EMBRAIAGEM;CONCÊNTRICO DE EMBRAIAGEM;0;;
101;1519;34390;1519;101.34390;CATEGORIA0;;1;1;0;1;;APOIO DE MOTOR / TRANSMISSÃO;APOIO DE MOTOR / TRANSMISSÃO;0;;
101;1519;34391;1519;101.34391;CATEGORIA0;;1;1;0;1;;SUPORTE DO DISPOSITIVO AMORTECEDOR;SUPORTE DO DISPOSITIVO AMORTECEDOR;0;;
101;1519;34392;1519;101.34392;CATEGORIA0;;1;1;0;1;;BOMBA DE ÁGUA;BOMBA DE ÁGUA;0;;
101;1519;34393;1519;101.34393;CATEGORIA0;;1;1;0;1;;SUPORTE DO DISPOSITIVO AMORTECEDOR;SUPORTE DO DISPOSITIVO AMORTECEDOR;0;;
101;1519;34394;1519;101.34394;CATEGORIA0;;1;1;0;1;;CABO DE TRAVÃO;CABO DE TRAVÃO;0;;
101;1519;34395;1519;101.34395;CATEGORIA0;;1;1;0;1;;CABO DE TRAVÃO;CABO DE TRAVÃO;0;;
101;1519;34396;1519;101.34396;CATEGORIA0;;1;1;0;1;;CABO DE TRAVÃO;CABO DE TRAVÃO;0;;
101;1519;34397;1519;101.34397;CATEGORIA0;;1;1;0;1;;CABO DE TRAVÃO;CABO DE TRAVÃO;0;;
101;1519;34398;1519;101.34398;CATEGORIA0;;1;1;0;1;;FILTRO DE ÓLEO;FILTRO DE ÓLEO;0;;
101;1519;34399;1519;101.34399;CATEGORIA0;;1;1;0;1;;FILTRO DE AR;FILTRO DE AR;0;;
101;1519;34400;1519;101.34400;CATEGORIA0;;1;1;0;1;;FILTRO DE AR;FILTRO DE AR;0;;
101;1519;34401;1519;101.34401;CATEGORIA0;;1;1;0;1;;FILTRO DE AR;FILTRO DE AR;0;;
101;1519;34402;1519;101.34402;CATEGORIA0;;1;1;0;1;;FILTRO DE AR;FILTRO DE AR;0;;
101;1519;34403;1519;101.34403;CATEGORIA0;;1;1;0;1;;FILTRO DE AR;FILTRO DE AR;0;;
101;1519;34404;1519;101.34404;CATEGORIA0;;1;1;0;1;;FILTRO DE AR;FILTRO DE AR;0;;
101;1519;34405;1519;101.34405;CATEGORIA0;;1;1;0;1;;FILTRO DE COMBUSTÍVEL;FILTRO DE COMBUSTÍVEL;0;;
101;1519;34406;1519;101.34406;CATEGORIA0;;1;1;0;1;;FILTRO DE AR;FILTRO DE AR;0;;
101;1519;34407;1519;101.34407;CATEGORIA0;;1;1;0;1;;FILTRO DE AR;FILTRO DE AR;0;;
101;1519;34408;1519;101.34408;CATEGORIA0;;1;1;0;1;;FILTRO DE AR;FILTRO DE AR;0;;
101;1519;34410;1519;101.34410;CATEGORIA0;;1;1;0;1;;MOLA PNEUMÁTICA;MOLA PNEUMÁTICA;0;;
101;1519;34411;1519;101.34411;CATEGORIA0;;1;1;0;1;;MOLA PNEUMÁTICA;MOLA PNEUMÁTICA;0;;
101;1519;34412;1519;101.34412;CATEGORIA0;;1;1;0;1;;MOLA PNEUMÁTICA;MOLA PNEUMÁTICA;0;;
101;1519;34413;1519;101.34413;CATEGORIA0;;1;1;0;1;;MOLA PNEUMÁTICA;MOLA PNEUMÁTICA;0;;
101;1519;34414;1519;101.34414;CATEGORIA0;;1;1;0;1;;MOLA PNEUMÁTICA;MOLA PNEUMÁTICA;0;;
101;1519;34415;1519;101.34415;CATEGORIA0;;1;1;0;1;;MOLA PNEUMÁTICA;MOLA PNEUMÁTICA;0;;
101;1519;34416;1519;101.34416;CATEGORIA0;;1;1;0;1;;MOLA PNEUMÁTICA;MOLA PNEUMÁTICA;0;;
101;1519;34417;1519;101.34417;CATEGORIA0;;1;1;0;1;;MOLA PNEUMÁTICA;MOLA PNEUMÁTICA;0;;
101;1519;34418;1519;101.34418;CATEGORIA0;;1;1;0;1;;MOLA PNEUMÁTICA;MOLA PNEUMÁTICA;0;;
101;1519;34419;1519;101.34419;CATEGORIA0;;1;1;0;1;;MOLA PNEUMÁTICA;MOLA PNEUMÁTICA;0;;
101;1519;34420;1519;101.34420;CATEGORIA0;;1;1;0;1;;MOLA PNEUMÁTICA;MOLA PNEUMÁTICA;0;;
101;1519;34421;1519;101.34421;CATEGORIA0;;1;1;0;1;;MOLA PNEUMÁTICA;MOLA PNEUMÁTICA;0;;
101;1519;34422;1519;101.34422;CATEGORIA0;;1;1;0;1;;MOLA PNEUMÁTICA;MOLA PNEUMÁTICA;0;;
101;1519;34424;1519;101.34424;CATEGORIA0;;1;1;0;1;;MOLA PNEUMÁTICA;MOLA PNEUMÁTICA;0;;
101;1519;34425;1519;101.34425;CATEGORIA0;;1;1;0;1;;MOLA PNEUMÁTICA;MOLA PNEUMÁTICA;0;;
101;1519;34427;1519;101.34427;CATEGORIA0;;1;1;0;1;;MOLA PNEUMÁTICA;MOLA PNEUMÁTICA;0;;
101;1519;34428;1519;101.34428;CATEGORIA0;;1;1;0;1;;MOLA PNEUMÁTICA;MOLA PNEUMÁTICA;0;;
101;1519;34429;1519;101.34429;CATEGORIA0;;1;1;0;1;;MOLA PNEUMÁTICA;MOLA PNEUMÁTICA;0;;
101;1519;34430;1519;101.34430;CATEGORIA0;;1;1;0;1;;MOLA PNEUMÁTICA;MOLA PNEUMÁTICA;0;;
101;1519;34431;1519;101.34431;CATEGORIA0;;1;1;0;1;;MOLA PNEUMÁTICA;MOLA PNEUMÁTICA;0;;
101;1519;34432;1519;101.34432;CATEGORIA0;;1;1;0;1;;MOLA PNEUMÁTICA;MOLA PNEUMÁTICA;0;;
101;1519;34433;1519;101.34433;CATEGORIA0;;1;1;0;1;;MOLA PNEUMÁTICA;MOLA PNEUMÁTICA;0;;
101;1519;34434;1519;101.34434;CATEGORIA0;;1;1;0;1;;MOLA PNEUMÁTICA;MOLA PNEUMÁTICA;0;;
101;1519;34435;1519;101.34435;CATEGORIA0;;1;1;0;1;;MOLA PNEUMÁTICA;MOLA PNEUMÁTICA;0;;
101;1519;34436;1519;101.34436;CATEGORIA0;;1;1;0;1;;MOLA PNEUMÁTICA;MOLA PNEUMÁTICA;0;;
101;1519;34437;1519;101.34437;CATEGORIA0;;1;1;0;1;;MOLA PNEUMÁTICA;MOLA PNEUMÁTICA;0;;
101;1519;34438;1519;101.34438;CATEGORIA0;;1;1;0;1;;MOLA PNEUMÁTICA;MOLA PNEUMÁTICA;0;;
101;1519;34439;1519;101.34439;CATEGORIA0;;1;1;0;1;;MOLA PNEUMÁTICA;MOLA PNEUMÁTICA;0;;
101;1519;34440;1519;101.34440;CATEGORIA0;;1;1;0;1;;MOLA PNEUMÁTICA;MOLA PNEUMÁTICA;0;;
101;1519;34441;1519;101.34441;CATEGORIA0;;1;1;0;1;;MOLA PNEUMÁTICA;MOLA PNEUMÁTICA;0;;
101;1519;34442;1519;101.34442;CATEGORIA0;;1;1;0;1;;MOLA PNEUMÁTICA;MOLA PNEUMÁTICA;0;;
101;1519;34443;1519;101.34443;CATEGORIA0;;1;1;0;1;;MOLA PNEUMÁTICA;MOLA PNEUMÁTICA;0;;
101;1519;34444;1519;101.34444;CATEGORIA0;;1;1;0;1;;MOLA PNEUMÁTICA;MOLA PNEUMÁTICA;0;;
101;1519;34445;1519;101.34445;CATEGORIA0;;1;1;0;1;;MOLA PNEUMÁTICA;MOLA PNEUMÁTICA;0;;
101;1519;34446;1519;101.34446;CATEGORIA0;;1;1;0;1;;MOLA PNEUMÁTICA;MOLA PNEUMÁTICA;0;;
101;1519;34447;1519;101.34447;CATEGORIA0;;1;1;0;1;;MOLA PNEUMÁTICA;MOLA PNEUMÁTICA;0;;
101;1519;34448;1519;101.34448;CATEGORIA0;;1;1;0;1;;MOLA PNEUMÁTICA;MOLA PNEUMÁTICA;0;;
101;1519;34449;1519;101.34449;CATEGORIA0;;1;1;0;1;;MOLA PNEUMÁTICA;MOLA PNEUMÁTICA;0;;
101;1519;34450;1519;101.34450;CATEGORIA0;;1;1;0;1;;RELÉ DE PRÉ-INCANDESCÊNCIA;RELÉ DE PRÉ-INCANDESCÊNCIA;0;;
101;1519;34451;1519;101.34451;CATEGORIA0;;1;1;0;1;;RELÉ DE PRÉ-INCANDESCÊNCIA;RELÉ DE PRÉ-INCANDESCÊNCIA;0;;
101;1519;34452;1519;101.34452;CATEGORIA0;;1;1;0;1;;RELÉ DE PRÉ-INCANDESCÊNCIA;RELÉ DE PRÉ-INCANDESCÊNCIA;0;;
101;1519;34454;1519;101.34454;CATEGORIA0;;1;1;0;1;;CORREIA TRAPEZOIDAL ESTRIADA;CORREIA TRAPEZOIDAL ESTRIADA;0;;
101;1519;34455;1519;101.34455;CATEGORIA0;;1;1;0;1;;SUPORTE DO DISPOSITIVO AMORTECEDOR;SUPORTE DO DISPOSITIVO AMORTECEDOR;0;;
101;1519;34456;1519;101.34456;CATEGORIA0;;1;1;0;1;;SUPORTE DO DISPOSITIVO AMORTECEDOR;SUPORTE DO DISPOSITIVO AMORTECEDOR;0;;
101;1519;34457;1519;101.34457;CATEGORIA0;;1;1;0;1;;SUPORTE DO DISPOSITIVO AMORTECEDOR;SUPORTE DO DISPOSITIVO AMORTECEDOR;0;;
101;1519;34458;1519;101.34458;CATEGORIA0;;1;1;0;1;;SUPORTE DO DISPOSITIVO AMORTECEDOR;SUPORTE DO DISPOSITIVO AMORTECEDOR;0;;
101;1519;34459;1519;101.34459;CATEGORIA0;;1;1;0;1;;CORREIA TRAPEZOIDAL ESTRIADA;CORREIA TRAPEZOIDAL ESTRIADA;0;;
101;1519;34460;1519;101.34460;CATEGORIA0;;1;1;0;1;;CORREIA TRAPEZOIDAL ESTRIADA;CORREIA TRAPEZOIDAL ESTRIADA;0;;
101;1519;34461;1519;101.34461;CATEGORIA0;;1;1;0;1;;CORREIA TRAPEZOIDAL ESTRIADA;CORREIA TRAPEZOIDAL ESTRIADA;0;;
101;1519;34462;1519;101.34462;CATEGORIA0;;1;1;0;1;;CORREIA TRAPEZOIDAL ESTRIADA;CORREIA TRAPEZOIDAL ESTRIADA;0;;
101;1519;34463;1519;101.34463;CATEGORIA0;;1;1;0;1;;CORREIA TRAPEZOIDAL ESTRIADA;CORREIA TRAPEZOIDAL ESTRIADA;0;;
101;1519;34464;1519;101.34464;CATEGORIA0;;1;1;0;1;;CORREIA TRAPEZOIDAL ESTRIADA;CORREIA TRAPEZOIDAL ESTRIADA;0;;
101;1519;34466;1519;101.34466;CATEGORIA0;;1;1;0;1;;HÉLICE DA VENTOINHA;HÉLICE DA VENTOINHA;0;;
101;1519;34467;1519;101.34467;CATEGORIA0;;1;1;0;1;;TENSOR DE CORREIA;TENSOR DE CORREIA;0;;
101;1519;34468;1519;101.34468;CATEGORIA0;;1;1;0;1;;POLIE DE DESVIO;POLIE DE DESVIO;0;;
101;1519;34469;1519;101.34469;CATEGORIA0;;1;1;0;1;;TENSOR DE CORREIA;TENSOR DE CORREIA;0;;
101;1519;34470;1519;101.34470;CATEGORIA0;;1;1;0;1;;POLIE DE DESVIO;POLIE DE DESVIO;0;;
101;1519;34471;1519;101.34471;CATEGORIA0;;1;1;0;1;;TENSOR DE CORREIA;TENSOR DE CORREIA;0;;
101;1519;34472;1519;101.34472;CATEGORIA0;;1;1;0;1;;TENSOR DE CORREIA;TENSOR DE CORREIA;0;;
101;1519;34474;1519;101.34474;CATEGORIA0;;1;1;0;1;;POLIE DE DESVIO;POLIE DE DESVIO;0;;
101;1519;34475;1519;101.34475;CATEGORIA0;;1;1;0;1;;TENSOR DE CORREIA;TENSOR DE CORREIA;0;;
101;1519;34476;1519;101.34476;CATEGORIA0;;1;1;0;1;;JOGO DE CALÇOS DE TRAVÃO;JOGO DE CALÇOS DE TRAVÃO;0;;
101;1519;34477;1519;101.34477;CATEGORIA0;;1;1;0;1;;CABEÇA DE DIREÇÃO EXTERIOR;CABEÇA DE DIREÇÃO EXTERIOR;0;;
101;1519;34479;1519;101.34479;CATEGORIA0;;1;1;0;1;;TUBO FLEXÍVEL DA DIREÇÃO ASSISTIDA;TUBO FLEXÍVEL DA DIREÇÃO ASSISTIDA;0;;
101;1519;34480;1519;101.34480;CATEGORIA0;;1;1;0;1;;CABEÇA DE DIREÇÃO EXTERIOR;CABEÇA DE DIREÇÃO EXTERIOR;0;;
101;1519;34481;1519;101.34481;CATEGORIA0;;1;1;0;1;;CABEÇA DE DIREÇÃO EXTERIOR;CABEÇA DE DIREÇÃO EXTERIOR;0;;
101;1519;34486;1519;101.34486;CATEGORIA0;;1;1;0;1;;CORREIA TRAPEZOIDAL ESTRIADA;CORREIA TRAPEZOIDAL ESTRIADA;0;;
101;1519;34487;1519;101.34487;CATEGORIA0;;1;1;0;1;;CORREIA TRAPEZOIDAL ESTRIADA;CORREIA TRAPEZOIDAL ESTRIADA;0;;
101;1519;34488;1519;101.34488;CATEGORIA0;;1;1;0;1;;CORREIA TRAPEZOIDAL ESTRIADA;CORREIA TRAPEZOIDAL ESTRIADA;0;;
101;1519;34492;1519;101.34492;CATEGORIA0;;1;1;0;1;;ÁRVORE DE CAMES;ÁRVORE DE CAMES;0;;
101;1519;34495;1519;101.34495;CATEGORIA0;;1;1;0;1;;SENSOR DE CHUVA;SENSOR DE CHUVA;0;;
101;1519;34496;1519;101.34496;CATEGORIA0;;1;1;0;1;;SENSOR DE DESGASTE;SENSOR DE DESGASTE;0;;
101;1519;34497;1519;101.34497;CATEGORIA0;;1;1;0;1;;SENSOR DE DESGASTE;SENSOR DE DESGASTE;0;;
101;1519;34498;1519;101.34498;CATEGORIA0;;1;1;0;1;;SENSOR DE DESGASTE;SENSOR DE DESGASTE;0;;
101;1519;34499;1519;101.34499;CATEGORIA0;;1;1;0;1;;SENSOR DE DESGASTE;SENSOR DE DESGASTE;0;;
101;1519;34500;1519;101.34500;CATEGORIA0;;1;1;0;1;;SENSOR DE DESGASTE;SENSOR DE DESGASTE;0;;
101;1519;34501;1519;101.34501;CATEGORIA0;;1;1;0;1;;SUPORTE DA CONTRAFIXA DIAGONAL;SUPORTE DA CONTRAFIXA DIAGONAL;0;;
101;1519;34502;1519;101.34502;CATEGORIA0;;1;1;0;1;;RELÉ;RELÉ;0;;
101;1519;34503;1519;101.34503;CATEGORIA0;;1;1;0;1;;JUNTA DE TAMPA DE VÁLVULAS;JUNTA DE TAMPA DE VÁLVULAS;0;;
101;1519;34504;1519;101.34504;CATEGORIA0;;1;1;0;1;;TENSOR DE CORREIA;TENSOR DE CORREIA;0;;
101;1519;34505;1519;101.34505;CATEGORIA0;;1;1;0;1;;MOLA PNEUMÁTICA;MOLA PNEUMÁTICA;0;;
101;1519;34506;1519;101.34506;CATEGORIA0;;1;1;0;1;;MOLA PNEUMÁTICA;MOLA PNEUMÁTICA;0;;
101;1519;34507;1519;101.34507;CATEGORIA0;;1;1;0;1;;MOLA PNEUMÁTICA;MOLA PNEUMÁTICA;0;;
101;1519;34508;1519;101.34508;CATEGORIA0;;1;1;0;1;;MOLA PNEUMÁTICA;MOLA PNEUMÁTICA;0;;
101;1519;34509;1519;101.34509;CATEGORIA0;;1;1;0;1;;MOLA PNEUMÁTICA;MOLA PNEUMÁTICA;0;;
101;1519;34510;1519;101.34510;CATEGORIA0;;1;1;0;1;;MOLA PNEUMÁTICA;MOLA PNEUMÁTICA;0;;
101;1519;34512;1519;101.34512;CATEGORIA0;;1;1;0;1;;MOLA PNEUMÁTICA;MOLA PNEUMÁTICA;0;;
101;1519;34514;1519;101.34514;CATEGORIA0;;1;1;0;1;;MOLA PNEUMÁTICA;MOLA PNEUMÁTICA;0;;
101;1519;34515;1519;101.34515;CATEGORIA0;;1;1;0;1;;MOLA PNEUMÁTICA;MOLA PNEUMÁTICA;0;;
101;1519;34517;1519;101.34517;CATEGORIA0;;1;1;0;1;;MOLA PNEUMÁTICA;MOLA PNEUMÁTICA;0;;
101;1519;34518;1519;101.34518;CATEGORIA0;;1;1;0;1;;MOLA PNEUMÁTICA;MOLA PNEUMÁTICA;0;;
101;1519;34519;1519;101.34519;CATEGORIA0;;1;1;0;1;;BOMBA DE ÁGUA;BOMBA DE ÁGUA;0;;
101;1519;34520;1519;101.34520;CATEGORIA0;;1;1;0;1;;BRAÇO DE SUSPENSÃO;BRAÇO DE SUSPENSÃO;0;;
101;1519;34521;1519;101.34521;CATEGORIA0;;1;1;0;1;;BRAÇO DE SUSPENSÃO;BRAÇO DE SUSPENSÃO;0;;
101;1519;34524;1519;101.34524;CATEGORIA0;;1;1;0;1;;RELÉ DE PRÉ-INCANDESCÊNCIA;RELÉ DE PRÉ-INCANDESCÊNCIA;0;;
101;1519;34525;1519;101.34525;CATEGORIA0;;1;1;0;1;;RÓTULA;RÓTULA;0;;
101;1519;34526;1519;101.34526;CATEGORIA0;;1;1;0;1;;CHAVE DE SUBSTITUIÇÃO;CHAVE DE SUBSTITUIÇÃO;0;;
101;1519;34527;1519;101.34527;CATEGORIA0;;1;1;0;1;;CHAVE DE SUBSTITUIÇÃO;CHAVE DE SUBSTITUIÇÃO;0;;
101;1519;34528;1519;101.34528;CATEGORIA0;;1;1;0;1;;CHAVE DE SUBSTITUIÇÃO;CHAVE DE SUBSTITUIÇÃO;0;;
101;1519;34529;1519;101.34529;CATEGORIA0;;1;1;0;1;;CHAVE DE SUBSTITUIÇÃO;CHAVE DE SUBSTITUIÇÃO;0;;
101;1519;34530;1519;101.34530;CATEGORIA0;;1;1;0;1;;CHAVE DE SUBSTITUIÇÃO;CHAVE DE SUBSTITUIÇÃO;0;;
101;1519;34531;1519;101.34531;CATEGORIA0;;1;1;0;1;;VÁLVULA DE ESCAPE;VÁLVULA DE ESCAPE;0;;
101;1519;34532;1519;101.34532;CATEGORIA0;;1;1;0;1;;ALAVANCA DE APERTO;ALAVANCA DE APERTO;0;;
101;1519;34533;1519;101.34533;CATEGORIA0;;1;1;0;1;;POLIE DE DESVIO;POLIE DE DESVIO;0;;
101;1519;34534;1519;101.34534;CATEGORIA0;;1;1;0;1;;POLIE DE DESVIO;POLIE DE DESVIO;0;;
101;1519;34535;1519;101.34535;CATEGORIA0;;1;1;0;1;;TUBO DE TRAVÃO;TUBO DE TRAVÃO;0;;
101;1519;34536;1519;101.34536;CATEGORIA0;;1;1;0;1;;POLIE DE DESVIO;POLIE DE DESVIO;0;;
101;1519;34537;1519;101.34537;CATEGORIA0;;1;1;0;1;;POLIE DE DESVIO;POLIE DE DESVIO;0;;
101;1519;34538;1519;101.34538;CATEGORIA0;;1;1;0;1;;POLIE DE DESVIO;POLIE DE DESVIO;0;;
101;1519;34540;1519;101.34540;CATEGORIA0;;1;1;0;1;;TENSOR DE CORREIA;TENSOR DE CORREIA;0;;
101;1519;34541;1519;101.34541;CATEGORIA0;;1;1;0;1;;POLIE DE DESVIO;POLIE DE DESVIO;0;;
101;1519;34542;1519;101.34542;CATEGORIA0;;1;1;0;1;;POLIE DE DESVIO;POLIE DE DESVIO;0;;
101;1519;34543;1519;101.34543;CATEGORIA0;;1;1;0;1;;TENSOR DE CORREIA;TENSOR DE CORREIA;0;;
101;1519;34544;1519;101.34544;CATEGORIA0;;1;1;0;1;;POLIE DE DESVIO;POLIE DE DESVIO;0;;
101;1519;34545;1519;101.34545;CATEGORIA0;;1;1;0;1;;CABEÇA DE DIREÇÃO EXTERIOR;CABEÇA DE DIREÇÃO EXTERIOR;0;;
101;1519;34546;1519;101.34546;CATEGORIA0;;1;1;0;1;;CABEÇA DE DIREÇÃO EXTERIOR;CABEÇA DE DIREÇÃO EXTERIOR;0;;
101;1519;34547;1519;101.34547;CATEGORIA0;;1;1;0;1;;POLIE DO ALTERNADOR COM EMBRAIAGEM;POLIE DO ALTERNADOR COM EMBRAIAGEM;0;;
101;1519;34548;1519;101.34548;CATEGORIA0;;1;1;0;1;;POLIE DO ALTERNADOR COM EMBRAIAGEM;POLIE DO ALTERNADOR COM EMBRAIAGEM;0;;
101;1519;34549;1519;101.34549;CATEGORIA0;;1;1;0;1;;POLIE DO ALTERNADOR COM EMBRAIAGEM;POLIE DO ALTERNADOR COM EMBRAIAGEM;0;;
101;1519;34550;1519;101.34550;CATEGORIA0;;1;1;0;1;;POLIE DO ALTERNADOR COM EMBRAIAGEM;POLIE DO ALTERNADOR COM EMBRAIAGEM;0;;
101;1519;34551;1519;101.34551;CATEGORIA0;;1;1;0;1;;BALANCINS ACIONADOS POR ROLETES;BALANCINS ACIONADOS POR ROLETES;0;;
101;1519;34552;1519;101.34552;CATEGORIA0;;1;1;0;1;;BALANCINS ACIONADOS POR ROLETES;BALANCINS ACIONADOS POR ROLETES;0;;
101;1519;34553;1519;101.34553;CATEGORIA0;;1;1;0;1;;BALANCINS ACIONADOS POR ROLETES;BALANCINS ACIONADOS POR ROLETES;0;;
101;1519;34554;1519;101.34554;CATEGORIA0;;1;1;0;1;;FILTRO DE HABITÁCULO;FILTRO DE HABITÁCULO;0;;
101;1519;34555;1519;101.34555;CATEGORIA0;;1;1;0;1;;FILTRO DE HABITÁCULO;FILTRO DE HABITÁCULO;0;;
101;1519;34556;1519;101.34556;CATEGORIA0;;1;1;0;1;;FILTRO DE HABITÁCULO;FILTRO DE HABITÁCULO;0;;
101;1519;34557;1519;101.34557;CATEGORIA0;;1;1;0;1;;FILTRO DE HABITÁCULO;FILTRO DE HABITÁCULO;0;;
101;1519;34558;1519;101.34558;CATEGORIA0;;1;1;0;1;;FILTRO DE HABITÁCULO;FILTRO DE HABITÁCULO;0;;
101;1519;34559;1519;101.34559;CATEGORIA0;;1;1;0;1;;SUPORTE BARRA ESTABILIZADORA;SUPORTE BARRA ESTABILIZADORA;0;;
101;1519;34560;1519;101.34560;CATEGORIA0;;1;1;0;1;;SUPORTE BARRA ESTABILIZADORA;SUPORTE BARRA ESTABILIZADORA;0;;
101;1519;34561;1519;101.34561;CATEGORIA0;;1;1;0;1;;SUPORTE BARRA ESTABILIZADORA;SUPORTE BARRA ESTABILIZADORA;0;;
101;1519;34562;1519;101.34562;CATEGORIA0;;1;1;0;1;;SUPORTE BARRA ESTABILIZADORA;SUPORTE BARRA ESTABILIZADORA;0;;
101;1519;34563;1519;101.34563;CATEGORIA0;;1;1;0;1;;MARTELO DE VÁLVULA;MARTELO DE VÁLVULA;0;;
101;1519;34564;1519;101.34564;CATEGORIA0;;1;1;0;1;;MARTELO DE VÁLVULA;MARTELO DE VÁLVULA;0;;
101;1519;34565;1519;101.34565;CATEGORIA0;;1;1;0;1;;ROLAMENTO DE ROLOS;ROLAMENTO DE ROLOS;0;;
101;1519;34566;1519;101.34566;CATEGORIA0;;1;1;0;1;;FOLE DE PASSAGEM;FOLE DE PASSAGEM;0;;
101;1519;34567;1519;101.34567;CATEGORIA0;;1;1;0;1;;CASQUILHO DA BARRA ESTABILIZADORA;CASQUILHO DA BARRA ESTABILIZADORA;0;;
101;1519;34568;1519;101.34568;CATEGORIA0;;1;1;0;1;;BALANCINS ACIONADOS POR ROLETES;BALANCINS ACIONADOS POR ROLETES;0;;
101;1519;34569;1519;101.34569;CATEGORIA0;;1;1;0;1;;BALANCINS ACIONADOS POR ROLETES;BALANCINS ACIONADOS POR ROLETES;0;;
101;1519;34570;1519;101.34570;CATEGORIA0;;1;1;0;1;;SUPORTE DA CONTRAFIXA DIAGONAL;SUPORTE DA CONTRAFIXA DIAGONAL;0;;
101;1519;34571;1519;101.34571;CATEGORIA0;;1;1;0;1;;SUPORTE DA CONTRAFIXA DIAGONAL;SUPORTE DA CONTRAFIXA DIAGONAL;0;;
101;1519;34572;1519;101.34572;CATEGORIA0;;1;1;0;1;;CLIPE;CLIPE;0;;
101;1519;34573;1519;101.34573;CATEGORIA0;;1;1;0;1;;REBITE;REBITE;0;;
101;1519;34574;1519;101.34574;CATEGORIA0;;1;1;0;1;;TUBO FLEXÍVEL DO AR DE SOBREALIMENTAÇÃO;TUBO FLEXÍVEL DO AR DE SOBREALIMENTAÇÃO;0;;
101;1519;34575;1519;101.34575;CATEGORIA0;;1;1;0;1;;CASQUILHO DO BRAÇO OSCILANTE;CASQUILHO DO BRAÇO OSCILANTE;0;;
101;1519;34576;1519;101.34576;CATEGORIA0;;1;1;0;1;;CABEÇA DE DIREÇÃO EXTERIOR;CABEÇA DE DIREÇÃO EXTERIOR;0;;
101;1519;34577;1519;101.34577;CATEGORIA0;;1;1;0;1;;BARRA DE ACOPLAMENTO;BARRA DE ACOPLAMENTO;0;;
101;1519;34578;1519;101.34578;CATEGORIA0;;1;1;0;1;;CABEÇA DE DIREÇÃO EXTERIOR;CABEÇA DE DIREÇÃO EXTERIOR;0;;
101;1519;34579;1519;101.34579;CATEGORIA0;;1;1;0;1;;BARRA DE ACOPLAMENTO;BARRA DE ACOPLAMENTO;0;;
101;1519;34582;1519;101.34582;CATEGORIA0;;1;1;0;1;;TUCHE DE VÁLVULAS;TUCHE DE VÁLVULAS;0;;
101;1519;34583;1519;101.34583;CATEGORIA0;;1;1;0;1;;BRAÇO DE SUSPENSÃO;BRAÇO DE SUSPENSÃO;0;;
101;1519;34584;1519;101.34584;CATEGORIA0;;1;1;0;1;;BRAÇO DE SUSPENSÃO;BRAÇO DE SUSPENSÃO;0;;
101;1519;34586;1519;101.34586;CATEGORIA0;;1;1;0;1;;SENSOR;SENSOR;0;;
101;1519;34588;1519;101.34588;CATEGORIA0;;1;1;0;1;;BALANCINS ACIONADOS POR ROLETES;BALANCINS ACIONADOS POR ROLETES;0;;
101;1519;34589;1519;101.34589;CATEGORIA0;;1;1;0;1;;POLIE DO ALTERNADOR COM EMBRAIAGEM;POLIE DO ALTERNADOR COM EMBRAIAGEM;0;;
101;1519;34590;1519;101.34590;CATEGORIA0;;1;1;0;1;;BALANCINS ACIONADOS POR ROLETES;BALANCINS ACIONADOS POR ROLETES;0;;
101;1519;34591;1519;101.34591;CATEGORIA0;;1;1;0;1;;POLIE DE DESVIO;POLIE DE DESVIO;0;;
101;1519;34592;1519;101.34592;CATEGORIA0;;1;1;0;1;;BALANCINS ACIONADOS POR ROLETES;BALANCINS ACIONADOS POR ROLETES;0;;
101;1519;34593;1519;101.34593;CATEGORIA0;;1;1;0;1;;MOTOR DO VENTILADOR;MOTOR DO VENTILADOR;0;;
101;1519;34594;1519;101.34594;CATEGORIA0;;1;1;0;1;;MOTOR DO VENTILADOR;MOTOR DO VENTILADOR;0;;
101;1519;34595;1519;101.34595;CATEGORIA0;;1;1;0;1;;MOTOR DO VENTILADOR;MOTOR DO VENTILADOR;0;;
101;1519;34596;1519;101.34596;CATEGORIA0;;1;1;0;1;;MOTOR DO VENTILADOR;MOTOR DO VENTILADOR;0;;
101;1519;34597;1519;101.34597;CATEGORIA0;;1;1;0;1;;POLIE DO ALTERNADOR COM EMBRAIAGEM;POLIE DO ALTERNADOR COM EMBRAIAGEM;0;;
101;1519;34598;1519;101.34598;CATEGORIA0;;1;1;0;1;;POLIE DO ALTERNADOR COM EMBRAIAGEM;POLIE DO ALTERNADOR COM EMBRAIAGEM;0;;
101;1519;34599;1519;101.34599;CATEGORIA0;;1;1;0;1;;POLIE DO ALTERNADOR COM EMBRAIAGEM;POLIE DO ALTERNADOR COM EMBRAIAGEM;0;;
101;1519;34600;1519;101.34600;CATEGORIA0;;1;1;0;1;;POLIE DO ALTERNADOR COM EMBRAIAGEM;POLIE DO ALTERNADOR COM EMBRAIAGEM;0;;
101;1519;34601;1519;101.34601;CATEGORIA0;;1;1;0;1;;BALANCINS ACIONADOS POR ROLETES;BALANCINS ACIONADOS POR ROLETES;0;;
101;1519;34602;1519;101.34602;CATEGORIA0;;1;1;0;1;;BALANCINS ACIONADOS POR ROLETES;BALANCINS ACIONADOS POR ROLETES;0;;
101;1519;34603;1519;101.34603;CATEGORIA0;;1;1;0;1;;BOMBA DE COMBUSTÍVEL;BOMBA DE COMBUSTÍVEL;0;;
101;1519;34604;1519;101.34604;CATEGORIA0;;1;1;0;1;;UNIDADE DE ALIMENTAÇÃO DE COMBUSTÍVEL;UNIDADE DE ALIMENTAÇÃO DE COMBUSTÍVEL;0;;
101;1519;34605;1519;101.34605;CATEGORIA0;;1;1;0;1;;POLIE DO ALTERNADOR COM EMBRAIAGEM;POLIE DO ALTERNADOR COM EMBRAIAGEM;0;;
101;1519;34606;1519;101.34606;CATEGORIA0;;1;1;0;1;;TENSOR DE CORREIA;TENSOR DE CORREIA;0;;
101;1519;34608;1519;101.34608;CATEGORIA0;;1;1;0;1;;ÓLEO PARA TRANSMISSÃO AUTOMÁTICA (ATF);ÓLEO PARA TRANSMISSÃO AUTOMÁTICA (ATF);0;;
101;1519;34609;1519;101.34609;CATEGORIA0;;1;1;0;1;;SENSOR DA CAMBOTA;SENSOR DA CAMBOTA;0;;
101;1519;34610;1519;101.34610;CATEGORIA0;;1;1;0;1;;TENSOR DE CORREIA;TENSOR DE CORREIA;0;;
101;1519;34611;1519;101.34611;CATEGORIA0;;1;1;0;1;;POLIE DE DESVIO;POLIE DE DESVIO;0;;
101;1519;34612;1519;101.34612;CATEGORIA0;;1;1;0;1;;POLIE DO ALTERNADOR COM EMBRAIAGEM;POLIE DO ALTERNADOR COM EMBRAIAGEM;0;;
101;1519;34613;1519;101.34613;CATEGORIA0;;1;1;0;1;;SENSOR DE ABS;SENSOR DE ABS;0;;
101;1519;34614;1519;101.34614;CATEGORIA0;;1;1;0;1;;CABEÇA DE DIREÇÃO INTERIOR;CABEÇA DE DIREÇÃO INTERIOR;0;;
101;1519;34615;1519;101.34615;CATEGORIA0;;1;1;0;1;;SUPORTE BARRA ESTABILIZADORA;SUPORTE BARRA ESTABILIZADORA;0;;
101;1519;34616;1519;101.34616;CATEGORIA0;;1;1;0;1;;CABEÇA DE DIREÇÃO INTERIOR;CABEÇA DE DIREÇÃO INTERIOR;0;;
101;1519;34617;1519;101.34617;CATEGORIA0;;1;1;0;1;;SUPORTE BARRA ESTABILIZADORA;SUPORTE BARRA ESTABILIZADORA;0;;
101;1519;34618;1519;101.34618;CATEGORIA0;;1;1;0;1;;CABEÇA DE DIREÇÃO INTERIOR;CABEÇA DE DIREÇÃO INTERIOR;0;;
101;1519;34619;1519;101.34619;CATEGORIA0;;1;1;0;1;;POLIE DE DESVIO;POLIE DE DESVIO;0;;
101;1519;34626;1519;101.34626;CATEGORIA0;;1;1;0;1;;ROLAMENTO DE ESFERAS;ROLAMENTO DE ESFERAS;0;;
101;1519;34627;1519;101.34627;CATEGORIA0;;1;1;0;1;;KIT DE DISTRIBUIÇÃO;KIT DE DISTRIBUIÇÃO;0;;
101;1519;34630;1519;101.34630;CATEGORIA0;;1;1;0;1;;SUPORTE BARRA ESTABILIZADORA;SUPORTE BARRA ESTABILIZADORA;0;;
101;1519;34632;1519;101.34632;CATEGORIA0;;1;1;0;1;;KIT DE DISTRIBUIÇÃO;KIT DE DISTRIBUIÇÃO;0;;
101;1519;34635;1519;101.34635;CATEGORIA0;;1;1;0;1;;KIT DE DISTRIBUIÇÃO;KIT DE DISTRIBUIÇÃO;0;;
101;1519;34637;1519;101.34637;CATEGORIA0;;1;1;0;1;;KIT DE DISTRIBUIÇÃO;KIT DE DISTRIBUIÇÃO;0;;
101;1519;34638;1519;101.34638;CATEGORIA0;;1;1;0;1;;KIT DE DISTRIBUIÇÃO;KIT DE DISTRIBUIÇÃO;0;;
101;1519;34639;1519;101.34639;CATEGORIA0;;1;1;0;1;;KIT DE DISTRIBUIÇÃO;KIT DE DISTRIBUIÇÃO;0;;
101;1519;34640;1519;101.34640;CATEGORIA0;;1;1;0;1;;KIT DE DISTRIBUIÇÃO;KIT DE DISTRIBUIÇÃO;0;;
101;1519;34641;1519;101.34641;CATEGORIA0;;1;1;0;1;;KIT DE DISTRIBUIÇÃO;KIT DE DISTRIBUIÇÃO;0;;
101;1519;34642;1519;101.34642;CATEGORIA0;;1;1;0;1;;KIT DE DISTRIBUIÇÃO;KIT DE DISTRIBUIÇÃO;0;;
101;1519;34644;1519;101.34644;CATEGORIA0;;1;1;0;1;;TENSOR DE CORREIA;TENSOR DE CORREIA;0;;
101;1519;34647;1519;101.34647;CATEGORIA0;;1;1;0;1;;BRAÇO DE SUSPENSÃO;BRAÇO DE SUSPENSÃO;0;;
101;1519;34648;1519;101.34648;CATEGORIA0;;1;1;0;1;;BRAÇO DE SUSPENSÃO;BRAÇO DE SUSPENSÃO;0;;
101;1519;34655;1519;101.34655;CATEGORIA0;;1;1;0;1;;BRAÇO DE SUSPENSÃO;BRAÇO DE SUSPENSÃO;0;;
101;1519;34656;1519;101.34656;CATEGORIA0;;1;1;0;1;;BRAÇO DE SUSPENSÃO;BRAÇO DE SUSPENSÃO;0;;
101;1519;34657;1519;101.34657;CATEGORIA0;;1;1;0;1;;SUPORTE BARRA ESTABILIZADORA;SUPORTE BARRA ESTABILIZADORA;0;;
101;1519;34658;1519;101.34658;CATEGORIA0;;1;1;0;1;;SUPORTE BARRA ESTABILIZADORA;SUPORTE BARRA ESTABILIZADORA;0;;
101;1519;34659;1519;101.34659;CATEGORIA0;;1;1;0;1;;CABEÇA DE DIREÇÃO EXTERIOR;CABEÇA DE DIREÇÃO EXTERIOR;0;;
101;1519;34660;1519;101.34660;CATEGORIA0;;1;1;0;1;;CABEÇA DE DIREÇÃO EXTERIOR;CABEÇA DE DIREÇÃO EXTERIOR;0;;
101;1519;34661;1519;101.34661;CATEGORIA0;;1;1;0;1;;SUPORTE BARRA ESTABILIZADORA;SUPORTE BARRA ESTABILIZADORA;0;;
101;1519;34662;1519;101.34662;CATEGORIA0;;1;1;0;1;;SUPORTE BARRA ESTABILIZADORA;SUPORTE BARRA ESTABILIZADORA;0;;
101;1519;34663;1519;101.34663;CATEGORIA0;;1;1;0;1;;POLIE DO ALTERNADOR COM EMBRAIAGEM;POLIE DO ALTERNADOR COM EMBRAIAGEM;0;;
101;1519;34664;1519;101.34664;CATEGORIA0;;1;1;0;1;;SUPORTE BARRA ESTABILIZADORA;SUPORTE BARRA ESTABILIZADORA;0;;
101;1519;34665;1519;101.34665;CATEGORIA0;;1;1;0;1;;SUPORTE BARRA ESTABILIZADORA;SUPORTE BARRA ESTABILIZADORA;0;;
101;1519;34666;1519;101.34666;CATEGORIA0;;1;1;0;1;;RÓTULA;RÓTULA;0;;
101;1519;34667;1519;101.34667;CATEGORIA0;;1;1;0;1;;POLIE DO ALTERNADOR COM EMBRAIAGEM;POLIE DO ALTERNADOR COM EMBRAIAGEM;0;;
101;1519;34670;1519;101.34670;CATEGORIA0;;1;1;0;1;;BRAÇO DE SUSPENSÃO;BRAÇO DE SUSPENSÃO;0;;
101;1519;34671;1519;101.34671;CATEGORIA0;;1;1;0;1;;BRAÇO DE SUSPENSÃO;BRAÇO DE SUSPENSÃO;0;;
101;1519;34672;1519;101.34672;CATEGORIA0;;1;1;0;1;;SENSOR DE TEMPERATURA DO LÍQUIDO DE REFRIGERAÇÃO;SENSOR DE TEMPERATURA DO LÍQUIDO DE REFRIGERAÇÃO;0;;
101;1519;34675;1519;101.34675;CATEGORIA0;;1;1;0;1;;BRAÇO DE SUSPENSÃO;BRAÇO DE SUSPENSÃO;0;;
101;1519;34676;1519;101.34676;CATEGORIA0;;1;1;0;1;;BRAÇO DE SUSPENSÃO;BRAÇO DE SUSPENSÃO;0;;
101;1519;34679;1519;101.34679;CATEGORIA0;;1;1;0;1;;INTERRUPTOR;INTERRUPTOR;0;;
101;1519;34681;1519;101.34681;CATEGORIA0;;1;1;0;1;;SONDA LAMBDA;SONDA LAMBDA;0;;
101;1519;34682;1519;101.34682;CATEGORIA0;;1;1;0;1;;CALÇO ELÁSTICO;CALÇO ELÁSTICO;0;;
101;1519;34683;1519;101.34683;CATEGORIA0;;1;1;0;1;;APOIO DA BARRA TRANSVERSAL;APOIO DA BARRA TRANSVERSAL;0;;
101;1519;34684;1519;101.34684;CATEGORIA0;;1;1;0;1;;APOIO DA BARRA TRANSVERSAL;APOIO DA BARRA TRANSVERSAL;0;;
101;1519;34685;1519;101.34685;CATEGORIA0;;1;1;0;1;;SENSOR DE ABS;SENSOR DE ABS;0;;
101;1519;34687;1519;101.34687;CATEGORIA0;;1;1;0;1;;BRAÇO INTEGRAL;BRAÇO INTEGRAL;0;;
101;1519;34692;1519;101.34692;CATEGORIA0;;1;1;0;1;;CASQUILHO DO BRAÇO OSCILANTE;CASQUILHO DO BRAÇO OSCILANTE;0;;
101;1519;34695;1519;101.34695;CATEGORIA0;;1;1;0;1;;BRAÇO INTEGRAL;BRAÇO INTEGRAL;0;;
101;1519;34696;1519;101.34696;CATEGORIA0;;1;1;0;1;;PARAFUSO DA CABEÇA DO MOTOR;PARAFUSO DA CABEÇA DO MOTOR;0;;
101;1519;34697;1519;101.34697;CATEGORIA0;;1;1;0;1;;APOIO DA BARRA TRANSVERSAL;APOIO DA BARRA TRANSVERSAL;0;;
101;1519;34698;1519;101.34698;CATEGORIA0;;1;1;0;1;;CASQUILHO DO BRAÇO OSCILANTE;CASQUILHO DO BRAÇO OSCILANTE;0;;
101;1519;34700;1519;101.34700;CATEGORIA0;;1;1;0;1;;CORPO DE TERMÓSTATO;CORPO DE TERMÓSTATO;0;;
101;1519;34701;1519;101.34701;CATEGORIA0;;1;1;0;1;;GUIA DOS ROLETES;GUIA DOS ROLETES;0;;
101;1519;34702;1519;101.34702;CATEGORIA0;;1;1;0;1;;ANEL DESLIZANTE;ANEL DESLIZANTE;0;;
101;1519;34706;1519;101.34706;CATEGORIA0;;1;1;0;1;;BRAÇO INTEGRAL;BRAÇO INTEGRAL;0;;
101;1519;34707;1519;101.34707;CATEGORIA0;;1;1;0;1;;CASQUILHO DO BRAÇO OSCILANTE;CASQUILHO DO BRAÇO OSCILANTE;0;;
101;1519;34708;1519;101.34708;CATEGORIA0;;1;1;0;1;;TUBO DO RADIADOR;TUBO DO RADIADOR;0;;
101;1519;34709;1519;101.34709;CATEGORIA0;;1;1;0;1;;CASQUILHO DA BARRA ESTABILIZADORA;CASQUILHO DA BARRA ESTABILIZADORA;0;;
101;1519;34710;1519;101.34710;CATEGORIA0;;1;1;0;1;;SUPORTE BARRA ESTABILIZADORA;SUPORTE BARRA ESTABILIZADORA;0;;
101;1519;34711;1519;101.34711;CATEGORIA0;;1;1;0;1;;POLIE DO ALTERNADOR COM EMBRAIAGEM;POLIE DO ALTERNADOR COM EMBRAIAGEM;0;;
101;1519;34712;1519;101.34712;CATEGORIA0;;1;1;0;1;;JOGO DE ROLAMENTO DE RODA;JOGO DE ROLAMENTO DE RODA;0;;
101;1519;34713;1519;101.34713;CATEGORIA0;;1;1;0;1;;CABEÇA DE DIREÇÃO INTERIOR;CABEÇA DE DIREÇÃO INTERIOR;0;;
101;1519;34714;1519;101.34714;CATEGORIA0;;1;1;0;1;;SUPORTE BARRA ESTABILIZADORA;SUPORTE BARRA ESTABILIZADORA;0;;
101;1519;34715;1519;101.34715;CATEGORIA0;;1;1;0;1;;SUPORTE BARRA ESTABILIZADORA;SUPORTE BARRA ESTABILIZADORA;0;;
101;1519;34716;1519;101.34716;CATEGORIA0;;1;1;0;1;;SUPORTE BARRA ESTABILIZADORA;SUPORTE BARRA ESTABILIZADORA;0;;
101;1519;34717;1519;101.34717;CATEGORIA0;;1;1;0;1;;SUPORTE BARRA ESTABILIZADORA;SUPORTE BARRA ESTABILIZADORA;0;;
101;1519;34718;1519;101.34718;CATEGORIA0;;1;1;0;1;;POLIE DO ALTERNADOR COM EMBRAIAGEM;POLIE DO ALTERNADOR COM EMBRAIAGEM;0;;
101;1519;34719;1519;101.34719;CATEGORIA0;;1;1;0;1;;APOIO DE TRANSMISSÃO;APOIO DE TRANSMISSÃO;0;;
101;1519;34720;1519;101.34720;CATEGORIA0;;1;1;0;1;;CABEÇA DE DIREÇÃO INTERIOR;CABEÇA DE DIREÇÃO INTERIOR;0;;
101;1519;34722;1519;101.34722;CATEGORIA0;;1;1;0;1;;BOMBA DO ÓLEO;BOMBA DO ÓLEO;0;;
101;1519;34723;1519;101.34723;CATEGORIA0;;1;1;0;1;;BOMBA DO ÓLEO;BOMBA DO ÓLEO;0;;
101;1519;34726;1519;101.34726;CATEGORIA0;;1;1;0;1;;MOTOR DO VENTILADOR;MOTOR DO VENTILADOR;0;;
101;1519;34727;1519;101.34727;CATEGORIA0;;1;1;0;1;;TUBO DO RADIADOR;TUBO DO RADIADOR;0;;
101;1519;34728;1519;101.34728;CATEGORIA0;;1;1;0;1;;CABEÇA DE DIREÇÃO EXTERIOR;CABEÇA DE DIREÇÃO EXTERIOR;0;;
101;1519;34729;1519;101.34729;CATEGORIA0;;1;1;0;1;;ELO DA CORRENTE;ELO DA CORRENTE;0;;
101;1519;34730;1519;101.34730;CATEGORIA0;;1;1;0;1;;BRAÇO DE SUSPENSÃO;BRAÇO DE SUSPENSÃO;0;;
101;1519;34731;1519;101.34731;CATEGORIA0;;1;1;0;1;;BRAÇO DE SUSPENSÃO;BRAÇO DE SUSPENSÃO;0;;
101;1519;34732;1519;101.34732;CATEGORIA0;;1;1;0;1;;CASQUILHO DO BRAÇO OSCILANTE;CASQUILHO DO BRAÇO OSCILANTE;0;;
101;1519;34733;1519;101.34733;CATEGORIA0;;1;1;0;1;;SUPORTE BARRA ESTABILIZADORA;SUPORTE BARRA ESTABILIZADORA;0;;
101;1519;34734;1519;101.34734;CATEGORIA0;;1;1;0;1;;BRAÇO DO LIMPA-VIDROS;BRAÇO DO LIMPA-VIDROS;0;;
101;1519;34735;1519;101.34735;CATEGORIA0;;1;1;0;1;;BRAÇO DO LIMPA-VIDROS;BRAÇO DO LIMPA-VIDROS;0;;
101;1519;34736;1519;101.34736;CATEGORIA0;;1;1;0;1;;BRAÇO DO LIMPA-VIDROS;BRAÇO DO LIMPA-VIDROS;0;;
101;1519;34737;1519;101.34737;CATEGORIA0;;1;1;0;1;;BRAÇO DO LIMPA-VIDROS;BRAÇO DO LIMPA-VIDROS;0;;
101;1519;34738;1519;101.34738;CATEGORIA0;;1;1;0;1;;JOGO DE ROLAMENTO DE RODA;JOGO DE ROLAMENTO DE RODA;0;;
101;1519;34740;1519;101.34740;CATEGORIA0;;1;1;0;1;;APOIO DA BARRA TRANSVERSAL;APOIO DA BARRA TRANSVERSAL;0;;
101;1519;34741;1519;101.34741;CATEGORIA0;;1;1;0;1;;SUPORTE DO DISPOSITIVO AMORTECEDOR;SUPORTE DO DISPOSITIVO AMORTECEDOR;0;;
101;1519;34744;1519;101.34744;CATEGORIA0;;1;1;0;1;;JUNTA FLEXÍVEL;JUNTA FLEXÍVEL;0;;
101;1519;34745;1519;101.34745;CATEGORIA0;;1;1;0;1;;RÓTULA;RÓTULA;0;;
101;1519;34746;1519;101.34746;CATEGORIA0;;1;1;0;1;;SUPORTE BARRA ESTABILIZADORA;SUPORTE BARRA ESTABILIZADORA;0;;
101;1519;34747;1519;101.34747;CATEGORIA0;;1;1;0;1;;CASQUILHO DA BARRA ESTABILIZADORA;CASQUILHO DA BARRA ESTABILIZADORA;0;;
101;1519;34748;1519;101.34748;CATEGORIA0;;1;1;0;1;;APOIO DA BARRA TRANSVERSAL;APOIO DA BARRA TRANSVERSAL;0;;
101;1519;34749;1519;101.34749;CATEGORIA0;;1;1;0;1;;SUPORTE DO DISPOSITIVO AMORTECEDOR;SUPORTE DO DISPOSITIVO AMORTECEDOR;0;;
101;1519;34750;1519;101.34750;CATEGORIA0;;1;1;0;1;;SUPORTE DO DISPOSITIVO AMORTECEDOR;SUPORTE DO DISPOSITIVO AMORTECEDOR;0;;
101;1519;34751;1519;101.34751;CATEGORIA0;;1;1;0;1;;RELÉ;RELÉ;0;;
101;1519;34753;1519;101.34753;CATEGORIA0;;1;1;0;1;;MOTOR DO LIMPA-VIDROS;MOTOR DO LIMPA-VIDROS;0;;
101;1519;34754;1519;101.34754;CATEGORIA0;;1;1;0;1;;PORCA DE RODA;PORCA DE RODA;0;;
101;1519;34755;1519;101.34755;CATEGORIA0;;1;1;0;1;;CABEÇA DE DIREÇÃO EXTERIOR;CABEÇA DE DIREÇÃO EXTERIOR;0;;
101;1519;34756;1519;101.34756;CATEGORIA0;;1;1;0;1;;CABEÇA DE DIREÇÃO EXTERIOR;CABEÇA DE DIREÇÃO EXTERIOR;0;;
101;1519;34757;1519;101.34757;CATEGORIA0;;1;1;0;1;;SUPORTE BARRA ESTABILIZADORA;SUPORTE BARRA ESTABILIZADORA;0;;
101;1519;34758;1519;101.34758;CATEGORIA0;;1;1;0;1;;SUPORTE BARRA ESTABILIZADORA;SUPORTE BARRA ESTABILIZADORA;0;;
101;1519;34759;1519;101.34759;CATEGORIA0;;1;1;0;1;;BRAÇO DE SUSPENSÃO;BRAÇO DE SUSPENSÃO;0;;
101;1519;34760;1519;101.34760;CATEGORIA0;;1;1;0;1;;BRAÇO DE SUSPENSÃO;BRAÇO DE SUSPENSÃO;0;;
101;1519;34761;1519;101.34761;CATEGORIA0;;1;1;0;1;;CASQUILHO DO BRAÇO OSCILANTE;CASQUILHO DO BRAÇO OSCILANTE;0;;
101;1519;34762;1519;101.34762;CATEGORIA0;;1;1;0;1;;SENSOR DE TEMPERATURA DO LÍQUIDO DE REFRIGERAÇÃO;SENSOR DE TEMPERATURA DO LÍQUIDO DE REFRIGERAÇÃO;0;;
101;1519;34763;1519;101.34763;CATEGORIA0;;1;1;0;1;;JOGO DE ROLAMENTO DE RODA;JOGO DE ROLAMENTO DE RODA;0;;
101;1519;34764;1519;101.34764;CATEGORIA0;;1;1;0;1;;UNIDADE DE ALIMENTAÇÃO DE COMBUSTÍVEL;UNIDADE DE ALIMENTAÇÃO DE COMBUSTÍVEL;0;;
101;1519;34765;1519;101.34765;CATEGORIA0;;1;1;0;1;;CONJUNTO DE CASQUILHOS DO BRAÇO DE SUSPENSÃO;CONJUNTO DE CASQUILHOS DO BRAÇO DE SUSPENSÃO;0;;
101;1519;34767;1519;101.34767;CATEGORIA0;;1;1;0;1;;BRAÇO DE SUSPENSÃO;BRAÇO DE SUSPENSÃO;0;;
101;1519;34768;1519;101.34768;CATEGORIA0;;1;1;0;1;;TUBO DO RADIADOR;TUBO DO RADIADOR;0;;
101;1519;34769;1519;101.34769;CATEGORIA0;;1;1;0;1;;SENSOR DO NÍVEL DA ÁGUA DO LAVA PARA-BRISAS;SENSOR DO NÍVEL DA ÁGUA DO LAVA PARA-BRISAS;0;;
101;1519;34770;1519;101.34770;CATEGORIA0;;1;1;0;1;;CABEÇA DE DIREÇÃO INTERIOR;CABEÇA DE DIREÇÃO INTERIOR;0;;
101;1519;34771;1519;101.34771;CATEGORIA0;;1;1;0;1;;CABEÇA DE DIREÇÃO INTERIOR;CABEÇA DE DIREÇÃO INTERIOR;0;;
101;1519;34772;1519;101.34772;CATEGORIA0;;1;1;0;1;;CABEÇA DE DIREÇÃO INTERIOR;CABEÇA DE DIREÇÃO INTERIOR;0;;
101;1519;34773;1519;101.34773;CATEGORIA0;;1;1;0;1;;CABEÇA DE DIREÇÃO INTERIOR;CABEÇA DE DIREÇÃO INTERIOR;0;;
101;1519;34774;1519;101.34774;CATEGORIA0;;1;1;0;1;;CABEÇA DE DIREÇÃO INTERIOR;CABEÇA DE DIREÇÃO INTERIOR;0;;
101;1519;34775;1519;101.34775;CATEGORIA0;;1;1;0;1;;SUPORTE BARRA ESTABILIZADORA;SUPORTE BARRA ESTABILIZADORA;0;;
101;1519;34776;1519;101.34776;CATEGORIA0;;1;1;0;1;;SUPORTE BARRA ESTABILIZADORA;SUPORTE BARRA ESTABILIZADORA;0;;
101;1519;34777;1519;101.34777;CATEGORIA0;;1;1;0;1;;SUPORTE BARRA ESTABILIZADORA;SUPORTE BARRA ESTABILIZADORA;0;;
101;1519;34778;1519;101.34778;CATEGORIA0;;1;1;0;1;;SENSOR DE ABS;SENSOR DE ABS;0;;
101;1519;34779;1519;101.34779;CATEGORIA0;;1;1;0;1;;POLIE DO ALTERNADOR COM EMBRAIAGEM;POLIE DO ALTERNADOR COM EMBRAIAGEM;0;;
101;1519;34780;1519;101.34780;CATEGORIA0;;1;1;0;1;;FILTRO DE HABITÁCULO;FILTRO DE HABITÁCULO;0;;
101;1519;34781;1519;101.34781;CATEGORIA0;;1;1;0;1;;FILTRO DE HABITÁCULO;FILTRO DE HABITÁCULO;0;;
101;1519;34782;1519;101.34782;CATEGORIA0;;1;1;0;1;;TERMÓSTATO;TERMÓSTATO;0;;
101;1519;34783;1519;101.34783;CATEGORIA0;;1;1;0;1;;POLIE DE DESVIO;POLIE DE DESVIO;0;;
101;1519;34788;1519;101.34788;CATEGORIA0;;1;1;0;1;;MOTOR DO VENTILADOR;MOTOR DO VENTILADOR;0;;
101;1519;34789;1519;101.34789;CATEGORIA0;;1;1;0;1;;JOGO DE ROLAMENTO DE RODA;JOGO DE ROLAMENTO DE RODA;0;;
101;1519;34790;1519;101.34790;CATEGORIA0;;1;1;0;1;;TUBO DE TRAVÃO;TUBO DE TRAVÃO;0;;
101;1519;34791;1519;101.34791;CATEGORIA0;;1;1;0;1;;SENSOR DE TEMPERATURA DO AR;SENSOR DE TEMPERATURA DO AR;0;;
101;1519;34792;1519;101.34792;CATEGORIA0;;1;1;0;1;;TUBO DE TRAVÃO;TUBO DE TRAVÃO;0;;
101;1519;34793;1519;101.34793;CATEGORIA0;;1;1;0;1;;RESISTÊNCIA;RESISTÊNCIA;0;;
101;1519;34794;1519;101.34794;CATEGORIA0;;1;1;0;1;;APOIO DA BARRA TRANSVERSAL;APOIO DA BARRA TRANSVERSAL;0;;
101;1519;34795;1519;101.34795;CATEGORIA0;;1;1;0;1;;JOGO DE JUNTAS PARA TAMPAS DE VÁLVULA;JOGO DE JUNTAS PARA TAMPAS DE VÁLVULA;0;;
101;1519;34796;1519;101.34796;CATEGORIA0;;1;1;0;1;;JOGO DE JUNTAS PARA TAMPAS DE VÁLVULA;JOGO DE JUNTAS PARA TAMPAS DE VÁLVULA;0;;
101;1519;34797;1519;101.34797;CATEGORIA0;;1;1;0;1;;APOIO DE TRANSMISSÃO;APOIO DE TRANSMISSÃO;0;;
101;1519;34798;1519;101.34798;CATEGORIA0;;1;1;0;1;;JOGO DE JUNTAS PARA TAMPAS DE VÁLVULA;JOGO DE JUNTAS PARA TAMPAS DE VÁLVULA;0;;
101;1519;34799;1519;101.34799;CATEGORIA0;;1;1;0;1;;JOGO DE JUNTAS PARA TAMPAS DE VÁLVULA;JOGO DE JUNTAS PARA TAMPAS DE VÁLVULA;0;;
101;1519;34800;1519;101.34800;CATEGORIA0;;1;1;0;1;;JOGO DE ROLAMENTO DE RODA;JOGO DE ROLAMENTO DE RODA;0;;
101;1519;34801;1519;101.34801;CATEGORIA0;;1;1;0;1;;CASQUILHO DA BARRA ESTABILIZADORA;CASQUILHO DA BARRA ESTABILIZADORA;0;;
101;1519;34802;1519;101.34802;CATEGORIA0;;1;1;0;1;;CASQUILHO DA BARRA ESTABILIZADORA;CASQUILHO DA BARRA ESTABILIZADORA;0;;
101;1519;34803;1519;101.34803;CATEGORIA0;;1;1;0;1;;CABEÇA DE DIREÇÃO INTERIOR;CABEÇA DE DIREÇÃO INTERIOR;0;;
101;1519;34804;1519;101.34804;CATEGORIA0;;1;1;0;1;;CASQUILHO DA BARRA ESTABILIZADORA;CASQUILHO DA BARRA ESTABILIZADORA;0;;
101;1519;34805;1519;101.34805;CATEGORIA0;;1;1;0;1;;TENSOR DE CORREIA;TENSOR DE CORREIA;0;;
101;1519;34808;1519;101.34808;CATEGORIA0;;1;1;0;1;;COMUTADOR DO BRAÇO DA DIREÇÃO;COMUTADOR DO BRAÇO DA DIREÇÃO;0;;
101;1519;34809;1519;101.34809;CATEGORIA0;;1;1;0;1;;COMUTADOR DO BRAÇO DA DIREÇÃO;COMUTADOR DO BRAÇO DA DIREÇÃO;0;;
101;1519;34810;1519;101.34810;CATEGORIA0;;1;1;0;1;;COMUTADOR DO BRAÇO DA DIREÇÃO;COMUTADOR DO BRAÇO DA DIREÇÃO;0;;
101;1519;34811;1519;101.34811;CATEGORIA0;;1;1;0;1;;CABEÇA DE DIREÇÃO INTERIOR;CABEÇA DE DIREÇÃO INTERIOR;0;;
101;1519;34812;1519;101.34812;CATEGORIA0;;1;1;0;1;;CABEÇA DE DIREÇÃO INTERIOR;CABEÇA DE DIREÇÃO INTERIOR;0;;
101;1519;34813;1519;101.34813;CATEGORIA0;;1;1;0;1;;BARRA DE ACOPLAMENTO;BARRA DE ACOPLAMENTO;0;;
101;1519;34814;1519;101.34814;CATEGORIA0;;1;1;0;1;;CONJUNTO DE FILTROS DE HABITÁCULO;CONJUNTO DE FILTROS DE HABITÁCULO;0;;
101;1519;34815;1519;101.34815;CATEGORIA0;;1;1;0;1;;CONJUNTO DE FILTROS DE HABITÁCULO;CONJUNTO DE FILTROS DE HABITÁCULO;0;;
101;1519;34816;1519;101.34816;CATEGORIA0;;1;1;0;1;;RETENTOR DO VEIO;RETENTOR DO VEIO;0;;
101;1519;34817;1519;101.34817;CATEGORIA0;;1;1;0;1;;RETENTOR DO VEIO;RETENTOR DO VEIO;0;;
101;1519;34821;1519;101.34821;CATEGORIA0;;1;1;0;1;;BRAÇO DE SUSPENSÃO;BRAÇO DE SUSPENSÃO;0;;
101;1519;34822;1519;101.34822;CATEGORIA0;;1;1;0;1;;BRAÇO DE SUSPENSÃO;BRAÇO DE SUSPENSÃO;0;;
101;1519;34824;1519;101.34824;CATEGORIA0;;1;1;0;1;;CONJUNTO DE FILTROS DE HABITÁCULO;CONJUNTO DE FILTROS DE HABITÁCULO;0;;
101;1519;34825;1519;101.34825;CATEGORIA0;;1;1;0;1;;POLIE AMORTECEDORA;POLIE AMORTECEDORA;0;;
101;1519;34826;1519;101.34826;CATEGORIA0;;1;1;0;1;;POLIE AMORTECEDORA;POLIE AMORTECEDORA;0;;
101;1519;34827;1519;101.34827;CATEGORIA0;;1;1;0;1;;JUNTA DE CABEÇA;JUNTA DE CABEÇA;0;;
101;1519;34828;1519;101.34828;CATEGORIA0;;1;1;0;1;;VELA DE INCANDESCÊNCIA;VELA DE INCANDESCÊNCIA;0;;
101;1519;34829;1519;101.34829;CATEGORIA0;;1;1;0;1;;APOIO DE MOTOR;APOIO DE MOTOR;0;;
101;1519;34830;1519;101.34830;CATEGORIA0;;1;1;0;1;;SEPARADOR DE ÓLEO;SEPARADOR DE ÓLEO;0;;
101;1519;34831;1519;101.34831;CATEGORIA0;;1;1;0;1;;BOMBA CENTRAL DE EMBRAIAGEM;BOMBA CENTRAL DE EMBRAIAGEM;0;;
101;1519;34832;1519;101.34832;CATEGORIA0;;1;1;0;1;;BOMBA CENTRAL DE EMBRAIAGEM;BOMBA CENTRAL DE EMBRAIAGEM;0;;
101;1519;34833;1519;101.34833;CATEGORIA0;;1;1;0;1;;CABEÇA DE DIREÇÃO INTERIOR;CABEÇA DE DIREÇÃO INTERIOR;0;;
101;1519;34834;1519;101.34834;CATEGORIA0;;1;1;0;1;;BOMBA CENTRAL DE EMBRAIAGEM;BOMBA CENTRAL DE EMBRAIAGEM;0;;
101;1519;34835;1519;101.34835;CATEGORIA0;;1;1;0;1;;BOMBA CENTRAL DE EMBRAIAGEM;BOMBA CENTRAL DE EMBRAIAGEM;0;;
101;1519;34836;1519;101.34836;CATEGORIA0;;1;1;0;1;;BOMBA CENTRAL DE EMBRAIAGEM;BOMBA CENTRAL DE EMBRAIAGEM;0;;
101;1519;34837;1519;101.34837;CATEGORIA0;;1;1;0;1;;BOMBA CENTRAL DE EMBRAIAGEM;BOMBA CENTRAL DE EMBRAIAGEM;0;;
101;1519;34838;1519;101.34838;CATEGORIA0;;1;1;0;1;;BOMBA CENTRAL DE EMBRAIAGEM;BOMBA CENTRAL DE EMBRAIAGEM;0;;
101;1519;34839;1519;101.34839;CATEGORIA0;;1;1;0;1;;CASQUILHO DO BRAÇO OSCILANTE;CASQUILHO DO BRAÇO OSCILANTE;0;;
101;1519;34840;1519;101.34840;CATEGORIA0;;1;1;0;1;;CONCÊNTRICO DE EMBRAIAGEM;CONCÊNTRICO DE EMBRAIAGEM;0;;
101;1519;34841;1519;101.34841;CATEGORIA0;;1;1;0;1;;CONCÊNTRICO DE EMBRAIAGEM;CONCÊNTRICO DE EMBRAIAGEM;0;;
101;1519;34842;1519;101.34842;CATEGORIA0;;1;1;0;1;;CONCÊNTRICO DE EMBRAIAGEM;CONCÊNTRICO DE EMBRAIAGEM;0;;
101;1519;34843;1519;101.34843;CATEGORIA0;;1;1;0;1;;CONCÊNTRICO DE EMBRAIAGEM;CONCÊNTRICO DE EMBRAIAGEM;0;;
101;1519;34844;1519;101.34844;CATEGORIA0;;1;1;0;1;;BARRA DE ACOPLAMENTO;BARRA DE ACOPLAMENTO;0;;
101;1519;34845;1519;101.34845;CATEGORIA0;;1;1;0;1;;BARRA DE ACOPLAMENTO;BARRA DE ACOPLAMENTO;0;;
101;1519;34846;1519;101.34846;CATEGORIA0;;1;1;0;1;;POLIE AMORTECEDORA;POLIE AMORTECEDORA;0;;
101;1519;34847;1519;101.34847;CATEGORIA0;;1;1;0;1;;POLIE AMORTECEDORA;POLIE AMORTECEDORA;0;;
101;1519;34848;1519;101.34848;CATEGORIA0;;1;1;0;1;;APOIO DA BARRA TRANSVERSAL;APOIO DA BARRA TRANSVERSAL;0;;
101;1519;34849;1519;101.34849;CATEGORIA0;;1;1;0;1;;APOIO DE MOTOR;APOIO DE MOTOR;0;;
101;1519;34850;1519;101.34850;CATEGORIA0;;1;1;0;1;;TERMÓSTATO;TERMÓSTATO;0;;
101;1519;34851;1519;101.34851;CATEGORIA0;;1;1;0;1;;TERMÓSTATO;TERMÓSTATO;0;;
101;1519;34853;1519;101.34853;CATEGORIA0;;1;1;0;1;;SUPORTE BARRA ESTABILIZADORA;SUPORTE BARRA ESTABILIZADORA;0;;
101;1519;34854;1519;101.34854;CATEGORIA0;;1;1;0;1;;SUPORTE BARRA ESTABILIZADORA;SUPORTE BARRA ESTABILIZADORA;0;;
101;1519;34855;1519;101.34855;CATEGORIA0;;1;1;0;1;;JUNTA DE TAMPA DE VÁLVULAS;JUNTA DE TAMPA DE VÁLVULAS;0;;
101;1519;34856;1519;101.34856;CATEGORIA0;;1;1;0;1;;JUNTA DE TAMPA DE VÁLVULAS;JUNTA DE TAMPA DE VÁLVULAS;0;;
101;1519;34857;1519;101.34857;CATEGORIA0;;1;1;0;1;;BOMBA CENTRAL DE EMBRAIAGEM;BOMBA CENTRAL DE EMBRAIAGEM;0;;
101;1519;34859;1519;101.34859;CATEGORIA0;;1;1;0;1;;BOMBA AUXILIAR DE EMBRAIAGEM;BOMBA AUXILIAR DE EMBRAIAGEM;0;;
101;1519;34860;1519;101.34860;CATEGORIA0;;1;1;0;1;;ROLAMENTO DE EMBRAIAGEM;ROLAMENTO DE EMBRAIAGEM;0;;
101;1519;34862;1519;101.34862;CATEGORIA0;;1;1;0;1;;MOTOR DE ESGUICHO;MOTOR DE ESGUICHO;0;;
101;1519;34863;1519;101.34863;CATEGORIA0;;1;1;0;1;;MOTOR DE ESGUICHO;MOTOR DE ESGUICHO;0;;
101;1519;34864;1519;101.34864;CATEGORIA0;;1;1;0;1;;MOTOR DE ESGUICHO;MOTOR DE ESGUICHO;0;;
101;1519;34865;1519;101.34865;CATEGORIA0;;1;1;0;1;;MOTOR DE ESGUICHO;MOTOR DE ESGUICHO;0;;
101;1519;34867;1519;101.34867;CATEGORIA0;;1;1;0;1;;SENSOR DO NÍVEL DA ÁGUA DO LAVA PARA-BRISAS;SENSOR DO NÍVEL DA ÁGUA DO LAVA PARA-BRISAS;0;;
101;1519;34868;1519;101.34868;CATEGORIA0;;1;1;0;1;;BARRA DE DESLIZE;BARRA DE DESLIZE;0;;
101;1519;34869;1519;101.34869;CATEGORIA0;;1;1;0;1;;ROLAMENTO DE EMBRAIAGEM;ROLAMENTO DE EMBRAIAGEM;0;;
101;1519;34870;1519;101.34870;CATEGORIA0;;1;1;0;1;;FILTRO DE AR;FILTRO DE AR;0;;
101;1519;34875;1519;101.34875;CATEGORIA0;;1;1;0;1;;JOGO DE ROLAMENTO DE RODA;JOGO DE ROLAMENTO DE RODA;0;;
101;1519;34876;1519;101.34876;CATEGORIA0;;1;1;0;1;;TERMÓSTATO;TERMÓSTATO;0;;
101;1519;34877;1519;101.34877;CATEGORIA0;;1;1;0;1;;SUPORTE BARRA ESTABILIZADORA;SUPORTE BARRA ESTABILIZADORA;0;;
101;1519;34878;1519;101.34878;CATEGORIA0;;1;1;0;1;;SUPORTE BARRA ESTABILIZADORA;SUPORTE BARRA ESTABILIZADORA;0;;
101;1519;34879;1519;101.34879;CATEGORIA0;;1;1;0;1;;BOMBA AUXILIAR DE EMBRAIAGEM;BOMBA AUXILIAR DE EMBRAIAGEM;0;;
101;1519;34880;1519;101.34880;CATEGORIA0;;1;1;0;1;;BOMBA CENTRAL DE EMBRAIAGEM;BOMBA CENTRAL DE EMBRAIAGEM;0;;
101;1519;34882;1519;101.34882;CATEGORIA0;;1;1;0;1;;SENSOR DE DESGASTE;SENSOR DE DESGASTE;0;;
101;1519;34883;1519;101.34883;CATEGORIA0;;1;1;0;1;;SENSOR DE DESGASTE;SENSOR DE DESGASTE;0;;
101;1519;34884;1519;101.34884;CATEGORIA0;;1;1;0;1;;BRAÇO DE SUSPENSÃO;BRAÇO DE SUSPENSÃO;0;;
101;1519;34885;1519;101.34885;CATEGORIA0;;1;1;0;1;;SUPORTE BARRA ESTABILIZADORA;SUPORTE BARRA ESTABILIZADORA;0;;
101;1519;34886;1519;101.34886;CATEGORIA0;;1;1;0;1;;SUPORTE BARRA ESTABILIZADORA;SUPORTE BARRA ESTABILIZADORA;0;;
101;1519;34887;1519;101.34887;CATEGORIA0;;1;1;0;1;;JUNTA DE CABEÇA;JUNTA DE CABEÇA;0;;
101;1519;34888;1519;101.34888;CATEGORIA0;;1;1;0;1;;BOMBA CENTRAL DE EMBRAIAGEM;BOMBA CENTRAL DE EMBRAIAGEM;0;;
101;1519;34889;1519;101.34889;CATEGORIA0;;1;1;0;1;;SUPORTE DE BORRACHA;SUPORTE DE BORRACHA;0;;
101;1519;34890;1519;101.34890;CATEGORIA0;;1;1;0;1;;JUNTA DE TAMPA DE VÁLVULAS;JUNTA DE TAMPA DE VÁLVULAS;0;;
101;1519;34891;1519;101.34891;CATEGORIA0;;1;1;0;1;;CASQUILHO DA BARRA ESTABILIZADORA;CASQUILHO DA BARRA ESTABILIZADORA;0;;
101;1519;34892;1519;101.34892;CATEGORIA0;;1;1;0;1;;CASQUILHO DA BARRA ESTABILIZADORA;CASQUILHO DA BARRA ESTABILIZADORA;0;;
101;1519;34893;1519;101.34893;CATEGORIA0;;1;1;0;1;;CASQUILHO DA BARRA ESTABILIZADORA;CASQUILHO DA BARRA ESTABILIZADORA;0;;
101;1519;34894;1519;101.34894;CATEGORIA0;;1;1;0;1;;FILTRO DE HABITÁCULO;FILTRO DE HABITÁCULO;0;;
101;1519;34895;1519;101.34895;CATEGORIA0;;1;1;0;1;;FILTRO DE HABITÁCULO;FILTRO DE HABITÁCULO;0;;
101;1519;34896;1519;101.34896;CATEGORIA0;;1;1;0;1;;BOMBA CENTRAL DE EMBRAIAGEM;BOMBA CENTRAL DE EMBRAIAGEM;0;;
101;1519;34897;1519;101.34897;CATEGORIA0;;1;1;0;1;;BOMBA CENTRAL DE EMBRAIAGEM;BOMBA CENTRAL DE EMBRAIAGEM;0;;
101;1519;34898;1519;101.34898;CATEGORIA0;;1;1;0;1;;BOMBA CENTRAL DE EMBRAIAGEM;BOMBA CENTRAL DE EMBRAIAGEM;0;;
101;1519;34899;1519;101.34899;CATEGORIA0;;1;1;0;1;;BOMBA CENTRAL DE EMBRAIAGEM;BOMBA CENTRAL DE EMBRAIAGEM;0;;
101;1519;34900;1519;101.34900;CATEGORIA0;;1;1;0;1;;SENSOR DE DISTÂNCIA;SENSOR DE DISTÂNCIA;0;;
101;1519;34901;1519;101.34901;CATEGORIA0;;1;1;0;1;;CABEÇA DE DIREÇÃO EXTERIOR;CABEÇA DE DIREÇÃO EXTERIOR;0;;
101;1519;34902;1519;101.34902;CATEGORIA0;;1;1;0;1;;CABEÇA DE DIREÇÃO EXTERIOR;CABEÇA DE DIREÇÃO EXTERIOR;0;;
101;1519;34903;1519;101.34903;CATEGORIA0;;1;1;0;1;;CABO DE TRAVÃO;CABO DE TRAVÃO;0;;
101;1519;34904;1519;101.34904;CATEGORIA0;;1;1;0;1;;CABO DE TRAVÃO;CABO DE TRAVÃO;0;;
101;1519;34905;1519;101.34905;CATEGORIA0;;1;1;0;1;;CABO DE TRAVÃO;CABO DE TRAVÃO;0;;
101;1519;34906;1519;101.34906;CATEGORIA0;;1;1;0;1;;CABO DE TRAVÃO;CABO DE TRAVÃO;0;;
101;1519;34907;1519;101.34907;CATEGORIA0;;1;1;0;1;;CABO DE TRAVÃO;CABO DE TRAVÃO;0;;
101;1519;34908;1519;101.34908;CATEGORIA0;;1;1;0;1;;CABO DE TRAVÃO;CABO DE TRAVÃO;0;;
101;1519;34909;1519;101.34909;CATEGORIA0;;1;1;0;1;;CABO DE TRAVÃO;CABO DE TRAVÃO;0;;
101;1519;34910;1519;101.34910;CATEGORIA0;;1;1;0;1;;CABO DE TRAVÃO;CABO DE TRAVÃO;0;;
101;1519;34911;1519;101.34911;CATEGORIA0;;1;1;0;1;;CABO DE TRAVÃO;CABO DE TRAVÃO;0;;
101;1519;34912;1519;101.34912;CATEGORIA0;;1;1;0;1;;CABO DE TRAVÃO;CABO DE TRAVÃO;0;;
101;1519;34913;1519;101.34913;CATEGORIA0;;1;1;0;1;;CABO DE TRAVÃO;CABO DE TRAVÃO;0;;
101;1519;34914;1519;101.34914;CATEGORIA0;;1;1;0;1;;CABO DE TRAVÃO;CABO DE TRAVÃO;0;;
101;1519;34915;1519;101.34915;CATEGORIA0;;1;1;0;1;;CABO DE TRAVÃO;CABO DE TRAVÃO;0;;
101;1519;34916;1519;101.34916;CATEGORIA0;;1;1;0;1;;TENSOR DE CORREIA;TENSOR DE CORREIA;0;;
101;1519;34917;1519;101.34917;CATEGORIA0;;1;1;0;1;;RETENTOR DO VEIO;RETENTOR DO VEIO;0;;
101;1519;34918;1519;101.34918;CATEGORIA0;;1;1;0;1;;SUPORTE DO DISPOSITIVO AMORTECEDOR;SUPORTE DO DISPOSITIVO AMORTECEDOR;0;;
101;1519;34919;1519;101.34919;CATEGORIA0;;1;1;0;1;;BOMBA AUXILIAR DE EMBRAIAGEM;BOMBA AUXILIAR DE EMBRAIAGEM;0;;
101;1519;34920;1519;101.34920;CATEGORIA0;;1;1;0;1;;BOMBA AUXILIAR DE EMBRAIAGEM;BOMBA AUXILIAR DE EMBRAIAGEM;0;;
101;1519;34921;1519;101.34921;CATEGORIA0;;1;1;0;1;;COMUTADOR DO BRAÇO DA DIREÇÃO;COMUTADOR DO BRAÇO DA DIREÇÃO;0;;
101;1519;34922;1519;101.34922;CATEGORIA0;;1;1;0;1;;COMUTADOR DO BRAÇO DA DIREÇÃO;COMUTADOR DO BRAÇO DA DIREÇÃO;0;;
101;1519;34923;1519;101.34923;CATEGORIA0;;1;1;0;1;;JOGO DE ROLAMENTO DE RODA;JOGO DE ROLAMENTO DE RODA;0;;
101;1519;34924;1519;101.34924;CATEGORIA0;;1;1;0;1;;JOGO DE ROLAMENTO DE RODA;JOGO DE ROLAMENTO DE RODA;0;;
101;1519;34925;1519;101.34925;CATEGORIA0;;1;1;0;1;;VÁLVULA EGR;VÁLVULA EGR;0;;
101;1519;34926;1519;101.34926;CATEGORIA0;;1;1;0;1;;COMUTADOR DO BRAÇO DA DIREÇÃO;COMUTADOR DO BRAÇO DA DIREÇÃO;0;;
101;1519;34927;1519;101.34927;CATEGORIA0;;1;1;0;1;;COMUTADOR DO BRAÇO DA DIREÇÃO;COMUTADOR DO BRAÇO DA DIREÇÃO;0;;
101;1519;34928;1519;101.34928;CATEGORIA0;;1;1;0;1;;COMUTADOR DO BRAÇO DA DIREÇÃO;COMUTADOR DO BRAÇO DA DIREÇÃO;0;;
101;1519;34929;1519;101.34929;CATEGORIA0;;1;1;0;1;;COMUTADOR DO BRAÇO DA DIREÇÃO;COMUTADOR DO BRAÇO DA DIREÇÃO;0;;
101;1519;34930;1519;101.34930;CATEGORIA0;;1;1;0;1;;COMUTADOR DO BRAÇO DA DIREÇÃO;COMUTADOR DO BRAÇO DA DIREÇÃO;0;;
101;1519;34931;1519;101.34931;CATEGORIA0;;1;1;0;1;;COMUTADOR DO BRAÇO DA DIREÇÃO;COMUTADOR DO BRAÇO DA DIREÇÃO;0;;
101;1519;34932;1519;101.34932;CATEGORIA0;;1;1;0;1;;BOMBA AUXILIAR DE EMBRAIAGEM;BOMBA AUXILIAR DE EMBRAIAGEM;0;;
101;1519;34933;1519;101.34933;CATEGORIA0;;1;1;0;1;;BOMBA AUXILIAR DE EMBRAIAGEM;BOMBA AUXILIAR DE EMBRAIAGEM;0;;
101;1519;34934;1519;101.34934;CATEGORIA0;;1;1;0;1;;BOMBA CENTRAL DE EMBRAIAGEM;BOMBA CENTRAL DE EMBRAIAGEM;0;;
101;1519;34935;1519;101.34935;CATEGORIA0;;1;1;0;1;;CONCÊNTRICO DE EMBRAIAGEM;CONCÊNTRICO DE EMBRAIAGEM;0;;
101;1519;34936;1519;101.34936;CATEGORIA0;;1;1;0;1;;CONCÊNTRICO DE EMBRAIAGEM;CONCÊNTRICO DE EMBRAIAGEM;0;;
101;1519;34937;1519;101.34937;CATEGORIA0;;1;1;0;1;;CONCÊNTRICO DE EMBRAIAGEM;CONCÊNTRICO DE EMBRAIAGEM;0;;
101;1519;34938;1519;101.34938;CATEGORIA0;;1;1;0;1;;CONCÊNTRICO DE EMBRAIAGEM;CONCÊNTRICO DE EMBRAIAGEM;0;;
101;1519;34939;1519;101.34939;CATEGORIA0;;1;1;0;1;;CONCÊNTRICO DE EMBRAIAGEM;CONCÊNTRICO DE EMBRAIAGEM;0;;
101;1519;34940;1519;101.34940;CATEGORIA0;;1;1;0;1;;BRAÇO DE SUSPENSÃO;BRAÇO DE SUSPENSÃO;0;;
101;1519;34942;1519;101.34942;CATEGORIA0;;1;1;0;1;;BOMBA CENTRAL DE EMBRAIAGEM;BOMBA CENTRAL DE EMBRAIAGEM;0;;
101;1519;34943;1519;101.34943;CATEGORIA0;;1;1;0;1;;FOLE DE TRANSMISSÃO;FOLE DE TRANSMISSÃO;0;;
101;1519;34945;1519;101.34945;CATEGORIA0;;1;1;0;1;;JOGO DE FOLES DE DIREÇÃO;JOGO DE FOLES DE DIREÇÃO;0;;
101;1519;34949;1519;101.34949;CATEGORIA0;;1;1;0;1;;JOGO DE FOLES DE DIREÇÃO;JOGO DE FOLES DE DIREÇÃO;0;;
101;1519;34951;1519;101.34951;CATEGORIA0;;1;1;0;1;;SUPORTE DO DISPOSITIVO AMORTECEDOR;SUPORTE DO DISPOSITIVO AMORTECEDOR;0;;
101;1519;34952;1519;101.34952;CATEGORIA0;;1;1;0;1;;SUPORTE DO DISPOSITIVO AMORTECEDOR;SUPORTE DO DISPOSITIVO AMORTECEDOR;0;;
101;1519;34953;1519;101.34953;CATEGORIA0;;1;1;0;1;;JOGO DE ROLAMENTO DE RODA;JOGO DE ROLAMENTO DE RODA;0;;
101;1519;34954;1519;101.34954;CATEGORIA0;;1;1;0;1;;JOGO DE ROLAMENTO DE RODA;JOGO DE ROLAMENTO DE RODA;0;;
101;1519;34955;1519;101.34955;CATEGORIA0;;1;1;0;1;;JOGO DE ROLAMENTO DE RODA;JOGO DE ROLAMENTO DE RODA;0;;
101;1519;34956;1519;101.34956;CATEGORIA0;;1;1;0;1;;JOGO DE ROLAMENTO DE RODA;JOGO DE ROLAMENTO DE RODA;0;;
101;1519;34957;1519;101.34957;CATEGORIA0;;1;1;0;1;;CORPO DE TERMÓSTATO;CORPO DE TERMÓSTATO;0;;
101;1519;34959;1519;101.34959;CATEGORIA0;;1;1;0;1;;SUPORTE BARRA ESTABILIZADORA;SUPORTE BARRA ESTABILIZADORA;0;;
101;1519;34961;1519;101.34961;CATEGORIA0;;1;1;0;1;;JUNTA FLEXÍVEL;JUNTA FLEXÍVEL;0;;
101;1519;34962;1519;101.34962;CATEGORIA0;;1;1;0;1;;CONCÊNTRICO DE EMBRAIAGEM;CONCÊNTRICO DE EMBRAIAGEM;0;;
101;1519;34963;1519;101.34963;CATEGORIA0;;1;1;0;1;;CONCÊNTRICO DE EMBRAIAGEM;CONCÊNTRICO DE EMBRAIAGEM;0;;
101;1519;34964;1519;101.34964;CATEGORIA0;;1;1;0;1;;CÁRTER INFERIOR;CÁRTER INFERIOR;0;;
101;1519;34966;1519;101.34966;CATEGORIA0;;1;1;0;1;;CASQUILHO DA MOLA DE SUSPENSÃO;CASQUILHO DA MOLA DE SUSPENSÃO;0;;
101;1519;34968;1519;101.34968;CATEGORIA0;;1;1;0;1;;CASQUILHO DA MOLA DE SUSPENSÃO;CASQUILHO DA MOLA DE SUSPENSÃO;0;;
101;1519;34970;1519;101.34970;CATEGORIA0;;1;1;0;1;;SENSOR DA CAMBOTA;SENSOR DA CAMBOTA;0;;
101;1519;34971;1519;101.34971;CATEGORIA0;;1;1;0;1;;CORRENTE DE DISTRIBUIÇÃO;CORRENTE DE DISTRIBUIÇÃO;0;;
101;1519;34972;1519;101.34972;CATEGORIA0;;1;1;0;1;;CORRENTE;CORRENTE;0;;
101;1519;34973;1519;101.34973;CATEGORIA0;;1;1;0;1;;KIT DE CORRENTE DE DISTRIBUIÇÃO;KIT DE CORRENTE DE DISTRIBUIÇÃO;0;;
101;1519;34974;1519;101.34974;CATEGORIA0;;1;1;0;1;;RETENTOR DO VEIO;RETENTOR DO VEIO;0;;
101;1519;34975;1519;101.34975;CATEGORIA0;;1;1;0;1;;JOGO DE MONTAGEM;JOGO DE MONTAGEM;0;;
101;1519;34976;1519;101.34976;CATEGORIA0;;1;1;0;1;;RETENTOR DO VEIO;RETENTOR DO VEIO;0;;
101;1519;34977;1519;101.34977;CATEGORIA0;;1;1;0;1;;CORPO DE TERMÓSTATO;CORPO DE TERMÓSTATO;0;;
101;1519;34978;1519;101.34978;CATEGORIA0;;1;1;0;1;;TERMÓSTATO;TERMÓSTATO;0;;
101;1519;34979;1519;101.34979;CATEGORIA0;;1;1;0;1;;BOMBA CENTRAL DE EMBRAIAGEM;BOMBA CENTRAL DE EMBRAIAGEM;0;;
101;1519;34980;1519;101.34980;CATEGORIA0;;1;1;0;1;;BOMBA CENTRAL DE EMBRAIAGEM;BOMBA CENTRAL DE EMBRAIAGEM;0;;
101;1519;34981;1519;101.34981;CATEGORIA0;;1;1;0;1;;BOMBA CENTRAL DE EMBRAIAGEM;BOMBA CENTRAL DE EMBRAIAGEM;0;;
101;1519;34983;1519;101.34983;CATEGORIA0;;1;1;0;1;;TUBO DO RADIADOR;TUBO DO RADIADOR;0;;
101;1519;34984;1519;101.34984;CATEGORIA0;;1;1;0;1;;APOIO DO MACACO DO VEÍCULO;APOIO DO MACACO DO VEÍCULO;0;;
101;1519;34985;1519;101.34985;CATEGORIA0;;1;1;0;1;;APOIO DO MACACO DO VEÍCULO;APOIO DO MACACO DO VEÍCULO;0;;
101;1519;34986;1519;101.34986;CATEGORIA0;;1;1;0;1;;APOIO DO MACACO DO VEÍCULO;APOIO DO MACACO DO VEÍCULO;0;;
101;1519;34987;1519;101.34987;CATEGORIA0;;1;1;0;1;;BOMBA CENTRAL DE EMBRAIAGEM;BOMBA CENTRAL DE EMBRAIAGEM;0;;
101;1519;34988;1519;101.34988;CATEGORIA0;;1;1;0;1;;BOMBA CENTRAL DE EMBRAIAGEM;BOMBA CENTRAL DE EMBRAIAGEM;0;;
101;1519;34989;1519;101.34989;CATEGORIA0;;1;1;0;1;;BOMBA CENTRAL DE EMBRAIAGEM;BOMBA CENTRAL DE EMBRAIAGEM;0;;
101;1519;34991;1519;101.34991;CATEGORIA0;;1;1;0;1;;BOMBA CENTRAL DE EMBRAIAGEM;BOMBA CENTRAL DE EMBRAIAGEM;0;;
101;1519;34992;1519;101.34992;CATEGORIA0;;1;1;0;1;;BOMBA CENTRAL DE EMBRAIAGEM;BOMBA CENTRAL DE EMBRAIAGEM;0;;
101;1519;34993;1519;101.34993;CATEGORIA0;;1;1;0;1;;BOMBA AUXILIAR DE EMBRAIAGEM;BOMBA AUXILIAR DE EMBRAIAGEM;0;;
101;1519;34994;1519;101.34994;CATEGORIA0;;1;1;0;1;;BOMBA CENTRAL DE EMBRAIAGEM;BOMBA CENTRAL DE EMBRAIAGEM;0;;
101;1519;34995;1519;101.34995;CATEGORIA0;;1;1;0;1;;BOMBA CENTRAL DE EMBRAIAGEM;BOMBA CENTRAL DE EMBRAIAGEM;0;;
101;1519;34997;1519;101.34997;CATEGORIA0;;1;1;0;1;;CORPO DE TERMÓSTATO;CORPO DE TERMÓSTATO;0;;
101;1519;34998;1519;101.34998;CATEGORIA0;;1;1;0;1;;FILTRO DE HABITÁCULO;FILTRO DE HABITÁCULO;0;;
101;1519;35000;1519;101.35000;CATEGORIA0;;1;1;0;1;;RETENTOR DA CABINA DO CONDUTOR;RETENTOR DA CABINA DO CONDUTOR;0;;
101;1519;35002;1519;101.35002;CATEGORIA0;;1;1;0;1;;COMUTADOR DO BRAÇO DA DIREÇÃO;COMUTADOR DO BRAÇO DA DIREÇÃO;0;;
101;1519;35003;1519;101.35003;CATEGORIA0;;1;1;0;1;;COMUTADOR DO BRAÇO DA DIREÇÃO;COMUTADOR DO BRAÇO DA DIREÇÃO;0;;
101;1519;35005;1519;101.35005;CATEGORIA0;;1;1;0;1;;RETENTOR DA CABINA DO CONDUTOR;RETENTOR DA CABINA DO CONDUTOR;0;;
101;1519;35006;1519;101.35006;CATEGORIA0;;1;1;0;1;;CILINDRO BASCULANTE;CILINDRO BASCULANTE;0;;
101;1519;35007;1519;101.35007;CATEGORIA0;;1;1;0;1;;CILINDRO BASCULANTE;CILINDRO BASCULANTE;0;;
101;1519;35008;1519;101.35008;CATEGORIA0;;1;1;0;1;;CILINDRO BASCULANTE;CILINDRO BASCULANTE;0;;
101;1519;35009;1519;101.35009;CATEGORIA0;;1;1;0;1;;CILINDRO BASCULANTE;CILINDRO BASCULANTE;0;;
101;1519;35010;1519;101.35010;CATEGORIA0;;1;1;0;1;;RESERVATÓRIO LÍQUIDO REFRIGERAÇÃO;RESERVATÓRIO LÍQUIDO REFRIGERAÇÃO;0;;
101;1519;35011;1519;101.35011;CATEGORIA0;;1;1;0;1;;TIRANTE DO EIXO;TIRANTE DO EIXO;0;;
101;1519;35012;1519;101.35012;CATEGORIA0;;1;1;0;1;;PINO DO EIXO DIANTEIRO;PINO DO EIXO DIANTEIRO;0;;
101;1519;35014;1519;101.35014;CATEGORIA0;;1;1;0;1;;DISCO DE FECHO;DISCO DE FECHO;0;;
101;1519;35015;1519;101.35015;CATEGORIA0;;1;1;0;1;;FILTRO DE AR;FILTRO DE AR;0;;
101;1519;35016;1519;101.35016;CATEGORIA0;;1;1;0;1;;TIRANTE DO EIXO;TIRANTE DO EIXO;0;;
101;1519;35018;1519;101.35018;CATEGORIA0;;1;1;0;1;;BARRA DE ACOPLAMENTO;BARRA DE ACOPLAMENTO;0;;
101;1519;35019;1519;101.35019;CATEGORIA0;;1;1;0;1;;CABEÇA DE DIREÇÃO INTERIOR;CABEÇA DE DIREÇÃO INTERIOR;0;;
101;1519;35020;1519;101.35020;CATEGORIA0;;1;1;0;1;;FILTRO DE COMBUSTÍVEL;FILTRO DE COMBUSTÍVEL;0;;
101;1519;35021;1519;101.35021;CATEGORIA0;;1;1;0;1;;FILTRO DE COMBUSTÍVEL;FILTRO DE COMBUSTÍVEL;0;;
101;1519;35022;1519;101.35022;CATEGORIA0;;1;1;0;1;;BOMBA DE ÁGUA;BOMBA DE ÁGUA;0;;
101;1519;35023;1519;101.35023;CATEGORIA0;;1;1;0;1;;CILINDRO BASCULANTE;CILINDRO BASCULANTE;0;;
101;1519;35024;1519;101.35024;CATEGORIA0;;1;1;0;1;;ALMOFADA DE MOLAS;ALMOFADA DE MOLAS;0;;
101;1519;35025;1519;101.35025;CATEGORIA0;;1;1;0;1;;CILINDRO BASCULANTE;CILINDRO BASCULANTE;0;;
101;1519;35026;1519;101.35026;CATEGORIA0;;1;1;0;1;;BOMBA DE ÁGUA;BOMBA DE ÁGUA;0;;
101;1519;35027;1519;101.35027;CATEGORIA0;;1;1;0;1;;JOGO DE REP. BOMBA DE ÁGUA;JOGO DE REP. BOMBA DE ÁGUA;0;;
101;1519;35028;1519;101.35028;CATEGORIA0;;1;1;0;1;;BOMBA DE ÁGUA;BOMBA DE ÁGUA;0;;
101;1519;35029;1519;101.35029;CATEGORIA0;;1;1;0;1;;BOMBA DE ÁGUA;BOMBA DE ÁGUA;0;;
101;1519;35030;1519;101.35030;CATEGORIA0;;1;1;0;1;;BOMBA DE ÁGUA;BOMBA DE ÁGUA;0;;
101;1519;35031;1519;101.35031;CATEGORIA0;;1;1;0;1;;BOMBA DE ÁGUA;BOMBA DE ÁGUA;0;;
101;1519;35032;1519;101.35032;CATEGORIA0;;1;1;0;1;;FOLE DE MOLA PNEUMÁTICA;FOLE DE MOLA PNEUMÁTICA;0;;
101;1519;35033;1519;101.35033;CATEGORIA0;;1;1;0;1;;AMORTECEDOR DE CABINA;AMORTECEDOR DE CABINA;0;;
101;1519;35034;1519;101.35034;CATEGORIA0;;1;1;0;1;;SERVO-EMBRAIAGEM;SERVO-EMBRAIAGEM;0;;
101;1519;35035;1519;101.35035;CATEGORIA0;;1;1;0;1;;RESERVATÓRIO LÍQUIDO REFRIGERAÇÃO;RESERVATÓRIO LÍQUIDO REFRIGERAÇÃO;0;;
101;1519;35036;1519;101.35036;CATEGORIA0;;1;1;0;1;;APOIO DE MOTOR;APOIO DE MOTOR;0;;
101;1519;35037;1519;101.35037;CATEGORIA0;;1;1;0;1;;APOIO DE MOTOR;APOIO DE MOTOR;0;;
101;1519;35038;1519;101.35038;CATEGORIA0;;1;1;0;1;;CASQUILHO DA MOLA DE SUSPENSÃO;CASQUILHO DA MOLA DE SUSPENSÃO;0;;
101;1519;35040;1519;101.35040;CATEGORIA0;;1;1;0;1;;BRAÇO DE DIREÇÃO EM TRIÂNGULO;BRAÇO DE DIREÇÃO EM TRIÂNGULO;0;;
101;1519;35042;1519;101.35042;CATEGORIA0;;1;1;0;1;;BARRA DE ACOPLAMENTO;BARRA DE ACOPLAMENTO;0;;
101;1519;35043;1519;101.35043;CATEGORIA0;;1;1;0;1;;BARRA INTERMÉDIA DE DIREÇÃO;BARRA INTERMÉDIA DE DIREÇÃO;0;;
101;1519;35044;1519;101.35044;CATEGORIA0;;1;1;0;1;;BARRA INTERMÉDIA DE DIREÇÃO;BARRA INTERMÉDIA DE DIREÇÃO;0;;
101;1519;35045;1519;101.35045;CATEGORIA0;;1;1;0;1;;FILTRO DE HABITÁCULO;FILTRO DE HABITÁCULO;0;;
101;1519;35046;1519;101.35046;CATEGORIA0;;1;1;0;1;;BOMBA DE COMBUSTÍVEL MANUAL;BOMBA DE COMBUSTÍVEL MANUAL;0;;
101;1519;35047;1519;101.35047;CATEGORIA0;;1;1;0;1;;JOGO DE ROLAMENTO DE RODA;JOGO DE ROLAMENTO DE RODA;0;;
101;1519;35048;1519;101.35048;CATEGORIA0;;1;1;0;1;;TUBO DO RADIADOR;TUBO DO RADIADOR;0;;
101;1519;35049;1519;101.35049;CATEGORIA0;;1;1;0;1;;TUBO DO RADIADOR;TUBO DO RADIADOR;0;;
101;1519;35050;1519;101.35050;CATEGORIA0;;1;1;0;1;;TUBO DO RADIADOR;TUBO DO RADIADOR;0;;
101;1519;35051;1519;101.35051;CATEGORIA0;;1;1;0;1;;TUBO DO RADIADOR;TUBO DO RADIADOR;0;;
101;1519;35052;1519;101.35052;CATEGORIA0;;1;1;0;1;;TUBO DO RADIADOR;TUBO DO RADIADOR;0;;
101;1519;35053;1519;101.35053;CATEGORIA0;;1;1;0;1;;TUBO DO RADIADOR;TUBO DO RADIADOR;0;;
101;1519;35054;1519;101.35054;CATEGORIA0;;1;1;0;1;;TUBO DO RADIADOR;TUBO DO RADIADOR;0;;
101;1519;35055;1519;101.35055;CATEGORIA0;;1;1;0;1;;TUBO DO RADIADOR;TUBO DO RADIADOR;0;;
101;1519;35056;1519;101.35056;CATEGORIA0;;1;1;0;1;;TUBO DO RADIADOR;TUBO DO RADIADOR;0;;
101;1519;35057;1519;101.35057;CATEGORIA0;;1;1;0;1;;TUBO DO RADIADOR;TUBO DO RADIADOR;0;;
101;1519;35058;1519;101.35058;CATEGORIA0;;1;1;0;1;;TUBO DO RADIADOR;TUBO DO RADIADOR;0;;
101;1519;35059;1519;101.35059;CATEGORIA0;;1;1;0;1;;TUBO DO RADIADOR;TUBO DO RADIADOR;0;;
101;1519;35060;1519;101.35060;CATEGORIA0;;1;1;0;1;;TUBO DO RADIADOR;TUBO DO RADIADOR;0;;
101;1519;35061;1519;101.35061;CATEGORIA0;;1;1;0;1;;TUBO DO RADIADOR;TUBO DO RADIADOR;0;;
101;1519;35062;1519;101.35062;CATEGORIA0;;1;1;0;1;;SUPORTE BARRA ESTABILIZADORA;SUPORTE BARRA ESTABILIZADORA;0;;
101;1519;35063;1519;101.35063;CATEGORIA0;;1;1;0;1;;BARRA INTERMÉDIA DE DIREÇÃO;BARRA INTERMÉDIA DE DIREÇÃO;0;;
101;1519;35064;1519;101.35064;CATEGORIA0;;1;1;0;1;;ESTRIBO DE MOLA;ESTRIBO DE MOLA;0;;
101;1519;35065;1519;101.35065;CATEGORIA0;;1;1;0;1;;ESTRIBO DE MOLA;ESTRIBO DE MOLA;0;;
101;1519;35066;1519;101.35066;CATEGORIA0;;1;1;0;1;;ESTRIBO DE MOLA;ESTRIBO DE MOLA;0;;
101;1519;35067;1519;101.35067;CATEGORIA0;;1;1;0;1;;ESTRIBO DE MOLA;ESTRIBO DE MOLA;0;;
101;1519;35068;1519;101.35068;CATEGORIA0;;1;1;0;1;;ESTRIBO DE MOLA;ESTRIBO DE MOLA;0;;
101;1519;35069;1519;101.35069;CATEGORIA0;;1;1;0;1;;ESTRIBO DE MOLA;ESTRIBO DE MOLA;0;;
101;1519;35070;1519;101.35070;CATEGORIA0;;1;1;0;1;;ESTRIBO DE MOLA;ESTRIBO DE MOLA;0;;
101;1519;35071;1519;101.35071;CATEGORIA0;;1;1;0;1;;ESTRIBO DE MOLA;ESTRIBO DE MOLA;0;;
101;1519;35072;1519;101.35072;CATEGORIA0;;1;1;0;1;;ESTRIBO DE MOLA;ESTRIBO DE MOLA;0;;
101;1519;35073;1519;101.35073;CATEGORIA0;;1;1;0;1;;ESTRIBO DE MOLA;ESTRIBO DE MOLA;0;;
101;1519;35074;1519;101.35074;CATEGORIA0;;1;1;0;1;;ESTRIBO DE MOLA;ESTRIBO DE MOLA;0;;
101;1519;35075;1519;101.35075;CATEGORIA0;;1;1;0;1;;ANEL DE ABS;ANEL DE ABS;0;;
101;1519;35077;1519;101.35077;CATEGORIA0;;1;1;0;1;;JOGO DE ROLAMENTO DE RODA;JOGO DE ROLAMENTO DE RODA;0;;
101;1519;35078;1519;101.35078;CATEGORIA0;;1;1;0;1;;JOGO DE ROLAMENTO DE RODA;JOGO DE ROLAMENTO DE RODA;0;;
101;1519;35079;1519;101.35079;CATEGORIA0;;1;1;0;1;;BARRA DE ACOPLAMENTO;BARRA DE ACOPLAMENTO;0;;
101;1519;35080;1519;101.35080;CATEGORIA0;;1;1;0;1;;BRAÇO DE DIREÇÃO EM TRIÂNGULO;BRAÇO DE DIREÇÃO EM TRIÂNGULO;0;;
101;1519;35081;1519;101.35081;CATEGORIA0;;1;1;0;1;;BARRA DE ACOPLAMENTO;BARRA DE ACOPLAMENTO;0;;
101;1519;35084;1519;101.35084;CATEGORIA0;;1;1;0;1;;FILTRO DE COMBUSTÍVEL;FILTRO DE COMBUSTÍVEL;0;;
101;1519;35086;1519;101.35086;CATEGORIA0;;1;1;0;1;;PINO DO EIXO DIANTEIRO;PINO DO EIXO DIANTEIRO;0;;
101;1519;35087;1519;101.35087;CATEGORIA0;;1;1;0;1;;CONCÊNTRICO DE EMBRAIAGEM;CONCÊNTRICO DE EMBRAIAGEM;0;;
101;1519;35088;1519;101.35088;CATEGORIA0;;1;1;0;1;;CONCÊNTRICO DE EMBRAIAGEM;CONCÊNTRICO DE EMBRAIAGEM;0;;
101;1519;35089;1519;101.35089;CATEGORIA0;;1;1;0;1;;JOGO DE REP. BARRA DE DIREÇÃO EM TRIÂNGULO;JOGO DE REP. BARRA DE DIREÇÃO EM TRIÂNGULO;0;;
101;1519;35090;1519;101.35090;CATEGORIA0;;1;1;0;1;;APOIO DO TIRANTE DO EIXO;APOIO DO TIRANTE DO EIXO;0;;
101;1519;35091;1519;101.35091;CATEGORIA0;;1;1;0;1;;VÁLVULA;VÁLVULA;0;;
101;1519;35092;1519;101.35092;CATEGORIA0;;1;1;0;1;;BORRACHA DE ENCOSTO;BORRACHA DE ENCOSTO;0;;
101;1519;35093;1519;101.35093;CATEGORIA0;;1;1;0;1;;AJUSTADOR DE FOLGA;AJUSTADOR DE FOLGA;0;;
101;1519;35094;1519;101.35094;CATEGORIA0;;1;1;0;1;;AJUSTADOR DE FOLGA;AJUSTADOR DE FOLGA;0;;
101;1519;35095;1519;101.35095;CATEGORIA0;;1;1;0;1;;AJUSTADOR DE FOLGA;AJUSTADOR DE FOLGA;0;;
101;1519;35096;1519;101.35096;CATEGORIA0;;1;1;0;1;;AJUSTADOR DE FOLGA;AJUSTADOR DE FOLGA;0;;
101;1519;35097;1519;101.35097;CATEGORIA0;;1;1;0;1;;AJUSTADOR DE FOLGA;AJUSTADOR DE FOLGA;0;;
101;1519;35098;1519;101.35098;CATEGORIA0;;1;1;0;1;;AJUSTADOR DE FOLGA;AJUSTADOR DE FOLGA;0;;
101;1519;35099;1519;101.35099;CATEGORIA0;;1;1;0;1;;AJUSTADOR DE FOLGA;AJUSTADOR DE FOLGA;0;;
101;1519;35100;1519;101.35100;CATEGORIA0;;1;1;0;1;;AJUSTADOR DE FOLGA;AJUSTADOR DE FOLGA;0;;
101;1519;35101;1519;101.35101;CATEGORIA0;;1;1;0;1;;AJUSTADOR DE FOLGA;AJUSTADOR DE FOLGA;0;;
101;1519;35103;1519;101.35103;CATEGORIA0;;1;1;0;1;;AJUSTADOR DE FOLGA;AJUSTADOR DE FOLGA;0;;
101;1519;35104;1519;101.35104;CATEGORIA0;;1;1;0;1;;AJUSTADOR DE FOLGA;AJUSTADOR DE FOLGA;0;;
101;1519;35105;1519;101.35105;CATEGORIA0;;1;1;0;1;;AJUSTADOR DE FOLGA;AJUSTADOR DE FOLGA;0;;
101;1519;35106;1519;101.35106;CATEGORIA0;;1;1;0;1;;AJUSTADOR DE FOLGA;AJUSTADOR DE FOLGA;0;;
101;1519;35107;1519;101.35107;CATEGORIA0;;1;1;0;1;;AJUSTADOR DE FOLGA;AJUSTADOR DE FOLGA;0;;
101;1519;35108;1519;101.35108;CATEGORIA0;;1;1;0;1;;AJUSTADOR DE FOLGA;AJUSTADOR DE FOLGA;0;;
101;1519;35110;1519;101.35110;CATEGORIA0;;1;1;0;1;;AJUSTADOR DE FOLGA;AJUSTADOR DE FOLGA;0;;
101;1519;35111;1519;101.35111;CATEGORIA0;;1;1;0;1;;AJUSTADOR DE FOLGA;AJUSTADOR DE FOLGA;0;;
101;1519;35112;1519;101.35112;CATEGORIA0;;1;1;0;1;;AJUSTADOR DE FOLGA;AJUSTADOR DE FOLGA;0;;
101;1519;35113;1519;101.35113;CATEGORIA0;;1;1;0;1;;AJUSTADOR DE FOLGA;AJUSTADOR DE FOLGA;0;;
101;1519;35115;1519;101.35115;CATEGORIA0;;1;1;0;1;;AJUSTADOR DE FOLGA;AJUSTADOR DE FOLGA;0;;
101;1519;35116;1519;101.35116;CATEGORIA0;;1;1;0;1;;AJUSTADOR DE FOLGA;AJUSTADOR DE FOLGA;0;;
101;1519;35117;1519;101.35117;CATEGORIA0;;1;1;0;1;;AJUSTADOR DE FOLGA;AJUSTADOR DE FOLGA;0;;
101;1519;35118;1519;101.35118;CATEGORIA0;;1;1;0;1;;AJUSTADOR DE FOLGA;AJUSTADOR DE FOLGA;0;;
101;1519;35119;1519;101.35119;CATEGORIA0;;1;1;0;1;;AJUSTADOR DE FOLGA;AJUSTADOR DE FOLGA;0;;
101;1519;35120;1519;101.35120;CATEGORIA0;;1;1;0;1;;AJUSTADOR DE FOLGA;AJUSTADOR DE FOLGA;0;;
101;1519;35121;1519;101.35121;CATEGORIA0;;1;1;0;1;;AJUSTADOR DE FOLGA;AJUSTADOR DE FOLGA;0;;
101;1519;35122;1519;101.35122;CATEGORIA0;;1;1;0;1;;AJUSTADOR DE FOLGA;AJUSTADOR DE FOLGA;0;;
101;1519;35123;1519;101.35123;CATEGORIA0;;1;1;0;1;;AJUSTADOR DE FOLGA;AJUSTADOR DE FOLGA;0;;
101;1519;35124;1519;101.35124;CATEGORIA0;;1;1;0;1;;AJUSTADOR DE FOLGA;AJUSTADOR DE FOLGA;0;;
101;1519;35125;1519;101.35125;CATEGORIA0;;1;1;0;1;;AJUSTADOR DE FOLGA;AJUSTADOR DE FOLGA;0;;
101;1519;35126;1519;101.35126;CATEGORIA0;;1;1;0;1;;BARRA INTERMÉDIA DE DIREÇÃO;BARRA INTERMÉDIA DE DIREÇÃO;0;;
101;1519;35127;1519;101.35127;CATEGORIA0;;1;1;0;1;;AJUSTADOR DE FOLGA;AJUSTADOR DE FOLGA;0;;
101;1519;35128;1519;101.35128;CATEGORIA0;;1;1;0;1;;AJUSTADOR DE FOLGA;AJUSTADOR DE FOLGA;0;;
101;1519;35129;1519;101.35129;CATEGORIA0;;1;1;0;1;;AJUSTADOR DE FOLGA;AJUSTADOR DE FOLGA;0;;
101;1519;35130;1519;101.35130;CATEGORIA0;;1;1;0;1;;AJUSTADOR DE FOLGA;AJUSTADOR DE FOLGA;0;;
101;1519;35132;1519;101.35132;CATEGORIA0;;1;1;0;1;;CABEÇA DE DIREÇÃO EXTERIOR;CABEÇA DE DIREÇÃO EXTERIOR;0;;
101;1519;35134;1519;101.35134;CATEGORIA0;;1;1;0;1;;BARRA INTERMÉDIA DE DIREÇÃO;BARRA INTERMÉDIA DE DIREÇÃO;0;;
101;1519;35135;1519;101.35135;CATEGORIA0;;1;1;0;1;;BARRA PANHARD;BARRA PANHARD;0;;
101;1519;35137;1519;101.35137;CATEGORIA0;;1;1;0;1;;TIRANTE DO EIXO;TIRANTE DO EIXO;0;;
101;1519;35140;1519;101.35140;CATEGORIA0;;1;1;0;1;;BARRA INTERMÉDIA DE DIREÇÃO;BARRA INTERMÉDIA DE DIREÇÃO;0;;
101;1519;35141;1519;101.35141;CATEGORIA0;;1;1;0;1;;INTERRUPTOR DE LUZ;INTERRUPTOR DE LUZ;0;;
101;1519;35142;1519;101.35142;CATEGORIA0;;1;1;0;1;;INTERRUPTOR DE PRESSÃO;INTERRUPTOR DE PRESSÃO;0;;
101;1519;35143;1519;101.35143;CATEGORIA0;;1;1;0;1;;SENSOR DE POSIÇÃO DA ÁRVORE DE CAMES;SENSOR DE POSIÇÃO DA ÁRVORE DE CAMES;0;;
101;1519;35144;1519;101.35144;CATEGORIA0;;1;1;0;1;;RETENTOR DA CAMBOTA;RETENTOR DA CAMBOTA;0;;
101;1519;35145;1519;101.35145;CATEGORIA0;;1;1;0;1;;RETENTOR DA CAMBOTA;RETENTOR DA CAMBOTA;0;;
101;1519;35146;1519;101.35146;CATEGORIA0;;1;1;0;1;;VOLANTE DE MOTOR;VOLANTE DE MOTOR;0;;
101;1519;35147;1519;101.35147;CATEGORIA0;;1;1;0;1;;APOIO DO TIRANTE DO EIXO;APOIO DO TIRANTE DO EIXO;0;;
101;1519;35148;1519;101.35148;CATEGORIA0;;1;1;0;1;;APOIO DO TIRANTE DO EIXO;APOIO DO TIRANTE DO EIXO;0;;
101;1519;35149;1519;101.35149;CATEGORIA0;;1;1;0;1;;APOIO DO TIRANTE DO EIXO;APOIO DO TIRANTE DO EIXO;0;;
101;1519;35150;1519;101.35150;CATEGORIA0;;1;1;0;1;;SUPORTE DA CABINA DO MOTORISTA;SUPORTE DA CABINA DO MOTORISTA;0;;
101;1519;35151;1519;101.35151;CATEGORIA0;;1;1;0;1;;BARRA INTERMÉDIA DE DIREÇÃO;BARRA INTERMÉDIA DE DIREÇÃO;0;;
101;1519;35152;1519;101.35152;CATEGORIA0;;1;1;0;1;;BARRA INTERMÉDIA DE DIREÇÃO;BARRA INTERMÉDIA DE DIREÇÃO;0;;
101;1519;35153;1519;101.35153;CATEGORIA0;;1;1;0;1;;BORRACHA DE ENCOSTO;BORRACHA DE ENCOSTO;0;;
101;1519;35154;1519;101.35154;CATEGORIA0;;1;1;0;1;;ENCOSTO DE BORRACHA-METAL;ENCOSTO DE BORRACHA-METAL;0;;
101;1519;35155;1519;101.35155;CATEGORIA0;;1;1;0;1;;TUBO DO RADIADOR;TUBO DO RADIADOR;0;;
101;1519;35156;1519;101.35156;CATEGORIA0;;1;1;0;1;;TUBO DO RADIADOR;TUBO DO RADIADOR;0;;
101;1519;35157;1519;101.35157;CATEGORIA0;;1;1;0;1;;TUBO DO RADIADOR;TUBO DO RADIADOR;0;;
101;1519;35158;1519;101.35158;CATEGORIA0;;1;1;0;1;;FOLE DA ALAVANCA DE MUDANÇAS;FOLE DA ALAVANCA DE MUDANÇAS;0;;
101;1519;35159;1519;101.35159;CATEGORIA0;;1;1;0;1;;BORRACHA DE ENCOSTO;BORRACHA DE ENCOSTO;0;;
101;1519;35160;1519;101.35160;CATEGORIA0;;1;1;0;1;;PRE-FILTRO COMBUSTÍVEL;PRE-FILTRO COMBUSTÍVEL;0;;
101;1519;35161;1519;101.35161;CATEGORIA0;;1;1;0;1;;POLIE DE DESVIO;POLIE DE DESVIO;0;;
101;1519;35162;1519;101.35162;CATEGORIA0;;1;1;0;1;;TENSOR DE CORREIA;TENSOR DE CORREIA;0;;
101;1519;35165;1519;101.35165;CATEGORIA0;;1;1;0;1;;CILINDRO DE AR COMPRIMIDO;CILINDRO DE AR COMPRIMIDO;0;;
101;1519;35166;1519;101.35166;CATEGORIA0;;1;1;0;1;;CASQUILHO DA BARRA ESTABILIZADORA;CASQUILHO DA BARRA ESTABILIZADORA;0;;
101;1519;35167;1519;101.35167;CATEGORIA0;;1;1;0;1;;BARRA INTERMÉDIA DE DIREÇÃO;BARRA INTERMÉDIA DE DIREÇÃO;0;;
101;1519;35168;1519;101.35168;CATEGORIA0;;1;1;0;1;;O-RING;O-RING;0;;
101;1519;35169;1519;101.35169;CATEGORIA0;;1;1;0;1;;CÁPSULA DO CUBO DA RODA;CÁPSULA DO CUBO DA RODA;0;;
101;1519;35170;1519;101.35170;CATEGORIA0;;1;1;0;1;;CÁPSULA DO CUBO DA RODA;CÁPSULA DO CUBO DA RODA;0;;
101;1519;35171;1519;101.35171;CATEGORIA0;;1;1;0;1;;BARRA INTERMÉDIA DE DIREÇÃO;BARRA INTERMÉDIA DE DIREÇÃO;0;;
101;1519;35172;1519;101.35172;CATEGORIA0;;1;1;0;1;;BARRA INTERMÉDIA DE DIREÇÃO;BARRA INTERMÉDIA DE DIREÇÃO;0;;
101;1519;35173;1519;101.35173;CATEGORIA0;;1;1;0;1;;BARRA INTERMÉDIA DE DIREÇÃO;BARRA INTERMÉDIA DE DIREÇÃO;0;;
101;1519;35174;1519;101.35174;CATEGORIA0;;1;1;0;1;;BARRA INTERMÉDIA DE DIREÇÃO;BARRA INTERMÉDIA DE DIREÇÃO;0;;
101;1519;35175;1519;101.35175;CATEGORIA0;;1;1;0;1;;BARRA INTERMÉDIA DE DIREÇÃO;BARRA INTERMÉDIA DE DIREÇÃO;0;;
101;1519;35176;1519;101.35176;CATEGORIA0;;1;1;0;1;;PINO DA RODA;PINO DA RODA;0;;
101;1519;35177;1519;101.35177;CATEGORIA0;;1;1;0;1;;BARRA INTERMÉDIA DE DIREÇÃO;BARRA INTERMÉDIA DE DIREÇÃO;0;;
101;1519;35178;1519;101.35178;CATEGORIA0;;1;1;0;1;;BARRA INTERMÉDIA DE DIREÇÃO;BARRA INTERMÉDIA DE DIREÇÃO;0;;
101;1519;35179;1519;101.35179;CATEGORIA0;;1;1;0;1;;BARRA INTERMÉDIA DE DIREÇÃO;BARRA INTERMÉDIA DE DIREÇÃO;0;;
101;1519;35180;1519;101.35180;CATEGORIA0;;1;1;0;1;;TAMPA DO TANQUE DE COMBUSTÍVEL;TAMPA DO TANQUE DE COMBUSTÍVEL;0;;
101;1519;35181;1519;101.35181;CATEGORIA0;;1;1;0;1;;CÁPSULA DO CUBO DA RODA;CÁPSULA DO CUBO DA RODA;0;;
101;1519;35182;1519;101.35182;CATEGORIA0;;1;1;0;1;;BOMBA DE ALIMENTAÇÃO DE COMBUSTÍVEL;BOMBA DE ALIMENTAÇÃO DE COMBUSTÍVEL;0;;
101;1519;35183;1519;101.35183;CATEGORIA0;;1;1;0;1;;BOMBA DE ALIMENTAÇÃO DE COMBUSTÍVEL;BOMBA DE ALIMENTAÇÃO DE COMBUSTÍVEL;0;;
101;1519;35184;1519;101.35184;CATEGORIA0;;1;1;0;1;;BOMBA DE COMBUSTÍVEL MANUAL;BOMBA DE COMBUSTÍVEL MANUAL;0;;
101;1519;35185;1519;101.35185;CATEGORIA0;;1;1;0;1;;BARRA INTERMÉDIA DE DIREÇÃO;BARRA INTERMÉDIA DE DIREÇÃO;0;;
101;1519;35186;1519;101.35186;CATEGORIA0;;1;1;0;1;;TIRANTE DO EIXO;TIRANTE DO EIXO;0;;
101;1519;35187;1519;101.35187;CATEGORIA0;;1;1;0;1;;BARRA INTERMÉDIA DE DIREÇÃO;BARRA INTERMÉDIA DE DIREÇÃO;0;;
101;1519;35188;1519;101.35188;CATEGORIA0;;1;1;0;1;;BARRA DE ACOPLAMENTO;BARRA DE ACOPLAMENTO;0;;
101;1519;35189;1519;101.35189;CATEGORIA0;;1;1;0;1;;BARRA INTERMÉDIA DE DIREÇÃO;BARRA INTERMÉDIA DE DIREÇÃO;0;;
101;1519;35190;1519;101.35190;CATEGORIA0;;1;1;0;1;;SUPORTE BARRA ESTABILIZADORA;SUPORTE BARRA ESTABILIZADORA;0;;
101;1519;35191;1519;101.35191;CATEGORIA0;;1;1;0;1;;BARRA DE ACOPLAMENTO;BARRA DE ACOPLAMENTO;0;;
101;1519;35192;1519;101.35192;CATEGORIA0;;1;1;0;1;;TUBO DO RADIADOR;TUBO DO RADIADOR;0;;
101;1519;35193;1519;101.35193;CATEGORIA0;;1;1;0;1;;TUBO DO RADIADOR;TUBO DO RADIADOR;0;;
101;1519;35194;1519;101.35194;CATEGORIA0;;1;1;0;1;;TUBO DO RADIADOR;TUBO DO RADIADOR;0;;
101;1519;35195;1519;101.35195;CATEGORIA0;;1;1;0;1;;BOMBA DE COMBUSTÍVEL MANUAL;BOMBA DE COMBUSTÍVEL MANUAL;0;;
101;1519;35196;1519;101.35196;CATEGORIA0;;1;1;0;1;;BOMBA DE COMBUSTÍVEL;BOMBA DE COMBUSTÍVEL;0;;
101;1519;35197;1519;101.35197;CATEGORIA0;;1;1;0;1;;VÁLVULA;VÁLVULA;0;;
101;1519;35200;1519;101.35200;CATEGORIA0;;1;1;0;1;;JOGO DE RETENTORES;JOGO DE RETENTORES;0;;
101;1519;35201;1519;101.35201;CATEGORIA0;;1;1;0;1;;JUNTA DO COLETOR DE ESCAPE;JUNTA DO COLETOR DE ESCAPE;0;;
101;1519;35202;1519;101.35202;CATEGORIA0;;1;1;0;1;;CHAPA DE COBERTURA;CHAPA DE COBERTURA;0;;
101;1519;35203;1519;101.35203;CATEGORIA0;;1;1;0;1;;JUNTA;JUNTA;0;;
101;1519;35204;1519;101.35204;CATEGORIA0;;1;1;0;1;;BARRA INTERMÉDIA DE DIREÇÃO;BARRA INTERMÉDIA DE DIREÇÃO;0;;
101;1519;35205;1519;101.35205;CATEGORIA0;;1;1;0;1;;BOMBA DE ÁGUA;BOMBA DE ÁGUA;0;;
101;1519;35206;1519;101.35206;CATEGORIA0;;1;1;0;1;;JOGO DE AJUSTE DE TRAVÕES;JOGO DE AJUSTE DE TRAVÕES;0;;
101;1519;35207;1519;101.35207;CATEGORIA0;;1;1;0;1;;JOGO DE AJUSTE DE TRAVÕES;JOGO DE AJUSTE DE TRAVÕES;0;;
101;1519;35208;1519;101.35208;CATEGORIA0;;1;1;0;1;;JOGO DE AJUSTE DE TRAVÕES;JOGO DE AJUSTE DE TRAVÕES;0;;
101;1519;35210;1519;101.35210;CATEGORIA0;;1;1;0;1;;FORQUILHA DE DESENGATE;FORQUILHA DE DESENGATE;0;;
101;1519;35211;1519;101.35211;CATEGORIA0;;1;1;0;1;;FORQUILHA DE DESENGATE;FORQUILHA DE DESENGATE;0;;
101;1519;35212;1519;101.35212;CATEGORIA0;;1;1;0;1;;TUBO DO RADIADOR;TUBO DO RADIADOR;0;;
101;1519;35213;1519;101.35213;CATEGORIA0;;1;1;0;1;;BORRACHA DE ENCOSTO;BORRACHA DE ENCOSTO;0;;
101;1519;35214;1519;101.35214;CATEGORIA0;;1;1;0;1;;SUPORTE DA BARRA DE JUNÇÃO;SUPORTE DA BARRA DE JUNÇÃO;0;;
101;1519;35215;1519;101.35215;CATEGORIA0;;1;1;0;1;;CASQUILHO DA BARRA ESTABILIZADORA;CASQUILHO DA BARRA ESTABILIZADORA;0;;
101;1519;35216;1519;101.35216;CATEGORIA0;;1;1;0;1;;CASQUILHO DA BARRA ESTABILIZADORA;CASQUILHO DA BARRA ESTABILIZADORA;0;;
101;1519;35217;1519;101.35217;CATEGORIA0;;1;1;0;1;;CASQUILHO DA BARRA ESTABILIZADORA;CASQUILHO DA BARRA ESTABILIZADORA;0;;
101;1519;35218;1519;101.35218;CATEGORIA0;;1;1;0;1;;CASQUILHO DA BARRA ESTABILIZADORA;CASQUILHO DA BARRA ESTABILIZADORA;0;;
101;1519;35219;1519;101.35219;CATEGORIA0;;1;1;0;1;;CASQUILHO DA BARRA ESTABILIZADORA;CASQUILHO DA BARRA ESTABILIZADORA;0;;
101;1519;35220;1519;101.35220;CATEGORIA0;;1;1;0;1;;CASQUILHO DA BARRA ESTABILIZADORA;CASQUILHO DA BARRA ESTABILIZADORA;0;;
101;1519;35221;1519;101.35221;CATEGORIA0;;1;1;0;1;;CASQUILHO DA BARRA ESTABILIZADORA;CASQUILHO DA BARRA ESTABILIZADORA;0;;
101;1519;35222;1519;101.35222;CATEGORIA0;;1;1;0;1;;CABEÇA DE DIREÇÃO EXTERIOR;CABEÇA DE DIREÇÃO EXTERIOR;0;;
101;1519;35224;1519;101.35224;CATEGORIA0;;1;1;0;1;;BORRACHA DE ENCOSTO;BORRACHA DE ENCOSTO;0;;
101;1519;35225;1519;101.35225;CATEGORIA0;;1;1;0;1;;BORRACHA DE ENCOSTO;BORRACHA DE ENCOSTO;0;;
101;1519;35226;1519;101.35226;CATEGORIA0;;1;1;0;1;;BORRACHA DE ENCOSTO;BORRACHA DE ENCOSTO;0;;
101;1519;35228;1519;101.35228;CATEGORIA0;;1;1;0;1;;BORRACHA DE ENCOSTO;BORRACHA DE ENCOSTO;0;;
101;1519;35229;1519;101.35229;CATEGORIA0;;1;1;0;1;;CASQUILHO;CASQUILHO;0;;
101;1519;35230;1519;101.35230;CATEGORIA0;;1;1;0;1;;BORRACHA DE ENCOSTO;BORRACHA DE ENCOSTO;0;;
101;1519;35231;1519;101.35231;CATEGORIA0;;1;1;0;1;;CASQUILHO DA BARRA ESTABILIZADORA;CASQUILHO DA BARRA ESTABILIZADORA;0;;
101;1519;35232;1519;101.35232;CATEGORIA0;;1;1;0;1;;CASQUILHO DA BARRA ESTABILIZADORA;CASQUILHO DA BARRA ESTABILIZADORA;0;;
101;1519;35234;1519;101.35234;CATEGORIA0;;1;1;0;1;;FOLE DA ALAVANCA DE MUDANÇAS;FOLE DA ALAVANCA DE MUDANÇAS;0;;
101;1519;35235;1519;101.35235;CATEGORIA0;;1;1;0;1;;BORRACHA DE ENCOSTO;BORRACHA DE ENCOSTO;0;;
101;1519;35236;1519;101.35236;CATEGORIA0;;1;1;0;1;;BORRACHA DE ENCOSTO;BORRACHA DE ENCOSTO;0;;
101;1519;35238;1519;101.35238;CATEGORIA0;;1;1;0;1;;CASQUILHO DA BARRA ESTABILIZADORA;CASQUILHO DA BARRA ESTABILIZADORA;0;;
101;1519;35239;1519;101.35239;CATEGORIA0;;1;1;0;1;;CASQUILHO DA BARRA ESTABILIZADORA;CASQUILHO DA BARRA ESTABILIZADORA;0;;
101;1519;35241;1519;101.35241;CATEGORIA0;;1;1;0;1;;BORRACHA DE ENCOSTO;BORRACHA DE ENCOSTO;0;;
101;1519;35242;1519;101.35242;CATEGORIA0;;1;1;0;1;;ENCOSTO DE BORRACHA-METAL;ENCOSTO DE BORRACHA-METAL;0;;
101;1519;35243;1519;101.35243;CATEGORIA0;;1;1;0;1;;CASQUILHO DA BARRA ESTABILIZADORA;CASQUILHO DA BARRA ESTABILIZADORA;0;;
101;1519;35244;1519;101.35244;CATEGORIA0;;1;1;0;1;;CASQUILHO DA BARRA ESTABILIZADORA;CASQUILHO DA BARRA ESTABILIZADORA;0;;
101;1519;35245;1519;101.35245;CATEGORIA0;;1;1;0;1;;BORRACHA DE ENCOSTO;BORRACHA DE ENCOSTO;0;;
101;1519;35246;1519;101.35246;CATEGORIA0;;1;1;0;1;;CASQUILHO DA BARRA ESTABILIZADORA;CASQUILHO DA BARRA ESTABILIZADORA;0;;
101;1519;35247;1519;101.35247;CATEGORIA0;;1;1;0;1;;BORRACHA DE ENCOSTO;BORRACHA DE ENCOSTO;0;;
101;1519;35248;1519;101.35248;CATEGORIA0;;1;1;0;1;;BORRACHA DE ENCOSTO;BORRACHA DE ENCOSTO;0;;
101;1519;35249;1519;101.35249;CATEGORIA0;;1;1;0;1;;BORRACHA DE ENCOSTO;BORRACHA DE ENCOSTO;0;;
101;1519;35250;1519;101.35250;CATEGORIA0;;1;1;0;1;;BORRACHA DE ENCOSTO;BORRACHA DE ENCOSTO;0;;
101;1519;35251;1519;101.35251;CATEGORIA0;;1;1;0;1;;CASQUILHO DA BARRA ESTABILIZADORA;CASQUILHO DA BARRA ESTABILIZADORA;0;;
101;1519;35252;1519;101.35252;CATEGORIA0;;1;1;0;1;;CASQUILHO DA BARRA ESTABILIZADORA;CASQUILHO DA BARRA ESTABILIZADORA;0;;
101;1519;35253;1519;101.35253;CATEGORIA0;;1;1;0;1;;APOIO DE TRANSMISSÃO;APOIO DE TRANSMISSÃO;0;;
101;1519;35254;1519;101.35254;CATEGORIA0;;1;1;0;1;;CASQUILHO DA MOLA DE SUSPENSÃO;CASQUILHO DA MOLA DE SUSPENSÃO;0;;
101;1519;35255;1519;101.35255;CATEGORIA0;;1;1;0;1;;CASQUILHO DA BARRA ESTABILIZADORA;CASQUILHO DA BARRA ESTABILIZADORA;0;;
101;1519;35256;1519;101.35256;CATEGORIA0;;1;1;0;1;;TIRANTE DO EIXO;TIRANTE DO EIXO;0;;
101;1519;35257;1519;101.35257;CATEGORIA0;;1;1;0;1;;SUPORTE BARRA ESTABILIZADORA;SUPORTE BARRA ESTABILIZADORA;0;;
101;1519;35258;1519;101.35258;CATEGORIA0;;1;1;0;1;;BORRACHA DE ENCOSTO;BORRACHA DE ENCOSTO;0;;
101;1519;35259;1519;101.35259;CATEGORIA0;;1;1;0;1;;SUPORTE DA BARRA DE JUNÇÃO;SUPORTE DA BARRA DE JUNÇÃO;0;;
101;1519;35260;1519;101.35260;CATEGORIA0;;1;1;0;1;;SUPORTE DA BARRA DE JUNÇÃO;SUPORTE DA BARRA DE JUNÇÃO;0;;
101;1519;35261;1519;101.35261;CATEGORIA0;;1;1;0;1;;SUPORTE DA BARRA DE JUNÇÃO;SUPORTE DA BARRA DE JUNÇÃO;0;;
101;1519;35262;1519;101.35262;CATEGORIA0;;1;1;0;1;;CASQUILHO;CASQUILHO;0;;
101;1519;35263;1519;101.35263;CATEGORIA0;;1;1;0;1;;SUPORTE BARRA ESTABILIZADORA;SUPORTE BARRA ESTABILIZADORA;0;;
101;1519;35264;1519;101.35264;CATEGORIA0;;1;1;0;1;;SUPORTE BARRA ESTABILIZADORA;SUPORTE BARRA ESTABILIZADORA;0;;
101;1519;35265;1519;101.35265;CATEGORIA0;;1;1;0;1;;SUPORTE BARRA ESTABILIZADORA;SUPORTE BARRA ESTABILIZADORA;0;;
101;1519;35266;1519;101.35266;CATEGORIA0;;1;1;0;1;;CASQUILHO DO BRAÇO OSCILANTE;CASQUILHO DO BRAÇO OSCILANTE;0;;
101;1519;35267;1519;101.35267;CATEGORIA0;;1;1;0;1;;BORRACHA DE ENCOSTO;BORRACHA DE ENCOSTO;0;;
101;1519;35268;1519;101.35268;CATEGORIA0;;1;1;0;1;;TIRANTE DE TRAÇÃO;TIRANTE DE TRAÇÃO;0;;
101;1519;35269;1519;101.35269;CATEGORIA0;;1;1;0;1;;BORRACHA DE ENCOSTO;BORRACHA DE ENCOSTO;0;;
101;1519;35270;1519;101.35270;CATEGORIA0;;1;1;0;1;;CASQUILHO DA MOLA DE SUSPENSÃO;CASQUILHO DA MOLA DE SUSPENSÃO;0;;
101;1519;35271;1519;101.35271;CATEGORIA0;;1;1;0;1;;CASQUILHO DO BRAÇO OSCILANTE;CASQUILHO DO BRAÇO OSCILANTE;0;;
101;1519;35272;1519;101.35272;CATEGORIA0;;1;1;0;1;;BORRACHA DE ENCOSTO;BORRACHA DE ENCOSTO;0;;
101;1519;35273;1519;101.35273;CATEGORIA0;;1;1;0;1;;CASQUILHO DA MOLA DE SUSPENSÃO;CASQUILHO DA MOLA DE SUSPENSÃO;0;;
101;1519;35274;1519;101.35274;CATEGORIA0;;1;1;0;1;;SUPORTE BARRA ESTABILIZADORA;SUPORTE BARRA ESTABILIZADORA;0;;
101;1519;35275;1519;101.35275;CATEGORIA0;;1;1;0;1;;SUPORTE BARRA ESTABILIZADORA;SUPORTE BARRA ESTABILIZADORA;0;;
101;1519;35276;1519;101.35276;CATEGORIA0;;1;1;0;1;;SUPORTE BARRA ESTABILIZADORA;SUPORTE BARRA ESTABILIZADORA;0;;
101;1519;35277;1519;101.35277;CATEGORIA0;;1;1;0;1;;SUPORTE BARRA ESTABILIZADORA;SUPORTE BARRA ESTABILIZADORA;0;;
101;1519;35278;1519;101.35278;CATEGORIA0;;1;1;0;1;;SUPORTE BARRA ESTABILIZADORA;SUPORTE BARRA ESTABILIZADORA;0;;
101;1519;35279;1519;101.35279;CATEGORIA0;;1;1;0;1;;SUPORTE BARRA ESTABILIZADORA;SUPORTE BARRA ESTABILIZADORA;0;;
101;1519;35280;1519;101.35280;CATEGORIA0;;1;1;0;1;;SUPORTE BARRA ESTABILIZADORA;SUPORTE BARRA ESTABILIZADORA;0;;
101;1519;35281;1519;101.35281;CATEGORIA0;;1;1;0;1;;FIXAÇÃO;FIXAÇÃO;0;;
101;1519;35282;1519;101.35282;CATEGORIA0;;1;1;0;1;;CASQUILHO DA MOLA DE SUSPENSÃO;CASQUILHO DA MOLA DE SUSPENSÃO;0;;
101;1519;35283;1519;101.35283;CATEGORIA0;;1;1;0;1;;CASQUILHO DA MOLA DE SUSPENSÃO;CASQUILHO DA MOLA DE SUSPENSÃO;0;;
101;1519;35284;1519;101.35284;CATEGORIA0;;1;1;0;1;;SUPORTE DE BORRACHA;SUPORTE DE BORRACHA;0;;
101;1519;35285;1519;101.35285;CATEGORIA0;;1;1;0;1;;BORRACHA DE ENCOSTO;BORRACHA DE ENCOSTO;0;;
101;1519;35286;1519;101.35286;CATEGORIA0;;1;1;0;1;;BORRACHA DE ENCOSTO;BORRACHA DE ENCOSTO;0;;
101;1519;35287;1519;101.35287;CATEGORIA0;;1;1;0;1;;JOGO DE ROLAMENTO DE RODA;JOGO DE ROLAMENTO DE RODA;0;;
101;1519;35288;1519;101.35288;CATEGORIA0;;1;1;0;1;;BARRA INTERMÉDIA DE DIREÇÃO;BARRA INTERMÉDIA DE DIREÇÃO;0;;
101;1519;35291;1519;101.35291;CATEGORIA0;;1;1;0;1;;ARTICULAÇÃO ESFÉRICA;ARTICULAÇÃO ESFÉRICA;0;;
101;1519;35292;1519;101.35292;CATEGORIA0;;1;1;0;1;;FILTRO DE ÓLEO;FILTRO DE ÓLEO;0;;
101;1519;35293;1519;101.35293;CATEGORIA0;;1;1;0;1;;BARRA INTERMÉDIA DE DIREÇÃO;BARRA INTERMÉDIA DE DIREÇÃO;0;;
101;1519;35295;1519;101.35295;CATEGORIA0;;1;1;0;1;;CABEÇA DE DIREÇÃO EXTERIOR;CABEÇA DE DIREÇÃO EXTERIOR;0;;
101;1519;35296;1519;101.35296;CATEGORIA0;;1;1;0;1;;JOGO DE REP. TIRANTE DO EIXO;JOGO DE REP. TIRANTE DO EIXO;0;;
101;1519;35298;1519;101.35298;CATEGORIA0;;1;1;0;1;;BARRA INTERMÉDIA DE DIREÇÃO;BARRA INTERMÉDIA DE DIREÇÃO;0;;
101;1519;35299;1519;101.35299;CATEGORIA0;;1;1;0;1;;SENSOR DE ABS;SENSOR DE ABS;0;;
101;1519;35300;1519;101.35300;CATEGORIA0;;1;1;0;1;;BARRA INTERMÉDIA DE DIREÇÃO;BARRA INTERMÉDIA DE DIREÇÃO;0;;
101;1519;35301;1519;101.35301;CATEGORIA0;;1;1;0;1;;TIRANTE DO EIXO;TIRANTE DO EIXO;0;;
101;1519;35302;1519;101.35302;CATEGORIA0;;1;1;0;1;;VOLANTE DE MOTOR;VOLANTE DE MOTOR;0;;
101;1519;35303;1519;101.35303;CATEGORIA0;;1;1;0;1;;FOLE DA ALAVANCA DE MUDANÇAS;FOLE DA ALAVANCA DE MUDANÇAS;0;;
101;1519;35304;1519;101.35304;CATEGORIA0;;1;1;0;1;;CARTUCHO PARA SECADOR DE AR;CARTUCHO PARA SECADOR DE AR;0;;
101;1519;35305;1519;101.35305;CATEGORIA0;;1;1;0;1;;AMORTECEDOR DE CABINA;AMORTECEDOR DE CABINA;0;;
101;1519;35306;1519;101.35306;CATEGORIA0;;1;1;0;1;;AMORTECEDOR DE CABINA;AMORTECEDOR DE CABINA;0;;
101;1519;35307;1519;101.35307;CATEGORIA0;;1;1;0;1;;AMORTECEDOR DE CABINA;AMORTECEDOR DE CABINA;0;;
101;1519;35308;1519;101.35308;CATEGORIA0;;1;1;0;1;;AMORTECEDOR DE CABINA;AMORTECEDOR DE CABINA;0;;
101;1519;35309;1519;101.35309;CATEGORIA0;;1;1;0;1;;AMORTECEDOR DE CABINA;AMORTECEDOR DE CABINA;0;;
101;1519;35310;1519;101.35310;CATEGORIA0;;1;1;0;1;;AMORTECEDOR DE CABINA;AMORTECEDOR DE CABINA;0;;
101;1519;35311;1519;101.35311;CATEGORIA0;;1;1;0;1;;RÓTULA;RÓTULA;0;;
101;1519;35312;1519;101.35312;CATEGORIA0;;1;1;0;1;;TUBO DO RADIADOR;TUBO DO RADIADOR;0;;
101;1519;35313;1519;101.35313;CATEGORIA0;;1;1;0;1;;TUBO DO RADIADOR;TUBO DO RADIADOR;0;;
101;1519;35314;1519;101.35314;CATEGORIA0;;1;1;0;1;;TUBO DO RADIADOR;TUBO DO RADIADOR;0;;
101;1519;35315;1519;101.35315;CATEGORIA0;;1;1;0;1;;TUBO DO RADIADOR;TUBO DO RADIADOR;0;;
101;1519;35316;1519;101.35316;CATEGORIA0;;1;1;0;1;;SUPORTE BARRA ESTABILIZADORA;SUPORTE BARRA ESTABILIZADORA;0;;
101;1519;35317;1519;101.35317;CATEGORIA0;;1;1;0;1;;BORRACHA DE ENCOSTO;BORRACHA DE ENCOSTO;0;;
101;1519;35318;1519;101.35318;CATEGORIA0;;1;1;0;1;;SENSOR DE POSIÇÃO DA ÁRVORE DE CAMES;SENSOR DE POSIÇÃO DA ÁRVORE DE CAMES;0;;
101;1519;35319;1519;101.35319;CATEGORIA0;;1;1;0;1;;APOIO DE MOTOR;APOIO DE MOTOR;0;;
101;1519;35320;1519;101.35320;CATEGORIA0;;1;1;0;1;;APOIO DO RADIADOR;APOIO DO RADIADOR;0;;
101;1519;35321;1519;101.35321;CATEGORIA0;;1;1;0;1;;CASQUILHO DA MOLA DE SUSPENSÃO;CASQUILHO DA MOLA DE SUSPENSÃO;0;;
101;1519;35323;1519;101.35323;CATEGORIA0;;1;1;0;1;;CASQUILHO DA BARRA ESTABILIZADORA;CASQUILHO DA BARRA ESTABILIZADORA;0;;
101;1519;35324;1519;101.35324;CATEGORIA0;;1;1;0;1;;APOIO DO TIRANTE DO EIXO;APOIO DO TIRANTE DO EIXO;0;;
101;1519;35325;1519;101.35325;CATEGORIA0;;1;1;0;1;;APOIO DO TIRANTE DO EIXO;APOIO DO TIRANTE DO EIXO;0;;
101;1519;35326;1519;101.35326;CATEGORIA0;;1;1;0;1;;SUPORTE DE BORRACHA;SUPORTE DE BORRACHA;0;;
101;1519;35327;1519;101.35327;CATEGORIA0;;1;1;0;1;;JOGO DE REP. SUPORTE DE CABINA DO MOTORISTA;JOGO DE REP. SUPORTE DE CABINA DO MOTORISTA;0;;
101;1519;35328;1519;101.35328;CATEGORIA0;;1;1;0;1;;INTERRUPTOR DE PRESSÃO;INTERRUPTOR DE PRESSÃO;0;;
101;1519;35329;1519;101.35329;CATEGORIA0;;1;1;0;1;;INTERRUPTOR DE PRESSÃO;INTERRUPTOR DE PRESSÃO;0;;
101;1519;35330;1519;101.35330;CATEGORIA0;;1;1;0;1;;SENSOR DE ABS;SENSOR DE ABS;0;;
101;1519;35331;1519;101.35331;CATEGORIA0;;1;1;0;1;;SENSOR DE ABS;SENSOR DE ABS;0;;
101;1519;35332;1519;101.35332;CATEGORIA0;;1;1;0;1;;SENSOR DE ABS;SENSOR DE ABS;0;;
101;1519;35333;1519;101.35333;CATEGORIA0;;1;1;0;1;;FILTRO DE COMBUSTÍVEL;FILTRO DE COMBUSTÍVEL;0;;
101;1519;35334;1519;101.35334;CATEGORIA0;;1;1;0;1;;FILTRO DE ÓLEO;FILTRO DE ÓLEO;0;;
101;1519;35335;1519;101.35335;CATEGORIA0;;1;1;0;1;;DISCO DE TRAVÃO;DISCO DE TRAVÃO;0;;
101;1519;35336;1519;101.35336;CATEGORIA0;;1;1;0;1;;DISCO DE TRAVÃO;DISCO DE TRAVÃO;0;;
101;1519;35337;1519;101.35337;CATEGORIA0;;1;1;0;1;;DISCO DE TRAVÃO;DISCO DE TRAVÃO;0;;
101;1519;35338;1519;101.35338;CATEGORIA0;;1;1;0;1;;DISCO DE TRAVÃO;DISCO DE TRAVÃO;0;;
101;1519;35339;1519;101.35339;CATEGORIA0;;1;1;0;1;;DISCO DE TRAVÃO;DISCO DE TRAVÃO;0;;
101;1519;35340;1519;101.35340;CATEGORIA0;;1;1;0;1;;FILTRO DE ÓLEO;FILTRO DE ÓLEO;0;;
101;1519;35341;1519;101.35341;CATEGORIA0;;1;1;0;1;;DISCO DE TRAVÃO;DISCO DE TRAVÃO;0;;
101;1519;35342;1519;101.35342;CATEGORIA0;;1;1;0;1;;FILTRO DE COMBUSTÍVEL;FILTRO DE COMBUSTÍVEL;0;;
101;1519;35343;1519;101.35343;CATEGORIA0;;1;1;0;1;;FILTRO DE ÓLEO;FILTRO DE ÓLEO;0;;
101;1519;35344;1519;101.35344;CATEGORIA0;;1;1;0;1;;DISCO DE TRAVÃO;DISCO DE TRAVÃO;0;;
101;1519;35345;1519;101.35345;CATEGORIA0;;1;1;0;1;;DISCO DE TRAVÃO;DISCO DE TRAVÃO;0;;
101;1519;35347;1519;101.35347;CATEGORIA0;;1;1;0;1;;FILTRO DE TRANSMISSÃO;FILTRO DE TRANSMISSÃO;0;;
101;1519;35348;1519;101.35348;CATEGORIA0;;1;1;0;1;;FILTRO DE ÓLEO;FILTRO DE ÓLEO;0;;
101;1519;35349;1519;101.35349;CATEGORIA0;;1;1;0;1;;FILTRO DE ÓLEO;FILTRO DE ÓLEO;0;;
101;1519;35350;1519;101.35350;CATEGORIA0;;1;1;0;1;;FILTRO DE COMBUSTÍVEL;FILTRO DE COMBUSTÍVEL;0;;
101;1519;35351;1519;101.35351;CATEGORIA0;;1;1;0;1;;FILTRO DE ÓLEO;FILTRO DE ÓLEO;0;;
101;1519;35352;1519;101.35352;CATEGORIA0;;1;1;0;1;;ARTICULAÇÃO ANGULAR;ARTICULAÇÃO ANGULAR;0;;
101;1519;35354;1519;101.35354;CATEGORIA0;;1;1;0;1;;SUPORTE BARRA ESTABILIZADORA;SUPORTE BARRA ESTABILIZADORA;0;;
101;1519;35355;1519;101.35355;CATEGORIA0;;1;1;0;1;;FILTRO DE COMBUSTÍVEL;FILTRO DE COMBUSTÍVEL;0;;
101;1519;35356;1519;101.35356;CATEGORIA0;;1;1;0;1;;FILTRO DE COMBUSTÍVEL;FILTRO DE COMBUSTÍVEL;0;;
101;1519;35357;1519;101.35357;CATEGORIA0;;1;1;0;1;;SENSOR DO NÍVEL DO AGENTE DE REFRIGERAÇÃO;SENSOR DO NÍVEL DO AGENTE DE REFRIGERAÇÃO;0;;
101;1519;35358;1519;101.35358;CATEGORIA0;;1;1;0;1;;SENSOR DO NÍVEL DO AGENTE DE REFRIGERAÇÃO;SENSOR DO NÍVEL DO AGENTE DE REFRIGERAÇÃO;0;;
101;1519;35359;1519;101.35359;CATEGORIA0;;1;1;0;1;;SENSOR DO NÍVEL DO AGENTE DE REFRIGERAÇÃO;SENSOR DO NÍVEL DO AGENTE DE REFRIGERAÇÃO;0;;
101;1519;35360;1519;101.35360;CATEGORIA0;;1;1;0;1;;FILTRO DE ÓLEO;FILTRO DE ÓLEO;0;;
101;1519;35361;1519;101.35361;CATEGORIA0;;1;1;0;1;;FILTRO DE COMBUSTÍVEL;FILTRO DE COMBUSTÍVEL;0;;
101;1519;35362;1519;101.35362;CATEGORIA0;;1;1;0;1;;FILTRO DE COMBUSTÍVEL;FILTRO DE COMBUSTÍVEL;0;;
101;1519;35363;1519;101.35363;CATEGORIA0;;1;1;0;1;;FILTRO DE COMBUSTÍVEL;FILTRO DE COMBUSTÍVEL;0;;
101;1519;35366;1519;101.35366;CATEGORIA0;;1;1;0;1;;BARRA INTERMÉDIA DE DIREÇÃO;BARRA INTERMÉDIA DE DIREÇÃO;0;;
101;1519;35367;1519;101.35367;CATEGORIA0;;1;1;0;1;;FILTRO DE COMBUSTÍVEL;FILTRO DE COMBUSTÍVEL;0;;
101;1519;35368;1519;101.35368;CATEGORIA0;;1;1;0;1;;FILTRO DE COMBUSTÍVEL;FILTRO DE COMBUSTÍVEL;0;;
101;1519;35369;1519;101.35369;CATEGORIA0;;1;1;0;1;;FILTRO DE ÓLEO;FILTRO DE ÓLEO;0;;
101;1519;35370;1519;101.35370;CATEGORIA0;;1;1;0;1;;FILTRO DE ÓLEO;FILTRO DE ÓLEO;0;;
101;1519;35371;1519;101.35371;CATEGORIA0;;1;1;0;1;;FILTRO DE COMBUSTÍVEL;FILTRO DE COMBUSTÍVEL;0;;
101;1519;35372;1519;101.35372;CATEGORIA0;;1;1;0;1;;FILTRO DE ÓLEO;FILTRO DE ÓLEO;0;;
101;1519;35373;1519;101.35373;CATEGORIA0;;1;1;0;1;;FILTRO DE COMBUSTÍVEL;FILTRO DE COMBUSTÍVEL;0;;
101;1519;35374;1519;101.35374;CATEGORIA0;;1;1;0;1;;FILTRO DE ÓLEO;FILTRO DE ÓLEO;0;;
101;1519;35375;1519;101.35375;CATEGORIA0;;1;1;0;1;;FILTRO DE ÓLEO;FILTRO DE ÓLEO;0;;
101;1519;35376;1519;101.35376;CATEGORIA0;;1;1;0;1;;FILTRO DE COMBUSTÍVEL;FILTRO DE COMBUSTÍVEL;0;;
101;1519;35377;1519;101.35377;CATEGORIA0;;1;1;0;1;;FILTRO HIDRÁULICO;FILTRO HIDRÁULICO;0;;
101;1519;35378;1519;101.35378;CATEGORIA0;;1;1;0;1;;COMPRESSOR DO AR CONDICIONADO;COMPRESSOR DO AR CONDICIONADO;0;;
101;1519;35379;1519;101.35379;CATEGORIA0;;1;1;0;1;;COMPRESSOR DO AR CONDICIONADO;COMPRESSOR DO AR CONDICIONADO;0;;
101;1519;35380;1519;101.35380;CATEGORIA0;;1;1;0;1;;COMPRESSOR DO AR CONDICIONADO;COMPRESSOR DO AR CONDICIONADO;0;;
101;1519;35381;1519;101.35381;CATEGORIA0;;1;1;0;1;;COMPRESSOR DO AR CONDICIONADO;COMPRESSOR DO AR CONDICIONADO;0;;
101;1519;35382;1519;101.35382;CATEGORIA0;;1;1;0;1;;COMPRESSOR DO AR CONDICIONADO;COMPRESSOR DO AR CONDICIONADO;0;;
101;1519;35383;1519;101.35383;CATEGORIA0;;1;1;0;1;;COMPRESSOR DO AR CONDICIONADO;COMPRESSOR DO AR CONDICIONADO;0;;
101;1519;35384;1519;101.35384;CATEGORIA0;;1;1;0;1;;COMPRESSOR DO AR CONDICIONADO;COMPRESSOR DO AR CONDICIONADO;0;;
101;1519;35385;1519;101.35385;CATEGORIA0;;1;1;0;1;;COMPRESSOR DO AR CONDICIONADO;COMPRESSOR DO AR CONDICIONADO;0;;
101;1519;35386;1519;101.35386;CATEGORIA0;;1;1;0;1;;COMPRESSOR DO AR CONDICIONADO;COMPRESSOR DO AR CONDICIONADO;0;;
101;1519;35387;1519;101.35387;CATEGORIA0;;1;1;0;1;;COMPRESSOR DO AR CONDICIONADO;COMPRESSOR DO AR CONDICIONADO;0;;
101;1519;35388;1519;101.35388;CATEGORIA0;;1;1;0;1;;COMPRESSOR DO AR CONDICIONADO;COMPRESSOR DO AR CONDICIONADO;0;;
101;1519;35389;1519;101.35389;CATEGORIA0;;1;1;0;1;;COMPRESSOR DO AR CONDICIONADO;COMPRESSOR DO AR CONDICIONADO;0;;
101;1519;35390;1519;101.35390;CATEGORIA0;;1;1;0;1;;COMPRESSOR DO AR CONDICIONADO;COMPRESSOR DO AR CONDICIONADO;0;;
101;1519;35391;1519;101.35391;CATEGORIA0;;1;1;0;1;;COMPRESSOR DO AR CONDICIONADO;COMPRESSOR DO AR CONDICIONADO;0;;
101;1519;35392;1519;101.35392;CATEGORIA0;;1;1;0;1;;COMPRESSOR DO AR CONDICIONADO;COMPRESSOR DO AR CONDICIONADO;0;;
101;1519;35393;1519;101.35393;CATEGORIA0;;1;1;0;1;;COMPRESSOR DO AR CONDICIONADO;COMPRESSOR DO AR CONDICIONADO;0;;
101;1519;35394;1519;101.35394;CATEGORIA0;;1;1;0;1;;FILTRO DE COMBUSTÍVEL;FILTRO DE COMBUSTÍVEL;0;;
101;1519;35395;1519;101.35395;CATEGORIA0;;1;1;0;1;;FILTRO DE ÓLEO;FILTRO DE ÓLEO;0;;
101;1519;35396;1519;101.35396;CATEGORIA0;;1;1;0;1;;FILTRO DE ÓLEO;FILTRO DE ÓLEO;0;;
101;1519;35397;1519;101.35397;CATEGORIA0;;1;1;0;1;;FILTRO DE COMBUSTÍVEL;FILTRO DE COMBUSTÍVEL;0;;
101;1519;35398;1519;101.35398;CATEGORIA0;;1;1;0;1;;BARRA DE ACOPLAMENTO;BARRA DE ACOPLAMENTO;0;;
101;1519;35399;1519;101.35399;CATEGORIA0;;1;1;0;1;;BARRA INTERMÉDIA DE DIREÇÃO;BARRA INTERMÉDIA DE DIREÇÃO;0;;
101;1519;35400;1519;101.35400;CATEGORIA0;;1;1;0;1;;BARRA INTERMÉDIA DE DIREÇÃO;BARRA INTERMÉDIA DE DIREÇÃO;0;;
101;1519;35401;1519;101.35401;CATEGORIA0;;1;1;0;1;;BARRA INTERMÉDIA DE DIREÇÃO;BARRA INTERMÉDIA DE DIREÇÃO;0;;
101;1519;35402;1519;101.35402;CATEGORIA0;;1;1;0;1;;BARRA INTERMÉDIA DE DIREÇÃO;BARRA INTERMÉDIA DE DIREÇÃO;0;;
101;1519;35403;1519;101.35403;CATEGORIA0;;1;1;0;1;;BARRA INTERMÉDIA DE DIREÇÃO;BARRA INTERMÉDIA DE DIREÇÃO;0;;
101;1519;35404;1519;101.35404;CATEGORIA0;;1;1;0;1;;BARRA INTERMÉDIA DE DIREÇÃO;BARRA INTERMÉDIA DE DIREÇÃO;0;;
101;1519;35405;1519;101.35405;CATEGORIA0;;1;1;0;1;;BOMBA DE ÁGUA;BOMBA DE ÁGUA;0;;
101;1519;35407;1519;101.35407;CATEGORIA0;;1;1;0;1;;BARRA INTERMÉDIA DE DIREÇÃO;BARRA INTERMÉDIA DE DIREÇÃO;0;;
101;1519;35408;1519;101.35408;CATEGORIA0;;1;1;0;1;;TIRANTE DO EIXO;TIRANTE DO EIXO;0;;
101;1519;35409;1519;101.35409;CATEGORIA0;;1;1;0;1;;TIRANTE DO EIXO;TIRANTE DO EIXO;0;;
101;1519;35410;1519;101.35410;CATEGORIA0;;1;1;0;1;;BARRA DE ACOPLAMENTO;BARRA DE ACOPLAMENTO;0;;
101;1519;35411;1519;101.35411;CATEGORIA0;;1;1;0;1;;BARRA DE ACOPLAMENTO;BARRA DE ACOPLAMENTO;0;;
101;1519;35412;1519;101.35412;CATEGORIA0;;1;1;0;1;;BARRA INTERMÉDIA DE DIREÇÃO;BARRA INTERMÉDIA DE DIREÇÃO;0;;
101;1519;35413;1519;101.35413;CATEGORIA0;;1;1;0;1;;BARRA DE ACOPLAMENTO;BARRA DE ACOPLAMENTO;0;;
101;1519;35414;1519;101.35414;CATEGORIA0;;1;1;0;1;;BARRA DE ACOPLAMENTO;BARRA DE ACOPLAMENTO;0;;
101;1519;35415;1519;101.35415;CATEGORIA0;;1;1;0;1;;BARRA INTERMÉDIA DE DIREÇÃO;BARRA INTERMÉDIA DE DIREÇÃO;0;;
101;1519;35416;1519;101.35416;CATEGORIA0;;1;1;0;1;;RETENTOR DO VEIO;RETENTOR DO VEIO;0;;
101;1519;35417;1519;101.35417;CATEGORIA0;;1;1;0;1;;RETENTOR DO VEIO;RETENTOR DO VEIO;0;;
101;1519;35418;1519;101.35418;CATEGORIA0;;1;1;0;1;;RETENTOR;RETENTOR;0;;
101;1519;35419;1519;101.35419;CATEGORIA0;;1;1;0;1;;TIRANTE DO EIXO;TIRANTE DO EIXO;0;;
101;1519;35420;1519;101.35420;CATEGORIA0;;1;1;0;1;;JOGO DE JUNTAS;JOGO DE JUNTAS;0;;
101;1519;35421;1519;101.35421;CATEGORIA0;;1;1;0;1;;FILTRO DE ÓLEO;FILTRO DE ÓLEO;0;;
101;1519;35422;1519;101.35422;CATEGORIA0;;1;1;0;1;;BARRA DE ACOPLAMENTO;BARRA DE ACOPLAMENTO;0;;
101;1519;35423;1519;101.35423;CATEGORIA0;;1;1;0;1;;TIRANTE DO EIXO;TIRANTE DO EIXO;0;;
101;1519;35424;1519;101.35424;CATEGORIA0;;1;1;0;1;;FILTRO DE AR;FILTRO DE AR;0;;
101;1519;35425;1519;101.35425;CATEGORIA0;;1;1;0;1;;FILTRO DE ÓLEO;FILTRO DE ÓLEO;0;;
101;1519;35426;1519;101.35426;CATEGORIA0;;1;1;0;1;;FILTRO DE COMBUSTÍVEL;FILTRO DE COMBUSTÍVEL;0;;
101;1519;35427;1519;101.35427;CATEGORIA0;;1;1;0;1;;BRAÇO DE DIREÇÃO EM TRIÂNGULO;BRAÇO DE DIREÇÃO EM TRIÂNGULO;0;;
101;1519;35428;1519;101.35428;CATEGORIA0;;1;1;0;1;;TIRANTE DO EIXO;TIRANTE DO EIXO;0;;
101;1519;35429;1519;101.35429;CATEGORIA0;;1;1;0;1;;RESERVATÓRIO LÍQUIDO REFRIGERAÇÃO;RESERVATÓRIO LÍQUIDO REFRIGERAÇÃO;0;;
101;1519;35430;1519;101.35430;CATEGORIA0;;1;1;0;1;;RESERVATÓRIO LÍQUIDO REFRIGERAÇÃO;RESERVATÓRIO LÍQUIDO REFRIGERAÇÃO;0;;
101;1519;35431;1519;101.35431;CATEGORIA0;;1;1;0;1;;RESERVATÓRIO LÍQUIDO REFRIGERAÇÃO;RESERVATÓRIO LÍQUIDO REFRIGERAÇÃO;0;;
101;1519;35432;1519;101.35432;CATEGORIA0;;1;1;0;1;;RESERVATÓRIO LÍQUIDO REFRIGERAÇÃO;RESERVATÓRIO LÍQUIDO REFRIGERAÇÃO;0;;
101;1519;35433;1519;101.35433;CATEGORIA0;;1;1;0;1;;APOIO DE MOTOR;APOIO DE MOTOR;0;;
101;1519;35434;1519;101.35434;CATEGORIA0;;1;1;0;1;;FILTRO DE CARBAMIDA;FILTRO DE CARBAMIDA;0;;
101;1519;35435;1519;101.35435;CATEGORIA0;;1;1;0;1;;FILTRO DE CARBAMIDA;FILTRO DE CARBAMIDA;0;;
101;1519;35436;1519;101.35436;CATEGORIA0;;1;1;0;1;;FOLE DE MOLA PNEUMÁTICA;FOLE DE MOLA PNEUMÁTICA;0;;
101;1519;35437;1519;101.35437;CATEGORIA0;;1;1;0;1;;AMORTECEDOR DE CABINA;AMORTECEDOR DE CABINA;0;;
101;1519;35438;1519;101.35438;CATEGORIA0;;1;1;0;1;;AMORTECEDOR DE CABINA;AMORTECEDOR DE CABINA;0;;
101;1519;35439;1519;101.35439;CATEGORIA0;;1;1;0;1;;FILTRO DE COMBUSTÍVEL;FILTRO DE COMBUSTÍVEL;0;;
101;1519;35441;1519;101.35441;CATEGORIA0;;1;1;0;1;;BARRA INTERMÉDIA DE DIREÇÃO;BARRA INTERMÉDIA DE DIREÇÃO;0;;
101;1519;35444;1519;101.35444;CATEGORIA0;;1;1;0;1;;BOMBA DE ÁGUA;BOMBA DE ÁGUA;0;;
101;1519;35445;1519;101.35445;CATEGORIA0;;1;1;0;1;;VÁLVULA;VÁLVULA;0;;
101;1519;35446;1519;101.35446;CATEGORIA0;;1;1;0;1;;VÁLVULA;VÁLVULA;0;;
101;1519;35447;1519;101.35447;CATEGORIA0;;1;1;0;1;;SENSOR DE DESGASTE;SENSOR DE DESGASTE;0;;
101;1519;35448;1519;101.35448;CATEGORIA0;;1;1;0;1;;SENSOR DE DESGASTE;SENSOR DE DESGASTE;0;;
101;1519;35449;1519;101.35449;CATEGORIA0;;1;1;0;1;;SENSOR DE DESGASTE;SENSOR DE DESGASTE;0;;
101;1519;35450;1519;101.35450;CATEGORIA0;;1;1;0;1;;SENSOR DE DESGASTE;SENSOR DE DESGASTE;0;;
101;1519;35457;1519;101.35457;CATEGORIA0;;1;1;0;1;;BARRA DE ACOPLAMENTO;BARRA DE ACOPLAMENTO;0;;
101;1519;35458;1519;101.35458;CATEGORIA0;;1;1;0;1;;AJUSTADOR DE FOLGA;AJUSTADOR DE FOLGA;0;;
101;1519;35459;1519;101.35459;CATEGORIA0;;1;1;0;1;;BARRA INTERMÉDIA DE DIREÇÃO;BARRA INTERMÉDIA DE DIREÇÃO;0;;
101;1519;35460;1519;101.35460;CATEGORIA0;;1;1;0;1;;BRAÇO DE DIREÇÃO EM TRIÂNGULO;BRAÇO DE DIREÇÃO EM TRIÂNGULO;0;;
101;1519;35461;1519;101.35461;CATEGORIA0;;1;1;0;1;;FILTRO DE COMBUSTÍVEL;FILTRO DE COMBUSTÍVEL;0;;
101;1519;35462;1519;101.35462;CATEGORIA0;;1;1;0;1;;JOGO PINO DO EIXO DIANTEIRO;JOGO PINO DO EIXO DIANTEIRO;0;;
101;1519;35463;1519;101.35463;CATEGORIA0;;1;1;0;1;;VOLANTE DE MOTOR;VOLANTE DE MOTOR;0;;
101;1519;35464;1519;101.35464;CATEGORIA0;;1;1;0;1;;VOLANTE DE MOTOR;VOLANTE DE MOTOR;0;;
101;1519;35465;1519;101.35465;CATEGORIA0;;1;1;0;1;;CASQUILHO;CASQUILHO;0;;
101;1519;35466;1519;101.35466;CATEGORIA0;;1;1;0;1;;BORRACHA DE ENCOSTO;BORRACHA DE ENCOSTO;0;;
101;1519;35467;1519;101.35467;CATEGORIA0;;1;1;0;1;;APOIO DE TRANSMISSÃO;APOIO DE TRANSMISSÃO;0;;
101;1519;35468;1519;101.35468;CATEGORIA0;;1;1;0;1;;BORRACHA DE ENCOSTO;BORRACHA DE ENCOSTO;0;;
101;1519;35469;1519;101.35469;CATEGORIA0;;1;1;0;1;;CASQUILHO DA MOLA DE SUSPENSÃO;CASQUILHO DA MOLA DE SUSPENSÃO;0;;
101;1519;35470;1519;101.35470;CATEGORIA0;;1;1;0;1;;CASQUILHO;CASQUILHO;0;;
101;1519;35471;1519;101.35471;CATEGORIA0;;1;1;0;1;;MANÍPULO DA ALAVANCA DE MUDANÇAS;MANÍPULO DA ALAVANCA DE MUDANÇAS;0;;
101;1519;35472;1519;101.35472;CATEGORIA0;;1;1;0;1;;JOGO DE FECHADURAS;JOGO DE FECHADURAS;0;;
101;1519;35473;1519;101.35473;CATEGORIA0;;1;1;0;1;;APOIO DO TIRANTE DO EIXO;APOIO DO TIRANTE DO EIXO;0;;
101;1519;35474;1519;101.35474;CATEGORIA0;;1;1;0;1;;JUNTA DE CABEÇA;JUNTA DE CABEÇA;0;;
101;1519;35475;1519;101.35475;CATEGORIA0;;1;1;0;1;;RELÉ PISCA-PISCA;RELÉ PISCA-PISCA;0;;
101;1519;35477;1519;101.35477;CATEGORIA0;;1;1;0;1;;JOGO DE RETENTORES;JOGO DE RETENTORES;0;;
101;1519;35479;1519;101.35479;CATEGORIA0;;1;1;0;1;;CABO;CABO;0;;
101;1519;35482;1519;101.35482;CATEGORIA0;;1;1;0;1;;BARRA INTERMÉDIA DE DIREÇÃO;BARRA INTERMÉDIA DE DIREÇÃO;0;;
101;1519;35483;1519;101.35483;CATEGORIA0;;1;1;0;1;;JUNTA DE TAMPA DE VÁLVULAS;JUNTA DE TAMPA DE VÁLVULAS;0;;
101;1519;35484;1519;101.35484;CATEGORIA0;;1;1;0;1;;JUNTA DE TAMPA DE VÁLVULAS;JUNTA DE TAMPA DE VÁLVULAS;0;;
101;1519;35485;1519;101.35485;CATEGORIA0;;1;1;0;1;;HÉLICE DA VENTOINHA;HÉLICE DA VENTOINHA;0;;
101;1519;35487;1519;101.35487;CATEGORIA0;;1;1;0;1;;CASQUILHO DE GUIA;CASQUILHO DE GUIA;0;;
101;1519;35488;1519;101.35488;CATEGORIA0;;1;1;0;1;;BARRA INTERMÉDIA DE DIREÇÃO;BARRA INTERMÉDIA DE DIREÇÃO;0;;