61;1540;103F02172201;1540;103F02172201;CATEGORIA0;;1;1;0;1;;AUDI 100 90-94*FAROLIM FRT ESQ (AMARELO);AUDI 100 90-94*FAROLIM FRT ESQ (AMARELO);0;;
61;1540;103F02172210;1540;103F02172210;CATEGORIA0;;1;1;0;1;;AUDI 100 90-94*FAROLIM FRT DRT BRANCO;AUDI 100 90-94*FAROLIM FRT DRT BRANCO;0;;
61;1540;103F02181110;1540;103F02181110;CATEGORIA0;;1;1;0;1;;AUDI A4 94-*PISCA FRT DRT MD VALE;AUDI A4 94-*PISCA FRT DRT MD VALE;0;;
61;1540;103F02181111;1540;103F02181111;CATEGORIA0;;1;1;0;1;;AUDI A4 94-*PISCA FRT ESQ MD VALE;AUDI A4 94-*PISCA FRT ESQ MD VALE;0;;
61;1540;103F02181130;1540;103F02181130;CATEGORIA0;;1;1;0;1;;AUDI A4/S4 94-*FAROLIM FRT DRT (VIDRO LISO);AUDI A4/S4 94-*FAROLIM FRT DRT (VIDRO LISO);0;;
61;1540;103F02181131;1540;103F02181131;CATEGORIA0;;1;1;0;1;;AUDI A4/S4 94-*FAROLIM FRT ESQ (VIDRO LISO);AUDI A4/S4 94-*FAROLIM FRT ESQ (VIDRO LISO);0;;
61;1540;103F02181311;1540;103F02181311;CATEGORIA0;;1;1;0;1;;AUDI A3/A4/OCTAVIA 94-*FAROLIM LAT DRT/ESQ (AMARELO);AUDI A3/A4/OCTAVIA 94-*FAROLIM LAT DRT/ESQ (AMARELO);0;;
61;1540;103F02181331;1540;103F02181331;CATEGORIA0;;1;1;0;1;;AUDI A3/A4/FABIA 94-*FAROLIM LAT (BRANCO);AUDI A3/A4/FABIA 94-*FAROLIM LAT (BRANCO);0;;
61;1540;103F02181351;1540;103F02181351;CATEGORIA0;;1;1;0;1;;AUDI A4 94-*FAROLIM LAT DRT/ESQ (FUMADO-PRETO);AUDI A4 94-*FAROLIM LAT DRT/ESQ (FUMADO-PRETO);0;;
61;1540;103F02181770;1540;103F02181770;CATEGORIA0;;1;1;0;1;;AUDI A4 94-*FAROLIM TRÁS DRT;AUDI A4 94-*FAROLIM TRÁS DRT;0;;
61;1540;103F02181771;1540;103F02181771;CATEGORIA0;;1;1;0;1;;AUDI A4 94-*FAROLIM TRÁS ESQ;AUDI A4 94-*FAROLIM TRÁS ESQ;0;;
61;1540;103F02181772;1540;103F02181772;CATEGORIA0;;1;1;0;1;;AUDI A4 94-*FAROLIM TRÁS DRT(BR+VERM);AUDI A4 94-*FAROLIM TRÁS DRT(BR+VERM);0;;
61;1540;103F02181773;1540;103F02181773;CATEGORIA0;;1;1;0;1;;AUDI A4 94-*FAROLIM TRÁS ESQ(BR+VERM);AUDI A4 94-*FAROLIM TRÁS ESQ(BR+VERM);0;;
61;1540;103F02181774;1540;103F02181774;CATEGORIA0;;1;1;0;1;;A4 (SW) 94-00 FAROLIM TRÁS DRT.;A4 (SW) 94-00 FAROLIM TRÁS DRT.;0;;
61;1540;103F02181775;1540;103F02181775;CATEGORIA0;;1;1;0;1;;AUDI A4 94-00*FAROLIM TRÁS ESQ (BRANCO/VERM. SW);AUDI A4 94-00*FAROLIM TRÁS ESQ (BRANCO/VERM. SW);0;;
61;1540;103F02181780;1540;103F02181780;CATEGORIA0;;1;1;0;1;;AUDI A4 94-00*FAROLIM TRÁS DRT (FUMADO/VERMELHO SW);AUDI A4 94-00*FAROLIM TRÁS DRT (FUMADO/VERMELHO SW);0;;
61;1540;103F02181781;1540;103F02181781;CATEGORIA0;;1;1;0;1;;FAROLIM TRÁS ESQ.;FAROLIM TRÁS ESQ.;0;;
61;1540;103F02181960;1540;103F02181960;CATEGORIA0;;1;1;0;1;;AUDI A4 SW/A6 98-*FAROLIM MATRICULA DRT;AUDI A4 SW/A6 98-*FAROLIM MATRICULA DRT;0;;
61;1540;103F02181961;1540;103F02181961;CATEGORIA0;;1;1;0;1;;AUDI A4 SW/A6 98-*FAROLIM MATRICULA ESQ;AUDI A4 SW/A6 98-*FAROLIM MATRICULA ESQ;0;;
61;1540;103F02182110;1540;103F02182110;CATEGORIA0;;1;1;0;1;;AUDI A4 94-*PISCA FR DRT C/CASQ MD BOSCH;AUDI A4 94-*PISCA FR DRT C/CASQ MD BOSCH;0;;
61;1540;103F02182111;1540;103F02182111;CATEGORIA0;;1;1;0;1;;AUDI A4 94-*PISCA FR ESQ C/CASQ MD BOSCH;AUDI A4 94-*PISCA FR ESQ C/CASQ MD BOSCH;0;;
61;1540;103F02183331;1540;103F02183331;CATEGORIA0;;1;1;0;1;;AUDI A3/A4/A6 01-*FAROLIM LATERAL BRANCO;AUDI A3/A4/A6 01-*FAROLIM LATERAL BRANCO;0;;
61;1540;103F02183332;1540;103F02183332;CATEGORIA0;;1;1;0;1;;AUDI A3/A4/A6 01-*FAROLIM LAT DRT/ESQ (FUMADO);AUDI A3/A4/A6 01-*FAROLIM LAT DRT/ESQ (FUMADO);0;;
61;1540;103F02201210;1540;103F02201210;CATEGORIA0;;1;1;0;1;;AUDI A6 94-98*FAROLIM FRT DRT;AUDI A6 94-98*FAROLIM FRT DRT;0;;
61;1540;103F02201211;1540;103F02201211;CATEGORIA0;;1;1;0;1;;AUDI A6 94-98*FAROLIM FRT ESQ;AUDI A6 94-98*FAROLIM FRT ESQ;0;;
61;1540;103F02201770;1540;103F02201770;CATEGORIA0;;1;1;0;1;;AUDI A6 94-97*FAROLIM TRÁS DRT.;AUDI A6 94-97*FAROLIM TRÁS DRT.;0;;
61;1540;103F02201771;1540;103F02201771;CATEGORIA0;;1;1;0;1;;AUDI A6 94-97*FAROLIM TRÁS ESQ;AUDI A6 94-97*FAROLIM TRÁS ESQ;0;;
61;1540;103F02202331;1540;103F02202331;CATEGORIA0;;1;1;0;1;;FAROLIM LAT. (BRANCO);FAROLIM LAT. (BRANCO);0;;
61;1540;103F02211100;1540;103F02211100;CATEGORIA0;;1;1;0;1;;FAROLIM FRT DTO. INCA/CADDY 97-;FAROLIM FRT DTO. INCA/CADDY 97-;0;;
61;1540;103F02211101;1540;103F02211101;CATEGORIA0;;1;1;0;1;;SEAT INCA/VW CADDY 97-*FAROLIM FRT ESQ (AMARELO)(C/CASQUILHO;SEAT INCA/VW CADDY 97-*FAROLIM FRT ESQ (AMARELO)(C/CASQUILHO;0;;
61;1540;103F02211200;1540;103F02211200;CATEGORIA0;;1;1;0;1;;SEAT INCA/VW CADDY 97-*FAROLIM FRT DRT (AMARELO)(S/CASQUILO);SEAT INCA/VW CADDY 97-*FAROLIM FRT DRT (AMARELO)(S/CASQUILO);0;;
61;1540;103F02211201;1540;103F02211201;CATEGORIA0;;1;1;0;1;;SEAT INCA/VW CADDY 97-*PISCA FR ESQ AMA S/CASQUILO;SEAT INCA/VW CADDY 97-*PISCA FR ESQ AMA S/CASQUILO;0;;
61;1540;103F02211770;1540;103F02211770;CATEGORIA0;;1;1;0;1;;SEAT INCA/VW CADDY 97-*FAROLIM TRÁS DRT;SEAT INCA/VW CADDY 97-*FAROLIM TRÁS DRT;0;;
61;1540;103F02211771;1540;103F02211771;CATEGORIA0;;1;1;0;1;;SEAT INCA/VW CADDY 97-*FAROLIM TRÁS ESQ;SEAT INCA/VW CADDY 97-*FAROLIM TRÁS ESQ;0;;
61;1540;103F02221110;1540;103F02221110;CATEGORIA0;;1;1;0;1;;AUDI A3 96-*FAROLIM FRT DRT;AUDI A3 96-*FAROLIM FRT DRT;0;;
61;1540;103F02221111;1540;103F02221111;CATEGORIA0;;1;1;0;1;;AUDI A3 96-*FAROLIM FRT ESQ;AUDI A3 96-*FAROLIM FRT ESQ;0;;
61;1540;103F02221780;1540;103F02221780;CATEGORIA0;;1;1;0;1;;AUDI A3 96-*FAROLIM TRÁS DRT;AUDI A3 96-*FAROLIM TRÁS DRT;0;;
61;1540;103F02230750;1540;103F02230750;CATEGORIA0;;1;1;0;1;;AUDI A6 04-08*FAROLIM TRÁS DRT (SEDAN);AUDI A6 04-08*FAROLIM TRÁS DRT (SEDAN);0;;
61;1540;103F02230751;1540;103F02230751;CATEGORIA0;;1;1;0;1;;AUDI A6 04-08*FAROLIM TRÁS ESQ (SEDAN);AUDI A6 04-08*FAROLIM TRÁS ESQ (SEDAN);0;;
61;1540;103F02230752;1540;103F02230752;CATEGORIA0;;1;1;0;1;;AUDI A6 04-08*FAROLIM TRÁS DRT (SEDAN LED);AUDI A6 04-08*FAROLIM TRÁS DRT (SEDAN LED);0;;
61;1540;103F02230753;1540;103F02230753;CATEGORIA0;;1;1;0;1;;AUDI A6 04-08*FAROLIM TRÁS ESQ (SEDAN LED);AUDI A6 04-08*FAROLIM TRÁS ESQ (SEDAN LED);0;;
61;1540;103F02230770;1540;103F02230770;CATEGORIA0;;1;1;0;1;;AUDI A6 04-06*FAROLIM TRÁS DRT (AVANT);AUDI A6 04-06*FAROLIM TRÁS DRT (AVANT);0;;
61;1540;103F02230771;1540;103F02230771;CATEGORIA0;;1;1;0;1;;AUDI A6 04-06*FAROLIM TRÁS ESQ (AVANT);AUDI A6 04-06*FAROLIM TRÁS ESQ (AVANT);0;;
61;1540;103F02230780;1540;103F02230780;CATEGORIA0;;1;1;0;1;;AUDI A6 07-08*FAROLIM TRÁS DRT (AVANT LED);AUDI A6 07-08*FAROLIM TRÁS DRT (AVANT LED);0;;
61;1540;103F02230781;1540;103F02230781;CATEGORIA0;;1;1;0;1;;AUDI A6 07-08*FAROLIM TRÁS ESQ (AVANT LED);AUDI A6 07-08*FAROLIM TRÁS ESQ (AVANT LED);0;;
61;1540;103F02230782;1540;103F02230782;CATEGORIA0;;1;1;0;1;;AUDI A6 07-08*FAROLIM TRÁS DRT (AVANT MEIO LED);AUDI A6 07-08*FAROLIM TRÁS DRT (AVANT MEIO LED);0;;
61;1540;103F02230783;1540;103F02230783;CATEGORIA0;;1;1;0;1;;AUDI A6 07-08*FAROLIM TRÁS ESQ (AVANT MEIO LED);AUDI A6 07-08*FAROLIM TRÁS ESQ (AVANT MEIO LED);0;;
61;1540;103F02231900;1540;103F02231900;CATEGORIA0;;1;1;0;1;;AUDI A6/SW 2004.04-*TERCEIRA LUZ STOP;AUDI A6/SW 2004.04-*TERCEIRA LUZ STOP;0;;
61;1540;103F02244331;1540;103F02244331;CATEGORIA0;;1;1;0;1;;VW GOLF/TOL/LEO/PAS 2001-*PISCA LAT TRANSPARENTE;VW GOLF/TOL/LEO/PAS 2001-*PISCA LAT TRANSPARENTE;0;;
61;1540;103F02244332;1540;103F02244332;CATEGORIA0;;1;1;0;1;;VW GOLF/TOL/LEO/PAS 2001-*PISCA LAT FUMADO;VW GOLF/TOL/LEO/PAS 2001-*PISCA LAT FUMADO;0;;
61;1540;103F02244333;1540;103F02244333;CATEGORIA0;;1;1;0;1;;VW GOLF/TOL/LEO/PAS 2001-*KIT(2 UNID)FAROLIM LAT DRT/ESQ (FU;VW GOLF/TOL/LEO/PAS 2001-*KIT(2 UNID)FAROLIM LAT DRT/ESQ (FU;0;;
61;1540;103F02244340;1540;103F02244340;CATEGORIA0;;1;1;0;1;;AUDI A4/A5/A6 07-/Q3 11-*FAROLIM LAT DRT (ESPELHO);AUDI A4/A5/A6 07-/Q3 11-*FAROLIM LAT DRT (ESPELHO);0;;
61;1540;103F02244341;1540;103F02244341;CATEGORIA0;;1;1;0;1;;FAROLIM LATERAL ESQ. (ESPELHO);FAROLIM LATERAL ESQ. (ESPELHO);0;;
61;1540;103F02244510;1540;103F02244510;CATEGORIA0;;1;1;0;1;;AUDI A4 07-*FAROLIM TRÁS DRT (SEDAN);AUDI A4 07-*FAROLIM TRÁS DRT (SEDAN);0;;
61;1540;103F02244511;1540;103F02244511;CATEGORIA0;;1;1;0;1;;AUDI A4 07-*FAROLIM TRÁS ESQ (SEDAN);AUDI A4 07-*FAROLIM TRÁS ESQ (SEDAN);0;;
61;1540;103F02244550;1540;103F02244550;CATEGORIA0;;1;1;0;1;;AUDI A4 07-*FAROLIM TRÁS DRT (SEDAN MALA);AUDI A4 07-*FAROLIM TRÁS DRT (SEDAN MALA);0;;
61;1540;103F02244551;1540;103F02244551;CATEGORIA0;;1;1;0;1;;AUDI A4 07-*FAROLIM TRÁS ESQ (SEDAN MALA);AUDI A4 07-*FAROLIM TRÁS ESQ (SEDAN MALA);0;;
61;1540;103F02244580;1540;103F02244580;CATEGORIA0;;1;1;0;1;;AUDI A4 07-*FAROLIM TRÁS DRT (CANTO SW);AUDI A4 07-*FAROLIM TRÁS DRT (CANTO SW);0;;
61;1540;103F02244581;1540;103F02244581;CATEGORIA0;;1;1;0;1;;AUDI A4 07-*FAROLIM TRÁS ESQ (CANTO SW);AUDI A4 07-*FAROLIM TRÁS ESQ (CANTO SW);0;;
61;1540;103F02244710;1540;103F02244710;CATEGORIA0;;1;1;0;1;;VW GOLF 97-*FAROLIM TRÁS DRT(VERM/AMAR/VERM);VW GOLF 97-*FAROLIM TRÁS DRT(VERM/AMAR/VERM);0;;
61;1540;103F02244711;1540;103F02244711;CATEGORIA0;;1;1;0;1;;VW GOLF 97-*FAROLIM TRÁS ESQ(VERM/AMAR/VERM);VW GOLF 97-*FAROLIM TRÁS ESQ(VERM/AMAR/VERM);0;;
61;1540;103F02244750;1540;103F02244750;CATEGORIA0;;1;1;0;1;;VW GOLF 97-*FAROLIM TRÁS DRT(VERM/FUM/VERM);VW GOLF 97-*FAROLIM TRÁS DRT(VERM/FUM/VERM);0;;
61;1540;103F02244751;1540;103F02244751;CATEGORIA0;;1;1;0;1;;VW GOLF 97-*FAROLIM TRÁS ESQ(VERM/FUM/VERM);VW GOLF 97-*FAROLIM TRÁS ESQ(VERM/FUM/VERM);0;;
61;1540;103F02244770;1540;103F02244770;CATEGORIA0;;1;1;0;1;;VW GOLF 98-*FAROLIM TRÁS DRT (SW);VW GOLF 98-*FAROLIM TRÁS DRT (SW);0;;
61;1540;103F02244771;1540;103F02244771;CATEGORIA0;;1;1;0;1;;VW GOLF 98-*FAROLIM TRÁS ESQ (SW);VW GOLF 98-*FAROLIM TRÁS ESQ (SW);0;;
61;1540;103F02244772;1540;103F02244772;CATEGORIA0;;1;1;0;1;;AUDI A4 07-*FAROLIM TRÁS DRT CANTO(SEDAN LED);AUDI A4 07-*FAROLIM TRÁS DRT CANTO(SEDAN LED);0;;
61;1540;103F02244773;1540;103F02244773;CATEGORIA0;;1;1;0;1;;FAROLIM TRÁS ESQ CANTO (SEDAN LED) A4 07-;FAROLIM TRÁS ESQ CANTO (SEDAN LED) A4 07-;0;;
61;1540;103F02244774;1540;103F02244774;CATEGORIA0;;1;1;0;1;;AUDI A4 07-*FAROLIM TRÁS DRT MALA(SEDAN LED);AUDI A4 07-*FAROLIM TRÁS DRT MALA(SEDAN LED);0;;
61;1540;103F02244775;1540;103F02244775;CATEGORIA0;;1;1;0;1;;AUDI A4 07- FAROLIM TRÁS ESQ. MALA SEDAN;AUDI A4 07- FAROLIM TRÁS ESQ. MALA SEDAN;0;;
61;1540;103F02244780;1540;103F02244780;CATEGORIA0;;1;1;0;1;;AUDI A4 07-*FAROLIM TR DRT CANTO(SW)LED;AUDI A4 07-*FAROLIM TR DRT CANTO(SW)LED;0;;
61;1540;103F02244781;1540;103F02244781;CATEGORIA0;;1;1;0;1;;AUDI A4 07-*FAROLIM TR ESQ CANTO(SW)LED;AUDI A4 07-*FAROLIM TR ESQ CANTO(SW)LED;0;;
61;1540;103F02244782;1540;103F02244782;CATEGORIA0;;1;1;0;1;;AUDI A4 07-*FAROLIM TRÁS DRT (MALA SW LED);AUDI A4 07-*FAROLIM TRÁS DRT (MALA SW LED);0;;
61;1540;103F02244783;1540;103F02244783;CATEGORIA0;;1;1;0;1;;AUDI A4 07-*FAROLIM TRÁS ESQ (MALA SW LED);AUDI A4 07-*FAROLIM TRÁS ESQ (MALA SW LED);0;;
61;1540;103F02244900;1540;103F02244900;CATEGORIA0;;1;1;0;1;;AUDI A4 AVANT 2007.08-*TERCEIRA LUZ STOP(VIDRO VERMELHO/CORP;AUDI A4 AVANT 2007.08-*TERCEIRA LUZ STOP(VIDRO VERMELHO/CORP;0;;
61;1540;103F02244901;1540;103F02244901;CATEGORIA0;;1;1;0;1;;AUDI A4 AVANT 2007.08-*TERCEIRA LUZ STOP LED;AUDI A4 AVANT 2007.08-*TERCEIRA LUZ STOP LED;0;;
61;1540;103F02244960;1540;103F02244960;CATEGORIA0;;1;1;0;1;;AUDI A1/A4/FABIA 07-*FAROLIM MATRICULA;AUDI A1/A4/FABIA 07-*FAROLIM MATRICULA;0;;
61;1540;103F02245500;1540;103F02245500;CATEGORIA0;;1;1;0;1;;VW GOLF V 03-*FAROLIM TRÁS DRT(CANTO);VW GOLF V 03-*FAROLIM TRÁS DRT(CANTO);0;;
61;1540;103F02245501;1540;103F02245501;CATEGORIA0;;1;1;0;1;;VW GOLF V 03-*FAROLIM TRÁS ESQ(CANTO);VW GOLF V 03-*FAROLIM TRÁS ESQ(CANTO);0;;
61;1540;103F02246500;1540;103F02246500;CATEGORIA0;;1;1;0;1;;VW GOLF V 03-*FAROLIM TRÁS DRT (MALA);VW GOLF V 03-*FAROLIM TRÁS DRT (MALA);0;;
61;1540;103F02246501;1540;103F02246501;CATEGORIA0;;1;1;0;1;;VW GOLF V 03-*FAROLIM TRÁS ESQ (MALA);VW GOLF V 03-*FAROLIM TRÁS ESQ (MALA);0;;
61;1540;103F02250340;1540;103F02250340;CATEGORIA0;;1;1;0;1;;AUDI A3 2008.07-*FAROLIM LAT DRT LED(ESPELHO);AUDI A3 2008.07-*FAROLIM LAT DRT LED(ESPELHO);0;;
61;1540;103F02250341;1540;103F02250341;CATEGORIA0;;1;1;0;1;;AUDI A3 2008.07-*FAROLIM LAT ESQ LED(ESPELHO);AUDI A3 2008.07-*FAROLIM LAT ESQ LED(ESPELHO);0;;
61;1540;103F02250770;1540;103F02250770;CATEGORIA0;;1;1;0;1;;AUDI A3/SPORT BACK 2008.07-*FAROLIM TRÁS DRT (LED);AUDI A3/SPORT BACK 2008.07-*FAROLIM TRÁS DRT (LED);0;;
61;1540;103F02250771;1540;103F02250771;CATEGORIA0;;1;1;0;1;;AUDI A3/SPORT BACK 2008.07-*FAROLIM TRÁS ESQ (LED);AUDI A3/SPORT BACK 2008.07-*FAROLIM TRÁS ESQ (LED);0;;
61;1540;103F02250772;1540;103F02250772;CATEGORIA0;;1;1;0;1;;AUDI A3/SPORT BACK 2008.07-*FAROLIM TRÁS DRT MEIO (LED);AUDI A3/SPORT BACK 2008.07-*FAROLIM TRÁS DRT MEIO (LED);0;;
61;1540;103F02250773;1540;103F02250773;CATEGORIA0;;1;1;0;1;;AUDI A3/SPORT BACK 2008.07-*FAROLIM TRÁS ESQ MEIO (LED);AUDI A3/SPORT BACK 2008.07-*FAROLIM TRÁS ESQ MEIO (LED);0;;
61;1540;103F02250774;1540;103F02250774;CATEGORIA0;;1;1;0;1;;AUDI A3 2008.07-*FAROLIM TRÁS DRT;AUDI A3 2008.07-*FAROLIM TRÁS DRT;0;;
61;1540;103F02250775;1540;103F02250775;CATEGORIA0;;1;1;0;1;;AUDI A3 2008.07-*FAROLIM TRÁS ESQ;AUDI A3 2008.07-*FAROLIM TRÁS ESQ;0;;
61;1540;103F02250776;1540;103F02250776;CATEGORIA0;;1;1;0;1;;AUDI A3 2008.07-*FAROLIM TRÁS DRT (FUMADO);AUDI A3 2008.07-*FAROLIM TRÁS DRT (FUMADO);0;;
61;1540;103F02250777;1540;103F02250777;CATEGORIA0;;1;1;0;1;;AUDI A3 2008.07-*FAROLIM TRÁS ESQ (FUMADO);AUDI A3 2008.07-*FAROLIM TRÁS ESQ (FUMADO);0;;
61;1540;103F02251960;1540;103F02251960;CATEGORIA0;;1;1;0;1;;VW GOLF 97-*FAROLIM MATRICULA;VW GOLF 97-*FAROLIM MATRICULA;0;;
61;1540;103F02251962;1540;103F02251962;CATEGORIA0;;1;1;0;1;;VW GOLF 97-*KIT(2 UNID)FAROLIM MATRICULA(LED);VW GOLF 97-*KIT(2 UNID)FAROLIM MATRICULA(LED);0;;
61;1540;103F02261760;1540;103F02261760;CATEGORIA0;;1;1;0;1;;VW VENTO 92-*FAROLIM TRÁS DRT (EXTERIOR);VW VENTO 92-*FAROLIM TRÁS DRT (EXTERIOR);0;;
61;1540;103F02261761;1540;103F02261761;CATEGORIA0;;1;1;0;1;;VW VENTO 92-*FAROLIM TRÁS ESQ (EXTERIOR);VW VENTO 92-*FAROLIM TRÁS ESQ (EXTERIOR);0;;
61;1540;103F02261762;1540;103F02261762;CATEGORIA0;;1;1;0;1;;VW VENTO 92-*FAROLIM TRÁS DRT (MALA);VW VENTO 92-*FAROLIM TRÁS DRT (MALA);0;;
61;1540;103F02261763;1540;103F02261763;CATEGORIA0;;1;1;0;1;;FAROLIM TRÁS ESQ. VENTO 92-;FAROLIM TRÁS ESQ. VENTO 92-;0;;
61;1540;103F02261770;1540;103F02261770;CATEGORIA0;;1;1;0;1;;AUDI A6 09-*FAROLIM TRÁS DRT (AVANT LED);AUDI A6 09-*FAROLIM TRÁS DRT (AVANT LED);0;;
61;1540;103F02261771;1540;103F02261771;CATEGORIA0;;1;1;0;1;;AUDI A6 09-*FAROLIM TRÁS ESQ (AVANT LED);AUDI A6 09-*FAROLIM TRÁS ESQ (AVANT LED);0;;
61;1540;103F02261772;1540;103F02261772;CATEGORIA0;;1;1;0;1;;AUDI A6 09-*FAROLIM TRÁS DRT (AVANT MEIO LED);AUDI A6 09-*FAROLIM TRÁS DRT (AVANT MEIO LED);0;;
61;1540;103F02261773;1540;103F02261773;CATEGORIA0;;1;1;0;1;;AUDI A6 09-*FAROLIM TRÁS ESQ (AVANT MEIO LED);AUDI A6 09-*FAROLIM TRÁS ESQ (AVANT MEIO LED);0;;
61;1540;103F02261774;1540;103F02261774;CATEGORIA0;;1;1;0;1;;AUDI A6 09-*FAROLIM TRÁS DRT (SEDAN LED);AUDI A6 09-*FAROLIM TRÁS DRT (SEDAN LED);0;;
61;1540;103F02261775;1540;103F02261775;CATEGORIA0;;1;1;0;1;;AUDI A6 09-*FAROLIM TRÁS ESQ (SEDAN LED);AUDI A6 09-*FAROLIM TRÁS ESQ (SEDAN LED);0;;
61;1540;103F02271210;1540;103F02271210;CATEGORIA0;;1;1;0;1;;VW PASSAT 96-*FAROLIM FRT DRT (TRANSPARENTE);VW PASSAT 96-*FAROLIM FRT DRT (TRANSPARENTE);0;;
61;1540;103F02271211;1540;103F02271211;CATEGORIA0;;1;1;0;1;;VW PASSAT 96- FAROLIM FRT. ESQ.;VW PASSAT 96- FAROLIM FRT. ESQ.;0;;
61;1540;103F02271340;1540;103F02271340;CATEGORIA0;;1;1;0;1;;AUDI A1 10-*FAROLIM LAT DRT(ESPELHO);AUDI A1 10-*FAROLIM LAT DRT(ESPELHO);0;;
61;1540;103F02271341;1540;103F02271341;CATEGORIA0;;1;1;0;1;;AUDI A1 10-*FAROLIM LAT ESQ(ESPELHO);AUDI A1 10-*FAROLIM LAT ESQ(ESPELHO);0;;
61;1540;103F02271770;1540;103F02271770;CATEGORIA0;;1;1;0;1;;AUDI A1 10-*FAROLIM TRÁS DRT;AUDI A1 10-*FAROLIM TRÁS DRT;0;;
61;1540;103F02271771;1540;103F02271771;CATEGORIA0;;1;1;0;1;;AUDI A1 10-*FAROLIM TRÁS ESQ;AUDI A1 10-*FAROLIM TRÁS ESQ;0;;
61;1540;103F02271772;1540;103F02271772;CATEGORIA0;;1;1;0;1;;AUDI A1 10-*FAROLIM TRÁS DRT (LED);AUDI A1 10-*FAROLIM TRÁS DRT (LED);0;;
61;1540;103F02271773;1540;103F02271773;CATEGORIA0;;1;1;0;1;;AUDI A1 10-*FAROLIM TRÁS ESQ (LED);AUDI A1 10-*FAROLIM TRÁS ESQ (LED);0;;
61;1540;103F02281340;1540;103F02281340;CATEGORIA0;;1;1;0;1;;AUDI A4/A5 12-*FAROLIM LAT DRT (ESPELHO);AUDI A4/A5 12-*FAROLIM LAT DRT (ESPELHO);0;;
61;1540;103F02281341;1540;103F02281341;CATEGORIA0;;1;1;0;1;;A4/A5 12- FAROLIM LATERAL ESQ. (ESPELHO);A4/A5 12- FAROLIM LATERAL ESQ. (ESPELHO);0;;
61;1540;103F02281772;1540;103F02281772;CATEGORIA0;;1;1;0;1;;AUDI A4 12-*FAROLIM TRÁS DRT (CANTO 4P);AUDI A4 12-*FAROLIM TRÁS DRT (CANTO 4P);0;;
61;1540;103F02281773;1540;103F02281773;CATEGORIA0;;1;1;0;1;;AUDI A4 12-*FAROLIM TRÁS ESQ (CANTO 4P);AUDI A4 12-*FAROLIM TRÁS ESQ (CANTO 4P);0;;
61;1540;103F02281775;1540;103F02281775;CATEGORIA0;;1;1;0;1;;AUDI A4 12-*FAROLIM TRÁS ESQ MEIO (4P LED);AUDI A4 12-*FAROLIM TRÁS ESQ MEIO (4P LED);0;;
61;1540;103F02281776;1540;103F02281776;CATEGORIA0;;1;1;0;1;;AUDI A4 12-*FAROLIM TRÁS DRT (CANTO SW LED);AUDI A4 12-*FAROLIM TRÁS DRT (CANTO SW LED);0;;
61;1540;103F02281777;1540;103F02281777;CATEGORIA0;;1;1;0;1;;AUDI A4 12-*FAROLIM TRÁS ESQ (CANTO SW LED);AUDI A4 12-*FAROLIM TRÁS ESQ (CANTO SW LED);0;;
61;1540;103F02291770;1540;103F02291770;CATEGORIA0;;1;1;0;1;;AUDI Q3 11-*FAROLIM TRÁS DRT (LED);AUDI Q3 11-*FAROLIM TRÁS DRT (LED);0;;
61;1540;103F02291771;1540;103F02291771;CATEGORIA0;;1;1;0;1;;AUDI Q3 11-*FAROLIM TRÁS ESQ (LED);AUDI Q3 11-*FAROLIM TRÁS ESQ (LED);0;;
61;1540;103F02291772;1540;103F02291772;CATEGORIA0;;1;1;0;1;;AUDI Q3 11-*FAROLIM TRÁS DRT;AUDI Q3 11-*FAROLIM TRÁS DRT;0;;
61;1540;103F02291773;1540;103F02291773;CATEGORIA0;;1;1;0;1;;AUDI Q3 11-*FAROLIM TRÁS ESQ;AUDI Q3 11-*FAROLIM TRÁS ESQ;0;;
61;1540;103F02300340;1540;103F02300340;CATEGORIA0;;1;1;0;1;;AUDI Q5/Q7 08-*FAROLIM LAT DRT LED (ESPELHO);AUDI Q5/Q7 08-*FAROLIM LAT DRT LED (ESPELHO);0;;
61;1540;103F02300341;1540;103F02300341;CATEGORIA0;;1;1;0;1;;AUDI Q5/Q7 08-*FAROLIM LAT ESQ LED (ESPELHO);AUDI Q5/Q7 08-*FAROLIM LAT ESQ LED (ESPELHO);0;;
61;1540;103F02301380;1540;103F02301380;CATEGORIA0;;1;1;0;1;;AUDI Q5 08-*FAROLIM P/CH TRÁS DRT;AUDI Q5 08-*FAROLIM P/CH TRÁS DRT;0;;
61;1540;103F02301381;1540;103F02301381;CATEGORIA0;;1;1;0;1;;FAROLIM P/CHOQUES TRÁS ESQ. AUDI Q5 08-;FAROLIM P/CHOQUES TRÁS ESQ. AUDI Q5 08-;0;;
61;1540;103F02301770;1540;103F02301770;CATEGORIA0;;1;1;0;1;;FAROLIM TRÁS DTO AUDI Q5 08-;FAROLIM TRÁS DTO AUDI Q5 08-;0;;
61;1540;103F02301772;1540;103F02301772;CATEGORIA0;;1;1;0;1;;AUDI Q5 13-*FAROLIM TRÁS DRT (LED);AUDI Q5 13-*FAROLIM TRÁS DRT (LED);0;;
61;1540;103F02301773;1540;103F02301773;CATEGORIA0;;1;1;0;1;;AUDI Q5 13-*FAROLIM TRÁS ESQ (LED);AUDI Q5 13-*FAROLIM TRÁS ESQ (LED);0;;
61;1540;103F02320340;1540;103F02320340;CATEGORIA0;;1;1;0;1;;AUDI A6 11-*FAROLIM LAT DRT LED (ESPELHO);AUDI A6 11-*FAROLIM LAT DRT LED (ESPELHO);0;;
61;1540;103F02320341;1540;103F02320341;CATEGORIA0;;1;1;0;1;;AUDI A6 11-*FAROLIM LAT ESQ LED (ESPELHO);AUDI A6 11-*FAROLIM LAT ESQ LED (ESPELHO);0;;
61;1540;103F02320770;1540;103F02320770;CATEGORIA0;;1;1;0;1;;AUDI A6 11-*FAROLIM TRÁS DRT (4P);AUDI A6 11-*FAROLIM TRÁS DRT (4P);0;;
61;1540;103F02320771;1540;103F02320771;CATEGORIA0;;1;1;0;1;;AUDI A6 11-*FAROLIM TRÁS ESQ (4P);AUDI A6 11-*FAROLIM TRÁS ESQ (4P);0;;
61;1540;103F02320772;1540;103F02320772;CATEGORIA0;;1;1;0;1;;AUDI A6 11-*FAROLIM TRÁS DRT (CANTO SW);AUDI A6 11-*FAROLIM TRÁS DRT (CANTO SW);0;;
61;1540;103F02320773;1540;103F02320773;CATEGORIA0;;1;1;0;1;;AUDI A6 11-*FAROLIM TRÁS ESQ (CANTO SW);AUDI A6 11-*FAROLIM TRÁS ESQ (CANTO SW);0;;
61;1540;103F02320776;1540;103F02320776;CATEGORIA0;;1;1;0;1;;AUDI A6 11-*FAROLIM TRÁS DRT (4P LED);AUDI A6 11-*FAROLIM TRÁS DRT (4P LED);0;;
61;1540;103F02320777;1540;103F02320777;CATEGORIA0;;1;1;0;1;;AUDI A6 11-*FAROLIM TRÁS ESQ (4P LED);AUDI A6 11-*FAROLIM TRÁS ESQ (4P LED);0;;
61;1540;103F02330380;1540;103F02330380;CATEGORIA0;;1;1;0;1;;AUDI Q7 2006.03-*FAROLIM P/CH TRÁS DRT;AUDI Q7 2006.03-*FAROLIM P/CH TRÁS DRT;0;;
61;1540;103F02330381;1540;103F02330381;CATEGORIA0;;1;1;0;1;;AUDI Q7 2006.03-*FAROLIM P/CH TRÁS ESQ;AUDI Q7 2006.03-*FAROLIM P/CH TRÁS ESQ;0;;
61;1540;103F02341340;1540;103F02341340;CATEGORIA0;;1;1;0;1;;AUDI A3 13-*FAROLIM LAT DRT LED 3/4/5P (ESPELHO);AUDI A3 13-*FAROLIM LAT DRT LED 3/4/5P (ESPELHO);0;;
61;1540;103F02341341;1540;103F02341341;CATEGORIA0;;1;1;0;1;;AUDI A3 13-*FAROLIM LAT ESQ LED 3/4/5P (ESPELHO);AUDI A3 13-*FAROLIM LAT ESQ LED 3/4/5P (ESPELHO);0;;
61;1540;103F02341770;1540;103F02341770;CATEGORIA0;;1;1;0;1;;AUDI A3 13-*FAROLIM TRÁS DRT (3P);AUDI A3 13-*FAROLIM TRÁS DRT (3P);0;;
61;1540;103F02341774;1540;103F02341774;CATEGORIA0;;1;1;0;1;;AUDI A3 13-*FAROLIM TRÁS DRT MEIO (3P LED);AUDI A3 13-*FAROLIM TRÁS DRT MEIO (3P LED);0;;
61;1540;103F02341775;1540;103F02341775;CATEGORIA0;;1;1;0;1;;AUDI A3 13-*FAROLIM TRÁS ESQ MEIO (3P LED);AUDI A3 13-*FAROLIM TRÁS ESQ MEIO (3P LED);0;;
61;1540;103F02341776;1540;103F02341776;CATEGORIA0;;1;1;0;1;;AUDI A3 13-*FAROLIM TRÁS DRT (SPORTBACK);AUDI A3 13-*FAROLIM TRÁS DRT (SPORTBACK);0;;
61;1540;103F02341777;1540;103F02341777;CATEGORIA0;;1;1;0;1;;AUDI A3 13-*FAROLIM TRÁS ESQ (SPORTBACK);AUDI A3 13-*FAROLIM TRÁS ESQ (SPORTBACK);0;;
61;1540;103F02341780;1540;103F02341780;CATEGORIA0;;1;1;0;1;;AUDI A3 13-*FAROLIM TRÁS DRT CANTO(SPORTBACK)(LED);AUDI A3 13-*FAROLIM TRÁS DRT CANTO(SPORTBACK)(LED);0;;
61;1540;103F02341781;1540;103F02341781;CATEGORIA0;;1;1;0;1;;AUDI A3 13-*FAROLIM TRÁS ESQ CANTO(SPORTBACK)(LED);AUDI A3 13-*FAROLIM TRÁS ESQ CANTO(SPORTBACK)(LED);0;;
61;1540;103F02341782;1540;103F02341782;CATEGORIA0;;1;1;0;1;;AUDI A3 13-*FAROLIM TRÁS DRT MEIO(SPORTBACK)(LED);AUDI A3 13-*FAROLIM TRÁS DRT MEIO(SPORTBACK)(LED);0;;
61;1540;103F02341783;1540;103F02341783;CATEGORIA0;;1;1;0;1;;AUDI A3 13-*FAROLIM TRÁS ESQ MEIO(SPORTBACK)(LED);AUDI A3 13-*FAROLIM TRÁS ESQ MEIO(SPORTBACK)(LED);0;;
61;1540;103F02350770;1540;103F02350770;CATEGORIA0;;1;1;0;1;;AUDI Q7 10-*FAROLIM TRÁS DRT (LED);AUDI Q7 10-*FAROLIM TRÁS DRT (LED);0;;
61;1540;103F02350771;1540;103F02350771;CATEGORIA0;;1;1;0;1;;AUDI Q7 10-*FAROLIM TRÁS ESQ (LED);AUDI Q7 10-*FAROLIM TRÁS ESQ (LED);0;;
61;1540;103F02380340;1540;103F02380340;CATEGORIA0;;1;1;0;1;;AUDI A4 15-*FAROLIM LAT DRT (ESPELHO);AUDI A4 15-*FAROLIM LAT DRT (ESPELHO);0;;
61;1540;103F02380341;1540;103F02380341;CATEGORIA0;;1;1;0;1;;AUDI A4 15-*FAROLIM LAT ESQ (ESPELHO);AUDI A4 15-*FAROLIM LAT ESQ (ESPELHO);0;;
61;1540;103F02380770;1540;103F02380770;CATEGORIA0;;1;1;0;1;;AUDI A4 15-*FAROLIM TRÁS DRT (CANTO);AUDI A4 15-*FAROLIM TRÁS DRT (CANTO);0;;
61;1540;103F02380771;1540;103F02380771;CATEGORIA0;;1;1;0;1;;AUDI A4 15-*FAROLIM TRÁS ESQ (CANTO);AUDI A4 15-*FAROLIM TRÁS ESQ (CANTO);0;;
61;1540;103F02380772;1540;103F02380772;CATEGORIA0;;1;1;0;1;;AUDI A4 15-*FAROLIM TRÁS DRT (CANTO SW);AUDI A4 15-*FAROLIM TRÁS DRT (CANTO SW);0;;
61;1540;103F02380773;1540;103F02380773;CATEGORIA0;;1;1;0;1;;AUDI A4 15-*FAROLIM TRÁS ESQ (CANTO SW);AUDI A4 15-*FAROLIM TRÁS ESQ (CANTO SW);0;;
61;1540;103F02380774;1540;103F02380774;CATEGORIA0;;1;1;0;1;;AUDI A4 15-*FAROLIM TRÁS DRT (CANTO)(LED);AUDI A4 15-*FAROLIM TRÁS DRT (CANTO)(LED);0;;
61;1540;103F02380775;1540;103F02380775;CATEGORIA0;;1;1;0;1;;AUDI A4 15-*FAROLIM TRÁS ESQ (CANTO)(LED);AUDI A4 15-*FAROLIM TRÁS ESQ (CANTO)(LED);0;;
61;1540;103F02400770;1540;103F02400770;CATEGORIA0;;1;1;0;1;;AUDI A1 2018.07-*FAROLIM TRÁS DRT(PY21W/P21W);AUDI A1 2018.07-*FAROLIM TRÁS DRT(PY21W/P21W);0;;
61;1540;103F02400771;1540;103F02400771;CATEGORIA0;;1;1;0;1;;AUDI A1 2018.07-*FAROLIM TRÁS ESQ(PY21W/P21W);AUDI A1 2018.07-*FAROLIM TRÁS ESQ(PY21W/P21W);0;;
61;1540;103F02410340;1540;103F02410340;CATEGORIA0;;1;1;0;1;;AUDI Q5/Q7 15-*FAROLIM LAT DRT LED (ESPELHO);AUDI Q5/Q7 15-*FAROLIM LAT DRT LED (ESPELHO);0;;
61;1540;103F02410341;1540;103F02410341;CATEGORIA0;;1;1;0;1;;AUDI Q5/Q7 15-*FAROLIM LAT ESQ LED (ESPELHO);AUDI Q5/Q7 15-*FAROLIM LAT ESQ LED (ESPELHO);0;;
61;1540;103F02410380;1540;103F02410380;CATEGORIA0;;1;1;0;1;;AUDI Q5 2016.05-*FAROLIM P/CH TRÁS DRT;AUDI Q5 2016.05-*FAROLIM P/CH TRÁS DRT;0;;
61;1540;103F02410381;1540;103F02410381;CATEGORIA0;;1;1;0;1;;AUDI Q5 2016.05-*FAROLIM P/CH TRÁS ESQ;AUDI Q5 2016.05-*FAROLIM P/CH TRÁS ESQ;0;;
61;1540;103F02440340;1540;103F02440340;CATEGORIA0;;1;1;0;1;;AUDI Q2/Q3 2016.06-*FAROLIM LAT DRT (ESPELHO);AUDI Q2/Q3 2016.06-*FAROLIM LAT DRT (ESPELHO);0;;
61;1540;103F02440341;1540;103F02440341;CATEGORIA0;;1;1;0;1;;AUDI Q2/Q3 2016.06-*FAROLIM LAT ESQ (ESPELHO);AUDI Q2/Q3 2016.06-*FAROLIM LAT ESQ (ESPELHO);0;;
61;1540;103F02461380;1540;103F02461380;CATEGORIA0;;1;1;0;1;;AUDI A4 2019.09-*REFLETOR P/CH TRÁS DRT(SEDAN 4P);AUDI A4 2019.09-*REFLETOR P/CH TRÁS DRT(SEDAN 4P);0;;
61;1540;103F02461381;1540;103F02461381;CATEGORIA0;;1;1;0;1;;AUDI A4 2019.09-*REFLETOR P/CH TRÁS ESQ(SEDAN 4P);AUDI A4 2019.09-*REFLETOR P/CH TRÁS ESQ(SEDAN 4P);0;;
61;1540;103F03041100;1540;103F03041100;CATEGORIA0;;1;1;0;1;;AUSTIN METRO*FAROLIM FRT DRT;AUSTIN METRO*FAROLIM FRT DRT;0;;
61;1540;103F03041101;1540;103F03041101;CATEGORIA0;;1;1;0;1;;AUSTIN METRO*FAROLIM FRT ESQ;AUSTIN METRO*FAROLIM FRT ESQ;0;;
61;1540;103F04031211;1540;103F04031211;CATEGORIA0;;1;1;0;1;;AUTOBIANCHI Y10 89-*VIDRO FRT ESQ;AUTOBIANCHI Y10 89-*VIDRO FRT ESQ;0;;
61;1540;103F04031841;1540;103F04031841;CATEGORIA0;;1;1;0;1;;AUTOBIANCHI Y10 89-*V/FAROLIM TRÁS ESQ (FUMADO);AUTOBIANCHI Y10 89-*V/FAROLIM TRÁS ESQ (FUMADO);0;;
61;1540;103F04032210;1540;103F04032210;CATEGORIA0;;1;1;0;1;;LANCIA Y10 93-*FAROLIM FRT DRT;LANCIA Y10 93-*FAROLIM FRT DRT;0;;
61;1540;103F04032211;1540;103F04032211;CATEGORIA0;;1;1;0;1;;LANCIA Y10 93-*FAROLIM FRT ESQ;LANCIA Y10 93-*FAROLIM FRT ESQ;0;;
61;1540;103F04081130;1540;103F04081130;CATEGORIA0;;1;1;0;1;;LANCIA Y 96-*FAROLIM FRT DRT;LANCIA Y 96-*FAROLIM FRT DRT;0;;
61;1540;103F04081131;1540;103F04081131;CATEGORIA0;;1;1;0;1;;LANCIA Y 96-*FAROLIM FRT ESQ;LANCIA Y 96-*FAROLIM FRT ESQ;0;;
61;1540;103F04081301;1540;103F04081301;CATEGORIA0;;1;1;0;1;;LANCIA Y 96-*FAROLIM LAT DRT;LANCIA Y 96-*FAROLIM LAT DRT;0;;
61;1540;103F04081302;1540;103F04081302;CATEGORIA0;;1;1;0;1;;LANCIA Y 96-*FAROLIM LAT ESQ;LANCIA Y 96-*FAROLIM LAT ESQ;0;;
61;1540;103F04081520;1540;103F04081520;CATEGORIA0;;1;1;0;1;;LANCIA Y 96-*FAROLIM TRÁS DRT;LANCIA Y 96-*FAROLIM TRÁS DRT;0;;
61;1540;103F04081521;1540;103F04081521;CATEGORIA0;;1;1;0;1;;LANCIA Y 96-*FAROLIM TRÁS ESQ;LANCIA Y 96-*FAROLIM TRÁS ESQ;0;;
61;1540;103F04081770;1540;103F04081770;CATEGORIA0;;1;1;0;1;;LANCIA Y 01-*FAROLIM TRÁS DRT;LANCIA Y 01-*FAROLIM TRÁS DRT;0;;
61;1540;103F04081771;1540;103F04081771;CATEGORIA0;;1;1;0;1;;LANCIA Y 01-*FAROLIM TRÁS ESQ;LANCIA Y 01-*FAROLIM TRÁS ESQ;0;;
61;1540;103F04081960;1540;103F04081960;CATEGORIA0;;1;1;0;1;;LANCIA Y 96-*FAROLIM MATRICULA;LANCIA Y 96-*FAROLIM MATRICULA;0;;
61;1540;103F04082110;1540;103F04082110;CATEGORIA0;;1;1;0;1;;LANCIA Y 01-*FAROLIM FRT DRT;LANCIA Y 01-*FAROLIM FRT DRT;0;;
61;1540;103F04082111;1540;103F04082111;CATEGORIA0;;1;1;0;1;;LANCIA Y 01-*FAROLIM FRT ESQ;LANCIA Y 01-*FAROLIM FRT ESQ;0;;
61;1540;103F04082331;1540;103F04082331;CATEGORIA0;;1;1;0;1;;LANCIA Y 01-*FAROLIM LAT DRT/ESQ;LANCIA Y 01-*FAROLIM LAT DRT/ESQ;0;;
61;1540;103F04083301;1540;103F04083301;CATEGORIA0;;1;1;0;1;;LANCIA Y 03-07/LIBRA*FAROLIM LAT DRT/ESQ;LANCIA Y 03-07/LIBRA*FAROLIM LAT DRT/ESQ;0;;
61;1540;103F04083380;1540;103F04083380;CATEGORIA0;;1;1;0;1;;LANCIA Y 06-*REFLETOR P/CH TRÁS DRT (EXTERIOR);LANCIA Y 06-*REFLETOR P/CH TRÁS DRT (EXTERIOR);0;;
61;1540;103F04083381;1540;103F04083381;CATEGORIA0;;1;1;0;1;;LANCIA Y 06-*REFLETOR P/CH TRÁS ESQ;LANCIA Y 06-*REFLETOR P/CH TRÁS ESQ;0;;
61;1540;103F04083382;1540;103F04083382;CATEGORIA0;;1;1;0;1;;LANCIA Y 06-*REFLETOR P/CH TRÁS DRT (INTERIOR);LANCIA Y 06-*REFLETOR P/CH TRÁS DRT (INTERIOR);0;;
61;1540;103F04083750;1540;103F04083750;CATEGORIA0;;1;1;0;1;;LANCIA Y 03-*FAROLIM TRÁS DRT;LANCIA Y 03-*FAROLIM TRÁS DRT;0;;
61;1540;103F04083751;1540;103F04083751;CATEGORIA0;;1;1;0;1;;LANCIA Y 03-*FAROLIM TRÁS ESQ;LANCIA Y 03-*FAROLIM TRÁS ESQ;0;;
61;1540;103F04083752;1540;103F04083752;CATEGORIA0;;1;1;0;1;;LANCIA Y 06-*FAROLIM TRÁS DRT;LANCIA Y 06-*FAROLIM TRÁS DRT;0;;
61;1540;103F04083753;1540;103F04083753;CATEGORIA0;;1;1;0;1;;LANCIA Y 06-*FAROLIM TRÁS ESQ;LANCIA Y 06-*FAROLIM TRÁS ESQ;0;;
61;1540;103F04083960;1540;103F04083960;CATEGORIA0;;1;1;0;1;;LANCIA Y 03-*FAROLIM MATRICULA;LANCIA Y 03-*FAROLIM MATRICULA;0;;
61;1540;103F05041100;1540;103F05041100;CATEGORIA0;;1;1;0;1;;BMW E30 83-87*FAROLIM FRT DRT;BMW E30 83-87*FAROLIM FRT DRT;0;;
61;1540;103F05041101;1540;103F05041101;CATEGORIA0;;1;1;0;1;;BMW E30 83-87*FAROLIM FRT ESQ;BMW E30 83-87*FAROLIM FRT ESQ;0;;
61;1540;103F05042100;1540;103F05042100;CATEGORIA0;;1;1;0;1;;BMW E30 87-*PISCA FRT. DIR.;BMW E30 87-*PISCA FRT. DIR.;0;;
61;1540;103F05042101;1540;103F05042101;CATEGORIA0;;1;1;0;1;;BMW E30 87-*PISCA FRT. ESQ.;BMW E30 87-*PISCA FRT. ESQ.;0;;
61;1540;103F05071100;1540;103F05071100;CATEGORIA0;;1;1;0;1;;BMW E34 88-94*FAROLIM FRT DRT (AMARELO);BMW E34 88-94*FAROLIM FRT DRT (AMARELO);0;;
61;1540;103F05071101;1540;103F05071101;CATEGORIA0;;1;1;0;1;;BMW E34 88-94*FAROLIM FRT ESQ (AMARELO);BMW E34 88-94*FAROLIM FRT ESQ (AMARELO);0;;
61;1540;103F05071110;1540;103F05071110;CATEGORIA0;;1;1;0;1;;BMW E34 88 - FAROLIM FRT. DTO. (BRANCO);BMW E34 88 - FAROLIM FRT. DTO. (BRANCO);0;;
61;1540;103F05071111;1540;103F05071111;CATEGORIA0;;1;1;0;1;;BMW E34 88-*FAROLIM FRT ESQ (BRANCO);BMW E34 88-*FAROLIM FRT ESQ (BRANCO);0;;
61;1540;103F05071770;1540;103F05071770;CATEGORIA0;;1;1;0;1;;BMW E34 88-*FAROLIM TRÁS DRT (BRANCO/VERMELHO);BMW E34 88-*FAROLIM TRÁS DRT (BRANCO/VERMELHO);0;;
61;1540;103F05071771;1540;103F05071771;CATEGORIA0;;1;1;0;1;;BMW E34 88-*FAROLIM TRÁS ESQ (BRANCO/VERMELHO);BMW E34 88-*FAROLIM TRÁS ESQ (BRANCO/VERMELHO);0;;
61;1540;103F05071772;1540;103F05071772;CATEGORIA0;;1;1;0;1;;BMW E34 88-*FAROLIM TRÁS DRT (AMARELO/VERMELHO);BMW E34 88-*FAROLIM TRÁS DRT (AMARELO/VERMELHO);0;;
61;1540;103F05071773;1540;103F05071773;CATEGORIA0;;1;1;0;1;;BMW E34 88-*FAROLIM TRÁS ESQ (AMARELO/VERMELHO);BMW E34 88-*FAROLIM TRÁS ESQ (AMARELO/VERMELHO);0;;
61;1540;103F05072310;1540;103F05072310;CATEGORIA0;;1;1;0;1;;BMW E30/E34/E36 89-*FAROLIM LAT DRT;BMW E30/E34/E36 89-*FAROLIM LAT DRT;0;;
61;1540;103F05072311;1540;103F05072311;CATEGORIA0;;1;1;0;1;;BMW E30/E34/E36 89-*FAROLIM LAT ESQ;BMW E30/E34/E36 89-*FAROLIM LAT ESQ;0;;
61;1540;103F05072330;1540;103F05072330;CATEGORIA0;;1;1;0;1;;BMW E36 91-*FAROLIM LAT DRT (BRANCO);BMW E36 91-*FAROLIM LAT DRT (BRANCO);0;;
61;1540;103F05072331;1540;103F05072331;CATEGORIA0;;1;1;0;1;;BMW E36 91-*FAROLIM LAT ESQ (BRANCO);BMW E36 91-*FAROLIM LAT ESQ (BRANCO);0;;
61;1540;103F05081110;1540;103F05081110;CATEGORIA0;;1;1;0;1;;BMW E36 91-*FAROLIM FRT DRT BRANCO 4P;BMW E36 91-*FAROLIM FRT DRT BRANCO 4P;0;;
61;1540;103F05081111;1540;103F05081111;CATEGORIA0;;1;1;0;1;;BMW E36 91-*FAROLIM FRT ESQ BRANCO 4P;BMW E36 91-*FAROLIM FRT ESQ BRANCO 4P;0;;
61;1540;103F05081200;1540;103F05081200;CATEGORIA0;;1;1;0;1;;BMW E36 91-*FAROLIM FRT DRT AMARELO 4P;BMW E36 91-*FAROLIM FRT DRT AMARELO 4P;0;;
61;1540;103F05081201;1540;103F05081201;CATEGORIA0;;1;1;0;1;;BMW E36 91-*FAROLIM FRT ESQ AMARELO 4P;BMW E36 91-*FAROLIM FRT ESQ AMARELO 4P;0;;
61;1540;103F05081750;1540;103F05081750;CATEGORIA0;;1;1;0;1;;BMW E36 94-98*FAROLIM TRÁS DRT (VERMELHO/BRANCO/AMARELO COMP;BMW E36 94-98*FAROLIM TRÁS DRT (VERMELHO/BRANCO/AMARELO COMP;0;;
61;1540;103F05081752;1540;103F05081752;CATEGORIA0;;1;1;0;1;;BMW E36 94-98*FAROLIM TRÁS DRT (VERMELHO/BRANCO COMPACT);BMW E36 94-98*FAROLIM TRÁS DRT (VERMELHO/BRANCO COMPACT);0;;
61;1540;103F05081753;1540;103F05081753;CATEGORIA0;;1;1;0;1;;BMW E36 94-98*FAROLIM TRÁS ESQ VER/BRAN (COMPACT);BMW E36 94-98*FAROLIM TRÁS ESQ VER/BRAN (COMPACT);0;;
61;1540;103F05081770;1540;103F05081770;CATEGORIA0;;1;1;0;1;;BMW E36 91-*FAROLIM TR DRT 4P(BRAN/VERM);BMW E36 91-*FAROLIM TR DRT 4P(BRAN/VERM);0;;
61;1540;103F05081771;1540;103F05081771;CATEGORIA0;;1;1;0;1;;BMW E36 91-*FAROLIM TRÁS ESQ (BRANCO/VERMELHO 4P);BMW E36 91-*FAROLIM TRÁS ESQ (BRANCO/VERMELHO 4P);0;;
61;1540;103F05081773;1540;103F05081773;CATEGORIA0;;1;1;0;1;;BMW E36 91-*FAROLIM TR DRT 4P(BR+AM+VER);BMW E36 91-*FAROLIM TR DRT 4P(BR+AM+VER);0;;
61;1540;103F05081774;1540;103F05081774;CATEGORIA0;;1;1;0;1;;BMW E36 91-*FAROLIM TR ESQ 4P(BR+AM+VER);BMW E36 91-*FAROLIM TR ESQ 4P(BR+AM+VER);0;;
61;1540;103F05082110;1540;103F05082110;CATEGORIA0;;1;1;0;1;;BMW E36 91-*FAROLIM FRT DRT BRANCO 2P;BMW E36 91-*FAROLIM FRT DRT BRANCO 2P;0;;
61;1540;103F05082111;1540;103F05082111;CATEGORIA0;;1;1;0;1;;BMW E36 91-*FAROLIM FRT ESQ BRANCO 2P;BMW E36 91-*FAROLIM FRT ESQ BRANCO 2P;0;;
61;1540;103F05082200;1540;103F05082200;CATEGORIA0;;1;1;0;1;;BMW E36 91-*FAROLIM FRT DRT AMARELO 2P;BMW E36 91-*FAROLIM FRT DRT AMARELO 2P;0;;
61;1540;103F05082201;1540;103F05082201;CATEGORIA0;;1;1;0;1;;BMW E36 91-*FAROLIM FRT ESQ AMARELO 2P;BMW E36 91-*FAROLIM FRT ESQ AMARELO 2P;0;;
61;1540;103F05082710;1540;103F05082710;CATEGORIA0;;1;1;0;1;;BMW E36 91-*FAROLIM TRÁS DRT (BRANCO/AMARELO/VERMELHO 2P);BMW E36 91-*FAROLIM TRÁS DRT (BRANCO/AMARELO/VERMELHO 2P);0;;
61;1540;103F05082711;1540;103F05082711;CATEGORIA0;;1;1;0;1;;BMW E36 91-*FAROLIM TRÁS ESQ (BRANCO/AMARELO/VERMELHO 2P);BMW E36 91-*FAROLIM TRÁS ESQ (BRANCO/AMARELO/VERMELHO 2P);0;;
61;1540;103F05082770;1540;103F05082770;CATEGORIA0;;1;1;0;1;;BMW E36 91-*FAROLIM TRÁS DRT (BRANCO/VERMELHO 2P);BMW E36 91-*FAROLIM TRÁS DRT (BRANCO/VERMELHO 2P);0;;
61;1540;103F05082771;1540;103F05082771;CATEGORIA0;;1;1;0;1;;BMW E36 91-*FAROLIM TRÁS ESQ(BRA+VERM) 2P;BMW E36 91-*FAROLIM TRÁS ESQ(BRA+VERM) 2P;0;;
61;1540;103F05083100;1540;103F05083100;CATEGORIA0;;1;1;0;1;;BMW E46 98-*FAROLIM FRT DRT CPL AMARELO;BMW E46 98-*FAROLIM FRT DRT CPL AMARELO;0;;
61;1540;103F05083101;1540;103F05083101;CATEGORIA0;;1;1;0;1;;PISCA;PISCA;0;;
61;1540;103F05083210;1540;103F05083210;CATEGORIA0;;1;1;0;1;;BMW E46 98-*FAROLIM FRT DRT BRANCO;BMW E46 98-*FAROLIM FRT DRT BRANCO;0;;
61;1540;103F05083211;1540;103F05083211;CATEGORIA0;;1;1;0;1;;BMW E46 98- * FAROLIM FRENTE ESQ (BRANCO);BMW E46 98- * FAROLIM FRENTE ESQ (BRANCO);0;;
61;1540;103F05083310;1540;103F05083310;CATEGORIA0;;1;1;0;1;;BMW E36 97-98*FAROLIM LATERAL DRT AMAREL;BMW E36 97-98*FAROLIM LATERAL DRT AMAREL;0;;
61;1540;103F05083311;1540;103F05083311;CATEGORIA0;;1;1;0;1;;BMW E36 97-98*FAROLIM LATERAL ESQ AMAREL;BMW E36 97-98*FAROLIM LATERAL ESQ AMAREL;0;;
61;1540;103F05083330;1540;103F05083330;CATEGORIA0;;1;1;0;1;;BMW E36 97-98*FAROLIM LATERAL DRT BRANCO;BMW E36 97-98*FAROLIM LATERAL DRT BRANCO;0;;
61;1540;103F05083331;1540;103F05083331;CATEGORIA0;;1;1;0;1;;BMW E36 97-98*FAROLIM LATERAL ESQ BRANCO;BMW E36 97-98*FAROLIM LATERAL ESQ BRANCO;0;;
61;1540;103F05083724;1540;103F05083724;CATEGORIA0;;1;1;0;1;;BMW E46 98-*FAROLIM TRÁS DRT (CENTRAL 2P);BMW E46 98-*FAROLIM TRÁS DRT (CENTRAL 2P);0;;
61;1540;103F05083725;1540;103F05083725;CATEGORIA0;;1;1;0;1;;BMW E46 98-*FAROLIM TRÁS ESQ (CENTRAL 2P);BMW E46 98-*FAROLIM TRÁS ESQ (CENTRAL 2P);0;;
61;1540;103F05083760;1540;103F05083760;CATEGORIA0;;1;1;0;1;;BMW E46 98-*FAROLIM TRÁS G/LAMAS DRT (AMARELO/VERMELHO 2P);BMW E46 98-*FAROLIM TRÁS G/LAMAS DRT (AMARELO/VERMELHO 2P);0;;
61;1540;103F05083762;1540;103F05083762;CATEGORIA0;;1;1;0;1;;BMW E46 2P 98-*FAROLIM TRÁS  DRT (BRANCO/VERMELHO);BMW E46 2P 98-*FAROLIM TRÁS  DRT (BRANCO/VERMELHO);0;;
61;1540;103F05083763;1540;103F05083763;CATEGORIA0;;1;1;0;1;;BMW E46 2P 98-*FAROLIM TRÁS ESQ (BRANCO/VERMELHO);BMW E46 2P 98-*FAROLIM TRÁS ESQ (BRANCO/VERMELHO);0;;
61;1540;103F05084101;1540;103F05084101;CATEGORIA0;;1;1;0;1;;BMW E46 2P 98-*FAROLIM FRT ESQ (AMARELO);BMW E46 2P 98-*FAROLIM FRT ESQ (AMARELO);0;;
61;1540;103F05084110;1540;103F05084110;CATEGORIA0;;1;1;0;1;;FAROLIM FRT. DRT. BR. BMW E46 2P 98-;FAROLIM FRT. DRT. BR. BMW E46 2P 98-;0;;
61;1540;103F05084111;1540;103F05084111;CATEGORIA0;;1;1;0;1;;BMW E46 2P 98- FAROLIM LAT (BRANCO);BMW E46 2P 98- FAROLIM LAT (BRANCO);0;;
61;1540;103F05084310;1540;103F05084310;CATEGORIA0;;1;1;0;1;;BMW E46 98-*FAROLIM LATERAL DRT AMARELO;BMW E46 98-*FAROLIM LATERAL DRT AMARELO;0;;
61;1540;103F05084311;1540;103F05084311;CATEGORIA0;;1;1;0;1;;BMW E46 98-*FAROLIM LATERAL ESQ AMARELO;BMW E46 98-*FAROLIM LATERAL ESQ AMARELO;0;;
61;1540;103F05084330;1540;103F05084330;CATEGORIA0;;1;1;0;1;;BMW E46 98-*FAROLIM LATERAL DRT BRANCO;BMW E46 98-*FAROLIM LATERAL DRT BRANCO;0;;
61;1540;103F05084331;1540;103F05084331;CATEGORIA0;;1;1;0;1;;BMW E46 98-*FAROLIM LATERAL ESQ BRANCO;BMW E46 98-*FAROLIM LATERAL ESQ BRANCO;0;;
61;1540;103F05084710;1540;103F05084710;CATEGORIA0;;1;1;0;1;;BMW E46 SW 98-*STOP DRT BRAN/VERM (CANTO);BMW E46 SW 98-*STOP DRT BRAN/VERM (CANTO);0;;
61;1540;103F05084711;1540;103F05084711;CATEGORIA0;;1;1;0;1;;BMW E46 SW 98-*STOP ESQ BRAN/VERM (CANTO);BMW E46 SW 98-*STOP ESQ BRAN/VERM (CANTO);0;;
61;1540;103F05084724;1540;103F05084724;CATEGORIA0;;1;1;0;1;;BMW E46 98-*STOP DRT CENTRAL 4P;BMW E46 98-*STOP DRT CENTRAL 4P;0;;
61;1540;103F05084725;1540;103F05084725;CATEGORIA0;;1;1;0;1;;BMW E46 98-*STOP ESQ CENTRAL 4P;BMW E46 98-*STOP ESQ CENTRAL 4P;0;;
61;1540;103F05084728;1540;103F05084728;CATEGORIA0;;1;1;0;1;;BMW E46 98-*STOP DRT BRAN/VERM;BMW E46 98-*STOP DRT BRAN/VERM;0;;
61;1540;103F05084729;1540;103F05084729;CATEGORIA0;;1;1;0;1;;BMW E46 98-*STOP ESQ BRAN/VERM;BMW E46 98-*STOP ESQ BRAN/VERM;0;;
61;1540;103F05084770;1540;103F05084770;CATEGORIA0;;1;1;0;1;;BMW E46 01-*FAROLIM TRÁS DRT (CANTO BRANCO 4P);BMW E46 01-*FAROLIM TRÁS DRT (CANTO BRANCO 4P);0;;
61;1540;103F05084771;1540;103F05084771;CATEGORIA0;;1;1;0;1;;BMW E46 01-*FAROLIM TRÁS ESQ (CANTO BRANCO 4P);BMW E46 01-*FAROLIM TRÁS ESQ (CANTO BRANCO 4P);0;;
61;1540;103F05084772;1540;103F05084772;CATEGORIA0;;1;1;0;1;;BMW E46 01-*FAROLIM T/DRT MALA BRANCO 4P;BMW E46 01-*FAROLIM T/DRT MALA BRANCO 4P;0;;
61;1540;103F05084773;1540;103F05084773;CATEGORIA0;;1;1;0;1;;BMW E46 01-*FAROLIM T/ESQ MALA BRANCO 4P;BMW E46 01-*FAROLIM T/ESQ MALA BRANCO 4P;0;;
61;1540;103F05084820;1540;103F05084820;CATEGORIA0;;1;1;0;1;;BMW E46 01-*FAROLIM TRÁS DRT (CANTO AMARELO 4P);BMW E46 01-*FAROLIM TRÁS DRT (CANTO AMARELO 4P);0;;
61;1540;103F05084821;1540;103F05084821;CATEGORIA0;;1;1;0;1;;BMW E46 01-*FAROLIM TR. ESQ. (CANTO AMAR);BMW E46 01-*FAROLIM TR. ESQ. (CANTO AMAR);0;;
61;1540;103F05084960;1540;103F05084960;CATEGORIA0;;1;1;0;1;;FAROLIM CHAPA MATRICULA;FAROLIM CHAPA MATRICULA;0;;
61;1540;103F05101311;1540;103F05101311;CATEGORIA0;;1;1;0;1;;BMW E39 95-*FAROLIM LAT DRT/ESQ (AMARELO);BMW E39 95-*FAROLIM LAT DRT/ESQ (AMARELO);0;;
61;1540;103F05101331;1540;103F05101331;CATEGORIA0;;1;1;0;1;;BMW E39 95-*FAROLIM LAT DRT/ESQ (BRANCO);BMW E39 95-*FAROLIM LAT DRT/ESQ (BRANCO);0;;
61;1540;103F05101751;1540;103F05101751;CATEGORIA0;;1;1;0;1;;BMW E39 95-*FAROLIM TRÁS ESQ (CANTO BRANCO/VERMELHO SW);BMW E39 95-*FAROLIM TRÁS ESQ (CANTO BRANCO/VERMELHO SW);0;;
61;1540;103F05101770;1540;103F05101770;CATEGORIA0;;1;1;0;1;;BMW E39 95-*FAROLIM TRÁS DRT BRANCO;BMW E39 95-*FAROLIM TRÁS DRT BRANCO;0;;
61;1540;103F05101771;1540;103F05101771;CATEGORIA0;;1;1;0;1;;BMW E39 95-*FAROLIM TRÁS ESQ (BRANCO);BMW E39 95-*FAROLIM TRÁS ESQ (BRANCO);0;;
61;1540;103F05101780;1540;103F05101780;CATEGORIA0;;1;1;0;1;;BMW E39 95-*FAROLIM TRÁS DRT (CANTO AMARELO/VERMELHO SW);BMW E39 95-*FAROLIM TRÁS DRT (CANTO AMARELO/VERMELHO SW);0;;
61;1540;103F06101770;1540;103F06101770;CATEGORIA0;;1;1;0;1;;BMW E39 01-02*FAROLIM TRÁS DRT BRA LED;BMW E39 01-02*FAROLIM TRÁS DRT BRA LED;0;;
61;1540;103F06101771;1540;103F06101771;CATEGORIA0;;1;1;0;1;;FAROLIM TRÁS ESQ. BMW E39 01-02;FAROLIM TRÁS ESQ. BMW E39 01-02;0;;
61;1540;103F06101774;1540;103F06101774;CATEGORIA0;;1;1;0;1;;BMW E39 2000.10-*FAROLIM TRÁS DRT CANTO BRANCO/VERMELHO(SW);BMW E39 2000.10-*FAROLIM TRÁS DRT CANTO BRANCO/VERMELHO(SW);0;;
61;1540;103F06101775;1540;103F06101775;CATEGORIA0;;1;1;0;1;;BMW E39 2000.10-*FAROLIM TRÁS ESQ CANTO BRANCO/VERMELHO(SW);BMW E39 2000.10-*FAROLIM TRÁS ESQ CANTO BRANCO/VERMELHO(SW);0;;
61;1540;103F06101776;1540;103F06101776;CATEGORIA0;;1;1;0;1;;BMW E39 2000.10-*FAROLIM TRÁS DRT CANTO AMARELO/VERMELHO(SW);BMW E39 2000.10-*FAROLIM TRÁS DRT CANTO AMARELO/VERMELHO(SW);0;;
61;1540;103F06101777;1540;103F06101777;CATEGORIA0;;1;1;0;1;;BMW E39 2000.10-*FAROLIM TRÁS ESQ CANTO AMARELO/VERMELHO(SW);BMW E39 2000.10-*FAROLIM TRÁS ESQ CANTO AMARELO/VERMELHO(SW);0;;
61;1540;103F06110130;1540;103F06110130;CATEGORIA0;;1;1;0;1;;BMW E46 2P 01- FAROLIM TRÁS DTO. (BRANCO);BMW E46 2P 01- FAROLIM TRÁS DTO. (BRANCO);0;;
61;1540;103F06110131;1540;103F06110131;CATEGORIA0;;1;1;0;1;;BMW E46 2P 01- FAROLIM TRÁS ESQ. (BRANCO);BMW E46 2P 01- FAROLIM TRÁS ESQ. (BRANCO);0;;
61;1540;103F06110210;1540;103F06110210;CATEGORIA0;;1;1;0;1;;BMW E46 01-*FAROLIM FRT DRT (4P) CINZA;BMW E46 01-*FAROLIM FRT DRT (4P) CINZA;0;;
61;1540;103F06110211;1540;103F06110211;CATEGORIA0;;1;1;0;1;;BMW E46 01-*FAROLIM FRT ESQ (4P) CINZA;BMW E46 01-*FAROLIM FRT ESQ (4P) CINZA;0;;
61;1540;103F06110220;1540;103F06110220;CATEGORIA0;;1;1;0;1;;BMW E46 01-*FAROLIM FRT DRT (4P) AMAR;BMW E46 01-*FAROLIM FRT DRT (4P) AMAR;0;;
61;1540;103F06110221;1540;103F06110221;CATEGORIA0;;1;1;0;1;;BMW E46 01-*FAROLIM FRT ESQ (4P)(AMARELO);BMW E46 01-*FAROLIM FRT ESQ (4P)(AMARELO);0;;
61;1540;103F06110230;1540;103F06110230;CATEGORIA0;;1;1;0;1;;BMW E46 01-*FAROLIM FRT DRT (4P) ESCURO;BMW E46 01-*FAROLIM FRT DRT (4P) ESCURO;0;;
61;1540;103F06110231;1540;103F06110231;CATEGORIA0;;1;1;0;1;;BMW E46 01-*FAROLIM FRT ESQ (4P) ESCURO;BMW E46 01-*FAROLIM FRT ESQ (4P) ESCURO;0;;
61;1540;103F06110310;1540;103F06110310;CATEGORIA0;;1;1;0;1;;BMW E46 01-*FAROLIM LAT DRT (AMARELO 2/4P);BMW E46 01-*FAROLIM LAT DRT (AMARELO 2/4P);0;;
61;1540;103F06110311;1540;103F06110311;CATEGORIA0;;1;1;0;1;;BMW E46 01-*FAROLIM LAT ESQ (AMARELO 2/4P);BMW E46 01-*FAROLIM LAT ESQ (AMARELO 2/4P);0;;
61;1540;103F06110330;1540;103F06110330;CATEGORIA0;;1;1;0;1;;BMW E46/X3 01-*FAROLIM LAT.DRT BRANCO 2/4P;BMW E46/X3 01-*FAROLIM LAT.DRT BRANCO 2/4P;0;;
61;1540;103F06110331;1540;103F06110331;CATEGORIA0;;1;1;0;1;;BMW E46/X3 01-*FAROLIM LAT.ESQ BRANCO 2/4P;BMW E46/X3 01-*FAROLIM LAT.ESQ BRANCO 2/4P;0;;
61;1540;103F06120310;1540;103F06120310;CATEGORIA0;;1;1;0;1;;FAROLIM LAT. DTO. BRANCO E60/E61;FAROLIM LAT. DTO. BRANCO E60/E61;0;;
61;1540;103F06120311;1540;103F06120311;CATEGORIA0;;1;1;0;1;;FAROLIM LAT. ESQ. BRANCO E60/E61;FAROLIM LAT. ESQ. BRANCO E60/E61;0;;
61;1540;103F06120750;1540;103F06120750;CATEGORIA0;;1;1;0;1;;BMW S/5 E61 03-06*FAROLIM TR DRT CANTO(SW);BMW S/5 E61 03-06*FAROLIM TR DRT CANTO(SW);0;;
61;1540;103F06120751;1540;103F06120751;CATEGORIA0;;1;1;0;1;;BMW S/5 E61 03-06*FAROLIM TR ESQ CANTO(SW);BMW S/5 E61 03-06*FAROLIM TR ESQ CANTO(SW);0;;
61;1540;103F06120770;1540;103F06120770;CATEGORIA0;;1;1;0;1;;BMW S/5 E60 03-06*FAROLIM TRÁS DRT SEDAN;BMW S/5 E60 03-06*FAROLIM TRÁS DRT SEDAN;0;;
61;1540;103F06120771;1540;103F06120771;CATEGORIA0;;1;1;0;1;;BMW S/5 E60 03-06*FAROLIM TRÁS ESQ (SEDAN);BMW S/5 E60 03-06*FAROLIM TRÁS ESQ (SEDAN);0;;
61;1540;103F06120772;1540;103F06120772;CATEGORIA0;;1;1;0;1;;BMW S/5 E60 07-08*FAROLIM TRÁS DRT (SEDAN LED);BMW S/5 E60 07-08*FAROLIM TRÁS DRT (SEDAN LED);0;;
61;1540;103F06120773;1540;103F06120773;CATEGORIA0;;1;1;0;1;;BMW S/5 E60 07-08*FAROLIM TRÁS ESQ (SEDAN LED);BMW S/5 E60 07-08*FAROLIM TRÁS ESQ (SEDAN LED);0;;
61;1540;103F06120774;1540;103F06120774;CATEGORIA0;;1;1;0;1;;BMW S/5 E60 03-06*FAROLIM TRÁS DRT (SEDAN FUMADO);BMW S/5 E60 03-06*FAROLIM TRÁS DRT (SEDAN FUMADO);0;;
61;1540;103F06120775;1540;103F06120775;CATEGORIA0;;1;1;0;1;;BMW S/5 E60 03-06*FAROLIM TRÁS ESQ (SEDAN FUMADO);BMW S/5 E60 03-06*FAROLIM TRÁS ESQ (SEDAN FUMADO);0;;
61;1540;103F06130310;1540;103F06130310;CATEGORIA0;;1;1;0;1;;BMW S/1 E81/E87/S3 E90/E91/ 04-*FAROLIM LAT DRT BR;BMW S/1 E81/E87/S3 E90/E91/ 04-*FAROLIM LAT DRT BR;0;;
61;1540;103F06130311;1540;103F06130311;CATEGORIA0;;1;1;0;1;;BMW S/1 E81/E87/S3 E90/E91/ 04-*FAROLIM LAT ESQ BR;BMW S/1 E81/E87/S3 E90/E91/ 04-*FAROLIM LAT ESQ BR;0;;
61;1540;103F06130312;1540;103F06130312;CATEGORIA0;;1;1;0;1;;BMW S/1 E81/E87 04-*FAR LAT DRT / BMW S/3 E90/91/92/93 05-*;BMW S/1 E81/E87 04-*FAR LAT DRT / BMW S/3 E90/91/92/93 05-*;0;;
61;1540;103F06130313;1540;103F06130313;CATEGORIA0;;1;1;0;1;;BMW S/1 E81/E87 04-*FAR LAT ESQ / BMW S/3 E90/91/92/93 05-*;BMW S/1 E81/E87 04-*FAR LAT ESQ / BMW S/3 E90/91/92/93 05-*;0;;
61;1540;103F06130770;1540;103F06130770;CATEGORIA0;;1;1;0;1;;BMW S/1 E87 04-*FAROLIM TRÁS DRT (VERMELHO+ BRANCO);BMW S/1 E87 04-*FAROLIM TRÁS DRT (VERMELHO+ BRANCO);0;;
61;1540;103F06130771;1540;103F06130771;CATEGORIA0;;1;1;0;1;;BMW S/1 E87 04-*FAROLIM TRÁS ESQ (VERMELHO+ BRANCO);BMW S/1 E87 04-*FAROLIM TRÁS ESQ (VERMELHO+ BRANCO);0;;
61;1540;103F06130780;1540;103F06130780;CATEGORIA0;;1;1;0;1;;FAROLIM TRÁS;FAROLIM TRÁS;0;;
61;1540;103F06130781;1540;103F06130781;CATEGORIA0;;1;1;0;1;;FAROLIM TRÁS ESQ. BMW E81 07-;FAROLIM TRÁS ESQ. BMW E81 07-;0;;
61;1540;103F06130782;1540;103F06130782;CATEGORIA0;;1;1;0;1;;BMW S/1 E81 07-*FAROLIM TRÁS DRT (LED);BMW S/1 E81 07-*FAROLIM TRÁS DRT (LED);0;;
61;1540;103F06130786;1540;103F06130786;CATEGORIA0;;1;1;0;1;;BMW S/1 E81 07-*FAROLIM TRÁS DRT (ESCURO);BMW S/1 E81 07-*FAROLIM TRÁS DRT (ESCURO);0;;
61;1540;103F06130787;1540;103F06130787;CATEGORIA0;;1;1;0;1;;BMW S/1 E81 07-*FAROLIM TRÁS ESQ (ESCURO);BMW S/1 E81 07-*FAROLIM TRÁS ESQ (ESCURO);0;;
61;1540;103F06130960;1540;103F06130960;CATEGORIA0;;1;1;0;1;;BMW S3 E90/E91/ 07-*FAROLIM MATRICULA LED;BMW S3 E90/E91/ 07-*FAROLIM MATRICULA LED;0;;
61;1540;103F06130961;1540;103F06130961;CATEGORIA0;;1;1;0;1;;BMW S/1 E81/E87/S3 E90/E91/ 04-*FAROLIM MATRICULA LED;BMW S/1 E81/E87/S3 E90/E91/ 04-*FAROLIM MATRICULA LED;0;;
61;1540;103F06130962;1540;103F06130962;CATEGORIA0;;1;1;0;1;;BMW S/1 E81/E87/S3 03-*FAROLIM MATRICULA;BMW S/1 E81/E87/S3 03-*FAROLIM MATRICULA;0;;
61;1540;103F06141770;1540;103F06141770;CATEGORIA0;;1;1;0;1;;BMW S/3 E90 05-*FAROLIM TRÁS DRT (CANTO VERMELHO 4P);BMW S/3 E90 05-*FAROLIM TRÁS DRT (CANTO VERMELHO 4P);0;;
61;1540;103F06141771;1540;103F06141771;CATEGORIA0;;1;1;0;1;;BMW S/3 E90 05-* FAROLIM TR.ESQ.(CANTO);BMW S/3 E90 05-* FAROLIM TR.ESQ.(CANTO);0;;
61;1540;103F06141772;1540;103F06141772;CATEGORIA0;;1;1;0;1;;BMW S/3 E90 05-*FAROLIM TRÁS DRT (MALA BRANCO/VERMELHO 4P);BMW S/3 E90 05-*FAROLIM TRÁS DRT (MALA BRANCO/VERMELHO 4P);0;;
61;1540;103F06141773;1540;103F06141773;CATEGORIA0;;1;1;0;1;;BMW S/3 E90 05-*FAROLIM TRÁS ESQ (MALA BRANCO/VERMELHO 4P);BMW S/3 E90 05-*FAROLIM TRÁS ESQ (MALA BRANCO/VERMELHO 4P);0;;
61;1540;103F06141774;1540;103F06141774;CATEGORIA0;;1;1;0;1;;BMW S/3 E90 05-*FAROLIM TRÁS DRT (CANTO VERMELHO/FUMADO 4P);BMW S/3 E90 05-*FAROLIM TRÁS DRT (CANTO VERMELHO/FUMADO 4P);0;;
61;1540;103F06141775;1540;103F06141775;CATEGORIA0;;1;1;0;1;;BMW S/3 E90 05-*FAROLIM TRÁS ESQ (CANTO VERMELHO/FUMADO 4P);BMW S/3 E90 05-*FAROLIM TRÁS ESQ (CANTO VERMELHO/FUMADO 4P);0;;
61;1540;103F06151770;1540;103F06151770;CATEGORIA0;;1;1;0;1;;BMW E46 03-*FAROLIM TRÁS DRT (CANTO AMARELO/VERMELHO 2P);BMW E46 03-*FAROLIM TRÁS DRT (CANTO AMARELO/VERMELHO 2P);0;;
61;1540;103F06151771;1540;103F06151771;CATEGORIA0;;1;1;0;1;;BMW E46 03-*FAROLIM TRÁS ESQ (CANTO AMARELO/VERMELHO 2P);BMW E46 03-*FAROLIM TRÁS ESQ (CANTO AMARELO/VERMELHO 2P);0;;
61;1540;103F06151772;1540;103F06151772;CATEGORIA0;;1;1;0;1;;BMW E46 03-*FAROLIM TRÁS DRT CANTO 2P (BR/VER);BMW E46 03-*FAROLIM TRÁS DRT CANTO 2P (BR/VER);0;;
61;1540;103F06151773;1540;103F06151773;CATEGORIA0;;1;1;0;1;;BMW E46 03-*FAROLIM TR. ESQ.CANTO 2P;BMW E46 03-*FAROLIM TR. ESQ.CANTO 2P;0;;
61;1540;103F06161770;1540;103F06161770;CATEGORIA0;;1;1;0;1;;BMW X5 E53 02-04*FAROLIM TRÁS DRT;BMW X5 E53 02-04*FAROLIM TRÁS DRT;0;;
61;1540;103F06161771;1540;103F06161771;CATEGORIA0;;1;1;0;1;;BMW X5 E53 02-04*FAROLIM TRÁS ESQ;BMW X5 E53 02-04*FAROLIM TRÁS ESQ;0;;
61;1540;103F06171772;1540;103F06171772;CATEGORIA0;;1;1;0;1;;BMW X5 E53 04*FAROLIM TRÁS DRT;BMW X5 E53 04*FAROLIM TRÁS DRT;0;;
61;1540;103F06171773;1540;103F06171773;CATEGORIA0;;1;1;0;1;;BMW X5 E53 04-*FAROLIM TRÁS ESQ;BMW X5 E53 04-*FAROLIM TRÁS ESQ;0;;
61;1540;103F06171774;1540;103F06171774;CATEGORIA0;;1;1;0;1;;BMW X5 E53 04*FAROLIM TRÁS DRT (MEIO);BMW X5 E53 04*FAROLIM TRÁS DRT (MEIO);0;;
61;1540;103F06171775;1540;103F06171775;CATEGORIA0;;1;1;0;1;;BMW X5 E53 04*FAROLIM TRÁS ESQ (MEIO);BMW X5 E53 04*FAROLIM TRÁS ESQ (MEIO);0;;
61;1540;103F06171784;1540;103F06171784;CATEGORIA0;;1;1;0;1;;BMW S/3 E91 05-*FAROLIM TRÁS DRT (SW VERMELHO/AMARELO);BMW S/3 E91 05-*FAROLIM TRÁS DRT (SW VERMELHO/AMARELO);0;;
61;1540;103F06171785;1540;103F06171785;CATEGORIA0;;1;1;0;1;;FAROLIM TRÁS ESQ G/LAMAS;FAROLIM TRÁS ESQ G/LAMAS;0;;
61;1540;103F06181310;1540;103F06181310;CATEGORIA0;;1;1;0;1;;BMW X5 E70 07-*FAROLIM LAT DRT (LED);BMW X5 E70 07-*FAROLIM LAT DRT (LED);0;;
61;1540;103F06181311;1540;103F06181311;CATEGORIA0;;1;1;0;1;;BMW X5 E70 07-*FAROLIM LAT ESQ (LED);BMW X5 E70 07-*FAROLIM LAT ESQ (LED);0;;
61;1540;103F06181770;1540;103F06181770;CATEGORIA0;;1;1;0;1;;BMW X5 E70 07-*FAROLIM TRÁS DRT (CANTO);BMW X5 E70 07-*FAROLIM TRÁS DRT (CANTO);0;;
61;1540;103F06181771;1540;103F06181771;CATEGORIA0;;1;1;0;1;;BMW X5 E70 07-*FAROLIM TRÁS ESQ (CANTO);BMW X5 E70 07-*FAROLIM TRÁS ESQ (CANTO);0;;
61;1540;103F06181772;1540;103F06181772;CATEGORIA0;;1;1;0;1;;BMW X5 E70 07- FAROLIM TRÁS DTO. (LED MALA);BMW X5 E70 07- FAROLIM TRÁS DTO. (LED MALA);0;;
61;1540;103F06181773;1540;103F06181773;CATEGORIA0;;1;1;0;1;;BMW X5 E70 07-*FAROLIM TRÁS ESQ LED (MALA);BMW X5 E70 07-*FAROLIM TRÁS ESQ LED (MALA);0;;
61;1540;103F06201310;1540;103F06201310;CATEGORIA0;;1;1;0;1;;BMW X3 F25 2014-*FAROLIM LAT DRT;BMW X3 F25 2014-*FAROLIM LAT DRT;0;;
61;1540;103F06201311;1540;103F06201311;CATEGORIA0;;1;1;0;1;;BMW X3 F25 2014-*FAROLIM LAT ESQ;BMW X3 F25 2014-*FAROLIM LAT ESQ;0;;
61;1540;103F06201770;1540;103F06201770;CATEGORIA0;;1;1;0;1;;BMW X3 11-*FAROLIM TRÁS DRT (CANTO);BMW X3 11-*FAROLIM TRÁS DRT (CANTO);0;;
61;1540;103F06201771;1540;103F06201771;CATEGORIA0;;1;1;0;1;;BMW X3 11-*FAROLIM TRÁS ESQ CANTO;BMW X3 11-*FAROLIM TRÁS ESQ CANTO;0;;
61;1540;103F06201772;1540;103F06201772;CATEGORIA0;;1;1;0;1;;BMW X3 11-*FAROLIM TRÁS DRT (CANTO LED);BMW X3 11-*FAROLIM TRÁS DRT (CANTO LED);0;;
61;1540;103F06201773;1540;103F06201773;CATEGORIA0;;1;1;0;1;;BMW X3 11-*FAROLIM TRÁS ESQ CANTO LED;BMW X3 11-*FAROLIM TRÁS ESQ CANTO LED;0;;
61;1540;103F06241770;1540;103F06241770;CATEGORIA0;;1;1;0;1;;BMW X1 09-*FAROLIM TRÁS DRT (CANTO);BMW X1 09-*FAROLIM TRÁS DRT (CANTO);0;;
61;1540;103F06241771;1540;103F06241771;CATEGORIA0;;1;1;0;1;;BMW X1 09-*FAROLIM TRÁS ESQ (CANTO);BMW X1 09-*FAROLIM TRÁS ESQ (CANTO);0;;
61;1540;103F06241772;1540;103F06241772;CATEGORIA0;;1;1;0;1;;BMW X1 09-*FAROLIM TRÁS DRT (CANTO LED);BMW X1 09-*FAROLIM TRÁS DRT (CANTO LED);0;;
61;1540;103F06241773;1540;103F06241773;CATEGORIA0;;1;1;0;1;;BMW X1 09-*FAROLIM TRÁS ESQ (CANTO LED);BMW X1 09-*FAROLIM TRÁS ESQ (CANTO LED);0;;
61;1540;103F06241774;1540;103F06241774;CATEGORIA0;;1;1;0;1;;BMW X1 09-*FAROLIM TRÁS DRT (MEIO LED);BMW X1 09-*FAROLIM TRÁS DRT (MEIO LED);0;;
61;1540;103F06241775;1540;103F06241775;CATEGORIA0;;1;1;0;1;;BMW X1 09-*FAROLIM TRÁS ESQ (MEIO LED);BMW X1 09-*FAROLIM TRÁS ESQ (MEIO LED);0;;
61;1540;103F06271770;1540;103F06271770;CATEGORIA0;;1;1;0;1;;BMW S/5 E61 07-08*FAROLIM TRÁS DRT (CANTO SW LED);BMW S/5 E61 07-08*FAROLIM TRÁS DRT (CANTO SW LED);0;;
61;1540;103F06271771;1540;103F06271771;CATEGORIA0;;1;1;0;1;;BMW S/5 E61 07-08*FAROLIM TRÁS ESQ (CANTO SW LED);BMW S/5 E61 07-08*FAROLIM TRÁS ESQ (CANTO SW LED);0;;
61;1540;103F06271772;1540;103F06271772;CATEGORIA0;;1;1;0;1;;BMW S/5 E61 07-08*FAROLIM TRÁS DRT MEIO SW LED;BMW S/5 E61 07-08*FAROLIM TRÁS DRT MEIO SW LED;0;;
61;1540;103F06271773;1540;103F06271773;CATEGORIA0;;1;1;0;1;;BMW S/5 E61 07-08*FAROLIM TRÁS ESQ (MEIO SW LED);BMW S/5 E61 07-08*FAROLIM TRÁS ESQ (MEIO SW LED);0;;
61;1540;103F06281770;1540;103F06281770;CATEGORIA0;;1;1;0;1;;BMW S/3 E90 09-*FAROLIM TRÁS DRT (CANTO LED 4P);BMW S/3 E90 09-*FAROLIM TRÁS DRT (CANTO LED 4P);0;;
61;1540;103F06281771;1540;103F06281771;CATEGORIA0;;1;1;0;1;;BMW S/3 E90 09-*FAROLIM TRÁS ESQ CANTO 4P LED;BMW S/3 E90 09-*FAROLIM TRÁS ESQ CANTO 4P LED;0;;
61;1540;103F06281772;1540;103F06281772;CATEGORIA0;;1;1;0;1;;BMW S/3 E90 09-*FAROLIM TRÁS DRT (MEIO LED 4P);BMW S/3 E90 09-*FAROLIM TRÁS DRT (MEIO LED 4P);0;;
61;1540;103F06281773;1540;103F06281773;CATEGORIA0;;1;1;0;1;;BMW S/3 E90 09-*FAROLIM TRÁS ESQ (MEIO LED 4P);BMW S/3 E90 09-*FAROLIM TRÁS ESQ (MEIO LED 4P);0;;
61;1540;103F06281774;1540;103F06281774;CATEGORIA0;;1;1;0;1;;BMW E91 07- FAROLIM TRÁS DTO. (CANTO);BMW E91 07- FAROLIM TRÁS DTO. (CANTO);0;;
61;1540;103F06281775;1540;103F06281775;CATEGORIA0;;1;1;0;1;;BMW S/3 E91 07-*FAROLIM TRÁS ESQ (CANTO SW LED);BMW S/3 E91 07-*FAROLIM TRÁS ESQ (CANTO SW LED);0;;
61;1540;103F06291770;1540;103F06291770;CATEGORIA0;;1;1;0;1;;BMW X5 F15 13-*FAROLIM TRÁS DRT (CANTO LED);BMW X5 F15 13-*FAROLIM TRÁS DRT (CANTO LED);0;;
61;1540;103F06291771;1540;103F06291771;CATEGORIA0;;1;1;0;1;;BMW X5 F15 13-*FAROLIM TRÁS ESQ (CANTO LED);BMW X5 F15 13-*FAROLIM TRÁS ESQ (CANTO LED);0;;
61;1540;103F06310310;1540;103F06310310;CATEGORIA0;;1;1;0;1;;BMW S/5 F10 10-13*FAROLIM LAT DRT (LED);BMW S/5 F10 10-13*FAROLIM LAT DRT (LED);0;;
61;1540;103F06310311;1540;103F06310311;CATEGORIA0;;1;1;0;1;;PISCA LATERAL ESQ;PISCA LATERAL ESQ;0;;
61;1540;103F06310750;1540;103F06310750;CATEGORIA0;;1;1;0;1;;BMW S/5 F10 10-13*FAROLIM TRÁS DRT (CANTO LED 4P);BMW S/5 F10 10-13*FAROLIM TRÁS DRT (CANTO LED 4P);0;;
61;1540;103F06310751;1540;103F06310751;CATEGORIA0;;1;1;0;1;;BMW S/5 F10 10-13*FAROLIM TRÁS ESQ (CANTO LED 4P);BMW S/5 F10 10-13*FAROLIM TRÁS ESQ (CANTO LED 4P);0;;
61;1540;103F06310752;1540;103F06310752;CATEGORIA0;;1;1;0;1;;BMW S/5 F10 10-13*FAROLIM TRÁS DRT (MEIO LED 4P);BMW S/5 F10 10-13*FAROLIM TRÁS DRT (MEIO LED 4P);0;;
61;1540;103F06310753;1540;103F06310753;CATEGORIA0;;1;1;0;1;;BMW S/5 F10 10-13*FAROLIM TRÁS ESQ (MEIO LED 4P);BMW S/5 F10 10-13*FAROLIM TRÁS ESQ (MEIO LED 4P);0;;
61;1540;103F06310754;1540;103F06310754;CATEGORIA0;;1;1;0;1;;BMW S/5 F11 10-13*FAROLIM TRÁS DRT (CANTO SW LED);BMW S/5 F11 10-13*FAROLIM TRÁS DRT (CANTO SW LED);0;;
61;1540;103F06310755;1540;103F06310755;CATEGORIA0;;1;1;0;1;;BMW S/5 F11 10-13*FAROLIM TRÁS ESQ (CANTO SW LED);BMW S/5 F11 10-13*FAROLIM TRÁS ESQ (CANTO SW LED);0;;
61;1540;103F06310756;1540;103F06310756;CATEGORIA0;;1;1;0;1;;BMW S/5 F10 13-*FAROLIM TRÁS DRT (CANTO LED 4P);BMW S/5 F10 13-*FAROLIM TRÁS DRT (CANTO LED 4P);0;;
61;1540;103F06310757;1540;103F06310757;CATEGORIA0;;1;1;0;1;;BMW S/5 F10 13-*FAROLIM TRÁS ESQ (CANTO LED 4P);BMW S/5 F10 13-*FAROLIM TRÁS ESQ (CANTO LED 4P);0;;
61;1540;103F06310758;1540;103F06310758;CATEGORIA0;;1;1;0;1;;BMW S/5 F10 13-*FAROLIM TRÁS DRT (MEIO LED 4P);BMW S/5 F10 13-*FAROLIM TRÁS DRT (MEIO LED 4P);0;;
61;1540;103F06310759;1540;103F06310759;CATEGORIA0;;1;1;0;1;;BMW S/5 F10 13-*FAROLIM TRÁS ESQ (MEIO LED 4P);BMW S/5 F10 13-*FAROLIM TRÁS ESQ (MEIO LED 4P);0;;
61;1540;103F06330380;1540;103F06330380;CATEGORIA0;;1;1;0;1;;BMW S/3 F30/F31 12-*REFLETOR P/CH TRÁS DRT;BMW S/3 F30/F31 12-*REFLETOR P/CH TRÁS DRT;0;;
61;1540;103F06330381;1540;103F06330381;CATEGORIA0;;1;1;0;1;;BMW S/3 F30/F31 12-*REFLETOR P/CH TRÁS ESQ;BMW S/3 F30/F31 12-*REFLETOR P/CH TRÁS ESQ;0;;
61;1540;103F06330770;1540;103F06330770;CATEGORIA0;;1;1;0;1;;BMW S/3 F31 12-*FAROLIM TRÁS DRT (CANTO SW LED);BMW S/3 F31 12-*FAROLIM TRÁS DRT (CANTO SW LED);0;;
61;1540;103F06330771;1540;103F06330771;CATEGORIA0;;1;1;0;1;;BMW S/3 F31 12-*FAROLIM TRÁS ESQ (CANTO SW LED);BMW S/3 F31 12-*FAROLIM TRÁS ESQ (CANTO SW LED);0;;
61;1540;103F06330772;1540;103F06330772;CATEGORIA0;;1;1;0;1;;BMW S/3 F30 12-*FAROLIM TRÁS DRT (CANTO SEDAN LED);BMW S/3 F30 12-*FAROLIM TRÁS DRT (CANTO SEDAN LED);0;;
61;1540;103F06330773;1540;103F06330773;CATEGORIA0;;1;1;0;1;;BMW S/3 F30 12-*FAROLIM TR ESQ CANTO LED(SEDAN);BMW S/3 F30 12-*FAROLIM TR ESQ CANTO LED(SEDAN);0;;
61;1540;103F06330774;1540;103F06330774;CATEGORIA0;;1;1;0;1;;BMW S/3 F30 12-*FAROLIM TRÁS DRT (MEIO SEDAN LED);BMW S/3 F30 12-*FAROLIM TRÁS DRT (MEIO SEDAN LED);0;;
61;1540;103F06330775;1540;103F06330775;CATEGORIA0;;1;1;0;1;;BMW S/3 F30 12-*FAROLIM TRÁS ESQ (MEIO SEDAN LED);BMW S/3 F30 12-*FAROLIM TRÁS ESQ (MEIO SEDAN LED);0;;
61;1540;103F06330776;1540;103F06330776;CATEGORIA0;;1;1;0;1;;BMW S/3 F30 15-*FAROLIM TRÁS DRT (CANTO SEDAN LED);BMW S/3 F30 15-*FAROLIM TRÁS DRT (CANTO SEDAN LED);0;;
61;1540;103F06330777;1540;103F06330777;CATEGORIA0;;1;1;0;1;;BMW S/3 F30 15-*FAROLIM TRÁS ESQ (CANTO SEDAN LED);BMW S/3 F30 15-*FAROLIM TRÁS ESQ (CANTO SEDAN LED);0;;
61;1540;103F06330778;1540;103F06330778;CATEGORIA0;;1;1;0;1;;BMW S/3 F30 15-*FAROLIM TRÁS DRT (MEIO SEDAN/SW/LED);BMW S/3 F30 15-*FAROLIM TRÁS DRT (MEIO SEDAN/SW/LED);0;;
61;1540;103F06330779;1540;103F06330779;CATEGORIA0;;1;1;0;1;;BMW S/3 F30 15-*FAROLIM TRÁS ESQ (MEIO SEDAN/SW/LED);BMW S/3 F30 15-*FAROLIM TRÁS ESQ (MEIO SEDAN/SW/LED);0;;
61;1540;103F06341770;1540;103F06341770;CATEGORIA0;;1;1;0;1;;BMW S/1 F20/F21 12-*FAROLIM TRÁS DRT (3/5P);BMW S/1 F20/F21 12-*FAROLIM TRÁS DRT (3/5P);0;;
61;1540;103F06341771;1540;103F06341771;CATEGORIA0;;1;1;0;1;;BMW S/1 F20/F21 12-*FAROLIM TR ESQ 3/5P;BMW S/1 F20/F21 12-*FAROLIM TR ESQ 3/5P;0;;
61;1540;103F06341773;1540;103F06341773;CATEGORIA0;;1;1;0;1;;BMW S/1 F20/F21 12-*FAROLIM TRÁS ESQ (LED 3/5P);BMW S/1 F20/F21 12-*FAROLIM TRÁS ESQ (LED 3/5P);0;;
61;1540;103F06341774;1540;103F06341774;CATEGORIA0;;1;1;0;1;;BMW S/1 F20/F21 15-*FAROLIM TRÁS DRT (LED 3/5P);BMW S/1 F20/F21 15-*FAROLIM TRÁS DRT (LED 3/5P);0;;
61;1540;103F06341775;1540;103F06341775;CATEGORIA0;;1;1;0;1;;BMW S/1 F20/F21 15-*FAROLIM TRÁS ESQ (LED 3/5P);BMW S/1 F20/F21 15-*FAROLIM TRÁS ESQ (LED 3/5P);0;;
61;1540;103F06351770;1540;103F06351770;CATEGORIA0;;1;1;0;1;;BMW X5 E70 10-*FAROLIM TRÁS DRT (CANTO LED);BMW X5 E70 10-*FAROLIM TRÁS DRT (CANTO LED);0;;
61;1540;103F06351771;1540;103F06351771;CATEGORIA0;;1;1;0;1;;BMW X5 E70 10-*FAROLIM TRÁS ESQ (CANTO LED);BMW X5 E70 10-*FAROLIM TRÁS ESQ (CANTO LED);0;;
61;1540;103F06371770;1540;103F06371770;CATEGORIA0;;1;1;0;1;;BMW S/2 F45 14-*FAROLIM TRÁS DRT (CANTO);BMW S/2 F45 14-*FAROLIM TRÁS DRT (CANTO);0;;
61;1540;103F06371771;1540;103F06371771;CATEGORIA0;;1;1;0;1;;BMW S/2 F45 14-*FAROLIM TRÁS ESQ (CANTO);BMW S/2 F45 14-*FAROLIM TRÁS ESQ (CANTO);0;;
61;1540;103F06371772;1540;103F06371772;CATEGORIA0;;1;1;0;1;;BMW S/2 F45 14-*FAROLIM TRÁS DRT (CANTO LED);BMW S/2 F45 14-*FAROLIM TRÁS DRT (CANTO LED);0;;
61;1540;103F06371773;1540;103F06371773;CATEGORIA0;;1;1;0;1;;BMW S/2 F45 14-*FAROLIM TRÁS ESQ (CANTO LED);BMW S/2 F45 14-*FAROLIM TRÁS ESQ (CANTO LED);0;;
61;1540;103F06381380;1540;103F06381380;CATEGORIA0;;1;1;0;1;;BMW X1 F48 2014.11-*REFLETOR P/CH TRÁS DRT;BMW X1 F48 2014.11-*REFLETOR P/CH TRÁS DRT;0;;
61;1540;103F06381381;1540;103F06381381;CATEGORIA0;;1;1;0;1;;BMW X1 F48 2014.11-*REFLETOR P/CH TRÁS ESQ;BMW X1 F48 2014.11-*REFLETOR P/CH TRÁS ESQ;0;;
61;1540;103F06381770;1540;103F06381770;CATEGORIA0;;1;1;0;1;;BMW X1 F48 15-*FAROLIM TRÁS DRT(CANTO);BMW X1 F48 15-*FAROLIM TRÁS DRT(CANTO);0;;
61;1540;103F06381771;1540;103F06381771;CATEGORIA0;;1;1;0;1;;BMW X1 F48 15-*FAROLIM TRÁS ESQ(CANTO);BMW X1 F48 15-*FAROLIM TRÁS ESQ(CANTO);0;;
61;1540;103F06381772;1540;103F06381772;CATEGORIA0;;1;1;0;1;;BMW X1 F48 15-*FAROLIM TRÁS DRT CANTO(LED);BMW X1 F48 15-*FAROLIM TRÁS DRT CANTO(LED);0;;
61;1540;103F06381773;1540;103F06381773;CATEGORIA0;;1;1;0;1;;BMW X1 F48 15-*FAROLIM TRÁS ESQ CANTO(LED);BMW X1 F48 15-*FAROLIM TRÁS ESQ CANTO(LED);0;;
61;1540;103F06391770;1540;103F06391770;CATEGORIA0;;1;1;0;1;;BMW S/5 G30 2017.01-*FAROLIM TRÁS DRT CANTO LED(SEDAN);BMW S/5 G30 2017.01-*FAROLIM TRÁS DRT CANTO LED(SEDAN);0;;
61;1540;103F06391771;1540;103F06391771;CATEGORIA0;;1;1;0;1;;BMW S/5 G30 2017.01-*FAROLIM TRÁS ESQ CANTO LED (SEDAN);BMW S/5 G30 2017.01-*FAROLIM TRÁS ESQ CANTO LED (SEDAN);0;;
61;1540;103F06401770;1540;103F06401770;CATEGORIA0;;1;1;0;1;;BMW S/3 G20 2018.11-*FAROLIM TRÁS DRT(LED);BMW S/3 G20 2018.11-*FAROLIM TRÁS DRT(LED);0;;
61;1540;103F06401771;1540;103F06401771;CATEGORIA0;;1;1;0;1;;BMW S/3 G20 2018.11-*FAROLIM TRÁS ESQ(LED);BMW S/3 G20 2018.11-*FAROLIM TRÁS ESQ(LED);0;;
61;1540;103F06410770;1540;103F06410770;CATEGORIA0;;1;1;0;1;;BMW S/1 F40 2019.07-*FAROLIM TRÁS DRT (LED);BMW S/1 F40 2019.07-*FAROLIM TRÁS DRT (LED);0;;
61;1540;103F06410771;1540;103F06410771;CATEGORIA0;;1;1;0;1;;BMW S/1 F40 2019.07-*FAROLIM TRÁS ESQ (LED);BMW S/1 F40 2019.07-*FAROLIM TRÁS ESQ (LED);0;;
61;1540;103F06421770;1540;103F06421770;CATEGORIA0;;1;1;0;1;;BMW S/4 F32/F33/F36 2017.03-*FAROLIM TRÁS DRT LED (CANTO);BMW S/4 F32/F33/F36 2017.03-*FAROLIM TRÁS DRT LED (CANTO);0;;
61;1540;103F06421771;1540;103F06421771;CATEGORIA0;;1;1;0;1;;BMW S/4 F32/F33/F36 2017.03-*FAROLIM TRÁS ESQ LED (CANTO);BMW S/4 F32/F33/F36 2017.03-*FAROLIM TRÁS ESQ LED (CANTO);0;;
61;1540;103F07011100;1540;103F07011100;CATEGORIA0;;1;1;0;1;;CITROEN DYANE*FAROLIM FRT DRT;CITROEN DYANE*FAROLIM FRT DRT;0;;
61;1540;103F07051130;1540;103F07051130;CATEGORIA0;;1;1;0;1;;CITROEN C15 84-*PISCA P/C FRT.DRT.;CITROEN C15 84-*PISCA P/C FRT.DRT.;0;;
61;1540;103F07051131;1540;103F07051131;CATEGORIA0;;1;1;0;1;;PISCA P/CH. FR. ESQ. CITROEN C15 84-;PISCA P/CH. FR. ESQ. CITROEN C15 84-;0;;
61;1540;103F07051770;1540;103F07051770;CATEGORIA0;;1;1;0;1;;CITROEN C15 84-*FAROLIM TRÁS DRT;CITROEN C15 84-*FAROLIM TRÁS DRT;0;;
61;1540;103F07051771;1540;103F07051771;CATEGORIA0;;1;1;0;1;;CITROEN C15 84-*FAROLIM TRÁS ESQ;CITROEN C15 84-*FAROLIM TRÁS ESQ;0;;
61;1540;103F07062110;1540;103F07062110;CATEGORIA0;;1;1;0;1;;CITROEN BX 87-*FAROLIM FRT DRT;CITROEN BX 87-*FAROLIM FRT DRT;0;;
61;1540;103F07062111;1540;103F07062111;CATEGORIA0;;1;1;0;1;;CITROEN BX 87-*FAROLIM FRT ESQ;CITROEN BX 87-*FAROLIM FRT ESQ;0;;
61;1540;103F07071110;1540;103F07071110;CATEGORIA0;;1;1;0;1;;CITROEN AX 92-*FAROLIM FRT DRT (BRANCO);CITROEN AX 92-*FAROLIM FRT DRT (BRANCO);0;;
61;1540;103F07071111;1540;103F07071111;CATEGORIA0;;1;1;0;1;;CITROEN AX 92-*PISCA BRANCO FRT ESQ;CITROEN AX 92-*PISCA BRANCO FRT ESQ;0;;
61;1540;103F07072720;1540;103F07072720;CATEGORIA0;;1;1;0;1;;CITROEN AX 92-*FAROLIM TRÁS DRT;CITROEN AX 92-*FAROLIM TRÁS DRT;0;;
61;1540;103F07072721;1540;103F07072721;CATEGORIA0;;1;1;0;1;;CITROEN AX 92-*FAROLIM TRÁS ESQ;CITROEN AX 92-*FAROLIM TRÁS ESQ;0;;
61;1540;103F07111210;1540;103F07111210;CATEGORIA0;;1;1;0;1;;CITROEN ZX 91-*FAROLIM FRT DRT;CITROEN ZX 91-*FAROLIM FRT DRT;0;;
61;1540;103F07111211;1540;103F07111211;CATEGORIA0;;1;1;0;1;;FAROLIM FRT. ESQ. ZX 91-;FAROLIM FRT. ESQ. ZX 91-;0;;
61;1540;103F07121210;1540;103F07121210;CATEGORIA0;;1;1;0;1;;CITROEN XANTIA 93-*FAROLIM FRT DRT;CITROEN XANTIA 93-*FAROLIM FRT DRT;0;;
61;1540;103F07121211;1540;103F07121211;CATEGORIA0;;1;1;0;1;;CITROEN XANTIA 93-*FAROLIM FR.ESQ.;CITROEN XANTIA 93-*FAROLIM FR.ESQ.;0;;
61;1540;103F07131110;1540;103F07131110;CATEGORIA0;;1;1;0;1;;CITROEN XANTIA 98-*FAROLIM FRT DRT (BRANCO);CITROEN XANTIA 98-*FAROLIM FRT DRT (BRANCO);0;;
61;1540;103F07131111;1540;103F07131111;CATEGORIA0;;1;1;0;1;;CITROEN XANTIA 98-*FAROLIM FRT ESQ (BRANCO);CITROEN XANTIA 98-*FAROLIM FRT ESQ (BRANCO);0;;
61;1540;103F07141210;1540;103F07141210;CATEGORIA0;;1;1;0;1;;CITROEN SAXO 96-*PISCA FRT DRT;CITROEN SAXO 96-*PISCA FRT DRT;0;;
61;1540;103F07141211;1540;103F07141211;CATEGORIA0;;1;1;0;1;;CITROEN SAXO 96-*PISCA FRT ESQ;CITROEN SAXO 96-*PISCA FRT ESQ;0;;
61;1540;103F07141770;1540;103F07141770;CATEGORIA0;;1;1;0;1;;CITROEN SAXO 96-*STOP DRT;CITROEN SAXO 96-*STOP DRT;0;;
61;1540;103F07141770TU;1540;103F07141770TU;CATEGORIA0;;1;1;0;1;;CITROEN SAXO 96-*KIT FAROLINS TRÁS (CRISTAL TUNING);CITROEN SAXO 96-*KIT FAROLINS TRÁS (CRISTAL TUNING);0;;
61;1540;103F07141771;1540;103F07141771;CATEGORIA0;;1;1;0;1;;CITROEN SAXO 96-*STOP ESQ;CITROEN SAXO 96-*STOP ESQ;0;;
61;1540;103F07141820;1540;103F07141820;CATEGORIA0;;1;1;0;1;;CITROEN SAXO 97-99*STOP DRT FUMADO;CITROEN SAXO 97-99*STOP DRT FUMADO;0;;
61;1540;103F07141821;1540;103F07141821;CATEGORIA0;;1;1;0;1;;CITROEN SAXO 97-99*STOP ESQ FUMADO;CITROEN SAXO 97-99*STOP ESQ FUMADO;0;;
61;1540;103F07161210;1540;103F07161210;CATEGORIA0;;1;1;0;1;;CITROEN BERLINGO/PARTNER*FAROLIM FRT DRT BRANCO;CITROEN BERLINGO/PARTNER*FAROLIM FRT DRT BRANCO;0;;
61;1540;103F07161211;1540;103F07161211;CATEGORIA0;;1;1;0;1;;CITROEN BERLINGO/PARTNER*FAROLIM FRT ESQ BRANCO;CITROEN BERLINGO/PARTNER*FAROLIM FRT ESQ BRANCO;0;;
61;1540;103F07161780;1540;103F07161780;CATEGORIA0;;1;1;0;1;;CITROEN BERLINGO/PARTNER*STOP DRT 1P;CITROEN BERLINGO/PARTNER*STOP DRT 1P;0;;
61;1540;103F07161781;1540;103F07161781;CATEGORIA0;;1;1;0;1;;CITROEN BERLINGO/PARTNER*STOP ESQ 1P;CITROEN BERLINGO/PARTNER*STOP ESQ 1P;0;;
61;1540;103F07162780;1540;103F07162780;CATEGORIA0;;1;1;0;1;;CITROEN BERLINGO/PARTNER*STOP DRT 2P;CITROEN BERLINGO/PARTNER*STOP DRT 2P;0;;
61;1540;103F07162781;1540;103F07162781;CATEGORIA0;;1;1;0;1;;CITROEN BERLINGO/PARTNER*STOP ESQ 2P;CITROEN BERLINGO/PARTNER*STOP ESQ 2P;0;;
61;1540;103F07191770;1540;103F07191770;CATEGORIA0;;1;1;0;1;;CITROEN XSARA 97-*FAROLIM TRÁS DRT;CITROEN XSARA 97-*FAROLIM TRÁS DRT;0;;
61;1540;103F07191771;1540;103F07191771;CATEGORIA0;;1;1;0;1;;CITROEN XSARA 97-*FAROLIM TRÁS ESQ;CITROEN XSARA 97-*FAROLIM TRÁS ESQ;0;;
61;1540;103F07211770;1540;103F07211770;CATEGORIA0;;1;1;0;1;;CITROEN SAXO 99-*FAROLIM TRÁS DRT;CITROEN SAXO 99-*FAROLIM TRÁS DRT;0;;
61;1540;103F07221770;1540;103F07221770;CATEGORIA0;;1;1;0;1;;XSARA PICASSO 99- FAROLIM FRT. DTO.;XSARA PICASSO 99- FAROLIM FRT. DTO.;0;;
61;1540;103F07221771;1540;103F07221771;CATEGORIA0;;1;1;0;1;;CITROEN XSARA PICASSO 99-*FAROLIM TRÁS ESQ;CITROEN XSARA PICASSO 99-*FAROLIM TRÁS ESQ;0;;
61;1540;103F07230770;1540;103F07230770;CATEGORIA0;;1;1;0;1;;CITROEN XSARA 00-*FAROLIM TRÁS DRT;CITROEN XSARA 00-*FAROLIM TRÁS DRT;0;;
61;1540;103F07230771;1540;103F07230771;CATEGORIA0;;1;1;0;1;;XSARA 00- FAROLIM TRÁS ESQ.;XSARA 00- FAROLIM TRÁS ESQ.;0;;
61;1540;103F07241770;1540;103F07241770;CATEGORIA0;;1;1;0;1;;CITROEN C3 02-*FAROLIM TRÁS DRT;CITROEN C3 02-*FAROLIM TRÁS DRT;0;;
61;1540;103F07241771;1540;103F07241771;CATEGORIA0;;1;1;0;1;;CITROEN C3 02-*FAROLIM TRÁS ESQ;CITROEN C3 02-*FAROLIM TRÁS ESQ;0;;
61;1540;103F07261330;1540;103F07261330;CATEGORIA0;;1;1;0;1;;CITROEN BERL/PART/C5 02-*FAROLIM LAT TRANSP;CITROEN BERL/PART/C5 02-*FAROLIM LAT TRANSP;0;;
61;1540;103F07261331;1540;103F07261331;CATEGORIA0;;1;1;0;1;;CITROEN BERL/PART/C5 02-*FAROLIM LAT FUMADO;CITROEN BERL/PART/C5 02-*FAROLIM LAT FUMADO;0;;
61;1540;103F07261332;1540;103F07261332;CATEGORIA0;;1;1;0;1;;CITROEN BERL/PART/C5 02-*KIT(2 UNID)FAROLIM LAT(FUMADO);CITROEN BERL/PART/C5 02-*KIT(2 UNID)FAROLIM LAT(FUMADO);0;;
61;1540;103F07261710;1540;103F07261710;CATEGORIA0;;1;1;0;1;;CITROEN BERL/PART 05-*FAROLIM TR DRT (2P;CITROEN BERL/PART 05-*FAROLIM TR DRT (2P;0;;
61;1540;103F07261711;1540;103F07261711;CATEGORIA0;;1;1;0;1;;CITROEN BERL/PART 05-*FAROLIM TR ESQ (2P;CITROEN BERL/PART 05-*FAROLIM TR ESQ (2P;0;;
61;1540;103F07261770;1540;103F07261770;CATEGORIA0;;1;1;0;1;;CITROEN BERL/PART 05-*FAROLIM TRÁS DRT (1P);CITROEN BERL/PART 05-*FAROLIM TRÁS DRT (1P);0;;
61;1540;103F07261771;1540;103F07261771;CATEGORIA0;;1;1;0;1;;CITROEN BERL/PART 05-*FAROLIM TRÁS ESQ (1P);CITROEN BERL/PART 05-*FAROLIM TRÁS ESQ (1P);0;;
61;1540;103F07271770;1540;103F07271770;CATEGORIA0;;1;1;0;1;;CITROEN C5 00-*FAROLIM TRÁS DRT (4P);CITROEN C5 00-*FAROLIM TRÁS DRT (4P);0;;
61;1540;103F07271771;1540;103F07271771;CATEGORIA0;;1;1;0;1;;CITROEN C5 00-*FAROLIM TRÁS ESQ (4P);CITROEN C5 00-*FAROLIM TRÁS ESQ (4P);0;;
61;1540;103F07281500;1540;103F07281500;CATEGORIA0;;1;1;0;1;;CITROEN C2 03-*FAROLIM TRÁS DRT (VERMELHO/VERMELHO);CITROEN C2 03-*FAROLIM TRÁS DRT (VERMELHO/VERMELHO);0;;
61;1540;103F07281501;1540;103F07281501;CATEGORIA0;;1;1;0;1;;CITROEN C2 03-*FAROLIM TRÁS ESQ (VERMELHO/VERMELHO);CITROEN C2 03-*FAROLIM TRÁS ESQ (VERMELHO/VERMELHO);0;;
61;1540;103F07281770;1540;103F07281770;CATEGORIA0;;1;1;0;1;;CITROEN C2 03-*FAROLIM TRÁS DRT (VERMELHO/BRANCO);CITROEN C2 03-*FAROLIM TRÁS DRT (VERMELHO/BRANCO);0;;
61;1540;103F07281771;1540;103F07281771;CATEGORIA0;;1;1;0;1;;CITROEN C2 03-*FAROLIM TRÁS ESQ (VERMELHO/BRANCO);CITROEN C2 03-*FAROLIM TRÁS ESQ (VERMELHO/BRANCO);0;;
61;1540;103F07291770;1540;103F07291770;CATEGORIA0;;1;1;0;1;;CITROEN XSARA PICASSO 04-*FAROLIM TRÁS DRT;CITROEN XSARA PICASSO 04-*FAROLIM TRÁS DRT;0;;
61;1540;103F07291771;1540;103F07291771;CATEGORIA0;;1;1;0;1;;CITROEN XSARA PICASSO 04-*FAROLIM TRÁS ESQ;CITROEN XSARA PICASSO 04-*FAROLIM TRÁS ESQ;0;;
61;1540;103F07310310;1540;103F07310310;CATEGORIA0;;1;1;0;1;;CITROEN C4 04-*FAROLIM LAR DRT/ESQ (ESPELHO);CITROEN C4 04-*FAROLIM LAR DRT/ESQ (ESPELHO);0;;
61;1540;103F07310380;1540;103F07310380;CATEGORIA0;;1;1;0;1;;CITROEN C4 04-*FAROLIM P/C TR M/ATR DRT BRANCO 5P;CITROEN C4 04-*FAROLIM P/C TR M/ATR DRT BRANCO 5P;0;;
61;1540;103F07310381;1540;103F07310381;CATEGORIA0;;1;1;0;1;;CITROEN C4 04-*FAROLIM NEVOEIRO P/CH TRÁS ESQ (VERMELHO 5P);CITROEN C4 04-*FAROLIM NEVOEIRO P/CH TRÁS ESQ (VERMELHO 5P);0;;
61;1540;103F07310382;1540;103F07310382;CATEGORIA0;;1;1;0;1;;CITROEN C4 04-*FAROLIM P/CH TRÁS DRT (VERMELHO 3P);CITROEN C4 04-*FAROLIM P/CH TRÁS DRT (VERMELHO 3P);0;;
61;1540;103F07310383;1540;103F07310383;CATEGORIA0;;1;1;0;1;;CITROEN C4 04- FAROLIM P/CHOQUES TRÁS ESQ.;CITROEN C4 04- FAROLIM P/CHOQUES TRÁS ESQ.;0;;
61;1540;103F07310770;1540;103F07310770;CATEGORIA0;;1;1;0;1;;CITROEN C4 04-*FAROLIM TRÁS DRT (5P);CITROEN C4 04-*FAROLIM TRÁS DRT (5P);0;;
61;1540;103F07310771;1540;103F07310771;CATEGORIA0;;1;1;0;1;;CITROEN C4 04-*FAROLIM TRÁS ESQ (5P);CITROEN C4 04-*FAROLIM TRÁS ESQ (5P);0;;
61;1540;103F07310900;1540;103F07310900;CATEGORIA0;;1;1;0;1;;CITROEN C4 04-/C5 SW 08-*TERCEIRA LUZ STOP LED;CITROEN C4 04-/C5 SW 08-*TERCEIRA LUZ STOP LED;0;;
61;1540;103F07310901;1540;103F07310901;CATEGORIA0;;1;1;0;1;;CITROEN C4 04-/C5 SW 08-*TERCEIRA LUZ STOP LED(FUMADO);CITROEN C4 04-/C5 SW 08-*TERCEIRA LUZ STOP LED(FUMADO);0;;
61;1540;103F07330770;1540;103F07330770;CATEGORIA0;;1;1;0;1;;CITROEN C5 05-*FAROLIM TRÁS DRT (CANTO);CITROEN C5 05-*FAROLIM TRÁS DRT (CANTO);0;;
61;1540;103F07330771;1540;103F07330771;CATEGORIA0;;1;1;0;1;;CITROEN C5 05-*FAROLIM TRÁS ESQ (CANTO);CITROEN C5 05-*FAROLIM TRÁS ESQ (CANTO);0;;
61;1540;103F07341770;1540;103F07341770;CATEGORIA0;;1;1;0;1;;CITROEN C1 05-*FAROLIM TRÁS DRT;CITROEN C1 05-*FAROLIM TRÁS DRT;0;;
61;1540;103F07341771;1540;103F07341771;CATEGORIA0;;1;1;0;1;;CITROEN C1 05-*FAROLIM TRÁS ESQ;CITROEN C1 05-*FAROLIM TRÁS ESQ;0;;
61;1540;103F07351770;1540;103F07351770;CATEGORIA0;;1;1;0;1;;CITROEN C3 05-*FAROLIM TRÁS DRT.;CITROEN C3 05-*FAROLIM TRÁS DRT.;0;;
61;1540;103F07351771;1540;103F07351771;CATEGORIA0;;1;1;0;1;;CITROEN C3 05-*FAROLIM TRÁS ESQ;CITROEN C3 05-*FAROLIM TRÁS ESQ;0;;
61;1540;103F07361770;1540;103F07361770;CATEGORIA0;;1;1;0;1;;CITROEN C4 PICASSO 07-*FAROLIM TRÁS DRT (CANTO);CITROEN C4 PICASSO 07-*FAROLIM TRÁS DRT (CANTO);0;;
61;1540;103F07361771;1540;103F07361771;CATEGORIA0;;1;1;0;1;;CITROEN C4 PICASSO 07-*FAROLIM TRÁS ESQ (CANTO);CITROEN C4 PICASSO 07-*FAROLIM TRÁS ESQ (CANTO);0;;
61;1540;103F07371770;1540;103F07371770;CATEGORIA0;;1;1;0;1;;CITROEN BERLI/PART 08-*FAROLIM TR DRT (2P);CITROEN BERLI/PART 08-*FAROLIM TR DRT (2P);0;;
61;1540;103F07371772;1540;103F07371772;CATEGORIA0;;1;1;0;1;;CITROEN BERLI/PART 08-*FAROLIM TRÁS DRT (1P);CITROEN BERLI/PART 08-*FAROLIM TRÁS DRT (1P);0;;
61;1540;103F07371773;1540;103F07371773;CATEGORIA0;;1;1;0;1;;CITROEN BERLI/PART 08-*FAROLIM TRÁS ESQ (1P);CITROEN BERLI/PART 08-*FAROLIM TRÁS ESQ (1P);0;;
61;1540;103F07371960;1540;103F07371960;CATEGORIA0;;1;1;0;1;;FAROLIM MATRICULA;FAROLIM MATRICULA;0;;
61;1540;103F07371961;1540;103F07371961;CATEGORIA0;;1;1;0;1;;BERLINGO/C3/206/207-*FAROLIM MATR.;BERLINGO/C3/206/207-*FAROLIM MATR.;0;;
61;1540;103F07371962;1540;103F07371962;CATEGORIA0;;1;1;0;1;;CITROEN BERLINGO 08-/C3 10-/206 98-/207 06-*KIT(2 UNID)FAROL;CITROEN BERLINGO 08-/C3 10-/206 98-/207 06-*KIT(2 UNID)FAROL;0;;
61;1540;103F07381770;1540;103F07381770;CATEGORIA0;;1;1;0;1;;CITROEN NEMO/BIPP/FIO 08-*FAROLIM TR DRT 2P;CITROEN NEMO/BIPP/FIO 08-*FAROLIM TR DRT 2P;0;;
61;1540;103F07381771;1540;103F07381771;CATEGORIA0;;1;1;0;1;;CIITROEN NEMO/BIPP/FIO 08-*FAROLIM TR. ESQ.;CIITROEN NEMO/BIPP/FIO 08-*FAROLIM TR. ESQ.;0;;
61;1540;103F07381772;1540;103F07381772;CATEGORIA0;;1;1;0;1;;CITROEN NEMO/BIPP/FIO 08-*FAROLIM TRÁS DRT (1P);CITROEN NEMO/BIPP/FIO 08-*FAROLIM TRÁS DRT (1P);0;;
61;1540;103F07381773;1540;103F07381773;CATEGORIA0;;1;1;0;1;;CITROEN NEMO/BIPP/FIO 08-*FAROLIM TRÁS ESQ (1P);CITROEN NEMO/BIPP/FIO 08-*FAROLIM TRÁS ESQ (1P);0;;
61;1540;103F07381900;1540;103F07381900;CATEGORIA0;;1;1;0;1;;CITROEN NEMO/FIORINO/BIPPER 08-*TERCEIRA LUZ STOP;CITROEN NEMO/FIORINO/BIPPER 08-*TERCEIRA LUZ STOP;0;;
61;1540;103F07381960;1540;103F07381960;CATEGORIA0;;1;1;0;1;;CITROEN NEMO/FIORINO/BIPPER 08-*FAROLIM MATRICULA (KOMBI);CITROEN NEMO/FIORINO/BIPPER 08-*FAROLIM MATRICULA (KOMBI);0;;
61;1540;103F07381961;1540;103F07381961;CATEGORIA0;;1;1;0;1;;CITROEN NEMO/FIORINO/BIPPER 08-*FAROLIM MATRICULA;CITROEN NEMO/FIORINO/BIPPER 08-*FAROLIM MATRICULA;0;;
61;1540;103F07390770;1540;103F07390770;CATEGORIA0;;1;1;0;1;;CITROEN C5 08-*FAROLIM TRÁS DRT (4P);CITROEN C5 08-*FAROLIM TRÁS DRT (4P);0;;
61;1540;103F07390771;1540;103F07390771;CATEGORIA0;;1;1;0;1;;CITROEN C5 08-*FAROLIM TRÁS ESQ (4P);CITROEN C5 08-*FAROLIM TRÁS ESQ (4P);0;;
61;1540;103F07430770;1540;103F07430770;CATEGORIA0;;1;1;0;1;;CITROEN C3 10-*FAROLIM TRÁS DRT;CITROEN C3 10-*FAROLIM TRÁS DRT;0;;
61;1540;103F07430771;1540;103F07430771;CATEGORIA0;;1;1;0;1;;CITROEN C3 10-*FAROLIM TRÁS ESQ;CITROEN C3 10-*FAROLIM TRÁS ESQ;0;;
61;1540;103F07430960;1540;103F07430960;CATEGORIA0;;1;1;0;1;;FAROLIM MATR. CITROEN;FAROLIM MATR. CITROEN;0;;
61;1540;103F07461380;1540;103F07461380;CATEGORIA0;;1;1;0;1;;CITROEN C3 PICASSO 09-*FAROLIM TRÁS NEVOEIRO DRT;CITROEN C3 PICASSO 09-*FAROLIM TRÁS NEVOEIRO DRT;0;;
61;1540;103F07461381;1540;103F07461381;CATEGORIA0;;1;1;0;1;;CITROEN C3 PICASSO 09-*FAROLIM TRÁS NEVOEIRO ESQ;CITROEN C3 PICASSO 09-*FAROLIM TRÁS NEVOEIRO ESQ;0;;
61;1540;103F07471770;1540;103F07471770;CATEGORIA0;;1;1;0;1;;CITROEN C4 11-15*FAROLIM TRÁS DRT CANTO (5P);CITROEN C4 11-15*FAROLIM TRÁS DRT CANTO (5P);0;;
61;1540;103F07471771;1540;103F07471771;CATEGORIA0;;1;1;0;1;;CITROEN C4 11-15*FAROLIM TRÁS ESQ CANTO (5P);CITROEN C4 11-15*FAROLIM TRÁS ESQ CANTO (5P);0;;
61;1540;103F07481210;1540;103F07481210;CATEGORIA0;;1;1;0;1;;CITROEN C5 11-*FAROLIM P/CH FRT DRT;CITROEN C5 11-*FAROLIM P/CH FRT DRT;0;;
61;1540;103F07481211;1540;103F07481211;CATEGORIA0;;1;1;0;1;;CITROEN C5 11-*FAROLIM P/CH FRT ESQ;CITROEN C5 11-*FAROLIM P/CH FRT ESQ;0;;
61;1540;103F07510770;1540;103F07510770;CATEGORIA0;;1;1;0;1;;CITROEN DS3 10-*FAROLIM TRÁS DRT;CITROEN DS3 10-*FAROLIM TRÁS DRT;0;;
61;1540;103F07510771;1540;103F07510771;CATEGORIA0;;1;1;0;1;;CITROEN DS3 10-*FAROLIM TRÁS ESQ;CITROEN DS3 10-*FAROLIM TRÁS ESQ;0;;
61;1540;103F07530770;1540;103F07530770;CATEGORIA0;;1;1;0;1;;FAROLIM TRÁS DRT;FAROLIM TRÁS DRT;0;;
61;1540;103F07530771;1540;103F07530771;CATEGORIA0;;1;1;0;1;;FAROLIM TRÁS ESQ;FAROLIM TRÁS ESQ;0;;
61;1540;103F07530960;1540;103F07530960;CATEGORIA0;;1;1;0;1;;CITROEN C-ELYSEE/3008/508 12-*FAROLIM MATRICULA;CITROEN C-ELYSEE/3008/508 12-*FAROLIM MATRICULA;0;;
61;1540;103F07530962;1540;103F07530962;CATEGORIA0;;1;1;0;1;;CITROEN C-ELYSEE/3008/508 12-*KIT(2 UNID)FAROLIM MATRICULA(L;CITROEN C-ELYSEE/3008/508 12-*KIT(2 UNID)FAROLIM MATRICULA(L;0;;
61;1540;103F07541770;1540;103F07541770;CATEGORIA0;;1;1;0;1;;CITROEN C3 13-*FAROLIM TRÁS DRT;CITROEN C3 13-*FAROLIM TRÁS DRT;0;;
61;1540;103F07541771;1540;103F07541771;CATEGORIA0;;1;1;0;1;;CITROEN C3 13-*FAROLIM TRÁS ESQ;CITROEN C3 13-*FAROLIM TRÁS ESQ;0;;
61;1540;103F07550770;1540;103F07550770;CATEGORIA0;;1;1;0;1;;CITROEN BERLI/PART 12-*FAROLIM TR DRT (2P) INT/NEG;CITROEN BERLI/PART 12-*FAROLIM TR DRT (2P) INT/NEG;0;;
61;1540;103F07550771;1540;103F07550771;CATEGORIA0;;1;1;0;1;;CITROEN BERLI/PART 12-*FAROLIM TR ESQ (2P)INT/NEGR;CITROEN BERLI/PART 12-*FAROLIM TR ESQ (2P)INT/NEGR;0;;
61;1540;103F07550772;1540;103F07550772;CATEGORIA0;;1;1;0;1;;CITROEN BERLI/PART 12-*FAROLIM TRÁS DRT (1P);CITROEN BERLI/PART 12-*FAROLIM TRÁS DRT (1P);0;;
61;1540;103F07550773;1540;103F07550773;CATEGORIA0;;1;1;0;1;;CITROEN BERLI/PART 12-*FAROLIM TR ESQ (1P);CITROEN BERLI/PART 12-*FAROLIM TR ESQ (1P);0;;
61;1540;103F07560340;1540;103F07560340;CATEGORIA0;;1;1;0;1;;CITROEN C4 PICASSO 13-*FAROLIM LAT. DRT. (ESPELHO);CITROEN C4 PICASSO 13-*FAROLIM LAT. DRT. (ESPELHO);0;;
61;1540;103F07560341;1540;103F07560341;CATEGORIA0;;1;1;0;1;;CITROEN C4 PICASSO 13-*FAROLIM LAT. ESQ.;CITROEN C4 PICASSO 13-*FAROLIM LAT. ESQ.;0;;
61;1540;103F07560770;1540;103F07560770;CATEGORIA0;;1;1;0;1;;CITROEN C4 PICASSO 13-*FAROLIM TRÁS DRT;CITROEN C4 PICASSO 13-*FAROLIM TRÁS DRT;0;;
61;1540;103F07560771;1540;103F07560771;CATEGORIA0;;1;1;0;1;;CITROEN C4 PICASSO 13-*FAROLIM TRÁS ESQ;CITROEN C4 PICASSO 13-*FAROLIM TRÁS ESQ;0;;
61;1540;103F07620770;1540;103F07620770;CATEGORIA0;;1;1;0;1;;CITROEN JUMPY/EXPERT 2016-*FAROLIM TRÁS DRT;CITROEN JUMPY/EXPERT 2016-*FAROLIM TRÁS DRT;0;;
61;1540;103F07620771;1540;103F07620771;CATEGORIA0;;1;1;0;1;;CITROEN JUMPY/EXPERT 2016-*FAROLIM TRÁS ESQ;CITROEN JUMPY/EXPERT 2016-*FAROLIM TRÁS ESQ;0;;
61;1540;103F07620772;1540;103F07620772;CATEGORIA0;;1;1;0;1;;CITROEN JUMPY/EXPERT 2016-*FAROLIM TRÁS DRT FUMADO;CITROEN JUMPY/EXPERT 2016-*FAROLIM TRÁS DRT FUMADO;0;;
61;1540;103F07620773;1540;103F07620773;CATEGORIA0;;1;1;0;1;;CITROEN JUMPY/EXPERT 2016-*FAROLIM TRÁS ESQ FUMADO;CITROEN JUMPY/EXPERT 2016-*FAROLIM TRÁS ESQ FUMADO;0;;
61;1540;103F07630770;1540;103F07630770;CATEGORIA0;;1;1;0;1;;CITROEN C-ELYSEE 2017.04-*FAROLIM TRÁS DRT;CITROEN C-ELYSEE 2017.04-*FAROLIM TRÁS DRT;0;;
61;1540;103F07630771;1540;103F07630771;CATEGORIA0;;1;1;0;1;;CITROEN C-ELYSEE 2017.04-*FAROLIM TRÁS ESQ;CITROEN C-ELYSEE 2017.04-*FAROLIM TRÁS ESQ;0;;
61;1540;103F07641770;1540;103F07641770;CATEGORIA0;;1;1;0;1;;BERL/COMBO/PARTNER/RIFTER 2018.06-*FAROLIM TR DTO(2P);BERL/COMBO/PARTNER/RIFTER 2018.06-*FAROLIM TR DTO(2P);0;;
61;1540;103F07641771;1540;103F07641771;CATEGORIA0;;1;1;0;1;;BERL/COMBO/PARTNER/RIFTER 2018.06-*FAROLIM TR ESQ(2P);BERL/COMBO/PARTNER/RIFTER 2018.06-*FAROLIM TR ESQ(2P);0;;
61;1540;103F07641772;1540;103F07641772;CATEGORIA0;;1;1;0;1;;CITROEN BERLINGO/OPEL COMBO 2018.06-*FAROLIM TRÁS DRT(1P);CITROEN BERLINGO/OPEL COMBO 2018.06-*FAROLIM TRÁS DRT(1P);0;;
61;1540;103F07641773;1540;103F07641773;CATEGORIA0;;1;1;0;1;;CITROEN BERLINGO/OPEL COMBO 2018.06-*FAROLIM TRÁS ESQ(1P);CITROEN BERLINGO/OPEL COMBO 2018.06-*FAROLIM TRÁS ESQ(1P);0;;
61;1540;103F08521770;1540;103F08521770;CATEGORIA0;;1;1;0;1;;DACIA LOGAN MCV 08-*FAROLIM TRÁS DRT;DACIA LOGAN MCV 08-*FAROLIM TRÁS DRT;0;;
61;1540;103F08521771;1540;103F08521771;CATEGORIA0;;1;1;0;1;;DACIA LOGAN MCV 08-*FAROLIM TRÁS ESQ;DACIA LOGAN MCV 08-*FAROLIM TRÁS ESQ;0;;
61;1540;103F08521772;1540;103F08521772;CATEGORIA0;;1;1;0;1;;DACIA LOGAN PICK-UP 08- FAROLIM TRÁS DTO;DACIA LOGAN PICK-UP 08- FAROLIM TRÁS DTO;0;;
61;1540;103F08521773;1540;103F08521773;CATEGORIA0;;1;1;0;1;;DACIA LOGAN PICK-UP 08-*FAROLIM TRÁS ESQ;DACIA LOGAN PICK-UP 08-*FAROLIM TRÁS ESQ;0;;
61;1540;103F08530310;1540;103F08530310;CATEGORIA0;;1;1;0;1;;DACIA SANDERO 08-*FAROLIM LAT DRT;DACIA SANDERO 08-*FAROLIM LAT DRT;0;;
61;1540;103F08530311;1540;103F08530311;CATEGORIA0;;1;1;0;1;;DACIA SANDERO 08-*FAROLIM LAT ESQ;DACIA SANDERO 08-*FAROLIM LAT ESQ;0;;
61;1540;103F08530770;1540;103F08530770;CATEGORIA0;;1;1;0;1;;DACIA SANDERO 08-*FAROLIM TRÁS DRT;DACIA SANDERO 08-*FAROLIM TRÁS DRT;0;;
61;1540;103F08530771;1540;103F08530771;CATEGORIA0;;1;1;0;1;;DACIA SANDERO 08-*FAROLIM TRÁS ESQ;DACIA SANDERO 08-*FAROLIM TRÁS ESQ;0;;
61;1540;103F08550770;1540;103F08550770;CATEGORIA0;;1;1;0;1;;DACIA DUSTER 10-*FAROLIM TRÁS DRT;DACIA DUSTER 10-*FAROLIM TRÁS DRT;0;;
61;1540;103F08550771;1540;103F08550771;CATEGORIA0;;1;1;0;1;;DACIA DUSTER 10-*FAROLIM TRÁS ESQ;DACIA DUSTER 10-*FAROLIM TRÁS ESQ;0;;
61;1540;103F08560770;1540;103F08560770;CATEGORIA0;;1;1;0;1;;DACIA DOKKER 13- FAROLIM TRÁS DTO.;DACIA DOKKER 13- FAROLIM TRÁS DTO.;0;;
61;1540;103F08560771;1540;103F08560771;CATEGORIA0;;1;1;0;1;;DACIA DOKKER 13-*FAROLIM TRÁS ESQ;DACIA DOKKER 13-*FAROLIM TRÁS ESQ;0;;
61;1540;103F08560772;1540;103F08560772;CATEGORIA0;;1;1;0;1;;DACIA LODGY 2012.03-*FAROLIM TRÁS DRT;DACIA LODGY 2012.03-*FAROLIM TRÁS DRT;0;;
61;1540;103F08560773;1540;103F08560773;CATEGORIA0;;1;1;0;1;;DACIA LODGY 2012.03-*FAROLIM TRÁS ESQ;DACIA LODGY 2012.03-*FAROLIM TRÁS ESQ;0;;
61;1540;103F08570310;1540;103F08570310;CATEGORIA0;;1;1;0;1;;DACIA LOGAN/SANDERO 13-*FAROLIM LAT G/LAMAS DRT (BRANCO);DACIA LOGAN/SANDERO 13-*FAROLIM LAT G/LAMAS DRT (BRANCO);0;;
61;1540;103F08570311;1540;103F08570311;CATEGORIA0;;1;1;0;1;;DACIA LOGAN/SANDERO 13-*FAROLIM LAT G/LAMAS ESQ (BRANCO);DACIA LOGAN/SANDERO 13-*FAROLIM LAT G/LAMAS ESQ (BRANCO);0;;
61;1540;103F08570380;1540;103F08570380;CATEGORIA0;;1;1;0;1;;DACIA SANDERO/LOGAN 17-*FAROLIM TRÁS NEVOEIRO DRT;DACIA SANDERO/LOGAN 17-*FAROLIM TRÁS NEVOEIRO DRT;0;;
61;1540;103F08570381;1540;103F08570381;CATEGORIA0;;1;1;0;1;;DACIA SANDERO/LOGAN 17-*FAROLIM TRÁS NEVOEIRO ESQ;DACIA SANDERO/LOGAN 17-*FAROLIM TRÁS NEVOEIRO ESQ;0;;
61;1540;103F08570770;1540;103F08570770;CATEGORIA0;;1;1;0;1;;DACIA SANDERO 13-*FAROLIM TRÁS DRT;DACIA SANDERO 13-*FAROLIM TRÁS DRT;0;;
61;1540;103F08570771;1540;103F08570771;CATEGORIA0;;1;1;0;1;;DACIA SANDERO 13-*FAROLIM TRÁS ESQ;DACIA SANDERO 13-*FAROLIM TRÁS ESQ;0;;
61;1540;103F08570772;1540;103F08570772;CATEGORIA0;;1;1;0;1;;DACIA SANDERO STEPWAY 13-*FAROLIM TR. DRT.;DACIA SANDERO STEPWAY 13-*FAROLIM TR. DRT.;0;;
61;1540;103F08570773;1540;103F08570773;CATEGORIA0;;1;1;0;1;;DACIA SANDERO STEPWAY 13-*FAROLIM TRÁS ESQ;DACIA SANDERO STEPWAY 13-*FAROLIM TRÁS ESQ;0;;
61;1540;103F08570774;1540;103F08570774;CATEGORIA0;;1;1;0;1;;DACIA LOGAN 13-*FAROLIM TRÁS DRT;DACIA LOGAN 13-*FAROLIM TRÁS DRT;0;;
61;1540;103F08570775;1540;103F08570775;CATEGORIA0;;1;1;0;1;;DACIA LOGAN 13-*FAROLIM TRÁS ESQ;DACIA LOGAN 13-*FAROLIM TRÁS ESQ;0;;
61;1540;103F08570776;1540;103F08570776;CATEGORIA0;;1;1;0;1;;LOGAN 13- FAROLIM TRÁS DTO.;LOGAN 13- FAROLIM TRÁS DTO.;0;;
61;1540;103F08570777;1540;103F08570777;CATEGORIA0;;1;1;0;1;;DACIA LOGAN MCV 13-*FAROLIM TR. ESQ.;DACIA LOGAN MCV 13-*FAROLIM TR. ESQ.;0;;
61;1540;103F08581770;1540;103F08581770;CATEGORIA0;;1;1;0;1;;DACIA DUSTER 13-*FAROLIM TRÁS DRT;DACIA DUSTER 13-*FAROLIM TRÁS DRT;0;;
61;1540;103F08581771;1540;103F08581771;CATEGORIA0;;1;1;0;1;;DACIA DUSTER 13-*FAROLIM TRÁS ESQ;DACIA DUSTER 13-*FAROLIM TRÁS ESQ;0;;
61;1540;103F08591770;1540;103F08591770;CATEGORIA0;;1;1;0;1;;DACIA DUSTER 2018.01-*FAROLIM TRÁS DRT;DACIA DUSTER 2018.01-*FAROLIM TRÁS DRT;0;;
61;1540;103F08591771;1540;103F08591771;CATEGORIA0;;1;1;0;1;;DACIA DUSTER 2018.01-*FAROLIM TRÁS ESQ;DACIA DUSTER 2018.01-*FAROLIM TRÁS ESQ;0;;
61;1540;103F08600310;1540;103F08600310;CATEGORIA0;;1;1;0;1;;DACIA SANDERO/STEPWAY/LOGAN 2021.01-*FAROLIM LAT G/LAMAS DRT;DACIA SANDERO/STEPWAY/LOGAN 2021.01-*FAROLIM LAT G/LAMAS DRT;0;;
61;1540;103F08600311;1540;103F08600311;CATEGORIA0;;1;1;0;1;;DACIA SANDERO/STEPWAY/LOGAN 2021.01-*FAROLIM LAT G/LAMAS ESQ;DACIA SANDERO/STEPWAY/LOGAN 2021.01-*FAROLIM LAT G/LAMAS ESQ;0;;
61;1540;103F09105170;1540;103F09105170;CATEGORIA0;;1;1;0;1;;FIAT 127 SUPER*FAROLIM FRT DRT;FIAT 127 SUPER*FAROLIM FRT DRT;0;;
61;1540;103F09182761;1540;103F09182761;CATEGORIA0;;1;1;0;1;;FIAT PANDA 86-*FAROLIM TRÁS ESQ;FIAT PANDA 86-*FAROLIM TRÁS ESQ;0;;
61;1540;103F09182770;1540;103F09182770;CATEGORIA0;;1;1;0;1;;FIAT PANDA 86-*STOP TRÁS DRT;FIAT PANDA 86-*STOP TRÁS DRT;0;;
61;1540;103F09191100;1540;103F09191100;CATEGORIA0;;1;1;0;1;;FAROLIM FRT. DTO. AMARELO FIAT UNO -89;FAROLIM FRT. DTO. AMARELO FIAT UNO -89;0;;
61;1540;103F09191101;1540;103F09191101;CATEGORIA0;;1;1;0;1;;FIAT UNO -89*PISCA AMARELO FRT ESQUERDO;FIAT UNO -89*PISCA AMARELO FRT ESQUERDO;0;;
61;1540;103F09191130;1540;103F09191130;CATEGORIA0;;1;1;0;1;;FAROLIM FRT DRT;FAROLIM FRT DRT;0;;
61;1540;103F09191131;1540;103F09191131;CATEGORIA0;;1;1;0;1;;FIAT UNO -89*FAROLIM FRT ESQ;FIAT UNO -89*FAROLIM FRT ESQ;0;;
61;1540;103F09191210;1540;103F09191210;CATEGORIA0;;1;1;0;1;;FIAT UNO -89*V/FAROLIM BRANCO FRT DRT (BRANCO);FIAT UNO -89*V/FAROLIM BRANCO FRT DRT (BRANCO);0;;
61;1540;103F09191211;1540;103F09191211;CATEGORIA0;;1;1;0;1;;FIAT UNO -89*V/FAROLIM BRANCO FRT ESQ (BRANCO);FIAT UNO -89*V/FAROLIM BRANCO FRT ESQ (BRANCO);0;;
61;1540;103F09191301;1540;103F09191301;CATEGORIA0;;1;1;0;1;;FIAT UNO -89*FAROLIM LAT DRT/ESQ;FIAT UNO -89*FAROLIM LAT DRT/ESQ;0;;
61;1540;103F09191960;1540;103F09191960;CATEGORIA0;;1;1;0;1;;FIAT UNO -89*FAROLIM MATRICULA;FIAT UNO -89*FAROLIM MATRICULA;0;;
61;1540;103F09192100;1540;103F09192100;CATEGORIA0;;1;1;0;1;;FIAT UNO 89-*FAROLIM FRT DRT (AMARELO);FIAT UNO 89-*FAROLIM FRT DRT (AMARELO);0;;
61;1540;103F09192101;1540;103F09192101;CATEGORIA0;;1;1;0;1;;FIAT UNO 89-*PISCA AMARELO FRT ESQUERDO;FIAT UNO 89-*PISCA AMARELO FRT ESQUERDO;0;;
61;1540;103F09192130;1540;103F09192130;CATEGORIA0;;1;1;0;1;;FIAT UNO 89-*PISCA BRANCO FRT DRT;FIAT UNO 89-*PISCA BRANCO FRT DRT;0;;
61;1540;103F09192131;1540;103F09192131;CATEGORIA0;;1;1;0;1;;FIAT UNO 89-*PISCA BRANCO FRT ESQ;FIAT UNO 89-*PISCA BRANCO FRT ESQ;0;;
61;1540;103F09192301;1540;103F09192301;CATEGORIA0;;1;1;0;1;;FIAT UNO 89-/Y10*FAROLIM LATERAL;FIAT UNO 89-/Y10*FAROLIM LATERAL;0;;
61;1540;103F09192510;1540;103F09192510;CATEGORIA0;;1;1;0;1;;FIAT UNO 89-*STOP TRÁS DRT;FIAT UNO 89-*STOP TRÁS DRT;0;;
61;1540;103F09192511;1540;103F09192511;CATEGORIA0;;1;1;0;1;;FIAT UNO 89-*STOP TRÁS ESQ;FIAT UNO 89-*STOP TRÁS ESQ;0;;
61;1540;103F09192820;1540;103F09192820;CATEGORIA0;;1;1;0;1;;FIAT UNO 89-*V/FAROLIM TRÁS DRT;FIAT UNO 89-*V/FAROLIM TRÁS DRT;0;;
61;1540;103F09192960;1540;103F09192960;CATEGORIA0;;1;1;0;1;;FIAT UNO 89-*FAROLIM MATRICULA;FIAT UNO 89-*FAROLIM MATRICULA;0;;
61;1540;103F09224710;1540;103F09224710;CATEGORIA0;;1;1;0;1;;FIAT FIORINO 91-*FAROLIM TRÁS DRT;FIAT FIORINO 91-*FAROLIM TRÁS DRT;0;;
61;1540;103F09281210;1540;103F09281210;CATEGORIA0;;1;1;0;1;;SEAT TOLEDO 91-*FAROLIM FRT DRT (BRANCO);SEAT TOLEDO 91-*FAROLIM FRT DRT (BRANCO);0;;
61;1540;103F09281211;1540;103F09281211;CATEGORIA0;;1;1;0;1;;FAROLIM FREN ESQ BRANCO;FAROLIM FREN ESQ BRANCO;0;;
61;1540;103F09281230;1540;103F09281230;CATEGORIA0;;1;1;0;1;;SEAT TOLEDO 95-*FAROLIM FRT DRT (BRANCO);SEAT TOLEDO 95-*FAROLIM FRT DRT (BRANCO);0;;
61;1540;103F09281231;1540;103F09281231;CATEGORIA0;;1;1;0;1;;SEAT TOLEDO 95-*FAROLIM FRT ESQ BRANCO;SEAT TOLEDO 95-*FAROLIM FRT ESQ BRANCO;0;;
61;1540;103F09281770;1540;103F09281770;CATEGORIA0;;1;1;0;1;;SEAT TOLEDO 95-*FAROLIM TRÁS DRT (CANTO VERMELHO/AMARELO);SEAT TOLEDO 95-*FAROLIM TRÁS DRT (CANTO VERMELHO/AMARELO);0;;
61;1540;103F09291301;1540;103F09291301;CATEGORIA0;;1;1;0;1;;FIAT BRAVO/A FAROLIM LAT. DTO. /ESQ.;FIAT BRAVO/A FAROLIM LAT. DTO. /ESQ.;0;;
61;1540;103F09291321;1540;103F09291321;CATEGORIA0;;1;1;0;1;;FIAT BRAVO/BRAVA*FAROLIM LAT (BRANCO);FIAT BRAVO/BRAVA*FAROLIM LAT (BRANCO);0;;
61;1540;103F09291520;1540;103F09291520;CATEGORIA0;;1;1;0;1;;FIAT BRAVO*FAROLIM TRÁS DRT;FIAT BRAVO*FAROLIM TRÁS DRT;0;;
61;1540;103F09291960;1540;103F09291960;CATEGORIA0;;1;1;0;1;;FIAT BRAVO/BRAVA*FAROLIM MATRICULA;FIAT BRAVO/BRAVA*FAROLIM MATRICULA;0;;
61;1540;103F09301100;1540;103F09301100;CATEGORIA0;;1;1;0;1;;FAROLIM F.DTO;FAROLIM F.DTO;0;;
61;1540;103F09301101;1540;103F09301101;CATEGORIA0;;1;1;0;1;;FIAT TIPO*FAROLIM FRT ESQ (AMARELO);FIAT TIPO*FAROLIM FRT ESQ (AMARELO);0;;
61;1540;103F09301130;1540;103F09301130;CATEGORIA0;;1;1;0;1;;FIAT TIPO*FAROLIM FRT DRT (BRANCO);FIAT TIPO*FAROLIM FRT DRT (BRANCO);0;;
61;1540;103F09301131;1540;103F09301131;CATEGORIA0;;1;1;0;1;;FIAT TIPO*FAROLIM FRT ESQ (BRANCO);FIAT TIPO*FAROLIM FRT ESQ (BRANCO);0;;
61;1540;103F09301301;1540;103F09301301;CATEGORIA0;;1;1;0;1;;FAROLIM LAT. DRT/ESQ;FAROLIM LAT. DRT/ESQ;0;;
61;1540;103F09301510;1540;103F09301510;CATEGORIA0;;1;1;0;1;;FIAT TIPO*FAROLIM TRÁS DRT;FIAT TIPO*FAROLIM TRÁS DRT;0;;
61;1540;103F09301511;1540;103F09301511;CATEGORIA0;;1;1;0;1;;FIAT TIPO*FAROLIM TRÁS ESQ;FIAT TIPO*FAROLIM TRÁS ESQ;0;;
61;1540;103F09302110;1540;103F09302110;CATEGORIA0;;1;1;0;1;;FIAT TIPO 93-*FAROLIM FRT DRT (BRANCO);FIAT TIPO 93-*FAROLIM FRT DRT (BRANCO);0;;
61;1540;103F09302111;1540;103F09302111;CATEGORIA0;;1;1;0;1;;FIAT TIPO 93-*FAROLIM FRT ESQ (BRANCO);FIAT TIPO 93-*FAROLIM FRT ESQ (BRANCO);0;;
61;1540;103F09310770;1540;103F09310770;CATEGORIA0;;1;1;0;1;;FIAT DOBLO 2001.03-*FAROLIM TRÁS DRT;FIAT DOBLO 2001.03-*FAROLIM TRÁS DRT;0;;
61;1540;103F09310771;1540;103F09310771;CATEGORIA0;;1;1;0;1;;FIAT DOBLO 2001.03-*FAROLIM TRÁS ESQ;FIAT DOBLO 2001.03-*FAROLIM TRÁS ESQ;0;;
61;1540;103F09310900;1540;103F09310900;CATEGORIA0;;1;1;0;1;;FIAT DOBLO 01-*TERCEIRA LUZ STOP;FIAT DOBLO 01-*TERCEIRA LUZ STOP;0;;
61;1540;103F09310960;1540;103F09310960;CATEGORIA0;;1;1;0;1;;FIAT DOBLO 01-*FAROLIM MATRICULA;FIAT DOBLO 01-*FAROLIM MATRICULA;0;;
61;1540;103F09311130;1540;103F09311130;CATEGORIA0;;1;1;0;1;;FIAT TEMPRA*FAROLIM FRT DRT (BRANCO);FIAT TEMPRA*FAROLIM FRT DRT (BRANCO);0;;
61;1540;103F09321200;1540;103F09321200;CATEGORIA0;;1;1;0;1;;FIAT PUNTO*PISCA FRENTE DIREITO AMARELO;FIAT PUNTO*PISCA FRENTE DIREITO AMARELO;0;;
61;1540;103F09321201;1540;103F09321201;CATEGORIA0;;1;1;0;1;;FIAT PUNTO*PISCA FRENTE ESQUERDO AMARELO;FIAT PUNTO*PISCA FRENTE ESQUERDO AMARELO;0;;
61;1540;103F09321210;1540;103F09321210;CATEGORIA0;;1;1;0;1;;FIAT PUNTO*PISCA FRT DRT BRANCO;FIAT PUNTO*PISCA FRT DRT BRANCO;0;;
61;1540;103F09321211;1540;103F09321211;CATEGORIA0;;1;1;0;1;;FIAT PUNTO*PISCA FRT ESQ BRANCO;FIAT PUNTO*PISCA FRT ESQ BRANCO;0;;
61;1540;103F09321301;1540;103F09321301;CATEGORIA0;;1;1;0;1;;FIAT PUNTO*FAROLIM LATERAL AMARELO;FIAT PUNTO*FAROLIM LATERAL AMARELO;0;;
61;1540;103F09321321;1540;103F09321321;CATEGORIA0;;1;1;0;1;;FIAT PUNTO 93-*FAROLIM LAT DRT/ESQ (BRANCO);FIAT PUNTO 93-*FAROLIM LAT DRT/ESQ (BRANCO);0;;
61;1540;103F09321960;1540;103F09321960;CATEGORIA0;;1;1;0;1;;FIAT PUNTO*FAROLIM MATRICULA COMPLETO;FIAT PUNTO*FAROLIM MATRICULA COMPLETO;0;;
61;1540;103F09322230;1540;103F09322230;CATEGORIA0;;1;1;0;1;;FIAT PUNTO*FAROLIM FRT DRT (FUMADO);FIAT PUNTO*FAROLIM FRT DRT (FUMADO);0;;
61;1540;103F09322231;1540;103F09322231;CATEGORIA0;;1;1;0;1;;FIAT PUNTO*FAROLIM FRT ESQ (FUMADO);FIAT PUNTO*FAROLIM FRT ESQ (FUMADO);0;;
61;1540;103F09323331;1540;103F09323331;CATEGORIA0;;1;1;0;1;;FIAT PUNTO/DOBLO 99-*FAROLIM LATERAL;FIAT PUNTO/DOBLO 99-*FAROLIM LATERAL;0;;
61;1540;103F09323971;1540;103F09323971;CATEGORIA0;;1;1;0;1;;PUNTO 99- FAROLIM MATRICULA;PUNTO 99- FAROLIM MATRICULA;0;;
61;1540;103F09326726;1540;103F09326726;CATEGORIA0;;1;1;0;1;;FIAT PUNTO 5P 99-*FAROLIM TRÁS DRT MONOB;FIAT PUNTO 5P 99-*FAROLIM TRÁS DRT MONOB;0;;
61;1540;103F09326727;1540;103F09326727;CATEGORIA0;;1;1;0;1;;FIAT PUNTO 5P 99-*FAROLIM TRÁS ESQ.;FIAT PUNTO 5P 99-*FAROLIM TRÁS ESQ.;0;;
61;1540;103F09331380;1540;103F09331380;CATEGORIA0;;1;1;0;1;;REFLECTOR P/CH TRÁS DRT;REFLECTOR P/CH TRÁS DRT;0;;
61;1540;103F09331381;1540;103F09331381;CATEGORIA0;;1;1;0;1;;FIAT PUNTO 03-*REFLETOR P/CH TRÁS ESQ;FIAT PUNTO 03-*REFLETOR P/CH TRÁS ESQ;0;;
61;1540;103F09331382;1540;103F09331382;CATEGORIA0;;1;1;0;1;;FIAT PUNTO SPORT 03-*REFLETOR P/CH TRÁS DRT;FIAT PUNTO SPORT 03-*REFLETOR P/CH TRÁS DRT;0;;
61;1540;103F09331383;1540;103F09331383;CATEGORIA0;;1;1;0;1;;FIAT PUNTO SPORT 03-*REFLETOR P/CH TRÁS ESQ;FIAT PUNTO SPORT 03-*REFLETOR P/CH TRÁS ESQ;0;;
61;1540;103F09331500;1540;103F09331500;CATEGORIA0;;1;1;0;1;;FIAT BRAVA 95-*FAROLIM TRÁS DRT;FIAT BRAVA 95-*FAROLIM TRÁS DRT;0;;
61;1540;103F09331501;1540;103F09331501;CATEGORIA0;;1;1;0;1;;FIAT BRAVA 95-*FAROLIM TRÁS ESQ;FIAT BRAVA 95-*FAROLIM TRÁS ESQ;0;;
61;1540;103F09341321;1540;103F09341321;CATEGORIA0;;1;1;0;1;;FIAT MAREA 96-/PALIO 01-*FAROLIM LATERAL BRANCO;FIAT MAREA 96-/PALIO 01-*FAROLIM LATERAL BRANCO;0;;
61;1540;103F09341380;1540;103F09341380;CATEGORIA0;;1;1;0;1;;FIAT MAREA SW 95-*REFLETOR P/CH TRÁS DRT;FIAT MAREA SW 95-*REFLETOR P/CH TRÁS DRT;0;;
61;1540;103F09341381;1540;103F09341381;CATEGORIA0;;1;1;0;1;;FIAT MAREA SW 95-*REFLETOR P/CH TRÁS ESQ;FIAT MAREA SW 95-*REFLETOR P/CH TRÁS ESQ;0;;
61;1540;103F09341500;1540;103F09341500;CATEGORIA0;;1;1;0;1;;FIAT MAREA SW 95-*FAROLIM TRÁS DRT;FIAT MAREA SW 95-*FAROLIM TRÁS DRT;0;;
61;1540;103F09341501;1540;103F09341501;CATEGORIA0;;1;1;0;1;;FIAT MAREA SW 95-*FAROLIM TRÁS ESQ;FIAT MAREA SW 95-*FAROLIM TRÁS ESQ;0;;
61;1540;103F09351200;1540;103F09351200;CATEGORIA0;;1;1;0;1;;FIAT CINQUECENTO*FAROLIM FRT DRT (AMARELO);FIAT CINQUECENTO*FAROLIM FRT DRT (AMARELO);0;;
61;1540;103F09351201;1540;103F09351201;CATEGORIA0;;1;1;0;1;;FIAT CINQUECENTO*FAROLIM FRT ESQ (AMARELO);FIAT CINQUECENTO*FAROLIM FRT ESQ (AMARELO);0;;
61;1540;103F09351720;1540;103F09351720;CATEGORIA0;;1;1;0;1;;FIAT CINQUECENTO*FAROLIM TRÁS DRT;FIAT CINQUECENTO*FAROLIM TRÁS DRT;0;;
61;1540;103F09351721;1540;103F09351721;CATEGORIA0;;1;1;0;1;;FIAT CINQUECENTO*FAROLIM TRÁS ESQ;FIAT CINQUECENTO*FAROLIM TRÁS ESQ;0;;
61;1540;103F09351960;1540;103F09351960;CATEGORIA0;;1;1;0;1;;FIAT CINQUECENTO- FAROLIM MATRICULA;FIAT CINQUECENTO- FAROLIM MATRICULA;0;;
61;1540;103F09352130;1540;103F09352130;CATEGORIA0;;1;1;0;1;;FIAT CINQUECENTO*FAROLIM FRT DRT (BRANCO);FIAT CINQUECENTO*FAROLIM FRT DRT (BRANCO);0;;
61;1540;103F09352131;1540;103F09352131;CATEGORIA0;;1;1;0;1;;FIAT CINQUECENTO*FAROLIM FRT ESQ (BRANCO);FIAT CINQUECENTO*FAROLIM FRT ESQ (BRANCO);0;;
61;1540;103F09361110;1540;103F09361110;CATEGORIA0;;1;1;0;1;;FIAT PALIO 97-*FAROLIM FRT DRT BRANCO;FIAT PALIO 97-*FAROLIM FRT DRT BRANCO;0;;
61;1540;103F09361111;1540;103F09361111;CATEGORIA0;;1;1;0;1;;FIAT PALIO 97-*FAROLIM FRT ESQ BRANCO;FIAT PALIO 97-*FAROLIM FRT ESQ BRANCO;0;;
61;1540;103F09361301;1540;103F09361301;CATEGORIA0;;1;1;0;1;;FIAT PALIO 97-*FAROLIM LATERAL AMARELO;FIAT PALIO 97-*FAROLIM LATERAL AMARELO;0;;
61;1540;103F09361750;1540;103F09361750;CATEGORIA0;;1;1;0;1;;FIAT PALIO 99-01*FAROLIM TRÁS DRT (SW);FIAT PALIO 99-01*FAROLIM TRÁS DRT (SW);0;;
61;1540;103F09361751;1540;103F09361751;CATEGORIA0;;1;1;0;1;;FIAT PALIO 99-01*FAROLIM TRÁS ESQ (SW);FIAT PALIO 99-01*FAROLIM TRÁS ESQ (SW);0;;
61;1540;103F09374110;1540;103F09374110;CATEGORIA0;;1;1;0;1;;SEAT IBIZA/CORDOBA 93-*PISCA FRT DRT;SEAT IBIZA/CORDOBA 93-*PISCA FRT DRT;0;;
61;1540;103F09374111;1540;103F09374111;CATEGORIA0;;1;1;0;1;;SEAT IBIZA/CORDOBA 93-*PISCA FRT ESQ;SEAT IBIZA/CORDOBA 93-*PISCA FRT ESQ;0;;
61;1540;103F09374770;1540;103F09374770;CATEGORIA0;;1;1;0;1;;SEAT IBIZA 93-*FAROLIM TRÁS DRT (FUMADO)(HELLA);SEAT IBIZA 93-*FAROLIM TRÁS DRT (FUMADO)(HELLA);0;;
61;1540;103F09374771;1540;103F09374771;CATEGORIA0;;1;1;0;1;;SEAT IBIZA 93-*FAROLIM TRÁS ESQ FUMADO (HELLA);SEAT IBIZA 93-*FAROLIM TRÁS ESQ FUMADO (HELLA);0;;
61;1540;103F09375110;1540;103F09375110;CATEGORIA0;;1;1;0;1;;SEAT IBIZA/CADDY/CORDOBA 97-*FAROLIM F/DR BRANC0;SEAT IBIZA/CADDY/CORDOBA 97-*FAROLIM F/DR BRANC0;0;;
61;1540;103F09375111;1540;103F09375111;CATEGORIA0;;1;1;0;1;;SEAT IBIZA/CADDY/CORDOBA 97-*FAROLIM F/ES BRANCO;SEAT IBIZA/CADDY/CORDOBA 97-*FAROLIM F/ES BRANCO;0;;
61;1540;103F09381100;1540;103F09381100;CATEGORIA0;;1;1;0;1;;FIAT SEICENTO 98-*FAROLIM.FR.DRT.AMARELO;FIAT SEICENTO 98-*FAROLIM.FR.DRT.AMARELO;0;;
61;1540;103F09381101;1540;103F09381101;CATEGORIA0;;1;1;0;1;;FIAT SEICENTO 98-*FAROLIM FRT ESQ (AMARELO);FIAT SEICENTO 98-*FAROLIM FRT ESQ (AMARELO);0;;
61;1540;103F09381111;1540;103F09381111;CATEGORIA0;;1;1;0;1;;FIAT SEICENTO 98-*FAROLIM FRT ESQ (BRANCO);FIAT SEICENTO 98-*FAROLIM FRT ESQ (BRANCO);0;;
61;1540;103F09381210;1540;103F09381210;CATEGORIA0;;1;1;0;1;;FIAT SEICENTO 00-*FAROLIM FRT DRT (BRANCO);FIAT SEICENTO 00-*FAROLIM FRT DRT (BRANCO);0;;
61;1540;103F09381211;1540;103F09381211;CATEGORIA0;;1;1;0;1;;FIAT SEICENTO 00-*FAROLIM FRT ESQ.;FIAT SEICENTO 00-*FAROLIM FRT ESQ.;0;;
61;1540;103F09381301;1540;103F09381301;CATEGORIA0;;1;1;0;1;;FIAT SEICENTO 98-*FAROLIM LAT DRT/ESQ (AMARELO);FIAT SEICENTO 98-*FAROLIM LAT DRT/ESQ (AMARELO);0;;
61;1540;103F09381321;1540;103F09381321;CATEGORIA0;;1;1;0;1;;FIAT SEICENTO 00-*FAROLIM LATERAL BRANCO;FIAT SEICENTO 00-*FAROLIM LATERAL BRANCO;0;;
61;1540;103F09381770;1540;103F09381770;CATEGORIA0;;1;1;0;1;;FIAT SEICENTO 98-*FAROLIM TRÁS DRT;FIAT SEICENTO 98-*FAROLIM TRÁS DRT;0;;
61;1540;103F09381771;1540;103F09381771;CATEGORIA0;;1;1;0;1;;FIAT SEICENTO 98-*FAROLIM TRÁS ESQ;FIAT SEICENTO 98-*FAROLIM TRÁS ESQ;0;;
61;1540;103F09381960;1540;103F09381960;CATEGORIA0;;1;1;0;1;;FIAT SEICENTO 98-*FAROLIM MATRICULA;FIAT SEICENTO 98-*FAROLIM MATRICULA;0;;
61;1540;103F09401110;1540;103F09401110;CATEGORIA0;;1;1;0;1;;FIAT SCUDO/JUMPY/EXPERT*FAROLIM FRT DRT;FIAT SCUDO/JUMPY/EXPERT*FAROLIM FRT DRT;0;;
61;1540;103F09401111;1540;103F09401111;CATEGORIA0;;1;1;0;1;;FIAT SCUDO/JUMPY/EXPERT*FAROLIM FRT ESQ;FIAT SCUDO/JUMPY/EXPERT*FAROLIM FRT ESQ;0;;
61;1540;103F09401770;1540;103F09401770;CATEGORIA0;;1;1;0;1;;FIAT SCUDO/JUMPY/EXPERT 96-/03-*FAROLIM TRÁS DRT;FIAT SCUDO/JUMPY/EXPERT 96-/03-*FAROLIM TRÁS DRT;0;;
61;1540;103F09401771;1540;103F09401771;CATEGORIA0;;1;1;0;1;;FIAT SCUDO/JUMPY/EXPERT 96-/03-*FAROLIM TRÁS ESQ;FIAT SCUDO/JUMPY/EXPERT 96-/03-*FAROLIM TRÁS ESQ;0;;
61;1540;103F09401960;1540;103F09401960;CATEGORIA0;;1;1;0;1;;FAROLIM MATR.;FAROLIM MATR.;0;;
61;1540;103F09410900;1540;103F09410900;CATEGORIA0;;1;1;0;1;;FIAT STILO 3/5P 01-03*TERCEIRA LUZ STOP;FIAT STILO 3/5P 01-03*TERCEIRA LUZ STOP;0;;
61;1540;103F09410960;1540;103F09410960;CATEGORIA0;;1;1;0;1;;FIAT STILO 3/5P 01-07*FAROLIM MATRICULA;FIAT STILO 3/5P 01-07*FAROLIM MATRICULA;0;;
61;1540;103F09430301;1540;103F09430301;CATEGORIA0;;1;1;0;1;;FIAT DUCATO/JUMPER 2002.03-*FAROLIM LAT DRT/ESQ RUGOSO(AMARE;FIAT DUCATO/JUMPER 2002.03-*FAROLIM LAT DRT/ESQ RUGOSO(AMARE;0;;
61;1540;103F09430302;1540;103F09430302;CATEGORIA0;;1;1;0;1;;FIAT DUCATO/JUMPER 2001-2002-*FAROLIM LAT DRT/ESQ LISO(AMARE;FIAT DUCATO/JUMPER 2001-2002-*FAROLIM LAT DRT/ESQ LISO(AMARE;0;;
61;1540;103F09431500;1540;103F09431500;CATEGORIA0;;1;1;0;1;;FIAT STILO 01-03*FAROLIM TRÁS DRT (CANTO 5P);FIAT STILO 01-03*FAROLIM TRÁS DRT (CANTO 5P);0;;
61;1540;103F09431501;1540;103F09431501;CATEGORIA0;;1;1;0;1;;FIAT STILO 01-03*FAROLIM TRÁS ESQ (CANTO 5P);FIAT STILO 01-03*FAROLIM TRÁS ESQ (CANTO 5P);0;;
61;1540;103F09431502;1540;103F09431502;CATEGORIA0;;1;1;0;1;;FIAT STILO 01-03*FAROLIM TRÁS DRT (MALA 5P);FIAT STILO 01-03*FAROLIM TRÁS DRT (MALA 5P);0;;
61;1540;103F09431503;1540;103F09431503;CATEGORIA0;;1;1;0;1;;FIAT STILO 01-03*FAROLIM TRÁS ESQ (MALA 5P);FIAT STILO 01-03*FAROLIM TRÁS ESQ (MALA 5P);0;;
61;1540;103F09432331;1540;103F09432331;CATEGORIA0;;1;1;0;1;;GRANDE PUNTO 05-/PANDA 03-/IDEA*FAROLIM LAT.;GRANDE PUNTO 05-/PANDA 03-/IDEA*FAROLIM LAT.;0;;
61;1540;103F09433750;1540;103F09433750;CATEGORIA0;;1;1;0;1;;FIAT STILO 5P 03-*FAROLIM TRÁS DRT (CANTO);FIAT STILO 5P 03-*FAROLIM TRÁS DRT (CANTO);0;;
61;1540;103F09433751;1540;103F09433751;CATEGORIA0;;1;1;0;1;;FIAT STILO 5P 03-*FAROLIM TRÁS ESQ (CANTO);FIAT STILO 5P 03-*FAROLIM TRÁS ESQ (CANTO);0;;
61;1540;103F09441724;1540;103F09441724;CATEGORIA0;;1;1;0;1;;FIAT IDEA 04-*FAROLIM TRÁS DRT;FIAT IDEA 04-*FAROLIM TRÁS DRT;0;;
61;1540;103F09441725;1540;103F09441725;CATEGORIA0;;1;1;0;1;;FIAT IDEA 04-*FAROLIM TRÁS ESQ;FIAT IDEA 04-*FAROLIM TRÁS ESQ;0;;
61;1540;103F09441770;1540;103F09441770;CATEGORIA0;;1;1;0;1;;FIAT PANDA 03-*FAROLIM TRÁS DRT (CORPO VERMELHO);FIAT PANDA 03-*FAROLIM TRÁS DRT (CORPO VERMELHO);0;;
61;1540;103F09441771;1540;103F09441771;CATEGORIA0;;1;1;0;1;;FIAT PANDA 03-*FAROLIM TRÁS ESQ (CORPO VERMELHO);FIAT PANDA 03-*FAROLIM TRÁS ESQ (CORPO VERMELHO);0;;
61;1540;103F09441780;1540;103F09441780;CATEGORIA0;;1;1;0;1;;FIAT PANDA 06-*FAROLIM TRÁS DRT (CORPO NEGRO);FIAT PANDA 06-*FAROLIM TRÁS DRT (CORPO NEGRO);0;;
61;1540;103F09441781;1540;103F09441781;CATEGORIA0;;1;1;0;1;;FIAT PANDA 06-*FAROLIM TRÁS ESQ (CORPO NEGRO);FIAT PANDA 06-*FAROLIM TRÁS ESQ (CORPO NEGRO);0;;
61;1540;103F09450131;1540;103F09450131;CATEGORIA0;;1;1;0;1;;FAROLIM FRT. ESQ. FIAT PALIO 01-;FAROLIM FRT. ESQ. FIAT PALIO 01-;0;;
61;1540;103F09481310;1540;103F09481310;CATEGORIA0;;1;1;0;1;;FIAT DOBLO 05-/PANDA 06-/STILO*FAROLIM LAT DRT/ESQ;FIAT DOBLO 05-/PANDA 06-/STILO*FAROLIM LAT DRT/ESQ;0;;
61;1540;103F09481770;1540;103F09481770;CATEGORIA0;;1;1;0;1;;FIAT DOBLO 05-*FAROLIM TRÁS DTO;FIAT DOBLO 05-*FAROLIM TRÁS DTO;0;;
61;1540;103F09481771;1540;103F09481771;CATEGORIA0;;1;1;0;1;;FIAT DOBLO 05-*FAROLIM TRÁS ESQ;FIAT DOBLO 05-*FAROLIM TRÁS ESQ;0;;
61;1540;103F09491380;1540;103F09491380;CATEGORIA0;;1;1;0;1;;FIAT GRANDE PUNTO 05-/MITO 09-*FAROLIM NEV. TRÁS DRT;FIAT GRANDE PUNTO 05-/MITO 09-*FAROLIM NEV. TRÁS DRT;0;;
61;1540;103F09491381;1540;103F09491381;CATEGORIA0;;1;1;0;1;;FIAT GRANDE PUNTO 05-/MITO 09-*FAROLIM NEVOEIRO TRÁS ESQ;FIAT GRANDE PUNTO 05-/MITO 09-*FAROLIM NEVOEIRO TRÁS ESQ;0;;
61;1540;103F09491770;1540;103F09491770;CATEGORIA0;;1;1;0;1;;FIAT GRANDE PUNTO 05-*FAROLIM TRÁS DRT;FIAT GRANDE PUNTO 05-*FAROLIM TRÁS DRT;0;;
61;1540;103F09491771;1540;103F09491771;CATEGORIA0;;1;1;0;1;;FIAT GRANDE PUNTO 05-*FAROLIM TRÁS ESQ;FIAT GRANDE PUNTO 05-*FAROLIM TRÁS ESQ;0;;
61;1540;103F09510310;1540;103F09510310;CATEGORIA0;;1;1;0;1;;FIAT BRAVO/MITO 07-*FAROLIM LAT DRT/ESQ;FIAT BRAVO/MITO 07-*FAROLIM LAT DRT/ESQ;0;;
61;1540;103F09510380;1540;103F09510380;CATEGORIA0;;1;1;0;1;;FIAT BRAVO 07-*FAROL NEVOEIRO TRÁS DRT (BRANCO);FIAT BRAVO 07-*FAROL NEVOEIRO TRÁS DRT (BRANCO);0;;
61;1540;103F09510381;1540;103F09510381;CATEGORIA0;;1;1;0;1;;FIAT BRAVO 07-*FAROL NEVOEIRO TRÁS ESQ (VERMELHO);FIAT BRAVO 07-*FAROL NEVOEIRO TRÁS ESQ (VERMELHO);0;;
61;1540;103F09510770;1540;103F09510770;CATEGORIA0;;1;1;0;1;;FIAT BRAVO 07-*FAROLIM TRÁS DRT;FIAT BRAVO 07-*FAROLIM TRÁS DRT;0;;
61;1540;103F09510771;1540;103F09510771;CATEGORIA0;;1;1;0;1;;BRAVO 07- FAROLIM TRÁS ESQ.;BRAVO 07- FAROLIM TRÁS ESQ.;0;;
61;1540;103F09520301;1540;103F09520301;CATEGORIA0;;1;1;0;1;;IVECO DAILY/DAF 06-*FAROLIM LAT AMAR CX AB DRT/ESQ;IVECO DAILY/DAF 06-*FAROLIM LAT AMAR CX AB DRT/ESQ;0;;
61;1540;103F09520302;1540;103F09520302;CATEGORIA0;;1;1;0;1;;FAROLIM LATERAL DTO./ESQ.;FAROLIM LATERAL DTO./ESQ.;0;;
61;1540;103F09520340;1540;103F09520340;CATEGORIA0;;1;1;0;1;;IVECO DAILY 06-*FAROLIM LAT DRT(ESPELHO);IVECO DAILY 06-*FAROLIM LAT DRT(ESPELHO);0;;
61;1540;103F09520341;1540;103F09520341;CATEGORIA0;;1;1;0;1;;IVECO DAILY 06-*FAROLIM LAT ESQ (ESPELHO);IVECO DAILY 06-*FAROLIM LAT ESQ (ESPELHO);0;;
61;1540;103F09520770;1540;103F09520770;CATEGORIA0;;1;1;0;1;;IVECO DAILY 06-*FAROLIM TRÁS DRT CX FECHADA;IVECO DAILY 06-*FAROLIM TRÁS DRT CX FECHADA;0;;
61;1540;103F09520771;1540;103F09520771;CATEGORIA0;;1;1;0;1;;IVECO DAILY 06-*FAROLIM TRÁS ESQ. CX FECH.;IVECO DAILY 06-*FAROLIM TRÁS ESQ. CX FECH.;0;;
61;1540;103F09520772;1540;103F09520772;CATEGORIA0;;1;1;0;1;;IVECO DAILY 06-*FAROLIM TRÁS DRT CX ABERTA;IVECO DAILY 06-*FAROLIM TRÁS DRT CX ABERTA;0;;
61;1540;103F09520773;1540;103F09520773;CATEGORIA0;;1;1;0;1;;IVECO DAILY 06-*FAROLIM TRÁS ESQ CX ABERTA;IVECO DAILY 06-*FAROLIM TRÁS ESQ CX ABERTA;0;;
61;1540;103F09520774;1540;103F09520774;CATEGORIA0;;1;1;0;1;;IVECO DAILY 06-*V/FAROLIM TR DRT CX ABER;IVECO DAILY 06-*V/FAROLIM TR DRT CX ABER;0;;
61;1540;103F09520775;1540;103F09520775;CATEGORIA0;;1;1;0;1;;IVECO DAILY 06-*V/FAROLIM TR ESQ CX ABER;IVECO DAILY 06-*V/FAROLIM TR ESQ CX ABER;0;;
61;1540;103F09520960;1540;103F09520960;CATEGORIA0;;1;1;0;1;;IVECO DAILY 2000.04-*FAROLIM MATRICULA COMPLETO;IVECO DAILY 2000.04-*FAROLIM MATRICULA COMPLETO;0;;
61;1540;103F09531340;1540;103F09531340;CATEGORIA0;;1;1;0;1;;FAROLIM LAT. DTO. BRANCO;FAROLIM LAT. DTO. BRANCO;0;;
61;1540;103F09531341;1540;103F09531341;CATEGORIA0;;1;1;0;1;;FAROLIM LAT. ESQ. BRANCO;FAROLIM LAT. ESQ. BRANCO;0;;
61;1540;103F09531342;1540;103F09531342;CATEGORIA0;;1;1;0;1;;FIAT DUC/JUM/BOX 06-*FAROLIM LAT DRT LUZ/AMAR(ESP);FIAT DUC/JUM/BOX 06-*FAROLIM LAT DRT LUZ/AMAR(ESP);0;;
61;1540;103F09531343;1540;103F09531343;CATEGORIA0;;1;1;0;1;;FIAT DUC/JUM/BOX 06-*FAROLIM LAT ESQ LUZ/AMAR(ESP);FIAT DUC/JUM/BOX 06-*FAROLIM LAT ESQ LUZ/AMAR(ESP);0;;
61;1540;103F09531380;1540;103F09531380;CATEGORIA0;;1;1;0;1;;FIAT DUCATO/JUMPER/BOXER 06-*REFLETOR CANTO P/CH TRÁS DRT(MO;FIAT DUCATO/JUMPER/BOXER 06-*REFLETOR CANTO P/CH TRÁS DRT(MO;0;;
61;1540;103F09531381;1540;103F09531381;CATEGORIA0;;1;1;0;1;;FIAT DUCATO/JUMPER/BOXER 06-*REFLETOR CANTO P/CH TRÁS ESQ(M);FIAT DUCATO/JUMPER/BOXER 06-*REFLETOR CANTO P/CH TRÁS ESQ(M);0;;
61;1540;103F09531382;1540;103F09531382;CATEGORIA0;;1;1;0;1;;REFLETOR CANTO;REFLETOR CANTO;0;;
61;1540;103F09531770;1540;103F09531770;CATEGORIA0;;1;1;0;1;;FIAT DUCATO/JUMPER/BOXER 06-*FAROLIM TRÁS DRT;FIAT DUCATO/JUMPER/BOXER 06-*FAROLIM TRÁS DRT;0;;
61;1540;103F09531771;1540;103F09531771;CATEGORIA0;;1;1;0;1;;FIAT DUCATO/JUMPER/BOXER 06-*FAROLIM TRÁS ESQ;FIAT DUCATO/JUMPER/BOXER 06-*FAROLIM TRÁS ESQ;0;;
61;1540;103F09531772;1540;103F09531772;CATEGORIA0;;1;1;0;1;;FIAT DUCATO/JUMP/BOX 94-*FAROLIM TR DRT (CX AB);FIAT DUCATO/JUMP/BOX 94-*FAROLIM TR DRT (CX AB);0;;
61;1540;103F09531773;1540;103F09531773;CATEGORIA0;;1;1;0;1;;FIAT DUCATO/JUMP/BOX 94-*FAROLIM TR ESQ (CX AB);FIAT DUCATO/JUMP/BOX 94-*FAROLIM TR ESQ (CX AB);0;;
61;1540;103F09531774;1540;103F09531774;CATEGORIA0;;1;1;0;1;;FIAT DUCATO/JUM/BOX 94-*V/FAROLIM TR DRT (CX AB);FIAT DUCATO/JUM/BOX 94-*V/FAROLIM TR DRT (CX AB);0;;
61;1540;103F09531775;1540;103F09531775;CATEGORIA0;;1;1;0;1;;FIAT DUCATO/JUM/BOX 94-*V/FAROLIM TR ESQ (CX AB);FIAT DUCATO/JUM/BOX 94-*V/FAROLIM TR ESQ (CX AB);0;;
61;1540;103F09531900;1540;103F09531900;CATEGORIA0;;1;1;0;1;;FIAT DUCATO/JUMPER/BOXER 06-*TERCEIRA LUZ STOP (LED);FIAT DUCATO/JUMPER/BOXER 06-*TERCEIRA LUZ STOP (LED);0;;
61;1540;103F09531960;1540;103F09531960;CATEGORIA0;;1;1;0;1;;FAROLIM MATRICULA;FAROLIM MATRICULA;0;;
61;1540;103F09541380;1540;103F09541380;CATEGORIA0;;1;1;0;1;;FIAT SCUDO/JUMPY/EXP/206(SW) 2007-*REFLETOR DRT P/CH TRÁS;FIAT SCUDO/JUMPY/EXP/206(SW) 2007-*REFLETOR DRT P/CH TRÁS;0;;
61;1540;103F09541381;1540;103F09541381;CATEGORIA0;;1;1;0;1;;FIAT SCUDO/JUMPY/EXP/206(SW) 2007-*REFLETOR ESQ P/CH TRÁS;FIAT SCUDO/JUMPY/EXP/206(SW) 2007-*REFLETOR ESQ P/CH TRÁS;0;;
61;1540;103F09541770;1540;103F09541770;CATEGORIA0;;1;1;0;1;;FIAT SCUDO/JUMPY/EXP 2007-*FAROLIM TRÁS DRT;FIAT SCUDO/JUMPY/EXP 2007-*FAROLIM TRÁS DRT;0;;
61;1540;103F09541771;1540;103F09541771;CATEGORIA0;;1;1;0;1;;FIAT SCUDO/JUMPY/EXP 2007-*FAROLIM TRÁS ESQ;FIAT SCUDO/JUMPY/EXP 2007-*FAROLIM TRÁS ESQ;0;;
61;1540;103F09571770;1540;103F09571770;CATEGORIA0;;1;1;0;1;;FIAT LINEA 2007-*FAROLIM TRÁS DRT;FIAT LINEA 2007-*FAROLIM TRÁS DRT;0;;
61;1540;103F09571771;1540;103F09571771;CATEGORIA0;;1;1;0;1;;FIAT LINEA 2007-*FAROLIM TRÁS ESQ;FIAT LINEA 2007-*FAROLIM TRÁS ESQ;0;;
61;1540;103F09581310;1540;103F09581310;CATEGORIA0;;1;1;0;1;;FIAT 500/YPSILON 07-*FAROLIM LAT DRT/ESQ;FIAT 500/YPSILON 07-*FAROLIM LAT DRT/ESQ;0;;
61;1540;103F09581770;1540;103F09581770;CATEGORIA0;;1;1;0;1;;FIAT 500 07-*FAROLIM TRÁS DRT;FIAT 500 07-*FAROLIM TRÁS DRT;0;;
61;1540;103F09581771;1540;103F09581771;CATEGORIA0;;1;1;0;1;;FIAT 500 07-*FAROLIM TRÁS ESQ;FIAT 500 07-*FAROLIM TRÁS ESQ;0;;
61;1540;103F09581772;1540;103F09581772;CATEGORIA0;;1;1;0;1;;FIAT 500 12-*FAROLIM TRÁS DRT (MOD SPORT);FIAT 500 12-*FAROLIM TRÁS DRT (MOD SPORT);0;;
61;1540;103F09581773;1540;103F09581773;CATEGORIA0;;1;1;0;1;;FIAT 500 12-*FAROLIM TRÁS ESQ (MOD SPORT);FIAT 500 12-*FAROLIM TRÁS ESQ (MOD SPORT);0;;
61;1540;103F09581774;1540;103F09581774;CATEGORIA0;;1;1;0;1;;FIAT 500 13-*FAROLIM TRÁS DRT (CABRIO);FIAT 500 13-*FAROLIM TRÁS DRT (CABRIO);0;;
61;1540;103F09581775;1540;103F09581775;CATEGORIA0;;1;1;0;1;;FIAT 500 13-*FAROLIM TRÁS ESQ (CABRIO);FIAT 500 13-*FAROLIM TRÁS ESQ (CABRIO);0;;
61;1540;103F09581776;1540;103F09581776;CATEGORIA0;;1;1;0;1;;FIAT 500 09-*FAROLIM TRÁS DRT (CABRIO);FIAT 500 09-*FAROLIM TRÁS DRT (CABRIO);0;;
61;1540;103F09581777;1540;103F09581777;CATEGORIA0;;1;1;0;1;;FIAT 500 09-*FAROLIM TRÁS ESQ (CABRIO);FIAT 500 09-*FAROLIM TRÁS ESQ (CABRIO);0;;
61;1540;103F09591130;1540;103F09591130;CATEGORIA0;;1;1;0;1;;FIAT PUNTO EVO 09-*FAROLIM FRT ESQ;FIAT PUNTO EVO 09-*FAROLIM FRT ESQ;0;;
61;1540;103F09591131;1540;103F09591131;CATEGORIA0;;1;1;0;1;;FIAT PUNTO EVO 09-*FAROLIM FRT ESQ;FIAT PUNTO EVO 09-*FAROLIM FRT ESQ;0;;
61;1540;103F09591380;1540;103F09591380;CATEGORIA0;;1;1;0;1;;FIAT PUNTO EVO 09-*FAROLIM NEV P/CH TRÁS DTO;FIAT PUNTO EVO 09-*FAROLIM NEV P/CH TRÁS DTO;0;;
61;1540;103F09591381;1540;103F09591381;CATEGORIA0;;1;1;0;1;;FIAT PUNTO EVO 09-*FAROLIM NEV P/CH TRÁS ESQ;FIAT PUNTO EVO 09-*FAROLIM NEV P/CH TRÁS ESQ;0;;
61;1540;103F09591770;1540;103F09591770;CATEGORIA0;;1;1;0;1;;FIAT PUNTO EVO 09-*FAROLIM TRÁS DRT (FUMADO LED);FIAT PUNTO EVO 09-*FAROLIM TRÁS DRT (FUMADO LED);0;;
61;1540;103F09591771;1540;103F09591771;CATEGORIA0;;1;1;0;1;;FIAT PUNTO EVO 09-*FAROLIM TRÁS ESQ (FUMADO LED);FIAT PUNTO EVO 09-*FAROLIM TRÁS ESQ (FUMADO LED);0;;
61;1540;103F09591772;1540;103F09591772;CATEGORIA0;;1;1;0;1;;FIAT PUNTO EVO 09-*FAROLIM TRÁS DRT (LED);FIAT PUNTO EVO 09-*FAROLIM TRÁS DRT (LED);0;;
61;1540;103F09591773;1540;103F09591773;CATEGORIA0;;1;1;0;1;;FIAT PUNTO EVO 09-*FAROLIM TRÁS ESQ LED;FIAT PUNTO EVO 09-*FAROLIM TRÁS ESQ LED;0;;
61;1540;103F09591774;1540;103F09591774;CATEGORIA0;;1;1;0;1;;FIAT PUNTO EVO 13-*FAROLIM TRÁS DRT (C/ARO NEGRO LED);FIAT PUNTO EVO 13-*FAROLIM TRÁS DRT (C/ARO NEGRO LED);0;;
61;1540;103F09591775;1540;103F09591775;CATEGORIA0;;1;1;0;1;;FIAT PUNTO EVO 13-*FAROLIM TRÁS ESQ (C/ARO NEGRO LED);FIAT PUNTO EVO 13-*FAROLIM TRÁS ESQ (C/ARO NEGRO LED);0;;
61;1540;103F09630340;1540;103F09630340;CATEGORIA0;;1;1;0;1;;FAROLIM LATERAL;FAROLIM LATERAL;0;;
61;1540;103F09630341;1540;103F09630341;CATEGORIA0;;1;1;0;1;;FAROLIM LATERAL;FAROLIM LATERAL;0;;
61;1540;103F09630380;1540;103F09630380;CATEGORIA0;;1;1;0;1;;REFLECTOR TRÁS DTO.;REFLECTOR TRÁS DTO.;0;;
61;1540;103F09630381;1540;103F09630381;CATEGORIA0;;1;1;0;1;;FIAT DOBLO 10-/COMBO 12*REFLETOR ESQ P/CH TRÁS;FIAT DOBLO 10-/COMBO 12*REFLETOR ESQ P/CH TRÁS;0;;
61;1540;103F09630770;1540;103F09630770;CATEGORIA0;;1;1;0;1;;FIAT DOBLO 10-/COMBO 12*FAROLIM TRÁS DRT 2P;FIAT DOBLO 10-/COMBO 12*FAROLIM TRÁS DRT 2P;0;;
61;1540;103F09630771;1540;103F09630771;CATEGORIA0;;1;1;0;1;;FIAT DOBLO 10-/COMBO 12-*FAROLIM TRÁS ESQ 2P;FIAT DOBLO 10-/COMBO 12-*FAROLIM TRÁS ESQ 2P;0;;
61;1540;103F09630772;1540;103F09630772;CATEGORIA0;;1;1;0;1;;FIAT DOBLO 10-/COMBO 12-*FAROLIM TRÁS DRT (1P);FIAT DOBLO 10-/COMBO 12-*FAROLIM TRÁS DRT (1P);0;;
61;1540;103F09630773;1540;103F09630773;CATEGORIA0;;1;1;0;1;;FIAT DOBLO 10-/COMBO 12-*FAROLIM TRÁS ESQ (1P);FIAT DOBLO 10-/COMBO 12-*FAROLIM TRÁS ESQ (1P);0;;
61;1540;103F09630900;1540;103F09630900;CATEGORIA0;;1;1;0;1;;FIAT DOBLO 10-*TERCEIRA LUZ STOP;FIAT DOBLO 10-*TERCEIRA LUZ STOP;0;;
61;1540;103F09630960;1540;103F09630960;CATEGORIA0;;1;1;0;1;;FIAT DOBLO 10-*FAROLIM MATRICULA;FIAT DOBLO 10-*FAROLIM MATRICULA;0;;
61;1540;103F09671380;1540;103F09671380;CATEGORIA0;;1;1;0;1;;FIAT PANDA 12-*REFLETOR P/CH TRÁS DRT;FIAT PANDA 12-*REFLETOR P/CH TRÁS DRT;0;;
61;1540;103F09671381;1540;103F09671381;CATEGORIA0;;1;1;0;1;;FIAT PANDA 12-*FAROLIM NEVOEIRO P/CH TRÁS ESQ;FIAT PANDA 12-*FAROLIM NEVOEIRO P/CH TRÁS ESQ;0;;
61;1540;103F09671750;1540;103F09671750;CATEGORIA0;;1;1;0;1;;FIAT PANDA 12-*FAROLIM TRÁS DRT;FIAT PANDA 12-*FAROLIM TRÁS DRT;0;;
61;1540;103F09671751;1540;103F09671751;CATEGORIA0;;1;1;0;1;;FIAT PANDA 12-*FAROLIM TRÁS ESQ;FIAT PANDA 12-*FAROLIM TRÁS ESQ;0;;
61;1540;103F09691380;1540;103F09691380;CATEGORIA0;;1;1;0;1;;FIAT 500L 2012.09-*FAROLIM P/CH TRÁS DRT M/ATRAS;FIAT 500L 2012.09-*FAROLIM P/CH TRÁS DRT M/ATRAS;0;;
61;1540;103F09691381;1540;103F09691381;CATEGORIA0;;1;1;0;1;;FIAT 500L 2012.09-*FAROLIM P/CH TRÁS ESQ  NEVOEIRO;FIAT 500L 2012.09-*FAROLIM P/CH TRÁS ESQ  NEVOEIRO;0;;
61;1540;103F09691770;1540;103F09691770;CATEGORIA0;;1;1;0;1;;FIAT 500L 12-*FAROLIM TRÁS DRT (CROMADO)(LED);FIAT 500L 12-*FAROLIM TRÁS DRT (CROMADO)(LED);0;;
61;1540;103F09691771;1540;103F09691771;CATEGORIA0;;1;1;0;1;;FAROLIM TRÁS ESQ.;FAROLIM TRÁS ESQ.;0;;
61;1540;103F09691772;1540;103F09691772;CATEGORIA0;;1;1;0;1;;FIAT 500L 12-*FAROLIM TRÁS DRT (CINZA MATE)(LED);FIAT 500L 12-*FAROLIM TRÁS DRT (CINZA MATE)(LED);0;;
61;1540;103F09691773;1540;103F09691773;CATEGORIA0;;1;1;0;1;;FIAT 500L 12-*FAROLIM TRÁS ESQ (CINZA MATE)(LED);FIAT 500L 12-*FAROLIM TRÁS ESQ (CINZA MATE)(LED);0;;
61;1540;103F09691774;1540;103F09691774;CATEGORIA0;;1;1;0;1;;FIAT 500L 12-*FAROLIM TRÁS DRT (CROMADO)MOD TREKKING/LIVING(;FIAT 500L 12-*FAROLIM TRÁS DRT (CROMADO)MOD TREKKING/LIVING(;0;;
61;1540;103F09691775;1540;103F09691775;CATEGORIA0;;1;1;0;1;;FIAT 500L 12-*FAROLIM TRÁS ESQ (CROMADO)MOD TREKKING/LIVING(;FIAT 500L 12-*FAROLIM TRÁS ESQ (CROMADO)MOD TREKKING/LIVING(;0;;
61;1540;103F09691960;1540;103F09691960;CATEGORIA0;;1;1;0;1;;FIAT 500L 12-*FAROLIM MATRICULA;FIAT 500L 12-*FAROLIM MATRICULA;0;;
61;1540;103F09720770;1540;103F09720770;CATEGORIA0;;1;1;0;1;;FAROLIM TRÁS;FAROLIM TRÁS;0;;
61;1540;103F09720771;1540;103F09720771;CATEGORIA0;;1;1;0;1;;FAROLIM TRÁS;FAROLIM TRÁS;0;;
61;1540;103F09731380;1540;103F09731380;CATEGORIA0;;1;1;0;1;;FIAT 500X 14-*REFLETOR DRT P/CH TRÁS;FIAT 500X 14-*REFLETOR DRT P/CH TRÁS;0;;
61;1540;103F09731381;1540;103F09731381;CATEGORIA0;;1;1;0;1;;FIAT 500X 14-*REFLETOR ESQ P/CH TRÁS;FIAT 500X 14-*REFLETOR ESQ P/CH TRÁS;0;;
61;1540;103F09731770;1540;103F09731770;CATEGORIA0;;1;1;0;1;;FIAT 500X 14-*FAROLIM TRÁS DRT C/ARO CROMADO;FIAT 500X 14-*FAROLIM TRÁS DRT C/ARO CROMADO;0;;
61;1540;103F09731771;1540;103F09731771;CATEGORIA0;;1;1;0;1;;FIAT 500X 14-*FAROLIM TRÁS ESQ C/ARO CROMADO;FIAT 500X 14-*FAROLIM TRÁS ESQ C/ARO CROMADO;0;;
61;1540;103F09740210;1540;103F09740210;CATEGORIA0;;1;1;0;1;;IVECO DAILY 14-*FAROLIM P/CH FRT DRT;IVECO DAILY 14-*FAROLIM P/CH FRT DRT;0;;
61;1540;103F09740211;1540;103F09740211;CATEGORIA0;;1;1;0;1;;FAROLIM PISCA ESQ. DAILY 14-;FAROLIM PISCA ESQ. DAILY 14-;0;;
61;1540;103F09740340;1540;103F09740340;CATEGORIA0;;1;1;0;1;;IVECO DAILY 14-*FAROLIM LAT DRT BRAÇO CURTO(ESPELHO);IVECO DAILY 14-*FAROLIM LAT DRT BRAÇO CURTO(ESPELHO);0;;
61;1540;103F09740341;1540;103F09740341;CATEGORIA0;;1;1;0;1;;FAROLIM LAT. ESQ. ESPELHO DAILY 14-;FAROLIM LAT. ESQ. ESPELHO DAILY 14-;0;;
61;1540;103F09740342;1540;103F09740342;CATEGORIA0;;1;1;0;1;;IVECO DAILY 14-*FAROLIM PRESENCA CABINE DRT (CX/ABERTA);IVECO DAILY 14-*FAROLIM PRESENCA CABINE DRT (CX/ABERTA);0;;
61;1540;103F09740343;1540;103F09740343;CATEGORIA0;;1;1;0;1;;IVECO DAILY 14-*FAROLIM PRESENCA CABINE ESQ (CX/ABERTA);IVECO DAILY 14-*FAROLIM PRESENCA CABINE ESQ (CX/ABERTA);0;;
61;1540;103F09740344;1540;103F09740344;CATEGORIA0;;1;1;0;1;;IVECO DAILY 14-*FAROLIM LAT DRT BRAÇO CURTO FUMADO(ESPELHO);IVECO DAILY 14-*FAROLIM LAT DRT BRAÇO CURTO FUMADO(ESPELHO);0;;
61;1540;103F09740345;1540;103F09740345;CATEGORIA0;;1;1;0;1;;IVECO DAILY 14-*FAROLIM LAT ESQ BRAÇO CURTO FUMADO(ESPELHO);IVECO DAILY 14-*FAROLIM LAT ESQ BRAÇO CURTO FUMADO(ESPELHO);0;;
61;1540;103F09740770;1540;103F09740770;CATEGORIA0;;1;1;0;1;;FAROLIM TRÁS DTO.;FAROLIM TRÁS DTO.;0;;
61;1540;103F09740771;1540;103F09740771;CATEGORIA0;;1;1;0;1;;IVECO DAILY 14-* FAROLIM TRÁS ESQ.;IVECO DAILY 14-* FAROLIM TRÁS ESQ.;0;;
61;1540;103F09750380;1540;103F09750380;CATEGORIA0;;1;1;0;1;;FIAT 500 15-*FAROLIM NEVOEIRO TRÁS DRT;FIAT 500 15-*FAROLIM NEVOEIRO TRÁS DRT;0;;
61;1540;103F09750381;1540;103F09750381;CATEGORIA0;;1;1;0;1;;FIAT 500 15-*FAROLIM NEVOEIRO TRÁS ESQ;FIAT 500 15-*FAROLIM NEVOEIRO TRÁS ESQ;0;;
61;1540;103F09750770;1540;103F09750770;CATEGORIA0;;1;1;0;1;;FIAT 500 15- FAROLIM TRÁS DTO.;FIAT 500 15- FAROLIM TRÁS DTO.;0;;
61;1540;103F09750771;1540;103F09750771;CATEGORIA0;;1;1;0;1;;FIAT 500 15-*FAROLIM TRÁS ESQ;FIAT 500 15-*FAROLIM TRÁS ESQ;0;;
61;1540;103F09761770;1540;103F09761770;CATEGORIA0;;1;1;0;1;;FAROLIM TRÁS DTO;FAROLIM TRÁS DTO;0;;
61;1540;103F09761771;1540;103F09761771;CATEGORIA0;;1;1;0;1;;FAROLIM TRÁS ESQ.;FAROLIM TRÁS ESQ.;0;;
61;1540;103F09761772;1540;103F09761772;CATEGORIA0;;1;1;0;1;;FIAT DOBLO 15-*FAROLIM TRÁS DRT (1P);FIAT DOBLO 15-*FAROLIM TRÁS DRT (1P);0;;
61;1540;103F09761773;1540;103F09761773;CATEGORIA0;;1;1;0;1;;FIAT DOBLO 15-*FAROLIM TRÁS ESQ (1P);FIAT DOBLO 15-*FAROLIM TRÁS ESQ (1P);0;;
61;1540;103F09771380;1540;103F09771380;CATEGORIA0;;1;1;0;1;;FIAT TIPO 2015.10-*FAROLIM NEVOEIRO DRT P/CH TRÁS;FIAT TIPO 2015.10-*FAROLIM NEVOEIRO DRT P/CH TRÁS;0;;
61;1540;103F09771381;1540;103F09771381;CATEGORIA0;;1;1;0;1;;FIAT TIPO 2015.10-*FAROLIM NEVOEIRO ESQ P/CH TRÁS;FIAT TIPO 2015.10-*FAROLIM NEVOEIRO ESQ P/CH TRÁS;0;;
61;1540;103F09771770;1540;103F09771770;CATEGORIA0;;1;1;0;1;;FIAT TIPO 2015.10-*FAROLIM TRÁS DRT CANTO (SW);FIAT TIPO 2015.10-*FAROLIM TRÁS DRT CANTO (SW);0;;
61;1540;103F09771771;1540;103F09771771;CATEGORIA0;;1;1;0;1;;FIAT TIPO 2015.10-*FAROLIM TRÁS ESQ CANTO (SW);FIAT TIPO 2015.10-*FAROLIM TRÁS ESQ CANTO (SW);0;;
61;1540;103F09771772;1540;103F09771772;CATEGORIA0;;1;1;0;1;;FIAT TIPO 2015.10-*FAROLIM TRÁS DRT MEIO (SW);FIAT TIPO 2015.10-*FAROLIM TRÁS DRT MEIO (SW);0;;
61;1540;103F09771773;1540;103F09771773;CATEGORIA0;;1;1;0;1;;FAROLIM TRÁS;FAROLIM TRÁS;0;;
61;1540;103F09771774;1540;103F09771774;CATEGORIA0;;1;1;0;1;;FAROLIM TRÁS;FAROLIM TRÁS;0;;
61;1540;103F09771775;1540;103F09771775;CATEGORIA0;;1;1;0;1;;FIAT TIPO 2015.10-*FAROLIM TRÁS ESQ CANTO(4P);FIAT TIPO 2015.10-*FAROLIM TRÁS ESQ CANTO(4P);0;;
61;1540;103F09781770;1540;103F09781770;CATEGORIA0;;1;1;0;1;;FIAT FREEMONT 11-*FAROLIM TRÁS DRT (CANTO LED);FIAT FREEMONT 11-*FAROLIM TRÁS DRT (CANTO LED);0;;
61;1540;103F09781771;1540;103F09781771;CATEGORIA0;;1;1;0;1;;FIAT FREEMONT 11-*FAROLIM TRÁS ESQ (CANTO LED);FIAT FREEMONT 11-*FAROLIM TRÁS ESQ (CANTO LED);0;;
61;1540;103F10033200;1540;103F10033200;CATEGORIA0;;1;1;0;1;;FORD ESCORT 80-*FAROLIM FRT DRT (AMARELO);FORD ESCORT 80-*FAROLIM FRT DRT (AMARELO);0;;
61;1540;103F10033201;1540;103F10033201;CATEGORIA0;;1;1;0;1;;FORD ESCORT 80-*FAROLIM FRT ESQ (AMARELO);FORD ESCORT 80-*FAROLIM FRT ESQ (AMARELO);0;;
61;1540;103F10062311;1540;103F10062311;CATEGORIA0;;1;1;0;1;;FORD FIESTA/ESCORT 84-*FAROLIM LAT DRT/ESQ;FORD FIESTA/ESCORT 84-*FAROLIM LAT DRT/ESQ;0;;
61;1540;103F10122100;1540;103F10122100;CATEGORIA0;;1;1;0;1;;FORD SIERRA 87-*FAROLIM FRT DRT (AMARELO);FORD SIERRA 87-*FAROLIM FRT DRT (AMARELO);0;;
61;1540;103F10122101;1540;103F10122101;CATEGORIA0;;1;1;0;1;;FORD SIERRA 87-*FAROLIM FRT ESQ (AMARELO);FORD SIERRA 87-*FAROLIM FRT ESQ (AMARELO);0;;
61;1540;103F10122130;1540;103F10122130;CATEGORIA0;;1;1;0;1;;FORD SIERRA 87-*FAROLIM FRT DRT (BRANCO);FORD SIERRA 87-*FAROLIM FRT DRT (BRANCO);0;;
61;1540;103F10122131;1540;103F10122131;CATEGORIA0;;1;1;0;1;;FORD SIERRA 87-*FAROLIM FRT ESQ (BRANCO);FORD SIERRA 87-*FAROLIM FRT ESQ (BRANCO);0;;
61;1540;103F10131200;1540;103F10131200;CATEGORIA0;;1;1;0;1;;FORD ESCORT MK4*FAROLIM FRT DRT;FORD ESCORT MK4*FAROLIM FRT DRT;0;;
61;1540;103F10131201;1540;103F10131201;CATEGORIA0;;1;1;0;1;;FORD ESCORT MK4*FAROLIM FRT ESQ;FORD ESCORT MK4*FAROLIM FRT ESQ;0;;
61;1540;103F10131210;1540;103F10131210;CATEGORIA0;;1;1;0;1;;FAROLIM FRT. DTO. BRANCO;FAROLIM FRT. DTO. BRANCO;0;;
61;1540;103F10131211;1540;103F10131211;CATEGORIA0;;1;1;0;1;;FORD ESCORT MK4*FAROLIM FRT ESQ (BRANCO);FORD ESCORT MK4*FAROLIM FRT ESQ (BRANCO);0;;
61;1540;103F10131311;1540;103F10131311;CATEGORIA0;;1;1;0;1;;FORD FIESTA 89/ESCORT 90*FAROLIM LAT DRT/ESQ (AMARELO);FORD FIESTA 89/ESCORT 90*FAROLIM LAT DRT/ESQ (AMARELO);0;;
61;1540;103F10131960;1540;103F10131960;CATEGORIA0;;1;1;0;1;;FORD FIESTA/ESCO/ORI 84-93*FAROLIM MATRICULA;FORD FIESTA/ESCO/ORI 84-93*FAROLIM MATRICULA;0;;
61;1540;103F10132311;1540;103F10132311;CATEGORIA0;;1;1;0;1;;FORD FIESTA/MONDEO/ESCORT 94/96-*FAROLIM LAT AM;FORD FIESTA/MONDEO/ESCORT 94/96-*FAROLIM LAT AM;0;;
61;1540;103F10151200;1540;103F10151200;CATEGORIA0;;1;1;0;1;;FORD FIESTA 89-*PISCA FRT DRT AMARELO;FORD FIESTA 89-*PISCA FRT DRT AMARELO;0;;
61;1540;103F10151201;1540;103F10151201;CATEGORIA0;;1;1;0;1;;FORD FIESTA 89-*FAROLIM FRT ESQ (AMARELO);FORD FIESTA 89-*FAROLIM FRT ESQ (AMARELO);0;;
61;1540;103F10151714;1540;103F10151714;CATEGORIA0;;1;1;0;1;;FORD FIESTA 89-*FAROLIM TRÁS DRT (AZUL);FORD FIESTA 89-*FAROLIM TRÁS DRT (AZUL);0;;
61;1540;103F10151715;1540;103F10151715;CATEGORIA0;;1;1;0;1;;FORD FIESTA 89-*FAROLIM TRÁS ESQ (AZUL);FORD FIESTA 89-*FAROLIM TRÁS ESQ (AZUL);0;;
61;1540;103F10151728;1540;103F10151728;CATEGORIA0;;1;1;0;1;;FORD FIESTA 89-*FAROLIM TRÁS DRT (BRANCO);FORD FIESTA 89-*FAROLIM TRÁS DRT (BRANCO);0;;
61;1540;103F10151741;1540;103F10151741;CATEGORIA0;;1;1;0;1;;FORD FIESTA 89-*FAROLIM TRÁS ESQ (FUMADO);FORD FIESTA 89-*FAROLIM TRÁS ESQ (FUMADO);0;;
61;1540;103F10152230;1540;103F10152230;CATEGORIA0;;1;1;0;1;;FORD FIESTA 92-*PISCA BR FRT DRT;FORD FIESTA 92-*PISCA BR FRT DRT;0;;
61;1540;103F10152231;1540;103F10152231;CATEGORIA0;;1;1;0;1;;FORD FIESTA 92-*PISCA BR FRT ESQ;FORD FIESTA 92-*PISCA BR FRT ESQ;0;;
61;1540;103F10152971;1540;103F10152971;CATEGORIA0;;1;1;0;1;;FORD FIESTA/KA 96-2002*FAROLIM MATRICULA;FORD FIESTA/KA 96-2002*FAROLIM MATRICULA;0;;
61;1540;103F10161200;1540;103F10161200;CATEGORIA0;;1;1;0;1;;FORD ESCORT 90-*FAROLIM FRT DRT (AMARELO);FORD ESCORT 90-*FAROLIM FRT DRT (AMARELO);0;;
61;1540;103F10161201;1540;103F10161201;CATEGORIA0;;1;1;0;1;;FORD ESCORT 90-*FAROLIM FRT ESQ (AMARELO);FORD ESCORT 90-*FAROLIM FRT ESQ (AMARELO);0;;
61;1540;103F10161210;1540;103F10161210;CATEGORIA0;;1;1;0;1;;FORD ESCORT 90-*PISCA FRT DRT BRANCO;FORD ESCORT 90-*PISCA FRT DRT BRANCO;0;;
61;1540;103F10161211;1540;103F10161211;CATEGORIA0;;1;1;0;1;;FORD ESCORT 90-*PISCA FRT ESQ BRANCO;FORD ESCORT 90-*PISCA FRT ESQ BRANCO;0;;
61;1540;103F10161770;1540;103F10161770;CATEGORIA0;;1;1;0;1;;FORD ESCORT 90-*FAROLIM TRÁS DRT;FORD ESCORT 90-*FAROLIM TRÁS DRT;0;;
61;1540;103F10161771;1540;103F10161771;CATEGORIA0;;1;1;0;1;;FORD ESCORT 90-*FAROLIM TRÁS ESQ;FORD ESCORT 90-*FAROLIM TRÁS ESQ;0;;
61;1540;103F10162311;1540;103F10162311;CATEGORIA0;;1;1;0;1;;FAROLIM LAT. AMAR. ESCORT/MONDEO 95-;FAROLIM LAT. AMAR. ESCORT/MONDEO 95-;0;;
61;1540;103F10162710;1540;103F10162710;CATEGORIA0;;1;1;0;1;;FORD ESCORT 90-*FAROLIM TRÁS DRT (VAN);FORD ESCORT 90-*FAROLIM TRÁS DRT (VAN);0;;
61;1540;103F10162711;1540;103F10162711;CATEGORIA0;;1;1;0;1;;FORD ESCORT 90-*FAROLIM TRÁS ESQ (VAN);FORD ESCORT 90-*FAROLIM TRÁS ESQ (VAN);0;;
61;1540;103F10171720;1540;103F10171720;CATEGORIA0;;1;1;0;1;;FORD FIESTA 96-*FAROLIM TRÁS DRT;FORD FIESTA 96-*FAROLIM TRÁS DRT;0;;
61;1540;103F10171721;1540;103F10171721;CATEGORIA0;;1;1;0;1;;FORD FIESTA 96-*FAROLIM TRÁS ESQ;FORD FIESTA 96-*FAROLIM TRÁS ESQ;0;;
61;1540;103F10173311;1540;103F10173311;CATEGORIA0;;1;1;0;1;;FORD FIESTA 02-*FAROLIM LAT DRT/ESQ (AMARELO);FORD FIESTA 02-*FAROLIM LAT DRT/ESQ (AMARELO);0;;
61;1540;103F10174331;1540;103F10174331;CATEGORIA0;;1;1;0;1;;FORD FIESTA 02-*FAROLIM LAT DRT/ESQ (BRANCO);FORD FIESTA 02-*FAROLIM LAT DRT/ESQ (BRANCO);0;;
61;1540;103F10201200;1540;103F10201200;CATEGORIA0;;1;1;0;1;;FORD TRANSIT 86-*FAROLIM FRT DRT;FORD TRANSIT 86-*FAROLIM FRT DRT;0;;
61;1540;103F10201201;1540;103F10201201;CATEGORIA0;;1;1;0;1;;FORD TRANSIT 86-*PISCA FRENTE ESQ;FORD TRANSIT 86-*PISCA FRENTE ESQ;0;;
61;1540;103F10201770;1540;103F10201770;CATEGORIA0;;1;1;0;1;;FORD TRANSIT 86-*FAROLIM TRÁS DRT;FORD TRANSIT 86-*FAROLIM TRÁS DRT;0;;
61;1540;103F10201771;1540;103F10201771;CATEGORIA0;;1;1;0;1;;FORD TRANSIT 86-*FAROLIM TRÁS ESQ;FORD TRANSIT 86-*FAROLIM TRÁS ESQ;0;;
61;1540;103F10202100;1540;103F10202100;CATEGORIA0;;1;1;0;1;;FORD TRANSIT 91-*PISCA FRT DRT;FORD TRANSIT 91-*PISCA FRT DRT;0;;
61;1540;103F10202101;1540;103F10202101;CATEGORIA0;;1;1;0;1;;FORD TRANSIT 91-*PISCA FRT ESQ;FORD TRANSIT 91-*PISCA FRT ESQ;0;;
61;1540;103F10211210;1540;103F10211210;CATEGORIA0;;1;1;0;1;;FORD MONDEO 93-*FAROLIM FRT DRT;FORD MONDEO 93-*FAROLIM FRT DRT;0;;
61;1540;103F10211211;1540;103F10211211;CATEGORIA0;;1;1;0;1;;FORD MONDEO 93-*FAROLIM FRT ESQ;FORD MONDEO 93-*FAROLIM FRT ESQ;0;;
61;1540;103F10221200;1540;103F10221200;CATEGORIA0;;1;1;0;1;;FORD FOCUS 98-*FAROLIM FRT DRT S/CASQ AM;FORD FOCUS 98-*FAROLIM FRT DRT S/CASQ AM;0;;
61;1540;103F10221201;1540;103F10221201;CATEGORIA0;;1;1;0;1;;FORD FOCUS 98-*FAROLIM FRT ESQ (S/CASQUILHO)(AMARELO);FORD FOCUS 98-*FAROLIM FRT ESQ (S/CASQUILHO)(AMARELO);0;;
61;1540;103F10221301;1540;103F10221301;CATEGORIA0;;1;1;0;1;;FORD FOCUS 98-/02-/MONDEO 00-*FAROLIM LAT DRT/ESQ (BRANCO);FORD FOCUS 98-/02-/MONDEO 00-*FAROLIM LAT DRT/ESQ (BRANCO);0;;
61;1540;103F10221311;1540;103F10221311;CATEGORIA0;;1;1;0;1;;FORD FOCUS 98-/02-/MONDEO 00-*FAROLIM LAT DRT/ESQ (AMARELO);FORD FOCUS 98-/02-/MONDEO 00-*FAROLIM LAT DRT/ESQ (AMARELO);0;;
61;1540;103F10221341;1540;103F10221341;CATEGORIA0;;1;1;0;1;;FORD FOCUS 98-*KIT FAROLINS LAT DRT/ESQ (BRANCO LISO);FORD FOCUS 98-*KIT FAROLINS LAT DRT/ESQ (BRANCO LISO);0;;
61;1540;103F10221710;1540;103F10221710;CATEGORIA0;;1;1;0;1;;FORD FOCUS 98-*FAROLIM TRÁS DRT (SW);FORD FOCUS 98-*FAROLIM TRÁS DRT (SW);0;;
61;1540;103F10221711;1540;103F10221711;CATEGORIA0;;1;1;0;1;;FORD FOCUS 98-*FAROLIM TRÁS ESQ (SW);FORD FOCUS 98-*FAROLIM TRÁS ESQ (SW);0;;
61;1540;103F10221720;1540;103F10221720;CATEGORIA0;;1;1;0;1;;FORD FOCUS 98-*FAROLIM TRÁS DRT (4P);FORD FOCUS 98-*FAROLIM TRÁS DRT (4P);0;;
61;1540;103F10221721;1540;103F10221721;CATEGORIA0;;1;1;0;1;;FORD FOCUS 98-*FAROLIM TRÁS ESQ (4P);FORD FOCUS 98-*FAROLIM TRÁS ESQ (4P);0;;
61;1540;103F10221770TU;1540;103F10221770TU;CATEGORIA0;;1;1;0;1;;FORD FOCUS 98-*KIT FAROLINS TRÁS (CRISTAL TUNING 3/5P);FORD FOCUS 98-*KIT FAROLINS TRÁS (CRISTAL TUNING 3/5P);0;;
61;1540;103F10231130;1540;103F10231130;CATEGORIA0;;1;1;0;1;;FORD GALAXY/SHARA/AL 95-*FAROLIM FRT DR;FORD GALAXY/SHARA/AL 95-*FAROLIM FRT DR;0;;
61;1540;103F10231131;1540;103F10231131;CATEGORIA0;;1;1;0;1;;FORD GALAXY/SHARA/AL 95-*FAROLIM FRT ESQ;FORD GALAXY/SHARA/AL 95-*FAROLIM FRT ESQ;0;;
61;1540;103F10231960;1540;103F10231960;CATEGORIA0;;1;1;0;1;;FORD GALAXY 2000.05-*FAROLIM MATRICULA;FORD GALAXY 2000.05-*FAROLIM MATRICULA;0;;
61;1540;103F10241770;1540;103F10241770;CATEGORIA0;;1;1;0;1;;FORD KA *FAROLIM TRÁS DRT;FORD KA *FAROLIM TRÁS DRT;0;;
61;1540;103F10241771;1540;103F10241771;CATEGORIA0;;1;1;0;1;;FORD KA *FAROLIM TRÁS ESQ;FORD KA *FAROLIM TRÁS ESQ;0;;
61;1540;103F10251770;1540;103F10251770;CATEGORIA0;;1;1;0;1;;FORD TRANSIT 00-*STOP DRT.;FORD TRANSIT 00-*STOP DRT.;0;;
61;1540;103F10251771;1540;103F10251771;CATEGORIA0;;1;1;0;1;;FORD TRANSIT 00-*STOP ESQ;FORD TRANSIT 00-*STOP ESQ;0;;
61;1540;103F10251960;1540;103F10251960;CATEGORIA0;;1;1;0;1;;FORD TRANSIT 00- FAROLIM MATR.;FORD TRANSIT 00- FAROLIM MATR.;0;;
61;1540;103F10261380;1540;103F10261380;CATEGORIA0;;1;1;0;1;;FORD FOCUS 98-08*FAROLIM DE M-ATRAS(P/CH)TRAS DRT;FORD FOCUS 98-08*FAROLIM DE M-ATRAS(P/CH)TRAS DRT;0;;
61;1540;103F10261381;1540;103F10261381;CATEGORIA0;;1;1;0;1;;FORD FOCUS 98-08*FAROLIM NEVOEIRO P/CH TRÁS ESQ;FORD FOCUS 98-08*FAROLIM NEVOEIRO P/CH TRÁS ESQ;0;;
61;1540;103F10261960;1540;103F10261960;CATEGORIA0;;1;1;0;1;;FAROLIM MATRICULA;FAROLIM MATRICULA;0;;
61;1540;103F10261962;1540;103F10261962;CATEGORIA0;;1;1;0;1;;FORD FOCUS 98-04*KIT(2 UNID)FAROLIM DE MATRICULA(LED);FORD FOCUS 98-04*KIT(2 UNID)FAROLIM DE MATRICULA(LED);0;;
61;1540;103F10281200;1540;103F10281200;CATEGORIA0;;1;1;0;1;;FORD RANGER 98-02*FAROLIM FRT DRT (AMARELO);FORD RANGER 98-02*FAROLIM FRT DRT (AMARELO);0;;
61;1540;103F10281201;1540;103F10281201;CATEGORIA0;;1;1;0;1;;FORD RANGER 98-02*FAROLIM FRT ESQ (AMARELO);FORD RANGER 98-02*FAROLIM FRT ESQ (AMARELO);0;;
61;1540;103F10281210;1540;103F10281210;CATEGORIA0;;1;1;0;1;;FORD RANGER 02-05*FAROLIM FRT DRT (BRANCO);FORD RANGER 02-05*FAROLIM FRT DRT (BRANCO);0;;
61;1540;103F10281211;1540;103F10281211;CATEGORIA0;;1;1;0;1;;FORD RANGER 02-05*FAROLIM FRT ESQ (BRANCO);FORD RANGER 02-05*FAROLIM FRT ESQ (BRANCO);0;;
61;1540;103F10281710;1540;103F10281710;CATEGORIA0;;1;1;0;1;;FORD RANGER 98-04*FAROLIM TRÁS DRT CX MET;FORD RANGER 98-04*FAROLIM TRÁS DRT CX MET;0;;
61;1540;103F10281711;1540;103F10281711;CATEGORIA0;;1;1;0;1;;FORD RANGER 98-04*FAROLIM TRÁS ESQ CX MET;FORD RANGER 98-04*FAROLIM TRÁS ESQ CX MET;0;;
61;1540;103F10281770;1540;103F10281770;CATEGORIA0;;1;1;0;1;;FORD RANGER 05-06*FAROLIM TRÁS DRT (CX/METAL);FORD RANGER 05-06*FAROLIM TRÁS DRT (CX/METAL);0;;
61;1540;103F10281771;1540;103F10281771;CATEGORIA0;;1;1;0;1;;FORD RANGER 05-06*FAROLIM TRÁS ESQ (CX/METAL);FORD RANGER 05-06*FAROLIM TRÁS ESQ (CX/METAL);0;;
61;1540;103F10291750;1540;103F10291750;CATEGORIA0;;1;1;0;1;;FORD MONDEO 01-03*FAROLIM TRÁS DRT (4P);FORD MONDEO 01-03*FAROLIM TRÁS DRT (4P);0;;
61;1540;103F10291751;1540;103F10291751;CATEGORIA0;;1;1;0;1;;FORD MONDEO 01-03*FAROLIM TRÁS ESQ (4P);FORD MONDEO 01-03*FAROLIM TRÁS ESQ (4P);0;;
61;1540;103F10291770;1540;103F10291770;CATEGORIA0;;1;1;0;1;;FORD MONDEO 00-*FAROLIM TRÁS DRT (4P);FORD MONDEO 00-*FAROLIM TRÁS DRT (4P);0;;
61;1540;103F10291771;1540;103F10291771;CATEGORIA0;;1;1;0;1;;FORD MONDEO 00-*FAROLIM TRÁS ESQ (4P);FORD MONDEO 00-*FAROLIM TRÁS ESQ (4P);0;;
61;1540;103F10291960;1540;103F10291960;CATEGORIA0;;1;1;0;1;;FORD MONDEO 00-*FAROLIM MATRICULA;FORD MONDEO 00-*FAROLIM MATRICULA;0;;
61;1540;103F10301300;1540;103F10301300;CATEGORIA0;;1;1;0;1;;FORD FOCUS/C-MAX 04-*FAROLIM LATERAL;FORD FOCUS/C-MAX 04-*FAROLIM LATERAL;0;;
61;1540;103F10301331;1540;103F10301331;CATEGORIA0;;1;1;0;1;;FORD FOCUS/C-MAX 04-*FAROLIM LATERAL BRANCO;FORD FOCUS/C-MAX 04-*FAROLIM LATERAL BRANCO;0;;
61;1540;103F10310770;1540;103F10310770;CATEGORIA0;;1;1;0;1;;FORD FIESTA 02-*FAROLIM TRÁS DRT (5P);FORD FIESTA 02-*FAROLIM TRÁS DRT (5P);0;;
61;1540;103F10310771;1540;103F10310771;CATEGORIA0;;1;1;0;1;;FORD FIESTA 02-*FAROLIM TRÁS ESQ (5P);FORD FIESTA 02-*FAROLIM TRÁS ESQ (5P);0;;
61;1540;103F10310772;1540;103F10310772;CATEGORIA0;;1;1;0;1;;FORD FIESTA 02-*FAROLIM TRÁS DRT (3P);FORD FIESTA 02-*FAROLIM TRÁS DRT (3P);0;;
61;1540;103F10310773;1540;103F10310773;CATEGORIA0;;1;1;0;1;;FORD FIESTA 02-*FAROLIM TRÁS ESQ (3P);FORD FIESTA 02-*FAROLIM TRÁS ESQ (3P);0;;
61;1540;103F10321770;1540;103F10321770;CATEGORIA0;;1;1;0;1;;FORD FUSION 02-*FAROLIM TRÁS DRT;FORD FUSION 02-*FAROLIM TRÁS DRT;0;;
61;1540;103F10321771;1540;103F10321771;CATEGORIA0;;1;1;0;1;;FORD FUSION 02-*FAROLIM TRÁS ESQ;FORD FUSION 02-*FAROLIM TRÁS ESQ;0;;
61;1540;103F10331301;1540;103F10331301;CATEGORIA0;;1;1;0;1;;FORD TRANSIT CONNECT 02-09*FAROLIM LATERAL;FORD TRANSIT CONNECT 02-09*FAROLIM LATERAL;0;;
61;1540;103F10331310;1540;103F10331310;CATEGORIA0;;1;1;0;1;;FORD TRANSIT CONNECT 02-09*FAROLIM LAT DRT/ESQ (BRANCO);FORD TRANSIT CONNECT 02-09*FAROLIM LAT DRT/ESQ (BRANCO);0;;
61;1540;103F10331770;1540;103F10331770;CATEGORIA0;;1;1;0;1;;FORD TRANSIT CONNECT 02-09*FAROLIM TRÁS DRT;FORD TRANSIT CONNECT 02-09*FAROLIM TRÁS DRT;0;;
61;1540;103F10331771;1540;103F10331771;CATEGORIA0;;1;1;0;1;;FORD TRANSIT CONNECT 02-09*FAROLIM TRÁS ESQ;FORD TRANSIT CONNECT 02-09*FAROLIM TRÁS ESQ;0;;
61;1540;103F10331772;1540;103F10331772;CATEGORIA0;;1;1;0;1;;FORD TRANSIT CONNECT 10-*FAROLIM TRÁS DRT;FORD TRANSIT CONNECT 10-*FAROLIM TRÁS DRT;0;;
61;1540;103F10331773;1540;103F10331773;CATEGORIA0;;1;1;0;1;;FORD TRANSIT CONNECT 10-*FAROLIM TRÁS ESQ;FORD TRANSIT CONNECT 10-*FAROLIM TRÁS ESQ;0;;
61;1540;103F10341770;1540;103F10341770;CATEGORIA0;;1;1;0;1;;FORD MONDEO 04-*FAROLIM TRÁS DRT (4P);FORD MONDEO 04-*FAROLIM TRÁS DRT (4P);0;;
61;1540;103F10341771;1540;103F10341771;CATEGORIA0;;1;1;0;1;;FORD MONDEO 04-*FAROLIM TRÁS ESQ (4P);FORD MONDEO 04-*FAROLIM TRÁS ESQ (4P);0;;
61;1540;103F10361770;1540;103F10361770;CATEGORIA0;;1;1;0;1;;FORD FOCUS 04-/08-*FAROLIM TRÁS DRT (4P);FORD FOCUS 04-/08-*FAROLIM TRÁS DRT (4P);0;;
61;1540;103F10361771;1540;103F10361771;CATEGORIA0;;1;1;0;1;;FORD FOCUS 04-/08-*FAROLIM TRÁS ESQ (4P);FORD FOCUS 04-/08-*FAROLIM TRÁS ESQ (4P);0;;
61;1540;103F10361780;1540;103F10361780;CATEGORIA0;;1;1;0;1;;FORD FOCUS 04-*FAROLIM TRÁS DRT (5P);FORD FOCUS 04-*FAROLIM TRÁS DRT (5P);0;;
61;1540;103F10361781;1540;103F10361781;CATEGORIA0;;1;1;0;1;;FORD FOCUS 04-*FAROLIM TRÁS ESQ (5P);FORD FOCUS 04-*FAROLIM TRÁS ESQ (5P);0;;
61;1540;103F10381380;1540;103F10381380;CATEGORIA0;;1;1;0;1;;FORD FIESTA 05-*REFLETOR P/CH TRÁS DRT;FORD FIESTA 05-*REFLETOR P/CH TRÁS DRT;0;;
61;1540;103F10381381;1540;103F10381381;CATEGORIA0;;1;1;0;1;;FORD FIESTA 05-*REFLETOR P/CH TRÁS ESQ;FORD FIESTA 05-*REFLETOR P/CH TRÁS ESQ;0;;
61;1540;103F10381770;1540;103F10381770;CATEGORIA0;;1;1;0;1;;FORD FIESTA 05-*FAROLIM TRÁS DRT (3P);FORD FIESTA 05-*FAROLIM TRÁS DRT (3P);0;;
61;1540;103F10381771;1540;103F10381771;CATEGORIA0;;1;1;0;1;;FORD FIESTA 05-*FAROLIM TRÁS ESQ (3P);FORD FIESTA 05-*FAROLIM TRÁS ESQ (3P);0;;
61;1540;103F10381772;1540;103F10381772;CATEGORIA0;;1;1;0;1;;FORD FIESTA 05-*FAROLIM TRÁS DRT 5P;FORD FIESTA 05-*FAROLIM TRÁS DRT 5P;0;;
61;1540;103F10381773;1540;103F10381773;CATEGORIA0;;1;1;0;1;;FORD FIESTA 05-*FAROLIM TRÁS ESQ 5P;FORD FIESTA 05-*FAROLIM TRÁS ESQ 5P;0;;
61;1540;103F10381960;1540;103F10381960;CATEGORIA0;;1;1;0;1;;FIESTA/FUSION/MONDEO 02-*FAROLIM MATR.;FIESTA/FUSION/MONDEO 02-*FAROLIM MATR.;0;;
61;1540;103F10381962;1540;103F10381962;CATEGORIA0;;1;1;0;1;;FORD FIESTA/FUSION/MONDEO 02-*KIT(2 UNID) FAROLIM MATRICULA(;FORD FIESTA/FUSION/MONDEO 02-*KIT(2 UNID) FAROLIM MATRICULA(;0;;
61;1540;103F10391770;1540;103F10391770;CATEGORIA0;;1;1;0;1;;FORD S-MAX 06-*FAROLIM TRÁS DRT (CANTO);FORD S-MAX 06-*FAROLIM TRÁS DRT (CANTO);0;;
61;1540;103F10391771;1540;103F10391771;CATEGORIA0;;1;1;0;1;;FORD S-MAX 06-*FAROLIM TRÁS ESQ CANTO;FORD S-MAX 06-*FAROLIM TRÁS ESQ CANTO;0;;
61;1540;103F10401301;1540;103F10401301;CATEGORIA0;;1;1;0;1;;FAROLIM LATERAL DTO.;FAROLIM LATERAL DTO.;0;;
61;1540;103F10401302;1540;103F10401302;CATEGORIA0;;1;1;0;1;;FAROLIM LATERAL ESQ.;FAROLIM LATERAL ESQ.;0;;
61;1540;103F10401303;1540;103F10401303;CATEGORIA0;;1;1;0;1;;FAROLIM LAT G/LAMAS FRT DRT/ESQ;FAROLIM LAT G/LAMAS FRT DRT/ESQ;0;;
61;1540;103F10401310;1540;103F10401310;CATEGORIA0;;1;1;0;1;;FAROLIM LATERAL DTO./ESQ. BRANCO;FAROLIM LATERAL DTO./ESQ. BRANCO;0;;
61;1540;103F10401770;1540;103F10401770;CATEGORIA0;;1;1;0;1;;FORD TRANSIT 06-*FAROLIM TRÁS DRT;FORD TRANSIT 06-*FAROLIM TRÁS DRT;0;;
61;1540;103F10401771;1540;103F10401771;CATEGORIA0;;1;1;0;1;;FORD TRANSIT 06-*FAROLIM TRÁS ESQ;FORD TRANSIT 06-*FAROLIM TRÁS ESQ;0;;
61;1540;103F10401900;1540;103F10401900;CATEGORIA0;;1;1;0;1;;FORD TRANSIT 2006.05-*TERCEIRA LUZ STOP;FORD TRANSIT 2006.05-*TERCEIRA LUZ STOP;0;;
61;1540;103F10401960;1540;103F10401960;CATEGORIA0;;1;1;0;1;;TRANSIT/CONNECT 1985-2013* FAROLIM MATR.;TRANSIT/CONNECT 1985-2013* FAROLIM MATR.;0;;
61;1540;103F10401962;1540;103F10401962;CATEGORIA0;;1;1;0;1;;FORD TRANSIT/CONNECT 1985-2013*KIT(2 UNID)FAROLIM MATRICULA(;FORD TRANSIT/CONNECT 1985-2013*KIT(2 UNID)FAROLIM MATRICULA(;0;;
61;1540;103F10410310;1540;103F10410310;CATEGORIA0;;1;1;0;1;;FORD MONDEO 07-*FAROLIM LAT DRT;FORD MONDEO 07-*FAROLIM LAT DRT;0;;
61;1540;103F10410311;1540;103F10410311;CATEGORIA0;;1;1;0;1;;FORD MONDEO 07-*FAROLIM LAT ESQ;FORD MONDEO 07-*FAROLIM LAT ESQ;0;;
61;1540;103F10410510;1540;103F10410510;CATEGORIA0;;1;1;0;1;;FORD MONDEO 07-*FAROLIM TRÁS DRT (H/B);FORD MONDEO 07-*FAROLIM TRÁS DRT (H/B);0;;
61;1540;103F10410511;1540;103F10410511;CATEGORIA0;;1;1;0;1;;FORD MONDEO 07-*FAROLIM TRÁS ESQ (H/B);FORD MONDEO 07-*FAROLIM TRÁS ESQ (H/B);0;;
61;1540;103F10410710;1540;103F10410710;CATEGORIA0;;1;1;0;1;;FORD MONDEO 07-*FAROLIM TRÁS DRT (4P);FORD MONDEO 07-*FAROLIM TRÁS DRT (4P);0;;
61;1540;103F10410711;1540;103F10410711;CATEGORIA0;;1;1;0;1;;FORD MONDEO 07-*FAROLIM TRÁS ESQ (4P);FORD MONDEO 07-*FAROLIM TRÁS ESQ (4P);0;;
61;1540;103F10410960;1540;103F10410960;CATEGORIA0;;1;1;0;1;;MONDEO 07- FAROLIM MATRICULA;MONDEO 07- FAROLIM MATRICULA;0;;
61;1540;103F10420340;1540;103F10420340;CATEGORIA0;;1;1;0;1;;FORD FOCUS/MONDEO 08-/11-*FAROLIM LAT DRT (ESP);FORD FOCUS/MONDEO 08-/11-*FAROLIM LAT DRT (ESP);0;;
61;1540;103F10420341;1540;103F10420341;CATEGORIA0;;1;1;0;1;;FORD FOCUS/MONDEO 08-/11-*FAROLIM LAT ESQ (ESP);FORD FOCUS/MONDEO 08-/11-*FAROLIM LAT ESQ (ESP);0;;
61;1540;103F10420380;1540;103F10420380;CATEGORIA0;;1;1;0;1;;FORD FOCUS 08-*FAROLIM NEVOEIRO TRÁS DRT (5P);FORD FOCUS 08-*FAROLIM NEVOEIRO TRÁS DRT (5P);0;;
61;1540;103F10420381;1540;103F10420381;CATEGORIA0;;1;1;0;1;;FORD FOCUS 08-*FAROLIM NEVOEIRO TRÁS ESQ (5P);FORD FOCUS 08-*FAROLIM NEVOEIRO TRÁS ESQ (5P);0;;
61;1540;103F10420770;1540;103F10420770;CATEGORIA0;;1;1;0;1;;FORD FOCUS 08-*FAROLIM TRÁS DRT 5P LED;FORD FOCUS 08-*FAROLIM TRÁS DRT 5P LED;0;;
61;1540;103F10420771;1540;103F10420771;CATEGORIA0;;1;1;0;1;;FORD FOCUS 08-*FAROLIM TRÁS ESQ (5P LED);FORD FOCUS 08-*FAROLIM TRÁS ESQ (5P LED);0;;
61;1540;103F10420772;1540;103F10420772;CATEGORIA0;;1;1;0;1;;FORD FOCUS 08-*FAROLIM TRÁS DRT (5P);FORD FOCUS 08-*FAROLIM TRÁS DRT (5P);0;;
61;1540;103F10420773;1540;103F10420773;CATEGORIA0;;1;1;0;1;;FORD FOCUS 08-*FAROLIM TRÁS ESQ (5P);FORD FOCUS 08-*FAROLIM TRÁS ESQ (5P);0;;
61;1540;103F10420960;1540;103F10420960;CATEGORIA0;;1;1;0;1;;FORD FOCUS 08-*FAROLIM MATRICULA;FORD FOCUS 08-*FAROLIM MATRICULA;0;;
61;1540;103F10430770;1540;103F10430770;CATEGORIA0;;1;1;0;1;;FORD KA 08- *FAROLIM TRÁS DRT;FORD KA 08- *FAROLIM TRÁS DRT;0;;
61;1540;103F10430771;1540;103F10430771;CATEGORIA0;;1;1;0;1;;FORD KA 08- *FAROLIM TRÁS ESQ;FORD KA 08- *FAROLIM TRÁS ESQ;0;;
61;1540;103F10441340;1540;103F10441340;CATEGORIA0;;1;1;0;1;;FIETA 08- FAROLIM LATERAL DTO. (ESPELHO);FIETA 08- FAROLIM LATERAL DTO. (ESPELHO);0;;
61;1540;103F10441341;1540;103F10441341;CATEGORIA0;;1;1;0;1;;FORD FIESTA 08-*FAROLIM LAT ESQ (ESPELHO);FORD FIESTA 08-*FAROLIM LAT ESQ (ESPELHO);0;;
61;1540;103F10441380;1540;103F10441380;CATEGORIA0;;1;1;0;1;;FIESTA 08-*REFLETOR P/CH TR. DRT.;FIESTA 08-*REFLETOR P/CH TR. DRT.;0;;
61;1540;103F10441381;1540;103F10441381;CATEGORIA0;;1;1;0;1;;FORD FIESTA 08-*FAROLIM NEV P/CH TRÁS ESQ 3/5P;FORD FIESTA 08-*FAROLIM NEV P/CH TRÁS ESQ 3/5P;0;;
61;1540;103F10441771;1540;103F10441771;CATEGORIA0;;1;1;0;1;;FORD FIESTA 08-*FAROLIM TRÁS ESQ (3/5P);FORD FIESTA 08-*FAROLIM TRÁS ESQ (3/5P);0;;
61;1540;103F10451380;1540;103F10451380;CATEGORIA0;;1;1;0;1;;C-MAX 06- REFLECTOR P/CHOQUES TRÁS DTO.;C-MAX 06- REFLECTOR P/CHOQUES TRÁS DTO.;0;;
61;1540;103F10451381;1540;103F10451381;CATEGORIA0;;1;1;0;1;;FORD FOCUS C-MAX 06-*REFLETOR P/CH TRÁS ESQ;FORD FOCUS C-MAX 06-*REFLETOR P/CH TRÁS ESQ;0;;
61;1540;103F10451770;1540;103F10451770;CATEGORIA0;;1;1;0;1;;FORD FOCUS C-MAX 06-*FAROLIM TRÁS DRT;FORD FOCUS C-MAX 06-*FAROLIM TRÁS DRT;0;;
61;1540;103F10451771;1540;103F10451771;CATEGORIA0;;1;1;0;1;;FORD FOCUS C-MAX 06-*FAROLIM TRÁS ESQ;FORD FOCUS C-MAX 06-*FAROLIM TRÁS ESQ;0;;
61;1540;103F10451960;1540;103F10451960;CATEGORIA0;;1;1;0;1;;FORD FOCUS GALAXY/C-MAX/FIESTA 06-*FAROLIM MATRICULA;FORD FOCUS GALAXY/C-MAX/FIESTA 06-*FAROLIM MATRICULA;0;;
61;1540;103F10461330;1540;103F10461330;CATEGORIA0;;1;1;0;1;;FORD RANGER/MAZDA 2/3/5/6/BT50 07-*FAROLIM LAT BR;FORD RANGER/MAZDA 2/3/5/6/BT50 07-*FAROLIM LAT BR;0;;
61;1540;103F10461770;1540;103F10461770;CATEGORIA0;;1;1;0;1;;FORD RANGER 07-*FAROLIM TRÁS DRT;FORD RANGER 07-*FAROLIM TRÁS DRT;0;;
61;1540;103F10461771;1540;103F10461771;CATEGORIA0;;1;1;0;1;;FORD RANGER 07-*FAROLIM TRÁS ESQ;FORD RANGER 07-*FAROLIM TRÁS ESQ;0;;
61;1540;103F10471770;1540;103F10471770;CATEGORIA0;;1;1;0;1;;FORD FUSION 2005.10-*FAROLIM TRÁS DRT;FORD FUSION 2005.10-*FAROLIM TRÁS DRT;0;;
61;1540;103F10471771;1540;103F10471771;CATEGORIA0;;1;1;0;1;;FORD FUSION 2005.10-*FAROLIM TRÁS ESQ;FORD FUSION 2005.10-*FAROLIM TRÁS ESQ;0;;
61;1540;103F10481340;1540;103F10481340;CATEGORIA0;;1;1;0;1;;FAROLIM LAT DRT(ESPELHO);FAROLIM LAT DRT(ESPELHO);0;;
61;1540;103F10481341;1540;103F10481341;CATEGORIA0;;1;1;0;1;;FORD GALAXY 06-*FAROLIM LAT ESQ (ESPELHO);FORD GALAXY 06-*FAROLIM LAT ESQ (ESPELHO);0;;
61;1540;103F10491130;1540;103F10491130;CATEGORIA0;;1;1;0;1;;FORD MONDEO 10-*FAROLIM P/CH FRT DRT (LED);FORD MONDEO 10-*FAROLIM P/CH FRT DRT (LED);0;;
61;1540;103F10491131;1540;103F10491131;CATEGORIA0;;1;1;0;1;;FORD MONDEO 10-*FAROLIM P/CH FRT ESQ (LED);FORD MONDEO 10-*FAROLIM P/CH FRT ESQ (LED);0;;
61;1540;103F10491771;1540;103F10491771;CATEGORIA0;;1;1;0;1;;FORD MONDEO 10-*FAROLIM TRÁS ESQ (LED 4P);FORD MONDEO 10-*FAROLIM TRÁS ESQ (LED 4P);0;;
61;1540;103F10491772;1540;103F10491772;CATEGORIA0;;1;1;0;1;;FORD MONDEO 10-*FAROLIM TRÁS DRT (LED 5P);FORD MONDEO 10-*FAROLIM TRÁS DRT (LED 5P);0;;
61;1540;103F10491773;1540;103F10491773;CATEGORIA0;;1;1;0;1;;FORD MONDEO 10-*FAROLIM TRÁS ESQ (LED 5P);FORD MONDEO 10-*FAROLIM TRÁS ESQ (LED 5P);0;;
61;1540;103F10500380;1540;103F10500380;CATEGORIA0;;1;1;0;1;;FORD FOCUS 11-*REFLETOR P/CH TRÁS DRT (4/5P);FORD FOCUS 11-*REFLETOR P/CH TRÁS DRT (4/5P);0;;
61;1540;103F10500381;1540;103F10500381;CATEGORIA0;;1;1;0;1;;FORD FOCUS 11-*REFLETOR P/CH TRÁS ESQ (4/5P);FORD FOCUS 11-*REFLETOR P/CH TRÁS ESQ (4/5P);0;;
61;1540;103F10500770;1540;103F10500770;CATEGORIA0;;1;1;0;1;;FORD FOCUS 11-*FAROLIM TRÁS DRT (5P);FORD FOCUS 11-*FAROLIM TRÁS DRT (5P);0;;
61;1540;103F10500771;1540;103F10500771;CATEGORIA0;;1;1;0;1;;FORD FOCUS 11-*FAROLIM TRÁS ESQ (5P);FORD FOCUS 11-*FAROLIM TRÁS ESQ (5P);0;;
61;1540;103F10500772;1540;103F10500772;CATEGORIA0;;1;1;0;1;;FORD FOCUS 11-*FAROLIM TRÁS DRT (5P LED);FORD FOCUS 11-*FAROLIM TRÁS DRT (5P LED);0;;
61;1540;103F10500773;1540;103F10500773;CATEGORIA0;;1;1;0;1;;FORD FOCUS 11-*FAROLIM TRÁS ESQ (5P LED);FORD FOCUS 11-*FAROLIM TRÁS ESQ (5P LED);0;;
61;1540;103F10500774;1540;103F10500774;CATEGORIA0;;1;1;0;1;;FORD FOCUS 11-*FAROLIM TRÁS DRT SW;FORD FOCUS 11-*FAROLIM TRÁS DRT SW;0;;
61;1540;103F10500775;1540;103F10500775;CATEGORIA0;;1;1;0;1;;FORD FOCUS 11-*FAROLIM TRÁS ESQ (SW);FORD FOCUS 11-*FAROLIM TRÁS ESQ (SW);0;;
61;1540;103F10500900;1540;103F10500900;CATEGORIA0;;1;1;0;1;;FORD FOCUS SW 11-*TERCEIRA LUZ STOP(LED);FORD FOCUS SW 11-*TERCEIRA LUZ STOP(LED);0;;
61;1540;103F10500901;1540;103F10500901;CATEGORIA0;;1;1;0;1;;FORD FOCUS 5P 11-*TERCEIRA LUZ STOP(LED);FORD FOCUS 5P 11-*TERCEIRA LUZ STOP(LED);0;;
61;1540;103F10520770;1540;103F10520770;CATEGORIA0;;1;1;0;1;;FORD C-MAX 10-*FAROLIM TRÁS DRT (CANTO);FORD C-MAX 10-*FAROLIM TRÁS DRT (CANTO);0;;
61;1540;103F10520771;1540;103F10520771;CATEGORIA0;;1;1;0;1;;FORD C-MAX 10-*FAROLIM TRÁS ESQ (CANTO);FORD C-MAX 10-*FAROLIM TRÁS ESQ (CANTO);0;;
61;1540;103F10530770;1540;103F10530770;CATEGORIA0;;1;1;0;1;;FORD RANGER 09-*FAROLIM TRÁS DRT;FORD RANGER 09-*FAROLIM TRÁS DRT;0;;
61;1540;103F10530771;1540;103F10530771;CATEGORIA0;;1;1;0;1;;FORD RANGER 09-*FAROLIM TRÁS ESQ;FORD RANGER 09-*FAROLIM TRÁS ESQ;0;;
61;1540;103F10550340;1540;103F10550340;CATEGORIA0;;1;1;0;1;;FORD KUGA 13-*FAROLIM LAT DRT (ESPELHO);FORD KUGA 13-*FAROLIM LAT DRT (ESPELHO);0;;
61;1540;103F10550341;1540;103F10550341;CATEGORIA0;;1;1;0;1;;FORD KUGA 13-*FAROLIM LAT ESQ (ESPELHO);FORD KUGA 13-*FAROLIM LAT ESQ (ESPELHO);0;;
61;1540;103F10550380;1540;103F10550380;CATEGORIA0;;1;1;0;1;;FORD KUGA/ECOSPORT 13-*FAROLIM NEVOEIRO TRÁS DRT;FORD KUGA/ECOSPORT 13-*FAROLIM NEVOEIRO TRÁS DRT;0;;
61;1540;103F10550381;1540;103F10550381;CATEGORIA0;;1;1;0;1;;FORD KUGA/ECOSPORT 13-*FAROLIM NEVOEIRO TRÁS ESQ;FORD KUGA/ECOSPORT 13-*FAROLIM NEVOEIRO TRÁS ESQ;0;;
61;1540;103F10550770;1540;103F10550770;CATEGORIA0;;1;1;0;1;;FORD KUGA 13-*FAROLIM TRÁS DRT (LED);FORD KUGA 13-*FAROLIM TRÁS DRT (LED);0;;
61;1540;103F10550771;1540;103F10550771;CATEGORIA0;;1;1;0;1;;FORD KUGA 13-*FAROLIM TRÁS ESQ (LED);FORD KUGA 13-*FAROLIM TRÁS ESQ (LED);0;;
61;1540;103F10560340;1540;103F10560340;CATEGORIA0;;1;1;0;1;;FORD MONDEO 14-*FAROLIM LAT DRT (ESPELHO);FORD MONDEO 14-*FAROLIM LAT DRT (ESPELHO);0;;
61;1540;103F10560341;1540;103F10560341;CATEGORIA0;;1;1;0;1;;FORD MONDEO 14-*FAROLIM LAT ESQ (ESPELHO);FORD MONDEO 14-*FAROLIM LAT ESQ (ESPELHO);0;;
61;1540;103F10560770;1540;103F10560770;CATEGORIA0;;1;1;0;1;;FORD MONDEO 14-*FAROLIM TRÁS DRT (CANTO H/B LED);FORD MONDEO 14-*FAROLIM TRÁS DRT (CANTO H/B LED);0;;
61;1540;103F10560771;1540;103F10560771;CATEGORIA0;;1;1;0;1;;FORD MONDEO 14-*FAROLIM TRÁS ESQ (CANTO H/B LED);FORD MONDEO 14-*FAROLIM TRÁS ESQ (CANTO H/B LED);0;;
61;1540;103F10560772;1540;103F10560772;CATEGORIA0;;1;1;0;1;;FORD MONDEO 14-*FAROLIM TRÁS DRT (CANTO LED SEDAN);FORD MONDEO 14-*FAROLIM TRÁS DRT (CANTO LED SEDAN);0;;
61;1540;103F10560773;1540;103F10560773;CATEGORIA0;;1;1;0;1;;FORD MONDEO 14-*FAROLIM TRÁS ESQ (CANTO LED SEDAN);FORD MONDEO 14-*FAROLIM TRÁS ESQ (CANTO LED SEDAN);0;;
61;1540;103F10571770;1540;103F10571770;CATEGORIA0;;1;1;0;1;;FORD FIESTA 13-*FAROLIM TRÁS DRT;FORD FIESTA 13-*FAROLIM TRÁS DRT;0;;
61;1540;103F10571771;1540;103F10571771;CATEGORIA0;;1;1;0;1;;FORD FIESTA 13-*FAROLIM TRÁS ESQ;FORD FIESTA 13-*FAROLIM TRÁS ESQ;0;;
61;1540;103F10591770;1540;103F10591770;CATEGORIA0;;1;1;0;1;;FORD RANGER 13-*FAROLIM TRÁS DRT;FORD RANGER 13-*FAROLIM TRÁS DRT;0;;
61;1540;103F10591771;1540;103F10591771;CATEGORIA0;;1;1;0;1;;FORD RANGER 13-*FAROLIM TRÁS ESQ;FORD RANGER 13-*FAROLIM TRÁS ESQ;0;;
61;1540;103F10601380;1540;103F10601380;CATEGORIA0;;1;1;0;1;;FORD TRANSIT CONNECT 14-*REFLETOR P/CH TRÁS DRT;FORD TRANSIT CONNECT 14-*REFLETOR P/CH TRÁS DRT;0;;
61;1540;103F10601381;1540;103F10601381;CATEGORIA0;;1;1;0;1;;FORD TRANSIT CONNECT 14-*REFLETOR P/CH TRÁS ESQ;FORD TRANSIT CONNECT 14-*REFLETOR P/CH TRÁS ESQ;0;;
61;1540;103F10601770;1540;103F10601770;CATEGORIA0;;1;1;0;1;;FORD TRANSIT CONNECT 14-*FAROLIM TRÁS DRT;FORD TRANSIT CONNECT 14-*FAROLIM TRÁS DRT;0;;
61;1540;103F10601771;1540;103F10601771;CATEGORIA0;;1;1;0;1;;FORD TRANSIT CONNECT 14-*FAROLIM TRÁS ESQ;FORD TRANSIT CONNECT 14-*FAROLIM TRÁS ESQ;0;;
61;1540;103F10610340;1540;103F10610340;CATEGORIA0;;1;1;0;1;;FORD TRANSIT CUSTOM 13-*FAROLIM LAT DRT (ESPELHO);FORD TRANSIT CUSTOM 13-*FAROLIM LAT DRT (ESPELHO);0;;
61;1540;103F10610341;1540;103F10610341;CATEGORIA0;;1;1;0;1;;FORD TRANSIT CUSTOM 13-*FAROLIM LAT ESQ (ESPELHO);FORD TRANSIT CUSTOM 13-*FAROLIM LAT ESQ (ESPELHO);0;;
61;1540;103F10610380;1540;103F10610380;CATEGORIA0;;1;1;0;1;;FORD TRANSIT/CUSTOM/CONNECT 13-*REFLETOR DRT P/CH TRÁS;FORD TRANSIT/CUSTOM/CONNECT 13-*REFLETOR DRT P/CH TRÁS;0;;
61;1540;103F10610381;1540;103F10610381;CATEGORIA0;;1;1;0;1;;REFLECTOR P/CHOQUES TRÁS ESQ.;REFLECTOR P/CHOQUES TRÁS ESQ.;0;;
61;1540;103F10610770;1540;103F10610770;CATEGORIA0;;1;1;0;1;;FORD TRANSIT CUSTOM 13-*FAROLIM TRÁS DRT;FORD TRANSIT CUSTOM 13-*FAROLIM TRÁS DRT;0;;
61;1540;103F10610771;1540;103F10610771;CATEGORIA0;;1;1;0;1;;FORD TRANSIT CUSTOM 13-* FAROLIM TR. ESQ.;FORD TRANSIT CUSTOM 13-* FAROLIM TR. ESQ.;0;;
61;1540;103F10620301;1540;103F10620301;CATEGORIA0;;1;1;0;1;;FORD TRANSIT 14-*FAROLIM LAT DRT/ESQ AMARELO;FORD TRANSIT 14-*FAROLIM LAT DRT/ESQ AMARELO;0;;
61;1540;103F10620340;1540;103F10620340;CATEGORIA0;;1;1;0;1;;FORD TRANSIT 14-*FAROLIM LAT DRT BRANCO (ESPELHO);FORD TRANSIT 14-*FAROLIM LAT DRT BRANCO (ESPELHO);0;;
61;1540;103F10620341;1540;103F10620341;CATEGORIA0;;1;1;0;1;;FORD TRANSIT 14-*FAROLIM LAT ESQ BRANCO (ESPELHO);FORD TRANSIT 14-*FAROLIM LAT ESQ BRANCO (ESPELHO);0;;
61;1540;103F10620342;1540;103F10620342;CATEGORIA0;;1;1;0;1;;FORD TRANSIT 14-*FAROLIM LAT DRT AMARELO (ESPELHO);FORD TRANSIT 14-*FAROLIM LAT DRT AMARELO (ESPELHO);0;;
61;1540;103F10620343;1540;103F10620343;CATEGORIA0;;1;1;0;1;;FAROLIM ESPELHO LAT. ESQ. AMARELO;FAROLIM ESPELHO LAT. ESQ. AMARELO;0;;
61;1540;103F10620770;1540;103F10620770;CATEGORIA0;;1;1;0;1;;FORD TRANSIT 14-*FAROLIM TRÁS DRT;FORD TRANSIT 14-*FAROLIM TRÁS DRT;0;;
61;1540;103F10620771;1540;103F10620771;CATEGORIA0;;1;1;0;1;;FORD TRANSIT 14-*FAROLIM TRÁS ESQ;FORD TRANSIT 14-*FAROLIM TRÁS ESQ;0;;
61;1540;103F10620772;1540;103F10620772;CATEGORIA0;;1;1;0;1;;TRANSI 14- FAROLIM TRÁS DTO. (CX. ABERTA);TRANSI 14- FAROLIM TRÁS DTO. (CX. ABERTA);0;;
61;1540;103F10620773;1540;103F10620773;CATEGORIA0;;1;1;0;1;;TRANSI 14- FAROLIM TRÁS ESQ. (CX. ABERTA);TRANSI 14- FAROLIM TRÁS ESQ. (CX. ABERTA);0;;
61;1540;103F10620774;1540;103F10620774;CATEGORIA0;;1;1;0;1;;VIDRO FAROLIM DTO.;VIDRO FAROLIM DTO.;0;;
61;1540;103F10620775;1540;103F10620775;CATEGORIA0;;1;1;0;1;;VIDRO FAROLIM ESQ.;VIDRO FAROLIM ESQ.;0;;
61;1540;103F10620900;1540;103F10620900;CATEGORIA0;;1;1;0;1;;FORD TRANSIT/CUSTOM(1P) 2014.01-*TERCEIRA LUZ STOP;FORD TRANSIT/CUSTOM(1P) 2014.01-*TERCEIRA LUZ STOP;0;;
61;1540;103F10620901;1540;103F10620901;CATEGORIA0;;1;1;0;1;;FORD TRANSIT CUSTOM 2013.01-*TERCEIRA LUZ STOP DRT(2P);FORD TRANSIT CUSTOM 2013.01-*TERCEIRA LUZ STOP DRT(2P);0;;
61;1540;103F10620902;1540;103F10620902;CATEGORIA0;;1;1;0;1;;FORD TRANSIT CUSTOM 2013.01-*TERCEIRA LUZ STOP ESQ(2P);FORD TRANSIT CUSTOM 2013.01-*TERCEIRA LUZ STOP ESQ(2P);0;;
61;1540;103F10631380;1540;103F10631380;CATEGORIA0;;1;1;0;1;;FORD FOCUS 14-*REFLETOR P/CH TRÁS DRT;FORD FOCUS 14-*REFLETOR P/CH TRÁS DRT;0;;
61;1540;103F10631381;1540;103F10631381;CATEGORIA0;;1;1;0;1;;FORD FOCUS 14-*FAROLIM NEVOEIRO P/CH TRÁS ESQ;FORD FOCUS 14-*FAROLIM NEVOEIRO P/CH TRÁS ESQ;0;;
61;1540;103F10631770;1540;103F10631770;CATEGORIA0;;1;1;0;1;;FORD FOCUS 14-*FAROLIM TRÁS DRT (5P);FORD FOCUS 14-*FAROLIM TRÁS DRT (5P);0;;
61;1540;103F10631771;1540;103F10631771;CATEGORIA0;;1;1;0;1;;FORD FOCUS 14-*FAROLIM TRÁS ESQ (5P);FORD FOCUS 14-*FAROLIM TRÁS ESQ (5P);0;;
61;1540;103F10631772;1540;103F10631772;CATEGORIA0;;1;1;0;1;;FORD FOCUS 14-*FAROLIM TRÁS DRT SW;FORD FOCUS 14-*FAROLIM TRÁS DRT SW;0;;
61;1540;103F10631773;1540;103F10631773;CATEGORIA0;;1;1;0;1;;FORD FOCUS 14-*FAROLIM TRÁS ESQ (SW);FORD FOCUS 14-*FAROLIM TRÁS ESQ (SW);0;;
61;1540;103F10631774;1540;103F10631774;CATEGORIA0;;1;1;0;1;;FORD FOCUS 14-*FAROLIM TRÁS DRT (5P LED);FORD FOCUS 14-*FAROLIM TRÁS DRT (5P LED);0;;
61;1540;103F10631775;1540;103F10631775;CATEGORIA0;;1;1;0;1;;FORD FOCUS 14-*FAROLIM TRÁS ESQ (5P LED);FORD FOCUS 14-*FAROLIM TRÁS ESQ (5P LED);0;;
61;1540;103F10651770;1540;103F10651770;CATEGORIA0;;1;1;0;1;;FORD ECOSPORT 2013.10-*FAROLIM TRÁS DRT(CANTO);FORD ECOSPORT 2013.10-*FAROLIM TRÁS DRT(CANTO);0;;
61;1540;103F10651771;1540;103F10651771;CATEGORIA0;;1;1;0;1;;FORD ECOSPORT 2013.10-*FAROLIM TRÁS ESQ(CANTO);FORD ECOSPORT 2013.10-*FAROLIM TRÁS ESQ(CANTO);0;;
61;1540;103F10661770;1540;103F10661770;CATEGORIA0;;1;1;0;1;;FORD RANGER 16-*FAROLIM TRÁS DRT;FORD RANGER 16-*FAROLIM TRÁS DRT;0;;
61;1540;103F10661771;1540;103F10661771;CATEGORIA0;;1;1;0;1;;FORD RANGER 16-*FAROLIM TRÁS ESQ;FORD RANGER 16-*FAROLIM TRÁS ESQ;0;;
61;1540;103F10661772;1540;103F10661772;CATEGORIA0;;1;1;0;1;;FORD RANGER RAPTOR 19-*FAROLIM TRÁS DRT;FORD RANGER RAPTOR 19-*FAROLIM TRÁS DRT;0;;
61;1540;103F10661773;1540;103F10661773;CATEGORIA0;;1;1;0;1;;FORD RANGER RAPTOR 19-*FAROLIM TRÁS ESQ;FORD RANGER RAPTOR 19-*FAROLIM TRÁS ESQ;0;;
61;1540;103F10671750;1540;103F10671750;CATEGORIA0;;1;1;0;1;;FORD C-MAX 15-*FAROLIM TRÁS DRT (CANTO);FORD C-MAX 15-*FAROLIM TRÁS DRT (CANTO);0;;
61;1540;103F10671751;1540;103F10671751;CATEGORIA0;;1;1;0;1;;FORD C-MAX 15-*FAROLIM TRÁS ESQ (CANTO);FORD C-MAX 15-*FAROLIM TRÁS ESQ (CANTO);0;;
61;1540;103F10691770;1540;103F10691770;CATEGORIA0;;1;1;0;1;;FORD TRANSIT COURIER 2014.02-*FAROLIM TRÁS DRT;FORD TRANSIT COURIER 2014.02-*FAROLIM TRÁS DRT;0;;
61;1540;103F10691771;1540;103F10691771;CATEGORIA0;;1;1;0;1;;FORD TRANSIT COURIER 2014.02-*FAROLIM TRÁS ESQ;FORD TRANSIT COURIER 2014.02-*FAROLIM TRÁS ESQ;0;;
61;1540;103F10701770;1540;103F10701770;CATEGORIA0;;1;1;0;1;;FORD KUGA 2016.11-*FAROLIM TRÁS DRT CANTO(LED);FORD KUGA 2016.11-*FAROLIM TRÁS DRT CANTO(LED);0;;
61;1540;103F10701771;1540;103F10701771;CATEGORIA0;;1;1;0;1;;FORD KUGA 2016.11-*FAROLIM TRÁS ESQ CANTO(LED);FORD KUGA 2016.11-*FAROLIM TRÁS ESQ CANTO(LED);0;;
61;1540;103F10710340;1540;103F10710340;CATEGORIA0;;1;1;0;1;;FORD FIESTA 17-*FAROLIM LAT DRT (ESPELHO);FORD FIESTA 17-*FAROLIM LAT DRT (ESPELHO);0;;
61;1540;103F10710341;1540;103F10710341;CATEGORIA0;;1;1;0;1;;FORD FIESTA 17-*FAROLIM LAT ESQ (ESPELHO);FORD FIESTA 17-*FAROLIM LAT ESQ (ESPELHO);0;;
61;1540;103F10710380;1540;103F10710380;CATEGORIA0;;1;1;0;1;;FORD FIESTA 17-*REFLETOR DRT P/CH TRÁS;FORD FIESTA 17-*REFLETOR DRT P/CH TRÁS;0;;
61;1540;103F10710381;1540;103F10710381;CATEGORIA0;;1;1;0;1;;FORD FIESTA 17-*FAROLIM ESQ NEVOEIRO P/CH TRÁS;FORD FIESTA 17-*FAROLIM ESQ NEVOEIRO P/CH TRÁS;0;;
61;1540;103F10710770;1540;103F10710770;CATEGORIA0;;1;1;0;1;;FORD FIESTA 17-*FAROLIM TRÁS DRT;FORD FIESTA 17-*FAROLIM TRÁS DRT;0;;
61;1540;103F10710771;1540;103F10710771;CATEGORIA0;;1;1;0;1;;FORD FIESTA 17-*FAROLIM TRÁS ESQ;FORD FIESTA 17-*FAROLIM TRÁS ESQ;0;;
61;1540;103F10720340;1540;103F10720340;CATEGORIA0;;1;1;0;1;;FORD FOCUS 2018.07-*FAROLIM LAT DRT(ESPELHO);FORD FOCUS 2018.07-*FAROLIM LAT DRT(ESPELHO);0;;
61;1540;103F10720341;1540;103F10720341;CATEGORIA0;;1;1;0;1;;FORD FOCUS 2018.07-*FAROLIM LAT ESQ(ESPELHO);FORD FOCUS 2018.07-*FAROLIM LAT ESQ(ESPELHO);0;;
61;1540;103F10720770;1540;103F10720770;CATEGORIA0;;1;1;0;1;;FORD FOCUS 2018.07-*FAROLIM TRÁS DRT(5P)(P21W/PY21W);FORD FOCUS 2018.07-*FAROLIM TRÁS DRT(5P)(P21W/PY21W);0;;
61;1540;103F10720771;1540;103F10720771;CATEGORIA0;;1;1;0;1;;FORD FOCUS 2018.07-*FAROLIM TRÁS ESQ(5P)(P21W/PY21W);FORD FOCUS 2018.07-*FAROLIM TRÁS ESQ(5P)(P21W/PY21W);0;;
61;1540;103F10720772;1540;103F10720772;CATEGORIA0;;1;1;0;1;;FORD FOCUS 2018.07-*FAROLIM TRÁS DRT MALA(5P)(W5W/LED);FORD FOCUS 2018.07-*FAROLIM TRÁS DRT MALA(5P)(W5W/LED);0;;
61;1540;103F10720773;1540;103F10720773;CATEGORIA0;;1;1;0;1;;FORD FOCUS 2018.07-*FAROLIM TRÁS ESQ MALA(5P)(W5W/LED);FORD FOCUS 2018.07-*FAROLIM TRÁS ESQ MALA(5P)(W5W/LED);0;;
61;1540;103F10741772;1540;103F10741772;CATEGORIA0;;1;1;0;1;;FORD KA+ 2018.02- *FAROLIM TRÁS DRT;FORD KA+ 2018.02- *FAROLIM TRÁS DRT;0;;
61;1540;103F10741773;1540;103F10741773;CATEGORIA0;;1;1;0;1;;FORD KA+ 2018.02- *FAROLIM TRÁS ESQ;FORD KA+ 2018.02- *FAROLIM TRÁS ESQ;0;;
61;1540;103F10791770;1540;103F10791770;CATEGORIA0;;1;1;0;1;;FORD ECOSPORT 2017.11-*FAROLIM TRÁS DRT(CANTO);FORD ECOSPORT 2017.11-*FAROLIM TRÁS DRT(CANTO);0;;
61;1540;103F10791771;1540;103F10791771;CATEGORIA0;;1;1;0;1;;FORD ECOSPORT 2017.11-*FAROLIM TRÁS ESQ(CANTO);FORD ECOSPORT 2017.11-*FAROLIM TRÁS ESQ(CANTO);0;;
61;1540;103F12041100;1540;103F12041100;CATEGORIA0;;1;1;0;1;;LADA SAMARA*FAROLIM FRT DRT;LADA SAMARA*FAROLIM FRT DRT;0;;
61;1540;103F12041101;1540;103F12041101;CATEGORIA0;;1;1;0;1;;LADA SAMARA*FAROLIM FRT ESQ;LADA SAMARA*FAROLIM FRT ESQ;0;;
61;1540;103F12071380;1540;103F12071380;CATEGORIA0;;1;1;0;1;;LANCIA DELTA 2008.08-*FAROLIM TRÁS NEVOEIRO DRT;LANCIA DELTA 2008.08-*FAROLIM TRÁS NEVOEIRO DRT;0;;
61;1540;103F12071381;1540;103F12071381;CATEGORIA0;;1;1;0;1;;LANCIA DELTA 2008.08-*FAROLIM TRÁS NEVOEIRO ESQ;LANCIA DELTA 2008.08-*FAROLIM TRÁS NEVOEIRO ESQ;0;;
61;1540;103F12071770;1540;103F12071770;CATEGORIA0;;1;1;0;1;;LANCIA DELTA 2008.08-*FAROLIM TRÁS DRT;LANCIA DELTA 2008.08-*FAROLIM TRÁS DRT;0;;
61;1540;103F12071771;1540;103F12071771;CATEGORIA0;;1;1;0;1;;LANCIA DELTA 2008.08-*FAROLIM TRÁS ESQ;LANCIA DELTA 2008.08-*FAROLIM TRÁS ESQ;0;;
61;1540;103F12081310;1540;103F12081310;CATEGORIA0;;1;1;0;1;;LANCIA YPSILON 12-*FAROLIM LAT DRT;LANCIA YPSILON 12-*FAROLIM LAT DRT;0;;
61;1540;103F12081311;1540;103F12081311;CATEGORIA0;;1;1;0;1;;LANCIA YPSILON 12-*FAROLIM LAT ESQ;LANCIA YPSILON 12-*FAROLIM LAT ESQ;0;;
61;1540;103F12081770;1540;103F12081770;CATEGORIA0;;1;1;0;1;;LANCIA YPSILON 12-*FAROLIM TRÁS DRT;LANCIA YPSILON 12-*FAROLIM TRÁS DRT;0;;
61;1540;103F12081771;1540;103F12081771;CATEGORIA0;;1;1;0;1;;LANCIA YPSILON 12-*FAROLIM TRÁS ESQ;LANCIA YPSILON 12-*FAROLIM TRÁS ESQ;0;;
61;1540;103F12091770;1540;103F12091770;CATEGORIA0;;1;1;0;1;;LANCIA MUSA 04-*FAROLIM TRÁS DRT;LANCIA MUSA 04-*FAROLIM TRÁS DRT;0;;
61;1540;103F12091771;1540;103F12091771;CATEGORIA0;;1;1;0;1;;LANCIA MUSA 04-*FAROLIM TRÁS ESQ;LANCIA MUSA 04-*FAROLIM TRÁS ESQ;0;;
61;1540;103F12091900;1540;103F12091900;CATEGORIA0;;1;1;0;1;;LANCIA MUSA 2004.10-*TERCEIRA LUZ STOP;LANCIA MUSA 2004.10-*TERCEIRA LUZ STOP;0;;
61;1540;103F13011510;1540;103F13011510;CATEGORIA0;;1;1;0;1;;MERCEDES W115 -76*FAROLIM TRÁS DRT;MERCEDES W115 -76*FAROLIM TRÁS DRT;0;;
61;1540;103F13011511;1540;103F13011511;CATEGORIA0;;1;1;0;1;;MERCEDES W115 -76*FAROLIM TRÁS ESQ;MERCEDES W115 -76*FAROLIM TRÁS ESQ;0;;
61;1540;103F13011770;1540;103F13011770;CATEGORIA0;;1;1;0;1;;MERCEDES W115 -76*V/FAROLIM TRÁS DRT;MERCEDES W115 -76*V/FAROLIM TRÁS DRT;0;;
61;1540;103F13011771;1540;103F13011771;CATEGORIA0;;1;1;0;1;;MERCEDES W115 -76*V/FAROLIM TRÁS ESQ;MERCEDES W115 -76*V/FAROLIM TRÁS ESQ;0;;
61;1540;103F13022100;1540;103F13022100;CATEGORIA0;;1;1;0;1;;MERCEDES W123 76-*PISCA FRT DRT AMARELO;MERCEDES W123 76-*PISCA FRT DRT AMARELO;0;;
61;1540;103F13022101;1540;103F13022101;CATEGORIA0;;1;1;0;1;;MERCEDES W123 76-*PISCA FRT ESQ AMARELO;MERCEDES W123 76-*PISCA FRT ESQ AMARELO;0;;
61;1540;103F13022130;1540;103F13022130;CATEGORIA0;;1;1;0;1;;MERCEDES W123 76-*PISCA FRT DRT BRANCO;MERCEDES W123 76-*PISCA FRT DRT BRANCO;0;;
61;1540;103F13022131;1540;103F13022131;CATEGORIA0;;1;1;0;1;;MERCEDES W123 76-*FAROLIM FRT ESQ (BRANCO);MERCEDES W123 76-*FAROLIM FRT ESQ (BRANCO);0;;
61;1540;103F13041100;1540;103F13041100;CATEGORIA0;;1;1;0;1;;MERCEDES W201 82-*PISCA FRENTE DIREITO AMARELO;MERCEDES W201 82-*PISCA FRENTE DIREITO AMARELO;0;;
61;1540;103F13041101;1540;103F13041101;CATEGORIA0;;1;1;0;1;;MERCEDES W201 82-*PISCA FRENTE ESQUERDO AMARELO;MERCEDES W201 82-*PISCA FRENTE ESQUERDO AMARELO;0;;
61;1540;103F13041110;1540;103F13041110;CATEGORIA0;;1;1;0;1;;MERCEDES W201 82-*FAROLIM FRT DRT BRANCO;MERCEDES W201 82-*FAROLIM FRT DRT BRANCO;0;;
61;1540;103F13041111;1540;103F13041111;CATEGORIA0;;1;1;0;1;;MERCEDES W201 82-*FAROLIM FRT ESQ BRANCO;MERCEDES W201 82-*FAROLIM FRT ESQ BRANCO;0;;
61;1540;103F13041771;1540;103F13041771;CATEGORIA0;;1;1;0;1;;MERCEDES W201 82-*FAROLIM TRÁS ESQ;MERCEDES W201 82-*FAROLIM TRÁS ESQ;0;;
61;1540;103F13041780;1540;103F13041780;CATEGORIA0;;1;1;0;1;;MERCEDES W201 82-*FAROLIM TRÁS DRT (FUMADO);MERCEDES W201 82-*FAROLIM TRÁS DRT (FUMADO);0;;
61;1540;103F13041781;1540;103F13041781;CATEGORIA0;;1;1;0;1;;MERCEDES W201 82-*FAROLIM TRÁS ESQ (FUMADO);MERCEDES W201 82-*FAROLIM TRÁS ESQ (FUMADO);0;;
61;1540;103F13041820;1540;103F13041820;CATEGORIA0;;1;1;0;1;;MERCEDES W201 82-*VIDRO TRÁS DIREITO;MERCEDES W201 82-*VIDRO TRÁS DIREITO;0;;
61;1540;103F13042301;1540;103F13042301;CATEGORIA0;;1;1;0;1;;MERCEDES W201 85-95*FAROLIM LAT DRT/ESQ (AMARELO);MERCEDES W201 85-95*FAROLIM LAT DRT/ESQ (AMARELO);0;;
61;1540;103F13042321;1540;103F13042321;CATEGORIA0;;1;1;0;1;;MERCEDES C W202 93-97*FAROLIM LAT DRT/ESQ (BRANCO);MERCEDES C W202 93-97*FAROLIM LAT DRT/ESQ (BRANCO);0;;
61;1540;103F13061100;1540;103F13061100;CATEGORIA0;;1;1;0;1;;MERCEDES W124 85-*PISCA FRT DRT AMARELO;MERCEDES W124 85-*PISCA FRT DRT AMARELO;0;;
61;1540;103F13061101;1540;103F13061101;CATEGORIA0;;1;1;0;1;;MERCEDES W124 85-*PISCA FRT ESQ AMARELO;MERCEDES W124 85-*PISCA FRT ESQ AMARELO;0;;
61;1540;103F13061729;1540;103F13061729;CATEGORIA0;;1;1;0;1;;MERCEDES W124 85-*FAROLIM TRÁS ESQ (BRANCO);MERCEDES W124 85-*FAROLIM TRÁS ESQ (BRANCO);0;;
61;1540;103F13061750;1540;103F13061750;CATEGORIA0;;1;1;0;1;;MERCEDES W124 85-*FAROLIM TRÁS DRT (TURBO);MERCEDES W124 85-*FAROLIM TRÁS DRT (TURBO);0;;
61;1540;103F13061751;1540;103F13061751;CATEGORIA0;;1;1;0;1;;MERCEDES W124 85-*FAROLIM TRÁS ESQ (TURBO);MERCEDES W124 85-*FAROLIM TRÁS ESQ (TURBO);0;;
61;1540;103F13061770;1540;103F13061770;CATEGORIA0;;1;1;0;1;;MERCEDES W124 85-*STOP TRÁS DIREITO;MERCEDES W124 85-*STOP TRÁS DIREITO;0;;
61;1540;103F13061771;1540;103F13061771;CATEGORIA0;;1;1;0;1;;MERCEDES W124 85-*STOP TRÁS ESQUERDO;MERCEDES W124 85-*STOP TRÁS ESQUERDO;0;;
61;1540;103F13061780;1540;103F13061780;CATEGORIA0;;1;1;0;1;;MERCEDES W124 85-*FAROLIM TRÁS DRT (FUMADO);MERCEDES W124 85-*FAROLIM TRÁS DRT (FUMADO);0;;
61;1540;103F13061781;1540;103F13061781;CATEGORIA0;;1;1;0;1;;MERCEDES W124 85-*FAROLIM TRÁS ESQ (FUMADO);MERCEDES W124 85-*FAROLIM TRÁS ESQ (FUMADO);0;;
61;1540;103F13061820;1540;103F13061820;CATEGORIA0;;1;1;0;1;;MERCEDES W124 85-*V/FAROLIM TRÁS DRT;MERCEDES W124 85-*V/FAROLIM TRÁS DRT;0;;
61;1540;103F13061821;1540;103F13061821;CATEGORIA0;;1;1;0;1;;MERCEDES W124 85-*VIDRO TRÁS ESQUERDO;MERCEDES W124 85-*VIDRO TRÁS ESQUERDO;0;;
61;1540;103F13061960;1540;103F13061960;CATEGORIA0;;1;1;0;1;;MERCEDES W124/W201 84-*FAROLIM MATRICULA;MERCEDES W124/W201 84-*FAROLIM MATRICULA;0;;
61;1540;103F13062130;1540;103F13062130;CATEGORIA0;;1;1;0;1;;MERCEDES W124 93-*PISCA FRT DRT BRANCO;MERCEDES W124 93-*PISCA FRT DRT BRANCO;0;;
61;1540;103F13062131;1540;103F13062131;CATEGORIA0;;1;1;0;1;;MERCEDES W124 93-*PISCA FRT ESQ BRANCO;MERCEDES W124 93-*PISCA FRT ESQ BRANCO;0;;
61;1540;103F13062780;1540;103F13062780;CATEGORIA0;;1;1;0;1;;MERCEDES W124 93-*FAROLIM TRÁS DRT (FUMADO);MERCEDES W124 93-*FAROLIM TRÁS DRT (FUMADO);0;;
61;1540;103F13062781;1540;103F13062781;CATEGORIA0;;1;1;0;1;;MERCEDES W124 93-*FAROLIM TRÁS ESQ FUMAD;MERCEDES W124 93-*FAROLIM TRÁS ESQ FUMAD;0;;
61;1540;103F13062880;1540;103F13062880;CATEGORIA0;;1;1;0;1;;MERCEDES W124 93-*VIDRO STOP DRT FUMADO;MERCEDES W124 93-*VIDRO STOP DRT FUMADO;0;;
61;1540;103F13062881;1540;103F13062881;CATEGORIA0;;1;1;0;1;;MERCEDES W124 93-*VIDRO STOP ESQ FUMADO;MERCEDES W124 93-*VIDRO STOP ESQ FUMADO;0;;
61;1540;103F13081100;1540;103F13081100;CATEGORIA0;;1;1;0;1;;MERCEDES C W202 93-*FAROLIM FRT DRT;MERCEDES C W202 93-*FAROLIM FRT DRT;0;;
61;1540;103F13081101;1540;103F13081101;CATEGORIA0;;1;1;0;1;;PISCA ESQ. AMARELO MERCEDES C W202;PISCA ESQ. AMARELO MERCEDES C W202;0;;
61;1540;103F13081110;1540;103F13081110;CATEGORIA0;;1;1;0;1;;PISCA DRT. BR. MERCEDES C W202;PISCA DRT. BR. MERCEDES C W202;0;;
61;1540;103F13081111;1540;103F13081111;CATEGORIA0;;1;1;0;1;;PISCA ESQ. BR. MERCEDES C  W202;PISCA ESQ. BR. MERCEDES C  W202;0;;
61;1540;103F13081820;1540;103F13081820;CATEGORIA0;;1;1;0;1;;MERCEDES C W202 93-*V/FAROLIM TRÁS DRT (VERMELHO/BRANCO/AMAR;MERCEDES C W202 93-*V/FAROLIM TRÁS DRT (VERMELHO/BRANCO/AMAR;0;;
61;1540;103F13081850;1540;103F13081850;CATEGORIA0;;1;1;0;1;;MERCEDES C W202 93-*V/FAROLIM TRÁS DRT (VERMELHO/FUMADO/BRAN;MERCEDES C W202 93-*V/FAROLIM TRÁS DRT (VERMELHO/FUMADO/BRAN;0;;
61;1540;103F13082331;1540;103F13082331;CATEGORIA0;;1;1;0;1;;MERCEDES C W202/E210 95-*FAROLIM LAT BRANC;MERCEDES C W202/E210 95-*FAROLIM LAT BRANC;0;;
61;1540;103F13091311;1540;103F13091311;CATEGORIA0;;1;1;0;1;;MERCEDES SPRINTER/VITO 95-* FAROLIM LAT DRT/ESQ;MERCEDES SPRINTER/VITO 95-* FAROLIM LAT DRT/ESQ;0;;
61;1540;103F13091331;1540;103F13091331;CATEGORIA0;;1;1;0;1;;SPRINTER/VITO 95- FAROLIM LAT. DTO./ESQ.;SPRINTER/VITO 95- FAROLIM LAT. DTO./ESQ.;0;;
61;1540;103F13091760;1540;103F13091760;CATEGORIA0;;1;1;0;1;;MERCEDES W210 95-98*STOP G/L DRT;MERCEDES W210 95-98*STOP G/L DRT;0;;
61;1540;103F13091761;1540;103F13091761;CATEGORIA0;;1;1;0;1;;MERCEDES W210 95-98*STOP G/L ESQ;MERCEDES W210 95-98*STOP G/L ESQ;0;;
61;1540;103F13111331;1540;103F13111331;CATEGORIA0;;1;1;0;1;;MERCEDES A W168 97-*FAROLIM LAT DRT/ESQ (BRANCO);MERCEDES A W168 97-*FAROLIM LAT DRT/ESQ (BRANCO);0;;
61;1540;103F13131340;1540;103F13131340;CATEGORIA0;;1;1;0;1;;MERCEDES C W203 01-04*FAROLIM LAT DRT(ESPELHO);MERCEDES C W203 01-04*FAROLIM LAT DRT(ESPELHO);0;;
61;1540;103F13131341;1540;103F13131341;CATEGORIA0;;1;1;0;1;;MERCEDES C W203 01-04*FAROLIM LAT ESQ(ESPELHO);MERCEDES C W203 01-04*FAROLIM LAT ESQ(ESPELHO);0;;
61;1540;103F13131750;1540;103F13131750;CATEGORIA0;;1;1;0;1;;MERCEDES C W203 04-*FAROLIM TRÁS DRT(SW);MERCEDES C W203 04-*FAROLIM TRÁS DRT(SW);0;;
61;1540;103F13131751;1540;103F13131751;CATEGORIA0;;1;1;0;1;;MERCEDES C W203 04-*FAROLIM TRÁS ESQ(SW);MERCEDES C W203 04-*FAROLIM TRÁS ESQ(SW);0;;
61;1540;103F13131770;1540;103F13131770;CATEGORIA0;;1;1;0;1;;MERCEDES C W203 01-*FAROLIM TR. DRT(AUTO);MERCEDES C W203 01-*FAROLIM TR. DRT(AUTO);0;;
61;1540;103F13131771;1540;103F13131771;CATEGORIA0;;1;1;0;1;;MERCEDES C W203 01-*FAROLIM TRÁS ESQ(AUTO);MERCEDES C W203 01-*FAROLIM TRÁS ESQ(AUTO);0;;
61;1540;103F13131780;1540;103F13131780;CATEGORIA0;;1;1;0;1;;MERCEDES C W203 04-*FAROLIM TRÁS DRT;MERCEDES C W203 04-*FAROLIM TRÁS DRT;0;;
61;1540;103F13131781;1540;103F13131781;CATEGORIA0;;1;1;0;1;;MERCEDES C W203 04-*FAROLIM TRÁS ESQ;MERCEDES C W203 04-*FAROLIM TRÁS ESQ;0;;
61;1540;103F13131900;1540;103F13131900;CATEGORIA0;;1;1;0;1;;MERCEDES C W203 2000.05-*TERCEIRA LUZ STOP(LED);MERCEDES C W203 2000.05-*TERCEIRA LUZ STOP(LED);0;;
61;1540;103F13131901;1540;103F13131901;CATEGORIA0;;1;1;0;1;;MERCEDES C W203 2000.05-*TERCEIRA LUZ STOP(LED)(FUMADO);MERCEDES C W203 2000.05-*TERCEIRA LUZ STOP(LED)(FUMADO);0;;
61;1540;103F13131960;1540;103F13131960;CATEGORIA0;;1;1;0;1;;MERCEDES C W203/W219 01-*FAROLIM MATRICULA;MERCEDES C W203/W219 01-*FAROLIM MATRICULA;0;;
61;1540;103F13141380;1540;103F13141380;CATEGORIA0;;1;1;0;1;;MERCEDES VITO W639 2003.09-*REFLETOR CANTO P/CH TRÁS DRT;MERCEDES VITO W639 2003.09-*REFLETOR CANTO P/CH TRÁS DRT;0;;
61;1540;103F13141381;1540;103F13141381;CATEGORIA0;;1;1;0;1;;MERCEDES VITO W639 2003.09-*REFLETOR CANTO P/CH TRÁS ESQ;MERCEDES VITO W639 2003.09-*REFLETOR CANTO P/CH TRÁS ESQ;0;;
61;1540;103F13141750;1540;103F13141750;CATEGORIA0;;1;1;0;1;;MERCEDES VITO 03-*FAROLIM TRÁS DRT;MERCEDES VITO 03-*FAROLIM TRÁS DRT;0;;
61;1540;103F13141751;1540;103F13141751;CATEGORIA0;;1;1;0;1;;MERCEDES VITO 03-*FAROLIM TRÁS ESQ;MERCEDES VITO 03-*FAROLIM TRÁS ESQ;0;;
61;1540;103F13141900;1540;103F13141900;CATEGORIA0;;1;1;0;1;;VITO W639- FAROLIM 3.º STOP;VITO W639- FAROLIM 3.º STOP;0;;
61;1540;103F13141901;1540;103F13141901;CATEGORIA0;;1;1;0;1;;MERCEDES VITO W639 2003.09-*TERCEIRA LUZ STOP FUMADO(LED);MERCEDES VITO W639 2003.09-*TERCEIRA LUZ STOP FUMADO(LED);0;;
61;1540;103F13161770;1540;103F13161770;CATEGORIA0;;1;1;0;1;;MERCEDES ML (W163) 98-*FAROLIM TRÁS DRT;MERCEDES ML (W163) 98-*FAROLIM TRÁS DRT;0;;
61;1540;103F13161771;1540;103F13161771;CATEGORIA0;;1;1;0;1;;MERCEDES ML (W163) 98-*FAROLIM TRÁS ESQ;MERCEDES ML (W163) 98-*FAROLIM TRÁS ESQ;0;;
61;1540;103F13171340;1540;103F13171340;CATEGORIA0;;1;1;0;1;;MERCEDES C W204 07-*FAROLIM LAT DRT(ESPELHO);MERCEDES C W204 07-*FAROLIM LAT DRT(ESPELHO);0;;
61;1540;103F13171341;1540;103F13171341;CATEGORIA0;;1;1;0;1;;MERCEDES C W204 07-*FAROLIM LAT ESQ(ESPELHO);MERCEDES C W204 07-*FAROLIM LAT ESQ(ESPELHO);0;;
61;1540;103F13171750;1540;103F13171750;CATEGORIA0;;1;1;0;1;;MERCEDES C W204 07-*FAROLIM TRÁS DRT (VERMELHO/FUMADO 4P);MERCEDES C W204 07-*FAROLIM TRÁS DRT (VERMELHO/FUMADO 4P);0;;
61;1540;103F13171751;1540;103F13171751;CATEGORIA0;;1;1;0;1;;MERCEDES C W204 07-*FAROLIM TRÁS ESQ;MERCEDES C W204 07-*FAROLIM TRÁS ESQ;0;;
61;1540;103F13171752;1540;103F13171752;CATEGORIA0;;1;1;0;1;;MERCEDES C W204 07-*FAROLIM TRÁS DRT (LED 4P);MERCEDES C W204 07-*FAROLIM TRÁS DRT (LED 4P);0;;
61;1540;103F13171753;1540;103F13171753;CATEGORIA0;;1;1;0;1;;MERCEDES C W204 07-*FAROLIM TRÁS ESQ (LED 4P);MERCEDES C W204 07-*FAROLIM TRÁS ESQ (LED 4P);0;;
61;1540;103F131717533;1540;103F131717533;CATEGORIA0;;1;1;0;1;;MERCEDES C W204 07-*FAROLIM TRÁS ESQ (LED 4P);MERCEDES C W204 07-*FAROLIM TRÁS ESQ (LED 4P);0;;
61;1540;103F13171770;1540;103F13171770;CATEGORIA0;;1;1;0;1;;MERCEDES C W204 07-*FAROLIM TRÁS DRT (VERMELHO/BRANCO 4P);MERCEDES C W204 07-*FAROLIM TRÁS DRT (VERMELHO/BRANCO 4P);0;;
61;1540;103F13171771;1540;103F13171771;CATEGORIA0;;1;1;0;1;;MERCEDES C W204 07-*FAROLIM TRÁS ESQ (VERMELHO/BRANCO 4P);MERCEDES C W204 07-*FAROLIM TRÁS ESQ (VERMELHO/BRANCO 4P);0;;
61;1540;103F13171772;1540;103F13171772;CATEGORIA0;;1;1;0;1;;MERCEDES C W204 07-*FAROLIM TRÁS DRT (SW VERMELHO/BRANCO);MERCEDES C W204 07-*FAROLIM TRÁS DRT (SW VERMELHO/BRANCO);0;;
61;1540;103F13171773;1540;103F13171773;CATEGORIA0;;1;1;0;1;;MERCEDES C W204 07-*FAROLIM TRÁS ESQ (SW VERMELHO/BRANCO);MERCEDES C W204 07-*FAROLIM TRÁS ESQ (SW VERMELHO/BRANCO);0;;
61;1540;103F13171774;1540;103F13171774;CATEGORIA0;;1;1;0;1;;MERCEDES C W204 07-*FAROLIM TR DRT (SW)VERM/FUM;MERCEDES C W204 07-*FAROLIM TR DRT (SW)VERM/FUM;0;;
61;1540;103F13171775;1540;103F13171775;CATEGORIA0;;1;1;0;1;;MERCEDES C W204 07-*FAROLIM TRÁS ESQ (SW VERMELHO/FUMADO);MERCEDES C W204 07-*FAROLIM TRÁS ESQ (SW VERMELHO/FUMADO);0;;
61;1540;103F13171776;1540;103F13171776;CATEGORIA0;;1;1;0;1;;MERCEDES C W204 07-*FAROLIM TRÁS DRT (SW LED);MERCEDES C W204 07-*FAROLIM TRÁS DRT (SW LED);0;;
61;1540;103F13171777;1540;103F13171777;CATEGORIA0;;1;1;0;1;;MERCEDES C W204 07-*FAROLIM TRÁS ESQ (SW LED);MERCEDES C W204 07-*FAROLIM TRÁS ESQ (SW LED);0;;
61;1540;103F13181311;1540;103F13181311;CATEGORIA0;;1;1;0;1;;MERCEDES SPRINTER/CRAFT 06-*FAROLIM LAT DRT/ESQ;MERCEDES SPRINTER/CRAFT 06-*FAROLIM LAT DRT/ESQ;0;;
61;1540;103F13181340;1540;103F13181340;CATEGORIA0;;1;1;0;1;;MERCEDES SPRINTER/CRAFT 06-*FAROLIM LAT DRT(ESP);MERCEDES SPRINTER/CRAFT 06-*FAROLIM LAT DRT(ESP);0;;
61;1540;103F13181341;1540;103F13181341;CATEGORIA0;;1;1;0;1;;MERCEDES SPRINTER/CRAFT 06-*FAROLIM  LAT ESQ(ESP);MERCEDES SPRINTER/CRAFT 06-*FAROLIM  LAT ESQ(ESP);0;;
61;1540;103F13181380;1540;103F13181380;CATEGORIA0;;1;1;0;1;;SPRINTER/CRAFTER 06-*REFLETOR CANTO P/CH TRÁS DRT;SPRINTER/CRAFTER 06-*REFLETOR CANTO P/CH TRÁS DRT;0;;
61;1540;103F13181381;1540;103F13181381;CATEGORIA0;;1;1;0;1;;SPRINTER/CRAFTER 06-*REFLETOR CANTO P/CH TRÁS ESQ;SPRINTER/CRAFTER 06-*REFLETOR CANTO P/CH TRÁS ESQ;0;;
61;1540;103F13181710;1540;103F13181710;CATEGORIA0;;1;1;0;1;;MERCEDES SPRINT/CRAFT/MAN TGE 06-*V/FAROLIM TRÁS DRT VERMELH;MERCEDES SPRINT/CRAFT/MAN TGE 06-*V/FAROLIM TRÁS DRT VERMELH;0;;
61;1540;103F13181711;1540;103F13181711;CATEGORIA0;;1;1;0;1;;MERCEDES SPRINT/CRAFT/MAN TGE 06-*V/FAROLIM TRÁS ESQ VERMELH;MERCEDES SPRINT/CRAFT/MAN TGE 06-*V/FAROLIM TRÁS ESQ VERMELH;0;;
61;1540;103F13181712;1540;103F13181712;CATEGORIA0;;1;1;0;1;;MERCEDES SPRINT/CRAFT/MAN TGE 06-*V/FAROLIM TRÁS DRT VERMELH;MERCEDES SPRINT/CRAFT/MAN TGE 06-*V/FAROLIM TRÁS DRT VERMELH;0;;
61;1540;103F13181713;1540;103F13181713;CATEGORIA0;;1;1;0;1;;MERCEDES SPRINT/CRAFT/MAN TGE 06-*V/FAROLIM TRÁS ESQ VERMELH;MERCEDES SPRINT/CRAFT/MAN TGE 06-*V/FAROLIM TRÁS ESQ VERMELH;0;;
61;1540;103F13181770;1540;103F13181770;CATEGORIA0;;1;1;0;1;;MERCEDES SPRINTER 06-*FAROLIM TRÁS DRT;MERCEDES SPRINTER 06-*FAROLIM TRÁS DRT;0;;
61;1540;103F13181771;1540;103F13181771;CATEGORIA0;;1;1;0;1;;MERCEDES SPRINTER 06-*FAROLIM TRÁS ESQ;MERCEDES SPRINTER 06-*FAROLIM TRÁS ESQ;0;;
61;1540;103F13181772;1540;103F13181772;CATEGORIA0;;1;1;0;1;;MERCEDES SPRINTER/CRAFTER/MAN TGE 06-*FAROLIM TRÁS DRT VERM/;MERCEDES SPRINTER/CRAFTER/MAN TGE 06-*FAROLIM TRÁS DRT VERM/;0;;
61;1540;103F13181773;1540;103F13181773;CATEGORIA0;;1;1;0;1;;SPRINTER/CRAFTER 06- FAROLIM TRÁS ESQ.;SPRINTER/CRAFTER 06- FAROLIM TRÁS ESQ.;0;;
61;1540;103F13181900;1540;103F13181900;CATEGORIA0;;1;1;0;1;;MERCEDES SPRINTER/CRAFTER 06-*TERCEIRA LUZ STOP;MERCEDES SPRINTER/CRAFTER 06-*TERCEIRA LUZ STOP;0;;
61;1540;103F13181960;1540;103F13181960;CATEGORIA0;;1;1;0;1;;FAROLIM MATRICULA;FAROLIM MATRICULA;0;;
61;1540;103F13181962;1540;103F13181962;CATEGORIA0;;1;1;0;1;;MERCEDES SPRINTER/CRAFTER 06-*KIT(2 UNID)FAROLIM MATRICULA(L;MERCEDES SPRINTER/CRAFTER 06-*KIT(2 UNID)FAROLIM MATRICULA(L;0;;
61;1540;103F13191130;1540;103F13191130;CATEGORIA0;;1;1;0;1;;MERCEDES SPRINTER 95-*FAROLIM FRT DRT;MERCEDES SPRINTER 95-*FAROLIM FRT DRT;0;;
61;1540;103F13191131;1540;103F13191131;CATEGORIA0;;1;1;0;1;;FAROLIM FRT ESQ. SPRINTER;FAROLIM FRT ESQ. SPRINTER;0;;
61;1540;103F13191710;1540;103F13191710;CATEGORIA0;;1;1;0;1;;MERCEDES SPRINTER 95-*FAR TR DRT MONOBLOCO;MERCEDES SPRINTER 95-*FAR TR DRT MONOBLOCO;0;;
61;1540;103F13191711;1540;103F13191711;CATEGORIA0;;1;1;0;1;;MERCEDES SPRINTER 95-*FAR TR ESQ MONOBLOCO;MERCEDES SPRINTER 95-*FAR TR ESQ MONOBLOCO;0;;
61;1540;103F13191770;1540;103F13191770;CATEGORIA0;;1;1;0;1;;MERCEDES SPRINTER 95-06*FAROLIM TRÁS DRT(CX ABERTA);MERCEDES SPRINTER 95-06*FAROLIM TRÁS DRT(CX ABERTA);0;;
61;1540;103F13191771;1540;103F13191771;CATEGORIA0;;1;1;0;1;;MERCEDES SPRINTER 95-06*FAROLIM TRÁS ESQ(CX ABERTA);MERCEDES SPRINTER 95-06*FAROLIM TRÁS ESQ(CX ABERTA);0;;
61;1540;103F13191772;1540;103F13191772;CATEGORIA0;;1;1;0;1;;MERCEDES SPRINTER 95-06*V/FAROLIM TRÁS DRT/ESQ(CX ABERTA);MERCEDES SPRINTER 95-06*V/FAROLIM TRÁS DRT/ESQ(CX ABERTA);0;;
61;1540;103F13191960;1540;103F13191960;CATEGORIA0;;1;1;0;1;;MERCEDES SPRINTER/LT 95-*FAROLIM CHAPA MATRICULA;MERCEDES SPRINTER/LT 95-*FAROLIM CHAPA MATRICULA;0;;
61;1540;103F13191962;1540;103F13191962;CATEGORIA0;;1;1;0;1;;MERCEDES SPRINTER/LT 95-*KIT(2 UNID)FAROLIM MATRICULA(LED);MERCEDES SPRINTER/LT 95-*KIT(2 UNID)FAROLIM MATRICULA(LED);0;;
61;1540;103F13220770;1540;103F13220770;CATEGORIA0;;1;1;0;1;;MERCEDES E W212 09-*FAROLIM TRÁS DRT (CANTO ELEG LED);MERCEDES E W212 09-*FAROLIM TRÁS DRT (CANTO ELEG LED);0;;
61;1540;103F13220771;1540;103F13220771;CATEGORIA0;;1;1;0;1;;MERCEDES E W212 09-*FAROLIM TRÁS ESQ (CANTO ELEG LED);MERCEDES E W212 09-*FAROLIM TRÁS ESQ (CANTO ELEG LED);0;;
61;1540;103F13220772;1540;103F13220772;CATEGORIA0;;1;1;0;1;;MERCEDES E W212 09-*FAROLIM TRÁS DRT (MEIO ELEG/AVANTG LED);MERCEDES E W212 09-*FAROLIM TRÁS DRT (MEIO ELEG/AVANTG LED);0;;
61;1540;103F13220773;1540;103F13220773;CATEGORIA0;;1;1;0;1;;MERCEDES E W212 09-*FAROLIM TRÁS ESQ (MEIO ELEG/AVANTG LED);MERCEDES E W212 09-*FAROLIM TRÁS ESQ (MEIO ELEG/AVANTG LED);0;;
61;1540;103F13220774;1540;103F13220774;CATEGORIA0;;1;1;0;1;;MERCEDES E W212 09-*FAROLIM TRÁS DRT (CANTO AVANTG LED);MERCEDES E W212 09-*FAROLIM TRÁS DRT (CANTO AVANTG LED);0;;
61;1540;103F13220775;1540;103F13220775;CATEGORIA0;;1;1;0;1;;MERCEDES E W212 09-*FAROLIM TRÁS ESQ (CANTO AVANTG LED);MERCEDES E W212 09-*FAROLIM TRÁS ESQ (CANTO AVANTG LED);0;;
61;1540;103F13220776;1540;103F13220776;CATEGORIA0;;1;1;0;1;;MERCEDES E W212 09-*FAROLIM TRÁS DRT (MEIO WAGON AVANTG/CLAS;MERCEDES E W212 09-*FAROLIM TRÁS DRT (MEIO WAGON AVANTG/CLAS;0;;
61;1540;103F13220778;1540;103F13220778;CATEGORIA0;;1;1;0;1;;MERCEDES E W212 09-*FAROLIM TRÁS DRT (CANTO WAGON AVANTG LED;MERCEDES E W212 09-*FAROLIM TRÁS DRT (CANTO WAGON AVANTG LED;0;;
61;1540;103F13220779;1540;103F13220779;CATEGORIA0;;1;1;0;1;;MERCEDES E W212 09-*FAROLIM TRÁS ESQ (CANTO WAGON AVANTG LED;MERCEDES E W212 09-*FAROLIM TRÁS ESQ (CANTO WAGON AVANTG LED;0;;
61;1540;103F13220780;1540;103F13220780;CATEGORIA0;;1;1;0;1;;MERCEDES E W212 09-*FAROLIM TRÁS DRT (CANTO WAGON CLASSIC LE;MERCEDES E W212 09-*FAROLIM TRÁS DRT (CANTO WAGON CLASSIC LE;0;;
61;1540;103F13220781;1540;103F13220781;CATEGORIA0;;1;1;0;1;;MERCEDES E W212 09-*FAROLIM TRÁS ESQ (CANTO WAGON CLASSIC LE;MERCEDES E W212 09-*FAROLIM TRÁS ESQ (CANTO WAGON CLASSIC LE;0;;
61;1540;103F13241340;1540;103F13241340;CATEGORIA0;;1;1;0;1;;MERCEDES C W204/COUPE 11-*FAROLIM LAT DRT (ESPELHO);MERCEDES C W204/COUPE 11-*FAROLIM LAT DRT (ESPELHO);0;;
61;1540;103F13241341;1540;103F13241341;CATEGORIA0;;1;1;0;1;;MERCEDES C W204/COUPE 11-*FAROLIM LAT ESQ (ESPELHO);MERCEDES C W204/COUPE 11-*FAROLIM LAT ESQ (ESPELHO);0;;
61;1540;103F13241770;1540;103F13241770;CATEGORIA0;;1;1;0;1;;MERCEDES C W204/COUPE 11-*FAROLIM TRÁS DRT (LED);MERCEDES C W204/COUPE 11-*FAROLIM TRÁS DRT (LED);0;;
61;1540;103F13241771;1540;103F13241771;CATEGORIA0;;1;1;0;1;;MERCEDES C W204/COUPE 11-*FAROLIM TRÁS ESQ (LED);MERCEDES C W204/COUPE 11-*FAROLIM TRÁS ESQ (LED);0;;
61;1540;103F13241772;1540;103F13241772;CATEGORIA0;;1;1;0;1;;MERCEDES C W204 11-*FAROLIM TRÁS DRT (SW LED);MERCEDES C W204 11-*FAROLIM TRÁS DRT (SW LED);0;;
61;1540;103F13241773;1540;103F13241773;CATEGORIA0;;1;1;0;1;;MERCEDES W204 11- FAROLIM TRÁS ESQ. (SW LED);MERCEDES W204 11- FAROLIM TRÁS ESQ. (SW LED);0;;
61;1540;103F13251770;1540;103F13251770;CATEGORIA0;;1;1;0;1;;MERCEDES CLK W209 06-*FAROLIM TRÁS DRT BRANCO;MERCEDES CLK W209 06-*FAROLIM TRÁS DRT BRANCO;0;;
61;1540;103F13251771;1540;103F13251771;CATEGORIA0;;1;1;0;1;;MERCEDES CLK W209 06-*FAROLIM TRÁS ESQ (BRANCO);MERCEDES CLK W209 06-*FAROLIM TRÁS ESQ (BRANCO);0;;
61;1540;103F13251780;1540;103F13251780;CATEGORIA0;;1;1;0;1;;CLK W209 06- FAROLIM TRÁS DTO. (FUMADO);CLK W209 06- FAROLIM TRÁS DTO. (FUMADO);0;;
61;1540;103F13251781;1540;103F13251781;CATEGORIA0;;1;1;0;1;;MERCEDES CLK W209 06-*FAROLIM TRÁS ESQ (FUMADO);MERCEDES CLK W209 06-*FAROLIM TRÁS ESQ (FUMADO);0;;
61;1540;103F13261770;1540;103F13261770;CATEGORIA0;;1;1;0;1;;MERCEDES E W213 2016.01-*FAROLIM TRÁS DRT(LED/PY21W/W16W);MERCEDES E W213 2016.01-*FAROLIM TRÁS DRT(LED/PY21W/W16W);0;;
61;1540;103F13261771;1540;103F13261771;CATEGORIA0;;1;1;0;1;;MERCEDES E W213 2016.01-*FAROLIM TRÁS ESQ(LED/PY21W);MERCEDES E W213 2016.01-*FAROLIM TRÁS ESQ(LED/PY21W);0;;
61;1540;103F13261774;1540;103F13261774;CATEGORIA0;;1;1;0;1;;MERCEDES E W213 2016.01-*FAROLIM TRÁS DRT(LED);MERCEDES E W213 2016.01-*FAROLIM TRÁS DRT(LED);0;;
61;1540;103F13261775;1540;103F13261775;CATEGORIA0;;1;1;0;1;;MERCEDES E W213 2016.01-*FAROLIM TRÁS ESQ(LED);MERCEDES E W213 2016.01-*FAROLIM TRÁS ESQ(LED);0;;
61;1540;103F13270340;1540;103F13270340;CATEGORIA0;;1;1;0;1;;FAROLIM LAT.DIR.;FAROLIM LAT.DIR.;0;;
61;1540;103F13270341;1540;103F13270341;CATEGORIA0;;1;1;0;1;;MERCEDES SPRINTER 2018.02-*FAROLIM LAT ESQ (ESPELHO);MERCEDES SPRINTER 2018.02-*FAROLIM LAT ESQ (ESPELHO);0;;
61;1540;103F13271380;1540;103F13271380;CATEGORIA0;;1;1;0;1;;MERCEDES SPRINTER 2018.02-*REFLETOR DRT CANTO P/CH TRÁS;MERCEDES SPRINTER 2018.02-*REFLETOR DRT CANTO P/CH TRÁS;0;;
61;1540;103F13271381;1540;103F13271381;CATEGORIA0;;1;1;0;1;;MERCEDES SPRINTER 2018.02-*REFLETOR ESQ CANTO P/CH TRÁS;MERCEDES SPRINTER 2018.02-*REFLETOR ESQ CANTO P/CH TRÁS;0;;
61;1540;103F13271770;1540;103F13271770;CATEGORIA0;;1;1;0;1;;MERCEDES SPRINTER 2018.02-*FAROLIM TRÁS DRT;MERCEDES SPRINTER 2018.02-*FAROLIM TRÁS DRT;0;;
61;1540;103F13271771;1540;103F13271771;CATEGORIA0;;1;1;0;1;;MERCEDES SPRINTER 2018.02-*FAROLIM TRÁS ESQ;MERCEDES SPRINTER 2018.02-*FAROLIM TRÁS ESQ;0;;
61;1540;103F13281770;1540;103F13281770;CATEGORIA0;;1;1;0;1;;MERCEDES GLA X156 2017.01-*FAROLIM TRÁS DRT(LED);MERCEDES GLA X156 2017.01-*FAROLIM TRÁS DRT(LED);0;;
61;1540;103F13281771;1540;103F13281771;CATEGORIA0;;1;1;0;1;;MERCEDES GLA X156 2017.01-*FAROLIM TRÁS ESQ(LED);MERCEDES GLA X156 2017.01-*FAROLIM TRÁS ESQ(LED);0;;
61;1540;103F14110770;1540;103F14110770;CATEGORIA0;;1;1;0;1;;MERCEDES VITO 96-*FAROLIM TRÁS DRT;MERCEDES VITO 96-*FAROLIM TRÁS DRT;0;;
61;1540;103F14110771;1540;103F14110771;CATEGORIA0;;1;1;0;1;;MERCEDES VITO 96-*FAROLIM TRÁS ESQ;MERCEDES VITO 96-*FAROLIM TRÁS ESQ;0;;
61;1540;103F14121770;1540;103F14121770;CATEGORIA0;;1;1;0;1;;MERCEDES A W168 97-*FAROLIM TRÁS DRT (VERMELHO/BRANCO/AMAREL;MERCEDES A W168 97-*FAROLIM TRÁS DRT (VERMELHO/BRANCO/AMAREL;0;;
61;1540;103F14121771;1540;103F14121771;CATEGORIA0;;1;1;0;1;;MERCEDES A W168 97-*FAROLIM TRÁS ESQ(VE/BR/AM);MERCEDES A W168 97-*FAROLIM TRÁS ESQ(VE/BR/AM);0;;
61;1540;103F14121772;1540;103F14121772;CATEGORIA0;;1;1;0;1;;MERCEDES A W168 97-*FAROLIM TRÁS DRT (VERMELHO/ROSA/ROSA);MERCEDES A W168 97-*FAROLIM TRÁS DRT (VERMELHO/ROSA/ROSA);0;;
61;1540;103F14121773;1540;103F14121773;CATEGORIA0;;1;1;0;1;;MERCEDES A W168 97-*FAROLIM TRÁS ESQ (VERMELHO/ROSA/ROSA);MERCEDES A W168 97-*FAROLIM TRÁS ESQ (VERMELHO/ROSA/ROSA);0;;
61;1540;103F14121774;1540;103F14121774;CATEGORIA0;;1;1;0;1;;MERCEDES A W168 97-*FAROLIM TRÁS DRT (VERMELHO/BRANCO/FUMADO;MERCEDES A W168 97-*FAROLIM TRÁS DRT (VERMELHO/BRANCO/FUMADO;0;;
61;1540;103F14121775;1540;103F14121775;CATEGORIA0;;1;1;0;1;;MERCEDES A W168 97-*FAROLIM TRÁS ESQ (VERMELHO/BRANCO/FUMADO;MERCEDES A W168 97-*FAROLIM TRÁS ESQ (VERMELHO/BRANCO/FUMADO;0;;
61;1540;103F14130340;1540;103F14130340;CATEGORIA0;;1;1;0;1;;MERCEDES W210 99-*FAROLIM LAT DRT (ESPELHO);MERCEDES W210 99-*FAROLIM LAT DRT (ESPELHO);0;;
61;1540;103F14130341;1540;103F14130341;CATEGORIA0;;1;1;0;1;;MERCEDES W210 99-*FAROLIM LAT ESQ (ESPELHO);MERCEDES W210 99-*FAROLIM LAT ESQ (ESPELHO);0;;
61;1540;103F14130770;1540;103F14130770;CATEGORIA0;;1;1;0;1;;MERCEDES W210 99-*FAROLIM TRÁS DRT (CANTO FUMADO/VERMELHO);MERCEDES W210 99-*FAROLIM TRÁS DRT (CANTO FUMADO/VERMELHO);0;;
61;1540;103F14130771;1540;103F14130771;CATEGORIA0;;1;1;0;1;;MERCEDES W210 99-*FAROLIM TRÁS ESQ (CANTO FUMADO/VERMELHO);MERCEDES W210 99-*FAROLIM TRÁS ESQ (CANTO FUMADO/VERMELHO);0;;
61;1540;103F14130780;1540;103F14130780;CATEGORIA0;;1;1;0;1;;MERCEDES W210 99-*FAROLIM TRÁS DRT (CANTO BRANCO/VERMELHO);MERCEDES W210 99-*FAROLIM TRÁS DRT (CANTO BRANCO/VERMELHO);0;;
61;1540;103F14130781;1540;103F14130781;CATEGORIA0;;1;1;0;1;;MERCEDES W210 99-*FAR TRÁS ESQ CAN(FU/CL;MERCEDES W210 99-*FAR TRÁS ESQ CAN(FU/CL;0;;
61;1540;103F14141450;1540;103F14141450;CATEGORIA0;;1;1;0;1;;MERCEDES W211 02-*FAROLIM TRÁS DRT (CLASSIC/ELEGA);MERCEDES W211 02-*FAROLIM TRÁS DRT (CLASSIC/ELEGA);0;;
61;1540;103F14141451;1540;103F14141451;CATEGORIA0;;1;1;0;1;;MERCEDES W211 02-*FAROLIM TRÁS ESQ (CLASSIC/ELEGA);MERCEDES W211 02-*FAROLIM TRÁS ESQ (CLASSIC/ELEGA);0;;
61;1540;103F14141454;1540;103F14141454;CATEGORIA0;;1;1;0;1;;MERCEDES W211 02-*FAROLIM TRÁS DRT (AVANTGARD)LED;MERCEDES W211 02-*FAROLIM TRÁS DRT (AVANTGARD)LED;0;;
61;1540;103F14141455;1540;103F14141455;CATEGORIA0;;1;1;0;1;;MERCEDES W211 02-*FAROLIM TRÁS ESQ (AVANTGARD)LED;MERCEDES W211 02-*FAROLIM TRÁS ESQ (AVANTGARD)LED;0;;
61;1540;103F14141470;1540;103F14141470;CATEGORIA0;;1;1;0;1;;MERCEDES W211 02-*FAROLIM TR DRT(CLA/ELE/SW)VER/BR;MERCEDES W211 02-*FAROLIM TR DRT(CLA/ELE/SW)VER/BR;0;;
61;1540;103F14141471;1540;103F14141471;CATEGORIA0;;1;1;0;1;;MERCEDES W211 02-*FAROLIM TR ESQ(CLA/ELE/SW)VER/BR;MERCEDES W211 02-*FAROLIM TR ESQ(CLA/ELE/SW)VER/BR;0;;
61;1540;103F14141472;1540;103F14141472;CATEGORIA0;;1;1;0;1;;MERCEDES W211 02-*FAROLIM TRÁS DRT AVANT/SW LED (SEM PLACA L;MERCEDES W211 02-*FAROLIM TRÁS DRT AVANT/SW LED (SEM PLACA L;0;;
61;1540;103F14141473;1540;103F14141473;CATEGORIA0;;1;1;0;1;;MERCEDES W211 02-*FAROLIM TRÁS ESQ AVANT/SW LED (SEM PLACA L;MERCEDES W211 02-*FAROLIM TRÁS ESQ AVANT/SW LED (SEM PLACA L;0;;
61;1540;103F14141480;1540;103F14141480;CATEGORIA0;;1;1;0;1;;MERCEDES W211 06-*FAROLIM TRÁS DRT (VERMELHO/FUMADO CLA/ELEG;MERCEDES W211 06-*FAROLIM TRÁS DRT (VERMELHO/FUMADO CLA/ELEG;0;;
61;1540;103F14141481;1540;103F14141481;CATEGORIA0;;1;1;0;1;;MERCEDES W211 06-*FAROLIM TRÁS ESQ (VERMELHO/FUMADO CLA/ELEG;MERCEDES W211 06-*FAROLIM TRÁS ESQ (VERMELHO/FUMADO CLA/ELEG;0;;
61;1540;103F14141900;1540;103F14141900;CATEGORIA0;;1;1;0;1;;MERCEDES E W211 2002.03-*TERCEIRA LUZ STOP(LED);MERCEDES E W211 2002.03-*TERCEIRA LUZ STOP(LED);0;;
61;1540;103F14151110;1540;103F14151110;CATEGORIA0;;1;1;0;1;;MERCEDES SLK W170 96-00*FAROLIM FRT DRT;MERCEDES SLK W170 96-00*FAROLIM FRT DRT;0;;
61;1540;103F14151111;1540;103F14151111;CATEGORIA0;;1;1;0;1;;MERCEDES SLK W170 96-00*FAROLIM FRT ESQ;MERCEDES SLK W170 96-00*FAROLIM FRT ESQ;0;;
61;1540;103F14151770;1540;103F14151770;CATEGORIA0;;1;1;0;1;;MERCEDES SLK W170 96-00*FAROLIM TRÁS DRT;MERCEDES SLK W170 96-00*FAROLIM TRÁS DRT;0;;
61;1540;103F14151771;1540;103F14151771;CATEGORIA0;;1;1;0;1;;MERCEDES SLK W170 96-00*FAROLIM TRÁS ESQ;MERCEDES SLK W170 96-00*FAROLIM TRÁS ESQ;0;;
61;1540;103F14161770;1540;103F14161770;CATEGORIA0;;1;1;0;1;;STOP DTO. MERC. SPRINTER 03-;STOP DTO. MERC. SPRINTER 03-;0;;
61;1540;103F14161771;1540;103F14161771;CATEGORIA0;;1;1;0;1;;STOP ESQ. MERC. SPRINTER 03-;STOP ESQ. MERC. SPRINTER 03-;0;;
61;1540;103F14161772;1540;103F14161772;CATEGORIA0;;1;1;0;1;;SPRINTER 03- FAROLIM TRÁS DTO.;SPRINTER 03- FAROLIM TRÁS DTO.;0;;
61;1540;103F14161773;1540;103F14161773;CATEGORIA0;;1;1;0;1;;MERCEDES SPRINTER 03-*FAROLIM TRÁS ESQ (COMPLETO);MERCEDES SPRINTER 03-*FAROLIM TRÁS ESQ (COMPLETO);0;;
61;1540;103F14181770;1540;103F14181770;CATEGORIA0;;1;1;0;1;;MERCEDES S W220 98-*FAROLIM TRÁS DRT (LED);MERCEDES S W220 98-*FAROLIM TRÁS DRT (LED);0;;
61;1540;103F14181771;1540;103F14181771;CATEGORIA0;;1;1;0;1;;MERCEDES S W220 98-*FAROLIM TRÁS ESQ (LED);MERCEDES S W220 98-*FAROLIM TRÁS ESQ (LED);0;;
61;1540;103F14210770;1540;103F14210770;CATEGORIA0;;1;1;0;1;;MERCEDES CLASSE A 01-*FAROLIM TRÁS DRT (BRANCO);MERCEDES CLASSE A 01-*FAROLIM TRÁS DRT (BRANCO);0;;
61;1540;103F14210771;1540;103F14210771;CATEGORIA0;;1;1;0;1;;MERCEDES CLASSE A 01-*FAROLIM TRÁS ESQ (BRANCO);MERCEDES CLASSE A 01-*FAROLIM TRÁS ESQ (BRANCO);0;;
61;1540;103F14210780;1540;103F14210780;CATEGORIA0;;1;1;0;1;;MERCEDES W168 01- FAROLIM TRÁS DTO.;MERCEDES W168 01- FAROLIM TRÁS DTO.;0;;
61;1540;103F14210781;1540;103F14210781;CATEGORIA0;;1;1;0;1;;MERCEDES CLASSE A 01-*FAROLIM TRÁS ESQ (FUMADO);MERCEDES CLASSE A 01-*FAROLIM TRÁS ESQ (FUMADO);0;;
61;1540;103F14220340;1540;103F14220340;CATEGORIA0;;1;1;0;1;;MERCEDES CLASSE A/B 04-*FAROLIM LAT DRT (ESPELHO);MERCEDES CLASSE A/B 04-*FAROLIM LAT DRT (ESPELHO);0;;
61;1540;103F14220341;1540;103F14220341;CATEGORIA0;;1;1;0;1;;MERCEDES CLASSE A/B 04-*FAROLIM LAT ESQ (ESPELHO);MERCEDES CLASSE A/B 04-*FAROLIM LAT ESQ (ESPELHO);0;;
61;1540;103F14220770;1540;103F14220770;CATEGORIA0;;1;1;0;1;;MERCEDES CLASSE A 04-*FAROLIM TRÁS DRT (BRANCO);MERCEDES CLASSE A 04-*FAROLIM TRÁS DRT (BRANCO);0;;
61;1540;103F14220771;1540;103F14220771;CATEGORIA0;;1;1;0;1;;MERCEDES CLASSE A 04-*FAROLIM TRÁS ESQ (BRANCO);MERCEDES CLASSE A 04-*FAROLIM TRÁS ESQ (BRANCO);0;;
61;1540;103F14220780;1540;103F14220780;CATEGORIA0;;1;1;0;1;;MERCEDES CLASSE A 04-*FAROLIM TRÁS DRT (FUMADO);MERCEDES CLASSE A 04-*FAROLIM TRÁS DRT (FUMADO);0;;
61;1540;103F14220781;1540;103F14220781;CATEGORIA0;;1;1;0;1;;MERCEDES CLASSE A 04-*FAROLIM TRÁS ESQ (FUMADO);MERCEDES CLASSE A 04-*FAROLIM TRÁS ESQ (FUMADO);0;;
61;1540;103F14230770;1540;103F14230770;CATEGORIA0;;1;1;0;1;;MERCEDES S W220 02-*FAROLIM TRÁS DRT (LED);MERCEDES S W220 02-*FAROLIM TRÁS DRT (LED);0;;
61;1540;103F14230771;1540;103F14230771;CATEGORIA0;;1;1;0;1;;MERCEDES S W220 02-*FAROLIM TRÁS ESQ ( LED );MERCEDES S W220 02-*FAROLIM TRÁS ESQ ( LED );0;;
61;1540;103F14231770;1540;103F14231770;CATEGORIA0;;1;1;0;1;;MERCEDES B W245 2005.03-*FAROLIM TRÁS DRT(P21W/PY21W/P21/5W);MERCEDES B W245 2005.03-*FAROLIM TRÁS DRT(P21W/PY21W/P21/5W);0;;
61;1540;103F14231771;1540;103F14231771;CATEGORIA0;;1;1;0;1;;MERCEDES B W245 2005.03-*FAROLIM TRÁS ESQ(P21W/PY21W/P21/5W);MERCEDES B W245 2005.03-*FAROLIM TRÁS ESQ(P21W/PY21W/P21/5W);0;;
61;1540;103F14231772;1540;103F14231772;CATEGORIA0;;1;1;0;1;;MERCEDES B W245 2005.03-*FAROLIM TRÁS DRT FUMADO(P21W/PY21W/;MERCEDES B W245 2005.03-*FAROLIM TRÁS DRT FUMADO(P21W/PY21W/;0;;
61;1540;103F14231773;1540;103F14231773;CATEGORIA0;;1;1;0;1;;MERCEDES B W245 2005.03-*FAROLIM TRÁS ESQ FUMADO(P21W/PY21W/;MERCEDES B W245 2005.03-*FAROLIM TRÁS ESQ FUMADO(P21W/PY21W/;0;;
61;1540;103F14241340;1540;103F14241340;CATEGORIA0;;1;1;0;1;;MERCEDES E W211 06-*FAROLIM LAT DRT (ESPELHO);MERCEDES E W211 06-*FAROLIM LAT DRT (ESPELHO);0;;
61;1540;103F14241341;1540;103F14241341;CATEGORIA0;;1;1;0;1;;MERCEDES E W211 06-*FAROLIM LAT ESQ (ESPELHO);MERCEDES E W211 06-*FAROLIM LAT ESQ (ESPELHO);0;;
61;1540;103F14241770;1540;103F14241770;CATEGORIA0;;1;1;0;1;;MERCEDES E W211 06-*FAROLIM TRÁS DRT (SEDAN);MERCEDES E W211 06-*FAROLIM TRÁS DRT (SEDAN);0;;
61;1540;103F14241771;1540;103F14241771;CATEGORIA0;;1;1;0;1;;MERCEDES E W211 06-*FAROLIM TRÁS ESQ (SEDAN);MERCEDES E W211 06-*FAROLIM TRÁS ESQ (SEDAN);0;;
61;1540;103F14241773;1540;103F14241773;CATEGORIA0;;1;1;0;1;;MERCEDES E W211 06-*FAROLIM TRÁS ESQ (MALA FUMADO CLA/ELEG/S;MERCEDES E W211 06-*FAROLIM TRÁS ESQ (MALA FUMADO CLA/ELEG/S;0;;
61;1540;103F14271770;1540;103F14271770;CATEGORIA0;;1;1;0;1;;MCC SMART FOR TWO 2007.01-* FAROLIM TRÁS DRT;MCC SMART FOR TWO 2007.01-* FAROLIM TRÁS DRT;0;;
61;1540;103F14271771;1540;103F14271771;CATEGORIA0;;1;1;0;1;;MCC SMART FORTWO 2007.01-*FAROLIM TRÁS ESQ;MCC SMART FORTWO 2007.01-*FAROLIM TRÁS ESQ;0;;
61;1540;103F14280340;1540;103F14280340;CATEGORIA0;;1;1;0;1;;MERCEDES M W164 05-08*FAROLIM LAT DRT (ESPELHO);MERCEDES M W164 05-08*FAROLIM LAT DRT (ESPELHO);0;;
61;1540;103F14280341;1540;103F14280341;CATEGORIA0;;1;1;0;1;;MERCEDES M W164 05-08*FAROLIM LAT ESQ (ESPELHO);MERCEDES M W164 05-08*FAROLIM LAT ESQ (ESPELHO);0;;
61;1540;103F14280770;1540;103F14280770;CATEGORIA0;;1;1;0;1;;MERCEDES M W164 05-08*FAROLIM TRÁS DRT(P21W/P21W/P21W/P21W/P;MERCEDES M W164 05-08*FAROLIM TRÁS DRT(P21W/P21W/P21W/P21W/P;0;;
61;1540;103F14280771;1540;103F14280771;CATEGORIA0;;1;1;0;1;;MERCEDES M W164 05-08*FAROLIM TRÁS ESQ(P21W/P21W/P21W/P21W/P;MERCEDES M W164 05-08*FAROLIM TRÁS ESQ(P21W/P21W/P21W/P21W/P;0;;
61;1540;103F14280772;1540;103F14280772;CATEGORIA0;;1;1;0;1;;MERCEDES M W164 05-08*FAROLIM TRÁS DRT BRANCO(P21W/P21W/P21W;MERCEDES M W164 05-08*FAROLIM TRÁS DRT BRANCO(P21W/P21W/P21W;0;;
61;1540;103F14280773;1540;103F14280773;CATEGORIA0;;1;1;0;1;;MERCEDES M W164 05-08*FAROLIM TRÁS ESQ BRANCO(P21W/P21W/P21W;MERCEDES M W164 05-08*FAROLIM TRÁS ESQ BRANCO(P21W/P21W/P21W;0;;
61;1540;103F14291340;1540;103F14291340;CATEGORIA0;;1;1;0;1;;MERCEDES CLASSE A/B 09-*FAROLIM LAT DRT (ESPELHO);MERCEDES CLASSE A/B 09-*FAROLIM LAT DRT (ESPELHO);0;;
61;1540;103F14291341;1540;103F14291341;CATEGORIA0;;1;1;0;1;;MERCEDES CLASSE A/B 09-*FAROLIM LAT ESQ(ESPELHO);MERCEDES CLASSE A/B 09-*FAROLIM LAT ESQ(ESPELHO);0;;
61;1540;103F14291770;1540;103F14291770;CATEGORIA0;;1;1;0;1;;MERCEDES CLASSE A 09-*FAROLIM TRÁS DRT (VERMELHO+ FUMADO);MERCEDES CLASSE A 09-*FAROLIM TRÁS DRT (VERMELHO+ FUMADO);0;;
61;1540;103F14291771;1540;103F14291771;CATEGORIA0;;1;1;0;1;;MERCEDES CLASSE A 09-*FAROLIM TRÁS ESQ (VERMELHO+ FUMADO);MERCEDES CLASSE A 09-*FAROLIM TRÁS ESQ (VERMELHO+ FUMADO);0;;
61;1540;103F14291773;1540;103F14291773;CATEGORIA0;;1;1;0;1;;MERCEDES CLASSE A 09-*FAROLIM TRÁS DRT (VERMELHO+ BRANCO);MERCEDES CLASSE A 09-*FAROLIM TRÁS DRT (VERMELHO+ BRANCO);0;;
61;1540;103F14291774;1540;103F14291774;CATEGORIA0;;1;1;0;1;;MERCEDES CLASSE A 09-*FAROLIM TRÁS ESQ (VERMELHO+ BRANCO);MERCEDES CLASSE A 09-*FAROLIM TRÁS ESQ (VERMELHO+ BRANCO);0;;
61;1540;103F14310770;1540;103F14310770;CATEGORIA0;;1;1;0;1;;MERCEDES M W163 02-04*FAROLIM TRÁS DRT;MERCEDES M W163 02-04*FAROLIM TRÁS DRT;0;;
61;1540;103F14310771;1540;103F14310771;CATEGORIA0;;1;1;0;1;;MERCEDES M W163 02-04*FAROLIM TRÁS ESQ;MERCEDES M W163 02-04*FAROLIM TRÁS ESQ;0;;
61;1540;103F14341770;1540;103F14341770;CATEGORIA0;;1;1;0;1;;MERCEDES CITAN 12-*FAROLIM TRÁS DRT (2P);MERCEDES CITAN 12-*FAROLIM TRÁS DRT (2P);0;;
61;1540;103F14341771;1540;103F14341771;CATEGORIA0;;1;1;0;1;;MERCEDES CITAN 12-*FAROLIM TRÁS ESQ (2P);MERCEDES CITAN 12-*FAROLIM TRÁS ESQ (2P);0;;
61;1540;103F14341772;1540;103F14341772;CATEGORIA0;;1;1;0;1;;MERCEDES CITAN 12-*FAROLIM TRÁS DRT (1P);MERCEDES CITAN 12-*FAROLIM TRÁS DRT (1P);0;;
61;1540;103F14341773;1540;103F14341773;CATEGORIA0;;1;1;0;1;;MERCEDES CITAN 12-*FAROLIM TRÁS ESQ (1P);MERCEDES CITAN 12-*FAROLIM TRÁS ESQ (1P);0;;
61;1540;103F14351770;1540;103F14351770;CATEGORIA0;;1;1;0;1;;MERCEDES B W246 12-*FAROLIM TRÁS DRT (CANTO);MERCEDES B W246 12-*FAROLIM TRÁS DRT (CANTO);0;;
61;1540;103F14351771;1540;103F14351771;CATEGORIA0;;1;1;0;1;;FAROLIM TRASEIRO ESQ;FAROLIM TRASEIRO ESQ;0;;
61;1540;103F14351772;1540;103F14351772;CATEGORIA0;;1;1;0;1;;MERCEDES B W246 12-*FAROLIM TRÁS DRT (CANTO LED);MERCEDES B W246 12-*FAROLIM TRÁS DRT (CANTO LED);0;;
61;1540;103F14351773;1540;103F14351773;CATEGORIA0;;1;1;0;1;;MERCEDES B W246 12-*FAROLIM TRÁS ESQ (CANTO LED);MERCEDES B W246 12-*FAROLIM TRÁS ESQ (CANTO LED);0;;
61;1540;103F14351774;1540;103F14351774;CATEGORIA0;;1;1;0;1;;MERCEDES B W246 2014.10-*FAROLIM TRÁS DRT CANTO(LED);MERCEDES B W246 2014.10-*FAROLIM TRÁS DRT CANTO(LED);0;;
61;1540;103F14351775;1540;103F14351775;CATEGORIA0;;1;1;0;1;;MERCEDES B W246 2014.10-*FAROLIM TRÁS ESQ CANTO(LED);MERCEDES B W246 2014.10-*FAROLIM TRÁS ESQ CANTO(LED);0;;
61;1540;103F14360770;1540;103F14360770;CATEGORIA0;;1;1;0;1;;MERCEDES A W176 12-*FAROLIM TRÁS DRT;MERCEDES A W176 12-*FAROLIM TRÁS DRT;0;;
61;1540;103F14360771;1540;103F14360771;CATEGORIA0;;1;1;0;1;;MERCEDES A W176 12-*FAROLIM TRÁS ESQ;MERCEDES A W176 12-*FAROLIM TRÁS ESQ;0;;
61;1540;103F14360772;1540;103F14360772;CATEGORIA0;;1;1;0;1;;MERCEDES A W176 12-*FAROLIM TRÁS DRT (FICHA OVAL)(LED);MERCEDES A W176 12-*FAROLIM TRÁS DRT (FICHA OVAL)(LED);0;;
61;1540;103F14360773;1540;103F14360773;CATEGORIA0;;1;1;0;1;;MERCEDES A W176 12-*FAROLIM TRÁS ESQ (FICHA OVAL)(LED);MERCEDES A W176 12-*FAROLIM TRÁS ESQ (FICHA OVAL)(LED);0;;
61;1540;103F14360774;1540;103F14360774;CATEGORIA0;;1;1;0;1;;MERCEDES A W176 12-*FAROLIM TRÁS DRT (FICHA RECTANGULAR))(LE;MERCEDES A W176 12-*FAROLIM TRÁS DRT (FICHA RECTANGULAR))(LE;0;;
61;1540;103F14360775;1540;103F14360775;CATEGORIA0;;1;1;0;1;;MERCEDES A W176 12-*FAROLIM TRÁS ESQ (FICHA RECTANGULAR))(LE;MERCEDES A W176 12-*FAROLIM TRÁS ESQ (FICHA RECTANGULAR))(LE;0;;
61;1540;103F14371380;1540;103F14371380;CATEGORIA0;;1;1;0;1;;MERCEDES SPRINTER 14-*FAROLIM NEVOEIRO TRÁS DRT;MERCEDES SPRINTER 14-*FAROLIM NEVOEIRO TRÁS DRT;0;;
61;1540;103F14371381;1540;103F14371381;CATEGORIA0;;1;1;0;1;;MERCEDES SPRINTER 14-*FAROLIM NEVOEIRO TRÁS ESQ;MERCEDES SPRINTER 14-*FAROLIM NEVOEIRO TRÁS ESQ;0;;
61;1540;103F14391770;1540;103F14391770;CATEGORIA0;;1;1;0;1;;MERCEDES E W212 13-*FAROLIM TRÁS DRT (CANTO SEDAN LED);MERCEDES E W212 13-*FAROLIM TRÁS DRT (CANTO SEDAN LED);0;;
61;1540;103F14391771;1540;103F14391771;CATEGORIA0;;1;1;0;1;;MERCEDES E W212 13-*FAROLIM TRÁS ESQ (CANTO SEDAN LED);MERCEDES E W212 13-*FAROLIM TRÁS ESQ (CANTO SEDAN LED);0;;
61;1540;103F14391772;1540;103F14391772;CATEGORIA0;;1;1;0;1;;MERCEDES E W212 13-*FAROLIM TRÁS DRT (MALA SEDAN LED);MERCEDES E W212 13-*FAROLIM TRÁS DRT (MALA SEDAN LED);0;;
61;1540;103F14391773;1540;103F14391773;CATEGORIA0;;1;1;0;1;;MERCEDES E W212 13-*FAROLIM TRÁS ESQ (MALA SEDAN LED);MERCEDES E W212 13-*FAROLIM TRÁS ESQ (MALA SEDAN LED);0;;
61;1540;103F14391774;1540;103F14391774;CATEGORIA0;;1;1;0;1;;MERCEDES E W212 13-*FAROLIM TRÁS DRT (CANTO SW LED);MERCEDES E W212 13-*FAROLIM TRÁS DRT (CANTO SW LED);0;;
61;1540;103F14391775;1540;103F14391775;CATEGORIA0;;1;1;0;1;;MERCEDES E W212 13-*FAROLIM TRÁS ESQ (CANTO SW LED);MERCEDES E W212 13-*FAROLIM TRÁS ESQ (CANTO SW LED);0;;
61;1540;103F14391776;1540;103F14391776;CATEGORIA0;;1;1;0;1;;MERCEDES E W212 13-*FAROLIM TR.DRT. (I/ NEGRO CANTO SW LED);MERCEDES E W212 13-*FAROLIM TR.DRT. (I/ NEGRO CANTO SW LED);0;;
61;1540;103F14391777;1540;103F14391777;CATEGORIA0;;1;1;0;1;;MERCEDES E W212 13-*FAROLIM TRÁS ESQ (I/NEGRO CANTO SW LED);MERCEDES E W212 13-*FAROLIM TRÁS ESQ (I/NEGRO CANTO SW LED);0;;
61;1540;103F14410340;1540;103F14410340;CATEGORIA0;;1;1;0;1;;MERCEDES C W205/E W213/S W222 2014.02-*FAROLIM LAT DRT TRANS;MERCEDES C W205/E W213/S W222 2014.02-*FAROLIM LAT DRT TRANS;0;;
61;1540;103F14410341;1540;103F14410341;CATEGORIA0;;1;1;0;1;;MERCEDES C W205/E W213/S W222 2014.02-*FAROLIM LAT ESQ TRANS;MERCEDES C W205/E W213/S W222 2014.02-*FAROLIM LAT ESQ TRANS;0;;
61;1540;103F14410342;1540;103F14410342;CATEGORIA0;;1;1;0;1;;MERCEDES C W205/E W213/S W222 2014.02-*FAROLIM LAT DRT FUMAD;MERCEDES C W205/E W213/S W222 2014.02-*FAROLIM LAT DRT FUMAD;0;;
61;1540;103F14410343;1540;103F14410343;CATEGORIA0;;1;1;0;1;;MERCEDES C W205/E W213/S W222 2014.02-*FAROLIM LAT ESQ FUMAD;MERCEDES C W205/E W213/S W222 2014.02-*FAROLIM LAT ESQ FUMAD;0;;
61;1540;103F14410344;1540;103F14410344;CATEGORIA0;;1;1;0;1;;MERCEDES C W205/E W213/S W222 2014.02-*FAROLIM LAT DRT TRANS;MERCEDES C W205/E W213/S W222 2014.02-*FAROLIM LAT DRT TRANS;0;;
61;1540;103F14410345;1540;103F14410345;CATEGORIA0;;1;1;0;1;;MERCEDES C W205/E W213/S W222 2014.02-*FAROLIM LAT ESQ TRANS;MERCEDES C W205/E W213/S W222 2014.02-*FAROLIM LAT ESQ TRANS;0;;
61;1540;103F14410770;1540;103F14410770;CATEGORIA0;;1;1;0;1;;MERCEDES C W205 14-*FAROLIM TRÁS DRT (4P PY21W/LED);MERCEDES C W205 14-*FAROLIM TRÁS DRT (4P PY21W/LED);0;;
61;1540;103F14410771;1540;103F14410771;CATEGORIA0;;1;1;0;1;;MERCEDES C W205 14-*FAROLIM TRÁS ESQ (4P PY21W/LED);MERCEDES C W205 14-*FAROLIM TRÁS ESQ (4P PY21W/LED);0;;
61;1540;103F14410772;1540;103F14410772;CATEGORIA0;;1;1;0;1;;MERCEDES C W205 14-*FAROLIM TRÁS DRT (4P LED);MERCEDES C W205 14-*FAROLIM TRÁS DRT (4P LED);0;;
61;1540;103F14410773;1540;103F14410773;CATEGORIA0;;1;1;0;1;;MERCEDES C W205 14-*FAROLIM TRÁS ESQ (4P LED);MERCEDES C W205 14-*FAROLIM TRÁS ESQ (4P LED);0;;
61;1540;103F14410774;1540;103F14410774;CATEGORIA0;;1;1;0;1;;MERCEDES C W205 14-*FAROLIM TRÁS DRT SW (PY21W/LED);MERCEDES C W205 14-*FAROLIM TRÁS DRT SW (PY21W/LED);0;;
61;1540;103F14410775;1540;103F14410775;CATEGORIA0;;1;1;0;1;;FAROLIM TRÁS ESQ. W205 LED/PY21W;FAROLIM TRÁS ESQ. W205 LED/PY21W;0;;
61;1540;103F14410776;1540;103F14410776;CATEGORIA0;;1;1;0;1;;MERCEDES C W205 14-*FAROLIM TRÁS DRT SW (LED);MERCEDES C W205 14-*FAROLIM TRÁS DRT SW (LED);0;;
61;1540;103F14410777;1540;103F14410777;CATEGORIA0;;1;1;0;1;;MERCEDES C W205 14-*FAROLIM TRÁS ESQ SW (LED);MERCEDES C W205 14-*FAROLIM TRÁS ESQ SW (LED);0;;
61;1540;103F14421380;1540;103F14421380;CATEGORIA0;;1;1;0;1;;MERCEDES M W166 12-/A W177 18-*REFLETOR P/CH TRÁS DRT;MERCEDES M W166 12-/A W177 18-*REFLETOR P/CH TRÁS DRT;0;;
61;1540;103F14421381;1540;103F14421381;CATEGORIA0;;1;1;0;1;;MERCEDES M W166 12-/A W177 18-*REFLETOR P/CH TRÁS ESQ;MERCEDES M W166 12-/A W177 18-*REFLETOR P/CH TRÁS ESQ;0;;
61;1540;103F14430210;1540;103F14430210;CATEGORIA0;;1;1;0;1;;SMART FORTWO/FORFOUR 14-*FAROLIM FRT DRT;SMART FORTWO/FORFOUR 14-*FAROLIM FRT DRT;0;;
61;1540;103F14430211;1540;103F14430211;CATEGORIA0;;1;1;0;1;;SMART FORTWO/FORFOUR 14-*FAROLIM FRT ESQ;SMART FORTWO/FORFOUR 14-*FAROLIM FRT ESQ;0;;
61;1540;103F14441380;1540;103F14441380;CATEGORIA0;;1;1;0;1;;MERCEDES VITO 15-*REFLETOR DRT P/CH TRÁS;MERCEDES VITO 15-*REFLETOR DRT P/CH TRÁS;0;;
61;1540;103F14441381;1540;103F14441381;CATEGORIA0;;1;1;0;1;;MERCEDES VITO 15-*REFLETOR ESQ P/CH TRÁS;MERCEDES VITO 15-*REFLETOR ESQ P/CH TRÁS;0;;
61;1540;103F14441770;1540;103F14441770;CATEGORIA0;;1;1;0;1;;MERCEDES VITO 15-*FAROLIM TRÁS DRT (1P);MERCEDES VITO 15-*FAROLIM TRÁS DRT (1P);0;;
61;1540;103F14441771;1540;103F14441771;CATEGORIA0;;1;1;0;1;;MERCEDES VITO 15-*FAROLIM TRÁS ESQ 1P;MERCEDES VITO 15-*FAROLIM TRÁS ESQ 1P;0;;
61;1540;103F14441772;1540;103F14441772;CATEGORIA0;;1;1;0;1;;MERCEDES VITO 15-*FAROLIM TRÁS DRT (2P);MERCEDES VITO 15-*FAROLIM TRÁS DRT (2P);0;;
61;1540;103F14441773;1540;103F14441773;CATEGORIA0;;1;1;0;1;;MERCEDES VITO 15-*FAROLIM TRÁS ESQ (2P);MERCEDES VITO 15-*FAROLIM TRÁS ESQ (2P);0;;
61;1540;103F14451770;1540;103F14451770;CATEGORIA0;;1;1;0;1;;MERCEDES S W222 13-*FAROLIM TRÁS DRT (LED);MERCEDES S W222 13-*FAROLIM TRÁS DRT (LED);0;;
61;1540;103F14451771;1540;103F14451771;CATEGORIA0;;1;1;0;1;;MERCEDES S W222 13-*FAROLIM TRÁS ESQ (LED);MERCEDES S W222 13-*FAROLIM TRÁS ESQ (LED);0;;
61;1540;103F14451772;1540;103F14451772;CATEGORIA0;;1;1;0;1;;MERCEDES S W222 17-*FAROLIM TRÁS DRT (LED);MERCEDES S W222 17-*FAROLIM TRÁS DRT (LED);0;;
61;1540;103F14451773;1540;103F14451773;CATEGORIA0;;1;1;0;1;;MERCEDES S W222 17-*FAROLIM TRÁS ESQ (LED);MERCEDES S W222 17-*FAROLIM TRÁS ESQ (LED);0;;
61;1540;103F14471770;1540;103F14471770;CATEGORIA0;;1;1;0;1;;MERCEDES GLA X156 13-*FAROLIM TRÁS DRT(LED);MERCEDES GLA X156 13-*FAROLIM TRÁS DRT(LED);0;;
61;1540;103F14471771;1540;103F14471771;CATEGORIA0;;1;1;0;1;;MERCEDES GLA X156 13-*FAROLIM TRÁS ESQ(LED);MERCEDES GLA X156 13-*FAROLIM TRÁS ESQ(LED);0;;
61;1540;103F14471772;1540;103F14471772;CATEGORIA0;;1;1;0;1;;MERCEDES GLA X156 13-*FAROLIM TRÁS DRT;MERCEDES GLA X156 13-*FAROLIM TRÁS DRT;0;;
61;1540;103F14471773;1540;103F14471773;CATEGORIA0;;1;1;0;1;;MERCEDES GLA X156 13-*FAROLIM TRÁS ESQ;MERCEDES GLA X156 13-*FAROLIM TRÁS ESQ;0;;
61;1540;103F14481770;1540;103F14481770;CATEGORIA0;;1;1;0;1;;MERCEDES A W176 2015.07-*FAROLIM TRÁS DRT(LED);MERCEDES A W176 2015.07-*FAROLIM TRÁS DRT(LED);0;;
61;1540;103F14481771;1540;103F14481771;CATEGORIA0;;1;1;0;1;;MERCEDES A W176 2015.07-*FAROLIM TRÁS ESQ(LED);MERCEDES A W176 2015.07-*FAROLIM TRÁS ESQ(LED);0;;
61;1540;103F14481772;1540;103F14481772;CATEGORIA0;;1;1;0;1;;MERCEDES A W176 2015.07-*FAROLIM TRÁS DRT;MERCEDES A W176 2015.07-*FAROLIM TRÁS DRT;0;;
61;1540;103F14481773;1540;103F14481773;CATEGORIA0;;1;1;0;1;;MERCEDES A W176 2015.07-*FAROLIM TRÁS ESQ;MERCEDES A W176 2015.07-*FAROLIM TRÁS ESQ;0;;
61;1540;103F14491340;1540;103F14491340;CATEGORIA0;;1;1;0;1;;MERCEDES A W177 2018.03-*FAROLIM LAT DRT (ESPELHO);MERCEDES A W177 2018.03-*FAROLIM LAT DRT (ESPELHO);0;;
61;1540;103F14491341;1540;103F14491341;CATEGORIA0;;1;1;0;1;;MERCEDES A W177 2018.03-*FAROLIM LAT ESQ (ESPELHO);MERCEDES A W177 2018.03-*FAROLIM LAT ESQ (ESPELHO);0;;
61;1540;103F14510340;1540;103F14510340;CATEGORIA0;;1;1;0;1;;MERCEDES B W247 2018.10-*FAROLIM LAT DRT (ESPELHO);MERCEDES B W247 2018.10-*FAROLIM LAT DRT (ESPELHO);0;;
61;1540;103F14510341;1540;103F14510341;CATEGORIA0;;1;1;0;1;;MERCEDES B W247 2018.10-*FAROLIM LAT ESQ (ESPELHO);MERCEDES B W247 2018.10-*FAROLIM LAT ESQ (ESPELHO);0;;
61;1540;103F14550770;1540;103F14550770;CATEGORIA0;;1;1;0;1;;MERCEDES C W205 2018.09-*FAROLIM TRÁS DRT SW(LED);MERCEDES C W205 2018.09-*FAROLIM TRÁS DRT SW(LED);0;;
61;1540;103F14550771;1540;103F14550771;CATEGORIA0;;1;1;0;1;;MERCEDES C W205 2018.09-*FAROLIM TRÁS ESQ SW(LED);MERCEDES C W205 2018.09-*FAROLIM TRÁS ESQ SW(LED);0;;
61;1540;103F14550772;1540;103F14550772;CATEGORIA0;;1;1;0;1;;MERCEDES C W205 2018.09-*FAROLIM TRÁS DRT SEDAN(LED);MERCEDES C W205 2018.09-*FAROLIM TRÁS DRT SEDAN(LED);0;;
61;1540;103F14550773;1540;103F14550773;CATEGORIA0;;1;1;0;1;;MERCEDES C W205 2018.09-*FAROLIM TRÁS ESQ SEDAN(LED);MERCEDES C W205 2018.09-*FAROLIM TRÁS ESQ SEDAN(LED);0;;
61;1540;103F15021130;1540;103F15021130;CATEGORIA0;;1;1;0;1;;MINI 01-*FAROLIM FRT DRT;MINI 01-*FAROLIM FRT DRT;0;;
61;1540;103F15021131;1540;103F15021131;CATEGORIA0;;1;1;0;1;;MINI 01-*FAROLIM FRT ESQ;MINI 01-*FAROLIM FRT ESQ;0;;
61;1540;103F15021310;1540;103F15021310;CATEGORIA0;;1;1;0;1;;MINI 01-*FAROLIM LATERAL BRANCO;MINI 01-*FAROLIM LATERAL BRANCO;0;;
61;1540;103F15021770;1540;103F15021770;CATEGORIA0;;1;1;0;1;;MINI 01-*FAROLIM TRÁS DRT;MINI 01-*FAROLIM TRÁS DRT;0;;
61;1540;103F15021771;1540;103F15021771;CATEGORIA0;;1;1;0;1;;MINI 01-*FAROLIM TRÁS ESQ;MINI 01-*FAROLIM TRÁS ESQ;0;;
61;1540;103F15022770;1540;103F15022770;CATEGORIA0;;1;1;0;1;;MINI 04-*FAROLIM TRÁS DRT;MINI 04-*FAROLIM TRÁS DRT;0;;
61;1540;103F15022771;1540;103F15022771;CATEGORIA0;;1;1;0;1;;MINI 04-*FAROLIM TRÁS ESQ;MINI 04-*FAROLIM TRÁS ESQ;0;;
61;1540;103F15041310;1540;103F15041310;CATEGORIA0;;1;1;0;1;;MINI 2007-2010*FAROLIM LAT DRT (BRANCO)C/GRELHA;MINI 2007-2010*FAROLIM LAT DRT (BRANCO)C/GRELHA;0;;
61;1540;103F15041311;1540;103F15041311;CATEGORIA0;;1;1;0;1;;MINI 2007-2010*FAROLIM LAT ESQ (BRANCO)C/GRELHA;MINI 2007-2010*FAROLIM LAT ESQ (BRANCO)C/GRELHA;0;;
61;1540;103F15041380;1540;103F15041380;CATEGORIA0;;1;1;0;1;;MINI 2006.11-*FAROLIM NEVOEIRO P/CH TRÁS;MINI 2006.11-*FAROLIM NEVOEIRO P/CH TRÁS;0;;
61;1540;103F15041710;1540;103F15041710;CATEGORIA0;;1;1;0;1;;MINI ONE/COOPER R56 07-*FAROLIM TRÁS DRT (VERMELHO/AMARELO);MINI ONE/COOPER R56 07-*FAROLIM TRÁS DRT (VERMELHO/AMARELO);0;;
61;1540;103F15041711;1540;103F15041711;CATEGORIA0;;1;1;0;1;;MINI 07-*FAROLIM TRÁS ESQ.;MINI 07-*FAROLIM TRÁS ESQ.;0;;
61;1540;103F15041770;1540;103F15041770;CATEGORIA0;;1;1;0;1;;MINI ONE/COOPER R56 07-*FAROLIM TRÁS DRT (VERMELHO/BRANCO);MINI ONE/COOPER R56 07-*FAROLIM TRÁS DRT (VERMELHO/BRANCO);0;;
61;1540;103F15041771;1540;103F15041771;CATEGORIA0;;1;1;0;1;;MINI ONE/COOPER R56 07-*FAROLIM TRÁS ESQ (VERMELHO/BRANCO);MINI ONE/COOPER R56 07-*FAROLIM TRÁS ESQ (VERMELHO/BRANCO);0;;
61;1540;103F15041774;1540;103F15041774;CATEGORIA0;;1;1;0;1;;MINI CLUBMAN R55 07-*FAROLIM TRÁS DRT (VERMELHO/AMARELO);MINI CLUBMAN R55 07-*FAROLIM TRÁS DRT (VERMELHO/AMARELO);0;;
61;1540;103F15041775;1540;103F15041775;CATEGORIA0;;1;1;0;1;;MINI CLUBMAN R55 07-*FAROLIM TRÁS ESQ (VERMELHO/AMARELO);MINI CLUBMAN R55 07-*FAROLIM TRÁS ESQ (VERMELHO/AMARELO);0;;
61;1540;103F15041776;1540;103F15041776;CATEGORIA0;;1;1;0;1;;MINI CLUBMAN R55 07-*FAROLIM TRÁS DRT (VERMELHO/BRANCO);MINI CLUBMAN R55 07-*FAROLIM TRÁS DRT (VERMELHO/BRANCO);0;;
61;1540;103F15041777;1540;103F15041777;CATEGORIA0;;1;1;0;1;;MINI CLUBMAN R55 07-*FAROLIM TRÁS ESQ (VERMELHO/BRANCO);MINI CLUBMAN R55 07-*FAROLIM TRÁS ESQ (VERMELHO/BRANCO);0;;
61;1540;103F15041900;1540;103F15041900;CATEGORIA0;;1;1;0;1;;MINI ONE/COOPER R56 07-*TERCEIRA LUZ STOP(BRANCO);MINI ONE/COOPER R56 07-*TERCEIRA LUZ STOP(BRANCO);0;;
61;1540;103F15041960;1540;103F15041960;CATEGORIA0;;1;1;0;1;;MINI 01-*FAROLIM MATRICULA;MINI 01-*FAROLIM MATRICULA;0;;
61;1540;103F15051770;1540;103F15051770;CATEGORIA0;;1;1;0;1;;MINI COUNTRYMAN 10-*FAROLIM TRÁS DRT;MINI COUNTRYMAN 10-*FAROLIM TRÁS DRT;0;;
61;1540;103F15051771;1540;103F15051771;CATEGORIA0;;1;1;0;1;;MINI COUNTRYMAN 10-*FAROLIM TRÁS ESQ;MINI COUNTRYMAN 10-*FAROLIM TRÁS ESQ;0;;
61;1540;103F15060300;1540;103F15060300;CATEGORIA0;;1;1;0;1;;MINI R56 2010-*FAROLIM LAT DRT (AMARELO)C/GRELHA;MINI R56 2010-*FAROLIM LAT DRT (AMARELO)C/GRELHA;0;;
61;1540;103F15060301;1540;103F15060301;CATEGORIA0;;1;1;0;1;;MINI R56 2010-*FAROLIM LAT ESQ (AMARELO)C/GRELHA;MINI R56 2010-*FAROLIM LAT ESQ (AMARELO)C/GRELHA;0;;
61;1540;103F15060310;1540;103F15060310;CATEGORIA0;;1;1;0;1;;MINI R56 2010-*FAROLIM LAT DRT (BRANCO)C/GRELHA;MINI R56 2010-*FAROLIM LAT DRT (BRANCO)C/GRELHA;0;;
61;1540;103F15060311;1540;103F15060311;CATEGORIA0;;1;1;0;1;;FAROLIM ESQ.;FAROLIM ESQ.;0;;
61;1540;103F15060380;1540;103F15060380;CATEGORIA0;;1;1;0;1;;MINI 2010.09-*FAROLIM NEVOEIRO P/CH TRÁS;MINI 2010.09-*FAROLIM NEVOEIRO P/CH TRÁS;0;;
61;1540;103F15060770;1540;103F15060770;CATEGORIA0;;1;1;0;1;;MINI ONE/COOPER R56 2010.09-*FAROLIM TRÁS DRT C/PISCA AMAREL;MINI ONE/COOPER R56 2010.09-*FAROLIM TRÁS DRT C/PISCA AMAREL;0;;
61;1540;103F15060771;1540;103F15060771;CATEGORIA0;;1;1;0;1;;MINI ONE/COOPER R56 2010.09-*FAROLIM TRÁS ESQ C/PISCA AMAREL;MINI ONE/COOPER R56 2010.09-*FAROLIM TRÁS ESQ C/PISCA AMAREL;0;;
61;1540;103F15060772;1540;103F15060772;CATEGORIA0;;1;1;0;1;;MINI ONE/COOPER R56 2010.09-*FAROLIM TRÁS DRT C/PISCA BRANCO;MINI ONE/COOPER R56 2010.09-*FAROLIM TRÁS DRT C/PISCA BRANCO;0;;
61;1540;103F15060773;1540;103F15060773;CATEGORIA0;;1;1;0;1;;MINI ONE/COOPER R56 2010.09-*FAROLIM TRÁS ESQ C/PISCA BRANCO;MINI ONE/COOPER R56 2010.09-*FAROLIM TRÁS ESQ C/PISCA BRANCO;0;;
61;1540;103F15060774;1540;103F15060774;CATEGORIA0;;1;1;0;1;;MINI CLUBMAN R55 2010.09-*FAROLIM TRÁS DRT C/PISCA AMARELO;MINI CLUBMAN R55 2010.09-*FAROLIM TRÁS DRT C/PISCA AMARELO;0;;
61;1540;103F15060775;1540;103F15060775;CATEGORIA0;;1;1;0;1;;MINI CLUBMAN R55 2010.09-*FAROLIM TRÁS ESQ C/PISCA AMARELO;MINI CLUBMAN R55 2010.09-*FAROLIM TRÁS ESQ C/PISCA AMARELO;0;;
61;1540;103F15060776;1540;103F15060776;CATEGORIA0;;1;1;0;1;;MINI CLUBMAN R55 2010.09-*FAROLIM TRÁS DRT C/PISCA BRANCO;MINI CLUBMAN R55 2010.09-*FAROLIM TRÁS DRT C/PISCA BRANCO;0;;
61;1540;103F15060777;1540;103F15060777;CATEGORIA0;;1;1;0;1;;MINI CLUBMAN R55 2010.09-*FAROLIM TRÁS ESQ C/PISCA BRANCO;MINI CLUBMAN R55 2010.09-*FAROLIM TRÁS ESQ C/PISCA BRANCO;0;;
61;1540;103F15071301;1540;103F15071301;CATEGORIA0;;1;1;0;1;;MINI 14-*FAROLIM LAT DRT (AMARELO);MINI 14-*FAROLIM LAT DRT (AMARELO);0;;
61;1540;103F15071302;1540;103F15071302;CATEGORIA0;;1;1;0;1;;MINI 14-*FAROLIM LAT ESQ (AMARELO);MINI 14-*FAROLIM LAT ESQ (AMARELO);0;;
61;1540;103F15071310;1540;103F15071310;CATEGORIA0;;1;1;0;1;;MINI 14-*FAROLIM LAT DRT (BRANCO);MINI 14-*FAROLIM LAT DRT (BRANCO);0;;
61;1540;103F15071311;1540;103F15071311;CATEGORIA0;;1;1;0;1;;MINI 14-*FAROLIM LAT ESQ (BRANCO);MINI 14-*FAROLIM LAT ESQ (BRANCO);0;;
61;1540;103F15071770;1540;103F15071770;CATEGORIA0;;1;1;0;1;;MINI 14-*FAROLIM TRÁS DRT;MINI 14-*FAROLIM TRÁS DRT;0;;
61;1540;103F15071771;1540;103F15071771;CATEGORIA0;;1;1;0;1;;MINI 14-*FAROLIM TRÁS ESQ;MINI 14-*FAROLIM TRÁS ESQ;0;;
61;1540;103F15091380;1540;103F15091380;CATEGORIA0;;1;1;0;1;;MINI CLUBMAN F54 2014.11-*FAROLIM P/CH TRÁS NEV DRT;MINI CLUBMAN F54 2014.11-*FAROLIM P/CH TRÁS NEV DRT;0;;
61;1540;103F15091381;1540;103F15091381;CATEGORIA0;;1;1;0;1;;MINI CLUBMAN F54 2014.11-*FAROLIM P/CH TRÁS NEV ESQ;MINI CLUBMAN F54 2014.11-*FAROLIM P/CH TRÁS NEV ESQ;0;;
61;1540;103F16081201;1540;103F16081201;CATEGORIA0;;1;1;0;1;;OPEL REKORD E*FAROLIM FRT ESQ;OPEL REKORD E*FAROLIM FRT ESQ;0;;
61;1540;103F16121200;1540;103F16121200;CATEGORIA0;;1;1;0;1;;PISCA DIR. AMARELO KADETT E;PISCA DIR. AMARELO KADETT E;0;;
61;1540;103F16121201;1540;103F16121201;CATEGORIA0;;1;1;0;1;;OPEL KADETT E*FAROLIM FRT ESQ (AMARELO);OPEL KADETT E*FAROLIM FRT ESQ (AMARELO);0;;
61;1540;103F16121711;1540;103F16121711;CATEGORIA0;;1;1;0;1;;OPEL KADETT E*STOP TRÁS ESQ 2V;OPEL KADETT E*STOP TRÁS ESQ 2V;0;;
61;1540;103F16141200;1540;103F16141200;CATEGORIA0;;1;1;0;1;;OPEL CORSA 83-*PISCA FRENTE DRT;OPEL CORSA 83-*PISCA FRENTE DRT;0;;
61;1540;103F16141201;1540;103F16141201;CATEGORIA0;;1;1;0;1;;OPEL CORSA 83-*PISCA FRENTE ESQ;OPEL CORSA 83-*PISCA FRENTE ESQ;0;;
61;1540;103F16142200;1540;103F16142200;CATEGORIA0;;1;1;0;1;;OPEL CORSA 90-*PISCA BR FRT DRT;OPEL CORSA 90-*PISCA BR FRT DRT;0;;
61;1540;103F16142201;1540;103F16142201;CATEGORIA0;;1;1;0;1;;OPEL CORSA 90-*PISCA BR FRT ESQ;OPEL CORSA 90-*PISCA BR FRT ESQ;0;;
61;1540;103F16142311;1540;103F16142311;CATEGORIA0;;1;1;0;1;;OPEL ASTRA/CORSA 95-*FAROLIM LAT AMARELO;OPEL ASTRA/CORSA 95-*FAROLIM LAT AMARELO;0;;
61;1540;103F16142331;1540;103F16142331;CATEGORIA0;;1;1;0;1;;OPEL CORSA/ASTRA 93-*FAROLIM LAT DRT/ESQ (BRANCO);OPEL CORSA/ASTRA 93-*FAROLIM LAT DRT/ESQ (BRANCO);0;;
61;1540;103F16143710;1540;103F16143710;CATEGORIA0;;1;1;0;1;;COMBO 93-00 FAROLIM TRÁS DTO.;COMBO 93-00 FAROLIM TRÁS DTO.;0;;
61;1540;103F16143711;1540;103F16143711;CATEGORIA0;;1;1;0;1;;OPEL CORSA COMBO 93-00*FAROLIM TRÁS ESQ;OPEL CORSA COMBO 93-00*FAROLIM TRÁS ESQ;0;;
61;1540;103F16143714;1540;103F16143714;CATEGORIA0;;1;1;0;1;;OPEL CORSA 93-*FAROLIM TRÁS DRT (AZUL);OPEL CORSA 93-*FAROLIM TRÁS DRT (AZUL);0;;
61;1540;103F16143715;1540;103F16143715;CATEGORIA0;;1;1;0;1;;OPEL CORSA 93-*FAROLIM TRÁS ESQ (AZUL);OPEL CORSA 93-*FAROLIM TRÁS ESQ (AZUL);0;;
61;1540;103F16143728;1540;103F16143728;CATEGORIA0;;1;1;0;1;;OPEL CORSA 93-*FAROLIM TRÁS DRT (BRANCO);OPEL CORSA 93-*FAROLIM TRÁS DRT (BRANCO);0;;
61;1540;103F16143741;1540;103F16143741;CATEGORIA0;;1;1;0;1;;OPEL CORSA 93-*FAROLIM TRÁS ESQ (FUMADO);OPEL CORSA 93-*FAROLIM TRÁS ESQ (FUMADO);0;;
61;1540;103F16143770;1540;103F16143770;CATEGORIA0;;1;1;0;1;;OPEL CORSA 93-*FAROLIM TRÁS DRT 3P;OPEL CORSA 93-*FAROLIM TRÁS DRT 3P;0;;
61;1540;103F16143771;1540;103F16143771;CATEGORIA0;;1;1;0;1;;OPEL CORSA 93-*FAROLIM TRÁS ESQ 3P;OPEL CORSA 93-*FAROLIM TRÁS ESQ 3P;0;;
61;1540;103F16143960;1540;103F16143960;CATEGORIA0;;1;1;0;1;;OPEL CORSA 93-*FAROLIM MATRICULA;OPEL CORSA 93-*FAROLIM MATRICULA;0;;
61;1540;103F16144770;1540;103F16144770;CATEGORIA0;;1;1;0;1;;OPEL CORSA 93-*FAROLIM TRÁS DRT 5P;OPEL CORSA 93-*FAROLIM TRÁS DRT 5P;0;;
61;1540;103F16144771;1540;103F16144771;CATEGORIA0;;1;1;0;1;;OPEL CORSA 93-*FAROLIM TRÁS ESQ 5P;OPEL CORSA 93-*FAROLIM TRÁS ESQ 5P;0;;
61;1540;103F16161210;1540;103F16161210;CATEGORIA0;;1;1;0;1;;OPEL VECTRA 88-*FAROLIM FRT DRT (BRANCO);OPEL VECTRA 88-*FAROLIM FRT DRT (BRANCO);0;;
61;1540;103F16161820;1540;103F16161820;CATEGORIA0;;1;1;0;1;;OPEL VECTRA 88-*FAROLIM TRÁS DRT (4P);OPEL VECTRA 88-*FAROLIM TRÁS DRT (4P);0;;
61;1540;103F16161821;1540;103F16161821;CATEGORIA0;;1;1;0;1;;OPEL VECTRA 88-*FAROLIM TRÁS ESQ (4P);OPEL VECTRA 88-*FAROLIM TRÁS ESQ (4P);0;;
61;1540;103F16163210;1540;103F16163210;CATEGORIA0;;1;1;0;1;;OPEL VECTRA 92-*FAROLIM FRT DRT;OPEL VECTRA 92-*FAROLIM FRT DRT;0;;
61;1540;103F16163211;1540;103F16163211;CATEGORIA0;;1;1;0;1;;OPEL VECTRA 92-*FAROLIM FRT ESQ;OPEL VECTRA 92-*FAROLIM FRT ESQ;0;;
61;1540;103F16163301;1540;103F16163301;CATEGORIA0;;1;1;0;1;;OPEL VECTRA 95-*FAROLIM LAT DRT/ESQ (AMARELO);OPEL VECTRA 95-*FAROLIM LAT DRT/ESQ (AMARELO);0;;
61;1540;103F16163331;1540;103F16163331;CATEGORIA0;;1;1;0;1;;OPEL VECTRA 95-*FAROLIM LAT DRT/ESQ (FUMADO);OPEL VECTRA 95-*FAROLIM LAT DRT/ESQ (FUMADO);0;;
61;1540;103F16163820;1540;103F16163820;CATEGORIA0;;1;1;0;1;;OPEL VECTRA 92-*FAROLIM TRÁS DRT (4P);OPEL VECTRA 92-*FAROLIM TRÁS DRT (4P);0;;
61;1540;103F16163821;1540;103F16163821;CATEGORIA0;;1;1;0;1;;OPEL VECTRA 92-*FAROLIM TRÁS ESQ (4P);OPEL VECTRA 92-*FAROLIM TRÁS ESQ (4P);0;;
61;1540;103F16164210;1540;103F16164210;CATEGORIA0;;1;1;0;1;;OPEL VECTRA 95-*FAROLIM FRT DRT;OPEL VECTRA 95-*FAROLIM FRT DRT;0;;
61;1540;103F16164211;1540;103F16164211;CATEGORIA0;;1;1;0;1;;OPEL VECTRA 95-*FAROLIM FRT ESQ;OPEL VECTRA 95-*FAROLIM FRT ESQ;0;;
61;1540;103F16164770;1540;103F16164770;CATEGORIA0;;1;1;0;1;;OPEL VECTRA 95-*FAROLIM TRÁS DRT (BRANCO);OPEL VECTRA 95-*FAROLIM TRÁS DRT (BRANCO);0;;
61;1540;103F16164771;1540;103F16164771;CATEGORIA0;;1;1;0;1;;OPEL VECTRA 95-*FAROLIM TRÁS ESQ (BRANCO);OPEL VECTRA 95-*FAROLIM TRÁS ESQ (BRANCO);0;;
61;1540;103F16164780;1540;103F16164780;CATEGORIA0;;1;1;0;1;;OPEL VECTRA 95-*FAROLIM TRÁS DRT (FUMADO);OPEL VECTRA 95-*FAROLIM TRÁS DRT (FUMADO);0;;
61;1540;103F16164781;1540;103F16164781;CATEGORIA0;;1;1;0;1;;OPEL VECTRA 95-*FAROLIM TRÁS ESQ (FUMADO);OPEL VECTRA 95-*FAROLIM TRÁS ESQ (FUMADO);0;;
61;1540;103F16171200;1540;103F16171200;CATEGORIA0;;1;1;0;1;;OPEL ASTRA 91-*PISCA AMARELO FRT DRT;OPEL ASTRA 91-*PISCA AMARELO FRT DRT;0;;
61;1540;103F16171201;1540;103F16171201;CATEGORIA0;;1;1;0;1;;OPEL ASTRA 91-*PISCA AMARELO FRT ESQ;OPEL ASTRA 91-*PISCA AMARELO FRT ESQ;0;;
61;1540;103F16171230;1540;103F16171230;CATEGORIA0;;1;1;0;1;;OPEL ASTRA 93-*PISCA BRANCO FRT DRT;OPEL ASTRA 93-*PISCA BRANCO FRT DRT;0;;
61;1540;103F16171231;1540;103F16171231;CATEGORIA0;;1;1;0;1;;OPEL ASTRA 93-*PISCA BRANCO FRT ESQ;OPEL ASTRA 93-*PISCA BRANCO FRT ESQ;0;;
61;1540;103F16171710;1540;103F16171710;CATEGORIA0;;1;1;0;1;;OPEL ASTRA 91-*FAROLIM TRÁS DRT(3/5P);OPEL ASTRA 91-*FAROLIM TRÁS DRT(3/5P);0;;
61;1540;103F16171711;1540;103F16171711;CATEGORIA0;;1;1;0;1;;OPEL ASTRA 91-*FAROLIM TRÁS ESQ (3/5P);OPEL ASTRA 91-*FAROLIM TRÁS ESQ (3/5P);0;;
61;1540;103F16171770;1540;103F16171770;CATEGORIA0;;1;1;0;1;;OPEL ASTRA 91-*FAROLIM TRÁS DRT(4P);OPEL ASTRA 91-*FAROLIM TRÁS DRT(4P);0;;
61;1540;103F16171771;1540;103F16171771;CATEGORIA0;;1;1;0;1;;OPEL ASTRA 91-*FAROLIM TRÁS ESQ(4P);OPEL ASTRA 91-*FAROLIM TRÁS ESQ(4P);0;;
61;1540;103F16172770;1540;103F16172770;CATEGORIA0;;1;1;0;1;;OPEL ASTRA 91-*STOP TRÁS DRT (VAN);OPEL ASTRA 91-*STOP TRÁS DRT (VAN);0;;
61;1540;103F16172771;1540;103F16172771;CATEGORIA0;;1;1;0;1;;OPEL ASTRA 91-*STOP TRÁS ESQ (VAN);OPEL ASTRA 91-*STOP TRÁS ESQ (VAN);0;;
61;1540;103F16173210;1540;103F16173210;CATEGORIA0;;1;1;0;1;;OPEL ASTRA 95-*FAROLIM FRENTE DRT;OPEL ASTRA 95-*FAROLIM FRENTE DRT;0;;
61;1540;103F16173211;1540;103F16173211;CATEGORIA0;;1;1;0;1;;OPEL ASTRA 95-*FAROLIM FRENTE ESQ;OPEL ASTRA 95-*FAROLIM FRENTE ESQ;0;;
61;1540;103F16173710;1540;103F16173710;CATEGORIA0;;1;1;0;1;;OPEL ASTRA 95-*FAROLIM TRÁS DRT (2V);OPEL ASTRA 95-*FAROLIM TRÁS DRT (2V);0;;
61;1540;103F16173711;1540;103F16173711;CATEGORIA0;;1;1;0;1;;OPEL ASTRA 95-*FAROLIM TRÁS ESQ (2V);OPEL ASTRA 95-*FAROLIM TRÁS ESQ (2V);0;;
61;1540;103F16173750;1540;103F16173750;CATEGORIA0;;1;1;0;1;;OPEL ASTRA 95-*FAROLIM TRÁS DRT(4P);OPEL ASTRA 95-*FAROLIM TRÁS DRT(4P);0;;
61;1540;103F16173751;1540;103F16173751;CATEGORIA0;;1;1;0;1;;OPEL ASTRA 95-*FAROLIM TRÁS ESQ(4P);OPEL ASTRA 95-*FAROLIM TRÁS ESQ(4P);0;;
61;1540;103F16173770;1540;103F16173770;CATEGORIA0;;1;1;0;1;;OPEL ASTRA 95-*STOP DRT FUMADO (VAN);OPEL ASTRA 95-*STOP DRT FUMADO (VAN);0;;
61;1540;103F16173771;1540;103F16173771;CATEGORIA0;;1;1;0;1;;OPEL ASTRA 95-*STOP ESQ FUMADO (VAN);OPEL ASTRA 95-*STOP ESQ FUMADO (VAN);0;;
61;1540;103F16174301;1540;103F16174301;CATEGORIA0;;1;1;0;1;;OPEL ASTRA 98-*FAROLIM LATERAL AMARELO;OPEL ASTRA 98-*FAROLIM LATERAL AMARELO;0;;
61;1540;103F16174321;1540;103F16174321;CATEGORIA0;;1;1;0;1;;OPEL ASTRA/ZAFIRA 98-*FAROLIM LATERAL BRANCO;OPEL ASTRA/ZAFIRA 98-*FAROLIM LATERAL BRANCO;0;;
61;1540;103F16174331;1540;103F16174331;CATEGORIA0;;1;1;0;1;;OPEL ASTRA/ZAFIRA 98-*FAROLIM LAT DRT/ESQ (FUMADO);OPEL ASTRA/ZAFIRA 98-*FAROLIM LAT DRT/ESQ (FUMADO);0;;
61;1540;103F16210710;1540;103F16210710;CATEGORIA0;;1;1;0;1;;OPEL ASTRA 98-*FAROLIM TR. DRT.(2VOL);OPEL ASTRA 98-*FAROLIM TR. DRT.(2VOL);0;;
61;1540;103F16210710TU;1540;103F16210710TU;CATEGORIA0;;1;1;0;1;;OPEL ASTRA 98-*KIT FAROLINS TRÁS (CRISTAL TUNING 2VOL);OPEL ASTRA 98-*KIT FAROLINS TRÁS (CRISTAL TUNING 2VOL);0;;
61;1540;103F16210711;1540;103F16210711;CATEGORIA0;;1;1;0;1;;OPEL ASTRA 98-*FAROLIM TRÁS ESQ (2VOL);OPEL ASTRA 98-*FAROLIM TRÁS ESQ (2VOL);0;;
61;1540;103F16210712;1540;103F16210712;CATEGORIA0;;1;1;0;1;;OPEL ASTRA 98-*STOP DRT 2 VOL(FUM);OPEL ASTRA 98-*STOP DRT 2 VOL(FUM);0;;
61;1540;103F16210713;1540;103F16210713;CATEGORIA0;;1;1;0;1;;OPEL ASTRA 98-*STOP ESQ 2 VOL(FUM);OPEL ASTRA 98-*STOP ESQ 2 VOL(FUM);0;;
61;1540;103F16210750;1540;103F16210750;CATEGORIA0;;1;1;0;1;;STOP DRT. OPEL ASTRA 98-;STOP DRT. OPEL ASTRA 98-;0;;
61;1540;103F16210751;1540;103F16210751;CATEGORIA0;;1;1;0;1;;OPEL ASTRA 98-*FAROLIM TRÁS ESQ (VERMELHO/BRANCO/AMARELO 4P;OPEL ASTRA 98-*FAROLIM TRÁS ESQ (VERMELHO/BRANCO/AMARELO 4P;0;;
61;1540;103F16210752;1540;103F16210752;CATEGORIA0;;1;1;0;1;;OPEL ASTRA 98-*FAROLIM TRÁS DRT (VERMELHO/FUMADO/AMARELO 4P;OPEL ASTRA 98-*FAROLIM TRÁS DRT (VERMELHO/FUMADO/AMARELO 4P;0;;
61;1540;103F16210753;1540;103F16210753;CATEGORIA0;;1;1;0;1;;OPEL ASTRA 98-*FAROLIM TRÁS ESQ (VERMELHO/FUMADO/AMARELO 4P;OPEL ASTRA 98-*FAROLIM TRÁS ESQ (VERMELHO/FUMADO/AMARELO 4P;0;;
61;1540;103F16210770;1540;103F16210770;CATEGORIA0;;1;1;0;1;;OPEL ASTRA 98-*STOP DRT VAN;OPEL ASTRA 98-*STOP DRT VAN;0;;
61;1540;103F16210771;1540;103F16210771;CATEGORIA0;;1;1;0;1;;OPEL ASTRA 98-*STOP ESQ VAN;OPEL ASTRA 98-*STOP ESQ VAN;0;;
61;1540;103F16210780;1540;103F16210780;CATEGORIA0;;1;1;0;1;;OPEL ASTRA 98-*FAROLIM TRÁS DRT (VAN FUMADO);OPEL ASTRA 98-*FAROLIM TRÁS DRT (VAN FUMADO);0;;
61;1540;103F16210781;1540;103F16210781;CATEGORIA0;;1;1;0;1;;OPEL ASTRA 98-*FAROLIM TRÁS ESQ (VAN FUMADO);OPEL ASTRA 98-*FAROLIM TRÁS ESQ (VAN FUMADO);0;;
61;1540;103F16210960;1540;103F16210960;CATEGORIA0;;1;1;0;1;;ASTRA 98 - V/FAROLIM MATRICULA;ASTRA 98 - V/FAROLIM MATRICULA;0;;
61;1540;103F16231770;1540;103F16231770;CATEGORIA0;;1;1;0;1;;OPEL ZAFIRA 99-*FAROLIM TRÁS DRT(BR/AM);OPEL ZAFIRA 99-*FAROLIM TRÁS DRT(BR/AM);0;;
61;1540;103F16231771;1540;103F16231771;CATEGORIA0;;1;1;0;1;;OPEL ZAFIRA 99-*FAROLIM TRÁS ESQ(BR/AM);OPEL ZAFIRA 99-*FAROLIM TRÁS ESQ(BR/AM);0;;
61;1540;103F16231780;1540;103F16231780;CATEGORIA0;;1;1;0;1;;OPEL ZAFIRA 99-*FAROLIM TRÁS DRT(BRANCO);OPEL ZAFIRA 99-*FAROLIM TRÁS DRT(BRANCO);0;;
61;1540;103F16231781;1540;103F16231781;CATEGORIA0;;1;1;0;1;;OPEL ZAFIRA 99-*FAROLIM TRÁS ESQ (BRANCO);OPEL ZAFIRA 99-*FAROLIM TRÁS ESQ (BRANCO);0;;
61;1540;103F16241770;1540;103F16241770;CATEGORIA0;;1;1;0;1;;OPEL VECTRA 99-*FAROLIM TRÁS DRT (FUMADO);OPEL VECTRA 99-*FAROLIM TRÁS DRT (FUMADO);0;;
61;1540;103F16241771;1540;103F16241771;CATEGORIA0;;1;1;0;1;;OPEL VECTRA 99-*FAROLIM TRÁS ESQ (FUMAD);OPEL VECTRA 99-*FAROLIM TRÁS ESQ (FUMAD);0;;
61;1540;103F16251331;1540;103F16251331;CATEGORIA0;;1;1;0;1;;OPEL CORSA 00-*FAROLIM LATERAL BRANCO;OPEL CORSA 00-*FAROLIM LATERAL BRANCO;0;;
61;1540;103F16251380;1540;103F16251380;CATEGORIA0;;1;1;0;1;;OPEL CORSA 00-*FAROLIM NEV. DRT. TRÁS;OPEL CORSA 00-*FAROLIM NEV. DRT. TRÁS;0;;
61;1540;103F16251381;1540;103F16251381;CATEGORIA0;;1;1;0;1;;OPEL CORSA 00-*FAROLIM TRÁS NEVOEIRO ESQ;OPEL CORSA 00-*FAROLIM TRÁS NEVOEIRO ESQ;0;;
61;1540;103F16251960;1540;103F16251960;CATEGORIA0;;1;1;0;1;;OPEL CORSA 00-/ASTRA 04-*FAROLIM MATRICULA;OPEL CORSA 00-/ASTRA 04-*FAROLIM MATRICULA;0;;
61;1540;103F16261310;1540;103F16261310;CATEGORIA0;;1;1;0;1;;OPEL VECTRA 02-*FAROLIM LAT DRT (BRANCO);OPEL VECTRA 02-*FAROLIM LAT DRT (BRANCO);0;;
61;1540;103F16261311;1540;103F16261311;CATEGORIA0;;1;1;0;1;;OPEL VECTRA 02-*FAROLIM LAT.ESQ.BR.;OPEL VECTRA 02-*FAROLIM LAT.ESQ.BR.;0;;
61;1540;103F16261312;1540;103F16261312;CATEGORIA0;;1;1;0;1;;OPEL VECTRA 02-*FAROLIM LAT DRT (AMARELO);OPEL VECTRA 02-*FAROLIM LAT DRT (AMARELO);0;;
61;1540;103F16261313;1540;103F16261313;CATEGORIA0;;1;1;0;1;;OPEL VECTRA 02-*FAROLIM LAT ESQ (AMARELO);OPEL VECTRA 02-*FAROLIM LAT ESQ (AMARELO);0;;
61;1540;103F16261750;1540;103F16261750;CATEGORIA0;;1;1;0;1;;OPEL VECTRA 02-*FAROLIM TRÁS DRT (AMARELO/VERMELHO/BRANCO 4/;OPEL VECTRA 02-*FAROLIM TRÁS DRT (AMARELO/VERMELHO/BRANCO 4/;0;;
61;1540;103F16261751;1540;103F16261751;CATEGORIA0;;1;1;0;1;;OPEL VECTRA 02-*FAROLIM TRÁS ESQ (AMARELO/VERMELHO/BRANCO 4/;OPEL VECTRA 02-*FAROLIM TRÁS ESQ (AMARELO/VERMELHO/BRANCO 4/;0;;
61;1540;103F16261770;1540;103F16261770;CATEGORIA0;;1;1;0;1;;OPEL VECTRA 02-*FAROLIM TRÁS DRT (BRANCO/VERMELHO 4/5P);OPEL VECTRA 02-*FAROLIM TRÁS DRT (BRANCO/VERMELHO 4/5P);0;;
61;1540;103F16261771;1540;103F16261771;CATEGORIA0;;1;1;0;1;;OPEL VECTRA 02-*FAROLIM TRÁS ESQ (BRANCO/VERMELHO 4/5P);OPEL VECTRA 02-*FAROLIM TRÁS ESQ (BRANCO/VERMELHO 4/5P);0;;
61;1540;103F16261780;1540;103F16261780;CATEGORIA0;;1;1;0;1;;FAROLIM TRÁS DTO. (FUMADO) VECTRA 02-;FAROLIM TRÁS DTO. (FUMADO) VECTRA 02-;0;;
61;1540;103F16261781;1540;103F16261781;CATEGORIA0;;1;1;0;1;;OPEL VECTRA 02-*FAROLIM TRÁS ESQ (FUMADO/VERMELHO/BRANCO 4/5;OPEL VECTRA 02-*FAROLIM TRÁS ESQ (FUMADO/VERMELHO/BRANCO 4/5;0;;
61;1540;103F16271770;1540;103F16271770;CATEGORIA0;;1;1;0;1;;OPEL OMEGA 94-*FAROLIM TRÁS DRT (SW);OPEL OMEGA 94-*FAROLIM TRÁS DRT (SW);0;;
61;1540;103F16271771;1540;103F16271771;CATEGORIA0;;1;1;0;1;;OPEL OMEGA 94-*FAROLIM TRÁS ESQ (SW);OPEL OMEGA 94-*FAROLIM TRÁS ESQ (SW);0;;
61;1540;103F16290301;1540;103F16290301;CATEGORIA0;;1;1;0;1;;OPEL AGILA 00-*FAROLIM LAT DRT/ESQ;OPEL AGILA 00-*FAROLIM LAT DRT/ESQ;0;;
61;1540;103F16290770;1540;103F16290770;CATEGORIA0;;1;1;0;1;;OPEL AGILA 00-*FAROLIM TRÁS DRT;OPEL AGILA 00-*FAROLIM TRÁS DRT;0;;
61;1540;103F16290771;1540;103F16290771;CATEGORIA0;;1;1;0;1;;OPEL AGILA 00-*FAROLIM TRÁS ESQ;OPEL AGILA 00-*FAROLIM TRÁS ESQ;0;;
61;1540;103F16310750;1540;103F16310750;CATEGORIA0;;1;1;0;1;;OPEL OMEGA 99-02*FAROLIM TRÁS DRT (SW);OPEL OMEGA 99-02*FAROLIM TRÁS DRT (SW);0;;
61;1540;103F16310770;1540;103F16310770;CATEGORIA0;;1;1;0;1;;OPEL OMEGA 99-02*FAROLIM TRÁS DRT (CANTO 4P);OPEL OMEGA 99-02*FAROLIM TRÁS DRT (CANTO 4P);0;;
61;1540;103F16310771;1540;103F16310771;CATEGORIA0;;1;1;0;1;;OPEL OMEGA 99-02*FAROLIM TRÁS ESQ (CANTO 4P);OPEL OMEGA 99-02*FAROLIM TRÁS ESQ (CANTO 4P);0;;
61;1540;103F16311330;1540;103F16311330;CATEGORIA0;;1;1;0;1;;OPEL ASTRA 04-*/CORSA 06-*FAROLIM LATERAL DRT;OPEL ASTRA 04-*/CORSA 06-*FAROLIM LATERAL DRT;0;;
61;1540;103F16311331;1540;103F16311331;CATEGORIA0;;1;1;0;1;;OPEL ASTRA 04-*/CORSA 06-*FAROLIM LATERAL ESQ;OPEL ASTRA 04-*/CORSA 06-*FAROLIM LATERAL ESQ;0;;
61;1540;103F16311332;1540;103F16311332;CATEGORIA0;;1;1;0;1;;OPEL ASTRA 04-*/CORSA 06-*FAROLIM LAT DRT (FUMADO);OPEL ASTRA 04-*/CORSA 06-*FAROLIM LAT DRT (FUMADO);0;;
61;1540;103F16311333;1540;103F16311333;CATEGORIA0;;1;1;0;1;;OPEL ASTRA 04-*/CORSA 06-*FAROLIM LAT. ESQ FUMA;OPEL ASTRA 04-*/CORSA 06-*FAROLIM LAT. ESQ FUMA;0;;
61;1540;103F16311510;1540;103F16311510;CATEGORIA0;;1;1;0;1;;OPEL ASTRA 04-07*FAROLIM TRÁS DRT (H/B 2V 5P);OPEL ASTRA 04-07*FAROLIM TRÁS DRT (H/B 2V 5P);0;;
61;1540;103F16311511;1540;103F16311511;CATEGORIA0;;1;1;0;1;;ASTRA 04-07 FAROLIM TRÁS ESQ.;ASTRA 04-07 FAROLIM TRÁS ESQ.;0;;
61;1540;103F16311710;1540;103F16311710;CATEGORIA0;;1;1;0;1;;OPEL ASTRA 04-*FAROLIM TRÁS DRT H/B 3P;OPEL ASTRA 04-*FAROLIM TRÁS DRT H/B 3P;0;;
61;1540;103F16311711;1540;103F16311711;CATEGORIA0;;1;1;0;1;;FAROLIM TRÁS ESQ.;FAROLIM TRÁS ESQ.;0;;
61;1540;103F16311770;1540;103F16311770;CATEGORIA0;;1;1;0;1;;OPEL ASTRA 04-07*FAROLIM TRÁS DRT SW;OPEL ASTRA 04-07*FAROLIM TRÁS DRT SW;0;;
61;1540;103F16311771;1540;103F16311771;CATEGORIA0;;1;1;0;1;;OPEL ASTRA 04-07*FAROLIM TRÁS ESQ SW;OPEL ASTRA 04-07*FAROLIM TRÁS ESQ SW;0;;
61;1540;103F16311772;1540;103F16311772;CATEGORIA0;;1;1;0;1;;OPEL ASTRA 08-09*FAROLIM TRÁS DRT (FUMADO SW);OPEL ASTRA 08-09*FAROLIM TRÁS DRT (FUMADO SW);0;;
61;1540;103F16311773;1540;103F16311773;CATEGORIA0;;1;1;0;1;;OPEL ASTRA 08-09*FAROLIM TRÁS ESQ (FUMADO SW);OPEL ASTRA 08-09*FAROLIM TRÁS ESQ (FUMADO SW);0;;
61;1540;103F16311774;1540;103F16311774;CATEGORIA0;;1;1;0;1;;OPEL ASTRA 07-09*FAROLIM TRÁS DRT (5P);OPEL ASTRA 07-09*FAROLIM TRÁS DRT (5P);0;;
61;1540;103F16311775;1540;103F16311775;CATEGORIA0;;1;1;0;1;;OPEL ASTRA 07-09*FAROLIM TRÁS ESQ (5P);OPEL ASTRA 07-09*FAROLIM TRÁS ESQ (5P);0;;
61;1540;103F16311900;1540;103F16311900;CATEGORIA0;;1;1;0;1;;OPEL ASTRA H 2004.01-*TERCEIRA LUZ STOP LED(MOD H/B);OPEL ASTRA H 2004.01-*TERCEIRA LUZ STOP LED(MOD H/B);0;;
61;1540;103F16320380;1540;103F16320380;CATEGORIA0;;1;1;0;1;;OPEL MERIVA 03-*FAROLIM NEVOEIRO TRÁS DRT (I/CROMADO);OPEL MERIVA 03-*FAROLIM NEVOEIRO TRÁS DRT (I/CROMADO);0;;
61;1540;103F16320381;1540;103F16320381;CATEGORIA0;;1;1;0;1;;OPEL MERIVA 03-*FAROLIM NEVOEIRO TRÁS ESQ (I/CROMADO);OPEL MERIVA 03-*FAROLIM NEVOEIRO TRÁS ESQ (I/CROMADO);0;;
61;1540;103F16320382;1540;103F16320382;CATEGORIA0;;1;1;0;1;;OPEL MERIVA 03-*FAROLIM NEVOEIRO TRÁS DRT (I/NEGRO);OPEL MERIVA 03-*FAROLIM NEVOEIRO TRÁS DRT (I/NEGRO);0;;
61;1540;103F16320383;1540;103F16320383;CATEGORIA0;;1;1;0;1;;OPEL MERIVA 03-*FAROLIM NEVOEIRO TRÁS ESQ (I/NEGRO);OPEL MERIVA 03-*FAROLIM NEVOEIRO TRÁS ESQ (I/NEGRO);0;;
61;1540;103F16330770;1540;103F16330770;CATEGORIA0;;1;1;0;1;;OPEL COMBO 02-*FAROLIM TRÁS DRT;OPEL COMBO 02-*FAROLIM TRÁS DRT;0;;
61;1540;103F16330771;1540;103F16330771;CATEGORIA0;;1;1;0;1;;OPEL COMBO 02-*FAROLIM TRÁS ESQ;OPEL COMBO 02-*FAROLIM TRÁS ESQ;0;;
61;1540;103F16330960;1540;103F16330960;CATEGORIA0;;1;1;0;1;;FAROLIM CHAPA MATR. OPEL;FAROLIM CHAPA MATR. OPEL;0;;
61;1540;103F16341770;1540;103F16341770;CATEGORIA0;;1;1;0;1;;OPEL ZAFIRA 05-*FAROLIM TRÁS DRT;OPEL ZAFIRA 05-*FAROLIM TRÁS DRT;0;;
61;1540;103F16341771;1540;103F16341771;CATEGORIA0;;1;1;0;1;;OPEL ZAFIRA 05-*FAROLIM TRÁS ESQ;OPEL ZAFIRA 05-*FAROLIM TRÁS ESQ;0;;
61;1540;103F16341772;1540;103F16341772;CATEGORIA0;;1;1;0;1;;OPEL ZAFIRA 08-*FAROLIM TRÁS DRT;OPEL ZAFIRA 08-*FAROLIM TRÁS DRT;0;;
61;1540;103F16341773;1540;103F16341773;CATEGORIA0;;1;1;0;1;;OPEL ZAFIRA 08-*FAROLIM TRÁS ESQ;OPEL ZAFIRA 08-*FAROLIM TRÁS ESQ;0;;
61;1540;103F16351130;1540;103F16351130;CATEGORIA0;;1;1;0;1;;OPEL MOVANO 03-*FAROLIM FRT DRT;OPEL MOVANO 03-*FAROLIM FRT DRT;0;;
61;1540;103F16351131;1540;103F16351131;CATEGORIA0;;1;1;0;1;;OPEL MOVANO 03-*FAROLIM FRT ESQ;OPEL MOVANO 03-*FAROLIM FRT ESQ;0;;
61;1540;103F16361380;1540;103F16361380;CATEGORIA0;;1;1;0;1;;OPEL CORSA 03-*FAROLIM TRÁS NEV.DRT;OPEL CORSA 03-*FAROLIM TRÁS NEV.DRT;0;;
61;1540;103F16361381;1540;103F16361381;CATEGORIA0;;1;1;0;1;;OPEL CORSA 03-*FAROLIM TRÁS NEVOEIRO ESQ;OPEL CORSA 03-*FAROLIM TRÁS NEVOEIRO ESQ;0;;
61;1540;103F16371210;1540;103F16371210;CATEGORIA0;;1;1;0;1;;VIVARO 01- FAROLIM FRT. DTO. BRANCO;VIVARO 01- FAROLIM FRT. DTO. BRANCO;0;;
61;1540;103F16371211;1540;103F16371211;CATEGORIA0;;1;1;0;1;;OPEL VIVARO 01-*FAROLIM FRT ES BRANCO;OPEL VIVARO 01-*FAROLIM FRT ES BRANCO;0;;
61;1540;103F16391750;1540;103F16391750;CATEGORIA0;;1;1;0;1;;OPEL CORSA 06-*FAROLIM TRÁS DRT (5P);OPEL CORSA 06-*FAROLIM TRÁS DRT (5P);0;;
61;1540;103F16391751;1540;103F16391751;CATEGORIA0;;1;1;0;1;;OPEL CORSA 06-*FAROLIM TRÁS ESQ 5P;OPEL CORSA 06-*FAROLIM TRÁS ESQ 5P;0;;
61;1540;103F16391770;1540;103F16391770;CATEGORIA0;;1;1;0;1;;OPEL CORSA 06-*FAROLIM TRÁS DRT (3P);OPEL CORSA 06-*FAROLIM TRÁS DRT (3P);0;;
61;1540;103F16391771;1540;103F16391771;CATEGORIA0;;1;1;0;1;;OPEL CORSA 06-*FAROLIM TRÁS ESQ 3P;OPEL CORSA 06-*FAROLIM TRÁS ESQ 3P;0;;
61;1540;103F16391772;1540;103F16391772;CATEGORIA0;;1;1;0;1;;OPEL CORSA 06-*FAROLIM TRÁS DRT (FUMADO 3P);OPEL CORSA 06-*FAROLIM TRÁS DRT (FUMADO 3P);0;;
61;1540;103F16391773;1540;103F16391773;CATEGORIA0;;1;1;0;1;;OPEL CORSA 06-*FAROLIM TRÁS ESQ (FUMADO 3P);OPEL CORSA 06-*FAROLIM TRÁS ESQ (FUMADO 3P);0;;
61;1540;103F16410770;1540;103F16410770;CATEGORIA0;;1;1;0;1;;OPEL TIGRA 04-*FAROLIM TRÁS DRT;OPEL TIGRA 04-*FAROLIM TRÁS DRT;0;;
61;1540;103F16410771;1540;103F16410771;CATEGORIA0;;1;1;0;1;;OPEL TIGRA 04-*FAROLIM TRÁS ESQ;OPEL TIGRA 04-*FAROLIM TRÁS ESQ;0;;
61;1540;103F16461770;1540;103F16461770;CATEGORIA0;;1;1;0;1;;OPEL VECTRA 05-*FAROLIM TRÁS DRT (CANTO BRANCO SW);OPEL VECTRA 05-*FAROLIM TRÁS DRT (CANTO BRANCO SW);0;;
61;1540;103F16461771;1540;103F16461771;CATEGORIA0;;1;1;0;1;;OPEL VECTRA 05-*FAROLIM TRÁS ESQ (CANTO BRANCO SW);OPEL VECTRA 05-*FAROLIM TRÁS ESQ (CANTO BRANCO SW);0;;
61;1540;103F16461772;1540;103F16461772;CATEGORIA0;;1;1;0;1;;OPEL VECTRA 05-*FAROLIM TRÁS DRT (CANTO FUMADO SW);OPEL VECTRA 05-*FAROLIM TRÁS DRT (CANTO FUMADO SW);0;;
61;1540;103F16461773;1540;103F16461773;CATEGORIA0;;1;1;0;1;;OPEL VECTRA 05-*FAROLIM TRÁS ESQ (CANTO FUMADO SW);OPEL VECTRA 05-*FAROLIM TRÁS ESQ (CANTO FUMADO SW);0;;
61;1540;103F16471770;1540;103F16471770;CATEGORIA0;;1;1;0;1;;OPEL AGILA 08-*FAROLIM TRÁS DRT;OPEL AGILA 08-*FAROLIM TRÁS DRT;0;;
61;1540;103F16471771;1540;103F16471771;CATEGORIA0;;1;1;0;1;;OPEL AGILA 08-*FAROLIM TRÁS ESQ;OPEL AGILA 08-*FAROLIM TRÁS ESQ;0;;
61;1540;103F16481210;1540;103F16481210;CATEGORIA0;;1;1;0;1;;OPEL ASTRA 07/11--*FAROLIM FRT DRT(PSY24W);OPEL ASTRA 07/11--*FAROLIM FRT DRT(PSY24W);0;;
61;1540;103F16481211;1540;103F16481211;CATEGORIA0;;1;1;0;1;;OPEL ASTRA 07/11--*FAROLIM FRT ESQ(PSY24W);OPEL ASTRA 07/11--*FAROLIM FRT ESQ(PSY24W);0;;
61;1540;103F16481330;1540;103F16481330;CATEGORIA0;;1;1;0;1;;OPEL ASTRA 10-*FAROLIM LAT DRT CLARO;OPEL ASTRA 10-*FAROLIM LAT DRT CLARO;0;;
61;1540;103F16481331;1540;103F16481331;CATEGORIA0;;1;1;0;1;;OPEL ASTRA 10-*FAROLIM LAT ESQ CLARO;OPEL ASTRA 10-*FAROLIM LAT ESQ CLARO;0;;
61;1540;103F16481770;1540;103F16481770;CATEGORIA0;;1;1;0;1;;OPEL ASTRA 10-*FAROLIM TRÁS DRT (VERMELHO H/B);OPEL ASTRA 10-*FAROLIM TRÁS DRT (VERMELHO H/B);0;;
61;1540;103F16481771;1540;103F16481771;CATEGORIA0;;1;1;0;1;;FAROLIM TRÁS ESQ. ASTRA 10-;FAROLIM TRÁS ESQ. ASTRA 10-;0;;
61;1540;103F16481772;1540;103F16481772;CATEGORIA0;;1;1;0;1;;OPEL ASTRA 10-*FAROLIM TRÁS DRT (VERMELHO/NEGRO H/B);OPEL ASTRA 10-*FAROLIM TRÁS DRT (VERMELHO/NEGRO H/B);0;;
61;1540;103F16481773;1540;103F16481773;CATEGORIA0;;1;1;0;1;;OPEL ASTRA 10-*FAROLIM TRÁS ESQ (VERMELHO/NEGRO H/B);OPEL ASTRA 10-*FAROLIM TRÁS ESQ (VERMELHO/NEGRO H/B);0;;
61;1540;103F16481774;1540;103F16481774;CATEGORIA0;;1;1;0;1;;FAROLIM TRÁS DTO.  ASTRA 10-;FAROLIM TRÁS DTO.  ASTRA 10-;0;;
61;1540;103F16481775;1540;103F16481775;CATEGORIA0;;1;1;0;1;;OPEL ASTRA 10-*FAROLIM TRÁS ESQ (VERMELHO/VERMELHO SW);OPEL ASTRA 10-*FAROLIM TRÁS ESQ (VERMELHO/VERMELHO SW);0;;
61;1540;103F16481776;1540;103F16481776;CATEGORIA0;;1;1;0;1;;OPEL ASTRA 10-*FAROLIM TRÁS DRT (VERMELHO/NEGRO SW);OPEL ASTRA 10-*FAROLIM TRÁS DRT (VERMELHO/NEGRO SW);0;;
61;1540;103F16481777;1540;103F16481777;CATEGORIA0;;1;1;0;1;;OPEL ASTRA 10-*FAROLIM TRÁS ESQ (VERMELHO/NEGRO SW);OPEL ASTRA 10-*FAROLIM TRÁS ESQ (VERMELHO/NEGRO SW);0;;
61;1540;103F16481780;1540;103F16481780;CATEGORIA0;;1;1;0;1;;OPEL ASTRA 10-*FAROLIM TRÁS DRT (MEIO VERMELHO/NEGRO H/B);OPEL ASTRA 10-*FAROLIM TRÁS DRT (MEIO VERMELHO/NEGRO H/B);0;;
61;1540;103F16481784;1540;103F16481784;CATEGORIA0;;1;1;0;1;;OPEL ASTRA 13-*FAROLIM TRÁS DRT (4P);OPEL ASTRA 13-*FAROLIM TRÁS DRT (4P);0;;
61;1540;103F16481785;1540;103F16481785;CATEGORIA0;;1;1;0;1;;OPEL ASTRA 13-*FAROLIM TRÁS ESQ (4P);OPEL ASTRA 13-*FAROLIM TRÁS ESQ (4P);0;;
61;1540;103F16510770;1540;103F16510770;CATEGORIA0;;1;1;0;1;;OPEL INSIGNIA 08-*FAROLIM TRÁS DRT SEDAN;OPEL INSIGNIA 08-*FAROLIM TRÁS DRT SEDAN;0;;
61;1540;103F16510771;1540;103F16510771;CATEGORIA0;;1;1;0;1;;OPEL INSIGNIA 08-*FAROLIM TRÁS ESQ (SEDAN);OPEL INSIGNIA 08-*FAROLIM TRÁS ESQ (SEDAN);0;;
61;1540;103F16510772;1540;103F16510772;CATEGORIA0;;1;1;0;1;;OPEL INSIGNIA 08-*FAROLIM TRÁS DRT (HB);OPEL INSIGNIA 08-*FAROLIM TRÁS DRT (HB);0;;
61;1540;103F16510773;1540;103F16510773;CATEGORIA0;;1;1;0;1;;OPEL INSIGNIA 08-*FAROLIM TRÁS ESQ (HB);OPEL INSIGNIA 08-*FAROLIM TRÁS ESQ (HB);0;;
61;1540;103F16510900;1540;103F16510900;CATEGORIA0;;1;1;0;1;;OPEL INSIGNIA 08-*TERCEIRA LUZ STOP 3 VOLUMES(LED);OPEL INSIGNIA 08-*TERCEIRA LUZ STOP 3 VOLUMES(LED);0;;
61;1540;103F16530770;1540;103F16530770;CATEGORIA0;;1;1;0;1;;OPEL MERIVA 10-*FAROLIM TRÁS DRT (CANTO);OPEL MERIVA 10-*FAROLIM TRÁS DRT (CANTO);0;;
61;1540;103F16530771;1540;103F16530771;CATEGORIA0;;1;1;0;1;;OPEL MERIVA 10-*FAROLIM TRÁS ESQ (CANTO);OPEL MERIVA 10-*FAROLIM TRÁS ESQ (CANTO);0;;
61;1540;103F16530772;1540;103F16530772;CATEGORIA0;;1;1;0;1;;OPEL MERIVA 14-*FAROLIM TRÁS DRT (CANTO FUMADO);OPEL MERIVA 14-*FAROLIM TRÁS DRT (CANTO FUMADO);0;;
61;1540;103F16530773;1540;103F16530773;CATEGORIA0;;1;1;0;1;;OPEL MERIVA 14-*FAROLIM TRÁS ESQ (CANTO FUMADO);OPEL MERIVA 14-*FAROLIM TRÁS ESQ (CANTO FUMADO);0;;
61;1540;103F16541772;1540;103F16541772;CATEGORIA0;;1;1;0;1;;OPEL CORSA 11-*FAROLIM TRÁS DRT (I/ESCURO)(5P);OPEL CORSA 11-*FAROLIM TRÁS DRT (I/ESCURO)(5P);0;;
61;1540;103F16541773;1540;103F16541773;CATEGORIA0;;1;1;0;1;;OPEL CORSA 11-*FAROLIM TRÁS ESQ (I/ESCURO)(5P);OPEL CORSA 11-*FAROLIM TRÁS ESQ (I/ESCURO)(5P);0;;
61;1540;103F16550770;1540;103F16550770;CATEGORIA0;;1;1;0;1;;OPEL ZAFIRA 12-*FAROLIM TRÁS DRT (CANTO);OPEL ZAFIRA 12-*FAROLIM TRÁS DRT (CANTO);0;;
61;1540;103F16550771;1540;103F16550771;CATEGORIA0;;1;1;0;1;;OPEL ZAFIRA 12-*FAROLIM TRÁS ESQ (CANTO);OPEL ZAFIRA 12-*FAROLIM TRÁS ESQ (CANTO);0;;
61;1540;103F16571770;1540;103F16571770;CATEGORIA0;;1;1;0;1;;OPEL INSIGNIA A 2013.08-*FAROLIM TRÁS DRT SEDAN(LED/W21W/W16;OPEL INSIGNIA A 2013.08-*FAROLIM TRÁS DRT SEDAN(LED/W21W/W16;0;;
61;1540;103F16571771;1540;103F16571771;CATEGORIA0;;1;1;0;1;;OPEL INSIGNIA A 2013.08-*FAROLIM TRÁS ESQ SEDAN(LED/W21W/W16;OPEL INSIGNIA A 2013.08-*FAROLIM TRÁS ESQ SEDAN(LED/W21W/W16;0;;
61;1540;103F16571772;1540;103F16571772;CATEGORIA0;;1;1;0;1;;OPEL INSIGNIA A 2013.08-*FAROLIM TRÁS DRT H/B(LED/W21W/W16W);OPEL INSIGNIA A 2013.08-*FAROLIM TRÁS DRT H/B(LED/W21W/W16W);0;;
61;1540;103F16571773;1540;103F16571773;CATEGORIA0;;1;1;0;1;;OPEL INSIGNIA A 2013.08-*FAROLIM TRÁS ESQ H/B(LED/W21W/W16W/;OPEL INSIGNIA A 2013.08-*FAROLIM TRÁS ESQ H/B(LED/W21W/W16W/;0;;
61;1540;103F16571900;1540;103F16571900;CATEGORIA0;;1;1;0;1;;OPEL INSIGNIA A 2013.08-*TERCEIRA LUZ STOP FUMADO 3 VOLUMES;OPEL INSIGNIA A 2013.08-*TERCEIRA LUZ STOP FUMADO 3 VOLUMES;0;;
61;1540;103F16610380;1540;103F16610380;CATEGORIA0;;1;1;0;1;;OPEL MOKKA 2012.06-*FAROLIM NEVOEIRO P/CH TRÁS DRT;OPEL MOKKA 2012.06-*FAROLIM NEVOEIRO P/CH TRÁS DRT;0;;
61;1540;103F16610381;1540;103F16610381;CATEGORIA0;;1;1;0;1;;OPEL MOKKA 2012.06-*FAROLIM NEVOEIRO P/CH TRÁS ESQ;OPEL MOKKA 2012.06-*FAROLIM NEVOEIRO P/CH TRÁS ESQ;0;;
61;1540;103F16620770;1540;103F16620770;CATEGORIA0;;1;1;0;1;;OPEL CORSA 15-*FAROLIM TRÁS DRT 3P;OPEL CORSA 15-*FAROLIM TRÁS DRT 3P;0;;
61;1540;103F16620771;1540;103F16620771;CATEGORIA0;;1;1;0;1;;OPEL CORSA 15-*FAROLIM TRÁS ESQ (3P);OPEL CORSA 15-*FAROLIM TRÁS ESQ (3P);0;;
61;1540;103F16620772;1540;103F16620772;CATEGORIA0;;1;1;0;1;;CORSA 15 - FAROLIM TRÁS DTO. (5P);CORSA 15 - FAROLIM TRÁS DTO. (5P);0;;
61;1540;103F16620773;1540;103F16620773;CATEGORIA0;;1;1;0;1;;OPEL CORSA 15-*FAROLIM TRÁS ESQ (5P);OPEL CORSA 15-*FAROLIM TRÁS ESQ (5P);0;;
61;1540;103F16630770;1540;103F16630770;CATEGORIA0;;1;1;0;1;;FAROLIM TRÁS DTO.;FAROLIM TRÁS DTO.;0;;
61;1540;103F16630771;1540;103F16630771;CATEGORIA0;;1;1;0;1;;OPEL ASTRA K 15-*FAROLIM TRÁS ESQ (CANTO);OPEL ASTRA K 15-*FAROLIM TRÁS ESQ (CANTO);0;;
61;1540;103F16630772;1540;103F16630772;CATEGORIA0;;1;1;0;1;;OPEL ASTRA K 15-*FAROLIM TRÁS DRT (CANTO SW);OPEL ASTRA K 15-*FAROLIM TRÁS DRT (CANTO SW);0;;
61;1540;103F16630773;1540;103F16630773;CATEGORIA0;;1;1;0;1;;OPEL ASTRA K 15-*FAROLIM TRÁS ESQ (CANTO SW);OPEL ASTRA K 15-*FAROLIM TRÁS ESQ (CANTO SW);0;;
61;1540;103F16661310;1540;103F16661310;CATEGORIA0;;1;1;0;1;;OPEL MOKKA X 2016.04-*FAROLIM LAT DRT;OPEL MOKKA X 2016.04-*FAROLIM LAT DRT;0;;
61;1540;103F16661311;1540;103F16661311;CATEGORIA0;;1;1;0;1;;OPEL MOKKA X 2016.04-*FAROLIM LAT ESQ;OPEL MOKKA X 2016.04-*FAROLIM LAT ESQ;0;;
61;1540;103F16700770;1540;103F16700770;CATEGORIA0;;1;1;0;1;;OPEL INSIGNIA B 2017.03-*FAROLIM TRÁS DRT SEDAN(LED/PY21W);OPEL INSIGNIA B 2017.03-*FAROLIM TRÁS DRT SEDAN(LED/PY21W);0;;
61;1540;103F16700771;1540;103F16700771;CATEGORIA0;;1;1;0;1;;OPEL INSIGNIA B 2017.03-*FAROLIM TRÁS ESQ SEDAN(LED/PY21W);OPEL INSIGNIA B 2017.03-*FAROLIM TRÁS ESQ SEDAN(LED/PY21W);0;;
61;1540;103F16720770;1540;103F16720770;CATEGORIA0;;1;1;0;1;;OPEL CORSA F 2019.07-*FAROLIM TRÁS DRT(P21/5W/PY21W/W16W);OPEL CORSA F 2019.07-*FAROLIM TRÁS DRT(P21/5W/PY21W/W16W);0;;
61;1540;103F16720771;1540;103F16720771;CATEGORIA0;;1;1;0;1;;OPEL CORSA F 2019.07-*FAROLIM TRÁS ESQ(P21/5W/PY21W/W16W);OPEL CORSA F 2019.07-*FAROLIM TRÁS ESQ(P21/5W/PY21W/W16W);0;;
61;1540;103F17010770;1540;103F17010770;CATEGORIA0;;1;1;0;1;;PEUGEOT 106 96-*FAROLIM TRÁS DRT;PEUGEOT 106 96-*FAROLIM TRÁS DRT;0;;
61;1540;103F17010771;1540;103F17010771;CATEGORIA0;;1;1;0;1;;PEUGEOT 106 96-*FAROLIM TRÁS ESQ;PEUGEOT 106 96-*FAROLIM TRÁS ESQ;0;;
61;1540;103F17051120;1540;103F17051120;CATEGORIA0;;1;1;0;1;;PEUGEOT 504*FAROLIM FRT DRT (BRANCO/AMARELO);PEUGEOT 504*FAROLIM FRT DRT (BRANCO/AMARELO);0;;
61;1540;103F17051121;1540;103F17051121;CATEGORIA0;;1;1;0;1;;PEUGEOT 504*FAROLIM FRT ESQ (BRANCO/AMARELO);PEUGEOT 504*FAROLIM FRT ESQ (BRANCO/AMARELO);0;;
61;1540;103F17051240;1540;103F17051240;CATEGORIA0;;1;1;0;1;;PEUGEOT 504*V/FAROLIM FRT DRT (BRANCO/AMARELO);PEUGEOT 504*V/FAROLIM FRT DRT (BRANCO/AMARELO);0;;
61;1540;103F17051241;1540;103F17051241;CATEGORIA0;;1;1;0;1;;PEUGEOT 504*V/FAROLIM FRT ESQ (BRANCO/AMARELO);PEUGEOT 504*V/FAROLIM FRT ESQ (BRANCO/AMARELO);0;;
61;1540;103F17062130;1540;103F17062130;CATEGORIA0;;1;1;0;1;;PEUGEOT 505 86-*PISC FRT DRT;PEUGEOT 505 86-*PISC FRT DRT;0;;
61;1540;103F17062131;1540;103F17062131;CATEGORIA0;;1;1;0;1;;PEUGEOT 505 86-*PISC FRT ESQ;PEUGEOT 505 86-*PISC FRT ESQ;0;;
61;1540;103F17071000;1540;103F17071000;CATEGORIA0;;1;1;0;1;;FIAT RITMO -82*FAROLIM TRÁS ESQ (CE);FIAT RITMO -82*FAROLIM TRÁS ESQ (CE);0;;
61;1540;103F17081200;1540;103F17081200;CATEGORIA0;;1;1;0;1;;PEUGEOT 205 83-90*PISCA FRT DRT;PEUGEOT 205 83-90*PISCA FRT DRT;0;;
61;1540;103F17081201;1540;103F17081201;CATEGORIA0;;1;1;0;1;;PEUGEOT 205 83-90*PISCA FRT ESQ;PEUGEOT 205 83-90*PISCA FRT ESQ;0;;
61;1540;103F17081820;1540;103F17081820;CATEGORIA0;;1;1;0;1;;PEUGEOT 205 83-*VIDRO TRÁS DRT;PEUGEOT 205 83-*VIDRO TRÁS DRT;0;;
61;1540;103F17081821;1540;103F17081821;CATEGORIA0;;1;1;0;1;;PEUGEOT 205 83-*V/FAROLIM TRÁS ESQ;PEUGEOT 205 83-*V/FAROLIM TRÁS ESQ;0;;
61;1540;103F17082210;1540;103F17082210;CATEGORIA0;;1;1;0;1;;PEUGEOT 205 90-*PISCA FRT DRT;PEUGEOT 205 90-*PISCA FRT DRT;0;;
61;1540;103F17082211;1540;103F17082211;CATEGORIA0;;1;1;0;1;;PEUGEOT 205 90-*PISCA FRT ESQ;PEUGEOT 205 90-*PISCA FRT ESQ;0;;
61;1540;103F17091130;1540;103F17091130;CATEGORIA0;;1;1;0;1;;PEUGEOT 309 86-*PISCA FRENTE DRT;PEUGEOT 309 86-*PISCA FRENTE DRT;0;;
61;1540;103F17091131;1540;103F17091131;CATEGORIA0;;1;1;0;1;;PEUGEOT 309 86-*FAROLIM FRT ESQ;PEUGEOT 309 86-*FAROLIM FRT ESQ;0;;
61;1540;103F17101210;1540;103F17101210;CATEGORIA0;;1;1;0;1;;PEUGEOT 405 87-*PISCA FRT DRT BRANCO;PEUGEOT 405 87-*PISCA FRT DRT BRANCO;0;;
61;1540;103F17101211;1540;103F17101211;CATEGORIA0;;1;1;0;1;;PEUGEOT 405 87-*PISCA FRT ESQ BRANCO;PEUGEOT 405 87-*PISCA FRT ESQ BRANCO;0;;
61;1540;103F17101510;1540;103F17101510;CATEGORIA0;;1;1;0;1;;FAROLIM TRÁS DRT;FAROLIM TRÁS DRT;0;;
61;1540;103F17101511;1540;103F17101511;CATEGORIA0;;1;1;0;1;;PEUGEOT 405 87-*FAROLIM TRÁS ESQ;PEUGEOT 405 87-*FAROLIM TRÁS ESQ;0;;
61;1540;103F17101770;1540;103F17101770;CATEGORIA0;;1;1;0;1;;PEUGEOT 405 94-*FAROLIM TRÁS DRT;PEUGEOT 405 94-*FAROLIM TRÁS DRT;0;;
61;1540;103F17111210;1540;103F17111210;CATEGORIA0;;1;1;0;1;;PEUGEOT 106 91-*FAROLIM FRT DRT;PEUGEOT 106 91-*FAROLIM FRT DRT;0;;
61;1540;103F17111211;1540;103F17111211;CATEGORIA0;;1;1;0;1;;PEUGEOT 106 91-*FAROLIM FRT ESQ;PEUGEOT 106 91-*FAROLIM FRT ESQ;0;;
61;1540;103F17111311;1540;103F17111311;CATEGORIA0;;1;1;0;1;;PEUGEOT 106 91-*FAROLIM LAT DRT/ESQ (AMARELO);PEUGEOT 106 91-*FAROLIM LAT DRT/ESQ (AMARELO);0;;
61;1540;103F17112311;1540;103F17112311;CATEGORIA0;;1;1;0;1;;CITROEN SAX/106/BER/XAN 96-*FAROLIM L/AM;CITROEN SAX/106/BER/XAN 96-*FAROLIM L/AM;0;;
61;1540;103F17113331;1540;103F17113331;CATEGORIA0;;1;1;0;1;;CITROEN SAXO/BERL/106 96-*FAROLIM LAT BR;CITROEN SAXO/BERL/106 96-*FAROLIM LAT BR;0;;
61;1540;103F17121210;1540;103F17121210;CATEGORIA0;;1;1;0;1;;PEUGEOT 306 93-*FAROLIM FRT DRT;PEUGEOT 306 93-*FAROLIM FRT DRT;0;;
61;1540;103F17121211;1540;103F17121211;CATEGORIA0;;1;1;0;1;;PEUGEOT 306 93-*FAROLIM FRT ESQ;PEUGEOT 306 93-*FAROLIM FRT ESQ;0;;
61;1540;103F17121311;1540;103F17121311;CATEGORIA0;;1;1;0;1;;PEUGEOT 306/ZX 93-*FAROLIM LAT DRT/ESQ;PEUGEOT 306/ZX 93-*FAROLIM LAT DRT/ESQ;0;;
61;1540;103F17131311;1540;103F17131311;CATEGORIA0;;1;1;0;1;;FAROLIM LATERAL AMARELO P. 206 98-;FAROLIM LATERAL AMARELO P. 206 98-;0;;
61;1540;103F17131331;1540;103F17131331;CATEGORIA0;;1;1;0;1;;PEUGEOT 206/C2/C3 98-*FAROLIM LAT BRANCO;PEUGEOT 206/C2/C3 98-*FAROLIM LAT BRANCO;0;;
61;1540;103F17131332;1540;103F17131332;CATEGORIA0;;1;1;0;1;;PEUGEOT 206/C2/C3 98-*FAROLIM LAT DRT/ESQ (FUMADO);PEUGEOT 206/C2/C3 98-*FAROLIM LAT DRT/ESQ (FUMADO);0;;
61;1540;103F17161710;1540;103F17161710;CATEGORIA0;;1;1;0;1;;PEUGEOT 406 95-*FAROLIM TRÁS DRT (SW);PEUGEOT 406 95-*FAROLIM TRÁS DRT (SW);0;;
61;1540;103F17161711;1540;103F17161711;CATEGORIA0;;1;1;0;1;;PEUGEOT 406 95-*FAROLIM TRÁS ESQ (SW);PEUGEOT 406 95-*FAROLIM TRÁS ESQ (SW);0;;
61;1540;103F17161770;1540;103F17161770;CATEGORIA0;;1;1;0;1;;PEUGEOT 406 95-*FAROLIM TRÁS DRT (AUTOM);PEUGEOT 406 95-*FAROLIM TRÁS DRT (AUTOM);0;;
61;1540;103F17161771;1540;103F17161771;CATEGORIA0;;1;1;0;1;;PEUGEOT 406 95-*FAROLIM TRÁS ESQ(AUTOM);PEUGEOT 406 95-*FAROLIM TRÁS ESQ(AUTOM);0;;
61;1540;103F17171710;1540;103F17171710;CATEGORIA0;;1;1;0;1;;PEUGEOT 306 97-99*FAROLIM TRÁS DRT (4P);PEUGEOT 306 97-99*FAROLIM TRÁS DRT (4P);0;;
61;1540;103F17171750;1540;103F17171750;CATEGORIA0;;1;1;0;1;;PEUGEOT 306 99-*FAROLIM TRÁS DRT (4P);PEUGEOT 306 99-*FAROLIM TRÁS DRT (4P);0;;
61;1540;103F17171770TU;1540;103F17171770TU;CATEGORIA0;;1;1;0;1;;PEUGEOT 306 99-*KIT FAROLINS TRÁS (CRISTAL TUNING);PEUGEOT 306 99-*KIT FAROLINS TRÁS (CRISTAL TUNING);0;;
61;1540;103F17171771;1540;103F17171771;CATEGORIA0;;1;1;0;1;;PEUGEOT 306 97-00*FAROLIM TR.ESQ. (3/5 P);PEUGEOT 306 97-00*FAROLIM TR.ESQ. (3/5 P);0;;
61;1540;103F17210380;1540;103F17210380;CATEGORIA0;;1;1;0;1;;PEUGEOT 206 98-*FAROLIM NEVOEIRO P/CH TR;PEUGEOT 206 98-*FAROLIM NEVOEIRO P/CH TR;0;;
61;1540;103F17210770;1540;103F17210770;CATEGORIA0;;1;1;0;1;;PEUGEOT 206 98-*FAROLIM TRÁS DRT;PEUGEOT 206 98-*FAROLIM TRÁS DRT;0;;
61;1540;103F17210771;1540;103F17210771;CATEGORIA0;;1;1;0;1;;PEUGEOT 206 98-*FAROLIM TRÁS ESQ;PEUGEOT 206 98-*FAROLIM TRÁS ESQ;0;;
61;1540;103F17210780;1540;103F17210780;CATEGORIA0;;1;1;0;1;;PEUGEOT 206 03-*FAROLIM TRÁS DRT;PEUGEOT 206 03-*FAROLIM TRÁS DRT;0;;
61;1540;103F17210781;1540;103F17210781;CATEGORIA0;;1;1;0;1;;PEUGEOT 206 03-*FAROLIM TRÁS ESQ;PEUGEOT 206 03-*FAROLIM TRÁS ESQ;0;;
61;1540;103F17221770;1540;103F17221770;CATEGORIA0;;1;1;0;1;;PEUGEOT 406 99-*FAROLIM TRÁS DRT(AUTOM);PEUGEOT 406 99-*FAROLIM TRÁS DRT(AUTOM);0;;
61;1540;103F17221771;1540;103F17221771;CATEGORIA0;;1;1;0;1;;PEUGEOT 406 99-*FAROLIM TRÁS ESQ(AUTOM);PEUGEOT 406 99-*FAROLIM TRÁS ESQ(AUTOM);0;;
61;1540;103F17230711;1540;103F17230711;CATEGORIA0;;1;1;0;1;;PEUGEOT 307 01-*FAROLIM TRÁS ESQ(SW);PEUGEOT 307 01-*FAROLIM TRÁS ESQ(SW);0;;
61;1540;103F17230770;1540;103F17230770;CATEGORIA0;;1;1;0;1;;PEUGEOT 307 01-*FAROLIM TRÁS DRT 3/5P;PEUGEOT 307 01-*FAROLIM TRÁS DRT 3/5P;0;;
61;1540;103F17230771;1540;103F17230771;CATEGORIA0;;1;1;0;1;;PEUGEOT 307 01-*FAROLIM TRÁS ESQ 3/5P;PEUGEOT 307 01-*FAROLIM TRÁS ESQ 3/5P;0;;
61;1540;103F17230900;1540;103F17230900;CATEGORIA0;;1;1;0;1;;PEUGEOT 307 01-*FAROLIM 3º STOP;PEUGEOT 307 01-*FAROLIM 3º STOP;0;;
61;1540;103F17241770;1540;103F17241770;CATEGORIA0;;1;1;0;1;;PEUGEOT 407 04-*FAROLIM TRÁS DRT (SEDAN);PEUGEOT 407 04-*FAROLIM TRÁS DRT (SEDAN);0;;
61;1540;103F17241771;1540;103F17241771;CATEGORIA0;;1;1;0;1;;PEUGEOT 407 04-*FAROLIM TR.ESQ (SEDAN);PEUGEOT 407 04-*FAROLIM TR.ESQ (SEDAN);0;;
61;1540;103F17241772;1540;103F17241772;CATEGORIA0;;1;1;0;1;;PEUGEOT 407 04-*FAROLIM TRÁS DRT BREAK;PEUGEOT 407 04-*FAROLIM TRÁS DRT BREAK;0;;
61;1540;103F17241773;1540;103F17241773;CATEGORIA0;;1;1;0;1;;PEUGEOT 407 04-*FAROLIM TRÁS ESQ BREAK;PEUGEOT 407 04-*FAROLIM TRÁS ESQ BREAK;0;;
61;1540;103F17261770;1540;103F17261770;CATEGORIA0;;1;1;0;1;;PEUGEOT 307 05-*FAROLIM TRÁS DRT;PEUGEOT 307 05-*FAROLIM TRÁS DRT;0;;
61;1540;103F17261771;1540;103F17261771;CATEGORIA0;;1;1;0;1;;PEUGEOT 307  05- FAROLIM TR. ESQ.;PEUGEOT 307  05- FAROLIM TR. ESQ.;0;;
61;1540;103F17261772;1540;103F17261772;CATEGORIA0;;1;1;0;1;;PEUGEOT 307 05-*FAROLIM TRÁS DRT (SW);PEUGEOT 307 05-*FAROLIM TRÁS DRT (SW);0;;
61;1540;103F17261773;1540;103F17261773;CATEGORIA0;;1;1;0;1;;PEUGEOT 307 05-*FAROLIM TRÁS ESQ(SW);PEUGEOT 307 05-*FAROLIM TRÁS ESQ(SW);0;;
61;1540;103F17271330;1540;103F17271330;CATEGORIA0;;1;1;0;1;;PEUG 20706-/CIT. C3/ C4 10-*FAROLIM LAT. DRT. (ESP.);PEUG 20706-/CIT. C3/ C4 10-*FAROLIM LAT. DRT. (ESP.);0;;
61;1540;103F17271331;1540;103F17271331;CATEGORIA0;;1;1;0;1;;FAROLIM LAT ESQ. ESPELHO;FAROLIM LAT ESQ. ESPELHO;0;;
61;1540;103F17271332;1540;103F17271332;CATEGORIA0;;1;1;0;1;;PEUG 207 06-/CI C3 10-/C4 10-*FAROLIM LAT DRT FUMADO(ESPELHO;PEUG 207 06-/CI C3 10-/C4 10-*FAROLIM LAT DRT FUMADO(ESPELHO;0;;
61;1540;103F17271333;1540;103F17271333;CATEGORIA0;;1;1;0;1;;PEUG 207 06-/CI C3 10-/C4 10-*FAROLIM LAT ESQ FUMADO(ESPELHO;PEUG 207 06-/CI C3 10-/C4 10-*FAROLIM LAT ESQ FUMADO(ESPELHO;0;;
61;1540;103F17271380;1540;103F17271380;CATEGORIA0;;1;1;0;1;;PEUGEOT 206+ 09-*FAROLIM NEVOEIRO TRÁS DRT;PEUGEOT 206+ 09-*FAROLIM NEVOEIRO TRÁS DRT;0;;
61;1540;103F17271381;1540;103F17271381;CATEGORIA0;;1;1;0;1;;PEUGEOT 206+ 09-*FAROLIM NEVOEIRO TRÁS ESQ;PEUGEOT 206+ 09-*FAROLIM NEVOEIRO TRÁS ESQ;0;;
61;1540;103F17271770;1540;103F17271770;CATEGORIA0;;1;1;0;1;;FAROLIM TRÁS DRT  207 06-;FAROLIM TRÁS DRT  207 06-;0;;
61;1540;103F17271771;1540;103F17271771;CATEGORIA0;;1;1;0;1;;PEUGEOT 207 06-*FAROLIM TRÁS ESQ;PEUGEOT 207 06-*FAROLIM TRÁS ESQ;0;;
61;1540;103F17281770;1540;103F17281770;CATEGORIA0;;1;1;0;1;;PEUGEOT 107 05-*FAROLIM TRÁS DRT;PEUGEOT 107 05-*FAROLIM TRÁS DRT;0;;
61;1540;103F17281771;1540;103F17281771;CATEGORIA0;;1;1;0;1;;PEUGEOT 107 05-*FAROLIM TRÁS ESQ;PEUGEOT 107 05-*FAROLIM TRÁS ESQ;0;;
61;1540;103F17291770;1540;103F17291770;CATEGORIA0;;1;1;0;1;;PEUGEOT 308 07-*FAROLIM TRÁS DRT (5P);PEUGEOT 308 07-*FAROLIM TRÁS DRT (5P);0;;
61;1540;103F17291771;1540;103F17291771;CATEGORIA0;;1;1;0;1;;PEUGEOT 308 07-*FAROLIM TRÁS ESQ (5P);PEUGEOT 308 07-*FAROLIM TRÁS ESQ (5P);0;;
61;1540;103F17330770;1540;103F17330770;CATEGORIA0;;1;1;0;1;;PEUGEOT 206+ 09-*FAROLIM TRÁS DRT (VERMELHO/AMARELO);PEUGEOT 206+ 09-*FAROLIM TRÁS DRT (VERMELHO/AMARELO);0;;
61;1540;103F17330771;1540;103F17330771;CATEGORIA0;;1;1;0;1;;PEUGEOT 206 + 09- FAROLIM TRÁS ESQ.;PEUGEOT 206 + 09- FAROLIM TRÁS ESQ.;0;;
61;1540;103F17330772;1540;103F17330772;CATEGORIA0;;1;1;0;1;;PEUGEOT 206+ 09-*FAROLIM TRÁS DRT (VERMELHO/BRANCO);PEUGEOT 206+ 09-*FAROLIM TRÁS DRT (VERMELHO/BRANCO);0;;
61;1540;103F17330773;1540;103F17330773;CATEGORIA0;;1;1;0;1;;PEUGEOT 206+ 09-*FAROLIM TRÁS ESQ (VERMELHO/BRANCO);PEUGEOT 206+ 09-*FAROLIM TRÁS ESQ (VERMELHO/BRANCO);0;;
61;1540;103F17340770;1540;103F17340770;CATEGORIA0;;1;1;0;1;;PEUGEOT 207 09-*FAROLIM TRÁS DRT (LED);PEUGEOT 207 09-*FAROLIM TRÁS DRT (LED);0;;
61;1540;103F17340771;1540;103F17340771;CATEGORIA0;;1;1;0;1;;PEUGEOT 207 09-*FAROLIM TRÁS ESQ (LED);PEUGEOT 207 09-*FAROLIM TRÁS ESQ (LED);0;;
61;1540;103F17371770;1540;103F17371770;CATEGORIA0;;1;1;0;1;;PEUGEOT 407 09-*FAROLIM TRÁS DRT (SEDAN);PEUGEOT 407 09-*FAROLIM TRÁS DRT (SEDAN);0;;
61;1540;103F17371771;1540;103F17371771;CATEGORIA0;;1;1;0;1;;PEUGEOT 407 09-*FAROLIM TRÁS ESQ (SEDAN);PEUGEOT 407 09-*FAROLIM TRÁS ESQ (SEDAN);0;;
61;1540;103F17390380;1540;103F17390380;CATEGORIA0;;1;1;0;1;;PEUGEOT 3008 09-*FAROLIM NEVOEIRO P/CH TRÁS DRT;PEUGEOT 3008 09-*FAROLIM NEVOEIRO P/CH TRÁS DRT;0;;
61;1540;103F17390381;1540;103F17390381;CATEGORIA0;;1;1;0;1;;PEUGEOT 3008 09-*FAROLIM NEV. P/CH TR ESQ;PEUGEOT 3008 09-*FAROLIM NEV. P/CH TR ESQ;0;;
61;1540;103F17390900;1540;103F17390900;CATEGORIA0;;1;1;0;1;;PEUGEOT 3008 09-*TERCEIRA LUZ STOP VERMELHO(LED);PEUGEOT 3008 09-*TERCEIRA LUZ STOP VERMELHO(LED);0;;
61;1540;103F17390901;1540;103F17390901;CATEGORIA0;;1;1;0;1;;PEUGEOT 3008 09-*TERCEIRA LUZ STOP FUMADO(LED);PEUGEOT 3008 09-*TERCEIRA LUZ STOP FUMADO(LED);0;;
61;1540;103F17401770;1540;103F17401770;CATEGORIA0;;1;1;0;1;;PEUGEOT 508 2011-*FAROLIM TRÁS DRT (LED 4P);PEUGEOT 508 2011-*FAROLIM TRÁS DRT (LED 4P);0;;
61;1540;103F17401771;1540;103F17401771;CATEGORIA0;;1;1;0;1;;PEUGEOT 508 2011-*FAROLIM TRÁS ESQ (LED 4P);PEUGEOT 508 2011-*FAROLIM TRÁS ESQ (LED 4P);0;;
61;1540;103F17401774;1540;103F17401774;CATEGORIA0;;1;1;0;1;;PEUGEOT 508 2011-*FAROLIM TRÁS DRT (CANTO LED SW);PEUGEOT 508 2011-*FAROLIM TRÁS DRT (CANTO LED SW);0;;
61;1540;103F17401775;1540;103F17401775;CATEGORIA0;;1;1;0;1;;PEUGEOT 508 2011-*FAROLIM TRÁS ESQ (CANTO LED SW);PEUGEOT 508 2011-*FAROLIM TRÁS ESQ (CANTO LED SW);0;;
61;1540;103F17420340;1540;103F17420340;CATEGORIA0;;1;1;0;1;;FAROLIM LAT DTO.;FAROLIM LAT DTO.;0;;
61;1540;103F17420341;1540;103F17420341;CATEGORIA0;;1;1;0;1;;FAROLIM LAT DTO. ESPELHO;FAROLIM LAT DTO. ESPELHO;0;;
61;1540;103F17420342;1540;103F17420342;CATEGORIA0;;1;1;0;1;;PEUGEOT 208/2008 12-*FAROLIM LAT DRT FUMADO(ESPELHO);PEUGEOT 208/2008 12-*FAROLIM LAT DRT FUMADO(ESPELHO);0;;
61;1540;103F17420343;1540;103F17420343;CATEGORIA0;;1;1;0;1;;PEUGEOT 208/2008 12-*FAROLIM LAT ESQ FUMADO(ESPELHO);PEUGEOT 208/2008 12-*FAROLIM LAT ESQ FUMADO(ESPELHO);0;;
61;1540;103F17420380;1540;103F17420380;CATEGORIA0;;1;1;0;1;;PEUGEOT 208 12-*FAROLIM NEVOEIRO P/CH TRÁS;PEUGEOT 208 12-*FAROLIM NEVOEIRO P/CH TRÁS;0;;
61;1540;103F17420770;1540;103F17420770;CATEGORIA0;;1;1;0;1;;PEUGEOT 208 12-*FAROLIM TRÁS DRT. (LED);PEUGEOT 208 12-*FAROLIM TRÁS DRT. (LED);0;;
61;1540;103F17420771;1540;103F17420771;CATEGORIA0;;1;1;0;1;;PEUGEOT 208 12-*FAROLIM TR ESQ LED;PEUGEOT 208 12-*FAROLIM TR ESQ LED;0;;
61;1540;103F17420960;1540;103F17420960;CATEGORIA0;;1;1;0;1;;FAROLIM MATRICULA;FAROLIM MATRICULA;0;;
61;1540;103F17461340;1540;103F17461340;CATEGORIA0;;1;1;0;1;;PEUGEOT 308 13-*FAROLIM LAT DRT (ESPELHO);PEUGEOT 308 13-*FAROLIM LAT DRT (ESPELHO);0;;
61;1540;103F17461341;1540;103F17461341;CATEGORIA0;;1;1;0;1;;PEUGEOT 308 13-*FAROLIM LAT ESQ (ESPELHO);PEUGEOT 308 13-*FAROLIM LAT ESQ (ESPELHO);0;;
61;1540;103F17461770;1540;103F17461770;CATEGORIA0;;1;1;0;1;;PEUGEOT 308 13-*FAROLIM TRÁS DRT (CANTO LED);PEUGEOT 308 13-*FAROLIM TRÁS DRT (CANTO LED);0;;
61;1540;103F17461771;1540;103F17461771;CATEGORIA0;;1;1;0;1;;PEUGEOT 308 13-*FAROLIM TRÁS ESQ (CANTO LED);PEUGEOT 308 13-*FAROLIM TRÁS ESQ (CANTO LED);0;;
61;1540;103F17461772;1540;103F17461772;CATEGORIA0;;1;1;0;1;;PEUGEOT 308 13-*FAROLIM TRÁS DRT (HB 5P MEIO LED);PEUGEOT 308 13-*FAROLIM TRÁS DRT (HB 5P MEIO LED);0;;
61;1540;103F17461773;1540;103F17461773;CATEGORIA0;;1;1;0;1;;PEUGEOT 308 13-*FAROLIM TRÁS ESQ (HB 5P MEIO LED);PEUGEOT 308 13-*FAROLIM TRÁS ESQ (HB 5P MEIO LED);0;;
61;1540;103F17461774;1540;103F17461774;CATEGORIA0;;1;1;0;1;;PEUGEOT 308 17-*FAROLIM TRÁS DRT (CANTO LED);PEUGEOT 308 17-*FAROLIM TRÁS DRT (CANTO LED);0;;
61;1540;103F17461775;1540;103F17461775;CATEGORIA0;;1;1;0;1;;PEUGEOT 308 17-*FAROLIM TRÁS ESQ (CANTO LED);PEUGEOT 308 17-*FAROLIM TRÁS ESQ (CANTO LED);0;;
61;1540;103F17491770;1540;103F17491770;CATEGORIA0;;1;1;0;1;;PEUGEOT 508 2014-*FAROLIM TRÁS DRT 4P(LED*2/PY21W);PEUGEOT 508 2014-*FAROLIM TRÁS DRT 4P(LED*2/PY21W);0;;
61;1540;103F17491771;1540;103F17491771;CATEGORIA0;;1;1;0;1;;PEUGEOT 508 2014-*FAROLIM TRÁS ESQ 4P(LED*2/PY21W);PEUGEOT 508 2014-*FAROLIM TRÁS ESQ 4P(LED*2/PY21W);0;;
61;1540;103F17501770;1540;103F17501770;CATEGORIA0;;1;1;0;1;;PEUGEOT 208 2015.06-*FAROLIM TRÁS DRT (LED);PEUGEOT 208 2015.06-*FAROLIM TRÁS DRT (LED);0;;
61;1540;103F17501771;1540;103F17501771;CATEGORIA0;;1;1;0;1;;PEUGEOT 208 2015.06-*FAROLIM TRÁS ESQ (LED);PEUGEOT 208 2015.06-*FAROLIM TRÁS ESQ (LED);0;;
61;1540;103F17520380;1540;103F17520380;CATEGORIA0;;1;1;0;1;;PEUGEOT 2008 13-*FAROLIM P/CH TRÁS DRT (M/TRAS);PEUGEOT 2008 13-*FAROLIM P/CH TRÁS DRT (M/TRAS);0;;
61;1540;103F17520381;1540;103F17520381;CATEGORIA0;;1;1;0;1;;PEUGEOT 2008 13-*FAROLIM P/CH TRÁS ESQ(NEVOEIRO);PEUGEOT 2008 13-*FAROLIM P/CH TRÁS ESQ(NEVOEIRO);0;;
61;1540;103F17520770;1540;103F17520770;CATEGORIA0;;1;1;0;1;;PEUGEOT 2008 13-*FAROLIM TRÁS DRT CANTO(LED);PEUGEOT 2008 13-*FAROLIM TRÁS DRT CANTO(LED);0;;
61;1540;103F17520771;1540;103F17520771;CATEGORIA0;;1;1;0;1;;PEUGEOT 2008 13-*FAROLIM TRÁS ESQ CANTO(LED);PEUGEOT 2008 13-*FAROLIM TRÁS ESQ CANTO(LED);0;;
61;1540;103F17520900;1540;103F17520900;CATEGORIA0;;1;1;0;1;;PEUGEOT 2008 13-/508 SW 10-/3008 16-/C4 PICASS 13-*TERCEIRA;PEUGEOT 2008 13-/508 SW 10-/3008 16-/C4 PICASS 13-*TERCEIRA;0;;
61;1540;103F17520901;1540;103F17520901;CATEGORIA0;;1;1;0;1;;PEUGEOT 2008 13-/508 SW 10-/3008 16-/C4 PICASS 13-*TERCEIRA;PEUGEOT 2008 13-/508 SW 10-/3008 16-/C4 PICASS 13-*TERCEIRA;0;;
61;1540;103F17520902;1540;103F17520902;CATEGORIA0;;1;1;0;1;;PEUGEOT 2008 13-/508 SW 10-/3008 16-/C4 PICASS 13-*TERCEIRA;PEUGEOT 2008 13-/508 SW 10-/3008 16-/C4 PICASS 13-*TERCEIRA;0;;
61;1540;103F17540340;1540;103F17540340;CATEGORIA0;;1;1;0;1;;PEUGEOT 3008/5008 16-*FAROLIM LAT DRT LED (ESPELHO);PEUGEOT 3008/5008 16-*FAROLIM LAT DRT LED (ESPELHO);0;;
61;1540;103F17540341;1540;103F17540341;CATEGORIA0;;1;1;0;1;;PEUGEOT 3008/5008 16-*FAROLIM LAT ESQ LED(ESPELHO);PEUGEOT 3008/5008 16-*FAROLIM LAT ESQ LED(ESPELHO);0;;
61;1540;103F17540380;1540;103F17540380;CATEGORIA0;;1;1;0;1;;PEUGEOT 5008 2016.12-*FAROLIM NEVOEIRO P/CH TRÁS DRT;PEUGEOT 5008 2016.12-*FAROLIM NEVOEIRO P/CH TRÁS DRT;0;;
61;1540;103F17540381;1540;103F17540381;CATEGORIA0;;1;1;0;1;;PEUGEOT 5008 2016.12-*FAROLIM NEVOEIRO P/CH TRÁS ESQ;PEUGEOT 5008 2016.12-*FAROLIM NEVOEIRO P/CH TRÁS ESQ;0;;
61;1540;103F17540770;1540;103F17540770;CATEGORIA0;;1;1;0;1;;PEUGEOT 5008 2016.12-*FAROLIM TRÁS DRT(LED);PEUGEOT 5008 2016.12-*FAROLIM TRÁS DRT(LED);0;;
61;1540;103F17540771;1540;103F17540771;CATEGORIA0;;1;1;0;1;;PEUGEOT 5008 2016.12-*FAROLIM TRÁS ESQ(LED);PEUGEOT 5008 2016.12-*FAROLIM TRÁS ESQ(LED);0;;
61;1540;103F17560340;1540;103F17560340;CATEGORIA0;;1;1;0;1;;PEUGEOT 208/CORSA 2019.11--*FAROLIM LAT DRT (ESPELHO);PEUGEOT 208/CORSA 2019.11--*FAROLIM LAT DRT (ESPELHO);0;;
61;1540;103F17560341;1540;103F17560341;CATEGORIA0;;1;1;0;1;;PEUGEOT 208/CORSA 2019.11--*FAROLIM LAT ESQ (ESPELHO);PEUGEOT 208/CORSA 2019.11--*FAROLIM LAT ESQ (ESPELHO);0;;
61;1540;103F17580340;1540;103F17580340;CATEGORIA0;;1;1;0;1;;PEUGEOT 508 2018.09-/OPEL MOKKA 2020.10-*FAROLIM LAT DRT (ES;PEUGEOT 508 2018.09-/OPEL MOKKA 2020.10-*FAROLIM LAT DRT (ES;0;;
61;1540;103F17580341;1540;103F17580341;CATEGORIA0;;1;1;0;1;;PEUGEOT 508 2018.09-/OPEL MOKKA 2020.10-*FAROLIM LAT ESQ (ES;PEUGEOT 508 2018.09-/OPEL MOKKA 2020.10-*FAROLIM LAT ESQ (ES;0;;
61;1540;103F18020310;1540;103F18020310;CATEGORIA0;;1;1;0;1;;RENAULT TRAFIC III/VIVARO/NV300/TALENTO 2014.05-*FAROLIM LAT;RENAULT TRAFIC III/VIVARO/NV300/TALENTO 2014.05-*FAROLIM LAT;0;;
61;1540;103F18020380;1540;103F18020380;CATEGORIA0;;1;1;0;1;;FAROLIM TRÁS DTO. C/MARCHA TRÁS;FAROLIM TRÁS DTO. C/MARCHA TRÁS;0;;
61;1540;103F18020381;1540;103F18020381;CATEGORIA0;;1;1;0;1;;FAROLIM;FAROLIM;0;;
61;1540;103F18020770;1540;103F18020770;CATEGORIA0;;1;1;0;1;;FAROLIM TRASEIRO DRT;FAROLIM TRASEIRO DRT;0;;
61;1540;103F18020771;1540;103F18020771;CATEGORIA0;;1;1;0;1;;RENAULT TRAFIC/VIVARO 14-*FAROLIM TRÁS ESQ;RENAULT TRAFIC/VIVARO 14-*FAROLIM TRÁS ESQ;0;;
61;1540;103F18030770;1540;103F18030770;CATEGORIA0;;1;1;0;1;;RENAULT TWINGO 14-*FAROLIM TRÁS DRT;RENAULT TWINGO 14-*FAROLIM TRÁS DRT;0;;
61;1540;103F18030771;1540;103F18030771;CATEGORIA0;;1;1;0;1;;RENAULT TWINGO 14-*FAROLIM TRÁS ESQ;RENAULT TWINGO 14-*FAROLIM TRÁS ESQ;0;;
61;1540;103F18040210;1540;103F18040210;CATEGORIA0;;1;1;0;1;;RENAULT MEGANE 16-*FAROLIM P/CH FRT DRT;RENAULT MEGANE 16-*FAROLIM P/CH FRT DRT;0;;
61;1540;103F18040211;1540;103F18040211;CATEGORIA0;;1;1;0;1;;RENAULT MEGANE 16-*FAROLIM P/CH FRT ESQ;RENAULT MEGANE 16-*FAROLIM P/CH FRT ESQ;0;;
61;1540;103F18040340;1540;103F18040340;CATEGORIA0;;1;1;0;1;;RENAULT MEGANE 16-*FAROLIM LAT DRT (ESPELHO);RENAULT MEGANE 16-*FAROLIM LAT DRT (ESPELHO);0;;
61;1540;103F18040341;1540;103F18040341;CATEGORIA0;;1;1;0;1;;RENAULT MEGANE 16-*FAROLIM LAT ESQ (ESPELHO);RENAULT MEGANE 16-*FAROLIM LAT ESQ (ESPELHO);0;;
61;1540;103F18050340;1540;103F18050340;CATEGORIA0;;1;1;0;1;;RENAULT KADJAR/SCENIC 2015.06-*FAROLIM LAT DRT (ESPELHO);RENAULT KADJAR/SCENIC 2015.06-*FAROLIM LAT DRT (ESPELHO);0;;
61;1540;103F18050341;1540;103F18050341;CATEGORIA0;;1;1;0;1;;RENAULT KADJAR/SCENIC 2015.06-*FAROLIM LAT ESQ (ESPELHO);RENAULT KADJAR/SCENIC 2015.06-*FAROLIM LAT ESQ (ESPELHO);0;;
61;1540;103F18050380;1540;103F18050380;CATEGORIA0;;1;1;0;1;;RENAULT KADJAR 2015.06-*FAROLIM NEVOEIRO TRÁS DRT;RENAULT KADJAR 2015.06-*FAROLIM NEVOEIRO TRÁS DRT;0;;
61;1540;103F18050381;1540;103F18050381;CATEGORIA0;;1;1;0;1;;RENAULT KADJAR 2015.06-*FAROLIM NEVOEIRO TRÁS ESQ;RENAULT KADJAR 2015.06-*FAROLIM NEVOEIRO TRÁS ESQ;0;;
61;1540;103F18050770;1540;103F18050770;CATEGORIA0;;1;1;0;1;;RENAULT KADJAR 15-*FAROLIM TRÁS DRT (CANTO LED);RENAULT KADJAR 15-*FAROLIM TRÁS DRT (CANTO LED);0;;
61;1540;103F18050771;1540;103F18050771;CATEGORIA0;;1;1;0;1;;RENAULT KADJAR 15-*FAROLIM TRÁS ESQ (CANTO LED);RENAULT KADJAR 15-*FAROLIM TRÁS ESQ (CANTO LED);0;;
61;1540;103F18050772;1540;103F18050772;CATEGORIA0;;1;1;0;1;;RENAULT KADJAR 15-*FAROLIM TRÁS DRT (MEIO LED);RENAULT KADJAR 15-*FAROLIM TRÁS DRT (MEIO LED);0;;
61;1540;103F18050773;1540;103F18050773;CATEGORIA0;;1;1;0;1;;RENAULT KADJAR 15-*FAROLIM TRÁS ESQ (MEIO LED);RENAULT KADJAR 15-*FAROLIM TRÁS ESQ (MEIO LED);0;;
61;1540;103F18061770;1540;103F18061770;CATEGORIA0;;1;1;0;1;;RENAULT KÓLEOS 08-*FAROLIM TRÁS DRT (CANTO);RENAULT KÓLEOS 08-*FAROLIM TRÁS DRT (CANTO);0;;
61;1540;103F18061771;1540;103F18061771;CATEGORIA0;;1;1;0;1;;RENAULT KÓLEOS 08-*FAROLIM TRÁS ESQ (CANTO);RENAULT KÓLEOS 08-*FAROLIM TRÁS ESQ (CANTO);0;;
61;1540;103F18110340;1540;103F18110340;CATEGORIA0;;1;1;0;1;;RENAULT CLIO/CAPTUR 2016.07-*FAROLIM LAT DRT (ESPELHO);RENAULT CLIO/CAPTUR 2016.07-*FAROLIM LAT DRT (ESPELHO);0;;
61;1540;103F18110341;1540;103F18110341;CATEGORIA0;;1;1;0;1;;RENAULT CLIO/CAPTUR 2016.07-*FAROLIM LAT ESQ (ESPELHO);RENAULT CLIO/CAPTUR 2016.07-*FAROLIM LAT ESQ (ESPELHO);0;;
61;1540;103F18120770;1540;103F18120770;CATEGORIA0;;1;1;0;1;;RENAULT CAPTUR 2017.05-*FAROLIM TRÁS DRT(LED);RENAULT CAPTUR 2017.05-*FAROLIM TRÁS DRT(LED);0;;
61;1540;103F18120771;1540;103F18120771;CATEGORIA0;;1;1;0;1;;RENAULT CAPTUR 2017.05-*FAROLIM TRÁS ESQ(LED);RENAULT CAPTUR 2017.05-*FAROLIM TRÁS ESQ(LED);0;;
61;1540;103F18140380;1540;103F18140380;CATEGORIA0;;1;1;0;1;;RENAULT CLIO V 2019.06-*REFLETOR DRT P/CH TRÁS;RENAULT CLIO V 2019.06-*REFLETOR DRT P/CH TRÁS;0;;
61;1540;103F18140381;1540;103F18140381;CATEGORIA0;;1;1;0;1;;RENAULT CLIO V 2019.06-*REFLETOR ESQ P/CH TRÁS;RENAULT CLIO V 2019.06-*REFLETOR ESQ P/CH TRÁS;0;;
61;1540;103F18150340;1540;103F18150340;CATEGORIA0;;1;1;0;1;;RENAULT CAPTUR 2019.12-*FAROLIM LAT DRT (ESPELHO)MOD S/CAMER;RENAULT CAPTUR 2019.12-*FAROLIM LAT DRT (ESPELHO)MOD S/CAMER;0;;
61;1540;103F18150341;1540;103F18150341;CATEGORIA0;;1;1;0;1;;RENAULT CAPTUR 2019.12-*FAROLIM LAT ESQ (ESPELHO)MOD S/CAMER;RENAULT CAPTUR 2019.12-*FAROLIM LAT ESQ (ESPELHO)MOD S/CAMER;0;;
61;1540;103F18160380;1540;103F18160380;CATEGORIA0;;1;1;0;1;;RENAULT MASTER IV 2019.08-*REFLETOR DRT P/CH TRÁS;RENAULT MASTER IV 2019.08-*REFLETOR DRT P/CH TRÁS;0;;
61;1540;103F18160381;1540;103F18160381;CATEGORIA0;;1;1;0;1;;RENAULT MASTER IV 2019.08-*REFLETOR ESQ P/CH TRÁS;RENAULT MASTER IV 2019.08-*REFLETOR ESQ P/CH TRÁS;0;;
61;1540;103F19011800;1540;103F19011800;CATEGORIA0;;1;1;0;1;;VIDRO TRÁS DRT. RENAULT 4;VIDRO TRÁS DRT. RENAULT 4;0;;
61;1540;103F19011801;1540;103F19011801;CATEGORIA0;;1;1;0;1;;RENAULT 4*V/FAROLIM TRÁS ESQ;RENAULT 4*V/FAROLIM TRÁS ESQ;0;;
61;1540;103F19012120;1540;103F19012120;CATEGORIA0;;1;1;0;1;;RENAULT 4*PISCA FRENTE DRT;RENAULT 4*PISCA FRENTE DRT;0;;
61;1540;103F19012121;1540;103F19012121;CATEGORIA0;;1;1;0;1;;RENAULT 4 * FAROLIM FRT. ESQ;RENAULT 4 * FAROLIM FRT. ESQ;0;;
61;1540;103F19012220;1540;103F19012220;CATEGORIA0;;1;1;0;1;;RENAULT 4*V/FAROLIM FRT DRT;RENAULT 4*V/FAROLIM FRT DRT;0;;
61;1540;103F19012221;1540;103F19012221;CATEGORIA0;;1;1;0;1;;RENAULT 4*V/FAROLIM FRT ESQ;RENAULT 4*V/FAROLIM FRT ESQ;0;;
61;1540;103F19021120;1540;103F19021120;CATEGORIA0;;1;1;0;1;;RENAULT 5 -80*FAROLIM FRT DRT;RENAULT 5 -80*FAROLIM FRT DRT;0;;
61;1540;103F19021121;1540;103F19021121;CATEGORIA0;;1;1;0;1;;RENAULT 5 -80*FAROLIM FRT ESQ;RENAULT 5 -80*FAROLIM FRT ESQ;0;;
61;1540;103F19021580;1540;103F19021580;CATEGORIA0;;1;1;0;1;;RENAULT 5*FAROLIM TRÁS DRT;RENAULT 5*FAROLIM TRÁS DRT;0;;
61;1540;103F19021581;1540;103F19021581;CATEGORIA0;;1;1;0;1;;RENAULT 5*FAROLIM TRÁS ESQ;RENAULT 5*FAROLIM TRÁS ESQ;0;;
61;1540;103F19021820;1540;103F19021820;CATEGORIA0;;1;1;0;1;;RENAULT 5*VIDRO FAROLIM MATRICULA;RENAULT 5*VIDRO FAROLIM MATRICULA;0;;
61;1540;103F19021890;1540;103F19021890;CATEGORIA0;;1;1;0;1;;RENAULT 5*V/FAROLIM TRÁS DRT;RENAULT 5*V/FAROLIM TRÁS DRT;0;;
61;1540;103F19021891;1540;103F19021891;CATEGORIA0;;1;1;0;1;;RENAULT 5*V/FAROLIM TRÁS ESQ;RENAULT 5*V/FAROLIM TRÁS ESQ;0;;
61;1540;103F19022120;1540;103F19022120;CATEGORIA0;;1;1;0;1;;RENAULT 5 80-*FAROLIM FRT DRT;RENAULT 5 80-*FAROLIM FRT DRT;0;;
61;1540;103F19022121;1540;103F19022121;CATEGORIA0;;1;1;0;1;;RENAULT 5 80-FAROLIM FRT ESQ.;RENAULT 5 80-FAROLIM FRT ESQ.;0;;
61;1540;103F19022220;1540;103F19022220;CATEGORIA0;;1;1;0;1;;RENAULT 5 80-*V/FAROLIM FRT DRT;RENAULT 5 80-*V/FAROLIM FRT DRT;0;;
61;1540;103F19022221;1540;103F19022221;CATEGORIA0;;1;1;0;1;;RENAULT 5 80-*V/FAROLIM FRT ESQ;RENAULT 5 80-*V/FAROLIM FRT ESQ;0;;
61;1540;103F19030380;1540;103F19030380;CATEGORIA0;;1;1;0;1;;REFLECTOR P/CHOQUES TRÁS DTO.;REFLECTOR P/CHOQUES TRÁS DTO.;0;;
61;1540;103F19030381;1540;103F19030381;CATEGORIA0;;1;1;0;1;;REFLECTOR P/CHOQUES TRÁS ESQ.;REFLECTOR P/CHOQUES TRÁS ESQ.;0;;
61;1540;103F19030710;1540;103F19030710;CATEGORIA0;;1;1;0;1;;RENAULT KANGOO 97-*FAROLIM TRÁS DRT 1P;RENAULT KANGOO 97-*FAROLIM TRÁS DRT 1P;0;;
61;1540;103F19030711;1540;103F19030711;CATEGORIA0;;1;1;0;1;;RENAULT KANGOO 97-*FAROLIM TRÁS ESQ (1P);RENAULT KANGOO 97-*FAROLIM TRÁS ESQ (1P);0;;
61;1540;103F19030770;1540;103F19030770;CATEGORIA0;;1;1;0;1;;STOP DRT. KANGOO 2P  97-;STOP DRT. KANGOO 2P  97-;0;;
61;1540;103F19030771;1540;103F19030771;CATEGORIA0;;1;1;0;1;;RENAULT KANGOO 97-*FAROLIM TRÁS ESQ 2P;RENAULT KANGOO 97-*FAROLIM TRÁS ESQ 2P;0;;
61;1540;103F19081200;1540;19081200;CATEGORIA0;;1;1;0;1;;PISCA DRT. RENAULT 9;PISCA DRT. RENAULT 9;0;;
61;1540;103F19085301;1540;103F19085301;CATEGORIA0;;1;1;0;1;;RENAULT 11 83-*FAROLIM P/CH FRT DRT/ESQ (AMARELO);RENAULT 11 83-*FAROLIM P/CH FRT DRT/ESQ (AMARELO);0;;
61;1540;103F19091100;1540;103F19091100;CATEGORIA0;;1;1;0;1;;RENAULT SUPER 5*FAROLIM FRT DRT (COMPLETO);RENAULT SUPER 5*FAROLIM FRT DRT (COMPLETO);0;;
61;1540;103F19091211;1540;103F19091211;CATEGORIA0;;1;1;0;1;;RENAULT SUPER 5*FAROLIM FRT ESQ (BRANCO);RENAULT SUPER 5*FAROLIM FRT ESQ (BRANCO);0;;
61;1540;103F19101770;1540;103F19101770;CATEGORIA0;;1;1;0;1;;RENAULT 21 -89*FAROLIM TRÁS DRT (NEVADA);RENAULT 21 -89*FAROLIM TRÁS DRT (NEVADA);0;;
61;1540;103F19103110;1540;103F19103110;CATEGORIA0;;1;1;0;1;;RENAULT 21 89-*PISCA FRT DIREITO;RENAULT 21 89-*PISCA FRT DIREITO;0;;
61;1540;103F19103111;1540;103F19103111;CATEGORIA0;;1;1;0;1;;RENAULT 21 89-*PISCA FRT ESQUERDO;RENAULT 21 89-*PISCA FRT ESQUERDO;0;;
61;1540;103F19103770;1540;103F19103770;CATEGORIA0;;1;1;0;1;;RENAULT 21 89-*FAROLIM TRÁS DRT (4P);RENAULT 21 89-*FAROLIM TRÁS DRT (4P);0;;
61;1540;103F19121200;1540;103F19121200;CATEGORIA0;;1;1;0;1;;RENAULT CLIO 90-*PISCA FRENTE DRT;RENAULT CLIO 90-*PISCA FRENTE DRT;0;;
61;1540;103F19121201;1540;103F19121201;CATEGORIA0;;1;1;0;1;;RENAULT CLIO 90-*PISCA FRENTE ESQ;RENAULT CLIO 90-*PISCA FRENTE ESQ;0;;
61;1540;103F19123780;1540;103F19123780;CATEGORIA0;;1;1;0;1;;RENAULT CLIO 94-*FAROLIM TRÁS DRT;RENAULT CLIO 94-*FAROLIM TRÁS DRT;0;;
61;1540;103F19123781;1540;103F19123781;CATEGORIA0;;1;1;0;1;;RENAULT CLIO 94-*FAROLIM TRÁS ESQ;RENAULT CLIO 94-*FAROLIM TRÁS ESQ;0;;
61;1540;103F19125500;1540;103F19125500;CATEGORIA0;;1;1;0;1;;RENAULT CLIO 01-*FAROLIM TRÁS DRT;RENAULT CLIO 01-*FAROLIM TRÁS DRT;0;;
61;1540;103F19125501;1540;103F19125501;CATEGORIA0;;1;1;0;1;;RENAULT CLIO 01-*FAROLIM TRÁS ESQ;RENAULT CLIO 01-*FAROLIM TRÁS ESQ;0;;
61;1540;103F19131110;1540;103F19131110;CATEGORIA0;;1;1;0;1;;RENAULT 19 89-*PISCA FRT DRT;RENAULT 19 89-*PISCA FRT DRT;0;;
61;1540;103F19131111;1540;103F19131111;CATEGORIA0;;1;1;0;1;;RENAULT 19 89-*PISCA FRT ESQ;RENAULT 19 89-*PISCA FRT ESQ;0;;
61;1540;103F19132110;1540;103F19132110;CATEGORIA0;;1;1;0;1;;RENAULT 19 92-*PISCA FRT DRT;RENAULT 19 92-*PISCA FRT DRT;0;;
61;1540;103F19132111;1540;103F19132111;CATEGORIA0;;1;1;0;1;;RENAULT 19 92-*PISCA FRT ESQ;RENAULT 19 92-*PISCA FRT ESQ;0;;
61;1540;103F19132311;1540;103F19132311;CATEGORIA0;;1;1;0;1;;RENAULT CLIO/19/MEGANE/MICRA 92-*FAROLIM LAT AMA;RENAULT CLIO/19/MEGANE/MICRA 92-*FAROLIM LAT AMA;0;;
61;1540;103F19132331;1540;103F19132331;CATEGORIA0;;1;1;0;1;;RENAULT 19/CLIO/KANGOO 92-*FAROLIM LAT BRANCO;RENAULT 19/CLIO/KANGOO 92-*FAROLIM LAT BRANCO;0;;
61;1540;103F19132710;1540;103F19132710;CATEGORIA0;;1;1;0;1;;RENAULT 19 92-*FAROLIM TRÁS DRT (CHAMADE);RENAULT 19 92-*FAROLIM TRÁS DRT (CHAMADE);0;;
61;1540;103F19132711;1540;103F19132711;CATEGORIA0;;1;1;0;1;;RENAULT 19 92-*FAROLIM TRÁS ESQ (CHAMADE);RENAULT 19 92-*FAROLIM TRÁS ESQ (CHAMADE);0;;
61;1540;103F19133331;1540;103F19133331;CATEGORIA0;;1;1;0;1;;RENAULT CLIO 01-/TWINGO 93-*FAROLIM LAT. BRANCO;RENAULT CLIO 01-/TWINGO 93-*FAROLIM LAT. BRANCO;0;;
61;1540;103F19133332;1540;103F19133332;CATEGORIA0;;1;1;0;1;;RENAULT CLIO 01-*/TWINGO 93-*FAROLIM LAT DRT/ESQ (FUMADO);RENAULT CLIO 01-*/TWINGO 93-*FAROLIM LAT DRT/ESQ (FUMADO);0;;
61;1540;103F19151200;1540;103F19151200;CATEGORIA0;;1;1;0;1;;RENAULT TWINGO 93-*VIDRO FAROLIM FRT DRT AMARELO;RENAULT TWINGO 93-*VIDRO FAROLIM FRT DRT AMARELO;0;;
61;1540;103F19151201;1540;103F19151201;CATEGORIA0;;1;1;0;1;;RENAULT TWINGO 93-*VIDRO FAROLIM FRT ESQ AMARELO;RENAULT TWINGO 93-*VIDRO FAROLIM FRT ESQ AMARELO;0;;
61;1540;103F19151210;1540;103F19151210;CATEGORIA0;;1;1;0;1;;RENAULT TWINGO 93-*V/FAROLIM FRT DRT (BRANCO);RENAULT TWINGO 93-*V/FAROLIM FRT DRT (BRANCO);0;;
61;1540;103F19151211;1540;103F19151211;CATEGORIA0;;1;1;0;1;;RENAULT TWINGO 93-*V/FAROLIM FRT ESQ (BRANCO);RENAULT TWINGO 93-*V/FAROLIM FRT ESQ (BRANCO);0;;
61;1540;103F19151231;1540;103F19151231;CATEGORIA0;;1;1;0;1;;RENAULT TWINGO 93-*V/FAROLIM FRT ESQ (FUMADO);RENAULT TWINGO 93-*V/FAROLIM FRT ESQ (FUMADO);0;;
61;1540;103F19151710;1540;103F19151710;CATEGORIA0;;1;1;0;1;;RENAULT MEGANE 96-*FAROLIM TRÁS CENTRO DRT (SEDAN);RENAULT MEGANE 96-*FAROLIM TRÁS CENTRO DRT (SEDAN);0;;
61;1540;103F19151711;1540;103F19151711;CATEGORIA0;;1;1;0;1;;RENAULT MEGANE 96-*FAROLIM TRÁS CENTRI ESQ (SEDAN);RENAULT MEGANE 96-*FAROLIM TRÁS CENTRI ESQ (SEDAN);0;;
61;1540;103F19151750;1540;103F19151750;CATEGORIA0;;1;1;0;1;;RENAULT MEGANE 96-*FAROLIM TRÁS DRT (5P);RENAULT MEGANE 96-*FAROLIM TRÁS DRT (5P);0;;
61;1540;103F19151751;1540;103F19151751;CATEGORIA0;;1;1;0;1;;RENAULT MEGANE 96-*FAROLIM TRÁS ESQ (5P);RENAULT MEGANE 96-*FAROLIM TRÁS ESQ (5P);0;;
61;1540;103F19151770;1540;103F19151770;CATEGORIA0;;1;1;0;1;;FAROLIM TRÁS DTO;FAROLIM TRÁS DTO;0;;
61;1540;103F19151771;1540;103F19151771;CATEGORIA0;;1;1;0;1;;RENAULT TWINGO 93-*FAROLIM TRÁS ESQ;RENAULT TWINGO 93-*FAROLIM TRÁS ESQ;0;;
61;1540;103F19151820;1540;103F19151820;CATEGORIA0;;1;1;0;1;;RENAULT TWINGO 93-*V/FAROLIM TRÁS DRT;RENAULT TWINGO 93-*V/FAROLIM TRÁS DRT;0;;
61;1540;103F19152500;1540;103F19152500;CATEGORIA0;;1;1;0;1;;RENAULT TWINGO 98-*FAROLIM TRÁS DRT;RENAULT TWINGO 98-*FAROLIM TRÁS DRT;0;;
61;1540;103F19152501;1540;103F19152501;CATEGORIA0;;1;1;0;1;;RENAULT TWINGO 98-*FAROLIM TRÁS ESQ;RENAULT TWINGO 98-*FAROLIM TRÁS ESQ;0;;
61;1540;103F19161210;1540;103F19161210;CATEGORIA0;;1;1;0;1;;RENAULT LAGUNA 94-*FAROLIM FRT DRT;RENAULT LAGUNA 94-*FAROLIM FRT DRT;0;;
61;1540;103F19161211;1540;103F19161211;CATEGORIA0;;1;1;0;1;;PEUGEOT 306 97-00*FAROLIM TRÁS ESQ (3/5P);PEUGEOT 306 97-00*FAROLIM TRÁS ESQ (3/5P);0;;
61;1540;103F19165500;1540;103F19165500;CATEGORIA0;;1;1;0;1;;RENAULT LAGUNA 00-*FAROLIM TRÁS DRT(SW);RENAULT LAGUNA 00-*FAROLIM TRÁS DRT(SW);0;;
61;1540;103F19165501;1540;103F19165501;CATEGORIA0;;1;1;0;1;;RENAULT LAGUNA 00-*FAROLIM TRÁS ESQ (SW);RENAULT LAGUNA 00-*FAROLIM TRÁS ESQ (SW);0;;
61;1540;103F19171210;1540;103F19171210;CATEGORIA0;;1;1;0;1;;RENAULT MEGANE 96-*FAROLIM FRT DRT;RENAULT MEGANE 96-*FAROLIM FRT DRT;0;;
61;1540;103F19176500;1540;103F19176500;CATEGORIA0;;1;1;0;1;;RENAULT SCENIC 99-02*FAROLIM TRÁS DRT;RENAULT SCENIC 99-02*FAROLIM TRÁS DRT;0;;
61;1540;103F19176501;1540;103F19176501;CATEGORIA0;;1;1;0;1;;RENAULT SCENIC 99-02*FAROLIM TRÁS ESQ;RENAULT SCENIC 99-02*FAROLIM TRÁS ESQ;0;;
61;1540;103F19177500;1540;103F19177500;CATEGORIA0;;1;1;0;1;;RENAULT MEGANE 02-*FAROLIM TRÁS DRT (3/5P);RENAULT MEGANE 02-*FAROLIM TRÁS DRT (3/5P);0;;
61;1540;103F19177501;1540;103F19177501;CATEGORIA0;;1;1;0;1;;RENAULT MEGANE 02-*FAROLIM TRÁS ESQ (3/5P);RENAULT MEGANE 02-*FAROLIM TRÁS ESQ (3/5P);0;;
61;1540;103F19231770;1540;103F19231770;CATEGORIA0;;1;1;0;1;;RENAULT EXPRESS 86-*FAROLIM TRÁS DRT;RENAULT EXPRESS 86-*FAROLIM TRÁS DRT;0;;
61;1540;103F19231771;1540;103F19231771;CATEGORIA0;;1;1;0;1;;RENAULT EXPRESS 86-*FAROLIM TRÁS ESQ;RENAULT EXPRESS 86-*FAROLIM TRÁS ESQ;0;;
61;1540;103F19251770;1540;103F19251770;CATEGORIA0;;1;1;0;1;;RENAULT TRAFIC 89-93*FAROLIM TRÁS DRT;RENAULT TRAFIC 89-93*FAROLIM TRÁS DRT;0;;
61;1540;103F19251771;1540;103F19251771;CATEGORIA0;;1;1;0;1;;RENAULT TRAFIC 89-93*FAROLIM TRÁS ESQ;RENAULT TRAFIC 89-93*FAROLIM TRÁS ESQ;0;;
61;1540;103F19261710;1540;103F19261710;CATEGORIA0;;1;1;0;1;;RENAULT LAGUNA 98-*FAROLIM TRÁS DRT;RENAULT LAGUNA 98-*FAROLIM TRÁS DRT;0;;
61;1540;103F19261711;1540;103F19261711;CATEGORIA0;;1;1;0;1;;RENAULT LAGUNA 98-*FAROLIM TRÁS ESQ;RENAULT LAGUNA 98-*FAROLIM TRÁS ESQ;0;;
61;1540;103F19271710;1540;103F19271710;CATEGORIA0;;1;1;0;1;;MEGANE 99- FAROLIM TRÁS DTO.;MEGANE 99- FAROLIM TRÁS DTO.;0;;
61;1540;103F19271711;1540;103F19271711;CATEGORIA0;;1;1;0;1;;RENAULT MEGANE 99-*FAROLIM TRÁS ESQ 4P;RENAULT MEGANE 99-*FAROLIM TRÁS ESQ 4P;0;;
61;1540;103F19271770;1540;103F19271770;CATEGORIA0;;1;1;0;1;;RENAULT MEGANE 99-*FAROLIM TRÁS DRT. (5P);RENAULT MEGANE 99-*FAROLIM TRÁS DRT. (5P);0;;
61;1540;103F19271771;1540;103F19271771;CATEGORIA0;;1;1;0;1;;RENAULT MEGANE 99-*FAROLIM TRÁS ESQ 5P;RENAULT MEGANE 99-*FAROLIM TRÁS ESQ 5P;0;;
61;1540;103F19271772;1540;103F19271772;CATEGORIA0;;1;1;0;1;;RENAULT MEGANE 99-*FAROLIM TRÁS DRT (SW);RENAULT MEGANE 99-*FAROLIM TRÁS DRT (SW);0;;
61;1540;103F19271773;1540;103F19271773;CATEGORIA0;;1;1;0;1;;RENAULT MEGANE 99-*FAROLIM TRÁS ESQ (SW);RENAULT MEGANE 99-*FAROLIM TRÁS ESQ (SW);0;;
61;1540;103F19281770;1540;103F19281770;CATEGORIA0;;1;1;0;1;;RENAULT LAGUNA 94-*FAROLIM TRÁS DRT;RENAULT LAGUNA 94-*FAROLIM TRÁS DRT;0;;
61;1540;103F19281771;1540;103F19281771;CATEGORIA0;;1;1;0;1;;RENAULT LAGUNA 94-*FAROLIM TRÁS ESQ;RENAULT LAGUNA 94-*FAROLIM TRÁS ESQ;0;;
61;1540;103F19310770;1540;103F19310770;CATEGORIA0;;1;1;0;1;;RENAULT CLIO 98-*FAROLIM TRÁS DRT;RENAULT CLIO 98-*FAROLIM TRÁS DRT;0;;
61;1540;103F19310771;1540;103F19310771;CATEGORIA0;;1;1;0;1;;RENAULT CLIO 98-*FAROLIM TRÁS ESQ;RENAULT CLIO 98-*FAROLIM TRÁS ESQ;0;;
61;1540;103F19310900;1540;103F19310900;CATEGORIA0;;1;1;0;1;;FAROLIM TRÁS;FAROLIM TRÁS;0;;
61;1540;103F19310960;1540;103F19310960;CATEGORIA0;;1;1;0;1;;FAROLIM M/ATRAS;FAROLIM M/ATRAS;0;;
61;1540;103F19310961;1540;103F19310961;CATEGORIA0;;1;1;0;1;;REN. CLIO 98-/TWINGO 07-*FAROLIM MATR.;REN. CLIO 98-/TWINGO 07-*FAROLIM MATR.;0;;
61;1540;103F19330100;1540;103F19330100;CATEGORIA0;;1;1;0;1;;RENAULT MAST/MOVANO 97-*FAROLIM FRT DRT AMARELO;RENAULT MAST/MOVANO 97-*FAROLIM FRT DRT AMARELO;0;;
61;1540;103F19330101;1540;103F19330101;CATEGORIA0;;1;1;0;1;;RENAULT MAST/MOVANO 97-*FAROLIM FRT ESQ AMARELO;RENAULT MAST/MOVANO 97-*FAROLIM FRT ESQ AMARELO;0;;
61;1540;103F19330110;1540;103F19330110;CATEGORIA0;;1;1;0;1;;RENAULT MAST/MOVANO 97-*FAROLIM FRT DRT BRANCO;RENAULT MAST/MOVANO 97-*FAROLIM FRT DRT BRANCO;0;;
61;1540;103F19330111;1540;103F19330111;CATEGORIA0;;1;1;0;1;;RENAULT MAST/MOVANO 97-*FAROLIM FRT ESQ (BRANCO);RENAULT MAST/MOVANO 97-*FAROLIM FRT ESQ (BRANCO);0;;
61;1540;103F19330770;1540;103F19330770;CATEGORIA0;;1;1;0;1;;FAROLIM TRÁS DTO. MASTER/MOVANO 97-;FAROLIM TRÁS DTO. MASTER/MOVANO 97-;0;;
61;1540;103F19330771;1540;103F19330771;CATEGORIA0;;1;1;0;1;;STOP ESQ. MASTER/MOVANO 97-;STOP ESQ. MASTER/MOVANO 97-;0;;
61;1540;103F19330960;1540;103F19330960;CATEGORIA0;;1;1;0;1;;FAROLIM MATR.;FAROLIM MATR.;0;;
61;1540;103F19371301;1540;103F19371301;CATEGORIA0;;1;1;0;1;;RENAULT LAGUNA 01-*FAROLIM LAT DRT/ESQ (AMARELO);RENAULT LAGUNA 01-*FAROLIM LAT DRT/ESQ (AMARELO);0;;
61;1540;103F19371770;1540;103F19371770;CATEGORIA0;;1;1;0;1;;LAGUNA 00- FAROLIM TRÁS DTO.;LAGUNA 00- FAROLIM TRÁS DTO.;0;;
61;1540;103F19371771;1540;103F19371771;CATEGORIA0;;1;1;0;1;;RENAULT LAGUNA 00-*FAROLIM TRÁS ESQ;RENAULT LAGUNA 00-*FAROLIM TRÁS ESQ;0;;
61;1540;103F19381301;1540;103F19381301;CATEGORIA0;;1;1;0;1;;RENAULT MEGANE 02-08*FAROLIM LAT DRT (BRANCO);RENAULT MEGANE 02-08*FAROLIM LAT DRT (BRANCO);0;;
61;1540;103F19381302;1540;103F19381302;CATEGORIA0;;1;1;0;1;;RENAULT MEGANE 02-08*FAROLIM LAT. ESQ. BR.;RENAULT MEGANE 02-08*FAROLIM LAT. ESQ. BR.;0;;
61;1540;103F19381770;1540;103F19381770;CATEGORIA0;;1;1;0;1;;RENAULT MEGANE 02-*FAROLIM TRÁS DRT (4P);RENAULT MEGANE 02-*FAROLIM TRÁS DRT (4P);0;;
61;1540;103F19381771;1540;103F19381771;CATEGORIA0;;1;1;0;1;;RENAULT MEGANE 02-*FAROLIM TRÁS ESQ (4P);RENAULT MEGANE 02-*FAROLIM TRÁS ESQ (4P);0;;
61;1540;103F19381772;1540;103F19381772;CATEGORIA0;;1;1;0;1;;RENAULT MEGANE 02-*FAROLIM TRÁS DRT (SW);RENAULT MEGANE 02-*FAROLIM TRÁS DRT (SW);0;;
61;1540;103F19381773;1540;103F19381773;CATEGORIA0;;1;1;0;1;;RENAULT MEGANE 02-*FAROLIM TRÁS ESQ SW;RENAULT MEGANE 02-*FAROLIM TRÁS ESQ SW;0;;
61;1540;103F19381900;1540;103F19381900;CATEGORIA0;;1;1;0;1;;RENAULT MEGANE II BREAK 2002.10-*TERCEIRA LUZ STOP(LED);RENAULT MEGANE II BREAK 2002.10-*TERCEIRA LUZ STOP(LED);0;;
61;1540;103F19381901;1540;103F19381901;CATEGORIA0;;1;1;0;1;;RENAULT MEGANE II H/B/SCENIC 2002.10-*TERCEIRA LUZ STOP(LED);RENAULT MEGANE II H/B/SCENIC 2002.10-*TERCEIRA LUZ STOP(LED);0;;
61;1540;103F19381902;1540;103F19381902;CATEGORIA0;;1;1;0;1;;RENAULT MEGANE II BREAK 2002.10-*TERCEIRA LUZ STOP(LED)(FUMA;RENAULT MEGANE II BREAK 2002.10-*TERCEIRA LUZ STOP(LED)(FUMA;0;;
61;1540;103F19390770;1540;103F19390770;CATEGORIA0;;1;1;0;1;;FAROLIM TRÁS DTO. (1P);FAROLIM TRÁS DTO. (1P);0;;
61;1540;103F19390771;1540;103F19390771;CATEGORIA0;;1;1;0;1;;RENAULT KANGOO 02-*FAROLIM TRÁS ESQ (1P);RENAULT KANGOO 02-*FAROLIM TRÁS ESQ (1P);0;;
61;1540;103F19390780;1540;103F19390780;CATEGORIA0;;1;1;0;1;;RENAULT KANGOO 02-*FAROLIM TRÁS DRT 2P;RENAULT KANGOO 02-*FAROLIM TRÁS DRT 2P;0;;
61;1540;103F19390781;1540;103F19390781;CATEGORIA0;;1;1;0;1;;RENAULT KANGOO 02-*FAROLIM TRÁS ESQ 2P;RENAULT KANGOO 02-*FAROLIM TRÁS ESQ 2P;0;;
61;1540;103F19410130;1540;103F19410130;CATEGORIA0;;1;1;0;1;;RENAULT ESPACE 91-96*FAROLIM FRT DRT;RENAULT ESPACE 91-96*FAROLIM FRT DRT;0;;
61;1540;103F19420210;1540;103F19420210;CATEGORIA0;;1;1;0;1;;RENAULT ESPACE 00-02*FAROLIM FRT DRT (TRANSPARENTE);RENAULT ESPACE 00-02*FAROLIM FRT DRT (TRANSPARENTE);0;;
61;1540;103F19420211;1540;103F19420211;CATEGORIA0;;1;1;0;1;;RENAULT ESPACE 00-02* FAROLIM FRT. ESQ.;RENAULT ESPACE 00-02* FAROLIM FRT. ESQ.;0;;
61;1540;103F19441770;1540;103F19441770;CATEGORIA0;;1;1;0;1;;SCENIC 05- FAROLIM TRÁS DTO. (LED);SCENIC 05- FAROLIM TRÁS DTO. (LED);0;;
61;1540;103F19441771;1540;103F19441771;CATEGORIA0;;1;1;0;1;;RENAULT SCENIC 05-*FAROLIM TRÁS ESQ (LED);RENAULT SCENIC 05-*FAROLIM TRÁS ESQ (LED);0;;
61;1540;103F19441772;1540;103F19441772;CATEGORIA0;;1;1;0;1;;RENAULT SCENIC 03-04*FAROLIM TRÁS DRT (VERMELHO);RENAULT SCENIC 03-04*FAROLIM TRÁS DRT (VERMELHO);0;;
61;1540;103F19441773;1540;103F19441773;CATEGORIA0;;1;1;0;1;;RENAULT SCENIC 03-04* FAROLIM TR. ESQ.;RENAULT SCENIC 03-04* FAROLIM TR. ESQ.;0;;
61;1540;103F19441774;1540;103F19441774;CATEGORIA0;;1;1;0;1;;RENAULT SCENIC 03-04*FAROLIM TRÁS DRT(VERM/BRANC);RENAULT SCENIC 03-04*FAROLIM TRÁS DRT(VERM/BRANC);0;;
61;1540;103F19441775;1540;103F19441775;CATEGORIA0;;1;1;0;1;;RENAULT SCENIC 03-04*FAROLIM TRÁS DRT(VERM/BRANC);RENAULT SCENIC 03-04*FAROLIM TRÁS DRT(VERM/BRANC);0;;
61;1540;103F19450200;1540;103F19450200;CATEGORIA0;;1;1;0;1;;RENAULT MODUS 04-*FAROLIM FR.DRT.(AMARELO);RENAULT MODUS 04-*FAROLIM FR.DRT.(AMARELO);0;;
61;1540;103F19450201;1540;103F19450201;CATEGORIA0;;1;1;0;1;;RENAULT MODUS 04-*FAROLIM FRT ESQ AMARELO;RENAULT MODUS 04-*FAROLIM FRT ESQ AMARELO;0;;
61;1540;103F19450210;1540;103F19450210;CATEGORIA0;;1;1;0;1;;RENAULT MODUS 04-*FAROLIM FRT DRT (BRANCO);RENAULT MODUS 04-*FAROLIM FRT DRT (BRANCO);0;;
61;1540;103F19450211;1540;103F19450211;CATEGORIA0;;1;1;0;1;;RENAULT MODUS 04-*FAROLIM FRT ESQ;RENAULT MODUS 04-*FAROLIM FRT ESQ;0;;
61;1540;103F19450340;1540;103F19450340;CATEGORIA0;;1;1;0;1;;RENAULT MODUS 04-*FAROLIM LAT DRT AMARELO (ESPELHO);RENAULT MODUS 04-*FAROLIM LAT DRT AMARELO (ESPELHO);0;;
61;1540;103F19450341;1540;103F19450341;CATEGORIA0;;1;1;0;1;;RENAULT MODUS 04-*FAROLIM LAT ESQ AMARELO (ESPELHO);RENAULT MODUS 04-*FAROLIM LAT ESQ AMARELO (ESPELHO);0;;
61;1540;103F19450342;1540;103F19450342;CATEGORIA0;;1;1;0;1;;RENAULT MODUS 04-*FAROLIM LAT DRT BRANCO (ESPELHO);RENAULT MODUS 04-*FAROLIM LAT DRT BRANCO (ESPELHO);0;;
61;1540;103F19450343;1540;103F19450343;CATEGORIA0;;1;1;0;1;;RENAULT MODUS 04-*FAROLIM LAT ESQ BRANCO (ESPELHO);RENAULT MODUS 04-*FAROLIM LAT ESQ BRANCO (ESPELHO);0;;
61;1540;103F19450770;1540;103F19450770;CATEGORIA0;;1;1;0;1;;RENAULT MODUS 04-*FAROLIM TRÁS DRT.;RENAULT MODUS 04-*FAROLIM TRÁS DRT.;0;;
61;1540;103F19450771;1540;103F19450771;CATEGORIA0;;1;1;0;1;;RENAULT MODUS 04-*FAROLIM TRÁS ESQ (AMARELO/BRANCO/VERMELHO);RENAULT MODUS 04-*FAROLIM TRÁS ESQ (AMARELO/BRANCO/VERMELHO);0;;
61;1540;103F19461310;1540;103F19461310;CATEGORIA0;;1;1;0;1;;FAROLIM LAT DRT/ESQ;FAROLIM LAT DRT/ESQ;0;;
61;1540;103F19461750;1540;103F19461750;CATEGORIA0;;1;1;0;1;;RENAULT CLIO 05-*FAROLIM TRÁS DRT (SW);RENAULT CLIO 05-*FAROLIM TRÁS DRT (SW);0;;
61;1540;103F19461751;1540;103F19461751;CATEGORIA0;;1;1;0;1;;RENAULT CLIO 05-*FAROLIM TR ESQ. (SW);RENAULT CLIO 05-*FAROLIM TR ESQ. (SW);0;;
61;1540;103F19461770;1540;103F19461770;CATEGORIA0;;1;1;0;1;;RENAULT CLIO 05-*FAROLIM TRÁS DRT 3P/5P;RENAULT CLIO 05-*FAROLIM TRÁS DRT 3P/5P;0;;
61;1540;103F19461771;1540;103F19461771;CATEGORIA0;;1;1;0;1;;RENAULT CLIO 05- FAROLIM TRÁS ESQ.;RENAULT CLIO 05- FAROLIM TRÁS ESQ.;0;;
61;1540;103F19461960;1540;103F19461960;CATEGORIA0;;1;1;0;1;;CLIO 05-/MEGANE 02-/LAGUNA 08-* FAROLIM MATR.;CLIO 05-/MEGANE 02-/LAGUNA 08-* FAROLIM MATR.;0;;
61;1540;103F19471200;1540;103F19471200;CATEGORIA0;;1;1;0;1;;RENAULT MAST/INTER 03-*FAROLIM FRT DRT AMARELO;RENAULT MAST/INTER 03-*FAROLIM FRT DRT AMARELO;0;;
61;1540;103F19471201;1540;103F19471201;CATEGORIA0;;1;1;0;1;;RENAULT MAST/INTER 03-*FAROLIM FRT ESQ AMARELO;RENAULT MAST/INTER 03-*FAROLIM FRT ESQ AMARELO;0;;
61;1540;103F19471210;1540;103F19471210;CATEGORIA0;;1;1;0;1;;RENAULT MAST/INTER 03-*FAROLIM FRT DRT (BRANCO);RENAULT MAST/INTER 03-*FAROLIM FRT DRT (BRANCO);0;;
61;1540;103F19471211;1540;103F19471211;CATEGORIA0;;1;1;0;1;;RENAULT MAST/INTER 03-*FAROLIM FRT ESQ BRANCO;RENAULT MAST/INTER 03-*FAROLIM FRT ESQ BRANCO;0;;
61;1540;103F19471770;1540;103F19471770;CATEGORIA0;;1;1;0;1;;STOP DRT. MASTER/MOV 03-08;STOP DRT. MASTER/MOV 03-08;0;;
61;1540;103F19471780;1540;103F19471780;CATEGORIA0;;1;1;0;1;;RENAULT MASTER 05-08*FAROLIM TRÁS DRT (2 FUROS LÂMPADAS);RENAULT MASTER 05-08*FAROLIM TRÁS DRT (2 FUROS LÂMPADAS);0;;
61;1540;103F19471781;1540;103F19471781;CATEGORIA0;;1;1;0;1;;RENAULT MASTER 05-08*STOP ESQ(2 FUROS LÂMPADAS);RENAULT MASTER 05-08*STOP ESQ(2 FUROS LÂMPADAS);0;;
61;1540;103F19471900;1540;103F19471900;CATEGORIA0;;1;1;0;1;;FAROLIM 3.º STOP  RENAUL MASTER/MOVANO/INTERSTAR;FAROLIM 3.º STOP  RENAUL MASTER/MOVANO/INTERSTAR;0;;
61;1540;103F19471901;1540;103F19471901;CATEGORIA0;;1;1;0;1;;RENAULT MASTER/MOVANO/INTERSTAR 03-*TERCEIRA LUZ STOP(FUMADO;RENAULT MASTER/MOVANO/INTERSTAR 03-*TERCEIRA LUZ STOP(FUMADO;0;;
61;1540;103F19481200;1540;103F19481200;CATEGORIA0;;1;1;0;1;;TRAFIC/PRIMASTAR 01-*FAROLIM FRT DRT AMA;TRAFIC/PRIMASTAR 01-*FAROLIM FRT DRT AMA;0;;
61;1540;103F19481201;1540;103F19481201;CATEGORIA0;;1;1;0;1;;TRAFIC/PRIMASTAR 01-*FAROLIM FRT ESQ AMA;TRAFIC/PRIMASTAR 01-*FAROLIM FRT ESQ AMA;0;;
61;1540;103F19481210;1540;103F19481210;CATEGORIA0;;1;1;0;1;;RENAULT TRAFIC/PRIMASTAR 01-*FAROLIM FRT DRT (BRANCO);RENAULT TRAFIC/PRIMASTAR 01-*FAROLIM FRT DRT (BRANCO);0;;
61;1540;103F19481211;1540;103F19481211;CATEGORIA0;;1;1;0;1;;RENAULT TRAFIC/PRIMASTAR 01-*FAROLIM FRT ESQ (BRANCO);RENAULT TRAFIC/PRIMASTAR 01-*FAROLIM FRT ESQ (BRANCO);0;;
61;1540;103F19481380;1540;103F19481380;CATEGORIA0;;1;1;0;1;;RENAULT TRAFIC 01-*FAROLIM M/TR CAN P/C TR D T/AL;RENAULT TRAFIC 01-*FAROLIM M/TR CAN P/C TR D T/AL;0;;
61;1540;103F19481381;1540;103F19481381;CATEGORIA0;;1;1;0;1;;RENAULT TRAFIC 01-*FAROLIM NEV CAN P/C TR E T/AL;RENAULT TRAFIC 01-*FAROLIM NEV CAN P/C TR E T/AL;0;;
61;1540;103F19481383;1540;103F19481383;CATEGORIA0;;1;1;0;1;;REFLECTOR P/CHOQUES TRÁS;REFLECTOR P/CHOQUES TRÁS;0;;
61;1540;103F19481900;1540;103F19481900;CATEGORIA0;;1;1;0;1;;FAROLIM 3º STOP;FAROLIM 3º STOP;0;;
61;1540;103F19481901;1540;103F19481901;CATEGORIA0;;1;1;0;1;;RENAULT TRAFIC/VIVARO/PRIMASTAR 01-*TERCEIRA LUZ STOP(FUMADO;RENAULT TRAFIC/VIVARO/PRIMASTAR 01-*TERCEIRA LUZ STOP(FUMADO;0;;
61;1540;103F19481960;1540;103F19481960;CATEGORIA0;;1;1;0;1;;RENAULT TRAFIC/VIVARO/PRIMASTAR 01-*FAROLIM MATRICULA;RENAULT TRAFIC/VIVARO/PRIMASTAR 01-*FAROLIM MATRICULA;0;;
61;1540;103F19491710;1540;103F19491710;CATEGORIA0;;1;1;0;1;;RENAULT MEGANE 06-*FAROLIM TRÁS DRT 3/5P;RENAULT MEGANE 06-*FAROLIM TRÁS DRT 3/5P;0;;
61;1540;103F19491711;1540;103F19491711;CATEGORIA0;;1;1;0;1;;RENAULT MEGANE 06-*FAROLIM TRÁS ESQ (3/5P);RENAULT MEGANE 06-*FAROLIM TRÁS ESQ (3/5P);0;;
61;1540;103F19491770;1540;103F19491770;CATEGORIA0;;1;1;0;1;;RENAULT MEGANE 06-*FAROLIM TRÁS DRT (4P);RENAULT MEGANE 06-*FAROLIM TRÁS DRT (4P);0;;
61;1540;103F19491773;1540;103F19491773;CATEGORIA0;;1;1;0;1;;RENAULT MEGANE 06-*FAROLIM TRÁS ESQ (SW);RENAULT MEGANE 06-*FAROLIM TRÁS ESQ (SW);0;;
61;1540;103F19501710;1540;103F19501710;CATEGORIA0;;1;1;0;1;;SKODA FELICIA 95-*FAROLIM TRÁS DRT (SW);SKODA FELICIA 95-*FAROLIM TRÁS DRT (SW);0;;
61;1540;103F19501711;1540;103F19501711;CATEGORIA0;;1;1;0;1;;SKODA FELICIA 95-*FAROLIM TRÁS ESQ (SW);SKODA FELICIA 95-*FAROLIM TRÁS ESQ (SW);0;;
61;1540;103F19501770;1540;103F19501770;CATEGORIA0;;1;1;0;1;;SKODA FELICIA 95-97*FAROLIM TRÁS DRT (PICK-UP);SKODA FELICIA 95-97*FAROLIM TRÁS DRT (PICK-UP);0;;
61;1540;103F19501771;1540;103F19501771;CATEGORIA0;;1;1;0;1;;SKODA FELICIA 95-97*FAROLIM TRÁS ESQ (PICK-UP);SKODA FELICIA 95-97*FAROLIM TRÁS ESQ (PICK-UP);0;;
61;1540;103F19530710;1540;103F19530710;CATEGORIA0;;1;1;0;1;;SKODA FABIA 99-*FAROLIM TRÁS DRT (3/5P);SKODA FABIA 99-*FAROLIM TRÁS DRT (3/5P);0;;
61;1540;103F19530711;1540;103F19530711;CATEGORIA0;;1;1;0;1;;SKODA FABIA 99-*FAROLIM TRÁS ESQ (3/5P);SKODA FABIA 99-*FAROLIM TRÁS ESQ (3/5P);0;;
61;1540;103F19530750;1540;103F19530750;CATEGORIA0;;1;1;0;1;;SKODA FABIA 99-*FAROLIM TRÁS DRT (SW/4P);SKODA FABIA 99-*FAROLIM TRÁS DRT (SW/4P);0;;
61;1540;103F19530751;1540;103F19530751;CATEGORIA0;;1;1;0;1;;SKODA FABIA 99-*FAROLIM TRÁS ESQ (SW/4P);SKODA FABIA 99-*FAROLIM TRÁS ESQ (SW/4P);0;;
61;1540;103F19530770;1540;103F19530770;CATEGORIA0;;1;1;0;1;;SKODA FABIA 05-*FAROLIM TRÁS DRT (3/5P);SKODA FABIA 05-*FAROLIM TRÁS DRT (3/5P);0;;
61;1540;103F19530771;1540;103F19530771;CATEGORIA0;;1;1;0;1;;SKODA FABIA 05-*FAROLIM TRÁS ESQ (3/5P);SKODA FABIA 05-*FAROLIM TRÁS ESQ (3/5P);0;;
61;1540;103F19530780;1540;103F19530780;CATEGORIA0;;1;1;0;1;;FAROLIM TRÁS DRT;FAROLIM TRÁS DRT;0;;
61;1540;103F19530781;1540;103F19530781;CATEGORIA0;;1;1;0;1;;SKODA FABIA 05-*FAROLIM TRÁS ESQ (SW/4P);SKODA FABIA 05-*FAROLIM TRÁS ESQ (SW/4P);0;;
61;1540;103F19531210;1540;103F19531210;CATEGORIA0;;1;1;0;1;;SKODA OCTAVIA 97-*FAROLIM FRT DRT;SKODA OCTAVIA 97-*FAROLIM FRT DRT;0;;
61;1540;103F19531211;1540;103F19531211;CATEGORIA0;;1;1;0;1;;SKODA OCTAVIA 97-*FAROLIM FRT ESQ;SKODA OCTAVIA 97-*FAROLIM FRT ESQ;0;;
61;1540;103F19531230;1540;103F19531230;CATEGORIA0;;1;1;0;1;;SKODA OCTAVIA 99-00*FAROLIM FRT DRT (TRANSPARENTE);SKODA OCTAVIA 99-00*FAROLIM FRT DRT (TRANSPARENTE);0;;
61;1540;103F19531231;1540;103F19531231;CATEGORIA0;;1;1;0;1;;SKODA OCTAVIA 99-00*FAROLIM FRT ESQ (TRANSPARENTE);SKODA OCTAVIA 99-00*FAROLIM FRT ESQ (TRANSPARENTE);0;;
61;1540;103F19531510;1540;103F19531510;CATEGORIA0;;1;1;0;1;;SKODA OCTAVIA 97-00*FAROLIM TRÁS DRT (4P);SKODA OCTAVIA 97-00*FAROLIM TRÁS DRT (4P);0;;
61;1540;103F19531511;1540;103F19531511;CATEGORIA0;;1;1;0;1;;SKODA OCTAVIA 97-00*FAROLIM TRÁS ESQ (4P);SKODA OCTAVIA 97-00*FAROLIM TRÁS ESQ (4P);0;;
61;1540;103F19531710;1540;103F19531710;CATEGORIA0;;1;1;0;1;;SKODA OCTAVIA 96-00*FAROLIM TRÁS DRT (SW);SKODA OCTAVIA 96-00*FAROLIM TRÁS DRT (SW);0;;
61;1540;103F19531711;1540;103F19531711;CATEGORIA0;;1;1;0;1;;SKODA OCTAVIA 96-00*FAROLIM TRÁS ESQ (SW);SKODA OCTAVIA 96-00*FAROLIM TRÁS ESQ (SW);0;;
61;1540;103F19531960;1540;103F19531960;CATEGORIA0;;1;1;0;1;;SKODA OCTAVIA/VENTO 97-*FAROLIM MATRICULA;SKODA OCTAVIA/VENTO 97-*FAROLIM MATRICULA;0;;
61;1540;103F19550110;1540;103F19550110;CATEGORIA0;;1;1;0;1;;SKODA OCTAVIA 01-03*FAROLIM FRT DRT;SKODA OCTAVIA 01-03*FAROLIM FRT DRT;0;;
61;1540;103F19550111;1540;103F19550111;CATEGORIA0;;1;1;0;1;;SKODA OCTAVIA 01-03*FAROLIM FRT ESQ;SKODA OCTAVIA 01-03*FAROLIM FRT ESQ;0;;
61;1540;103F19550770;1540;103F19550770;CATEGORIA0;;1;1;0;1;;SKODA OCTAVIA 01-*FAROLIM TRÁS DRT (SEDAN);SKODA OCTAVIA 01-*FAROLIM TRÁS DRT (SEDAN);0;;
61;1540;103F19550771;1540;103F19550771;CATEGORIA0;;1;1;0;1;;SKODA OCTAVIA 01-*FAROLIM TRÁS ESQ (SEDAN);SKODA OCTAVIA 01-*FAROLIM TRÁS ESQ (SEDAN);0;;
61;1540;103F19560340;1540;103F19560340;CATEGORIA0;;1;1;0;1;;SKODA OCTAVIA 04-*FAROLIM LAT DRT C/LUZ CORTESIA (ESPELHO);SKODA OCTAVIA 04-*FAROLIM LAT DRT C/LUZ CORTESIA (ESPELHO);0;;
61;1540;103F19560341;1540;103F19560341;CATEGORIA0;;1;1;0;1;;OCTAVIA 04- FAROLIM LAT. ESQ.;OCTAVIA 04- FAROLIM LAT. ESQ.;0;;
61;1540;103F19560710;1540;103F19560710;CATEGORIA0;;1;1;0;1;;SKODA OCTAVIA 04-*FAROLIM TRÁS DRT (SW);SKODA OCTAVIA 04-*FAROLIM TRÁS DRT (SW);0;;
61;1540;103F19560711;1540;103F19560711;CATEGORIA0;;1;1;0;1;;SKODA OCTAVIA 04-*FAROLIM TRÁS ESQ (SW);SKODA OCTAVIA 04-*FAROLIM TRÁS ESQ (SW);0;;
61;1540;103F19560770;1540;103F19560770;CATEGORIA0;;1;1;0;1;;SKODA OCTAVIA 04-*FAROLIM TRÁS DRT (4P);SKODA OCTAVIA 04-*FAROLIM TRÁS DRT (4P);0;;
61;1540;103F19560771;1540;103F19560771;CATEGORIA0;;1;1;0;1;;SKODA OCTAVIA 04-*FAROLIM TRÁS ESQ (4P);SKODA OCTAVIA 04-*FAROLIM TRÁS ESQ (4P);0;;
61;1540;103F19560900;1540;103F19560900;CATEGORIA0;;1;1;0;1;;SKODA OCTAVIA 04-*TERCEIRA LUZ STOP (LED);SKODA OCTAVIA 04-*TERCEIRA LUZ STOP (LED);0;;
61;1540;103F19560960;1540;103F19560960;CATEGORIA0;;1;1;0;1;;SKODA OCTAVIA/ROOMSTER 04-*FAROLIM MATRICULA;SKODA OCTAVIA/ROOMSTER 04-*FAROLIM MATRICULA;0;;
61;1540;103F19581310;1540;103F19581310;CATEGORIA0;;1;1;0;1;;FAROLIM LAT.;FAROLIM LAT.;0;;
61;1540;103F19581770;1540;103F19581770;CATEGORIA0;;1;1;0;1;;SKODA FABIA 07-*FAROLIM TRÁS DRT (SW/5P);SKODA FABIA 07-*FAROLIM TRÁS DRT (SW/5P);0;;
61;1540;103F19581771;1540;103F19581771;CATEGORIA0;;1;1;0;1;;SKODA FABIA 07-*FAROLIM TR ESQ(SW/5P);SKODA FABIA 07-*FAROLIM TR ESQ(SW/5P);0;;
61;1540;103F19581772;1540;103F19581772;CATEGORIA0;;1;1;0;1;;SKODA ROOMSTER 2006.03-*FAROLIM TRÁS DRT;SKODA ROOMSTER 2006.03-*FAROLIM TRÁS DRT;0;;
61;1540;103F19581773;1540;103F19581773;CATEGORIA0;;1;1;0;1;;SKODA ROOMSTER 2006.03-*FAROLIM TRÁS ESQ;SKODA ROOMSTER 2006.03-*FAROLIM TRÁS ESQ;0;;
61;1540;103F19590340;1540;103F19590340;CATEGORIA0;;1;1;0;1;;SKODA OCTAVIA/SUPERB 09-*FAROLIM LAT DRT(ESPELHO);SKODA OCTAVIA/SUPERB 09-*FAROLIM LAT DRT(ESPELHO);0;;
61;1540;103F19590341;1540;103F19590341;CATEGORIA0;;1;1;0;1;;FAROLIM PISCA ESQ. ESPELHO;FAROLIM PISCA ESQ. ESPELHO;0;;
61;1540;103F19590770;1540;103F19590770;CATEGORIA0;;1;1;0;1;;SKODA OCTAVIA 09- FAROLIM TRÁS DTO. (SW);SKODA OCTAVIA 09- FAROLIM TRÁS DTO. (SW);0;;
61;1540;103F19590771;1540;103F19590771;CATEGORIA0;;1;1;0;1;;SKODA OCTAVIA 09-*FAROLIM TRÁS ESQ (SW);SKODA OCTAVIA 09-*FAROLIM TRÁS ESQ (SW);0;;
61;1540;103F19590772;1540;103F19590772;CATEGORIA0;;1;1;0;1;;SKODA OCTAVIA 09-*FAROLIM TRÁS DRT (4P);SKODA OCTAVIA 09-*FAROLIM TRÁS DRT (4P);0;;
61;1540;103F19590773;1540;103F19590773;CATEGORIA0;;1;1;0;1;;SKODA OCTAVIA 09-*FAROLIM TRÁS ESQ (4P);SKODA OCTAVIA 09-*FAROLIM TRÁS ESQ (4P);0;;
61;1540;103F19610710;1540;103F19610710;CATEGORIA0;;1;1;0;1;;SKODA YETI 2010-*FAROLIM TRÁS DRT;SKODA YETI 2010-*FAROLIM TRÁS DRT;0;;
61;1540;103F19610711;1540;103F19610711;CATEGORIA0;;1;1;0;1;;SKODA YETI 2010-*FAROLIM TRÁS ESQ;SKODA YETI 2010-*FAROLIM TRÁS ESQ;0;;
61;1540;103F19641340;1540;103F19641340;CATEGORIA0;;1;1;0;1;;SKODA OCTAVIA 13-*FAROLIM LAT DRT LED (ESPELHO);SKODA OCTAVIA 13-*FAROLIM LAT DRT LED (ESPELHO);0;;
61;1540;103F19641341;1540;103F19641341;CATEGORIA0;;1;1;0;1;;FAROLIM LAT. ESQ.;FAROLIM LAT. ESQ.;0;;
61;1540;103F19641770;1540;103F19641770;CATEGORIA0;;1;1;0;1;;SKODA OCTAVIA 13-*FAROLIM TRÁS DRT (4P);SKODA OCTAVIA 13-*FAROLIM TRÁS DRT (4P);0;;
61;1540;103F19641771;1540;103F19641771;CATEGORIA0;;1;1;0;1;;SKODA OCTAVIA 13-*FAROLIM TRÁS ESQ (4P);SKODA OCTAVIA 13-*FAROLIM TRÁS ESQ (4P);0;;
61;1540;103F19641773;1540;103F19641773;CATEGORIA0;;1;1;0;1;;SKODA OCTAVIA 13-*FAROLIM TRÁS DRT (BREAK);SKODA OCTAVIA 13-*FAROLIM TRÁS DRT (BREAK);0;;
61;1540;103F19641774;1540;103F19641774;CATEGORIA0;;1;1;0;1;;SKODA OCTAVIA 13-*FAROLIM TRÁS ESQ (BREAK);SKODA OCTAVIA 13-*FAROLIM TRÁS ESQ (BREAK);0;;
61;1540;103F19641775;1540;103F19641775;CATEGORIA0;;1;1;0;1;;SKODA OCTAVIA 13-*FAROLIM TRÁS DRT (4P)(LED);SKODA OCTAVIA 13-*FAROLIM TRÁS DRT (4P)(LED);0;;
61;1540;103F19641776;1540;103F19641776;CATEGORIA0;;1;1;0;1;;SKODA OCTAVIA 13-*FAROLIM TRÁS ESQ (4P)(LED);SKODA OCTAVIA 13-*FAROLIM TRÁS ESQ (4P)(LED);0;;
61;1540;103F19641777;1540;103F19641777;CATEGORIA0;;1;1;0;1;;SKODA OCTAVIA 13-*FAROLIM TRÁS DRT(LED)(BREAK);SKODA OCTAVIA 13-*FAROLIM TRÁS DRT(LED)(BREAK);0;;
61;1540;103F19641778;1540;103F19641778;CATEGORIA0;;1;1;0;1;;SKODA OCTAVIA 13-*FAROLIM TRÁS ESQ(LED)(BREAK);SKODA OCTAVIA 13-*FAROLIM TRÁS ESQ(LED)(BREAK);0;;
61;1540;103F19641900;1540;103F19641900;CATEGORIA0;;1;1;0;1;;SKODA OCTAVIA III 2013.01-*TERCEIRA LUZ STOP(LED);SKODA OCTAVIA III 2013.01-*TERCEIRA LUZ STOP(LED);0;;
61;1540;103F19651770;1540;103F19651770;CATEGORIA0;;1;1;0;1;;SKODA SUPERB 02-*FAROLIM TRÁS DRT (SEDAN);SKODA SUPERB 02-*FAROLIM TRÁS DRT (SEDAN);0;;
61;1540;103F19651771;1540;103F19651771;CATEGORIA0;;1;1;0;1;;SKODA SUPERB 02-*FAROLIM TRÁS ESQ (SEDAN);SKODA SUPERB 02-*FAROLIM TRÁS ESQ (SEDAN);0;;
61;1540;103F19651772;1540;103F19651772;CATEGORIA0;;1;1;0;1;;SKODA SUPERB 06-*FAROLIM TRÁS DRT (SEDAN);SKODA SUPERB 06-*FAROLIM TRÁS DRT (SEDAN);0;;
61;1540;103F19651773;1540;103F19651773;CATEGORIA0;;1;1;0;1;;SKODA SUPERB 06-*FAROLIM TRÁS ESQ (SEDAN);SKODA SUPERB 06-*FAROLIM TRÁS ESQ (SEDAN);0;;
61;1540;103F19661770;1540;103F19661770;CATEGORIA0;;1;1;0;1;;SKODA SUPERB 08-*FAROLIM TRÁS DRT (SEDAN CANTO);SKODA SUPERB 08-*FAROLIM TRÁS DRT (SEDAN CANTO);0;;
61;1540;103F19661771;1540;103F19661771;CATEGORIA0;;1;1;0;1;;SKODA SUPERB 08-*FAROLIM TRÁS ESQ (SEDAN CANTO);SKODA SUPERB 08-*FAROLIM TRÁS ESQ (SEDAN CANTO);0;;
61;1540;103F19661772;1540;103F19661772;CATEGORIA0;;1;1;0;1;;SKODA SUPERB 08-*FAROLIM TRÁS DRT (KOMBI CANTO);SKODA SUPERB 08-*FAROLIM TRÁS DRT (KOMBI CANTO);0;;
61;1540;103F19661773;1540;103F19661773;CATEGORIA0;;1;1;0;1;;SKODA SUPERB 08-*FAROLIM TRÁS ESQ (KOMBI CANTO);SKODA SUPERB 08-*FAROLIM TRÁS ESQ (KOMBI CANTO);0;;
61;1540;103F19670340;1540;103F19670340;CATEGORIA0;;1;1;0;1;;SKODA FABIA/RAPID/TOLEDO 15-*FAROLIM LAT DRT (ESPELHO);SKODA FABIA/RAPID/TOLEDO 15-*FAROLIM LAT DRT (ESPELHO);0;;
61;1540;103F19670341;1540;103F19670341;CATEGORIA0;;1;1;0;1;;SKODA FABIA/RAPID/TOLEDO 15-*FAROLIM LAT ESQ (ESPELHO);SKODA FABIA/RAPID/TOLEDO 15-*FAROLIM LAT ESQ (ESPELHO);0;;
61;1540;103F19671770;1540;103F19671770;CATEGORIA0;;1;1;0;1;;SKODA FABIA 15-*FAROLIM TRÁS DRT;SKODA FABIA 15-*FAROLIM TRÁS DRT;0;;
61;1540;103F19671771;1540;103F19671771;CATEGORIA0;;1;1;0;1;;SKODA FABIA 15-*FAROLIM TRÁS ESQ;SKODA FABIA 15-*FAROLIM TRÁS ESQ;0;;
61;1540;103F19681770;1540;103F19681770;CATEGORIA0;;1;1;0;1;;SKODA RAPID 2013.01-*FAROLIM TRÁS DRT;SKODA RAPID 2013.01-*FAROLIM TRÁS DRT;0;;
61;1540;103F19681771;1540;103F19681771;CATEGORIA0;;1;1;0;1;;SKODA RAPID 2013.01-*FAROLIM TRÁS ESQ;SKODA RAPID 2013.01-*FAROLIM TRÁS ESQ;0;;
61;1540;103F19681900;1540;103F19681900;CATEGORIA0;;1;1;0;1;;SKODA RAPID/KODIAQ/SCALA/KAMIQ 2013.01-*TERCEIRA LUZ STOP;SKODA RAPID/KODIAQ/SCALA/KAMIQ 2013.01-*TERCEIRA LUZ STOP;0;;
61;1540;103F19701770;1540;103F19701770;CATEGORIA0;;1;1;0;1;;SKODA OCTAVIA III 2017.01-*FAROLIM TRÁS DRT(LED);SKODA OCTAVIA III 2017.01-*FAROLIM TRÁS DRT(LED);0;;
61;1540;103F19701771;1540;103F19701771;CATEGORIA0;;1;1;0;1;;SKODA OCTAVIA III 2017.01-*FAROLIM TRÁS ESQ(LED);SKODA OCTAVIA III 2017.01-*FAROLIM TRÁS ESQ(LED);0;;
61;1540;103F19701772;1540;103F19701772;CATEGORIA0;;1;1;0;1;;SKODA OCTAVIA III 2017.01-*FAROLIM TRÁS DRT SW(LED);SKODA OCTAVIA III 2017.01-*FAROLIM TRÁS DRT SW(LED);0;;
61;1540;103F19701773;1540;103F19701773;CATEGORIA0;;1;1;0;1;;SKODA OCTAVIA III 2017.01-*FAROLIM TRÁS ESQ SW(LED);SKODA OCTAVIA III 2017.01-*FAROLIM TRÁS ESQ SW(LED);0;;
61;1540;103F19720340;1540;103F19720340;CATEGORIA0;;1;1;0;1;;SKODA SUPERB III 2015.03-*FAROLIM LAT DRT (ESPELHO);SKODA SUPERB III 2015.03-*FAROLIM LAT DRT (ESPELHO);0;;
61;1540;103F19720341;1540;103F19720341;CATEGORIA0;;1;1;0;1;;SKODA SUPERB III 2015.03-*FAROLIM LAT ESQ (ESPELHO);SKODA SUPERB III 2015.03-*FAROLIM LAT ESQ (ESPELHO);0;;
61;1540;103F19720770;1540;103F19720770;CATEGORIA0;;1;1;0;1;;SKODA SUPERB 2015.03-*FAROLIM TRÁS DRT (SEDAN CANTO);SKODA SUPERB 2015.03-*FAROLIM TRÁS DRT (SEDAN CANTO);0;;
61;1540;103F19720771;1540;103F19720771;CATEGORIA0;;1;1;0;1;;SKODA SUPERB 2015.03-*FAROLIM TRÁS ESQ (SEDAN CANTO);SKODA SUPERB 2015.03-*FAROLIM TRÁS ESQ (SEDAN CANTO);0;;
61;1540;103F19750770;1540;103F19750770;CATEGORIA0;;1;1;0;1;;SKODA FABIA III 2018.09-*FAROLIM TRÁS DRT(LED/PY21W/P21W/H21;SKODA FABIA III 2018.09-*FAROLIM TRÁS DRT(LED/PY21W/P21W/H21;0;;
61;1540;103F19750771;1540;103F19750771;CATEGORIA0;;1;1;0;1;;SKODA FABIA III 2018.09-*FAROLIM TRÁS ESQ(LED/PY21W/P21W/H21;SKODA FABIA III 2018.09-*FAROLIM TRÁS ESQ(LED/PY21W/P21W/H21;0;;
61;1540;103F19771770;1540;103F19771770;CATEGORIA0;;1;1;0;1;;SKODA OCTAVIA IV 2020.01-*FAROLIM TRÁS DRT(LED);SKODA OCTAVIA IV 2020.01-*FAROLIM TRÁS DRT(LED);0;;
61;1540;103F19771771;1540;103F19771771;CATEGORIA0;;1;1;0;1;;SKODA OCTAVIA IV 2020.01-*FAROLIM TRÁS ESQ(LED);SKODA OCTAVIA IV 2020.01-*FAROLIM TRÁS ESQ(LED);0;;
61;1540;103F19810770;1540;103F19810770;CATEGORIA0;;1;1;0;1;;RENAULT LAGUNA 05-*FAROLIM TRÁS DRT (CANTO 5P);RENAULT LAGUNA 05-*FAROLIM TRÁS DRT (CANTO 5P);0;;
61;1540;103F19810771;1540;103F19810771;CATEGORIA0;;1;1;0;1;;RENAULT LAGUNA 05-*FAROLIM TRÁS ESQ (CANTO 5P);RENAULT LAGUNA 05-*FAROLIM TRÁS ESQ (CANTO 5P);0;;
61;1540;103F19820070;1540;103F19820070;CATEGORIA0;;1;1;0;1;;RENAULT TWINGO 07-*FAROLIM TRÁS DRT;RENAULT TWINGO 07-*FAROLIM TRÁS DRT;0;;
61;1540;103F19820071;1540;103F19820071;CATEGORIA0;;1;1;0;1;;RENAULT TWINGO 07-*FAROLIM TRÁS ESQ;RENAULT TWINGO 07-*FAROLIM TRÁS ESQ;0;;
61;1540;103F19830770;1540;103F19830770;CATEGORIA0;;1;1;0;1;;RENAULT TRAFIC/PRIM/VIVARO 06-*FAROLIM TRÁS DRT;RENAULT TRAFIC/PRIM/VIVARO 06-*FAROLIM TRÁS DRT;0;;
61;1540;103F19830771;1540;103F19830771;CATEGORIA0;;1;1;0;1;;RENAULT TRAFIC/PRIM/VIVARO 06-*FAROLIM TRÁS ESQ;RENAULT TRAFIC/PRIM/VIVARO 06-*FAROLIM TRÁS ESQ;0;;
61;1540;103F19841380;1540;103F19841380;CATEGORIA0;;1;1;0;1;;RENAULT MEGANE/LAGUNA 08-*FAROLIM LAT DRT(ESP);RENAULT MEGANE/LAGUNA 08-*FAROLIM LAT DRT(ESP);0;;
61;1540;103F19841381;1540;103F19841381;CATEGORIA0;;1;1;0;1;;RENAULT LAGUNA III/MEGANE COUPE 2007.10-*FAROLIM TRÁS NEVOEI;RENAULT LAGUNA III/MEGANE COUPE 2007.10-*FAROLIM TRÁS NEVOEI;0;;
61;1540;103F19841770;1540;103F19841770;CATEGORIA0;;1;1;0;1;;RENAULT LAGUNA 08-*FAROLIM TRÁS DRT (SW);RENAULT LAGUNA 08-*FAROLIM TRÁS DRT (SW);0;;
61;1540;103F19841771;1540;103F19841771;CATEGORIA0;;1;1;0;1;;RENAULT LAGUNA 08-*FAROLIM TRÁS ESQ (SW);RENAULT LAGUNA 08-*FAROLIM TRÁS ESQ (SW);0;;
61;1540;103F19841901;1540;103F19841901;CATEGORIA0;;1;1;0;1;;RENAULT LAGUNA III BREAK 2007.10-*TERCEIRA LUZ STOP(LED);RENAULT LAGUNA III BREAK 2007.10-*TERCEIRA LUZ STOP(LED);0;;
61;1540;103F19851310;1540;103F19851310;CATEGORIA0;;1;1;0;1;;RENAULT KANGOO 2008-*FAROLIM LAT DRT/ESQ;RENAULT KANGOO 2008-*FAROLIM LAT DRT/ESQ;0;;
61;1540;103F19851380;1540;103F19851380;CATEGORIA0;;1;1;0;1;;RENAULT KANGOO 2008-*FAROLIM TRÁS NEV DRT;RENAULT KANGOO 2008-*FAROLIM TRÁS NEV DRT;0;;
61;1540;103F19851381;1540;103F19851381;CATEGORIA0;;1;1;0;1;;RENAULT KANGOO 2008-*FAROLIM TRÁS NEV ESQ;RENAULT KANGOO 2008-*FAROLIM TRÁS NEV ESQ;0;;
61;1540;103F19851770;1540;103F19851770;CATEGORIA0;;1;1;0;1;;RENAULT KANGOO 2008-*FAROLIM TRÁS DRT (1P);RENAULT KANGOO 2008-*FAROLIM TRÁS DRT (1P);0;;
61;1540;103F19851771;1540;103F19851771;CATEGORIA0;;1;1;0;1;;RENAULT KANGOO 2008-*FAROLIM TRÁS ESQ (1P);RENAULT KANGOO 2008-*FAROLIM TRÁS ESQ (1P);0;;
61;1540;103F19851772;1540;103F19851772;CATEGORIA0;;1;1;0;1;;RENAULT KANGOO 2008-*FAROLIM TRÁS DRT (2P);RENAULT KANGOO 2008-*FAROLIM TRÁS DRT (2P);0;;
61;1540;103F19851773;1540;103F19851773;CATEGORIA0;;1;1;0;1;;RENAULT KANGOO 2008-*FAROLIM TRÁS ESQ (2P);RENAULT KANGOO 2008-*FAROLIM TRÁS ESQ (2P);0;;
61;1540;103F19851960;1540;103F19851960;CATEGORIA0;;1;1;0;1;;RENAULT KANGOO 2008-*FAROLIM MATRICULA;RENAULT KANGOO 2008-*FAROLIM MATRICULA;0;;
61;1540;103F19860380;1540;103F19860380;CATEGORIA0;;1;1;0;1;;REFLECTOR DTO.;REFLECTOR DTO.;0;;
61;1540;103F19860381;1540;103F19860381;CATEGORIA0;;1;1;0;1;;REFLECTOR ESQ.;REFLECTOR ESQ.;0;;
61;1540;103F19860770;1540;103F19860770;CATEGORIA0;;1;1;0;1;;FAROLIM TR. ESQ. CANTO MEGANE 08-;FAROLIM TR. ESQ. CANTO MEGANE 08-;0;;
61;1540;103F19860771;1540;103F19860771;CATEGORIA0;;1;1;0;1;;RENAULT MEGANE 08-/14-*FAROLIM TRÁS ESQ (CANTO SW);RENAULT MEGANE 08-/14-*FAROLIM TRÁS ESQ (CANTO SW);0;;
61;1540;103F19860772;1540;103F19860772;CATEGORIA0;;1;1;0;1;;RENAULT MEGANE 08-*FAROLIM TRÁS DRT CANTO 5P;RENAULT MEGANE 08-*FAROLIM TRÁS DRT CANTO 5P;0;;
61;1540;103F19860773;1540;103F19860773;CATEGORIA0;;1;1;0;1;;RENAULT MEGANE 08-*FAROLIM TRÁS ESQ CANTO 5P;RENAULT MEGANE 08-*FAROLIM TRÁS ESQ CANTO 5P;0;;
61;1540;103F19860900;1540;103F19860900;CATEGORIA0;;1;1;0;1;;RENAULT MEGANE III BREAK/SCENIC 2008.10-*TERCEIRA LUZ STOP(L;RENAULT MEGANE III BREAK/SCENIC 2008.10-*TERCEIRA LUZ STOP(L;0;;
61;1540;103F19860901;1540;103F19860901;CATEGORIA0;;1;1;0;1;;MEGANE III FAROLIM 3.º STOP;MEGANE III FAROLIM 3.º STOP;0;;
61;1540;103F19861340;1540;103F19861340;CATEGORIA0;;1;1;0;1;;RENAULT MEGANE/LAGUNA 08-*FAROLIM LAT DRT(ESP);RENAULT MEGANE/LAGUNA 08-*FAROLIM LAT DRT(ESP);0;;
61;1540;103F19861341;1540;103F19861341;CATEGORIA0;;1;1;0;1;;RENAULT MEGANE/LAGUNA 08-*FAROLIM LAT ESQ(ESP);RENAULT MEGANE/LAGUNA 08-*FAROLIM LAT ESQ(ESP);0;;
61;1540;103F19870380;1540;103F19870380;CATEGORIA0;;1;1;0;1;;RENAULT CLIO 09-*FAROLIM TRÁS NEV DRT;RENAULT CLIO 09-*FAROLIM TRÁS NEV DRT;0;;
61;1540;103F19870381;1540;103F19870381;CATEGORIA0;;1;1;0;1;;RENAULT CLIO 09-*FAROLIM TRÁS NEVOEIRO ESQ;RENAULT CLIO 09-*FAROLIM TRÁS NEVOEIRO ESQ;0;;
61;1540;103F19870770;1540;103F19870770;CATEGORIA0;;1;1;0;1;;RENAULT CLIO 09-*FAROLIM TRÁS DTO;RENAULT CLIO 09-*FAROLIM TRÁS DTO;0;;
61;1540;103F19870771;1540;103F19870771;CATEGORIA0;;1;1;0;1;;RENAULT CLIO 09-*FAROLIM TRÁS ESQ;RENAULT CLIO 09-*FAROLIM TRÁS ESQ;0;;
61;1540;103F19881770;1540;103F19881770;CATEGORIA0;;1;1;0;1;;FAROLIM TRÁS DRT MODUS 08-;FAROLIM TRÁS DRT MODUS 08-;0;;
61;1540;103F19881771;1540;103F19881771;CATEGORIA0;;1;1;0;1;;RENAULT MODUS 08-*FAROLIM TRÁS ESQ;RENAULT MODUS 08-*FAROLIM TRÁS ESQ;0;;
61;1540;103F19910340;1540;103F19910340;CATEGORIA0;;1;1;0;1;;SCENIC 09-/LAGUNA 08-* FAROLIM LAT.;SCENIC 09-/LAGUNA 08-* FAROLIM LAT.;0;;
61;1540;103F19910341;1540;103F19910341;CATEGORIA0;;1;1;0;1;;SCENIC 09-/LAGUNA 08-* FAROLIM LAT.;SCENIC 09-/LAGUNA 08-* FAROLIM LAT.;0;;
61;1540;103F19910770;1540;103F19910770;CATEGORIA0;;1;1;0;1;;RENAULT SCENIC 09-*FAROLIM TRÁS DRT;RENAULT SCENIC 09-*FAROLIM TRÁS DRT;0;;
61;1540;103F19910771;1540;103F19910771;CATEGORIA0;;1;1;0;1;;RENAULT SCENIC 09-*FAROLIM TRÁS ESQ;RENAULT SCENIC 09-*FAROLIM TRÁS ESQ;0;;
61;1540;103F19920311;1540;103F19920311;CATEGORIA0;;1;1;0;1;;RENAULT MASTER/MOV 10-*FAROLIM LAT AMARELO DRT/ESQ;RENAULT MASTER/MOV 10-*FAROLIM LAT AMARELO DRT/ESQ;0;;
61;1540;103F19920340;1540;103F19920340;CATEGORIA0;;1;1;0;1;;RENAULT MASTER/MOV 10-*FAROLIM LAT DRT LUZ BRANCA (ESPELHO);RENAULT MASTER/MOV 10-*FAROLIM LAT DRT LUZ BRANCA (ESPELHO);0;;
61;1540;103F19920341;1540;103F19920341;CATEGORIA0;;1;1;0;1;;RENAULT MASTER/MOV 10-*FAROLIM LAT ESQ LUZ BRANCA (ESPELHO);RENAULT MASTER/MOV 10-*FAROLIM LAT ESQ LUZ BRANCA (ESPELHO);0;;
61;1540;103F19920342;1540;103F19920342;CATEGORIA0;;1;1;0;1;;RENAULT MASTER/MOV 10-*FAROLIM LAT DRT LUZ AMARELA (ESPELHO);RENAULT MASTER/MOV 10-*FAROLIM LAT DRT LUZ AMARELA (ESPELHO);0;;
61;1540;103F19920343;1540;103F19920343;CATEGORIA0;;1;1;0;1;;RENAULT MASTER/MOV 10-*FAROLIM LAT ESQ LUZ AMARELO (ESPELHO);RENAULT MASTER/MOV 10-*FAROLIM LAT ESQ LUZ AMARELO (ESPELHO);0;;
61;1540;103F19920770;1540;103F19920770;CATEGORIA0;;1;1;0;1;;RENAULT MASTER/MOVANO 10-*FAROLIM TRÁS DRT;RENAULT MASTER/MOVANO 10-*FAROLIM TRÁS DRT;0;;
61;1540;103F19920771;1540;103F19920771;CATEGORIA0;;1;1;0;1;;RENAULT MASTER/MOVANO 10-*FAROLIM TRÁS ESQ;RENAULT MASTER/MOVANO 10-*FAROLIM TRÁS ESQ;0;;
61;1540;103F19920900;1540;103F19920900;CATEGORIA0;;1;1;0;1;;MASTER/MOVANO 10- FAROLIM  3.º STOP;MASTER/MOVANO 10- FAROLIM  3.º STOP;0;;
61;1540;103F19920901;1540;103F19920901;CATEGORIA0;;1;1;0;1;;FAROLIM TRÁS;FAROLIM TRÁS;0;;
61;1540;103F19951770;1540;103F19951770;CATEGORIA0;;1;1;0;1;;RENAULT TWINGO 12-*FAROLIM TRÁS DRT;RENAULT TWINGO 12-*FAROLIM TRÁS DRT;0;;
61;1540;103F19951771;1540;103F19951771;CATEGORIA0;;1;1;0;1;;RENAULT TWINGO 12-*FAROLIM TRÁS ESQ;RENAULT TWINGO 12-*FAROLIM TRÁS ESQ;0;;
61;1540;103F19960340;1540;103F19960340;CATEGORIA0;;1;1;0;1;;RENAULT CLIO/CAPTUR 13-*FAROLIM LAT DRT(ESPELHO);RENAULT CLIO/CAPTUR 13-*FAROLIM LAT DRT(ESPELHO);0;;
61;1540;103F19960341;1540;103F19960341;CATEGORIA0;;1;1;0;1;;FAROLIM LAT. ESQ. CLIO/CAPTUR 13-;FAROLIM LAT. ESQ. CLIO/CAPTUR 13-;0;;
61;1540;103F19960342;1540;103F19960342;CATEGORIA0;;1;1;0;1;;RENAULT CLIO/CAPTUR 13-*FAROLIM LAT DRT FUMADO(ESPELHO);RENAULT CLIO/CAPTUR 13-*FAROLIM LAT DRT FUMADO(ESPELHO);0;;
61;1540;103F19960343;1540;103F19960343;CATEGORIA0;;1;1;0;1;;RENAULT CLIO/CAPTUR 13-*FAROLIM LAT ESQ FUMADO(ESPELHO);RENAULT CLIO/CAPTUR 13-*FAROLIM LAT ESQ FUMADO(ESPELHO);0;;
61;1540;103F19960380;1540;103F19960380;CATEGORIA0;;1;1;0;1;;CLIO 13- REFLECTOR TRÁS ESQ. (SW) DTO. (HATCHBACK);CLIO 13- REFLECTOR TRÁS ESQ. (SW) DTO. (HATCHBACK);0;;
61;1540;103F19960381;1540;103F19960381;CATEGORIA0;;1;1;0;1;;CLIO 13- REFLECTOR TRÁS ESQ.;CLIO 13- REFLECTOR TRÁS ESQ.;0;;
61;1540;103F19960770;1540;103F19960770;CATEGORIA0;;1;1;0;1;;FAROLIM TRÁS DTO (CANTO) CLIO 13-;FAROLIM TRÁS DTO (CANTO) CLIO 13-;0;;
61;1540;103F19960771;1540;103F19960771;CATEGORIA0;;1;1;0;1;;RENAULT CLIO 13-*FAROLIM TRÁS ESQ (CANTO);RENAULT CLIO 13-*FAROLIM TRÁS ESQ (CANTO);0;;
61;1540;103F19960772;1540;103F19960772;CATEGORIA0;;1;1;0;1;;RENAULT CLIO 16-*FAROLIM TRÁS DRT (CANTO);RENAULT CLIO 16-*FAROLIM TRÁS DRT (CANTO);0;;
61;1540;103F19960773;1540;103F19960773;CATEGORIA0;;1;1;0;1;;CLIO 16- FAROLIM TRÁS ESQ. (CANTO);CLIO 16- FAROLIM TRÁS ESQ. (CANTO);0;;
61;1540;103F19960900;1540;103F19960900;CATEGORIA0;;1;1;0;1;;RENAULT CLIO IV 2012.11-/ZOE/MICRA 14-/JUKE*TERCEIRA LUZ STO;RENAULT CLIO IV 2012.11-/ZOE/MICRA 14-/JUKE*TERCEIRA LUZ STO;0;;
61;1540;103F19971770;1540;103F19971770;CATEGORIA0;;1;1;0;1;;RENAULT CAPTUR 13-*FAROLIM TRÁS DRT;RENAULT CAPTUR 13-*FAROLIM TRÁS DRT;0;;
61;1540;103F19971771;1540;103F19971771;CATEGORIA0;;1;1;0;1;;RENAULT CAPTUR 13-*FAROLIM TRÁS ESQ;RENAULT CAPTUR 13-*FAROLIM TRÁS ESQ;0;;
61;1540;103F19981380;1540;103F19981380;CATEGORIA0;;1;1;0;1;;RENAULT SCENIC 12-*FAROLIM MARCHA TRÁS P/CH DRT;RENAULT SCENIC 12-*FAROLIM MARCHA TRÁS P/CH DRT;0;;
61;1540;103F19981381;1540;103F19981381;CATEGORIA0;;1;1;0;1;;RENAULT SCENIC 12-*FAROLIM NEV(P/CH)ESQ;RENAULT SCENIC 12-*FAROLIM NEV(P/CH)ESQ;0;;
61;1540;103F19981770;1540;103F19981770;CATEGORIA0;;1;1;0;1;;RENAULT SCENIC 12-*FAROLIM TRÁS DRT;RENAULT SCENIC 12-*FAROLIM TRÁS DRT;0;;
61;1540;103F19981771;1540;103F19981771;CATEGORIA0;;1;1;0;1;;RENAULT SCENIC 12-*FAROLIM TRÁS ESQ;RENAULT SCENIC 12-*FAROLIM TRÁS ESQ;0;;
61;1540;103F19990310;1540;103F19990310;CATEGORIA0;;1;1;0;1;;FAROLIM LATERAL;FAROLIM LATERAL;0;;
61;1540;103F19990770;1540;103F19990770;CATEGORIA0;;1;1;0;1;;RENAULT KANGOO 13-*FAROLIM TRÁS DRT 2P;RENAULT KANGOO 13-*FAROLIM TRÁS DRT 2P;0;;
61;1540;103F19990771;1540;103F19990771;CATEGORIA0;;1;1;0;1;;RENAULT KANGOO 13-*FAROLIM TRÁS ESQ 2P;RENAULT KANGOO 13-*FAROLIM TRÁS ESQ 2P;0;;
61;1540;103F19990772;1540;103F19990772;CATEGORIA0;;1;1;0;1;;RENAULT KANGOO 13-*FAROLIM TRÁS DRT (1P);RENAULT KANGOO 13-*FAROLIM TRÁS DRT (1P);0;;
61;1540;103F19990773;1540;103F19990773;CATEGORIA0;;1;1;0;1;;RENAULT KANGOO 13-*FAROLIM TRÁS ESQ (1P);RENAULT KANGOO 13-*FAROLIM TRÁS ESQ (1P);0;;
61;1540;103F20110100;1540;103F20110100;CATEGORIA0;;1;1;0;1;;LAND ROVER DISCOVERY 94-98*FAROLIM FRT DRT (AMARELO);LAND ROVER DISCOVERY 94-98*FAROLIM FRT DRT (AMARELO);0;;
61;1540;103F20110101;1540;103F20110101;CATEGORIA0;;1;1;0;1;;LAND ROVER DISCOVERY 94-98*FAROLIM FRT ESQ (AMARELO);LAND ROVER DISCOVERY 94-98*FAROLIM FRT ESQ (AMARELO);0;;
61;1540;103F20110130;1540;103F20110130;CATEGORIA0;;1;1;0;1;;ROVER 25 00-*FAROLIM P/CH FRT DRT;ROVER 25 00-*FAROLIM P/CH FRT DRT;0;;
61;1540;103F20110131;1540;103F20110131;CATEGORIA0;;1;1;0;1;;ROVER 25 00-*FAROLIM P/CH FRT ESQ;ROVER 25 00-*FAROLIM P/CH FRT ESQ;0;;
61;1540;103F21061210;1540;103F21061210;CATEGORIA0;;1;1;0;1;;SEAT IBIZA 91-*FAROLIM FRT DRT;SEAT IBIZA 91-*FAROLIM FRT DRT;0;;
61;1540;103F21061211;1540;103F21061211;CATEGORIA0;;1;1;0;1;;SEAT IBIZA 91-*FAROLIM FRT ESQ;SEAT IBIZA 91-*FAROLIM FRT ESQ;0;;
61;1540;103F21120770;1540;103F21120770;CATEGORIA0;;1;1;0;1;;SEAT IBIZA 99-*FAROLIM TRÁS DRT (CANTO);SEAT IBIZA 99-*FAROLIM TRÁS DRT (CANTO);0;;
61;1540;103F21120770TU;1540;103F21120770TU;CATEGORIA0;;1;1;0;1;;SEAT IBIZA 99-*KIT FAROLINS TRÁS (CANTO+MALA TUNING);SEAT IBIZA 99-*KIT FAROLINS TRÁS (CANTO+MALA TUNING);0;;
61;1540;103F21120771;1540;103F21120771;CATEGORIA0;;1;1;0;1;;SEAT IBIZA 99-*FAROLIM TRÁS ESQ (CANTO);SEAT IBIZA 99-*FAROLIM TRÁS ESQ (CANTO);0;;
61;1540;103F21120880;1540;103F21120880;CATEGORIA0;;1;1;0;1;;SEAT CORDOBA 99-*FAROLIM TRÁS DRT (CANTO);SEAT CORDOBA 99-*FAROLIM TRÁS DRT (CANTO);0;;
61;1540;103F21120881;1540;103F21120881;CATEGORIA0;;1;1;0;1;;SEAT CORDOBA 99-*FAROLIM TRÁS ESQ (CANTO);SEAT CORDOBA 99-*FAROLIM TRÁS ESQ (CANTO);0;;
61;1540;103F21120960;1540;103F21120960;CATEGORIA0;;1;1;0;1;;FAROLIM MATR. IBIZA 99-;FAROLIM MATR. IBIZA 99-;0;;
61;1540;103F21120962;1540;103F21120962;CATEGORIA0;;1;1;0;1;;SEAT IBIZA/ALTEA/LEON 99-*KIT(2 UNID)FAROLIM MATRICULA(LED);SEAT IBIZA/ALTEA/LEON 99-*KIT(2 UNID)FAROLIM MATRICULA(LED);0;;
61;1540;103F21130770;1540;103F21130770;CATEGORIA0;;1;1;0;1;;SEAT LEON 99-*FAROLIM TRÁS DRT (CANTO);SEAT LEON 99-*FAROLIM TRÁS DRT (CANTO);0;;
61;1540;103F21130771;1540;103F21130771;CATEGORIA0;;1;1;0;1;;SEAT LEON 99-*FAROLIM TRÁS ESQ (CANTO);SEAT LEON 99-*FAROLIM TRÁS ESQ (CANTO);0;;
61;1540;103F21131770;1540;103F21131770;CATEGORIA0;;1;1;0;1;;SEAT TOLEDO 99-*FAROLIM TRÁS DRT;SEAT TOLEDO 99-*FAROLIM TRÁS DRT;0;;
61;1540;103F21131771;1540;103F21131771;CATEGORIA0;;1;1;0;1;;SEAT TOLEDO 99-*FAROLIM TRÁS ESQ;SEAT TOLEDO 99-*FAROLIM TRÁS ESQ;0;;
61;1540;103F21171380;1540;103F21171380;CATEGORIA0;;1;1;0;1;;SEAT IBIZA 02-*REFLETOR DRT P/CH TRÁS (42X184X30);SEAT IBIZA 02-*REFLETOR DRT P/CH TRÁS (42X184X30);0;;
61;1540;103F21171381;1540;103F21171381;CATEGORIA0;;1;1;0;1;;SEAT IBIZA 02-*REFLETOR ESQ P/CH TRÁS (42X184X30);SEAT IBIZA 02-*REFLETOR ESQ P/CH TRÁS (42X184X30);0;;
61;1540;103F21171701;1540;103F21171701;CATEGORIA0;;1;1;0;1;;SEAT IBIZA/TOL/ALTEA 02-/LEON 04-*FAROLIM LATERAL;SEAT IBIZA/TOL/ALTEA 02-/LEON 04-*FAROLIM LATERAL;0;;
61;1540;103F21171702;1540;103F21171702;CATEGORIA0;;1;1;0;1;;SEAT IBIZA/TOL/ALTEA 02-/LEON 04-*FAROLIM LATERAL;SEAT IBIZA/TOL/ALTEA 02-/LEON 04-*FAROLIM LATERAL;0;;
61;1540;103F21171703;1540;103F21171703;CATEGORIA0;;1;1;0;1;;FAROLIM LATERAL;FAROLIM LATERAL;0;;
61;1540;103F21171710;1540;103F21171710;CATEGORIA0;;1;1;0;1;;SEAT IBIZA CUPRA 02-*FAROLIM TRÁS DRT CANTO;SEAT IBIZA CUPRA 02-*FAROLIM TRÁS DRT CANTO;0;;
61;1540;103F21171711;1540;103F21171711;CATEGORIA0;;1;1;0;1;;SEAT IBIZA CUPRA 02-*FAROLIM TRÁS ESQ (CANTO);SEAT IBIZA CUPRA 02-*FAROLIM TRÁS ESQ (CANTO);0;;
61;1540;103F21171771;1540;103F21171771;CATEGORIA0;;1;1;0;1;;SEAT IBIZA 02-*FAROLIM TRÁS ESQ CANTO;SEAT IBIZA 02-*FAROLIM TRÁS ESQ CANTO;0;;
61;1540;103F21191710;1540;103F21191710;CATEGORIA0;;1;1;0;1;;SEAT TOLEDO 04-*FAROLIM TRÁS DRT;SEAT TOLEDO 04-*FAROLIM TRÁS DRT;0;;
61;1540;103F21191711;1540;103F21191711;CATEGORIA0;;1;1;0;1;;SEAT TOLEDO 04-*FAROLIM TRÁS ESQ;SEAT TOLEDO 04-*FAROLIM TRÁS ESQ;0;;
61;1540;103F21191770;1540;103F21191770;CATEGORIA0;;1;1;0;1;;SEAT ALTEA 04-*FAROLIM TRÁS DRT;SEAT ALTEA 04-*FAROLIM TRÁS DRT;0;;
61;1540;103F21191771;1540;103F21191771;CATEGORIA0;;1;1;0;1;;SEAT ALTEA 04-*FAROLIM TRÁS ESQ;SEAT ALTEA 04-*FAROLIM TRÁS ESQ;0;;
61;1540;103F21210770;1540;103F21210770;CATEGORIA0;;1;1;0;1;;SEAT LEON 04-*FAROLIM TRÁS DRT CANTO;SEAT LEON 04-*FAROLIM TRÁS DRT CANTO;0;;
61;1540;103F21210771;1540;103F21210771;CATEGORIA0;;1;1;0;1;;SEAT LEON 04-*FAROLIM TRÁS ESQ CANTO;SEAT LEON 04-*FAROLIM TRÁS ESQ CANTO;0;;
61;1540;103F21210900;1540;103F21210900;CATEGORIA0;;1;1;0;1;;SEAT LEON 2005.05-*TERCEIRA LUZ STOP (LED);SEAT LEON 2005.05-*TERCEIRA LUZ STOP (LED);0;;
61;1540;103F21210901;1540;103F21210901;CATEGORIA0;;1;1;0;1;;SEAT LEON 2005.05-*TERCEIRA LUZ STOP (LED)(FUMADO);SEAT LEON 2005.05-*TERCEIRA LUZ STOP (LED)(FUMADO);0;;
61;1540;103F21220380;1540;103F21220380;CATEGORIA0;;1;1;0;1;;SEAT IBIZA 06-*REFLETOR DRT P/CH TRAS(36X166X35);SEAT IBIZA 06-*REFLETOR DRT P/CH TRAS(36X166X35);0;;
61;1540;103F21220381;1540;103F21220381;CATEGORIA0;;1;1;0;1;;SEAT IBIZA 06-*REFLETOR ESQ P/CH TRÁS (36X166X35);SEAT IBIZA 06-*REFLETOR ESQ P/CH TRÁS (36X166X35);0;;
61;1540;103F21241770;1540;103F21241770;CATEGORIA0;;1;1;0;1;;SEAT IBIZA 08-*FAROLIM TRÁS DRT (5P);SEAT IBIZA 08-*FAROLIM TRÁS DRT (5P);0;;
61;1540;103F21241771;1540;103F21241771;CATEGORIA0;;1;1;0;1;;SEAT IBIZA 08-*FAROLIM TRÁS ESQ 5P;SEAT IBIZA 08-*FAROLIM TRÁS ESQ 5P;0;;
61;1540;103F21241900;1540;103F21241900;CATEGORIA0;;1;1;0;1;;SEAT IBIZA/LEON 2008.03-*TERCEIRA LUZ STOP (LED);SEAT IBIZA/LEON 2008.03-*TERCEIRA LUZ STOP (LED);0;;
61;1540;103F21251772;1540;103F21251772;CATEGORIA0;;1;1;0;1;;SEAT LEON 09-*FAROLIM TRÁS DRT (LED MEIO);SEAT LEON 09-*FAROLIM TRÁS DRT (LED MEIO);0;;
61;1540;103F21251773;1540;103F21251773;CATEGORIA0;;1;1;0;1;;SEAT LEON 09-*FAROLIM TRÁS ESQ (LED MEIO);SEAT LEON 09-*FAROLIM TRÁS ESQ (LED MEIO);0;;
61;1540;103F21260770;1540;103F21260770;CATEGORIA0;;1;1;0;1;;SEAT EXEO 09-*FAROLIM TRÁS DRT (CANTO 4P);SEAT EXEO 09-*FAROLIM TRÁS DRT (CANTO 4P);0;;
61;1540;103F21260772;1540;103F21260772;CATEGORIA0;;1;1;0;1;;SEAT EXEO 11-*FAROLIM TRÁS DRT (CANTO 4P LED);SEAT EXEO 11-*FAROLIM TRÁS DRT (CANTO 4P LED);0;;
61;1540;103F21260774;1540;103F21260774;CATEGORIA0;;1;1;0;1;;FAROLIM FRT. ESQ. (MALA 4P LED);FAROLIM FRT. ESQ. (MALA 4P LED);0;;
61;1540;103F21260775;1540;103F21260775;CATEGORIA0;;1;1;0;1;;SEAT EXEO 11-*FAROLIM TRÁS ESQ (MALA 4P LED);SEAT EXEO 11-*FAROLIM TRÁS ESQ (MALA 4P LED);0;;
61;1540;103F21271900;1540;103F21271900;CATEGORIA0;;1;1;0;1;;SEAT ALTEA 2009.05-*TERCEIRA LUZ STOP (LED);SEAT ALTEA 2009.05-*TERCEIRA LUZ STOP (LED);0;;
61;1540;103F21320770;1540;103F21320770;CATEGORIA0;;1;1;0;1;;SEAT TOLEDO 12-*FAROLIM TRÁS DRT;SEAT TOLEDO 12-*FAROLIM TRÁS DRT;0;;
61;1540;103F21320771;1540;103F21320771;CATEGORIA0;;1;1;0;1;;SEAT TOLEDO 12-*FAROLIM TRÁS ESQ;SEAT TOLEDO 12-*FAROLIM TRÁS ESQ;0;;
61;1540;103F21330340;1540;103F21330340;CATEGORIA0;;1;1;0;1;;SEAT LEON 12-*FAROLIM LAT DRT LED (ESPELHO);SEAT LEON 12-*FAROLIM LAT DRT LED (ESPELHO);0;;
61;1540;103F21330341;1540;103F21330341;CATEGORIA0;;1;1;0;1;;SEAT LEON 12-*FAROLIM LAT ESQ LED (ESPELHO);SEAT LEON 12-*FAROLIM LAT ESQ LED (ESPELHO);0;;
61;1540;103F21330770;1540;103F21330770;CATEGORIA0;;1;1;0;1;;SEAT LEON 12-*FAROLIM TRÁS DRT (CANTO);SEAT LEON 12-*FAROLIM TRÁS DRT (CANTO);0;;
61;1540;103F21330771;1540;103F21330771;CATEGORIA0;;1;1;0;1;;SEAT LEON 12-*FAROLIM TRÁS ESQ (CANTO);SEAT LEON 12-*FAROLIM TRÁS ESQ (CANTO);0;;
61;1540;103F21330900;1540;103F21330900;CATEGORIA0;;1;1;0;1;;SEAT LEON 12-*TERCEIRA LUZ STOP(LED);SEAT LEON 12-*TERCEIRA LUZ STOP(LED);0;;
61;1540;103F21350340;1540;103F21350340;CATEGORIA0;;1;1;0;1;;SEAT ATECA 2016.04-*FAROLIM LAT DRT(ESPELHO);SEAT ATECA 2016.04-*FAROLIM LAT DRT(ESPELHO);0;;
61;1540;103F21350341;1540;103F21350341;CATEGORIA0;;1;1;0;1;;SEAT ATECA 2016.04-*FAROLIM LAT ESQ(ESPELHO);SEAT ATECA 2016.04-*FAROLIM LAT ESQ(ESPELHO);0;;
61;1540;103F21371770;1540;103F21371770;CATEGORIA0;;1;1;0;1;;SEAT IBIZA 17-*FAROLIM TRÁS DRT;SEAT IBIZA 17-*FAROLIM TRÁS DRT;0;;
61;1540;103F21371771;1540;103F21371771;CATEGORIA0;;1;1;0;1;;SEAT IBIZA 17-*FAROLIM TRÁS ESQ;SEAT IBIZA 17-*FAROLIM TRÁS ESQ;0;;
61;1540;103F21381770;1540;103F21381770;CATEGORIA0;;1;1;0;1;;SEAT ARONA 2017.07-*FAROLIM TRÁS DRT(P21W/PY21W);SEAT ARONA 2017.07-*FAROLIM TRÁS DRT(P21W/PY21W);0;;
61;1540;103F21381771;1540;103F21381771;CATEGORIA0;;1;1;0;1;;SEAT ARONA 2017.07-*FAROLIM TRÁS ESQ(P21W/PY21W);SEAT ARONA 2017.07-*FAROLIM TRÁS ESQ(P21W/PY21W);0;;
61;1540;103F22591210;1540;103F22591210;CATEGORIA0;;1;1;0;1;;SEAT AROSA 97-*FAROLIM FRT DRT;SEAT AROSA 97-*FAROLIM FRT DRT;0;;
61;1540;103F22591211;1540;103F22591211;CATEGORIA0;;1;1;0;1;;SEAT AROSA 97-*FAROLIM FRT ESQ.;SEAT AROSA 97-*FAROLIM FRT ESQ.;0;;
61;1540;103F23031130;1540;103F23031130;CATEGORIA0;;1;1;0;1;;VOLVO 345*FAROLIM FRT DRT;VOLVO 345*FAROLIM FRT DRT;0;;
61;1540;103F23042210;1540;103F23042210;CATEGORIA0;;1;1;0;1;;VOLVO 850 94-96*FAROLIM FRT DRT;VOLVO 850 94-96*FAROLIM FRT DRT;0;;
61;1540;103F23131770;1540;103F23131770;CATEGORIA0;;1;1;0;1;;VW POLO CLASSIC 97-*FAROLIM TRÁS DRT;VW POLO CLASSIC 97-*FAROLIM TRÁS DRT;0;;
61;1540;103F23131771;1540;103F23131771;CATEGORIA0;;1;1;0;1;;VW POLO CLASSIC 97-*FAROLIM TRÁS ESQ;VW POLO CLASSIC 97-*FAROLIM TRÁS ESQ;0;;
61;1540;103F23151510;1540;103F23151510;CATEGORIA0;;1;1;0;1;;VW PASSAT 88-*FAROLIM TRÁS DRT (SEDAN);VW PASSAT 88-*FAROLIM TRÁS DRT (SEDAN);0;;
61;1540;103F23151511;1540;103F23151511;CATEGORIA0;;1;1;0;1;;VW PASSAT 88-*FAROLIM TRÁS ESQ (SEDAN);VW PASSAT 88-*FAROLIM TRÁS ESQ (SEDAN);0;;
61;1540;103F23161130;1540;103F23161130;CATEGORIA0;;1;1;0;1;;VW PASSAT 93-*FAROLIM FRT DRT (FALSO);VW PASSAT 93-*FAROLIM FRT DRT (FALSO);0;;
61;1540;103F23161131;1540;103F23161131;CATEGORIA0;;1;1;0;1;;VW PASSAT 93-*FAROLIM FRT ESQ (FALSO);VW PASSAT 93-*FAROLIM FRT ESQ (FALSO);0;;
61;1540;103F23161210;1540;103F23161210;CATEGORIA0;;1;1;0;1;;VW PASSAT 93-*V/FAROLIM REFLETOR FRT DRT (DUPLO);VW PASSAT 93-*V/FAROLIM REFLETOR FRT DRT (DUPLO);0;;
61;1540;103F23161211;1540;103F23161211;CATEGORIA0;;1;1;0;1;;VW PASSAT 93-*V/FAROLIM REFLETOR FRT ESQ (DUPLO);VW PASSAT 93-*V/FAROLIM REFLETOR FRT ESQ (DUPLO);0;;
61;1540;103F23161230;1540;103F23161230;CATEGORIA0;;1;1;0;1;;VW PASSAT 93-*FAROLIM P/CH FRT DRT (BRANCO);VW PASSAT 93-*FAROLIM P/CH FRT DRT (BRANCO);0;;
61;1540;103F23161231;1540;103F23161231;CATEGORIA0;;1;1;0;1;;VW PASSAT 93-*FAROLIM P/CH FRT ESQ (BRANCO);VW PASSAT 93-*FAROLIM P/CH FRT ESQ (BRANCO);0;;
61;1540;103F23161780;1540;103F23161780;CATEGORIA0;;1;1;0;1;;VW PASSAT 93-*FAROLIM TRÁS DRT (4P VERMELHO/FUMADO);VW PASSAT 93-*FAROLIM TRÁS DRT (4P VERMELHO/FUMADO);0;;
61;1540;103F23171750;1540;103F23171750;CATEGORIA0;;1;1;0;1;;VW TRANSPORTER 90-*STOP DRT;VW TRANSPORTER 90-*STOP DRT;0;;
61;1540;103F23171751;1540;103F23171751;CATEGORIA0;;1;1;0;1;;VW TRANSPORTER 90-*STOP ESQ;VW TRANSPORTER 90-*STOP ESQ;0;;
61;1540;103F23191770;1540;103F23191770;CATEGORIA0;;1;1;0;1;;VW PASSAT 96-*FAROLIM TRÁS DRT (SW);VW PASSAT 96-*FAROLIM TRÁS DRT (SW);0;;
61;1540;103F23191771;1540;103F23191771;CATEGORIA0;;1;1;0;1;;VW PASSAT 96-*FAROLIM TRÁS ESQ (SW);VW PASSAT 96-*FAROLIM TRÁS ESQ (SW);0;;
61;1540;103F23191772;1540;103F23191772;CATEGORIA0;;1;1;0;1;;VW PASSAT 96-*FAROLIM TRÁS DRT (FUMADO/VERMELHO SW);VW PASSAT 96-*FAROLIM TRÁS DRT (FUMADO/VERMELHO SW);0;;
61;1540;103F23191960;1540;103F23191960;CATEGORIA0;;1;1;0;1;;PASSAT 96- FAROLIM MATRICULA;PASSAT 96- FAROLIM MATRICULA;0;;
61;1540;103F23221100;1540;103F23221100;CATEGORIA0;;1;1;0;1;;VW TRANSPORTER 97-*FAROLIM FRT DRT (BRANCO);VW TRANSPORTER 97-*FAROLIM FRT DRT (BRANCO);0;;
61;1540;103F23221101;1540;103F23221101;CATEGORIA0;;1;1;0;1;;VW TRANSPORTER 97-*FAROLIM FRT ESQ (BRANCO);VW TRANSPORTER 97-*FAROLIM FRT ESQ (BRANCO);0;;
61;1540;103F23221770;1540;103F23221770;CATEGORIA0;;1;1;0;1;;VW TRANSPORTER 97-*FAROLIM TR. DRT (VERM/FUMADO);VW TRANSPORTER 97-*FAROLIM TR. DRT (VERM/FUMADO);0;;
61;1540;103F23221771;1540;103F23221771;CATEGORIA0;;1;1;0;1;;VW TRANSPORTER 97-*FAROLIM TRÁS ESQ (VERMELHO/FUMADO);VW TRANSPORTER 97-*FAROLIM TRÁS ESQ (VERMELHO/FUMADO);0;;
61;1540;103F23221960;1540;103F23221960;CATEGORIA0;;1;1;0;1;;VW TRANSPORTER 90-*FAROLIM MATRICULA;VW TRANSPORTER 90-*FAROLIM MATRICULA;0;;
61;1540;103F23231110;1540;103F23231110;CATEGORIA0;;1;1;0;1;;VW LUPO 99-*FAROLIM FRT DRT;VW LUPO 99-*FAROLIM FRT DRT;0;;
61;1540;103F23231111;1540;103F23231111;CATEGORIA0;;1;1;0;1;;VW LUPO 99-*FAROLIM FRT ESQ;VW LUPO 99-*FAROLIM FRT ESQ;0;;
61;1540;103F23251770;1540;103F23251770;CATEGORIA0;;1;1;0;1;;VW BORA 98-*FAROLIM TRÁS DRT;VW BORA 98-*FAROLIM TRÁS DRT;0;;
61;1540;103F23251771;1540;103F23251771;CATEGORIA0;;1;1;0;1;;VW BORA 98-*FAROLIM TRÁS ESQ;VW BORA 98-*FAROLIM TRÁS ESQ;0;;
61;1540;103F23261750;1540;103F23261750;CATEGORIA0;;1;1;0;1;;VW PASSAT 00-*FAROLIM TRÁS DRT(SW);VW PASSAT 00-*FAROLIM TRÁS DRT(SW);0;;
61;1540;103F23261751;1540;103F23261751;CATEGORIA0;;1;1;0;1;;VW PASSAT 00-*FAROLIM TRÁS ESQ(SW);VW PASSAT 00-*FAROLIM TRÁS ESQ(SW);0;;
61;1540;103F23261770;1540;103F23261770;CATEGORIA0;;1;1;0;1;;FAROLIM  TRÁS DTO. VW PASSAT 00-;FAROLIM  TRÁS DTO. VW PASSAT 00-;0;;
61;1540;103F23261771;1540;103F23261771;CATEGORIA0;;1;1;0;1;;VW PASSAT 00-*FAROLIM TRÁS ESQ (AUTOMOVEL);VW PASSAT 00-*FAROLIM TRÁS ESQ (AUTOMOVEL);0;;
61;1540;103F23261960;1540;103F23261960;CATEGORIA0;;1;1;0;1;;FAROLIM MATRICULA;FAROLIM MATRICULA;0;;
61;1540;103F23261961;1540;103F23261961;CATEGORIA0;;1;1;0;1;;FAROLIM MATRICULA;FAROLIM MATRICULA;0;;
61;1540;103F23261962;1540;103F23261962;CATEGORIA0;;1;1;0;1;;VW PASSAT SW/TIGUAN 00-*KIT(2 UNID)FAROLIM MATRICULA(LED);VW PASSAT SW/TIGUAN 00-*KIT(2 UNID)FAROLIM MATRICULA(LED);0;;
61;1540;103F23261963;1540;103F23261963;CATEGORIA0;;1;1;0;1;;VW PASSAT 00-/SUPERB/TOURAN 00-*KIT(2 UNID)FAROLIM MATRICULA;VW PASSAT 00-/SUPERB/TOURAN 00-*KIT(2 UNID)FAROLIM MATRICULA;0;;
61;1540;103F23280770;1540;103F23280770;CATEGORIA0;;1;1;0;1;;VW POLO 02-*FAROLIM TRÁS DRT(VER+BRAN);VW POLO 02-*FAROLIM TRÁS DRT(VER+BRAN);0;;
61;1540;103F23280771;1540;103F23280771;CATEGORIA0;;1;1;0;1;;VW POLO 02-*FAROLIM TRÁS ESQ(VERM+BRA);VW POLO 02-*FAROLIM TRÁS ESQ(VERM+BRA);0;;
61;1540;103F23280772;1540;103F23280772;CATEGORIA0;;1;1;0;1;;VW POLO 02-*FAROLIM TRÁS DRT (VERMELHO+AMARELO);VW POLO 02-*FAROLIM TRÁS DRT (VERMELHO+AMARELO);0;;
61;1540;103F23280773;1540;103F23280773;CATEGORIA0;;1;1;0;1;;VW POLO 02-*FAROLIM TRÁS ESQ (VERMELHO+AMARELO);VW POLO 02-*FAROLIM TRÁS ESQ (VERMELHO+AMARELO);0;;
61;1540;103F23280900;1540;103F23280900;CATEGORIA0;;1;1;0;1;;VW POLO 2001.10-TERCEIRA LUZ STOP(LED);VW POLO 2001.10-TERCEIRA LUZ STOP(LED);0;;
61;1540;103F23290960;1540;103F23290960;CATEGORIA0;;1;1;0;1;;VW SHARAN/ALHAMBRA 00-*FAROLIM MATRICULA;VW SHARAN/ALHAMBRA 00-*FAROLIM MATRICULA;0;;
61;1540;103F23320340;1540;103F23320340;CATEGORIA0;;1;1;0;1;;VW GOLF V /PASS/SHAR 03-*FAROLIM LAT DRT(ESPELHO);VW GOLF V /PASS/SHAR 03-*FAROLIM LAT DRT(ESPELHO);0;;
61;1540;103F23320341;1540;103F23320341;CATEGORIA0;;1;1;0;1;;VW GOLF V /PASS/SHAR 03-*FAROLIM LAT ESQ(ESPELHO);VW GOLF V /PASS/SHAR 03-*FAROLIM LAT ESQ(ESPELHO);0;;
61;1540;103F23320342;1540;103F23320342;CATEGORIA0;;1;1;0;1;;VW GOLF V /PASS/SHAR 03-*KIT(2 UNID DRT/ESQ)FAROLIM LAT LED;VW GOLF V /PASS/SHAR 03-*KIT(2 UNID DRT/ESQ)FAROLIM LAT LED;0;;
61;1540;103F23320770;1540;103F23320770;CATEGORIA0;;1;1;0;1;;VW GOLF V SW 03-*FAROLIM TRÁS DRT;VW GOLF V SW 03-*FAROLIM TRÁS DRT;0;;
61;1540;103F23320771;1540;103F23320771;CATEGORIA0;;1;1;0;1;;VW GOLF V SW 03-*FAROLIM TRÁS ESQ;VW GOLF V SW 03-*FAROLIM TRÁS ESQ;0;;
61;1540;103F23320900;1540;103F23320900;CATEGORIA0;;1;1;0;1;;VW GOLF V/PASS B6 SW 03-*TERCEIRA LUZ STOP V/VERM/CORPO PRET;VW GOLF V/PASS B6 SW 03-*TERCEIRA LUZ STOP V/VERM/CORPO PRET;0;;
61;1540;103F23320901;1540;103F23320901;CATEGORIA0;;1;1;0;1;;VW GOLF V/PASS B6 SW 03-*TERCEIRA LUZ STOP V/VERM/CORPO VERM;VW GOLF V/PASS B6 SW 03-*TERCEIRA LUZ STOP V/VERM/CORPO VERM;0;;
61;1540;103F23320902;1540;103F23320902;CATEGORIA0;;1;1;0;1;;VW GOLF V/PASSAT B6 SW 03-*TERCEIRA LUZ STOP V/FUM/CORPO PRE;VW GOLF V/PASSAT B6 SW 03-*TERCEIRA LUZ STOP V/FUM/CORPO PRE;0;;
61;1540;103F23320960;1540;103F23320960;CATEGORIA0;;1;1;0;1;;VW GOLF V 03-* FAROLIM MATRICULA;VW GOLF V 03-* FAROLIM MATRICULA;0;;
61;1540;103F23340310;1540;103F23340310;CATEGORIA0;;1;1;0;1;;FAROLIM LATERAL;FAROLIM LATERAL;0;;
61;1540;103F23340770;1540;103F23340770;CATEGORIA0;;1;1;0;1;;VW CADDY 04-*FAROLIM TRÁS DRT;VW CADDY 04-*FAROLIM TRÁS DRT;0;;
61;1540;103F23340771;1540;103F23340771;CATEGORIA0;;1;1;0;1;;VW CADDY 04-*FAROLIM TRÁS ESQ;VW CADDY 04-*FAROLIM TRÁS ESQ;0;;
61;1540;103F23340900;1540;103F23340900;CATEGORIA0;;1;1;0;1;;VW CADDY 04-*TERCEIRA LUZ STOP(LED);VW CADDY 04-*TERCEIRA LUZ STOP(LED);0;;
61;1540;103F23340901;1540;103F23340901;CATEGORIA0;;1;1;0;1;;VW CADDY 04-*TERCEIRA LUZ STOP(LED)(FUMADO);VW CADDY 04-*TERCEIRA LUZ STOP(LED)(FUMADO);0;;
61;1540;103F23350380;1540;103F23350380;CATEGORIA0;;1;1;0;1;;VW TRANSPORTES 03- * REFLECTOR P/CH TRÁS DRT;VW TRANSPORTES 03- * REFLECTOR P/CH TRÁS DRT;0;;
61;1540;103F23350381;1540;103F23350381;CATEGORIA0;;1;1;0;1;;VW TRANSPORTES 03- * REFLECTOR P/CH TRÁS ESQ;VW TRANSPORTES 03- * REFLECTOR P/CH TRÁS ESQ;0;;
61;1540;103F23350710;1540;103F23350710;CATEGORIA0;;1;1;0;1;;VW TRANSPORTER 03-*FAROLIM TRA DRT AM 2P;VW TRANSPORTER 03-*FAROLIM TRA DRT AM 2P;0;;
61;1540;103F23350711;1540;103F23350711;CATEGORIA0;;1;1;0;1;;VW TRANSPORTER 03-*FAROLIM TRA ESQ AM 2P;VW TRANSPORTER 03-*FAROLIM TRA ESQ AM 2P;0;;
61;1540;103F23350750;1540;103F23350750;CATEGORIA0;;1;1;0;1;;VW TRANSPORTER 03-*FAROLIM TRÁS DRT (BRANCO 2P);VW TRANSPORTER 03-*FAROLIM TRÁS DRT (BRANCO 2P);0;;
61;1540;103F23350751;1540;103F23350751;CATEGORIA0;;1;1;0;1;;VW TRANSPORTER 03-*FAROLIM TRÁS ESQ (BRANCO 2P);VW TRANSPORTER 03-*FAROLIM TRÁS ESQ (BRANCO 2P);0;;
61;1540;103F23350770;1540;103F23350770;CATEGORIA0;;1;1;0;1;;VW TRANSPORTER 03-*FAROLIM TRÁS DRT (AMARELO 1P);VW TRANSPORTER 03-*FAROLIM TRÁS DRT (AMARELO 1P);0;;
61;1540;103F23350771;1540;103F23350771;CATEGORIA0;;1;1;0;1;;TRANSPORTER 03- FAROLIM TRÁS ESQ.;TRANSPORTER 03- FAROLIM TRÁS ESQ.;0;;
61;1540;103F23350780;1540;103F23350780;CATEGORIA0;;1;1;0;1;;VW TRANSPORTER 03-*FAROLIM TRÁS DRT (BRANCO 1P);VW TRANSPORTER 03-*FAROLIM TRÁS DRT (BRANCO 1P);0;;
61;1540;103F23350900;1540;103F23350900;CATEGORIA0;;1;1;0;1;;VW TRANSPORTER 03-*TERCEIRA LUZ STOP(1P LED);VW TRANSPORTER 03-*TERCEIRA LUZ STOP(1P LED);0;;
61;1540;103F23350901;1540;103F23350901;CATEGORIA0;;1;1;0;1;;VW TRANSPORTER 03-*TERCEIRA LUZ STOP DRT(2P LED);VW TRANSPORTER 03-*TERCEIRA LUZ STOP DRT(2P LED);0;;
61;1540;103F23350902;1540;103F23350902;CATEGORIA0;;1;1;0;1;;VW TRANSPORTER 03-*TERCEIRA LUZ STOP ESQ(2P LED);VW TRANSPORTER 03-*TERCEIRA LUZ STOP ESQ(2P LED);0;;
61;1540;103F23361340;1540;103F23361340;CATEGORIA0;;1;1;0;1;;VW TOURAN 03-*FAROLIM LAT DRT (ESPELHO);VW TOURAN 03-*FAROLIM LAT DRT (ESPELHO);0;;
61;1540;103F23361341;1540;103F23361341;CATEGORIA0;;1;1;0;1;;VW TOURAN 03-*FAROLIM LAT ESQ (ESPELHO);VW TOURAN 03-*FAROLIM LAT ESQ (ESPELHO);0;;
61;1540;103F23361750;1540;103F23361750;CATEGORIA0;;1;1;0;1;;VW TOURAN 03-*FAROLIM TRÁS DRT;VW TOURAN 03-*FAROLIM TRÁS DRT;0;;
61;1540;103F23361751;1540;103F23361751;CATEGORIA0;;1;1;0;1;;VW TOURAN 03-*FAROLIM TRÁS ESQ;VW TOURAN 03-*FAROLIM TRÁS ESQ;0;;
61;1540;103F23361900;1540;103F23361900;CATEGORIA0;;1;1;0;1;;VW TOURAN 03-10*TERCEIRA LUZ STOP;VW TOURAN 03-10*TERCEIRA LUZ STOP;0;;
61;1540;103F23361901;1540;103F23361901;CATEGORIA0;;1;1;0;1;;VW TOURAN 03-10*TERCEIRA LUZ STOP(FUMADO);VW TOURAN 03-10*TERCEIRA LUZ STOP(FUMADO);0;;
61;1540;103F23371750;1540;103F23371750;CATEGORIA0;;1;1;0;1;;VW FOX 05-*FAROLIM TRÁS DRT;VW FOX 05-*FAROLIM TRÁS DRT;0;;
61;1540;103F23371751;1540;103F23371751;CATEGORIA0;;1;1;0;1;;VW FOX 05-*FAROLIM TRÁS ESQ;VW FOX 05-*FAROLIM TRÁS ESQ;0;;
61;1540;103F23381770;1540;103F23381770;CATEGORIA0;;1;1;0;1;;VW JETTA 05-*FAROLIM TRÁS DRT (CANTO);VW JETTA 05-*FAROLIM TRÁS DRT (CANTO);0;;
61;1540;103F23381771;1540;103F23381771;CATEGORIA0;;1;1;0;1;;VW JETTA 05-*FAROLIM TRÁS ESQ (CANTO);VW JETTA 05-*FAROLIM TRÁS ESQ (CANTO);0;;
61;1540;103F23381772;1540;103F23381772;CATEGORIA0;;1;1;0;1;;VW JETTA 05-*FAROLIM TRÁS DRT (MALA);VW JETTA 05-*FAROLIM TRÁS DRT (MALA);0;;
61;1540;103F23381773;1540;103F23381773;CATEGORIA0;;1;1;0;1;;VW JETTA 05-*FAROLIM TRÁS ESQ (MALA);VW JETTA 05-*FAROLIM TRÁS ESQ (MALA);0;;
61;1540;103F23391340;1540;103F23391340;CATEGORIA0;;1;1;0;1;;POLO/OCTAVIA 05-09*FAROLIM LAT. DRT. ESP.;POLO/OCTAVIA 05-09*FAROLIM LAT. DRT. ESP.;0;;
61;1540;103F23391341;1540;103F23391341;CATEGORIA0;;1;1;0;1;;VW POLO/OCTAVIA 05-09*FAROLIM LAT. ESQ.;VW POLO/OCTAVIA 05-09*FAROLIM LAT. ESQ.;0;;
61;1540;103F23391770;1540;103F23391770;CATEGORIA0;;1;1;0;1;;VW POLO 05-*FAROLIM TRÁS DRT (VERMELHO);VW POLO 05-*FAROLIM TRÁS DRT (VERMELHO);0;;
61;1540;103F23391771;1540;103F23391771;CATEGORIA0;;1;1;0;1;;VW POLO 05-*FAROLIM TRÁS ESQ (VERMELHO);VW POLO 05-*FAROLIM TRÁS ESQ (VERMELHO);0;;
61;1540;103F23410200;1540;103F23410200;CATEGORIA0;;1;1;0;1;;VW PASSAT 05-*FAROLIM P/CH FRT DRT (AMARELO);VW PASSAT 05-*FAROLIM P/CH FRT DRT (AMARELO);0;;
61;1540;103F23410201;1540;103F23410201;CATEGORIA0;;1;1;0;1;;VW PASSAT 05-*FAROLIM P/CH FRT ESQ (AMARELO);VW PASSAT 05-*FAROLIM P/CH FRT ESQ (AMARELO);0;;
61;1540;103F23410210;1540;103F23410210;CATEGORIA0;;1;1;0;1;;VW PASSAT 05-*FAROLIM P/CH FRT DRT (BRANCO);VW PASSAT 05-*FAROLIM P/CH FRT DRT (BRANCO);0;;
61;1540;103F23410211;1540;103F23410211;CATEGORIA0;;1;1;0;1;;VW PASSAT 05-*FAROLIM P/CH FRT ESQ (BRANCO);VW PASSAT 05-*FAROLIM P/CH FRT ESQ (BRANCO);0;;
61;1540;103F23410770;1540;103F23410770;CATEGORIA0;;1;1;0;1;;VW PASSAT 05-*FAROLIM TRÁS DRT CANTO 4P(LED);VW PASSAT 05-*FAROLIM TRÁS DRT CANTO 4P(LED);0;;
61;1540;103F23410771;1540;103F23410771;CATEGORIA0;;1;1;0;1;;VW PASSAT 05-*FAROLIM TRÁS ESQ CANTO 4P(LED);VW PASSAT 05-*FAROLIM TRÁS ESQ CANTO 4P(LED);0;;
61;1540;103F23410772;1540;103F23410772;CATEGORIA0;;1;1;0;1;;VW PASSAT 05-*FAROLIM TRÁS DRT (MEIO 4P);VW PASSAT 05-*FAROLIM TRÁS DRT (MEIO 4P);0;;
61;1540;103F23410773;1540;103F23410773;CATEGORIA0;;1;1;0;1;;VW PASSAT 05-*FAROLIM TRÁS ESQ (MEIO 4P);VW PASSAT 05-*FAROLIM TRÁS ESQ (MEIO 4P);0;;
61;1540;103F23410774;1540;103F23410774;CATEGORIA0;;1;1;0;1;;VW PASSAT 05-*FAROLIM TRÁS DRT (CANTO 4P LED VERMELHO/FUMADO;VW PASSAT 05-*FAROLIM TRÁS DRT (CANTO 4P LED VERMELHO/FUMADO;0;;
61;1540;103F23410776;1540;103F23410776;CATEGORIA0;;1;1;0;1;;VW PASSAT 05-*FAROLIM TRÁS DRT (MEIO 4P VERMELHO FUMADO);VW PASSAT 05-*FAROLIM TRÁS DRT (MEIO 4P VERMELHO FUMADO);0;;
61;1540;103F23410777;1540;103F23410777;CATEGORIA0;;1;1;0;1;;VW PASSAT 05-*FAROLIM TRÁS ESQ (MEIO 4P VERMELHO FUMADO);VW PASSAT 05-*FAROLIM TRÁS ESQ (MEIO 4P VERMELHO FUMADO);0;;
61;1540;103F23410778;1540;103F23410778;CATEGORIA0;;1;1;0;1;;FAROLIM TRÁS DTO. MALA VW PASSAT 05-;FAROLIM TRÁS DTO. MALA VW PASSAT 05-;0;;
61;1540;103F23410779;1540;103F23410779;CATEGORIA0;;1;1;0;1;;PASSAT 05- FAROLIM TRÁS ESQ. (MEIO SW);PASSAT 05- FAROLIM TRÁS ESQ. (MEIO SW);0;;
61;1540;103F23410780;1540;103F23410780;CATEGORIA0;;1;1;0;1;;VW PASSAT 05-*FAROLIM TR DRT CANTO SW LED;VW PASSAT 05-*FAROLIM TR DRT CANTO SW LED;0;;
61;1540;103F23410781;1540;103F23410781;CATEGORIA0;;1;1;0;1;;VW PASSAT 05-*FAROLIM TRÁS ESQ (CANTO SW LED);VW PASSAT 05-*FAROLIM TRÁS ESQ (CANTO SW LED);0;;
61;1540;103F23410960;1540;103F23410960;CATEGORIA0;;1;1;0;1;;VW PASSAT SEDAN 05-*FAROLIM MATRICULA;VW PASSAT SEDAN 05-*FAROLIM MATRICULA;0;;
61;1540;103F23420770;1540;103F23420770;CATEGORIA0;;1;1;0;1;;VW GOLF PLUS 05-*FAROLIM TRÁS DRT(CANTO);VW GOLF PLUS 05-*FAROLIM TRÁS DRT(CANTO);0;;
61;1540;103F23420771;1540;103F23420771;CATEGORIA0;;1;1;0;1;;VW GOLF PLUS 05-*FAROLIM TRÁS ESQ(CANTO);VW GOLF PLUS 05-*FAROLIM TRÁS ESQ(CANTO);0;;
61;1540;103F23420772;1540;103F23420772;CATEGORIA0;;1;1;0;1;;VW GOLF PLUS 09-*FAROLIM TRÁS DRT (CANTO);VW GOLF PLUS 09-*FAROLIM TRÁS DRT (CANTO);0;;
61;1540;103F23420773;1540;103F23420773;CATEGORIA0;;1;1;0;1;;VW GOLF PLUS 09-*FAROLIM TRÁS ESQ (CANTO);VW GOLF PLUS 09-*FAROLIM TRÁS ESQ (CANTO);0;;
61;1540;103F23430770;1540;103F23430770;CATEGORIA0;;1;1;0;1;;VW CRAFTER 06-*FAROLIM TRÁS DRT;VW CRAFTER 06-*FAROLIM TRÁS DRT;0;;
61;1540;103F23430771;1540;103F23430771;CATEGORIA0;;1;1;0;1;;VW CRAFTER 06-*FAROLIM TRÁS ESQ;VW CRAFTER 06-*FAROLIM TRÁS ESQ;0;;
61;1540;103F23450770;1540;103F23450770;CATEGORIA0;;1;1;0;1;;FAROLIM TRÁS DTO.;FAROLIM TRÁS DTO.;0;;
61;1540;103F23450771;1540;103F23450771;CATEGORIA0;;1;1;0;1;;VW TOURAN 06-*FAROLIM TRÁS ESQ;VW TOURAN 06-*FAROLIM TRÁS ESQ;0;;
61;1540;103F23450772;1540;103F23450772;CATEGORIA0;;1;1;0;1;;VW TOURAN 06-*FAROLIM TRÁS DRT (BRANCO/FUMADO);VW TOURAN 06-*FAROLIM TRÁS DRT (BRANCO/FUMADO);0;;
61;1540;103F23450773;1540;103F23450773;CATEGORIA0;;1;1;0;1;;VW TOURAN 06-*FAROLIM TRÁS ESQ (BRANCO/FUMADO);VW TOURAN 06-*FAROLIM TRÁS ESQ (BRANCO/FUMADO);0;;
61;1540;103F23461340;1540;103F23461340;CATEGORIA0;;1;1;0;1;;VW GOLF 08-*FAROLIM LAT DRT (ESPELHO);VW GOLF 08-*FAROLIM LAT DRT (ESPELHO);0;;
61;1540;103F23461341;1540;103F23461341;CATEGORIA0;;1;1;0;1;;VW GOLF 08-*FAROLIM LAT ESQ (ESPELHO);VW GOLF 08-*FAROLIM LAT ESQ (ESPELHO);0;;
61;1540;103F23461342;1540;103F23461342;CATEGORIA0;;1;1;0;1;;FAROLIM DRT ESPELHO;FAROLIM DRT ESPELHO;0;;
61;1540;103F23461343;1540;103F23461343;CATEGORIA0;;1;1;0;1;;VW GOLF 08-*FAROLIM LAT ESQ C/LUZ CORTESIA (ESPELHO);VW GOLF 08-*FAROLIM LAT ESQ C/LUZ CORTESIA (ESPELHO);0;;
61;1540;103F23461380;1540;103F23461380;CATEGORIA0;;1;1;0;1;;VW GOLF 08-*REFLETOR P/CH TRÁS DRT;VW GOLF 08-*REFLETOR P/CH TRÁS DRT;0;;
61;1540;103F23461381;1540;103F23461381;CATEGORIA0;;1;1;0;1;;VW GOLF 08-*REFLETOR P/CH TRÁS ESQ;VW GOLF 08-*REFLETOR P/CH TRÁS ESQ;0;;
61;1540;103F23461710;1540;103F23461710;CATEGORIA0;;1;1;0;1;;VW GOLF SW 08-*FAROLIM TRÁS DRT;VW GOLF SW 08-*FAROLIM TRÁS DRT;0;;
61;1540;103F23461711;1540;103F23461711;CATEGORIA0;;1;1;0;1;;VW GOLF SW 08-*FAROLIM TRÁS ESQ;VW GOLF SW 08-*FAROLIM TRÁS ESQ;0;;
61;1540;103F23461770;1540;103F23461770;CATEGORIA0;;1;1;0;1;;VW GOLF 08-*FAROLIM TRÁS DRT (CANTO T/HELLA);VW GOLF 08-*FAROLIM TRÁS DRT (CANTO T/HELLA);0;;
61;1540;103F23461771;1540;103F23461771;CATEGORIA0;;1;1;0;1;;VW GOLF 08-*FAROLIM TRÁS ESQ (CANTO T/HELLA);VW GOLF 08-*FAROLIM TRÁS ESQ (CANTO T/HELLA);0;;
61;1540;103F23461772;1540;103F23461772;CATEGORIA0;;1;1;0;1;;VW GOLF 08-*FAROLIM TRÁS DRT (NEGRO CANTO T/HELLA);VW GOLF 08-*FAROLIM TRÁS DRT (NEGRO CANTO T/HELLA);0;;
61;1540;103F23461773;1540;103F23461773;CATEGORIA0;;1;1;0;1;;VW GOLF 08-*FAROLIM TRÁS ESQ (NEGRO CANTO T/HELLA);VW GOLF 08-*FAROLIM TRÁS ESQ (NEGRO CANTO T/HELLA);0;;
61;1540;103F23461774;1540;103F23461774;CATEGORIA0;;1;1;0;1;;VW GOLF 08-*FAROLIM TRÁS DRT (CANTO T/VALEO);VW GOLF 08-*FAROLIM TRÁS DRT (CANTO T/VALEO);0;;
61;1540;103F23461775;1540;103F23461775;CATEGORIA0;;1;1;0;1;;VW GOLF 08-*FAROLIM TRÁS ESQ (CANTO T/VALEO);VW GOLF 08-*FAROLIM TRÁS ESQ (CANTO T/VALEO);0;;
61;1540;103F23461778;1540;103F23461778;CATEGORIA0;;1;1;0;1;;VW GOLF 08-*FAROLIM TRÁS DTO;VW GOLF 08-*FAROLIM TRÁS DTO;0;;
61;1540;103F23461779;1540;103F23461779;CATEGORIA0;;1;1;0;1;;VW GOLF 08-*FAROLIM TRÁS ESQ (NEGRO MEIO T/HELLA);VW GOLF 08-*FAROLIM TRÁS ESQ (NEGRO MEIO T/HELLA);0;;
61;1540;103F23461780;1540;103F23461780;CATEGORIA0;;1;1;0;1;;VW GOLF 08-*FAROLIM TRÁS DRT (MEIO T/VALEO);VW GOLF 08-*FAROLIM TRÁS DRT (MEIO T/VALEO);0;;
61;1540;103F23461781;1540;103F23461781;CATEGORIA0;;1;1;0;1;;VW GOLF 08-*FAROLIM TRÁS ESQ (MEIO T/VALEO);VW GOLF 08-*FAROLIM TRÁS ESQ (MEIO T/VALEO);0;;
61;1540;103F23461782;1540;103F23461782;CATEGORIA0;;1;1;0;1;;VW GOLF 08 -*FAROLIM TRÁS DRT (CANTO LED GTI T/HELLA);VW GOLF 08 -*FAROLIM TRÁS DRT (CANTO LED GTI T/HELLA);0;;
61;1540;103F23461783;1540;103F23461783;CATEGORIA0;;1;1;0;1;;VW GOLF 08 -*FAROLIM TRÁS ESQ (CANTO LED GTI T/HELLA);VW GOLF 08 -*FAROLIM TRÁS ESQ (CANTO LED GTI T/HELLA);0;;
61;1540;103F23461784;1540;103F23461784;CATEGORIA0;;1;1;0;1;;VW GOLF 08 -*FAROLIM TRÁS DRT (MEIO LED GTI T/HELLA);VW GOLF 08 -*FAROLIM TRÁS DRT (MEIO LED GTI T/HELLA);0;;
61;1540;103F23461785;1540;103F23461785;CATEGORIA0;;1;1;0;1;;VW GOLF 08 -*FAROLIM TRÁS ESQ (MEIO LED GTI T/HELLA);VW GOLF 08 -*FAROLIM TRÁS ESQ (MEIO LED GTI T/HELLA);0;;
61;1540;103F23461960;1540;103F23461960;CATEGORIA0;;1;1;0;1;;VW GOLF VI SW/JETTA/PASSAT SW/TOURAN/IBIZA SW 2009.07-*FAROL;VW GOLF VI SW/JETTA/PASSAT SW/TOURAN/IBIZA SW 2009.07-*FAROL;0;;
61;1540;103F23461961;1540;103F23461961;CATEGORIA0;;1;1;0;1;;VW GOLF VI SW/JETTA/PASSAT SW/TOURAN/IBIZA SW 2009.07-*KIT(2;VW GOLF VI SW/JETTA/PASSAT SW/TOURAN/IBIZA SW 2009.07-*KIT(2;0;;
61;1540;103F23471340;1540;103F23471340;CATEGORIA0;;1;1;0;1;;VW POLO 09-*FAROLIM LAT DRT (ESPELHO);VW POLO 09-*FAROLIM LAT DRT (ESPELHO);0;;
61;1540;103F23471341;1540;103F23471341;CATEGORIA0;;1;1;0;1;;VW POLO 09-*FAROLIM LAT ESQ (ESPELHO);VW POLO 09-*FAROLIM LAT ESQ (ESPELHO);0;;
61;1540;103F23471770;1540;103F23471770;CATEGORIA0;;1;1;0;1;;VW POLO 09-*FAROLIM TR DRT;VW POLO 09-*FAROLIM TR DRT;0;;
61;1540;103F23471771;1540;103F23471771;CATEGORIA0;;1;1;0;1;;VW POLO 09-*FAROLIM TRÁS ESQ;VW POLO 09-*FAROLIM TRÁS ESQ;0;;
61;1540;103F23471900;1540;103F23471900;CATEGORIA0;;1;1;0;1;;VW GOLF VI H/B/GOLF PLUS 09-/POLO 09-*TERCEIRA LUZ STOP(LED);VW GOLF VI H/B/GOLF PLUS 09-/POLO 09-*TERCEIRA LUZ STOP(LED);0;;
61;1540;103F23491770;1540;103F23491770;CATEGORIA0;;1;1;0;1;;VW JETTA 11-*FAROLIM TRÁS DRT (CANTO 4P);VW JETTA 11-*FAROLIM TRÁS DRT (CANTO 4P);0;;
61;1540;103F23491771;1540;103F23491771;CATEGORIA0;;1;1;0;1;;VW JETTA 11-*FAROLIM TRÁS ESQ (CANTO 4P);VW JETTA 11-*FAROLIM TRÁS ESQ (CANTO 4P);0;;
61;1540;103F23491772;1540;103F23491772;CATEGORIA0;;1;1;0;1;;VW JETTA 11-*FAROLIM TRÁS DRT (MEIO 4P);VW JETTA 11-*FAROLIM TRÁS DRT (MEIO 4P);0;;
61;1540;103F23491773;1540;103F23491773;CATEGORIA0;;1;1;0;1;;VW JETTA 11-*FAROLIM TRÁS ESQ (MEIO 4P);VW JETTA 11-*FAROLIM TRÁS ESQ (MEIO 4P);0;;
61;1540;103F23501770;1540;103F23501770;CATEGORIA0;;1;1;0;1;;VW CADDY 10-*FAROLIM TRÁS DRT (1P);VW CADDY 10-*FAROLIM TRÁS DRT (1P);0;;
61;1540;103F23501771;1540;103F23501771;CATEGORIA0;;1;1;0;1;;VW CADDY 10-*FAROLIM TRÁS ESQ (1P);VW CADDY 10-*FAROLIM TRÁS ESQ (1P);0;;
61;1540;103F23501772;1540;103F23501772;CATEGORIA0;;1;1;0;1;;FAROLIM TRÁS DTO. (2P) VW CADDY 10-;FAROLIM TRÁS DTO. (2P) VW CADDY 10-;0;;
61;1540;103F23501773;1540;103F23501773;CATEGORIA0;;1;1;0;1;;VW CADDY 10-*FAROLIM TRÁS ESQ (2P);VW CADDY 10-*FAROLIM TRÁS ESQ (2P);0;;
61;1540;103F23501774;1540;103F23501774;CATEGORIA0;;1;1;0;1;;VW CADDY 10-*FAROLIM TRÁS DRT (1P FUMADO);VW CADDY 10-*FAROLIM TRÁS DRT (1P FUMADO);0;;
61;1540;103F23501775;1540;103F23501775;CATEGORIA0;;1;1;0;1;;VW CADDY 10-*FAROLIM TRÁS ESQ (1P FUMADO);VW CADDY 10-*FAROLIM TRÁS ESQ (1P FUMADO);0;;
61;1540;103F23501776;1540;103F23501776;CATEGORIA0;;1;1;0;1;;VW CADDY 10-*FAROLIM TRÁS DRT (2P FUMADO);VW CADDY 10-*FAROLIM TRÁS DRT (2P FUMADO);0;;
61;1540;103F23501777;1540;103F23501777;CATEGORIA0;;1;1;0;1;;VW CADDY 10-*FAROLIM TRÁS ESQ (2P FUMADO);VW CADDY 10-*FAROLIM TRÁS ESQ (2P FUMADO);0;;
61;1540;103F23510770;1540;103F23510770;CATEGORIA0;;1;1;0;1;;FAROLIM TRÁS DTO PASSAT 4P;FAROLIM TRÁS DTO PASSAT 4P;0;;
61;1540;103F23510771;1540;103F23510771;CATEGORIA0;;1;1;0;1;;VW PASSAT 10-*FAROLIM TRÁS ESQ (4P);VW PASSAT 10-*FAROLIM TRÁS ESQ (4P);0;;
61;1540;103F23510772;1540;103F23510772;CATEGORIA0;;1;1;0;1;;VW PASSAT 10-*FAROLIM TRÁS DRT (4P I/NEGRO);VW PASSAT 10-*FAROLIM TRÁS DRT (4P I/NEGRO);0;;
61;1540;103F23510773;1540;103F23510773;CATEGORIA0;;1;1;0;1;;VW PASSAT 10-*FAROLIM TRÁS ESQ (4P I/NEGRO);VW PASSAT 10-*FAROLIM TRÁS ESQ (4P I/NEGRO);0;;
61;1540;103F23510774;1540;103F23510774;CATEGORIA0;;1;1;0;1;;VW PASSAT 10-*FAROLIM TRÁS DRT (SW);VW PASSAT 10-*FAROLIM TRÁS DRT (SW);0;;
61;1540;103F23510775;1540;103F23510775;CATEGORIA0;;1;1;0;1;;VW PASSAT 10-*FAROLIM TRÁS ESQ (SW);VW PASSAT 10-*FAROLIM TRÁS ESQ (SW);0;;
61;1540;103F23510778;1540;103F23510778;CATEGORIA0;;1;1;0;1;;VW PASSAT 10-*FAROLIM TRÁS DRT (4P MALA);VW PASSAT 10-*FAROLIM TRÁS DRT (4P MALA);0;;
61;1540;103F23510779;1540;103F23510779;CATEGORIA0;;1;1;0;1;;VW PASSAT 10-*FAROLIM TRÁS ESQ (4P MALA);VW PASSAT 10-*FAROLIM TRÁS ESQ (4P MALA);0;;
61;1540;103F23520770;1540;103F23520770;CATEGORIA0;;1;1;0;1;;VW TRANSPORTER T5 10-*FAROLIM TRÁS DRT (1P);VW TRANSPORTER T5 10-*FAROLIM TRÁS DRT (1P);0;;
61;1540;103F23520771;1540;103F23520771;CATEGORIA0;;1;1;0;1;;VW TRANSPORTER T5 10-*FAROLIM TRÁS ESQ (1P);VW TRANSPORTER T5 10-*FAROLIM TRÁS ESQ (1P);0;;
61;1540;103F23520772;1540;103F23520772;CATEGORIA0;;1;1;0;1;;VW TRANSPORTER T5 10-*FAROLIM TRÁS DRT (FUMADO 1P);VW TRANSPORTER T5 10-*FAROLIM TRÁS DRT (FUMADO 1P);0;;
61;1540;103F23520773;1540;103F23520773;CATEGORIA0;;1;1;0;1;;VW TRANSPORTER T5 10-*FAROLIM TRÁS ESQ (FUMADO 1P);VW TRANSPORTER T5 10-*FAROLIM TRÁS ESQ (FUMADO 1P);0;;
61;1540;103F23530770;1540;103F23530770;CATEGORIA0;;1;1;0;1;;VW TOURAN 10-*FAROLIM TRÁS DRT (CANTO);VW TOURAN 10-*FAROLIM TRÁS DRT (CANTO);0;;
61;1540;103F23530771;1540;103F23530771;CATEGORIA0;;1;1;0;1;;VW TOURAN 10-*FAROLIM TRÁS ESQ (CANTO);VW TOURAN 10-*FAROLIM TRÁS ESQ (CANTO);0;;
61;1540;103F23530900;1540;103F23530900;CATEGORIA0;;1;1;0;1;;VW TOURAN 11-/GOLF SPORTSVAN 14-/SHARAN-*TERCEIRA LUZ STOP(L;VW TOURAN 11-/GOLF SPORTSVAN 14-/SHARAN-*TERCEIRA LUZ STOP(L;0;;
61;1540;103F23541770;1540;103F23541770;CATEGORIA0;;1;1;0;1;;VW SHARAN 10-*FAROLIM TRÁS DRT (CANTO);VW SHARAN 10-*FAROLIM TRÁS DRT (CANTO);0;;
61;1540;103F23541771;1540;103F23541771;CATEGORIA0;;1;1;0;1;;VW SHARAN 10-*FAROLIM TRÁS ESQ (CANTO);VW SHARAN 10-*FAROLIM TRÁS ESQ (CANTO);0;;
61;1540;103F23550770;1540;103F23550770;CATEGORIA0;;1;1;0;1;;VW TOUAREG 02-/08-*FAROLIM TRÁS DRT (CANTO);VW TOUAREG 02-/08-*FAROLIM TRÁS DRT (CANTO);0;;
61;1540;103F23550771;1540;103F23550771;CATEGORIA0;;1;1;0;1;;VW TOUAREG 02-/08-*FAROLIM TRÁS ESQ (CANTO);VW TOUAREG 02-/08-*FAROLIM TRÁS ESQ (CANTO);0;;
61;1540;103F23550900;1540;103F23550900;CATEGORIA0;;1;1;0;1;;VW TOUAREG 02-/08-*TERCEIRA LUZ STOP(LED);VW TOUAREG 02-/08-*TERCEIRA LUZ STOP(LED);0;;
61;1540;103F23560770;1540;103F23560770;CATEGORIA0;;1;1;0;1;;VW UP 12-*FAROLIM TRÁS DRT;VW UP 12-*FAROLIM TRÁS DRT;0;;
61;1540;103F23560771;1540;103F23560771;CATEGORIA0;;1;1;0;1;;VW UP 12-*FAROLIM TRÁS ESQ;VW UP 12-*FAROLIM TRÁS ESQ;0;;
61;1540;103F23570340;1540;103F23570340;CATEGORIA0;;1;1;0;1;;VW TIGUAN/YETI 08-*FAROLIM LATERAL DRT (ESPELHO);VW TIGUAN/YETI 08-*FAROLIM LATERAL DRT (ESPELHO);0;;
61;1540;103F23570341;1540;103F23570341;CATEGORIA0;;1;1;0;1;;VW TIGUAN/YETI 08-*FAROLIM LATERAL ESQ (ESPELHO);VW TIGUAN/YETI 08-*FAROLIM LATERAL ESQ (ESPELHO);0;;
61;1540;103F23570380;1540;103F23570380;CATEGORIA0;;1;1;0;1;;VW TIGUAN 08-*REFLETOR P/CH TRÁS DRT;VW TIGUAN 08-*REFLETOR P/CH TRÁS DRT;0;;
61;1540;103F23570381;1540;103F23570381;CATEGORIA0;;1;1;0;1;;VW TIGUAN 08-*REFLETOR P/CH TRÁS ESQ;VW TIGUAN 08-*REFLETOR P/CH TRÁS ESQ;0;;
61;1540;103F23570770;1540;103F23570770;CATEGORIA0;;1;1;0;1;;VW TIGUAN 08-*FAROLIM TRÁS DRT (CANTO);VW TIGUAN 08-*FAROLIM TRÁS DRT (CANTO);0;;
61;1540;103F23570771;1540;103F23570771;CATEGORIA0;;1;1;0;1;;VW TIGUAN 08-*FAROLIM TRÁS ESQ (CANTO);VW TIGUAN 08-*FAROLIM TRÁS ESQ (CANTO);0;;
61;1540;103F23570772;1540;103F23570772;CATEGORIA0;;1;1;0;1;;VW TIGUAN 08-*FAROLIM TRÁS DRT (MEIO);VW TIGUAN 08-*FAROLIM TRÁS DRT (MEIO);0;;
61;1540;103F23570773;1540;103F23570773;CATEGORIA0;;1;1;0;1;;VW TIGUAN 08-*FAROLIM TRÁS ESQ (MEIO);VW TIGUAN 08-*FAROLIM TRÁS ESQ (MEIO);0;;
61;1540;103F23581130;1540;103F23581130;CATEGORIA0;;1;1;0;1;;VW PASSAT CC 08-*FAROLIM P/CH FRT DRT (BRANCO);VW PASSAT CC 08-*FAROLIM P/CH FRT DRT (BRANCO);0;;
61;1540;103F23581131;1540;103F23581131;CATEGORIA0;;1;1;0;1;;VW PASSAT CC 08-*FAROLIM P/CH FRT ESQ (BRANCO);VW PASSAT CC 08-*FAROLIM P/CH FRT ESQ (BRANCO);0;;
61;1540;103F23581340;1540;103F23581340;CATEGORIA0;;1;1;0;1;;VW PASSAT CC 08-*FAROLIM LAT DRT C/LUZ CORTESIA (ESPELHO);VW PASSAT CC 08-*FAROLIM LAT DRT C/LUZ CORTESIA (ESPELHO);0;;
61;1540;103F23581341;1540;103F23581341;CATEGORIA0;;1;1;0;1;;VW PASSAT CC 08-*FAROLIM LAT ESQ C/LUZ CORTESIA (ESPELHO);VW PASSAT CC 08-*FAROLIM LAT ESQ C/LUZ CORTESIA (ESPELHO);0;;
61;1540;103F23581342;1540;103F23581342;CATEGORIA0;;1;1;0;1;;VW PASSAT CC 08-*FAROLIM LAT DRT (ESPELHO);VW PASSAT CC 08-*FAROLIM LAT DRT (ESPELHO);0;;
61;1540;103F23581343;1540;103F23581343;CATEGORIA0;;1;1;0;1;;FAROLIM LAT ESQ. VW PASSAT CC 08-;FAROLIM LAT ESQ. VW PASSAT CC 08-;0;;
61;1540;103F23581770;1540;103F23581770;CATEGORIA0;;1;1;0;1;;VW PASSAT CC 08-*FAROLIM TRÁS DRT;VW PASSAT CC 08-*FAROLIM TRÁS DRT;0;;
61;1540;103F23581771;1540;103F23581771;CATEGORIA0;;1;1;0;1;;VW PASSAT CC 08-*FAROLIM TRÁS ESQ;VW PASSAT CC 08-*FAROLIM TRÁS ESQ;0;;
61;1540;103F23591770;1540;103F23591770;CATEGORIA0;;1;1;0;1;;VW PASSAT CC 2012.02-*FAROLIM TRÁS DRT(LED/PY21W);VW PASSAT CC 2012.02-*FAROLIM TRÁS DRT(LED/PY21W);0;;
61;1540;103F23591771;1540;103F23591771;CATEGORIA0;;1;1;0;1;;VW PASSAT CC 2012.02-*FAROLIM TRÁS ESQ(LED/PY21W);VW PASSAT CC 2012.02-*FAROLIM TRÁS ESQ(LED/PY21W);0;;
61;1540;103F23610770;1540;103F23610770;CATEGORIA0;;1;1;0;1;;VW TIGUAN 11-*FAROLIM TRÁS DRT;VW TIGUAN 11-*FAROLIM TRÁS DRT;0;;
61;1540;103F23610771;1540;103F23610771;CATEGORIA0;;1;1;0;1;;VW TIGUAN 11-*FAROLIM TRÁS ESQ;VW TIGUAN 11-*FAROLIM TRÁS ESQ;0;;
61;1540;103F23620340;1540;103F23620340;CATEGORIA0;;1;1;0;1;;GOLF VII 13- FAROLIM LATERAL DTO.;GOLF VII 13- FAROLIM LATERAL DTO.;0;;
61;1540;103F23620341;1540;103F23620341;CATEGORIA0;;1;1;0;1;;VW GOLF VII 13-*FAROLIM LAT ESQ(ESPELHO);VW GOLF VII 13-*FAROLIM LAT ESQ(ESPELHO);0;;
61;1540;103F23620770;1540;103F23620770;CATEGORIA0;;1;1;0;1;;FAROLIM TRÁS DTO.;FAROLIM TRÁS DTO.;0;;
61;1540;103F23620771;1540;103F23620771;CATEGORIA0;;1;1;0;1;;VW GOLF VII 13-*FAROLIM TRÁS ESQ (CANTO T/VALEO);VW GOLF VII 13-*FAROLIM TRÁS ESQ (CANTO T/VALEO);0;;
61;1540;103F23620772;1540;103F23620772;CATEGORIA0;;1;1;0;1;;VW GOLF VII 13-*FAROLIM TRÁS DRT (CANTO NEGRO T/VALEO);VW GOLF VII 13-*FAROLIM TRÁS DRT (CANTO NEGRO T/VALEO);0;;
61;1540;103F23620773;1540;103F23620773;CATEGORIA0;;1;1;0;1;;VW GOLF VII 13-*FAROLIM TRÁS ESQ (CANTO NEGRO T/VALEO);VW GOLF VII 13-*FAROLIM TRÁS ESQ (CANTO NEGRO T/VALEO);0;;
61;1540;103F23620774;1540;103F23620774;CATEGORIA0;;1;1;0;1;;VW GOLF VII 13-*FAROLIM TRÁS DRT (MEIO T/VALEO);VW GOLF VII 13-*FAROLIM TRÁS DRT (MEIO T/VALEO);0;;
61;1540;103F23620775;1540;103F23620775;CATEGORIA0;;1;1;0;1;;VW GOLF VII 13-*FAROLIM TRÁS ESQ (MEIO T/VALEO);VW GOLF VII 13-*FAROLIM TRÁS ESQ (MEIO T/VALEO);0;;
61;1540;103F23620776;1540;103F23620776;CATEGORIA0;;1;1;0;1;;VW GOLF VII 13-*FAROLIM TRÁS DRT (MEIO NEGRO T/VALEO);VW GOLF VII 13-*FAROLIM TRÁS DRT (MEIO NEGRO T/VALEO);0;;
61;1540;103F23620777;1540;103F23620777;CATEGORIA0;;1;1;0;1;;VW GOLF VII 13-*FAROLIM TRÁS ESQ (MEIO NEGRO T/VALEO);VW GOLF VII 13-*FAROLIM TRÁS ESQ (MEIO NEGRO T/VALEO);0;;
61;1540;103F23620778;1540;103F23620778;CATEGORIA0;;1;1;0;1;;VW GOLF VII 13-*FAROLIM TRÁS DRT (CANTO LED GTI);VW GOLF VII 13-*FAROLIM TRÁS DRT (CANTO LED GTI);0;;
61;1540;103F23620779;1540;103F23620779;CATEGORIA0;;1;1;0;1;;VW GOLF VII 13-*FAROLIM TRÁS ESQ (CANTO LED GTI);VW GOLF VII 13-*FAROLIM TRÁS ESQ (CANTO LED GTI);0;;
61;1540;103F23620780;1540;103F23620780;CATEGORIA0;;1;1;0;1;;VW GOLF VII 13-*FAROLIM TRÁS DRT (CANTO LED GTI ESCURO);VW GOLF VII 13-*FAROLIM TRÁS DRT (CANTO LED GTI ESCURO);0;;
61;1540;103F23620781;1540;103F23620781;CATEGORIA0;;1;1;0;1;;VW GOLF VII 13-*FAROLIM TRÁS ESQ (CANTO LED GTI ESCURO);VW GOLF VII 13-*FAROLIM TRÁS ESQ (CANTO LED GTI ESCURO);0;;
61;1540;103F23620782;1540;103F23620782;CATEGORIA0;;1;1;0;1;;VW GOLF VII 13-*FAROLIM TRÁS DRT (CANTO SW);VW GOLF VII 13-*FAROLIM TRÁS DRT (CANTO SW);0;;
61;1540;103F23620783;1540;103F23620783;CATEGORIA0;;1;1;0;1;;VW GOLF VII 13-*FAROLIM TRÁS ESQ (CANTO SW);VW GOLF VII 13-*FAROLIM TRÁS ESQ (CANTO SW);0;;
61;1540;103F23620784;1540;103F23620784;CATEGORIA0;;1;1;0;1;;VW GOLF VII 13-*FAROLIM TRÁS DRT (CANTO SW I/ESCURO);VW GOLF VII 13-*FAROLIM TRÁS DRT (CANTO SW I/ESCURO);0;;
61;1540;103F23620785;1540;103F23620785;CATEGORIA0;;1;1;0;1;;VW GOLF VII 13-*FAROLIM TRÁS ESQ (CANTO SW I/ESCURO);VW GOLF VII 13-*FAROLIM TRÁS ESQ (CANTO SW I/ESCURO);0;;
61;1540;103F23620960;1540;103F23620960;CATEGORIA0;;1;1;0;1;;VW GOLF VII-*FAROLIM MATRICULA;VW GOLF VII-*FAROLIM MATRICULA;0;;
61;1540;103F23620962;1540;103F23620962;CATEGORIA0;;1;1;0;1;;VW GOLF VII 13-*KIT(2 UNID)FAROLIM MATRICULA(LED);VW GOLF VII 13-*KIT(2 UNID)FAROLIM MATRICULA(LED);0;;
61;1540;103F23631770;1540;103F23631770;CATEGORIA0;;1;1;0;1;;VW POLO 14-*FAROLIM TRÁS DRT;VW POLO 14-*FAROLIM TRÁS DRT;0;;
61;1540;103F23631771;1540;103F23631771;CATEGORIA0;;1;1;0;1;;VW POLO 14-*FAROLIM TRÁS ESQ;VW POLO 14-*FAROLIM TRÁS ESQ;0;;
61;1540;103F23631772;1540;103F23631772;CATEGORIA0;;1;1;0;1;;VW POLO 14-*FAROLIM TRÁS DRT (ESCURO);VW POLO 14-*FAROLIM TRÁS DRT (ESCURO);0;;
61;1540;103F23631773;1540;103F23631773;CATEGORIA0;;1;1;0;1;;VW POLO 14-*FAROLIM TRÁS ESQ (ESCURO);VW POLO 14-*FAROLIM TRÁS ESQ (ESCURO);0;;
61;1540;103F23641340;1540;103F23641340;CATEGORIA0;;1;1;0;1;;VW PASSAT 15-*FAROLIM LAT DRT (ESPELHO);VW PASSAT 15-*FAROLIM LAT DRT (ESPELHO);0;;
61;1540;103F23641341;1540;103F23641341;CATEGORIA0;;1;1;0;1;;VW PASSAT 15-*FAROLIM LAT ESQ (ESPELHO);VW PASSAT 15-*FAROLIM LAT ESQ (ESPELHO);0;;
61;1540;103F23641380;1540;103F23641380;CATEGORIA0;;1;1;0;1;;VW PASSAT 15-*REFLETOR DRT P/CH TRÁS;VW PASSAT 15-*REFLETOR DRT P/CH TRÁS;0;;
61;1540;103F23641381;1540;103F23641381;CATEGORIA0;;1;1;0;1;;VW PASSAT 15-*REFLETOR ESQ P/CH TRÁS;VW PASSAT 15-*REFLETOR ESQ P/CH TRÁS;0;;
61;1540;103F23641770;1540;103F23641770;CATEGORIA0;;1;1;0;1;;VW PASSAT 15-*FAROLIM TRÁS DRT (SEDAN CANTO LED);VW PASSAT 15-*FAROLIM TRÁS DRT (SEDAN CANTO LED);0;;
61;1540;103F23641771;1540;103F23641771;CATEGORIA0;;1;1;0;1;;VW PASSAT 15-*FAROLIM TRÁS ESQ (SEDAN CANTO LED);VW PASSAT 15-*FAROLIM TRÁS ESQ (SEDAN CANTO LED);0;;
61;1540;103F23641772;1540;103F23641772;CATEGORIA0;;1;1;0;1;;VW PASSAT 15-*FAROLIM TRÁS DRT (SW CANTO LED);VW PASSAT 15-*FAROLIM TRÁS DRT (SW CANTO LED);0;;
61;1540;103F23641773;1540;103F23641773;CATEGORIA0;;1;1;0;1;;VW PASSAT 15-*FAROLIM TRÁS ESQ (SW CANTO LED);VW PASSAT 15-*FAROLIM TRÁS ESQ (SW CANTO LED);0;;
61;1540;103F23650340;1540;103F23650340;CATEGORIA0;;1;1;0;1;;VW TOUAREG 08-*FAROLIM LAT DRT (ESPELHO);VW TOUAREG 08-*FAROLIM LAT DRT (ESPELHO);0;;
61;1540;103F23650341;1540;103F23650341;CATEGORIA0;;1;1;0;1;;VW TOUAREG 08-*FAROLIM LAT ESQ (ESPELHO);VW TOUAREG 08-*FAROLIM LAT ESQ (ESPELHO);0;;
61;1540;103F23650772;1540;103F23650772;CATEGORIA0;;1;1;0;1;;VW TOUAREG 08-*FAROLIM TRÁS DRT (CANTO FUMADO);VW TOUAREG 08-*FAROLIM TRÁS DRT (CANTO FUMADO);0;;
61;1540;103F23650773;1540;103F23650773;CATEGORIA0;;1;1;0;1;;VW TOUAREG 08-*FAROLIM TRÁS ESQ (CANTO FUMADO);VW TOUAREG 08-*FAROLIM TRÁS ESQ (CANTO FUMADO);0;;
61;1540;103F23661380;1540;103F23661380;CATEGORIA0;;1;1;0;1;;VW TOUAREG 10-*FAROLIM NEVOEIRO TRÁS DRT;VW TOUAREG 10-*FAROLIM NEVOEIRO TRÁS DRT;0;;
61;1540;103F23661381;1540;103F23661381;CATEGORIA0;;1;1;0;1;;VW TOUAREG 10-*FAROLIM NEVOEIRO TRÁS ESQ;VW TOUAREG 10-*FAROLIM NEVOEIRO TRÁS ESQ;0;;
61;1540;103F23671380;1540;103F23671380;CATEGORIA0;;1;1;0;1;;VW TRANSPORTER T6 2015.09-*REFLETOR P/CH TRÁS DRT(VERSAO 1 P;VW TRANSPORTER T6 2015.09-*REFLETOR P/CH TRÁS DRT(VERSAO 1 P;0;;
61;1540;103F23671381;1540;103F23671381;CATEGORIA0;;1;1;0;1;;VW TRANSPORTER T6 2015.09-*REFLETOR P/CH TRÁS ESQ(VERSAO 1 P;VW TRANSPORTER T6 2015.09-*REFLETOR P/CH TRÁS ESQ(VERSAO 1 P;0;;
61;1540;103F23671382;1540;103F23671382;CATEGORIA0;;1;1;0;1;;VW TRANSPORTER T6 2015.09-*REFLETOR P/CH TRÁS DRT(VERSAO 2 P;VW TRANSPORTER T6 2015.09-*REFLETOR P/CH TRÁS DRT(VERSAO 2 P;0;;
61;1540;103F23671383;1540;103F23671383;CATEGORIA0;;1;1;0;1;;VW TRANSPORTER T6 2015.09-*REFLETOR P/CH TRÁS ESQ(VERSAO 2 P;VW TRANSPORTER T6 2015.09-*REFLETOR P/CH TRÁS ESQ(VERSAO 2 P;0;;
61;1540;103F23671770;1540;103F23671770;CATEGORIA0;;1;1;0;1;;VW TRANSPORTER 16-*FAROLIM TRÁS DRT (1P);VW TRANSPORTER 16-*FAROLIM TRÁS DRT (1P);0;;
61;1540;103F23671771;1540;103F23671771;CATEGORIA0;;1;1;0;1;;VW TRANSPORTER 16-*FAROLIM TRÁS ESQ (1P);VW TRANSPORTER 16-*FAROLIM TRÁS ESQ (1P);0;;
61;1540;103F23671772;1540;103F23671772;CATEGORIA0;;1;1;0;1;;VW TRANSPORTER 16-*FAROLIM TRÁS DRT (2P);VW TRANSPORTER 16-*FAROLIM TRÁS DRT (2P);0;;
61;1540;103F23671773;1540;103F23671773;CATEGORIA0;;1;1;0;1;;VW TRANSPORTER 16-*FAROLIM TRÁS ESQ (2P);VW TRANSPORTER 16-*FAROLIM TRÁS ESQ (2P);0;;
61;1540;103F23671900;1540;103F23671900;CATEGORIA0;;1;1;0;1;;VW TRANSPORTER T6 2015.09-*TERCEIRA LUZ STOP;VW TRANSPORTER T6 2015.09-*TERCEIRA LUZ STOP;0;;
61;1540;103F23690770;1540;103F23690770;CATEGORIA0;;1;1;0;1;;VW TOURAN 2015.05-*FAROLIM TRÁS DRT(CANTO);VW TOURAN 2015.05-*FAROLIM TRÁS DRT(CANTO);0;;
61;1540;103F23690771;1540;103F23690771;CATEGORIA0;;1;1;0;1;;VW TOURAN 2015.05-*FAROLIM TRÁS ESQ(CANTO);VW TOURAN 2015.05-*FAROLIM TRÁS ESQ(CANTO);0;;
61;1540;103F23710770;1540;103F23710770;CATEGORIA0;;1;1;0;1;;VW CADDY 16-*FAROLIM TRÁS DRT (1P);VW CADDY 16-*FAROLIM TRÁS DRT (1P);0;;
61;1540;103F23710771;1540;103F23710771;CATEGORIA0;;1;1;0;1;;VW CADDY 16-*FAROLIM TRÁS ESQ (1P);VW CADDY 16-*FAROLIM TRÁS ESQ (1P);0;;
61;1540;103F23710772;1540;103F23710772;CATEGORIA0;;1;1;0;1;;VW CADDY 16-*FAROLIM TRÁS DRT (1P FUMADO);VW CADDY 16-*FAROLIM TRÁS DRT (1P FUMADO);0;;
61;1540;103F23710773;1540;103F23710773;CATEGORIA0;;1;1;0;1;;VW CADDY 16-*FAROLIM TRÁS ESQ (1P FUMADO);VW CADDY 16-*FAROLIM TRÁS ESQ (1P FUMADO);0;;
61;1540;103F23710900;1540;103F23710900;CATEGORIA0;;1;1;0;1;;VW CADDY IV 2015.10-*TERCEIRA LUZ STOP 1PORTA(LED);VW CADDY IV 2015.10-*TERCEIRA LUZ STOP 1PORTA(LED);0;;
61;1540;103F23720340;1540;103F23720340;CATEGORIA0;;1;1;0;1;;VW TIGUAN 16*FAROLIM LAT DRT (ESPELHO);VW TIGUAN 16*FAROLIM LAT DRT (ESPELHO);0;;
61;1540;103F23720341;1540;103F23720341;CATEGORIA0;;1;1;0;1;;VW TIGUAN 16*FAROLIM LAT ESQ (ESPELHO);VW TIGUAN 16*FAROLIM LAT ESQ (ESPELHO);0;;
61;1540;103F23720770;1540;103F23720770;CATEGORIA0;;1;1;0;1;;VW TIGUAN 16*FAROLIM TRÁS DRT (CANTO LED);VW TIGUAN 16*FAROLIM TRÁS DRT (CANTO LED);0;;
61;1540;103F23720771;1540;103F23720771;CATEGORIA0;;1;1;0;1;;VW TIGUAN 16*FAROLIM TRÁS ESQ (CANTO LED);VW TIGUAN 16*FAROLIM TRÁS ESQ (CANTO LED);0;;
61;1540;103F23730770;1540;103F23730770;CATEGORIA0;;1;1;0;1;;VW JETTA 15-*FAROLIM TRÁS DRT (CANTO);VW JETTA 15-*FAROLIM TRÁS DRT (CANTO);0;;
61;1540;103F23730771;1540;103F23730771;CATEGORIA0;;1;1;0;1;;VW JETTA 15-*FAROLIM TRÁS ESQ (CANTO);VW JETTA 15-*FAROLIM TRÁS ESQ (CANTO);0;;
61;1540;103F23730772;1540;103F23730772;CATEGORIA0;;1;1;0;1;;VW JETTA 15-*FAROLIM TRÁS DRT CANTO(LED);VW JETTA 15-*FAROLIM TRÁS DRT CANTO(LED);0;;
61;1540;103F23730773;1540;103F23730773;CATEGORIA0;;1;1;0;1;;VW JETTA 15-*FAROLIM TRÁS ESQ CANTO(LED);VW JETTA 15-*FAROLIM TRÁS ESQ CANTO(LED);0;;
61;1540;103F23750770;1540;103F23750770;CATEGORIA0;;1;1;0;1;;VW AMAROK 2010.09-*FAROLIM TRÁS DRT;VW AMAROK 2010.09-*FAROLIM TRÁS DRT;0;;
61;1540;103F23750771;1540;103F23750771;CATEGORIA0;;1;1;0;1;;VW AMAROK 2010.09-*FAROLIM TRÁS ESQ;VW AMAROK 2010.09-*FAROLIM TRÁS ESQ;0;;
61;1540;103F23750772;1540;103F23750772;CATEGORIA0;;1;1;0;1;;VW AMAROK 2013.06-*FAROLIM TRÁS DRT;VW AMAROK 2013.06-*FAROLIM TRÁS DRT;0;;
61;1540;103F23750773;1540;103F23750773;CATEGORIA0;;1;1;0;1;;VW AMAROK 2013.06-*FAROLIM TRÁS ESQ;VW AMAROK 2013.06-*FAROLIM TRÁS ESQ;0;;
61;1540;103F23750774;1540;103F23750774;CATEGORIA0;;1;1;0;1;;VW AMAROK 2013.06-*FAROLIM TRÁS DRT(FUMADO);VW AMAROK 2013.06-*FAROLIM TRÁS DRT(FUMADO);0;;
61;1540;103F23750775;1540;103F23750775;CATEGORIA0;;1;1;0;1;;VW AMAROK 2013.06-*FAROLIM TRÁS ESQ(FUMADO);VW AMAROK 2013.06-*FAROLIM TRÁS ESQ(FUMADO);0;;
61;1540;103F23761380;1540;103F23761380;CATEGORIA0;;1;1;0;1;;VW GOLF VII 2017.01-*REFLETOR P/CH TRÁS DRT;VW GOLF VII 2017.01-*REFLETOR P/CH TRÁS DRT;0;;
61;1540;103F23761381;1540;103F23761381;CATEGORIA0;;1;1;0;1;;VW GOLF VII 2017.01-*REFLETOR P/CH TRÁS ESQ;VW GOLF VII 2017.01-*REFLETOR P/CH TRÁS ESQ;0;;
61;1540;103F23761770;1540;103F23761770;CATEGORIA0;;1;1;0;1;;VW GOLF VII 2017.01-*FAROLIM TRÁS DRT(LED);VW GOLF VII 2017.01-*FAROLIM TRÁS DRT(LED);0;;
61;1540;103F23761771;1540;103F23761771;CATEGORIA0;;1;1;0;1;;VW GOLF VII 2017.01-*FAROLIM TRÁS ESQ(LED);VW GOLF VII 2017.01-*FAROLIM TRÁS ESQ(LED);0;;
61;1540;103F23780340;1540;103F23780340;CATEGORIA0;;1;1;0;1;;VW POLO 2017.09-*FAROLIM LAT DRT LED(ESPELHO);VW POLO 2017.09-*FAROLIM LAT DRT LED(ESPELHO);0;;
61;1540;103F23780341;1540;103F23780341;CATEGORIA0;;1;1;0;1;;VW POLO 2017.09-*FAROLIM LAT ESQ LED(ESPELHO);VW POLO 2017.09-*FAROLIM LAT ESQ LED(ESPELHO);0;;
61;1540;103F23781770;1540;103F23781770;CATEGORIA0;;1;1;0;1;;VW POLO 2017.09-*FAROLIM TRÁS DRT;VW POLO 2017.09-*FAROLIM TRÁS DRT;0;;
61;1540;103F23781771;1540;103F23781771;CATEGORIA0;;1;1;0;1;;VW POLO 2017.09-*FAROLIM TRÁS ESQ;VW POLO 2017.09-*FAROLIM TRÁS ESQ;0;;
61;1540;103F23791300;1540;103F23791300;CATEGORIA0;;1;1;0;1;;VW CRAFTER/MAN TGE 2017.01-*FAROLIM LATERAL DRT/ESQ(LED);VW CRAFTER/MAN TGE 2017.01-*FAROLIM LATERAL DRT/ESQ(LED);0;;
61;1540;103F23791340;1540;103F23791340;CATEGORIA0;;1;1;0;1;;VW CRAFTER 2017.01-*FAROLIM LAT DRT (ESPELHO);VW CRAFTER 2017.01-*FAROLIM LAT DRT (ESPELHO);0;;
61;1540;103F23791341;1540;103F23791341;CATEGORIA0;;1;1;0;1;;VW CRAFTER 2017.01-*FAROLIM LAT ESQ (ESPELHO);VW CRAFTER 2017.01-*FAROLIM LAT ESQ (ESPELHO);0;;
61;1540;103F23791770;1540;103F23791770;CATEGORIA0;;1;1;0;1;;VW CRAFTER/MAN TGE 2017.01-*FAROLIM TRÁS DRT;VW CRAFTER/MAN TGE 2017.01-*FAROLIM TRÁS DRT;0;;
61;1540;103F23791771;1540;103F23791771;CATEGORIA0;;1;1;0;1;;VW CRAFTER/MAN TGE 2017.01-*FAROLIM TRÁS ESQ;VW CRAFTER/MAN TGE 2017.01-*FAROLIM TRÁS ESQ;0;;
61;1540;103F23841770;1540;103F23841770;CATEGORIA0;;1;1;0;1;;VW TRANSPORTER T6.1 2019.07-*FAROLIM TRÁS DRT (1P)(W16W*3/WY;VW TRANSPORTER T6.1 2019.07-*FAROLIM TRÁS DRT (1P)(W16W*3/WY;0;;
61;1540;103F23841771;1540;103F23841771;CATEGORIA0;;1;1;0;1;;VW TRANSPORTER T6.1 2019.07-*FAROLIM TRÁS ESQ (1P)(LED/W16W*;VW TRANSPORTER T6.1 2019.07-*FAROLIM TRÁS ESQ (1P)(LED/W16W*;0;;
61;1540;103F23841772;1540;103F23841772;CATEGORIA0;;1;1;0;1;;VW TRANSPORTER T6.1 2019.07-*FAROLIM TRÁS DRT (2P)(W16W*3/WY;VW TRANSPORTER T6.1 2019.07-*FAROLIM TRÁS DRT (2P)(W16W*3/WY;0;;
61;1540;103F23841773;1540;103F23841773;CATEGORIA0;;1;1;0;1;;VW TRANSPORTER T6.1 2019.07-*FAROLIM TRÁS ESQ (2P)(LED/W16W*;VW TRANSPORTER T6.1 2019.07-*FAROLIM TRÁS ESQ (2P)(LED/W16W*;0;;
61;1540;103F24031110;1540;103F24031110;CATEGORIA0;;1;1;0;1;;VOLVO S40/V40 98-00*FAROLIM FRT DRT (V/TRANSPARENTE)(I/CLARO;VOLVO S40/V40 98-00*FAROLIM FRT DRT (V/TRANSPARENTE)(I/CLARO;0;;
61;1540;103F24031111;1540;103F24031111;CATEGORIA0;;1;1;0;1;;VOLVO S40/V40 98-00*FAROLIM FRT ESQ (V/TRANSPARENTE)(I/CLARO;VOLVO S40/V40 98-00*FAROLIM FRT ESQ (V/TRANSPARENTE)(I/CLARO;0;;
61;1540;103F24031130;1540;103F24031130;CATEGORIA0;;1;1;0;1;;VOLVO S40/V40 96-98*FAROLIM FRT DRT;VOLVO S40/V40 96-98*FAROLIM FRT DRT;0;;
61;1540;103F24031131;1540;103F24031131;CATEGORIA0;;1;1;0;1;;VOLVO S40/V40 96-98*FAROLIM FRT ESQ;VOLVO S40/V40 96-98*FAROLIM FRT ESQ;0;;
61;1540;103F24031210;1540;103F24031210;CATEGORIA0;;1;1;0;1;;VOLVO S40/V40 98-00*FAROLIM FRT DRT;VOLVO S40/V40 98-00*FAROLIM FRT DRT;0;;
61;1540;103F24031211;1540;103F24031211;CATEGORIA0;;1;1;0;1;;FAROLIM FRENTE ESQ;FAROLIM FRENTE ESQ;0;;
61;1540;103F24031220;1540;103F24031220;CATEGORIA0;;1;1;0;1;;VOLVO S40/V40 98-00*FAROLIM FRT DRT (V/TRANSPARENTE)(I/ESCUR;VOLVO S40/V40 98-00*FAROLIM FRT DRT (V/TRANSPARENTE)(I/ESCUR;0;;
61;1540;103F24031221;1540;103F24031221;CATEGORIA0;;1;1;0;1;;FAROLIM FRT ESQ.V40 98-00;FAROLIM FRT ESQ.V40 98-00;0;;
61;1540;103F24031230;1540;103F24031230;CATEGORIA0;;1;1;0;1;;VOLVO S40/V40 01-04*FAROLIM FR DR(TRANS)C/ INT CRO;VOLVO S40/V40 01-04*FAROLIM FR DR(TRANS)C/ INT CRO;0;;
61;1540;103F24031231;1540;103F24031231;CATEGORIA0;;1;1;0;1;;VOLVO S40/V40 01-04*FAROLIM FRT ESQ (TRANSPARENTE)(I/CROMADO;VOLVO S40/V40 01-04*FAROLIM FRT ESQ (TRANSPARENTE)(I/CROMADO;0;;
61;1540;103F24031232;1540;103F24031232;CATEGORIA0;;1;1;0;1;;VOLVO S40/V40 01-04*FAROLIM FR DRT(INT/NEGRO);VOLVO S40/V40 01-04*FAROLIM FR DRT(INT/NEGRO);0;;
61;1540;103F24031233;1540;103F24031233;CATEGORIA0;;1;1;0;1;;FAROLIM FRT. ESQ.;FAROLIM FRT. ESQ.;0;;
61;1540;103F24031312;1540;103F24031312;CATEGORIA0;;1;1;0;1;;VOLVO S40 96-*REFLECTOR LAT DRT P/CHOQ AMARE;VOLVO S40 96-*REFLECTOR LAT DRT P/CHOQ AMARE;0;;
61;1540;103F24031313;1540;103F24031313;CATEGORIA0;;1;1;0;1;;VOLVO S40 96-*REFLECTOR LAT ESQ P/CHOQ AMARE;VOLVO S40 96-*REFLECTOR LAT ESQ P/CHOQ AMARE;0;;
61;1540;103F24031314;1540;103F24031314;CATEGORIA0;;1;1;0;1;;VOLVO S40 01-*REFLETOR LAT FRT DRT/TRAS ESQ P/CH (AMARELO);VOLVO S40 01-*REFLETOR LAT FRT DRT/TRAS ESQ P/CH (AMARELO);0;;
61;1540;103F24031315;1540;103F24031315;CATEGORIA0;;1;1;0;1;;VOLVO S40 01-*REFLETOR LAT FRT ESQ/TRAS DRT P/CH (AMARELO);VOLVO S40 01-*REFLETOR LAT FRT ESQ/TRAS DRT P/CH (AMARELO);0;;
61;1540;103F24031960;1540;103F24031960;CATEGORIA0;;1;1;0;1;;VOLVO S40 01-*FAROLIN MATRICULA;VOLVO S40 01-*FAROLIN MATRICULA;0;;
61;1540;103F24041210;1540;103F24041210;CATEGORIA0;;1;1;0;1;;VOLVO S70/V70 96-*FAROLIM FRT DRT;VOLVO S70/V70 96-*FAROLIM FRT DRT;0;;
61;1540;103F24041211;1540;103F24041211;CATEGORIA0;;1;1;0;1;;VOLVO S70/V70 96-*FAROLIM FRT ESQ;VOLVO S70/V70 96-*FAROLIM FRT ESQ;0;;
61;1540;103F24041770;1540;103F24041770;CATEGORIA0;;1;1;0;1;;VOLVO V70 SW 96-*FAROLIM TRÁS DRT;VOLVO V70 SW 96-*FAROLIM TRÁS DRT;0;;
61;1540;103F24041771;1540;103F24041771;CATEGORIA0;;1;1;0;1;;VOLVO V70 SW 96-*FAROLIM TRÁS ESQ;VOLVO V70 SW 96-*FAROLIM TRÁS ESQ;0;;
61;1540;103F24081130;1540;103F24081130;CATEGORIA0;;1;1;0;1;;VOLVO 850 92-93*FAROLIM FRT DRT;VOLVO 850 92-93*FAROLIM FRT DRT;0;;
61;1540;103F24081131;1540;103F24081131;CATEGORIA0;;1;1;0;1;;VOLVO 850 92-93*FAROLIM FRT ESQ;VOLVO 850 92-93*FAROLIM FRT ESQ;0;;
61;1540;103F24091110;1540;103F24091110;CATEGORIA0;;1;1;0;1;;FAROLIM FRT. DTO. VOLVO S80 99-;FAROLIM FRT. DTO. VOLVO S80 99-;0;;
61;1540;103F24091111;1540;103F24091111;CATEGORIA0;;1;1;0;1;;VOLVO S80 99-*FAROLIM FRT ESQ (I/CROMADO);VOLVO S80 99-*FAROLIM FRT ESQ (I/CROMADO);0;;
61;1540;103F24091130;1540;103F24091130;CATEGORIA0;;1;1;0;1;;PISCA DRT. VOLVO S80 99-;PISCA DRT. VOLVO S80 99-;0;;
61;1540;103F24091131;1540;103F24091131;CATEGORIA0;;1;1;0;1;;VOLVO S80 99-*FAROLIM FRT ESQ (I/PRETO);VOLVO S80 99-*FAROLIM FRT ESQ (I/PRETO);0;;
61;1540;103F24130130;1540;103F24130130;CATEGORIA0;;1;1;0;1;;VOLVO S80 04- FAROLIM FRT. DTO.;VOLVO S80 04- FAROLIM FRT. DTO.;0;;
61;1540;103F24130131;1540;103F24130131;CATEGORIA0;;1;1;0;1;;VOLVO S80 04-*FAROLIM FRT ESQ;VOLVO S80 04-*FAROLIM FRT ESQ;0;;
61;1540;103F24180340;1540;103F24180340;CATEGORIA0;;1;1;0;1;;VOLVO V70/S80 07-/V40 12-*FAROLIM LAT DRT VERSAO PISCA PEQUE;VOLVO V70/S80 07-/V40 12-*FAROLIM LAT DRT VERSAO PISCA PEQUE;0;;
61;1540;103F24180341;1540;103F24180341;CATEGORIA0;;1;1;0;1;;VOLVO V70/S80 07-/V40 12-*FAROLIM LAT ESQ VERSAO PISCA PEQU);VOLVO V70/S80 07-/V40 12-*FAROLIM LAT ESQ VERSAO PISCA PEQU);0;;
61;1540;103F24190130;1540;103F24190130;CATEGORIA0;;1;1;0;1;;VOLVO V40 12-*FAROLIM FRT DRT;VOLVO V40 12-*FAROLIM FRT DRT;0;;
61;1540;103F24190131;1540;103F24190131;CATEGORIA0;;1;1;0;1;;VOLVO V40 12-*FAROLIM FRT ESQ;VOLVO V40 12-*FAROLIM FRT ESQ;0;;
61;1540;103F24190340;1540;103F24190340;CATEGORIA0;;1;1;0;1;;VOLVO V40/V70 12-*FAROLIM LAT DRT VERSAO PISCA GRANDE (ESPEL;VOLVO V40/V70 12-*FAROLIM LAT DRT VERSAO PISCA GRANDE (ESPEL;0;;
61;1540;103F24190341;1540;103F24190341;CATEGORIA0;;1;1;0;1;;VOLVO V40/V70 12-*FAROLIM LAT ESQ VERSAO PISCA GRANDE (ESPEL;VOLVO V40/V70 12-*FAROLIM LAT ESQ VERSAO PISCA GRANDE (ESPEL;0;;
61;1540;103F24190380;1540;103F24190380;CATEGORIA0;;1;1;0;1;;VOLVO V40 12-*FAROLIM NEVOEIRO DRT P/CH TRÁS;VOLVO V40 12-*FAROLIM NEVOEIRO DRT P/CH TRÁS;0;;
61;1540;103F24190381;1540;103F24190381;CATEGORIA0;;1;1;0;1;;VOLVO V40 12-*FAROLIM NEVOEIRO ESQ P/CH TRÁS;VOLVO V40 12-*FAROLIM NEVOEIRO ESQ P/CH TRÁS;0;;
61;1540;103F24210770;1540;103F24210770;CATEGORIA0;;1;1;0;1;;VOLVO S60 10-*FAROLIM TRÁS DRT(LED);VOLVO S60 10-*FAROLIM TRÁS DRT(LED);0;;
61;1540;103F24210771;1540;103F24210771;CATEGORIA0;;1;1;0;1;;VOLVO S60 10-*FAROLIM TRÁS ESQ(LED);VOLVO S60 10-*FAROLIM TRÁS ESQ(LED);0;;
61;1540;103F24220900;1540;103F24220900;CATEGORIA0;;1;1;0;1;;VOLVO XC60 2008-*TERCEIRA LUZ STOP VERMELHA(LED);VOLVO XC60 2008-*TERCEIRA LUZ STOP VERMELHA(LED);0;;
61;1540;103F24220901;1540;103F24220901;CATEGORIA0;;1;1;0;1;;VOLVO XC60 2008-*TERCEIRA LUZ STOP FUMADO(LED);VOLVO XC60 2008-*TERCEIRA LUZ STOP FUMADO(LED);0;;
61;1540;103F24251770;1540;103F24251770;CATEGORIA0;;1;1;0;1;;VOLVO XC60 14-*FAROLIM TRÁS DRT (LED);VOLVO XC60 14-*FAROLIM TRÁS DRT (LED);0;;
61;1540;103F24251771;1540;103F24251771;CATEGORIA0;;1;1;0;1;;VOLVO XC60 14-*FAROLIM TRÁS ESQ (LED);VOLVO XC60 14-*FAROLIM TRÁS ESQ (LED);0;;
61;1540;103F24280340;1540;103F24280340;CATEGORIA0;;1;1;0;1;;VOLVO XC60/XC90 2017.03-*FAROLIM LAT DRT(ESPELHO);VOLVO XC60/XC90 2017.03-*FAROLIM LAT DRT(ESPELHO);0;;
61;1540;103F24280341;1540;103F24280341;CATEGORIA0;;1;1;0;1;;VOLVO XC60/XC90 2017.03-*FAROLIM LAT ESQ(ESPELHO);VOLVO XC60/XC90 2017.03-*FAROLIM LAT ESQ(ESPELHO);0;;
61;1540;103F25010770;1540;103F25010770;CATEGORIA0;;1;1;0;1;;PORSCHE CAYENNE 10-*FAROLIM TRÁS DRT (I/NEGRO LED);PORSCHE CAYENNE 10-*FAROLIM TRÁS DRT (I/NEGRO LED);0;;
61;1540;103F25010771;1540;103F25010771;CATEGORIA0;;1;1;0;1;;PORSCHE CAYENNE 10-*FAROLIM TRÁS ESQ (I/NEGRO LED);PORSCHE CAYENNE 10-*FAROLIM TRÁS ESQ (I/NEGRO LED);0;;
61;1540;103F25010772;1540;103F25010772;CATEGORIA0;;1;1;0;1;;PORSCHE CAYENNE 10-*FAROLIM TRÁS DRT (LED);PORSCHE CAYENNE 10-*FAROLIM TRÁS DRT (LED);0;;
61;1540;103F25010773;1540;103F25010773;CATEGORIA0;;1;1;0;1;;PORSCHE CAYENNE 10-*FAROLIM TRÁS ESQ (LED);PORSCHE CAYENNE 10-*FAROLIM TRÁS ESQ (LED);0;;
61;1540;103F26031210;1540;103F26031210;CATEGORIA0;;1;1;0;1;;SKODA FELICIA 95-*FAROLIM FRT DRT;SKODA FELICIA 95-*FAROLIM FRT DRT;0;;
61;1540;103F26031211;1540;103F26031211;CATEGORIA0;;1;1;0;1;;SKODA FELICIA 95-*FAROLIM FRT ESQ;SKODA FELICIA 95-*FAROLIM FRT ESQ;0;;
61;1540;103F70021131;1540;103F70021131;CATEGORIA0;;1;1;0;1;;IVECO DAILY 90-*FAROLIM FRT ESQ;IVECO DAILY 90-*FAROLIM FRT ESQ;0;;
61;1540;103F70021400;1540;103F70021400;CATEGORIA0;;1;1;0;1;;IVECO DAILY 90-/DUCAT 94*STOP UNIV C/M ATRAS CX AB;IVECO DAILY 90-/DUCAT 94*STOP UNIV C/M ATRAS CX AB;0;;
61;1540;103F70021401;1540;103F70021401;CATEGORIA0;;1;1;0;1;;IVECO DAILY 90-/DUCAT 94*STOP UNIV S/M ATRAS CX AB;IVECO DAILY 90-/DUCAT 94*STOP UNIV S/M ATRAS CX AB;0;;
61;1540;103F70052400;1540;103F70052400;CATEGORIA0;;1;1;0;1;;IVECO DAILY 96-*FAROLIM TRÁS DRT (CX/ABERTA);IVECO DAILY 96-*FAROLIM TRÁS DRT (CX/ABERTA);0;;
61;1540;103F70052401;1540;103F70052401;CATEGORIA0;;1;1;0;1;;IVECO DAILY 96-*FAROLIM TRÁS ESQ (CX/ABERTA);IVECO DAILY 96-*FAROLIM TRÁS ESQ (CX/ABERTA);0;;
61;1540;103F70061434;1540;103F70061434;CATEGORIA0;;1;1;0;1;;FIAT DUCATO*FAROLIM TRÁS DRT;FIAT DUCATO*FAROLIM TRÁS DRT;0;;
61;1540;103F70061435;1540;103F70061435;CATEGORIA0;;1;1;0;1;;FIAT DUCATO*FAROLIM TRÁS ESQ;FIAT DUCATO*FAROLIM TRÁS ESQ;0;;
61;1540;103F70062110;1540;103F70062110;CATEGORIA0;;1;1;0;1;;FIAT DUCATO 89->*FAROLIM FT DRT;FIAT DUCATO 89->*FAROLIM FT DRT;0;;
61;1540;103F70064110;1540;103F70064110;CATEGORIA0;;1;1;0;1;;FIAT DUCATO/BOX/JUMP 94-*FAROLIM FRT DRT;FIAT DUCATO/BOX/JUMP 94-*FAROLIM FRT DRT;0;;
61;1540;103F70064111;1540;103F70064111;CATEGORIA0;;1;1;0;1;;FIAT DUCATO/BOX/JUMP 94-*FAROLIM FRT ESQ;FIAT DUCATO/BOX/JUMP 94-*FAROLIM FRT ESQ;0;;
61;1540;103F70064454;1540;103F70064454;CATEGORIA0;;1;1;0;1;;FIAT DUCATO/JUMP/BOX 94-* FAROLIM TRÁS DRT;FIAT DUCATO/JUMP/BOX 94-* FAROLIM TRÁS DRT;0;;
61;1540;103F70064455;1540;103F70064455;CATEGORIA0;;1;1;0;1;;FIAT DUCATO/JUMP/BOX 94-* FAROLIM TRÁS ESQ.;FIAT DUCATO/JUMP/BOX 94-* FAROLIM TRÁS ESQ.;0;;
61;1540;103F70064960;1540;103F70064960;CATEGORIA0;;1;1;0;1;;FIAT DUCATO/JUMPER 94-*FAROLIM MATRICULA;FIAT DUCATO/JUMPER 94-*FAROLIM MATRICULA;0;;
61;1540;103F70065301;1540;103F70065301;CATEGORIA0;;1;1;0;1;;FIAT DUCATO/JUMPER 1994.03-*FAROLIM LAT DRT/ESQ (AMARELO);FIAT DUCATO/JUMPER 1994.03-*FAROLIM LAT DRT/ESQ (AMARELO);0;;
61;1540;103F70065400;1540;103F70065400;CATEGORIA0;;1;1;0;1;;FIAT DUCATO/JUMPER/BOXER 02-*FAROLIM TRÁS DRT;FIAT DUCATO/JUMPER/BOXER 02-*FAROLIM TRÁS DRT;0;;
61;1540;103F70065401;1540;103F70065401;CATEGORIA0;;1;1;0;1;;FIAT DUCATO/JUMPER/BOXER 02-*FAROLIM TRÁS ESQ;FIAT DUCATO/JUMPER/BOXER 02-*FAROLIM TRÁS ESQ;0;;
61;1540;103F70066900;1540;103F70066900;CATEGORIA0;;1;1;0;1;;FIAT DUCATO/JUMPER/BOXER 02-*TERCEIRA LUZ STOP;FIAT DUCATO/JUMPER/BOXER 02-*TERCEIRA LUZ STOP;0;;
61;1540;103F70112100;1540;103F70112100;CATEGORIA0;;1;1;0;1;;IVECO DAILY 00-*FAROLIM FRT DRT AMAREL;IVECO DAILY 00-*FAROLIM FRT DRT AMAREL;0;;
61;1540;103F70112101;1540;103F70112101;CATEGORIA0;;1;1;0;1;;IVECO DAILY 00-*FAROLIM FRT ESQ AMAREL;IVECO DAILY 00-*FAROLIM FRT ESQ AMAREL;0;;
61;1540;103F70112130;1540;103F70112130;CATEGORIA0;;1;1;0;1;;IVECO DAILY 00-*FAROLIM FRT DRT BRANCO;IVECO DAILY 00-*FAROLIM FRT DRT BRANCO;0;;
61;1540;103F70112131;1540;103F70112131;CATEGORIA0;;1;1;0;1;;IVECO DAILY 00-*FAROLIM FRT ESQ BRANCO;IVECO DAILY 00-*FAROLIM FRT ESQ BRANCO;0;;
61;1540;103F70112400;1540;103F70112400;CATEGORIA0;;1;1;0;1;;IVECO DAILY 00-*FAROLIM TRÁS DRT CX AB;IVECO DAILY 00-*FAROLIM TRÁS DRT CX AB;0;;
61;1540;103F70112401;1540;103F70112401;CATEGORIA0;;1;1;0;1;;IVECO DAILY 00-*FAROLIM TRÁS ESQ CX AB;IVECO DAILY 00-*FAROLIM TRÁS ESQ CX AB;0;;
61;1540;103F70112434;1540;103F70112434;CATEGORIA0;;1;1;0;1;;IVECO DAILY 00-*V/FAROLIM TRÁS DRT CX AB;IVECO DAILY 00-*V/FAROLIM TRÁS DRT CX AB;0;;
61;1540;103F70112435;1540;103F70112435;CATEGORIA0;;1;1;0;1;;IVECO DAILY 00-*V/FAROLIM TRÁS ESQ CX AB;IVECO DAILY 00-*V/FAROLIM TRÁS ESQ CX AB;0;;
61;1540;103F70112500;1540;103F70112500;CATEGORIA0;;1;1;0;1;;IVECO EUROCARGO 96-*FAROLIM TRÁS DRT (CX/ABERTA 2 FICHAS);IVECO EUROCARGO 96-*FAROLIM TRÁS DRT (CX/ABERTA 2 FICHAS);0;;
61;1540;103F70112501;1540;103F70112501;CATEGORIA0;;1;1;0;1;;IVECO EUROCARGO 96-*FAROLIM TRÁS ESQ (CX/ABERTA 2 FICHAS);IVECO EUROCARGO 96-*FAROLIM TRÁS ESQ (CX/ABERTA 2 FICHAS);0;;
61;1540;103F70113110;1540;103F70113110;CATEGORIA0;;1;1;0;1;;IVECO DAILY 04-*FAROLIM FRT DRT (BRANCO);IVECO DAILY 04-*FAROLIM FRT DRT (BRANCO);0;;
61;1540;103F70113111;1540;103F70113111;CATEGORIA0;;1;1;0;1;;IVECO DAILY 04-*FAROLIM FRT ESQ (BRANCO);IVECO DAILY 04-*FAROLIM FRT ESQ (BRANCO);0;;
61;1540;103F70114300;1540;103F70114300;CATEGORIA0;;1;1;0;1;;IVECO DAILY 00-*FAROLIM LAT DRT PEQUENO (AMARELO);IVECO DAILY 00-*FAROLIM LAT DRT PEQUENO (AMARELO);0;;
61;1540;103F70114301;1540;103F70114301;CATEGORIA0;;1;1;0;1;;IVECO DAILY 00-*PISCA LATERAL ESQ AMARELO;IVECO DAILY 00-*PISCA LATERAL ESQ AMARELO;0;;
61;1540;103F70114302;1540;103F70114302;CATEGORIA0;;1;1;0;1;;IVECO DAILY 00-*FAROLIM LAT DRT GRANDE(AMARELO);IVECO DAILY 00-*FAROLIM LAT DRT GRANDE(AMARELO);0;;
61;1540;103F70114303;1540;103F70114303;CATEGORIA0;;1;1;0;1;;IVECO DAILY 00-*FAROLIM LAT ESQ GRANDE(AMARELO);IVECO DAILY 00-*FAROLIM LAT ESQ GRANDE(AMARELO);0;;
61;1540;103F70114310;1540;103F70114310;CATEGORIA0;;1;1;0;1;;IVECO DAILY 00-*FAROLIM LAT DRT PEQUENO(BRANCO);IVECO DAILY 00-*FAROLIM LAT DRT PEQUENO(BRANCO);0;;
61;1540;103F70114311;1540;103F70114311;CATEGORIA0;;1;1;0;1;;IVECO DAILY 00-*FAROLIM LAT ESQ PEQUENO(BRANCO);IVECO DAILY 00-*FAROLIM LAT ESQ PEQUENO(BRANCO);0;;
61;1540;103F70114312;1540;103F70114312;CATEGORIA0;;1;1;0;1;;IVECO DAILY 00-*FAROLIM LAT DRT GRANDE(BRANCO);IVECO DAILY 00-*FAROLIM LAT DRT GRANDE(BRANCO);0;;
61;1540;103F70114313;1540;103F70114313;CATEGORIA0;;1;1;0;1;;IVECO DAILY 00-*FAROLIM LAT ESQ GRANDE(BRANCO);IVECO DAILY 00-*FAROLIM LAT ESQ GRANDE(BRANCO);0;;
61;1540;103F70117400;1540;103F70117400;CATEGORIA0;;1;1;0;1;;IVECO DAILY 00-*FAROLIM TRÁS DRT COMPLETO;IVECO DAILY 00-*FAROLIM TRÁS DRT COMPLETO;0;;
61;1540;103F70117401;1540;103F70117401;CATEGORIA0;;1;1;0;1;;IVECO DAILY 00-*FAROLIM TRÁS ESQ COMPLETO;IVECO DAILY 00-*FAROLIM TRÁS ESQ COMPLETO;0;;
61;1540;103F70117456;1540;103F70117456;CATEGORIA0;;1;1;0;1;;IVECO DAILY 00-*FAROLIM TRÁS DRT MONOBLOCO;IVECO DAILY 00-*FAROLIM TRÁS DRT MONOBLOCO;0;;
61;1540;103F70117457;1540;103F70117457;CATEGORIA0;;1;1;0;1;;IVECO DAILY 00-*FAROLIM TRÁS ESQ (MONOBLOCO);IVECO DAILY 00-*FAROLIM TRÁS ESQ (MONOBLOCO);0;;
61;1540;103F72021460;1540;103F72021460;CATEGORIA0;;1;1;0;1;;FORD TRANSIT 78-*FAROLIM FRT DRT;FORD TRANSIT 78-*FAROLIM FRT DRT;0;;
61;1540;103F72021461;1540;103F72021461;CATEGORIA0;;1;1;0;1;;FORD TRANSIT 78-*FAROLIM FRT ESQ;FORD TRANSIT 78-*FAROLIM FRT ESQ;0;;
61;1540;103F72024404;1540;103F72024404;CATEGORIA0;;1;1;0;1;;FORD TRANSIT 86-*FAROLIM TRÁS D/E CX ABE;FORD TRANSIT 86-*FAROLIM TRÁS D/E CX ABE;0;;
61;1540;103F72024420;1540;103F72024420;CATEGORIA0;;1;1;0;1;;FORD TRANSIT 86-*V/FAROLIM TR CX-ABERTA;FORD TRANSIT 86-*V/FAROLIM TR CX-ABERTA;0;;
61;1540;103F73201200;1540;103F73201200;CATEGORIA0;;1;1;0;1;;FAROLIM PISCA DRT;FAROLIM PISCA DRT;0;;
61;1540;103F73201201;1540;103F73201201;CATEGORIA0;;1;1;0;1;;MERCEDES VITO 96-*FAROLIM FRT ESQ (AMARELO);MERCEDES VITO 96-*FAROLIM FRT ESQ (AMARELO);0;;
61;1540;103F73201210;1540;103F73201210;CATEGORIA0;;1;1;0;1;;MERCEDES VITO 96-*FAROLIM FRT DRT BRANCO;MERCEDES VITO 96-*FAROLIM FRT DRT BRANCO;0;;
61;1540;103F73201211;1540;103F73201211;CATEGORIA0;;1;1;0;1;;MERCEDES VITO 96-*FAROLIM FRT ESQ BRANCO;MERCEDES VITO 96-*FAROLIM FRT ESQ BRANCO;0;;
61;1540;103F78021101;1540;103F78021101;CATEGORIA0;;1;1;0;1;;VW TRANSPORTER -90*FAROLIM FRT ESQ;VW TRANSPORTER -90*FAROLIM FRT ESQ;0;;
61;1540;103F78022100;1540;103F78022100;CATEGORIA0;;1;1;0;1;;VW TRANSPORTER 90-*PISCA FRT DRT AMARELO;VW TRANSPORTER 90-*PISCA FRT DRT AMARELO;0;;
61;1540;103F78022101;1540;103F78022101;CATEGORIA0;;1;1;0;1;;VW TRANSPORTER 90-*PISCA FRT ESQ. AMARELO;VW TRANSPORTER 90-*PISCA FRT ESQ. AMARELO;0;;
61;1540;103F78022210;1540;103F78022210;CATEGORIA0;;1;1;0;1;;FAROLIM FRENTE DTO.;FAROLIM FRENTE DTO.;0;;
61;1540;103F78022211;1540;103F78022211;CATEGORIA0;;1;1;0;1;;FAROLIM FRENTE ESQ.;FAROLIM FRENTE ESQ.;0;;
61;1540;103F78041400;1540;103F78041400;CATEGORIA0;;1;1;0;1;;VW LT 98-*FAROLIM TRÁS DRT;VW LT 98-*FAROLIM TRÁS DRT;0;;
61;1540;103F78041401;1540;103F78041401;CATEGORIA0;;1;1;0;1;;VW LT 98-*FAROLIM TRÁS ESQ;VW LT 98-*FAROLIM TRÁS ESQ;0;;
61;1540;103F78043200;1540;103F78043200;CATEGORIA0;;1;1;0;1;;VW LT 98-*FAROLIM FRT DTO AMARELO;VW LT 98-*FAROLIM FRT DTO AMARELO;0;;
61;1540;103F78043201;1540;103F78043201;CATEGORIA0;;1;1;0;1;;VW LT 98-*FAROLIM FRT ESQ AMARELO;VW LT 98-*FAROLIM FRT ESQ AMARELO;0;;
61;1540;103F78043210;1540;103F78043210;CATEGORIA0;;1;1;0;1;;VW LT 98- FAROLIM FRT. DTO. (BRANCO);VW LT 98- FAROLIM FRT. DTO. (BRANCO);0;;
61;1540;103F78043211;1540;103F78043211;CATEGORIA0;;1;1;0;1;;VW LT 98-*FAROLIM FRT ESQ (BRANCO);VW LT 98-*FAROLIM FRT ESQ (BRANCO);0;;
61;1540;103LPD496;1540;103LPD496;CATEGORIA0;;1;1;0;1;;AUTOBIANCHI Y10 -89*STOP TRÁS DIREITO;AUTOBIANCHI Y10 -89*STOP TRÁS DIREITO;0;;
61;1540;104.01011;1540;01011;CATEGORIA0;;1;1;0;1;;FAROLIM MATR. AUDI A3/A4 96-03;FAROLIM MATR. AUDI A3/A4 96-03;0;;
61;1540;104.08170;1540;104.08170;CATEGORIA0;;1;1;0;1;;FAROLIM TRAS ESQ;FAROLIM TRAS ESQ;0;;
61;1540;104.08171;1540;104.08171;CATEGORIA0;;1;1;0;1;;FAROLIM TRAS DRT;FAROLIM TRAS DRT;0;;
61;1540;104.11600;1540;104.11600;CATEGORIA0;;1;1;0;1;;TRIANGULO PRE-SINALIZACAO;TRIANGULO PRE-SINALIZACAO;0;;
61;1540;104.LAB801;1540;104.LAB801;CATEGORIA0;;1;1;0;1;;BMW SERIE 1 (E87) 03/07-*FAROL NEV H11 DRT;BMW SERIE 1 (E87) 03/07-*FAROL NEV H11 DRT;0;;
61;1540;104.LAB802;1540;104.LAB802;CATEGORIA0;;1;1;0;1;;BMW SERIE 1 (E87) 03/07-*FAROL NEV H11 ESQ;BMW SERIE 1 (E87) 03/07-*FAROL NEV H11 ESQ;0;;
61;1540;104.LAB892;1540;104.LAB892;CATEGORIA0;;1;1;0;1;;MERC CLASSE E W212 09-*FAROL AUXILIAR DIURNO ESQ;MERC CLASSE E W212 09-*FAROL AUXILIAR DIURNO ESQ;0;;
61;1540;104.LLC601;1540;104.LLC601;CATEGORIA0;;1;1;0;1;;VW GOLF 97-*FAROLIM TRÁS DRT;VW GOLF 97-*FAROLIM TRÁS DRT;0;;
61;1540;104.LLD521;1540;104.LLD521;CATEGORIA0;;1;1;0;1;;OPEL COMBO02- FAROLIM TRÁS DTO.;OPEL COMBO02- FAROLIM TRÁS DTO.;0;;
61;1540;104.LLE562;1540;104.LLE562;CATEGORIA0;;1;1;0;1;;FAROLIM TRÁS ESQ. (CANTO) IBIZA 02- CROMADO;FAROLIM TRÁS ESQ. (CANTO) IBIZA 02- CROMADO;0;;
61;1540;104.LLF171;1540;104.LLF171;CATEGORIA0;;1;1;0;1;;FAROLIM TRÁS DTO. AUDI A6 04-;FAROLIM TRÁS DTO. AUDI A6 04-;0;;
61;1540;104.LLF172;1540;104.LLF172;CATEGORIA0;;1;1;0;1;;FAROLIM TRÁS ESQ. AUDI A6 04-;FAROLIM TRÁS ESQ. AUDI A6 04-;0;;
61;1540;104.LLF501;1540;104.LLF501;CATEGORIA0;;1;1;0;1;;FAROLIM TRÁS DTO.;FAROLIM TRÁS DTO.;0;;
61;1540;104.LLF502;1540;104.LLF502;CATEGORIA0;;1;1;0;1;;FAROLIM TRÁS ESQ.;FAROLIM TRÁS ESQ.;0;;
61;1540;104.LLG311;1540;104.LLG311;CATEGORIA0;;1;1;0;1;;FAROLIM TRÁS DTO.;FAROLIM TRÁS DTO.;0;;
61;1540;104.LLG322;1540;104.LLG322;CATEGORIA0;;1;1;0;1;;VW PASSAT COUPE B6 08-*FAROLIM TRÁS CANTO ESQ;VW PASSAT COUPE B6 08-*FAROLIM TRÁS CANTO ESQ;0;;
61;1540;104.LLG602;1540;104.LLG602;CATEGORIA0;;1;1;0;1;;FAROLIM TRÁS ESQ.;FAROLIM TRÁS ESQ.;0;;
61;1540;104.LLG731;1540;104.LLG731;CATEGORIA0;;1;1;0;1;;FAROLIM TRÁS DTO. C/FAOL NEV;FAROLIM TRÁS DTO. C/FAOL NEV;0;;
61;1540;104.LLH042;1540;104.LLH042;CATEGORIA0;;1;1;0;1;;CLIO 09- FAROLIM TRÁS ESQ. M/MARELLI;CLIO 09- FAROLIM TRÁS ESQ. M/MARELLI;0;;
61;1540;104.LLI081;1540;104.LLI081;CATEGORIA0;;1;1;0;1;;FAROLIM TRASEIRO DTO PARACHOQUES;FAROLIM TRASEIRO DTO PARACHOQUES;0;;
61;1540;104.LLI381;1540;104.LLI381;CATEGORIA0;;1;1;0;1;;FAROLIM TRASEIRO DTO.;FAROLIM TRASEIRO DTO.;0;;
61;1540;104.LLI972;1540;104.LLI972;CATEGORIA0;;1;1;0;1;;CLIO 12- FAROLIM TRÁS ESQ. (G/LAMAS) M/MARELLI;CLIO 12- FAROLIM TRÁS ESQ. (G/LAMAS) M/MARELLI;0;;
61;1540;104.LLL101;1540;104.LLL101;CATEGORIA0;;1;1;0;1;;FAROLIM TRÁS DTO.;FAROLIM TRÁS DTO.;0;;
61;1540;104.LLL102;1540;104.LLL102;CATEGORIA0;;1;1;0;1;;FAROLIM TRÁS ESQ.;FAROLIM TRÁS ESQ.;0;;
61;1540;104.LLL232;1540;104.LLL232;CATEGORIA0;;1;1;0;1;;CITROEN C1 14-*FAROLIM TRÁS ESQ M/MARELLI;CITROEN C1 14-*FAROLIM TRÁS ESQ M/MARELLI;0;;
61;1540;104.LPB102;1540;104.LPB102;CATEGORIA0;;1;1;0;1;;FAROL ESQ. IVECO DAILY 89-;FAROL ESQ. IVECO DAILY 89-;0;;
61;1540;104.LPL771;1540;104.LPL771;CATEGORIA0;;1;1;0;1;;FAROL DTO. ELECT. C/FARL NEV.;FAROL DTO. ELECT. C/FARL NEV.;0;;
61;1540;104.LPL772;1540;104.LPL772;CATEGORIA0;;1;1;0;1;;FAROL ESQ. ELECT. C/FARL NEV.;FAROL ESQ. ELECT. C/FARL NEV.;0;;
61;1540;104.LPN132;1540;104.LPN132;CATEGORIA0;;1;1;0;1;;FAROL ESQ.;FAROL ESQ.;0;;
61;1540;104.LPO401;1540;104.LPO401;CATEGORIA0;;1;1;0;1;;MEGANE 12 - FAROL DTO. M/MARELLI;MEGANE 12 - FAROL DTO. M/MARELLI;0;;
61;1540;104.LPP591;1540;104.LPP591;CATEGORIA0;;1;1;0;1;;GIULIETTA 10- FAROL DTO.;GIULIETTA 10- FAROL DTO.;0;;
61;1540;104.LPP821;1540;104.LPP821;CATEGORIA0;;1;1;0;1;;FAROL DTO.;FAROL DTO.;0;;
61;1540;104.LPR381;1540;104.LPR381;CATEGORIA0;;1;1;0;1;;FAROL DTO MARELLI;FAROL DTO MARELLI;0;;
61;1540;1044311;1540;1044311;CATEGORIA0;;1;1;0;1;;SUPORTE P/CH;SUPORTE P/CH;0;;
61;1540;1047111;1540;1047111;CATEGORIA0;;1;1;0;1;;P/CHOQUES FORD;P/CHOQUES FORD;0;;
61;1540;105.0101011;1540;105.0101011;CATEGORIA0;;1;1;0;1;;ALFA 33 -89*ESP DRT C/C;ALFA 33 -89*ESP DRT C/C;0;;
61;1540;105.0103012;1540;105.0103012;CATEGORIA0;;1;1;0;1;;ALFA 145 94-*ESP ESQ C/C;ALFA 145 94-*ESP ESQ C/C;0;;
61;1540;105.0103013;1540;105.0103013;CATEGORIA0;;1;1;0;1;;ALFA 145 94-*ESP DRT ELECT TERM;ALFA 145 94-*ESP DRT ELECT TERM;0;;
61;1540;105.0103014;1540;105.0103014;CATEGORIA0;;1;1;0;1;;ALFA 145 94-*ESP ESQ ELECT TERM;ALFA 145 94-*ESP ESQ ELECT TERM;0;;
61;1540;105.0103020;1540;105.0103020;CATEGORIA0;;1;1;0;1;;ALFA 145/146 94-*V/ESP ESQ ASF C/SUP AZUL;ALFA 145/146 94-*V/ESP ESQ ASF C/SUP AZUL;0;;
61;1540;105.0103022;1540;105.0103022;CATEGORIA0;;1;1;0;1;;ALFA 145/146 94-*V/ESP ESQ ASF TERM C/SUP AZUL;ALFA 145/146 94-*V/ESP ESQ ASF TERM C/SUP AZUL;0;;
61;1540;105.0104011;1540;105.0104011;CATEGORIA0;;1;1;0;1;;ALFA 155 93-*ESP DRT C/C;ALFA 155 93-*ESP DRT C/C;0;;
61;1540;105.0104012;1540;105.0104012;CATEGORIA0;;1;1;0;1;;ALFA 155 93-*ESP ESQ C/C;ALFA 155 93-*ESP ESQ C/C;0;;
61;1540;105.0104013;1540;105.0104013;CATEGORIA0;;1;1;0;1;;ALFA 155 93-*ESPELHO ELECT DRT;ALFA 155 93-*ESPELHO ELECT DRT;0;;
61;1540;105.0104014;1540;105.0104014;CATEGORIA0;;1;1;0;1;;ALFA 155 93-*ESPELHO ELECT ESQ;ALFA 155 93-*ESPELHO ELECT ESQ;0;;
61;1540;105.0104015;1540;105.0104015;CATEGORIA0;;1;1;0;1;;ALFA 155 93-*ESP DRT ELECT TERM C/SON;ALFA 155 93-*ESP DRT ELECT TERM C/SON;0;;
61;1540;105.0104016;1540;105.0104016;CATEGORIA0;;1;1;0;1;;ALFA 155 93-*ESP ESQ ELECT TERM C/SON;ALFA 155 93-*ESP ESQ ELECT TERM C/SON;0;;
61;1540;105.0105011;1540;105.0105011;CATEGORIA0;;1;1;0;1;;ALFA 146 95-*ESP DRT C/C;ALFA 146 95-*ESP DRT C/C;0;;
61;1540;105.0105013;1540;105.0105013;CATEGORIA0;;1;1;0;1;;ALFA 146 95-*ESP DRT ELECT;ALFA 146 95-*ESP DRT ELECT;0;;
61;1540;105.0105014;1540;105.0105014;CATEGORIA0;;1;1;0;1;;ALFA 146 95-*ESP ESQ ELECT;ALFA 146 95-*ESP ESQ ELECT;0;;
61;1540;105.0105016;1540;105.0105016;CATEGORIA0;;1;1;0;1;;ALFA 146 95-*ESP ESQ ELECT P/P TERM AZUL;ALFA 146 95-*ESP ESQ ELECT P/P TERM AZUL;0;;
61;1540;105.0106011;1540;105.0106011;CATEGORIA0;;1;1;0;1;;ALFA 147 00-*ESP DRT ELECT P/P TERM;ALFA 147 00-*ESP DRT ELECT P/P TERM;0;;
61;1540;105.0106012;1540;105.0106012;CATEGORIA0;;1;1;0;1;;ALFA 147 00-*ESP ESQ ELECT P/P TERM C/SON;ALFA 147 00-*ESP ESQ ELECT P/P TERM C/SON;0;;
61;1540;105.0106017;1540;105.0106017;CATEGORIA0;;1;1;0;1;;ALFA 147 00-*CAPA ESP DRT P/P;ALFA 147 00-*CAPA ESP DRT P/P;0;;
61;1540;105.0106018;1540;105.0106018;CATEGORIA0;;1;1;0;1;;ALFA 147 00-*CAPA ESP ESQ P/P;ALFA 147 00-*CAPA ESP ESQ P/P;0;;
61;1540;105.0106019;1540;105.0106019;CATEGORIA0;;1;1;0;1;;ALFA 147 00-*V/ESP DRT TERM C/SUP;ALFA 147 00-*V/ESP DRT TERM C/SUP;0;;
61;1540;105.0106020;1540;105.0106020;CATEGORIA0;;1;1;0;1;;ALFA 147 00-*V/ESP ESQ ASF TERM C/SUP;ALFA 147 00-*V/ESP ESQ ASF TERM C/SUP;0;;
61;1540;105.0108011;1540;105.0108011;CATEGORIA0;;1;1;0;1;;ALFA 156*ESP DRT ELECT P/P CONV TERM C/SEN AZUL;ALFA 156*ESP DRT ELECT P/P CONV TERM C/SEN AZUL;0;;
61;1540;105.0108012;1540;105.0108012;CATEGORIA0;;1;1;0;1;;ALFA 156*ESP ESQ ELECT P/P CONV TERM AZUL;ALFA 156*ESP ESQ ELECT P/P CONV TERM AZUL;0;;
61;1540;105.0108013;1540;105.0108013;CATEGORIA0;;1;1;0;1;;ALFA 156*ESP DRT ELECT CONV TERM AZUL;ALFA 156*ESP DRT ELECT CONV TERM AZUL;0;;
61;1540;105.0108014;1540;105.0108014;CATEGORIA0;;1;1;0;1;;ALFA 156*ESP ESQ ELECT CONV TERM AZUL;ALFA 156*ESP ESQ ELECT CONV TERM AZUL;0;;
61;1540;105.0108015;1540;105.0108015;CATEGORIA0;;1;1;0;1;;ALFA 156*V/ESP DRT CONV TERM C/SUP AZUL;ALFA 156*V/ESP DRT CONV TERM C/SUP AZUL;0;;
61;1540;105.0108016;1540;105.0108016;CATEGORIA0;;1;1;0;1;;ALFA 156*V/ESP ESQ C/SUP AZUL TER CONV;ALFA 156*V/ESP ESQ C/SUP AZUL TER CONV;0;;
61;1540;105.0108017;1540;105.0108017;CATEGORIA0;;1;1;0;1;;ALFA 156*V/ESP ESQ ASF TERM AZUL;ALFA 156*V/ESP ESQ ASF TERM AZUL;0;;
61;1540;105.0108019;1540;105.0108019;CATEGORIA0;;1;1;0;1;;ALFA 156*ESP DRT ELECT P/P TERM C/SON=0108011;ALFA 156*ESP DRT ELECT P/P TERM C/SON=0108011;0;;
61;1540;105.0108020;1540;105.0108020;CATEGORIA0;;1;1;0;1;;ALFA 156*ESP ESQ ELECT P/P TERM C/SON=0108012;ALFA 156*ESP ESQ ELECT P/P TERM C/SON=0108012;0;;
61;1540;105.0109111;1540;105.0109111;CATEGORIA0;;1;1;0;1;;ALFA 166 98-*ESP DRT ELECT P/P TERM;ALFA 166 98-*ESP DRT ELECT P/P TERM;0;;
61;1540;105.0109112;1540;105.0109112;CATEGORIA0;;1;1;0;1;;ALFA 166 98-*ESP ESQ ELECT P/P ASF TERM C/SON;ALFA 166 98-*ESP ESQ ELECT P/P ASF TERM C/SON;0;;
61;1540;105.0109113;1540;105.0109113;CATEGORIA0;;1;1;0;1;;ALFA 166 98-*ESP DRT ELECT P/P REB TERM C/SON;ALFA 166 98-*ESP DRT ELECT P/P REB TERM C/SON;0;;
61;1540;105.0109114;1540;105.0109114;CATEGORIA0;;1;1;0;1;;ALFA 166 98-*ESP ESQ ELECT P/P REB TERM C/SON;ALFA 166 98-*ESP ESQ ELECT P/P REB TERM C/SON;0;;
61;1540;105.0109115;1540;105.0109115;CATEGORIA0;;1;1;0;1;;ALFA 166 98-*V/ESP DRT TERM C/SUP AZUL;ALFA 166 98-*V/ESP DRT TERM C/SUP AZUL;0;;
61;1540;105.0112011;1540;105.0112011;CATEGORIA0;;1;1;0;1;;ALFA 159 05-*ESP DRT ELECT CONV TERM AZUL;ALFA 159 05-*ESP DRT ELECT CONV TERM AZUL;0;;
61;1540;105.0112012;1540;105.0112012;CATEGORIA0;;1;1;0;1;;ALFA 159 05-*ESP ESQ ELECT CONV TERM C/SEN AZUL;ALFA 159 05-*ESP ESQ ELECT CONV TERM C/SEN AZUL;0;;
61;1540;105.0112013;1540;105.0112013;CATEGORIA0;;1;1;0;1;;ALFA 159 05-*ESP DRT ELECT P/P CONV TERM AZUL;ALFA 159 05-*ESP DRT ELECT P/P CONV TERM AZUL;0;;
61;1540;105.0112014;1540;105.0112014;CATEGORIA0;;1;1;0;1;;ALFA 159 05-*ESP ESQ ELECT P/P ASF TERM C/SEN AZUL;ALFA 159 05-*ESP ESQ ELECT P/P ASF TERM C/SEN AZUL;0;;
61;1540;105.0112015;1540;105.0112015;CATEGORIA0;;1;1;0;1;;ALFA 159 05-*ESP DRT ELECT P/P CONV TERM REB C/SEN AZUL;ALFA 159 05-*ESP DRT ELECT P/P CONV TERM REB C/SEN AZUL;0;;
61;1540;105.0112016;1540;105.0112016;CATEGORIA0;;1;1;0;1;;ALFA 159 05-*ESP ESQ ELECT P/P ASF TERM REB C/SEN AZUL;ALFA 159 05-*ESP ESQ ELECT P/P ASF TERM REB C/SEN AZUL;0;;
61;1540;105.0112017;1540;105.0112017;CATEGORIA0;;1;1;0;1;;ALFA 159 05-/MITO 09-*CAPA ESP DRT PRETA;ALFA 159 05-/MITO 09-*CAPA ESP DRT PRETA;0;;
61;1540;105.0112018;1540;105.0112018;CATEGORIA0;;1;1;0;1;;ALFA 159 05-/MITO 09-*CAPA ESP ESQ PRETA;ALFA 159 05-/MITO 09-*CAPA ESP ESQ PRETA;0;;
61;1540;105.0112019;1540;105.0112019;CATEGORIA0;;1;1;0;1;;ALFA 159 05-/MITO 09-*CAPA ESP DRT P/P;ALFA 159 05-/MITO 09-*CAPA ESP DRT P/P;0;;
61;1540;105.0112020;1540;105.0112020;CATEGORIA0;;1;1;0;1;;ALFA 159 05-/MITO 09-*CAPA ESP ESQ P/P;ALFA 159 05-/MITO 09-*CAPA ESP ESQ P/P;0;;
61;1540;105.0112021;1540;105.0112021;CATEGORIA0;;1;1;0;1;;ALFA 159 05-/MITO 09-*V/ESP DRT CONV TERM AZUL;ALFA 159 05-/MITO 09-*V/ESP DRT CONV TERM AZUL;0;;
61;1540;105.0112022;1540;105.0112022;CATEGORIA0;;1;1;0;1;;ALFA 159 05-/MITO 09-*V/ESP ESQ CONV TERM AZUL;ALFA 159 05-/MITO 09-*V/ESP ESQ CONV TERM AZUL;0;;
61;1540;105.0112023;1540;105.0112023;CATEGORIA0;;1;1;0;1;;ALFA 159 05-/MITO 09-*V/ESP ESQ ASF TERM AZUL;ALFA 159 05-/MITO 09-*V/ESP ESQ ASF TERM AZUL;0;;
61;1540;105.0113111;1540;105.0113111;CATEGORIA0;;1;1;0;1;;ALFA MITO 09-*ESP DRT ELECT P/P CONV TERM C/SEN AZUL;ALFA MITO 09-*ESP DRT ELECT P/P CONV TERM C/SEN AZUL;0;;
61;1540;105.0113112;1540;105.0113112;CATEGORIA0;;1;1;0;1;;ALFA MITO 09-*ESP ESQ ELECT P/P ASF TERM AZUL;ALFA MITO 09-*ESP ESQ ELECT P/P ASF TERM AZUL;0;;
61;1540;105.0113113;1540;105.0113113;CATEGORIA0;;1;1;0;1;;ALFA MITO 09-* ESP DRT ELCT, P/P TERM REB;ALFA MITO 09-* ESP DRT ELCT, P/P TERM REB;0;;
61;1540;105.0113114;1540;105.0113114;CATEGORIA0;;1;1;0;1;;ALFA MITO 09-*ESP ESQ ELECT P/P ASF TERM REB AZUL;ALFA MITO 09-*ESP ESQ ELECT P/P ASF TERM REB AZUL;0;;
61;1540;105.0114011;1540;105.0114011;CATEGORIA0;;1;1;0;1;;ALFA GIULIETTA 10-*ESP DRT ELECT P/P CONV TERM REB C/SEN AZU;ALFA GIULIETTA 10-*ESP DRT ELECT P/P CONV TERM REB C/SEN AZU;0;;
61;1540;105.0114012;1540;105.0114012;CATEGORIA0;;1;1;0;1;;ALFA GIULIETTA 10-*ESP ESQ ELECT P/P ASF TERM REB AZUL 7PIN;ALFA GIULIETTA 10-*ESP ESQ ELECT P/P ASF TERM REB AZUL 7PIN;0;;
61;1540;105.0114013;1540;105.0114013;CATEGORIA0;;1;1;0;1;;ALFA GIULIETTA 10-*ESP DRT ELECT P/P CONV TERM C/SEN AZUL 7P;ALFA GIULIETTA 10-*ESP DRT ELECT P/P CONV TERM C/SEN AZUL 7P;0;;
61;1540;105.0114014;1540;105.0114014;CATEGORIA0;;1;1;0;1;;ALFA GIULIETTA 10-*ESP ESQ EL P/P ASF TER AZUL;ALFA GIULIETTA 10-*ESP ESQ EL P/P ASF TER AZUL;0;;
61;1540;105.0114015;1540;105.0114015;CATEGORIA0;;1;1;0;1;;ALFA GIULIETTA 10-*V/ESP DRT CONV AZUL TERMICO;ALFA GIULIETTA 10-*V/ESP DRT CONV AZUL TERMICO;0;;
61;1540;105.0114016;1540;105.0114016;CATEGORIA0;;1;1;0;1;;ALFA GIULIETTA 10-*V/ESP ESQ ASF TERM AZUL;ALFA GIULIETTA 10-*V/ESP ESQ ASF TERM AZUL;0;;
61;1540;105.0201011;1540;105.0201011;CATEGORIA0;;1;1;0;1;;AUDI 80 86-*ESP DRT C/C;AUDI 80 86-*ESP DRT C/C;0;;
61;1540;105.0201012;1540;105.0201012;CATEGORIA0;;1;1;0;1;;AUDI 80 86-*ESP ESQ C/C;AUDI 80 86-*ESP ESQ C/C;0;;
61;1540;105.0201013;1540;105.0201013;CATEGORIA0;;1;1;0;1;;AUDI 80 86-*ESPELHO DRT ELEC TERMICO;AUDI 80 86-*ESPELHO DRT ELEC TERMICO;0;;
61;1540;105.0201014;1540;105.0201014;CATEGORIA0;;1;1;0;1;;AUDI 80 86-*ESP ESQ ELECT TERM;AUDI 80 86-*ESP ESQ ELECT TERM;0;;
61;1540;105.0203013;1540;105.0203013;CATEGORIA0;;1;1;0;1;;AUDI A4 94-*ESP DRT ELECT CONV TERM AZUL MOD PEQUENO;AUDI A4 94-*ESP DRT ELECT CONV TERM AZUL MOD PEQUENO;0;;
61;1540;105.0203014;1540;105.0203014;CATEGORIA0;;1;1;0;1;;AUDI A4 94-*ESPELHO COMP ESQ ELEC TERMIC;AUDI A4 94-*ESPELHO COMP ESQ ELEC TERMIC;0;;
61;1540;105.0203017;1540;105.0203017;CATEGORIA0;;1;1;0;1;;AUDI A3 96-/A4 94-/A6 94-*CAPA ESP DRT P/P;AUDI A3 96-/A4 94-/A6 94-*CAPA ESP DRT P/P;0;;
61;1540;105.0203018;1540;105.0203018;CATEGORIA0;;1;1;0;1;;AUDI A3 96-/A4 94-/A6 94-*CARCASSA ESP ESQ P/P;AUDI A3 96-/A4 94-/A6 94-*CARCASSA ESP ESQ P/P;0;;
61;1540;105.0203019;1540;105.0203019;CATEGORIA0;;1;1;0;1;;AUDI A4 94-*ESP ESQ ELECT ASF TERM AZUL MOD GRANDE;AUDI A4 94-*ESP ESQ ELECT ASF TERM AZUL MOD GRANDE;0;;
61;1540;105.0204013;1540;105.0204013;CATEGORIA0;;1;1;0;1;;AUDI A3 96-*ESP DRT ELECT P/P TERM AZUL MOD PEQUENO;AUDI A3 96-*ESP DRT ELECT P/P TERM AZUL MOD PEQUENO;0;;
61;1540;105.0204014;1540;105.0204014;CATEGORIA0;;1;1;0;1;;AUDI A3 96-*ESP ESQ ELECT P/P CONV TERM AZUL MOD GRANDE;AUDI A3 96-*ESP ESQ ELECT P/P CONV TERM AZUL MOD GRANDE;0;;
61;1540;105.0204017;1540;105.0204017;CATEGORIA0;;1;1;0;1;;VIDRO ESP. AZUL DRT. AUDI A3/A4/A6/A8;VIDRO ESP. AZUL DRT. AUDI A3/A4/A6/A8;0;;
61;1540;105.0204018;1540;105.0204018;CATEGORIA0;;1;1;0;1;;VIDRO ESP. AUDI A3/A4/A6/A8;VIDRO ESP. AUDI A3/A4/A6/A8;0;;
61;1540;105.0204019;1540;105.0204019;CATEGORIA0;;1;1;0;1;;AUDI A3/A4/A6 94-*ESP INT;AUDI A3/A4/A6 94-*ESP INT;0;;
61;1540;105.0204021;1540;105.0204021;CATEGORIA0;;1;1;0;1;;AUDI A3 96-*ESP ESQ ELEC ASF AZUL TER P/P;AUDI A3 96-*ESP ESQ ELEC ASF AZUL TER P/P;0;;
61;1540;105.0205011;1540;105.0205011;CATEGORIA0;;1;1;0;1;;AUDI A6 94-96*ESP DRT ELECT TERM;AUDI A6 94-96*ESP DRT ELECT TERM;0;;
61;1540;105.0205012;1540;105.0205012;CATEGORIA0;;1;1;0;1;;AUDI A6 94-96*ESP ESQ ELECT TERM;AUDI A6 94-96*ESP ESQ ELECT TERM;0;;
61;1540;105.0206011;1540;105.0206011;CATEGORIA0;;1;1;0;1;;AUDI A6 97-*ESP DRT ELECT P/P CONV TERM;AUDI A6 97-*ESP DRT ELECT P/P CONV TERM;0;;
61;1540;105.0206012;1540;105.0206012;CATEGORIA0;;1;1;0;1;;AUDI A6 97-*ESP ESQ ELECT P/P ASF TERM;AUDI A6 97-*ESP ESQ ELECT P/P ASF TERM;0;;
61;1540;105.0206015;1540;105.0206015;CATEGORIA0;;1;1;0;1;;AUDI A6 97-*V/ESP DRT CONV TERM;AUDI A6 97-*V/ESP DRT CONV TERM;0;;
61;1540;105.0206016;1540;105.0206016;CATEGORIA0;;1;1;0;1;;AUDI A6 97-*V/ESP ESQ ASF TERM;AUDI A6 97-*V/ESP ESQ ASF TERM;0;;
61;1540;105.0206017;1540;105.0206017;CATEGORIA0;;1;1;0;1;;AUDI A6 97-*CAPA ESP DRT P/P;AUDI A6 97-*CAPA ESP DRT P/P;0;;
61;1540;105.0206018;1540;105.0206018;CATEGORIA0;;1;1;0;1;;AUDI A6 97-*CAPA ESP ESQ P/P;AUDI A6 97-*CAPA ESP ESQ P/P;0;;
61;1540;105.0208113;1540;105.0208113;CATEGORIA0;;1;1;0;1;;AUDI A4 01-*ESP DRT ELECT P/P TERM;AUDI A4 01-*ESP DRT ELECT P/P TERM;0;;
61;1540;105.0208114;1540;105.0208114;CATEGORIA0;;1;1;0;1;;AUDI A4 01-*ESPELHO ESQ EL TER P/P;AUDI A4 01-*ESPELHO ESQ EL TER P/P;0;;
61;1540;105.0208115;1540;105.0208115;CATEGORIA0;;1;1;0;1;;AUDI A4 01-*ESP.DRT ELECT P/P TERM REB;AUDI A4 01-*ESP.DRT ELECT P/P TERM REB;0;;
61;1540;105.0208116;1540;105.0208116;CATEGORIA0;;1;1;0;1;;AUDI A4 01-*ESP.ESQ ELECT P/P TERM REB;AUDI A4 01-*ESP.ESQ ELECT P/P TERM REB;0;;
61;1540;105.0208117;1540;105.0208117;CATEGORIA0;;1;1;0;1;;AUDI A3 03-/A4 01-/A6 04-*V/ESP DRT CONV TERM;AUDI A3 03-/A4 01-/A6 04-*V/ESP DRT CONV TERM;0;;
61;1540;105.0208118;1540;105.0208118;CATEGORIA0;;1;1;0;1;;AUDI A3 03-/A4 01-/A6 04-*V/ESP ESQ TER ASF;AUDI A3 03-/A4 01-/A6 04-*V/ESP ESQ TER ASF;0;;
61;1540;105.0208119;1540;105.0208119;CATEGORIA0;;1;1;0;1;;AUDI A3 03-/A4 01-07/A6 04-*CARCASSA ESP DRT P/P;AUDI A3 03-/A4 01-07/A6 04-*CARCASSA ESP DRT P/P;0;;
61;1100;105.0208121;1100;105.0208121;CATEGORIA0;;1;1;0;1;;VIDRO ESPELHO RET.;VIDRO ESPELHO RET.;0;;
61;1540;105.0209113;1540;105.0209113;CATEGORIA0;;1;1;0;1;;ESPELHO DRT. AZUL AUDI A3 00-;ESPELHO DRT. AZUL AUDI A3 00-;0;;
61;1540;105.0209114;1540;105.0209114;CATEGORIA0;;1;1;0;1;;AUDI A3 00-*ESP ESQ ELECT ASF TERM AZUL (3P);AUDI A3 00-*ESP ESQ ELECT ASF TERM AZUL (3P);0;;
61;1540;105.0209115;1540;105.0209115;CATEGORIA0;;1;1;0;1;;AUDI A3 00-*/A6 97-*V/ESP DRT C/SUP AZUL TERMI;AUDI A3 00-*/A6 97-*V/ESP DRT C/SUP AZUL TERMI;0;;
61;1540;105.0209116;1540;105.0209116;CATEGORIA0;;1;1;0;1;;AUDI A3 00-*/A6 97-*V/ESP ESQ C/SUP AZUL TERM ASF.;AUDI A3 00-*/A6 97-*V/ESP ESQ C/SUP AZUL TERM ASF.;0;;
61;1540;105.0209117;1540;105.0209117;CATEGORIA0;;1;1;0;1;;ESPELHO DRT. A3 00-;ESPELHO DRT. A3 00-;0;;
61;1540;105.0209118;1540;105.0209118;CATEGORIA0;;1;1;0;1;;AUDI A3 00-*ESPELHO ESQ EL.TERM.ASF.AZUL 5P;AUDI A3 00-*ESPELHO ESQ EL.TERM.ASF.AZUL 5P;0;;
61;1540;105.0213013;1540;105.0213013;CATEGORIA0;;1;1;0;1;;AUDI A3 03-*ESP DRT ELECT P/P TERM (3P);AUDI A3 03-*ESP DRT ELECT P/P TERM (3P);0;;
61;1540;105.0213014;1540;105.0213014;CATEGORIA0;;1;1;0;1;;AUDI A3 03-*ESP ESQ ELECT P/P TERM (3P);AUDI A3 03-*ESP ESQ ELECT P/P TERM (3P);0;;
61;1540;105.0213017;1540;105.0213017;CATEGORIA0;;1;1;0;1;;AUDI A3 03-*ESP DRT ELECT P/P TERM (5P);AUDI A3 03-*ESP DRT ELECT P/P TERM (5P);0;;
61;1540;105.0213018;1540;105.0213018;CATEGORIA0;;1;1;0;1;;AUDI A3 03-*ESP ESQ ELECT P/P TERM (5P);AUDI A3 03-*ESP ESQ ELECT P/P TERM (5P);0;;
61;1540;105.0214011;1540;105.0214011;CATEGORIA0;;1;1;0;1;;AUDI A4 04-*ESP DRT ELECT P/P TERM;AUDI A4 04-*ESP DRT ELECT P/P TERM;0;;
61;1540;105.0214012;1540;105.0214012;CATEGORIA0;;1;1;0;1;;AUDI A4 04-*ESP ESQ ELECT P/P TERM;AUDI A4 04-*ESP ESQ ELECT P/P TERM;0;;
61;1540;105.0214017;1540;105.0214017;CATEGORIA0;;1;1;0;1;;AUDI A4 01-/04-*V/ESP DRT ASF C/SUP (GRANDE) =0208121;AUDI A4 01-/04-*V/ESP DRT ASF C/SUP (GRANDE) =0208121;0;;
61;1540;105.0214018;1540;105.0214018;CATEGORIA0;;1;1;0;1;;AUDI A3 03-/A4 00-/A6 94-*V/ESP ESQ ASF TERM C/SUP =0208118;AUDI A3 03-/A4 00-/A6 94-*V/ESP ESQ ASF TERM C/SUP =0208118;0;;
61;1540;105.0214019;1540;105.0214019;CATEGORIA0;;1;1;0;1;;AUDI A4 04-*CAPA ESP DRT P/P =0208119;AUDI A4 04-*CAPA ESP DRT P/P =0208119;0;;
61;1540;105.0214020;1540;105.0214020;CATEGORIA0;;1;1;0;1;;AUDI A4 04-*CAPA ESP ESQ P/P =0208120;AUDI A4 04-*CAPA ESP ESQ P/P =0208120;0;;
61;1540;105.0218017;1540;105.0218017;CATEGORIA0;;1;1;0;1;;AUDI A2 00-*V/ESP DRT CONV C/SUP;AUDI A2 00-*V/ESP DRT CONV C/SUP;0;;
61;1540;105.0218018;1540;105.0218018;CATEGORIA0;;1;1;0;1;;AUDI A2 00-*V/ESP ESQ ASF C/SUP;AUDI A2 00-*V/ESP ESQ ASF C/SUP;0;;
61;1540;105.0218019;1540;105.0218019;CATEGORIA0;;1;1;0;1;;AUDI A2 00-*V/ESP DRT CONV TERM C/SUP;AUDI A2 00-*V/ESP DRT CONV TERM C/SUP;0;;
61;1540;105.0218020;1540;105.0218020;CATEGORIA0;;1;1;0;1;;AUDI A2 00-*V/ESP ESQ ASF TERM C/SUP;AUDI A2 00-*V/ESP ESQ ASF TERM C/SUP;0;;
61;1540;105.0224011;1540;105.0224011;CATEGORIA0;;1;1;0;1;;AUDI A4 07-*ESP DRT ELECT P/P CONV TERM C/PIS 6PIN;AUDI A4 07-*ESP DRT ELECT P/P CONV TERM C/PIS 6PIN;0;;
61;1540;105.0224012;1540;105.0224012;CATEGORIA0;;1;1;0;1;;AUDI A4 07-*ESP ESQ ELECT P/P ASF TERM C/PIS 6PIN;AUDI A4 07-*ESP ESQ ELECT P/P ASF TERM C/PIS 6PIN;0;;
61;1540;105.0224013;1540;105.0224013;CATEGORIA0;;1;1;0;1;;AUDI A4 07-*ESP DRT ELECT P/P TERM REB MEM C/PIS 14PIN;AUDI A4 07-*ESP DRT ELECT P/P TERM REB MEM C/PIS 14PIN;0;;
61;1540;105.0224014;1540;105.0224014;CATEGORIA0;;1;1;0;1;;AUDI A4 07-*ESP ESQ ELECT P/P TERM REB MEM C/PIS 14PIN;AUDI A4 07-*ESP ESQ ELECT P/P TERM REB MEM C/PIS 14PIN;0;;
61;1540;105.0225011;1540;105.0225011;CATEGORIA0;;1;1;0;1;;AUDI A3 08-10*ESP DRT ELECT P/P CONV TERM C/PIS 8PIN (3P);AUDI A3 08-10*ESP DRT ELECT P/P CONV TERM C/PIS 8PIN (3P);0;;
61;1540;105.0225012;1540;105.0225012;CATEGORIA0;;1;1;0;1;;AUDI A3 08-10*ESP ESQ ELECT P/P ASF TERM C/PIS 8PIN (3P);AUDI A3 08-10*ESP ESQ ELECT P/P ASF TERM C/PIS 8PIN (3P);0;;
61;1540;105.0225013;1540;105.0225013;CATEGORIA0;;1;1;0;1;;AUDI A3 08-10*ESP DRT ELECT P/P TERM REB C/PIS 10PIN (3P);AUDI A3 08-10*ESP DRT ELECT P/P TERM REB C/PIS 10PIN (3P);0;;
61;1540;105.0225014;1540;105.0225014;CATEGORIA0;;1;1;0;1;;AUDI A3 08-10*ESP ESQ ELECT P/P TERM REB C/PIS 10PIN (3P);AUDI A3 08-10*ESP ESQ ELECT P/P TERM REB C/PIS 10PIN (3P);0;;
61;1540;105.0225015;1540;105.0225015;CATEGORIA0;;1;1;0;1;;AUDI A3 08-10*ESP DRT ELECT P/P CONV TERM C/PIS 8PIN (5P);AUDI A3 08-10*ESP DRT ELECT P/P CONV TERM C/PIS 8PIN (5P);0;;
61;1540;105.0225016;1540;105.0225016;CATEGORIA0;;1;1;0;1;;AUDI A3 08-10*ESP ESQ ELECT P/P ASF TERM C/PIS 8PIN (5P);AUDI A3 08-10*ESP ESQ ELECT P/P ASF TERM C/PIS 8PIN (5P);0;;
61;1540;105.0225017;1540;105.0225017;CATEGORIA0;;1;1;0;1;;AUDI A3 08-10*ESP DRT ELECT P/P TERM REB C/PIS 10PIN (5P);AUDI A3 08-10*ESP DRT ELECT P/P TERM REB C/PIS 10PIN (5P);0;;
61;1540;105.0225018;1540;105.0225018;CATEGORIA0;;1;1;0;1;;AUDI A3 08-10*ESP ESQ ELECT P/P TERM REB C/PIS 10PIN (5P);AUDI A3 08-10*ESP ESQ ELECT P/P TERM REB C/PIS 10PIN (5P);0;;
61;1540;105.0225019;1540;105.0225019;CATEGORIA0;;1;1;0;1;;AUDI A3 08-10*/A4/A5 07-/Q3 11-*V/ESP DRT CONV TERM;AUDI A3 08-10*/A4/A5 07-/Q3 11-*V/ESP DRT CONV TERM;0;;
61;1540;105.0225022;1540;105.0225022;CATEGORIA0;;1;1;0;1;;AUDI A3 08-10*/A4/A5 07-/Q3 11-*V/ESP ESQ TERM ASF;AUDI A3 08-10*/A4/A5 07-/Q3 11-*V/ESP ESQ TERM ASF;0;;
61;1540;105.0225023;1540;105.0225023;CATEGORIA0;;1;1;0;1;;AUDI A3 08-10*/A4 07-*CAPA ESP DRT P/P;AUDI A3 08-10*/A4 07-*CAPA ESP DRT P/P;0;;
61;1540;105.0225024;1540;105.0225024;CATEGORIA0;;1;1;0;1;;AUDI A3 08-10*/A4 07-*CARCASSA ESP ESQ P/P;AUDI A3 08-10*/A4 07-*CARCASSA ESP ESQ P/P;0;;
61;1540;105.0225025;1540;105.0225025;CATEGORIA0;;1;1;0;1;;AUDI A3 10-*ESP DRT ELECT P/P CONV TERM C/PIS 8PIN (3P);AUDI A3 10-*ESP DRT ELECT P/P CONV TERM C/PIS 8PIN (3P);0;;
61;1540;105.0225026;1540;105.0225026;CATEGORIA0;;1;1;0;1;;AUDI A3 10-*ESP ESQ ELECT P/P ASF TERM C/PIS 8PIN (3P);AUDI A3 10-*ESP ESQ ELECT P/P ASF TERM C/PIS 8PIN (3P);0;;
61;1540;105.0225027;1540;105.0225027;CATEGORIA0;;1;1;0;1;;AUDI A3 10-*ESP DRT ELECT P/P CONV TERM REB C/PIS 10PIN (3P);AUDI A3 10-*ESP DRT ELECT P/P CONV TERM REB C/PIS 10PIN (3P);0;;
61;1540;105.0225028;1540;105.0225028;CATEGORIA0;;1;1;0;1;;AUDI A3 10-*ESP ESQ ELECT P/P ASF TERM REB C/PIS 10PIN (3P);AUDI A3 10-*ESP ESQ ELECT P/P ASF TERM REB C/PIS 10PIN (3P);0;;
61;1540;105.0225029;1540;105.0225029;CATEGORIA0;;1;1;0;1;;AUDI A3 10-*ESP DRT ELECT P/P CONV TERM C/PIS 8PIN (5P);AUDI A3 10-*ESP DRT ELECT P/P CONV TERM C/PIS 8PIN (5P);0;;
61;1540;105.0225030;1540;105.0225030;CATEGORIA0;;1;1;0;1;;AUDI A3 10-*ESP ESQ ELECT P/P ASF TERM C/PIS 8PIN (5P);AUDI A3 10-*ESP ESQ ELECT P/P ASF TERM C/PIS 8PIN (5P);0;;
61;1540;105.0225031;1540;105.0225031;CATEGORIA0;;1;1;0;1;;AUDI A3 10-*ESP DRT ELECT P/P CONV TERM REB C/PIS 10PIN (5P);AUDI A3 10-*ESP DRT ELECT P/P CONV TERM REB C/PIS 10PIN (5P);0;;
61;1540;105.0225032;1540;105.0225032;CATEGORIA0;;1;1;0;1;;AUDI A3 10-*ESP ESQ ELECT P/P ASF TERM REB C/PIS 10PIN (5P);AUDI A3 10-*ESP ESQ ELECT P/P ASF TERM REB C/PIS 10PIN (5P);0;;
61;1540;105.0227011;1540;105.0227011;CATEGORIA0;;1;1;0;1;;AUDI A1 10-*ESP DRT ELECT P/P CONV TERM REB C/PIS 8PIN;AUDI A1 10-*ESP DRT ELECT P/P CONV TERM REB C/PIS 8PIN;0;;
61;1540;105.0227012;1540;105.0227012;CATEGORIA0;;1;1;0;1;;AUDI A1 10-*ESP ESQ ELECT P/P ASF TERM REB C/PIS 8PIN;AUDI A1 10-*ESP ESQ ELECT P/P ASF TERM REB C/PIS 8PIN;0;;
61;1540;105.0227015;1540;105.0227015;CATEGORIA0;;1;1;0;1;;AUDI A1 10-*V/ESP DRT CONV TERM;AUDI A1 10-*V/ESP DRT CONV TERM;0;;
61;1540;105.0227016;1540;105.0227016;CATEGORIA0;;1;1;0;1;;AUDI A1 10-*V/ESP ESQ ASF TERM;AUDI A1 10-*V/ESP ESQ ASF TERM;0;;
61;1540;105.0227017;1540;105.0227017;CATEGORIA0;;1;1;0;1;;AUDI A1 10-*CAPA ESP DRT P/P;AUDI A1 10-*CAPA ESP DRT P/P;0;;
61;1540;105.0227018;1540;105.0227018;CATEGORIA0;;1;1;0;1;;AUDI A1 10-*CAPA ESP ESQ P/P;AUDI A1 10-*CAPA ESP ESQ P/P;0;;
61;1540;105.0228011;1540;105.0228011;CATEGORIA0;;1;1;0;1;;AUDI A4 12-*ESP DRT P/P ASF TERM MEM C/PIS 14PIN;AUDI A4 12-*ESP DRT P/P ASF TERM MEM C/PIS 14PIN;0;;
61;1540;105.0228012;1540;105.0228012;CATEGORIA0;;1;1;0;1;;AUDI A4 12-*ESP ESQ P/P ASF TERM MEM C/PIS 14PIN;AUDI A4 12-*ESP ESQ P/P ASF TERM MEM C/PIS 14PIN;0;;
61;1540;105.0228013;1540;105.0228013;CATEGORIA0;;1;1;0;1;;AUDI A4 12-*ESP DRT P/P ASF TERM REB MEM C/PIS 16PIN;AUDI A4 12-*ESP DRT P/P ASF TERM REB MEM C/PIS 16PIN;0;;
61;1540;105.0228014;1540;105.0228014;CATEGORIA0;;1;1;0;1;;AUDI A4 12-*ESP ESQ TE ASF REB C/PI P/P MEM 16PIN;AUDI A4 12-*ESP ESQ TE ASF REB C/PI P/P MEM 16PIN;0;;
61;1540;105.0228016;1540;105.0228016;CATEGORIA0;;1;1;0;1;;AUDI A4/A5 12-/A3 10-*V/ESP ESQ TERM ASF;AUDI A4/A5 12-/A3 10-*V/ESP ESQ TERM ASF;0;;
61;1540;105.0228017;1540;105.0228017;CATEGORIA0;;1;1;0;1;;AUDI A4/A5 12-/A3 10-*V/ESP ESQ TERM ASF;AUDI A4/A5 12-/A3 10-*V/ESP ESQ TERM ASF;0;;
61;1540;105.0228018;1540;105.0228018;CATEGORIA0;;1;1;0;1;;CAPA ESPELHO DTA. P/P;CAPA ESPELHO DTA. P/P;0;;
61;1540;105.0228019;1540;105.0228019;CATEGORIA0;;1;1;0;1;;AUDI A4/A5 12-/A3 10-*CAPA ESP ESQ P/P;AUDI A4/A5 12-/A3 10-*CAPA ESP ESQ P/P;0;;
61;1540;105.0229111;1540;105.0229111;CATEGORIA0;;1;1;0;1;;AUDI Q3 11-*ESP DRT ELECT TERM P/P REB MEM C/PISCA ANG/MORT;AUDI Q3 11-*ESP DRT ELECT TERM P/P REB MEM C/PISCA ANG/MORT;0;;
61;1540;105.0229112;1540;105.0229112;CATEGORIA0;;1;1;0;1;;AUDI Q3 11-*ESP ESQ ELECT TERM P/P REB ASF C/PISCA ANG/MORT;AUDI Q3 11-*ESP ESQ ELECT TERM P/P REB ASF C/PISCA ANG/MORT;0;;
61;1540;105.0229113;1540;105.0229113;CATEGORIA0;;1;1;0;1;;AUDI Q3 11-*ESP DRT ELECT TERM P/P REB MEM C/PISCA CONV 14PI;AUDI Q3 11-*ESP DRT ELECT TERM P/P REB MEM C/PISCA CONV 14PI;0;;
61;1540;105.0229114;1540;105.0229114;CATEGORIA0;;1;1;0;1;;AUDI Q3 11-*ESP ESQ ELECT TERM P/P REB C/PISCA ASF 12PIN;AUDI Q3 11-*ESP ESQ ELECT TERM P/P REB C/PISCA ASF 12PIN;0;;
61;1540;105.0229115;1540;105.0229115;CATEGORIA0;;1;1;0;1;;AUDI Q3 11-*ESP DRT ELECT TERM P/P C/PISCA CONV 8PIN;AUDI Q3 11-*ESP DRT ELECT TERM P/P C/PISCA CONV 8PIN;0;;
61;1540;105.0229116;1540;105.0229116;CATEGORIA0;;1;1;0;1;;AUDI Q3 11-*ESP ESQ ELECT TERM P/P C/PISCA ASF 8PIN;AUDI Q3 11-*ESP ESQ ELECT TERM P/P C/PISCA ASF 8PIN;0;;
61;1540;105.0230011;1540;105.0230011;CATEGORIA0;;1;1;0;1;;AUDI Q5 08-*ESP DRT ELECT TERM REB MEM C/PIS L/CORT 17PIN;AUDI Q5 08-*ESP DRT ELECT TERM REB MEM C/PIS L/CORT 17PIN;0;;
61;1540;105.0230012;1540;105.0230012;CATEGORIA0;;1;1;0;1;;AUDI Q5 08-*ESP ESQ ELECT TERM REB MEM C/PIS L/CORT 17PIN;AUDI Q5 08-*ESP ESQ ELECT TERM REB MEM C/PIS L/CORT 17PIN;0;;
61;1540;105.0230015;1540;105.0230015;CATEGORIA0;;1;1;0;1;;AUDI Q5/Q7 08-*V/ESP DRT CONV TERM;AUDI Q5/Q7 08-*V/ESP DRT CONV TERM;0;;
61;1540;105.0230016;1540;105.0230016;CATEGORIA0;;1;1;0;1;;AUDI Q5/Q7 08-*V/ESP ESQ ASF TERM;AUDI Q5/Q7 08-*V/ESP ESQ ASF TERM;0;;
61;1540;105.0230017;1540;105.0230017;CATEGORIA0;;1;1;0;1;;AUDI Q5/Q7 08-*CAPA ESP DRT P/P;AUDI Q5/Q7 08-*CAPA ESP DRT P/P;0;;
61;1540;105.0230018;1540;105.0230018;CATEGORIA0;;1;1;0;1;;AUDI Q5/Q7 08-*CAPA ESP ESQ P/P;AUDI Q5/Q7 08-*CAPA ESP ESQ P/P;0;;
61;1540;105.0230019;1540;105.0230019;CATEGORIA0;;1;1;0;1;;AUDI Q5/Q7 08-*CAPA ESP DRT P/P INF;AUDI Q5/Q7 08-*CAPA ESP DRT P/P INF;0;;
61;1540;105.0230020;1540;105.0230020;CATEGORIA0;;1;1;0;1;;AUDI Q5/Q7 08-*CAPA ESP ESQ P/P INF;AUDI Q5/Q7 08-*CAPA ESP ESQ P/P INF;0;;
61;1540;105.0232011;1540;105.0232011;CATEGORIA0;;1;1;0;1;;AUDI A6 11-*ESP DRT EL TE REB ASF C/PIS MEM 16PIN;AUDI A6 11-*ESP DRT EL TE REB ASF C/PIS MEM 16PIN;0;;
61;1540;105.0232012;1540;105.0232012;CATEGORIA0;;1;1;0;1;;AUDI A6 11-*ESP ESQ ELECT ASF TERM REB MEM C/PIS 16PIN;AUDI A6 11-*ESP ESQ ELECT ASF TERM REB MEM C/PIS 16PIN;0;;
61;1540;105.0232015;1540;105.0232015;CATEGORIA0;;1;1;0;1;;AUDI A6 11-*V/ESP DRT TER ASFERICO;AUDI A6 11-*V/ESP DRT TER ASFERICO;0;;
61;1540;105.0232016;1540;105.0232016;CATEGORIA0;;1;1;0;1;;AUDI A6 11-*V/ESP ESQ TER ASFERICO;AUDI A6 11-*V/ESP ESQ TER ASFERICO;0;;
61;1540;105.0233011;1540;105.0233011;CATEGORIA0;;1;1;0;1;;AUDI Q7 10-*ESP DRT ELECT TERM REB MEM C/PIS L/CORT 17PIN;AUDI Q7 10-*ESP DRT ELECT TERM REB MEM C/PIS L/CORT 17PIN;0;;
61;1540;105.0233012;1540;105.0233012;CATEGORIA0;;1;1;0;1;;AUDI Q7 10-*ESP ESQ ELECT TERM REB MEM C/PIS L/CORT 17PIN;AUDI Q7 10-*ESP ESQ ELECT TERM REB MEM C/PIS L/CORT 17PIN;0;;
61;1540;105.0234011;1540;105.0234011;CATEGORIA0;;1;1;0;1;;AUDI A3 3/5P 13-*ESP DRT ELECT TERM REB MEM C/PIS 14PIN;AUDI A3 3/5P 13-*ESP DRT ELECT TERM REB MEM C/PIS 14PIN;0;;
61;1540;105.0234012;1540;105.0234012;CATEGORIA0;;1;1;0;1;;AUDI A3 3/5P 13-*ESP ESQ ELECT TERM REB C/PIS 12PIN;AUDI A3 3/5P 13-*ESP ESQ ELECT TERM REB C/PIS 12PIN;0;;
61;1540;105.0234017;1540;105.0234017;CATEGORIA0;;1;1;0;1;;AUDI A3 3/4/5P 13-*V/ESP DRT CONV TERM;AUDI A3 3/4/5P 13-*V/ESP DRT CONV TERM;0;;
61;1540;105.0234018;1540;105.0234018;CATEGORIA0;;1;1;0;1;;AUDI A3 3/4/5P 13-*V/ESP ESQ ASF TERM;AUDI A3 3/4/5P 13-*V/ESP ESQ ASF TERM;0;;
61;1540;105.0234019;1540;105.0234019;CATEGORIA0;;1;1;0;1;;AUDI A3 3/4/5P 13-*CAPA ESP DRT C/FURO P/SENSOR A/MOR;AUDI A3 3/4/5P 13-*CAPA ESP DRT C/FURO P/SENSOR A/MOR;0;;
61;1540;105.0234020;1540;105.0234020;CATEGORIA0;;1;1;0;1;;AUDI A3 3/4/5P 13-*CAPA ESP ESQ C/FURO P/SENSOR A/MOR;AUDI A3 3/4/5P 13-*CAPA ESP ESQ C/FURO P/SENSOR A/MOR;0;;
61;1540;105.0234021;1540;105.0234021;CATEGORIA0;;1;1;0;1;;AUDI A3 3/4/5P 13-*CAPA ESP DRT;AUDI A3 3/4/5P 13-*CAPA ESP DRT;0;;
61;1540;105.0234022;1540;105.0234022;CATEGORIA0;;1;1;0;1;;AUDI A3 3/4/5P 13-*CAPA ESP ESQ;AUDI A3 3/4/5P 13-*CAPA ESP ESQ;0;;
61;1540;105.0238011;1540;105.0238011;CATEGORIA0;;1;1;0;1;;AUDI A4 15-*ESP DRT ELECT P/P ASF TERM REB MEM A/ENC C/PIS 1;AUDI A4 15-*ESP DRT ELECT P/P ASF TERM REB MEM A/ENC C/PIS 1;0;;
61;1540;105.0238012;1540;105.0238012;CATEGORIA0;;1;1;0;1;;AUDI A4 15-*ESP ESQ ELECT P/P ASF TERM REB MEM A/ENC C/PIS 1;AUDI A4 15-*ESP ESQ ELECT P/P ASF TERM REB MEM A/ENC C/PIS 1;0;;
61;1540;105.0238013;1540;105.0238013;CATEGORIA0;;1;1;0;1;;AUDI A4 15-*ESP DRT ELECT P/P ASF TERM REB MEM A/ENC C/PIS A;AUDI A4 15-*ESP DRT ELECT P/P ASF TERM REB MEM A/ENC C/PIS A;0;;
61;1540;105.0238014;1540;105.0238014;CATEGORIA0;;1;1;0;1;;AUDI A4 15-*ESP ESQ ELECT P/P ASF TERM REB MEM A/ENC C/PIS A;AUDI A4 15-*ESP ESQ ELECT P/P ASF TERM REB MEM A/ENC C/PIS A;0;;
61;1540;105.0238015;1540;105.0238015;CATEGORIA0;;1;1;0;1;;AUDI A4 15-*ESP DRT ELECT P/P ASF TERM MEM A/ENC C/PIS 13PIN;AUDI A4 15-*ESP DRT ELECT P/P ASF TERM MEM A/ENC C/PIS 13PIN;0;;
61;1540;105.0238016;1540;105.0238016;CATEGORIA0;;1;1;0;1;;AUDI A4 15-*ESP ESQ ELECT P/P ASF TERM MEM A/ENC C/PIS 13PIN;AUDI A4 15-*ESP ESQ ELECT P/P ASF TERM MEM A/ENC C/PIS 13PIN;0;;
61;1540;105.0238017;1540;105.0238017;CATEGORIA0;;1;1;0;1;;AUDI A4 15-*V/ESP DRT CONV TERM;AUDI A4 15-*V/ESP DRT CONV TERM;0;;
61;1540;105.0238018;1540;105.0238018;CATEGORIA0;;1;1;0;1;;AUDI A4 15-*V/ESP ESQ ASF TERM;AUDI A4 15-*V/ESP ESQ ASF TERM;0;;
61;1540;105.0238019;1540;105.0238019;CATEGORIA0;;1;1;0;1;;AUDI A4 15-*CAPA ESP DRT P/P;AUDI A4 15-*CAPA ESP DRT P/P;0;;
61;1540;105.0238020;1540;105.0238020;CATEGORIA0;;1;1;0;1;;AUDI A4 15-*CAPA ESP ESQ P/P;AUDI A4 15-*CAPA ESP ESQ P/P;0;;
61;1540;105.0238021;1540;105.0238021;CATEGORIA0;;1;1;0;1;;AUDI A4 15-*CAPA ESP DRT P/P C/SEN A/MOR;AUDI A4 15-*CAPA ESP DRT P/P C/SEN A/MOR;0;;
61;1540;105.0238022;1540;105.0238022;CATEGORIA0;;1;1;0;1;;AUDI A4 15-*CAPA ESP ESQ P/P C/SEN A/MOR;AUDI A4 15-*CAPA ESP ESQ P/P C/SEN A/MOR;0;;
61;1540;105.0240011;1540;105.0240011;CATEGORIA0;;1;1;0;1;;AUDI A1 2018.07-*ESP DRT ELECT P/P CONV TERM C/PIS 6PIN;AUDI A1 2018.07-*ESP DRT ELECT P/P CONV TERM C/PIS 6PIN;0;;
61;1540;105.0240012;1540;105.0240012;CATEGORIA0;;1;1;0;1;;AUDI A1 2018.07-*ESP ESQ ELECT P/P ASF TERM C/PIS 6PIN;AUDI A1 2018.07-*ESP ESQ ELECT P/P ASF TERM C/PIS 6PIN;0;;
61;1540;105.0240013;1540;105.0240013;CATEGORIA0;;1;1;0;1;;AUDI A1 2018.07-*ESP DRT ELECT P/P REB MEM CONV TERM C/PIS 1;AUDI A1 2018.07-*ESP DRT ELECT P/P REB MEM CONV TERM C/PIS 1;0;;
61;1540;105.0240014;1540;105.0240014;CATEGORIA0;;1;1;0;1;;AUDI A1 2018.07-*ESP ESQ ELECT P/P REB ASF TERM C/PIS 8PIN;AUDI A1 2018.07-*ESP ESQ ELECT P/P REB ASF TERM C/PIS 8PIN;0;;
61;1540;105.0240015;1540;105.0240015;CATEGORIA0;;1;1;0;1;;AUDI A1 2018.07-*ESP DRT ELECT P/P REB MEM CONV TERM C/PIS C;AUDI A1 2018.07-*ESP DRT ELECT P/P REB MEM CONV TERM C/PIS C;0;;
61;1540;105.0240016;1540;105.0240016;CATEGORIA0;;1;1;0;1;;AUDI A1 2018.07-*ESP ESQ ELECT P/P REB ASF TERM C/PIS C/ANG;AUDI A1 2018.07-*ESP ESQ ELECT P/P REB ASF TERM C/PIS C/ANG;0;;
61;1540;105.0241015;1540;105.0241015;CATEGORIA0;;1;1;0;1;;AUDI Q5/Q7 15-*V/ESP DRT CONV TERM;AUDI Q5/Q7 15-*V/ESP DRT CONV TERM;0;;
61;1540;105.0241016;1540;105.0241016;CATEGORIA0;;1;1;0;1;;AUDI Q5/Q7 15-*V/ESP ESQ ASF TERM;AUDI Q5/Q7 15-*V/ESP ESQ ASF TERM;0;;
61;1540;105.0241017;1540;105.0241017;CATEGORIA0;;1;1;0;1;;AUDI Q5/Q7 15-*CAPA ESP DRT P/P;AUDI Q5/Q7 15-*CAPA ESP DRT P/P;0;;
61;1540;105.0241018;1540;105.0241018;CATEGORIA0;;1;1;0;1;;AUDI Q5/Q7 15-*CAPA ESP ESQ P/P;AUDI Q5/Q7 15-*CAPA ESP ESQ P/P;0;;
61;1540;105.0242011;1540;105.0242011;CATEGORIA0;;1;1;0;1;;AUDI A1 15-*ESP DRT ELECT P/P CONV TERM C/PIS 6PIN;AUDI A1 15-*ESP DRT ELECT P/P CONV TERM C/PIS 6PIN;0;;
61;1540;105.0242012;1540;105.0242012;CATEGORIA0;;1;1;0;1;;AUDI A1 15-*ESP ESQ ELECT P/P ASF TERM C/PIS 6PIN;AUDI A1 15-*ESP ESQ ELECT P/P ASF TERM C/PIS 6PIN;0;;
61;1540;105.0242013;1540;105.0242013;CATEGORIA0;;1;1;0;1;;AUDI A1 15-*ESP DRT ELECT P/P CONV TERM REB C/PIS 8PIN;AUDI A1 15-*ESP DRT ELECT P/P CONV TERM REB C/PIS 8PIN;0;;
61;1540;105.0242014;1540;105.0242014;CATEGORIA0;;1;1;0;1;;AUDI A1 15-*ESP ESQ ELECT P/P ASF TERM REB C/PIS 8PIN;AUDI A1 15-*ESP ESQ ELECT P/P ASF TERM REB C/PIS 8PIN;0;;
61;1540;105.0242015;1540;105.0242015;CATEGORIA0;;1;1;0;1;;AUDI A1 15-*CAPA ESP DRT P/P;AUDI A1 15-*CAPA ESP DRT P/P;0;;
61;1540;105.0242016;1540;105.0242016;CATEGORIA0;;1;1;0;1;;AUDI A1 15-*CAPA ESP ESQ P/P;AUDI A1 15-*CAPA ESP ESQ P/P;0;;
61;1540;105.0243011;1540;105.0243011;CATEGORIA0;;1;1;0;1;;AUDI A3 SEDAN 2013.06-*ESP DRT ELECT P/P CONV TERM C/PIS 8PI;AUDI A3 SEDAN 2013.06-*ESP DRT ELECT P/P CONV TERM C/PIS 8PI;0;;
61;1540;105.0243012;1540;105.0243012;CATEGORIA0;;1;1;0;1;;AUDI A3 SEDAN 2013.06-*ESP ESQ ELECT P/P ASF TERM C/PIS 8PIN;AUDI A3 SEDAN 2013.06-*ESP ESQ ELECT P/P ASF TERM C/PIS 8PIN;0;;
61;1540;105.0243013;1540;105.0243013;CATEGORIA0;;1;1;0;1;;AUDI A3 SEDAN 2013.06-*ESP DRT ELECT P/P REB MEM ASF TERM C/;AUDI A3 SEDAN 2013.06-*ESP DRT ELECT P/P REB MEM ASF TERM C/;0;;
61;1540;105.0243014;1540;105.0243014;CATEGORIA0;;1;1;0;1;;AUDI A3 SEDAN 2013.06-*ESP ESQ ELECT P/P REB ASF TERM C/PIS;AUDI A3 SEDAN 2013.06-*ESP ESQ ELECT P/P REB ASF TERM C/PIS;0;;
61;1540;105.0244011;1540;105.0244011;CATEGORIA0;;1;1;0;1;;AUDI Q2 2016.06-*ESP DRT ELECT P/P TERM C/PISCA CONVEXO 6+2P;AUDI Q2 2016.06-*ESP DRT ELECT P/P TERM C/PISCA CONVEXO 6+2P;0;;
61;1540;105.0244012;1540;105.0244012;CATEGORIA0;;1;1;0;1;;AUDI Q2 2016.06-*ESP ESQ ELECT P/P TERM C/PISCA ASFERICO 6+2;AUDI Q2 2016.06-*ESP ESQ ELECT P/P TERM C/PISCA ASFERICO 6+2;0;;
61;1540;105.0244013;1540;105.0244013;CATEGORIA0;;1;1;0;1;;AUDI Q2 2016.06-*ESP DRT ELE P/P TER REB MEM C/PIS CONV ANG/;AUDI Q2 2016.06-*ESP DRT ELE P/P TER REB MEM C/PIS CONV ANG/;0;;
61;1540;105.0244014;1540;105.0244014;CATEGORIA0;;1;1;0;1;;AUDI Q2 2016.06-*ESP ESQ ELE P/P TER REB C/PISCA ASF ANG/MOR;AUDI Q2 2016.06-*ESP ESQ ELE P/P TER REB C/PISCA ASF ANG/MOR;0;;
61;1540;105.0244015;1540;105.0244015;CATEGORIA0;;1;1;0;1;;AUDI Q2 2016.06-*ESP DRT ELE P/P TER REB MEM C/PISCA CONV AN;AUDI Q2 2016.06-*ESP DRT ELE P/P TER REB MEM C/PISCA CONV AN;0;;
61;1540;105.0244016;1540;105.0244016;CATEGORIA0;;1;1;0;1;;AUDI Q2 2016.06-*ESP ESQ ELE P/P TER REB C/PISCA ASF ANT/ENC;AUDI Q2 2016.06-*ESP ESQ ELE P/P TER REB C/PISCA ASF ANT/ENC;0;;
61;1540;105.0244017;1540;105.0244017;CATEGORIA0;;1;1;0;1;;AUDI Q2/Q3 2016.06-*V/ESP DRT TERM CONVEXO;AUDI Q2/Q3 2016.06-*V/ESP DRT TERM CONVEXO;0;;
61;1540;105.0244018;1540;105.0244018;CATEGORIA0;;1;1;0;1;;AUDI Q2/Q3 2016.06-*V/ESP ESQ TERM ASFERICO;AUDI Q2/Q3 2016.06-*V/ESP ESQ TERM ASFERICO;0;;
61;1540;105.0244019;1540;105.0244019;CATEGORIA0;;1;1;0;1;;AUDI Q2/Q3 2016.06-*CAPA ESP DRT P/P;AUDI Q2/Q3 2016.06-*CAPA ESP DRT P/P;0;;
61;1540;105.0244020;1540;105.0244020;CATEGORIA0;;1;1;0;1;;AUDI Q2/Q3 2016.06-*CAPA ESP ESQ P/P;AUDI Q2/Q3 2016.06-*CAPA ESP ESQ P/P;0;;
61;1540;105.0244021;1540;105.0244021;CATEGORIA0;;1;1;0;1;;AUDI Q2/Q3 2016.06-*CAPA ESP DRT P/P C/ANG MORT;AUDI Q2/Q3 2016.06-*CAPA ESP DRT P/P C/ANG MORT;0;;
61;1540;105.0244022;1540;105.0244022;CATEGORIA0;;1;1;0;1;;AUDI Q2/Q3 2016.06-*CAPA ESP ESQ P/P C/ANG MORT;AUDI Q2/Q3 2016.06-*CAPA ESP ESQ P/P C/ANG MORT;0;;