6;1315;624 2287 00;1315;624228700;CATEGORIA0;;1;1;0;1;;KIT EMBRAIAGEM LUK;KIT EMBRAIAGEM LUK;0;;
6;1315;624 2320 60;1315;624232060;CATEGORIA0;;1;1;0;1;;KIT EMBRAIAGEM LUK;KIT EMBRAIAGEM LUK;0;;
6;1315;624 2331 60;1315;624233160;CATEGORIA0;;1;1;0;1;;KIT EMBRAIAGEM LUK;KIT EMBRAIAGEM LUK;0;;
6;1315;624 2333 00;1315;624233300;CATEGORIA0;;1;1;0;1;;KIT EMBRAIAGEM LUK;KIT EMBRAIAGEM LUK;0;;
6;1315;624 2333 09;1315;624233309;CATEGORIA0;;1;1;0;1;;KIT EMBRAIAGEM LUK;KIT EMBRAIAGEM LUK;0;;
6;1315;624 2334 60;1315;624233460;CATEGORIA0;;1;1;0;1;;KIT EMBRAIAGEM LUK;KIT EMBRAIAGEM LUK;0;;
6;1315;624 2335 60;1315;624233560;CATEGORIA0;;1;1;0;1;;KIT EMBRAIAGEM LUK;KIT EMBRAIAGEM LUK;0;;
6;1315;624 2341 00;1315;624234100;CATEGORIA0;;1;1;0;1;;KIT EMBRAIAGEM LUK;KIT EMBRAIAGEM LUK;0;;
6;1315;624 2361 60;1315;624236160;CATEGORIA0;;1;1;0;1;;KIT EMBRAIAGEM LUK;KIT EMBRAIAGEM LUK;0;;
6;1315;624 2370 00;1315;624237000;CATEGORIA0;;1;1;0;1;;KIT EMBRAIAGEM LUK;KIT EMBRAIAGEM LUK;0;;
6;1315;624 2380 60;1315;624238060;CATEGORIA0;;1;1;0;1;;KIT EMBRAIAGEM LUK;KIT EMBRAIAGEM LUK;0;;
6;1315;624 2382 00;1315;624238200;CATEGORIA0;;1;1;0;1;;KIT EMBRAIAGEM LUK;KIT EMBRAIAGEM LUK;0;;
6;1315;624 2391 00;1315;624239100;CATEGORIA0;;1;1;0;1;;KIT EMBRAIAGEM LUK;KIT EMBRAIAGEM LUK;0;;
6;1315;624 2407 60;1315;624240760;CATEGORIA0;;1;1;0;1;;KIT EMBRAIAGEM LUK;KIT EMBRAIAGEM LUK;0;;
6;1315;624 2410 09;1315;624241009;CATEGORIA0;;1;1;0;1;;KIT EMBRAIAGEM LUK;KIT EMBRAIAGEM LUK;0;;
6;1315;624 2410 33;1315;624241033;CATEGORIA0;;1;1;0;1;;KIT EMBRAIAGEM LUK;KIT EMBRAIAGEM LUK;0;;
6;1315;624 2450 09;1315;624245009;CATEGORIA0;;1;1;0;1;;KIT EMBRAIAGEM LUK;KIT EMBRAIAGEM LUK;0;;
6;1315;624 2450 33;1315;624245033;CATEGORIA0;;1;1;0;1;;KIT EMBRAIAGEM LUK;KIT EMBRAIAGEM LUK;0;;
6;1315;624 2515 00;1315;624251500;CATEGORIA0;;1;1;0;1;;KIT EMBRAIAGEM LUK;KIT EMBRAIAGEM LUK;0;;
6;1315;624 2767 60;1315;624276760;CATEGORIA0;;1;1;0;1;;KIT EMBRAIAGEM LUK;KIT EMBRAIAGEM LUK;0;;
6;1315;624 2769 60;1315;624276960;CATEGORIA0;;1;1;0;1;;KIT EMBRAIAGEM LUK;KIT EMBRAIAGEM LUK;0;;
6;1315;624 2770 60;1315;624277060;CATEGORIA0;;1;1;0;1;;KIT EMBRAIAGEM LUK;KIT EMBRAIAGEM LUK;0;;
6;1315;624 2872 00;1315;624287200;CATEGORIA0;;1;1;0;1;;KIT EMBRAIAGEM LUK;KIT EMBRAIAGEM LUK;0;;
6;1315;624 3002 00;1315;624300200;CATEGORIA0;;1;1;0;1;;KIT EMBRAIAGEM LUK;KIT EMBRAIAGEM LUK;0;;
6;1315;624 3005 60;1315;624300560;CATEGORIA0;;1;1;0;1;;KIT EMBRAIAGEM LUK;KIT EMBRAIAGEM LUK;0;;
6;1315;624 3006 00;1315;624300600;CATEGORIA0;;1;1;0;1;;KIT EMBRAIAGEM LUK;KIT EMBRAIAGEM LUK;0;;
6;1315;624 3007 00;1315;624300700;CATEGORIA0;;1;1;0;1;;KIT EMBRAIAGEM LUK;KIT EMBRAIAGEM LUK;0;;
6;1315;624 3008 00;1315;624300800;CATEGORIA0;;1;1;0;1;;KIT EMBRAIAGEM LUK;KIT EMBRAIAGEM LUK;0;;
6;1315;624 3010 00;1315;624301000;CATEGORIA0;;1;1;0;1;;KIT EMBRAIAGEM LUK;KIT EMBRAIAGEM LUK;0;;
6;1315;624 3011 00;1315;624301100;CATEGORIA0;;1;1;0;1;;KIT EMBRAIAGEM LUK;KIT EMBRAIAGEM LUK;0;;
6;1315;624 3012 00;1315;624301200;CATEGORIA0;;1;1;0;1;;KIT EMBRAIAGEM LUK;KIT EMBRAIAGEM LUK;0;;
6;1315;624 3018 60;1315;624301860;CATEGORIA0;;1;1;0;1;;KIT EMBRAIAGEM LUK;KIT EMBRAIAGEM LUK;0;;
6;1315;624 3020 00;1315;624302000;CATEGORIA0;;1;1;0;1;;KIT EMBRAIAGEM LUK;KIT EMBRAIAGEM LUK;0;;
6;1315;624 3020 21;1315;624302021;CATEGORIA0;;1;1;0;1;;KIT EMBRAIAGEM LUK;KIT EMBRAIAGEM LUK;0;;
6;1315;624 3023 09;1315;624302309;CATEGORIA0;;1;1;0;1;;KIT EMBRAIAGEM LUK;KIT EMBRAIAGEM LUK;0;;
6;1315;624 3023 33;1315;624302333;CATEGORIA0;;1;1;0;1;;KIT EMBRAIAGEM LUK;KIT EMBRAIAGEM LUK;0;;
6;1315;624 3024 00;1315;624302400;CATEGORIA0;;1;1;0;1;;KIT EMBRAIAGEM LUK;KIT EMBRAIAGEM LUK;0;;
6;1315;624 3025 00;1315;624302500;CATEGORIA0;;1;1;0;1;;KIT EMBRAIAGEM LUK;KIT EMBRAIAGEM LUK;0;;
6;1315;624 3026 00;1315;624302600;CATEGORIA0;;1;1;0;1;;KIT EMBRAIAGEM LUK;KIT EMBRAIAGEM LUK;0;;
6;1315;624 3027 00;1315;624302700;CATEGORIA0;;1;1;0;1;;KIT EMBRAIAGEM LUK;KIT EMBRAIAGEM LUK;0;;
6;1315;624 3032 00;1315;624303200;CATEGORIA0;;1;1;0;1;;KIT EMBRAIAGEM LUK;KIT EMBRAIAGEM LUK;0;;
6;1315;624 3033 00;1315;624303300;CATEGORIA0;;1;1;0;1;;KIT EMBRAIAGEM LUK;KIT EMBRAIAGEM LUK;0;;
6;1315;624 3034 09;1315;624303409;CATEGORIA0;;1;1;0;1;;KIT EMBRAIAGEM LUK;KIT EMBRAIAGEM LUK;0;;
6;1315;624 3034 34;1315;624303434;CATEGORIA0;;1;1;0;1;;KIT EMBRAIAGEM LUK;KIT EMBRAIAGEM LUK;0;;
6;1315;624 3037 00;1315;624303700;CATEGORIA0;;1;1;0;1;;KIT EMBRAIAGEM LUK;KIT EMBRAIAGEM LUK;0;;
6;1315;624 3045 00;1315;624304500;CATEGORIA0;;1;1;0;1;;KIT EMBRAIAGEM LUK;KIT EMBRAIAGEM LUK;0;;
6;1315;624 3046 09;1315;624304609;CATEGORIA0;;1;1;0;1;;KIT EMBRAIAGEM LUK;KIT EMBRAIAGEM LUK;0;;
6;1315;624 3046 33;1315;624304633;CATEGORIA0;;1;1;0;1;;KIT EMBRAIAGEM LUK;KIT EMBRAIAGEM LUK;0;;
6;1315;624 3046 34;1315;624304634;CATEGORIA0;;1;1;0;1;;KIT EMBRAIAGEM LUK;KIT EMBRAIAGEM LUK;0;;
6;1315;624 3049 09;1315;624304909;CATEGORIA0;;1;1;0;1;;KIT EMBRAIAGEM LUK;KIT EMBRAIAGEM LUK;0;;
6;1315;624 3049 33;1315;624304933;CATEGORIA0;;1;1;0;1;;KIT EMBRAIAGEM LUK;KIT EMBRAIAGEM LUK;0;;
6;1315;624 3050 09;1315;624305009;CATEGORIA0;;1;1;0;1;;KIT EMBRAIAGEM LUK;KIT EMBRAIAGEM LUK;0;;
6;1315;624 3050 33;1315;624305033;CATEGORIA0;;1;1;0;1;;KIT EMBRAIAGEM LUK;KIT EMBRAIAGEM LUK;0;;
6;1315;624 3050 34;1315;624305034;CATEGORIA0;;1;1;0;1;;KIT EMBRAIAGEM LUK;KIT EMBRAIAGEM LUK;0;;
6;1315;624 3058 00;1315;624305800;CATEGORIA0;;1;1;0;1;;KIT EMBRAIAGEM LUK;KIT EMBRAIAGEM LUK;0;;
6;1315;624 3059 00;1315;624305900;CATEGORIA0;;1;1;0;1;;KIT EMBRAIAGEM LUK;KIT EMBRAIAGEM LUK;0;;
6;1315;624 3063 00;1315;624306300;CATEGORIA0;;1;1;0;1;;KIT EMBRAIAGEM LUK;KIT EMBRAIAGEM LUK;0;;
6;1315;624 3064 00;1315;624306400;CATEGORIA0;;1;1;0;1;;KIT EMBRAIAGEM LUK;KIT EMBRAIAGEM LUK;0;;
6;1315;624 3065 00;1315;624306500;CATEGORIA0;;1;1;0;1;;KIT EMBRAIAGEM LUK;KIT EMBRAIAGEM LUK;0;;
6;1315;624 3066 00;1315;624306600;CATEGORIA0;;1;1;0;1;;KIT EMBRAIAGEM LUK;KIT EMBRAIAGEM LUK;0;;
6;1315;624 3068 00;1315;624306800;CATEGORIA0;;1;1;0;1;;KIT EMBRAIAGEM LUK;KIT EMBRAIAGEM LUK;0;;
6;1315;624 3070 00;1315;624307000;CATEGORIA0;;1;1;0;1;;KIT EMBRAIAGEM LUK;KIT EMBRAIAGEM LUK;0;;
6;1315;624 3072 09;1315;624307209;CATEGORIA0;;1;1;0;1;;KIT EMBRAIAGEM LUK;KIT EMBRAIAGEM LUK;0;;
6;1315;624 3073 09;1315;624307309;CATEGORIA0;;1;1;0;1;;KIT EMBRAIAGEM LUK;KIT EMBRAIAGEM LUK;0;;
6;1315;624 3075 00;1315;624307500;CATEGORIA0;;1;1;0;1;;KIT EMBRAIAGEM LUK;KIT EMBRAIAGEM LUK;0;;
6;1315;624 3077 09;1315;624307709;CATEGORIA0;;1;1;0;1;;KIT EMBRAIAGEM LUK;KIT EMBRAIAGEM LUK;0;;
6;1315;624 3077 33;1315;624307733;CATEGORIA0;;1;1;0;1;;KIT EMBRAIAGEM LUK;KIT EMBRAIAGEM LUK;0;;
6;1315;624 3078 00;1315;624307800;CATEGORIA0;;1;1;0;1;;KIT EMBRAIAGEM LUK;KIT EMBRAIAGEM LUK;0;;
6;1315;624 3078 21;1315;624307821;CATEGORIA0;;1;1;0;1;;KIT EMBRAIAGEM LUK;KIT EMBRAIAGEM LUK;0;;
6;1315;624 3080 00;1315;624308000;CATEGORIA0;;1;1;0;1;;KIT EMBRAIAGEM LUK;KIT EMBRAIAGEM LUK;0;;
6;1315;624 3081 09;1315;624308109;CATEGORIA0;;1;1;0;1;;KIT EMBRAIAGEM LUK;KIT EMBRAIAGEM LUK;0;;
6;1315;624 3081 33;1315;624308133;CATEGORIA0;;1;1;0;1;;KIT EMBRAIAGEM LUK;KIT EMBRAIAGEM LUK;0;;
6;1315;624 3085 00;1315;624308500;CATEGORIA0;;1;1;0;1;;KIT EMBRAIAGEM LUK;KIT EMBRAIAGEM LUK;0;;
6;1315;624 3086 00;1315;624308600;CATEGORIA0;;1;1;0;1;;KIT EMBRAIAGEM LUK;KIT EMBRAIAGEM LUK;0;;
6;1315;624 3087 09;1315;624308709;CATEGORIA0;;1;1;0;1;;KIT EMBRAIAGEM LUK;KIT EMBRAIAGEM LUK;0;;
6;1315;624 3087 33;1315;624308733;CATEGORIA0;;1;1;0;1;;KIT EMBRAIAGEM LUK;KIT EMBRAIAGEM LUK;0;;
6;1315;624 3087 34;1315;624308734;CATEGORIA0;;1;1;0;1;;KIT EMBRAIAGEM LUK;KIT EMBRAIAGEM LUK;0;;
6;1315;624 3088 00;1315;624308800;CATEGORIA0;;1;1;0;1;;KIT EMBRAIAGEM LUK;KIT EMBRAIAGEM LUK;0;;
6;1315;624 3090 00;1315;624309000;CATEGORIA0;;1;1;0;1;;KIT EMBRAIAGEM LUK;KIT EMBRAIAGEM LUK;0;;
6;1315;624 3091 00;1315;624309100;CATEGORIA0;;1;1;0;1;;KIT EMBRAIAGEM LUK;KIT EMBRAIAGEM LUK;0;;
6;1315;624 3092 09;1315;624309209;CATEGORIA0;;1;1;0;1;;KIT EMBRAIAGEM LUK;KIT EMBRAIAGEM LUK;0;;
6;1315;624 3092 33;1315;624309233;CATEGORIA0;;1;1;0;1;;KIT EMBRAIAGEM LUK;KIT EMBRAIAGEM LUK;0;;
6;1315;624 3092 34;1315;624309234;CATEGORIA0;;1;1;0;1;;KIT EMBRAIAGEM LUK;KIT EMBRAIAGEM LUK;0;;
6;1315;624 3095 00;1315;624309500;CATEGORIA0;;1;1;0;1;;KIT EMBRAIAGEM LUK;KIT EMBRAIAGEM LUK;0;;
6;1315;624 3096 00;1315;624309600;CATEGORIA0;;1;1;0;1;;KIT EMBRAIAGEM LUK;KIT EMBRAIAGEM LUK;0;;
6;1315;624 3097 00;1315;624309700;CATEGORIA0;;1;1;0;1;;KIT EMBRAIAGEM LUK;KIT EMBRAIAGEM LUK;0;;
6;1315;624 3097 09;1315;624309709;CATEGORIA0;;1;1;0;1;;KIT EMBRAIAGEM LUK;KIT EMBRAIAGEM LUK;0;;
6;1315;624 3098 00;1315;624309800;CATEGORIA0;;1;1;0;1;;KIT EMBRAIAGEM LUK;KIT EMBRAIAGEM LUK;0;;
6;1315;624 3099 09;1315;624309909;CATEGORIA0;;1;1;0;1;;KIT EMBRAIAGEM LUK;KIT EMBRAIAGEM LUK;0;;
6;1315;624 3099 33;1315;624309933;CATEGORIA0;;1;1;0;1;;KIT EMBRAIAGEM LUK;KIT EMBRAIAGEM LUK;0;;
6;1315;624 3100 09;1315;624310009;CATEGORIA0;;1;1;0;1;;KIT EMBRAIAGEM LUK;KIT EMBRAIAGEM LUK;0;;
6;1315;624 3100 33;1315;624310033;CATEGORIA0;;1;1;0;1;;KIT EMBRAIAGEM LUK;KIT EMBRAIAGEM LUK;0;;
6;1315;624 3101 00;1315;624310100;CATEGORIA0;;1;1;0;1;;KIT EMBRAIAGEM LUK;KIT EMBRAIAGEM LUK;0;;
6;1315;624 3101 09;1315;624310109;CATEGORIA0;;1;1;0;1;;KIT EMBRAIAGEM LUK;KIT EMBRAIAGEM LUK;0;;
6;1315;624 3103 09;1315;624310309;CATEGORIA0;;1;1;0;1;;KIT EMBRAIAGEM LUK;KIT EMBRAIAGEM LUK;0;;
6;1315;624 3103 33;1315;624310333;CATEGORIA0;;1;1;0;1;;KIT EMBRAIAGEM LUK;KIT EMBRAIAGEM LUK;0;;
6;1315;624 3104 00;1315;624310400;CATEGORIA0;;1;1;0;1;;KIT EMBRAIAGEM LUK;KIT EMBRAIAGEM LUK;0;;
6;1315;624 3108 09;1315;624310809;CATEGORIA0;;1;1;0;1;;KIT EMBRAIAGEM LUK;KIT EMBRAIAGEM LUK;0;;
6;1315;624 3109 09;1315;624310909;CATEGORIA0;;1;1;0;1;;KIT EMBRAIAGEM LUK;KIT EMBRAIAGEM LUK;0;;
6;1315;624 3109 33;1315;624310933;CATEGORIA0;;1;1;0;1;;KIT EMBRAIAGEM;KIT EMBRAIAGEM;0;;
6;1315;624 3111 09;1315;624311109;CATEGORIA0;;1;1;0;1;;KIT EMBRAIAGEM LUK;KIT EMBRAIAGEM LUK;0;;
6;1315;624 3113 19;1315;624311319;CATEGORIA0;;1;1;0;1;;KIT EMBRAIAGEM LUK;KIT EMBRAIAGEM LUK;0;;
6;1315;624 3113 33;1315;624311333;CATEGORIA0;;1;1;0;1;;KIT EMBRAIAGEM LUK;KIT EMBRAIAGEM LUK;0;;
6;1315;624 3113 34;1315;624311334;CATEGORIA0;;1;1;0;1;;KIT EMBRAIAGEM LUK;KIT EMBRAIAGEM LUK;0;;
6;1315;624 3114 00;1315;624311400;CATEGORIA0;;1;1;0;1;;KIT EMBRAIAGEM LUK;KIT EMBRAIAGEM LUK;0;;
6;1315;624 3115 00;1315;624311500;CATEGORIA0;;1;1;0;1;;KIT EMBRAIAGEM;KIT EMBRAIAGEM;0;;
6;1315;624 3116 00;1315;624311600;CATEGORIA0;;1;1;0;1;;KIT EMBRAIAGEM LUK;KIT EMBRAIAGEM LUK;0;;
6;1315;624 3119 09;1315;624311909;CATEGORIA0;;1;1;0;1;;KIT EMBRAIAGEM LUK;KIT EMBRAIAGEM LUK;0;;
6;1315;624 3119 33;1315;624311933;CATEGORIA0;;1;1;0;1;;KIT EMBRAIAGEM LUK;KIT EMBRAIAGEM LUK;0;;
6;1315;624 3120 09;1315;624312009;CATEGORIA0;;1;1;0;1;;KIT EMBRAIAGEM LUK;KIT EMBRAIAGEM LUK;0;;
6;1315;624 3120 33;1315;624312033;CATEGORIA0;;1;1;0;1;;KIT EMBRAIAGEM LUK;KIT EMBRAIAGEM LUK;0;;
6;1315;624 3122 09;1315;624312209;CATEGORIA0;;1;1;0;1;;KIT EMBRAIAGEM LUK;KIT EMBRAIAGEM LUK;0;;
6;1315;624 3122 33;1315;624312233;CATEGORIA0;;1;1;0;1;;KIT EMBRAIAGEM LUK;KIT EMBRAIAGEM LUK;0;;
6;1315;624 3122 34;1315;624312234;CATEGORIA0;;1;1;0;1;;KIT EMBRAIAGEM LUK;KIT EMBRAIAGEM LUK;0;;
6;1315;624 3124 60;1315;624312460;CATEGORIA0;;1;1;0;1;;KIT EMBRAIAGEM LUK;KIT EMBRAIAGEM LUK;0;;
6;1315;624 3125 00;1315;624312500;CATEGORIA0;;1;1;0;1;;KIT EMBRAIAGEM LUK;KIT EMBRAIAGEM LUK;0;;
6;1315;624 3126 09;1315;624312609;CATEGORIA0;;1;1;0;1;;KIT EMBRAIAGEM LUK;KIT EMBRAIAGEM LUK;0;;
6;1315;624 3126 34;1315;624312634;CATEGORIA0;;1;1;0;1;;KIT EMBRAIAGEM LUK;KIT EMBRAIAGEM LUK;0;;
6;1315;624 3127 09;1315;624312709;CATEGORIA0;;1;1;0;1;;KIT EMBRAIAGEM LUK;KIT EMBRAIAGEM LUK;0;;
6;1315;624 3127 33;1315;624312733;CATEGORIA0;;1;1;0;1;;KIT EMBRAIAGEM LUK;KIT EMBRAIAGEM LUK;0;;
6;1315;624 3129 09;1315;624312909;CATEGORIA0;;1;1;0;1;;KIT EMBRAIAGEM LUK;KIT EMBRAIAGEM LUK;0;;
6;1315;624 3131 00;1315;624313100;CATEGORIA0;;1;1;0;1;;KIT EMBRAIAGEM LUK;KIT EMBRAIAGEM LUK;0;;
6;1315;624 3131 09;1315;624313109;CATEGORIA0;;1;1;0;1;;KIT EMBRAIAGEM LUK;KIT EMBRAIAGEM LUK;0;;
6;1315;624 3135 60;1315;624313560;CATEGORIA0;;1;1;0;1;;KIT EMBRAIAGEM LUK;KIT EMBRAIAGEM LUK;0;;
6;1315;624 3136 09;1315;624313609;CATEGORIA0;;1;1;0;1;;KIT EMBRAIAGEM LUK;KIT EMBRAIAGEM LUK;0;;
6;1315;624 3136 33;1315;624313633;CATEGORIA0;;1;1;0;1;;KIT EMBRAIAGEM LUK;KIT EMBRAIAGEM LUK;0;;
6;1315;624 3136 34;1315;624313634;CATEGORIA0;;1;1;0;1;;KIT EMBRAIAGEM LUK;KIT EMBRAIAGEM LUK;0;;
6;1315;624 3137 60;1315;624313760;CATEGORIA0;;1;1;0;1;;KIT EMBRAIAGEM LUK;KIT EMBRAIAGEM LUK;0;;
6;1315;624 3140 09;1315;624314009;CATEGORIA0;;1;1;0;1;;KIT EMBRAIAGEM LUK;KIT EMBRAIAGEM LUK;0;;
6;1315;624 3142 60;1315;624314260;CATEGORIA0;;1;1;0;1;;KIT EMBRAIAGEM LUK;KIT EMBRAIAGEM LUK;0;;
6;1315;624 3144 00;1315;624314400;CATEGORIA0;;1;1;0;1;;KIT EMBRAIAGEM LUK;KIT EMBRAIAGEM LUK;0;;
6;1315;624 3145 09;1315;624314509;CATEGORIA0;;1;1;0;1;;KIT EMBRAIAGEM LUK;KIT EMBRAIAGEM LUK;0;;
6;1315;624 3145 33;1315;624314533;CATEGORIA0;;1;1;0;1;;KIT EMBRAIAGEM LUK;KIT EMBRAIAGEM LUK;0;;
6;1315;624 3147 00;1315;624314700;CATEGORIA0;;1;1;0;1;;KIT EMBRAIAGEM LUK;KIT EMBRAIAGEM LUK;0;;
6;1315;624 3147 09;1315;624314709;CATEGORIA0;;1;1;0;1;;KIT EMBRAIAGEM LUK;KIT EMBRAIAGEM LUK;0;;
6;1315;624 3148 09;1315;624314809;CATEGORIA0;;1;1;0;1;;KIT EMBRAIAGEM LUK  ****;KIT EMBRAIAGEM LUK  ****;0;;
6;1315;624 3148 33;1315;624314833;CATEGORIA0;;1;1;0;1;;KIT EMBRAIAGEM LUK;KIT EMBRAIAGEM LUK;0;;
6;1315;624 3148 34;1315;624314834;CATEGORIA0;;1;1;0;1;;KIT EMBRAIAGEM LUK;KIT EMBRAIAGEM LUK;0;;
6;1315;624 3149 00;1315;624314900;CATEGORIA0;;1;1;0;1;;KIT EMBRAIAGEM LUK;KIT EMBRAIAGEM LUK;0;;
6;1315;624 3150 00;1315;624315000;CATEGORIA0;;1;1;0;1;;KIT EMBRAIAGEM LUK;KIT EMBRAIAGEM LUK;0;;
6;1315;624 3150 09;1315;624315009;CATEGORIA0;;1;1;0;1;;KIT EMBRAIAGEM LUK;KIT EMBRAIAGEM LUK;0;;
6;1315;624 3151 60;1315;624315160;CATEGORIA0;;1;1;0;1;;KIT EMBRAIAGEM LUK;KIT EMBRAIAGEM LUK;0;;
6;1315;624 3152 00;1315;624315200;CATEGORIA0;;1;1;0;1;;KIT EMBRAIAGEM LUK;KIT EMBRAIAGEM LUK;0;;
6;1315;624 3152 09;1315;624315209;CATEGORIA0;;1;1;0;1;;KIT EMBRAIAGEM LUK;KIT EMBRAIAGEM LUK;0;;
6;1315;624 3153 60;1315;624315360;CATEGORIA0;;1;1;0;1;;KIT EMBRAIAGEM LUK;KIT EMBRAIAGEM LUK;0;;
6;1315;624 3154 09;1315;624315409;CATEGORIA0;;1;1;0;1;;KIT EMBRAIAGEM LUK;KIT EMBRAIAGEM LUK;0;;
6;1315;624 3154 33;1315;624315433;CATEGORIA0;;1;1;0;1;;KIT EMBRAIAGEM LUK;KIT EMBRAIAGEM LUK;0;;
6;1315;624 3155 00;1315;624315500;CATEGORIA0;;1;1;0;1;;KIT EMBRAIAGEM LUK;KIT EMBRAIAGEM LUK;0;;
6;1315;624 3156 09;1315;624315609;CATEGORIA0;;1;1;0;1;;KIT EMBRAIAGEM **;KIT EMBRAIAGEM **;0;;
6;1315;624 3156 34;1315;624315634;CATEGORIA0;;1;1;0;1;;KIT EMBRAIAGEM LUK;KIT EMBRAIAGEM LUK;0;;
6;1315;624 3158 00;1315;624315800;CATEGORIA0;;1;1;0;1;;KIT EMBRAIAGEM LUK;KIT EMBRAIAGEM LUK;0;;
6;1315;624 3158 10;1315;624315810;CATEGORIA0;;1;1;0;1;;KIT EMBRAIAGEM LUK;KIT EMBRAIAGEM LUK;0;;
6;1315;624 3158 21;1315;624315821;CATEGORIA0;;1;1;0;1;;KIT EMBRAIAGEM LUK;KIT EMBRAIAGEM LUK;0;;
6;1315;624 3158 22;1315;624315822;CATEGORIA0;;1;1;0;1;;KIT EMBRAIAGEM LUK;KIT EMBRAIAGEM LUK;0;;
6;1315;624 3159 60;1315;624315960;CATEGORIA0;;1;1;0;1;;KIT EMBRAIAGEM LUK;KIT EMBRAIAGEM LUK;0;;
6;1315;624 3160 00;1315;624316000;CATEGORIA0;;1;1;0;1;;KIT EMBRAIAGEM LUK;KIT EMBRAIAGEM LUK;0;;
6;1315;624 3162 09;1315;624316209;CATEGORIA0;;1;1;0;1;;KIT EMBRAIAGEM LUK;KIT EMBRAIAGEM LUK;0;;
6;1315;624 3162 33;1315;624316233;CATEGORIA0;;1;1;0;1;;KIT EMBRAIAGEM LUK;KIT EMBRAIAGEM LUK;0;;
6;1315;624 3162 34;1315;624316234;CATEGORIA0;;1;1;0;1;;KIT EMBRAIAGEM LUK;KIT EMBRAIAGEM LUK;0;;
6;1315;624 3163 09;1315;624316309;CATEGORIA0;;1;1;0;1;;KIT EMBRAIAGEM LUK;KIT EMBRAIAGEM LUK;0;;
6;1315;624 3163 33;1315;624316333;CATEGORIA0;;1;1;0;1;;KIT EMBRAIAGEM LUK;KIT EMBRAIAGEM LUK;0;;
6;1315;624 3163 34;1315;624316334;CATEGORIA0;;1;1;0;1;;KIT EMBRAIAGEM LUK;KIT EMBRAIAGEM LUK;0;;
6;1315;624 3164 00;1315;624316400;CATEGORIA0;;1;1;0;1;;KIT EMBRAIAGEM LUK;KIT EMBRAIAGEM LUK;0;;
6;1315;624 3165 00;1315;624316500;CATEGORIA0;;1;1;0;1;;KIT EMBRAIAGEM LUK;KIT EMBRAIAGEM LUK;0;;
6;1315;624 3166 33;1315;624316633;CATEGORIA0;;1;1;0;1;;KIT EMBRAIAGEM LUK;KIT EMBRAIAGEM LUK;0;;
6;1315;624 3167 00;1315;624316700;CATEGORIA0;;1;1;0;1;;KIT EMBRAIAGEM LUK;KIT EMBRAIAGEM LUK;0;;
6;1315;624 3168 09;1315;624316809;CATEGORIA0;;1;1;0;1;;KIT EMBRAIAGEM LUK;KIT EMBRAIAGEM LUK;0;;
6;1315;624 3168 33;1315;624316833;CATEGORIA0;;1;1;0;1;;KIT EMBRAIAGEM LUK;KIT EMBRAIAGEM LUK;0;;
6;1315;624 3169 09;1315;624316909;CATEGORIA0;;1;1;0;1;;KIT EMBRAIAGEM LUK;KIT EMBRAIAGEM LUK;0;;
6;1315;624 3169 33;1315;624316933;CATEGORIA0;;1;1;0;1;;KIT EMBRAIAGEM LUK;KIT EMBRAIAGEM LUK;0;;
6;1315;624 3170 09;1315;624317009;CATEGORIA0;;1;1;0;1;;KIT EMBRAIAGEM LUK;KIT EMBRAIAGEM LUK;0;;
6;1315;624 3170 33;1315;624317033;CATEGORIA0;;1;1;0;1;;KIT EMBRAIAGEM LUK;KIT EMBRAIAGEM LUK;0;;
6;1315;624 3170 34;1315;624317034;CATEGORIA0;;1;1;0;1;;KIT EMBRAIAGEM LUK;KIT EMBRAIAGEM LUK;0;;
6;1315;624 3171 09;1315;624317109;CATEGORIA0;;1;1;0;1;;KIT EMBRAIAGEM LUK;KIT EMBRAIAGEM LUK;0;;
6;1315;624 3171 33;1315;624317133;CATEGORIA0;;1;1;0;1;;KIT EMBRAIAGEM LUK;KIT EMBRAIAGEM LUK;0;;
6;1315;624 3172 00;1315;624317200;CATEGORIA0;;1;1;0;1;;KIT EMBRAIAGEM LUK;KIT EMBRAIAGEM LUK;0;;
6;1315;624 3174 00;1315;624317400;CATEGORIA0;;1;1;0;1;;KIT EMBRAIAGEM LUK;KIT EMBRAIAGEM LUK;0;;
6;1315;624 3175 09;1315;624317509;CATEGORIA0;;1;1;0;1;;KIT EMBRAIAGEM LUK;KIT EMBRAIAGEM LUK;0;;
6;1315;624 3175 33;1315;624317533;CATEGORIA0;;1;1;0;1;;KIT EMBRAIAGEM LUK;KIT EMBRAIAGEM LUK;0;;
6;1315;624 3176 00;1315;624317600;CATEGORIA0;;1;1;0;1;;KIT EMBRAIAGEM LUK;KIT EMBRAIAGEM LUK;0;;
6;1315;624 3178 09;1315;624317809;CATEGORIA0;;1;1;0;1;;KIT EMBRAIAGEM LUK;KIT EMBRAIAGEM LUK;0;;
6;1315;624 3178 34;1315;624317834;CATEGORIA0;;1;1;0;1;;KIT EMBRAIAGEM LUK;KIT EMBRAIAGEM LUK;0;;
6;1315;624 3179 09;1315;624317909;CATEGORIA0;;1;1;0;1;;KIT EMBRAIAGEM LUK;KIT EMBRAIAGEM LUK;0;;
6;1315;624 3179 33;1315;624317933;CATEGORIA0;;1;1;0;1;;KIT EMBRAIAGEM LUK;KIT EMBRAIAGEM LUK;0;;
6;1315;624 3180 09;1315;624318009;CATEGORIA0;;1;1;0;1;;KIT EMBRAIAGEM LUK;KIT EMBRAIAGEM LUK;0;;
6;1315;624 3180 34;1315;624318034;CATEGORIA0;;1;1;0;1;;KIT EMBRAIAGEM LUK;KIT EMBRAIAGEM LUK;0;;
6;1315;624 3182 09;1315;624318209;CATEGORIA0;;1;1;0;1;;KIT EMBRAIAGEM LUK;KIT EMBRAIAGEM LUK;0;;
6;1315;624 3182 33;1315;624318233;CATEGORIA0;;1;1;0;1;;KIT EMBRAIAGEM LUK;KIT EMBRAIAGEM LUK;0;;
6;1315;624 3182 34;1315;624318234;CATEGORIA0;;1;1;0;1;;KIT EMBRAIAGEM LUK;KIT EMBRAIAGEM LUK;0;;
6;1315;624 3183 00;1315;624318300;CATEGORIA0;;1;1;0;1;;KIT EMBRAIAGEM;KIT EMBRAIAGEM;0;;
6;1315;624 3190 00;1315;624319000;CATEGORIA0;;1;1;0;1;;KIT EMBRAIAGEM LUK;KIT EMBRAIAGEM LUK;0;;
6;1315;624 3200 09;1315;624320009;CATEGORIA0;;1;1;0;1;;KIT EMBRAIAGEM LUK;KIT EMBRAIAGEM LUK;0;;
6;1315;624 3200 34;1315;624320034;CATEGORIA0;;1;1;0;1;;KIT EMBRAIAGEM LUK;KIT EMBRAIAGEM LUK;0;;
6;1315;624 3206 09;1315;624320609;CATEGORIA0;;1;1;0;1;;KIT EMBRAIAGEM LUK;KIT EMBRAIAGEM LUK;0;;
6;1315;624 3206 33;1315;624320633;CATEGORIA0;;1;1;0;1;;KIT EMBRAIAGEM LUK;KIT EMBRAIAGEM LUK;0;;
6;1315;624 3206 34;1315;624320634;CATEGORIA0;;1;1;0;1;;KIT EMBRAIAGEM LUK;KIT EMBRAIAGEM LUK;0;;
6;1315;624 3208 09;1315;624320809;CATEGORIA0;;1;1;0;1;;KIT EMBRAIAGEM LUK;KIT EMBRAIAGEM LUK;0;;
6;1315;624 3208 33;1315;624320833;CATEGORIA0;;1;1;0;1;;KIT EMBRAIAGEM LUK;KIT EMBRAIAGEM LUK;0;;
6;1315;624 3210 09;1315;624321009;CATEGORIA0;;1;1;0;1;;KIT EMBRAIAGEM LUK;KIT EMBRAIAGEM LUK;0;;
6;1315;624 3210 33;1315;624321033;CATEGORIA0;;1;1;0;1;;KIT EMBRAIAGEM LUK;KIT EMBRAIAGEM LUK;0;;
6;1315;624 3211 09;1315;624321109;CATEGORIA0;;1;1;0;1;;KIT EMBRAIAGEM LUK;KIT EMBRAIAGEM LUK;0;;
6;1315;624 3211 33;1315;624321133;CATEGORIA0;;1;1;0;1;;KIT EMBRAIAGEM LUK;KIT EMBRAIAGEM LUK;0;;
6;1315;624 3212 09;1315;624321209;CATEGORIA0;;1;1;0;1;;KIT EMBRAIAGEM LUK;KIT EMBRAIAGEM LUK;0;;
6;1315;624 3212 33;1315;624321233;CATEGORIA0;;1;1;0;1;;KIT EMBRAIAGEM LUK;KIT EMBRAIAGEM LUK;0;;
6;1315;624 3213 00;1315;624321300;CATEGORIA0;;1;1;0;1;;KIT EMBRAIAGEM LUK;KIT EMBRAIAGEM LUK;0;;
6;1315;624 3214 00;1315;624321400;CATEGORIA0;;1;1;0;1;;KIT EMBRAIAGEM LUK;KIT EMBRAIAGEM LUK;0;;
6;1315;624 3218 00;1315;624321800;CATEGORIA0;;1;1;0;1;;KIT EMBRAIAGEM LUK;KIT EMBRAIAGEM LUK;0;;
6;1315;624 3218 21;1315;624321821;CATEGORIA0;;1;1;0;1;;KIT EMBRAIAGEM LUK;KIT EMBRAIAGEM LUK;0;;
6;1315;624 3219 09;1315;624321909;CATEGORIA0;;1;1;0;1;;KIT EMBRAIAGEM;KIT EMBRAIAGEM;0;;
6;1315;624 3219 33;1315;624321933;CATEGORIA0;;1;1;0;1;;KIT EMBRAIAGEM LUK;KIT EMBRAIAGEM LUK;0;;
6;1315;624 3219 34;1315;624321934;CATEGORIA0;;1;1;0;1;;KIT EMBRAIAGEM;KIT EMBRAIAGEM;0;;
6;1315;624 3220 09;1315;624322009;CATEGORIA0;;1;1;0;1;;KIT EMBRAIAGEM LUK;KIT EMBRAIAGEM LUK;0;;
6;1315;624 3220 33;1315;624322033;CATEGORIA0;;1;1;0;1;;KIT EMBRAIAGEM LUK;KIT EMBRAIAGEM LUK;0;;
6;1315;624 3220 34;1315;624322034;CATEGORIA0;;1;1;0;1;;KIT EMBRAIAGEM LUK;KIT EMBRAIAGEM LUK;0;;
6;1315;624 3224 19;1315;624322419;CATEGORIA0;;1;1;0;1;;KIT EMBRAIAGEM LUK;KIT EMBRAIAGEM LUK;0;;
6;1315;624 3224 33;1315;624322433;CATEGORIA0;;1;1;0;1;;KIT EMBRAIAGEM LUK;KIT EMBRAIAGEM LUK;0;;
6;1315;624 3224 34;1315;624322434;CATEGORIA0;;1;1;0;1;;KIT EMBRAIAGEM LUK;KIT EMBRAIAGEM LUK;0;;
6;1315;624 3225 19;1315;624322519;CATEGORIA0;;1;1;0;1;;KIT EMBRAIAGEM LUK;KIT EMBRAIAGEM LUK;0;;
6;1315;624 3225 33;1315;624322533;CATEGORIA0;;1;1;0;1;;KIT EMBRAIAGEM LUK;KIT EMBRAIAGEM LUK;0;;
6;1315;624 3226 19;1315;624322619;CATEGORIA0;;1;1;0;1;;KIT EMBRAIAGEM LUK;KIT EMBRAIAGEM LUK;0;;
6;1315;624 3226 33;1315;624322633;CATEGORIA0;;1;1;0;1;;KIT EMBRAIAGEM LUK;KIT EMBRAIAGEM LUK;0;;
6;1315;624 3228 00;1315;624322800;CATEGORIA0;;1;1;0;1;;KIT EMBRAIAGEM LUK;KIT EMBRAIAGEM LUK;0;;
6;1315;624 3229 19;1315;624322919;CATEGORIA0;;1;1;0;1;;KIT EMBRAIAGEM LUK;KIT EMBRAIAGEM LUK;0;;
6;1315;624 3229 33;1315;624322933;CATEGORIA0;;1;1;0;1;;KIT EMBRAIAGEM LUK;KIT EMBRAIAGEM LUK;0;;
6;1315;624 3230 00;1315;624323000;CATEGORIA0;;1;1;0;1;;KIT EMBRAIAGEM LUK;KIT EMBRAIAGEM LUK;0;;
6;1315;624 3230 09;1315;624323009;CATEGORIA0;;1;1;0;1;;KIT EMBRAIAGEM LUK;KIT EMBRAIAGEM LUK;0;;
6;1315;624 3230 33;1315;624323033;CATEGORIA0;;1;1;0;1;;KIT EMBR.LUK   VER 624323034;KIT EMBR.LUK   VER 624323034;0;;
6;1315;624 3230 34;1315;624323034;CATEGORIA0;;1;1;0;1;;KIT EMBRAIAGEM LUK;KIT EMBRAIAGEM LUK;0;;
6;1315;624 3231 00;1315;624323100;CATEGORIA0;;1;1;0;1;;KIT EMBRAIAGEM LUK;KIT EMBRAIAGEM LUK;0;;
6;1315;624 3231 21;1315;624323121;CATEGORIA0;;1;1;0;1;;KIT EMBRAIAGEM LUK;KIT EMBRAIAGEM LUK;0;;
6;1315;624 3233 19;1315;624323319;CATEGORIA0;;1;1;0;1;;KIT EMBRAIAGEM LUK;KIT EMBRAIAGEM LUK;0;;
6;1315;624 3233 33;1315;624323333;CATEGORIA0;;1;1;0;1;;KIT EMBRAIAGEM LUK;KIT EMBRAIAGEM LUK;0;;
6;1315;624 3234 09;1315;624323409;CATEGORIA0;;1;1;0;1;;KIT EMBRAIAGEM LUK;KIT EMBRAIAGEM LUK;0;;
6;1315;624 3234 33;1315;624323433;CATEGORIA0;;1;1;0;1;;KIT EMBRAIAGEM LUK;KIT EMBRAIAGEM LUK;0;;
6;1315;624 3234 34;1315;624323434;CATEGORIA0;;1;1;0;1;;KIT EMBRAIAGEM LUK;KIT EMBRAIAGEM LUK;0;;
6;1315;624 3235 09;1315;624323509;CATEGORIA0;;1;1;0;1;;KIT EMBRAIAGEM LUK;KIT EMBRAIAGEM LUK;0;;
6;1315;624 3235 33;1315;624323533;CATEGORIA0;;1;1;0;1;;KIT EMBRAIAGEM LUK;KIT EMBRAIAGEM LUK;0;;
6;1315;624 3236 19;1315;624323619;CATEGORIA0;;1;1;0;1;;KIT EMBRAIAGEM LUK;KIT EMBRAIAGEM LUK;0;;
6;1315;624 3236 33;1315;624323633;CATEGORIA0;;1;1;0;1;;KIT EMBRAIAGEM LUK;KIT EMBRAIAGEM LUK;0;;
6;1315;624 3236 34;1315;624323634;CATEGORIA0;;1;1;0;1;;KIT EMBRAIAGEM LUK;KIT EMBRAIAGEM LUK;0;;
6;1315;624 3237 19;1315;624323719;CATEGORIA0;;1;1;0;1;;KIT EMBRAIAGEM LUK;KIT EMBRAIAGEM LUK;0;;
6;1315;624 3237 33;1315;624323733;CATEGORIA0;;1;1;0;1;;KIT EMBRAIAGEM LUK;KIT EMBRAIAGEM LUK;0;;
6;1315;624 3237 34;1315;624323734;CATEGORIA0;;1;1;0;1;;KIT EMBRAIAGEM LUK;KIT EMBRAIAGEM LUK;0;;
6;1315;624 3238 19;1315;624323819;CATEGORIA0;;1;1;0;1;;KIT EMBRAIAGEM LUK;KIT EMBRAIAGEM LUK;0;;
6;1315;624 3238 33;1315;624323833;CATEGORIA0;;1;1;0;1;;KIT EMBRAIAGEM LUK;KIT EMBRAIAGEM LUK;0;;
6;1315;624 3239 00;1315;624323900;CATEGORIA0;;1;1;0;1;;KIT EMBRAIAGEM LUK;KIT EMBRAIAGEM LUK;0;;
6;1315;624 3240 19;1315;624324019;CATEGORIA0;;1;1;0;1;;KIT EMBRAIAGEM LUK;KIT EMBRAIAGEM LUK;0;;
6;1315;624 3240 33;1315;624324033;CATEGORIA0;;1;1;0;1;;KIT EMBRAIAGEM LUK;KIT EMBRAIAGEM LUK;0;;
6;1315;624 3240 34;1315;624324034;CATEGORIA0;;1;1;0;1;;KIT EMBRAIAGEM LUK;KIT EMBRAIAGEM LUK;0;;
6;1315;624 3240 35;1315;624324035;CATEGORIA0;;1;1;0;1;;KIT EMBRAIAGEM LUK;KIT EMBRAIAGEM LUK;0;;
6;1315;624 3241 09;1315;624324109;CATEGORIA0;;1;1;0;1;;KIT EMBR.LUK;KIT EMBR.LUK;0;;
6;1315;624 3241 33;1315;624324133;CATEGORIA0;;1;1;0;1;;KIT EMBRAIAGEM;KIT EMBRAIAGEM;0;;
6;1315;624 3241 34;1315;624324134;CATEGORIA0;;1;1;0;1;;KIT EMBRAIAGEM;KIT EMBRAIAGEM;0;;
6;1315;624 3242 09;1315;624324209;CATEGORIA0;;1;1;0;1;;KIT EMBRAIAGEM LUK;KIT EMBRAIAGEM LUK;0;;
6;1315;624 3242 33;1315;624324233;CATEGORIA0;;1;1;0;1;;KIT EMBRAIAGEM LUK;KIT EMBRAIAGEM LUK;0;;
6;1315;624 3242 34;1315;624324234;CATEGORIA0;;1;1;0;1;;KIT EMBRAIAGEM LUK;KIT EMBRAIAGEM LUK;0;;
6;1315;624 3243 19;1315;624324319;CATEGORIA0;;1;1;0;1;;KIT EMBRAIAGEM LUK;KIT EMBRAIAGEM LUK;0;;
6;1315;624 3243 33;1315;624324333;CATEGORIA0;;1;1;0;1;;KIT EMBRAIAGEM LUK;KIT EMBRAIAGEM LUK;0;;
6;1315;624 3243 34;1315;624324334;CATEGORIA0;;1;1;0;1;;KIT EMBRAIAGEM LUK;KIT EMBRAIAGEM LUK;0;;
6;1315;624 3245 19;1315;624324519;CATEGORIA0;;1;1;0;1;;KIT EMBRAIAGEM LUK;KIT EMBRAIAGEM LUK;0;;
6;1315;624 3245 33;1315;624324533;CATEGORIA0;;1;1;0;1;;KIT EMBRAIAGEM LUK;KIT EMBRAIAGEM LUK;0;;
6;1315;624 3247 19;1315;624324719;CATEGORIA0;;1;1;0;1;;KIT EMBRAIAGEM;KIT EMBRAIAGEM;0;;
6;1315;624 3247 33;1315;624324733;CATEGORIA0;;1;1;0;1;;KIT EMBRAIAGEM LUK;KIT EMBRAIAGEM LUK;0;;
6;1315;624 3249 19;1315;624324919;CATEGORIA0;;1;1;0;1;;KIT EMBRAIAGEM LUK;KIT EMBRAIAGEM LUK;0;;
6;1315;624 3249 33;1315;624324933;CATEGORIA0;;1;1;0;1;;KIT EMBRAIAGEM LUK;KIT EMBRAIAGEM LUK;0;;
6;1315;624 3251 19;1315;624325119;CATEGORIA0;;1;1;0;1;;KIT EMBRAIAGEM LUK;KIT EMBRAIAGEM LUK;0;;
6;1315;624 3251 33;1315;624325133;CATEGORIA0;;1;1;0;1;;KIT EMBRAIAGEM LUK;KIT EMBRAIAGEM LUK;0;;
6;1315;624 3251 34;1315;624325134;CATEGORIA0;;1;1;0;1;;KIT EMBRAIAGEM LUK;KIT EMBRAIAGEM LUK;0;;
6;1315;624 3251 35;1315;624325135;CATEGORIA0;;1;1;0;1;;KIT EMBRAIAGEM LUK;KIT EMBRAIAGEM LUK;0;;
6;1315;624 3252 33;1315;624325233;CATEGORIA0;;1;1;0;1;;KIT EMBRAIAGEM LUK;KIT EMBRAIAGEM LUK;0;;
6;1315;624 3253 19;1315;624325319;CATEGORIA0;;1;1;0;1;;KIT EMBRAIAGEM LUK;KIT EMBRAIAGEM LUK;0;;
6;1315;624 3253 33;1315;624325333;CATEGORIA0;;1;1;0;1;;KIT EMBRAIAGEM LUK;KIT EMBRAIAGEM LUK;0;;
6;1315;624 3254 19;1315;624325419;CATEGORIA0;;1;1;0;1;;KIT EMBRAIAGEM LUK;KIT EMBRAIAGEM LUK;0;;
6;1315;624 3254 33;1315;624325433;CATEGORIA0;;1;1;0;1;;KIT EMBRAIAGEM LUK;KIT EMBRAIAGEM LUK;0;;
6;1315;624 3254 34;1315;624325434;CATEGORIA0;;1;1;0;1;;KIT EMBRAIAGEM LUK;KIT EMBRAIAGEM LUK;0;;
6;1315;624 3255 19;1315;624325519;CATEGORIA0;;1;1;0;1;;KIT EMBRAIAGEM LUK;KIT EMBRAIAGEM LUK;0;;
6;1315;624 3255 33;1315;624325533;CATEGORIA0;;1;1;0;1;;KIT EMBRAIAGEM LUK;KIT EMBRAIAGEM LUK;0;;
6;1315;624 3256 19;1315;624325619;CATEGORIA0;;1;1;0;1;;KIT EMBRAIAGEM LUK;KIT EMBRAIAGEM LUK;0;;
6;1315;624 3256 33;1315;624325633;CATEGORIA0;;1;1;0;1;;KIT EMBRAIAGEM LUK;KIT EMBRAIAGEM LUK;0;;
6;1315;624 3256 34;1315;624325634;CATEGORIA0;;1;1;0;1;;KIT EMBRAIAGEM LUK;KIT EMBRAIAGEM LUK;0;;
6;1315;624 3259 33;1315;624325933;CATEGORIA0;;1;1;0;1;;KIT EMBRAIAGEM LUK;KIT EMBRAIAGEM LUK;0;;
6;1315;624 3260 19;1315;624326019;CATEGORIA0;;1;1;0;1;;KIT EMBRAIAGEM LUK;KIT EMBRAIAGEM LUK;0;;
6;1315;624 3260 33;1315;624326033;CATEGORIA0;;1;1;0;1;;KIT EMBRAIAGEM LUK;KIT EMBRAIAGEM LUK;0;;
6;1315;624 3260 34;1315;624326034;CATEGORIA0;;1;1;0;1;;KIT EMBRAIAGEM LUK;KIT EMBRAIAGEM LUK;0;;
6;1315;624 3261 19;1315;624326119;CATEGORIA0;;1;1;0;1;;KIT EMBRAIAGEM LUK;KIT EMBRAIAGEM LUK;0;;
6;1315;624 3261 33;1315;624326133;CATEGORIA0;;1;1;0;1;;KIT EMBRAIAGEM LUK;KIT EMBRAIAGEM LUK;0;;
6;1315;624 3261 34;1315;624326134;CATEGORIA0;;1;1;0;1;;KIT EMBRAIAGEM LUK;KIT EMBRAIAGEM LUK;0;;
6;1315;624 3262 19;1315;624326219;CATEGORIA0;;1;1;0;1;;KIT EMBRAIAGEM LUK;KIT EMBRAIAGEM LUK;0;;
6;1315;624 3263 19;1315;624326319;CATEGORIA0;;1;1;0;1;;KIT EMBRAIAGEM LUK;KIT EMBRAIAGEM LUK;0;;
6;1315;624 3263 33;1315;624326333;CATEGORIA0;;1;1;0;1;;KIT EMBRAIAGEM LUK;KIT EMBRAIAGEM LUK;0;;
6;1315;624 3264 19;1315;624326419;CATEGORIA0;;1;1;0;1;;KIT EMBRAIAGEM LUK;KIT EMBRAIAGEM LUK;0;;
6;1315;624 3264 33;1315;624326433;CATEGORIA0;;1;1;0;1;;KIT EMBRAIAGEM LUK;KIT EMBRAIAGEM LUK;0;;
6;1315;624 3264 34;1315;624326434;CATEGORIA0;;1;1;0;1;;KIT EMBRAIAGEM LUK;KIT EMBRAIAGEM LUK;0;;
6;1315;624 3266 19;1315;624326619;CATEGORIA0;;1;1;0;1;;KIT EMBRAIAGEM LUK;KIT EMBRAIAGEM LUK;0;;
6;1315;624 3266 33;1315;624326633;CATEGORIA0;;1;1;0;1;;KIT EMBRAIAGEM LUK;KIT EMBRAIAGEM LUK;0;;
6;1315;624 3267 00;1315;624326700;CATEGORIA0;;1;1;0;1;;KIT EMBRAIAGEM LUK;KIT EMBRAIAGEM LUK;0;;
6;1315;624 3267 21;1315;624326721;CATEGORIA0;;1;1;0;1;;KIT EMBRAIAGEM LUK;KIT EMBRAIAGEM LUK;0;;
6;1315;624 3268 00;1315;624326800;CATEGORIA0;;1;1;0;1;;KIT EMBRAIAGEM LUK;KIT EMBRAIAGEM LUK;0;;
6;1315;624 3269 19;1315;624326919;CATEGORIA0;;1;1;0;1;;KIT EMBRAIAGEM LUK;KIT EMBRAIAGEM LUK;0;;
6;1315;624 3269 33;1315;624326933;CATEGORIA0;;1;1;0;1;;KIT EMBRAIAGEM LUK;KIT EMBRAIAGEM LUK;0;;
6;1315;624 3269 34;1315;624326934;CATEGORIA0;;1;1;0;1;;KIT EMBRAIAGEM LUK;KIT EMBRAIAGEM LUK;0;;
6;1315;624 3270 19;1315;624327019;CATEGORIA0;;1;1;0;1;;KIT EMBRAIAGEM LUK;KIT EMBRAIAGEM LUK;0;;
6;1315;624 3270 33;1315;624327033;CATEGORIA0;;1;1;0;1;;KIT EMBRAIAGEM LUK;KIT EMBRAIAGEM LUK;0;;
6;1315;624 3271 19;1315;624327119;CATEGORIA0;;1;1;0;1;;KIT EMBRAIAGEM LUK;KIT EMBRAIAGEM LUK;0;;
6;1315;624 3274 09;1315;624327409;CATEGORIA0;;1;1;0;1;;KIT EMBRAIAGEM LUK;KIT EMBRAIAGEM LUK;0;;
6;1315;624 3274 33;1315;624327433;CATEGORIA0;;1;1;0;1;;KIT EMBRAIAGEM LUK;KIT EMBRAIAGEM LUK;0;;
6;1315;624 3276 09;1315;624327609;CATEGORIA0;;1;1;0;1;;KIT EMBRAIAGEM;KIT EMBRAIAGEM;0;;
6;1315;624 3276 33;1315;624327633;CATEGORIA0;;1;1;0;1;;KIT EMBRAIAGEM;KIT EMBRAIAGEM;0;;
6;1315;624 3278 09;1315;624327809;CATEGORIA0;;1;1;0;1;;KIT EMBRAIAGEM KIT;KIT EMBRAIAGEM KIT;0;;
6;1315;624 3278 33;1315;624327833;CATEGORIA0;;1;1;0;1;;KIT EMBRAIAGEM KIT;KIT EMBRAIAGEM KIT;0;;
6;1315;624 3279 09;1315;624327909;CATEGORIA0;;1;1;0;1;;KIT EMBRAIAGEM LUK;KIT EMBRAIAGEM LUK;0;;
6;1315;624 3279 33;1315;624327933;CATEGORIA0;;1;1;0;1;;KIT EMBRAIAGEM LUK;KIT EMBRAIAGEM LUK;0;;
6;1315;624 3280 19;1315;624328019;CATEGORIA0;;1;1;0;1;;KIT EMBRAIAGEM LUK;KIT EMBRAIAGEM LUK;0;;
6;1315;624 3280 33;1315;624328033;CATEGORIA0;;1;1;0;1;;KIT EMBRAIAGEM LUK;KIT EMBRAIAGEM LUK;0;;
6;1315;624 3281 09;1315;624328109;CATEGORIA0;;1;1;0;1;;KIT EMBRAIAGEM LUK;KIT EMBRAIAGEM LUK;0;;
6;1315;624 3281 33;1315;624328133;CATEGORIA0;;1;1;0;1;;KIT EMBRAIAGEM LUK;KIT EMBRAIAGEM LUK;0;;
6;1315;624 3284 00;1315;624328400;CATEGORIA0;;1;1;0;1;;KIT EMBRAIAGEM LUK;KIT EMBRAIAGEM LUK;0;;
6;1315;624 3285 00;1315;624328500;CATEGORIA0;;1;1;0;1;;KIT EMBRAIAGEM LUK;KIT EMBRAIAGEM LUK;0;;
6;1315;624 3285 19;1315;624328519;CATEGORIA0;;1;1;0;1;;KIT EMBRAIAGEM LUK;KIT EMBRAIAGEM LUK;0;;
6;1315;624 3286 00;1315;624328600;CATEGORIA0;;1;1;0;1;;KIT EMBRAIAGEM LUK;KIT EMBRAIAGEM LUK;0;;
6;1315;624 3288 00;1315;624328800;CATEGORIA0;;1;1;0;1;;KIT EMBRAIAGEM LUK;KIT EMBRAIAGEM LUK;0;;
6;1315;624 3289 00;1315;624328900;CATEGORIA0;;1;1;0;1;;KIT EMBRAIAGEM LUK;KIT EMBRAIAGEM LUK;0;;
6;1315;624 3290 00;1315;624329000;CATEGORIA0;;1;1;0;1;;KIT EMBRAIAGEM LUK;KIT EMBRAIAGEM LUK;0;;
6;1315;624 3291 09;1315;624329109;CATEGORIA0;;1;1;0;1;;KIT EMBRAIAGEM LUK;KIT EMBRAIAGEM LUK;0;;
6;1315;624 3291 33;1315;624329133;CATEGORIA0;;1;1;0;1;;KIT EMBRAIAGEM LUK;KIT EMBRAIAGEM LUK;0;;
6;1315;624 3292 00;1315;624329200;CATEGORIA0;;1;1;0;1;;KIT EMBRAIAGEM LUK;KIT EMBRAIAGEM LUK;0;;
6;1315;624 3295 09;1315;624329509;CATEGORIA0;;1;1;0;1;;KIT EMBRAIAGEM LUK;KIT EMBRAIAGEM LUK;0;;
6;1315;624 3295 33;1315;624329533;CATEGORIA0;;1;1;0;1;;KIT EMBRAIAGEM LUK;KIT EMBRAIAGEM LUK;0;;
6;1315;624 3295 34;1315;624329534;CATEGORIA0;;1;1;0;1;;KIT EMBRAIAGEM LUK;KIT EMBRAIAGEM LUK;0;;
6;1315;624 3296 00;1315;624329600;CATEGORIA0;;1;1;0;1;;KIT EMBRAIAGEM LUK;KIT EMBRAIAGEM LUK;0;;
6;1315;624 3297 09;1315;624329709;CATEGORIA0;;1;1;0;1;;KIT EMBRAIAGEM LUK;KIT EMBRAIAGEM LUK;0;;
6;1315;624 3297 33;1315;624329733;CATEGORIA0;;1;1;0;1;;KIT EMBRAIAGEM LUK;KIT EMBRAIAGEM LUK;0;;
6;1315;624 3299 09;1315;624329909;CATEGORIA0;;1;1;0;1;;KIT EMBRAIAGEM LUK;KIT EMBRAIAGEM LUK;0;;
6;1315;624 3299 33;1315;624329933;CATEGORIA0;;1;1;0;1;;KIT EMBRAIAGEM LUK;KIT EMBRAIAGEM LUK;0;;
6;1315;624 3301 09;1315;624330109;CATEGORIA0;;1;1;0;1;;KIT EMBRAIAGEM LUK;KIT EMBRAIAGEM LUK;0;;
6;1315;624 3301 33;1315;624330133;CATEGORIA0;;1;1;0;1;;KIT EMBRAIAGEM LUK;KIT EMBRAIAGEM LUK;0;;
6;1315;624 3303 00;1315;624330300;CATEGORIA0;;1;1;0;1;;KIT EMBRAIAGEM LUK;KIT EMBRAIAGEM LUK;0;;
6;1315;624 3306 00;1315;624330600;CATEGORIA0;;1;1;0;1;;KIT EMBRAIAGEM LUK;KIT EMBRAIAGEM LUK;0;;
6;1315;624 3307 09;1315;624330709;CATEGORIA0;;1;1;0;1;;KIT EMBRAIAGEM LUK;KIT EMBRAIAGEM LUK;0;;
6;1315;624 3307 33;1315;624330733;CATEGORIA0;;1;1;0;1;;KIT EMBRAIAGEM LUK;KIT EMBRAIAGEM LUK;0;;
6;1315;624 3308 00;1315;624330800;CATEGORIA0;;1;1;0;1;;KIT EMBRAIAGEM LUK;KIT EMBRAIAGEM LUK;0;;
6;1315;624 3308 21;1315;624330821;CATEGORIA0;;1;1;0;1;;KIT EMBRAIAGEM LUK;KIT EMBRAIAGEM LUK;0;;
6;1315;624 3308 22;1315;624330822;CATEGORIA0;;1;1;0;1;;KIT EMBRAIAGEM LUK;KIT EMBRAIAGEM LUK;0;;
6;1315;624 3309 00;1315;624330900;CATEGORIA0;;1;1;0;1;;KIT EMBRAIAGEM LUK;KIT EMBRAIAGEM LUK;0;;
6;1315;624 3310 09;1315;624331009;CATEGORIA0;;1;1;0;1;;KIT EMBRAIAGEM LUK;KIT EMBRAIAGEM LUK;0;;
6;1315;624 3310 33;1315;624331033;CATEGORIA0;;1;1;0;1;;KIT EMBRAIAGEM LUK;KIT EMBRAIAGEM LUK;0;;
6;1315;624 3311 00;1315;624331100;CATEGORIA0;;1;1;0;1;;KIT EMBRAIAGEM LUK;KIT EMBRAIAGEM LUK;0;;
6;1315;624 3312 09;1315;624331209;CATEGORIA0;;1;1;0;1;;KIT EMBRAIAGEM LUK;KIT EMBRAIAGEM LUK;0;;
6;1315;624 3312 33;1315;624331233;CATEGORIA0;;1;1;0;1;;KIT EMBRAIAGEM LUK;KIT EMBRAIAGEM LUK;0;;
6;1315;624 3312 34;1315;624331234;CATEGORIA0;;1;1;0;1;;KIT EMBRAIAGEM LUK;KIT EMBRAIAGEM LUK;0;;
6;1315;624 3313 00;1315;624331300;CATEGORIA0;;1;1;0;1;;KIT EMBRAIAGEM LUK;KIT EMBRAIAGEM LUK;0;;
6;1315;624 3315 00;1315;624331500;CATEGORIA0;;1;1;0;1;;KIT EMBRAIAGEM LUK;KIT EMBRAIAGEM LUK;0;;
6;1315;624 3316 09;1315;624331609;CATEGORIA0;;1;1;0;1;;KIT EMBRAIAGEM LUK;KIT EMBRAIAGEM LUK;0;;
6;1315;624 3316 33;1315;624331633;CATEGORIA0;;1;1;0;1;;KIT EMBRAIAGEM LUK;KIT EMBRAIAGEM LUK;0;;
6;1315;624 3316 34;1315;624331634;CATEGORIA0;;1;1;0;1;;KIT EMBRAIAGEM LUK;KIT EMBRAIAGEM LUK;0;;
6;1315;624 3318 09;1315;624331809;CATEGORIA0;;1;1;0;1;;KIT EMBRAIAGEM LUK;KIT EMBRAIAGEM LUK;0;;
6;1315;624 3318 33;1315;624331833;CATEGORIA0;;1;1;0;1;;KIT EMBRAIAGEM;KIT EMBRAIAGEM;0;;
6;1315;624 3322 09;1315;624332209;CATEGORIA0;;1;1;0;1;;KIT EMBRAIAGEM LUK;KIT EMBRAIAGEM LUK;0;;
6;1315;624 3322 33;1315;624332233;CATEGORIA0;;1;1;0;1;;KIT EMBRAIAGEM LUK;KIT EMBRAIAGEM LUK;0;;
6;1315;624 3324 09;1315;624332409;CATEGORIA0;;1;1;0;1;;KIT EMBRAIAGEM LUK;KIT EMBRAIAGEM LUK;0;;
6;1315;624 3324 33;1315;624332433;CATEGORIA0;;1;1;0;1;;KIT EMBRAIAGEM LUK;KIT EMBRAIAGEM LUK;0;;
6;1315;624 3329 00;1315;624332900;CATEGORIA0;;1;1;0;1;;KIT EMBRAIAGEM LUK;KIT EMBRAIAGEM LUK;0;;
6;1315;624 3330 00;1315;624333000;CATEGORIA0;;1;1;0;1;;KIT EMBRAIAGEM LUK;KIT EMBRAIAGEM LUK;0;;
6;1315;624 3334 09;1315;624333409;CATEGORIA0;;1;1;0;1;;KIT EMBRAIAGEM;KIT EMBRAIAGEM;0;;
6;1315;624 3338 09;1315;624333809;CATEGORIA0;;1;1;0;1;;KIT EMBRAIAGEM LUK;KIT EMBRAIAGEM LUK;0;;
6;1315;624 3338 33;1315;624333833;CATEGORIA0;;1;1;0;1;;KIT EMBRAIAGEM LUK;KIT EMBRAIAGEM LUK;0;;
6;1315;624 3339 09;1315;624333909;CATEGORIA0;;1;1;0;1;;KIT EMBRAIAGEM LUK;KIT EMBRAIAGEM LUK;0;;
6;1315;624 3339 33;1315;624333933;CATEGORIA0;;1;1;0;1;;KIT EMBRAIAGEM LUK;KIT EMBRAIAGEM LUK;0;;
6;1315;624 3342 00;1315;624334200;CATEGORIA0;;1;1;0;1;;KIT EMBRAIAGEM LUK;KIT EMBRAIAGEM LUK;0;;
6;1315;624 3343 09;1315;624334309;CATEGORIA0;;1;1;0;1;;KIT EMBRAIAGEM LUK;KIT EMBRAIAGEM LUK;0;;
6;1315;624 3343 33;1315;624334333;CATEGORIA0;;1;1;0;1;;KIT EMBRAIAGEM LUK;KIT EMBRAIAGEM LUK;0;;
6;1315;624 3343 34;1315;624334334;CATEGORIA0;;1;1;0;1;;KIT EMBRAIAGEM LUK;KIT EMBRAIAGEM LUK;0;;
6;1315;624 3344 09;1315;624334409;CATEGORIA0;;1;1;0;1;;KIT EMBRAIAGEM LUK;KIT EMBRAIAGEM LUK;0;;
6;1315;624 3344 33;1315;624334433;CATEGORIA0;;1;1;0;1;;KIT EMBRAIAGEM LUK;KIT EMBRAIAGEM LUK;0;;
6;1315;624 3345 00;1315;624334500;CATEGORIA0;;1;1;0;1;;KIT EMBRAIAGEM LUK;KIT EMBRAIAGEM LUK;0;;
6;1315;624 3346 00;1315;624334600;CATEGORIA0;;1;1;0;1;;KIT EMBRAIAGEM LUK;KIT EMBRAIAGEM LUK;0;;
6;1315;624 3347 09;1315;624334709;CATEGORIA0;;1;1;0;1;;KIT EMBRAIAGEM LUK;KIT EMBRAIAGEM LUK;0;;
6;1315;624 3347 34;1315;624334734;CATEGORIA0;;1;1;0;1;;KIT EMBRAIAGEM LUK;KIT EMBRAIAGEM LUK;0;;
6;1315;624 3349 09;1315;624334909;CATEGORIA0;;1;1;0;1;;KIT EMBRAIAGEM LUK;KIT EMBRAIAGEM LUK;0;;
6;1315;624 3349 33;1315;624334933;CATEGORIA0;;1;1;0;1;;KIT EMBRAIAGEM LUK;KIT EMBRAIAGEM LUK;0;;
6;1315;624 3352 09;1315;624335209;CATEGORIA0;;1;1;0;1;;KIT EMBRAIAGEM LUK;KIT EMBRAIAGEM LUK;0;;
6;1315;624 3352 33;1315;624335233;CATEGORIA0;;1;1;0;1;;KIT EMBRAIAGEM LUK;KIT EMBRAIAGEM LUK;0;;
6;1315;624 3353 00;1315;624335300;CATEGORIA0;;1;1;0;1;;KIT EMBRAIAGEM LUK;KIT EMBRAIAGEM LUK;0;;
6;1315;624 3355 09;1315;624335509;CATEGORIA0;;1;1;0;1;;KIT EMBRAIAGEM LUK;KIT EMBRAIAGEM LUK;0;;
6;1315;624 3355 33;1315;624335533;CATEGORIA0;;1;1;0;1;;KIT EMBRAIAGEM LUK;KIT EMBRAIAGEM LUK;0;;
6;1315;624 3355 34;1315;624335534;CATEGORIA0;;1;1;0;1;;KIT EMBRAIAGEM;KIT EMBRAIAGEM;0;;
6;1315;624 3356 00;1315;624335600;CATEGORIA0;;1;1;0;1;;KIT EMBRAIAGEM;KIT EMBRAIAGEM;0;;
6;1315;624 3356 09;1315;624335609;CATEGORIA0;;1;1;0;1;;KIT EMBRAIAGEM LUK;KIT EMBRAIAGEM LUK;0;;
6;1315;624 3357 09;1315;624335709;CATEGORIA0;;1;1;0;1;;KIT EMBRAIAGEM LUK;KIT EMBRAIAGEM LUK;0;;
6;1315;624 3357 33;1315;624335733;CATEGORIA0;;1;1;0;1;;KIT EMBRAIAGEM LUK;KIT EMBRAIAGEM LUK;0;;
6;1315;624 3358 09;1315;624335809;CATEGORIA0;;1;1;0;1;;KIT EMBRAIAGEM LUK;KIT EMBRAIAGEM LUK;0;;
6;1315;624 3358 33;1315;624335833;CATEGORIA0;;1;1;0;1;;KIT EMBRAIAGEM LUK;KIT EMBRAIAGEM LUK;0;;
6;1315;624 3358 34;1315;624335834;CATEGORIA0;;1;1;0;1;;KIT EMBRAIAGEM LUK;KIT EMBRAIAGEM LUK;0;;
6;1315;624 3359 09;1315;624335909;CATEGORIA0;;1;1;0;1;;KIT EMBRAIAGEM LUK;KIT EMBRAIAGEM LUK;0;;
6;1315;624 3360 09;1315;624336009;CATEGORIA0;;1;1;0;1;;KIT EMBRAIAGEM LUK;KIT EMBRAIAGEM LUK;0;;
6;1315;624 3360 33;1315;624336033;CATEGORIA0;;1;1;0;1;;KIT EMBRAIAGEM LUK;KIT EMBRAIAGEM LUK;0;;
6;1315;624 3361 09;1315;624336109;CATEGORIA0;;1;1;0;1;;KIT EMBRAIAGEM LUK;KIT EMBRAIAGEM LUK;0;;
6;1315;624 3361 33;1315;624336133;CATEGORIA0;;1;1;0;1;;KIT EMBRAIAGEM LUK;KIT EMBRAIAGEM LUK;0;;
6;1315;624 3362 00;1315;624336200;CATEGORIA0;;1;1;0;1;;KIT EMBRAIAGEM LUK;KIT EMBRAIAGEM LUK;0;;
6;1315;624 3363 00;1315;624336300;CATEGORIA0;;1;1;0;1;;KIT EMBRAIAGEM LUK;KIT EMBRAIAGEM LUK;0;;
6;1315;624 3365 09;1315;624336509;CATEGORIA0;;1;1;0;1;;KIT EMBRAIAGEM LUK;KIT EMBRAIAGEM LUK;0;;
6;1315;624 3365 33;1315;624336533;CATEGORIA0;;1;1;0;1;;KIT EMBRAIAGEM LUK;KIT EMBRAIAGEM LUK;0;;
6;1315;624 3367 00;1315;624336700;CATEGORIA0;;1;1;0;1;;KIT EMBRAIAGEM LUK;KIT EMBRAIAGEM LUK;0;;
6;1315;624 3370 09;1315;624337009;CATEGORIA0;;1;1;0;1;;KIT EMBRAIAGEM LUK;KIT EMBRAIAGEM LUK;0;;
6;1315;624 3370 33;1315;624337033;CATEGORIA0;;1;1;0;1;;KIT EMBRAIAGEM LUK;KIT EMBRAIAGEM LUK;0;;
6;1315;624 3370 34;1315;624337034;CATEGORIA0;;1;1;0;1;;KIT EMBRAIAGEM LUK;KIT EMBRAIAGEM LUK;0;;
6;1315;624 3371 00;1315;624337100;CATEGORIA0;;1;1;0;1;;KIT EMBRAIAGEM LUK;KIT EMBRAIAGEM LUK;0;;
6;1315;624 3372 00;1315;624337200;CATEGORIA0;;1;1;0;1;;KIT EMBRAIAGEM LUK;KIT EMBRAIAGEM LUK;0;;
6;1315;624 3374 09;1315;624337409;CATEGORIA0;;1;1;0;1;;KIT EMBRAIAGEM LUK;KIT EMBRAIAGEM LUK;0;;
6;1315;624 3374 33;1315;624337433;CATEGORIA0;;1;1;0;1;;KIT EMBRAIAGEM LUK;KIT EMBRAIAGEM LUK;0;;
6;1315;624 3375 09;1315;624337509;CATEGORIA0;;1;1;0;1;;KIT EMBRAIAGEM LUK;KIT EMBRAIAGEM LUK;0;;
6;1315;624 3375 33;1315;624337533;CATEGORIA0;;1;1;0;1;;KIT EMBRAIAGEM LUK;KIT EMBRAIAGEM LUK;0;;
6;1315;624 3376 09;1315;624337609;CATEGORIA0;;1;1;0;1;;KIT EMBRAIAGEM LUK;KIT EMBRAIAGEM LUK;0;;
6;1315;624 3376 33;1315;624337633;CATEGORIA0;;1;1;0;1;;KIT EMBRAIAGEM LUK;KIT EMBRAIAGEM LUK;0;;
6;1315;624 3377 09;1315;624337709;CATEGORIA0;;1;1;0;1;;KIT EMBRAIAGEM LUK;KIT EMBRAIAGEM LUK;0;;
6;1315;624 3377 33;1315;624337733;CATEGORIA0;;1;1;0;1;;KIT EMBRAIAGEM LUK;KIT EMBRAIAGEM LUK;0;;
6;1315;624 3378 09;1315;624337809;CATEGORIA0;;1;1;0;1;;KIT EMBRAIAGEM LUK;KIT EMBRAIAGEM LUK;0;;
6;1315;624 3378 33;1315;624337833;CATEGORIA0;;1;1;0;1;;KIT EMBRAIAGEM LUK;KIT EMBRAIAGEM LUK;0;;
6;1315;624 3378 34;1315;624337834;CATEGORIA0;;1;1;0;1;;KIT EMBRAIAGEM LUK;KIT EMBRAIAGEM LUK;0;;
6;1315;624 3379 09;1315;624337909;CATEGORIA0;;1;1;0;1;;KIT EMBRAIAGEM LUK;KIT EMBRAIAGEM LUK;0;;
6;1315;624 3379 33;1315;624337933;CATEGORIA0;;1;1;0;1;;KIT EMBRAIAGEM LUK;KIT EMBRAIAGEM LUK;0;;
6;1315;624 3379 34;1315;624337934;CATEGORIA0;;1;1;0;1;;KIT EMBRAIAGEM LUK;KIT EMBRAIAGEM LUK;0;;
6;1315;624 3380 09;1315;624338009;CATEGORIA0;;1;1;0;1;;KIT EMBRAIAGEM LUK;KIT EMBRAIAGEM LUK;0;;
6;1315;624 3380 33;1315;624338033;CATEGORIA0;;1;1;0;1;;KIT EMBRAIAGEM LUK;KIT EMBRAIAGEM LUK;0;;
6;1315;624 3380 34;1315;624338034;CATEGORIA0;;1;1;0;1;;KIT EMBRAIAGEM LUK;KIT EMBRAIAGEM LUK;0;;
6;1315;624 3381 09;1315;624338109;CATEGORIA0;;1;1;0;1;;KIT EMBRAIAGEM LUK;KIT EMBRAIAGEM LUK;0;;
6;1315;624 3381 33;1315;624338133;CATEGORIA0;;1;1;0;1;;KIT EMBRAIAGEM LUK;KIT EMBRAIAGEM LUK;0;;
6;1315;624 3383 09;1315;624338309;CATEGORIA0;;1;1;0;1;;KIT EMBRAIAGEM LUK;KIT EMBRAIAGEM LUK;0;;
6;1315;624 3383 33;1315;624338333;CATEGORIA0;;1;1;0;1;;KIT EMBRAIAGEM LUK;KIT EMBRAIAGEM LUK;0;;
6;1315;624 3384 00;1315;624338400;CATEGORIA0;;1;1;0;1;;KIT EMBRAIAGEM LUK;KIT EMBRAIAGEM LUK;0;;
6;1315;624 3385 00;1315;624338500;CATEGORIA0;;1;1;0;1;;KIT EMBRAIAGEM LUK;KIT EMBRAIAGEM LUK;0;;
6;1315;624 3386 00;1315;624338600;CATEGORIA0;;1;1;0;1;;KIT EMBRAIAGEM LUK;KIT EMBRAIAGEM LUK;0;;
6;1315;624 3386 09;1315;624338609;CATEGORIA0;;1;1;0;1;;KIT EMBRAIAGEM LUK;KIT EMBRAIAGEM LUK;0;;
6;1315;624 3388 00;1315;624338800;CATEGORIA0;;1;1;0;1;;KIT EMBRAIAGEM LUK;KIT EMBRAIAGEM LUK;0;;
6;1315;624 3390 00;1315;624339000;CATEGORIA0;;1;1;0;1;;KIT EMBRAIAGEM LUK;KIT EMBRAIAGEM LUK;0;;
6;1315;624 3392 00;1315;624339200;CATEGORIA0;;1;1;0;1;;KIT EMBRAIAGEM LUK;KIT EMBRAIAGEM LUK;0;;
6;1315;624 3394 09;1315;624339409;CATEGORIA0;;1;1;0;1;;KIT EMBRAIAGEM LUK;KIT EMBRAIAGEM LUK;0;;
6;1315;624 3394 33;1315;624339433;CATEGORIA0;;1;1;0;1;;KIT EMBRAIAGEM LUK;KIT EMBRAIAGEM LUK;0;;
6;1315;624 3395 09;1315;624339509;CATEGORIA0;;1;1;0;1;;KIT EMBRAIAGEM LUK;KIT EMBRAIAGEM LUK;0;;
6;1315;624 3395 33;1315;624339533;CATEGORIA0;;1;1;0;1;;KIT EMBRAIAGEM LUK;KIT EMBRAIAGEM LUK;0;;
6;1315;624 3397 00;1315;624339700;CATEGORIA0;;1;1;0;1;;KIT EMBRAIAGEM LUK;KIT EMBRAIAGEM LUK;0;;
6;1315;624 3398 09;1315;624339809;CATEGORIA0;;1;1;0;1;;KIT EMBRAIAGEM LUK;KIT EMBRAIAGEM LUK;0;;
6;1315;624 3400 00;1315;624340000;CATEGORIA0;;1;1;0;1;;KIT EMBRAIAGEM LUK;KIT EMBRAIAGEM LUK;0;;
6;1315;624 3401 00;1315;624340100;CATEGORIA0;;1;1;0;1;;KIT EMBRAIAGEM LUK;KIT EMBRAIAGEM LUK;0;;
6;1315;624 3403 09;1315;624340309;CATEGORIA0;;1;1;0;1;;KIT EMBRAIAGEM LUK;KIT EMBRAIAGEM LUK;0;;
6;1315;624 3403 33;1315;624340333;CATEGORIA0;;1;1;0;1;;KIT EMBRAIAGEM LUK;KIT EMBRAIAGEM LUK;0;;
6;1315;624 3403 34;1315;624340334;CATEGORIA0;;1;1;0;1;;KIT EMBRAIAGEM LUK;KIT EMBRAIAGEM LUK;0;;
6;1315;624 3404 00;1315;624340400;CATEGORIA0;;1;1;0;1;;KIT EMBRAIAGEM LUK;KIT EMBRAIAGEM LUK;0;;
6;1315;624 3407 09;1315;624340709;CATEGORIA0;;1;1;0;1;;KIT EMBRAIAGEM LUK;KIT EMBRAIAGEM LUK;0;;
6;1315;624 3407 33;1315;624340733;CATEGORIA0;;1;1;0;1;;KIT EMBRAIAGEM LUK;KIT EMBRAIAGEM LUK;0;;
6;1315;624 3408 09;1315;624340809;CATEGORIA0;;1;1;0;1;;KIT EMBRAIAGEM LUK;KIT EMBRAIAGEM LUK;0;;
6;1315;624 3408 33;1315;624340833;CATEGORIA0;;1;1;0;1;;KIT EMBRAIAGEM LUK;KIT EMBRAIAGEM LUK;0;;
6;1315;624 3409 00;1315;624340900;CATEGORIA0;;1;1;0;1;;KIT EMRAIAGEM (+);KIT EMRAIAGEM (+);0;;
6;1315;624 3411 00;1315;624341100;CATEGORIA0;;1;1;0;1;;KIT EMBRAIAGEM LUK;KIT EMBRAIAGEM LUK;0;;
6;1315;624 3412 00;1315;624341200;CATEGORIA0;;1;1;0;1;;KIT EMBRAIAGEM LUK;KIT EMBRAIAGEM LUK;0;;
6;1315;624 3415 09;1315;624341509;CATEGORIA0;;1;1;0;1;;KIT EMBRAIAGEM LUK;KIT EMBRAIAGEM LUK;0;;
6;1315;624 3416 09;1315;624341609;CATEGORIA0;;1;1;0;1;;KIT EMBRAIAGEM LUK;KIT EMBRAIAGEM LUK;0;;
6;1315;624 3416 33;1315;624341633;CATEGORIA0;;1;1;0;1;;KIT EMBRAIAGEM LUK;KIT EMBRAIAGEM LUK;0;;
6;1315;624 3417 00;1315;624341700;CATEGORIA0;;1;1;0;1;;KIT EMBRAIAGEM LUK;KIT EMBRAIAGEM LUK;0;;
6;1315;624 3419 09;1315;624341909;CATEGORIA0;;1;1;0;1;;KIT EMBRAIAGEM LUK;KIT EMBRAIAGEM LUK;0;;
6;1315;624 3419 33;1315;624341933;CATEGORIA0;;1;1;0;1;;KIT EMBRAIAGEM LUK;KIT EMBRAIAGEM LUK;0;;
6;1315;624 3422 09;1315;624342209;CATEGORIA0;;1;1;0;1;;KIT EMBRAIAGEM LUK;KIT EMBRAIAGEM LUK;0;;
6;1315;624 3422 33;1315;624342233;CATEGORIA0;;1;1;0;1;;KIT EMBRAIAGEM LUK;KIT EMBRAIAGEM LUK;0;;
6;1315;624 3426 00;1315;624342600;CATEGORIA0;;1;1;0;1;;KIT EMBRAIAGEM LUK;KIT EMBRAIAGEM LUK;0;;
6;1315;624 3429 00;1315;624342900;CATEGORIA0;;1;1;0;1;;KIT EMBRAIAGEM LUK;KIT EMBRAIAGEM LUK;0;;
6;1315;624 3430 09;1315;624343009;CATEGORIA0;;1;1;0;1;;KIT EMBRAIAGEM LUK;KIT EMBRAIAGEM LUK;0;;
6;1315;624 3431 00;1315;624343100;CATEGORIA0;;1;1;0;1;;KIT EMBRAIAGEM LUK;KIT EMBRAIAGEM LUK;0;;
6;1315;624 3432 00;1315;624343200;CATEGORIA0;;1;1;0;1;;KIT EMBRAIAGEM LUK;KIT EMBRAIAGEM LUK;0;;
6;1315;624 3433 09;1315;624343309;CATEGORIA0;;1;1;0;1;;KIT EMBRAIAGEM LUK;KIT EMBRAIAGEM LUK;0;;
6;1315;624 3433 33;1315;624343333;CATEGORIA0;;1;1;0;1;;KIT EMBRAIAGEM LUK;KIT EMBRAIAGEM LUK;0;;
6;1315;624 3434 09;1315;624343409;CATEGORIA0;;1;1;0;1;;KIT EMBRAIAGEM LUK;KIT EMBRAIAGEM LUK;0;;
6;1315;624 3434 33;1315;624343433;CATEGORIA0;;1;1;0;1;;KIT EMBRAIAGEM LUK;KIT EMBRAIAGEM LUK;0;;
6;1315;624 3435 09;1315;624343509;CATEGORIA0;;1;1;0;1;;KIT EMBRAIAGEM LUK;KIT EMBRAIAGEM LUK;0;;
6;1315;624 3435 33;1315;624343533;CATEGORIA0;;1;1;0;1;;KIT EMBRAIAGEM LUK;KIT EMBRAIAGEM LUK;0;;
6;1315;624 3440 09;1315;624344009;CATEGORIA0;;1;1;0;1;;KIT EMRAIAGEM;KIT EMRAIAGEM;0;;
6;1315;624 3440 33;1315;624344033;CATEGORIA0;;1;1;0;1;;KIT EMRAIAGEM;KIT EMRAIAGEM;0;;
6;1315;624 3441 09;1315;624344109;CATEGORIA0;;1;1;0;1;;KIT EMBRAIAGEM LUK;KIT EMBRAIAGEM LUK;0;;
6;1315;624 3441 33;1315;624344133;CATEGORIA0;;1;1;0;1;;KIT EMBRAIAGEM LUK;KIT EMBRAIAGEM LUK;0;;
6;1315;624 3442 00;1315;624344200;CATEGORIA0;;1;1;0;1;;KIT EMBRAIAGEM LUK;KIT EMBRAIAGEM LUK;0;;
6;1315;624 3444 09;1315;624344409;CATEGORIA0;;1;1;0;1;;KIT EMBRAIAGEM LUK;KIT EMBRAIAGEM LUK;0;;
6;1315;624 3473 09;1315;624347309;CATEGORIA0;;1;1;0;1;;KIT EMBRAIAGEM LUK;KIT EMBRAIAGEM LUK;0;;
6;1315;624 3473 33;1315;624347333;CATEGORIA0;;1;1;0;1;;KIT EMBRAIAGEM LUK;KIT EMBRAIAGEM LUK;0;;
6;1315;624 3474 09;1315;624347409;CATEGORIA0;;1;1;0;1;;KIT EMBRAIAGEM LUK;KIT EMBRAIAGEM LUK;0;;
6;1315;624 3474 33;1315;624347433;CATEGORIA0;;1;1;0;1;;KIT EMBRAIAGEM LUK;KIT EMBRAIAGEM LUK;0;;
6;1315;624 3476 09;1315;624347609;CATEGORIA0;;1;1;0;1;;KIT EMBRAIAGEM LUK;KIT EMBRAIAGEM LUK;0;;
6;1315;624 3476 33;1315;624347633;CATEGORIA0;;1;1;0;1;;KIT EMBRAIAGEM LUK;KIT EMBRAIAGEM LUK;0;;
6;1315;624 3476 34;1315;624347634;CATEGORIA0;;1;1;0;1;;KIT EMBRAIAGEM LUK;KIT EMBRAIAGEM LUK;0;;
6;1315;624 3477 09;1315;624347709;CATEGORIA0;;1;1;0;1;;KIT EMBRAIAGEM LUK;KIT EMBRAIAGEM LUK;0;;
6;1315;624 3513 00;1315;624351300;CATEGORIA0;;1;1;0;1;;KIT EMBRAIAGEM LUK;KIT EMBRAIAGEM LUK;0;;
6;1315;624 3514 00;1315;624351400;CATEGORIA0;;1;1;0;1;;KIT EMBRAIAGEM LUK;KIT EMBRAIAGEM LUK;0;;
6;1315;624 3517 09;1315;624351709;CATEGORIA0;;1;1;0;1;;KIT EMBRAIAGEM LUK;KIT EMBRAIAGEM LUK;0;;
6;1315;624 3517 33;1315;624351733;CATEGORIA0;;1;1;0;1;;KIT EMBRAIAGEM LUK;KIT EMBRAIAGEM LUK;0;;
6;1315;624 3522 00;1315;624352200;CATEGORIA0;;1;1;0;1;;KIT EMBRAIAGEM LUK;KIT EMBRAIAGEM LUK;0;;
6;1315;624 3522 09;1315;624352209;CATEGORIA0;;1;1;0;1;;KIT EMBRAIAGEM LUK;KIT EMBRAIAGEM LUK;0;;
6;1315;624 3522 33;1315;624352233;CATEGORIA0;;1;1;0;1;;KIT EMBRAIAGEM LUK;KIT EMBRAIAGEM LUK;0;;
6;1315;624 3523 09;1315;624352309;CATEGORIA0;;1;1;0;1;;KIT EMBRAIAGEM LUK;KIT EMBRAIAGEM LUK;0;;
6;1315;624 3523 33;1315;624352333;CATEGORIA0;;1;1;0;1;;KIT EMBRAIAGEM LUK;KIT EMBRAIAGEM LUK;0;;
6;1315;624 3524 00;1315;624352400;CATEGORIA0;;1;1;0;1;;KIT EMBRAIAGEM LUK;KIT EMBRAIAGEM LUK;0;;
6;1315;624 3525 09;1315;624352509;CATEGORIA0;;1;1;0;1;;KIT EMBRAIAGEM LUK;KIT EMBRAIAGEM LUK;0;;
6;1315;624 3525 33;1315;624352533;CATEGORIA0;;1;1;0;1;;KIT EMBRAIAGEM LUK;KIT EMBRAIAGEM LUK;0;;
6;1315;624 3527 09;1315;624352709;CATEGORIA0;;1;1;0;1;;KIT EMBRAIAGEM LUK;KIT EMBRAIAGEM LUK;0;;
6;1315;624 3527 33;1315;624352733;CATEGORIA0;;1;1;0;1;;KIT EMBRAIAGEM LUK;KIT EMBRAIAGEM LUK;0;;
6;1315;624 3527 34;1315;624352734;CATEGORIA0;;1;1;0;1;;KIT EMBRAIAGEM LUK;KIT EMBRAIAGEM LUK;0;;
6;1315;624 3528 00;1315;624352800;CATEGORIA0;;1;1;0;1;;KIT EMBRAIAGEM LUK;KIT EMBRAIAGEM LUK;0;;
6;1315;624 3529 00;1315;624352900;CATEGORIA0;;1;1;0;1;;KIT EMBRAIAGEM LUK;KIT EMBRAIAGEM LUK;0;;
6;1315;624 3530 00;1315;624353000;CATEGORIA0;;1;1;0;1;;KIT EMBRAIAGEM;KIT EMBRAIAGEM;0;;
6;1315;624 3531 09;1315;624353109;CATEGORIA0;;1;1;0;1;;KIT EMBRAIAGEM LUK;KIT EMBRAIAGEM LUK;0;;
6;1315;624 3531 33;1315;624353133;CATEGORIA0;;1;1;0;1;;KIT EMBRAIAGEM LUK;KIT EMBRAIAGEM LUK;0;;
6;1315;624 3531 34;1315;624353134;CATEGORIA0;;1;1;0;1;;KIT DE EMBR. REPSET;KIT DE EMBR. REPSET;0;;
6;1315;624 3532 00;1315;624353200;CATEGORIA0;;1;1;0;1;;KIT EMBRAIAGEM LUK;KIT EMBRAIAGEM LUK;0;;
6;1315;624 3534 00;1315;624353400;CATEGORIA0;;1;1;0;1;;KIT EMBRAIAGEM LUK;KIT EMBRAIAGEM LUK;0;;
6;1315;624 3535 00;1315;624353500;CATEGORIA0;;1;1;0;1;;KIT EMBRAIAGEM LUK;KIT EMBRAIAGEM LUK;0;;
6;1315;624 3537 00;1315;624353700;CATEGORIA0;;1;1;0;1;;KIT EMBRAIAGEM LUK;KIT EMBRAIAGEM LUK;0;;
6;1315;624 3539 09;1315;624353909;CATEGORIA0;;1;1;0;1;;KIT EMBRAIAGEM LUK;KIT EMBRAIAGEM LUK;0;;
6;1315;624 3539 33;1315;624353933;CATEGORIA0;;1;1;0;1;;KIT EMBRAIAGEM LUK;KIT EMBRAIAGEM LUK;0;;
6;1315;624 3539 35;1315;624353935;CATEGORIA0;;1;1;0;1;;KIT EMBRAIAGEM LUK;KIT EMBRAIAGEM LUK;0;;
6;1315;624 3540 00;1315;624354000;CATEGORIA0;;1;1;0;1;;KIT EMBRAIAGEM LUK;KIT EMBRAIAGEM LUK;0;;
6;1315;624 3541 09;1315;624354109;CATEGORIA0;;1;1;0;1;;KIT EMBRAIAGEM LUK;KIT EMBRAIAGEM LUK;0;;
6;1315;624 3541 33;1315;624354133;CATEGORIA0;;1;1;0;1;;KIT EMBRAIAGEM LUK;KIT EMBRAIAGEM LUK;0;;
6;1315;624 3542 09;1315;624354209;CATEGORIA0;;1;1;0;1;;KIT EMBRAIAGEM LUK;KIT EMBRAIAGEM LUK;0;;
6;1315;624 3542 33;1315;624354233;CATEGORIA0;;1;1;0;1;;KIT EMBRAIAGEM LUK;KIT EMBRAIAGEM LUK;0;;
6;1315;624 3544 09;1315;624354409;CATEGORIA0;;1;1;0;1;;KIT EMBRAIAGEM LUK;KIT EMBRAIAGEM LUK;0;;
6;1315;624 3544 33;1315;624354433;CATEGORIA0;;1;1;0;1;;KIT EMBRAIAGEM LUK;KIT EMBRAIAGEM LUK;0;;
6;1315;624 3545 00;1315;624354500;CATEGORIA0;;1;1;0;1;;KIT EMBRAIAGEM LUK;KIT EMBRAIAGEM LUK;0;;
6;1315;624 3546 09;1315;624354609;CATEGORIA0;;1;1;0;1;;KIT EMBRAIAGEM LUK;KIT EMBRAIAGEM LUK;0;;
6;1315;624 3546 33;1315;624354633;CATEGORIA0;;1;1;0;1;;KIT EMBRAIAGEM LUK;KIT EMBRAIAGEM LUK;0;;
6;1315;624 3547 09;1315;624354709;CATEGORIA0;;1;1;0;1;;KIT EMBRAIAGEM LUK;KIT EMBRAIAGEM LUK;0;;
6;1315;624 3547 33;1315;624354733;CATEGORIA0;;1;1;0;1;;KIT EMBRAIAGEM LUK;KIT EMBRAIAGEM LUK;0;;
6;1315;624 3547 34;1315;624354734;CATEGORIA0;;1;1;0;1;;KIT EMBRAIAGEM LUK;KIT EMBRAIAGEM LUK;0;;
6;1315;624 3549 09;1315;624354909;CATEGORIA0;;1;1;0;1;;KIT EMBRAIAGEM LUK;KIT EMBRAIAGEM LUK;0;;
6;1315;624 3551 00;1315;624355100;CATEGORIA0;;1;1;0;1;;KIT EMBRAIAGEM LUK;KIT EMBRAIAGEM LUK;0;;
6;1315;624 3552 00;1315;624355200;CATEGORIA0;;1;1;0;1;;KIT EMBRAIAGEM LUK;KIT EMBRAIAGEM LUK;0;;
6;1315;624 3553 09;1315;624355309;CATEGORIA0;;1;1;0;1;;KIT EMBRAIAGEM LUK;KIT EMBRAIAGEM LUK;0;;
6;1315;624 3553 33;1315;624355333;CATEGORIA0;;1;1;0;1;;KIT EMBRAIAGEM LUK;KIT EMBRAIAGEM LUK;0;;
6;1315;624 3553 34;1315;624355334;CATEGORIA0;;1;1;0;1;;KIT EMBRAIAGEM LUK;KIT EMBRAIAGEM LUK;0;;
6;1315;624 3556 09;1315;624355609;CATEGORIA0;;1;1;0;1;;KIT EMBRAIAGEM LUK;KIT EMBRAIAGEM LUK;0;;
6;1315;624 3557 09;1315;624355709;CATEGORIA0;;1;1;0;1;;KIT EMBRAIAGEM LUK;KIT EMBRAIAGEM LUK;0;;
6;1315;624 3557 33;1315;624355733;CATEGORIA0;;1;1;0;1;;KIT EMBRAIAGEM LUK;KIT EMBRAIAGEM LUK;0;;
6;1315;624 3558 09;1315;624355809;CATEGORIA0;;1;1;0;1;;KIT EMBRAIAGEM LUK;KIT EMBRAIAGEM LUK;0;;
6;1315;624 3558 33;1315;624355833;CATEGORIA0;;1;1;0;1;;KIT EMBRAIAGEM LUK;KIT EMBRAIAGEM LUK;0;;
6;1315;624 3561 09;1315;624356109;CATEGORIA0;;1;1;0;1;;KIT EMBRAIAGEM LUK;KIT EMBRAIAGEM LUK;0;;
6;1315;624 3561 33;1315;624356133;CATEGORIA0;;1;1;0;1;;KIT EMBRAIAGEM LUK;KIT EMBRAIAGEM LUK;0;;
6;1315;624 3562 00;1315;624356200;CATEGORIA0;;1;1;0;1;;KIT EMBRAIAGEM LUK;KIT EMBRAIAGEM LUK;0;;
6;1315;624 3698 09;1315;624369809;CATEGORIA0;;1;1;0;1;;KIT EMBRAIAGEM LUK;KIT EMBRAIAGEM LUK;0;;
6;1315;624 3703 09;1315;624370309;CATEGORIA0;;1;1;0;1;;KIT EMBRAIAGEM LUK;KIT EMBRAIAGEM LUK;0;;
6;1315;624 3703 33;1315;624370333;CATEGORIA0;;1;1;0;1;;KIT EMBRAIAGEM LUK;KIT EMBRAIAGEM LUK;0;;
6;1315;624 3704 33;1315;624370433;CATEGORIA0;;1;1;0;1;;KIT EMBRAIAGEM LUK;KIT EMBRAIAGEM LUK;0;;
6;1315;624 3706 09;1315;624370609;CATEGORIA0;;1;1;0;1;;KIT EMBRAIAGEM LUK;KIT EMBRAIAGEM LUK;0;;
6;1315;624 3710 09;1315;624371009;CATEGORIA0;;1;1;0;1;;KIT EMBRAIAGEM LUK;KIT EMBRAIAGEM LUK;0;;
6;1315;624 3710 33;1315;624371033;CATEGORIA0;;1;1;0;1;;KIT EMBRAIAGEM LUK;KIT EMBRAIAGEM LUK;0;;
6;1315;624 3710 34;1315;624371034;CATEGORIA0;;1;1;0;1;;KIT EMBRAIAGEM LUK;KIT EMBRAIAGEM LUK;0;;
6;1315;624 3712 09;1315;624371209;CATEGORIA0;;1;1;0;1;;KIT EMBRAIAGEM LUK;KIT EMBRAIAGEM LUK;0;;
6;1315;624 3712 33;1315;624371233;CATEGORIA0;;1;1;0;1;;KIT DE EMBR. REPSET;KIT DE EMBR. REPSET;0;;
6;1315;624 3713 00;1315;624371300;CATEGORIA0;;1;1;0;1;;KIT EMBRAIAGEM LUK;KIT EMBRAIAGEM LUK;0;;
6;1315;624 3715 09;1315;624371509;CATEGORIA0;;1;1;0;1;;KIT EMBRAIAGEM LUK;KIT EMBRAIAGEM LUK;0;;
6;1315;624 3715 33;1315;624371533;CATEGORIA0;;1;1;0;1;;KIT EMBRAIAGEM LUK;KIT EMBRAIAGEM LUK;0;;
6;1315;624 3715 34;1315;624371534;CATEGORIA0;;1;1;0;1;;KIT EMBRAIAGEM LUK;KIT EMBRAIAGEM LUK;0;;
6;1315;624 3716 00;1315;624371600;CATEGORIA0;;1;1;0;1;;KIT EMBRAIAGEM LUK;KIT EMBRAIAGEM LUK;0;;
6;1315;624 3719 00;1315;624371900;CATEGORIA0;;1;1;0;1;;KIT EMBRAIAGEM LUK;KIT EMBRAIAGEM LUK;0;;
6;1315;624 3720 09;1315;624372009;CATEGORIA0;;1;1;0;1;;KIT EMBRAIAGEM LUK;KIT EMBRAIAGEM LUK;0;;
6;1315;624 3720 33;1315;624372033;CATEGORIA0;;1;1;0;1;;KIT EMBRAIAGEM LUK;KIT EMBRAIAGEM LUK;0;;
6;1315;624 3720 34;1315;624372034;CATEGORIA0;;1;1;0;1;;KIT EMBRAIAGEM LUK;KIT EMBRAIAGEM LUK;0;;
6;1315;624 3721 09;1315;624372109;CATEGORIA0;;1;1;0;1;;KIT EMBRAIAGEM LUK;KIT EMBRAIAGEM LUK;0;;
6;1315;624 3726 00;1315;624372600;CATEGORIA0;;1;1;0;1;;KIT EMBRAIAGEM LUK;KIT EMBRAIAGEM LUK;0;;
6;1315;624 3728 09;1315;624372809;CATEGORIA0;;1;1;0;1;;KIT EMBRAIAGEM LUK;KIT EMBRAIAGEM LUK;0;;
6;1315;624 3728 33;1315;624372833;CATEGORIA0;;1;1;0;1;;KIT EMBRAIAGEM LUK;KIT EMBRAIAGEM LUK;0;;
6;1315;624 3731 09;1315;624373109;CATEGORIA0;;1;1;0;1;;KIT EMBRAIAGEM LUK;KIT EMBRAIAGEM LUK;0;;
6;1315;624 3731 33;1315;624373133;CATEGORIA0;;1;1;0;1;;KIT EMBRAIAGEM LUK;KIT EMBRAIAGEM LUK;0;;
6;1315;624 3734 09;1315;624373409;CATEGORIA0;;1;1;0;1;;KIT EMBRAIAGEM LUK;KIT EMBRAIAGEM LUK;0;;
6;1315;624 3734 33;1315;624373433;CATEGORIA0;;1;1;0;1;;KIT EMBRAIAGEM LUK;KIT EMBRAIAGEM LUK;0;;
6;1315;624 3735 09;1315;624373509;CATEGORIA0;;1;1;0;1;;KIT EMBRAIAGEM LUK;KIT EMBRAIAGEM LUK;0;;
6;1315;624 3735 33;1315;624373533;CATEGORIA0;;1;1;0;1;;KIT EMBRAIAGEM LUK;KIT EMBRAIAGEM LUK;0;;
6;1315;624 3739 09;1315;624373909;CATEGORIA0;;1;1;0;1;;KIT EMBRAIAGEM LUK;KIT EMBRAIAGEM LUK;0;;
6;1315;624 3739 33;1315;624373933;CATEGORIA0;;1;1;0;1;;KIT EMBRAIAGEM LUK;KIT EMBRAIAGEM LUK;0;;
6;1315;624 3742 09;1315;624374209;CATEGORIA0;;1;1;0;1;;KIT EMBRAIAGEM LUK;KIT EMBRAIAGEM LUK;0;;
6;1315;624 3742 33;1315;624374233;CATEGORIA0;;1;1;0;1;;KIT EMBRAIAGEM LUK;KIT EMBRAIAGEM LUK;0;;
6;1315;624 3742 34;1315;624374234;CATEGORIA0;;1;1;0;1;;KIT EMBRAIAGEM LUK;KIT EMBRAIAGEM LUK;0;;
6;1315;624 3743 09;1315;624374309;CATEGORIA0;;1;1;0;1;;KIT EMBRAIAGEM LUK;KIT EMBRAIAGEM LUK;0;;
6;1315;624 3743 33;1315;624374333;CATEGORIA0;;1;1;0;1;;KIT EMBRAIAGEM LUK;KIT EMBRAIAGEM LUK;0;;
6;1315;624 3744 09;1315;624374409;CATEGORIA0;;1;1;0;1;;KIT EMBRAIAGEM LUK;KIT EMBRAIAGEM LUK;0;;
6;1315;624 3744 33;1315;624374433;CATEGORIA0;;1;1;0;1;;KIT EMBRAIAGEM LUK;KIT EMBRAIAGEM LUK;0;;
6;1315;624 3748 09;1315;624374809;CATEGORIA0;;1;1;0;1;;KIT EMBRAIAGEM LUK;KIT EMBRAIAGEM LUK;0;;
6;1315;624 3748 33;1315;624374833;CATEGORIA0;;1;1;0;1;;KIT EMBRAIAGEM LUK;KIT EMBRAIAGEM LUK;0;;
6;1315;624 3751 09;1315;624375109;CATEGORIA0;;1;1;0;1;;KIT EMBRAIAGEM LUK;KIT EMBRAIAGEM LUK;0;;
6;1315;624 3751 33;1315;624375133;CATEGORIA0;;1;1;0;1;;KIT EMBRAIAGEM LUK;KIT EMBRAIAGEM LUK;0;;
6;1315;624 3752 00;1315;624375200;CATEGORIA0;;1;1;0;1;;KIT EMBRAIAGEM LUK;KIT EMBRAIAGEM LUK;0;;
6;1315;624 3753 09;1315;624375309;CATEGORIA0;;1;1;0;1;;KIT EMBRAIAGEM LUK;KIT EMBRAIAGEM LUK;0;;
6;1315;624 3753 33;1315;624375333;CATEGORIA0;;1;1;0;1;;KIT EMBRAIAGEM LUK;KIT EMBRAIAGEM LUK;0;;
6;1315;624 3753 34;1315;624375334;CATEGORIA0;;1;1;0;1;;KIT EMBRAIAGEM LUK;KIT EMBRAIAGEM LUK;0;;
6;1315;624 3756 09;1315;624375609;CATEGORIA0;;1;1;0;1;;KIT EMBRAIAGEM LUK;KIT EMBRAIAGEM LUK;0;;
6;1315;624 3757 00;1315;624375700;CATEGORIA0;;1;1;0;1;;KIT EMBRAIAGEM LUK;KIT EMBRAIAGEM LUK;0;;
6;1315;624 3759 00;1315;624375900;CATEGORIA0;;1;1;0;1;;KIT EMBRAIAGEM LUK;KIT EMBRAIAGEM LUK;0;;
6;1315;624 3760 09;1315;624376009;CATEGORIA0;;1;1;0;1;;KIT EMBRAIAGEM LUK;KIT EMBRAIAGEM LUK;0;;
6;1315;624 3760 33;1315;624376033;CATEGORIA0;;1;1;0;1;;KIT EMBRAIAGEM LUK;KIT EMBRAIAGEM LUK;0;;
6;1315;624 3761 09;1315;624376109;CATEGORIA0;;1;1;0;1;;KIT EMBRAIAGEM LUK;KIT EMBRAIAGEM LUK;0;;
6;1315;624 3761 33;1315;624376133;CATEGORIA0;;1;1;0;1;;KIT EMBRAIAGEM LUK;KIT EMBRAIAGEM LUK;0;;
6;1315;624 3762 09;1315;624376209;CATEGORIA0;;1;1;0;1;;KIT EMBRAIAGEM LUK;KIT EMBRAIAGEM LUK;0;;
6;1315;624 3762 33;1315;624376233;CATEGORIA0;;1;1;0;1;;KIT EMBRAIAGEM LUK;KIT EMBRAIAGEM LUK;0;;
6;1315;624 3763 00;1315;624376300;CATEGORIA0;;1;1;0;1;;KIT EMBRAIAGEM LUK;KIT EMBRAIAGEM LUK;0;;
6;1315;624 3764 00;1315;624376400;CATEGORIA0;;1;1;0;1;;KIT EMBRAIAGEM LUK;KIT EMBRAIAGEM LUK;0;;
6;1315;624 3771 09;1315;624377109;CATEGORIA0;;1;1;0;1;;KIT EMBRAIAGEM LUK;KIT EMBRAIAGEM LUK;0;;
6;1315;624 3771 33;1315;624377133;CATEGORIA0;;1;1;0;1;;KIT EMBRAIAGEM LUK;KIT EMBRAIAGEM LUK;0;;
6;1315;624 3771 34;1315;624377134;CATEGORIA0;;1;1;0;1;;KIT EMBRAIAGEM LUK;KIT EMBRAIAGEM LUK;0;;
6;1315;624 3773 09;1315;624377309;CATEGORIA0;;1;1;0;1;;KIT EMBRAIAGEM LUK;KIT EMBRAIAGEM LUK;0;;
6;1315;624 3773 33;1315;624377333;CATEGORIA0;;1;1;0;1;;KIT EMBRAIAGEM LUK;KIT EMBRAIAGEM LUK;0;;
6;1315;624 3774 09;1315;624377409;CATEGORIA0;;1;1;0;1;;KIT EMBRAIAGEM LUK;KIT EMBRAIAGEM LUK;0;;
6;1315;624 3774 33;1315;624377433;CATEGORIA0;;1;1;0;1;;KIT EMBRAIAGEM LUK;KIT EMBRAIAGEM LUK;0;;
6;1315;624 3775 09;1315;624377509;CATEGORIA0;;1;1;0;1;;KIT EMBRAIAGEM LUK;KIT EMBRAIAGEM LUK;0;;
6;1315;624 3775 33;1315;624377533;CATEGORIA0;;1;1;0;1;;KIT EMBRAIAGEM LUK;KIT EMBRAIAGEM LUK;0;;
6;1315;624 3776 00;1315;624377600;CATEGORIA0;;1;1;0;1;;KIT EMBRAIAGEM LUK;KIT EMBRAIAGEM LUK;0;;
6;1315;624 3778 00;1315;624377800;CATEGORIA0;;1;1;0;1;;KIT EMBRAIAGEM LUK;KIT EMBRAIAGEM LUK;0;;
6;1315;624 3780 09;1315;624378009;CATEGORIA0;;1;1;0;1;;KIT EMBRAIAGEM LUK;KIT EMBRAIAGEM LUK;0;;
6;1315;624 3782 09;1315;624378209;CATEGORIA0;;1;1;0;1;;KIT EMBRAIAGEM LUK;KIT EMBRAIAGEM LUK;0;;
6;1315;624 3782 33;1315;624378233;CATEGORIA0;;1;1;0;1;;KIT EMBRAIAGEM LUK;KIT EMBRAIAGEM LUK;0;;
6;1315;624 3783 09;1315;624378309;CATEGORIA0;;1;1;0;1;;KIT EMBRAIAGEM LUK;KIT EMBRAIAGEM LUK;0;;
6;1315;624 3783 33;1315;624378333;CATEGORIA0;;1;1;0;1;;KIT EMBRAIAGEM LUK;KIT EMBRAIAGEM LUK;0;;
6;1315;624 3785 09;1315;624378509;CATEGORIA0;;1;1;0;1;;KIT EMBRAIAGEM LUK;KIT EMBRAIAGEM LUK;0;;
6;1315;624 3785 34;1315;624378534;CATEGORIA0;;1;1;0;1;;KIT EMBRAIAGEM LUK;KIT EMBRAIAGEM LUK;0;;
6;1315;624 3787 09;1315;624378709;CATEGORIA0;;1;1;0;1;;KIT EMBRAIAGEM LUK;KIT EMBRAIAGEM LUK;0;;
6;1315;624 3792 09;1315;624379209;CATEGORIA0;;1;1;0;1;;KIT EMBRAIAGEM LUK;KIT EMBRAIAGEM LUK;0;;
6;1315;624 3792 33;1315;624379233;CATEGORIA0;;1;1;0;1;;KIT EMBRAIAGEM LUK;KIT EMBRAIAGEM LUK;0;;
6;1315;624 3793 00;1315;624379300;CATEGORIA0;;1;1;0;1;;KIT EMBRAIAGEM LUK;KIT EMBRAIAGEM LUK;0;;
6;1315;624 3794 09;1315;624379409;CATEGORIA0;;1;1;0;1;;KIT EMBRAIAGEM LUK;KIT EMBRAIAGEM LUK;0;;
6;1315;624 3794 33;1315;624379433;CATEGORIA0;;1;1;0;1;;KIT EMBRAIAGEM LUK;KIT EMBRAIAGEM LUK;0;;
6;1315;624 3795 00;1315;624379500;CATEGORIA0;;1;1;0;1;;KIT EMBRAIAGEM LUK;KIT EMBRAIAGEM LUK;0;;
6;1315;624 3797 00;1315;624379700;CATEGORIA0;;1;1;0;1;;KIT EMBRAIAGEM LUK;KIT EMBRAIAGEM LUK;0;;
6;1315;624 3798 09;1315;624379809;CATEGORIA0;;1;1;0;1;;KIT EMBRAIAGEM LUK;KIT EMBRAIAGEM LUK;0;;
6;1315;624 3798 33;1315;624379833;CATEGORIA0;;1;1;0;1;;KIT EMBRAIAGEM LUK;KIT EMBRAIAGEM LUK;0;;
6;1315;624 3801 09;1315;624380109;CATEGORIA0;;1;1;0;1;;KIT EMBRAIAGEM LUK;KIT EMBRAIAGEM LUK;0;;
6;1315;624 3801 33;1315;624380133;CATEGORIA0;;1;1;0;1;;KIT EMBRAIAGEM LUK;KIT EMBRAIAGEM LUK;0;;
6;1315;624 3803 09;1315;624380309;CATEGORIA0;;1;1;0;1;;KIT EMBRAIAGEM LUK;KIT EMBRAIAGEM LUK;0;;
6;1315;624 3803 33;1315;624380333;CATEGORIA0;;1;1;0;1;;KIT EMBRAIAGEM LUK;KIT EMBRAIAGEM LUK;0;;
6;1315;624 3806 09;1315;624380609;CATEGORIA0;;1;1;0;1;;KIT EMBRAIAGEM LUK;KIT EMBRAIAGEM LUK;0;;
6;1315;624 3806 33;1315;624380633;CATEGORIA0;;1;1;0;1;;KIT EMBRAIAGEM LUK;KIT EMBRAIAGEM LUK;0;;
6;1315;624 3896 09;1315;624389609;CATEGORIA0;;1;1;0;1;;KIT EMBRAIAGEM LUK;KIT EMBRAIAGEM LUK;0;;
6;1315;624 3896 33;1315;624389633;CATEGORIA0;;1;1;0;1;;KIT EMBRAIAGEM LUK;KIT EMBRAIAGEM LUK;0;;
6;1315;624 3897 00;1315;624389700;CATEGORIA0;;1;1;0;1;;KIT EMBRAIAGEM LUK;KIT EMBRAIAGEM LUK;0;;
6;1315;624 3898 00;1315;624389800;CATEGORIA0;;1;1;0;1;;KIT EMBRAIAGEM LUK;KIT EMBRAIAGEM LUK;0;;
6;1315;624 3899 09;1315;624389909;CATEGORIA0;;1;1;0;1;;KIT EMBRAIAGEM LUK;KIT EMBRAIAGEM LUK;0;;
6;1315;624 3900 00;1315;624390000;CATEGORIA0;;1;1;0;1;;KIT EMBRAIAGEM LUK;KIT EMBRAIAGEM LUK;0;;
6;1315;624 3902 09;1315;624390209;CATEGORIA0;;1;1;0;1;;KIT EMBRAIAGEM LUK;KIT EMBRAIAGEM LUK;0;;
6;1315;624 3902 33;1315;624390233;CATEGORIA0;;1;1;0;1;;KIT EMBRAIAGEM LUK;KIT EMBRAIAGEM LUK;0;;
6;1315;624 3909 00;1315;624390900;CATEGORIA0;;1;1;0;1;;KIT EMBRAIAGEM LUK;KIT EMBRAIAGEM LUK;0;;
6;1315;624 3910 00;1315;624391000;CATEGORIA0;;1;1;0;1;;KIT EMBRAIAGEM LUK;KIT EMBRAIAGEM LUK;0;;
6;1315;624 3914 09;1315;624391409;CATEGORIA0;;1;1;0;1;;KIT EMBRAIAGEM LUK;KIT EMBRAIAGEM LUK;0;;
6;1315;624 3914 33;1315;624391433;CATEGORIA0;;1;1;0;1;;KIT EMBRAIAGEM LUK;KIT EMBRAIAGEM LUK;0;;
6;1315;624 3925 09;1315;624392509;CATEGORIA0;;1;1;0;1;;KIT EMBRAIAGEM LUK;KIT EMBRAIAGEM LUK;0;;
6;1315;624 3929 09;1315;624392909;CATEGORIA0;;1;1;0;1;;KIT EMBRAIAGEM LUK;KIT EMBRAIAGEM LUK;0;;
6;1315;624 3930 09;1315;624393009;CATEGORIA0;;1;1;0;1;;KIT EMBRAIAGEM LUK;KIT EMBRAIAGEM LUK;0;;
6;1315;624 3930 33;1315;624393033;CATEGORIA0;;1;1;0;1;;KIT EMBRAIAGEM LUK;KIT EMBRAIAGEM LUK;0;;
6;1315;624 3931 09;1315;624393109;CATEGORIA0;;1;1;0;1;;KIT EMBRAIAGEM LUK;KIT EMBRAIAGEM LUK;0;;
6;1315;624 3931 33;1315;624393133;CATEGORIA0;;1;1;0;1;;KIT EMBRAIAGEM LUK;KIT EMBRAIAGEM LUK;0;;
6;1315;624 3931 34;1315;624393134;CATEGORIA0;;1;1;0;1;;KIT EMBRAIAGEM LUK;KIT EMBRAIAGEM LUK;0;;
6;1315;624 3931 35;1315;624393135;CATEGORIA0;;1;1;0;1;;KIT EMBRAIAGEM LUK;KIT EMBRAIAGEM LUK;0;;
6;1315;624 3945 09;1315;624394509;CATEGORIA0;;1;1;0;1;;KIT EMBRAIAGEM LUK;KIT EMBRAIAGEM LUK;0;;
6;1315;624 3945 33;1315;624394533;CATEGORIA0;;1;1;0;1;;KIT EMBRAIAGEM LUK;KIT EMBRAIAGEM LUK;0;;
6;1315;624 3945 34;1315;624394534;CATEGORIA0;;1;1;0;1;;KIT EMBRAIAGEM LUK;KIT EMBRAIAGEM LUK;0;;
6;1315;624 3947 00;1315;624394700;CATEGORIA0;;1;1;0;1;;KIT EMBRAIAGEM LUK;KIT EMBRAIAGEM LUK;0;;
6;1315;624 3949 09;1315;624394909;CATEGORIA0;;1;1;0;1;;KIT EMBRAIAGEM LUK;KIT EMBRAIAGEM LUK;0;;
6;1315;624 3949 33;1315;624394933;CATEGORIA0;;1;1;0;1;;KIT EMBRAIAGEM LUK;KIT EMBRAIAGEM LUK;0;;
6;1315;624 3952 09;1315;624395209;CATEGORIA0;;1;1;0;1;;KIT EMBRAIAGEM LUK;KIT EMBRAIAGEM LUK;0;;
6;1315;624 3952 33;1315;624395233;CATEGORIA0;;1;1;0;1;;KIT EMBRAIAGEM LUK;KIT EMBRAIAGEM LUK;0;;
6;1315;624 3953 09;1315;624395309;CATEGORIA0;;1;1;0;1;;KIT EMBRAIAGEM LUK;KIT EMBRAIAGEM LUK;0;;
6;1315;624 3953 34;1315;624395334;CATEGORIA0;;1;1;0;1;;KIT EMBRAIAGEM LUK;KIT EMBRAIAGEM LUK;0;;
6;1315;624 3958 09;1315;624395809;CATEGORIA0;;1;1;0;1;;KIT EMBRAIAGEM LUK;KIT EMBRAIAGEM LUK;0;;
6;1315;624 3958 33;1315;624395833;CATEGORIA0;;1;1;0;1;;KIT EMBRAIAGEM LUK;KIT EMBRAIAGEM LUK;0;;
6;1315;624 3958 34;1315;624395834;CATEGORIA0;;1;1;0;1;;KIT EMBRAIAGEM LUK;KIT EMBRAIAGEM LUK;0;;
6;1315;624 3960 00;1315;624396000;CATEGORIA0;;1;1;0;1;;KIT EMBRAIAGEM LUK;KIT EMBRAIAGEM LUK;0;;
6;1315;624 3968 00;1315;624396800;CATEGORIA0;;1;1;0;1;;KIT EMBRAIAGEM LUK;KIT EMBRAIAGEM LUK;0;;
6;1315;624 3976 09;1315;624397609;CATEGORIA0;;1;1;0;1;;KIT EMBRAIAGEM LUK;KIT EMBRAIAGEM LUK;0;;
6;1315;624 3976 33;1315;624397633;CATEGORIA0;;1;1;0;1;;KIT EMBRAIAGEM LUK;KIT EMBRAIAGEM LUK;0;;
6;1315;624 3976 34;1315;624397634;CATEGORIA0;;1;1;0;1;;KIT EMBRAIAGEM LUK;KIT EMBRAIAGEM LUK;0;;
6;1315;624 3976 35;1315;624397635;CATEGORIA0;;1;1;0;1;;KIT EMBRAIAGEM LUK;KIT EMBRAIAGEM LUK;0;;
6;1315;624 3978 09;1315;624397809;CATEGORIA0;;1;1;0;1;;KIT EMBRAIAGEM LUK;KIT EMBRAIAGEM LUK;0;;
6;1315;624 3978 33;1315;624397833;CATEGORIA0;;1;1;0;1;;KIT DE EMBR. REPSET;KIT DE EMBR. REPSET;0;;
6;1315;624 3980 00;1315;624398000;CATEGORIA0;;1;1;0;1;;KIT EMBRAIAGEM LUK;KIT EMBRAIAGEM LUK;0;;
6;1315;624 3992 09;1315;624399209;CATEGORIA0;;1;1;0;1;;KIT EMBRAIAGEM LUK;KIT EMBRAIAGEM LUK;0;;
6;1315;624 3992 33;1315;624399233;CATEGORIA0;;1;1;0;1;;KIT EMBRAIAGEM LUK;KIT EMBRAIAGEM LUK;0;;
6;1315;624 3993 00;1315;624399300;CATEGORIA0;;1;1;0;1;;KIT EMBRAIAGEM LUK;KIT EMBRAIAGEM LUK;0;;
6;1315;624 4002 09;1315;624400209;CATEGORIA0;;1;1;0;1;;KIT EMBRAIAGEM LUK;KIT EMBRAIAGEM LUK;0;;
6;1315;624 4002 33;1315;624400233;CATEGORIA0;;1;1;0;1;;KIT EMBRAIAGEM LUK;KIT EMBRAIAGEM LUK;0;;
6;1315;624 4004 09;1315;624400409;CATEGORIA0;;1;1;0;1;;KIT EMBRAIAGEM LUK;KIT EMBRAIAGEM LUK;0;;
6;1315;624 4004 33;1315;624400433;CATEGORIA0;;1;1;0;1;;KIT EMBRAIAGEM LUK;KIT EMBRAIAGEM LUK;0;;
6;1315;624 4009 09;1315;624400909;CATEGORIA0;;1;1;0;1;;KIT EMBRAIAGEM LUK;KIT EMBRAIAGEM LUK;0;;
6;1315;624 4011 09;1315;624401109;CATEGORIA0;;1;1;0;1;;KIT EMBRAIAGEM LUK;KIT EMBRAIAGEM LUK;0;;
6;1315;624 4011 33;1315;624401133;CATEGORIA0;;1;1;0;1;;KIT EMBRAIAGEM LUK;KIT EMBRAIAGEM LUK;0;;
6;1315;624 4027 00;1315;624402700;CATEGORIA0;;1;1;0;1;;KIT EMBRAIAGEM LUK;KIT EMBRAIAGEM LUK;0;;
6;1315;624 4029 09;1315;624402909;CATEGORIA0;;1;1;0;1;;KIT EMBRAIAGEM LUK;KIT EMBRAIAGEM LUK;0;;
6;1315;624 4030 00;1315;624403000;CATEGORIA0;;1;1;0;1;;KIT EMBRAIAGEM LUK;KIT EMBRAIAGEM LUK;0;;
6;1315;624 4032 00;1315;624403200;CATEGORIA0;;1;1;0;1;;KIT EMBRAIAGEM LUK;KIT EMBRAIAGEM LUK;0;;
6;1315;624 4033 09;1315;624403309;CATEGORIA0;;1;1;0;1;;KIT EMBRAIAGEM LUK;KIT EMBRAIAGEM LUK;0;;
6;1315;624 4034 09;1315;624403409;CATEGORIA0;;1;1;0;1;;KIT EMBRAIAGEM LUK;KIT EMBRAIAGEM LUK;0;;
6;1315;624 4034 33;1315;624403433;CATEGORIA0;;1;1;0;1;;KIT EMBRAIAGEM LUK;KIT EMBRAIAGEM LUK;0;;
6;1315;624 4034 34;1315;624403434;CATEGORIA0;;1;1;0;1;;KIT EMBRAIAGEM LUK;KIT EMBRAIAGEM LUK;0;;
6;1315;624 4037 09;1315;624403709;CATEGORIA0;;1;1;0;1;;KIT EMBRAIAGEM LUK;KIT EMBRAIAGEM LUK;0;;
6;1315;624 4039 09;1315;624403909;CATEGORIA0;;1;1;0;1;;KIT EMBRAIAGEM LUK;KIT EMBRAIAGEM LUK;0;;
6;1315;624 4041 09;1315;624404109;CATEGORIA0;;1;1;0;1;;KIT EMBRAIAGEM LUK;KIT EMBRAIAGEM LUK;0;;
6;1315;624 4041 33;1315;624404133;CATEGORIA0;;1;1;0;1;;KIT DE EMBR. REPSET;KIT DE EMBR. REPSET;0;;
6;1315;624 4045 00;1315;624404500;CATEGORIA0;;1;1;0;1;;KIT EMBRAIAGEM LUK;KIT EMBRAIAGEM LUK;0;;
6;1315;624 4048 09;1315;624404809;CATEGORIA0;;1;1;0;1;;KIT EMBRAIAGEM LUK;KIT EMBRAIAGEM LUK;0;;
6;1315;624 4048 33;1315;624404833;CATEGORIA0;;1;1;0;1;;KIT EMBRAIAGEM LUK;KIT EMBRAIAGEM LUK;0;;
6;1315;624 4051 00;1315;624405100;CATEGORIA0;;1;1;0;1;;KIT EMBRAIAGEM LUK;KIT EMBRAIAGEM LUK;0;;
6;1315;624 4053 09;1315;624405309;CATEGORIA0;;1;1;0;1;;KIT EMBRAIAGEM LUK;KIT EMBRAIAGEM LUK;0;;
6;1315;624 4058 09;1315;624405809;CATEGORIA0;;1;1;0;1;;KIT EMBRAIAGEM LUK;KIT EMBRAIAGEM LUK;0;;
6;1315;624 4062 09;1315;624406209;CATEGORIA0;;1;1;0;1;;KIT DE EMBR. REPSET;KIT DE EMBR. REPSET;0;;
6;1315;624 4070 09;1315;624407009;CATEGORIA0;;1;1;0;1;;KIT DE EMBR. REPSET;KIT DE EMBR. REPSET;0;;
6;1315;624 4070 33;1315;624407033;CATEGORIA0;;1;1;0;1;;KIT DE EMBR. REPSET;KIT DE EMBR. REPSET;0;;
6;1315;624 4072 00;1315;624407200;CATEGORIA0;;1;1;0;1;;KIT DE EMBR. REPSET;KIT DE EMBR. REPSET;0;;
6;1315;624 4074 09;1315;624407409;CATEGORIA0;;1;1;0;1;;KIT DE EMBR. REPSET;KIT DE EMBR. REPSET;0;;
6;1315;624 4094 00;1315;624409400;CATEGORIA0;;1;1;0;1;;KIT EMBRAIAGEM LUK;KIT EMBRAIAGEM LUK;0;;
6;1315;624 4116 09;1315;624411609;CATEGORIA0;;1;1;0;1;;KIT EMBRAIAGEM;KIT EMBRAIAGEM;0;;
6;1315;625 1138 60;1315;625113860;CATEGORIA0;;1;1;0;1;;KIT EMBRAIAGEM LUK;KIT EMBRAIAGEM LUK;0;;
6;1315;625 1341 00;1315;625134100;CATEGORIA0;;1;1;0;1;;KIT EMBRAIAGEM LUK;KIT EMBRAIAGEM LUK;0;;
6;1315;625 1656 60;1315;625165660;CATEGORIA0;;1;1;0;1;;KIT EMBRAIAGEM LUK;KIT EMBRAIAGEM LUK;0;;
6;1315;625 1799 60;1315;625179960;CATEGORIA0;;1;1;0;1;;KIT EMBRAIAGEM LUK;KIT EMBRAIAGEM LUK;0;;
6;1315;625 2046 60;1315;625204660;CATEGORIA0;;1;1;0;1;;KIT EMBRAIAGEM LUK;KIT EMBRAIAGEM LUK;0;;
6;1315;625 2062 60;1315;625206260;CATEGORIA0;;1;1;0;1;;KIT EMBRAIAGEM LUK;KIT EMBRAIAGEM LUK;0;;
6;1315;625 2306 00;1315;625230600;CATEGORIA0;;1;1;0;1;;KIT EMBRAIAGEM LUK;KIT EMBRAIAGEM LUK;0;;
6;1315;625 2339 09;1315;625233909;CATEGORIA0;;1;1;0;1;;KIT EMBRAIAGEM LUK;KIT EMBRAIAGEM LUK;0;;
6;1315;625 2409 00;1315;625240900;CATEGORIA0;;1;1;0;1;;KIT EMBRAIAGEM LUK;KIT EMBRAIAGEM LUK;0;;
6;1315;625 2419 00;1315;625241900;CATEGORIA0;;1;1;0;1;;KIT EMBRAIAGEM LUK;KIT EMBRAIAGEM LUK;0;;
6;1315;625 3010 00;1315;625301000;CATEGORIA0;;1;1;0;1;;KIT EMBRAIAGEM LUK;KIT EMBRAIAGEM LUK;0;;
6;1315;625 3011 00;1315;625301100;CATEGORIA0;;1;1;0;1;;KIT EMBRAIAGEM LUK;KIT EMBRAIAGEM LUK;0;;
6;1315;625 3011 09;1315;625301109;CATEGORIA0;;1;1;0;1;;KIT EMBRAIAGEM LUK;KIT EMBRAIAGEM LUK;0;;
6;1315;625 3011 33;1315;625301133;CATEGORIA0;;1;1;0;1;;KIT EMBRAIAGEM LUK;KIT EMBRAIAGEM LUK;0;;
6;1315;625 3015 00;1315;625301500;CATEGORIA0;;1;1;0;1;;KIT EMBRAIAGEM LUK;KIT EMBRAIAGEM LUK;0;;
6;1315;625 3016 60;1315;625301660;CATEGORIA0;;1;1;0;1;;KIT EMBRAIAGEM LUK;KIT EMBRAIAGEM LUK;0;;
6;1315;625 3021 00;1315;625302100;CATEGORIA0;;1;1;0;1;;KIT EMB. LUK = 625218900;KIT EMB. LUK = 625218900;0;;
6;1315;625 3022 00;1315;625302200;CATEGORIA0;;1;1;0;1;;KIT EMBRAIAGEM LUK;KIT EMBRAIAGEM LUK;0;;
6;1315;625 3023 00;1315;625302300;CATEGORIA0;;1;1;0;1;;KIT EMBRAIAGEM LUK;KIT EMBRAIAGEM LUK;0;;
6;1315;625 3027 00;1315;625302700;CATEGORIA0;;1;1;0;1;;KIT EMBRAIAGEM LUK;KIT EMBRAIAGEM LUK;0;;
6;1315;625 3029 00;1315;625302900;CATEGORIA0;;1;1;0;1;;KIT EMBRAIAGEM LUK;KIT EMBRAIAGEM LUK;0;;
6;1315;625 3038 09;1315;625303809;CATEGORIA0;;1;1;0;1;;KIT EMBRAIAGEM LUK;KIT EMBRAIAGEM LUK;0;;
6;1315;625 3038 33;1315;625303833;CATEGORIA0;;1;1;0;1;;KIT EMBRAIAGEM LUK;KIT EMBRAIAGEM LUK;0;;
6;1315;625 3038 34;1315;625303834;CATEGORIA0;;1;1;0;1;;KIT EMBRAIAGEM LUK;KIT EMBRAIAGEM LUK;0;;
6;1315;625 3044 00;1315;625304400;CATEGORIA0;;1;1;0;1;;KIT EMBRAIAGEM LUK;KIT EMBRAIAGEM LUK;0;;
6;1315;625 3044 09;1315;625304409;CATEGORIA0;;1;1;0;1;;KIT EMBRAIAGEM LUK;KIT EMBRAIAGEM LUK;0;;
6;1315;625 3044 33;1315;625304433;CATEGORIA0;;1;1;0;1;;KIT EMBRAIAGEM LUK;KIT EMBRAIAGEM LUK;0;;
6;1315;625 3047 00;1315;625304700;CATEGORIA0;;1;1;0;1;;KIT EMBRAIAGEM LUK;KIT EMBRAIAGEM LUK;0;;
6;1315;625 3047 19;1315;625304719;CATEGORIA0;;1;1;0;1;;KIT EMBRAIAGEM LUK;KIT EMBRAIAGEM LUK;0;;
6;1315;625 3051 00;1315;625305100;CATEGORIA0;;1;1;0;1;;KIT.EMBRAIAGEM;KIT.EMBRAIAGEM;0;;
6;1315;625 3052 09;1315;625305209;CATEGORIA0;;1;1;0;1;;KIT EMBRAIAGEM LUK;KIT EMBRAIAGEM LUK;0;;
6;1315;625 3052 33;1315;625305233;CATEGORIA0;;1;1;0;1;;KIT EMBRAIAGEM LUK;KIT EMBRAIAGEM LUK;0;;
6;1315;625 3052 34;1315;625305234;CATEGORIA0;;1;1;0;1;;KIT EMBRAIAGEM LUK;KIT EMBRAIAGEM LUK;0;;
6;1315;625 3056 09;1315;625305609;CATEGORIA0;;1;1;0;1;;KIT EMBRAIAGEM LUK;KIT EMBRAIAGEM LUK;0;;
6;1315;625 3056 33;1315;625305633;CATEGORIA0;;1;1;0;1;;KIT EMBRAIAGEM LUK;KIT EMBRAIAGEM LUK;0;;
6;1315;625 3056 34;1315;625305634;CATEGORIA0;;1;1;0;1;;KIT EMBRAIAGEM LUK;KIT EMBRAIAGEM LUK;0;;
6;1315;625 3056 35;1315;625305635;CATEGORIA0;;1;1;0;1;;KIT EMBRAIAGEM LUK;KIT EMBRAIAGEM LUK;0;;
6;1315;625 3060 09;1315;625306009;CATEGORIA0;;1;1;0;1;;KIT EMBRAIAGEM LUK;KIT EMBRAIAGEM LUK;0;;
6;1315;625 3060 33;1315;625306033;CATEGORIA0;;1;1;0;1;;KIT EMBRAIAGEM LUK;KIT EMBRAIAGEM LUK;0;;
6;1315;625 3061 09;1315;625306109;CATEGORIA0;;1;1;0;1;;KIT EMBRAIAGEM LUK;KIT EMBRAIAGEM LUK;0;;
6;1315;625 3061 33;1315;625306133;CATEGORIA0;;1;1;0;1;;KIT EMBRAIAGEM LUK;KIT EMBRAIAGEM LUK;0;;
6;1315;625 3063 33;1315;625306333;CATEGORIA0;;1;1;0;1;;KIT EMBRAIAGEM LUK;KIT EMBRAIAGEM LUK;0;;
6;1315;625 3065 09;1315;625306509;CATEGORIA0;;1;1;0;1;;KIT EMBRAIAGEM LUK;KIT EMBRAIAGEM LUK;0;;
6;1315;625 3068 00;1315;625306800;CATEGORIA0;;1;1;0;1;;KIT EMBRAIAGEM LUK;KIT EMBRAIAGEM LUK;0;;
6;1315;625 3069 00;1315;625306900;CATEGORIA0;;1;1;0;1;;KIT EMBRAIAGEM LUK;KIT EMBRAIAGEM LUK;0;;
6;1315;625 3070 00;1315;625307000;CATEGORIA0;;1;1;0;1;;KIT EMBRAIAGEM LUK;KIT EMBRAIAGEM LUK;0;;
6;1315;625 3070 09;1315;625307009;CATEGORIA0;;1;1;0;1;;KIT EMBRAIAGEM LUK;KIT EMBRAIAGEM LUK;0;;
6;1315;625 3071 09;1315;625307109;CATEGORIA0;;1;1;0;1;;KIT EMBRAIAGEM LUK;KIT EMBRAIAGEM LUK;0;;
6;1315;625 3071 33;1315;625307133;CATEGORIA0;;1;1;0;1;;KIT EMBRAIAGEM LUK;KIT EMBRAIAGEM LUK;0;;
6;1315;625 3071 34;1315;625307134;CATEGORIA0;;1;1;0;1;;KIT EMBRAIAGEM LUK;KIT EMBRAIAGEM LUK;0;;
6;1315;625 3071 37;1315;625307137;CATEGORIA0;;1;1;0;1;;KIT DE EMBR. REPSET SAC;KIT DE EMBR. REPSET SAC;0;;
6;1315;625 3072 00;1315;625307200;CATEGORIA0;;1;1;0;1;;KIT EMBRAIAGEM LUK;KIT EMBRAIAGEM LUK;0;;
6;1315;625 3074 09;1315;625307409;CATEGORIA0;;1;1;0;1;;KIT EMBRAIAGEM LUK;KIT EMBRAIAGEM LUK;0;;
6;1315;625 3074 33;1315;625307433;CATEGORIA0;;1;1;0;1;;KIT EMBRAIAGEM LUK;KIT EMBRAIAGEM LUK;0;;
6;1315;625 3076 00;1315;625307600;CATEGORIA0;;1;1;0;1;;KIT EMBRAIAGEM LUK;KIT EMBRAIAGEM LUK;0;;
6;1315;625 3095 00;1315;625309500;CATEGORIA0;;1;1;0;1;;KIT EMBRAIAGEM LUK;KIT EMBRAIAGEM LUK;0;;
6;1315;625 3096 09;1315;625309609;CATEGORIA0;;1;1;0;1;;KIT EMBRAIAGEM LUK;KIT EMBRAIAGEM LUK;0;;
6;1315;625 3096 33;1315;625309633;CATEGORIA0;;1;1;0;1;;KIT EMBRAIAGEM LUK;KIT EMBRAIAGEM LUK;0;;
6;1315;625 3097 00;1315;625309700;CATEGORIA0;;1;1;0;1;;KIT EMBRAIAGEM LUK;KIT EMBRAIAGEM LUK;0;;
6;1315;625 3098 00;1315;625309800;CATEGORIA0;;1;1;0;1;;KIT EMBRAIAGEM LUK;KIT EMBRAIAGEM LUK;0;;
6;1315;625 3100 00;1315;625310000;CATEGORIA0;;1;1;0;1;;KIT EMBRAIAGEM LUK;KIT EMBRAIAGEM LUK;0;;
6;1315;625 3102 00;1315;625310200;CATEGORIA0;;1;1;0;1;;KIT EMBRAIAGEM LUK;KIT EMBRAIAGEM LUK;0;;
6;1315;625 3106 00;1315;625310600;CATEGORIA0;;1;1;0;1;;KIT EMBRAIAGEM LUK;KIT EMBRAIAGEM LUK;0;;
6;1315;625 3107 00;1315;625310700;CATEGORIA0;;1;1;0;1;;KIT EMBRAIAGEM LUK;KIT EMBRAIAGEM LUK;0;;
6;1315;625 3136 09;1315;625313609;CATEGORIA0;;1;1;0;1;;KIT EMBRAIAGEM LUK;KIT EMBRAIAGEM LUK;0;;
6;1315;625 3136 33;1315;625313633;CATEGORIA0;;1;1;0;1;;KIT EMBRAIAGEM LUK;KIT EMBRAIAGEM LUK;0;;
6;1315;625 3137 00;1315;625313700;CATEGORIA0;;1;1;0;1;;KIT EMBRAIAGEM LUK;KIT EMBRAIAGEM LUK;0;;
6;1315;625 3138 09;1315;625313809;CATEGORIA0;;1;1;0;1;;KIT EMBRAIAGEM LUK;KIT EMBRAIAGEM LUK;0;;
6;1315;625 3138 33;1315;625313833;CATEGORIA0;;1;1;0;1;;KIT EMBRAIAGEM LUK;KIT EMBRAIAGEM LUK;0;;
6;1315;625 3140 09;1315;625314009;CATEGORIA0;;1;1;0;1;;KIT EMBRAIAGEM LUK;KIT EMBRAIAGEM LUK;0;;
6;1315;625 3140 33;1315;625314033;CATEGORIA0;;1;1;0;1;;KIT EMBRAIAGEM LUK;KIT EMBRAIAGEM LUK;0;;
6;1315;625 3145 09;1315;625314509;CATEGORIA0;;1;1;0;1;;KIT EMBRAIAGEM LUK;KIT EMBRAIAGEM LUK;0;;
6;1315;625 3145 33;1315;625314533;CATEGORIA0;;1;1;0;1;;KIT EMBRAIAGEM LUK;KIT EMBRAIAGEM LUK;0;;
6;1315;625 3165 09;1315;625316509;CATEGORIA0;;1;1;0;1;;KIT EMBRAIAGEM LUK;KIT EMBRAIAGEM LUK;0;;
6;1315;625 3165 33;1315;625316533;CATEGORIA0;;1;1;0;1;;KIT EMBRAIAGEM LUK;KIT EMBRAIAGEM LUK;0;;
6;1315;625 3166 00;1315;625316600;CATEGORIA0;;1;1;0;1;;KIT EMBRAIAGEM LUK;KIT EMBRAIAGEM LUK;0;;
6;1315;625 3167 00;1315;625316700;CATEGORIA0;;1;1;0;1;;KIT EMBRAIAGEM LUK;KIT EMBRAIAGEM LUK;0;;
6;1315;625 3169 00;1315;625316900;CATEGORIA0;;1;1;0;1;;KIT EMBRAIAGEM LUK;KIT EMBRAIAGEM LUK;0;;
6;1315;625 3172 00;1315;625317200;CATEGORIA0;;1;1;0;1;;KIT EMBRAIAGEM LUK;KIT EMBRAIAGEM LUK;0;;
6;1315;625 3190 09;1315;625319009;CATEGORIA0;;1;1;0;1;;KIT EMBRAIAGEM LUK;KIT EMBRAIAGEM LUK;0;;
6;1315;625 3190 33;1315;625319033;CATEGORIA0;;1;1;0;1;;KIT EMBRAIAGEM LUK;KIT EMBRAIAGEM LUK;0;;
6;1315;625 3191 09;1315;625319109;CATEGORIA0;;1;1;0;1;;KIT EMBRAIAGEM LUK;KIT EMBRAIAGEM LUK;0;;
6;1315;625 3191 33;1315;625319133;CATEGORIA0;;1;1;0;1;;KIT EMBRAIAGEM LUK;KIT EMBRAIAGEM LUK;0;;
6;1315;625 3203 09;1315;625320309;CATEGORIA0;;1;1;0;1;;KIT EMBRAIAGEM LUK;KIT EMBRAIAGEM LUK;0;;
6;1315;625 3203 33;1315;625320333;CATEGORIA0;;1;1;0;1;;KIT EMBRAIAGEM LUK;KIT EMBRAIAGEM LUK;0;;
6;1315;625 3205 09;1315;625320509;CATEGORIA0;;1;1;0;1;;KIT EMBRAIAGEM LUK;KIT EMBRAIAGEM LUK;0;;
6;1315;625 3205 33;1315;625320533;CATEGORIA0;;1;1;0;1;;KIT EMBRAIAGEM LUK;KIT EMBRAIAGEM LUK;0;;
6;1315;625 3212 33;1315;625321233;CATEGORIA0;;1;1;0;1;;KIT EMBRAIAGEM LUK;KIT EMBRAIAGEM LUK;0;;
6;1315;625 3219 09;1315;625321909;CATEGORIA0;;1;1;0;1;;KIT EMBRAIAGEM LUK;KIT EMBRAIAGEM LUK;0;;
6;1315;626 1013 00;1315;626101300;CATEGORIA0;;1;1;0;1;;KIT EMBRAIAGEM LUK;KIT EMBRAIAGEM LUK;0;;
6;1315;626 1630 00;1315;626163000;CATEGORIA0;;1;1;0;1;;KIT EMBRAIAGEM LUK;KIT EMBRAIAGEM LUK;0;;
6;1315;626 1655 60;1315;626165560;CATEGORIA0;;1;1;0;1;;KIT EMBRAIAGEM LUK;KIT EMBRAIAGEM LUK;0;;
6;1315;626 2031 60;1315;626203160;CATEGORIA0;;1;1;0;1;;KIT EMBRAIAGEM LUK;KIT EMBRAIAGEM LUK;0;;
6;1315;626 2032 60;1315;626203260;CATEGORIA0;;1;1;0;1;;KIT EMBRAIAGEM LUK;KIT EMBRAIAGEM LUK;0;;
6;1315;626 2423 00;1315;626242300;CATEGORIA0;;1;1;0;1;;KIT EMBRAIAGEM LUK;KIT EMBRAIAGEM LUK;0;;
6;1315;626 3015 60;1315;626301560;CATEGORIA0;;1;1;0;1;;KIT EMBRAIAGEM LUK;KIT EMBRAIAGEM LUK;0;;
6;1315;626 3017 00;1315;626301700;CATEGORIA0;;1;1;0;1;;KIT EMBRAIAGEM LUK;KIT EMBRAIAGEM LUK;0;;
6;1315;626 3026 19;1315;626302619;CATEGORIA0;;1;1;0;1;;KIT EMBRAIAGEM LUK;KIT EMBRAIAGEM LUK;0;;
6;1315;626 3026 33;1315;626302633;CATEGORIA0;;1;1;0;1;;KIT EMBRAIAGEM LUK;KIT EMBRAIAGEM LUK;0;;
6;1315;626 3027 19;1315;626302719;CATEGORIA0;;1;1;0;1;;KIT EMBRAIAGEM LUK;KIT EMBRAIAGEM LUK;0;;
6;1315;626 3027 33;1315;626302733;CATEGORIA0;;1;1;0;1;;KIT EMBRAIAGEM LUK;KIT EMBRAIAGEM LUK;0;;
6;1315;626 3028 00;1315;626302800;CATEGORIA0;;1;1;0;1;;KIT EMBRAIAGEM LUK;KIT EMBRAIAGEM LUK;0;;
6;1315;626 3029 00;1315;626302900;CATEGORIA0;;1;1;0;1;;KIT EMBRAIAGEM LUK;KIT EMBRAIAGEM LUK;0;;
6;1315;626 3031 00;1315;626303100;CATEGORIA0;;1;1;0;1;;KIT EMBRAIAGEM LUK;KIT EMBRAIAGEM LUK;0;;
6;1315;626 3032 00;1315;626303200;CATEGORIA0;;1;1;0;1;;KIT EMBRAIAGEM LUK;KIT EMBRAIAGEM LUK;0;;
6;1315;626 3033 09;1315;626303309;CATEGORIA0;;1;1;0;1;;KIT EMBRAIAGEM LUK;KIT EMBRAIAGEM LUK;0;;
6;1315;626 3033 33;1315;626303333;CATEGORIA0;;1;1;0;1;;KIT EMBRAIAGEM LUK;KIT EMBRAIAGEM LUK;0;;
6;1315;626 3034 09;1315;626303409;CATEGORIA0;;1;1;0;1;;KIT EMBRAIAGEM LUK;KIT EMBRAIAGEM LUK;0;;
6;1315;626 3034 33;1315;626303433;CATEGORIA0;;1;1;0;1;;KIT EMBRAIAGEM LUK;KIT EMBRAIAGEM LUK;0;;
6;1315;626 3036 09;1315;626303609;CATEGORIA0;;1;1;0;1;;KIT EMBRAIAGEM LUK;KIT EMBRAIAGEM LUK;0;;
6;1315;626 3038 00;1315;626303800;CATEGORIA0;;1;1;0;1;;KIT EMBRAIAGEM LUK;KIT EMBRAIAGEM LUK;0;;
6;1315;626 3041 00;1315;626304100;CATEGORIA0;;1;1;0;1;;KIT EMBRAIAGEM LUK;KIT EMBRAIAGEM LUK;0;;
6;1315;626 3042 09;1315;626304209;CATEGORIA0;;1;1;0;1;;KIT EMBRAIAGEM LUK;KIT EMBRAIAGEM LUK;0;;
6;1315;626 3042 33;1315;626304233;CATEGORIA0;;1;1;0;1;;KIT DE EMBR. REPSET SAC;KIT DE EMBR. REPSET SAC;0;;
6;1315;626 3043 00;1315;626304300;CATEGORIA0;;1;1;0;1;;KIT EMBRAIAGEM LUK;KIT EMBRAIAGEM LUK;0;;
6;1315;626 3044 09;1315;626304409;CATEGORIA0;;1;1;0;1;;KIT EMBRAIAGEM LUK;KIT EMBRAIAGEM LUK;0;;
6;1315;626 3044 33;1315;626304433;CATEGORIA0;;1;1;0;1;;KIT EMBRAIAGEM LUK;KIT EMBRAIAGEM LUK;0;;
6;1315;626 3045 00;1315;626304500;CATEGORIA0;;1;1;0;1;;KIT EMBRAIAGEM LUK;KIT EMBRAIAGEM LUK;0;;
6;1315;626 3045 09;1315;626304509;CATEGORIA0;;1;1;0;1;;KIT EMBRAIAGEM LUK;KIT EMBRAIAGEM LUK;0;;
6;1315;626 3049 09;1315;626304909;CATEGORIA0;;1;1;0;1;;KIT EMBRAIAGEM LUK;KIT EMBRAIAGEM LUK;0;;
6;1315;626 3049 33;1315;626304933;CATEGORIA0;;1;1;0;1;;KIT EMBRAIAGEM LUK;KIT EMBRAIAGEM LUK;0;;
6;1315;626 3050 00;1315;626305000;CATEGORIA0;;1;1;0;1;;KIT EMBRAIAGEM LUK;KIT EMBRAIAGEM LUK;0;;
6;1315;626 3052 09;1315;626305209;CATEGORIA0;;1;1;0;1;;KIT EMBRAIAGEM LUK;KIT EMBRAIAGEM LUK;0;;
6;1315;626 3052 33;1315;626305233;CATEGORIA0;;1;1;0;1;;KIT EMBRAIAGEM LUK;KIT EMBRAIAGEM LUK;0;;
6;1315;626 3053 09;1315;626305309;CATEGORIA0;;1;1;0;1;;KIT EMBRAIAGEM LUK;KIT EMBRAIAGEM LUK;0;;
6;1315;626 3053 33;1315;626305333;CATEGORIA0;;1;1;0;1;;KIT EMBRAIAGEM LUK;KIT EMBRAIAGEM LUK;0;;
6;1315;626 3054 09;1315;626305409;CATEGORIA0;;1;1;0;1;;KIT EMBRAIAGEM LUK;KIT EMBRAIAGEM LUK;0;;
6;1315;626 3054 33;1315;626305433;CATEGORIA0;;1;1;0;1;;KIT EMBRAIAGEM LUK;KIT EMBRAIAGEM LUK;0;;
6;1315;626 3055 00;1315;626305500;CATEGORIA0;;1;1;0;1;;KIT EMBRAIAGEM LUK;KIT EMBRAIAGEM LUK;0;;
6;1315;626 3056 09;1315;626305609;CATEGORIA0;;1;1;0;1;;KIT EMBRAIAGEM LUK;KIT EMBRAIAGEM LUK;0;;
6;1315;626 3058 00;1315;626305800;CATEGORIA0;;1;1;0;1;;KIT EMBRAIAGEM LUK;KIT EMBRAIAGEM LUK;0;;
6;1315;626 3072 09;1315;626307209;CATEGORIA0;;1;1;0;1;;KIT EMBRAIAGEM LUK;KIT EMBRAIAGEM LUK;0;;
6;1315;626 3072 33;1315;626307233;CATEGORIA0;;1;1;0;1;;KIT EMBRAIAGEM LUK;KIT EMBRAIAGEM LUK;0;;
6;1315;626 3075 00;1315;626307500;CATEGORIA0;;1;1;0;1;;KIT EMBRAIAGEM LUK;KIT EMBRAIAGEM LUK;0;;
6;1315;626 3076 09;1315;626307609;CATEGORIA0;;1;1;0;1;;KIT EMBRAIAGEM LUK;KIT EMBRAIAGEM LUK;0;;
6;1315;626 3077 00;1315;626307700;CATEGORIA0;;1;1;0;1;;KIT EMBRAIAGEM LUK;KIT EMBRAIAGEM LUK;0;;
6;1315;626 3077 09;1315;626307709;CATEGORIA0;;1;1;0;1;;KIT EMBRAIAGEM LUK;KIT EMBRAIAGEM LUK;0;;
6;1315;626 3092 09;1315;626309209;CATEGORIA0;;1;1;0;1;;KIT EMBRAIAGEM LUK;KIT EMBRAIAGEM LUK;0;;
6;1315;626 3092 33;1315;626309233;CATEGORIA0;;1;1;0;1;;KIT EMBRAIAGEM LUK;KIT EMBRAIAGEM LUK;0;;
6;1315;626 3093 09;1315;626309309;CATEGORIA0;;1;1;0;1;;KIT EMBRAIAGEM LUK;KIT EMBRAIAGEM LUK;0;;
6;1315;626 3093 33;1315;626309333;CATEGORIA0;;1;1;0;1;;KIT EMBRAIAGEM LUK;KIT EMBRAIAGEM LUK;0;;
6;1315;626 3098 09;1315;626309809;CATEGORIA0;;1;1;0;1;;KIT EMBRAIAGEM LUK;KIT EMBRAIAGEM LUK;0;;
6;1315;626 3098 33;1315;626309833;CATEGORIA0;;1;1;0;1;;KIT DE EMBR. REPSET SAC;KIT DE EMBR. REPSET SAC;0;;
6;1315;626 3106 00;1315;626310600;CATEGORIA0;;1;1;0;1;;KIT EMBRAIAGEM LUK;KIT EMBRAIAGEM LUK;0;;
6;1315;626 3107 00;1315;626310700;CATEGORIA0;;1;1;0;1;;KIT EMBRAIAGEM LUK;KIT EMBRAIAGEM LUK;0;;
6;1315;626 3111 00;1315;626311100;CATEGORIA0;;1;1;0;1;;KIT EMBRAIAGEM LUK;KIT EMBRAIAGEM LUK;0;;
6;1315;626 3130 09;1315;626313009;CATEGORIA0;;1;1;0;1;;KIT EMBRAIAGEM LUK;KIT EMBRAIAGEM LUK;0;;
6;1315;626 3130 33;1315;626313033;CATEGORIA0;;1;1;0;1;;KIT EMBRAIAGEM LUK;KIT EMBRAIAGEM LUK;0;;
6;1315;626 3141 09;1315;626314109;CATEGORIA0;;1;1;0;1;;KIT EMBRAIAGEM LUK;KIT EMBRAIAGEM LUK;0;;
6;1315;626 3141 33;1315;626314133;CATEGORIA0;;1;1;0;1;;KIT EMBRAIAGEM LUK;KIT EMBRAIAGEM LUK;0;;
6;1315;626 3146 09;1315;626314609;CATEGORIA0;;1;1;0;1;;KIT EMBRAIAGEM LUK;KIT EMBRAIAGEM LUK;0;;
6;1315;626 3150 09;1315;626315009;CATEGORIA0;;1;1;0;1;;KIT EMBRAIAGEM LUK;KIT EMBRAIAGEM LUK;0;;
6;1315;626 3150 33;1315;626315033;CATEGORIA0;;1;1;0;1;;KIT EMBRAIAGEM LUK;KIT EMBRAIAGEM LUK;0;;
6;1315;626 3152 09;1315;626315209;CATEGORIA0;;1;1;0;1;;KIT EMBRAIAGEM LUK;KIT EMBRAIAGEM LUK;0;;
6;1315;626 3152 33;1315;626315233;CATEGORIA0;;1;1;0;1;;KIT EMBRAIAGEM LUK;KIT EMBRAIAGEM LUK;0;;
6;1315;627 1578 00;1315;627157800;CATEGORIA0;;1;1;0;1;;KIT EMBRAIAGEM LUK;KIT EMBRAIAGEM LUK;0;;
6;1315;627 1579 00;1315;627157900;CATEGORIA0;;1;1;0;1;;KIT EMBRAIAGEM LUK;KIT EMBRAIAGEM LUK;0;;
6;1315;627 1580 09;1315;627158009;CATEGORIA0;;1;1;0;1;;KIT EMBRAIAGEM LUK;KIT EMBRAIAGEM LUK;0;;
6;1315;627 1628 00;1315;627162800;CATEGORIA0;;1;1;0;1;;KIT EMBRAIAGEM LUK;KIT EMBRAIAGEM LUK;0;;
6;1315;627 1637 00;1315;627163700;CATEGORIA0;;1;1;0;1;;KIT EMBRAIAGEM LUK;KIT EMBRAIAGEM LUK;0;;
6;1315;627 1737 00;1315;627173700;CATEGORIA0;;1;1;0;1;;KIT EMBRAIAGEM LUK;KIT EMBRAIAGEM LUK;0;;
6;1315;627 2096 00;1315;627209600;CATEGORIA0;;1;1;0;1;;KIT EMBRAIAGEM LUK;KIT EMBRAIAGEM LUK;0;;
6;1315;627 2250 00;1315;627225000;CATEGORIA0;;1;1;0;1;;KIT EMBRAIAGEM LUK;KIT EMBRAIAGEM LUK;0;;
6;1315;627 3007 00;1315;627300700;CATEGORIA0;;1;1;0;1;;KIT EMBRAIAGEM LUK;KIT EMBRAIAGEM LUK;0;;
6;1315;627 3008 00;1315;627300800;CATEGORIA0;;1;1;0;1;;KIT EMBRAIAGEM LUK;KIT EMBRAIAGEM LUK;0;;
6;1315;627 3009 00;1315;627300900;CATEGORIA0;;1;1;0;1;;KIT EMBRAIAGEM LUK;KIT EMBRAIAGEM LUK;0;;
6;1315;627 3010 00;1315;627301000;CATEGORIA0;;1;1;0;1;;KIT EMBRAIAGEM LUK;KIT EMBRAIAGEM LUK;0;;
6;1315;627 3011 00;1315;627301100;CATEGORIA0;;1;1;0;1;;KIT EMBRAIAGEM LUK;KIT EMBRAIAGEM LUK;0;;
6;1315;627 3013 00;1315;627301300;CATEGORIA0;;1;1;0;1;;KIT EMBRAIAGEM LUK;KIT EMBRAIAGEM LUK;0;;
6;1315;627 3024 00;1315;627302400;CATEGORIA0;;1;1;0;1;;KIT EMBRAIAGEM LUK;KIT EMBRAIAGEM LUK;0;;
6;1315;627 3031 09;1315;627303109;CATEGORIA0;;1;1;0;1;;KIT EMBRAIAGEM LUK;KIT EMBRAIAGEM LUK;0;;
6;1315;627 3031 33;1315;627303133;CATEGORIA0;;1;1;0;1;;KIT EMBRAIAGEM LUK;KIT EMBRAIAGEM LUK;0;;
6;1315;627 3032 09;1315;627303209;CATEGORIA0;;1;1;0;1;;KIT EMBRAIAGEM LUK;KIT EMBRAIAGEM LUK;0;;
6;1315;627 3032 33;1315;627303233;CATEGORIA0;;1;1;0;1;;KIT EMBRAIAGEM LUK;KIT EMBRAIAGEM LUK;0;;
6;1315;627 3032 35;1315;627303235;CATEGORIA0;;1;1;0;1;;KIT EMBRAIAGEM LUK;KIT EMBRAIAGEM LUK;0;;
6;1315;627 3040 09;1315;627304009;CATEGORIA0;;1;1;0;1;;KIT EMBRAIAGEM LUK;KIT EMBRAIAGEM LUK;0;;
6;1315;627 3040 33;1315;627304033;CATEGORIA0;;1;1;0;1;;KIT EMBRAIAGEM LUK;KIT EMBRAIAGEM LUK;0;;
6;1315;627 3042 09;1315;627304209;CATEGORIA0;;1;1;0;1;;KIT EMBRAIAGEM LUK;KIT EMBRAIAGEM LUK;0;;
6;1315;627 3042 33;1315;627304233;CATEGORIA0;;1;1;0;1;;KIT EMBRAIAGEM LUK;KIT EMBRAIAGEM LUK;0;;
6;1315;627 3047 00;1315;627304700;CATEGORIA0;;1;1;0;1;;KIT EMBRAIAGEM LUK;KIT EMBRAIAGEM LUK;0;;
6;1315;627 3051 00;1315;627305100;CATEGORIA0;;1;1;0;1;;KIT EMBRAIAGEM LUK;KIT EMBRAIAGEM LUK;0;;
6;1315;627 3064 00;1315;627306400;CATEGORIA0;;1;1;0;1;;KIT EMBRAIAGEM LUK;KIT EMBRAIAGEM LUK;0;;
6;1315;627 3066 09;1315;627306609;CATEGORIA0;;1;1;0;1;;KIT EMBRAIAGEM LUK;KIT EMBRAIAGEM LUK;0;;
6;1315;627 3066 33;1315;627306633;CATEGORIA0;;1;1;0;1;;KIT EMBRAIAGEM LUK;KIT EMBRAIAGEM LUK;0;;
6;1315;628 0539 00;1315;628053900;CATEGORIA0;;1;1;0;1;;KIT EMBRAIAGEM LUK;KIT EMBRAIAGEM LUK;0;;
6;1315;628 0959 60;1315;628095960;CATEGORIA0;;1;1;0;1;;KIT EMBRAIAGEM LUK;KIT EMBRAIAGEM LUK;0;;
6;1315;628 1682 00;1315;628168200;CATEGORIA0;;1;1;0;1;;KIT EMBRAIAGEM LUK;KIT EMBRAIAGEM LUK;0;;
6;1315;628 2012 60;1315;628201260;CATEGORIA0;;1;1;0;1;;KIT EMBRAIAGEM LUK;KIT EMBRAIAGEM LUK;0;;
6;1315;628 2033 60;1315;628203360;CATEGORIA0;;1;1;0;1;;KIT EMBRAIAGEM LUK;KIT EMBRAIAGEM LUK;0;;
6;1315;628 2034 60;1315;628203460;CATEGORIA0;;1;1;0;1;;KIT EMBRAIAGEM LUK;KIT EMBRAIAGEM LUK;0;;
6;1315;628 2036 60;1315;628203660;CATEGORIA0;;1;1;0;1;;KIT EMBRAIAGEM LUK;KIT EMBRAIAGEM LUK;0;;
6;1315;628 2762 60;1315;628276260;CATEGORIA0;;1;1;0;1;;KIT EMBRAIAGEM LUK;KIT EMBRAIAGEM LUK;0;;
6;1315;628 2763 60;1315;628276360;CATEGORIA0;;1;1;0;1;;KIT EMBRAIAGEM LUK;KIT EMBRAIAGEM LUK;0;;
6;1315;628 2808 00;1315;628280800;CATEGORIA0;;1;1;0;1;;KIT EMBRAIAGEM LUK;KIT EMBRAIAGEM LUK;0;;
6;1315;628 3033 00;1315;628303300;CATEGORIA0;;1;1;0;1;;KIT EMBRAIAGEM LUK;KIT EMBRAIAGEM LUK;0;;
6;1315;628 3040 60;1315;628304060;CATEGORIA0;;1;1;0;1;;KIT EMBRAIAGEM LUK;KIT EMBRAIAGEM LUK;0;;
6;1315;628 3088 00;1315;628308800;CATEGORIA0;;1;1;0;1;;KIT EMBRAIAGEM LUK;KIT EMBRAIAGEM LUK;0;;
6;1315;628 3112 09;1315;628311209;CATEGORIA0;;1;1;0;1;;KIT EMBRAIAGEM LUK;KIT EMBRAIAGEM LUK;0;;
6;1315;628 3133 00;1315;628313300;CATEGORIA0;;1;1;0;1;;KIT EMBRAIAGEM LUK;KIT EMBRAIAGEM LUK;0;;
6;1315;628 3166 00;1315;628316600;CATEGORIA0;;1;1;0;1;;KIT EMBRAIAGEM LUK;KIT EMBRAIAGEM LUK;0;;
6;1315;628 3166 09;1315;628316609;CATEGORIA0;;1;1;0;1;;KIT EMBRAIAGEM LUK;KIT EMBRAIAGEM LUK;0;;
6;1315;628 3171 00;1315;628317100;CATEGORIA0;;1;1;0;1;;KIT EMBRAIAGEM LUK;KIT EMBRAIAGEM LUK;0;;
6;1315;628 3172 00;1315;628317200;CATEGORIA0;;1;1;0;1;;KIT EMBRAIAGEM LUK;KIT EMBRAIAGEM LUK;0;;
6;1315;628 3182 00;1315;628318200;CATEGORIA0;;1;1;0;1;;KIT EMBRAIAGEM LUK;KIT EMBRAIAGEM LUK;0;;
6;1315;628 3185 00;1315;628318500;CATEGORIA0;;1;1;0;1;;KIT EMBRAIAGEM LUK;KIT EMBRAIAGEM LUK;0;;
6;1315;628 3191 00;1315;628319100;CATEGORIA0;;1;1;0;1;;KIT EMBRAIAGEM LUK;KIT EMBRAIAGEM LUK;0;;
6;1315;628 3193 00;1315;628319300;CATEGORIA0;;1;1;0;1;;KIT EMBRAIAGEM LUK;KIT EMBRAIAGEM LUK;0;;
6;1315;628 3221 00;1315;628322100;CATEGORIA0;;1;1;0;1;;KIT EMBRAIAGEM LUK;KIT EMBRAIAGEM LUK;0;;
6;1315;628 3227 00;1315;628322700;CATEGORIA0;;1;1;0;1;;KIT EMBRAIAGEM LUK;KIT EMBRAIAGEM LUK;0;;
6;1315;628 3228 00;1315;628322800;CATEGORIA0;;1;1;0;1;;KIT EMBRAIAGEM LUK;KIT EMBRAIAGEM LUK;0;;
6;1315;628 3263 00;1315;628326300;CATEGORIA0;;1;1;0;1;;KIT EMBRAIAGEM LUK;KIT EMBRAIAGEM LUK;0;;
6;1315;628 3266 00;1315;628326600;CATEGORIA0;;1;1;0;1;;KIT EMBRAIAGEM LUK;KIT EMBRAIAGEM LUK;0;;
6;1315;628 3294 09;1315;628329409;CATEGORIA0;;1;1;0;1;;KIT EMBRAIAGEM LUK;KIT EMBRAIAGEM LUK;0;;
6;1315;628 3298 00;1315;628329800;CATEGORIA0;;1;1;0;1;;KIT EMBRAIAGEM LUK;KIT EMBRAIAGEM LUK;0;;
6;1315;628 3300 00;1315;628330000;CATEGORIA0;;1;1;0;1;;KIT EMBRAIAGEM LUK;KIT EMBRAIAGEM LUK;0;;
6;1315;628 3307 00;1315;628330700;CATEGORIA0;;1;1;0;1;;KIT EMBRAIAGEM LUK;KIT EMBRAIAGEM LUK;0;;
6;1315;628 3318 00;1315;628331800;CATEGORIA0;;1;1;0;1;;KIT EMBRAIAGEM LUK;KIT EMBRAIAGEM LUK;0;;
6;1315;628 3320 00;1315;628332000;CATEGORIA0;;1;1;0;1;;KIT EMBRAIAGEM LUK;KIT EMBRAIAGEM LUK;0;;
6;1315;628 3333 00;1315;628333300;CATEGORIA0;;1;1;0;1;;KIT EMBRAIAGEM LUK;KIT EMBRAIAGEM LUK;0;;
6;1315;628 3344 00;1315;628334400;CATEGORIA0;;1;1;0;1;;KIT EMBRAIAGEM LUK;KIT EMBRAIAGEM LUK;0;;
6;1315;628 3349 00;1315;628334900;CATEGORIA0;;1;1;0;1;;KIT EMBRAIAGEM LUK;KIT EMBRAIAGEM LUK;0;;
6;1315;628 3362 00;1315;628336200;CATEGORIA0;;1;1;0;1;;KIT EMBRAIAGEM;KIT EMBRAIAGEM;0;;
6;1315;628 3383 00;1315;628338300;CATEGORIA0;;1;1;0;1;;KIT EMBRAIAGEM LUK;KIT EMBRAIAGEM LUK;0;;
6;1315;628 3388 00;1315;628338800;CATEGORIA0;;1;1;0;1;;KIT EMBRAIAGEM LUK;KIT EMBRAIAGEM LUK;0;;
6;1315;628 3390 00;1315;628339000;CATEGORIA0;;1;1;0;1;;KIT EMBRAIAGEM LUK;KIT EMBRAIAGEM LUK;0;;
6;1315;628 3393 00;1315;628339300;CATEGORIA0;;1;1;0;1;;KIT DE EMBR. REPSET;KIT DE EMBR. REPSET;0;;
6;1315;628 3585 00;1315;628358500;CATEGORIA0;;1;1;0;1;;KIT EMBRAIAGEM LUK;KIT EMBRAIAGEM LUK;0;;
6;1315;630 2734 09;1315;630273409;CATEGORIA0;;1;1;0;1;;KIT EMBRAIAGEM LUK;KIT EMBRAIAGEM LUK;0;;
6;1315;630 3030 60;1315;630303060;CATEGORIA0;;1;1;0;1;;KIT EMBRAIAGEM LUK;KIT EMBRAIAGEM LUK;0;;
6;1315;630 3161 00;1315;630316100;CATEGORIA0;;1;1;0;1;;KIT EMBRAIAGEM LUK;KIT EMBRAIAGEM LUK;0;;
6;1315;631 2992 00;1315;631299200;CATEGORIA0;;1;1;0;1;;KIT EMBRAIAGEM LUK;KIT EMBRAIAGEM LUK;0;;
6;1315;631 3174 00;1315;631317400;CATEGORIA0;;1;1;0;1;;KIT EMBRAIAGEM LUK;KIT EMBRAIAGEM LUK;0;;
6;1315;ASD;1315;TESTE;CATEGORIA0;;1;1;0;1;;TESTE;TESTE;0;;
9;1285;01-06858-08;1285;010685808;CATEGORIA0;;1;1;0;1;;JUNTAS REPARAÇÃO;JUNTAS REPARAÇÃO;0;;
9;1285;01-10004-02;1285;011000402;CATEGORIA0;;1;1;0;1;;JUNTAS REPARAÇÃO;JUNTAS REPARAÇÃO;0;;
9;1285;01-10016-02;1285;011001602;CATEGORIA0;;1;1;0;1;;JG JUNTAS COMPLETO S/JUNTA CABEÇA;JG JUNTAS COMPLETO S/JUNTA CABEÇA;0;;
9;1285;01-10018-02;1285;011001802;CATEGORIA0;;1;1;0;1;;JUNTAS REPARAÇÃO;JUNTAS REPARAÇÃO;0;;
9;1285;01-10025-01;1285;011002501;CATEGORIA0;;1;1;0;1;;JUNTAS REPARAÇÃO;JUNTAS REPARAÇÃO;0;;
9;1285;01-10856-01;1285;011085601;CATEGORIA0;;1;1;0;1;;JG JUNTAS COMPLETO S/JUNTA CABEÇA;JG JUNTAS COMPLETO S/JUNTA CABEÇA;0;;
9;1285;01-10856-02;1285;011085602;CATEGORIA0;;1;1;0;1;;JG. JUNTAS COMPLETO;JG. JUNTAS COMPLETO;0;;
9;1285;01-12612-45;1285;011261245;CATEGORIA0;;1;1;0;1;;JUNTAS REPARAÇÃO;JUNTAS REPARAÇÃO;0;;
9;1285;01-12612-51;1285;011261251;CATEGORIA0;;1;1;0;1;;JUNTAS REPARAÇÃO;JUNTAS REPARAÇÃO;0;;
9;1285;01-12612-53;1285;011261253;CATEGORIA0;;1;1;0;1;;JUNTAS REPARAÇÃO;JUNTAS REPARAÇÃO;0;;
9;1285;01-12662-01;1285;011266201;CATEGORIA0;;1;1;0;1;;JG. JUNTAS COMP.;JG. JUNTAS COMP.;0;;
9;1285;01-12714-03;1285;011271403;CATEGORIA0;;1;1;0;1;;JUNTAS COMP. VW;JUNTAS COMP. VW;0;;
9;1285;01-19567-07;1285;011956707;CATEGORIA0;;1;1;0;1;;JUNTAS REPARAÇÃO;JUNTAS REPARAÇÃO;0;;
9;1285;01-19670-03;1285;011967003;CATEGORIA0;;1;1;0;1;;JUNTAS REPARAÇÃO;JUNTAS REPARAÇÃO;0;;
9;1285;01-21925-03;1285;012192503;CATEGORIA0;;1;1;0;1;;JUNTAS REPARAÇÃO;JUNTAS REPARAÇÃO;0;;
9;1285;01-22561-02;1285;012256102;CATEGORIA0;;1;1;0;1;;JOGO JUNTAS COMPLETO REINZ;JOGO JUNTAS COMPLETO REINZ;0;;
9;1285;01-22810-02;1285;012281002;CATEGORIA0;;1;1;0;1;;JUNTAS REPARAÇÃO;JUNTAS REPARAÇÃO;0;;
9;1285;01-23405-04;1285;012340504;CATEGORIA0;;1;1;0;1;;JUNTAS REPARAÇÃO;JUNTAS REPARAÇÃO;0;;
9;1285;01-23425-04;1285;012342504;CATEGORIA0;;1;1;0;1;;JUNTAS REPARAÇÃO;JUNTAS REPARAÇÃO;0;;
9;1285;01-23455-04;1285;012345504;CATEGORIA0;;1;1;0;1;;JUNTAS REPARAÇÃO;JUNTAS REPARAÇÃO;0;;
9;1285;01-23455-05;1285;012345505;CATEGORIA0;;1;1;0;1;;JUNTAS REPARAÇÃO;JUNTAS REPARAÇÃO;0;;
9;1285;01-23455-06;1285;012345506;CATEGORIA0;;1;1;0;1;;JUNTAS REPARAÇÃO;JUNTAS REPARAÇÃO;0;;
9;1285;01-24060-03;1285;012406003;CATEGORIA0;;1;1;0;1;;JUNTAS REPARAÇÃO;JUNTAS REPARAÇÃO;0;;
9;1285;01-24110-03;1285;012411003;CATEGORIA0;;1;1;0;1;;JUNTAS REPARAÇÃO;JUNTAS REPARAÇÃO;0;;
9;1285;01-24125-03;1285;012412503;CATEGORIA0;;1;1;0;1;;JUNTAS REPARAÇÃO;JUNTAS REPARAÇÃO;0;;
9;1285;01-24165-03;1285;012416503;CATEGORIA0;;1;1;0;1;;JUNTAS REPARAÇÃO;JUNTAS REPARAÇÃO;0;;
9;1285;01-25105-33;1285;012510533;CATEGORIA0;;1;1;0;1;;JUNTAS REPARAÇÃO;JUNTAS REPARAÇÃO;0;;
9;1285;01-25290-06;1285;012529006;CATEGORIA0;;1;1;0;1;;JOGO JUNTAS COMPLETO;JOGO JUNTAS COMPLETO;0;;
9;1285;01-25475-02;1285;012547502;CATEGORIA0;;1;1;0;1;;JUNTAS REPARAÇÃO;JUNTAS REPARAÇÃO;0;;
9;1285;01-25625-05;1285;012562505;CATEGORIA0;;1;1;0;1;;JUNTAS REPARAÇÃO;JUNTAS REPARAÇÃO;0;;
9;1285;01-26200-02;1285;012620002;CATEGORIA0;;1;1;0;1;;JUNTAS REPARAÇÃO;JUNTAS REPARAÇÃO;0;;
9;1285;01-26200-04;1285;012620004;CATEGORIA0;;1;1;0;1;;JUNTAS REPARAÇÃO;JUNTAS REPARAÇÃO;0;;
9;1285;01-27180-02;1285;012718002;CATEGORIA0;;1;1;0;1;;JUNTAS REPARAÇÃO;JUNTAS REPARAÇÃO;0;;
9;1285;01-27470-02;1285;012747002;CATEGORIA0;;1;1;0;1;;JUNTAS REPARAÇÃO;JUNTAS REPARAÇÃO;0;;
9;1285;01-27825-03;1285;012782503;CATEGORIA0;;1;1;0;1;;JUNTAS REPARAÇÃO;JUNTAS REPARAÇÃO;0;;
9;1285;01-28352-01;1285;012835201;CATEGORIA0;;1;1;0;1;;JG. JUNTAS COMP.;JG. JUNTAS COMP.;0;;
9;1285;01-28950-01;1285;012895001;CATEGORIA0;;1;1;0;1;;JUNTAS REPARAÇÃO;JUNTAS REPARAÇÃO;0;;
9;1285;01-29245-01;1285;012924501;CATEGORIA0;;1;1;0;1;;JG JUNTAS COMPLETO;JG JUNTAS COMPLETO;0;;
9;1285;01-31157-01;1285;013115701;CATEGORIA0;;1;1;0;1;;JUNTAS REPARAÇÃO;JUNTAS REPARAÇÃO;0;;
9;1285;01-31555-01;1285;013155501;CATEGORIA0;;1;1;0;1;;JUNTAS REPARAÇÃO;JUNTAS REPARAÇÃO;0;;
9;1285;01-31555-02;1285;013155502;CATEGORIA0;;1;1;0;1;;JUNTAS REPARAÇÃO;JUNTAS REPARAÇÃO;0;;
9;1285;01-31735-11;1285;013173511;CATEGORIA0;;1;1;0;1;;JUNTAS REPARAÇÃO;JUNTAS REPARAÇÃO;0;;
9;1285;01-33650-06;1285;013365006;CATEGORIA0;;1;1;0;1;;JUNTAS REPARAÇÃO;JUNTAS REPARAÇÃO;0;;
9;1285;01-33758-01;1285;013375801;CATEGORIA0;;1;1;0;1;;JUNTAS REPARAÇÃO;JUNTAS REPARAÇÃO;0;;
9;1285;01-33951-03;1285;013395103;CATEGORIA0;;1;1;0;1;;JUNTAS REPARAÇÃO;JUNTAS REPARAÇÃO;0;;
9;1285;01-33951-05;1285;013395105;CATEGORIA0;;1;1;0;1;;JUNTAS REPARAÇÃO;JUNTAS REPARAÇÃO;0;;
9;1285;01-33951-07;1285;013395107;CATEGORIA0;;1;1;0;1;;JUNTAS REPARAÇÃO;JUNTAS REPARAÇÃO;0;;
9;1285;01-33951-10;1285;013395110;CATEGORIA0;;1;1;0;1;;JG. JUNTAS;JG. JUNTAS;0;;
9;1285;01-33956-05;1285;013395605;CATEGORIA0;;1;1;0;1;;JG. JUNTAS MOTOR;JG. JUNTAS MOTOR;0;;
9;1285;01-33965-02;1285;013396502;CATEGORIA0;;1;1;0;1;;JUNTAS REPARAÇÃO;JUNTAS REPARAÇÃO;0;;
9;1285;01-34110-01;1285;013411001;CATEGORIA0;;1;1;0;1;;JG. JUNTAS;JG. JUNTAS;0;;
9;1285;01-34185-01;1285;013418501;CATEGORIA0;;1;1;0;1;;JUNTAS REPARAÇÃO;JUNTAS REPARAÇÃO;0;;
9;1285;01-34245-01;1285;013424501;CATEGORIA0;;1;1;0;1;;JUNTAS REPARAÇÃO;JUNTAS REPARAÇÃO;0;;
9;1285;01-34280-01;1285;013428001;CATEGORIA0;;1;1;0;1;;JUNTAS REPARAÇÃO;JUNTAS REPARAÇÃO;0;;
9;1285;01-34356-01;1285;013435601;CATEGORIA0;;1;1;0;1;;JUNTAS REPARAÇÃO;JUNTAS REPARAÇÃO;0;;
9;1285;01-34398-01;1285;013439801;CATEGORIA0;;1;1;0;1;;JUNTAS REPARAÇÃO;JUNTAS REPARAÇÃO;0;;
9;1285;01-34404-01;1285;013440401;CATEGORIA0;;1;1;0;1;;JUNTAS REPARAÇÃO;JUNTAS REPARAÇÃO;0;;
9;1285;01-35040-01;1285;013504001;CATEGORIA0;;1;1;0;1;;JUNTAS REPARAÇÃO;JUNTAS REPARAÇÃO;0;;
9;1285;01-35040-02;1285;013504002;CATEGORIA0;;1;1;0;1;;JUNTAS REPARAÇÃO;JUNTAS REPARAÇÃO;0;;
9;1285;01-35115-01;1285;013511501;CATEGORIA0;;1;1;0;1;;JG JUNTAS COMPLETO;JG JUNTAS COMPLETO;0;;
9;1285;01-35160-01;1285;013516001;CATEGORIA0;;1;1;0;1;;JUNTAS REPARAÇÃO;JUNTAS REPARAÇÃO;0;;
9;1285;01-35343-01;1285;013534301;CATEGORIA0;;1;1;0;1;;JUNTAS REPARAÇÃO;JUNTAS REPARAÇÃO;0;;
9;1285;01-35343-02;1285;013534302;CATEGORIA0;;1;1;0;1;;JUNTAS REPARAÇÃO;JUNTAS REPARAÇÃO;0;;
9;1285;01-35440-01;1285;013544001;CATEGORIA0;;1;1;0;1;;JUNTAS REPARAÇÃO;JUNTAS REPARAÇÃO;0;;
9;1285;01-35484-01;1285;013548401;CATEGORIA0;;1;1;0;1;;JG. JUNTAS COMP.;JG. JUNTAS COMP.;0;;
9;1285;01-35542-02;1285;013554202;CATEGORIA0;;1;1;0;1;;JUNTAS REPARAÇÃO;JUNTAS REPARAÇÃO;0;;
9;1285;01-35565-01;1285;013556501;CATEGORIA0;;1;1;0;1;;JUNTAS REPARAÇÃO;JUNTAS REPARAÇÃO;0;;
9;1285;01-35575-01;1285;013557501;CATEGORIA0;;1;1;0;1;;JUNTAS REPARAÇÃO;JUNTAS REPARAÇÃO;0;;
9;1285;01-35585-01;1285;013558501;CATEGORIA0;;1;1;0;1;;JG. JUNTAS;JG. JUNTAS;0;;
9;1285;01-35615-01;1285;013561501;CATEGORIA0;;1;1;0;1;;JUNTAS REPARAÇÃO;JUNTAS REPARAÇÃO;0;;
9;1285;01-35638-01;1285;013563801;CATEGORIA0;;1;1;0;1;;JUNTAS REPARAÇÃO;JUNTAS REPARAÇÃO;0;;
9;1285;01-35638-02;1285;013563802;CATEGORIA0;;1;1;0;1;;JUNTAS REPARAÇÃO;JUNTAS REPARAÇÃO;0;;
9;1285;01-35695-01;1285;013569501;CATEGORIA0;;1;1;0;1;;JUNTAS REPARAÇÃO;JUNTAS REPARAÇÃO;0;;
9;1285;01-35745-01;1285;013574501;CATEGORIA0;;1;1;0;1;;JUNTAS REPARAÇÃO;JUNTAS REPARAÇÃO;0;;
9;1285;01-35770-02;1285;013577002;CATEGORIA0;;1;1;0;1;;JUNTAS REPARAÇÃO;JUNTAS REPARAÇÃO;0;;
9;1285;01-35969-01;1285;013596901;CATEGORIA0;;1;1;0;1;;JUNTAS REPARAÇÃO;JUNTAS REPARAÇÃO;0;;
9;1285;01-36571-01;1285;013657101;CATEGORIA0;;1;1;0;1;;JUNTAS REPARAÇÃO;JUNTAS REPARAÇÃO;0;;
9;1285;01-36885-01;1285;013688501;CATEGORIA0;;1;1;0;1;;JUNTAS REPARAÇÃO;JUNTAS REPARAÇÃO;0;;
9;1285;01-36885-06;1285;013688506;CATEGORIA0;;1;1;0;1;;JUNTAS REPARAÇÃO;JUNTAS REPARAÇÃO;0;;
9;1285;01-37045-01;1285;013704501;CATEGORIA0;;1;1;0;1;;JG JUNTAS;JG JUNTAS;0;;
9;1285;01-37045-03;1285;013704503;CATEGORIA0;;1;1;0;1;;JUNTAS REPARAÇÃO;JUNTAS REPARAÇÃO;0;;
9;1285;01-37551-01;1285;013755101;CATEGORIA0;;1;1;0;1;;JUNTAS REPARAÇÃO;JUNTAS REPARAÇÃO;0;;
9;1285;01-37555-01;1285;013755501;CATEGORIA0;;1;1;0;1;;JUNTAS REPARAÇÃO;JUNTAS REPARAÇÃO;0;;
9;1285;01-37560-01;1285;013756001;CATEGORIA0;;1;1;0;1;;JUNTAS REPARAÇÃO;JUNTAS REPARAÇÃO;0;;
9;1285;01-37875-02;1285;013787502;CATEGORIA0;;1;1;0;1;;JUNTAS REPARAÇÃO;JUNTAS REPARAÇÃO;0;;
9;1285;01-42015-01;1285;014201501;CATEGORIA0;;1;1;0;1;;JG. JUNTAS COMPLETO;JG. JUNTAS COMPLETO;0;;
9;1285;01-42135-01;1285;014213501;CATEGORIA0;;1;1;0;1;;JUNTAS REPARAÇÃO;JUNTAS REPARAÇÃO;0;;
9;1285;01-50919-06;1285;015091906;CATEGORIA0;;1;1;0;1;;JG. JUNTAS COMPLETO;JG. JUNTAS COMPLETO;0;;
9;1285;01-50919-08;1285;015091908;CATEGORIA0;;1;1;0;1;;JG. JUNTAS COMPLETO;JG. JUNTAS COMPLETO;0;;
9;1285;01-52125-01;1285;015212501;CATEGORIA0;;1;1;0;1;;JUNTAS REPARAÇÃO;JUNTAS REPARAÇÃO;0;;
9;1285;01-52133-03;1285;015213303;CATEGORIA0;;1;1;0;1;;JUNTAS REPARAÇÃO;JUNTAS REPARAÇÃO;0;;
9;1285;01-52134-02;1285;015213402;CATEGORIA0;;1;1;0;1;;JUNTAS REPARAÇÃO;JUNTAS REPARAÇÃO;0;;
9;1285;01-52134-03;1285;015213403;CATEGORIA0;;1;1;0;1;;JUNTAS REPARAÇÃO;JUNTAS REPARAÇÃO;0;;
9;1285;01-52136-01;1285;015213601;CATEGORIA0;;1;1;0;1;;JUNTAS REPARAÇÃO;JUNTAS REPARAÇÃO;0;;
9;1285;01-52141-01;1285;015214101;CATEGORIA0;;1;1;0;1;;JUNTAS REPARAÇÃO;JUNTAS REPARAÇÃO;0;;
9;1285;01-52141-02;1285;015214102;CATEGORIA0;;1;1;0;1;;JUNTAS REPARAÇÃO;JUNTAS REPARAÇÃO;0;;
9;1285;01-52148-01;1285;015214801;CATEGORIA0;;1;1;0;1;;JUNTAS REPARAÇÃO;JUNTAS REPARAÇÃO;0;;
9;1285;01-52160-01;1285;015216001;CATEGORIA0;;1;1;0;1;;JG. JUNTAS;JG. JUNTAS;0;;
9;1285;01-52170-01;1285;015217001;CATEGORIA0;;1;1;0;1;;JUNTAS REPARAÇÃO;JUNTAS REPARAÇÃO;0;;
9;1285;01-52244-01;1285;015224401;CATEGORIA0;;1;1;0;1;;JOGO JUNTAS COMPL.;JOGO JUNTAS COMPL.;0;;
9;1285;01-52247-01;1285;015224701;CATEGORIA0;;1;1;0;1;;JUNTAS REPARAÇÃO;JUNTAS REPARAÇÃO;0;;
9;1285;01-52252-01;1285;015225201;CATEGORIA0;;1;1;0;1;;JG. JUNTAS COMPLETO;JG. JUNTAS COMPLETO;0;;
9;1285;01-52252-02;1285;015225202;CATEGORIA0;;1;1;0;1;;JUNTAS REPARAÇÃO;JUNTAS REPARAÇÃO;0;;
9;1285;01-52252-03;1285;015225203;CATEGORIA0;;1;1;0;1;;JG. JUNTAS REPARAÇÃO;JG. JUNTAS REPARAÇÃO;0;;
9;1285;01-52255-03;1285;015225503;CATEGORIA0;;1;1;0;1;;JUNTAS REPARAÇÃO;JUNTAS REPARAÇÃO;0;;
9;1285;01-52275-01;1285;015227501;CATEGORIA0;;1;1;0;1;;JUNTAS REPARAÇÃO;JUNTAS REPARAÇÃO;0;;
9;1285;01-52305-03;1285;015230503;CATEGORIA0;;1;1;0;1;;JUNTAS REPARAÇÃO;JUNTAS REPARAÇÃO;0;;
9;1285;01-52330-02;1285;015233002;CATEGORIA0;;1;1;0;1;;JUNTAS REPARAÇÃO;JUNTAS REPARAÇÃO;0;;
9;1285;01-52355-01;1285;015235501;CATEGORIA0;;1;1;0;1;;JUNTAS REPARAÇÃO;JUNTAS REPARAÇÃO;0;;
9;1285;01-52355-02;1285;015235502;CATEGORIA0;;1;1;0;1;;JUNTAS REPARAÇÃO;JUNTAS REPARAÇÃO;0;;
9;1285;01-52380-01;1285;015238001;CATEGORIA0;;1;1;0;1;;JUNTAS REPARAÇÃO;JUNTAS REPARAÇÃO;0;;
9;1285;01-52405-01;1285;015240501;CATEGORIA0;;1;1;0;1;;JUNTAS REPARAÇÃO;JUNTAS REPARAÇÃO;0;;
9;1285;01-52410-01;1285;015241001;CATEGORIA0;;1;1;0;1;;JUNTAS COMPLETO;JUNTAS COMPLETO;0;;
9;1285;01-52414-01;1285;015241401;CATEGORIA0;;1;1;0;1;;JG. JUNTAS COMPLETO;JG. JUNTAS COMPLETO;0;;
9;1285;01-52414-02;1285;015241402;CATEGORIA0;;1;1;0;1;;JUNTAS REPARAÇÃO;JUNTAS REPARAÇÃO;0;;
9;1285;01-52440-03;1285;015244003;CATEGORIA0;;1;1;0;1;;JG. JUNTAS COMPLETO;JG. JUNTAS COMPLETO;0;;
9;1285;01-52445-01;1285;015244501;CATEGORIA0;;1;1;0;1;;JG. JUNTAS;JG. JUNTAS;0;;
9;1285;01-52475-02;1285;015247502;CATEGORIA0;;1;1;0;1;;JUNTAS REPARAÇÃO;JUNTAS REPARAÇÃO;0;;
9;1285;01-52485-01;1285;015248501;CATEGORIA0;;1;1;0;1;;JUNTAS REPARAÇÃO;JUNTAS REPARAÇÃO;0;;
9;1285;01-52490-02;1285;015249002;CATEGORIA0;;1;1;0;1;;JUNTAS REPARAÇÃO;JUNTAS REPARAÇÃO;0;;
9;1285;01-52517-02;1285;015251702;CATEGORIA0;;1;1;0;1;;JUNTAS REPARAÇÃO;JUNTAS REPARAÇÃO;0;;
9;1285;01-52550-02;1285;015255002;CATEGORIA0;;1;1;0;1;;JUNTAS REPARAÇÃO;JUNTAS REPARAÇÃO;0;;
9;1285;01-52560-03;1285;015256003;CATEGORIA0;;1;1;0;1;;JG. JUNTAS;JG. JUNTAS;0;;
9;1285;01-52573-01;1285;015257301;CATEGORIA0;;1;1;0;1;;JUNTAS REPARAÇÃO;JUNTAS REPARAÇÃO;0;;
9;1285;01-52585-01;1285;015258501;CATEGORIA0;;1;1;0;1;;JUNTAS REPARAÇÃO;JUNTAS REPARAÇÃO;0;;
9;1285;01-52597-01;1285;015259701;CATEGORIA0;;1;1;0;1;;JUNTAS REPARAÇÃO;JUNTAS REPARAÇÃO;0;;
9;1285;01-52620-02;1285;015262002;CATEGORIA0;;1;1;0;1;;JUNTAS REPARAÇÃO;JUNTAS REPARAÇÃO;0;;
9;1285;01-52630-01;1285;015263001;CATEGORIA0;;1;1;0;1;;JG. JUNTAS;JG. JUNTAS;0;;
9;1285;01-52645-01;1285;015264501;CATEGORIA0;;1;1;0;1;;JUNTAS REPARAÇÃO;JUNTAS REPARAÇÃO;0;;
9;1285;01-52675-01;1285;015267501;CATEGORIA0;;1;1;0;1;;JG. JUNTAS COMPLETO;JG. JUNTAS COMPLETO;0;;
9;1285;01-52685-01;1285;015268501;CATEGORIA0;;1;1;0;1;;JUNTAS REPARAÇÃO;JUNTAS REPARAÇÃO;0;;
9;1285;01-52690-01;1285;015269001;CATEGORIA0;;1;1;0;1;;JUNTAS REPARAÇÃO;JUNTAS REPARAÇÃO;0;;
9;1285;01-52717-01;1285;015271701;CATEGORIA0;;1;1;0;1;;JUNTAS REPARAÇÃO;JUNTAS REPARAÇÃO;0;;
9;1285;01-52735-01;1285;015273501;CATEGORIA0;;1;1;0;1;;JG. JUNTAS COMPLETO;JG. JUNTAS COMPLETO;0;;
9;1285;01-52740-01;1285;015274001;CATEGORIA0;;1;1;0;1;;JUNTAS REPARAÇÃO;JUNTAS REPARAÇÃO;0;;
9;1285;01-52745-01;1285;015274501;CATEGORIA0;;1;1;0;1;;JOGO JUNTAS COMPL.RD28T;JOGO JUNTAS COMPL.RD28T;0;;
9;1285;01-52750-01;1285;015275001;CATEGORIA0;;1;1;0;1;;JUNTAS REPARAÇÃO;JUNTAS REPARAÇÃO;0;;
9;1285;01-52750-02;1285;015275002;CATEGORIA0;;1;1;0;1;;JUNTAS REPARAÇÃO;JUNTAS REPARAÇÃO;0;;
9;1285;01-52750-03;1285;015275003;CATEGORIA0;;1;1;0;1;;JUNTAS REPARAÇÃO;JUNTAS REPARAÇÃO;0;;
9;1285;01-52755-01;1285;015275501;CATEGORIA0;;1;1;0;1;;JUNTAS REPARAÇÃO;JUNTAS REPARAÇÃO;0;;
9;1285;01-52763-01;1285;015276301;CATEGORIA0;;1;1;0;1;;JUNTAS REPARAÇÃO;JUNTAS REPARAÇÃO;0;;
9;1285;01-52780-01;1285;015278001;CATEGORIA0;;1;1;0;1;;JG. JUNTAS;JG. JUNTAS;0;;
9;1285;01-52795-01;1285;015279501;CATEGORIA0;;1;1;0;1;;JUNTAS REPARAÇÃO;JUNTAS REPARAÇÃO;0;;
9;1285;01-52840-01;1285;015284001;CATEGORIA0;;1;1;0;1;;JUNTAS REPARAÇÃO;JUNTAS REPARAÇÃO;0;;
9;1285;01-52845-01;1285;015284501;CATEGORIA0;;1;1;0;1;;JUNTAS REPARAÇÃO;JUNTAS REPARAÇÃO;0;;
9;1285;01-52865-01;1285;015286501;CATEGORIA0;;1;1;0;1;;JUNTAS REPARAÇÃO;JUNTAS REPARAÇÃO;0;;
9;1285;01-52870-01;1285;015287001;CATEGORIA0;;1;1;0;1;;JUNTAS REPARAÇÃO;JUNTAS REPARAÇÃO;0;;
9;1285;01-52870-02;1285;015287002;CATEGORIA0;;1;1;0;1;;JUNTAS REPARAÇÃO;JUNTAS REPARAÇÃO;0;;
9;1285;01-52875-07;1285;015287507;CATEGORIA0;;1;1;0;1;;JUNTAS REPARAÇÃO;JUNTAS REPARAÇÃO;0;;
9;1285;01-52885-01;1285;015288501;CATEGORIA0;;1;1;0;1;;JUNTAS REPARAÇÃO;JUNTAS REPARAÇÃO;0;;
9;1285;01-52898-01;1285;015289801;CATEGORIA0;;1;1;0;1;;JG. JUNTAS COMPLETO;JG. JUNTAS COMPLETO;0;;
9;1285;01-52898-02;1285;015289802;CATEGORIA0;;1;1;0;1;;JG. JUNTAS COMPLETO;JG. JUNTAS COMPLETO;0;;
9;1285;01-52925-01;1285;015292501;CATEGORIA0;;1;1;0;1;;JUNTAS REPARAÇÃO;JUNTAS REPARAÇÃO;0;;
9;1285;01-52929-01;1285;015292901;CATEGORIA0;;1;1;0;1;;JUNTAS REPARAÇÃO;JUNTAS REPARAÇÃO;0;;
9;1285;01-52929-02;1285;015292902;CATEGORIA0;;1;1;0;1;;JUNTAS REPARAÇÃO;JUNTAS REPARAÇÃO;0;;
9;1285;01-52935-01;1285;015293501;CATEGORIA0;;1;1;0;1;;JUNTAS REPARAÇÃO;JUNTAS REPARAÇÃO;0;;
9;1285;01-52937-01;1285;015293701;CATEGORIA0;;1;1;0;1;;JUNTAS REPARAÇÃO;JUNTAS REPARAÇÃO;0;;
9;1285;01-52980-01;1285;015298001;CATEGORIA0;;1;1;0;1;;JUNTAS REPARAÇÃO;JUNTAS REPARAÇÃO;0;;
9;1285;01-52988-01;1285;015298801;CATEGORIA0;;1;1;0;1;;JUNTAS REPARAÇÃO;JUNTAS REPARAÇÃO;0;;
9;1285;01-52989-01;1285;015298901;CATEGORIA0;;1;1;0;1;;JUNTAS REPARAÇÃO;JUNTAS REPARAÇÃO;0;;
9;1285;01-53005-01;1285;015300501;CATEGORIA0;;1;1;0;1;;JUNTAS REPARAÇÃO;JUNTAS REPARAÇÃO;0;;
9;1285;01-53010-01;1285;015301001;CATEGORIA0;;1;1;0;1;;JUNTAS REPARAÇÃO;JUNTAS REPARAÇÃO;0;;
9;1285;01-53050-01;1285;015305001;CATEGORIA0;;1;1;0;1;;JUNTAS REPARAÇÃO;JUNTAS REPARAÇÃO;0;;
9;1285;01-53055-01;1285;015305501;CATEGORIA0;;1;1;0;1;;JUNTAS REPARAÇÃO;JUNTAS REPARAÇÃO;0;;
9;1285;01-53065-01;1285;015306501;CATEGORIA0;;1;1;0;1;;JG. JUNTAS COMPLETO;JG. JUNTAS COMPLETO;0;;
9;1285;01-53098-01;1285;015309801;CATEGORIA0;;1;1;0;1;;JUNTAS REPARAÇÃO;JUNTAS REPARAÇÃO;0;;
9;1285;01-53098-02;1285;015309802;CATEGORIA0;;1;1;0;1;;JUNTAS REPARAÇÃO;JUNTAS REPARAÇÃO;0;;
9;1285;01-53101-01;1285;015310101;CATEGORIA0;;1;1;0;1;;JUNTAS REPARAÇÃO;JUNTAS REPARAÇÃO;0;;
9;1285;01-53115-01;1285;015311501;CATEGORIA0;;1;1;0;1;;JG. JUNTAS COMP.;JG. JUNTAS COMP.;0;;
9;1285;01-53135-01;1285;015313501;CATEGORIA0;;1;1;0;1;;JUNTAS REPARAÇÃO;JUNTAS REPARAÇÃO;0;;
9;1285;01-53140-01;1285;015314001;CATEGORIA0;;1;1;0;1;;JG. JUNTAS COMP.;JG. JUNTAS COMP.;0;;
9;1285;01-53146-01;1285;015314601;CATEGORIA0;;1;1;0;1;;JG JUNTAS REPARAÇÃO;JG JUNTAS REPARAÇÃO;0;;
9;1285;01-53147-01;1285;015314701;CATEGORIA0;;1;1;0;1;;JG. JUNTAS COMP.;JG. JUNTAS COMP.;0;;
9;1285;01-53147-02;1285;015314702;CATEGORIA0;;1;1;0;1;;JUNTAS REPARAÇÃO;JUNTAS REPARAÇÃO;0;;
9;1285;01-53155-01;1285;015315501;CATEGORIA0;;1;1;0;1;;JUNTAS REPARAÇÃO;JUNTAS REPARAÇÃO;0;;
9;1285;01-53175-02;1285;015317502;CATEGORIA0;;1;1;0;1;;JUNTAS REPARAÇÃO;JUNTAS REPARAÇÃO;0;;
9;1285;01-53194-01;1285;015319401;CATEGORIA0;;1;1;0;1;;JUNTAS REPARAÇÃO;JUNTAS REPARAÇÃO;0;;
9;1285;01-53199-01;1285;015319901;CATEGORIA0;;1;1;0;1;;JUNTAS REPARAÇÃO;JUNTAS REPARAÇÃO;0;;
9;1285;01-53210-01;1285;015321001;CATEGORIA0;;1;1;0;1;;JUNTAS REPARAÇÃO;JUNTAS REPARAÇÃO;0;;
9;1285;01-53225-01;1285;015322501;CATEGORIA0;;1;1;0;1;;JUNTAS REPARAÇÃO;JUNTAS REPARAÇÃO;0;;
9;1285;01-53225-03;1285;015322503;CATEGORIA0;;1;1;0;1;;JUNTAS REPARAÇÃO;JUNTAS REPARAÇÃO;0;;
9;1285;01-53275-01;1285;015327501;CATEGORIA0;;1;1;0;1;;JUNTAS REPARAÇÃO;JUNTAS REPARAÇÃO;0;;
9;1285;01-53280-01;1285;015328001;CATEGORIA0;;1;1;0;1;;JUNTAS REPARAÇÃO;JUNTAS REPARAÇÃO;0;;
9;1285;01-53300-01;1285;015330001;CATEGORIA0;;1;1;0;1;;JUNTAS REPARAÇÃO;JUNTAS REPARAÇÃO;0;;
9;1285;01-53305-01;1285;015330501;CATEGORIA0;;1;1;0;1;;JUNTAS REPARAÇÃO;JUNTAS REPARAÇÃO;0;;
9;1285;01-53345-01;1285;015334501;CATEGORIA0;;1;1;0;1;;JUNTAS REPARAÇÃO;JUNTAS REPARAÇÃO;0;;
9;1285;01-53355-01;1285;015335501;CATEGORIA0;;1;1;0;1;;JUNTAS REPARAÇÃO;JUNTAS REPARAÇÃO;0;;
9;1285;01-53360-01;1285;015336001;CATEGORIA0;;1;1;0;1;;JUNTAS REPARAÇÃO;JUNTAS REPARAÇÃO;0;;
9;1285;01-53370-01;1285;015337001;CATEGORIA0;;1;1;0;1;;JUNTAS REPARAÇÃO;JUNTAS REPARAÇÃO;0;;
9;1285;01-53370-02;1285;015337002;CATEGORIA0;;1;1;0;1;;JUNTAS REPARAÇÃO;JUNTAS REPARAÇÃO;0;;
9;1285;01-53395-01;1285;015339501;CATEGORIA0;;1;1;0;1;;JUNTAS REPARAÇÃO;JUNTAS REPARAÇÃO;0;;
9;1285;01-53425-01;1285;015342501;CATEGORIA0;;1;1;0;1;;JUNTAS REPARAÇÃO;JUNTAS REPARAÇÃO;0;;
9;1285;01-53447-01;1285;015344701;CATEGORIA0;;1;1;0;1;;JUNTAS REPARAÇÃO;JUNTAS REPARAÇÃO;0;;
9;1285;01-53448-01;1285;015344801;CATEGORIA0;;1;1;0;1;;JUNTAS REPARAÇÃO;JUNTAS REPARAÇÃO;0;;
9;1285;01-53450-01;1285;015345001;CATEGORIA0;;1;1;0;1;;JUNTAS REPARAÇÃO;JUNTAS REPARAÇÃO;0;;
9;1285;01-53470-02;1285;015347002;CATEGORIA0;;1;1;0;1;;JUNTAS REPARAÇÃO;JUNTAS REPARAÇÃO;0;;
9;1285;01-53470-03;1285;015347003;CATEGORIA0;;1;1;0;1;;JUNTAS REPARAÇÃO;JUNTAS REPARAÇÃO;0;;
9;1285;01-53470-04;1285;015347004;CATEGORIA0;;1;1;0;1;;JUNTAS REPARAÇÃO;JUNTAS REPARAÇÃO;0;;
9;1285;01-53496-01;1285;015349601;CATEGORIA0;;1;1;0;1;;JUNTAS REPARAÇÃO;JUNTAS REPARAÇÃO;0;;
9;1285;01-53558-01;1285;015355801;CATEGORIA0;;1;1;0;1;;JUNTAS REPARAÇÃO;JUNTAS REPARAÇÃO;0;;
9;1285;01-53559-01;1285;015355901;CATEGORIA0;;1;1;0;1;;JUNTAS REPARAÇÃO;JUNTAS REPARAÇÃO;0;;
9;1285;01-53583-01;1285;015358301;CATEGORIA0;;1;1;0;1;;JUNTAS REPARAÇÃO;JUNTAS REPARAÇÃO;0;;
9;1285;01-53585-01;1285;015358501;CATEGORIA0;;1;1;0;1;;JUNTAS REPARAÇÃO;JUNTAS REPARAÇÃO;0;;
9;1285;01-53585-02;1285;015358502;CATEGORIA0;;1;1;0;1;;JUNTAS REPARAÇÃO;JUNTAS REPARAÇÃO;0;;
9;1285;01-53585-04;1285;015358504;CATEGORIA0;;1;1;0;1;;JUNTAS REPARAÇÃO;JUNTAS REPARAÇÃO;0;;
9;1285;01-53619-01;1285;015361901;CATEGORIA0;;1;1;0;1;;JUNTAS REPARAÇÃO;JUNTAS REPARAÇÃO;0;;
9;1285;01-53675-01;1285;015367501;CATEGORIA0;;1;1;0;1;;JG. JUNTAS COMP.;JG. JUNTAS COMP.;0;;
9;1285;01-53694-01;1285;015369401;CATEGORIA0;;1;1;0;1;;JUNTAS REPARAÇÃO;JUNTAS REPARAÇÃO;0;;
9;1285;01-53727-01;1285;015372701;CATEGORIA0;;1;1;0;1;;JUNTAS REPARAÇÃO;JUNTAS REPARAÇÃO;0;;
9;1285;01-53739-01;1285;015373901;CATEGORIA0;;1;1;0;1;;JUNTAS REPARAÇÃO;JUNTAS REPARAÇÃO;0;;
9;1285;01-53749-01;1285;015374901;CATEGORIA0;;1;1;0;1;;JUNTAS REPARAÇÃO;JUNTAS REPARAÇÃO;0;;
9;1285;01-53865-01;1285;015386501;CATEGORIA0;;1;1;0;1;;JUNTAS REPARAÇÃO;JUNTAS REPARAÇÃO;0;;
9;1285;01-53930-01;1285;015393001;CATEGORIA0;;1;1;0;1;;JUNTAS REPARAÇÃO;JUNTAS REPARAÇÃO;0;;
9;1285;01-53940-01;1285;015394001;CATEGORIA0;;1;1;0;1;;JUNTAS REPARAÇÃO;JUNTAS REPARAÇÃO;0;;
9;1285;01-53950-01;1285;015395001;CATEGORIA0;;1;1;0;1;;JUNTAS REPARAÇÃO;JUNTAS REPARAÇÃO;0;;
9;1285;01-53960-01;1285;015396001;CATEGORIA0;;1;1;0;1;;JUNTAS REPARAÇÃO;JUNTAS REPARAÇÃO;0;;
9;1285;01-53990-01;1285;015399001;CATEGORIA0;;1;1;0;1;;JUNTAS REPARAÇÃO;JUNTAS REPARAÇÃO;0;;
9;1285;01-54011-01;1285;015401101;CATEGORIA0;;1;1;0;1;;JUNTAS REPARAÇÃO;JUNTAS REPARAÇÃO;0;;
9;1285;01-54027-02;1285;015402702;CATEGORIA0;;1;1;0;1;;JUNTAS REPARAÇÃO;JUNTAS REPARAÇÃO;0;;
9;1285;01-54095-01;1285;015409501;CATEGORIA0;;1;1;0;1;;JUNTAS REPARAÇÃO;JUNTAS REPARAÇÃO;0;;
9;1285;01-54117-01;1285;015411701;CATEGORIA0;;1;1;0;1;;JUNTAS REPARAÇÃO;JUNTAS REPARAÇÃO;0;;
9;1285;01-54225-02;1285;015422502;CATEGORIA0;;1;1;0;1;;JUNTAS REPARAÇÃO;JUNTAS REPARAÇÃO;0;;
9;1285;02-10002-01;1285;021000201;CATEGORIA0;;1;1;0;1;;JUNTAS DESCARBONIZAÇÃO;JUNTAS DESCARBONIZAÇÃO;0;;
9;1285;02-10004-01;1285;021000401;CATEGORIA0;;1;1;0;1;;JUNTAS DESCARBONIZAÇÃO;JUNTAS DESCARBONIZAÇÃO;0;;
9;1285;02-10004-02;1285;021000402;CATEGORIA0;;1;1;0;1;;JUNTAS DESCARBONIZAÇÃO;JUNTAS DESCARBONIZAÇÃO;0;;
9;1285;02-10009-01;1285;021000901;CATEGORIA0;;1;1;0;1;;JG JUNTAS;JG JUNTAS;0;;
9;1285;02-10017-01;1285;021001701;CATEGORIA0;;1;1;0;1;;JUNTAS DESCARBONIZAÇÃO;JUNTAS DESCARBONIZAÇÃO;0;;
9;1285;02-10018-02;1285;021001802;CATEGORIA0;;1;1;0;1;;JUNTAS DESCARBONIZAÇÃO;JUNTAS DESCARBONIZAÇÃO;0;;
9;1285;02-10027-01;1285;021002701;CATEGORIA0;;1;1;0;1;;JOGO DE JUNTAS DE DESCARBONIZAÇÃO;JOGO DE JUNTAS DE DESCARBONIZAÇÃO;0;;
9;1285;02-10049-01;1285;021004901;CATEGORIA0;;1;1;0;1;;JUNTAS DESCARBONIZAÇÃO;JUNTAS DESCARBONIZAÇÃO;0;;
9;1285;02-10136-01;1285;021013601;CATEGORIA0;;1;1;0;1;;JUNTAS DESCARBONIZAÇÃO;JUNTAS DESCARBONIZAÇÃO;0;;
9;1285;02-10136-02;1285;021013602;CATEGORIA0;;1;1;0;1;;JG JUNTAS DESCARBONIZAÇÃO;JG JUNTAS DESCARBONIZAÇÃO;0;;
9;1285;02-10506-02;1285;021050602;CATEGORIA0;;1;1;0;1;;JG JUNTAS DE DESCARBONIZAÇÃO;JG JUNTAS DE DESCARBONIZAÇÃO;0;;
9;1285;02-10856-02;1285;021085602;CATEGORIA0;;1;1;0;1;;JUNTAS DESCARBONIZAÇÃO;JUNTAS DESCARBONIZAÇÃO;0;;
9;1285;02-12453-01;1285;021245301;CATEGORIA0;;1;1;0;1;;JUNTAS DESCARBONIZAÇÃO;JUNTAS DESCARBONIZAÇÃO;0;;
9;1285;02-12540-02;1285;021254002;CATEGORIA0;;1;1;0;1;;JG. JUNTAS;JG. JUNTAS;0;;
9;1285;02-12947-07;1285;021294707;CATEGORIA0;;1;1;0;1;;JUNTAS DESCARBONIZAÇÃO;JUNTAS DESCARBONIZAÇÃO;0;;
9;1285;02-12947-08;1285;021294708;CATEGORIA0;;1;1;0;1;;JUNTAS DESCARBONIZAÇÃO;JUNTAS DESCARBONIZAÇÃO;0;;
9;1285;02-12990-02;1285;021299002;CATEGORIA0;;1;1;0;1;;JUNTAS DESCARBONIZAÇÃO;JUNTAS DESCARBONIZAÇÃO;0;;
9;1285;02-13018-04;1285;021301804;CATEGORIA0;;1;1;0;1;;JUNTAS DESCARBONIZAÇÃO;JUNTAS DESCARBONIZAÇÃO;0;;
9;1285;02-13020-04;1285;021302004;CATEGORIA0;;1;1;0;1;;JUNTAS DESCARBONIZAÇÃO;JUNTAS DESCARBONIZAÇÃO;0;;
9;1285;02-13020-05;1285;021302005;CATEGORIA0;;1;1;0;1;;JUNTAS DESCARBONIZAÇÃO;JUNTAS DESCARBONIZAÇÃO;0;;
9;1285;02-13045-01;1285;021304501;CATEGORIA0;;1;1;0;1;;JUNTAS DESCARBONIZAÇÃO;JUNTAS DESCARBONIZAÇÃO;0;;
9;1285;02-13063-02;1285;021306302;CATEGORIA0;;1;1;0;1;;JUNTAS DESCARBONIZAÇÃO;JUNTAS DESCARBONIZAÇÃO;0;;
9;1285;02-19231-01;1285;021923101;CATEGORIA0;;1;1;0;1;;JUNTAS DESCARBONIZAÇÃO;JUNTAS DESCARBONIZAÇÃO;0;;
9;1285;02-19654-04;1285;021965404;CATEGORIA0;;1;1;0;1;;JOGO JUNTAS DESCARBONIZAÇÃO;JOGO JUNTAS DESCARBONIZAÇÃO;0;;
9;1285;02-19654-05;1285;021965405;CATEGORIA0;;1;1;0;1;;JUNTAS DESCARBONIZAÇÃO;JUNTAS DESCARBONIZAÇÃO;0;;
9;1285;02-19799-01;1285;021979901;CATEGORIA0;;1;1;0;1;;JUNTAS DESC.;JUNTAS DESC.;0;;
9;1285;02-19975-16;1285;021997516;CATEGORIA0;;1;1;0;1;;JUNTAS DESCARBONIZAÇÃO;JUNTAS DESCARBONIZAÇÃO;0;;
9;1285;02-21995-04;1285;022199504;CATEGORIA0;;1;1;0;1;;JUNTAS DESCARBONIZAÇÃO;JUNTAS DESCARBONIZAÇÃO;0;;
9;1285;02-22760-05;1285;022276005;CATEGORIA0;;1;1;0;1;;JUNTAS DESCARBONIZAÇÃO;JUNTAS DESCARBONIZAÇÃO;0;;
9;1285;02-22810-03;1285;022281003;CATEGORIA0;;1;1;0;1;;JUNTAS DESCARBONIZAÇÃO;JUNTAS DESCARBONIZAÇÃO;0;;
9;1285;02-22930-06;1285;022293006;CATEGORIA0;;1;1;0;1;;JUNTAS DESCARBONIZAÇÃO;JUNTAS DESCARBONIZAÇÃO;0;;
9;1285;02-23115-02;1285;022311502;CATEGORIA0;;1;1;0;1;;JUNTAS DESCARBONIZAÇÃO;JUNTAS DESCARBONIZAÇÃO;0;;
9;1285;02-23120-02;1285;022312002;CATEGORIA0;;1;1;0;1;;JUNTAS DESCARBONIZAÇÃO;JUNTAS DESCARBONIZAÇÃO;0;;
9;1285;02-23125-05;1285;022312505;CATEGORIA0;;1;1;0;1;;JUNTAS DESCARBONIZAÇÃO;JUNTAS DESCARBONIZAÇÃO;0;;
9;1285;02-23307-02;1285;022330702;CATEGORIA0;;1;1;0;1;;JUNTAS DESCARBONIZAÇÃO;JUNTAS DESCARBONIZAÇÃO;0;;
9;1285;02-23326-04;1285;022332604;CATEGORIA0;;1;1;0;1;;JUNTAS DESCARBONIZAÇÃO;JUNTAS DESCARBONIZAÇÃO;0;;
9;1285;02-23805-05;1285;022380505;CATEGORIA0;;1;1;0;1;;JUNTAS DESCARBONIZAÇÃO;JUNTAS DESCARBONIZAÇÃO;0;;
9;1285;02-23860-05;1285;022386005;CATEGORIA0;;1;1;0;1;;JUNTAS DESCARBONIZAÇÃO;JUNTAS DESCARBONIZAÇÃO;0;;
9;1285;02-23865-07;1285;022386507;CATEGORIA0;;1;1;0;1;;JUNTAS DESCARBONIZAÇÃO;JUNTAS DESCARBONIZAÇÃO;0;;
9;1285;02-24050-06;1285;022405006;CATEGORIA0;;1;1;0;1;;JUNTAS DESCARBONIZAÇÃO;JUNTAS DESCARBONIZAÇÃO;0;;
9;1285;02-24060-05;1285;022406005;CATEGORIA0;;1;1;0;1;;JUNTAS DESCARBONIZAÇÃO;JUNTAS DESCARBONIZAÇÃO;0;;
9;1285;02-24110-04;1285;022411004;CATEGORIA0;;1;1;0;1;;JUNTAS DESCARBONIZAÇÃO;JUNTAS DESCARBONIZAÇÃO;0;;
9;1285;02-24125-05;1285;022412505;CATEGORIA0;;1;1;0;1;;JUNTAS DESCARBONIZAÇÃO;JUNTAS DESCARBONIZAÇÃO;0;;
9;1285;02-24145-03;1285;022414503;CATEGORIA0;;1;1;0;1;;JUNTAS DESCARBONIZAÇÃO;JUNTAS DESCARBONIZAÇÃO;0;;
9;1285;02-24150-05;1285;022415005;CATEGORIA0;;1;1;0;1;;JUNTAS DESCARBONIZAÇÃO;JUNTAS DESCARBONIZAÇÃO;0;;
9;1285;02-24155-05;1285;022415505;CATEGORIA0;;1;1;0;1;;JUNTAS DESCARBONIZAÇÃO;JUNTAS DESCARBONIZAÇÃO;0;;
9;1285;02-24160-08;1285;022416008;CATEGORIA0;;1;1;0;1;;JUNTAS DESCARBONIZAÇÃO;JUNTAS DESCARBONIZAÇÃO;0;;
9;1285;02-24160-09;1285;022416009;CATEGORIA0;;1;1;0;1;;JUNTAS DESCARBONIZAÇÃO;JUNTAS DESCARBONIZAÇÃO;0;;
9;1285;02-24170-04;1285;022417004;CATEGORIA0;;1;1;0;1;;JUNTAS DESCARBONIZAÇÃO;JUNTAS DESCARBONIZAÇÃO;0;;
9;1285;02-24170-05;1285;022417005;CATEGORIA0;;1;1;0;1;;JUNTAS DESCARBONIZAÇÃO;JUNTAS DESCARBONIZAÇÃO;0;;
9;1285;02-24185-04;1285;022418504;CATEGORIA0;;1;1;0;1;;JUNTAS DESCARBONIZAÇÃO;JUNTAS DESCARBONIZAÇÃO;0;;
9;1285;02-24185-05;1285;022418505;CATEGORIA0;;1;1;0;1;;JUNTAS DESCARBONIZAÇÃO;JUNTAS DESCARBONIZAÇÃO;0;;
9;1285;02-24190-18;1285;022419018;CATEGORIA0;;1;1;0;1;;JUNTAS DESCARBONIZAÇÃO;JUNTAS DESCARBONIZAÇÃO;0;;
9;1285;02-24190-21;1285;022419021;CATEGORIA0;;1;1;0;1;;JUNTAS DESCARBONIZAÇÃO;JUNTAS DESCARBONIZAÇÃO;0;;
9;1285;02-24190-22;1285;022419022;CATEGORIA0;;1;1;0;1;;JUNTAS DESCARBONIZAÇÃO;JUNTAS DESCARBONIZAÇÃO;0;;
9;1285;02-24190-23;1285;022419023;CATEGORIA0;;1;1;0;1;;JUNTAS DESCARBONIZAÇÃO;JUNTAS DESCARBONIZAÇÃO;0;;
9;1285;02-24190-26;1285;022419026;CATEGORIA0;;1;1;0;1;;JUNTAS DESCARBONIZAÇÃO;JUNTAS DESCARBONIZAÇÃO;0;;
9;1285;02-24190-27;1285;022419027;CATEGORIA0;;1;1;0;1;;JG JUNTAS;JG JUNTAS;0;;
9;1285;02-24200-11;1285;022420011;CATEGORIA0;;1;1;0;1;;JUNTAS DESCARBONIZAÇÃO;JUNTAS DESCARBONIZAÇÃO;0;;
9;1285;02-24200-13;1285;022420013;CATEGORIA0;;1;1;0;1;;JUNTAS DESCARBONIZAÇÃO;JUNTAS DESCARBONIZAÇÃO;0;;
9;1285;02-24215-03;1285;022421503;CATEGORIA0;;1;1;0;1;;JUNTAS DESCARBONIZAÇÃO;JUNTAS DESCARBONIZAÇÃO;0;;
9;1285;02-24260-08;1285;022426008;CATEGORIA0;;1;1;0;1;;JUNTAS DESCARBONIZAÇÃO;JUNTAS DESCARBONIZAÇÃO;0;;
9;1285;02-24265-04;1285;022426504;CATEGORIA0;;1;1;0;1;;JUNTAS DESCARBONIZAÇÃO;JUNTAS DESCARBONIZAÇÃO;0;;
9;1285;02-24335-04;1285;022433504;CATEGORIA0;;1;1;0;1;;JUNTAS DESCARBONIZAÇÃO;JUNTAS DESCARBONIZAÇÃO;0;;
9;1285;02-24465-05;1285;022446505;CATEGORIA0;;1;1;0;1;;JUNTAS DESCARBONIZAÇÃO;JUNTAS DESCARBONIZAÇÃO;0;;
9;1285;02-24465-06;1285;022446506;CATEGORIA0;;1;1;0;1;;JUNTAS DESCARBONIZAÇÃO;JUNTAS DESCARBONIZAÇÃO;0;;
9;1285;02-24555-02;1285;022455502;CATEGORIA0;;1;1;0;1;;JUNTAS DESCARBONIZAÇÃO;JUNTAS DESCARBONIZAÇÃO;0;;
9;1285;02-24840-05;1285;022484005;CATEGORIA0;;1;1;0;1;;JUNTAS DESCARBONIZAÇÃO;JUNTAS DESCARBONIZAÇÃO;0;;
9;1285;02-24840-07;1285;022484007;CATEGORIA0;;1;1;0;1;;JUNTAS DESCARBONIZAÇÃO;JUNTAS DESCARBONIZAÇÃO;0;;
9;1285;02-24885-04;1285;022488504;CATEGORIA0;;1;1;0;1;;JUNTAS DESC.;JUNTAS DESC.;0;;
9;1285;02-24885-05;1285;022488505;CATEGORIA0;;1;1;0;1;;J.JUNTAS;J.JUNTAS;0;;
9;1285;02-24960-03;1285;022496003;CATEGORIA0;;1;1;0;1;;JUNTAS DESCARBONIZAÇÃO;JUNTAS DESCARBONIZAÇÃO;0;;
9;1285;02-25075-03;1285;022507503;CATEGORIA0;;1;1;0;1;;JUNTAS DESCARBONIZAÇÃO;JUNTAS DESCARBONIZAÇÃO;0;;
9;1285;02-25080-02;1285;022508002;CATEGORIA0;;1;1;0;1;;JUNTAS DESCARBONIZAÇÃO;JUNTAS DESCARBONIZAÇÃO;0;;
9;1285;02-25090-01;1285;022509001;CATEGORIA0;;1;1;0;1;;JUNTAS DESCARBONIZAÇÃO;JUNTAS DESCARBONIZAÇÃO;0;;
9;1285;02-25095-02;1285;022509502;CATEGORIA0;;1;1;0;1;;JUNTAS DESCARBONIZAÇÃO;JUNTAS DESCARBONIZAÇÃO;0;;
9;1285;02-25230-16;1285;022523016;CATEGORIA0;;1;1;0;1;;JUNTAS DESCARBONIZAÇÃO;JUNTAS DESCARBONIZAÇÃO;0;;
9;1285;02-25290-05;1285;022529005;CATEGORIA0;;1;1;0;1;;JUNTAS DESCARBONIZAÇÃO;JUNTAS DESCARBONIZAÇÃO;0;;
9;1285;02-25295-12;1285;022529512;CATEGORIA0;;1;1;0;1;;JUNTAS DESCARBONIZAÇÃO;JUNTAS DESCARBONIZAÇÃO;0;;
9;1285;02-25300-02;1285;022530002;CATEGORIA0;;1;1;0;1;;JUNTAS DESCARBONIZAÇÃO;JUNTAS DESCARBONIZAÇÃO;0;;
9;1285;02-25385-02;1285;022538502;CATEGORIA0;;1;1;0;1;;JUNTAS DESCARBONIZAÇÃO;JUNTAS DESCARBONIZAÇÃO;0;;
9;1285;02-25415-03;1285;022541503;CATEGORIA0;;1;1;0;1;;JUNTAS DESCARBONIZAÇÃO;JUNTAS DESCARBONIZAÇÃO;0;;
9;1285;02-25415-05;1285;022541505;CATEGORIA0;;1;1;0;1;;JUNTAS DESCARBONIZAÇÃO;JUNTAS DESCARBONIZAÇÃO;0;;
9;1285;02-25415-07;1285;022541507;CATEGORIA0;;1;1;0;1;;JUNTAS DESCARBONIZAÇÃO;JUNTAS DESCARBONIZAÇÃO;0;;
9;1285;02-25502-03;1285;022550203;CATEGORIA0;;1;1;0;1;;JUNTAS DESCARBONIZAÇÃO;JUNTAS DESCARBONIZAÇÃO;0;;
9;1285;02-25540-02;1285;022554002;CATEGORIA0;;1;1;0;1;;JUNTAS DESCARBONIZAÇÃO;JUNTAS DESCARBONIZAÇÃO;0;;
9;1285;02-25745-14;1285;022574514;CATEGORIA0;;1;1;0;1;;JUNTAS DESCARBONIZAÇÃO;JUNTAS DESCARBONIZAÇÃO;0;;
9;1285;02-25745-16;1285;022574516;CATEGORIA0;;1;1;0;1;;JUNTAS DESCARBONIZAÇÃO;JUNTAS DESCARBONIZAÇÃO;0;;
9;1285;02-25745-20;1285;022574520;CATEGORIA0;;1;1;0;1;;JUNTAS DESCARBONIZAÇÃO;JUNTAS DESCARBONIZAÇÃO;0;;
9;1285;02-25745-22;1285;022574522;CATEGORIA0;;1;1;0;1;;JUNTAS DESCARBONIZAÇÃO;JUNTAS DESCARBONIZAÇÃO;0;;
9;1285;02-25805-02;1285;022580502;CATEGORIA0;;1;1;0;1;;JUNTAS DESCARBONIZAÇÃO;JUNTAS DESCARBONIZAÇÃO;0;;
9;1285;02-25835-06;1285;022583506;CATEGORIA0;;1;1;0;1;;JUNTAS DESCARBONIZAÇÃO;JUNTAS DESCARBONIZAÇÃO;0;;
9;1285;02-25840-08;1285;022584008;CATEGORIA0;;1;1;0;1;;JUNTAS DESCARBONIZAÇÃO;JUNTAS DESCARBONIZAÇÃO;0;;
9;1285;02-25895-02;1285;022589502;CATEGORIA0;;1;1;0;1;;JUNTAS DESCARBONIZAÇÃO;JUNTAS DESCARBONIZAÇÃO;0;;
9;1285;02-25942-04;1285;022594204;CATEGORIA0;;1;1;0;1;;JUNTAS DESCARBONIZAÇÃO;JUNTAS DESCARBONIZAÇÃO;0;;
9;1285;02-25942-05;1285;022594205;CATEGORIA0;;1;1;0;1;;JUNTAS DESCARBONIZAÇÃO;JUNTAS DESCARBONIZAÇÃO;0;;
9;1285;02-25942-06;1285;022594206;CATEGORIA0;;1;1;0;1;;JUNTAS DESCARBONIZAÇÃO;JUNTAS DESCARBONIZAÇÃO;0;;
9;1285;02-25985-04;1285;022598504;CATEGORIA0;;1;1;0;1;;JUNTAS DESCARBONIZAÇÃO;JUNTAS DESCARBONIZAÇÃO;0;;
9;1285;02-26015-03;1285;022601503;CATEGORIA0;;1;1;0;1;;JUNTAS DESCARBONIZAÇÃO;JUNTAS DESCARBONIZAÇÃO;0;;
9;1285;02-26015-04;1285;022601504;CATEGORIA0;;1;1;0;1;;JUNTAS DESCARBONIZAÇÃO;JUNTAS DESCARBONIZAÇÃO;0;;
9;1285;02-26059-03;1285;022605903;CATEGORIA0;;1;1;0;1;;JUNTAS DESCARBONIZAÇÃO;JUNTAS DESCARBONIZAÇÃO;0;;
9;1285;02-26059-04;1285;022605904;CATEGORIA0;;1;1;0;1;;JUNTAS DESCARBONIZAÇÃO;JUNTAS DESCARBONIZAÇÃO;0;;
9;1285;02-26220-04;1285;022622004;CATEGORIA0;;1;1;0;1;;JUNTAS DESCARBONIZAÇÃO;JUNTAS DESCARBONIZAÇÃO;0;;
9;1285;02-26237-01;1285;022623701;CATEGORIA0;;1;1;0;1;;JUNTAS DESCARBONIZAÇÃO;JUNTAS DESCARBONIZAÇÃO;0;;
9;1285;02-26245-02;1285;022624502;CATEGORIA0;;1;1;0;1;;JUNTAS DESCARBONIZAÇÃO;JUNTAS DESCARBONIZAÇÃO;0;;
9;1285;02-26255-07;1285;022625507;CATEGORIA0;;1;1;0;1;;JUNTAS DESCARBONIZAÇÃO;JUNTAS DESCARBONIZAÇÃO;0;;
9;1285;02-26391-03;1285;022639103;CATEGORIA0;;1;1;0;1;;JUNTAS DESCARBONIZAÇÃO;JUNTAS DESCARBONIZAÇÃO;0;;
9;1285;02-26391-07;1285;022639107;CATEGORIA0;;1;1;0;1;;JUNTAS DESCARBONIZAÇÃO;JUNTAS DESCARBONIZAÇÃO;0;;
9;1285;02-26515-04;1285;022651504;CATEGORIA0;;1;1;0;1;;JUNTAS DESCARBONIZAÇÃO;JUNTAS DESCARBONIZAÇÃO;0;;
9;1285;02-26515-05;1285;022651505;CATEGORIA0;;1;1;0;1;;JUNTAS DESCARBONIZAÇÃO;JUNTAS DESCARBONIZAÇÃO;0;;
9;1285;02-26520-04;1285;022652004;CATEGORIA0;;1;1;0;1;;JOGO JUNTAS DESC.;JOGO JUNTAS DESC.;0;;
9;1285;02-26539-01;1285;022653901;CATEGORIA0;;1;1;0;1;;JG JUNTAS;JG JUNTAS;0;;
9;1285;02-26570-06;1285;022657006;CATEGORIA0;;1;1;0;1;;JUNTAS DESCARBONIZAÇÃO;JUNTAS DESCARBONIZAÇÃO;0;;
9;1285;02-26570-07;1285;022657007;CATEGORIA0;;1;1;0;1;;JUNTAS DESCARBONIZAÇÃO;JUNTAS DESCARBONIZAÇÃO;0;;
9;1285;02-26775-02;1285;022677502;CATEGORIA0;;1;1;0;1;;JUNTAS DESCARBONIZAÇÃO;JUNTAS DESCARBONIZAÇÃO;0;;
9;1285;02-26845-02;1285;022684502;CATEGORIA0;;1;1;0;1;;JUNTAS DESCARBONIZAÇÃO;JUNTAS DESCARBONIZAÇÃO;0;;
9;1285;02-27005-06;1285;022700506;CATEGORIA0;;1;1;0;1;;JUNTAS DESCARBONIZAÇÃO;JUNTAS DESCARBONIZAÇÃO;0;;
9;1285;02-27035-03;1285;022703503;CATEGORIA0;;1;1;0;1;;JUNTAS DESC.;JUNTAS DESC.;0;;
9;1285;02-27141-02;1285;022714102;CATEGORIA0;;1;1;0;1;;JUNTAS DESCARBONIZAÇÃO;JUNTAS DESCARBONIZAÇÃO;0;;
9;1285;02-27180-02;1285;022718002;CATEGORIA0;;1;1;0;1;;JUNTAS DESCARBONIZAÇÃO;JUNTAS DESCARBONIZAÇÃO;0;;
9;1285;02-27200-02;1285;022720002;CATEGORIA0;;1;1;0;1;;JUNTAS DESCARBONIZAÇÃO;JUNTAS DESCARBONIZAÇÃO;0;;
9;1285;02-27215-02;1285;022721502;CATEGORIA0;;1;1;0;1;;JUNTAS DESCARBONIZAÇÃO;JUNTAS DESCARBONIZAÇÃO;0;;
9;1285;02-27215-03;1285;022721503;CATEGORIA0;;1;1;0;1;;JUNTAS DESCARBONIZAÇÃO;JUNTAS DESCARBONIZAÇÃO;0;;
9;1285;02-27215-04;1285;022721504;CATEGORIA0;;1;1;0;1;;JUNTAS DESCARBONIZAÇÃO;JUNTAS DESCARBONIZAÇÃO;0;;
9;1285;02-27215-05;1285;022721505;CATEGORIA0;;1;1;0;1;;JUNTAS DESCARBONIZAÇÃO;JUNTAS DESCARBONIZAÇÃO;0;;
9;1285;02-27270-04;1285;022727004;CATEGORIA0;;1;1;0;1;;JUNTAS DESC.;JUNTAS DESC.;0;;
9;1285;02-27270-06;1285;022727006;CATEGORIA0;;1;1;0;1;;JUNTAS DESCARBONIZAÇÃO;JUNTAS DESCARBONIZAÇÃO;0;;
9;1285;02-27270-08;1285;022727008;CATEGORIA0;;1;1;0;1;;JUNTAS DESCARBONIZAÇÃO;JUNTAS DESCARBONIZAÇÃO;0;;
9;1285;02-27275-03;1285;022727503;CATEGORIA0;;1;1;0;1;;JUNTAS DESCABONIZAÇAO;JUNTAS DESCABONIZAÇAO;0;;
9;1285;02-27275-04;1285;022727504;CATEGORIA0;;1;1;0;1;;JUNTAS DESCARBONIZAÇÃO;JUNTAS DESCARBONIZAÇÃO;0;;
9;1285;02-27335-02;1285;022733502;CATEGORIA0;;1;1;0;1;;JUNTAS DESCARBONIZAÇÃO;JUNTAS DESCARBONIZAÇÃO;0;;
9;1285;02-27340-05;1285;022734005;CATEGORIA0;;1;1;0;1;;JUNTAS DESCARBONIZAÇÃO;JUNTAS DESCARBONIZAÇÃO;0;;
9;1285;02-27430-01;1285;022743001;CATEGORIA0;;1;1;0;1;;JUNTAS DESCARBONIZAÇÃO;JUNTAS DESCARBONIZAÇÃO;0;;
9;1285;02-27435-01;1285;022743501;CATEGORIA0;;1;1;0;1;;JUNTAS DESCARBONIZAÇÃO;JUNTAS DESCARBONIZAÇÃO;0;;
9;1285;02-27435-02;1285;022743502;CATEGORIA0;;1;1;0;1;;JUNTAS DESCARBONIZAÇÃO;JUNTAS DESCARBONIZAÇÃO;0;;
9;1285;02-27685-03;1285;022768503;CATEGORIA0;;1;1;0;1;;JUNTAS DESCARBONIZAÇÃO;JUNTAS DESCARBONIZAÇÃO;0;;
9;1285;02-27815-02;1285;022781502;CATEGORIA0;;1;1;0;1;;JUNTAS DESCARBONIZAÇÃO;JUNTAS DESCARBONIZAÇÃO;0;;
9;1285;02-27820-01;1285;022782001;CATEGORIA0;;1;1;0;1;;JUNTAS DESCARBONIZAÇÃO;JUNTAS DESCARBONIZAÇÃO;0;;
9;1285;02-27820-02;1285;022782002;CATEGORIA0;;1;1;0;1;;JUNTAS DESCARBONIZAÇÃO;JUNTAS DESCARBONIZAÇÃO;0;;
9;1285;02-27830-01;1285;022783001;CATEGORIA0;;1;1;0;1;;JUNTAS DESCARBONIZAÇÃO;JUNTAS DESCARBONIZAÇÃO;0;;
9;1285;02-28025-02;1285;022802502;CATEGORIA0;;1;1;0;1;;JUNTAS DESCARBONIZAÇÃO;JUNTAS DESCARBONIZAÇÃO;0;;
9;1285;02-28025-03;1285;022802503;CATEGORIA0;;1;1;0;1;;JUNTAS DESCARBONIZAÇÃO;JUNTAS DESCARBONIZAÇÃO;0;;
9;1285;02-28025-04;1285;022802504;CATEGORIA0;;1;1;0;1;;JUNTAS DESCARBONIZAÇÃO;JUNTAS DESCARBONIZAÇÃO;0;;
9;1285;02-28025-05;1285;022802505;CATEGORIA0;;1;1;0;1;;JUNTAS DESCARBONIZAÇÃO;JUNTAS DESCARBONIZAÇÃO;0;;
9;1285;02-28135-01;1285;022813501;CATEGORIA0;;1;1;0;1;;JUNTAS DESCARBONIZAÇÃO;JUNTAS DESCARBONIZAÇÃO;0;;
9;1285;02-28135-02;1285;022813502;CATEGORIA0;;1;1;0;1;;JUNTAS DESCARBONIZAÇÃO;JUNTAS DESCARBONIZAÇÃO;0;;
9;1285;02-28135-03;1285;022813503;CATEGORIA0;;1;1;0;1;;JUNTAS DESCARBONIZAÇÃO;JUNTAS DESCARBONIZAÇÃO;0;;
9;1285;02-28185-01;1285;022818501;CATEGORIA0;;1;1;0;1;;JUNTAS DESCARBONIZAÇÃO;JUNTAS DESCARBONIZAÇÃO;0;;
9;1285;02-28235-01;1285;022823501;CATEGORIA0;;1;1;0;1;;JUNTAS DESCARBONIZAÇÃO;JUNTAS DESCARBONIZAÇÃO;0;;
9;1285;02-28290-01;1285;022829001;CATEGORIA0;;1;1;0;1;;JUNTAS DESCARBONIZAÇÃO;JUNTAS DESCARBONIZAÇÃO;0;;
9;1285;02-28290-02;1285;022829002;CATEGORIA0;;1;1;0;1;;JUNTAS DESCARBONIZAÇÃO;JUNTAS DESCARBONIZAÇÃO;0;;
9;1285;02-28352-01;1285;022835201;CATEGORIA0;;1;1;0;1;;JUNTAS DESCARBONIZAÇÃO;JUNTAS DESCARBONIZAÇÃO;0;;
9;1285;02-28352-02;1285;022835202;CATEGORIA0;;1;1;0;1;;JUNTAS DESCARBONIZAÇÃO;JUNTAS DESCARBONIZAÇÃO;0;;
9;1285;02-28352-06;1285;022835206;CATEGORIA0;;1;1;0;1;;JUNTAS DESCARBONIZAÇÃO;JUNTAS DESCARBONIZAÇÃO;0;;
9;1285;02-28485-02;1285;022848502;CATEGORIA0;;1;1;0;1;;JUNTAS DESCARBONIZAÇÃO;JUNTAS DESCARBONIZAÇÃO;0;;
9;1285;02-28485-03;1285;022848503;CATEGORIA0;;1;1;0;1;;JUNTAS DESCARBONIZAÇÃO;JUNTAS DESCARBONIZAÇÃO;0;;
9;1285;02-28505-01;1285;022850501;CATEGORIA0;;1;1;0;1;;JG JUNTAS;JG JUNTAS;0;;
9;1285;02-28715-02;1285;022871502;CATEGORIA0;;1;1;0;1;;JUNTAS DESCARBONIZAÇÃO;JUNTAS DESCARBONIZAÇÃO;0;;
9;1285;02-28777-01;1285;022877701;CATEGORIA0;;1;1;0;1;;JUNTAS DESCARBONIZAÇÃO;JUNTAS DESCARBONIZAÇÃO;0;;
9;1285;02-28777-03;1285;022877703;CATEGORIA0;;1;1;0;1;;JG. JUNTAS DESCARBONIZAÇÃO;JG. JUNTAS DESCARBONIZAÇÃO;0;;
9;1285;02-28805-01;1285;022880501;CATEGORIA0;;1;1;0;1;;JUNTAS DESCARBONIZAÇÃO;JUNTAS DESCARBONIZAÇÃO;0;;
9;1285;02-28950-01;1285;022895001;CATEGORIA0;;1;1;0;1;;JUNTAS DESCARBONIZAÇÃO;JUNTAS DESCARBONIZAÇÃO;0;;
9;1285;02-28980-01;1285;022898001;CATEGORIA0;;1;1;0;1;;JUNTAS DESCARBONIZAÇÃO;JUNTAS DESCARBONIZAÇÃO;0;;
9;1285;02-28988-01;1285;022898801;CATEGORIA0;;1;1;0;1;;JUNTAS DESCARBONIZAÇÃO;JUNTAS DESCARBONIZAÇÃO;0;;
9;1285;02-28988-03;1285;022898803;CATEGORIA0;;1;1;0;1;;JUNTAS DESCARBONIZAÇÃO;JUNTAS DESCARBONIZAÇÃO;0;;
9;1285;02-28988-04;1285;022898804;CATEGORIA0;;1;1;0;1;;JUNTAS DESC.;JUNTAS DESC.;0;;
9;1285;02-29100-01;1285;022910001;CATEGORIA0;;1;1;0;1;;JUNTAS DESCARBONIZAÇÃO;JUNTAS DESCARBONIZAÇÃO;0;;
9;1285;02-29105-04;1285;022910504;CATEGORIA0;;1;1;0;1;;JUNTAS DESCARBONIZAÇÃO;JUNTAS DESCARBONIZAÇÃO;0;;
9;1285;02-29110-01;1285;022911001;CATEGORIA0;;1;1;0;1;;JUNTAS DESCARBONIZAÇÃO;JUNTAS DESCARBONIZAÇÃO;0;;
9;1285;02-29120-01;1285;022912001;CATEGORIA0;;1;1;0;1;;JUNTAS DESCARBONIZAÇÃO;JUNTAS DESCARBONIZAÇÃO;0;;
9;1285;02-29120-02;1285;022912002;CATEGORIA0;;1;1;0;1;;JUNTAS DESCARBONIZAÇÃO;JUNTAS DESCARBONIZAÇÃO;0;;
9;1285;02-29154-01;1285;022915401;CATEGORIA0;;1;1;0;1;;JUNTAS DESCARBONIZAÇÃO;JUNTAS DESCARBONIZAÇÃO;0;;
9;1285;02-29155-01;1285;022915501;CATEGORIA0;;1;1;0;1;;JUNTAS DESCARBONIZAÇÃO;JUNTAS DESCARBONIZAÇÃO;0;;
9;1285;02-29160-01;1285;022916001;CATEGORIA0;;1;1;0;1;;JUNTAS DESCARBONIZAÇÃO;JUNTAS DESCARBONIZAÇÃO;0;;
9;1285;02-29245-01;1285;022924501;CATEGORIA0;;1;1;0;1;;JUNTAS DESCARBONIZAÇÃO;JUNTAS DESCARBONIZAÇÃO;0;;
9;1285;02-29245-02;1285;022924502;CATEGORIA0;;1;1;0;1;;JUNTAS DESCARBONIZAÇÃO;JUNTAS DESCARBONIZAÇÃO;0;;
9;1285;02-29270-01;1285;022927001;CATEGORIA0;;1;1;0;1;;JUNTAS DESCARBONIZAÇÃO;JUNTAS DESCARBONIZAÇÃO;0;;
9;1285;02-29305-03;1285;022930503;CATEGORIA0;;1;1;0;1;;JUNTAS DESCARBONIZAÇÃO;JUNTAS DESCARBONIZAÇÃO;0;;
9;1285;02-29305-04;1285;022930504;CATEGORIA0;;1;1;0;1;;JUNTAS DESCARBONIZAÇÃO;JUNTAS DESCARBONIZAÇÃO;0;;
9;1285;02-29335-01;1285;022933501;CATEGORIA0;;1;1;0;1;;JUNTAS DESCARBONIZAÇÃO;JUNTAS DESCARBONIZAÇÃO;0;;
9;1285;02-31015-01;1285;023101501;CATEGORIA0;;1;1;0;1;;JUNTAS DESCARBONIZAÇÃO;JUNTAS DESCARBONIZAÇÃO;0;;
9;1285;02-31025-01;1285;023102501;CATEGORIA0;;1;1;0;1;;JUNTAS DESCARBONIZAÇÃO;JUNTAS DESCARBONIZAÇÃO;0;;
9;1285;02-31025-02;1285;023102502;CATEGORIA0;;1;1;0;1;;JG JUNTAS;JG JUNTAS;0;;
9;1285;02-31085-01;1285;023108501;CATEGORIA0;;1;1;0;1;;JUNTAS DESCARBONIZAÇÃO;JUNTAS DESCARBONIZAÇÃO;0;;
9;1285;02-31117-01;1285;023111701;CATEGORIA0;;1;1;0;1;;JUNTAS DESCARBONIZAÇÃO;JUNTAS DESCARBONIZAÇÃO;0;;
9;1285;02-31130-02;1285;023113002;CATEGORIA0;;1;1;0;1;;JUNTAS DESCARBONIZAÇÃO;JUNTAS DESCARBONIZAÇÃO;0;;
9;1285;02-31130-03;1285;023113003;CATEGORIA0;;1;1;0;1;;JUNTAS DESCARBONIZAÇÃO;JUNTAS DESCARBONIZAÇÃO;0;;
9;1285;02-31146-01;1285;023114601;CATEGORIA0;;1;1;0;1;;JUNTAS DESC. S/ J. CAB.;JUNTAS DESC. S/ J. CAB.;0;;
9;1285;02-31146-02;1285;023114602;CATEGORIA0;;1;1;0;1;;JUNTAS DESCARBONIZAÇÃO;JUNTAS DESCARBONIZAÇÃO;0;;
9;1285;02-31156-02;1285;023115602;CATEGORIA0;;1;1;0;1;;JUNTAS DESCARBONIZAÇÃO;JUNTAS DESCARBONIZAÇÃO;0;;
9;1285;02-31157-01;1285;023115701;CATEGORIA0;;1;1;0;1;;JUNTAS DESCARBONIZAÇÃO;JUNTAS DESCARBONIZAÇÃO;0;;
9;1285;02-31195-01;1285;023119501;CATEGORIA0;;1;1;0;1;;JUNTAS DESCARBONIZAÇÃO;JUNTAS DESCARBONIZAÇÃO;0;;
9;1285;02-31200-01;1285;023120001;CATEGORIA0;;1;1;0;1;;JUNTAS DESCARBONIZAÇÃO;JUNTAS DESCARBONIZAÇÃO;0;;
9;1285;02-31220-02;1285;023122002;CATEGORIA0;;1;1;0;1;;JUNTAS DESCARBONIZAÇÃO;JUNTAS DESCARBONIZAÇÃO;0;;
9;1285;02-31240-01;1285;023124001;CATEGORIA0;;1;1;0;1;;JUNTAS DESCARBONIZAÇÃO;JUNTAS DESCARBONIZAÇÃO;0;;
9;1285;02-31257-01;1285;023125701;CATEGORIA0;;1;1;0;1;;JUNTAS DESCARBONIZAÇÃO;JUNTAS DESCARBONIZAÇÃO;0;;
9;1285;02-31257-02;1285;023125702;CATEGORIA0;;1;1;0;1;;JUNTAS DESCARBONIZAÇÃO;JUNTAS DESCARBONIZAÇÃO;0;;
9;1285;02-31280-01;1285;023128001;CATEGORIA0;;1;1;0;1;;JUNTAS DESCARBONIZAÇÃO;JUNTAS DESCARBONIZAÇÃO;0;;
9;1285;02-31280-02;1285;023128002;CATEGORIA0;;1;1;0;1;;JUNTAS DESCARBONIZAÇÃO;JUNTAS DESCARBONIZAÇÃO;0;;
9;1285;02-31280-03;1285;023128003;CATEGORIA0;;1;1;0;1;;JG JUNTAS;JG JUNTAS;0;;
9;1285;02-31280-04;1285;023128004;CATEGORIA0;;1;1;0;1;;JUNTAS DESCARBONIZAÇÃO;JUNTAS DESCARBONIZAÇÃO;0;;
9;1285;02-31280-05;1285;023128005;CATEGORIA0;;1;1;0;1;;JUNTAS DESC.;JUNTAS DESC.;0;;
9;1285;02-31296-01;1285;023129601;CATEGORIA0;;1;1;0;1;;JUNTAS DESCARBONIZAÇÃO;JUNTAS DESCARBONIZAÇÃO;0;;
9;1285;02-31296-02;1285;023129602;CATEGORIA0;;1;1;0;1;;JUNTAS DESCARBONIZAÇÃO;JUNTAS DESCARBONIZAÇÃO;0;;
9;1285;02-31344-01;1285;023134401;CATEGORIA0;;1;1;0;1;;JUNTAS DESCARBONIZAÇÃO;JUNTAS DESCARBONIZAÇÃO;0;;
9;1285;02-31345-01;1285;023134501;CATEGORIA0;;1;1;0;1;;JG JUNTAS;JG JUNTAS;0;;
9;1285;02-31350-03;1285;023135003;CATEGORIA0;;1;1;0;1;;JG JUNTAS;JG JUNTAS;0;;
9;1285;02-31400-01;1285;023140001;CATEGORIA0;;1;1;0;1;;JG JUNTAS;JG JUNTAS;0;;
9;1285;02-31555-01;1285;023155501;CATEGORIA0;;1;1;0;1;;JUNTAS DESCARBONIZAÇÃO;JUNTAS DESCARBONIZAÇÃO;0;;
9;1285;02-31555-02;1285;023155502;CATEGORIA0;;1;1;0;1;;JUNTAS DESC.;JUNTAS DESC.;0;;
9;1285;02-31595-01;1285;023159501;CATEGORIA0;;1;1;0;1;;JUNTAS DESCARBONIZAÇÃO;JUNTAS DESCARBONIZAÇÃO;0;;
9;1285;02-31620-01;1285;023162001;CATEGORIA0;;1;1;0;1;;JUNTAS DESCARBONIZAÇÃO;JUNTAS DESCARBONIZAÇÃO;0;;
9;1285;02-31620-02;1285;023162002;CATEGORIA0;;1;1;0;1;;JUNTAS DESCARBONIZAÇÃO;JUNTAS DESCARBONIZAÇÃO;0;;
9;1285;02-31655-01;1285;023165501;CATEGORIA0;;1;1;0;1;;JUNTAS DESCARBONIZAÇÃO;JUNTAS DESCARBONIZAÇÃO;0;;
9;1285;02-31660-01;1285;023166001;CATEGORIA0;;1;1;0;1;;JUNTAS DESCARBONIZAÇÃO;JUNTAS DESCARBONIZAÇÃO;0;;
9;1285;02-31665-01;1285;023166501;CATEGORIA0;;1;1;0;1;;JUNTAS DESC.;JUNTAS DESC.;0;;
9;1285;02-31665-02;1285;023166502;CATEGORIA0;;1;1;0;1;;JUNTAS DESC.;JUNTAS DESC.;0;;
9;1285;02-31670-01;1285;023167001;CATEGORIA0;;1;1;0;1;;JUNTAS DESCARBONIZAÇÃO;JUNTAS DESCARBONIZAÇÃO;0;;
9;1285;02-31670-02;1285;023167002;CATEGORIA0;;1;1;0;1;;JUNTAS DESCARBONIZAÇÃO;JUNTAS DESCARBONIZAÇÃO;0;;
9;1285;02-31675-01;1285;023167501;CATEGORIA0;;1;1;0;1;;JUNTAS DESCARBONIZAÇÃO;JUNTAS DESCARBONIZAÇÃO;0;;
9;1285;02-31675-02;1285;023167502;CATEGORIA0;;1;1;0;1;;JUNTAS DESCARBONIZAÇÃO;JUNTAS DESCARBONIZAÇÃO;0;;
9;1285;02-31730-04;1285;023173004;CATEGORIA0;;1;1;0;1;;JUNTAS DESCARBONIZAÇÃO;JUNTAS DESCARBONIZAÇÃO;0;;
9;1285;02-31733-01;1285;023173301;CATEGORIA0;;1;1;0;1;;JUNTAS DESC.;JUNTAS DESC.;0;;
9;1285;02-31735-02;1285;023173502;CATEGORIA0;;1;1;0;1;;JUNTAS DESCARBONIZAÇÃO;JUNTAS DESCARBONIZAÇÃO;0;;
9;1285;02-31737-01;1285;023173701;CATEGORIA0;;1;1;0;1;;JUNTAS DESCARBONIZAÇÃO;JUNTAS DESCARBONIZAÇÃO;0;;
9;1285;02-31737-03;1285;023173703;CATEGORIA0;;1;1;0;1;;JG JUNTAS;JG JUNTAS;0;;
9;1285;02-31755-01;1285;023175501;CATEGORIA0;;1;1;0;1;;JUNTAS DESCARBONIZAÇÃO;JUNTAS DESCARBONIZAÇÃO;0;;
9;1285;02-31760-01;1285;023176001;CATEGORIA0;;1;1;0;1;;JUNTAS DESCARBONIZAÇÃO;JUNTAS DESCARBONIZAÇÃO;0;;
9;1285;02-31775-01;1285;023177501;CATEGORIA0;;1;1;0;1;;JUNTAS DESCARBONIZAÇÃO;JUNTAS DESCARBONIZAÇÃO;0;;
9;1285;02-31790-02;1285;023179002;CATEGORIA0;;1;1;0;1;;JUNTAS DESCARBONIZAÇÃO;JUNTAS DESCARBONIZAÇÃO;0;;
9;1285;02-31790-05;1285;023179005;CATEGORIA0;;1;1;0;1;;JUNTAS DESCARBONIZAÇÃO;JUNTAS DESCARBONIZAÇÃO;0;;
9;1285;02-31790-07;1285;023179007;CATEGORIA0;;1;1;0;1;;JUNTAS DESCARBONIZAÇÃO;JUNTAS DESCARBONIZAÇÃO;0;;
9;1285;02-31790-08;1285;023179008;CATEGORIA0;;1;1;0;1;;JUNTAS DESCARBONIZAÇÃO;JUNTAS DESCARBONIZAÇÃO;0;;
9;1285;02-31805-01;1285;023180501;CATEGORIA0;;1;1;0;1;;JUNTAS DESCARBONIZAÇÃO;JUNTAS DESCARBONIZAÇÃO;0;;
9;1285;02-31821-01;1285;023182101;CATEGORIA0;;1;1;0;1;;JUNTAS DESCARBONIZAÇÃO;JUNTAS DESCARBONIZAÇÃO;0;;
9;1285;02-31850-01;1285;023185001;CATEGORIA0;;1;1;0;1;;JG JUNTAS;JG JUNTAS;0;;
9;1285;02-31865-02;1285;023186502;CATEGORIA0;;1;1;0;1;;JUNTAS DESCARBONIZAÇÃO;JUNTAS DESCARBONIZAÇÃO;0;;
9;1285;02-31877-01;1285;023187701;CATEGORIA0;;1;1;0;1;;JUNTAS DESCARBONIZAÇÃO;JUNTAS DESCARBONIZAÇÃO;0;;
9;1285;02-31940-02;1285;023194002;CATEGORIA0;;1;1;0;1;;JUNTAS DESCARBONIZAÇÃO;JUNTAS DESCARBONIZAÇÃO;0;;
9;1285;02-31955-01;1285;023195501;CATEGORIA0;;1;1;0;1;;JUNTA T.VAL.(+);JUNTA T.VAL.(+);0;;
9;1285;02-31955-02;1285;023195502;CATEGORIA0;;1;1;0;1;;JUNTAS DESCARBONIZAÇÃO;JUNTAS DESCARBONIZAÇÃO;0;;
9;1285;02-31970-02;1285;023197002;CATEGORIA0;;1;1;0;1;;JUNTAS DESCARBONIZAÇÃO;JUNTAS DESCARBONIZAÇÃO;0;;
9;1285;02-31985-01;1285;023198501;CATEGORIA0;;1;1;0;1;;JUNTAS DESCARBONIZAÇÃO;JUNTAS DESCARBONIZAÇÃO;0;;
9;1285;02-31985-02;1285;023198502;CATEGORIA0;;1;1;0;1;;JUNTAS DESCARBONIZAÇÃO;JUNTAS DESCARBONIZAÇÃO;0;;
9;1285;02-31985-03;1285;023198503;CATEGORIA0;;1;1;0;1;;JUNTAS DESCARBONIZAÇÃO;JUNTAS DESCARBONIZAÇÃO;0;;
9;1285;02-31995-01;1285;023199501;CATEGORIA0;;1;1;0;1;;JUNTAS DESCARBONIZAÇÃO;JUNTAS DESCARBONIZAÇÃO;0;;
9;1285;02-31995-02;1285;023199502;CATEGORIA0;;1;1;0;1;;JUNTAS DESCARBONIZAÇÃO;JUNTAS DESCARBONIZAÇÃO;0;;
9;1285;02-31995-03;1285;023199503;CATEGORIA0;;1;1;0;1;;JUNTAS DESCARBONIZAÇÃO;JUNTAS DESCARBONIZAÇÃO;0;;
9;1285;02-31995-04;1285;023199504;CATEGORIA0;;1;1;0;1;;JUNTAS DESCARBONIZAÇÃO;JUNTAS DESCARBONIZAÇÃO;0;;
9;1285;02-33000-02;1285;023300002;CATEGORIA0;;1;1;0;1;;JUNTAS DESCARBONIZAÇÃO;JUNTAS DESCARBONIZAÇÃO;0;;
9;1285;02-33005-01;1285;023300501;CATEGORIA0;;1;1;0;1;;JUNTAS DESCARBONIZAÇÃO;JUNTAS DESCARBONIZAÇÃO;0;;
9;1285;02-33005-02;1285;023300502;CATEGORIA0;;1;1;0;1;;JUNTAS DESCARBONIZAÇÃO;JUNTAS DESCARBONIZAÇÃO;0;;
9;1285;02-33010-02;1285;023301002;CATEGORIA0;;1;1;0;1;;JUNTAS DESCARBONIZAÇÃO;JUNTAS DESCARBONIZAÇÃO;0;;
9;1285;02-33040-01;1285;023304001;CATEGORIA0;;1;1;0;1;;JUNTAS DESCARBONIZAÇÃO;JUNTAS DESCARBONIZAÇÃO;0;;
9;1285;02-33040-02;1285;023304002;CATEGORIA0;;1;1;0;1;;JUNTAS DESCARBONIZAÇÃO;JUNTAS DESCARBONIZAÇÃO;0;;
9;1285;02-33045-02;1285;023304502;CATEGORIA0;;1;1;0;1;;JUNTAS DESCARBONIZAÇÃO;JUNTAS DESCARBONIZAÇÃO;0;;
9;1285;02-33070-01;1285;023307001;CATEGORIA0;;1;1;0;1;;JG JUNTAS DESCARBONIZAÇÃO;JG JUNTAS DESCARBONIZAÇÃO;0;;
9;1285;02-33130-01;1285;023313001;CATEGORIA0;;1;1;0;1;;JUNTAS DESCARBONIZAÇÃO;JUNTAS DESCARBONIZAÇÃO;0;;
9;1285;02-33165-01;1285;023316501;CATEGORIA0;;1;1;0;1;;JUNTAS DESCARBONIZAÇÃO;JUNTAS DESCARBONIZAÇÃO;0;;
9;1285;02-33367-01;1285;023336701;CATEGORIA0;;1;1;0;1;;JUNTAS DESCARBONIZAÇÃO;JUNTAS DESCARBONIZAÇÃO;0;;
9;1285;02-33420-01;1285;023342001;CATEGORIA0;;1;1;0;1;;JUNTAS DESCARBONIZAÇÃO;JUNTAS DESCARBONIZAÇÃO;0;;
9;1285;02-33420-02;1285;023342002;CATEGORIA0;;1;1;0;1;;JUNTAS DESCARBONIZAÇÃO;JUNTAS DESCARBONIZAÇÃO;0;;
9;1285;02-33435-01;1285;023343501;CATEGORIA0;;1;1;0;1;;JUNTAS DESCARBONIZAÇÃO;JUNTAS DESCARBONIZAÇÃO;0;;
9;1285;02-33435-02;1285;023343502;CATEGORIA0;;1;1;0;1;;JUNTAS DESCARBONIZAÇÃO;JUNTAS DESCARBONIZAÇÃO;0;;
9;1285;02-33435-03;1285;023343503;CATEGORIA0;;1;1;0;1;;JUNTAS DESCARBONIZAÇÃO;JUNTAS DESCARBONIZAÇÃO;0;;
9;1285;02-33435-04;1285;023343504;CATEGORIA0;;1;1;0;1;;JUNTAS DESCARBONIZAÇÃO;JUNTAS DESCARBONIZAÇÃO;0;;
9;1285;02-33445-01;1285;023344501;CATEGORIA0;;1;1;0;1;;JUNTAS DESCARBONIZAÇÃO;JUNTAS DESCARBONIZAÇÃO;0;;
9;1285;02-33458-05;1285;023345805;CATEGORIA0;;1;1;0;1;;JG JUNTAS DESC.;JG JUNTAS DESC.;0;;
9;1285;02-33470-01;1285;023347001;CATEGORIA0;;1;1;0;1;;JUNTAS DESCARBONIZAÇÃO;JUNTAS DESCARBONIZAÇÃO;0;;
9;1285;02-33495-01;1285;023349501;CATEGORIA0;;1;1;0;1;;JUNTAS DESCARBONIZAÇÃO;JUNTAS DESCARBONIZAÇÃO;0;;
9;1285;02-33495-02;1285;023349502;CATEGORIA0;;1;1;0;1;;JUNTAS DESCARBONIZAÇÃO;JUNTAS DESCARBONIZAÇÃO;0;;
9;1285;02-33585-01;1285;023358501;CATEGORIA0;;1;1;0;1;;JUNTAS DESCARBONIZAÇÃO;JUNTAS DESCARBONIZAÇÃO;0;;
9;1285;02-33585-02;1285;023358502;CATEGORIA0;;1;1;0;1;;JUNTAS DESCARBONIZAÇÃO;JUNTAS DESCARBONIZAÇÃO;0;;
9;1285;02-33590-01;1285;023359001;CATEGORIA0;;1;1;0;1;;JUNTAS DESCARBONIZAÇÃO;JUNTAS DESCARBONIZAÇÃO;0;;
9;1285;02-33595-01;1285;023359501;CATEGORIA0;;1;1;0;1;;JUNTAS DESCARBONIZAÇÃO;JUNTAS DESCARBONIZAÇÃO;0;;
9;1285;02-33600-01;1285;023360001;CATEGORIA0;;1;1;0;1;;JUNTAS DESCARBONIZAÇÃO;JUNTAS DESCARBONIZAÇÃO;0;;
9;1285;02-33615-02;1285;023361502;CATEGORIA0;;1;1;0;1;;JUNTAS DESCARBONIZAÇÃO;JUNTAS DESCARBONIZAÇÃO;0;;
9;1285;02-33625-01;1285;023362501;CATEGORIA0;;1;1;0;1;;JUNTAS DESCARBONIZAÇÃO;JUNTAS DESCARBONIZAÇÃO;0;;
9;1285;02-33635-01;1285;023363501;CATEGORIA0;;1;1;0;1;;JUNTAS DESCARBONIZAÇÃO;JUNTAS DESCARBONIZAÇÃO;0;;
9;1285;02-33645-01;1285;023364501;CATEGORIA0;;1;1;0;1;;JUNTAS DESCARBONIZAÇÃO;JUNTAS DESCARBONIZAÇÃO;0;;
9;1285;02-33650-01;1285;023365001;CATEGORIA0;;1;1;0;1;;JUNTAS DESCARBONIZAÇÃO;JUNTAS DESCARBONIZAÇÃO;0;;
9;1285;02-33650-03;1285;023365003;CATEGORIA0;;1;1;0;1;;JUNTAS DESCARBONIZAÇÃO;JUNTAS DESCARBONIZAÇÃO;0;;
9;1285;02-33665-01;1285;023366501;CATEGORIA0;;1;1;0;1;;JUNTAS DESCARBONIZAÇÃO;JUNTAS DESCARBONIZAÇÃO;0;;
9;1285;02-33673-01;1285;023367301;CATEGORIA0;;1;1;0;1;;JUNTAS DESCARBONIZAÇÃO;JUNTAS DESCARBONIZAÇÃO;0;;
9;1285;02-33680-01;1285;023368001;CATEGORIA0;;1;1;0;1;;JUNTAS DESCARBONIZAÇÃO;JUNTAS DESCARBONIZAÇÃO;0;;
9;1285;02-33740-01;1285;023374001;CATEGORIA0;;1;1;0;1;;JUNTAS DESCARBONIZAÇÃO;JUNTAS DESCARBONIZAÇÃO;0;;
9;1285;02-33740-02;1285;023374002;CATEGORIA0;;1;1;0;1;;JUNTAS DESCARBONIZAÇÃO;JUNTAS DESCARBONIZAÇÃO;0;;
9;1285;02-33740-03;1285;023374003;CATEGORIA0;;1;1;0;1;;JUNTAS DESC.;JUNTAS DESC.;0;;
9;1285;02-33758-01;1285;023375801;CATEGORIA0;;1;1;0;1;;JUNTAS DESCARBONIZAÇÃO;JUNTAS DESCARBONIZAÇÃO;0;;
9;1285;02-33758-02;1285;023375802;CATEGORIA0;;1;1;0;1;;JUNTAS DESCARBONIZAÇÃO;JUNTAS DESCARBONIZAÇÃO;0;;
9;1285;02-33758-04;1285;023375804;CATEGORIA0;;1;1;0;1;;JUNTAS DESCARBONIZAÇÃO;JUNTAS DESCARBONIZAÇÃO;0;;
9;1285;02-33758-05;1285;023375805;CATEGORIA0;;1;1;0;1;;JUNTAS DESCARBONIZAÇÃO;JUNTAS DESCARBONIZAÇÃO;0;;
9;1285;02-33838-01;1285;023383801;CATEGORIA0;;1;1;0;1;;JUNTAS DESCARBONIZAÇÃO;JUNTAS DESCARBONIZAÇÃO;0;;
9;1285;02-33838-02;1285;023383802;CATEGORIA0;;1;1;0;1;;JUNTAS DESCARBONIZAÇÃO;JUNTAS DESCARBONIZAÇÃO;0;;
9;1285;02-33846-01;1285;023384601;CATEGORIA0;;1;1;0;1;;JUNTAS DESCARBONIZAÇÃO;JUNTAS DESCARBONIZAÇÃO;0;;
9;1285;02-33855-01;1285;023385501;CATEGORIA0;;1;1;0;1;;JG JUNTAS;JG JUNTAS;0;;
9;1285;02-33895-01;1285;023389501;CATEGORIA0;;1;1;0;1;;JUNTAS DESC.;JUNTAS DESC.;0;;
9;1285;02-33896-01;1285;023389601;CATEGORIA0;;1;1;0;1;;JUNTAS DESCARBONIZAÇÃO;JUNTAS DESCARBONIZAÇÃO;0;;
9;1285;02-33900-04;1285;023390004;CATEGORIA0;;1;1;0;1;;JUNTAS DESCARBONIZAÇÃO;JUNTAS DESCARBONIZAÇÃO;0;;
9;1285;02-33900-06;1285;023390006;CATEGORIA0;;1;1;0;1;;JUNTAS DESCARBONIZAÇÃO;JUNTAS DESCARBONIZAÇÃO;0;;
9;1285;02-33905-01;1285;023390501;CATEGORIA0;;1;1;0;1;;JUNTAS DESCARBONIZAÇÃO;JUNTAS DESCARBONIZAÇÃO;0;;
9;1285;02-33915-01;1285;023391501;CATEGORIA0;;1;1;0;1;;JUNTAS DESC.;JUNTAS DESC.;0;;
9;1285;02-33940-03;1285;023394003;CATEGORIA0;;1;1;0;1;;JUNTAS DESC.;JUNTAS DESC.;0;;
9;1285;02-33951-02;1285;023395102;CATEGORIA0;;1;1;0;1;;JUNTAS DESCARBONIZAÇÃO;JUNTAS DESCARBONIZAÇÃO;0;;
9;1285;02-33951-03;1285;023395103;CATEGORIA0;;1;1;0;1;;JUNTAS DESCARBONIZAÇÃO;JUNTAS DESCARBONIZAÇÃO;0;;
9;1285;02-33951-07;1285;023395107;CATEGORIA0;;1;1;0;1;;JUNTAS DESCARBONIZAÇÃO;JUNTAS DESCARBONIZAÇÃO;0;;
9;1285;02-33951-08;1285;023395108;CATEGORIA0;;1;1;0;1;;JUNTAS DESCARBONIZAÇÃO;JUNTAS DESCARBONIZAÇÃO;0;;
9;1285;02-33951-09;1285;023395109;CATEGORIA0;;1;1;0;1;;JUNTAS DESCARBONIZAÇÃO;JUNTAS DESCARBONIZAÇÃO;0;;
9;1285;02-33951-10;1285;023395110;CATEGORIA0;;1;1;0;1;;JUNTAS DESCARBONIZAÇÃO;JUNTAS DESCARBONIZAÇÃO;0;;
9;1285;02-33980-08;1285;023398008;CATEGORIA0;;1;1;0;1;;JUNTAS DESCARBONIZAÇÃO;JUNTAS DESCARBONIZAÇÃO;0;;
9;1285;02-34070-01;1285;023407001;CATEGORIA0;;1;1;0;1;;JUNTAS DESCARBONIZAÇÃO;JUNTAS DESCARBONIZAÇÃO;0;;
9;1285;02-34075-01;1285;023407501;CATEGORIA0;;1;1;0;1;;JUNTAS DESCARBONIZAÇÃO;JUNTAS DESCARBONIZAÇÃO;0;;
9;1285;02-34085-01;1285;023408501;CATEGORIA0;;1;1;0;1;;JUNTAS DESCARBONIZAÇÃO;JUNTAS DESCARBONIZAÇÃO;0;;
9;1285;02-34088-01;1285;023408801;CATEGORIA0;;1;1;0;1;;JUNTAS DESCARBONIZAÇÃO;JUNTAS DESCARBONIZAÇÃO;0;;
9;1285;02-34090-01;1285;023409001;CATEGORIA0;;1;1;0;1;;JUNTAS DESCARBONIZAÇÃO;JUNTAS DESCARBONIZAÇÃO;0;;
9;1285;02-34105-01;1285;023410501;CATEGORIA0;;1;1;0;1;;JUNTAS DESCARBONIZAÇÃO;JUNTAS DESCARBONIZAÇÃO;0;;
9;1285;02-34110-01;1285;023411001;CATEGORIA0;;1;1;0;1;;JUNTAS DESCARBONIZAÇÃO;JUNTAS DESCARBONIZAÇÃO;0;;
9;1285;02-34112-01;1285;023411201;CATEGORIA0;;1;1;0;1;;JUNTAS DESCARBONIZAÇÃO;JUNTAS DESCARBONIZAÇÃO;0;;
9;1285;02-34112-02;1285;023411202;CATEGORIA0;;1;1;0;1;;JUNTAS DESCARBONIZAÇÃO;JUNTAS DESCARBONIZAÇÃO;0;;
9;1285;02-34135-03;1285;023413503;CATEGORIA0;;1;1;0;1;;JUNTAS DESCARBONIZAÇÃO;JUNTAS DESCARBONIZAÇÃO;0;;
9;1285;02-34150-01;1285;023415001;CATEGORIA0;;1;1;0;1;;JUNTAS DESCARBONIZAÇÃO;JUNTAS DESCARBONIZAÇÃO;0;;
9;1285;02-34162-01;1285;023416201;CATEGORIA0;;1;1;0;1;;JUNTAS DESCARBONIZAÇÃO;JUNTAS DESCARBONIZAÇÃO;0;;
9;1285;02-34162-02;1285;023416202;CATEGORIA0;;1;1;0;1;;JUNTAS DESCARBONIZAÇÃO;JUNTAS DESCARBONIZAÇÃO;0;;
9;1285;02-34162-03;1285;023416203;CATEGORIA0;;1;1;0;1;;JOGO JUNTAS DESC.;JOGO JUNTAS DESC.;0;;
9;1285;02-34185-01;1285;023418501;CATEGORIA0;;1;1;0;1;;JUNTAS DESCARBONIZAÇÃO;JUNTAS DESCARBONIZAÇÃO;0;;
9;1285;02-34205-02;1285;023420502;CATEGORIA0;;1;1;0;1;;JUNTAS DESCARBONIZAÇÃO;JUNTAS DESCARBONIZAÇÃO;0;;
9;1285;02-34210-01;1285;023421001;CATEGORIA0;;1;1;0;1;;JG JUNTAS;JG JUNTAS;0;;
9;1285;02-34235-01;1285;023423501;CATEGORIA0;;1;1;0;1;;JUNTAS DESCARBONIZAÇÃO;JUNTAS DESCARBONIZAÇÃO;0;;
9;1285;02-34260-02;1285;023426002;CATEGORIA0;;1;1;0;1;;JUNTAS DESCARBONIZAÇÃO;JUNTAS DESCARBONIZAÇÃO;0;;
9;1285;02-34260-03;1285;023426003;CATEGORIA0;;1;1;0;1;;JUNTAS DESCARBONIZAÇÃO;JUNTAS DESCARBONIZAÇÃO;0;;
9;1285;02-34277-01;1285;023427701;CATEGORIA0;;1;1;0;1;;JUNTAS DESC.;JUNTAS DESC.;0;;
9;1285;02-34280-01;1285;023428001;CATEGORIA0;;1;1;0;1;;JUNTAS DESCARBONIZAÇÃO;JUNTAS DESCARBONIZAÇÃO;0;;
9;1285;02-34295-02;1285;023429502;CATEGORIA0;;1;1;0;1;;JUNTAS DESCARBONIZAÇÃO;JUNTAS DESCARBONIZAÇÃO;0;;
9;1285;02-34302-01;1285;023430201;CATEGORIA0;;1;1;0;1;;JUNTAS DESCARBONIZAÇÃO;JUNTAS DESCARBONIZAÇÃO;0;;
9;1285;02-34302-02;1285;023430202;CATEGORIA0;;1;1;0;1;;JUNTAS DESCARBONIZAÇÃO;JUNTAS DESCARBONIZAÇÃO;0;;
9;1285;02-34345-01;1285;023434501;CATEGORIA0;;1;1;0;1;;JUNTAS DESCARBONIZAÇÃO;JUNTAS DESCARBONIZAÇÃO;0;;
9;1285;02-34356-01;1285;023435601;CATEGORIA0;;1;1;0;1;;JUNTAS DESCARBONIZAÇÃO;JUNTAS DESCARBONIZAÇÃO;0;;
9;1285;02-34398-01;1285;023439801;CATEGORIA0;;1;1;0;1;;JUNTAS DESCARBONIZAÇÃO;JUNTAS DESCARBONIZAÇÃO;0;;
9;1285;02-34404-01;1285;023440401;CATEGORIA0;;1;1;0;1;;JG. JUNTAS DESC.;JG. JUNTAS DESC.;0;;
9;1285;02-34409-01;1285;023440901;CATEGORIA0;;1;1;0;1;;JUNTAS DESCARBONIZAÇÃO;JUNTAS DESCARBONIZAÇÃO;0;;
9;1285;02-34409-02;1285;023440902;CATEGORIA0;;1;1;0;1;;JG JUNTAS;JG JUNTAS;0;;
9;1285;02-34787-02;1285;023478702;CATEGORIA0;;1;1;0;1;;JUNTAS DESCARBONIZAÇÃO;JUNTAS DESCARBONIZAÇÃO;0;;
9;1285;02-34835-01;1285;023483501;CATEGORIA0;;1;1;0;1;;JUNTAS DESCARBONIZAÇÃO;JUNTAS DESCARBONIZAÇÃO;0;;
9;1285;02-34835-04;1285;023483504;CATEGORIA0;;1;1;0;1;;JUNTAS DESCARBONIZAÇÃO;JUNTAS DESCARBONIZAÇÃO;0;;
9;1285;02-34835-05;1285;023483505;CATEGORIA0;;1;1;0;1;;JUNTAS DESCARBONIZAÇÃO;JUNTAS DESCARBONIZAÇÃO;0;;
9;1285;02-34845-01;1285;023484501;CATEGORIA0;;1;1;0;1;;JUNTAS DESCARBONIZAÇÃO;JUNTAS DESCARBONIZAÇÃO;0;;
9;1285;02-34855-01;1285;023485501;CATEGORIA0;;1;1;0;1;;JUNTAS DESCARBONIZAÇÃO;JUNTAS DESCARBONIZAÇÃO;0;;
9;1285;02-34900-01;1285;023490001;CATEGORIA0;;1;1;0;1;;JUNTAS DESCARBONIZAÇÃO;JUNTAS DESCARBONIZAÇÃO;0;;
9;1285;02-34910-01;1285;023491001;CATEGORIA0;;1;1;0;1;;JG JUNTAS;JG JUNTAS;0;;
9;1285;02-34940-02;1285;023494002;CATEGORIA0;;1;1;0;1;;JUNTAS DESCARBONIZAÇÃO;JUNTAS DESCARBONIZAÇÃO;0;;
9;1285;02-34940-03;1285;023494003;CATEGORIA0;;1;1;0;1;;JUNTAS DESCARBONIZAÇÃO;JUNTAS DESCARBONIZAÇÃO;0;;
9;1285;02-34980-02;1285;023498002;CATEGORIA0;;1;1;0;1;;JUNTAS DESCARBONIZAÇÃO;JUNTAS DESCARBONIZAÇÃO;0;;
9;1285;02-35040-01;1285;023504001;CATEGORIA0;;1;1;0;1;;JUNTAS DESC.;JUNTAS DESC.;0;;
9;1285;02-35040-02;1285;023504002;CATEGORIA0;;1;1;0;1;;JUNTAS DESC.;JUNTAS DESC.;0;;
9;1285;02-35045-01;1285;023504501;CATEGORIA0;;1;1;0;1;;JUNTAS DESCARBONIZAÇÃO;JUNTAS DESCARBONIZAÇÃO;0;;
9;1285;02-35055-01;1285;023505501;CATEGORIA0;;1;1;0;1;;JUNTAS DESCARBONIZAÇÃO;JUNTAS DESCARBONIZAÇÃO;0;;
9;1285;02-35060-01;1285;023506001;CATEGORIA0;;1;1;0;1;;JUNTAS DESCARBONIZAÇÃO;JUNTAS DESCARBONIZAÇÃO;0;;
9;1285;02-35060-02;1285;023506002;CATEGORIA0;;1;1;0;1;;JG JUNTAS DESCARBONIZAÇÃO;JG JUNTAS DESCARBONIZAÇÃO;0;;
9;1285;02-35080-01;1285;023508001;CATEGORIA0;;1;1;0;1;;JUNTAS DESCARBONIZAÇÃO;JUNTAS DESCARBONIZAÇÃO;0;;
9;1285;02-35090-01;1285;023509001;CATEGORIA0;;1;1;0;1;;JUNTAS DESCARBONIZAÇÃO;JUNTAS DESCARBONIZAÇÃO;0;;
9;1285;02-35115-01;1285;023511501;CATEGORIA0;;1;1;0;1;;JUNTAS DESCARBONIZAÇÃO;JUNTAS DESCARBONIZAÇÃO;0;;
9;1285;02-35115-03;1285;023511503;CATEGORIA0;;1;1;0;1;;JUNTAS DESCARBONIZAÇÃO;JUNTAS DESCARBONIZAÇÃO;0;;
9;1285;02-35115-04;1285;023511504;CATEGORIA0;;1;1;0;1;;JUNTAS DESCARBONIZAÇÃO;JUNTAS DESCARBONIZAÇÃO;0;;
9;1285;02-35128-01;1285;023512801;CATEGORIA0;;1;1;0;1;;JUNTAS DESCARBONIZAÇÃO;JUNTAS DESCARBONIZAÇÃO;0;;
9;1285;02-35160-01;1285;023516001;CATEGORIA0;;1;1;0;1;;JUNTAS DESCARBONIZAÇÃO;JUNTAS DESCARBONIZAÇÃO;0;;
9;1285;02-35165-01;1285;023516501;CATEGORIA0;;1;1;0;1;;JUNTAS DESCARBONIZAÇÃO;JUNTAS DESCARBONIZAÇÃO;0;;
9;1285;02-35176-01;1285;023517601;CATEGORIA0;;1;1;0;1;;JUNTAS DESCARBONIZAÇÃO;JUNTAS DESCARBONIZAÇÃO;0;;
9;1285;02-35176-02;1285;023517602;CATEGORIA0;;1;1;0;1;;JUNTAS DESCARBONIZAÇÃO;JUNTAS DESCARBONIZAÇÃO;0;;
9;1285;02-35245-01;1285;023524501;CATEGORIA0;;1;1;0;1;;JUNTAS DESCARBONIZAÇÃO;JUNTAS DESCARBONIZAÇÃO;0;;
9;1285;02-35295-01;1285;023529501;CATEGORIA0;;1;1;0;1;;JUNTAS DESCARBONIZAÇÃO;JUNTAS DESCARBONIZAÇÃO;0;;
9;1285;02-35355-02;1285;023535502;CATEGORIA0;;1;1;0;1;;JUNTAS DESCARBONIZAÇÃO;JUNTAS DESCARBONIZAÇÃO;0;;
9;1285;02-35440-02;1285;023544002;CATEGORIA0;;1;1;0;1;;JUNTAS DESCARBONIZAÇÃO;JUNTAS DESCARBONIZAÇÃO;0;;
9;1285;02-35484-01;1285;023548401;CATEGORIA0;;1;1;0;1;;JUNTAS DESCARBONIZAÇÃO;JUNTAS DESCARBONIZAÇÃO;0;;
9;1285;02-35496-02;1285;023549602;CATEGORIA0;;1;1;0;1;;JG JUNTAS;JG JUNTAS;0;;
9;1285;02-35511-01;1285;023551101;CATEGORIA0;;1;1;0;1;;JUNTAS DESCARBONIZAÇÃO;JUNTAS DESCARBONIZAÇÃO;0;;
9;1285;02-35518-01;1285;023551801;CATEGORIA0;;1;1;0;1;;JUNTAS DESCARBONIZAÇÃO;JUNTAS DESCARBONIZAÇÃO;0;;
9;1285;02-35542-01;1285;023554201;CATEGORIA0;;1;1;0;1;;JUNTAS DESCARBONIZAÇÃO;JUNTAS DESCARBONIZAÇÃO;0;;
9;1285;02-35560-01;1285;023556001;CATEGORIA0;;1;1;0;1;;JUNTAS DESCARBONIZAÇÃO;JUNTAS DESCARBONIZAÇÃO;0;;
9;1285;02-35565-01;1285;023556501;CATEGORIA0;;1;1;0;1;;JUNTAS DESCARBONIZAÇÃO;JUNTAS DESCARBONIZAÇÃO;0;;
9;1285;02-35575-01;1285;023557501;CATEGORIA0;;1;1;0;1;;JUNTAS DESCARBONIZAÇÃO;JUNTAS DESCARBONIZAÇÃO;0;;
9;1285;02-35575-03;1285;023557503;CATEGORIA0;;1;1;0;1;;JUNTAS DESCARBONIZAÇÃO;JUNTAS DESCARBONIZAÇÃO;0;;
9;1285;02-35585-01;1285;023558501;CATEGORIA0;;1;1;0;1;;JUNTAS DESCARB.;JUNTAS DESCARB.;0;;
9;1285;02-35590-01;1285;023559001;CATEGORIA0;;1;1;0;1;;JUNTAS DESCARBONIZAÇÃO;JUNTAS DESCARBONIZAÇÃO;0;;
9;1285;02-35590-02;1285;023559002;CATEGORIA0;;1;1;0;1;;JUNTAS DESCARBONIZAÇÃO;JUNTAS DESCARBONIZAÇÃO;0;;
9;1285;02-35595-01;1285;023559501;CATEGORIA0;;1;1;0;1;;JG JUNTAS;JG JUNTAS;0;;
9;1285;02-35600-02;1285;023560002;CATEGORIA0;;1;1;0;1;;JUNTAS DESC.;JUNTAS DESC.;0;;
9;1285;02-35638-01;1285;023563801;CATEGORIA0;;1;1;0;1;;JUNTAS DESCARBONIZAÇÃO;JUNTAS DESCARBONIZAÇÃO;0;;
9;1285;02-35638-02;1285;023563802;CATEGORIA0;;1;1;0;1;;JUNTAS DESC.;JUNTAS DESC.;0;;
9;1285;02-35638-03;1285;023563803;CATEGORIA0;;1;1;0;1;;JUNTAS DESC.;JUNTAS DESC.;0;;
9;1285;02-35638-04;1285;023563804;CATEGORIA0;;1;1;0;1;;JUNTAS DESCARBONIZAÇÃO;JUNTAS DESCARBONIZAÇÃO;0;;
9;1285;02-35679-01;1285;023567901;CATEGORIA0;;1;1;0;1;;JG JUNTAS;JG JUNTAS;0;;
9;1285;02-35695-01;1285;023569501;CATEGORIA0;;1;1;0;1;;JUNTAS DESCARBONIZAÇÃO;JUNTAS DESCARBONIZAÇÃO;0;;
9;1285;02-35695-02;1285;023569502;CATEGORIA0;;1;1;0;1;;JUNTAS DESCARBONIZAÇÃO;JUNTAS DESCARBONIZAÇÃO;0;;
9;1285;02-35699-03;1285;023569903;CATEGORIA0;;1;1;0;1;;JUNTAS DESCARBONIZAÇÃO;JUNTAS DESCARBONIZAÇÃO;0;;
9;1285;02-35740-06;1285;023574006;CATEGORIA0;;1;1;0;1;;JUNTAS DESCARBONIZAÇÃO;JUNTAS DESCARBONIZAÇÃO;0;;
9;1285;02-35770-02;1285;023577002;CATEGORIA0;;1;1;0;1;;JUNTAS DESCARBONIZAÇÃO;JUNTAS DESCARBONIZAÇÃO;0;;
9;1285;02-35930-02;1285;023593002;CATEGORIA0;;1;1;0;1;;JUNTAS DESCARBONIZAÇÃO;JUNTAS DESCARBONIZAÇÃO;0;;
9;1285;02-36005-01;1285;023600501;CATEGORIA0;;1;1;0;1;;JUNTAS DESCARBONIZAÇÃO;JUNTAS DESCARBONIZAÇÃO;0;;
9;1285;02-36015-05;1285;023601505;CATEGORIA0;;1;1;0;1;;JG JUNTAS DESCARBONIZAÇÃO;JG JUNTAS DESCARBONIZAÇÃO;0;;
9;1285;02-36025-01;1285;023602501;CATEGORIA0;;1;1;0;1;;JUNTAS DESCARBONIZAÇÃO;JUNTAS DESCARBONIZAÇÃO;0;;
9;1285;02-36041-01;1285;023604101;CATEGORIA0;;1;1;0;1;;JUNTAS DESCARBONIZAÇÃO;JUNTAS DESCARBONIZAÇÃO;0;;
9;1285;02-36045-01;1285;023604501;CATEGORIA0;;1;1;0;1;;JUNTAS DESCARBONIZAÇÃO;JUNTAS DESCARBONIZAÇÃO;0;;
9;1285;02-36048-01;1285;023604801;CATEGORIA0;;1;1;0;1;;JUNTAS DESCARBONIZAÇÃO;JUNTAS DESCARBONIZAÇÃO;0;;
9;1285;02-36049-01;1285;023604901;CATEGORIA0;;1;1;0;1;;JUNTAS DESBARBONIZACAO;JUNTAS DESBARBONIZACAO;0;;
9;1285;02-36050-01;1285;023605001;CATEGORIA0;;1;1;0;1;;JUNTAS DESCARBONIZAÇÃO;JUNTAS DESCARBONIZAÇÃO;0;;
9;1285;02-36051-01;1285;023605101;CATEGORIA0;;1;1;0;1;;JUNTAS DESBARBONIZACAO;JUNTAS DESBARBONIZACAO;0;;
9;1285;02-36075-01;1285;023607501;CATEGORIA0;;1;1;0;1;;JUNTAS DESCARBONIZAÇÃO;JUNTAS DESCARBONIZAÇÃO;0;;
9;1285;02-36081-01;1285;023608101;CATEGORIA0;;1;1;0;1;;JOGO JUNTAS DESC.;JOGO JUNTAS DESC.;0;;
9;1285;02-36085-01;1285;023608501;CATEGORIA0;;1;1;0;1;;JUNTAS DESCARBONIZAÇÃO;JUNTAS DESCARBONIZAÇÃO;0;;
9;1285;02-36205-01;1285;023620501;CATEGORIA0;;1;1;0;1;;JUNTAS DESCARBONIZAÇÃO;JUNTAS DESCARBONIZAÇÃO;0;;
9;1285;02-36215-01;1285;023621501;CATEGORIA0;;1;1;0;1;;JUNTAS DESCARBONIZAÇÃO;JUNTAS DESCARBONIZAÇÃO;0;;
9;1285;02-36225-01;1285;023622501;CATEGORIA0;;1;1;0;1;;JUNTAS DESCARBONIZAÇÃO;JUNTAS DESCARBONIZAÇÃO;0;;
9;1285;02-36245-01;1285;023624501;CATEGORIA0;;1;1;0;1;;JUNTAS DESCARBONIZAÇÃO;JUNTAS DESCARBONIZAÇÃO;0;;
9;1285;02-36259-01;1285;023625901;CATEGORIA0;;1;1;0;1;;JUNTAS DESCARB. 1.3 CDTI;JUNTAS DESCARB. 1.3 CDTI;0;;
9;1285;02-36259-02;1285;023625902;CATEGORIA0;;1;1;0;1;;JUNTAS DESCARBONIZAÇÃO;JUNTAS DESCARBONIZAÇÃO;0;;
9;1285;02-36259-04;1285;023625904;CATEGORIA0;;1;1;0;1;;JUNTAS DESCARBONIZAÇÃO;JUNTAS DESCARBONIZAÇÃO;0;;
9;1285;02-36262-01;1285;023626201;CATEGORIA0;;1;1;0;1;;JUNTAS DESCARBONIZAÇÃO;JUNTAS DESCARBONIZAÇÃO;0;;
9;1285;02-36262-02;1285;023626202;CATEGORIA0;;1;1;0;1;;JUNTAS DESCARBONIZAÇÃO;JUNTAS DESCARBONIZAÇÃO;0;;
9;1285;02-36262-05;1285;023626205;CATEGORIA0;;1;1;0;1;;JUNTAS DESCARBONIZAÇÃO;JUNTAS DESCARBONIZAÇÃO;0;;
9;1285;02-36262-07;1285;023626207;CATEGORIA0;;1;1;0;1;;JUNTAS DESCARBONIZAÇÃO;JUNTAS DESCARBONIZAÇÃO;0;;
9;1285;02-36310-01;1285;023631001;CATEGORIA0;;1;1;0;1;;JUNTAS DESCARBONIZAÇÃO;JUNTAS DESCARBONIZAÇÃO;0;;
9;1285;02-36320-01;1285;023632001;CATEGORIA0;;1;1;0;1;;JUNTAS DESCARBONIZAÇÃO;JUNTAS DESCARBONIZAÇÃO;0;;
9;1285;02-36330-05;1285;023633005;CATEGORIA0;;1;1;0;1;;JUNTAS DESCARBONIZAÇÃO;JUNTAS DESCARBONIZAÇÃO;0;;
9;1285;02-36330-06;1285;023633006;CATEGORIA0;;1;1;0;1;;JUNTAS DESCARBONIZAÇÃO;JUNTAS DESCARBONIZAÇÃO;0;;
9;1285;02-36345-01;1285;023634501;CATEGORIA0;;1;1;0;1;;JUNTAS DESCARBONIZAÇÃO;JUNTAS DESCARBONIZAÇÃO;0;;
9;1285;02-36400-02;1285;023640002;CATEGORIA0;;1;1;0;1;;JUNTAS DESCARBONIZAÇÃO;JUNTAS DESCARBONIZAÇÃO;0;;
9;1285;02-36400-03;1285;023640003;CATEGORIA0;;1;1;0;1;;JUNTAS DESCARBONIZAÇÃO;JUNTAS DESCARBONIZAÇÃO;0;;
9;1285;02-36505-01;1285;023650501;CATEGORIA0;;1;1;0;1;;JUNTAS DESCARBONIZAÇÃO;JUNTAS DESCARBONIZAÇÃO;0;;
9;1285;02-36567-01;1285;023656701;CATEGORIA0;;1;1;0;1;;JUNTAS DESCARBONIZAÇÃO;JUNTAS DESCARBONIZAÇÃO;0;;
9;1285;02-36571-01;1285;023657101;CATEGORIA0;;1;1;0;1;;JUNTAS DESCARBONIZAÇÃO;JUNTAS DESCARBONIZAÇÃO;0;;
9;1285;02-36650-01;1285;023665001;CATEGORIA0;;1;1;0;1;;JG. JUNTAS DESCARBONIZAÇÃO;JG. JUNTAS DESCARBONIZAÇÃO;0;;
9;1285;02-36700-01;1285;023670001;CATEGORIA0;;1;1;0;1;;JUNTAS DESCARBONIZAÇÃO;JUNTAS DESCARBONIZAÇÃO;0;;
9;1285;02-36824-01;1285;023682401;CATEGORIA0;;1;1;0;1;;JUNTAS DESCARBONIZAÇÃO;JUNTAS DESCARBONIZAÇÃO;0;;
9;1285;02-36826-01;1285;023682601;CATEGORIA0;;1;1;0;1;;JUNTAS DESCARBONIZAÇÃO;JUNTAS DESCARBONIZAÇÃO;0;;
9;1285;02-36878-01;1285;023687801;CATEGORIA0;;1;1;0;1;;JUNTAS DESCARBONIZAÇÃO;JUNTAS DESCARBONIZAÇÃO;0;;
9;1285;02-36885-01;1285;023688501;CATEGORIA0;;1;1;0;1;;JUNTAS DESCARBONIZAÇÃO;JUNTAS DESCARBONIZAÇÃO;0;;
9;1285;02-36885-04;1285;023688504;CATEGORIA0;;1;1;0;1;;JUNTAS DESCARBONIZAÇÃO;JUNTAS DESCARBONIZAÇÃO;0;;
9;1285;02-36885-05;1285;023688505;CATEGORIA0;;1;1;0;1;;JUNTAS DESCARBONIZAÇÃO;JUNTAS DESCARBONIZAÇÃO;0;;
9;1285;02-36900-01;1285;023690001;CATEGORIA0;;1;1;0;1;;JUNTAS DESCARBONIZAÇÃO;JUNTAS DESCARBONIZAÇÃO;0;;
9;1285;02-36910-01;1285;023691001;CATEGORIA0;;1;1;0;1;;JUNTAS DESCARBONIZAÇÃO;JUNTAS DESCARBONIZAÇÃO;0;;
9;1285;02-36930-01;1285;023693001;CATEGORIA0;;1;1;0;1;;JUNTAS DESCARBONIZAÇÃO;JUNTAS DESCARBONIZAÇÃO;0;;
9;1285;02-36950-01;1285;023695001;CATEGORIA0;;1;1;0;1;;JUNTAS DESCARBONIZAÇÃO;JUNTAS DESCARBONIZAÇÃO;0;;
9;1285;02-36950-02;1285;023695002;CATEGORIA0;;1;1;0;1;;JUNTAS DESCARBONIZAÇÃO;JUNTAS DESCARBONIZAÇÃO;0;;
9;1285;02-36955-03;1285;023695503;CATEGORIA0;;1;1;0;1;;JUNTAS DESCARBONIZAÇÃO;JUNTAS DESCARBONIZAÇÃO;0;;
9;1285;02-36970-03;1285;023697003;CATEGORIA0;;1;1;0;1;;JUNTAS DESCARBONIZAÇÃO;JUNTAS DESCARBONIZAÇÃO;0;;
9;1285;02-36972-01;1285;023697201;CATEGORIA0;;1;1;0;1;;JUNTAS DESCARBONIZAÇÃO;JUNTAS DESCARBONIZAÇÃO;0;;
9;1285;02-36975-01;1285;023697501;CATEGORIA0;;1;1;0;1;;JUNTAS DESCARBONIZAÇÃO;JUNTAS DESCARBONIZAÇÃO;0;;
9;1285;02-36975-02;1285;023697502;CATEGORIA0;;1;1;0;1;;JUNTAS DESCARBONIZAÇÃO;JUNTAS DESCARBONIZAÇÃO;0;;
9;1285;02-37000-01;1285;023700001;CATEGORIA0;;1;1;0;1;;JUNTAS DESCARBONIZAÇÃO;JUNTAS DESCARBONIZAÇÃO;0;;
9;1285;02-37075-01;1285;023707501;CATEGORIA0;;1;1;0;1;;JG. JUNTAS;JG. JUNTAS;0;;
9;1285;02-37110-04;1285;023711004;CATEGORIA0;;1;1;0;1;;JUNTAS DESCARBONIZAÇÃO;JUNTAS DESCARBONIZAÇÃO;0;;
9;1285;02-37240-03;1285;023724003;CATEGORIA0;;1;1;0;1;;JG.JUNTAS DESC.;JG.JUNTAS DESC.;0;;
9;1285;02-37250-01;1285;023725001;CATEGORIA0;;1;1;0;1;;JUNTAS DESCARBONIZAÇÃO;JUNTAS DESCARBONIZAÇÃO;0;;
9;1285;02-37270-03;1285;023727003;CATEGORIA0;;1;1;0;1;;JG JUNTAS;JG JUNTAS;0;;
9;1285;02-37283-01;1285;023728301;CATEGORIA0;;1;1;0;1;;JUNTAS DESCARBONIZAÇÃO;JUNTAS DESCARBONIZAÇÃO;0;;
9;1285;02-37289-01;1285;023728901;CATEGORIA0;;1;1;0;1;;JUNTAS DESCARBONIZAÇÃO;JUNTAS DESCARBONIZAÇÃO;0;;
9;1285;02-37293-01;1285;023729301;CATEGORIA0;;1;1;0;1;;JUNTAS DESCARBONIZAÇÃO;JUNTAS DESCARBONIZAÇÃO;0;;
9;1285;02-37375-01;1285;023737501;CATEGORIA0;;1;1;0;1;;JUNTAS DESC.;JUNTAS DESC.;0;;
9;1285;02-37380-01;1285;023738001;CATEGORIA0;;1;1;0;1;;JUNTAS DESCARBONIZAÇÃO;JUNTAS DESCARBONIZAÇÃO;0;;
9;1285;02-37402-02;1285;023740202;CATEGORIA0;;1;1;0;1;;JUNTAS DESCARBONIZAÇÃO;JUNTAS DESCARBONIZAÇÃO;0;;
9;1285;02-37402-03;1285;023740203;CATEGORIA0;;1;1;0;1;;JUNTAS DESCARBONIZAÇÃO;JUNTAS DESCARBONIZAÇÃO;0;;
9;1285;02-37475-01;1285;023747501;CATEGORIA0;;1;1;0;1;;JUNTAS DESCARBONIZAÇÃO;JUNTAS DESCARBONIZAÇÃO;0;;
9;1285;02-37551-01;1285;023755101;CATEGORIA0;;1;1;0;1;;JG JUNTAS DESCARBONIZAÇÃO;JG JUNTAS DESCARBONIZAÇÃO;0;;
9;1285;02-37573-01;1285;023757301;CATEGORIA0;;1;1;0;1;;JG JUNTAS DESCARBONIZAÇÃO;JG JUNTAS DESCARBONIZAÇÃO;0;;
9;1285;02-37574-01;1285;023757401;CATEGORIA0;;1;1;0;1;;JG JUNTAS;JG JUNTAS;0;;
9;1285;02-37594-01;1285;023759401;CATEGORIA0;;1;1;0;1;;JUNTAS DESC.;JUNTAS DESC.;0;;
9;1285;02-37596-01;1285;023759601;CATEGORIA0;;1;1;0;1;;JUNTAS DESCARBONIZAÇÃO;JUNTAS DESCARBONIZAÇÃO;0;;
9;1285;02-37660-01;1285;023766001;CATEGORIA0;;1;1;0;1;;JUNTAS DESCARBONIZAÇÃO;JUNTAS DESCARBONIZAÇÃO;0;;
9;1285;02-37670-01;1285;023767001;CATEGORIA0;;1;1;0;1;;JUNTAS DESCARBONIZAÇÃO;JUNTAS DESCARBONIZAÇÃO;0;;
9;1285;02-37682-01;1285;023768201;CATEGORIA0;;1;1;0;1;;JUNTAS DESCARBONIZAÇÃO;JUNTAS DESCARBONIZAÇÃO;0;;
9;1285;02-37765-01;1285;023776501;CATEGORIA0;;1;1;0;1;;JUNTAS DESCARBONIZAÇÃO;JUNTAS DESCARBONIZAÇÃO;0;;
9;1285;02-37855-01;1285;023785501;CATEGORIA0;;1;1;0;1;;JUNTAS DESCARBONIZAÇÃO;JUNTAS DESCARBONIZAÇÃO;0;;
9;1285;02-37875-03;1285;023787503;CATEGORIA0;;1;1;0;1;;JUNTAS DESCARBONIZAÇÃO;JUNTAS DESCARBONIZAÇÃO;0;;
9;1285;02-37875-04;1285;023787504;CATEGORIA0;;1;1;0;1;;JG JUNTAS;JG JUNTAS;0;;
9;1285;02-37930-01;1285;023793001;CATEGORIA0;;1;1;0;1;;JUNTAS DESCARBONIZAÇÃO;JUNTAS DESCARBONIZAÇÃO;0;;
9;1285;02-38005-01;1285;023800501;CATEGORIA0;;1;1;0;1;;JUNTAS DESCARBONIZAÇÃO;JUNTAS DESCARBONIZAÇÃO;0;;
9;1285;02-38077-01;1285;023807701;CATEGORIA0;;1;1;0;1;;JUNTAS DESC.;JUNTAS DESC.;0;;
9;1285;02-38110-01;1285;023811001;CATEGORIA0;;1;1;0;1;;JUNTAS DESCABONIZAÇAO;JUNTAS DESCABONIZAÇAO;0;;
9;1285;02-38168-01;1285;023816801;CATEGORIA0;;1;1;0;1;;JOGO JUNTAS;JOGO JUNTAS;0;;
9;1285;02-38200-01;1285;023820001;CATEGORIA0;;1;1;0;1;;JUNTAS DESCARBONIZAÇÃO;JUNTAS DESCARBONIZAÇÃO;0;;
9;1285;02-38204-01;1285;023820401;CATEGORIA0;;1;1;0;1;;JUNTAS DESCARBONIZAÇÃO;JUNTAS DESCARBONIZAÇÃO;0;;
9;1285;02-38204-02;1285;023820402;CATEGORIA0;;1;1;0;1;;JUNTAS DESCARBONIZAÇÃO;JUNTAS DESCARBONIZAÇÃO;0;;
9;1285;02-38313-01;1285;023831301;CATEGORIA0;;1;1;0;1;;JUNTAS DESCARBONIZAÇÃO;JUNTAS DESCARBONIZAÇÃO;0;;
9;1285;02-38313-02;1285;023831302;CATEGORIA0;;1;1;0;1;;JUNTAS DESCARBONIZAÇÃO;JUNTAS DESCARBONIZAÇÃO;0;;
9;1285;02-38313-03;1285;023831303;CATEGORIA0;;1;1;0;1;;JUNTAS DESCARBONIZAÇÃO;JUNTAS DESCARBONIZAÇÃO;0;;
9;1285;02-38313-06;1285;023831306;CATEGORIA0;;1;1;0;1;;JG JUNTAS;JG JUNTAS;0;;
9;1285;02-38317-01;1285;023831701;CATEGORIA0;;1;1;0;1;;JG JUNTAS DESCARBONIZAÇÃO;JG JUNTAS DESCARBONIZAÇÃO;0;;
9;1285;02-38371-01;1285;023837101;CATEGORIA0;;1;1;0;1;;JUNTAS DESCARBONIZAÇÃO;JUNTAS DESCARBONIZAÇÃO;0;;
9;1285;02-38371-02;1285;023837102;CATEGORIA0;;1;1;0;1;;JUNTAS DESCARBONIZAÇÃO;JUNTAS DESCARBONIZAÇÃO;0;;
9;1285;02-38449-01;1285;023844901;CATEGORIA0;;1;1;0;1;;JUNTAS DESCARBONIZAÇÃO;JUNTAS DESCARBONIZAÇÃO;0;;
9;1285;02-38558-01;1285;023855801;CATEGORIA0;;1;1;0;1;;JUNTAS DESCARBONIZAÇÃO;JUNTAS DESCARBONIZAÇÃO;0;;
9;1285;02-38835-01;1285;023883501;CATEGORIA0;;1;1;0;1;;JUNTAS DESCARBONIZAÇÃO;JUNTAS DESCARBONIZAÇÃO;0;;
9;1285;02-38931-01;1285;023893101;CATEGORIA0;;1;1;0;1;;JUNTAS DESCARBONIZAÇÃO;JUNTAS DESCARBONIZAÇÃO;0;;
9;1285;02-39244-01;1285;023924401;CATEGORIA0;;1;1;0;1;;JUNTAS DESCARBONIZAÇÃO;JUNTAS DESCARBONIZAÇÃO;0;;
9;1285;02-39286-01;1285;023928601;CATEGORIA0;;1;1;0;1;;JUNTAS DESCARBONIZAÇÃO;JUNTAS DESCARBONIZAÇÃO;0;;
9;1285;02-39346-01;1285;023934601;CATEGORIA0;;1;1;0;1;;JUNTAS DESCARBONIZAÇÃO;JUNTAS DESCARBONIZAÇÃO;0;;
9;1285;02-39346-02;1285;023934602;CATEGORIA0;;1;1;0;1;;JUNTAS DESCARBONIZAÇÃO;JUNTAS DESCARBONIZAÇÃO;0;;
9;1285;02-39354-01;1285;023935401;CATEGORIA0;;1;1;0;1;;JUNTAS DESCARBONIZAÇÃO;JUNTAS DESCARBONIZAÇÃO;0;;
9;1285;02-39438-01;1285;023943801;CATEGORIA0;;1;1;0;1;;JUNTAS DESCARBONIZAÇÃO;JUNTAS DESCARBONIZAÇÃO;0;;
9;1285;02-39584-01;1285;023958401;CATEGORIA0;;1;1;0;1;;JUNTAS DESCARBONIZAÇÃO;JUNTAS DESCARBONIZAÇÃO;0;;
9;1285;02-40486-01;1285;024048601;CATEGORIA0;;1;1;0;1;;JUNTAS DESCARBONIZAÇÃO;JUNTAS DESCARBONIZAÇÃO;0;;
9;1285;02-40486-03;1285;024048603;CATEGORIA0;;1;1;0;1;;JUNTAS DESCARBONIZAÇÃO;JUNTAS DESCARBONIZAÇÃO;0;;
9;1285;02-40508-01;1285;024050801;CATEGORIA0;;1;1;0;1;;JUNTAS DESCARBONIZAÇÃO;JUNTAS DESCARBONIZAÇÃO;0;;
9;1285;02-40780-01;1285;024078001;CATEGORIA0;;1;1;0;1;;JUNTAS DESCARBONIZAÇÃO;JUNTAS DESCARBONIZAÇÃO;0;;
9;1285;02-40780-02;1285;024078002;CATEGORIA0;;1;1;0;1;;JUNTAS DESCARBONIZAÇÃO;JUNTAS DESCARBONIZAÇÃO;0;;
9;1285;02-40780-03;1285;024078003;CATEGORIA0;;1;1;0;1;;JUNTAS DESCARBONIZAÇÃO;JUNTAS DESCARBONIZAÇÃO;0;;
9;1285;02-40780-04;1285;024078004;CATEGORIA0;;1;1;0;1;;JUNTAS DESCARBONIZAÇÃO;JUNTAS DESCARBONIZAÇÃO;0;;
9;1285;02-40842-01;1285;024084201;CATEGORIA0;;1;1;0;1;;JUNTAS DESCARBONIZAÇÃO;JUNTAS DESCARBONIZAÇÃO;0;;
9;1285;02-40903-01;1285;024090301;CATEGORIA0;;1;1;0;1;;JUNTAS DESCARBONIZAÇÃO;JUNTAS DESCARBONIZAÇÃO;0;;
9;1285;02-40903-02;1285;024090302;CATEGORIA0;;1;1;0;1;;JUNTAS DESCARBONIZAÇÃO;JUNTAS DESCARBONIZAÇÃO;0;;
9;1285;02-40983-01;1285;024098301;CATEGORIA0;;1;1;0;1;;JUNTAS DESCARBONIZAÇÃO;JUNTAS DESCARBONIZAÇÃO;0;;
9;1285;02-41094-01;1285;024109401;CATEGORIA0;;1;1;0;1;;JUNTAS DESCARBONIZAÇÃO;JUNTAS DESCARBONIZAÇÃO;0;;
9;1285;02-41128-01;1285;024112801;CATEGORIA0;;1;1;0;1;;JUNTAS DESCARBONIZAÇÃO;JUNTAS DESCARBONIZAÇÃO;0;;
9;1285;02-41296-01;1285;024129601;CATEGORIA0;;1;1;0;1;;JUNTAS DESCARBONIZAÇÃO;JUNTAS DESCARBONIZAÇÃO;0;;
9;1285;02-41705-01;1285;024170501;CATEGORIA0;;1;1;0;1;;JUNTAS DESCARBONIZAÇÃO;JUNTAS DESCARBONIZAÇÃO;0;;
9;1285;02-42061-02;1285;024206102;CATEGORIA0;;1;1;0;1;;JUNTAS DESCARBONIZAÇÃO;JUNTAS DESCARBONIZAÇÃO;0;;
9;1285;02-42091-01;1285;024209101;CATEGORIA0;;1;1;0;1;;JG JUNTAS DESCARBONIZAÇÃO;JG JUNTAS DESCARBONIZAÇÃO;0;;
9;1285;02-42135-01;1285;024213501;CATEGORIA0;;1;1;0;1;;JUNTAS DESCARBONIZAÇÃO;JUNTAS DESCARBONIZAÇÃO;0;;
9;1285;02-42140-01;1285;024214001;CATEGORIA0;;1;1;0;1;;JG JUNTAS DE DESCARBONIZAÇÃO;JG JUNTAS DE DESCARBONIZAÇÃO;0;;
9;1285;02-42145-01;1285;024214501;CATEGORIA0;;1;1;0;1;;JUNTAS DESCARBONIZAÇÃO;JUNTAS DESCARBONIZAÇÃO;0;;
9;1285;02-42284-01;1285;024228401;CATEGORIA0;;1;1;0;1;;JG. JUNTAS DESC.;JG. JUNTAS DESC.;0;;
9;1285;02-42374-01;1285;024237401;CATEGORIA0;;1;1;0;1;;JUNTAS DESCARBONIZAÇÃO;JUNTAS DESCARBONIZAÇÃO;0;;
9;1285;02-42374-02;1285;024237402;CATEGORIA0;;1;1;0;1;;JUNTAS DESCARBONIZAÇÃO;JUNTAS DESCARBONIZAÇÃO;0;;
9;1285;02-43170-01;1285;024317001;CATEGORIA0;;1;1;0;1;;JUNTAS DESCARBONIZAÇÃO;JUNTAS DESCARBONIZAÇÃO;0;;
9;1285;02-50919-10;1285;025091910;CATEGORIA0;;1;1;0;1;;JUNTAS DESCARBONIZAÇÃO;JUNTAS DESCARBONIZAÇÃO;0;;
9;1285;02-50919-11;1285;025091911;CATEGORIA0;;1;1;0;1;;JUNTAS DESCARBONIZAÇÃO;JUNTAS DESCARBONIZAÇÃO;0;;
9;1285;02-52065-05;1285;025206505;CATEGORIA0;;1;1;0;1;;JUNTAS DESCARBONIZAÇÃO;JUNTAS DESCARBONIZAÇÃO;0;;
9;1285;02-52125-01;1285;025212501;CATEGORIA0;;1;1;0;1;;JUNTAS DESCARBONIZAÇÃO;JUNTAS DESCARBONIZAÇÃO;0;;
9;1285;02-52131-05;1285;025213105;CATEGORIA0;;1;1;0;1;;JUNTAS DESCARBONIZAÇÃO;JUNTAS DESCARBONIZAÇÃO;0;;
9;1285;02-52134-01;1285;025213401;CATEGORIA0;;1;1;0;1;;JUNTAS DESCARBONIZAÇÃO;JUNTAS DESCARBONIZAÇÃO;0;;
9;1285;02-52134-03;1285;025213403;CATEGORIA0;;1;1;0;1;;JUNTAS DESCARBONIZAÇÃO;JUNTAS DESCARBONIZAÇÃO;0;;
9;1285;02-52136-01;1285;025213601;CATEGORIA0;;1;1;0;1;;JUNTAS DESCARBONIZAÇÃO;JUNTAS DESCARBONIZAÇÃO;0;;
9;1285;02-52141-01;1285;025214101;CATEGORIA0;;1;1;0;1;;JUNTAS DESCARBONIZAÇÃO;JUNTAS DESCARBONIZAÇÃO;0;;
9;1285;02-52141-02;1285;025214102;CATEGORIA0;;1;1;0;1;;JUNTAS DESCARBONIZAÇÃO;JUNTAS DESCARBONIZAÇÃO;0;;
9;1285;02-52156-02;1285;025215602;CATEGORIA0;;1;1;0;1;;JUNTAS DESCARBONIZAÇÃO;JUNTAS DESCARBONIZAÇÃO;0;;
9;1285;02-52160-04;1285;025216004;CATEGORIA0;;1;1;0;1;;JUNTAS DESCARBONIZAÇÃO;JUNTAS DESCARBONIZAÇÃO;0;;
9;1285;02-52170-01;1285;025217001;CATEGORIA0;;1;1;0;1;;JUNTAS DESCARBONIZAÇÃO;JUNTAS DESCARBONIZAÇÃO;0;;
9;1285;02-52185-04;1285;0252185804;CATEGORIA0;;1;1;0;1;;JOGO JUNTAS;JOGO JUNTAS;0;;
9;1285;02-52215-03;1285;025221503;CATEGORIA0;;1;1;0;1;;JUNTAS DESCARBONIZAÇÃO;JUNTAS DESCARBONIZAÇÃO;0;;
9;1285;02-52220-04;1285;025222004;CATEGORIA0;;1;1;0;1;;JUNTAS DESCARBONIZAÇÃO;JUNTAS DESCARBONIZAÇÃO;0;;
9;1285;02-52230-01;1285;025223001;CATEGORIA0;;1;1;0;1;;JUNTAS DESCARBONIZAÇÃO;JUNTAS DESCARBONIZAÇÃO;0;;
9;1285;02-52244-01;1285;025224401;CATEGORIA0;;1;1;0;1;;JUNTAS DESCARBONIZAÇÃO;JUNTAS DESCARBONIZAÇÃO;0;;
9;1285;02-52247-01;1285;025224701;CATEGORIA0;;1;1;0;1;;JUNTAS DESCARBONIZAÇÃO;JUNTAS DESCARBONIZAÇÃO;0;;
9;1285;02-52248-01;1285;025224801;CATEGORIA0;;1;1;0;1;;JG JUNTAS;JG JUNTAS;0;;
9;1285;02-52252-03;1285;025225203;CATEGORIA0;;1;1;0;1;;JUNTAS DESCARB.;JUNTAS DESCARB.;0;;
9;1285;02-52295-04;1285;025229504;CATEGORIA0;;1;1;0;1;;JUNTAS DESCARBONIZAÇÃO;JUNTAS DESCARBONIZAÇÃO;0;;
9;1285;02-52305-03;1285;025230503;CATEGORIA0;;1;1;0;1;;JUNTAS DESCARBONIZAÇÃO;JUNTAS DESCARBONIZAÇÃO;0;;
9;1285;02-52330-02;1285;025233002;CATEGORIA0;;1;1;0;1;;JUNTAS DESCARBONIZAÇÃO;JUNTAS DESCARBONIZAÇÃO;0;;
9;1285;02-52330-03;1285;025233003;CATEGORIA0;;1;1;0;1;;JUNTAS DESCARBONIZAÇÃO;JUNTAS DESCARBONIZAÇÃO;0;;
9;1285;02-52355-01;1285;025235501;CATEGORIA0;;1;1;0;1;;JUNTAS DESCARBONIZAÇÃO;JUNTAS DESCARBONIZAÇÃO;0;;
9;1285;02-52355-02;1285;025235502;CATEGORIA0;;1;1;0;1;;JUNTAS DESCARBONIZAÇÃO;JUNTAS DESCARBONIZAÇÃO;0;;
9;1285;02-52370-01;1285;025237001;CATEGORIA0;;1;1;0;1;;JUNTAS DESCARBONIZAÇÃO;JUNTAS DESCARBONIZAÇÃO;0;;
9;1285;02-52380-01;1285;025238001;CATEGORIA0;;1;1;0;1;;JUNTAS DESCARBONIZAÇÃO;JUNTAS DESCARBONIZAÇÃO;0;;
9;1285;02-52400-01;1285;025240001;CATEGORIA0;;1;1;0;1;;JUNTAS DESCARBONIZAÇÃO;JUNTAS DESCARBONIZAÇÃO;0;;
9;1285;02-52405-01;1285;025240501;CATEGORIA0;;1;1;0;1;;JUNTAS DESCARBONIZAÇÃO;JUNTAS DESCARBONIZAÇÃO;0;;
9;1285;02-52410-01;1285;025241001;CATEGORIA0;;1;1;0;1;;JUNTAS DESCARBONIZAÇÃO;JUNTAS DESCARBONIZAÇÃO;0;;
9;1285;02-52414-01;1285;025241401;CATEGORIA0;;1;1;0;1;;JOGO JUNTAS DESCARBONIZAÇÃO;JOGO JUNTAS DESCARBONIZAÇÃO;0;;
9;1285;02-52425-04;1285;025242504;CATEGORIA0;;1;1;0;1;;JUNTAS DESCARBONIZAÇÃO;JUNTAS DESCARBONIZAÇÃO;0;;
9;1285;02-52440-03;1285;025244003;CATEGORIA0;;1;1;0;1;;JUNTAS DESCARBONIZAÇÃO;JUNTAS DESCARBONIZAÇÃO;0;;
9;1285;02-52475-01;1285;025247501;CATEGORIA0;;1;1;0;1;;JUNTAS DESCARBONIZAÇÃO;JUNTAS DESCARBONIZAÇÃO;0;;
9;1285;02-52475-02;1285;025247502;CATEGORIA0;;1;1;0;1;;JUNTAS DESCARBONIZAÇÃO;JUNTAS DESCARBONIZAÇÃO;0;;
9;1285;02-52490-01;1285;025249001;CATEGORIA0;;1;1;0;1;;JUNTAS DESCARBONIZAÇÃO;JUNTAS DESCARBONIZAÇÃO;0;;
9;1285;02-52490-02;1285;025249002;CATEGORIA0;;1;1;0;1;;JUNTAS DESCARBONIZAÇÃO;JUNTAS DESCARBONIZAÇÃO;0;;
9;1285;02-52505-01;1285;025250501;CATEGORIA0;;1;1;0;1;;JUNTAS DESCARBONIZAÇÃO;JUNTAS DESCARBONIZAÇÃO;0;;
9;1285;02-52517-02;1285;025251702;CATEGORIA0;;1;1;0;1;;JUNTAS DESCARBONIZAÇÃO;JUNTAS DESCARBONIZAÇÃO;0;;
9;1285;02-52520-01;1285;025252001;CATEGORIA0;;1;1;0;1;;JG JUNTAS;JG JUNTAS;0;;
9;1285;02-52550-02;1285;025255002;CATEGORIA0;;1;1;0;1;;JUNTAS DESCARBONIZAÇÃO;JUNTAS DESCARBONIZAÇÃO;0;;
9;1285;02-52560-04;1285;025256004;CATEGORIA0;;1;1;0;1;;JUNTAS DESCARBONIZAÇÃO;JUNTAS DESCARBONIZAÇÃO;0;;
9;1285;02-52573-01;1285;025257301;CATEGORIA0;;1;1;0;1;;JUNTAS DESCARBONIZAÇÃO;JUNTAS DESCARBONIZAÇÃO;0;;
9;1285;02-52575-01;1285;025257501;CATEGORIA0;;1;1;0;1;;JUNTAS DESCARBONIZAÇÃO;JUNTAS DESCARBONIZAÇÃO;0;;
9;1285;02-52585-01;1285;025258501;CATEGORIA0;;1;1;0;1;;JG JUNTAS;JG JUNTAS;0;;
9;1285;02-52615-01;1285;025261501;CATEGORIA0;;1;1;0;1;;JUNTAS DESCARBONIZAÇÃO;JUNTAS DESCARBONIZAÇÃO;0;;
9;1285;02-52620-02;1285;025262002;CATEGORIA0;;1;1;0;1;;JUNTAS DESCARBONIZAÇÃO;JUNTAS DESCARBONIZAÇÃO;0;;
9;1285;02-52630-01;1285;025263001;CATEGORIA0;;1;1;0;1;;JUNTAS DESCARBONIZAÇÃO;JUNTAS DESCARBONIZAÇÃO;0;;
9;1285;02-52645-01;1285;025264501;CATEGORIA0;;1;1;0;1;;JUNTAS DESCARBONIZAÇÃO;JUNTAS DESCARBONIZAÇÃO;0;;
9;1285;02-52675-01;1285;025267501;CATEGORIA0;;1;1;0;1;;JG. JUNTAS;JG. JUNTAS;0;;
9;1285;02-52680-01;1285;025268001;CATEGORIA0;;1;1;0;1;;JUNTAS DESCARBONIZAÇÃO;JUNTAS DESCARBONIZAÇÃO;0;;
9;1285;02-52682-01;1285;025268201;CATEGORIA0;;1;1;0;1;;JUNTAS DESCARBONIZAÇÃO;JUNTAS DESCARBONIZAÇÃO;0;;
9;1285;02-52685-01;1285;025268501;CATEGORIA0;;1;1;0;1;;JUNTAS DESCARBONIZAÇÃO;JUNTAS DESCARBONIZAÇÃO;0;;
9;1285;02-52690-01;1285;025269001;CATEGORIA0;;1;1;0;1;;JG JUNTAS;JG JUNTAS;0;;
9;1285;02-52690-02;1285;025269002;CATEGORIA0;;1;1;0;1;;JUNTAS DESCARBONIZAÇÃO;JUNTAS DESCARBONIZAÇÃO;0;;
9;1285;02-52693-01;1285;025269301;CATEGORIA0;;1;1;0;1;;JUNTAS DESCARBONIZAÇÃO;JUNTAS DESCARBONIZAÇÃO;0;;
9;1285;02-52695-01;1285;025269501;CATEGORIA0;;1;1;0;1;;JUNTAS DESCARBONIZAÇÃO;JUNTAS DESCARBONIZAÇÃO;0;;
9;1285;02-52715-01;1285;025271501;CATEGORIA0;;1;1;0;1;;JUNTAS DESCARBONIZAÇÃO;JUNTAS DESCARBONIZAÇÃO;0;;
9;1285;02-52717-01;1285;025271701;CATEGORIA0;;1;1;0;1;;JUNTAS DESCARBONIZAÇÃO;JUNTAS DESCARBONIZAÇÃO;0;;
9;1285;02-52720-01;1285;025272001;CATEGORIA0;;1;1;0;1;;JG JUNTAS;JG JUNTAS;0;;
9;1285;02-52735-01;1285;025273501;CATEGORIA0;;1;1;0;1;;JG. JUNTAS DESC.;JG. JUNTAS DESC.;0;;
9;1285;02-52740-01;1285;025274001;CATEGORIA0;;1;1;0;1;;JUNTAS DESCARBONIZAÇÃO;JUNTAS DESCARBONIZAÇÃO;0;;
9;1285;02-52745-01;1285;025274501;CATEGORIA0;;1;1;0;1;;JUNTAS DESC.;JUNTAS DESC.;0;;
9;1285;02-52745-02;1285;025274502;CATEGORIA0;;1;1;0;1;;JUNTAS DESCARBONIZAÇÃO;JUNTAS DESCARBONIZAÇÃO;0;;
9;1285;02-52750-01;1285;025275001;CATEGORIA0;;1;1;0;1;;JUNTAS DESC.;JUNTAS DESC.;0;;
9;1285;02-52755-01;1285;025275501;CATEGORIA0;;1;1;0;1;;JUNTAS DESC.;JUNTAS DESC.;0;;
9;1285;02-52763-01;1285;025276301;CATEGORIA0;;1;1;0;1;;JUNTAS DESCARBONIZAÇÃO;JUNTAS DESCARBONIZAÇÃO;0;;
9;1285;02-52785-01;1285;025278501;CATEGORIA0;;1;1;0;1;;JUNTAS DESCARBONIZAÇÃO;JUNTAS DESCARBONIZAÇÃO;0;;
9;1285;02-52795-01;1285;025279501;CATEGORIA0;;1;1;0;1;;JUNTAS DESCARBONIZAÇÃO;JUNTAS DESCARBONIZAÇÃO;0;;
9;1285;02-52795-02;1285;025279502;CATEGORIA0;;1;1;0;1;;JUNTAS DESCARBONIZAÇÃO;JUNTAS DESCARBONIZAÇÃO;0;;
9;1285;02-52810-01;1285;025281001;CATEGORIA0;;1;1;0;1;;JUNTAS DESCARBONIZAÇÃO;JUNTAS DESCARBONIZAÇÃO;0;;
9;1285;02-52845-01;1285;025284501;CATEGORIA0;;1;1;0;1;;JUNTAS DESCARBONIZAÇÃO;JUNTAS DESCARBONIZAÇÃO;0;;
9;1285;02-52870-01;1285;025287001;CATEGORIA0;;1;1;0;1;;JUNTAS DESCARBONIZAÇÃO;JUNTAS DESCARBONIZAÇÃO;0;;
9;1285;02-52870-02;1285;025287002;CATEGORIA0;;1;1;0;1;;JUNTAS DESCARBONIZAÇÃO;JUNTAS DESCARBONIZAÇÃO;0;;
9;1285;02-52875-07;1285;025287507;CATEGORIA0;;1;1;0;1;;JUNTAS DESCARBONIZAÇÃO;JUNTAS DESCARBONIZAÇÃO;0;;
9;1285;02-52885-01;1285;025288501;CATEGORIA0;;1;1;0;1;;JUNTAS DESCARBONIZAÇÃO;JUNTAS DESCARBONIZAÇÃO;0;;
9;1285;02-52898-01;1285;025289801;CATEGORIA0;;1;1;0;1;;JUNTAS DESCARBONIZAÇÃO;JUNTAS DESCARBONIZAÇÃO;0;;
9;1285;02-52898-02;1285;025289802;CATEGORIA0;;1;1;0;1;;JUNTAS DESCARBONIZAÇÃO;JUNTAS DESCARBONIZAÇÃO;0;;
9;1285;02-52910-02;1285;025291002;CATEGORIA0;;1;1;0;1;;JUNTAS DESCARBONIZAÇÃO;JUNTAS DESCARBONIZAÇÃO;0;;
9;1285;02-52925-01;1285;025292501;CATEGORIA0;;1;1;0;1;;JUNTAS DESCARBONIZAÇÃO;JUNTAS DESCARBONIZAÇÃO;0;;
9;1285;02-52929-01;1285;025292901;CATEGORIA0;;1;1;0;1;;JUNTAS DESCARBONIZAÇÃO;JUNTAS DESCARBONIZAÇÃO;0;;
9;1285;02-52929-02;1285;025292902;CATEGORIA0;;1;1;0;1;;JUNTAS DESCARBONIZAÇÃO;JUNTAS DESCARBONIZAÇÃO;0;;
9;1285;02-52935-01;1285;025293501;CATEGORIA0;;1;1;0;1;;JOGO DE JUNRAS DE DESCARBONIZAÇÃO;JOGO DE JUNRAS DE DESCARBONIZAÇÃO;0;;
9;1285;02-52937-01;1285;025293701;CATEGORIA0;;1;1;0;1;;JUNTAS DESCARBONIZAÇÃO;JUNTAS DESCARBONIZAÇÃO;0;;
9;1285;02-52980-01;1285;025298001;CATEGORIA0;;1;1;0;1;;JUNTAS DESCARBONIZAÇÃO;JUNTAS DESCARBONIZAÇÃO;0;;
9;1285;02-52988-01;1285;025298801;CATEGORIA0;;1;1;0;1;;JUNTAS DESCARBONIZAÇÃO;JUNTAS DESCARBONIZAÇÃO;0;;
9;1285;02-52989-01;1285;025298901;CATEGORIA0;;1;1;0;1;;JUNTAS DESCARBONIZAÇÃO;JUNTAS DESCARBONIZAÇÃO;0;;
9;1285;02-53005-01;1285;025300501;CATEGORIA0;;1;1;0;1;;JUNTAS DESCARBONIZAÇÃO;JUNTAS DESCARBONIZAÇÃO;0;;
9;1285;02-53010-01;1285;025301001;CATEGORIA0;;1;1;0;1;;JUNTAS DESCARBONIZAÇÃO;JUNTAS DESCARBONIZAÇÃO;0;;
9;1285;02-53050-01;1285;025305001;CATEGORIA0;;1;1;0;1;;JUNTAS DESCARBONIZAÇÃO;JUNTAS DESCARBONIZAÇÃO;0;;
9;1285;02-53065-01;1285;025306501;CATEGORIA0;;1;1;0;1;;JUNTAS DESCARBONIZAÇÃO;JUNTAS DESCARBONIZAÇÃO;0;;
9;1285;02-53098-01;1285;025309801;CATEGORIA0;;1;1;0;1;;JUNTAS DESCARBONIZAÇÃO;JUNTAS DESCARBONIZAÇÃO;0;;
9;1285;02-53098-02;1285;025309802;CATEGORIA0;;1;1;0;1;;JUNTAS DESC;JUNTAS DESC;0;;
9;1285;02-53101-01;1285;025310101;CATEGORIA0;;1;1;0;1;;JUNTAS DESCARBONIZAÇÃO;JUNTAS DESCARBONIZAÇÃO;0;;
9;1285;02-53115-01;1285;025311501;CATEGORIA0;;1;1;0;1;;JUNTAS DESC.;JUNTAS DESC.;0;;
9;1285;02-53135-01;1285;025313501;CATEGORIA0;;1;1;0;1;;JUNTAS DESCARBONIZAÇÃO;JUNTAS DESCARBONIZAÇÃO;0;;
9;1285;02-53140-01;1285;025314001;CATEGORIA0;;1;1;0;1;;JUNTAS DESCARBONIZAÇÃO;JUNTAS DESCARBONIZAÇÃO;0;;
9;1285;02-53146-01;1285;025314601;CATEGORIA0;;1;1;0;1;;JUNTAS DESCARBONIZAÇÃO;JUNTAS DESCARBONIZAÇÃO;0;;
9;1285;02-53147-01;1285;025314701;CATEGORIA0;;1;1;0;1;;JUNTAS DESCARBONIZAÇÃO;JUNTAS DESCARBONIZAÇÃO;0;;
9;1285;02-53147-02;1285;025314702;CATEGORIA0;;1;1;0;1;;JUNTAS DESCARBONIZAÇÃO;JUNTAS DESCARBONIZAÇÃO;0;;
9;1285;02-53155-01;1285;025315501;CATEGORIA0;;1;1;0;1;;JUNTAS DESCARBONIZAÇÃO;JUNTAS DESCARBONIZAÇÃO;0;;
9;1285;02-53175-01;1285;025317501;CATEGORIA0;;1;1;0;1;;JUNTAS DESCARBONIZAÇÃO;JUNTAS DESCARBONIZAÇÃO;0;;
9;1285;02-53175-02;1285;025317502;CATEGORIA0;;1;1;0;1;;JG JUNTAS;JG JUNTAS;0;;
9;1285;02-53194-01;1285;025319401;CATEGORIA0;;1;1;0;1;;JUNTAS DESCARBONIZAÇÃO;JUNTAS DESCARBONIZAÇÃO;0;;
9;1285;02-53199-01;1285;025319901;CATEGORIA0;;1;1;0;1;;JUNTAS DESCARBONIZAÇÃO;JUNTAS DESCARBONIZAÇÃO;0;;
9;1285;02-53210-01;1285;025321001;CATEGORIA0;;1;1;0;1;;JUNTAS DESCARBONIZAÇÃO;JUNTAS DESCARBONIZAÇÃO;0;;
9;1285;02-53215-01;1285;025321501;CATEGORIA0;;1;1;0;1;;JUNTAS DESCARBONIZAÇÃO;JUNTAS DESCARBONIZAÇÃO;0;;
9;1285;02-53225-01;1285;025322501;CATEGORIA0;;1;1;0;1;;JUNTAS DESCARBONIZAÇÃO;JUNTAS DESCARBONIZAÇÃO;0;;
9;1285;02-53225-03;1285;025322503;CATEGORIA0;;1;1;0;1;;JUNTAS DESCARBONIZAÇÃO;JUNTAS DESCARBONIZAÇÃO;0;;
9;1285;02-53275-01;1285;025327501;CATEGORIA0;;1;1;0;1;;JUNTAS DESCARBONIZAÇÃO;JUNTAS DESCARBONIZAÇÃO;0;;
9;1285;02-53280-01;1285;025328001;CATEGORIA0;;1;1;0;1;;JUNTAS DESCARBONIZAÇÃO;JUNTAS DESCARBONIZAÇÃO;0;;
9;1285;02-53300-01;1285;025330001;CATEGORIA0;;1;1;0;1;;JUNTAS DESCARBONIZAÇÃO;JUNTAS DESCARBONIZAÇÃO;0;;
9;1285;02-53305-01;1285;025330501;CATEGORIA0;;1;1;0;1;;JUNTAS DESCARBONIZAÇÃO;JUNTAS DESCARBONIZAÇÃO;0;;
9;1285;02-53335-01;1285;025333501;CATEGORIA0;;1;1;0;1;;JUNTAS DESCARBONIZAÇÃO;JUNTAS DESCARBONIZAÇÃO;0;;
9;1285;02-53345-01;1285;025334501;CATEGORIA0;;1;1;0;1;;JUNTAS DESCARBONIZAÇÃO;JUNTAS DESCARBONIZAÇÃO;0;;
9;1285;02-53355-01;1285;025335501;CATEGORIA0;;1;1;0;1;;JUNTAS DESCARBONIZAÇÃO;JUNTAS DESCARBONIZAÇÃO;0;;
9;1285;02-53360-01;1285;025336001;CATEGORIA0;;1;1;0;1;;JUNTAS DESCARBONIZAÇÃO;JUNTAS DESCARBONIZAÇÃO;0;;
9;1285;02-53370-01;1285;025337001;CATEGORIA0;;1;1;0;1;;JUNTAS DESCARBONIZAÇÃO;JUNTAS DESCARBONIZAÇÃO;0;;
9;1285;02-53370-02;1285;025337002;CATEGORIA0;;1;1;0;1;;JUNTAS DESCARBONIZAÇÃO;JUNTAS DESCARBONIZAÇÃO;0;;
9;1285;02-53380-01;1285;025338001;CATEGORIA0;;1;1;0;1;;JUNTAS DESCARBONIZAÇÃO;JUNTAS DESCARBONIZAÇÃO;0;;
9;1285;02-53395-01;1285;025339501;CATEGORIA0;;1;1;0;1;;JUNTAS DESCARBONIZAÇÃO;JUNTAS DESCARBONIZAÇÃO;0;;
9;1285;02-53410-01;1285;025341001;CATEGORIA0;;1;1;0;1;;JUNTAS DESCARBONIZAÇÃO;JUNTAS DESCARBONIZAÇÃO;0;;
9;1285;02-53425-01;1285;025342501;CATEGORIA0;;1;1;0;1;;JUNTAS DESCARBONIZAÇÃO;JUNTAS DESCARBONIZAÇÃO;0;;
9;1285;02-53425-04;1285;025342504;CATEGORIA0;;1;1;0;1;;JUNTAS DESCARBONIZAÇÃO;JUNTAS DESCARBONIZAÇÃO;0;;
9;1285;02-53427-01;1285;025342701;CATEGORIA0;;1;1;0;1;;JUNTAS DESCARBONIZAÇÃO;JUNTAS DESCARBONIZAÇÃO;0;;
9;1285;02-53447-01;1285;025344701;CATEGORIA0;;1;1;0;1;;JUNTAS DESCARBONIZAÇÃO;JUNTAS DESCARBONIZAÇÃO;0;;
9;1285;02-53448-01;1285;025344801;CATEGORIA0;;1;1;0;1;;JUNTAS DESCARBONIZAÇÃO;JUNTAS DESCARBONIZAÇÃO;0;;
9;1285;02-53450-01;1285;025345001;CATEGORIA0;;1;1;0;1;;JUNTAS DESCARBONIZAÇÃO;JUNTAS DESCARBONIZAÇÃO;0;;
9;1285;02-53470-02;1285;025347002;CATEGORIA0;;1;1;0;1;;JUNTAS DESCARBONIZAÇÃO;JUNTAS DESCARBONIZAÇÃO;0;;
9;1285;02-53470-03;1285;025347003;CATEGORIA0;;1;1;0;1;;JUNTAS DESCARBONIZAÇÃO;JUNTAS DESCARBONIZAÇÃO;0;;
9;1285;02-53470-04;1285;025347004;CATEGORIA0;;1;1;0;1;;JUNTAS DESCARBONIZAÇÃO;JUNTAS DESCARBONIZAÇÃO;0;;
9;1285;02-53480-01;1285;025348001;CATEGORIA0;;1;1;0;1;;JUNTAS DESCARBONIZAÇÃO;JUNTAS DESCARBONIZAÇÃO;0;;
9;1285;02-53496-01;1285;025349601;CATEGORIA0;;1;1;0;1;;JUNTAS DESCARBONIZAÇÃO;JUNTAS DESCARBONIZAÇÃO;0;;
9;1285;02-53558-01;1285;025355801;CATEGORIA0;;1;1;0;1;;JUNTAS DESCARBONIZAÇÃO;JUNTAS DESCARBONIZAÇÃO;0;;
9;1285;02-53558-02;1285;025355802;CATEGORIA0;;1;1;0;1;;JUNTAS DESCARBONIZAÇÃO;JUNTAS DESCARBONIZAÇÃO;0;;
9;1285;02-53559-01;1285;025355901;CATEGORIA0;;1;1;0;1;;JG JUNTAS DESCARBONIZAÇÃO;JG JUNTAS DESCARBONIZAÇÃO;0;;
9;1285;02-53583-01;1285;025358301;CATEGORIA0;;1;1;0;1;;JUNTAS DESCARBONIZAÇÃO;JUNTAS DESCARBONIZAÇÃO;0;;
9;1285;02-53583-02;1285;025358302;CATEGORIA0;;1;1;0;1;;JUNTAS DESCARBONIZAÇÃO;JUNTAS DESCARBONIZAÇÃO;0;;
9;1285;02-53585-01;1285;025358501;CATEGORIA0;;1;1;0;1;;JUNTAS DESCARBONIZAÇÃO;JUNTAS DESCARBONIZAÇÃO;0;;
9;1285;02-53585-02;1285;025358502;CATEGORIA0;;1;1;0;1;;JUNTAS DESCARBONIZAÇÃO;JUNTAS DESCARBONIZAÇÃO;0;;
9;1285;02-53585-03;1285;025358503;CATEGORIA0;;1;1;0;1;;JUNTAS DESCARBONIZAÇÃO;JUNTAS DESCARBONIZAÇÃO;0;;
9;1285;02-53619-01;1285;025361901;CATEGORIA0;;1;1;0;1;;JUNTAS DESCARBONIZAÇÃO;JUNTAS DESCARBONIZAÇÃO;0;;
9;1285;02-53640-03;1285;025364003;CATEGORIA0;;1;1;0;1;;JUNTAS DESCARBONIZAÇÃO;JUNTAS DESCARBONIZAÇÃO;0;;
9;1285;02-53690-01;1285;025369001;CATEGORIA0;;1;1;0;1;;JUNTAS DESCARBONIZAÇÃO;JUNTAS DESCARBONIZAÇÃO;0;;
9;1285;02-53690-02;1285;025369002;CATEGORIA0;;1;1;0;1;;JG JUNTAS DESCARBONIZAÇÃO;JG JUNTAS DESCARBONIZAÇÃO;0;;
9;1285;02-53694-01;1285;025369401;CATEGORIA0;;1;1;0;1;;JUNTAS DESCARBONIZAÇÃO;JUNTAS DESCARBONIZAÇÃO;0;;
9;1285;02-53705-03;1285;025370503;CATEGORIA0;;1;1;0;1;;JUNTAS DESCARBONIZAÇÃO;JUNTAS DESCARBONIZAÇÃO;0;;
9;1285;02-53727-01;1285;025372701;CATEGORIA0;;1;1;0;1;;JUNTAS DESCARBONIZAÇÃO;JUNTAS DESCARBONIZAÇÃO;0;;
9;1285;02-53739-01;1285;025373901;CATEGORIA0;;1;1;0;1;;JOGO JUNTAS DESCARBONIZAÇÃO;JOGO JUNTAS DESCARBONIZAÇÃO;0;;
9;1285;02-53749-01;1285;025374901;CATEGORIA0;;1;1;0;1;;JUNTAS DESCARBONIZAÇÃO;JUNTAS DESCARBONIZAÇÃO;0;;
9;1285;02-53814-01;1285;025381401;CATEGORIA0;;1;1;0;1;;JUNTAS DESCARBONIZAÇÃO;JUNTAS DESCARBONIZAÇÃO;0;;
9;1285;02-53865-01;1285;025386501;CATEGORIA0;;1;1;0;1;;JUNTAS DESCARBONIZAÇÃO;JUNTAS DESCARBONIZAÇÃO;0;;
9;1285;02-53895-01;1285;025389501;CATEGORIA0;;1;1;0;1;;JUNTAS DESCARBONIZAÇÃO;JUNTAS DESCARBONIZAÇÃO;0;;
9;1285;02-53930-01;1285;025393001;CATEGORIA0;;1;1;0;1;;JUNTAS DESCARBONIZAÇÃO;JUNTAS DESCARBONIZAÇÃO;0;;
9;1285;02-53960-01;1285;025396001;CATEGORIA0;;1;1;0;1;;JUNTAS DESCARBONIZAÇÃO;JUNTAS DESCARBONIZAÇÃO;0;;
9;1285;02-53965-01;1285;025396501;CATEGORIA0;;1;1;0;1;;JUNTAS DESCARBONIZAÇÃO;JUNTAS DESCARBONIZAÇÃO;0;;
9;1285;02-53990-01;1285;025399001;CATEGORIA0;;1;1;0;1;;JUNTAS DESCARBONIZAÇÃO;JUNTAS DESCARBONIZAÇÃO;0;;
9;1285;02-54011-01;1285;025401101;CATEGORIA0;;1;1;0;1;;JUNTAS DESCARBONIZAÇÃO;JUNTAS DESCARBONIZAÇÃO;0;;
9;1285;02-54027-01;1285;025402701;CATEGORIA0;;1;1;0;1;;JUNTAS DESCARBONIZAÇÃO;JUNTAS DESCARBONIZAÇÃO;0;;
9;1285;02-54085-01;1285;025408501;CATEGORIA0;;1;1;0;1;;JUNTAS DESCARBONIZAÇÃO;JUNTAS DESCARBONIZAÇÃO;0;;
9;1285;02-54095-01;1285;025409501;CATEGORIA0;;1;1;0;1;;JUNTAS DESCARBONIZAÇÃO;JUNTAS DESCARBONIZAÇÃO;0;;
9;1285;02-54110-01;1285;025411001;CATEGORIA0;;1;1;0;1;;JUNTAS DESCARBONIZAÇÃO;JUNTAS DESCARBONIZAÇÃO;0;;
9;1285;02-54115-01;1285;025411501;CATEGORIA0;;1;1;0;1;;JUNTAS DESC.;JUNTAS DESC.;0;;
9;1285;02-54117-01;1285;025411701;CATEGORIA0;;1;1;0;1;;JUNTAS DESCARBONIZAÇÃO;JUNTAS DESCARBONIZAÇÃO;0;;
9;1285;02-54140-01;1285;025414001;CATEGORIA0;;1;1;0;1;;JUNTAS DESCARBONIZAÇÃO;JUNTAS DESCARBONIZAÇÃO;0;;
9;1285;04-10048-01;1285;041004801;CATEGORIA0;;1;1;0;1;;KIT DE MONTAGEM, TURBOCOMPRESSOR;KIT DE MONTAGEM, TURBOCOMPRESSOR;0;;
9;1285;04-10184-01;1285;041018401;CATEGORIA0;;1;1;0;1;;KIT JUNTAS TURBO;KIT JUNTAS TURBO;0;;
9;1285;04-10188-01;1285;041018801;CATEGORIA0;;1;1;0;1;;KIT JUNTAS TURBO;KIT JUNTAS TURBO;0;;
9;1285;04-10190-01;1285;041019001;CATEGORIA0;;1;1;0;1;;KIT JUNTAS TURBO;KIT JUNTAS TURBO;0;;
9;1285;04-10328-01;1285;041032801;CATEGORIA0;;1;1;0;1;;KIT. JUTAS + PERNES TURBO;KIT. JUTAS + PERNES TURBO;0;;
9;1285;04-10329-01;1285;041032901;CATEGORIA0;;1;1;0;1;;KIT JUNTAS TURBO;KIT JUNTAS TURBO;0;;
9;1285;04-10351-01;1285;041035101;CATEGORIA0;;1;1;0;1;;KIT. JUTAS + PERNES TURBO;KIT. JUTAS + PERNES TURBO;0;;
9;1285;04-10367-01;1285;041036701;CATEGORIA0;;1;1;0;1;;KIT JUNTAS TURBO;KIT JUNTAS TURBO;0;;
9;1285;04-10369-01;1285;041036901;CATEGORIA0;;1;1;0;1;;KIT. JUNTAS TURBO;KIT. JUNTAS TURBO;0;;
9;1285;08-10000-01;1285;081000001;CATEGORIA0;;1;1;0;1;;JUNTAS CONVERSÃO;JUNTAS CONVERSÃO;0;;
9;1285;08-10771-01;1285;081077101;CATEGORIA0;;1;1;0;1;;JUNTAS CONVERSÃO;JUNTAS CONVERSÃO;0;;
9;1285;08-12803-02;1285;081280302;CATEGORIA0;;1;1;0;1;;JOGO JUNTAS CONVERSÃO;JOGO JUNTAS CONVERSÃO;0;;
9;1285;08-12809-01;1285;081280901;CATEGORIA0;;1;1;0;1;;JUNTAS CONVERSÃO;JUNTAS CONVERSÃO;0;;
9;1285;08-12841-06;1285;081284106;CATEGORIA0;;1;1;0;1;;JOGO JUNTAS CONVERSÃO;JOGO JUNTAS CONVERSÃO;0;;
9;1285;08-12948-09;1285;081294809;CATEGORIA0;;1;1;0;1;;JUNTAS CONVERSÃO;JUNTAS CONVERSÃO;0;;
9;1285;08-12996-05;1285;081299605;CATEGORIA0;;1;1;0;1;;JUNTAS CONVERSÃO;JUNTAS CONVERSÃO;0;;
9;1285;08-12996-06;1285;081299606;CATEGORIA0;;1;1;0;1;;JUNTAS DESCARBONIZAÇÃO;JUNTAS DESCARBONIZAÇÃO;0;;
9;1285;08-13017-04;1285;081301704;CATEGORIA0;;1;1;0;1;;JUNTAS CONVERSÃO;JUNTAS CONVERSÃO;0;;
9;1285;08-13052-02;1285;081305202;CATEGORIA0;;1;1;0;1;;JUNTAS CONVERSÃO;JUNTAS CONVERSÃO;0;;
9;1285;08-13054-02;1285;081305402;CATEGORIA0;;1;1;0;1;;JUNTAS CONVERSÃO;JUNTAS CONVERSÃO;0;;
9;1285;08-18238-02;1285;081823802;CATEGORIA0;;1;1;0;1;;JUNTAS CONVERSÃO;JUNTAS CONVERSÃO;0;;
9;1285;08-19737-03;1285;081973703;CATEGORIA0;;1;1;0;1;;JUNTAS CONVERÇAO;JUNTAS CONVERÇAO;0;;
9;1285;08-23134-03;1285;082313403;CATEGORIA0;;1;1;0;1;;JUNTAS CONVERSÃO;JUNTAS CONVERSÃO;0;;
9;1285;08-23522-02;1285;082352202;CATEGORIA0;;1;1;0;1;;JUNTAS CONVERSÃO;JUNTAS CONVERSÃO;0;;
9;1285;08-24008-02;1285;082400802;CATEGORIA0;;1;1;0;1;;JUNTAS CONVERSÃO;JUNTAS CONVERSÃO;0;;
9;1285;08-24600-03;1285;082460003;CATEGORIA0;;1;1;0;1;;JUNTAS CONVERÇAO;JUNTAS CONVERÇAO;0;;
9;1285;08-25918-02;1285;082591802;CATEGORIA0;;1;1;0;1;;JUNTAS CONVERSÃO;JUNTAS CONVERSÃO;0;;
9;1285;08-26204-02;1285;082620402;CATEGORIA0;;1;1;0;1;;JUNTAS CONVERSÃO;JUNTAS CONVERSÃO;0;;
9;1285;08-26204-04;1285;082620404;CATEGORIA0;;1;1;0;1;;JUNTAS CONVERSÃO;JUNTAS CONVERSÃO;0;;
9;1285;08-26572-02;1285;082657202;CATEGORIA0;;1;1;0;1;;JG JUNTAS;JG JUNTAS;0;;
9;1285;08-26572-03;1285;082657203;CATEGORIA0;;1;1;0;1;;JUNTAS CONVERÇAO;JUNTAS CONVERÇAO;0;;
9;1285;08-27546-03;1285;082754603;CATEGORIA0;;1;1;0;1;;JUNTAS CONVERSÃO;JUNTAS CONVERSÃO;0;;
9;1285;08-27546-04;1285;082754604;CATEGORIA0;;1;1;0;1;;JUNTAS CONVERSÃO;JUNTAS CONVERSÃO;0;;
9;1285;08-27698-03;1285;082769803;CATEGORIA0;;1;1;0;1;;JG JUNTAS INF;JG JUNTAS INF;0;;
9;1285;08-27698-05;1285;082769805;CATEGORIA0;;1;1;0;1;;JUNTAS CONVERSÃO;JUNTAS CONVERSÃO;0;;
9;1285;08-27698-06;1285;082769806;CATEGORIA0;;1;1;0;1;;JUNTAS CONVERSÃO;JUNTAS CONVERSÃO;0;;
9;1285;08-29178-03;1285;082917803;CATEGORIA0;;1;1;0;1;;JUNTAS CONVERSÃO;JUNTAS CONVERSÃO;0;;
9;1285;08-31414-02;1285;083141402;CATEGORIA0;;1;1;0;1;;JUNTAS CONVERSÃO;JUNTAS CONVERSÃO;0;;
9;1285;08-31414-03;1285;083141403;CATEGORIA0;;1;1;0;1;;JUNTAS CONVERSÃO;JUNTAS CONVERSÃO;0;;
9;1285;08-31615-01;1285;083161501;CATEGORIA0;;1;1;0;1;;JG.JUNTAS CONV.;JG.JUNTAS CONV.;0;;
9;1285;08-31619-01;1285;083161901;CATEGORIA0;;1;1;0;1;;JOGO JUNTAS CONV.;JOGO JUNTAS CONV.;0;;
9;1285;08-31749-01;1285;083174901;CATEGORIA0;;1;1;0;1;;JOGO JUNTAS CONV.;JOGO JUNTAS CONV.;0;;
9;1285;08-31859-01;1285;083185901;CATEGORIA0;;1;1;0;1;;JUNTAS CONVERSÃO;JUNTAS CONVERSÃO;0;;
9;1285;08-31876-01;1285;083187601;CATEGORIA0;;1;1;0;1;;JUNTAS CONVERÇAO;JUNTAS CONVERÇAO;0;;
9;1285;08-31956-01;1285;083195601;CATEGORIA0;;1;1;0;1;;JUNTAS CONVERSÃO;JUNTAS CONVERSÃO;0;;
9;1285;08-33139-01;1285;083313901;CATEGORIA0;;1;1;0;1;;JUNTAS CONVERSÃO;JUNTAS CONVERSÃO;0;;
9;1285;08-33409-01;1285;083340901;CATEGORIA0;;1;1;0;1;;JUNTAS CONVERSÃO;JUNTAS CONVERSÃO;0;;
9;1285;08-33491-01;1285;083349101;CATEGORIA0;;1;1;0;1;;JUNTAS CONVERSÃO;JUNTAS CONVERSÃO;0;;
9;1285;08-33642-03;1285;083364203;CATEGORIA0;;1;1;0;1;;JUNTAS CONVERSÃO;JUNTAS CONVERSÃO;0;;
9;1285;08-34037-02;1285;083403702;CATEGORIA0;;1;1;0;1;;JUNTAS CONVERSÃO;JUNTAS CONVERSÃO;0;;
9;1285;08-34038-01;1285;083403801;CATEGORIA0;;1;1;0;1;;JUNTAS CONVERSÃO;JUNTAS CONVERSÃO;0;;
9;1285;08-34166-01;1285;083416601;CATEGORIA0;;1;1;0;1;;JUNTAS CONVERSÃO;JUNTAS CONVERSÃO;0;;
9;1285;08-34320-01;1285;083432001;CATEGORIA0;;1;1;0;1;;JUNTAS CONVERSÃO;JUNTAS CONVERSÃO;0;;
9;1285;08-34327-01;1285;083432701;CATEGORIA0;;1;1;0;1;;JUNTAS CONVERSÃO;JUNTAS CONVERSÃO;0;;
9;1285;08-34359-02;1285;083435902;CATEGORIA0;;1;1;0;1;;JUNTAS CONVERSÃO;JUNTAS CONVERSÃO;0;;
9;1285;08-34407-01;1285;083440701;CATEGORIA0;;1;1;0;1;;JUNTAS CONVERÇAO;JUNTAS CONVERÇAO;0;;
9;1285;08-34414-02;1285;083441402;CATEGORIA0;;1;1;0;1;;JUNTAS CONVERSÃO;JUNTAS CONVERSÃO;0;;
9;1285;08-35038-01;1285;083503801;CATEGORIA0;;1;1;0;1;;JUNTAS CONVERSÃO;JUNTAS CONVERSÃO;0;;
9;1285;08-35038-02;1285;083503802;CATEGORIA0;;1;1;0;1;;JUNTAS CONVERSÃO;JUNTAS CONVERSÃO;0;;
9;1285;08-35062-01;1285;083506201;CATEGORIA0;;1;1;0;1;;JG JUNTAS CONVERSÃO;JG JUNTAS CONVERSÃO;0;;
9;1285;08-35226-01;1285;083522601;CATEGORIA0;;1;1;0;1;;JUNTAS CONVERÇAO;JUNTAS CONVERÇAO;0;;
9;1285;08-35513-01;1285;083551301;CATEGORIA0;;1;1;0;1;;JG JUNTAS CONVERSÃO;JG JUNTAS CONVERSÃO;0;;
9;1285;08-35536-01;1285;083553601;CATEGORIA0;;1;1;0;1;;JUNTAS CONVERSÃO;JUNTAS CONVERSÃO;0;;
9;1285;08-35872-01;1285;083587201;CATEGORIA0;;1;1;0;1;;JUNTAS CONVERSÃO;JUNTAS CONVERSÃO;0;;
9;1285;08-36087-01;1285;083608701;CATEGORIA0;;1;1;0;1;;JUNTAS CONVERÇAO;JUNTAS CONVERÇAO;0;;
9;1285;08-36241-01;1285;083624101;CATEGORIA0;;1;1;0;1;;JG JUNTAS;JG JUNTAS;0;;
9;1285;08-36261-01;1285;083626101;CATEGORIA0;;1;1;0;1;;JG JUNTAS CONVERSÃO;JG JUNTAS CONVERSÃO;0;;
9;1285;08-36261-02;1285;083626102;CATEGORIA0;;1;1;0;1;;JG JUNTAS DE CONVERSÃO;JG JUNTAS DE CONVERSÃO;0;;
9;1285;08-36316-01;1285;083631601;CATEGORIA0;;1;1;0;1;;JUNTAS CONVERÇAO;JUNTAS CONVERÇAO;0;;
9;1285;08-36344-01;1285;083634401;CATEGORIA0;;1;1;0;1;;JUNTAS CONVERSÃO;JUNTAS CONVERSÃO;0;;
9;1285;08-36869-01;1285;083686901;CATEGORIA0;;1;1;0;1;;JUNTAS CONVERSÃO;JUNTAS CONVERSÃO;0;;
9;1285;08-36871-01;1285;083687101;CATEGORIA0;;1;1;0;1;;JG. JUNTAS DESCARB.;JG. JUNTAS DESCARB.;0;;
9;1285;08-36942-01;1285;083694201;CATEGORIA0;;1;1;0;1;;JUNTAS DESCARBONIZAÇÃO;JUNTAS DESCARBONIZAÇÃO;0;;
9;1285;08-37408-01;1285;083740801;CATEGORIA0;;1;1;0;1;;JUNTAS CONVERSÃO;JUNTAS CONVERSÃO;0;;
9;1285;08-37726-01;1285;083772601;CATEGORIA0;;1;1;0;1;;JG JUNTAS;JG JUNTAS;0;;
9;1285;08-37726-02;1285;083772602;CATEGORIA0;;1;1;0;1;;JG JUNTAS;JG JUNTAS;0;;
9;1285;08-38329-01;1285;083832901;CATEGORIA0;;1;1;0;1;;JUNTAS CONVERSÃO;JUNTAS CONVERSÃO;0;;
9;1285;08-38332-01;1285;083833201;CATEGORIA0;;1;1;0;1;;JG JUNTAS CONVERSÃO;JG JUNTAS CONVERSÃO;0;;
9;1285;08-38447-01;1285;083844701;CATEGORIA0;;1;1;0;1;;JUNTAS CONV.OPEL;JUNTAS CONV.OPEL;0;;
9;1285;08-38517-01;1285;083851701;CATEGORIA0;;1;1;0;1;;JUNTAS CONVERSÃO;JUNTAS CONVERSÃO;0;;
9;1285;08-38518-01;1285;083851801;CATEGORIA0;;1;1;0;1;;JOGO JUNTAS CONVERSÃO;JOGO JUNTAS CONVERSÃO;0;;
9;1285;08-39131-01;1285;083913101;CATEGORIA0;;1;1;0;1;;JUNTAS CONVERSÃO;JUNTAS CONVERSÃO;0;;
9;1285;08-39298-01;1285;083929801;CATEGORIA0;;1;1;0;1;;JUNTAS CONVERSÃO;JUNTAS CONVERSÃO;0;;
9;1285;08-39472-01;1285;083947201;CATEGORIA0;;1;1;0;1;;JUNTAS CONVERÇAO;JUNTAS CONVERÇAO;0;;
9;1285;08-39648-01;1285;083964801;CATEGORIA0;;1;1;0;1;;JG. JUNTAS CONVERSÃO;JG. JUNTAS CONVERSÃO;0;;
9;1285;08-40437-01;1285;084043701;CATEGORIA0;;1;1;0;1;;JUNTAS CONVERSÃO;JUNTAS CONVERSÃO;0;;
9;1285;08-40443-02;1285;084044302;CATEGORIA0;;1;1;0;1;;JUNTAS CONVERÇAO;JUNTAS CONVERÇAO;0;;
9;1285;08-40849-01;1285;084084901;CATEGORIA0;;1;1;0;1;;JUNTAS CONVERÇAO;JUNTAS CONVERÇAO;0;;
9;1285;08-41294-01;1285;084129401;CATEGORIA0;;1;1;0;1;;JUNTAS CONVERSÃO;JUNTAS CONVERSÃO;0;;
9;1285;08-42296-01;1285;084229601;CATEGORIA0;;1;1;0;1;;JG. JUNTAS CONV.;JG. JUNTAS CONV.;0;;
9;1285;08-42514-01;1285;084251401;CATEGORIA0;;1;1;0;1;;JG. JUNTAS CONV.;JG. JUNTAS CONV.;0;;
9;1285;08-53794-02;1285;085379402;CATEGORIA0;;1;1;0;1;;JG JUNTAS CONVERSÃO;JG JUNTAS CONVERSÃO;0;;
9;1285;10-12966-01;1285;101296601;CATEGORIA0;;1;1;0;1;;JUNTA CARTER FORD;JUNTA CARTER FORD;0;;
9;1285;10-13010-01;1285;101301001;CATEGORIA0;;1;1;0;1;;JUNTA CARTER FORD;JUNTA CARTER FORD;0;;
9;1285;10-13052-01;1285;101305201;CATEGORIA0;;1;1;0;1;;JUNTA CARTER FORD;JUNTA CARTER FORD;0;;
9;1285;10-52968-01;1285;105296801;CATEGORIA0;;1;1;0;1;;JUNTA CARTER;JUNTA CARTER;0;;
9;1285;11-10002-01;1285;111000201;CATEGORIA0;;1;1;0;1;;JUNTA C. ADM;JUNTA C. ADM;0;;
9;1285;11-16988-01;1285;111698801;CATEGORIA0;;1;1;0;1;;JUNTA COL. ADM. V. REINZ;JUNTA COL. ADM. V. REINZ;0;;
9;1285;11-33074-01;1285;113307401;CATEGORIA0;;1;1;0;1;;JUNTA C/ADM.;JUNTA C/ADM.;0;;
9;1285;11-35210-01;1285;113521001;CATEGORIA0;;1;1;0;1;;JG JUNTAS COLECTOR ADMISSÃO;JG JUNTAS COLECTOR ADMISSÃO;0;;
9;1285;11-35242-01;1285;113524201;CATEGORIA0;;1;1;0;1;;JUNTA COLETOR ADMISSÃO;JUNTA COLETOR ADMISSÃO;0;;
9;1285;11-37133-01;1285;113713301;CATEGORIA0;;1;1;0;1;;JG. JUNTAS COL. ADMISSAO;JG. JUNTAS COL. ADMISSAO;0;;
9;1285;11-40692-01;1285;114069201;CATEGORIA0;;1;1;0;1;;JG JUNTAS COLECTOR DE ADMISSÃO;JG JUNTAS COLECTOR DE ADMISSÃO;0;;
9;1285;11-77546-01;1285;117754601;CATEGORIA0;;1;1;0;1;;JOGO DE JUNTAS, COLECTOR DE ADMISSÃO;JOGO DE JUNTAS, COLECTOR DE ADMISSÃO;0;;
9;1285;12-17500-01;1285;121750001;CATEGORIA0;;1;1;0;1;;JG. VEDANTES DE VALVULA;JG. VEDANTES DE VALVULA;0;;
9;1285;12-21918-07;1285;122191807;CATEGORIA0;;1;1;0;1;;JG. VEDANTES VÁLVULA;JG. VEDANTES VÁLVULA;0;;
9;1285;12-25227-03;1285;122522703;CATEGORIA0;;1;1;0;1;;JG. VEDANTES VALVULA;JG. VEDANTES VALVULA;0;;
9;1285;12-25837-01;1285;122583701;CATEGORIA0;;1;1;0;1;;JG. VEDANTES VALVULA VAG;JG. VEDANTES VALVULA VAG;0;;
9;1285;12-26058-02;1285;122605802;CATEGORIA0;;1;1;0;1;;JG. VEDANTES VALV.;JG. VEDANTES VALV.;0;;
9;1285;12-26546-01;1285;122654601;CATEGORIA0;;1;1;0;1;;JG. VEDANTES VALV.;JG. VEDANTES VALV.;0;;
9;1285;12-27214-03;1285;122721403;CATEGORIA0;;1;1;0;1;;JG. VEDANTES VAL.;JG. VEDANTES VAL.;0;;
9;1285;12-27214-04;1285;122721404;CATEGORIA0;;1;1;0;1;;JG. VEDANTES VAL.;JG. VEDANTES VAL.;0;;
9;1285;12-27408-01;1285;122740801;CATEGORIA0;;1;1;0;1;;JG. VEDANTES VAL.;JG. VEDANTES VAL.;0;;
9;1285;12-29491-01;1285;122949101;CATEGORIA0;;1;1;0;1;;JG. VEDANTES VAL.;JG. VEDANTES VAL.;0;;
9;1285;12-29491-04;1285;122949104;CATEGORIA0;;1;1;0;1;;JG. VEDANTES VAL.;JG. VEDANTES VAL.;0;;
9;1285;12-31306-01;1285;123130601;CATEGORIA0;;1;1;0;1;;JG. VEDANTES VAL.;JG. VEDANTES VAL.;0;;
9;1285;12-31306-02;1285;123130602;CATEGORIA0;;1;1;0;1;;JG. VEDANTES VAL.;JG. VEDANTES VAL.;0;;
9;1285;12-31306-03;1285;123130603;CATEGORIA0;;1;1;0;1;;JG VEDANTES VALVULA;JG VEDANTES VALVULA;0;;
9;1285;12-31306-04;1285;123130604;CATEGORIA0;;1;1;0;1;;JG. VEDANTES VAL. *;JG. VEDANTES VAL. *;0;;
9;1285;12-31306-06;1285;123130606;CATEGORIA0;;1;1;0;1;;JG VEDANTES DE VÁLVULA;JG VEDANTES DE VÁLVULA;0;;
9;1285;12-31306-07;1285;123130607;CATEGORIA0;;1;1;0;1;;JG. VEDANTES VAL.;JG. VEDANTES VAL.;0;;
9;1285;12-31306-08;1285;123130608;CATEGORIA0;;1;1;0;1;;VEDANTE VALVULA;VEDANTE VALVULA;0;;
9;1285;12-31306-09;1285;123130609;CATEGORIA0;;1;1;0;1;;JG VEDANTES DE VALVULA;JG VEDANTES DE VALVULA;0;;
9;1285;12-31306-12;1285;123130612;CATEGORIA0;;1;1;0;1;;JG. VEDANTES VAL.***;JG. VEDANTES VAL.***;0;;
9;1285;12-31306-13;1285;123130613;CATEGORIA0;;1;1;0;1;;JG. VEDANTES VALVULAS;JG. VEDANTES VALVULAS;0;;
9;1285;12-33447-01;1285;123344701;CATEGORIA0;;1;1;0;1;;JG. VEDANTES VAL.;JG. VEDANTES VAL.;0;;
9;1285;12-33512-02;1285;123351202;CATEGORIA0;;1;1;0;1;;JG VEDANTES VALVULA;JG VEDANTES VALVULA;0;;
9;1285;12-33512-04;1285;123351204;CATEGORIA0;;1;1;0;1;;JG VEDANTES VALVULA;JG VEDANTES VALVULA;0;;
9;1285;12-33876-01;1285;123387601;CATEGORIA0;;1;1;0;1;;JG VEDANTES VALVULA;JG VEDANTES VALVULA;0;;
9;1285;12-34223-01;1285;123422301;CATEGORIA0;;1;1;0;1;;JG. VEDANTES VALVULA;JG. VEDANTES VALVULA;0;;
9;1285;12-34223-02;1285;123422302;CATEGORIA0;;1;1;0;1;;JG VEDANTES VALVULA;JG VEDANTES VALVULA;0;;
9;1285;12-34399-01;1285;123439901;CATEGORIA0;;1;1;0;1;;JG. VEDANTES VAL.;JG. VEDANTES VAL.;0;;
9;1285;12-34399-02;1285;123439902;CATEGORIA0;;1;1;0;1;;JG VEDANTES DE VÁLVULA;JG VEDANTES DE VÁLVULA;0;;
9;1285;12-34914-03;1285;123491403;CATEGORIA0;;1;1;0;1;;JG VEDANTES VALVULA;JG VEDANTES VALVULA;0;;
9;1285;12-35172-01;1285;123517201;CATEGORIA0;;1;1;0;1;;JG. VEDANTES DE VALVULA;JG. VEDANTES DE VALVULA;0;;
9;1285;12-35172-02;1285;123517202;CATEGORIA0;;1;1;0;1;;JG VEDANTES DE VALVULA;JG VEDANTES DE VALVULA;0;;
9;1285;12-35548-01;1285;123554801;CATEGORIA0;;1;1;0;1;;JG VEDANTES DE VALVULA;JG VEDANTES DE VALVULA;0;;
9;1285;12-35549-01;1285;123554901;CATEGORIA0;;1;1;0;1;;JG. VEDANTES DE VALVULA;JG. VEDANTES DE VALVULA;0;;
9;1285;12-36587-01;1285;123658701;CATEGORIA0;;1;1;0;1;;JG. VEDANTES VAL.;JG. VEDANTES VAL.;0;;
9;1285;12-37256-02;1285;123725602;CATEGORIA0;;1;1;0;1;;JG VEDANTES DE VALVULA;JG VEDANTES DE VALVULA;0;;
9;1285;12-37281-01;1285;123728101;CATEGORIA0;;1;1;0;1;;JG VEDANTES DE VALVULA;JG VEDANTES DE VALVULA;0;;
9;1285;12-38209-02;1285;123820902;CATEGORIA0;;1;1;0;1;;JG VEDANTES VALVULA;JG VEDANTES VALVULA;0;;
9;1285;12-38538-01;1285;123853801;CATEGORIA0;;1;1;0;1;;JG. VEDANTES VALVULA;JG. VEDANTES VALVULA;0;;
9;1285;12-38539-01;1285;123853901;CATEGORIA0;;1;1;0;1;;JG. VEDANTES VALVULA;JG. VEDANTES VALVULA;0;;
9;1285;12-38628-01;1285;123862801;CATEGORIA0;;1;1;0;1;;JG. VEDANTES VALVULA;JG. VEDANTES VALVULA;0;;
9;1285;12-39398-01;1285;123939801;CATEGORIA0;;1;1;0;1;;JG.VEDANTES VAL.;JG.VEDANTES VAL.;0;;
9;1285;12-52722-01;1285;125272201;CATEGORIA0;;1;1;0;1;;JG VEDANTES VALVULA;JG VEDANTES VALVULA;0;;
9;1285;12-52738-01;1285;125273801;CATEGORIA0;;1;1;0;1;;JG VEDANTES VALVULA;JG VEDANTES VALVULA;0;;
9;1285;12-52758-01;1285;125275801;CATEGORIA0;;1;1;0;1;;JG VEDANTES VALVULA;JG VEDANTES VALVULA;0;;
9;1285;12-52787-01;1285;125278701;CATEGORIA0;;1;1;0;1;;JG VEDANTES VALVULA;JG VEDANTES VALVULA;0;;
9;1285;12-52799-01;1285;125279901;CATEGORIA0;;1;1;0;1;;JG. VEDANTES DE VALVULA;JG. VEDANTES DE VALVULA;0;;
9;1285;12-52829-01;1285;125282901;CATEGORIA0;;1;1;0;1;;JG. VEDANTES VALVULA;JG. VEDANTES VALVULA;0;;
9;1285;12-52906-01;1285;125290601;CATEGORIA0;;1;1;0;1;;JG.VEDANTES VAL.;JG.VEDANTES VAL.;0;;
9;1285;12-52928-01;1285;125292801;CATEGORIA0;;1;1;0;1;;JG. VEDANTES VALVULA;JG. VEDANTES VALVULA;0;;
9;1285;12-52928-02;1285;125292802;CATEGORIA0;;1;1;0;1;;JG. VEDANTES VALVULA;JG. VEDANTES VALVULA;0;;
9;1285;12-53067-01;1285;125306701;CATEGORIA0;;1;1;0;1;;JG. VEDANTES VALV. OPEL;JG. VEDANTES VALV. OPEL;0;;
9;1285;12-53499-01;1285;125349901;CATEGORIA0;;1;1;0;1;;JG VEDANTES VÁLVULA;JG VEDANTES VÁLVULA;0;;
9;1285;12-53547-01;1285;125354701;CATEGORIA0;;1;1;0;1;;JG VEDANTES VALVULA;JG VEDANTES VALVULA;0;;
9;1285;12-53987-01;1285;125398701;CATEGORIA0;;1;1;0;1;;JG. VEDANTES DE VALVULA;JG. VEDANTES DE VALVULA;0;;
9;1285;12-54024-01;1285;125402401;CATEGORIA0;;1;1;0;1;;JG. VEDANTES VALVULA;JG. VEDANTES VALVULA;0;;
9;1285;12-54169-01;1285;125416901;CATEGORIA0;;1;1;0;1;;JG. VEDANTES VALVULA;JG. VEDANTES VALVULA;0;;
9;1285;14-10010-01;1285;141001001;CATEGORIA0;;1;1;0;1;;JG.PARAFUSOS CABEÇA;JG.PARAFUSOS CABEÇA;0;;
9;1285;14-10013-01;1285;141001301;CATEGORIA0;;1;1;0;1;;JOGO PARAFUSOS DA CABEÇA;JOGO PARAFUSOS DA CABEÇA;0;;
9;1285;14-10172-01;1285;141017201;CATEGORIA0;;1;1;0;1;;JG.PARAFUSOS CABEÇA;JG.PARAFUSOS CABEÇA;0;;
9;1285;14-10371-01;1285;141037101;CATEGORIA0;;1;1;0;1;;JG.PARAFUSOS CABEÇA;JG.PARAFUSOS CABEÇA;0;;
9;1285;14-10372-01;1285;141037201;CATEGORIA0;;1;1;0;1;;JG.PARAFUSOS CABEÇA;JG.PARAFUSOS CABEÇA;0;;
9;1285;14-10373-01;1285;141037301;CATEGORIA0;;1;1;0;1;;JG. PARAFUSOS CABEÇA;JG. PARAFUSOS CABEÇA;0;;
9;1285;14-10398-01;1285;141039801;CATEGORIA0;;1;1;0;1;;JG. PARAFUSOS CABEÇA;JG. PARAFUSOS CABEÇA;0;;
9;1285;14-10398-02;1285;141039802;CATEGORIA0;;1;1;0;1;;JG.PARAFUSOS CABEÇA;JG.PARAFUSOS CABEÇA;0;;
9;1285;14-10969-01;1285;141096901;CATEGORIA0;;1;1;0;1;;JG PERNES;JG PERNES;0;;
9;1285;14-12457-01;1285;141245701;CATEGORIA0;;1;1;0;1;;JOGO DE PARAFUSOS DA CABEÇA DO MOTOR;JOGO DE PARAFUSOS DA CABEÇA DO MOTOR;0;;
9;1285;14-12718-01;1285;141271801;CATEGORIA0;;1;1;0;1;;JG. PARAFUSOS CABEÇA;JG. PARAFUSOS CABEÇA;0;;
9;1285;14-12791-01;1285;141279101;CATEGORIA0;;1;1;0;1;;PERNES CABEÇA HYUNDAI;PERNES CABEÇA HYUNDAI;0;;
9;1285;14-12901-01;1285;141290101;CATEGORIA0;;1;1;0;1;;JG. PARAFUSOS CABEÇA;JG. PARAFUSOS CABEÇA;0;;
9;1285;14-13249-01;1285;141324901;CATEGORIA0;;1;1;0;1;;JG. PARAFUSOS CABEÇA;JG. PARAFUSOS CABEÇA;0;;
9;1285;14-20350-01;1285;142035001;CATEGORIA0;;1;1;0;1;;JG. PARAFUSOS CABECA;JG. PARAFUSOS CABECA;0;;
9;1285;14-23520-00;1285;142352000;CATEGORIA0;;1;1;0;1;;JG.PARAFUSOS CABEÇA;JG.PARAFUSOS CABEÇA;0;;
9;1285;14-32000-01;1285;143200001;CATEGORIA0;;1;1;0;1;;JG. PARAFUSOS CABEÇA;JG. PARAFUSOS CABEÇA;0;;
9;1285;14-32001-01;1285;143200101;CATEGORIA0;;1;1;0;1;;JG. PARAFUSOS CABEÇA;JG. PARAFUSOS CABEÇA;0;;
9;1285;14-32002-01;1285;143200201;CATEGORIA0;;1;1;0;1;;JG. PARAFUSOS CABEÇA;JG. PARAFUSOS CABEÇA;0;;
9;1285;14-32003-01;1285;143200301;CATEGORIA0;;1;1;0;1;;JG. PARAFUSOS CABEÇA;JG. PARAFUSOS CABEÇA;0;;
9;1285;14-32004-01;1285;143200401;CATEGORIA0;;1;1;0;1;;JG. PARAFUSOS CABEÇA;JG. PARAFUSOS CABEÇA;0;;
9;1285;14-32004-02;1285;143200402;CATEGORIA0;;1;1;0;1;;JG. PARAFUSOS CABEÇA;JG. PARAFUSOS CABEÇA;0;;
9;1285;14-32005-01;1285;143200501;CATEGORIA0;;1;1;0;1;;JG.PARAFUSOS CABEÇA;JG.PARAFUSOS CABEÇA;0;;
9;1285;14-32007-01;1285;143200701;CATEGORIA0;;1;1;0;1;;JG. PARAFUSOS CABEÇA;JG. PARAFUSOS CABEÇA;0;;
9;1285;14-32008-01;1285;143200801;CATEGORIA0;;1;1;0;1;;JG.PARAFUSOS CABEÇA;JG.PARAFUSOS CABEÇA;0;;
9;1285;14-32012-01;1285;143201201;CATEGORIA0;;1;1;0;1;;JG. PARAFUSOS CABEÇA;JG. PARAFUSOS CABEÇA;0;;
9;1285;14-32013-01;1285;143201301;CATEGORIA0;;1;1;0;1;;JG. PARAFUSOS CABEÇA;JG. PARAFUSOS CABEÇA;0;;
9;1285;14-32014-01;1285;143201401;CATEGORIA0;;1;1;0;1;;JG. PARAFUSOS CABEÇA;JG. PARAFUSOS CABEÇA;0;;
9;1285;14-32017-01;1285;143201701;CATEGORIA0;;1;1;0;1;;JG. PARAFUSOS CABEÇA;JG. PARAFUSOS CABEÇA;0;;
9;1285;14-32018-01;1285;143201801;CATEGORIA0;;1;1;0;1;;JG. PARAFUSOS CABEÇA;JG. PARAFUSOS CABEÇA;0;;
9;1285;14-32022-01;1285;143202201;CATEGORIA0;;1;1;0;1;;JG. PARAFUSOS CABEÇA;JG. PARAFUSOS CABEÇA;0;;
9;1285;14-32026-01;1285;143202601;CATEGORIA0;;1;1;0;1;;JG PARAFUSOS CABEÇA;JG PARAFUSOS CABEÇA;0;;
9;1285;14-32030-02;1285;143203002;CATEGORIA0;;1;1;0;1;;JG.PARAFUSOS CABEÇA;JG.PARAFUSOS CABEÇA;0;;
9;1285;14-32031-01;1285;143203101;CATEGORIA0;;1;1;0;1;;JG. PARAFUSOS CABEÇA;JG. PARAFUSOS CABEÇA;0;;
9;1285;14-32031-02;1285;143203102;CATEGORIA0;;1;1;0;1;;JG. PARAFUSOS CABEÇA;JG. PARAFUSOS CABEÇA;0;;
9;1285;14-32031-03;1285;143203103;CATEGORIA0;;1;1;0;1;;JG.PARAFUSOS CABEÇA;JG.PARAFUSOS CABEÇA;0;;
9;1285;14-32032-01;1285;143203201;CATEGORIA0;;1;1;0;1;;JG. PARAFUSOS CABEÇA;JG. PARAFUSOS CABEÇA;0;;
9;1285;14-32033-01;1285;143203301;CATEGORIA0;;1;1;0;1;;JG. PARAFUSOS CABEÇA;JG. PARAFUSOS CABEÇA;0;;
9;1285;14-32033-02;1285;143203302;CATEGORIA0;;1;1;0;1;;JG PERNES CABEÇA;JG PERNES CABEÇA;0;;
9;1285;14-32033-03;1285;143203303;CATEGORIA0;;1;1;0;1;;JG PERNES CABEÇA;JG PERNES CABEÇA;0;;
9;1285;14-32037-01;1285;143203701;CATEGORIA0;;1;1;0;1;;JG. PARAFUSOS CABEÇA;JG. PARAFUSOS CABEÇA;0;;
9;1285;14-32038-01;1285;143203801;CATEGORIA0;;1;1;0;1;;JG. PARAFUSOS CABEÇA;JG. PARAFUSOS CABEÇA;0;;
9;1285;14-32042-02;1285;143204202;CATEGORIA0;;1;1;0;1;;JG.PARAFUSOS CABEÇA;JG.PARAFUSOS CABEÇA;0;;
9;1285;14-32043-01;1285;143204301;CATEGORIA0;;1;1;0;1;;JG. PARAFUSOS CABEÇA;JG. PARAFUSOS CABEÇA;0;;
9;1285;14-32045-01;1285;143204501;CATEGORIA0;;1;1;0;1;;JG. PARAFUSOS CABEÇA;JG. PARAFUSOS CABEÇA;0;;
9;1285;14-32046-01;1285;143204601;CATEGORIA0;;1;1;0;1;;JG. PARAFUSOS CABEÇA;JG. PARAFUSOS CABEÇA;0;;
9;1285;14-32047-01;1285;143204701;CATEGORIA0;;1;1;0;1;;JG. PARAFUSOS CABEÇA;JG. PARAFUSOS CABEÇA;0;;
9;1285;14-32047-02;1285;143204702;CATEGORIA0;;1;1;0;1;;JG. PARAFUSOS CABEÇA;JG. PARAFUSOS CABEÇA;0;;
9;1285;14-32047-03;1285;143204703;CATEGORIA0;;1;1;0;1;;JG.PARAFUSOS CABEÇA;JG.PARAFUSOS CABEÇA;0;;
9;1285;14-32048-01;1285;143204801;CATEGORIA0;;1;1;0;1;;JG. PARAFUSOS CABEÇA;JG. PARAFUSOS CABEÇA;0;;
9;1285;14-32049-01;1285;143204901;CATEGORIA0;;1;1;0;1;;JG.PARAFUSOS CABEÇA;JG.PARAFUSOS CABEÇA;0;;
9;1285;14-32051-01;1285;143205101;CATEGORIA0;;1;1;0;1;;JG. PARAFUSOS CABEÇA;JG. PARAFUSOS CABEÇA;0;;
9;1285;14-32052-01;1285;143205201;CATEGORIA0;;1;1;0;1;;JG PARAFUSOS CABEÇA;JG PARAFUSOS CABEÇA;0;;
9;1285;14-32056-01;1285;143205601;CATEGORIA0;;1;1;0;1;;JG.PARAFUSOS CABEÇA;JG.PARAFUSOS CABEÇA;0;;
9;1285;14-32059-02;1285;143205902;CATEGORIA0;;1;1;0;1;;JG. PARAFUSOS CABEÇA;JG. PARAFUSOS CABEÇA;0;;
9;1285;14-32075-01;1285;143207501;CATEGORIA0;;1;1;0;1;;JG. PARAFUSOS CABEÇA;JG. PARAFUSOS CABEÇA;0;;
9;1285;14-32076-01;1285;143207601;CATEGORIA0;;1;1;0;1;;JG. PARAFUSOS CABEÇA;JG. PARAFUSOS CABEÇA;0;;
9;1285;14-32077-01;1285;143207701;CATEGORIA0;;1;1;0;1;;JG. PARAFUSOS CABEÇA;JG. PARAFUSOS CABEÇA;0;;
9;1285;14-32078-01;1285;143207801;CATEGORIA0;;1;1;0;1;;JG.PARAFUSOS CABEÇA;JG.PARAFUSOS CABEÇA;0;;
9;1285;14-32080-01;1285;143208001;CATEGORIA0;;1;1;0;1;;JG. PARAFUSOS CABEÇA;JG. PARAFUSOS CABEÇA;0;;
9;1285;14-32082-01;1285;143208201;CATEGORIA0;;1;1;0;1;;JG.PARAFUSOS CABEÇA;JG.PARAFUSOS CABEÇA;0;;
9;1285;14-32083-01;1285;143208301;CATEGORIA0;;1;1;0;1;;JG. PARAFUSOS CABEÇA;JG. PARAFUSOS CABEÇA;0;;
9;1285;14-32088-01;1285;143208801;CATEGORIA0;;1;1;0;1;;JG. PARAFUSOS CABEÇA;JG. PARAFUSOS CABEÇA;0;;
9;1285;14-32089-01;1285;143208901;CATEGORIA0;;1;1;0;1;;JG. PARAFUSOS CABEÇA;JG. PARAFUSOS CABEÇA;0;;
9;1285;14-32091-01;1285;143209101;CATEGORIA0;;1;1;0;1;;JG. PARAFUSOS CABEÇA;JG. PARAFUSOS CABEÇA;0;;
9;1285;14-32092-02;1285;143209202;CATEGORIA0;;1;1;0;1;;JG. PARAFUSOS CABEÇA;JG. PARAFUSOS CABEÇA;0;;
9;1285;14-32093-01;1285;143209301;CATEGORIA0;;1;1;0;1;;JG. PARAFUSOS CABEÇA;JG. PARAFUSOS CABEÇA;0;;
9;1285;14-32094-01;1285;143209401;CATEGORIA0;;1;1;0;1;;JG. PARAFUSOS CABEÇA;JG. PARAFUSOS CABEÇA;0;;
9;1285;14-32096-01;1285;143209601;CATEGORIA0;;1;1;0;1;;JG. PARAFUSOS CABEÇA;JG. PARAFUSOS CABEÇA;0;;
9;1285;14-32100-01;1285;143210001;CATEGORIA0;;1;1;0;1;;JG. PARAFUSOS CABEÇA;JG. PARAFUSOS CABEÇA;0;;
9;1285;14-32101-01;1285;143210101;CATEGORIA0;;1;1;0;1;;JG. PARAFUSOS CABEÇA;JG. PARAFUSOS CABEÇA;0;;
9;1285;14-32102-01;1285;143210201;CATEGORIA0;;1;1;0;1;;JG. PARAFUSOS CABEÇA;JG. PARAFUSOS CABEÇA;0;;
9;1285;14-32103-01;1285;143210301;CATEGORIA0;;1;1;0;1;;JG. PARAFUSOS CABEÇA;JG. PARAFUSOS CABEÇA;0;;
9;1285;14-32104-01;1285;143210401;CATEGORIA0;;1;1;0;1;;JG. PARAFUSOS CABEÇA;JG. PARAFUSOS CABEÇA;0;;
9;1285;14-32105-01;1285;143210501;CATEGORIA0;;1;1;0;1;;JG. PARAFUSOS CABEÇA;JG. PARAFUSOS CABEÇA;0;;
9;1285;14-32107-01;1285;143210701;CATEGORIA0;;1;1;0;1;;JG.PARAFUSOS CABEÇA;JG.PARAFUSOS CABEÇA;0;;
9;1285;14-32109-01;1285;143210901;CATEGORIA0;;1;1;0;1;;JG. PARAFUSOS CABEÇA;JG. PARAFUSOS CABEÇA;0;;
9;1285;14-32109-02;1285;143210902;CATEGORIA0;;1;1;0;1;;JG. PARAFUSOS CABEÇA;JG. PARAFUSOS CABEÇA;0;;
9;1285;14-32109-03;1285;143210903;CATEGORIA0;;1;1;0;1;;JG. PARAFUSOS CABEÇA;JG. PARAFUSOS CABEÇA;0;;
9;1285;14-32116-01;1285;143211601;CATEGORIA0;;1;1;0;1;;JG. PARAFUSOS CABEÇA;JG. PARAFUSOS CABEÇA;0;;
9;1285;14-32120-01;1285;143212001;CATEGORIA0;;1;1;0;1;;JG. PARAFUSOS CABEÇA;JG. PARAFUSOS CABEÇA;0;;
9;1285;14-32120-02;1285;143212002;CATEGORIA0;;1;1;0;1;;JG. PARAFUSOS CABEÇA;JG. PARAFUSOS CABEÇA;0;;
9;1285;14-32121-01;1285;143212101;CATEGORIA0;;1;1;0;1;;JG. PARAFUSOS CABEÇA;JG. PARAFUSOS CABEÇA;0;;
9;1285;14-32121-02;1285;143212102;CATEGORIA0;;1;1;0;1;;JG. PARAFUSOS CABEÇA;JG. PARAFUSOS CABEÇA;0;;
9;1285;14-32122-01;1285;143212201;CATEGORIA0;;1;1;0;1;;JG. PARAFUSOS CABEÇA;JG. PARAFUSOS CABEÇA;0;;
9;1285;14-32123-01;1285;143212301;CATEGORIA0;;1;1;0;1;;JG. PARAFUSOS CABEÇA;JG. PARAFUSOS CABEÇA;0;;
9;1285;14-32124-01;1285;143212401;CATEGORIA0;;1;1;0;1;;JG. PARAFUSOS CABEÇA;JG. PARAFUSOS CABEÇA;0;;
9;1285;14-32126-01;1285;143212601;CATEGORIA0;;1;1;0;1;;JG. PARAFUSOS CABEÇA;JG. PARAFUSOS CABEÇA;0;;
9;1285;14-32128-01;1285;143212801;CATEGORIA0;;1;1;0;1;;JG.PARAFUSOS CABEÇA;JG.PARAFUSOS CABEÇA;0;;
9;1285;14-32132-01;1285;143213201;CATEGORIA0;;1;1;0;1;;JG. PARAFUSOS 3 CIL. *;JG. PARAFUSOS 3 CIL. *;0;;
9;1285;14-32132-02;1285;143213202;CATEGORIA0;;1;1;0;1;;JG. PARAFUSOS 4 CIL.;JG. PARAFUSOS 4 CIL.;0;;
9;1285;14-32133-01;1285;143213301;CATEGORIA0;;1;1;0;1;;JG.PARAFUSOS CABEÇA;JG.PARAFUSOS CABEÇA;0;;
9;1285;14-32134-01;1285;143213401;CATEGORIA0;;1;1;0;1;;JG. PARAFUSOS CABEÇA;JG. PARAFUSOS CABEÇA;0;;
9;1285;14-32139-01;1285;143213901;CATEGORIA0;;1;1;0;1;;JG. PARAFUSOS CABEÇA;JG. PARAFUSOS CABEÇA;0;;
9;1285;14-32139-04;1285;143213904;CATEGORIA0;;1;1;0;1;;JG PARAFUSOS CABEÇA MOTOR;JG PARAFUSOS CABEÇA MOTOR;0;;
9;1285;14-32141-01;1285;143214101;CATEGORIA0;;1;1;0;1;;PARAFUSOS CABEÇA;PARAFUSOS CABEÇA;0;;
9;1285;14-32145-01;1285;143214501;CATEGORIA0;;1;1;0;1;;PARAFUSOS CABEÇA;PARAFUSOS CABEÇA;0;;
9;1285;14-32146-01;1285;143214601;CATEGORIA0;;1;1;0;1;;JG. PARAFUSOS CABEÇA;JG. PARAFUSOS CABEÇA;0;;
9;1285;14-32147-01;1285;143214701;CATEGORIA0;;1;1;0;1;;JG PERNES CABEÇA VM;JG PERNES CABEÇA VM;0;;
9;1285;14-32152-01;1285;143215201;CATEGORIA0;;1;1;0;1;;JG. PARAFUSOS CABEÇA;JG. PARAFUSOS CABEÇA;0;;
9;1285;14-32152-02;1285;143215202;CATEGORIA0;;1;1;0;1;;JG. PARAFUSOS CABEÇA;JG. PARAFUSOS CABEÇA;0;;
9;1285;14-32153-01;1285;143215301;CATEGORIA0;;1;1;0;1;;JG. PARAFUSOS CABEÇA;JG. PARAFUSOS CABEÇA;0;;
9;1285;14-32154-01;1285;143215401;CATEGORIA0;;1;1;0;1;;JG. PARAFUSOS CABEÇA;JG. PARAFUSOS CABEÇA;0;;
9;1285;14-32155-01;1285;143215501;CATEGORIA0;;1;1;0;1;;JG. PARAFUSOS CABEÇA;JG. PARAFUSOS CABEÇA;0;;
9;1285;14-32156-01;1285;143215601;CATEGORIA0;;1;1;0;1;;JG. PARAFUSOS CABEÇA;JG. PARAFUSOS CABEÇA;0;;
9;1285;14-32157-01;1285;143215701;CATEGORIA0;;1;1;0;1;;JG.PARAFUSOS CABEÇA;JG.PARAFUSOS CABEÇA;0;;
9;1285;14-32158-01;1285;143215801;CATEGORIA0;;1;1;0;1;;JG. PARAFUSO CABEÇA;JG. PARAFUSO CABEÇA;0;;
9;1285;14-32160-01;1285;143216001;CATEGORIA0;;1;1;0;1;;JG. PARAFUSOS CABEÇA;JG. PARAFUSOS CABEÇA;0;;
9;1285;14-32161-01;1285;143216101;CATEGORIA0;;1;1;0;1;;JG. PARAFUSOS CABEÇA;JG. PARAFUSOS CABEÇA;0;;
9;1285;14-32162-01;1285;143216201;CATEGORIA0;;1;1;0;1;;JG. PARAFUSOS CABEÇA;JG. PARAFUSOS CABEÇA;0;;
9;1285;14-32163-01;1285;143216301;CATEGORIA0;;1;1;0;1;;JG. PARAFUSOS CABEÇA;JG. PARAFUSOS CABEÇA;0;;
9;1285;14-32164-01;1285;143216401;CATEGORIA0;;1;1;0;1;;JG.PARAFUSOS CABEÇA;JG.PARAFUSOS CABEÇA;0;;
9;1285;14-32165-01;1285;143216501;CATEGORIA0;;1;1;0;1;;JG. PARAFUSOS CABEÇA;JG. PARAFUSOS CABEÇA;0;;
9;1285;14-32165-10;1285;143216510;CATEGORIA0;;1;1;0;1;;JG. PARAFUSOS CABEÇA;JG. PARAFUSOS CABEÇA;0;;
9;1285;14-32167-01;1285;143216701;CATEGORIA0;;1;1;0;1;;JG. PARAFUSOS CABEÇA;JG. PARAFUSOS CABEÇA;0;;
9;1285;14-32173-01;1285;143217301;CATEGORIA0;;1;1;0;1;;JG. PARAFUSOS CABEÇA;JG. PARAFUSOS CABEÇA;0;;
9;1285;14-32177-01;1285;143217701;CATEGORIA0;;1;1;0;1;;JG. PARAFUSOS CABEÇA;JG. PARAFUSOS CABEÇA;0;;
9;1285;14-32178-01;1285;143217801;CATEGORIA0;;1;1;0;1;;JG.PARAFUSOS CABEÇA;JG.PARAFUSOS CABEÇA;0;;
9;1285;14-32190-01;1285;143219001;CATEGORIA0;;1;1;0;1;;JG PERNES CABEÇA;JG PERNES CABEÇA;0;;
9;1285;14-32191-01;1285;143219101;CATEGORIA0;;1;1;0;1;;JG. PARAFUSOS CABEÇA;JG. PARAFUSOS CABEÇA;0;;
9;1285;14-32195-01;1285;143219501;CATEGORIA0;;1;1;0;1;;JG. PERNES CABEÇA;JG. PERNES CABEÇA;0;;
9;1285;14-32196-01;1285;143219601;CATEGORIA0;;1;1;0;1;;JG. PARAFUSOS CABEÇA;JG. PARAFUSOS CABEÇA;0;;
9;1285;14-32196-02;1285;143219602;CATEGORIA0;;1;1;0;1;;JG.PARAFUSOS CABEÇA;JG.PARAFUSOS CABEÇA;0;;
9;1285;14-32204-01;1285;143220401;CATEGORIA0;;1;1;0;1;;JG. PARAFUSOS CABEÇA (+);JG. PARAFUSOS CABEÇA (+);0;;
9;1285;14-32206-01;1285;143220601;CATEGORIA0;;1;1;0;1;;JG. PARAFUSO CABEÇA;JG. PARAFUSO CABEÇA;0;;
9;1285;14-32211-02;1285;143221102;CATEGORIA0;;1;1;0;1;;JG.PARAFUSOS CABEÇA;JG.PARAFUSOS CABEÇA;0;;
9;1285;14-32213-01;1285;143221301;CATEGORIA0;;1;1;0;1;;JG.PARAFUSOS CABEÇA;JG.PARAFUSOS CABEÇA;0;;
9;1285;14-32221-01;1285;143222101;CATEGORIA0;;1;1;0;1;;JG.PARAFUSOS CABEÇA;JG.PARAFUSOS CABEÇA;0;;
9;1285;14-32230-01;1285;143223001;CATEGORIA0;;1;1;0;1;;JG. PARAFUSOS CABEÇA;JG. PARAFUSOS CABEÇA;0;;
9;1285;14-32231-01;1285;143223101;CATEGORIA0;;1;1;0;1;;JG. PARAFUSOS CABEÇA;JG. PARAFUSOS CABEÇA;0;;
9;1285;14-32232-01;1285;143223201;CATEGORIA0;;1;1;0;1;;JG. PARAFUSOS CABEÇA;JG. PARAFUSOS CABEÇA;0;;
9;1285;14-32233-01;1285;143223301;CATEGORIA0;;1;1;0;1;;PARAFUSO CABEÇA;PARAFUSO CABEÇA;0;;
9;1285;14-32234-01;1285;143223401;CATEGORIA0;;1;1;0;1;;JG. PARAFUSOS CABEÇA;JG. PARAFUSOS CABEÇA;0;;
9;1285;14-32240-01;1285;143224001;CATEGORIA0;;1;1;0;1;;JG. PARAFUSOS CABEÇA;JG. PARAFUSOS CABEÇA;0;;
9;1285;14-32241-01;1285;143224101;CATEGORIA0;;1;1;0;1;;JG. PARAFUSOS CABEÇA;JG. PARAFUSOS CABEÇA;0;;
9;1285;14-32259-01;1285;143225901;CATEGORIA0;;1;1;0;1;;JG PARAFUSOS CABEÇA;JG PARAFUSOS CABEÇA;0;;
9;1285;14-32276-01;1285;143227601;CATEGORIA0;;1;1;0;1;;JG.PARAFUSOS CABEÇA;JG.PARAFUSOS CABEÇA;0;;
9;1285;14-32277-01;1285;143227701;CATEGORIA0;;1;1;0;1;;JG.PARAFUSOS CABEÇA;JG.PARAFUSOS CABEÇA;0;;
9;1285;14-32279-01;1285;143227901;CATEGORIA0;;1;1;0;1;;JG.PARAFUSOS CABEÇA;JG.PARAFUSOS CABEÇA;0;;
9;1285;14-32288-01;1285;143228801;CATEGORIA0;;1;1;0;1;;JG.PARAFUSOS CABEÇA;JG.PARAFUSOS CABEÇA;0;;
9;1285;14-32290-01;1285;143229001;CATEGORIA0;;1;1;0;1;;JG.PARAFUSOS CABEÇA;JG.PARAFUSOS CABEÇA;0;;
9;1285;14-32299-01;1285;143229901;CATEGORIA0;;1;1;0;1;;JG.PARAFUSOS CABEÇA;JG.PARAFUSOS CABEÇA;0;;
9;1285;14-32299-02;1285;143229902;CATEGORIA0;;1;1;0;1;;JG.PARAFUSOS CABEÇA;JG.PARAFUSOS CABEÇA;0;;
9;1285;14-32305-01;1285;143230501;CATEGORIA0;;1;1;0;1;;PARAFUSOS CABEÇA;PARAFUSOS CABEÇA;0;;
9;1285;14-32307-02;1285;143230702;CATEGORIA0;;1;1;0;1;;JG.PARAFUSOS CABEÇA;JG.PARAFUSOS CABEÇA;0;;
9;1285;14-32310-01;1285;143231001;CATEGORIA0;;1;1;0;1;;JG PARAFUSOS;JG PARAFUSOS;0;;
9;1285;14-32311-01;1285;143231101;CATEGORIA0;;1;1;0;1;;JG. PARAFUSOS CABEÇA;JG. PARAFUSOS CABEÇA;0;;
9;1285;14-32313-01;1285;143231301;CATEGORIA0;;1;1;0;1;;JG.PARAFUSOS;JG.PARAFUSOS;0;;
9;1285;14-32314-01;1285;143231401;CATEGORIA0;;1;1;0;1;;JG.PARAFUSOS CABEÇA;JG.PARAFUSOS CABEÇA;0;;
9;1285;14-32315-01;1285;143231501;CATEGORIA0;;1;1;0;1;;JG.PARAFUSOS CABEÇA;JG.PARAFUSOS CABEÇA;0;;
9;1285;14-32321-01;1285;143232101;CATEGORIA0;;1;1;0;1;;JG PERNES CABEÇA;JG PERNES CABEÇA;0;;
9;1285;14-32321-02;1285;143232102;CATEGORIA0;;1;1;0;1;;JG PERNES;JG PERNES;0;;
9;1285;14-32322-01;1285;143232201;CATEGORIA0;;1;1;0;1;;JG.PARAFUSOS CABEÇA;JG.PARAFUSOS CABEÇA;0;;
9;1285;14-32323-01;1285;143232301;CATEGORIA0;;1;1;0;1;;JG PARAFUSOS CABEÇA;JG PARAFUSOS CABEÇA;0;;
9;1285;14-32325-01;1285;143232501;CATEGORIA0;;1;1;0;1;;JG PERNES CABEÇA;JG PERNES CABEÇA;0;;
9;1285;14-32327-01;1285;143232701;CATEGORIA0;;1;1;0;1;;JG.PARAFUSOS CABEÇA;JG.PARAFUSOS CABEÇA;0;;
9;1285;14-32330-01;1285;143233001;CATEGORIA0;;1;1;0;1;;JG.PARAFUSOS CABEÇA;JG.PARAFUSOS CABEÇA;0;;
9;1285;14-32331-01;1285;143233101;CATEGORIA0;;1;1;0;1;;PARAFUSOS CABEÇA;PARAFUSOS CABEÇA;0;;
9;1285;14-32332-01;1285;143233201;CATEGORIA0;;1;1;0;1;;JG.PARAFUSOS CABEÇA;JG.PARAFUSOS CABEÇA;0;;
9;1285;14-32336-01;1285;143233601;CATEGORIA0;;1;1;0;1;;JG.PARAFUSOS CABEÇA;JG.PARAFUSOS CABEÇA;0;;
9;1285;14-32341-01;1285;143234101;CATEGORIA0;;1;1;0;1;;JG PARAFUSOS CABEÇA;JG PARAFUSOS CABEÇA;0;;
9;1285;14-32343-01;1285;143234301;CATEGORIA0;;1;1;0;1;;JG. PARAFUSOS CABEÇA;JG. PARAFUSOS CABEÇA;0;;
9;1285;14-32344-01;1285;143234401;CATEGORIA0;;1;1;0;1;;JG.PARAFUSOS CABEÇA;JG.PARAFUSOS CABEÇA;0;;
9;1285;14-32347-01;1285;143234701;CATEGORIA0;;1;1;0;1;;JG PARAFUSO CABEÇA;JG PARAFUSO CABEÇA;0;;
9;1285;14-32354-01;1285;143225401;CATEGORIA0;;1;1;0;1;;JG. PARAFUSOS CABE;A;JG. PARAFUSOS CABE;A;0;;
9;1285;14-32355-01;1285;143235501;CATEGORIA0;;1;1;0;1;;JG PERNES CABEÇA;JG PERNES CABEÇA;0;;
9;1285;14-32355-02;1285;143235502;CATEGORIA0;;1;1;0;1;;JG.PARAFUSOS CABEÇA;JG.PARAFUSOS CABEÇA;0;;
9;1285;14-32356-01;1285;143235601;CATEGORIA0;;1;1;0;1;;JG.PARAFUSOS CABEÇA;JG.PARAFUSOS CABEÇA;0;;
9;1285;14-32358-01;1285;143235801;CATEGORIA0;;1;1;0;1;;JOGO PARAFUSOS CABEÇA MOTOR;JOGO PARAFUSOS CABEÇA MOTOR;0;;
9;1285;14-32359-01;1285;143235901;CATEGORIA0;;1;1;0;1;;JG PERNES CABEÇA;JG PERNES CABEÇA;0;;
9;1285;14-32363-01;1285;143236301;CATEGORIA0;;1;1;0;1;;JG. PARAFUSOS CABEÇA;JG. PARAFUSOS CABEÇA;0;;
9;1285;14-32366-01;1285;143236601;CATEGORIA0;;1;1;0;1;;JG.PARAFUSOS CABEÇA;JG.PARAFUSOS CABEÇA;0;;
9;1285;14-32378-01;1285;143237801;CATEGORIA0;;1;1;0;1;;JG.PARAFUSOS CABEÇA;JG.PARAFUSOS CABEÇA;0;;
9;1285;14-32379-01;1285;143237901;CATEGORIA0;;1;1;0;1;;JG PARAFUSOS CABEÇA;JG PARAFUSOS CABEÇA;0;;
9;1285;14-32384-01;1285;143238401;CATEGORIA0;;1;1;0;1;;JG.PARAFUSOS CABEÇA;JG.PARAFUSOS CABEÇA;0;;
9;1285;14-32388-01;1285;143238801;CATEGORIA0;;1;1;0;1;;PARAFUSOS CABEÇA;PARAFUSOS CABEÇA;0;;
9;1285;14-35731-01;1285;143573101;CATEGORIA0;;1;1;0;1;;JG. PARAFUSOS CABEÇA;JG. PARAFUSOS CABEÇA;0;;
9;1285;14-35732-01;1285;143573201;CATEGORIA0;;1;1;0;1;;JG PARAFUSOS CABEÇA;JG PARAFUSOS CABEÇA;0;;
9;1285;14-35733-01;1285;143573301;CATEGORIA0;;1;1;0;1;;JG. PARAFUSOS CABEÇA;JG. PARAFUSOS CABEÇA;0;;
9;1285;14-35734-03;1285;143573403;CATEGORIA0;;1;1;0;1;;PERNES CABEÇA;PERNES CABEÇA;0;;
9;1285;14-35737-01;1285;143573701;CATEGORIA0;;1;1;0;1;;JG.PARAFUSOS CABEÇA;JG.PARAFUSOS CABEÇA;0;;
9;1285;14-35738-01;1285;143573801;CATEGORIA0;;1;1;0;1;;JG. PARAFUSOS CABEÇA;JG. PARAFUSOS CABEÇA;0;;
9;1285;14-35774-01;1285;143577401;CATEGORIA0;;1;1;0;1;;JG. PARAFUSOS CABEÇA;JG. PARAFUSOS CABEÇA;0;;
9;1285;14-55000-01;1285;145500001;CATEGORIA0;;1;1;0;1;;JG. PARAFUSOS CABEÇA;JG. PARAFUSOS CABEÇA;0;;
9;1285;14-55002-01;1285;145500201;CATEGORIA0;;1;1;0;1;;JG. PARAFUSOS CABEÇA;JG. PARAFUSOS CABEÇA;0;;
9;1285;14-55005-01;1285;145500501;CATEGORIA0;;1;1;0;1;;JG. PARAFUSOS CABEÇA;JG. PARAFUSOS CABEÇA;0;;
9;1285;14-55006-01;1285;145500601;CATEGORIA0;;1;1;0;1;;PERNES;PERNES;0;;
9;1285;14-55008-01;1285;145500801;CATEGORIA0;;1;1;0;1;;JG. PARAFUSOS CABEÇA;JG. PARAFUSOS CABEÇA;0;;
9;1285;14-55009-01;1285;145500901;CATEGORIA0;;1;1;0;1;;JG.PARAFUSOS CABEÇA;JG.PARAFUSOS CABEÇA;0;;
9;1285;14-55010-01;1285;145501001;CATEGORIA0;;1;1;0;1;;JG. PARAFUSOS CABEÇA  NISSAN;JG. PARAFUSOS CABEÇA  NISSAN;0;;
9;1285;14-55014-01;1285;145501401;CATEGORIA0;;1;1;0;1;;JG.PARAFUSOS CABEÇA;JG.PARAFUSOS CABEÇA;0;;
9;1285;14-55015-01;1285;145501501;CATEGORIA0;;1;1;0;1;;JG. PARAFUSOS CABEÇA (+);JG. PARAFUSOS CABEÇA (+);0;;
9;1285;14-55028-01;1285;145502801;CATEGORIA0;;1;1;0;1;;JG. PARAFUSOS CABEÇA (+);JG. PARAFUSOS CABEÇA (+);0;;
9;1285;14-55029-01;1285;145502901;CATEGORIA0;;1;1;0;1;;JG.PARAFUSOS CABEÇA;JG.PARAFUSOS CABEÇA;0;;
9;1285;14-55032-01;1285;145503201;CATEGORIA0;;1;1;0;1;;PARAFUSOS CABEÇA;PARAFUSOS CABEÇA;0;;
9;1285;14-55034-01;1285;145503401;CATEGORIA0;;1;1;0;1;;JG. PARAFUSOS CABEÇA;JG. PARAFUSOS CABEÇA;0;;
9;1285;14-55036-01;1285;145503601;CATEGORIA0;;1;1;0;1;;JG. PARAFUSOS CABEÇA;JG. PARAFUSOS CABEÇA;0;;
9;1285;14-55037-01;1285;145503701;CATEGORIA0;;1;1;0;1;;JG.PARAFUSOS CABEÇA;JG.PARAFUSOS CABEÇA;0;;
9;1285;14-55040-01;1285;145504001;CATEGORIA0;;1;1;0;1;;JG. PARAFUSOS CABEÇA;JG. PARAFUSOS CABEÇA;0;;
9;1285;14-55042-01;1285;145504201;CATEGORIA0;;1;1;0;1;;JG.PARAFUSOS CABEÇA;JG.PARAFUSOS CABEÇA;0;;
9;1285;14-55048-01;1285;145504801;CATEGORIA0;;1;1;0;1;;JG. PARAFUSOS CABEÇA;JG. PARAFUSOS CABEÇA;0;;
9;1285;14-55049-01;1285;145504901;CATEGORIA0;;1;1;0;1;;JG.PARAFUSOS CABEÇA;JG.PARAFUSOS CABEÇA;0;;
9;1285;14-55051-01;1285;145505101;CATEGORIA0;;1;1;0;1;;JG.PARAFUSOS CABEÇA;JG.PARAFUSOS CABEÇA;0;;
9;1285;14-55064-01;1285;145506401;CATEGORIA0;;1;1;0;1;;JG.PARAFUSOS CABEÇA;JG.PARAFUSOS CABEÇA;0;;
9;1285;14-55070-01;1285;145507001;CATEGORIA0;;1;1;0;1;;JG.PARAFUSOS CABEÇA;JG.PARAFUSOS CABEÇA;0;;
9;1285;14-55072-01;1285;145507201;CATEGORIA0;;1;1;0;1;;PARAFUSOS CABEÇA;PARAFUSOS CABEÇA;0;;
9;1285;14-55075-01;1285;145507501;CATEGORIA0;;1;1;0;1;;JG.PARAFUSOS CABEÇA;JG.PARAFUSOS CABEÇA;0;;
9;1285;14-55077-01;1285;145507701;CATEGORIA0;;1;1;0;1;;JG.PARAFUSOS CABEÇA;JG.PARAFUSOS CABEÇA;0;;
9;1285;14-55100-01;1285;145510001;CATEGORIA0;;1;1;0;1;;JG.PARAFUSOS CABEÇA;JG.PARAFUSOS CABEÇA;0;;
9;1285;15-10045-01;1285;151004501;CATEGORIA0;;1;1;0;1;;JOGO DE JUNTAS, TAMPA DAS VÁLVULAS;JOGO DE JUNTAS, TAMPA DAS VÁLVULAS;0;;
9;1285;15-10053-01;1285;151005301;CATEGORIA0;;1;1;0;1;;JOGO DE JUNTAS, TAMPA DAS VÁLVULAS;JOGO DE JUNTAS, TAMPA DAS VÁLVULAS;0;;
9;1285;15-10506-01;1285;151050601;CATEGORIA0;;1;1;0;1;;JUNTA T/ VALVULAS;JUNTA T/ VALVULAS;0;;
9;1285;15-11183-01;1285;151118301;CATEGORIA0;;1;1;0;1;;JG JUNTAS T/VALV;JG JUNTAS T/VALV;0;;
9;1285;15-11242-01;1285;151124201;CATEGORIA0;;1;1;0;1;;JG JUNTAS TAMPA DE VÁLVULAS;JG JUNTAS TAMPA DE VÁLVULAS;0;;
9;1285;15-11549-01;1285;151154901;CATEGORIA0;;1;1;0;1;;JUNTA T. VALVULAS;JUNTA T. VALVULAS;0;;
9;1285;15-12947-02;1285;151294702;CATEGORIA0;;1;1;0;1;;JUNTA T. VAL. V. REINZ;JUNTA T. VAL. V. REINZ;0;;
9;1285;15-13030-01;1285;151303001;CATEGORIA0;;1;1;0;1;;JUNTA T.VAL.;JUNTA T.VAL.;0;;
9;1285;15-26539-01;1285;152653901;CATEGORIA0;;1;1;0;1;;JUNTA T. VAL. VICTOR REINZ;JUNTA T. VAL. VICTOR REINZ;0;;
9;1285;15-28484-01;1285;152848401;CATEGORIA0;;1;1;0;1;;JUNTA T/VALVULAS;JUNTA T/VALVULAS;0;;
9;1285;15-28777-01;1285;152877701;CATEGORIA0;;1;1;0;1;;JUNTA T. VALV AUDI/SEAT/SKODA/VW;JUNTA T. VALV AUDI/SEAT/SKODA/VW;0;;
9;1285;15-28939-01;1285;142893901;CATEGORIA0;;1;1;0;1;;JG JUNTAS T. VALVULAS;JG JUNTAS T. VALVULAS;0;;
9;1285;15-28988-01;1285;152898801;CATEGORIA0;;1;1;0;1;;JUNTA T. VAL. V. REINZ;JUNTA T. VAL. V. REINZ;0;;
9;1285;15-29388-01;1285;152938801;CATEGORIA0;;1;1;0;1;;JUNTA T.VAL.;JUNTA T.VAL.;0;;
9;1285;15-31001-01;1285;153100101;CATEGORIA0;;1;1;0;1;;JUNTA T. VALVULAS;JUNTA T. VALVULAS;0;;
9;1285;15-31036-01;1285;153103601;CATEGORIA0;;1;1;0;1;;JG JUNTAS TAMPA DE VÁLVULAS;JG JUNTAS TAMPA DE VÁLVULAS;0;;
9;1285;15-31257-01;1285;153125701;CATEGORIA0;;1;1;0;1;;JUNTA T.VAL. VICTOR REINZ;JUNTA T.VAL. VICTOR REINZ;0;;
9;1285;15-31643-01;1285;153164301;CATEGORIA0;;1;1;0;1;;JUNTA T. VALVULAS;JUNTA T. VALVULAS;0;;
9;1285;15-31644-01;1285;153164401;CATEGORIA0;;1;1;0;1;;JUNTA T.VAL. VICTOR REINZ;JUNTA T.VAL. VICTOR REINZ;0;;
9;1285;15-31648-01;1285;153164801;CATEGORIA0;;1;1;0;1;;JUNTA T/ VALVULAS;JUNTA T/ VALVULAS;0;;
9;1285;15-31692-01;1285;153169201;CATEGORIA0;;1;1;0;1;;JUNTA T.VAL. V. REINZ;JUNTA T.VAL. V. REINZ;0;;
9;1285;15-31693-01;1285;153169301;CATEGORIA0;;1;1;0;1;;JUNTA T.VAL. VITOR REINZ;JUNTA T.VAL. VITOR REINZ;0;;
9;1285;15-31877-01;1285;153187701;CATEGORIA0;;1;1;0;1;;JG JUNTAS TAMPA DE VALVULAS;JG JUNTAS TAMPA DE VALVULAS;0;;
9;1285;15-31946-01;1285;153194601;CATEGORIA0;;1;1;0;1;;JUNTA T.VAL. VITOR REINZ ++;JUNTA T.VAL. VITOR REINZ ++;0;;
9;1285;15-31973-01;1285;153197301;CATEGORIA0;;1;1;0;1;;JUNTA T.VAL.;JUNTA T.VAL.;0;;
9;1285;15-33036-01;1285;153303601;CATEGORIA0;;1;1;0;1;;JUNTA T/ VALVULAS;JUNTA T/ VALVULAS;0;;
9;1285;15-33077-01;1285;153307701;CATEGORIA0;;1;1;0;1;;JUNTA T.VAL;JUNTA T.VAL;0;;
9;1285;15-33077-02;1285;153307702;CATEGORIA0;;1;1;0;1;;JOGO JUNTAS, TAMPA DE VALVULA;JOGO JUNTAS, TAMPA DE VALVULA;0;;
9;1285;15-33758-01;1285;153375801;CATEGORIA0;;1;1;0;1;;JUNTA T/ VALVULA;JUNTA T/ VALVULA;0;;
9;1285;15-34088-01;1285;153408801;CATEGORIA0;;1;1;0;1;;JUNTA T.VAL. VAG 2.5TDI;JUNTA T.VAL. VAG 2.5TDI;0;;
9;1285;15-34167-01;1285;153416701;CATEGORIA0;;1;1;0;1;;JUNTA T.VAL. VICTOR REINZ;JUNTA T.VAL. VICTOR REINZ;0;;
9;1285;15-34262-01;1285;153426201;CATEGORIA0;;1;1;0;1;;JUNTA T. VAL.;JUNTA T. VAL.;0;;
9;1285;15-34364-01;1285;153436401;CATEGORIA0;;1;1;0;1;;JUNTA T. VALVULA;JUNTA T. VALVULA;0;;
9;1285;15-35008-01;1285;153500801;CATEGORIA0;;1;1;0;1;;JUNTA T/ VALVULAS;JUNTA T/ VALVULAS;0;;
9;1285;15-35536-01;1285;153553601;CATEGORIA0;;1;1;0;1;;JUNTA CARTER;JUNTA CARTER;0;;
9;1285;15-35542-01;1285;153554201;CATEGORIA0;;1;1;0;1;;JUNTA T/VALVULAS;JUNTA T/VALVULAS;0;;
9;1285;15-35888-01;1285;153588801;CATEGORIA0;;1;1;0;1;;JUNTA T/ VALVULAS;JUNTA T/ VALVULAS;0;;
9;1285;15-36224-01;1285;153622401;CATEGORIA0;;1;1;0;1;;JUNTA T/ VALVULAS VITOR REINZ;JUNTA T/ VALVULAS VITOR REINZ;0;;
9;1285;15-36226-01;1285;153622601;CATEGORIA0;;1;1;0;1;;JUNTA T/ VALVULAS VITOR REINZ;JUNTA T/ VALVULAS VITOR REINZ;0;;
9;1285;15-36389-01;1285;153638901;CATEGORIA0;;1;1;0;1;;JUNTA T. VALVULAS;JUNTA T. VALVULAS;0;;
9;1285;15-36393-01;1285;153639301;CATEGORIA0;;1;1;0;1;;JUNTA T. VALVULAS;JUNTA T. VALVULAS;0;;
9;1285;15-36571-01;1285;153657101;CATEGORIA0;;1;1;0;1;;JUNTA T. VALVULAS;JUNTA T. VALVULAS;0;;
9;1285;15-37544-01;1285;153754401;CATEGORIA0;;1;1;0;1;;JUNTA T/ VALVULAS;JUNTA T/ VALVULAS;0;;
9;1285;15-37633-01;1285;153763301;CATEGORIA0;;1;1;0;1;;JUNTA T/ VALVULAS;JUNTA T/ VALVULAS;0;;
9;1285;15-37682-01;1285;153768201;CATEGORIA0;;1;1;0;1;;JUNTA T.VAL.;JUNTA T.VAL.;0;;
9;1285;15-38448-01;1285;153844801;CATEGORIA0;;1;1;0;1;;JUNTA T.VAL. VICTOR REINZ;JUNTA T.VAL. VICTOR REINZ;0;;
9;1285;15-38449-01;1285;153844901;CATEGORIA0;;1;1;0;1;;JUNTA T/ VALVULAS;JUNTA T/ VALVULAS;0;;
9;1285;15-38449-02;1285;153844902;CATEGORIA0;;1;1;0;1;;JUNTA T/ VALVULAS;JUNTA T/ VALVULAS;0;;
9;1285;15-38621-01;1285;153862101;CATEGORIA0;;1;1;0;1;;JUNTA T/VALVULAS;JUNTA T/VALVULAS;0;;
9;1285;15-38642-02;1285;153864202;CATEGORIA0;;1;1;0;1;;JOGO REPARAÇÃO INJETOR;JOGO REPARAÇÃO INJETOR;0;;
9;1285;15-38642-03;1285;153864203;CATEGORIA0;;1;1;0;1;;JOGO REPARAÇÃO INJETOR;JOGO REPARAÇÃO INJETOR;0;;
9;1285;15-39017-01;1285;153901701;CATEGORIA0;;1;1;0;1;;JUNTA T.VAL;JUNTA T.VAL;0;;
9;1285;15-39346-01;1285;153934601;CATEGORIA0;;1;1;0;1;;JUNTA TAMPA VALVULAS;JUNTA TAMPA VALVULAS;0;;
9;1285;15-39821-01;1285;153982101;CATEGORIA0;;1;1;0;1;;JUNTA T.VAL.;JUNTA T.VAL.;0;;
9;1285;15-40018-01;1285;154001801;CATEGORIA0;;1;1;0;1;;JUNTA T.VAL. VICTOR REINZ;JUNTA T.VAL. VICTOR REINZ;0;;
9;1285;15-40484-01;1285;154048401;CATEGORIA0;;1;1;0;1;;JUNTA T/VALVULAS;JUNTA T/VALVULAS;0;;
9;1285;15-41128-01;1285;154112801;CATEGORIA0;;1;1;0;1;;JUNTA T.VALVULAS;JUNTA T.VALVULAS;0;;
9;1285;15-41286-01;1285;154128601;CATEGORIA0;;1;1;0;1;;JUNTA T.VAL;JUNTA T.VAL;0;;
9;1285;15-41338-01;1285;154133801;CATEGORIA0;;1;1;0;1;;JG JUNTAS, TAMPA DAS VALVULAS;JG JUNTAS, TAMPA DAS VALVULAS;0;;
9;1285;15-42119-01;1285;154211901;CATEGORIA0;;1;1;0;1;;JG REPARAÇÃO INJECTORES;JG REPARAÇÃO INJECTORES;0;;
9;1285;15-42759-01;1285;154275901;CATEGORIA0;;1;1;0;1;;JUNTA T.VAL.;JUNTA T.VAL.;0;;
9;1285;15-52204-01;1285;155220401;CATEGORIA0;;1;1;0;1;;JUNTA T. VAL. V. REINZ;JUNTA T. VAL. V. REINZ;0;;
9;1285;15-52209-01;1285;155220901;CATEGORIA0;;1;1;0;1;;JUNTA T. VAL. V. REINZ;JUNTA T. VAL. V. REINZ;0;;
9;1285;15-52244-01;1285;155224401;CATEGORIA0;;1;1;0;1;;JUNTA T.VAL.;JUNTA T.VAL.;0;;
9;1285;15-52244-02;1285;155224402;CATEGORIA0;;1;1;0;1;;JUNTA T. VALVULA;JUNTA T. VALVULA;0;;
9;1285;15-52384-01;1285;155238401;CATEGORIA0;;1;1;0;1;;JUNTA T.VAL.;JUNTA T.VAL.;0;;
9;1285;15-52414-02;1285;155241402;CATEGORIA0;;1;1;0;1;;JUNTA T.VAL.;JUNTA T.VAL.;0;;
9;1285;15-52543-01;1285;155254301;CATEGORIA0;;1;1;0;1;;JUNTA T.VAL;JUNTA T.VAL;0;;
9;1285;15-52781-01;1285;155278101;CATEGORIA0;;1;1;0;1;;JUNTA T/VALV;JUNTA T/VALV;0;;
9;1285;15-52786-01;1285;155278601;CATEGORIA0;;1;1;0;1;;JG JUNTAS TAMPA DE VÁLVULAS;JG JUNTAS TAMPA DE VÁLVULAS;0;;
9;1285;15-52898-02;1285;155289802;CATEGORIA0;;1;1;0;1;;JUNTA T. VALVULAS;JUNTA T. VALVULAS;0;;
9;1285;15-52956-01;1285;155295601;CATEGORIA0;;1;1;0;1;;JOGO JUNTAS;JOGO JUNTAS;0;;
9;1285;15-52993-01;1285;155299301;CATEGORIA0;;1;1;0;1;;JUNTA T.VAL. VICTOR REINZ;JUNTA T.VAL. VICTOR REINZ;0;;
9;1285;15-53121-01;1285;155312101;CATEGORIA0;;1;1;0;1;;JUNTA TAMPA VALVULAS;JUNTA TAMPA VALVULAS;0;;
9;1285;15-53437-01;1285;155343701;CATEGORIA0;;1;1;0;1;;JG JUNTAS T/ VALVULAS;JG JUNTAS T/ VALVULAS;0;;
9;1285;15-53456-01;1285;155345601;CATEGORIA0;;1;1;0;1;;JUNTA T. VALVULAS;JUNTA T. VALVULAS;0;;
9;1285;15-53546-01;1285;155354601;CATEGORIA0;;1;1;0;1;;JUNTA T. VALVULA;JUNTA T. VALVULA;0;;
9;1285;15-54027-01;1285;155402701;CATEGORIA0;;1;1;0;1;;JUNTA T.VAL.;JUNTA T.VAL.;0;;
9;1285;15-76741-02;1285;157674102;CATEGORIA0;;1;1;0;1;;JUNTAS ORRINGS T/ VALVULAS;JUNTAS ORRINGS T/ VALVULAS;0;;
9;1285;150111;1285;150111;CATEGORIA0;;1;1;0;1;;JUNTA COL. ESCAPE;JUNTA COL. ESCAPE;0;;
9;1285;40-70560-00;1285;407056000;CATEGORIA0;;1;1;0;1;;ANILHA DE INJECTOR;ANILHA DE INJECTOR;0;;
9;1285;40-76131-00;1285;407613100;CATEGORIA0;;1;1;0;1;;RETENTOR;RETENTOR;0;;
9;1285;40-76240-00;1285;407624000;CATEGORIA0;;1;1;0;1;;O´RING COLECTOR ADMISSÃO;O´RING COLECTOR ADMISSÃO;0;;
9;1285;40-76246-00;1285;407624600;CATEGORIA0;;1;1;0;1;;O´RING COLETOR ADMISSÃO;O´RING COLETOR ADMISSÃO;0;;
9;1285;40-76752-00;1285;407675200;CATEGORIA0;;1;1;0;1;;JUNTA;JUNTA;0;;
9;1285;40-76919-00;1285;407691900;CATEGORIA0;;1;1;0;1;;O´RING COLECTOR ADMISSÃO;O´RING COLECTOR ADMISSÃO;0;;
9;1285;40-77535-00;1285;407753500;CATEGORIA0;;1;1;0;1;;JUNTA;JUNTA;0;;
9;1285;40-83978-00;1285;408397800;CATEGORIA0;;1;1;0;1;;ANILHA INJ.;ANILHA INJ.;0;;
9;1285;4026635048213;1285;083627803;CATEGORIA0;;1;1;0;1;;JG JUNTAS CONVERSÃO;JG JUNTAS CONVERSÃO;0;;
9;1285;4026635085041;1285;714285600;CATEGORIA0;;1;1;0;1;;JUNTA COLETOR ADMISSAO;JUNTA COLETOR ADMISSAO;0;;
9;1285;53030000;1285;53030000;CATEGORIA0;;1;1;0;1;;JG.JUNTAS DESC.;JG.JUNTAS DESC.;0;;
9;1285;57004900;1285;57004900;CATEGORIA0;;1;1;0;1;;JG. VEDANTES VALVULA;JG. VEDANTES VALVULA;0;;
9;1285;61-00011-00;1285;610001100;CATEGORIA0;;1;1;0;1;;JUNTA CABEÇA;JUNTA CABEÇA;0;;
9;1285;61-06858-30;1285;610685830;CATEGORIA0;;1;1;0;1;;JUNTA CABEÇA;JUNTA CABEÇA;0;;
9;1285;61-10010-10;1285;611001010;CATEGORIA0;;1;1;0;1;;JUNTA CABEÇA 2M;JUNTA CABEÇA 2M;0;;
9;1285;61-10016-00;1285;611001600;CATEGORIA0;;1;1;0;1;;JUNTA DE CABEÇA;JUNTA DE CABEÇA;0;;
9;1285;61-10016-10;1285;611001610;CATEGORIA0;;1;1;0;1;;JUNTA DE CABEÇA (1 FURO);JUNTA DE CABEÇA (1 FURO);0;;
9;1285;61-10016-20;1285;611001620;CATEGORIA0;;1;1;0;1;;JUNTA DE CABEÇA (2 FUROS);JUNTA DE CABEÇA (2 FUROS);0;;
9;1285;61-10018-00;1285;611001800;CATEGORIA0;;1;1;0;1;;JUNTA CABEÇA;JUNTA CABEÇA;0;;
9;1285;61-10018-10;1285;611001810;CATEGORIA0;;1;1;0;1;;JUNTA CABEÇA;JUNTA CABEÇA;0;;
9;1285;61-10018-20;1285;611001820;CATEGORIA0;;1;1;0;1;;JUNTA CABEÇA;JUNTA CABEÇA;0;;
9;1285;61-10022-00;1285;611002200;CATEGORIA0;;1;1;0;1;;JUNTA CABEÇA;JUNTA CABEÇA;0;;
9;1285;61-10022-10;1285;611002210;CATEGORIA0;;1;1;0;1;;JUNTA CABEÇA;JUNTA CABEÇA;0;;
9;1285;61-10022-20;1285;611002220;CATEGORIA0;;1;1;0;1;;JUNTA CABEÇA;JUNTA CABEÇA;0;;
9;1285;61-10025-00;1285;611002500;CATEGORIA0;;1;1;0;1;;JUNTA CABEÇA;JUNTA CABEÇA;0;;
9;1285;61-10037-10;1285;611003710;CATEGORIA0;;1;1;0;1;;JUNTA CABEÇA;JUNTA CABEÇA;0;;
9;1285;61-10039-00;1285;611003900;CATEGORIA0;;1;1;0;1;;JUNTA CABEÇA;JUNTA CABEÇA;0;;
9;1285;61-10039-10;1285;611003910;CATEGORIA0;;1;1;0;1;;JUNTA CABEÇA;JUNTA CABEÇA;0;;
9;1285;61-10039-20;1285;611003920;CATEGORIA0;;1;1;0;1;;JUNTA CABEÇA;JUNTA CABEÇA;0;;
9;1285;61-10039-30;1285;611003930;CATEGORIA0;;1;1;0;1;;JUNTA CABEÇA;JUNTA CABEÇA;0;;
9;1285;61-10049-00;1285;611004900;CATEGORIA0;;1;1;0;1;;JUNTA CABEÇA;JUNTA CABEÇA;0;;
9;1285;61-10049-10;1285;611004910;CATEGORIA0;;1;1;0;1;;JUNTA CABEÇA;JUNTA CABEÇA;0;;
9;1285;61-10049-20;1285;611004920;CATEGORIA0;;1;1;0;1;;JUNTA CABEÇA;JUNTA CABEÇA;0;;
9;1285;61-10058-20;1285;611005820;CATEGORIA0;;1;1;0;1;;JUNTA CABEÇA;JUNTA CABEÇA;0;;
9;1285;61-10063-00;1285;611006300;CATEGORIA0;;1;1;0;1;;JUNTA CABEÇA;JUNTA CABEÇA;0;;
9;1285;61-10092-20;1285;611009220;CATEGORIA0;;1;1;0;1;;JUNTA, CABEÇA DO MOTOR;JUNTA, CABEÇA DO MOTOR;0;;
9;1285;61-10093-00;1285;611009300;CATEGORIA0;;1;1;0;1;;JUNTA CABEÇA;JUNTA CABEÇA;0;;
9;1285;61-10093-10;1285;611009310;CATEGORIA0;;1;1;0;1;;JUNTA CABEÇA;JUNTA CABEÇA;0;;
9;1285;61-10106-10;1285;611010610;CATEGORIA0;;1;1;0;1;;JUNTA CABEÇA;JUNTA CABEÇA;0;;
9;1285;61-10172-10;1285;611017210;CATEGORIA0;;1;1;0;1;;JUNTA CABEÇA;JUNTA CABEÇA;0;;
9;1285;61-10189-10;1285;611018910;CATEGORIA0;;1;1;0;1;;JUNTA CABEÇA;JUNTA CABEÇA;0;;
9;1285;61-10246-00;1285;611024600;CATEGORIA0;;1;1;0;1;;JUNTA CABEÇA;JUNTA CABEÇA;0;;
9;1285;61-10268-00;1285;611026800;CATEGORIA0;;1;1;0;1;;JUNTA CABEÇA;JUNTA CABEÇA;0;;
9;1285;61-10289-30;1285;611028930;CATEGORIA0;;1;1;0;1;;JUNTA CABEÇA;JUNTA CABEÇA;0;;
9;1285;61-10289-40;1285;611028940;CATEGORIA0;;1;1;0;1;;JUNTA CABEÇA;JUNTA CABEÇA;0;;
9;1285;61-10299-20;1285;611029920;CATEGORIA0;;1;1;0;1;;JUNTA CABEÇA;JUNTA CABEÇA;0;;
9;1285;61-11839-30;1285;611183930;CATEGORIA0;;1;1;0;1;;JUNTA CABECA;JUNTA CABECA;0;;
9;1285;61-19975-30;1285;611997530;CATEGORIA0;;1;1;0;1;;JUNTA CABEÇA;JUNTA CABEÇA;0;;
9;1285;61-22585-20;1285;612258520;CATEGORIA0;;1;1;0;1;;JUNTA CABEÇA;JUNTA CABEÇA;0;;
9;1285;61-22586-20;1285;612258620;CATEGORIA0;;1;1;0;1;;JUNTA CABEÇA;JUNTA CABEÇA;0;;
9;1285;61-22745-00;1285;612274500;CATEGORIA0;;1;1;0;1;;JUNTA CABEÇA;JUNTA CABEÇA;0;;
9;1285;61-22770-40;1285;612277040;CATEGORIA0;;1;1;0;1;;JUNTA CABEÇA;JUNTA CABEÇA;0;;
9;1285;61-23440-10;1285;612344010;CATEGORIA0;;1;1;0;1;;JUNTA CABEÇA;JUNTA CABEÇA;0;;
9;1285;61-23635-10;1285;612363510;CATEGORIA0;;1;1;0;1;;JUNTA CABEÇA;JUNTA CABEÇA;0;;
9;1285;61-23785-40;1285;612378540;CATEGORIA0;;1;1;0;1;;JUNTA CABEÇA;JUNTA CABEÇA;0;;
9;1285;61-24125-40;1285;612412540;CATEGORIA0;;1;1;0;1;;JUNTA CABEÇA;JUNTA CABEÇA;0;;
9;1285;61-24185-50;1285;612418550;CATEGORIA0;;1;1;0;1;;JUNTA CABEÇA;JUNTA CABEÇA;0;;
9;1285;61-24190-60;1285;612419060;CATEGORIA0;;1;1;0;1;;JUNTA CABEÇA;JUNTA CABEÇA;0;;
9;1285;61-24245-00;1285;612424500;CATEGORIA0;;1;1;0;1;;JUNTA CABEÇA;JUNTA CABEÇA;0;;
9;1285;61-24245-20;1285;612424520;CATEGORIA0;;1;1;0;1;;JUNTA CABEÇA;JUNTA CABEÇA;0;;
9;1285;61-24265-20;1285;612426520;CATEGORIA0;;1;1;0;1;;JUNTA CABEÇA;JUNTA CABEÇA;0;;
9;1285;61-24430-00;1285;612443000;CATEGORIA0;;1;1;0;1;;JUNTA CABEÇA;JUNTA CABEÇA;0;;
9;1285;61-24430-10;1285;612443010;CATEGORIA0;;1;1;0;1;;JUNTA CABEÇA;JUNTA CABEÇA;0;;
9;1285;61-24430-20;1285;612443020;CATEGORIA0;;1;1;0;1;;JUNTA CABEÇA;JUNTA CABEÇA;0;;
9;1285;61-24460-50;1285;612446050;CATEGORIA0;;1;1;0;1;;JUNTA CABEÇA;JUNTA CABEÇA;0;;
9;1285;61-24465-60;1285;612446560;CATEGORIA0;;1;1;0;1;;JUNTA CABEÇA;JUNTA CABEÇA;0;;
9;1285;61-24885-20;1285;612488520;CATEGORIA0;;1;1;0;1;;JUNTA CABEÇA;JUNTA CABEÇA;0;;
9;1285;61-24960-10;1285;612496010;CATEGORIA0;;1;1;0;1;;JUNTA CABEÇA;JUNTA CABEÇA;0;;
9;1285;61-25015-40;1285;612501540;CATEGORIA0;;1;1;0;1;;JUNTA CABEÇA;JUNTA CABEÇA;0;;
9;1285;61-25015-50;1285;612501550;CATEGORIA0;;1;1;0;1;;JUNTA CABEÇA;JUNTA CABEÇA;0;;
9;1285;61-25075-30;1285;612507530;CATEGORIA0;;1;1;0;1;;JUNTA CABEÇA;JUNTA CABEÇA;0;;
9;1285;61-25225-40;1285;612522540;CATEGORIA0;;1;1;0;1;;JUNTA CABEÇA;JUNTA CABEÇA;0;;
9;1285;61-25230-40;1285;612523040;CATEGORIA0;;1;1;0;1;;JUNTA CABEÇA;JUNTA CABEÇA;0;;
9;1285;61-25290-50;1285;612529050;CATEGORIA0;;1;1;0;1;;JUNTA CABEÇA;JUNTA CABEÇA;0;;
9;1285;61-25295-20;1285;612529520;CATEGORIA0;;1;1;0;1;;JUNTA CABEÇA;JUNTA CABEÇA;0;;
9;1285;61-25415-30;1285;612541530;CATEGORIA0;;1;1;0;1;;JUNTA CABEÇA;JUNTA CABEÇA;0;;
9;1285;61-25415-40;1285;612541540;CATEGORIA0;;1;1;0;1;;JUNTA CABEÇA;JUNTA CABEÇA;0;;
9;1285;61-25715-00;1285;612571500;CATEGORIA0;;1;1;0;1;;JUNTA CABEÇA;JUNTA CABEÇA;0;;
9;1285;61-25715-10;1285;612571510;CATEGORIA0;;1;1;0;1;;JUNTA CABEÇA;JUNTA CABEÇA;0;;
9;1285;61-25715-20;1285;612571520;CATEGORIA0;;1;1;0;1;;JUNTA CABEÇA;JUNTA CABEÇA;0;;
9;1285;61-25745-40;1285;612574540;CATEGORIA0;;1;1;0;1;;JUNTA CABEÇA;JUNTA CABEÇA;0;;
9;1285;61-25795-30;1285;612579530;CATEGORIA0;;1;1;0;1;;JUNTA CABEÇA;JUNTA CABEÇA;0;;
9;1285;61-25895-20;1285;612589520;CATEGORIA0;;1;1;0;1;;JUNTA CABEÇA;JUNTA CABEÇA;0;;
9;1285;61-25930-30;1285;612593030;CATEGORIA0;;1;1;0;1;;JUNTA CABEÇA;JUNTA CABEÇA;0;;
9;1285;61-26070-40;1285;612607040;CATEGORIA0;;1;1;0;1;;JUNTA CABEÇA;JUNTA CABEÇA;0;;
9;1285;61-26205-30;1285;612620530;CATEGORIA0;;1;1;0;1;;JUNTA CABEÇA;JUNTA CABEÇA;0;;
9;1285;61-26205-40;1285;612620540;CATEGORIA0;;1;1;0;1;;JUNTA CABEÇA (2M);JUNTA CABEÇA (2M);0;;
9;1285;61-26205-50;1285;612620550;CATEGORIA0;;1;1;0;1;;JUNTA CABEÇA;JUNTA CABEÇA;0;;
9;1285;61-26220-10;1285;612622010;CATEGORIA0;;1;1;0;1;;JUNTA CABEÇA;JUNTA CABEÇA;0;;
9;1285;61-26255-10;1285;612625510;CATEGORIA0;;1;1;0;1;;JUNTA CABEÇA;JUNTA CABEÇA;0;;
9;1285;61-26515-50;1285;612651550;CATEGORIA0;;1;1;0;1;;JUNTA CABEÇA;JUNTA CABEÇA;0;;
9;1285;61-26520-10;1285;612652010;CATEGORIA0;;1;1;0;1;;JUNTA CABEÇA;JUNTA CABEÇA;0;;
9;1285;61-26570-50;1285;612657050;CATEGORIA0;;1;1;0;1;;JUNTA CABEÇA;JUNTA CABEÇA;0;;
9;1285;61-26630-30;1285;612663030;CATEGORIA0;;1;1;0;1;;JUNTA CABEÇA;JUNTA CABEÇA;0;;
9;1285;61-26630-40;1285;612663040;CATEGORIA0;;1;1;0;1;;JUNTA CABEÇA;JUNTA CABEÇA;0;;
9;1285;61-26630-50;1285;612663050;CATEGORIA0;;1;1;0;1;;JUNTA CABEÇA;JUNTA CABEÇA;0;;
9;1285;61-27015-10;1285;612701510;CATEGORIA0;;1;1;0;1;;JUNTA CABEÇA;JUNTA CABEÇA;0;;
9;1285;61-27035-30;1285;612703530;CATEGORIA0;;1;1;0;1;;JUNTA CABEÇA;JUNTA CABEÇA;0;;
9;1285;61-27180-10;1285;612718010;CATEGORIA0;;1;1;0;1;;JUNTA CABEÇA;JUNTA CABEÇA;0;;
9;1285;61-27210-30;1285;612721030;CATEGORIA0;;1;1;0;1;;JUNTA CABEÇA;JUNTA CABEÇA;0;;
9;1285;61-27210-40;1285;612721040;CATEGORIA0;;1;1;0;1;;JUNTA CABEÇA;JUNTA CABEÇA;0;;
9;1285;61-27210-50;1285;612721050;CATEGORIA0;;1;1;0;1;;JUNTA CABEÇA;JUNTA CABEÇA;0;;
9;1285;61-27215-10;1285;612721510;CATEGORIA0;;1;1;0;1;;JUNTA CABEÇA;JUNTA CABEÇA;0;;
9;1285;61-27245-40;1285;612724540;CATEGORIA0;;1;1;0;1;;JUNTA CABEÇA;JUNTA CABEÇA;0;;
9;1285;61-27265-10;1285;612726510;CATEGORIA0;;1;1;0;1;;JUNTA CABEÇA;JUNTA CABEÇA;0;;
9;1285;61-27270-20;1285;612727020;CATEGORIA0;;1;1;0;1;;JUNTA CABEÇA;JUNTA CABEÇA;0;;
9;1285;61-27275-10;1285;612727510;CATEGORIA0;;1;1;0;1;;JUNTA CABEÇA;JUNTA CABEÇA;0;;
9;1285;61-27335-20;1285;612733520;CATEGORIA0;;1;1;0;1;;JUNTA CABEÇA;JUNTA CABEÇA;0;;
9;1285;61-27435-00;1285;612743500;CATEGORIA0;;1;1;0;1;;JUNTA CABEÇA;JUNTA CABEÇA;0;;
9;1285;61-27475-20;1285;612747520;CATEGORIA0;;1;1;0;1;;JUNTA CABEÇA;JUNTA CABEÇA;0;;
9;1285;61-27515-50;1285;612751550;CATEGORIA0;;1;1;0;1;;JUNTA CABEÇA;JUNTA CABEÇA;0;;
9;1285;61-27825-00;1285;612782500;CATEGORIA0;;1;1;0;1;;JUNTA CABEÇA;JUNTA CABEÇA;0;;
9;1285;61-28025-10;1285;612802510;CATEGORIA0;;1;1;0;1;;JUNTA CABEÇA;JUNTA CABEÇA;0;;
9;1285;61-28050-30;1285;612805030;CATEGORIA0;;1;1;0;1;;JUNTA CABEÇA;JUNTA CABEÇA;0;;
9;1285;61-28050-40;1285;612805040;CATEGORIA0;;1;1;0;1;;JUNTA CABEÇA;JUNTA CABEÇA;0;;
9;1285;61-28050-50;1285;612805050;CATEGORIA0;;1;1;0;1;;JUNTA CABEÇA;JUNTA CABEÇA;0;;
9;1285;61-28130-10;1285;612813010;CATEGORIA0;;1;1;0;1;;JUNTA CABEÇA;JUNTA CABEÇA;0;;
9;1285;61-28130-20;1285;612813020;CATEGORIA0;;1;1;0;1;;JUNTA CABEÇA;JUNTA CABEÇA;0;;
9;1285;61-28135-00;1285;612813500;CATEGORIA0;;1;1;0;1;;JUNTA CABEÇA;JUNTA CABEÇA;0;;
9;1285;61-28285-10;1285;612828510;CATEGORIA0;;1;1;0;1;;JUNTA CABEÇA;JUNTA CABEÇA;0;;
9;1285;61-28505-00;1285;612850500;CATEGORIA0;;1;1;0;1;;JUNTA CABEÇA;JUNTA CABEÇA;0;;
9;1285;61-28630-00;1285;612863000;CATEGORIA0;;1;1;0;1;;JUNTA CABEÇA;JUNTA CABEÇA;0;;
9;1285;61-28630-10;1285;612863010;CATEGORIA0;;1;1;0;1;;JUNTA CABEÇA;JUNTA CABEÇA;0;;
9;1285;61-28630-20;1285;612863020;CATEGORIA0;;1;1;0;1;;JUNTA;JUNTA;0;;
9;1285;61-28640-30;1285;612864030;CATEGORIA0;;1;1;0;1;;JUNTA CABEÇA;JUNTA CABEÇA;0;;
9;1285;61-28640-40;1285;612864040;CATEGORIA0;;1;1;0;1;;JUNTA CABEÇA;JUNTA CABEÇA;0;;
9;1285;61-28640-50;1285;612864050;CATEGORIA0;;1;1;0;1;;JUNTA CABEÇA;JUNTA CABEÇA;0;;
9;1285;61-28715-00;1285;612871500;CATEGORIA0;;1;1;0;1;;JUNTA CABEÇA;JUNTA CABEÇA;0;;
9;1285;61-28910-00;1285;612891000;CATEGORIA0;;1;1;0;1;;JUNTA CABEÇA;JUNTA CABEÇA;0;;
9;1285;61-28950-00;1285;612895000;CATEGORIA0;;1;1;0;1;;JUNTA CABEÇA;JUNTA CABEÇA;0;;
9;1285;61-28990-20;1285;612899020;CATEGORIA0;;1;1;0;1;;JUNTA CABEÇA;JUNTA CABEÇA;0;;
9;1285;61-29000-30;1285;612900030;CATEGORIA0;;1;1;0;1;;JUNTA CABEÇA;JUNTA CABEÇA;0;;
9;1285;61-29000-40;1285;612900040;CATEGORIA0;;1;1;0;1;;JUNTA CABEÇA;JUNTA CABEÇA;0;;
9;1285;61-29000-50;1285;612900050;CATEGORIA0;;1;1;0;1;;JUNTA CABEÇA (3M);JUNTA CABEÇA (3M);0;;
9;1285;61-29025-40;1285;612902540;CATEGORIA0;;1;1;0;1;;JUNTA CABEÇA;JUNTA CABEÇA;0;;
9;1285;61-29025-50;1285;612902550;CATEGORIA0;;1;1;0;1;;JUNTA CABEÇA;JUNTA CABEÇA;0;;
9;1285;61-29025-60;1285;612902560;CATEGORIA0;;1;1;0;1;;JUNTA CABEÇA;JUNTA CABEÇA;0;;
9;1285;61-29060-00;1285;612906000;CATEGORIA0;;1;1;0;1;;JUNTA CABEÇA;JUNTA CABEÇA;0;;
9;1285;61-29060-10;1285;612906010;CATEGORIA0;;1;1;0;1;;JUNTA CABEÇA;JUNTA CABEÇA;0;;
9;1285;61-29060-20;1285;612906020;CATEGORIA0;;1;1;0;1;;JUNTA CABEÇA;JUNTA CABEÇA;0;;
9;1285;61-29100-10;1285;612910010;CATEGORIA0;;1;1;0;1;;JUNTA CABEÇA;JUNTA CABEÇA;0;;
9;1285;61-29120-20;1285;612912020;CATEGORIA0;;1;1;0;1;;JUNTA CABEÇA;JUNTA CABEÇA;0;;
9;1285;61-29145-20;1285;612914520;CATEGORIA0;;1;1;0;1;;JUNTA CABEÇA;JUNTA CABEÇA;0;;
9;1285;61-29160-00;1285;612916000;CATEGORIA0;;1;1;0;1;;JUNTA CABEÇA;JUNTA CABEÇA;0;;
9;1285;61-29165-20;1285;612916520;CATEGORIA0;;1;1;0;1;;JUNTA CABEÇA;JUNTA CABEÇA;0;;
9;1285;61-29210-00;1285;612921000;CATEGORIA0;;1;1;0;1;;JUNTA CABEÇA;JUNTA CABEÇA;0;;
9;1285;61-29210-10;1285;612921010;CATEGORIA0;;1;1;0;1;;JUNTA CABEÇA;JUNTA CABEÇA;0;;
9;1285;61-29210-20;1285;612921020;CATEGORIA0;;1;1;0;1;;JUNTA CABEÇA;JUNTA CABEÇA;0;;
9;1285;61-29215-00;1285;612921500;CATEGORIA0;;1;1;0;1;;JUNTA CABEÇA;JUNTA CABEÇA;0;;
9;1285;61-29215-10;1285;612921510;CATEGORIA0;;1;1;0;1;;JUNTA CABEÇA;JUNTA CABEÇA;0;;
9;1285;61-29215-20;1285;612921520;CATEGORIA0;;1;1;0;1;;JUNTA CABEÇA;JUNTA CABEÇA;0;;
9;1285;61-29245-30;1285;612924530;CATEGORIA0;;1;1;0;1;;JUNTA CABEÇA;JUNTA CABEÇA;0;;
9;1285;61-29270-00;1285;612927000;CATEGORIA0;;1;1;0;1;;JUNTA CABEÇA;JUNTA CABEÇA;0;;
9;1285;61-29455-40;1285;612945540;CATEGORIA0;;1;1;0;1;;JUNTA CABEÇA;JUNTA CABEÇA;0;;
9;1285;61-29471-30;1285;612947130;CATEGORIA0;;1;1;0;1;;JUNTA CABEÇA;JUNTA CABEÇA;0;;
9;1285;61-29471-40;1285;612947140;CATEGORIA0;;1;1;0;1;;JUNTA CABEÇA;JUNTA CABEÇA;0;;
9;1285;61-29471-50;1285;612947150;CATEGORIA0;;1;1;0;1;;JUNTA CABEÇA;JUNTA CABEÇA;0;;
9;1285;61-31010-00;1285;613101000;CATEGORIA0;;1;1;0;1;;JUNTA CABEÇA;JUNTA CABEÇA;0;;
9;1285;61-31025-10;1285;613102510;CATEGORIA0;;1;1;0;1;;JUNTA CABEÇA;JUNTA CABEÇA;0;;
9;1285;61-31060-00;1285;613106000;CATEGORIA0;;1;1;0;1;;JUNTA CABEÇA;JUNTA CABEÇA;0;;
9;1285;61-31060-10;1285;613106010;CATEGORIA0;;1;1;0;1;;JUNTA CABEÇA;JUNTA CABEÇA;0;;
9;1285;61-31060-20;1285;613106020;CATEGORIA0;;1;1;0;1;;JUNTA CABEÇA;JUNTA CABEÇA;0;;
9;1285;61-31060-30;1285;613106030;CATEGORIA0;;1;1;0;1;;JUNTA CABEÇA;JUNTA CABEÇA;0;;
9;1285;61-31060-40;1285;613106040;CATEGORIA0;;1;1;0;1;;JUNTA CABEÇA;JUNTA CABEÇA;0;;
9;1285;61-31065-00;1285;613106500;CATEGORIA0;;1;1;0;1;;JUNTA CABEÇA;JUNTA CABEÇA;0;;
9;1285;61-31065-10;1285;613106510;CATEGORIA0;;1;1;0;1;;JUNTA CABEÇA (2 M);JUNTA CABEÇA (2 M);0;;
9;1285;61-31065-20;1285;613106520;CATEGORIA0;;1;1;0;1;;JUNTA CABEÇA 3 M;JUNTA CABEÇA 3 M;0;;
9;1285;61-31065-30;1285;613106530;CATEGORIA0;;1;1;0;1;;JUNTA CABEÇA;JUNTA CABEÇA;0;;
9;1285;61-31065-40;1285;613106540;CATEGORIA0;;1;1;0;1;;JUNTA CABEÇA;JUNTA CABEÇA;0;;
9;1285;61-31095-10;1285;613109510;CATEGORIA0;;1;1;0;1;;JUNTA CABEÇA;JUNTA CABEÇA;0;;
9;1285;61-31100-30;1285;613110030;CATEGORIA0;;1;1;0;1;;JUNTA CABEÇA;JUNTA CABEÇA;0;;
9;1285;61-31130-00;1285;613113000;CATEGORIA0;;1;1;0;1;;JUNTA CABEÇA;JUNTA CABEÇA;0;;
9;1285;61-31135-10;1285;613113510;CATEGORIA0;;1;1;0;1;;JUNTA CABEÇA (2M);JUNTA CABEÇA (2M);0;;
9;1285;61-31135-20;1285;613113520;CATEGORIA0;;1;1;0;1;;JUNTA CABEÇA;JUNTA CABEÇA;0;;
9;1285;61-31135-30;1285;613113530;CATEGORIA0;;1;1;0;1;;JUNTA CABEÇA;JUNTA CABEÇA;0;;
9;1285;61-31190-00;1285;613119000;CATEGORIA0;;1;1;0;1;;JUNTA CABEÇA;JUNTA CABEÇA;0;;
9;1285;61-31190-10;1285;613119010;CATEGORIA0;;1;1;0;1;;JUNTA CABEÇA;JUNTA CABEÇA;0;;
9;1285;61-31195-00;1285;613119500;CATEGORIA0;;1;1;0;1;;JUNTA CABEÇA;JUNTA CABEÇA;0;;
9;1285;61-31200-00;1285;613120000;CATEGORIA0;;1;1;0;1;;JUNTA CABEÇA;JUNTA CABEÇA;0;;
9;1285;61-31210-00;1285;613121000;CATEGORIA0;;1;1;0;1;;JUNTA CABEÇA **;JUNTA CABEÇA **;0;;
9;1285;61-31210-10;1285;613121010;CATEGORIA0;;1;1;0;1;;JUNTA CABEÇA (1 M);JUNTA CABEÇA (1 M);0;;
9;1285;61-31210-20;1285;613121020;CATEGORIA0;;1;1;0;1;;JUNTA CABEÇA (3M)  ***;JUNTA CABEÇA (3M)  ***;0;;
9;1285;61-31225-30;1285;613122530;CATEGORIA0;;1;1;0;1;;JUNTA CABEÇA;JUNTA CABEÇA;0;;
9;1285;61-31225-40;1285;613122540;CATEGORIA0;;1;1;0;1;;JUNTA CABEÇA (2M);JUNTA CABEÇA (2M);0;;
9;1285;61-31225-50;1285;613122550;CATEGORIA0;;1;1;0;1;;JUNTA CABEÇA (3M);JUNTA CABEÇA (3M);0;;
9;1285;61-31240-00;1285;613124000;CATEGORIA0;;1;1;0;1;;JUNTA CABEÇA;JUNTA CABEÇA;0;;
9;1285;61-31275-00;1285;613127500;CATEGORIA0;;1;1;0;1;;JUNTA CABEÇA;JUNTA CABEÇA;0;;
9;1285;61-31275-10;1285;613127510;CATEGORIA0;;1;1;0;1;;JUNTA CABEÇA;JUNTA CABEÇA;0;;
9;1285;61-31275-20;1285;613127520;CATEGORIA0;;1;1;0;1;;JUNTA CABEÇA;JUNTA CABEÇA;0;;
9;1285;61-31280-00;1285;613128000;CATEGORIA0;;1;1;0;1;;JUNTA CABEÇA;JUNTA CABEÇA;0;;
9;1285;61-31325-00;1285;613132500;CATEGORIA0;;1;1;0;1;;JUNTA CABEÇA;JUNTA CABEÇA;0;;
9;1285;61-31325-10;1285;613132510;CATEGORIA0;;1;1;0;1;;JUNTA CABEÇA;JUNTA CABEÇA;0;;
9;1285;61-31325-20;1285;613132520;CATEGORIA0;;1;1;0;1;;JUNTA CABEÇA;JUNTA CABEÇA;0;;
9;1285;61-31330-10;1285;613133010;CATEGORIA0;;1;1;0;1;;JUNTA CABEÇA;JUNTA CABEÇA;0;;
9;1285;61-31335-10;1285;613133510;CATEGORIA0;;1;1;0;1;;JUNTA CABEÇA;JUNTA CABEÇA;0;;
9;1285;61-31345-00;1285;613134500;CATEGORIA0;;1;1;0;1;;JUNTA CABEÇA;JUNTA CABEÇA;0;;
9;1285;61-31370-00;1285;613137000;CATEGORIA0;;1;1;0;1;;JUNTA CABEÇA;JUNTA CABEÇA;0;;
9;1285;61-31370-10;1285;613137010;CATEGORIA0;;1;1;0;1;;JUNTA CABEÇA;JUNTA CABEÇA;0;;
9;1285;61-31375-10;1285;613137510;CATEGORIA0;;1;1;0;1;;JUNTA CABEÇA;JUNTA CABEÇA;0;;
9;1285;61-31400-00;1285;613140000;CATEGORIA0;;1;1;0;1;;JUNTA CABEÇA;JUNTA CABEÇA;0;;
9;1285;61-31565-30;1285;613156530;CATEGORIA0;;1;1;0;1;;JUNTA CABEÇA (2 M);JUNTA CABEÇA (2 M);0;;
9;1285;61-31565-40;1285;613156540;CATEGORIA0;;1;1;0;1;;JUNTA CABEÇA (3M);JUNTA CABEÇA (3M);0;;
9;1285;61-31565-50;1285;613156550;CATEGORIA0;;1;1;0;1;;JUNTA CABEÇA (4 M);JUNTA CABEÇA (4 M);0;;
9;1285;61-31595-00;1285;613159500;CATEGORIA0;;1;1;0;1;;JUNTA CABEÇA;JUNTA CABEÇA;0;;
9;1285;61-31595-10;1285;613159510;CATEGORIA0;;1;1;0;1;;JUNTA CABEÇA;JUNTA CABEÇA;0;;
9;1285;61-31620-00;1285;613162000;CATEGORIA0;;1;1;0;1;;JUNTA CABEÇA;JUNTA CABEÇA;0;;
9;1285;61-31620-10;1285;613162010;CATEGORIA0;;1;1;0;1;;JUNTA CABEÇA;JUNTA CABEÇA;0;;
9;1285;61-31655-00;1285;613165500;CATEGORIA0;;1;1;0;1;;JUNTA CABEÇA;JUNTA CABEÇA;0;;
9;1285;61-31660-10;1285;613166010;CATEGORIA0;;1;1;0;1;;JUNTA CABEÇA;JUNTA CABEÇA;0;;
9;1285;61-31660-20;1285;613166020;CATEGORIA0;;1;1;0;1;;JUNTA DA CABEÇA DO MOTOR (2MM);JUNTA DA CABEÇA DO MOTOR (2MM);0;;
9;1285;61-31665-00;1285;613166500;CATEGORIA0;;1;1;0;1;;JUNTA CABEÇA;JUNTA CABEÇA;0;;
9;1285;61-31670-00;1285;613167000;CATEGORIA0;;1;1;0;1;;JUNTA CABEÇA;JUNTA CABEÇA;0;;
9;1285;61-31675-00;1285;613167500;CATEGORIA0;;1;1;0;1;;JUNTA CABEÇA;JUNTA CABEÇA;0;;
9;1285;61-31750-00;1285;613175000;CATEGORIA0;;1;1;0;1;;JUNTA CABEÇA;JUNTA CABEÇA;0;;
9;1285;61-31750-10;1285;613175010;CATEGORIA0;;1;1;0;1;;JUNTA CABEÇA;JUNTA CABEÇA;0;;
9;1285;61-31750-20;1285;613175020;CATEGORIA0;;1;1;0;1;;JUNTA CABEÇA (2M);JUNTA CABEÇA (2M);0;;
9;1285;61-31755-00;1285;613175500;CATEGORIA0;;1;1;0;1;;JUNTA CABEÇA;JUNTA CABEÇA;0;;
9;1285;61-31760-00;1285;613176000;CATEGORIA0;;1;1;0;1;;JUNTA CABEÇA;JUNTA CABEÇA;0;;
9;1285;61-31785-00;1285;613178500;CATEGORIA0;;1;1;0;1;;JUNTA CABEÇA;JUNTA CABEÇA;0;;
9;1285;61-31785-10;1285;613178510;CATEGORIA0;;1;1;0;1;;JUNTA CABEÇA;JUNTA CABEÇA;0;;
9;1285;61-31785-20;1285;613178520;CATEGORIA0;;1;1;0;1;;JUNTA CABEÇA;JUNTA CABEÇA;0;;
9;1285;61-31790-00;1285;613179000;CATEGORIA0;;1;1;0;1;;JUNTA CABEÇA;JUNTA CABEÇA;0;;
9;1285;61-31790-10;1285;613179010;CATEGORIA0;;1;1;0;1;;JUNTA CABEÇA;JUNTA CABEÇA;0;;
9;1285;61-31790-20;1285;613179020;CATEGORIA0;;1;1;0;1;;JUNTA CABEÇA;JUNTA CABEÇA;0;;
9;1285;61-31795-00;1285;613179500;CATEGORIA0;;1;1;0;1;;JUNTA CABEÇA;JUNTA CABEÇA;0;;
9;1285;61-31830-00;1285;613183000;CATEGORIA0;;1;1;0;1;;JUNTA CABEÇA;JUNTA CABEÇA;0;;
9;1285;61-31850-00;1285;613185000;CATEGORIA0;;1;1;0;1;;JUNTA CABEÇA;JUNTA CABEÇA;0;;
9;1285;61-31850-10;1285;613185010;CATEGORIA0;;1;1;0;1;;JUNTA CABEÇA;JUNTA CABEÇA;0;;
9;1285;61-31850-20;1285;613185020;CATEGORIA0;;1;1;0;1;;JUNTA CABEÇA;JUNTA CABEÇA;0;;
9;1285;61-31855-00;1285;613185500;CATEGORIA0;;1;1;0;1;;JUNTA CABEÇA;JUNTA CABEÇA;0;;
9;1285;61-31855-10;1285;613185510;CATEGORIA0;;1;1;0;1;;JUNTA CABEÇA;JUNTA CABEÇA;0;;
9;1285;61-31855-20;1285;613185520;CATEGORIA0;;1;1;0;1;;JUNTA CABEÇA;JUNTA CABEÇA;0;;
9;1285;61-31860-00;1285;613186000;CATEGORIA0;;1;1;0;1;;JUNTA CABEÇA;JUNTA CABEÇA;0;;
9;1285;61-31860-10;1285;613186010;CATEGORIA0;;1;1;0;1;;JUNTA CABEÇA;JUNTA CABEÇA;0;;
9;1285;61-31860-20;1285;613186020;CATEGORIA0;;1;1;0;1;;JUNTA CABEÇA;JUNTA CABEÇA;0;;
9;1285;61-31865-00;1285;613186500;CATEGORIA0;;1;1;0;1;;JUNTA CABEÇA;JUNTA CABEÇA;0;;
9;1285;61-31875-00;1285;613187500;CATEGORIA0;;1;1;0;1;;JUNTA CABEÇA;JUNTA CABEÇA;0;;
9;1285;61-31885-00;1285;613188500;CATEGORIA0;;1;1;0;1;;JUNTA CABEÇA;JUNTA CABEÇA;0;;
9;1285;61-31890-00;1285;613189000;CATEGORIA0;;1;1;0;1;;JUNTA CABEÇA;JUNTA CABEÇA;0;;
9;1285;61-31915-00;1285;613191500;CATEGORIA0;;1;1;0;1;;JUNTA CABEÇA;JUNTA CABEÇA;0;;
9;1285;61-31915-10;1285;613191510;CATEGORIA0;;1;1;0;1;;JUNTA CABEÇA;JUNTA CABEÇA;0;;
9;1285;61-31920-00;1285;613192000;CATEGORIA0;;1;1;0;1;;JUNTA CABEÇA;JUNTA CABEÇA;0;;
9;1285;61-31920-10;1285;613192010;CATEGORIA0;;1;1;0;1;;JUNTA CABEÇA;JUNTA CABEÇA;0;;
9;1285;61-31920-20;1285;613192020;CATEGORIA0;;1;1;0;1;;JUNTA CABEÇA;JUNTA CABEÇA;0;;
9;1285;61-31920-30;1285;613192030;CATEGORIA0;;1;1;0;1;;JUNTA CABEÇA;JUNTA CABEÇA;0;;
9;1285;61-31940-00;1285;613194000;CATEGORIA0;;1;1;0;1;;JUNTA CABEÇA;JUNTA CABEÇA;0;;
9;1285;61-31945-10;1285;613194510;CATEGORIA0;;1;1;0;1;;JUNTA CABEÇA;JUNTA CABEÇA;0;;
9;1285;61-31950-30;1285;613195030;CATEGORIA0;;1;1;0;1;;JUNTA CABEÇA;JUNTA CABEÇA;0;;
9;1285;61-31950-40;1285;613195040;CATEGORIA0;;1;1;0;1;;JUNTA CABEÇA;JUNTA CABEÇA;0;;
9;1285;61-31950-50;1285;613195050;CATEGORIA0;;1;1;0;1;;JUNTA CABEÇA;JUNTA CABEÇA;0;;
9;1285;61-31955-10;1285;613195510;CATEGORIA0;;1;1;0;1;;JUNTA CABEÇA;JUNTA CABEÇA;0;;
9;1285;61-31960-00;1285;613196000;CATEGORIA0;;1;1;0;1;;JUNTA CABEÇA;JUNTA CABEÇA;0;;
9;1285;61-31960-10;1285;613196010;CATEGORIA0;;1;1;0;1;;JUNTA CABEÇA;JUNTA CABEÇA;0;;
9;1285;61-31960-20;1285;613196020;CATEGORIA0;;1;1;0;1;;JUNTA CABEÇA;JUNTA CABEÇA;0;;
9;1285;61-31970-00;1285;613197000;CATEGORIA0;;1;1;0;1;;JUNTA CABEÇA;JUNTA CABEÇA;0;;
9;1285;61-31980-00;1285;613198000;CATEGORIA0;;1;1;0;1;;JUNTA CABEÇA;JUNTA CABEÇA;0;;
9;1285;61-31980-10;1285;613198010;CATEGORIA0;;1;1;0;1;;JUNTA CABEÇA (2M);JUNTA CABEÇA (2M);0;;
9;1285;61-31980-20;1285;613198020;CATEGORIA0;;1;1;0;1;;JUNTA CABEÇA;JUNTA CABEÇA;0;;
9;1285;61-31985-10;1285;613198510;CATEGORIA0;;1;1;0;1;;JUNTA CABEÇA;JUNTA CABEÇA;0;;
9;1285;61-31995-10;1285;613199510;CATEGORIA0;;1;1;0;1;;JUNTA CABEÇA;JUNTA CABEÇA;0;;
9;1285;61-33000-10;1285;613300010;CATEGORIA0;;1;1;0;1;;JUNTA CABEÇA;JUNTA CABEÇA;0;;
9;1285;61-33005-10;1285;613300510;CATEGORIA0;;1;1;0;1;;JUNTA CABEÇA;JUNTA CABEÇA;0;;
9;1285;61-33040-00;1285;613304000;CATEGORIA0;;1;1;0;1;;JUNTA CABEÇA;JUNTA CABEÇA;0;;
9;1285;61-33120-30;1285;613312030;CATEGORIA0;;1;1;0;1;;JUNTA CABEÇA;JUNTA CABEÇA;0;;
9;1285;61-33120-40;1285;613312040;CATEGORIA0;;1;1;0;1;;JUNTA CABEÇA;JUNTA CABEÇA;0;;
9;1285;61-33120-50;1285;613312050;CATEGORIA0;;1;1;0;1;;JUNTA CABEÇA;JUNTA CABEÇA;0;;
9;1285;61-33155-10;1285;613315510;CATEGORIA0;;1;1;0;1;;JUNTA CABEÇA (2M);JUNTA CABEÇA (2M);0;;
9;1285;61-33155-20;1285;613315520;CATEGORIA0;;1;1;0;1;;JUNTA CABEÇA;JUNTA CABEÇA;0;;
9;1285;61-33155-30;1285;613315530;CATEGORIA0;;1;1;0;1;;JUNTA CABEÇA;JUNTA CABEÇA;0;;
9;1285;61-33155-40;1285;613315540;CATEGORIA0;;1;1;0;1;;JUNTA CABEÇA;JUNTA CABEÇA;0;;
9;1285;61-33155-50;1285;613315550;CATEGORIA0;;1;1;0;1;;JUNTA CABEÇA;JUNTA CABEÇA;0;;
9;1285;61-33165-00;1285;613316500;CATEGORIA0;;1;1;0;1;;JUNTA CABEÇA;JUNTA CABEÇA;0;;
9;1285;61-33420-00;1285;613342000;CATEGORIA0;;1;1;0;1;;JUNTA CABEÇA;JUNTA CABEÇA;0;;
9;1285;61-33435-00;1285;613343500;CATEGORIA0;;1;1;0;1;;JUNTA CABEÇA;JUNTA CABEÇA;0;;
9;1285;61-33440-00;1285;613344000;CATEGORIA0;;1;1;0;1;;JUNTA CABEÇA;JUNTA CABEÇA;0;;
9;1285;61-33465-00;1285;613346500;CATEGORIA0;;1;1;0;1;;JUNTA CABEÇA;JUNTA CABEÇA;0;;
9;1285;61-33465-10;1285;613346510;CATEGORIA0;;1;1;0;1;;JUNTA CABEÇA;JUNTA CABEÇA;0;;
9;1285;61-33465-20;1285;613346520;CATEGORIA0;;1;1;0;1;;JUNTA CABEÇA;JUNTA CABEÇA;0;;
9;1285;61-33465-30;1285;613346530;CATEGORIA0;;1;1;0;1;;JUNTA CABEÇA;JUNTA CABEÇA;0;;
9;1285;61-33465-40;1285;613346540;CATEGORIA0;;1;1;0;1;;JUNTA CABEÇA;JUNTA CABEÇA;0;;
9;1285;61-33465-50;1285;613346550;CATEGORIA0;;1;1;0;1;;JUNTA CABEÇA;JUNTA CABEÇA;0;;
9;1285;61-33470-00;1285;613347000;CATEGORIA0;;1;1;0;1;;JUNTA CABEÇA;JUNTA CABEÇA;0;;
9;1285;61-33495-00;1285;613349500;CATEGORIA0;;1;1;0;1;;JUNTA CABEÇA;JUNTA CABEÇA;0;;
9;1285;61-33495-10;1285;613349510;CATEGORIA0;;1;1;0;1;;JUNTA CABEÇA;JUNTA CABEÇA;0;;
9;1285;61-33500-00;1285;613350000;CATEGORIA0;;1;1;0;1;;JUNTA CABEÇA;JUNTA CABEÇA;0;;
9;1285;61-33580-30;1285;613358030;CATEGORIA0;;1;1;0;1;;JUNTA CABEÇA;JUNTA CABEÇA;0;;
9;1285;61-33580-40;1285;613358040;CATEGORIA0;;1;1;0;1;;JUNTA CABEÇA;JUNTA CABEÇA;0;;
9;1285;61-33580-50;1285;613358050;CATEGORIA0;;1;1;0;1;;JUNTA CABEÇA;JUNTA CABEÇA;0;;
9;1285;61-33585-00;1285;613358500;CATEGORIA0;;1;1;0;1;;JUNTA CABEÇA;JUNTA CABEÇA;0;;
9;1285;61-33590-00;1285;613359000;CATEGORIA0;;1;1;0;1;;JUNTA CABEÇA;JUNTA CABEÇA;0;;
9;1285;61-33595-00;1285;613359500;CATEGORIA0;;1;1;0;1;;JUNTA CABEÇA;JUNTA CABEÇA;0;;
9;1285;61-33595-10;1285;613359510;CATEGORIA0;;1;1;0;1;;JUNTA CABEÇA;JUNTA CABEÇA;0;;
9;1285;61-33600-00;1285;613360000;CATEGORIA0;;1;1;0;1;;JUNTA CABEÇA;JUNTA CABEÇA;0;;
9;1285;61-33610-00;1285;613361000;CATEGORIA0;;1;1;0;1;;JUNTA CABEÇA;JUNTA CABEÇA;0;;
9;1285;61-33610-10;1285;613361010;CATEGORIA0;;1;1;0;1;;JUNTA CABEÇA;JUNTA CABEÇA;0;;
9;1285;61-33610-20;1285;613361020;CATEGORIA0;;1;1;0;1;;JUNTA CABEÇA;JUNTA CABEÇA;0;;
9;1285;61-33620-00;1285;613362000;CATEGORIA0;;1;1;0;1;;JUNTA CABEÇA;JUNTA CABEÇA;0;;
9;1285;61-33625-00;1285;613362500;CATEGORIA0;;1;1;0;1;;JUNTA CABEÇA;JUNTA CABEÇA;0;;
9;1285;61-33630-00;1285;613363000;CATEGORIA0;;1;1;0;1;;JUNTA CABEÇA;JUNTA CABEÇA;0;;
9;1285;61-33635-00;1285;613363500;CATEGORIA0;;1;1;0;1;;JUNTA CABEÇA;JUNTA CABEÇA;0;;
9;1285;61-33640-00;1285;613364000;CATEGORIA0;;1;1;0;1;;JUNTA CABEÇA;JUNTA CABEÇA;0;;
9;1285;61-33645-00;1285;613364500;CATEGORIA0;;1;1;0;1;;JUNTA CABEÇA;JUNTA CABEÇA;0;;
9;1285;61-3365 -00;1285;613365000;CATEGORIA0;;1;1;0;1;;JUNTA CABEÇA;JUNTA CABEÇA;0;;
9;1285;61-33655-00;1285;613365500;CATEGORIA0;;1;1;0;1;;JUNTA CABEÇA;JUNTA CABEÇA;0;;
9;1285;61-33655-10;1285;613365510;CATEGORIA0;;1;1;0;1;;JUNTA CABEÇA;JUNTA CABEÇA;0;;
9;1285;61-33655-20;1285;613365520;CATEGORIA0;;1;1;0;1;;JUNTA CABEÇA;JUNTA CABEÇA;0;;
9;1285;61-33655-30;1285;613365530;CATEGORIA0;;1;1;0;1;;JUNTA CABEÇA;JUNTA CABEÇA;0;;
9;1285;61-33655-40;1285;613365540;CATEGORIA0;;1;1;0;1;;JUNTA CABEÇA;JUNTA CABEÇA;0;;
9;1285;61-33655-50;1285;613365550;CATEGORIA0;;1;1;0;1;;JUNTA CABEÇA;JUNTA CABEÇA;0;;
9;1285;61-33670-00;1285;613367000;CATEGORIA0;;1;1;0;1;;JUNTA CABEÇA;JUNTA CABEÇA;0;;
9;1285;61-33670-10;1285;613367010;CATEGORIA0;;1;1;0;1;;JUNTA CABEÇA;JUNTA CABEÇA;0;;
9;1285;61-33680-00;1285;613368000;CATEGORIA0;;1;1;0;1;;JUNTA CABEÇA;JUNTA CABEÇA;0;;
9;1285;61-33685-00;1285;613368500;CATEGORIA0;;1;1;0;1;;JUNTA CABEÇA;JUNTA CABEÇA;0;;
9;1285;61-33685-10;1285;613368510;CATEGORIA0;;1;1;0;1;;JUNTA CABEÇA;JUNTA CABEÇA;0;;
9;1285;61-33685-20;1285;613368520;CATEGORIA0;;1;1;0;1;;JUNTA CABEÇA (3 M);JUNTA CABEÇA (3 M);0;;
9;1285;61-33710-00;1285;613371000;CATEGORIA0;;1;1;0;1;;JUNTA CABEÇA;JUNTA CABEÇA;0;;
9;1285;61-33715-00;1285;613371500;CATEGORIA0;;1;1;0;1;;JUNTA CABEÇA;JUNTA CABEÇA;0;;
9;1285;61-33715-10;1285;613371510;CATEGORIA0;;1;1;0;1;;JUNTA CABEÇA;JUNTA CABEÇA;0;;
9;1285;61-33720-00;1285;613372000;CATEGORIA0;;1;1;0;1;;JUNTA CABEÇA;JUNTA CABEÇA;0;;
9;1285;61-33720-10;1285;613372010;CATEGORIA0;;1;1;0;1;;JUNTA CABEÇA (2M);JUNTA CABEÇA (2M);0;;
9;1285;61-33720-20;1285;613372020;CATEGORIA0;;1;1;0;1;;JUNTA CABEÇA (3M);JUNTA CABEÇA (3M);0;;
9;1285;61-33720-30;1285;613372030;CATEGORIA0;;1;1;0;1;;JUNTA CABEÇA (4M);JUNTA CABEÇA (4M);0;;
9;1285;61-33720-40;1285;613372040;CATEGORIA0;;1;1;0;1;;JUNTA CABEÇA (5M);JUNTA CABEÇA (5M);0;;
9;1285;61-33720-50;1285;613372050;CATEGORIA0;;1;1;0;1;;JUNTA CABEÇA;JUNTA CABEÇA;0;;
9;1285;61-33740-00;1285;613374000;CATEGORIA0;;1;1;0;1;;JUNTA CABEÇA;JUNTA CABEÇA;0;;
9;1285;61-33755-10;1285;613375510;CATEGORIA0;;1;1;0;1;;JUNTA CABEÇA;JUNTA CABEÇA;0;;
9;1285;61-33755-20;1285;613375520;CATEGORIA0;;1;1;0;1;;JUNTA CABEÇA;JUNTA CABEÇA;0;;
9;1285;61-33770-00;1285;613377000;CATEGORIA0;;1;1;0;1;;JUNTA CABEÇA;JUNTA CABEÇA;0;;
9;1285;61-33770-10;1285;613377010;CATEGORIA0;;1;1;0;1;;JUNTA CABEÇA;JUNTA CABEÇA;0;;
9;1285;61-33770-20;1285;613377020;CATEGORIA0;;1;1;0;1;;JUNTA CABEÇA;JUNTA CABEÇA;0;;
9;1285;61-33820-00;1285;613382000;CATEGORIA0;;1;1;0;1;;JUNTA CABEÇA;JUNTA CABEÇA;0;;
9;1285;61-33820-10;1285;613382010;CATEGORIA0;;1;1;0;1;;JUNTA CABEÇA;JUNTA CABEÇA;0;;
9;1285;61-33820-20;1285;613382020;CATEGORIA0;;1;1;0;1;;JUNTA CABEÇA;JUNTA CABEÇA;0;;
9;1285;61-33875-00;1285;613387500;CATEGORIA0;;1;1;0;1;;JUNTA CABEÇA;JUNTA CABEÇA;0;;
9;1285;61-33875-10;1285;613387510;CATEGORIA0;;1;1;0;1;;JUNTA CABEÇA;JUNTA CABEÇA;0;;
9;1285;61-33875-20;1285;613387520;CATEGORIA0;;1;1;0;1;;JUNTA CABEÇA;JUNTA CABEÇA;0;;
9;1285;61-33875-30;1285;613387530;CATEGORIA0;;1;1;0;1;;JUNTA CABEÇA;JUNTA CABEÇA;0;;
9;1285;61-33895-00;1285;613389500;CATEGORIA0;;1;1;0;1;;JUNTA CABEÇA;JUNTA CABEÇA;0;;
9;1285;61-33900-00;1285;613390000;CATEGORIA0;;1;1;0;1;;JUNTA CABEÇA;JUNTA CABEÇA;0;;
9;1285;61-33905-00;1285;613390500;CATEGORIA0;;1;1;0;1;;JUNTA CABEÇA;JUNTA CABEÇA;0;;
9;1285;61-33915-00;1285;613391500;CATEGORIA0;;1;1;0;1;;JUNTA CABEÇA;JUNTA CABEÇA;0;;
9;1285;61-33935-00;1285;613393500;CATEGORIA0;;1;1;0;1;;JUNTA CABEÇA;JUNTA CABEÇA;0;;
9;1285;61-33935-10;1285;613393510;CATEGORIA0;;1;1;0;1;;JUNTA CABEÇA;JUNTA CABEÇA;0;;
9;1285;61-33940-00;1285;613394000;CATEGORIA0;;1;1;0;1;;JUNTA CABEÇA;JUNTA CABEÇA;0;;
9;1285;61-33945-30;1285;613394530;CATEGORIA0;;1;1;0;1;;JUNTA CABEÇA;JUNTA CABEÇA;0;;
9;1285;61-33945-40;1285;613394540;CATEGORIA0;;1;1;0;1;;JUNTA CABEÇA;JUNTA CABEÇA;0;;
9;1285;61-33945-50;1285;613394550;CATEGORIA0;;1;1;0;1;;JUNTA CABEÇA;JUNTA CABEÇA;0;;
9;1285;61-33950-00;1285;613395000;CATEGORIA0;;1;1;0;1;;JUNTA CABEÇA;JUNTA CABEÇA;0;;
9;1285;61-33950-10;1285;613395010;CATEGORIA0;;1;1;0;1;;JUNTA CABEÇA;JUNTA CABEÇA;0;;
9;1285;61-33950-20;1285;613395020;CATEGORIA0;;1;1;0;1;;JUNTA CABEÇA;JUNTA CABEÇA;0;;
9;1285;61-33955-00;1285;613395500;CATEGORIA0;;1;1;0;1;;JUNTA CABEÇA;JUNTA CABEÇA;0;;
9;1285;61-33955-10;1285;613395510;CATEGORIA0;;1;1;0;1;;JUNTA CABEÇA;JUNTA CABEÇA;0;;
9;1285;61-33955-20;1285;613395520;CATEGORIA0;;1;1;0;1;;JUNTA CABEÇA;JUNTA CABEÇA;0;;
9;1285;61-33985-00;1285;613398500;CATEGORIA0;;1;1;0;1;;JUNTA CABEÇA;JUNTA CABEÇA;0;;
9;1285;61-34070-00;1285;613407000;CATEGORIA0;;1;1;0;1;;JUNTA CABEÇA;JUNTA CABEÇA;0;;
9;1285;61-34075-00;1285;613407500;CATEGORIA0;;1;1;0;1;;JUNTA CABEÇA;JUNTA CABEÇA;0;;
9;1285;61-34085-00;1285;613408500;CATEGORIA0;;1;1;0;1;;JUNTA CABEÇA;JUNTA CABEÇA;0;;
9;1285;61-34105-00;1285;613410500;CATEGORIA0;;1;1;0;1;;JUNTA CABEÇA;JUNTA CABEÇA;0;;
9;1285;61-34110-00;1285;613411000;CATEGORIA0;;1;1;0;1;;JUNTA CABEÇA;JUNTA CABEÇA;0;;
9;1285;61-34115-00;1285;613411500;CATEGORIA0;;1;1;0;1;;JUNTA CABEÇA;JUNTA CABEÇA;0;;
9;1285;61-34115-10;1285;613411510;CATEGORIA0;;1;1;0;1;;JUNTA CABEÇA;JUNTA CABEÇA;0;;
9;1285;61-34115-20;1285;613411520;CATEGORIA0;;1;1;0;1;;JUNTA CABEÇA;JUNTA CABEÇA;0;;
9;1285;61-34135-00;1285;613413500;CATEGORIA0;;1;1;0;1;;JUNTA CABEÇA;JUNTA CABEÇA;0;;
9;1285;61-34140-10;1285;613414010;CATEGORIA0;;1;1;0;1;;JUNTA CABEÇA;JUNTA CABEÇA;0;;
9;1285;61-34145-00;1285;613414500;CATEGORIA0;;1;1;0;1;;JUNTA CABEÇA;JUNTA CABEÇA;0;;
9;1285;61-34145-10;1285;613414510;CATEGORIA0;;1;1;0;1;;JUNTA CABEÇA *;JUNTA CABEÇA *;0;;
9;1285;61-34145-20;1285;613414520;CATEGORIA0;;1;1;0;1;;JUNTA CABEÇA;JUNTA CABEÇA;0;;
9;1285;61-34150-10;1285;613415010;CATEGORIA0;;1;1;0;1;;JUNTA CABEÇA;JUNTA CABEÇA;0;;
9;1285;61-34155-00;1285;613415500;CATEGORIA0;;1;1;0;1;;JUNTA CABEÇA;JUNTA CABEÇA;0;;
9;1285;61-34162-00;1285;613416200;CATEGORIA0;;1;1;0;1;;JUNTA CABEÇA;JUNTA CABEÇA;0;;
9;1285;61-34162-10;1285;613416210;CATEGORIA0;;1;1;0;1;;JUNTA CABEÇA;JUNTA CABEÇA;0;;
9;1285;61-34205-00;1285;613420500;CATEGORIA0;;1;1;0;1;;JUNTA CABEÇA;JUNTA CABEÇA;0;;
9;1285;61-34235-00;1285;613423500;CATEGORIA0;;1;1;0;1;;JUNTA CABEÇA;JUNTA CABEÇA;0;;
9;1285;61-34240-00;1285;613424000;CATEGORIA0;;1;1;0;1;;JUNTA CABEÇA;JUNTA CABEÇA;0;;
9;1285;61-34245-00;1285;613424500;CATEGORIA0;;1;1;0;1;;JUNTA CABEÇA;JUNTA CABEÇA;0;;
9;1285;61-34250-00;1285;613425000;CATEGORIA0;;1;1;0;1;;JUNTA CABEÇA;JUNTA CABEÇA;0;;
9;1285;61-34250-10;1285;613425010;CATEGORIA0;;1;1;0;1;;JUNTA CABEÇA (2M);JUNTA CABEÇA (2M);0;;
9;1285;61-34250-20;1285;613425020;CATEGORIA0;;1;1;0;1;;JUNTA CABEÇA (3M);JUNTA CABEÇA (3M);0;;
9;1285;61-34260-00;1285;613426000;CATEGORIA0;;1;1;0;1;;JUNTA CABEÇA;JUNTA CABEÇA;0;;
9;1285;61-34280-00;1285;613428000;CATEGORIA0;;1;1;0;1;;JUNTA CABEÇA;JUNTA CABEÇA;0;;
9;1285;61-34295-00;1285;613429500;CATEGORIA0;;1;1;0;1;;JUNTA CABEÇA;JUNTA CABEÇA;0;;
9;1285;61-34300-00;1285;613430000;CATEGORIA0;;1;1;0;1;;JUNTA CABEÇA  ***;JUNTA CABEÇA  ***;0;;
9;1285;61-34315-00;1285;613431500;CATEGORIA0;;1;1;0;1;;JUNTA CABEÇA;JUNTA CABEÇA;0;;
9;1285;61-34315-10;1285;613431510;CATEGORIA0;;1;1;0;1;;JUNTA CABEÇA;JUNTA CABEÇA;0;;
9;1285;61-34315-20;1285;613431520;CATEGORIA0;;1;1;0;1;;JUNTA CABEÇA (4M);JUNTA CABEÇA (4M);0;;
9;1285;61-34315-30;1285;613431530;CATEGORIA0;;1;1;0;1;;JUNTA CABEÇA (5M);JUNTA CABEÇA (5M);0;;
9;1285;61-34315-40;1285;613431540;CATEGORIA0;;1;1;0;1;;JUNTA CABEÇA;JUNTA CABEÇA;0;;
9;1285;61-34315-50;1285;613431550;CATEGORIA0;;1;1;0;1;;JUNTA CABEÇA;JUNTA CABEÇA;0;;
9;1285;61-34350-00;1285;613435000;CATEGORIA0;;1;1;0;1;;JUNTA CABEÇA;JUNTA CABEÇA;0;;
9;1285;61-34350-10;1285;613435010;CATEGORIA0;;1;1;0;1;;JUNTA CABEÇA;JUNTA CABEÇA;0;;
9;1285;61-34350-20;1285;613435020;CATEGORIA0;;1;1;0;1;;JUNTA CABEÇA;JUNTA CABEÇA;0;;
9;1285;61-34370-10;1285;613437010;CATEGORIA0;;1;1;0;1;;JUNTA CABEÇA;JUNTA CABEÇA;0;;
9;1285;61-34370-20;1285;613437020;CATEGORIA0;;1;1;0;1;;JUNTA CABEÇA;JUNTA CABEÇA;0;;
9;1285;61-34370-30;1285;613437030;CATEGORIA0;;1;1;0;1;;JUNTA CABEÇA;JUNTA CABEÇA;0;;
9;1285;61-34410-00;1285;613441000;CATEGORIA0;;1;1;0;1;;JUNTA CABEÇA;JUNTA CABEÇA;0;;
9;1285;61-34410-10;1285;613441010;CATEGORIA0;;1;1;0;1;;JUNTA CABEÇA;JUNTA CABEÇA;0;;
9;1285;61-34465-00;1285;613446500;CATEGORIA0;;1;1;0;1;;JUNTA CABEÇA;JUNTA CABEÇA;0;;
9;1285;61-34465-101285;1285;613446510;CATEGORIA0;;1;1;0;1;;JUNTA CABEÇA;JUNTA CABEÇA;0;;
9;1285;61-34465-20;1285;613446520;CATEGORIA0;;1;1;0;1;;JUNTA CABEÇA;JUNTA CABEÇA;0;;
9;1285;61-34465-30;1285;613446530;CATEGORIA0;;1;1;0;1;;JUNTA CABEÇA;JUNTA CABEÇA;0;;
9;1285;61-34810-00;1285;613481000;CATEGORIA0;;1;1;0;1;;JUNTA CABEÇA;JUNTA CABEÇA;0;;
9;1285;61-34810-10;1285;613481010;CATEGORIA0;;1;1;0;1;;JUNTA CABEÇA;JUNTA CABEÇA;0;;
9;1285;61-34810-20;1285;613481020;CATEGORIA0;;1;1;0;1;;JUNTA CABEÇA;JUNTA CABEÇA;0;;
9;1285;61-34835-10;1285;613483510;CATEGORIA0;;1;1;0;1;;JUNTA CABEÇA;JUNTA CABEÇA;0;;
9;1285;61-34835-20;1285;613483520;CATEGORIA0;;1;1;0;1;;JUNTA CABEÇA;JUNTA CABEÇA;0;;
9;1285;61-34860-10;1285;613486010;CATEGORIA0;;1;1;0;1;;JUNTA CABEÇA;JUNTA CABEÇA;0;;
9;1285;61-34865-00;1285;613486500;CATEGORIA0;;1;1;0;1;;JUNTA CABEÇA;JUNTA CABEÇA;0;;
9;1285;61-34865-10;1285;613486510;CATEGORIA0;;1;1;0;1;;JUNTA CABEÇA;JUNTA CABEÇA;0;;
9;1285;61-34865-20;1285;613486520;CATEGORIA0;;1;1;0;1;;JUNTA CABEÇA;JUNTA CABEÇA;0;;
9;1285;61-34875-10;1285;613487510;CATEGORIA0;;1;1;0;1;;JUNTA CABEÇA;JUNTA CABEÇA;0;;
9;1285;61-34875-20;1285;613487520;CATEGORIA0;;1;1;0;1;;JUNTA CABEÇA;JUNTA CABEÇA;0;;
9;1285;61-34875-30;1285;613487530;CATEGORIA0;;1;1;0;1;;JUNTA CABEÇA;JUNTA CABEÇA;0;;
9;1285;61-34875-40;1285;613487540;CATEGORIA0;;1;1;0;1;;JUNTA CABEÇA;JUNTA CABEÇA;0;;
9;1285;61-34900-00;1285;613490000;CATEGORIA0;;1;1;0;1;;JUNTA CABEÇA;JUNTA CABEÇA;0;;
9;1285;61-34910-00;1285;613491000;CATEGORIA0;;1;1;0;1;;JUNTA CABEÇA;JUNTA CABEÇA;0;;
9;1285;61-34940-00;1285;613494000;CATEGORIA0;;1;1;0;1;;JUNTA CABEÇA;JUNTA CABEÇA;0;;
9;1285;61-34980-00;1285;613498000;CATEGORIA0;;1;1;0;1;;JUNTA CABEÇA;JUNTA CABEÇA;0;;
9;1285;61-34980-10;1285;613498010;CATEGORIA0;;1;1;0;1;;JUNTA CABEÇA;JUNTA CABEÇA;0;;
9;1285;61-35000-00;1285;613500000;CATEGORIA0;;1;1;0;1;;JUNTA CABEÇA;JUNTA CABEÇA;0;;
9;1285;61-35000-10;1285;613500010;CATEGORIA0;;1;1;0;1;;JUNTA CABEÇA;JUNTA CABEÇA;0;;
9;1285;61-35000-20;1285;613500020;CATEGORIA0;;1;1;0;1;;JUNTA CABEÇA;JUNTA CABEÇA;0;;
9;1285;61-35005-10;1285;613500510;CATEGORIA0;;1;1;0;1;;JUNTA CABEÇA 2M;JUNTA CABEÇA 2M;0;;
9;1285;61-35010-00;1285;613501000;CATEGORIA0;;1;1;0;1;;JUNTA CABEÇA;JUNTA CABEÇA;0;;
9;1285;61-35010-10;1285;613501010;CATEGORIA0;;1;1;0;1;;JUNTA CABEÇA;JUNTA CABEÇA;0;;
9;1285;61-35010-20;1285;613501020;CATEGORIA0;;1;1;0;1;;JUNTA CABEÇA;JUNTA CABEÇA;0;;
9;1285;61-35040-00;1285;613504000;CATEGORIA0;;1;1;0;1;;JUNTA CABEÇA;JUNTA CABEÇA;0;;
9;1285;61-35055-00;1285;613505500;CATEGORIA0;;1;1;0;1;;JUNTA CABEÇA;JUNTA CABEÇA;0;;
9;1285;61-35055-10;1285;613505510;CATEGORIA0;;1;1;0;1;;JUNTA CABEÇA;JUNTA CABEÇA;0;;
9;1285;61-35055.20;1285;613505520;CATEGORIA0;;1;1;0;1;;JUNTA CABEÇA;JUNTA CABEÇA;0;;
9;1285;61-35060-00;1285;613506000;CATEGORIA0;;1;1;0;1;;JUNTA CABEÇA;JUNTA CABEÇA;0;;
9;1285;61-35160-10;1285;613516010;CATEGORIA0;;1;1;0;1;;JUNTA CABEÇA;JUNTA CABEÇA;0;;
9;1285;61-35165-00;1285;613516500;CATEGORIA0;;1;1;0;1;;JUNTA CABEÇA;JUNTA CABEÇA;0;;
9;1285;61-35245-00;1285;613524500;CATEGORIA0;;1;1;0;1;;JUNTA CABEÇA;JUNTA CABEÇA;0;;
9;1285;61-35330-00;1285;613533000;CATEGORIA0;;1;1;0;1;;JUNTA CABEÇA;JUNTA CABEÇA;0;;
9;1285;61-35335-00;1285;613533500;CATEGORIA0;;1;1;0;1;;JUNTA CABEÇA;JUNTA CABEÇA;0;;
9;1285;61-35345-00;1285;613534500;CATEGORIA0;;1;1;0;1;;JUNTA CABEÇA;JUNTA CABEÇA;0;;
9;1285;61-35350-00;1285;613535000;CATEGORIA0;;1;1;0;1;;JUNTA CABEÇA;JUNTA CABEÇA;0;;
9;1285;61-35360-00;1285;613536000;CATEGORIA0;;1;1;0;1;;JUNTA CABEÇA;JUNTA CABEÇA;0;;
9;1285;61-35360-10;1285;613536010;CATEGORIA0;;1;1;0;1;;JUNTA CABEÇA;JUNTA CABEÇA;0;;
9;1285;61-35360-20;1285;613536020;CATEGORIA0;;1;1;0;1;;JUNTA CABEÇA;JUNTA CABEÇA;0;;
9;1285;61-35365-00;1285;613536500;CATEGORIA0;;1;1;0;1;;JUNTA CABEÇA;JUNTA CABEÇA;0;;
9;1285;61-35370-00;1285;613537000;CATEGORIA0;;1;1;0;1;;JUNTA CABEÇA;JUNTA CABEÇA;0;;
9;1285;61-35375-00;1285;613537500;CATEGORIA0;;1;1;0;1;;JUNTA CABEÇA;JUNTA CABEÇA;0;;
9;1285;61-35380-00;1285;613538000;CATEGORIA0;;1;1;0;1;;JUNTA CABEÇA;JUNTA CABEÇA;0;;
9;1285;61-35410-00;1285;613541000;CATEGORIA0;;1;1;0;1;;JUNTA CABEÇA;JUNTA CABEÇA;0;;
9;1285;61-35410-10;1285;613541010;CATEGORIA0;;1;1;0;1;;JUNTA CABEÇA;JUNTA CABEÇA;0;;
9;1285;61-35410-20;1285;613541020;CATEGORIA0;;1;1;0;1;;JUNTA CABEÇA;JUNTA CABEÇA;0;;
9;1285;61-35420-00;1285;613542000;CATEGORIA0;;1;1;0;1;;JUNTA CABEÇA;JUNTA CABEÇA;0;;
9;1285;61-35420-10;1285;613542010;CATEGORIA0;;1;1;0;1;;JUNTA CABEÇA;JUNTA CABEÇA;0;;
9;1285;61-35420-20;1285;613542020;CATEGORIA0;;1;1;0;1;;JUNTA CABEÇA;JUNTA CABEÇA;0;;
9;1285;61-35425-00;1285;613542500;CATEGORIA0;;1;1;0;1;;JUNTA CABEÇA;JUNTA CABEÇA;0;;
9;1285;61-35425-10;1285;613542510;CATEGORIA0;;1;1;0;1;;JUNTA CABEÇA;JUNTA CABEÇA;0;;
9;1285;61-35425-20;1285;613542520;CATEGORIA0;;1;1;0;1;;JUNTA CABEÇA;JUNTA CABEÇA;0;;
9;1285;61-35430-00;1285;613543000;CATEGORIA0;;1;1;0;1;;JUNTA CABEÇA;JUNTA CABEÇA;0;;
9;1285;61-35430-10;1285;613543010;CATEGORIA0;;1;1;0;1;;JUNTA CABEÇA;JUNTA CABEÇA;0;;
9;1285;61-35430-20;1285;613543020;CATEGORIA0;;1;1;0;1;;JUNTA CABEÇA;JUNTA CABEÇA;0;;
9;1285;61-35430-30;1285;613543030;CATEGORIA0;;1;1;0;1;;JUNTA CABEÇA;JUNTA CABEÇA;0;;
9;1285;61-35430-40;1285;613543040;CATEGORIA0;;1;1;0;1;;JUNTA CABEÇA;JUNTA CABEÇA;0;;
9;1285;61-35440-00;1285;613544000;CATEGORIA0;;1;1;0;1;;JUNTA CABEÇA;JUNTA CABEÇA;0;;
9;1285;61-35525-00;1285;613552500;CATEGORIA0;;1;1;0;1;;JUNTA CABEÇA;JUNTA CABEÇA;0;;
9;1285;61-35530-00;1285;613553000;CATEGORIA0;;1;1;0;1;;JUNTA CABEÇA;JUNTA CABEÇA;0;;
9;1285;61-35565-00;1285;613556500;CATEGORIA0;;1;1;0;1;;JUNTA CABEÇA;JUNTA CABEÇA;0;;
9;1285;61-35565-20;1285;613556520;CATEGORIA0;;1;1;0;1;;JUNTA DE CABEÇA FIAT;JUNTA DE CABEÇA FIAT;0;;
9;1285;61-35565-30;1285;613556530;CATEGORIA0;;1;1;0;1;;JUNTA CABEÇA;JUNTA CABEÇA;0;;
9;1285;61-35570-00;1285;613557000;CATEGORIA0;;1;1;0;1;;JUNTA CABEÇA;JUNTA CABEÇA;0;;
9;1285;61-35575-10;1285;613557510;CATEGORIA0;;1;1;0;1;;JUNTA CABEÇA (= 613557500);JUNTA CABEÇA (= 613557500);0;;
9;1285;61-35580-00;1285;613558000;CATEGORIA0;;1;1;0;1;;JUNTA CABEÇA;JUNTA CABEÇA;0;;
9;1285;61-35580-10;1285;613558010;CATEGORIA0;;1;1;0;1;;JUNTA CABEÇA;JUNTA CABEÇA;0;;
9;1285;61-35580-20;1285;613558020;CATEGORIA0;;1;1;0;1;;JUNTA CABEÇA;JUNTA CABEÇA;0;;
9;1285;61-35585-00;1285;613558500;CATEGORIA0;;1;1;0;1;;JUNTA CABEÇA;JUNTA CABEÇA;0;;
9;1285;61-35590-00;1285;613559000;CATEGORIA0;;1;1;0;1;;JUNTA CABEÇA;JUNTA CABEÇA;0;;
9;1285;61-35600-00;1285;613560000;CATEGORIA0;;1;1;0;1;;JUNTA CABEÇA;JUNTA CABEÇA;0;;
9;1285;61-35610-00;1285;613561000;CATEGORIA0;;1;1;0;1;;JUNTA CABEÇA;JUNTA CABEÇA;0;;
9;1285;61-35620-00;1285;613562000;CATEGORIA0;;1;1;0;1;;JUNTA CABEÇA;JUNTA CABEÇA;0;;
9;1285;61-35620-10;1285;613562010;CATEGORIA0;;1;1;0;1;;JUNTA CABEÇA;JUNTA CABEÇA;0;;
9;1285;61-35620-20;1285;613562020;CATEGORIA0;;1;1;0;1;;JUNTA CABEÇA;JUNTA CABEÇA;0;;
9;1285;61-35625-10;1285;613562510;CATEGORIA0;;1;1;0;1;;JUNTA CABEÇA;JUNTA CABEÇA;0;;
9;1285;61-35630-00;1285;613563000;CATEGORIA0;;1;1;0;1;;JUNTA CABEÇA;JUNTA CABEÇA;0;;
9;1285;61-35630-10;1285;613563010;CATEGORIA0;;1;1;0;1;;JUNTA CABEÇA;JUNTA CABEÇA;0;;
9;1285;61-35630-20;1285;613563020;CATEGORIA0;;1;1;0;1;;JUNTA CABEÇA;JUNTA CABEÇA;0;;
9;1285;61-35695-00;1285;613569500;CATEGORIA0;;1;1;0;1;;JUNTA CABEÇA;JUNTA CABEÇA;0;;
9;1285;61-35805-00;1285;613580500;CATEGORIA0;;1;1;0;1;;JUNTA CABEÇA;JUNTA CABEÇA;0;;
9;1285;61-35805-10;1285;613580510;CATEGORIA0;;1;1;0;1;;JUNTA CABEÇA;JUNTA CABEÇA;0;;
9;1285;61-35805-20;1285;613580520;CATEGORIA0;;1;1;0;1;;JUNTA CABEÇA;JUNTA CABEÇA;0;;
9;1285;61-35815-00;1285;613581500;CATEGORIA0;;1;1;0;1;;JUNTA CABEÇA;JUNTA CABEÇA;0;;
9;1285;61-35815-10;1285;613581510;CATEGORIA0;;1;1;0;1;;JUNTA CABEÇA;JUNTA CABEÇA;0;;
9;1285;61-35815-20;1285;613581520;CATEGORIA0;;1;1;0;1;;JUNTA CABEÇA;JUNTA CABEÇA;0;;
9;1285;61-35815-30;1285;613581530;CATEGORIA0;;1;1;0;1;;JUNTA CABEÇA;JUNTA CABEÇA;0;;
9;1285;61-35815-40;1285;613581540;CATEGORIA0;;1;1;0;1;;JUNTA CABEÇA;JUNTA CABEÇA;0;;
9;1285;61-35820-00;1285;613582000;CATEGORIA0;;1;1;0;1;;JUNTA CABEÇA;JUNTA CABEÇA;0;;
9;1285;61-35855-00;1285;613585500;CATEGORIA0;;1;1;0;1;;JUNTA CABEÇA;JUNTA CABEÇA;0;;
9;1285;61-35855-10;1285;613585510;CATEGORIA0;;1;1;0;1;;JUNTA CABEÇA;JUNTA CABEÇA;0;;
9;1285;61-35855-20;1285;613585520;CATEGORIA0;;1;1;0;1;;JUNTA CABEÇA;JUNTA CABEÇA;0;;
9;1285;61-35865-10;1285;613586510;CATEGORIA0;;1;1;0;1;;JUNTA CABEÇA;JUNTA CABEÇA;0;;
9;1285;61-35935-20;1285;613593520;CATEGORIA0;;1;1;0;1;;JUNTA CABEÇA;JUNTA CABEÇA;0;;
9;1285;61-35940-20;1285;613594020;CATEGORIA0;;1;1;0;1;;JUNTA CABEÇA;JUNTA CABEÇA;0;;
9;1285;61-35965-10;1285;613596510;CATEGORIA0;;1;1;0;1;;JUNTA CABEÇA;JUNTA CABEÇA;0;;
9;1285;61-35970-10;1285;613597010;CATEGORIA0;;1;1;0;1;;JUNTA CABEÇA;JUNTA CABEÇA;0;;
9;1285;61-36015-00;1285;613601500;CATEGORIA0;;1;1;0;1;;JUNTA CABEÇA;JUNTA CABEÇA;0;;
9;1285;61-36025-00;1285;613602500;CATEGORIA0;;1;1;0;1;;JUNTA CABEÇA *;JUNTA CABEÇA *;0;;
9;1285;61-36045-00;1285;613604500;CATEGORIA0;;1;1;0;1;;JUNTA CABEÇA;JUNTA CABEÇA;0;;
9;1285;61-36050-00;1285;613605000;CATEGORIA0;;1;1;0;1;;JUNTA CABEÇA;JUNTA CABEÇA;0;;
9;1285;61-36075-00;1285;613607500;CATEGORIA0;;1;1;0;1;;JUNTA CABEÇA;JUNTA CABEÇA;0;;
9;1285;61-36085-00;1285;613608500;CATEGORIA0;;1;1;0;1;;JUNTA CABEÇA;JUNTA CABEÇA;0;;
9;1285;61-36095-00;1285;613609500;CATEGORIA0;;1;1;0;1;;JUNTA CABEÇA;JUNTA CABEÇA;0;;
9;1285;61-36105-00;1285;613610500;CATEGORIA0;;1;1;0;1;;JUNTA CABEÇA;JUNTA CABEÇA;0;;
9;1285;61-36105-10;1285;613610510;CATEGORIA0;;1;1;0;1;;JUNTA CABEÇA;JUNTA CABEÇA;0;;
9;1285;61-36105-20;1285;613610520;CATEGORIA0;;1;1;0;1;;JUNTA CABEÇA;JUNTA CABEÇA;0;;
9;1285;61-36110-50;1285;613611050;CATEGORIA0;;1;1;0;1;;JUNTA CABEÇA;JUNTA CABEÇA;0;;
9;1285;61-36120-10;1285;613612010;CATEGORIA0;;1;1;0;1;;JUNTA CABEÇA;JUNTA CABEÇA;0;;
9;1285;61-36185-00;1285;613618500;CATEGORIA0;;1;1;0;1;;JUNTA CABEÇA;JUNTA CABEÇA;0;;
9;1285;61-36185-10;1285;613618510;CATEGORIA0;;1;1;0;1;;JUNTA CABEÇA;JUNTA CABEÇA;0;;
9;1285;61-36190-10;1285;613619010;CATEGORIA0;;1;1;0;1;;JUNTA CABEÇA;JUNTA CABEÇA;0;;
9;1285;61-36205-00;1285;613620500;CATEGORIA0;;1;1;0;1;;JUNTA CABEÇA;JUNTA CABEÇA;0;;
9;1285;61-36210-00;1285;613621000;CATEGORIA0;;1;1;0;1;;JUNTA CABEÇA;JUNTA CABEÇA;0;;
9;1285;61-36210-10;1285;613621010;CATEGORIA0;;1;1;0;1;;JUNTA CABEÇA;JUNTA CABEÇA;0;;
9;1285;61-36210-20;1285;613621020;CATEGORIA0;;1;1;0;1;;JUNTA CABEÇA;JUNTA CABEÇA;0;;
9;1285;61-36225-00;1285;613622500;CATEGORIA0;;1;1;0;1;;JUNTA CABEÇA;JUNTA CABEÇA;0;;
9;1285;61-36225-10;1285;613622510;CATEGORIA0;;1;1;0;1;;JUNTA CABEÇA;JUNTA CABEÇA;0;;
9;1285;61-36255-00;1285;613625500;CATEGORIA0;;1;1;0;1;;JUNTA CABEÇA;JUNTA CABEÇA;0;;
9;1285;61-36255-10;1285;613625510;CATEGORIA0;;1;1;0;1;;JUNTA CABEÇA;JUNTA CABEÇA;0;;
9;1285;61-36265-00;1285;613626500;CATEGORIA0;;1;1;0;1;;JUNTA CABEÇA;JUNTA CABEÇA;0;;
9;1285;61-36265-10;1285;613626510;CATEGORIA0;;1;1;0;1;;JUNTA CABEÇA;JUNTA CABEÇA;0;;
9;1285;61-36265-20;1285;613626520;CATEGORIA0;;1;1;0;1;;JUNTA CABEÇA;JUNTA CABEÇA;0;;
9;1285;61-36265-30;1285;613626530;CATEGORIA0;;1;1;0;1;;JUNTA CABEÇA;JUNTA CABEÇA;0;;
9;1285;61-36265-40;1285;613626540;CATEGORIA0;;1;1;0;1;;JUNTA CABEÇA;JUNTA CABEÇA;0;;
9;1285;61-36300-00;1285;613630000;CATEGORIA0;;1;1;0;1;;JUNTA CABEÇA;JUNTA CABEÇA;0;;
9;1285;61-36300-10;1285;613630010;CATEGORIA0;;1;1;0;1;;JUNTA CABEÇA;JUNTA CABEÇA;0;;
9;1285;61-36300-20;1285;613630020;CATEGORIA0;;1;1;0;1;;JUNTA CABEÇA;JUNTA CABEÇA;0;;
9;1285;61-36320-00;1285;613632000;CATEGORIA0;;1;1;0;1;;JUNTA CABEÇA;JUNTA CABEÇA;0;;
9;1285;61-36330-00;1285;613633000;CATEGORIA0;;1;1;0;1;;JUNTA CABEÇA;JUNTA CABEÇA;0;;
9;1285;61-36345-00;1285;613634500;CATEGORIA0;;1;1;0;1;;JUNTA CABEÇA *;JUNTA CABEÇA *;0;;
9;1285;61-36345-10;1285;613634510;CATEGORIA0;;1;1;0;1;;JUNTA CABEÇA;JUNTA CABEÇA;0;;
9;1285;61-36360-00;1285;613636000;CATEGORIA0;;1;1;0;1;;JUNTA CABEÇA;JUNTA CABEÇA;0;;
9;1285;61-36360-10;1285;613636010;CATEGORIA0;;1;1;0;1;;JUNTA CABEÇA;JUNTA CABEÇA;0;;
9;1285;61-36360-20;1285;613636020;CATEGORIA0;;1;1;0;1;;JUNTA CABEÇA;JUNTA CABEÇA;0;;
9;1285;61-36455-00;1285;613645500;CATEGORIA0;;1;1;0;1;;JUNTA CABEÇA;JUNTA CABEÇA;0;;
9;1285;61-36455-10;1285;613645510;CATEGORIA0;;1;1;0;1;;JUNTA CABEÇA;JUNTA CABEÇA;0;;
9;1285;61-36455-20;1285;613645520;CATEGORIA0;;1;1;0;1;;JUNTA CABEÇA;JUNTA CABEÇA;0;;
9;1285;61-36505-00;1285;613650500;CATEGORIA0;;1;1;0;1;;JUNTA CABEÇA;JUNTA CABEÇA;0;;
9;1285;61-36520-00;1285;613652000;CATEGORIA0;;1;1;0;1;;JUNTA CABEÇA;JUNTA CABEÇA;0;;
9;1285;61-36540-00;1285;613654000;CATEGORIA0;;1;1;0;1;;JUNTA CABEÇA;JUNTA CABEÇA;0;;
9;1285;61-36540-10;1285;613654010;CATEGORIA0;;1;1;0;1;;JUNTA CABEÇA;JUNTA CABEÇA;0;;
9;1285;61-36595-00;1285;613659500;CATEGORIA0;;1;1;0;1;;JUNTA CABEÇA;JUNTA CABEÇA;0;;
9;1285;61-36595-10;1285;613659510;CATEGORIA0;;1;1;0;1;;JUNTA CABEÇA;JUNTA CABEÇA;0;;
9;1285;61-36595-20;1285;613659520;CATEGORIA0;;1;1;0;1;;JUNTA CABEÇA;JUNTA CABEÇA;0;;
9;1285;61-36620-00;1285;613662000;CATEGORIA0;;1;1;0;1;;JUNTA CABEÇA;JUNTA CABEÇA;0;;
9;1285;61-36620-10;1285;613662010;CATEGORIA0;;1;1;0;1;;JUNTA CABEÇA;JUNTA CABEÇA;0;;
9;1285;61-36620-20;1285;613662020;CATEGORIA0;;1;1;0;1;;JUNTA CABEÇA;JUNTA CABEÇA;0;;
9;1285;61-36645-00;1285;613664500;CATEGORIA0;;1;1;0;1;;JUNTA CABEÇA;JUNTA CABEÇA;0;;
9;1285;61-36645-10;1285;613664510;CATEGORIA0;;1;1;0;1;;JUNTA CABEÇA;JUNTA CABEÇA;0;;
9;1285;61-36650-00;1285;613665000;CATEGORIA0;;1;1;0;1;;JUNTA CABEÇA;JUNTA CABEÇA;0;;
9;1285;61-36655-00;1285;613665500;CATEGORIA0;;1;1;0;1;;JUNTA CABEÇA;JUNTA CABEÇA;0;;
9;1285;61-36655-10;1285;613665510;CATEGORIA0;;1;1;0;1;;JUNTA CABEÇA;JUNTA CABEÇA;0;;
9;1285;61-36655-20;1285;613665520;CATEGORIA0;;1;1;0;1;;JUNTA CABEÇA;JUNTA CABEÇA;0;;
9;1285;61-36655-30;1285;613665530;CATEGORIA0;;1;1;0;1;;JUNTA CABEÇA;JUNTA CABEÇA;0;;
9;1285;61-36885-00;1285;613688500;CATEGORIA0;;1;1;0;1;;JUNTA CABEÇA;JUNTA CABEÇA;0;;
9;1285;61-36885-10;1285;613688510;CATEGORIA0;;1;1;0;1;;JUNTA CABEÇA;JUNTA CABEÇA;0;;
9;1285;61-36885-20;1285;613688520;CATEGORIA0;;1;1;0;1;;JUNTA CABEÇA;JUNTA CABEÇA;0;;
9;1285;61-36900-00;1285;613690000;CATEGORIA0;;1;1;0;1;;JUNTA CABEÇA;JUNTA CABEÇA;0;;
9;1285;61-36910-00;1285;613691000;CATEGORIA0;;1;1;0;1;;JUNTA CABEÇA;JUNTA CABEÇA;0;;
9;1285;61-36930-00;1285;613693000;CATEGORIA0;;1;1;0;1;;JUNTA DE CABEÇA;JUNTA DE CABEÇA;0;;
9;1285;61-36950-00;1285;613695000;CATEGORIA0;;1;1;0;1;;JUNTA CABEÇA;JUNTA CABEÇA;0;;
9;1285;61-36965-00;1285;613696500;CATEGORIA0;;1;1;0;1;;JUNTA CABEÇA;JUNTA CABEÇA;0;;
9;1285;61-36975-00;1285;613697500;CATEGORIA0;;1;1;0;1;;JUNTA CABEÇA;JUNTA CABEÇA;0;;
9;1285;61-36975-10;1285;613697510;CATEGORIA0;;1;1;0;1;;JUNTA CABEÇA;JUNTA CABEÇA;0;;
9;1285;61-37000-00;1285;613700000;CATEGORIA0;;1;1;0;1;;JUNTA CABEÇA;JUNTA CABEÇA;0;;
9;1285;61-37000-10;1285;613700010;CATEGORIA0;;1;1;0;1;;JUNTA CABEÇA;JUNTA CABEÇA;0;;
9;1285;61-37010-00;1285;613701000;CATEGORIA0;;1;1;0;1;;JUNTA VOLVO;JUNTA VOLVO;0;;
9;1285;61-37025-00;1285;613702500;CATEGORIA0;;1;1;0;1;;JUNTA CABEÇA;JUNTA CABEÇA;0;;
9;1285;61-37025-10;1285;613702510;CATEGORIA0;;1;1;0;1;;JUNTA CABEÇA;JUNTA CABEÇA;0;;
9;1285;61-37025-20;1285;613702520;CATEGORIA0;;1;1;0;1;;JUNTA CABEÇA;JUNTA CABEÇA;0;;
9;1285;61-37040-00;1285;613704000;CATEGORIA0;;1;1;0;1;;JUNTA CABEÇA;JUNTA CABEÇA;0;;
9;1285;61-37045-00;1285;613704500;CATEGORIA0;;1;1;0;1;;JUNTA CABEÇA;JUNTA CABEÇA;0;;
9;1285;61-37080-10;1285;613708010;CATEGORIA0;;1;1;0;1;;JUNTA CABEÇA;JUNTA CABEÇA;0;;
9;1285;61-37080-20;1285;613708020;CATEGORIA0;;1;1;0;1;;JUNTA, CABEÇA DO MOTOR;JUNTA, CABEÇA DO MOTOR;0;;
9;1285;61-37110-00;1285;613711000;CATEGORIA0;;1;1;0;1;;JUNTA CABEÇA;JUNTA CABEÇA;0;;
9;1285;61-37175-00;1285;613717500;CATEGORIA0;;1;1;0;1;;JUNTA CABEÇA;JUNTA CABEÇA;0;;
9;1285;61-37175-10;1285;613717510;CATEGORIA0;;1;1;0;1;;JUNTA CABEÇA;JUNTA CABEÇA;0;;
9;1285;61-37175-20;1285;613717520;CATEGORIA0;;1;1;0;1;;JUNTA CABEÇA;JUNTA CABEÇA;0;;
9;1285;61-37200-00;1285;613720000;CATEGORIA0;;1;1;0;1;;JUNTA CABEÇA;JUNTA CABEÇA;0;;
9;1285;61-37200-10;1285;613720010;CATEGORIA0;;1;1;0;1;;JUNTA CABEÇA;JUNTA CABEÇA;0;;
9;1285;61-37200-20;1285;613720020;CATEGORIA0;;1;1;0;1;;JUNTA CABEÇA;JUNTA CABEÇA;0;;
9;1285;61-37200-30;1285;613720030;CATEGORIA0;;1;1;0;1;;JUNTA CABEÇA;JUNTA CABEÇA;0;;
9;1285;61-37215-00;1285;613721500;CATEGORIA0;;1;1;0;1;;JUNTA CABEÇA CHEVROLET/OPEL;JUNTA CABEÇA CHEVROLET/OPEL;0;;
9;1285;61-37235-00;1285;613723500;CATEGORIA0;;1;1;0;1;;JUNTA CABEÇA;JUNTA CABEÇA;0;;
9;1285;61-37235-10;1285;613723510;CATEGORIA0;;1;1;0;1;;JUNTA CABEÇA 2 MOSCAS;JUNTA CABEÇA 2 MOSCAS;0;;
9;1285;61-37235-20;1285;613723520;CATEGORIA0;;1;1;0;1;;JUNTA CABEÇA;JUNTA CABEÇA;0;;
9;1285;61-37250-00;1285;613725000;CATEGORIA0;;1;1;0;1;;JUNTA CABEÇA;JUNTA CABEÇA;0;;
9;1285;61-37250-10;1285;613725010;CATEGORIA0;;1;1;0;1;;JUNTA CABEÇA;JUNTA CABEÇA;0;;
9;1285;61-37270-00;1285;613727000;CATEGORIA0;;1;1;0;1;;JUNTA CABEÇA;JUNTA CABEÇA;0;;
9;1285;61-37275-00;1285;613727500;CATEGORIA0;;1;1;0;1;;JUNTA CABEÇA;JUNTA CABEÇA;0;;
9;1285;61-37290-00;1285;613729000;CATEGORIA0;;1;1;0;1;;JUNTA CABEÇA;JUNTA CABEÇA;0;;
9;1285;61-37305-00;1285;613730500;CATEGORIA0;;1;1;0;1;;JUNTA CABEÇA;JUNTA CABEÇA;0;;
9;1285;61-37305-10;1285;613730510;CATEGORIA0;;1;1;0;1;;JUNTA CABEÇA;JUNTA CABEÇA;0;;
9;1285;61-37305-20;1285;613730520;CATEGORIA0;;1;1;0;1;;JUNTA CABEÇA;JUNTA CABEÇA;0;;
9;1285;61-37310-00;1285;613731000;CATEGORIA0;;1;1;0;1;;JUNTA CABEÇA;JUNTA CABEÇA;0;;
9;1285;61-37310-10;1285;613731010;CATEGORIA0;;1;1;0;1;;JUNTA CABEÇA;JUNTA CABEÇA;0;;
9;1285;61-37310-20;1285;613731020;CATEGORIA0;;1;1;0;1;;JUNTA CABEÇA;JUNTA CABEÇA;0;;
9;1285;61-37335-00;1285;613733500;CATEGORIA0;;1;1;0;1;;JUNTA CABEÇA;JUNTA CABEÇA;0;;
9;1285;61-37340-00;1285;613734000;CATEGORIA0;;1;1;0;1;;JUNTA CABEÇA;JUNTA CABEÇA;0;;
9;1285;61-37350-10;1285;613735010;CATEGORIA0;;1;1;0;1;;JUNTA CABEÇA;JUNTA CABEÇA;0;;
9;1285;61-37365-00;1285;613736500;CATEGORIA0;;1;1;0;1;;JUNTA CABEÇA;JUNTA CABEÇA;0;;
9;1285;61-37365-10;1285;613736510;CATEGORIA0;;1;1;0;1;;JUNTA CABEÇA;JUNTA CABEÇA;0;;
9;1285;61-37365-20;1285;613736520;CATEGORIA0;;1;1;0;1;;JUNTA;JUNTA;0;;
9;1285;61-37375-10;1285;613737510;CATEGORIA0;;1;1;0;1;;JUNTA CABEÇA;JUNTA CABEÇA;0;;
9;1285;61-37435-20;1285;613743520;CATEGORIA0;;1;1;0;1;;JUNTA CABEÇA;JUNTA CABEÇA;0;;
9;1285;61-37440-20;1285;613744020;CATEGORIA0;;1;1;0;1;;JUNTA CABEÇA;JUNTA CABEÇA;0;;
9;1285;61-37520-10;1285;613752010;CATEGORIA0;;1;1;0;1;;JUNTA CABEÇA;JUNTA CABEÇA;0;;
9;1285;61-37555-00;1285;613755500;CATEGORIA0;;1;1;0;1;;JUNTA CABEÇA;JUNTA CABEÇA;0;;
9;1285;61-37560-00;1285;613756000;CATEGORIA0;;1;1;0;1;;JUNTA CABEÇA;JUNTA CABEÇA;0;;
9;1285;61-37600-00;1285;613760000;CATEGORIA0;;1;1;0;1;;JUNTA CABEÇA;JUNTA CABEÇA;0;;
9;1285;61-37600-10;1285;613760010;CATEGORIA0;;1;1;0;1;;JUNTA CABEÇA;JUNTA CABEÇA;0;;
9;1285;61-37600-20;1285;613760020;CATEGORIA0;;1;1;0;1;;JUNTA CABEÇA;JUNTA CABEÇA;0;;
9;1285;61-37615-00;1285;613761500;CATEGORIA0;;1;1;0;1;;JUNTA CABEÇA;JUNTA CABEÇA;0;;
9;1285;61-37615-10;1285;613761510;CATEGORIA0;;1;1;0;1;;JUNTA CABEÇA;JUNTA CABEÇA;0;;
9;1285;61-37615-20;1285;613761520;CATEGORIA0;;1;1;0;1;;JUNTA CABEÇA;JUNTA CABEÇA;0;;
9;1285;61-37615-30;1285;613761530;CATEGORIA0;;1;1;0;1;;JUNTA CABEÇA;JUNTA CABEÇA;0;;
9;1285;61-37615-40;1285;613761540;CATEGORIA0;;1;1;0;1;;JUNTA CABEÇA;JUNTA CABEÇA;0;;
9;1285;61-37630-00;1285;613763000;CATEGORIA0;;1;1;0;1;;JUNTA CABEÇA;JUNTA CABEÇA;0;;
9;1285;61-37630-10;1285;613763010;CATEGORIA0;;1;1;0;1;;JUNTA CABEÇA;JUNTA CABEÇA;0;;
9;1285;61-37630-20;1285;613763020;CATEGORIA0;;1;1;0;1;;JUNTA CABEÇA;JUNTA CABEÇA;0;;
9;1285;61-37635-00;1285;613763500;CATEGORIA0;;1;1;0;1;;JUNTA CABEÇA;JUNTA CABEÇA;0;;
9;1285;61-37635-10;1285;613763510;CATEGORIA0;;1;1;0;1;;JUNTA CABEÇA;JUNTA CABEÇA;0;;
9;1285;61-37635-20;1285;613763520;CATEGORIA0;;1;1;0;1;;JUNTA CABEÇA;JUNTA CABEÇA;0;;
9;1285;61-37645-00;1285;613764500;CATEGORIA0;;1;1;0;1;;JUNTA CABEÇA;JUNTA CABEÇA;0;;
9;1285;61-37645-10;1285;613764510;CATEGORIA0;;1;1;0;1;;JUNTA CABEÇA;JUNTA CABEÇA;0;;
9;1285;61-37645-20;1285;613764520;CATEGORIA0;;1;1;0;1;;JUNTA CABEÇA;JUNTA CABEÇA;0;;
9;1285;61-37660-00;1285;613766000;CATEGORIA0;;1;1;0;1;;JUNTA CABEÇA;JUNTA CABEÇA;0;;
9;1285;61-37665-00;1285;613766500;CATEGORIA0;;1;1;0;1;;JUNTA CABEÇA;JUNTA CABEÇA;0;;
9;1285;61-37665-10;1285;613766510;CATEGORIA0;;1;1;0;1;;JUNTA CABEÇA;JUNTA CABEÇA;0;;
9;1285;61-37665-20;1285;613766520;CATEGORIA0;;1;1;0;1;;JUNTA CABEÇA;JUNTA CABEÇA;0;;
9;1285;61-37765-00;1285;613776500;CATEGORIA0;;1;1;0;1;;JUNTA CABEÇA;JUNTA CABEÇA;0;;
9;1285;61-37820-00;1285;613782000;CATEGORIA0;;1;1;0;1;;JUNTA CABEÇA;JUNTA CABEÇA;0;;
9;1285;61-37820-10;1285;613782010;CATEGORIA0;;1;1;0;1;;JUNTA CABEÇA;JUNTA CABEÇA;0;;
9;1285;61-37820-20;1285;613782020;CATEGORIA0;;1;1;0;1;;JUNTA CABEÇA;JUNTA CABEÇA;0;;
9;1285;61-37840-00;1285;613784000;CATEGORIA0;;1;1;0;1;;JUNTA CABEÇA;JUNTA CABEÇA;0;;
9;1285;61-37840-10;1285;613784010;CATEGORIA0;;1;1;0;1;;JUNTA CABEÇA;JUNTA CABEÇA;0;;
9;1285;61-37840-20;1285;613784020;CATEGORIA0;;1;1;0;1;;JUNTA CABEÇA;JUNTA CABEÇA;0;;
9;1285;61-37875-00;1285;613787500;CATEGORIA0;;1;1;0;1;;JUNTA CABEÇA;JUNTA CABEÇA;0;;
9;1285;61-37930-00;1285;613793000;CATEGORIA0;;1;1;0;1;;JUNTA CABEÇA;JUNTA CABEÇA;0;;
9;1285;61-37930-10;1285;613793010;CATEGORIA0;;1;1;0;1;;JUNTA CABEÇA;JUNTA CABEÇA;0;;
9;1285;61-37940-00;1285;613794000;CATEGORIA0;;1;1;0;1;;JUNTA CABEÇA;JUNTA CABEÇA;0;;
9;1285;61-37940-10;1285;613794010;CATEGORIA0;;1;1;0;1;;JUNTA CABEÇA;JUNTA CABEÇA;0;;
9;1285;61-37940-20;1285;613794020;CATEGORIA0;;1;1;0;1;;JUNTA CABEÇA;JUNTA CABEÇA;0;;
9;1285;61-37940-30;1285;613794030;CATEGORIA0;;1;1;0;1;;JUNTA CABEÇA;JUNTA CABEÇA;0;;
9;1285;61-37940-40;1285;613794040;CATEGORIA0;;1;1;0;1;;JUNTA CABEÇA;JUNTA CABEÇA;0;;
9;1285;61-37945-00;1285;613794500;CATEGORIA0;;1;1;0;1;;JUNTA CABEÇA;JUNTA CABEÇA;0;;
9;1285;61-37945-10;1285;613794510;CATEGORIA0;;1;1;0;1;;JUNTA CABEÇA;JUNTA CABEÇA;0;;
9;1285;61-37945-20;1285;613794520;CATEGORIA0;;1;1;0;1;;JUNTA CABEÇA;JUNTA CABEÇA;0;;
9;1285;61-37945-30;1285;613794530;CATEGORIA0;;1;1;0;1;;JUNTA CABEÇA;JUNTA CABEÇA;0;;
9;1285;61-37945-40;1285;613794540;CATEGORIA0;;1;1;0;1;;JUNTA CABEÇA;JUNTA CABEÇA;0;;
9;1285;61-38005-00;1285;613800500;CATEGORIA0;;1;1;0;1;;JUNTA CABEÇA;JUNTA CABEÇA;0;;
9;1285;61-38010-10;1285;613801010;CATEGORIA0;;1;1;0;1;;JUNTA DE CABEÇA;JUNTA DE CABEÇA;0;;
9;1285;61-38110-00;1285;613811000;CATEGORIA0;;1;1;0;1;;JUNTA CABEÇA;JUNTA CABEÇA;0;;
9;1285;61-38110-10;1285;613811010;CATEGORIA0;;1;1;0;1;;JUNTA CABEÇA;JUNTA CABEÇA;0;;
9;1285;61-38110-20;1285;613811020;CATEGORIA0;;1;1;0;1;;JUNTA CABEÇA;JUNTA CABEÇA;0;;
9;1285;61-38190-00;1285;613819000;CATEGORIA0;;1;1;0;1;;JUNTA CABEÇA;JUNTA CABEÇA;0;;
9;1285;61-38190-10;1285;613819010;CATEGORIA0;;1;1;0;1;;JUNTA CABEÇA;JUNTA CABEÇA;0;;
9;1285;61-38190-20;1285;613819020;CATEGORIA0;;1;1;0;1;;JUNTA CABEÇA;JUNTA CABEÇA;0;;
9;1285;61-38200-00;1285;613820000;CATEGORIA0;;1;1;0;1;;JUNTA CABEÇA;JUNTA CABEÇA;0;;
9;1285;61-38200-10;1285;613820010;CATEGORIA0;;1;1;0;1;;JUNTA CABEÇA;JUNTA CABEÇA;0;;
9;1285;61-38200-20;1285;613820020;CATEGORIA0;;1;1;0;1;;JUNTA CABEÇA;JUNTA CABEÇA;0;;
9;1285;61-38225-20;1285;613822520;CATEGORIA0;;1;1;0;1;;JUNTA CABEÇA;JUNTA CABEÇA;0;;
9;1285;61-38280-00;1285;613828000;CATEGORIA0;;1;1;0;1;;JUNTA CABEÇA;JUNTA CABEÇA;0;;
9;1285;61-38280-10;1285;613828010;CATEGORIA0;;1;1;0;1;;JUNTA CABEÇA;JUNTA CABEÇA;0;;
9;1285;61-38280-20;1285;613828020;CATEGORIA0;;1;1;0;1;;JUNTA CABEÇA;JUNTA CABEÇA;0;;
9;1285;61-38835-00;1285;613883500;CATEGORIA0;;1;1;0;1;;JUNTA CABEÇA;JUNTA CABEÇA;0;;
9;1285;61-40780-00;1285;614078000;CATEGORIA0;;1;1;0;1;;JUNTA CABEÇA;JUNTA CABEÇA;0;;
9;1285;61-42135-00;1285;614213500;CATEGORIA0;;1;1;0;1;;JUNTA CABEÇA;JUNTA CABEÇA;0;;
9;1285;61-42135-10;1285;614213510;CATEGORIA0;;1;1;0;1;;JUNTA CABEÇA;JUNTA CABEÇA;0;;
9;1285;61-42135-20;1285;614213520;CATEGORIA0;;1;1;0;1;;JUNTA CABEÇA;JUNTA CABEÇA;0;;
9;1285;61-42135-30;1285;614213530;CATEGORIA0;;1;1;0;1;;JUNTA CABEÇA;JUNTA CABEÇA;0;;
9;1285;61-42140-10;1285;614214010;CATEGORIA0;;1;1;0;1;;JUNTA CABEÇA;JUNTA CABEÇA;0;;
9;1285;61-42150-00;1285;614215000;CATEGORIA0;;1;1;0;1;;JUNTA CABEÇA;JUNTA CABEÇA;0;;
9;1285;61-42150-10;1285;614215010;CATEGORIA0;;1;1;0;1;;JUNTA CABEÇA;JUNTA CABEÇA;0;;
9;1285;61-42150-20;1285;614215020;CATEGORIA0;;1;1;0;1;;JUNTA CABEÇA;JUNTA CABEÇA;0;;
9;1285;61-42150-30;1285;614215030;CATEGORIA0;;1;1;0;1;;JUNTA CABEÇA;JUNTA CABEÇA;0;;
9;1285;61-42150-40;1285;614215040;CATEGORIA0;;1;1;0;1;;JUNTA CABEÇA;JUNTA CABEÇA;0;;
9;1285;61-43175-00;1285;614317500;CATEGORIA0;;1;1;0;1;;JUNTA CABEÇA;JUNTA CABEÇA;0;;
9;1285;61-43175-10;1285;614317510;CATEGORIA0;;1;1;0;1;;JUNTA CABEÇA;JUNTA CABEÇA;0;;
9;1285;61-43175-20;1285;614317520;CATEGORIA0;;1;1;0;1;;JUNTA CABEÇA;JUNTA CABEÇA;0;;
9;1285;61-52065-00;1285;615206500;CATEGORIA0;;1;1;0;1;;JUNTA CABEÇA;JUNTA CABEÇA;0;;
9;1285;61-52133-00;1285;615213300;CATEGORIA0;;1;1;0;1;;JUNTA CABEÇA;JUNTA CABEÇA;0;;
9;1285;61-52134-00;1285;615213400;CATEGORIA0;;1;1;0;1;;JUNTA CABEÇA;JUNTA CABEÇA;0;;
9;1285;61-52136-00;1285;615213600;CATEGORIA0;;1;1;0;1;;JUNTA CABEÇA;JUNTA CABEÇA;0;;
9;1285;61-52141-10;1285;615214110;CATEGORIA0;;1;1;0;1;;JUNTA CABEÇA;JUNTA CABEÇA;0;;
9;1285;61-52148-00;1285;615214800;CATEGORIA0;;1;1;0;1;;JUNTA CABEÇA;JUNTA CABEÇA;0;;
9;1285;61-52170-50;1285;615217050;CATEGORIA0;;1;1;0;1;;JUNTA CABEÇA;JUNTA CABEÇA;0;;
9;1285;61-52210-00;1285;615221000;CATEGORIA0;;1;1;0;1;;JUNTA CABEÇA;JUNTA CABEÇA;0;;
9;1285;61-52230-00;1285;615223000;CATEGORIA0;;1;1;0;1;;JUNTA CABEÇA;JUNTA CABEÇA;0;;
9;1285;61-52248-10;1285;615224810;CATEGORIA0;;1;1;0;1;;JUNTA CABEÇA;JUNTA CABEÇA;0;;
9;1285;61-52252-00;1285;615225200;CATEGORIA0;;1;1;0;1;;JUNTA CABEÇA;JUNTA CABEÇA;0;;
9;1285;61-52252-10;1285;615225210;CATEGORIA0;;1;1;0;1;;JUNTA CABEÇA;JUNTA CABEÇA;0;;
9;1285;61-52252-20;1285;615225220;CATEGORIA0;;1;1;0;1;;JUNTA CABEÇA;JUNTA CABEÇA;0;;
9;1285;61-52252-30;1285;615225230;CATEGORIA0;;1;1;0;1;;JUNTA CABEÇA (+);JUNTA CABEÇA (+);0;;
9;1285;61-52252-40;1285;615225240;CATEGORIA0;;1;1;0;1;;JUNTA CABEÇA (5M);JUNTA CABEÇA (5M);0;;
9;1285;61-52330-10;1285;615233010;CATEGORIA0;;1;1;0;1;;JUNTA CABEÇA;JUNTA CABEÇA;0;;
9;1285;61-52355-00;1285;615235500;CATEGORIA0;;1;1;0;1;;JUNTA CABEÇA;JUNTA CABEÇA;0;;
9;1285;61-52380-00;1285;615238000;CATEGORIA0;;1;1;0;1;;JUNTA CABEÇA;JUNTA CABEÇA;0;;
9;1285;61-52410-00;1285;615241000;CATEGORIA0;;1;1;0;1;;JUNTA CABEÇA;JUNTA CABEÇA;0;;
9;1285;61-52435-00;1285;615243500;CATEGORIA0;;1;1;0;1;;JUNTA CABEÇA;JUNTA CABEÇA;0;;
9;1285;61-52440-10;1285;615244010;CATEGORIA0;;1;1;0;1;;JUNTA CABEÇA;JUNTA CABEÇA;0;;
9;1285;61-52475-00;1285;615247500;CATEGORIA0;;1;1;0;1;;JUNTA CABEÇA;JUNTA CABEÇA;0;;
9;1285;61-52485-00;1285;615248500;CATEGORIA0;;1;1;0;1;;JUNTA CABEÇA;JUNTA CABEÇA;0;;
9;1285;61-52490-00;1285;615249000;CATEGORIA0;;1;1;0;1;;JUNTA CABEÇA;JUNTA CABEÇA;0;;
9;1285;61-52500-30;1285;615250030;CATEGORIA0;;1;1;0;1;;JUNTA CABEÇA;JUNTA CABEÇA;0;;
9;1285;61-52515-30;1285;615251530;CATEGORIA0;;1;1;0;1;;JUNTA CABEÇA;JUNTA CABEÇA;0;;
9;1285;61-52575-00;1285;615257500;CATEGORIA0;;1;1;0;1;;JUNTA CABEÇA;JUNTA CABEÇA;0;;
9;1285;61-52585-00;1285;615258500;CATEGORIA0;;1;1;0;1;;JUNTA CABEÇA;JUNTA CABEÇA;0;;
9;1285;61-52600-00;1285;615260000;CATEGORIA0;;1;1;0;1;;JUNTA CABEÇA;JUNTA CABEÇA;0;;
9;1285;61-52615-00;1285;615261500;CATEGORIA0;;1;1;0;1;;JUNTA CABEÇA;JUNTA CABEÇA;0;;
9;1285;61-52620-10;1285;615262010;CATEGORIA0;;1;1;0;1;;JUNTA CABEÇA;JUNTA CABEÇA;0;;
9;1285;61-52630-00;1285;615263000;CATEGORIA0;;1;1;0;1;;JUNTA CABEÇA;JUNTA CABEÇA;0;;
9;1285;61-52645-00;1285;615264500;CATEGORIA0;;1;1;0;1;;JUNTA CABEÇA;JUNTA CABEÇA;0;;
9;1285;61-52675-00;1285;615267500;CATEGORIA0;;1;1;0;1;;JUNTA CABEÇA;JUNTA CABEÇA;0;;
9;1285;61-52675-10;1285;615267510;CATEGORIA0;;1;1;0;1;;JUNTA CABEÇA;JUNTA CABEÇA;0;;
9;1285;61-52675-20;1285;615267520;CATEGORIA0;;1;1;0;1;;JUNTA CABEÇA;JUNTA CABEÇA;0;;
9;1285;61-52680-00;1285;615268000;CATEGORIA0;;1;1;0;1;;JUNTA CABEÇA;JUNTA CABEÇA;0;;
9;1285;61-52685-00;1285;615268500;CATEGORIA0;;1;1;0;1;;JUNTA CABEÇA;JUNTA CABEÇA;0;;
9;1285;61-52690-00;1285;615269000;CATEGORIA0;;1;1;0;1;;JUNTA CABEÇA;JUNTA CABEÇA;0;;
9;1285;61-52693-00;1285;615269300;CATEGORIA0;;1;1;0;1;;JUNTA CABEÇA;JUNTA CABEÇA;0;;
9;1285;61-52705-00;1285;615270500;CATEGORIA0;;1;1;0;1;;JUNTA CABEÇA;JUNTA CABEÇA;0;;
9;1285;61-52715-00;1285;615271500;CATEGORIA0;;1;1;0;1;;JUNTA CABEÇA;JUNTA CABEÇA;0;;
9;1285;61-52720-00;1285;615272000;CATEGORIA0;;1;1;0;1;;JUNTA CABEÇA;JUNTA CABEÇA;0;;
9;1285;61-52730-00;1285;615273000;CATEGORIA0;;1;1;0;1;;JUNTA CABEÇA;JUNTA CABEÇA;0;;
9;1285;61-52735-00;1285;615273500;CATEGORIA0;;1;1;0;1;;JUNTA CABEÇA;JUNTA CABEÇA;0;;
9;1285;61-52750-10;1285;615275010;CATEGORIA0;;1;1;0;1;;JUNTA CABEÇA;JUNTA CABEÇA;0;;
9;1285;61-52750-20;1285;615275020;CATEGORIA0;;1;1;0;1;;JUNTA CABEÇA;JUNTA CABEÇA;0;;
9;1285;61-52750-30;1285;615275030;CATEGORIA0;;1;1;0;1;;JUNTA CABEÇA;JUNTA CABEÇA;0;;
9;1285;61-52755-00;1285;615275500;CATEGORIA0;;1;1;0;1;;JUNTA CABEÇA;JUNTA CABEÇA;0;;
9;1285;61-52760-00;1285;615276000;CATEGORIA0;;1;1;0;1;;JUNTA CABEÇA;JUNTA CABEÇA;0;;
9;1285;61-52760-10;1285;615276010;CATEGORIA0;;1;1;0;1;;JUNTA CABEÇA;JUNTA CABEÇA;0;;
9;1285;61-52760-20;1285;615276020;CATEGORIA0;;1;1;0;1;;JUNTA CABEÇA;JUNTA CABEÇA;0;;
9;1285;61-52770-10;1285;615277010;CATEGORIA0;;1;1;0;1;;JUNTA CABEÇA;JUNTA CABEÇA;0;;
9;1285;61-52770-20;1285;615277020;CATEGORIA0;;1;1;0;1;;JUNTA CABEÇA;JUNTA CABEÇA;0;;
9;1285;61-52775-00;1285;615277500;CATEGORIA0;;1;1;0;1;;JUNTA CABEÇA;JUNTA CABEÇA;0;;
9;1285;61-52775-10;1285;615277510;CATEGORIA0;;1;1;0;1;;JUNTA CABEÇA;JUNTA CABEÇA;0;;
9;1285;61-52775-20;1285;615277520;CATEGORIA0;;1;1;0;1;;JUNTA CABEÇA;JUNTA CABEÇA;0;;
9;1285;61-52780-00;1285;615278000;CATEGORIA0;;1;1;0;1;;JUNTA CABEÇA;JUNTA CABEÇA;0;;
9;1285;61-52785-00;1285;615278500;CATEGORIA0;;1;1;0;1;;JUNTA CABEÇA;JUNTA CABEÇA;0;;
9;1285;61-52795-00;1285;615279500;CATEGORIA0;;1;1;0;1;;JUNTA CABEÇA;JUNTA CABEÇA;0;;
9;1285;61-52820-00;1285;615282000;CATEGORIA0;;1;1;0;1;;JUNTA CABEÇA;JUNTA CABEÇA;0;;
9;1285;61-52820-10;1285;615282010;CATEGORIA0;;1;1;0;1;;JUNTA CABEÇA;JUNTA CABEÇA;0;;
9;1285;61-52820-20;1285;615282020;CATEGORIA0;;1;1;0;1;;JUNTA CABEÇA;JUNTA CABEÇA;0;;
9;1285;61-52840-00;1285;615284000;CATEGORIA0;;1;1;0;1;;JUNTA CABEÇA;JUNTA CABEÇA;0;;
9;1285;61-52845-00;1285;615284500;CATEGORIA0;;1;1;0;1;;JUNTA CABEÇA;JUNTA CABEÇA;0;;
9;1285;61-52860-00;1285;615286000;CATEGORIA0;;1;1;0;1;;JUNTA CABEÇA;JUNTA CABEÇA;0;;
9;1285;61-52865-00;1285;615286500;CATEGORIA0;;1;1;0;1;;JUNTA CABEÇA;JUNTA CABEÇA;0;;
9;1285;61-52870-00;1285;615287000;CATEGORIA0;;1;1;0;1;;JUNTA CABEÇA;JUNTA CABEÇA;0;;
9;1285;61-52875-00;1285;615287500;CATEGORIA0;;1;1;0;1;;JUNTA CABEÇA;JUNTA CABEÇA;0;;
9;1285;61-52935-00;1285;615293500;CATEGORIA0;;1;1;0;1;;JUNTA CABEÇA;JUNTA CABEÇA;0;;
9;1285;61-52945-10;1285;615294510;CATEGORIA0;;1;1;0;1;;JUNTA CABEÇA;JUNTA CABEÇA;0;;
9;1285;61-52945-20;1285;615294520;CATEGORIA0;;1;1;0;1;;JUNTA CABEÇA;JUNTA CABEÇA;0;;
9;1285;61-52945-30;1285;615294530;CATEGORIA0;;1;1;0;1;;JUNTA CABEÇA;JUNTA CABEÇA;0;;
9;1285;61-52945-40;1285;615294540;CATEGORIA0;;1;1;0;1;;JUNTA CABEÇA;JUNTA CABEÇA;0;;
9;1285;61-52965-10;1285;615296510;CATEGORIA0;;1;1;0;1;;JUNTA CABEÇA;JUNTA CABEÇA;0;;
9;1285;61-52965-20;1285;615296520;CATEGORIA0;;1;1;0;1;;JUNTA CABEÇA;JUNTA CABEÇA;0;;
9;1285;61-52965-30;1285;615296530;CATEGORIA0;;1;1;0;1;;JUNTA CABEÇA;JUNTA CABEÇA;0;;
9;1285;61-52980-00;1285;615298000;CATEGORIA0;;1;1;0;1;;JUNTA CABEÇA;JUNTA CABEÇA;0;;
9;1285;61-52985-00;1285;615298500;CATEGORIA0;;1;1;0;1;;JUNTA CABEÇA;JUNTA CABEÇA;0;;
9;1285;61-52985-10;1285;615298510;CATEGORIA0;;1;1;0;1;;JUNTA CABEÇA;JUNTA CABEÇA;0;;
9;1285;61-52985-20;1285;615298520;CATEGORIA0;;1;1;0;1;;JUNTA CABEÇA;JUNTA CABEÇA;0;;
9;1285;61-53010-00;1285;615301000;CATEGORIA0;;1;1;0;1;;JUNTA CABEÇA;JUNTA CABEÇA;0;;
9;1285;61-53020-00;1285;615302000;CATEGORIA0;;1;1;0;1;;JUNTA CABEÇA;JUNTA CABEÇA;0;;
9;1285;61-53020-10;1285;615302010;CATEGORIA0;;1;1;0;1;;JUNTA CABEÇA;JUNTA CABEÇA;0;;
9;1285;61-53020-20;1285;615302020;CATEGORIA0;;1;1;0;1;;JUNTA CABEÇA;JUNTA CABEÇA;0;;
9;1285;61-53035-00;1285;615303500;CATEGORIA0;;1;1;0;1;;JUNTA CABEÇA;JUNTA CABEÇA;0;;
9;1285;61-53035-10;1285;615303510;CATEGORIA0;;1;1;0;1;;JUNTA CABEÇA;JUNTA CABEÇA;0;;
9;1285;61-53035-20;1285;615303520;CATEGORIA0;;1;1;0;1;;JUNTA CABEÇA;JUNTA CABEÇA;0;;
9;1285;61-53040-10;1285;615304010;CATEGORIA0;;1;1;0;1;;JUNTA CABEÇA;JUNTA CABEÇA;0;;
9;1285;61-53045-10;1285;615304510;CATEGORIA0;;1;1;0;1;;JUNTA CABEÇA;JUNTA CABEÇA;0;;
9;1285;61-53045-20;1285;615304520;CATEGORIA0;;1;1;0;1;;JUNTA CABEÇA;JUNTA CABEÇA;0;;
9;1285;61-53050-00;1285;615305000;CATEGORIA0;;1;1;0;1;;JUNTA CABEÇA;JUNTA CABEÇA;0;;
9;1285;61-53055-00;1285;615305500;CATEGORIA0;;1;1;0;1;;JUNTA CABEÇA;JUNTA CABEÇA;0;;
9;1285;61-53065-00;1285;615306500;CATEGORIA0;;1;1;0;1;;JUNTA CABEÇA;JUNTA CABEÇA;0;;
9;1285;61-53100-00;1285;615310000;CATEGORIA0;;1;1;0;1;;JUNTA CABEÇA;JUNTA CABEÇA;0;;
9;1285;61-53100-10;1285;615310010;CATEGORIA0;;1;1;0;1;;JUNTA CABEÇA (1M);JUNTA CABEÇA (1M);0;;
9;1285;61-53100-20;1285;615310020;CATEGORIA0;;1;1;0;1;;JUNTA CABEÇA;JUNTA CABEÇA;0;;
9;1285;61-53115-00;1285;615311500;CATEGORIA0;;1;1;0;1;;JUNTA CABEÇA;JUNTA CABEÇA;0;;
9;1285;61-53130-00;1285;615313000;CATEGORIA0;;1;1;0;1;;JUNTA CABEÇA;JUNTA CABEÇA;0;;
9;1285;61-53130-10;1285;615313010;CATEGORIA0;;1;1;0;1;;JUNTA CABEÇA;JUNTA CABEÇA;0;;
9;1285;61-53130-20;1285;615313020;CATEGORIA0;;1;1;0;1;;JUNTA CABEÇA;JUNTA CABEÇA;0;;
9;1285;61-53135-00;1285;615313500;CATEGORIA0;;1;1;0;1;;JUNTA CABEÇA;JUNTA CABEÇA;0;;
9;1285;61-53140-00;1285;615314000;CATEGORIA0;;1;1;0;1;;JUNTA CABEÇA;JUNTA CABEÇA;0;;
9;1285;61-53145-00;1285;615314500;CATEGORIA0;;1;1;0;1;;JUNTA CABEÇA;JUNTA CABEÇA;0;;
9;1285;61-53145-10;1285;615314510;CATEGORIA0;;1;1;0;1;;JUNTA CABEÇA;JUNTA CABEÇA;0;;
9;1285;61-53145-20;1285;615314520;CATEGORIA0;;1;1;0;1;;JUNTA CABEÇA;JUNTA CABEÇA;0;;
9;1285;61-53145-30;1285;615314530;CATEGORIA0;;1;1;0;1;;JUNTA CABEÇA;JUNTA CABEÇA;0;;
9;1285;61-53145-40;1285;615314540;CATEGORIA0;;1;1;0;1;;JUNTA CABEÇA;JUNTA CABEÇA;0;;
9;1285;61-53150-00;1285;615315000;CATEGORIA0;;1;1;0;1;;JUNTA CABEÇA;JUNTA CABEÇA;0;;
9;1285;61-53150-10;1285;615315010;CATEGORIA0;;1;1;0;1;;JUNTA CABEÇA;JUNTA CABEÇA;0;;
9;1285;61-53150-20;1285;615315020;CATEGORIA0;;1;1;0;1;;JUNTA CABEÇA;JUNTA CABEÇA;0;;
9;1285;61-53155-00;1285;615315500;CATEGORIA0;;1;1;0;1;;JUNTA CABEÇA;JUNTA CABEÇA;0;;
9;1285;61-53175-00;1285;615317500;CATEGORIA0;;1;1;0;1;;JUNTA CABEÇA  VER  EQUIV.;JUNTA CABEÇA  VER  EQUIV.;0;;
9;1285;61-53190-00;1285;615319000;CATEGORIA0;;1;1;0;1;;JUNTA CABEÇA;JUNTA CABEÇA;0;;
9;1285;61-53190-10;1285;615319010;CATEGORIA0;;1;1;0;1;;JUNTA CABEÇA;JUNTA CABEÇA;0;;
9;1285;61-53190-20;1285;615319020;CATEGORIA0;;1;1;0;1;;JUNTA CABEÇA;JUNTA CABEÇA;0;;
9;1285;61-53205-00;1285;615320500;CATEGORIA0;;1;1;0;1;;JUNTA CABEÇA;JUNTA CABEÇA;0;;
9;1285;61-53210-00;1285;615321000;CATEGORIA0;;1;1;0;1;;JUNTA CABEÇA;JUNTA CABEÇA;0;;
9;1285;61-53225-00;1285;615322500;CATEGORIA0;;1;1;0;1;;JUNTA CABEÇA;JUNTA CABEÇA;0;;
9;1285;61-53240-00;1285;615324000;CATEGORIA0;;1;1;0;1;;JUNTA CABEÇA;JUNTA CABEÇA;0;;
9;1285;61-53240-10;1285;615324010;CATEGORIA0;;1;1;0;1;;JUNTA CABEÇA;JUNTA CABEÇA;0;;
9;1285;61-53240-20;1285;615324020;CATEGORIA0;;1;1;0;1;;JUNTA CABEÇA;JUNTA CABEÇA;0;;
9;1285;61-53245-00;1285;615324500;CATEGORIA0;;1;1;0;1;;JUNTA CABEÇA (1 M);JUNTA CABEÇA (1 M);0;;
9;1285;61-53245-10;1285;615324510;CATEGORIA0;;1;1;0;1;;JUNTA CABEÇA (2 M);JUNTA CABEÇA (2 M);0;;
9;1285;61-53245-20;1285;615324520;CATEGORIA0;;1;1;0;1;;JUNTA CABEÇA;JUNTA CABEÇA;0;;
9;1285;61-53250-00;1285;615325000;CATEGORIA0;;1;1;0;1;;JUNTA CABEÇA;JUNTA CABEÇA;0;;
9;1285;61-53280-00;1285;615328000;CATEGORIA0;;1;1;0;1;;JUNTA CABEÇA;JUNTA CABEÇA;0;;
9;1285;61-53300-00;1285;615330000;CATEGORIA0;;1;1;0;1;;JUNTA CABEÇA;JUNTA CABEÇA;0;;
9;1285;61-53305-00;1285;615330500;CATEGORIA0;;1;1;0;1;;JUNTA CABEÇA;JUNTA CABEÇA;0;;
9;1285;61-53335-00;1285;615333500;CATEGORIA0;;1;1;0;1;;JUNTA CABEÇA;JUNTA CABEÇA;0;;
9;1285;61-53340-00;1285;615334000;CATEGORIA0;;1;1;0;1;;JUNTA CABEÇA;JUNTA CABEÇA;0;;
9;1285;61-53340-10;1285;615334010;CATEGORIA0;;1;1;0;1;;JUNTA CABEÇA;JUNTA CABEÇA;0;;
9;1285;61-53340-20;1285;615334020;CATEGORIA0;;1;1;0;1;;JUNTA CABEÇA;JUNTA CABEÇA;0;;
9;1285;61-53345-00;1285;615334500;CATEGORIA0;;1;1;0;1;;JUNTA CABEÇA;JUNTA CABEÇA;0;;
9;1285;61-53355-00;1285;615335500;CATEGORIA0;;1;1;0;1;;JUNTA CABEÇA;JUNTA CABEÇA;0;;
9;1285;61-53360-00;1285;615336000;CATEGORIA0;;1;1;0;1;;JUNTA CABEÇA;JUNTA CABEÇA;0;;
9;1285;61-53365-00;1285;615336500;CATEGORIA0;;1;1;0;1;;JUNTA CABEÇA;JUNTA CABEÇA;0;;
9;1285;61-53365-10;1285;615336510;CATEGORIA0;;1;1;0;1;;JUNTA CABEÇA;JUNTA CABEÇA;0;;
9;1285;61-53365-20;1285;615336520;CATEGORIA0;;1;1;0;1;;JUNTA CABEÇA;JUNTA CABEÇA;0;;
9;1285;61-53370-00;1285;615337000;CATEGORIA0;;1;1;0;1;;JUNTA CABEÇA;JUNTA CABEÇA;0;;
9;1285;61-53375-00;1285;615337500;CATEGORIA0;;1;1;0;1;;JUNTA CABEÇA;JUNTA CABEÇA;0;;
9;1285;61-53375-10;1285;615337510;CATEGORIA0;;1;1;0;1;;JUNTA CABEÇA;JUNTA CABEÇA;0;;
9;1285;61-53375-20;1285;615337520;CATEGORIA0;;1;1;0;1;;JUNTA CABEÇA;JUNTA CABEÇA;0;;
9;1285;61-53375-30;1285;615337530;CATEGORIA0;;1;1;0;1;;JUNTA CABEÇA;JUNTA CABEÇA;0;;
9;1285;61-53375-40;1285;615337540;CATEGORIA0;;1;1;0;1;;JUNTA CABEÇA;JUNTA CABEÇA;0;;
9;1285;61-53375-50;1285;615337550;CATEGORIA0;;1;1;0;1;;JUNTA CABEÇA;JUNTA CABEÇA;0;;
9;1285;61-53395-00;1285;615339500;CATEGORIA0;;1;1;0;1;;JUNTA CABEÇA;JUNTA CABEÇA;0;;
9;1285;61-53395-10;1285;615339510;CATEGORIA0;;1;1;0;1;;JUNTA CABEÇA;JUNTA CABEÇA;0;;
9;1285;61-53395-20;1285;615339520;CATEGORIA0;;1;1;0;1;;JUNTA CABEÇA;JUNTA CABEÇA;0;;
9;1285;61-53405-00;1285;615340500;CATEGORIA0;;1;1;0;1;;JUNTA CABEÇA;JUNTA CABEÇA;0;;
9;1285;61-53405-10;1285;615340510;CATEGORIA0;;1;1;0;1;;JUNTA CABEÇA;JUNTA CABEÇA;0;;
9;1285;61-53405-20;1285;615340520;CATEGORIA0;;1;1;0;1;;JUNTA CABEÇA;JUNTA CABEÇA;0;;
9;1285;61-53415-00;1285;615341500;CATEGORIA0;;1;1;0;1;;JUNTA CABEÇA;JUNTA CABEÇA;0;;
9;1285;61-53415-10;1285;615341510;CATEGORIA0;;1;1;0;1;;JUNTA CABEÇA;JUNTA CABEÇA;0;;
9;1285;61-53415-20;1285;615341520;CATEGORIA0;;1;1;0;1;;JUNTA CABEÇA;JUNTA CABEÇA;0;;
9;1285;61-53425-00;1285;615342500;CATEGORIA0;;1;1;0;1;;JUNTA CABEÇA;JUNTA CABEÇA;0;;
9;1285;61-53430-00;1285;615343000;CATEGORIA0;;1;1;0;1;;JUNTA CABEÇA;JUNTA CABEÇA;0;;
9;1285;61-53430-20;1285;615343020;CATEGORIA0;;1;1;0;1;;JUNTA CABEÇA;JUNTA CABEÇA;0;;
9;1285;61-53450-00;1285;615345000;CATEGORIA0;;1;1;0;1;;JUNTA CABEÇA;JUNTA CABEÇA;0;;
9;1285;61-53470-00;1285;615347000;CATEGORIA0;;1;1;0;1;;JUNTA CABEÇA;JUNTA CABEÇA;0;;
9;1285;61-53510-00;1285;615351000;CATEGORIA0;;1;1;0;1;;JUNTA CABEÇA;JUNTA CABEÇA;0;;
9;1285;61-53510-10;1285;615351010;CATEGORIA0;;1;1;0;1;;JUNTA CABEÇA;JUNTA CABEÇA;0;;
9;1285;61-53510-20;1285;615351020;CATEGORIA0;;1;1;0;1;;JUNTA CABEÇA;JUNTA CABEÇA;0;;
9;1285;61-53510-30;1285;615351030;CATEGORIA0;;1;1;0;1;;JUNTA CABEÇA;JUNTA CABEÇA;0;;
9;1285;61-53510-40;1285;615351040;CATEGORIA0;;1;1;0;1;;JUNTA CABEÇA;JUNTA CABEÇA;0;;
9;1285;61-53530-00;1285;615353000;CATEGORIA0;;1;1;0;1;;JUNTA CABEÇA;JUNTA CABEÇA;0;;
9;1285;61-53530-10;1285;615353010;CATEGORIA0;;1;1;0;1;;JUNTA CABEÇA;JUNTA CABEÇA;0;;
9;1285;61-53570-00;1285;615357000;CATEGORIA0;;1;1;0;1;;JUNTA CABEÇA;JUNTA CABEÇA;0;;
9;1285;61-53570-10;1285;615357010;CATEGORIA0;;1;1;0;1;;JUNTA CABEÇA;JUNTA CABEÇA;0;;
9;1285;61-53570-20;1285;615357020;CATEGORIA0;;1;1;0;1;;JUNTA CABEÇA;JUNTA CABEÇA;0;;
9;1285;61-53585-00;1285;615358500;CATEGORIA0;;1;1;0;1;;JUNTA CABEÇA;JUNTA CABEÇA;0;;
9;1285;61-53635-00;1285;615363500;CATEGORIA0;;1;1;0;1;;JUNTA CABEÇA;JUNTA CABEÇA;0;;
9;1285;61-53635-10;1285;615363510;CATEGORIA0;;1;1;0;1;;JUNTA CABEÇA;JUNTA CABEÇA;0;;
9;1285;61-53635-20;1285;615363520;CATEGORIA0;;1;1;0;1;;JUNTA CABEÇA;JUNTA CABEÇA;0;;
9;1285;61-53635-30;1285;615363530;CATEGORIA0;;1;1;0;1;;JUNTA CABEÇA;JUNTA CABEÇA;0;;
9;1285;61-53635-40;1285;615363540;CATEGORIA0;;1;1;0;1;;JUNTA CABEÇA;JUNTA CABEÇA;0;;
9;1285;61-53635-50;1285;615363550;CATEGORIA0;;1;1;0;1;;JUNTA CABEÇA;JUNTA CABEÇA;0;;
9;1285;61-53640-00;1285;615364000;CATEGORIA0;;1;1;0;1;;JUNTA CABEÇA;JUNTA CABEÇA;0;;
9;1285;61-53690-00;1285;615369000;CATEGORIA0;;1;1;0;1;;JUNTA CABEÇA;JUNTA CABEÇA;0;;
9;1285;61-53700-00;1285;615370000;CATEGORIA0;;1;1;0;1;;JUNTA CABEÇA;JUNTA CABEÇA;0;;
9;1285;61-53700-10;1285;615370010;CATEGORIA0;;1;1;0;1;;JUNTA CABEÇA;JUNTA CABEÇA;0;;
9;1285;61-53700-20;1285;615370020;CATEGORIA0;;1;1;0;1;;JUNTA CABEÇA;JUNTA CABEÇA;0;;
9;1285;61-53710-00;1285;615371000;CATEGORIA0;;1;1;0;1;;JUNTA CABEÇA;JUNTA CABEÇA;0;;
9;1285;61-53710-10;1285;615371010;CATEGORIA0;;1;1;0;1;;JUNTA CABEÇA;JUNTA CABEÇA;0;;
9;1285;61-53710-20;1285;615371020;CATEGORIA0;;1;1;0;1;;JUNTA CABEÇA;JUNTA CABEÇA;0;;
9;1285;61-53710-30;1285;615371030;CATEGORIA0;;1;1;0;1;;JUNTA CABEÇA;JUNTA CABEÇA;0;;
9;1285;61-53750-00;1285;615375000;CATEGORIA0;;1;1;0;1;;JUNTA CABEÇA;JUNTA CABEÇA;0;;
9;1285;61-53750-10;1285;615375010;CATEGORIA0;;1;1;0;1;;JUNTA CABEÇA;JUNTA CABEÇA;0;;
9;1285;61-53750-20;1285;615375020;CATEGORIA0;;1;1;0;1;;JUNTA CABEÇA;JUNTA CABEÇA;0;;
9;1285;61-53750-30;1285;615375030;CATEGORIA0;;1;1;0;1;;JUNTA CABEÇA;JUNTA CABEÇA;0;;
9;1285;61-53760-00;1285;615376000;CATEGORIA0;;1;1;0;1;;JUNTA CABEÇA;JUNTA CABEÇA;0;;
9;1285;61-53760-10;1285;615376010;CATEGORIA0;;1;1;0;1;;JUNTA CABEÇA;JUNTA CABEÇA;0;;
9;1285;61-53760-20;1285;615376020;CATEGORIA0;;1;1;0;1;;JUNTA CABEÇA;JUNTA CABEÇA;0;;
9;1285;61-53865-00;1285;615386500;CATEGORIA0;;1;1;0;1;;JUNTA CABEÇA;JUNTA CABEÇA;0;;
9;1285;61-53895-00;1285;615389500;CATEGORIA0;;1;1;0;1;;JUNTA CABEÇA;JUNTA CABEÇA;0;;
9;1285;61-53900-00;1285;615390000;CATEGORIA0;;1;1;0;1;;JUNTA CABEÇA;JUNTA CABEÇA;0;;
9;1285;61-53900-10;1285;615390010;CATEGORIA0;;1;1;0;1;;JUNTA CABEÇA;JUNTA CABEÇA;0;;
9;1285;61-53900-20;1285;615390020;CATEGORIA0;;1;1;0;1;;JUNTA CABEÇA;JUNTA CABEÇA;0;;
9;1285;61-53925-00;1285;615392500;CATEGORIA0;;1;1;0;1;;JUNTA CABEÇA;JUNTA CABEÇA;0;;
9;1285;61-53925-10;1285;615392510;CATEGORIA0;;1;1;0;1;;JUNTA CABEÇA;JUNTA CABEÇA;0;;
9;1285;61-53925-20;1285;615392520;CATEGORIA0;;1;1;0;1;;JUNTA CABEÇA;JUNTA CABEÇA;0;;
9;1285;61-53930-00;1285;615393000;CATEGORIA0;;1;1;0;1;;JUNTA CABEÇA;JUNTA CABEÇA;0;;
9;1285;61-53930-10;1285;615393010;CATEGORIA0;;1;1;0;1;;JUNTA CABEÇA;JUNTA CABEÇA;0;;
9;1285;61-53930-20;1285;615393020;CATEGORIA0;;1;1;0;1;;JUNTA CABEÇA;JUNTA CABEÇA;0;;
9;1285;61-53930-30;1285;615393030;CATEGORIA0;;1;1;0;1;;JUNTA CABEÇA;JUNTA CABEÇA;0;;
9;1285;61-53930-40;1285;615393040;CATEGORIA0;;1;1;0;1;;JUNTA CABEÇA;JUNTA CABEÇA;0;;
9;1285;61-53950-00;1285;615395000;CATEGORIA0;;1;1;0;1;;JUNTA CABEÇA;JUNTA CABEÇA;0;;
9;1285;61-53980-00;1285;615398000;CATEGORIA0;;1;1;0;1;;JUNTA CABEÇA;JUNTA CABEÇA;0;;
9;1285;61-53980-10;1285;615398010;CATEGORIA0;;1;1;0;1;;JUNTA CABEÇA;JUNTA CABEÇA;0;;
9;1285;61-53980-20;1285;615398020;CATEGORIA0;;1;1;0;1;;JUNTA CABEÇA;JUNTA CABEÇA;0;;
9;1285;61-53980-30;1285;615398030;CATEGORIA0;;1;1;0;1;;JUNTA CABEÇA;JUNTA CABEÇA;0;;
9;1285;61-53980-40;1285;615398040;CATEGORIA0;;1;1;0;1;;JUNTA CABEÇA;JUNTA CABEÇA;0;;
9;1285;61-54090-00;1285;615409000;CATEGORIA0;;1;1;0;1;;JUNTA CABEÇA;JUNTA CABEÇA;0;;
9;1285;61-54090-10;1285;615409010;CATEGORIA0;;1;1;0;1;;JUNTA CABEÇA;JUNTA CABEÇA;0;;
9;1285;61-54090-20;1285;615409020;CATEGORIA0;;1;1;0;1;;JUNTA CABEÇA;JUNTA CABEÇA;0;;
9;1285;61-54095-00;1285;615409500;CATEGORIA0;;1;1;0;1;;JUNTA CABEÇA;JUNTA CABEÇA;0;;
9;1285;61-54140-00;1285;615414000;CATEGORIA0;;1;1;0;1;;JUNTA CABEÇA;JUNTA CABEÇA;0;;
9;1285;61-54190-00;1285;615419000;CATEGORIA0;;1;1;0;1;;JUNTA CABEÇA;JUNTA CABEÇA;0;;
9;1285;61-54190-10;1285;615419010;CATEGORIA0;;1;1;0;1;;JUNTA CABEÇA;JUNTA CABEÇA;0;;
9;1285;61-54190-20;1285;615419020;CATEGORIA0;;1;1;0;1;;JUNTA CABEÇA;JUNTA CABEÇA;0;;
9;1285;611009320;1285;611009320;CATEGORIA0;;1;1;0;1;;JUNTA CABEÇA;JUNTA CABEÇA;0;;
9;1285;615335510;1285;615335510;CATEGORIA0;;1;1;0;1;;JUNTA CABEÇA HYUNDAI;JUNTA CABEÇA HYUNDAI;0;;
9;1285;70-13186-00;1285;701318600;CATEGORIA0;;1;1;0;1;;ANILHA INJECTOR;ANILHA INJECTOR;0;;
9;1285;70-16736-00;1285;701673600;CATEGORIA0;;1;1;0;1;;ANILHA INJECTOR;ANILHA INJECTOR;0;;
9;1285;70-25227-10;1285;702522710;CATEGORIA0;;1;1;0;1;;VEDANTE VALVULA;VEDANTE VALVULA;0;;
9;1285;70-26058-00;1285;702605800;CATEGORIA0;;1;1;0;1;;VEDANTE VALVULA;VEDANTE VALVULA;0;;
9;1285;70-26546-00;1285;702654600;CATEGORIA0;;1;1;0;1;;VEDANTE VAL.;VEDANTE VAL.;0;;
9;1285;70-27214-00;1285;702721400;CATEGORIA0;;1;1;0;1;;VEDANTE VALVULA;VEDANTE VALVULA;0;;
9;1285;70-27408-00;1285;702740800;CATEGORIA0;;1;1;0;1;;VEDANTE VALVULA;VEDANTE VALVULA;0;;
9;1285;70-28424-10;1285;702842410;CATEGORIA0;;1;1;0;1;;VEDANTE VALVULA;VEDANTE VALVULA;0;;
9;1285;70-28442-41;1285;7028442410;CATEGORIA0;;1;1;0;1;;VEDANTE VALVULA;VEDANTE VALVULA;0;;
9;1285;70-29491-00;1285;702949100;CATEGORIA0;;1;1;0;1;;VEDANTE VALV. MERC.;VEDANTE VALV. MERC.;0;;
9;1285;70-31147-00;1285;703114700;CATEGORIA0;;1;1;0;1;;JUNTA COLECTOR ESCAPE;JUNTA COLECTOR ESCAPE;0;;
9;1285;70-31306-00;1285;703130600;CATEGORIA0;;1;1;0;1;;VEDANTE VALVULA;VEDANTE VALVULA;0;;
9;1285;70-31414-10;1285;703141410;CATEGORIA0;;1;1;0;1;;SILICONE REINZOSIL 70 ML;SILICONE REINZOSIL 70 ML;0;;
9;1285;70-31414-20;1285;703141420;CATEGORIA0;;1;1;0;1;;COLA JUNTAS SPRAY 200ML;COLA JUNTAS SPRAY 200ML;0;;
9;1285;70-34914-00;1285;703491400;CATEGORIA0;;1;1;0;1;;VEDANTE VALVULA;VEDANTE VALVULA;0;;
9;1285;70-35271-00;1285;703527100;CATEGORIA0;;1;1;0;1;;JUNTA T/ DIST.;JUNTA T/ DIST.;0;;
9;1285;70-35548-00;1285;703554800;CATEGORIA0;;1;1;0;1;;VEDANTE VALVULA;VEDANTE VALVULA;0;;
9;1285;70-35902-00;1285;703590200;CATEGORIA0;;1;1;0;1;;JUNTA COLECTOR ADM;JUNTA COLECTOR ADM;0;;
9;1285;70-39398-00;1285;703939800;CATEGORIA0;;1;1;0;1;;VEDANTE DE VALVULA;VEDANTE DE VALVULA;0;;
9;1285;70-40538-00;1285;704053800;CATEGORIA0;;1;1;0;1;;ANILHA INJ.;ANILHA INJ.;0;;
9;1285;70-40984-00;1285;704098400;CATEGORIA0;;1;1;0;1;;ANILHA INJECTOR;ANILHA INJECTOR;0;;
9;1285;70-41369-00;1285;704136900;CATEGORIA0;;1;1;0;1;;ADITIVO TURBO;ADITIVO TURBO;0;;
9;1285;70-52851-00;1285;705285100;CATEGORIA0;;1;1;0;1;;VEDANTE VALVULA;VEDANTE VALVULA;0;;
9;1285;71-10040-00;1285;711004000;CATEGORIA0;;1;1;0;1;;JUNTA COLECT.ADM.;JUNTA COLECT.ADM.;0;;
9;1285;71-10068-00;1285;711006800;CATEGORIA0;;1;1;0;1;;JUNTA CARTER;JUNTA CARTER;0;;
9;1285;71-10224-00;1285;711022400;CATEGORIA0;;1;1;0;1;;JUNTA T.VALVUKLAS;JUNTA T.VALVUKLAS;0;;
9;1285;71-10327-00;1285;711032700;CATEGORIA0;;1;1;0;1;;JUNTA COLECTOR ESCAPE;JUNTA COLECTOR ESCAPE;0;;
9;1285;71-10389-00;1285;711038900;CATEGORIA0;;1;1;0;1;;JUNTA COLECTOR ADMISSÃO;JUNTA COLECTOR ADMISSÃO;0;;
9;1285;71-10484-00;1285;711048400;CATEGORIA0;;1;1;0;1;;JUNTA TAMPA VALVULAS;JUNTA TAMPA VALVULAS;0;;
9;1285;71-10771-00;1285;711077100;CATEGORIA0;;1;1;0;1;;JUNTA CARTER;JUNTA CARTER;0;;
9;1285;71-10774-00;1285;711077400;CATEGORIA0;;1;1;0;1;;JUNTA T. VALVULAS;JUNTA T. VALVULAS;0;;
9;1285;71-10775-00;1285;711077500;CATEGORIA0;;1;1;0;1;;JUNTA COLECTOR ESCAPE;JUNTA COLECTOR ESCAPE;0;;
9;1285;71-10833-00;1285;711083300;CATEGORIA0;;1;1;0;1;;JUNTA T. VALVULAS;JUNTA T. VALVULAS;0;;
9;1285;71-10856-00;1285;71108560;CATEGORIA0;;1;1;0;1;;JUNTA TAMPA DAS VÁLVULAS;JUNTA TAMPA DAS VÁLVULAS;0;;
9;1285;71-10860-00;1285;711086000;CATEGORIA0;;1;1;0;1;;JUNTA COLECTOR ESCAPE;JUNTA COLECTOR ESCAPE;0;;
9;1285;71-10894-00;1285;711089400;CATEGORIA0;;1;1;0;1;;JUNTA COL. ADMISSAO;JUNTA COL. ADMISSAO;0;;
9;1285;71-11831-00;1285;711183100;CATEGORIA0;;1;1;0;1;;JUNTA, COLECTOR DE ADMISSÃO;JUNTA, COLECTOR DE ADMISSÃO;0;;
9;1285;71-12010-00;1285;711201000;CATEGORIA0;;1;1;0;1;;JUNTA;JUNTA;0;;
9;1285;71-12284-00;1285;711228400;CATEGORIA0;;1;1;0;1;;JUNTA COL. ESCAPE;JUNTA COL. ESCAPE;0;;
9;1285;71-12455-00;1285;711245500;CATEGORIA0;;1;1;0;1;;JUNTA COLECTOR ESCAPE;JUNTA COLECTOR ESCAPE;0;;
9;1285;71-12587-00;1285;711258700;CATEGORIA0;;1;1;0;1;;JUNTA T/VALVULAS;JUNTA T/VALVULAS;0;;
9;1285;71-12828-00;1285;711282800;CATEGORIA0;;1;1;0;1;;JUNTA TAMPA VALVULAS;JUNTA TAMPA VALVULAS;0;;
9;1285;71-12902-00;1285;711290200;CATEGORIA0;;1;1;0;1;;JUNTA T/ VALVULAS;JUNTA T/ VALVULAS;0;;
9;1285;71-12947-10;1285;711294710;CATEGORIA0;;1;1;0;1;;JUNTA T.VAL.;JUNTA T.VAL.;0;;
9;1285;71-12948-10;1285;711294810;CATEGORIA0;;1;1;0;1;;JUNTA CARTER VICTOR REINZ;JUNTA CARTER VICTOR REINZ;0;;
9;1285;71-12955-00;1285;711295500;CATEGORIA0;;1;1;0;1;;JUNTA T.VAL.;JUNTA T.VAL.;0;;
9;1285;71-12963-10;1285;711296310;CATEGORIA0;;1;1;0;1;;JUNTA T VALV;JUNTA T VALV;0;;
9;1285;71-12995-00;1285;711299500;CATEGORIA0;;1;1;0;1;;JUNTA T/ VALVULAS;JUNTA T/ VALVULAS;0;;
9;1285;71-12996-10;1285;711299610;CATEGORIA0;;1;1;0;1;;JUNTA CARTER;JUNTA CARTER;0;;
9;1285;71-13017-00;1285;711301700;CATEGORIA0;;1;1;0;1;;JUNTA CARTER;JUNTA CARTER;0;;
9;1285;71-13027-00;1285;711302700;CATEGORIA0;;1;1;0;1;;JUNTA T.VAL.;JUNTA T.VAL.;0;;
9;1285;71-13031-10;1285;711303110;CATEGORIA0;;1;1;0;1;;JUNTA T.VALVULAS;JUNTA T.VALVULAS;0;;
9;1285;71-13040-00;1285;711304000;CATEGORIA0;;1;1;0;1;;JUNTA C/ESCAPE;JUNTA C/ESCAPE;0;;
9;1285;71-13043-00;1285;711304300;CATEGORIA0;;1;1;0;1;;JUNTA T. VAL. VITOR REINZ;JUNTA T. VAL. VITOR REINZ;0;;
9;1285;71-13045-30;1285;711304530;CATEGORIA0;;1;1;0;1;;JUNTA T/ VALVULAS;JUNTA T/ VALVULAS;0;;
9;1285;71-13056-00;1285;711305600;CATEGORIA0;;1;1;0;1;;JUNTA T.VAL.;JUNTA T.VAL.;0;;
9;1285;71-13063-00;1285;711306300;CATEGORIA0;;1;1;0;1;;JUNTA T. VAL. V. REINZ **;JUNTA T. VAL. V. REINZ **;0;;
9;1285;71-13362-00;1285;711336200;CATEGORIA0;;1;1;0;1;;JUNTA CARTER;JUNTA CARTER;0;;
9;1285;71-19738-50;1285;711973850;CATEGORIA0;;1;1;0;1;;JUNTA T.VALVULAS;JUNTA T.VALVULAS;0;;
9;1285;71-19799-10;1285;711979910;CATEGORIA0;;1;1;0;1;;JUNTA T.VAL.;JUNTA T.VAL.;0;;
9;1285;71-20251-20;1285;712025120;CATEGORIA0;;1;1;0;1;;JUNTA COLECTOR;JUNTA COLECTOR;0;;
9;1285;71-20654-10;1285;712065410;CATEGORIA0;;1;1;0;1;;JUNTA COLECTOR ADM/ESC;JUNTA COLECTOR ADM/ESC;0;;
9;1285;71-21407-10;1285;71-21407-10;CATEGORIA0;;1;1;0;1;;JUNTA CARTER;JUNTA CARTER;0;;
9;1285;71-21608-10;1285;712160810;CATEGORIA0;;1;1;0;1;;JUNTA TUBO ESCAPE;JUNTA TUBO ESCAPE;0;;
9;1285;71-21611-30;1285;712161130;CATEGORIA0;;1;1;0;1;;JUNTA;JUNTA;0;;
9;1285;71-21644-30;1285;712164430;CATEGORIA0;;1;1;0;1;;JUNTA;JUNTA;0;;
9;1285;71-22789-20;1285;712278920;CATEGORIA0;;1;1;0;1;;JUNTA COLECTOR;JUNTA COLECTOR;0;;
9;1285;71-22864-10;1285;712286410;CATEGORIA0;;1;1;0;1;;JUNTA T.VAL.;JUNTA T.VAL.;0;;
9;1285;71-22865-10;1285;712286510;CATEGORIA0;;1;1;0;1;;JUNTA T.VAL.;JUNTA T.VAL.;0;;
9;1285;71-23307-00;1285;712330700;CATEGORIA0;;1;1;0;1;;JUNTA T/ VALVULAS;JUNTA T/ VALVULAS;0;;
9;1285;71-23443-20;1285;712344320;CATEGORIA0;;1;1;0;1;;JUNTA CARTER;JUNTA CARTER;0;;
9;1285;71-23465-10;1285;712346510;CATEGORIA0;;1;1;0;1;;JUNTA;JUNTA;0;;
9;1285;71-23522-10;1285;712352210;CATEGORIA0;;1;1;0;1;;JUNTA CARTER;JUNTA CARTER;0;;
9;1285;71-23796-00;1285;712379600;CATEGORIA0;;1;1;0;1;;JUNTA T/ VALVULAS;JUNTA T/ VALVULAS;0;;
9;1285;71-24488-10;1285;712448810;CATEGORIA0;;1;1;0;1;;JUNTA T.VAL.;JUNTA T.VAL.;0;;
9;1285;71-24616-20;1285;712461620;CATEGORIA0;;1;1;0;1;;JUNTA COL. ADM.;JUNTA COL. ADM.;0;;
9;1285;71-25111-10;1285;712511110;CATEGORIA0;;1;1;0;1;;JUNTA TUBO ESCAPE;JUNTA TUBO ESCAPE;0;;
9;1285;71-25168-10;1285;712516810;CATEGORIA0;;1;1;0;1;;JUNTA T.VAL.;JUNTA T.VAL.;0;;
9;1285;71-25314-10;1285;712531410;CATEGORIA0;;1;1;0;1;;JUNTA COLECTOR;JUNTA COLECTOR;0;;
9;1285;71-25357-10;1285;712535710;CATEGORIA0;;1;1;0;1;;JUNTA COLECTOR ADM/ESC.;JUNTA COLECTOR ADM/ESC.;0;;
9;1285;71-25612-20;1285;712561220;CATEGORIA0;;1;1;0;1;;JUNTA T/ VALVULAS;JUNTA T/ VALVULAS;0;;
9;1285;71-25712-10;1285;712571210;CATEGORIA0;;1;1;0;1;;JUNTA COLECTOR;JUNTA COLECTOR;0;;
9;1285;71-25798-20;1285;712579820;CATEGORIA0;;1;1;0;1;;JUNTA COL. ESCAPE VICTOR REINZ;JUNTA COL. ESCAPE VICTOR REINZ;0;;
9;1285;71-25853-10;1285;712585310;CATEGORIA0;;1;1;0;1;;RETENTOR;RETENTOR;0;;
9;1285;71-25857-10;1285;712585710;CATEGORIA0;;1;1;0;1;;JUNTA CARTER;JUNTA CARTER;0;;
9;1285;71-25918-30;1285;712591830;CATEGORIA0;;1;1;0;1;;JUNTA CARTER;JUNTA CARTER;0;;
9;1285;71-25919-30;1285;712591930;CATEGORIA0;;1;1;0;1;;JUNTA COLECTOR ESCAPE;JUNTA COLECTOR ESCAPE;0;;
9;1285;71-25942-00;1285;712594200;CATEGORIA0;;1;1;0;1;;JUNTA T/ VALVULAS;JUNTA T/ VALVULAS;0;;
9;1285;71-26059-00;1285;712605900;CATEGORIA0;;1;1;0;1;;JUNTA T/ VALVULAS;JUNTA T/ VALVULAS;0;;
9;1285;71-26204-10;1285;712620410;CATEGORIA0;;1;1;0;1;;JUNTA CARTER VICTOR REINZ;JUNTA CARTER VICTOR REINZ;0;;
9;1285;71-26206-20;1285;712620620;CATEGORIA0;;1;1;0;1;;JUNTA ADMISSAO;JUNTA ADMISSAO;0;;
9;1285;71-26219-00;1285;712621900;CATEGORIA0;;1;1;0;1;;JUNTA COL. ESCAPE;JUNTA COL. ESCAPE;0;;
9;1285;71-26222-10;1285;712622210;CATEGORIA0;;1;1;0;1;;JUNTA T.VAL.(+);JUNTA T.VAL.(+);0;;
9;1285;71-26232-20;1285;712623220;CATEGORIA0;;1;1;0;1;;JUNTA CARTER;JUNTA CARTER;0;;
9;1285;71-26237-00;1285;712623700;CATEGORIA0;;1;1;0;1;;JUNTA;JUNTA;0;;
9;1285;71-26391-00;1285;712639100;CATEGORIA0;;1;1;0;1;;JUNTA T. VAL.;JUNTA T. VAL.;0;;
9;1285;71-26492-10;1285;712649210;CATEGORIA0;;1;1;0;1;;JUNTA T.VAL.;JUNTA T.VAL.;0;;
9;1285;71-26571-20;1285;712657120;CATEGORIA0;;1;1;0;1;;JUNTA COL. ADM. (5 FUROS);JUNTA COL. ADM. (5 FUROS);0;;
9;1285;71-26572-10;1285;712657210;CATEGORIA0;;1;1;0;1;;JUNTA CARTER;JUNTA CARTER;0;;
9;1285;71-26573-10;1285;712657310;CATEGORIA0;;1;1;0;1;;JUNTA T.VAL.(+);JUNTA T.VAL.(+);0;;
9;1285;71-26574-10;1285;712657410;CATEGORIA0;;1;1;0;1;;JUNTA T. VAL.;JUNTA T. VAL.;0;;
9;1285;71-26979-00;1285;712697900;CATEGORIA0;;1;1;0;1;;JUNTA CARTER;JUNTA CARTER;0;;
9;1285;71-26999-00;1285;712699900;CATEGORIA0;;1;1;0;1;;JUNTA T.VAL.;JUNTA T.VAL.;0;;
9;1285;71-27001-00;1285;712700100;CATEGORIA0;;1;1;0;1;;JUNTA T.VAL.;JUNTA T.VAL.;0;;
9;1285;71-27057-20;1285;712705720;CATEGORIA0;;1;1;0;1;;JUNTA COL. ADM. VICTOR REINZ 6 CLY.;JUNTA COL. ADM. VICTOR REINZ 6 CLY.;0;;
9;1285;71-27218-10;1285;712721810;CATEGORIA0;;1;1;0;1;;JUNTA COLECTOR;JUNTA COLECTOR;0;;
9;1285;71-27332-10;1285;712733210;CATEGORIA0;;1;1;0;1;;JUNTA T.VAL.;JUNTA T.VAL.;0;;
9;1285;71-27468-10;1285;712746810;CATEGORIA0;;1;1;0;1;;JUNTA CARTER;JUNTA CARTER;0;;
9;1285;71-27476-00;1285;712747600;CATEGORIA0;;1;1;0;1;;JUNTA COL. ESCAPE;JUNTA COL. ESCAPE;0;;
9;1285;71-27547-00;1285;712754700;CATEGORIA0;;1;1;0;1;;JUNTA T.VAL;JUNTA T.VAL;0;;
9;1285;71-27698-10;1285;712769810;CATEGORIA0;;1;1;0;1;;JUNTA CARTER;JUNTA CARTER;0;;
9;1285;71-27898-20;1285;712789820;CATEGORIA0;;1;1;0;1;;JUNTA COL. ESC. V. REINZ;JUNTA COL. ESC. V. REINZ;0;;
9;1285;71-27909-10;1285;712790910;CATEGORIA0;;1;1;0;1;;JUNTA COL. ESCAPE;JUNTA COL. ESCAPE;0;;
9;1285;71-28123-00;1285;712812300;CATEGORIA0;;1;1;0;1;;JUNTA CARTER ***;JUNTA CARTER ***;0;;
9;1285;71-28352-00;1285;712835200;CATEGORIA0;;1;1;0;1;;JUNTA T.VAL. VITOR REINZ;JUNTA T.VAL. VITOR REINZ;0;;
9;1285;71-28353-00;1285;712835300;CATEGORIA0;;1;1;0;1;;JUNTA T.VAL.;JUNTA T.VAL.;0;;
9;1285;71-28451-00;1285;712845100;CATEGORIA0;;1;1;0;1;;JUNTA COL. ESCAPE;JUNTA COL. ESCAPE;0;;
9;1285;71-28484-00;1285;712848400;CATEGORIA0;;1;1;0;1;;JUNTA T. VALVULA;JUNTA T. VALVULA;0;;
9;1285;71-28486-00;1285;712848600;CATEGORIA0;;1;1;0;1;;VEDANTE;VEDANTE;0;;
9;1285;71-28487-00;1285;712848700;CATEGORIA0;;1;1;0;1;;VEDANTE;VEDANTE;0;;
9;1285;71-28491-10;1285;712849110;CATEGORIA0;;1;1;0;1;;JUNTA;JUNTA;0;;
9;1285;71-28494-00;1285;712849400;CATEGORIA0;;1;1;0;1;;JUNTA COLETOR ESCAPE;JUNTA COLETOR ESCAPE;0;;
9;1285;71-28777-10;1285;712877710;CATEGORIA0;;1;1;0;1;;JUNTA T.VAL.;JUNTA T.VAL.;0;;
9;1285;71-28781-10;1285;712878110;CATEGORIA0;;1;1;0;1;;JUNTA COL. ADM. V. REINZ;JUNTA COL. ADM. V. REINZ;0;;
9;1285;71-28913-10;1285;712891310;CATEGORIA0;;1;1;0;1;;JUNTA ESCAPE;JUNTA ESCAPE;0;;
9;1285;71-28988-00;1285;712898800;CATEGORIA0;;1;1;0;1;;JUNTA T. VAL.;JUNTA T. VAL.;0;;
9;1285;71-29176-00;1285;712917600;CATEGORIA0;;1;1;0;1;;JUNTA COLECTOR;JUNTA COLECTOR;0;;
9;1285;71-29178-10;1285;712917810;CATEGORIA0;;1;1;0;1;;JUNTA CARTER;JUNTA CARTER;0;;
9;1285;71-29303-00;1285;712930300;CATEGORIA0;;1;1;0;1;;JUNTA T. VAL.;JUNTA T. VAL.;0;;
9;1285;71-29396-00;1285;712939600;CATEGORIA0;;1;1;0;1;;JUNTA COLETOR ESCAPE;JUNTA COLETOR ESCAPE;0;;
9;1285;71-29398-10;1285;712939810;CATEGORIA0;;1;1;0;1;;JUNTA COLETOR ADMISSÃO;JUNTA COLETOR ADMISSÃO;0;;
9;1285;71-29399-00;1285;712939900;CATEGORIA0;;1;1;0;1;;JUNTA COLETOR ESCAPE;JUNTA COLETOR ESCAPE;0;;
9;1285;71-31037-00;1285;713103700;CATEGORIA0;;1;1;0;1;;JUNTA T.VAL.;JUNTA T.VAL.;0;;
9;1285;71-31046-00;1285;713104600;CATEGORIA0;;1;1;0;1;;JUNTA COL. ESCAPE;JUNTA COL. ESCAPE;0;;
9;1285;71-31117-00;1285;713111700;CATEGORIA0;;1;1;0;1;;JUNTA T.VAL.;JUNTA T.VAL.;0;;
9;1285;71-31118-00;1285;713111800;CATEGORIA0;;1;1;0;1;;JUNTA ESCAPE;JUNTA ESCAPE;0;;
9;1285;71-31119-00;1285;713111900;CATEGORIA0;;1;1;0;1;;JUNTA COL. ESCAPE;JUNTA COL. ESCAPE;0;;
9;1285;71-31146-00;1285;713114600;CATEGORIA0;;1;1;0;1;;JUNTA T. VALVULAS;JUNTA T. VALVULAS;0;;
9;1285;71-31147-00;1285;713114700;CATEGORIA0;;1;1;0;1;;JUNTA COLECTOR;JUNTA COLECTOR;0;;
9;1285;71-31226-00;1285;713122600;CATEGORIA0;;1;1;0;1;;JUNTA CARTER V. REINZ;JUNTA CARTER V. REINZ;0;;
9;1285;71-31254-00;1285;713125400;CATEGORIA0;;1;1;0;1;;JUNTA;JUNTA;0;;
9;1285;71-31257-00;1285;713125700;CATEGORIA0;;1;1;0;1;;JUNTA T.VAL.(+);JUNTA T.VAL.(+);0;;
9;1285;71-31296-00;1285;713129600;CATEGORIA0;;1;1;0;1;;JUNTA T.VAL.;JUNTA T.VAL.;0;;
9;1285;71-31298-00;1285;713129800;CATEGORIA0;;1;1;0;1;;JUNTA CARTER V. REINZ;JUNTA CARTER V. REINZ;0;;
9;1285;71-31334-00;1285;713133400;CATEGORIA0;;1;1;0;1;;JUNTA COLECTOR ESCAPE;JUNTA COLECTOR ESCAPE;0;;
9;1285;71-31344-00;1285;713134400;CATEGORIA0;;1;1;0;1;;JUNTA T.VAL.;JUNTA T.VAL.;0;;
9;1285;71-31363-00;1285;713136300;CATEGORIA0;;1;1;0;1;;JUNTA COLECTOR;JUNTA COLECTOR;0;;
9;1285;71-31527-00;1285;713152700;CATEGORIA0;;1;1;0;1;;JUNTA COL. ESCAPE;JUNTA COL. ESCAPE;0;;
9;1285;71-31568-00;1285;713156800;CATEGORIA0;;1;1;0;1;;JUNTA COLETOR ADMISSÃO/ESCAPE;JUNTA COLETOR ADMISSÃO/ESCAPE;0;;
9;1285;71-31615-00;1285;713161500;CATEGORIA0;;1;1;0;1;;JUNTA T/ VAL.;JUNTA T/ VAL.;0;;
9;1285;71-31619-00;1285;713161900;CATEGORIA0;;1;1;0;1;;JUNTA CARTER;JUNTA CARTER;0;;
9;1285;71-31622-20;1285;713162220;CATEGORIA0;;1;1;0;1;;JUNTA T/ VAL.;JUNTA T/ VAL.;0;;
9;1285;71-31623-00;1285;713162300;CATEGORIA0;;1;1;0;1;;JUNTA COL. ADM. VITOR REINZ;JUNTA COL. ADM. VITOR REINZ;0;;
9;1285;71-31643-00;1285;713164300;CATEGORIA0;;1;1;0;1;;JUNTA T/ VAL.;JUNTA T/ VAL.;0;;
9;1285;71-31647-00;1285;713164700;CATEGORIA0;;1;1;0;1;;O´RING COLECTOR ADMISSÃO;O´RING COLECTOR ADMISSÃO;0;;
9;1285;71-31648-00;1285;713164800;CATEGORIA0;;1;1;0;1;;JUNTA T.VAL. VITOR REINZ;JUNTA T.VAL. VITOR REINZ;0;;
9;1285;71-31651-00;1285;713165100;CATEGORIA0;;1;1;0;1;;JUNTA T/ VAL.;JUNTA T/ VAL.;0;;
9;1285;71-31659-00;1285;713165900;CATEGORIA0;;1;1;0;1;;JUNTA COL. ESC. V. REINZ;JUNTA COL. ESC. V. REINZ;0;;
9;1285;71-31662-00;1285;713166200;CATEGORIA0;;1;1;0;1;;JUNTA COLECTOR ESCAPE;JUNTA COLECTOR ESCAPE;0;;
9;1285;71-31691-00;1285;713169100;CATEGORIA0;;1;1;0;1;;JUNTA T.VAL.;JUNTA T.VAL.;0;;
9;1285;71-31693-00;1285;713169300;CATEGORIA0;;1;1;0;1;;JUNTA T.VAL. VITOR REINZ;JUNTA T.VAL. VITOR REINZ;0;;
9;1285;71-31698-00;1285;713169800;CATEGORIA0;;1;1;0;1;;JUNTA T.VAL.;JUNTA T.VAL.;0;;
9;1285;71-31701-00;1285;713170100;CATEGORIA0;;1;1;0;1;;JUNTA COLECTOR;JUNTA COLECTOR;0;;
9;1285;71-31729-00;1285;713172900;CATEGORIA0;;1;1;0;1;;JUNTA T/ VALVULAS;JUNTA T/ VALVULAS;0;;
9;1285;71-31731-00;1285;713173100;CATEGORIA0;;1;1;0;1;;JUNTA T/ VAL.;JUNTA T/ VAL.;0;;
9;1285;71-31733-00;1285;713173300;CATEGORIA0;;1;1;0;1;;JUNTA T.VALV IVECO;JUNTA T.VALV IVECO;0;;
9;1285;71-31734-00;1285;713173400;CATEGORIA0;;1;1;0;1;;JUNTA T/ VALVULAS;JUNTA T/ VALVULAS;0;;
9;1285;71-31737-00;1285;713173700;CATEGORIA0;;1;1;0;1;;JUNTA T.VAL.;JUNTA T.VAL.;0;;
9;1285;71-31739-10;1285;713173910;CATEGORIA0;;1;1;0;1;;JUNTA T.VAL.;JUNTA T.VAL.;0;;
9;1285;71-31743-00;1285;713174300;CATEGORIA0;;1;1;0;1;;JUNTA CARTER;JUNTA CARTER;0;;
9;1285;71-31744-00;1285;713174400;CATEGORIA0;;1;1;0;1;;JUNTA CARTER;JUNTA CARTER;0;;
9;1285;71-31796-00;1285;713179600;CATEGORIA0;;1;1;0;1;;JUNTA COL. ESCAPE;JUNTA COL. ESCAPE;0;;
9;1285;71-31803-00;1285;713180300;CATEGORIA0;;1;1;0;1;;JUNTA COLECTOR ADMISSÃO;JUNTA COLECTOR ADMISSÃO;0;;
9;1285;71-31834-10;1285;713183410;CATEGORIA0;;1;1;0;1;;JUNTA COLECTOR;JUNTA COLECTOR;0;;
9;1285;71-31836-10;1285;713183610;CATEGORIA0;;1;1;0;1;;JUNTA COLECTOR;JUNTA COLECTOR;0;;
9;1285;71-31876-00;1285;713187600;CATEGORIA0;;1;1;0;1;;JUNTA CARTER;JUNTA CARTER;0;;
9;1285;71-31934-00;1285;713193400;CATEGORIA0;;1;1;0;1;;JUNTA CARTER V. REINZ;JUNTA CARTER V. REINZ;0;;
9;1285;71-31943-00;1285;713194300;CATEGORIA0;;1;1;0;1;;JUNTA CARTER V. REINZ;JUNTA CARTER V. REINZ;0;;
9;1285;71-31957-00;1285;713195700;CATEGORIA0;;1;1;0;1;;JUNTA COL. ESCAPE;JUNTA COL. ESCAPE;0;;
9;1285;71-31964-00;1285;713196400;CATEGORIA0;;1;1;0;1;;JUNTA COLETOR ADMISSÃO;JUNTA COLETOR ADMISSÃO;0;;
9;1285;71-31966-10;1285;713196610;CATEGORIA0;;1;1;0;1;;JUNTA COL. ADM. V. REINZ;JUNTA COL. ADM. V. REINZ;0;;
9;1285;71-31969-00;1285;713196900;CATEGORIA0;;1;1;0;1;;JUNTA COLETOR ESCAPE;JUNTA COLETOR ESCAPE;0;;
9;1285;71-33027-00;1285;713302700;CATEGORIA0;;1;1;0;1;;JUNTA COLETOR;JUNTA COLETOR;0;;
9;1285;71-33109-00;1285;713310900;CATEGORIA0;;1;1;0;1;;JUNTA COL. ADMISSAO;JUNTA COL. ADMISSAO;0;;
9;1285;71-33109-10;1285;713310910;CATEGORIA0;;1;1;0;1;;JUNTA COL. ADMISSAO;JUNTA COL. ADMISSAO;0;;
9;1285;71-33138-00;1285;713313800;CATEGORIA0;;1;1;0;1;;JUNTA CARTER VICTOR REINZ;JUNTA CARTER VICTOR REINZ;0;;
9;1285;71-33139-00;1285;713313900;CATEGORIA0;;1;1;0;1;;JUNTA CARTER;JUNTA CARTER;0;;
9;1285;71-33157-00;1285;713315700;CATEGORIA0;;1;1;0;1;;JUNTA COLETOR ADMISSÃO;JUNTA COLETOR ADMISSÃO;0;;
9;1285;71-33366-00;1285;713336600;CATEGORIA0;;1;1;0;1;;JUNTA T.VALV;JUNTA T.VALV;0;;
9;1285;71-33367-00;1285;713336700;CATEGORIA0;;1;1;0;1;;JUNTA T/ VALVULAS;JUNTA T/ VALVULAS;0;;
9;1285;71-33371-00;1285;713337100;CATEGORIA0;;1;1;0;1;;JUNTA T.VALV;JUNTA T.VALV;0;;
9;1285;71-33408-00;1285;713340800;CATEGORIA0;;1;1;0;1;;JUNTA CARTER VICTOR REINZ;JUNTA CARTER VICTOR REINZ;0;;
9;1285;71-33409-00;1285;713340900;CATEGORIA0;;1;1;0;1;;JUNTA CARTER;JUNTA CARTER;0;;
9;1285;71-33491-00;1285;713349100;CATEGORIA0;;1;1;0;1;;JUNTA CARTER;JUNTA CARTER;0;;
9;1285;71-33492-00;1285;713349200;CATEGORIA0;;1;1;0;1;;JUNTA DIST. OPEL V. REINZ;JUNTA DIST. OPEL V. REINZ;0;;
9;1285;71-33507-00;1285;713350700;CATEGORIA0;;1;1;0;1;;JUNTA T.VAL.;JUNTA T.VAL.;0;;
9;1285;71-33508-00;1285;713350800;CATEGORIA0;;1;1;0;1;;JUNTA TAMPA DE VALVULAS;JUNTA TAMPA DE VALVULAS;0;;
9;1285;71-33509-00;1285;713350900;CATEGORIA0;;1;1;0;1;;JUNTA COLECTOR ESCAPE;JUNTA COLECTOR ESCAPE;0;;
9;1285;71-33609-00;1285;713360900;CATEGORIA0;;1;1;0;1;;JUNTA COLECTOR;JUNTA COLECTOR;0;;
9;1285;71-33621-00;1285;713362100;CATEGORIA0;;1;1;0;1;;JUNTA COLECTOR ADMISSÃO;JUNTA COLECTOR ADMISSÃO;0;;
9;1285;71-33642-00;1285;713364200;CATEGORIA0;;1;1;0;1;;JUNTA CARTER;JUNTA CARTER;0;;
9;1285;71-33643-00;1285;713364300;CATEGORIA0;;1;1;0;1;;JUNTA T/ VALVULAS;JUNTA T/ VALVULAS;0;;
9;1285;71-33654-00;1285;713365400;CATEGORIA0;;1;1;0;1;;JUNTA COLECTOR;JUNTA COLECTOR;0;;
9;1285;71-33661-00;1285;713366100;CATEGORIA0;;1;1;0;1;;JUNTA T. VALVULAS;JUNTA T. VALVULAS;0;;
9;1285;71-33664-00;1285;713366400;CATEGORIA0;;1;1;0;1;;JUNTA T.VAL.;JUNTA T.VAL.;0;;
9;1285;71-33671-00;1285;713367100;CATEGORIA0;;1;1;0;1;;JUNTA COLETOR ADMISSÃO;JUNTA COLETOR ADMISSÃO;0;;
9;1285;71-33674-00;1285;713367400;CATEGORIA0;;1;1;0;1;;JUNTA CARTER;JUNTA CARTER;0;;
9;1285;71-33683-00;1285;713368300;CATEGORIA0;;1;1;0;1;;JUNTA COL. ADM. / ESC.;JUNTA COL. ADM. / ESC.;0;;
9;1285;71-33684-00;1285;713368400;CATEGORIA0;;1;1;0;1;;JUNTA COLECTOR;JUNTA COLECTOR;0;;
9;1285;71-33696-00;1285;713369600;CATEGORIA0;;1;1;0;1;;JUNTA CARTER VICTOR REINZ;JUNTA CARTER VICTOR REINZ;0;;
9;1285;71-33697-00;1285;713369700;CATEGORIA0;;1;1;0;1;;JUNTA CARTER;JUNTA CARTER;0;;
9;1285;71-33758-00;1285;713375800;CATEGORIA0;;1;1;0;1;;JUNTA TAMPA VALVULAS;JUNTA TAMPA VALVULAS;0;;
9;1285;71-33846-00;1285;713384600;CATEGORIA0;;1;1;0;1;;JUNTA T. VAL.;JUNTA T. VAL.;0;;
9;1285;71-33847-00;1285;713384700;CATEGORIA0;;1;1;0;1;;JUNTA CARTER;JUNTA CARTER;0;;
9;1285;71-33851-00;1285;713385100;CATEGORIA0;;1;1;0;1;;JUNTA T.VAL.;JUNTA T.VAL.;0;;
9;1285;71-33878-00;1285;713387800;CATEGORIA0;;1;1;0;1;;JUNTA COLECTOR;JUNTA COLECTOR;0;;
9;1285;71-33893-00;1285;713389300;CATEGORIA0;;1;1;0;1;;JUNTA COLECTOR ESCAPE;JUNTA COLECTOR ESCAPE;0;;
9;1285;71-33894-00;1285;713389400;CATEGORIA0;;1;1;0;1;;JUNTA COL. ESCAPE;JUNTA COL. ESCAPE;0;;
9;1285;71-33896-00;1285;713389600;CATEGORIA0;;1;1;0;1;;JUNTA T/ VALVULAS;JUNTA T/ VALVULAS;0;;
9;1285;71-33951-00;1285;713395100;CATEGORIA0;;1;1;0;1;;JUNTA T. VALVULAS;JUNTA T. VALVULAS;0;;
9;1285;71-33951-10;1285;713395110;CATEGORIA0;;1;1;0;1;;JUNTA T. VALVULAS;JUNTA T. VALVULAS;0;;
9;1285;71-33956-00;1285;713395600;CATEGORIA0;;1;1;0;1;;JUNTA T.VAL.;JUNTA T.VAL.;0;;
9;1285;71-33971-00;1285;713397100;CATEGORIA0;;1;1;0;1;;JUNTA T.VAL.;JUNTA T.VAL.;0;;
9;1285;71-34012-00;1285;713401200;CATEGORIA0;;1;1;0;1;;JUNTA COLECTOR;JUNTA COLECTOR;0;;
9;1285;71-34037-00;1285;713403700;CATEGORIA0;;1;1;0;1;;JUNTA CARTER METAL.;JUNTA CARTER METAL.;0;;
9;1285;71-34038-00;1285;713403800;CATEGORIA0;;1;1;0;1;;JUNTA CARTER;JUNTA CARTER;0;;
9;1285;71-34056-00;1285;713405600;CATEGORIA0;;1;1;0;1;;JUNTA CARTER;JUNTA CARTER;0;;
9;1285;71-34066-00;1285;713406600;CATEGORIA0;;1;1;0;1;;JUNTA T.VAL.;JUNTA T.VAL.;0;;
9;1285;71-34112-00;1285;713411200;CATEGORIA0;;1;1;0;1;;JUNTA T/ VALVULAS;JUNTA T/ VALVULAS;0;;
9;1285;71-34164-00;1285;713416400;CATEGORIA0;;1;1;0;1;;JUNTA CARTER;JUNTA CARTER;0;;
9;1285;71-34166-00;1285;713416600;CATEGORIA0;;1;1;0;1;;JUNTA CARTER;JUNTA CARTER;0;;
9;1285;71-34167-00;1285;713416700;CATEGORIA0;;1;1;0;1;;JUNTA T. VALVULAS;JUNTA T. VALVULAS;0;;
9;1285;71-34206-00;1285;713420600;CATEGORIA0;;1;1;0;1;;JUNTA COL. ESCAPE V. REINZ;JUNTA COL. ESCAPE V. REINZ;0;;
9;1285;71-34217-00;1285;713421700;CATEGORIA0;;1;1;0;1;;JUNTA COLECTOR;JUNTA COLECTOR;0;;
9;1285;71-34218-00;1285;713421800;CATEGORIA0;;1;1;0;1;;JUNTA COL. ESCAPE VICTOR REINZ;JUNTA COL. ESCAPE VICTOR REINZ;0;;
9;1285;71-34221-00;1285;713422100;CATEGORIA0;;1;1;0;1;;JUNTA COLECTOR DE ADMISSÃO;JUNTA COLECTOR DE ADMISSÃO;0;;
9;1285;71-34222-00;1285;713422200;CATEGORIA0;;1;1;0;1;;JUNTA COLECTOR;JUNTA COLECTOR;0;;
9;1285;71-34241-00;1285;713424100;CATEGORIA0;;1;1;0;1;;JUNTA COLECTOR;JUNTA COLECTOR;0;;
9;1285;71-34249-00;1285;713424900;CATEGORIA0;;1;1;0;1;;JUNTA COL. ADMISSAO;JUNTA COL. ADMISSAO;0;;
9;1285;71-34251-00;1285;713425100;CATEGORIA0;;1;1;0;1;;JUNTA COL. ESCAPE VICTOR REINZ;JUNTA COL. ESCAPE VICTOR REINZ;0;;
9;1285;71-34266-00;1285;713426600;CATEGORIA0;;1;1;0;1;;JUNTA T.VAL.;JUNTA T.VAL.;0;;
9;1285;71-34277-00;1285;713427700;CATEGORIA0;;1;1;0;1;;JUNTA T. VALVULAS;JUNTA T. VALVULAS;0;;
9;1285;71-34286-00;1285;713428600;CATEGORIA0;;1;1;0;1;;JUNTA COL. ADM. V. REINZ;JUNTA COL. ADM. V. REINZ;0;;
9;1285;71-34288-00;1285;713428800;CATEGORIA0;;1;1;0;1;;JUNTA T. VALVULAS;JUNTA T. VALVULAS;0;;
9;1285;71-34323-00;1285;713432300;CATEGORIA0;;1;1;0;1;;JUNTA COLECTOR;JUNTA COLECTOR;0;;
9;1285;71-34327-00;1285;713432700;CATEGORIA0;;1;1;0;1;;JUNTA CARTER (+);JUNTA CARTER (+);0;;
9;1285;71-34353-00;1285;713435300;CATEGORIA0;;1;1;0;1;;JUNTA T. VALVULAS;JUNTA T. VALVULAS;0;;
9;1285;71-34356-00;1285;713435600;CATEGORIA0;;1;1;0;1;;JUNTA T. VALVULAS;JUNTA T. VALVULAS;0;;
9;1285;71-34359-00;1285;713435900;CATEGORIA0;;1;1;0;1;;JUNTA CARTER;JUNTA CARTER;0;;
9;1285;71-34361-00;1285;713436100;CATEGORIA0;;1;1;0;1;;JUNTA COLECTOR;JUNTA COLECTOR;0;;
9;1285;71-34398-00;1285;713439800;CATEGORIA0;;1;1;0;1;;JUNTA T. VALVULAS;JUNTA T. VALVULAS;0;;
9;1285;71-34401-00;1285;713440100;CATEGORIA0;;1;1;0;1;;JUNTA COL. ADM.;JUNTA COL. ADM.;0;;
9;1285;71-34402-00;1285;713440200;CATEGORIA0;;1;1;0;1;;JUNTA COLECTOR ESC.;JUNTA COLECTOR ESC.;0;;
9;1285;71-34404-00;1285;713440400;CATEGORIA0;;1;1;0;1;;JUNTA T. VALV.;JUNTA T. VALV.;0;;
9;1285;71-34407-00;1285;713440700;CATEGORIA0;;1;1;0;1;;JUNTA CARTER;JUNTA CARTER;0;;
9;1285;71-34409-00;1285;713440900;CATEGORIA0;;1;1;0;1;;JUNTA T/ VALVULAS;JUNTA T/ VALVULAS;0;;
9;1285;71-34411-00;1285;713441100;CATEGORIA0;;1;1;0;1;;JUNTA COLECTOR ADMISSÃO/ESCAPE;JUNTA COLECTOR ADMISSÃO/ESCAPE;0;;
9;1285;71-34414-00;1285;713441400;CATEGORIA0;;1;1;0;1;;JUNTA CARTER;JUNTA CARTER;0;;
9;1285;71-34418-00;1285;713441800;CATEGORIA0;;1;1;0;1;;JUNTA COLECTOR;JUNTA COLECTOR;0;;
9;1285;71-34419-00;1285;713441900;CATEGORIA0;;1;1;0;1;;JUNTA T.VAL.;JUNTA T.VAL.;0;;
9;1285;71-34453-00;1285;713445300;CATEGORIA0;;1;1;0;1;;JUNTA T.VAL.;JUNTA T.VAL.;0;;
9;1285;71-34459-00;1285;713445900;CATEGORIA0;;1;1;0;1;;JUNTA T/VALVULAS;JUNTA T/VALVULAS;0;;
9;1285;71-34473-00;1285;713447300;CATEGORIA0;;1;1;0;1;;JUNTA, COLECTOR DE ADMISSÃO;JUNTA, COLECTOR DE ADMISSÃO;0;;
9;1285;71-34818-00;1285;713481800;CATEGORIA0;;1;1;0;1;;JUNTA TAMPA DE VALVULAS;JUNTA TAMPA DE VALVULAS;0;;
9;1285;71-34837-00;1285;713483700;CATEGORIA0;;1;1;0;1;;JUNTA T. VAL.;JUNTA T. VAL.;0;;
9;1285;71-34841-00;1285;713484100;CATEGORIA0;;1;1;0;1;;JUNTA COL. ADMISSAO;JUNTA COL. ADMISSAO;0;;
9;1285;71-34904-00;1285;713490400;CATEGORIA0;;1;1;0;1;;JUNTA CARTER;JUNTA CARTER;0;;
9;1285;71-34933-00;1285;713493300;CATEGORIA0;;1;1;0;1;;JUNTA COLETOR;JUNTA COLETOR;0;;
9;1285;71-34997-00;1285;713499700;CATEGORIA0;;1;1;0;1;;JUNTA COLECTOR ADMISSÃO;JUNTA COLECTOR ADMISSÃO;0;;
9;1285;71-34998-00;1285;713499800;CATEGORIA0;;1;1;0;1;;JUNTA COLECTOR ADMISSÃO;JUNTA COLECTOR ADMISSÃO;0;;
9;1285;71-35007-00;1285;713500700;CATEGORIA0;;1;1;0;1;;JUNTA T.VAL.;JUNTA T.VAL.;0;;
9;1285;71-35009-00;1285;713500900;CATEGORIA0;;1;1;0;1;;JUNTA COLETOR ESCAPE;JUNTA COLETOR ESCAPE;0;;
9;1285;71-35062-10;1285;713506210;CATEGORIA0;;1;1;0;1;;JUNTA CARTER;JUNTA CARTER;0;;
9;1285;71-35063-10;1285;713506310;CATEGORIA0;;1;1;0;1;;JUNTA CARTER INF.;JUNTA CARTER INF.;0;;
9;1285;71-35067-00;1285;713506700;CATEGORIA0;;1;1;0;1;;JUNTA COL. ESCAPE;JUNTA COL. ESCAPE;0;;
9;1285;71-35068-00;1285;713506800;CATEGORIA0;;1;1;0;1;;JUNTA COLECTOR ESC.;JUNTA COLECTOR ESC.;0;;
9;1285;71-35115-00;1285;713511500;CATEGORIA0;;1;1;0;1;;JUNTA T.VAL.;JUNTA T.VAL.;0;;
9;1285;71-35176-00;1285;713517600;CATEGORIA0;;1;1;0;1;;JUNTA T.VAL.;JUNTA T.VAL.;0;;
9;1285;71-35251-00;1285;713525100;CATEGORIA0;;1;1;0;1;;JUNTA T.VAL.;JUNTA T.VAL.;0;;
9;1285;71-35253-00;1285;713525300;CATEGORIA0;;1;1;0;1;;JUNTA CARTER;JUNTA CARTER;0;;
9;1285;71-35300-00;1285;713530000;CATEGORIA0;;1;1;0;1;;JUNTA COLETOR ESCAPE;JUNTA COLETOR ESCAPE;0;;
9;1285;71-35305-00;1285;713530500;CATEGORIA0;;1;1;0;1;;JUNTA COL. ESCAPE;JUNTA COL. ESCAPE;0;;
9;1285;71-35319-00;1285;713531900;CATEGORIA0;;1;1;0;1;;JUNTA COLECTOR;JUNTA COLECTOR;0;;
9;1285;71-35377-00;1285;713537700;CATEGORIA0;;1;1;0;1;;JUNTA COLECTOR;JUNTA COLECTOR;0;;
9;1285;71-35387-00;1285;713538700;CATEGORIA0;;1;1;0;1;;JUNTA COL. ADMISSAO;JUNTA COL. ADMISSAO;0;;
9;1285;71-35424-00;1285;713542400;CATEGORIA0;;1;1;0;1;;JUNTA T/ VALVULAS;JUNTA T/ VALVULAS;0;;
9;1285;71-35486-00;1285;713548600;CATEGORIA0;;1;1;0;1;;JUNTA COLECTOR ESC.;JUNTA COLECTOR ESC.;0;;
9;1285;71-35487-00;1285;713548700;CATEGORIA0;;1;1;0;1;;JUNTA COLECTOR ESC.;JUNTA COLECTOR ESC.;0;;
9;1285;71-35492-00;1285;713549200;CATEGORIA0;;1;1;0;1;;JUNTA COL. ADM./ESC.;JUNTA COL. ADM./ESC.;0;;
9;1285;71-35495-00;1285;713549500;CATEGORIA0;;1;1;0;1;;JUNTA CARTER ÓLEO;JUNTA CARTER ÓLEO;0;;
9;1285;71-35496-00;1285;713549600;CATEGORIA0;;1;1;0;1;;JUNTA T/ VALVULAS;JUNTA T/ VALVULAS;0;;
9;1285;71-35509-00;1285;713550900;CATEGORIA0;;1;1;0;1;;JUNTA COLECTOR ESCAPE;JUNTA COLECTOR ESCAPE;0;;
9;1285;71-35511-00;1285;713551100;CATEGORIA0;;1;1;0;1;;JUNTA T/ VALVULAS;JUNTA T/ VALVULAS;0;;
9;1285;71-35518-00;1285;713551800;CATEGORIA0;;1;1;0;1;;JUNTA T/ VALVULAS;JUNTA T/ VALVULAS;0;;
9;1285;71-35539-00;1285;713553900;CATEGORIA0;;1;1;0;1;;JUNTA COL. ADMISSÃO;JUNTA COL. ADMISSÃO;0;;
9;1285;71-35542-00;1285;713554200;CATEGORIA0;;1;1;0;1;;JUNTA T. VALVULAS;JUNTA T. VALVULAS;0;;
9;1285;71-35562-00;1285;713556200;CATEGORIA0;;1;1;0;1;;JUNTA ADMISSAO;JUNTA ADMISSAO;0;;
9;1285;71-35607-00;1285;713560700;CATEGORIA0;;1;1;0;1;;JUNTA T/ VALVULAS;JUNTA T/ VALVULAS;0;;
9;1285;71-35617-00;1285;713561700;CATEGORIA0;;1;1;0;1;;JUNTA COLECTOR ESCAPE;JUNTA COLECTOR ESCAPE;0;;
9;1285;71-35621-10;1285;713562110;CATEGORIA0;;1;1;0;1;;JUNTA T/ VALVULAS;JUNTA T/ VALVULAS;0;;
9;1285;71-35622-00;1285;713562200;CATEGORIA0;;1;1;0;1;;JUNTA T. VALVULAS;JUNTA T. VALVULAS;0;;
9;1285;71-35637-00;1285;713563700;CATEGORIA0;;1;1;0;1;;JUNTA COL. ESCAPE;JUNTA COL. ESCAPE;0;;
9;1285;71-35638-10;1285;713563810;CATEGORIA0;;1;1;0;1;;JUNTA T.VAL.;JUNTA T.VAL.;0;;
9;1285;71-35639-00;1285;713563900;CATEGORIA0;;1;1;0;1;;JUNTA COLETOR ADMISSÃO;JUNTA COLETOR ADMISSÃO;0;;
9;1285;71-35643-00;1285;713564300;CATEGORIA0;;1;1;0;1;;JUNTA COL. ESCAPE;JUNTA COL. ESCAPE;0;;
9;1285;71-35644-00;1285;713564400;CATEGORIA0;;1;1;0;1;;JUNTA T/ VALVULAS;JUNTA T/ VALVULAS;0;;
9;1285;71-35646-00;1285;713564600;CATEGORIA0;;1;1;0;1;;JUNTA COLETOR ESC/ADM;JUNTA COLETOR ESC/ADM;0;;
9;1285;71-35658-00;1285;713565800;CATEGORIA0;;1;1;0;1;;JUNTA COL. ESCAPE;JUNTA COL. ESCAPE;0;;
9;1285;71-35662-00;1285;713566200;CATEGORIA0;;1;1;0;1;;JUNTA COLECTOR;JUNTA COLECTOR;0;;
9;1285;71-35679-00;1285;713567900;CATEGORIA0;;1;1;0;1;;JUNTA T. VALVULAS;JUNTA T. VALVULAS;0;;
9;1285;71-35681-00;1285;713568100;CATEGORIA0;;1;1;0;1;;JUNTA COLECTOR ADMISSÃO;JUNTA COLECTOR ADMISSÃO;0;;
9;1285;71-35682-00;1285;713568200;CATEGORIA0;;1;1;0;1;;JUNTA COLECTOR ADMISSÃO;JUNTA COLECTOR ADMISSÃO;0;;
9;1285;71-35702-00;1285;713570200;CATEGORIA0;;1;1;0;1;;JUNTA COLECTOR;JUNTA COLECTOR;0;;
9;1285;71-35807-10;1285;713580710;CATEGORIA0;;1;1;0;1;;JUNTA T/ VALVULAS;JUNTA T/ VALVULAS;0;;
9;1285;71-35871-00;1285;713587100;CATEGORIA0;;1;1;0;1;;JUNTA T. VALVULAS;JUNTA T. VALVULAS;0;;
9;1285;71-35872-00;1285;713587200;CATEGORIA0;;1;1;0;1;;JUNTA CARTER;JUNTA CARTER;0;;
9;1285;71-35884-00;1285;713588400;CATEGORIA0;;1;1;0;1;;JUNTA T. VALVULAS;JUNTA T. VALVULAS;0;;
9;1285;71-35886-00;1285;713588600;CATEGORIA0;;1;1;0;1;;JUNTA CARTER;JUNTA CARTER;0;;
9;1285;71-35888-00;1285;713588800;CATEGORIA0;;1;1;0;1;;JUNTA T. VALVULAS;JUNTA T. VALVULAS;0;;
9;1285;71-36041-00;1285;713604100;CATEGORIA0;;1;1;0;1;;JUNTA T.VAL.;JUNTA T.VAL.;0;;
9;1285;71-36048-00;1285;713604800;CATEGORIA0;;1;1;0;1;;JUNTA T/ VALVULAS;JUNTA T/ VALVULAS;0;;
9;1285;71-36069-00;1285;713606900;CATEGORIA0;;1;1;0;1;;JUNTA COL. ADMISSAO;JUNTA COL. ADMISSAO;0;;
9;1285;71-36081-00;1285;713608100;CATEGORIA0;;1;1;0;1;;JUNTA T. VALVULAS;JUNTA T. VALVULAS;0;;
9;1285;71-36102-00;1285;713610200;CATEGORIA0;;1;1;0;1;;JUNTA COLECTOR ESCAPE;JUNTA COLECTOR ESCAPE;0;;
9;1285;71-36117-00;1285;713611700;CATEGORIA0;;1;1;0;1;;JUNTA COLECTOR ESCAPE;JUNTA COLECTOR ESCAPE;0;;
9;1285;71-36121-00;1285;713612100;CATEGORIA0;;1;1;0;1;;JUNTA;JUNTA;0;;
9;1285;71-36209-00;1285;713620900;CATEGORIA0;;1;1;0;1;;JUNTA COL. ADMISSAO;JUNTA COL. ADMISSAO;0;;
9;1285;71-36259-00;1285;713625900;CATEGORIA0;;1;1;0;1;;JUNTA T/ VALVULAS;JUNTA T/ VALVULAS;0;;
9;1285;71-36262-00;1285;713626200;CATEGORIA0;;1;1;0;1;;JUNTA T. VALVULAS;JUNTA T. VALVULAS;0;;
9;1285;71-36303-00;1285;VR713630300;CATEGORIA0;;1;1;0;1;;JUNTA COLECTOR ESCAPE;JUNTA COLECTOR ESCAPE;0;;
9;1285;71-36304-00;1285;713630400;CATEGORIA0;;1;1;0;1;;JUNTA COLECTOR ESCAPE;JUNTA COLECTOR ESCAPE;0;;
9;1285;71-36307-00;1285;713630700;CATEGORIA0;;1;1;0;1;;JUNTA COLECTOR;JUNTA COLECTOR;0;;
9;1285;71-36322-00;1285;713632200;CATEGORIA0;;1;1;0;1;;JUNTA COLECTOR ESCAPE;JUNTA COLECTOR ESCAPE;0;;
9;1285;71-36393-00;1285;713639300;CATEGORIA0;;1;1;0;1;;JUNTA T/ VALVULAS;JUNTA T/ VALVULAS;0;;
9;1285;71-36442-00;1285;713644200;CATEGORIA0;;1;1;0;1;;JUNTA T. VAL;JUNTA T. VAL;0;;
9;1285;71-36503-00;1285;713650300;CATEGORIA0;;1;1;0;1;;JUNTA COLECTOR ADMISSÃO;JUNTA COLECTOR ADMISSÃO;0;;
9;1285;71-36567-00;1285;713656700;CATEGORIA0;;1;1;0;1;;JUNTA T. VALVULAS;JUNTA T. VALVULAS;0;;
9;1285;71-36606-00;1285;713660600;CATEGORIA0;;1;1;0;1;;JUNTA COLECTOR;JUNTA COLECTOR;0;;
9;1285;71-36674-00;1285;71-36674-00;CATEGORIA0;;1;1;0;1;;JUNTA CARTER;JUNTA CARTER;0;;
9;1285;71-36742-00;1285;713674200;CATEGORIA0;;1;1;0;1;;JUNTAR CARTER;JUNTAR CARTER;0;;
9;1285;71-36772-00;1285;713677200;CATEGORIA0;;1;1;0;1;;JUNTA DISTRIBUIÇÃO;JUNTA DISTRIBUIÇÃO;0;;
9;1285;71-36774-00;1285;713677400;CATEGORIA0;;1;1;0;1;;JUNTA T/ VALVULA;JUNTA T/ VALVULA;0;;
9;1285;71-36878-00;1285;713687800;CATEGORIA0;;1;1;0;1;;JUNTA T/ VALVULAS;JUNTA T/ VALVULAS;0;;
9;1285;71-36936-00;1285;71393600;CATEGORIA0;;1;1;0;1;;JUNTA COLECTOR ADMISSAO;JUNTA COLECTOR ADMISSAO;0;;
9;1285;71-36953-00;1285;713695300;CATEGORIA0;;1;1;0;1;;JUNTA T.VAL.;JUNTA T.VAL.;0;;
9;1285;71-36954-00;1285;713695400;CATEGORIA0;;1;1;0;1;;JUNTA T.VAL.;JUNTA T.VAL.;0;;
9;1285;71-36972-00;1285;713697200;CATEGORIA0;;1;1;0;1;;JUNTA T.VAL.;JUNTA T.VAL.;0;;
9;1285;71-37004-00;1285;713700400;CATEGORIA0;;1;1;0;1;;JUNTA CARTER INF.;JUNTA CARTER INF.;0;;
9;1285;71-37064-00;1285;713706400;CATEGORIA0;;1;1;0;1;;JUNTA COLECTOR ESCAPE;JUNTA COLECTOR ESCAPE;0;;
9;1285;71-37131-00;1285;713713100;CATEGORIA0;;1;1;0;1;;JUNTA COLECTOR ADMISSAO;JUNTA COLECTOR ADMISSAO;0;;
9;1285;71-37214-00;1285;713721400;CATEGORIA0;;1;1;0;1;;JUNTA COLETOR ESCAPE;JUNTA COLETOR ESCAPE;0;;
9;1285;71-37214-10;1285;713721410;CATEGORIA0;;1;1;0;1;;JUNTA COL. ESCAPE;JUNTA COL. ESCAPE;0;;
9;1285;71-37313-00;1285;713731300;CATEGORIA0;;1;1;0;1;;JUNTA T.VAL.;JUNTA T.VAL.;0;;
9;1285;71-37402-00;1285;713740200;CATEGORIA0;;1;1;0;1;;JUNTA T.VAL.;JUNTA T.VAL.;0;;
9;1285;71-37408-00;1285;713740800;CATEGORIA0;;1;1;0;1;;JUNTA CARTER;JUNTA CARTER;0;;
9;1285;71-37422-00;1285;713742200;CATEGORIA0;;1;1;0;1;;JUNTA COLECTOR;JUNTA COLECTOR;0;;
9;1285;71-37453-00;1285;713745300;CATEGORIA0;;1;1;0;1;;JUNTA T.VAL.;JUNTA T.VAL.;0;;
9;1285;71-37456-00;1285;713745600;CATEGORIA0;;1;1;0;1;;JUNTA COLECTOR ESCAPE;JUNTA COLECTOR ESCAPE;0;;
9;1285;71-37532-00;1285;713753200;CATEGORIA0;;1;1;0;1;;JUNTA COLETOR ESCAPE;JUNTA COLETOR ESCAPE;0;;
9;1285;71-37533-00;1285;713753300;CATEGORIA0;;1;1;0;1;;JUNTA COLETOR ESCAPE;JUNTA COLETOR ESCAPE;0;;
9;1285;71-37549-00;1285;713754900;CATEGORIA0;;1;1;0;1;;JUNTA T/ VALVULAS;JUNTA T/ VALVULAS;0;;
9;1285;71-37551-00;1285;713755100;CATEGORIA0;;1;1;0;1;;JUNTA T.VAL.;JUNTA T.VAL.;0;;
9;1285;71-37573-00;1285;713757300;CATEGORIA0;;1;1;0;1;;JUNTA T.VAL.;JUNTA T.VAL.;0;;
9;1285;71-37574-00;1285;713757400;CATEGORIA0;;1;1;0;1;;JUNTA T/ VALVULAS;JUNTA T/ VALVULAS;0;;
9;1285;71-37594-00;1285;713759400;CATEGORIA0;;1;1;0;1;;JUNTA T/ VALVULAS;JUNTA T/ VALVULAS;0;;
9;1285;71-37871-00;1285;713787100;CATEGORIA0;;1;1;0;1;;JUNTA COLECTOR ESCAPE;JUNTA COLECTOR ESCAPE;0;;
9;1285;71-37912-00;1285;713791200;CATEGORIA0;;1;1;0;1;;JUNTA T.VALVULAS;JUNTA T.VALVULAS;0;;
9;1285;71-37913-00;1285;713791300;CATEGORIA0;;1;1;0;1;;JUNTA;JUNTA;0;;
9;1285;71-38086-00;1285;713808600;CATEGORIA0;;1;1;0;1;;JUNTA T/ VALVULAS;JUNTA T/ VALVULAS;0;;
9;1285;71-38168-00;1285;713816800;CATEGORIA0;;1;1;0;1;;JUNTA T. VALVULAS;JUNTA T. VALVULAS;0;;
9;1285;71-38204-00;1285;713820400;CATEGORIA0;;1;1;0;1;;JUNTA T. VALVULAS;JUNTA T. VALVULAS;0;;
9;1285;71-38228-00;1285;713822800;CATEGORIA0;;1;1;0;1;;JUNTA C.ADM;JUNTA C.ADM;0;;
9;1285;71-38313-00;1285;713831300;CATEGORIA0;;1;1;0;1;;JUNTA T.VAL.;JUNTA T.VAL.;0;;
9;1285;71-38349-00;1285;713834900;CATEGORIA0;;1;1;0;1;;JUNTA COLECTOR ADMISSAO;JUNTA COLECTOR ADMISSAO;0;;
9;1285;71-38362-00;1285;713836200;CATEGORIA0;;1;1;0;1;;JUNTA DO COLECTOR DE ESCAPE;JUNTA DO COLECTOR DE ESCAPE;0;;
9;1285;71-38428-00;1285;713842800;CATEGORIA0;;1;1;0;1;;JUNTA C/ ESCAPE;JUNTA C/ ESCAPE;0;;
9;1285;71-38429-00;1285;713842900;CATEGORIA0;;1;1;0;1;;JUNTA DO COLECTOR DE ESCAPE;JUNTA DO COLECTOR DE ESCAPE;0;;
9;1285;71-38449-00;1285;713844900;CATEGORIA0;;1;1;0;1;;JUNTA T.VAL.;JUNTA T.VAL.;0;;
9;1285;71-38504-00;1285;713850400;CATEGORIA0;;1;1;0;1;;JUNTA T/ VALVULAS;JUNTA T/ VALVULAS;0;;
9;1285;71-38517-00;1285;713851700;CATEGORIA0;;1;1;0;1;;JUNTA CARTER RENAULT;JUNTA CARTER RENAULT;0;;
9;1285;71-39021-00;1285;713902100;CATEGORIA0;;1;1;0;1;;JUNTA T. VALV.;JUNTA T. VALV.;0;;
9;1285;71-39031-00;1285;713903100;CATEGORIA0;;1;1;0;1;;JUNTA CARTER;JUNTA CARTER;0;;
9;1285;71-39037-00;1285;713903700;CATEGORIA0;;1;1;0;1;;JUNTA, COLECTOR DE ESCAPE;JUNTA, COLECTOR DE ESCAPE;0;;
9;1285;71-39298-00;1285;713929800;CATEGORIA0;;1;1;0;1;;JUNTA CARTER;JUNTA CARTER;0;;
9;1285;71-39301-00;1285;713930100;CATEGORIA0;;1;1;0;1;;JUNTA T. VALVULAS;JUNTA T. VALVULAS;0;;
9;1285;71-39352-00;1285;713935200;CATEGORIA0;;1;1;0;1;;JUNTA COLECTOR ESCAPE;JUNTA COLECTOR ESCAPE;0;;
9;1285;71-39354-00;1285;713935400;CATEGORIA0;;1;1;0;1;;JUNTA T.VALVULAS;JUNTA T.VALVULAS;0;;
9;1285;71-39372-00;1285;713937200;CATEGORIA0;;1;1;0;1;;JUNTA T.VAL.;JUNTA T.VAL.;0;;
9;1285;71-39376-00;1285;713937600;CATEGORIA0;;1;1;0;1;;JUNTA T.VALVULAS;JUNTA T.VALVULAS;0;;
9;1285;71-39378-00;1285;713937800;CATEGORIA0;;1;1;0;1;;JUNTA COL. ADMISSAO;JUNTA COL. ADMISSAO;0;;
9;1285;71-39388-00;1285;713938800;CATEGORIA0;;1;1;0;1;;JUNTA COLECTOR ESCAPE;JUNTA COLECTOR ESCAPE;0;;
9;1285;71-39421-00;1285;713942100;CATEGORIA0;;1;1;0;1;;JUNTA COLECTOR ESCAPE;JUNTA COLECTOR ESCAPE;0;;
9;1285;71-39421-10;1285;713942110;CATEGORIA0;;1;1;0;1;;JUNTA COLECTOR ESCAPE;JUNTA COLECTOR ESCAPE;0;;
9;1285;71-39439-00;1285;713943900;CATEGORIA0;;1;1;0;1;;JUNTA T.VALVULAS;JUNTA T.VALVULAS;0;;
9;1285;71-39444-00;1285;713944400;CATEGORIA0;;1;1;0;1;;JUNTA;JUNTA;0;;
9;1285;71-39447-00;1285;713944700;CATEGORIA0;;1;1;0;1;;JUNTA DISTRIBUIÇÃO;JUNTA DISTRIBUIÇÃO;0;;
9;1285;71-39472-00;1285;713947200;CATEGORIA0;;1;1;0;1;;JUNTA CARTER;JUNTA CARTER;0;;
9;1285;71-39538-00;1285;713953800;CATEGORIA0;;1;1;0;1;;JUNTA C.ADM;JUNTA C.ADM;0;;
9;1285;71-39822-00;1285;713982200;CATEGORIA0;;1;1;0;1;;JUNTA TAMPA DE VALVULAS;JUNTA TAMPA DE VALVULAS;0;;
9;1285;71-40436-00;1285;714043600;CATEGORIA0;;1;1;0;1;;JUNTA COL. ADMISSAO;JUNTA COL. ADMISSAO;0;;
9;1285;71-40437-00;1285;714043700;CATEGORIA0;;1;1;0;1;;JUNTA T.VAL.;JUNTA T.VAL.;0;;
9;1285;71-40438-00;1285;714043800;CATEGORIA0;;1;1;0;1;;JUNTA T.VAL.;JUNTA T.VAL.;0;;
9;1285;71-40451-00;1285;714045100;CATEGORIA0;;1;1;0;1;;JUNTA COLECTOR ESCAPE;JUNTA COLECTOR ESCAPE;0;;
9;1285;71-40486-00;1285;714048600;CATEGORIA0;;1;1;0;1;;JUNTA T.VAL.;JUNTA T.VAL.;0;;
9;1285;71-40507-00;1285;714050700;CATEGORIA0;;1;1;0;1;;JUNTA T.VAL.;JUNTA T.VAL.;0;;
9;1285;71-40508-00;1285;714050800;CATEGORIA0;;1;1;0;1;;JUNTA T.VAL.;JUNTA T.VAL.;0;;
9;1285;71-40512-00;1285;714051200;CATEGORIA0;;1;1;0;1;;JUNTA COLETOR DE ADMISSÃO;JUNTA COLETOR DE ADMISSÃO;0;;
9;1285;71-40514-00;1285;714051400;CATEGORIA0;;1;1;0;1;;JUNTA DO COLECTOR DE ADMISSÃO;JUNTA DO COLECTOR DE ADMISSÃO;0;;
9;1285;71-40524-00;1285;714052400;CATEGORIA0;;1;1;0;1;;JUNTA DO COLECTOR DE ADMISSÃO;JUNTA DO COLECTOR DE ADMISSÃO;0;;
9;1285;71-40668-00;1285;714066800;CATEGORIA0;;1;1;0;1;;JUNTA CARTER COMANDO;JUNTA CARTER COMANDO;0;;
9;1285;71-40674-00;1285;714067400;CATEGORIA0;;1;1;0;1;;JUNTA TAMPA DE VALVULAS;JUNTA TAMPA DE VALVULAS;0;;
9;1285;71-40761-00;1285;714076100;CATEGORIA0;;1;1;0;1;;JUNTA T/ VALVULAS;JUNTA T/ VALVULAS;0;;
9;1285;71-40854-00;1285;714085400;CATEGORIA0;;1;1;0;1;;JUNTA T.VAL.;JUNTA T.VAL.;0;;
9;1285;71-40859-00;1285;714085900;CATEGORIA0;;1;1;0;1;;JUNTA T.VAL.;JUNTA T.VAL.;0;;
9;1285;71-40903-00;1285;714090300;CATEGORIA0;;1;1;0;1;;JUNTA T.VAL.;JUNTA T.VAL.;0;;
9;1285;71-41213-00;1285;714121300;CATEGORIA0;;1;1;0;1;;JUNTA COLECTOR ESCAPE;JUNTA COLECTOR ESCAPE;0;;
9;1285;71-41294-00;1285;714129400;CATEGORIA0;;1;1;0;1;;JUNTA CARTER;JUNTA CARTER;0;;
9;1285;71-41322-00;1285;714132200;CATEGORIA0;;1;1;0;1;;JUNTA DE COLECTOR ADMISSÃO;JUNTA DE COLECTOR ADMISSÃO;0;;
9;1285;71-42033-00;1285;714203300;CATEGORIA0;;1;1;0;1;;JUNTA T.VAL.;JUNTA T.VAL.;0;;
9;1285;71-42061-00;1285;714206100;CATEGORIA0;;1;1;0;1;;JUNTA T.VALVULAS;JUNTA T.VALVULAS;0;;
9;1285;71-42166-00;1285;714216600;CATEGORIA0;;1;1;0;1;;JUNTA TAMPA DE VÁLVULAS;JUNTA TAMPA DE VÁLVULAS;0;;
9;1285;71-42172-00;1285;714217200;CATEGORIA0;;1;1;0;1;;JUNTA TAMPA VALVULAS;JUNTA TAMPA VALVULAS;0;;
9;1285;71-42374-00;1285;714237400;CATEGORIA0;;1;1;0;1;;JUNTA T/ VALVULAS;JUNTA T/ VALVULAS;0;;
9;1285;71-42576-00;1285;714257600;CATEGORIA0;;1;1;0;1;;JUNTA COL. ESCAPE;JUNTA COL. ESCAPE;0;;
9;1285;71-42786-00;1285;714278600;CATEGORIA0;;1;1;0;1;;JUNTA COLETOR ADMISSAO;JUNTA COLETOR ADMISSAO;0;;
9;1285;71-42816-00;1285;714281600;CATEGORIA0;;1;1;0;1;;JUNTA C/ESC;JUNTA C/ESC;0;;
9;1285;71-50919-10;1285;715091910;CATEGORIA0;;1;1;0;1;;JUNTA T/ VALVULAS;JUNTA T/ VALVULAS;0;;
9;1285;71-51570-20;1285;715157020;CATEGORIA0;;1;1;0;1;;JUNTA T.VAL.;JUNTA T.VAL.;0;;
9;1285;71-52208-00;1285;715220800;CATEGORIA0;;1;1;0;1;;JUNTA CARTER;JUNTA CARTER;0;;
9;1285;71-52272-00;1285;715227200;CATEGORIA0;;1;1;0;1;;JUNTA CARTER;JUNTA CARTER;0;;
9;1285;71-52291-00;1285;715229100;CATEGORIA0;;1;1;0;1;;JUNTA T. VAL.;JUNTA T. VAL.;0;;
9;1285;71-52323-00;1285;715232300;CATEGORIA0;;1;1;0;1;;JUNTA TAMPA DE VALVULAS;JUNTA TAMPA DE VALVULAS;0;;
9;1285;71-52357-00;1285;715235700;CATEGORIA0;;1;1;0;1;;JUNTA T.VAL.;JUNTA T.VAL.;0;;
9;1285;71-52358-00;1285;715235800;CATEGORIA0;;1;1;0;1;;JUNTA COLECTOR;JUNTA COLECTOR;0;;
9;1285;71-52462-00;1285;715246200;CATEGORIA0;;1;1;0;1;;JUNTA CARTER;JUNTA CARTER;0;;
9;1285;71-52483-00;1285;715248300;CATEGORIA0;;1;1;0;1;;JUNTA COLECTOR ESCAPE;JUNTA COLECTOR ESCAPE;0;;
9;1285;71-52489-00;1285;715248900;CATEGORIA0;;1;1;0;1;;JUNTA COLECTOR ADMISSÃO / ESCAPE;JUNTA COLECTOR ADMISSÃO / ESCAPE;0;;
9;1285;71-52504-00;1285;715250400;CATEGORIA0;;1;1;0;1;;JUNTA COL. ESCAPE;JUNTA COL. ESCAPE;0;;
9;1285;71-52542-00;1285;715254200;CATEGORIA0;;1;1;0;1;;JUNTA COLETOR ADMISSÃO;JUNTA COLETOR ADMISSÃO;0;;
9;1285;71-52546-00;1285;715254600;CATEGORIA0;;1;1;0;1;;JUNTA COLECTOR;JUNTA COLECTOR;0;;
9;1285;71-52559-00;1285;715255900;CATEGORIA0;;1;1;0;1;;JUNTA T. VALVULA;JUNTA T. VALVULA;0;;
9;1285;71-52566-00;1285;715256600;CATEGORIA0;;1;1;0;1;;JUNTA T.VALVULAS;JUNTA T.VALVULAS;0;;
9;1285;71-52636-00;1285;715263600;CATEGORIA0;;1;1;0;1;;JUNTA CARTER;JUNTA CARTER;0;;
9;1285;71-52644-00;1285;715264400;CATEGORIA0;;1;1;0;1;;JUNTA T/ VALVULAS;JUNTA T/ VALVULAS;0;;
9;1285;71-52669-00;1285;715266900;CATEGORIA0;;1;1;0;1;;JUNTA DE CARTER DE ÓLEO;JUNTA DE CARTER DE ÓLEO;0;;
9;1285;71-52686-00;1285;715268600;CATEGORIA0;;1;1;0;1;;JUNTA T. VALVULAS;JUNTA T. VALVULAS;0;;
9;1285;71-52697-00;1285;715269700;CATEGORIA0;;1;1;0;1;;JUNTA T/VALVULAS;JUNTA T/VALVULAS;0;;
9;1285;71-52706-00;1285;715270600;CATEGORIA0;;1;1;0;1;;JUNTA T/ VALVULAS;JUNTA T/ VALVULAS;0;;
9;1285;71-52711-00;1285;715271100;CATEGORIA0;;1;1;0;1;;JUNTA CARTER;JUNTA CARTER;0;;
9;1285;71-52717-00;1285;715271700;CATEGORIA0;;1;1;0;1;;JUNTA T. VALVULAS;JUNTA T. VALVULAS;0;;
9;1285;71-52759-10;1285;715275910;CATEGORIA0;;1;1;0;1;;JUNTA T/ VALVULAS;JUNTA T/ VALVULAS;0;;
9;1285;71-52761-00;1285;715276100;CATEGORIA0;;1;1;0;1;;JUNTA COLECTOR ESCAPE;JUNTA COLECTOR ESCAPE;0;;
9;1285;71-52762-00;1285;715276200;CATEGORIA0;;1;1;0;1;;JUNTA T/ VALVULAS;JUNTA T/ VALVULAS;0;;
9;1285;71-52763-00;1285;715276300;CATEGORIA0;;1;1;0;1;;JUNTA T/ VALVULAS;JUNTA T/ VALVULAS;0;;
9;1285;71-52783-00;1285;715278300;CATEGORIA0;;1;1;0;1;;JUNTA COLETOR ADMISSÃO;JUNTA COLETOR ADMISSÃO;0;;
9;1285;71-52886-00;1285;715288600;CATEGORIA0;;1;1;0;1;;JUNTA T.VAL.;JUNTA T.VAL.;0;;
9;1285;71-52887-00;1285;715288700;CATEGORIA0;;1;1;0;1;;JUNTA T.VAL.;JUNTA T.VAL.;0;;
9;1285;71-52903-00;1285;715290300;CATEGORIA0;;1;1;0;1;;JUNTA COLETOR ADMISSÃO;JUNTA COLETOR ADMISSÃO;0;;
9;1285;71-52904-00;1285;715290400;CATEGORIA0;;1;1;0;1;;JUNTA COLECTOR ESCAPE;JUNTA COLECTOR ESCAPE;0;;
9;1285;71-52964-00;1285;715296400;CATEGORIA0;;1;1;0;1;;JUNTA COLECTOR ESCAPE;JUNTA COLECTOR ESCAPE;0;;
9;1285;71-52982-00;1285;715298200;CATEGORIA0;;1;1;0;1;;JUNTA C/ESCAPE;JUNTA C/ESCAPE;0;;
9;1285;71-52994-00;1285;715299400;CATEGORIA0;;1;1;0;1;;JUNTA COLETOR ADMISSAO;JUNTA COLETOR ADMISSAO;0;;
9;1285;71-52996-00;1285;715299600;CATEGORIA0;;1;1;0;1;;JUNTA COLECTOR ESCAPE;JUNTA COLECTOR ESCAPE;0;;
9;1285;71-53002-00;1285;715300200;CATEGORIA0;;1;1;0;1;;JUNTA CARTER;JUNTA CARTER;0;;
9;1285;71-53003-00;1285;715300300;CATEGORIA0;;1;1;0;1;;JUNTA COL. ADM. V. REINZ;JUNTA COL. ADM. V. REINZ;0;;
9;1285;71-53018-00;1285;715301800;CATEGORIA0;;1;1;0;1;;JUNTA COLECTOR ESCAPE;JUNTA COLECTOR ESCAPE;0;;
9;1285;71-53083-00;1285;715308300;CATEGORIA0;;1;1;0;1;;JUNTA T. VAL.;JUNTA T. VAL.;0;;
9;1285;71-53092-00;1285;715309200;CATEGORIA0;;1;1;0;1;;JUNTA COLECTOR ESC/ADM;JUNTA COLECTOR ESC/ADM;0;;
9;1285;71-53137-00;1285;715313700;CATEGORIA0;;1;1;0;1;;JUNTA T.VAL.;JUNTA T.VAL.;0;;
9;1285;71-53143-00;1285;715314300;CATEGORIA0;;1;1;0;1;;JUNTA COLETOR ADMISSÃO;JUNTA COLETOR ADMISSÃO;0;;
9;1285;71-53146-00;1285;715314600;CATEGORIA0;;1;1;0;1;;JUNTA T. VALVULAS;JUNTA T. VALVULAS;0;;
9;1285;71-53197-00;1285;715319700;CATEGORIA0;;1;1;0;1;;JUNTA COLECTOR ADMISSÃO;JUNTA COLECTOR ADMISSÃO;0;;
9;1285;71-53402-00;1285;715340200;CATEGORIA0;;1;1;0;1;;JUNTA COLECTOR;JUNTA COLECTOR;0;;
9;1285;71-53463-00;0001;715346300;CATEGORIA0;;1;1;0;1;;JUNTA C/ADM;JUNTA C/ADM;0;;
9;1285;71-53496-00;1285;715349600;CATEGORIA0;;1;1;0;1;;JUNTA DA TAMPA DE VÁLVULAS;JUNTA DA TAMPA DE VÁLVULAS;0;;
9;1285;71-53501-00;1285;715350100;CATEGORIA0;;1;1;0;1;;JUNTA COLECTOR ADMISSÃO;JUNTA COLECTOR ADMISSÃO;0;;
9;1285;71-53502-00;1285;715350200;CATEGORIA0;;1;1;0;1;;JUNTA COLECTOR ESCAPE;JUNTA COLECTOR ESCAPE;0;;
9;1285;71-53503-00;1285;715350300;CATEGORIA0;;1;1;0;1;;JUNTA T.VAL.;JUNTA T.VAL.;0;;
9;1285;71-53506-00;1285;715350600;CATEGORIA0;;1;1;0;1;;JUNTA COLECTOR ESCAPE;JUNTA COLECTOR ESCAPE;0;;
9;1285;71-53518-00;1285;715351800;CATEGORIA0;;1;1;0;1;;JUNTA COLECTOR;JUNTA COLECTOR;0;;
9;1285;71-53534-00;1285;715353400;CATEGORIA0;;1;1;0;1;;JUNTA COLETOR ADMISSÃO;JUNTA COLETOR ADMISSÃO;0;;
9;1285;71-53538-00;1285;715353800;CATEGORIA0;;1;1;0;1;;JUNTA T/ VALVULAS ***;JUNTA T/ VALVULAS ***;0;;
9;1285;71-53543-00;1285;715354300;CATEGORIA0;;1;1;0;1;;JUNTA COLECTOR ADMISSÃO;JUNTA COLECTOR ADMISSÃO;0;;
9;1285;71-53557-00;1285;715355700;CATEGORIA0;;1;1;0;1;;JUNTA COLECTOR ESCAPE;JUNTA COLECTOR ESCAPE;0;;
9;1285;71-53558-00;1285;715355800;CATEGORIA0;;1;1;0;1;;JUNTA T/ VALVULAS;JUNTA T/ VALVULAS;0;;
9;1285;71-53603-00;1285;715360300;CATEGORIA0;;1;1;0;1;;JUNTA COLECTOR ADMISSÃO;JUNTA COLECTOR ADMISSÃO;0;;
9;1285;71-53716-00;1285;715371600;CATEGORIA0;;1;1;0;1;;JUNTA COLETOR ADMISSÃO;JUNTA COLETOR ADMISSÃO;0;;
9;1285;71-53732-00;1285;715373200;CATEGORIA0;;1;1;0;1;;JUNTA COL. ADM. ESCAPE VICTOR REINZ;JUNTA COL. ADM. ESCAPE VICTOR REINZ;0;;
9;1285;71-53749-00;1285;715374900;CATEGORIA0;;1;1;0;1;;JUNTA T.VAL.;JUNTA T.VAL.;0;;
9;1285;71-53794-00;1285;715379400;CATEGORIA0;;1;1;0;1;;JUNTA CARTER;JUNTA CARTER;0;;
9;1285;71-53978-00;1285;715397800;CATEGORIA0;;1;1;0;1;;JUNTA COLECTOR ESCAPE;JUNTA COLECTOR ESCAPE;0;;
9;1285;71-53997-00;1285;715399700;CATEGORIA0;;1;1;0;1;;JUNTA COLECTOR;JUNTA COLECTOR;0;;
9;1285;71-54031-00;1285;715403100;CATEGORIA0;;1;1;0;1;;JUNTA COL. ADM.;JUNTA COL. ADM.;0;;
9;1285;71-54049-00;1285;715404900;CATEGORIA0;;1;1;0;1;;JUNTA COLETOR ADMISSAO;JUNTA COLETOR ADMISSAO;0;;
9;1285;71-54104-00;1285;715410400;CATEGORIA0;;1;1;0;1;;JUNTA COLETOR ESCAPE;JUNTA COLETOR ESCAPE;0;;
9;1285;71-54117-00;1285;715411700;CATEGORIA0;;1;1;0;1;;JUNTA T.VAL.;JUNTA T.VAL.;0;;
9;1285;71-54286-00;1285;715428600;CATEGORIA0;;1;1;0;1;;JUNTA T.VAL.;JUNTA T.VAL.;0;;
9;1285;71-77546-00;1285;717754600;CATEGORIA0;;1;1;0;1;;O´RING COLETOR ADMISSÃO;O´RING COLETOR ADMISSÃO;0;;
9;1285;71-81888-00;1285;718188800;CATEGORIA0;;1;1;0;1;;JUNTA CARTER;JUNTA CARTER;0;;
9;1285;71-83048-00;1285;718304800;CATEGORIA0;;1;1;0;1;;JUNTA CARTER;JUNTA CARTER;0;;
9;1285;71-84609-00;1285;718460900;CATEGORIA0;;1;1;0;1;;JUNTA, CAIXA DO COLECTOR DE ADMISSÃO;JUNTA, CAIXA DO COLECTOR DE ADMISSÃO;0;;
9;1285;71.34279.00;1285;713427900;CATEGORIA0;;1;1;0;1;;JUNTA COL. ESCAPE V. REINZ;JUNTA COL. ESCAPE V. REINZ;0;;
9;1285;711012700;1285;711012700;CATEGORIA0;;1;1;0;1;;JUNTA COLETOR ADMISSÃO;JUNTA COLETOR ADMISSÃO;0;;
9;1285;713175100;1285;713175100;CATEGORIA0;;1;1;0;1;;JUNTA, CÁRTER DO ÓLEO;JUNTA, CÁRTER DO ÓLEO;0;;
9;1285;81-10173-00;1285;811017300;CATEGORIA0;;1;1;0;1;;RETENTOR;RETENTOR;0;;
9;1285;81-10369-00;1285;811036900;CATEGORIA0;;1;1;0;1;;RETENTOR;RETENTOR;0;;
9;1285;81-10378-00;1285;811037800;CATEGORIA0;;1;1;0;1;;RETENTOR;RETENTOR;0;;
9;1285;81-10382-00;1285;811038200;CATEGORIA0;;1;1;0;1;;RETENTOR;RETENTOR;0;;
9;1285;81-10393-00;1285;811039300;CATEGORIA0;;1;1;0;1;;RETENTOR;RETENTOR;0;;
9;1285;81-10414-00;1285;811041400;CATEGORIA0;;1;1;0;1;;RETENTOR;RETENTOR;0;;
9;1285;81-10455-00;1285;811045500;CATEGORIA0;;1;1;0;1;;RETENTOR;RETENTOR;0;;
9;1285;81-10477-00;1285;811047700;CATEGORIA0;;1;1;0;1;;RETENTOR;RETENTOR;0;;
9;1285;81-10479-00;1285;811047900;CATEGORIA0;;1;1;0;1;;RETENTOR CAMBOTA;RETENTOR CAMBOTA;0;;
9;1285;81-10481-00;1285;811048100;CATEGORIA0;;1;1;0;1;;RETENTOR;RETENTOR;0;;
9;1285;81-10551-00;1285;811055100;CATEGORIA0;;1;1;0;1;;RETENTOR;RETENTOR;0;;
9;1285;81-10595-00;1285;811059500;CATEGORIA0;;1;1;0;1;;RETENTOR;RETENTOR;0;;
9;1285;81-15287-30;1285;811528730;CATEGORIA0;;1;1;0;1;;RETENTOR;RETENTOR;0;;
9;1285;81-15512-50;1285;811551250;CATEGORIA0;;1;1;0;1;;RETENTOR;RETENTOR;0;;
9;1285;81-15855-40;1285;811585540;CATEGORIA0;;1;1;0;1;;RETENTOR;RETENTOR;0;;
9;1285;81-15999-30;1285;811599930;CATEGORIA0;;1;1;0;1;;RETENTOR;RETENTOR;0;;
9;1285;81-16737-10;1285;811673710;CATEGORIA0;;1;1;0;1;;RETENTOR;RETENTOR;0;;
9;1285;81-17404-50;1285;811740450;CATEGORIA0;;1;1;0;1;;RETENTOR;RETENTOR;0;;
9;1285;81-17539-50;1285;811753950;CATEGORIA0;;1;1;0;1;;RETENTOR;RETENTOR;0;;
9;1285;81-18304-50;1285;811830450;CATEGORIA0;;1;1;0;1;;RETENTOR;RETENTOR;0;;
9;1285;81-19299-10;1285;811929910;CATEGORIA0;;1;1;0;1;;RETENTOR;RETENTOR;0;;
9;1285;81-20286-00;1285;812028600;CATEGORIA0;;1;1;0;1;;RETENTOR;RETENTOR;0;;
9;1285;81-20504-40;1285;812050440;CATEGORIA0;;1;1;0;1;;RETENTOR;RETENTOR;0;;
9;1285;81-20745-00;1285;812074500;CATEGORIA0;;1;1;0;1;;RETENTOR;RETENTOR;0;;
9;1285;81-20745-30;1285;812074530;CATEGORIA0;;1;1;0;1;;RETENTOR;RETENTOR;0;;
9;1285;81-20745-40;1285;812074540;CATEGORIA0;;1;1;0;1;;RETENTOR;RETENTOR;0;;
9;1285;81-21527-20;1285;812152720;CATEGORIA0;;1;1;0;1;;RETENTOR;RETENTOR;0;;
9;1285;81-21798-30;1285;812179830;CATEGORIA0;;1;1;0;1;;RETENTOR;RETENTOR;0;;
9;1285;81-21798-40;1285;812179840;CATEGORIA0;;1;1;0;1;;RETENTOR;RETENTOR;0;;
9;1285;81-23056-00;1285;812305600;CATEGORIA0;;1;1;0;1;;RETENTOR;RETENTOR;0;;
9;1285;81-23708-40;1285;812370840;CATEGORIA0;;1;1;0;1;;RETENTOR;RETENTOR;0;;
9;1285;81-23708-50;1285;812370850;CATEGORIA0;;1;1;0;1;;RETENTOR;RETENTOR;0;;
9;1285;81-24292-10;1285;812429210;CATEGORIA0;;1;1;0;1;;RETENTOR;RETENTOR;0;;
9;1285;81-24858-10;1285;812485810;CATEGORIA0;;1;1;0;1;;RETENTOR;RETENTOR;0;;
9;1285;81-24908-10;1285;812490810;CATEGORIA0;;1;1;0;1;;RETENTOR;RETENTOR;0;;
9;1285;81-24909-10;1285;812490910;CATEGORIA0;;1;1;0;1;;RETENTOR;RETENTOR;0;;
9;1285;81-25213-00;1285;812521300;CATEGORIA0;;1;1;0;1;;RETENTOR;RETENTOR;0;;
9;1285;81-25451-10;1285;812545110;CATEGORIA0;;1;1;0;1;;RETENTOR;RETENTOR;0;;
9;1285;81-25452-10;1285;812545210;CATEGORIA0;;1;1;0;1;;RETENTOR;RETENTOR;0;;
9;1285;81-25516-10;1285;812551610;CATEGORIA0;;1;1;0;1;;RETENTOR;RETENTOR;0;;
9;1285;81-25926-10;1285;812592610;CATEGORIA0;;1;1;0;1;;RETENTOR;RETENTOR;0;;
9;1285;81-26244-10;1285;812624410;CATEGORIA0;;1;1;0;1;;RETENTOR;RETENTOR;0;;
9;1285;81-26248-00;1285;812624800;CATEGORIA0;;1;1;0;1;;RETENTOR;RETENTOR;0;;
9;1285;81-26248-10;1285;812624810;CATEGORIA0;;1;1;0;1;;RETENTOR;RETENTOR;0;;
9;1285;81-26249-00;1285;812624900;CATEGORIA0;;1;1;0;1;;RETENTOR;RETENTOR;0;;
9;1285;81-26268-00;1285;812626800;CATEGORIA0;;1;1;0;1;;RETENTOR;RETENTOR;0;;
9;1285;81-26389-30;1285;812638930;CATEGORIA0;;1;1;0;1;;RETENTOR;RETENTOR;0;;
9;1285;81-27294-10;1285;812729410;CATEGORIA0;;1;1;0;1;;RETENTOR;RETENTOR;0;;
9;1285;81-27295-00;1285;812729500;CATEGORIA0;;1;1;0;1;;RETENTOR;RETENTOR;0;;
9;1285;81-28236-00;1285;812823600;CATEGORIA0;;1;1;0;1;;RETENTOR;RETENTOR;0;;
9;1285;81-28359-10;1285;812835910;CATEGORIA0;;1;1;0;1;;RETENTOR;RETENTOR;0;;
9;1285;81-28498-00;1285;812849800;CATEGORIA0;;1;1;0;1;;RETENTOR;RETENTOR;0;;
9;1285;81-31863-00;1285;813186300;CATEGORIA0;;1;1;0;1;;RETENTOR;RETENTOR;0;;
9;1285;81-33360-00;1285;813336000;CATEGORIA0;;1;1;0;1;;RETENTOR;RETENTOR;0;;
9;1285;81-33365-00;1285;813336500;CATEGORIA0;;1;1;0;1;;RETENTOR;RETENTOR;0;;
9;1285;81-33489-00;1285;813348900;CATEGORIA0;;1;1;0;1;;RETENTOR;RETENTOR;0;;
9;1285;81-33489-10;1285;813348910;CATEGORIA0;;1;1;0;1;;RETENTOR CAMBOTA;RETENTOR CAMBOTA;0;;
9;1285;81-33581-00;1285;813358100;CATEGORIA0;;1;1;0;1;;RETENTOR;RETENTOR;0;;
9;1285;81-33623-00;1285;813362300;CATEGORIA0;;1;1;0;1;;RETENTOR;RETENTOR;0;;
9;1285;81-33624-00;1285;813362400;CATEGORIA0;;1;1;0;1;;RETENTOR;RETENTOR;0;;
9;1285;81-33627-00;1285;813362700;CATEGORIA0;;1;1;0;1;;RETENTOR;RETENTOR;0;;
9;1285;81-33632-00;1285;813363200;CATEGORIA0;;1;1;0;1;;RETENTOR;RETENTOR;0;;
9;1285;81-33633-20;1285;813363320;CATEGORIA0;;1;1;0;1;;RETENTOR;RETENTOR;0;;
9;1285;81-33644-00;1285;813364400;CATEGORIA0;;1;1;0;1;;RETENTOR;RETENTOR;0;;
9;1285;81-33646-00;1285;813364600;CATEGORIA0;;1;1;0;1;;RETENTOR;RETENTOR;0;;
9;1285;81-33869-00;1285;813386900;CATEGORIA0;;1;1;0;1;;RETENTOR;RETENTOR;0;;
9;1285;81-33871-00;1285;813387100;CATEGORIA0;;1;1;0;1;;RETENTOR;RETENTOR;0;;
9;1285;81-34123-00;1285;813412300;CATEGORIA0;;1;1;0;1;;RETENTOR;RETENTOR;0;;
9;1285;81-34144-00;1285;813414400;CATEGORIA0;;1;1;0;1;;RETENTOR;RETENTOR;0;;
9;1285;81-34158-00;1285;813415800;CATEGORIA0;;1;1;0;1;;RETENTOR;RETENTOR;0;;
9;1285;81-34226-00;1285;813422600;CATEGORIA0;;1;1;0;1;;RETENTOR;RETENTOR;0;;
9;1285;81-34227-00;1285;813422700;CATEGORIA0;;1;1;0;1;;RETENTOR;RETENTOR;0;;
9;1285;81-34301-00;1285;813430100;CATEGORIA0;;1;1;0;1;;RETENTOR;RETENTOR;0;;
9;1285;81-34313-00;1285;813431300;CATEGORIA0;;1;1;0;1;;RETENTOR;RETENTOR;0;;
9;1285;81-34366-00;1285;813436600;CATEGORIA0;;1;1;0;1;;RETENTOR;RETENTOR;0;;
9;1285;81-34367-00;1285;813436700;CATEGORIA0;;1;1;0;1;;RETENTOR;RETENTOR;0;;
9;1285;81-34403-00;1285;813440300;CATEGORIA0;;1;1;0;1;;RETENTOR;RETENTOR;0;;
9;1285;81-34408-00;1285;813440800;CATEGORIA0;;1;1;0;1;;RETENTOR;RETENTOR;0;;
9;1285;81-34413-00;1285;813441300;CATEGORIA0;;1;1;0;1;;RETENTOR;RETENTOR;0;;
9;1285;81-34417-10;1285;813441710;CATEGORIA0;;1;1;0;1;;RETENTOR;RETENTOR;0;;
9;1285;81-34456-00;1285;813445600;CATEGORIA0;;1;1;0;1;;RETENTOR;RETENTOR;0;;
9;1285;81-34461-00;1285;813446100;CATEGORIA0;;1;1;0;1;;RETENTOR;RETENTOR;0;;
9;1285;81-34472-00;1285;813447200;CATEGORIA0;;1;1;0;1;;RETENTOR;RETENTOR;0;;
9;1285;81-34662-00;1285;813446200;CATEGORIA0;;1;1;0;1;;RETENTOR;RETENTOR;0;;
9;1285;81-34805-00;1285;813480500;CATEGORIA0;;1;1;0;1;;RETENTOR;RETENTOR;0;;
9;1285;81-34819-00;1285;813481900;CATEGORIA0;;1;1;0;1;;RETENTOR;RETENTOR;0;;
9;1285;81-35035-00;1285;813503500;CATEGORIA0;;1;1;0;1;;RETENTOR;RETENTOR;0;;
9;1285;81-35051-00;1285;813505100;CATEGORIA0;;1;1;0;1;;RETENTOR;RETENTOR;0;;
9;1285;81-35072-00;1285;813507200;CATEGORIA0;;1;1;0;1;;RETENTOR;RETENTOR;0;;
9;1285;81-35099-00;1285;813509900;CATEGORIA0;;1;1;0;1;;RETENTOR;RETENTOR;0;;
9;1285;81-35512-00;1285;813551200;CATEGORIA0;;1;1;0;1;;RETENTOR;RETENTOR;0;;
9;1285;81-35519-00;1285;813551900;CATEGORIA0;;1;1;0;1;;RETENTOR;RETENTOR;0;;
9;1285;81-35552-00;1285;813555200;CATEGORIA0;;1;1;0;1;;RETENTOR;RETENTOR;0;;
9;1285;81-35553-00;1285;813555300;CATEGORIA0;;1;1;0;1;;RETENTOR;RETENTOR;0;;
9;1285;81-35554-00;1285;813555400;CATEGORIA0;;1;1;0;1;;RETENTOR CAMBOTA;RETENTOR CAMBOTA;0;;
9;1285;81-35623-00;1285;813562300;CATEGORIA0;;1;1;0;1;;RETENTOR;RETENTOR;0;;
9;1285;81-35719-00;1285;813571900;CATEGORIA0;;1;1;0;1;;RETENTOR;RETENTOR;0;;
9;1285;81-35721-00;1285;813572100;CATEGORIA0;;1;1;0;1;;RETENTOR;RETENTOR;0;;
9;1285;81-35881-00;1285;813588100;CATEGORIA0;;1;1;0;1;;RETENTOR;RETENTOR;0;;
9;1285;81-35882-00;1285;813588200;CATEGORIA0;;1;1;0;1;;RETENTOR;RETENTOR;0;;
9;1285;81-35894-00;1285;813589400;CATEGORIA0;;1;1;0;1;;RETENTOR;RETENTOR;0;;
9;1285;81-35897-00;1285;813589700;CATEGORIA0;;1;1;0;1;;RETENTOR;RETENTOR;0;;
9;1285;81-35916-00;1285;813591600;CATEGORIA0;;1;1;0;1;;RETENTOR;RETENTOR;0;;
9;1285;81-36229-00;1285;813622900;CATEGORIA0;;1;1;0;1;;RETENTOR;RETENTOR;0;;
9;1285;81-36233-00;1285;813623300;CATEGORIA0;;1;1;0;1;;RETENTOR;RETENTOR;0;;
9;1285;81-36556-00;1285;813655600;CATEGORIA0;;1;1;0;1;;RETENTOR;RETENTOR;0;;
9;1285;81-36644-00;1285;813664400;CATEGORIA0;;1;1;0;1;;RETENTOR;RETENTOR;0;;
9;1285;81-36787-00;1285;813678700;CATEGORIA0;;1;1;0;1;;RETENTOR;RETENTOR;0;;
9;1285;81-36957-00;1285;813695700;CATEGORIA0;;1;1;0;1;;RETENTOR;RETENTOR;0;;
9;1285;81-37458-00;1285;813745800;CATEGORIA0;;1;1;0;1;;RETENTOR;RETENTOR;0;;
9;1285;81-37461-00;1285;813746100;CATEGORIA0;;1;1;0;1;;RETENTOR;RETENTOR;0;;
9;1285;81-37601-00;1285;813760100;CATEGORIA0;;1;1;0;1;;RETENTOR;RETENTOR;0;;
9;1285;81-37602-10;1285;813760210;CATEGORIA0;;1;1;0;1;;RETENTOR;RETENTOR;0;;
9;1285;81-37609-00;1285;813760900;CATEGORIA0;;1;1;0;1;;RETENTOR;RETENTOR;0;;
9;1285;81-37611-00;1285;813761100;CATEGORIA0;;1;1;0;1;;RETENTOR;RETENTOR;0;;
9;1285;81-38089-00;1285;813808900;CATEGORIA0;;1;1;0;1;;RETENTOR;RETENTOR;0;;
9;1285;81-38091-00;1285;813809100;CATEGORIA0;;1;1;0;1;;RETENTOR;RETENTOR;0;;
9;1285;81-38342-00;1285;813834200;CATEGORIA0;;1;1;0;1;;RETENTOR;RETENTOR;0;;
9;1285;81-38343-00;1285;813834300;CATEGORIA0;;1;1;0;1;;RETENTOR;RETENTOR;0;;
9;1285;81-38506-00;1285;813850600;CATEGORIA0;;1;1;0;1;;RETENTOR;RETENTOR;0;;
9;1285;81-38518-00;1285;813851800;CATEGORIA0;;1;1;0;1;;RETENTOR CAMBOTA;RETENTOR CAMBOTA;0;;
9;1285;81-38532-00;1285;813853200;CATEGORIA0;;1;1;0;1;;RETENTOR;RETENTOR;0;;
9;1285;81-38536-00;1285;813853600;CATEGORIA0;;1;1;0;1;;RETENTOR;RETENTOR;0;;
9;1285;81-39267-00;1285;813926700;CATEGORIA0;;1;1;0;1;;RETENTOR;RETENTOR;0;;
9;1285;81-39377-00;1285;813937700;CATEGORIA0;;1;1;0;1;;RETENTOR;RETENTOR;0;;
9;1285;81-39379-00;1285;813937900;CATEGORIA0;;1;1;0;1;;RETENTOR;RETENTOR;0;;
9;1285;81-39382-00;1285;813938200;CATEGORIA0;;1;1;0;1;;RETENTOR;RETENTOR;0;;
9;1285;81-39633-00;1285;813963300;CATEGORIA0;;1;1;0;1;;RETENTOR;RETENTOR;0;;
9;1285;81-39634-00;1285;813963400;CATEGORIA0;;1;1;0;1;;RETENTOR;RETENTOR;0;;
9;1285;81-40292-00;1285;814029200;CATEGORIA0;;1;1;0;1;;RETENTOR;RETENTOR;0;;
9;1285;81-40389-00;1285;814038900;CATEGORIA0;;1;1;0;1;;RETENTOR;RETENTOR;0;;
9;1285;81-40458-00;1285;814045800;CATEGORIA0;;1;1;0;1;;RETENTOR;RETENTOR;0;;
9;1285;81-40459-00;1285;814045900;CATEGORIA0;;1;1;0;1;;RETENTOR;RETENTOR;0;;
9;1285;81-40538-00;1285;814053800;CATEGORIA0;;1;1;0;1;;RETENTOR;RETENTOR;0;;
9;1285;81-41219-00;1285;814121900;CATEGORIA0;;1;1;0;1;;RETENTOR;RETENTOR;0;;
9;1285;81-53077-00;1285;815307700;CATEGORIA0;;1;1;0;1;;RETENTOR CAMBOTA;RETENTOR CAMBOTA;0;;
9;1285;81-53218-00;1285;815321800;CATEGORIA0;;1;1;0;1;;RETENTOR;RETENTOR;0;;
9;1285;81-53224-00;1285;815322400;CATEGORIA0;;1;1;0;1;;RETENTOR;RETENTOR;0;;
9;1285;81-53228-00;1285;815322800;CATEGORIA0;;1;1;0;1;;RETENTOR;RETENTOR;0;;
9;1285;81-53234-00;1285;815323400;CATEGORIA0;;1;1;0;1;;RETENTOR;RETENTOR;0;;
9;1285;81-53236-00;1285;815323600;CATEGORIA0;;1;1;0;1;;RETENTOR;RETENTOR;0;;
9;1285;81-53243-00;1285;815324300;CATEGORIA0;;1;1;0;1;;RETENTOR;RETENTOR;0;;
9;1285;81-53244-00;1285;815324400;CATEGORIA0;;1;1;0;1;;RETENTOR;RETENTOR;0;;
9;1285;81-53246-00;1285;815324600;CATEGORIA0;;1;1;0;1;;RETENTOR;RETENTOR;0;;
9;1285;81-53247-00;1285;815324700;CATEGORIA0;;1;1;0;1;;RETENTOR;RETENTOR;0;;
9;1285;81-53251-00;1285;815325100;CATEGORIA0;;1;1;0;1;;RETENTOR;RETENTOR;0;;
9;1285;81-53253-00;1285;815325300;CATEGORIA0;;1;1;0;1;;RETENTOR;RETENTOR;0;;
9;1285;81-53267-00;1285;815326700;CATEGORIA0;;1;1;0;1;;RETENTOR;RETENTOR;0;;
9;1285;81-53274-00;1285;815327400;CATEGORIA0;;1;1;0;1;;RETENTOR;RETENTOR;0;;
9;1285;81-53278-00;1285;815327800;CATEGORIA0;;1;1;0;1;;RETENTOR;RETENTOR;0;;
9;1285;81-53279-10;1285;815327910;CATEGORIA0;;1;1;0;1;;RETENTOR;RETENTOR;0;;
9;1285;81-53297-00;1285;815329700;CATEGORIA0;;1;1;0;1;;RETENTOR;RETENTOR;0;;
9;1285;81-53299-00;1285;815329900;CATEGORIA0;;1;1;0;1;;RETENTOR;RETENTOR;0;;
9;1285;81-53301-00;1285;815330100;CATEGORIA0;;1;1;0;1;;RETENTOR;RETENTOR;0;;
9;1285;81-53311-00;1285;815331100;CATEGORIA0;;1;1;0;1;;RETENTOR;RETENTOR;0;;
9;1285;81-53313-00;1285;815331300;CATEGORIA0;;1;1;0;1;;RETENTOR;RETENTOR;0;;
9;1285;81-53321-00;1285;815332100;CATEGORIA0;;1;1;0;1;;RETENTOR;RETENTOR;0;;
9;1285;81-53322-10;1285;815332210;CATEGORIA0;;1;1;0;1;;RETENTOR;RETENTOR;0;;
9;1285;81-53323-00;1285;815332300;CATEGORIA0;;1;1;0;1;;RETENTOR CAMBOTA;RETENTOR CAMBOTA;0;;
9;1285;81-53328-00;1285;815332800;CATEGORIA0;;1;1;0;1;;RETENTOR;RETENTOR;0;;
9;1285;81-53329-00;1285;815332900;CATEGORIA0;;1;1;0;1;;RETENTOR;RETENTOR;0;;
9;1285;81-53332-00;1285;815333200;CATEGORIA0;;1;1;0;1;;RETENTOR;RETENTOR;0;;
9;1285;81-53334-00;1285;815333400;CATEGORIA0;;1;1;0;1;;RETENTOR;RETENTOR;0;;
9;1285;81-53341-10;1285;815334110;CATEGORIA0;;1;1;0;1;;RETENTOR;RETENTOR;0;;
9;1285;81-53342-00;1285;815334200;CATEGORIA0;;1;1;0;1;;RETENTOR;RETENTOR;0;;
9;1285;81-53343-00;1285;815334300;CATEGORIA0;;1;1;0;1;;RETENTOR;RETENTOR;0;;
9;1285;81-53387-00;1285;815338700;CATEGORIA0;;1;1;0;1;;RETENTOR;RETENTOR;0;;
9;1285;81-53404-00;1285;815340400;CATEGORIA0;;1;1;0;1;;RETENTOR;RETENTOR;0;;
9;1285;81-53441-00;1285;815344100;CATEGORIA0;;1;1;0;1;;RETENTOR;RETENTOR;0;;
9;1285;81-53442-00;1285;815344200;CATEGORIA0;;1;1;0;1;;RETENTOR;RETENTOR;0;;
9;1285;81-53459-00;1285;815345900;CATEGORIA0;;1;1;0;1;;RETENTOR;RETENTOR;0;;
9;1285;81-53462-00;1285;815346200;CATEGORIA0;;1;1;0;1;;RETENTOR;RETENTOR;0;;
9;1285;81-53497-00;1285;815349700;CATEGORIA0;;1;1;0;1;;RETENTOR;RETENTOR;0;;
9;1285;81-53508-00;1285;815350800;CATEGORIA0;;1;1;0;1;;RETENTOR;RETENTOR;0;;
9;1285;81-53509-00;1285;815350900;CATEGORIA0;;1;1;0;1;;RETENTOR;RETENTOR;0;;
9;1285;81-53537-00;1285;815353700;CATEGORIA0;;1;1;0;1;;RETENTOR;RETENTOR;0;;
9;1285;81-53592-00;1285;815359200;CATEGORIA0;;1;1;0;1;;RETENTOR;RETENTOR;0;;
9;1285;81-53606-00;1285;815360600;CATEGORIA0;;1;1;0;1;;RETENTOR;RETENTOR;0;;
9;1285;81-53699-00;1285;815369900;CATEGORIA0;;1;1;0;1;;RETENTOR;RETENTOR;0;;
9;1285;81-53744-00;1285;815374400;CATEGORIA0;;1;1;0;1;;RETENTOR;RETENTOR;0;;
9;1285;81-54014-00;1285;815401400;CATEGORIA0;;1;1;0;1;;RETENTOR;RETENTOR;0;;
9;1285;81-54079-00;1285;815407900;CATEGORIA0;;1;1;0;1;;RETENTOR;RETENTOR;0;;
9;1285;81-54109-00;1285;815410900;CATEGORIA0;;1;1;0;1;;RETENTOR;RETENTOR;0;;
9;1285;81-54164-00;1285;815416400;CATEGORIA0;;1;1;0;1;;RETENTOR;RETENTOR;0;;
9;1285;81-54174-00;1285;815417400;CATEGORIA0;;1;1;0;1;;RETENTOR;RETENTOR;0;;
9;1285;81-54283-00;1285;815428300;CATEGORIA0;;1;1;0;1;;RETENTOR;RETENTOR;0;;
9;1285;81-54284-00;1285;815428400;CATEGORIA0;;1;1;0;1;;RETENTOR;RETENTOR;0;;
9;1285;81-59001-00;1285;815900100;CATEGORIA0;;1;1;0;1;;RETENTOR CAMBOTA;RETENTOR CAMBOTA;0;;
9;1285;81-90000-00;1285;819000000;CATEGORIA0;;1;1;0;1;;RETENTOR;RETENTOR;0;;
9;1285;81-90002-00;1285;819000200;CATEGORIA0;;1;1;0;1;;RETENTOR;RETENTOR;0;;
9;1285;81-90006-00;1285;819000600;CATEGORIA0;;1;1;0;1;;RETENTOR;RETENTOR;0;;
9;1285;81-90007-00;1285;819000700;CATEGORIA0;;1;1;0;1;;RETENTOR C/CHAPA;RETENTOR C/CHAPA;0;;
9;1285;81-90009-00;1285;819000900;CATEGORIA0;;1;1;0;1;;RETENTOR;RETENTOR;0;;
9;1285;81-90010-00;1285;819001000;CATEGORIA0;;1;1;0;1;;RETENTOR;RETENTOR;0;;
9;1285;81-90013-00;1285;819001300;CATEGORIA0;;1;1;0;1;;RETENTOR;RETENTOR;0;;
9;1285;81-90014-00;1285;819001400;CATEGORIA0;;1;1;0;1;;RETENTOR C/ CHAPA;RETENTOR C/ CHAPA;0;;
9;1285;81-90016-00;1285;819001600;CATEGORIA0;;1;1;0;1;;RETENTOR;RETENTOR;0;;
9;1285;81-90017-00;1285;819001700;CATEGORIA0;;1;1;0;1;;RETENTOR;RETENTOR;0;;
9;1285;81-90018-00;1285;819001800;CATEGORIA0;;1;1;0;1;;RETENTOR;RETENTOR;0;;
9;1285;81-90020-00;1285;819002000;CATEGORIA0;;1;1;0;1;;RETENTOR;RETENTOR;0;;
9;1285;81-90027-00;1285;819002700;CATEGORIA0;;1;1;0;1;;RETENTOR;RETENTOR;0;;
9;1285;81-90028-00;1285;819002800;CATEGORIA0;;1;1;0;1;;RETENTOR C/ CHAPA CAMBOTA;RETENTOR C/ CHAPA CAMBOTA;0;;
9;1285;81-90029-00;1285;819002900;CATEGORIA0;;1;1;0;1;;RETENTOR;RETENTOR;0;;
9;1285;81-90031-00;1285;819003100;CATEGORIA0;;1;1;0;1;;RETENTOR CAMBOTA;RETENTOR CAMBOTA;0;;
9;1285;81-90032-00;1285;819003200;CATEGORIA0;;1;1;0;1;;RETENTOR;RETENTOR;0;;
9;1285;81-90034-00;1285;819003400;CATEGORIA0;;1;1;0;1;;RETENTOR;RETENTOR;0;;
9;1285;81-90039-00;1285;819003900;CATEGORIA0;;1;1;0;1;;RETENTOR;RETENTOR;0;;
9;1285;81-90041-00;1285;819004100;CATEGORIA0;;1;1;0;1;;RETENTOR;RETENTOR;0;;
9;1285;81-90049-00;1285;819004900;CATEGORIA0;;1;1;0;1;;RETENTOR;RETENTOR;0;;
9;1285;81-90051-00;1285;819005100;CATEGORIA0;;1;1;0;1;;RETENTOR;RETENTOR;0;;
9;1285;81-90052-00;1285;819005200;CATEGORIA0;;1;1;0;1;;RETENTOR;RETENTOR;0;;
9;1285;81-90059-00;1285;819005900;CATEGORIA0;;1;1;0;1;;RETENTOR;RETENTOR;0;;
9;1285;81-90075-00;1285;81-90075-00;CATEGORIA0;;1;1;0;1;;RETENTOR;RETENTOR;0;;
9;1285;813602700;1285;813602700;CATEGORIA0;;1;1;0;1;;RETENTOR;RETENTOR;0;;
9;1285;819003300;1285;819003300;CATEGORIA0;;1;1;0;1;;RETENTOR;RETENTOR;0;;
9;1285;9550505;1285;9550505;CATEGORIA0;;1;1;0;1;;JG. PARAFUSOS;JG. PARAFUSOS;0;;
9;1285;BS130;1285;BS130;CATEGORIA0;;1;1;0;1;;JUNTA CABEÇA;JUNTA CABEÇA;0;;
9;1285;BW640;1285;BW640;CATEGORIA0;;1;1;0;1;;JUNTA CABEÇA;JUNTA CABEÇA;0;;
9;1285;DS200;1285;DS200;CATEGORIA0;;1;1;0;1;;JUNTAS DESCARBONIZAÇÃO;JUNTAS DESCARBONIZAÇÃO;0;;
9;1285;H18130-30;1285;H18130;CATEGORIA0;;1;1;0;1;;JUNTA CABEÇA;JUNTA CABEÇA;0;;
9;1285;RC9327;1285;RC9327;CATEGORIA0;;1;1;0;1;;JUNTA T. VALVULAS;JUNTA T. VALVULAS;0;;
9;1285;X54927-01;1285;X54927-01;CATEGORIA0;;1;1;0;1;;JUNTA CARTER;JUNTA CARTER;0;;
10;10284;001.630;10284;10.001.630;CATEGORIA0;;1;1;0;1;;JG. JUNTAS DESCARBONIZAÇÃO;JG. JUNTAS DESCARBONIZAÇÃO;0;;
10;10284;004.450;10284;10.004.450;CATEGORIA0;;1;1;0;1;;RETENTOR;RETENTOR;0;;
10;10284;005.310;10284;10.005.310;CATEGORIA0;;1;1;0;1;;JG JUNTAS DESCARBUNIZACAO;JG JUNTAS DESCARBUNIZACAO;0;;
10;10284;005.911;10284;10.005.911;CATEGORIA0;;1;1;0;1;;JUNTA T.VAL.;JUNTA T.VAL.;0;;
10;10284;006.750;10284;10.006.750;CATEGORIA0;;1;1;0;1;;JUNTA T.VAL.;JUNTA T.VAL.;0;;
10;10284;006.990;10284;10.006.990;CATEGORIA0;;1;1;0;1;;ANILHA INJECTOR;ANILHA INJECTOR;0;;
10;10284;007.190;10284;10.007.190;CATEGORIA0;;1;1;0;1;;KIT PARAFUSOS CABEÇA;KIT PARAFUSOS CABEÇA;0;;
10;10284;007.320;10284;10.007.320;CATEGORIA0;;1;1;0;1;;JUNTAS CONVERÇAO;JUNTAS CONVERÇAO;0;;
10;10284;007.750;10284;10.007.750;CATEGORIA0;;1;1;0;1;;RETENTOR;RETENTOR;0;;
10;10284;008.860;10284;10.008.860;CATEGORIA0;;1;1;0;1;;JG. PARAFUSOS CABEÇA;JG. PARAFUSOS CABEÇA;0;;
10;10284;010.120;10284;10.010.120;CATEGORIA0;;1;1;0;1;;JUNTA T.VAL.;JUNTA T.VAL.;0;;
10;10284;010.360;10284;10.010.360;CATEGORIA0;;1;1;0;1;;RETENTOR;RETENTOR;0;;
10;10284;011.304;10284;10.011.304;CATEGORIA0;;1;1;0;1;;RETENTOR;RETENTOR;0;;
10;10284;012.160;10284;10.012.160;CATEGORIA0;;1;1;0;1;;RETENTOR;RETENTOR;0;;
10;10284;012.180;10284;10.012.180;CATEGORIA0;;1;1;0;1;;RETENTOR;RETENTOR;0;;
10;10284;012.220;10284;10.012.220;CATEGORIA0;;1;1;0;1;;JUNTAS DESCARBONIZAÇÃO;JUNTAS DESCARBONIZAÇÃO;0;;
10;10284;012.361;10284;10.012.361;CATEGORIA0;;1;1;0;1;;JUNTA CABEÇA;JUNTA CABEÇA;0;;
10;10284;012.370;10284;10.012.370;CATEGORIA0;;1;1;0;1;;RETENTOR;RETENTOR;0;;
10;10284;012.380;10284;10.012.380;CATEGORIA0;;1;1;0;1;;RETENTOR;RETENTOR;0;;
10;10284;012.430;10284;10.012.430;CATEGORIA0;;1;1;0;1;;JUNTA T.VAL.;JUNTA T.VAL.;0;;
10;10284;013.000;10284;10.013.000;CATEGORIA0;;1;1;0;1;;JUNTA INJECTOR T/ VALVULAS;JUNTA INJECTOR T/ VALVULAS;0;;
10;10284;018.771;10284;10.018.771;CATEGORIA0;;1;1;0;1;;JUNTA CABEÇA;JUNTA CABEÇA;0;;
10;10284;019.140;10284;10.019.140;CATEGORIA0;;1;1;0;1;;VEDANTE VALVULA;VEDANTE VALVULA;0;;
10;10284;019.321;10284;10.019.321;CATEGORIA0;;1;1;0;1;;JUNTA CABEÇA;JUNTA CABEÇA;0;;
10;10284;019.331;10284;10.019.331;CATEGORIA0;;1;1;0;1;;JUNTA CABEÇA;JUNTA CABEÇA;0;;
10;10284;020.020;10284;10.020.020;CATEGORIA0;;1;1;0;1;;RETENTOR;RETENTOR;0;;
10;10284;022.160;10284;10.022.160;CATEGORIA0;;1;1;0;1;;RETENTOR;RETENTOR;0;;
10;10284;022.170;10284;10.022.170;CATEGORIA0;;1;1;0;1;;RETENTOR;RETENTOR;0;;
10;10284;022.490;10284;10.022.490;CATEGORIA0;;1;1;0;1;;KIT PARAFUSOS CABEÇA;KIT PARAFUSOS CABEÇA;0;;
10;10284;022.590;10284;10.022.590;CATEGORIA0;;1;1;0;1;;KIT PARAFUSOS CABEÇA;KIT PARAFUSOS CABEÇA;0;;
10;10284;022.800;10284;10.022.800;CATEGORIA0;;1;1;0;1;;JUNTA T.VAL.;JUNTA T.VAL.;0;;
10;10284;022.930;10284;10.022.930;CATEGORIA0;;1;1;0;1;;JUNTA T.VAL.;JUNTA T.VAL.;0;;
10;10284;022.960;10284;10.022.960;CATEGORIA0;;1;1;0;1;;JUNTA T. VALV;JUNTA T. VALV;0;;
10;10284;023.370;10284;10.023.370;CATEGORIA0;;1;1;0;1;;JUNTAS DESCARBONIZAÇÃO;JUNTAS DESCARBONIZAÇÃO;0;;
10;10284;023.520;10284;10.023.520;CATEGORIA0;;1;1;0;1;;RETENTOR;RETENTOR;0;;
10;10284;023.530;10284;10.023.530;CATEGORIA0;;1;1;0;1;;RETENTOR;RETENTOR;0;;
10;10284;023.590;10284;10.023.590;CATEGORIA0;;1;1;0;1;;RETENTOR;RETENTOR;0;;
10;10284;023.740;10284;10.023.740;CATEGORIA0;;1;1;0;1;;RETENTOR;RETENTOR;0;;
10;10284;023.862;10284;10.023.862;CATEGORIA0;;1;1;0;1;;RETENTOR;RETENTOR;0;;
10;10284;023.990;10284;10.023.990;CATEGORIA0;;1;1;0;1;;JUNTA T.VAL.;JUNTA T.VAL.;0;;
10;10284;024.020;10284;10.024.020;CATEGORIA0;;1;1;0;1;;JG. JUNTAS DESCARBONIZAÇÃO;JG. JUNTAS DESCARBONIZAÇÃO;0;;
10;10284;024.040;10284;10. 024.040;CATEGORIA0;;1;1;0;1;;JUNTAS DESCARBONIZAÇÃO;JUNTAS DESCARBONIZAÇÃO;0;;
10;10284;024.961;10284;10.024.961;CATEGORIA0;;1;1;0;1;;JUNTAS DESCARBONIZAÇÃO;JUNTAS DESCARBONIZAÇÃO;0;;
10;10284;025.030;10284;10.025.030;CATEGORIA0;;1;1;0;1;;JUNTA CABEÇA;JUNTA CABEÇA;0;;
10;10284;025.040;10284;10.025.040;CATEGORIA0;;1;1;0;1;;JUNTA CULACA;JUNTA CULACA;0;;
10;10284;026.400;10284;10.026.400;CATEGORIA0;;1;1;0;1;;JUNTA CABECA ELRING;JUNTA CABECA ELRING;0;;
10;10284;026.740;10284;10.026.740;CATEGORIA0;;1;1;0;1;;RETENTOR;RETENTOR;0;;
10;10284;026.750;10284;10.026.750;CATEGORIA0;;1;1;0;1;;RETENTOR;RETENTOR;0;;
10;10284;026.770;10284;10.026.770;CATEGORIA0;;1;1;0;1;;RETENTOR;RETENTOR;0;;
10;10284;026.782;10284;10.026.782;CATEGORIA0;;1;1;0;1;;RETENTOR;RETENTOR;0;;
10;10284;026.790;10284;10.026.790;CATEGORIA0;;1;1;0;1;;RETENTOR;RETENTOR;0;;
10;10284;026.812;10284;10.026.812;CATEGORIA0;;1;1;0;1;;RETENTOR;RETENTOR;0;;
10;10284;026.821;10284;10.026.821;CATEGORIA0;;1;1;0;1;;RETENTOR;RETENTOR;0;;
10;10284;027.062;10284;10.027.062;CATEGORIA0;;1;1;0;1;;JUNTA CABEÇA;JUNTA CABEÇA;0;;
10;10284;027.082;10284;10.027.082;CATEGORIA0;;1;1;0;1;;JUNTA CABEÇA 4M;JUNTA CABEÇA 4M;0;;
10;10284;027.150;10284;10.027.150;CATEGORIA0;;1;1;0;1;;JUNTA ADMISSAO;JUNTA ADMISSAO;0;;
10;10284;027.160;10284;10.027.160;CATEGORIA0;;1;1;0;1;;JUNTA ADMISSAO;JUNTA ADMISSAO;0;;
10;10284;027.170;10284;10.027.170;CATEGORIA0;;1;1;0;1;;JG.JUNTAS RADIADOR ÓLEO;JG.JUNTAS RADIADOR ÓLEO;0;;
10;10284;027.330;10284;10.027.330;CATEGORIA0;;1;1;0;1;;JUNTA CARTER;JUNTA CARTER;0;;
10;10284;027.371;10284;10.027.371;CATEGORIA0;;1;1;0;1;;JUNTA CARTER;JUNTA CARTER;0;;
10;10284;027.421;10284;10.027.421;CATEGORIA0;;1;1;0;1;;JUNTA DISTRIBUIÇÃO;JUNTA DISTRIBUIÇÃO;0;;
10;10284;027.730;10284;10.027.730;CATEGORIA0;;1;1;0;1;;JUNTA T.VAL.;JUNTA T.VAL.;0;;
10;10284;027.850;10284;10.027.850;CATEGORIA0;;1;1;0;1;;KIT PARAFUSOS CABEÇA;KIT PARAFUSOS CABEÇA;0;;
10;10284;028.030;10284;10.028.030;CATEGORIA0;;1;1;0;1;;JUNT CABEÇA;JUNT CABEÇA;0;;
10;10284;028.211;10284;10.028.211;CATEGORIA0;;1;1;0;1;;JUNTA BOMBA INJECTORA;JUNTA BOMBA INJECTORA;0;;
10;10284;028.436;10284;10.028.436;CATEGORIA0;;1;1;0;1;;RETENTOR;RETENTOR;0;;
10;10284;030.492;10284;10.030.492;CATEGORIA0;;1;1;0;1;;JG. DESCARBONIZAÇÃO;JG. DESCARBONIZAÇÃO;0;;
10;10284;030.500;10284;10.030.500;CATEGORIA0;;1;1;0;1;;JUNTAS CONVERÇAO;JUNTAS CONVERÇAO;0;;
10;10284;030.551;10284;10.030.551;CATEGORIA0;;1;1;0;1;;JUNTAS CONVERÇAO;JUNTAS CONVERÇAO;0;;
10;10284;030.760;10284;10.030.760;CATEGORIA0;;1;1;0;1;;JUNTAS DESCARBONIZAÇÃO;JUNTAS DESCARBONIZAÇÃO;0;;
10;10284;030.780;10284;10.030.780;CATEGORIA0;;1;1;0;1;;JUNTAS CONVERÇAO;JUNTAS CONVERÇAO;0;;
10;10284;031.630;10284;10.031.630;CATEGORIA0;;1;1;0;1;;JUNTAS DESCARBONIZAÇÃO;JUNTAS DESCARBONIZAÇÃO;0;;
10;10284;033.030;10284;10.033.030;CATEGORIA0;;1;1;0;1;;RETENTOR;RETENTOR;0;;
10;10284;033.472;10284;10.033.472;CATEGORIA0;;1;1;0;1;;RETENTOR;RETENTOR;0;;
10;10284;034.520;10284;10.034.520;CATEGORIA0;;1;1;0;1;;RETENTOR;RETENTOR;0;;
10;10284;034.530;10284;10.034.530;CATEGORIA0;;1;1;0;1;;RETENTOR;RETENTOR;0;;
10;10284;036.164;10284;10.036.164;CATEGORIA0;;1;1;0;1;;SILICONE ELRING;SILICONE ELRING;0;;
10;10284;037.524;10284;10.037.524;CATEGORIA0;;1;1;0;1;;RETENTOR;RETENTOR;0;;
10;10284;038.164;10284;10.038.164;CATEGORIA0;;1;1;0;1;;RETENTOR;RETENTOR;0;;
10;10284;038.938;10284;10.038.938;CATEGORIA0;;1;1;0;1;;RETENTOR;RETENTOR;0;;
10;10284;039.780;10284;10.039.780;CATEGORIA0;;1;1;0;1;;RETENTOR;RETENTOR;0;;
10;10284;039.918;10284;10.039.918;CATEGORIA0;;1;1;0;1;;RETENTOR;RETENTOR;0;;
10;10284;039.993;10284;10.039.993;CATEGORIA0;;1;1;0;1;;RETENTOR;RETENTOR;0;;
10;10284;040.843;10284;10.040.843;CATEGORIA0;;1;1;0;1;;RETENTOR;RETENTOR;0;;
10;10284;042.102;10284;10.042.102;CATEGORIA0;;1;1;0;1;;RETENTOR;RETENTOR;0;;
10;10284;043.050;10284;10.043.050;CATEGORIA0;;1;1;0;1;;JUNTA CABEÇA;JUNTA CABEÇA;0;;
10;10284;043.605;10284;10.043.605;CATEGORIA0;;1;1;0;1;;RETENTOR;RETENTOR;0;;
10;10284;044.318;10284;10.044.318;CATEGORIA0;;1;1;0;1;;RETENTOR;RETENTOR;0;;
10;10284;049.557;10284;10.049.557;CATEGORIA0;;1;1;0;1;;RETENTOR;RETENTOR;0;;
10;10284;049.630;10284;10.049.630;CATEGORIA0;;1;1;0;1;;KIT PARAFUSOS CABEÇA;KIT PARAFUSOS CABEÇA;0;;
10;10284;049.930;10284;10.049.930;CATEGORIA0;;1;1;0;1;;JUNTA ESCAPE;JUNTA ESCAPE;0;;
10;10284;050.191;10284;10.050.191;CATEGORIA0;;1;1;0;1;;JUNTA CARTER;JUNTA CARTER;0;;
10;10284;050.260;10284;10.050.260;CATEGORIA0;;1;1;0;1;;RETENTOR;RETENTOR;0;;
10;10284;050.300;10284;10.050.300;CATEGORIA0;;1;1;0;1;;RETENTOR;RETENTOR;0;;
10;10284;050.540;10284;10.050.540;CATEGORIA0;;1;1;0;1;;RETENTOR;RETENTOR;0;;
10;10284;050.550;10284;10.050.550;CATEGORIA0;;1;1;0;1;;RETENTOR;RETENTOR;0;;
10;10284;051.940;10284;10.051.940;CATEGORIA0;;1;1;0;1;;JUNTAS DESCARBONIZAÇÃO;JUNTAS DESCARBONIZAÇÃO;0;;
10;10284;056.900;10284;10.056.900;CATEGORIA0;;1;1;0;1;;RETENTOR;RETENTOR;0;;
10;10284;057.070;10284;10.057.070;CATEGORIA0;;1;1;0;1;;KIT VEDANTES VAL.;KIT VEDANTES VAL.;0;;
10;10284;057.220;10284;10.057.220;CATEGORIA0;;1;1;0;1;;KIT PERNES;KIT PERNES;0;;
10;10284;057.240;10284;10.057.240;CATEGORIA0;;1;1;0;1;;KIT PARAFUSOS CABEÇA;KIT PARAFUSOS CABEÇA;0;;
10;10284;057.260;10284;10.057.260;CATEGORIA0;;1;1;0;1;;KIT PARAFUSOS CABEÇA;KIT PARAFUSOS CABEÇA;0;;
10;10284;057.510;10284;10.057.510;CATEGORIA0;;1;1;0;1;;KIT PARAFUSOS CABEÇA;KIT PARAFUSOS CABEÇA;0;;
10;10284;058.191;10284;10.058.191;CATEGORIA0;;1;1;0;1;;JUNTA CABEÇA;JUNTA CABEÇA;0;;
10;10284;058.193;10284;10.058.193;CATEGORIA0;;1;1;0;1;;JUNTA CABEÇA;JUNTA CABEÇA;0;;
10;10284;058.701;10284;10.058.701;CATEGORIA0;;1;1;0;1;;JUNTA CABEÇA;JUNTA CABEÇA;0;;
10;10284;059.031;10284;10.059.031;CATEGORIA0;;1;1;0;1;;JUNTA CABEÇA;JUNTA CABEÇA;0;;
10;10284;059.041;10284;10.059.041;CATEGORIA0;;1;1;0;1;;JUNTA CABEÇA;JUNTA CABEÇA;0;;
10;10284;059.341;10284;10.059.341;CATEGORIA0;;1;1;0;1;;JUNTA CABECA 5M;JUNTA CABECA 5M;0;;
10;10284;060.062;10284;10.060.062;CATEGORIA0;;1;1;0;1;;JUNTA T.VAL.;JUNTA T.VAL.;0;;
10;10284;060.120;10284;10.060.120;CATEGORIA0;;1;1;0;1;;RETENTOR;RETENTOR;0;;
10;10284;061.330;10284;10.061.330;CATEGORIA0;;1;1;0;1;;KIT PARAFUSOS CABEÇA;KIT PARAFUSOS CABEÇA;0;;
10;10284;061.430;10284;10.061.430;CATEGORIA0;;1;1;0;1;;JUNTAS DESCARBONIZAÇÃO;JUNTAS DESCARBONIZAÇÃO;0;;
10;10284;062.430;10284;10.062.430;CATEGORIA0;;1;1;0;1;;JUNTA T.VAL.;JUNTA T.VAL.;0;;
10;10284;063.665;10284;10.063.665;CATEGORIA0;;1;1;0;1;;RETENTOR DIFERENCIAL;RETENTOR DIFERENCIAL;0;;
10;10284;066.391;10284;10.066.391;CATEGORIA0;;1;1;0;1;;JUNTA ESCAPE;JUNTA ESCAPE;0;;
10;10284;066.670;10284;10.066.670;CATEGORIA0;;1;1;0;1;;JUNTA ESCAPE;JUNTA ESCAPE;0;;
10;10284;069.540;10284;10.069.540;CATEGORIA0;;1;1;0;1;;RETENTOR;RETENTOR;0;;
10;10284;069.590;10284;10.069.590;CATEGORIA0;;1;1;0;1;;RETENTOR;RETENTOR;0;;
10;10284;069.600;10284;10.069.600;CATEGORIA0;;1;1;0;1;;RETENTOR;RETENTOR;0;;
10;10284;071.160;10284;10.071.160;CATEGORIA0;;1;1;0;1;;JG. JUNTAS DESCARBONIZAÇÃO;JG. JUNTAS DESCARBONIZAÇÃO;0;;
10;10284;071.292;10284;10.071.292;CATEGORIA0;;1;1;0;1;;JUNTA CABEÇA;JUNTA CABEÇA;0;;
10;10284;071.330;10284;10.071.330;CATEGORIA0;;1;1;0;1;;JUNTA CARTER;JUNTA CARTER;0;;
10;10284;071.340;10284;10.071.340;CATEGORIA0;;1;1;0;1;;JUNTA CARTER;JUNTA CARTER;0;;
10;10284;071.351;10284;10.071.351;CATEGORIA0;;1;1;0;1;;JG. JUNTAS COMPLETO;JG. JUNTAS COMPLETO;0;;
10;10284;073.890;10284;10.073.890;CATEGORIA0;;1;1;0;1;;RETENTOR;RETENTOR;0;;
10;10284;073.910;10284;10.073.910;CATEGORIA0;;1;1;0;1;;RETENTOR;RETENTOR;0;;
10;10284;074.173;10284;10.074.173;CATEGORIA0;;1;1;0;1;;JUNTA T.VAL.;JUNTA T.VAL.;0;;
10;10284;074.350;10284;10.074.350;CATEGORIA0;;1;1;0;1;;JUNTA COL. ESCAPE;JUNTA COL. ESCAPE;0;;
10;10284;074.391;10284;10.074.391;CATEGORIA0;;1;1;0;1;;JUNTA CABEÇA;JUNTA CABEÇA;0;;
10;10284;074.670;10284;10.074.670;CATEGORIA0;;1;1;0;1;;JUNTAS DESCARBONIZAÇÃO;JUNTAS DESCARBONIZAÇÃO;0;;
10;10284;074.900;10284;10.074.900;CATEGORIA0;;1;1;0;1;;JUNTA CABEÇA;JUNTA CABEÇA;0;;
10;10284;074.990;10284;10.074.990;CATEGORIA0;;1;1;0;1;;JUNTA ADMISSAO;JUNTA ADMISSAO;0;;
10;10284;075.820;10284;10.075.820;CATEGORIA0;;1;1;0;1;;JUNTA CABEÇA;JUNTA CABEÇA;0;;
10;10284;075.830;10284;10.075.830;CATEGORIA0;;1;1;0;1;;JUNTA CABEÇA;JUNTA CABEÇA;0;;
10;10284;075.840;10284;10.075.840;CATEGORIA0;;1;1;0;1;;JUNTA CABEÇA;JUNTA CABEÇA;0;;
10;10284;075.850;10284;10.075.850;CATEGORIA0;;1;1;0;1;;JUNTA CABEÇA;JUNTA CABEÇA;0;;
10;10284;075.860;10284;10.075.860;CATEGORIA0;;1;1;0;1;;JUNTA CABEÇA;JUNTA CABEÇA;0;;
10;10284;075.950;10284;10.075.950;CATEGORIA0;;1;1;0;1;;JUNTA CABEÇA;JUNTA CABEÇA;0;;
10;10284;076.110;10284;10.076.110;CATEGORIA0;;1;1;0;1;;RETENTOR;RETENTOR;0;;
10;10284;076.220;10284;10.076.220;CATEGORIA0;;1;1;0;1;;RETENTOR;RETENTOR;0;;
10;10284;076.348;10284;10.076.348;CATEGORIA0;;1;1;0;1;;JUNTA CABEÇA;JUNTA CABEÇA;0;;
10;10284;076.358;10284;10.076.358;CATEGORIA0;;1;1;0;1;;JUNTA CABEÇA;JUNTA CABEÇA;0;;
10;10284;076.408;10284;10.076.408;CATEGORIA0;;1;1;0;1;;JUNTA CABEÇA;JUNTA CABEÇA;0;;
10;10284;076.780;10284;10.076.780;CATEGORIA0;;1;1;0;1;;KIT JUNTAS TAMPA VALVULAS;KIT JUNTAS TAMPA VALVULAS;0;;
10;10284;077.890;10284;10.077.890;CATEGORIA0;;1;1;0;1;;JG. PARAFUSOS CABEÇA;JG. PARAFUSOS CABEÇA;0;;
10;10284;081.440;10284;10.081.440;CATEGORIA0;;1;1;0;1;;JUNTAS DESCARBONIZAÇÃO;JUNTAS DESCARBONIZAÇÃO;0;;
10;10284;081.540;10284;10.081.540;CATEGORIA0;;1;1;0;1;;JUNTA T.VAL.;JUNTA T.VAL.;0;;
10;10284;081.690;10284;10.081.690;CATEGORIA0;;1;1;0;1;;JUNTA COLECTOR ADMISSAO;JUNTA COLECTOR ADMISSAO;0;;
10;10284;081.700;10284;10.081.700;CATEGORIA0;;1;1;0;1;;JUNTA COLECTOR ADMISSAO;JUNTA COLECTOR ADMISSAO;0;;
10;10284;087.262;10284;10.087.262;CATEGORIA0;;1;1;0;1;;JUNTA TAMPA VALVULAS;JUNTA TAMPA VALVULAS;0;;
10;10284;087.830;10284;10.087.830;CATEGORIA0;;1;1;0;1;;KIT PARAFUSOS CABEÇA;KIT PARAFUSOS CABEÇA;0;;
10;10284;092.750;10284;10.092.750;CATEGORIA0;;1;1;0;1;;JUNTA T. DISTRIBUIÇÃO;JUNTA T. DISTRIBUIÇÃO;0;;
10;10284;10.022.670;10284;10.022.670;CATEGORIA0;;1;1;0;1;;JG. PARAFUSOS CABEÇA;JG. PARAFUSOS CABEÇA;0;;
10;10284;10.130.642;10284;10.130.642;CATEGORIA0;;1;1;0;1;;JUNTA T VALVULAS;JUNTA T VALVULAS;0;;
10;10284;10.245.800;10284;10.245.800;CATEGORIA0;;1;1;0;1;;JUNTA SAIDA OLEO;JUNTA SAIDA OLEO;0;;
10;10284;10.390.440;10284;10.390.440;CATEGORIA0;;1;1;0;1;;JG. JUNTAS CONVERSÃO;JG. JUNTAS CONVERSÃO;0;;
10;10284;10.428.680;10284;10.428.680;CATEGORIA0;;1;1;0;1;;JUNTA CARTER;JUNTA CARTER;0;;
10;10284;10.449.540;10284;10.449.540;CATEGORIA0;;1;1;0;1;;JOGO JUNTAS CONVERSÃO BLOCO;JOGO JUNTAS CONVERSÃO BLOCO;0;;
10;10284;10.558.870;10284;10.558.870;CATEGORIA0;;1;1;0;1;;JOGO DE JUNTAS, CABEÇA DO CILINDRO;JOGO DE JUNTAS, CABEÇA DO CILINDRO;0;;
10;10284;10.718.220;10284;718.220;CATEGORIA0;;1;1;0;1;;JUNTA TAMPA;JUNTA TAMPA;0;;
10;10284;100.410;10284;10.100.410;CATEGORIA0;;1;1;0;1;;JUNTA CABEÇA;JUNTA CABEÇA;0;;
10;10284;100.430;10284;10.100.430;CATEGORIA0;;1;1;0;1;;JUNTA CABEÇA;JUNTA CABEÇA;0;;
10;10284;102.300;10284;10.102.300;CATEGORIA0;;1;1;0;1;;RETENTOR;RETENTOR;0;;
10;10284;104.110;10284;10.104.110;CATEGORIA0;;1;1;0;1;;JUNTA T.VAL.;JUNTA T.VAL.;0;;
10;10284;104.351;10284;10.104.351;CATEGORIA0;;1;1;0;1;;JUNTA CABEÇA;JUNTA CABEÇA;0;;
10;10284;104.360;10284;10.104.360;CATEGORIA0;;1;1;0;1;;JUNTA CABEÇA;JUNTA CABEÇA;0;;
10;10284;107.130;10284;10.107.130;CATEGORIA0;;1;1;0;1;;RETENTOR;RETENTOR;0;;
10;10284;107.270;10284;10.107.270;CATEGORIA0;;1;1;0;1;;JUNTA CABEÇA;JUNTA CABEÇA;0;;
10;10284;107.794;10284;10.107.794;CATEGORIA0;;1;1;0;1;;RETENTOR;RETENTOR;0;;
10;10284;107.940;10284;10.107.940;CATEGORIA0;;1;1;0;1;;RETENTOR;RETENTOR;0;;
10;10284;111.460;10284;10.111.460;CATEGORIA0;;1;1;0;1;;KIT PARAFUSOS CABEÇA;KIT PARAFUSOS CABEÇA;0;;
10;10284;111.470;10284;10.111.470;CATEGORIA0;;1;1;0;1;;JUNTA T.VAL.;JUNTA T.VAL.;0;;
10;10284;111.540;10284;10.111.540;CATEGORIA0;;1;1;0;1;;JUNTA ADMISSAO;JUNTA ADMISSAO;0;;
10;10284;111.590;10284;10.111.590;CATEGORIA0;;1;1;0;1;;JG. PARAFUSOS CABEÇA;JG. PARAFUSOS CABEÇA;0;;
10;10284;111.630;10284;10.111.630;CATEGORIA0;;1;1;0;1;;JG. PARAFUSOS CABEÇA;JG. PARAFUSOS CABEÇA;0;;
10;10284;112.000;10284;10.112.000;CATEGORIA0;;1;1;0;1;;JUNTA CARTER;JUNTA CARTER;0;;
10;10284;116.580;10284;10.116.580;CATEGORIA0;;1;1;0;1;;JUNTAS DESCARBONIZAÇÃO;JUNTAS DESCARBONIZAÇÃO;0;;
10;10284;118.051;10284;10.118.051;CATEGORIA0;;1;1;0;1;;JUNTA CABEÇA;JUNTA CABEÇA;0;;
10;10284;123.590;10284;10.123.590;CATEGORIA0;;1;1;0;1;;JUNTA T.VAL.;JUNTA T.VAL.;0;;
10;10284;123.740;10284;10.123.740;CATEGORIA0;;1;1;0;1;;JUNTAS DESCARBONIZAÇÃO;JUNTAS DESCARBONIZAÇÃO;0;;
10;10284;123.992;10284;10.123.992;CATEGORIA0;;1;1;0;1;;JUNTA CABEÇA;JUNTA CABEÇA;0;;
10;10284;124.002;10284;10.124.002;CATEGORIA0;;1;1;0;1;;JUNTA CABEÇA;JUNTA CABEÇA;0;;
10;10284;124.012;10284;10.124.012;CATEGORIA0;;1;1;0;1;;JUNTA CABEÇA;JUNTA CABEÇA;0;;
10;10284;124.810;10284;10.124.810;CATEGORIA0;;1;1;0;1;;KIT PARAFUSOS CABEÇA;KIT PARAFUSOS CABEÇA;0;;
10;10284;125.022;10284;10.125.022;CATEGORIA0;;1;1;0;1;;JUNTA CABEÇA;JUNTA CABEÇA;0;;
10;10284;125.930;10284;10.125.930;CATEGORIA0;;1;1;0;1;;KIT PARAFUSOS CABEÇA;KIT PARAFUSOS CABEÇA;0;;
10;10284;127.530;10284;10.127.530;CATEGORIA0;;1;1;0;1;;JUNTAS DESCARBONIZAÇÃO;JUNTAS DESCARBONIZAÇÃO;0;;
10;10284;127.540;10284;10.127.540;CATEGORIA0;;1;1;0;1;;JUNTAS CONVERÇAO;JUNTAS CONVERÇAO;0;;
10;10284;127.580;10284;10.127.580;CATEGORIA0;;1;1;0;1;;JUNTA T.VAL.;JUNTA T.VAL.;0;;
10;10284;127.610;10284;10.127.610;CATEGORIA0;;1;1;0;1;;RETENTOR;RETENTOR;0;;
10;10284;127.760;10284;10.127.760;CATEGORIA0;;1;1;0;1;;JUNTA CARTER;JUNTA CARTER;0;;
10;10284;128.210;10284;10.128.210;CATEGORIA0;;1;1;0;1;;RETENTOR;RETENTOR;0;;
10;10284;128.240;10284;10.128.240;CATEGORIA0;;1;1;0;1;;RETENTOR;RETENTOR;0;;
10;10284;128.250;10284;10.128.250;CATEGORIA0;;1;1;0;1;;RETENTOR;RETENTOR;0;;
10;10284;129.780;10284;10.129.780;CATEGORIA0;;1;1;0;1;;RETENTOR;RETENTOR;0;;
10;10284;130.440;10284;10.130.440;CATEGORIA0;;1;1;0;1;;JUNTAS DESCARBONIZAÇÃO;JUNTAS DESCARBONIZAÇÃO;0;;
10;10284;130.480;10284;10.130.480;CATEGORIA0;;1;1;0;1;;JG. JUNTA SCOLECTOR ADMISSAO;JG. JUNTA SCOLECTOR ADMISSAO;0;;
10;10284;130.592;10284;10.130.592;CATEGORIA0;;1;1;0;1;;JUNTAS DESCARBONIZAÇÃO;JUNTAS DESCARBONIZAÇÃO;0;;
10;10284;130.652;10284;10.130.652;CATEGORIA0;;1;1;0;1;;JUNTA CABEÇA 2M;JUNTA CABEÇA 2M;0;;
10;10284;130.662;10284;10.130.662;CATEGORIA0;;1;1;0;1;;JUNTA CABEÇA;JUNTA CABEÇA;0;;
10;10284;130.672;10284;10.130.672;CATEGORIA0;;1;1;0;1;;JUNTA CABEÇA;JUNTA CABEÇA;0;;
10;10284;130.682;10284;10.130.682;CATEGORIA0;;1;1;0;1;;JUNTA CABEÇA;JUNTA CABEÇA;0;;
10;10284;130.830;10284;10.130.830;CATEGORIA0;;1;1;0;1;;JG. PARAFUSOS CABEÇA;JG. PARAFUSOS CABEÇA;0;;
10;10284;131.140;10284;10.131.140;CATEGORIA0;;1;1;0;1;;JUNTAS DESCARBONIZAÇÃO;JUNTAS DESCARBONIZAÇÃO;0;;
10;10284;131.653;10284;10.131.653;CATEGORIA0;;1;1;0;1;;JUNTA T/DISTRIBUIÇÃO;JUNTA T/DISTRIBUIÇÃO;0;;
10;10284;131.860;10284;10.131.860;CATEGORIA0;;1;1;0;1;;RETENTOR;RETENTOR;0;;
10;10284;133.670;10284;10.133.670;CATEGORIA0;;1;1;0;1;;JUNTA T.VAL.;JUNTA T.VAL.;0;;
10;10284;133580;10284;10.133.580;CATEGORIA0;;1;1;0;1;;JUNTA ESCAPE;JUNTA ESCAPE;0;;
10;10284;135.072;10284;10.135.072;CATEGORIA0;;1;1;0;1;;JUNTA CABEÇA 4M;JUNTA CABEÇA 4M;0;;
10;10284;135.110;10284;10.135.110;CATEGORIA0;;1;1;0;1;;RETENTOR;RETENTOR;0;;
10;10284;135.140;10284;10.135.140;CATEGORIA0;;1;1;0;1;;RETENTOR;RETENTOR;0;;
10;10284;135.151;10284;10.135.151;CATEGORIA0;;1;1;0;1;;RETENTOR;RETENTOR;0;;
10;10284;135.180;10284;10.135.180;CATEGORIA0;;1;1;0;1;;RETENTOR;RETENTOR;0;;
10;10284;135.190;10284;10.135.190;CATEGORIA0;;1;1;0;1;;RETENTOR;RETENTOR;0;;
10;10284;135.230;10284;10.135.230;CATEGORIA0;;1;1;0;1;;JUNTA COL. ESCAPE;JUNTA COL. ESCAPE;0;;
10;10284;135.391;10284;10.135.391;CATEGORIA0;;1;1;0;1;;JUNTA DA TAMPA DE VÁLVULA;JUNTA DA TAMPA DE VÁLVULA;0;;
10;10284;135.531;10284;10.135.531;CATEGORIA0;;1;1;0;1;;JUNTA CABEÇA;JUNTA CABEÇA;0;;
10;10284;138.430;10284;10.138.430;CATEGORIA0;;1;1;0;1;;JUNTA CARTER;JUNTA CARTER;0;;
10;10284;141.970;10284;10.141.970;CATEGORIA0;;1;1;0;1;;JUNTA CABEÇA;JUNTA CABEÇA;0;;
10;10284;141.980;10284;10.141.980;CATEGORIA0;;1;1;0;1;;JUNTA CABEÇA;JUNTA CABEÇA;0;;
10;10284;142.003;10284;10.142.003;CATEGORIA0;;1;1;0;1;;JUNTA CABEÇA;JUNTA CABEÇA;0;;
10;10284;142.020;10284;10.142.020;CATEGORIA0;;1;1;0;1;;JUNTA CABEÇA;JUNTA CABEÇA;0;;
10;10284;143.031;10284;10.143.031;CATEGORIA0;;1;1;0;1;;JG. JUNTAS DESCARBONIZACAO ELRING;JG. JUNTAS DESCARBONIZACAO ELRING;0;;
10;10284;143.320;10284;10.143.320;CATEGORIA0;;1;1;0;1;;JUNTA CABEÇA;JUNTA CABEÇA;0;;
10;10284;143.930;10284;10.143.930;CATEGORIA0;;1;1;0;1;;VEDANTE VALVULA;VEDANTE VALVULA;0;;
10;10284;144.150;10284;10.144.150;CATEGORIA0;;1;1;0;1;;JUNTA CABEÇA;JUNTA CABEÇA;0;;
10;10284;144.440;10284;10.144.440;CATEGORIA0;;1;1;0;1;;JUNTAS DESCARBONIZAÇÃO;JUNTAS DESCARBONIZAÇÃO;0;;
10;10284;144.552;10284;10.144.552;CATEGORIA0;;1;1;0;1;;JG. JUNTAS DESC.;JG. JUNTAS DESC.;0;;
10;10284;147.532;10284;10.147.532;CATEGORIA0;;1;1;0;1;;JUNTA CABEÇA;JUNTA CABEÇA;0;;
10;10284;147.542;10284;10.147.542;CATEGORIA0;;1;1;0;1;;JUNTA CABEÇA;JUNTA CABEÇA;0;;
10;10284;147.552;10284;10.147.552;CATEGORIA0;;1;1;0;1;;JUNTA CABEÇA;JUNTA CABEÇA;0;;
10;10284;147.562;10284;10.147.562;CATEGORIA0;;1;1;0;1;;JUNTA CABEÇA;JUNTA CABEÇA;0;;
10;10284;147.690;10284;10.147.690;CATEGORIA0;;1;1;0;1;;JUNTAS DESCARBONIZAÇÃO;JUNTAS DESCARBONIZAÇÃO;0;;
10;10284;148.110;10284;10.148.110;CATEGORIA0;;1;1;0;1;;JG. PARAFUSOS CABEÇA;JG. PARAFUSOS CABEÇA;0;;
10;10284;148.331;10284;10.148.331;CATEGORIA0;;1;1;0;1;;JUNTA CABEÇA;JUNTA CABEÇA;0;;
10;10284;148.760;10284;10.148.760;CATEGORIA0;;1;1;0;1;;JUNTA CABEÇA;JUNTA CABEÇA;0;;
10;10284;148.770;10284;10.148.770;CATEGORIA0;;1;1;0;1;;JUNTA CABEÇA;JUNTA CABEÇA;0;;
10;10284;150.011;10284;10.150.011;CATEGORIA0;;1;1;0;1;;JUNTA CABEÇA;JUNTA CABEÇA;0;;
10;10284;150.021;10284;10.150.021;CATEGORIA0;;1;1;0;1;;JUNTA CABEÇA;JUNTA CABEÇA;0;;
10;10284;150.111;10284;10.150.111;CATEGORIA0;;1;1;0;1;;JUNTA COLECTOR;JUNTA COLECTOR;0;;
10;10284;150.153;10284;10.150.153;CATEGORIA0;;1;1;0;1;;JUNTA CABEÇA;JUNTA CABEÇA;0;;
10;10284;150.162;10284;10.150.162;CATEGORIA0;;1;1;0;1;;JUNTA CABEÇA;JUNTA CABEÇA;0;;
10;10284;150.172;10284;10.150.172;CATEGORIA0;;1;1;0;1;;JUNTA CABEÇA;JUNTA CABEÇA;0;;
10;10284;150.380;10284;10.150.380;CATEGORIA0;;1;1;0;1;;JUNTA CABEÇA;JUNTA CABEÇA;0;;
10;10284;150.390;10284;10.150.390;CATEGORIA0;;1;1;0;1;;JUNTA CABEÇA;JUNTA CABEÇA;0;;
10;10284;150.400;10284;10.150.400;CATEGORIA0;;1;1;0;1;;JUNTA CABEÇA;JUNTA CABEÇA;0;;
10;10284;150.791;10284;10.150.791;CATEGORIA0;;1;1;0;1;;JUNTA CABEÇA;JUNTA CABEÇA;0;;
10;10284;150.801;10284;10.150.801;CATEGORIA0;;1;1;0;1;;JUNTA CABEÇA;JUNTA CABEÇA;0;;
10;10284;151.490;10284;10.151.490;CATEGORIA0;;1;1;0;1;;RETENTOR;RETENTOR;0;;
10;10284;151.510;10284;10.151.510;CATEGORIA0;;1;1;0;1;;RETENTOR;RETENTOR;0;;
10;10284;151.810;10284;10.151.810;CATEGORIA0;;1;1;0;1;;RETENTOR;RETENTOR;0;;
10;10284;151.890;10284;10.151.890;CATEGORIA0;;1;1;0;1;;KIT PERNES;KIT PERNES;0;;
10;10284;151.900;10284;10.151.900;CATEGORIA0;;1;1;0;1;;JUNTA CARTER;JUNTA CARTER;0;;
10;10284;152.080;10284;10.152.080;CATEGORIA0;;1;1;0;1;;JG. PARAFUSOS CABEÇA;JG. PARAFUSOS CABEÇA;0;;
10;10284;152.420;10284;10.152.420;CATEGORIA0;;1;1;0;1;;JG. PARAFUSOS CABEÇA;JG. PARAFUSOS CABEÇA;0;;
10;10284;152.440;10284;10.152.440;CATEGORIA0;;1;1;0;1;;JG. PARAFUSOS CABEÇA;JG. PARAFUSOS CABEÇA;0;;
10;10284;152.510;10284;10.152.510;CATEGORIA0;;1;1;0;1;;JG. PARAFUSOS CABEÇA;JG. PARAFUSOS CABEÇA;0;;
10;10284;152.550;10284;10.152.550;CATEGORIA0;;1;1;0;1;;KIT PARAFUSOS CABEÇA;KIT PARAFUSOS CABEÇA;0;;
10;10284;152.780;10284;10.152.780;CATEGORIA0;;1;1;0;1;;JUNTAS DESCARBONIZAÇÃO;JUNTAS DESCARBONIZAÇÃO;0;;
10;10284;152.820;10284;10.152.820;CATEGORIA0;;1;1;0;1;;JUNTA CABEÇA;JUNTA CABEÇA;0;;
10;10284;153.002;10284;10.153.002;CATEGORIA0;;1;1;0;1;;JUNTA CABEÇA;JUNTA CABEÇA;0;;
10;10284;153.740;10284;10.153.740;CATEGORIA0;;1;1;0;1;;RETENTOR;RETENTOR;0;;
10;10284;153.830;10284;10.153.830;CATEGORIA0;;1;1;0;1;;RETENTOR;RETENTOR;0;;
10;10284;155.560;10284;10.155.560;CATEGORIA0;;1;1;0;1;;RETENTOR;RETENTOR;0;;
10;10284;156.211;10284;10.156.211;CATEGORIA0;;1;1;0;1;;JUNTA CABEÇA;JUNTA CABEÇA;0;;
10;10284;156.221;10284;10.156.221;CATEGORIA0;;1;1;0;1;;JUNTA CABEÇA;JUNTA CABEÇA;0;;
10;10284;156.770;10284;10.156.770;CATEGORIA0;;1;1;0;1;;JUNTA COL. ESCAPE;JUNTA COL. ESCAPE;0;;
10;10284;157.200;10284;10.157.200;CATEGORIA0;;1;1;0;1;;RETENTOR;RETENTOR;0;;
10;10284;157.351;10284;10.157.351;CATEGORIA0;;1;1;0;1;;JUNTA CABEÇA;JUNTA CABEÇA;0;;
10;10284;157.420;10284;10.157.420;CATEGORIA0;;1;1;0;1;;JUNTA CABEÇA ELRING 2M;JUNTA CABEÇA ELRING 2M;0;;
10;10284;157.570;10284;10.157.570;CATEGORIA0;;1;1;0;1;;JG. DESCARBONIZAÇÃO ELRING;JG. DESCARBONIZAÇÃO ELRING;0;;
10;10284;158.060;10284;10.158.060;CATEGORIA0;;1;1;0;1;;RETENTOR;RETENTOR;0;;
10;10284;158.382;10284;10.158.382;CATEGORIA0;;1;1;0;1;;JUNTA CABEÇA;JUNTA CABEÇA;0;;
10;10284;158.412;10284;10.158.412;CATEGORIA0;;1;1;0;1;;JUNTA CABECA 3M;JUNTA CABECA 3M;0;;
10;10284;158.430;10284;10.158.430;CATEGORIA0;;1;1;0;1;;RETENTOR;RETENTOR;0;;
10;10284;159.714;10284;10.159.714;CATEGORIA0;;1;1;0;1;;RETENTOR;RETENTOR;0;;
10;10284;159.730;10284;10.159.730;CATEGORIA0;;1;1;0;1;;JUNTAS CONVERÇAO;JUNTAS CONVERÇAO;0;;
10;10284;162.483;10284;10.162.483;CATEGORIA0;;1;1;0;1;;JUNTA CABEÇA;JUNTA CABEÇA;0;;
10;10284;164.261;10284;10.164.261;CATEGORIA0;;1;1;0;1;;JUNTA CABEÇA;JUNTA CABEÇA;0;;
10;10284;164.271;10284;10.164.271;CATEGORIA0;;1;1;0;1;;JUNTA CABEÇA;JUNTA CABEÇA;0;;
10;10284;164.991;10284;10.164.991;CATEGORIA0;;1;1;0;1;;JUNTA CABECA;JUNTA CABECA;0;;
10;10284;166.160;10284;10.166.160;CATEGORIA0;;1;1;0;1;;RETENTOR;RETENTOR;0;;
10;10284;167.770;10284;10.167.770;CATEGORIA0;;1;1;0;1;;JUNTAS DESCARBONIZAÇÃO;JUNTAS DESCARBONIZAÇÃO;0;;
10;10284;169.620;10284;10.169.620;CATEGORIA0;;1;1;0;1;;RETENTOR;RETENTOR;0;;
10;10284;169.650;10284;10.169.650;CATEGORIA0;;1;1;0;1;;RETENTOR;RETENTOR;0;;
10;10284;169.690;10284;10.169.690;CATEGORIA0;;1;1;0;1;;JUNTAS DESCARBONIZAÇÃO;JUNTAS DESCARBONIZAÇÃO;0;;
10;10284;174.441;10284;10.174.441;CATEGORIA0;;1;1;0;1;;JUNTA T/ VALVULAS;JUNTA T/ VALVULAS;0;;
10;10284;175.143;10284;10.175.143;CATEGORIA0;;1;1;0;1;;JUNTA CARTER;JUNTA CARTER;0;;
10;10284;175.580;10284;10.175.580;CATEGORIA0;;1;1;0;1;;JG. PARAFUSOS CABEÇA;JG. PARAFUSOS CABEÇA;0;;
10;10284;176.920;10284;10.176.920;CATEGORIA0;;1;1;0;1;;JUNTAS DESCARBONIZAÇAO;JUNTAS DESCARBONIZAÇAO;0;;
10;10284;178.950;10284;10.178.950;CATEGORIA0;;1;1;0;1;;RETENTOR;RETENTOR;0;;
10;10284;180.130;10284;10.180.130;CATEGORIA0;;1;1;0;1;;JUNTA CABEÇA;JUNTA CABEÇA;0;;
10;10284;180.260;10284;10.180.260;CATEGORIA0;;1;1;0;1;;JUNTAS DESCARBONIZAÇÃO;JUNTAS DESCARBONIZAÇÃO;0;;
10;10284;180.270;10284;10.180.270;CATEGORIA0;;1;1;0;1;;JUNTA CABEÇA;JUNTA CABEÇA;0;;
10;10284;180.380;10284;10.180.380;CATEGORIA0;;1;1;0;1;;JUNTAS DESCARBONIZAÇÃO;JUNTAS DESCARBONIZAÇÃO;0;;
10;10284;180.400;10284;10.180.400;CATEGORIA0;;1;1;0;1;;JUNTAS DESCARBONIZAÇÃO;JUNTAS DESCARBONIZAÇÃO;0;;
10;10284;181.320;10284;10.181.320;CATEGORIA0;;1;1;0;1;;JUNTAS DESCARBONIZAÇÃO;JUNTAS DESCARBONIZAÇÃO;0;;
10;10284;181.470;10284;10.181.470;CATEGORIA0;;1;1;0;1;;JUNTA CABEÇA;JUNTA CABEÇA;0;;
10;10284;181.520;10284;10.181.520;CATEGORIA0;;1;1;0;1;;JUNTAS DESCARBONIZAÇÃO;JUNTAS DESCARBONIZAÇÃO;0;;
10;10284;181.870;10284;10.181.870;CATEGORIA0;;1;1;0;1;;JUNTA CABEÇA;JUNTA CABEÇA;0;;
10;10284;183.583;10284;10.183.583;CATEGORIA0;;1;1;0;1;;JUNTA T.VAL.;JUNTA T.VAL.;0;;
10;10284;183.890;10284;10.183.890;CATEGORIA0;;1;1;0;1;;JUNTAS DESCARBONIZAÇÃO;JUNTAS DESCARBONIZAÇÃO;0;;
10;10284;186.381;10284;10.186.381;CATEGORIA0;;1;1;0;1;;JUNTA CABEÇA;JUNTA CABEÇA;0;;
10;10284;186.421;10284;10.186.421;CATEGORIA0;;1;1;0;1;;JUNTA CABEÇA;JUNTA CABEÇA;0;;
10;10284;186.542;10284;10.186.542;CATEGORIA0;;1;1;0;1;;JUNTA CABEÇA;JUNTA CABEÇA;0;;
10;10284;187.400;10284;10.187.400;CATEGORIA0;;1;1;0;1;;JUNTAS DESCARBONIZAÇÃO;JUNTAS DESCARBONIZAÇÃO;0;;
10;10284;187.680;10284;10.187.680;CATEGORIA0;;1;1;0;1;;JG. JUNTAS DESC;JG. JUNTAS DESC;0;;
10;10284;189.380;10284;10.189.380;CATEGORIA0;;1;1;0;1;;KIT PARAFUSOS CABEÇA;KIT PARAFUSOS CABEÇA;0;;
10;10284;191.320;10284;10.191.320;CATEGORIA0;;1;1;0;1;;RETENTOR;RETENTOR;0;;
10;10284;191.698;10284;10.191.698;CATEGORIA0;;1;1;0;1;;JUNTA T.VAL.;JUNTA T.VAL.;0;;
10;10284;193.130;10284;10.193.130;CATEGORIA0;;1;1;0;1;;JUNTA CABECA;JUNTA CABECA;0;;
10;10284;193.216;10284;10.193.216;CATEGORIA0;;1;1;0;1;;JUNTA T.VAL.;JUNTA T.VAL.;0;;
10;10284;194.020;10284;10.194.020;CATEGORIA0;;1;1;0;1;;JUNTA T.VAL.;JUNTA T.VAL.;0;;
10;10284;194.220;10284;10.194.220;CATEGORIA0;;1;1;0;1;;JUNTA TAMPA VALVULAS;JUNTA TAMPA VALVULAS;0;;
10;10284;195.740;10284;10.195.740;CATEGORIA0;;1;1;0;1;;RETENTOR;RETENTOR;0;;
10;10284;196.260;10284;10.196.260;CATEGORIA0;;1;1;0;1;;JG. JUNTAS DESC.;JG. JUNTAS DESC.;0;;
10;10284;197.710;10284;10.197.710;CATEGORIA0;;1;1;0;1;;JUNTA CABEÇA 3 MOSCAS;JUNTA CABEÇA 3 MOSCAS;0;;
10;10284;198.080;10284;10.198.080;CATEGORIA0;;1;1;0;1;;JUNTA T/ VALVULAS;JUNTA T/ VALVULAS;0;;
10;10284;198.230;10284;10.198.230;CATEGORIA0;;1;1;0;1;;JUNTAS DESCARBONIZAÇÃO;JUNTAS DESCARBONIZAÇÃO;0;;
10;10284;198.660;10284;10.198.660;CATEGORIA0;;1;1;0;1;;JUNTAS DESCARBONIZAÇÃO;JUNTAS DESCARBONIZAÇÃO;0;;
10;10284;198.900;10284;10.198.900;CATEGORIA0;;1;1;0;1;;JUNTAS DESCARBONIZAÇÃO;JUNTAS DESCARBONIZAÇÃO;0;;
10;10284;199.000;10284;10.199.000;CATEGORIA0;;1;1;0;1;;JUNTA T.VAL.;JUNTA T.VAL.;0;;
10;10284;199.010;10284;10.199.010;CATEGORIA0;;1;1;0;1;;JUNTA T.VAL.;JUNTA T.VAL.;0;;
10;10284;199.080;10284;10.199.080;CATEGORIA0;;1;1;0;1;;JUNTA T. VALVULAS;JUNTA T. VALVULAS;0;;
10;10284;199.160;10284;10.199.160;CATEGORIA0;;1;1;0;1;;JUNTA T. VALVULAS;JUNTA T. VALVULAS;0;;
10;10284;199.191;10284;10.199.191;CATEGORIA0;;1;1;0;1;;RETENTOR;RETENTOR;0;;
10;10284;199.220;10284;10.199.220;CATEGORIA0;;1;1;0;1;;RETENTOR;RETENTOR;0;;
10;10284;199.230;10284;10.199.230;CATEGORIA0;;1;1;0;1;;RETENTOR;RETENTOR;0;;
10;10284;199.440;10284;10.199.440;CATEGORIA0;;1;1;0;1;;JG. VEDANTES VALVULA;JG. VEDANTES VALVULA;0;;
10;10284;207.140;10284;10.207.140;CATEGORIA0;;1;1;0;1;;JUNTA CABEÇA;JUNTA CABEÇA;0;;
10;10284;211.770;10284;10.211.770;CATEGORIA0;;1;1;0;1;;JUNTA T.VAL.;JUNTA T.VAL.;0;;
10;10284;212.750;10284;10.212.750;CATEGORIA0;;1;1;0;1;;JUNTA CARTER;JUNTA CARTER;0;;
10;10284;212.840;10284;10.212.840;CATEGORIA0;;1;1;0;1;;JUNTA CARTER;JUNTA CARTER;0;;
10;10284;214.500;10284;10.214.500;CATEGORIA0;;1;1;0;1;;JUNTA EGR;JUNTA EGR;0;;
10;10284;214.700;10284;10.214.700;CATEGORIA0;;1;1;0;1;;JUNTAS DESCARBONIZAÇÃO;JUNTAS DESCARBONIZAÇÃO;0;;
10;10284;214.711;10284;10.214.711;CATEGORIA0;;1;1;0;1;;JUNTAS DESCARBONIZAÇÃO;JUNTAS DESCARBONIZAÇÃO;0;;
10;10284;214.800;10284;10.214.800;CATEGORIA0;;1;1;0;1;;JG. VEDANTES VÁLVULA;JG. VEDANTES VÁLVULA;0;;
10;10284;214.850;10284;10.214.850;CATEGORIA0;;1;1;0;1;;JUNTA T.VAL.;JUNTA T.VAL.;0;;
10;10284;214.990;10284;10.214.990;CATEGORIA0;;1;1;0;1;;JUNTA CABEÇA;JUNTA CABEÇA;0;;
10;10284;215.120;10284;10.215.120;CATEGORIA0;;1;1;0;1;;JUNTA ADMISSAO;JUNTA ADMISSAO;0;;
10;10284;216.730;10284;10.216.730;CATEGORIA0;;1;1;0;1;;JG. VEDANTES VALV.;JG. VEDANTES VALV.;0;;
10;10284;217.021;10284;10.217.021;CATEGORIA0;;1;1;0;1;;JUNTA CABEÇA 1M;JUNTA CABEÇA 1M;0;;
10;10284;217.031;10284;10.217.031;CATEGORIA0;;1;1;0;1;;JUNTA CABEÇA;JUNTA CABEÇA;0;;
10;10284;218.890;10284;10.218.890;CATEGORIA0;;1;1;0;1;;JUNTA CABEÇA;JUNTA CABEÇA;0;;
10;10284;219.230;10284;10.219.230;CATEGORIA0;;1;1;0;1;;JUNTAS DESCARBONIZAÇÃO;JUNTAS DESCARBONIZAÇÃO;0;;
10;10284;219.240;10284;10.219.240;CATEGORIA0;;1;1;0;1;;JUNTAS DESCARBONIZAÇÃO;JUNTAS DESCARBONIZAÇÃO;0;;
10;10284;219.612;10284;10.219.612;CATEGORIA0;;1;1;0;1;;JUNTA CABEÇA;JUNTA CABEÇA;0;;
10;10284;219.691;10284;10.219.691;CATEGORIA0;;1;1;0;1;;JUNTA CABEÇA;JUNTA CABEÇA;0;;
10;10284;219.721;10284;10.219.721;CATEGORIA0;;1;1;0;1;;JUNTA CABEÇA;JUNTA CABEÇA;0;;
10;10284;219.861;10284;10.219.861;CATEGORIA0;;1;1;0;1;;JUNTA CABEÇA;JUNTA CABEÇA;0;;
10;10284;220.190;10284;10.220.190;CATEGORIA0;;1;1;0;1;;JUNTAS DESCARBONIZAÇÃO;JUNTAS DESCARBONIZAÇÃO;0;;
10;10284;221.980;10284;10.221.980;CATEGORIA0;;1;1;0;1;;JG. JUNTAS COMP.;JG. JUNTAS COMP.;0;;
10;10284;227.180;10284;10.227.180;CATEGORIA0;;1;1;0;1;;JUNTA ESCAPE;JUNTA ESCAPE;0;;
10;10284;227.530;10284;10.227.530;CATEGORIA0;;1;1;0;1;;JUNTA ESCAPE;JUNTA ESCAPE;0;;
10;10284;227.609;10284;10.227.609;CATEGORIA0;;1;1;0;1;;RETENTOR;RETENTOR;0;;
10;10284;227.640;10284;10.227.640;CATEGORIA0;;1;1;0;1;;JUNTAS REPARAÇÃO;JUNTAS REPARAÇÃO;0;;
10;10284;227.830;10284;10.227.830;CATEGORIA0;;1;1;0;1;;JUNTA CABEÇA;JUNTA CABEÇA;0;;
10;10284;228.480;10284;10.228.480;CATEGORIA0;;1;1;0;1;;RETENTOR;RETENTOR;0;;
10;10284;228.532;10284;10.228.532;CATEGORIA0;;1;1;0;1;;JUNTA CABEÇA;JUNTA CABEÇA;0;;
10;10284;228.680;10284;10.228.680;CATEGORIA0;;1;1;0;1;;JUNTAS COLECTOR  ADMISSÃO;JUNTAS COLECTOR  ADMISSÃO;0;;
10;10284;230.521;10284;10.230.521;CATEGORIA0;;1;1;0;1;;JUNTA CABEÇA ELRING 3M;JUNTA CABEÇA ELRING 3M;0;;
10;10284;232.820;10284;10.232.820;CATEGORIA0;;1;1;0;1;;JUNTA ÓLEO;JUNTA ÓLEO;0;;
10;10284;233.370;10284;10.233.370;CATEGORIA0;;1;1;0;1;;KIT PARAFUSOS CABEÇA;KIT PARAFUSOS CABEÇA;0;;
10;10284;234.640;10284;10.234.640;CATEGORIA0;;1;1;0;1;;KIT PARAFUSOS CABEÇA;KIT PARAFUSOS CABEÇA;0;;
10;10284;235.381;10284;10.235.381;CATEGORIA0;;1;1;0;1;;JUNTA CABEÇA;JUNTA CABEÇA;0;;
10;10284;235.900;10284;10.235.900;CATEGORIA0;;1;1;0;1;;JG JUNTAS RADIADOR OLEO;JG JUNTAS RADIADOR OLEO;0;;
10;10284;235.920;10284;10.235.920;CATEGORIA0;;1;1;0;1;;JG.JUNTAS;JG.JUNTAS;0;;
10;10284;236.170;10284;10.236.170;CATEGORIA0;;1;1;0;1;;JUNTAS DESCARBONIZAÇÃO;JUNTAS DESCARBONIZAÇÃO;0;;
10;10284;236.300;10284;10.236.300;CATEGORIA0;;1;1;0;1;;JUNTAS DESCARBONIZAÇÃO;JUNTAS DESCARBONIZAÇÃO;0;;
10;10284;236.760;10284;10.236.760;CATEGORIA0;;1;1;0;1;;JUNTAS DESCARBONIZAÇÃO;JUNTAS DESCARBONIZAÇÃO;0;;
10;10284;237.250;10284;10.237.250;CATEGORIA0;;1;1;0;1;;RETENTOR;RETENTOR;0;;
10;10284;237.390;10284;10.237.390;CATEGORIA0;;1;1;0;1;;JG JUNTAS;JG JUNTAS;0;;