292;10267;01.74.5515;10267;01.74.5515;CATEGORIA0;;1;1;0;1;;CAIXA DIREÇÃO;CAIXA DIREÇÃO;0;;
292;10267;01.74.5520;10267;01.74.5520;CATEGORIA0;;1;1;0;1;;CAIXA DIREÇÃO;CAIXA DIREÇÃO;0;;
292;10267;01.74.5800;10267;01.74.5800;CATEGORIA0;;1;1;0;1;;CAIXA DIREÇÃO;CAIXA DIREÇÃO;0;;
292;10267;01.74.5900;10267;01.74.5900;CATEGORIA0;;1;1;0;1;;CAIXA DIREÇÃO;CAIXA DIREÇÃO;0;;
292;10267;01.74.6000;10267;01.74.6000;CATEGORIA0;;1;1;0;1;;CAIXA DIREÇÃO;CAIXA DIREÇÃO;0;;
292;10267;01.76.2100;10267;01.76.2100;CATEGORIA0;;1;1;0;1;;CAIXA DIREÇÃO;CAIXA DIREÇÃO;0;;
292;10267;01.76.2120;10267;01.76.2120;CATEGORIA0;;1;1;0;1;;CAIXA DIREÇÃO;CAIXA DIREÇÃO;0;;
292;10267;01.76.2175;10267;01.76.2175;CATEGORIA0;;1;1;0;1;;CAIXA DIREÇÃO;CAIXA DIREÇÃO;0;;
292;10267;01.76.2200;10267;01.76.2200;CATEGORIA0;;1;1;0;1;;CAIXA DIREÇÃO;CAIXA DIREÇÃO;0;;
292;10267;01.76.2250;10267;01.76.2250;CATEGORIA0;;1;1;0;1;;CAIXA DIREÇÃO;CAIXA DIREÇÃO;0;;
292;10267;01.76.2260;10267;01.76.2260;CATEGORIA0;;1;1;0;1;;CAIXA DIREÇÃO;CAIXA DIREÇÃO;0;;
292;10267;01.76.2270;10267;01.76.2270;CATEGORIA0;;1;1;0;1;;CAIXA DIREÇÃO;CAIXA DIREÇÃO;0;;
292;10267;01.76.2300;10267;01.76.2300;CATEGORIA0;;1;1;0;1;;CAIXA DIREÇÃO;CAIXA DIREÇÃO;0;;
292;10267;01.76.2302;10267;01.76.2302;CATEGORIA0;;1;1;0;1;;CAIXA DIREÇÃO;CAIXA DIREÇÃO;0;;
292;10267;01.78.1100;10267;01.78.1100;CATEGORIA0;;1;1;0;1;;CAIXA DIREÇÃO;CAIXA DIREÇÃO;0;;
292;10267;01.78.1111;10267;01.78.1111;CATEGORIA0;;1;1;0;1;;CAIXA DIREÇÃO;CAIXA DIREÇÃO;0;;
292;10267;01.80.1500;10267;01.80.1500;CATEGORIA0;;1;1;0;1;;CAIXA DIREÇÃO;CAIXA DIREÇÃO;0;;
292;10267;01.80.3100;10267;01.80.3100;CATEGORIA0;;1;1;0;1;;CAIXA DIREÇÃO;CAIXA DIREÇÃO;0;;
292;10267;01.83.4500;10267;01.83.4500;CATEGORIA0;;1;1;0;1;;CAIXA DIREÇÃO;CAIXA DIREÇÃO;0;;
292;10267;01.83.4550;10267;01.83.4550;CATEGORIA0;;1;1;0;1;;CAIXA DIREÇÃO;CAIXA DIREÇÃO;0;;
292;10267;01.83.4570;10267;01.83.4570;CATEGORIA0;;1;1;0;1;;CAIXA DIREÇÃO;CAIXA DIREÇÃO;0;;
292;10267;01.83.4590;10267;01.83.4590;CATEGORIA0;;1;1;0;1;;CAIXA DIREÇÃO;CAIXA DIREÇÃO;0;;
292;10267;01.83.4650;10267;01.83.4650;CATEGORIA0;;1;1;0;1;;CAIXA DIREÇÃO;CAIXA DIREÇÃO;0;;
292;10267;01.83.4800;10267;01.83.4800;CATEGORIA0;;1;1;0;1;;CAIXA DIREÇÃO;CAIXA DIREÇÃO;0;;
292;10267;01.83.4802;10267;01.83.4802;CATEGORIA0;;1;1;0;1;;CAIXA DIREÇÃO;CAIXA DIREÇÃO;0;;
292;10267;01.83.4900;10267;01.83.4900;CATEGORIA0;;1;1;0;1;;CAIXA DIREÇÃO;CAIXA DIREÇÃO;0;;
292;10267;01.83.5000;10267;01.83.5000;CATEGORIA0;;1;1;0;1;;CAIXA DIREÇÃO;CAIXA DIREÇÃO;0;;
292;10267;01.85.2200;10267;01.85.2200;CATEGORIA0;;1;1;0;1;;CAIXA DIREÇÃO;CAIXA DIREÇÃO;0;;
292;10267;01.85.2300;10267;01.85.2300;CATEGORIA0;;1;1;0;1;;CAIXA DIREÇÃO;CAIXA DIREÇÃO;0;;
292;10267;01.85.2400;10267;01.85.2400;CATEGORIA0;;1;1;0;1;;CAIXA DIREÇÃO;CAIXA DIREÇÃO;0;;
292;10267;01.85.2405;10267;01.85.2405;CATEGORIA0;;1;1;0;1;;CAIXA DIREÇÃO;CAIXA DIREÇÃO;0;;
292;10267;01.85.2500;10267;01.85.2500;CATEGORIA0;;1;1;0;1;;CAIXA DIREÇÃO;CAIXA DIREÇÃO;0;;
292;10267;01.85.2600;10267;01.85.2600;CATEGORIA0;;1;1;0;1;;CAIXA DIREÇÃO;CAIXA DIREÇÃO;0;;
292;10267;01.85.2700;10267;01.85.2700;CATEGORIA0;;1;1;0;1;;CAIXA DIREÇÃO;CAIXA DIREÇÃO;0;;
292;10267;01.87.4300;10267;01.87.4300;CATEGORIA0;;1;1;0;1;;CAIXA DIREÇÃO;CAIXA DIREÇÃO;0;;
292;10267;01.87.4500;10267;01.87.4500;CATEGORIA0;;1;1;0;1;;CAIXA DIREÇÃO;CAIXA DIREÇÃO;0;;
292;10267;01.87.4505;10267;01.87.4505;CATEGORIA0;;1;1;0;1;;CAIXA DIREÇÃO;CAIXA DIREÇÃO;0;;
292;10267;01.87.9000;10267;01.87.9000;CATEGORIA0;;1;1;0;1;;CAIXA DIREÇÃO;CAIXA DIREÇÃO;0;;
292;10267;01.87.9500;10267;01.87.9500;CATEGORIA0;;1;1;0;1;;CAIXA DIREÇÃO;CAIXA DIREÇÃO;0;;
292;10267;01.89.1000;10267;01.89.1000;CATEGORIA0;;1;1;0;1;;CAIXA DIREÇÃO;CAIXA DIREÇÃO;0;;
292;10267;01.91.1200;10267;01.91.1200;CATEGORIA0;;1;1;0;1;;CAIXA DIREÇÃO;CAIXA DIREÇÃO;0;;
292;10267;01.91.1205;10267;01.91.1205;CATEGORIA0;;1;1;0;1;;CAIXA DIREÇÃO;CAIXA DIREÇÃO;0;;
292;10267;01.91.1210;10267;01.91.1210;CATEGORIA0;;1;1;0;1;;CAIXA DIREÇÃO;CAIXA DIREÇÃO;0;;
292;10267;01.91.1215;10267;01.91.1215;CATEGORIA0;;1;1;0;1;;CAIXA DIREÇÃO;CAIXA DIREÇÃO;0;;
292;10267;01.91.1225;10267;01.91.1225;CATEGORIA0;;1;1;0;1;;CAIXA DIREÇÃO;CAIXA DIREÇÃO;0;;
292;10267;01.91.1240;10267;01.91.1240;CATEGORIA0;;1;1;0;1;;CAIXA DIREÇÃO;CAIXA DIREÇÃO;0;;
292;10267;01.93.1325;10267;01.93.1325;CATEGORIA0;;1;1;0;1;;CAIXA DIREÇÃO;CAIXA DIREÇÃO;0;;
292;10267;01.93.1327;10267;01.93.1327;CATEGORIA0;;1;1;0;1;;CAIXA DIREÇÃO;CAIXA DIREÇÃO;0;;
292;10267;01.93.1410;10267;01.93.1410;CATEGORIA0;;1;1;0;1;;CAIXA DIREÇÃO;CAIXA DIREÇÃO;0;;
292;10267;01.93.1412;10267;01.93.1412;CATEGORIA0;;1;1;0;1;;CAIXA DIREÇÃO;CAIXA DIREÇÃO;0;;
292;10267;01.93.1414;10267;01.93.1414;CATEGORIA0;;1;1;0;1;;CAIXA DIREÇÃO;CAIXA DIREÇÃO;0;;
292;10267;01.93.1415;10267;01.93.1415;CATEGORIA0;;1;1;0;1;;CAIXA DIREÇÃO;CAIXA DIREÇÃO;0;;
292;10267;01.93.1420;10267;01.93.1420;CATEGORIA0;;1;1;0;1;;CAIXA DIREÇÃO;CAIXA DIREÇÃO;0;;
292;10267;01.93.1480;10267;01.93.1480;CATEGORIA0;;1;1;0;1;;CAIXA DIREÇÃO;CAIXA DIREÇÃO;0;;
292;10267;01.93.1482;10267;01.93.1482;CATEGORIA0;;1;1;0;1;;CAIXA DIREÇÃO;CAIXA DIREÇÃO;0;;
292;10267;01.93.1483;10267;01.93.1483;CATEGORIA0;;1;1;0;1;;CAIXA DIREÇÃO;CAIXA DIREÇÃO;0;;
292;10267;01.93.1485;10267;01.93.1485;CATEGORIA0;;1;1;0;1;;CAIXA DIREÇÃO;CAIXA DIREÇÃO;0;;
292;10267;01.93.1490;10267;01.93.1490;CATEGORIA0;;1;1;0;1;;CAIXA DIREÇÃO;CAIXA DIREÇÃO;0;;
292;10267;01.93.1520;10267;01.93.1520;CATEGORIA0;;1;1;0;1;;CAIXA DIREÇÃO;CAIXA DIREÇÃO;0;;
292;10267;01.93.1530;10267;01.93.1530;CATEGORIA0;;1;1;0;1;;CAIXA DIREÇÃO;CAIXA DIREÇÃO;0;;
292;10267;01.93.1550;10267;01.93.1550;CATEGORIA0;;1;1;0;1;;CAIXA DIREÇÃO;CAIXA DIREÇÃO;0;;
292;10267;01.93.1560;10267;01.93.1560;CATEGORIA0;;1;1;0;1;;CAIXA DIREÇÃO;CAIXA DIREÇÃO;0;;
292;10267;01.93.1570;10267;01.93.1570;CATEGORIA0;;1;1;0;1;;CAIXA DIREÇÃO;CAIXA DIREÇÃO;0;;
292;10267;01.93.1580;10267;01.93.1580;CATEGORIA0;;1;1;0;1;;CAIXA DIREÇÃO;CAIXA DIREÇÃO;0;;
292;10267;01.93.1590;10267;01.93.1590;CATEGORIA0;;1;1;0;1;;CAIXA DIREÇÃO;CAIXA DIREÇÃO;0;;
292;10267;01.93.1700;10267;01.93.1700;CATEGORIA0;;1;1;0;1;;CAIXA DIREÇÃO;CAIXA DIREÇÃO;0;;
292;10267;01.93.1800;10267;01.93.1800;CATEGORIA0;;1;1;0;1;;CAIXA DIREÇÃO;CAIXA DIREÇÃO;0;;
292;10267;01.93.2000;10267;01.93.2000;CATEGORIA0;;1;1;0;1;;CAIXA DIREÇÃO;CAIXA DIREÇÃO;0;;
292;10267;01.93.2020;10267;01.93.2020;CATEGORIA0;;1;1;0;1;;CAIXA DIREÇÃO;CAIXA DIREÇÃO;0;;
292;10267;01.93.2030;10267;01.93.2030;CATEGORIA0;;1;1;0;1;;CAIXA DIREÇÃO;CAIXA DIREÇÃO;0;;
292;10267;01.93.2050;10267;01.93.2050;CATEGORIA0;;1;1;0;1;;CAIXA DIREÇÃO;CAIXA DIREÇÃO;0;;
292;10267;01.93.2060;10267;01.93.2060;CATEGORIA0;;1;1;0;1;;CAIXA DIREÇÃO;CAIXA DIREÇÃO;0;;
292;10267;01.93.2070;10267;01.93.2070;CATEGORIA0;;1;1;0;1;;CAIXA DIREÇÃO;CAIXA DIREÇÃO;0;;
292;10267;01.93.2075;10267;01.93.2075;CATEGORIA0;;1;1;0;1;;CAIXA DIREÇÃO;CAIXA DIREÇÃO;0;;
292;10267;01.93.2076;10267;01.93.2076;CATEGORIA0;;1;1;0;1;;CAIXA DIREÇÃO;CAIXA DIREÇÃO;0;;
292;10267;01.93.2080;10267;01.93.2080;CATEGORIA0;;1;1;0;1;;CAIXA DIREÇÃO;CAIXA DIREÇÃO;0;;
292;10267;01.93.2400;10267;01.93.2400;CATEGORIA0;;1;1;0;1;;CAIXA DIREÇÃO;CAIXA DIREÇÃO;0;;
292;10267;01.93.3000;10267;01.93.3000;CATEGORIA0;;1;1;0;1;;CAIXA DIREÇÃO;CAIXA DIREÇÃO;0;;
292;10267;01.93.3400;10267;01.93.3400;CATEGORIA0;;1;1;0;1;;CAIXA DIREÇÃO;CAIXA DIREÇÃO;0;;
292;10267;01.93.3500;10267;01.93.3500;CATEGORIA0;;1;1;0;1;;CAIXA DIREÇÃO;CAIXA DIREÇÃO;0;;
292;10267;01.93.4000;10267;01.93.4000;CATEGORIA0;;1;1;0;1;;CAIXA DIREÇÃO;CAIXA DIREÇÃO;0;;
292;10267;01.93.4003;10267;01.93.4003;CATEGORIA0;;1;1;0;1;;CAIXA DIREÇÃO;CAIXA DIREÇÃO;0;;
292;10267;01.94.4000;10267;01.94.4000;CATEGORIA0;;1;1;0;1;;CAIXA DIREÇÃO;CAIXA DIREÇÃO;0;;
292;10267;01.96.2965;10267;01.96.2965;CATEGORIA0;;1;1;0;1;;CAIXA DIREÇÃO;CAIXA DIREÇÃO;0;;
292;10267;01.96.2966;10267;01.96.2966;CATEGORIA0;;1;1;0;1;;CAIXA DIREÇÃO;CAIXA DIREÇÃO;0;;
292;10267;01.96.2970;10267;01.96.2970;CATEGORIA0;;1;1;0;1;;CAIXA DIREÇÃO;CAIXA DIREÇÃO;0;;
292;10267;01.96.2971;10267;01.96.2971;CATEGORIA0;;1;1;0;1;;CAIXA DIREÇÃO;CAIXA DIREÇÃO;0;;
292;10267;01.96.2975;10267;01.96.2975;CATEGORIA0;;1;1;0;1;;CAIXA DIREÇÃO;CAIXA DIREÇÃO;0;;
292;10267;01.96.2976;10267;01.96.2976;CATEGORIA0;;1;1;0;1;;CAIXA DIREÇÃO;CAIXA DIREÇÃO;0;;
292;10267;01.96.2980;10267;01.96.2980;CATEGORIA0;;1;1;0;1;;CAIXA DIREÇÃO;CAIXA DIREÇÃO;0;;
292;10267;01.96.2981;10267;01.96.2981;CATEGORIA0;;1;1;0;1;;CAIXA DIREÇÃO;CAIXA DIREÇÃO;0;;
292;10267;01.96.2982;10267;01.96.2982;CATEGORIA0;;1;1;0;1;;CAIXA DIREÇÃO;CAIXA DIREÇÃO;0;;
292;10267;01.96.3005;10267;01.96.3005;CATEGORIA0;;1;1;0;1;;CAIXA DIREÇÃO;CAIXA DIREÇÃO;0;;
292;10267;01.96.3010;10267;01.96.3010;CATEGORIA0;;1;1;0;1;;CAIXA DIREÇÃO;CAIXA DIREÇÃO;0;;
292;10267;01.96.3015;10267;01.96.3015;CATEGORIA0;;1;1;0;1;;CAIXA DIREÇÃO;CAIXA DIREÇÃO;0;;
292;10267;01.96.3016;10267;01.96.3016;CATEGORIA0;;1;1;0;1;;CAIXA DIREÇÃO;CAIXA DIREÇÃO;0;;
292;10267;01.96.3020;10267;01.96.3020;CATEGORIA0;;1;1;0;1;;CAIXA DIREÇÃO;CAIXA DIREÇÃO;0;;
292;10267;01.96.3025;10267;01.96.3025;CATEGORIA0;;1;1;0;1;;CAIXA DIREÇÃO;CAIXA DIREÇÃO;0;;
292;10267;01.96.3050;10267;01.96.3050;CATEGORIA0;;1;1;0;1;;CAIXA DIREÇÃO;CAIXA DIREÇÃO;0;;
292;10267;01.96.3100;10267;01.96.3100;CATEGORIA0;;1;1;0;1;;CAIXA DIREÇÃO;CAIXA DIREÇÃO;0;;
292;10267;01.96.3200;10267;01.96.3200;CATEGORIA0;;1;1;0;1;;CAIXA DIREÇÃO;CAIXA DIREÇÃO;0;;
292;10267;01.96.3210;10267;01.96.3210;CATEGORIA0;;1;1;0;1;;CAIXA DIREÇÃO;CAIXA DIREÇÃO;0;;
292;10267;01.96.3211;10267;01.96.3211;CATEGORIA0;;1;1;0;1;;CAIXA DIREÇÃO;CAIXA DIREÇÃO;0;;
292;10267;01.96.3212;10267;01.96.3212;CATEGORIA0;;1;1;0;1;;CAIXA DIREÇÃO;CAIXA DIREÇÃO;0;;
292;10267;01.96.3300;10267;01.96.3300;CATEGORIA0;;1;1;0;1;;CAIXA DIREÇÃO;CAIXA DIREÇÃO;0;;
292;10267;01.96.3450;10267;01.96.3450;CATEGORIA0;;1;1;0;1;;CAIXA DIREÇÃO;CAIXA DIREÇÃO;0;;
292;10267;01.96.3500;10267;01.96.3500;CATEGORIA0;;1;1;0;1;;CAIXA DIREÇÃO;CAIXA DIREÇÃO;0;;
292;10267;01.96.3502;10267;01.96.3502;CATEGORIA0;;1;1;0;1;;CAIXA DIREÇÃO;CAIXA DIREÇÃO;0;;
292;10267;01.96.3520;10267;01.96.3520;CATEGORIA0;;1;1;0;1;;CAIXA DIREÇÃO;CAIXA DIREÇÃO;0;;
292;10267;01.96.3550;10267;01.96.3550;CATEGORIA0;;1;1;0;1;;CAIXA DIREÇÃO;CAIXA DIREÇÃO;0;;
292;10267;01.96.3555;10267;01.96.3555;CATEGORIA0;;1;1;0;1;;CAIXA DIREÇÃO;CAIXA DIREÇÃO;0;;
292;10267;01.96.3600;10267;01.96.3600;CATEGORIA0;;1;1;0;1;;CAIXA DIREÇÃO;CAIXA DIREÇÃO;0;;
292;10267;01.96.3650;10267;01.96.3650;CATEGORIA0;;1;1;0;1;;CAIXA DIREÇÃO;CAIXA DIREÇÃO;0;;
292;10267;01.98.5240;10267;01.98.5240;CATEGORIA0;;1;1;0;1;;CAIXA DIREÇÃO;CAIXA DIREÇÃO;0;;
292;10267;01.98.5250;10267;01.98.5250;CATEGORIA0;;1;1;0;1;;CAIXA DIREÇÃO;CAIXA DIREÇÃO;0;;
292;10267;01.98.5260;10267;01.98.5260;CATEGORIA0;;1;1;0;1;;CAIXA DIREÇÃO;CAIXA DIREÇÃO;0;;
292;10267;01.98.5270;10267;01.98.5270;CATEGORIA0;;1;1;0;1;;CAIXA DIREÇÃO;CAIXA DIREÇÃO;0;;
292;10267;01.98.5360;10267;01.98.5360;CATEGORIA0;;1;1;0;1;;CAIXA DIREÇÃO;CAIXA DIREÇÃO;0;;
292;10267;01.98.5440;10267;01.98.5440;CATEGORIA0;;1;1;0;1;;CAIXA DIREÇÃO;CAIXA DIREÇÃO;0;;
292;10267;01.98.5450;10267;01.98.5450;CATEGORIA0;;1;1;0;1;;CAIXA DIREÇÃO;CAIXA DIREÇÃO;0;;
292;10267;01.98.5740;10267;01.98.5740;CATEGORIA0;;1;1;0;1;;CAIXA DIREÇÃO;CAIXA DIREÇÃO;0;;
292;10267;01.98.5750;10267;01.98.5750;CATEGORIA0;;1;1;0;1;;CAIXA DIREÇÃO;CAIXA DIREÇÃO;0;;
292;10267;01.98.5800;10267;01.98.5800;CATEGORIA0;;1;1;0;1;;CAIXA DIREÇÃO;CAIXA DIREÇÃO;0;;
292;10267;01.98.5815;10267;01.98.5815;CATEGORIA0;;1;1;0;1;;CAIXA DIREÇÃO;CAIXA DIREÇÃO;0;;
292;10267;01.98.5816;10267;01.98.5816;CATEGORIA0;;1;1;0;1;;CAIXA DIREÇÃO;CAIXA DIREÇÃO;0;;
292;10267;01.98.5818;10267;01.98.5818;CATEGORIA0;;1;1;0;1;;CAIXA DIREÇÃO;CAIXA DIREÇÃO;0;;
292;10267;01.98.5820;10267;01.98.5820;CATEGORIA0;;1;1;0;1;;CAIXA DIREÇÃO;CAIXA DIREÇÃO;0;;
292;10267;01.98.5900;10267;01.98.5900;CATEGORIA0;;1;1;0;1;;CAIXA DIREÇÃO;CAIXA DIREÇÃO;0;;
292;10267;01.98.6000;10267;01.98.6000;CATEGORIA0;;1;1;0;1;;CAIXA DIREÇÃO;CAIXA DIREÇÃO;0;;
292;10267;01.98.6002;10267;01.98.6002;CATEGORIA0;;1;1;0;1;;CAIXA DIREÇÃO;CAIXA DIREÇÃO;0;;
292;10267;01.98.6005;10267;01.98.6005;CATEGORIA0;;1;1;0;1;;CAIXA DIREÇÃO;CAIXA DIREÇÃO;0;;
292;10267;01.98.6006;10267;01.98.6006;CATEGORIA0;;1;1;0;1;;CAIXA DIREÇÃO;CAIXA DIREÇÃO;0;;
292;10267;01.98.6007;10267;01.98.6007;CATEGORIA0;;1;1;0;1;;CAIXA DIREÇÃO;CAIXA DIREÇÃO;0;;
292;10267;01.98.6008;10267;01.98.6008;CATEGORIA0;;1;1;0;1;;CAIXA DIREÇÃO;CAIXA DIREÇÃO;0;;
292;10267;01.98.6100;10267;01.98.6100;CATEGORIA0;;1;1;0;1;;CAIXA DIREÇÃO;CAIXA DIREÇÃO;0;;
292;10267;01.98.7000;10267;01.98.7000;CATEGORIA0;;1;1;0;1;;CAIXA DIREÇÃO;CAIXA DIREÇÃO;0;;
292;10267;01.98.7001;10267;01.98.7001;CATEGORIA0;;1;1;0;1;;CAIXA DIREÇÃO;CAIXA DIREÇÃO;0;;
292;10267;01.98.7002;10267;01.98.7002;CATEGORIA0;;1;1;0;1;;CAIXA DIREÇÃO;CAIXA DIREÇÃO;0;;
292;10267;01.98.7005;10267;01.98.7005;CATEGORIA0;;1;1;0;1;;CAIXA DIREÇÃO;CAIXA DIREÇÃO;0;;
292;10267;01.98.7008;10267;01.98.7008;CATEGORIA0;;1;1;0;1;;CAIXA DIREÇÃO;CAIXA DIREÇÃO;0;;
292;10267;01.98.7010;10267;01.98.7010;CATEGORIA0;;1;1;0;1;;CAIXA DIREÇÃO;CAIXA DIREÇÃO;0;;
292;10267;01.98.7011;10267;01.98.7011;CATEGORIA0;;1;1;0;1;;CAIXA DIREÇÃO;CAIXA DIREÇÃO;0;;
292;10267;01.98.7020;10267;01.98.7020;CATEGORIA0;;1;1;0;1;;CAIXA DIREÇÃO;CAIXA DIREÇÃO;0;;
292;10267;01.98.7025;10267;01.98.7025;CATEGORIA0;;1;1;0;1;;CAIXA DIREÇÃO;CAIXA DIREÇÃO;0;;
292;10267;01.98.7030;10267;01.98.7030;CATEGORIA0;;1;1;0;1;;CAIXA DIREÇÃO;CAIXA DIREÇÃO;0;;
292;10267;01.98.7035;10267;01.98.7035;CATEGORIA0;;1;1;0;1;;CAIXA DIREÇÃO;CAIXA DIREÇÃO;0;;
292;10267;02.01.4500;10267;02.01.4500;CATEGORIA0;;1;1;0;1;;CAIXA DIREÇÃO;CAIXA DIREÇÃO;0;;
292;10267;02.01.5500;10267;02.01.5500;CATEGORIA0;;1;1;0;1;;CAIXA DIREÇÃO;CAIXA DIREÇÃO;0;;
292;10267;02.09.1100;10267;02.09.1100;CATEGORIA0;;1;1;0;1;;CAIXA DIREÇÃO;CAIXA DIREÇÃO;0;;
292;10267;02.09.1200;10267;02.09.1200;CATEGORIA0;;1;1;0;1;;CAIXA DIREÇÃO;CAIXA DIREÇÃO;0;;
292;10267;02.09.1300;10267;02.09.1300;CATEGORIA0;;1;1;0;1;;CAIXA DIREÇÃO;CAIXA DIREÇÃO;0;;
292;10267;02.09.1305;10267;02.09.1305;CATEGORIA0;;1;1;0;1;;CAIXA DIREÇÃO;CAIXA DIREÇÃO;0;;
292;10267;02.09.1400;10267;02.09.1400;CATEGORIA0;;1;1;0;1;;CAIXA DIREÇÃO;CAIXA DIREÇÃO;0;;
292;10267;02.09.1405;10267;02.09.1405;CATEGORIA0;;1;1;0;1;;CAIXA DIREÇÃO;CAIXA DIREÇÃO;0;;
292;10267;02.09.1500;10267;02.09.1500;CATEGORIA0;;1;1;0;1;;CAIXA DIREÇÃO;CAIXA DIREÇÃO;0;;
292;10267;02.16.4200;10267;02.16.4200;CATEGORIA0;;1;1;0;1;;CAIXA DIREÇÃO;CAIXA DIREÇÃO;0;;
292;10267;02.16.4500;10267;02.16.4500;CATEGORIA0;;1;1;0;1;;CAIXA DIREÇÃO;CAIXA DIREÇÃO;0;;
292;10267;02.16.4510;10267;02.16.4510;CATEGORIA0;;1;1;0;1;;CAIXA DIREÇÃO;CAIXA DIREÇÃO;0;;
292;10267;02.16.4520;10267;02.16.4520;CATEGORIA0;;1;1;0;1;;CAIXA DIREÇÃO;CAIXA DIREÇÃO;0;;
292;10267;02.16.4530;10267;02.16.4530;CATEGORIA0;;1;1;0;1;;CAIXA DIREÇÃO;CAIXA DIREÇÃO;0;;
292;10267;02.16.4650;10267;02.16.4650;CATEGORIA0;;1;1;0;1;;CAIXA DIREÇÃO;CAIXA DIREÇÃO;0;;
292;10267;02.16.4700;10267;02.16.4700;CATEGORIA0;;1;1;0;1;;CAIXA DIREÇÃO;CAIXA DIREÇÃO;0;;
292;10267;02.16.4800;10267;02.16.4800;CATEGORIA0;;1;1;0;1;;CAIXA DIREÇÃO;CAIXA DIREÇÃO;0;;
292;10267;02.16.4950;10267;02.16.4950;CATEGORIA0;;1;1;0;1;;CAIXA DIREÇÃO;CAIXA DIREÇÃO;0;;
292;10267;02.16.5000;10267;02.16.5000;CATEGORIA0;;1;1;0;1;;CAIXA DIREÇÃO;CAIXA DIREÇÃO;0;;
292;10267;02.16.5200;10267;02.16.5200;CATEGORIA0;;1;1;0;1;;CAIXA DIREÇÃO;CAIXA DIREÇÃO;0;;
292;10267;02.16.5370;10267;02.16.5370;CATEGORIA0;;1;1;0;1;;CAIXA DIREÇÃO;CAIXA DIREÇÃO;0;;
292;10267;02.16.5380;10267;02.16.5380;CATEGORIA0;;1;1;0;1;;CAIXA DIREÇÃO;CAIXA DIREÇÃO;0;;
292;10267;02.16.5390;10267;02.16.5390;CATEGORIA0;;1;1;0;1;;CAIXA DIREÇÃO;CAIXA DIREÇÃO;0;;
292;10267;02.16.5400;10267;02.16.5400;CATEGORIA0;;1;1;0;1;;CAIXA DIREÇÃO;CAIXA DIREÇÃO;0;;
292;10267;02.19.2500;10267;02.19.2500;CATEGORIA0;;1;1;0;1;;CAIXA DIREÇÃO;CAIXA DIREÇÃO;0;;
292;10267;02.20.0500;10267;02.20.0500;CATEGORIA0;;1;1;0;1;;CAIXA DIREÇÃO;CAIXA DIREÇÃO;0;;
292;10267;02.24.1000;10267;02.24.1000;CATEGORIA0;;1;1;0;1;;CAIXA DIREÇÃO;CAIXA DIREÇÃO;0;;
292;10267;02.24.1200;10267;02.24.1200;CATEGORIA0;;1;1;0;1;;CAIXA DIREÇÃO;CAIXA DIREÇÃO;0;;
292;10267;02.24.1300;10267;02.24.1300;CATEGORIA0;;1;1;0;1;;CAIXA DIREÇÃO;CAIXA DIREÇÃO;0;;
292;10267;02.26.3800;10267;02.26.3800;CATEGORIA0;;1;1;0;1;;CAIXA DIREÇÃO;CAIXA DIREÇÃO;0;;
292;10267;02.26.3805;10267;02.26.3805;CATEGORIA0;;1;1;0;1;;CAIXA DIREÇÃO;CAIXA DIREÇÃO;0;;
292;10267;02.26.4100;10267;02.26.4100;CATEGORIA0;;1;1;0;1;;CAIXA DIREÇÃO;CAIXA DIREÇÃO;0;;
292;10267;02.26.4900;10267;02.26.4900;CATEGORIA0;;1;1;0;1;;CAIXA DIREÇÃO;CAIXA DIREÇÃO;0;;
292;10267;02.26.5100;10267;02.26.5100;CATEGORIA0;;1;1;0;1;;CAIXA DIREÇÃO;CAIXA DIREÇÃO;0;;
292;10267;02.26.5300;10267;02.26.5300;CATEGORIA0;;1;1;0;1;;CAIXA DIREÇÃO;CAIXA DIREÇÃO;0;;
292;10267;02.26.5305;10267;02.26.5305;CATEGORIA0;;1;1;0;1;;CAIXA DIREÇÃO;CAIXA DIREÇÃO;0;;
292;10267;02.26.5500;10267;02.26.5500;CATEGORIA0;;1;1;0;1;;CAIXA DIREÇÃO;CAIXA DIREÇÃO;0;;
292;10267;02.26.5800;10267;02.26.5800;CATEGORIA0;;1;1;0;1;;CAIXA DIREÇÃO;CAIXA DIREÇÃO;0;;
292;10267;02.28.1200;10267;02.28.1200;CATEGORIA0;;1;1;0;1;;CAIXA DIREÇÃO;CAIXA DIREÇÃO;0;;
292;10267;02.28.1250;10267;02.28.1250;CATEGORIA0;;1;1;0;1;;CAIXA DIREÇÃO;CAIXA DIREÇÃO;0;;
292;10267;02.28.1275;10267;02.28.1275;CATEGORIA0;;1;1;0;1;;CAIXA DIREÇÃO;CAIXA DIREÇÃO;0;;
292;10267;02.28.1300;10267;02.28.1300;CATEGORIA0;;1;1;0;1;;CAIXA DIREÇÃO;CAIXA DIREÇÃO;0;;
292;10267;02.28.1310;10267;02.28.1310;CATEGORIA0;;1;1;0;1;;CAIXA DIREÇÃO;CAIXA DIREÇÃO;0;;
292;10267;02.28.1360;10267;02.28.1360;CATEGORIA0;;1;1;0;1;;CAIXA DIREÇÃO;CAIXA DIREÇÃO;0;;
292;10267;02.28.1370;10267;02.28.1370;CATEGORIA0;;1;1;0;1;;CAIXA DIREÇÃO;CAIXA DIREÇÃO;0;;
292;10267;02.28.1380;10267;02.28.1380;CATEGORIA0;;1;1;0;1;;CAIXA DIREÇÃO;CAIXA DIREÇÃO;0;;
292;10267;02.28.1390;10267;02.28.1390;CATEGORIA0;;1;1;0;1;;CAIXA DIREÇÃO;CAIXA DIREÇÃO;0;;
292;10267;02.28.1425;10267;02.28.1425;CATEGORIA0;;1;1;0;1;;CAIXA DIREÇÃO;CAIXA DIREÇÃO;0;;
292;10267;02.28.1450;10267;02.28.1450;CATEGORIA0;;1;1;0;1;;CAIXA DIREÇÃO;CAIXA DIREÇÃO;0;;
292;10267;02.28.1475;10267;02.28.1475;CATEGORIA0;;1;1;0;1;;CAIXA DIREÇÃO;CAIXA DIREÇÃO;0;;
292;10267;02.28.1500;10267;02.28.1500;CATEGORIA0;;1;1;0;1;;CAIXA DIREÇÃO;CAIXA DIREÇÃO;0;;
292;10267;02.28.1550;10267;02.28.1550;CATEGORIA0;;1;1;0;1;;CAIXA DIREÇÃO;CAIXA DIREÇÃO;0;;
292;10267;02.28.1552;10267;02.28.1552;CATEGORIA0;;1;1;0;1;;CAIXA DIREÇÃO;CAIXA DIREÇÃO;0;;
292;10267;02.33.0100;10267;02.33.0100;CATEGORIA0;;1;1;0;1;;CAIXA DIREÇÃO;CAIXA DIREÇÃO;0;;
292;10267;02.33.0300;10267;02.33.0300;CATEGORIA0;;1;1;0;1;;CAIXA DIREÇÃO;CAIXA DIREÇÃO;0;;
292;10267;02.33.3100;10267;02.33.3100;CATEGORIA0;;1;1;0;1;;CAIXA DIREÇÃO;CAIXA DIREÇÃO;0;;
292;10267;02.35.3500;10267;02.35.3500;CATEGORIA0;;1;1;0;1;;CAIXA DIREÇÃO;CAIXA DIREÇÃO;0;;
292;10267;02.39.3100;10267;02.39.3100;CATEGORIA0;;1;1;0;1;;CAIXA DIREÇÃO;CAIXA DIREÇÃO;0;;
292;10267;02.41.1000;10267;02.41.1000;CATEGORIA0;;1;1;0;1;;CAIXA DIREÇÃO;CAIXA DIREÇÃO;0;;
292;10267;02.48.5900;10267;02.48.5900;CATEGORIA0;;1;1;0;1;;CAIXA DIREÇÃO;CAIXA DIREÇÃO;0;;
292;10267;02.48.5905;10267;02.48.5905;CATEGORIA0;;1;1;0;1;;CAIXA DIREÇÃO;CAIXA DIREÇÃO;0;;
292;10267;02.48.5920;10267;02.48.5920;CATEGORIA0;;1;1;0;1;;CAIXA DIREÇÃO;CAIXA DIREÇÃO;0;;
292;10267;02.48.6000;10267;02.48.6000;CATEGORIA0;;1;1;0;1;;CAIXA DIREÇÃO;CAIXA DIREÇÃO;0;;
292;10267;02.52.1000;10267;02.52.1000;CATEGORIA0;;1;1;0;1;;CAIXA DIREÇÃO;CAIXA DIREÇÃO;0;;
292;10267;02.53.3000;10267;02.53.3000;CATEGORIA0;;1;1;0;1;;CAIXA DIREÇÃO;CAIXA DIREÇÃO;0;;
292;10267;02.58.0500;10267;02.58.0500;CATEGORIA0;;1;1;0;1;;CAIXA DIREÇÃO;CAIXA DIREÇÃO;0;;
292;10267;02.58.1400;10267;02.58.1400;CATEGORIA0;;1;1;0;1;;CAIXA DIREÇÃO;CAIXA DIREÇÃO;0;;
292;10267;02.60.3000;10267;02.60.3000;CATEGORIA0;;1;1;0;1;;CAIXA DIREÇÃO;CAIXA DIREÇÃO;0;;
292;10267;02.60.5000;10267;02.60.5000;CATEGORIA0;;1;1;0;1;;CAIXA DIREÇÃO;CAIXA DIREÇÃO;0;;
292;10267;02.60.5050;10267;02.60.5050;CATEGORIA0;;1;1;0;1;;CAIXA DIREÇÃO;CAIXA DIREÇÃO;0;;
292;10267;02.60.5060;10267;02.60.5060;CATEGORIA0;;1;1;0;1;;CAIXA DIREÇÃO;CAIXA DIREÇÃO;0;;
292;10267;02.60.7000;10267;02.60.7000;CATEGORIA0;;1;1;0;1;;CAIXA DIREÇÃO;CAIXA DIREÇÃO;0;;
292;10267;02.60.8000;10267;02.60.8000;CATEGORIA0;;1;1;0;1;;CAIXA DIREÇÃO;CAIXA DIREÇÃO;0;;
292;10267;02.62.1250;10267;02.62.1250;CATEGORIA0;;1;1;0;1;;CAIXA DIREÇÃO;CAIXA DIREÇÃO;0;;
292;10267;02.62.1260;10267;02.62.1260;CATEGORIA0;;1;1;0;1;;CAIXA DIREÇÃO;CAIXA DIREÇÃO;0;;
292;10267;02.62.1400;10267;02.62.1400;CATEGORIA0;;1;1;0;1;;CAIXA DIREÇÃO;CAIXA DIREÇÃO;0;;
292;10267;02.62.1450;10267;02.62.1450;CATEGORIA0;;1;1;0;1;;CAIXA DIREÇÃO;CAIXA DIREÇÃO;0;;
292;10267;02.62.1520;10267;02.62.1520;CATEGORIA0;;1;1;0;1;;CAIXA DIREÇÃO;CAIXA DIREÇÃO;0;;
292;10267;02.62.1530;10267;02.62.1530;CATEGORIA0;;1;1;0;1;;CAIXA DIREÇÃO;CAIXA DIREÇÃO;0;;
292;10267;02.62.1600;10267;02.62.1600;CATEGORIA0;;1;1;0;1;;CAIXA DIREÇÃO;CAIXA DIREÇÃO;0;;
292;10267;02.62.1700;10267;02.62.1700;CATEGORIA0;;1;1;0;1;;CAIXA DIREÇÃO;CAIXA DIREÇÃO;0;;
292;10267;02.64.4550;10267;02.64.4550;CATEGORIA0;;1;1;0;1;;CAIXA DIREÇÃO;CAIXA DIREÇÃO;0;;
292;10267;02.64.4625;10267;02.64.4625;CATEGORIA0;;1;1;0;1;;CAIXA DIREÇÃO;CAIXA DIREÇÃO;0;;
292;10267;02.64.4670;10267;02.64.4670;CATEGORIA0;;1;1;0;1;;CAIXA DIREÇÃO;CAIXA DIREÇÃO;0;;
292;10267;02.64.4725;10267;02.64.4725;CATEGORIA0;;1;1;0;1;;CAIXA DIREÇÃO;CAIXA DIREÇÃO;0;;
292;10267;02.64.4730;10267;02.64.4730;CATEGORIA0;;1;1;0;1;;CAIXA DIREÇÃO;CAIXA DIREÇÃO;0;;
292;10267;02.64.4735;10267;02.64.4735;CATEGORIA0;;1;1;0;1;;CAIXA DIREÇÃO;CAIXA DIREÇÃO;0;;
292;10267;02.64.4740;10267;02.64.4740;CATEGORIA0;;1;1;0;1;;CAIXA DIREÇÃO;CAIXA DIREÇÃO;0;;
292;10267;02.64.4760;10267;02.64.4760;CATEGORIA0;;1;1;0;1;;CAIXA DIREÇÃO;CAIXA DIREÇÃO;0;;
292;10267;02.64.4770;10267;02.64.4770;CATEGORIA0;;1;1;0;1;;CAIXA DIREÇÃO;CAIXA DIREÇÃO;0;;
292;10267;02.64.4780;10267;02.64.4780;CATEGORIA0;;1;1;0;1;;CAIXA DIREÇÃO;CAIXA DIREÇÃO;0;;
292;10267;02.64.4785;10267;02.64.4785;CATEGORIA0;;1;1;0;1;;CAIXA DIREÇÃO;CAIXA DIREÇÃO;0;;
292;10267;02.64.4790;10267;02.64.4790;CATEGORIA0;;1;1;0;1;;CAIXA DIREÇÃO;CAIXA DIREÇÃO;0;;
292;10267;02.64.5190;10267;02.64.5190;CATEGORIA0;;1;1;0;1;;CAIXA DIREÇÃO;CAIXA DIREÇÃO;0;;
292;10267;02.64.5380;10267;02.64.5380;CATEGORIA0;;1;1;0;1;;CAIXA DIREÇÃO;CAIXA DIREÇÃO;0;;
292;10267;02.68.6600;10267;02.68.6600;CATEGORIA0;;1;1;0;1;;CAIXA DIREÇÃO;CAIXA DIREÇÃO;0;;
292;10267;02.68.6700;10267;02.68.6700;CATEGORIA0;;1;1;0;1;;CAIXA DIREÇÃO;CAIXA DIREÇÃO;0;;
292;10267;02.68.6800;10267;02.68.6800;CATEGORIA0;;1;1;0;1;;CAIXA DIREÇÃO;CAIXA DIREÇÃO;0;;
292;10267;02.68.7000;10267;02.68.7000;CATEGORIA0;;1;1;0;1;;CAIXA DIREÇÃO;CAIXA DIREÇÃO;0;;
292;10267;02.68.7100;10267;02.68.7100;CATEGORIA0;;1;1;0;1;;CAIXA DIREÇÃO;CAIXA DIREÇÃO;0;;
292;10267;02.70.0250;10267;02.70.0250;CATEGORIA0;;1;1;0;1;;CAIXA DIREÇÃO;CAIXA DIREÇÃO;0;;
292;10267;02.70.0260;10267;02.70.0260;CATEGORIA0;;1;1;0;1;;CAIXA DIREÇÃO;CAIXA DIREÇÃO;0;;
292;10267;02.70.0270;10267;02.70.0270;CATEGORIA0;;1;1;0;1;;CAIXA DIREÇÃO;CAIXA DIREÇÃO;0;;
292;10267;02.70.0300;10267;02.70.0300;CATEGORIA0;;1;1;0;1;;CAIXA DIREÇÃO;CAIXA DIREÇÃO;0;;
292;10267;02.70.0310;10267;02.70.0310;CATEGORIA0;;1;1;0;1;;CAIXA DIREÇÃO;CAIXA DIREÇÃO;0;;
292;10267;02.70.0320;10267;02.70.0320;CATEGORIA0;;1;1;0;1;;CAIXA DIREÇÃO;CAIXA DIREÇÃO;0;;
292;10267;02.70.0330;10267;02.70.0330;CATEGORIA0;;1;1;0;1;;CAIXA DIREÇÃO;CAIXA DIREÇÃO;0;;
292;10267;02.70.0400;10267;02.70.0400;CATEGORIA0;;1;1;0;1;;CAIXA DIREÇÃO;CAIXA DIREÇÃO;0;;
292;10267;02.70.0500;10267;02.70.0500;CATEGORIA0;;1;1;0;1;;CAIXA DIREÇÃO;CAIXA DIREÇÃO;0;;
292;10267;02.70.0520;10267;02.70.0520;CATEGORIA0;;1;1;0;1;;CAIXA DIREÇÃO;CAIXA DIREÇÃO;0;;
292;10267;02.70.0540;10267;02.70.0540;CATEGORIA0;;1;1;0;1;;CAIXA DIREÇÃO;CAIXA DIREÇÃO;0;;
292;10267;02.70.0600;10267;02.70.0600;CATEGORIA0;;1;1;0;1;;CAIXA DIREÇÃO;CAIXA DIREÇÃO;0;;
292;10267;02.70.0630;10267;02.70.0630;CATEGORIA0;;1;1;0;1;;CAIXA DIREÇÃO;CAIXA DIREÇÃO;0;;
292;10267;02.70.0640;10267;02.70.0640;CATEGORIA0;;1;1;0;1;;CAIXA DIREÇÃO;CAIXA DIREÇÃO;0;;
292;10267;02.70.0650;10267;02.70.0650;CATEGORIA0;;1;1;0;1;;CAIXA DIREÇÃO;CAIXA DIREÇÃO;0;;
292;10267;02.70.0680;10267;02.70.0680;CATEGORIA0;;1;1;0;1;;CAIXA DIREÇÃO;CAIXA DIREÇÃO;0;;
292;10267;02.70.0710;10267;02.70.0710;CATEGORIA0;;1;1;0;1;;CAIXA DIREÇÃO;CAIXA DIREÇÃO;0;;
292;10267;02.70.0720;10267;02.70.0720;CATEGORIA0;;1;1;0;1;;CAIXA DIREÇÃO;CAIXA DIREÇÃO;0;;
292;10267;02.70.0730;10267;02.70.0730;CATEGORIA0;;1;1;0;1;;CAIXA DIREÇÃO;CAIXA DIREÇÃO;0;;
292;10267;02.70.0800;10267;02.70.0800;CATEGORIA0;;1;1;0;1;;CAIXA DIREÇÃO;CAIXA DIREÇÃO;0;;
292;10267;02.70.0900;10267;02.70.0900;CATEGORIA0;;1;1;0;1;;CAIXA DIREÇÃO;CAIXA DIREÇÃO;0;;
292;10267;02.70.0910;10267;02.70.0910;CATEGORIA0;;1;1;0;1;;CAIXA DIREÇÃO;CAIXA DIREÇÃO;0;;
292;10267;02.70.0915;10267;02.70.0915;CATEGORIA0;;1;1;0;1;;CAIXA DIREÇÃO;CAIXA DIREÇÃO;0;;
292;10267;02.70.0930;10267;02.70.0930;CATEGORIA0;;1;1;0;1;;CAIXA DIREÇÃO;CAIXA DIREÇÃO;0;;
292;10267;02.70.0935;10267;02.70.0935;CATEGORIA0;;1;1;0;1;;CAIXA DIREÇÃO;CAIXA DIREÇÃO;0;;
292;10267;02.70.0940;10267;02.70.0940;CATEGORIA0;;1;1;0;1;;CAIXA DIREÇÃO;CAIXA DIREÇÃO;0;;
292;10267;02.70.0950;10267;02.70.0950;CATEGORIA0;;1;1;0;1;;CAIXA DIREÇÃO;CAIXA DIREÇÃO;0;;
292;10267;02.70.1000;10267;02.70.1000;CATEGORIA0;;1;1;0;1;;CAIXA DIREÇÃO;CAIXA DIREÇÃO;0;;
292;10267;02.70.1010;10267;02.70.1010;CATEGORIA0;;1;1;0;1;;CAIXA DIREÇÃO;CAIXA DIREÇÃO;0;;
292;10267;02.70.1100;10267;02.70.1100;CATEGORIA0;;1;1;0;1;;CAIXA DIREÇÃO;CAIXA DIREÇÃO;0;;
292;10267;02.70.1110;10267;02.70.1110;CATEGORIA0;;1;1;0;1;;CAIXA DIREÇÃO;CAIXA DIREÇÃO;0;;
292;10267;02.70.1200;10267;02.70.1200;CATEGORIA0;;1;1;0;1;;CAIXA DIREÇÃO;CAIXA DIREÇÃO;0;;
292;10267;02.70.1205;10267;02.70.1205;CATEGORIA0;;1;1;0;1;;CAIXA DIREÇÃO;CAIXA DIREÇÃO;0;;
292;10267;02.70.1210;10267;02.70.1210;CATEGORIA0;;1;1;0;1;;CAIXA DIREÇÃO;CAIXA DIREÇÃO;0;;
292;10267;02.70.3000;10267;02.70.3000;CATEGORIA0;;1;1;0;1;;CAIXA DIREÇÃO;CAIXA DIREÇÃO;0;;
292;10267;02.70.3500;10267;02.70.3500;CATEGORIA0;;1;1;0;1;;CAIXA DIREÇÃO;CAIXA DIREÇÃO;0;;
292;10267;02.74.1800;10267;02.74.1800;CATEGORIA0;;1;1;0;1;;CAIXA DIREÇÃO;CAIXA DIREÇÃO;0;;
292;10267;02.74.1900;10267;02.74.1900;CATEGORIA0;;1;1;0;1;;CAIXA DIREÇÃO;CAIXA DIREÇÃO;0;;
292;10267;02.74.1915;10267;02.74.1915;CATEGORIA0;;1;1;0;1;;CAIXA DIREÇÃO;CAIXA DIREÇÃO;0;;
292;10267;02.74.1950;10267;02.74.1950;CATEGORIA0;;1;1;0;1;;CAIXA DIREÇÃO;CAIXA DIREÇÃO;0;;
292;10267;02.74.2000;10267;02.74.2000;CATEGORIA0;;1;1;0;1;;CAIXA DIREÇÃO;CAIXA DIREÇÃO;0;;
292;10267;02.74.2025;10267;02.74.2025;CATEGORIA0;;1;1;0;1;;CAIXA DIREÇÃO;CAIXA DIREÇÃO;0;;
292;10267;02.74.2040;10267;02.74.2040;CATEGORIA0;;1;1;0;1;;CAIXA DIREÇÃO;CAIXA DIREÇÃO;0;;
292;10267;02.74.2250;10267;02.74.2250;CATEGORIA0;;1;1;0;1;;CAIXA DIREÇÃO;CAIXA DIREÇÃO;0;;
292;10267;02.74.2500;10267;02.74.2500;CATEGORIA0;;1;1;0;1;;CAIXA DIREÇÃO;CAIXA DIREÇÃO;0;;
292;10267;02.74.3000;10267;02.74.3000;CATEGORIA0;;1;1;0;1;;CAIXA DIREÇÃO;CAIXA DIREÇÃO;0;;
292;10267;02.78.4100;10267;02.78.4100;CATEGORIA0;;1;1;0;1;;CAIXA DIREÇÃO;CAIXA DIREÇÃO;0;;
292;10267;02.78.4200;10267;02.78.4200;CATEGORIA0;;1;1;0;1;;CAIXA DIREÇÃO;CAIXA DIREÇÃO;0;;
292;10267;02.78.4210;10267;02.78.4210;CATEGORIA0;;1;1;0;1;;CAIXA DIREÇÃO;CAIXA DIREÇÃO;0;;
292;10267;02.78.4220;10267;02.78.4220;CATEGORIA0;;1;1;0;1;;CAIXA DIREÇÃO;CAIXA DIREÇÃO;0;;
292;10267;02.78.4300;10267;02.78.4300;CATEGORIA0;;1;1;0;1;;CAIXA DIREÇÃO;CAIXA DIREÇÃO;0;;
292;10267;02.78.4450;10267;02.78.4450;CATEGORIA0;;1;1;0;1;;CAIXA DIREÇÃO;CAIXA DIREÇÃO;0;;
292;10267;02.78.5100;10267;02.78.5100;CATEGORIA0;;1;1;0;1;;CAIXA DIREÇÃO;CAIXA DIREÇÃO;0;;
292;10267;02.78.5150;10267;02.78.5150;CATEGORIA0;;1;1;0;1;;CAIXA DIREÇÃO;CAIXA DIREÇÃO;0;;
292;10267;02.78.5300;10267;02.78.5300;CATEGORIA0;;1;1;0;1;;CAIXA DIREÇÃO;CAIXA DIREÇÃO;0;;
292;10267;02.78.5350;10267;02.78.5350;CATEGORIA0;;1;1;0;1;;CAIXA DIREÇÃO;CAIXA DIREÇÃO;0;;
292;10267;02.78.6000;10267;02.78.6000;CATEGORIA0;;1;1;0;1;;CAIXA DIREÇÃO;CAIXA DIREÇÃO;0;;
292;10267;02.80.2100;10267;02.80.2100;CATEGORIA0;;1;1;0;1;;CAIXA DIREÇÃO;CAIXA DIREÇÃO;0;;
292;10267;02.80.2105;10267;02.80.2105;CATEGORIA0;;1;1;0;1;;CAIXA DIREÇÃO;CAIXA DIREÇÃO;0;;
292;10267;02.81.1000;10267;02.81.1000;CATEGORIA0;;1;1;0;1;;CAIXA DIREÇÃO;CAIXA DIREÇÃO;0;;
292;10267;02.87.2150;10267;02.87.2150;CATEGORIA0;;1;1;0;1;;CAIXA DIREÇÃO;CAIXA DIREÇÃO;0;;
292;10267;02.87.2155;10267;02.87.2155;CATEGORIA0;;1;1;0;1;;CAIXA DIREÇÃO;CAIXA DIREÇÃO;0;;
292;10267;02.87.3500;10267;02.87.3500;CATEGORIA0;;1;1;0;1;;CAIXA DIREÇÃO;CAIXA DIREÇÃO;0;;
292;10267;02.91.5100;10267;02.91.5100;CATEGORIA0;;1;1;0;1;;CAIXA DIREÇÃO;CAIXA DIREÇÃO;0;;
292;10267;02.91.5200;10267;02.91.5200;CATEGORIA0;;1;1;0;1;;CAIXA DIREÇÃO;CAIXA DIREÇÃO;0;;
292;10267;02.91.5300;10267;02.91.5300;CATEGORIA0;;1;1;0;1;;CAIXA DIREÇÃO;CAIXA DIREÇÃO;0;;
292;10267;02.91.5450;10267;02.91.5450;CATEGORIA0;;1;1;0;1;;CAIXA DIREÇÃO;CAIXA DIREÇÃO;0;;
292;10267;02.91.5460;10267;02.91.5460;CATEGORIA0;;1;1;0;1;;CAIXA DIREÇÃO;CAIXA DIREÇÃO;0;;
292;10267;02.91.5470;10267;02.91.5470;CATEGORIA0;;1;1;0;1;;CAIXA DIREÇÃO;CAIXA DIREÇÃO;0;;
292;10267;02.93.2500;10267;02.93.2500;CATEGORIA0;;1;1;0;1;;CAIXA DIREÇÃO;CAIXA DIREÇÃO;0;;
292;10267;02.93.2600;10267;02.93.2600;CATEGORIA0;;1;1;0;1;;CAIXA DIREÇÃO;CAIXA DIREÇÃO;0;;
292;10267;02.93.3000;10267;02.93.3000;CATEGORIA0;;1;1;0;1;;CAIXA DIREÇÃO;CAIXA DIREÇÃO;0;;
292;10267;02.93.4000;10267;02.93.4000;CATEGORIA0;;1;1;0;1;;CAIXA DIREÇÃO;CAIXA DIREÇÃO;0;;
292;10267;02.94.1200;10267;02.94.1200;CATEGORIA0;;1;1;0;1;;CAIXA DIREÇÃO;CAIXA DIREÇÃO;0;;
292;10267;02.94.2000;10267;02.94.2000;CATEGORIA0;;1;1;0;1;;CAIXA DIREÇÃO;CAIXA DIREÇÃO;0;;
292;10267;02.96.3990;10267;02.96.3990;CATEGORIA0;;1;1;0;1;;CAIXA DIREÇÃO;CAIXA DIREÇÃO;0;;
292;10267;02.96.4400;10267;02.96.4400;CATEGORIA0;;1;1;0;1;;CAIXA DIREÇÃO;CAIXA DIREÇÃO;0;;
292;10267;02.96.4410;10267;02.96.4410;CATEGORIA0;;1;1;0;1;;CAIXA DIREÇÃO;CAIXA DIREÇÃO;0;;
292;10267;02.96.4420;10267;02.96.4420;CATEGORIA0;;1;1;0;1;;CAIXA DIREÇÃO;CAIXA DIREÇÃO;0;;
292;10267;02.96.4450;10267;02.96.4450;CATEGORIA0;;1;1;0;1;;CAIXA DIREÇÃO;CAIXA DIREÇÃO;0;;
292;10267;02.96.4475;10267;02.96.4475;CATEGORIA0;;1;1;0;1;;CAIXA DIREÇÃO;CAIXA DIREÇÃO;0;;
292;10267;02.96.4500;10267;02.96.4500;CATEGORIA0;;1;1;0;1;;CAIXA DIREÇÃO;CAIXA DIREÇÃO;0;;
292;10267;02.96.5500;10267;02.96.5500;CATEGORIA0;;1;1;0;1;;CAIXA DIREÇÃO;CAIXA DIREÇÃO;0;;
292;10267;02.96.5700;10267;02.96.5700;CATEGORIA0;;1;1;0;1;;CAIXA DIREÇÃO;CAIXA DIREÇÃO;0;;
292;10267;02.96.5710;10267;02.96.5710;CATEGORIA0;;1;1;0;1;;CAIXA DIREÇÃO;CAIXA DIREÇÃO;0;;
292;10267;02.96.5720;10267;02.96.5720;CATEGORIA0;;1;1;0;1;;CAIXA DIREÇÃO;CAIXA DIREÇÃO;0;;
292;10267;02.96.5910;10267;02.96.5910;CATEGORIA0;;1;1;0;1;;CAIXA DIREÇÃO;CAIXA DIREÇÃO;0;;
292;10267;02.96.5920;10267;02.96.5920;CATEGORIA0;;1;1;0;1;;CAIXA DIREÇÃO;CAIXA DIREÇÃO;0;;
292;10267;02.98.3100;10267;02.98.3100;CATEGORIA0;;1;1;0;1;;CAIXA DIREÇÃO;CAIXA DIREÇÃO;0;;
292;10267;02.98.3200;10267;02.98.3200;CATEGORIA0;;1;1;0;1;;CAIXA DIREÇÃO;CAIXA DIREÇÃO;0;;
292;10267;02.98.3300;10267;02.98.3300;CATEGORIA0;;1;1;0;1;;CAIXA DIREÇÃO;CAIXA DIREÇÃO;0;;
292;10267;02.98.3500;10267;02.98.3500;CATEGORIA0;;1;1;0;1;;CAIXA DIREÇÃO;CAIXA DIREÇÃO;0;;
292;10267;03.01.2000;10267;03.01.2000;CATEGORIA0;;1;1;0;1;;CAIXA DIREÇÃO;CAIXA DIREÇÃO;0;;
292;10267;03.03.0500;10267;03.03.0500;CATEGORIA0;;1;1;0;1;;CAIXA DIREÇÃO;CAIXA DIREÇÃO;0;;
292;10267;03.04.1000;10267;03.04.1000;CATEGORIA0;;1;1;0;1;;CAIXA DIREÇÃO;CAIXA DIREÇÃO;0;;
292;10267;03.06.0500;10267;03.06.0500;CATEGORIA0;;1;1;0;1;;CAIXA DIREÇÃO;CAIXA DIREÇÃO;0;;
292;10267;03.09.1040;10267;03.09.1040;CATEGORIA0;;1;1;0;1;;CAIXA DIREÇÃO;CAIXA DIREÇÃO;0;;
292;10267;03.09.1050;10267;03.09.1050;CATEGORIA0;;1;1;0;1;;CAIXA DIREÇÃO;CAIXA DIREÇÃO;0;;
292;10267;03.09.1052;10267;03.09.1052;CATEGORIA0;;1;1;0;1;;CAIXA DIREÇÃO;CAIXA DIREÇÃO;0;;
292;10267;03.09.1054;10267;03.09.1054;CATEGORIA0;;1;1;0;1;;CAIXA DIREÇÃO;CAIXA DIREÇÃO;0;;
292;10267;03.09.1060;10267;03.09.1060;CATEGORIA0;;1;1;0;1;;CAIXA DIREÇÃO;CAIXA DIREÇÃO;0;;
292;10267;03.09.1065;10267;03.09.1065;CATEGORIA0;;1;1;0;1;;CAIXA DIREÇÃO;CAIXA DIREÇÃO;0;;
292;10267;03.09.1067;10267;03.09.1067;CATEGORIA0;;1;1;0;1;;CAIXA DIREÇÃO;CAIXA DIREÇÃO;0;;
292;10267;03.09.1070;10267;03.09.1070;CATEGORIA0;;1;1;0;1;;CAIXA DIREÇÃO;CAIXA DIREÇÃO;0;;
292;10267;03.09.1074;10267;03.09.1074;CATEGORIA0;;1;1;0;1;;CAIXA DIREÇÃO;CAIXA DIREÇÃO;0;;
292;10267;03.09.1075;10267;03.09.1075;CATEGORIA0;;1;1;0;1;;CAIXA DIREÇÃO;CAIXA DIREÇÃO;0;;
292;10267;03.09.1080;10267;03.09.1080;CATEGORIA0;;1;1;0;1;;CAIXA DIREÇÃO;CAIXA DIREÇÃO;0;;
292;10267;03.09.1090;10267;03.09.1090;CATEGORIA0;;1;1;0;1;;CAIXA DIREÇÃO;CAIXA DIREÇÃO;0;;
292;10267;03.09.2000;10267;03.09.2000;CATEGORIA0;;1;1;0;1;;CAIXA DIREÇÃO;CAIXA DIREÇÃO;0;;
292;10267;03.13.1000;10267;03.13.1000;CATEGORIA0;;1;1;0;1;;CAIXA DIREÇÃO;CAIXA DIREÇÃO;0;;
292;10267;03.13.1500;10267;03.13.1500;CATEGORIA0;;1;1;0;1;;CAIXA DIREÇÃO;CAIXA DIREÇÃO;0;;
292;10267;03.13.1510;10267;03.13.1510;CATEGORIA0;;1;1;0;1;;CAIXA DIREÇÃO;CAIXA DIREÇÃO;0;;
292;10267;03.14.1000;10267;03.14.1000;CATEGORIA0;;1;1;0;1;;CAIXA DIREÇÃO;CAIXA DIREÇÃO;0;;
292;10267;03.14.2000;10267;03.14.2000;CATEGORIA0;;1;1;0;1;;CAIXA DIREÇÃO;CAIXA DIREÇÃO;0;;
292;10267;03.17.1000;10267;03.17.1000;CATEGORIA0;;1;1;0;1;;CAIXA DIREÇÃO;CAIXA DIREÇÃO;0;;
292;10267;03.19.0100;10267;03.19.0100;CATEGORIA0;;1;1;0;1;;CAIXA DIREÇÃO;CAIXA DIREÇÃO;0;;
292;10267;03.19.0200;10267;03.19.0200;CATEGORIA0;;1;1;0;1;;CAIXA DIREÇÃO;CAIXA DIREÇÃO;0;;
292;10267;03.19.0300;10267;03.19.0300;CATEGORIA0;;1;1;0;1;;CAIXA DIREÇÃO;CAIXA DIREÇÃO;0;;
292;10267;03.20.0500;10267;03.20.0500;CATEGORIA0;;1;1;0;1;;CAIXA DIREÇÃO;CAIXA DIREÇÃO;0;;
292;10267;03.20.0700;10267;03.20.0700;CATEGORIA0;;1;1;0;1;;CAIXA DIREÇÃO;CAIXA DIREÇÃO;0;;
292;10267;03.22.0100;10267;03.22.0100;CATEGORIA0;;1;1;0;1;;CAIXA DIREÇÃO;CAIXA DIREÇÃO;0;;
292;10267;03.26.3000;10267;03.26.3000;CATEGORIA0;;1;1;0;1;;CAIXA DIREÇÃO;CAIXA DIREÇÃO;0;;
292;10267;03.28.1100;10267;03.28.1100;CATEGORIA0;;1;1;0;1;;CAIXA DIREÇÃO;CAIXA DIREÇÃO;0;;
292;10267;03.28.1200;10267;03.28.1200;CATEGORIA0;;1;1;0;1;;CAIXA DIREÇÃO;CAIXA DIREÇÃO;0;;
292;10267;03.28.2000;10267;03.28.2000;CATEGORIA0;;1;1;0;1;;CAIXA DIREÇÃO;CAIXA DIREÇÃO;0;;
292;10267;03.28.2100;10267;03.28.2100;CATEGORIA0;;1;1;0;1;;CAIXA DIREÇÃO;CAIXA DIREÇÃO;0;;
292;10267;03.30.1000;10267;03.30.1000;CATEGORIA0;;1;1;0;1;;CAIXA DIREÇÃO;CAIXA DIREÇÃO;0;;
292;10267;03.34.1000;10267;03.34.1000;CATEGORIA0;;1;1;0;1;;CAIXA DIREÇÃO;CAIXA DIREÇÃO;0;;
292;10267;03.35.1000;10267;03.35.1000;CATEGORIA0;;1;1;0;1;;CAIXA DIREÇÃO;CAIXA DIREÇÃO;0;;
292;10267;03.39.3000;10267;03.39.3000;CATEGORIA0;;1;1;0;1;;CAIXA DIREÇÃO;CAIXA DIREÇÃO;0;;
292;10267;03.39.3100;10267;03.39.3100;CATEGORIA0;;1;1;0;1;;CAIXA DIREÇÃO;CAIXA DIREÇÃO;0;;
292;10267;03.39.4000;10267;03.39.4000;CATEGORIA0;;1;1;0;1;;CAIXA DIREÇÃO;CAIXA DIREÇÃO;0;;
292;10267;03.39.5000;10267;03.39.5000;CATEGORIA0;;1;1;0;1;;CAIXA DIREÇÃO;CAIXA DIREÇÃO;0;;
292;10267;03.43.3100;10267;03.43.3100;CATEGORIA0;;1;1;0;1;;CAIXA DIREÇÃO;CAIXA DIREÇÃO;0;;
292;10267;03.43.3200;10267;03.43.3200;CATEGORIA0;;1;1;0;1;;CAIXA DIREÇÃO;CAIXA DIREÇÃO;0;;
292;10267;03.43.3500;10267;03.43.3500;CATEGORIA0;;1;1;0;1;;CAIXA DIREÇÃO;CAIXA DIREÇÃO;0;;
292;10267;03.43.3505;10267;03.43.3505;CATEGORIA0;;1;1;0;1;;CAIXA DIREÇÃO;CAIXA DIREÇÃO;0;;
292;10267;03.43.4000;10267;03.43.4000;CATEGORIA0;;1;1;0;1;;CAIXA DIREÇÃO;CAIXA DIREÇÃO;0;;
292;10267;03.43.4200;10267;03.43.4200;CATEGORIA0;;1;1;0;1;;CAIXA DIREÇÃO;CAIXA DIREÇÃO;0;;
292;10267;03.44.1000;10267;03.44.1000;CATEGORIA0;;1;1;0;1;;CAIXA DIREÇÃO;CAIXA DIREÇÃO;0;;
292;10267;03.44.1200;10267;03.44.1200;CATEGORIA0;;1;1;0;1;;CAIXA DIREÇÃO;CAIXA DIREÇÃO;0;;
292;10267;03.45.1000;10267;03.45.1000;CATEGORIA0;;1;1;0;1;;CAIXA DIREÇÃO;CAIXA DIREÇÃO;0;;
292;10267;03.49.0040;10267;03.49.0040;CATEGORIA0;;1;1;0;1;;CAIXA DIREÇÃO;CAIXA DIREÇÃO;0;;
292;10267;03.49.0050;10267;03.49.0050;CATEGORIA0;;1;1;0;1;;CAIXA DIREÇÃO;CAIXA DIREÇÃO;0;;
292;10267;03.49.0051;10267;03.49.0051;CATEGORIA0;;1;1;0;1;;CAIXA DIREÇÃO;CAIXA DIREÇÃO;0;;
292;10267;03.49.0055;10267;03.49.0055;CATEGORIA0;;1;1;0;1;;CAIXA DIREÇÃO;CAIXA DIREÇÃO;0;;
292;10267;03.49.0060;10267;03.49.0060;CATEGORIA0;;1;1;0;1;;CAIXA DIREÇÃO;CAIXA DIREÇÃO;0;;
292;10267;03.49.0070;10267;03.49.0070;CATEGORIA0;;1;1;0;1;;CAIXA DIREÇÃO;CAIXA DIREÇÃO;0;;
292;10267;03.49.0073;10267;03.49.0073;CATEGORIA0;;1;1;0;1;;CAIXA DIREÇÃO;CAIXA DIREÇÃO;0;;
292;10267;03.49.0075;10267;03.49.0075;CATEGORIA0;;1;1;0;1;;CAIXA DIREÇÃO;CAIXA DIREÇÃO;0;;
292;10267;03.49.0080;10267;03.49.0080;CATEGORIA0;;1;1;0;1;;CAIXA DIREÇÃO;CAIXA DIREÇÃO;0;;
292;10267;03.49.0085;10267;03.49.0085;CATEGORIA0;;1;1;0;1;;CAIXA DIREÇÃO;CAIXA DIREÇÃO;0;;
292;10267;03.50.1000;10267;03.50.1000;CATEGORIA0;;1;1;0;1;;CAIXA DIREÇÃO;CAIXA DIREÇÃO;0;;
292;10267;03.50.2000;10267;03.50.2000;CATEGORIA0;;1;1;0;1;;CAIXA DIREÇÃO;CAIXA DIREÇÃO;0;;
292;10267;03.53.5100;10267;03.53.5100;CATEGORIA0;;1;1;0;1;;CAIXA DIREÇÃO;CAIXA DIREÇÃO;0;;
292;10267;03.56.3050;10267;03.56.3050;CATEGORIA0;;1;1;0;1;;CAIXA DIREÇÃO;CAIXA DIREÇÃO;0;;
292;10267;03.56.3100;10267;03.56.3100;CATEGORIA0;;1;1;0;1;;CAIXA DIREÇÃO;CAIXA DIREÇÃO;0;;
292;10267;03.56.3200;10267;03.56.3200;CATEGORIA0;;1;1;0;1;;CAIXA DIREÇÃO;CAIXA DIREÇÃO;0;;
292;10267;03.56.3250;10267;03.56.3250;CATEGORIA0;;1;1;0;1;;CAIXA DIREÇÃO;CAIXA DIREÇÃO;0;;
292;10267;03.56.3400;10267;03.56.3400;CATEGORIA0;;1;1;0;1;;CAIXA DIREÇÃO;CAIXA DIREÇÃO;0;;
292;10267;03.56.3450;10267;03.56.3450;CATEGORIA0;;1;1;0;1;;CAIXA DIREÇÃO;CAIXA DIREÇÃO;0;;
292;10267;03.56.3500;10267;03.56.3500;CATEGORIA0;;1;1;0;1;;CAIXA DIREÇÃO;CAIXA DIREÇÃO;0;;
292;10267;03.56.3550;10267;03.56.3550;CATEGORIA0;;1;1;0;1;;CAIXA DIREÇÃO;CAIXA DIREÇÃO;0;;
292;10267;03.56.3600;10267;03.56.3600;CATEGORIA0;;1;1;0;1;;CAIXA DIREÇÃO;CAIXA DIREÇÃO;0;;
292;10267;03.56.3650;10267;03.56.3650;CATEGORIA0;;1;1;0;1;;CAIXA DIREÇÃO;CAIXA DIREÇÃO;0;;
292;10267;03.56.3660;10267;03.56.3660;CATEGORIA0;;1;1;0;1;;CAIXA DIREÇÃO;CAIXA DIREÇÃO;0;;
292;10267;03.56.3800;10267;03.56.3800;CATEGORIA0;;1;1;0;1;;CAIXA DIREÇÃO;CAIXA DIREÇÃO;0;;
292;10267;03.56.3850;10267;03.56.3850;CATEGORIA0;;1;1;0;1;;CAIXA DIREÇÃO;CAIXA DIREÇÃO;0;;
292;10267;03.56.4010;10267;03.56.4010;CATEGORIA0;;1;1;0;1;;CAIXA DIREÇÃO;CAIXA DIREÇÃO;0;;
292;10267;03.56.4100;10267;03.56.4100;CATEGORIA0;;1;1;0;1;;CAIXA DIREÇÃO;CAIXA DIREÇÃO;0;;
292;10267;03.56.6000;10267;03.56.6000;CATEGORIA0;;1;1;0;1;;CAIXA DIREÇÃO;CAIXA DIREÇÃO;0;;
292;10267;03.56.7000;10267;03.56.7000;CATEGORIA0;;1;1;0;1;;CAIXA DIREÇÃO;CAIXA DIREÇÃO;0;;
292;10267;03.58.1160;10267;03.58.1160;CATEGORIA0;;1;1;0;1;;CAIXA DIREÇÃO;CAIXA DIREÇÃO;0;;
292;10267;03.58.1170;10267;03.58.1170;CATEGORIA0;;1;1;0;1;;CAIXA DIREÇÃO;CAIXA DIREÇÃO;0;;
292;10267;03.58.1180;10267;03.58.1180;CATEGORIA0;;1;1;0;1;;CAIXA DIREÇÃO;CAIXA DIREÇÃO;0;;
292;10267;03.58.1185;10267;03.58.1185;CATEGORIA0;;1;1;0;1;;CAIXA DIREÇÃO;CAIXA DIREÇÃO;0;;
292;10267;03.58.1400;10267;03.58.1400;CATEGORIA0;;1;1;0;1;;CAIXA DIREÇÃO;CAIXA DIREÇÃO;0;;
292;10267;03.58.1410;10267;03.58.1410;CATEGORIA0;;1;1;0;1;;CAIXA DIREÇÃO;CAIXA DIREÇÃO;0;;
292;10267;03.58.1420;10267;03.58.1420;CATEGORIA0;;1;1;0;1;;CAIXA DIREÇÃO;CAIXA DIREÇÃO;0;;
292;10267;03.58.1500;10267;03.58.1500;CATEGORIA0;;1;1;0;1;;CAIXA DIREÇÃO;CAIXA DIREÇÃO;0;;
292;10267;03.60.0005;10267;03.60.0005;CATEGORIA0;;1;1;0;1;;CAIXA DIREÇÃO;CAIXA DIREÇÃO;0;;
292;10267;03.60.0010;10267;03.60.0010;CATEGORIA0;;1;1;0;1;;CAIXA DIREÇÃO;CAIXA DIREÇÃO;0;;
292;10267;03.60.0015;10267;03.60.0015;CATEGORIA0;;1;1;0;1;;CAIXA DIREÇÃO;CAIXA DIREÇÃO;0;;
292;10267;03.60.0040;10267;03.60.0040;CATEGORIA0;;1;1;0;1;;CAIXA DIREÇÃO;CAIXA DIREÇÃO;0;;
292;10267;03.60.0060;10267;03.60.0060;CATEGORIA0;;1;1;0;1;;CAIXA DIREÇÃO;CAIXA DIREÇÃO;0;;
292;10267;03.60.0070;10267;03.60.0070;CATEGORIA0;;1;1;0;1;;CAIXA DIREÇÃO;CAIXA DIREÇÃO;0;;
292;10267;03.60.0080;10267;03.60.0080;CATEGORIA0;;1;1;0;1;;CAIXA DIREÇÃO;CAIXA DIREÇÃO;0;;
292;10267;03.60.0081;10267;03.60.0081;CATEGORIA0;;1;1;0;1;;CAIXA DIREÇÃO;CAIXA DIREÇÃO;0;;
292;10267;03.60.0100;10267;03.60.0100;CATEGORIA0;;1;1;0;1;;CAIXA DIREÇÃO;CAIXA DIREÇÃO;0;;
292;10267;03.60.0115;10267;03.60.0115;CATEGORIA0;;1;1;0;1;;CAIXA DIREÇÃO;CAIXA DIREÇÃO;0;;
292;10267;03.60.0125;10267;03.60.0125;CATEGORIA0;;1;1;0;1;;CAIXA DIREÇÃO;CAIXA DIREÇÃO;0;;
292;10267;03.60.0135;10267;03.60.0135;CATEGORIA0;;1;1;0;1;;CAIXA DIREÇÃO;CAIXA DIREÇÃO;0;;
292;10267;03.60.0150;10267;03.60.0150;CATEGORIA0;;1;1;0;1;;CAIXA DIREÇÃO;CAIXA DIREÇÃO;0;;
292;10267;03.60.0154;10267;03.60.0154;CATEGORIA0;;1;1;0;1;;CAIXA DIREÇÃO;CAIXA DIREÇÃO;0;;
292;10267;03.60.0155;10267;03.60.0155;CATEGORIA0;;1;1;0;1;;CAIXA DIREÇÃO;CAIXA DIREÇÃO;0;;
292;10267;03.60.0156;10267;03.60.0156;CATEGORIA0;;1;1;0;1;;CAIXA DIREÇÃO;CAIXA DIREÇÃO;0;;
292;10267;03.60.0160;10267;03.60.0160;CATEGORIA0;;1;1;0;1;;CAIXA DIREÇÃO;CAIXA DIREÇÃO;0;;
292;10267;03.60.0200;10267;03.60.0200;CATEGORIA0;;1;1;0;1;;CAIXA DIREÇÃO;CAIXA DIREÇÃO;0;;
292;10267;03.60.0500;10267;03.60.0500;CATEGORIA0;;1;1;0;1;;CAIXA DIREÇÃO;CAIXA DIREÇÃO;0;;
292;10267;03.62.0060;10267;03.62.0060;CATEGORIA0;;1;1;0;1;;CAIXA DIREÇÃO;CAIXA DIREÇÃO;0;;
292;10267;03.62.0120;10267;03.62.0120;CATEGORIA0;;1;1;0;1;;CAIXA DIREÇÃO;CAIXA DIREÇÃO;0;;
292;10267;03.62.0240;10267;03.62.0240;CATEGORIA0;;1;1;0;1;;CAIXA DIREÇÃO;CAIXA DIREÇÃO;0;;
292;10267;03.62.0250;10267;03.62.0250;CATEGORIA0;;1;1;0;1;;CAIXA DIREÇÃO;CAIXA DIREÇÃO;0;;
292;10267;03.62.0252;10267;03.62.0252;CATEGORIA0;;1;1;0;1;;CAIXA DIREÇÃO;CAIXA DIREÇÃO;0;;
292;10267;03.62.0360;10267;03.62.0360;CATEGORIA0;;1;1;0;1;;CAIXA DIREÇÃO;CAIXA DIREÇÃO;0;;
292;10267;03.66.1000;10267;03.66.1000;CATEGORIA0;;1;1;0;1;;CAIXA DIREÇÃO;CAIXA DIREÇÃO;0;;
292;10267;03.72.1000;10267;03.72.1000;CATEGORIA0;;1;1;0;1;;CAIXA DIREÇÃO;CAIXA DIREÇÃO;0;;
292;10267;03.77.1000;10267;03.77.1000;CATEGORIA0;;1;1;0;1;;CAIXA DIREÇÃO;CAIXA DIREÇÃO;0;;
292;10267;03.83.0065;10267;03.83.0065;CATEGORIA0;;1;1;0;1;;CAIXA DIREÇÃO;CAIXA DIREÇÃO;0;;
292;10267;03.83.0066;10267;03.83.0066;CATEGORIA0;;1;1;0;1;;CAIXA DIREÇÃO;CAIXA DIREÇÃO;0;;
292;10267;03.87.1000;10267;03.87.1000;CATEGORIA0;;1;1;0;1;;CAIXA DIREÇÃO;CAIXA DIREÇÃO;0;;
292;10267;03.87.1005;10267;03.87.1005;CATEGORIA0;;1;1;0;1;;CAIXA DIREÇÃO;CAIXA DIREÇÃO;0;;
292;10267;03.87.1050;10267;03.87.1050;CATEGORIA0;;1;1;0;1;;CAIXA DIREÇÃO;CAIXA DIREÇÃO;0;;
292;10267;03.87.1051;10267;03.87.1051;CATEGORIA0;;1;1;0;1;;CAIXA DIREÇÃO;CAIXA DIREÇÃO;0;;
292;10267;03.87.1052;10267;03.87.1052;CATEGORIA0;;1;1;0;1;;CAIXA DIREÇÃO;CAIXA DIREÇÃO;0;;
292;10267;03.89.3150;10267;03.89.3150;CATEGORIA0;;1;1;0;1;;CAIXA DIREÇÃO;CAIXA DIREÇÃO;0;;
292;10267;03.89.3160;10267;03.89.3160;CATEGORIA0;;1;1;0;1;;CAIXA DIREÇÃO;CAIXA DIREÇÃO;0;;
292;10267;03.89.3200;10267;03.89.3200;CATEGORIA0;;1;1;0;1;;CAIXA DIREÇÃO;CAIXA DIREÇÃO;0;;
292;10267;03.93.0100;10267;03.93.0100;CATEGORIA0;;1;1;0;1;;CAIXA DIREÇÃO;CAIXA DIREÇÃO;0;;
292;10267;03.93.0105;10267;03.93.0105;CATEGORIA0;;1;1;0;1;;CAIXA DIREÇÃO;CAIXA DIREÇÃO;0;;
292;10267;03.93.0140;10267;03.93.0140;CATEGORIA0;;1;1;0;1;;CAIXA DIREÇÃO;CAIXA DIREÇÃO;0;;
292;10267;03.93.0200;10267;03.93.0200;CATEGORIA0;;1;1;0;1;;CAIXA DIREÇÃO;CAIXA DIREÇÃO;0;;
292;10267;03.93.0210;10267;03.93.0210;CATEGORIA0;;1;1;0;1;;CAIXA DIREÇÃO;CAIXA DIREÇÃO;0;;
292;10267;03.93.0211;10267;03.93.0211;CATEGORIA0;;1;1;0;1;;CAIXA DIREÇÃO;CAIXA DIREÇÃO;0;;
292;10267;03.93.0215;10267;03.93.0215;CATEGORIA0;;1;1;0;1;;CAIXA DIREÇÃO;CAIXA DIREÇÃO;0;;
292;10267;03.93.0225;10267;03.93.0225;CATEGORIA0;;1;1;0;1;;CAIXA DIREÇÃO;CAIXA DIREÇÃO;0;;
292;10267;03.93.0250;10267;03.93.0250;CATEGORIA0;;1;1;0;1;;CAIXA DIREÇÃO;CAIXA DIREÇÃO;0;;
292;10267;03.93.0500;10267;03.93.0500;CATEGORIA0;;1;1;0;1;;CAIXA DIREÇÃO;CAIXA DIREÇÃO;0;;
292;10267;03.93.0550;10267;03.93.0550;CATEGORIA0;;1;1;0;1;;CAIXA DIREÇÃO;CAIXA DIREÇÃO;0;;
292;10267;03.98.1000;10267;03.98.1000;CATEGORIA0;;1;1;0;1;;CAIXA DIREÇÃO;CAIXA DIREÇÃO;0;;
292;10267;03.98.9000;10267;03.98.9000;CATEGORIA0;;1;1;0;1;;CAIXA DIREÇÃO;CAIXA DIREÇÃO;0;;
292;10267;04.05.0100-2;10267;04.05.0100-2;CATEGORIA0;;1;1;0;1;;BOMBA DIREÇÃO;BOMBA DIREÇÃO;0;;
292;10267;04.05.0100-3;10267;04.05.0100-3;CATEGORIA0;;1;1;0;1;;BOMBA DIREÇÃO;BOMBA DIREÇÃO;0;;
292;10267;04.05.0100-4;10267;04.05.0100-4;CATEGORIA0;;1;1;0;1;;BOMBA DIREÇÃO;BOMBA DIREÇÃO;0;;
292;10267;04.05.0100-5;10267;04.05.0100-5;CATEGORIA0;;1;1;0;1;;BOMBA DIREÇÃO;BOMBA DIREÇÃO;0;;
292;10267;04.05.0100-6;10267;04.05.0100-6;CATEGORIA0;;1;1;0;1;;BOMBA DIREÇÃO;BOMBA DIREÇÃO;0;;
292;10267;04.05.0100-7;10267;04.05.0100-7;CATEGORIA0;;1;1;0;1;;BOMBA DIREÇÃO;BOMBA DIREÇÃO;0;;
292;10267;04.05.0100-8;10267;04.05.0100-8;CATEGORIA0;;1;1;0;1;;BOMBA DIREÇÃO;BOMBA DIREÇÃO;0;;
292;10267;04.05.0100-9;10267;04.05.0100-9;CATEGORIA0;;1;1;0;1;;BOMBA DIREÇÃO;BOMBA DIREÇÃO;0;;
292;10267;04.05.0101;10267;04.05.0101;CATEGORIA0;;1;1;0;1;;BOMBA DIREÇÃO;BOMBA DIREÇÃO;0;;
292;10267;04.05.0102-1;10267;04.05.0102-1;CATEGORIA0;;1;1;0;1;;BOMBA DIREÇÃO;BOMBA DIREÇÃO;0;;
292;10267;04.05.0103-1;10267;04.05.0103-1;CATEGORIA0;;1;1;0;1;;BOMBA DIREÇÃO;BOMBA DIREÇÃO;0;;
292;10267;04.05.0104-1;10267;04.05.0104-1;CATEGORIA0;;1;1;0;1;;BOMBA DIREÇÃO;BOMBA DIREÇÃO;0;;
292;10267;04.05.0105;10267;04.05.0105;CATEGORIA0;;1;1;0;1;;BOMBA DIREÇÃO;BOMBA DIREÇÃO;0;;
292;10267;04.05.0105-1;10267;04.05.0105-1;CATEGORIA0;;1;1;0;1;;BOMBA DIREÇÃO;BOMBA DIREÇÃO;0;;
292;10267;04.05.0106-1;10267;04.05.0106-1;CATEGORIA0;;1;1;0;1;;BOMBA DIREÇÃO;BOMBA DIREÇÃO;0;;
292;10267;04.05.0107-1;10267;04.05.0107-1;CATEGORIA0;;1;1;0;1;;BOMBA DIREÇÃO;BOMBA DIREÇÃO;0;;
292;10267;04.05.0108-1;10267;04.05.0108-1;CATEGORIA0;;1;1;0;1;;BOMBA DIREÇÃO;BOMBA DIREÇÃO;0;;
292;10267;04.05.0110;10267;04.05.0110;CATEGORIA0;;1;1;0;1;;BOMBA DIREÇÃO;BOMBA DIREÇÃO;0;;
292;10267;04.05.0112;10267;04.05.0112;CATEGORIA0;;1;1;0;1;;BOMBA DIREÇÃO;BOMBA DIREÇÃO;0;;
292;10267;04.05.0113;10267;04.05.0113;CATEGORIA0;;1;1;0;1;;BOMBA DIREÇÃO;BOMBA DIREÇÃO;0;;
292;10267;04.05.0120;10267;04.05.0120;CATEGORIA0;;1;1;0;1;;BOMBA DIREÇÃO;BOMBA DIREÇÃO;0;;
292;10267;04.05.0120-1;10267;04.05.0120-1;CATEGORIA0;;1;1;0;1;;BOMBA DIREÇÃO;BOMBA DIREÇÃO;0;;
292;10267;04.05.0130-6;10267;04.05.0130-6;CATEGORIA0;;1;1;0;1;;BOMBA DIREÇÃO;BOMBA DIREÇÃO;0;;
292;10267;04.05.0140;10267;04.05.0140;CATEGORIA0;;1;1;0;1;;BOMBA DIREÇÃO;BOMBA DIREÇÃO;0;;
292;10267;04.05.0150;10267;04.05.0150;CATEGORIA0;;1;1;0;1;;BOMBA DIREÇÃO;BOMBA DIREÇÃO;0;;
292;10267;04.05.0155-1;10267;04.05.0155-1;CATEGORIA0;;1;1;0;1;;BOMBA DIREÇÃO;BOMBA DIREÇÃO;0;;
292;10267;04.05.0170;10267;04.05.0170;CATEGORIA0;;1;1;0;1;;BOMBA DIREÇÃO;BOMBA DIREÇÃO;0;;
292;10267;04.05.0180-1;10267;04.05.0180-1;CATEGORIA0;;1;1;0;1;;BOMBA DIREÇÃO;BOMBA DIREÇÃO;0;;
292;10267;04.05.0182-1;10267;04.05.0182-1;CATEGORIA0;;1;1;0;1;;BOMBA DIREÇÃO;BOMBA DIREÇÃO;0;;
292;10267;04.05.0185-1;10267;04.05.0185-1;CATEGORIA0;;1;1;0;1;;BOMBA DIREÇÃO;BOMBA DIREÇÃO;0;;
292;10267;04.05.0200-1;10267;04.05.0200-1;CATEGORIA0;;1;1;0;1;;BOMBA DIREÇÃO;BOMBA DIREÇÃO;0;;
292;10267;04.05.0200-3;10267;04.05.0200-3;CATEGORIA0;;1;1;0;1;;BOMBA DIREÇÃO;BOMBA DIREÇÃO;0;;
292;10267;04.05.0200-4;10267;04.05.0200-4;CATEGORIA0;;1;1;0;1;;BOMBA DIREÇÃO;BOMBA DIREÇÃO;0;;
292;10267;04.05.0201;10267;04.05.0201;CATEGORIA0;;1;1;0;1;;BOMBA DIREÇÃO;BOMBA DIREÇÃO;0;;
292;10267;04.05.0220;10267;04.05.0220;CATEGORIA0;;1;1;0;1;;BOMBA DIREÇÃO;BOMBA DIREÇÃO;0;;
292;10267;04.05.0225-1;10267;04.05.0225-1;CATEGORIA0;;1;1;0;1;;BOMBA DIREÇÃO;BOMBA DIREÇÃO;0;;
292;10267;04.05.0225-2;10267;04.05.0225-2;CATEGORIA0;;1;1;0;1;;BOMBA DIREÇÃO;BOMBA DIREÇÃO;0;;
292;10267;04.05.0225-3;10267;04.05.0225-3;CATEGORIA0;;1;1;0;1;;BOMBA DIREÇÃO;BOMBA DIREÇÃO;0;;
292;10267;04.05.0225-4;10267;04.05.0225-4;CATEGORIA0;;1;1;0;1;;BOMBA DIREÇÃO;BOMBA DIREÇÃO;0;;
292;10267;04.05.0226;10267;04.05.0226;CATEGORIA0;;1;1;0;1;;BOMBA DIREÇÃO;BOMBA DIREÇÃO;0;;
292;10267;04.05.0250;10267;04.05.0250;CATEGORIA0;;1;1;0;1;;BOMBA DIREÇÃO;BOMBA DIREÇÃO;0;;
292;10267;04.05.0300-1;10267;04.05.0300-1;CATEGORIA0;;1;1;0;1;;BOMBA DIREÇÃO;BOMBA DIREÇÃO;0;;
292;10267;04.05.0300-3;10267;04.05.0300-3;CATEGORIA0;;1;1;0;1;;BOMBA DIREÇÃO;BOMBA DIREÇÃO;0;;
292;10267;04.05.0300-4;10267;04.05.0300-4;CATEGORIA0;;1;1;0;1;;BOMBA DIREÇÃO;BOMBA DIREÇÃO;0;;
292;10267;04.05.0300-5;10267;04.05.0300-5;CATEGORIA0;;1;1;0;1;;BOMBA DIREÇÃO;BOMBA DIREÇÃO;0;;
292;10267;04.05.0300-7;10267;04.05.0300-7;CATEGORIA0;;1;1;0;1;;BOMBA DIREÇÃO;BOMBA DIREÇÃO;0;;
292;10267;04.05.0300-8;10267;04.05.0300-8;CATEGORIA0;;1;1;0;1;;BOMBA DIREÇÃO;BOMBA DIREÇÃO;0;;
292;10267;04.05.0300-9;10267;04.05.0300-9;CATEGORIA0;;1;1;0;1;;BOMBA DIREÇÃO;BOMBA DIREÇÃO;0;;
292;10267;04.05.0303-1;10267;04.05.0303-1;CATEGORIA0;;1;1;0;1;;BOMBA DIREÇÃO;BOMBA DIREÇÃO;0;;
292;10267;04.05.0303-2;10267;04.05.0303-2;CATEGORIA0;;1;1;0;1;;BOMBA DIREÇÃO;BOMBA DIREÇÃO;0;;
292;10267;04.05.0303-3;10267;04.05.0303-3;CATEGORIA0;;1;1;0;1;;BOMBA DIREÇÃO;BOMBA DIREÇÃO;0;;
292;10267;04.05.0303-4;10267;04.05.0303-4;CATEGORIA0;;1;1;0;1;;BOMBA DIREÇÃO;BOMBA DIREÇÃO;0;;
292;10267;04.05.0303-5;10267;04.05.0303-5;CATEGORIA0;;1;1;0;1;;BOMBA DIREÇÃO;BOMBA DIREÇÃO;0;;
292;10267;04.05.0303-6;10267;04.05.0303-6;CATEGORIA0;;1;1;0;1;;BOMBA DIREÇÃO;BOMBA DIREÇÃO;0;;
292;10267;04.05.0303-7;10267;04.05.0303-7;CATEGORIA0;;1;1;0;1;;BOMBA DIREÇÃO;BOMBA DIREÇÃO;0;;
292;10267;04.05.0303-9;10267;04.05.0303-9;CATEGORIA0;;1;1;0;1;;BOMBA DIREÇÃO;BOMBA DIREÇÃO;0;;
292;10267;04.05.0305;10267;04.05.0305;CATEGORIA0;;1;1;0;1;;BOMBA DIREÇÃO;BOMBA DIREÇÃO;0;;
292;10267;04.05.0307-1;10267;04.05.0307-1;CATEGORIA0;;1;1;0;1;;BOMBA DIREÇÃO;BOMBA DIREÇÃO;0;;
292;10267;04.05.0315-1;10267;04.05.0315-1;CATEGORIA0;;1;1;0;1;;BOMBA DIREÇÃO;BOMBA DIREÇÃO;0;;
292;10267;04.05.0315-4;10267;04.05.0315-4;CATEGORIA0;;1;1;0;1;;BOMBA DIREÇÃO;BOMBA DIREÇÃO;0;;
292;10267;04.05.0316;10267;04.05.0316;CATEGORIA0;;1;1;0;1;;BOMBA DIREÇÃO;BOMBA DIREÇÃO;0;;
292;10267;04.05.0318;10267;04.05.0318;CATEGORIA0;;1;1;0;1;;BOMBA DIREÇÃO;BOMBA DIREÇÃO;0;;
292;10267;04.05.0318-1;10267;04.05.0318-1;CATEGORIA0;;1;1;0;1;;BOMBA DIREÇÃO;BOMBA DIREÇÃO;0;;
292;10267;04.05.0320;10267;04.05.0320;CATEGORIA0;;1;1;0;1;;BOMBA DIREÇÃO;BOMBA DIREÇÃO;0;;
292;10267;04.05.0323-1;10267;04.05.0323-1;CATEGORIA0;;1;1;0;1;;BOMBA DIREÇÃO;BOMBA DIREÇÃO;0;;
292;10267;04.05.0323-2;10267;04.05.0323-2;CATEGORIA0;;1;1;0;1;;BOMBA DIREÇÃO;BOMBA DIREÇÃO;0;;
292;10267;04.05.0325;10267;04.05.0325;CATEGORIA0;;1;1;0;1;;BOMBA DIREÇÃO;BOMBA DIREÇÃO;0;;
292;10267;04.05.0326-1;10267;04.05.0326-1;CATEGORIA0;;1;1;0;1;;BOMBA DIREÇÃO;BOMBA DIREÇÃO;0;;
292;10267;04.05.0335-1;10267;04.05.0335-1;CATEGORIA0;;1;1;0;1;;BOMBA DIREÇÃO;BOMBA DIREÇÃO;0;;
292;10267;04.05.0335-2;10267;04.05.0335-2;CATEGORIA0;;1;1;0;1;;BOMBA DIREÇÃO;BOMBA DIREÇÃO;0;;
292;10267;04.05.0340;10267;04.05.0340;CATEGORIA0;;1;1;0;1;;BOMBA DIREÇÃO;BOMBA DIREÇÃO;0;;
292;10267;04.05.0343;10267;04.05.0343;CATEGORIA0;;1;1;0;1;;BOMBA DIREÇÃO;BOMBA DIREÇÃO;0;;
292;10267;04.05.0345-1;10267;04.05.0345-1;CATEGORIA0;;1;1;0;1;;BOMBA DIREÇÃO;BOMBA DIREÇÃO;0;;
292;10267;04.05.0345-2;10267;04.05.0345-2;CATEGORIA0;;1;1;0;1;;BOMBA DIREÇÃO;BOMBA DIREÇÃO;0;;
292;10267;04.05.0350-1;10267;04.05.0350-1;CATEGORIA0;;1;1;0;1;;BOMBA DIREÇÃO;BOMBA DIREÇÃO;0;;
292;10267;04.05.0352;10267;04.05.0352;CATEGORIA0;;1;1;0;1;;BOMBA DIREÇÃO;BOMBA DIREÇÃO;0;;
292;10267;04.05.0353;10267;04.05.0353;CATEGORIA0;;1;1;0;1;;BOMBA DIREÇÃO;BOMBA DIREÇÃO;0;;
292;10267;04.05.0355-1;10267;04.05.0355-1;CATEGORIA0;;1;1;0;1;;BOMBA DIREÇÃO;BOMBA DIREÇÃO;0;;
292;10267;04.05.0355-3;10267;04.05.0355-3;CATEGORIA0;;1;1;0;1;;BOMBA DIREÇÃO;BOMBA DIREÇÃO;0;;
292;10267;04.05.0360-1;10267;04.05.0360-1;CATEGORIA0;;1;1;0;1;;BOMBA DIREÇÃO;BOMBA DIREÇÃO;0;;
292;10267;04.05.0360-2;10267;04.05.0360-2;CATEGORIA0;;1;1;0;1;;BOMBA DIREÇÃO;BOMBA DIREÇÃO;0;;
292;10267;04.05.0360-3;10267;04.05.0360-3;CATEGORIA0;;1;1;0;1;;BOMBA DIREÇÃO;BOMBA DIREÇÃO;0;;
292;10267;04.05.0365;10267;04.05.0365;CATEGORIA0;;1;1;0;1;;BOMBA DIREÇÃO;BOMBA DIREÇÃO;0;;
292;10267;04.05.0366;10267;04.05.0366;CATEGORIA0;;1;1;0;1;;BOMBA DIREÇÃO;BOMBA DIREÇÃO;0;;
292;10267;04.05.0370-1;10267;04.05.0370-1;CATEGORIA0;;1;1;0;1;;BOMBA DIREÇÃO;BOMBA DIREÇÃO;0;;
292;10267;04.05.0370-2;10267;04.05.0370-2;CATEGORIA0;;1;1;0;1;;BOMBA DIREÇÃO;BOMBA DIREÇÃO;0;;
292;10267;04.05.0370-3;10267;04.05.0370-3;CATEGORIA0;;1;1;0;1;;BOMBA DIREÇÃO;BOMBA DIREÇÃO;0;;
292;10267;04.05.0373-1;10267;04.05.0373-1;CATEGORIA0;;1;1;0;1;;BOMBA DIREÇÃO;BOMBA DIREÇÃO;0;;
292;10267;04.05.0373-2;10267;04.05.0373-2;CATEGORIA0;;1;1;0;1;;BOMBA DIREÇÃO;BOMBA DIREÇÃO;0;;
292;10267;04.05.0375;10267;04.05.0375;CATEGORIA0;;1;1;0;1;;BOMBA DIREÇÃO;BOMBA DIREÇÃO;0;;
292;10267;04.05.0376-1;10267;04.05.0376-1;CATEGORIA0;;1;1;0;1;;BOMBA DIREÇÃO;BOMBA DIREÇÃO;0;;
292;10267;04.05.0380-1;10267;04.05.0380-1;CATEGORIA0;;1;1;0;1;;BOMBA DIREÇÃO;BOMBA DIREÇÃO;0;;
292;10267;04.05.0387;10267;04.05.0387;CATEGORIA0;;1;1;0;1;;BOMBA DIREÇÃO;BOMBA DIREÇÃO;0;;
292;10267;04.05.0390;10267;04.05.0390;CATEGORIA0;;1;1;0;1;;BOMBA DIREÇÃO;BOMBA DIREÇÃO;0;;
292;10267;04.05.0391;10267;04.05.0391;CATEGORIA0;;1;1;0;1;;BOMBA DIREÇÃO;BOMBA DIREÇÃO;0;;
292;10267;04.05.0400;10267;04.05.0400;CATEGORIA0;;1;1;0;1;;BOMBA DIREÇÃO;BOMBA DIREÇÃO;0;;
292;10267;04.05.0401;10267;04.05.0401;CATEGORIA0;;1;1;0;1;;BOMBA DIREÇÃO;BOMBA DIREÇÃO;0;;
292;10267;04.05.0402-1;10267;04.05.0402-1;CATEGORIA0;;1;1;0;1;;BOMBA DIREÇÃO;BOMBA DIREÇÃO;0;;
292;10267;04.05.0402-2;10267;04.05.0402-2;CATEGORIA0;;1;1;0;1;;BOMBA DIREÇÃO;BOMBA DIREÇÃO;0;;
292;10267;04.05.0403-1;10267;04.05.0403-1;CATEGORIA0;;1;1;0;1;;BOMBA DIREÇÃO;BOMBA DIREÇÃO;0;;
292;10267;04.05.0403-2;10267;04.05.0403-2;CATEGORIA0;;1;1;0;1;;BOMBA DIREÇÃO;BOMBA DIREÇÃO;0;;
292;10267;04.05.0404-1;10267;04.05.0404-1;CATEGORIA0;;1;1;0;1;;BOMBA DIREÇÃO;BOMBA DIREÇÃO;0;;
292;10267;04.05.0405;10267;04.05.0405;CATEGORIA0;;1;1;0;1;;BOMBA DIREÇÃO;BOMBA DIREÇÃO;0;;
292;10267;04.05.0406;10267;04.05.0406;CATEGORIA0;;1;1;0;1;;BOMBA DIREÇÃO;BOMBA DIREÇÃO;0;;
292;10267;04.05.0407;10267;04.05.0407;CATEGORIA0;;1;1;0;1;;BOMBA DIREÇÃO;BOMBA DIREÇÃO;0;;
292;10267;04.05.0408;10267;04.05.0408;CATEGORIA0;;1;1;0;1;;BOMBA DIREÇÃO;BOMBA DIREÇÃO;0;;
292;10267;04.05.0410-1;10267;04.05.0410-1;CATEGORIA0;;1;1;0;1;;BOMBA DIREÇÃO;BOMBA DIREÇÃO;0;;
292;10267;04.05.0411-1;10267;04.05.0411-1;CATEGORIA0;;1;1;0;1;;BOMBA DIREÇÃO;BOMBA DIREÇÃO;0;;
292;10267;04.05.0411-2;10267;04.05.0411-2;CATEGORIA0;;1;1;0;1;;BOMBA DIREÇÃO;BOMBA DIREÇÃO;0;;
292;10267;04.05.0412-1;10267;04.05.0412-1;CATEGORIA0;;1;1;0;1;;BOMBA DIREÇÃO;BOMBA DIREÇÃO;0;;
292;10267;04.05.0413-1;10267;04.05.0413-1;CATEGORIA0;;1;1;0;1;;BOMBA DIREÇÃO;BOMBA DIREÇÃO;0;;
292;10267;04.05.0450;10267;04.05.0450;CATEGORIA0;;1;1;0;1;;BOMBA DIREÇÃO;BOMBA DIREÇÃO;0;;
292;10267;04.05.0460-1;10267;04.05.0460-1;CATEGORIA0;;1;1;0;1;;BOMBA DIREÇÃO;BOMBA DIREÇÃO;0;;
292;10267;04.05.0500;10267;04.05.0500;CATEGORIA0;;1;1;0;1;;BOMBA DIREÇÃO;BOMBA DIREÇÃO;0;;
292;10267;04.05.0510-1;10267;04.05.0510-1;CATEGORIA0;;1;1;0;1;;BOMBA DIREÇÃO;BOMBA DIREÇÃO;0;;
292;10267;04.05.0515;10267;04.05.0515;CATEGORIA0;;1;1;0;1;;BOMBA DIREÇÃO;BOMBA DIREÇÃO;0;;
292;10267;04.05.0520-1;10267;04.05.0520-1;CATEGORIA0;;1;1;0;1;;BOMBA DIREÇÃO;BOMBA DIREÇÃO;0;;
292;10267;04.05.0530-1;10267;04.05.0530-1;CATEGORIA0;;1;1;0;1;;BOMBA DIREÇÃO;BOMBA DIREÇÃO;0;;
292;10267;04.05.0545-1;10267;04.05.0545-1;CATEGORIA0;;1;1;0;1;;BOMBA DIREÇÃO;BOMBA DIREÇÃO;0;;
292;10267;04.05.0550-1;10267;04.05.0550-1;CATEGORIA0;;1;1;0;1;;BOMBA DIREÇÃO;BOMBA DIREÇÃO;0;;
292;10267;04.05.0560-1;10267;04.05.0560-1;CATEGORIA0;;1;1;0;1;;BOMBA DIREÇÃO;BOMBA DIREÇÃO;0;;
292;10267;04.05.0570-1;10267;04.05.0570-1;CATEGORIA0;;1;1;0;1;;BOMBA DIREÇÃO;BOMBA DIREÇÃO;0;;
292;10267;04.05.0600;10267;04.05.0600;CATEGORIA0;;1;1;0;1;;BOMBA DIREÇÃO;BOMBA DIREÇÃO;0;;
292;10267;04.05.0603;10267;04.05.0603;CATEGORIA0;;1;1;0;1;;BOMBA DIREÇÃO;BOMBA DIREÇÃO;0;;
292;10267;04.05.0700;10267;04.05.0700;CATEGORIA0;;1;1;0;1;;BOMBA DIREÇÃO;BOMBA DIREÇÃO;0;;
292;10267;04.05.0702;10267;04.05.0702;CATEGORIA0;;1;1;0;1;;BOMBA DIREÇÃO;BOMBA DIREÇÃO;0;;
292;10267;04.05.0710;10267;04.05.0710;CATEGORIA0;;1;1;0;1;;BOMBA DIREÇÃO;BOMBA DIREÇÃO;0;;
292;10267;04.05.0715;10267;04.05.0715;CATEGORIA0;;1;1;0;1;;BOMBA DIREÇÃO;BOMBA DIREÇÃO;0;;
292;10267;04.05.0800-1;10267;04.05.0800-1;CATEGORIA0;;1;1;0;1;;BOMBA DIREÇÃO;BOMBA DIREÇÃO;0;;
292;10267;04.05.0800-3;10267;04.05.0800-3;CATEGORIA0;;1;1;0;1;;BOMBA DIREÇÃO;BOMBA DIREÇÃO;0;;
292;10267;04.05.0900;10267;04.05.0900;CATEGORIA0;;1;1;0;1;;BOMBA DIREÇÃO;BOMBA DIREÇÃO;0;;
292;10267;04.05.0902-1;10267;04.05.0902-1;CATEGORIA0;;1;1;0;1;;BOMBA DIREÇÃO;BOMBA DIREÇÃO;0;;
292;10267;04.05.1000;10267;04.05.1000;CATEGORIA0;;1;1;0;1;;BOMBA DIREÇÃO;BOMBA DIREÇÃO;0;;
292;10267;04.05.1009;10267;04.05.1009;CATEGORIA0;;1;1;0;1;;BOMBA DIREÇÃO;BOMBA DIREÇÃO;0;;
292;10267;04.05.1030-1;10267;04.05.1030-1;CATEGORIA0;;1;1;0;1;;BOMBA DIREÇÃO;BOMBA DIREÇÃO;0;;
292;10267;04.05.1030-3;10267;04.05.1030-3;CATEGORIA0;;1;1;0;1;;BOMBA DIREÇÃO;BOMBA DIREÇÃO;0;;
292;10267;04.05.1030-4;10267;04.05.1030-4;CATEGORIA0;;1;1;0;1;;BOMBA DIREÇÃO;BOMBA DIREÇÃO;0;;
292;10267;04.05.1040;10267;04.05.1040;CATEGORIA0;;1;1;0;1;;BOMBA DIREÇÃO;BOMBA DIREÇÃO;0;;
292;10267;04.05.1049-1;10267;04.05.1049-1;CATEGORIA0;;1;1;0;1;;BOMBA DIREÇÃO;BOMBA DIREÇÃO;0;;
292;10267;04.05.1050;10267;04.05.1050;CATEGORIA0;;1;1;0;1;;BOMBA DIREÇÃO;BOMBA DIREÇÃO;0;;
292;10267;04.05.1051;10267;04.05.1051;CATEGORIA0;;1;1;0;1;;BOMBA DIREÇÃO;BOMBA DIREÇÃO;0;;
292;10267;04.05.1070;10267;04.05.1070;CATEGORIA0;;1;1;0;1;;BOMBA DIREÇÃO;BOMBA DIREÇÃO;0;;
292;10267;04.05.1090;10267;04.05.1090;CATEGORIA0;;1;1;0;1;;BOMBA DIREÇÃO;BOMBA DIREÇÃO;0;;
292;10267;04.05.1092;10267;04.05.1092;CATEGORIA0;;1;1;0;1;;BOMBA DIREÇÃO;BOMBA DIREÇÃO;0;;
292;10267;04.05.1093-1;10267;04.05.1093-1;CATEGORIA0;;1;1;0;1;;BOMBA DIREÇÃO;BOMBA DIREÇÃO;0;;
292;10267;04.05.1094;10267;04.05.1094;CATEGORIA0;;1;1;0;1;;BOMBA DIREÇÃO;BOMBA DIREÇÃO;0;;
292;10267;04.05.1095;10267;04.05.1095;CATEGORIA0;;1;1;0;1;;BOMBA DIREÇÃO;BOMBA DIREÇÃO;0;;
292;10267;04.05.1096;10267;04.05.1096;CATEGORIA0;;1;1;0;1;;BOMBA DIREÇÃO;BOMBA DIREÇÃO;0;;
292;10267;04.05.1097-1;10267;04.05.1097-1;CATEGORIA0;;1;1;0;1;;BOMBA DIREÇÃO;BOMBA DIREÇÃO;0;;
292;10267;04.05.1120;10267;04.05.1120;CATEGORIA0;;1;1;0;1;;BOMBA DIREÇÃO;BOMBA DIREÇÃO;0;;
292;10267;04.05.1130-1;10267;04.05.1130-1;CATEGORIA0;;1;1;0;1;;BOMBA DIREÇÃO;BOMBA DIREÇÃO;0;;
292;10267;04.05.1130-3;10267;04.05.1130-3;CATEGORIA0;;1;1;0;1;;BOMBA DIREÇÃO;BOMBA DIREÇÃO;0;;
292;10267;04.05.1130-4;10267;04.05.1130-4;CATEGORIA0;;1;1;0;1;;BOMBA DIREÇÃO;BOMBA DIREÇÃO;0;;
292;10267;04.05.1130-5;10267;04.05.1130-5;CATEGORIA0;;1;1;0;1;;BOMBA DIREÇÃO;BOMBA DIREÇÃO;0;;
292;10267;04.05.1135-1;10267;04.05.1135-1;CATEGORIA0;;1;1;0;1;;BOMBA DIREÇÃO;BOMBA DIREÇÃO;0;;
292;10267;04.05.1140;10267;04.05.1140;CATEGORIA0;;1;1;0;1;;BOMBA DIREÇÃO;BOMBA DIREÇÃO;0;;
292;10267;04.05.1140-1;10267;04.05.1140-1;CATEGORIA0;;1;1;0;1;;BOMBA DIREÇÃO;BOMBA DIREÇÃO;0;;
292;10267;04.05.1140-6;10267;04.05.1140-6;CATEGORIA0;;1;1;0;1;;BOMBA DIREÇÃO;BOMBA DIREÇÃO;0;;
292;10267;04.05.1140-7;10267;04.05.1140-7;CATEGORIA0;;1;1;0;1;;BOMBA DIREÇÃO;BOMBA DIREÇÃO;0;;
292;10267;04.05.1145;10267;04.05.1145;CATEGORIA0;;1;1;0;1;;BOMBA DIREÇÃO;BOMBA DIREÇÃO;0;;
292;10267;04.05.1150;10267;04.05.1150;CATEGORIA0;;1;1;0;1;;BOMBA DIREÇÃO;BOMBA DIREÇÃO;0;;
292;10267;04.05.1200-1;10267;04.05.1200-1;CATEGORIA0;;1;1;0;1;;BOMBA DIREÇÃO;BOMBA DIREÇÃO;0;;
292;10267;04.05.1200-2;10267;04.05.1200-2;CATEGORIA0;;1;1;0;1;;BOMBA DIREÇÃO;BOMBA DIREÇÃO;0;;
292;10267;04.05.1240-5;10267;04.05.1240-5;CATEGORIA0;;1;1;0;1;;BOMBA DIREÇÃO;BOMBA DIREÇÃO;0;;
292;10267;04.05.1242;10267;04.05.1242;CATEGORIA0;;1;1;0;1;;BOMBA DIREÇÃO;BOMBA DIREÇÃO;0;;
292;10267;04.05.1243-1;10267;04.05.1243-1;CATEGORIA0;;1;1;0;1;;BOMBA DIREÇÃO;BOMBA DIREÇÃO;0;;
292;10267;04.05.1245-1;10267;04.05.1245-1;CATEGORIA0;;1;1;0;1;;BOMBA DIREÇÃO;BOMBA DIREÇÃO;0;;
292;10267;04.07.0100-1;10267;04.07.0100-1;CATEGORIA0;;1;1;0;1;;BOMBA DIREÇÃO;BOMBA DIREÇÃO;0;;
292;10267;04.07.0100-10;10267;04.07.0100-10;CATEGORIA0;;1;1;0;1;;BOMBA DIREÇÃO;BOMBA DIREÇÃO;0;;
292;10267;04.07.0100-11;10267;04.07.0100-11;CATEGORIA0;;1;1;0;1;;BOMBA DIREÇÃO;BOMBA DIREÇÃO;0;;
292;10267;04.07.0100-2;10267;04.07.0100-2;CATEGORIA0;;1;1;0;1;;BOMBA DIREÇÃO;BOMBA DIREÇÃO;0;;
292;10267;04.07.0100-3;10267;04.07.0100-3;CATEGORIA0;;1;1;0;1;;BOMBA DIREÇÃO;BOMBA DIREÇÃO;0;;
292;10267;04.07.0100-4;10267;04.07.0100-4;CATEGORIA0;;1;1;0;1;;BOMBA DIREÇÃO;BOMBA DIREÇÃO;0;;
292;10267;04.07.0100-5;10267;04.07.0100-5;CATEGORIA0;;1;1;0;1;;BOMBA DIREÇÃO;BOMBA DIREÇÃO;0;;
292;10267;04.07.0100-6;10267;04.07.0100-6;CATEGORIA0;;1;1;0;1;;BOMBA DIREÇÃO;BOMBA DIREÇÃO;0;;
292;10267;04.07.0100-7;10267;04.07.0100-7;CATEGORIA0;;1;1;0;1;;BOMBA DIREÇÃO;BOMBA DIREÇÃO;0;;
292;10267;04.07.0100-8;10267;04.07.0100-8;CATEGORIA0;;1;1;0;1;;BOMBA DIREÇÃO;BOMBA DIREÇÃO;0;;
292;10267;04.07.0100-9;10267;04.07.0100-9;CATEGORIA0;;1;1;0;1;;BOMBA DIREÇÃO;BOMBA DIREÇÃO;0;;
292;10267;04.07.0101;10267;04.07.0101;CATEGORIA0;;1;1;0;1;;BOMBA DIREÇÃO;BOMBA DIREÇÃO;0;;
292;10267;04.07.0102;10267;04.07.0102;CATEGORIA0;;1;1;0;1;;BOMBA DIREÇÃO;BOMBA DIREÇÃO;0;;
292;10267;04.07.0103;10267;04.07.0103;CATEGORIA0;;1;1;0;1;;BOMBA DIREÇÃO;BOMBA DIREÇÃO;0;;
292;10267;04.07.0104-1;10267;04.07.0104-1;CATEGORIA0;;1;1;0;1;;BOMBA DIREÇÃO;BOMBA DIREÇÃO;0;;
292;10267;04.07.0105;10267;04.07.0105;CATEGORIA0;;1;1;0;1;;BOMBA DIREÇÃO;BOMBA DIREÇÃO;0;;
292;10267;04.07.0106;10267;04.07.0106;CATEGORIA0;;1;1;0;1;;BOMBA DIREÇÃO;BOMBA DIREÇÃO;0;;
292;10267;04.07.0108;10267;04.07.0108;CATEGORIA0;;1;1;0;1;;BOMBA DIREÇÃO;BOMBA DIREÇÃO;0;;
292;10267;04.07.0110;10267;04.07.0110;CATEGORIA0;;1;1;0;1;;BOMBA DIREÇÃO;BOMBA DIREÇÃO;0;;
292;10267;04.07.0112;10267;04.07.0112;CATEGORIA0;;1;1;0;1;;BOMBA DIREÇÃO;BOMBA DIREÇÃO;0;;
292;10267;04.07.0118;10267;04.07.0118;CATEGORIA0;;1;1;0;1;;BOMBA DIREÇÃO;BOMBA DIREÇÃO;0;;
292;10267;04.07.0120;10267;04.07.0120;CATEGORIA0;;1;1;0;1;;BOMBA DIREÇÃO;BOMBA DIREÇÃO;0;;
292;10267;04.07.0130-1;10267;04.07.0130-1;CATEGORIA0;;1;1;0;1;;BOMBA DIREÇÃO;BOMBA DIREÇÃO;0;;
292;10267;04.07.0131;10267;04.07.0131;CATEGORIA0;;1;1;0;1;;BOMBA DIREÇÃO;BOMBA DIREÇÃO;0;;
292;10267;04.07.0140-1;10267;04.07.0140-1;CATEGORIA0;;1;1;0;1;;BOMBA DIREÇÃO;BOMBA DIREÇÃO;0;;
292;10267;04.07.0140-2;10267;04.07.0140-2;CATEGORIA0;;1;1;0;1;;BOMBA DIREÇÃO;BOMBA DIREÇÃO;0;;
292;10267;04.07.0142;10267;04.07.0142;CATEGORIA0;;1;1;0;1;;BOMBA DIREÇÃO;BOMBA DIREÇÃO;0;;
292;10267;04.07.0150-1;10267;04.07.0150-1;CATEGORIA0;;1;1;0;1;;BOMBA DIREÇÃO;BOMBA DIREÇÃO;0;;
292;10267;04.07.0160;10267;04.07.0160;CATEGORIA0;;1;1;0;1;;BOMBA DIREÇÃO;BOMBA DIREÇÃO;0;;
292;10267;04.07.0200-2;10267;04.07.0200-2;CATEGORIA0;;1;1;0;1;;BOMBA DIREÇÃO;BOMBA DIREÇÃO;0;;
292;10267;04.07.0200-4;10267;04.07.0200-4;CATEGORIA0;;1;1;0;1;;BOMBA DIREÇÃO;BOMBA DIREÇÃO;0;;
292;10267;04.07.0201;10267;04.07.0201;CATEGORIA0;;1;1;0;1;;BOMBA DIREÇÃO;BOMBA DIREÇÃO;0;;
292;10267;04.07.0202-1;10267;04.07.0202-1;CATEGORIA0;;1;1;0;1;;BOMBA DIREÇÃO;BOMBA DIREÇÃO;0;;
292;10267;04.07.0202-2;10267;04.07.0202-2;CATEGORIA0;;1;1;0;1;;BOMBA DIREÇÃO;BOMBA DIREÇÃO;0;;
292;10267;04.07.0203;10267;04.07.0203;CATEGORIA0;;1;1;0;1;;BOMBA DIREÇÃO;BOMBA DIREÇÃO;0;;
292;10267;04.07.0210;10267;04.07.0210;CATEGORIA0;;1;1;0;1;;BOMBA DIREÇÃO;BOMBA DIREÇÃO;0;;
292;10267;04.07.0250;10267;04.07.0250;CATEGORIA0;;1;1;0;1;;BOMBA DIREÇÃO;BOMBA DIREÇÃO;0;;
292;10267;04.07.0280;10267;04.07.0280;CATEGORIA0;;1;1;0;1;;BOMBA DIREÇÃO;BOMBA DIREÇÃO;0;;
292;10267;04.07.0281;10267;04.07.0281;CATEGORIA0;;1;1;0;1;;BOMBA DIREÇÃO;BOMBA DIREÇÃO;0;;
292;10267;04.07.0282;10267;04.07.0282;CATEGORIA0;;1;1;0;1;;BOMBA DIREÇÃO;BOMBA DIREÇÃO;0;;
292;10267;04.07.0283-1;10267;04.07.0283-1;CATEGORIA0;;1;1;0;1;;BOMBA DIREÇÃO;BOMBA DIREÇÃO;0;;
292;10267;04.07.0284;10267;04.07.0284;CATEGORIA0;;1;1;0;1;;BOMBA DIREÇÃO;BOMBA DIREÇÃO;0;;
292;10267;04.07.0287-1;10267;04.07.0287-1;CATEGORIA0;;1;1;0;1;;BOMBA DIREÇÃO;BOMBA DIREÇÃO;0;;
292;10267;04.07.0288-1;10267;04.07.0288-1;CATEGORIA0;;1;1;0;1;;BOMBA DIREÇÃO;BOMBA DIREÇÃO;0;;
292;10267;04.07.0293-1;10267;04.07.0293-1;CATEGORIA0;;1;1;0;1;;BOMBA DIREÇÃO;BOMBA DIREÇÃO;0;;
292;10267;04.07.0300-1;10267;04.07.0300-1;CATEGORIA0;;1;1;0;1;;BOMBA DIREÇÃO;BOMBA DIREÇÃO;0;;
292;10267;04.07.0300-2;10267;04.07.0300-2;CATEGORIA0;;1;1;0;1;;BOMBA DIREÇÃO;BOMBA DIREÇÃO;0;;
292;10267;04.07.0310;10267;04.07.0310;CATEGORIA0;;1;1;0;1;;BOMBA DIREÇÃO;BOMBA DIREÇÃO;0;;
292;10267;04.07.0315;10267;04.07.0315;CATEGORIA0;;1;1;0;1;;BOMBA DIREÇÃO;BOMBA DIREÇÃO;0;;
292;10267;04.07.0330;10267;04.07.0330;CATEGORIA0;;1;1;0;1;;BOMBA DIREÇÃO;BOMBA DIREÇÃO;0;;
292;10267;04.07.0340-1;10267;04.07.0340-1;CATEGORIA0;;1;1;0;1;;BOMBA DIREÇÃO;BOMBA DIREÇÃO;0;;
292;10267;04.07.0350-1;10267;04.07.0350-1;CATEGORIA0;;1;1;0;1;;BOMBA DIREÇÃO;BOMBA DIREÇÃO;0;;
292;10267;04.07.0350-2;10267;04.07.0350-2;CATEGORIA0;;1;1;0;1;;BOMBA DIREÇÃO;BOMBA DIREÇÃO;0;;
292;10267;04.07.0355;10267;04.07.0355;CATEGORIA0;;1;1;0;1;;BOMBA DIREÇÃO;BOMBA DIREÇÃO;0;;
292;10267;04.07.0360;10267;04.07.0360;CATEGORIA0;;1;1;0;1;;BOMBA DIREÇÃO;BOMBA DIREÇÃO;0;;
292;10267;04.07.0365;10267;04.07.0365;CATEGORIA0;;1;1;0;1;;BOMBA DIREÇÃO;BOMBA DIREÇÃO;0;;
292;10267;04.07.0368;10267;04.07.0368;CATEGORIA0;;1;1;0;1;;BOMBA DIREÇÃO;BOMBA DIREÇÃO;0;;
292;10267;04.07.0370;10267;04.07.0370;CATEGORIA0;;1;1;0;1;;BOMBA DIREÇÃO;BOMBA DIREÇÃO;0;;
292;10267;04.07.0371;10267;04.07.0371;CATEGORIA0;;1;1;0;1;;BOMBA DIREÇÃO;BOMBA DIREÇÃO;0;;
292;10267;04.07.0372;10267;04.07.0372;CATEGORIA0;;1;1;0;1;;BOMBA DIREÇÃO;BOMBA DIREÇÃO;0;;
292;10267;04.07.0380;10267;04.07.0380;CATEGORIA0;;1;1;0;1;;BOMBA DIREÇÃO;BOMBA DIREÇÃO;0;;
292;10267;04.07.0381-1;10267;04.07.0381-1;CATEGORIA0;;1;1;0;1;;BOMBA DIREÇÃO;BOMBA DIREÇÃO;0;;
292;10267;04.07.0381-2;10267;04.07.0381-2;CATEGORIA0;;1;1;0;1;;BOMBA DIREÇÃO;BOMBA DIREÇÃO;0;;
292;10267;04.07.0382;10267;04.07.0382;CATEGORIA0;;1;1;0;1;;BOMBA DIREÇÃO;BOMBA DIREÇÃO;0;;
292;10267;04.07.0391-1;10267;04.07.0391-1;CATEGORIA0;;1;1;0;1;;BOMBA DIREÇÃO;BOMBA DIREÇÃO;0;;
292;10267;04.07.0392;10267;04.07.0392;CATEGORIA0;;1;1;0;1;;BOMBA DIREÇÃO;BOMBA DIREÇÃO;0;;
292;10267;04.07.0405;10267;04.07.0405;CATEGORIA0;;1;1;0;1;;BOMBA DIREÇÃO;BOMBA DIREÇÃO;0;;
292;10267;04.09.0100-1;10267;04.09.0100-1;CATEGORIA0;;1;1;0;1;;BOMBA DIREÇÃO;BOMBA DIREÇÃO;0;;
292;10267;04.09.0100-3;10267;04.09.0100-3;CATEGORIA0;;1;1;0;1;;BOMBA DIREÇÃO;BOMBA DIREÇÃO;0;;
292;10267;04.09.0100-4;10267;04.09.0100-4;CATEGORIA0;;1;1;0;1;;BOMBA DIREÇÃO;BOMBA DIREÇÃO;0;;
292;10267;04.09.0100-5;10267;04.09.0100-5;CATEGORIA0;;1;1;0;1;;BOMBA DIREÇÃO;BOMBA DIREÇÃO;0;;
292;10267;04.09.0120;10267;04.09.0120;CATEGORIA0;;1;1;0;1;;BOMBA DIREÇÃO;BOMBA DIREÇÃO;0;;
292;10267;04.09.0200-1;10267;04.09.0200-1;CATEGORIA0;;1;1;0;1;;BOMBA DIREÇÃO;BOMBA DIREÇÃO;0;;
292;10267;04.09.0200-2;10267;04.09.0200-2;CATEGORIA0;;1;1;0;1;;BOMBA DIREÇÃO;BOMBA DIREÇÃO;0;;
292;10267;04.09.0200-3;10267;04.09.0200-3;CATEGORIA0;;1;1;0;1;;BOMBA DIREÇÃO;BOMBA DIREÇÃO;0;;
292;10267;04.09.0201;10267;04.09.0201;CATEGORIA0;;1;1;0;1;;BOMBA DIREÇÃO;BOMBA DIREÇÃO;0;;
292;10267;04.09.0202;10267;04.09.0202;CATEGORIA0;;1;1;0;1;;BOMBA DIREÇÃO;BOMBA DIREÇÃO;0;;
292;10267;04.09.0203;10267;04.09.0203;CATEGORIA0;;1;1;0;1;;BOMBA DIREÇÃO;BOMBA DIREÇÃO;0;;
292;10267;04.09.0210-1;10267;04.09.0210-1;CATEGORIA0;;1;1;0;1;;BOMBA DIREÇÃO;BOMBA DIREÇÃO;0;;
292;10267;04.09.0220-1;10267;04.09.0220-1;CATEGORIA0;;1;1;0;1;;BOMBA DIREÇÃO;BOMBA DIREÇÃO;0;;
292;10267;04.09.0300-1;10267;04.09.0300-1;CATEGORIA0;;1;1;0;1;;BOMBA DIREÇÃO;BOMBA DIREÇÃO;0;;
292;10267;04.09.0301;10267;04.09.0301;CATEGORIA0;;1;1;0;1;;BOMBA DIREÇÃO;BOMBA DIREÇÃO;0;;
292;10267;04.09.0302;10267;04.09.0302;CATEGORIA0;;1;1;0;1;;BOMBA DIREÇÃO;BOMBA DIREÇÃO;0;;
292;10267;04.09.0303;10267;04.09.0303;CATEGORIA0;;1;1;0;1;;BOMBA DIREÇÃO;BOMBA DIREÇÃO;0;;
292;10267;04.09.0304;10267;04.09.0304;CATEGORIA0;;1;1;0;1;;BOMBA DIREÇÃO;BOMBA DIREÇÃO;0;;
292;10267;04.09.0305-1;10267;04.09.0305-1;CATEGORIA0;;1;1;0;1;;BOMBA DIREÇÃO;BOMBA DIREÇÃO;0;;
292;10267;04.09.0306-1;10267;04.09.0306-1;CATEGORIA0;;1;1;0;1;;BOMBA DIREÇÃO;BOMBA DIREÇÃO;0;;
292;10267;04.09.0400-1;10267;04.09.0400-1;CATEGORIA0;;1;1;0;1;;BOMBA DIREÇÃO;BOMBA DIREÇÃO;0;;
292;10267;04.09.0600;10267;04.09.0600;CATEGORIA0;;1;1;0;1;;BOMBA DIREÇÃO;BOMBA DIREÇÃO;0;;
292;10267;04.11.0100;10267;04.11.0100;CATEGORIA0;;1;1;0;1;;BOMBA DIREÇÃO;BOMBA DIREÇÃO;0;;
292;10267;04.11.0101-1;10267;04.11.0101-1;CATEGORIA0;;1;1;0;1;;BOMBA DIREÇÃO;BOMBA DIREÇÃO;0;;
292;10267;04.11.0102;10267;04.11.0102;CATEGORIA0;;1;1;0;1;;BOMBA DIREÇÃO;BOMBA DIREÇÃO;0;;
292;10267;04.11.0104-1;10267;04.11.0104-1;CATEGORIA0;;1;1;0;1;;BOMBA DIREÇÃO;BOMBA DIREÇÃO;0;;
292;10267;04.11.0105;10267;04.11.0105;CATEGORIA0;;1;1;0;1;;BOMBA DIREÇÃO;BOMBA DIREÇÃO;0;;
292;10267;04.11.0107;10267;04.11.0107;CATEGORIA0;;1;1;0;1;;BOMBA DIREÇÃO;BOMBA DIREÇÃO;0;;
292;10267;04.11.0110;10267;04.11.0110;CATEGORIA0;;1;1;0;1;;BOMBA DIREÇÃO;BOMBA DIREÇÃO;0;;
292;10267;04.11.0150;10267;04.11.0150;CATEGORIA0;;1;1;0;1;;BOMBA DIREÇÃO;BOMBA DIREÇÃO;0;;
292;10267;04.11.0201-1;10267;04.11.0201-1;CATEGORIA0;;1;1;0;1;;BOMBA DIREÇÃO;BOMBA DIREÇÃO;0;;
292;10267;04.11.0201-3;10267;04.11.0201-3;CATEGORIA0;;1;1;0;1;;BOMBA DIREÇÃO;BOMBA DIREÇÃO;0;;
292;10267;04.11.0203;10267;04.11.0203;CATEGORIA0;;1;1;0;1;;BOMBA DIREÇÃO;BOMBA DIREÇÃO;0;;
292;10267;04.11.0205;10267;04.11.0205;CATEGORIA0;;1;1;0;1;;BOMBA DIREÇÃO;BOMBA DIREÇÃO;0;;
292;10267;04.11.0206;10267;04.11.0206;CATEGORIA0;;1;1;0;1;;BOMBA DIREÇÃO;BOMBA DIREÇÃO;0;;
292;10267;04.11.0207;10267;04.11.0207;CATEGORIA0;;1;1;0;1;;BOMBA DIREÇÃO;BOMBA DIREÇÃO;0;;
292;10267;04.11.0212;10267;04.11.0212;CATEGORIA0;;1;1;0;1;;BOMBA DIREÇÃO;BOMBA DIREÇÃO;0;;
292;10267;04.11.0215-1;10267;04.11.0215-1;CATEGORIA0;;1;1;0;1;;BOMBA DIREÇÃO;BOMBA DIREÇÃO;0;;
292;10267;04.11.0215-2;10267;04.11.0215-2;CATEGORIA0;;1;1;0;1;;BOMBA DIREÇÃO;BOMBA DIREÇÃO;0;;
292;10267;04.11.0219-1;10267;04.11.0219-1;CATEGORIA0;;1;1;0;1;;BOMBA DIREÇÃO;BOMBA DIREÇÃO;0;;
292;10267;04.11.0221;10267;04.11.0221;CATEGORIA0;;1;1;0;1;;BOMBA DIREÇÃO;BOMBA DIREÇÃO;0;;
292;10267;04.11.0224-1;10267;04.11.0224-1;CATEGORIA0;;1;1;0;1;;BOMBA DIREÇÃO;BOMBA DIREÇÃO;0;;
292;10267;04.11.0227;10267;04.11.0227;CATEGORIA0;;1;1;0;1;;BOMBA DIREÇÃO;BOMBA DIREÇÃO;0;;
292;10267;04.11.0228;10267;04.11.0228;CATEGORIA0;;1;1;0;1;;BOMBA DIREÇÃO;BOMBA DIREÇÃO;0;;
292;10267;04.11.0230-3;10267;04.11.0230-3;CATEGORIA0;;1;1;0;1;;BOMBA DIREÇÃO;BOMBA DIREÇÃO;0;;
292;10267;04.11.0234;10267;04.11.0234;CATEGORIA0;;1;1;0;1;;BOMBA DIREÇÃO;BOMBA DIREÇÃO;0;;
292;10267;04.11.0235;10267;04.11.0235;CATEGORIA0;;1;1;0;1;;BOMBA DIREÇÃO;BOMBA DIREÇÃO;0;;
292;10267;04.11.0237;10267;04.11.0237;CATEGORIA0;;1;1;0;1;;BOMBA DIREÇÃO;BOMBA DIREÇÃO;0;;
292;10267;04.11.0238;10267;04.11.0238;CATEGORIA0;;1;1;0;1;;BOMBA DIREÇÃO;BOMBA DIREÇÃO;0;;
292;10267;04.11.0239;10267;04.11.0239;CATEGORIA0;;1;1;0;1;;BOMBA DIREÇÃO;BOMBA DIREÇÃO;0;;
292;10267;04.11.0241;10267;04.11.0241;CATEGORIA0;;1;1;0;1;;BOMBA DIREÇÃO;BOMBA DIREÇÃO;0;;
292;10267;04.11.0242;10267;04.11.0242;CATEGORIA0;;1;1;0;1;;BOMBA DIREÇÃO;BOMBA DIREÇÃO;0;;
292;10267;04.11.0245-5;10267;04.11.0245-5;CATEGORIA0;;1;1;0;1;;BOMBA DIREÇÃO;BOMBA DIREÇÃO;0;;
292;10267;04.11.0247;10267;04.11.0247;CATEGORIA0;;1;1;0;1;;BOMBA DIREÇÃO;BOMBA DIREÇÃO;0;;
292;10267;04.11.0248-5;10267;04.11.0248-5;CATEGORIA0;;1;1;0;1;;BOMBA DIREÇÃO;BOMBA DIREÇÃO;0;;
292;10267;04.11.0254;10267;04.11.0254;CATEGORIA0;;1;1;0;1;;BOMBA DIREÇÃO;BOMBA DIREÇÃO;0;;
292;10267;04.11.0255;10267;04.11.0255;CATEGORIA0;;1;1;0;1;;BOMBA DIREÇÃO;BOMBA DIREÇÃO;0;;
292;10267;04.11.0256-1;10267;04.11.0256-1;CATEGORIA0;;1;1;0;1;;BOMBA DIREÇÃO;BOMBA DIREÇÃO;0;;
292;10267;04.11.0257;10267;04.11.0257;CATEGORIA0;;1;1;0;1;;BOMBA DIREÇÃO;BOMBA DIREÇÃO;0;;
292;10267;04.11.0260;10267;04.11.0260;CATEGORIA0;;1;1;0;1;;BOMBA DIREÇÃO;BOMBA DIREÇÃO;0;;
292;10267;04.11.0261;10267;04.11.0261;CATEGORIA0;;1;1;0;1;;BOMBA DIREÇÃO;BOMBA DIREÇÃO;0;;
292;10267;04.11.0263-1;10267;04.11.0263-1;CATEGORIA0;;1;1;0;1;;BOMBA DIREÇÃO;BOMBA DIREÇÃO;0;;
292;10267;04.11.0264;10267;04.11.0264;CATEGORIA0;;1;1;0;1;;BOMBA DIREÇÃO;BOMBA DIREÇÃO;0;;
292;10267;04.11.0268;10267;04.11.0268;CATEGORIA0;;1;1;0;1;;BOMBA DIREÇÃO;BOMBA DIREÇÃO;0;;
292;10267;04.11.0270-4;10267;04.11.0270-4;CATEGORIA0;;1;1;0;1;;BOMBA DIREÇÃO;BOMBA DIREÇÃO;0;;
292;10267;04.11.0271;10267;04.11.0271;CATEGORIA0;;1;1;0;1;;BOMBA DIREÇÃO;BOMBA DIREÇÃO;0;;
292;10267;04.11.0272-1;10267;04.11.0272-1;CATEGORIA0;;1;1;0;1;;BOMBA DIREÇÃO;BOMBA DIREÇÃO;0;;
292;10267;04.11.0274;10267;04.11.0274;CATEGORIA0;;1;1;0;1;;BOMBA DIREÇÃO;BOMBA DIREÇÃO;0;;
292;10267;04.11.0279;10267;04.11.0279;CATEGORIA0;;1;1;0;1;;BOMBA DIREÇÃO;BOMBA DIREÇÃO;0;;
292;10267;04.11.0280;10267;04.11.0280;CATEGORIA0;;1;1;0;1;;BOMBA DIREÇÃO;BOMBA DIREÇÃO;0;;
292;10267;04.11.0281;10267;04.11.0281;CATEGORIA0;;1;1;0;1;;BOMBA DIREÇÃO;BOMBA DIREÇÃO;0;;
292;10267;04.11.0282;10267;04.11.0282;CATEGORIA0;;1;1;0;1;;BOMBA DIREÇÃO;BOMBA DIREÇÃO;0;;
292;10267;04.11.0284;10267;04.11.0284;CATEGORIA0;;1;1;0;1;;BOMBA DIREÇÃO;BOMBA DIREÇÃO;0;;
292;10267;04.11.0286-1;10267;04.11.0286-1;CATEGORIA0;;1;1;0;1;;BOMBA DIREÇÃO;BOMBA DIREÇÃO;0;;
292;10267;04.11.0287;10267;04.11.0287;CATEGORIA0;;1;1;0;1;;BOMBA DIREÇÃO;BOMBA DIREÇÃO;0;;
292;10267;04.11.0288;10267;04.11.0288;CATEGORIA0;;1;1;0;1;;BOMBA DIREÇÃO;BOMBA DIREÇÃO;0;;
292;10267;04.11.0294;10267;04.11.0294;CATEGORIA0;;1;1;0;1;;BOMBA DIREÇÃO;BOMBA DIREÇÃO;0;;
292;10267;04.11.0300;10267;04.11.0300;CATEGORIA0;;1;1;0;1;;BOMBA DIREÇÃO;BOMBA DIREÇÃO;0;;
292;10267;04.11.0305;10267;04.11.0305;CATEGORIA0;;1;1;0;1;;BOMBA DIREÇÃO;BOMBA DIREÇÃO;0;;
292;10267;04.11.0306;10267;04.11.0306;CATEGORIA0;;1;1;0;1;;BOMBA DIREÇÃO;BOMBA DIREÇÃO;0;;
292;10267;04.11.0308;10267;04.11.0308;CATEGORIA0;;1;1;0;1;;BOMBA DIREÇÃO;BOMBA DIREÇÃO;0;;
292;10267;04.11.0400;10267;04.11.0400;CATEGORIA0;;1;1;0;1;;BOMBA DIREÇÃO;BOMBA DIREÇÃO;0;;
292;10267;04.11.0500;10267;04.11.0500;CATEGORIA0;;1;1;0;1;;BOMBA DIREÇÃO;BOMBA DIREÇÃO;0;;
292;10267;04.13.0005;10267;04.13.0005;CATEGORIA0;;1;1;0;1;;BOMBA DIREÇÃO;BOMBA DIREÇÃO;0;;
292;10267;04.13.0010;10267;04.13.0010;CATEGORIA0;;1;1;0;1;;BOMBA DIREÇÃO;BOMBA DIREÇÃO;0;;
292;10267;04.13.0011;10267;04.13.0011;CATEGORIA0;;1;1;0;1;;BOMBA DIREÇÃO;BOMBA DIREÇÃO;0;;
292;10267;04.13.0013-1;10267;04.13.0013-1;CATEGORIA0;;1;1;0;1;;BOMBA DIREÇÃO;BOMBA DIREÇÃO;0;;
292;10267;04.13.0015;10267;04.13.0015;CATEGORIA0;;1;1;0;1;;BOMBA DIREÇÃO;BOMBA DIREÇÃO;0;;
292;10267;04.13.0016;10267;04.13.0016;CATEGORIA0;;1;1;0;1;;BOMBA DIREÇÃO;BOMBA DIREÇÃO;0;;
292;10267;04.13.0020;10267;04.13.0020;CATEGORIA0;;1;1;0;1;;BOMBA DIREÇÃO;BOMBA DIREÇÃO;0;;
292;10267;04.13.0025;10267;04.13.0025;CATEGORIA0;;1;1;0;1;;BOMBA DIREÇÃO;BOMBA DIREÇÃO;0;;
292;10267;04.13.0027;10267;04.13.0027;CATEGORIA0;;1;1;0;1;;BOMBA DIREÇÃO;BOMBA DIREÇÃO;0;;
292;10267;04.13.0030;10267;04.13.0030;CATEGORIA0;;1;1;0;1;;BOMBA DIREÇÃO;BOMBA DIREÇÃO;0;;
292;10267;04.13.0038;10267;04.13.0038;CATEGORIA0;;1;1;0;1;;BOMBA DIREÇÃO;BOMBA DIREÇÃO;0;;
292;10267;04.13.0039-1;10267;04.13.0039-1;CATEGORIA0;;1;1;0;1;;BOMBA DIREÇÃO;BOMBA DIREÇÃO;0;;
292;10267;04.13.0040-1;10267;04.13.0040-1;CATEGORIA0;;1;1;0;1;;BOMBA DIREÇÃO;BOMBA DIREÇÃO;0;;
292;10267;04.13.0040-2;10267;04.13.0040-2;CATEGORIA0;;1;1;0;1;;BOMBA DIREÇÃO;BOMBA DIREÇÃO;0;;
292;10267;04.13.0040-3;10267;04.13.0040-3;CATEGORIA0;;1;1;0;1;;BOMBA DIREÇÃO;BOMBA DIREÇÃO;0;;
292;10267;04.13.0040-4;10267;04.13.0040-4;CATEGORIA0;;1;1;0;1;;BOMBA DIREÇÃO;BOMBA DIREÇÃO;0;;
292;10267;04.13.0040-5;10267;04.13.0040-5;CATEGORIA0;;1;1;0;1;;BOMBA DIREÇÃO;BOMBA DIREÇÃO;0;;
292;10267;04.13.0041-1;10267;04.13.0041-1;CATEGORIA0;;1;1;0;1;;BOMBA DIREÇÃO;BOMBA DIREÇÃO;0;;
292;10267;04.13.0042-1;10267;04.13.0042-1;CATEGORIA0;;1;1;0;1;;BOMBA DIREÇÃO;BOMBA DIREÇÃO;0;;
292;10267;04.13.0042-2;10267;04.13.0042-2;CATEGORIA0;;1;1;0;1;;BOMBA DIREÇÃO;BOMBA DIREÇÃO;0;;
292;10267;04.13.0042-5;10267;04.13.0042-5;CATEGORIA0;;1;1;0;1;;BOMBA DIREÇÃO;BOMBA DIREÇÃO;0;;
292;10267;04.13.0042-6;10267;04.13.0042-6;CATEGORIA0;;1;1;0;1;;BOMBA DIREÇÃO;BOMBA DIREÇÃO;0;;
292;10267;04.13.0042-7;10267;04.13.0042-7;CATEGORIA0;;1;1;0;1;;BOMBA DIREÇÃO;BOMBA DIREÇÃO;0;;
292;10267;04.13.0042-8;10267;04.13.0042-8;CATEGORIA0;;1;1;0;1;;BOMBA DIREÇÃO;BOMBA DIREÇÃO;0;;
292;10267;04.13.0042-9;10267;04.13.0042-9;CATEGORIA0;;1;1;0;1;;BOMBA DIREÇÃO;BOMBA DIREÇÃO;0;;
292;10267;04.13.0043-1;10267;04.13.0043-1;CATEGORIA0;;1;1;0;1;;BOMBA DIREÇÃO;BOMBA DIREÇÃO;0;;
292;10267;04.13.0044;10267;04.13.0044;CATEGORIA0;;1;1;0;1;;BOMBA DIREÇÃO;BOMBA DIREÇÃO;0;;
292;10267;04.13.0045;10267;04.13.0045;CATEGORIA0;;1;1;0;1;;BOMBA DIREÇÃO;BOMBA DIREÇÃO;0;;
292;10267;04.13.0046-1;10267;04.13.0046-1;CATEGORIA0;;1;1;0;1;;BOMBA DIREÇÃO;BOMBA DIREÇÃO;0;;
292;10267;04.13.0047-1;10267;04.13.0047-1;CATEGORIA0;;1;1;0;1;;BOMBA DIREÇÃO;BOMBA DIREÇÃO;0;;
292;10267;04.13.0050;10267;04.13.0050;CATEGORIA0;;1;1;0;1;;BOMBA DIREÇÃO;BOMBA DIREÇÃO;0;;
292;10267;04.13.0060;10267;04.13.0060;CATEGORIA0;;1;1;0;1;;BOMBA DIREÇÃO;BOMBA DIREÇÃO;0;;
292;10267;04.13.0065;10267;04.13.0065;CATEGORIA0;;1;1;0;1;;BOMBA DIREÇÃO;BOMBA DIREÇÃO;0;;
292;10267;04.13.0067-1;10267;04.13.0067-1;CATEGORIA0;;1;1;0;1;;BOMBA DIREÇÃO;BOMBA DIREÇÃO;0;;
292;10267;04.13.0069;10267;04.13.0069;CATEGORIA0;;1;1;0;1;;BOMBA DIREÇÃO;BOMBA DIREÇÃO;0;;
292;10267;04.13.0070;10267;04.13.0070;CATEGORIA0;;1;1;0;1;;BOMBA DIREÇÃO;BOMBA DIREÇÃO;0;;
292;10267;04.13.0071;10267;04.13.0071;CATEGORIA0;;1;1;0;1;;BOMBA DIREÇÃO;BOMBA DIREÇÃO;0;;
292;10267;04.13.0072;10267;04.13.0072;CATEGORIA0;;1;1;0;1;;BOMBA DIREÇÃO;BOMBA DIREÇÃO;0;;
292;10267;04.13.0073;10267;04.13.0073;CATEGORIA0;;1;1;0;1;;BOMBA DIREÇÃO;BOMBA DIREÇÃO;0;;
292;10267;04.13.0074;10267;04.13.0074;CATEGORIA0;;1;1;0;1;;BOMBA DIREÇÃO;BOMBA DIREÇÃO;0;;
292;10267;04.13.0075;10267;04.13.0075;CATEGORIA0;;1;1;0;1;;BOMBA DIREÇÃO;BOMBA DIREÇÃO;0;;
292;10267;04.13.0076;10267;04.13.0076;CATEGORIA0;;1;1;0;1;;BOMBA DIREÇÃO;BOMBA DIREÇÃO;0;;
292;10267;04.13.0077;10267;04.13.0077;CATEGORIA0;;1;1;0;1;;BOMBA DIREÇÃO;BOMBA DIREÇÃO;0;;
292;10267;04.13.0078-1;10267;04.13.0078-1;CATEGORIA0;;1;1;0;1;;BOMBA DIREÇÃO;BOMBA DIREÇÃO;0;;
292;10267;04.13.0079;10267;04.13.0079;CATEGORIA0;;1;1;0;1;;BOMBA DIREÇÃO;BOMBA DIREÇÃO;0;;
292;10267;04.13.0080-1;10267;04.13.0080-1;CATEGORIA0;;1;1;0;1;;BOMBA DIREÇÃO;BOMBA DIREÇÃO;0;;
292;10267;04.13.0081-1;10267;04.13.0081-1;CATEGORIA0;;1;1;0;1;;BOMBA DIREÇÃO;BOMBA DIREÇÃO;0;;
292;10267;04.13.0081-2;10267;04.13.0081-2;CATEGORIA0;;1;1;0;1;;BOMBA DIREÇÃO;BOMBA DIREÇÃO;0;;
292;10267;04.13.0082;10267;04.13.0082;CATEGORIA0;;1;1;0;1;;BOMBA DIREÇÃO;BOMBA DIREÇÃO;0;;
292;10267;04.13.0083-1;10267;04.13.0083-1;CATEGORIA0;;1;1;0;1;;BOMBA DIREÇÃO;BOMBA DIREÇÃO;0;;
292;10267;04.13.0084;10267;04.13.0084;CATEGORIA0;;1;1;0;1;;BOMBA DIREÇÃO;BOMBA DIREÇÃO;0;;
292;10267;04.13.0085;10267;04.13.0085;CATEGORIA0;;1;1;0;1;;BOMBA DIREÇÃO;BOMBA DIREÇÃO;0;;
292;10267;04.13.0086;10267;04.13.0086;CATEGORIA0;;1;1;0;1;;BOMBA DIREÇÃO;BOMBA DIREÇÃO;0;;
292;10267;04.13.0087;10267;04.13.0087;CATEGORIA0;;1;1;0;1;;BOMBA DIREÇÃO;BOMBA DIREÇÃO;0;;
292;10267;04.13.0088-1;10267;04.13.0088-1;CATEGORIA0;;1;1;0;1;;BOMBA DIREÇÃO;BOMBA DIREÇÃO;0;;
292;10267;04.13.0089;10267;04.13.0089;CATEGORIA0;;1;1;0;1;;BOMBA DIREÇÃO;BOMBA DIREÇÃO;0;;
292;10267;04.13.0090;10267;04.13.0090;CATEGORIA0;;1;1;0;1;;BOMBA DIREÇÃO;BOMBA DIREÇÃO;0;;
292;10267;04.13.0092;10267;04.13.0092;CATEGORIA0;;1;1;0;1;;BOMBA DIREÇÃO;BOMBA DIREÇÃO;0;;
292;10267;04.13.0093-1;10267;04.13.0093-1;CATEGORIA0;;1;1;0;1;;BOMBA DIREÇÃO;BOMBA DIREÇÃO;0;;
292;10267;04.13.0094;10267;04.13.0094;CATEGORIA0;;1;1;0;1;;BOMBA DIREÇÃO;BOMBA DIREÇÃO;0;;
292;10267;04.13.0095;10267;04.13.0095;CATEGORIA0;;1;1;0;1;;BOMBA DIREÇÃO;BOMBA DIREÇÃO;0;;
292;10267;04.13.0096;10267;04.13.0096;CATEGORIA0;;1;1;0;1;;BOMBA DIREÇÃO;BOMBA DIREÇÃO;0;;
292;10267;04.13.0097;10267;04.13.0097;CATEGORIA0;;1;1;0;1;;BOMBA DIREÇÃO;BOMBA DIREÇÃO;0;;
292;10267;04.13.0098-1;10267;04.13.0098-1;CATEGORIA0;;1;1;0;1;;BOMBA DIREÇÃO;BOMBA DIREÇÃO;0;;
292;10267;04.13.0099-1;10267;04.13.0099-1;CATEGORIA0;;1;1;0;1;;BOMBA DIREÇÃO;BOMBA DIREÇÃO;0;;
292;10267;04.13.0100;10267;04.13.0100;CATEGORIA0;;1;1;0;1;;BOMBA DIREÇÃO;BOMBA DIREÇÃO;0;;
292;10267;04.13.0101;10267;04.13.0101;CATEGORIA0;;1;1;0;1;;BOMBA DIREÇÃO;BOMBA DIREÇÃO;0;;
292;10267;04.13.0102;10267;04.13.0102;CATEGORIA0;;1;1;0;1;;BOMBA DIREÇÃO;BOMBA DIREÇÃO;0;;
292;10267;04.13.0103;10267;04.13.0103;CATEGORIA0;;1;1;0;1;;BOMBA DIREÇÃO;BOMBA DIREÇÃO;0;;
292;10267;04.13.0104;10267;04.13.0104;CATEGORIA0;;1;1;0;1;;BOMBA DIREÇÃO;BOMBA DIREÇÃO;0;;
292;10267;04.13.0105-1;10267;04.13.0105-1;CATEGORIA0;;1;1;0;1;;BOMBA DIREÇÃO;BOMBA DIREÇÃO;0;;
292;10267;04.13.0106-1;10267;04.13.0106-1;CATEGORIA0;;1;1;0;1;;BOMBA DIREÇÃO;BOMBA DIREÇÃO;0;;
292;10267;04.13.0120-1;10267;04.13.0120-1;CATEGORIA0;;1;1;0;1;;BOMBA DIREÇÃO;BOMBA DIREÇÃO;0;;
292;10267;04.13.0125-1;10267;04.13.0125-1;CATEGORIA0;;1;1;0;1;;BOMBA DIREÇÃO;BOMBA DIREÇÃO;0;;
292;10267;04.13.0200-1;10267;04.13.0200-1;CATEGORIA0;;1;1;0;1;;BOMBA DIREÇÃO;BOMBA DIREÇÃO;0;;
292;10267;04.13.0205-1;10267;04.13.0205-1;CATEGORIA0;;1;1;0;1;;BOMBA DIREÇÃO;BOMBA DIREÇÃO;0;;
292;10267;04.13.0206-1;10267;04.13.0206-1;CATEGORIA0;;1;1;0;1;;BOMBA DIREÇÃO;BOMBA DIREÇÃO;0;;
292;10267;04.13.0207-1;10267;04.13.0207-1;CATEGORIA0;;1;1;0;1;;BOMBA DIREÇÃO;BOMBA DIREÇÃO;0;;
292;10267;04.13.0290;10267;04.13.0290;CATEGORIA0;;1;1;0;1;;BOMBA DIREÇÃO;BOMBA DIREÇÃO;0;;
292;10267;04.13.0295-1;10267;04.13.0295-1;CATEGORIA0;;1;1;0;1;;BOMBA DIREÇÃO;BOMBA DIREÇÃO;0;;
292;10267;04.13.0305;10267;04.13.0305;CATEGORIA0;;1;1;0;1;;BOMBA DIREÇÃO;BOMBA DIREÇÃO;0;;
292;10267;04.13.0310;10267;04.13.0310;CATEGORIA0;;1;1;0;1;;BOMBA DIREÇÃO;BOMBA DIREÇÃO;0;;
292;10267;04.15.0010;10267;04.15.0010;CATEGORIA0;;1;1;0;1;;BOMBA DIREÇÃO;BOMBA DIREÇÃO;0;;
292;10267;04.15.0015;10267;04.15.0015;CATEGORIA0;;1;1;0;1;;BOMBA DIREÇÃO;BOMBA DIREÇÃO;0;;
292;10267;04.16.0010;10267;04.16.0010;CATEGORIA0;;1;1;0;1;;BOMBA DIREÇÃO;BOMBA DIREÇÃO;0;;
292;10267;04.16.0020;10267;04.16.0020;CATEGORIA0;;1;1;0;1;;BOMBA DIREÇÃO;BOMBA DIREÇÃO;0;;
292;10267;04.16.0050;10267;04.16.0050;CATEGORIA0;;1;1;0;1;;BOMBA DIREÇÃO;BOMBA DIREÇÃO;0;;
292;10267;04.16.0051;10267;04.16.0051;CATEGORIA0;;1;1;0;1;;BOMBA DIREÇÃO;BOMBA DIREÇÃO;0;;
292;10267;04.16.0055;10267;04.16.0055;CATEGORIA0;;1;1;0;1;;BOMBA DIREÇÃO;BOMBA DIREÇÃO;0;;
292;10267;04.16.0060;10267;04.16.0060;CATEGORIA0;;1;1;0;1;;BOMBA DIREÇÃO;BOMBA DIREÇÃO;0;;
292;10267;04.16.0100-1;10267;04.16.0100-1;CATEGORIA0;;1;1;0;1;;BOMBA DIREÇÃO;BOMBA DIREÇÃO;0;;
292;10267;04.16.0150;10267;04.16.0150;CATEGORIA0;;1;1;0;1;;BOMBA DIREÇÃO;BOMBA DIREÇÃO;0;;
292;10267;04.16.0152;10267;04.16.0152;CATEGORIA0;;1;1;0;1;;BOMBA DIREÇÃO;BOMBA DIREÇÃO;0;;
292;10267;04.16.0200-1;10267;04.16.0200-1;CATEGORIA0;;1;1;0;1;;BOMBA DIREÇÃO;BOMBA DIREÇÃO;0;;
292;10267;04.16.0210-1;10267;04.16.0210-1;CATEGORIA0;;1;1;0;1;;BOMBA DIREÇÃO;BOMBA DIREÇÃO;0;;
292;10267;04.16.0270-1;10267;04.16.0270-1;CATEGORIA0;;1;1;0;1;;BOMBA DIREÇÃO;BOMBA DIREÇÃO;0;;
292;10267;04.16.0270-2;10267;04.16.0270-2;CATEGORIA0;;1;1;0;1;;BOMBA DIREÇÃO;BOMBA DIREÇÃO;0;;
292;10267;04.16.0271;10267;04.16.0271;CATEGORIA0;;1;1;0;1;;BOMBA DIREÇÃO;BOMBA DIREÇÃO;0;;
292;10267;04.16.0272-1;10267;04.16.0272-1;CATEGORIA0;;1;1;0;1;;BOMBA DIREÇÃO;BOMBA DIREÇÃO;0;;
292;10267;04.17.0030;10267;04.17.0030;CATEGORIA0;;1;1;0;1;;BOMBA DIREÇÃO;BOMBA DIREÇÃO;0;;
292;10267;04.17.0030-1;10267;04.17.0030-1;CATEGORIA0;;1;1;0;1;;BOMBA DIREÇÃO;BOMBA DIREÇÃO;0;;
292;10267;04.17.0100;10267;04.17.0100;CATEGORIA0;;1;1;0;1;;BOMBA DIREÇÃO;BOMBA DIREÇÃO;0;;
292;10267;04.17.0105-1;10267;04.17.0105-1;CATEGORIA0;;1;1;0;1;;BOMBA DIREÇÃO;BOMBA DIREÇÃO;0;;
292;10267;04.17.0108-1;10267;04.17.0108-1;CATEGORIA0;;1;1;0;1;;BOMBA DIREÇÃO;BOMBA DIREÇÃO;0;;
292;10267;04.17.0115-1;10267;04.17.0115-1;CATEGORIA0;;1;1;0;1;;BOMBA DIREÇÃO;BOMBA DIREÇÃO;0;;
292;10267;04.17.0116-1;10267;04.17.0116-1;CATEGORIA0;;1;1;0;1;;BOMBA DIREÇÃO;BOMBA DIREÇÃO;0;;
292;10267;04.17.0120;10267;04.17.0120;CATEGORIA0;;1;1;0;1;;BOMBA DIREÇÃO;BOMBA DIREÇÃO;0;;
292;10267;04.17.0120-1;10267;04.17.0120-1;CATEGORIA0;;1;1;0;1;;BOMBA DIREÇÃO;BOMBA DIREÇÃO;0;;
292;10267;04.17.0123-1;10267;04.17.0123-1;CATEGORIA0;;1;1;0;1;;BOMBA DIREÇÃO;BOMBA DIREÇÃO;0;;
292;10267;04.17.0135;10267;04.17.0135;CATEGORIA0;;1;1;0;1;;BOMBA DIREÇÃO;BOMBA DIREÇÃO;0;;
292;10267;04.17.0135-1;10267;04.17.0135-1;CATEGORIA0;;1;1;0;1;;BOMBA DIREÇÃO;BOMBA DIREÇÃO;0;;
292;10267;04.17.0140-1;10267;04.17.0140-1;CATEGORIA0;;1;1;0;1;;BOMBA DIREÇÃO;BOMBA DIREÇÃO;0;;
292;10267;04.17.0150;10267;04.17.0150;CATEGORIA0;;1;1;0;1;;BOMBA DIREÇÃO;BOMBA DIREÇÃO;0;;
292;10267;04.17.0180;10267;04.17.0180;CATEGORIA0;;1;1;0;1;;BOMBA DIREÇÃO;BOMBA DIREÇÃO;0;;
292;10267;04.17.0285;10267;04.17.0285;CATEGORIA0;;1;1;0;1;;BOMBA DIREÇÃO;BOMBA DIREÇÃO;0;;
292;10267;04.18.0110;10267;04.18.0110;CATEGORIA0;;1;1;0;1;;BOMBA DIREÇÃO;BOMBA DIREÇÃO;0;;
292;10267;04.18.0130;10267;04.18.0130;CATEGORIA0;;1;1;0;1;;BOMBA DIREÇÃO;BOMBA DIREÇÃO;0;;
292;10267;04.18.0212;10267;04.18.0212;CATEGORIA0;;1;1;0;1;;BOMBA DIREÇÃO;BOMBA DIREÇÃO;0;;
292;10267;04.18.0220;10267;04.18.0220;CATEGORIA0;;1;1;0;1;;BOMBA DIREÇÃO;BOMBA DIREÇÃO;0;;
292;10267;04.18.0222;10267;04.18.0222;CATEGORIA0;;1;1;0;1;;BOMBA DIREÇÃO;BOMBA DIREÇÃO;0;;
292;10267;04.18.0300;10267;04.18.0300;CATEGORIA0;;1;1;0;1;;BOMBA DIREÇÃO;BOMBA DIREÇÃO;0;;
292;10267;04.20.0110;10267;04.20.0110;CATEGORIA0;;1;1;0;1;;BOMBA DIREÇÃO;BOMBA DIREÇÃO;0;;
292;10267;04.20.0112;10267;04.20.0112;CATEGORIA0;;1;1;0;1;;BOMBA DIREÇÃO;BOMBA DIREÇÃO;0;;
292;10267;04.20.0120;10267;04.20.0120;CATEGORIA0;;1;1;0;1;;BOMBA DIREÇÃO;BOMBA DIREÇÃO;0;;
292;10267;04.20.0124;10267;04.20.0124;CATEGORIA0;;1;1;0;1;;BOMBA DIREÇÃO;BOMBA DIREÇÃO;0;;
292;10267;04.20.0125;10267;04.20.0125;CATEGORIA0;;1;1;0;1;;BOMBA DIREÇÃO;BOMBA DIREÇÃO;0;;
292;10267;04.20.0126;10267;04.20.0126;CATEGORIA0;;1;1;0;1;;BOMBA DIREÇÃO;BOMBA DIREÇÃO;0;;
292;10267;04.20.0127;10267;04.20.0127;CATEGORIA0;;1;1;0;1;;BOMBA DIREÇÃO;BOMBA DIREÇÃO;0;;
292;10267;04.20.0128;10267;04.20.0128;CATEGORIA0;;1;1;0;1;;BOMBA DIREÇÃO;BOMBA DIREÇÃO;0;;
292;10267;04.20.0135;10267;04.20.0135;CATEGORIA0;;1;1;0;1;;BOMBA DIREÇÃO;BOMBA DIREÇÃO;0;;
292;10267;04.20.0140;10267;04.20.0140;CATEGORIA0;;1;1;0;1;;BOMBA DIREÇÃO;BOMBA DIREÇÃO;0;;
292;10267;04.20.0160;10267;04.20.0160;CATEGORIA0;;1;1;0;1;;BOMBA DIREÇÃO;BOMBA DIREÇÃO;0;;
292;10267;04.22.0155;10267;04.22.0155;CATEGORIA0;;1;1;0;1;;BOMBA DIREÇÃO;BOMBA DIREÇÃO;0;;
292;10267;04.22.0157;10267;04.22.0157;CATEGORIA0;;1;1;0;1;;BOMBA DIREÇÃO;BOMBA DIREÇÃO;0;;
292;10267;04.22.0550;10267;04.22.0550;CATEGORIA0;;1;1;0;1;;BOMBA DIREÇÃO;BOMBA DIREÇÃO;0;;
292;10267;04.23.0110;10267;04.23.0110;CATEGORIA0;;1;1;0;1;;BOMBA DIREÇÃO;BOMBA DIREÇÃO;0;;
292;10267;04.23.0119;10267;04.23.0119;CATEGORIA0;;1;1;0;1;;BOMBA DIREÇÃO;BOMBA DIREÇÃO;0;;
292;10267;04.23.0120;10267;04.23.0120;CATEGORIA0;;1;1;0;1;;BOMBA DIREÇÃO;BOMBA DIREÇÃO;0;;
292;10267;04.23.0121;10267;04.23.0121;CATEGORIA0;;1;1;0;1;;BOMBA DIREÇÃO;BOMBA DIREÇÃO;0;;
292;10267;04.23.0122;10267;04.23.0122;CATEGORIA0;;1;1;0;1;;BOMBA DIREÇÃO;BOMBA DIREÇÃO;0;;
292;10267;04.23.0123;10267;04.23.0123;CATEGORIA0;;1;1;0;1;;BOMBA DIREÇÃO;BOMBA DIREÇÃO;0;;
292;10267;04.23.0124;10267;04.23.0124;CATEGORIA0;;1;1;0;1;;BOMBA DIREÇÃO;BOMBA DIREÇÃO;0;;
292;10267;04.23.0125;10267;04.23.0125;CATEGORIA0;;1;1;0;1;;BOMBA DIREÇÃO;BOMBA DIREÇÃO;0;;
292;10267;04.23.0127;10267;04.23.0127;CATEGORIA0;;1;1;0;1;;BOMBA DIREÇÃO;BOMBA DIREÇÃO;0;;
292;10267;04.23.0128;10267;04.23.0128;CATEGORIA0;;1;1;0;1;;BOMBA DIREÇÃO;BOMBA DIREÇÃO;0;;
292;10267;04.23.0129;10267;04.23.0129;CATEGORIA0;;1;1;0;1;;BOMBA DIREÇÃO;BOMBA DIREÇÃO;0;;
292;10267;04.23.0137;10267;04.23.0137;CATEGORIA0;;1;1;0;1;;BOMBA DIREÇÃO;BOMBA DIREÇÃO;0;;
292;10267;04.23.0140;10267;04.23.0140;CATEGORIA0;;1;1;0;1;;BOMBA DIREÇÃO;BOMBA DIREÇÃO;0;;
292;10267;04.23.0141;10267;04.23.0141;CATEGORIA0;;1;1;0;1;;BOMBA DIREÇÃO;BOMBA DIREÇÃO;0;;
292;10267;04.23.0142;10267;04.23.0142;CATEGORIA0;;1;1;0;1;;BOMBA DIREÇÃO;BOMBA DIREÇÃO;0;;
292;10267;04.23.0143;10267;04.23.0143;CATEGORIA0;;1;1;0;1;;BOMBA DIREÇÃO;BOMBA DIREÇÃO;0;;
292;10267;04.23.0144;10267;04.23.0144;CATEGORIA0;;1;1;0;1;;BOMBA DIREÇÃO;BOMBA DIREÇÃO;0;;
292;10267;04.23.0145;10267;04.23.0145;CATEGORIA0;;1;1;0;1;;BOMBA DIREÇÃO;BOMBA DIREÇÃO;0;;
292;10267;04.23.0146;10267;04.23.0146;CATEGORIA0;;1;1;0;1;;BOMBA DIREÇÃO;BOMBA DIREÇÃO;0;;
292;10267;04.23.0148;10267;04.23.0148;CATEGORIA0;;1;1;0;1;;BOMBA DIREÇÃO;BOMBA DIREÇÃO;0;;
292;10267;04.23.0149;10267;04.23.0149;CATEGORIA0;;1;1;0;1;;BOMBA DIREÇÃO;BOMBA DIREÇÃO;0;;
292;10267;04.23.0150;10267;04.23.0150;CATEGORIA0;;1;1;0;1;;BOMBA DIREÇÃO;BOMBA DIREÇÃO;0;;
292;10267;04.23.0155;10267;04.23.0155;CATEGORIA0;;1;1;0;1;;BOMBA DIREÇÃO;BOMBA DIREÇÃO;0;;
292;10267;04.23.0156;10267;04.23.0156;CATEGORIA0;;1;1;0;1;;BOMBA DIREÇÃO;BOMBA DIREÇÃO;0;;
292;10267;04.23.0157;10267;04.23.0157;CATEGORIA0;;1;1;0;1;;BOMBA DIREÇÃO;BOMBA DIREÇÃO;0;;
292;10267;04.23.0158;10267;04.23.0158;CATEGORIA0;;1;1;0;1;;BOMBA DIREÇÃO;BOMBA DIREÇÃO;0;;
292;10267;04.23.0160;10267;04.23.0160;CATEGORIA0;;1;1;0;1;;BOMBA DIREÇÃO;BOMBA DIREÇÃO;0;;
292;10267;04.23.0170;10267;04.23.0170;CATEGORIA0;;1;1;0;1;;BOMBA DIREÇÃO;BOMBA DIREÇÃO;0;;
292;10267;04.23.0230;10267;04.23.0230;CATEGORIA0;;1;1;0;1;;BOMBA DIREÇÃO;BOMBA DIREÇÃO;0;;
292;10267;04.23.0231;10267;04.23.0231;CATEGORIA0;;1;1;0;1;;BOMBA DIREÇÃO;BOMBA DIREÇÃO;0;;
292;10267;04.23.0232;10267;04.23.0232;CATEGORIA0;;1;1;0;1;;BOMBA DIREÇÃO;BOMBA DIREÇÃO;0;;
292;10267;04.23.0233;10267;04.23.0233;CATEGORIA0;;1;1;0;1;;BOMBA DIREÇÃO;BOMBA DIREÇÃO;0;;
292;10267;04.23.0300;10267;04.23.0300;CATEGORIA0;;1;1;0;1;;BOMBA DIREÇÃO;BOMBA DIREÇÃO;0;;
292;10267;04.23.0301;10267;04.23.0301;CATEGORIA0;;1;1;0;1;;BOMBA DIREÇÃO;BOMBA DIREÇÃO;0;;
292;10267;04.23.0302;10267;04.23.0302;CATEGORIA0;;1;1;0;1;;BOMBA DIREÇÃO;BOMBA DIREÇÃO;0;;
292;10267;04.23.0303;10267;04.23.0303;CATEGORIA0;;1;1;0;1;;BOMBA DIREÇÃO;BOMBA DIREÇÃO;0;;
292;10267;04.23.0304;10267;04.23.0304;CATEGORIA0;;1;1;0;1;;BOMBA DIREÇÃO;BOMBA DIREÇÃO;0;;
292;10267;04.23.0305;10267;04.23.0305;CATEGORIA0;;1;1;0;1;;BOMBA DIREÇÃO;BOMBA DIREÇÃO;0;;
292;10267;04.23.0306;10267;04.23.0306;CATEGORIA0;;1;1;0;1;;BOMBA DIREÇÃO;BOMBA DIREÇÃO;0;;
292;10267;04.23.0307;10267;04.23.0307;CATEGORIA0;;1;1;0;1;;BOMBA DIREÇÃO;BOMBA DIREÇÃO;0;;
292;10267;04.23.0308;10267;04.23.0308;CATEGORIA0;;1;1;0;1;;BOMBA DIREÇÃO;BOMBA DIREÇÃO;0;;
292;10267;04.23.0320;10267;04.23.0320;CATEGORIA0;;1;1;0;1;;BOMBA DIREÇÃO;BOMBA DIREÇÃO;0;;
292;10267;04.23.0400;10267;04.23.0400;CATEGORIA0;;1;1;0;1;;BOMBA DIREÇÃO;BOMBA DIREÇÃO;0;;
292;10267;04.23.0405;10267;04.23.0405;CATEGORIA0;;1;1;0;1;;BOMBA DIREÇÃO;BOMBA DIREÇÃO;0;;
292;10267;04.23.0500;10267;04.23.0500;CATEGORIA0;;1;1;0;1;;BOMBA DIREÇÃO;BOMBA DIREÇÃO;0;;
292;10267;04.23.0505;10267;04.23.0505;CATEGORIA0;;1;1;0;1;;BOMBA DIREÇÃO;BOMBA DIREÇÃO;0;;
292;10267;04.23.0510;10267;04.23.0510;CATEGORIA0;;1;1;0;1;;BOMBA DIREÇÃO;BOMBA DIREÇÃO;0;;
292;10267;04.23.0600;10267;04.23.0600;CATEGORIA0;;1;1;0;1;;BOMBA DIREÇÃO;BOMBA DIREÇÃO;0;;
292;10267;04.23.0602;10267;04.23.0602;CATEGORIA0;;1;1;0;1;;BOMBA DIREÇÃO;BOMBA DIREÇÃO;0;;
292;10267;04.23.0603;10267;04.23.0603;CATEGORIA0;;1;1;0;1;;BOMBA DIREÇÃO;BOMBA DIREÇÃO;0;;
292;10267;04.23.0604;10267;04.23.0604;CATEGORIA0;;1;1;0;1;;BOMBA DIREÇÃO;BOMBA DIREÇÃO;0;;
292;10267;04.23.0605;10267;04.23.0605;CATEGORIA0;;1;1;0;1;;BOMBA DIREÇÃO;BOMBA DIREÇÃO;0;;
292;10267;04.26.0100;10267;04.26.0100;CATEGORIA0;;1;1;0;1;;BOMBA DIREÇÃO;BOMBA DIREÇÃO;0;;
292;10267;04.26.0400;10267;04.26.0400;CATEGORIA0;;1;1;0;1;;BOMBA DIREÇÃO;BOMBA DIREÇÃO;0;;
292;10267;04.26.0500;10267;04.26.0500;CATEGORIA0;;1;1;0;1;;BOMBA DIREÇÃO;BOMBA DIREÇÃO;0;;
292;10267;04.26.0500-1;10267;04.26.0500-1;CATEGORIA0;;1;1;0;1;;BOMBA DIREÇÃO;BOMBA DIREÇÃO;0;;
292;10267;04.26.0502-1;10267;04.26.0502-1;CATEGORIA0;;1;1;0;1;;BOMBA DIREÇÃO;BOMBA DIREÇÃO;0;;
292;10267;04.26.0502-2;10267;04.26.0502-2;CATEGORIA0;;1;1;0;1;;BOMBA DIREÇÃO;BOMBA DIREÇÃO;0;;
292;10267;04.28.0100;10267;04.28.0100;CATEGORIA0;;1;1;0;1;;BOMBA DIREÇÃO;BOMBA DIREÇÃO;0;;
292;10267;04.28.0105;10267;04.28.0105;CATEGORIA0;;1;1;0;1;;BOMBA DIREÇÃO;BOMBA DIREÇÃO;0;;
292;10267;04.28.0200-1;10267;04.28.0200-1;CATEGORIA0;;1;1;0;1;;BOMBA DIREÇÃO;BOMBA DIREÇÃO;0;;
292;10267;04.28.0300;10267;04.28.0300;CATEGORIA0;;1;1;0;1;;BOMBA DIREÇÃO;BOMBA DIREÇÃO;0;;
292;10267;04.28.0300-1;10267;04.28.0300-1;CATEGORIA0;;1;1;0;1;;BOMBA DIREÇÃO;BOMBA DIREÇÃO;0;;
292;10267;04.28.0500;10267;04.28.0500;CATEGORIA0;;1;1;0;1;;BOMBA DIREÇÃO;BOMBA DIREÇÃO;0;;
292;10267;04.28.0600;10267;04.28.0600;CATEGORIA0;;1;1;0;1;;BOMBA DIREÇÃO;BOMBA DIREÇÃO;0;;
292;10267;04.28.0700;10267;04.28.0700;CATEGORIA0;;1;1;0;1;;BOMBA DIREÇÃO;BOMBA DIREÇÃO;0;;
292;10267;04.28.0700-1;10267;04.28.0700-1;CATEGORIA0;;1;1;0;1;;BOMBA DIREÇÃO;BOMBA DIREÇÃO;0;;
292;10267;04.28.0800;10267;04.28.0800;CATEGORIA0;;1;1;0;1;;BOMBA DIREÇÃO;BOMBA DIREÇÃO;0;;
292;10267;04.28.0850-1;10267;04.28.0850-1;CATEGORIA0;;1;1;0;1;;BOMBA DIREÇÃO;BOMBA DIREÇÃO;0;;
292;10267;04.28.0900-1;10267;04.28.0900-1;CATEGORIA0;;1;1;0;1;;BOMBA DIREÇÃO;BOMBA DIREÇÃO;0;;
292;10267;04.30.0100;10267;04.30.0100;CATEGORIA0;;1;1;0;1;;BOMBA DIREÇÃO;BOMBA DIREÇÃO;0;;
292;10267;04.30.0200;10267;04.30.0200;CATEGORIA0;;1;1;0;1;;BOMBA DIREÇÃO;BOMBA DIREÇÃO;0;;
292;10267;04.30.0310;10267;04.30.0310;CATEGORIA0;;1;1;0;1;;BOMBA DIREÇÃO;BOMBA DIREÇÃO;0;;
292;10267;04.30.0400;10267;04.30.0400;CATEGORIA0;;1;1;0;1;;BOMBA DIREÇÃO;BOMBA DIREÇÃO;0;;
292;10267;04.30.0500;10267;04.30.0500;CATEGORIA0;;1;1;0;1;;BOMBA DIREÇÃO;BOMBA DIREÇÃO;0;;
292;10267;04.30.0500-1;10267;04.30.0500-1;CATEGORIA0;;1;1;0;1;;BOMBA DIREÇÃO;BOMBA DIREÇÃO;0;;
292;10267;04.30.0600;10267;04.30.0600;CATEGORIA0;;1;1;0;1;;BOMBA DIREÇÃO;BOMBA DIREÇÃO;0;;
292;10267;04.30.0700;10267;04.30.0700;CATEGORIA0;;1;1;0;1;;BOMBA DIREÇÃO;BOMBA DIREÇÃO;0;;
292;10267;04.30.0705;10267;04.30.0705;CATEGORIA0;;1;1;0;1;;BOMBA DIREÇÃO;BOMBA DIREÇÃO;0;;
292;10267;04.30.0710;10267;04.30.0710;CATEGORIA0;;1;1;0;1;;BOMBA DIREÇÃO;BOMBA DIREÇÃO;0;;
292;10267;04.30.0800;10267;04.30.0800;CATEGORIA0;;1;1;0;1;;BOMBA DIREÇÃO;BOMBA DIREÇÃO;0;;
292;10267;04.30.0900;10267;04.30.0900;CATEGORIA0;;1;1;0;1;;BOMBA DIREÇÃO;BOMBA DIREÇÃO;0;;
292;10267;04.30.1000;10267;04.30.1000;CATEGORIA0;;1;1;0;1;;BOMBA DIREÇÃO;BOMBA DIREÇÃO;0;;
292;10267;04.30.1100;10267;04.30.1100;CATEGORIA0;;1;1;0;1;;BOMBA DIREÇÃO;BOMBA DIREÇÃO;0;;
292;10267;04.30.1300;10267;04.30.1300;CATEGORIA0;;1;1;0;1;;BOMBA DIREÇÃO;BOMBA DIREÇÃO;0;;
292;10267;04.30.1410;10267;04.30.1410;CATEGORIA0;;1;1;0;1;;BOMBA DIREÇÃO;BOMBA DIREÇÃO;0;;
292;10267;04.30.1430-1;10267;04.30.1430-1;CATEGORIA0;;1;1;0;1;;BOMBA DIREÇÃO;BOMBA DIREÇÃO;0;;
292;10267;04.30.1500;10267;04.30.1500;CATEGORIA0;;1;1;0;1;;BOMBA DIREÇÃO;BOMBA DIREÇÃO;0;;
292;10267;04.30.1510;10267;04.30.1510;CATEGORIA0;;1;1;0;1;;BOMBA DIREÇÃO;BOMBA DIREÇÃO;0;;
292;10267;04.30.1600;10267;04.30.1600;CATEGORIA0;;1;1;0;1;;BOMBA DIREÇÃO;BOMBA DIREÇÃO;0;;
292;10267;04.30.1610-1;10267;04.30.1610-1;CATEGORIA0;;1;1;0;1;;BOMBA DIREÇÃO;BOMBA DIREÇÃO;0;;
292;10267;04.30.1700-1;10267;04.30.1700-1;CATEGORIA0;;1;1;0;1;;BOMBA DIREÇÃO;BOMBA DIREÇÃO;0;;
292;10267;04.33.0100;10267;04.33.0100;CATEGORIA0;;1;1;0;1;;BOMBA DIREÇÃO;BOMBA DIREÇÃO;0;;
292;10267;04.33.0100-1;10267;04.33.0100-1;CATEGORIA0;;1;1;0;1;;BOMBA DIREÇÃO;BOMBA DIREÇÃO;0;;
292;10267;04.33.0100-4;10267;04.33.0100-4;CATEGORIA0;;1;1;0;1;;BOMBA DIREÇÃO;BOMBA DIREÇÃO;0;;
292;10267;04.33.0200;10267;04.33.0200;CATEGORIA0;;1;1;0;1;;BOMBA DIREÇÃO;BOMBA DIREÇÃO;0;;
292;10267;04.33.0202;10267;04.33.0202;CATEGORIA0;;1;1;0;1;;BOMBA DIREÇÃO;BOMBA DIREÇÃO;0;;
292;10267;04.33.0300;10267;04.33.0300;CATEGORIA0;;1;1;0;1;;BOMBA DIREÇÃO;BOMBA DIREÇÃO;0;;
292;10267;04.33.0350-1;10267;04.33.0350-1;CATEGORIA0;;1;1;0;1;;BOMBA DIREÇÃO;BOMBA DIREÇÃO;0;;
292;10267;04.33.0400;10267;04.33.0400;CATEGORIA0;;1;1;0;1;;BOMBA DIREÇÃO;BOMBA DIREÇÃO;0;;
292;10267;04.36.0100;10267;04.36.0100;CATEGORIA0;;1;1;0;1;;BOMBA DIREÇÃO;BOMBA DIREÇÃO;0;;
292;10267;04.36.0110;10267;04.36.0110;CATEGORIA0;;1;1;0;1;;BOMBA DIREÇÃO;BOMBA DIREÇÃO;0;;
292;10267;04.36.0200;10267;04.36.0200;CATEGORIA0;;1;1;0;1;;BOMBA DIREÇÃO;BOMBA DIREÇÃO;0;;
292;10267;04.36.0201;10267;04.36.0201;CATEGORIA0;;1;1;0;1;;BOMBA DIREÇÃO;BOMBA DIREÇÃO;0;;
292;10267;04.36.0300;10267;04.36.0300;CATEGORIA0;;1;1;0;1;;BOMBA DIREÇÃO;BOMBA DIREÇÃO;0;;
292;10267;04.36.0301;10267;04.36.0301;CATEGORIA0;;1;1;0;1;;BOMBA DIREÇÃO;BOMBA DIREÇÃO;0;;
292;10267;04.36.0302;10267;04.36.0302;CATEGORIA0;;1;1;0;1;;BOMBA DIREÇÃO;BOMBA DIREÇÃO;0;;
292;10267;04.36.0305;10267;04.36.0305;CATEGORIA0;;1;1;0;1;;BOMBA DIREÇÃO;BOMBA DIREÇÃO;0;;
292;10267;04.36.0307;10267;04.36.0307;CATEGORIA0;;1;1;0;1;;BOMBA DIREÇÃO;BOMBA DIREÇÃO;0;;
292;10267;04.36.0308;10267;04.36.0308;CATEGORIA0;;1;1;0;1;;BOMBA DIREÇÃO;BOMBA DIREÇÃO;0;;
292;10267;04.36.0400;10267;04.36.0400;CATEGORIA0;;1;1;0;1;;BOMBA DIREÇÃO;BOMBA DIREÇÃO;0;;
292;10267;04.36.0401;10267;04.36.0401;CATEGORIA0;;1;1;0;1;;BOMBA DIREÇÃO;BOMBA DIREÇÃO;0;;
292;10267;04.36.0405;10267;04.36.0405;CATEGORIA0;;1;1;0;1;;BOMBA DIREÇÃO;BOMBA DIREÇÃO;0;;
292;10267;04.36.0500;10267;04.36.0500;CATEGORIA0;;1;1;0;1;;BOMBA DIREÇÃO;BOMBA DIREÇÃO;0;;
292;10267;04.36.0600;10267;04.36.0600;CATEGORIA0;;1;1;0;1;;BOMBA DIREÇÃO;BOMBA DIREÇÃO;0;;
292;10267;04.40.0100;10267;04.40.0100;CATEGORIA0;;1;1;0;1;;BOMBA DIREÇÃO;BOMBA DIREÇÃO;0;;
292;10267;04.40.0102-1;10267;04.40.0102-1;CATEGORIA0;;1;1;0;1;;BOMBA DIREÇÃO;BOMBA DIREÇÃO;0;;
292;10267;04.40.0105;10267;04.40.0105;CATEGORIA0;;1;1;0;1;;BOMBA DIREÇÃO;BOMBA DIREÇÃO;0;;
292;10267;04.40.0200;10267;04.40.0200;CATEGORIA0;;1;1;0;1;;BOMBA DIREÇÃO;BOMBA DIREÇÃO;0;;
292;10267;04.40.0201;10267;04.40.0201;CATEGORIA0;;1;1;0;1;;BOMBA DIREÇÃO;BOMBA DIREÇÃO;0;;
292;10267;04.40.0202;10267;04.40.0202;CATEGORIA0;;1;1;0;1;;BOMBA DIREÇÃO;BOMBA DIREÇÃO;0;;
292;10267;04.40.0203;10267;04.40.0203;CATEGORIA0;;1;1;0;1;;BOMBA DIREÇÃO;BOMBA DIREÇÃO;0;;
292;10267;04.40.0205;10267;04.40.0205;CATEGORIA0;;1;1;0;1;;BOMBA DIREÇÃO;BOMBA DIREÇÃO;0;;
292;10267;04.40.0207;10267;04.40.0207;CATEGORIA0;;1;1;0;1;;BOMBA DIREÇÃO;BOMBA DIREÇÃO;0;;
292;10267;04.40.0210;10267;04.40.0210;CATEGORIA0;;1;1;0;1;;BOMBA DIREÇÃO;BOMBA DIREÇÃO;0;;
292;10267;04.40.0300;10267;04.40.0300;CATEGORIA0;;1;1;0;1;;BOMBA DIREÇÃO;BOMBA DIREÇÃO;0;;
292;10267;04.40.0310;10267;04.40.0310;CATEGORIA0;;1;1;0;1;;BOMBA DIREÇÃO;BOMBA DIREÇÃO;0;;
292;10267;04.40.0320;10267;04.40.0320;CATEGORIA0;;1;1;0;1;;BOMBA DIREÇÃO;BOMBA DIREÇÃO;0;;
292;10267;04.40.0325;10267;04.40.0325;CATEGORIA0;;1;1;0;1;;BOMBA DIREÇÃO;BOMBA DIREÇÃO;0;;
292;10267;04.40.0500-1;10267;04.40.0500-1;CATEGORIA0;;1;1;0;1;;BOMBA DIREÇÃO;BOMBA DIREÇÃO;0;;
292;10267;04.43.0100;10267;04.43.0100;CATEGORIA0;;1;1;0;1;;BOMBA DIREÇÃO;BOMBA DIREÇÃO;0;;
292;10267;04.43.0105-1;10267;04.43.0105-1;CATEGORIA0;;1;1;0;1;;BOMBA DIREÇÃO;BOMBA DIREÇÃO;0;;
292;10267;04.43.0110;10267;04.43.0110;CATEGORIA0;;1;1;0;1;;BOMBA DIREÇÃO;BOMBA DIREÇÃO;0;;
292;10267;04.43.0112;10267;04.43.0112;CATEGORIA0;;1;1;0;1;;BOMBA DIREÇÃO;BOMBA DIREÇÃO;0;;
292;10267;04.43.0120;10267;04.43.0120;CATEGORIA0;;1;1;0;1;;BOMBA DIREÇÃO;BOMBA DIREÇÃO;0;;
292;10267;04.43.0200;10267;04.43.0200;CATEGORIA0;;1;1;0;1;;BOMBA DIREÇÃO;BOMBA DIREÇÃO;0;;
292;10267;04.43.0300;10267;04.43.0300;CATEGORIA0;;1;1;0;1;;BOMBA DIREÇÃO;BOMBA DIREÇÃO;0;;
292;10267;04.43.0400;10267;04.43.0400;CATEGORIA0;;1;1;0;1;;BOMBA DIREÇÃO;BOMBA DIREÇÃO;0;;
292;10267;04.43.0405;10267;04.43.0405;CATEGORIA0;;1;1;0;1;;BOMBA DIREÇÃO;BOMBA DIREÇÃO;0;;
292;10267;04.43.0450;10267;04.43.0450;CATEGORIA0;;1;1;0;1;;BOMBA DIREÇÃO;BOMBA DIREÇÃO;0;;
292;10267;04.45.0110;10267;04.45.0110;CATEGORIA0;;1;1;0;1;;BOMBA DIREÇÃO;BOMBA DIREÇÃO;0;;
292;10267;04.45.0150-1;10267;04.45.0150-1;CATEGORIA0;;1;1;0;1;;BOMBA DIREÇÃO;BOMBA DIREÇÃO;0;;
292;10267;04.45.0210;10267;04.45.0210;CATEGORIA0;;1;1;0;1;;BOMBA DIREÇÃO;BOMBA DIREÇÃO;0;;
292;10267;04.45.0212;10267;04.45.0212;CATEGORIA0;;1;1;0;1;;BOMBA DIREÇÃO;BOMBA DIREÇÃO;0;;
292;10267;04.45.0310;10267;04.45.0310;CATEGORIA0;;1;1;0;1;;BOMBA DIREÇÃO;BOMBA DIREÇÃO;0;;
292;10267;04.45.0315;10267;04.45.0315;CATEGORIA0;;1;1;0;1;;BOMBA DIREÇÃO;BOMBA DIREÇÃO;0;;
292;10267;04.45.0315-1;10267;04.45.0315-1;CATEGORIA0;;1;1;0;1;;BOMBA DIREÇÃO;BOMBA DIREÇÃO;0;;
292;10267;04.45.0320;10267;04.45.0320;CATEGORIA0;;1;1;0;1;;BOMBA DIREÇÃO;BOMBA DIREÇÃO;0;;
292;10267;04.45.0322;10267;04.45.0322;CATEGORIA0;;1;1;0;1;;BOMBA DIREÇÃO;BOMBA DIREÇÃO;0;;
292;10267;04.45.0323;10267;04.45.0323;CATEGORIA0;;1;1;0;1;;BOMBA DIREÇÃO;BOMBA DIREÇÃO;0;;
292;10267;04.45.0324;10267;04.45.0324;CATEGORIA0;;1;1;0;1;;BOMBA DIREÇÃO;BOMBA DIREÇÃO;0;;
292;10267;04.45.0326;10267;04.45.0326;CATEGORIA0;;1;1;0;1;;BOMBA DIREÇÃO;BOMBA DIREÇÃO;0;;
292;10267;04.45.0330;10267;04.45.0330;CATEGORIA0;;1;1;0;1;;BOMBA DIREÇÃO;BOMBA DIREÇÃO;0;;
292;10267;04.45.0406-1;10267;04.45.0406-1;CATEGORIA0;;1;1;0;1;;BOMBA DIREÇÃO;BOMBA DIREÇÃO;0;;
292;10267;04.45.0410;10267;04.45.0410;CATEGORIA0;;1;1;0;1;;BOMBA DIREÇÃO;BOMBA DIREÇÃO;0;;
292;10267;04.45.0411;10267;04.45.0411;CATEGORIA0;;1;1;0;1;;BOMBA DIREÇÃO;BOMBA DIREÇÃO;0;;
292;10267;04.45.0412;10267;04.45.0412;CATEGORIA0;;1;1;0;1;;BOMBA DIREÇÃO;BOMBA DIREÇÃO;0;;
292;10267;04.45.0415;10267;04.45.0415;CATEGORIA0;;1;1;0;1;;BOMBA DIREÇÃO;BOMBA DIREÇÃO;0;;
292;10267;04.45.0417;10267;04.45.0417;CATEGORIA0;;1;1;0;1;;BOMBA DIREÇÃO;BOMBA DIREÇÃO;0;;
292;10267;04.45.0420;10267;04.45.0420;CATEGORIA0;;1;1;0;1;;BOMBA DIREÇÃO;BOMBA DIREÇÃO;0;;
292;10267;04.45.0430;10267;04.45.0430;CATEGORIA0;;1;1;0;1;;BOMBA DIREÇÃO;BOMBA DIREÇÃO;0;;
292;10267;04.47.0115;10267;04.47.0115;CATEGORIA0;;1;1;0;1;;BOMBA DIREÇÃO;BOMBA DIREÇÃO;0;;
292;10267;04.48.0110;10267;04.48.0110;CATEGORIA0;;1;1;0;1;;BOMBA DIREÇÃO;BOMBA DIREÇÃO;0;;
292;10267;04.48.0115;10267;04.48.0115;CATEGORIA0;;1;1;0;1;;BOMBA DIREÇÃO;BOMBA DIREÇÃO;0;;
292;10267;04.48.0117;10267;04.48.0117;CATEGORIA0;;1;1;0;1;;BOMBA DIREÇÃO;BOMBA DIREÇÃO;0;;
292;10267;04.48.0120;10267;04.48.0120;CATEGORIA0;;1;1;0;1;;BOMBA DIREÇÃO;BOMBA DIREÇÃO;0;;
292;10267;04.48.0121;10267;04.48.0121;CATEGORIA0;;1;1;0;1;;BOMBA DIREÇÃO;BOMBA DIREÇÃO;0;;
292;10267;04.48.0130;10267;04.48.0130;CATEGORIA0;;1;1;0;1;;BOMBA DIREÇÃO;BOMBA DIREÇÃO;0;;
292;10267;04.48.0137;10267;04.48.0137;CATEGORIA0;;1;1;0;1;;BOMBA DIREÇÃO;BOMBA DIREÇÃO;0;;
292;10267;04.48.0138;10267;04.48.0138;CATEGORIA0;;1;1;0;1;;BOMBA DIREÇÃO;BOMBA DIREÇÃO;0;;
292;10267;04.48.0139;10267;04.48.0139;CATEGORIA0;;1;1;0;1;;BOMBA DIREÇÃO;BOMBA DIREÇÃO;0;;
292;10267;04.48.0141;10267;04.48.0141;CATEGORIA0;;1;1;0;1;;BOMBA DIREÇÃO;BOMBA DIREÇÃO;0;;
292;10267;04.48.0145;10267;04.48.0145;CATEGORIA0;;1;1;0;1;;BOMBA DIREÇÃO;BOMBA DIREÇÃO;0;;
292;10267;04.48.0150;10267;04.48.0150;CATEGORIA0;;1;1;0;1;;BOMBA DIREÇÃO;BOMBA DIREÇÃO;0;;
292;10267;04.48.0200;10267;04.48.0200;CATEGORIA0;;1;1;0;1;;BOMBA DIREÇÃO;BOMBA DIREÇÃO;0;;
292;10267;04.48.0210;10267;04.48.0210;CATEGORIA0;;1;1;0;1;;BOMBA DIREÇÃO;BOMBA DIREÇÃO;0;;
292;10267;04.48.0212-1;10267;04.48.0212-1;CATEGORIA0;;1;1;0;1;;BOMBA DIREÇÃO;BOMBA DIREÇÃO;0;;
292;10267;04.48.0212-2;10267;04.48.0212-2;CATEGORIA0;;1;1;0;1;;BOMBA DIREÇÃO;BOMBA DIREÇÃO;0;;
292;10267;04.48.0300;10267;04.48.0300;CATEGORIA0;;1;1;0;1;;BOMBA DIREÇÃO;BOMBA DIREÇÃO;0;;
292;10267;04.48.0305;10267;04.48.0305;CATEGORIA0;;1;1;0;1;;BOMBA DIREÇÃO;BOMBA DIREÇÃO;0;;
292;10267;04.48.0307;10267;04.48.0307;CATEGORIA0;;1;1;0;1;;BOMBA DIREÇÃO;BOMBA DIREÇÃO;0;;
292;10267;04.48.0310;10267;04.48.0310;CATEGORIA0;;1;1;0;1;;BOMBA DIREÇÃO;BOMBA DIREÇÃO;0;;
292;10267;04.48.0405;10267;04.48.0405;CATEGORIA0;;1;1;0;1;;BOMBA DIREÇÃO;BOMBA DIREÇÃO;0;;
292;10267;04.48.0410;10267;04.48.0410;CATEGORIA0;;1;1;0;1;;BOMBA DIREÇÃO;BOMBA DIREÇÃO;0;;
292;10267;04.48.0415;10267;04.48.0415;CATEGORIA0;;1;1;0;1;;BOMBA DIREÇÃO;BOMBA DIREÇÃO;0;;
292;10267;04.48.0600;10267;04.48.0600;CATEGORIA0;;1;1;0;1;;BOMBA DIREÇÃO;BOMBA DIREÇÃO;0;;
292;10267;04.48.0650;10267;04.48.0650;CATEGORIA0;;1;1;0;1;;BOMBA DIREÇÃO;BOMBA DIREÇÃO;0;;
292;10267;04.48.0651;10267;04.48.0651;CATEGORIA0;;1;1;0;1;;BOMBA DIREÇÃO;BOMBA DIREÇÃO;0;;
292;10267;04.48.0652;10267;04.48.0652;CATEGORIA0;;1;1;0;1;;BOMBA DIREÇÃO;BOMBA DIREÇÃO;0;;
292;10267;04.48.0655;10267;04.48.0655;CATEGORIA0;;1;1;0;1;;BOMBA DIREÇÃO;BOMBA DIREÇÃO;0;;
292;10267;04.48.0660;10267;04.48.0660;CATEGORIA0;;1;1;0;1;;BOMBA DIREÇÃO;BOMBA DIREÇÃO;0;;
292;10267;04.48.0661;10267;04.48.0661;CATEGORIA0;;1;1;0;1;;BOMBA DIREÇÃO;BOMBA DIREÇÃO;0;;
292;10267;04.48.0662;10267;04.48.0662;CATEGORIA0;;1;1;0;1;;BOMBA DIREÇÃO;BOMBA DIREÇÃO;0;;
292;10267;04.48.0663;10267;04.48.0663;CATEGORIA0;;1;1;0;1;;BOMBA DIREÇÃO;BOMBA DIREÇÃO;0;;
292;10267;04.48.0665;10267;04.48.0665;CATEGORIA0;;1;1;0;1;;BOMBA DIREÇÃO;BOMBA DIREÇÃO;0;;
292;10267;04.48.0666;10267;04.48.0666;CATEGORIA0;;1;1;0;1;;BOMBA DIREÇÃO;BOMBA DIREÇÃO;0;;
292;10267;04.48.0668;10267;04.48.0668;CATEGORIA0;;1;1;0;1;;BOMBA DIREÇÃO;BOMBA DIREÇÃO;0;;
292;10267;04.48.0669;10267;04.48.0669;CATEGORIA0;;1;1;0;1;;BOMBA DIREÇÃO;BOMBA DIREÇÃO;0;;
292;10267;04.48.0670;10267;04.48.0670;CATEGORIA0;;1;1;0;1;;BOMBA DIREÇÃO;BOMBA DIREÇÃO;0;;
292;10267;04.48.0672;10267;04.48.0672;CATEGORIA0;;1;1;0;1;;BOMBA DIREÇÃO;BOMBA DIREÇÃO;0;;
292;10267;04.48.0675;10267;04.48.0675;CATEGORIA0;;1;1;0;1;;BOMBA DIREÇÃO;BOMBA DIREÇÃO;0;;
292;10267;04.48.0677;10267;04.48.0677;CATEGORIA0;;1;1;0;1;;BOMBA DIREÇÃO;BOMBA DIREÇÃO;0;;
292;10267;04.48.0680;10267;04.48.0680;CATEGORIA0;;1;1;0;1;;BOMBA DIREÇÃO;BOMBA DIREÇÃO;0;;
292;10267;04.49.0120;10267;04.49.0120;CATEGORIA0;;1;1;0;1;;BOMBA DIREÇÃO;BOMBA DIREÇÃO;0;;
292;10267;04.52.0011;10267;04.52.0011;CATEGORIA0;;1;1;0;1;;BOMBA DIREÇÃO;BOMBA DIREÇÃO;0;;
292;10267;04.52.0020;10267;04.52.0020;CATEGORIA0;;1;1;0;1;;BOMBA DIREÇÃO;BOMBA DIREÇÃO;0;;
292;10267;04.52.0060;10267;04.52.0060;CATEGORIA0;;1;1;0;1;;BOMBA DIREÇÃO;BOMBA DIREÇÃO;0;;
292;10267;04.52.0065;10267;04.52.0065;CATEGORIA0;;1;1;0;1;;BOMBA DIREÇÃO;BOMBA DIREÇÃO;0;;
292;10267;04.52.0070;10267;04.52.0070;CATEGORIA0;;1;1;0;1;;BOMBA DIREÇÃO;BOMBA DIREÇÃO;0;;
292;10267;04.52.0079;10267;04.52.0079;CATEGORIA0;;1;1;0;1;;BOMBA DIREÇÃO;BOMBA DIREÇÃO;0;;
292;10267;04.52.0080-1;10267;04.52.0080-1;CATEGORIA0;;1;1;0;1;;BOMBA DIREÇÃO;BOMBA DIREÇÃO;0;;
292;10267;04.52.0081;10267;04.52.0081;CATEGORIA0;;1;1;0;1;;BOMBA DIREÇÃO;BOMBA DIREÇÃO;0;;
292;10267;04.52.0082;10267;04.52.0082;CATEGORIA0;;1;1;0;1;;BOMBA DIREÇÃO;BOMBA DIREÇÃO;0;;
292;10267;04.52.0083-1;10267;04.52.0083-1;CATEGORIA0;;1;1;0;1;;BOMBA DIREÇÃO;BOMBA DIREÇÃO;0;;
292;10267;04.52.0084;10267;04.52.0084;CATEGORIA0;;1;1;0;1;;BOMBA DIREÇÃO;BOMBA DIREÇÃO;0;;
292;10267;04.52.0085;10267;04.52.0085;CATEGORIA0;;1;1;0;1;;BOMBA DIREÇÃO;BOMBA DIREÇÃO;0;;
292;10267;04.52.0086;10267;04.52.0086;CATEGORIA0;;1;1;0;1;;BOMBA DIREÇÃO;BOMBA DIREÇÃO;0;;
292;10267;04.52.0087;10267;04.52.0087;CATEGORIA0;;1;1;0;1;;BOMBA DIREÇÃO;BOMBA DIREÇÃO;0;;
292;10267;04.52.0088;10267;04.52.0088;CATEGORIA0;;1;1;0;1;;BOMBA DIREÇÃO;BOMBA DIREÇÃO;0;;
292;10267;04.52.0089;10267;04.52.0089;CATEGORIA0;;1;1;0;1;;BOMBA DIREÇÃO;BOMBA DIREÇÃO;0;;
292;10267;04.52.0090;10267;04.52.0090;CATEGORIA0;;1;1;0;1;;BOMBA DIREÇÃO;BOMBA DIREÇÃO;0;;
292;10267;04.52.0092;10267;04.52.0092;CATEGORIA0;;1;1;0;1;;BOMBA DIREÇÃO;BOMBA DIREÇÃO;0;;
292;10267;04.52.0094;10267;04.52.0094;CATEGORIA0;;1;1;0;1;;BOMBA DIREÇÃO;BOMBA DIREÇÃO;0;;
292;10267;04.52.0095;10267;04.52.0095;CATEGORIA0;;1;1;0;1;;BOMBA DIREÇÃO;BOMBA DIREÇÃO;0;;
292;10267;04.52.0096;10267;04.52.0096;CATEGORIA0;;1;1;0;1;;BOMBA DIREÇÃO;BOMBA DIREÇÃO;0;;
292;10267;04.52.0097-1;10267;04.52.0097-1;CATEGORIA0;;1;1;0;1;;BOMBA DIREÇÃO;BOMBA DIREÇÃO;0;;
292;10267;04.52.0098-1;10267;04.52.0098-1;CATEGORIA0;;1;1;0;1;;BOMBA DIREÇÃO;BOMBA DIREÇÃO;0;;
292;10267;04.52.0099;10267;04.52.0099;CATEGORIA0;;1;1;0;1;;BOMBA DIREÇÃO;BOMBA DIREÇÃO;0;;
292;10267;04.52.0100;10267;04.52.0100;CATEGORIA0;;1;1;0;1;;BOMBA DIREÇÃO;BOMBA DIREÇÃO;0;;
292;10267;04.52.0101-1;10267;04.52.0101-1;CATEGORIA0;;1;1;0;1;;BOMBA DIREÇÃO;BOMBA DIREÇÃO;0;;
292;10267;04.52.0102;10267;04.52.0102;CATEGORIA0;;1;1;0;1;;BOMBA DIREÇÃO;BOMBA DIREÇÃO;0;;
292;10267;04.52.0103-1;10267;04.52.0103-1;CATEGORIA0;;1;1;0;1;;BOMBA DIREÇÃO;BOMBA DIREÇÃO;0;;
292;10267;04.52.0104;10267;04.52.0104;CATEGORIA0;;1;1;0;1;;BOMBA DIREÇÃO;BOMBA DIREÇÃO;0;;
292;10267;04.52.0105-1;10267;04.52.0105-1;CATEGORIA0;;1;1;0;1;;BOMBA DIREÇÃO;BOMBA DIREÇÃO;0;;
292;10267;04.52.0106-1;10267;04.52.0106-1;CATEGORIA0;;1;1;0;1;;BOMBA DIREÇÃO;BOMBA DIREÇÃO;0;;
292;10267;04.52.0107-1;10267;04.52.0107-1;CATEGORIA0;;1;1;0;1;;BOMBA DIREÇÃO;BOMBA DIREÇÃO;0;;
292;10267;04.52.0110;10267;04.52.0110;CATEGORIA0;;1;1;0;1;;BOMBA DIREÇÃO;BOMBA DIREÇÃO;0;;
292;10267;04.52.0120;10267;04.52.0120;CATEGORIA0;;1;1;0;1;;BOMBA DIREÇÃO;BOMBA DIREÇÃO;0;;
292;10267;04.52.0125;10267;04.52.0125;CATEGORIA0;;1;1;0;1;;BOMBA DIREÇÃO;BOMBA DIREÇÃO;0;;
292;10267;04.52.0130;10267;04.52.0130;CATEGORIA0;;1;1;0;1;;BOMBA DIREÇÃO;BOMBA DIREÇÃO;0;;
292;10267;04.52.0135;10267;04.52.0135;CATEGORIA0;;1;1;0;1;;BOMBA DIREÇÃO;BOMBA DIREÇÃO;0;;
292;10267;04.52.0140;10267;04.52.0140;CATEGORIA0;;1;1;0;1;;BOMBA DIREÇÃO;BOMBA DIREÇÃO;0;;
292;10267;04.52.0150;10267;04.52.0150;CATEGORIA0;;1;1;0;1;;BOMBA DIREÇÃO;BOMBA DIREÇÃO;0;;
292;10267;04.52.0200-1;10267;04.52.0200-1;CATEGORIA0;;1;1;0;1;;BOMBA DIREÇÃO;BOMBA DIREÇÃO;0;;
292;10267;04.52.0250;10267;04.52.0250;CATEGORIA0;;1;1;0;1;;BOMBA DIREÇÃO;BOMBA DIREÇÃO;0;;
292;10267;04.52.0255;10267;04.52.0255;CATEGORIA0;;1;1;0;1;;BOMBA DIREÇÃO;BOMBA DIREÇÃO;0;;
292;10267;04.55.0100;10267;04.55.0100;CATEGORIA0;;1;1;0;1;;BOMBA DIREÇÃO;BOMBA DIREÇÃO;0;;
292;10267;04.55.0101;10267;04.55.0101;CATEGORIA0;;1;1;0;1;;BOMBA DIREÇÃO;BOMBA DIREÇÃO;0;;
292;10267;04.55.0102;10267;04.55.0102;CATEGORIA0;;1;1;0;1;;BOMBA DIREÇÃO;BOMBA DIREÇÃO;0;;
292;10267;04.55.0105;10267;04.55.0105;CATEGORIA0;;1;1;0;1;;BOMBA DIREÇÃO;BOMBA DIREÇÃO;0;;
292;10267;04.55.0106;10267;04.55.0106;CATEGORIA0;;1;1;0;1;;BOMBA DIREÇÃO;BOMBA DIREÇÃO;0;;
292;10267;04.55.0110;10267;04.55.0110;CATEGORIA0;;1;1;0;1;;BOMBA DIREÇÃO;BOMBA DIREÇÃO;0;;
292;10267;04.55.0200;10267;04.55.0200;CATEGORIA0;;1;1;0;1;;BOMBA DIREÇÃO;BOMBA DIREÇÃO;0;;
292;10267;04.55.0201;10267;04.55.0201;CATEGORIA0;;1;1;0;1;;BOMBA DIREÇÃO;BOMBA DIREÇÃO;0;;
292;10267;04.55.0202;10267;04.55.0202;CATEGORIA0;;1;1;0;1;;BOMBA DIREÇÃO;BOMBA DIREÇÃO;0;;
292;10267;04.55.0300;10267;04.55.0300;CATEGORIA0;;1;1;0;1;;BOMBA DIREÇÃO;BOMBA DIREÇÃO;0;;
292;10267;04.55.0400;10267;04.55.0400;CATEGORIA0;;1;1;0;1;;BOMBA DIREÇÃO;BOMBA DIREÇÃO;0;;
292;10267;04.55.0401;10267;04.55.0401;CATEGORIA0;;1;1;0;1;;BOMBA DIREÇÃO;BOMBA DIREÇÃO;0;;
292;10267;04.55.0405;10267;04.55.0405;CATEGORIA0;;1;1;0;1;;BOMBA DIREÇÃO;BOMBA DIREÇÃO;0;;
292;10267;04.55.0500;10267;04.55.0500;CATEGORIA0;;1;1;0;1;;BOMBA DIREÇÃO;BOMBA DIREÇÃO;0;;
292;10267;04.55.0502;10267;04.55.0502;CATEGORIA0;;1;1;0;1;;BOMBA DIREÇÃO;BOMBA DIREÇÃO;0;;
292;10267;04.55.0600;10267;04.55.0600;CATEGORIA0;;1;1;0;1;;BOMBA DIREÇÃO;BOMBA DIREÇÃO;0;;
292;10267;04.55.0800;10267;04.55.0800;CATEGORIA0;;1;1;0;1;;BOMBA DIREÇÃO;BOMBA DIREÇÃO;0;;
292;10267;04.55.0801;10267;04.55.0801;CATEGORIA0;;1;1;0;1;;BOMBA DIREÇÃO;BOMBA DIREÇÃO;0;;
292;10267;04.55.0802;10267;04.55.0802;CATEGORIA0;;1;1;0;1;;BOMBA DIREÇÃO;BOMBA DIREÇÃO;0;;
292;10267;04.55.0803;10267;04.55.0803;CATEGORIA0;;1;1;0;1;;BOMBA DIREÇÃO;BOMBA DIREÇÃO;0;;
292;10267;04.55.0804;10267;04.55.0804;CATEGORIA0;;1;1;0;1;;BOMBA DIREÇÃO;BOMBA DIREÇÃO;0;;
292;10267;04.55.0900;10267;04.55.0900;CATEGORIA0;;1;1;0;1;;BOMBA DIREÇÃO;BOMBA DIREÇÃO;0;;
292;10267;04.55.0902;10267;04.55.0902;CATEGORIA0;;1;1;0;1;;BOMBA DIREÇÃO;BOMBA DIREÇÃO;0;;
292;10267;04.55.0903;10267;04.55.0903;CATEGORIA0;;1;1;0;1;;BOMBA DIREÇÃO;BOMBA DIREÇÃO;0;;
292;10267;04.55.0905;10267;04.55.0905;CATEGORIA0;;1;1;0;1;;BOMBA DIREÇÃO;BOMBA DIREÇÃO;0;;
292;10267;04.55.0910;10267;04.55.0910;CATEGORIA0;;1;1;0;1;;BOMBA DE DIREÇÃO;BOMBA DE DIREÇÃO;0;;
292;10267;04.55.0915;10267;04.55.0915;CATEGORIA0;;1;1;0;1;;BOMBA DIREÇÃO;BOMBA DIREÇÃO;0;;
292;10267;04.55.0916;10267;04.55.0916;CATEGORIA0;;1;1;0;1;;BOMBA DIREÇÃO;BOMBA DIREÇÃO;0;;
292;10267;04.55.0920;10267;04.55.0920;CATEGORIA0;;1;1;0;1;;BOMBA DIREÇÃO;BOMBA DIREÇÃO;0;;
292;10267;04.55.0925;10267;04.55.0925;CATEGORIA0;;1;1;0;1;;BOMBA DIREÇÃO;BOMBA DIREÇÃO;0;;
292;10267;04.55.0928;10267;04.55.0928;CATEGORIA0;;1;1;0;1;;BOMBA DIREÇÃO;BOMBA DIREÇÃO;0;;
292;10267;04.55.0929;10267;04.55.0929;CATEGORIA0;;1;1;0;1;;BOMBA DIREÇÃO;BOMBA DIREÇÃO;0;;
292;10267;04.55.0930;10267;04.55.0930;CATEGORIA0;;1;1;0;1;;BOMBA DIREÇÃO;BOMBA DIREÇÃO;0;;
292;10267;04.55.0931;10267;04.55.0931;CATEGORIA0;;1;1;0;1;;BOMBA DIREÇÃO;BOMBA DIREÇÃO;0;;
292;10267;04.55.0934;10267;04.55.0934;CATEGORIA0;;1;1;0;1;;BOMBA DIREÇÃO;BOMBA DIREÇÃO;0;;
292;10267;04.55.0935;10267;04.55.0935;CATEGORIA0;;1;1;0;1;;BOMBA DIREÇÃO;BOMBA DIREÇÃO;0;;
292;10267;04.55.0936;10267;04.55.0936;CATEGORIA0;;1;1;0;1;;BOMBA DIREÇÃO;BOMBA DIREÇÃO;0;;
292;10267;04.55.0937;10267;04.55.0937;CATEGORIA0;;1;1;0;1;;BOMBA DIREÇÃO;BOMBA DIREÇÃO;0;;
292;10267;04.55.0940;10267;04.55.0940;CATEGORIA0;;1;1;0;1;;BOMBA DIREÇÃO;BOMBA DIREÇÃO;0;;
292;10267;04.55.0960;10267;04.55.0960;CATEGORIA0;;1;1;0;1;;BOMBA DIREÇÃO;BOMBA DIREÇÃO;0;;
292;10267;04.55.0980;10267;04.55.0980;CATEGORIA0;;1;1;0;1;;BOMBA DIREÇÃO;BOMBA DIREÇÃO;0;;
292;10267;04.55.1000;10267;04.55.1000;CATEGORIA0;;1;1;0;1;;BOMBA DIREÇÃO;BOMBA DIREÇÃO;0;;
292;10267;04.55.1010;10267;04.55.1010;CATEGORIA0;;1;1;0;1;;BOMBA DIREÇÃO;BOMBA DIREÇÃO;0;;
292;10267;04.55.1020;10267;04.55.1020;CATEGORIA0;;1;1;0;1;;BOMBA DIREÇÃO TRW;BOMBA DIREÇÃO TRW;0;;
292;10267;04.55.1021;10267;04.55.1021;CATEGORIA0;;1;1;0;1;;BOMBA DIREÇÃO;BOMBA DIREÇÃO;0;;
292;10267;04.55.1100;10267;04.55.1100;CATEGORIA0;;1;1;0;1;;BOMBA DIREÇÃO;BOMBA DIREÇÃO;0;;
292;10267;04.55.1200;10267;04.55.1200;CATEGORIA0;;1;1;0;1;;BOMBA DIREÇÃO;BOMBA DIREÇÃO;0;;
292;10267;04.55.1205;10267;04.55.1205;CATEGORIA0;;1;1;0;1;;BOMBA DIREÇÃO;BOMBA DIREÇÃO;0;;
292;10267;04.55.1210;10267;04.55.1210;CATEGORIA0;;1;1;0;1;;BOMBA DIREÇÃO;BOMBA DIREÇÃO;0;;
292;10267;04.55.1211;10267;04.55.1211;CATEGORIA0;;1;1;0;1;;BOMBA DIREÇÃO;BOMBA DIREÇÃO;0;;
292;10267;04.55.1212;10267;04.55.1212;CATEGORIA0;;1;1;0;1;;BOMBA DIREÇÃO;BOMBA DIREÇÃO;0;;
292;10267;04.55.1260;10267;04.55.1260;CATEGORIA0;;1;1;0;1;;BOMBA DIREÇÃO;BOMBA DIREÇÃO;0;;
292;10267;04.55.1300;10267;04.55.1300;CATEGORIA0;;1;1;0;1;;BOMBA DIREÇÃO;BOMBA DIREÇÃO;0;;
292;10267;04.55.1302;10267;04.55.1302;CATEGORIA0;;1;1;0;1;;BOMBA DIREÇÃO;BOMBA DIREÇÃO;0;;
292;10267;04.55.1304;10267;04.55.1304;CATEGORIA0;;1;1;0;1;;BOMBA DIREÇÃO;BOMBA DIREÇÃO;0;;
292;10267;04.55.1310;10267;04.55.1310;CATEGORIA0;;1;1;0;1;;BOMBA DIREÇÃO;BOMBA DIREÇÃO;0;;
292;10267;04.55.1312;10267;04.55.1312;CATEGORIA0;;1;1;0;1;;BOMBA DIREÇÃO;BOMBA DIREÇÃO;0;;
292;10267;04.55.1400;10267;04.55.1400;CATEGORIA0;;1;1;0;1;;BOMBA DIREÇÃO ZF;BOMBA DIREÇÃO ZF;0;;
292;10267;04.55.1500;10267;04.55.1500;CATEGORIA0;;1;1;0;1;;BOMBA DIREÇÃO;BOMBA DIREÇÃO;0;;
292;10267;04.55.1501;10267;04.55.1501;CATEGORIA0;;1;1;0;1;;BOMBA DIREÇÃO;BOMBA DIREÇÃO;0;;
292;10267;04.55.1502;10267;04.55.1502;CATEGORIA0;;1;1;0;1;;BOMBA DIREÇÃO;BOMBA DIREÇÃO;0;;
292;10267;04.55.1503;10267;04.55.1503;CATEGORIA0;;1;1;0;1;;BOMBA DIREÇÃO;BOMBA DIREÇÃO;0;;
292;10267;04.55.1505;10267;04.55.1505;CATEGORIA0;;1;1;0;1;;BOMBA DIREÇÃO;BOMBA DIREÇÃO;0;;
292;10267;04.55.1520;10267;04.55.1520;CATEGORIA0;;1;1;0;1;;BOMBA DIREÇÃO;BOMBA DIREÇÃO;0;;
292;10267;04.55.1522;10267;04.55.1522;CATEGORIA0;;1;1;0;1;;BOMBA DIREÇÃO;BOMBA DIREÇÃO;0;;
292;10267;04.55.1525;10267;04.55.1525;CATEGORIA0;;1;1;0;1;;BOMBA DIREÇÃO;BOMBA DIREÇÃO;0;;
292;10267;04.55.1600;10267;04.55.1600;CATEGORIA0;;1;1;0;1;;BOMBA DIREÇÃO;BOMBA DIREÇÃO;0;;
292;10267;04.55.1700;10267;04.55.1700;CATEGORIA0;;1;1;0;1;;BOMBA DIREÇÃO;BOMBA DIREÇÃO;0;;
292;10267;04.55.1701;10267;04.55.1701;CATEGORIA0;;1;1;0;1;;BOMBA DIREÇÃO;BOMBA DIREÇÃO;0;;
292;10267;04.55.1702;10267;04.55.1702;CATEGORIA0;;1;1;0;1;;BOMBA DIREÇÃO;BOMBA DIREÇÃO;0;;
292;10267;04.55.1705;10267;04.55.1705;CATEGORIA0;;1;1;0;1;;BOMBA DIREÇÃO;BOMBA DIREÇÃO;0;;
292;10267;04.55.1706;10267;04.55.1706;CATEGORIA0;;1;1;0;1;;BOMBA DIREÇÃO;BOMBA DIREÇÃO;0;;
292;10267;04.55.1800;10267;04.55.1800;CATEGORIA0;;1;1;0;1;;BOMBA DIREÇÃO;BOMBA DIREÇÃO;0;;
292;10267;04.55.1801;10267;04.55.1801;CATEGORIA0;;1;1;0;1;;BOMBA DIREÇÃO;BOMBA DIREÇÃO;0;;
292;10267;04.55.1900;10267;04.55.1900;CATEGORIA0;;1;1;0;1;;BOMBA DIREÇÃO;BOMBA DIREÇÃO;0;;
292;10267;04.55.1905;10267;04.55.1905;CATEGORIA0;;1;1;0;1;;BOMBA DIREÇÃO;BOMBA DIREÇÃO;0;;
292;10267;04.55.1906;10267;04.55.1906;CATEGORIA0;;1;1;0;1;;BOMBA DIREÇÃO;BOMBA DIREÇÃO;0;;
292;10267;04.55.2000;10267;04.55.2000;CATEGORIA0;;1;1;0;1;;BOMBA DIREÇÃO;BOMBA DIREÇÃO;0;;
292;10267;04.55.2100;10267;04.55.2100;CATEGORIA0;;1;1;0;1;;BOMBA DIREÇÃO;BOMBA DIREÇÃO;0;;
292;10267;04.55.2200;10267;04.55.2200;CATEGORIA0;;1;1;0;1;;BOMBA DIREÇÃO;BOMBA DIREÇÃO;0;;
292;10267;04.55.2500;10267;04.55.2500;CATEGORIA0;;1;1;0;1;;BOMBA DIREÇÃO;BOMBA DIREÇÃO;0;;
292;10267;04.55.2501;10267;04.55.2501;CATEGORIA0;;1;1;0;1;;BOMBA DIREÇÃO;BOMBA DIREÇÃO;0;;
292;10267;04.55.2600;10267;04.55.2600;CATEGORIA0;;1;1;0;1;;BOMBA DIREÇÃO;BOMBA DIREÇÃO;0;;
292;10267;04.55.2605;10267;04.55.2605;CATEGORIA0;;1;1;0;1;;BOMBA DIREÇÃO;BOMBA DIREÇÃO;0;;
292;10267;04.60.0100;10267;04.60.0100;CATEGORIA0;;1;1;0;1;;BOMBA DIREÇÃO;BOMBA DIREÇÃO;0;;
292;10267;04.60.0100-1;10267;04.60.0100-1;CATEGORIA0;;1;1;0;1;;BOMBA DIREÇÃO;BOMBA DIREÇÃO;0;;
292;10267;04.60.0200;10267;04.60.0200;CATEGORIA0;;1;1;0;1;;BOMBA DIREÇÃO;BOMBA DIREÇÃO;0;;
292;10267;04.60.0300;10267;04.60.0300;CATEGORIA0;;1;1;0;1;;BOMBA DIREÇÃO;BOMBA DIREÇÃO;0;;
292;10267;04.63.0100;10267;04.63.0100;CATEGORIA0;;1;1;0;1;;BOMBA DIREÇÃO;BOMBA DIREÇÃO;0;;
292;10267;04.63.0200;10267;04.63.0200;CATEGORIA0;;1;1;0;1;;BOMBA DIREÇÃO;BOMBA DIREÇÃO;0;;
292;10267;04.65.0100;10267;04.65.0100;CATEGORIA0;;1;1;0;1;;BOMBA DIREÇÃO;BOMBA DIREÇÃO;0;;
292;10267;04.65.0105;10267;04.65.0105;CATEGORIA0;;1;1;0;1;;BOMBA DIREÇÃO;BOMBA DIREÇÃO;0;;
292;10267;04.65.0110;10267;04.65.0110;CATEGORIA0;;1;1;0;1;;BOMBA DIREÇÃO;BOMBA DIREÇÃO;0;;
292;10267;04.65.0200;10267;04.65.0200;CATEGORIA0;;1;1;0;1;;BOMBA DIREÇÃO;BOMBA DIREÇÃO;0;;
292;10267;04.70.0100;10267;04.70.0100;CATEGORIA0;;1;1;0;1;;BOMBA DIREÇÃO;BOMBA DIREÇÃO;0;;
292;10267;04.70.0110;10267;04.70.0110;CATEGORIA0;;1;1;0;1;;BOMBA DIREÇÃO;BOMBA DIREÇÃO;0;;
292;10267;04.71.0140;10267;04.71.0140;CATEGORIA0;;1;1;0;1;;BOMBA DIREÇÃO;BOMBA DIREÇÃO;0;;
292;10267;04.71.0142;10267;04.71.0142;CATEGORIA0;;1;1;0;1;;BOMBA DIREÇÃO;BOMBA DIREÇÃO;0;;
292;10267;04.71.0145;10267;04.71.0145;CATEGORIA0;;1;1;0;1;;BOMBA DIREÇÃO;BOMBA DIREÇÃO;0;;
292;10267;04.71.0147;10267;04.71.0147;CATEGORIA0;;1;1;0;1;;BOMBA DIREÇÃO;BOMBA DIREÇÃO;0;;
292;10267;04.71.0148;10267;04.71.0148;CATEGORIA0;;1;1;0;1;;BOMBA DIREÇÃO;BOMBA DIREÇÃO;0;;
292;10267;04.71.0150;10267;04.71.0150;CATEGORIA0;;1;1;0;1;;BOMBA DIREÇÃO;BOMBA DIREÇÃO;0;;
292;10267;04.71.0151;10267;04.71.0151;CATEGORIA0;;1;1;0;1;;BOMBA DIREÇÃO;BOMBA DIREÇÃO;0;;
292;10267;04.71.0153;10267;04.71.0153;CATEGORIA0;;1;1;0;1;;BOMBA DIREÇÃO;BOMBA DIREÇÃO;0;;
292;10267;04.71.0160;10267;04.71.0160;CATEGORIA0;;1;1;0;1;;BOMBA DIREÇÃO;BOMBA DIREÇÃO;0;;
292;10267;04.71.0162;10267;04.71.0162;CATEGORIA0;;1;1;0;1;;BOMBA DIREÇÃO;BOMBA DIREÇÃO;0;;
292;10267;04.71.0170;10267;04.71.0170;CATEGORIA0;;1;1;0;1;;BOMBA DIREÇÃO;BOMBA DIREÇÃO;0;;
292;10267;04.71.0171;10267;04.71.0171;CATEGORIA0;;1;1;0;1;;BOMBA DIREÇÃO;BOMBA DIREÇÃO;0;;
292;10267;04.71.0172;10267;04.71.0172;CATEGORIA0;;1;1;0;1;;BOMBA DIREÇÃO;BOMBA DIREÇÃO;0;;
292;10267;04.71.0174;10267;04.71.0174;CATEGORIA0;;1;1;0;1;;BOMBA DIREÇÃO;BOMBA DIREÇÃO;0;;
292;10267;04.71.0175;10267;04.71.0175;CATEGORIA0;;1;1;0;1;;BOMBA DIREÇÃO;BOMBA DIREÇÃO;0;;
292;10267;04.71.0180;10267;04.71.0180;CATEGORIA0;;1;1;0;1;;BOMBA DIREÇÃO;BOMBA DIREÇÃO;0;;
292;10267;04.71.0185;10267;04.71.0185;CATEGORIA0;;1;1;0;1;;BOMBA DIREÇÃO;BOMBA DIREÇÃO;0;;
292;10267;04.71.0186;10267;04.71.0186;CATEGORIA0;;1;1;0;1;;BOMBA DIREÇÃO;BOMBA DIREÇÃO;0;;
292;10267;04.71.0187;10267;04.71.0187;CATEGORIA0;;1;1;0;1;;BOMBA DIREÇÃO;BOMBA DIREÇÃO;0;;
292;10267;04.71.0190;10267;04.71.0190;CATEGORIA0;;1;1;0;1;;BOMBA DIREÇÃO;BOMBA DIREÇÃO;0;;
292;10267;04.71.0192;10267;04.71.0192;CATEGORIA0;;1;1;0;1;;BOMBA DIREÇÃO;BOMBA DIREÇÃO;0;;
292;10267;04.71.0194;10267;04.71.0194;CATEGORIA0;;1;1;0;1;;BOMBA DIREÇÃO;BOMBA DIREÇÃO;0;;
292;10267;04.71.0195;10267;04.71.0195;CATEGORIA0;;1;1;0;1;;BOMBA DIREÇÃO;BOMBA DIREÇÃO;0;;
292;10267;04.71.0196;10267;04.71.0196;CATEGORIA0;;1;1;0;1;;BOMBA DIREÇÃO;BOMBA DIREÇÃO;0;;
292;10267;04.72.0100;10267;04.72.0100;CATEGORIA0;;1;1;0;1;;BOMBA DIREÇÃO;BOMBA DIREÇÃO;0;;
292;10267;04.75.0100;10267;04.75.0100;CATEGORIA0;;1;1;0;1;;BOMBA DIREÇÃO;BOMBA DIREÇÃO;0;;
292;10267;04.75.0101-1;10267;04.75.0101-1;CATEGORIA0;;1;1;0;1;;BOMBA DIREÇÃO;BOMBA DIREÇÃO;0;;
292;10267;04.75.0102;10267;04.75.0102;CATEGORIA0;;1;1;0;1;;BOMBA DIREÇÃO;BOMBA DIREÇÃO;0;;
292;10267;04.75.0103-1;10267;04.75.0103-1;CATEGORIA0;;1;1;0;1;;BOMBA DIREÇÃO;BOMBA DIREÇÃO;0;;
292;10267;04.75.0104;10267;04.75.0104;CATEGORIA0;;1;1;0;1;;BOMBA DIREÇÃO;BOMBA DIREÇÃO;0;;
292;10267;04.75.0104-1;10267;04.75.0104-1;CATEGORIA0;;1;1;0;1;;BOMBA DIREÇÃO;BOMBA DIREÇÃO;0;;
292;10267;04.75.0105-1;10267;04.75.0105-1;CATEGORIA0;;1;1;0;1;;BOMBA DIREÇÃO;BOMBA DIREÇÃO;0;;
292;10267;04.75.0106-1;10267;04.75.0106-1;CATEGORIA0;;1;1;0;1;;BOMBA DIREÇÃO;BOMBA DIREÇÃO;0;;
292;10267;04.75.0107-1;10267;04.75.0107-1;CATEGORIA0;;1;1;0;1;;BOMBA DIREÇÃO;BOMBA DIREÇÃO;0;;
292;10267;04.75.0108-1;10267;04.75.0108-1;CATEGORIA0;;1;1;0;1;;BOMBA DIREÇÃO;BOMBA DIREÇÃO;0;;
292;10267;04.75.0109-1;10267;04.75.0109-1;CATEGORIA0;;1;1;0;1;;BOMBA DIREÇÃO;BOMBA DIREÇÃO;0;;
292;10267;04.75.0110;10267;04.75.0110;CATEGORIA0;;1;1;0;1;;BOMBA DIREÇÃO;BOMBA DIREÇÃO;0;;
292;10267;04.75.0111-1;10267;04.75.0111-1;CATEGORIA0;;1;1;0;1;;BOMBA DIREÇÃO;BOMBA DIREÇÃO;0;;
292;10267;04.75.0112;10267;04.75.0112;CATEGORIA0;;1;1;0;1;;BOMBA DIREÇÃO;BOMBA DIREÇÃO;0;;
292;10267;04.75.0113-1;10267;04.75.0113-1;CATEGORIA0;;1;1;0;1;;BOMBA DIREÇÃO;BOMBA DIREÇÃO;0;;
292;10267;04.75.0114;10267;04.75.0114;CATEGORIA0;;1;1;0;1;;BOMBA DIREÇÃO;BOMBA DIREÇÃO;0;;
292;10267;04.75.0115;10267;04.75.0115;CATEGORIA0;;1;1;0;1;;BOMBA DIREÇÃO;BOMBA DIREÇÃO;0;;
292;10267;04.75.0116-2;10267;04.75.0116-2;CATEGORIA0;;1;1;0;1;;BOMBA DIREÇÃO;BOMBA DIREÇÃO;0;;
292;10267;04.75.0117-1;10267;04.75.0117-1;CATEGORIA0;;1;1;0;1;;BOMBA DIREÇÃO;BOMBA DIREÇÃO;0;;
292;10267;04.75.0118-1;10267;04.75.0118-1;CATEGORIA0;;1;1;0;1;;BOMBA DIREÇÃO;BOMBA DIREÇÃO;0;;
292;10267;04.75.0119;10267;04.75.0119;CATEGORIA0;;1;1;0;1;;BOMBA DIREÇÃO;BOMBA DIREÇÃO;0;;
292;10267;04.75.0119-1;10267;04.75.0119-1;CATEGORIA0;;1;1;0;1;;BOMBA DIREÇÃO;BOMBA DIREÇÃO;0;;
292;10267;04.75.0125;10267;04.75.0125;CATEGORIA0;;1;1;0;1;;BOMBA DIREÇÃO;BOMBA DIREÇÃO;0;;
292;10267;04.75.0126;10267;04.75.0126;CATEGORIA0;;1;1;0;1;;BOMBA DIREÇÃO;BOMBA DIREÇÃO;0;;
292;10267;04.75.0126-1;10267;04.75.0126-1;CATEGORIA0;;1;1;0;1;;BOMBA DIREÇÃO;BOMBA DIREÇÃO;0;;
292;10267;04.75.0127-1;10267;04.75.0127-1;CATEGORIA0;;1;1;0;1;;BOMBA DIREÇÃO;BOMBA DIREÇÃO;0;;
292;10267;04.75.0128-1;10267;04.75.0128-1;CATEGORIA0;;1;1;0;1;;BOMBA DIREÇÃO;BOMBA DIREÇÃO;0;;
292;10267;04.75.0129;10267;04.75.0129;CATEGORIA0;;1;1;0;1;;BOMBA DIREÇÃO;BOMBA DIREÇÃO;0;;
292;10267;04.75.0130;10267;04.75.0130;CATEGORIA0;;1;1;0;1;;BOMBA DIREÇÃO;BOMBA DIREÇÃO;0;;
292;10267;04.75.0130-1;10267;04.75.0130-1;CATEGORIA0;;1;1;0;1;;BOMBA DIREÇÃO;BOMBA DIREÇÃO;0;;
292;10267;04.75.0131;10267;04.75.0131;CATEGORIA0;;1;1;0;1;;BOMBA DIREÇÃO;BOMBA DIREÇÃO;0;;
292;10267;04.75.0132;10267;04.75.0132;CATEGORIA0;;1;1;0;1;;BOMBA DIREÇÃO;BOMBA DIREÇÃO;0;;
292;10267;04.75.0133;10267;04.75.0133;CATEGORIA0;;1;1;0;1;;BOMBA DIREÇÃO;BOMBA DIREÇÃO;0;;
292;10267;04.75.0134-1;10267;04.75.0134-1;CATEGORIA0;;1;1;0;1;;BOMBA DIREÇÃO;BOMBA DIREÇÃO;0;;
292;10267;04.75.0135;10267;04.75.0135;CATEGORIA0;;1;1;0;1;;BOMBA DIREÇÃO;BOMBA DIREÇÃO;0;;
292;10267;04.75.0137-1;10267;04.75.0137-1;CATEGORIA0;;1;1;0;1;;BOMBA DIREÇÃO;BOMBA DIREÇÃO;0;;
292;10267;04.75.0138;10267;04.75.0138;CATEGORIA0;;1;1;0;1;;BOMBA DIREÇÃO;BOMBA DIREÇÃO;0;;
292;10267;04.75.0139-1;10267;04.75.0139-1;CATEGORIA0;;1;1;0;1;;BOMBA DIREÇÃO;BOMBA DIREÇÃO;0;;
292;10267;04.75.0140;10267;04.75.0140;CATEGORIA0;;1;1;0;1;;BOMBA DIREÇÃO;BOMBA DIREÇÃO;0;;
292;10267;04.75.0141-1;10267;04.75.0141-1;CATEGORIA0;;1;1;0;1;;BOMBA DIREÇÃO;BOMBA DIREÇÃO;0;;
292;10267;04.75.0142-1;10267;04.75.0142-1;CATEGORIA0;;1;1;0;1;;BOMBA DIREÇÃO;BOMBA DIREÇÃO;0;;
292;10267;04.75.0143-1;10267;04.75.0143-1;CATEGORIA0;;1;1;0;1;;BOMBA DIREÇÃO;BOMBA DIREÇÃO;0;;
292;10267;04.75.0144-1;10267;04.75.0144-1;CATEGORIA0;;1;1;0;1;;BOMBA DIREÇÃO;BOMBA DIREÇÃO;0;;
292;10267;04.75.0145-1;10267;04.75.0145-1;CATEGORIA0;;1;1;0;1;;BOMBA DIREÇÃO;BOMBA DIREÇÃO;0;;
292;10267;04.75.0146-1;10267;04.75.0146-1;CATEGORIA0;;1;1;0;1;;BOMBA DIREÇÃO;BOMBA DIREÇÃO;0;;
292;10267;04.75.0147;10267;04.75.0147;CATEGORIA0;;1;1;0;1;;BOMBA DIREÇÃO;BOMBA DIREÇÃO;0;;
292;10267;04.75.0201;10267;04.75.0201;CATEGORIA0;;1;1;0;1;;BOMBA DIREÇÃO;BOMBA DIREÇÃO;0;;
292;10267;04.75.0202-1;10267;04.75.0202-1;CATEGORIA0;;1;1;0;1;;BOMBA DIREÇÃO;BOMBA DIREÇÃO;0;;
292;10267;04.75.0210-1;10267;04.75.0210-1;CATEGORIA0;;1;1;0;1;;BOMBA DIREÇÃO;BOMBA DIREÇÃO;0;;
292;10267;04.75.0300;10267;04.75.0300;CATEGORIA0;;1;1;0;1;;BOMBA DIREÇÃO;BOMBA DIREÇÃO;0;;
292;10267;04.75.0303;10267;04.75.0303;CATEGORIA0;;1;1;0;1;;BOMBA DIREÇÃO;BOMBA DIREÇÃO;0;;
292;10267;04.75.0304;10267;04.75.0304;CATEGORIA0;;1;1;0;1;;BOMBA DIREÇÃO;BOMBA DIREÇÃO;0;;
292;10267;04.75.0305-1;10267;04.75.0305-1;CATEGORIA0;;1;1;0;1;;BOMBA DIREÇÃO;BOMBA DIREÇÃO;0;;
292;10267;04.75.0306-1;10267;04.75.0306-1;CATEGORIA0;;1;1;0;1;;BOMBA DIREÇÃO;BOMBA DIREÇÃO;0;;
292;10267;04.75.0307-1;10267;04.75.0307-1;CATEGORIA0;;1;1;0;1;;BOMBA DIREÇÃO;BOMBA DIREÇÃO;0;;
292;10267;04.75.0310;10267;04.75.0310;CATEGORIA0;;1;1;0;1;;BOMBA DIREÇÃO;BOMBA DIREÇÃO;0;;
292;10267;04.75.0310-1;10267;04.75.0310-1;CATEGORIA0;;1;1;0;1;;BOMBA DIREÇÃO;BOMBA DIREÇÃO;0;;
292;10267;04.75.0315-1;10267;04.75.0315-1;CATEGORIA0;;1;1;0;1;;BOMBA DIREÇÃO;BOMBA DIREÇÃO;0;;
292;10267;04.75.0350-1;10267;04.75.0350-1;CATEGORIA0;;1;1;0;1;;BOMBA DIREÇÃO;BOMBA DIREÇÃO;0;;
292;10267;04.75.0400;10267;04.75.0400;CATEGORIA0;;1;1;0;1;;BOMBA DIREÇÃO;BOMBA DIREÇÃO;0;;
292;10267;04.75.0505;10267;04.75.0505;CATEGORIA0;;1;1;0;1;;BOMBA DIREÇÃO;BOMBA DIREÇÃO;0;;
292;10267;04.75.0507;10267;04.75.0507;CATEGORIA0;;1;1;0;1;;BOMBA DIREÇÃO;BOMBA DIREÇÃO;0;;
292;10267;04.75.0508;10267;04.75.0508;CATEGORIA0;;1;1;0;1;;BOMBA DIREÇÃO;BOMBA DIREÇÃO;0;;
292;10267;04.75.0510;10267;04.75.0510;CATEGORIA0;;1;1;0;1;;BOMBA DIREÇÃO;BOMBA DIREÇÃO;0;;
292;10267;04.75.0511;10267;04.75.0511;CATEGORIA0;;1;1;0;1;;BOMBA DIREÇÃO;BOMBA DIREÇÃO;0;;
292;10267;04.75.0512-1;10267;04.75.0512-1;CATEGORIA0;;1;1;0;1;;BOMBA DIREÇÃO;BOMBA DIREÇÃO;0;;
292;10267;04.75.0514-1;10267;04.75.0514-1;CATEGORIA0;;1;1;0;1;;BOMBA DIREÇÃO;BOMBA DIREÇÃO;0;;
292;10267;04.75.0515;10267;04.75.0515;CATEGORIA0;;1;1;0;1;;BOMBA DIREÇÃO;BOMBA DIREÇÃO;0;;
292;10267;04.75.0516-1;10267;04.75.0516-1;CATEGORIA0;;1;1;0;1;;BOMBA DIREÇÃO;BOMBA DIREÇÃO;0;;
292;10267;04.75.0518;10267;04.75.0518;CATEGORIA0;;1;1;0;1;;BOMBA DIREÇÃO;BOMBA DIREÇÃO;0;;
292;10267;04.75.0520;10267;04.75.0520;CATEGORIA0;;1;1;0;1;;BOMBA DIREÇÃO;BOMBA DIREÇÃO;0;;
292;10267;04.75.0525;10267;04.75.0525;CATEGORIA0;;1;1;0;1;;BOMBA DIREÇÃO;BOMBA DIREÇÃO;0;;
292;10267;04.75.0526;10267;04.75.0526;CATEGORIA0;;1;1;0;1;;BOMBA DIREÇÃO;BOMBA DIREÇÃO;0;;
292;10267;04.75.0527;10267;04.75.0527;CATEGORIA0;;1;1;0;1;;BOMBA DIREÇÃO;BOMBA DIREÇÃO;0;;
292;10267;04.75.0528;10267;04.75.0528;CATEGORIA0;;1;1;0;1;;BOMBA DIREÇÃO;BOMBA DIREÇÃO;0;;
292;10267;04.75.0529;10267;04.75.0529;CATEGORIA0;;1;1;0;1;;BOMBA DIREÇÃO;BOMBA DIREÇÃO;0;;
292;10267;04.75.0530;10267;04.75.0530;CATEGORIA0;;1;1;0;1;;BOMBA DIREÇÃO;BOMBA DIREÇÃO;0;;
292;10267;04.75.0540;10267;04.75.0540;CATEGORIA0;;1;1;0;1;;BOMBA DIREÇÃO;BOMBA DIREÇÃO;0;;
292;10267;04.75.0601;10267;04.75.0601;CATEGORIA0;;1;1;0;1;;BOMBA DIREÇÃO;BOMBA DIREÇÃO;0;;
292;10267;04.75.0700;10267;04.75.0700;CATEGORIA0;;1;1;0;1;;BOMBA DIREÇÃO;BOMBA DIREÇÃO;0;;
292;10267;04.75.0720-1;10267;04.75.0720-1;CATEGORIA0;;1;1;0;1;;BOMBA DIREÇÃO;BOMBA DIREÇÃO;0;;
292;10267;04.75.0745-1;10267;04.75.0745-1;CATEGORIA0;;1;1;0;1;;BOMBA DIREÇÃO;BOMBA DIREÇÃO;0;;
292;10267;04.75.0747-1;10267;04.75.0747-1;CATEGORIA0;;1;1;0;1;;BOMBA DIREÇÃO;BOMBA DIREÇÃO;0;;
292;10267;04.75.0750;10267;04.75.0750;CATEGORIA0;;1;1;0;1;;BOMBA DIREÇÃO;BOMBA DIREÇÃO;0;;
292;10267;04.75.0800;10267;04.75.0800;CATEGORIA0;;1;1;0;1;;BOMBA DIREÇÃO;BOMBA DIREÇÃO;0;;
292;10267;04.75.0805-1;10267;04.75.0805-1;CATEGORIA0;;1;1;0;1;;BOMBA DIREÇÃO;BOMBA DIREÇÃO;0;;
292;10267;04.75.0810-1;10267;04.75.0810-1;CATEGORIA0;;1;1;0;1;;BOMBA DIREÇÃO;BOMBA DIREÇÃO;0;;
292;10267;04.75.0812-1;10267;04.75.0812-1;CATEGORIA0;;1;1;0;1;;BOMBA DIREÇÃO;BOMBA DIREÇÃO;0;;
292;10267;04.75.0815;10267;04.75.0815;CATEGORIA0;;1;1;0;1;;BOMBA DIREÇÃO;BOMBA DIREÇÃO;0;;
292;10267;04.75.0820;10267;04.75.0820;CATEGORIA0;;1;1;0;1;;BOMBA DIREÇÃO;BOMBA DIREÇÃO;0;;
292;10267;04.75.0900;10267;04.75.0900;CATEGORIA0;;1;1;0;1;;BOMBA DIREÇÃO;BOMBA DIREÇÃO;0;;
292;10267;04.75.0950;10267;04.75.0950;CATEGORIA0;;1;1;0;1;;BOMBA DIREÇÃO;BOMBA DIREÇÃO;0;;
292;10267;04.75.0960-1;10267;04.75.0960-1;CATEGORIA0;;1;1;0;1;;BOMBA DIREÇÃO;BOMBA DIREÇÃO;0;;
292;10267;04.75.1100;10267;04.75.1100;CATEGORIA0;;1;1;0;1;;BOMBA DIREÇÃO;BOMBA DIREÇÃO;0;;
292;10267;04.75.1105;10267;04.75.1105;CATEGORIA0;;1;1;0;1;;BOMBA DIREÇÃO;BOMBA DIREÇÃO;0;;
292;10267;04.75.1110-1;10267;04.75.1110-1;CATEGORIA0;;1;1;0;1;;BOMBA DIREÇÃO;BOMBA DIREÇÃO;0;;
292;10267;04.75.1115-1;10267;04.75.1115-1;CATEGORIA0;;1;1;0;1;;BOMBA DIREÇÃO;BOMBA DIREÇÃO;0;;
292;10267;04.75.1120;10267;04.75.1120;CATEGORIA0;;1;1;0;1;;BOMBA DIREÇÃO;BOMBA DIREÇÃO;0;;
292;10267;04.75.1125-1;10267;04.75.1125-1;CATEGORIA0;;1;1;0;1;;BOMBA DIREÇÃO;BOMBA DIREÇÃO;0;;
292;10267;04.75.1200;10267;04.75.1200;CATEGORIA0;;1;1;0;1;;BOMBA DIREÇÃO;BOMBA DIREÇÃO;0;;
292;10267;04.75.1200-1;10267;04.75.1200-1;CATEGORIA0;;1;1;0;1;;BOMBA DIREÇÃO;BOMBA DIREÇÃO;0;;
292;10267;04.75.1202;10267;04.75.1202;CATEGORIA0;;1;1;0;1;;BOMBA DIREÇÃO;BOMBA DIREÇÃO;0;;
292;10267;04.75.1205-1;10267;04.75.1205-1;CATEGORIA0;;1;1;0;1;;BOMBA DIREÇÃO;BOMBA DIREÇÃO;0;;
292;10267;04.75.1210-1;10267;04.75.1210-1;CATEGORIA0;;1;1;0;1;;BOMBA DIREÇÃO;BOMBA DIREÇÃO;0;;
292;10267;04.75.1215;10267;04.75.1215;CATEGORIA0;;1;1;0;1;;BOMBA DIREÇÃO;BOMBA DIREÇÃO;0;;
292;10267;04.75.1220-1;10267;04.75.1220-1;CATEGORIA0;;1;1;0;1;;BOMBA DIREÇÃO;BOMBA DIREÇÃO;0;;
292;10267;04.75.1230-1;10267;04.75.1230-1;CATEGORIA0;;1;1;0;1;;BOMBA DIREÇÃO;BOMBA DIREÇÃO;0;;
292;10267;04.75.1240-1;10267;04.75.1240-1;CATEGORIA0;;1;1;0;1;;BOMBA DIREÇÃO;BOMBA DIREÇÃO;0;;
292;10267;04.75.1500;10267;04.75.1500;CATEGORIA0;;1;1;0;1;;BOMBA DIREÇÃO;BOMBA DIREÇÃO;0;;
292;10267;04.75.1500-2;10267;04.75.1500-2;CATEGORIA0;;1;1;0;1;;BOMBA DIREÇÃO;BOMBA DIREÇÃO;0;;
292;10267;04.75.1501-1;10267;04.75.1501-1;CATEGORIA0;;1;1;0;1;;BOMBA DIREÇÃO;BOMBA DIREÇÃO;0;;
292;10267;04.75.1502-1;10267;04.75.1502-1;CATEGORIA0;;1;1;0;1;;BOMBA DIREÇÃO;BOMBA DIREÇÃO;0;;
292;10267;04.75.1504-1;10267;04.75.1504-1;CATEGORIA0;;1;1;0;1;;BOMBA DIREÇÃO;BOMBA DIREÇÃO;0;;
292;10267;04.75.1505-1;10267;04.75.1505-1;CATEGORIA0;;1;1;0;1;;BOMBA DIREÇÃO;BOMBA DIREÇÃO;0;;
292;10267;04.75.1506-1;10267;04.75.1506-1;CATEGORIA0;;1;1;0;1;;BOMBA DIREÇÃO;BOMBA DIREÇÃO;0;;
292;10267;04.75.1507-1;10267;04.75.1507-1;CATEGORIA0;;1;1;0;1;;BOMBA DIREÇÃO;BOMBA DIREÇÃO;0;;
292;10267;04.75.1508-1;10267;04.75.1508-1;CATEGORIA0;;1;1;0;1;;BOMBA DIREÇÃO;BOMBA DIREÇÃO;0;;
292;10267;04.75.1509-1;10267;04.75.1509-1;CATEGORIA0;;1;1;0;1;;BOMBA DIREÇÃO;BOMBA DIREÇÃO;0;;
292;10267;04.75.1510-1;10267;04.75.1510-1;CATEGORIA0;;1;1;0;1;;BOMBA DIREÇÃO;BOMBA DIREÇÃO;0;;
292;10267;04.75.1511-1;10267;04.75.1511-1;CATEGORIA0;;1;1;0;1;;BOMBA DIREÇÃO;BOMBA DIREÇÃO;0;;
292;10267;04.75.1512-1;10267;04.75.1512-1;CATEGORIA0;;1;1;0;1;;BOMBA DIREÇÃO;BOMBA DIREÇÃO;0;;
292;10267;04.75.1513-1;10267;04.75.1513-1;CATEGORIA0;;1;1;0;1;;BOMBA DIREÇÃO;BOMBA DIREÇÃO;0;;
292;10267;04.75.1514;10267;04.75.1514;CATEGORIA0;;1;1;0;1;;BOMBA DIREÇÃO;BOMBA DIREÇÃO;0;;
292;10267;04.75.1515-1;10267;04.75.1515-1;CATEGORIA0;;1;1;0;1;;BOMBA DIREÇÃO;BOMBA DIREÇÃO;0;;
292;10267;04.75.1517-1;10267;04.75.1517-1;CATEGORIA0;;1;1;0;1;;BOMBA DIREÇÃO;BOMBA DIREÇÃO;0;;
292;10267;04.75.1518-1;10267;04.75.1518-1;CATEGORIA0;;1;1;0;1;;BOMBA DIREÇÃO;BOMBA DIREÇÃO;0;;
292;10267;04.75.1520-1;10267;04.75.1520-1;CATEGORIA0;;1;1;0;1;;BOMBA DIREÇÃO;BOMBA DIREÇÃO;0;;
292;10267;04.75.1520-2;10267;04.75.1520-2;CATEGORIA0;;1;1;0;1;;BOMBA DIREÇÃO;BOMBA DIREÇÃO;0;;
292;10267;04.75.1550-1;10267;04.75.1550-1;CATEGORIA0;;1;1;0;1;;BOMBA DIREÇÃO;BOMBA DIREÇÃO;0;;
292;10267;04.75.1550-2;10267;04.75.1550-2;CATEGORIA0;;1;1;0;1;;BOMBA DIREÇÃO;BOMBA DIREÇÃO;0;;
292;10267;04.75.1560-2;10267;04.75.1560-2;CATEGORIA0;;1;1;0;1;;BOMBA DIREÇÃO;BOMBA DIREÇÃO;0;;
292;10267;04.75.1620;10267;04.75.1620;CATEGORIA0;;1;1;0;1;;BOMBA DIREÇÃO;BOMBA DIREÇÃO;0;;
292;10267;04.75.1650-1;10267;04.75.1650-1;CATEGORIA0;;1;1;0;1;;BOMBA DIREÇÃO;BOMBA DIREÇÃO;0;;
292;10267;04.75.1700;10267;04.75.1700;CATEGORIA0;;1;1;0;1;;BOMBA DIREÇÃO;BOMBA DIREÇÃO;0;;
292;10267;04.75.1702;10267;04.75.1702;CATEGORIA0;;1;1;0;1;;BOMBA DIREÇÃO;BOMBA DIREÇÃO;0;;
292;10267;04.75.1705;10267;04.75.1705;CATEGORIA0;;1;1;0;1;;BOMBA DIREÇÃO;BOMBA DIREÇÃO;0;;
292;10267;04.75.1710;10267;04.75.1710;CATEGORIA0;;1;1;0;1;;BOMBA DIREÇÃO;BOMBA DIREÇÃO;0;;
292;10267;04.75.1750;10267;04.75.1750;CATEGORIA0;;1;1;0;1;;BOMBA DIREÇÃO;BOMBA DIREÇÃO;0;;
292;10267;04.75.1800;10267;04.75.1800;CATEGORIA0;;1;1;0;1;;BOMBA DIREÇÃO;BOMBA DIREÇÃO;0;;
292;10267;04.75.2000-1;10267;04.75.2000-1;CATEGORIA0;;1;1;0;1;;BOMBA DIREÇÃO;BOMBA DIREÇÃO;0;;
292;10267;04.75.2050-1;10267;04.75.2050-1;CATEGORIA0;;1;1;0;1;;BOMBA DIREÇÃO;BOMBA DIREÇÃO;0;;
292;10267;04.76.0100;10267;04.76.0100;CATEGORIA0;;1;1;0;1;;BOMBA DIREÇÃO;BOMBA DIREÇÃO;0;;
292;10267;04.76.0100-1;10267;04.76.0100-1;CATEGORIA0;;1;1;0;1;;BOMBA DIREÇÃO;BOMBA DIREÇÃO;0;;
292;10267;04.76.0101-1;10267;04.76.0101-1;CATEGORIA0;;1;1;0;1;;BOMBA DIREÇÃO;BOMBA DIREÇÃO;0;;
292;10267;04.76.0102-1;10267;04.76.0102-1;CATEGORIA0;;1;1;0;1;;BOMBA DIREÇÃO;BOMBA DIREÇÃO;0;;
292;10267;04.76.0103-1;10267;04.76.0103-1;CATEGORIA0;;1;1;0;1;;BOMBA DIREÇÃO;BOMBA DIREÇÃO;0;;
292;10267;04.76.0104-1;10267;04.76.0104-1;CATEGORIA0;;1;1;0;1;;BOMBA DIREÇÃO;BOMBA DIREÇÃO;0;;
292;10267;04.76.0105-1;10267;04.76.0105-1;CATEGORIA0;;1;1;0;1;;BOMBA DIREÇÃO;BOMBA DIREÇÃO;0;;
292;10267;04.76.0106-1;10267;04.76.0106-1;CATEGORIA0;;1;1;0;1;;BOMBA DIREÇÃO;BOMBA DIREÇÃO;0;;
292;10267;04.76.0107-1;10267;04.76.0107-1;CATEGORIA0;;1;1;0;1;;BOMBA DIREÇÃO;BOMBA DIREÇÃO;0;;
292;10267;04.76.0108;10267;04.76.0108;CATEGORIA0;;1;1;0;1;;BOMBA DIREÇÃO;BOMBA DIREÇÃO;0;;
292;10267;04.76.0108-1;10267;04.76.0108-1;CATEGORIA0;;1;1;0;1;;BOMBA DIREÇÃO;BOMBA DIREÇÃO;0;;
292;10267;04.76.0200-2;10267;04.76.0200-2;CATEGORIA0;;1;1;0;1;;BOMBA DIREÇÃO;BOMBA DIREÇÃO;0;;
292;10267;04.76.0250;10267;04.76.0250;CATEGORIA0;;1;1;0;1;;BOMBA DIREÇÃO;BOMBA DIREÇÃO;0;;
292;10267;04.76.0250-1;10267;04.76.0250-1;CATEGORIA0;;1;1;0;1;;BOMBA DIREÇÃO;BOMBA DIREÇÃO;0;;
292;10267;04.76.0255-1;10267;04.76.0255-1;CATEGORIA0;;1;1;0;1;;BOMBA DIREÇÃO;BOMBA DIREÇÃO;0;;
292;10267;04.76.0260-1;10267;04.76.0260-1;CATEGORIA0;;1;1;0;1;;BOMBA DIREÇÃO;BOMBA DIREÇÃO;0;;
292;10267;04.76.0300;10267;04.76.0300;CATEGORIA0;;1;1;0;1;;BOMBA DIREÇÃO;BOMBA DIREÇÃO;0;;
292;10267;04.76.0300-1;10267;04.76.0300-1;CATEGORIA0;;1;1;0;1;;BOMBA DIREÇÃO;BOMBA DIREÇÃO;0;;
292;10267;04.76.0400-1;10267;04.76.0400-1;CATEGORIA0;;1;1;0;1;;BOMBA DIREÇÃO;BOMBA DIREÇÃO;0;;
292;10267;04.76.0400-2;10267;04.76.0400-2;CATEGORIA0;;1;1;0;1;;BOMBA DIREÇÃO;BOMBA DIREÇÃO;0;;
292;10267;04.76.0410-1;10267;04.76.0410-1;CATEGORIA0;;1;1;0;1;;BOMBA DIREÇÃO;BOMBA DIREÇÃO;0;;
292;10267;04.76.0420;10267;04.76.0420;CATEGORIA0;;1;1;0;1;;BOMBA DIREÇÃO;BOMBA DIREÇÃO;0;;
292;10267;04.76.0440;10267;04.76.0440;CATEGORIA0;;1;1;0;1;;BOMBA DIREÇÃO;BOMBA DIREÇÃO;0;;
292;10267;04.76.0440-1;10267;04.76.0440-1;CATEGORIA0;;1;1;0;1;;BOMBA DIREÇÃO;BOMBA DIREÇÃO;0;;
292;10267;04.76.0441-1;10267;04.76.0441-1;CATEGORIA0;;1;1;0;1;;BOMBA DIREÇÃO;BOMBA DIREÇÃO;0;;
292;10267;04.76.0442-1;10267;04.76.0442-1;CATEGORIA0;;1;1;0;1;;BOMBA DIREÇÃO;BOMBA DIREÇÃO;0;;
292;10267;04.76.0445-1;10267;04.76.0445-1;CATEGORIA0;;1;1;0;1;;BOMBA DIREÇÃO;BOMBA DIREÇÃO;0;;
292;10267;04.76.0450-1;10267;04.76.0450-1;CATEGORIA0;;1;1;0;1;;BOMBA DIREÇÃO;BOMBA DIREÇÃO;0;;
292;10267;04.76.0450-3;10267;04.76.0450-3;CATEGORIA0;;1;1;0;1;;BOMBA DIREÇÃO;BOMBA DIREÇÃO;0;;
292;10267;04.76.0455-1;10267;04.76.0455-1;CATEGORIA0;;1;1;0;1;;BOMBA DIREÇÃO;BOMBA DIREÇÃO;0;;
292;10267;04.76.0460-1;10267;04.76.0460-1;CATEGORIA0;;1;1;0;1;;BOMBA DIREÇÃO;BOMBA DIREÇÃO;0;;
292;10267;04.76.0500;10267;04.76.0500;CATEGORIA0;;1;1;0;1;;BOMBA DIREÇÃO;BOMBA DIREÇÃO;0;;
292;10267;04.76.0590-1;10267;04.76.0590-1;CATEGORIA0;;1;1;0;1;;BOMBA DIREÇÃO;BOMBA DIREÇÃO;0;;
292;10267;04.76.0600;10267;04.76.0600;CATEGORIA0;;1;1;0;1;;BOMBA DIREÇÃO;BOMBA DIREÇÃO;0;;
292;10267;04.76.0602;10267;04.76.0602;CATEGORIA0;;1;1;0;1;;BOMBA DIREÇÃO;BOMBA DIREÇÃO;0;;
292;10267;04.76.0603-1;10267;04.76.0603-1;CATEGORIA0;;1;1;0;1;;BOMBA DIREÇÃO;BOMBA DIREÇÃO;0;;
292;10267;04.76.0604-1;10267;04.76.0604-1;CATEGORIA0;;1;1;0;1;;BOMBA DIREÇÃO;BOMBA DIREÇÃO;0;;
292;10267;04.76.0605;10267;04.76.0605;CATEGORIA0;;1;1;0;1;;BOMBA DIREÇÃO;BOMBA DIREÇÃO;0;;
292;10267;04.76.0606-1;10267;04.76.0606-1;CATEGORIA0;;1;1;0;1;;BOMBA DIREÇÃO;BOMBA DIREÇÃO;0;;
292;10267;04.76.0607-1;10267;04.76.0607-1;CATEGORIA0;;1;1;0;1;;BOMBA DIREÇÃO;BOMBA DIREÇÃO;0;;
292;10267;04.76.0608-1;10267;04.76.0608-1;CATEGORIA0;;1;1;0;1;;BOMBA DIREÇÃO;BOMBA DIREÇÃO;0;;
292;10267;04.76.0609-1;10267;04.76.0609-1;CATEGORIA0;;1;1;0;1;;BOMBA DIREÇÃO;BOMBA DIREÇÃO;0;;
292;10267;04.76.0610;10267;04.76.0610;CATEGORIA0;;1;1;0;1;;BOMBA DIREÇÃO;BOMBA DIREÇÃO;0;;
292;10267;04.76.0611-1;10267;04.76.0611-1;CATEGORIA0;;1;1;0;1;;BOMBA DIREÇÃO;BOMBA DIREÇÃO;0;;
292;10267;04.76.0612-1;10267;04.76.0612-1;CATEGORIA0;;1;1;0;1;;BOMBA DIREÇÃO;BOMBA DIREÇÃO;0;;
292;10267;04.76.0613-1;10267;04.76.0613-1;CATEGORIA0;;1;1;0;1;;BOMBA DIREÇÃO;BOMBA DIREÇÃO;0;;
292;10267;04.76.0615;10267;04.76.0615;CATEGORIA0;;1;1;0;1;;BOMBA DIREÇÃO;BOMBA DIREÇÃO;0;;
292;10267;04.76.0615-1;10267;04.76.0615-1;CATEGORIA0;;1;1;0;1;;BOMBA DIREÇÃO;BOMBA DIREÇÃO;0;;
292;10267;04.76.0617-1;10267;04.76.0617-1;CATEGORIA0;;1;1;0;1;;BOMBA DIREÇÃO;BOMBA DIREÇÃO;0;;
292;10267;04.76.0618-1;10267;04.76.0618-1;CATEGORIA0;;1;1;0;1;;BOMBA DIREÇÃO;BOMBA DIREÇÃO;0;;
292;10267;04.76.0620-1;10267;04.76.0620-1;CATEGORIA0;;1;1;0;1;;BOMBA DIREÇÃO;BOMBA DIREÇÃO;0;;
292;10267;04.76.0623-1;10267;04.76.0623-1;CATEGORIA0;;1;1;0;1;;BOMBA DIREÇÃO;BOMBA DIREÇÃO;0;;
292;10267;04.76.0630-1;10267;04.76.0630-1;CATEGORIA0;;1;1;0;1;;BOMBA DIREÇÃO;BOMBA DIREÇÃO;0;;
292;10267;04.76.0635-1;10267;04.76.0635-1;CATEGORIA0;;1;1;0;1;;BOMBA DIREÇÃO;BOMBA DIREÇÃO;0;;
292;10267;04.76.0640-1;10267;04.76.0640-1;CATEGORIA0;;1;1;0;1;;BOMBA DIREÇÃO;BOMBA DIREÇÃO;0;;
292;10267;04.76.0645-1;10267;04.76.0645-1;CATEGORIA0;;1;1;0;1;;BOMBA DIREÇÃO;BOMBA DIREÇÃO;0;;
292;10267;04.76.0645-2;10267;04.76.0645-2;CATEGORIA0;;1;1;0;1;;BOMBA DIREÇÃO;BOMBA DIREÇÃO;0;;
292;10267;04.76.0647-1;10267;04.76.0647-1;CATEGORIA0;;1;1;0;1;;BOMBA DIREÇÃO;BOMBA DIREÇÃO;0;;
292;10267;04.76.0652;10267;04.76.0652;CATEGORIA0;;1;1;0;1;;BOMBA DIREÇÃO;BOMBA DIREÇÃO;0;;
292;10267;04.76.0700-1;10267;04.76.0700-1;CATEGORIA0;;1;1;0;1;;BOMBA DIREÇÃO;BOMBA DIREÇÃO;0;;
292;10267;04.77.0100;10267;04.77.0100;CATEGORIA0;;1;1;0;1;;BOMBA DIREÇÃO;BOMBA DIREÇÃO;0;;
292;10267;04.85.0100;10267;04.85.0100;CATEGORIA0;;1;1;0;1;;BOMBA DIREÇÃO;BOMBA DIREÇÃO;0;;
292;10267;04.85.0110;10267;04.85.0110;CATEGORIA0;;1;1;0;1;;BOMBA DIREÇÃO;BOMBA DIREÇÃO;0;;
292;10267;04.85.0120;10267;04.85.0120;CATEGORIA0;;1;1;0;1;;BOMBA DIREÇÃO;BOMBA DIREÇÃO;0;;
292;10267;04.85.0130;10267;04.85.0130;CATEGORIA0;;1;1;0;1;;BOMBA DIREÇÃO;BOMBA DIREÇÃO;0;;
292;10267;04.85.0250;10267;04.85.0250;CATEGORIA0;;1;1;0;1;;BOMBA DIREÇÃO;BOMBA DIREÇÃO;0;;
292;10267;04.85.0300;10267;04.85.0300;CATEGORIA0;;1;1;0;1;;BOMBA DIREÇÃO;BOMBA DIREÇÃO;0;;
292;10267;04.88.0120;10267;04.88.0120;CATEGORIA0;;1;1;0;1;;BOMBA DIREÇÃO;BOMBA DIREÇÃO;0;;
292;10267;04.88.0122;10267;04.88.0122;CATEGORIA0;;1;1;0;1;;BOMBA DIREÇÃO;BOMBA DIREÇÃO;0;;
292;10267;04.88.0127;10267;04.88.0127;CATEGORIA0;;1;1;0;1;;BOMBA DIREÇÃO;BOMBA DIREÇÃO;0;;
292;10267;04.88.0130;10267;04.88.0130;CATEGORIA0;;1;1;0;1;;BOMBA DIREÇÃO;BOMBA DIREÇÃO;0;;
292;10267;04.88.0131;10267;04.88.0131;CATEGORIA0;;1;1;0;1;;BOMBA DIREÇÃO;BOMBA DIREÇÃO;0;;
292;10267;04.88.0135-1;10267;04.88.0135-1;CATEGORIA0;;1;1;0;1;;BOMBA DIREÇÃO;BOMBA DIREÇÃO;0;;
292;10267;04.88.0200;10267;04.88.0200;CATEGORIA0;;1;1;0;1;;BOMBA DIREÇÃO;BOMBA DIREÇÃO;0;;
292;10267;04.88.0210;10267;04.88.0210;CATEGORIA0;;1;1;0;1;;BOMBA DIREÇÃO;BOMBA DIREÇÃO;0;;
292;10267;04.88.0215-1;10267;04.88.0215-1;CATEGORIA0;;1;1;0;1;;BOMBA DIREÇÃO;BOMBA DIREÇÃO;0;;
292;10267;04.88.0220-1;10267;04.88.0220-1;CATEGORIA0;;1;1;0;1;;BOMBA DIREÇÃO;BOMBA DIREÇÃO;0;;
292;10267;04.88.0225-1;10267;04.88.0225-1;CATEGORIA0;;1;1;0;1;;BOMBA DIREÇÃO;BOMBA DIREÇÃO;0;;
292;10267;04.88.0249-1;10267;04.88.0249-1;CATEGORIA0;;1;1;0;1;;BOMBA DIREÇÃO;BOMBA DIREÇÃO;0;;
292;10267;04.88.0250;10267;04.88.0250;CATEGORIA0;;1;1;0;1;;BOMBA DIREÇÃO;BOMBA DIREÇÃO;0;;
292;10267;04.88.0251-1;10267;04.88.0251-1;CATEGORIA0;;1;1;0;1;;BOMBA DIREÇÃO;BOMBA DIREÇÃO;0;;
292;10267;04.88.0253-1;10267;04.88.0253-1;CATEGORIA0;;1;1;0;1;;BOMBA DIREÇÃO;BOMBA DIREÇÃO;0;;
292;10267;04.88.0254-1;10267;04.88.0254-1;CATEGORIA0;;1;1;0;1;;BOMBA DIREÇÃO;BOMBA DIREÇÃO;0;;
292;10267;04.88.0254-2;10267;04.88.0254-2;CATEGORIA0;;1;1;0;1;;BOMBA DIREÇÃO;BOMBA DIREÇÃO;0;;
292;10267;04.88.0254-3;10267;04.88.0254-3;CATEGORIA0;;1;1;0;1;;BOMBA DIREÇÃO;BOMBA DIREÇÃO;0;;
292;10267;04.88.0254-4;10267;04.88.0254-4;CATEGORIA0;;1;1;0;1;;BOMBA DIREÇÃO;BOMBA DIREÇÃO;0;;
292;10267;04.88.0255-1;10267;04.88.0255-1;CATEGORIA0;;1;1;0;1;;BOMBA DIREÇÃO;BOMBA DIREÇÃO;0;;
292;10267;04.88.0256-1;10267;04.88.0256-1;CATEGORIA0;;1;1;0;1;;BOMBA DIREÇÃO;BOMBA DIREÇÃO;0;;
292;10267;04.88.0257-1;10267;04.88.0257-1;CATEGORIA0;;1;1;0;1;;BOMBA DIREÇÃO;BOMBA DIREÇÃO;0;;
292;10267;04.88.0258-1;10267;04.88.0258-1;CATEGORIA0;;1;1;0;1;;BOMBA DIREÇÃO;BOMBA DIREÇÃO;0;;
292;10267;04.88.0259-1;10267;04.88.0259-1;CATEGORIA0;;1;1;0;1;;BOMBA DIREÇÃO;BOMBA DIREÇÃO;0;;
292;10267;04.88.0260;10267;04.88.0260;CATEGORIA0;;1;1;0;1;;BOMBA DIREÇÃO;BOMBA DIREÇÃO;0;;
292;10267;04.88.0270-1;10267;04.88.0270-1;CATEGORIA0;;1;1;0;1;;BOMBA DIREÇÃO;BOMBA DIREÇÃO;0;;
292;10267;04.88.0280-1;10267;04.88.0280-1;CATEGORIA0;;1;1;0;1;;BOMBA DIREÇÃO;BOMBA DIREÇÃO;0;;
292;10267;04.88.0300-1;10267;04.88.0300-1;CATEGORIA0;;1;1;0;1;;BOMBA DIREÇÃO;BOMBA DIREÇÃO;0;;
292;10267;04.88.0300-2;10267;04.88.0300-2;CATEGORIA0;;1;1;0;1;;BOMBA DIREÇÃO;BOMBA DIREÇÃO;0;;
292;10267;04.88.0301;10267;04.88.0301;CATEGORIA0;;1;1;0;1;;BOMBA DIREÇÃO;BOMBA DIREÇÃO;0;;
292;10267;04.88.0302;10267;04.88.0302;CATEGORIA0;;1;1;0;1;;BOMBA DIREÇÃO;BOMBA DIREÇÃO;0;;
292;10267;04.88.0303-1;10267;04.88.0303-1;CATEGORIA0;;1;1;0;1;;BOMBA DIREÇÃO;BOMBA DIREÇÃO;0;;
292;10267;04.88.0303-2;10267;04.88.0303-2;CATEGORIA0;;1;1;0;1;;BOMBA DIREÇÃO;BOMBA DIREÇÃO;0;;
292;10267;04.88.0304-1;10267;04.88.0304-1;CATEGORIA0;;1;1;0;1;;BOMBA DIREÇÃO;BOMBA DIREÇÃO;0;;
292;10267;04.88.0304-2;10267;04.88.0304-2;CATEGORIA0;;1;1;0;1;;BOMBA DIREÇÃO;BOMBA DIREÇÃO;0;;
292;10267;04.88.0305;10267;04.88.0305;CATEGORIA0;;1;1;0;1;;BOMBA DIREÇÃO;BOMBA DIREÇÃO;0;;
292;10267;04.88.0306;10267;04.88.0306;CATEGORIA0;;1;1;0;1;;BOMBA DIREÇÃO;BOMBA DIREÇÃO;0;;
292;10267;04.88.0307;10267;04.88.0307;CATEGORIA0;;1;1;0;1;;BOMBA DIREÇÃO;BOMBA DIREÇÃO;0;;
292;10267;04.88.0308;10267;04.88.0308;CATEGORIA0;;1;1;0;1;;BOMBA DIREÇÃO;BOMBA DIREÇÃO;0;;
292;10267;04.88.0309-1;10267;04.88.0309-1;CATEGORIA0;;1;1;0;1;;BOMBA DIREÇÃO;BOMBA DIREÇÃO;0;;
292;10267;04.88.0310-1;10267;04.88.0310-1;CATEGORIA0;;1;1;0;1;;BOMBA DIREÇÃO;BOMBA DIREÇÃO;0;;
292;10267;04.88.0311-1;10267;04.88.0311-1;CATEGORIA0;;1;1;0;1;;BOMBA DIREÇÃO;BOMBA DIREÇÃO;0;;
292;10267;04.88.0312-1;10267;04.88.0312-1;CATEGORIA0;;1;1;0;1;;BOMBA DIREÇÃO;BOMBA DIREÇÃO;0;;
292;10267;04.88.0313-1;10267;04.88.0313-1;CATEGORIA0;;1;1;0;1;;BOMBA DIREÇÃO;BOMBA DIREÇÃO;0;;
292;10267;04.88.0315-1;10267;04.88.0315-1;CATEGORIA0;;1;1;0;1;;BOMBA DIREÇÃO;BOMBA DIREÇÃO;0;;
292;10267;04.88.0700;10267;04.88.0700;CATEGORIA0;;1;1;0;1;;BOMBA DIREÇÃO;BOMBA DIREÇÃO;0;;
292;10267;04.92.0100;10267;04.92.0100;CATEGORIA0;;1;1;0;1;;BOMBA DIREÇÃO;BOMBA DIREÇÃO;0;;
292;10267;04.92.0110;10267;04.92.0110;CATEGORIA0;;1;1;0;1;;BOMBA DIREÇÃO;BOMBA DIREÇÃO;0;;
292;10267;04.94.0100;10267;04.94.0100;CATEGORIA0;;1;1;0;1;;BOMBA DIREÇÃO;BOMBA DIREÇÃO;0;;
292;10267;04.94.0101;10267;04.94.0101;CATEGORIA0;;1;1;0;1;;BOMBA DIREÇÃO;BOMBA DIREÇÃO;0;;
292;10267;04.94.0102;10267;04.94.0102;CATEGORIA0;;1;1;0;1;;BOMBA DIREÇÃO;BOMBA DIREÇÃO;0;;
292;10267;04.94.0103;10267;04.94.0103;CATEGORIA0;;1;1;0;1;;BOMBA DIREÇÃO;BOMBA DIREÇÃO;0;;
292;10267;04.94.0104;10267;04.94.0104;CATEGORIA0;;1;1;0;1;;BOMBA DIREÇÃO;BOMBA DIREÇÃO;0;;
292;10267;04.94.0105;10267;04.94.0105;CATEGORIA0;;1;1;0;1;;BOMBA DIREÇÃO;BOMBA DIREÇÃO;0;;
292;10267;04.94.0107-1;10267;04.94.0107-1;CATEGORIA0;;1;1;0;1;;BOMBA DIREÇÃO;BOMBA DIREÇÃO;0;;
292;10267;04.94.0108;10267;04.94.0108;CATEGORIA0;;1;1;0;1;;BOMBA DIREÇÃO;BOMBA DIREÇÃO;0;;
292;10267;04.94.0109-1;10267;04.94.0109-1;CATEGORIA0;;1;1;0;1;;BOMBA DIREÇÃO;BOMBA DIREÇÃO;0;;
292;10267;04.94.0110;10267;04.94.0110;CATEGORIA0;;1;1;0;1;;BOMBA DIREÇÃO;BOMBA DIREÇÃO;0;;
292;10267;04.94.0113;10267;04.94.0113;CATEGORIA0;;1;1;0;1;;BOMBA DIREÇÃO;BOMBA DIREÇÃO;0;;
292;10267;04.94.0114;10267;04.94.0114;CATEGORIA0;;1;1;0;1;;BOMBA DIREÇÃO;BOMBA DIREÇÃO;0;;
292;10267;04.94.0115;10267;04.94.0115;CATEGORIA0;;1;1;0;1;;BOMBA DIREÇÃO;BOMBA DIREÇÃO;0;;
292;10267;04.94.0118;10267;04.94.0118;CATEGORIA0;;1;1;0;1;;BOMBA DIREÇÃO;BOMBA DIREÇÃO;0;;
292;10267;04.94.0120-1;10267;04.94.0120-1;CATEGORIA0;;1;1;0;1;;BOMBA DIREÇÃO;BOMBA DIREÇÃO;0;;
292;10267;04.94.0125-1;10267;04.94.0125-1;CATEGORIA0;;1;1;0;1;;BOMBA DIREÇÃO;BOMBA DIREÇÃO;0;;
292;10267;04.94.0130-1;10267;04.94.0130-1;CATEGORIA0;;1;1;0;1;;BOMBA DIREÇÃO;BOMBA DIREÇÃO;0;;
292;10267;04.94.0150;10267;04.94.0150;CATEGORIA0;;1;1;0;1;;BOMBA DIREÇÃO;BOMBA DIREÇÃO;0;;
292;10267;04.94.0152;10267;04.94.0152;CATEGORIA0;;1;1;0;1;;BOMBA DIREÇÃO;BOMBA DIREÇÃO;0;;
292;10267;04.94.0160-1;10267;04.94.0160-1;CATEGORIA0;;1;1;0;1;;BOMBA DIREÇÃO;BOMBA DIREÇÃO;0;;
292;10267;04.94.0165-1;10267;04.94.0165-1;CATEGORIA0;;1;1;0;1;;BOMBA DIREÇÃO;BOMBA DIREÇÃO;0;;
292;10267;04.94.0170-1;10267;04.94.0170-1;CATEGORIA0;;1;1;0;1;;BOMBA DIREÇÃO;BOMBA DIREÇÃO;0;;
292;10267;04.94.0180;10267;04.94.0180;CATEGORIA0;;1;1;0;1;;BOMBA DIREÇÃO;BOMBA DIREÇÃO;0;;
292;10267;04.94.0181;10267;04.94.0181;CATEGORIA0;;1;1;0;1;;BOMBA DIREÇÃO;BOMBA DIREÇÃO;0;;
292;10267;04.94.0182;10267;04.94.0182;CATEGORIA0;;1;1;0;1;;BOMBA DIREÇÃO;BOMBA DIREÇÃO;0;;
292;10267;04.94.0185;10267;04.94.0185;CATEGORIA0;;1;1;0;1;;BOMBA DIREÇÃO;BOMBA DIREÇÃO;0;;
292;10267;04.94.0190;10267;04.94.0190;CATEGORIA0;;1;1;0;1;;BOMBA DIREÇÃO;BOMBA DIREÇÃO;0;;
292;10267;04.94.0200;10267;04.94.0200;CATEGORIA0;;1;1;0;1;;BOMBA DIREÇÃO;BOMBA DIREÇÃO;0;;
292;10267;04.94.0210-1;10267;04.94.0210-1;CATEGORIA0;;1;1;0;1;;BOMBA DIREÇÃO;BOMBA DIREÇÃO;0;;
292;10267;04.94.0215;10267;04.94.0215;CATEGORIA0;;1;1;0;1;;BOMBA DIREÇÃO;BOMBA DIREÇÃO;0;;
292;10267;04.94.0220;10267;04.94.0220;CATEGORIA0;;1;1;0;1;;BOMBA DIREÇÃO;BOMBA DIREÇÃO;0;;
292;10267;04.94.0300;10267;04.94.0300;CATEGORIA0;;1;1;0;1;;BOMBA DIREÇÃO;BOMBA DIREÇÃO;0;;
292;10267;04.94.0350;10267;04.94.0350;CATEGORIA0;;1;1;0;1;;BOMBA DIREÇÃO;BOMBA DIREÇÃO;0;;
292;10267;04.94.0351;10267;04.94.0351;CATEGORIA0;;1;1;0;1;;BOMBA DIREÇÃO;BOMBA DIREÇÃO;0;;
292;10267;04.94.0352;10267;04.94.0352;CATEGORIA0;;1;1;0;1;;BOMBA DIREÇÃO;BOMBA DIREÇÃO;0;;
292;10267;04.94.0355;10267;04.94.0355;CATEGORIA0;;1;1;0;1;;BOMBA DIREÇÃO;BOMBA DIREÇÃO;0;;
292;10267;04.94.0357;10267;04.94.0357;CATEGORIA0;;1;1;0;1;;BOMBA DIREÇÃO;BOMBA DIREÇÃO;0;;
292;10267;04.94.0358;10267;04.94.0358;CATEGORIA0;;1;1;0;1;;BOMBA DIREÇÃO;BOMBA DIREÇÃO;0;;
292;10267;04.94.0360;10267;04.94.0360;CATEGORIA0;;1;1;0;1;;BOMBA DIREÇÃO;BOMBA DIREÇÃO;0;;
292;10267;04.94.0365;10267;04.94.0365;CATEGORIA0;;1;1;0;1;;BOMBA DIREÇÃO;BOMBA DIREÇÃO;0;;
292;10267;04.94.0375;10267;04.94.0375;CATEGORIA0;;1;1;0;1;;BOMBA DIREÇÃO;BOMBA DIREÇÃO;0;;
292;10267;04.94.0380-1;10267;04.94.0380-1;CATEGORIA0;;1;1;0;1;;BOMBA DIREÇÃO;BOMBA DIREÇÃO;0;;
292;10267;04.94.0383;10267;04.94.0383;CATEGORIA0;;1;1;0;1;;BOMBA DIREÇÃO;BOMBA DIREÇÃO;0;;
292;10267;04.94.0385;10267;04.94.0385;CATEGORIA0;;1;1;0;1;;BOMBA DIREÇÃO;BOMBA DIREÇÃO;0;;
292;10267;04.94.0386;10267;04.94.0386;CATEGORIA0;;1;1;0;1;;BOMBA DIREÇÃO;BOMBA DIREÇÃO;0;;
292;10267;04.94.0387-1;10267;04.94.0387-1;CATEGORIA0;;1;1;0;1;;BOMBA DIREÇÃO;BOMBA DIREÇÃO;0;;
292;10267;04.94.0390-1;10267;04.94.0390-1;CATEGORIA0;;1;1;0;1;;BOMBA DIREÇÃO;BOMBA DIREÇÃO;0;;
292;10267;04.94.0392-1;10267;04.94.0392-1;CATEGORIA0;;1;1;0;1;;BOMBA DIREÇÃO;BOMBA DIREÇÃO;0;;
292;10267;04.94.0393-1;10267;04.94.0393-1;CATEGORIA0;;1;1;0;1;;BOMBA DIREÇÃO;BOMBA DIREÇÃO;0;;
292;10267;04.94.0393-2;10267;04.94.0393-2;CATEGORIA0;;1;1;0;1;;BOMBA DIREÇÃO;BOMBA DIREÇÃO;0;;
292;10267;04.94.0394-1;10267;04.94.0394-1;CATEGORIA0;;1;1;0;1;;BOMBA DIREÇÃO;BOMBA DIREÇÃO;0;;
292;10267;04.94.0394-2;10267;04.94.0394-2;CATEGORIA0;;1;1;0;1;;BOMBA DIREÇÃO;BOMBA DIREÇÃO;0;;
292;10267;04.94.0394-3;10267;04.94.0394-3;CATEGORIA0;;1;1;0;1;;BOMBA DIREÇÃO;BOMBA DIREÇÃO;0;;
292;10267;04.94.0395-1;10267;04.94.0395-1;CATEGORIA0;;1;1;0;1;;BOMBA DIREÇÃO;BOMBA DIREÇÃO;0;;
292;10267;04.94.0395-2;10267;04.94.0395-2;CATEGORIA0;;1;1;0;1;;BOMBA DIREÇÃO;BOMBA DIREÇÃO;0;;
292;10267;04.94.0397-1;10267;04.94.0397-1;CATEGORIA0;;1;1;0;1;;BOMBA DIREÇÃO;BOMBA DIREÇÃO;0;;
292;10267;04.94.0398-1;10267;04.94.0398-1;CATEGORIA0;;1;1;0;1;;BOMBA DIREÇÃO;BOMBA DIREÇÃO;0;;
292;10267;04.94.0400;10267;04.94.0400;CATEGORIA0;;1;1;0;1;;BOMBA DIREÇÃO;BOMBA DIREÇÃO;0;;
292;10267;04.94.0401-1;10267;04.94.0401-1;CATEGORIA0;;1;1;0;1;;BOMBA DIREÇÃO;BOMBA DIREÇÃO;0;;
292;10267;04.94.0401-2;10267;04.94.0401-2;CATEGORIA0;;1;1;0;1;;BOMBA DIREÇÃO;BOMBA DIREÇÃO;0;;
292;10267;04.94.0402;10267;04.94.0402;CATEGORIA0;;1;1;0;1;;BOMBA DIREÇÃO;BOMBA DIREÇÃO;0;;
292;10267;04.94.0403;10267;04.94.0403;CATEGORIA0;;1;1;0;1;;BOMBA DIREÇÃO;BOMBA DIREÇÃO;0;;
292;10267;04.94.0404;10267;04.94.0404;CATEGORIA0;;1;1;0;1;;BOMBA DIREÇÃO;BOMBA DIREÇÃO;0;;
292;10267;04.94.0405;10267;04.94.0405;CATEGORIA0;;1;1;0;1;;BOMBA DIREÇÃO;BOMBA DIREÇÃO;0;;
292;10267;04.94.0406-1;10267;04.94.0406-1;CATEGORIA0;;1;1;0;1;;BOMBA DIREÇÃO;BOMBA DIREÇÃO;0;;
292;10267;04.94.0407-1;10267;04.94.0407-1;CATEGORIA0;;1;1;0;1;;BOMBA DIREÇÃO;BOMBA DIREÇÃO;0;;
292;10267;04.94.0408-1;10267;04.94.0408-1;CATEGORIA0;;1;1;0;1;;BOMBA DIREÇÃO;BOMBA DIREÇÃO;0;;
292;10267;04.94.0409-1;10267;04.94.0409-1;CATEGORIA0;;1;1;0;1;;BOMBA DIREÇÃO;BOMBA DIREÇÃO;0;;
292;10267;04.94.0410;10267;04.94.0410;CATEGORIA0;;1;1;0;1;;BOMBA DIREÇÃO;BOMBA DIREÇÃO;0;;
292;10267;04.94.0412;10267;04.94.0412;CATEGORIA0;;1;1;0;1;;BOMBA DIREÇÃO;BOMBA DIREÇÃO;0;;
292;10267;04.94.0412-1;10267;04.94.0412-1;CATEGORIA0;;1;1;0;1;;BOMBA DIREÇÃO;BOMBA DIREÇÃO;0;;
292;10267;04.94.0413-1;10267;04.94.0413-1;CATEGORIA0;;1;1;0;1;;BOMBA DIREÇÃO;BOMBA DIREÇÃO;0;;
292;10267;04.94.0414-1;10267;04.94.0414-1;CATEGORIA0;;1;1;0;1;;BOMBA DIREÇÃO;BOMBA DIREÇÃO;0;;
292;10267;04.94.0415-1;10267;04.94.0415-1;CATEGORIA0;;1;1;0;1;;BOMBA DIREÇÃO;BOMBA DIREÇÃO;0;;
292;10267;04.94.0416-1;10267;04.94.0416-1;CATEGORIA0;;1;1;0;1;;BOMBA DIREÇÃO;BOMBA DIREÇÃO;0;;
292;10267;04.94.0417-1;10267;04.94.0417-1;CATEGORIA0;;1;1;0;1;;BOMBA DIREÇÃO;BOMBA DIREÇÃO;0;;
292;10267;04.94.0418-1;10267;04.94.0418-1;CATEGORIA0;;1;1;0;1;;BOMBA DIREÇÃO;BOMBA DIREÇÃO;0;;
292;10267;04.94.0418-2;10267;04.94.0418-2;CATEGORIA0;;1;1;0;1;;BOMBA DIREÇÃO;BOMBA DIREÇÃO;0;;
292;10267;04.94.0420;10267;04.94.0420;CATEGORIA0;;1;1;0;1;;BOMBA DIREÇÃO;BOMBA DIREÇÃO;0;;
292;10267;04.94.0422-1;10267;04.94.0422-1;CATEGORIA0;;1;1;0;1;;BOMBA DIREÇÃO;BOMBA DIREÇÃO;0;;
292;10267;04.94.0423;10267;04.94.0423;CATEGORIA0;;1;1;0;1;;BOMBA DIREÇÃO;BOMBA DIREÇÃO;0;;
292;10267;04.94.0425-1;10267;04.94.0425-1;CATEGORIA0;;1;1;0;1;;BOMBA DIREÇÃO;BOMBA DIREÇÃO;0;;
292;10267;04.94.0427-1;10267;04.94.0427-1;CATEGORIA0;;1;1;0;1;;BOMBA DIREÇÃO;BOMBA DIREÇÃO;0;;
292;10267;04.94.0430-1;10267;04.94.0430-1;CATEGORIA0;;1;1;0;1;;BOMBA DIREÇÃO;BOMBA DIREÇÃO;0;;
292;10267;04.94.0431-1;10267;04.94.0431-1;CATEGORIA0;;1;1;0;1;;BOMBA DIREÇÃO;BOMBA DIREÇÃO;0;;
292;10267;04.94.0500-1;10267;04.94.0500-1;CATEGORIA0;;1;1;0;1;;BOMBA DIREÇÃO;BOMBA DIREÇÃO;0;;
292;10267;04.94.0510-1;10267;04.94.0510-1;CATEGORIA0;;1;1;0;1;;BOMBA DIREÇÃO;BOMBA DIREÇÃO;0;;
292;10267;04.94.0525-1;10267;04.94.0525-1;CATEGORIA0;;1;1;0;1;;BOMBA DIREÇÃO;BOMBA DIREÇÃO;0;;
292;10267;04.94.0540-1;10267;04.94.0540-1;CATEGORIA0;;1;1;0;1;;BOMBA DIREÇÃO;BOMBA DIREÇÃO;0;;
292;10267;04.94.0541-1;10267;04.94.0541-1;CATEGORIA0;;1;1;0;1;;BOMBA DIREÇÃO;BOMBA DIREÇÃO;0;;
292;10267;04.94.0545-1;10267;04.94.0545-1;CATEGORIA0;;1;1;0;1;;BOMBA DIREÇÃO;BOMBA DIREÇÃO;0;;
292;10267;04.94.0546-1;10267;04.94.0546-1;CATEGORIA0;;1;1;0;1;;BOMBA DIREÇÃO;BOMBA DIREÇÃO;0;;
292;10267;04.94.0550-1;10267;04.94.0550-1;CATEGORIA0;;1;1;0;1;;BOMBA DIREÇÃO;BOMBA DIREÇÃO;0;;
292;10267;04.94.0600-1;10267;04.94.0600-1;CATEGORIA0;;1;1;0;1;;BOMBA DIREÇÃO;BOMBA DIREÇÃO;0;;
292;10267;04.94.0800-1;10267;04.94.0800-1;CATEGORIA0;;1;1;0;1;;BOMBA DIREÇÃO;BOMBA DIREÇÃO;0;;
292;10267;04.95.0100;10267;04.95.0100;CATEGORIA0;;1;1;0;1;;BOMBA DIREÇÃO;BOMBA DIREÇÃO;0;;
292;10267;04.95.0105;10267;04.95.0105;CATEGORIA0;;1;1;0;1;;BOMBA DIREÇÃO;BOMBA DIREÇÃO;0;;
292;10267;04.95.0106;10267;04.95.0106;CATEGORIA0;;1;1;0;1;;BOMBA DIREÇÃO;BOMBA DIREÇÃO;0;;
292;10267;04.95.0110;10267;04.95.0110;CATEGORIA0;;1;1;0;1;;BOMBA DIREÇÃO;BOMBA DIREÇÃO;0;;
292;10267;04.95.0150;10267;04.95.0150;CATEGORIA0;;1;1;0;1;;BOMBA DIREÇÃO;BOMBA DIREÇÃO;0;;
292;10267;04.95.0200;10267;04.95.0200;CATEGORIA0;;1;1;0;1;;BOMBA DIREÇÃO;BOMBA DIREÇÃO;0;;
292;10267;04.95.0250;10267;04.95.0250;CATEGORIA0;;1;1;0;1;;BOMBA DIREÇÃO;BOMBA DIREÇÃO;0;;
292;10267;04.95.0300;10267;04.95.0300;CATEGORIA0;;1;1;0;1;;BOMBA DIREÇÃO;BOMBA DIREÇÃO;0;;
292;10267;04.96.0050;10267;04.96.0050;CATEGORIA0;;1;1;0;1;;BOMBA DIREÇÃO;BOMBA DIREÇÃO;0;;
292;10267;04.96.0055;10267;04.96.0055;CATEGORIA0;;1;1;0;1;;BOMBA DIREÇÃO;BOMBA DIREÇÃO;0;;
292;10267;04.96.0060;10267;04.96.0060;CATEGORIA0;;1;1;0;1;;BOMBA DIREÇÃO;BOMBA DIREÇÃO;0;;
292;10267;04.96.0070;10267;04.96.0070;CATEGORIA0;;1;1;0;1;;BOMBA DIREÇÃO;BOMBA DIREÇÃO;0;;
292;10267;04.97.0100-1;10267;04.97.0100-1;CATEGORIA0;;1;1;0;1;;BOMBA DIREÇÃO;BOMBA DIREÇÃO;0;;
292;10267;04.97.0300-1;10267;04.97.0300-1;CATEGORIA0;;1;1;0;1;;BOMBA DIREÇÃO;BOMBA DIREÇÃO;0;;
292;10267;04.98.0200;10267;04.98.0200;CATEGORIA0;;1;1;0;1;;BOMBA DIREÇÃO;BOMBA DIREÇÃO;0;;
292;10267;04.99.1200;10267;04.99.1200;CATEGORIA0;;1;1;0;1;;BOMBA DIREÇÃO;BOMBA DIREÇÃO;0;;
292;0486;0470504009RC;0486;0470504009RC;CATEGORIA0;;1;1;0;1;;CASCO BOMBA INJ;CASCO BOMBA INJ;0;;
292;10267;06.01.0500;10267;06.01.0500;CATEGORIA0;;1;1;0;1;;CAIXA DIREÇÃO;CAIXA DIREÇÃO;0;;
292;10267;06.05.1200;10267;06.05.1200;CATEGORIA0;;1;1;0;1;;CAIXA DIREÇÃO;CAIXA DIREÇÃO;0;;
292;10267;06.05.1202;10267;06.05.1202;CATEGORIA0;;1;1;0;1;;CAIXA DIREÇÃO;CAIXA DIREÇÃO;0;;
292;10267;06.05.1204;10267;06.05.1204;CATEGORIA0;;1;1;0;1;;CAIXA DIREÇÃO;CAIXA DIREÇÃO;0;;
292;10267;06.05.1500;10267;06.05.1500;CATEGORIA0;;1;1;0;1;;CAIXA DIREÇÃO;CAIXA DIREÇÃO;0;;
292;10267;06.09.1000;10267;06.09.1000;CATEGORIA0;;1;1;0;1;;CAIXA DIREÇÃO;CAIXA DIREÇÃO;0;;
292;10267;06.09.5000;10267;06.09.5000;CATEGORIA0;;1;1;0;1;;CAIXA DIREÇÃO;CAIXA DIREÇÃO;0;;
292;10267;06.13.3500;10267;06.13.3500;CATEGORIA0;;1;1;0;1;;CAIXA DIREÇÃO;CAIXA DIREÇÃO;0;;
292;10267;06.16.1560;10267;06.16.1560;CATEGORIA0;;1;1;0;1;;CAIXA DIREÇÃO;CAIXA DIREÇÃO;0;;
292;10267;06.16.1561;10267;06.16.1561;CATEGORIA0;;1;1;0;1;;CAIXA DIREÇÃO;CAIXA DIREÇÃO;0;;
292;10267;06.16.1565;10267;06.16.1565;CATEGORIA0;;1;1;0;1;;CAIXA DIREÇÃO;CAIXA DIREÇÃO;0;;
292;10267;06.16.1600;10267;06.16.1600;CATEGORIA0;;1;1;0;1;;CAIXA DIREÇÃO;CAIXA DIREÇÃO;0;;
292;10267;06.16.1601;10267;06.16.1601;CATEGORIA0;;1;1;0;1;;CAIXA DIREÇÃO;CAIXA DIREÇÃO;0;;
292;10267;06.16.1700;10267;06.16.1700;CATEGORIA0;;1;1;0;1;;CAIXA DIREÇÃO;CAIXA DIREÇÃO;0;;
292;10267;06.16.1701;10267;06.16.1701;CATEGORIA0;;1;1;0;1;;CAIXA DIREÇÃO;CAIXA DIREÇÃO;0;;
292;10267;06.26.1000;10267;06.26.1000;CATEGORIA0;;1;1;0;1;;CAIXA DIREÇÃO;CAIXA DIREÇÃO;0;;
292;10267;06.26.1100;10267;06.26.1100;CATEGORIA0;;1;1;0;1;;CAIXA DIREÇÃO;CAIXA DIREÇÃO;0;;
292;10267;06.26.1105;10267;06.26.1105;CATEGORIA0;;1;1;0;1;;CAIXA DIREÇÃO;CAIXA DIREÇÃO;0;;
292;10267;06.26.1300;10267;06.26.1300;CATEGORIA0;;1;1;0;1;;CAIXA DIREÇÃO;CAIXA DIREÇÃO;0;;
292;10267;06.26.1305;10267;06.26.1305;CATEGORIA0;;1;1;0;1;;CAIXA DIREÇÃO;CAIXA DIREÇÃO;0;;
292;10267;06.26.1310;10267;06.26.1310;CATEGORIA0;;1;1;0;1;;CAIXA DIREÇÃO;CAIXA DIREÇÃO;0;;
292;10267;06.26.5350;10267;06.26.5350;CATEGORIA0;;1;1;0;1;;CAIXA DIREÇÃO;CAIXA DIREÇÃO;0;;
292;10267;06.26.5355;10267;06.26.5355;CATEGORIA0;;1;1;0;1;;CAIXA DIREÇÃO;CAIXA DIREÇÃO;0;;
292;10267;06.26.5360;10267;06.26.5360;CATEGORIA0;;1;1;0;1;;CAIXA DIREÇÃO;CAIXA DIREÇÃO;0;;
292;10267;06.26.5700;10267;06.26.5700;CATEGORIA0;;1;1;0;1;;CAIXA DIREÇÃO;CAIXA DIREÇÃO;0;;
292;10267;06.26.5701;10267;06.26.5701;CATEGORIA0;;1;1;0;1;;CAIXA DIREÇÃO;CAIXA DIREÇÃO;0;;
292;10267;06.26.5705;10267;06.26.5705;CATEGORIA0;;1;1;0;1;;CAIXA DIREÇÃO;CAIXA DIREÇÃO;0;;
292;10267;06.26.5710;10267;06.26.5710;CATEGORIA0;;1;1;0;1;;CAIXA DIREÇÃO;CAIXA DIREÇÃO;0;;
292;10267;06.26.6000;10267;06.26.6000;CATEGORIA0;;1;1;0;1;;CAIXA DIREÇÃO;CAIXA DIREÇÃO;0;;
292;10267;06.28.1500;10267;06.28.1500;CATEGORIA0;;1;1;0;1;;CAIXA DIREÇÃO;CAIXA DIREÇÃO;0;;
292;10267;06.28.1600;10267;06.28.1600;CATEGORIA0;;1;1;0;1;;CAIXA DIREÇÃO;CAIXA DIREÇÃO;0;;
292;10267;06.28.2500;10267;06.28.2500;CATEGORIA0;;1;1;0;1;;CAIXA DIREÇÃO;CAIXA DIREÇÃO;0;;
292;10267;06.28.2502;10267;06.28.2502;CATEGORIA0;;1;1;0;1;;CAIXA DIREÇÃO;CAIXA DIREÇÃO;0;;
292;10267;06.28.2800;10267;06.28.2800;CATEGORIA0;;1;1;0;1;;CAIXA DIREÇÃO;CAIXA DIREÇÃO;0;;
292;10267;06.33.5265;10267;06.33.5265;CATEGORIA0;;1;1;0;1;;CAIXA DIREÇÃO;CAIXA DIREÇÃO;0;;
292;10267;06.33.5300;10267;06.33.5300;CATEGORIA0;;1;1;0;1;;CAIXA DIREÇÃO;CAIXA DIREÇÃO;0;;
292;10267;06.35.2500;10267;06.35.2500;CATEGORIA0;;1;1;0;1;;CAIXA DIREÇÃO;CAIXA DIREÇÃO;0;;
292;10267;06.35.2800;10267;06.35.2800;CATEGORIA0;;1;1;0;1;;CAIXA DIREÇÃO;CAIXA DIREÇÃO;0;;
292;10267;06.35.2810;10267;06.35.2810;CATEGORIA0;;1;1;0;1;;CAIXA DIREÇÃO;CAIXA DIREÇÃO;0;;
292;10267;06.35.3000;10267;06.35.3000;CATEGORIA0;;1;1;0;1;;CAIXA DIREÇÃO;CAIXA DIREÇÃO;0;;
292;10267;06.35.4500;10267;06.35.4500;CATEGORIA0;;1;1;0;1;;CAIXA DIREÇÃO;CAIXA DIREÇÃO;0;;
292;10267;06.44.1000;10267;06.44.1000;CATEGORIA0;;1;1;0;1;;CAIXA DIREÇÃO;CAIXA DIREÇÃO;0;;
292;10267;06.44.1500;10267;06.44.1500;CATEGORIA0;;1;1;0;1;;CAIXA DIREÇÃO;CAIXA DIREÇÃO;0;;
292;10267;06.44.1502;10267;06.44.1502;CATEGORIA0;;1;1;0;1;;CAIXA DIREÇÃO;CAIXA DIREÇÃO;0;;
292;10267;06.44.1650;10267;06.44.1650;CATEGORIA0;;1;1;0;1;;CAIXA DIREÇÃO;CAIXA DIREÇÃO;0;;
292;10267;06.44.1700;10267;06.44.1700;CATEGORIA0;;1;1;0;1;;CAIXA DIREÇÃO;CAIXA DIREÇÃO;0;;
292;10267;06.51.1200;10267;06.51.1200;CATEGORIA0;;1;1;0;1;;CAIXA DIREÇÃO;CAIXA DIREÇÃO;0;;
292;10267;06.51.3700;10267;06.51.3700;CATEGORIA0;;1;1;0;1;;CAIXA DIREÇÃO;CAIXA DIREÇÃO;0;;
292;10267;06.53.1500;10267;06.53.1500;CATEGORIA0;;1;1;0;1;;CAIXA DIREÇÃO;CAIXA DIREÇÃO;0;;
292;10267;06.56.1000;10267;06.56.1000;CATEGORIA0;;1;1;0;1;;CAIXA DIREÇÃO;CAIXA DIREÇÃO;0;;
292;10267;06.56.1010;10267;06.56.1010;CATEGORIA0;;1;1;0;1;;CAIXA DIREÇÃO;CAIXA DIREÇÃO;0;;
292;10267;06.56.1020;10267;06.56.1020;CATEGORIA0;;1;1;0;1;;CAIXA DIREÇÃO;CAIXA DIREÇÃO;0;;
292;10267;06.56.2500;10267;06.56.2500;CATEGORIA0;;1;1;0;1;;CAIXA DIREÇÃO;CAIXA DIREÇÃO;0;;
292;10267;06.56.2530;10267;06.56.2530;CATEGORIA0;;1;1;0;1;;CAIXA DIREÇÃO;CAIXA DIREÇÃO;0;;
292;10267;06.56.2550;10267;06.56.2550;CATEGORIA0;;1;1;0;1;;CAIXA DIREÇÃO;CAIXA DIREÇÃO;0;;
292;10267;06.56.2700;10267;06.56.2700;CATEGORIA0;;1;1;0;1;;CAIXA DIREÇÃO;CAIXA DIREÇÃO;0;;
292;10267;06.56.2900;10267;06.56.2900;CATEGORIA0;;1;1;0;1;;CAIXA DIREÇÃO;CAIXA DIREÇÃO;0;;
292;10267;06.56.3000;10267;06.56.3000;CATEGORIA0;;1;1;0;1;;CAIXA DIREÇÃO;CAIXA DIREÇÃO;0;;
292;10267;06.56.3100;10267;06.56.3100;CATEGORIA0;;1;1;0;1;;CAIXA DIREÇÃO;CAIXA DIREÇÃO;0;;
292;10267;06.56.3120;10267;06.56.3120;CATEGORIA0;;1;1;0;1;;CAIXA DIREÇÃO;CAIXA DIREÇÃO;0;;
292;10267;06.57.2000;10267;06.57.2000;CATEGORIA0;;1;1;0;1;;CAIXA DIREÇÃO;CAIXA DIREÇÃO;0;;
292;10267;06.58.0300;10267;06.58.0300;CATEGORIA0;;1;1;0;1;;CAIXA DIREÇÃO;CAIXA DIREÇÃO;0;;
292;10267;06.60.0500;10267;06.60.0500;CATEGORIA0;;1;1;0;1;;CAIXA DIREÇÃO;CAIXA DIREÇÃO;0;;
292;10267;06.60.0600;10267;06.60.0600;CATEGORIA0;;1;1;0;1;;CAIXA DIREÇÃO;CAIXA DIREÇÃO;0;;
292;10267;06.60.1000;10267;06.60.1000;CATEGORIA0;;1;1;0;1;;CAIXA DIREÇÃO;CAIXA DIREÇÃO;0;;
292;10267;06.60.1001;10267;06.60.1001;CATEGORIA0;;1;1;0;1;;CAIXA DIREÇÃO;CAIXA DIREÇÃO;0;;
292;10267;06.60.1200;10267;06.60.1200;CATEGORIA0;;1;1;0;1;;CAIXA DIREÇÃO;CAIXA DIREÇÃO;0;;
292;10267;06.60.1250;10267;06.60.1250;CATEGORIA0;;1;1;0;1;;CAIXA DIREÇÃO;CAIXA DIREÇÃO;0;;
292;10267;06.60.1400;10267;06.60.1400;CATEGORIA0;;1;1;0;1;;CAIXA DIREÇÃO;CAIXA DIREÇÃO;0;;
292;10267;06.60.1500;10267;06.60.1500;CATEGORIA0;;1;1;0;1;;CAIXA DIREÇÃO;CAIXA DIREÇÃO;0;;
292;10267;06.60.1900;10267;06.60.1900;CATEGORIA0;;1;1;0;1;;CAIXA DIREÇÃO;CAIXA DIREÇÃO;0;;
292;10267;06.60.9500;10267;06.60.9500;CATEGORIA0;;1;1;0;1;;CAIXA DIREÇÃO;CAIXA DIREÇÃO;0;;
292;10267;06.60.9600;10267;06.60.9600;CATEGORIA0;;1;1;0;1;;CAIXA DIREÇÃO;CAIXA DIREÇÃO;0;;
292;10267;06.62.1200;10267;06.62.1200;CATEGORIA0;;1;1;0;1;;CAIXA DIREÇÃO;CAIXA DIREÇÃO;0;;
292;10267;06.62.1270;10267;06.62.1270;CATEGORIA0;;1;1;0;1;;CAIXA DIREÇÃO;CAIXA DIREÇÃO;0;;
292;10267;06.62.1272;10267;06.62.1272;CATEGORIA0;;1;1;0;1;;CAIXA DIREÇÃO;CAIXA DIREÇÃO;0;;
292;10267;06.62.1275;10267;06.62.1275;CATEGORIA0;;1;1;0;1;;CAIXA DIREÇÃO;CAIXA DIREÇÃO;0;;
292;10267;06.62.1300;10267;06.62.1300;CATEGORIA0;;1;1;0;1;;CAIXA DIREÇÃO;CAIXA DIREÇÃO;0;;
292;10267;06.62.1305;10267;06.62.1305;CATEGORIA0;;1;1;0;1;;CAIXA DIREÇÃO;CAIXA DIREÇÃO;0;;
292;10267;06.62.1400;10267;06.62.1400;CATEGORIA0;;1;1;0;1;;CAIXA DIREÇÃO;CAIXA DIREÇÃO;0;;
292;10267;06.62.1405;10267;06.62.1405;CATEGORIA0;;1;1;0;1;;CAIXA DIREÇÃO;CAIXA DIREÇÃO;0;;
292;10267;06.62.1500;10267;06.62.1500;CATEGORIA0;;1;1;0;1;;CAIXA DIREÇÃO;CAIXA DIREÇÃO;0;;
292;10267;06.64.0100;10267;06.64.0100;CATEGORIA0;;1;1;0;1;;CAIXA DIREÇÃO;CAIXA DIREÇÃO;0;;
292;10267;06.64.1000;10267;06.64.1000;CATEGORIA0;;1;1;0;1;;CAIXA DIREÇÃO;CAIXA DIREÇÃO;0;;
292;10267;06.64.1200;10267;06.64.1200;CATEGORIA0;;1;1;0;1;;CAIXA DIREÇÃO;CAIXA DIREÇÃO;0;;
292;10267;06.64.1250;10267;06.64.1250;CATEGORIA0;;1;1;0;1;;CAIXA DIREÇÃO;CAIXA DIREÇÃO;0;;
292;10267;06.64.1500;10267;06.64.1500;CATEGORIA0;;1;1;0;1;;CAIXA DIREÇÃO;CAIXA DIREÇÃO;0;;
292;10267;06.64.1600;10267;06.64.1600;CATEGORIA0;;1;1;0;1;;CAIXA DIREÇÃO;CAIXA DIREÇÃO;0;;
292;10267;06.68.7000;10267;06.68.7000;CATEGORIA0;;1;1;0;1;;CAIXA DIREÇÃO;CAIXA DIREÇÃO;0;;
292;10267;06.70.1400;10267;06.70.1400;CATEGORIA0;;1;1;0;1;;CAIXA DIREÇÃO;CAIXA DIREÇÃO;0;;
292;10267;06.70.1405;10267;06.70.1405;CATEGORIA0;;1;1;0;1;;CAIXA DIREÇÃO;CAIXA DIREÇÃO;0;;
292;10267;06.70.1406;10267;06.70.1406;CATEGORIA0;;1;1;0;1;;CAIXA DIREÇÃO;CAIXA DIREÇÃO;0;;
292;10267;06.70.1410;10267;06.70.1410;CATEGORIA0;;1;1;0;1;;CAIXA DIREÇÃO;CAIXA DIREÇÃO;0;;
292;10267;06.70.1411;10267;06.70.1411;CATEGORIA0;;1;1;0;1;;CAIXA DIREÇÃO;CAIXA DIREÇÃO;0;;
292;10267;06.70.1500;10267;06.70.1500;CATEGORIA0;;1;1;0;1;;CAIXA DIREÇÃO;CAIXA DIREÇÃO;0;;
292;10267;06.70.1550;10267;06.70.1550;CATEGORIA0;;1;1;0;1;;CAIXA DIREÇÃO;CAIXA DIREÇÃO;0;;
292;10267;06.70.1575;10267;06.70.1575;CATEGORIA0;;1;1;0;1;;CAIXA DIREÇÃO;CAIXA DIREÇÃO;0;;
292;10267;06.70.1600;10267;06.70.1600;CATEGORIA0;;1;1;0;1;;CAIXA DIREÇÃO;CAIXA DIREÇÃO;0;;
292;10267;06.70.1650;10267;06.70.1650;CATEGORIA0;;1;1;0;1;;CAIXA DIREÇÃO;CAIXA DIREÇÃO;0;;
292;10267;06.70.2000;10267;06.70.2000;CATEGORIA0;;1;1;0;1;;CAIXA DIREÇÃO;CAIXA DIREÇÃO;0;;
292;10267;06.70.3600;10267;06.70.3600;CATEGORIA0;;1;1;0;1;;CAIXA DIREÇÃO;CAIXA DIREÇÃO;0;;
292;10267;06.70.3602;10267;06.70.3602;CATEGORIA0;;1;1;0;1;;CAIXA DIREÇÃO;CAIXA DIREÇÃO;0;;
292;10267;06.70.6000;10267;06.70.6000;CATEGORIA0;;1;1;0;1;;CAIXA DIREÇÃO;CAIXA DIREÇÃO;0;;
292;10267;06.70.6006;10267;06.70.6006;CATEGORIA0;;1;1;0;1;;CAIXA DIREÇÃO;CAIXA DIREÇÃO;0;;
292;10267;06.80.5000;10267;06.80.5000;CATEGORIA0;;1;1;0;1;;CAIXA DIREÇÃO;CAIXA DIREÇÃO;0;;
292;10267;06.81.1200;10267;06.81.1200;CATEGORIA0;;1;1;0;1;;CAIXA DIREÇÃO;CAIXA DIREÇÃO;0;;
292;10267;06.81.1400;10267;06.81.1400;CATEGORIA0;;1;1;0;1;;CAIXA DIREÇÃO;CAIXA DIREÇÃO;0;;
292;10267;06.81.1700;10267;06.81.1700;CATEGORIA0;;1;1;0;1;;CAIXA DIREÇÃO;CAIXA DIREÇÃO;0;;
292;10267;06.83.5500;10267;06.83.5500;CATEGORIA0;;1;1;0;1;;CAIXA DIREÇÃO;CAIXA DIREÇÃO;0;;
292;10267;06.87.2200;10267;06.87.2200;CATEGORIA0;;1;1;0;1;;CAIXA DIREÇÃO;CAIXA DIREÇÃO;0;;
292;10267;06.87.3000;10267;06.87.3000;CATEGORIA0;;1;1;0;1;;CAIXA DIREÇÃO;CAIXA DIREÇÃO;0;;
292;10267;06.87.3010;10267;06.87.3010;CATEGORIA0;;1;1;0;1;;CAIXA DIREÇÃO;CAIXA DIREÇÃO;0;;
292;10267;06.87.3500;10267;06.87.3500;CATEGORIA0;;1;1;0;1;;CAIXA DIREÇÃO;CAIXA DIREÇÃO;0;;
292;10267;06.93.1500;10267;06.93.1500;CATEGORIA0;;1;1;0;1;;CAIXA DIREÇÃO;CAIXA DIREÇÃO;0;;
292;10267;06.93.2000;10267;06.93.2000;CATEGORIA0;;1;1;0;1;;CAIXA DIREÇÃO;CAIXA DIREÇÃO;0;;
292;10267;06.93.2100;10267;06.93.2100;CATEGORIA0;;1;1;0;1;;CAIXA DIREÇÃO;CAIXA DIREÇÃO;0;;
292;10267;06.93.2300;10267;06.93.2300;CATEGORIA0;;1;1;0;1;;CAIXA DIREÇÃO;CAIXA DIREÇÃO;0;;
292;10267;06.93.2305;10267;06.93.2305;CATEGORIA0;;1;1;0;1;;CAIXA DIREÇÃO;CAIXA DIREÇÃO;0;;
292;10267;06.93.2400;10267;06.93.2400;CATEGORIA0;;1;1;0;1;;CAIXA DIREÇÃO;CAIXA DIREÇÃO;0;;
292;10267;06.93.2500;10267;06.93.2500;CATEGORIA0;;1;1;0;1;;CAIXA DIREÇÃO;CAIXA DIREÇÃO;0;;
292;10267;06.93.2800;10267;06.93.2800;CATEGORIA0;;1;1;0;1;;CAIXA DIREÇÃO;CAIXA DIREÇÃO;0;;
292;10267;06.93.2900;10267;06.93.2900;CATEGORIA0;;1;1;0;1;;CAIXA DIREÇÃO;CAIXA DIREÇÃO;0;;
292;10267;06.93.3000;10267;06.93.3000;CATEGORIA0;;1;1;0;1;;CAIXA DIREÇÃO;CAIXA DIREÇÃO;0;;
292;10267;06.93.3005;10267;06.93.3005;CATEGORIA0;;1;1;0;1;;CAIXA DIREÇÃO;CAIXA DIREÇÃO;0;;
292;10267;06.93.3007;10267;06.93.3007;CATEGORIA0;;1;1;0;1;;CAIXA DIREÇÃO;CAIXA DIREÇÃO;0;;
292;10267;06.93.3008;10267;06.93.3008;CATEGORIA0;;1;1;0;1;;CAIXA DIREÇÃO;CAIXA DIREÇÃO;0;;
292;10267;06.93.3010;10267;06.93.3010;CATEGORIA0;;1;1;0;1;;CAIXA DIREÇÃO;CAIXA DIREÇÃO;0;;
292;10267;06.93.3012;10267;06.93.3012;CATEGORIA0;;1;1;0;1;;CAIXA DIREÇÃO;CAIXA DIREÇÃO;0;;
292;10267;06.93.4000;10267;06.93.4000;CATEGORIA0;;1;1;0;1;;CAIXA DIREÇÃO;CAIXA DIREÇÃO;0;;
292;10267;06.96.4000;10267;06.96.4000;CATEGORIA0;;1;1;0;1;;CAIXA DIREÇÃO;CAIXA DIREÇÃO;0;;
292;10267;06.96.4700;10267;06.96.4700;CATEGORIA0;;1;1;0;1;;CAIXA DIREÇÃO;CAIXA DIREÇÃO;0;;
292;10267;06.96.4702;10267;06.96.4702;CATEGORIA0;;1;1;0;1;;CAIXA DIREÇÃO;CAIXA DIREÇÃO;0;;
292;10267;06.96.5502;10267;06.96.5502;CATEGORIA0;;1;1;0;1;;CAIXA DIREÇÃO;CAIXA DIREÇÃO;0;;
292;10267;06.96.5503;10267;06.96.5503;CATEGORIA0;;1;1;0;1;;CAIXA DIREÇÃO;CAIXA DIREÇÃO;0;;
292;10267;06.96.5600;10267;06.96.5600;CATEGORIA0;;1;1;0;1;;CAIXA DIREÇÃO;CAIXA DIREÇÃO;0;;
292;10267;06.96.5605;10267;06.96.5605;CATEGORIA0;;1;1;0;1;;CAIXA DIREÇÃO;CAIXA DIREÇÃO;0;;
292;10267;06.96.6300;10267;06.96.6300;CATEGORIA0;;1;1;0;1;;CAIXA DIREÇÃO;CAIXA DIREÇÃO;0;;
292;10267;06.96.7000;10267;06.96.7000;CATEGORIA0;;1;1;0;1;;CAIXA DIREÇÃO;CAIXA DIREÇÃO;0;;
292;10267;06.98.2500;10267;06.98.2500;CATEGORIA0;;1;1;0;1;;CAIXA DIREÇÃO;CAIXA DIREÇÃO;0;;
292;10267;08.01.6000;10267;08.01.6000;CATEGORIA0;;1;1;0;1;;COLUNA DIREÇÃO;COLUNA DIREÇÃO;0;;
292;10267;08.01.6001;10267;08.01.6001;CATEGORIA0;;1;1;0;1;;COLUNA DIREÇÃO;COLUNA DIREÇÃO;0;;
292;10267;08.16.0500;10267;08.16.0500;CATEGORIA0;;1;1;0;1;;COLUNA DIREÇÃO;COLUNA DIREÇÃO;0;;
292;10267;08.16.0530;10267;08.16.0530;CATEGORIA0;;1;1;0;1;;COLUNA DIREÇÃO;COLUNA DIREÇÃO;0;;
292;10267;08.16.0535;10267;08.16.0535;CATEGORIA0;;1;1;0;1;;COLUNA DIREÇÃO;COLUNA DIREÇÃO;0;;
292;10267;08.26.3000;10267;08.26.3000;CATEGORIA0;;1;1;0;1;;COLUNA DIREÇÃO;COLUNA DIREÇÃO;0;;
292;10267;08.26.3001;10267;08.26.3001;CATEGORIA0;;1;1;0;1;;COLUNA DIREÇÃO;COLUNA DIREÇÃO;0;;
292;10267;08.26.3500;10267;08.26.3500;CATEGORIA0;;1;1;0;1;;COLUNA DIREÇÃO;COLUNA DIREÇÃO;0;;
292;10267;08.26.3502;10267;08.26.3502;CATEGORIA0;;1;1;0;1;;COLUNA DIREÇÃO;COLUNA DIREÇÃO;0;;
292;10267;08.26.4000;10267;08.26.4000;CATEGORIA0;;1;1;0;1;;COLUNA DIREÇÃO;COLUNA DIREÇÃO;0;;
292;10267;08.26.4001;10267;08.26.4001;CATEGORIA0;;1;1;0;1;;COLUNA DIREÇÃO;COLUNA DIREÇÃO;0;;
292;10267;08.26.4500;10267;08.26.4500;CATEGORIA0;;1;1;0;1;;COLUNA DIREÇÃO;COLUNA DIREÇÃO;0;;
292;10267;08.26.4501;10267;08.26.4501;CATEGORIA0;;1;1;0;1;;COLUNA DIREÇÃO;COLUNA DIREÇÃO;0;;
292;10267;08.26.5001;10267;08.26.5001;CATEGORIA0;;1;1;0;1;;COLUNA DIREÇÃO;COLUNA DIREÇÃO;0;;
292;10267;08.26.5002;10267;08.26.5002;CATEGORIA0;;1;1;0;1;;COLUNA DIREÇÃO;COLUNA DIREÇÃO;0;;
292;10267;08.26.5003;10267;08.26.5003;CATEGORIA0;;1;1;0;1;;COLUNA DIREÇÃO;COLUNA DIREÇÃO;0;;
292;10267;08.26.5004;10267;08.26.5004;CATEGORIA0;;1;1;0;1;;COLUNA DIREÇÃO;COLUNA DIREÇÃO;0;;
292;10267;08.26.5005;10267;08.26.5005;CATEGORIA0;;1;1;0;1;;COLUNA DIREÇÃO;COLUNA DIREÇÃO;0;;
292;10267;08.26.5006;10267;08.26.5006;CATEGORIA0;;1;1;0;1;;COLUNA DIREÇÃO;COLUNA DIREÇÃO;0;;
292;10267;08.26.5007;10267;08.26.5007;CATEGORIA0;;1;1;0;1;;COLUNA DIREÇÃO;COLUNA DIREÇÃO;0;;
292;10267;08.26.5010;10267;08.26.5010;CATEGORIA0;;1;1;0;1;;COLUNA DIREÇÃO;COLUNA DIREÇÃO;0;;
292;10267;08.26.5011;10267;08.26.5011;CATEGORIA0;;1;1;0;1;;COLUNA DIREÇÃO;COLUNA DIREÇÃO;0;;
292;10267;08.26.5015;10267;08.26.5015;CATEGORIA0;;1;1;0;1;;COLUNA DIREÇÃO;COLUNA DIREÇÃO;0;;
292;10267;08.26.5350;10267;08.26.5350;CATEGORIA0;;1;1;0;1;;COLUNA DIREÇÃO;COLUNA DIREÇÃO;0;;
292;10267;08.26.5351;10267;08.26.5351;CATEGORIA0;;1;1;0;1;;COLUNA DIREÇÃO;COLUNA DIREÇÃO;0;;
292;10267;08.26.5352;10267;08.26.5352;CATEGORIA0;;1;1;0;1;;COLUNA DIREÇÃO;COLUNA DIREÇÃO;0;;
292;10267;08.26.5353;10267;08.26.5353;CATEGORIA0;;1;1;0;1;;COLUNA DIREÇÃO;COLUNA DIREÇÃO;0;;
292;10267;08.26.5354;10267;08.26.5354;CATEGORIA0;;1;1;0;1;;COLUNA DIREÇÃO;COLUNA DIREÇÃO;0;;
292;10267;08.26.5355;10267;08.26.5355;CATEGORIA0;;1;1;0;1;;COLUNA DIREÇÃO;COLUNA DIREÇÃO;0;;
292;10267;08.26.5700;10267;08.26.5700;CATEGORIA0;;1;1;0;1;;COLUNA DIREÇÃO;COLUNA DIREÇÃO;0;;
292;10267;08.26.5701;10267;08.26.5701;CATEGORIA0;;1;1;0;1;;COLUNA DIREÇÃO;COLUNA DIREÇÃO;0;;
292;10267;08.26.5702;10267;08.26.5702;CATEGORIA0;;1;1;0;1;;COLUNA DIREÇÃO;COLUNA DIREÇÃO;0;;
292;10267;08.26.5703;10267;08.26.5703;CATEGORIA0;;1;1;0;1;;COLUNA DIREÇÃO;COLUNA DIREÇÃO;0;;
292;10267;08.26.5704;10267;08.26.5704;CATEGORIA0;;1;1;0;1;;COLUNA DIREÇÃO;COLUNA DIREÇÃO;0;;
292;10267;08.26.5705;10267;08.26.5705;CATEGORIA0;;1;1;0;1;;COLUNA DIREÇÃO;COLUNA DIREÇÃO;0;;
292;10267;08.26.5706;10267;08.26.5706;CATEGORIA0;;1;1;0;1;;COLUNA DIREÇÃO;COLUNA DIREÇÃO;0;;
292;10267;08.26.5707;10267;08.26.5707;CATEGORIA0;;1;1;0;1;;COLUNA DIREÇÃO;COLUNA DIREÇÃO;0;;
292;10267;08.28.1400;10267;08.28.1400;CATEGORIA0;;1;1;0;1;;COLUNA DIREÇÃO;COLUNA DIREÇÃO;0;;
292;10267;08.35.1000;10267;08.35.1000;CATEGORIA0;;1;1;0;1;;COLUNA DIREÇÃO;COLUNA DIREÇÃO;0;;
292;10267;08.35.1001;10267;08.35.1001;CATEGORIA0;;1;1;0;1;;COLUNA DIREÇÃO;COLUNA DIREÇÃO;0;;
292;10267;08.35.1010;10267;08.35.1010;CATEGORIA0;;1;1;0;1;;COLUNA DIREÇÃO;COLUNA DIREÇÃO;0;;
292;10267;08.35.1200;10267;08.35.1200;CATEGORIA0;;1;1;0;1;;COLUNA DIREÇÃO;COLUNA DIREÇÃO;0;;
292;10267;08.35.1400;10267;08.35.1400;CATEGORIA0;;1;1;0;1;;COLUNA DIREÇÃO;COLUNA DIREÇÃO;0;;
292;10267;08.35.1410;10267;08.35.1410;CATEGORIA0;;1;1;0;1;;COLUNA DIREÇÃO;COLUNA DIREÇÃO;0;;
292;10267;08.35.1500;10267;08.35.1500;CATEGORIA0;;1;1;0;1;;COLUNA DIREÇÃO;COLUNA DIREÇÃO;0;;
292;10267;08.35.1501;10267;08.35.1501;CATEGORIA0;;1;1;0;1;;COLUNA DIREÇÃO;COLUNA DIREÇÃO;0;;
292;10267;08.35.1530;10267;08.35.1530;CATEGORIA0;;1;1;0;1;;COLUNA DIREÇÃO;COLUNA DIREÇÃO;0;;
292;10267;08.35.1600;10267;08.35.1600;CATEGORIA0;;1;1;0;1;;COLUNA DIREÇÃO;COLUNA DIREÇÃO;0;;
292;10267;08.35.1700;10267;08.35.1700;CATEGORIA0;;1;1;0;1;;COLUNA DIREÇÃO;COLUNA DIREÇÃO;0;;
292;10267;08.35.2000;10267;08.35.2000;CATEGORIA0;;1;1;0;1;;COLUNA DIREÇÃO;COLUNA DIREÇÃO;0;;
292;10267;08.44.1000;10267;08.44.1000;CATEGORIA0;;1;1;0;1;;COLUNA DIREÇÃO;COLUNA DIREÇÃO;0;;
292;10267;08.44.1020;10267;08.44.1020;CATEGORIA0;;1;1;0;1;;COLUNA DIREÇÃO;COLUNA DIREÇÃO;0;;
292;10267;08.44.1050;10267;08.44.1050;CATEGORIA0;;1;1;0;1;;COLUNA DIREÇÃO;COLUNA DIREÇÃO;0;;
292;10267;08.44.2000;10267;08.44.2000;CATEGORIA0;;1;1;0;1;;COLUNA DIREÇÃO;COLUNA DIREÇÃO;0;;
292;10267;08.44.3000;10267;08.44.3000;CATEGORIA0;;1;1;0;1;;COLUNA DIREÇÃO;COLUNA DIREÇÃO;0;;
292;10267;08.44.5000;10267;08.44.5000;CATEGORIA0;;1;1;0;1;;COLUNA DIREÇÃO;COLUNA DIREÇÃO;0;;
292;10267;08.44.7000;10267;08.44.7000;CATEGORIA0;;1;1;0;1;;COLUNA DIREÇÃO;COLUNA DIREÇÃO;0;;
292;10267;08.44.8000;10267;08.44.8000;CATEGORIA0;;1;1;0;1;;COLUNA DIREÇÃO;COLUNA DIREÇÃO;0;;
292;10267;08.48.1500;10267;08.48.1500;CATEGORIA0;;1;1;0;1;;COLUNA DIREÇÃO;COLUNA DIREÇÃO;0;;
292;10267;08.48.2000;10267;08.48.2000;CATEGORIA0;;1;1;0;1;;COLUNA DIREÇÃO;COLUNA DIREÇÃO;0;;
292;10267;08.48.3000;10267;08.48.3000;CATEGORIA0;;1;1;0;1;;COLUNA DIREÇÃO;COLUNA DIREÇÃO;0;;
292;10267;08.48.3001;10267;08.48.3001;CATEGORIA0;;1;1;0;1;;COLUNA DIREÇÃO;COLUNA DIREÇÃO;0;;
292;10267;08.48.3002;10267;08.48.3002;CATEGORIA0;;1;1;0;1;;COLUNA DIREÇÃO;COLUNA DIREÇÃO;0;;
292;10267;08.48.3003;10267;08.48.3003;CATEGORIA0;;1;1;0;1;;COLUNA DIREÇÃO;COLUNA DIREÇÃO;0;;
292;10267;08.60.1000;10267;08.60.1000;CATEGORIA0;;1;1;0;1;;COLUNA DIREÇÃO;COLUNA DIREÇÃO;0;;
292;10267;08.60.1200;10267;08.60.1200;CATEGORIA0;;1;1;0;1;;COLUNA DIREÇÃO;COLUNA DIREÇÃO;0;;
292;10267;08.60.1600;10267;08.60.1600;CATEGORIA0;;1;1;0;1;;COLUNA DIREÇÃO;COLUNA DIREÇÃO;0;;
292;10267;08.60.1900;10267;08.60.1900;CATEGORIA0;;1;1;0;1;;COLUNA DIREÇÃO;COLUNA DIREÇÃO;0;;
292;10267;08.62.1100;10267;08.62.1100;CATEGORIA0;;1;1;0;1;;COLUNA DIREÇÃO;COLUNA DIREÇÃO;0;;
292;10267;08.62.1150;10267;08.62.1150;CATEGORIA0;;1;1;0;1;;COLUNA DIREÇÃO;COLUNA DIREÇÃO;0;;
292;10267;08.62.1200;10267;08.62.1200;CATEGORIA0;;1;1;0;1;;COLUNA DIREÇÃO;COLUNA DIREÇÃO;0;;
292;10267;08.62.1270;10267;08.62.1270;CATEGORIA0;;1;1;0;1;;COLUNA DIREÇÃO;COLUNA DIREÇÃO;0;;
292;10267;08.62.1275;10267;08.62.1275;CATEGORIA0;;1;1;0;1;;COLUNA DIREÇÃO;COLUNA DIREÇÃO;0;;
292;10267;08.62.1276;10267;08.62.1276;CATEGORIA0;;1;1;0;1;;COLUNA DIREÇÃO;COLUNA DIREÇÃO;0;;
292;10267;08.62.1300;10267;08.62.1300;CATEGORIA0;;1;1;0;1;;COLUNA DIREÇÃO;COLUNA DIREÇÃO;0;;
292;10267;08.62.1301;10267;08.62.1301;CATEGORIA0;;1;1;0;1;;COLUNA DIREÇÃO;COLUNA DIREÇÃO;0;;
292;10267;08.62.1305;10267;08.62.1305;CATEGORIA0;;1;1;0;1;;COLUNA DIREÇÃO;COLUNA DIREÇÃO;0;;
292;10267;08.62.1306;10267;08.62.1306;CATEGORIA0;;1;1;0;1;;COLUNA DIREÇÃO;COLUNA DIREÇÃO;0;;
292;10267;08.70.0400;10267;08.70.0400;CATEGORIA0;;1;1;0;1;;COLUNA DIREÇÃO;COLUNA DIREÇÃO;0;;
292;10267;08.70.0500;10267;08.70.0500;CATEGORIA0;;1;1;0;1;;COLUNA DIREÇÃO;COLUNA DIREÇÃO;0;;
292;10267;08.70.0501;10267;08.70.0501;CATEGORIA0;;1;1;0;1;;COLUNA DIREÇÃO;COLUNA DIREÇÃO;0;;
292;10267;08.70.0503;10267;08.70.0503;CATEGORIA0;;1;1;0;1;;COLUNA DIREÇÃO;COLUNA DIREÇÃO;0;;
292;10267;08.70.0504;10267;08.70.0504;CATEGORIA0;;1;1;0;1;;COLUNA DIREÇÃO;COLUNA DIREÇÃO;0;;
292;10267;08.70.0505;10267;08.70.0505;CATEGORIA0;;1;1;0;1;;COLUNA DIREÇÃO;COLUNA DIREÇÃO;0;;
292;10267;08.70.0506;10267;08.70.0506;CATEGORIA0;;1;1;0;1;;COLUNA DIREÇÃO;COLUNA DIREÇÃO;0;;
292;10267;08.70.0600;10267;08.70.0600;CATEGORIA0;;1;1;0;1;;COLUNA DIREÇÃO;COLUNA DIREÇÃO;0;;
292;10267;08.70.0900;10267;08.70.0900;CATEGORIA0;;1;1;0;1;;COLUNA DIREÇÃO;COLUNA DIREÇÃO;0;;
292;10267;08.70.0902;10267;08.70.0902;CATEGORIA0;;1;1;0;1;;COLUNA DIREÇÃO;COLUNA DIREÇÃO;0;;
292;10267;08.70.1000;10267;08.70.1000;CATEGORIA0;;1;1;0;1;;COLUNA DIREÇÃO;COLUNA DIREÇÃO;0;;
292;10267;08.70.1200;10267;08.70.1200;CATEGORIA0;;1;1;0;1;;COLUNA DIREÇÃO;COLUNA DIREÇÃO;0;;
292;10267;08.70.1405;10267;08.70.1405;CATEGORIA0;;1;1;0;1;;COLUNA DIREÇÃO;COLUNA DIREÇÃO;0;;
292;10267;08.70.1500;10267;08.70.1500;CATEGORIA0;;1;1;0;1;;COLUNA DIREÇÃO;COLUNA DIREÇÃO;0;;
292;10267;08.70.1501;10267;08.70.1501;CATEGORIA0;;1;1;0;1;;COLUNA DIREÇÃO;COLUNA DIREÇÃO;0;;
292;10267;08.70.2000;10267;08.70.2000;CATEGORIA0;;1;1;0;1;;COLUNA DIREÇÃO;COLUNA DIREÇÃO;0;;
292;10267;08.70.2500;10267;08.70.2500;CATEGORIA0;;1;1;0;1;;COLUNA DIREÇÃO;COLUNA DIREÇÃO;0;;
292;10267;08.70.2800;10267;08.70.2800;CATEGORIA0;;1;1;0;1;;COLUNA DIREÇÃO;COLUNA DIREÇÃO;0;;
292;10267;08.87.2000;10267;08.87.2000;CATEGORIA0;;1;1;0;1;;COLUNA DIREÇÃO;COLUNA DIREÇÃO;0;;
292;10267;08.93.0600;10267;08.93.0600;CATEGORIA0;;1;1;0;1;;COLUNA DIREÇÃO;COLUNA DIREÇÃO;0;;
292;10267;08.93.1100;10267;08.93.1100;CATEGORIA0;;1;1;0;1;;COLUNA DIREÇÃO;COLUNA DIREÇÃO;0;;
292;10267;08.93.3000;10267;08.93.3000;CATEGORIA0;;1;1;0;1;;COLUNA DIREÇÃO;COLUNA DIREÇÃO;0;;
292;10267;08.93.3005;10267;08.93.3005;CATEGORIA0;;1;1;0;1;;COLUNA DIREÇÃO;COLUNA DIREÇÃO;0;;
292;10267;08.93.7000;10267;08.93.7000;CATEGORIA0;;1;1;0;1;;COLUNA DIREÇÃO;COLUNA DIREÇÃO;0;;
292;10267;08.96.5000;10267;08.96.5000;CATEGORIA0;;1;1;0;1;;COLUNA DIREÇÃO;COLUNA DIREÇÃO;0;;
292;10267;08.96.6000;10267;08.96.6000;CATEGORIA0;;1;1;0;1;;COLUNA DIREÇÃO;COLUNA DIREÇÃO;0;;
292;0486;0986435174C;0486;0986435174C;CATEGORIA0;;1;1;0;1;;CASCO INJECTOR;CASCO INJECTOR;0;;
292;0486;11.01.1320;0486;11.01.1320;CATEGORIA0;;1;1;0;1;;CASCO CAIXA DIREÇÃO;CASCO CAIXA DIREÇÃO;0;;
292;0486;11.01.1345;0486;11.01.1345;CATEGORIA0;;1;1;0;1;;CASCO CAIXA DIREÇÃO;CASCO CAIXA DIREÇÃO;0;;
292;0486;11.01.1350;0486;11.01.1350;CATEGORIA0;;1;1;0;1;;CASCO CAIXA DIREÇÃO;CASCO CAIXA DIREÇÃO;0;;
292;0486;11.01.1390;0486;11.01.1390;CATEGORIA0;;1;1;0;1;;CASCO CAIXA DIREÇÃO;CASCO CAIXA DIREÇÃO;0;;
292;0486;11.01.1410;0486;11.01.1410;CATEGORIA0;;1;1;0;1;;CASCO CAIXA DIREÇÃO;CASCO CAIXA DIREÇÃO;0;;
292;0486;11.01.1450;0486;11.01.1450;CATEGORIA0;;1;1;0;1;;CASCO CAIXA DIREÇÃO;CASCO CAIXA DIREÇÃO;0;;
292;0486;11.01.1500;0486;11.01.1500;CATEGORIA0;;1;1;0;1;;CASCO CAIXA DIREÇÃO;CASCO CAIXA DIREÇÃO;0;;
292;0486;11.01.1505;0486;11.01.1505;CATEGORIA0;;1;1;0;1;;CASCO CAIXA DIREÇÃO;CASCO CAIXA DIREÇÃO;0;;
292;0486;11.01.1520;0486;11.01.1520;CATEGORIA0;;1;1;0;1;;CASCO CAIXA DIREÇÃO;CASCO CAIXA DIREÇÃO;0;;
292;0486;11.01.1550;0486;11.01.1550;CATEGORIA0;;1;1;0;1;;CASCO CAIXA DIREÇÃO;CASCO CAIXA DIREÇÃO;0;;
292;0486;11.01.1600;0486;11.01.1600;CATEGORIA0;;1;1;0;1;;CASCO CAIXA DIREÇÃO;CASCO CAIXA DIREÇÃO;0;;
292;0486;11.01.1710;0486;11.01.1710;CATEGORIA0;;1;1;0;1;;CASCO CAIXA DIREÇÃO;CASCO CAIXA DIREÇÃO;0;;
292;0486;11.01.1800;0486;11.01.1800;CATEGORIA0;;1;1;0;1;;CASCO CAIXA DIREÇÃO;CASCO CAIXA DIREÇÃO;0;;
292;0486;11.02.1000;0486;11.02.1000;CATEGORIA0;;1;1;0;1;;CASCO CAIXA DIREÇÃO;CASCO CAIXA DIREÇÃO;0;;
292;0486;11.03.1010;0486;11.03.1010;CATEGORIA0;;1;1;0;1;;CASCO CAIXA DIREÇÃO;CASCO CAIXA DIREÇÃO;0;;
292;0486;11.03.1200;0486;11.03.1200;CATEGORIA0;;1;1;0;1;;CASCO CAIXA DIREÇÃO;CASCO CAIXA DIREÇÃO;0;;
292;0486;11.05.2000;0486;11.05.2000;CATEGORIA0;;1;1;0;1;;CASCO CAIXA DIREÇÃO;CASCO CAIXA DIREÇÃO;0;;
292;0486;11.05.2002;0486;11.05.2002;CATEGORIA0;;1;1;0;1;;CASCO CAIXA DIREÇÃO;CASCO CAIXA DIREÇÃO;0;;
292;0486;11.05.2003;0486;11.05.2003;CATEGORIA0;;1;1;0;1;;CASCO CAIXA DIREÇÃO;CASCO CAIXA DIREÇÃO;0;;
292;0486;11.05.2005;0486;11.05.2005;CATEGORIA0;;1;1;0;1;;CASCO CAIXA DIREÇÃO;CASCO CAIXA DIREÇÃO;0;;
292;0486;11.05.2006;0486;11.05.2006;CATEGORIA0;;1;1;0;1;;CASCO CAIXA DIREÇÃO;CASCO CAIXA DIREÇÃO;0;;
292;0486;11.05.2010;0486;11.05.2010;CATEGORIA0;;1;1;0;1;;CASCO CAIXA DIREÇÃO;CASCO CAIXA DIREÇÃO;0;;
292;0486;11.05.2011;0486;11.05.2011;CATEGORIA0;;1;1;0;1;;CASCO CAIXA DIREÇÃO;CASCO CAIXA DIREÇÃO;0;;
292;0486;11.05.3000;0486;11.05.3000;CATEGORIA0;;1;1;0;1;;CASCO CAIXA DIREÇÃO;CASCO CAIXA DIREÇÃO;0;;
292;0486;11.05.3001;0486;11.05.3001;CATEGORIA0;;1;1;0;1;;CASCO CAIXA DIREÇÃO;CASCO CAIXA DIREÇÃO;0;;
292;0486;11.05.3004;0486;11.05.3004;CATEGORIA0;;1;1;0;1;;CASCO CAIXA DIREÇÃO;CASCO CAIXA DIREÇÃO;0;;
292;0486;11.05.3005;0486;11.05.3005;CATEGORIA0;;1;1;0;1;;CASCO CAIXA DIREÇÃO;CASCO CAIXA DIREÇÃO;0;;
292;0486;11.05.3010;0486;11.05.3010;CATEGORIA0;;1;1;0;1;;CASCO CAIXA DIREÇÃO;CASCO CAIXA DIREÇÃO;0;;
292;0486;11.05.3040;0486;11.05.3040;CATEGORIA0;;1;1;0;1;;CASCO CAIXA DIREÇÃO;CASCO CAIXA DIREÇÃO;0;;
292;0486;11.05.3050;0486;11.05.3050;CATEGORIA0;;1;1;0;1;;CASCO CAIXA DIREÇÃO;CASCO CAIXA DIREÇÃO;0;;
292;0486;11.05.3052;0486;11.05.3052;CATEGORIA0;;1;1;0;1;;CASCO CAIXA DIREÇÃO;CASCO CAIXA DIREÇÃO;0;;
292;0486;11.05.3053;0486;11.05.3053;CATEGORIA0;;1;1;0;1;;CASCO CAIXA DIREÇÃO;CASCO CAIXA DIREÇÃO;0;;
292;0486;11.05.3054;0486;11.05.3054;CATEGORIA0;;1;1;0;1;;CASCO CAIXA DIREÇÃO;CASCO CAIXA DIREÇÃO;0;;
292;0486;11.05.3055;0486;11.05.3055;CATEGORIA0;;1;1;0;1;;CASCO CAIXA DIREÇÃO;CASCO CAIXA DIREÇÃO;0;;
292;0486;11.05.3060;0486;11.05.3060;CATEGORIA0;;1;1;0;1;;CASCO CAIXA DIREÇÃO;CASCO CAIXA DIREÇÃO;0;;
292;0486;11.05.3062;0486;11.05.3062;CATEGORIA0;;1;1;0;1;;CASCO CAIXA DIREÇÃO;CASCO CAIXA DIREÇÃO;0;;
292;0486;11.05.3063;0486;11.05.3063;CATEGORIA0;;1;1;0;1;;CASCO CAIXA DIREÇÃO;CASCO CAIXA DIREÇÃO;0;;
292;0486;11.05.3065;0486;11.05.3065;CATEGORIA0;;1;1;0;1;;CASCO CAIXA DIREÇÃO;CASCO CAIXA DIREÇÃO;0;;
292;0486;11.05.3070;0486;11.05.3070;CATEGORIA0;;1;1;0;1;;CASCO CAIXA DIREÇÃO;CASCO CAIXA DIREÇÃO;0;;
292;0486;11.05.3071;0486;11.05.3071;CATEGORIA0;;1;1;0;1;;CASCO CAIXA DIREÇÃO;CASCO CAIXA DIREÇÃO;0;;
292;0486;11.05.3072;0486;11.05.3072;CATEGORIA0;;1;1;0;1;;CASCO CAIXA DIREÇÃO;CASCO CAIXA DIREÇÃO;0;;
292;0486;11.05.3074;0486;11.05.3074;CATEGORIA0;;1;1;0;1;;CASCO CAIXA DIREÇÃO;CASCO CAIXA DIREÇÃO;0;;
292;0486;11.05.3075;0486;11.05.3075;CATEGORIA0;;1;1;0;1;;CASCO CAIXA DIREÇÃO;CASCO CAIXA DIREÇÃO;0;;
292;0486;11.05.3076;0486;11.05.3076;CATEGORIA0;;1;1;0;1;;CASCO CAIXA DIREÇÃO;CASCO CAIXA DIREÇÃO;0;;
292;0486;11.05.3080;0486;11.05.3080;CATEGORIA0;;1;1;0;1;;CASCO CAIXA DIREÇÃO;CASCO CAIXA DIREÇÃO;0;;
292;0486;11.05.3081;0486;11.05.3081;CATEGORIA0;;1;1;0;1;;CASCO CAIXA DIREÇÃO;CASCO CAIXA DIREÇÃO;0;;
292;0486;11.05.3083;0486;11.05.3083;CATEGORIA0;;1;1;0;1;;CASCO CAIXA DIREÇÃO;CASCO CAIXA DIREÇÃO;0;;
292;0486;11.05.3085;0486;11.05.3085;CATEGORIA0;;1;1;0;1;;CASCO CAIXA DIREÇÃO;CASCO CAIXA DIREÇÃO;0;;
292;0486;11.05.3090;0486;11.05.3090;CATEGORIA0;;1;1;0;1;;CASCO CAIXA DIREÇÃO;CASCO CAIXA DIREÇÃO;0;;
292;0486;11.05.3092;0486;11.05.3092;CATEGORIA0;;1;1;0;1;;CASCO CAIXA DIREÇÃO;CASCO CAIXA DIREÇÃO;0;;
292;0486;11.05.3095;0486;11.05.3095;CATEGORIA0;;1;1;0;1;;CASCO CAIXA DIREÇÃO;CASCO CAIXA DIREÇÃO;0;;
292;0486;11.05.3100;0486;11.05.3100;CATEGORIA0;;1;1;0;1;;CASCO CAIXA DIREÇÃO;CASCO CAIXA DIREÇÃO;0;;
292;0486;11.05.3110;0486;11.05.3110;CATEGORIA0;;1;1;0;1;;CASCO CAIXA DIREÇÃO;CASCO CAIXA DIREÇÃO;0;;
292;0486;11.05.3115;0486;11.05.3115;CATEGORIA0;;1;1;0;1;;CASCO CAIXA DIREÇÃO;CASCO CAIXA DIREÇÃO;0;;
292;0486;11.05.3150;0486;11.05.3150;CATEGORIA0;;1;1;0;1;;CASCO CAIXA DIREÇÃO;CASCO CAIXA DIREÇÃO;0;;
292;0486;11.05.3155;0486;11.05.3155;CATEGORIA0;;1;1;0;1;;CASCO CAIXA DIREÇÃO;CASCO CAIXA DIREÇÃO;0;;
292;0486;11.05.3160;0486;11.05.3160;CATEGORIA0;;1;1;0;1;;CASCO CAIXA DIREÇÃO;CASCO CAIXA DIREÇÃO;0;;
292;0486;11.05.3170;0486;11.05.3170;CATEGORIA0;;1;1;0;1;;CASCO CAIXA DIREÇÃO;CASCO CAIXA DIREÇÃO;0;;
292;0486;11.05.3200;0486;11.05.3200;CATEGORIA0;;1;1;0;1;;CASCO CAIXA DIREÇÃO;CASCO CAIXA DIREÇÃO;0;;
292;0486;11.05.3250;0486;11.05.3250;CATEGORIA0;;1;1;0;1;;CASCO CAIXA DIREÇÃO;CASCO CAIXA DIREÇÃO;0;;
292;0486;11.05.3252;0486;11.05.3252;CATEGORIA0;;1;1;0;1;;CASCO CAIXA DIREÇÃO;CASCO CAIXA DIREÇÃO;0;;
292;0486;11.05.3300;0486;11.05.3300;CATEGORIA0;;1;1;0;1;;CASCO CAIXA DIREÇÃO;CASCO CAIXA DIREÇÃO;0;;
292;0486;11.05.3305;0486;11.05.3305;CATEGORIA0;;1;1;0;1;;CASCO CAIXA DIREÇÃO;CASCO CAIXA DIREÇÃO;0;;
292;0486;11.05.3400;0486;11.05.3400;CATEGORIA0;;1;1;0;1;;CASCO CAIXA DIREÇÃO;CASCO CAIXA DIREÇÃO;0;;
292;0486;11.05.3405;0486;11.05.3405;CATEGORIA0;;1;1;0;1;;CASCO CAIXA DIREÇÃO;CASCO CAIXA DIREÇÃO;0;;
292;0486;11.07.1000;0486;11.07.1000;CATEGORIA0;;1;1;0;1;;CASCO CAIXA DIREÇÃO;CASCO CAIXA DIREÇÃO;0;;
292;0486;11.09.2100;0486;11.09.2100;CATEGORIA0;;1;1;0;1;;CASCO CAIXA DIREÇÃO;CASCO CAIXA DIREÇÃO;0;;
292;0486;11.09.2120;0486;11.09.2120;CATEGORIA0;;1;1;0;1;;CASCO CAIXA DIREÇÃO;CASCO CAIXA DIREÇÃO;0;;
292;0486;11.09.2140;0486;11.09.2140;CATEGORIA0;;1;1;0;1;;CASCO CAIXA DIREÇÃO;CASCO CAIXA DIREÇÃO;0;;
292;0486;11.09.2160;0486;11.09.2160;CATEGORIA0;;1;1;0;1;;CASCO CAIXA DIREÇÃO;CASCO CAIXA DIREÇÃO;0;;
292;0486;11.09.2162;0486;11.09.2162;CATEGORIA0;;1;1;0;1;;CASCO CAIXA DIREÇÃO;CASCO CAIXA DIREÇÃO;0;;
292;0486;11.09.2180;0486;11.09.2180;CATEGORIA0;;1;1;0;1;;CASCO CAIXA DIREÇÃO;CASCO CAIXA DIREÇÃO;0;;
292;0486;11.09.2200;0486;11.09.2200;CATEGORIA0;;1;1;0;1;;CASCO CAIXA DIREÇÃO;CASCO CAIXA DIREÇÃO;0;;
292;0486;11.09.2220;0486;11.09.2220;CATEGORIA0;;1;1;0;1;;CASCO CAIXA DIREÇÃO;CASCO CAIXA DIREÇÃO;0;;
292;0486;11.09.2225;0486;11.09.2225;CATEGORIA0;;1;1;0;1;;CASCO CAIXA DIREÇÃO;CASCO CAIXA DIREÇÃO;0;;
292;0486;11.09.2230;0486;11.09.2230;CATEGORIA0;;1;1;0;1;;CASCO CAIXA DIREÇÃO;CASCO CAIXA DIREÇÃO;0;;
292;0486;11.09.2240;0486;11.09.2240;CATEGORIA0;;1;1;0;1;;CASCO CAIXA DIREÇÃO;CASCO CAIXA DIREÇÃO;0;;
292;0486;11.09.2245;0486;11.09.2245;CATEGORIA0;;1;1;0;1;;CASCO CAIXA DIREÇÃO;CASCO CAIXA DIREÇÃO;0;;
292;0486;11.09.2255;0486;11.09.2255;CATEGORIA0;;1;1;0;1;;CASCO CAIXA DIREÇÃO;CASCO CAIXA DIREÇÃO;0;;
292;0486;11.09.2256;0486;11.09.2256;CATEGORIA0;;1;1;0;1;;CASCO CAIXA DIREÇÃO;CASCO CAIXA DIREÇÃO;0;;
292;0486;11.09.2260;0486;11.09.2260;CATEGORIA0;;1;1;0;1;;CASCO CAIXA DIREÇÃO;CASCO CAIXA DIREÇÃO;0;;
292;0486;11.09.2261;0486;11.09.2261;CATEGORIA0;;1;1;0;1;;CASCO CAIXA DIREÇÃO;CASCO CAIXA DIREÇÃO;0;;
292;0486;11.09.2265;0486;11.09.2265;CATEGORIA0;;1;1;0;1;;CASCO CAIXA DIREÇÃO;CASCO CAIXA DIREÇÃO;0;;
292;0486;11.09.2267;0486;11.09.2267;CATEGORIA0;;1;1;0;1;;CASCO CAIXA DIREÇÃO;CASCO CAIXA DIREÇÃO;0;;
292;0486;11.09.2270;0486;11.09.2270;CATEGORIA0;;1;1;0;1;;CASCO CAIXA DIREÇÃO;CASCO CAIXA DIREÇÃO;0;;
292;0486;11.09.2280;0486;11.09.2280;CATEGORIA0;;1;1;0;1;;CASCO CAIXA DIREÇÃO;CASCO CAIXA DIREÇÃO;0;;
292;0486;11.09.2281;0486;11.09.2281;CATEGORIA0;;1;1;0;1;;CASCO CAIXA DIREÇÃO;CASCO CAIXA DIREÇÃO;0;;
292;0486;11.09.2300;0486;11.09.2300;CATEGORIA0;;1;1;0;1;;CASCO CAIXA DIREÇÃO;CASCO CAIXA DIREÇÃO;0;;
292;0486;11.09.2305;0486;11.09.2305;CATEGORIA0;;1;1;0;1;;CASCO CAIXA DIREÇÃO;CASCO CAIXA DIREÇÃO;0;;
292;0486;11.09.2400;0486;11.09.2400;CATEGORIA0;;1;1;0;1;;CASCO CAIXA DIREÇÃO;CASCO CAIXA DIREÇÃO;0;;
292;0486;11.09.2500;0486;11.09.2500;CATEGORIA0;;1;1;0;1;;CASCO CAIXA DIREÇÃO;CASCO CAIXA DIREÇÃO;0;;
292;0486;11.09.2600;0486;11.09.2600;CATEGORIA0;;1;1;0;1;;CASCO CAIXA DIREÇÃO;CASCO CAIXA DIREÇÃO;0;;
292;0486;11.09.2650;0486;11.09.2650;CATEGORIA0;;1;1;0;1;;CASCO CAIXA DIREÇÃO;CASCO CAIXA DIREÇÃO;0;;
292;0486;11.09.2800;0486;11.09.2800;CATEGORIA0;;1;1;0;1;;CASCO CAIXA DIREÇÃO;CASCO CAIXA DIREÇÃO;0;;
292;0486;11.09.2870;0486;11.09.2870;CATEGORIA0;;1;1;0;1;;CASCO CAIXA DIREÇÃO;CASCO CAIXA DIREÇÃO;0;;
292;0486;11.11.1000;0486;11.11.1000;CATEGORIA0;;1;1;0;1;;CASCO CAIXA DIREÇÃO;CASCO CAIXA DIREÇÃO;0;;
292;0486;11.11.2000;0486;11.11.2000;CATEGORIA0;;1;1;0;1;;CASCO CAIXA DIREÇÃO;CASCO CAIXA DIREÇÃO;0;;
292;0486;11.11.3000;0486;11.11.3000;CATEGORIA0;;1;1;0;1;;CASCO CAIXA DIREÇÃO;CASCO CAIXA DIREÇÃO;0;;
292;0486;11.11.4000;0486;11.11.4000;CATEGORIA0;;1;1;0;1;;CASCO CAIXA DIREÇÃO;CASCO CAIXA DIREÇÃO;0;;
292;0486;11.13.1000;0486;11.13.1000;CATEGORIA0;;1;1;0;1;;CASCO CAIXA DIREÇÃO;CASCO CAIXA DIREÇÃO;0;;
292;0486;11.13.1500;0486;11.13.1500;CATEGORIA0;;1;1;0;1;;CASCO CAIXA DIREÇÃO;CASCO CAIXA DIREÇÃO;0;;
292;0486;11.13.1600;0486;11.13.1600;CATEGORIA0;;1;1;0;1;;CASCO CAIXA DIREÇÃO;CASCO CAIXA DIREÇÃO;0;;
292;0486;11.13.1700;0486;11.13.1700;CATEGORIA0;;1;1;0;1;;CASCO CAIXA DIREÇÃO;CASCO CAIXA DIREÇÃO;0;;
292;0486;11.13.1800;0486;11.13.1800;CATEGORIA0;;1;1;0;1;;CASCO CAIXA DIREÇÃO;CASCO CAIXA DIREÇÃO;0;;
292;0486;11.13.2000;0486;11.13.2000;CATEGORIA0;;1;1;0;1;;CASCO CAIXA DIREÇÃO;CASCO CAIXA DIREÇÃO;0;;
292;0486;11.13.2500;0486;11.13.2500;CATEGORIA0;;1;1;0;1;;CASCO CAIXA DIREÇÃO;CASCO CAIXA DIREÇÃO;0;;
292;0486;11.13.2600;0486;11.13.2600;CATEGORIA0;;1;1;0;1;;CASCO CAIXA DIREÇÃO;CASCO CAIXA DIREÇÃO;0;;
292;0486;11.13.2700;0486;11.13.2700;CATEGORIA0;;1;1;0;1;;CASCO CAIXA DIREÇÃO;CASCO CAIXA DIREÇÃO;0;;
292;0486;11.13.2750;0486;11.13.2750;CATEGORIA0;;1;1;0;1;;CASCO CAIXA DIREÇÃO;CASCO CAIXA DIREÇÃO;0;;
292;0486;11.13.3000;0486;11.13.3000;CATEGORIA0;;1;1;0;1;;CASCO CAIXA DIREÇÃO;CASCO CAIXA DIREÇÃO;0;;
292;0486;11.13.3600;0486;11.13.3600;CATEGORIA0;;1;1;0;1;;CASCO CAIXA DIREÇÃO;CASCO CAIXA DIREÇÃO;0;;
292;0486;11.13.3800;0486;11.13.3800;CATEGORIA0;;1;1;0;1;;CASCO CAIXA DIREÇÃO;CASCO CAIXA DIREÇÃO;0;;
292;0486;11.13.4000;0486;11.13.4000;CATEGORIA0;;1;1;0;1;;CASCO CAIXA DIREÇÃO;CASCO CAIXA DIREÇÃO;0;;
292;0486;11.14.3000;0486;11.14.3000;CATEGORIA0;;1;1;0;1;;CASCO CAIXA DIREÇÃO;CASCO CAIXA DIREÇÃO;0;;
292;0486;11.14.3050;0486;11.14.3050;CATEGORIA0;;1;1;0;1;;CASCO CAIXA DIREÇÃO;CASCO CAIXA DIREÇÃO;0;;
292;0486;11.14.3070;0486;11.14.3070;CATEGORIA0;;1;1;0;1;;CASCO CAIXA DIREÇÃO;CASCO CAIXA DIREÇÃO;0;;
292;0486;11.14.3075;0486;11.14.3075;CATEGORIA0;;1;1;0;1;;CASCO CAIXA DIREÇÃO;CASCO CAIXA DIREÇÃO;0;;
292;0486;11.14.3100;0486;11.14.3100;CATEGORIA0;;1;1;0;1;;CASCO CAIXA DIREÇÃO;CASCO CAIXA DIREÇÃO;0;;
292;0486;11.14.3200;0486;11.14.3200;CATEGORIA0;;1;1;0;1;;CASCO CAIXA DIREÇÃO;CASCO CAIXA DIREÇÃO;0;;
292;0486;11.14.3220;0486;11.14.3220;CATEGORIA0;;1;1;0;1;;CASCO CAIXA DIREÇÃO;CASCO CAIXA DIREÇÃO;0;;
292;0486;11.14.3235;0486;11.14.3235;CATEGORIA0;;1;1;0;1;;CASCO CAIXA DIREÇÃO;CASCO CAIXA DIREÇÃO;0;;
292;0486;11.14.3240;0486;11.14.3240;CATEGORIA0;;1;1;0;1;;CASCO CAIXA DIREÇÃO;CASCO CAIXA DIREÇÃO;0;;
292;0486;11.14.3250;0486;11.14.3250;CATEGORIA0;;1;1;0;1;;CASCO CAIXA DIREÇÃO;CASCO CAIXA DIREÇÃO;0;;
292;0486;11.14.3255;0486;11.14.3255;CATEGORIA0;;1;1;0;1;;CASCO CAIXA DIREÇÃO;CASCO CAIXA DIREÇÃO;0;;
292;0486;11.14.3258;0486;11.14.3258;CATEGORIA0;;1;1;0;1;;CASCO CAIXA DIREÇÃO;CASCO CAIXA DIREÇÃO;0;;
292;0486;11.14.3260;0486;11.14.3260;CATEGORIA0;;1;1;0;1;;CASCO CAIXA DIREÇÃO;CASCO CAIXA DIREÇÃO;0;;
292;0486;11.14.3265;0486;11.14.3265;CATEGORIA0;;1;1;0;1;;CASCO CAIXA DIREÇÃO;CASCO CAIXA DIREÇÃO;0;;
292;0486;11.14.3270;0486;11.14.3270;CATEGORIA0;;1;1;0;1;;CASCO CAIXA DIREÇÃO;CASCO CAIXA DIREÇÃO;0;;
292;0486;11.14.3275;0486;11.14.3275;CATEGORIA0;;1;1;0;1;;CASCO CAIXA DIREÇÃO;CASCO CAIXA DIREÇÃO;0;;
292;0486;11.14.3280;0486;11.14.3280;CATEGORIA0;;1;1;0;1;;CASCO CAIXA DIREÇÃO;CASCO CAIXA DIREÇÃO;0;;
292;0486;11.14.3282;0486;11.14.3282;CATEGORIA0;;1;1;0;1;;CASCO CAIXA DIREÇÃO;CASCO CAIXA DIREÇÃO;0;;
292;0486;11.14.3285;0486;11.14.3285;CATEGORIA0;;1;1;0;1;;CASCO CAIXA DIREÇÃO;CASCO CAIXA DIREÇÃO;0;;
292;0486;11.14.5000;0486;11.14.5000;CATEGORIA0;;1;1;0;1;;CASCO CAIXA DIREÇÃO;CASCO CAIXA DIREÇÃO;0;;
292;0486;11.16.1210;0486;11.16.1210;CATEGORIA0;;1;1;0;1;;CASCO CAIXA DIREÇÃO;CASCO CAIXA DIREÇÃO;0;;
292;0486;11.16.1500;0486;11.16.1500;CATEGORIA0;;1;1;0;1;;CASCO CAIXA DIREÇÃO;CASCO CAIXA DIREÇÃO;0;;
292;0486;11.16.1505;0486;11.16.1505;CATEGORIA0;;1;1;0;1;;CASCO CAIXA DIREÇÃO;CASCO CAIXA DIREÇÃO;0;;
292;0486;11.16.1510;0486;11.16.1510;CATEGORIA0;;1;1;0;1;;CASCO CAIXA DIREÇÃO;CASCO CAIXA DIREÇÃO;0;;
292;0486;11.16.1580;0486;11.16.1580;CATEGORIA0;;1;1;0;1;;CASCO CAIXA DIREÇÃO;CASCO CAIXA DIREÇÃO;0;;
292;0486;11.16.1582;0486;11.16.1582;CATEGORIA0;;1;1;0;1;;CASCO CAIXA DIREÇÃO;CASCO CAIXA DIREÇÃO;0;;
292;0486;11.16.1583;0486;11.16.1583;CATEGORIA0;;1;1;0;1;;CASCO CAIXA DIREÇÃO;CASCO CAIXA DIREÇÃO;0;;
292;0486;11.16.1584;0486;11.16.1584;CATEGORIA0;;1;1;0;1;;CASCO CAIXA DIREÇÃO;CASCO CAIXA DIREÇÃO;0;;
292;0486;11.16.1585;0486;11.16.1585;CATEGORIA0;;1;1;0;1;;CASCO CAIXA DIREÇÃO;CASCO CAIXA DIREÇÃO;0;;
292;0486;11.16.1590;0486;11.16.1590;CATEGORIA0;;1;1;0;1;;CASCO CAIXA DIREÇÃO;CASCO CAIXA DIREÇÃO;0;;
292;0486;11.16.1600;0486;11.16.1600;CATEGORIA0;;1;1;0;1;;CASCO CAIXA DIREÇÃO;CASCO CAIXA DIREÇÃO;0;;
292;0486;11.16.1605;0486;11.16.1605;CATEGORIA0;;1;1;0;1;;CASCO CAIXA DIREÇÃO;CASCO CAIXA DIREÇÃO;0;;
292;0486;11.16.1650;0486;11.16.1650;CATEGORIA0;;1;1;0;1;;CASCO CAIXA DIREÇÃO;CASCO CAIXA DIREÇÃO;0;;
292;0486;11.16.1655;0486;11.16.1655;CATEGORIA0;;1;1;0;1;;CASCO CAIXA DIREÇÃO;CASCO CAIXA DIREÇÃO;0;;
292;0486;11.16.1660;0486;11.16.1660;CATEGORIA0;;1;1;0;1;;CASCO CAIXA DIREÇÃO;CASCO CAIXA DIREÇÃO;0;;
292;0486;11.16.1670;0486;11.16.1670;CATEGORIA0;;1;1;0;1;;CASCO CAIXA DIREÇÃO;CASCO CAIXA DIREÇÃO;0;;
292;0486;11.16.1700;0486;11.16.1700;CATEGORIA0;;1;1;0;1;;CASCO CAIXA DIREÇÃO;CASCO CAIXA DIREÇÃO;0;;
292;0486;11.16.1800;0486;11.16.1800;CATEGORIA0;;1;1;0;1;;CASCO CAIXA DIREÇÃO;CASCO CAIXA DIREÇÃO;0;;
292;0486;11.16.2010;0486;11.16.2010;CATEGORIA0;;1;1;0;1;;CASCO CAIXA DIREÇÃO;CASCO CAIXA DIREÇÃO;0;;
292;0486;11.16.2020;0486;11.16.2020;CATEGORIA0;;1;1;0;1;;CASCO CAIXA DIREÇÃO;CASCO CAIXA DIREÇÃO;0;;
292;0486;11.16.2200;0486;11.16.2200;CATEGORIA0;;1;1;0;1;;CASCO CAIXA DIREÇÃO;CASCO CAIXA DIREÇÃO;0;;
292;0486;11.16.2300;0486;11.16.2300;CATEGORIA0;;1;1;0;1;;CASCO CAIXA DIREÇÃO;CASCO CAIXA DIREÇÃO;0;;
292;0486;11.16.2485;0486;11.16.2485;CATEGORIA0;;1;1;0;1;;CASCO CAIXA DIREÇÃO;CASCO CAIXA DIREÇÃO;0;;
292;0486;11.16.2490;0486;11.16.2490;CATEGORIA0;;1;1;0;1;;CASCO CAIXA DIREÇÃO;CASCO CAIXA DIREÇÃO;0;;
292;0486;11.16.2495;0486;11.16.2495;CATEGORIA0;;1;1;0;1;;CASCO CAIXA DIREÇÃO;CASCO CAIXA DIREÇÃO;0;;
292;0486;11.16.2500;0486;11.16.2500;CATEGORIA0;;1;1;0;1;;CASCO CAIXA DIREÇÃO;CASCO CAIXA DIREÇÃO;0;;
292;0486;11.16.2545;0486;11.16.2545;CATEGORIA0;;1;1;0;1;;CASCO CAIXA DIREÇÃO;CASCO CAIXA DIREÇÃO;0;;
292;0486;11.16.2550;0486;11.16.2550;CATEGORIA0;;1;1;0;1;;CASCO CAIXA DIREÇÃO;CASCO CAIXA DIREÇÃO;0;;
292;0486;11.16.2555;0486;11.16.2555;CATEGORIA0;;1;1;0;1;;CASCO CAIXA DIREÇÃO;CASCO CAIXA DIREÇÃO;0;;
292;0486;11.16.2560;0486;11.16.2560;CATEGORIA0;;1;1;0;1;;CASCO CAIXA DIREÇÃO;CASCO CAIXA DIREÇÃO;0;;
292;0486;11.16.2585;0486;11.16.2585;CATEGORIA0;;1;1;0;1;;CASCO CAIXA DIREÇÃO;CASCO CAIXA DIREÇÃO;0;;
292;0486;11.16.2590;0486;11.16.2590;CATEGORIA0;;1;1;0;1;;CASCO CAIXA DIREÇÃO;CASCO CAIXA DIREÇÃO;0;;
292;0486;11.16.2593;0486;11.16.2593;CATEGORIA0;;1;1;0;1;;CASCO CAIXA DIREÇÃO;CASCO CAIXA DIREÇÃO;0;;
292;0486;11.16.2595;0486;11.16.2595;CATEGORIA0;;1;1;0;1;;CASCO CAIXA DIREÇÃO;CASCO CAIXA DIREÇÃO;0;;
292;0486;11.16.2600;0486;11.16.2600;CATEGORIA0;;1;1;0;1;;CASCO CAIXA DIREÇÃO;CASCO CAIXA DIREÇÃO;0;;
292;0486;11.16.2610;0486;11.16.2610;CATEGORIA0;;1;1;0;1;;CASCO CAIXA DIREÇÃO;CASCO CAIXA DIREÇÃO;0;;
292;0486;11.16.2611;0486;11.16.2611;CATEGORIA0;;1;1;0;1;;CASCO CAIXA DIREÇÃO;CASCO CAIXA DIREÇÃO;0;;
292;0486;11.16.2700;0486;11.16.2700;CATEGORIA0;;1;1;0;1;;CASCO CAIXA DIREÇÃO;CASCO CAIXA DIREÇÃO;0;;
292;0486;11.16.2800;0486;11.16.2800;CATEGORIA0;;1;1;0;1;;CASCO CAIXA DIREÇÃO;CASCO CAIXA DIREÇÃO;0;;
292;0486;11.18.5000;0486;11.18.5000;CATEGORIA0;;1;1;0;1;;CASCO CAIXA DIREÇÃO;CASCO CAIXA DIREÇÃO;0;;
292;0486;11.18.6000;0486;11.18.6000;CATEGORIA0;;1;1;0;1;;CASCO CAIXA DIREÇÃO;CASCO CAIXA DIREÇÃO;0;;
292;0486;11.18.7000;0486;11.18.7000;CATEGORIA0;;1;1;0;1;;CASCO CAIXA DIREÇÃO;CASCO CAIXA DIREÇÃO;0;;
292;0486;11.18.8000;0486;11.18.8000;CATEGORIA0;;1;1;0;1;;CASCO CAIXA DIREÇÃO;CASCO CAIXA DIREÇÃO;0;;
292;0486;11.18.8020;0486;11.18.8020;CATEGORIA0;;1;1;0;1;;CASCO CAIXA DIREÇÃO;CASCO CAIXA DIREÇÃO;0;;
292;0486;11.18.8021;0486;11.18.8021;CATEGORIA0;;1;1;0;1;;CASCO CAIXA DIREÇÃO;CASCO CAIXA DIREÇÃO;0;;
292;0486;11.18.9000;0486;11.18.9000;CATEGORIA0;;1;1;0;1;;CASCO CAIXA DIREÇÃO;CASCO CAIXA DIREÇÃO;0;;
292;0486;11.20.1800;0486;11.20.1800;CATEGORIA0;;1;1;0;1;;CASCO CAIXA DIREÇÃO;CASCO CAIXA DIREÇÃO;0;;
292;0486;11.24.0100;0486;11.24.0100;CATEGORIA0;;1;1;0;1;;CASCO CAIXA DIREÇÃO;CASCO CAIXA DIREÇÃO;0;;
292;0486;11.24.0300;0486;11.24.0300;CATEGORIA0;;1;1;0;1;;CASCO CAIXA DIREÇÃO;CASCO CAIXA DIREÇÃO;0;;
292;0486;11.24.0500;0486;11.24.0500;CATEGORIA0;;1;1;0;1;;CASCO CAIXA DIREÇÃO;CASCO CAIXA DIREÇÃO;0;;
292;0486;11.26.1200;0486;11.26.1200;CATEGORIA0;;1;1;0;1;;CASCO CAIXA DIREÇÃO;CASCO CAIXA DIREÇÃO;0;;
292;0486;11.26.1202;0486;11.26.1202;CATEGORIA0;;1;1;0;1;;CASCO CAIXA DIREÇÃO;CASCO CAIXA DIREÇÃO;0;;
292;0486;11.26.1205;0486;11.26.1205;CATEGORIA0;;1;1;0;1;;CASCO CAIXA DIREÇÃO;CASCO CAIXA DIREÇÃO;0;;
292;0486;11.26.1700;0486;11.26.1700;CATEGORIA0;;1;1;0;1;;CASCO CAIXA DIREÇÃO;CASCO CAIXA DIREÇÃO;0;;
292;0486;11.26.1702;0486;11.26.1702;CATEGORIA0;;1;1;0;1;;CASCO CAIXA DIREÇÃO;CASCO CAIXA DIREÇÃO;0;;
292;0486;11.26.1705;0486;11.26.1705;CATEGORIA0;;1;1;0;1;;CASCO CAIXA DIREÇÃO;CASCO CAIXA DIREÇÃO;0;;
292;0486;11.26.1900;0486;11.26.1900;CATEGORIA0;;1;1;0;1;;CASCO CAIXA DIREÇÃO;CASCO CAIXA DIREÇÃO;0;;
292;0486;11.26.1905;0486;11.26.1905;CATEGORIA0;;1;1;0;1;;CASCO CAIXA DIREÇÃO;CASCO CAIXA DIREÇÃO;0;;
292;0486;11.26.1910;0486;11.26.1910;CATEGORIA0;;1;1;0;1;;CASCO CAIXA DIREÇÃO;CASCO CAIXA DIREÇÃO;0;;
292;0486;11.26.1915;0486;11.26.1915;CATEGORIA0;;1;1;0;1;;CASCO CAIXA DIREÇÃO;CASCO CAIXA DIREÇÃO;0;;
292;0486;11.26.1950;0486;11.26.1950;CATEGORIA0;;1;1;0;1;;CASCO CAIXA DIREÇÃO;CASCO CAIXA DIREÇÃO;0;;
292;0486;11.26.2000;0486;11.26.2000;CATEGORIA0;;1;1;0;1;;CASCO CAIXA DIREÇÃO;CASCO CAIXA DIREÇÃO;0;;
292;0486;11.26.2002;0486;11.26.2002;CATEGORIA0;;1;1;0;1;;CASCO CAIXA DIREÇÃO;CASCO CAIXA DIREÇÃO;0;;
292;0486;11.26.2015;0486;11.26.2015;CATEGORIA0;;1;1;0;1;;CASCO CAIXA DIREÇÃO;CASCO CAIXA DIREÇÃO;0;;
292;0486;11.26.2017;0486;11.26.2017;CATEGORIA0;;1;1;0;1;;CASCO CAIXA DIREÇÃO;CASCO CAIXA DIREÇÃO;0;;
292;0486;11.26.2019;0486;11.26.2019;CATEGORIA0;;1;1;0;1;;CASCO CAIXA DIREÇÃO;CASCO CAIXA DIREÇÃO;0;;
292;0486;11.26.2022;0486;11.26.2022;CATEGORIA0;;1;1;0;1;;CASCO CAIXA DIREÇÃO;CASCO CAIXA DIREÇÃO;0;;
292;0486;11.26.2023;0486;11.26.2023;CATEGORIA0;;1;1;0;1;;CASCO CAIXA DIREÇÃO;CASCO CAIXA DIREÇÃO;0;;
292;0486;11.26.2100;0486;11.26.2100;CATEGORIA0;;1;1;0;1;;CASCO CAIXA DIREÇÃO;CASCO CAIXA DIREÇÃO;0;;
292;0486;11.26.2195;0486;11.26.2195;CATEGORIA0;;1;1;0;1;;CASCO CAIXA DIREÇÃO;CASCO CAIXA DIREÇÃO;0;;
292;0486;11.26.2200;0486;11.26.2200;CATEGORIA0;;1;1;0;1;;CASCO CAIXA DIREÇÃO;CASCO CAIXA DIREÇÃO;0;;
292;0486;11.26.2205;0486;11.26.2205;CATEGORIA0;;1;1;0;1;;CASCO CAIXA DIREÇÃO;CASCO CAIXA DIREÇÃO;0;;
292;0486;11.26.2210;0486;11.26.2210;CATEGORIA0;;1;1;0;1;;CASCO CAIXA DIREÇÃO;CASCO CAIXA DIREÇÃO;0;;
292;0486;11.26.2215;0486;11.26.2215;CATEGORIA0;;1;1;0;1;;CASCO CAIXA DIREÇÃO;CASCO CAIXA DIREÇÃO;0;;
292;0486;11.26.2300;0486;11.26.2300;CATEGORIA0;;1;1;0;1;;CASCO CAIXA DIREÇÃO;CASCO CAIXA DIREÇÃO;0;;
292;0486;11.26.2400;0486;11.26.2400;CATEGORIA0;;1;1;0;1;;CASCO CAIXA DIREÇÃO;CASCO CAIXA DIREÇÃO;0;;
292;0486;11.26.2402;0486;11.26.2402;CATEGORIA0;;1;1;0;1;;CASCO CAIXA DIREÇÃO;CASCO CAIXA DIREÇÃO;0;;
292;0486;11.26.2500;0486;11.26.2500;CATEGORIA0;;1;1;0;1;;CASCO CAIXA DIREÇÃO;CASCO CAIXA DIREÇÃO;0;;
292;0486;11.26.2600;0486;11.26.2600;CATEGORIA0;;1;1;0;1;;CASCO CAIXA DIREÇÃO;CASCO CAIXA DIREÇÃO;0;;
292;0486;11.26.2605;0486;11.26.2605;CATEGORIA0;;1;1;0;1;;CASCO CAIXA DIREÇÃO;CASCO CAIXA DIREÇÃO;0;;
292;0486;11.26.2700;0486;11.26.2700;CATEGORIA0;;1;1;0;1;;CASCO CAIXA DIREÇÃO;CASCO CAIXA DIREÇÃO;0;;
292;0486;11.26.2705;0486;11.26.2705;CATEGORIA0;;1;1;0;1;;CASCO CAIXA DIREÇÃO;CASCO CAIXA DIREÇÃO;0;;
292;0486;11.28.2000;0486;11.28.2000;CATEGORIA0;;1;1;0;1;;CASCO CAIXA DIREÇÃO;CASCO CAIXA DIREÇÃO;0;;
292;0486;11.28.2500;0486;11.28.2500;CATEGORIA0;;1;1;0;1;;CASCO CAIXA DIREÇÃO;CASCO CAIXA DIREÇÃO;0;;
292;0486;11.28.3000;0486;11.28.3000;CATEGORIA0;;1;1;0;1;;CASCO CAIXA DIREÇÃO;CASCO CAIXA DIREÇÃO;0;;
292;0486;11.28.3050;0486;11.28.3050;CATEGORIA0;;1;1;0;1;;CASCO CAIXA DIREÇÃO;CASCO CAIXA DIREÇÃO;0;;
292;0486;11.28.3060;0486;11.28.3060;CATEGORIA0;;1;1;0;1;;CASCO CAIXA DIREÇÃO;CASCO CAIXA DIREÇÃO;0;;
292;0486;11.28.3080;0486;11.28.3080;CATEGORIA0;;1;1;0;1;;CASCO CAIXA DIREÇÃO;CASCO CAIXA DIREÇÃO;0;;
292;0486;11.28.3125;0486;11.28.3125;CATEGORIA0;;1;1;0;1;;CASCO CAIXA DIREÇÃO;CASCO CAIXA DIREÇÃO;0;;
292;0486;11.28.3150;0486;11.28.3150;CATEGORIA0;;1;1;0;1;;CASCO CAIXA DIREÇÃO;CASCO CAIXA DIREÇÃO;0;;
292;0486;11.28.3151;0486;11.28.3151;CATEGORIA0;;1;1;0;1;;CASCO CAIXA DIREÇÃO;CASCO CAIXA DIREÇÃO;0;;
292;0486;11.28.3155;0486;11.28.3155;CATEGORIA0;;1;1;0;1;;CASCO CAIXA DIREÇÃO;CASCO CAIXA DIREÇÃO;0;;
292;0486;11.28.3160;0486;11.28.3160;CATEGORIA0;;1;1;0;1;;CASCO CAIXA DIREÇÃO;CASCO CAIXA DIREÇÃO;0;;
292;0486;11.28.3161;0486;11.28.3161;CATEGORIA0;;1;1;0;1;;CASCO CAIXA DIREÇÃO;CASCO CAIXA DIREÇÃO;0;;
292;0486;11.28.3162;0486;11.28.3162;CATEGORIA0;;1;1;0;1;;CASCO CAIXA DIREÇÃO;CASCO CAIXA DIREÇÃO;0;;
292;0486;11.28.3200;0486;11.28.3200;CATEGORIA0;;1;1;0;1;;CASCO CAIXA DIREÇÃO;CASCO CAIXA DIREÇÃO;0;;
292;0486;11.28.3202;0486;11.28.3202;CATEGORIA0;;1;1;0;1;;CASCO CAIXA DIREÇÃO;CASCO CAIXA DIREÇÃO;0;;
292;0486;11.28.3205;0486;11.28.3205;CATEGORIA0;;1;1;0;1;;CASCO CAIXA DIREÇÃO;CASCO CAIXA DIREÇÃO;0;;
292;0486;11.28.3210;0486;11.28.3210;CATEGORIA0;;1;1;0;1;;CASCO CAIXA DIREÇÃO;CASCO CAIXA DIREÇÃO;0;;
292;0486;11.28.3215;0486;11.28.3215;CATEGORIA0;;1;1;0;1;;CASCO CAIXA DIREÇÃO;CASCO CAIXA DIREÇÃO;0;;
292;0486;11.28.3220;0486;11.28.3220;CATEGORIA0;;1;1;0;1;;CASCO CAIXA DIREÇÃO;CASCO CAIXA DIREÇÃO;0;;
292;0486;11.28.3222;0486;11.28.3222;CATEGORIA0;;1;1;0;1;;CASCO CAIXA DIREÇÃO;CASCO CAIXA DIREÇÃO;0;;
292;0486;11.28.3223;0486;11.28.3223;CATEGORIA0;;1;1;0;1;;CASCO CAIXA DIREÇÃO;CASCO CAIXA DIREÇÃO;0;;
292;0486;11.28.3224;0486;11.28.3224;CATEGORIA0;;1;1;0;1;;CASCO CAIXA DIREÇÃO;CASCO CAIXA DIREÇÃO;0;;
292;0486;11.28.3280;0486;11.28.3280;CATEGORIA0;;1;1;0;1;;CASCO CAIXA DIREÇÃO;CASCO CAIXA DIREÇÃO;0;;
292;0486;11.28.3285;0486;11.28.3285;CATEGORIA0;;1;1;0;1;;CASCO CAIXA DIREÇÃO;CASCO CAIXA DIREÇÃO;0;;
292;0486;11.28.3300;0486;11.28.3300;CATEGORIA0;;1;1;0;1;;CASCO CAIXA DIREÇÃO;CASCO CAIXA DIREÇÃO;0;;
292;0486;11.28.3302;0486;11.28.3302;CATEGORIA0;;1;1;0;1;;CASCO CAIXA DIREÇÃO;CASCO CAIXA DIREÇÃO;0;;
292;0486;11.28.3304;0486;11.28.3304;CATEGORIA0;;1;1;0;1;;CASCO CAIXA DIREÇÃO;CASCO CAIXA DIREÇÃO;0;;
292;0486;11.28.3400;0486;11.28.3400;CATEGORIA0;;1;1;0;1;;CASCO CAIXA DIREÇÃO;CASCO CAIXA DIREÇÃO;0;;
292;0486;11.28.3405;0486;11.28.3405;CATEGORIA0;;1;1;0;1;;CASCO CAIXA DIREÇÃO;CASCO CAIXA DIREÇÃO;0;;
292;0486;11.28.3410;0486;11.28.3410;CATEGORIA0;;1;1;0;1;;CASCO CAIXA DIREÇÃO;CASCO CAIXA DIREÇÃO;0;;
292;0486;11.28.3420;0486;11.28.3420;CATEGORIA0;;1;1;0;1;;CASCO CAIXA DIREÇÃO;CASCO CAIXA DIREÇÃO;0;;
292;0486;11.28.3450;0486;11.28.3450;CATEGORIA0;;1;1;0;1;;CASCO CAIXA DIREÇÃO;CASCO CAIXA DIREÇÃO;0;;
292;0486;11.28.3460;0486;11.28.3460;CATEGORIA0;;1;1;0;1;;CASCO CAIXA DIREÇÃO;CASCO CAIXA DIREÇÃO;0;;
292;0486;11.28.3500;0486;11.28.3500;CATEGORIA0;;1;1;0;1;;CASCO CAIXA DIREÇÃO;CASCO CAIXA DIREÇÃO;0;;
292;0486;11.28.3501;0486;11.28.3501;CATEGORIA0;;1;1;0;1;;CASCO CAIXA DIREÇÃO;CASCO CAIXA DIREÇÃO;0;;
292;0486;11.28.3540;0486;11.28.3540;CATEGORIA0;;1;1;0;1;;CASCO CAIXA DIREÇÃO;CASCO CAIXA DIREÇÃO;0;;
292;0486;11.28.3550;0486;11.28.3550;CATEGORIA0;;1;1;0;1;;CASCO CAIXA DIREÇÃO;CASCO CAIXA DIREÇÃO;0;;
292;0486;11.28.3600;0486;11.28.3600;CATEGORIA0;;1;1;0;1;;CASCO CAIXA DIREÇÃO;CASCO CAIXA DIREÇÃO;0;;
292;0486;11.28.3605;0486;11.28.3605;CATEGORIA0;;1;1;0;1;;CASCO CAIXA DIREÇÃO;CASCO CAIXA DIREÇÃO;0;;
292;0486;11.28.3606;0486;11.28.3606;CATEGORIA0;;1;1;0;1;;CASCO CAIXA DIREÇÃO;CASCO CAIXA DIREÇÃO;0;;
292;0486;11.28.3610;0486;11.28.3610;CATEGORIA0;;1;1;0;1;;CASCO CAIXA DIREÇÃO;CASCO CAIXA DIREÇÃO;0;;
292;0486;11.28.3650;0486;11.28.3650;CATEGORIA0;;1;1;0;1;;CASCO CAIXA DIREÇÃO;CASCO CAIXA DIREÇÃO;0;;
292;0486;11.28.3700;0486;11.28.3700;CATEGORIA0;;1;1;0;1;;CASCO CAIXA DIREÇÃO;CASCO CAIXA DIREÇÃO;0;;
292;0486;11.28.3710;0486;11.28.3710;CATEGORIA0;;1;1;0;1;;CASCO CAIXA DIREÇÃO;CASCO CAIXA DIREÇÃO;0;;
292;0486;11.28.3720;0486;11.28.3720;CATEGORIA0;;1;1;0;1;;CASCO CAIXA DIREÇÃO;CASCO CAIXA DIREÇÃO;0;;
292;0486;11.28.3730;0486;11.28.3730;CATEGORIA0;;1;1;0;1;;CASCO CAIXA DIREÇÃO;CASCO CAIXA DIREÇÃO;0;;
292;0486;11.28.3740;0486;11.28.3740;CATEGORIA0;;1;1;0;1;;CASCO CAIXA DIREÇÃO;CASCO CAIXA DIREÇÃO;0;;
292;0486;11.28.3750;0486;11.28.3750;CATEGORIA0;;1;1;0;1;;CASCO CAIXA DIREÇÃO;CASCO CAIXA DIREÇÃO;0;;
292;0486;11.28.3760;0486;11.28.3760;CATEGORIA0;;1;1;0;1;;CASCO CAIXA DIREÇÃO;CASCO CAIXA DIREÇÃO;0;;
292;0486;11.28.3770;0486;11.28.3770;CATEGORIA0;;1;1;0;1;;CASCO CAIXA DIREÇÃO;CASCO CAIXA DIREÇÃO;0;;
292;0486;11.28.3780;0486;11.28.3780;CATEGORIA0;;1;1;0;1;;CASCO CAIXA DIREÇÃO;CASCO CAIXA DIREÇÃO;0;;
292;0486;11.28.3800;0486;11.28.3800;CATEGORIA0;;1;1;0;1;;CASCO CAIXA DIREÇÃO;CASCO CAIXA DIREÇÃO;0;;
292;0486;11.28.3810;0486;11.28.3810;CATEGORIA0;;1;1;0;1;;CASCO CAIXA DIREÇÃO;CASCO CAIXA DIREÇÃO;0;;
292;0486;11.28.3840;0486;11.28.3840;CATEGORIA0;;1;1;0;1;;CASCO CAIXA DIREÇÃO;CASCO CAIXA DIREÇÃO;0;;
292;0486;11.28.3900;0486;11.28.3900;CATEGORIA0;;1;1;0;1;;CASCO CAIXA DIREÇÃO;CASCO CAIXA DIREÇÃO;0;;
292;0486;11.28.4000;0486;11.28.4000;CATEGORIA0;;1;1;0;1;;CASCO CAIXA DIREÇÃO;CASCO CAIXA DIREÇÃO;0;;
292;0486;11.28.4010;0486;11.28.4010;CATEGORIA0;;1;1;0;1;;CASCO CAIXA DIREÇÃO;CASCO CAIXA DIREÇÃO;0;;
292;0486;11.28.4020;0486;11.28.4020;CATEGORIA0;;1;1;0;1;;CASCO CAIXA DIREÇÃO;CASCO CAIXA DIREÇÃO;0;;
292;0486;11.30.2000;0486;11.30.2000;CATEGORIA0;;1;1;0;1;;CASCO CAIXA DIREÇÃO;CASCO CAIXA DIREÇÃO;0;;
292;0486;11.33.4500;0486;11.33.4500;CATEGORIA0;;1;1;0;1;;CASCO CAIXA DIREÇÃO;CASCO CAIXA DIREÇÃO;0;;
292;0486;11.33.4540;0486;11.33.4540;CATEGORIA0;;1;1;0;1;;CASCO CAIXA DIREÇÃO;CASCO CAIXA DIREÇÃO;0;;
292;0486;11.33.4550;0486;11.33.4550;CATEGORIA0;;1;1;0;1;;CASCO CAIXA DIREÇÃO;CASCO CAIXA DIREÇÃO;0;;
292;0486;11.33.4551;0486;11.33.4551;CATEGORIA0;;1;1;0;1;;CASCO CAIXA DIREÇÃO;CASCO CAIXA DIREÇÃO;0;;
292;0486;11.33.5025;0486;11.33.5025;CATEGORIA0;;1;1;0;1;;CASCO CAIXA DIREÇÃO;CASCO CAIXA DIREÇÃO;0;;
292;0486;11.33.5050;0486;11.33.5050;CATEGORIA0;;1;1;0;1;;CASCO CAIXA DIREÇÃO;CASCO CAIXA DIREÇÃO;0;;
292;0486;11.33.5145;0486;11.33.5145;CATEGORIA0;;1;1;0;1;;CASCO CAIXA DIREÇÃO;CASCO CAIXA DIREÇÃO;0;;
292;0486;11.33.5150;0486;11.33.5150;CATEGORIA0;;1;1;0;1;;CASCO CAIXA DIREÇÃO;CASCO CAIXA DIREÇÃO;0;;
292;0486;11.33.5160;0486;11.33.5160;CATEGORIA0;;1;1;0;1;;CASCO CAIXA DIREÇÃO;CASCO CAIXA DIREÇÃO;0;;
292;0486;11.33.5175;0486;11.33.5175;CATEGORIA0;;1;1;0;1;;CASCO CAIXA DIREÇÃO;CASCO CAIXA DIREÇÃO;0;;
292;0486;11.33.5200;0486;11.33.5200;CATEGORIA0;;1;1;0;1;;CASCO CAIXA DIREÇÃO;CASCO CAIXA DIREÇÃO;0;;
292;0486;11.33.5515;0486;11.33.5515;CATEGORIA0;;1;1;0;1;;CASCO CAIXA DIREÇÃO;CASCO CAIXA DIREÇÃO;0;;
292;0486;11.33.5600;0486;11.33.5600;CATEGORIA0;;1;1;0;1;;CASCO CAIXA DIREÇÃO;CASCO CAIXA DIREÇÃO;0;;
292;0486;11.33.5660;0486;11.33.5660;CATEGORIA0;;1;1;0;1;;CASCO CAIXA DIREÇÃO;CASCO CAIXA DIREÇÃO;0;;
292;0486;11.33.7000;0486;11.33.7000;CATEGORIA0;;1;1;0;1;;CASCO CAIXA DIREÇÃO;CASCO CAIXA DIREÇÃO;0;;
292;0486;11.34.1000;0486;11.34.1000;CATEGORIA0;;1;1;0;1;;CASCO CAIXA DIREÇÃO;CASCO CAIXA DIREÇÃO;0;;
292;0486;11.35.5995;0486;11.35.5995;CATEGORIA0;;1;1;0;1;;CASCO CAIXA DIREÇÃO;CASCO CAIXA DIREÇÃO;0;;
292;0486;11.35.6000;0486;11.35.6000;CATEGORIA0;;1;1;0;1;;CASCO CAIXA DIREÇÃO;CASCO CAIXA DIREÇÃO;0;;
292;0486;11.35.6010;0486;11.35.6010;CATEGORIA0;;1;1;0;1;;CASCO CAIXA DIREÇÃO;CASCO CAIXA DIREÇÃO;0;;
292;0486;11.35.6012;0486;11.35.6012;CATEGORIA0;;1;1;0;1;;CASCO CAIXA DIREÇÃO;CASCO CAIXA DIREÇÃO;0;;
292;0486;11.35.6020;0486;11.35.6020;CATEGORIA0;;1;1;0;1;;CASCO CAIXA DIREÇÃO;CASCO CAIXA DIREÇÃO;0;;
292;0486;11.35.6100;0486;11.35.6100;CATEGORIA0;;1;1;0;1;;CASCO CAIXA DIREÇÃO;CASCO CAIXA DIREÇÃO;0;;
292;0486;11.35.6200;0486;11.35.6200;CATEGORIA0;;1;1;0;1;;CASCO CAIXA DIREÇÃO;CASCO CAIXA DIREÇÃO;0;;
292;0486;11.35.6210;0486;11.35.6210;CATEGORIA0;;1;1;0;1;;CASCO CAIXA DIREÇÃO;CASCO CAIXA DIREÇÃO;0;;
292;0486;11.35.6220;0486;11.35.6220;CATEGORIA0;;1;1;0;1;;CASCO CAIXA DIREÇÃO;CASCO CAIXA DIREÇÃO;0;;
292;0486;11.35.6230;0486;11.35.6230;CATEGORIA0;;1;1;0;1;;CASCO CAIXA DIREÇÃO;CASCO CAIXA DIREÇÃO;0;;
292;0486;11.35.6300;0486;11.35.6300;CATEGORIA0;;1;1;0;1;;CASCO CAIXA DIREÇÃO;CASCO CAIXA DIREÇÃO;0;;
292;0486;11.35.6301;0486;11.35.6301;CATEGORIA0;;1;1;0;1;;CASCO CAIXA DIREÇÃO;CASCO CAIXA DIREÇÃO;0;;
292;0486;11.35.6302;0486;11.35.6302;CATEGORIA0;;1;1;0;1;;CASCO CAIXA DIREÇÃO;CASCO CAIXA DIREÇÃO;0;;
292;0486;11.35.6320;0486;11.35.6320;CATEGORIA0;;1;1;0;1;;CASCO CAIXA DIREÇÃO;CASCO CAIXA DIREÇÃO;0;;
292;0486;11.35.6350;0486;11.35.6350;CATEGORIA0;;1;1;0;1;;CASCO CAIXA DIREÇÃO;CASCO CAIXA DIREÇÃO;0;;
292;0486;11.35.6370;0486;11.35.6370;CATEGORIA0;;1;1;0;1;;CASCO CAIXA DIREÇÃO;CASCO CAIXA DIREÇÃO;0;;
292;0486;11.35.6380;0486;11.35.6380;CATEGORIA0;;1;1;0;1;;CASCO CAIXA DIREÇÃO;CASCO CAIXA DIREÇÃO;0;;
292;0486;11.35.6400;0486;11.35.6400;CATEGORIA0;;1;1;0;1;;CASCO CAIXA DIREÇÃO;CASCO CAIXA DIREÇÃO;0;;
292;0486;11.35.6410;0486;11.35.6410;CATEGORIA0;;1;1;0;1;;CASCO CAIXA DIREÇÃO;CASCO CAIXA DIREÇÃO;0;;
292;0486;11.35.6420;0486;11.35.6420;CATEGORIA0;;1;1;0;1;;CASCO CAIXA DIREÇÃO;CASCO CAIXA DIREÇÃO;0;;
292;0486;11.35.6500;0486;11.35.6500;CATEGORIA0;;1;1;0;1;;CASCO CAIXA DIREÇÃO;CASCO CAIXA DIREÇÃO;0;;
292;0486;11.35.6507;0486;11.35.6507;CATEGORIA0;;1;1;0;1;;CASCO CAIXA DIREÇÃO;CASCO CAIXA DIREÇÃO;0;;
292;0486;11.35.6600;0486;11.35.6600;CATEGORIA0;;1;1;0;1;;CASCO CAIXA DIREÇÃO;CASCO CAIXA DIREÇÃO;0;;
292;0486;11.35.6800;0486;11.35.6800;CATEGORIA0;;1;1;0;1;;CASCO CAIXA DIREÇÃO;CASCO CAIXA DIREÇÃO;0;;
292;0486;11.35.6850;0486;11.35.6850;CATEGORIA0;;1;1;0;1;;CASCO CAIXA DIREÇÃO;CASCO CAIXA DIREÇÃO;0;;
292;0486;11.35.6860;0486;11.35.6860;CATEGORIA0;;1;1;0;1;;CASCO CAIXA DIREÇÃO;CASCO CAIXA DIREÇÃO;0;;
292;0486;11.35.6865;0486;11.35.6865;CATEGORIA0;;1;1;0;1;;CASCO CAIXA DIREÇÃO;CASCO CAIXA DIREÇÃO;0;;
292;0486;11.35.6870;0486;11.35.6870;CATEGORIA0;;1;1;0;1;;CASCO CAIXA DIREÇÃO;CASCO CAIXA DIREÇÃO;0;;
292;0486;11.35.6900;0486;11.35.6900;CATEGORIA0;;1;1;0;1;;CASCO CAIXA DIREÇÃO;CASCO CAIXA DIREÇÃO;0;;
292;0486;11.35.6950;0486;11.35.6950;CATEGORIA0;;1;1;0;1;;CASCO CAIXA DIREÇÃO;CASCO CAIXA DIREÇÃO;0;;
292;0486;11.35.7500;0486;11.35.7500;CATEGORIA0;;1;1;0;1;;CASCO CAIXA DIREÇÃO;CASCO CAIXA DIREÇÃO;0;;
292;0486;11.38.1000;0486;11.38.1000;CATEGORIA0;;1;1;0;1;;CASCO CAIXA DIREÇÃO;CASCO CAIXA DIREÇÃO;0;;
292;0486;11.38.1100;0486;11.38.1100;CATEGORIA0;;1;1;0;1;;CASCO CAIXA DIREÇÃO;CASCO CAIXA DIREÇÃO;0;;
292;0486;11.38.2000;0486;11.38.2000;CATEGORIA0;;1;1;0;1;;CASCO CAIXA DIREÇÃO;CASCO CAIXA DIREÇÃO;0;;
292;0486;11.39.6600;0486;11.39.6600;CATEGORIA0;;1;1;0;1;;CASCO CAIXA DIREÇÃO;CASCO CAIXA DIREÇÃO;0;;
292;0486;11.39.6650;0486;11.39.6650;CATEGORIA0;;1;1;0;1;;CASCO CAIXA DIREÇÃO;CASCO CAIXA DIREÇÃO;0;;
292;0486;11.39.6653;0486;11.39.6653;CATEGORIA0;;1;1;0;1;;CASCO CAIXA DIREÇÃO;CASCO CAIXA DIREÇÃO;0;;
292;0486;11.39.6660;0486;11.39.6660;CATEGORIA0;;1;1;0;1;;CASCO CAIXA DIREÇÃO;CASCO CAIXA DIREÇÃO;0;;
292;0486;11.39.6665;0486;11.39.6665;CATEGORIA0;;1;1;0;1;;CASCO CAIXA DIREÇÃO;CASCO CAIXA DIREÇÃO;0;;
292;0486;11.39.6750;0486;11.39.6750;CATEGORIA0;;1;1;0;1;;CASCO CAIXA DIREÇÃO;CASCO CAIXA DIREÇÃO;0;;
292;0486;11.41.2500;0486;11.41.2500;CATEGORIA0;;1;1;0;1;;CASCO CAIXA DIREÇÃO;CASCO CAIXA DIREÇÃO;0;;
292;0486;11.41.4300;0486;11.41.4300;CATEGORIA0;;1;1;0;1;;CASCO CAIXA DIREÇÃO;CASCO CAIXA DIREÇÃO;0;;
292;0486;11.41.4400;0486;11.41.4400;CATEGORIA0;;1;1;0;1;;CASCO CAIXA DIREÇÃO;CASCO CAIXA DIREÇÃO;0;;
292;0486;11.41.4500;0486;11.41.4500;CATEGORIA0;;1;1;0;1;;CASCO CAIXA DIREÇÃO;CASCO CAIXA DIREÇÃO;0;;
292;0486;11.41.4600;0486;11.41.4600;CATEGORIA0;;1;1;0;1;;CASCO CAIXA DIREÇÃO;CASCO CAIXA DIREÇÃO;0;;
292;0486;11.41.4800;0486;11.41.4800;CATEGORIA0;;1;1;0;1;;CASCO CAIXA DIREÇÃO;CASCO CAIXA DIREÇÃO;0;;
292;0486;11.41.4950;0486;11.41.4950;CATEGORIA0;;1;1;0;1;;CASCO CAIXA DIREÇÃO;CASCO CAIXA DIREÇÃO;0;;
292;0486;11.41.4990;0486;11.41.4990;CATEGORIA0;;1;1;0;1;;CASCO CAIXA DIREÇÃO;CASCO CAIXA DIREÇÃO;0;;
292;0486;11.41.5000;0486;11.41.5000;CATEGORIA0;;1;1;0;1;;CASCO CAIXA DIREÇÃO;CASCO CAIXA DIREÇÃO;0;;
292;0486;11.41.5005;0486;11.41.5005;CATEGORIA0;;1;1;0;1;;CASCO CAIXA DIREÇÃO;CASCO CAIXA DIREÇÃO;0;;
292;0486;11.41.5006;0486;11.41.5006;CATEGORIA0;;1;1;0;1;;CASCO CAIXA DIREÇÃO;CASCO CAIXA DIREÇÃO;0;;
292;0486;11.41.5525;0486;11.41.5525;CATEGORIA0;;1;1;0;1;;CASCO CAIXA DIREÇÃO;CASCO CAIXA DIREÇÃO;0;;
292;0486;11.41.5530;0486;11.41.5530;CATEGORIA0;;1;1;0;1;;CASCO CAIXA DIREÇÃO;CASCO CAIXA DIREÇÃO;0;;
292;0486;11.41.5600;0486;11.41.5600;CATEGORIA0;;1;1;0;1;;CASCO CAIXA DIREÇÃO;CASCO CAIXA DIREÇÃO;0;;
292;0486;11.43.1000;0486;11.43.1000;CATEGORIA0;;1;1;0;1;;CASCO CAIXA DIREÇÃO;CASCO CAIXA DIREÇÃO;0;;
292;0486;11.43.1500;0486;11.43.1500;CATEGORIA0;;1;1;0;1;;CASCO CAIXA DIREÇÃO;CASCO CAIXA DIREÇÃO;0;;
292;0486;11.43.2000;0486;11.43.2000;CATEGORIA0;;1;1;0;1;;CASCO CAIXA DIREÇÃO;CASCO CAIXA DIREÇÃO;0;;
292;0486;11.43.2500;0486;11.43.2500;CATEGORIA0;;1;1;0;1;;CASCO CAIXA DIREÇÃO;CASCO CAIXA DIREÇÃO;0;;
292;0486;11.43.4500;0486;11.43.4500;CATEGORIA0;;1;1;0;1;;CASCO CAIXA DIREÇÃO;CASCO CAIXA DIREÇÃO;0;;
292;0486;11.44.0500;0486;11.44.0500;CATEGORIA0;;1;1;0;1;;CASCO CAIXA DIREÇÃO;CASCO CAIXA DIREÇÃO;0;;
292;0486;11.44.0505;0486;11.44.0505;CATEGORIA0;;1;1;0;1;;CASCO CAIXA DIREÇÃO;CASCO CAIXA DIREÇÃO;0;;
292;0486;11.44.1500;0486;11.44.1500;CATEGORIA0;;1;1;0;1;;CASCO CAIXA DIREÇÃO;CASCO CAIXA DIREÇÃO;0;;
292;0486;11.44.1505;0486;11.44.1505;CATEGORIA0;;1;1;0;1;;CASCO CAIXA DIREÇÃO;CASCO CAIXA DIREÇÃO;0;;
292;0486;11.44.1506;0486;11.44.1506;CATEGORIA0;;1;1;0;1;;CASCO CAIXA DIREÇÃO;CASCO CAIXA DIREÇÃO;0;;
292;0486;11.44.1510;0486;11.44.1510;CATEGORIA0;;1;1;0;1;;CASCO CAIXA DIREÇÃO;CASCO CAIXA DIREÇÃO;0;;
292;0486;11.44.1530;0486;11.44.1530;CATEGORIA0;;1;1;0;1;;CASCO CAIXA DIREÇÃO;CASCO CAIXA DIREÇÃO;0;;
292;0486;11.44.1540;0486;11.44.1540;CATEGORIA0;;1;1;0;1;;CASCO CAIXA DIREÇÃO;CASCO CAIXA DIREÇÃO;0;;
292;0486;11.44.1580;0486;11.44.1580;CATEGORIA0;;1;1;0;1;;CASCO CAIXA DIREÇÃO;CASCO CAIXA DIREÇÃO;0;;
292;0486;11.44.1600;0486;11.44.1600;CATEGORIA0;;1;1;0;1;;CASCO CAIXA DIREÇÃO;CASCO CAIXA DIREÇÃO;0;;
292;0486;11.44.1800;0486;11.44.1800;CATEGORIA0;;1;1;0;1;;CASCO CAIXA DIREÇÃO;CASCO CAIXA DIREÇÃO;0;;
292;0486;11.44.2000;0486;11.44.2000;CATEGORIA0;;1;1;0;1;;CASCO CAIXA DIREÇÃO;CASCO CAIXA DIREÇÃO;0;;
292;0486;11.44.3000;0486;11.44.3000;CATEGORIA0;;1;1;0;1;;CASCO CAIXA DIREÇÃO;CASCO CAIXA DIREÇÃO;0;;
292;0486;11.44.3500;0486;11.44.3500;CATEGORIA0;;1;1;0;1;;CASCO CAIXA DIREÇÃO;CASCO CAIXA DIREÇÃO;0;;
292;0486;11.44.4350;0486;11.44.4350;CATEGORIA0;;1;1;0;1;;CASCO CAIXA DIREÇÃO;CASCO CAIXA DIREÇÃO;0;;
292;0486;11.44.4400;0486;11.44.4400;CATEGORIA0;;1;1;0;1;;CASCO CAIXA DIREÇÃO;CASCO CAIXA DIREÇÃO;0;;
292;0486;11.44.5000;0486;11.44.5000;CATEGORIA0;;1;1;0;1;;CASCO CAIXA DIREÇÃO;CASCO CAIXA DIREÇÃO;0;;
292;0486;11.44.5005;0486;11.44.5005;CATEGORIA0;;1;1;0;1;;CASCO CAIXA DIREÇÃO;CASCO CAIXA DIREÇÃO;0;;
292;0486;11.44.5200;0486;11.44.5200;CATEGORIA0;;1;1;0;1;;CASCO CAIXA DIREÇÃO;CASCO CAIXA DIREÇÃO;0;;
292;0486;11.44.5300;0486;11.44.5300;CATEGORIA0;;1;1;0;1;;CASCO CAIXA DIREÇÃO;CASCO CAIXA DIREÇÃO;0;;
292;0486;11.44.6000;0486;11.44.6000;CATEGORIA0;;1;1;0;1;;CASCO CAIXA DIREÇÃO;CASCO CAIXA DIREÇÃO;0;;
292;0486;11.44.6010;0486;11.44.6010;CATEGORIA0;;1;1;0;1;;CASCO CAIXA DIREÇÃO;CASCO CAIXA DIREÇÃO;0;;
292;0486;11.44.6400;0486;11.44.6400;CATEGORIA0;;1;1;0;1;;CASCO CAIXA DIREÇÃO;CASCO CAIXA DIREÇÃO;0;;
292;0486;11.44.6500;0486;11.44.6500;CATEGORIA0;;1;1;0;1;;CASCO CAIXA DIREÇÃO;CASCO CAIXA DIREÇÃO;0;;
292;0486;11.44.6800;0486;11.44.6800;CATEGORIA0;;1;1;0;1;;CASCO CAIXA DIREÇÃO;CASCO CAIXA DIREÇÃO;0;;
292;0486;11.48.1300;0486;11.48.1300;CATEGORIA0;;1;1;0;1;;CASCO CAIXA DIREÇÃO;CASCO CAIXA DIREÇÃO;0;;
292;0486;11.48.1400;0486;11.48.1400;CATEGORIA0;;1;1;0;1;;CASCO CAIXA DIREÇÃO;CASCO CAIXA DIREÇÃO;0;;
292;0486;11.48.1405;0486;11.48.1405;CATEGORIA0;;1;1;0;1;;CASCO CAIXA DIREÇÃO;CASCO CAIXA DIREÇÃO;0;;
292;0486;11.48.1415;0486;11.48.1415;CATEGORIA0;;1;1;0;1;;CASCO CAIXA DIREÇÃO;CASCO CAIXA DIREÇÃO;0;;
292;0486;11.48.1420;0486;11.48.1420;CATEGORIA0;;1;1;0;1;;CASCO CAIXA DIREÇÃO;CASCO CAIXA DIREÇÃO;0;;
292;0486;11.48.1425;0486;11.48.1425;CATEGORIA0;;1;1;0;1;;CASCO CAIXA DIREÇÃO;CASCO CAIXA DIREÇÃO;0;;
292;0486;11.48.1427;0486;11.48.1427;CATEGORIA0;;1;1;0;1;;CASCO CAIXA DIREÇÃO;CASCO CAIXA DIREÇÃO;0;;
292;0486;11.48.1500;0486;11.48.1500;CATEGORIA0;;1;1;0;1;;CASCO CAIXA DIREÇÃO;CASCO CAIXA DIREÇÃO;0;;
292;0486;11.48.1520;0486;11.48.1520;CATEGORIA0;;1;1;0;1;;CASCO CAIXA DIREÇÃO;CASCO CAIXA DIREÇÃO;0;;
292;0486;11.48.1600;0486;11.48.1600;CATEGORIA0;;1;1;0;1;;CASCO CAIXA DIREÇÃO;CASCO CAIXA DIREÇÃO;0;;
292;0486;11.48.1800;0486;11.48.1800;CATEGORIA0;;1;1;0;1;;CASCO CAIXA DIREÇÃO;CASCO CAIXA DIREÇÃO;0;;
292;0486;11.49.0010;0486;11.49.0010;CATEGORIA0;;1;1;0;1;;CASCO CAIXA DIREÇÃO;CASCO CAIXA DIREÇÃO;0;;
292;0486;11.49.0020;0486;11.49.0020;CATEGORIA0;;1;1;0;1;;CASCO CAIXA DIREÇÃO;CASCO CAIXA DIREÇÃO;0;;
292;0486;11.49.0050;0486;11.49.0050;CATEGORIA0;;1;1;0;1;;CASCO CAIXA DIREÇÃO;CASCO CAIXA DIREÇÃO;0;;
292;0486;11.49.1250;0486;11.49.1250;CATEGORIA0;;1;1;0;1;;CASCO CAIXA DIREÇÃO;CASCO CAIXA DIREÇÃO;0;;
292;0486;11.49.1300;0486;11.49.1300;CATEGORIA0;;1;1;0;1;;CASCO CAIXA DIREÇÃO;CASCO CAIXA DIREÇÃO;0;;
292;0486;11.51.0700;0486;11.51.0700;CATEGORIA0;;1;1;0;1;;CASCO CAIXA DIREÇÃO;CASCO CAIXA DIREÇÃO;0;;
292;0486;11.51.1000;0486;11.51.1000;CATEGORIA0;;1;1;0;1;;CASCO CAIXA DIREÇÃO;CASCO CAIXA DIREÇÃO;0;;
292;0486;11.51.1500;0486;11.51.1500;CATEGORIA0;;1;1;0;1;;CASCO CAIXA DIREÇÃO;CASCO CAIXA DIREÇÃO;0;;
292;0486;11.51.1800;0486;11.51.1800;CATEGORIA0;;1;1;0;1;;CASCO CAIXA DIREÇÃO;CASCO CAIXA DIREÇÃO;0;;
292;0486;11.51.2000;0486;11.51.2000;CATEGORIA0;;1;1;0;1;;CASCO CAIXA DIREÇÃO;CASCO CAIXA DIREÇÃO;0;;
292;0486;11.51.2500;0486;11.51.2500;CATEGORIA0;;1;1;0;1;;CASCO CAIXA DIREÇÃO;CASCO CAIXA DIREÇÃO;0;;
292;0486;11.52.1000;0486;11.52.1000;CATEGORIA0;;1;1;0;1;;CASCO CAIXA DIREÇÃO;CASCO CAIXA DIREÇÃO;0;;
292;0486;11.52.1050;0486;11.52.1050;CATEGORIA0;;1;1;0;1;;CASCO CAIXA DIREÇÃO;CASCO CAIXA DIREÇÃO;0;;
292;0486;11.52.1100;0486;11.52.1100;CATEGORIA0;;1;1;0;1;;CASCO CAIXA DIREÇÃO;CASCO CAIXA DIREÇÃO;0;;
292;0486;11.52.1500;0486;11.52.1500;CATEGORIA0;;1;1;0;1;;CASCO CAIXA DIREÇÃO;CASCO CAIXA DIREÇÃO;0;;
292;0486;11.53.3400;0486;11.53.3400;CATEGORIA0;;1;1;0;1;;CASCO CAIXA DIREÇÃO;CASCO CAIXA DIREÇÃO;0;;
292;0486;11.53.3405;0486;11.53.3405;CATEGORIA0;;1;1;0;1;;CASCO CAIXA DIREÇÃO;CASCO CAIXA DIREÇÃO;0;;
292;0486;11.53.3500;0486;11.53.3500;CATEGORIA0;;1;1;0;1;;CASCO CAIXA DIREÇÃO;CASCO CAIXA DIREÇÃO;0;;
292;0486;11.53.3510;0486;11.53.3510;CATEGORIA0;;1;1;0;1;;CASCO CAIXA DIREÇÃO;CASCO CAIXA DIREÇÃO;0;;
292;0486;11.53.3520;0486;11.53.3520;CATEGORIA0;;1;1;0;1;;CASCO CAIXA DIREÇÃO;CASCO CAIXA DIREÇÃO;0;;
292;0486;11.53.3600;0486;11.53.3600;CATEGORIA0;;1;1;0;1;;CASCO CAIXA DIREÇÃO;CASCO CAIXA DIREÇÃO;0;;
292;0486;11.53.3605;0486;11.53.3605;CATEGORIA0;;1;1;0;1;;CASCO CAIXA DIREÇÃO;CASCO CAIXA DIREÇÃO;0;;
292;0486;11.53.3610;0486;11.53.3610;CATEGORIA0;;1;1;0;1;;CASCO CAIXA DIREÇÃO;CASCO CAIXA DIREÇÃO;0;;
292;0486;11.53.3615;0486;11.53.3615;CATEGORIA0;;1;1;0;1;;CASCO CAIXA DIREÇÃO;CASCO CAIXA DIREÇÃO;0;;
292;0486;11.53.3625;0486;11.53.3625;CATEGORIA0;;1;1;0;1;;CASCO CAIXA DIREÇÃO;CASCO CAIXA DIREÇÃO;0;;
292;0486;11.53.3640;0486;11.53.3640;CATEGORIA0;;1;1;0;1;;CASCO CAIXA DIREÇÃO;CASCO CAIXA DIREÇÃO;0;;
292;0486;11.53.3643;0486;11.53.3643;CATEGORIA0;;1;1;0;1;;CASCO CAIXA DIREÇÃO;CASCO CAIXA DIREÇÃO;0;;
292;0486;11.53.3650;0486;11.53.3650;CATEGORIA0;;1;1;0;1;;CASCO CAIXA DIREÇÃO;CASCO CAIXA DIREÇÃO;0;;
292;0486;11.53.3700;0486;11.53.3700;CATEGORIA0;;1;1;0;1;;CASCO CAIXA DIREÇÃO;CASCO CAIXA DIREÇÃO;0;;
292;0486;11.53.3725;0486;11.53.3725;CATEGORIA0;;1;1;0;1;;CASCO CAIXA DIREÇÃO;CASCO CAIXA DIREÇÃO;0;;
292;0486;11.53.3770;0486;11.53.3770;CATEGORIA0;;1;1;0;1;;CASCO CAIXA DIREÇÃO;CASCO CAIXA DIREÇÃO;0;;
292;0486;11.53.3800;0486;11.53.3800;CATEGORIA0;;1;1;0;1;;CASCO CAIXA DIREÇÃO;CASCO CAIXA DIREÇÃO;0;;
292;0486;11.53.3810;0486;11.53.3810;CATEGORIA0;;1;1;0;1;;CASCO CAIXA DIREÇÃO;CASCO CAIXA DIREÇÃO;0;;
292;0486;11.53.3825;0486;11.53.3825;CATEGORIA0;;1;1;0;1;;CASCO CAIXA DIREÇÃO;CASCO CAIXA DIREÇÃO;0;;
292;0486;11.53.3827;0486;11.53.3827;CATEGORIA0;;1;1;0;1;;CASCO CAIXA DIREÇÃO;CASCO CAIXA DIREÇÃO;0;;
292;0486;11.53.3830;0486;11.53.3830;CATEGORIA0;;1;1;0;1;;CASCO CAIXA DIREÇÃO;CASCO CAIXA DIREÇÃO;0;;
292;0486;11.53.3850;0486;11.53.3850;CATEGORIA0;;1;1;0;1;;CASCO CAIXA DIREÇÃO;CASCO CAIXA DIREÇÃO;0;;
292;0486;11.53.3860;0486;11.53.3860;CATEGORIA0;;1;1;0;1;;CASCO CAIXA DIREÇÃO;CASCO CAIXA DIREÇÃO;0;;
292;0486;11.53.4000;0486;11.53.4000;CATEGORIA0;;1;1;0;1;;CASCO CAIXA DIREÇÃO;CASCO CAIXA DIREÇÃO;0;;
292;0486;11.53.4500;0486;11.53.4500;CATEGORIA0;;1;1;0;1;;CASCO CAIXA DIREÇÃO;CASCO CAIXA DIREÇÃO;0;;
292;0486;11.53.4700;0486;11.53.4700;CATEGORIA0;;1;1;0;1;;CASCO CAIXA DIREÇÃO;CASCO CAIXA DIREÇÃO;0;;
292;0486;11.56.1500;0486;11.56.1500;CATEGORIA0;;1;1;0;1;;CASCO CAIXA DIREÇÃO;CASCO CAIXA DIREÇÃO;0;;
292;0486;11.56.1505;0486;11.56.1505;CATEGORIA0;;1;1;0;1;;CASCO CAIXA DIREÇÃO;CASCO CAIXA DIREÇÃO;0;;
292;0486;11.56.1506;0486;11.56.1506;CATEGORIA0;;1;1;0;1;;CASCO CAIXA DIREÇÃO;CASCO CAIXA DIREÇÃO;0;;
292;0486;11.56.1507;0486;11.56.1507;CATEGORIA0;;1;1;0;1;;CASCO CAIXA DIREÇÃO;CASCO CAIXA DIREÇÃO;0;;
292;0486;11.56.1520;0486;11.56.1520;CATEGORIA0;;1;1;0;1;;CASCO CAIXA DIREÇÃO;CASCO CAIXA DIREÇÃO;0;;
292;0486;11.56.1525;0486;11.56.1525;CATEGORIA0;;1;1;0;1;;CASCO CAIXA DIREÇÃO;CASCO CAIXA DIREÇÃO;0;;
292;0486;11.56.1535;0486;11.56.1535;CATEGORIA0;;1;1;0;1;;CASCO CAIXA DIREÇÃO;CASCO CAIXA DIREÇÃO;0;;
292;0486;11.56.1540;0486;11.56.1540;CATEGORIA0;;1;1;0;1;;CASCO CAIXA DIREÇÃO;CASCO CAIXA DIREÇÃO;0;;
292;0486;11.56.1541;0486;11.56.1541;CATEGORIA0;;1;1;0;1;;CASCO CAIXA DIREÇÃO;CASCO CAIXA DIREÇÃO;0;;
292;0486;11.56.1542;0486;11.56.1542;CATEGORIA0;;1;1;0;1;;CASCO CAIXA DIREÇÃO;CASCO CAIXA DIREÇÃO;0;;
292;0486;11.56.1545;0486;11.56.1545;CATEGORIA0;;1;1;0;1;;CASCO CAIXA DIREÇÃO;CASCO CAIXA DIREÇÃO;0;;
292;0486;11.56.1547;0486;11.56.1547;CATEGORIA0;;1;1;0;1;;CASCO CAIXA DIREÇÃO;CASCO CAIXA DIREÇÃO;0;;
292;0486;11.56.1550;0486;11.56.1550;CATEGORIA0;;1;1;0;1;;CASCO CAIXA DIREÇÃO;CASCO CAIXA DIREÇÃO;0;;
292;0486;11.56.1551;0486;11.56.1551;CATEGORIA0;;1;1;0;1;;CASCO CAIXA DIREÇÃO;CASCO CAIXA DIREÇÃO;0;;
292;0486;11.56.1555;0486;11.56.1555;CATEGORIA0;;1;1;0;1;;CASCO CAIXA DIREÇÃO;CASCO CAIXA DIREÇÃO;0;;
292;0486;11.56.1560;0486;11.56.1560;CATEGORIA0;;1;1;0;1;;CASCO CAIXA DIREÇÃO;CASCO CAIXA DIREÇÃO;0;;
292;0486;11.56.1570;0486;11.56.1570;CATEGORIA0;;1;1;0;1;;CASCO CAIXA DIREÇÃO;CASCO CAIXA DIREÇÃO;0;;
292;0486;11.56.1572;0486;11.56.1572;CATEGORIA0;;1;1;0;1;;CASCO CAIXA DIREÇÃO;CASCO CAIXA DIREÇÃO;0;;
292;0486;11.56.1575;0486;11.56.1575;CATEGORIA0;;1;1;0;1;;CASCO CAIXA DIREÇÃO;CASCO CAIXA DIREÇÃO;0;;
292;0486;11.56.1600;0486;11.56.1600;CATEGORIA0;;1;1;0;1;;CASCO CAIXA DIREÇÃO;CASCO CAIXA DIREÇÃO;0;;
292;0486;11.56.1610;0486;11.56.1610;CATEGORIA0;;1;1;0;1;;CASCO CAIXA DIREÇÃO;CASCO CAIXA DIREÇÃO;0;;
292;0486;11.56.1615;0486;11.56.1615;CATEGORIA0;;1;1;0;1;;CASCO CAIXA DIREÇÃO;CASCO CAIXA DIREÇÃO;0;;
292;0486;11.56.1620;0486;11.56.1620;CATEGORIA0;;1;1;0;1;;CASCO CAIXA DIREÇÃO;CASCO CAIXA DIREÇÃO;0;;
292;0486;11.56.1630;0486;11.56.1630;CATEGORIA0;;1;1;0;1;;CASCO CAIXA DIREÇÃO;CASCO CAIXA DIREÇÃO;0;;
292;0486;11.56.1640;0486;11.56.1640;CATEGORIA0;;1;1;0;1;;CASCO CAIXA DIREÇÃO;CASCO CAIXA DIREÇÃO;0;;
292;0486;11.56.1641;0486;11.56.1641;CATEGORIA0;;1;1;0;1;;CASCO CAIXA DIREÇÃO;CASCO CAIXA DIREÇÃO;0;;
292;0486;11.56.1650;0486;11.56.1650;CATEGORIA0;;1;1;0;1;;CASCO CAIXA DIREÇÃO;CASCO CAIXA DIREÇÃO;0;;
292;0486;11.56.1655;0486;11.56.1655;CATEGORIA0;;1;1;0;1;;CASCO CAIXA DIREÇÃO;CASCO CAIXA DIREÇÃO;0;;
292;0486;11.56.1800;0486;11.56.1800;CATEGORIA0;;1;1;0;1;;CASCO CAIXA DIREÇÃO;CASCO CAIXA DIREÇÃO;0;;
292;0486;11.56.1900;0486;11.56.1900;CATEGORIA0;;1;1;0;1;;CASCO CAIXA DIREÇÃO;CASCO CAIXA DIREÇÃO;0;;
292;0486;11.56.2000;0486;11.56.2000;CATEGORIA0;;1;1;0;1;;CASCO CAIXA DIREÇÃO;CASCO CAIXA DIREÇÃO;0;;
292;0486;11.56.2005;0486;11.56.2005;CATEGORIA0;;1;1;0;1;;CASCO CAIXA DIREÇÃO;CASCO CAIXA DIREÇÃO;0;;
292;0486;11.56.2020;0486;11.56.2020;CATEGORIA0;;1;1;0;1;;CASCO CAIXA DIREÇÃO;CASCO CAIXA DIREÇÃO;0;;
292;0486;11.56.2050;0486;11.56.2050;CATEGORIA0;;1;1;0;1;;CASCO CAIXA DIREÇÃO;CASCO CAIXA DIREÇÃO;0;;
292;0486;11.56.2100;0486;11.56.2100;CATEGORIA0;;1;1;0;1;;CASCO CAIXA DIREÇÃO;CASCO CAIXA DIREÇÃO;0;;
292;0486;11.56.2103;0486;11.56.2103;CATEGORIA0;;1;1;0;1;;CASCO CAIXA DIREÇÃO;CASCO CAIXA DIREÇÃO;0;;
292;0486;11.56.2105;0486;11.56.2105;CATEGORIA0;;1;1;0;1;;CASCO CAIXA DIREÇÃO;CASCO CAIXA DIREÇÃO;0;;
292;0486;11.56.2110;0486;11.56.2110;CATEGORIA0;;1;1;0;1;;CASCO CAIXA DIREÇÃO;CASCO CAIXA DIREÇÃO;0;;
292;0486;11.56.2120;0486;11.56.2120;CATEGORIA0;;1;1;0;1;;CASCO CAIXA DIREÇÃO;CASCO CAIXA DIREÇÃO;0;;
292;0486;11.56.2122;0486;11.56.2122;CATEGORIA0;;1;1;0;1;;CASCO CAIXA DIREÇÃO;CASCO CAIXA DIREÇÃO;0;;
292;0486;11.56.2130;0486;11.56.2130;CATEGORIA0;;1;1;0;1;;CASCO CAIXA DIREÇÃO;CASCO CAIXA DIREÇÃO;0;;
292;0486;11.57.1000;0486;11.57.1000;CATEGORIA0;;1;1;0;1;;CASCO CAIXA DIREÇÃO;CASCO CAIXA DIREÇÃO;0;;
292;0486;11.58.6010;0486;11.58.6010;CATEGORIA0;;1;1;0;1;;CASCO CAIXA DIREÇÃO;CASCO CAIXA DIREÇÃO;0;;
292;0486;11.58.6100;0486;11.58.6100;CATEGORIA0;;1;1;0;1;;CASCO CAIXA DIREÇÃO;CASCO CAIXA DIREÇÃO;0;;
292;0486;11.58.6300;0486;11.58.6300;CATEGORIA0;;1;1;0;1;;CASCO CAIXA DIREÇÃO;CASCO CAIXA DIREÇÃO;0;;
292;0486;11.58.6325;0486;11.58.6325;CATEGORIA0;;1;1;0;1;;CASCO CAIXA DIREÇÃO;CASCO CAIXA DIREÇÃO;0;;
292;0486;11.58.6350;0486;11.58.6350;CATEGORIA0;;1;1;0;1;;CASCO CAIXA DIREÇÃO;CASCO CAIXA DIREÇÃO;0;;
292;0486;11.58.6375;0486;11.58.6375;CATEGORIA0;;1;1;0;1;;CASCO CAIXA DIREÇÃO;CASCO CAIXA DIREÇÃO;0;;
292;0486;11.58.6400;0486;11.58.6400;CATEGORIA0;;1;1;0;1;;CASCO CAIXA DIREÇÃO;CASCO CAIXA DIREÇÃO;0;;
292;0486;11.58.6500;0486;11.58.6500;CATEGORIA0;;1;1;0;1;;CASCO CAIXA DIREÇÃO;CASCO CAIXA DIREÇÃO;0;;
292;0486;11.58.6510;0486;11.58.6510;CATEGORIA0;;1;1;0;1;;CASCO CAIXA DIREÇÃO;CASCO CAIXA DIREÇÃO;0;;
292;0486;11.58.6530;0486;11.58.6530;CATEGORIA0;;1;1;0;1;;CASCO CAIXA DIREÇÃO;CASCO CAIXA DIREÇÃO;0;;
292;0486;11.58.6550;0486;11.58.6550;CATEGORIA0;;1;1;0;1;;CASCO CAIXA DIREÇÃO;CASCO CAIXA DIREÇÃO;0;;
292;0486;11.58.6560;0486;11.58.6560;CATEGORIA0;;1;1;0;1;;CASCO CAIXA DIREÇÃO;CASCO CAIXA DIREÇÃO;0;;
292;0486;11.58.6580;0486;11.58.6580;CATEGORIA0;;1;1;0;1;;CASCO CAIXA DIREÇÃO;CASCO CAIXA DIREÇÃO;0;;
292;0486;11.58.6600;0486;11.58.6600;CATEGORIA0;;1;1;0;1;;CASCO CAIXA DIREÇÃO;CASCO CAIXA DIREÇÃO;0;;
292;0486;11.58.6605;0486;11.58.6605;CATEGORIA0;;1;1;0;1;;CASCO CAIXA DIREÇÃO;CASCO CAIXA DIREÇÃO;0;;
292;0486;11.58.6700;0486;11.58.6700;CATEGORIA0;;1;1;0;1;;CASCO CAIXA DIREÇÃO;CASCO CAIXA DIREÇÃO;0;;
292;0486;11.58.6800;0486;11.58.6800;CATEGORIA0;;1;1;0;1;;CASCO CAIXA DIREÇÃO;CASCO CAIXA DIREÇÃO;0;;
292;0486;11.58.7000;0486;11.58.7000;CATEGORIA0;;1;1;0;1;;CASCO CAIXA DIREÇÃO;CASCO CAIXA DIREÇÃO;0;;
292;0486;11.58.7003;0486;11.58.7003;CATEGORIA0;;1;1;0;1;;CASCO CAIXA DIREÇÃO;CASCO CAIXA DIREÇÃO;0;;
292;0486;11.58.7200;0486;11.58.7200;CATEGORIA0;;1;1;0;1;;CASCO CAIXA DIREÇÃO;CASCO CAIXA DIREÇÃO;0;;
292;0486;11.58.7300;0486;11.58.7300;CATEGORIA0;;1;1;0;1;;CASCO CAIXA DIREÇÃO;CASCO CAIXA DIREÇÃO;0;;
292;0486;11.58.7500;0486;11.58.7500;CATEGORIA0;;1;1;0;1;;CASCO CAIXA DIREÇÃO;CASCO CAIXA DIREÇÃO;0;;
292;0486;11.58.8000;0486;11.58.8000;CATEGORIA0;;1;1;0;1;;CASCO CAIXA DIREÇÃO;CASCO CAIXA DIREÇÃO;0;;
292;0486;11.60.1100;0486;11.60.1100;CATEGORIA0;;1;1;0;1;;CASCO CAIXA DIREÇÃO;CASCO CAIXA DIREÇÃO;0;;
292;0486;11.60.1101;0486;11.60.1101;CATEGORIA0;;1;1;0;1;;CASCO CAIXA DIREÇÃO;CASCO CAIXA DIREÇÃO;0;;
292;0486;11.60.1102;0486;11.60.1102;CATEGORIA0;;1;1;0;1;;CASCO CAIXA DIREÇÃO;CASCO CAIXA DIREÇÃO;0;;
292;0486;11.60.1103;0486;11.60.1103;CATEGORIA0;;1;1;0;1;;CASCO CAIXA DIREÇÃO;CASCO CAIXA DIREÇÃO;0;;
292;0486;11.60.1110;0486;11.60.1110;CATEGORIA0;;1;1;0;1;;CASCO CAIXA DIREÇÃO;CASCO CAIXA DIREÇÃO;0;;
292;0486;11.60.1111;0486;11.60.1111;CATEGORIA0;;1;1;0;1;;CASCO CAIXA DIREÇÃO;CASCO CAIXA DIREÇÃO;0;;
292;0486;11.60.1120;0486;11.60.1120;CATEGORIA0;;1;1;0;1;;CASCO CAIXA DIREÇÃO;CASCO CAIXA DIREÇÃO;0;;
292;0486;11.60.2200;0486;11.60.2200;CATEGORIA0;;1;1;0;1;;CASCO CAIXA DIREÇÃO;CASCO CAIXA DIREÇÃO;0;;
292;0486;11.60.2210;0486;11.60.2210;CATEGORIA0;;1;1;0;1;;CASCO CAIXA DIREÇÃO;CASCO CAIXA DIREÇÃO;0;;
292;0486;11.60.2212;0486;11.60.2212;CATEGORIA0;;1;1;0;1;;CASCO CAIXA DIREÇÃO;CASCO CAIXA DIREÇÃO;0;;
292;0486;11.60.2500;0486;11.60.2500;CATEGORIA0;;1;1;0;1;;CASCO CAIXA DIREÇÃO;CASCO CAIXA DIREÇÃO;0;;
292;0486;11.60.2800;0486;11.60.2800;CATEGORIA0;;1;1;0;1;;CASCO CAIXA DIREÇÃO;CASCO CAIXA DIREÇÃO;0;;
292;0486;11.60.3200;0486;11.60.3200;CATEGORIA0;;1;1;0;1;;CASCO CAIXA DIREÇÃO;CASCO CAIXA DIREÇÃO;0;;
292;0486;11.60.3205;0486;11.60.3205;CATEGORIA0;;1;1;0;1;;CASCO CAIXA DIREÇÃO;CASCO CAIXA DIREÇÃO;0;;
292;0486;11.60.4000;0486;11.60.4000;CATEGORIA0;;1;1;0;1;;CASCO CAIXA DIREÇÃO;CASCO CAIXA DIREÇÃO;0;;
292;0486;11.60.4010;0486;11.60.4010;CATEGORIA0;;1;1;0;1;;CASCO CAIXA DIREÇÃO;CASCO CAIXA DIREÇÃO;0;;
292;0486;11.60.4020;0486;11.60.4020;CATEGORIA0;;1;1;0;1;;CASCO CAIXA DIREÇÃO;CASCO CAIXA DIREÇÃO;0;;
292;0486;11.60.4030;0486;11.60.4030;CATEGORIA0;;1;1;0;1;;CASCO CAIXA DIREÇÃO;CASCO CAIXA DIREÇÃO;0;;
292;0486;11.60.4040;0486;11.60.4040;CATEGORIA0;;1;1;0;1;;CASCO CAIXA DIREÇÃO;CASCO CAIXA DIREÇÃO;0;;
292;0486;11.60.5000;0486;11.60.5000;CATEGORIA0;;1;1;0;1;;CASCO CAIXA DIREÇÃO;CASCO CAIXA DIREÇÃO;0;;
292;0486;11.60.6000;0486;11.60.6000;CATEGORIA0;;1;1;0;1;;CASCO CAIXA DIREÇÃO;CASCO CAIXA DIREÇÃO;0;;
292;0486;11.60.6020;0486;11.60.6020;CATEGORIA0;;1;1;0;1;;CASCO CAIXA DIREÇÃO;CASCO CAIXA DIREÇÃO;0;;
292;0486;11.60.6500;0486;11.60.6500;CATEGORIA0;;1;1;0;1;;CASCO CAIXA DIREÇÃO;CASCO CAIXA DIREÇÃO;0;;
292;0486;11.60.7000;0486;11.60.7000;CATEGORIA0;;1;1;0;1;;CASCO CAIXA DIREÇÃO;CASCO CAIXA DIREÇÃO;0;;
292;0486;11.60.7100;0486;11.60.7100;CATEGORIA0;;1;1;0;1;;CASCO CAIXA DIREÇÃO;CASCO CAIXA DIREÇÃO;0;;
292;0486;11.60.7500;0486;11.60.7500;CATEGORIA0;;1;1;0;1;;CASCO CAIXA DIREÇÃO;CASCO CAIXA DIREÇÃO;0;;
292;0486;11.60.8000;0486;11.60.8000;CATEGORIA0;;1;1;0;1;;CASCO CAIXA DIREÇÃO;CASCO CAIXA DIREÇÃO;0;;
292;0486;11.60.8200;0486;11.60.8200;CATEGORIA0;;1;1;0;1;;CASCO CAIXA DIREÇÃO;CASCO CAIXA DIREÇÃO;0;;
292;0486;11.60.8300;0486;11.60.8300;CATEGORIA0;;1;1;0;1;;CASCO CAIXA DIREÇÃO;CASCO CAIXA DIREÇÃO;0;;
292;0486;11.60.8350;0486;11.60.8350;CATEGORIA0;;1;1;0;1;;CASCO CAIXA DIREÇÃO;CASCO CAIXA DIREÇÃO;0;;
292;0486;11.60.8500;0486;11.60.8500;CATEGORIA0;;1;1;0;1;;CASCO CAIXA DIREÇÃO;CASCO CAIXA DIREÇÃO;0;;
292;0486;11.60.8510;0486;11.60.8510;CATEGORIA0;;1;1;0;1;;CASCO CAIXA DIREÇÃO;CASCO CAIXA DIREÇÃO;0;;
292;0486;11.60.8600;0486;11.60.8600;CATEGORIA0;;1;1;0;1;;CASCO CAIXA DIREÇÃO;CASCO CAIXA DIREÇÃO;0;;
292;0486;11.60.8800;0486;11.60.8800;CATEGORIA0;;1;1;0;1;;CASCO CAIXA DIREÇÃO;CASCO CAIXA DIREÇÃO;0;;
292;0486;11.60.9000;0486;11.60.9000;CATEGORIA0;;1;1;0;1;;CASCO CAIXA DIREÇÃO;CASCO CAIXA DIREÇÃO;0;;
292;0486;11.62.4700;0486;11.62.4700;CATEGORIA0;;1;1;0;1;;CASCO CAIXA DIREÇÃO;CASCO CAIXA DIREÇÃO;0;;
292;0486;11.62.5500;0486;11.62.5500;CATEGORIA0;;1;1;0;1;;CASCO CAIXA DIREÇÃO;CASCO CAIXA DIREÇÃO;0;;
292;0486;11.62.5505;0486;11.62.5505;CATEGORIA0;;1;1;0;1;;CASCO CAIXA DIREÇÃO;CASCO CAIXA DIREÇÃO;0;;
292;0486;11.62.5600;0486;11.62.5600;CATEGORIA0;;1;1;0;1;;CASCO CAIXA DIREÇÃO;CASCO CAIXA DIREÇÃO;0;;
292;0486;11.62.5605;0486;11.62.5605;CATEGORIA0;;1;1;0;1;;CASCO CAIXA DIREÇÃO;CASCO CAIXA DIREÇÃO;0;;
292;0486;11.62.6000;0486;11.62.6000;CATEGORIA0;;1;1;0;1;;CASCO CAIXA DIREÇÃO;CASCO CAIXA DIREÇÃO;0;;
292;0486;11.62.6300;0486;11.62.6300;CATEGORIA0;;1;1;0;1;;CASCO CAIXA DIREÇÃO;CASCO CAIXA DIREÇÃO;0;;
292;0486;11.62.6500;0486;11.62.6500;CATEGORIA0;;1;1;0;1;;CASCO CAIXA DIREÇÃO;CASCO CAIXA DIREÇÃO;0;;
292;0486;11.62.7000;0486;11.62.7000;CATEGORIA0;;1;1;0;1;;CASCO CAIXA DIREÇÃO;CASCO CAIXA DIREÇÃO;0;;
292;0486;11.62.7050;0486;11.62.7050;CATEGORIA0;;1;1;0;1;;CASCO CAIXA DIREÇÃO;CASCO CAIXA DIREÇÃO;0;;
292;0486;11.62.7100;0486;11.62.7100;CATEGORIA0;;1;1;0;1;;CASCO CAIXA DIREÇÃO;CASCO CAIXA DIREÇÃO;0;;
292;0486;11.62.7500;0486;11.62.7500;CATEGORIA0;;1;1;0;1;;CASCO CAIXA DIREÇÃO;CASCO CAIXA DIREÇÃO;0;;
292;0486;11.62.7600;0486;11.62.7600;CATEGORIA0;;1;1;0;1;;CASCO CAIXA DIREÇÃO;CASCO CAIXA DIREÇÃO;0;;
292;0486;11.62.7700;0486;11.62.7700;CATEGORIA0;;1;1;0;1;;CASCO CAIXA DIREÇÃO;CASCO CAIXA DIREÇÃO;0;;
292;0486;11.62.7800;0486;11.62.7800;CATEGORIA0;;1;1;0;1;;CASCO CAIXA DIREÇÃO;CASCO CAIXA DIREÇÃO;0;;
292;0486;11.62.7802;0486;11.62.7802;CATEGORIA0;;1;1;0;1;;CASCO CAIXA DIREÇÃO;CASCO CAIXA DIREÇÃO;0;;
292;0486;11.62.7803;0486;11.62.7803;CATEGORIA0;;1;1;0;1;;CASCO CAIXA DIREÇÃO;CASCO CAIXA DIREÇÃO;0;;
292;0486;11.62.7805;0486;11.62.7805;CATEGORIA0;;1;1;0;1;;CASCO CAIXA DIREÇÃO;CASCO CAIXA DIREÇÃO;0;;
292;0486;11.62.7806;0486;11.62.7806;CATEGORIA0;;1;1;0;1;;CASCO CAIXA DIREÇÃO;CASCO CAIXA DIREÇÃO;0;;
292;0486;11.62.7810;0486;11.62.7810;CATEGORIA0;;1;1;0;1;;CASCO CAIXA DIREÇÃO;CASCO CAIXA DIREÇÃO;0;;
292;0486;11.62.7811;0486;11.62.7811;CATEGORIA0;;1;1;0;1;;CASCO CAIXA DIREÇÃO;CASCO CAIXA DIREÇÃO;0;;
292;0486;11.62.7830;0486;11.62.7830;CATEGORIA0;;1;1;0;1;;CASCO CAIXA DIREÇÃO;CASCO CAIXA DIREÇÃO;0;;
292;0486;11.62.9000;0486;11.62.9000;CATEGORIA0;;1;1;0;1;;CASCO CAIXA DIREÇÃO;CASCO CAIXA DIREÇÃO;0;;
292;0486;11.64.1100;0486;11.64.1100;CATEGORIA0;;1;1;0;1;;CASCO CAIXA DIREÇÃO;CASCO CAIXA DIREÇÃO;0;;
292;0486;11.64.1200;0486;11.64.1200;CATEGORIA0;;1;1;0;1;;CASCO CAIXA DIREÇÃO;CASCO CAIXA DIREÇÃO;0;;
292;0486;11.64.1300;0486;11.64.1300;CATEGORIA0;;1;1;0;1;;CASCO CAIXA DIREÇÃO;CASCO CAIXA DIREÇÃO;0;;
292;0486;11.64.1400;0486;11.64.1400;CATEGORIA0;;1;1;0;1;;CASCO CAIXA DIREÇÃO;CASCO CAIXA DIREÇÃO;0;;
292;0486;11.64.1402;0486;11.64.1402;CATEGORIA0;;1;1;0;1;;CASCO CAIXA DIREÇÃO;CASCO CAIXA DIREÇÃO;0;;
292;0486;11.64.1410;0486;11.64.1410;CATEGORIA0;;1;1;0;1;;CASCO CAIXA DIREÇÃO;CASCO CAIXA DIREÇÃO;0;;
292;0486;11.64.1415;0486;11.64.1415;CATEGORIA0;;1;1;0;1;;CASCO CAIXA DIREÇÃO;CASCO CAIXA DIREÇÃO;0;;
292;0486;11.64.1450;0486;11.64.1450;CATEGORIA0;;1;1;0;1;;CASCO CAIXA DIREÇÃO;CASCO CAIXA DIREÇÃO;0;;
292;0486;11.64.1460;0486;11.64.1460;CATEGORIA0;;1;1;0;1;;CASCO CAIXA DIREÇÃO;CASCO CAIXA DIREÇÃO;0;;
292;0486;11.64.1550;0486;11.64.1550;CATEGORIA0;;1;1;0;1;;CASCO CAIXA DIREÇÃO;CASCO CAIXA DIREÇÃO;0;;
292;0486;11.64.1560;0486;11.64.1560;CATEGORIA0;;1;1;0;1;;CASCO CAIXA DIREÇÃO;CASCO CAIXA DIREÇÃO;0;;
292;0486;11.64.1570;0486;11.64.1570;CATEGORIA0;;1;1;0;1;;CASCO CAIXA DIREÇÃO;CASCO CAIXA DIREÇÃO;0;;
292;0486;11.64.1580;0486;11.64.1580;CATEGORIA0;;1;1;0;1;;CASCO CAIXA DIREÇÃO;CASCO CAIXA DIREÇÃO;0;;
292;0486;11.64.1585;0486;11.64.1585;CATEGORIA0;;1;1;0;1;;CASCO CAIXA DIREÇÃO;CASCO CAIXA DIREÇÃO;0;;
292;0486;11.64.1587;0486;11.64.1587;CATEGORIA0;;1;1;0;1;;CASCO CAIXA DIREÇÃO;CASCO CAIXA DIREÇÃO;0;;
292;0486;11.64.1590;0486;11.64.1590;CATEGORIA0;;1;1;0;1;;CASCO CAIXA DIREÇÃO;CASCO CAIXA DIREÇÃO;0;;
292;0486;11.64.1675;0486;11.64.1675;CATEGORIA0;;1;1;0;1;;CASCO CAIXA DIREÇÃO;CASCO CAIXA DIREÇÃO;0;;
292;0486;11.64.1680;0486;11.64.1680;CATEGORIA0;;1;1;0;1;;CASCO CAIXA DIREÇÃO;CASCO CAIXA DIREÇÃO;0;;
292;0486;11.64.1682;0486;11.64.1682;CATEGORIA0;;1;1;0;1;;CASCO CAIXA DIREÇÃO;CASCO CAIXA DIREÇÃO;0;;
292;0486;11.64.1780;0486;11.64.1780;CATEGORIA0;;1;1;0;1;;CASCO CAIXA DIREÇÃO;CASCO CAIXA DIREÇÃO;0;;
292;0486;11.64.1790;0486;11.64.1790;CATEGORIA0;;1;1;0;1;;CASCO CAIXA DIREÇÃO;CASCO CAIXA DIREÇÃO;0;;
292;0486;11.64.1800;0486;11.64.1800;CATEGORIA0;;1;1;0;1;;CASCO CAIXA DIREÇÃO;CASCO CAIXA DIREÇÃO;0;;
292;0486;11.64.1850;0486;11.64.1850;CATEGORIA0;;1;1;0;1;;CASCO CAIXA DIREÇÃO;CASCO CAIXA DIREÇÃO;0;;
292;0486;11.64.1855;0486;11.64.1855;CATEGORIA0;;1;1;0;1;;CASCO CAIXA DIREÇÃO;CASCO CAIXA DIREÇÃO;0;;
292;0486;11.64.1860;0486;11.64.1860;CATEGORIA0;;1;1;0;1;;CASCO CAIXA DIREÇÃO;CASCO CAIXA DIREÇÃO;0;;
292;0486;11.64.1865;0486;11.64.1865;CATEGORIA0;;1;1;0;1;;CASCO CAIXA DIREÇÃO;CASCO CAIXA DIREÇÃO;0;;
292;0486;11.64.1900;0486;11.64.1900;CATEGORIA0;;1;1;0;1;;CASCO CAIXA DIREÇÃO;CASCO CAIXA DIREÇÃO;0;;
292;0486;11.64.1905;0486;11.64.1905;CATEGORIA0;;1;1;0;1;;CASCO CAIXA DIREÇÃO;CASCO CAIXA DIREÇÃO;0;;
292;0486;11.64.2000;0486;11.64.2000;CATEGORIA0;;1;1;0;1;;CASCO CAIXA DIREÇÃO;CASCO CAIXA DIREÇÃO;0;;
292;0486;11.66.1500;0486;11.66.1500;CATEGORIA0;;1;1;0;1;;CASCO CAIXA DIREÇÃO;CASCO CAIXA DIREÇÃO;0;;
292;0486;11.66.1600;0486;11.66.1600;CATEGORIA0;;1;1;0;1;;CASCO CAIXA DIREÇÃO;CASCO CAIXA DIREÇÃO;0;;
292;0486;11.66.1610;0486;11.66.1610;CATEGORIA0;;1;1;0;1;;CASCO CAIXA DIREÇÃO;CASCO CAIXA DIREÇÃO;0;;
292;0486;11.68.6300;0486;11.68.6300;CATEGORIA0;;1;1;0;1;;CASCO CAIXA DIREÇÃO;CASCO CAIXA DIREÇÃO;0;;
292;0486;11.68.6302;0486;11.68.6302;CATEGORIA0;;1;1;0;1;;CASCO CAIXA DIREÇÃO;CASCO CAIXA DIREÇÃO;0;;
292;0486;11.68.6305;0486;11.68.6305;CATEGORIA0;;1;1;0;1;;CASCO CAIXA DIREÇÃO;CASCO CAIXA DIREÇÃO;0;;
292;0486;11.68.6400;0486;11.68.6400;CATEGORIA0;;1;1;0;1;;CASCO CAIXA DIREÇÃO;CASCO CAIXA DIREÇÃO;0;;
292;0486;11.68.6405;0486;11.68.6405;CATEGORIA0;;1;1;0;1;;CASCO CAIXA DIREÇÃO;CASCO CAIXA DIREÇÃO;0;;
292;0486;11.68.6500;0486;11.68.6500;CATEGORIA0;;1;1;0;1;;CASCO CAIXA DIREÇÃO;CASCO CAIXA DIREÇÃO;0;;
292;0486;11.68.6600;0486;11.68.6600;CATEGORIA0;;1;1;0;1;;CASCO CAIXA DIREÇÃO;CASCO CAIXA DIREÇÃO;0;;
292;0486;11.69.0500;0486;11.69.0500;CATEGORIA0;;1;1;0;1;;CASCO CAIXA DIREÇÃO;CASCO CAIXA DIREÇÃO;0;;
292;0486;11.69.7000;0486;11.69.7000;CATEGORIA0;;1;1;0;1;;CASCO CAIXA DIREÇÃO;CASCO CAIXA DIREÇÃO;0;;
292;0486;11.70.5290;0486;11.70.5290;CATEGORIA0;;1;1;0;1;;CASCO CAIXA DIREÇÃO;CASCO CAIXA DIREÇÃO;0;;
292;0486;11.70.5300;0486;11.70.5300;CATEGORIA0;;1;1;0;1;;CASCO CAIXA DIREÇÃO;CASCO CAIXA DIREÇÃO;0;;
292;0486;11.70.5325;0486;11.70.5325;CATEGORIA0;;1;1;0;1;;CASCO CAIXA DIREÇÃO;CASCO CAIXA DIREÇÃO;0;;
292;0486;11.70.5350;0486;11.70.5350;CATEGORIA0;;1;1;0;1;;CASCO CAIXA DIREÇÃO;CASCO CAIXA DIREÇÃO;0;;
292;0486;11.70.5375;0486;11.70.5375;CATEGORIA0;;1;1;0;1;;CASCO CAIXA DIREÇÃO;CASCO CAIXA DIREÇÃO;0;;
292;0486;11.70.5380;0486;11.70.5380;CATEGORIA0;;1;1;0;1;;CASCO CAIXA DIREÇÃO;CASCO CAIXA DIREÇÃO;0;;
292;0486;11.70.5410;0486;11.70.5410;CATEGORIA0;;1;1;0;1;;CASCO CAIXA DIREÇÃO;CASCO CAIXA DIREÇÃO;0;;
292;0486;11.70.5415;0486;11.70.5415;CATEGORIA0;;1;1;0;1;;CASCO CAIXA DIREÇÃO;CASCO CAIXA DIREÇÃO;0;;
292;0486;11.70.5420;0486;11.70.5420;CATEGORIA0;;1;1;0;1;;CASCO CAIXA DIREÇÃO;CASCO CAIXA DIREÇÃO;0;;
292;0486;11.70.5450;0486;11.70.5450;CATEGORIA0;;1;1;0;1;;CASCO CAIXA DIREÇÃO;CASCO CAIXA DIREÇÃO;0;;
292;0486;11.70.5460;0486;11.70.5460;CATEGORIA0;;1;1;0;1;;CASCO CAIXA DIREÇÃO;CASCO CAIXA DIREÇÃO;0;;
292;0486;11.70.5600;0486;11.70.5600;CATEGORIA0;;1;1;0;1;;CASCO CAIXA DIREÇÃO;CASCO CAIXA DIREÇÃO;0;;
292;0486;11.70.5605;0486;11.70.5605;CATEGORIA0;;1;1;0;1;;CASCO CAIXA DIREÇÃO;CASCO CAIXA DIREÇÃO;0;;
292;0486;11.70.5650;0486;11.70.5650;CATEGORIA0;;1;1;0;1;;CASCO CAIXA DIREÇÃO;CASCO CAIXA DIREÇÃO;0;;
292;0486;11.70.5655;0486;11.70.5655;CATEGORIA0;;1;1;0;1;;CASCO CAIXA DIREÇÃO;CASCO CAIXA DIREÇÃO;0;;
292;0486;11.70.5900;0486;11.70.5900;CATEGORIA0;;1;1;0;1;;CASCO CAIXA DIREÇÃO;CASCO CAIXA DIREÇÃO;0;;
292;0486;11.70.6000;0486;11.70.6000;CATEGORIA0;;1;1;0;1;;CASCO CAIXA DIREÇÃO;CASCO CAIXA DIREÇÃO;0;;
292;0486;11.70.6005;0486;11.70.6005;CATEGORIA0;;1;1;0;1;;CASCO CAIXA DIREÇÃO;CASCO CAIXA DIREÇÃO;0;;
292;0486;11.70.6015;0486;11.70.6015;CATEGORIA0;;1;1;0;1;;CASCO CAIXA DIREÇÃO;CASCO CAIXA DIREÇÃO;0;;
292;0486;11.70.6025;0486;11.70.6025;CATEGORIA0;;1;1;0;1;;CASCO CAIXA DIREÇÃO;CASCO CAIXA DIREÇÃO;0;;
292;0486;11.70.6030;0486;11.70.6030;CATEGORIA0;;1;1;0;1;;CASCO CAIXA DIREÇÃO;CASCO CAIXA DIREÇÃO;0;;
292;0486;11.70.6035;0486;11.70.6035;CATEGORIA0;;1;1;0;1;;CASCO CAIXA DIREÇÃO;CASCO CAIXA DIREÇÃO;0;;
292;0486;11.70.6050;0486;11.70.6050;CATEGORIA0;;1;1;0;1;;CASCO CAIXA DIREÇÃO;CASCO CAIXA DIREÇÃO;0;;
292;0486;11.70.6055;0486;11.70.6055;CATEGORIA0;;1;1;0;1;;CASCO CAIXA DIREÇÃO;CASCO CAIXA DIREÇÃO;0;;
292;0486;11.70.6100;0486;11.70.6100;CATEGORIA0;;1;1;0;1;;CASCO CAIXA DIREÇÃO;CASCO CAIXA DIREÇÃO;0;;
292;0486;11.70.6115;0486;11.70.6115;CATEGORIA0;;1;1;0;1;;CASCO CAIXA DIREÇÃO;CASCO CAIXA DIREÇÃO;0;;
292;0486;11.70.6125;0486;11.70.6125;CATEGORIA0;;1;1;0;1;;CASCO CAIXA DIREÇÃO;CASCO CAIXA DIREÇÃO;0;;
292;0486;11.70.6300;0486;11.70.6300;CATEGORIA0;;1;1;0;1;;CASCO CAIXA DIREÇÃO;CASCO CAIXA DIREÇÃO;0;;
292;0486;11.70.6305;0486;11.70.6305;CATEGORIA0;;1;1;0;1;;CASCO CAIXA DIREÇÃO;CASCO CAIXA DIREÇÃO;0;;
292;0486;11.70.6325;0486;11.70.6325;CATEGORIA0;;1;1;0;1;;CASCO CAIXA DIREÇÃO;CASCO CAIXA DIREÇÃO;0;;
292;0486;11.70.6330;0486;11.70.6330;CATEGORIA0;;1;1;0;1;;CASCO CAIXA DIREÇÃO;CASCO CAIXA DIREÇÃO;0;;
292;0486;11.70.6350;0486;11.70.6350;CATEGORIA0;;1;1;0;1;;CASCO CAIXA DIREÇÃO;CASCO CAIXA DIREÇÃO;0;;
292;0486;11.70.6352;0486;11.70.6352;CATEGORIA0;;1;1;0;1;;CASCO CAIXA DIREÇÃO;CASCO CAIXA DIREÇÃO;0;;
292;0486;11.70.6355;0486;11.70.6355;CATEGORIA0;;1;1;0;1;;CASCO CAIXA DIREÇÃO;CASCO CAIXA DIREÇÃO;0;;
292;0486;11.70.6360;0486;11.70.6360;CATEGORIA0;;1;1;0;1;;CASCO CAIXA DIREÇÃO;CASCO CAIXA DIREÇÃO;0;;
292;0486;11.70.6375;0486;11.70.6375;CATEGORIA0;;1;1;0;1;;CASCO CAIXA DIREÇÃO;CASCO CAIXA DIREÇÃO;0;;
292;0486;11.70.6400;0486;11.70.6400;CATEGORIA0;;1;1;0;1;;CASCO CAIXA DIREÇÃO;CASCO CAIXA DIREÇÃO;0;;
292;0486;11.70.6425;0486;11.70.6425;CATEGORIA0;;1;1;0;1;;CASCO CAIXA DIREÇÃO;CASCO CAIXA DIREÇÃO;0;;
292;0486;11.70.6430;0486;11.70.6430;CATEGORIA0;;1;1;0;1;;CASCO CAIXA DIREÇÃO;CASCO CAIXA DIREÇÃO;0;;
292;0486;11.70.6450;0486;11.70.6450;CATEGORIA0;;1;1;0;1;;CASCO CAIXA DIREÇÃO;CASCO CAIXA DIREÇÃO;0;;
292;0486;11.70.6455;0486;11.70.6455;CATEGORIA0;;1;1;0;1;;CASCO CAIXA DIREÇÃO;CASCO CAIXA DIREÇÃO;0;;
292;0486;11.70.6456;0486;11.70.6456;CATEGORIA0;;1;1;0;1;;CASCO CAIXA DIREÇÃO;CASCO CAIXA DIREÇÃO;0;;
292;0486;11.70.6457;0486;11.70.6457;CATEGORIA0;;1;1;0;1;;CASCO CAIXA DIREÇÃO;CASCO CAIXA DIREÇÃO;0;;
292;0486;11.70.6460;0486;11.70.6460;CATEGORIA0;;1;1;0;1;;CASCO CAIXA DIREÇÃO;CASCO CAIXA DIREÇÃO;0;;
292;0486;11.70.6470;0486;11.70.6470;CATEGORIA0;;1;1;0;1;;CASCO CAIXA DIREÇÃO;CASCO CAIXA DIREÇÃO;0;;
292;0486;11.70.6472;0486;11.70.6472;CATEGORIA0;;1;1;0;1;;CASCO CAIXA DIREÇÃO;CASCO CAIXA DIREÇÃO;0;;
292;0486;11.70.6500;0486;11.70.6500;CATEGORIA0;;1;1;0;1;;CASCO CAIXA DIREÇÃO;CASCO CAIXA DIREÇÃO;0;;
292;0486;11.70.6520;0486;11.70.6520;CATEGORIA0;;1;1;0;1;;CASCO CAIXA DIREÇÃO;CASCO CAIXA DIREÇÃO;0;;
292;0486;11.70.6600;0486;11.70.6600;CATEGORIA0;;1;1;0;1;;CASCO CAIXA DIREÇÃO;CASCO CAIXA DIREÇÃO;0;;
292;0486;11.70.6610;0486;11.70.6610;CATEGORIA0;;1;1;0;1;;CASCO CAIXA DIREÇÃO;CASCO CAIXA DIREÇÃO;0;;
292;0486;11.70.6620;0486;11.70.6620;CATEGORIA0;;1;1;0;1;;CASCO CAIXA DIREÇÃO;CASCO CAIXA DIREÇÃO;0;;
292;0486;11.70.6630;0486;11.70.6630;CATEGORIA0;;1;1;0;1;;CASCO CAIXA DIREÇÃO;CASCO CAIXA DIREÇÃO;0;;
292;0486;11.70.6640;0486;11.70.6640;CATEGORIA0;;1;1;0;1;;CASCO CAIXA DIREÇÃO;CASCO CAIXA DIREÇÃO;0;;
292;0486;11.70.6650;0486;11.70.6650;CATEGORIA0;;1;1;0;1;;CASCO CAIXA DIREÇÃO;CASCO CAIXA DIREÇÃO;0;;
292;0486;11.70.6700;0486;11.70.6700;CATEGORIA0;;1;1;0;1;;CASCO CAIXA DIREÇÃO;CASCO CAIXA DIREÇÃO;0;;
292;0486;11.70.6710;0486;11.70.6710;CATEGORIA0;;1;1;0;1;;CASCO CAIXA DIREÇÃO;CASCO CAIXA DIREÇÃO;0;;
292;0486;11.70.6730;0486;11.70.6730;CATEGORIA0;;1;1;0;1;;CASCO CAIXA DIREÇÃO;CASCO CAIXA DIREÇÃO;0;;
292;0486;11.70.6800;0486;11.70.6800;CATEGORIA0;;1;1;0;1;;CASCO CAIXA DIREÇÃO;CASCO CAIXA DIREÇÃO;0;;
292;0486;11.70.6900;0486;11.70.6900;CATEGORIA0;;1;1;0;1;;CASCO CAIXA DIREÇÃO;CASCO CAIXA DIREÇÃO;0;;
292;0486;11.70.7000;0486;11.70.7000;CATEGORIA0;;1;1;0;1;;CASCO CAIXA DIREÇÃO;CASCO CAIXA DIREÇÃO;0;;
292;0486;11.70.7010;0486;11.70.7010;CATEGORIA0;;1;1;0;1;;CASCO CAIXA DIREÇÃO;CASCO CAIXA DIREÇÃO;0;;
292;0486;11.70.7100;0486;11.70.7100;CATEGORIA0;;1;1;0;1;;CASCO CAIXA DIREÇÃO;CASCO CAIXA DIREÇÃO;0;;
292;0486;11.70.7500;0486;11.70.7500;CATEGORIA0;;1;1;0;1;;CASCO CAIXA DIREÇÃO;CASCO CAIXA DIREÇÃO;0;;
292;0486;11.72.3000;0486;11.72.3000;CATEGORIA0;;1;1;0;1;;CASCO CAIXA DIREÇÃO;CASCO CAIXA DIREÇÃO;0;;
292;0486;11.72.3100;0486;11.72.3100;CATEGORIA0;;1;1;0;1;;CASCO CAIXA DIREÇÃO;CASCO CAIXA DIREÇÃO;0;;
292;0486;11.74.4000;0486;11.74.4000;CATEGORIA0;;1;1;0;1;;CASCO CAIXA DIREÇÃO;CASCO CAIXA DIREÇÃO;0;;
292;0486;11.74.4500;0486;11.74.4500;CATEGORIA0;;1;1;0;1;;CASCO CAIXA DIREÇÃO;CASCO CAIXA DIREÇÃO;0;;
292;0486;11.74.5000;0486;11.74.5000;CATEGORIA0;;1;1;0;1;;CASCO CAIXA DIREÇÃO;CASCO CAIXA DIREÇÃO;0;;
292;0486;11.74.5005;0486;11.74.5005;CATEGORIA0;;1;1;0;1;;CASCO CAIXA DIREÇÃO;CASCO CAIXA DIREÇÃO;0;;
292;0486;11.74.5006;0486;11.74.5006;CATEGORIA0;;1;1;0;1;;CASCO CAIXA DIREÇÃO;CASCO CAIXA DIREÇÃO;0;;
292;0486;11.74.5150;0486;11.74.5150;CATEGORIA0;;1;1;0;1;;CASCO CAIXA DIREÇÃO;CASCO CAIXA DIREÇÃO;0;;
292;0486;11.74.5200;0486;11.74.5200;CATEGORIA0;;1;1;0;1;;CASCO CAIXA DIREÇÃO;CASCO CAIXA DIREÇÃO;0;;
292;0486;11.74.5300;0486;11.74.5300;CATEGORIA0;;1;1;0;1;;CASCO CAIXA DIREÇÃO;CASCO CAIXA DIREÇÃO;0;;
292;0486;11.74.5400;0486;11.74.5400;CATEGORIA0;;1;1;0;1;;CASCO CAIXA DIREÇÃO;CASCO CAIXA DIREÇÃO;0;;
292;0486;11.74.5500;0486;11.74.5500;CATEGORIA0;;1;1;0;1;;CASCO CAIXA DIREÇÃO;CASCO CAIXA DIREÇÃO;0;;
292;0486;11.74.5510;0486;11.74.5510;CATEGORIA0;;1;1;0;1;;CASCO CAIXA DIREÇÃO;CASCO CAIXA DIREÇÃO;0;;
292;0486;11.74.5515;0486;11.74.5515;CATEGORIA0;;1;1;0;1;;CASCO CAIXA DIREÇÃO;CASCO CAIXA DIREÇÃO;0;;
292;0486;11.74.5520;0486;11.74.5520;CATEGORIA0;;1;1;0;1;;CASCO CAIXA DIREÇÃO;CASCO CAIXA DIREÇÃO;0;;
292;0486;11.74.5800;0486;11.74.5800;CATEGORIA0;;1;1;0;1;;CASCO CAIXA DIREÇÃO;CASCO CAIXA DIREÇÃO;0;;
292;0486;11.74.5900;0486;11.74.5900;CATEGORIA0;;1;1;0;1;;CASCO CAIXA DIREÇÃO;CASCO CAIXA DIREÇÃO;0;;
292;0486;11.74.6000;0486;11.74.6000;CATEGORIA0;;1;1;0;1;;CASCO CAIXA DIREÇÃO;CASCO CAIXA DIREÇÃO;0;;
292;0486;11.76.2100;0486;11.76.2100;CATEGORIA0;;1;1;0;1;;CASCO CAIXA DIREÇÃO;CASCO CAIXA DIREÇÃO;0;;
292;0486;11.76.2120;0486;11.76.2120;CATEGORIA0;;1;1;0;1;;CASCO CAIXA DIREÇÃO;CASCO CAIXA DIREÇÃO;0;;
292;0486;11.76.2175;0486;11.76.2175;CATEGORIA0;;1;1;0;1;;CASCO CAIXA DIREÇÃO;CASCO CAIXA DIREÇÃO;0;;
292;0486;11.76.2200;0486;11.76.2200;CATEGORIA0;;1;1;0;1;;CASCO CAIXA DIREÇÃO;CASCO CAIXA DIREÇÃO;0;;
292;0486;11.76.2250;0486;11.76.2250;CATEGORIA0;;1;1;0;1;;CASCO CAIXA DIREÇÃO;CASCO CAIXA DIREÇÃO;0;;
292;0486;11.76.2260;0486;11.76.2260;CATEGORIA0;;1;1;0;1;;CASCO CAIXA DIREÇÃO;CASCO CAIXA DIREÇÃO;0;;
292;0486;11.76.2270;0486;11.76.2270;CATEGORIA0;;1;1;0;1;;CASCO CAIXA DIREÇÃO;CASCO CAIXA DIREÇÃO;0;;
292;0486;11.76.2300;0486;11.76.2300;CATEGORIA0;;1;1;0;1;;CASCO CAIXA DIREÇÃO;CASCO CAIXA DIREÇÃO;0;;
292;0486;11.76.2302;0486;11.76.2302;CATEGORIA0;;1;1;0;1;;CASCO CAIXA DIREÇÃO;CASCO CAIXA DIREÇÃO;0;;
292;0486;11.78.1100;0486;11.78.1100;CATEGORIA0;;1;1;0;1;;CASCO CAIXA DIREÇÃO;CASCO CAIXA DIREÇÃO;0;;
292;0486;11.78.1111;0486;11.78.1111;CATEGORIA0;;1;1;0;1;;CASCO CAIXA DIREÇÃO;CASCO CAIXA DIREÇÃO;0;;
292;0486;11.80.1500;0486;11.80.1500;CATEGORIA0;;1;1;0;1;;CASCO CAIXA DIREÇÃO;CASCO CAIXA DIREÇÃO;0;;
292;0486;11.80.3100;0486;11.80.3100;CATEGORIA0;;1;1;0;1;;CASCO CAIXA DIREÇÃO;CASCO CAIXA DIREÇÃO;0;;
292;0486;11.83.4500;0486;11.83.4500;CATEGORIA0;;1;1;0;1;;CASCO CAIXA DIREÇÃO;CASCO CAIXA DIREÇÃO;0;;
292;0486;11.83.4550;0486;11.83.4550;CATEGORIA0;;1;1;0;1;;CASCO CAIXA DIREÇÃO;CASCO CAIXA DIREÇÃO;0;;
292;0486;11.83.4570;0486;11.83.4570;CATEGORIA0;;1;1;0;1;;CASCO CAIXA DIREÇÃO;CASCO CAIXA DIREÇÃO;0;;
292;0486;11.83.4590;0486;11.83.4590;CATEGORIA0;;1;1;0;1;;CASCO CAIXA DIREÇÃO;CASCO CAIXA DIREÇÃO;0;;
292;0486;11.83.4650;0486;11.83.4650;CATEGORIA0;;1;1;0;1;;CASCO CAIXA DIREÇÃO;CASCO CAIXA DIREÇÃO;0;;
292;0486;11.83.4800;0486;11.83.4800;CATEGORIA0;;1;1;0;1;;CASCO CAIXA DIREÇÃO;CASCO CAIXA DIREÇÃO;0;;
292;0486;11.83.4802;0486;11.83.4802;CATEGORIA0;;1;1;0;1;;CASCO CAIXA DIREÇÃO;CASCO CAIXA DIREÇÃO;0;;
292;0486;11.83.4900;0486;11.83.4900;CATEGORIA0;;1;1;0;1;;CASCO CAIXA DIREÇÃO;CASCO CAIXA DIREÇÃO;0;;
292;0486;11.83.5000;0486;11.83.5000;CATEGORIA0;;1;1;0;1;;CASCO CAIXA DIREÇÃO;CASCO CAIXA DIREÇÃO;0;;
292;0486;11.85.2200;0486;11.85.2200;CATEGORIA0;;1;1;0;1;;CASCO CAIXA DIREÇÃO;CASCO CAIXA DIREÇÃO;0;;
292;0486;11.85.2300;0486;11.85.2300;CATEGORIA0;;1;1;0;1;;CASCO CAIXA DIREÇÃO;CASCO CAIXA DIREÇÃO;0;;
292;0486;11.85.2400;0486;11.85.2400;CATEGORIA0;;1;1;0;1;;CASCO CAIXA DIREÇÃO;CASCO CAIXA DIREÇÃO;0;;
292;0486;11.85.2405;0486;11.85.2405;CATEGORIA0;;1;1;0;1;;CASCO CAIXA DIREÇÃO;CASCO CAIXA DIREÇÃO;0;;
292;0486;11.85.2500;0486;11.85.2500;CATEGORIA0;;1;1;0;1;;CASCO CAIXA DIREÇÃO;CASCO CAIXA DIREÇÃO;0;;
292;0486;11.85.2600;0486;11.85.2600;CATEGORIA0;;1;1;0;1;;CASCO CAIXA DIREÇÃO;CASCO CAIXA DIREÇÃO;0;;
292;0486;11.85.2700;0486;11.85.2700;CATEGORIA0;;1;1;0;1;;CASCO CAIXA DIREÇÃO;CASCO CAIXA DIREÇÃO;0;;
292;0486;11.87.4300;0486;11.87.4300;CATEGORIA0;;1;1;0;1;;CASCO CAIXA DIREÇÃO;CASCO CAIXA DIREÇÃO;0;;
292;0486;11.87.4500;0486;11.87.4500;CATEGORIA0;;1;1;0;1;;CASCO CAIXA DIREÇÃO;CASCO CAIXA DIREÇÃO;0;;
292;0486;11.87.4505;0486;11.87.4505;CATEGORIA0;;1;1;0;1;;CASCO CAIXA DIREÇÃO;CASCO CAIXA DIREÇÃO;0;;
292;0486;11.87.9000;0486;11.87.9000;CATEGORIA0;;1;1;0;1;;CASCO CAIXA DIREÇÃO;CASCO CAIXA DIREÇÃO;0;;
292;0486;11.87.9500;0486;11.87.9500;CATEGORIA0;;1;1;0;1;;CASCO CAIXA DIREÇÃO;CASCO CAIXA DIREÇÃO;0;;
292;0486;11.89.1000;0486;11.89.1000;CATEGORIA0;;1;1;0;1;;CASCO CAIXA DIREÇÃO;CASCO CAIXA DIREÇÃO;0;;
292;0486;11.91.1200;0486;11.91.1200;CATEGORIA0;;1;1;0;1;;CASCO CAIXA DIREÇÃO;CASCO CAIXA DIREÇÃO;0;;
292;0486;11.91.1205;0486;11.91.1205;CATEGORIA0;;1;1;0;1;;CASCO CAIXA DIREÇÃO;CASCO CAIXA DIREÇÃO;0;;
292;0486;11.91.1210;0486;11.91.1210;CATEGORIA0;;1;1;0;1;;CASCO CAIXA DIREÇÃO;CASCO CAIXA DIREÇÃO;0;;
292;0486;11.91.1215;0486;11.91.1215;CATEGORIA0;;1;1;0;1;;CASCO CAIXA DIREÇÃO;CASCO CAIXA DIREÇÃO;0;;
292;0486;11.91.1225;0486;11.91.1225;CATEGORIA0;;1;1;0;1;;CASCO CAIXA DIREÇÃO;CASCO CAIXA DIREÇÃO;0;;
292;0486;11.91.1240;0486;11.91.1240;CATEGORIA0;;1;1;0;1;;CASCO CAIXA DIREÇÃO;CASCO CAIXA DIREÇÃO;0;;
292;0486;11.93.1325;0486;11.93.1325;CATEGORIA0;;1;1;0;1;;CASCO CAIXA DIREÇÃO;CASCO CAIXA DIREÇÃO;0;;
292;0486;11.93.1327;0486;11.93.1327;CATEGORIA0;;1;1;0;1;;CASCO CAIXA DIREÇÃO;CASCO CAIXA DIREÇÃO;0;;
292;0486;11.93.1410;0486;11.93.1410;CATEGORIA0;;1;1;0;1;;CASCO CAIXA DIREÇÃO;CASCO CAIXA DIREÇÃO;0;;
292;0486;11.93.1412;0486;11.93.1412;CATEGORIA0;;1;1;0;1;;CASCO CAIXA DIREÇÃO;CASCO CAIXA DIREÇÃO;0;;
292;0486;11.93.1414;0486;11.93.1414;CATEGORIA0;;1;1;0;1;;CASCO CAIXA DIREÇÃO;CASCO CAIXA DIREÇÃO;0;;
292;0486;11.93.1415;0486;11.93.1415;CATEGORIA0;;1;1;0;1;;CASCO CAIXA DIREÇÃO;CASCO CAIXA DIREÇÃO;0;;
292;0486;11.93.1420;0486;11.93.1420;CATEGORIA0;;1;1;0;1;;CASCO CAIXA DIREÇÃO;CASCO CAIXA DIREÇÃO;0;;
292;0486;11.93.1480;0486;11.93.1480;CATEGORIA0;;1;1;0;1;;CASCO CAIXA DIREÇÃO;CASCO CAIXA DIREÇÃO;0;;
292;0486;11.93.1482;0486;11.93.1482;CATEGORIA0;;1;1;0;1;;CASCO CAIXA DIREÇÃO;CASCO CAIXA DIREÇÃO;0;;
292;0486;11.93.1483;0486;11.93.1483;CATEGORIA0;;1;1;0;1;;CASCO CAIXA DIREÇÃO;CASCO CAIXA DIREÇÃO;0;;
292;0486;11.93.1485;0486;11.93.1485;CATEGORIA0;;1;1;0;1;;CASCO CAIXA DIREÇÃO;CASCO CAIXA DIREÇÃO;0;;
292;0486;11.93.1490;0486;11.93.1490;CATEGORIA0;;1;1;0;1;;CASCO CAIXA DIREÇÃO;CASCO CAIXA DIREÇÃO;0;;
292;0486;11.93.1520;0486;11.93.1520;CATEGORIA0;;1;1;0;1;;CASCO CAIXA DIREÇÃO;CASCO CAIXA DIREÇÃO;0;;
292;0486;11.93.1530;0486;11.93.1530;CATEGORIA0;;1;1;0;1;;CASCO CAIXA DIREÇÃO;CASCO CAIXA DIREÇÃO;0;;
292;0486;11.93.1550;0486;11.93.1550;CATEGORIA0;;1;1;0;1;;CASCO CAIXA DIREÇÃO;CASCO CAIXA DIREÇÃO;0;;
292;0486;11.93.1560;0486;11.93.1560;CATEGORIA0;;1;1;0;1;;CASCO CAIXA DIREÇÃO;CASCO CAIXA DIREÇÃO;0;;
292;0486;11.93.1570;0486;11.93.1570;CATEGORIA0;;1;1;0;1;;CASCO CAIXA DIREÇÃO;CASCO CAIXA DIREÇÃO;0;;
292;0486;11.93.1580;0486;11.93.1580;CATEGORIA0;;1;1;0;1;;CASCO CAIXA DIREÇÃO;CASCO CAIXA DIREÇÃO;0;;
292;0486;11.93.1590;0486;11.93.1590;CATEGORIA0;;1;1;0;1;;CASCO CAIXA DIREÇÃO;CASCO CAIXA DIREÇÃO;0;;
292;0486;11.93.1700;0486;11.93.1700;CATEGORIA0;;1;1;0;1;;CASCO CAIXA DIREÇÃO;CASCO CAIXA DIREÇÃO;0;;
292;0486;11.93.1800;0486;11.93.1800;CATEGORIA0;;1;1;0;1;;CASCO CAIXA DIREÇÃO;CASCO CAIXA DIREÇÃO;0;;
292;0486;11.93.2000;0486;11.93.2000;CATEGORIA0;;1;1;0;1;;CASCO CAIXA DIREÇÃO;CASCO CAIXA DIREÇÃO;0;;
292;0486;11.93.2020;0486;11.93.2020;CATEGORIA0;;1;1;0;1;;CASCO CAIXA DIREÇÃO;CASCO CAIXA DIREÇÃO;0;;
292;0486;11.93.2030;0486;11.93.2030;CATEGORIA0;;1;1;0;1;;CASCO CAIXA DIREÇÃO;CASCO CAIXA DIREÇÃO;0;;
292;0486;11.93.2050;0486;11.93.2050;CATEGORIA0;;1;1;0;1;;CASCO CAIXA DIREÇÃO;CASCO CAIXA DIREÇÃO;0;;
292;0486;11.93.2060;0486;11.93.2060;CATEGORIA0;;1;1;0;1;;CASCO CAIXA DIREÇÃO;CASCO CAIXA DIREÇÃO;0;;
292;0486;11.93.2070;0486;11.93.2070;CATEGORIA0;;1;1;0;1;;CASCO CAIXA DIREÇÃO;CASCO CAIXA DIREÇÃO;0;;
292;0486;11.93.2075;0486;11.93.2075;CATEGORIA0;;1;1;0;1;;CASCO CAIXA DIREÇÃO;CASCO CAIXA DIREÇÃO;0;;
292;0486;11.93.2076;0486;11.93.2076;CATEGORIA0;;1;1;0;1;;CASCO CAIXA DIREÇÃO;CASCO CAIXA DIREÇÃO;0;;
292;0486;11.93.2080;0486;11.93.2080;CATEGORIA0;;1;1;0;1;;CASCO CAIXA DIREÇÃO;CASCO CAIXA DIREÇÃO;0;;
292;0486;11.93.2400;0486;11.93.2400;CATEGORIA0;;1;1;0;1;;CASCO CAIXA DIREÇÃO;CASCO CAIXA DIREÇÃO;0;;
292;0486;11.93.3000;0486;11.93.3000;CATEGORIA0;;1;1;0;1;;CASCO CAIXA DIREÇÃO;CASCO CAIXA DIREÇÃO;0;;
292;0486;11.93.3400;0486;11.93.3400;CATEGORIA0;;1;1;0;1;;CASCO CAIXA DIREÇÃO;CASCO CAIXA DIREÇÃO;0;;
292;0486;11.93.3500;0486;11.93.3500;CATEGORIA0;;1;1;0;1;;CASCO CAIXA DIREÇÃO;CASCO CAIXA DIREÇÃO;0;;
292;0486;11.93.4000;0486;11.93.4000;CATEGORIA0;;1;1;0;1;;CASCO CAIXA DIREÇÃO;CASCO CAIXA DIREÇÃO;0;;
292;0486;11.93.4003;0486;11.93.4003;CATEGORIA0;;1;1;0;1;;CASCO CAIXA DIREÇÃO;CASCO CAIXA DIREÇÃO;0;;
292;0486;11.94.4000;0486;11.94.4000;CATEGORIA0;;1;1;0;1;;CASCO CAIXA DIREÇÃO;CASCO CAIXA DIREÇÃO;0;;
292;0486;11.96.2965;0486;11.96.2965;CATEGORIA0;;1;1;0;1;;CASCO CAIXA DIREÇÃO;CASCO CAIXA DIREÇÃO;0;;
292;0486;11.96.2966;0486;11.96.2966;CATEGORIA0;;1;1;0;1;;CASCO CAIXA DIREÇÃO;CASCO CAIXA DIREÇÃO;0;;
292;0486;11.96.2970;0486;11.96.2970;CATEGORIA0;;1;1;0;1;;CASCO CAIXA DIREÇÃO;CASCO CAIXA DIREÇÃO;0;;
292;0486;11.96.2971;0486;11.96.2971;CATEGORIA0;;1;1;0;1;;CASCO CAIXA DIREÇÃO;CASCO CAIXA DIREÇÃO;0;;
292;0486;11.96.2975;0486;11.96.2975;CATEGORIA0;;1;1;0;1;;CASCO CAIXA DIREÇÃO;CASCO CAIXA DIREÇÃO;0;;
292;0486;11.96.2976;0486;11.96.2976;CATEGORIA0;;1;1;0;1;;CASCO CAIXA DIREÇÃO;CASCO CAIXA DIREÇÃO;0;;
292;0486;11.96.2980;0486;11.96.2980;CATEGORIA0;;1;1;0;1;;CASCO CAIXA DIREÇÃO;CASCO CAIXA DIREÇÃO;0;;
292;0486;11.96.2981;0486;11.96.2981;CATEGORIA0;;1;1;0;1;;CASCO CAIXA DIREÇÃO;CASCO CAIXA DIREÇÃO;0;;
292;0486;11.96.2982;0486;11.96.2982;CATEGORIA0;;1;1;0;1;;CASCO CAIXA DIREÇÃO;CASCO CAIXA DIREÇÃO;0;;
292;0486;11.96.3005;0486;11.96.3005;CATEGORIA0;;1;1;0;1;;CASCO CAIXA DIREÇÃO;CASCO CAIXA DIREÇÃO;0;;
292;0486;11.96.3010;0486;11.96.3010;CATEGORIA0;;1;1;0;1;;CASCO CAIXA DIREÇÃO;CASCO CAIXA DIREÇÃO;0;;
292;0486;11.96.3015;0486;11.96.3015;CATEGORIA0;;1;1;0;1;;CASCO CAIXA DIREÇÃO;CASCO CAIXA DIREÇÃO;0;;
292;0486;11.96.3016;0486;11.96.3016;CATEGORIA0;;1;1;0;1;;CASCO CAIXA DIREÇÃO;CASCO CAIXA DIREÇÃO;0;;
292;0486;11.96.3020;0486;11.96.3020;CATEGORIA0;;1;1;0;1;;CASCO CAIXA DIREÇÃO;CASCO CAIXA DIREÇÃO;0;;
292;0486;11.96.3025;0486;11.96.3025;CATEGORIA0;;1;1;0;1;;CASCO CAIXA DIREÇÃO;CASCO CAIXA DIREÇÃO;0;;
292;0486;11.96.3050;0486;11.96.3050;CATEGORIA0;;1;1;0;1;;CASCO CAIXA DIREÇÃO;CASCO CAIXA DIREÇÃO;0;;
292;0486;11.96.3100;0486;11.96.3100;CATEGORIA0;;1;1;0;1;;CASCO CAIXA DIREÇÃO;CASCO CAIXA DIREÇÃO;0;;
292;0486;11.96.3200;0486;11.96.3200;CATEGORIA0;;1;1;0;1;;CASCO CAIXA DIREÇÃO;CASCO CAIXA DIREÇÃO;0;;
292;0486;11.96.3210;0486;11.96.3210;CATEGORIA0;;1;1;0;1;;CASCO CAIXA DIREÇÃO;CASCO CAIXA DIREÇÃO;0;;
292;0486;11.96.3211;0486;11.96.3211;CATEGORIA0;;1;1;0;1;;CASCO CAIXA DIREÇÃO;CASCO CAIXA DIREÇÃO;0;;
292;0486;11.96.3212;0486;11.96.3212;CATEGORIA0;;1;1;0;1;;CASCO CAIXA DIREÇÃO;CASCO CAIXA DIREÇÃO;0;;
292;0486;11.96.3300;0486;11.96.3300;CATEGORIA0;;1;1;0;1;;CASCO CAIXA DIREÇÃO;CASCO CAIXA DIREÇÃO;0;;
292;0486;11.96.3450;0486;11.96.3450;CATEGORIA0;;1;1;0;1;;CASCO CAIXA DIREÇÃO;CASCO CAIXA DIREÇÃO;0;;
292;0486;11.96.3500;0486;11.96.3500;CATEGORIA0;;1;1;0;1;;CASCO CAIXA DIREÇÃO;CASCO CAIXA DIREÇÃO;0;;
292;0486;11.96.3502;0486;11.96.3502;CATEGORIA0;;1;1;0;1;;CASCO CAIXA DIREÇÃO;CASCO CAIXA DIREÇÃO;0;;
292;0486;11.96.3520;0486;11.96.3520;CATEGORIA0;;1;1;0;1;;CASCO CAIXA DIREÇÃO;CASCO CAIXA DIREÇÃO;0;;
292;0486;11.96.3550;0486;11.96.3550;CATEGORIA0;;1;1;0;1;;CASCO CAIXA DIREÇÃO;CASCO CAIXA DIREÇÃO;0;;
292;0486;11.96.3555;0486;11.96.3555;CATEGORIA0;;1;1;0;1;;CASCO CAIXA DIREÇÃO;CASCO CAIXA DIREÇÃO;0;;
292;0486;11.96.3600;0486;11.96.3600;CATEGORIA0;;1;1;0;1;;CASCO CAIXA DIREÇÃO;CASCO CAIXA DIREÇÃO;0;;
292;0486;11.96.3650;0486;11.96.3650;CATEGORIA0;;1;1;0;1;;CASCO CAIXA DIREÇÃO;CASCO CAIXA DIREÇÃO;0;;
292;0486;11.98.5240;0486;11.98.5240;CATEGORIA0;;1;1;0;1;;CASCO CAIXA DIREÇÃO;CASCO CAIXA DIREÇÃO;0;;
292;0486;11.98.5250;0486;11.98.5250;CATEGORIA0;;1;1;0;1;;CASCO CAIXA DIREÇÃO;CASCO CAIXA DIREÇÃO;0;;
292;0486;11.98.5260;0486;11.98.5260;CATEGORIA0;;1;1;0;1;;CASCO CAIXA DIREÇÃO;CASCO CAIXA DIREÇÃO;0;;
292;0486;11.98.5270;0486;11.98.5270;CATEGORIA0;;1;1;0;1;;CASCO CAIXA DIREÇÃO;CASCO CAIXA DIREÇÃO;0;;
292;0486;11.98.5360;0486;11.98.5360;CATEGORIA0;;1;1;0;1;;CASCO CAIXA DIREÇÃO;CASCO CAIXA DIREÇÃO;0;;
292;0486;11.98.5440;0486;11.98.5440;CATEGORIA0;;1;1;0;1;;CASCO CAIXA DIREÇÃO;CASCO CAIXA DIREÇÃO;0;;
292;0486;11.98.5450;0486;11.98.5450;CATEGORIA0;;1;1;0;1;;CASCO CAIXA DIREÇÃO;CASCO CAIXA DIREÇÃO;0;;
292;0486;11.98.5740;0486;11.98.5740;CATEGORIA0;;1;1;0;1;;CASCO CAIXA DIREÇÃO;CASCO CAIXA DIREÇÃO;0;;
292;0486;11.98.5750;0486;11.98.5750;CATEGORIA0;;1;1;0;1;;CASCO CAIXA DIREÇÃO;CASCO CAIXA DIREÇÃO;0;;
292;0486;11.98.5800;0486;11.98.5800;CATEGORIA0;;1;1;0;1;;CASCO CAIXA DIREÇÃO;CASCO CAIXA DIREÇÃO;0;;
292;0486;11.98.5815;0486;11.98.5815;CATEGORIA0;;1;1;0;1;;CASCO CAIXA DIREÇÃO;CASCO CAIXA DIREÇÃO;0;;
292;0486;11.98.5816;0486;11.98.5816;CATEGORIA0;;1;1;0;1;;CASCO CAIXA DIREÇÃO;CASCO CAIXA DIREÇÃO;0;;
292;0486;11.98.5818;0486;11.98.5818;CATEGORIA0;;1;1;0;1;;CASCO CAIXA DIREÇÃO;CASCO CAIXA DIREÇÃO;0;;
292;0486;11.98.5820;0486;11.98.5820;CATEGORIA0;;1;1;0;1;;CASCO CAIXA DIREÇÃO;CASCO CAIXA DIREÇÃO;0;;
292;0486;11.98.5900;0486;11.98.5900;CATEGORIA0;;1;1;0;1;;CASCO CAIXA DIREÇÃO;CASCO CAIXA DIREÇÃO;0;;
292;0486;11.98.6000;0486;11.98.6000;CATEGORIA0;;1;1;0;1;;CASCO CAIXA DIREÇÃO;CASCO CAIXA DIREÇÃO;0;;
292;0486;11.98.6002;0486;11.98.6002;CATEGORIA0;;1;1;0;1;;CASCO CAIXA DIREÇÃO;CASCO CAIXA DIREÇÃO;0;;
292;0486;11.98.6005;0486;11.98.6005;CATEGORIA0;;1;1;0;1;;CASCO CAIXA DIREÇÃO;CASCO CAIXA DIREÇÃO;0;;
292;0486;11.98.6006;0486;11.98.6006;CATEGORIA0;;1;1;0;1;;CASCO CAIXA DIREÇÃO;CASCO CAIXA DIREÇÃO;0;;
292;0486;11.98.6007;0486;11.98.6007;CATEGORIA0;;1;1;0;1;;CASCO CAIXA DIREÇÃO;CASCO CAIXA DIREÇÃO;0;;
292;0486;11.98.6008;0486;11.98.6008;CATEGORIA0;;1;1;0;1;;CASCO CAIXA DIREÇÃO;CASCO CAIXA DIREÇÃO;0;;
292;0486;11.98.6100;0486;11.98.6100;CATEGORIA0;;1;1;0;1;;CASCO CAIXA DIREÇÃO;CASCO CAIXA DIREÇÃO;0;;
292;0486;11.98.7000;0486;11.98.7000;CATEGORIA0;;1;1;0;1;;CASCO CAIXA DIREÇÃO;CASCO CAIXA DIREÇÃO;0;;
292;0486;11.98.7001;0486;11.98.7001;CATEGORIA0;;1;1;0;1;;CASCO CAIXA DIREÇÃO;CASCO CAIXA DIREÇÃO;0;;
292;0486;11.98.7002;0486;11.98.7002;CATEGORIA0;;1;1;0;1;;CASCO CAIXA DIREÇÃO;CASCO CAIXA DIREÇÃO;0;;
292;0486;11.98.7005;0486;11.98.7005;CATEGORIA0;;1;1;0;1;;CASCO CAIXA DIREÇÃO;CASCO CAIXA DIREÇÃO;0;;
292;0486;11.98.7008;0486;11.98.7008;CATEGORIA0;;1;1;0;1;;CASCO CAIXA DIREÇÃO;CASCO CAIXA DIREÇÃO;0;;
292;0486;11.98.7010;0486;11.98.7010;CATEGORIA0;;1;1;0;1;;CASCO CAIXA DIREÇÃO;CASCO CAIXA DIREÇÃO;0;;
292;0486;11.98.7011;0486;11.98.7011;CATEGORIA0;;1;1;0;1;;CASCO CAIXA DIREÇÃO;CASCO CAIXA DIREÇÃO;0;;
292;0486;11.98.7020;0486;11.98.7020;CATEGORIA0;;1;1;0;1;;CASCO CAIXA DIREÇÃO;CASCO CAIXA DIREÇÃO;0;;
292;0486;11.98.7025;0486;11.98.7025;CATEGORIA0;;1;1;0;1;;CASCO CAIXA DIREÇÃO;CASCO CAIXA DIREÇÃO;0;;
292;0486;11.98.7030;0486;11.98.7030;CATEGORIA0;;1;1;0;1;;CASCO CAIXA DIREÇÃO;CASCO CAIXA DIREÇÃO;0;;
292;0486;11.98.7035;0486;11.98.7035;CATEGORIA0;;1;1;0;1;;CASCO CAIXA DIREÇÃO;CASCO CAIXA DIREÇÃO;0;;
292;0486;12.01.4500;0486;12.01.4500;CATEGORIA0;;1;1;0;1;;CASCO CAIXA DIREÇÃO;CASCO CAIXA DIREÇÃO;0;;
292;0486;12.01.5500;0486;12.01.5500;CATEGORIA0;;1;1;0;1;;CASCO CAIXA DIREÇÃO;CASCO CAIXA DIREÇÃO;0;;
292;0486;12.09.1100;0486;12.09.1100;CATEGORIA0;;1;1;0;1;;CASCO CAIXA DIREÇÃO;CASCO CAIXA DIREÇÃO;0;;
292;0486;12.09.1200;0486;12.09.1200;CATEGORIA0;;1;1;0;1;;CASCO CAIXA DIREÇÃO;CASCO CAIXA DIREÇÃO;0;;
292;0486;12.09.1300;0486;12.09.1300;CATEGORIA0;;1;1;0;1;;CASCO CAIXA DIREÇÃO;CASCO CAIXA DIREÇÃO;0;;
292;0486;12.09.1305;0486;12.09.1305;CATEGORIA0;;1;1;0;1;;CASCO CAIXA DIREÇÃO;CASCO CAIXA DIREÇÃO;0;;
292;0486;12.09.1400;0486;12.09.1400;CATEGORIA0;;1;1;0;1;;CASCO CAIXA DIREÇÃO;CASCO CAIXA DIREÇÃO;0;;
292;0486;12.09.1405;0486;12.09.1405;CATEGORIA0;;1;1;0;1;;CASCO CAIXA DIREÇÃO;CASCO CAIXA DIREÇÃO;0;;
292;0486;12.09.1500;0486;12.09.1500;CATEGORIA0;;1;1;0;1;;CASCO CAIXA DIREÇÃO;CASCO CAIXA DIREÇÃO;0;;
292;0486;12.16.4200;0486;12.16.4200;CATEGORIA0;;1;1;0;1;;CASCO CAIXA DIREÇÃO;CASCO CAIXA DIREÇÃO;0;;
292;0486;12.16.4500;0486;12.16.4500;CATEGORIA0;;1;1;0;1;;CASCO CAIXA DIREÇÃO;CASCO CAIXA DIREÇÃO;0;;
292;0486;12.16.4510;0486;12.16.4510;CATEGORIA0;;1;1;0;1;;CASCO CAIXA DIREÇÃO;CASCO CAIXA DIREÇÃO;0;;
292;0486;12.16.4520;0486;12.16.4520;CATEGORIA0;;1;1;0;1;;CASCO CAIXA DIREÇÃO;CASCO CAIXA DIREÇÃO;0;;
292;0486;12.16.4530;0486;12.16.4530;CATEGORIA0;;1;1;0;1;;CASCO CAIXA DIREÇÃO;CASCO CAIXA DIREÇÃO;0;;
292;0486;12.16.4650;0486;12.16.4650;CATEGORIA0;;1;1;0;1;;CASCO CAIXA DIREÇÃO;CASCO CAIXA DIREÇÃO;0;;
292;0486;12.16.4700;0486;12.16.4700;CATEGORIA0;;1;1;0;1;;CASCO CAIXA DIREÇÃO;CASCO CAIXA DIREÇÃO;0;;
292;0486;12.16.4800;0486;12.16.4800;CATEGORIA0;;1;1;0;1;;CASCO CAIXA DIREÇÃO;CASCO CAIXA DIREÇÃO;0;;
292;0486;12.16.4950;0486;12.16.4950;CATEGORIA0;;1;1;0;1;;CASCO CAIXA DIREÇÃO;CASCO CAIXA DIREÇÃO;0;;
292;0486;12.16.5000;0486;12.16.5000;CATEGORIA0;;1;1;0;1;;CASCO CAIXA DIREÇÃO;CASCO CAIXA DIREÇÃO;0;;
292;0486;12.16.5200;0486;12.16.5200;CATEGORIA0;;1;1;0;1;;CASCO CAIXA DIREÇÃO;CASCO CAIXA DIREÇÃO;0;;
292;0486;12.16.5370;0486;12.16.5370;CATEGORIA0;;1;1;0;1;;CASCO CAIXA DIREÇÃO;CASCO CAIXA DIREÇÃO;0;;
292;0486;12.16.5380;0486;12.16.5380;CATEGORIA0;;1;1;0;1;;CASCO CAIXA DIREÇÃO;CASCO CAIXA DIREÇÃO;0;;
292;0486;12.16.5390;0486;12.16.5390;CATEGORIA0;;1;1;0;1;;CASCO CAIXA DIREÇÃO;CASCO CAIXA DIREÇÃO;0;;
292;0486;12.16.5400;0486;12.16.5400;CATEGORIA0;;1;1;0;1;;CASCO CAIXA DIREÇÃO;CASCO CAIXA DIREÇÃO;0;;
292;0486;12.19.2500;0486;12.19.2500;CATEGORIA0;;1;1;0;1;;CASCO CAIXA DIREÇÃO;CASCO CAIXA DIREÇÃO;0;;
292;0486;12.20.0500;0486;12.20.0500;CATEGORIA0;;1;1;0;1;;CASCO CAIXA DIREÇÃO;CASCO CAIXA DIREÇÃO;0;;
292;0486;12.24.1000;0486;12.24.1000;CATEGORIA0;;1;1;0;1;;CASCO CAIXA DIREÇÃO;CASCO CAIXA DIREÇÃO;0;;
292;0486;12.24.1200;0486;12.24.1200;CATEGORIA0;;1;1;0;1;;CASCO CAIXA DIREÇÃO;CASCO CAIXA DIREÇÃO;0;;
292;0486;12.24.1300;0486;12.24.1300;CATEGORIA0;;1;1;0;1;;CASCO CAIXA DIREÇÃO;CASCO CAIXA DIREÇÃO;0;;
292;0486;12.26.3800;0486;12.26.3800;CATEGORIA0;;1;1;0;1;;CASCO CAIXA DIREÇÃO;CASCO CAIXA DIREÇÃO;0;;
292;0486;12.26.3805;0486;12.26.3805;CATEGORIA0;;1;1;0;1;;CASCO CAIXA DIREÇÃO;CASCO CAIXA DIREÇÃO;0;;
292;0486;12.26.4100;0486;12.26.4100;CATEGORIA0;;1;1;0;1;;CASCO CAIXA DIREÇÃO;CASCO CAIXA DIREÇÃO;0;;
292;0486;12.26.4900;0486;12.26.4900;CATEGORIA0;;1;1;0;1;;CASCO CAIXA DIREÇÃO;CASCO CAIXA DIREÇÃO;0;;
292;0486;12.26.5100;0486;12.26.5100;CATEGORIA0;;1;1;0;1;;CASCO CAIXA DIREÇÃO;CASCO CAIXA DIREÇÃO;0;;
292;0486;12.26.5300;0486;12.26.5300;CATEGORIA0;;1;1;0;1;;CASCO CAIXA DIREÇÃO;CASCO CAIXA DIREÇÃO;0;;
292;0486;12.26.5305;0486;12.26.5305;CATEGORIA0;;1;1;0;1;;CASCO CAIXA DIREÇÃO;CASCO CAIXA DIREÇÃO;0;;
292;0486;12.26.5500;0486;12.26.5500;CATEGORIA0;;1;1;0;1;;CASCO CAIXA DIREÇÃO;CASCO CAIXA DIREÇÃO;0;;
292;0486;12.26.5800;0486;12.26.5800;CATEGORIA0;;1;1;0;1;;CASCO CAIXA DIREÇÃO;CASCO CAIXA DIREÇÃO;0;;
292;0486;12.28.1200;0486;12.28.1200;CATEGORIA0;;1;1;0;1;;CASCO CAIXA DIREÇÃO;CASCO CAIXA DIREÇÃO;0;;
292;0486;12.28.1250;0486;12.28.1250;CATEGORIA0;;1;1;0;1;;CASCO CAIXA DIREÇÃO;CASCO CAIXA DIREÇÃO;0;;
292;0486;12.28.1275;0486;12.28.1275;CATEGORIA0;;1;1;0;1;;CASCO CAIXA DIREÇÃO;CASCO CAIXA DIREÇÃO;0;;
292;0486;12.28.1300;0486;12.28.1300;CATEGORIA0;;1;1;0;1;;CASCO CAIXA DIREÇÃO;CASCO CAIXA DIREÇÃO;0;;
292;0486;12.28.1310;0486;12.28.1310;CATEGORIA0;;1;1;0;1;;CASCO CAIXA DIREÇÃO;CASCO CAIXA DIREÇÃO;0;;
292;0486;12.28.1360;0486;12.28.1360;CATEGORIA0;;1;1;0;1;;CASCO CAIXA DIREÇÃO;CASCO CAIXA DIREÇÃO;0;;
292;0486;12.28.1370;0486;12.28.1370;CATEGORIA0;;1;1;0;1;;CASCO CAIXA DIREÇÃO;CASCO CAIXA DIREÇÃO;0;;
292;0486;12.28.1380;0486;12.28.1380;CATEGORIA0;;1;1;0;1;;CASCO CAIXA DIREÇÃO;CASCO CAIXA DIREÇÃO;0;;
292;0486;12.28.1390;0486;12.28.1390;CATEGORIA0;;1;1;0;1;;CASCO CAIXA DIREÇÃO;CASCO CAIXA DIREÇÃO;0;;
292;0486;12.28.1425;0486;12.28.1425;CATEGORIA0;;1;1;0;1;;CASCO CAIXA DIREÇÃO;CASCO CAIXA DIREÇÃO;0;;
292;0486;12.28.1450;0486;12.28.1450;CATEGORIA0;;1;1;0;1;;CASCO CAIXA DIREÇÃO;CASCO CAIXA DIREÇÃO;0;;
292;0486;12.28.1475;0486;12.28.1475;CATEGORIA0;;1;1;0;1;;CASCO CAIXA DIREÇÃO;CASCO CAIXA DIREÇÃO;0;;
292;0486;12.28.1500;0486;12.28.1500;CATEGORIA0;;1;1;0;1;;CASCO CAIXA DIREÇÃO;CASCO CAIXA DIREÇÃO;0;;
292;0486;12.28.1550;0486;12.28.1550;CATEGORIA0;;1;1;0;1;;CASCO CAIXA DIREÇÃO;CASCO CAIXA DIREÇÃO;0;;
292;0486;12.28.1552;0486;12.28.1552;CATEGORIA0;;1;1;0;1;;CASCO CAIXA DIREÇÃO;CASCO CAIXA DIREÇÃO;0;;
292;0486;12.33.0100;0486;12.33.0100;CATEGORIA0;;1;1;0;1;;CASCO CAIXA DIREÇÃO;CASCO CAIXA DIREÇÃO;0;;
292;0486;12.33.0300;0486;12.33.0300;CATEGORIA0;;1;1;0;1;;CASCO CAIXA DIREÇÃO;CASCO CAIXA DIREÇÃO;0;;
292;0486;12.33.3100;0486;12.33.3100;CATEGORIA0;;1;1;0;1;;CASCO CAIXA DIREÇÃO;CASCO CAIXA DIREÇÃO;0;;
292;0486;12.35.3500;0486;12.35.3500;CATEGORIA0;;1;1;0;1;;CASCO CAIXA DIREÇÃO;CASCO CAIXA DIREÇÃO;0;;
292;0486;12.39.3100;0486;12.39.3100;CATEGORIA0;;1;1;0;1;;CASCO CAIXA DIREÇÃO;CASCO CAIXA DIREÇÃO;0;;
292;0486;12.41.1000;0486;12.41.1000;CATEGORIA0;;1;1;0;1;;CASCO CAIXA DIREÇÃO;CASCO CAIXA DIREÇÃO;0;;
292;0486;12.48.5900;0486;12.48.5900;CATEGORIA0;;1;1;0;1;;CASCO CAIXA DIREÇÃO;CASCO CAIXA DIREÇÃO;0;;
292;0486;12.48.5905;0486;12.48.5905;CATEGORIA0;;1;1;0;1;;CASCO CAIXA DIREÇÃO;CASCO CAIXA DIREÇÃO;0;;
292;0486;12.48.5920;0486;12.48.5920;CATEGORIA0;;1;1;0;1;;CASCO CAIXA DIREÇÃO;CASCO CAIXA DIREÇÃO;0;;
292;0486;12.48.6000;0486;12.48.6000;CATEGORIA0;;1;1;0;1;;CASCO CAIXA DIREÇÃO;CASCO CAIXA DIREÇÃO;0;;
292;0486;12.52.1000;0486;12.52.1000;CATEGORIA0;;1;1;0;1;;CASCO CAIXA DIREÇÃO;CASCO CAIXA DIREÇÃO;0;;
292;0486;12.53.3000;0486;12.53.3000;CATEGORIA0;;1;1;0;1;;CASCO CAIXA DIREÇÃO;CASCO CAIXA DIREÇÃO;0;;
292;0486;12.58.0500;0486;12.58.0500;CATEGORIA0;;1;1;0;1;;CASCO CAIXA DIREÇÃO;CASCO CAIXA DIREÇÃO;0;;
292;0486;12.58.1400;0486;12.58.1400;CATEGORIA0;;1;1;0;1;;CASCO CAIXA DIREÇÃO;CASCO CAIXA DIREÇÃO;0;;
292;0486;12.60.3000;0486;12.60.3000;CATEGORIA0;;1;1;0;1;;CASCO CAIXA DIREÇÃO;CASCO CAIXA DIREÇÃO;0;;
292;0486;12.60.5000;0486;12.60.5000;CATEGORIA0;;1;1;0;1;;CASCO CAIXA DIREÇÃO;CASCO CAIXA DIREÇÃO;0;;
292;0486;12.60.5050;0486;12.60.5050;CATEGORIA0;;1;1;0;1;;CASCO CAIXA DIREÇÃO;CASCO CAIXA DIREÇÃO;0;;
292;0486;12.60.5060;0486;12.60.5060;CATEGORIA0;;1;1;0;1;;CASCO CAIXA DIREÇÃO;CASCO CAIXA DIREÇÃO;0;;
292;0486;12.60.7000;0486;12.60.7000;CATEGORIA0;;1;1;0;1;;CASCO CAIXA DIREÇÃO;CASCO CAIXA DIREÇÃO;0;;
292;0486;12.60.8000;0486;12.60.8000;CATEGORIA0;;1;1;0;1;;CASCO CAIXA DIREÇÃO;CASCO CAIXA DIREÇÃO;0;;
292;0486;12.62.1250;0486;12.62.1250;CATEGORIA0;;1;1;0;1;;CASCO CAIXA DIREÇÃO;CASCO CAIXA DIREÇÃO;0;;
292;0486;12.62.1260;0486;12.62.1260;CATEGORIA0;;1;1;0;1;;CASCO CAIXA DIREÇÃO;CASCO CAIXA DIREÇÃO;0;;
292;0486;12.62.1400;0486;12.62.1400;CATEGORIA0;;1;1;0;1;;CASCO CAIXA DIREÇÃO;CASCO CAIXA DIREÇÃO;0;;
292;0486;12.62.1450;0486;12.62.1450;CATEGORIA0;;1;1;0;1;;CASCO CAIXA DIREÇÃO;CASCO CAIXA DIREÇÃO;0;;
292;0486;12.62.1520;0486;12.62.1520;CATEGORIA0;;1;1;0;1;;CASCO CAIXA DIREÇÃO;CASCO CAIXA DIREÇÃO;0;;
292;0486;12.62.1530;0486;12.62.1530;CATEGORIA0;;1;1;0;1;;CASCO CAIXA DIREÇÃO;CASCO CAIXA DIREÇÃO;0;;
292;0486;12.62.1600;0486;12.62.1600;CATEGORIA0;;1;1;0;1;;CASCO CAIXA DIREÇÃO;CASCO CAIXA DIREÇÃO;0;;
292;0486;12.62.1700;0486;12.62.1700;CATEGORIA0;;1;1;0;1;;CASCO CAIXA DIREÇÃO;CASCO CAIXA DIREÇÃO;0;;
292;0486;12.64.4550;0486;12.64.4550;CATEGORIA0;;1;1;0;1;;CASCO CAIXA DIREÇÃO;CASCO CAIXA DIREÇÃO;0;;
292;0486;12.64.4625;0486;12.64.4625;CATEGORIA0;;1;1;0;1;;CASCO CAIXA DIREÇÃO;CASCO CAIXA DIREÇÃO;0;;
292;0486;12.64.4670;0486;12.64.4670;CATEGORIA0;;1;1;0;1;;CASCO CAIXA DIREÇÃO;CASCO CAIXA DIREÇÃO;0;;
292;0486;12.64.4725;0486;12.64.4725;CATEGORIA0;;1;1;0;1;;CASCO CAIXA DIREÇÃO;CASCO CAIXA DIREÇÃO;0;;
292;0486;12.64.4730;0486;12.64.4730;CATEGORIA0;;1;1;0;1;;CASCO CAIXA DIREÇÃO;CASCO CAIXA DIREÇÃO;0;;
292;0486;12.64.4735;0486;12.64.4735;CATEGORIA0;;1;1;0;1;;CASCO CAIXA DIREÇÃO;CASCO CAIXA DIREÇÃO;0;;
292;0486;12.64.4740;0486;12.64.4740;CATEGORIA0;;1;1;0;1;;CASCO CAIXA DIREÇÃO;CASCO CAIXA DIREÇÃO;0;;
292;0486;12.64.4760;0486;12.64.4760;CATEGORIA0;;1;1;0;1;;CASCO CAIXA DIREÇÃO;CASCO CAIXA DIREÇÃO;0;;
292;0486;12.64.4770;0486;12.64.4770;CATEGORIA0;;1;1;0;1;;CASCO CAIXA DIREÇÃO;CASCO CAIXA DIREÇÃO;0;;
292;0486;12.64.4780;0486;12.64.4780;CATEGORIA0;;1;1;0;1;;CASCO CAIXA DIREÇÃO;CASCO CAIXA DIREÇÃO;0;;
292;0486;12.64.4785;0486;12.64.4785;CATEGORIA0;;1;1;0;1;;CASCO CAIXA DIREÇÃO;CASCO CAIXA DIREÇÃO;0;;
292;0486;12.64.4790;0486;12.64.4790;CATEGORIA0;;1;1;0;1;;CASCO CAIXA DIREÇÃO;CASCO CAIXA DIREÇÃO;0;;
292;0486;12.64.5190;0486;12.64.5190;CATEGORIA0;;1;1;0;1;;CASCO CAIXA DIREÇÃO;CASCO CAIXA DIREÇÃO;0;;
292;0486;12.64.5380;0486;12.64.5380;CATEGORIA0;;1;1;0;1;;CASCO CAIXA DIREÇÃO;CASCO CAIXA DIREÇÃO;0;;
292;0486;12.68.6600;0486;12.68.6600;CATEGORIA0;;1;1;0;1;;CASCO CAIXA DIREÇÃO;CASCO CAIXA DIREÇÃO;0;;
292;0486;12.68.6700;0486;12.68.6700;CATEGORIA0;;1;1;0;1;;CASCO CAIXA DIREÇÃO;CASCO CAIXA DIREÇÃO;0;;
292;0486;12.68.6800;0486;12.68.6800;CATEGORIA0;;1;1;0;1;;CASCO CAIXA DIREÇÃO;CASCO CAIXA DIREÇÃO;0;;
292;0486;12.68.7000;0486;12.68.7000;CATEGORIA0;;1;1;0;1;;CASCO CAIXA DIREÇÃO;CASCO CAIXA DIREÇÃO;0;;
292;0486;12.68.7100;0486;12.68.7100;CATEGORIA0;;1;1;0;1;;CASCO CAIXA DIREÇÃO;CASCO CAIXA DIREÇÃO;0;;
292;0486;12.70.0250;0486;12.70.0250;CATEGORIA0;;1;1;0;1;;CASCO CAIXA DIREÇÃO;CASCO CAIXA DIREÇÃO;0;;
292;0486;12.70.0260;0486;12.70.0260;CATEGORIA0;;1;1;0;1;;CASCO CAIXA DIREÇÃO;CASCO CAIXA DIREÇÃO;0;;
292;0486;12.70.0270;0486;12.70.0270;CATEGORIA0;;1;1;0;1;;CASCO CAIXA DIREÇÃO;CASCO CAIXA DIREÇÃO;0;;
292;0486;12.70.0300;0486;12.70.0300;CATEGORIA0;;1;1;0;1;;CASCO CAIXA DIREÇÃO;CASCO CAIXA DIREÇÃO;0;;
292;0486;12.70.0310;0486;12.70.0310;CATEGORIA0;;1;1;0;1;;CASCO CAIXA DIREÇÃO;CASCO CAIXA DIREÇÃO;0;;
292;0486;12.70.0320;0486;12.70.0320;CATEGORIA0;;1;1;0;1;;CASCO CAIXA DIREÇÃO;CASCO CAIXA DIREÇÃO;0;;
292;0486;12.70.0330;0486;12.70.0330;CATEGORIA0;;1;1;0;1;;CASCO CAIXA DIREÇÃO;CASCO CAIXA DIREÇÃO;0;;
292;0486;12.70.0400;0486;12.70.0400;CATEGORIA0;;1;1;0;1;;CASCO CAIXA DIREÇÃO;CASCO CAIXA DIREÇÃO;0;;
292;0486;12.70.0500;0486;12.70.0500;CATEGORIA0;;1;1;0;1;;CASCO CAIXA DIREÇÃO;CASCO CAIXA DIREÇÃO;0;;
292;0486;12.70.0520;0486;12.70.0520;CATEGORIA0;;1;1;0;1;;CASCO CAIXA DIREÇÃO;CASCO CAIXA DIREÇÃO;0;;
292;0486;12.70.0540;0486;12.70.0540;CATEGORIA0;;1;1;0;1;;CASCO CAIXA DIREÇÃO;CASCO CAIXA DIREÇÃO;0;;
292;0486;12.70.0600;0486;12.70.0600;CATEGORIA0;;1;1;0;1;;CASCO CAIXA DIREÇÃO;CASCO CAIXA DIREÇÃO;0;;
292;0486;12.70.0630;0486;12.70.0630;CATEGORIA0;;1;1;0;1;;CASCO CAIXA DIREÇÃO;CASCO CAIXA DIREÇÃO;0;;
292;0486;12.70.0640;0486;12.70.0640;CATEGORIA0;;1;1;0;1;;CASCO CAIXA DIREÇÃO;CASCO CAIXA DIREÇÃO;0;;
292;0486;12.70.0650;0486;12.70.0650;CATEGORIA0;;1;1;0;1;;CASCO CAIXA DIREÇÃO;CASCO CAIXA DIREÇÃO;0;;
292;0486;12.70.0680;0486;12.70.0680;CATEGORIA0;;1;1;0;1;;CASCO CAIXA DIREÇÃO;CASCO CAIXA DIREÇÃO;0;;
292;0486;12.70.0710;0486;12.70.0710;CATEGORIA0;;1;1;0;1;;CASCO CAIXA DIREÇÃO;CASCO CAIXA DIREÇÃO;0;;
292;0486;12.70.0720;0486;12.70.0720;CATEGORIA0;;1;1;0;1;;CASCO CAIXA DIREÇÃO;CASCO CAIXA DIREÇÃO;0;;
292;0486;12.70.0730;0486;12.70.0730;CATEGORIA0;;1;1;0;1;;CASCO CAIXA DIREÇÃO;CASCO CAIXA DIREÇÃO;0;;
292;0486;12.70.0800;0486;12.70.0800;CATEGORIA0;;1;1;0;1;;CASCO CAIXA DIREÇÃO;CASCO CAIXA DIREÇÃO;0;;
292;0486;12.70.0900;0486;12.70.0900;CATEGORIA0;;1;1;0;1;;CASCO CAIXA DIREÇÃO;CASCO CAIXA DIREÇÃO;0;;
292;0486;12.70.0910;0486;12.70.0910;CATEGORIA0;;1;1;0;1;;CASCO CAIXA DIREÇÃO;CASCO CAIXA DIREÇÃO;0;;
292;0486;12.70.0915;0486;12.70.0915;CATEGORIA0;;1;1;0;1;;CASCO CAIXA DIREÇÃO;CASCO CAIXA DIREÇÃO;0;;
292;0486;12.70.0930;0486;12.70.0930;CATEGORIA0;;1;1;0;1;;CASCO CAIXA DIREÇÃO;CASCO CAIXA DIREÇÃO;0;;
292;0486;12.70.0935;0486;12.70.0935;CATEGORIA0;;1;1;0;1;;CASCO CAIXA DIREÇÃO;CASCO CAIXA DIREÇÃO;0;;
292;0486;12.70.0940;0486;12.70.0940;CATEGORIA0;;1;1;0;1;;CASCO CAIXA DIREÇÃO;CASCO CAIXA DIREÇÃO;0;;
292;0486;12.70.0950;0486;12.70.0950;CATEGORIA0;;1;1;0;1;;CASCO CAIXA DIREÇÃO;CASCO CAIXA DIREÇÃO;0;;
292;0486;12.70.1000;0486;12.70.1000;CATEGORIA0;;1;1;0;1;;CASCO CAIXA DIREÇÃO;CASCO CAIXA DIREÇÃO;0;;
292;0486;12.70.1010;0486;12.70.1010;CATEGORIA0;;1;1;0;1;;CASCO CAIXA DIREÇÃO;CASCO CAIXA DIREÇÃO;0;;
292;0486;12.70.1100;0486;12.70.1100;CATEGORIA0;;1;1;0;1;;CASCO CAIXA DIREÇÃO;CASCO CAIXA DIREÇÃO;0;;
292;0486;12.70.1110;0486;12.70.1110;CATEGORIA0;;1;1;0;1;;CASCO CAIXA DIREÇÃO;CASCO CAIXA DIREÇÃO;0;;
292;0486;12.70.1200;0486;12.70.1200;CATEGORIA0;;1;1;0;1;;CASCO CAIXA DIREÇÃO;CASCO CAIXA DIREÇÃO;0;;
292;0486;12.70.1205;0486;12.70.1205;CATEGORIA0;;1;1;0;1;;CASCO CAIXA DIREÇÃO;CASCO CAIXA DIREÇÃO;0;;
292;0486;12.70.1210;0486;12.70.1210;CATEGORIA0;;1;1;0;1;;CASCO CAIXA DIREÇÃO;CASCO CAIXA DIREÇÃO;0;;
292;0486;12.70.3000;0486;12.70.3000;CATEGORIA0;;1;1;0;1;;CASCO CAIXA DIREÇÃO;CASCO CAIXA DIREÇÃO;0;;
292;0486;12.70.3500;0486;12.70.3500;CATEGORIA0;;1;1;0;1;;CASCO CAIXA DIREÇÃO;CASCO CAIXA DIREÇÃO;0;;
292;0486;12.74.1800;0486;12.74.1800;CATEGORIA0;;1;1;0;1;;CASCO CAIXA DIREÇÃO;CASCO CAIXA DIREÇÃO;0;;
292;0486;12.74.1900;0486;12.74.1900;CATEGORIA0;;1;1;0;1;;CASCO CAIXA DIREÇÃO;CASCO CAIXA DIREÇÃO;0;;
292;0486;12.74.1915;0486;12.74.1915;CATEGORIA0;;1;1;0;1;;CASCO CAIXA DIREÇÃO;CASCO CAIXA DIREÇÃO;0;;
292;0486;12.74.1950;0486;12.74.1950;CATEGORIA0;;1;1;0;1;;CASCO CAIXA DIREÇÃO;CASCO CAIXA DIREÇÃO;0;;
292;0486;12.74.2000;0486;12.74.2000;CATEGORIA0;;1;1;0;1;;CASCO CAIXA DIREÇÃO;CASCO CAIXA DIREÇÃO;0;;
292;0486;12.74.2025;0486;12.74.2025;CATEGORIA0;;1;1;0;1;;CASCO CAIXA DIREÇÃO;CASCO CAIXA DIREÇÃO;0;;
292;0486;12.74.2040;0486;12.74.2040;CATEGORIA0;;1;1;0;1;;CASCO CAIXA DIREÇÃO;CASCO CAIXA DIREÇÃO;0;;
292;0486;12.74.2250;0486;12.74.2250;CATEGORIA0;;1;1;0;1;;CASCO CAIXA DIREÇÃO;CASCO CAIXA DIREÇÃO;0;;
292;0486;12.74.2500;0486;12.74.2500;CATEGORIA0;;1;1;0;1;;CASCO CAIXA DIREÇÃO;CASCO CAIXA DIREÇÃO;0;;
292;0486;12.74.3000;0486;12.74.3000;CATEGORIA0;;1;1;0;1;;CASCO CAIXA DIREÇÃO;CASCO CAIXA DIREÇÃO;0;;
292;0486;12.78.4100;0486;12.78.4100;CATEGORIA0;;1;1;0;1;;CASCO CAIXA DIREÇÃO;CASCO CAIXA DIREÇÃO;0;;
292;0486;12.78.4200;0486;12.78.4200;CATEGORIA0;;1;1;0;1;;CASCO CAIXA DIREÇÃO;CASCO CAIXA DIREÇÃO;0;;
292;0486;12.78.4210;0486;12.78.4210;CATEGORIA0;;1;1;0;1;;CASCO CAIXA DIREÇÃO;CASCO CAIXA DIREÇÃO;0;;
292;0486;12.78.4220;0486;12.78.4220;CATEGORIA0;;1;1;0;1;;CASCO CAIXA DIREÇÃO;CASCO CAIXA DIREÇÃO;0;;
292;0486;12.78.4300;0486;12.78.4300;CATEGORIA0;;1;1;0;1;;CASCO CAIXA DIREÇÃO;CASCO CAIXA DIREÇÃO;0;;
292;0486;12.78.4450;0486;12.78.4450;CATEGORIA0;;1;1;0;1;;CASCO CAIXA DIREÇÃO;CASCO CAIXA DIREÇÃO;0;;
292;0486;12.78.5100;0486;12.78.5100;CATEGORIA0;;1;1;0;1;;CASCO CAIXA DIREÇÃO;CASCO CAIXA DIREÇÃO;0;;
292;0486;12.78.5150;0486;12.78.5150;CATEGORIA0;;1;1;0;1;;CASCO CAIXA DIREÇÃO;CASCO CAIXA DIREÇÃO;0;;
292;0486;12.78.5300;0486;12.78.5300;CATEGORIA0;;1;1;0;1;;CASCO CAIXA DIREÇÃO;CASCO CAIXA DIREÇÃO;0;;
292;0486;12.78.5350;0486;12.78.5350;CATEGORIA0;;1;1;0;1;;CASCO CAIXA DIREÇÃO;CASCO CAIXA DIREÇÃO;0;;
292;0486;12.78.6000;0486;12.78.6000;CATEGORIA0;;1;1;0;1;;CASCO CAIXA DIREÇÃO;CASCO CAIXA DIREÇÃO;0;;
292;0486;12.80.2100;0486;12.80.2100;CATEGORIA0;;1;1;0;1;;CASCO CAIXA DIREÇÃO;CASCO CAIXA DIREÇÃO;0;;
292;0486;12.80.2105;0486;12.80.2105;CATEGORIA0;;1;1;0;1;;CASCO CAIXA DIREÇÃO;CASCO CAIXA DIREÇÃO;0;;
292;0486;12.81.1000;0486;12.81.1000;CATEGORIA0;;1;1;0;1;;CASCO CAIXA DIREÇÃO;CASCO CAIXA DIREÇÃO;0;;
292;0486;12.87.2150;0486;12.87.2150;CATEGORIA0;;1;1;0;1;;CASCO CAIXA DIREÇÃO;CASCO CAIXA DIREÇÃO;0;;
292;0486;12.87.2155;0486;12.87.2155;CATEGORIA0;;1;1;0;1;;CASCO CAIXA DIREÇÃO;CASCO CAIXA DIREÇÃO;0;;
292;0486;12.87.3500;0486;12.87.3500;CATEGORIA0;;1;1;0;1;;CASCO CAIXA DIREÇÃO;CASCO CAIXA DIREÇÃO;0;;
292;0486;12.91.5100;0486;12.91.5100;CATEGORIA0;;1;1;0;1;;CASCO CAIXA DIREÇÃO;CASCO CAIXA DIREÇÃO;0;;
292;0486;12.91.5200;0486;12.91.5200;CATEGORIA0;;1;1;0;1;;CASCO CAIXA DIREÇÃO;CASCO CAIXA DIREÇÃO;0;;
292;0486;12.91.5300;0486;12.91.5300;CATEGORIA0;;1;1;0;1;;CASCO CAIXA DIREÇÃO;CASCO CAIXA DIREÇÃO;0;;
292;0486;12.91.5450;0486;12.91.5450;CATEGORIA0;;1;1;0;1;;CASCO CAIXA DIREÇÃO;CASCO CAIXA DIREÇÃO;0;;
292;0486;12.91.5460;0486;12.91.5460;CATEGORIA0;;1;1;0;1;;CASCO CAIXA DIREÇÃO;CASCO CAIXA DIREÇÃO;0;;
292;0486;12.91.5470;0486;12.91.5470;CATEGORIA0;;1;1;0;1;;CASCO CAIXA DIREÇÃO;CASCO CAIXA DIREÇÃO;0;;
292;0486;12.93.2500;0486;12.93.2500;CATEGORIA0;;1;1;0;1;;CASCO CAIXA DIREÇÃO;CASCO CAIXA DIREÇÃO;0;;
292;0486;12.93.2600;0486;12.93.2600;CATEGORIA0;;1;1;0;1;;CASCO CAIXA DIREÇÃO;CASCO CAIXA DIREÇÃO;0;;
292;0486;12.93.3000;0486;12.93.3000;CATEGORIA0;;1;1;0;1;;CASCO CAIXA DIREÇÃO;CASCO CAIXA DIREÇÃO;0;;
292;0486;12.93.4000;0486;12.93.4000;CATEGORIA0;;1;1;0;1;;CASCO CAIXA DIREÇÃO;CASCO CAIXA DIREÇÃO;0;;
292;0486;12.94.1200;0486;12.94.1200;CATEGORIA0;;1;1;0;1;;CASCO CAIXA DIREÇÃO;CASCO CAIXA DIREÇÃO;0;;
292;0486;12.94.2000;0486;12.94.2000;CATEGORIA0;;1;1;0;1;;CASCO CAIXA DIREÇÃO;CASCO CAIXA DIREÇÃO;0;;
292;0486;12.96.3990;0486;12.96.3990;CATEGORIA0;;1;1;0;1;;CASCO CAIXA DIREÇÃO;CASCO CAIXA DIREÇÃO;0;;
292;0486;12.96.4400;0486;12.96.4400;CATEGORIA0;;1;1;0;1;;CASCO CAIXA DIREÇÃO;CASCO CAIXA DIREÇÃO;0;;
292;0486;12.96.4410;0486;12.96.4410;CATEGORIA0;;1;1;0;1;;CASCO CAIXA DIREÇÃO;CASCO CAIXA DIREÇÃO;0;;
292;0486;12.96.4420;0486;12.96.4420;CATEGORIA0;;1;1;0;1;;CASCO CAIXA DIREÇÃO;CASCO CAIXA DIREÇÃO;0;;
292;0486;12.96.4450;0486;12.96.4450;CATEGORIA0;;1;1;0;1;;CASCO CAIXA DIREÇÃO;CASCO CAIXA DIREÇÃO;0;;
292;0486;12.96.4475;0486;12.96.4475;CATEGORIA0;;1;1;0;1;;CASCO CAIXA DIREÇÃO;CASCO CAIXA DIREÇÃO;0;;
292;0486;12.96.4500;0486;12.96.4500;CATEGORIA0;;1;1;0;1;;CASCO CAIXA DIREÇÃO;CASCO CAIXA DIREÇÃO;0;;
292;0486;12.96.5500;0486;12.96.5500;CATEGORIA0;;1;1;0;1;;CASCO CAIXA DIREÇÃO;CASCO CAIXA DIREÇÃO;0;;
292;0486;12.96.5700;0486;12.96.5700;CATEGORIA0;;1;1;0;1;;CASCO CAIXA DIREÇÃO;CASCO CAIXA DIREÇÃO;0;;
292;0486;12.96.5710;0486;12.96.5710;CATEGORIA0;;1;1;0;1;;CASCO CAIXA DIREÇÃO;CASCO CAIXA DIREÇÃO;0;;
292;0486;12.96.5720;0486;12.96.5720;CATEGORIA0;;1;1;0;1;;CASCO CAIXA DIREÇÃO;CASCO CAIXA DIREÇÃO;0;;
292;0486;12.96.5910;0486;12.96.5910;CATEGORIA0;;1;1;0;1;;CASCO CAIXA DIREÇÃO;CASCO CAIXA DIREÇÃO;0;;
292;0486;12.96.5920;0486;12.96.5920;CATEGORIA0;;1;1;0;1;;CASCO CAIXA DIREÇÃO;CASCO CAIXA DIREÇÃO;0;;
292;0486;12.98.3100;0486;12.98.3100;CATEGORIA0;;1;1;0;1;;CASCO CAIXA DIREÇÃO;CASCO CAIXA DIREÇÃO;0;;
292;0486;12.98.3200;0486;12.98.3200;CATEGORIA0;;1;1;0;1;;CASCO CAIXA DIREÇÃO;CASCO CAIXA DIREÇÃO;0;;
292;0486;12.98.3300;0486;12.98.3300;CATEGORIA0;;1;1;0;1;;CASCO CAIXA DIREÇÃO;CASCO CAIXA DIREÇÃO;0;;
292;0486;12.98.3500;0486;12.98.3500;CATEGORIA0;;1;1;0;1;;CASCO CAIXA DIREÇÃO;CASCO CAIXA DIREÇÃO;0;;
292;0486;13.01.2000;0486;13.01.2000;CATEGORIA0;;1;1;0;1;;CASCO CAIXA DIREÇÃO;CASCO CAIXA DIREÇÃO;0;;
292;0486;13.03.0500;0486;13.03.0500;CATEGORIA0;;1;1;0;1;;CASCO CAIXA DIREÇÃO;CASCO CAIXA DIREÇÃO;0;;
292;0486;13.04.1000;0486;13.04.1000;CATEGORIA0;;1;1;0;1;;CASCO CAIXA DIREÇÃO;CASCO CAIXA DIREÇÃO;0;;
292;0486;13.06.0500;0486;13.06.0500;CATEGORIA0;;1;1;0;1;;CASCO CAIXA DIREÇÃO;CASCO CAIXA DIREÇÃO;0;;
292;0486;13.09.1040;0486;13.09.1040;CATEGORIA0;;1;1;0;1;;CASCO CAIXA DIREÇÃO;CASCO CAIXA DIREÇÃO;0;;
292;0486;13.09.1050;0486;13.09.1050;CATEGORIA0;;1;1;0;1;;CASCO CAIXA DIREÇÃO;CASCO CAIXA DIREÇÃO;0;;
292;0486;13.09.1052;0486;13.09.1052;CATEGORIA0;;1;1;0;1;;CASCO CAIXA DIREÇÃO;CASCO CAIXA DIREÇÃO;0;;
292;0486;13.09.1054;0486;13.09.1054;CATEGORIA0;;1;1;0;1;;CASCO CAIXA DIREÇÃO;CASCO CAIXA DIREÇÃO;0;;
292;0486;13.09.1060;0486;13.09.1060;CATEGORIA0;;1;1;0;1;;CASCO CAIXA DIREÇÃO;CASCO CAIXA DIREÇÃO;0;;
292;0486;13.09.1065;0486;13.09.1065;CATEGORIA0;;1;1;0;1;;CASCO CAIXA DIREÇÃO;CASCO CAIXA DIREÇÃO;0;;
292;0486;13.09.1067;0486;13.09.1067;CATEGORIA0;;1;1;0;1;;CASCO CAIXA DIREÇÃO;CASCO CAIXA DIREÇÃO;0;;
292;0486;13.09.1070;0486;13.09.1070;CATEGORIA0;;1;1;0;1;;CASCO CAIXA DIREÇÃO;CASCO CAIXA DIREÇÃO;0;;
292;0486;13.09.1074;0486;13.09.1074;CATEGORIA0;;1;1;0;1;;CASCO CAIXA DIREÇÃO;CASCO CAIXA DIREÇÃO;0;;
292;0486;13.09.1075;0486;13.09.1075;CATEGORIA0;;1;1;0;1;;CASCO CAIXA DIREÇÃO;CASCO CAIXA DIREÇÃO;0;;
292;0486;13.09.1080;0486;13.09.1080;CATEGORIA0;;1;1;0;1;;CASCO CAIXA DIREÇÃO;CASCO CAIXA DIREÇÃO;0;;
292;0486;13.09.1090;0486;13.09.1090;CATEGORIA0;;1;1;0;1;;CASCO CAIXA DIREÇÃO;CASCO CAIXA DIREÇÃO;0;;
292;0486;13.09.2000;0486;13.09.2000;CATEGORIA0;;1;1;0;1;;CASCO CAIXA DIREÇÃO;CASCO CAIXA DIREÇÃO;0;;
292;0486;13.13.1000;0486;13.13.1000;CATEGORIA0;;1;1;0;1;;CASCO CAIXA DIREÇÃO;CASCO CAIXA DIREÇÃO;0;;
292;0486;13.13.1500;0486;13.13.1500;CATEGORIA0;;1;1;0;1;;CASCO CAIXA DIREÇÃO;CASCO CAIXA DIREÇÃO;0;;
292;0486;13.13.1510;0486;13.13.1510;CATEGORIA0;;1;1;0;1;;CASCO CAIXA DIREÇÃO;CASCO CAIXA DIREÇÃO;0;;
292;0486;13.14.1000;0486;13.14.1000;CATEGORIA0;;1;1;0;1;;CASCO CAIXA DIREÇÃO;CASCO CAIXA DIREÇÃO;0;;
292;0486;13.14.2000;0486;13.14.2000;CATEGORIA0;;1;1;0;1;;CASCO CAIXA DIREÇÃO;CASCO CAIXA DIREÇÃO;0;;
292;0486;13.17.1000;0486;13.17.1000;CATEGORIA0;;1;1;0;1;;CASCO CAIXA DIREÇÃO;CASCO CAIXA DIREÇÃO;0;;
292;0486;13.19.0100;0486;13.19.0100;CATEGORIA0;;1;1;0;1;;CASCO CAIXA DIREÇÃO;CASCO CAIXA DIREÇÃO;0;;
292;0486;13.19.0200;0486;13.19.0200;CATEGORIA0;;1;1;0;1;;CASCO CAIXA DIREÇÃO;CASCO CAIXA DIREÇÃO;0;;
292;0486;13.19.0300;0486;13.19.0300;CATEGORIA0;;1;1;0;1;;CASCO CAIXA DIREÇÃO;CASCO CAIXA DIREÇÃO;0;;
292;0486;13.20.0500;0486;13.20.0500;CATEGORIA0;;1;1;0;1;;CASCO CAIXA DIREÇÃO;CASCO CAIXA DIREÇÃO;0;;
292;0486;13.20.0700;0486;13.20.0700;CATEGORIA0;;1;1;0;1;;CASCO CAIXA DIREÇÃO;CASCO CAIXA DIREÇÃO;0;;
292;0486;13.22.0100;0486;13.22.0100;CATEGORIA0;;1;1;0;1;;CASCO CAIXA DIREÇÃO;CASCO CAIXA DIREÇÃO;0;;
292;0486;13.26.3000;0486;13.26.3000;CATEGORIA0;;1;1;0;1;;CASCO CAIXA DIREÇÃO;CASCO CAIXA DIREÇÃO;0;;
292;0486;13.28.1100;0486;13.28.1100;CATEGORIA0;;1;1;0;1;;CASCO CAIXA DIREÇÃO;CASCO CAIXA DIREÇÃO;0;;
292;0486;13.28.1200;0486;13.28.1200;CATEGORIA0;;1;1;0;1;;CASCO CAIXA DIREÇÃO;CASCO CAIXA DIREÇÃO;0;;
292;0486;13.28.2000;0486;13.28.2000;CATEGORIA0;;1;1;0;1;;CASCO CAIXA DIREÇÃO;CASCO CAIXA DIREÇÃO;0;;
292;0486;13.28.2100;0486;13.28.2100;CATEGORIA0;;1;1;0;1;;CASCO CAIXA DIREÇÃO;CASCO CAIXA DIREÇÃO;0;;
292;0486;13.30.1000;0486;13.30.1000;CATEGORIA0;;1;1;0;1;;CASCO CAIXA DIREÇÃO;CASCO CAIXA DIREÇÃO;0;;
292;0486;13.34.1000;0486;13.34.1000;CATEGORIA0;;1;1;0;1;;CASCO CAIXA DIREÇÃO;CASCO CAIXA DIREÇÃO;0;;
292;0486;13.35.1000;0486;13.35.1000;CATEGORIA0;;1;1;0;1;;CASCO CAIXA DIREÇÃO;CASCO CAIXA DIREÇÃO;0;;
292;0486;13.39.3000;0486;13.39.3000;CATEGORIA0;;1;1;0;1;;CASCO CAIXA DIREÇÃO;CASCO CAIXA DIREÇÃO;0;;
292;0486;13.39.3100;0486;13.39.3100;CATEGORIA0;;1;1;0;1;;CASCO CAIXA DIREÇÃO;CASCO CAIXA DIREÇÃO;0;;
292;0486;13.39.4000;0486;13.39.4000;CATEGORIA0;;1;1;0;1;;CASCO CAIXA DIREÇÃO;CASCO CAIXA DIREÇÃO;0;;
292;0486;13.39.5000;0486;13.39.5000;CATEGORIA0;;1;1;0;1;;CASCO CAIXA DIREÇÃO;CASCO CAIXA DIREÇÃO;0;;
292;0486;13.43.3100;0486;13.43.3100;CATEGORIA0;;1;1;0;1;;CASCO CAIXA DIREÇÃO;CASCO CAIXA DIREÇÃO;0;;
292;0486;13.43.3200;0486;13.43.3200;CATEGORIA0;;1;1;0;1;;CASCO CAIXA DIREÇÃO;CASCO CAIXA DIREÇÃO;0;;
292;0486;13.43.3500;0486;13.43.3500;CATEGORIA0;;1;1;0;1;;CASCO CAIXA DIREÇÃO;CASCO CAIXA DIREÇÃO;0;;
292;0486;13.43.3505;0486;13.43.3505;CATEGORIA0;;1;1;0;1;;CASCO CAIXA DIREÇÃO;CASCO CAIXA DIREÇÃO;0;;
292;0486;13.43.4000;0486;13.43.4000;CATEGORIA0;;1;1;0;1;;CASCO CAIXA DIREÇÃO;CASCO CAIXA DIREÇÃO;0;;
292;0486;13.43.4200;0486;13.43.4200;CATEGORIA0;;1;1;0;1;;CASCO CAIXA DIREÇÃO;CASCO CAIXA DIREÇÃO;0;;
292;0486;13.44.1000;0486;13.44.1000;CATEGORIA0;;1;1;0;1;;CASCO CAIXA DIREÇÃO;CASCO CAIXA DIREÇÃO;0;;
292;0486;13.44.1200;0486;13.44.1200;CATEGORIA0;;1;1;0;1;;CASCO CAIXA DIREÇÃO;CASCO CAIXA DIREÇÃO;0;;
292;0486;13.45.1000;0486;13.45.1000;CATEGORIA0;;1;1;0;1;;CASCO CAIXA DIREÇÃO;CASCO CAIXA DIREÇÃO;0;;
292;0486;13.49.0040;0486;13.49.0040;CATEGORIA0;;1;1;0;1;;CASCO CAIXA DIREÇÃO;CASCO CAIXA DIREÇÃO;0;;
292;0486;13.49.0050;0486;13.49.0050;CATEGORIA0;;1;1;0;1;;CASCO CAIXA DIREÇÃO;CASCO CAIXA DIREÇÃO;0;;
292;0486;13.49.0051;0486;13.49.0051;CATEGORIA0;;1;1;0;1;;CASCO CAIXA DIREÇÃO;CASCO CAIXA DIREÇÃO;0;;
292;0486;13.49.0055;0486;13.49.0055;CATEGORIA0;;1;1;0;1;;CASCO CAIXA DIREÇÃO;CASCO CAIXA DIREÇÃO;0;;
292;0486;13.49.0060;0486;13.49.0060;CATEGORIA0;;1;1;0;1;;CASCO CAIXA DIREÇÃO;CASCO CAIXA DIREÇÃO;0;;
292;0486;13.49.0070;0486;13.49.0070;CATEGORIA0;;1;1;0;1;;CASCO CAIXA DIREÇÃO;CASCO CAIXA DIREÇÃO;0;;
292;0486;13.49.0073;0486;13.49.0073;CATEGORIA0;;1;1;0;1;;CASCO CAIXA DIREÇÃO;CASCO CAIXA DIREÇÃO;0;;
292;0486;13.49.0075;0486;13.49.0075;CATEGORIA0;;1;1;0;1;;CASCO CAIXA DIREÇÃO;CASCO CAIXA DIREÇÃO;0;;
292;0486;13.49.0080;0486;13.49.0080;CATEGORIA0;;1;1;0;1;;CASCO CAIXA DIREÇÃO;CASCO CAIXA DIREÇÃO;0;;
292;0486;13.49.0085;0486;13.49.0085;CATEGORIA0;;1;1;0;1;;CASCO CAIXA DIREÇÃO;CASCO CAIXA DIREÇÃO;0;;
292;0486;13.50.1000;0486;13.50.1000;CATEGORIA0;;1;1;0;1;;CASCO CAIXA DIREÇÃO;CASCO CAIXA DIREÇÃO;0;;
292;0486;13.50.2000;0486;13.50.2000;CATEGORIA0;;1;1;0;1;;CASCO CAIXA DIREÇÃO;CASCO CAIXA DIREÇÃO;0;;
292;0486;13.53.5100;0486;13.53.5100;CATEGORIA0;;1;1;0;1;;CASCO CAIXA DIREÇÃO;CASCO CAIXA DIREÇÃO;0;;
292;0486;13.56.3050;0486;13.56.3050;CATEGORIA0;;1;1;0;1;;CASCO CAIXA DIREÇÃO;CASCO CAIXA DIREÇÃO;0;;
292;0486;13.56.3100;0486;13.56.3100;CATEGORIA0;;1;1;0;1;;CASCO CAIXA DIREÇÃO;CASCO CAIXA DIREÇÃO;0;;
292;0486;13.56.3200;0486;13.56.3200;CATEGORIA0;;1;1;0;1;;CASCO CAIXA DIREÇÃO;CASCO CAIXA DIREÇÃO;0;;
292;0486;13.56.3250;0486;13.56.3250;CATEGORIA0;;1;1;0;1;;CASCO CAIXA DIREÇÃO;CASCO CAIXA DIREÇÃO;0;;
292;0486;13.56.3400;0486;13.56.3400;CATEGORIA0;;1;1;0;1;;CASCO CAIXA DIREÇÃO;CASCO CAIXA DIREÇÃO;0;;
292;0486;13.56.3450;0486;13.56.3450;CATEGORIA0;;1;1;0;1;;CASCO CAIXA DIREÇÃO;CASCO CAIXA DIREÇÃO;0;;
292;0486;13.56.3500;0486;13.56.3500;CATEGORIA0;;1;1;0;1;;CASCO CAIXA DIREÇÃO;CASCO CAIXA DIREÇÃO;0;;
292;0486;13.56.3550;0486;13.56.3550;CATEGORIA0;;1;1;0;1;;CASCO CAIXA DIREÇÃO;CASCO CAIXA DIREÇÃO;0;;
292;0486;13.56.3600;0486;13.56.3600;CATEGORIA0;;1;1;0;1;;CASCO CAIXA DIREÇÃO;CASCO CAIXA DIREÇÃO;0;;
292;0486;13.56.3650;0486;13.56.3650;CATEGORIA0;;1;1;0;1;;CASCO CAIXA DIREÇÃO;CASCO CAIXA DIREÇÃO;0;;
292;0486;13.56.3660;0486;13.56.3660;CATEGORIA0;;1;1;0;1;;CASCO CAIXA DIREÇÃO;CASCO CAIXA DIREÇÃO;0;;
292;0486;13.56.3800;0486;13.56.3800;CATEGORIA0;;1;1;0;1;;CASCO CAIXA DIREÇÃO;CASCO CAIXA DIREÇÃO;0;;
292;0486;13.56.3850;0486;13.56.3850;CATEGORIA0;;1;1;0;1;;CASCO CAIXA DIREÇÃO;CASCO CAIXA DIREÇÃO;0;;
292;0486;13.56.4010;0486;13.56.4010;CATEGORIA0;;1;1;0;1;;CASCO CAIXA DIREÇÃO;CASCO CAIXA DIREÇÃO;0;;
292;0486;13.56.4100;0486;13.56.4100;CATEGORIA0;;1;1;0;1;;CASCO CAIXA DIREÇÃO;CASCO CAIXA DIREÇÃO;0;;
292;0486;13.56.6000;0486;13.56.6000;CATEGORIA0;;1;1;0;1;;CASCO CAIXA DIREÇÃO;CASCO CAIXA DIREÇÃO;0;;
292;0486;13.56.7000;0486;13.56.7000;CATEGORIA0;;1;1;0;1;;CASCO CAIXA DIREÇÃO;CASCO CAIXA DIREÇÃO;0;;
292;0486;13.58.1160;0486;13.58.1160;CATEGORIA0;;1;1;0;1;;CASCO CAIXA DIREÇÃO;CASCO CAIXA DIREÇÃO;0;;
292;0486;13.58.1170;0486;13.58.1170;CATEGORIA0;;1;1;0;1;;CASCO CAIXA DIREÇÃO;CASCO CAIXA DIREÇÃO;0;;
292;0486;13.58.1180;0486;13.58.1180;CATEGORIA0;;1;1;0;1;;CASCO CAIXA DIREÇÃO;CASCO CAIXA DIREÇÃO;0;;
292;0486;13.58.1185;0486;13.58.1185;CATEGORIA0;;1;1;0;1;;CASCO CAIXA DIREÇÃO;CASCO CAIXA DIREÇÃO;0;;
292;0486;13.58.1400;0486;13.58.1400;CATEGORIA0;;1;1;0;1;;CASCO CAIXA DIREÇÃO;CASCO CAIXA DIREÇÃO;0;;
292;0486;13.58.1410;0486;13.58.1410;CATEGORIA0;;1;1;0;1;;CASCO CAIXA DIREÇÃO;CASCO CAIXA DIREÇÃO;0;;
292;0486;13.58.1420;0486;13.58.1420;CATEGORIA0;;1;1;0;1;;CASCO CAIXA DIREÇÃO;CASCO CAIXA DIREÇÃO;0;;
292;0486;13.58.1500;0486;13.58.1500;CATEGORIA0;;1;1;0;1;;CASCO CAIXA DIREÇÃO;CASCO CAIXA DIREÇÃO;0;;
292;0486;13.60.0005;0486;13.60.0005;CATEGORIA0;;1;1;0;1;;CASCO CAIXA DIREÇÃO;CASCO CAIXA DIREÇÃO;0;;
292;0486;13.60.0010;0486;13.60.0010;CATEGORIA0;;1;1;0;1;;CASCO CAIXA DIREÇÃO;CASCO CAIXA DIREÇÃO;0;;
292;0486;13.60.0015;0486;13.60.0015;CATEGORIA0;;1;1;0;1;;CASCO CAIXA DIREÇÃO;CASCO CAIXA DIREÇÃO;0;;
292;0486;13.60.0040;0486;13.60.0040;CATEGORIA0;;1;1;0;1;;CASCO CAIXA DIREÇÃO;CASCO CAIXA DIREÇÃO;0;;
292;0486;13.60.0060;0486;13.60.0060;CATEGORIA0;;1;1;0;1;;CASCO CAIXA DIREÇÃO;CASCO CAIXA DIREÇÃO;0;;
292;0486;13.60.0070;0486;13.60.0070;CATEGORIA0;;1;1;0;1;;CASCO CAIXA DIREÇÃO;CASCO CAIXA DIREÇÃO;0;;
292;0486;13.60.0080;0486;13.60.0080;CATEGORIA0;;1;1;0;1;;CASCO CAIXA DIREÇÃO;CASCO CAIXA DIREÇÃO;0;;
292;0486;13.60.0081;0486;13.60.0081;CATEGORIA0;;1;1;0;1;;CASCO CAIXA DIREÇÃO;CASCO CAIXA DIREÇÃO;0;;
292;0486;13.60.0100;0486;13.60.0100;CATEGORIA0;;1;1;0;1;;CASCO CAIXA DIREÇÃO;CASCO CAIXA DIREÇÃO;0;;
292;0486;13.60.0115;0486;13.60.0115;CATEGORIA0;;1;1;0;1;;CASCO CAIXA DIREÇÃO;CASCO CAIXA DIREÇÃO;0;;
292;0486;13.60.0125;0486;13.60.0125;CATEGORIA0;;1;1;0;1;;CASCO CAIXA DIREÇÃO;CASCO CAIXA DIREÇÃO;0;;
292;0486;13.60.0135;0486;13.60.0135;CATEGORIA0;;1;1;0;1;;CASCO CAIXA DIREÇÃO;CASCO CAIXA DIREÇÃO;0;;
292;0486;13.60.0150;0486;13.60.0150;CATEGORIA0;;1;1;0;1;;CASCO CAIXA DIREÇÃO;CASCO CAIXA DIREÇÃO;0;;
292;0486;13.60.0154;0486;13.60.0154;CATEGORIA0;;1;1;0;1;;CASCO CAIXA DIREÇÃO;CASCO CAIXA DIREÇÃO;0;;
292;0486;13.60.0155;0486;13.60.0155;CATEGORIA0;;1;1;0;1;;CASCO CAIXA DIREÇÃO;CASCO CAIXA DIREÇÃO;0;;
292;0486;13.60.0156;0486;13.60.0156;CATEGORIA0;;1;1;0;1;;CASCO CAIXA DIREÇÃO;CASCO CAIXA DIREÇÃO;0;;
292;0486;13.60.0160;0486;13.60.0160;CATEGORIA0;;1;1;0;1;;CASCO CAIXA DIREÇÃO;CASCO CAIXA DIREÇÃO;0;;
292;0486;13.60.0200;0486;13.60.0200;CATEGORIA0;;1;1;0;1;;CASCO CAIXA DIREÇÃO;CASCO CAIXA DIREÇÃO;0;;
292;0486;13.60.0500;0486;13.60.0500;CATEGORIA0;;1;1;0;1;;CASCO CAIXA DIREÇÃO;CASCO CAIXA DIREÇÃO;0;;
292;0486;13.62.0060;0486;13.62.0060;CATEGORIA0;;1;1;0;1;;CASCO CAIXA DIREÇÃO;CASCO CAIXA DIREÇÃO;0;;
292;0486;13.62.0120;0486;13.62.0120;CATEGORIA0;;1;1;0;1;;CASCO CAIXA DIREÇÃO;CASCO CAIXA DIREÇÃO;0;;
292;0486;13.62.0240;0486;13.62.0240;CATEGORIA0;;1;1;0;1;;CASCO CAIXA DIREÇÃO;CASCO CAIXA DIREÇÃO;0;;
292;0486;13.62.0250;0486;13.62.0250;CATEGORIA0;;1;1;0;1;;CASCO CAIXA DIREÇÃO;CASCO CAIXA DIREÇÃO;0;;
292;0486;13.62.0252;0486;13.62.0252;CATEGORIA0;;1;1;0;1;;CASCO CAIXA DIREÇÃO;CASCO CAIXA DIREÇÃO;0;;
292;0486;13.62.0360;0486;13.62.0360;CATEGORIA0;;1;1;0;1;;CASCO CAIXA DIREÇÃO;CASCO CAIXA DIREÇÃO;0;;
292;0486;13.66.1000;0486;13.66.1000;CATEGORIA0;;1;1;0;1;;CASCO CAIXA DIREÇÃO;CASCO CAIXA DIREÇÃO;0;;
292;0486;13.72.1000;0486;13.72.1000;CATEGORIA0;;1;1;0;1;;CASCO CAIXA DIREÇÃO;CASCO CAIXA DIREÇÃO;0;;
292;0486;13.77.1000;0486;13.77.1000;CATEGORIA0;;1;1;0;1;;CASCO CAIXA DIREÇÃO;CASCO CAIXA DIREÇÃO;0;;
292;0486;13.83.0065;0486;13.83.0065;CATEGORIA0;;1;1;0;1;;CASCO CAIXA DIREÇÃO;CASCO CAIXA DIREÇÃO;0;;
292;0486;13.83.0066;0486;13.83.0066;CATEGORIA0;;1;1;0;1;;CASCO CAIXA DIREÇÃO;CASCO CAIXA DIREÇÃO;0;;
292;0486;13.87.1000;0486;13.87.1000;CATEGORIA0;;1;1;0;1;;CASCO CAIXA DIREÇÃO;CASCO CAIXA DIREÇÃO;0;;
292;0486;13.87.1005;0486;13.87.1005;CATEGORIA0;;1;1;0;1;;CASCO CAIXA DIREÇÃO;CASCO CAIXA DIREÇÃO;0;;
292;0486;13.87.1050;0486;13.87.1050;CATEGORIA0;;1;1;0;1;;CASCO CAIXA DIREÇÃO;CASCO CAIXA DIREÇÃO;0;;
292;0486;13.87.1051;0486;13.87.1051;CATEGORIA0;;1;1;0;1;;CASCO CAIXA DIREÇÃO;CASCO CAIXA DIREÇÃO;0;;
292;0486;13.87.1052;0486;13.87.1052;CATEGORIA0;;1;1;0;1;;CASCO CAIXA DIREÇÃO;CASCO CAIXA DIREÇÃO;0;;
292;0486;13.89.3150;0486;13.89.3150;CATEGORIA0;;1;1;0;1;;CASCO CAIXA DIREÇÃO;CASCO CAIXA DIREÇÃO;0;;
292;0486;13.89.3160;0486;13.89.3160;CATEGORIA0;;1;1;0;1;;CASCO CAIXA DIREÇÃO;CASCO CAIXA DIREÇÃO;0;;
292;0486;13.89.3200;0486;13.89.3200;CATEGORIA0;;1;1;0;1;;CASCO CAIXA DIREÇÃO;CASCO CAIXA DIREÇÃO;0;;
292;0486;13.93.0100;0486;13.93.0100;CATEGORIA0;;1;1;0;1;;CASCO CAIXA DIREÇÃO;CASCO CAIXA DIREÇÃO;0;;
292;0486;13.93.0105;0486;13.93.0105;CATEGORIA0;;1;1;0;1;;CASCO CAIXA DIREÇÃO;CASCO CAIXA DIREÇÃO;0;;
292;0486;13.93.0140;0486;13.93.0140;CATEGORIA0;;1;1;0;1;;CASCO CAIXA DIREÇÃO;CASCO CAIXA DIREÇÃO;0;;
292;0486;13.93.0200;0486;13.93.0200;CATEGORIA0;;1;1;0;1;;CASCO CAIXA DIREÇÃO;CASCO CAIXA DIREÇÃO;0;;
292;0486;13.93.0210;0486;13.93.0210;CATEGORIA0;;1;1;0;1;;CASCO CAIXA DIREÇÃO;CASCO CAIXA DIREÇÃO;0;;
292;0486;13.93.0215;0486;13.93.0215;CATEGORIA0;;1;1;0;1;;CASCO CAIXA DIREÇÃO;CASCO CAIXA DIREÇÃO;0;;
292;0486;13.93.0225;0486;13.93.0225;CATEGORIA0;;1;1;0;1;;CASCO CAIXA DIREÇÃO;CASCO CAIXA DIREÇÃO;0;;
292;0486;13.93.0250;0486;13.93.0250;CATEGORIA0;;1;1;0;1;;CASCO CAIXA DIREÇÃO;CASCO CAIXA DIREÇÃO;0;;
292;0486;13.93.0500;0486;13.93.0500;CATEGORIA0;;1;1;0;1;;CASCO CAIXA DIREÇÃO;CASCO CAIXA DIREÇÃO;0;;
292;0486;13.93.0550;0486;13.93.0550;CATEGORIA0;;1;1;0;1;;CASCO CAIXA DIREÇÃO;CASCO CAIXA DIREÇÃO;0;;
292;0486;13.98.1000;0486;13.98.1000;CATEGORIA0;;1;1;0;1;;CASCO CAIXA DIREÇÃO;CASCO CAIXA DIREÇÃO;0;;
292;0486;13.98.9000;0486;13.98.9000;CATEGORIA0;;1;1;0;1;;CASCO CAIXA DIREÇÃO;CASCO CAIXA DIREÇÃO;0;;
292;0486;14.05.0100-2;0486;14.05.0100-2;CATEGORIA0;;1;1;0;1;;CASCO BOMBA DIREÇÃO;CASCO BOMBA DIREÇÃO;0;;
292;0486;14.05.0100-3;0486;14.05.0100-3;CATEGORIA0;;1;1;0;1;;CASCO BOMBA DIREÇÃO;CASCO BOMBA DIREÇÃO;0;;
292;0486;14.05.0100-4;0486;14.05.0100-4;CATEGORIA0;;1;1;0;1;;CASCO BOMBA DIREÇÃO;CASCO BOMBA DIREÇÃO;0;;
292;0486;14.05.0100-5;0486;14.05.0100-5;CATEGORIA0;;1;1;0;1;;CASCO BOMBA DIREÇÃO;CASCO BOMBA DIREÇÃO;0;;
292;0486;14.05.0100-6;0486;14.05.0100-6;CATEGORIA0;;1;1;0;1;;CASCO BOMBA DIREÇÃO;CASCO BOMBA DIREÇÃO;0;;
292;0486;14.05.0100-7;0486;14.05.0100-7;CATEGORIA0;;1;1;0;1;;CASCO BOMBA DIREÇÃO;CASCO BOMBA DIREÇÃO;0;;
292;0486;14.05.0100-8;0486;14.05.0100-8;CATEGORIA0;;1;1;0;1;;CASCO BOMBA DIREÇÃO;CASCO BOMBA DIREÇÃO;0;;
292;0486;14.05.0100-9;0486;14.05.0100-9;CATEGORIA0;;1;1;0;1;;CASCO BOMBA DIREÇÃO;CASCO BOMBA DIREÇÃO;0;;
292;0486;14.05.0101;0486;14.05.0101;CATEGORIA0;;1;1;0;1;;CASCO BOMBA DIREÇÃO;CASCO BOMBA DIREÇÃO;0;;
292;0486;14.05.0102-1;0486;14.05.0102-1;CATEGORIA0;;1;1;0;1;;CASCO BOMBA DIREÇÃO;CASCO BOMBA DIREÇÃO;0;;
292;0486;14.05.0103-1;0486;14.05.0103-1;CATEGORIA0;;1;1;0;1;;CASCO BOMBA DIREÇÃO;CASCO BOMBA DIREÇÃO;0;;
292;0486;14.05.0104-1;0486;14.05.0104-1;CATEGORIA0;;1;1;0;1;;CASCO BOMBA DIREÇÃO;CASCO BOMBA DIREÇÃO;0;;
292;0486;14.05.0105;0486;14.05.0105;CATEGORIA0;;1;1;0;1;;CASCO BOMBA DIREÇÃO;CASCO BOMBA DIREÇÃO;0;;
292;0486;14.05.0105-1;0486;14.05.0105-1;CATEGORIA0;;1;1;0;1;;CASCO BOMBA DIREÇÃO;CASCO BOMBA DIREÇÃO;0;;
292;0486;14.05.0106-1;0486;14.05.0106-1;CATEGORIA0;;1;1;0;1;;CASCO BOMBA DIREÇÃO;CASCO BOMBA DIREÇÃO;0;;
292;0486;14.05.0107-1;0486;14.05.0107-1;CATEGORIA0;;1;1;0;1;;CASCO BOMBA DIREÇÃO;CASCO BOMBA DIREÇÃO;0;;
292;0486;14.05.0108-1;0486;14.05.0108-1;CATEGORIA0;;1;1;0;1;;CASCO BOMBA DIREÇÃO;CASCO BOMBA DIREÇÃO;0;;
292;0486;14.05.0110;0486;14.05.0110;CATEGORIA0;;1;1;0;1;;CASCO BOMBA DIREÇÃO;CASCO BOMBA DIREÇÃO;0;;
292;0486;14.05.0112;0486;14.05.0112;CATEGORIA0;;1;1;0;1;;CASCO BOMBA DIREÇÃO;CASCO BOMBA DIREÇÃO;0;;
292;0486;14.05.0113;0486;14.05.0113;CATEGORIA0;;1;1;0;1;;CASCO BOMBA DIREÇÃO;CASCO BOMBA DIREÇÃO;0;;
292;0486;14.05.0120;0486;14.05.0120;CATEGORIA0;;1;1;0;1;;CASCO BOMBA DIREÇÃO;CASCO BOMBA DIREÇÃO;0;;
292;0486;14.05.0120-1;0486;14.05.0120-1;CATEGORIA0;;1;1;0;1;;CASCO BOMBA DIREÇÃO;CASCO BOMBA DIREÇÃO;0;;
292;0486;14.05.0130-6;0486;14.05.0130-6;CATEGORIA0;;1;1;0;1;;CASCO BOMBA DIREÇÃO;CASCO BOMBA DIREÇÃO;0;;
292;0486;14.05.0140;0486;14.05.0140;CATEGORIA0;;1;1;0;1;;CASCO BOMBA DIREÇÃO;CASCO BOMBA DIREÇÃO;0;;
292;0486;14.05.0150;0486;14.05.0150;CATEGORIA0;;1;1;0;1;;CASCO BOMBA DIREÇÃO;CASCO BOMBA DIREÇÃO;0;;
292;0486;14.05.0155-1;0486;14.05.0155-1;CATEGORIA0;;1;1;0;1;;CASCO BOMBA DIREÇÃO;CASCO BOMBA DIREÇÃO;0;;
292;0486;14.05.0170;0486;14.05.0170;CATEGORIA0;;1;1;0;1;;CASCO BOMBA DIREÇÃO;CASCO BOMBA DIREÇÃO;0;;
292;0486;14.05.0180-1;0486;14.05.0180-1;CATEGORIA0;;1;1;0;1;;CASCO BOMBA DIREÇÃO;CASCO BOMBA DIREÇÃO;0;;
292;0486;14.05.0182-1;0486;14.05.0182-1;CATEGORIA0;;1;1;0;1;;CASCO BOMBA DIREÇÃO;CASCO BOMBA DIREÇÃO;0;;
292;0486;14.05.0185-1;0486;14.05.0185-1;CATEGORIA0;;1;1;0;1;;CASCO BOMBA DIREÇÃO;CASCO BOMBA DIREÇÃO;0;;
292;0486;14.05.0200-1;0486;14.05.0200-1;CATEGORIA0;;1;1;0;1;;CASCO BOMBA DIREÇÃO;CASCO BOMBA DIREÇÃO;0;;
292;0486;14.05.0200-3;0486;14.05.0200-3;CATEGORIA0;;1;1;0;1;;CASCO BOMBA DIREÇÃO;CASCO BOMBA DIREÇÃO;0;;
292;0486;14.05.0200-4;0486;14.05.0200-4;CATEGORIA0;;1;1;0;1;;CASCO BOMBA DIREÇÃO;CASCO BOMBA DIREÇÃO;0;;
292;0486;14.05.0201;0486;14.05.0201;CATEGORIA0;;1;1;0;1;;CASCO BOMBA DIREÇÃO;CASCO BOMBA DIREÇÃO;0;;
292;0486;14.05.0220;0486;14.05.0220;CATEGORIA0;;1;1;0;1;;CASCO BOMBA DIREÇÃO;CASCO BOMBA DIREÇÃO;0;;
292;0486;14.05.0225-1;0486;14.05.0225-1;CATEGORIA0;;1;1;0;1;;CASCO BOMBA DIREÇÃO;CASCO BOMBA DIREÇÃO;0;;
292;0486;14.05.0225-2;0486;14.05.0225-2;CATEGORIA0;;1;1;0;1;;CASCO BOMBA DIREÇÃO;CASCO BOMBA DIREÇÃO;0;;
292;0486;14.05.0225-3;0486;14.05.0225-3;CATEGORIA0;;1;1;0;1;;CASCO BOMBA DIREÇÃO;CASCO BOMBA DIREÇÃO;0;;
292;0486;14.05.0225-4;0486;14.05.0225-4;CATEGORIA0;;1;1;0;1;;CASCO BOMBA DIREÇÃO;CASCO BOMBA DIREÇÃO;0;;
292;0486;14.05.0226;0486;14.05.0226;CATEGORIA0;;1;1;0;1;;CASCO BOMBA DIREÇÃO;CASCO BOMBA DIREÇÃO;0;;
292;0486;14.05.0250;0486;14.05.0250;CATEGORIA0;;1;1;0;1;;CASCO BOMBA DIREÇÃO;CASCO BOMBA DIREÇÃO;0;;
292;0486;14.05.0300-1;0486;14.05.0300-1;CATEGORIA0;;1;1;0;1;;CASCO BOMBA DIREÇÃO;CASCO BOMBA DIREÇÃO;0;;
292;0486;14.05.0300-3;0486;14.05.0300-3;CATEGORIA0;;1;1;0;1;;CASCO BOMBA DIREÇÃO;CASCO BOMBA DIREÇÃO;0;;
292;0486;14.05.0300-4;0486;14.05.0300-4;CATEGORIA0;;1;1;0;1;;CASCO BOMBA DIREÇÃO;CASCO BOMBA DIREÇÃO;0;;
292;0486;14.05.0300-5;0486;14.05.0300-5;CATEGORIA0;;1;1;0;1;;CASCO BOMBA DIREÇÃO;CASCO BOMBA DIREÇÃO;0;;
292;0486;14.05.0300-7;0486;14.05.0300-7;CATEGORIA0;;1;1;0;1;;CASCO BOMBA DIREÇÃO;CASCO BOMBA DIREÇÃO;0;;
292;0486;14.05.0300-8;0486;14.05.0300-8;CATEGORIA0;;1;1;0;1;;CASCO BOMBA DIREÇÃO;CASCO BOMBA DIREÇÃO;0;;
292;0486;14.05.0300-9;0486;14.05.0300-9;CATEGORIA0;;1;1;0;1;;CASCO BOMBA DIREÇÃO;CASCO BOMBA DIREÇÃO;0;;
292;0486;14.05.0303-1;0486;14.05.0303-1;CATEGORIA0;;1;1;0;1;;CASCO BOMBA DIREÇÃO;CASCO BOMBA DIREÇÃO;0;;
292;0486;14.05.0303-2;0486;14.05.0303-2;CATEGORIA0;;1;1;0;1;;CASCO BOMBA DIREÇÃO;CASCO BOMBA DIREÇÃO;0;;
292;0486;14.05.0303-3;0486;14.05.0303-3;CATEGORIA0;;1;1;0;1;;CASCO BOMBA DIREÇÃO;CASCO BOMBA DIREÇÃO;0;;
292;0486;14.05.0303-4;0486;14.05.0303-4;CATEGORIA0;;1;1;0;1;;CASCO BOMBA DIREÇÃO;CASCO BOMBA DIREÇÃO;0;;
292;0486;14.05.0303-5;0486;14.05.0303-5;CATEGORIA0;;1;1;0;1;;CASCO BOMBA DIREÇÃO;CASCO BOMBA DIREÇÃO;0;;
292;0486;14.05.0303-6;0486;14.05.0303-6;CATEGORIA0;;1;1;0;1;;CASCO BOMBA DIREÇÃO;CASCO BOMBA DIREÇÃO;0;;
292;0486;14.05.0303-7;0486;14.05.0303-7;CATEGORIA0;;1;1;0;1;;CASCO BOMBA DIREÇÃO;CASCO BOMBA DIREÇÃO;0;;
292;0486;14.05.0303-9;0486;14.05.0303-9;CATEGORIA0;;1;1;0;1;;CASCO BOMBA DIREÇÃO;CASCO BOMBA DIREÇÃO;0;;
292;0486;14.05.0305;0486;14.05.0305;CATEGORIA0;;1;1;0;1;;CASCO BOMBA DIREÇÃO;CASCO BOMBA DIREÇÃO;0;;
292;0486;14.05.0307-1;0486;14.05.0307-1;CATEGORIA0;;1;1;0;1;;CASCO BOMBA DIREÇÃO;CASCO BOMBA DIREÇÃO;0;;
292;0486;14.05.0315-1;0486;14.05.0315-1;CATEGORIA0;;1;1;0;1;;CASCO BOMBA DIREÇÃO;CASCO BOMBA DIREÇÃO;0;;
292;0486;14.05.0315-4;0486;14.05.0315-4;CATEGORIA0;;1;1;0;1;;CASCO BOMBA DIREÇÃO;CASCO BOMBA DIREÇÃO;0;;
292;0486;14.05.0316;0486;14.05.0316;CATEGORIA0;;1;1;0;1;;CASCO BOMBA DIREÇÃO;CASCO BOMBA DIREÇÃO;0;;
292;0486;14.05.0318;0486;14.05.0318;CATEGORIA0;;1;1;0;1;;CASCO BOMBA DIREÇÃO;CASCO BOMBA DIREÇÃO;0;;
292;0486;14.05.0318-1;0486;14.05.0318-1;CATEGORIA0;;1;1;0;1;;CASCO BOMBA DIREÇÃO;CASCO BOMBA DIREÇÃO;0;;
292;0486;14.05.0320;0486;14.05.0320;CATEGORIA0;;1;1;0;1;;CASCO BOMBA DIREÇÃO;CASCO BOMBA DIREÇÃO;0;;
292;0486;14.05.0323-1;0486;14.05.0323-1;CATEGORIA0;;1;1;0;1;;CASCO BOMBA DIREÇÃO;CASCO BOMBA DIREÇÃO;0;;
292;0486;14.05.0323-2;0486;14.05.0323-2;CATEGORIA0;;1;1;0;1;;CASCO BOMBA DIREÇÃO;CASCO BOMBA DIREÇÃO;0;;
292;0486;14.05.0325;0486;14.05.0325;CATEGORIA0;;1;1;0;1;;CASCO BOMBA DIREÇÃO;CASCO BOMBA DIREÇÃO;0;;
292;0486;14.05.0326-1;0486;14.05.0326-1;CATEGORIA0;;1;1;0;1;;CASCO BOMBA DIREÇÃO;CASCO BOMBA DIREÇÃO;0;;
292;0486;14.05.0335-1;0486;14.05.0335-1;CATEGORIA0;;1;1;0;1;;CASCO BOMBA DIREÇÃO;CASCO BOMBA DIREÇÃO;0;;
292;0486;14.05.0335-2;0486;14.05.0335-2;CATEGORIA0;;1;1;0;1;;CASCO BOMBA DIREÇÃO;CASCO BOMBA DIREÇÃO;0;;
292;0486;14.05.0340;0486;14.05.0340;CATEGORIA0;;1;1;0;1;;CASCO BOMBA DIREÇÃO;CASCO BOMBA DIREÇÃO;0;;
292;0486;14.05.0343;0486;14.05.0343;CATEGORIA0;;1;1;0;1;;CASCO BOMBA DIREÇÃO;CASCO BOMBA DIREÇÃO;0;;
292;0486;14.05.0345-1;0486;14.05.0345-1;CATEGORIA0;;1;1;0;1;;CASCO BOMBA DIREÇÃO;CASCO BOMBA DIREÇÃO;0;;
292;0486;14.05.0345-2;0486;14.05.0345-2;CATEGORIA0;;1;1;0;1;;CASCO BOMBA DIREÇÃO;CASCO BOMBA DIREÇÃO;0;;
292;0486;14.05.0350-1;0486;14.05.0350-1;CATEGORIA0;;1;1;0;1;;CASCO BOMBA DIREÇÃO;CASCO BOMBA DIREÇÃO;0;;
292;0486;14.05.0352;0486;14.05.0352;CATEGORIA0;;1;1;0;1;;CASCO BOMBA DIREÇÃO;CASCO BOMBA DIREÇÃO;0;;
292;0486;14.05.0353;0486;14.05.0353;CATEGORIA0;;1;1;0;1;;CASCO BOMBA DIREÇÃO;CASCO BOMBA DIREÇÃO;0;;
292;0486;14.05.0355-1;0486;14.05.0355-1;CATEGORIA0;;1;1;0;1;;CASCO BOMBA DIREÇÃO;CASCO BOMBA DIREÇÃO;0;;
292;0486;14.05.0355-3;0486;14.05.0355-3;CATEGORIA0;;1;1;0;1;;CASCO BOMBA DIREÇÃO;CASCO BOMBA DIREÇÃO;0;;
292;0486;14.05.0360-1;0486;14.05.0360-1;CATEGORIA0;;1;1;0;1;;CASCO BOMBA DIREÇÃO;CASCO BOMBA DIREÇÃO;0;;
292;0486;14.05.0360-2;0486;14.05.0360-2;CATEGORIA0;;1;1;0;1;;CASCO BOMBA DIREÇÃO;CASCO BOMBA DIREÇÃO;0;;
292;0486;14.05.0360-3;0486;14.05.0360-3;CATEGORIA0;;1;1;0;1;;CASCO BOMBA DIREÇÃO;CASCO BOMBA DIREÇÃO;0;;
292;0486;14.05.0365;0486;14.05.0365;CATEGORIA0;;1;1;0;1;;CASCO BOMBA DIREÇÃO;CASCO BOMBA DIREÇÃO;0;;
292;0486;14.05.0366;0486;14.05.0366;CATEGORIA0;;1;1;0;1;;CASCO BOMBA DIREÇÃO;CASCO BOMBA DIREÇÃO;0;;
292;0486;14.05.0370-1;0486;14.05.0370-1;CATEGORIA0;;1;1;0;1;;CASCO BOMBA DIREÇÃO;CASCO BOMBA DIREÇÃO;0;;
292;0486;14.05.0370-2;0486;14.05.0370-2;CATEGORIA0;;1;1;0;1;;CASCO BOMBA DIREÇÃO;CASCO BOMBA DIREÇÃO;0;;
292;0486;14.05.0370-3;0486;14.05.0370-3;CATEGORIA0;;1;1;0;1;;CASCO BOMBA DIREÇÃO;CASCO BOMBA DIREÇÃO;0;;
292;0486;14.05.0373-1;0486;14.05.0373-1;CATEGORIA0;;1;1;0;1;;CASCO BOMBA DIREÇÃO;CASCO BOMBA DIREÇÃO;0;;
292;0486;14.05.0373-2;0486;14.05.0373-2;CATEGORIA0;;1;1;0;1;;CASCO BOMBA DIREÇÃO;CASCO BOMBA DIREÇÃO;0;;
292;0486;14.05.0375;0486;14.05.0375;CATEGORIA0;;1;1;0;1;;CASCO BOMBA DIREÇÃO;CASCO BOMBA DIREÇÃO;0;;
292;0486;14.05.0376-1;0486;14.05.0376-1;CATEGORIA0;;1;1;0;1;;CASCO BOMBA DIREÇÃO;CASCO BOMBA DIREÇÃO;0;;
292;0486;14.05.0380-1;0486;14.05.0380-1;CATEGORIA0;;1;1;0;1;;CASCO BOMBA DIREÇÃO;CASCO BOMBA DIREÇÃO;0;;
292;0486;14.05.0387;0486;14.05.0387;CATEGORIA0;;1;1;0;1;;CASCO BOMBA DIREÇÃO;CASCO BOMBA DIREÇÃO;0;;
292;0486;14.05.0390;0486;14.05.0390;CATEGORIA0;;1;1;0;1;;CASCO BOMBA DIREÇÃO;CASCO BOMBA DIREÇÃO;0;;
292;0486;14.05.0391;0486;14.05.0391;CATEGORIA0;;1;1;0;1;;CASCO BOMBA DIREÇÃO;CASCO BOMBA DIREÇÃO;0;;
292;0486;14.05.0400;0486;14.05.0400;CATEGORIA0;;1;1;0;1;;CASCO BOMBA DIREÇÃO;CASCO BOMBA DIREÇÃO;0;;
292;0486;14.05.0401;0486;14.05.0401;CATEGORIA0;;1;1;0;1;;CASCO BOMBA DIREÇÃO;CASCO BOMBA DIREÇÃO;0;;
292;0486;14.05.0402-1;0486;14.05.0402-1;CATEGORIA0;;1;1;0;1;;CASCO BOMBA DIREÇÃO;CASCO BOMBA DIREÇÃO;0;;
292;0486;14.05.0403-1;0486;14.05.0403-1;CATEGORIA0;;1;1;0;1;;CASCO BOMBA DIREÇÃO;CASCO BOMBA DIREÇÃO;0;;
292;0486;14.05.0403-2;0486;14.05.0403-2;CATEGORIA0;;1;1;0;1;;CASCO BOMBA DIREÇÃO;CASCO BOMBA DIREÇÃO;0;;
292;0486;14.05.0404-1;0486;14.05.0404-1;CATEGORIA0;;1;1;0;1;;CASCO BOMBA DIREÇÃO;CASCO BOMBA DIREÇÃO;0;;
292;0486;14.05.0405;0486;14.05.0405;CATEGORIA0;;1;1;0;1;;CASCO BOMBA DIREÇÃO;CASCO BOMBA DIREÇÃO;0;;
292;0486;14.05.0406;0486;14.05.0406;CATEGORIA0;;1;1;0;1;;CASCO BOMBA DIREÇÃO;CASCO BOMBA DIREÇÃO;0;;
292;0486;14.05.0407;0486;14.05.0407;CATEGORIA0;;1;1;0;1;;CASCO BOMBA DIREÇÃO;CASCO BOMBA DIREÇÃO;0;;
292;0486;14.05.0408;0486;14.05.0408;CATEGORIA0;;1;1;0;1;;CASCO BOMBA DIREÇÃO;CASCO BOMBA DIREÇÃO;0;;
292;0486;14.05.0410-1;0486;14.05.0410-1;CATEGORIA0;;1;1;0;1;;CASCO BOMBA DIREÇÃO;CASCO BOMBA DIREÇÃO;0;;
292;0486;14.05.0411-1;0486;14.05.0411-1;CATEGORIA0;;1;1;0;1;;CASCO BOMBA DIREÇÃO;CASCO BOMBA DIREÇÃO;0;;
292;0486;14.05.0411-2;0486;14.05.0411-2;CATEGORIA0;;1;1;0;1;;CASCO BOMBA DIREÇÃO;CASCO BOMBA DIREÇÃO;0;;
292;0486;14.05.0412-1;0486;14.05.0412-1;CATEGORIA0;;1;1;0;1;;CASCO BOMBA DIREÇÃO;CASCO BOMBA DIREÇÃO;0;;
292;0486;14.05.0413-1;0486;14.05.0413-1;CATEGORIA0;;1;1;0;1;;CASCO BOMBA DIREÇÃO;CASCO BOMBA DIREÇÃO;0;;
292;0486;14.05.0450;0486;14.05.0450;CATEGORIA0;;1;1;0;1;;CASCO BOMBA DIREÇÃO;CASCO BOMBA DIREÇÃO;0;;
292;0486;14.05.0460-1;0486;14.05.0460-1;CATEGORIA0;;1;1;0;1;;CASCO BOMBA DIREÇÃO;CASCO BOMBA DIREÇÃO;0;;
292;0486;14.05.0500;0486;14.05.0500;CATEGORIA0;;1;1;0;1;;CASCO BOMBA DIREÇÃO;CASCO BOMBA DIREÇÃO;0;;
292;0486;14.05.0510-1;0486;14.05.0510-1;CATEGORIA0;;1;1;0;1;;CASCO BOMBA DIREÇÃO;CASCO BOMBA DIREÇÃO;0;;
292;0486;14.05.0515;0486;14.05.0515;CATEGORIA0;;1;1;0;1;;CASCO BOMBA DIREÇÃO;CASCO BOMBA DIREÇÃO;0;;
292;0486;14.05.0520-1;0486;14.05.0520-1;CATEGORIA0;;1;1;0;1;;CASCO BOMBA DIREÇÃO;CASCO BOMBA DIREÇÃO;0;;
292;0486;14.05.0530-1;0486;14.05.0530-1;CATEGORIA0;;1;1;0;1;;CASCO BOMBA DIREÇÃO;CASCO BOMBA DIREÇÃO;0;;
292;0486;14.05.0545-1;0486;14.05.0545-1;CATEGORIA0;;1;1;0;1;;CASCO BOMBA DIREÇÃO;CASCO BOMBA DIREÇÃO;0;;
292;0486;14.05.0550-1;0486;14.05.0550-1;CATEGORIA0;;1;1;0;1;;CASCO BOMBA DIREÇÃO;CASCO BOMBA DIREÇÃO;0;;
292;0486;14.05.0560-1;0486;14.05.0560-1;CATEGORIA0;;1;1;0;1;;CASCO BOMBA DIREÇÃO;CASCO BOMBA DIREÇÃO;0;;
292;0486;14.05.0570-1;0486;14.05.0570-1;CATEGORIA0;;1;1;0;1;;CASCO BOMBA DIREÇÃO;CASCO BOMBA DIREÇÃO;0;;
292;0486;14.05.0600;0486;14.05.0600;CATEGORIA0;;1;1;0;1;;CASCO BOMBA DIREÇÃO;CASCO BOMBA DIREÇÃO;0;;
292;0486;14.05.0603;0486;14.05.0603;CATEGORIA0;;1;1;0;1;;CASCO BOMBA DIREÇÃO;CASCO BOMBA DIREÇÃO;0;;
292;0486;14.05.0700;0486;14.05.0700;CATEGORIA0;;1;1;0;1;;CASCO BOMBA DIREÇÃO;CASCO BOMBA DIREÇÃO;0;;
292;0486;14.05.0702;0486;14.05.0702;CATEGORIA0;;1;1;0;1;;CASCO BOMBA DIREÇÃO;CASCO BOMBA DIREÇÃO;0;;
292;0486;14.05.0710;0486;14.05.0710;CATEGORIA0;;1;1;0;1;;CASCO BOMBA DIREÇÃO;CASCO BOMBA DIREÇÃO;0;;
292;0486;14.05.0715;0486;14.05.0715;CATEGORIA0;;1;1;0;1;;CASCO BOMBA DIREÇÃO;CASCO BOMBA DIREÇÃO;0;;
292;0486;14.05.0800-1;0486;14.05.0800-1;CATEGORIA0;;1;1;0;1;;CASCO BOMBA DIREÇÃO;CASCO BOMBA DIREÇÃO;0;;
292;0486;14.05.0800-3;0486;14.05.0800-3;CATEGORIA0;;1;1;0;1;;CASCO BOMBA DIREÇÃO;CASCO BOMBA DIREÇÃO;0;;
292;0486;14.05.0900;0486;14.05.0900;CATEGORIA0;;1;1;0;1;;CASCO BOMBA DIREÇÃO;CASCO BOMBA DIREÇÃO;0;;
292;0486;14.05.0902-1;0486;14.05.0902-1;CATEGORIA0;;1;1;0;1;;CASCO BOMBA DIREÇÃO;CASCO BOMBA DIREÇÃO;0;;
292;0486;14.05.1000;0486;14.05.1000;CATEGORIA0;;1;1;0;1;;CASCO BOMBA DIREÇÃO;CASCO BOMBA DIREÇÃO;0;;
292;0486;14.05.1009;0486;14.05.1009;CATEGORIA0;;1;1;0;1;;CASCO BOMBA DIREÇÃO;CASCO BOMBA DIREÇÃO;0;;
292;0486;14.05.1030-1;0486;14.05.1030-1;CATEGORIA0;;1;1;0;1;;CASCO BOMBA DIREÇÃO;CASCO BOMBA DIREÇÃO;0;;
292;0486;14.05.1030-4;0486;14.05.1030-4;CATEGORIA0;;1;1;0;1;;CASCO BOMBA DIREÇÃO;CASCO BOMBA DIREÇÃO;0;;
292;0486;14.05.1040;0486;14.05.1040;CATEGORIA0;;1;1;0;1;;CASCO BOMBA DIREÇÃO;CASCO BOMBA DIREÇÃO;0;;
292;0486;14.05.1049-1;0486;14.05.1049-1;CATEGORIA0;;1;1;0;1;;CASCO BOMBA DIREÇÃO;CASCO BOMBA DIREÇÃO;0;;
292;0486;14.05.1050;0486;14.05.1050;CATEGORIA0;;1;1;0;1;;CASCO BOMBA DIREÇÃO;CASCO BOMBA DIREÇÃO;0;;
292;0486;14.05.1051;0486;14.05.1051;CATEGORIA0;;1;1;0;1;;CASCO BOMBA DIREÇÃO;CASCO BOMBA DIREÇÃO;0;;
292;0486;14.05.1070;0486;14.05.1070;CATEGORIA0;;1;1;0;1;;CASCO BOMBA DIREÇÃO;CASCO BOMBA DIREÇÃO;0;;
292;0486;14.05.1090;0486;14.05.1090;CATEGORIA0;;1;1;0;1;;CASCO BOMBA DIREÇÃO;CASCO BOMBA DIREÇÃO;0;;
292;0486;14.05.1092;0486;14.05.1092;CATEGORIA0;;1;1;0;1;;CASCO BOMBA DIREÇÃO;CASCO BOMBA DIREÇÃO;0;;
292;0486;14.05.1093-1;0486;14.05.1093-1;CATEGORIA0;;1;1;0;1;;CASCO BOMBA DIREÇÃO;CASCO BOMBA DIREÇÃO;0;;
292;0486;14.05.1094;0486;14.05.1094;CATEGORIA0;;1;1;0;1;;CASCO BOMBA DIREÇÃO;CASCO BOMBA DIREÇÃO;0;;
292;0486;14.05.1095;0486;14.05.1095;CATEGORIA0;;1;1;0;1;;CASCO BOMBA DIREÇÃO;CASCO BOMBA DIREÇÃO;0;;
292;0486;14.05.1096;0486;14.05.1096;CATEGORIA0;;1;1;0;1;;CASCO BOMBA DIREÇÃO;CASCO BOMBA DIREÇÃO;0;;
292;0486;14.05.1097-1;0486;14.05.1097-1;CATEGORIA0;;1;1;0;1;;CASCO BOMBA DIREÇÃO;CASCO BOMBA DIREÇÃO;0;;
292;0486;14.05.1120;0486;14.05.1120;CATEGORIA0;;1;1;0;1;;CASCO BOMBA DIREÇÃO;CASCO BOMBA DIREÇÃO;0;;
292;0486;14.05.1130-1;0486;14.05.1130-1;CATEGORIA0;;1;1;0;1;;CASCO BOMBA DIREÇÃO;CASCO BOMBA DIREÇÃO;0;;
292;0486;14.05.1130-3;0486;14.05.1130-3;CATEGORIA0;;1;1;0;1;;CASCO BOMBA DIREÇÃO;CASCO BOMBA DIREÇÃO;0;;
292;0486;14.05.1130-4;0486;14.05.1130-4;CATEGORIA0;;1;1;0;1;;CASCO BOMBA DIREÇÃO;CASCO BOMBA DIREÇÃO;0;;
292;0486;14.05.1130-5;0486;14.05.1130-5;CATEGORIA0;;1;1;0;1;;CASCO BOMBA DIREÇÃO;CASCO BOMBA DIREÇÃO;0;;
292;0486;14.05.1135-1;0486;14.05.1135-1;CATEGORIA0;;1;1;0;1;;CASCO BOMBA DIREÇÃO;CASCO BOMBA DIREÇÃO;0;;
292;0486;14.05.1140;0486;14.05.1140;CATEGORIA0;;1;1;0;1;;CASCO BOMBA DIREÇÃO;CASCO BOMBA DIREÇÃO;0;;
292;0486;14.05.1140-1;0486;14.05.1140-1;CATEGORIA0;;1;1;0;1;;CASCO BOMBA DIREÇÃO;CASCO BOMBA DIREÇÃO;0;;
292;0486;14.05.1140-6;0486;14.05.1140-6;CATEGORIA0;;1;1;0;1;;CASCO BOMBA DIREÇÃO;CASCO BOMBA DIREÇÃO;0;;
292;0486;14.05.1140-7;0486;14.05.1140-7;CATEGORIA0;;1;1;0;1;;CASCO BOMBA DIREÇÃO;CASCO BOMBA DIREÇÃO;0;;
292;0486;14.05.1145;0486;14.05.1145;CATEGORIA0;;1;1;0;1;;CASCO BOMBA DIREÇÃO;CASCO BOMBA DIREÇÃO;0;;
292;0486;14.05.1150;0486;14.05.1150;CATEGORIA0;;1;1;0;1;;CASCO BOMBA DIREÇÃO;CASCO BOMBA DIREÇÃO;0;;
292;0486;14.05.1200-1;0486;14.05.1200-1;CATEGORIA0;;1;1;0;1;;CASCO BOMBA DIREÇÃO;CASCO BOMBA DIREÇÃO;0;;
292;0486;14.05.1200-2;0486;14.05.1200-2;CATEGORIA0;;1;1;0;1;;CASCO BOMBA DIREÇÃO;CASCO BOMBA DIREÇÃO;0;;
292;0486;14.05.1240-5;0486;14.05.1240-5;CATEGORIA0;;1;1;0;1;;CASCO BOMBA DIREÇÃO;CASCO BOMBA DIREÇÃO;0;;
292;0486;14.05.1242;0486;14.05.1242;CATEGORIA0;;1;1;0;1;;CASCO BOMBA DIREÇÃO;CASCO BOMBA DIREÇÃO;0;;
292;0486;14.05.1243-1;0486;14.05.1243-1;CATEGORIA0;;1;1;0;1;;CASCO BOMBA DIREÇÃO;CASCO BOMBA DIREÇÃO;0;;
292;0486;14.05.1245-1;0486;14.05.1245-1;CATEGORIA0;;1;1;0;1;;CASCO BOMBA DIREÇÃO;CASCO BOMBA DIREÇÃO;0;;
292;0486;14.07.0100-1;0486;14.07.0100-1;CATEGORIA0;;1;1;0;1;;CASCO BOMBA DIREÇÃO;CASCO BOMBA DIREÇÃO;0;;
292;0486;14.07.0100-10;0486;14.07.0100-10;CATEGORIA0;;1;1;0;1;;CASCO BOMBA DIREÇÃO;CASCO BOMBA DIREÇÃO;0;;
292;0486;14.07.0100-11;0486;14.07.0100-11;CATEGORIA0;;1;1;0;1;;CASCO BOMBA DIREÇÃO;CASCO BOMBA DIREÇÃO;0;;
292;0486;14.07.0100-2;0486;14.07.0100-2;CATEGORIA0;;1;1;0;1;;CASCO BOMBA DIREÇÃO;CASCO BOMBA DIREÇÃO;0;;
292;0486;14.07.0100-3;0486;14.07.0100-3;CATEGORIA0;;1;1;0;1;;CASCO BOMBA DIREÇÃO;CASCO BOMBA DIREÇÃO;0;;
292;0486;14.07.0100-4;0486;14.07.0100-4;CATEGORIA0;;1;1;0;1;;CASCO BOMBA DIREÇÃO;CASCO BOMBA DIREÇÃO;0;;
292;0486;14.07.0100-5;0486;14.07.0100-5;CATEGORIA0;;1;1;0;1;;CASCO BOMBA DIREÇÃO;CASCO BOMBA DIREÇÃO;0;;
292;0486;14.07.0100-6;0486;14.07.0100-6;CATEGORIA0;;1;1;0;1;;CASCO BOMBA DIREÇÃO;CASCO BOMBA DIREÇÃO;0;;
292;0486;14.07.0100-7;0486;14.07.0100-7;CATEGORIA0;;1;1;0;1;;CASCO BOMBA DIREÇÃO;CASCO BOMBA DIREÇÃO;0;;
292;0486;14.07.0100-8;0486;14.07.0100-8;CATEGORIA0;;1;1;0;1;;CASCO BOMBA DIREÇÃO;CASCO BOMBA DIREÇÃO;0;;
292;0486;14.07.0100-9;0486;14.07.0100-9;CATEGORIA0;;1;1;0;1;;CASCO BOMBA DIREÇÃO;CASCO BOMBA DIREÇÃO;0;;
292;0486;14.07.0101;0486;14.07.0101;CATEGORIA0;;1;1;0;1;;CASCO BOMBA DIREÇÃO;CASCO BOMBA DIREÇÃO;0;;
292;0486;14.07.0102;0486;14.07.0102;CATEGORIA0;;1;1;0;1;;CASCO BOMBA DIREÇÃO;CASCO BOMBA DIREÇÃO;0;;
292;0486;14.07.0103;0486;14.07.0103;CATEGORIA0;;1;1;0;1;;CASCO BOMBA DIREÇÃO;CASCO BOMBA DIREÇÃO;0;;
292;0486;14.07.0104-1;0486;14.07.0104-1;CATEGORIA0;;1;1;0;1;;CASCO BOMBA DIREÇÃO;CASCO BOMBA DIREÇÃO;0;;
292;0486;14.07.0105;0486;14.07.0105;CATEGORIA0;;1;1;0;1;;CASCO BOMBA DIREÇÃO;CASCO BOMBA DIREÇÃO;0;;
292;0486;14.07.0106;0486;14.07.0106;CATEGORIA0;;1;1;0;1;;CASCO BOMBA DIREÇÃO;CASCO BOMBA DIREÇÃO;0;;
292;0486;14.07.0108;0486;14.07.0108;CATEGORIA0;;1;1;0;1;;CASCO BOMBA DIREÇÃO;CASCO BOMBA DIREÇÃO;0;;
292;0486;14.07.0110;0486;14.07.0110;CATEGORIA0;;1;1;0;1;;CASCO BOMBA DIREÇÃO;CASCO BOMBA DIREÇÃO;0;;
292;0486;14.07.0112;0486;14.07.0112;CATEGORIA0;;1;1;0;1;;CASCO BOMBA DIREÇÃO;CASCO BOMBA DIREÇÃO;0;;
292;0486;14.07.0118;0486;14.07.0118;CATEGORIA0;;1;1;0;1;;CASCO BOMBA DIREÇÃO;CASCO BOMBA DIREÇÃO;0;;
292;0486;14.07.0120;0486;14.07.0120;CATEGORIA0;;1;1;0;1;;CASCO BOMBA DIREÇÃO;CASCO BOMBA DIREÇÃO;0;;
292;0486;14.07.0130-1;0486;14.07.0130-1;CATEGORIA0;;1;1;0;1;;CASCO BOMBA DIREÇÃO;CASCO BOMBA DIREÇÃO;0;;
292;0486;14.07.0131;0486;14.07.0131;CATEGORIA0;;1;1;0;1;;CASCO BOMBA DIREÇÃO;CASCO BOMBA DIREÇÃO;0;;
292;0486;14.07.0140-1;0486;14.07.0140-1;CATEGORIA0;;1;1;0;1;;CASCO BOMBA DIREÇÃO;CASCO BOMBA DIREÇÃO;0;;
292;0486;14.07.0140-2;0486;14.07.0140-2;CATEGORIA0;;1;1;0;1;;CASCO BOMBA DIREÇÃO;CASCO BOMBA DIREÇÃO;0;;
292;0486;14.07.0142;0486;14.07.0142;CATEGORIA0;;1;1;0;1;;CASCO BOMBA DIREÇÃO;CASCO BOMBA DIREÇÃO;0;;
292;0486;14.07.0150-1;0486;14.07.0150-1;CATEGORIA0;;1;1;0;1;;CASCO BOMBA DIREÇÃO;CASCO BOMBA DIREÇÃO;0;;
292;0486;14.07.0160;0486;14.07.0160;CATEGORIA0;;1;1;0;1;;CASCO BOMBA DIREÇÃO;CASCO BOMBA DIREÇÃO;0;;
292;0486;14.07.0200-2;0486;14.07.0200-2;CATEGORIA0;;1;1;0;1;;CASCO BOMBA DIREÇÃO;CASCO BOMBA DIREÇÃO;0;;
292;0486;14.07.0200-4;0486;14.07.0200-4;CATEGORIA0;;1;1;0;1;;CASCO BOMBA DIREÇÃO;CASCO BOMBA DIREÇÃO;0;;
292;0486;14.07.0201;0486;14.07.0201;CATEGORIA0;;1;1;0;1;;CASCO BOMBA DIREÇÃO;CASCO BOMBA DIREÇÃO;0;;
292;0486;14.07.0202-1;0486;14.07.0202-1;CATEGORIA0;;1;1;0;1;;CASCO BOMBA DIREÇÃO;CASCO BOMBA DIREÇÃO;0;;
292;0486;14.07.0202-2;0486;14.07.0202-2;CATEGORIA0;;1;1;0;1;;CASCO BOMBA DIREÇÃO;CASCO BOMBA DIREÇÃO;0;;
292;0486;14.07.0203;0486;14.07.0203;CATEGORIA0;;1;1;0;1;;CASCO BOMBA DIREÇÃO;CASCO BOMBA DIREÇÃO;0;;
292;0486;14.07.0210;0486;14.07.0210;CATEGORIA0;;1;1;0;1;;CASCO BOMBA DIREÇÃO;CASCO BOMBA DIREÇÃO;0;;
292;0486;14.07.0250;0486;14.07.0250;CATEGORIA0;;1;1;0;1;;CASCO BOMBA DIREÇÃO;CASCO BOMBA DIREÇÃO;0;;
292;0486;14.07.0280;0486;14.07.0280;CATEGORIA0;;1;1;0;1;;CASCO BOMBA DIREÇÃO;CASCO BOMBA DIREÇÃO;0;;
292;0486;14.07.0281;0486;14.07.0281;CATEGORIA0;;1;1;0;1;;CASCO BOMBA DIREÇÃO;CASCO BOMBA DIREÇÃO;0;;
292;0486;14.07.0282;0486;14.07.0282;CATEGORIA0;;1;1;0;1;;CASCO BOMBA DIREÇÃO;CASCO BOMBA DIREÇÃO;0;;
292;0486;14.07.0283-1;0486;14.07.0283-1;CATEGORIA0;;1;1;0;1;;CASCO BOMBA DIREÇÃO;CASCO BOMBA DIREÇÃO;0;;
292;0486;14.07.0284;0486;14.07.0284;CATEGORIA0;;1;1;0;1;;CASCO BOMBA DIREÇÃO;CASCO BOMBA DIREÇÃO;0;;
292;0486;14.07.0287-1;0486;14.07.0287-1;CATEGORIA0;;1;1;0;1;;CASCO BOMBA DIREÇÃO;CASCO BOMBA DIREÇÃO;0;;
292;0486;14.07.0288-1;0486;14.07.0288-1;CATEGORIA0;;1;1;0;1;;CASCO BOMBA DIREÇÃO;CASCO BOMBA DIREÇÃO;0;;
292;0486;14.07.0293-1;0486;14.07.0293-1;CATEGORIA0;;1;1;0;1;;CASCO BOMBA DIREÇÃO;CASCO BOMBA DIREÇÃO;0;;
292;0486;14.07.0300-1;0486;14.07.0300-1;CATEGORIA0;;1;1;0;1;;CASCO BOMBA DIREÇÃO;CASCO BOMBA DIREÇÃO;0;;
292;0486;14.07.0300-2;0486;14.07.0300-2;CATEGORIA0;;1;1;0;1;;CASCO BOMBA DIREÇÃO;CASCO BOMBA DIREÇÃO;0;;
292;0486;14.07.0310;0486;14.07.0310;CATEGORIA0;;1;1;0;1;;CASCO BOMBA DIREÇÃO;CASCO BOMBA DIREÇÃO;0;;
292;0486;14.07.0315;0486;14.07.0315;CATEGORIA0;;1;1;0;1;;CASCO BOMBA DIREÇÃO;CASCO BOMBA DIREÇÃO;0;;
292;0486;14.07.0330;0486;14.07.0330;CATEGORIA0;;1;1;0;1;;CASCO BOMBA DIREÇÃO;CASCO BOMBA DIREÇÃO;0;;
292;0486;14.07.0340-1;0486;14.07.0340-1;CATEGORIA0;;1;1;0;1;;CASCO BOMBA DIREÇÃO;CASCO BOMBA DIREÇÃO;0;;
292;0486;14.07.0350-1;0486;14.07.0350-1;CATEGORIA0;;1;1;0;1;;CASCO BOMBA DIREÇÃO;CASCO BOMBA DIREÇÃO;0;;
292;0486;14.07.0350-2;0486;14.07.0350-2;CATEGORIA0;;1;1;0;1;;CASCO BOMBA DIREÇÃO;CASCO BOMBA DIREÇÃO;0;;
292;0486;14.07.0355;0486;14.07.0355;CATEGORIA0;;1;1;0;1;;CASCO BOMBA DIREÇÃO;CASCO BOMBA DIREÇÃO;0;;
292;0486;14.07.0360;0486;14.07.0360;CATEGORIA0;;1;1;0;1;;CASCO BOMBA DIREÇÃO;CASCO BOMBA DIREÇÃO;0;;
292;0486;14.07.0365;0486;14.07.0365;CATEGORIA0;;1;1;0;1;;CASCO BOMBA DIREÇÃO;CASCO BOMBA DIREÇÃO;0;;
292;0486;14.07.0368;0486;14.07.0368;CATEGORIA0;;1;1;0;1;;CASCO BOMBA DIREÇÃO;CASCO BOMBA DIREÇÃO;0;;
292;0486;14.07.0370;0486;14.07.0370;CATEGORIA0;;1;1;0;1;;CASCO BOMBA DIREÇÃO;CASCO BOMBA DIREÇÃO;0;;
292;0486;14.07.0371;0486;14.07.0371;CATEGORIA0;;1;1;0;1;;CASCO BOMBA DIREÇÃO;CASCO BOMBA DIREÇÃO;0;;
292;0486;14.07.0372;0486;14.07.0372;CATEGORIA0;;1;1;0;1;;CASCO BOMBA DIREÇÃO;CASCO BOMBA DIREÇÃO;0;;
292;0486;14.07.0380;0486;14.07.0380;CATEGORIA0;;1;1;0;1;;CASCO BOMBA DIREÇÃO;CASCO BOMBA DIREÇÃO;0;;
292;0486;14.07.0381-1;0486;14.07.0381-1;CATEGORIA0;;1;1;0;1;;CASCO BOMBA DIREÇÃO;CASCO BOMBA DIREÇÃO;0;;
292;0486;14.07.0381-2;0486;14.07.0381-2;CATEGORIA0;;1;1;0;1;;CASCO BOMBA DIREÇÃO;CASCO BOMBA DIREÇÃO;0;;
292;0486;14.07.0382;0486;14.07.0382;CATEGORIA0;;1;1;0;1;;CASCO BOMBA DIREÇÃO;CASCO BOMBA DIREÇÃO;0;;
292;0486;14.07.0391-1;0486;14.07.0391-1;CATEGORIA0;;1;1;0;1;;CASCO BOMBA DIREÇÃO;CASCO BOMBA DIREÇÃO;0;;
292;0486;14.07.0392;0486;14.07.0392;CATEGORIA0;;1;1;0;1;;CASCO BOMBA DIREÇÃO;CASCO BOMBA DIREÇÃO;0;;
292;0486;14.07.0405;0486;14.07.0405;CATEGORIA0;;1;1;0;1;;CASCO BOMBA DIREÇÃO;CASCO BOMBA DIREÇÃO;0;;
292;0486;14.09.0100-1;0486;14.09.0100-1;CATEGORIA0;;1;1;0;1;;CASCO BOMBA DIREÇÃO;CASCO BOMBA DIREÇÃO;0;;
292;0486;14.09.0100-3;0486;14.09.0100-3;CATEGORIA0;;1;1;0;1;;CASCO BOMBA DIREÇÃO;CASCO BOMBA DIREÇÃO;0;;
292;0486;14.09.0100-4;0486;14.09.0100-4;CATEGORIA0;;1;1;0;1;;CASCO BOMBA DIREÇÃO;CASCO BOMBA DIREÇÃO;0;;
292;0486;14.09.0100-5;0486;14.09.0100-5;CATEGORIA0;;1;1;0;1;;CASCO BOMBA DIREÇÃO;CASCO BOMBA DIREÇÃO;0;;
292;0486;14.09.0120;0486;14.09.0120;CATEGORIA0;;1;1;0;1;;CASCO BOMBA DIREÇÃO;CASCO BOMBA DIREÇÃO;0;;
292;0486;14.09.0200-1;0486;14.09.0200-1;CATEGORIA0;;1;1;0;1;;CASCO BOMBA DIREÇÃO;CASCO BOMBA DIREÇÃO;0;;
292;0486;14.09.0200-2;0486;14.09.0200-2;CATEGORIA0;;1;1;0;1;;CASCO BOMBA DIREÇÃO;CASCO BOMBA DIREÇÃO;0;;
292;0486;14.09.0200-3;0486;14.09.0200-3;CATEGORIA0;;1;1;0;1;;CASCO BOMBA DIREÇÃO;CASCO BOMBA DIREÇÃO;0;;
292;0486;14.09.0201;0486;14.09.0201;CATEGORIA0;;1;1;0;1;;CASCO BOMBA DIREÇÃO;CASCO BOMBA DIREÇÃO;0;;
292;0486;14.09.0202;0486;14.09.0202;CATEGORIA0;;1;1;0;1;;CASCO BOMBA DIREÇÃO;CASCO BOMBA DIREÇÃO;0;;
292;0486;14.09.0203;0486;14.09.0203;CATEGORIA0;;1;1;0;1;;CASCO BOMBA DIREÇÃO;CASCO BOMBA DIREÇÃO;0;;
292;0486;14.09.0210-1;0486;14.09.0210-1;CATEGORIA0;;1;1;0;1;;CASCO BOMBA DIREÇÃO;CASCO BOMBA DIREÇÃO;0;;
292;0486;14.09.0300-1;0486;14.09.0300-1;CATEGORIA0;;1;1;0;1;;CASCO BOMBA DIREÇÃO;CASCO BOMBA DIREÇÃO;0;;
292;0486;14.09.0301;0486;14.09.0301;CATEGORIA0;;1;1;0;1;;CASCO BOMBA DIREÇÃO;CASCO BOMBA DIREÇÃO;0;;
292;0486;14.09.0302;0486;14.09.0302;CATEGORIA0;;1;1;0;1;;CASCO BOMBA DIREÇÃO;CASCO BOMBA DIREÇÃO;0;;
292;0486;14.09.0303;0486;14.09.0303;CATEGORIA0;;1;1;0;1;;CASCO BOMBA DIREÇÃO;CASCO BOMBA DIREÇÃO;0;;
292;0486;14.09.0304;0486;14.09.0304;CATEGORIA0;;1;1;0;1;;CASCO BOMBA DIREÇÃO;CASCO BOMBA DIREÇÃO;0;;
292;0486;14.09.0305-1;0486;14.09.0305-1;CATEGORIA0;;1;1;0;1;;CASCO BOMBA DIREÇÃO;CASCO BOMBA DIREÇÃO;0;;
292;0486;14.09.0306-1;0486;14.09.0306-1;CATEGORIA0;;1;1;0;1;;CASCO BOMBA DIREÇÃO;CASCO BOMBA DIREÇÃO;0;;
292;0486;14.09.0400-1;0486;14.09.0400-1;CATEGORIA0;;1;1;0;1;;CASCO BOMBA DIREÇÃO;CASCO BOMBA DIREÇÃO;0;;
292;0486;14.09.0600;0486;14.09.0600;CATEGORIA0;;1;1;0;1;;CASCO BOMBA DIREÇÃO;CASCO BOMBA DIREÇÃO;0;;
292;0486;14.11.0100;0486;14.11.0100;CATEGORIA0;;1;1;0;1;;CASCO BOMBA DIREÇÃO;CASCO BOMBA DIREÇÃO;0;;
292;0486;14.11.0101-1;0486;14.11.0101-1;CATEGORIA0;;1;1;0;1;;CASCO BOMBA DIREÇÃO;CASCO BOMBA DIREÇÃO;0;;
292;0486;14.11.0102;0486;14.11.0102;CATEGORIA0;;1;1;0;1;;CASCO BOMBA DIREÇÃO;CASCO BOMBA DIREÇÃO;0;;
292;0486;14.11.0104-1;0486;14.11.0104-1;CATEGORIA0;;1;1;0;1;;CASCO BOMBA DIREÇÃO;CASCO BOMBA DIREÇÃO;0;;
292;0486;14.11.0105;0486;14.11.0105;CATEGORIA0;;1;1;0;1;;CASCO BOMBA DIREÇÃO;CASCO BOMBA DIREÇÃO;0;;
292;0486;14.11.0107;0486;14.11.0107;CATEGORIA0;;1;1;0;1;;CASCO BOMBA DIREÇÃO;CASCO BOMBA DIREÇÃO;0;;
292;0486;14.11.0110;0486;14.11.0110;CATEGORIA0;;1;1;0;1;;CASCO BOMBA DIREÇÃO;CASCO BOMBA DIREÇÃO;0;;
292;0486;14.11.0150;0486;14.11.0150;CATEGORIA0;;1;1;0;1;;CASCO BOMBA DIREÇÃO;CASCO BOMBA DIREÇÃO;0;;
292;0486;14.11.0201-1;0486;14.11.0201-1;CATEGORIA0;;1;1;0;1;;CASCO BOMBA DIREÇÃO;CASCO BOMBA DIREÇÃO;0;;
292;0486;14.11.0201-3;0486;14.11.0201-3;CATEGORIA0;;1;1;0;1;;CASCO BOMBA DIREÇÃO;CASCO BOMBA DIREÇÃO;0;;
292;0486;14.11.0203;0486;14.11.0203;CATEGORIA0;;1;1;0;1;;CASCO BOMBA DIREÇÃO;CASCO BOMBA DIREÇÃO;0;;
292;0486;14.11.0205;0486;14.11.0205;CATEGORIA0;;1;1;0;1;;CASCO BOMBA DIREÇÃO;CASCO BOMBA DIREÇÃO;0;;
292;0486;14.11.0206;0486;14.11.0206;CATEGORIA0;;1;1;0;1;;CASCO BOMBA DIREÇÃO;CASCO BOMBA DIREÇÃO;0;;
292;0486;14.11.0207;0486;14.11.0207;CATEGORIA0;;1;1;0;1;;CASCO BOMBA DIREÇÃO;CASCO BOMBA DIREÇÃO;0;;
292;0486;14.11.0212;0486;14.11.0212;CATEGORIA0;;1;1;0;1;;CASCO BOMBA DIREÇÃO;CASCO BOMBA DIREÇÃO;0;;
292;0486;14.11.0215-1;0486;14.11.0215-1;CATEGORIA0;;1;1;0;1;;CASCO BOMBA DIREÇÃO;CASCO BOMBA DIREÇÃO;0;;
292;0486;14.11.0215-2;0486;14.11.0215-2;CATEGORIA0;;1;1;0;1;;CASCO BOMBA DIREÇÃO;CASCO BOMBA DIREÇÃO;0;;
292;0486;14.11.0219-1;0486;14.11.0219-1;CATEGORIA0;;1;1;0;1;;CASCO BOMBA DIREÇÃO;CASCO BOMBA DIREÇÃO;0;;
292;0486;14.11.0221;0486;14.11.0221;CATEGORIA0;;1;1;0;1;;CASCO BOMBA DIREÇÃO;CASCO BOMBA DIREÇÃO;0;;
292;0486;14.11.0224-1;0486;14.11.0224-1;CATEGORIA0;;1;1;0;1;;CASCO BOMBA DIREÇÃO;CASCO BOMBA DIREÇÃO;0;;
292;0486;14.11.0227;0486;14.11.0227;CATEGORIA0;;1;1;0;1;;CASCO BOMBA DIREÇÃO;CASCO BOMBA DIREÇÃO;0;;
292;0486;14.11.0228;0486;14.11.0228;CATEGORIA0;;1;1;0;1;;CASCO BOMBA DIREÇÃO;CASCO BOMBA DIREÇÃO;0;;
292;0486;14.11.0230-3;0486;14.11.0230-3;CATEGORIA0;;1;1;0;1;;CASCO BOMBA DIREÇÃO;CASCO BOMBA DIREÇÃO;0;;
292;0486;14.11.0234;0486;14.11.0234;CATEGORIA0;;1;1;0;1;;CASCO BOMBA DIREÇÃO;CASCO BOMBA DIREÇÃO;0;;
292;0486;14.11.0235;0486;14.11.0235;CATEGORIA0;;1;1;0;1;;CASCO BOMBA DIREÇÃO;CASCO BOMBA DIREÇÃO;0;;
292;0486;14.11.0237;0486;14.11.0237;CATEGORIA0;;1;1;0;1;;CASCO BOMBA DIREÇÃO;CASCO BOMBA DIREÇÃO;0;;
292;0486;14.11.0238;0486;14.11.0238;CATEGORIA0;;1;1;0;1;;CASCO BOMBA DIREÇÃO;CASCO BOMBA DIREÇÃO;0;;
292;0486;14.11.0239;0486;14.11.0239;CATEGORIA0;;1;1;0;1;;CASCO BOMBA DIREÇÃO;CASCO BOMBA DIREÇÃO;0;;
292;0486;14.11.0241;0486;14.11.0241;CATEGORIA0;;1;1;0;1;;CASCO BOMBA DIREÇÃO;CASCO BOMBA DIREÇÃO;0;;
292;0486;14.11.0242;0486;14.11.0242;CATEGORIA0;;1;1;0;1;;CASCO BOMBA DIREÇÃO;CASCO BOMBA DIREÇÃO;0;;
292;0486;14.11.0245-5;0486;14.11.0245-5;CATEGORIA0;;1;1;0;1;;CASCO BOMBA DIREÇÃO;CASCO BOMBA DIREÇÃO;0;;
292;0486;14.11.0247;0486;14.11.0247;CATEGORIA0;;1;1;0;1;;CASCO BOMBA DIREÇÃO;CASCO BOMBA DIREÇÃO;0;;
292;0486;14.11.0248-5;0486;14.11.0248-5;CATEGORIA0;;1;1;0;1;;CASCO BOMBA DIREÇÃO;CASCO BOMBA DIREÇÃO;0;;
292;0486;14.11.0254;0486;14.11.0254;CATEGORIA0;;1;1;0;1;;CASCO BOMBA DIREÇÃO;CASCO BOMBA DIREÇÃO;0;;
292;0486;14.11.0255;0486;14.11.0255;CATEGORIA0;;1;1;0;1;;CASCO BOMBA DIREÇÃO;CASCO BOMBA DIREÇÃO;0;;
292;0486;14.11.0256-1;0486;14.11.0256-1;CATEGORIA0;;1;1;0;1;;CASCO BOMBA DIREÇÃO;CASCO BOMBA DIREÇÃO;0;;
292;0486;14.11.0257;0486;14.11.0257;CATEGORIA0;;1;1;0;1;;CASCO BOMBA DIREÇÃO;CASCO BOMBA DIREÇÃO;0;;
292;0486;14.11.0260;0486;14.11.0260;CATEGORIA0;;1;1;0;1;;CASCO BOMBA DIREÇÃO;CASCO BOMBA DIREÇÃO;0;;
292;0486;14.11.0261;0486;14.11.0261;CATEGORIA0;;1;1;0;1;;CASCO BOMBA DIREÇÃO;CASCO BOMBA DIREÇÃO;0;;
292;0486;14.11.0263-1;0486;14.11.0263-1;CATEGORIA0;;1;1;0;1;;CASCO BOMBA DIREÇÃO;CASCO BOMBA DIREÇÃO;0;;
292;0486;14.11.0264;0486;14.11.0264;CATEGORIA0;;1;1;0;1;;CASCO BOMBA DIREÇÃO;CASCO BOMBA DIREÇÃO;0;;
292;0486;14.11.0268;0486;14.11.0268;CATEGORIA0;;1;1;0;1;;CASCO BOMBA DIREÇÃO;CASCO BOMBA DIREÇÃO;0;;
292;0486;14.11.0270-4;0486;14.11.0270-4;CATEGORIA0;;1;1;0;1;;CASCO BOMBA DIREÇÃO;CASCO BOMBA DIREÇÃO;0;;
292;0486;14.11.0271;0486;14.11.0271;CATEGORIA0;;1;1;0;1;;CASCO BOMBA DIREÇÃO;CASCO BOMBA DIREÇÃO;0;;
292;0486;14.11.0272-1;0486;14.11.0272-1;CATEGORIA0;;1;1;0;1;;CASCO BOMBA DIREÇÃO;CASCO BOMBA DIREÇÃO;0;;
292;0486;14.11.0274;0486;14.11.0274;CATEGORIA0;;1;1;0;1;;CASCO BOMBA DIREÇÃO;CASCO BOMBA DIREÇÃO;0;;
292;0486;14.11.0279;0486;14.11.0279;CATEGORIA0;;1;1;0;1;;CASCO BOMBA DIREÇÃO;CASCO BOMBA DIREÇÃO;0;;
292;0486;14.11.0280;0486;14.11.0280;CATEGORIA0;;1;1;0;1;;CASCO BOMBA DIREÇÃO;CASCO BOMBA DIREÇÃO;0;;
292;0486;14.11.0281;0486;14.11.0281;CATEGORIA0;;1;1;0;1;;CASCO BOMBA DIREÇÃO;CASCO BOMBA DIREÇÃO;0;;
292;0486;14.11.0282;0486;14.11.0282;CATEGORIA0;;1;1;0;1;;CASCO BOMBA DIREÇÃO;CASCO BOMBA DIREÇÃO;0;;
292;0486;14.11.0284;0486;14.11.0284;CATEGORIA0;;1;1;0;1;;CASCO BOMBA DIREÇÃO;CASCO BOMBA DIREÇÃO;0;;
292;0486;14.11.0286-1;0486;14.11.0286-1;CATEGORIA0;;1;1;0;1;;CASCO BOMBA DIREÇÃO;CASCO BOMBA DIREÇÃO;0;;
292;0486;14.11.0287;0486;14.11.0287;CATEGORIA0;;1;1;0;1;;CASCO BOMBA DIREÇÃO;CASCO BOMBA DIREÇÃO;0;;
292;0486;14.11.0288;0486;14.11.0288;CATEGORIA0;;1;1;0;1;;CASCO BOMBA DIREÇÃO;CASCO BOMBA DIREÇÃO;0;;
292;0486;14.11.0294;0486;14.11.0294;CATEGORIA0;;1;1;0;1;;CASCO BOMBA DIREÇÃO;CASCO BOMBA DIREÇÃO;0;;
292;0486;14.11.0300;0486;14.11.0300;CATEGORIA0;;1;1;0;1;;CASCO BOMBA DIREÇÃO;CASCO BOMBA DIREÇÃO;0;;
292;0486;14.11.0305;0486;14.11.0305;CATEGORIA0;;1;1;0;1;;CASCO BOMBA DIREÇÃO;CASCO BOMBA DIREÇÃO;0;;
292;0486;14.11.0306;0486;14.11.0306;CATEGORIA0;;1;1;0;1;;CASCO BOMBA DIREÇÃO;CASCO BOMBA DIREÇÃO;0;;
292;0486;14.11.0308;0486;14.11.0308;CATEGORIA0;;1;1;0;1;;CASCO BOMBA DIREÇÃO;CASCO BOMBA DIREÇÃO;0;;
292;0486;14.11.0400;0486;14.11.0400;CATEGORIA0;;1;1;0;1;;CASCO BOMBA DIREÇÃO;CASCO BOMBA DIREÇÃO;0;;
292;0486;14.11.0500;0486;14.11.0500;CATEGORIA0;;1;1;0;1;;CASCO BOMBA DIREÇÃO;CASCO BOMBA DIREÇÃO;0;;
292;0486;14.13.0005;0486;14.13.0005;CATEGORIA0;;1;1;0;1;;CASCO BOMBA DIREÇÃO;CASCO BOMBA DIREÇÃO;0;;
292;0486;14.13.0010;0486;14.13.0010;CATEGORIA0;;1;1;0;1;;CASCO BOMBA DIREÇÃO;CASCO BOMBA DIREÇÃO;0;;
292;0486;14.13.0011;0486;14.13.0011;CATEGORIA0;;1;1;0;1;;CASCO BOMBA DIREÇÃO;CASCO BOMBA DIREÇÃO;0;;
292;0486;14.13.0013-1;0486;14.13.0013-1;CATEGORIA0;;1;1;0;1;;CASCO BOMBA DIREÇÃO;CASCO BOMBA DIREÇÃO;0;;
292;0486;14.13.0015;0486;14.13.0015;CATEGORIA0;;1;1;0;1;;CASCO BOMBA DIREÇÃO;CASCO BOMBA DIREÇÃO;0;;
292;0486;14.13.0016;0486;14.13.0016;CATEGORIA0;;1;1;0;1;;CASCO BOMBA DIREÇÃO;CASCO BOMBA DIREÇÃO;0;;
292;0486;14.13.0020;0486;14.13.0020;CATEGORIA0;;1;1;0;1;;CASCO BOMBA DIREÇÃO;CASCO BOMBA DIREÇÃO;0;;
292;0486;14.13.0025;0486;14.13.0025;CATEGORIA0;;1;1;0;1;;CASCO BOMBA DIREÇÃO;CASCO BOMBA DIREÇÃO;0;;
292;0486;14.13.0027;0486;14.13.0027;CATEGORIA0;;1;1;0;1;;CASCO BOMBA DIREÇÃO;CASCO BOMBA DIREÇÃO;0;;
292;0486;14.13.0030;0486;14.13.0030;CATEGORIA0;;1;1;0;1;;CASCO BOMBA DIREÇÃO;CASCO BOMBA DIREÇÃO;0;;
292;0486;14.13.0038;0486;14.13.0038;CATEGORIA0;;1;1;0;1;;CASCO BOMBA DIREÇÃO;CASCO BOMBA DIREÇÃO;0;;
292;0486;14.13.0039-1;0486;14.13.0039-1;CATEGORIA0;;1;1;0;1;;CASCO BOMBA DIREÇÃO;CASCO BOMBA DIREÇÃO;0;;
292;0486;14.13.0040-1;0486;14.13.0040-1;CATEGORIA0;;1;1;0;1;;CASCO BOMBA DIREÇÃO;CASCO BOMBA DIREÇÃO;0;;
292;0486;14.13.0040-2;0486;14.13.0040-2;CATEGORIA0;;1;1;0;1;;CASCO BOMBA DIREÇÃO;CASCO BOMBA DIREÇÃO;0;;
292;0486;14.13.0040-3;0486;14.13.0040-3;CATEGORIA0;;1;1;0;1;;CASCO BOMBA DIREÇÃO;CASCO BOMBA DIREÇÃO;0;;
292;0486;14.13.0040-4;0486;14.13.0040-4;CATEGORIA0;;1;1;0;1;;CASCO BOMBA DIREÇÃO;CASCO BOMBA DIREÇÃO;0;;
292;0486;14.13.0040-5;0486;14.13.0040-5;CATEGORIA0;;1;1;0;1;;CASCO BOMBA DIREÇÃO;CASCO BOMBA DIREÇÃO;0;;
292;0486;14.13.0041-1;0486;14.13.0041-1;CATEGORIA0;;1;1;0;1;;CASCO BOMBA DIREÇÃO;CASCO BOMBA DIREÇÃO;0;;
292;0486;14.13.0042-1;0486;14.13.0042-1;CATEGORIA0;;1;1;0;1;;CASCO BOMBA DIREÇÃO;CASCO BOMBA DIREÇÃO;0;;
292;0486;14.13.0042-2;0486;14.13.0042-2;CATEGORIA0;;1;1;0;1;;CASCO BOMBA DIREÇÃO;CASCO BOMBA DIREÇÃO;0;;
292;0486;14.13.0042-5;0486;14.13.0042-5;CATEGORIA0;;1;1;0;1;;CASCO BOMBA DIREÇÃO;CASCO BOMBA DIREÇÃO;0;;
292;0486;14.13.0042-6;0486;14.13.0042-6;CATEGORIA0;;1;1;0;1;;CASCO BOMBA DIREÇÃO;CASCO BOMBA DIREÇÃO;0;;
292;0486;14.13.0042-7;0486;14.13.0042-7;CATEGORIA0;;1;1;0;1;;CASCO BOMBA DIREÇÃO;CASCO BOMBA DIREÇÃO;0;;
292;0486;14.13.0042-8;0486;14.13.0042-8;CATEGORIA0;;1;1;0;1;;CASCO BOMBA DIREÇÃO;CASCO BOMBA DIREÇÃO;0;;
292;0486;14.13.0042-9;0486;14.13.0042-9;CATEGORIA0;;1;1;0;1;;CASCO BOMBA DIREÇÃO;CASCO BOMBA DIREÇÃO;0;;
292;0486;14.13.0043-1;0486;14.13.0043-1;CATEGORIA0;;1;1;0;1;;CASCO BOMBA DIREÇÃO;CASCO BOMBA DIREÇÃO;0;;
292;0486;14.13.0044;0486;14.13.0044;CATEGORIA0;;1;1;0;1;;CASCO BOMBA DIREÇÃO;CASCO BOMBA DIREÇÃO;0;;
292;0486;14.13.0045;0486;14.13.0045;CATEGORIA0;;1;1;0;1;;CASCO BOMBA DIREÇÃO;CASCO BOMBA DIREÇÃO;0;;
292;0486;14.13.0046-1;0486;14.13.0046-1;CATEGORIA0;;1;1;0;1;;CASCO BOMBA DIREÇÃO;CASCO BOMBA DIREÇÃO;0;;
292;0486;14.13.0047-1;0486;14.13.0047-1;CATEGORIA0;;1;1;0;1;;CASCO BOMBA DIREÇÃO;CASCO BOMBA DIREÇÃO;0;;
292;0486;14.13.0050;0486;14.13.0050;CATEGORIA0;;1;1;0;1;;CASCO BOMBA DIREÇÃO;CASCO BOMBA DIREÇÃO;0;;
292;0486;14.13.0060;0486;14.13.0060;CATEGORIA0;;1;1;0;1;;CASCO BOMBA DIREÇÃO;CASCO BOMBA DIREÇÃO;0;;
292;0486;14.13.0065;0486;14.13.0065;CATEGORIA0;;1;1;0;1;;CASCO BOMBA DIREÇÃO;CASCO BOMBA DIREÇÃO;0;;
292;0486;14.13.0067-1;0486;14.13.0067-1;CATEGORIA0;;1;1;0;1;;CASCO BOMBA DIREÇÃO;CASCO BOMBA DIREÇÃO;0;;
292;0486;14.13.0069;0486;14.13.0069;CATEGORIA0;;1;1;0;1;;CASCO BOMBA DIREÇÃO;CASCO BOMBA DIREÇÃO;0;;
292;0486;14.13.0070;0486;14.13.0070;CATEGORIA0;;1;1;0;1;;CASCO BOMBA DIREÇÃO;CASCO BOMBA DIREÇÃO;0;;
292;0486;14.13.0071;0486;14.13.0071;CATEGORIA0;;1;1;0;1;;CASCO BOMBA DIREÇÃO;CASCO BOMBA DIREÇÃO;0;;
292;0486;14.13.0072;0486;14.13.0072;CATEGORIA0;;1;1;0;1;;CASCO BOMBA DIREÇÃO;CASCO BOMBA DIREÇÃO;0;;
292;0486;14.13.0073;0486;14.13.0073;CATEGORIA0;;1;1;0;1;;CASCO BOMBA DIREÇÃO;CASCO BOMBA DIREÇÃO;0;;
292;0486;14.13.0074;0486;14.13.0074;CATEGORIA0;;1;1;0;1;;CASCO BOMBA DIREÇÃO;CASCO BOMBA DIREÇÃO;0;;
292;0486;14.13.0075;0486;14.13.0075;CATEGORIA0;;1;1;0;1;;CASCO BOMBA DIREÇÃO;CASCO BOMBA DIREÇÃO;0;;
292;0486;14.13.0076;0486;14.13.0076;CATEGORIA0;;1;1;0;1;;CASCO BOMBA DIREÇÃO;CASCO BOMBA DIREÇÃO;0;;
292;0486;14.13.0077;0486;14.13.0077;CATEGORIA0;;1;1;0;1;;CASCO BOMBA DIREÇÃO;CASCO BOMBA DIREÇÃO;0;;
292;0486;14.13.0078-1;0486;14.13.0078-1;CATEGORIA0;;1;1;0;1;;CASCO BOMBA DIREÇÃO;CASCO BOMBA DIREÇÃO;0;;
292;0486;14.13.0079;0486;14.13.0079;CATEGORIA0;;1;1;0;1;;CASCO BOMBA DIREÇÃO;CASCO BOMBA DIREÇÃO;0;;
292;0486;14.13.0080;0486;14.13.0080;CATEGORIA0;;1;1;0;1;;CASCO BOMBA DIREÇÃO;CASCO BOMBA DIREÇÃO;0;;
292;0486;14.13.0081-1;0486;14.13.0081-1;CATEGORIA0;;1;1;0;1;;CASCO BOMBA DIREÇÃO;CASCO BOMBA DIREÇÃO;0;;
292;0486;14.13.0081-2;0486;14.13.0081-2;CATEGORIA0;;1;1;0;1;;CASCO BOMBA DIREÇÃO;CASCO BOMBA DIREÇÃO;0;;
292;0486;14.13.0082;0486;14.13.0082;CATEGORIA0;;1;1;0;1;;CASCO BOMBA DIREÇÃO;CASCO BOMBA DIREÇÃO;0;;
292;0486;14.13.0083-1;0486;14.13.0083-1;CATEGORIA0;;1;1;0;1;;CASCO BOMBA DIREÇÃO;CASCO BOMBA DIREÇÃO;0;;
292;0486;14.13.0084;0486;14.13.0084;CATEGORIA0;;1;1;0;1;;CASCO BOMBA DIREÇÃO;CASCO BOMBA DIREÇÃO;0;;
292;0486;14.13.0085;0486;14.13.0085;CATEGORIA0;;1;1;0;1;;CASCO BOMBA DIREÇÃO;CASCO BOMBA DIREÇÃO;0;;
292;0486;14.13.0086;0486;14.13.0086;CATEGORIA0;;1;1;0;1;;CASCO BOMBA DIREÇÃO;CASCO BOMBA DIREÇÃO;0;;
292;0486;14.13.0087;0486;14.13.0087;CATEGORIA0;;1;1;0;1;;CASCO BOMBA DIREÇÃO;CASCO BOMBA DIREÇÃO;0;;
292;0486;14.13.0088-1;0486;14.13.0088-1;CATEGORIA0;;1;1;0;1;;CASCO BOMBA DIREÇÃO;CASCO BOMBA DIREÇÃO;0;;
292;0486;14.13.0089;0486;14.13.0089;CATEGORIA0;;1;1;0;1;;CASCO BOMBA DIREÇÃO;CASCO BOMBA DIREÇÃO;0;;
292;0486;14.13.0090;0486;14.13.0090;CATEGORIA0;;1;1;0;1;;CASCO BOMBA DIREÇÃO;CASCO BOMBA DIREÇÃO;0;;
292;0486;14.13.0092;0486;14.13.0092;CATEGORIA0;;1;1;0;1;;CASCO BOMBA DIREÇÃO;CASCO BOMBA DIREÇÃO;0;;
292;0486;14.13.0093-1;0486;14.13.0093-1;CATEGORIA0;;1;1;0;1;;CASCO BOMBA DIREÇÃO;CASCO BOMBA DIREÇÃO;0;;
292;0486;14.13.0094;0486;14.13.0094;CATEGORIA0;;1;1;0;1;;CASCO BOMBA DIREÇÃO;CASCO BOMBA DIREÇÃO;0;;
292;0486;14.13.0095;0486;14.13.0095;CATEGORIA0;;1;1;0;1;;CASCO BOMBA DIREÇÃO;CASCO BOMBA DIREÇÃO;0;;
292;0486;14.13.0096;0486;14.13.0096;CATEGORIA0;;1;1;0;1;;CASCO BOMBA DIREÇÃO;CASCO BOMBA DIREÇÃO;0;;
292;0486;14.13.0097;0486;14.13.0097;CATEGORIA0;;1;1;0;1;;CASCO BOMBA DIREÇÃO;CASCO BOMBA DIREÇÃO;0;;
292;0486;14.13.0098-1;0486;14.13.0098-1;CATEGORIA0;;1;1;0;1;;CASCO BOMBA DIREÇÃO;CASCO BOMBA DIREÇÃO;0;;
292;0486;14.13.0099-1;0486;14.13.0099-1;CATEGORIA0;;1;1;0;1;;CASCO BOMBA DIREÇÃO;CASCO BOMBA DIREÇÃO;0;;
292;0486;14.13.0100;0486;14.13.0100;CATEGORIA0;;1;1;0;1;;CASCO BOMBA DIREÇÃO;CASCO BOMBA DIREÇÃO;0;;
292;0486;14.13.0101;0486;14.13.0101;CATEGORIA0;;1;1;0;1;;CASCO BOMBA DIREÇÃO;CASCO BOMBA DIREÇÃO;0;;
292;0486;14.13.0102;0486;14.13.0102;CATEGORIA0;;1;1;0;1;;CASCO BOMBA DIREÇÃO;CASCO BOMBA DIREÇÃO;0;;
292;0486;14.13.0103;0486;14.13.0103;CATEGORIA0;;1;1;0;1;;CASCO BOMBA DIREÇÃO;CASCO BOMBA DIREÇÃO;0;;
292;0486;14.13.0104;0486;14.13.0104;CATEGORIA0;;1;1;0;1;;CASCO BOMBA DIREÇÃO;CASCO BOMBA DIREÇÃO;0;;
292;0486;14.13.0105-1;0486;14.13.0105-1;CATEGORIA0;;1;1;0;1;;CASCO BOMBA DIREÇÃO;CASCO BOMBA DIREÇÃO;0;;
292;0486;14.13.0106-1;0486;14.13.0106-1;CATEGORIA0;;1;1;0;1;;CASCO BOMBA DIREÇÃO;CASCO BOMBA DIREÇÃO;0;;
292;0486;14.13.0120-1;0486;14.13.0120-1;CATEGORIA0;;1;1;0;1;;CASCO BOMBA DIREÇÃO;CASCO BOMBA DIREÇÃO;0;;
292;0486;14.13.0125-1;0486;14.13.0125-1;CATEGORIA0;;1;1;0;1;;CASCO BOMBA DIREÇÃO;CASCO BOMBA DIREÇÃO;0;;
292;0486;14.13.0200-1;0486;14.13.0200-1;CATEGORIA0;;1;1;0;1;;CASCO BOMBA DIREÇÃO;CASCO BOMBA DIREÇÃO;0;;
292;0486;14.13.0205-1;0486;14.13.0205-1;CATEGORIA0;;1;1;0;1;;CASCO BOMBA DIREÇÃO;CASCO BOMBA DIREÇÃO;0;;
292;0486;14.13.0206-1;0486;14.13.0206-1;CATEGORIA0;;1;1;0;1;;CASCO BOMBA DIREÇÃO;CASCO BOMBA DIREÇÃO;0;;
292;0486;14.13.0207-1;0486;14.13.0207-1;CATEGORIA0;;1;1;0;1;;CASCO BOMBA DIREÇÃO;CASCO BOMBA DIREÇÃO;0;;
292;0486;14.13.0290;0486;14.13.0290;CATEGORIA0;;1;1;0;1;;CASCO BOMBA DIREÇÃO;CASCO BOMBA DIREÇÃO;0;;
292;0486;14.13.0295-1;0486;14.13.0295-1;CATEGORIA0;;1;1;0;1;;CASCO BOMBA DIREÇÃO;CASCO BOMBA DIREÇÃO;0;;
292;0486;14.13.0305;0486;14.13.0305;CATEGORIA0;;1;1;0;1;;CASCO BOMBA DIREÇÃO;CASCO BOMBA DIREÇÃO;0;;
292;0486;14.13.0310;0486;14.13.0310;CATEGORIA0;;1;1;0;1;;CASCO BOMBA DIREÇÃO;CASCO BOMBA DIREÇÃO;0;;
292;0486;14.15.0010;0486;14.15.0010;CATEGORIA0;;1;1;0;1;;CASCO BOMBA DIREÇÃO;CASCO BOMBA DIREÇÃO;0;;
292;0486;14.15.0015;0486;14.15.0015;CATEGORIA0;;1;1;0;1;;CASCO BOMBA DIREÇÃO;CASCO BOMBA DIREÇÃO;0;;
292;0486;14.16.0010;0486;14.16.0010;CATEGORIA0;;1;1;0;1;;CASCO BOMBA DIREÇÃO;CASCO BOMBA DIREÇÃO;0;;
292;0486;14.16.0020;0486;14.16.0020;CATEGORIA0;;1;1;0;1;;CASCO BOMBA DIREÇÃO;CASCO BOMBA DIREÇÃO;0;;
292;0486;14.16.0050;0486;14.16.0050;CATEGORIA0;;1;1;0;1;;CASCO BOMBA DIREÇÃO;CASCO BOMBA DIREÇÃO;0;;
292;0486;14.16.0051;0486;14.16.0051;CATEGORIA0;;1;1;0;1;;CASCO BOMBA DIREÇÃO;CASCO BOMBA DIREÇÃO;0;;
292;0486;14.16.0055;0486;14.16.0055;CATEGORIA0;;1;1;0;1;;CASCO BOMBA DIREÇÃO;CASCO BOMBA DIREÇÃO;0;;
292;0486;14.16.0060;0486;14.16.0060;CATEGORIA0;;1;1;0;1;;CASCO BOMBA DIREÇÃO;CASCO BOMBA DIREÇÃO;0;;
292;0486;14.16.0100-1;0486;14.16.0100-1;CATEGORIA0;;1;1;0;1;;CASCO BOMBA DIREÇÃO;CASCO BOMBA DIREÇÃO;0;;
292;0486;14.16.0150;0486;14.16.0150;CATEGORIA0;;1;1;0;1;;CASCO BOMBA DIREÇÃO;CASCO BOMBA DIREÇÃO;0;;
292;0486;14.16.0152;0486;14.16.0152;CATEGORIA0;;1;1;0;1;;CASCO BOMBA DIREÇÃO;CASCO BOMBA DIREÇÃO;0;;
292;0486;14.16.0200-1;0486;14.16.0200-1;CATEGORIA0;;1;1;0;1;;CASCO BOMBA DIREÇÃO;CASCO BOMBA DIREÇÃO;0;;
292;0486;14.16.0210-1;0486;14.16.0210-1;CATEGORIA0;;1;1;0;1;;CASCO BOMBA DIREÇÃO;CASCO BOMBA DIREÇÃO;0;;
292;0486;14.16.0270-1;0486;14.16.0270-1;CATEGORIA0;;1;1;0;1;;CASCO BOMBA DIREÇÃO;CASCO BOMBA DIREÇÃO;0;;
292;0486;14.16.0270-2;0486;14.16.0270-2;CATEGORIA0;;1;1;0;1;;CASCO BOMBA DIREÇÃO;CASCO BOMBA DIREÇÃO;0;;
292;0486;14.16.0271;0486;14.16.0271;CATEGORIA0;;1;1;0;1;;CASCO BOMBA DIREÇÃO;CASCO BOMBA DIREÇÃO;0;;
292;0486;14.16.0272-1;0486;14.16.0272-1;CATEGORIA0;;1;1;0;1;;CASCO BOMBA DIREÇÃO;CASCO BOMBA DIREÇÃO;0;;
292;0486;14.17.0030;0486;14.17.0030;CATEGORIA0;;1;1;0;1;;CASCO BOMBA DIREÇÃO;CASCO BOMBA DIREÇÃO;0;;
292;0486;14.17.0030-1;0486;14.17.0030-1;CATEGORIA0;;1;1;0;1;;CASCO BOMBA DIREÇÃO;CASCO BOMBA DIREÇÃO;0;;
292;0486;14.17.0100;0486;14.17.0100;CATEGORIA0;;1;1;0;1;;CASCO BOMBA DIREÇÃO;CASCO BOMBA DIREÇÃO;0;;
292;0486;14.17.0105-1;0486;14.17.0105-1;CATEGORIA0;;1;1;0;1;;CASCO BOMBA DIREÇÃO;CASCO BOMBA DIREÇÃO;0;;
292;0486;14.17.0108-1;0486;14.17.0108-1;CATEGORIA0;;1;1;0;1;;CASCO BOMBA DIREÇÃO;CASCO BOMBA DIREÇÃO;0;;
292;0486;14.17.0115-1;0486;14.17.0115-1;CATEGORIA0;;1;1;0;1;;CASCO BOMBA DIREÇÃO;CASCO BOMBA DIREÇÃO;0;;
292;0486;14.17.0116-1;0486;14.17.0116-1;CATEGORIA0;;1;1;0;1;;CASCO BOMBA DIREÇÃO;CASCO BOMBA DIREÇÃO;0;;
292;0486;14.17.0120;0486;14.17.0120;CATEGORIA0;;1;1;0;1;;CASCO BOMBA DIREÇÃO;CASCO BOMBA DIREÇÃO;0;;
292;0486;14.17.0120-1;0486;14.17.0120-1;CATEGORIA0;;1;1;0;1;;CASCO BOMBA DIREÇÃO;CASCO BOMBA DIREÇÃO;0;;
292;0486;14.17.0123-1;0486;14.17.0123-1;CATEGORIA0;;1;1;0;1;;CASCO BOMBA DIREÇÃO;CASCO BOMBA DIREÇÃO;0;;
292;0486;14.17.0135;0486;14.17.0135;CATEGORIA0;;1;1;0;1;;CASCO BOMBA DIREÇÃO;CASCO BOMBA DIREÇÃO;0;;
292;0486;14.17.0135-1;0486;14.17.0135-1;CATEGORIA0;;1;1;0;1;;CASCO BOMBA DIREÇÃO;CASCO BOMBA DIREÇÃO;0;;
292;0486;14.17.0140-1;0486;14.17.0140-1;CATEGORIA0;;1;1;0;1;;CASCO BOMBA DIREÇÃO;CASCO BOMBA DIREÇÃO;0;;
292;0486;14.17.0150;0486;14.17.0150;CATEGORIA0;;1;1;0;1;;CASCO BOMBA DIREÇÃO;CASCO BOMBA DIREÇÃO;0;;
292;0486;14.17.0180;0486;14.17.0180;CATEGORIA0;;1;1;0;1;;CASCO BOMBA DIREÇÃO;CASCO BOMBA DIREÇÃO;0;;
292;0486;14.17.0285;0486;14.17.0285;CATEGORIA0;;1;1;0;1;;CASCO BOMBA DIREÇÃO;CASCO BOMBA DIREÇÃO;0;;
292;0486;14.18.0110;0486;14.18.0110;CATEGORIA0;;1;1;0;1;;CASCO BOMBA DIREÇÃO;CASCO BOMBA DIREÇÃO;0;;
292;0486;14.18.0130;0486;14.18.0130;CATEGORIA0;;1;1;0;1;;CASCO BOMBA DIREÇÃO;CASCO BOMBA DIREÇÃO;0;;
292;0486;14.18.0212;0486;14.18.0212;CATEGORIA0;;1;1;0;1;;CASCO BOMBA DIREÇÃO;CASCO BOMBA DIREÇÃO;0;;
292;0486;14.18.0220;0486;14.18.0220;CATEGORIA0;;1;1;0;1;;CASCO BOMBA DIREÇÃO;CASCO BOMBA DIREÇÃO;0;;
292;0486;14.18.0222;0486;14.18.0222;CATEGORIA0;;1;1;0;1;;CASCO BOMBA DIREÇÃO;CASCO BOMBA DIREÇÃO;0;;
292;0486;14.18.0300;0486;14.18.0300;CATEGORIA0;;1;1;0;1;;CASCO BOMBA DIREÇÃO;CASCO BOMBA DIREÇÃO;0;;
292;0486;14.20.0110;0486;14.20.0110;CATEGORIA0;;1;1;0;1;;CASCO BOMBA DIREÇÃO;CASCO BOMBA DIREÇÃO;0;;
292;0486;14.20.0112;0486;14.20.0112;CATEGORIA0;;1;1;0;1;;CASCO BOMBA DIREÇÃO;CASCO BOMBA DIREÇÃO;0;;
292;0486;14.20.0120;0486;14.20.0120;CATEGORIA0;;1;1;0;1;;CASCO BOMBA DIREÇÃO;CASCO BOMBA DIREÇÃO;0;;
292;0486;14.20.0124;0486;14.20.0124;CATEGORIA0;;1;1;0;1;;CASCO BOMBA DIREÇÃO;CASCO BOMBA DIREÇÃO;0;;
292;0486;14.20.0125;0486;14.20.0125;CATEGORIA0;;1;1;0;1;;CASCO BOMBA DIREÇÃO;CASCO BOMBA DIREÇÃO;0;;
292;0486;14.20.0126;0486;14.20.0126;CATEGORIA0;;1;1;0;1;;CASCO BOMBA DIREÇÃO;CASCO BOMBA DIREÇÃO;0;;
292;0486;14.20.0127;0486;14.20.0127;CATEGORIA0;;1;1;0;1;;CASCO BOMBA DIREÇÃO;CASCO BOMBA DIREÇÃO;0;;
292;0486;14.20.0128;0486;14.20.0128;CATEGORIA0;;1;1;0;1;;CASCO BOMBA DIREÇÃO;CASCO BOMBA DIREÇÃO;0;;
292;0486;14.20.0135;0486;14.20.0135;CATEGORIA0;;1;1;0;1;;CASCO BOMBA DIREÇÃO;CASCO BOMBA DIREÇÃO;0;;
292;0486;14.20.0140;0486;14.20.0140;CATEGORIA0;;1;1;0;1;;CASCO BOMBA DIREÇÃO;CASCO BOMBA DIREÇÃO;0;;
292;0486;14.20.0160;0486;14.20.0160;CATEGORIA0;;1;1;0;1;;CASCO BOMBA DIREÇÃO;CASCO BOMBA DIREÇÃO;0;;
292;0486;14.22.0155;0486;14.22.0155;CATEGORIA0;;1;1;0;1;;CASCO BOMBA DIREÇÃO;CASCO BOMBA DIREÇÃO;0;;
292;0486;14.22.0157;0486;14.22.0157;CATEGORIA0;;1;1;0;1;;CASCO BOMBA DIREÇÃO;CASCO BOMBA DIREÇÃO;0;;
292;0486;14.22.0550;0486;14.22.0550;CATEGORIA0;;1;1;0;1;;CASCO BOMBA DIREÇÃO;CASCO BOMBA DIREÇÃO;0;;
292;0486;14.23.0110;0486;14.23.0110;CATEGORIA0;;1;1;0;1;;CASCO BOMBA DIREÇÃO;CASCO BOMBA DIREÇÃO;0;;
292;0486;14.23.0119;0486;14.23.0119;CATEGORIA0;;1;1;0;1;;CASCO BOMBA DIREÇÃO;CASCO BOMBA DIREÇÃO;0;;
292;0486;14.23.0120;0486;14.23.0120;CATEGORIA0;;1;1;0;1;;CASCO BOMBA DIREÇÃO;CASCO BOMBA DIREÇÃO;0;;
292;0486;14.23.0121;0486;14.23.0121;CATEGORIA0;;1;1;0;1;;CASCO BOMBA DIREÇÃO;CASCO BOMBA DIREÇÃO;0;;
292;0486;14.23.0122;0486;14.23.0122;CATEGORIA0;;1;1;0;1;;CASCO BOMBA DIREÇÃO;CASCO BOMBA DIREÇÃO;0;;
292;0486;14.23.0123;0486;14.23.0123;CATEGORIA0;;1;1;0;1;;CASCO BOMBA DIREÇÃO;CASCO BOMBA DIREÇÃO;0;;
292;0486;14.23.0124;0486;14.23.0124;CATEGORIA0;;1;1;0;1;;CASCO BOMBA DIREÇÃO;CASCO BOMBA DIREÇÃO;0;;
292;0486;14.23.0125;0486;14.23.0125;CATEGORIA0;;1;1;0;1;;CASCO BOMBA DIREÇÃO;CASCO BOMBA DIREÇÃO;0;;
292;0486;14.23.0127;0486;14.23.0127;CATEGORIA0;;1;1;0;1;;CASCO BOMBA DIREÇÃO;CASCO BOMBA DIREÇÃO;0;;
292;0486;14.23.0128;0486;14.23.0128;CATEGORIA0;;1;1;0;1;;CASCO BOMBA DIREÇÃO;CASCO BOMBA DIREÇÃO;0;;
292;0486;14.23.0129;0486;14.23.0129;CATEGORIA0;;1;1;0;1;;CASCO BOMBA DIREÇÃO;CASCO BOMBA DIREÇÃO;0;;
292;0486;14.23.0137;0486;14.23.0137;CATEGORIA0;;1;1;0;1;;CASCO BOMBA DIREÇÃO;CASCO BOMBA DIREÇÃO;0;;
292;0486;14.23.0140;0486;14.23.0140;CATEGORIA0;;1;1;0;1;;CASCO BOMBA DIREÇÃO;CASCO BOMBA DIREÇÃO;0;;
292;0486;14.23.0141;0486;14.23.0141;CATEGORIA0;;1;1;0;1;;CASCO BOMBA DIREÇÃO;CASCO BOMBA DIREÇÃO;0;;
292;0486;14.23.0142;0486;14.23.0142;CATEGORIA0;;1;1;0;1;;CASCO BOMBA DIREÇÃO;CASCO BOMBA DIREÇÃO;0;;
292;0486;14.23.0143;0486;14.23.0143;CATEGORIA0;;1;1;0;1;;CASCO BOMBA DIREÇÃO;CASCO BOMBA DIREÇÃO;0;;
292;0486;14.23.0144;0486;14.23.0144;CATEGORIA0;;1;1;0;1;;CASCO BOMBA DIREÇÃO;CASCO BOMBA DIREÇÃO;0;;
292;0486;14.23.0145;0486;14.23.0145;CATEGORIA0;;1;1;0;1;;CASCO BOMBA DIREÇÃO;CASCO BOMBA DIREÇÃO;0;;
292;0486;14.23.0146;0486;14.23.0146;CATEGORIA0;;1;1;0;1;;CASCO BOMBA DIREÇÃO;CASCO BOMBA DIREÇÃO;0;;
292;0486;14.23.0148;0486;14.23.0148;CATEGORIA0;;1;1;0;1;;CASCO BOMBA DIREÇÃO;CASCO BOMBA DIREÇÃO;0;;
292;0486;14.23.0149;0486;14.23.0149;CATEGORIA0;;1;1;0;1;;CASCO BOMBA DIREÇÃO;CASCO BOMBA DIREÇÃO;0;;
292;0486;14.23.0150;0486;14.23.0150;CATEGORIA0;;1;1;0;1;;CASCO BOMBA DIREÇÃO;CASCO BOMBA DIREÇÃO;0;;
292;0486;14.23.0155;0486;14.23.0155;CATEGORIA0;;1;1;0;1;;CASCO BOMBA DIREÇÃO;CASCO BOMBA DIREÇÃO;0;;
292;0486;14.23.0156;0486;14.23.0156;CATEGORIA0;;1;1;0;1;;CASCO BOMBA DIREÇÃO;CASCO BOMBA DIREÇÃO;0;;
292;0486;14.23.0157;0486;14.23.0157;CATEGORIA0;;1;1;0;1;;CASCO BOMBA DIREÇÃO;CASCO BOMBA DIREÇÃO;0;;
292;0486;14.23.0158;0486;14.23.0158;CATEGORIA0;;1;1;0;1;;CASCO BOMBA DIREÇÃO;CASCO BOMBA DIREÇÃO;0;;
292;0486;14.23.0160;0486;14.23.0160;CATEGORIA0;;1;1;0;1;;CASCO BOMBA DIREÇÃO;CASCO BOMBA DIREÇÃO;0;;
292;0486;14.23.0170;0486;14.23.0170;CATEGORIA0;;1;1;0;1;;CASCO BOMBA DIREÇÃO;CASCO BOMBA DIREÇÃO;0;;
292;0486;14.23.0230;0486;14.23.0230;CATEGORIA0;;1;1;0;1;;CASCO BOMBA DIREÇÃO;CASCO BOMBA DIREÇÃO;0;;
292;0486;14.23.0231;0486;14.23.0231;CATEGORIA0;;1;1;0;1;;CASCO BOMBA DIREÇÃO;CASCO BOMBA DIREÇÃO;0;;
292;0486;14.23.0232;0486;14.23.0232;CATEGORIA0;;1;1;0;1;;CASCO BOMBA DIREÇÃO;CASCO BOMBA DIREÇÃO;0;;
292;0486;14.23.0233;0486;14.23.0233;CATEGORIA0;;1;1;0;1;;CASCO BOMBA DIREÇÃO;CASCO BOMBA DIREÇÃO;0;;
292;0486;14.23.0300;0486;14.23.0300;CATEGORIA0;;1;1;0;1;;CASCO BOMBA DIREÇÃO;CASCO BOMBA DIREÇÃO;0;;
292;0486;14.23.0301;0486;14.23.0301;CATEGORIA0;;1;1;0;1;;CASCO BOMBA DIREÇÃO;CASCO BOMBA DIREÇÃO;0;;
292;0486;14.23.0302;0486;14.23.0302;CATEGORIA0;;1;1;0;1;;CASCO BOMBA DIREÇÃO;CASCO BOMBA DIREÇÃO;0;;
292;0486;14.23.0303;0486;14.23.0303;CATEGORIA0;;1;1;0;1;;CASCO BOMBA DIREÇÃO;CASCO BOMBA DIREÇÃO;0;;
292;0486;14.23.0304;0486;14.23.0304;CATEGORIA0;;1;1;0;1;;CASCO BOMBA DIREÇÃO;CASCO BOMBA DIREÇÃO;0;;
292;0486;14.23.0305;0486;14.23.0305;CATEGORIA0;;1;1;0;1;;CASCO BOMBA DIREÇÃO;CASCO BOMBA DIREÇÃO;0;;
292;0486;14.23.0306;0486;14.23.0306;CATEGORIA0;;1;1;0;1;;CASCO BOMBA DIREÇÃO;CASCO BOMBA DIREÇÃO;0;;
292;0486;14.23.0307;0486;14.23.0307;CATEGORIA0;;1;1;0;1;;CASCO BOMBA DIREÇÃO;CASCO BOMBA DIREÇÃO;0;;
292;0486;14.23.0308;0486;14.23.0308;CATEGORIA0;;1;1;0;1;;CASCO BOMBA DIREÇÃO;CASCO BOMBA DIREÇÃO;0;;
292;0486;14.23.0320;0486;14.23.0320;CATEGORIA0;;1;1;0;1;;CASCO BOMBA DIREÇÃO;CASCO BOMBA DIREÇÃO;0;;
292;0486;14.23.0400;0486;14.23.0400;CATEGORIA0;;1;1;0;1;;CASCO BOMBA DIREÇÃO;CASCO BOMBA DIREÇÃO;0;;
292;0486;14.23.0405;0486;14.23.0405;CATEGORIA0;;1;1;0;1;;CASCO BOMBA DIREÇÃO;CASCO BOMBA DIREÇÃO;0;;
292;0486;14.23.0500;0486;14.23.0500;CATEGORIA0;;1;1;0;1;;CASCO BOMBA DIREÇÃO;CASCO BOMBA DIREÇÃO;0;;
292;0486;14.23.0505;0486;14.23.0505;CATEGORIA0;;1;1;0;1;;CASCO BOMBA DIREÇÃO;CASCO BOMBA DIREÇÃO;0;;
292;0486;14.23.0510;0486;14.23.0510;CATEGORIA0;;1;1;0;1;;CASCO BOMBA DIREÇÃO;CASCO BOMBA DIREÇÃO;0;;
292;0486;14.23.0600;0486;14.23.0600;CATEGORIA0;;1;1;0;1;;CASCO BOMBA DIREÇÃO;CASCO BOMBA DIREÇÃO;0;;
292;0486;14.23.0602;0486;14.23.0602;CATEGORIA0;;1;1;0;1;;CASCO BOMBA DIREÇÃO;CASCO BOMBA DIREÇÃO;0;;
292;0486;14.23.0603;0486;14.23.0603;CATEGORIA0;;1;1;0;1;;CASCO BOMBA DIREÇÃO;CASCO BOMBA DIREÇÃO;0;;
292;0486;14.23.0604;0486;14.23.0604;CATEGORIA0;;1;1;0;1;;CASCO BOMBA DIREÇÃO;CASCO BOMBA DIREÇÃO;0;;
292;0486;14.23.0605;0486;14.23.0605;CATEGORIA0;;1;1;0;1;;CASCO BOMBA DIREÇÃO;CASCO BOMBA DIREÇÃO;0;;
292;0486;14.26.0100;0486;14.26.0100;CATEGORIA0;;1;1;0;1;;CASCO BOMBA DIREÇÃO;CASCO BOMBA DIREÇÃO;0;;
292;0486;14.26.0400;0486;14.26.0400;CATEGORIA0;;1;1;0;1;;CASCO BOMBA DIREÇÃO;CASCO BOMBA DIREÇÃO;0;;
292;0486;14.26.0500;0486;14.26.0500;CATEGORIA0;;1;1;0;1;;CASCO BOMBA DIREÇÃO;CASCO BOMBA DIREÇÃO;0;;
292;0486;14.26.0500-1;0486;14.26.0500-1;CATEGORIA0;;1;1;0;1;;CASCO BOMBA DIREÇÃO;CASCO BOMBA DIREÇÃO;0;;
292;0486;14.26.0502-1;0486;14.26.0502-1;CATEGORIA0;;1;1;0;1;;CASCO BOMBA DIREÇÃO;CASCO BOMBA DIREÇÃO;0;;
292;0486;14.26.0502-2;0486;14.26.0502-2;CATEGORIA0;;1;1;0;1;;CASCO BOMBA DIREÇÃO;CASCO BOMBA DIREÇÃO;0;;
292;0486;14.28.0100;0486;14.28.0100;CATEGORIA0;;1;1;0;1;;CASCO BOMBA DIREÇÃO;CASCO BOMBA DIREÇÃO;0;;
292;0486;14.28.0105;0486;14.28.0105;CATEGORIA0;;1;1;0;1;;CASCO BOMBA DIREÇÃO;CASCO BOMBA DIREÇÃO;0;;
292;0486;14.28.0200-1;0486;14.28.0200-1;CATEGORIA0;;1;1;0;1;;CASCO BOMBA DIREÇÃO;CASCO BOMBA DIREÇÃO;0;;
292;0486;14.28.0300;0486;14.28.0300;CATEGORIA0;;1;1;0;1;;CASCO BOMBA DIREÇÃO;CASCO BOMBA DIREÇÃO;0;;
292;0486;14.28.0300-1;0486;14.28.0300-1;CATEGORIA0;;1;1;0;1;;CASCO BOMBA DIREÇÃO;CASCO BOMBA DIREÇÃO;0;;
292;0486;14.28.0500;0486;14.28.0500;CATEGORIA0;;1;1;0;1;;CASCO BOMBA DIREÇÃO;CASCO BOMBA DIREÇÃO;0;;
292;0486;14.28.0600;0486;14.28.0600;CATEGORIA0;;1;1;0;1;;CASCO BOMBA DIREÇÃO;CASCO BOMBA DIREÇÃO;0;;
292;0486;14.28.0700;0486;14.28.0700;CATEGORIA0;;1;1;0;1;;CASCO BOMBA DIREÇÃO;CASCO BOMBA DIREÇÃO;0;;
292;0486;14.28.0700-1;0486;14.28.0700-1;CATEGORIA0;;1;1;0;1;;CASCO BOMBA DIREÇÃO;CASCO BOMBA DIREÇÃO;0;;
292;0486;14.28.0800;0486;14.28.0800;CATEGORIA0;;1;1;0;1;;CASCO BOMBA DIREÇÃO;CASCO BOMBA DIREÇÃO;0;;
292;0486;14.28.0850-1;0486;14.28.0850-1;CATEGORIA0;;1;1;0;1;;CASCO BOMBA DIREÇÃO;CASCO BOMBA DIREÇÃO;0;;
292;0486;14.28.0900-1;0486;14.28.0900-1;CATEGORIA0;;1;1;0;1;;CASCO BOMBA DIREÇÃO;CASCO BOMBA DIREÇÃO;0;;
292;0486;14.30.0100;0486;14.30.0100;CATEGORIA0;;1;1;0;1;;CASCO BOMBA DIREÇÃO;CASCO BOMBA DIREÇÃO;0;;
292;0486;14.30.0200;0486;14.30.0200;CATEGORIA0;;1;1;0;1;;CASCO BOMBA DIREÇÃO;CASCO BOMBA DIREÇÃO;0;;
292;0486;14.30.0310;0486;14.30.0310;CATEGORIA0;;1;1;0;1;;CASCO BOMBA DIREÇÃO;CASCO BOMBA DIREÇÃO;0;;
292;0486;14.30.0400;0486;14.30.0400;CATEGORIA0;;1;1;0;1;;CASCO BOMBA DIREÇÃO;CASCO BOMBA DIREÇÃO;0;;
292;0486;14.30.0500;0486;14.30.0500;CATEGORIA0;;1;1;0;1;;CASCO BOMBA DIREÇÃO;CASCO BOMBA DIREÇÃO;0;;
292;0486;14.30.0500-1;0486;14.30.0500-1;CATEGORIA0;;1;1;0;1;;CASCO BOMBA DIREÇÃO;CASCO BOMBA DIREÇÃO;0;;
292;0486;14.30.0600;0486;14.30.0600;CATEGORIA0;;1;1;0;1;;CASCO BOMBA DIREÇÃO;CASCO BOMBA DIREÇÃO;0;;
292;0486;14.30.0700;0486;14.30.0700;CATEGORIA0;;1;1;0;1;;CASCO BOMBA DIREÇÃO;CASCO BOMBA DIREÇÃO;0;;
292;0486;14.30.0705;0486;14.30.0705;CATEGORIA0;;1;1;0;1;;CASCO BOMBA DIREÇÃO;CASCO BOMBA DIREÇÃO;0;;
292;0486;14.30.0710;0486;14.30.0710;CATEGORIA0;;1;1;0;1;;CASCO BOMBA DIREÇÃO;CASCO BOMBA DIREÇÃO;0;;
292;0486;14.30.0800;0486;14.30.0800;CATEGORIA0;;1;1;0;1;;CASCO BOMBA DIREÇÃO;CASCO BOMBA DIREÇÃO;0;;
292;0486;14.30.0900;0486;14.30.0900;CATEGORIA0;;1;1;0;1;;CASCO BOMBA DIREÇÃO;CASCO BOMBA DIREÇÃO;0;;
292;0486;14.30.1000;0486;14.30.1000;CATEGORIA0;;1;1;0;1;;CASCO BOMBA DIREÇÃO;CASCO BOMBA DIREÇÃO;0;;
292;0486;14.30.1100;0486;14.30.1100;CATEGORIA0;;1;1;0;1;;CASCO BOMBA DIREÇÃO;CASCO BOMBA DIREÇÃO;0;;
292;0486;14.30.1300;0486;14.30.1300;CATEGORIA0;;1;1;0;1;;CASCO BOMBA DIREÇÃO;CASCO BOMBA DIREÇÃO;0;;
292;0486;14.30.1410;0486;14.30.1410;CATEGORIA0;;1;1;0;1;;CASCO BOMBA DIREÇÃO;CASCO BOMBA DIREÇÃO;0;;
292;0486;14.30.1430-1;0486;14.30.1430-1;CATEGORIA0;;1;1;0;1;;CASCO BOMBA DIREÇÃO;CASCO BOMBA DIREÇÃO;0;;
292;0486;14.30.1500;0486;14.30.1500;CATEGORIA0;;1;1;0;1;;CASCO BOMBA DIREÇÃO;CASCO BOMBA DIREÇÃO;0;;
292;0486;14.30.1510;0486;14.30.1510;CATEGORIA0;;1;1;0;1;;CASCO BOMBA DIREÇÃO;CASCO BOMBA DIREÇÃO;0;;
292;0486;14.30.1600;0486;14.30.1600;CATEGORIA0;;1;1;0;1;;CASCO BOMBA DIREÇÃO;CASCO BOMBA DIREÇÃO;0;;
292;0486;14.30.1610-1;0486;14.30.1610-1;CATEGORIA0;;1;1;0;1;;CASCO BOMBA DIREÇÃO;CASCO BOMBA DIREÇÃO;0;;
292;0486;14.30.1700-1;0486;14.30.1700-1;CATEGORIA0;;1;1;0;1;;CASCO BOMBA DIREÇÃO;CASCO BOMBA DIREÇÃO;0;;
292;0486;14.33.0100;0486;14.33.0100;CATEGORIA0;;1;1;0;1;;CASCO BOMBA DIREÇÃO;CASCO BOMBA DIREÇÃO;0;;
292;0486;14.33.0100-1;0486;14.33.0100-1;CATEGORIA0;;1;1;0;1;;CASCO BOMBA DIREÇÃO;CASCO BOMBA DIREÇÃO;0;;
292;0486;14.33.0100-4;0486;14.33.0100-4;CATEGORIA0;;1;1;0;1;;CASCO BOMBA DIREÇÃO;CASCO BOMBA DIREÇÃO;0;;
292;0486;14.33.0200;0486;14.33.0200;CATEGORIA0;;1;1;0;1;;CASCO BOMBA DIREÇÃO;CASCO BOMBA DIREÇÃO;0;;
292;0486;14.33.0202;0486;14.33.0202;CATEGORIA0;;1;1;0;1;;CASCO BOMBA DIREÇÃO;CASCO BOMBA DIREÇÃO;0;;
292;0486;14.33.0300;0486;14.33.0300;CATEGORIA0;;1;1;0;1;;CASCO BOMBA DIREÇÃO;CASCO BOMBA DIREÇÃO;0;;
292;0486;14.33.0350;0486;14.33.0350;CATEGORIA0;;1;1;0;1;;CASCO BOMBA DIREÇÃO;CASCO BOMBA DIREÇÃO;0;;
292;0486;14.33.0400;0486;14.33.0400;CATEGORIA0;;1;1;0;1;;CASCO BOMBA DIREÇÃO;CASCO BOMBA DIREÇÃO;0;;
292;0486;14.36.0100;0486;14.36.0100;CATEGORIA0;;1;1;0;1;;CASCO BOMBA DIREÇÃO;CASCO BOMBA DIREÇÃO;0;;
292;0486;14.36.0110;0486;14.36.0110;CATEGORIA0;;1;1;0;1;;CASCO BOMBA DIREÇÃO;CASCO BOMBA DIREÇÃO;0;;
292;0486;14.36.0200;0486;14.36.0200;CATEGORIA0;;1;1;0;1;;CASCO BOMBA DIREÇÃO;CASCO BOMBA DIREÇÃO;0;;
292;0486;14.36.0201;0486;14.36.0201;CATEGORIA0;;1;1;0;1;;CASCO BOMBA DIREÇÃO;CASCO BOMBA DIREÇÃO;0;;
292;0486;14.36.0300;0486;14.36.0300;CATEGORIA0;;1;1;0;1;;CASCO BOMBA DIREÇÃO;CASCO BOMBA DIREÇÃO;0;;
292;0486;14.36.0301;0486;14.36.0301;CATEGORIA0;;1;1;0;1;;CASCO BOMBA DIREÇÃO;CASCO BOMBA DIREÇÃO;0;;
292;0486;14.36.0302;0486;14.36.0302;CATEGORIA0;;1;1;0;1;;CASCO BOMBA DIREÇÃO;CASCO BOMBA DIREÇÃO;0;;
292;0486;14.36.0305;0486;14.36.0305;CATEGORIA0;;1;1;0;1;;CASCO BOMBA DIREÇÃO;CASCO BOMBA DIREÇÃO;0;;
292;0486;14.36.0307;0486;14.36.0307;CATEGORIA0;;1;1;0;1;;CASCO BOMBA DIREÇÃO;CASCO BOMBA DIREÇÃO;0;;
292;0486;14.36.0308;0486;14.36.0308;CATEGORIA0;;1;1;0;1;;CASCO BOMBA DIREÇÃO;CASCO BOMBA DIREÇÃO;0;;
292;0486;14.36.0400;0486;14.36.0400;CATEGORIA0;;1;1;0;1;;CASCO BOMBA DIREÇÃO;CASCO BOMBA DIREÇÃO;0;;
292;0486;14.36.0401;0486;14.36.0401;CATEGORIA0;;1;1;0;1;;CASCO BOMBA DIREÇÃO;CASCO BOMBA DIREÇÃO;0;;
292;0486;14.36.0405;0486;14.36.0405;CATEGORIA0;;1;1;0;1;;CASCO BOMBA DIREÇÃO;CASCO BOMBA DIREÇÃO;0;;
292;0486;14.36.0500;0486;14.36.0500;CATEGORIA0;;1;1;0;1;;CASCO BOMBA DIREÇÃO;CASCO BOMBA DIREÇÃO;0;;
292;0486;14.36.0600;0486;14.36.0600;CATEGORIA0;;1;1;0;1;;CASCO BOMBA DIREÇÃO;CASCO BOMBA DIREÇÃO;0;;
292;0486;14.40.0100;0486;14.40.0100;CATEGORIA0;;1;1;0;1;;CASCO BOMBA DIREÇÃO;CASCO BOMBA DIREÇÃO;0;;
292;0486;14.40.0102-1;0486;14.40.0102-1;CATEGORIA0;;1;1;0;1;;CASCO BOMBA DIREÇÃO;CASCO BOMBA DIREÇÃO;0;;
292;0486;14.40.0105;0486;14.40.0105;CATEGORIA0;;1;1;0;1;;CASCO BOMBA DIREÇÃO;CASCO BOMBA DIREÇÃO;0;;
292;0486;14.40.0200;0486;14.40.0200;CATEGORIA0;;1;1;0;1;;CASCO BOMBA DIREÇÃO;CASCO BOMBA DIREÇÃO;0;;
292;0486;14.40.0201;0486;14.40.0201;CATEGORIA0;;1;1;0;1;;CASCO BOMBA DIREÇÃO;CASCO BOMBA DIREÇÃO;0;;
292;0486;14.40.0202;0486;14.40.0202;CATEGORIA0;;1;1;0;1;;CASCO BOMBA DIREÇÃO;CASCO BOMBA DIREÇÃO;0;;
292;0486;14.40.0203;0486;14.40.0203;CATEGORIA0;;1;1;0;1;;CASCO BOMBA DIREÇÃO;CASCO BOMBA DIREÇÃO;0;;
292;0486;14.40.0205;0486;14.40.0205;CATEGORIA0;;1;1;0;1;;CASCO BOMBA DIREÇÃO;CASCO BOMBA DIREÇÃO;0;;
292;0486;14.40.0207;0486;14.40.0207;CATEGORIA0;;1;1;0;1;;CASCO BOMBA DIREÇÃO;CASCO BOMBA DIREÇÃO;0;;
292;0486;14.40.0210;0486;14.40.0210;CATEGORIA0;;1;1;0;1;;CASCO BOMBA DIREÇÃO;CASCO BOMBA DIREÇÃO;0;;
292;0486;14.40.0300;0486;14.40.0300;CATEGORIA0;;1;1;0;1;;CASCO BOMBA DIREÇÃO;CASCO BOMBA DIREÇÃO;0;;
292;0486;14.40.0310;0486;14.40.0310;CATEGORIA0;;1;1;0;1;;CASCO BOMBA DIREÇÃO;CASCO BOMBA DIREÇÃO;0;;
292;0486;14.40.0320;0486;14.40.0320;CATEGORIA0;;1;1;0;1;;CASCO BOMBA DIREÇÃO;CASCO BOMBA DIREÇÃO;0;;
292;0486;14.40.0325;0486;14.40.0325;CATEGORIA0;;1;1;0;1;;CASCO BOMBA DIREÇÃO;CASCO BOMBA DIREÇÃO;0;;
292;0486;14.40.0500-1;0486;14.40.0500-1;CATEGORIA0;;1;1;0;1;;CASCO BOMBA DIREÇÃO;CASCO BOMBA DIREÇÃO;0;;
292;0486;14.43.0100;0486;14.43.0100;CATEGORIA0;;1;1;0;1;;CASCO BOMBA DIREÇÃO;CASCO BOMBA DIREÇÃO;0;;
292;0486;14.43.0105-1;0486;14.43.0105-1;CATEGORIA0;;1;1;0;1;;CASCO BOMBA DIREÇÃO;CASCO BOMBA DIREÇÃO;0;;
292;0486;14.43.0110;0486;14.43.0110;CATEGORIA0;;1;1;0;1;;CASCO BOMBA DIREÇÃO;CASCO BOMBA DIREÇÃO;0;;
292;0486;14.43.0112;0486;14.43.0112;CATEGORIA0;;1;1;0;1;;CASCO BOMBA DIREÇÃO;CASCO BOMBA DIREÇÃO;0;;
292;0486;14.43.0120;0486;14.43.0120;CATEGORIA0;;1;1;0;1;;CASCO BOMBA DIREÇÃO;CASCO BOMBA DIREÇÃO;0;;
292;0486;14.43.0200;0486;14.43.0200;CATEGORIA0;;1;1;0;1;;CASCO BOMBA DIREÇÃO;CASCO BOMBA DIREÇÃO;0;;
292;0486;14.43.0300;0486;14.43.0300;CATEGORIA0;;1;1;0;1;;CASCO BOMBA DIREÇÃO;CASCO BOMBA DIREÇÃO;0;;
292;0486;14.43.0400;0486;14.43.0400;CATEGORIA0;;1;1;0;1;;CASCO BOMBA DIREÇÃO;CASCO BOMBA DIREÇÃO;0;;
292;0486;14.43.0405;0486;14.43.0405;CATEGORIA0;;1;1;0;1;;CASCO BOMBA DIREÇÃO;CASCO BOMBA DIREÇÃO;0;;
292;0486;14.43.0450;0486;14.43.0450;CATEGORIA0;;1;1;0;1;;CASCO BOMBA DIREÇÃO;CASCO BOMBA DIREÇÃO;0;;
292;0486;14.45.0110;0486;14.45.0110;CATEGORIA0;;1;1;0;1;;CASCO BOMBA DIREÇÃO;CASCO BOMBA DIREÇÃO;0;;
292;0486;14.45.0150-1;0486;14.45.0150-1;CATEGORIA0;;1;1;0;1;;CASCO BOMBA DIREÇÃO;CASCO BOMBA DIREÇÃO;0;;
292;0486;14.45.0210;0486;14.45.0210;CATEGORIA0;;1;1;0;1;;CASCO BOMBA DIREÇÃO;CASCO BOMBA DIREÇÃO;0;;
292;0486;14.45.0212;0486;14.45.0212;CATEGORIA0;;1;1;0;1;;CASCO BOMBA DIREÇÃO;CASCO BOMBA DIREÇÃO;0;;
292;0486;14.45.0310;0486;14.45.0310;CATEGORIA0;;1;1;0;1;;CASCO BOMBA DIREÇÃO;CASCO BOMBA DIREÇÃO;0;;
292;0486;14.45.0315-1;0486;14.45.0315-1;CATEGORIA0;;1;1;0;1;;CASCO BOMBA DIREÇÃO;CASCO BOMBA DIREÇÃO;0;;
292;0486;14.45.0320;0486;14.45.0320;CATEGORIA0;;1;1;0;1;;CASCO BOMBA DIREÇÃO;CASCO BOMBA DIREÇÃO;0;;
292;0486;14.45.0322;0486;14.45.0322;CATEGORIA0;;1;1;0;1;;CASCO BOMBA DIREÇÃO;CASCO BOMBA DIREÇÃO;0;;
292;0486;14.45.0323;0486;14.45.0323;CATEGORIA0;;1;1;0;1;;CASCO BOMBA DIREÇÃO;CASCO BOMBA DIREÇÃO;0;;
292;0486;14.45.0324;0486;14.45.0324;CATEGORIA0;;1;1;0;1;;CASCO BOMBA DIREÇÃO;CASCO BOMBA DIREÇÃO;0;;
292;0486;14.45.0326;0486;14.45.0326;CATEGORIA0;;1;1;0;1;;CASCO BOMBA DIREÇÃO;CASCO BOMBA DIREÇÃO;0;;
292;0486;14.45.0330;0486;14.45.0330;CATEGORIA0;;1;1;0;1;;CASCO BOMBA DIREÇÃO;CASCO BOMBA DIREÇÃO;0;;
292;0486;14.45.0406-1;0486;14.45.0406-1;CATEGORIA0;;1;1;0;1;;CASCO BOMBA DIREÇÃO;CASCO BOMBA DIREÇÃO;0;;
292;0486;14.45.0410;0486;14.45.0410;CATEGORIA0;;1;1;0;1;;CASCO BOMBA DIREÇÃO;CASCO BOMBA DIREÇÃO;0;;
292;0486;14.45.0411;0486;14.45.0411;CATEGORIA0;;1;1;0;1;;CASCO BOMBA DIREÇÃO;CASCO BOMBA DIREÇÃO;0;;
292;0486;14.45.0412;0486;14.45.0412;CATEGORIA0;;1;1;0;1;;CASCO BOMBA DIREÇÃO;CASCO BOMBA DIREÇÃO;0;;
292;0486;14.45.0415;0486;14.45.0415;CATEGORIA0;;1;1;0;1;;CASCO BOMBA DIREÇÃO;CASCO BOMBA DIREÇÃO;0;;
292;0486;14.45.0417;0486;14.45.0417;CATEGORIA0;;1;1;0;1;;CASCO BOMBA DIREÇÃO;CASCO BOMBA DIREÇÃO;0;;
292;0486;14.45.0420;0486;14.45.0420;CATEGORIA0;;1;1;0;1;;CASCO BOMBA DIREÇÃO;CASCO BOMBA DIREÇÃO;0;;
292;0486;14.45.0430;0486;14.45.0430;CATEGORIA0;;1;1;0;1;;CASCO BOMBA DIREÇÃO;CASCO BOMBA DIREÇÃO;0;;
292;0486;14.47.0115;0486;14.47.0115;CATEGORIA0;;1;1;0;1;;CASCO BOMBA DIREÇÃO;CASCO BOMBA DIREÇÃO;0;;
292;0486;14.48.0110;0486;14.48.0110;CATEGORIA0;;1;1;0;1;;CASCO BOMBA DIREÇÃO;CASCO BOMBA DIREÇÃO;0;;
292;0486;14.48.0115;0486;14.48.0115;CATEGORIA0;;1;1;0;1;;CASCO BOMBA DIREÇÃO;CASCO BOMBA DIREÇÃO;0;;
292;0486;14.48.0117;0486;14.48.0117;CATEGORIA0;;1;1;0;1;;CASCO BOMBA DIREÇÃO;CASCO BOMBA DIREÇÃO;0;;
292;0486;14.48.0120;0486;14.48.0120;CATEGORIA0;;1;1;0;1;;CASCO BOMBA DIREÇÃO;CASCO BOMBA DIREÇÃO;0;;
292;0486;14.48.0121;0486;14.48.0121;CATEGORIA0;;1;1;0;1;;CASCO BOMBA DIREÇÃO;CASCO BOMBA DIREÇÃO;0;;
292;0486;14.48.0130;0486;14.48.0130;CATEGORIA0;;1;1;0;1;;CASCO BOMBA DIREÇÃO;CASCO BOMBA DIREÇÃO;0;;
292;0486;14.48.0137;0486;14.48.0137;CATEGORIA0;;1;1;0;1;;CASCO BOMBA DIREÇÃO;CASCO BOMBA DIREÇÃO;0;;
292;0486;14.48.0138;0486;14.48.0138;CATEGORIA0;;1;1;0;1;;CASCO BOMBA DIREÇÃO;CASCO BOMBA DIREÇÃO;0;;
292;0486;14.48.0139;0486;14.48.0139;CATEGORIA0;;1;1;0;1;;CASCO BOMBA DIREÇÃO;CASCO BOMBA DIREÇÃO;0;;
292;0486;14.48.0141;0486;14.48.0141;CATEGORIA0;;1;1;0;1;;CASCO BOMBA DIREÇÃO;CASCO BOMBA DIREÇÃO;0;;
292;0486;14.48.0145;0486;14.48.0145;CATEGORIA0;;1;1;0;1;;CASCO BOMBA DIREÇÃO;CASCO BOMBA DIREÇÃO;0;;
292;0486;14.48.0150;0486;14.48.0150;CATEGORIA0;;1;1;0;1;;CASCO BOMBA DIREÇÃO;CASCO BOMBA DIREÇÃO;0;;
292;0486;14.48.0200;0486;14.48.0200;CATEGORIA0;;1;1;0;1;;CASCO BOMBA DIREÇÃO;CASCO BOMBA DIREÇÃO;0;;
292;0486;14.48.0210;0486;14.48.0210;CATEGORIA0;;1;1;0;1;;CASCO BOMBA DIREÇÃO;CASCO BOMBA DIREÇÃO;0;;
292;0486;14.48.0212-1;0486;14.48.0212-1;CATEGORIA0;;1;1;0;1;;CASCO BOMBA DIREÇÃO;CASCO BOMBA DIREÇÃO;0;;
292;0486;14.48.0212-2;0486;14.48.0212-2;CATEGORIA0;;1;1;0;1;;CASCO BOMBA DIREÇÃO;CASCO BOMBA DIREÇÃO;0;;
292;0486;14.48.0300;0486;14.48.0300;CATEGORIA0;;1;1;0;1;;CASCO BOMBA DIREÇÃO;CASCO BOMBA DIREÇÃO;0;;
292;0486;14.48.0305;0486;14.48.0305;CATEGORIA0;;1;1;0;1;;CASCO BOMBA DIREÇÃO;CASCO BOMBA DIREÇÃO;0;;
292;0486;14.48.0307;0486;14.48.0307;CATEGORIA0;;1;1;0;1;;CASCO BOMBA DIREÇÃO;CASCO BOMBA DIREÇÃO;0;;
292;0486;14.48.0310;0486;14.48.0310;CATEGORIA0;;1;1;0;1;;CASCO BOMBA DIREÇÃO;CASCO BOMBA DIREÇÃO;0;;
292;0486;14.48.0405;0486;14.48.0405;CATEGORIA0;;1;1;0;1;;CASCO BOMBA DIREÇÃO;CASCO BOMBA DIREÇÃO;0;;
292;0486;14.48.0410;0486;14.48.0410;CATEGORIA0;;1;1;0;1;;CASCO BOMBA DIREÇÃO;CASCO BOMBA DIREÇÃO;0;;
292;0486;14.48.0415;0486;14.48.0415;CATEGORIA0;;1;1;0;1;;CASCO BOMBA DIREÇÃO;CASCO BOMBA DIREÇÃO;0;;
292;0486;14.48.0600;0486;14.48.0600;CATEGORIA0;;1;1;0;1;;CASCO BOMBA DIREÇÃO;CASCO BOMBA DIREÇÃO;0;;
292;0486;14.48.0650;0486;14.48.0650;CATEGORIA0;;1;1;0;1;;CASCO BOMBA DIREÇÃO;CASCO BOMBA DIREÇÃO;0;;
292;0486;14.48.0651;0486;14.48.0651;CATEGORIA0;;1;1;0;1;;CASCO BOMBA DIREÇÃO;CASCO BOMBA DIREÇÃO;0;;
292;0486;14.48.0652;0486;14.48.0652;CATEGORIA0;;1;1;0;1;;CASCO BOMBA DIREÇÃO;CASCO BOMBA DIREÇÃO;0;;
292;0486;14.48.0655;0486;14.48.0655;CATEGORIA0;;1;1;0;1;;CASCO BOMBA DIREÇÃO;CASCO BOMBA DIREÇÃO;0;;
292;0486;14.48.0660;0486;14.48.0660;CATEGORIA0;;1;1;0;1;;CASCO BOMBA DIREÇÃO;CASCO BOMBA DIREÇÃO;0;;
292;0486;14.48.0661;0486;14.48.0661;CATEGORIA0;;1;1;0;1;;CASCO BOMBA DIREÇÃO;CASCO BOMBA DIREÇÃO;0;;
292;0486;14.48.0662;0486;14.48.0662;CATEGORIA0;;1;1;0;1;;CASCO BOMBA DIREÇÃO;CASCO BOMBA DIREÇÃO;0;;
292;0486;14.48.0663;0486;14.48.0663;CATEGORIA0;;1;1;0;1;;CASCO BOMBA DIREÇÃO;CASCO BOMBA DIREÇÃO;0;;
292;0486;14.48.0665;0486;14.48.0665;CATEGORIA0;;1;1;0;1;;CASCO BOMBA DIREÇÃO;CASCO BOMBA DIREÇÃO;0;;
292;0486;14.48.0666;0486;14.48.0666;CATEGORIA0;;1;1;0;1;;CASCO BOMBA DIREÇÃO;CASCO BOMBA DIREÇÃO;0;;
292;0486;14.48.0668;0486;14.48.0668;CATEGORIA0;;1;1;0;1;;CASCO BOMBA DIREÇÃO;CASCO BOMBA DIREÇÃO;0;;
292;0486;14.48.0669;0486;14.48.0669;CATEGORIA0;;1;1;0;1;;CASCO BOMBA DIREÇÃO;CASCO BOMBA DIREÇÃO;0;;
292;0486;14.48.0670;0486;14.48.0670;CATEGORIA0;;1;1;0;1;;CASCO BOMBA DIREÇÃO;CASCO BOMBA DIREÇÃO;0;;
292;0486;14.48.0672;0486;14.48.0672;CATEGORIA0;;1;1;0;1;;CASCO BOMBA DIREÇÃO;CASCO BOMBA DIREÇÃO;0;;
292;0486;14.48.0675;0486;14.48.0675;CATEGORIA0;;1;1;0;1;;CASCO BOMBA DIREÇÃO;CASCO BOMBA DIREÇÃO;0;;
292;0486;14.48.0677;0486;14.48.0677;CATEGORIA0;;1;1;0;1;;CASCO BOMBA DIREÇÃO;CASCO BOMBA DIREÇÃO;0;;
292;0486;14.48.0680;0486;14.48.0680;CATEGORIA0;;1;1;0;1;;CASCO BOMBA DIREÇÃO;CASCO BOMBA DIREÇÃO;0;;
292;0486;14.49.0120;0486;14.49.0120;CATEGORIA0;;1;1;0;1;;CASCO BOMBA DIREÇÃO;CASCO BOMBA DIREÇÃO;0;;
292;0486;14.52.0011;0486;14.52.0011;CATEGORIA0;;1;1;0;1;;CASCO BOMBA DIREÇÃO;CASCO BOMBA DIREÇÃO;0;;
292;0486;14.52.0020;0486;14.52.0020;CATEGORIA0;;1;1;0;1;;CASCO BOMBA DIREÇÃO;CASCO BOMBA DIREÇÃO;0;;
292;0486;14.52.0060;0486;14.52.0060;CATEGORIA0;;1;1;0;1;;CASCO BOMBA DIREÇÃO;CASCO BOMBA DIREÇÃO;0;;
292;0486;14.52.0065;0486;14.52.0065;CATEGORIA0;;1;1;0;1;;CASCO BOMBA DIREÇÃO;CASCO BOMBA DIREÇÃO;0;;
292;0486;14.52.0070;0486;14.52.0070;CATEGORIA0;;1;1;0;1;;CASCO BOMBA DIREÇÃO;CASCO BOMBA DIREÇÃO;0;;
292;0486;14.52.0079;0486;14.52.0079;CATEGORIA0;;1;1;0;1;;CASCO BOMBA DIREÇÃO;CASCO BOMBA DIREÇÃO;0;;
292;0486;14.52.0080-1;0486;14.52.0080-1;CATEGORIA0;;1;1;0;1;;CASCO BOMBA DIREÇÃO;CASCO BOMBA DIREÇÃO;0;;
292;0486;14.52.0081;0486;14.52.0081;CATEGORIA0;;1;1;0;1;;CASCO BOMBA DIREÇÃO;CASCO BOMBA DIREÇÃO;0;;
292;0486;14.52.0082;0486;14.52.0082;CATEGORIA0;;1;1;0;1;;CASCO BOMBA DIREÇÃO;CASCO BOMBA DIREÇÃO;0;;
292;0486;14.52.0083-1;0486;14.52.0083-1;CATEGORIA0;;1;1;0;1;;CASCO BOMBA DIREÇÃO;CASCO BOMBA DIREÇÃO;0;;
292;0486;14.52.0084;0486;14.52.0084;CATEGORIA0;;1;1;0;1;;CASCO BOMBA DIREÇÃO;CASCO BOMBA DIREÇÃO;0;;
292;0486;14.52.0085;0486;14.52.0085;CATEGORIA0;;1;1;0;1;;CASCO BOMBA DIREÇÃO;CASCO BOMBA DIREÇÃO;0;;
292;0486;14.52.0086;0486;14.52.0086;CATEGORIA0;;1;1;0;1;;CASCO BOMBA DIREÇÃO;CASCO BOMBA DIREÇÃO;0;;
292;0486;14.52.0087;0486;14.52.0087;CATEGORIA0;;1;1;0;1;;CASCO BOMBA DIREÇÃO;CASCO BOMBA DIREÇÃO;0;;
292;0486;14.52.0088;0486;14.52.0088;CATEGORIA0;;1;1;0;1;;CASCO BOMBA DIREÇÃO;CASCO BOMBA DIREÇÃO;0;;
292;0486;14.52.0089;0486;14.52.0089;CATEGORIA0;;1;1;0;1;;CASCO BOMBA DIREÇÃO;CASCO BOMBA DIREÇÃO;0;;
292;0486;14.52.0090;0486;14.52.0090;CATEGORIA0;;1;1;0;1;;CASCO BOMBA DIREÇÃO;CASCO BOMBA DIREÇÃO;0;;
292;0486;14.52.0092;0486;14.52.0092;CATEGORIA0;;1;1;0;1;;CASCO BOMBA DIREÇÃO;CASCO BOMBA DIREÇÃO;0;;
292;0486;14.52.0094;0486;14.52.0094;CATEGORIA0;;1;1;0;1;;CASCO BOMBA DIREÇÃO;CASCO BOMBA DIREÇÃO;0;;
292;0486;14.52.0095;0486;14.52.0095;CATEGORIA0;;1;1;0;1;;CASCO BOMBA DIREÇÃO;CASCO BOMBA DIREÇÃO;0;;
292;0486;14.52.0096;0486;14.52.0096;CATEGORIA0;;1;1;0;1;;CASCO BOMBA DIREÇÃO;CASCO BOMBA DIREÇÃO;0;;
292;0486;14.52.0097-1;0486;14.52.0097-1;CATEGORIA0;;1;1;0;1;;CASCO BOMBA DIREÇÃO;CASCO BOMBA DIREÇÃO;0;;
292;0486;14.52.0098-1;0486;14.52.0098-1;CATEGORIA0;;1;1;0;1;;CASCO BOMBA DIREÇÃO;CASCO BOMBA DIREÇÃO;0;;
292;0486;14.52.0099;0486;14.52.0099;CATEGORIA0;;1;1;0;1;;CASCO BOMBA DIREÇÃO;CASCO BOMBA DIREÇÃO;0;;
292;0486;14.52.0100;0486;14.52.0100;CATEGORIA0;;1;1;0;1;;CASCO BOMBA DIREÇÃO;CASCO BOMBA DIREÇÃO;0;;
292;0486;14.52.0101-1;0486;14.52.0101-1;CATEGORIA0;;1;1;0;1;;CASCO BOMBA DIREÇÃO;CASCO BOMBA DIREÇÃO;0;;
292;0486;14.52.0102;0486;14.52.0102;CATEGORIA0;;1;1;0;1;;CASCO BOMBA DIREÇÃO;CASCO BOMBA DIREÇÃO;0;;
292;0486;14.52.0103-1;0486;14.52.0103-1;CATEGORIA0;;1;1;0;1;;CASCO BOMBA DIREÇÃO;CASCO BOMBA DIREÇÃO;0;;
292;0486;14.52.0104;0486;14.52.0104;CATEGORIA0;;1;1;0;1;;CASCO BOMBA DIREÇÃO;CASCO BOMBA DIREÇÃO;0;;
292;0486;14.52.0105-1;0486;14.52.0105-1;CATEGORIA0;;1;1;0;1;;CASCO BOMBA DIREÇÃO;CASCO BOMBA DIREÇÃO;0;;
292;0486;14.52.0106-1;0486;14.52.0106-1;CATEGORIA0;;1;1;0;1;;CASCO BOMBA DIREÇÃO;CASCO BOMBA DIREÇÃO;0;;
292;0486;14.52.0107-1;0486;14.52.0107-1;CATEGORIA0;;1;1;0;1;;CASCO BOMBA DIREÇÃO;CASCO BOMBA DIREÇÃO;0;;
292;0486;14.52.0110;0486;14.52.0110;CATEGORIA0;;1;1;0;1;;CASCO BOMBA DIREÇÃO;CASCO BOMBA DIREÇÃO;0;;
292;0486;14.52.0120;0486;14.52.0120;CATEGORIA0;;1;1;0;1;;CASCO BOMBA DIREÇÃO;CASCO BOMBA DIREÇÃO;0;;
292;0486;14.52.0125;0486;14.52.0125;CATEGORIA0;;1;1;0;1;;CASCO BOMBA DIREÇÃO;CASCO BOMBA DIREÇÃO;0;;
292;0486;14.52.0130;0486;14.52.0130;CATEGORIA0;;1;1;0;1;;CASCO BOMBA DIREÇÃO;CASCO BOMBA DIREÇÃO;0;;
292;0486;14.52.0135;0486;14.52.0135;CATEGORIA0;;1;1;0;1;;CASCO BOMBA DIREÇÃO;CASCO BOMBA DIREÇÃO;0;;
292;0486;14.52.0140;0486;14.52.0140;CATEGORIA0;;1;1;0;1;;CASCO BOMBA DIREÇÃO;CASCO BOMBA DIREÇÃO;0;;
292;0486;14.52.0150;0486;14.52.0150;CATEGORIA0;;1;1;0;1;;CASCO BOMBA DIREÇÃO;CASCO BOMBA DIREÇÃO;0;;
292;0486;14.52.0200-1;0486;14.52.0200-1;CATEGORIA0;;1;1;0;1;;CASCO BOMBA DIREÇÃO;CASCO BOMBA DIREÇÃO;0;;
292;0486;14.52.0250;0486;14.52.0250;CATEGORIA0;;1;1;0;1;;CASCO BOMBA DIREÇÃO;CASCO BOMBA DIREÇÃO;0;;
292;0486;14.52.0255;0486;14.52.0255;CATEGORIA0;;1;1;0;1;;CASCO BOMBA DIREÇÃO;CASCO BOMBA DIREÇÃO;0;;
292;0486;14.55.0100;0486;14.55.0100;CATEGORIA0;;1;1;0;1;;CASCO BOMBA DIREÇÃO;CASCO BOMBA DIREÇÃO;0;;
292;0486;14.55.0101;0486;14.55.0101;CATEGORIA0;;1;1;0;1;;CASCO BOMBA DIREÇÃO;CASCO BOMBA DIREÇÃO;0;;
292;0486;14.55.0102;0486;14.55.0102;CATEGORIA0;;1;1;0;1;;CASCO BOMBA DIREÇÃO;CASCO BOMBA DIREÇÃO;0;;
292;0486;14.55.0105;0486;14.55.0105;CATEGORIA0;;1;1;0;1;;CASCO BOMBA DIREÇÃO;CASCO BOMBA DIREÇÃO;0;;
292;0486;14.55.0106;0486;14.55.0106;CATEGORIA0;;1;1;0;1;;CASCO BOMBA DIREÇÃO;CASCO BOMBA DIREÇÃO;0;;
292;0486;14.55.0110;0486;14.55.0110;CATEGORIA0;;1;1;0;1;;CASCO BOMBA DIREÇÃO;CASCO BOMBA DIREÇÃO;0;;
292;0486;14.55.0200;0486;14.55.0200;CATEGORIA0;;1;1;0;1;;CASCO BOMBA DIREÇÃO;CASCO BOMBA DIREÇÃO;0;;
292;0486;14.55.0201;0486;14.55.0201;CATEGORIA0;;1;1;0;1;;CASCO BOMBA DIREÇÃO;CASCO BOMBA DIREÇÃO;0;;
292;0486;14.55.0202;0486;14.55.0202;CATEGORIA0;;1;1;0;1;;CASCO BOMBA DIREÇÃO;CASCO BOMBA DIREÇÃO;0;;
292;0486;14.55.0300;0486;14.55.0300;CATEGORIA0;;1;1;0;1;;CASCO BOMBA DIREÇÃO;CASCO BOMBA DIREÇÃO;0;;
292;0486;14.55.0400;0486;14.55.0400;CATEGORIA0;;1;1;0;1;;CASCO BOMBA DIREÇÃO;CASCO BOMBA DIREÇÃO;0;;
292;0486;14.55.0401;0486;14.55.0401;CATEGORIA0;;1;1;0;1;;CASCO BOMBA DIREÇÃO;CASCO BOMBA DIREÇÃO;0;;
292;0486;14.55.0405;0486;14.55.0405;CATEGORIA0;;1;1;0;1;;CASCO BOMBA DIREÇÃO;CASCO BOMBA DIREÇÃO;0;;
292;0486;14.55.0500;0486;14.55.0500;CATEGORIA0;;1;1;0;1;;CASCO BOMBA DIREÇÃO;CASCO BOMBA DIREÇÃO;0;;
292;0486;14.55.0502;0486;14.55.0502;CATEGORIA0;;1;1;0;1;;CASCO BOMBA DIREÇÃO;CASCO BOMBA DIREÇÃO;0;;
292;0486;14.55.0600;0486;14.55.0600;CATEGORIA0;;1;1;0;1;;CASCO BOMBA DIREÇÃO;CASCO BOMBA DIREÇÃO;0;;
292;0486;14.55.0800;0486;14.55.0800;CATEGORIA0;;1;1;0;1;;CASCO BOMBA DIREÇÃO;CASCO BOMBA DIREÇÃO;0;;
292;0486;14.55.0801;0486;14.55.0801;CATEGORIA0;;1;1;0;1;;CASCO BOMBA DIREÇÃO;CASCO BOMBA DIREÇÃO;0;;
292;0486;14.55.0802;0486;14.55.0802;CATEGORIA0;;1;1;0;1;;CASCO BOMBA DIREÇÃO;CASCO BOMBA DIREÇÃO;0;;
292;0486;14.55.0803;0486;14.55.0803;CATEGORIA0;;1;1;0;1;;CASCO BOMBA DIREÇÃO;CASCO BOMBA DIREÇÃO;0;;
292;0486;14.55.0804;0486;14.55.0804;CATEGORIA0;;1;1;0;1;;CASCO BOMBA DIREÇÃO;CASCO BOMBA DIREÇÃO;0;;
292;0486;14.55.0900;0486;14.55.0900;CATEGORIA0;;1;1;0;1;;CASCO BOMBA DIREÇÃO;CASCO BOMBA DIREÇÃO;0;;
292;0486;14.55.0902;0486;14.55.0902;CATEGORIA0;;1;1;0;1;;CASCO BOMBA DIREÇÃO;CASCO BOMBA DIREÇÃO;0;;
292;0486;14.55.0903;0486;14.55.0903;CATEGORIA0;;1;1;0;1;;CASCO BOMBA DIREÇÃO;CASCO BOMBA DIREÇÃO;0;;
292;0486;14.55.0905;0486;14.55.0905;CATEGORIA0;;1;1;0;1;;CASCO BOMBA DIREÇÃO;CASCO BOMBA DIREÇÃO;0;;
292;0486;14.55.0910;0486;14.55.0910;CATEGORIA0;;1;1;0;1;;CASCO BOMBA DIREÇÃO;CASCO BOMBA DIREÇÃO;0;;
292;0486;14.55.0915;0486;14.55.0915;CATEGORIA0;;1;1;0;1;;CASCO BOMBA DIREÇÃO;CASCO BOMBA DIREÇÃO;0;;
292;0486;14.55.0916;0486;14.55.0916;CATEGORIA0;;1;1;0;1;;CASCO BOMBA DIREÇÃO;CASCO BOMBA DIREÇÃO;0;;
292;0486;14.55.0920;0486;14.55.0920;CATEGORIA0;;1;1;0;1;;CASCO BOMBA DIREÇÃO;CASCO BOMBA DIREÇÃO;0;;
292;0486;14.55.0925;0486;14.55.0925;CATEGORIA0;;1;1;0;1;;CASCO BOMBA DIREÇÃO;CASCO BOMBA DIREÇÃO;0;;
292;0486;14.55.0928;0486;14.55.0928;CATEGORIA0;;1;1;0;1;;CASCO BOMBA DIREÇÃO;CASCO BOMBA DIREÇÃO;0;;
292;0486;14.55.0929;0486;14.55.0929;CATEGORIA0;;1;1;0;1;;CASCO BOMBA DIREÇÃO;CASCO BOMBA DIREÇÃO;0;;
292;0486;14.55.0930;0486;14.55.0930;CATEGORIA0;;1;1;0;1;;CASCO BOMBA DIREÇÃO;CASCO BOMBA DIREÇÃO;0;;
292;0486;14.55.0931;0486;14.55.0931;CATEGORIA0;;1;1;0;1;;CASCO BOMBA DIREÇÃO;CASCO BOMBA DIREÇÃO;0;;
292;0486;14.55.0934;0486;14.55.0934;CATEGORIA0;;1;1;0;1;;CASCO BOMBA DIREÇÃO;CASCO BOMBA DIREÇÃO;0;;
292;0486;14.55.0935;0486;14.55.0935;CATEGORIA0;;1;1;0;1;;CASCO BOMBA DIREÇÃO;CASCO BOMBA DIREÇÃO;0;;
292;0486;14.55.0936;0486;14.55.0936;CATEGORIA0;;1;1;0;1;;CASCO BOMBA DIREÇÃO;CASCO BOMBA DIREÇÃO;0;;
292;0486;14.55.0937;0486;14.55.0937;CATEGORIA0;;1;1;0;1;;CASCO BOMBA DIREÇÃO;CASCO BOMBA DIREÇÃO;0;;
292;0486;14.55.0940;0486;14.55.0940;CATEGORIA0;;1;1;0;1;;CASCO BOMBA DIREÇÃO;CASCO BOMBA DIREÇÃO;0;;
292;0486;14.55.0960;0486;14.55.0960;CATEGORIA0;;1;1;0;1;;CASCO BOMBA DIREÇÃO;CASCO BOMBA DIREÇÃO;0;;
292;0486;14.55.0980;0486;14.55.0980;CATEGORIA0;;1;1;0;1;;CASCO BOMBA DIREÇÃO;CASCO BOMBA DIREÇÃO;0;;
292;0486;14.55.1000;0486;14.55.1000;CATEGORIA0;;1;1;0;1;;CASCO BOMBA DIREÇÃO;CASCO BOMBA DIREÇÃO;0;;
292;0486;14.55.1010;0486;14.55.1010;CATEGORIA0;;1;1;0;1;;CASCO BOMBA DIREÇÃO;CASCO BOMBA DIREÇÃO;0;;
292;0486;14.55.1020;0486;14.55.1020;CATEGORIA0;;1;1;0;1;;CASCO BOMBA DIREÇÃO TRW;CASCO BOMBA DIREÇÃO TRW;0;;
292;0486;14.55.1021;0486;14.55.1021;CATEGORIA0;;1;1;0;1;;CASCO BOMBA DIREÇÃO;CASCO BOMBA DIREÇÃO;0;;
292;0486;14.55.1100;0486;14.55.1100;CATEGORIA0;;1;1;0;1;;CASCO BOMBA DIREÇÃO;CASCO BOMBA DIREÇÃO;0;;
292;0486;14.55.1200;0486;14.55.1200;CATEGORIA0;;1;1;0;1;;CASCO BOMBA DIREÇÃO;CASCO BOMBA DIREÇÃO;0;;
292;0486;14.55.1205;0486;14.55.1205;CATEGORIA0;;1;1;0;1;;CASCO BOMBA DIREÇÃO;CASCO BOMBA DIREÇÃO;0;;
292;0486;14.55.1210;0486;14.55.1210;CATEGORIA0;;1;1;0;1;;CASCO BOMBA DIREÇÃO;CASCO BOMBA DIREÇÃO;0;;
292;0486;14.55.1211;0486;14.55.1211;CATEGORIA0;;1;1;0;1;;CASCO BOMBA DIREÇÃO;CASCO BOMBA DIREÇÃO;0;;
292;0486;14.55.1212;0486;14.55.1212;CATEGORIA0;;1;1;0;1;;CASCO BOMBA DIREÇÃO;CASCO BOMBA DIREÇÃO;0;;
292;0486;14.55.1260;0486;14.55.1260;CATEGORIA0;;1;1;0;1;;CASCO BOMBA DIREÇÃO;CASCO BOMBA DIREÇÃO;0;;
292;0486;14.55.1300;0486;14.55.1300;CATEGORIA0;;1;1;0;1;;CASCO BOMBA DIREÇÃO;CASCO BOMBA DIREÇÃO;0;;
292;0486;14.55.1302;0486;14.55.1302;CATEGORIA0;;1;1;0;1;;CASCO BOMBA DIREÇÃO;CASCO BOMBA DIREÇÃO;0;;
292;0486;14.55.1304;0486;14.55.1304;CATEGORIA0;;1;1;0;1;;CASCO BOMBA DIREÇÃO;CASCO BOMBA DIREÇÃO;0;;
292;0486;14.55.1310;0486;14.55.1310;CATEGORIA0;;1;1;0;1;;CASCO BOMBA DIREÇÃO;CASCO BOMBA DIREÇÃO;0;;
292;0486;14.55.1312;0486;14.55.1312;CATEGORIA0;;1;1;0;1;;CASCO BOMBA DIREÇÃO;CASCO BOMBA DIREÇÃO;0;;
292;0486;14.55.1400;0486;14.55.1400;CATEGORIA0;;1;1;0;1;;CASCO BOMBA DIREÇÃO ZF;CASCO BOMBA DIREÇÃO ZF;0;;
292;0486;14.55.1500;0486;14.55.1500;CATEGORIA0;;1;1;0;1;;CASCO BOMBA DIREÇÃO;CASCO BOMBA DIREÇÃO;0;;
292;0486;14.55.1501;0486;14.55.1501;CATEGORIA0;;1;1;0;1;;CASCO BOMBA DIREÇÃO;CASCO BOMBA DIREÇÃO;0;;
292;0486;14.55.1502;0486;14.55.1502;CATEGORIA0;;1;1;0;1;;CASCO BOMBA DIREÇÃO;CASCO BOMBA DIREÇÃO;0;;
292;0486;14.55.1503;0486;14.55.1503;CATEGORIA0;;1;1;0;1;;CASCO BOMBA DIREÇÃO;CASCO BOMBA DIREÇÃO;0;;
292;0486;14.55.1505;0486;14.55.1505;CATEGORIA0;;1;1;0;1;;CASCO BOMBA DIREÇÃO;CASCO BOMBA DIREÇÃO;0;;
292;0486;14.55.1520;0486;14.55.1520;CATEGORIA0;;1;1;0;1;;CASCO BOMBA DIREÇÃO;CASCO BOMBA DIREÇÃO;0;;
292;0486;14.55.1522;0486;14.55.1522;CATEGORIA0;;1;1;0;1;;CASCO BOMBA DIREÇÃO;CASCO BOMBA DIREÇÃO;0;;
292;0486;14.55.1525;0486;14.55.1525;CATEGORIA0;;1;1;0;1;;CASCO BOMBA DIREÇÃO;CASCO BOMBA DIREÇÃO;0;;
292;0486;14.55.1600;0486;14.55.1600;CATEGORIA0;;1;1;0;1;;CASCO BOMBA DIREÇÃO;CASCO BOMBA DIREÇÃO;0;;
292;0486;14.55.1700;0486;14.55.1700;CATEGORIA0;;1;1;0;1;;CASCO BOMBA DIREÇÃO;CASCO BOMBA DIREÇÃO;0;;
292;0486;14.55.1701;0486;14.55.1701;CATEGORIA0;;1;1;0;1;;CASCO BOMBA DIREÇÃO;CASCO BOMBA DIREÇÃO;0;;
292;0486;14.55.1702;0486;14.55.1702;CATEGORIA0;;1;1;0;1;;CASCO BOMBA DIREÇÃO;CASCO BOMBA DIREÇÃO;0;;
292;0486;14.55.1705;0486;14.55.1705;CATEGORIA0;;1;1;0;1;;CASCO BOMBA DIREÇÃO;CASCO BOMBA DIREÇÃO;0;;
292;0486;14.55.1706;0486;14.55.1706;CATEGORIA0;;1;1;0;1;;CASCO BOMBA DIREÇÃO;CASCO BOMBA DIREÇÃO;0;;
292;0486;14.55.1800;0486;14.55.1800;CATEGORIA0;;1;1;0;1;;CASCO BOMBA DIREÇÃO;CASCO BOMBA DIREÇÃO;0;;
292;0486;14.55.1801;0486;14.55.1801;CATEGORIA0;;1;1;0;1;;CASCO BOMBA DIREÇÃO;CASCO BOMBA DIREÇÃO;0;;
292;0486;14.55.1900;0486;14.55.1900;CATEGORIA0;;1;1;0;1;;CASCO BOMBA DIREÇÃO;CASCO BOMBA DIREÇÃO;0;;
292;0486;14.55.1905;0486;14.55.1905;CATEGORIA0;;1;1;0;1;;CASCO BOMBA DIREÇÃO;CASCO BOMBA DIREÇÃO;0;;
292;0486;14.55.1906;0486;14.55.1906;CATEGORIA0;;1;1;0;1;;CASCO BOMBA DIREÇÃO;CASCO BOMBA DIREÇÃO;0;;
292;0486;14.55.2000;0486;14.55.2000;CATEGORIA0;;1;1;0;1;;CASCO BOMBA DIREÇÃO;CASCO BOMBA DIREÇÃO;0;;
292;0486;14.55.2100;0486;14.55.2100;CATEGORIA0;;1;1;0;1;;CASCO BOMBA DIREÇÃO;CASCO BOMBA DIREÇÃO;0;;
292;0486;14.55.2200;0486;14.55.2200;CATEGORIA0;;1;1;0;1;;CASCO BOMBA DIREÇÃO;CASCO BOMBA DIREÇÃO;0;;
292;0486;14.55.2500;0486;14.55.2500;CATEGORIA0;;1;1;0;1;;CASCO BOMBA DIREÇÃO;CASCO BOMBA DIREÇÃO;0;;
292;0486;14.55.2600;0486;14.55.2600;CATEGORIA0;;1;1;0;1;;CASCO BOMBA DIREÇÃO;CASCO BOMBA DIREÇÃO;0;;
292;0486;14.55.2605;0486;14.55.2605;CATEGORIA0;;1;1;0;1;;CASCO BOMBA DIREÇÃO;CASCO BOMBA DIREÇÃO;0;;
292;0486;14.60.0100;0486;14.60.0100;CATEGORIA0;;1;1;0;1;;CASCO BOMBA DIREÇÃO;CASCO BOMBA DIREÇÃO;0;;
292;0486;14.60.0100-1;0486;14.60.0100-1;CATEGORIA0;;1;1;0;1;;CASCO BOMBA DIREÇÃO;CASCO BOMBA DIREÇÃO;0;;
292;0486;14.60.0200;0486;14.60.0200;CATEGORIA0;;1;1;0;1;;CASCO BOMBA DIREÇÃO;CASCO BOMBA DIREÇÃO;0;;
292;0486;14.60.0300;0486;14.60.0300;CATEGORIA0;;1;1;0;1;;CASCO BOMBA DIREÇÃO;CASCO BOMBA DIREÇÃO;0;;
292;0486;14.63.0100;0486;14.63.0100;CATEGORIA0;;1;1;0;1;;CASCO BOMBA DIREÇÃO;CASCO BOMBA DIREÇÃO;0;;
292;0486;14.63.0200;0486;14.63.0200;CATEGORIA0;;1;1;0;1;;CASCO BOMBA DIREÇÃO;CASCO BOMBA DIREÇÃO;0;;
292;0486;14.65.0100;0486;14.65.0100;CATEGORIA0;;1;1;0;1;;CASCO BOMBA DIREÇÃO;CASCO BOMBA DIREÇÃO;0;;
292;0486;14.65.0105;0486;14.65.0105;CATEGORIA0;;1;1;0;1;;CASCO BOMBA DIREÇÃO;CASCO BOMBA DIREÇÃO;0;;
292;0486;14.65.0110;0486;14.65.0110;CATEGORIA0;;1;1;0;1;;CASCO BOMBA DIREÇÃO;CASCO BOMBA DIREÇÃO;0;;
292;0486;14.65.0200;0486;14.65.0200;CATEGORIA0;;1;1;0;1;;CASCO BOMBA DIREÇÃO;CASCO BOMBA DIREÇÃO;0;;
292;0486;14.70.0100;0486;14.70.0100;CATEGORIA0;;1;1;0;1;;CASCO BOMBA DIREÇÃO;CASCO BOMBA DIREÇÃO;0;;
292;0486;14.70.0110;0486;14.70.0110;CATEGORIA0;;1;1;0;1;;CASCO BOMBA DIREÇÃO;CASCO BOMBA DIREÇÃO;0;;
292;0486;14.71.0140;0486;14.71.0140;CATEGORIA0;;1;1;0;1;;CASCO BOMBA DIREÇÃO;CASCO BOMBA DIREÇÃO;0;;
292;0486;14.71.0142;0486;14.71.0142;CATEGORIA0;;1;1;0;1;;CASCO BOMBA DIREÇÃO;CASCO BOMBA DIREÇÃO;0;;
292;0486;14.71.0145;0486;14.71.0145;CATEGORIA0;;1;1;0;1;;CASCO BOMBA DIREÇÃO;CASCO BOMBA DIREÇÃO;0;;
292;0486;14.71.0147;0486;14.71.0147;CATEGORIA0;;1;1;0;1;;CASCO BOMBA DIREÇÃO;CASCO BOMBA DIREÇÃO;0;;
292;0486;14.71.0148;0486;14.71.0148;CATEGORIA0;;1;1;0;1;;CASCO BOMBA DIREÇÃO;CASCO BOMBA DIREÇÃO;0;;
292;0486;14.71.0150;0486;14.71.0150;CATEGORIA0;;1;1;0;1;;CASCO BOMBA DIREÇÃO;CASCO BOMBA DIREÇÃO;0;;
292;0486;14.71.0151;0486;14.71.0151;CATEGORIA0;;1;1;0;1;;CASCO BOMBA DIREÇÃO;CASCO BOMBA DIREÇÃO;0;;
292;0486;14.71.0153;0486;14.71.0153;CATEGORIA0;;1;1;0;1;;CASCO BOMBA DIREÇÃO;CASCO BOMBA DIREÇÃO;0;;
292;0486;14.71.0160;0486;14.71.0160;CATEGORIA0;;1;1;0;1;;CASCO BOMBA DIREÇÃO;CASCO BOMBA DIREÇÃO;0;;
292;0486;14.71.0162;0486;14.71.0162;CATEGORIA0;;1;1;0;1;;CASCO BOMBA DIREÇÃO;CASCO BOMBA DIREÇÃO;0;;
292;0486;14.71.0170;0486;14.71.0170;CATEGORIA0;;1;1;0;1;;CASCO BOMBA DIREÇÃO;CASCO BOMBA DIREÇÃO;0;;
292;0486;14.71.0171;0486;14.71.0171;CATEGORIA0;;1;1;0;1;;CASCO BOMBA DIREÇÃO;CASCO BOMBA DIREÇÃO;0;;
292;0486;14.71.0172;0486;14.71.0172;CATEGORIA0;;1;1;0;1;;CASCO BOMBA DIREÇÃO;CASCO BOMBA DIREÇÃO;0;;
292;0486;14.71.0174;0486;14.71.0174;CATEGORIA0;;1;1;0;1;;CASCO BOMBA DIREÇÃO;CASCO BOMBA DIREÇÃO;0;;
292;0486;14.71.0175;0486;14.71.0175;CATEGORIA0;;1;1;0;1;;CASCO BOMBA DIREÇÃO;CASCO BOMBA DIREÇÃO;0;;
292;0486;14.71.0180;0486;14.71.0180;CATEGORIA0;;1;1;0;1;;CASCO BOMBA DIREÇÃO;CASCO BOMBA DIREÇÃO;0;;
292;0486;14.71.0185;0486;14.71.0185;CATEGORIA0;;1;1;0;1;;CASCO BOMBA DIREÇÃO;CASCO BOMBA DIREÇÃO;0;;
292;0486;14.71.0186;0486;14.71.0186;CATEGORIA0;;1;1;0;1;;CASCO BOMBA DIREÇÃO;CASCO BOMBA DIREÇÃO;0;;
292;0486;14.71.0187;0486;14.71.0187;CATEGORIA0;;1;1;0;1;;CASCO BOMBA DIREÇÃO;CASCO BOMBA DIREÇÃO;0;;
292;0486;14.71.0190;0486;14.71.0190;CATEGORIA0;;1;1;0;1;;CASCO BOMBA DIREÇÃO;CASCO BOMBA DIREÇÃO;0;;
292;0486;14.71.0192;0486;14.71.0192;CATEGORIA0;;1;1;0;1;;CASCO BOMBA DIREÇÃO;CASCO BOMBA DIREÇÃO;0;;
292;0486;14.71.0194;0486;14.71.0194;CATEGORIA0;;1;1;0;1;;CASCO BOMBA DIREÇÃO;CASCO BOMBA DIREÇÃO;0;;
292;0486;14.71.0195;0486;14.71.0195;CATEGORIA0;;1;1;0;1;;CASCO BOMBA DIREÇÃO;CASCO BOMBA DIREÇÃO;0;;
292;0486;14.71.0196;0486;14.71.0196;CATEGORIA0;;1;1;0;1;;CASCO BOMBA DIREÇÃO;CASCO BOMBA DIREÇÃO;0;;
292;0486;14.72.0100;0486;14.72.0100;CATEGORIA0;;1;1;0;1;;CASCO BOMBA DIREÇÃO;CASCO BOMBA DIREÇÃO;0;;
292;0486;14.75.0100;0486;14.75.0100;CATEGORIA0;;1;1;0;1;;CASCO BOMBA DIREÇÃO;CASCO BOMBA DIREÇÃO;0;;
292;0486;14.75.0101-1;0486;14.75.0101-1;CATEGORIA0;;1;1;0;1;;CASCO BOMBA DIREÇÃO;CASCO BOMBA DIREÇÃO;0;;
292;0486;14.75.0102;0486;14.75.0102;CATEGORIA0;;1;1;0;1;;CASCO BOMBA DIREÇÃO;CASCO BOMBA DIREÇÃO;0;;
292;0486;14.75.0103-1;0486;14.75.0103-1;CATEGORIA0;;1;1;0;1;;CASCO BOMBA DIREÇÃO;CASCO BOMBA DIREÇÃO;0;;
292;0486;14.75.0104;0486;14.75.0104;CATEGORIA0;;1;1;0;1;;CASCO BOMBA DIREÇÃO;CASCO BOMBA DIREÇÃO;0;;
292;0486;14.75.0104-1;0486;14.75.0104-1;CATEGORIA0;;1;1;0;1;;CASCO BOMBA DIREÇÃO;CASCO BOMBA DIREÇÃO;0;;
292;0486;14.75.0105-1;0486;14.75.0105-1;CATEGORIA0;;1;1;0;1;;CASCO BOMBA DIREÇÃO;CASCO BOMBA DIREÇÃO;0;;
292;0486;14.75.0106-1;0486;14.75.0106-1;CATEGORIA0;;1;1;0;1;;CASCO BOMBA DIREÇÃO;CASCO BOMBA DIREÇÃO;0;;
292;0486;14.75.0107-1;0486;14.75.0107-1;CATEGORIA0;;1;1;0;1;;CASCO BOMBA DIREÇÃO;CASCO BOMBA DIREÇÃO;0;;
292;0486;14.75.0108-1;0486;14.75.0108-1;CATEGORIA0;;1;1;0;1;;CASCO BOMBA DIREÇÃO;CASCO BOMBA DIREÇÃO;0;;
292;0486;14.75.0109-1;0486;14.75.0109-1;CATEGORIA0;;1;1;0;1;;CASCO BOMBA DIREÇÃO;CASCO BOMBA DIREÇÃO;0;;
292;0486;14.75.0110;0486;14.75.0110;CATEGORIA0;;1;1;0;1;;CASCO BOMBA DIREÇÃO;CASCO BOMBA DIREÇÃO;0;;
292;0486;14.75.0111-1;0486;14.75.0111-1;CATEGORIA0;;1;1;0;1;;CASCO BOMBA DIREÇÃO;CASCO BOMBA DIREÇÃO;0;;
292;0486;14.75.0112;0486;14.75.0112;CATEGORIA0;;1;1;0;1;;CASCO BOMBA DIREÇÃO;CASCO BOMBA DIREÇÃO;0;;
292;0486;14.75.0113-1;0486;14.75.0113-1;CATEGORIA0;;1;1;0;1;;CASCO BOMBA DIREÇÃO;CASCO BOMBA DIREÇÃO;0;;
292;0486;14.75.0114;0486;14.75.0114;CATEGORIA0;;1;1;0;1;;CASCO BOMBA DIREÇÃO;CASCO BOMBA DIREÇÃO;0;;
292;0486;14.75.0115;0486;14.75.0115;CATEGORIA0;;1;1;0;1;;CASCO BOMBA DIREÇÃO;CASCO BOMBA DIREÇÃO;0;;
292;0486;14.75.0116-2;0486;14.75.0116-2;CATEGORIA0;;1;1;0;1;;CASCO BOMBA DIREÇÃO;CASCO BOMBA DIREÇÃO;0;;
292;0486;14.75.0117-1;0486;14.75.0117-1;CATEGORIA0;;1;1;0;1;;CASCO BOMBA DIREÇÃO;CASCO BOMBA DIREÇÃO;0;;
292;0486;14.75.0118-1;0486;14.75.0118-1;CATEGORIA0;;1;1;0;1;;CASCO BOMBA DIREÇÃO;CASCO BOMBA DIREÇÃO;0;;
292;0486;14.75.0119;0486;14.75.0119;CATEGORIA0;;1;1;0;1;;CASCO BOMBA DIREÇÃO;CASCO BOMBA DIREÇÃO;0;;
292;0486;14.75.0119-1;0486;14.75.0119-1;CATEGORIA0;;1;1;0;1;;CASCO BOMBA DIREÇÃO;CASCO BOMBA DIREÇÃO;0;;
292;0486;14.75.0125;0486;14.75.0125;CATEGORIA0;;1;1;0;1;;CASCO BOMBA DIREÇÃO;CASCO BOMBA DIREÇÃO;0;;
292;0486;14.75.0126;0486;14.75.0126;CATEGORIA0;;1;1;0;1;;CASCO BOMBA DIREÇÃO;CASCO BOMBA DIREÇÃO;0;;
292;0486;14.75.0126-1;0486;14.75.0126-1;CATEGORIA0;;1;1;0;1;;CASCO BOMBA DIREÇÃO;CASCO BOMBA DIREÇÃO;0;;
292;0486;14.75.0127-1;0486;14.75.0127-1;CATEGORIA0;;1;1;0;1;;CASCO BOMBA DIREÇÃO;CASCO BOMBA DIREÇÃO;0;;
292;0486;14.75.0128-1;0486;14.75.0128-1;CATEGORIA0;;1;1;0;1;;CASCO BOMBA DIREÇÃO;CASCO BOMBA DIREÇÃO;0;;
292;0486;14.75.0129;0486;14.75.0129;CATEGORIA0;;1;1;0;1;;CASCO BOMBA DIREÇÃO;CASCO BOMBA DIREÇÃO;0;;
292;0486;14.75.0130;0486;14.75.0130;CATEGORIA0;;1;1;0;1;;CASCO BOMBA DIREÇÃO;CASCO BOMBA DIREÇÃO;0;;
292;0486;14.75.0130-1;0486;14.75.0130-1;CATEGORIA0;;1;1;0;1;;CASCO BOMBA DIREÇÃO;CASCO BOMBA DIREÇÃO;0;;
292;0486;14.75.0131;0486;14.75.0131;CATEGORIA0;;1;1;0;1;;CASCO BOMBA DIREÇÃO;CASCO BOMBA DIREÇÃO;0;;
292;0486;14.75.0132;0486;14.75.0132;CATEGORIA0;;1;1;0;1;;CASCO BOMBA DIREÇÃO;CASCO BOMBA DIREÇÃO;0;;
292;0486;14.75.0133;0486;14.75.0133;CATEGORIA0;;1;1;0;1;;CASCO BOMBA DIREÇÃO;CASCO BOMBA DIREÇÃO;0;;
292;0486;14.75.0134-1;0486;14.75.0134-1;CATEGORIA0;;1;1;0;1;;CASCO BOMBA DIREÇÃO;CASCO BOMBA DIREÇÃO;0;;
292;0486;14.75.0135;0486;14.75.0135;CATEGORIA0;;1;1;0;1;;CASCO BOMBA DIREÇÃO;CASCO BOMBA DIREÇÃO;0;;
292;0486;14.75.0137-1;0486;14.75.0137-1;CATEGORIA0;;1;1;0;1;;CASCO BOMBA DIREÇÃO;CASCO BOMBA DIREÇÃO;0;;
292;0486;14.75.0138;0486;14.75.0138;CATEGORIA0;;1;1;0;1;;CASCO BOMBA DIREÇÃO;CASCO BOMBA DIREÇÃO;0;;
292;0486;14.75.0139-1;0486;14.75.0139-1;CATEGORIA0;;1;1;0;1;;CASCO BOMBA DIREÇÃO;CASCO BOMBA DIREÇÃO;0;;
292;0486;14.75.0140;0486;14.75.0140;CATEGORIA0;;1;1;0;1;;CASCO BOMBA DIREÇÃO;CASCO BOMBA DIREÇÃO;0;;
292;0486;14.75.0141-1;0486;14.75.0141-1;CATEGORIA0;;1;1;0;1;;CASCO BOMBA DIREÇÃO;CASCO BOMBA DIREÇÃO;0;;
292;0486;14.75.0142-1;0486;14.75.0142-1;CATEGORIA0;;1;1;0;1;;CASCO BOMBA DIREÇÃO;CASCO BOMBA DIREÇÃO;0;;
292;0486;14.75.0143-1;0486;14.75.0143-1;CATEGORIA0;;1;1;0;1;;CASCO BOMBA DIREÇÃO;CASCO BOMBA DIREÇÃO;0;;
292;0486;14.75.0144-1;0486;14.75.0144-1;CATEGORIA0;;1;1;0;1;;CASCO BOMBA DIREÇÃO;CASCO BOMBA DIREÇÃO;0;;
292;0486;14.75.0145-1;0486;14.75.0145-1;CATEGORIA0;;1;1;0;1;;CASCO BOMBA DIREÇÃO;CASCO BOMBA DIREÇÃO;0;;
292;0486;14.75.0146-1;0486;14.75.0146-1;CATEGORIA0;;1;1;0;1;;CASCO BOMBA DIREÇÃO;CASCO BOMBA DIREÇÃO;0;;
292;0486;14.75.0147;0486;14.75.0147;CATEGORIA0;;1;1;0;1;;CASCO BOMBA DIREÇÃO;CASCO BOMBA DIREÇÃO;0;;
292;0486;14.75.0201;0486;14.75.0201;CATEGORIA0;;1;1;0;1;;CASCO BOMBA DIREÇÃO;CASCO BOMBA DIREÇÃO;0;;
292;0486;14.75.0202-1;0486;14.75.0202-1;CATEGORIA0;;1;1;0;1;;CASCO BOMBA DIREÇÃO;CASCO BOMBA DIREÇÃO;0;;
292;0486;14.75.0210-1;0486;14.75.0210-1;CATEGORIA0;;1;1;0;1;;CASCO BOMBA DIREÇÃO;CASCO BOMBA DIREÇÃO;0;;
292;0486;14.75.0300;0486;14.75.0300;CATEGORIA0;;1;1;0;1;;CASCO BOMBA DIREÇÃO;CASCO BOMBA DIREÇÃO;0;;
292;0486;14.75.0303;0486;14.75.0303;CATEGORIA0;;1;1;0;1;;CASCO BOMBA DIREÇÃO;CASCO BOMBA DIREÇÃO;0;;
292;0486;14.75.0304;0486;14.75.0304;CATEGORIA0;;1;1;0;1;;CASCO BOMBA DIREÇÃO;CASCO BOMBA DIREÇÃO;0;;
292;0486;14.75.0305-1;0486;14.75.0305-1;CATEGORIA0;;1;1;0;1;;CASCO BOMBA DIREÇÃO;CASCO BOMBA DIREÇÃO;0;;
292;0486;14.75.0306-1;0486;14.75.0306-1;CATEGORIA0;;1;1;0;1;;CASCO BOMBA DIREÇÃO;CASCO BOMBA DIREÇÃO;0;;
292;0486;14.75.0307-1;0486;14.75.0307-1;CATEGORIA0;;1;1;0;1;;CASCO BOMBA DIREÇÃO;CASCO BOMBA DIREÇÃO;0;;
292;0486;14.75.0310;0486;14.75.0310;CATEGORIA0;;1;1;0;1;;CASCO BOMBA DIREÇÃO;CASCO BOMBA DIREÇÃO;0;;
292;0486;14.75.0310-1;0486;14.75.0310-1;CATEGORIA0;;1;1;0;1;;CASCO BOMBA DIREÇÃO;CASCO BOMBA DIREÇÃO;0;;
292;0486;14.75.0315-1;0486;14.75.0315-1;CATEGORIA0;;1;1;0;1;;CASCO BOMBA DIREÇÃO;CASCO BOMBA DIREÇÃO;0;;
292;0486;14.75.0350-1;0486;14.75.0350-1;CATEGORIA0;;1;1;0;1;;CASCO BOMBA DIREÇÃO;CASCO BOMBA DIREÇÃO;0;;
292;0486;14.75.0400;0486;14.75.0400;CATEGORIA0;;1;1;0;1;;CASCO BOMBA DIREÇÃO;CASCO BOMBA DIREÇÃO;0;;
292;0486;14.75.0505;0486;14.75.0505;CATEGORIA0;;1;1;0;1;;CASCO BOMBA DIREÇÃO;CASCO BOMBA DIREÇÃO;0;;
292;0486;14.75.0507;0486;14.75.0507;CATEGORIA0;;1;1;0;1;;CASCO BOMBA DIREÇÃO;CASCO BOMBA DIREÇÃO;0;;
292;0486;14.75.0508;0486;14.75.0508;CATEGORIA0;;1;1;0;1;;CASCO BOMBA DIREÇÃO;CASCO BOMBA DIREÇÃO;0;;
292;0486;14.75.0510;0486;14.75.0510;CATEGORIA0;;1;1;0;1;;CASCO BOMBA DIREÇÃO;CASCO BOMBA DIREÇÃO;0;;
292;0486;14.75.0511;0486;14.75.0511;CATEGORIA0;;1;1;0;1;;CASCO BOMBA DIREÇÃO;CASCO BOMBA DIREÇÃO;0;;
292;0486;14.75.0512-1;0486;14.75.0512-1;CATEGORIA0;;1;1;0;1;;CASCO BOMBA DIREÇÃO;CASCO BOMBA DIREÇÃO;0;;
292;0486;14.75.0514-1;0486;14.75.0514-1;CATEGORIA0;;1;1;0;1;;CASCO BOMBA DIREÇÃO;CASCO BOMBA DIREÇÃO;0;;
292;0486;14.75.0515;0486;14.75.0515;CATEGORIA0;;1;1;0;1;;CASCO BOMBA DIREÇÃO;CASCO BOMBA DIREÇÃO;0;;
292;0486;14.75.0516-1;0486;14.75.0516-1;CATEGORIA0;;1;1;0;1;;CASCO BOMBA DIREÇÃO;CASCO BOMBA DIREÇÃO;0;;
292;0486;14.75.0518;0486;14.75.0518;CATEGORIA0;;1;1;0;1;;CASCO BOMBA DIREÇÃO;CASCO BOMBA DIREÇÃO;0;;
292;0486;14.75.0520;0486;14.75.0520;CATEGORIA0;;1;1;0;1;;CASCO BOMBA DIREÇÃO;CASCO BOMBA DIREÇÃO;0;;
292;0486;14.75.0525;0486;14.75.0525;CATEGORIA0;;1;1;0;1;;CASCO BOMBA DIREÇÃO;CASCO BOMBA DIREÇÃO;0;;
292;0486;14.75.0526;0486;14.75.0526;CATEGORIA0;;1;1;0;1;;CASCO BOMBA DIREÇÃO;CASCO BOMBA DIREÇÃO;0;;
292;0486;14.75.0527;0486;14.75.0527;CATEGORIA0;;1;1;0;1;;CASCO BOMBA DIREÇÃO;CASCO BOMBA DIREÇÃO;0;;
292;0486;14.75.0528;0486;14.75.0528;CATEGORIA0;;1;1;0;1;;CASCO BOMBA DIREÇÃO;CASCO BOMBA DIREÇÃO;0;;
292;0486;14.75.0529;0486;14.75.0529;CATEGORIA0;;1;1;0;1;;CASCO BOMBA DIREÇÃO;CASCO BOMBA DIREÇÃO;0;;
292;0486;14.75.0530;0486;14.75.0530;CATEGORIA0;;1;1;0;1;;CASCO BOMBA DIREÇÃO;CASCO BOMBA DIREÇÃO;0;;
292;0486;14.75.0540;0486;14.75.0540;CATEGORIA0;;1;1;0;1;;CASCO BOMBA DIREÇÃO;CASCO BOMBA DIREÇÃO;0;;
292;0486;14.75.0601;0486;14.75.0601;CATEGORIA0;;1;1;0;1;;CASCO BOMBA DIREÇÃO;CASCO BOMBA DIREÇÃO;0;;
292;0486;14.75.0700;0486;14.75.0700;CATEGORIA0;;1;1;0;1;;CASCO BOMBA DIREÇÃO;CASCO BOMBA DIREÇÃO;0;;
292;0486;14.75.0720-1;0486;14.75.0720-1;CATEGORIA0;;1;1;0;1;;CASCO BOMBA DIREÇÃO;CASCO BOMBA DIREÇÃO;0;;
292;0486;14.75.0747-1;0486;14.75.0747-1;CATEGORIA0;;1;1;0;1;;CASCO BOMBA DIREÇÃO;CASCO BOMBA DIREÇÃO;0;;
292;0486;14.75.0750;0486;14.75.0750;CATEGORIA0;;1;1;0;1;;CASCO BOMBA DIREÇÃO;CASCO BOMBA DIREÇÃO;0;;
292;0486;14.75.0800;0486;14.75.0800;CATEGORIA0;;1;1;0;1;;CASCO BOMBA DIREÇÃO;CASCO BOMBA DIREÇÃO;0;;
292;0486;14.75.0805-1;0486;14.75.0805-1;CATEGORIA0;;1;1;0;1;;CASCO BOMBA DIREÇÃO;CASCO BOMBA DIREÇÃO;0;;
292;0486;14.75.0810-1;0486;14.75.0810-1;CATEGORIA0;;1;1;0;1;;CASCO BOMBA DIREÇÃO;CASCO BOMBA DIREÇÃO;0;;
292;0486;14.75.0812-1;0486;14.75.0812-1;CATEGORIA0;;1;1;0;1;;CASCO BOMBA DIREÇÃO;CASCO BOMBA DIREÇÃO;0;;
292;0486;14.75.0815;0486;14.75.0815;CATEGORIA0;;1;1;0;1;;CASCO BOMBA DIREÇÃO;CASCO BOMBA DIREÇÃO;0;;
292;0486;14.75.0820;0486;14.75.0820;CATEGORIA0;;1;1;0;1;;CASCO BOMBA DIREÇÃO;CASCO BOMBA DIREÇÃO;0;;
292;0486;14.75.0900;0486;14.75.0900;CATEGORIA0;;1;1;0;1;;CASCO BOMBA DIREÇÃO;CASCO BOMBA DIREÇÃO;0;;
292;0486;14.75.0950;0486;14.75.0950;CATEGORIA0;;1;1;0;1;;CASCO BOMBA DIREÇÃO;CASCO BOMBA DIREÇÃO;0;;
292;0486;14.75.0960-1;0486;14.75.0960-1;CATEGORIA0;;1;1;0;1;;CASCO BOMBA DIREÇÃO;CASCO BOMBA DIREÇÃO;0;;
292;0486;14.75.1100;0486;14.75.1100;CATEGORIA0;;1;1;0;1;;CASCO BOMBA DIREÇÃO;CASCO BOMBA DIREÇÃO;0;;
292;0486;14.75.1105;0486;14.75.1105;CATEGORIA0;;1;1;0;1;;CASCO BOMBA DIREÇÃO;CASCO BOMBA DIREÇÃO;0;;
292;0486;14.75.1110-1;0486;14.75.1110-1;CATEGORIA0;;1;1;0;1;;CASCO BOMBA DIREÇÃO;CASCO BOMBA DIREÇÃO;0;;
292;0486;14.75.1115-1;0486;14.75.1115-1;CATEGORIA0;;1;1;0;1;;CASCO BOMBA DIREÇÃO;CASCO BOMBA DIREÇÃO;0;;
292;0486;14.75.1120;0486;14.75.1120;CATEGORIA0;;1;1;0;1;;CASCO BOMBA DIREÇÃO;CASCO BOMBA DIREÇÃO;0;;
292;0486;14.75.1125-1;0486;14.75.1125-1;CATEGORIA0;;1;1;0;1;;CASCO BOMBA DIREÇÃO;CASCO BOMBA DIREÇÃO;0;;
292;0486;14.75.1200;0486;14.75.1200;CATEGORIA0;;1;1;0;1;;CASCO BOMBA DIREÇÃO;CASCO BOMBA DIREÇÃO;0;;
292;0486;14.75.1200-1;0486;14.75.1200-1;CATEGORIA0;;1;1;0;1;;CASCO BOMBA DIREÇÃO;CASCO BOMBA DIREÇÃO;0;;
292;0486;14.75.1202;0486;14.75.1202;CATEGORIA0;;1;1;0;1;;CASCO BOMBA DIREÇÃO;CASCO BOMBA DIREÇÃO;0;;
292;0486;14.75.1205-1;0486;14.75.1205-1;CATEGORIA0;;1;1;0;1;;CASCO BOMBA DIREÇÃO;CASCO BOMBA DIREÇÃO;0;;
292;0486;14.75.1210-1;0486;14.75.1210-1;CATEGORIA0;;1;1;0;1;;CASCO BOMBA DIREÇÃO;CASCO BOMBA DIREÇÃO;0;;
292;0486;14.75.1215;0486;14.75.1215;CATEGORIA0;;1;1;0;1;;CASCO BOMBA DIREÇÃO;CASCO BOMBA DIREÇÃO;0;;
292;0486;14.75.1220-1;0486;14.75.1220-1;CATEGORIA0;;1;1;0;1;;CASCO BOMBA DIREÇÃO;CASCO BOMBA DIREÇÃO;0;;
292;0486;14.75.1230-1;0486;14.75.1230-1;CATEGORIA0;;1;1;0;1;;CASCO BOMBA DIREÇÃO;CASCO BOMBA DIREÇÃO;0;;
292;0486;14.75.1240;0486;14.75.1240;CATEGORIA0;;1;1;0;1;;CASCO BOMBA DIREÇÃO;CASCO BOMBA DIREÇÃO;0;;
292;0486;14.75.1500;0486;14.75.1500;CATEGORIA0;;1;1;0;1;;CASCO BOMBA DIREÇÃO;CASCO BOMBA DIREÇÃO;0;;
292;0486;14.75.1500-2;0486;14.75.1500-2;CATEGORIA0;;1;1;0;1;;CASCO BOMBA DIREÇÃO;CASCO BOMBA DIREÇÃO;0;;
292;0486;14.75.1501-1;0486;14.75.1501-1;CATEGORIA0;;1;1;0;1;;CASCO BOMBA DIREÇÃO;CASCO BOMBA DIREÇÃO;0;;
292;0486;14.75.1502-1;0486;14.75.1502-1;CATEGORIA0;;1;1;0;1;;CASCO BOMBA DIREÇÃO;CASCO BOMBA DIREÇÃO;0;;
292;0486;14.75.1504-1;0486;14.75.1504-1;CATEGORIA0;;1;1;0;1;;CASCO BOMBA DIREÇÃO;CASCO BOMBA DIREÇÃO;0;;
292;0486;14.75.1505-1;0486;14.75.1505-1;CATEGORIA0;;1;1;0;1;;CASCO BOMBA DIREÇÃO;CASCO BOMBA DIREÇÃO;0;;
292;0486;14.75.1506-1;0486;14.75.1506-1;CATEGORIA0;;1;1;0;1;;CASCO BOMBA DIREÇÃO;CASCO BOMBA DIREÇÃO;0;;
292;0486;14.75.1507-1;0486;14.75.1507-1;CATEGORIA0;;1;1;0;1;;CASCO BOMBA DIREÇÃO;CASCO BOMBA DIREÇÃO;0;;
292;0486;14.75.1508-1;0486;14.75.1508-1;CATEGORIA0;;1;1;0;1;;CASCO BOMBA DIREÇÃO;CASCO BOMBA DIREÇÃO;0;;
292;0486;14.75.1509-1;0486;14.75.1509-1;CATEGORIA0;;1;1;0;1;;CASCO BOMBA DIREÇÃO;CASCO BOMBA DIREÇÃO;0;;
292;0486;14.75.1510-1;0486;14.75.1510-1;CATEGORIA0;;1;1;0;1;;CASCO BOMBA DIREÇÃO;CASCO BOMBA DIREÇÃO;0;;
292;0486;14.75.1511-1;0486;14.75.1511-1;CATEGORIA0;;1;1;0;1;;CASCO BOMBA DIREÇÃO;CASCO BOMBA DIREÇÃO;0;;
292;0486;14.75.1512-1;0486;14.75.1512-1;CATEGORIA0;;1;1;0;1;;CASCO BOMBA DIREÇÃO;CASCO BOMBA DIREÇÃO;0;;
292;0486;14.75.1513-1;0486;14.75.1513-1;CATEGORIA0;;1;1;0;1;;CASCO BOMBA DIREÇÃO;CASCO BOMBA DIREÇÃO;0;;
292;0486;14.75.1514;0486;14.75.1514;CATEGORIA0;;1;1;0;1;;CASCO BOMBA DIREÇÃO;CASCO BOMBA DIREÇÃO;0;;
292;0486;14.75.1515-1;0486;14.75.1515-1;CATEGORIA0;;1;1;0;1;;CASCO BOMBA DIREÇÃO;CASCO BOMBA DIREÇÃO;0;;
292;0486;14.75.1517-1;0486;14.75.1517-1;CATEGORIA0;;1;1;0;1;;CASCO BOMBA DIREÇÃO;CASCO BOMBA DIREÇÃO;0;;
292;0486;14.75.1518-1;0486;14.75.1518-1;CATEGORIA0;;1;1;0;1;;CASCO BOMBA DIREÇÃO;CASCO BOMBA DIREÇÃO;0;;
292;0486;14.75.1520-1;0486;14.75.1520-1;CATEGORIA0;;1;1;0;1;;CASCO BOMBA DIREÇÃO;CASCO BOMBA DIREÇÃO;0;;
292;0486;14.75.1520-2;0486;14.75.1520-2;CATEGORIA0;;1;1;0;1;;CASCO BOMBA DIREÇÃO;CASCO BOMBA DIREÇÃO;0;;
292;0486;14.75.1550-1;0486;14.75.1550-1;CATEGORIA0;;1;1;0;1;;CASCO BOMBA DIREÇÃO;CASCO BOMBA DIREÇÃO;0;;
292;0486;14.75.1550-2;0486;14.75.1550-2;CATEGORIA0;;1;1;0;1;;CASCO BOMBA DIREÇÃO;CASCO BOMBA DIREÇÃO;0;;
292;0486;14.75.1560-2;0486;14.75.1560-2;CATEGORIA0;;1;1;0;1;;CASCO BOMBA DIREÇÃO;CASCO BOMBA DIREÇÃO;0;;
292;0486;14.75.1620;0486;14.75.1620;CATEGORIA0;;1;1;0;1;;CASCO BOMBA DIREÇÃO;CASCO BOMBA DIREÇÃO;0;;
292;0486;14.75.1650-1;0486;14.75.1650-1;CATEGORIA0;;1;1;0;1;;CASCO BOMBA DIREÇÃO;CASCO BOMBA DIREÇÃO;0;;
292;0486;14.75.1700;0486;14.75.1700;CATEGORIA0;;1;1;0;1;;CASCO BOMBA DIREÇÃO;CASCO BOMBA DIREÇÃO;0;;
292;0486;14.75.1702;0486;14.75.1702;CATEGORIA0;;1;1;0;1;;CASCO BOMBA DIREÇÃO;CASCO BOMBA DIREÇÃO;0;;
292;0486;14.75.1705;0486;14.75.1705;CATEGORIA0;;1;1;0;1;;CASCO BOMBA DIREÇÃO;CASCO BOMBA DIREÇÃO;0;;
292;0486;14.75.1710;0486;14.75.1710;CATEGORIA0;;1;1;0;1;;CASCO BOMBA DIREÇÃO;CASCO BOMBA DIREÇÃO;0;;
292;0486;14.75.1750;0486;14.75.1750;CATEGORIA0;;1;1;0;1;;CASCO BOMBA DIREÇÃO;CASCO BOMBA DIREÇÃO;0;;
292;0486;14.75.1800;0486;14.75.1800;CATEGORIA0;;1;1;0;1;;CASCO BOMBA DIREÇÃO;CASCO BOMBA DIREÇÃO;0;;
292;0486;14.75.2000-1;0486;14.75.2000-1;CATEGORIA0;;1;1;0;1;;CASCO BOMBA DIREÇÃO;CASCO BOMBA DIREÇÃO;0;;
292;0486;14.75.2050-1;0486;14.75.2050-1;CATEGORIA0;;1;1;0;1;;CASCO BOMBA DIREÇÃO;CASCO BOMBA DIREÇÃO;0;;
292;0486;14.76.0100;0486;14.76.0100;CATEGORIA0;;1;1;0;1;;CASCO BOMBA DIREÇÃO;CASCO BOMBA DIREÇÃO;0;;
292;0486;14.76.0100-1;0486;14.76.0100-1;CATEGORIA0;;1;1;0;1;;CASCO BOMBA DIREÇÃO;CASCO BOMBA DIREÇÃO;0;;
292;0486;14.76.0101-1;0486;14.76.0101-1;CATEGORIA0;;1;1;0;1;;CASCO BOMBA DIREÇÃO;CASCO BOMBA DIREÇÃO;0;;
292;0486;14.76.0102-1;0486;14.76.0102-1;CATEGORIA0;;1;1;0;1;;CASCO BOMBA DIREÇÃO;CASCO BOMBA DIREÇÃO;0;;
292;0486;14.76.0103-1;0486;14.76.0103-1;CATEGORIA0;;1;1;0;1;;CASCO BOMBA DIREÇÃO;CASCO BOMBA DIREÇÃO;0;;
292;0486;14.76.0104-1;0486;14.76.0104-1;CATEGORIA0;;1;1;0;1;;CASCO BOMBA DIREÇÃO;CASCO BOMBA DIREÇÃO;0;;
292;0486;14.76.0105-1;0486;14.76.0105-1;CATEGORIA0;;1;1;0;1;;CASCO BOMBA DIREÇÃO;CASCO BOMBA DIREÇÃO;0;;
292;0486;14.76.0106-1;0486;14.76.0106-1;CATEGORIA0;;1;1;0;1;;CASCO BOMBA DIREÇÃO;CASCO BOMBA DIREÇÃO;0;;
292;0486;14.76.0107-1;0486;14.76.0107-1;CATEGORIA0;;1;1;0;1;;CASCO BOMBA DIREÇÃO;CASCO BOMBA DIREÇÃO;0;;
292;0486;14.76.0108-1;0486;14.76.0108-1;CATEGORIA0;;1;1;0;1;;CASCO BOMBA DIREÇÃO;CASCO BOMBA DIREÇÃO;0;;
292;0486;14.76.0200-2;0486;14.76.0200-2;CATEGORIA0;;1;1;0;1;;CASCO BOMBA DIREÇÃO;CASCO BOMBA DIREÇÃO;0;;
292;0486;14.76.0250;0486;14.76.0250;CATEGORIA0;;1;1;0;1;;CASCO BOMBA DIREÇÃO;CASCO BOMBA DIREÇÃO;0;;
292;0486;14.76.0250-1;0486;14.76.0250-1;CATEGORIA0;;1;1;0;1;;CASCO BOMBA DIREÇÃO;CASCO BOMBA DIREÇÃO;0;;
292;0486;14.76.0255-1;0486;14.76.0255-1;CATEGORIA0;;1;1;0;1;;CASCO BOMBA DIREÇÃO;CASCO BOMBA DIREÇÃO;0;;
292;0486;14.76.0260-1;0486;14.76.0260-1;CATEGORIA0;;1;1;0;1;;CASCO BOMBA DIREÇÃO;CASCO BOMBA DIREÇÃO;0;;
292;0486;14.76.0300;0486;14.76.0300;CATEGORIA0;;1;1;0;1;;CASCO BOMBA DIREÇÃO;CASCO BOMBA DIREÇÃO;0;;
292;0486;14.76.0300-1;0486;14.76.0300-1;CATEGORIA0;;1;1;0;1;;CASCO BOMBA DIREÇÃO;CASCO BOMBA DIREÇÃO;0;;
292;0486;14.76.0400-1;0486;14.76.0400-1;CATEGORIA0;;1;1;0;1;;CASCO BOMBA DIREÇÃO;CASCO BOMBA DIREÇÃO;0;;
292;0486;14.76.0400-2;0486;14.76.0400-2;CATEGORIA0;;1;1;0;1;;CASCO BOMBA DIREÇÃO;CASCO BOMBA DIREÇÃO;0;;
292;0486;14.76.0410-1;0486;14.76.0410-1;CATEGORIA0;;1;1;0;1;;CASCO BOMBA DIREÇÃO;CASCO BOMBA DIREÇÃO;0;;
292;0486;14.76.0420;0486;14.76.0420;CATEGORIA0;;1;1;0;1;;CASCO BOMBA DIREÇÃO;CASCO BOMBA DIREÇÃO;0;;
292;0486;14.76.0440;0486;14.76.0440;CATEGORIA0;;1;1;0;1;;CASCO BOMBA DIREÇÃO;CASCO BOMBA DIREÇÃO;0;;
292;0486;14.76.0440-1;0486;14.76.0440-1;CATEGORIA0;;1;1;0;1;;CASCO BOMBA DIREÇÃO;CASCO BOMBA DIREÇÃO;0;;
292;0486;14.76.0441-1;0486;14.76.0441-1;CATEGORIA0;;1;1;0;1;;CASCO BOMBA DIREÇÃO;CASCO BOMBA DIREÇÃO;0;;
292;0486;14.76.0442-1;0486;14.76.0442-1;CATEGORIA0;;1;1;0;1;;CASCO BOMBA DIREÇÃO;CASCO BOMBA DIREÇÃO;0;;
292;0486;14.76.0445-1;0486;14.76.0445-1;CATEGORIA0;;1;1;0;1;;CASCO BOMBA DIREÇÃO;CASCO BOMBA DIREÇÃO;0;;
292;0486;14.76.0450-1;0486;14.76.0450-1;CATEGORIA0;;1;1;0;1;;CASCO BOMBA DIREÇÃO;CASCO BOMBA DIREÇÃO;0;;
292;0486;14.76.0450-3;0486;14.76.0450-3;CATEGORIA0;;1;1;0;1;;CASCO BOMBA DIREÇÃO;CASCO BOMBA DIREÇÃO;0;;
292;0486;14.76.0455-1;0486;14.76.0455-1;CATEGORIA0;;1;1;0;1;;CASCO BOMBA DIREÇÃO;CASCO BOMBA DIREÇÃO;0;;
292;0486;14.76.0460-1;0486;14.76.0460-1;CATEGORIA0;;1;1;0;1;;CASCO BOMBA DIREÇÃO;CASCO BOMBA DIREÇÃO;0;;
292;0486;14.76.0500;0486;14.76.0500;CATEGORIA0;;1;1;0;1;;CASCO BOMBA DIREÇÃO;CASCO BOMBA DIREÇÃO;0;;
292;0486;14.76.0590-1;0486;14.76.0590-1;CATEGORIA0;;1;1;0;1;;CASCO BOMBA DIREÇÃO;CASCO BOMBA DIREÇÃO;0;;
292;0486;14.76.0600;0486;14.76.0600;CATEGORIA0;;1;1;0;1;;CASCO BOMBA DIREÇÃO;CASCO BOMBA DIREÇÃO;0;;
292;0486;14.76.0602;0486;14.76.0602;CATEGORIA0;;1;1;0;1;;CASCO BOMBA DIREÇÃO;CASCO BOMBA DIREÇÃO;0;;
292;0486;14.76.0603-1;0486;14.76.0603-1;CATEGORIA0;;1;1;0;1;;CASCO BOMBA DIREÇÃO;CASCO BOMBA DIREÇÃO;0;;
292;0486;14.76.0604-1;0486;14.76.0604-1;CATEGORIA0;;1;1;0;1;;CASCO BOMBA DIREÇÃO;CASCO BOMBA DIREÇÃO;0;;
292;0486;14.76.0605;0486;14.76.0605;CATEGORIA0;;1;1;0;1;;CASCO BOMBA DIREÇÃO;CASCO BOMBA DIREÇÃO;0;;
292;0486;14.76.0606-1;0486;14.76.0606-1;CATEGORIA0;;1;1;0;1;;CASCO BOMBA DIREÇÃO;CASCO BOMBA DIREÇÃO;0;;
292;0486;14.76.0607-1;0486;14.76.0607-1;CATEGORIA0;;1;1;0;1;;CASCO BOMBA DIREÇÃO;CASCO BOMBA DIREÇÃO;0;;
292;0486;14.76.0608-1;0486;14.76.0608-1;CATEGORIA0;;1;1;0;1;;CASCO BOMBA DIREÇÃO;CASCO BOMBA DIREÇÃO;0;;
292;0486;14.76.0609-1;0486;14.76.0609-1;CATEGORIA0;;1;1;0;1;;CASCO BOMBA DIREÇÃO;CASCO BOMBA DIREÇÃO;0;;
292;0486;14.76.0610;0486;14.76.0610;CATEGORIA0;;1;1;0;1;;CASCO BOMBA DIREÇÃO;CASCO BOMBA DIREÇÃO;0;;
292;0486;14.76.0611-1;0486;14.76.0611-1;CATEGORIA0;;1;1;0;1;;CASCO BOMBA DIREÇÃO;CASCO BOMBA DIREÇÃO;0;;
292;0486;14.76.0612-1;0486;14.76.0612-1;CATEGORIA0;;1;1;0;1;;CASCO BOMBA DIREÇÃO;CASCO BOMBA DIREÇÃO;0;;