161;1606.1;GDB3298;1606.1;GDB3298;CATEGORIA0;;1;1;0;1;;PASTILHAS TRAVÃO TRW;PASTILHAS TRAVÃO TRW;0;;
161;1606.1;GDB3299;1606.1;GDB3299;CATEGORIA0;;1;1;0;1;;PASTILHAS TRAVÃO TRW;PASTILHAS TRAVÃO TRW;0;;
161;1606.1;GDB3300;1606.1;GDB3300;CATEGORIA0;;1;1;0;1;;PASTILHAS TRAVÃO TRW;PASTILHAS TRAVÃO TRW;0;;
161;1606.1;GDB3301;1606.1;GDB3301;CATEGORIA0;;1;1;0;1;;PASTILHAS TRAVÃO TRW;PASTILHAS TRAVÃO TRW;0;;
161;1606.1;GDB3302;1606.1;GDB3302;CATEGORIA0;;1;1;0;1;;PASTILHAS TRAVÃO TRW;PASTILHAS TRAVÃO TRW;0;;
161;1606.1;GDB3303;1606.1;GDB3303;CATEGORIA0;;1;1;0;1;;PASTILHAS TRAVÃO TRW;PASTILHAS TRAVÃO TRW;0;;
161;1606.1;GDB3304;1606.1;GDB3304;CATEGORIA0;;1;1;0;1;;PASTILHAS TRAVÃO TRW;PASTILHAS TRAVÃO TRW;0;;
161;1606.1;GDB3307;1606.1;GDB3307;CATEGORIA0;;1;1;0;1;;PASTILHAS TRAVÃO TRW;PASTILHAS TRAVÃO TRW;0;;
161;1606.1;GDB3308;1606.1;GDB3308;CATEGORIA0;;1;1;0;1;;PASTILHAS TRAVÃO TRW;PASTILHAS TRAVÃO TRW;0;;
161;1606.1;GDB3309;1606.1;GDB3309;CATEGORIA0;;1;1;0;1;;PASTILHAS TRAVÃO TRW;PASTILHAS TRAVÃO TRW;0;;
161;1606.1;GDB331;1606.1;GDB331;CATEGORIA0;;1;1;0;1;;PASTILHAS TRAVÃO TRW;PASTILHAS TRAVÃO TRW;0;;
161;1606.1;GDB3310;1606.1;GDB3310;CATEGORIA0;;1;1;0;1;;PASTILHAS TRAVÃO TRW;PASTILHAS TRAVÃO TRW;0;;
161;1606.1;GDB3311;1606.1;GDB3311;CATEGORIA0;;1;1;0;1;;PASTILHAS TRAVÃO TRW;PASTILHAS TRAVÃO TRW;0;;
161;1606.1;GDB3312;1606.1;GDB3312;CATEGORIA0;;1;1;0;1;;PASTILHAS TRAVÃO TRW;PASTILHAS TRAVÃO TRW;0;;
161;1606.1;GDB3313;1606.1;GDB3313;CATEGORIA0;;1;1;0;1;;PASTILHAS TRAVÃO TRW;PASTILHAS TRAVÃO TRW;0;;
161;1606.1;GDB3314;1606.1;GDB3314;CATEGORIA0;;1;1;0;1;;PASTILHAS TRAVÃO TRW;PASTILHAS TRAVÃO TRW;0;;
161;1606.1;GDB3315;1606.1;GDB3315;CATEGORIA0;;1;1;0;1;;PASTILHAS TRAVÃO TRW;PASTILHAS TRAVÃO TRW;0;;
161;1606.1;GDB3316;1606.1;GDB3316;CATEGORIA0;;1;1;0;1;;PASTILHAS TRAVÃO TRW;PASTILHAS TRAVÃO TRW;0;;
161;1606.1;GDB3317;1606.1;GDB3317;CATEGORIA0;;1;1;0;1;;PASTILHAS TRAVÃO TRW;PASTILHAS TRAVÃO TRW;0;;
161;1606.1;GDB3317BTE;1606.1;GDB3317BTE;CATEGORIA0;;1;1;0;1;;PASTILHAS TRAVÃO TRW;PASTILHAS TRAVÃO TRW;0;;
161;1606.1;GDB3318;1606.1;GDB3318;CATEGORIA0;;1;1;0;1;;PASTILHAS TRAVÃO TRW;PASTILHAS TRAVÃO TRW;0;;
161;1606.1;GDB3319;1606.1;GDB3319;CATEGORIA0;;1;1;0;1;;PASTILHAS TRAVÃO TRW;PASTILHAS TRAVÃO TRW;0;;
161;1606.1;GDB332;1606.1;GDB332;CATEGORIA0;;1;1;0;1;;PASTILHAS TRAVÃO TRW;PASTILHAS TRAVÃO TRW;0;;
161;1606.1;GDB3320;1606.1;GDB3320;CATEGORIA0;;1;1;0;1;;PASTILHAS TRAVÃO TRW;PASTILHAS TRAVÃO TRW;0;;
161;1606.1;GDB3321;1606.1;GDB3321;CATEGORIA0;;1;1;0;1;;PASTILHAS TRAVÃO TRW;PASTILHAS TRAVÃO TRW;0;;
161;1606.1;GDB3322;1606.1;GDB3322;CATEGORIA0;;1;1;0;1;;PASTILHAS TRAVÃO TRW;PASTILHAS TRAVÃO TRW;0;;
161;1606.1;GDB3323;1606.1;GDB3323;CATEGORIA0;;1;1;0;1;;PASTILHAS TRAVÃO TRW;PASTILHAS TRAVÃO TRW;0;;
161;1606.1;GDB3324;1606.1;GDB3324;CATEGORIA0;;1;1;0;1;;PASTILHAS TRAVÃO TRW;PASTILHAS TRAVÃO TRW;0;;
161;1606.1;GDB3325;1606.1;GDB3325;CATEGORIA0;;1;1;0;1;;PASTILHAS TRAVÃO TRW;PASTILHAS TRAVÃO TRW;0;;
161;1606.1;GDB3326;1606.1;GDB3326;CATEGORIA0;;1;1;0;1;;PASTILHAS TRAVÃO TRW;PASTILHAS TRAVÃO TRW;0;;
161;1606.1;GDB3328;1606.1;GDB3328;CATEGORIA0;;1;1;0;1;;PASTILHAS TRAVÃO TRW;PASTILHAS TRAVÃO TRW;0;;
161;1606.1;GDB3329;1606.1;GDB3329;CATEGORIA0;;1;1;0;1;;PASTILHAS TRAVÃO TRW;PASTILHAS TRAVÃO TRW;0;;
161;1606.1;GDB3330;1606.1;GDB3330;CATEGORIA0;;1;1;0;1;;PASTILHAS TRAVÃO TRW;PASTILHAS TRAVÃO TRW;0;;
161;1606.1;GDB3331;1606.1;GDB3331;CATEGORIA0;;1;1;0;1;;PASTILHAS TRAVÃO TRW;PASTILHAS TRAVÃO TRW;0;;
161;1606.1;GDB3332;1606.1;GDB3332;CATEGORIA0;;1;1;0;1;;PASTILHAS TRAVÃO TRW;PASTILHAS TRAVÃO TRW;0;;
161;1606.1;GDB3332BTE;1606.1;GDB3332BTE;CATEGORIA0;;1;1;0;1;;PASTILHAS TRAVÃO TRW;PASTILHAS TRAVÃO TRW;0;;
161;1606.1;GDB3332DTE;1606.1;GDB3332DTE;CATEGORIA0;;1;1;0;1;;PASTILHAS TRAVÃO TRW;PASTILHAS TRAVÃO TRW;0;;
161;1606.1;GDB3333;1606.1;GDB3333;CATEGORIA0;;1;1;0;1;;PASTILHAS TRAVÃO TRW;PASTILHAS TRAVÃO TRW;0;;
161;1606.1;GDB3334;1606.1;GDB3334;CATEGORIA0;;1;1;0;1;;PASTILHAS TRAVÃO TRW;PASTILHAS TRAVÃO TRW;0;;
161;1606.1;GDB3335;1606.1;GDB3335;CATEGORIA0;;1;1;0;1;;PASTILHAS TRAVÃO TRW;PASTILHAS TRAVÃO TRW;0;;
161;1606.1;GDB3336;1606.1;GDB3336;CATEGORIA0;;1;1;0;1;;PASTILHAS TRAVÃO TRW;PASTILHAS TRAVÃO TRW;0;;
161;1606.1;GDB3337;1606.1;GDB3337;CATEGORIA0;;1;1;0;1;;PASTILHAS TRAVÃO TRW;PASTILHAS TRAVÃO TRW;0;;
161;1606.1;GDB3338;1606.1;GDB3338;CATEGORIA0;;1;1;0;1;;PASTILHAS TRAVÃO TRW;PASTILHAS TRAVÃO TRW;0;;
161;1606.1;GDB3338BTE;1606.1;GDB3338BTE;CATEGORIA0;;1;1;0;1;;PASTILHAS TRAVÃO TRW;PASTILHAS TRAVÃO TRW;0;;
161;1606.1;GDB3339;1606.1;GDB3339;CATEGORIA0;;1;1;0;1;;PASTILHAS TRAVÃO TRW;PASTILHAS TRAVÃO TRW;0;;
161;1606.1;GDB3340;1606.1;GDB3340;CATEGORIA0;;1;1;0;1;;PASTILHAS TRAVÃO TRW;PASTILHAS TRAVÃO TRW;0;;
161;1606.1;GDB3341;1606.1;GDB3341;CATEGORIA0;;1;1;0;1;;PASTILHAS TRAVÃO TRW;PASTILHAS TRAVÃO TRW;0;;
161;1606.1;GDB3342;1606.1;GDB3342;CATEGORIA0;;1;1;0;1;;PASTILHAS TRAVÃO TRW;PASTILHAS TRAVÃO TRW;0;;
161;1606.1;GDB3343;1606.1;GDB3343;CATEGORIA0;;1;1;0;1;;PASTILHAS TRAVÃO TRW;PASTILHAS TRAVÃO TRW;0;;
161;1606.1;GDB3344;1606.1;GDB3344;CATEGORIA0;;1;1;0;1;;PASTILHAS TRAVÃO TRW;PASTILHAS TRAVÃO TRW;0;;
161;1606.1;GDB3345;1606.1;GDB3345;CATEGORIA0;;1;1;0;1;;PASTILHAS TRAVÃO TRW;PASTILHAS TRAVÃO TRW;0;;
161;1606.1;GDB3346;1606.1;GDB3346;CATEGORIA0;;1;1;0;1;;PASTILHAS TRAVÃO TRW;PASTILHAS TRAVÃO TRW;0;;
161;1606.1;GDB3347;1606.1;GDB3347;CATEGORIA0;;1;1;0;1;;PASTILHAS TRAVÃO TRW;PASTILHAS TRAVÃO TRW;0;;
161;1606.1;GDB3348;1606.1;GDB3348;CATEGORIA0;;1;1;0;1;;PASTILHAS TRAVÃO TRW;PASTILHAS TRAVÃO TRW;0;;
161;1606.1;GDB3349;1606.1;GDB3349;CATEGORIA0;;1;1;0;1;;PASTILHAS TRAVÃO TRW;PASTILHAS TRAVÃO TRW;0;;
161;1606.1;GDB3350;1606.1;GDB3350;CATEGORIA0;;1;1;0;1;;PASTILHAS TRAVÃO TRW;PASTILHAS TRAVÃO TRW;0;;
161;1606.1;GDB3352;1606.1;GDB3352;CATEGORIA0;;1;1;0;1;;PASTILHAS TRAVÃO TRW;PASTILHAS TRAVÃO TRW;0;;
161;1606.1;GDB3353;1606.1;GDB3353;CATEGORIA0;;1;1;0;1;;PASTILHAS TRAVÃO TRW;PASTILHAS TRAVÃO TRW;0;;
161;1606.1;GDB3354;1606.1;GDB3354;CATEGORIA0;;1;1;0;1;;PASTILHAS TRAVÃO TRW;PASTILHAS TRAVÃO TRW;0;;
161;1606.1;GDB3355;1606.1;GDB3355;CATEGORIA0;;1;1;0;1;;PASTILHAS TRAVÃO TRW;PASTILHAS TRAVÃO TRW;0;;
161;1606.1;GDB3356;1606.1;GDB3356;CATEGORIA0;;1;1;0;1;;PASTILHAS TRAVÃO TRW;PASTILHAS TRAVÃO TRW;0;;
161;1606.1;GDB3357;1606.1;GDB3357;CATEGORIA0;;1;1;0;1;;PASTILHAS TRAVÃO TRW;PASTILHAS TRAVÃO TRW;0;;
161;1606.1;GDB3358;1606.1;GDB3358;CATEGORIA0;;1;1;0;1;;PASTILHAS TRAVÃO TRW;PASTILHAS TRAVÃO TRW;0;;
161;1606.1;GDB3359;1606.1;GDB3359;CATEGORIA0;;1;1;0;1;;PASTILHAS TRAVÃO TRW;PASTILHAS TRAVÃO TRW;0;;
161;1606.1;GDB336;1606.1;GDB336;CATEGORIA0;;1;1;0;1;;PASTILHAS TRAVÃO TRW;PASTILHAS TRAVÃO TRW;0;;
161;1606.1;GDB3360;1606.1;GDB3360;CATEGORIA0;;1;1;0;1;;PASTILHAS TRAVÃO TRW;PASTILHAS TRAVÃO TRW;0;;
161;1606.1;GDB3361;1606.1;GDB3361;CATEGORIA0;;1;1;0;1;;PASTILHAS TRAVÃO TRW;PASTILHAS TRAVÃO TRW;0;;
161;1606.1;GDB3362;1606.1;GDB3362;CATEGORIA0;;1;1;0;1;;PASTILHAS TRAVÃO TRW;PASTILHAS TRAVÃO TRW;0;;
161;1606.1;GDB3363;1606.1;GDB3363;CATEGORIA0;;1;1;0;1;;PASTILHAS TRAVÃO TRW;PASTILHAS TRAVÃO TRW;0;;
161;1606.1;GDB3364;1606.1;GDB3364;CATEGORIA0;;1;1;0;1;;PASTILHAS TRAVÃO TRW;PASTILHAS TRAVÃO TRW;0;;
161;1606.1;GDB3365;1606.1;GDB3365;CATEGORIA0;;1;1;0;1;;PASTILHAS TRAVÃO TRW;PASTILHAS TRAVÃO TRW;0;;
161;1606.1;GDB3366;1606.1;GDB3366;CATEGORIA0;;1;1;0;1;;PASTILHAS TRAVÃO TRW;PASTILHAS TRAVÃO TRW;0;;
161;1606.1;GDB3367;1606.1;GDB3367;CATEGORIA0;;1;1;0;1;;PASTILHAS TRAVÃO TRW;PASTILHAS TRAVÃO TRW;0;;
161;1606.1;GDB3368;1606.1;GDB3368;CATEGORIA0;;1;1;0;1;;PASTILHAS TRAVÃO TRW;PASTILHAS TRAVÃO TRW;0;;
161;1606.1;GDB3369;1606.1;GDB3369;CATEGORIA0;;1;1;0;1;;PASTILHAS TRAVÃO TRW;PASTILHAS TRAVÃO TRW;0;;
161;1606.1;GDB337;1606.1;GDB337;CATEGORIA0;;1;1;0;1;;PASTILHAS TRAVÃO TRW;PASTILHAS TRAVÃO TRW;0;;
161;1606.1;GDB3370;1606.1;GDB3370;CATEGORIA0;;1;1;0;1;;PASTILHAS TRAVÃO TRW;PASTILHAS TRAVÃO TRW;0;;
161;1606.1;GDB3371;1606.1;GDB3371;CATEGORIA0;;1;1;0;1;;PASTILHAS TRAVÃO TRW;PASTILHAS TRAVÃO TRW;0;;
161;1606.1;GDB3372;1606.1;GDB3372;CATEGORIA0;;1;1;0;1;;PASTILHAS TRAVÃO TRW;PASTILHAS TRAVÃO TRW;0;;
161;1606.1;GDB3373;1606.1;GDB3373;CATEGORIA0;;1;1;0;1;;PASTILHAS TRAVÃO TRW;PASTILHAS TRAVÃO TRW;0;;
161;1606.1;GDB3374;1606.1;GDB3374;CATEGORIA0;;1;1;0;1;;PASTILHAS TRAVÃO TRW;PASTILHAS TRAVÃO TRW;0;;
161;1606.1;GDB3375;1606.1;GDB3375;CATEGORIA0;;1;1;0;1;;PASTILHAS TRAVÃO TRW;PASTILHAS TRAVÃO TRW;0;;
161;1606.1;GDB3376;1606.1;GDB3376;CATEGORIA0;;1;1;0;1;;PASTILHAS TRAVÃO TRW;PASTILHAS TRAVÃO TRW;0;;
161;1606.1;GDB3376BTE;1606.1;GDB3376BTE;CATEGORIA0;;1;1;0;1;;PASTILHAS TRAVÃO TRW;PASTILHAS TRAVÃO TRW;0;;
161;1606.1;GDB3377;1606.1;GDB3377;CATEGORIA0;;1;1;0;1;;PASTILHAS TRAVÃO TRW;PASTILHAS TRAVÃO TRW;0;;
161;1606.1;GDB3378;1606.1;GDB3378;CATEGORIA0;;1;1;0;1;;PASTILHAS TRAVÃO TRW;PASTILHAS TRAVÃO TRW;0;;
161;1606.1;GDB3379;1606.1;GDB3379;CATEGORIA0;;1;1;0;1;;PASTILHAS TRAVÃO TRW;PASTILHAS TRAVÃO TRW;0;;
161;1606.1;GDB3380;1606.1;GDB3380;CATEGORIA0;;1;1;0;1;;PASTILHAS TRAVÃO TRW;PASTILHAS TRAVÃO TRW;0;;
161;1606.1;GDB3381;1606.1;GDB3381;CATEGORIA0;;1;1;0;1;;PASTILHAS TRAVÃO TRW;PASTILHAS TRAVÃO TRW;0;;
161;1606.1;GDB3382;1606.1;GDB3382;CATEGORIA0;;1;1;0;1;;PASTILHAS TRAVÃO TRW;PASTILHAS TRAVÃO TRW;0;;
161;1606.1;GDB3383;1606.1;GDB3383;CATEGORIA0;;1;1;0;1;;PASTILHAS TRAVÃO TRW;PASTILHAS TRAVÃO TRW;0;;
161;1606.1;GDB3384;1606.1;GDB3384;CATEGORIA0;;1;1;0;1;;PASTILHAS TRAVÃO TRW;PASTILHAS TRAVÃO TRW;0;;
161;1606.1;GDB3385;1606.1;GDB3385;CATEGORIA0;;1;1;0;1;;PASTILHAS TRAVÃO TRW;PASTILHAS TRAVÃO TRW;0;;
161;1606.1;GDB3386;1606.1;GDB3386;CATEGORIA0;;1;1;0;1;;PASTILHAS TRAVÃO TRW;PASTILHAS TRAVÃO TRW;0;;
161;1606.1;GDB3388;1606.1;GDB3388;CATEGORIA0;;1;1;0;1;;PASTILHAS TRAVÃO TRW;PASTILHAS TRAVÃO TRW;0;;
161;1606.1;GDB3389;1606.1;GDB3389;CATEGORIA0;;1;1;0;1;;PASTILHAS TRAVÃO TRW;PASTILHAS TRAVÃO TRW;0;;
161;1606.1;GDB339;1606.1;GDB339;CATEGORIA0;;1;1;0;1;;PASTILHAS TRAVÃO TRW;PASTILHAS TRAVÃO TRW;0;;
161;1606.1;GDB3390;1606.1;GDB3390;CATEGORIA0;;1;1;0;1;;PASTILHAS TRAVÃO TRW;PASTILHAS TRAVÃO TRW;0;;
161;1606.1;GDB3391;1606.1;GDB3391;CATEGORIA0;;1;1;0;1;;PASTILHAS TRAVÃO TRW;PASTILHAS TRAVÃO TRW;0;;
161;1606.1;GDB3392;1606.1;GDB3392;CATEGORIA0;;1;1;0;1;;PASTILHAS TRAVÃO TRW;PASTILHAS TRAVÃO TRW;0;;
161;1606.1;GDB3394;1606.1;GDB3394;CATEGORIA0;;1;1;0;1;;PASTILHAS TRAVÃO TRW;PASTILHAS TRAVÃO TRW;0;;
161;1606.1;GDB3395;1606.1;GDB3395;CATEGORIA0;;1;1;0;1;;PASTILHAS TRAVÃO TRW;PASTILHAS TRAVÃO TRW;0;;
161;1606.1;GDB3396;1606.1;GDB3396;CATEGORIA0;;1;1;0;1;;PASTILHAS TRAVÃO TRW;PASTILHAS TRAVÃO TRW;0;;
161;1606.1;GDB3398;1606.1;GDB3398;CATEGORIA0;;1;1;0;1;;PASTILHAS TRAVÃO TRW;PASTILHAS TRAVÃO TRW;0;;
161;1606.1;GDB3398BTE;1606.1;GDB3398BTE;CATEGORIA0;;1;1;0;1;;PASTILHAS TRAVÃO TRW;PASTILHAS TRAVÃO TRW;0;;
161;1606.1;GDB3399;1606.1;GDB3399;CATEGORIA0;;1;1;0;1;;PASTILHAS TRAVÃO TRW;PASTILHAS TRAVÃO TRW;0;;
161;1606.1;GDB340;1606.1;GDB340;CATEGORIA0;;1;1;0;1;;PASTILHAS TRAVÃO TRW;PASTILHAS TRAVÃO TRW;0;;
161;1606.1;GDB3400;1606.1;GDB3400;CATEGORIA0;;1;1;0;1;;PASTILHAS TRAVÃO TRW;PASTILHAS TRAVÃO TRW;0;;
161;1606.1;GDB3401;1606.1;GDB3401;CATEGORIA0;;1;1;0;1;;PASTILHAS TRAVÃO TRW;PASTILHAS TRAVÃO TRW;0;;
161;1606.1;GDB3402;1606.1;GDB3402;CATEGORIA0;;1;1;0;1;;PASTILHAS TRAVÃO TRW;PASTILHAS TRAVÃO TRW;0;;
161;1606.1;GDB3403;1606.1;GDB3403;CATEGORIA0;;1;1;0;1;;PASTILHAS TRAVÃO TRW;PASTILHAS TRAVÃO TRW;0;;
161;1606.1;GDB3404;1606.1;GDB3404;CATEGORIA0;;1;1;0;1;;PASTILHAS TRAVÃO TRW;PASTILHAS TRAVÃO TRW;0;;
161;1606.1;GDB3405;1606.1;GDB3405;CATEGORIA0;;1;1;0;1;;PASTILHAS TRAVÃO TRW;PASTILHAS TRAVÃO TRW;0;;
161;1606.1;GDB3406;1606.1;GDB3406;CATEGORIA0;;1;1;0;1;;PASTILHAS TRAVÃO;PASTILHAS TRAVÃO;0;;
161;1606.1;GDB3407;1606.1;GDB3407;CATEGORIA0;;1;1;0;1;;PASTILHAS TRAVÃO TRW;PASTILHAS TRAVÃO TRW;0;;
161;1606.1;GDB3407BTE;1606.1;GDB3407BTE;CATEGORIA0;;1;1;0;1;;PASTILHAS TRAVÃO TRW;PASTILHAS TRAVÃO TRW;0;;
161;1606.1;GDB3408;1606.1;GDB3408;CATEGORIA0;;1;1;0;1;;PASTILHAS TRAVÃO TRW;PASTILHAS TRAVÃO TRW;0;;
161;1606.1;GDB3409;1606.1;GDB3409;CATEGORIA0;;1;1;0;1;;PASTILHAS TRAVÃO TRW;PASTILHAS TRAVÃO TRW;0;;
161;1606.1;GDB341;1606.1;GDB341;CATEGORIA0;;1;1;0;1;;PASTILHAS TRAVÃO TRW;PASTILHAS TRAVÃO TRW;0;;
161;1606.1;GDB3410;1606.1;GDB3410;CATEGORIA0;;1;1;0;1;;PASTILHAS TRAVÃO TRW;PASTILHAS TRAVÃO TRW;0;;
161;1606.1;GDB3411;1606.1;GDB3411;CATEGORIA0;;1;1;0;1;;PASTILHAS TRAVÃO TRW;PASTILHAS TRAVÃO TRW;0;;
161;1606.1;GDB3412;1606.1;GDB3412;CATEGORIA0;;1;1;0;1;;PASTILHAS TRAVÃO TRW;PASTILHAS TRAVÃO TRW;0;;
161;1606.1;GDB3413;1606.1;GDB3413;CATEGORIA0;;1;1;0;1;;PASTILHAS TRAVÃO TRW;PASTILHAS TRAVÃO TRW;0;;
161;1606.1;GDB3414;1606.1;GDB3414;CATEGORIA0;;1;1;0;1;;PASTILHAS TRAVÃO TRW;PASTILHAS TRAVÃO TRW;0;;
161;1606.1;GDB3416;1606.1;GDB3416;CATEGORIA0;;1;1;0;1;;PASTILHAS TRAVÃO TRW;PASTILHAS TRAVÃO TRW;0;;
161;1606.1;GDB3417;1606.1;GDB3417;CATEGORIA0;;1;1;0;1;;PASTILHAS TRAVÃO TRW;PASTILHAS TRAVÃO TRW;0;;
161;1606.1;GDB3418;1606.1;GDB3418;CATEGORIA0;;1;1;0;1;;PASTILHAS TRAVÃO TRW;PASTILHAS TRAVÃO TRW;0;;
161;1606.1;GDB3419;1606.1;GDB3419;CATEGORIA0;;1;1;0;1;;PASTILHAS TRAVÃO TRW;PASTILHAS TRAVÃO TRW;0;;
161;1606.1;GDB342;1606.1;GDB342;CATEGORIA0;;1;1;0;1;;PASTILHAS TRAVÃO TRW;PASTILHAS TRAVÃO TRW;0;;
161;1606.1;GDB3420;1606.1;GDB3420;CATEGORIA0;;1;1;0;1;;PASTILHAS TRAVÃO TRW;PASTILHAS TRAVÃO TRW;0;;
161;1606.1;GDB3421;1606.1;GDB3421;CATEGORIA0;;1;1;0;1;;PASTILHAS TRAVÃO TRW;PASTILHAS TRAVÃO TRW;0;;
161;1606.1;GDB3423;1606.1;GDB3423;CATEGORIA0;;1;1;0;1;;PASTILHAS TRAVÃO TRW;PASTILHAS TRAVÃO TRW;0;;
161;1606.1;GDB3424;1606.1;GDB3424;CATEGORIA0;;1;1;0;1;;PASTILHAS TRAVÃO TRW;PASTILHAS TRAVÃO TRW;0;;
161;1606.1;GDB3424BTE;1606.1;GDB3424BTE;CATEGORIA0;;1;1;0;1;;PASTILHAS TRAVÃO TRW;PASTILHAS TRAVÃO TRW;0;;
161;1606.1;GDB3425;1606.1;GDB3425;CATEGORIA0;;1;1;0;1;;PASTILHAS TRAVÃO TRW;PASTILHAS TRAVÃO TRW;0;;
161;1606.1;GDB3425BTE;1606.1;GDB3425BTE;CATEGORIA0;;1;1;0;1;;PASTILHAS TRAVÃO TRW;PASTILHAS TRAVÃO TRW;0;;
161;1606.1;GDB3426;1606.1;GDB3426;CATEGORIA0;;1;1;0;1;;PASTILHAS TRAVÃO TRW;PASTILHAS TRAVÃO TRW;0;;
161;1606.1;GDB3427;1606.1;GDB3427;CATEGORIA0;;1;1;0;1;;PASTILHAS TRAVÃO TRW;PASTILHAS TRAVÃO TRW;0;;
161;1606.1;GDB3428;1606.1;GDB3428;CATEGORIA0;;1;1;0;1;;PASTILHAS TRAVÃO TRW;PASTILHAS TRAVÃO TRW;0;;
161;1606.1;GDB3429;1606.1;GDB3429;CATEGORIA0;;1;1;0;1;;PASTILHAS TRAVÃO TRW;PASTILHAS TRAVÃO TRW;0;;
161;1606.1;GDB343;1606.1;GDB343;CATEGORIA0;;1;1;0;1;;PASTILHAS TRAVÃO TRW;PASTILHAS TRAVÃO TRW;0;;
161;1606.1;GDB3430;1606.1;GDB3430;CATEGORIA0;;1;1;0;1;;PASTILHAS TRAVÃO TRW;PASTILHAS TRAVÃO TRW;0;;
161;1606.1;GDB3431;1606.1;GDB3431;CATEGORIA0;;1;1;0;1;;PASTILHAS TRAVÃO TRW;PASTILHAS TRAVÃO TRW;0;;
161;1606.1;GDB3432;1606.1;GDB3432;CATEGORIA0;;1;1;0;1;;PASTILHAS TRAVÃO TRW;PASTILHAS TRAVÃO TRW;0;;
161;1606.1;GDB3433;1606.1;GDB3433;CATEGORIA0;;1;1;0;1;;PASTILHAS TRAVÃO TRW;PASTILHAS TRAVÃO TRW;0;;
161;1606.1;GDB3434;1606.1;GDB3434;CATEGORIA0;;1;1;0;1;;PASTILHAS TRAVÃO TRW;PASTILHAS TRAVÃO TRW;0;;
161;1606.1;GDB3435;1606.1;GDB3435;CATEGORIA0;;1;1;0;1;;PASTILHAS TRAVÃO TRW;PASTILHAS TRAVÃO TRW;0;;
161;1606.1;GDB3436;1606.1;GDB3436;CATEGORIA0;;1;1;0;1;;PASTILHAS TRAVÃO TRW;PASTILHAS TRAVÃO TRW;0;;
161;1606.1;GDB3437;1606.1;GDB3437;CATEGORIA0;;1;1;0;1;;PASTILHAS TRAVÃO TRW;PASTILHAS TRAVÃO TRW;0;;
161;1606.1;GDB3438;1606.1;GDB3438;CATEGORIA0;;1;1;0;1;;PASTILHAS TRAVÃO TRW;PASTILHAS TRAVÃO TRW;0;;
161;1606.1;GDB3439;1606.1;GDB3439;CATEGORIA0;;1;1;0;1;;PASTILHAS TRAVÃO TRW;PASTILHAS TRAVÃO TRW;0;;
161;1606.1;GDB344;1606.1;GDB344;CATEGORIA0;;1;1;0;1;;PASTILHAS TRAVÃO;PASTILHAS TRAVÃO;0;;
161;1606.1;GDB3440;1606.1;GDB3440;CATEGORIA0;;1;1;0;1;;PASTILHAS TRAVÃO TRW;PASTILHAS TRAVÃO TRW;0;;
161;1606.1;GDB3441;1606.1;GDB3441;CATEGORIA0;;1;1;0;1;;PASTILHAS TRAVÃO TRW;PASTILHAS TRAVÃO TRW;0;;
161;1606.1;GDB3442;1606.1;GDB3442;CATEGORIA0;;1;1;0;1;;PASTILHAS TRAVÃO TRW;PASTILHAS TRAVÃO TRW;0;;
161;1606.1;GDB3443;1606.1;GDB3443;CATEGORIA0;;1;1;0;1;;PASTILHAS TRAVÃO TRW;PASTILHAS TRAVÃO TRW;0;;
161;1606.1;GDB3445;1606.1;GDB3445;CATEGORIA0;;1;1;0;1;;PASTILHAS TRAVÃO TRW;PASTILHAS TRAVÃO TRW;0;;
161;1606.1;GDB3446;1606.1;GDB3446;CATEGORIA0;;1;1;0;1;;PASTILHAS TRAVÃO TRW;PASTILHAS TRAVÃO TRW;0;;
161;1606.1;GDB3447;1606.1;GDB3447;CATEGORIA0;;1;1;0;1;;PASTILHAS TRAVÃO TRW;PASTILHAS TRAVÃO TRW;0;;
161;1606.1;GDB3448;1606.1;GDB3448;CATEGORIA0;;1;1;0;1;;PASTILHAS TRAVÃO TRW;PASTILHAS TRAVÃO TRW;0;;
161;1606.1;GDB3449;1606.1;GDB3449;CATEGORIA0;;1;1;0;1;;PASTILHAS TRAVÃO TRW;PASTILHAS TRAVÃO TRW;0;;
161;1606.1;GDB345;1606.1;GDB345;CATEGORIA0;;1;1;0;1;;PASTILHAS TRAVÃO TRW;PASTILHAS TRAVÃO TRW;0;;
161;1606.1;GDB3450;1606.1;GDB3450;CATEGORIA0;;1;1;0;1;;PASTILHAS TRAVÃO TRW;PASTILHAS TRAVÃO TRW;0;;
161;1606.1;GDB3452;1606.1;GDB3452;CATEGORIA0;;1;1;0;1;;PASTILHAS TRAVÃO TRW;PASTILHAS TRAVÃO TRW;0;;
161;1606.1;GDB3454;1606.1;GDB3454;CATEGORIA0;;1;1;0;1;;PASTILHAS TRAVÃO TRW;PASTILHAS TRAVÃO TRW;0;;
161;1606.1;GDB3455;1606.1;GDB3455;CATEGORIA0;;1;1;0;1;;PASTILHAS TRAVÃO TRW;PASTILHAS TRAVÃO TRW;0;;
161;1606.1;GDB3456;1606.1;GDB3456;CATEGORIA0;;1;1;0;1;;PASTILHAS TRAVÃO TRW;PASTILHAS TRAVÃO TRW;0;;
161;1606.1;GDB3457;1606.1;GDB3457;CATEGORIA0;;1;1;0;1;;PASTILHAS TRAVÃO TRW;PASTILHAS TRAVÃO TRW;0;;
161;1606.1;GDB3458;1606.1;GDB3458;CATEGORIA0;;1;1;0;1;;PASTILHAS TRAVÃO TRW;PASTILHAS TRAVÃO TRW;0;;
161;1606.1;GDB3458BTE;1606.1;GDB3458BTE;CATEGORIA0;;1;1;0;1;;PASTILHAS TRAVÃO TRW;PASTILHAS TRAVÃO TRW;0;;
161;1606.1;GDB3459;1606.1;GDB3459;CATEGORIA0;;1;1;0;1;;PASTILHAS TRAVÃO TRW;PASTILHAS TRAVÃO TRW;0;;
161;1606.1;GDB3460;1606.1;GDB3460;CATEGORIA0;;1;1;0;1;;PASTILHAS TRAVÃO TRW;PASTILHAS TRAVÃO TRW;0;;
161;1606.1;GDB3461;1606.1;GDB3461;CATEGORIA0;;1;1;0;1;;PASTILHAS TRAVÃO TRW;PASTILHAS TRAVÃO TRW;0;;
161;1606.1;GDB3462;1606.1;GDB3462;CATEGORIA0;;1;1;0;1;;PASTILHAS TRAVÃO TRW;PASTILHAS TRAVÃO TRW;0;;
161;1606.1;GDB3464;1606.1;GDB3464;CATEGORIA0;;1;1;0;1;;PASTILHAS TRAVÃO TRW;PASTILHAS TRAVÃO TRW;0;;
161;1606.1;GDB3465;1606.1;GDB3465;CATEGORIA0;;1;1;0;1;;PASTILHAS TRAVÃO TRW;PASTILHAS TRAVÃO TRW;0;;
161;1606.1;GDB3466;1606.1;GDB3466;CATEGORIA0;;1;1;0;1;;PASTILHAS TRAVÃO TRW;PASTILHAS TRAVÃO TRW;0;;
161;1606.1;GDB3467;1606.1;GDB3467;CATEGORIA0;;1;1;0;1;;PASTILHAS TRAVÃO TRW;PASTILHAS TRAVÃO TRW;0;;
161;1606.1;GDB3467DTE;1606.1;GDB3467DTE;CATEGORIA0;;1;1;0;1;;PASTILHAS TRAVÃO TRW;PASTILHAS TRAVÃO TRW;0;;
161;1606.1;GDB3469;1606.1;GDB3469;CATEGORIA0;;1;1;0;1;;PASTILHAS TRAVÃO TRW;PASTILHAS TRAVÃO TRW;0;;
161;1606.1;GDB3470;1606.1;GDB3470;CATEGORIA0;;1;1;0;1;;PASTILHAS TRAVÃO TRW;PASTILHAS TRAVÃO TRW;0;;
161;1606.1;GDB3471;1606.1;GDB3471;CATEGORIA0;;1;1;0;1;;PASTILHAS TRAVÃO TRW;PASTILHAS TRAVÃO TRW;0;;
161;1606.1;GDB3472;1606.1;GDB3472;CATEGORIA0;;1;1;0;1;;PASTILHAS TRAVÃO TRW;PASTILHAS TRAVÃO TRW;0;;
161;1606.1;GDB3473;1606.1;GDB3473;CATEGORIA0;;1;1;0;1;;PASTILHAS TRAVÃO TRW;PASTILHAS TRAVÃO TRW;0;;
161;1606.1;GDB3474;1606.1;GDB3474;CATEGORIA0;;1;1;0;1;;PASTILHAS TRAVÃO TRW;PASTILHAS TRAVÃO TRW;0;;
161;1606.1;GDB3475;1606.1;GDB3475;CATEGORIA0;;1;1;0;1;;PASTILHAS TRAVÃO TRW;PASTILHAS TRAVÃO TRW;0;;
161;1606.1;GDB3476;1606.1;GDB3476;CATEGORIA0;;1;1;0;1;;PASTILHAS TRAVÃO TRW;PASTILHAS TRAVÃO TRW;0;;
161;1606.1;GDB3477;1606.1;GDB3477;CATEGORIA0;;1;1;0;1;;PASTILHAS TRAVÃO TRW;PASTILHAS TRAVÃO TRW;0;;
161;1606.1;GDB3478;1606.1;GDB3478;CATEGORIA0;;1;1;0;1;;PASTILHAS TRAVÃO TRW;PASTILHAS TRAVÃO TRW;0;;
161;1606.1;GDB3478BTE;1606.1;GDB3478BTE;CATEGORIA0;;1;1;0;1;;PASTILHAS TRAVÃO TRW;PASTILHAS TRAVÃO TRW;0;;
161;1606.1;GDB3479;1606.1;GDB3479;CATEGORIA0;;1;1;0;1;;PASTILHAS TRAVÃO TRW;PASTILHAS TRAVÃO TRW;0;;
161;1606.1;GDB3480;1606.1;GDB3480;CATEGORIA0;;1;1;0;1;;PASTILHAS TRAVÃO TRW;PASTILHAS TRAVÃO TRW;0;;
161;1606.1;GDB3481;1606.1;GDB3481;CATEGORIA0;;1;1;0;1;;PASTILHAS TRAVÃO TRW;PASTILHAS TRAVÃO TRW;0;;
161;1606.1;GDB3482;1606.1;GDB3482;CATEGORIA0;;1;1;0;1;;PASTILHAS TRAVÃO TRW;PASTILHAS TRAVÃO TRW;0;;
161;1606.1;GDB3483;1606.1;GDB3483;CATEGORIA0;;1;1;0;1;;PASTILHAS TRAVÃO TRW;PASTILHAS TRAVÃO TRW;0;;
161;1606.1;GDB3484;1606.1;GDB3484;CATEGORIA0;;1;1;0;1;;PASTILHAS TRAVÃO TRW;PASTILHAS TRAVÃO TRW;0;;
161;1606.1;GDB3484BTE;1606.1;GDB3484BTE;CATEGORIA0;;1;1;0;1;;PASTILHAS TRAVÃO TRW;PASTILHAS TRAVÃO TRW;0;;
161;1606.1;GDB3485;1606.1;GDB3485;CATEGORIA0;;1;1;0;1;;PASTILHAS TRAVÃO TRW;PASTILHAS TRAVÃO TRW;0;;
161;1606.1;GDB3486;1606.1;GDB3486;CATEGORIA0;;1;1;0;1;;PASTILHAS TRAVÃO TRW;PASTILHAS TRAVÃO TRW;0;;
161;1606.1;GDB3487;1606.1;GDB3487;CATEGORIA0;;1;1;0;1;;PASTILHAS TRAVÃO TRW;PASTILHAS TRAVÃO TRW;0;;
161;1606.1;GDB3488;1606.1;GDB3488;CATEGORIA0;;1;1;0;1;;PASTILHAS TRAVÃO TRW;PASTILHAS TRAVÃO TRW;0;;
161;1606.1;GDB3489;1606.1;GDB3489;CATEGORIA0;;1;1;0;1;;PASTILHAS TRAVÃO TRW;PASTILHAS TRAVÃO TRW;0;;
161;1606.1;GDB349;1606.1;GDB349;CATEGORIA0;;1;1;0;1;;PASTILHAS TRAVÃO TRW;PASTILHAS TRAVÃO TRW;0;;
161;1606.1;GDB3490;1606.1;GDB3490;CATEGORIA0;;1;1;0;1;;PASTILHAS TRAVÃO TRW;PASTILHAS TRAVÃO TRW;0;;
161;1606.1;GDB3491;1606.1;GDB3491;CATEGORIA0;;1;1;0;1;;PASTILHAS TRAVÃO TRW;PASTILHAS TRAVÃO TRW;0;;
161;1606.1;GDB3492;1606.1;GDB3492;CATEGORIA0;;1;1;0;1;;PASTILHAS TRAVÃO TRW;PASTILHAS TRAVÃO TRW;0;;
161;1606.1;GDB3493;1606.1;GDB3493;CATEGORIA0;;1;1;0;1;;PASTILHAS TRAVÃO TRW;PASTILHAS TRAVÃO TRW;0;;
161;1606.1;GDB3493BTE;1606.1;GDB3493BTE;CATEGORIA0;;1;1;0;1;;PASTILHAS TRAVÃO TRW;PASTILHAS TRAVÃO TRW;0;;
161;1606.1;GDB3494;1606.1;GDB3494;CATEGORIA0;;1;1;0;1;;PASTILHAS TRAVÃO TRW;PASTILHAS TRAVÃO TRW;0;;
161;1606.1;GDB3497;1606.1;GDB3497;CATEGORIA0;;1;1;0;1;;PASTILHAS TRAVÃO TRW;PASTILHAS TRAVÃO TRW;0;;
161;1606.1;GDB3498;1606.1;GDB3498;CATEGORIA0;;1;1;0;1;;PASTILHAS TRAVÃO TRW;PASTILHAS TRAVÃO TRW;0;;
161;1606.1;GDB3499;1606.1;GDB3499;CATEGORIA0;;1;1;0;1;;PASTILHAS TRAVÃO TRW;PASTILHAS TRAVÃO TRW;0;;
161;1606.1;GDB350;1606.1;GDB350;CATEGORIA0;;1;1;0;1;;PASTILHAS TRAVÃO TRW;PASTILHAS TRAVÃO TRW;0;;
161;1606.1;GDB3500;1606.1;GDB3500;CATEGORIA0;;1;1;0;1;;PASTILHAS TRAVÃO TRW;PASTILHAS TRAVÃO TRW;0;;
161;1606.1;GDB3501;1606.1;GDB3501;CATEGORIA0;;1;1;0;1;;PASTILHAS TRAVÃO TRW;PASTILHAS TRAVÃO TRW;0;;
161;1606.1;GDB3502;1606.1;GDB3502;CATEGORIA0;;1;1;0;1;;PASTILHAS TRAVÃO TRW;PASTILHAS TRAVÃO TRW;0;;
161;1606.1;GDB3503;1606.1;GDB3503;CATEGORIA0;;1;1;0;1;;PASTILHAS TRAVÃO TRW;PASTILHAS TRAVÃO TRW;0;;
161;1606.1;GDB3504;1606.1;GDB3504;CATEGORIA0;;1;1;0;1;;PASTILHAS TRAVÃO TRW;PASTILHAS TRAVÃO TRW;0;;
161;1606.1;GDB3505;1606.1;GDB3505;CATEGORIA0;;1;1;0;1;;PASTILHAS TRAVÃO TRW;PASTILHAS TRAVÃO TRW;0;;
161;1606.1;GDB3506;1606.1;GDB3506;CATEGORIA0;;1;1;0;1;;PASTILHAS TRAVÃO TRW;PASTILHAS TRAVÃO TRW;0;;
161;1606.1;GDB3507;1606.1;GDB3507;CATEGORIA0;;1;1;0;1;;PASTILHAS TRAVÃO TRW;PASTILHAS TRAVÃO TRW;0;;
161;1606.1;GDB3508;1606.1;GDB3508;CATEGORIA0;;1;1;0;1;;PASTILHAS TRAVÃO TRW;PASTILHAS TRAVÃO TRW;0;;
161;1606.1;GDB3508BTE;1606.1;GDB3508BTE;CATEGORIA0;;1;1;0;1;;PASTILHAS TRAVÃO TRW;PASTILHAS TRAVÃO TRW;0;;
161;1606.1;GDB3509;1606.1;GDB3509;CATEGORIA0;;1;1;0;1;;PASTILHAS TRAVÃO TRW;PASTILHAS TRAVÃO TRW;0;;
161;1606.1;GDB351;1606.1;GDB351;CATEGORIA0;;1;1;0;1;;PASTILHAS TRAVÃO TRW;PASTILHAS TRAVÃO TRW;0;;
161;1606.1;GDB3510;1606.1;GDB3510;CATEGORIA0;;1;1;0;1;;PASTILHAS TRAVÃO TRW;PASTILHAS TRAVÃO TRW;0;;
161;1606.1;GDB3511;1606.1;GDB3511;CATEGORIA0;;1;1;0;1;;PASTILHAS TRAVÃO TRW;PASTILHAS TRAVÃO TRW;0;;
161;1606.1;GDB3512;1606.1;GDB3512;CATEGORIA0;;1;1;0;1;;PASTILHAS TRAVÃO TRW;PASTILHAS TRAVÃO TRW;0;;
161;1606.1;GDB3515;1606.1;GDB3515;CATEGORIA0;;1;1;0;1;;PASTILHAS TRAVÃO TRW;PASTILHAS TRAVÃO TRW;0;;
161;1606.1;GDB3516;1606.1;GDB3516;CATEGORIA0;;1;1;0;1;;PASTILHAS TRAVÃO TRW;PASTILHAS TRAVÃO TRW;0;;
161;1606.1;GDB3517;1606.1;GDB3517;CATEGORIA0;;1;1;0;1;;PASTILHAS TRAVÃO TRW;PASTILHAS TRAVÃO TRW;0;;
161;1606.1;GDB3518;1606.1;GDB3518;CATEGORIA0;;1;1;0;1;;PASTILHAS TRAVÃO TRW;PASTILHAS TRAVÃO TRW;0;;
161;1606.1;GDB3519;1606.1;GDB3519;CATEGORIA0;;1;1;0;1;;PASTILHAS TRAVÃO TRW;PASTILHAS TRAVÃO TRW;0;;
161;1606.1;GDB352;1606.1;GDB352;CATEGORIA0;;1;1;0;1;;PASTILHAS TRAVÃO TRW;PASTILHAS TRAVÃO TRW;0;;
161;1606.1;GDB3520;1606.1;GDB3520;CATEGORIA0;;1;1;0;1;;PASTILHAS TRAVÃO TRW;PASTILHAS TRAVÃO TRW;0;;
161;1606.1;GDB3520BTE;1606.1;GDB3520BTE;CATEGORIA0;;1;1;0;1;;PASTILHAS TRAVÃO TRW;PASTILHAS TRAVÃO TRW;0;;
161;1606.1;GDB3521;1606.1;GDB3521;CATEGORIA0;;1;1;0;1;;PASTILHAS TRAVÃO TRW;PASTILHAS TRAVÃO TRW;0;;
161;1606.1;GDB3522;1606.1;GDB3522;CATEGORIA0;;1;1;0;1;;PASTILHAS TRAVÃO TRW;PASTILHAS TRAVÃO TRW;0;;
161;1606.1;GDB3523;1606.1;GDB3523;CATEGORIA0;;1;1;0;1;;PASTILHAS TRAVÃO TRW;PASTILHAS TRAVÃO TRW;0;;
161;1606.1;GDB3524;1606.1;GDB3524;CATEGORIA0;;1;1;0;1;;PASTILHAS TRAVÃO TRW;PASTILHAS TRAVÃO TRW;0;;
161;1606.1;GDB3527;1606.1;GDB3527;CATEGORIA0;;1;1;0;1;;PASTILHAS TRAVÃO TRW;PASTILHAS TRAVÃO TRW;0;;
161;1606.1;GDB3528;1606.1;GDB3528;CATEGORIA0;;1;1;0;1;;PASTILHAS TRAVÃO TRW;PASTILHAS TRAVÃO TRW;0;;
161;1606.1;GDB3529;1606.1;GDB3529;CATEGORIA0;;1;1;0;1;;PASTILHAS TRAVÃO TRW;PASTILHAS TRAVÃO TRW;0;;
161;1606.1;GDB3530;1606.1;GDB3530;CATEGORIA0;;1;1;0;1;;PASTILHAS TRAVÃO TRW;PASTILHAS TRAVÃO TRW;0;;
161;1606.1;GDB3532;1606.1;GDB3532;CATEGORIA0;;1;1;0;1;;PASTILHAS TRAVÃO TRW;PASTILHAS TRAVÃO TRW;0;;
161;1606.1;GDB3534;1606.1;GDB3534;CATEGORIA0;;1;1;0;1;;PASTILHAS TRAVÃO TRW;PASTILHAS TRAVÃO TRW;0;;
161;1606.1;GDB3535;1606.1;GDB3535;CATEGORIA0;;1;1;0;1;;PASTILHAS TRAVÃO TRW;PASTILHAS TRAVÃO TRW;0;;
161;1606.1;GDB3537;1606.1;GDB3537;CATEGORIA0;;1;1;0;1;;PASTILHAS TRAVÃO TRW;PASTILHAS TRAVÃO TRW;0;;
161;1606.1;GDB3539;1606.1;GDB3539;CATEGORIA0;;1;1;0;1;;PASTILHAS TRAVÃO TRW;PASTILHAS TRAVÃO TRW;0;;
161;1606.1;GDB354;1606.1;GDB354;CATEGORIA0;;1;1;0;1;;PASTILHAS TRAVÃO TRW;PASTILHAS TRAVÃO TRW;0;;
161;1606.1;GDB3540;1606.1;GDB3540;CATEGORIA0;;1;1;0;1;;PASTILHAS TRAVÃO TRW;PASTILHAS TRAVÃO TRW;0;;
161;1606.1;GDB3545;1606.1;GDB3545;CATEGORIA0;;1;1;0;1;;PASTILHAS TRAVÃO TRW;PASTILHAS TRAVÃO TRW;0;;
161;1606.1;GDB3546;1606.1;GDB3546;CATEGORIA0;;1;1;0;1;;PASTILHAS TRAVÃO TRW;PASTILHAS TRAVÃO TRW;0;;
161;1606.1;GDB3547;1606.1;GDB3547;CATEGORIA0;;1;1;0;1;;PASTILHAS TRAVÃO TRW;PASTILHAS TRAVÃO TRW;0;;
161;1606.1;GDB3548;1606.1;GDB3548;CATEGORIA0;;1;1;0;1;;PASTILHAS TRAVÃO TRW;PASTILHAS TRAVÃO TRW;0;;
161;1606.1;GDB3549;1606.1;GDB3549;CATEGORIA0;;1;1;0;1;;PASTILHAS TRAVÃO TRW;PASTILHAS TRAVÃO TRW;0;;
161;1606.1;GDB355;1606.1;GDB355;CATEGORIA0;;1;1;0;1;;PASTILHAS TRAVÃO TRW;PASTILHAS TRAVÃO TRW;0;;
161;1606.1;GDB3552;1606.1;GDB3552;CATEGORIA0;;1;1;0;1;;PASTILHAS TRAVÃO TRW;PASTILHAS TRAVÃO TRW;0;;
161;1606.1;GDB3553;1606.1;GDB3553;CATEGORIA0;;1;1;0;1;;PASTILHAS TRAVÃO TRW;PASTILHAS TRAVÃO TRW;0;;
161;1606.1;GDB3560;1606.1;GDB3560;CATEGORIA0;;1;1;0;1;;PASTILHAS TRAVÃO TRW;PASTILHAS TRAVÃO TRW;0;;
161;1606.1;GDB3562;1606.1;GDB3562;CATEGORIA0;;1;1;0;1;;PASTILHAS TRAVÃO TRW;PASTILHAS TRAVÃO TRW;0;;
161;1606.1;GDB3563;1606.1;GDB3563;CATEGORIA0;;1;1;0;1;;PASTILHAS TRAVÃO TRW;PASTILHAS TRAVÃO TRW;0;;
161;1606.1;GDB3564;1606.1;GDB3564;CATEGORIA0;;1;1;0;1;;PASTILHAS TRAVÃO TRW;PASTILHAS TRAVÃO TRW;0;;
161;1606.1;GDB3565;1606.1;GDB3565;CATEGORIA0;;1;1;0;1;;PASTILHAS TRAVÃO TRW;PASTILHAS TRAVÃO TRW;0;;
161;1606.1;GDB3566;1606.1;GDB3566;CATEGORIA0;;1;1;0;1;;PASTILHAS TRAVÃO TRW;PASTILHAS TRAVÃO TRW;0;;
161;1606.1;GDB3567;1606.1;GDB3567;CATEGORIA0;;1;1;0;1;;PASTILHAS TRAVÃO TRW;PASTILHAS TRAVÃO TRW;0;;
161;1606.1;GDB3568;1606.1;GDB3568;CATEGORIA0;;1;1;0;1;;PASTILHAS TRAVÃO TRW;PASTILHAS TRAVÃO TRW;0;;
161;1606.1;GDB3569;1606.1;GDB3569;CATEGORIA0;;1;1;0;1;;PASTILHAS TRAVÃO TRW;PASTILHAS TRAVÃO TRW;0;;
161;1606.1;GDB3570;1606.1;GDB3570;CATEGORIA0;;1;1;0;1;;PASTILHAS TRAVÃO TRW;PASTILHAS TRAVÃO TRW;0;;
161;1606.1;GDB3573;1606.1;GDB3573;CATEGORIA0;;1;1;0;1;;PASTILHAS TRAVÃO TRW;PASTILHAS TRAVÃO TRW;0;;
161;1606.1;GDB3576;1606.1;GDB3576;CATEGORIA0;;1;1;0;1;;PASTILHAS TRAVÃO TRW;PASTILHAS TRAVÃO TRW;0;;
161;1606.1;GDB3577;1606.1;GDB3577;CATEGORIA0;;1;1;0;1;;PASTILHAS TRAVÃO TRW;PASTILHAS TRAVÃO TRW;0;;
161;1606.1;GDB3579;1606.1;GDB3579;CATEGORIA0;;1;1;0;1;;PASTILHAS TRAVÃO TRW;PASTILHAS TRAVÃO TRW;0;;
161;1606.1;GDB358;1606.1;GDB358;CATEGORIA0;;1;1;0;1;;PASTILHAS TRAVÃO TRW;PASTILHAS TRAVÃO TRW;0;;
161;1606.1;GDB3580;1606.1;GDB3580;CATEGORIA0;;1;1;0;1;;PASTILHAS TRAVÃO TRW;PASTILHAS TRAVÃO TRW;0;;
161;1606.1;GDB3581;1606.1;GDB3581;CATEGORIA0;;1;1;0;1;;PASTILHAS TRAVÃO TRW;PASTILHAS TRAVÃO TRW;0;;
161;1606.1;GDB3582;1606.1;GDB3582;CATEGORIA0;;1;1;0;1;;PASTILHAS TRAVÃO TRW;PASTILHAS TRAVÃO TRW;0;;
161;1606.1;GDB3583;1606.1;GDB3583;CATEGORIA0;;1;1;0;1;;PASTILHAS TRAVÃO TRW;PASTILHAS TRAVÃO TRW;0;;
161;1606.1;GDB3583BTE;1606.1;GDB3583BTE;CATEGORIA0;;1;1;0;1;;PASTILHAS TRAVÃO TRW;PASTILHAS TRAVÃO TRW;0;;
161;1606.1;GDB3585;1606.1;GDB3585;CATEGORIA0;;1;1;0;1;;PASTILHAS TRAVÃO TRW;PASTILHAS TRAVÃO TRW;0;;
161;1606.1;GDB3588;1606.1;GDB3588;CATEGORIA0;;1;1;0;1;;PASTILHAS TRAVÃO TRW;PASTILHAS TRAVÃO TRW;0;;
161;1606.1;GDB359;1606.1;GDB359;CATEGORIA0;;1;1;0;1;;PASTILHAS TRAVÃO TRW;PASTILHAS TRAVÃO TRW;0;;
161;1606.1;GDB3592;1606.1;GDB3592;CATEGORIA0;;1;1;0;1;;PASTILHAS TRAVÃO TRW;PASTILHAS TRAVÃO TRW;0;;
161;1606.1;GDB3593;1606.1;GDB3593;CATEGORIA0;;1;1;0;1;;PASTILHAS TRAVÃO TRW;PASTILHAS TRAVÃO TRW;0;;
161;1606.1;GDB3594;1606.1;GDB3594;CATEGORIA0;;1;1;0;1;;PASTILHAS TRAVÃO TRW;PASTILHAS TRAVÃO TRW;0;;
161;1606.1;GDB3595;1606.1;GDB3595;CATEGORIA0;;1;1;0;1;;PASTILHAS TRAVÃO TRW;PASTILHAS TRAVÃO TRW;0;;
161;1606.1;GDB3598;1606.1;GDB3598;CATEGORIA0;;1;1;0;1;;PASTILHAS TRAVÃO TRW;PASTILHAS TRAVÃO TRW;0;;
161;1606.1;GDB360;1606.1;GDB360;CATEGORIA0;;1;1;0;1;;PASTILHAS TRAVÃO TRW;PASTILHAS TRAVÃO TRW;0;;
161;1606.1;GDB3600;1606.1;GDB3600;CATEGORIA0;;1;1;0;1;;PASTILHAS TRAVÃO TRW;PASTILHAS TRAVÃO TRW;0;;
161;1606.1;GDB3609;1606.1;GDB3609;CATEGORIA0;;1;1;0;1;;PASTILHAS TRAVÃO TRW;PASTILHAS TRAVÃO TRW;0;;
161;1606.1;GDB361;1606.1;GDB361;CATEGORIA0;;1;1;0;1;;PASTILHAS TRAVÃO TRW;PASTILHAS TRAVÃO TRW;0;;
161;1606.1;GDB3610;1606.1;GDB3610;CATEGORIA0;;1;1;0;1;;PASTILHAS TRAVÃO TRW;PASTILHAS TRAVÃO TRW;0;;
161;1606.1;GDB3611;1606.1;GDB3611;CATEGORIA0;;1;1;0;1;;PASTILHAS TRAVÃO TRW;PASTILHAS TRAVÃO TRW;0;;
161;1606.1;GDB3612;1606.1;GDB3612;CATEGORIA0;;1;1;0;1;;PASTILHAS TRAVÃO TRW;PASTILHAS TRAVÃO TRW;0;;
161;1606.1;GDB3613;1606.1;GDB3613;CATEGORIA0;;1;1;0;1;;PASTILHAS TRAVÃO TRW;PASTILHAS TRAVÃO TRW;0;;
161;1606.1;GDB3614;1606.1;GDB3614;CATEGORIA0;;1;1;0;1;;PASTILHAS TRAVÃO TRW;PASTILHAS TRAVÃO TRW;0;;
161;1606.1;GDB3615;1606.1;GDB3615;CATEGORIA0;;1;1;0;1;;PASTILHAS TRAVÃO TRW;PASTILHAS TRAVÃO TRW;0;;
161;1606.1;GDB3616;1606.1;GDB3616;CATEGORIA0;;1;1;0;1;;PASTILHAS TRAVÃO TRW;PASTILHAS TRAVÃO TRW;0;;
161;1606.1;GDB3617;1606.1;GDB3617;CATEGORIA0;;1;1;0;1;;PASTILHAS TRAVÃO TRW;PASTILHAS TRAVÃO TRW;0;;
161;1606.1;GDB3618;1606.1;GDB3618;CATEGORIA0;;1;1;0;1;;PASTILHAS TRAVÃO TRW;PASTILHAS TRAVÃO TRW;0;;
161;1606.1;GDB362;1606.1;GDB362;CATEGORIA0;;1;1;0;1;;PASTILHAS TRAVÃO TRW;PASTILHAS TRAVÃO TRW;0;;
161;1606.1;GDB3621;1606.1;GDB3621;CATEGORIA0;;1;1;0;1;;PASTILHAS TRAVÃO TRW;PASTILHAS TRAVÃO TRW;0;;
161;1606.1;GDB3622;1606.1;GDB3622;CATEGORIA0;;1;1;0;1;;PASTILHAS TRAVÃO TRW;PASTILHAS TRAVÃO TRW;0;;
161;1606.1;GDB3624;1606.1;GDB3624;CATEGORIA0;;1;1;0;1;;PASTILHAS TRAVÃO TRW;PASTILHAS TRAVÃO TRW;0;;
161;1606.1;GDB3625;1606.1;GDB3625;CATEGORIA0;;1;1;0;1;;PASTILHAS TRAVÃO TRW;PASTILHAS TRAVÃO TRW;0;;
161;1606.1;GDB3626;1606.1;GDB3626;CATEGORIA0;;1;1;0;1;;PASTILHAS TRAVÃO TRW;PASTILHAS TRAVÃO TRW;0;;
161;1606.1;GDB3627;1606.1;GDB3627;CATEGORIA0;;1;1;0;1;;PASTILHAS TRAVÃO TRW;PASTILHAS TRAVÃO TRW;0;;
161;1606.1;GDB3628;1606.1;GDB3628;CATEGORIA0;;1;1;0;1;;PASTILHAS TRAVÃO TRW;PASTILHAS TRAVÃO TRW;0;;
161;1606.1;GDB3629;1606.1;GDB3629;CATEGORIA0;;1;1;0;1;;PASTILHAS TRAVÃO TRW;PASTILHAS TRAVÃO TRW;0;;
161;1606.1;GDB363;1606.1;GDB363;CATEGORIA0;;1;1;0;1;;PASTILHAS TRAVÃO TRW;PASTILHAS TRAVÃO TRW;0;;
161;1606.1;GDB3630;1606.1;GDB3630;CATEGORIA0;;1;1;0;1;;PASTILHAS TRAVÃO TRW;PASTILHAS TRAVÃO TRW;0;;
161;1606.1;GDB3631;1606.1;GDB3631;CATEGORIA0;;1;1;0;1;;PASTILHAS TRAVÃO TRW;PASTILHAS TRAVÃO TRW;0;;
161;1606.1;GDB3632;1606.1;GDB3632;CATEGORIA0;;1;1;0;1;;PASTILHAS TRAVÃO TRW;PASTILHAS TRAVÃO TRW;0;;
161;1606.1;GDB3633;1606.1;GDB3633;CATEGORIA0;;1;1;0;1;;PASTILHAS TRAVÃO TRW;PASTILHAS TRAVÃO TRW;0;;
161;1606.1;GDB3634;1606.1;GDB3634;CATEGORIA0;;1;1;0;1;;PASTILHAS TRAVÃO TRW;PASTILHAS TRAVÃO TRW;0;;
161;1606.1;GDB3635;1606.1;GDB3635;CATEGORIA0;;1;1;0;1;;PASTILHAS TRAVÃO TRW;PASTILHAS TRAVÃO TRW;0;;
161;1606.1;GDB3636;1606.1;GDB3636;CATEGORIA0;;1;1;0;1;;PASTILHAS TRAVÃO TRW;PASTILHAS TRAVÃO TRW;0;;
161;1606.1;GDB3638;1606.1;GDB3638;CATEGORIA0;;1;1;0;1;;PASTILHAS TRAVÃO TRW;PASTILHAS TRAVÃO TRW;0;;
161;1606.1;GDB3639;1606.1;GDB3639;CATEGORIA0;;1;1;0;1;;PASTILHAS TRAVÃO TRW;PASTILHAS TRAVÃO TRW;0;;
161;1606.1;GDB364;1606.1;GDB364;CATEGORIA0;;1;1;0;1;;PASTILHAS TRAVÃO TRW;PASTILHAS TRAVÃO TRW;0;;
161;1606.1;GDB3640;1606.1;GDB3640;CATEGORIA0;;1;1;0;1;;PASTILHAS TRAVÃO TRW;PASTILHAS TRAVÃO TRW;0;;
161;1606.1;GDB3641;1606.1;GDB3641;CATEGORIA0;;1;1;0;1;;PASTILHAS TRAVÃO TRW;PASTILHAS TRAVÃO TRW;0;;
161;1606.1;GDB3642;1606.1;GDB3642;CATEGORIA0;;1;1;0;1;;PASTILHAS TRAVÃO TRW;PASTILHAS TRAVÃO TRW;0;;
161;1606.1;GDB3643;1606.1;GDB3643;CATEGORIA0;;1;1;0;1;;PASTILHAS TRAVÃO TRW;PASTILHAS TRAVÃO TRW;0;;
161;1606.1;GDB3644;1606.1;GDB3644;CATEGORIA0;;1;1;0;1;;PASTILHAS TRAVÃO TRW;PASTILHAS TRAVÃO TRW;0;;
161;1606.1;GDB3645;1606.1;GDB3645;CATEGORIA0;;1;1;0;1;;PASTILHAS TRAVÃO TRW;PASTILHAS TRAVÃO TRW;0;;
161;1606.1;GDB3646;1606.1;GDB3646;CATEGORIA0;;1;1;0;1;;PASTILHAS TRAVÃO TRW;PASTILHAS TRAVÃO TRW;0;;
161;1606.1;GDB3647;1606.1;GDB3647;CATEGORIA0;;1;1;0;1;;PASTILHAS TRAVÃO TRW;PASTILHAS TRAVÃO TRW;0;;
161;1606.1;GDB3648;1606.1;GDB3648;CATEGORIA0;;1;1;0;1;;PASTILHAS TRAVÃO TRW;PASTILHAS TRAVÃO TRW;0;;
161;1606.1;GDB365;1606.1;GDB365;CATEGORIA0;;1;1;0;1;;PASTILHAS TRAVÃO TRW;PASTILHAS TRAVÃO TRW;0;;
161;1606.1;GDB367;1606.1;GDB367;CATEGORIA0;;1;1;0;1;;PASTILHAS TRAVÃO TRW;PASTILHAS TRAVÃO TRW;0;;
161;1606.1;GDB368;1606.1;GDB368;CATEGORIA0;;1;1;0;1;;PASTILHAS TRAVÃO TRW;PASTILHAS TRAVÃO TRW;0;;
161;1606.1;GDB371;1606.1;GDB371;CATEGORIA0;;1;1;0;1;;PASTILHAS TRAVÃO TRW;PASTILHAS TRAVÃO TRW;0;;
161;1606.1;GDB372;1606.1;GDB372;CATEGORIA0;;1;1;0;1;;PASTILHAS TRAVÃO TRW;PASTILHAS TRAVÃO TRW;0;;
161;1606.1;GDB373;1606.1;GDB373;CATEGORIA0;;1;1;0;1;;PASTILHAS TRAVÃO TRW;PASTILHAS TRAVÃO TRW;0;;
161;1606.1;GDB374;1606.1;GDB374;CATEGORIA0;;1;1;0;1;;PASTILHAS TRAVÃO TRW;PASTILHAS TRAVÃO TRW;0;;
161;1606.1;GDB375;1606.1;GDB375;CATEGORIA0;;1;1;0;1;;PASTILHAS TRAVÃO TRW;PASTILHAS TRAVÃO TRW;0;;
161;1606.1;GDB377;1606.1;GDB377;CATEGORIA0;;1;1;0;1;;PASTILHAS TRAVÃO TRW;PASTILHAS TRAVÃO TRW;0;;
161;1606.1;GDB379;1606.1;GDB379;CATEGORIA0;;1;1;0;1;;PASTILHAS TRAVÃO TRW;PASTILHAS TRAVÃO TRW;0;;
161;1606.1;GDB380;1606.1;GDB380;CATEGORIA0;;1;1;0;1;;PASTILHAS TRAVÃO TRW;PASTILHAS TRAVÃO TRW;0;;
161;1606.1;GDB381;1606.1;GDB381;CATEGORIA0;;1;1;0;1;;PASTILHAS TRAVÃO TRW;PASTILHAS TRAVÃO TRW;0;;
161;1606.1;GDB382;1606.1;GDB382;CATEGORIA0;;1;1;0;1;;PASTILHAS TRAVÃO TRW;PASTILHAS TRAVÃO TRW;0;;
161;1606.1;GDB383;1606.1;GDB383;CATEGORIA0;;1;1;0;1;;PASTILHAS TRAVÃO TRW;PASTILHAS TRAVÃO TRW;0;;
161;1606.1;GDB386;1606.1;GDB386;CATEGORIA0;;1;1;0;1;;PASTILHAS TRAVÃO TRW;PASTILHAS TRAVÃO TRW;0;;
161;1606.1;GDB388;1606.1;GDB388;CATEGORIA0;;1;1;0;1;;PASTILHAS TRAVÃO TRW;PASTILHAS TRAVÃO TRW;0;;
161;1606.1;GDB389;1606.1;GDB389;CATEGORIA0;;1;1;0;1;;PASTILHAS TRAVÃO TRW;PASTILHAS TRAVÃO TRW;0;;
161;1606.1;GDB390;1606.1;GDB390;CATEGORIA0;;1;1;0;1;;PASTILHAS TRAVÃO TRW;PASTILHAS TRAVÃO TRW;0;;
161;1606.1;GDB392;1606.1;GDB392;CATEGORIA0;;1;1;0;1;;PASTILHAS TRAVÃO TRW;PASTILHAS TRAVÃO TRW;0;;
161;1606.1;GDB394;1606.1;GDB394;CATEGORIA0;;1;1;0;1;;PASTILHAS TRAVÃO TRW;PASTILHAS TRAVÃO TRW;0;;
161;1606.1;GDB395;1606.1;GDB395;CATEGORIA0;;1;1;0;1;;PASTILHAS TRAVÃO TRW;PASTILHAS TRAVÃO TRW;0;;
161;1606.1;GDB397;1606.1;GDB397;CATEGORIA0;;1;1;0;1;;PASTILHAS TRAVÃO TRW;PASTILHAS TRAVÃO TRW;0;;
161;1606.1;GDB399;1606.1;GDB399;CATEGORIA0;;1;1;0;1;;PASTILHAS TRAVÃO TRW;PASTILHAS TRAVÃO TRW;0;;
161;1606.1;GDB400;1606.1;GDB400;CATEGORIA0;;1;1;0;1;;PASTILHAS TRAVÃO TRW;PASTILHAS TRAVÃO TRW;0;;
161;1606.1;GDB4000;1606.1;GDB4000;CATEGORIA0;;1;1;0;1;;PASTILHAS TRAVÃO TRW;PASTILHAS TRAVÃO TRW;0;;
161;1606.1;GDB4002;1606.1;GDB4002;CATEGORIA0;;1;1;0;1;;PASTILHAS TRAVÃO TRW;PASTILHAS TRAVÃO TRW;0;;
161;1606.1;GDB4003;1606.1;GDB4003;CATEGORIA0;;1;1;0;1;;PASTILHAS TRAVÃO TRW;PASTILHAS TRAVÃO TRW;0;;
161;1606.1;GDB4004;1606.1;GDB4004;CATEGORIA0;;1;1;0;1;;PASTILHAS TRAVÃO TRW;PASTILHAS TRAVÃO TRW;0;;
161;1606.1;GDB4005;1606.1;GDB4005;CATEGORIA0;;1;1;0;1;;PASTILHAS TRAVÃO TRW;PASTILHAS TRAVÃO TRW;0;;
161;1606.1;GDB4006;1606.1;GDB4006;CATEGORIA0;;1;1;0;1;;PASTILHAS TRAVÃO TRW;PASTILHAS TRAVÃO TRW;0;;
161;1606.1;GDB4010;1606.1;GDB4010;CATEGORIA0;;1;1;0;1;;PASTILHAS TRAVÃO TRW;PASTILHAS TRAVÃO TRW;0;;
161;1606.1;GDB4012;1606.1;GDB4012;CATEGORIA0;;1;1;0;1;;PASTILHAS TRAVÃO TRW;PASTILHAS TRAVÃO TRW;0;;
161;1606.1;GDB4013;1606.1;GDB4013;CATEGORIA0;;1;1;0;1;;PASTILHAS TRAVÃO TRW;PASTILHAS TRAVÃO TRW;0;;
161;1606.1;GDB4014;1606.1;GDB4014;CATEGORIA0;;1;1;0;1;;PASTILHAS TRAVÃO TRW;PASTILHAS TRAVÃO TRW;0;;
161;1606.1;GDB4016;1606.1;GDB4016;CATEGORIA0;;1;1;0;1;;PASTILHAS TRAVÃO TRW;PASTILHAS TRAVÃO TRW;0;;
161;1606.1;GDB403;1606.1;GDB403;CATEGORIA0;;1;1;0;1;;PASTILHAS TRAVÃO TRW;PASTILHAS TRAVÃO TRW;0;;
161;1606.1;GDB4033;1606.1;GDB4033;CATEGORIA0;;1;1;0;1;;PASTILHAS TRAVÃO TRW;PASTILHAS TRAVÃO TRW;0;;
161;1606.1;GDB404;1606.1;GDB404;CATEGORIA0;;1;1;0;1;;PASTILHAS TRAVÃO TRW;PASTILHAS TRAVÃO TRW;0;;
161;1606.1;GDB4041;1606.1;GDB4041;CATEGORIA0;;1;1;0;1;;PASTILHAS TRAVÃO TRW;PASTILHAS TRAVÃO TRW;0;;
161;1606.1;GDB4042;1606.1;GDB4042;CATEGORIA0;;1;1;0;1;;PASTILHAS TRAVÃO TRW;PASTILHAS TRAVÃO TRW;0;;
161;1606.1;GDB4045;1606.1;GDB4045;CATEGORIA0;;1;1;0;1;;PASTILHAS TRAVÃO TRW;PASTILHAS TRAVÃO TRW;0;;
161;1606.1;GDB405;1606.1;GDB405;CATEGORIA0;;1;1;0;1;;PASTILHAS TRAVÃO TRW;PASTILHAS TRAVÃO TRW;0;;
161;1606.1;GDB4054;1606.1;GDB4054;CATEGORIA0;;1;1;0;1;;PASTILHAS TRAVÃO TRW;PASTILHAS TRAVÃO TRW;0;;
161;1606.1;GDB407;1606.1;GDB407;CATEGORIA0;;1;1;0;1;;PASTILHAS TRAVÃO TRW;PASTILHAS TRAVÃO TRW;0;;
161;1606.1;GDB4076;1606.1;GDB4076;CATEGORIA0;;1;1;0;1;;PASTILHAS TRAVÃO TRW;PASTILHAS TRAVÃO TRW;0;;
161;1606.1;GDB4084;1606.1;GDB4084;CATEGORIA0;;1;1;0;1;;PASTILHAS TRAVÃO TRW;PASTILHAS TRAVÃO TRW;0;;
161;1606.1;GDB4089;1606.1;GDB4089;CATEGORIA0;;1;1;0;1;;PASTILHAS TRAVÃO TRW;PASTILHAS TRAVÃO TRW;0;;
161;1606.1;GDB4091;1606.1;GDB4091;CATEGORIA0;;1;1;0;1;;PASTILHAS TRAVÃO TRW;PASTILHAS TRAVÃO TRW;0;;
161;1606.1;GDB4094;1606.1;GDB4094;CATEGORIA0;;1;1;0;1;;PASTILHAS TRAVÃO TRW;PASTILHAS TRAVÃO TRW;0;;
161;1606.1;GDB4098;1606.1;GDB4098;CATEGORIA0;;1;1;0;1;;PASTILHAS TRAVÃO TRW;PASTILHAS TRAVÃO TRW;0;;
161;1606.1;GDB4104;1606.1;GDB4104;CATEGORIA0;;1;1;0;1;;PASTILHAS TRAVÃO TRW;PASTILHAS TRAVÃO TRW;0;;
161;1606.1;GDB4118;1606.1;GDB4118;CATEGORIA0;;1;1;0;1;;PASTILHAS TRAVÃO;PASTILHAS TRAVÃO;0;;
161;1606.1;GDB4119;1606.1;GDB4119;CATEGORIA0;;1;1;0;1;;PASTILHAS TRAVÃO TRW;PASTILHAS TRAVÃO TRW;0;;
161;1606.1;GDB412;1606.1;GDB412;CATEGORIA0;;1;1;0;1;;PASTILHAS TRAVÃO TRW;PASTILHAS TRAVÃO TRW;0;;
161;1606.1;GDB4120;1606.1;GDB4120;CATEGORIA0;;1;1;0;1;;PASTILHAS TRAVÃO TRW;PASTILHAS TRAVÃO TRW;0;;
161;1606.1;GDB4123;1606.1;GDB4123;CATEGORIA0;;1;1;0;1;;PASTILHAS TRAVÃO TRW;PASTILHAS TRAVÃO TRW;0;;
161;1606.1;GDB4124;1606.1;GDB4124;CATEGORIA0;;1;1;0;1;;PASTILHAS TRAVÃO TRW;PASTILHAS TRAVÃO TRW;0;;
161;1606.1;GDB4125;1606.1;GDB4125;CATEGORIA0;;1;1;0;1;;PASTILHAS TRAVÃO TRW;PASTILHAS TRAVÃO TRW;0;;
161;1606.1;GDB4126;1606.1;GDB4126;CATEGORIA0;;1;1;0;1;;PASTILHAS TRAVÃO TRW;PASTILHAS TRAVÃO TRW;0;;
161;1606.1;GDB4127;1606.1;GDB4127;CATEGORIA0;;1;1;0;1;;PASTILHAS TRAVÃO TRW;PASTILHAS TRAVÃO TRW;0;;
161;1606.1;GDB4128;1606.1;GDB4128;CATEGORIA0;;1;1;0;1;;PASTILHAS TRAVÃO TRW;PASTILHAS TRAVÃO TRW;0;;
161;1606.1;GDB4129;1606.1;GDB4129;CATEGORIA0;;1;1;0;1;;PASTILHAS TRAVÃO TRW;PASTILHAS TRAVÃO TRW;0;;
161;1606.1;GDB4130;1606.1;GDB4130;CATEGORIA0;;1;1;0;1;;PASTILHAS TRAVÃO TRW;PASTILHAS TRAVÃO TRW;0;;
161;1606.1;GDB4131;1606.1;GDB4131;CATEGORIA0;;1;1;0;1;;PASTILHAS TRAVÃO TRW;PASTILHAS TRAVÃO TRW;0;;
161;1606.1;GDB4132;1606.1;GDB4132;CATEGORIA0;;1;1;0;1;;PASTILHAS TRAVÃO TRW;PASTILHAS TRAVÃO TRW;0;;
161;1606.1;GDB4133;1606.1;GDB4133;CATEGORIA0;;1;1;0;1;;PASTILHAS TRAVÃO TRW;PASTILHAS TRAVÃO TRW;0;;
161;1606.1;GDB4134;1606.1;GDB4134;CATEGORIA0;;1;1;0;1;;PASTILHAS TRAVÃO TRW;PASTILHAS TRAVÃO TRW;0;;
161;1606.1;GDB4135;1606.1;GDB4135;CATEGORIA0;;1;1;0;1;;PASTILHAS TRAVÃO TRW;PASTILHAS TRAVÃO TRW;0;;
161;1606.1;GDB4136;1606.1;GDB4136;CATEGORIA0;;1;1;0;1;;PASTILHAS TRAVÃO TRW;PASTILHAS TRAVÃO TRW;0;;
161;1606.1;GDB4137;1606.1;GDB4137;CATEGORIA0;;1;1;0;1;;PASTILHAS TRAVÃO TRW;PASTILHAS TRAVÃO TRW;0;;
161;1606.1;GDB4138;1606.1;GDB4138;CATEGORIA0;;1;1;0;1;;PASTILHAS TRAVÃO TRW;PASTILHAS TRAVÃO TRW;0;;
161;1606.1;GDB4139;1606.1;GDB4139;CATEGORIA0;;1;1;0;1;;PASTILHAS TRAVÃO TRW;PASTILHAS TRAVÃO TRW;0;;
161;1606.1;GDB4140;1606.1;GDB4140;CATEGORIA0;;1;1;0;1;;PASTILHAS TRAVÃO TRW;PASTILHAS TRAVÃO TRW;0;;
161;1606.1;GDB4141;1606.1;GDB4141;CATEGORIA0;;1;1;0;1;;PASTILHAS TRAVÃO TRW;PASTILHAS TRAVÃO TRW;0;;
161;1606.1;GDB4142;1606.1;GDB4142;CATEGORIA0;;1;1;0;1;;PASTILHAS TRAVÃO TRW;PASTILHAS TRAVÃO TRW;0;;
161;1606.1;GDB4143;1606.1;GDB4143;CATEGORIA0;;1;1;0;1;;PASTILHAS TRAVÃO TRW;PASTILHAS TRAVÃO TRW;0;;
161;1606.1;GDB4145;1606.1;GDB4145;CATEGORIA0;;1;1;0;1;;PASTILHAS TRAVÃO TRW;PASTILHAS TRAVÃO TRW;0;;
161;1606.1;GDB417;1606.1;GDB417;CATEGORIA0;;1;1;0;1;;PASTILHAS TRAVÃO TRW;PASTILHAS TRAVÃO TRW;0;;
161;1606.1;GDB4171;1606.1;GDB4171;CATEGORIA0;;1;1;0;1;;PASTILHAS TRAVÃO TRW;PASTILHAS TRAVÃO TRW;0;;
161;1606.1;GDB4171BTE;1606.1;GDB4171BTE;CATEGORIA0;;1;1;0;1;;PASTILHAS TRAVÃO TRW;PASTILHAS TRAVÃO TRW;0;;
161;1606.1;GDB4172;1606.1;GDB4172;CATEGORIA0;;1;1;0;1;;PASTILHAS TRAVÃO TRW;PASTILHAS TRAVÃO TRW;0;;
161;1606.1;GDB4173;1606.1;GDB4173;CATEGORIA0;;1;1;0;1;;PASTILHAS TRAVÃO TRW;PASTILHAS TRAVÃO TRW;0;;
161;1606.1;GDB4173BTE;1606.1;GDB4173BTE;CATEGORIA0;;1;1;0;1;;PASTILHAS TRAVÃO TRW;PASTILHAS TRAVÃO TRW;0;;
161;1606.1;GDB4174;1606.1;GDB4174;CATEGORIA0;;1;1;0;1;;PASTILHAS TRAVÃO TRW;PASTILHAS TRAVÃO TRW;0;;
161;1606.1;GDB4175;1606.1;GDB4175;CATEGORIA0;;1;1;0;1;;PASTILHAS TRAVÃO TRW;PASTILHAS TRAVÃO TRW;0;;
161;1606.1;GDB4176;1606.1;GDB4176;CATEGORIA0;;1;1;0;1;;PASTILHAS TRAVÃO TRW;PASTILHAS TRAVÃO TRW;0;;
161;1606.1;GDB4178;1606.1;GDB4178;CATEGORIA0;;1;1;0;1;;PASTILHAS TRAVÃO TRW;PASTILHAS TRAVÃO TRW;0;;
161;1606.1;GDB4179;1606.1;GDB4179;CATEGORIA0;;1;1;0;1;;PASTILHAS TRAVÃO TRW;PASTILHAS TRAVÃO TRW;0;;
161;1606.1;GDB418;1606.1;GDB418;CATEGORIA0;;1;1;0;1;;PASTILHAS TRAVÃO TRW;PASTILHAS TRAVÃO TRW;0;;
161;1606.1;GDB421;1606.1;GDB421;CATEGORIA0;;1;1;0;1;;PASTILHAS TRAVÃO TRW;PASTILHAS TRAVÃO TRW;0;;
161;1606.1;GDB422;1606.1;GDB422;CATEGORIA0;;1;1;0;1;;PASTILHAS TRAVÃO TRW;PASTILHAS TRAVÃO TRW;0;;
161;1606.1;GDB425;1606.1;GDB425;CATEGORIA0;;1;1;0;1;;PASTILHAS TRAVÃO TRW;PASTILHAS TRAVÃO TRW;0;;
161;1606.1;GDB428;1606.1;GDB428;CATEGORIA0;;1;1;0;1;;PASTILHAS TRAVÃO TRW;PASTILHAS TRAVÃO TRW;0;;
161;1606.1;GDB430;1606.1;GDB430;CATEGORIA0;;1;1;0;1;;PASTILHAS TRAVÃO TRW;PASTILHAS TRAVÃO TRW;0;;
161;1606.1;GDB434;1606.1;GDB434;CATEGORIA0;;1;1;0;1;;PASTILHAS TRAVÃO TRW;PASTILHAS TRAVÃO TRW;0;;
161;1606.1;GDB440;1606.1;GDB440;CATEGORIA0;;1;1;0;1;;PASTILHAS TRAVÃO TRW;PASTILHAS TRAVÃO TRW;0;;
161;1606.1;GDB442;1606.1;GDB442;CATEGORIA0;;1;1;0;1;;PASTILHAS TRAVÃO TRW;PASTILHAS TRAVÃO TRW;0;;
161;1606.1;GDB443;1606.1;GDB443;CATEGORIA0;;1;1;0;1;;PASTILHAS TRAVÃO TRW;PASTILHAS TRAVÃO TRW;0;;
161;1606.1;GDB4448;1606.1;GDB4448;CATEGORIA0;;1;1;0;1;;PASTILHAS TRAVÃO TRW;PASTILHAS TRAVÃO TRW;0;;
161;1606.1;GDB4449;1606.1;GDB4449;CATEGORIA0;;1;1;0;1;;PASTILHAS TRAVÃO TRW;PASTILHAS TRAVÃO TRW;0;;
161;1606.1;GDB4450;1606.1;GDB4450;CATEGORIA0;;1;1;0;1;;PASTILHAS TRAVÃO TRW;PASTILHAS TRAVÃO TRW;0;;
161;1606.1;GDB4451;1606.1;GDB4451;CATEGORIA0;;1;1;0;1;;PASTILHAS TRAVÃO TRW;PASTILHAS TRAVÃO TRW;0;;
161;1606.1;GDB4452;1606.1;GDB4452;CATEGORIA0;;1;1;0;1;;PASTILHAS TRAVÃO TRW;PASTILHAS TRAVÃO TRW;0;;
161;1606.1;GDB4453;1606.1;GDB4453;CATEGORIA0;;1;1;0;1;;PASTILHAS TRAVÃO TRW;PASTILHAS TRAVÃO TRW;0;;
161;1606.1;GDB4454;1606.1;GDB4454;CATEGORIA0;;1;1;0;1;;PASTILHAS TRAVÃO TRW;PASTILHAS TRAVÃO TRW;0;;
161;1606.1;GDB4455;1606.1;GDB4455;CATEGORIA0;;1;1;0;1;;PASTILHAS TRAVÃO TRW;PASTILHAS TRAVÃO TRW;0;;
161;1606.1;GDB4456;1606.1;GDB4456;CATEGORIA0;;1;1;0;1;;PASTILHAS TRAVÃO TRW;PASTILHAS TRAVÃO TRW;0;;
161;1606.1;GDB4457;1606.1;GDB4457;CATEGORIA0;;1;1;0;1;;PASTILHAS TRAVÃO TRW;PASTILHAS TRAVÃO TRW;0;;
161;1606.1;GDB4459;1606.1;GDB4459;CATEGORIA0;;1;1;0;1;;PASTILHAS TRAVÃO TRW;PASTILHAS TRAVÃO TRW;0;;
161;1606.1;GDB446;1606.1;GDB446;CATEGORIA0;;1;1;0;1;;PASTILHAS TRAVÃO TRW;PASTILHAS TRAVÃO TRW;0;;
161;1606.1;GDB4460;1606.1;GDB4460;CATEGORIA0;;1;1;0;1;;PASTILHAS TRAVÃO TRW;PASTILHAS TRAVÃO TRW;0;;
161;1606.1;GDB447;1606.1;GDB447;CATEGORIA0;;1;1;0;1;;PASTILHAS TRAVÃO TRW;PASTILHAS TRAVÃO TRW;0;;
161;1606.1;GDB454;1606.1;GDB454;CATEGORIA0;;1;1;0;1;;PASTILHAS TRAVÃO TRW;PASTILHAS TRAVÃO TRW;0;;
161;1606.1;GDB457;1606.1;GDB457;CATEGORIA0;;1;1;0;1;;PASTILHAS TRAVÃO TRW;PASTILHAS TRAVÃO TRW;0;;
161;1606.1;GDB458;1606.1;GDB458;CATEGORIA0;;1;1;0;1;;PASTILHAS TRAVÃO TRW;PASTILHAS TRAVÃO TRW;0;;
161;1606.1;GDB459;1606.1;GDB459;CATEGORIA0;;1;1;0;1;;PASTILHAS TRAVÃO TRW;PASTILHAS TRAVÃO TRW;0;;
161;1606.1;GDB460;1606.1;GDB460;CATEGORIA0;;1;1;0;1;;PASTILHAS TRAVÃO TRW;PASTILHAS TRAVÃO TRW;0;;
161;1606.1;GDB4600;1606.1;GDB4600;CATEGORIA0;;1;1;0;1;;PASTILHAS TRAVÃO TRW;PASTILHAS TRAVÃO TRW;0;;
161;1606.1;GDB4601;1606.1;GDB4601;CATEGORIA0;;1;1;0;1;;PASTILHAS TRAVÃO TRW;PASTILHAS TRAVÃO TRW;0;;
161;1606.1;GDB4602;1606.1;GDB4602;CATEGORIA0;;1;1;0;1;;PASTILHAS TRAVÃO TRW;PASTILHAS TRAVÃO TRW;0;;
161;1606.1;GDB4603;1606.1;GDB4603;CATEGORIA0;;1;1;0;1;;PASTILHAS TRAVÃO TRW;PASTILHAS TRAVÃO TRW;0;;
161;1606.1;GDB4604;1606.1;GDB4604;CATEGORIA0;;1;1;0;1;;PASTILHAS TRAVÃO TRW;PASTILHAS TRAVÃO TRW;0;;
161;1606.1;GDB4605;1606.1;GDB4605;CATEGORIA0;;1;1;0;1;;PASTILHAS TRAVÃO TRW;PASTILHAS TRAVÃO TRW;0;;
161;1606.1;GDB4606;1606.1;GDB4606;CATEGORIA0;;1;1;0;1;;PASTILHAS TRAVÃO TRW;PASTILHAS TRAVÃO TRW;0;;
161;1606.1;GDB461;1606.1;GDB461;CATEGORIA0;;1;1;0;1;;PASTILHAS TRAVÃO TRW;PASTILHAS TRAVÃO TRW;0;;
161;1606.1;GDB462;1606.1;GDB462;CATEGORIA0;;1;1;0;1;;PASTILHAS TRAVÃO TRW;PASTILHAS TRAVÃO TRW;0;;
161;1606.1;GDB463;1606.1;GDB463;CATEGORIA0;;1;1;0;1;;PASTILHAS TRAVÃO TRW;PASTILHAS TRAVÃO TRW;0;;
161;1606.1;GDB464;1606.1;GDB464;CATEGORIA0;;1;1;0;1;;PASTILHAS TRAVÃO TRW;PASTILHAS TRAVÃO TRW;0;;
161;1606.1;GDB466;1606.1;GDB466;CATEGORIA0;;1;1;0;1;;PASTILHAS TRAVÃO TRW;PASTILHAS TRAVÃO TRW;0;;
161;1606.1;GDB469;1606.1;GDB469;CATEGORIA0;;1;1;0;1;;PASTILHAS TRAVÃO TRW;PASTILHAS TRAVÃO TRW;0;;
161;1606.1;GDB471;1606.1;GDB471;CATEGORIA0;;1;1;0;1;;PASTILHAS TRAVÃO TRW;PASTILHAS TRAVÃO TRW;0;;
161;1606.1;GDB472;1606.1;GDB472;CATEGORIA0;;1;1;0;1;;PASTILHAS TRAVÃO TRW;PASTILHAS TRAVÃO TRW;0;;
161;1606.1;GDB473;1606.1;GDB473;CATEGORIA0;;1;1;0;1;;PASTILHAS TRAVÃO TRW;PASTILHAS TRAVÃO TRW;0;;
161;1606.1;GDB478;1606.1;GDB478;CATEGORIA0;;1;1;0;1;;PASTILHAS TRAVÃO TRW;PASTILHAS TRAVÃO TRW;0;;
161;1606.1;GDB479;1606.1;GDB479;CATEGORIA0;;1;1;0;1;;PASTILHAS TRAVÃO TRW;PASTILHAS TRAVÃO TRW;0;;
161;1606.1;GDB482;1606.1;GDB482;CATEGORIA0;;1;1;0;1;;PASTILHAS TRAVÃO TRW;PASTILHAS TRAVÃO TRW;0;;
161;1606.1;GDB483;1606.1;GDB483;CATEGORIA0;;1;1;0;1;;PASTILHAS TRAVÃO TRW;PASTILHAS TRAVÃO TRW;0;;
161;1606.1;GDB486;1606.1;GDB486;CATEGORIA0;;1;1;0;1;;PASTILHAS TRAVÃO TRW;PASTILHAS TRAVÃO TRW;0;;
161;1606.1;GDB493;1606.1;GDB493;CATEGORIA0;;1;1;0;1;;PASTILHAS TRAVÃO TRW;PASTILHAS TRAVÃO TRW;0;;
161;1606.1;GDB496;1606.1;GDB496;CATEGORIA0;;1;1;0;1;;PASTILHAS TRAVÃO TRW;PASTILHAS TRAVÃO TRW;0;;
161;1606.1;GDB497;1606.1;GDB497;CATEGORIA0;;1;1;0;1;;PASTILHAS TRAVÃO;PASTILHAS TRAVÃO;0;;
161;1606.1;GDB499;1606.1;GDB499;CATEGORIA0;;1;1;0;1;;PASTILHAS TRAVÃO TRW;PASTILHAS TRAVÃO TRW;0;;
161;1606.1;GDB5000;1606.1;GDB5000;CATEGORIA0;;1;1;0;1;;PASTILHAS TRAVÃO TRW;PASTILHAS TRAVÃO TRW;0;;
161;1606.1;GDB5004;1606.1;GDB5004;CATEGORIA0;;1;1;0;1;;PASTILHAS TRAVÃO TRW;PASTILHAS TRAVÃO TRW;0;;
161;1606.1;GDB5005;1606.1;GDB5005;CATEGORIA0;;1;1;0;1;;PASTILHAS TRAVÃO TRW;PASTILHAS TRAVÃO TRW;0;;
161;1606.1;GDB5008;1606.1;GDB5008;CATEGORIA0;;1;1;0;1;;PASTILHAS TRAVÃO TRW;PASTILHAS TRAVÃO TRW;0;;
161;1606.1;GDB5019;1606.1;GDB5019;CATEGORIA0;;1;1;0;1;;PASTILHAS TRAVÃO TRW;PASTILHAS TRAVÃO TRW;0;;
161;1606.1;GDB5022;1606.1;GDB5022;CATEGORIA0;;1;1;0;1;;PASTILHAS TRAVÃO TRW;PASTILHAS TRAVÃO TRW;0;;
161;1606.1;GDB5024;1606.1;GDB5024;CATEGORIA0;;1;1;0;1;;PASTILHAS TRAVÃO TRW;PASTILHAS TRAVÃO TRW;0;;
161;1606.1;GDB5050;1606.1;GDB5050;CATEGORIA0;;1;1;0;1;;PASTILHAS TRAVÃO TRW;PASTILHAS TRAVÃO TRW;0;;
161;1606.1;GDB5051;1606.1;GDB5051;CATEGORIA0;;1;1;0;1;;PASTILHAS TRAVÃO TRW;PASTILHAS TRAVÃO TRW;0;;
161;1606.1;GDB5052;1606.1;GDB5052;CATEGORIA0;;1;1;0;1;;PASTILHAS TRAVÃO TRW;PASTILHAS TRAVÃO TRW;0;;
161;1606.1;GDB5053;1606.1;GDB5053;CATEGORIA0;;1;1;0;1;;PASTILHAS TRAVÃO TRW;PASTILHAS TRAVÃO TRW;0;;
161;1606.1;GDB5054;1606.1;GDB5054;CATEGORIA0;;1;1;0;1;;PASTILHAS TRAVÃO TRW;PASTILHAS TRAVÃO TRW;0;;
161;1606.1;GDB5056;1606.1;GDB5056;CATEGORIA0;;1;1;0;1;;PASTILHAS TRAVÃO TRW;PASTILHAS TRAVÃO TRW;0;;
161;1606.1;GDB5057;1606.1;GDB5057;CATEGORIA0;;1;1;0;1;;PASTILHAS TRAVÃO TRW;PASTILHAS TRAVÃO TRW;0;;
161;1606.1;GDB5058;1606.1;GDB5058;CATEGORIA0;;1;1;0;1;;PASTILHAS TRAVÃO TRW;PASTILHAS TRAVÃO TRW;0;;
161;1606.1;GDB5059;1606.1;GDB5059;CATEGORIA0;;1;1;0;1;;PASTILHAS TRAVÃO TRW;PASTILHAS TRAVÃO TRW;0;;
161;1606.1;GDB5060;1606.1;GDB5060;CATEGORIA0;;1;1;0;1;;PASTILHAS TRAVÃO TRW;PASTILHAS TRAVÃO TRW;0;;
161;1606.1;GDB5061;1606.1;GDB5061;CATEGORIA0;;1;1;0;1;;PASTILHAS TRAVÃO TRW;PASTILHAS TRAVÃO TRW;0;;
161;1606.1;GDB5062;1606.1;GDB5062;CATEGORIA0;;1;1;0;1;;PASTILHAS TRAVÃO TRW;PASTILHAS TRAVÃO TRW;0;;
161;1606.1;GDB5063;1606.1;GDB5063;CATEGORIA0;;1;1;0;1;;PASTILHAS TRAVÃO TRW;PASTILHAS TRAVÃO TRW;0;;
161;1606.1;GDB5064;1606.1;GDB5064;CATEGORIA0;;1;1;0;1;;PASTILHAS TRAVÃO TRW;PASTILHAS TRAVÃO TRW;0;;
161;1606.1;GDB5065;1606.1;GDB5065;CATEGORIA0;;1;1;0;1;;PASTILHAS TRAVÃO TRW;PASTILHAS TRAVÃO TRW;0;;
161;1606.1;GDB5066;1606.1;GDB5066;CATEGORIA0;;1;1;0;1;;PASTILHAS TRAVÃO TRW;PASTILHAS TRAVÃO TRW;0;;
161;1606.1;GDB5067;1606.1;GDB5067;CATEGORIA0;;1;1;0;1;;PASTILHAS TRAVÃO TRW;PASTILHAS TRAVÃO TRW;0;;
161;1606.1;GDB5068;1606.1;GDB5068;CATEGORIA0;;1;1;0;1;;PASTILHAS TRAVÃO TRW;PASTILHAS TRAVÃO TRW;0;;
161;1606.1;GDB5069;1606.1;GDB5069;CATEGORIA0;;1;1;0;1;;PASTILHAS TRAVÃO TRW;PASTILHAS TRAVÃO TRW;0;;
161;1606.1;GDB5070;1606.1;GDB5070;CATEGORIA0;;1;1;0;1;;PASTILHAS TRAVÃO TRW;PASTILHAS TRAVÃO TRW;0;;
161;1606.1;GDB5071;1606.1;GDB5071;CATEGORIA0;;1;1;0;1;;PASTILHAS TRAVÃO TRW;PASTILHAS TRAVÃO TRW;0;;
161;1606.1;GDB5072;1606.1;GDB5072;CATEGORIA0;;1;1;0;1;;PASTILHAS TRAVÃO TRW;PASTILHAS TRAVÃO TRW;0;;
161;1606.1;GDB5073;1606.1;GDB5073;CATEGORIA0;;1;1;0;1;;PASTILHAS TRAVÃO TRW;PASTILHAS TRAVÃO TRW;0;;
161;1606.1;GDB5074;1606.1;GDB5074;CATEGORIA0;;1;1;0;1;;PASTILHAS TRAVÃO TRW;PASTILHAS TRAVÃO TRW;0;;
161;1606.1;GDB5076;1606.1;GDB5076;CATEGORIA0;;1;1;0;1;;PASTILHAS TRAVÃO TRW;PASTILHAS TRAVÃO TRW;0;;
161;1606.1;GDB5077;1606.1;GDB5077;CATEGORIA0;;1;1;0;1;;PASTILHAS TRAVÃO TRW;PASTILHAS TRAVÃO TRW;0;;
161;1606.1;GDB5078;1606.1;GDB5078;CATEGORIA0;;1;1;0;1;;PASTILHAS TRAVÃO TRW;PASTILHAS TRAVÃO TRW;0;;
161;1606.1;GDB5079;1606.1;GDB5079;CATEGORIA0;;1;1;0;1;;PASTILHAS TRAVÃO TRW;PASTILHAS TRAVÃO TRW;0;;
161;1606.1;GDB5080;1606.1;GDB5080;CATEGORIA0;;1;1;0;1;;PASTILHAS TRAVÃO TRW;PASTILHAS TRAVÃO TRW;0;;
161;1606.1;GDB5081;1606.1;GDB5081;CATEGORIA0;;1;1;0;1;;PASTILHAS TRAVÃO TRW;PASTILHAS TRAVÃO TRW;0;;
161;1606.1;GDB5082;1606.1;GDB5082;CATEGORIA0;;1;1;0;1;;PASTILHAS TRAVÃO TRW;PASTILHAS TRAVÃO TRW;0;;
161;1606.1;GDB5083;1606.1;GDB5083;CATEGORIA0;;1;1;0;1;;PASTILHAS TRAVÃO TRW;PASTILHAS TRAVÃO TRW;0;;
161;1606.1;GDB5084;1606.1;GDB5084;CATEGORIA0;;1;1;0;1;;PASTILHAS TRAVÃO TRW;PASTILHAS TRAVÃO TRW;0;;
161;1606.1;GDB5085;1606.1;GDB5085;CATEGORIA0;;1;1;0;1;;PASTILHAS TRAVÃO TRW;PASTILHAS TRAVÃO TRW;0;;
161;1606.1;GDB5086;1606.1;GDB5086;CATEGORIA0;;1;1;0;1;;PASTILHAS TRAVÃO TRW;PASTILHAS TRAVÃO TRW;0;;
161;1606.1;GDB5087;1606.1;GDB5087;CATEGORIA0;;1;1;0;1;;PASTILHAS TRAVÃO TRW;PASTILHAS TRAVÃO TRW;0;;
161;1606.1;GDB5088;1606.1;GDB5088;CATEGORIA0;;1;1;0;1;;PASTILHAS TRAVÃO TRW;PASTILHAS TRAVÃO TRW;0;;
161;1606.1;GDB5089;1606.1;GDB5089;CATEGORIA0;;1;1;0;1;;PASTILHAS TRAVÃO TRW;PASTILHAS TRAVÃO TRW;0;;
161;1606.1;GDB5090;1606.1;GDB5090;CATEGORIA0;;1;1;0;1;;PASTILHAS TRAVÃO TRW;PASTILHAS TRAVÃO TRW;0;;
161;1606.1;GDB5091;1606.1;GDB5091;CATEGORIA0;;1;1;0;1;;PASTILHAS TRAVÃO TRW;PASTILHAS TRAVÃO TRW;0;;
161;1606.1;GDB5092;1606.1;GDB5092;CATEGORIA0;;1;1;0;1;;PASTILHAS TRAVÃO TRW;PASTILHAS TRAVÃO TRW;0;;
161;1606.1;GDB5093;1606.1;GDB5093;CATEGORIA0;;1;1;0;1;;PASTILHAS TRAVÃO TRW;PASTILHAS TRAVÃO TRW;0;;
161;1606.1;GDB5094;1606.1;GDB5094;CATEGORIA0;;1;1;0;1;;PASTILHAS TRAVÃO TRW;PASTILHAS TRAVÃO TRW;0;;
161;1606.1;GDB5095;1606.1;GDB5095;CATEGORIA0;;1;1;0;1;;PASTILHAS TRAVÃO TRW;PASTILHAS TRAVÃO TRW;0;;
161;1606.1;GDB5096;1606.1;GDB5096;CATEGORIA0;;1;1;0;1;;PASTILHAS TRAVÃO TRW;PASTILHAS TRAVÃO TRW;0;;
161;1606.1;GDB5097;1606.1;GDB5097;CATEGORIA0;;1;1;0;1;;PASTILHAS TRAVÃO TRW;PASTILHAS TRAVÃO TRW;0;;
161;1606.1;GDB5098;1606.1;GDB5098;CATEGORIA0;;1;1;0;1;;PASTILHAS TRAVÃO TRW;PASTILHAS TRAVÃO TRW;0;;
161;1606.1;GDB5099;1606.1;GDB5099;CATEGORIA0;;1;1;0;1;;PASTILHAS TRAVÃO TRW;PASTILHAS TRAVÃO TRW;0;;
161;1606.1;GDB5100;1606.1;GDB5100;CATEGORIA0;;1;1;0;1;;PASTILHAS TRAVÃO TRW;PASTILHAS TRAVÃO TRW;0;;
161;1606.1;GDB5102;1606.1;GDB5102;CATEGORIA0;;1;1;0;1;;PASTILHAS TRAVÃO TRW;PASTILHAS TRAVÃO TRW;0;;
161;1606.1;GDB5103;1606.1;GDB5103;CATEGORIA0;;1;1;0;1;;PASTILHAS TRAVÃO TRW;PASTILHAS TRAVÃO TRW;0;;
161;1606.1;GDB5104;1606.1;GDB5104;CATEGORIA0;;1;1;0;1;;PASTILHAS TRAVÃO TRW;PASTILHAS TRAVÃO TRW;0;;
161;1606.1;GDB5105;1606.1;GDB5105;CATEGORIA0;;1;1;0;1;;PASTILHAS TRAVÃO TRW;PASTILHAS TRAVÃO TRW;0;;
161;1606.1;GDB5110;1606.1;GDB5110;CATEGORIA0;;1;1;0;1;;PASTILHAS TRAVÃO TRW;PASTILHAS TRAVÃO TRW;0;;
161;1606.1;GDB5111;1606.1;GDB5111;CATEGORIA0;;1;1;0;1;;PASTILHAS TRAVÃO TRW;PASTILHAS TRAVÃO TRW;0;;
161;1606.1;GDB5112;1606.1;GDB5112;CATEGORIA0;;1;1;0;1;;PASTILHAS TRAVÃO TRW;PASTILHAS TRAVÃO TRW;0;;
161;1606.1;GDB5113;1606.1;GDB5113;CATEGORIA0;;1;1;0;1;;PASTILHAS TRAVÃO TRW;PASTILHAS TRAVÃO TRW;0;;
161;1606.1;GDB5114;1606.1;GDB5114;CATEGORIA0;;1;1;0;1;;PASTILHAS TRAVÃO TRW;PASTILHAS TRAVÃO TRW;0;;
161;1606.1;GDB5116;1606.1;GDB5116;CATEGORIA0;;1;1;0;1;;PASTILHAS TRAVÃO TRW;PASTILHAS TRAVÃO TRW;0;;
161;1606.1;GDB5117;1606.1;GDB5117;CATEGORIA0;;1;1;0;1;;PASTILHAS TRAVÃO TRW;PASTILHAS TRAVÃO TRW;0;;
161;1606.1;GDB5121;1606.1;GDB5121;CATEGORIA0;;1;1;0;1;;PASTILHAS TRAVÃO TRW;PASTILHAS TRAVÃO TRW;0;;
161;1606.1;GDB531;1606.1;GDB531;CATEGORIA0;;1;1;0;1;;PASTILHAS TRAVÃO TRW;PASTILHAS TRAVÃO TRW;0;;
161;1606.1;GDB533;1606.1;GDB533;CATEGORIA0;;1;1;0;1;;PASTILHAS TRAVÃO TRW;PASTILHAS TRAVÃO TRW;0;;
161;1606.1;GDB535;1606.1;GDB535;CATEGORIA0;;1;1;0;1;;PASTILHAS TRAVÃO TRW;PASTILHAS TRAVÃO TRW;0;;
161;1606.1;GDB541;1606.1;GDB541;CATEGORIA0;;1;1;0;1;;PASTILHAS TRAVÃO TRW;PASTILHAS TRAVÃO TRW;0;;
161;1606.1;GDB550;1606.1;GDB550;CATEGORIA0;;1;1;0;1;;PASTILHAS TRAVÃO TRW;PASTILHAS TRAVÃO TRW;0;;
161;1606.1;GDB555;1606.1;GDB555;CATEGORIA0;;1;1;0;1;;PASTILHAS TRAVÃO TRW;PASTILHAS TRAVÃO TRW;0;;
161;1606.1;GDB557;1606.1;GDB557;CATEGORIA0;;1;1;0;1;;PASTILHAS TRAVÃO TRW;PASTILHAS TRAVÃO TRW;0;;
161;1606.1;GDB563;1606.1;GDB563;CATEGORIA0;;1;1;0;1;;PASTILHAS TRAVÃO TRW;PASTILHAS TRAVÃO TRW;0;;
161;1606.1;GDB569;1606.1;GDB569;CATEGORIA0;;1;1;0;1;;PASTILHAS TRAVÃO TRW;PASTILHAS TRAVÃO TRW;0;;
161;1606.1;GDB576;1606.1;GDB576;CATEGORIA0;;1;1;0;1;;PASTILHAS TRAVÃO TRW;PASTILHAS TRAVÃO TRW;0;;
161;1606.1;GDB585;1606.1;GDB585;CATEGORIA0;;1;1;0;1;;PASTILHAS TRAVÃO TRW;PASTILHAS TRAVÃO TRW;0;;
161;1606.1;GDB591;1606.1;GDB591;CATEGORIA0;;1;1;0;1;;PASTILHAS TRAVÃO TRW;PASTILHAS TRAVÃO TRW;0;;
161;1606.1;GDB594;1606.1;GDB594;CATEGORIA0;;1;1;0;1;;PASTILHAS TRAVÃO TRW;PASTILHAS TRAVÃO TRW;0;;
161;1606.1;GDB611;1606.1;GDB611;CATEGORIA0;;1;1;0;1;;PASTILHAS TRAVÃO TRW;PASTILHAS TRAVÃO TRW;0;;
161;1606.1;GDB624;1606.1;GDB624;CATEGORIA0;;1;1;0;1;;PASTILHAS TRAVÃO TRW;PASTILHAS TRAVÃO TRW;0;;
161;1606.1;GDB627;1606.1;GDB627;CATEGORIA0;;1;1;0;1;;PASTILHAS TRAVÃO TRW;PASTILHAS TRAVÃO TRW;0;;
161;1606.1;GDB628;1606.1;GDB628;CATEGORIA0;;1;1;0;1;;PASTILHAS TRAVÃO TRW;PASTILHAS TRAVÃO TRW;0;;
161;1606.1;GDB632;1606.1;GDB632;CATEGORIA0;;1;1;0;1;;PASTILHAS TRAVÃO TRW;PASTILHAS TRAVÃO TRW;0;;
161;1606.1;GDB637;1606.1;GDB637;CATEGORIA0;;1;1;0;1;;PASTILHAS TRAVÃO TRW;PASTILHAS TRAVÃO TRW;0;;
161;1606.1;GDB648;1606.1;GDB648;CATEGORIA0;;1;1;0;1;;PASTILHAS TRAVÃO TRW;PASTILHAS TRAVÃO TRW;0;;
161;1606.1;GDB654;1606.1;GDB654;CATEGORIA0;;1;1;0;1;;PASTILHAS TRAVÃO TRW;PASTILHAS TRAVÃO TRW;0;;
161;1606.1;GDB656;1606.1;GDB656;CATEGORIA0;;1;1;0;1;;PASTILHAS TRAVÃO TRW;PASTILHAS TRAVÃO TRW;0;;
161;1606.1;GDB657;1606.1;GDB657;CATEGORIA0;;1;1;0;1;;PASTILHAS TRAVÃO TRW;PASTILHAS TRAVÃO TRW;0;;
161;1606.1;GDB660;1606.1;GDB660;CATEGORIA0;;1;1;0;1;;PASTILHAS TRAVÃO TRW;PASTILHAS TRAVÃO TRW;0;;
161;1606.1;GDB663;1606.1;GDB663;CATEGORIA0;;1;1;0;1;;PASTILHAS TRAVÃO TRW;PASTILHAS TRAVÃO TRW;0;;
161;1606.1;GDB674;1606.1;GDB674;CATEGORIA0;;1;1;0;1;;PASTILHAS TRAVÃO TRW;PASTILHAS TRAVÃO TRW;0;;
161;1606.1;GDB680;1606.1;GDB680;CATEGORIA0;;1;1;0;1;;PASTILHAS TRAVÃO TRW;PASTILHAS TRAVÃO TRW;0;;
161;1606.1;GDB691;1606.1;GDB691;CATEGORIA0;;1;1;0;1;;PASTILHAS TRAVÃO TRW;PASTILHAS TRAVÃO TRW;0;;
161;1606.1;GDB693;1606.1;GDB693;CATEGORIA0;;1;1;0;1;;PASTILHAS TRAVÃO TRW;PASTILHAS TRAVÃO TRW;0;;
161;1606.1;GDB695;1606.1;GDB695;CATEGORIA0;;1;1;0;1;;PASTILHAS TRAVÃO TRW;PASTILHAS TRAVÃO TRW;0;;
161;1606.1;GDB704;1606.1;GDB704;CATEGORIA0;;1;1;0;1;;PASTILHAS TRAVÃO TRW;PASTILHAS TRAVÃO TRW;0;;
161;1606.1;GDB729;1606.1;GDB729;CATEGORIA0;;1;1;0;1;;PASTILHAS TRAVÃO TRW;PASTILHAS TRAVÃO TRW;0;;
161;1606.1;GDB730;1606.1;GDB730;CATEGORIA0;;1;1;0;1;;PASTILHAS TRAVÃO TRW;PASTILHAS TRAVÃO TRW;0;;
161;1606.1;GDB731;1606.1;GDB731;CATEGORIA0;;1;1;0;1;;PASTILHAS TRAVÃO TRW;PASTILHAS TRAVÃO TRW;0;;
161;1606.1;GDB733;1606.1;GDB733;CATEGORIA0;;1;1;0;1;;PASTILHAS TRAVÃO TRW;PASTILHAS TRAVÃO TRW;0;;
161;1606.1;GDB736;1606.1;GDB736;CATEGORIA0;;1;1;0;1;;PASTILHAS TRAVÃO TRW;PASTILHAS TRAVÃO TRW;0;;
161;1606.1;GDB737;1606.1;GDB737;CATEGORIA0;;1;1;0;1;;PASTILHAS TRAVÃO TRW;PASTILHAS TRAVÃO TRW;0;;
161;1606.1;GDB742;1606.1;GDB742;CATEGORIA0;;1;1;0;1;;PASTILHAS TRAVÃO TRW;PASTILHAS TRAVÃO TRW;0;;
161;1606.1;GDB745;1606.1;GDB745;CATEGORIA0;;1;1;0;1;;PASTILHAS TRAVÃO TRW;PASTILHAS TRAVÃO TRW;0;;
161;1606.1;GDB746;1606.1;GDB746;CATEGORIA0;;1;1;0;1;;PASTILHAS TRAVÃO TRW;PASTILHAS TRAVÃO TRW;0;;
161;1606.1;GDB747;1606.1;GDB747;CATEGORIA0;;1;1;0;1;;PASTILHAS TRAVÃO TRW;PASTILHAS TRAVÃO TRW;0;;
161;1606.1;GDB749;1606.1;GDB749;CATEGORIA0;;1;1;0;1;;PASTILHAS TRAVÃO TRW;PASTILHAS TRAVÃO TRW;0;;
161;1606.1;GDB750;1606.1;GDB750;CATEGORIA0;;1;1;0;1;;PASTILHAS TRAVÃO TRW;PASTILHAS TRAVÃO TRW;0;;
161;1606.1;GDB752;1606.1;GDB752;CATEGORIA0;;1;1;0;1;;PASTILHAS TRAVÃO TRW;PASTILHAS TRAVÃO TRW;0;;
161;1606.1;GDB759;1606.1;GDB759;CATEGORIA0;;1;1;0;1;;PASTILHAS TRAVÃO TRW;PASTILHAS TRAVÃO TRW;0;;
161;1606.1;GDB760;1606.1;GDB760;CATEGORIA0;;1;1;0;1;;PASTILHAS TRAVÃO TRW;PASTILHAS TRAVÃO TRW;0;;
161;1606.1;GDB763;1606.1;GDB763;CATEGORIA0;;1;1;0;1;;PASTILHAS TRAVÃO TRW;PASTILHAS TRAVÃO TRW;0;;
161;1606.1;GDB764;1606.1;GDB764;CATEGORIA0;;1;1;0;1;;PASTILHAS TRAVÃO TRW;PASTILHAS TRAVÃO TRW;0;;
161;1606.1;GDB765;1606.1;GDB765;CATEGORIA0;;1;1;0;1;;PASTILHAS TRAVÃO TRW;PASTILHAS TRAVÃO TRW;0;;
161;1606.1;GDB766;1606.1;GDB766;CATEGORIA0;;1;1;0;1;;PASTILHAS TRAVÃO TRW;PASTILHAS TRAVÃO TRW;0;;
161;1606.1;GDB768;1606.1;GDB768;CATEGORIA0;;1;1;0;1;;PASTILHAS TRAVÃO TRW;PASTILHAS TRAVÃO TRW;0;;
161;1606.1;GDB769;1606.1;GDB769;CATEGORIA0;;1;1;0;1;;PASTILHAS TRAVÃO TRW;PASTILHAS TRAVÃO TRW;0;;
161;1606.1;GDB770;1606.1;GDB770;CATEGORIA0;;1;1;0;1;;PASTILHAS TRAVÃO TRW;PASTILHAS TRAVÃO TRW;0;;
161;1606.1;GDB771;1606.1;GDB771;CATEGORIA0;;1;1;0;1;;PASTILHAS TRAVÃO TRW;PASTILHAS TRAVÃO TRW;0;;
161;1606.1;GDB773;1606.1;GDB773;CATEGORIA0;;1;1;0;1;;PASTILHAS TRAVÃO TRW;PASTILHAS TRAVÃO TRW;0;;
161;1606.1;GDB774;1606.1;GDB774;CATEGORIA0;;1;1;0;1;;PASTILHAS TRAVÃO TRW;PASTILHAS TRAVÃO TRW;0;;
161;1606.1;GDB775;1606.1;GDB775;CATEGORIA0;;1;1;0;1;;PASTILHAS TRAVÃO TRW;PASTILHAS TRAVÃO TRW;0;;
161;1606.1;GDB779;1606.1;GDB779;CATEGORIA0;;1;1;0;1;;PASTILHAS TRAVÃO TRW;PASTILHAS TRAVÃO TRW;0;;
161;1606.1;GDB780;1606.1;GDB780;CATEGORIA0;;1;1;0;1;;PASTILHAS TRAVÃO TRW;PASTILHAS TRAVÃO TRW;0;;
161;1606.1;GDB783;1606.1;GDB783;CATEGORIA0;;1;1;0;1;;PASTILHAS TRAVÃO TRW;PASTILHAS TRAVÃO TRW;0;;
161;1606.1;GDB785;1606.1;GDB785;CATEGORIA0;;1;1;0;1;;PASTILHAS TRAVÃO TRW;PASTILHAS TRAVÃO TRW;0;;
161;1606.1;GDB789;1606.1;GDB789;CATEGORIA0;;1;1;0;1;;PASTILHAS TRAVÃO TRW;PASTILHAS TRAVÃO TRW;0;;
161;1606.1;GDB790;1606.1;GDB790;CATEGORIA0;;1;1;0;1;;PASTILHAS TRAVÃO TRW;PASTILHAS TRAVÃO TRW;0;;
161;1606.1;GDB791;1606.1;GDB791;CATEGORIA0;;1;1;0;1;;PASTILHAS TRAVÃO;PASTILHAS TRAVÃO;0;;
161;1606.1;GDB793;1606.1;GDB793;CATEGORIA0;;1;1;0;1;;PASTILHAS TRAVÃO TRW;PASTILHAS TRAVÃO TRW;0;;
161;1606.1;GDB794;1606.1;GDB794;CATEGORIA0;;1;1;0;1;;PASTILHAS TRAVÃO TRW;PASTILHAS TRAVÃO TRW;0;;
161;1606.1;GDB796;1606.1;GDB796;CATEGORIA0;;1;1;0;1;;PASTILHAS TRAVÃO TRW;PASTILHAS TRAVÃO TRW;0;;
161;1606.1;GDB797;1606.1;GDB797;CATEGORIA0;;1;1;0;1;;PASTILHAS TRAVÃO TRW;PASTILHAS TRAVÃO TRW;0;;
161;1606.1;GDB798;1606.1;GDB798;CATEGORIA0;;1;1;0;1;;PASTILHAS TRAVÃO TRW;PASTILHAS TRAVÃO TRW;0;;
161;1606.1;GDB802;1606.1;GDB802;CATEGORIA0;;1;1;0;1;;PASTILHAS TRAVÃO TRW;PASTILHAS TRAVÃO TRW;0;;
161;1606.1;GDB807;1606.1;GDB807;CATEGORIA0;;1;1;0;1;;PASTILHAS TRAVÃO TRW;PASTILHAS TRAVÃO TRW;0;;
161;1606.1;GDB808;1606.1;GDB808;CATEGORIA0;;1;1;0;1;;PASTILHAS TRAVÃO TRW;PASTILHAS TRAVÃO TRW;0;;
161;1606.1;GDB812;1606.1;GDB812;CATEGORIA0;;1;1;0;1;;PASTILHAS TRAVÃO TRW;PASTILHAS TRAVÃO TRW;0;;
161;1606.1;GDB814;1606.1;GDB814;CATEGORIA0;;1;1;0;1;;PASTILHAS TRAVÃO TRW;PASTILHAS TRAVÃO TRW;0;;
161;1606.1;GDB815;1606.1;GDB815;CATEGORIA0;;1;1;0;1;;PASTILHAS TRAVÃO TRW;PASTILHAS TRAVÃO TRW;0;;
161;1606.1;GDB816;1606.1;GDB816;CATEGORIA0;;1;1;0;1;;PASTILHAS TRAVÃO TRW;PASTILHAS TRAVÃO TRW;0;;
161;1606.1;GDB817;1606.1;GDB817;CATEGORIA0;;1;1;0;1;;PASTILHAS TRAVÃO TRW;PASTILHAS TRAVÃO TRW;0;;
161;1606.1;GDB818;1606.1;GDB818;CATEGORIA0;;1;1;0;1;;PASTILHAS TRAVÃO TRW;PASTILHAS TRAVÃO TRW;0;;
161;1606.1;GDB818DTE;1606.1;GDB818DTE;CATEGORIA0;;1;1;0;1;;PASTILHAS TRAVÃO TRW;PASTILHAS TRAVÃO TRW;0;;
161;1606.1;GDB820;1606.1;GDB820;CATEGORIA0;;1;1;0;1;;PASTILHAS TRAVÃO TRW;PASTILHAS TRAVÃO TRW;0;;
161;1606.1;GDB823;1606.1;GDB823;CATEGORIA0;;1;1;0;1;;PASTILHAS TRAVÃO TRW;PASTILHAS TRAVÃO TRW;0;;
161;1606.1;GDB823DTE;1606.1;GDB823DTE;CATEGORIA0;;1;1;0;1;;PASTILHAS TRAVÃO TRW;PASTILHAS TRAVÃO TRW;0;;
161;1606.1;GDB826;1606.1;GDB826;CATEGORIA0;;1;1;0;1;;PASTILHAS TRAVÃO TRW;PASTILHAS TRAVÃO TRW;0;;
161;1606.1;GDB827;1606.1;GDB827;CATEGORIA0;;1;1;0;1;;PASTILHAS TRAVÃO TRW;PASTILHAS TRAVÃO TRW;0;;
161;1606.1;GDB828;1606.1;GDB828;CATEGORIA0;;1;1;0;1;;PASTILHAS TRAVÃO TRW;PASTILHAS TRAVÃO TRW;0;;
161;1606.1;GDB8310;1606.1;GDB8310;CATEGORIA0;;1;1;0;1;;PASTILHAS TRAVAO TRW;PASTILHAS TRAVAO TRW;0;;
161;1606.1;GDB833;1606.1;GDB833;CATEGORIA0;;1;1;0;1;;PASTILHAS TRAVÃO;PASTILHAS TRAVÃO;0;;
161;1606.1;GDB837;1606.1;GDB837;CATEGORIA0;;1;1;0;1;;PASTILHAS TRAVÃO TRW;PASTILHAS TRAVÃO TRW;0;;
161;1606.1;GDB846;1606.1;GDB846;CATEGORIA0;;1;1;0;1;;PASTILHAS TRAVÃO TRW;PASTILHAS TRAVÃO TRW;0;;
161;1606.1;GDB848;1606.1;GDB848;CATEGORIA0;;1;1;0;1;;PASTILHAS TRAVÃO TRW;PASTILHAS TRAVÃO TRW;0;;
161;1606.1;GDB851;1606.1;GDB851;CATEGORIA0;;1;1;0;1;;PASTILHAS TRAVÃO TRW;PASTILHAS TRAVÃO TRW;0;;
161;1606.1;GDB852;1606.1;GDB852;CATEGORIA0;;1;1;0;1;;PASTILHAS TRAVÃO TRW;PASTILHAS TRAVÃO TRW;0;;
161;1606.1;GDB859;1606.1;GDB859;CATEGORIA0;;1;1;0;1;;PASTILHAS TRAVÃO TRW;PASTILHAS TRAVÃO TRW;0;;
161;1606.1;GDB862;1606.1;GDB862;CATEGORIA0;;1;1;0;1;;PASTILHAS TRAVÃO TRW;PASTILHAS TRAVÃO TRW;0;;
161;1606.1;GDB863;1606.1;GDB863;CATEGORIA0;;1;1;0;1;;PASTILHAS TRAVÃO TRW;PASTILHAS TRAVÃO TRW;0;;
161;1606.1;GDB864;1606.1;GDB864;CATEGORIA0;;1;1;0;1;;PASTILHAS TRAVÃO TRW;PASTILHAS TRAVÃO TRW;0;;
161;1606.1;GDB867;1606.1;GDB867;CATEGORIA0;;1;1;0;1;;PASTILHAS TRAVÃO TRW;PASTILHAS TRAVÃO TRW;0;;
161;1606.1;GDB868;1606.1;GDB868;CATEGORIA0;;1;1;0;1;;PASTILHAS TRAVÃO TRW;PASTILHAS TRAVÃO TRW;0;;
161;1606.1;GDB870;1606.1;GDB870;CATEGORIA0;;1;1;0;1;;PASTILHAS TRAVÃO TRW;PASTILHAS TRAVÃO TRW;0;;
161;1606.1;GDB871;1606.1;GDB871;CATEGORIA0;;1;1;0;1;;PASTILHAS TRAVÃO TRW;PASTILHAS TRAVÃO TRW;0;;
161;1606.1;GDB872;1606.1;GDB872;CATEGORIA0;;1;1;0;1;;PASTILHAS TRAVÃO TRW;PASTILHAS TRAVÃO TRW;0;;
161;1606.1;GDB877;1606.1;GDB877;CATEGORIA0;;1;1;0;1;;PASTILHAS TRAVÃO TRW;PASTILHAS TRAVÃO TRW;0;;
161;1606.1;GDB878;1606.1;GDB878;CATEGORIA0;;1;1;0;1;;PASTILHAS TRAVÃO TRW;PASTILHAS TRAVÃO TRW;0;;
161;1606.1;GDB880;1606.1;GDB880;CATEGORIA0;;1;1;0;1;;PASTILHAS TRAVÃO TRW;PASTILHAS TRAVÃO TRW;0;;
161;1606.1;GDB882;1606.1;GDB882;CATEGORIA0;;1;1;0;1;;PASTILHAS TRAVÃO TRW;PASTILHAS TRAVÃO TRW;0;;
161;1606.1;GDB883;1606.1;GDB883;CATEGORIA0;;1;1;0;1;;PASTILHAS TRAVÃO TRW;PASTILHAS TRAVÃO TRW;0;;
161;1606.1;GDB884;1606.1;GDB884;CATEGORIA0;;1;1;0;1;;PASTILHAS TRAVÃO TRW;PASTILHAS TRAVÃO TRW;0;;
161;1606.1;GDB885;1606.1;GDB885;CATEGORIA0;;1;1;0;1;;PASTILHAS TRAVÃO TRW;PASTILHAS TRAVÃO TRW;0;;
161;1606.1;GDB886;1606.1;GDB886;CATEGORIA0;;1;1;0;1;;PASTILHAS TRAVÃO TRW;PASTILHAS TRAVÃO TRW;0;;
161;1606.1;GDB887;1606.1;GDB887;CATEGORIA0;;1;1;0;1;;PASTILHAS TRAVÃO TRW;PASTILHAS TRAVÃO TRW;0;;
161;1606.1;GDB893;1606.1;GDB893;CATEGORIA0;;1;1;0;1;;PASTILHAS TRAVÃO TRW;PASTILHAS TRAVÃO TRW;0;;
161;1606.1;GDB894;1606.1;GDB894;CATEGORIA0;;1;1;0;1;;PASTILHAS TRAVÃO TRW;PASTILHAS TRAVÃO TRW;0;;
161;1606.1;GDB895;1606.1;GDB895;CATEGORIA0;;1;1;0;1;;PASTILHAS TRAVÃO TRW;PASTILHAS TRAVÃO TRW;0;;
161;1606.1;GDB896;1606.1;GDB896;CATEGORIA0;;1;1;0;1;;PASTILHAS TRAVÃO TRW;PASTILHAS TRAVÃO TRW;0;;
161;1606.1;GDB897;1606.1;GDB897;CATEGORIA0;;1;1;0;1;;PASTILHAS TRAVÃO TRW;PASTILHAS TRAVÃO TRW;0;;
161;1606.1;GDB899;1606.1;GDB899;CATEGORIA0;;1;1;0;1;;PASTILHAS TRAVÃO TRW;PASTILHAS TRAVÃO TRW;0;;
161;1606.1;GDB900;1606.1;GDB900;CATEGORIA0;;1;1;0;1;;PASTILHAS TRAVÃO TRW;PASTILHAS TRAVÃO TRW;0;;
161;1606.1;GDB901;1606.1;GDB901;CATEGORIA0;;1;1;0;1;;PASTILHAS TRAVÃO TRW;PASTILHAS TRAVÃO TRW;0;;
161;1606.1;GDB902;1606.1;GDB902;CATEGORIA0;;1;1;0;1;;PASTILHAS TRAVÃO TRW;PASTILHAS TRAVÃO TRW;0;;
161;1606.1;GDB903;1606.1;GDB903;CATEGORIA0;;1;1;0;1;;PASTILHAS TRAVÃO TRW;PASTILHAS TRAVÃO TRW;0;;
161;1606.1;GDB905;1606.1;GDB905;CATEGORIA0;;1;1;0;1;;PASTILHAS TRAVÃO TRW;PASTILHAS TRAVÃO TRW;0;;
161;1606.1;GDB906;1606.1;GDB906;CATEGORIA0;;1;1;0;1;;PASTILHAS TRAVÃO TRW;PASTILHAS TRAVÃO TRW;0;;
161;1606.1;GDB909;1606.1;GDB909;CATEGORIA0;;1;1;0;1;;PASTILHAS TRAVÃO TRW;PASTILHAS TRAVÃO TRW;0;;
161;1606.1;GDB911;1606.1;GDB911;CATEGORIA0;;1;1;0;1;;PASTILHAS TRAVÃO TRW;PASTILHAS TRAVÃO TRW;0;;
161;1606.1;GDB914;1606.1;GDB914;CATEGORIA0;;1;1;0;1;;PASTILHAS TRAVÃO TRW;PASTILHAS TRAVÃO TRW;0;;
161;1606.1;GDB915;1606.1;GDB915;CATEGORIA0;;1;1;0;1;;PASTILHAS TRAVÃO TRW;PASTILHAS TRAVÃO TRW;0;;
161;1606.1;GDB916;1606.1;GDB916;CATEGORIA0;;1;1;0;1;;PASTILHAS TRAVÃO TRW;PASTILHAS TRAVÃO TRW;0;;
161;1606.1;GDB917;1606.1;GDB917;CATEGORIA0;;1;1;0;1;;PASTILHAS TRAVÃO TRW;PASTILHAS TRAVÃO TRW;0;;
161;1606.1;GDB918;1606.1;GDB918;CATEGORIA0;;1;1;0;1;;PASTILHAS TRAVÃO TRW;PASTILHAS TRAVÃO TRW;0;;
161;1606.1;GDB919;1606.1;GDB919;CATEGORIA0;;1;1;0;1;;PASTILHAS TRAVÃO TRW;PASTILHAS TRAVÃO TRW;0;;
161;1606.1;GDB925;1606.1;GDB925;CATEGORIA0;;1;1;0;1;;PASTILHAS TRAVÃO TRW;PASTILHAS TRAVÃO TRW;0;;
161;1606.1;GDB929;1606.1;GDB929;CATEGORIA0;;1;1;0;1;;PASTILHAS TRAVÃO TRW;PASTILHAS TRAVÃO TRW;0;;
161;1606.1;GDB939;1606.1;GDB939;CATEGORIA0;;1;1;0;1;;PASTILHAS TRAVÃO TRW;PASTILHAS TRAVÃO TRW;0;;
161;1606.1;GDB945;1606.1;GDB945;CATEGORIA0;;1;1;0;1;;PASTILHAS TRAVÃO TRW;PASTILHAS TRAVÃO TRW;0;;
161;1606.1;GDB948;1606.1;GDB948;CATEGORIA0;;1;1;0;1;;PASTILHAS TRAVÃO TRW;PASTILHAS TRAVÃO TRW;0;;
161;1606.1;GDB950;1606.1;GDB950;CATEGORIA0;;1;1;0;1;;PASTILHAS TRAVÃO TRW;PASTILHAS TRAVÃO TRW;0;;
161;1606.1;GDB951;1606.1;GDB951;CATEGORIA0;;1;1;0;1;;PASTILHAS TRAVÃO TRW;PASTILHAS TRAVÃO TRW;0;;
161;1606.1;GDB952;1606.1;GDB952;CATEGORIA0;;1;1;0;1;;PASTILHAS TRAVÃO TRW;PASTILHAS TRAVÃO TRW;0;;
161;1606.1;GDB953;1606.1;GDB953;CATEGORIA0;;1;1;0;1;;PASTILHAS TRAVÃO TRW;PASTILHAS TRAVÃO TRW;0;;
161;1606.1;GDB954;1606.1;GDB954;CATEGORIA0;;1;1;0;1;;PASTILHAS TRAVÃO TRW;PASTILHAS TRAVÃO TRW;0;;
161;1606.1;GDB956;1606.1;GDB956;CATEGORIA0;;1;1;0;1;;PASTILHAS TRAVÃO TRW;PASTILHAS TRAVÃO TRW;0;;
161;1606.1;GDB957;1606.1;GDB957;CATEGORIA0;;1;1;0;1;;PASTILHAS TRAVÃO TRW;PASTILHAS TRAVÃO TRW;0;;
161;1606.1;GDB958;1606.1;GDB958;CATEGORIA0;;1;1;0;1;;PASTILHAS TRAVÃO TRW;PASTILHAS TRAVÃO TRW;0;;
161;1606.1;GDB960;1606.1;GDB960;CATEGORIA0;;1;1;0;1;;PASTILHAS TRAVÃO TRW;PASTILHAS TRAVÃO TRW;0;;
161;1606.1;GDB961;1606.1;GDB961;CATEGORIA0;;1;1;0;1;;PASTILHAS TRAVÃO TRW;PASTILHAS TRAVÃO TRW;0;;
161;1606.1;GDB962;1606.1;GDB962;CATEGORIA0;;1;1;0;1;;PASTILHAS TRAVÃO TRW;PASTILHAS TRAVÃO TRW;0;;
161;1606.1;GDB966;1606.1;GDB966;CATEGORIA0;;1;1;0;1;;PASTILHAS TRAVÃO TRW;PASTILHAS TRAVÃO TRW;0;;
161;1606.1;GDB968;1606.1;GDB968;CATEGORIA0;;1;1;0;1;;PASTILHAS TRAVÃO TRW;PASTILHAS TRAVÃO TRW;0;;
161;1606.1;GDB969;1606.1;GDB969;CATEGORIA0;;1;1;0;1;;PASTILHAS TRAVÃO TRW;PASTILHAS TRAVÃO TRW;0;;
161;1606.1;GDB970;1606.1;GDB970;CATEGORIA0;;1;1;0;1;;PASTILHAS TRAVÃO TRW;PASTILHAS TRAVÃO TRW;0;;
161;1606.1;GDB973;1606.1;GDB973;CATEGORIA0;;1;1;0;1;;PASTILHAS TRAVÃO TRW;PASTILHAS TRAVÃO TRW;0;;
161;1606.1;GDB974;1606.1;GDB974;CATEGORIA0;;1;1;0;1;;PASTILHAS TRAVÃO TRW;PASTILHAS TRAVÃO TRW;0;;
161;1606.1;GDB976;1606.1;GDB976;CATEGORIA0;;1;1;0;1;;PASTILHAS TRAVÃO TRW;PASTILHAS TRAVÃO TRW;0;;
161;1606.1;GDB977;1606.1;GDB977;CATEGORIA0;;1;1;0;1;;PASTILHAS TRAVÃO TRW;PASTILHAS TRAVÃO TRW;0;;
161;1606.1;GDB980;1606.1;GDB980;CATEGORIA0;;1;1;0;1;;PASTILHAS TRAVÃO TRW;PASTILHAS TRAVÃO TRW;0;;
161;1606.1;GDB981;1606.1;GDB981;CATEGORIA0;;1;1;0;1;;PASTILHAS TRAVÃO TRW;PASTILHAS TRAVÃO TRW;0;;
161;1606.1;GDB982;1606.1;GDB982;CATEGORIA0;;1;1;0;1;;PASTILHAS TRAVÃO TRW;PASTILHAS TRAVÃO TRW;0;;
161;1606.1;GDB983;1606.1;GDB983;CATEGORIA0;;1;1;0;1;;PASTILHAS TRAVÃO TRW;PASTILHAS TRAVÃO TRW;0;;
161;1606.1;GDB984;1606.1;GDB984;CATEGORIA0;;1;1;0;1;;PASTILHAS TRAVÃO TRW;PASTILHAS TRAVÃO TRW;0;;
161;1606.1;GDB985;1606.1;GDB985;CATEGORIA0;;1;1;0;1;;PASTILHAS TRAVÃO;PASTILHAS TRAVÃO;0;;
161;1606.1;GDB986;1606.1;GDB986;CATEGORIA0;;1;1;0;1;;PASTILHAS TRAVÃO TRW;PASTILHAS TRAVÃO TRW;0;;
161;1606.1;GDB987;1606.1;GDB987;CATEGORIA0;;1;1;0;1;;PASTILHAS TRAVÃO TRW;PASTILHAS TRAVÃO TRW;0;;
161;1606.1;GDB988;1606.1;GDB988;CATEGORIA0;;1;1;0;1;;PASTILHAS TRAVÃO TRW;PASTILHAS TRAVÃO TRW;0;;
161;1606.1;GDB989;1606.1;GDB989;CATEGORIA0;;1;1;0;1;;PASTILHAS TRAVÃO TRW;PASTILHAS TRAVÃO TRW;0;;
161;1606.1;GDB990;1606.1;GDB990;CATEGORIA0;;1;1;0;1;;PASTILHAS TRAVÃO TRW;PASTILHAS TRAVÃO TRW;0;;
161;1606.1;GDB991;1606.1;GDB991;CATEGORIA0;;1;1;0;1;;PASTILHAS TRAVÃO TRW;PASTILHAS TRAVÃO TRW;0;;
161;1606.1;GDB992;1606.1;GDB992;CATEGORIA0;;1;1;0;1;;PASTILHAS TRAVÃO TRW;PASTILHAS TRAVÃO TRW;0;;
161;1606.1;GDB994;1606.1;GDB994;CATEGORIA0;;1;1;0;1;;PASTILHAS TRAVÃO TRW;PASTILHAS TRAVÃO TRW;0;;
161;1606.1;GDB995;1606.1;GDB995;CATEGORIA0;;1;1;0;1;;PASTILHAS TRAVÃO TRW;PASTILHAS TRAVÃO TRW;0;;
161;1606.1;GDB996;1606.1;GDB996;CATEGORIA0;;1;1;0;1;;PASTILHAS TRAVÃO TRW;PASTILHAS TRAVÃO TRW;0;;
161;1606.1;GDB998;1606.1;GDB998;CATEGORIA0;;1;1;0;1;;PASTILHAS TRAVÃO TRW;PASTILHAS TRAVÃO TRW;0;;
161;1606;GIC102;1606;GIC102;CATEGORIA0;;1;1;0;1;;AVUISADOR TRAVÃO;AVUISADOR TRAVÃO;0;;
161;1606;GIC103;1606;GIC103;CATEGORIA0;;1;1;0;1;;AVISADOR TRAVÃO;AVISADOR TRAVÃO;0;;
161;1606;GIC129;1606;GIC129;CATEGORIA0;;1;1;0;1;;AVISADOR TRAVÃO;AVISADOR TRAVÃO;0;;
161;1606;GIC135;1606;GIC135;CATEGORIA0;;1;1;0;1;;CABO AVISADOR;CABO AVISADOR;0;;
161;1606;GIC164;1606;GIC164;CATEGORIA0;;1;1;0;1;;CABO AVISADOR;CABO AVISADOR;0;;
161;1606;GIC170;1606;GIC170;CATEGORIA0;;1;1;0;1;;AVISADOR TRAVÃO;AVISADOR TRAVÃO;0;;
161;1606;GIC172;1606;GIC172;CATEGORIA0;;1;1;0;1;;JG AVISADOR;JG AVISADOR;0;;
161;1606;GIC173;1606;GIC173;CATEGORIA0;;1;1;0;1;;AVISADOR TRAVÃO;AVISADOR TRAVÃO;0;;
161;1606;GIC182;1606;GIC182;CATEGORIA0;;1;1;0;1;;AVISADOR TRAVÃO;AVISADOR TRAVÃO;0;;
161;1606;GIC218;1606;GIC218;CATEGORIA0;;1;1;0;1;;AVISADOR;AVISADOR;0;;
161;1606;GIC221;1606;GIC221;CATEGORIA0;;1;1;0;1;;AVISADOR;AVISADOR;0;;
161;1606;GIC223;1606;GIC223;CATEGORIA0;;1;1;0;1;;CABO AVISADOR;CABO AVISADOR;0;;
161;1606;GIC224;1606;GIC224;CATEGORIA0;;1;1;0;1;;SENSOR DE DESGASTE;SENSOR DE DESGASTE;0;;
161;1606;GIC241;1606;GIC241;CATEGORIA0;;1;1;0;1;;SENSOR DE DESGASTE;SENSOR DE DESGASTE;0;;
161;1606;GIC242;1606;GIC242;CATEGORIA0;;1;1;0;1;;SENSOR DE DESGASTE;SENSOR DE DESGASTE;0;;
161;1606;GIC248;1606;GIC248;CATEGORIA0;;1;1;0;1;;CABO AVISADOR;CABO AVISADOR;0;;
161;1606;GIC264;1606;GIC264;CATEGORIA0;;1;1;0;1;;AVISADOR TRAVÃO;AVISADOR TRAVÃO;0;;
161;1606;GIC270;1606;GIC270;CATEGORIA0;;1;1;0;1;;AVISADOR TRAVÃO;AVISADOR TRAVÃO;0;;
161;1606;GIC331;1606;GIC331;CATEGORIA0;;1;1;0;1;;AVISADOR TRAVÃO;AVISADOR TRAVÃO;0;;
161;1606;GIC332;1606;GIC332;CATEGORIA0;;1;1;0;1;;AVISADOR TRAVÃO;AVISADOR TRAVÃO;0;;
161;1606;GIC335;1606;GIC335;CATEGORIA0;;1;1;0;1;;SENSOR DESGASTE;SENSOR DESGASTE;0;;
161;1606;GIC340;1606;GIC340;CATEGORIA0;;1;1;0;1;;SENSOR DESGASTE;SENSOR DESGASTE;0;;
161;1606;GIC345;1606;GIC345;CATEGORIA0;;1;1;0;1;;AVISADOR TRAVÃO;AVISADOR TRAVÃO;0;;
161;1606;GIC357;1606;GIC357;CATEGORIA0;;1;1;0;1;;JG. AVISADOR TRAVÃO;JG. AVISADOR TRAVÃO;0;;
161;1606;GIC361;1606;GIC361;CATEGORIA0;;1;1;0;1;;SENSOR DE DESGASTE, PASTILHA DE TRAVÃO;SENSOR DE DESGASTE, PASTILHA DE TRAVÃO;0;;
161;1606;GIC368;1606;GIC368;CATEGORIA0;;1;1;0;1;;JG. AVISADOR TRAVÃO;JG. AVISADOR TRAVÃO;0;;
161;1606;GIC419;1606;GIC419;CATEGORIA0;;1;1;0;1;;AVISADOR TRAVÃO;AVISADOR TRAVÃO;0;;
161;1606;GIC471;1606;GIC471;CATEGORIA0;;1;1;0;1;;AVISADOR TRAVÃO;AVISADOR TRAVÃO;0;;
161;1606;GIC5021;1606;GIC5021;CATEGORIA0;;1;1;0;1;;AVISADOR TRAVÃO;AVISADOR TRAVÃO;0;;
161;1606;GPV1020;1606;GPV1020;CATEGORIA0;;1;1;0;1;;COMPENSADOR TRAVÃO;COMPENSADOR TRAVÃO;0;;
161;1606;GPV1022;1606;GPV1022;CATEGORIA0;;1;1;0;1;;COMPENSADOR TRAVÃO;COMPENSADOR TRAVÃO;0;;
161;1606;GPV1024;1606;GPV1024;CATEGORIA0;;1;1;0;1;;COMPENSADOR TRAVÃO;COMPENSADOR TRAVÃO;0;;
161;1606;GPV1031;1606;GPV1031;CATEGORIA0;;1;1;0;1;;COMPENSADOR TRAVÃO;COMPENSADOR TRAVÃO;0;;
161;1606;GPV1043;1606;GPV1043;CATEGORIA0;;1;1;0;1;;COMPENSADOR TRAVÃO;COMPENSADOR TRAVÃO;0;;
161;1606;GPV1055;1606;GPV1055;CATEGORIA0;;1;1;0;1;;COMPENSADOR TRAVÃO;COMPENSADOR TRAVÃO;0;;
161;1606;GPV1056;1606;GPV1056;CATEGORIA0;;1;1;0;1;;COMPENSADOR TRAVÃO;COMPENSADOR TRAVÃO;0;;
161;1606;GPV1059;1606;GPV1059;CATEGORIA0;;1;1;0;1;;COMPENSADOR TRAVÃO;COMPENSADOR TRAVÃO;0;;
161;1606;GPV1074;1606;GPV1074;CATEGORIA0;;1;1;0;1;;COMPENSADOR TRAVÃO;COMPENSADOR TRAVÃO;0;;
161;1606;GPV1181;1606;GPV1181;CATEGORIA0;;1;1;0;1;;COMPENSADOR TRAVÃO;COMPENSADOR TRAVÃO;0;;
161;1606;GPV1271;1606;GPV1271;CATEGORIA0;;1;1;0;1;;VALVULA REGULADORA;VALVULA REGULADORA;0;;
161;1606;GS6135;1606;GS6135;CATEGORIA0;;1;1;0;1;;MAXILAS TRAVÃO;MAXILAS TRAVÃO;0;;
161;1606;GS6181;1606;GS6181;CATEGORIA0;;1;1;0;1;;MAXILAS TRAVÃO;MAXILAS TRAVÃO;0;;
161;1606;GS6187;1606;GS6187;CATEGORIA0;;1;1;0;1;;MAXILAS TRAVÃO;MAXILAS TRAVÃO;0;;
161;1606;GS6254;1606;GS6254;CATEGORIA0;;1;1;0;1;;JOGO MAXILAS DE TRAVÃO;JOGO MAXILAS DE TRAVÃO;0;;
161;1606;GS8018;1606;GS8018;CATEGORIA0;;1;1;0;1;;MAXILA TRAVÃO;MAXILA TRAVÃO;0;;
161;1606;GS8037;1606;GS8037;CATEGORIA0;;1;1;0;1;;MAXILAS TRAVÃO;MAXILAS TRAVÃO;0;;
161;1606;GS8144;1606;GS8144;CATEGORIA0;;1;1;0;1;;MAXILAS TRAVÃO;MAXILAS TRAVÃO;0;;
161;1606;GS8166;1606;GS8166;CATEGORIA0;;1;1;0;1;;MAXILAS TRAVÃO;MAXILAS TRAVÃO;0;;
161;1606;GS8183;1606.1;GS8183;CATEGORIA0;;1;1;0;1;;MAXILAS TRAVÃO;MAXILAS TRAVÃO;0;;
161;1606;GS8184;1606;GS8184;CATEGORIA0;;1;1;0;1;;MAXILAS TRAVÃO;MAXILAS TRAVÃO;0;;
161;1606;GS8211;1606;GS8211;CATEGORIA0;;1;1;0;1;;MAXILAS TRAVÃO;MAXILAS TRAVÃO;0;;
161;1606;GS8218;1606;GS8218;CATEGORIA0;;1;1;0;1;;MAXILAS TRAVÃO;MAXILAS TRAVÃO;0;;
161;1606;GS8251;1606;GS8251;CATEGORIA0;;1;1;0;1;;MAXILAS TRAVÃO;MAXILAS TRAVÃO;0;;
161;1606;GS8271;1606;GS8271;CATEGORIA0;;1;1;0;1;;MAXILAS TRAVÃO;MAXILAS TRAVÃO;0;;
161;1606;GS8272;1606;GS8272;CATEGORIA0;;1;1;0;1;;JG MAXILAS;JG MAXILAS;0;;
161;1606;GS8315;1606;GS8315;CATEGORIA0;;1;1;0;1;;MAXILAS TRAVÃO;MAXILAS TRAVÃO;0;;
161;1606;GS8317;1606;GS8317;CATEGORIA0;;1;1;0;1;;MAXILAS TRAVÃO;MAXILAS TRAVÃO;0;;
161;1606;GS8319;1606;GS8319;CATEGORIA0;;1;1;0;1;;JG MAXILAS TRAVÃO;JG MAXILAS TRAVÃO;0;;
161;1606;GS8322;1606;GS8322;CATEGORIA0;;1;1;0;1;;MAXILAS TRAVÃO;MAXILAS TRAVÃO;0;;
161;1606;GS8412;1606;GS8412;CATEGORIA0;;1;1;0;1;;MAXILAS TRAVÃO;MAXILAS TRAVÃO;0;;
161;1606;GS8440;1606;GS8440;CATEGORIA0;;1;1;0;1;;MAXILAS TRAVÃO;MAXILAS TRAVÃO;0;;
161;1606;GS8442;1606;GS8442;CATEGORIA0;;1;1;0;1;;MAXILAS DE TRAVÃO;MAXILAS DE TRAVÃO;0;;
161;1606;GS8455;1606;GS8455;CATEGORIA0;;1;1;0;1;;MAXILAS TRAVÃO;MAXILAS TRAVÃO;0;;
161;1606;GS8474;1606;GS8474;CATEGORIA0;;1;1;0;1;;MAXILAS TRAVÃO;MAXILAS TRAVÃO;0;;
161;1606;GS8531;1606;GS8531;CATEGORIA0;;1;1;0;1;;MAXILAS TRVÃO;MAXILAS TRVÃO;0;;
161;1606;GS8542;1606;GS8542;CATEGORIA0;;1;1;0;1;;MAXILAS TRAVÃO;MAXILAS TRAVÃO;0;;
161;1606;GS8563;1606;GS8563;CATEGORIA0;;1;1;0;1;;MAXILAS TRAVÃO;MAXILAS TRAVÃO;0;;
161;1606;GS8570;1606;GS8570;CATEGORIA0;;1;1;0;1;;MAXILAS TRAVÃO;MAXILAS TRAVÃO;0;;
161;1606;GS8590;1606;GS8590;CATEGORIA0;;1;1;0;1;;MAXILA TRAVÃO;MAXILA TRAVÃO;0;;
161;1606;GS8603;1606;GS8603;CATEGORIA0;;1;1;0;1;;MAXILAS TRAVÃO;MAXILAS TRAVÃO;0;;
161;1606;GS8616;1606;GS8616;CATEGORIA0;;1;1;0;1;;MAXILAS TRAVÃO;MAXILAS TRAVÃO;0;;
161;1606;GS8637;1606;GS8637;CATEGORIA0;;1;1;0;1;;MAXILAS TRAVÃO;MAXILAS TRAVÃO;0;;
161;1606;GS8643;1606;GS8643;CATEGORIA0;;1;1;0;1;;MAXILA TRAVÃO;MAXILA TRAVÃO;0;;
161;1606;GS8673;1606;GS8673;CATEGORIA0;;1;1;0;1;;MAXILAS TRAVÃO;MAXILAS TRAVÃO;0;;
161;1606;GS8674;1606;GS8674;CATEGORIA0;;1;1;0;1;;MAXILAS TRAVÃO;MAXILAS TRAVÃO;0;;
161;1606;GS8685;1606;GS8685;CATEGORIA0;;1;1;0;1;;MAXILAS TRAVÃO;MAXILAS TRAVÃO;0;;
161;1606;GS8719;1606;GS8719;CATEGORIA0;;1;1;0;1;;MAXILAS TRAVÃO;MAXILAS TRAVÃO;0;;
161;1606;GS8721;1606;GS8721;CATEGORIA0;;1;1;0;1;;MAXILAS TRAVÃO;MAXILAS TRAVÃO;0;;
161;1606;GS8741;1606;GS8741;CATEGORIA0;;1;1;0;1;;MAXILAS TRAVÃO;MAXILAS TRAVÃO;0;;
161;1606;GS8744;1606;GS8744;CATEGORIA0;;1;1;0;1;;MAXILAS TRAVÃO;MAXILAS TRAVÃO;0;;
161;1606;GS8745;1606;GS8745;CATEGORIA0;;1;1;0;1;;MAXILAS TRAVÃO;MAXILAS TRAVÃO;0;;
161;1606;GS8746;1606;GS8746;CATEGORIA0;;1;1;0;1;;MAXILAS TRAVÃO;MAXILAS TRAVÃO;0;;
161;1606;GS8759;1606;GS8759;CATEGORIA0;;1;1;0;1;;MAXILAS TRAVÃO MÃO;MAXILAS TRAVÃO MÃO;0;;
161;1606;GS8769;1606;GS8769;CATEGORIA0;;1;1;0;1;;MAXILAS TRAVÃO;MAXILAS TRAVÃO;0;;
161;1606;GS8787;1606;GS8787;CATEGORIA0;;1;1;0;1;;MAXILAS TRAVÃO;MAXILAS TRAVÃO;0;;
161;1606;GS8814;1606;GS8814;CATEGORIA0;;1;1;0;1;;MAXILA TRAVÃO;MAXILA TRAVÃO;0;;
161;1606;GSK1025;1606;GSK1025;CATEGORIA0;;1;1;0;1;;SUPER KIT TRAVÕES;SUPER KIT TRAVÕES;0;;
161;1606;GSK1044;1606;GSK1044;CATEGORIA0;;1;1;0;1;;KIT MAXILAS TRAVÃO;KIT MAXILAS TRAVÃO;0;;
161;1606;GSK1048;1606;GSK1048;CATEGORIA0;;1;1;0;1;;SUPER KIT TRAVÕES;SUPER KIT TRAVÕES;0;;
161;1606;GSK1049;1606;GSK1049;CATEGORIA0;;1;1;0;1;;KIT MAXILAS TRAVÃO E BOMBAS;KIT MAXILAS TRAVÃO E BOMBAS;0;;
161;1606;GSK1060;1606;GSK1060;CATEGORIA0;;1;1;0;1;;SUPER KIT TRAVÕES;SUPER KIT TRAVÕES;0;;
161;1606;GSK1063;1606;GSK1063;CATEGORIA0;;1;1;0;1;;SUPER KIT TRAVÕES;SUPER KIT TRAVÕES;0;;
161;1606;GSK1071;1606;GSK1071;CATEGORIA0;;1;1;0;1;;SUPER KIT TRAVÕES;SUPER KIT TRAVÕES;0;;
161;1606;GSK1072;1606;GSK1072;CATEGORIA0;;1;1;0;1;;SUPER KIT TRAVÕES;SUPER KIT TRAVÕES;0;;
161;1606;GSK1142;1606;GSK1142;CATEGORIA0;;1;1;0;1;;SUPER KIT TRAVÕES;SUPER KIT TRAVÕES;0;;
161;1606;GSK1150;1606;GSK1150;CATEGORIA0;;1;1;0;1;;SUPERKIT TRAVÕES;SUPERKIT TRAVÕES;0;;
161;1606;GSK1215;1606;GSK1215;CATEGORIA0;;1;1;0;1;;KIT  MAXILAS E BOMBAS;KIT  MAXILAS E BOMBAS;0;;
161;1606;GSK1259;1606;GSK1259;CATEGORIA0;;1;1;0;1;;SUPERKIT TRAVÕES;SUPERKIT TRAVÕES;0;;
161;1606;GSK1512;1606;GSK1512;CATEGORIA0;;1;1;0;1;;SUPER KIT TRAVAGEM;SUPER KIT TRAVAGEM;0;;
161;1606;GSK1675;1606;GSK1675;CATEGORIA0;;1;1;0;1;;KIT MAXILAS + BOMBITOS;KIT MAXILAS + BOMBITOS;0;;
161;1606;GSK1686;1606;GSK1686;CATEGORIA0;;1;1;0;1;;KIT MAXILAS + BOMBITOS;KIT MAXILAS + BOMBITOS;0;;
161;1606;GSK1697;1606;GSK1697;CATEGORIA0;;1;1;0;1;;SUPERKIT TRAVÃOES;SUPERKIT TRAVÃOES;0;;
161;1606;GSK1734;1606;GSK1734;CATEGORIA0;;1;1;0;1;;SUPERKIT TRAVAGEM;SUPERKIT TRAVAGEM;0;;
161;1606;GSK1756;1606;GSK1756;CATEGORIA0;;1;1;0;1;;SUPER KIT TRAVÕES;SUPER KIT TRAVÕES;0;;
161;1606;GSK1907;1606;GSK1907;CATEGORIA0;;1;1;0;1;;KIT TRAVÕES;KIT TRAVÕES;0;;
161;0481;HRP716C;0481;HRP716C;CATEGORIA0;;1;1;0;1;;CASCO BOMBA;CASCO BOMBA;0;;
161;1606;JAR1008;1606;JAR1008;CATEGORIA0;;1;1;0;1;;BARRA DIREÇÃO AXIAL;BARRA DIREÇÃO AXIAL;0;;
161;1606;JAR1011;1606;JAR1011;CATEGORIA0;;1;1;0;1;;BARRA DIREÇÃO AXIAL;BARRA DIREÇÃO AXIAL;0;;
161;1606;JAR1012;1606;JAR1012;CATEGORIA0;;1;1;0;1;;BARRA DIREÇÃO AXIAL;BARRA DIREÇÃO AXIAL;0;;
161;1606;JAR1013;1606;JAR1013;CATEGORIA0;;1;1;0;1;;BARRA DIREÇÃO AXIAL;BARRA DIREÇÃO AXIAL;0;;
161;1606;JAR1018;1606;JAR1018;CATEGORIA0;;1;1;0;1;;BARRA DIREC. AXIAL **;BARRA DIREC. AXIAL **;0;;
161;1606;JAR1025;1606;JAR1025;CATEGORIA0;;1;1;0;1;;BARRA DIREÇÃO AXIAL;BARRA DIREÇÃO AXIAL;0;;
161;1606;JAR1033;1606;JAR1033;CATEGORIA0;;1;1;0;1;;BARRA DIREÇÃO AXIAL;BARRA DIREÇÃO AXIAL;0;;
161;1606;JAR1035;1606;JAR1035;CATEGORIA0;;1;1;0;1;;BARRA DIREÇÃO AXIAL;BARRA DIREÇÃO AXIAL;0;;
161;1606;JAR1046;1606;JAR1046;CATEGORIA0;;1;1;0;1;;BARRA DIREÇÃO AXIAL;BARRA DIREÇÃO AXIAL;0;;
161;1606;JAR1056;1606;JAR1056;CATEGORIA0;;1;1;0;1;;BARRA DIREÇÃO AXIAL;BARRA DIREÇÃO AXIAL;0;;
161;1606;JAR106;1606;JAR106;CATEGORIA0;;1;1;0;1;;BARRA DIREÇÃO AXIAL;BARRA DIREÇÃO AXIAL;0;;
161;1606;JAR1061;1606;JAR1061;CATEGORIA0;;1;1;0;1;;BARRA DIREÇÃO AXIAL;BARRA DIREÇÃO AXIAL;0;;
161;1606;JAR107;1606;JAR107;CATEGORIA0;;1;1;0;1;;BARRA DIREÇÃO AXIAL;BARRA DIREÇÃO AXIAL;0;;
161;1606;JAR1072;1606;JAR1072;CATEGORIA0;;1;1;0;1;;BARRA DIREÇÃO AXIAL;BARRA DIREÇÃO AXIAL;0;;
161;1606;JAR1075;1606;JAR1075;CATEGORIA0;;1;1;0;1;;BARRA DIREÇÃO AXIAL;BARRA DIREÇÃO AXIAL;0;;
161;1606;JAR1080;1606;JAR1080;CATEGORIA0;;1;1;0;1;;BARRA DIREÇÃO AXIAL;BARRA DIREÇÃO AXIAL;0;;
161;1606;JAR1087;1606;JAR1087;CATEGORIA0;;1;1;0;1;;BARRA DIREÇÃO AXIAL;BARRA DIREÇÃO AXIAL;0;;
161;1606;JAR1089;1606;JAR1089;CATEGORIA0;;1;1;0;1;;BARRA DIREÇÃO AXIAL;BARRA DIREÇÃO AXIAL;0;;
161;1606;JAR1090;1606;JAR1090;CATEGORIA0;;1;1;0;1;;BARRA DIREÇÃO AXIAL;BARRA DIREÇÃO AXIAL;0;;
161;1606;JAR110;1606;JAR110;CATEGORIA0;;1;1;0;1;;BARRA DIREÇÃO AXIAL;BARRA DIREÇÃO AXIAL;0;;
161;1606;JAR111;1606;JAR111;CATEGORIA0;;1;1;0;1;;BARRA DIREÇÃO AXIAL;BARRA DIREÇÃO AXIAL;0;;
161;1606;JAR1173;1606;JAR1173;CATEGORIA0;;1;1;0;1;;BARRA DIREÇÃO AXIAL;BARRA DIREÇÃO AXIAL;0;;
161;1606;JAR1226;1606;JAR1226;CATEGORIA0;;1;1;0;1;;BARRA DIREÇÃO AXIAL;BARRA DIREÇÃO AXIAL;0;;
161;1606;JAR124;1606;JAR124;CATEGORIA0;;1;1;0;1;;BARRA DIREÇÃO AXIAL;BARRA DIREÇÃO AXIAL;0;;
161;1606;JAR125;1606;JAR125;CATEGORIA0;;1;1;0;1;;BARRA DIREÇÃO AXIAL;BARRA DIREÇÃO AXIAL;0;;
161;1606;JAR126;1606;JAR126;CATEGORIA0;;1;1;0;1;;BARRA DIREÇÃO AXIAL;BARRA DIREÇÃO AXIAL;0;;
161;1606;JAR1289;1606;JAR1289;CATEGORIA0;;1;1;0;1;;BARRA DIREÇÃO AXIAL;BARRA DIREÇÃO AXIAL;0;;
161;1606;JAR137;1606;JAR137;CATEGORIA0;;1;1;0;1;;BARRA DIREÇÃO AXIAL;BARRA DIREÇÃO AXIAL;0;;
161;1606;JAR144;1606;JAR144;CATEGORIA0;;1;1;0;1;;BARRA DIREÇÃO AXIAL;BARRA DIREÇÃO AXIAL;0;;
161;1606;JAR153;1606;JAR153;CATEGORIA0;;1;1;0;1;;BARRA DIREÇÃO AXIAL;BARRA DIREÇÃO AXIAL;0;;
161;1606;JAR156;1606;JAR156;CATEGORIA0;;1;1;0;1;;BARRA DIREÇÃO AXIAL;BARRA DIREÇÃO AXIAL;0;;
161;1606;JAR159;1606;JAR159;CATEGORIA0;;1;1;0;1;;BARRA DIREÇÃO AXIAL;BARRA DIREÇÃO AXIAL;0;;
161;1606;JAR173;1606;JAR173;CATEGORIA0;;1;1;0;1;;RÓTULA DIREÇÃO AXIAL;RÓTULA DIREÇÃO AXIAL;0;;
161;1606;JAR179;1606;JAR179;CATEGORIA0;;1;1;0;1;;BARRA DIREÇÃO AXIAL;BARRA DIREÇÃO AXIAL;0;;
161;1606;JAR207;1606;JAR207;CATEGORIA0;;1;1;0;1;;BARRA DIREÇÃO AXIAL;BARRA DIREÇÃO AXIAL;0;;
161;1606;JAR218;1606;JAR218;CATEGORIA0;;1;1;0;1;;BARRA DIREÇÃO AXIAL;BARRA DIREÇÃO AXIAL;0;;
161;1606;JAR219;1606;JAR219;CATEGORIA0;;1;1;0;1;;BARRA DIREÇÃO AXIAL;BARRA DIREÇÃO AXIAL;0;;
161;1606;JAR227;1606;JAR227;CATEGORIA0;;1;1;0;1;;RÓTULA DIREÇÃO AXIAL;RÓTULA DIREÇÃO AXIAL;0;;
161;1606;JAR230;1606;JAR230;CATEGORIA0;;1;1;0;1;;BARRA DIREÇÃO AXIAL;BARRA DIREÇÃO AXIAL;0;;
161;1606;JAR231;1606;JAR231;CATEGORIA0;;1;1;0;1;;BARRA DIREÇÃO AXIAL;BARRA DIREÇÃO AXIAL;0;;
161;1606;JAR235;1606;JAR235;CATEGORIA0;;1;1;0;1;;BARRA DIREÇÃO AXIAL;BARRA DIREÇÃO AXIAL;0;;
161;1606;JAR478;1606;JAR478;CATEGORIA0;;1;1;0;1;;BARRA DIREÇÃO AXIAL;BARRA DIREÇÃO AXIAL;0;;
161;1606;JAR495;1606;JAR495;CATEGORIA0;;1;1;0;1;;BARRA DIREÇÃO AXIAL;BARRA DIREÇÃO AXIAL;0;;
161;1606;JAR509;1606;JAR509;CATEGORIA0;;1;1;0;1;;BARRA DIREÇÃO AXIAL;BARRA DIREÇÃO AXIAL;0;;
161;1606;JAR511;1606;JAR511;CATEGORIA0;;1;1;0;1;;BARRA DIREÇÃO AXIAL;BARRA DIREÇÃO AXIAL;0;;
161;1606;JAR544;1606;JAR544;CATEGORIA0;;1;1;0;1;;BARRA DIREÇÃO AXIAL;BARRA DIREÇÃO AXIAL;0;;
161;1606;JAR547;1606;JAR547;CATEGORIA0;;1;1;0;1;;BARRA DIREÇÃO AXIAL;BARRA DIREÇÃO AXIAL;0;;
161;1606;JAR565;1606;JAR565;CATEGORIA0;;1;1;0;1;;BARRA DIREÇÃO AXIAL;BARRA DIREÇÃO AXIAL;0;;
161;1606;JAR641;1606;JAR641;CATEGORIA0;;1;1;0;1;;BARRA DIREÇÃO AXIAL;BARRA DIREÇÃO AXIAL;0;;
161;1606;JAR645;1606;JAR645;CATEGORIA0;;1;1;0;1;;BARRA DIREÇÃO AXIAL;BARRA DIREÇÃO AXIAL;0;;
161;1606;JAR649;1606;JAR649;CATEGORIA0;;1;1;0;1;;BARRA DIREÇÃO AXIAL;BARRA DIREÇÃO AXIAL;0;;
161;1606;JAR650;1606;JAR650;CATEGORIA0;;1;1;0;1;;BARRA DIREÇÃO AXIAL;BARRA DIREÇÃO AXIAL;0;;
161;1606;JAR652;1606;JAR652;CATEGORIA0;;1;1;0;1;;BARRA DIREÇÃO AXIAL;BARRA DIREÇÃO AXIAL;0;;
161;1606;JAR654;1606;JAR654;CATEGORIA0;;1;1;0;1;;BARRA DIREÇÃO AXIAL;BARRA DIREÇÃO AXIAL;0;;
161;1606;JAR655;1606;JAR655;CATEGORIA0;;1;1;0;1;;BARRA DIREÇÃO AXIAL;BARRA DIREÇÃO AXIAL;0;;
161;1606;JAR662;1606;JAR662;CATEGORIA0;;1;1;0;1;;BARRA DIREÇÃO AXIAL;BARRA DIREÇÃO AXIAL;0;;
161;1606;JAR922;1606;JAR922;CATEGORIA0;;1;1;0;1;;BARRA DIREÇÃO AXIAL;BARRA DIREÇÃO AXIAL;0;;
161;1606;JAR924;1606;JAR924;CATEGORIA0;;1;1;0;1;;BARRA DIREÇÃO AXIAL;BARRA DIREÇÃO AXIAL;0;;
161;1606;JAR928;1606;JAR928;CATEGORIA0;;1;1;0;1;;BARRA DIREÇÃO AXIAL;BARRA DIREÇÃO AXIAL;0;;
161;1606;JAR929;1606;JAR929;CATEGORIA0;;1;1;0;1;;BARRA DIREÇÃO AXIAL;BARRA DIREÇÃO AXIAL;0;;
161;1606;JAR935;1606;JAR935;CATEGORIA0;;1;1;0;1;;BARRA DIREÇÃO AXIAL;BARRA DIREÇÃO AXIAL;0;;
161;1606;JAR936;1606;JAR936;CATEGORIA0;;1;1;0;1;;BARRA DIREÇÃO AXIAL;BARRA DIREÇÃO AXIAL;0;;
161;1606;JAR937;1606;JAR937;CATEGORIA0;;1;1;0;1;;BARRA DIREÇÃO AXIAL;BARRA DIREÇÃO AXIAL;0;;
161;1606;JAR950;1606;JAR950;CATEGORIA0;;1;1;0;1;;BARRA DIREÇÃO AXIAL;BARRA DIREÇÃO AXIAL;0;;
161;1606;JAR952;1606;JAR952;CATEGORIA0;;1;1;0;1;;BARRA DIREÇÃO AXIAL;BARRA DIREÇÃO AXIAL;0;;
161;1606;JAR953;1606;JAR953;CATEGORIA0;;1;1;0;1;;BARRA DIREÇÃO AXIAL;BARRA DIREÇÃO AXIAL;0;;
161;1606;JAR955;1606;JAR955;CATEGORIA0;;1;1;0;1;;BARRA DIREÇÃO AXIAL;BARRA DIREÇÃO AXIAL;0;;
161;1606;JAR957;1606;JAR957;CATEGORIA0;;1;1;0;1;;BARRA DIREÇÃO AXIAL;BARRA DIREÇÃO AXIAL;0;;
161;1606;JAR958;1606;JAR958;CATEGORIA0;;1;1;0;1;;BARRA DIREÇÃO AXIAL;BARRA DIREÇÃO AXIAL;0;;
161;1606;JAR960;1606;JAR960;CATEGORIA0;;1;1;0;1;;BARRA DIREÇÃO AXIAL;BARRA DIREÇÃO AXIAL;0;;
161;1606;JAR965;1606;JAR965;CATEGORIA0;;1;1;0;1;;BARRA DIREÇÃO AXIAL;BARRA DIREÇÃO AXIAL;0;;
161;1606;JAR967;1606;JAR967;CATEGORIA0;;1;1;0;1;;BARRA DIREÇÃO AXIAL;BARRA DIREÇÃO AXIAL;0;;
161;1606;JAR969;1606;JAR969;CATEGORIA0;;1;1;0;1;;BARRA DIREÇÃO AXIAL;BARRA DIREÇÃO AXIAL;0;;
161;1606;JAR970;1606;JAR970;CATEGORIA0;;1;1;0;1;;BARRA DIREÇÃO AXIAL;BARRA DIREÇÃO AXIAL;0;;
161;1606;JAR971;1606;JAR971;CATEGORIA0;;1;1;0;1;;TERMINAL DIREÇÃO;TERMINAL DIREÇÃO;0;;
161;1606;JAR974;1606;JAR974;CATEGORIA0;;1;1;0;1;;BARRA DIREÇÃO AXIAL;BARRA DIREÇÃO AXIAL;0;;
161;1606;JAR982;1606;JAR982;CATEGORIA0;;1;1;0;1;;BARRA DIREÇÃO AXIAL;BARRA DIREÇÃO AXIAL;0;;
161;1606;JAR985;1606;JAR985;CATEGORIA0;;1;1;0;1;;BARRA DIREÇÃO AXIAL;BARRA DIREÇÃO AXIAL;0;;
161;1606;JAR990;1606;JAR990;CATEGORIA0;;1;1;0;1;;BARRA DIREÇÃO AXIAL;BARRA DIREÇÃO AXIAL;0;;
161;1606;JAR991;1606;JAR991;CATEGORIA0;;1;1;0;1;;BARRA DIREÇÃO AXIAL;BARRA DIREÇÃO AXIAL;0;;
161;1606;JAR994;1606;JAR994;CATEGORIA0;;1;1;0;1;;BARRA DIREÇÃO AXIAL;BARRA DIREÇÃO AXIAL;0;;
161;1606;JAR996;1606;JAR996;CATEGORIA0;;1;1;0;1;;BARRA DIREÇÃO AXIAL;BARRA DIREÇÃO AXIAL;0;;
161;1606;JBE107;1606;JBE107;CATEGORIA0;;1;1;0;1;;KIT  FOLES;KIT  FOLES;0;;
161;1606;JBE142;1606;JBE142;CATEGORIA0;;1;1;0;1;;KIT FOLES DIREÇÃO;KIT FOLES DIREÇÃO;0;;
161;1606;JBE159;1606;JBE159;CATEGORIA0;;1;1;0;1;;KIT  FOLES;KIT  FOLES;0;;
161;1606;JBE192;1606;JBE192;CATEGORIA0;;1;1;0;1;;KIT  FOLES;KIT  FOLES;0;;
161;1606;JBE203;1606;JBE203;CATEGORIA0;;1;1;0;1;;ROLAMENTO DISTRIBUIÇÃO;ROLAMENTO DISTRIBUIÇÃO;0;;
161;1606;JBE210;1606;JBE210;CATEGORIA0;;1;1;0;1;;KIT FOLES DIREÇÃO;KIT FOLES DIREÇÃO;0;;
161;1606;JBE215;1606;JBE215;CATEGORIA0;;1;1;0;1;;KIT FOLES;KIT FOLES;0;;
161;1606;JBE216;1606;JBE216;CATEGORIA0;;1;1;0;1;;KIT FOLE DIREÇÃO;KIT FOLE DIREÇÃO;0;;
161;1606;JBE218;1606;JBE218;CATEGORIA0;;1;1;0;1;;KIT  FOLES;KIT  FOLES;0;;
161;1606;JBE224;1606;JBE224;CATEGORIA0;;1;1;0;1;;ROLAMENTO DISTRIBUIÇÃO;ROLAMENTO DISTRIBUIÇÃO;0;;
161;1606;JBE228;1606;JBE228;CATEGORIA0;;1;1;0;1;;JG. FOLES DIR. ALFA ROMEO;JG. FOLES DIR. ALFA ROMEO;0;;
161;1606;JBE293;1606;JBE293;CATEGORIA0;;1;1;0;1;;FOLE DIREÇÃO;FOLE DIREÇÃO;0;;
161;1606;JBJ100;1606;JBJ100;CATEGORIA0;;1;1;0;1;;RÓTULA SUSPENSÃO;RÓTULA SUSPENSÃO;0;;
161;1606;JBJ1049;1606;JBJ1049;CATEGORIA0;;1;1;0;1;;RÓTULA SUSPENSÃO;RÓTULA SUSPENSÃO;0;;
161;1606;JBJ1075;1606;JBJ1075;CATEGORIA0;;1;1;0;1;;RÓTULA SUSPENSÃO;RÓTULA SUSPENSÃO;0;;
161;1606;JBJ113;1606;JBJ113;CATEGORIA0;;1;1;0;1;;RÓTULA SUSPENSÃO;RÓTULA SUSPENSÃO;0;;
161;1606;JBJ115;1606;JBJ115;CATEGORIA0;;1;1;0;1;;RÓTULA SUSPENSÃO;RÓTULA SUSPENSÃO;0;;
161;1606;JBJ120;1606;JBJ120;CATEGORIA0;;1;1;0;1;;RÓTULA SUSPENSÃO;RÓTULA SUSPENSÃO;0;;
161;1606;JBJ121;1606;JBJ121;CATEGORIA0;;1;1;0;1;;RÓTULA SUSPENSÃO;RÓTULA SUSPENSÃO;0;;
161;1606;JBJ122;1606;JBJ122;CATEGORIA0;;1;1;0;1;;RÓTULA SUSPENSÃO;RÓTULA SUSPENSÃO;0;;
161;1606;JBJ125;1606;JBJ125;CATEGORIA0;;1;1;0;1;;RÓTULA SUSPENSÃO;RÓTULA SUSPENSÃO;0;;
161;1606;JBJ126;1606;JBJ126;CATEGORIA0;;1;1;0;1;;RÓTULA SUSPENSÃO;RÓTULA SUSPENSÃO;0;;
161;1606;JBJ127;1606;JBJ127;CATEGORIA0;;1;1;0;1;;RÓTULA SUSPENSÃO;RÓTULA SUSPENSÃO;0;;
161;1606;JBJ129;1606;JBJ129;CATEGORIA0;;1;1;0;1;;RÓTULA SUSPENSÃO;RÓTULA SUSPENSÃO;0;;
161;1606;JBJ130;1606;JBJ130;CATEGORIA0;;1;1;0;1;;RÓTULA SUSPENSÃO;RÓTULA SUSPENSÃO;0;;
161;1606;JBJ131;1606;JBJ131;CATEGORIA0;;1;1;0;1;;RÓTULA SUSPENSÃO;RÓTULA SUSPENSÃO;0;;
161;1606;JBJ135;1606;JBJ135;CATEGORIA0;;1;1;0;1;;RÓTULA SUSPENSÃO;RÓTULA SUSPENSÃO;0;;
161;1606;JBJ142;1606;JBJ142;CATEGORIA0;;1;1;0;1;;RÓTULA SUSPENSÃO;RÓTULA SUSPENSÃO;0;;
161;1606;JBJ143;1606;JBJ143;CATEGORIA0;;1;1;0;1;;RÓTULA SUSPENSÃO;RÓTULA SUSPENSÃO;0;;
161;1606;JBJ145;1606;JBJ145;CATEGORIA0;;1;1;0;1;;RÓTULA SUSPENSÃO;RÓTULA SUSPENSÃO;0;;
161;1606;JBJ146;1606;JBJ146;CATEGORIA0;;1;1;0;1;;RÓTULA SUSPENSÃO;RÓTULA SUSPENSÃO;0;;
161;1606;JBJ149;1606;JBJ149;CATEGORIA0;;1;1;0;1;;RÓTULA SUSPENSÃO;RÓTULA SUSPENSÃO;0;;
161;1606;JBJ150;1606;JBJ150;CATEGORIA0;;1;1;0;1;;RÓTULA SUSPENSÃO;RÓTULA SUSPENSÃO;0;;
161;1606;JBJ151;1606;JBJ151;CATEGORIA0;;1;1;0;1;;RÓTULA SUSPENSÃO;RÓTULA SUSPENSÃO;0;;
161;1606;JBJ153;1606;JBJ153;CATEGORIA0;;1;1;0;1;;RÓTULA SUSPENSÃO;RÓTULA SUSPENSÃO;0;;
161;1606;JBJ159;1606;JBJ159;CATEGORIA0;;1;1;0;1;;RÓTULA SUSPENSÃO;RÓTULA SUSPENSÃO;0;;
161;1606;JBJ164;1606;JBJ164;CATEGORIA0;;1;1;0;1;;RÓTULA SUSPENSÃO;RÓTULA SUSPENSÃO;0;;
161;1606;JBJ165;1606;JBJ165;CATEGORIA0;;1;1;0;1;;RÓTULA SUSPENSÃO;RÓTULA SUSPENSÃO;0;;
161;1606;JBJ167;1606;JBJ167;CATEGORIA0;;1;1;0;1;;RÓTULA SUSPENSÃO;RÓTULA SUSPENSÃO;0;;
161;1606;JBJ174;1606;JBJ174;CATEGORIA0;;1;1;0;1;;RÓTULA SUSPENSÃO;RÓTULA SUSPENSÃO;0;;
161;1606;JBJ180;1606;JBJ180;CATEGORIA0;;1;1;0;1;;RÓTULA SUSPENSÃO;RÓTULA SUSPENSÃO;0;;
161;1606;JBJ188;1606;JBJ188;CATEGORIA0;;1;1;0;1;;RÓTULA SUSPENSÃO;RÓTULA SUSPENSÃO;0;;
161;1606;JBJ189;1606;JBJ189;CATEGORIA0;;1;1;0;1;;RÓTULA SUSPENSÃO;RÓTULA SUSPENSÃO;0;;
161;1606;JBJ190;1606;JBJ190;CATEGORIA0;;1;1;0;1;;RÓTULA SUSPENSÃO;RÓTULA SUSPENSÃO;0;;
161;1606;JBJ191;1606;JBJ191;CATEGORIA0;;1;1;0;1;;RÓTULA SUSPENSÃO;RÓTULA SUSPENSÃO;0;;
161;1606;JBJ194;1606;JBJ194;CATEGORIA0;;1;1;0;1;;RÓTULA SUSPENSÃO;RÓTULA SUSPENSÃO;0;;
161;1606;JBJ197;1606;JBJ197;CATEGORIA0;;1;1;0;1;;RÓTULA SUSPENSÃO;RÓTULA SUSPENSÃO;0;;
161;1606;JBJ199;1606;JBJ199;CATEGORIA0;;1;1;0;1;;RÓTULA SUSPENSÃO;RÓTULA SUSPENSÃO;0;;
161;1606;JBJ200;1606;JBJ200;CATEGORIA0;;1;1;0;1;;RÓTULA SUSPENSÃO;RÓTULA SUSPENSÃO;0;;
161;1606;JBJ210;1606;JBJ210;CATEGORIA0;;1;1;0;1;;RÓTULA SUSPENSÃO;RÓTULA SUSPENSÃO;0;;
161;1606;JBJ211;1606;JBJ211;CATEGORIA0;;1;1;0;1;;RÓTULA SUSPENSÃO;RÓTULA SUSPENSÃO;0;;
161;1606;JBJ226;1606;JBJ226;CATEGORIA0;;1;1;0;1;;RÓTULA SUSPENSÃO;RÓTULA SUSPENSÃO;0;;
161;1606;JBJ237;1606;JBJ237;CATEGORIA0;;1;1;0;1;;RÓTULA SUSPENSÃO;RÓTULA SUSPENSÃO;0;;
161;1606;JBJ243;1606;JBJ243;CATEGORIA0;;1;1;0;1;;RÓTULA SUSPENSÃO;RÓTULA SUSPENSÃO;0;;
161;1606;JBJ244;1606;JBJ244;CATEGORIA0;;1;1;0;1;;RÓTULA SUSPENSÃO;RÓTULA SUSPENSÃO;0;;
161;1606;JBJ245;1606;JBJ245;CATEGORIA0;;1;1;0;1;;RÓTULA SUSPENSÃO;RÓTULA SUSPENSÃO;0;;
161;1606;JBJ259;1606;JBJ259;CATEGORIA0;;1;1;0;1;;RÓTULA SUSPENSÃO;RÓTULA SUSPENSÃO;0;;
161;1606;JBJ268;1606;JBJ268;CATEGORIA0;;1;1;0;1;;RÓTULA SUSPENSÃO;RÓTULA SUSPENSÃO;0;;
161;1606;JBJ277;1606;JBJ277;CATEGORIA0;;1;1;0;1;;RÓTULA SUSPENSÃO;RÓTULA SUSPENSÃO;0;;
161;1606;JBJ303;1606;JBJ303;CATEGORIA0;;1;1;0;1;;RÓTULA SUSPENSÃO;RÓTULA SUSPENSÃO;0;;
161;1606;JBJ308;1606;JBJ308;CATEGORIA0;;1;1;0;1;;RÓTULA SUSPENSÃO;RÓTULA SUSPENSÃO;0;;
161;1606;JBJ320;1606;JBJ320;CATEGORIA0;;1;1;0;1;;RÓTULA SUSPENSÃO;RÓTULA SUSPENSÃO;0;;
161;1606;JBJ324;1606;JBJ324;CATEGORIA0;;1;1;0;1;;RÓTULA SUSPENSÃO;RÓTULA SUSPENSÃO;0;;
161;1606;JBJ368;1606;JBJ368;CATEGORIA0;;1;1;0;1;;RÓTULA SUSPENSÃO;RÓTULA SUSPENSÃO;0;;
161;1606;JBJ374;1606;JBJ374;CATEGORIA0;;1;1;0;1;;RÓTULA SUSPENSÃO;RÓTULA SUSPENSÃO;0;;
161;1606;JBJ377;1606;JBJ377;CATEGORIA0;;1;1;0;1;;RÓTULA SUSPENSÃO;RÓTULA SUSPENSÃO;0;;
161;1606;JBJ436;1606;JBJ436;CATEGORIA0;;1;1;0;1;;RÓTULA SUSPENSÃO;RÓTULA SUSPENSÃO;0;;
161;1606;JBJ437;1606;JBJ437;CATEGORIA0;;1;1;0;1;;RÓTULA SUSPENSÃO;RÓTULA SUSPENSÃO;0;;
161;1606;JBJ456;1606;JBJ456;CATEGORIA0;;1;1;0;1;;RÓTULA SUSPENSÃO;RÓTULA SUSPENSÃO;0;;
161;1606;JBJ457;1606;JBJ457;CATEGORIA0;;1;1;0;1;;RÓTULA SUSPENSÃO;RÓTULA SUSPENSÃO;0;;
161;1606;JBJ552;1606;JBJ552;CATEGORIA0;;1;1;0;1;;RÓTULA SUSPENSÃO;RÓTULA SUSPENSÃO;0;;
161;1606;JBJ600;1606;JBJ600;CATEGORIA0;;1;1;0;1;;RÓTULA SUSPENSÃO;RÓTULA SUSPENSÃO;0;;
161;1606;JBJ661;1606;JBJ661;CATEGORIA0;;1;1;0;1;;RÓTULA SUSPENSÃO;RÓTULA SUSPENSÃO;0;;
161;1606;JBJ662;1606;JBJ662;CATEGORIA0;;1;1;0;1;;RÓTULA SUSPENSÃO;RÓTULA SUSPENSÃO;0;;
161;1606;JBJ697;1606;JBJ697;CATEGORIA0;;1;1;0;1;;RÓTULA SUSPENSÃO;RÓTULA SUSPENSÃO;0;;
161;1606;JBJ701;1606;JBJ701;CATEGORIA0;;1;1;0;1;;RÓTULA SUSPENSÃO;RÓTULA SUSPENSÃO;0;;
161;1606;JBJ702;1606;JBJ702;CATEGORIA0;;1;1;0;1;;RÓTULA SUSPENSÃO;RÓTULA SUSPENSÃO;0;;
161;1606;JBJ703;1606;JBJ703;CATEGORIA0;;1;1;0;1;;RÓTULA SUSPENSÃO;RÓTULA SUSPENSÃO;0;;
161;1606;JBJ705;1606;JBJ705;CATEGORIA0;;1;1;0;1;;RÓTULA SUSPENSÃO;RÓTULA SUSPENSÃO;0;;
161;1606;JBJ707;1606;JBJ707;CATEGORIA0;;1;1;0;1;;RÓTULA SUSPENSÃO;RÓTULA SUSPENSÃO;0;;
161;1606;JBJ708;1606;JBJ708;CATEGORIA0;;1;1;0;1;;RÓTULA SUSP.;RÓTULA SUSP.;0;;
161;1606;JBJ709;1606;JBJ709;CATEGORIA0;;1;1;0;1;;RÓTULA SUSPENSÃO;RÓTULA SUSPENSÃO;0;;
161;1606;JBJ711;1606;JBJ711;CATEGORIA0;;1;1;0;1;;RÓTULA SUSPENSÃO;RÓTULA SUSPENSÃO;0;;
161;1606;JBJ712;1606;JBJ712;CATEGORIA0;;1;1;0;1;;RÓTULA SUSPENSÃO;RÓTULA SUSPENSÃO;0;;
161;1606;JBJ718;1606;JBJ718;CATEGORIA0;;1;1;0;1;;RÓTULA SUSPENSÃO;RÓTULA SUSPENSÃO;0;;
161;1606;JBJ719;1606;JBJ719;CATEGORIA0;;1;1;0;1;;RÓTULA SUSPENSÃO;RÓTULA SUSPENSÃO;0;;
161;1606;JBJ720;1606;JBJ720;CATEGORIA0;;1;1;0;1;;RÓTULA SUSPENSÃO;RÓTULA SUSPENSÃO;0;;
161;1606;JBJ721;1606;JBJ721;CATEGORIA0;;1;1;0;1;;RÓTULA SUSPENSÃO;RÓTULA SUSPENSÃO;0;;
161;1606;JBJ722;1606;JBJ722;CATEGORIA0;;1;1;0;1;;RÓTULA SUSPENSÃO;RÓTULA SUSPENSÃO;0;;
161;1606;JBJ723;1606;JBJ723;CATEGORIA0;;1;1;0;1;;RÓTULA SUSPENSÃO;RÓTULA SUSPENSÃO;0;;
161;1606;JBJ725;1606;JBJ725;CATEGORIA0;;1;1;0;1;;RÓTULA SUSPENSÃO;RÓTULA SUSPENSÃO;0;;
161;1606;JBJ726;1606;JBJ726;CATEGORIA0;;1;1;0;1;;RÓTULA SUSPENSÃO;RÓTULA SUSPENSÃO;0;;
161;1606;JBJ728;1606;JBJ728;CATEGORIA0;;1;1;0;1;;RÓTULA SUSPENSÃO;RÓTULA SUSPENSÃO;0;;
161;1606;JBJ729;1606;JBJ729;CATEGORIA0;;1;1;0;1;;RÓTULA SUSPENSÃO;RÓTULA SUSPENSÃO;0;;
161;1606;JBJ730;1606;JBJ730;CATEGORIA0;;1;1;0;1;;RÓTULA SUSPENSÃO;RÓTULA SUSPENSÃO;0;;
161;1606;JBJ732;1606;JBJ732;CATEGORIA0;;1;1;0;1;;RÓTULA SUSPENSÃO;RÓTULA SUSPENSÃO;0;;
161;1606;JBJ738;1606;JBJ738;CATEGORIA0;;1;1;0;1;;RÓTULA SUSPENSÃO;RÓTULA SUSPENSÃO;0;;
161;1606;JBJ740;1606;JBJ740;CATEGORIA0;;1;1;0;1;;RÓTULA SUSPENSÃO;RÓTULA SUSPENSÃO;0;;
161;1606;JBJ741;1606;JBJ741;CATEGORIA0;;1;1;0;1;;RÓTULA SUSPENSÃO;RÓTULA SUSPENSÃO;0;;
161;1606;JBJ749;1606;JBJ749;CATEGORIA0;;1;1;0;1;;RÓTULA SUSPENSÃO;RÓTULA SUSPENSÃO;0;;
161;1606;JBJ751;1606;JBJ751;CATEGORIA0;;1;1;0;1;;RÓTULA SUSPENSÃO;RÓTULA SUSPENSÃO;0;;
161;1606;JBJ752;1606;JBJ752;CATEGORIA0;;1;1;0;1;;RÓTULA SUSPENSÃO;RÓTULA SUSPENSÃO;0;;
161;1606;JBJ7559;1606;JBJ7559;CATEGORIA0;;1;1;0;1;;RÓTULA SUSPENSÃO;RÓTULA SUSPENSÃO;0;;
161;1606;JBJ759;1606;JBJ759;CATEGORIA0;;1;1;0;1;;RÓTULA SUSPENSÃO;RÓTULA SUSPENSÃO;0;;
161;1606;JBJ760;1606;JBJ760;CATEGORIA0;;1;1;0;1;;RÓTULA SUSPENSÃO;RÓTULA SUSPENSÃO;0;;
161;1606;JBJ761;1606;JBJ761;CATEGORIA0;;1;1;0;1;;RÓTULA SUSPENSÃO;RÓTULA SUSPENSÃO;0;;
161;1606;JBJ764;1606;JBJ764;CATEGORIA0;;1;1;0;1;;RÓTULA SUSPENSÃO;RÓTULA SUSPENSÃO;0;;
161;1606;JBJ766;1606;JBJ766;CATEGORIA0;;1;1;0;1;;RÓTULA SUSP. INF. IVECO;RÓTULA SUSP. INF. IVECO;0;;
161;1606;JBJ767;1606;JBJ767;CATEGORIA0;;1;1;0;1;;RÓTULA SUSP. SUP. IVECO;RÓTULA SUSP. SUP. IVECO;0;;
161;1606;JBJ769;1606;JBJ769;CATEGORIA0;;1;1;0;1;;RÓTULA SUSPENSÃO;RÓTULA SUSPENSÃO;0;;
161;1606;JBJ783;1606;JBJ783;CATEGORIA0;;1;1;0;1;;RÓTULA SUSPENSÃO;RÓTULA SUSPENSÃO;0;;
161;1606;JBJ786;1606;JBJ786;CATEGORIA0;;1;1;0;1;;RÓTULA SUSPENSÃO;RÓTULA SUSPENSÃO;0;;
161;1606;JBJ789;1606;JBJ789;CATEGORIA0;;1;1;0;1;;RÓTULA SUSPENSÃO;RÓTULA SUSPENSÃO;0;;
161;1606;JBJ790;1606;JBJ790;CATEGORIA0;;1;1;0;1;;CASQUILHO BRAÇO;CASQUILHO BRAÇO;0;;
161;1606;JBJ802;1606;JBJ802;CATEGORIA0;;1;1;0;1;;RÓTULA SUSPENSÃO;RÓTULA SUSPENSÃO;0;;
161;1606;JBJ807;1606;JBJ807;CATEGORIA0;;1;1;0;1;;RÓTULA SUSPENSÃO;RÓTULA SUSPENSÃO;0;;
161;1606;JBJ808;1606;JBJ808;CATEGORIA0;;1;1;0;1;;RÓTULA SUSPENSÃO;RÓTULA SUSPENSÃO;0;;
161;1606;JBJ818;1606;JBJ818;CATEGORIA0;;1;1;0;1;;RÓTULA SUSPENSÃO;RÓTULA SUSPENSÃO;0;;
161;1606;JBJ826;1606;JBJ826;CATEGORIA0;;1;1;0;1;;RÓTULA SUSPENSÃO;RÓTULA SUSPENSÃO;0;;
161;1606;JBU100;1606;JBU100;CATEGORIA0;;1;1;0;1;;CASQUILHO;CASQUILHO;0;;
161;1606;JBU101;1606;JBU101;CATEGORIA0;;1;1;0;1;;CASQUILHO;CASQUILHO;0;;
161;1606;JBU102;1606;JBU102;CATEGORIA0;;1;1;0;1;;CASQUILHO;CASQUILHO;0;;
161;1606;JBU114;1606;JBU114;CATEGORIA0;;1;1;0;1;;CASQUILHO;CASQUILHO;0;;
161;1606;JBU116;1606;JBU116;CATEGORIA0;;1;1;0;1;;CASQUILHO;CASQUILHO;0;;
161;1606;JBU126;1606;JBU126;CATEGORIA0;;1;1;0;1;;CASQUILHO;CASQUILHO;0;;
161;1606;JBU127;1606;JBU127;CATEGORIA0;;1;1;0;1;;CASQUILHO;CASQUILHO;0;;
161;1606;JBU128;1606;JBU128;CATEGORIA0;;1;1;0;1;;CASQUILHO;CASQUILHO;0;;
161;1606;JBU129;1606;JBU129;CATEGORIA0;;1;1;0;1;;CASQUILHO;CASQUILHO;0;;
161;1606;JBU130;1606;JBU130;CATEGORIA0;;1;1;0;1;;CASQUILHO;CASQUILHO;0;;
161;1606;JBU134;1606;JBU134;CATEGORIA0;;1;1;0;1;;CASQUILHO;CASQUILHO;0;;
161;1606;JBU137;1606;JBU137;CATEGORIA0;;1;1;0;1;;CASQUILHO;CASQUILHO;0;;
161;1606;JBU138;1606;JBU138;CATEGORIA0;;1;1;0;1;;CASQUILHO;CASQUILHO;0;;
161;1606;JBU139;1606;JBU139;CATEGORIA0;;1;1;0;1;;CASQUILHO;CASQUILHO;0;;
161;1606;JBU143;1606;JBU143;CATEGORIA0;;1;1;0;1;;CASQUILHO;CASQUILHO;0;;
161;1606;JBU148;1606;JBU148;CATEGORIA0;;1;1;0;1;;CASQUILHO;CASQUILHO;0;;
161;1606;JBU150;1606;JBU150;CATEGORIA0;;1;1;0;1;;CASQUILHO;CASQUILHO;0;;
161;1606;JBU152;1606;JBU152;CATEGORIA0;;1;1;0;1;;CASQUILHO;CASQUILHO;0;;
161;1606;JBU153;1606;JBU153;CATEGORIA0;;1;1;0;1;;CASQUILHO;CASQUILHO;0;;
161;1606;JBU159;1606;JBU159;CATEGORIA0;;1;1;0;1;;CASQUILHO;CASQUILHO;0;;
161;1606;JBU160;1606;JBU160;CATEGORIA0;;1;1;0;1;;CASQUILHO;CASQUILHO;0;;
161;1606;JBU161;1606;JBU161;CATEGORIA0;;1;1;0;1;;CASQUILHO;CASQUILHO;0;;
161;1606;JBU167;1606;JBU167;CATEGORIA0;;1;1;0;1;;CASQUILHO;CASQUILHO;0;;
161;1606;JBU181;1606;JBU181;CATEGORIA0;;1;1;0;1;;CASQUILHO;CASQUILHO;0;;
161;1606;JBU205;1606;JBU205;CATEGORIA0;;1;1;0;1;;CASQUILHO;CASQUILHO;0;;
161;1606;JBU217;1606;JBU217;CATEGORIA0;;1;1;0;1;;CASQUILHO;CASQUILHO;0;;
161;1606;JBU224;1606;JBU224;CATEGORIA0;;1;1;0;1;;CASQUILHO;CASQUILHO;0;;
161;1606;JBU239;1606;JBU239;CATEGORIA0;;1;1;0;1;;CASQUILHO;CASQUILHO;0;;
161;1606;JBU267;1606;JBU267;CATEGORIA0;;1;1;0;1;;JOGO CASQUILHOS;JOGO CASQUILHOS;0;;
161;1606;JBU409;1606;JBU409;CATEGORIA0;;1;1;0;1;;CASQUILHO;CASQUILHO;0;;
161;1606;JBU410;1606;JBU410;CATEGORIA0;;1;1;0;1;;SINOBLOCO;SINOBLOCO;0;;
161;1606;JBU415;1606;JBU415;CATEGORIA0;;1;1;0;1;;CASQUILHO SUSPENSÃO;CASQUILHO SUSPENSÃO;0;;
161;1606;JBU453;1606;JBU453;CATEGORIA0;;1;1;0;1;;CASQUILHO;CASQUILHO;0;;
161;1606;JBU454;1606;JBU454;CATEGORIA0;;1;1;0;1;;CASQUILHO;CASQUILHO;0;;
161;1606;JBU456;1606;JBU456;CATEGORIA0;;1;1;0;1;;SINOBLOCO;SINOBLOCO;0;;
161;1606;JBU460;1606;JBU460;CATEGORIA0;;1;1;0;1;;CASQUILHO;CASQUILHO;0;;
161;1606;JBU468;1606;JBU468;CATEGORIA0;;1;1;0;1;;CASQUILHO;CASQUILHO;0;;
161;1606;JBU473;1606;JBU473;CATEGORIA0;;1;1;0;1;;CASQUILHO;CASQUILHO;0;;
161;1606;JBU478;1606;JBU478;CATEGORIA0;;1;1;0;1;;CASQUILHO;CASQUILHO;0;;
161;1606;JBU480;1606;JBU480;CATEGORIA0;;1;1;0;1;;CASQUILHO;CASQUILHO;0;;
161;1606;JBU481;1606;JBU481;CATEGORIA0;;1;1;0;1;;CASQUILHO;CASQUILHO;0;;
161;1606;JBU489;1606;JBU489;CATEGORIA0;;1;1;0;1;;CASQUILHO;CASQUILHO;0;;
161;1606;JBU491;1606;JBU491;CATEGORIA0;;1;1;0;1;;CASQUILHO;CASQUILHO;0;;
161;1606;JBU493;1606;JBU493;CATEGORIA0;;1;1;0;1;;CASQUILHO;CASQUILHO;0;;
161;1606;JBU494;1606;JBU494;CATEGORIA0;;1;1;0;1;;CASQUILHO;CASQUILHO;0;;
161;1606;JBU495;1606;JBU495;CATEGORIA0;;1;1;0;1;;CASQUILHO;CASQUILHO;0;;
161;1606;JBU496;1606;JBU496;CATEGORIA0;;1;1;0;1;;CASQUILHO;CASQUILHO;0;;
161;1606;JBU499;1606;JBU499;CATEGORIA0;;1;1;0;1;;CASQUILHO;CASQUILHO;0;;
161;1606;JBU500;1606;JBU500;CATEGORIA0;;1;1;0;1;;CASQUILHO;CASQUILHO;0;;
161;1606;JBU503;1606;JBU503;CATEGORIA0;;1;1;0;1;;CASQUILHO;CASQUILHO;0;;
161;1606;JBU504;1606;JBU504;CATEGORIA0;;1;1;0;1;;CASQUILHO;CASQUILHO;0;;
161;1606;JBU513;1606;JBU513;CATEGORIA0;;1;1;0;1;;CASQUILHO;CASQUILHO;0;;
161;1606;JBU517;1606;JBU517;CATEGORIA0;;1;1;0;1;;CASQUILHO;CASQUILHO;0;;
161;1606;JBU521;1606;JBU521;CATEGORIA0;;1;1;0;1;;CASQUILHO;CASQUILHO;0;;
161;1606;JBU526;1606;JBU526;CATEGORIA0;;1;1;0;1;;CASQUILHO;CASQUILHO;0;;
161;1606;JBU527;1606;JBU527;CATEGORIA0;;1;1;0;1;;CASQUILHO;CASQUILHO;0;;
161;1606;JBU531;1606;JBU531;CATEGORIA0;;1;1;0;1;;CASQUILHO;CASQUILHO;0;;
161;1606;JBU537;1606;JBU537;CATEGORIA0;;1;1;0;1;;CASQUILHO;CASQUILHO;0;;
161;1606;JBU540;1606;JBU540;CATEGORIA0;;1;1;0;1;;CASQUILHO;CASQUILHO;0;;
161;1606;JBU544;1606;JBU544;CATEGORIA0;;1;1;0;1;;CASQUILHO;CASQUILHO;0;;
161;1606;JBU602;1606;JBU602;CATEGORIA0;;1;1;0;1;;CASQUILHO;CASQUILHO;0;;
161;1606;JBU603;1606;JBU603;CATEGORIA0;;1;1;0;1;;SINOBLOCO;SINOBLOCO;0;;
161;1606;JBU604;1606;JBU604;CATEGORIA0;;1;1;0;1;;CASQUILHO;CASQUILHO;0;;
161;1606;JBU612;1606;JBU612;CATEGORIA0;;1;1;0;1;;CASQUILHO;CASQUILHO;0;;
161;1606;JBU619;1606;JBU619;CATEGORIA0;;1;1;0;1;;CASQUILHO;CASQUILHO;0;;
161;1606;JBU620;1606;JBU620;CATEGORIA0;;1;1;0;1;;CASQUILHO;CASQUILHO;0;;
161;1606;JBU622;1606;JBU622;CATEGORIA0;;1;1;0;1;;CASQUILHO;CASQUILHO;0;;
161;1606;JBU626;1606;JBU626;CATEGORIA0;;1;1;0;1;;CASQUILHO;CASQUILHO;0;;
161;1606;JBU635;1606;JBU635;CATEGORIA0;;1;1;0;1;;CASQUILHO;CASQUILHO;0;;
161;1606;JBU640;1606;JBU640;CATEGORIA0;;1;1;0;1;;CASQUILHO;CASQUILHO;0;;
161;1606;JBU642;1606;JBU642;CATEGORIA0;;1;1;0;1;;CASQUILHO;CASQUILHO;0;;
161;1606;JBU643;1606;JBU643;CATEGORIA0;;1;1;0;1;;CASQUILHO;CASQUILHO;0;;
161;1606;JBU650;1606;JBU650;CATEGORIA0;;1;1;0;1;;CASQUILHO;CASQUILHO;0;;
161;1606;JBU651;1606;JBU651;CATEGORIA0;;1;1;0;1;;CASQUILHO;CASQUILHO;0;;
161;1606;JBU656;1606;JBU656;CATEGORIA0;;1;1;0;1;;CASQUILHOS SUSP.;CASQUILHOS SUSP.;0;;
161;1606;JBU659;1606;JBU659;CATEGORIA0;;1;1;0;1;;CASQUILHO;CASQUILHO;0;;
161;1606;JBU661;1606;JBU661;CATEGORIA0;;1;1;0;1;;CASQUILHO;CASQUILHO;0;;
161;1606;JBU685;1606;JBU685;CATEGORIA0;;1;1;0;1;;CASQUILHO;CASQUILHO;0;;
161;1606;JBU692;1606;JBU692;CATEGORIA0;;1;1;0;1;;CASQUILHO;CASQUILHO;0;;
161;1606;JBU698;1606;JBU698;CATEGORIA0;;1;1;0;1;;CASQUILHO;CASQUILHO;0;;
161;1606;JBU701;1606;JBU701;CATEGORIA0;;1;1;0;1;;CASQUILHO;CASQUILHO;0;;
161;1606;JBU702;1606;JBU702;CATEGORIA0;;1;1;0;1;;CASQUILHO;CASQUILHO;0;;
161;1606;JBU706;1606;JBU706;CATEGORIA0;;1;1;0;1;;CASQUILHO;CASQUILHO;0;;
161;1606;JBU710;1606;JBU710;CATEGORIA0;;1;1;0;1;;CASQUILHO;CASQUILHO;0;;
161;1606;JBU711;1606;JBU711;CATEGORIA0;;1;1;0;1;;CASQUILHO;CASQUILHO;0;;
161;1606;JBU717;1606;JBU717;CATEGORIA0;;1;1;0;1;;CASQUILHO;CASQUILHO;0;;
161;1606;JBU724;1606;JBU724;CATEGORIA0;;1;1;0;1;;CASQUILHO;CASQUILHO;0;;
161;1606;JBU725;1606;JBU725;CATEGORIA0;;1;1;0;1;;CASQUILHO;CASQUILHO;0;;
161;1606;JBU727;1606;JBU727;CATEGORIA0;;1;1;0;1;;CASQUILHO;CASQUILHO;0;;
161;1606;JBU733;1606;JBU733;CATEGORIA0;;1;1;0;1;;CASQUILHO;CASQUILHO;0;;
161;1606;JBU741;1606;JBU741;CATEGORIA0;;1;1;0;1;;CASQUILHO;CASQUILHO;0;;
161;1606;JBU744;1606;JBU744;CATEGORIA0;;1;1;0;1;;CASQUILHO;CASQUILHO;0;;
161;1606;JBU746;1606;JBU746;CATEGORIA0;;1;1;0;1;;CASQUILHO;CASQUILHO;0;;
161;1606;JBU752;1606;JBU752;CATEGORIA0;;1;1;0;1;;CASQUILHO;CASQUILHO;0;;
161;1606;JBU761;1606;JBU761;CATEGORIA0;;1;1;0;1;;CASQUILHO;CASQUILHO;0;;
161;1606;JBU764;1606;JBU764;CATEGORIA0;;1;1;0;1;;CASQUILHO;CASQUILHO;0;;
161;1606;JBU770;1606;JBU770;CATEGORIA0;;1;1;0;1;;CASQUILHO;CASQUILHO;0;;
161;1606;JBU771;1606;JBU771;CATEGORIA0;;1;1;0;1;;CASQUILHO;CASQUILHO;0;;
161;1606;JBU772;1606;JBU772;CATEGORIA0;;1;1;0;1;;CASQUILHO;CASQUILHO;0;;
161;1606;JBU773;1606;JBU773;CATEGORIA0;;1;1;0;1;;CASQUILHO;CASQUILHO;0;;
161;1606;JBU774;1606;JBU774;CATEGORIA0;;1;1;0;1;;CASQUILHO;CASQUILHO;0;;
161;1606;JBU775;1606;JBU775;CATEGORIA0;;1;1;0;1;;CASQUILHO;CASQUILHO;0;;
161;1606;JBU783;1606;JBU783;CATEGORIA0;;1;1;0;1;;CASQUILHO;CASQUILHO;0;;
161;1606;JBU789;1606;JBU789;CATEGORIA0;;1;1;0;1;;CASQUILHO;CASQUILHO;0;;
161;1606;JBU798;1606;JBU798;CATEGORIA0;;1;1;0;1;;CASQUILHO;CASQUILHO;0;;
161;1606;JCR107;1606;JCR107;CATEGORIA0;;1;1;0;1;;COLUNA DIREÇÃO;COLUNA DIREÇÃO;0;;
161;0481;JCR107C;0481;JCR107C;CATEGORIA0;;1;1;0;1;;CASCO COLUNA DIREÇÃO;CASCO COLUNA DIREÇÃO;0;;
161;1606;JCR114;1606;JCR114;CATEGORIA0;;1;1;0;1;;COLUNA DIREÇÃO;COLUNA DIREÇÃO;0;;
161;0481;JCR114C;0481;JCR114C;CATEGORIA0;;1;1;0;1;;CASCO COLUNA DIREÇÃO;CASCO COLUNA DIREÇÃO;0;;
161;1606;JCR116;1606;JCR116;CATEGORIA0;;1;1;0;1;;COLUNA DIREÇÃO;COLUNA DIREÇÃO;0;;
161;0481;JCR116C;0481;JCR116C;CATEGORIA0;;1;1;0;1;;CASCO COLUNA DIREÇÃO;CASCO COLUNA DIREÇÃO;0;;
161;1606;JCR118;1606;JCR118;CATEGORIA0;;1;1;0;1;;COLUNA DIREÇÃO;COLUNA DIREÇÃO;0;;
161;1606;JCR119;1606;JCR119;CATEGORIA0;;1;1;0;1;;COLUNA DIREÇÃO;COLUNA DIREÇÃO;0;;
161;1606;JCR131;1606;JCR131;CATEGORIA0;;1;1;0;1;;COLUNA DIREÇÃO;COLUNA DIREÇÃO;0;;
161;1606;JCR134;1606;JCR134;CATEGORIA0;;1;1;0;1;;COLUNA DIREÇÃO;COLUNA DIREÇÃO;0;;
161;0481;JCR134C;0481;JCR134C;CATEGORIA0;;1;1;0;1;;CASCO COLUNA DIREÇÃO;CASCO COLUNA DIREÇÃO;0;;
161;1606;JCR135;1606;JCR135;CATEGORIA0;;1;1;0;1;;COLUNA DIREÇÃO;COLUNA DIREÇÃO;0;;
161;0481;JCR135C;0481;JCR135C;CATEGORIA0;;1;1;0;1;;CASCO COLUNA DIREÇÃO;CASCO COLUNA DIREÇÃO;0;;
161;1606;JCR174;1606;JCR174;CATEGORIA0;;1;1;0;1;;COLUNA DIREÇÃO;COLUNA DIREÇÃO;0;;
161;0481;JCR174C;0481;JCR174C;CATEGORIA0;;1;1;0;1;;CASCO COLUNA DIREÇÃO;CASCO COLUNA DIREÇÃO;0;;
161;1606;JCR214;1606;JCR214;CATEGORIA0;;1;1;0;1;;COLUNA DIREÇÃO;COLUNA DIREÇÃO;0;;
161;0481;JCR214C;0481;JCR214C;CATEGORIA0;;1;1;0;1;;CASCO COLUNA DIREÇÃO;CASCO COLUNA DIREÇÃO;0;;
161;1606;JCR215;1606;JCR215;CATEGORIA0;;1;1;0;1;;COLUNA DIREÇÃO;COLUNA DIREÇÃO;0;;
161;1606;JCR242;1606;JCR242;CATEGORIA0;;1;1;0;1;;COLUNA DIREÇÃO;COLUNA DIREÇÃO;0;;
161;1606;JCR267;1606;JCR267;CATEGORIA0;;1;1;0;1;;COLUNA DIREÇÃO;COLUNA DIREÇÃO;0;;
161;0481;JCR267C;0481;JCR267C;CATEGORIA0;;1;1;0;1;;CASCO COLUNA DIREÇÃO;CASCO COLUNA DIREÇÃO;0;;
161;1606;JCS120;1606;JCS120;CATEGORIA0;;1;1;0;1;;MOLA HELICOIDAL;MOLA HELICOIDAL;0;;
161;1606;JCS194;1606;JCS194;CATEGORIA0;;1;1;0;1;;MOLA SUSPENSÃO;MOLA SUSPENSÃO;0;;
161;1606;JCS210;1606;JCS210;CATEGORIA0;;1;1;0;1;;MOLA HELICOIDAL;MOLA HELICOIDAL;0;;
161;1606;JCS257;1606;JCS257;CATEGORIA0;;1;1;0;1;;MOLA HELICOIDAL;MOLA HELICOIDAL;0;;
161;1606;JCS287;1606;JCS287;CATEGORIA0;;1;1;0;1;;MOLA HELICODAL;MOLA HELICODAL;0;;
161;1606;JCY106;1606;JCY106;CATEGORIA0;;1;1;0;1;;BARRA CENTRAL DIREÇÃO;BARRA CENTRAL DIREÇÃO;0;;
161;1606;JER100;1606;JER100;CATEGORIA0;;1;1;0;1;;BOMBA DIREÇÃO ELECTRO-HIDRAULICA;BOMBA DIREÇÃO ELECTRO-HIDRAULICA;0;;
161;1606;JER104;1606;JER104;CATEGORIA0;;1;1;0;1;;BOMBA DIREÇÃO ELECT.;BOMBA DIREÇÃO ELECT.;0;;
161;0481;JER104C;0481;JER104C;CATEGORIA0;;1;1;0;1;;CASCO BOMBA DIREÇÃO ELECT.;CASCO BOMBA DIREÇÃO ELECT.;0;;
161;1606;JER107;1606;JER107;CATEGORIA0;;1;1;0;1;;BOMBA DIREÇÃO ELECTRICA;BOMBA DIREÇÃO ELECTRICA;0;;
161;0481;JER107C;0481;JER107C;CATEGORIA0;;1;1;0;1;;CASCO BOMBA;CASCO BOMBA;0;;
161;1606;JER110;1606;JER110;CATEGORIA0;;1;1;0;1;;BOMBA DIREÇÃO ELECT.;BOMBA DIREÇÃO ELECT.;0;;
161;1606;JER118;1606;JER118;CATEGORIA0;;1;1;0;1;;BOMBA DIREÇÃO ELETRICA;BOMBA DIREÇÃO ELETRICA;0;;
161;0481;JER118C;0481;JER118C;CATEGORIA0;;1;1;0;1;;CORE BOMBA DIREÇÃO ELETRICA;CORE BOMBA DIREÇÃO ELETRICA;0;;
161;1606;JER120;1606;JER120;CATEGORIA0;;1;1;0;1;;BOMBA DIREÇÃO ELECT.;BOMBA DIREÇÃO ELECT.;0;;
161;0481;JER120C;0481;JER120C;CATEGORIA0;;1;1;0;1;;CASCO BOMBA DIREÇÃO ELECT.;CASCO BOMBA DIREÇÃO ELECT.;0;;
161;1606;JER123;1606;JER123;CATEGORIA0;;1;1;0;1;;BOMBA DIREÇÃO;BOMBA DIREÇÃO;0;;
161;0481;JER123C;0481;JER123C;CATEGORIA0;;1;1;0;1;;CASCO BOMBA DIREÇÃO;CASCO BOMBA DIREÇÃO;0;;
161;1606;JER124;1606;JER124;CATEGORIA0;;1;1;0;1;;BOMBA DIREÇÃO;BOMBA DIREÇÃO;0;;
161;1606;JER129;1606;JER129;CATEGORIA0;;1;1;0;1;;BOMBA DIREÇÃO ELECT.;BOMBA DIREÇÃO ELECT.;0;;
161;0481;JER129C;0481;JER129C;CATEGORIA0;;1;1;0;1;;CASCO BOMBA DIREÇÃO ELECT.;CASCO BOMBA DIREÇÃO ELECT.;0;;
161;1606;JER134;1606;JER134;CATEGORIA0;;1;1;0;1;;BOMBA DIREÇÃO;BOMBA DIREÇÃO;0;;
161;0481;JER134C;0481;JER134C;CATEGORIA0;;1;1;0;1;;CASCO BOMBA DIREÇÃO;CASCO BOMBA DIREÇÃO;0;;
161;1606;JER150;1606;JER150;CATEGORIA0;;1;1;0;1;;BOMBA DIREÇÃO;BOMBA DIREÇÃO;0;;
161;0481;JER150C;0481;JER150C;CATEGORIA0;;1;1;0;1;;CASCO BOMBA DIREÇÃO;CASCO BOMBA DIREÇÃO;0;;
161;1606;JER155;1606;JER155;CATEGORIA0;;1;1;0;1;;BOMBA DIRECÇAÕ ELETRICA;BOMBA DIRECÇAÕ ELETRICA;0;;
161;0481;JER155C;0481;JER155C;CATEGORIA0;;1;1;0;1;;CASCO BOMBA DIREÇÃO;CASCO BOMBA DIREÇÃO;0;;
161;1606;JER156;1606;JER156;CATEGORIA0;;1;1;0;1;;BOMBA DIREÇÃO ELETRICA;BOMBA DIREÇÃO ELETRICA;0;;
161;0481;JER156C;0481;JER156C;CATEGORIA0;;1;1;0;1;;CORE BOMBA DIREÇÃO ELECT.;CORE BOMBA DIREÇÃO ELECT.;0;;
161;1606;JER159;1606;JER159;CATEGORIA0;;1;1;0;1;;BOMBA DIREÇÃO;BOMBA DIREÇÃO;0;;
161;0481;JER159C;0481;JER159C;CATEGORIA0;;1;1;0;1;;CASCO BOMBA DIREÇÃO;CASCO BOMBA DIREÇÃO;0;;
161;1606;JER162;1606;JER162;CATEGORIA0;;1;1;0;1;;BOMBA DIREÇÃO;BOMBA DIREÇÃO;0;;
161;0481;JER162C;0481;JER162C;CATEGORIA0;;1;1;0;1;;CASCO BOMBA DIREÇÃO;CASCO BOMBA DIREÇÃO;0;;
161;1606;JER171;1606;JER171;CATEGORIA0;;1;1;0;1;;BOMBA DIREÇÃO ELECT.;BOMBA DIREÇÃO ELECT.;0;;
161;0481;JER171C;0481;JER171C;CATEGORIA0;;1;1;0;1;;CASCO BOMBA DIREÇÃO;CASCO BOMBA DIREÇÃO;0;;
161;0166;JGC103T;0166;JGC103T;CATEGORIA0;;1;1;0;1;;JG AMORTECEDORES;JG AMORTECEDORES;0;;
161;0166;JGM1007T;0166;JGM1007T;CATEGORIA0;;1;1;0;1;;JG. AMORTECEDORES;JG. AMORTECEDORES;0;;
161;0166;JGM1032T;0166;JGM1032T;CATEGORIA0;;1;1;0;1;;JG AMORTECEDORES;JG AMORTECEDORES;0;;
161;0166;JGM1058T;0166;JGM1058T;CATEGORIA0;;1;1;0;1;;JG AMORTECEDORES;JG AMORTECEDORES;0;;
161;0166;JGM1079T;0166;JGM1079T;CATEGORIA0;;1;1;0;1;;JG.AMORTECEDORES;JG.AMORTECEDORES;0;;
161;0166;JGM1245T;0166;JGM1245T;CATEGORIA0;;1;1;0;1;;JG. AMORTECEDORES;JG. AMORTECEDORES;0;;
161;0166;JGM159T;0166;JGM159T;CATEGORIA0;;1;1;0;1;;JG. AMORTECEDORES;JG. AMORTECEDORES;0;;
161;0166;JGM165T;0166;JGM165T;CATEGORIA0;;1;1;0;1;;JG. AMORTECEDORES;JG. AMORTECEDORES;0;;
161;0166;JGM175T;0166;JGM175T;CATEGORIA0;;1;1;0;1;;JG. AMORTECEDORES;JG. AMORTECEDORES;0;;
161;0166;JGM179T;0166;JGM179T;CATEGORIA0;;1;1;0;1;;JG. AMORTECEDORES;JG. AMORTECEDORES;0;;
161;0166;JGM191T;0166;JGM191T;CATEGORIA0;;1;1;0;1;;JG. AMORTECEDORES;JG. AMORTECEDORES;0;;
161;0166;JGM204T;0166;JGM204T;CATEGORIA0;;1;1;0;1;;JG. AMORTECEDORES;JG. AMORTECEDORES;0;;
161;0166;JGM2148T;0166;JGM2148T;CATEGORIA0;;1;1;0;1;;JG. AMORTECEDORES;JG. AMORTECEDORES;0;;
161;0166;JGM240T;0166;JGM240T;CATEGORIA0;;1;1;0;1;;JG. AMORTECEDORES;JG. AMORTECEDORES;0;;
161;0166;JGM2815T;0166;JGM2815T;CATEGORIA0;;1;1;0;1;;JG. AMORTECEDORES;JG. AMORTECEDORES;0;;
161;0166;JGM289T;0166;JGM289T;CATEGORIA0;;1;1;0;1;;JG. AMORTECEDORES;JG. AMORTECEDORES;0;;
161;0166;JGM3154T;0166;JGM3154T;CATEGORIA0;;1;1;0;1;;JG.AMORT.;JG.AMORT.;0;;
161;0166;JGM3210T;0166;JGM3210T;CATEGORIA0;;1;1;0;1;;JG. AMORTECEDORES;JG. AMORTECEDORES;0;;
161;0166;JGM3345T;0166;JGM3345T;CATEGORIA0;;1;1;0;1;;JG. AMORTECEDORES;JG. AMORTECEDORES;0;;
161;0166;JGM455T;0166;JGM455T;CATEGORIA0;;1;1;0;1;;JG. AMORTECEDORES;JG. AMORTECEDORES;0;;
161;0166;JGM460T;0166;JGM460T;CATEGORIA0;;1;1;0;1;;JG. AMORTECEDORES;JG. AMORTECEDORES;0;;
161;0166;JGM568T;0166;JGM568T;CATEGORIA0;;1;1;0;1;;JG. AMORTECEDORES;JG. AMORTECEDORES;0;;
161;0166;JGM599T;0166;JGM599T;CATEGORIA0;;1;1;0;1;;JG. AMORTECEDORES;JG. AMORTECEDORES;0;;
161;0166;JGM6056T;0166;JGM6056T;CATEGORIA0;;1;1;0;1;;JG. AMORTECEDORES;JG. AMORTECEDORES;0;;
161;0166;JGM6289T;0166;JGM6289T;CATEGORIA0;;1;1;0;1;;JG. AMORTECEDORES;JG. AMORTECEDORES;0;;
161;0166;JGM6478T;0166;JGM6478T;CATEGORIA0;;1;1;0;1;;JG. AMORTECEDORES;JG. AMORTECEDORES;0;;
161;0166;JGM7000T;0166;JGM7000T;CATEGORIA0;;1;1;0;1;;JG. AMORTECEDORES;JG. AMORTECEDORES;0;;
161;0166;JGM7956T;0166;JGM7956T;CATEGORIA0;;1;1;0;1;;JG. AMORTECEDORES;JG. AMORTECEDORES;0;;
161;0166;JGM8089T;0166;JGM8089T;CATEGORIA0;;1;1;0;1;;JG. AMORTECEDORES;JG. AMORTECEDORES;0;;
161;0166;JGM8323T;0166;JGM8323T;CATEGORIA0;;1;1;0;1;;JG. AMORTECEDORES;JG. AMORTECEDORES;0;;
161;0166;JGM8367T;0166;JGM8367T;CATEGORIA0;;1;1;0;1;;JG. AMORTECEDORES;JG. AMORTECEDORES;0;;
161;0166;JGM9356T;0166;JGM9356T;CATEGORIA0;;1;1;0;1;;JG. AMORTECEDORES;JG. AMORTECEDORES;0;;
161;0166;JGS1040T;0166;JGS1040T;CATEGORIA0;;1;1;0;1;;JG. AMORTECEDORES;JG. AMORTECEDORES;0;;
161;0166;JGS163T;0166;JGS163T;CATEGORIA0;;1;1;0;1;;JG AMORTECEDOR;JG AMORTECEDOR;0;;
161;0166;JGS165T;0166;JGS165T;CATEGORIA0;;1;1;0;1;;JG. AMORTECEDORES;JG. AMORTECEDORES;0;;
161;0166;JGS1901T;0166;JGS1901T;CATEGORIA0;;1;1;0;1;;JG. AMORTECEDORES;JG. AMORTECEDORES;0;;
161;0166;JGS2467T;0166;JGS2467T;CATEGORIA0;;1;1;0;1;;JG. AMORTECEDORES;JG. AMORTECEDORES;0;;
161;0166;JGT1002T;0166;JGT1002T;CATEGORIA0;;1;1;0;1;;JG AMORTECEDORES;JG AMORTECEDORES;0;;
161;0166;JGT1038T;0166;JGT1038T;CATEGORIA0;;1;1;0;1;;JG. AMORTECEDORES;JG. AMORTECEDORES;0;;
161;0166;JGT1074T;0166;JGT1074T;CATEGORIA0;;1;1;0;1;;JG AMORTECEDORES;JG AMORTECEDORES;0;;
161;0166;JGT141T;0166;JGT141T;CATEGORIA0;;1;1;0;1;;JG. AMORTECEDORES;JG. AMORTECEDORES;0;;
161;0166;JGT161T;0166;JGT161T;CATEGORIA0;;1;1;0;1;;JG. AMORTECEDORES;JG. AMORTECEDORES;0;;
161;0166;JGT186T;0166;JGT186T;CATEGORIA0;;1;1;0;1;;JG. AMORTECEDORES;JG. AMORTECEDORES;0;;
161;0166;JGT206T;0166;JGT206T;CATEGORIA0;;1;1;0;1;;JG AMORTECEDORES;JG AMORTECEDORES;0;;
161;0166;JGT215T;0166;JGT215T;CATEGORIA0;;1;1;0;1;;JG. AMORTECEDORES;JG. AMORTECEDORES;0;;
161;0166;JGT216T;0166;JGT216T;CATEGORIA0;;1;1;0;1;;JG. AMORTECEDORES;JG. AMORTECEDORES;0;;
161;0166;JGT219T;0166;JGT219T;CATEGORIA0;;1;1;0;1;;AMORTECEDOR TRW;AMORTECEDOR TRW;0;;
161;0166;JGT233T;0166;JGT233T;CATEGORIA0;;1;1;0;1;;JG. AMORTECEDORES;JG. AMORTECEDORES;0;;
161;0166;JGT240T;0166;JGT240T;CATEGORIA0;;1;1;0;1;;JG.AMORTECEDORES;JG.AMORTECEDORES;0;;
161;0166;JGT241T;0166;JGT241T;CATEGORIA0;;1;1;0;1;;JG AMORTECEDORES;JG AMORTECEDORES;0;;
161;0166;JGT244T;0166;JGT244T;CATEGORIA0;;1;1;0;1;;JG. AMORTECEDORES;JG. AMORTECEDORES;0;;
161;0166;JGT255T;0166;JGT255T;CATEGORIA0;;1;1;0;1;;JG. AMORTECEDORES;JG. AMORTECEDORES;0;;
161;0166;JGT258T;0166;JGT258T;CATEGORIA0;;1;1;0;1;;JG. AMORTECEDORES;JG. AMORTECEDORES;0;;
161;0166;JGT263T;0166;JGT263T;CATEGORIA0;;1;1;0;1;;JG. AMORTECEDORES;JG. AMORTECEDORES;0;;
161;0166;JGT273T;0166;JGT273T;CATEGORIA0;;1;1;0;1;;JG. AMORTECEDORES;JG. AMORTECEDORES;0;;
161;0166;JGT302T;0166;JGT302T;CATEGORIA0;;1;1;0;1;;JG. AMORTECEDORES;JG. AMORTECEDORES;0;;
161;0166;JGT313T;0166;JGT313T;CATEGORIA0;;1;1;0;1;;JG. AMORTECEDORES;JG. AMORTECEDORES;0;;
161;0166;JGT401T;0166;JGT401T;CATEGORIA0;;1;1;0;1;;JG. AMORTECEDORES;JG. AMORTECEDORES;0;;
161;0166;JGT419T;0166;JGT419T;CATEGORIA0;;1;1;0;1;;JG. AMORTECEDORES;JG. AMORTECEDORES;0;;
161;0166;JGT430T;0166;JGT430T;CATEGORIA0;;1;1;0;1;;JG AMORTECEDORES;JG AMORTECEDORES;0;;
161;0166;JGT444T;0166;JGT444T;CATEGORIA0;;1;1;0;1;;JG AMORTECEDORES;JG AMORTECEDORES;0;;
161;0166;JGT466T;0166;JGT466T;CATEGORIA0;;1;1;0;1;;JG. AMORTECEDORES;JG. AMORTECEDORES;0;;
161;0166;JGT473T;0166;JGT473T;CATEGORIA0;;1;1;0;1;;JG. AMORTECEDORES;JG. AMORTECEDORES;0;;
161;0166;JGT480T;0166;JGT480T;CATEGORIA0;;1;1;0;1;;JG. AMORTECEDORES;JG. AMORTECEDORES;0;;
161;0166;JHC116T;0166;JHC116T;CATEGORIA0;;1;1;0;1;;JG. AMORTECEDORES;JG. AMORTECEDORES;0;;
161;0166;JHM194T;0166;JHM194T;CATEGORIA0;;1;1;0;1;;JG. AMORTECEDORES;JG. AMORTECEDORES;0;;
161;0166;JHM459T;0166;JHM459T;CATEGORIA0;;1;1;0;1;;JG. AMORTECEDORES;JG. AMORTECEDORES;0;;
161;0166;JHM546T;0166;JHM546T;CATEGORIA0;;1;1;0;1;;JG. AMORTECEDORES;JG. AMORTECEDORES;0;;
161;0166;JHT115T;0166;JHT115T;CATEGORIA0;;1;1;0;1;;JG. AMORTECEDORES;JG. AMORTECEDORES;0;;
161;0166;JHT129T;0166;JHT129T;CATEGORIA0;;1;1;0;1;;JG. AMORTECEDORES;JG. AMORTECEDORES;0;;
161;0166;JHT162T;0166;JHT162T;CATEGORIA0;;1;1;0;1;;JG. AMORTECEDORES;JG. AMORTECEDORES;0;;
161;0166;JHT204T;0166;JHT204T;CATEGORIA0;;1;1;0;1;;JG. AMORTECEDORES;JG. AMORTECEDORES;0;;
161;0166;JHT238T;0166;JHT238T;CATEGORIA0;;1;1;0;1;;JG. AMORTECEDORES;JG. AMORTECEDORES;0;;
161;1606;JIA7506;1606;JIA7506;CATEGORIA0;;1;1;0;1;;PENDURAL DE DIREÇÃO;PENDURAL DE DIREÇÃO;0;;
161;0481;JKR104C;0481;JKR104C;CATEGORIA0;;1;1;0;1;;CASCO KIT CAIXA E BOMBA DIREÇÃO;CASCO KIT CAIXA E BOMBA DIREÇÃO;0;;
161;1606;JPR109;1606;JPR109;CATEGORIA0;;1;1;0;1;;BOMBA DIREÇÃO;BOMBA DIREÇÃO;0;;
161;0481;JPR109C;0481;JPR109C;CATEGORIA0;;1;1;0;1;;CASCO BOMBA DIREÇÃO;CASCO BOMBA DIREÇÃO;0;;
161;1606;JPR117;1606;JPR117;CATEGORIA0;;1;1;0;1;;BOMBA DIREÇÃO;BOMBA DIREÇÃO;0;;
161;0481;JPR117C;0481;JPR117C;CATEGORIA0;;1;1;0;1;;CASCO BOMBA DIREÇÃO;CASCO BOMBA DIREÇÃO;0;;
161;1606;JPR130;1606;JPR130;CATEGORIA0;;1;1;0;1;;BOMBA DIREÇÃO;BOMBA DIREÇÃO;0;;
161;0481;JPR130C;0481;JPR130C;CATEGORIA0;;1;1;0;1;;CASCO BOMBA DIREÇÃO;CASCO BOMBA DIREÇÃO;0;;
161;1606;JPR137;1606;JPR137;CATEGORIA0;;1;1;0;1;;BOMBA DIREÇÃO;BOMBA DIREÇÃO;0;;
161;1606;JPR147;1606;JPR147;CATEGORIA0;;1;1;0;1;;BOMBA DIREÇÃO;BOMBA DIREÇÃO;0;;
161;0481;JPR147C;0481;JPR147C;CATEGORIA0;;1;1;0;1;;CASCO BOMBA DIREÇÃO;CASCO BOMBA DIREÇÃO;0;;
161;1606;JPR149;1606;JPR149;CATEGORIA0;;1;1;0;1;;BOMBA DIREÇÃO;BOMBA DIREÇÃO;0;;
161;0481;JPR149C;0481;JPR149C;CATEGORIA0;;1;1;0;1;;CASCO BOMBA DIREÇÃO;CASCO BOMBA DIREÇÃO;0;;
161;1606;JPR152;1606;JPR152;CATEGORIA0;;1;1;0;1;;BOMBA DIREÇÃO;BOMBA DIREÇÃO;0;;
161;1606;JPR155;1606;JPR155;CATEGORIA0;;1;1;0;1;;BOMBA DIREÇÃO;BOMBA DIREÇÃO;0;;
161;0481;JPR155C;0481;JPR155C;CATEGORIA0;;1;1;0;1;;CASCO BOMBA DIREÇÃO;CASCO BOMBA DIREÇÃO;0;;
161;1606;JPR160;1606;JPR160;CATEGORIA0;;1;1;0;1;;BOMBA DIREÇÃO;BOMBA DIREÇÃO;0;;
161;0481;JPR160C;0481;JPR160C;CATEGORIA0;;1;1;0;1;;CASCO BOMBA DIREÇÃO;CASCO BOMBA DIREÇÃO;0;;
161;1606;JPR171;1606;JPR171;CATEGORIA0;;1;1;0;1;;BOMBA DIREÇÃO;BOMBA DIREÇÃO;0;;
161;0481;JPR171C;0481;JPR171C;CATEGORIA0;;1;1;0;1;;CORE BOMBA DIREÇÃO;CORE BOMBA DIREÇÃO;0;;
161;1606;JPR176;1606;JPR176;CATEGORIA0;;1;1;0;1;;BOMBA DIREÇÃO;BOMBA DIREÇÃO;0;;
161;0481;JPR176C;0481;JPR176C;CATEGORIA0;;1;1;0;1;;CASCO BOMBA DIREÇÃO;CASCO BOMBA DIREÇÃO;0;;
161;1606;JPR182;1606;JPR182;CATEGORIA0;;1;1;0;1;;BOMBA DIREÇÃO;BOMBA DIREÇÃO;0;;
161;0481;JPR182C;0481;JPR182C;CATEGORIA0;;1;1;0;1;;CASCO BOMBA DIREÇÃO;CASCO BOMBA DIREÇÃO;0;;
161;1606;JPR188;1606;JPR188;CATEGORIA0;;1;1;0;1;;BOMBA DIREÇÃO;BOMBA DIREÇÃO;0;;
161;1606;JPR190;1606;JPR190;CATEGORIA0;;1;1;0;1;;BOMBA DIREÇÃO;BOMBA DIREÇÃO;0;;
161;0481;JPR190C;0481;JPR190C;CATEGORIA0;;1;1;0;1;;CASCO BOMBA DIREÇÃO;CASCO BOMBA DIREÇÃO;0;;
161;1606;JPR191;1606;JPR191;CATEGORIA0;;1;1;0;1;;BOMBA DIREÇÃO;BOMBA DIREÇÃO;0;;
161;0481;JPR191C;0481;JPR191C;CATEGORIA0;;1;1;0;1;;CASCO BOMBA DIREÇÃO;CASCO BOMBA DIREÇÃO;0;;
161;1606;JPR201;1606;JPR201;CATEGORIA0;;1;1;0;1;;BOMBA DIREÇÃO;BOMBA DIREÇÃO;0;;
161;0481;JPR201C;0481;JPR201C;CATEGORIA0;;1;1;0;1;;CASCO BOMBA DIREÇÃO;CASCO BOMBA DIREÇÃO;0;;
161;1606;JPR202;1606;JPR202;CATEGORIA0;;1;1;0;1;;BOMBA DIREÇÃO;BOMBA DIREÇÃO;0;;
161;1606;JPR213;1606;JPR213;CATEGORIA0;;1;1;0;1;;BOMBA DIREÇÃO;BOMBA DIREÇÃO;0;;
161;1606;JPR218;1606;JPR218;CATEGORIA0;;1;1;0;1;;BOMBA DIREÇÃO;BOMBA DIREÇÃO;0;;
161;0481;JPR218C;0481;JPR218C;CATEGORIA0;;1;1;0;1;;CASCO BOMBA DIREÇÃO;CASCO BOMBA DIREÇÃO;0;;
161;1606;JPR219;1606;JPR219;CATEGORIA0;;1;1;0;1;;BOMBA DIREÇÃO;BOMBA DIREÇÃO;0;;
161;0481;JPR219C;0481;JPR219C;CATEGORIA0;;1;1;0;1;;CASCO BOMBA DIREÇÃO;CASCO BOMBA DIREÇÃO;0;;
161;1606;JPR224;1606;JPR224;CATEGORIA0;;1;1;0;1;;BOMBA DIREÇÃO;BOMBA DIREÇÃO;0;;
161;0481;JPR224C;0481;JPR224C;CATEGORIA0;;1;1;0;1;;CASCO BOMBA DIREÇÃO;CASCO BOMBA DIREÇÃO;0;;
161;1606;JPR226;1606;JPR226;CATEGORIA0;;1;1;0;1;;BOMBA DIREÇÃO ASSIST.;BOMBA DIREÇÃO ASSIST.;0;;
161;0481;JPR226C;0481;JPR226C;CATEGORIA0;;1;1;0;1;;CASCO BOMBA DIREÇÃO;CASCO BOMBA DIREÇÃO;0;;
161;1606;JPR230;1606;JPR230;CATEGORIA0;;1;1;0;1;;BOMBA DIREÇÃO;BOMBA DIREÇÃO;0;;
161;0481;JPR230C;0481;JPR230C;CATEGORIA0;;1;1;0;1;;CASCO BOMBA DIREÇÃO;CASCO BOMBA DIREÇÃO;0;;
161;1606;JPR236;1606;JPR236;CATEGORIA0;;1;1;0;1;;BOMBA DIREÇÃO;BOMBA DIREÇÃO;0;;
161;0481;JPR236C;0481;JPR236C;CATEGORIA0;;1;1;0;1;;CASCO BOMBA DIREÇÃO;CASCO BOMBA DIREÇÃO;0;;
161;1606;JPR245;1606;JPR245;CATEGORIA0;;1;1;0;1;;BOMBA DIREÇÃO;BOMBA DIREÇÃO;0;;
161;0481;JPR245C;0481;JPR245C;CATEGORIA0;;1;1;0;1;;CASCO BOMBA DIREÇÃO;CASCO BOMBA DIREÇÃO;0;;
161;1606;JPR255;1606;JPR255;CATEGORIA0;;1;1;0;1;;BOMBA DIREÇÃO;BOMBA DIREÇÃO;0;;
161;0481;JPR255C;0481;JPR255C;CATEGORIA0;;1;1;0;1;;CASCO BOMBA DIREÇÃO;CASCO BOMBA DIREÇÃO;0;;
161;1606;JPR259;1606;JPR259;CATEGORIA0;;1;1;0;1;;BOMBA DIREÇÃO;BOMBA DIREÇÃO;0;;
161;0481;JPR259C;0481;JPR259C;CATEGORIA0;;1;1;0;1;;CASCO BOMBA DIREÇÃO;CASCO BOMBA DIREÇÃO;0;;
161;1606;JPR261;1606;JPR261;CATEGORIA0;;1;1;0;1;;BOMBA DIREÇÃO;BOMBA DIREÇÃO;0;;
161;0481;JPR261C;0481;JPR261C;CATEGORIA0;;1;1;0;1;;CASCO BOMBA DIREÇÃO;CASCO BOMBA DIREÇÃO;0;;
161;1606;JPR267;1606;JPR267;CATEGORIA0;;1;1;0;1;;BOMBA DIREÇÃO;BOMBA DIREÇÃO;0;;
161;0481;JPR267C;0481;JPR267C;CATEGORIA0;;1;1;0;1;;CASCO BOMBA DIREÇÃO;CASCO BOMBA DIREÇÃO;0;;
161;1606;JPR271;1606;JPR271;CATEGORIA0;;1;1;0;1;;BOMBA DIREÇÃO;BOMBA DIREÇÃO;0;;
161;1606;JPR273;1606;JPR273;CATEGORIA0;;1;1;0;1;;BOMBA DIREÇÃO ASSIST.;BOMBA DIREÇÃO ASSIST.;0;;
161;0481;JPR273C;0481;JPR273C;CATEGORIA0;;1;1;0;1;;CASCO BOMBA DIREÇÃO;CASCO BOMBA DIREÇÃO;0;;
161;1606;JPR293;1606;JPR293;CATEGORIA0;;1;1;0;1;;BOMBA DIREÇÃO;BOMBA DIREÇÃO;0;;
161;0481;JPR293C;0481;JPR293C;CATEGORIA0;;1;1;0;1;;CASCO BOMBA DIREÇÃO;CASCO BOMBA DIREÇÃO;0;;
161;1606;JPR294;1606;JPR294;CATEGORIA0;;1;1;0;1;;BOMBA DIREÇÃO;BOMBA DIREÇÃO;0;;
161;0481;JPR294C;0481;JPR294C;CATEGORIA0;;1;1;0;1;;CASCO BOMBA DIREÇÃO;CASCO BOMBA DIREÇÃO;0;;
161;1606;JPR314;1606;JPR314;CATEGORIA0;;1;1;0;1;;BOMBA DIREÇÃO;BOMBA DIREÇÃO;0;;
161;0481;JPR314C;0481;JPR314C;CATEGORIA0;;1;1;0;1;;CASCO BOMBA DIREÇÃO;CASCO BOMBA DIREÇÃO;0;;
161;1606;JPR317;1606;JPR317;CATEGORIA0;;1;1;0;1;;BOMBA DIREÇÃO ASSISTIDA;BOMBA DIREÇÃO ASSISTIDA;0;;
161;1606;JPR358;1606;JPR358;CATEGORIA0;;1;1;0;1;;BOMBA DIREÇÃO;BOMBA DIREÇÃO;0;;
161;0481;JPR358C;0481;JPR358C;CATEGORIA0;;1;1;0;1;;CASCO BOMBA DIREÇÃO;CASCO BOMBA DIREÇÃO;0;;
161;1606;JPR359;1606;JPR359;CATEGORIA0;;1;1;0;1;;BOMBA DIREÇÃO;BOMBA DIREÇÃO;0;;
161;0481;JPR359C;0481;JPR359C;CATEGORIA0;;1;1;0;1;;CASCO BOMBA DIREÇÃO;CASCO BOMBA DIREÇÃO;0;;
161;1606;JPR363;1606;JPR363;CATEGORIA0;;1;1;0;1;;BOMBA DIREÇÃO;BOMBA DIREÇÃO;0;;
161;0481;JPR363C;0481;JPR363C;CATEGORIA0;;1;1;0;1;;CASCO BOMBA DIREÇÃO;CASCO BOMBA DIREÇÃO;0;;
161;1606;JPR372;1606;JPR372;CATEGORIA0;;1;1;0;1;;BOMBA DIREÇÃO ASSISTIDA;BOMBA DIREÇÃO ASSISTIDA;0;;
161;1606;JPR377;1606;JPR377;CATEGORIA0;;1;1;0;1;;BOMBA DIREÇÃO ASSISTIDA;BOMBA DIREÇÃO ASSISTIDA;0;;
161;0481;JPR377C;0481;JPR377C;CATEGORIA0;;1;1;0;1;;CASCO BOMBA DIREÇÃO;CASCO BOMBA DIREÇÃO;0;;
161;1606;JPR379;1606;JPR379;CATEGORIA0;;1;1;0;1;;BOMBA DIREÇÃO;BOMBA DIREÇÃO;0;;
161;1606;JPR380;1606;JPR380;CATEGORIA0;;1;1;0;1;;BOMBA DIREÇÃO;BOMBA DIREÇÃO;0;;
161;0481;JPR380C;0481;JPR380C;CATEGORIA0;;1;1;0;1;;CASCO BOMBA DIREÇÃO;CASCO BOMBA DIREÇÃO;0;;
161;1606;JPR382;1606;JPR382;CATEGORIA0;;1;1;0;1;;BOMBA DIREÇÃO;BOMBA DIREÇÃO;0;;
161;1606;JPR388;1606;JPR388;CATEGORIA0;;1;1;0;1;;BOMBA DIREÇÃO;BOMBA DIREÇÃO;0;;
161;0481;JPR388C;0481;JPR388C;CATEGORIA0;;1;1;0;1;;CASCO BOMBA DIREÇÃO;CASCO BOMBA DIREÇÃO;0;;
161;1606;JPR393;1606;JPR393;CATEGORIA0;;1;1;0;1;;BOMBA DIREÇÃO;BOMBA DIREÇÃO;0;;
161;0481;JPR393C;0481;JPR393C;CATEGORIA0;;1;1;0;1;;CASCO BOMBA DIREÇÃO;CASCO BOMBA DIREÇÃO;0;;
161;1606;JPR395;1606;JPR395;CATEGORIA0;;1;1;0;1;;BOMBA DIREÇÃO;BOMBA DIREÇÃO;0;;
161;0481;JPR395C;0481;JPR395C;CATEGORIA0;;1;1;0;1;;CASCO BOMBA DIREÇÃO;CASCO BOMBA DIREÇÃO;0;;
161;1606;JPR396;1606;JPR396;CATEGORIA0;;1;1;0;1;;BOMBA DIREÇÃO;BOMBA DIREÇÃO;0;;
161;0481;JPR396C;0481;JPR396C;CATEGORIA0;;1;1;0;1;;CASCO BOMBA DIREÇÃO;CASCO BOMBA DIREÇÃO;0;;
161;1606;JPR424;1606;JPR424;CATEGORIA0;;1;1;0;1;;BOMBA DIREÇÃO;BOMBA DIREÇÃO;0;;
161;1606;JPR436;1606;JPR436;CATEGORIA0;;1;1;0;1;;BOMBA DIREÇÃO;BOMBA DIREÇÃO;0;;
161;0481;JPR436C;0481;JPR436C;CATEGORIA0;;1;1;0;1;;CASCO BOMBA DIREÇÃO;CASCO BOMBA DIREÇÃO;0;;
161;1606;JPR459;1606;JPR459;CATEGORIA0;;1;1;0;1;;BOMBA DIREÇÃO **;BOMBA DIREÇÃO **;0;;
161;0481;JPR459C;0481;JPR459C;CATEGORIA0;;1;1;0;1;;CASCO BOMBA DIREÇÃO;CASCO BOMBA DIREÇÃO;0;;
161;1606;JPR508;1606;JPR508;CATEGORIA0;;1;1;0;1;;BOMBA DIREÇÃO;BOMBA DIREÇÃO;0;;
161;0481;JPR508C;0481;JPR508C;CATEGORIA0;;1;1;0;1;;CASCO BOMBA DIREÇÃO;CASCO BOMBA DIREÇÃO;0;;
161;1606;JPR509;1606;JPR509;CATEGORIA0;;1;1;0;1;;BOMBA DIREÇÃO;BOMBA DIREÇÃO;0;;
161;0481;JPR509C;0481;JPR509C;CATEGORIA0;;1;1;0;1;;BOMBA DIREÇÃO;BOMBA DIREÇÃO;0;;
161;1606;JPR526;1606;JPR526;CATEGORIA0;;1;1;0;1;;BOMBA DIREÇÃO;BOMBA DIREÇÃO;0;;
161;0481;JPR526C;0481;JPR526C;CATEGORIA0;;1;1;0;1;;CASCO BOMBA DIREÇÃO;CASCO BOMBA DIREÇÃO;0;;
161;1606;JPR541;1606;JPR541;CATEGORIA0;;1;1;0;1;;BOMBA DIREÇÃO;BOMBA DIREÇÃO;0;;
161;0481;JPR541C;0481;JPR541C;CATEGORIA0;;1;1;0;1;;CASCO BOMBA DIREÇÃO;CASCO BOMBA DIREÇÃO;0;;
161;1606;JPR543;1606;JPR543;CATEGORIA0;;1;1;0;1;;BOMBA DIREÇÃO;BOMBA DIREÇÃO;0;;
161;0481;JPR543C;0481;JPR543C;CATEGORIA0;;1;1;0;1;;CORE BOMBA DIREÇÃO;CORE BOMBA DIREÇÃO;0;;
161;1606;JPR546;1606;JPR546;CATEGORIA0;;1;1;0;1;;BOMBA DIREÇÃO;BOMBA DIREÇÃO;0;;
161;0481;JPR546C;0481;JPR546C;CATEGORIA0;;1;1;0;1;;CASCO BOMBA DIREÇÃO;CASCO BOMBA DIREÇÃO;0;;
161;1606;JPR589;1606;JPR589;CATEGORIA0;;1;1;0;1;;BOMBA DIREÇÃO;BOMBA DIREÇÃO;0;;
161;0481;JPR589C;0481;JPR589C;CATEGORIA0;;1;1;0;1;;CASCO BOMBA DIREÇÃO;CASCO BOMBA DIREÇÃO;0;;
161;1606;JPR645;1606;JPR645;CATEGORIA0;;1;1;0;1;;BOMBA DIREÇÃO;BOMBA DIREÇÃO;0;;
161;0481;JPR645C;0481;JPR645C;CATEGORIA0;;1;1;0;1;;CASCO BOMBA DIREÇÃO;CASCO BOMBA DIREÇÃO;0;;
161;1606;JPR658;1606;JPR658;CATEGORIA0;;1;1;0;1;;BOMBA DIREÇÃO;BOMBA DIREÇÃO;0;;
161;0481;JPR658C;0481;JPR658C;CATEGORIA0;;1;1;0;1;;CASCO BOMBA DIREÇÃO;CASCO BOMBA DIREÇÃO;0;;
161;1606;JPR711;1606;JPR711;CATEGORIA0;;1;1;0;1;;BOMBA DIREÇÃO;BOMBA DIREÇÃO;0;;
161;0481;JPR711C;0481;JPR711C;CATEGORIA0;;1;1;0;1;;CASCO BOMBA DIREÇÃO;CASCO BOMBA DIREÇÃO;0;;
161;1606;JPR716;1606;JPR716;CATEGORIA0;;1;1;0;1;;BOMBA DIREÇÃO;BOMBA DIREÇÃO;0;;
161;1606;JPR739;1606;JPR739;CATEGORIA0;;1;1;0;1;;BOMBA DIREÇÃO;BOMBA DIREÇÃO;0;;
161;0481;JPR739C;0481;JPR739C;CATEGORIA0;;1;1;0;1;;CASCO BOMBA DIREÇÃO;CASCO BOMBA DIREÇÃO;0;;
161;1606;JPR758;1606;JPR758;CATEGORIA0;;1;1;0;1;;BOMBA DIREÇÃO;BOMBA DIREÇÃO;0;;
161;1606;JPR759;1606;JPR759;CATEGORIA0;;1;1;0;1;;BOMBA DIREÇÃO;BOMBA DIREÇÃO;0;;
161;1606;JPR772;1606;JPR772;CATEGORIA0;;1;1;0;1;;BOMBA DIREÇÃO;BOMBA DIREÇÃO;0;;
161;0481;JPR772C;0481;JPR772C;CATEGORIA0;;1;1;0;1;;CASCO BOMBA DIREÇÃO;CASCO BOMBA DIREÇÃO;0;;
161;1606;JPR774;1606;JPR774;CATEGORIA0;;1;1;0;1;;BOMBA DIREÇÃO;BOMBA DIREÇÃO;0;;
161;1606;JPR780;1606;JPR780;CATEGORIA0;;1;1;0;1;;BOMBA DIREÇÃO;BOMBA DIREÇÃO;0;;
161;0481;JPR780C;0481;JPR780C;CATEGORIA0;;1;1;0;1;;CASCO BOMBA DIREÇÃO;CASCO BOMBA DIREÇÃO;0;;
161;1606;JPR785;1606;JPR785;CATEGORIA0;;1;1;0;1;;BOMBA DIREÇÃO;BOMBA DIREÇÃO;0;;
161;0481;JPR785C;0481;JPR785C;CATEGORIA0;;1;1;0;1;;CASCO BOMBA DIREÇÃO;CASCO BOMBA DIREÇÃO;0;;
161;1606;JPR786;1606;JPR786;CATEGORIA0;;1;1;0;1;;BOMBA DIREÇÃO;BOMBA DIREÇÃO;0;;
161;0481;JPR786C;0481;JPR786C;CATEGORIA0;;1;1;0;1;;CASCO BOMBA DIREÇÃO;CASCO BOMBA DIREÇÃO;0;;
161;1606;JPR791;1606;JPR791;CATEGORIA0;;1;1;0;1;;BOMBA DIREÇÃO;BOMBA DIREÇÃO;0;;
161;0481;JPR791C;0481;JPR791C;CATEGORIA0;;1;1;0;1;;CASCO BOMBA DIREÇÃO;CASCO BOMBA DIREÇÃO;0;;
161;1606;JPR823;1606;JPR823;CATEGORIA0;;1;1;0;1;;BOMBA DIREÇÃO;BOMBA DIREÇÃO;0;;
161;0481;JPR823C;0481;JPR823C;CATEGORIA0;;1;1;0;1;;CASCO BOMBA DIREÇÃO;CASCO BOMBA DIREÇÃO;0;;
161;1606;JPR825;1606;JPR825;CATEGORIA0;;1;1;0;1;;BOMBA DIREÇÃO;BOMBA DIREÇÃO;0;;
161;0481;JPR825C;0481;JPR825C;CATEGORIA0;;1;1;0;1;;CASCO BOMBA DIREÇÃO;CASCO BOMBA DIREÇÃO;0;;
161;1606;JPR827;1606;JPR827;CATEGORIA0;;1;1;0;1;;BOMBA DIREÇÃO;BOMBA DIREÇÃO;0;;
161;0481;JPR827C;0481;JPR827C;CATEGORIA0;;1;1;0;1;;CASCO BOMBA DIREÇÃO;CASCO BOMBA DIREÇÃO;0;;
161;1606;JPR835;1606;JPR835;CATEGORIA0;;1;1;0;1;;BOMBA DIREÇÃO;BOMBA DIREÇÃO;0;;
161;0481;JPR835C;0481;JPR835C;CATEGORIA0;;1;1;0;1;;CASCO BOMBA DIREÇÃO;CASCO BOMBA DIREÇÃO;0;;
161;1606;JPR840;1606;JPR840;CATEGORIA0;;1;1;0;1;;BOMBA DIREÇÃO ASSISTIDA;BOMBA DIREÇÃO ASSISTIDA;0;;
161;0481;JPR840C;0481;JPR840C;CATEGORIA0;;1;1;0;1;;CASCO BOMBA DIREÇÃO;CASCO BOMBA DIREÇÃO;0;;
161;1606;JPR848;1606;JPR848;CATEGORIA0;;1;1;0;1;;BOMBA DIREÇÃO;BOMBA DIREÇÃO;0;;
161;0481;JPR848C;0481;JPR848C;CATEGORIA0;;1;1;0;1;;CASCO BOMBA DIREÇÃO;CASCO BOMBA DIREÇÃO;0;;
161;1606;JPR865;1606;JPR865;CATEGORIA0;;1;1;0;1;;BOMBA DIREÇÃO;BOMBA DIREÇÃO;0;;
161;1606;JPR868;1606;JPR868;CATEGORIA0;;1;1;0;1;;BOMBA DIREÇÃO;BOMBA DIREÇÃO;0;;
161;0481;JPR868C;0481;JPR868C;CATEGORIA0;;1;1;0;1;;CASCO BOMBA DIREÇÃO;CASCO BOMBA DIREÇÃO;0;;
161;1606;JRA156;1606;JRA156;CATEGORIA0;;1;1;0;1;;BARRA DIREÇÃO;BARRA DIREÇÃO;0;;
161;1606;JRA301;1606;JRA301;CATEGORIA0;;1;1;0;1;;BARRAS DIREÇÃO;BARRAS DIREÇÃO;0;;
161;1606;JRA367;1606;JRA367;CATEGORIA0;;1;1;0;1;;BARRAS DIREÇÃO;BARRAS DIREÇÃO;0;;
161;1606;JRA557;1606;JRA557;CATEGORIA0;;1;1;0;1;;BARRAS DIREÇÃO;BARRAS DIREÇÃO;0;;
161;1606;JRA560;1606;JRA560;CATEGORIA0;;1;1;0;1;;CONJ. BARRA AXIAL DIREÇÃO;CONJ. BARRA AXIAL DIREÇÃO;0;;
161;1606;JRM101;1606;JRM101;CATEGORIA0;;1;1;0;1;;CAIXA DIREÇÃO C/VEIO 95MM;CAIXA DIREÇÃO C/VEIO 95MM;0;;
161;0481;JRM101C;0481;JRM101C;CATEGORIA0;;1;1;0;1;;CASCO CAIXA DIREÇÃO;CASCO CAIXA DIREÇÃO;0;;
161;1606;JRM111;1606;JRM111;CATEGORIA0;;1;1;0;1;;CAIXA DIREÇÃO;CAIXA DIREÇÃO;0;;
161;1606;JRM130;1606;JRM130;CATEGORIA0;;1;1;0;1;;CAIXA DIREÇÃO;CAIXA DIREÇÃO;0;;
161;0481;JRM130C;0481;JRM130C;CATEGORIA0;;1;1;0;1;;CASCO CAIXA DIREÇÃO;CASCO CAIXA DIREÇÃO;0;;
161;1606;JRM132;1606;JRM132;CATEGORIA0;;1;1;0;1;;CAIXA DIREÇÃO;CAIXA DIREÇÃO;0;;
161;0481;JRM132C;0481;JRM132C;CATEGORIA0;;1;1;0;1;;CASCO CAIXA DIREÇÃO;CASCO CAIXA DIREÇÃO;0;;
161;1606;JRM407;1606;JRM407;CATEGORIA0;;1;1;0;1;;CAIXA DIREÇÃO;CAIXA DIREÇÃO;0;;
161;0481;JRM407C;0481;JRM407C;CATEGORIA0;;1;1;0;1;;CASCO CAIXA DIREÇÃO;CASCO CAIXA DIREÇÃO;0;;
161;1606;JRM433;1606;JRM433;CATEGORIA0;;1;1;0;1;;CAIXA DIREÇÃO;CAIXA DIREÇÃO;0;;
161;0481;JRM433C;0481;JRM433C;CATEGORIA0;;1;1;0;1;;CASCO CAIXA DIREÇÃO;CASCO CAIXA DIREÇÃO;0;;
161;1606;JRM453;1606;JRM453;CATEGORIA0;;1;1;0;1;;CAIXA DIREÇÃO;CAIXA DIREÇÃO;0;;
161;0481;JRM453C;0481;JRM453C;CATEGORIA0;;1;1;0;1;;CASCO CAIXA DIREÇÃO;CASCO CAIXA DIREÇÃO;0;;
161;1606;JRM454;1606;JRM454;CATEGORIA0;;1;1;0;1;;CAIXA DIREÇÃO;CAIXA DIREÇÃO;0;;
161;0481;JRM454C;0481;JRM454C;CATEGORIA0;;1;1;0;1;;CASCO CAIXA DIREÇÃO;CASCO CAIXA DIREÇÃO;0;;
161;1606;JRM466;1606;JRM466;CATEGORIA0;;1;1;0;1;;CAIXA DIREÇÃO;CAIXA DIREÇÃO;0;;
161;0481;JRM466C;0481;JRM466C;CATEGORIA0;;1;1;0;1;;CASCO CX. DIREÇÃO;CASCO CX. DIREÇÃO;0;;
161;1606;JRM468;1606;JRM468;CATEGORIA0;;1;1;0;1;;CAIXA DIREÇÃO;CAIXA DIREÇÃO;0;;
161;0481;JRM468C;0481;JRM468C;CATEGORIA0;;1;1;0;1;;CASCO CX. DIREÇÃO;CASCO CX. DIREÇÃO;0;;
161;1606;JRM472;1606;JRM472;CATEGORIA0;;1;1;0;1;;CAIXA DIREÇÃO;CAIXA DIREÇÃO;0;;
161;0481;JRM472C;0481;JRM472C;CATEGORIA0;;1;1;0;1;;CASCO CAIXA DIREÇÃO;CASCO CAIXA DIREÇÃO;0;;
161;1606;JRM487;1606;JRM487;CATEGORIA0;;1;1;0;1;;CAIXA DIREÇÃO;CAIXA DIREÇÃO;0;;
161;0481;JRM487C;0481;JRM487C;CATEGORIA0;;1;1;0;1;;CASCO CAIXA DIREÇÃO;CASCO CAIXA DIREÇÃO;0;;
161;1606;JRM489;1606;JRM489;CATEGORIA0;;1;1;0;1;;CAIXA DIREÇÃO;CAIXA DIREÇÃO;0;;
161;0481;JRM489C;0481;JRM489C;CATEGORIA0;;1;1;0;1;;CASCO CAIXA DIREÇÃO;CASCO CAIXA DIREÇÃO;0;;
161;1606;JRM490;1606;JRM490;CATEGORIA0;;1;1;0;1;;CAIXA DIREÇÃO;CAIXA DIREÇÃO;0;;
161;0481;JRM490C;0481;JRM490C;CATEGORIA0;;1;1;0;1;;CASCO CAIXA DIREÇÃO;CASCO CAIXA DIREÇÃO;0;;
161;1606;JRM502;1606;JRM502;CATEGORIA0;;1;1;0;1;;CAIXA DIREÇÃO;CAIXA DIREÇÃO;0;;
161;0481;JRM502C;0481;JRM502C;CATEGORIA0;;1;1;0;1;;CASCO CAIXA DIREÇÃO;CASCO CAIXA DIREÇÃO;0;;
161;1606;JRM540;1606;JRM540;CATEGORIA0;;1;1;0;1;;CAIXA DIREÇÃO;CAIXA DIREÇÃO;0;;
161;1606;JRM542;1606;JRM542;CATEGORIA0;;1;1;0;1;;CAIXA DIREÇÃO;CAIXA DIREÇÃO;0;;
161;1606;JRM563;1606;JRM563;CATEGORIA0;;1;1;0;1;;CAIXA DIREÇÃO;CAIXA DIREÇÃO;0;;
161;1606;JRM572;1606;JRM572;CATEGORIA0;;1;1;0;1;;CAIXA DIREÇÃO;CAIXA DIREÇÃO;0;;
161;1606;JRP1010;1606;JRP1010;CATEGORIA0;;1;1;0;1;;CAIXA DIREÇÃO ASSIST.;CAIXA DIREÇÃO ASSIST.;0;;
161;0481;JRP1010C;0481;JRP1010C;CATEGORIA0;;1;1;0;1;;CASCO DIREÇÃO;CASCO DIREÇÃO;0;;
161;1606;JRP1021;1606;JRP1021;CATEGORIA0;;1;1;0;1;;CAIXA DIREÇÃO ASSIST.;CAIXA DIREÇÃO ASSIST.;0;;
161;0481;JRP1021C;0481;JRP1021C;CATEGORIA0;;1;1;0;1;;CASCO DIREÇÃO;CASCO DIREÇÃO;0;;
161;1606;JRP1033;1606;JRP1033;CATEGORIA0;;1;1;0;1;;CAIXA DIREÇÃO;CAIXA DIREÇÃO;0;;
161;1606;JRP1055;1606;JRP1055;CATEGORIA0;;1;1;0;1;;CAIXA DIREÇÃO;CAIXA DIREÇÃO;0;;
161;1606;JRP1075;1606;JRP1075;CATEGORIA0;;1;1;0;1;;CAIXA DIREÇÃO;CAIXA DIREÇÃO;0;;
161;1606;JRP1091;1606;JRP1091;CATEGORIA0;;1;1;0;1;;CAIXA DIREÇÃO ASSIST.;CAIXA DIREÇÃO ASSIST.;0;;
161;0481;JRP1091C;0481;JRP1091C;CATEGORIA0;;1;1;0;1;;CASCO DIREÇÃO;CASCO DIREÇÃO;0;;
161;1606;JRP1137;1606;JRP1137;CATEGORIA0;;1;1;0;1;;CAIXA DIREÇÃO;CAIXA DIREÇÃO;0;;
161;1606;JRP114;1606;JRP114;CATEGORIA0;;1;1;0;1;;CAIXA DIREÇÃO;CAIXA DIREÇÃO;0;;
161;1606;JRP1160;1606;JRP1160;CATEGORIA0;;1;1;0;1;;CAIXA DIREÇÃO;CAIXA DIREÇÃO;0;;
161;0481;JRP1160C;0481;JRP1160C;CATEGORIA0;;1;1;0;1;;CASCO CAIXA DIREÇÃO;CASCO CAIXA DIREÇÃO;0;;
161;1606;JRP1164;1606;JRP1164;CATEGORIA0;;1;1;0;1;;CAIXA DIREÇÃO;CAIXA DIREÇÃO;0;;
161;0481;JRP1164C;0481;JRP1164C;CATEGORIA0;;1;1;0;1;;CASCO CAIXA DIREÇÃO;CASCO CAIXA DIREÇÃO;0;;
161;1606;JRP1165;1606;JRP1165;CATEGORIA0;;1;1;0;1;;CAIXA DIREÇÃO ASSISTIDA;CAIXA DIREÇÃO ASSISTIDA;0;;
161;0481;JRP1165C;0481;JRP1165C;CATEGORIA0;;1;1;0;1;;CASCO CAIXA DIREÇÃO;CASCO CAIXA DIREÇÃO;0;;
161;1606;JRP1173;1606;JRP1173;CATEGORIA0;;1;1;0;1;;CAIXA DIREÇÃO;CAIXA DIREÇÃO;0;;
161;0481;JRP1173C;0481;JRP1173C;CATEGORIA0;;1;1;0;1;;CASCO DIREÇÃO;CASCO DIREÇÃO;0;;
161;1606;JRP1203;1606;JRP1203;CATEGORIA0;;1;1;0;1;;CAIXA DIREÇÃO;CAIXA DIREÇÃO;0;;
161;1606;JRP1228;1606;JRP1228;CATEGORIA0;;1;1;0;1;;CAIXA DIREÇÃO;CAIXA DIREÇÃO;0;;
161;0481;JRP1228C;0481;JRP1228C;CATEGORIA0;;1;1;0;1;;CASCO CAIXA DIREÇÃO;CASCO CAIXA DIREÇÃO;0;;
161;1606;JRP1259;1606;JRP1259;CATEGORIA0;;1;1;0;1;;CAIXA DIREÇÃO;CAIXA DIREÇÃO;0;;
161;0481;JRP1259C;0481;JRP1259C;CATEGORIA0;;1;1;0;1;;CASCO CAIXA DIREÇÃO;CASCO CAIXA DIREÇÃO;0;;
161;1606;JRP1263;1606;JRP1263;CATEGORIA0;;1;1;0;1;;CAIXA DIREÇÃO;CAIXA DIREÇÃO;0;;
161;1606;JRP1270;1606;JRP1270;CATEGORIA0;;1;1;0;1;;CAIXA DIREÇÃO;CAIXA DIREÇÃO;0;;
161;0481;JRP1270C;0481;JRP1270C;CATEGORIA0;;1;1;0;1;;CASCO CAIXA DIREÇÃO;CASCO CAIXA DIREÇÃO;0;;
161;1606;JRP1275;1606;JRP1275;CATEGORIA0;;1;1;0;1;;CAIXA DIREÇÃO;CAIXA DIREÇÃO;0;;
161;0481;JRP1275C;0481;JRP1275C;CATEGORIA0;;1;1;0;1;;CASCO CAIXA DIREÇÃO;CASCO CAIXA DIREÇÃO;0;;
161;1606;JRP1278;1606;JRP1278;CATEGORIA0;;1;1;0;1;;CAIXA DIREÇÃO;CAIXA DIREÇÃO;0;;
161;1606;JRP1333;1606;JRP1333;CATEGORIA0;;1;1;0;1;;CAIXA DIREÇÃO;CAIXA DIREÇÃO;0;;
161;1606;JRP1337;1606;JRP1337;CATEGORIA0;;1;1;0;1;;CAIXA DE DIREÇÃO;CAIXA DE DIREÇÃO;0;;
161;1606;JRP134;1606;JRP134;CATEGORIA0;;1;1;0;1;;CAIXA DIREÇÃO ASSISTIDA;CAIXA DIREÇÃO ASSISTIDA;0;;
161;0481;JRP134C;0481;JRP134C;CATEGORIA0;;1;1;0;1;;CASCO CAIXA DIREÇÃO;CASCO CAIXA DIREÇÃO;0;;
161;1606;JRP138;1606;JRP138;CATEGORIA0;;1;1;0;1;;CAIXA DIREÇÃO;CAIXA DIREÇÃO;0;;
161;0481;JRP138C;0481;JRP138C;CATEGORIA0;;1;1;0;1;;CASCO DIREÇÃO;CASCO DIREÇÃO;0;;
161;1606;JRP139;1606;JRP139;CATEGORIA0;;1;1;0;1;;CAIXA DIREÇÃO;CAIXA DIREÇÃO;0;;
161;1606;JRP140;1606;JRP140;CATEGORIA0;;1;1;0;1;;CAIXA DIREÇÃO ASSIST.;CAIXA DIREÇÃO ASSIST.;0;;
161;1606;JRP182;1606;JRP182;CATEGORIA0;;1;1;0;1;;CAIXA DIREÇÃO;CAIXA DIREÇÃO;0;;
161;1606;JRP212;1606;JRP212;CATEGORIA0;;1;1;0;1;;CAIXA DIREÇÃO;CAIXA DIREÇÃO;0;;
161;0481;JRP212C;0481;JRP212C;CATEGORIA0;;1;1;0;1;;CASCO CAIXA DIREÇÃO;CASCO CAIXA DIREÇÃO;0;;
161;1606;JRP213;1606;JRP213;CATEGORIA0;;1;1;0;1;;CAIXA DIREÇÃO;CAIXA DIREÇÃO;0;;
161;1606;JRP259;1606;JRP259;CATEGORIA0;;1;1;0;1;;CAIXA DIREÇÃO;CAIXA DIREÇÃO;0;;
161;1606;JRP261;1606;JRP261;CATEGORIA0;;1;1;0;1;;CAIXA DIREÇÃO;CAIXA DIREÇÃO;0;;
161;1606;JRP266;1606;JRP266;CATEGORIA0;;1;1;0;1;;CAIXA DIREÇÃO;CAIXA DIREÇÃO;0;;
161;1606;JRP272;1606;JRP272;CATEGORIA0;;1;1;0;1;;CAIXA DIREÇÃO;CAIXA DIREÇÃO;0;;
161;0481;JRP272C;0481;JRP272C;CATEGORIA0;;1;1;0;1;;CASCO DIREÇÃO;CASCO DIREÇÃO;0;;
161;1606;JRP289;1606;JRP289;CATEGORIA0;;1;1;0;1;;CAIXA DIREÇÃO ASSIST.;CAIXA DIREÇÃO ASSIST.;0;;
161;0481;JRP289C;0481;JRP289C;CATEGORIA0;;1;1;0;1;;CASCO DIREÇÃO;CASCO DIREÇÃO;0;;
161;1606;JRP291;1606;JRP291;CATEGORIA0;;1;1;0;1;;CAIXA DIREÇÃO;CAIXA DIREÇÃO;0;;
161;0481;JRP291C;0481;JRP291C;CATEGORIA0;;1;1;0;1;;CASCO CAIXA DIREÇÃO;CASCO CAIXA DIREÇÃO;0;;
161;1606;JRP600;1606;JRP600;CATEGORIA0;;1;1;0;1;;CAIXA DIREÇÃO ASSIST.;CAIXA DIREÇÃO ASSIST.;0;;
161;0481;JRP600C;0481;JRP600C;CATEGORIA0;;1;1;0;1;;CASCO CAIXA DIREC. ASSIST.;CASCO CAIXA DIREC. ASSIST.;0;;
161;1606;JRP603;1606;JRP603;CATEGORIA0;;1;1;0;1;;CAIXA DIREÇÃO ASSIST.;CAIXA DIREÇÃO ASSIST.;0;;
161;0481;JRP603C;0481;JRP603C;CATEGORIA0;;1;1;0;1;;CASCO CAIXA DIREC. ASSIST.;CASCO CAIXA DIREC. ASSIST.;0;;
161;1606;JRP604;1606;JRP604;CATEGORIA0;;1;1;0;1;;CAIXA DIREÇÃO;CAIXA DIREÇÃO;0;;
161;1606;JRP611;1606;JRP611;CATEGORIA0;;1;1;0;1;;CAIXA DIREAÇAO;CAIXA DIREAÇAO;0;;
161;0481;JRP611C;0481;JRP611C;CATEGORIA0;;1;1;0;1;;CASCO CAIXA DIREÇÃO;CASCO CAIXA DIREÇÃO;0;;
161;1606;JRP621;1606;JRP621;CATEGORIA0;;1;1;0;1;;CAIXA DIREÇÃO;CAIXA DIREÇÃO;0;;
161;0481;JRP621C;0481;JRP621C;CATEGORIA0;;1;1;0;1;;CASCO CAIXA DIREC. ASSIST.;CASCO CAIXA DIREC. ASSIST.;0;;
161;1606;JRP624;1606;JRP624;CATEGORIA0;;1;1;0;1;;CAIXA DIREÇÃO ASSIST.;CAIXA DIREÇÃO ASSIST.;0;;
161;0481;JRP624C;0481;JRP624C;CATEGORIA0;;1;1;0;1;;CASCO DIREÇÃO;CASCO DIREÇÃO;0;;
161;1606;JRP627;1606;JRP627;CATEGORIA0;;1;1;0;1;;CAIXA DIREÇÃO ASSISTIDA;CAIXA DIREÇÃO ASSISTIDA;0;;
161;0481;JRP627C;0481;JRP627C;CATEGORIA0;;1;1;0;1;;CASCO CAIXA DIREÇÃO;CASCO CAIXA DIREÇÃO;0;;
161;1606;JRP629;1606;JRP629;CATEGORIA0;;1;1;0;1;;CAIXA DIREÇÃO;CAIXA DIREÇÃO;0;;
161;0481;JRP629C;0481;JRP629C;CATEGORIA0;;1;1;0;1;;CASCO CAIXA DIREC. ASSIST.;CASCO CAIXA DIREC. ASSIST.;0;;
161;1606;JRP636;1606;JRP636;CATEGORIA0;;1;1;0;1;;CAIXA DIREÇÃO;CAIXA DIREÇÃO;0;;
161;1606;JRP639;1606;JRP639;CATEGORIA0;;1;1;0;1;;CAIXA DIREÇÃO;CAIXA DIREÇÃO;0;;
161;1606;JRP641;1606;JRP641;CATEGORIA0;;1;1;0;1;;CAIXA DIREÇÃO;CAIXA DIREÇÃO;0;;
161;0481;JRP641C;0481;JRP641C;CATEGORIA0;;1;1;0;1;;CASCO CAIXA DIREÇÃO;CASCO CAIXA DIREÇÃO;0;;
161;1606;JRP645;1606;JRP645;CATEGORIA0;;1;1;0;1;;CAIXA DIREÇÃO;CAIXA DIREÇÃO;0;;
161;0481;JRP645C;0481;JRP645C;CATEGORIA0;;1;1;0;1;;CASCO CAIXA DIREÇÃO;CASCO CAIXA DIREÇÃO;0;;
161;1606;JRP658;1606;JRP658;CATEGORIA0;;1;1;0;1;;CAIXA DIREÇÃO;CAIXA DIREÇÃO;0;;
161;0481;JRP658C;0481;JRP658C;CATEGORIA0;;1;1;0;1;;CASCO DIREÇÃO;CASCO DIREÇÃO;0;;
161;1606;JRP666;1606;JRP666;CATEGORIA0;;1;1;0;1;;CAIXA DIREÇÃO;CAIXA DIREÇÃO;0;;
161;0481;JRP666C;0481;JRP666C;CATEGORIA0;;1;1;0;1;;CASCO CX.DIREÇÃO;CASCO CX.DIREÇÃO;0;;
161;1606;JRP669;1606;JRP669;CATEGORIA0;;1;1;0;1;;CAIXA DIREÇÃO;CAIXA DIREÇÃO;0;;
161;0481;JRP669C;0481;JRP669C;CATEGORIA0;;1;1;0;1;;CASCO CAIXA DIREÇÃO;CASCO CAIXA DIREÇÃO;0;;
161;1606;JRP675;1606;JRP675;CATEGORIA0;;1;1;0;1;;CAIXA DIREÇÃO;CAIXA DIREÇÃO;0;;
161;0481;JRP675C;0481;JRP675C;CATEGORIA0;;1;1;0;1;;CASCO CAIXA DIREÇÃO;CASCO CAIXA DIREÇÃO;0;;
161;1606;JRP697;1606;JRP697;CATEGORIA0;;1;1;0;1;;CAIXA DIREÇÃO;CAIXA DIREÇÃO;0;;
161;0481;JRP697C;0481;JRP697C;CATEGORIA0;;1;1;0;1;;CASCO CAIXA DIREÇÃO;CASCO CAIXA DIREÇÃO;0;;
161;1606;JRP699;1606;JRP699;CATEGORIA0;;1;1;0;1;;CAIXA DIREÇÃO;CAIXA DIREÇÃO;0;;
161;1606;JRP711;1606;JRP711;CATEGORIA0;;1;1;0;1;;CAIXA DIREÇÃO;CAIXA DIREÇÃO;0;;
161;1606;JRP717;1606;JRP717;CATEGORIA0;;1;1;0;1;;CAIXA DIREÇÃO;CAIXA DIREÇÃO;0;;
161;0481;JRP717C;0481;JRP717C;CATEGORIA0;;1;1;0;1;;CASCO CAIXA DIREÇÃO;CASCO CAIXA DIREÇÃO;0;;
161;1606;JRP725;1606;JRP725;CATEGORIA0;;1;1;0;1;;CAIXA DIREÇÃO;CAIXA DIREÇÃO;0;;
161;0481;JRP725C;0481;JRP725C;CATEGORIA0;;1;1;0;1;;CASCO CAIXA DIREÇÃO;CASCO CAIXA DIREÇÃO;0;;
161;1606;JRP735;1606;JRP735;CATEGORIA0;;1;1;0;1;;CAIXA DIREÇÃO;CAIXA DIREÇÃO;0;;
161;0481;JRP735C;0481;JRP735C;CATEGORIA0;;1;1;0;1;;CASCO CAIXA DIREÇÃO;CASCO CAIXA DIREÇÃO;0;;
161;1606;JRP738;1606;JRP738;CATEGORIA0;;1;1;0;1;;CAIXA DIREÇÃO;CAIXA DIREÇÃO;0;;
161;0481;JRP738C;0481;JRP738C;CATEGORIA0;;1;1;0;1;;CASCO CAIXA DIREÇÃO;CASCO CAIXA DIREÇÃO;0;;
161;1606;JRP739;1606;JRP739;CATEGORIA0;;1;1;0;1;;CAIXA DIREÇÃO;CAIXA DIREÇÃO;0;;
161;0481;JRP739C;0481;JRP739C;CATEGORIA0;;1;1;0;1;;CASCO CAIXA DIREÇÃO;CASCO CAIXA DIREÇÃO;0;;
161;1606;JRP746;1606;JRP746;CATEGORIA0;;1;1;0;1;;CAIXA DIREÇÃO;CAIXA DIREÇÃO;0;;
161;0481;JRP746C;0481;JRP746C;CATEGORIA0;;1;1;0;1;;CASCO CAIXA DIREÇÃO;CASCO CAIXA DIREÇÃO;0;;
161;1606;JRP752;1606;JRP752;CATEGORIA0;;1;1;0;1;;CAIXA DIREÇÃO;CAIXA DIREÇÃO;0;;
161;0481;JRP752C;0481;JRP752C;CATEGORIA0;;1;1;0;1;;CASCO CAIXA DIREÇÃO;CASCO CAIXA DIREÇÃO;0;;
161;1606;JRP764;1606;JRP764;CATEGORIA0;;1;1;0;1;;CAIXA DIREÇÃO;CAIXA DIREÇÃO;0;;
161;0481;JRP764C;0481;JRP764C;CATEGORIA0;;1;1;0;1;;CASCO CAIXA DIREÇÃO;CASCO CAIXA DIREÇÃO;0;;
161;1606;JRP777;1606;JRP777;CATEGORIA0;;1;1;0;1;;CAIXA DIREÇÃO;CAIXA DIREÇÃO;0;;
161;1606;JRP793;1606;JRP793;CATEGORIA0;;1;1;0;1;;CAIXA DIREÇÃO;CAIXA DIREÇÃO;0;;
161;0481;JRP793C;0481;JRP793C;CATEGORIA0;;1;1;0;1;;CAIXA DIREÇÃO ASSIST.;CAIXA DIREÇÃO ASSIST.;0;;
161;1606;JRP811;1606;JRP811;CATEGORIA0;;1;1;0;1;;CAIXA DIREÇÃO;CAIXA DIREÇÃO;0;;
161;1606;JRP823;1606;JRP823;CATEGORIA0;;1;1;0;1;;CAIXA DIREÇÃO;CAIXA DIREÇÃO;0;;
161;1606;JRP824;1606;JRP824;CATEGORIA0;;1;1;0;1;;CAIXA DIREÇÃO ASSIST.;CAIXA DIREÇÃO ASSIST.;0;;
161;0481;JRP824C;0481;JRP824C;CATEGORIA0;;1;1;0;1;;CORE CAIXA DIREÇÃO ASSISTIDA;CORE CAIXA DIREÇÃO ASSISTIDA;0;;
161;1606;JRP825;1606;JRP825;CATEGORIA0;;1;1;0;1;;CAIXA DIREÇÃO;CAIXA DIREÇÃO;0;;
161;1606;JRP836;1606;JRP836;CATEGORIA0;;1;1;0;1;;CAIXA DIREÇÃO;CAIXA DIREÇÃO;0;;
161;0481;JRP836C;0481;JRP836C;CATEGORIA0;;1;1;0;1;;CASCO CAIXA DIREÇÃO;CASCO CAIXA DIREÇÃO;0;;
161;1606;JRP839;1606;JRP839;CATEGORIA0;;1;1;0;1;;CAIXA DIREÇÃO;CAIXA DIREÇÃO;0;;
161;0481;JRP839C;0481;JRP839C;CATEGORIA0;;1;1;0;1;;CASCO DIREÇÃO;CASCO DIREÇÃO;0;;
161;1606;JRP847;1606;JRP847;CATEGORIA0;;1;1;0;1;;CAIXA DIREÇÃO ASSIST.;CAIXA DIREÇÃO ASSIST.;0;;
161;0481;JRP847C;0481;JRP847C;CATEGORIA0;;1;1;0;1;;CASCO CAIXA DIREC. ASSIST.;CASCO CAIXA DIREC. ASSIST.;0;;
161;1606;JRP849;1606;JRP849;CATEGORIA0;;1;1;0;1;;CAIXA DIREÇÃO;CAIXA DIREÇÃO;0;;
161;0481;JRP849C;0481;JRP849C;CATEGORIA0;;1;1;0;1;;CASCO CAIXA DIREÇÃO;CASCO CAIXA DIREÇÃO;0;;
161;1606;JRP862;1606;JRP862;CATEGORIA0;;1;1;0;1;;CAIXA DIREÇÃO;CAIXA DIREÇÃO;0;;
161;1606;JRP863;1606;JRP863;CATEGORIA0;;1;1;0;1;;CAIXA DIREÇÃO;CAIXA DIREÇÃO;0;;
161;1606;JRP866;1606;JRP866;CATEGORIA0;;1;1;0;1;;CAIXA DIREÇÃO ASSIST.;CAIXA DIREÇÃO ASSIST.;0;;
161;0481;JRP866C;0481;JRP866C;CATEGORIA0;;1;1;0;1;;CASCO CAIXA DIREC. ASSIST.;CASCO CAIXA DIREC. ASSIST.;0;;
161;1606;JRP867;1606;JRP867;CATEGORIA0;;1;1;0;1;;CAIXA DIREÇÃO ASSIST.;CAIXA DIREÇÃO ASSIST.;0;;
161;0481;JRP867C;0481;JRP867C;CATEGORIA0;;1;1;0;1;;CASCO CAIXA DIREC. ASSIST.;CASCO CAIXA DIREC. ASSIST.;0;;
161;1606;JRP885;1606;JRP885;CATEGORIA0;;1;1;0;1;;CAIXA DIREÇÃO;CAIXA DIREÇÃO;0;;
161;0481;JRP885C;0481;JRP885C;CATEGORIA0;;1;1;0;1;;CASCO CAIXA DIREÇÃO;CASCO CAIXA DIREÇÃO;0;;
161;1606;JRP889;1606;JRP889;CATEGORIA0;;1;1;0;1;;CAIXA DIREÇÃO;CAIXA DIREÇÃO;0;;
161;0481;JRP889C;0481;JRP889C;CATEGORIA0;;1;1;0;1;;CASCO CAIXA DIREÇÃO;CASCO CAIXA DIREÇÃO;0;;
161;1606;JRP895;1606;JRP895;CATEGORIA0;;1;1;0;1;;CAIXA DIREÇÃO;CAIXA DIREÇÃO;0;;
161;0481;JRP895C;0481;JRP895C;CATEGORIA0;;1;1;0;1;;CASCO CAIXA DIREÇÃO;CASCO CAIXA DIREÇÃO;0;;
161;1606;JRP934;1606;JRP934;CATEGORIA0;;1;1;0;1;;CAIXA DIREÇÃO;CAIXA DIREÇÃO;0;;
161;0481;JRP934C;0481;JRP934C;CATEGORIA0;;1;1;0;1;;CASCO CAIXA DIREÇÃO;CASCO CAIXA DIREÇÃO;0;;
161;1606;JRP959;1606;JRP959;CATEGORIA0;;1;1;0;1;;CAIXA DIREÇÃO;CAIXA DIREÇÃO;0;;
161;0481;JRP959C;0481;JRP959C;CATEGORIA0;;1;1;0;1;;CASCO DIREÇÃO;CASCO DIREÇÃO;0;;
161;1606;JRP967;1606;JRP967;CATEGORIA0;;1;1;0;1;;CAIXA DIREÇÃO;CAIXA DIREÇÃO;0;;
161;1606;JRP982;1606;JRP982;CATEGORIA0;;1;1;0;1;;CAIXA DE DIREÇÃO;CAIXA DE DIREÇÃO;0;;
161;1606;JRP987;1606;JRP987;CATEGORIA0;;1;1;0;1;;CAIXA DIREÇÃO;CAIXA DIREÇÃO;0;;
161;1606;JSB130;1606;JSB130;CATEGORIA0;;1;1;0;1;;APOIO AMORTECEDOR;APOIO AMORTECEDOR;0;;
161;1606;JSB518;1606;JSB518;CATEGORIA0;;1;1;0;1;;APOIO AMORTECEDOR;APOIO AMORTECEDOR;0;;
161;1606;JSK100;1606;JSK100;CATEGORIA0;;1;1;0;1;;KIT PROTECAO;KIT PROTECAO;0;;
161;1606;JSK103;1606;JSK103;CATEGORIA0;;1;1;0;1;;KIT PROTEÇºAO;KIT PROTEÇºAO;0;;
161;1606;JSK106;1606;JSK106;CATEGORIA0;;1;1;0;1;;KIT PROTECÇÃO;KIT PROTECÇÃO;0;;
161;1606;JSK121;1606;JSK121;CATEGORIA0;;1;1;0;1;;JG.BATENTES SUSP.;JG.BATENTES SUSP.;0;;
161;1606;JSK122;1606;JSK122;CATEGORIA0;;1;1;0;1;;JG.BATENTES SUSP.;JG.BATENTES SUSP.;0;;
161;1606;JSK126;1606;JSK126;CATEGORIA0;;1;1;0;1;;KIT PROTEÇÃO;KIT PROTEÇÃO;0;;
161;1606;JSK137;1606;JSK137;CATEGORIA0;;1;1;0;1;;FOLE SUSPENSÃO;FOLE SUSPENSÃO;0;;
161;1606;JSK189;1606;JSK189T;CATEGORIA0;;1;1;0;1;;JG BATENTES;JG BATENTES;0;;
161;1606;JSK203;1606;JSK203;CATEGORIA0;;1;1;0;1;;JG.BATENTES SUSP.;JG.BATENTES SUSP.;0;;
161;1606;JSK213;1606;JSK213;CATEGORIA0;;1;1;0;1;;JG.BATENTES SUSP.;JG.BATENTES SUSP.;0;;
161;1606;JSK217;1606;JSK217;CATEGORIA0;;1;1;0;1;;KIT PROTECÇÃO;KIT PROTECÇÃO;0;;
161;1606;JSL187;1606;JSL187;CATEGORIA0;;1;1;0;1;;KIT MONTAGEM AMORTECEDOR;KIT MONTAGEM AMORTECEDOR;0;;
161;1606;JSS101;1606;JSS101;CATEGORIA0;;1;1;0;1;;ESFERA SUSPENSÃO;ESFERA SUSPENSÃO;0;;
161;1606;JSS102;1606;JSS102;CATEGORIA0;;1;1;0;1;;ESFERA SUSPENSÃO;ESFERA SUSPENSÃO;0;;
161;1606;JSS103;1606;JSS103;CATEGORIA0;;1;1;0;1;;ESFERA SUSPENSÃO;ESFERA SUSPENSÃO;0;;
161;1606;JSS105;1606;JSS105;CATEGORIA0;;1;1;0;1;;ESFERA SUSPENSÃO;ESFERA SUSPENSÃO;0;;
161;1606;JSS112;1606;JSS112;CATEGORIA0;;1;1;0;1;;ESFERA SUSP.;ESFERA SUSP.;0;;
161;1606;JSS125;1606;JSS125;CATEGORIA0;;1;1;0;1;;ESFERA SUSPENSÃO;ESFERA SUSPENSÃO;0;;
161;1606;JSS126;1606;JSS126;CATEGORIA0;;1;1;0;1;;ESFERA SUSPENSÃO;ESFERA SUSPENSÃO;0;;
161;1606;JSS127;1606;JSS127;CATEGORIA0;;1;1;0;1;;ESFERA SUSPENSÃO;ESFERA SUSPENSÃO;0;;
161;1606;JSS128;1606;JSS128;CATEGORIA0;;1;1;0;1;;ESFERA SUSPENSÃO;ESFERA SUSPENSÃO;0;;
161;1606;JSS130;1606;JSS130;CATEGORIA0;;1;1;0;1;;ESFERA SUSP. TRÁS;ESFERA SUSP. TRÁS;0;;
161;1606;JSS131;1606;JSS131;CATEGORIA0;;1;1;0;1;;ESFERA SUSPENSÃO;ESFERA SUSPENSÃO;0;;
161;1606;JSS153;1606;JSS153;CATEGORIA0;;1;1;0;1;;ESFERA HIDRAULICA;ESFERA HIDRAULICA;0;;
161;1606;JSS165;1606;JSS165;CATEGORIA0;;1;1;0;1;;ESFERA SUSPENSÃO;ESFERA SUSPENSÃO;0;;
161;1606;JSS170;1606;JSS170;CATEGORIA0;;1;1;0;1;;ESFERA SUSPENSÃO TRW;ESFERA SUSPENSÃO TRW;0;;
161;1606;JSS172;1606;JSS172;CATEGORIA0;;1;1;0;1;;ESFERA SUSPENSÃO;ESFERA SUSPENSÃO;0;;
161;1606;JTC1001;1606;JTC1001;CATEGORIA0;;1;1;0;1;;BRAÇO SUSPENSÃO;BRAÇO SUSPENSÃO;0;;
161;1606;JTC1002;1606;JTC1002;CATEGORIA0;;1;1;0;1;;BRAÇO SUSPENSÃO;BRAÇO SUSPENSÃO;0;;
161;1606;JTC1010;1606;JTC1010;CATEGORIA0;;1;1;0;1;;BRAÇO SUSPENSÃO;BRAÇO SUSPENSÃO;0;;
161;1606;JTC1011;1606;JTC1011;CATEGORIA0;;1;1;0;1;;BRAÇO SUSPENSÃO;BRAÇO SUSPENSÃO;0;;
161;1606;JTC1016;1606;JTC1016;CATEGORIA0;;1;1;0;1;;BRAÇO SUSPENSÃO;BRAÇO SUSPENSÃO;0;;
161;1606;JTC1017;1606;JTC1017;CATEGORIA0;;1;1;0;1;;BRAÇO SUSPENSÃO;BRAÇO SUSPENSÃO;0;;
161;1606;JTC1028;1606;JTC1028;CATEGORIA0;;1;1;0;1;;BRAÇO SUSPENSÃO;BRAÇO SUSPENSÃO;0;;
161;1606;JTC1029;1606;JTC1029;CATEGORIA0;;1;1;0;1;;BRAÇO SUSPENSÃO;BRAÇO SUSPENSÃO;0;;
161;1606;JTC1030;1606;JTC1030;CATEGORIA0;;1;1;0;1;;BRAÇO SUSPENSÃO;BRAÇO SUSPENSÃO;0;;
161;1606;JTC1031;1606;JTC1031;CATEGORIA0;;1;1;0;1;;BRAÇO SUSPENSÃO;BRAÇO SUSPENSÃO;0;;
161;1606;JTC1037;1606;JTC1037;CATEGORIA0;;1;1;0;1;;BRAÇO SUSPENSÃO;BRAÇO SUSPENSÃO;0;;
161;1606;JTC1038;1606;JTC1038;CATEGORIA0;;1;1;0;1;;BRAÇO SUSPENSÃO;BRAÇO SUSPENSÃO;0;;
161;1606;JTC104;1606;JTC104;CATEGORIA0;;1;1;0;1;;BRAÇO SUSPENSÃO;BRAÇO SUSPENSÃO;0;;
161;1606;JTC1042;1606;JTC1042;CATEGORIA0;;1;1;0;1;;BRAÇO SUSPENSÃO;BRAÇO SUSPENSÃO;0;;
161;1606;JTC1043;1606;JTC1043;CATEGORIA0;;1;1;0;1;;BRAÇO SUSPENSÃO;BRAÇO SUSPENSÃO;0;;
161;1606;JTC105;1606;JTC105;CATEGORIA0;;1;1;0;1;;BRAÇO SUSPENSÃO;BRAÇO SUSPENSÃO;0;;
161;1606;JTC1055;1606;JTC1055;CATEGORIA0;;1;1;0;1;;BRAÇO SUSPENSÃO;BRAÇO SUSPENSÃO;0;;
161;1606;JTC1058;1606;JTC1058;CATEGORIA0;;1;1;0;1;;BRAÇO SUSPENSÃO;BRAÇO SUSPENSÃO;0;;
161;1606;JTC1059;1606;JTC1059;CATEGORIA0;;1;1;0;1;;BRAÇO SUSPENSÃO;BRAÇO SUSPENSÃO;0;;
161;1606;JTC1060;1606;JTC1060;CATEGORIA0;;1;1;0;1;;BRAÇO SUSPENSÃO;BRAÇO SUSPENSÃO;0;;
161;1606;JTC1064;1606;JTC1064;CATEGORIA0;;1;1;0;1;;BRAÇO SUSPENSÃO;BRAÇO SUSPENSÃO;0;;
161;1606;JTC1065;1606;JTC1065;CATEGORIA0;;1;1;0;1;;BRAÇO SUSPENSÃO;BRAÇO SUSPENSÃO;0;;
161;1606;JTC1066;1606;JTC1066;CATEGORIA0;;1;1;0;1;;BRAÇO SUSPENSÃO;BRAÇO SUSPENSÃO;0;;
161;1606;JTC1068;1606;JTC1068;CATEGORIA0;;1;1;0;1;;BRAÇO SUSPENSÃO;BRAÇO SUSPENSÃO;0;;
161;1606;JTC1069;1606;JTC1069;CATEGORIA0;;1;1;0;1;;BRAÇO SUSPENSÃO;BRAÇO SUSPENSÃO;0;;
161;1606;JTC1070;1606;JTC1070;CATEGORIA0;;1;1;0;1;;BRAÇO SUSPENSÃO;BRAÇO SUSPENSÃO;0;;
161;1606;JTC1073;1606;JTC1073;CATEGORIA0;;1;1;0;1;;BRAÇO SUSPENSÃO;BRAÇO SUSPENSÃO;0;;
161;1606;JTC1074;1606;JTC1074;CATEGORIA0;;1;1;0;1;;BRAÇO SUSPENSÃO;BRAÇO SUSPENSÃO;0;;
161;1606;JTC1083;1606;JTC1083;CATEGORIA0;;1;1;0;1;;BRAÇO SUSPENSÃO;BRAÇO SUSPENSÃO;0;;
161;1606;JTC1093;1606;JTC1093;CATEGORIA0;;1;1;0;1;;BRAÇO SUSPENSÃO;BRAÇO SUSPENSÃO;0;;
161;1606;JTC1095;1606;JTC1095;CATEGORIA0;;1;1;0;1;;BRAÇO SUSPENSÃO;BRAÇO SUSPENSÃO;0;;
161;1606;JTC1100;1606;JTC1100;CATEGORIA0;;1;1;0;1;;BRAÇO SUSPENSÃO;BRAÇO SUSPENSÃO;0;;
161;1606;JTC1101;1606;JTC1101;CATEGORIA0;;1;1;0;1;;BRAÇO SUSPENSÃO;BRAÇO SUSPENSÃO;0;;
161;1606;JTC1102;1606;JTC1102;CATEGORIA0;;1;1;0;1;;BRAÇO SUSPENSÃO;BRAÇO SUSPENSÃO;0;;
161;1606;JTC1103;1606;JTC1103;CATEGORIA0;;1;1;0;1;;BRAÇO SUSPENSÃO;BRAÇO SUSPENSÃO;0;;
161;1606;JTC1104;1606;JTC1104;CATEGORIA0;;1;1;0;1;;BRAÇO SUSPENSÃO;BRAÇO SUSPENSÃO;0;;
161;1606;JTC1106;1606;JTC1106;CATEGORIA0;;1;1;0;1;;BRAÇO SUSPENSÃO;BRAÇO SUSPENSÃO;0;;
161;1606;JTC1117;1606;JTC1117;CATEGORIA0;;1;1;0;1;;BRAÇO SUSPENSÃO;BRAÇO SUSPENSÃO;0;;
161;1606;JTC1118;1606;JTC1118;CATEGORIA0;;1;1;0;1;;BRAÇO SUSPENSÃO;BRAÇO SUSPENSÃO;0;;
161;1606;JTC1121;1606;JTC1121;CATEGORIA0;;1;1;0;1;;BRAÇO SUSP. TRÁS;BRAÇO SUSP. TRÁS;0;;
161;1606;JTC1123;1606;JTC1123;CATEGORIA0;;1;1;0;1;;BRAÇO SUSPENSÃO;BRAÇO SUSPENSÃO;0;;
161;1606;JTC1126;1606;JTC1126;CATEGORIA0;;1;1;0;1;;BRAÇO SUSPENSÃO;BRAÇO SUSPENSÃO;0;;
161;1606;JTC1127;1606;JTC1127;CATEGORIA0;;1;1;0;1;;BRAÇO SUSPENSÃO;BRAÇO SUSPENSÃO;0;;
161;1606;JTC1128;1606;JTC1128;CATEGORIA0;;1;1;0;1;;BRAÇO SUSPENSÃO;BRAÇO SUSPENSÃO;0;;
161;1606;JTC1129;1606;JTC1129;CATEGORIA0;;1;1;0;1;;BRAÇO SUSPENSÃO;BRAÇO SUSPENSÃO;0;;
161;1606;JTC1136;1606;JTC1136;CATEGORIA0;;1;1;0;1;;BRAÇO SUSPENSÃO;BRAÇO SUSPENSÃO;0;;
161;1606;JTC1137;1606;JTC1137;CATEGORIA0;;1;1;0;1;;BRAÇO SUSPENSÃO;BRAÇO SUSPENSÃO;0;;
161;1606;JTC1143;1606;JTC1143;CATEGORIA0;;1;1;0;1;;BRAÇO SUSPENSÃO;BRAÇO SUSPENSÃO;0;;
161;1606;JTC1144;1606;JTC1144;CATEGORIA0;;1;1;0;1;;BRAÇO SUSPENSÃO;BRAÇO SUSPENSÃO;0;;
161;1606;JTC1150;1606;JTC1150;CATEGORIA0;;1;1;0;1;;BRAÇO SUSPENSÃO;BRAÇO SUSPENSÃO;0;;
161;1606;JTC1151;1606;JTC1151;CATEGORIA0;;1;1;0;1;;BRAÇO SUSPENSÃO;BRAÇO SUSPENSÃO;0;;
161;1606;JTC1152;1606;JTC1152;CATEGORIA0;;1;1;0;1;;BRAÇO SUSPENSÃO;BRAÇO SUSPENSÃO;0;;
161;1606;JTC1153;1606;JTC1153;CATEGORIA0;;1;1;0;1;;BRAÇO SUSPENSÃO;BRAÇO SUSPENSÃO;0;;
161;1606;JTC1154;1606;JTC1154;CATEGORIA0;;1;1;0;1;;BRAÇO SUSPENSÃO;BRAÇO SUSPENSÃO;0;;
161;1606;JTC1157;1606;JTC1157;CATEGORIA0;;1;1;0;1;;BRAÇO SUSPENSÃO;BRAÇO SUSPENSÃO;0;;
161;1606;JTC1158;1606;JTC1158;CATEGORIA0;;1;1;0;1;;BRAÇO SUSPENSÃO;BRAÇO SUSPENSÃO;0;;
161;1606;JTC1171;1606;JTC1171;CATEGORIA0;;1;1;0;1;;BRAÇO SUSPENSÃO;BRAÇO SUSPENSÃO;0;;
161;1606;JTC1177;1606;JTC1177;CATEGORIA0;;1;1;0;1;;BRAÇO SUSPENSÃO;BRAÇO SUSPENSÃO;0;;
161;1606;JTC1178;1606;JTC1178;CATEGORIA0;;1;1;0;1;;BRAÇO SUSPENSÃO;BRAÇO SUSPENSÃO;0;;
161;1606;JTC1179;1606;JTC1179;CATEGORIA0;;1;1;0;1;;BRAÇO SUSPENSÃO;BRAÇO SUSPENSÃO;0;;
161;1606;JTC1180;1606;JTC1180;CATEGORIA0;;1;1;0;1;;BRAÇO SUSPENSÃO;BRAÇO SUSPENSÃO;0;;
161;1606;JTC1181;1606;JTC1181;CATEGORIA0;;1;1;0;1;;BRAÇO SUSPENSÃO;BRAÇO SUSPENSÃO;0;;
161;1606;JTC1182;1606;JTC1182;CATEGORIA0;;1;1;0;1;;BRAÇO SUSPENSÃO;BRAÇO SUSPENSÃO;0;;
161;1606;JTC1185;1606;JTC1185;CATEGORIA0;;1;1;0;1;;BRAÇO SUSPENSÃO;BRAÇO SUSPENSÃO;0;;
161;1606;JTC1186;1606;JTC1186;CATEGORIA0;;1;1;0;1;;BRAÇO SUSPENSÃO;BRAÇO SUSPENSÃO;0;;
161;1606;JTC119;1606;JTC119;CATEGORIA0;;1;1;0;1;;BRAÇO SUSPENSÃO;BRAÇO SUSPENSÃO;0;;
161;1606;JTC1203;1606;JTC1203;CATEGORIA0;;1;1;0;1;;BRAÇO SUSPENSÃO;BRAÇO SUSPENSÃO;0;;
161;1606;JTC1204;1606;JTC1204;CATEGORIA0;;1;1;0;1;;BRAÇO SUSPENSÃO;BRAÇO SUSPENSÃO;0;;
161;1606;JTC1209;1606;JTC1209;CATEGORIA0;;1;1;0;1;;BRAÇO SUSPENSÃO;BRAÇO SUSPENSÃO;0;;
161;1606;JTC1210;1606;JTC1210;CATEGORIA0;;1;1;0;1;;BRAÇO SUSPENSÃO;BRAÇO SUSPENSÃO;0;;
161;1606;JTC1211;1606;JTC1211;CATEGORIA0;;1;1;0;1;;BRAÇO SUSPENSÃO;BRAÇO SUSPENSÃO;0;;
161;1606;JTC1220;1606;JTC1220;CATEGORIA0;;1;1;0;1;;BRAÇO SUSPENSÃO;BRAÇO SUSPENSÃO;0;;
161;1606;JTC1222;1606;JTC1222;CATEGORIA0;;1;1;0;1;;BRAÇO SUSPENSÃO;BRAÇO SUSPENSÃO;0;;
161;1606;JTC1223;1606;JTC1223;CATEGORIA0;;1;1;0;1;;BRAÇO SUSPENSÃO;BRAÇO SUSPENSÃO;0;;
161;1606;JTC1230;1606;JTC1230;CATEGORIA0;;1;1;0;1;;BRAÇO SUSPENSÃO;BRAÇO SUSPENSÃO;0;;
161;1606;JTC1231;1606;JTC1231;CATEGORIA0;;1;1;0;1;;BRAÇO SUSPENSÃO;BRAÇO SUSPENSÃO;0;;
161;1606;JTC1235;1606;JTC1235;CATEGORIA0;;1;1;0;1;;BRAÇO SUSPENSÃO;BRAÇO SUSPENSÃO;0;;
161;1606;JTC1236;1606;JTC1236;CATEGORIA0;;1;1;0;1;;BRAÇO SUSPENSÃO;BRAÇO SUSPENSÃO;0;;
161;1606;JTC1248;1606;JTC1248;CATEGORIA0;;1;1;0;1;;BRAÇO SUSPENSÃO;BRAÇO SUSPENSÃO;0;;
161;1606;JTC1249;1606;JTC1249;CATEGORIA0;;1;1;0;1;;BRAÇO SUSPENSÃO;BRAÇO SUSPENSÃO;0;;
161;1606;JTC1251;1606;JTC1251;CATEGORIA0;;1;1;0;1;;BRAÇO SUSPENSÃO;BRAÇO SUSPENSÃO;0;;
161;1606;JTC126;1606;JTC126;CATEGORIA0;;1;1;0;1;;BRAÇO SUSPENSÃO;BRAÇO SUSPENSÃO;0;;
161;1606;JTC1266;1606;JTC1266;CATEGORIA0;;1;1;0;1;;BRAÇO SUSPENSÃO;BRAÇO SUSPENSÃO;0;;
161;1606;JTC1267;1606;JTC1267;CATEGORIA0;;1;1;0;1;;BRAÇO SUSPENSÃO;BRAÇO SUSPENSÃO;0;;
161;1606;JTC1268;1606;JTC1268;CATEGORIA0;;1;1;0;1;;BRAÇO SUSPENSÃO;BRAÇO SUSPENSÃO;0;;
161;1606;JTC127;1606;JTC127;CATEGORIA0;;1;1;0;1;;BRAÇO SUSPENSÃO;BRAÇO SUSPENSÃO;0;;
161;1606;JTC1272;1606;JTC1272;CATEGORIA0;;1;1;0;1;;BRAÇO SUSPENSÃO;BRAÇO SUSPENSÃO;0;;
161;1606;JTC128;1606;JTC128;CATEGORIA0;;1;1;0;1;;BRAÇO SUSPENSÃO;BRAÇO SUSPENSÃO;0;;
161;1606;JTC129;1606;JTC129;CATEGORIA0;;1;1;0;1;;BRAÇO SUSPENSÃO;BRAÇO SUSPENSÃO;0;;
161;1606;JTC1290;1606;JTC1290;CATEGORIA0;;1;1;0;1;;BRAÇO SUSPENSÃO;BRAÇO SUSPENSÃO;0;;
161;1606;JTC1297;1606;JTC1297;CATEGORIA0;;1;1;0;1;;BRAÇO SUSPENSÃO;BRAÇO SUSPENSÃO;0;;
161;1606;JTC130;1606;JTC130;CATEGORIA0;;1;1;0;1;;BRAÇO SUSPENSÃO;BRAÇO SUSPENSÃO;0;;
161;1606;JTC1304;1606;JTC1304;CATEGORIA0;;1;1;0;1;;BRAÇO SUSPENSÃO;BRAÇO SUSPENSÃO;0;;
161;1606;JTC1306;1606;JTC1306;CATEGORIA0;;1;1;0;1;;BRAÇO SUSPENSÃO;BRAÇO SUSPENSÃO;0;;
161;1606;JTC1307;1606;JTC1307;CATEGORIA0;;1;1;0;1;;BRAÇO SUSPENSÃO;BRAÇO SUSPENSÃO;0;;
161;1606;JTC1313;1606;JTC1313;CATEGORIA0;;1;1;0;1;;BRAÇO SUSPENSÃO;BRAÇO SUSPENSÃO;0;;
161;1606;JTC1314;1606;JTC1314;CATEGORIA0;;1;1;0;1;;BRAÇO SUSPENSÃO;BRAÇO SUSPENSÃO;0;;
161;1606;JTC1325;1606;JTC1325;CATEGORIA0;;1;1;0;1;;BRAÇO SUSPENSÃO;BRAÇO SUSPENSÃO;0;;
161;1606;JTC1326;1606;JTC1326;CATEGORIA0;;1;1;0;1;;BRAÇO SUSPENSÃO;BRAÇO SUSPENSÃO;0;;
161;1606;JTC1340;1606;JTC1340;CATEGORIA0;;1;1;0;1;;BRAÇO SUSPENSÃO;BRAÇO SUSPENSÃO;0;;
161;1606;JTC1341;1606;JTC1341;CATEGORIA0;;1;1;0;1;;BRAÇO SUSPENSÃO;BRAÇO SUSPENSÃO;0;;
161;1606;JTC1342;1606;JTC1342;CATEGORIA0;;1;1;0;1;;BRAÇO SUSPENSÃO;BRAÇO SUSPENSÃO;0;;
161;1606;JTC1343;1606;JTC1343;CATEGORIA0;;1;1;0;1;;BRAÇO SUSPENSÃO;BRAÇO SUSPENSÃO;0;;
161;1606;JTC1344;1606;JTC1344;CATEGORIA0;;1;1;0;1;;BRAÇO SUSPENSÃO;BRAÇO SUSPENSÃO;0;;
161;1606;JTC1345;1606;JTC1345;CATEGORIA0;;1;1;0;1;;BRAÇO SUSPENSÃO;BRAÇO SUSPENSÃO;0;;
161;1606;JTC1357;1606;JTC1357;CATEGORIA0;;1;1;0;1;;BRAÇO SUSPENSÃO;BRAÇO SUSPENSÃO;0;;
161;1606;JTC1358;1606;JTC1358;CATEGORIA0;;1;1;0;1;;BRAÇO SUSPENSÃO;BRAÇO SUSPENSÃO;0;;
161;1606;JTC1360;1606;JTC1360;CATEGORIA0;;1;1;0;1;;BRAÇO SUSPENSÃO;BRAÇO SUSPENSÃO;0;;
161;1606;JTC1401;1606;JTC1401;CATEGORIA0;;1;1;0;1;;BRAÇO SUSPENSÃO;BRAÇO SUSPENSÃO;0;;
161;1606;JTC1403;1606;JTC1403;CATEGORIA0;;1;1;0;1;;BRAÇO SUSPENSÃO;BRAÇO SUSPENSÃO;0;;
161;1606;JTC1404;1606;JTC1404;CATEGORIA0;;1;1;0;1;;BRAÇO SUSPENSÃO;BRAÇO SUSPENSÃO;0;;
161;1606;JTC1417;1606;JTC1417;CATEGORIA0;;1;1;0;1;;BRAÇO SUSPENSÃO;BRAÇO SUSPENSÃO;0;;
161;1606;JTC143;1606;JTC143;CATEGORIA0;;1;1;0;1;;BRAÇO SUSPENSÃO;BRAÇO SUSPENSÃO;0;;
161;1606;JTC1435;1606;JTC1435;CATEGORIA0;;1;1;0;1;;BRAÇO SUSPENSÃO;BRAÇO SUSPENSÃO;0;;
161;1606;JTC1436;1606;JTC1436;CATEGORIA0;;1;1;0;1;;BRAÇO SUSPENSÃO;BRAÇO SUSPENSÃO;0;;
161;1606;JTC144;1606;JTC144;CATEGORIA0;;1;1;0;1;;BRAÇO SUSPENSÃO;BRAÇO SUSPENSÃO;0;;
161;1606;JTC145;1606;JTC145;CATEGORIA0;;1;1;0;1;;BRAÇO SUSPENSÃO;BRAÇO SUSPENSÃO;0;;
161;1606;JTC1451;1606;JTC1451;CATEGORIA0;;1;1;0;1;;BRAÇO SUSPENSÃO;BRAÇO SUSPENSÃO;0;;
161;1606;JTC1452;1606;JTC1452;CATEGORIA0;;1;1;0;1;;BRAÇO SUSPENSÃO;BRAÇO SUSPENSÃO;0;;
161;1606;JTC1453;1606;JTC1453;CATEGORIA0;;1;1;0;1;;BRAÇO SUSPENSÃO;BRAÇO SUSPENSÃO;0;;
161;1606;JTC1457;1606;JTC1457;CATEGORIA0;;1;1;0;1;;BRAÇO SUSPENSÃO;BRAÇO SUSPENSÃO;0;;
161;1606;JTC1458;1606;JTC1458;CATEGORIA0;;1;1;0;1;;BRAÇO SUSPENSÃO;BRAÇO SUSPENSÃO;0;;
161;1606;JTC1464;1606;JTC1464;CATEGORIA0;;1;1;0;1;;BRAÇO SUSPENSÃO;BRAÇO SUSPENSÃO;0;;
161;1606;JTC1465;1606;JTC1465;CATEGORIA0;;1;1;0;1;;BRAÇO SUSPENSÃO;BRAÇO SUSPENSÃO;0;;
161;1606;JTC1472;1606;JTC1472;CATEGORIA0;;1;1;0;1;;BRAÇO  SUSPENSÃO;BRAÇO  SUSPENSÃO;0;;
161;1606;JTC1473;1606;JTC1473;CATEGORIA0;;1;1;0;1;;BRAÇO SUSPENSÃO;BRAÇO SUSPENSÃO;0;;
161;1606;JTC1474;1606;JTC1474;CATEGORIA0;;1;1;0;1;;BRAÇO SUSPENSÃO;BRAÇO SUSPENSÃO;0;;
161;1606;JTC1475;1606;JTC1475;CATEGORIA0;;1;1;0;1;;BRAÇO SUSPENSÃO;BRAÇO SUSPENSÃO;0;;
161;1606;JTC1477;1606;JTC1477;CATEGORIA0;;1;1;0;1;;BRAÇO SUSPENSÃO;BRAÇO SUSPENSÃO;0;;
161;1606;JTC1478;1606;JTC1478;CATEGORIA0;;1;1;0;1;;BRAÇO SUSPENSÃO;BRAÇO SUSPENSÃO;0;;
161;1606;JTC1484;1606;JTC1484;CATEGORIA0;;1;1;0;1;;BRAÇO SUSPENSÃO;BRAÇO SUSPENSÃO;0;;
161;1606;JTC1485;1606;JTC1485;CATEGORIA0;;1;1;0;1;;BRAÇO SUSPENSÃO;BRAÇO SUSPENSÃO;0;;
161;1606;JTC1622;1606;JTC1622;CATEGORIA0;;1;1;0;1;;BRAÇO SUSPENSÃO;BRAÇO SUSPENSÃO;0;;
161;1606;JTC1624;1606;JTC1624;CATEGORIA0;;1;1;0;1;;BRAÇO  SUSPENSÃO;BRAÇO  SUSPENSÃO;0;;
161;1606;JTC1660;1606;JTC1660;CATEGORIA0;;1;1;0;1;;BRAÇO SUSPENSÃO;BRAÇO SUSPENSÃO;0;;
161;1606;JTC1661;1606;JTC1661;CATEGORIA0;;1;1;0;1;;BRAÇO SUSPENSÃO;BRAÇO SUSPENSÃO;0;;
161;1606;JTC1664;1606;JTC1664;CATEGORIA0;;1;1;0;1;;BRAÇO  SUSPENSÃO;BRAÇO  SUSPENSÃO;0;;
161;1606;JTC1665;1606;JTC1665;CATEGORIA0;;1;1;0;1;;BRAÇO  SUSPENSÃO;BRAÇO  SUSPENSÃO;0;;
161;1606;JTC1708;1606;JTC1708;CATEGORIA0;;1;1;0;1;;BRAÇO  SUSPENSÃO;BRAÇO  SUSPENSÃO;0;;
161;1606;JTC1709;1606;JTC1709;CATEGORIA0;;1;1;0;1;;BRAÇO  SUSPENSÃO;BRAÇO  SUSPENSÃO;0;;
161;1606;JTC172;1606;JTC172;CATEGORIA0;;1;1;0;1;;BRAÇO DE SUSPENSÃO;BRAÇO DE SUSPENSÃO;0;;
161;1606;JTC187;1606;JTC187;CATEGORIA0;;1;1;0;1;;BRAÇO SUSPENSÃO;BRAÇO SUSPENSÃO;0;;
161;1606;JTC188;1606;JTC188;CATEGORIA0;;1;1;0;1;;BRAÇO SUSPENSÃO;BRAÇO SUSPENSÃO;0;;
161;1606;JTC200;1606;JTC200;CATEGORIA0;;1;1;0;1;;BRAÇO SUSPENSÃO;BRAÇO SUSPENSÃO;0;;
161;1606;JTC2105;1606;JTC2105;CATEGORIA0;;1;1;0;1;;BRAÇO SUSPENSÃO;BRAÇO SUSPENSÃO;0;;
161;1606;JTC2106;1606;JTC2106;CATEGORIA0;;1;1;0;1;;BRAÇO SUSPENSÃO;BRAÇO SUSPENSÃO;0;;
161;1606;JTC2119;1606;JTC2119;CATEGORIA0;;1;1;0;1;;BRAÇO  SUSPENSÃO;BRAÇO  SUSPENSÃO;0;;
161;1606;JTC2120;1606;JTC2120;CATEGORIA0;;1;1;0;1;;BRAÇO  SUSPENSÃO;BRAÇO  SUSPENSÃO;0;;
161;1606;JTC213;1606;JTC213;CATEGORIA0;;1;1;0;1;;BRAÇO SUSPENSÃO;BRAÇO SUSPENSÃO;0;;
161;1606;JTC2167;1606;JTC2167;CATEGORIA0;;1;1;0;1;;BRAÇO  SUSPENSÃO;BRAÇO  SUSPENSÃO;0;;
161;1606;JTC2183;1606;JTC2183;CATEGORIA0;;1;1;0;1;;BRAÇO  SUSPENSÃO DIR.;BRAÇO  SUSPENSÃO DIR.;0;;
161;1606;JTC2184;1606;JTC2184;CATEGORIA0;;1;1;0;1;;BRAÇO  SUSPENSÃO ESQ.;BRAÇO  SUSPENSÃO ESQ.;0;;
161;1606;JTC2208;1606;JTC2208;CATEGORIA0;;1;1;0;1;;BRAÇO SUSPENSÃO;BRAÇO SUSPENSÃO;0;;
161;1606;JTC2209;1606;JTC2209;CATEGORIA0;;1;1;0;1;;BRAÇO  SUSPENSÃO;BRAÇO  SUSPENSÃO;0;;
161;1606;JTC2210;1606;JTC2210;CATEGORIA0;;1;1;0;1;;BRAÇO  SUSPENSÃO;BRAÇO  SUSPENSÃO;0;;
161;1606;JTC2219;1606;JTC2219;CATEGORIA0;;1;1;0;1;;BRAÇO  SUSPENSÃO;BRAÇO  SUSPENSÃO;0;;
161;1606;JTC2222;1606;JTC2222;CATEGORIA0;;1;1;0;1;;BRAÇO  SUSPENSÃO;BRAÇO  SUSPENSÃO;0;;
161;1606;JTC2278;1606;JTC2278;CATEGORIA0;;1;1;0;1;;BRAÇO  SUSPENSÃO;BRAÇO  SUSPENSÃO;0;;
161;1606;JTC2279;1606;JTC2279;CATEGORIA0;;1;1;0;1;;BRAÇO  SUSPENSÃO;BRAÇO  SUSPENSÃO;0;;
161;1606;JTC2293;1606;JTC2293;CATEGORIA0;;1;1;0;1;;BRAÇO  SUSPENSÃO;BRAÇO  SUSPENSÃO;0;;
161;1606;JTC2294;1606;JTC2294;CATEGORIA0;;1;1;0;1;;BRAÇO  SUSPENSÃO;BRAÇO  SUSPENSÃO;0;;
161;1606;JTC2297;1606;JTC2297;CATEGORIA0;;1;1;0;1;;BRAÇO SUSPENSÃO;BRAÇO SUSPENSÃO;0;;
161;1606;JTC2306;1606;JTC2306;CATEGORIA0;;1;1;0;1;;BRAÇO  SUSPENSÃO;BRAÇO  SUSPENSÃO;0;;
161;1606;JTC2307;1606;JTC2307;CATEGORIA0;;1;1;0;1;;BRAÇO  SUSPENSÃO;BRAÇO  SUSPENSÃO;0;;
161;1606;JTC2312;1606;JTC2312;CATEGORIA0;;1;1;0;1;;BRAÇO  SUSPENSÃO;BRAÇO  SUSPENSÃO;0;;
161;1606;JTC2313;1606;JTC2313;CATEGORIA0;;1;1;0;1;;BRAÇO  SUSPENSÃO;BRAÇO  SUSPENSÃO;0;;
161;1606;JTC2552;1606;JTC2552;CATEGORIA0;;1;1;0;1;;BRAÇO SUSPENSÃO DRT;BRAÇO SUSPENSÃO DRT;0;;
161;1606;JTC256;1606;JTC256;CATEGORIA0;;1;1;0;1;;BRAÇO SUSPENSÃO;BRAÇO SUSPENSÃO;0;;
161;1606;JTC257;1606;JTC257;CATEGORIA0;;1;1;0;1;;BRAÇO SUSPENSÃO;BRAÇO SUSPENSÃO;0;;
161;1606;JTC261;1606;JTC261;CATEGORIA0;;1;1;0;1;;BRAÇO SUSPENSÃO;BRAÇO SUSPENSÃO;0;;
161;1606;JTC264;1606;JTC264;CATEGORIA0;;1;1;0;1;;BRAÇO SUSPENSÃO;BRAÇO SUSPENSÃO;0;;
161;1606;JTC265;1606;JTC265;CATEGORIA0;;1;1;0;1;;BRAÇO SUSPENSÃO;BRAÇO SUSPENSÃO;0;;
161;1606;JTC268;1606;JTC268;CATEGORIA0;;1;1;0;1;;BRAÇO SUSPENSÃO;BRAÇO SUSPENSÃO;0;;
161;1606;JTC271;1606;JTC271;CATEGORIA0;;1;1;0;1;;BRAÇO SUSPENSÃO;BRAÇO SUSPENSÃO;0;;
161;1606;JTC272;1606;JTC272;CATEGORIA0;;1;1;0;1;;BRAÇO SUSPENSÃO;BRAÇO SUSPENSÃO;0;;
161;1606;JTC278;1606;JTC278;CATEGORIA0;;1;1;0;1;;BRAÇO SUSPENSÃO;BRAÇO SUSPENSÃO;0;;
161;1606;JTC279;1606;JTC279;CATEGORIA0;;1;1;0;1;;BRAÇO SUSPENSÃO;BRAÇO SUSPENSÃO;0;;
161;1606;JTC282;1606;JTC282;CATEGORIA0;;1;1;0;1;;BRAÇO SUSPENSÃO;BRAÇO SUSPENSÃO;0;;
161;1606;JTC283;1606;JTC283;CATEGORIA0;;1;1;0;1;;BRAÇO SUSPENSÃO;BRAÇO SUSPENSÃO;0;;
161;1606;JTC289;1606;JTC289;CATEGORIA0;;1;1;0;1;;BRAÇO SUSPENSÃO;BRAÇO SUSPENSÃO;0;;
161;1606;JTC305;1606;JTC305;CATEGORIA0;;1;1;0;1;;BRAÇO SUSPENSÃO;BRAÇO SUSPENSÃO;0;;
161;1606;JTC310;1606;JTC310;CATEGORIA0;;1;1;0;1;;BRAÇO SUSPENSÃO;BRAÇO SUSPENSÃO;0;;
161;1606;JTC312;1606;JTC312;CATEGORIA0;;1;1;0;1;;BRAÇO SUSPENSÃO;BRAÇO SUSPENSÃO;0;;
161;1606;JTC324;1606;JTC324;CATEGORIA0;;1;1;0;1;;BRAÇO SUSPENSÃO;BRAÇO SUSPENSÃO;0;;
161;1606;JTC325;1606;JTC325;CATEGORIA0;;1;1;0;1;;BRAÇO SUSPENSÃO;BRAÇO SUSPENSÃO;0;;
161;1606;JTC340;1606;JTC340;CATEGORIA0;;1;1;0;1;;BRAÇO SUSPENSÃO;BRAÇO SUSPENSÃO;0;;
161;1606;JTC342;1606;JTC342;CATEGORIA0;;1;1;0;1;;BRAÇO SUSPENSÃO;BRAÇO SUSPENSÃO;0;;
161;1606;JTC343;1606;JTC343;CATEGORIA0;;1;1;0;1;;BRAÇO SUSPENSÃO;BRAÇO SUSPENSÃO;0;;
161;1606;JTC345;1606;JTC345;CATEGORIA0;;1;1;0;1;;BRAÇO SUSPENSÃO;BRAÇO SUSPENSÃO;0;;
161;1606;JTC347;1606;JTC347;CATEGORIA0;;1;1;0;1;;BRAÇO SUSPENSÃO;BRAÇO SUSPENSÃO;0;;
161;1606;JTC348;1606;JTC348;CATEGORIA0;;1;1;0;1;;BRAÇO SUSPENSÃO;BRAÇO SUSPENSÃO;0;;
161;1606;JTC350;1606;JTC350;CATEGORIA0;;1;1;0;1;;BRAÇO SUSPENSÃO;BRAÇO SUSPENSÃO;0;;
161;1606;JTC352;1606;JTC352;CATEGORIA0;;1;1;0;1;;BRAÇO SUSPENSÃO;BRAÇO SUSPENSÃO;0;;
161;1606;JTC369;1606;JTC369;CATEGORIA0;;1;1;0;1;;BRAÇO SUSPENSÃO;BRAÇO SUSPENSÃO;0;;
161;1606;JTC375;1606;JTC375;CATEGORIA0;;1;1;0;1;;BRAÇO SUSPENSÃO;BRAÇO SUSPENSÃO;0;;
161;1606;JTC376;1606;JTC376;CATEGORIA0;;1;1;0;1;;BRAÇO SUSPENSÃO;BRAÇO SUSPENSÃO;0;;
161;1606;JTC395;1606;JTC395;CATEGORIA0;;1;1;0;1;;BRAÇO SUSPENSÃO;BRAÇO SUSPENSÃO;0;;
161;1606;JTC396;1606;JTC396;CATEGORIA0;;1;1;0;1;;BRAÇO  SUSPENSÃO;BRAÇO  SUSPENSÃO;0;;
161;1606;JTC401;1606;JTC401;CATEGORIA0;;1;1;0;1;;BRAÇO SUSPENSÃO;BRAÇO SUSPENSÃO;0;;
161;1606;JTC402;1606;JTC402;CATEGORIA0;;1;1;0;1;;BRAÇO SUSPENSÃO;BRAÇO SUSPENSÃO;0;;
161;1606;JTC404;1606;JTC404;CATEGORIA0;;1;1;0;1;;BRAÇO SUSPENSÃO;BRAÇO SUSPENSÃO;0;;
161;1606;JTC405;1606;JTC405;CATEGORIA0;;1;1;0;1;;BRAÇO SUSPENSÃO;BRAÇO SUSPENSÃO;0;;
161;1606;JTC421;1606;JTC421;CATEGORIA0;;1;1;0;1;;BRAÇO SUSPENSÃO;BRAÇO SUSPENSÃO;0;;
161;1606;JTC438;1606;JTC438;CATEGORIA0;;1;1;0;1;;BRAÇO  SUSPENSÃO;BRAÇO  SUSPENSÃO;0;;
161;1606;JTC476;1606;JTC476;CATEGORIA0;;1;1;0;1;;BRAÇO DE SUSPENSÃO;BRAÇO DE SUSPENSÃO;0;;
161;1606;JTC565;1606;JTC565;CATEGORIA0;;1;1;0;1;;BRAÇO SUSPENSÃO;BRAÇO SUSPENSÃO;0;;
161;1606;JTC581;1606;JTC581;CATEGORIA0;;1;1;0;1;;BRAÇO SUSPENSÃO;BRAÇO SUSPENSÃO;0;;
161;1606;JTC700;1606;JTC700;CATEGORIA0;;1;1;0;1;;BRAÇO SUSP. TRAS. DRT.;BRAÇO SUSP. TRAS. DRT.;0;;
161;1606;JTC719;1606;JTC719;CATEGORIA0;;1;1;0;1;;BRAÇO SUSPENSÃO;BRAÇO SUSPENSÃO;0;;
161;1606;JTC7563;1606;JTC7563;CATEGORIA0;;1;1;0;1;;BRAÇO SUSPENSÃO;BRAÇO SUSPENSÃO;0;;
161;1606;JTC7573;1606;JTC7573;CATEGORIA0;;1;1;0;1;;BRAÇO SUSPENSÃO;BRAÇO SUSPENSÃO;0;;
161;1606;JTC852;1606;JTC852;CATEGORIA0;;1;1;0;1;;BRAÇO SUSPENSÃO;BRAÇO SUSPENSÃO;0;;
161;1606;JTC914;1606;JTC914;CATEGORIA0;;1;1;0;1;;BRAÇO SUSPENSÃO;BRAÇO SUSPENSÃO;0;;
161;1606;JTC915;1606;JTC915;CATEGORIA0;;1;1;0;1;;BRAÇO SUSPENSÃO;BRAÇO SUSPENSÃO;0;;
161;1606;JTC916;1606;JTC916;CATEGORIA0;;1;1;0;1;;BRAÇO SUSPENSÃO;BRAÇO SUSPENSÃO;0;;
161;1606;JTC917;1606;JTC917;CATEGORIA0;;1;1;0;1;;BRAÇO SUSPENSÃO;BRAÇO SUSPENSÃO;0;;
161;1606;JTC919;1606;JTC919;CATEGORIA0;;1;1;0;1;;BRAÇO SUSPENSÃO;BRAÇO SUSPENSÃO;0;;
161;1606;JTC920;1606;JTC920;CATEGORIA0;;1;1;0;1;;BRAÇO SUSPENSÃO;BRAÇO SUSPENSÃO;0;;
161;1606;JTC922;1606;JTC922;CATEGORIA0;;1;1;0;1;;BRAÇO SUSPENSÃO;BRAÇO SUSPENSÃO;0;;
161;1606;JTC923;1606;JTC923;CATEGORIA0;;1;1;0;1;;BRAÇO SUSPENSÃO;BRAÇO SUSPENSÃO;0;;
161;1606;JTC924;1606;JTC924;CATEGORIA0;;1;1;0;1;;BRAÇO SUSPENSÃO;BRAÇO SUSPENSÃO;0;;
161;1606;JTC925;1606;JTC925;CATEGORIA0;;1;1;0;1;;BRAÇO SUSPENSÃO;BRAÇO SUSPENSÃO;0;;
161;1606;JTC936;1606;JTC936;CATEGORIA0;;1;1;0;1;;BRAÇO SUSPENSÃO;BRAÇO SUSPENSÃO;0;;
161;1606;JTC940;1606;JTC940;CATEGORIA0;;1;1;0;1;;BRAÇO SUSPENSÃO;BRAÇO SUSPENSÃO;0;;
161;1606;JTC949;1606;JTC949;CATEGORIA0;;1;1;0;1;;BRAÇO SUSPENSÃO;BRAÇO SUSPENSÃO;0;;
161;1606;JTC950;1606;JTC950;CATEGORIA0;;1;1;0;1;;BRAÇO SUSPENSÃO;BRAÇO SUSPENSÃO;0;;
161;1606;JTC952;1606;JTC952;CATEGORIA0;;1;1;0;1;;BRAÇO SUSPENSÃO;BRAÇO SUSPENSÃO;0;;
161;1606;JTC954;1606;JTC954;CATEGORIA0;;1;1;0;1;;BRAÇO SUSPENSÃO;BRAÇO SUSPENSÃO;0;;
161;1606;JTC955;1606;JTC955;CATEGORIA0;;1;1;0;1;;BRAÇO SUSPENSÃO;BRAÇO SUSPENSÃO;0;;
161;1606;JTC956;1606;JTC956;CATEGORIA0;;1;1;0;1;;BRAÇO SUSPENSÃO;BRAÇO SUSPENSÃO;0;;
161;1606;JTC959;1606;JTC959;CATEGORIA0;;1;1;0;1;;BRAÇO SUSPENSÃO;BRAÇO SUSPENSÃO;0;;
161;1606;JTC960;1606;JTC960;CATEGORIA0;;1;1;0;1;;BRAÇO SUSPENSÃO;BRAÇO SUSPENSÃO;0;;
161;1606;JTC961;1606;JTC961;CATEGORIA0;;1;1;0;1;;BRAÇO SUSPENSÃO;BRAÇO SUSPENSÃO;0;;
161;1606;JTC962;1606;JTC962;CATEGORIA0;;1;1;0;1;;BRAÇO SUSPENSÃO;BRAÇO SUSPENSÃO;0;;
161;1606;JTC963;1606;JTC963;CATEGORIA0;;1;1;0;1;;BRAÇO SUSPENSÃO;BRAÇO SUSPENSÃO;0;;
161;1606;JTC964;1606;JTC964;CATEGORIA0;;1;1;0;1;;BRAÇO SUSPENSÃO;BRAÇO SUSPENSÃO;0;;
161;1606;JTC965;1606;JTC965;CATEGORIA0;;1;1;0;1;;BRAÇO SUSPENSÃO;BRAÇO SUSPENSÃO;0;;
161;1606;JTC968;1606;JTC968;CATEGORIA0;;1;1;0;1;;BRAÇO SUSPENSÃO;BRAÇO SUSPENSÃO;0;;
161;1606;JTC969;1606;JTC969;CATEGORIA0;;1;1;0;1;;BRAÇO SUSPENSÃO;BRAÇO SUSPENSÃO;0;;
161;1606;JTC970;1606;JTC970;CATEGORIA0;;1;1;0;1;;BRAÇO SUSPENSÃO;BRAÇO SUSPENSÃO;0;;
161;1606;JTC971;1606;JTC971;CATEGORIA0;;1;1;0;1;;BRAÇO SUSPENSÃO;BRAÇO SUSPENSÃO;0;;
161;1606;JTC972;1606;JTC972;CATEGORIA0;;1;1;0;1;;BRAÇO SUSPENSÃO;BRAÇO SUSPENSÃO;0;;
161;1606;JTC973;1606;JTC973;CATEGORIA0;;1;1;0;1;;BRAÇO SUSPENSÃO;BRAÇO SUSPENSÃO;0;;
161;1606;JTC974;1606;JTC974;CATEGORIA0;;1;1;0;1;;BRAÇO SUSPENSÃO;BRAÇO SUSPENSÃO;0;;
161;1606;JTC975;1606;JTC975;CATEGORIA0;;1;1;0;1;;BRAÇO SUSPENSÃO;BRAÇO SUSPENSÃO;0;;
161;1606;JTC980;1606;JTC980;CATEGORIA0;;1;1;0;1;;BRAÇO SUSPENSÃO;BRAÇO SUSPENSÃO;0;;
161;1606;JTC985;1606;JTC985;CATEGORIA0;;1;1;0;1;;BRAÇO SUSPENSÃO;BRAÇO SUSPENSÃO;0;;
161;1606;JTC996;1606;JTC996;CATEGORIA0;;1;1;0;1;;BRAÇO SUSPENSÃO;BRAÇO SUSPENSÃO;0;;
161;1606;JTE1000;1606;JTE1000;CATEGORIA0;;1;1;0;1;;TERMINAL DIREC. ESQ.;TERMINAL DIREC. ESQ.;0;;
161;1606;JTE1001;1606;JTE1001;CATEGORIA0;;1;1;0;1;;TERMINAL DIREC. DRT.;TERMINAL DIREC. DRT.;0;;
161;1606;JTE1002;1606;JTE1002;CATEGORIA0;;1;1;0;1;;TERMINAL DIREC. ESQ.;TERMINAL DIREC. ESQ.;0;;
161;1606;JTE1003;1606;JTE1003;CATEGORIA0;;1;1;0;1;;TERMINAL DIREC. ESQ.;TERMINAL DIREC. ESQ.;0;;
161;1606;JTE1004;1606;JTE1004;CATEGORIA0;;1;1;0;1;;TERMINAL DIREÇÃO;TERMINAL DIREÇÃO;0;;
161;1606;JTE1005;1606;JTE1005;CATEGORIA0;;1;1;0;1;;TERMINAL DIREÇÃO;TERMINAL DIREÇÃO;0;;
161;1606;JTE1011;1606;JTE1011;CATEGORIA0;;1;1;0;1;;TERMINAL DIREC. ESQ.;TERMINAL DIREC. ESQ.;0;;
161;1606;JTE1012;1606;JTE1012;CATEGORIA0;;1;1;0;1;;TERMINAL DIREÇÃO;TERMINAL DIREÇÃO;0;;
161;1606;JTE1013;1606;JTE1013;CATEGORIA0;;1;1;0;1;;TERMINAL DIREC. DRT.;TERMINAL DIREC. DRT.;0;;
161;1606;JTE1014;1606;JTE1014;CATEGORIA0;;1;1;0;1;;TERMINAL DIREC. ESQ.;TERMINAL DIREC. ESQ.;0;;
161;1606;JTE1023;1606;JTE1023;CATEGORIA0;;1;1;0;1;;TERMINAL DIREÇÃO;TERMINAL DIREÇÃO;0;;
161;1606;JTE1032;1606;JTE1032;CATEGORIA0;;1;1;0;1;;TERMINAL DIREÇÃO;TERMINAL DIREÇÃO;0;;
161;1606;JTE1033;1606;JTE1033;CATEGORIA0;;1;1;0;1;;TERMINAL DIREÇÃO;TERMINAL DIREÇÃO;0;;
161;1606;JTE1036;1606;JTE1036;CATEGORIA0;;1;1;0;1;;TERMINAL DIREÇÃO;TERMINAL DIREÇÃO;0;;
161;1606;JTE1044;1606;JTE1044;CATEGORIA0;;1;1;0;1;;TERMINAL DIREC.;TERMINAL DIREC.;0;;
161;1606;JTE1050;1606;JTE1050;CATEGORIA0;;1;1;0;1;;TERMINAL DIREÇÃO;TERMINAL DIREÇÃO;0;;
161;1606;JTE1051;1606;JTE1051;CATEGORIA0;;1;1;0;1;;TERMINAL DIREÇÃO;TERMINAL DIREÇÃO;0;;
161;1606;JTE1052;1606;JTE1052;CATEGORIA0;;1;1;0;1;;TERMINAL DIREÇÃO;TERMINAL DIREÇÃO;0;;
161;1606;JTE1053;1606;JTE1053;CATEGORIA0;;1;1;0;1;;TERMINAL DIREÇÃO;TERMINAL DIREÇÃO;0;;
161;1606;JTE1054;1606;JTE1054;CATEGORIA0;;1;1;0;1;;TERMINAL DIREÇÃO;TERMINAL DIREÇÃO;0;;
161;1606;JTE1055;1606;JTE1055;CATEGORIA0;;1;1;0;1;;TERMINAL DIREÇÃO;TERMINAL DIREÇÃO;0;;
161;1606;JTE1060;1606;JTE1060;CATEGORIA0;;1;1;0;1;;TERMINAL DIREÇÃO;TERMINAL DIREÇÃO;0;;
161;1606;JTE1061;1606;JTE1061;CATEGORIA0;;1;1;0;1;;TERMINAL DIREÇÃO;TERMINAL DIREÇÃO;0;;
161;1606;JTE1062;1606;JTE1062;CATEGORIA0;;1;1;0;1;;TERMINAL DIREÇÃO;TERMINAL DIREÇÃO;0;;
161;1606;JTE110;1606;JTE110;CATEGORIA0;;1;1;0;1;;TERMINAL DIREÇÃO;TERMINAL DIREÇÃO;0;;
161;1606;JTE1102;1606;JTE1102;CATEGORIA0;;1;1;0;1;;TERMINAL DIREÇÃO;TERMINAL DIREÇÃO;0;;
161;1606;JTE1105;1606;JTE1105;CATEGORIA0;;1;1;0;1;;TERMINAL DIREÇÃO;TERMINAL DIREÇÃO;0;;
161;1606;JTE1111;1606;JTE1111;CATEGORIA0;;1;1;0;1;;TERMINAL DIREC.;TERMINAL DIREC.;0;;
161;1606;JTE1113;1606;JTE1113;CATEGORIA0;;1;1;0;1;;TERMINAL DIREÇÃO;TERMINAL DIREÇÃO;0;;
161;1606;JTE1114;1606;JTE1114;CATEGORIA0;;1;1;0;1;;TERMINAL DIREÇÃO;TERMINAL DIREÇÃO;0;;
161;1606;JTE1122;1606;JTE1122;CATEGORIA0;;1;1;0;1;;TERMINAL DIREÇÃO;TERMINAL DIREÇÃO;0;;
161;1606;JTE1123;1606;JTE1123;CATEGORIA0;;1;1;0;1;;TERMINAL DIREÇÃO;TERMINAL DIREÇÃO;0;;
161;1606;JTE1135;1606;JTE1135;CATEGORIA0;;1;1;0;1;;TERMINAL  DIREÇÃO;TERMINAL  DIREÇÃO;0;;
161;1606;JTE1139;1606;JTE1139;CATEGORIA0;;1;1;0;1;;TERMINAL DIREÇÃO;TERMINAL DIREÇÃO;0;;
161;1606;JTE1152;1606;JTE1152;CATEGORIA0;;1;1;0;1;;TERMINAL DIREÇÃO;TERMINAL DIREÇÃO;0;;
161;1606;JTE1153;1606;JTE1153;CATEGORIA0;;1;1;0;1;;TERMINAL DIREÇÃO;TERMINAL DIREÇÃO;0;;
161;1606;JTE1160;1606;JTE1160;CATEGORIA0;;1;1;0;1;;TERMINAL DIREÇÃO;TERMINAL DIREÇÃO;0;;
161;1606;JTE1161;1606;JTE1161;CATEGORIA0;;1;1;0;1;;TERMINAL DIREÇÃO;TERMINAL DIREÇÃO;0;;
161;1606;JTE1184;1606;JTE1184;CATEGORIA0;;1;1;0;1;;TERMINAL DIREC.;TERMINAL DIREC.;0;;
161;1606;JTE1202;1606;JTE1202;CATEGORIA0;;1;1;0;1;;TERMINAL DIREÇÃO;TERMINAL DIREÇÃO;0;;
161;1606;JTE125;1606;JTE125;CATEGORIA0;;1;1;0;1;;TERMINAL DIREÇÃO;TERMINAL DIREÇÃO;0;;
161;1606;JTE126;1606;JTE126;CATEGORIA0;;1;1;0;1;;TERMINAL DIREÇÃO;TERMINAL DIREÇÃO;0;;
161;1606;JTE132;1606;JTE132;CATEGORIA0;;1;1;0;1;;TERMINAL DIREÇÃO;TERMINAL DIREÇÃO;0;;
161;1606;JTE134;1606;JTE134;CATEGORIA0;;1;1;0;1;;TERMINAL DIREÇÃO;TERMINAL DIREÇÃO;0;;
161;1606;JTE139;1606;JTE139;CATEGORIA0;;1;1;0;1;;TERMINAL DIREÇÃO;TERMINAL DIREÇÃO;0;;
161;1606;JTE143;1606;JTE143;CATEGORIA0;;1;1;0;1;;TERMINAL DIREÇÃO;TERMINAL DIREÇÃO;0;;
161;1606;JTE144;1606;JTE144;CATEGORIA0;;1;1;0;1;;TERMINAL DIREÇÃO;TERMINAL DIREÇÃO;0;;
161;1606;JTE150;1606;JTE150;CATEGORIA0;;1;1;0;1;;RÓTULA DIREÇÃO;RÓTULA DIREÇÃO;0;;
161;1606;JTE151;1606;JTE151;CATEGORIA0;;1;1;0;1;;TERMINAL DIREÇÃO;TERMINAL DIREÇÃO;0;;
161;1606;JTE152;1606;JTE152;CATEGORIA0;;1;1;0;1;;TERMINAL DIREÇÃO;TERMINAL DIREÇÃO;0;;
161;1606;JTE161;1606;JTE161;CATEGORIA0;;1;1;0;1;;TERMINAL DIREÇÃO;TERMINAL DIREÇÃO;0;;
161;1606;JTE162;1606;JTE162;CATEGORIA0;;1;1;0;1;;TERMINAL DIREÇÃO;TERMINAL DIREÇÃO;0;;
161;1606;JTE163;1606;JTE163;CATEGORIA0;;1;1;0;1;;TERMINAL DIREÇÃO;TERMINAL DIREÇÃO;0;;
161;1606;JTE168;1606;JTE168;CATEGORIA0;;1;1;0;1;;TERMINAL DIREÇÃO;TERMINAL DIREÇÃO;0;;
161;1606;JTE169;1606;JTE169;CATEGORIA0;;1;1;0;1;;TERMINAL DIREÇÃO;TERMINAL DIREÇÃO;0;;
161;1606;JTE170;1606;JTE170;CATEGORIA0;;1;1;0;1;;TERMINAL DIREÇÃO;TERMINAL DIREÇÃO;0;;
161;1606;JTE173;1606;JTE173;CATEGORIA0;;1;1;0;1;;TERMINAL DIREÇÃO;TERMINAL DIREÇÃO;0;;
161;1606;JTE184;1606;JTE184;CATEGORIA0;;1;1;0;1;;TERMINAL DIREÇÃO;TERMINAL DIREÇÃO;0;;
161;1606;JTE188;1606;JTE188;CATEGORIA0;;1;1;0;1;;TERMINAL DIREÇÃO;TERMINAL DIREÇÃO;0;;
161;1606;JTE189;1606;JTE189;CATEGORIA0;;1;1;0;1;;TERMINAL DIREÇÃO;TERMINAL DIREÇÃO;0;;
161;1606;JTE190;1606;JTE190;CATEGORIA0;;1;1;0;1;;TERMINAL DIREÇÃO;TERMINAL DIREÇÃO;0;;
161;1606;JTE191;1606;JTE191;CATEGORIA0;;1;1;0;1;;TERMINAL DIREÇÃO;TERMINAL DIREÇÃO;0;;
161;1606;JTE194;1606;JTE194;CATEGORIA0;;1;1;0;1;;TERMINAL DIREÇÃO;TERMINAL DIREÇÃO;0;;
161;1606;JTE195;1606;JTE195;CATEGORIA0;;1;1;0;1;;TERMINAL DIREÇÃO;TERMINAL DIREÇÃO;0;;
161;1606;JTE2056;1606;JTE2056;CATEGORIA0;;1;1;0;1;;TERMINAL;TERMINAL;0;;
161;1606;JTE2057;1606;JTE2057;CATEGORIA0;;1;1;0;1;;TERMINAL  DIREÇÃO;TERMINAL  DIREÇÃO;0;;
161;1606;JTE207;1606;JTE207;CATEGORIA0;;1;1;0;1;;TERMINAL DIREÇÃO;TERMINAL DIREÇÃO;0;;
161;1606;JTE211;1606;JTE211;CATEGORIA0;;1;1;0;1;;TERMINAL DIREÇÃO;TERMINAL DIREÇÃO;0;;
161;1606;JTE213;1606;JTE213;CATEGORIA0;;1;1;0;1;;TERMINAL DIREÇÃO;TERMINAL DIREÇÃO;0;;
161;1606;JTE219;1606;JTE219;CATEGORIA0;;1;1;0;1;;TERMINAL DIREÇÃO;TERMINAL DIREÇÃO;0;;
161;1606;JTE220;1606;JTE220;CATEGORIA0;;1;1;0;1;;TERMINAL DIREÇÃO;TERMINAL DIREÇÃO;0;;
161;1606;JTE222;1606;JTE222;CATEGORIA0;;1;1;0;1;;TERMINAL DIREÇÃO;TERMINAL DIREÇÃO;0;;
161;1606;JTE226;1606;JTE226;CATEGORIA0;;1;1;0;1;;TERMINAL DIREÇÃO;TERMINAL DIREÇÃO;0;;
161;1606;JTE228;1606;JTE228;CATEGORIA0;;1;1;0;1;;TERMINAL DIREÇÃO;TERMINAL DIREÇÃO;0;;
161;1606;JTE237;1606;JTE237;CATEGORIA0;;1;1;0;1;;TERMINAL DIREÇÃO;TERMINAL DIREÇÃO;0;;
161;1606;JTE238;1606;JTE238;CATEGORIA0;;1;1;0;1;;TERMINAL DIREÇÃO;TERMINAL DIREÇÃO;0;;
161;1606;JTE239;1606;JTE239;CATEGORIA0;;1;1;0;1;;TERMINAL DIREÇÃO;TERMINAL DIREÇÃO;0;;
161;1606;JTE244;1606;JTE244;CATEGORIA0;;1;1;0;1;;TERMINAL DIREÇÃO;TERMINAL DIREÇÃO;0;;
161;1606;JTE245;1606;JTE245;CATEGORIA0;;1;1;0;1;;TERMINAL DIREÇÃO;TERMINAL DIREÇÃO;0;;
161;1606;JTE248;1606;JTE248;CATEGORIA0;;1;1;0;1;;TERMINAL DIREÇÃO;TERMINAL DIREÇÃO;0;;
161;1606;JTE255;1606;JTE255;CATEGORIA0;;1;1;0;1;;TERMINAL DIREÇÃO;TERMINAL DIREÇÃO;0;;
161;1606;JTE260;1606;JTE260;CATEGORIA0;;1;1;0;1;;TERMINAL DIREÇÃO;TERMINAL DIREÇÃO;0;;
161;1606;JTE262;1606;JTE262;CATEGORIA0;;1;1;0;1;;TERMINAL DIREÇÃO;TERMINAL DIREÇÃO;0;;
161;1606;JTE2702;1606;JTE2702;CATEGORIA0;;1;1;0;1;;TERMINAL DIREÇÃO;TERMINAL DIREÇÃO;0;;
161;1606;JTE274;1606;JTE274;CATEGORIA0;;1;1;0;1;;TERMINAL DIREÇÃO;TERMINAL DIREÇÃO;0;;
161;1606;JTE275;1606;JTE275;CATEGORIA0;;1;1;0;1;;TERMINAL DIREÇÃO;TERMINAL DIREÇÃO;0;;
161;1606;JTE276;1606;JTE276;CATEGORIA0;;1;1;0;1;;TERMINAL DIREÇÃO;TERMINAL DIREÇÃO;0;;
161;1606;JTE277;1606;JTE277;CATEGORIA0;;1;1;0;1;;TERMINAL DIREÇÃO;TERMINAL DIREÇÃO;0;;
161;1606;JTE281;1606;JTE281;CATEGORIA0;;1;1;0;1;;TERMINAL DIREÇÃO;TERMINAL DIREÇÃO;0;;
161;1606;JTE282;1606;JTE282;CATEGORIA0;;1;1;0;1;;TERMINAL DIREÇÃO;TERMINAL DIREÇÃO;0;;
161;1606;JTE285;1606;JTE285;CATEGORIA0;;1;1;0;1;;TERMINAL DIREÇÃO;TERMINAL DIREÇÃO;0;;
161;1606;JTE286;1606;JTE286;CATEGORIA0;;1;1;0;1;;TERMINAL DIREÇÃO;TERMINAL DIREÇÃO;0;;
161;1606;JTE287;1606;JTE287;CATEGORIA0;;1;1;0;1;;TERMINAL DIREÇÃO;TERMINAL DIREÇÃO;0;;
161;1606;JTE288;1606;JTE288;CATEGORIA0;;1;1;0;1;;TERMINAL DIREÇÃO;TERMINAL DIREÇÃO;0;;
161;1606;JTE292;1606;JTE292;CATEGORIA0;;1;1;0;1;;TERMINAL DIREÇÃO;TERMINAL DIREÇÃO;0;;
161;1606;JTE293;1606;JTE293;CATEGORIA0;;1;1;0;1;;TERMINAL DIREÇÃO;TERMINAL DIREÇÃO;0;;
161;1606;JTE294;1606;JTE294;CATEGORIA0;;1;1;0;1;;TERMINAL DIREÇÃO;TERMINAL DIREÇÃO;0;;
161;1606;JTE296;1606;JTE296;CATEGORIA0;;1;1;0;1;;TERMINAL DIREÇÃO;TERMINAL DIREÇÃO;0;;
161;1606;JTE297;1606;JTE297;CATEGORIA0;;1;1;0;1;;TERMINAL DIREÇÃO;TERMINAL DIREÇÃO;0;;
161;1606;JTE300;1606;JTE300;CATEGORIA0;;1;1;0;1;;TERMINAL DIREÇÃO;TERMINAL DIREÇÃO;0;;
161;1606;JTE305;1606;JTE305;CATEGORIA0;;1;1;0;1;;TERMINAL DIREÇÃO;TERMINAL DIREÇÃO;0;;
161;1606;JTE310;1606;JTE310;CATEGORIA0;;1;1;0;1;;TERMINAL DIREÇÃO;TERMINAL DIREÇÃO;0;;
161;1606;JTE314;1606;JTE314;CATEGORIA0;;1;1;0;1;;TERMINAL DIREÇÃO;TERMINAL DIREÇÃO;0;;
161;1606;JTE324;1606;JTE324;CATEGORIA0;;1;1;0;1;;TERMINAL DIREC.;TERMINAL DIREC.;0;;
161;1606;JTE343;1606;JTE343;CATEGORIA0;;1;1;0;1;;TERMINAL DIREÇÃO;TERMINAL DIREÇÃO;0;;
161;1606;JTE344;1606;JTE344;CATEGORIA0;;1;1;0;1;;TERMINAL DIREÇÃO;TERMINAL DIREÇÃO;0;;
161;1606;JTE345;1606;JTE345;CATEGORIA0;;1;1;0;1;;TERMINAL DIREÇÃO;TERMINAL DIREÇÃO;0;;
161;1606;JTE349;1606;JTE349;CATEGORIA0;;1;1;0;1;;TERMINAL DIREÇÃO;TERMINAL DIREÇÃO;0;;
161;1606;JTE350;1606;JTE350;CATEGORIA0;;1;1;0;1;;TERMINAL DIREÇÃO;TERMINAL DIREÇÃO;0;;
161;1606;JTE352;1606;JTE352;CATEGORIA0;;1;1;0;1;;TERMINAL DIREÇÃO;TERMINAL DIREÇÃO;0;;
161;1606;JTE359;1606;JTE359;CATEGORIA0;;1;1;0;1;;TERMINAL DIREÇÃO;TERMINAL DIREÇÃO;0;;
161;1606;JTE361;1606;JTE361;CATEGORIA0;;1;1;0;1;;TERMINAL DIREÇÃO;TERMINAL DIREÇÃO;0;;
161;1606;JTE365;1606;JTE365;CATEGORIA0;;1;1;0;1;;TERMINAL DIREÇÃO;TERMINAL DIREÇÃO;0;;
161;1606;JTE366;1606;JTE366;CATEGORIA0;;1;1;0;1;;TERMINAL DIREÇÃO;TERMINAL DIREÇÃO;0;;
161;1606;JTE397;1606;JTE397;CATEGORIA0;;1;1;0;1;;TERMINAL DIREÇÃO;TERMINAL DIREÇÃO;0;;
161;1606;JTE447;1606;JTE447;CATEGORIA0;;1;1;0;1;;TERMINAL DIREÇÃO;TERMINAL DIREÇÃO;0;;
161;1606;JTE450;1606;JTE450;CATEGORIA0;;1;1;0;1;;TERMINAL DIREÇÃO;TERMINAL DIREÇÃO;0;;
161;1606;JTE457;1606;JTE457;CATEGORIA0;;1;1;0;1;;TERMINAL DIREÇÃO;TERMINAL DIREÇÃO;0;;
161;1606;JTE458;1606;JTE458;CATEGORIA0;;1;1;0;1;;TERMINAL DIREÇÃO;TERMINAL DIREÇÃO;0;;
161;1606;JTE463;1606;JTE463;CATEGORIA0;;1;1;0;1;;TERMINAL DIREÇÃO;TERMINAL DIREÇÃO;0;;
161;1606;JTE496;1606;JTE496;CATEGORIA0;;1;1;0;1;;TERMINAL DIREÇÃO;TERMINAL DIREÇÃO;0;;
161;1606;JTE499;1606;JTE499;CATEGORIA0;;1;1;0;1;;TERMINAL  DIREÇÃO;TERMINAL  DIREÇÃO;0;;
161;1606;JTE510;1606;JTE510;CATEGORIA0;;1;1;0;1;;TERMINAL DIREÇÃO;TERMINAL DIREÇÃO;0;;
161;1606;JTE515;1606;JTE515;CATEGORIA0;;1;1;0;1;;TERMINAL DIREÇÃO;TERMINAL DIREÇÃO;0;;
161;1606;JTE523;1606;JTE523;CATEGORIA0;;1;1;0;1;;TERMINAL DIREÇÃO;TERMINAL DIREÇÃO;0;;
161;1606;JTE562;1606;JTE562;CATEGORIA0;;1;1;0;1;;TERMINAL DIREÇÃO;TERMINAL DIREÇÃO;0;;
161;1606;JTE590;1606;JTE590;CATEGORIA0;;1;1;0;1;;TERMINAL DIREÇÃO;TERMINAL DIREÇÃO;0;;
161;1606;JTE692;1606;JTE692;CATEGORIA0;;1;1;0;1;;TERMINAL  DIREÇÃO;TERMINAL  DIREÇÃO;0;;
161;1606;JTE700;1606;JTE700;CATEGORIA0;;1;1;0;1;;TERMINAL DIREC. DRT.;TERMINAL DIREC. DRT.;0;;
161;1606;JTE701;1606;JTE701;CATEGORIA0;;1;1;0;1;;TERMINAL DIREÇÃO;TERMINAL DIREÇÃO;0;;
161;1606;JTE721;1606;JTE721;CATEGORIA0;;1;1;0;1;;TERMINAL DIREÇÃO;TERMINAL DIREÇÃO;0;;
161;1606;JTE752;1606;JTE752;CATEGORIA0;;1;1;0;1;;TERMINAL DIREÇÃO;TERMINAL DIREÇÃO;0;;
161;1606;JTE753;1606;JTE753;CATEGORIA0;;1;1;0;1;;TERMINAL DIREÇÃO;TERMINAL DIREÇÃO;0;;
161;1606;JTE756;1606;JTE756;CATEGORIA0;;1;1;0;1;;TERMINAL DIREÇÃO;TERMINAL DIREÇÃO;0;;
161;1606;JTE757;1606;JTE757;CATEGORIA0;;1;1;0;1;;TERMINAL DIREÇÃO;TERMINAL DIREÇÃO;0;;
161;1606;JTE761;1606;JTE761;CATEGORIA0;;1;1;0;1;;TERMINAL DIREÇÃO;TERMINAL DIREÇÃO;0;;
161;1606;JTE7626;1606;JTE7626;CATEGORIA0;;1;1;0;1;;TERMINAL  DIREÇÃO;TERMINAL  DIREÇÃO;0;;
161;1606;JTE7627;1606;JTE7627;CATEGORIA0;;1;1;0;1;;TERMINAL  DIREÇÃO;TERMINAL  DIREÇÃO;0;;
161;1606;JTE766;1606;JTE766;CATEGORIA0;;1;1;0;1;;TERMINAL DIREÇÃO;TERMINAL DIREÇÃO;0;;
161;1606;JTE769;1606;JTE769;CATEGORIA0;;1;1;0;1;;TERMINAL DIREÇÃO;TERMINAL DIREÇÃO;0;;
161;1606;JTE770;1606;JTE770;CATEGORIA0;;1;1;0;1;;TERMINAL DIREÇÃO;TERMINAL DIREÇÃO;0;;
161;1606;JTE774;1606;JTE774;CATEGORIA0;;1;1;0;1;;TERMINAL DIREÇÃO;TERMINAL DIREÇÃO;0;;
161;1606;JTE775;1606;JTE775;CATEGORIA0;;1;1;0;1;;TERMINAL DIREÇÃO;TERMINAL DIREÇÃO;0;;
161;1606;JTE986;1606;JTE986;CATEGORIA0;;1;1;0;1;;TERMINAL DIREÇÃO;TERMINAL DIREÇÃO;0;;
161;1606;JTE994;1606;JTE994;CATEGORIA0;;1;1;0;1;;TERMINAL DIREÇÃO;TERMINAL DIREÇÃO;0;;
161;1606;JTE997;1606;JTE997;CATEGORIA0;;1;1;0;1;;TERMINAL DIREÇÃO;TERMINAL DIREÇÃO;0;;
161;1606;JTE999;1606;JTE999;CATEGORIA0;;1;1;0;1;;TERMINAL DIREÇÃO;TERMINAL DIREÇÃO;0;;
161;1606;JTF199;1606;JTF199;CATEGORIA0;;1;1;0;1;;TERMINAL DIREÇÃO;TERMINAL DIREÇÃO;0;;
161;1606;JTF201;1606;JTF201;CATEGORIA0;;1;1;0;1;;TERMINAL DIREÇÃO;TERMINAL DIREÇÃO;0;;
161;1606;JTF203;1606;JTF203;CATEGORIA0;;1;1;0;1;;TERMINAL DIREÇÃO;TERMINAL DIREÇÃO;0;;
161;1606;JTF204;1606;JTF204;CATEGORIA0;;1;1;0;1;;TERMINAL DIREÇÃO;TERMINAL DIREÇÃO;0;;
161;1606;JTF207;1606;JTF207;CATEGORIA0;;1;1;0;1;;TERMINAL DIREÇÃO;TERMINAL DIREÇÃO;0;;
161;1606;JTF210;1606;JTF210;CATEGORIA0;;1;1;0;1;;TERMINAL DIREÇÃO;TERMINAL DIREÇÃO;0;;
161;1606;JTF211;1606;JTF211;CATEGORIA0;;1;1;0;1;;TERMINAL DIREÇÃO;TERMINAL DIREÇÃO;0;;
161;1606;JTR3535;1606;JTR3535;CATEGORIA0;;1;1;0;1;;BARRA DIREÇÃO;BARRA DIREÇÃO;0;;
161;1606;JTS104;1606;JTS104;CATEGORIA0;;1;1;0;1;;PENDURAL ESTABIL.;PENDURAL ESTABIL.;0;;
161;1606;JTS1052;1606;JTS1052;CATEGORIA0;;1;1;0;1;;PENDURAL ESTABELIZADOR;PENDURAL ESTABELIZADOR;0;;
161;1606;JTS1053;1606;JTS1053;CATEGORIA0;;1;1;0;1;;PENDURAL ESTABELIZADOR;PENDURAL ESTABELIZADOR;0;;
161;1606;JTS111;1606;JTS111;CATEGORIA0;;1;1;0;1;;PENDURAL ESTABELIZADOR;PENDURAL ESTABELIZADOR;0;;
161;1606;JTS112;1606;JTS112;CATEGORIA0;;1;1;0;1;;PENDURAL ESTABELIZADOR;PENDURAL ESTABELIZADOR;0;;
161;1606;JTS113;1606;JTS113;CATEGORIA0;;1;1;0;1;;PENDURAL ESTABELIZADOR;PENDURAL ESTABELIZADOR;0;;
161;1606;JTS114;1606;JTS114;CATEGORIA0;;1;1;0;1;;PENDURAL ESTABELIZADOR;PENDURAL ESTABELIZADOR;0;;
161;1606;JTS115;1606;JTS115;CATEGORIA0;;1;1;0;1;;PENDURAL ESTABELIZADOR;PENDURAL ESTABELIZADOR;0;;
161;1606;JTS116;1606;JTS116;CATEGORIA0;;1;1;0;1;;BRAÇO SUSPENSÃO;BRAÇO SUSPENSÃO;0;;
161;1606;JTS1183;1606;JTS1183;CATEGORIA0;;1;1;0;1;;PENDURAL ESTABIL.;PENDURAL ESTABIL.;0;;
161;1606;JTS121;1606;JTS121;CATEGORIA0;;1;1;0;1;;PENDURAL ESTABELIZADOR;PENDURAL ESTABELIZADOR;0;;
161;1606;JTS124;1606;JTS124;CATEGORIA0;;1;1;0;1;;PENDURAL ESTABELIZADOR;PENDURAL ESTABELIZADOR;0;;
161;1606;JTS125;1606;JTS125;CATEGORIA0;;1;1;0;1;;PENDURAL ESTABILIZADOR;PENDURAL ESTABILIZADOR;0;;
161;1606;JTS130;1606;JTS130;CATEGORIA0;;1;1;0;1;;PENDURAL ESTABELIZADOR;PENDURAL ESTABELIZADOR;0;;
161;1606;JTS136;1606;JTS136;CATEGORIA0;;1;1;0;1;;PENDURAL ESTABELIZADOR;PENDURAL ESTABELIZADOR;0;;
161;1606;JTS137;1606;JTS137;CATEGORIA0;;1;1;0;1;;PENDURAL ESTABELIZADOR;PENDURAL ESTABELIZADOR;0;;
161;1606;JTS140;1606;JTS140;CATEGORIA0;;1;1;0;1;;PENDURAL ESTABILIZADOR;PENDURAL ESTABILIZADOR;0;;
161;1606;JTS143;1606;JTS143;CATEGORIA0;;1;1;0;1;;PENDURAL ESTABELIZADOR;PENDURAL ESTABELIZADOR;0;;
161;1606;JTS144;1606;JTS144;CATEGORIA0;;1;1;0;1;;PENDURAL B. ESTABILIZADORA;PENDURAL B. ESTABILIZADORA;0;;
161;1606;JTS147;1606;JTS147;CATEGORIA0;;1;1;0;1;;PENDURAL ESTABELIZADOR;PENDURAL ESTABELIZADOR;0;;
161;1606;JTS157;1606;JTS157;CATEGORIA0;;1;1;0;1;;PENDURAL ESTABIL.;PENDURAL ESTABIL.;0;;
161;1606;JTS185;1606;JTS185;CATEGORIA0;;1;1;0;1;;PENDURAL ESTABELIZADOR;PENDURAL ESTABELIZADOR;0;;
161;1606;JTS193;1606;JTS193;CATEGORIA0;;1;1;0;1;;PENDURAL ESTABELIZADOR;PENDURAL ESTABELIZADOR;0;;
161;1606;JTS194;1606;JTS194;CATEGORIA0;;1;1;0;1;;PENDURAL ESTABELIZADOR;PENDURAL ESTABELIZADOR;0;;
161;1606;JTS237;1606;JTS237;CATEGORIA0;;1;1;0;1;;PENDURAL ESTABELIZADOR;PENDURAL ESTABELIZADOR;0;;
161;1606;JTS239;1606;JTS239;CATEGORIA0;;1;1;0;1;;PENDURAL ESTABIL.;PENDURAL ESTABIL.;0;;
161;1606;JTS260;1606;JTS260;CATEGORIA0;;1;1;0;1;;PENDURAL ESTABELIZADOR;PENDURAL ESTABELIZADOR;0;;
161;1606;JTS278;1606;JTS278;CATEGORIA0;;1;1;0;1;;PENDURAL ESTABELIZADOR;PENDURAL ESTABELIZADOR;0;;
161;1606;JTS281;1606;JTS281;CATEGORIA0;;1;1;0;1;;PENDURAL ESTABELIZADOR;PENDURAL ESTABELIZADOR;0;;
161;1606;JTS283;1606;JTS283;CATEGORIA0;;1;1;0;1;;PENDURAL ESTABILIZADOR;PENDURAL ESTABILIZADOR;0;;
161;1606;JTS286;1606;JTS286;CATEGORIA0;;1;1;0;1;;PENDURAL ESTABELIZADOR;PENDURAL ESTABELIZADOR;0;;
161;1606;JTS294;1606;JTS294;CATEGORIA0;;1;1;0;1;;PENDURAL ESTABELIZADOR;PENDURAL ESTABELIZADOR;0;;
161;1606;JTS295;1606;JTS295;CATEGORIA0;;1;1;0;1;;PENDURAL ESTABELIZADOR;PENDURAL ESTABELIZADOR;0;;
161;1606;JTS352;1606;JTS352;CATEGORIA0;;1;1;0;1;;PENDURAL ESTABELIZADOR;PENDURAL ESTABELIZADOR;0;;
161;1606;JTS355;1606;JTS355;CATEGORIA0;;1;1;0;1;;PENDURAL ESTABELIZADOR;PENDURAL ESTABELIZADOR;0;;
161;1606;JTS356;1606;JTS356;CATEGORIA0;;1;1;0;1;;PENDURAL ESTABELIZADOR;PENDURAL ESTABELIZADOR;0;;
161;1606;JTS360;1606;JTS360;CATEGORIA0;;1;1;0;1;;PENDURAL ESTABELIZADOR;PENDURAL ESTABELIZADOR;0;;
161;1606;JTS361;1606;JTS361;CATEGORIA0;;1;1;0;1;;PENDURAL ESTABELIZADOR;PENDURAL ESTABELIZADOR;0;;
161;1606;JTS362;1606;JTS362;CATEGORIA0;;1;1;0;1;;PENDURAL ESTABELIZADOR;PENDURAL ESTABELIZADOR;0;;
161;1606;JTS363;1606;JTS363;CATEGORIA0;;1;1;0;1;;PENDURAL ESTABELIZADOR;PENDURAL ESTABELIZADOR;0;;
161;1606;JTS364;1606;JTS364;CATEGORIA0;;1;1;0;1;;PENDURAL ESTABELIZADOR;PENDURAL ESTABELIZADOR;0;;
161;1606;JTS370;1606;JTS370;CATEGORIA0;;1;1;0;1;;PENDURAL ESTAB.(+);PENDURAL ESTAB.(+);0;;
161;1606;JTS381;1606;JTS381;CATEGORIA0;;1;1;0;1;;PENDURAL ESTABELIZADOR;PENDURAL ESTABELIZADOR;0;;
161;1606;JTS382;1606;JTS382;CATEGORIA0;;1;1;0;1;;PENDURAL ESTABIL.;PENDURAL ESTABIL.;0;;
161;1606;JTS383;1606;JTS383;CATEGORIA0;;1;1;0;1;;PENDURAL ESTABELIZADOR;PENDURAL ESTABELIZADOR;0;;
161;1606;JTS386;1606;JTS386;CATEGORIA0;;1;1;0;1;;PENDURAL ESTABILIZADOR;PENDURAL ESTABILIZADOR;0;;
161;1606;JTS387;1606;JTS387;CATEGORIA0;;1;1;0;1;;PENDURAL ESTABELIZADOR;PENDURAL ESTABELIZADOR;0;;
161;1606;JTS393;1606;JTS393;CATEGORIA0;;1;1;0;1;;PENDURAL ESTABILIZADOR;PENDURAL ESTABILIZADOR;0;;
161;1606;JTS397;1606;JTS397;CATEGORIA0;;1;1;0;1;;PENDURAL ESTABELIZADOR;PENDURAL ESTABELIZADOR;0;;
161;1606;JTS401;1606;JTS401;CATEGORIA0;;1;1;0;1;;PENDURAL ESTABELIZADOR;PENDURAL ESTABELIZADOR;0;;
161;1606;JTS402;1606;JTS402;CATEGORIA0;;1;1;0;1;;PENDURAL ESTABELIZADOR;PENDURAL ESTABELIZADOR;0;;
161;1606;JTS403;1606;JTS403;CATEGORIA0;;1;1;0;1;;PENDURAL ESTABELIZADOR;PENDURAL ESTABELIZADOR;0;;
161;1606;JTS405;1606;JTS405;CATEGORIA0;;1;1;0;1;;PENDURAL ESTABELIZADOR;PENDURAL ESTABELIZADOR;0;;
161;1606;JTS406;1606;JTS406;CATEGORIA0;;1;1;0;1;;PENDURAL ESTABELIZADOR;PENDURAL ESTABELIZADOR;0;;
161;1606;JTS407;1606;JTS407;CATEGORIA0;;1;1;0;1;;PENDURAL ESTABILIZADOR;PENDURAL ESTABILIZADOR;0;;
161;1606;JTS408;1606;JTS408;CATEGORIA0;;1;1;0;1;;PENDURAL ESTABELIZADOR;PENDURAL ESTABELIZADOR;0;;
161;1606;JTS409;1606;JTS409;CATEGORIA0;;1;1;0;1;;PENDURAL ESTABELIZADOR;PENDURAL ESTABELIZADOR;0;;
161;1606;JTS410;1606;JTS410;CATEGORIA0;;1;1;0;1;;PENDURAL ESTABELIZADOR;PENDURAL ESTABELIZADOR;0;;
161;1606;JTS415;1606;JTS415;CATEGORIA0;;1;1;0;1;;PENDURAL ESTABELIZADOR;PENDURAL ESTABELIZADOR;0;;
161;1606;JTS416;1606;JTS416;CATEGORIA0;;1;1;0;1;;PENDURAL ESTABIL.;PENDURAL ESTABIL.;0;;
161;1606;JTS419;1606;JTS419;CATEGORIA0;;1;1;0;1;;PENDURAL ESTABELIZADOR;PENDURAL ESTABELIZADOR;0;;
161;1606;JTS420;1606;JTS420;CATEGORIA0;;1;1;0;1;;PENDURAL ESTABELIZADOR;PENDURAL ESTABELIZADOR;0;;
161;1606;JTS421;1606;JTS421;CATEGORIA0;;1;1;0;1;;PENDURAL ESTABELIZADOR;PENDURAL ESTABELIZADOR;0;;
161;1606;JTS422;1606;JTS422;CATEGORIA0;;1;1;0;1;;PENDURAL ESTABELIZADOR;PENDURAL ESTABELIZADOR;0;;
161;1606;JTS424;1606;JTS424;CATEGORIA0;;1;1;0;1;;PENDURAL ESTABELIZADOR;PENDURAL ESTABELIZADOR;0;;
161;1606;JTS427;1606;JTS427;CATEGORIA0;;1;1;0;1;;PENDURAL ESTABELIZADOR;PENDURAL ESTABELIZADOR;0;;
161;1606;JTS430;1606;JTS430;CATEGORIA0;;1;1;0;1;;PENDURAL ESTABELIZADOR;PENDURAL ESTABELIZADOR;0;;
161;1606;JTS432;1606;JTS432;CATEGORIA0;;1;1;0;1;;PENDURAL ESTABELIZADOR;PENDURAL ESTABELIZADOR;0;;
161;1606;JTS433;1606;JTS433;CATEGORIA0;;1;1;0;1;;PENDURAL ESTABELIZADOR;PENDURAL ESTABELIZADOR;0;;
161;1606;JTS437;1606;JTS437;CATEGORIA0;;1;1;0;1;;PENDURAL ESTABELIZADOR;PENDURAL ESTABELIZADOR;0;;
161;1606;JTS438;1606;JTS438;CATEGORIA0;;1;1;0;1;;PENDURAL ESTABIL. TRÁS;PENDURAL ESTABIL. TRÁS;0;;
161;1606;JTS439;1606;JTS439;CATEGORIA0;;1;1;0;1;;PENDURAL ESTABELIZADOR;PENDURAL ESTABELIZADOR;0;;
161;1606;JTS440;1606;JTS440;CATEGORIA0;;1;1;0;1;;PENDURAL ESTABELIZADOR;PENDURAL ESTABELIZADOR;0;;
161;1606;JTS447;1606;JTS447;CATEGORIA0;;1;1;0;1;;PENDURAL ESTABELIZADOR;PENDURAL ESTABELIZADOR;0;;
161;1606;JTS448;1606;JTS448;CATEGORIA0;;1;1;0;1;;PENDURAL ESTABELIZADOR;PENDURAL ESTABELIZADOR;0;;
161;1606;JTS461;1606;JTS461;CATEGORIA0;;1;1;0;1;;PENDURAL ESTABIL.;PENDURAL ESTABIL.;0;;
161;1606;JTS462;1606;JTS462;CATEGORIA0;;1;1;0;1;;PENDURAL ESTABELIZADOR;PENDURAL ESTABELIZADOR;0;;
161;1606;JTS463;1606;JTS463;CATEGORIA0;;1;1;0;1;;PENDURAL ESTABELIZADOR;PENDURAL ESTABELIZADOR;0;;
161;1606;JTS464;1606;JTS464;CATEGORIA0;;1;1;0;1;;PENDURAL ESTABELIZADOR;PENDURAL ESTABELIZADOR;0;;
161;1606;JTS465;1606;JTS465;CATEGORIA0;;1;1;0;1;;PENDURAL ESTABELIZADOR;PENDURAL ESTABELIZADOR;0;;
161;1606;JTS468;1606;JTS468;CATEGORIA0;;1;1;0;1;;PENDURAL ESTABELIZADOR;PENDURAL ESTABELIZADOR;0;;
161;1606;JTS469;1606;JTS469;CATEGORIA0;;1;1;0;1;;PENDURAL ESTABELIZADOR;PENDURAL ESTABELIZADOR;0;;
161;1606;JTS480;1606;JTS480;CATEGORIA0;;1;1;0;1;;PENDURAL ESTABILIZADOR;PENDURAL ESTABILIZADOR;0;;
161;1606;JTS481;1606;JTS481;CATEGORIA0;;1;1;0;1;;PENDURAL ESTABILIZADOR;PENDURAL ESTABILIZADOR;0;;
161;1606;JTS483;1606;JTS483;CATEGORIA0;;1;1;0;1;;PENDURAL ESTABELIZADOR;PENDURAL ESTABELIZADOR;0;;
161;1606;JTS484;1606;JTS484;CATEGORIA0;;1;1;0;1;;PENDURAL ESTABELIZADOR;PENDURAL ESTABELIZADOR;0;;
161;1606;JTS487;1606;JTS487;CATEGORIA0;;1;1;0;1;;PENDURAL ESTABELIZADOR;PENDURAL ESTABELIZADOR;0;;
161;1606;JTS488;1606;JTS488;CATEGORIA0;;1;1;0;1;;PENDURAL ESTABELIZADOR;PENDURAL ESTABELIZADOR;0;;
161;1606;JTS490;1606;JTS490;CATEGORIA0;;1;1;0;1;;PENDURAL ESTABELIZADOR;PENDURAL ESTABELIZADOR;0;;
161;1606;JTS491;1606;JTS491;CATEGORIA0;;1;1;0;1;;PENDURAL ESTABELIZADOR;PENDURAL ESTABELIZADOR;0;;
161;1606;JTS496;1606;JTS496;CATEGORIA0;;1;1;0;1;;PENDURAL ESTABELIZADOR;PENDURAL ESTABELIZADOR;0;;
161;1606;JTS497;1606;JTS497;CATEGORIA0;;1;1;0;1;;PENDURAL ESTABELIZADOR;PENDURAL ESTABELIZADOR;0;;
161;1606;JTS498;1606;JTS498;CATEGORIA0;;1;1;0;1;;PENDURAL ESTABELIZADOR;PENDURAL ESTABELIZADOR;0;;
161;1606;JTS499;1606;JTS499;CATEGORIA0;;1;1;0;1;;PENDURAL ESTABELIZADOR;PENDURAL ESTABELIZADOR;0;;
161;1606;JTS508;1606;JTS508;CATEGORIA0;;1;1;0;1;;PENDURAL BARRA ESTABILIZADORA ESQ;PENDURAL BARRA ESTABILIZADORA ESQ;0;;
161;1606;JTS509;1606;JTS509;CATEGORIA0;;1;1;0;1;;PENDURAL BARRA ESTABILIZADORA DRT;PENDURAL BARRA ESTABILIZADORA DRT;0;;
161;1606;JTS515;1606;JTS515;CATEGORIA0;;1;1;0;1;;PENDURAL ESTABELIZADOR;PENDURAL ESTABELIZADOR;0;;
161;1606;JTS527;1606;JTS527;CATEGORIA0;;1;1;0;1;;PENDURAL ESTABELIZADOR;PENDURAL ESTABELIZADOR;0;;
161;1606;JTS536;1606;JTS536;CATEGORIA0;;1;1;0;1;;PENDURAL ESTABELIZADOR;PENDURAL ESTABELIZADOR;0;;
161;1606;JTS537;1606;JTS537;CATEGORIA0;;1;1;0;1;;PENDURAL ESTABELIZADOR;PENDURAL ESTABELIZADOR;0;;
161;1606;JTS538;1606;JTS538;CATEGORIA0;;1;1;0;1;;PENDURAL ESTABELIZADOR;PENDURAL ESTABELIZADOR;0;;
161;1606;JTS546;1606;JTS546;CATEGORIA0;;1;1;0;1;;PENDURAL ESTABELIZADOR;PENDURAL ESTABELIZADOR;0;;
161;1606;JTS547;1606;JTS547;CATEGORIA0;;1;1;0;1;;PENDURAL ESTABELIZADOR;PENDURAL ESTABELIZADOR;0;;
161;1606;JTS550;1606;JTS550;CATEGORIA0;;1;1;0;1;;PENDURAL ESTABELIZADOR;PENDURAL ESTABELIZADOR;0;;
161;1606;JTS556;1606;JTS556;CATEGORIA0;;1;1;0;1;;PENDURAL ESTABELIZADOR;PENDURAL ESTABELIZADOR;0;;
161;1606;JTS557;1606;JTS557;CATEGORIA0;;1;1;0;1;;PENDURAL ESTABELIZADOR;PENDURAL ESTABELIZADOR;0;;
161;1606;JTS579;1606;JTS579;CATEGORIA0;;1;1;0;1;;PENDURAL ESTABELIZADOR;PENDURAL ESTABELIZADOR;0;;
161;1606;JTS588;1606;JTS588;CATEGORIA0;;1;1;0;1;;PENDURAL B. ESTABILIZADORA;PENDURAL B. ESTABILIZADORA;0;;
161;1606;JTS605;1606;JTS605;CATEGORIA0;;1;1;0;1;;PENDURAL ESTABELIZADOR;PENDURAL ESTABELIZADOR;0;;
161;1606;JTS606;1606;JTS606;CATEGORIA0;;1;1;0;1;;PENDURAL ESTABELIZADOR;PENDURAL ESTABELIZADOR;0;;
161;1606;JTS609;1606;JTS609;CATEGORIA0;;1;1;0;1;;PENDURAL ESTABELIZADOR;PENDURAL ESTABELIZADOR;0;;
161;1606;JTS614;1606;JTS614;CATEGORIA0;;1;1;0;1;;PENDURAL ESTABELIZADOR;PENDURAL ESTABELIZADOR;0;;
161;1606;JTS616;1606;JTS616;CATEGORIA0;;1;1;0;1;;PENDURAL ESTABELIZADOR;PENDURAL ESTABELIZADOR;0;;
161;1606;JTS636;1606;JTS636;CATEGORIA0;;1;1;0;1;;PENDURAL ESTABELIZADOR;PENDURAL ESTABELIZADOR;0;;
161;1606;JTS637;1606;JTS637;CATEGORIA0;;1;1;0;1;;PENDURAL ESTABELIZADOR;PENDURAL ESTABELIZADOR;0;;
161;1606;JTS642;1606;JTS642;CATEGORIA0;;1;1;0;1;;PENDURAL ESTABELIZADOR;PENDURAL ESTABELIZADOR;0;;
161;1606;JTS644;1606;JTS644;CATEGORIA0;;1;1;0;1;;PENDURAL ESTABELIZADOR;PENDURAL ESTABELIZADOR;0;;
161;1606;JTS7532;1606;JTS7532;CATEGORIA0;;1;1;0;1;;PENDURAL DRT;PENDURAL DRT;0;;
161;1606;JTS7557;1606;JTS7557;CATEGORIA0;;1;1;0;1;;PENDURAL ESTABIL.;PENDURAL ESTABIL.;0;;
161;1606;JTS7710;1606;JTS7710;CATEGORIA0;;1;1;0;1;;PENDURAL ESTABELIZADOR;PENDURAL ESTABELIZADOR;0;;
161;1606;JTS895;1606;JTS895;CATEGORIA0;;1;1;0;1;;PENDURAL ESTABELIZADOR;PENDURAL ESTABELIZADOR;0;;
161;1606;JTY130;1606;JTY130;CATEGORIA0;;1;1;0;1;;BARRA DIREÇÃO;BARRA DIREÇÃO;0;;
161;0481;LEV0009C;0481;LEV0009C;CATEGORIA0;;1;1;0;1;;CASCO VALVULA EGR;CASCO VALVULA EGR;0;;
161;0481;LRA02901C;0481;LRA02901C;CATEGORIA0;;1;1;0;1;;CASCO ALTERNADOR;CASCO ALTERNADOR;0;;
161;0481;LRA2162C;0481;LRA2162C;CATEGORIA0;;1;1;0;1;;CASCO ALTERNADOR;CASCO ALTERNADOR;0;;
161;0481;LRA2186C;0481;LRA2186C;CATEGORIA0;;1;1;0;1;;CASCO ALTERNADOR;CASCO ALTERNADOR;0;;
161;0481;LRA2250C;0481;LRA2250C;CATEGORIA0;;1;1;0;1;;CASCO ALTERNADOR;CASCO ALTERNADOR;0;;
161;0481;LRA2438C;0481;LRA2438C;CATEGORIA0;;1;1;0;1;;CASCO ALTERNADOR;CASCO ALTERNADOR;0;;
161;0481;LRA2806C;0481;LRA2806C;CATEGORIA0;;1;1;0;1;;CASCO ALTERNADOR;CASCO ALTERNADOR;0;;
161;0481;LRA2815C;0481;LRA2815C;CATEGORIA0;;1;1;0;1;;CASCO ALTERNADOR;CASCO ALTERNADOR;0;;
161;0481;LRA2941C;0481;LRA2941C;CATEGORIA0;;1;1;0;1;;CASCO ALTERNADOR;CASCO ALTERNADOR;0;;
161;0481;LRA3036C;0481;LRA3036C;CATEGORIA0;;1;1;0;1;;CASCO ALTERNADOR;CASCO ALTERNADOR;0;;
161;0481;LRA3184C;0481;LRA3184C;CATEGORIA0;;1;1;0;1;;CASCO ALTERNADOR;CASCO ALTERNADOR;0;;
161;0481;LRA3185C;0481;LRA3185C;CATEGORIA0;;1;1;0;1;;CASCO ALTERNADOR;CASCO ALTERNADOR;0;;
161;0481;LRA3317C;0481;LRA3317C;CATEGORIA0;;1;1;0;1;;CASCO ALTERNADOR;CASCO ALTERNADOR;0;;
161;0481;LRB436C;0481;LRB436C;CATEGORIA0;;1;1;0;1;;CASCO ALTERNADOR;CASCO ALTERNADOR;0;;
161;0481;LRB481C;0481;LRB481C;CATEGORIA0;;1;1;0;1;;CASCO ALTERNADOR;CASCO ALTERNADOR;0;;
161;0481;LRB487C;0481;LRB487C;CATEGORIA0;;1;1;0;1;;CASCO ALTERNADOR;CASCO ALTERNADOR;0;;
161;0481;LRB494C;0481;LRB494C;CATEGORIA0;;1;1;0;1;;CASCO ALTERNADOR;CASCO ALTERNADOR;0;;
161;0481;LRB497C;0481;LRB497C;CATEGORIA0;;1;1;0;1;;CORE ALTERNADOR;CORE ALTERNADOR;0;;
161;0481;LRS00657;0481;LRS00657C;CATEGORIA0;;1;1;0;1;;CASCO MOTOR ARRANQUE;CASCO MOTOR ARRANQUE;0;;
161;1606;LRS01571;1606;LRS1571;CATEGORIA0;;1;1;0;1;;MOTOR ARRANQUE;MOTOR ARRANQUE;0;;
161;0481;LRS1571C;0481;LRS1571C;CATEGORIA0;;1;1;0;1;;CORE MOTOR ARRANQUE;CORE MOTOR ARRANQUE;0;;
161;0481;LRS2100C;0481;LRS2100C;CATEGORIA0;;1;1;0;1;;CASCO MOTOR ARRANQUE;CASCO MOTOR ARRANQUE;0;;
161;0481;LRS2252C;0481;LRS2252C;CATEGORIA0;;1;1;0;1;;CASCO MOTOR ARRANQUE;CASCO MOTOR ARRANQUE;0;;
161;0481;LRS784C;0481;LRS784C;CATEGORIA0;;1;1;0;1;;CORE MOTOR ARRANQUE;CORE MOTOR ARRANQUE;0;;
161;0481;LRS898C;0481;LRS898C;CATEGORIA0;;1;1;0;1;;CASCO M/ ARRANQUE;CASCO M/ ARRANQUE;0;;
161;1606;PFB401;1606;PFB401;CATEGORIA0;;1;1;0;1;;ÓLEO TRAVÕES DOT4 1 L;ÓLEO TRAVÕES DOT4 1 L;0;;
161;1606;PFB405;1606;PFB405;CATEGORIA0;;1;1;0;1;;ÓLEO TRAVÃO DOT4 5LT;ÓLEO TRAVÃO DOT4 5LT;0;;
161;1606;PFB420;0001;PFB420;CATEGORIA0;;1;1;0;1;;ÓLEO TRAVÕES DOT4 20 L;ÓLEO TRAVÕES DOT4 20 L;0;;
161;1606;PFB425;1606;PFB425;CATEGORIA0;;1;1;0;1;;ÓLEO TRAVÕES DOT4 1/4 L;ÓLEO TRAVÕES DOT4 1/4 L;0;;
161;1606;PFB450;1606;PFB450;CATEGORIA0;;1;1;0;1;;ÓLEO TRAVÕES DOT4 1/2 L;ÓLEO TRAVÕES DOT4 1/2 L;0;;
161;1606;PFB501;1606;PFB501;CATEGORIA0;;1;1;0;1;;ÓLEO TRAVÕES DOT5 1 L;ÓLEO TRAVÕES DOT5 1 L;0;;
161;1606;PFB520AE;0001;PFB520AE;CATEGORIA0;;1;1;0;1;;ÓLEO TRAVÕES DOT5.1 20 L;ÓLEO TRAVÕES DOT5.1 20 L;0;;
161;1606;PFC105;0001;PFC105;CATEGORIA0;;1;1;0;1;;SPRAY LIMPA TRAVÕES 500ML  **;SPRAY LIMPA TRAVÕES 500ML  **;0;;
161;1606;PFK502;1606;PFK502;CATEGORIA0;;1;1;0;1;;KIT MONTAGEM PASTILHA;KIT MONTAGEM PASTILHA;0;;
161;1606;PFM201;1606;PFM201;CATEGORIA0;;1;1;0;1;;ÓLEO SUSPENSÃO LHM TRW 1L;ÓLEO SUSPENSÃO LHM TRW 1L;0;;
161;1606.2;PHA100;1606.2;PHA100;CATEGORIA0;;1;1;0;1;;TUBO TRAVÃO;TUBO TRAVÃO;0;;
161;1606.2;PHA101;1606.2;PHA101;CATEGORIA0;;1;1;0;1;;TUBO TRAVÃO;TUBO TRAVÃO;0;;
161;1606.2;PHA103;1606.2;PHA103;CATEGORIA0;;1;1;0;1;;TUBO TRAVÃO;TUBO TRAVÃO;0;;
161;1606.2;PHA104;1606.2;PHA104;CATEGORIA0;;1;1;0;1;;TUBO TRAVÃO;TUBO TRAVÃO;0;;
161;1606.2;PHA106;1606.2;PHA106;CATEGORIA0;;1;1;0;1;;TUBO TRAVÃO;TUBO TRAVÃO;0;;
161;1606.2;PHA115;1606.2;PHA115;CATEGORIA0;;1;1;0;1;;TUBO TRAVÃO;TUBO TRAVÃO;0;;
161;1606.2;PHA117;1606.2;PHA117;CATEGORIA0;;1;1;0;1;;TUBO TRAVÃO;TUBO TRAVÃO;0;;
161;1606.2;PHA118;1606.2;PHA118;CATEGORIA0;;1;1;0;1;;TUBO TRAVÃO;TUBO TRAVÃO;0;;
161;1606.2;PHA119;1606.2;PHA119;CATEGORIA0;;1;1;0;1;;TUBO TRAVÃO;TUBO TRAVÃO;0;;
161;1606.2;PHA120;1606.2;PHA120;CATEGORIA0;;1;1;0;1;;TUBO TRAVÃO;TUBO TRAVÃO;0;;
161;1606.2;PHA123;1606.2;PHA123;CATEGORIA0;;1;1;0;1;;TUBO TRAVÃO;TUBO TRAVÃO;0;;
161;1606.2;PHA125;1606.2;PHA125;CATEGORIA0;;1;1;0;1;;TUBO TRAVÃO;TUBO TRAVÃO;0;;
161;1606.2;PHA126;1606.2;PHA126;CATEGORIA0;;1;1;0;1;;TUBO TRAVÃO;TUBO TRAVÃO;0;;
161;1606.2;PHA127;1606.2;PHA127;CATEGORIA0;;1;1;0;1;;TUBO TRAVÃO;TUBO TRAVÃO;0;;
161;1606.2;PHA128;1606.2;PHA128;CATEGORIA0;;1;1;0;1;;TUBO TRAVÃO;TUBO TRAVÃO;0;;
161;1606.2;PHA129;1606.2;PHA129;CATEGORIA0;;1;1;0;1;;TUBO TRAVÃO;TUBO TRAVÃO;0;;
161;1606.2;PHA130;1606.2;PHA130;CATEGORIA0;;1;1;0;1;;TUBO TRAVÃO;TUBO TRAVÃO;0;;
161;1606.2;PHA131;1606.2;PHA131;CATEGORIA0;;1;1;0;1;;TUBO TRAVÃO;TUBO TRAVÃO;0;;
161;1606.2;PHA132;1606.2;PHA132;CATEGORIA0;;1;1;0;1;;TUBO TRAVÃO;TUBO TRAVÃO;0;;
161;1606.2;PHA134;1606.2;PHA134;CATEGORIA0;;1;1;0;1;;TUBO TRAVÃO;TUBO TRAVÃO;0;;
161;1606.2;PHA135;1606.2;PHA135;CATEGORIA0;;1;1;0;1;;TUBO TRAVÃO;TUBO TRAVÃO;0;;
161;1606.2;PHA136;1606.2;PHA136;CATEGORIA0;;1;1;0;1;;TUBO TRAVÃO;TUBO TRAVÃO;0;;
161;1606.2;PHA137;1606.2;PHA137;CATEGORIA0;;1;1;0;1;;TUBO TRAVÃO;TUBO TRAVÃO;0;;
161;1606.2;PHA138;1606.2;PHA138;CATEGORIA0;;1;1;0;1;;TUBO TRAVÃO;TUBO TRAVÃO;0;;
161;1606.2;PHA140;1606.2;PHA140;CATEGORIA0;;1;1;0;1;;TUBO TRAVÃO;TUBO TRAVÃO;0;;
161;1606.2;PHA141;1606.2;PHA141;CATEGORIA0;;1;1;0;1;;TUBO TRAVÃO;TUBO TRAVÃO;0;;
161;1606.2;PHA145;1606.2;PHA145;CATEGORIA0;;1;1;0;1;;TUBO TRAVÃO;TUBO TRAVÃO;0;;
161;1606.2;PHA146;1606.2;PHA146;CATEGORIA0;;1;1;0;1;;TUBO TRAVÃO;TUBO TRAVÃO;0;;
161;1606.2;PHA153;1606.2;PHA153;CATEGORIA0;;1;1;0;1;;TUBO TRAVÃO;TUBO TRAVÃO;0;;
161;1606.2;PHA154;1606.2;PHA154;CATEGORIA0;;1;1;0;1;;TUBO TRAVÃO;TUBO TRAVÃO;0;;
161;1606.2;PHA157;1606.2;PHA157;CATEGORIA0;;1;1;0;1;;TUBO TRAVÃO;TUBO TRAVÃO;0;;
161;1606.2;PHA162;1606.2;PHA162;CATEGORIA0;;1;1;0;1;;TUBO TRAVÃO;TUBO TRAVÃO;0;;
161;1606.2;PHA167;1606.2;PHA167;CATEGORIA0;;1;1;0;1;;TUBO TRAVÃO;TUBO TRAVÃO;0;;
161;1606.2;PHA168;1606.2;PHA168;CATEGORIA0;;1;1;0;1;;TUBO TRAVÃO;TUBO TRAVÃO;0;;
161;1606.2;PHA176;1606.2;PHA176;CATEGORIA0;;1;1;0;1;;TUBO TRAVÃO;TUBO TRAVÃO;0;;
161;1606.2;PHA177;1606.2;PHA177;CATEGORIA0;;1;1;0;1;;TUBO TRAVÃO;TUBO TRAVÃO;0;;
161;1606.2;PHA181;1606.2;PHA181;CATEGORIA0;;1;1;0;1;;TUBO TRAVÃO;TUBO TRAVÃO;0;;
161;1606.2;PHA182;1606.2;PHA182;CATEGORIA0;;1;1;0;1;;TUBO TRAVÃO;TUBO TRAVÃO;0;;
161;1606.2;PHA183;1606.2;PHA183;CATEGORIA0;;1;1;0;1;;TUBO TRAVÃO;TUBO TRAVÃO;0;;
161;1606.2;PHA186;1606.2;PHA186;CATEGORIA0;;1;1;0;1;;TUBO TRAVÃO;TUBO TRAVÃO;0;;
161;1606.2;PHA188;1606.2;PHA188;CATEGORIA0;;1;1;0;1;;TUBO TRAVÃO;TUBO TRAVÃO;0;;
161;1606.2;PHA189;1606.2;PHA189;CATEGORIA0;;1;1;0;1;;TUBO TRAVÃO;TUBO TRAVÃO;0;;
161;1606.2;PHA190;1606.2;PHA190;CATEGORIA0;;1;1;0;1;;TUBO TRAVÃO;TUBO TRAVÃO;0;;
161;1606.2;PHA192;1606.2;PHA192;CATEGORIA0;;1;1;0;1;;TUBO TRAVÃO;TUBO TRAVÃO;0;;
161;1606.2;PHA199;1606.2;PHA199;CATEGORIA0;;1;1;0;1;;TUBO TRAVÃO;TUBO TRAVÃO;0;;
161;1606.2;PHA200;1606.2;PHA200;CATEGORIA0;;1;1;0;1;;TUBO TRAVÃO;TUBO TRAVÃO;0;;
161;1606.2;PHA201;1606.2;PHA201;CATEGORIA0;;1;1;0;1;;TUBO TRAVÃO;TUBO TRAVÃO;0;;
161;1606.2;PHA2018;1606.2;PHA2018;CATEGORIA0;;1;1;0;1;;TUBO TRAVÃO;TUBO TRAVÃO;0;;
161;1606.2;PHA2019;1606.2;PHA2019;CATEGORIA0;;1;1;0;1;;TUBO TRAVÃO;TUBO TRAVÃO;0;;
161;1606.2;PHA2020;1606.2;PHA2020;CATEGORIA0;;1;1;0;1;;TUBO TRAVÃO;TUBO TRAVÃO;0;;
161;1606.2;PHA2021;1606.2;PHA2021;CATEGORIA0;;1;1;0;1;;TUBO TRAVÃO;TUBO TRAVÃO;0;;
161;1606.2;PHA2022;1606.2;PHA2022;CATEGORIA0;;1;1;0;1;;TUBO TRAVÃO;TUBO TRAVÃO;0;;
161;1606.2;PHA2023;1606.2;PHA2023;CATEGORIA0;;1;1;0;1;;TUBO TRAVÃO;TUBO TRAVÃO;0;;
161;1606.2;PHA2025;1606.2;PHA2025;CATEGORIA0;;1;1;0;1;;TUBO TRAVÃO;TUBO TRAVÃO;0;;
161;1606.2;PHA2026;1606.2;PHA2026;CATEGORIA0;;1;1;0;1;;TUBO TRAVÃO;TUBO TRAVÃO;0;;
161;1606.2;PHA2027;1606.2;PHA2027;CATEGORIA0;;1;1;0;1;;TUBO TRAVÃO;TUBO TRAVÃO;0;;
161;1606.2;PHA2028;1606.2;PHA2028;CATEGORIA0;;1;1;0;1;;TUBO TRAVÃO;TUBO TRAVÃO;0;;
161;1606.2;PHA2029;1606.2;PHA2029;CATEGORIA0;;1;1;0;1;;TUBO TRAVÃO;TUBO TRAVÃO;0;;
161;1606.2;PHA2030;1606.2;PHA2030;CATEGORIA0;;1;1;0;1;;TUBO TRAVÃO;TUBO TRAVÃO;0;;
161;1606.2;PHA2031;1606.2;PHA2031;CATEGORIA0;;1;1;0;1;;TUBO TRAVÃO;TUBO TRAVÃO;0;;
161;1606.2;PHA2032;1606.2;PHA2032;CATEGORIA0;;1;1;0;1;;TUBO TRAVÃO;TUBO TRAVÃO;0;;
161;1606.2;PHA2033;1606.2;PHA2033;CATEGORIA0;;1;1;0;1;;TUBO TRAVÃO;TUBO TRAVÃO;0;;
161;1606.2;PHA2034;1606.2;PHA2034;CATEGORIA0;;1;1;0;1;;TUBO TRAVÃO;TUBO TRAVÃO;0;;
161;1606.2;PHA2035;1606.2;PHA2035;CATEGORIA0;;1;1;0;1;;TUBO TRAVÃO;TUBO TRAVÃO;0;;
161;1606.2;PHA2036;1606.2;PHA2036;CATEGORIA0;;1;1;0;1;;TUBO TRAVÃO;TUBO TRAVÃO;0;;
161;1606.2;PHA2038;1606.2;PHA2038;CATEGORIA0;;1;1;0;1;;TUBO TRAVÃO;TUBO TRAVÃO;0;;
161;1606.2;PHA2039;1606.2;PHA2039;CATEGORIA0;;1;1;0;1;;TUBO TRAVÃO;TUBO TRAVÃO;0;;
161;1606.2;PHA2040;1606.2;PHA2040;CATEGORIA0;;1;1;0;1;;TUBO TRAVÃO;TUBO TRAVÃO;0;;
161;1606.2;PHA205;1606.2;PHA205;CATEGORIA0;;1;1;0;1;;TUBO TRAVÃO;TUBO TRAVÃO;0;;
161;1606.2;PHA206;1606.2;PHA206;CATEGORIA0;;1;1;0;1;;TUBO TRAVÃO;TUBO TRAVÃO;0;;
161;1606.2;PHA207;1606.2;PHA207;CATEGORIA0;;1;1;0;1;;TUBO TRAVÃO;TUBO TRAVÃO;0;;
161;1606.2;PHA211;1606.2;PHA211;CATEGORIA0;;1;1;0;1;;TUBO TRAVÃO;TUBO TRAVÃO;0;;
161;1606.2;PHA213;1606.2;PHA213;CATEGORIA0;;1;1;0;1;;TUBO TRAVÃO;TUBO TRAVÃO;0;;
161;1606.2;PHA214;1606.2;PHA214;CATEGORIA0;;1;1;0;1;;TUBO TRAVÃO;TUBO TRAVÃO;0;;
161;1606.2;PHA216;1606.2;PHA216;CATEGORIA0;;1;1;0;1;;TUBO TRAVÃO;TUBO TRAVÃO;0;;
161;1606.2;PHA221;1606.2;PHA221;CATEGORIA0;;1;1;0;1;;TUBO TRAVÃO;TUBO TRAVÃO;0;;
161;1606.2;PHA224;1606.2;PHA224;CATEGORIA0;;1;1;0;1;;TUBO TRAVÃO;TUBO TRAVÃO;0;;
161;1606.2;PHA225;1606.2;PHA225;CATEGORIA0;;1;1;0;1;;TUBO TRAVÃO;TUBO TRAVÃO;0;;
161;1606.2;PHA226;1606.2;PHA226;CATEGORIA0;;1;1;0;1;;TUBO TRAVÃO;TUBO TRAVÃO;0;;
161;1606.2;PHA227;1606.2;PHA227;CATEGORIA0;;1;1;0;1;;TUBO TRAVÃO;TUBO TRAVÃO;0;;
161;1606.2;PHA228;1606.2;PHA228;CATEGORIA0;;1;1;0;1;;TUBO TRAVÃO;TUBO TRAVÃO;0;;
161;1606.2;PHA229;1606.2;PHA229;CATEGORIA0;;1;1;0;1;;TUBO TRAVÃO;TUBO TRAVÃO;0;;
161;1606.2;PHA232;1606.2;PHA232;CATEGORIA0;;1;1;0;1;;TUBO TRAVÃO;TUBO TRAVÃO;0;;
161;1606.2;PHA235;1606.2;PHA235;CATEGORIA0;;1;1;0;1;;TUBO TRAVÃO;TUBO TRAVÃO;0;;
161;1606.2;PHA237;1606.2;PHA237;CATEGORIA0;;1;1;0;1;;TUBO TRAVÃO;TUBO TRAVÃO;0;;
161;1606.2;PHA238;1606.2;PHA238;CATEGORIA0;;1;1;0;1;;TUBO TRAVÃO;TUBO TRAVÃO;0;;
161;1606.2;PHA239;1606.2;PHA239;CATEGORIA0;;1;1;0;1;;TUBO TRAVÃO;TUBO TRAVÃO;0;;
161;1606.2;PHA240;1606.2;PHA240;CATEGORIA0;;1;1;0;1;;TUBO TRAVÃO;TUBO TRAVÃO;0;;
161;1606.2;PHA241;1606.2;PHA241;CATEGORIA0;;1;1;0;1;;TUBO TRAVÃO;TUBO TRAVÃO;0;;
161;1606.2;PHA242;1606.2;PHA242;CATEGORIA0;;1;1;0;1;;TUBO TRAVÃO;TUBO TRAVÃO;0;;
161;1606.2;PHA243;1606.2;PHA243;CATEGORIA0;;1;1;0;1;;TUBO TRAVÃO;TUBO TRAVÃO;0;;
161;1606.2;PHA244;1606.2;PHA244;CATEGORIA0;;1;1;0;1;;TUBO TRAVÃO;TUBO TRAVÃO;0;;
161;1606.2;PHA245;1606.2;PHA245;CATEGORIA0;;1;1;0;1;;TUBO TRAVÃO;TUBO TRAVÃO;0;;
161;1606.2;PHA247;1606.2;PHA247;CATEGORIA0;;1;1;0;1;;TUBO TRAVÃO;TUBO TRAVÃO;0;;
161;1606.2;PHA248;1606.2;PHA248;CATEGORIA0;;1;1;0;1;;TUBO TRAVÃO;TUBO TRAVÃO;0;;
161;1606.2;PHA251;1606.2;PHA251;CATEGORIA0;;1;1;0;1;;TUBO TRAVÃO;TUBO TRAVÃO;0;;
161;1606.2;PHA254;1606.2;PHA254;CATEGORIA0;;1;1;0;1;;TUBO TRAVÃO;TUBO TRAVÃO;0;;
161;1606.2;PHA255;1606.2;PHA255;CATEGORIA0;;1;1;0;1;;TUBO TRAVÃO;TUBO TRAVÃO;0;;
161;1606.2;PHA256;1606.2;PHA256;CATEGORIA0;;1;1;0;1;;TUBO TRAVÃO;TUBO TRAVÃO;0;;
161;1606.2;PHA258;1606.2;PHA258;CATEGORIA0;;1;1;0;1;;TUBO TRAVÃO;TUBO TRAVÃO;0;;
161;1606.2;PHA259;1606.2;PHA259;CATEGORIA0;;1;1;0;1;;TUBO TRAVÃO;TUBO TRAVÃO;0;;
161;1606.2;PHA261;1606.2;PHA261;CATEGORIA0;;1;1;0;1;;TUBO TRAVÃO;TUBO TRAVÃO;0;;
161;1606.2;PHA262;1606.2;PHA262;CATEGORIA0;;1;1;0;1;;TUBO TRAVÃO;TUBO TRAVÃO;0;;
161;1606.2;PHA263;1606.2;PHA263;CATEGORIA0;;1;1;0;1;;TUBO TRAVÃO;TUBO TRAVÃO;0;;
161;1606.2;PHA264;1606.2;PHA264;CATEGORIA0;;1;1;0;1;;TUBO TRAVÃO;TUBO TRAVÃO;0;;
161;1606.2;PHA266;1606.2;PHA266;CATEGORIA0;;1;1;0;1;;TUBO TRAVÃO;TUBO TRAVÃO;0;;
161;1606.2;PHA267;1606.2;PHA267;CATEGORIA0;;1;1;0;1;;TUBO TRAVÃO;TUBO TRAVÃO;0;;
161;1606.2;PHA269;1606.2;PHA269;CATEGORIA0;;1;1;0;1;;TUBO TRAVÃO;TUBO TRAVÃO;0;;
161;1606.2;PHA270;1606.2;PHA270;CATEGORIA0;;1;1;0;1;;TUBO TRAVÃO;TUBO TRAVÃO;0;;
161;1606.2;PHA271;1606.2;PHA271;CATEGORIA0;;1;1;0;1;;TUBO TRAVÃO;TUBO TRAVÃO;0;;
161;1606.2;PHA272;1606.2;PHA272;CATEGORIA0;;1;1;0;1;;TUBO TRAVÃO;TUBO TRAVÃO;0;;
161;1606.2;PHA273;1606.2;PHA273;CATEGORIA0;;1;1;0;1;;TUBO TRAVÃO;TUBO TRAVÃO;0;;
161;1606.2;PHA275;1606.2;PHA275;CATEGORIA0;;1;1;0;1;;TUBO TRAVÃO;TUBO TRAVÃO;0;;
161;1606.2;PHA277;1606.2;PHA277;CATEGORIA0;;1;1;0;1;;TUBO TRAVÃO;TUBO TRAVÃO;0;;
161;1606.2;PHA283;1606.2;PHA283;CATEGORIA0;;1;1;0;1;;TUBO TRAVÃO;TUBO TRAVÃO;0;;
161;1606.2;PHA284;1606.2;PHA284;CATEGORIA0;;1;1;0;1;;TUBO TRAVÃO;TUBO TRAVÃO;0;;
161;1606.2;PHA285;1606.2;PHA285;CATEGORIA0;;1;1;0;1;;TUBO TRAVÃO;TUBO TRAVÃO;0;;
161;1606.2;PHA286;1606.2;PHA286;CATEGORIA0;;1;1;0;1;;TUBO TRAVÃO;TUBO TRAVÃO;0;;
161;1606.2;PHA288;1606.2;PHA288;CATEGORIA0;;1;1;0;1;;TUBO TRAVÃO;TUBO TRAVÃO;0;;
161;1606.2;PHA291;1606.2;PHA291;CATEGORIA0;;1;1;0;1;;TUBO TRAVÃO;TUBO TRAVÃO;0;;
161;1606.2;PHA292;1606.2;PHA292;CATEGORIA0;;1;1;0;1;;TUBO TRAVÃO;TUBO TRAVÃO;0;;
161;1606.2;PHA293;1606.2;PHA293;CATEGORIA0;;1;1;0;1;;TUBO TRAVÃO;TUBO TRAVÃO;0;;
161;1606.2;PHA294;1606.2;PHA294;CATEGORIA0;;1;1;0;1;;TUBO TRAVÃO;TUBO TRAVÃO;0;;
161;1606.2;PHA295;1606.2;PHA295;CATEGORIA0;;1;1;0;1;;TUBO TRAVÃO;TUBO TRAVÃO;0;;
161;1606.2;PHA296;1606.2;PHA296;CATEGORIA0;;1;1;0;1;;TUBO TRAVÃO;TUBO TRAVÃO;0;;
161;1606.2;PHA297;1606.2;PHA297;CATEGORIA0;;1;1;0;1;;TUBO TRAVÃO;TUBO TRAVÃO;0;;
161;1606.2;PHA298;1606.2;PHA298;CATEGORIA0;;1;1;0;1;;TUBO TRAVÃO;TUBO TRAVÃO;0;;
161;1606.2;PHA299;1606.2;PHA299;CATEGORIA0;;1;1;0;1;;TUBO TRAVÃO;TUBO TRAVÃO;0;;
161;1606.2;PHA301;1606.2;PHA301;CATEGORIA0;;1;1;0;1;;TUBO TRAVÃO;TUBO TRAVÃO;0;;
161;1606.2;PHA304;1606.2;PHA304;CATEGORIA0;;1;1;0;1;;TUBO TRAVÃO;TUBO TRAVÃO;0;;
161;1606.2;PHA305;1606.2;PHA305;CATEGORIA0;;1;1;0;1;;TUBO TRAVÃO;TUBO TRAVÃO;0;;
161;1606.2;PHA309;1606.2;PHA309;CATEGORIA0;;1;1;0;1;;TUBO TRAVÃO;TUBO TRAVÃO;0;;
161;1606.2;PHA310;1606.2;PHA310;CATEGORIA0;;1;1;0;1;;TUBO TRAVÃO;TUBO TRAVÃO;0;;
161;1606.2;PHA311;1606.2;PHA311;CATEGORIA0;;1;1;0;1;;TUBO TRAVÃO;TUBO TRAVÃO;0;;
161;1606.2;PHA313;1606.2;PHA313;CATEGORIA0;;1;1;0;1;;TUBO TRAVÃO;TUBO TRAVÃO;0;;
161;1606.2;PHA314;1606.2;PHA314;CATEGORIA0;;1;1;0;1;;TUBO TRAVÃO;TUBO TRAVÃO;0;;
161;1606.2;PHA315;1606.2;PHA315;CATEGORIA0;;1;1;0;1;;TUBO TRAVÃO;TUBO TRAVÃO;0;;
161;1606.2;PHA316;1606.2;PHA316;CATEGORIA0;;1;1;0;1;;TUBO TRAVÃO;TUBO TRAVÃO;0;;
161;1606.2;PHA317;1606.2;PHA317;CATEGORIA0;;1;1;0;1;;TUBO TRAVÃO;TUBO TRAVÃO;0;;
161;1606.2;PHA319;1606.2;PHA319;CATEGORIA0;;1;1;0;1;;TUBO TRAVÃO;TUBO TRAVÃO;0;;
161;1606.2;PHA320;1606.2;PHA320;CATEGORIA0;;1;1;0;1;;TUBO TRAVÃO;TUBO TRAVÃO;0;;
161;1606.2;PHA321;1606.2;PHA321;CATEGORIA0;;1;1;0;1;;TUBO TRAVÃO;TUBO TRAVÃO;0;;
161;1606.2;PHA322;1606.2;PHA322;CATEGORIA0;;1;1;0;1;;TUBO TRAVÃO;TUBO TRAVÃO;0;;
161;1606.2;PHA324;1606.2;PHA324;CATEGORIA0;;1;1;0;1;;TUBO TRAVÃO;TUBO TRAVÃO;0;;
161;1606.2;PHA325;1606.2;PHA325;CATEGORIA0;;1;1;0;1;;TUBO TRAVÃO;TUBO TRAVÃO;0;;
161;1606.2;PHA326;1606.2;PHA326;CATEGORIA0;;1;1;0;1;;TUBO TRAVÃO;TUBO TRAVÃO;0;;
161;1606.2;PHA327;1606.2;PHA327;CATEGORIA0;;1;1;0;1;;TUBO TRAVÃO;TUBO TRAVÃO;0;;
161;1606.2;PHA328;1606.2;PHA328;CATEGORIA0;;1;1;0;1;;TUBO TRAVÃO;TUBO TRAVÃO;0;;
161;1606.2;PHA329;1606.2;PHA329;CATEGORIA0;;1;1;0;1;;TUBO TRAVÃO;TUBO TRAVÃO;0;;
161;1606.2;PHA337;1606.2;PHA337;CATEGORIA0;;1;1;0;1;;TUBO TRAVÃO;TUBO TRAVÃO;0;;
161;1606.2;PHA339;1606.2;PHA339;CATEGORIA0;;1;1;0;1;;TUBO TRAVÃO;TUBO TRAVÃO;0;;
161;1606.2;PHA340;1606.2;PHA340;CATEGORIA0;;1;1;0;1;;TUBO TRAVÃO;TUBO TRAVÃO;0;;
161;1606.2;PHA341;1606.2;PHA341;CATEGORIA0;;1;1;0;1;;TUBO TRAVÃO;TUBO TRAVÃO;0;;
161;1606.2;PHA342;1606.2;PHA342;CATEGORIA0;;1;1;0;1;;TUBO TRAVÃO;TUBO TRAVÃO;0;;
161;1606.2;PHA343;1606.2;PHA343;CATEGORIA0;;1;1;0;1;;TUBO TRAVÃO;TUBO TRAVÃO;0;;
161;1606.2;PHA344;1606.2;PHA344;CATEGORIA0;;1;1;0;1;;TUBO TRAVÃO;TUBO TRAVÃO;0;;
161;1606.2;PHA345;1606.2;PHA345;CATEGORIA0;;1;1;0;1;;TUBO TRAVÃO;TUBO TRAVÃO;0;;
161;1606.2;PHA346;1606.2;PHA346;CATEGORIA0;;1;1;0;1;;TUBO TRAVÃO;TUBO TRAVÃO;0;;
161;1606.2;PHA347;1606.2;PHA347;CATEGORIA0;;1;1;0;1;;TUBO TRAVÃO;TUBO TRAVÃO;0;;
161;1606.2;PHA348;1606.2;PHA348;CATEGORIA0;;1;1;0;1;;TUBO TRAVÃO;TUBO TRAVÃO;0;;
161;1606.2;PHA349;1606.2;PHA349;CATEGORIA0;;1;1;0;1;;TUBO TRAVÃO;TUBO TRAVÃO;0;;
161;1606.2;PHA350;1606.2;PHA350;CATEGORIA0;;1;1;0;1;;TUBO TRAVÃO;TUBO TRAVÃO;0;;
161;1606.2;PHA351;1606.2;PHA351;CATEGORIA0;;1;1;0;1;;TUBO TRAVÃO;TUBO TRAVÃO;0;;
161;1606.2;PHA353;1606.2;PHA353;CATEGORIA0;;1;1;0;1;;TUBO TRAVÃO;TUBO TRAVÃO;0;;
161;1606.2;PHA354;1606.2;PHA354;CATEGORIA0;;1;1;0;1;;TUBO TRAVÃO;TUBO TRAVÃO;0;;
161;1606.2;PHA355;1606.2;PHA355;CATEGORIA0;;1;1;0;1;;TUBO TRAVÃO;TUBO TRAVÃO;0;;
161;1606.2;PHA356;1606.2;PHA356;CATEGORIA0;;1;1;0;1;;TUBO TRAVÃO;TUBO TRAVÃO;0;;
161;1606.2;PHA357;1606.2;PHA357;CATEGORIA0;;1;1;0;1;;TUBO TRAVÃO;TUBO TRAVÃO;0;;
161;1606.2;PHA358;1606.2;PHA358;CATEGORIA0;;1;1;0;1;;TUBO TRAVÃO;TUBO TRAVÃO;0;;
161;1606.2;PHA359;1606.2;PHA359;CATEGORIA0;;1;1;0;1;;TUBO TRAVÃO;TUBO TRAVÃO;0;;
161;1606.2;PHA360;1606.2;PHA360;CATEGORIA0;;1;1;0;1;;TUBO TRAVÃO;TUBO TRAVÃO;0;;
161;1606.2;PHA362;1606.2;PHA362;CATEGORIA0;;1;1;0;1;;TUBO TRAVÃO;TUBO TRAVÃO;0;;
161;1606.2;PHA363;1606.2;PHA363;CATEGORIA0;;1;1;0;1;;TUBO TRAVÃO;TUBO TRAVÃO;0;;
161;1606.2;PHA364;1606.2;PHA364;CATEGORIA0;;1;1;0;1;;TUBO TRAVÃO;TUBO TRAVÃO;0;;
161;1606.2;PHA365;1606.2;PHA365;CATEGORIA0;;1;1;0;1;;TUBO TRAVÃO;TUBO TRAVÃO;0;;
161;1606.2;PHA366;1606.2;PHA366;CATEGORIA0;;1;1;0;1;;TUBO TRAVÃO;TUBO TRAVÃO;0;;
161;1606.2;PHA367;1606.2;PHA367;CATEGORIA0;;1;1;0;1;;TUBO TRAVÃO;TUBO TRAVÃO;0;;
161;1606.2;PHA368;1606.2;PHA368;CATEGORIA0;;1;1;0;1;;TUBO TRAVÃO;TUBO TRAVÃO;0;;
161;1606.2;PHA370;1606.2;PHA370;CATEGORIA0;;1;1;0;1;;TUBO TRAVÃO;TUBO TRAVÃO;0;;
161;1606.2;PHA371;1606.2;PHA371;CATEGORIA0;;1;1;0;1;;TUBO TRAVÃO;TUBO TRAVÃO;0;;
161;1606.2;PHA375;1606.2;PHA375;CATEGORIA0;;1;1;0;1;;TUBO TRAVÃO;TUBO TRAVÃO;0;;
161;1606.2;PHA376;1606.2;PHA376;CATEGORIA0;;1;1;0;1;;TUBO TRAVÃO;TUBO TRAVÃO;0;;
161;1606.2;PHA377;1606.2;PHA377;CATEGORIA0;;1;1;0;1;;TUBO TRAVÃO;TUBO TRAVÃO;0;;
161;1606.2;PHA379;1606.2;PHA379;CATEGORIA0;;1;1;0;1;;TUBO TRAVÃO;TUBO TRAVÃO;0;;
161;1606.2;PHA380;1606.2;PHA380;CATEGORIA0;;1;1;0;1;;TUBO TRAVÃO;TUBO TRAVÃO;0;;
161;1606.2;PHA381;1606.2;PHA381;CATEGORIA0;;1;1;0;1;;TUBO TRAVÃO;TUBO TRAVÃO;0;;
161;1606.2;PHA384;1606.2;PHA384;CATEGORIA0;;1;1;0;1;;TUBO TRAVÃO;TUBO TRAVÃO;0;;
161;1606.2;PHA385;1606.2;PHA385;CATEGORIA0;;1;1;0;1;;TUBO TRAVÃO;TUBO TRAVÃO;0;;
161;1606.2;PHA387;1606.2;PHA387;CATEGORIA0;;1;1;0;1;;TUBO TRAVÃO;TUBO TRAVÃO;0;;
161;1606.2;PHA388;1606.2;PHA388;CATEGORIA0;;1;1;0;1;;TUBO TRAVÃO;TUBO TRAVÃO;0;;
161;1606.2;PHA389;1606.2;PHA389;CATEGORIA0;;1;1;0;1;;TUBO TRAVÃO;TUBO TRAVÃO;0;;
161;1606.2;PHA390;1606.2;PHA390;CATEGORIA0;;1;1;0;1;;TUBO TRAVÃO;TUBO TRAVÃO;0;;
161;1606.2;PHA391;1606.2;PHA391;CATEGORIA0;;1;1;0;1;;TUBO TRAVÃO;TUBO TRAVÃO;0;;
161;1606.2;PHA392;1606.2;PHA392;CATEGORIA0;;1;1;0;1;;TUBO TRAVÃO;TUBO TRAVÃO;0;;
161;1606.2;PHA393;1606.2;PHA393;CATEGORIA0;;1;1;0;1;;TUBO TRAVÃO;TUBO TRAVÃO;0;;
161;1606.2;PHA395;1606.2;PHA395;CATEGORIA0;;1;1;0;1;;TUBO TRAVÃO;TUBO TRAVÃO;0;;
161;1606.2;PHA396;1606.2;PHA396;CATEGORIA0;;1;1;0;1;;TUBO TRAVÃO;TUBO TRAVÃO;0;;
161;1606.2;PHA397;1606.2;PHA397;CATEGORIA0;;1;1;0;1;;TUBO TRAVÃO;TUBO TRAVÃO;0;;
161;1606.2;PHA398;1606.2;PHA398;CATEGORIA0;;1;1;0;1;;TUBO TRAVÃO;TUBO TRAVÃO;0;;
161;1606.2;PHA400;1606.2;PHA400;CATEGORIA0;;1;1;0;1;;TUBO TRAVÃO;TUBO TRAVÃO;0;;
161;1606.2;PHA401;1606.2;PHA401;CATEGORIA0;;1;1;0;1;;TUBO TRAVÃO;TUBO TRAVÃO;0;;
161;1606.2;PHA402;1606.2;PHA402;CATEGORIA0;;1;1;0;1;;TUBO TRAVÃO;TUBO TRAVÃO;0;;
161;1606.2;PHA403;1606.2;PHA403;CATEGORIA0;;1;1;0;1;;TUBO TRAVÃO;TUBO TRAVÃO;0;;
161;1606.2;PHA404;1606.2;PHA404;CATEGORIA0;;1;1;0;1;;TUBO TRAVÃO;TUBO TRAVÃO;0;;
161;1606.2;PHA406;1606.2;PHA406;CATEGORIA0;;1;1;0;1;;TUBO TRAVÃO;TUBO TRAVÃO;0;;
161;1606.2;PHA407;1606.2;PHA407;CATEGORIA0;;1;1;0;1;;TUBO TRAVÃO;TUBO TRAVÃO;0;;
161;1606.2;PHA408;1606.2;PHA408;CATEGORIA0;;1;1;0;1;;TUBO TRAVÃO;TUBO TRAVÃO;0;;
161;1606.2;PHA409;1606.2;PHA409;CATEGORIA0;;1;1;0;1;;TUBO TRAVÃO;TUBO TRAVÃO;0;;
161;1606.2;PHA410;1606.2;PHA410;CATEGORIA0;;1;1;0;1;;TUBO TRAVÃO;TUBO TRAVÃO;0;;
161;1606.2;PHA411;1606.2;PHA411;CATEGORIA0;;1;1;0;1;;TUBO TRAVÃO;TUBO TRAVÃO;0;;
161;1606.2;PHA414;1606.2;PHA414;CATEGORIA0;;1;1;0;1;;TUBO TRAVÃO;TUBO TRAVÃO;0;;
161;1606.2;PHA415;1606.2;PHA415;CATEGORIA0;;1;1;0;1;;TUBO TRAVÃO;TUBO TRAVÃO;0;;
161;1606.2;PHA416;1606.2;PHA416;CATEGORIA0;;1;1;0;1;;TUBO TRAVÃO;TUBO TRAVÃO;0;;
161;1606.2;PHA418;1606.2;PHA418;CATEGORIA0;;1;1;0;1;;TUBO TRAVÃO;TUBO TRAVÃO;0;;
161;1606.2;PHA419;1606.2;PHA419;CATEGORIA0;;1;1;0;1;;TUBO TRAVÃO;TUBO TRAVÃO;0;;
161;1606.2;PHA420;1606.2;PHA420;CATEGORIA0;;1;1;0;1;;TUBO TRAVÃO;TUBO TRAVÃO;0;;
161;1606.2;PHA421;1606.2;PHA421;CATEGORIA0;;1;1;0;1;;TUBO TRAVÃO;TUBO TRAVÃO;0;;
161;1606.2;PHA422;1606.2;PHA422;CATEGORIA0;;1;1;0;1;;TUBO TRAVÃO;TUBO TRAVÃO;0;;
161;1606.2;PHA423;1606.2;PHA423;CATEGORIA0;;1;1;0;1;;TUBO TRAVÃO;TUBO TRAVÃO;0;;
161;1606.2;PHA424;1606.2;PHA424;CATEGORIA0;;1;1;0;1;;TUBO TRAVÃO;TUBO TRAVÃO;0;;
161;1606.2;PHA425;1606.2;PHA425;CATEGORIA0;;1;1;0;1;;TUBO TRAVÃO;TUBO TRAVÃO;0;;
161;1606.2;PHA426;1606.2;PHA426;CATEGORIA0;;1;1;0;1;;TUBO TRAVÃO;TUBO TRAVÃO;0;;
161;1606.2;PHA427;1606.2;PHA427;CATEGORIA0;;1;1;0;1;;TUBO TRAVÃO;TUBO TRAVÃO;0;;
161;1606.2;PHA428;1606.2;PHA428;CATEGORIA0;;1;1;0;1;;TUBO TRAVÃO;TUBO TRAVÃO;0;;
161;1606.2;PHA429;1606.2;PHA429;CATEGORIA0;;1;1;0;1;;TUBO TRAVÃO;TUBO TRAVÃO;0;;
161;1606.2;PHA430;1606.2;PHA430;CATEGORIA0;;1;1;0;1;;TUBO TRAVÃO;TUBO TRAVÃO;0;;
161;1606.2;PHA431;1606.2;PHA431;CATEGORIA0;;1;1;0;1;;TUBO TRAVÃO;TUBO TRAVÃO;0;;
161;1606.2;PHA432;1606.2;PHA432;CATEGORIA0;;1;1;0;1;;TUBO TRAVÃO;TUBO TRAVÃO;0;;
161;1606.2;PHA433;1606.2;PHA433;CATEGORIA0;;1;1;0;1;;TUBO TRAVÃO;TUBO TRAVÃO;0;;
161;1606.2;PHA434;1606.2;PHA434;CATEGORIA0;;1;1;0;1;;TUBO TRAVÃO;TUBO TRAVÃO;0;;
161;1606.2;PHA435;1606.2;PHA435;CATEGORIA0;;1;1;0;1;;TUBO TRAVÃO;TUBO TRAVÃO;0;;
161;1606.2;PHA436;1606.2;PHA436;CATEGORIA0;;1;1;0;1;;TUBO TRAVÃO;TUBO TRAVÃO;0;;
161;1606.2;PHA437;1606.2;PHA437;CATEGORIA0;;1;1;0;1;;TUBO TRAVÃO;TUBO TRAVÃO;0;;
161;1606.2;PHA438;1606.2;PHA438;CATEGORIA0;;1;1;0;1;;TUBO TRAVÃO;TUBO TRAVÃO;0;;
161;1606.2;PHA439;1606.2;PHA439;CATEGORIA0;;1;1;0;1;;TUBO TRAVÃO;TUBO TRAVÃO;0;;
161;1606.2;PHA440;1606.2;PHA440;CATEGORIA0;;1;1;0;1;;TUBO TRAVÃO;TUBO TRAVÃO;0;;
161;1606.2;PHA441;1606.2;PHA441;CATEGORIA0;;1;1;0;1;;TUBO TRAVÃO;TUBO TRAVÃO;0;;
161;1606.2;PHA442;1606.2;PHA442;CATEGORIA0;;1;1;0;1;;TUBO TRAVÃO;TUBO TRAVÃO;0;;
161;1606.2;PHA447;1606.2;PHA447;CATEGORIA0;;1;1;0;1;;TUBO TRAVÃO;TUBO TRAVÃO;0;;
161;1606.2;PHA448;1606.2;PHA448;CATEGORIA0;;1;1;0;1;;TUBO TRAVÃO;TUBO TRAVÃO;0;;
161;1606.2;PHA449;1606.2;PHA449;CATEGORIA0;;1;1;0;1;;TUBO TRAVÃO;TUBO TRAVÃO;0;;
161;1606.2;PHA455;1606.2;PHA455;CATEGORIA0;;1;1;0;1;;TUBO TRAVÃO;TUBO TRAVÃO;0;;
161;1606.2;PHA458;1606.2;PHA458;CATEGORIA0;;1;1;0;1;;TUBO TRAVÃO;TUBO TRAVÃO;0;;
161;1606.2;PHA459;1606.2;PHA459;CATEGORIA0;;1;1;0;1;;TUBO TRAVÃO;TUBO TRAVÃO;0;;
161;1606.2;PHA481;1606.2;PHA481;CATEGORIA0;;1;1;0;1;;TUBO TRAVÃO;TUBO TRAVÃO;0;;
161;1606.2;PHA482;1606.2;PHA482;CATEGORIA0;;1;1;0;1;;TUBO TRAVÃO;TUBO TRAVÃO;0;;
161;1606.2;PHA483;1606.2;PHA483;CATEGORIA0;;1;1;0;1;;TUBO TRAVÃO;TUBO TRAVÃO;0;;
161;1606.2;PHA486;1606.2;PHA486;CATEGORIA0;;1;1;0;1;;TUBO TRAVÃO;TUBO TRAVÃO;0;;
161;1606.2;PHA487;1606.2;PHA487;CATEGORIA0;;1;1;0;1;;TUBO TRAVÃO;TUBO TRAVÃO;0;;
161;1606.2;PHA488;1606.2;PHA488;CATEGORIA0;;1;1;0;1;;TUBO TRAVÃO;TUBO TRAVÃO;0;;
161;1606.2;PHA489;1606.2;PHA489;CATEGORIA0;;1;1;0;1;;TUBO TRAVÃO;TUBO TRAVÃO;0;;
161;1606.2;PHA490;1606.2;PHA490;CATEGORIA0;;1;1;0;1;;TUBO TRAVÃO;TUBO TRAVÃO;0;;
161;1606.2;PHA491;1606.2;PHA491;CATEGORIA0;;1;1;0;1;;TUBO TRAVÃO;TUBO TRAVÃO;0;;
161;1606.2;PHA492;1606.2;PHA492;CATEGORIA0;;1;1;0;1;;TUBO TRAVÃO;TUBO TRAVÃO;0;;
161;1606.2;PHA493;1606.2;PHA493;CATEGORIA0;;1;1;0;1;;TUBO TRAVÃO;TUBO TRAVÃO;0;;
161;1606.2;PHA494;1606.2;PHA494;CATEGORIA0;;1;1;0;1;;TUBO TRAVÃO;TUBO TRAVÃO;0;;
161;1606.2;PHA495;1606.2;PHA495;CATEGORIA0;;1;1;0;1;;TUBO TRAVÃO;TUBO TRAVÃO;0;;
161;1606.2;PHA496;1606.2;PHA496;CATEGORIA0;;1;1;0;1;;TUBO TRAVÃO;TUBO TRAVÃO;0;;
161;1606.2;PHA497;1606.2;PHA497;CATEGORIA0;;1;1;0;1;;TUBO TRAVÃO;TUBO TRAVÃO;0;;
161;1606.2;PHA498;1606.2;PHA498;CATEGORIA0;;1;1;0;1;;TUBO TRAVÃO;TUBO TRAVÃO;0;;
161;1606.2;PHA499;1606.2;PHA499;CATEGORIA0;;1;1;0;1;;TUBO TRAVÃO;TUBO TRAVÃO;0;;
161;1606.2;PHA500;1606.2;PHA500;CATEGORIA0;;1;1;0;1;;TUBO TRAVÃO;TUBO TRAVÃO;0;;
161;1606.2;PHA501;1606.2;PHA501;CATEGORIA0;;1;1;0;1;;TUBO TRAVÃO;TUBO TRAVÃO;0;;
161;1606.2;PHA503;1606.2;PHA503;CATEGORIA0;;1;1;0;1;;TUBO TRAVÃO;TUBO TRAVÃO;0;;
161;1606.2;PHA504;1606.2;PHA504;CATEGORIA0;;1;1;0;1;;TUBO TRAVÃO;TUBO TRAVÃO;0;;
161;1606.2;PHA505;1606.2;PHA505;CATEGORIA0;;1;1;0;1;;TUBO TRAVÃO;TUBO TRAVÃO;0;;
161;1606.2;PHA506;1606.2;PHA506;CATEGORIA0;;1;1;0;1;;TUBO TRAVÃO;TUBO TRAVÃO;0;;
161;1606.2;PHA507;1606.2;PHA507;CATEGORIA0;;1;1;0;1;;TUBO TRAVÃO;TUBO TRAVÃO;0;;
161;1606.2;PHA508;1606.2;PHA508;CATEGORIA0;;1;1;0;1;;TUBO TRAVÃO;TUBO TRAVÃO;0;;
161;1606.2;PHA510;1606.2;PHA510;CATEGORIA0;;1;1;0;1;;TUBO TRAVÃO;TUBO TRAVÃO;0;;
161;1606.2;PHA511;1606.2;PHA511;CATEGORIA0;;1;1;0;1;;TUBO TRAVÃO;TUBO TRAVÃO;0;;
161;1606.2;PHA512;1606.2;PHA512;CATEGORIA0;;1;1;0;1;;TUBO TRAVÃO;TUBO TRAVÃO;0;;
161;1606.2;PHA513;1606.2;PHA513;CATEGORIA0;;1;1;0;1;;TUBO TRAVÃO;TUBO TRAVÃO;0;;
161;1606.2;PHA514;1606.2;PHA514;CATEGORIA0;;1;1;0;1;;TUBO TRAVÃO;TUBO TRAVÃO;0;;
161;1606.2;PHA515;1606.2;PHA515;CATEGORIA0;;1;1;0;1;;TUBO TRAVÃO;TUBO TRAVÃO;0;;
161;1606.2;PHA516;1606.2;PHA516;CATEGORIA0;;1;1;0;1;;TUBO TRAVÃO;TUBO TRAVÃO;0;;
161;1606.2;PHA517;1606.2;PHA517;CATEGORIA0;;1;1;0;1;;TUBO TRAVÃO;TUBO TRAVÃO;0;;
161;1606.2;PHA518;1606.2;PHA518;CATEGORIA0;;1;1;0;1;;TUBO TRAVÃO;TUBO TRAVÃO;0;;
161;1606.2;PHA519;1606.2;PHA519;CATEGORIA0;;1;1;0;1;;TUBO TRAVÃO;TUBO TRAVÃO;0;;
161;1606.2;PHA520;1606.2;PHA520;CATEGORIA0;;1;1;0;1;;TUBO TRAVÃO;TUBO TRAVÃO;0;;
161;1606.2;PHA521;1606.2;PHA521;CATEGORIA0;;1;1;0;1;;TUBO TRAVÃO;TUBO TRAVÃO;0;;
161;1606.2;PHA522;1606.2;PHA522;CATEGORIA0;;1;1;0;1;;TUBO TRAVÃO;TUBO TRAVÃO;0;;
161;1606.2;PHA523;1606.2;PHA523;CATEGORIA0;;1;1;0;1;;TUBO TRAVÃO;TUBO TRAVÃO;0;;
161;1606.2;PHA524;1606.2;PHA524;CATEGORIA0;;1;1;0;1;;TUBO TRAVÃO;TUBO TRAVÃO;0;;
161;1606.2;PHA525;1606.2;PHA525;CATEGORIA0;;1;1;0;1;;TUBO TRAVÃO;TUBO TRAVÃO;0;;
161;1606.2;PHA526;1606.2;PHA526;CATEGORIA0;;1;1;0;1;;TUBO TRAVÃO;TUBO TRAVÃO;0;;
161;1606.2;PHA527;1606.2;PHA527;CATEGORIA0;;1;1;0;1;;TUBO TRAVÃO;TUBO TRAVÃO;0;;
161;1606.2;PHA528;1606.2;PHA528;CATEGORIA0;;1;1;0;1;;TUBO TRAVÃO;TUBO TRAVÃO;0;;
161;1606.2;PHA529;1606.2;PHA529;CATEGORIA0;;1;1;0;1;;TUBO TRAVÃO;TUBO TRAVÃO;0;;
161;1606.2;PHA530;1606.2;PHA530;CATEGORIA0;;1;1;0;1;;TUBO TRAVÃO;TUBO TRAVÃO;0;;
161;1606.2;PHA531;1606.2;PHA531;CATEGORIA0;;1;1;0;1;;TUBO TRAVÃO;TUBO TRAVÃO;0;;
161;1606.2;PHA532;1606.2;PHA532;CATEGORIA0;;1;1;0;1;;TUBO TRAVÃO;TUBO TRAVÃO;0;;
161;1606.2;PHA533;1606.2;PHA533;CATEGORIA0;;1;1;0;1;;TUBO TRAVÃO;TUBO TRAVÃO;0;;
161;1606.2;PHA534;1606.2;PHA534;CATEGORIA0;;1;1;0;1;;TUBO TRAVÃO;TUBO TRAVÃO;0;;
161;1606.2;PHA535;1606.2;PHA535;CATEGORIA0;;1;1;0;1;;TUBO TRAVÃO;TUBO TRAVÃO;0;;
161;1606.2;PHA536;1606.2;PHA536;CATEGORIA0;;1;1;0;1;;TUBO TRAVÃO;TUBO TRAVÃO;0;;
161;1606.2;PHA537;1606.2;PHA537;CATEGORIA0;;1;1;0;1;;TUBO TRAVÃO;TUBO TRAVÃO;0;;
161;1606.2;PHA538;1606.2;PHA538;CATEGORIA0;;1;1;0;1;;TUBO TRAVÃO;TUBO TRAVÃO;0;;
161;1606.2;PHA539;1606.2;PHA539;CATEGORIA0;;1;1;0;1;;TUBO TRAVÃO;TUBO TRAVÃO;0;;
161;1606.2;PHA540;1606.2;PHA540;CATEGORIA0;;1;1;0;1;;TUBO TRAVÃO;TUBO TRAVÃO;0;;
161;1606.2;PHA541;1606.2;PHA541;CATEGORIA0;;1;1;0;1;;TUBO TRAVÃO;TUBO TRAVÃO;0;;
161;1606.2;PHA543;1606.2;PHA543;CATEGORIA0;;1;1;0;1;;TUBO TRAVÃO;TUBO TRAVÃO;0;;
161;1606.2;PHA544;1606.2;PHA544;CATEGORIA0;;1;1;0;1;;TUBO TRAVÃO;TUBO TRAVÃO;0;;
161;1606.2;PHA545;1606.2;PHA545;CATEGORIA0;;1;1;0;1;;TUBO TRAVÃO;TUBO TRAVÃO;0;;
161;1606.2;PHA546;1606.2;PHA546;CATEGORIA0;;1;1;0;1;;TUBO TRAVÃO;TUBO TRAVÃO;0;;
161;1606.2;PHA547;1606.2;PHA547;CATEGORIA0;;1;1;0;1;;TUBO TRAVÃO;TUBO TRAVÃO;0;;
161;1606.2;PHA548;1606.2;PHA548;CATEGORIA0;;1;1;0;1;;TUBO TRAVÃO;TUBO TRAVÃO;0;;
161;1606.2;PHA549;1606.2;PHA549;CATEGORIA0;;1;1;0;1;;TUBO TRAVÃO;TUBO TRAVÃO;0;;
161;1606.2;PHA552;1606.2;PHA552;CATEGORIA0;;1;1;0;1;;TUBO TRAVÃO;TUBO TRAVÃO;0;;
161;1606.2;PHA553;1606.2;PHA553;CATEGORIA0;;1;1;0;1;;TUBO TRAVÃO;TUBO TRAVÃO;0;;
161;1606.2;PHA554;1606.2;PHA554;CATEGORIA0;;1;1;0;1;;TUBO TRAVÃO;TUBO TRAVÃO;0;;
161;1606.2;PHA555;1606.2;PHA555;CATEGORIA0;;1;1;0;1;;TUBO TRAVÃO;TUBO TRAVÃO;0;;
161;1606.2;PHA556;1606.2;PHA556;CATEGORIA0;;1;1;0;1;;TUBO TRAVÃO;TUBO TRAVÃO;0;;
161;1606.2;PHA557;1606.2;PHA557;CATEGORIA0;;1;1;0;1;;TUBO TRAVÃO;TUBO TRAVÃO;0;;
161;1606.2;PHA558;1606.2;PHA558;CATEGORIA0;;1;1;0;1;;TUBO TRAVÃO;TUBO TRAVÃO;0;;
161;1606.2;PHA559;1606.2;PHA559;CATEGORIA0;;1;1;0;1;;TUBO TRAVÃO;TUBO TRAVÃO;0;;
161;1606.2;PHA560;1606.2;PHA560;CATEGORIA0;;1;1;0;1;;TUBO TRAVÃO;TUBO TRAVÃO;0;;
161;1606.2;PHA564;1606.2;PHA564;CATEGORIA0;;1;1;0;1;;TUBO TRAVÃO;TUBO TRAVÃO;0;;
161;1606.2;PHA565;1606.2;PHA565;CATEGORIA0;;1;1;0;1;;TUBO TRAVÃO;TUBO TRAVÃO;0;;
161;1606.2;PHA566;1606.2;PHA566;CATEGORIA0;;1;1;0;1;;TUBO TRAVÃO;TUBO TRAVÃO;0;;
161;1606.2;PHA568;1606.2;PHA568;CATEGORIA0;;1;1;0;1;;TUBO TRAVÃO;TUBO TRAVÃO;0;;
161;1606.2;PHA570;1606.2;PHA570;CATEGORIA0;;1;1;0;1;;TUBO TRAVÃO;TUBO TRAVÃO;0;;
161;1606.2;PHA572;1606.2;PHA572;CATEGORIA0;;1;1;0;1;;TUBO TRAVÃO;TUBO TRAVÃO;0;;
161;1606.2;PHA573;1606.2;PHA573;CATEGORIA0;;1;1;0;1;;TUBO TRAVÃO;TUBO TRAVÃO;0;;
161;1606.2;PHA575;1606.2;PHA575;CATEGORIA0;;1;1;0;1;;TUBO TRAVÃO;TUBO TRAVÃO;0;;
161;1606.2;PHA576;1606.2;PHA576;CATEGORIA0;;1;1;0;1;;TUBO TRAVÃO;TUBO TRAVÃO;0;;
161;1606.2;PHA577;1606.2;PHA577;CATEGORIA0;;1;1;0;1;;TUBO TRAVÃO;TUBO TRAVÃO;0;;
161;1606.2;PHA578;1606.2;PHA578;CATEGORIA0;;1;1;0;1;;TUBO TRAVÃO;TUBO TRAVÃO;0;;
161;1606.2;PHA581;1606.2;PHA581;CATEGORIA0;;1;1;0;1;;TUBO TRAVÃO;TUBO TRAVÃO;0;;
161;1606.2;PHA583;1606.2;PHA583;CATEGORIA0;;1;1;0;1;;TUBO TRAVÃO;TUBO TRAVÃO;0;;
161;1606.2;PHA590;1606.2;PHA590;CATEGORIA0;;1;1;0;1;;TUBO TRAVÃO;TUBO TRAVÃO;0;;
161;1606.2;PHA594;1606.2;PHA594;CATEGORIA0;;1;1;0;1;;TUBO TRAVÃO;TUBO TRAVÃO;0;;
161;1606.2;PHA595;1606.2;PHA595;CATEGORIA0;;1;1;0;1;;TUBO TRAVÃO;TUBO TRAVÃO;0;;
161;1606.2;PHA596;1606.2;PHA596;CATEGORIA0;;1;1;0;1;;TUBO TRAVÃO;TUBO TRAVÃO;0;;
161;1606.2;PHA597;1606.2;PHA597;CATEGORIA0;;1;1;0;1;;TUBO TRAVÃO;TUBO TRAVÃO;0;;
161;1606.2;PHA599;1606.2;PHA599;CATEGORIA0;;1;1;0;1;;TUBO TRAVÃO;TUBO TRAVÃO;0;;
161;1606.2;PHA600;1606.2;PHA600;CATEGORIA0;;1;1;0;1;;TUBO TRAVÃO;TUBO TRAVÃO;0;;
161;1606.2;PHA603;1606.2;PHA603;CATEGORIA0;;1;1;0;1;;TUBO TRAVÃO;TUBO TRAVÃO;0;;
161;1606.2;PHA604;1606.2;PHA604;CATEGORIA0;;1;1;0;1;;TUBO TRAVÃO;TUBO TRAVÃO;0;;
161;1606.2;PHA605;1606.2;PHA605;CATEGORIA0;;1;1;0;1;;TUBO TRAVÃO;TUBO TRAVÃO;0;;
161;1606.2;PHA606;1606.2;PHA606;CATEGORIA0;;1;1;0;1;;TUBO TRAVÃO;TUBO TRAVÃO;0;;
161;1606.2;PHA607;1606.2;PHA607;CATEGORIA0;;1;1;0;1;;TUBO TRAVÃO;TUBO TRAVÃO;0;;
161;1606.2;PHA609;1606.2;PHA609;CATEGORIA0;;1;1;0;1;;TUBO TRAVÃO;TUBO TRAVÃO;0;;
161;1606.2;PHA610;1606.2;PHA610;CATEGORIA0;;1;1;0;1;;TUBO TRAVÃO;TUBO TRAVÃO;0;;
161;1606.2;PHA611;1606.2;PHA611;CATEGORIA0;;1;1;0;1;;TUBO TRAVÃO;TUBO TRAVÃO;0;;
161;1606.2;PHA612;1606.2;PHA612;CATEGORIA0;;1;1;0;1;;TUBO TRAVÃO;TUBO TRAVÃO;0;;
161;1606.2;PHA613;1606.2;PHA613;CATEGORIA0;;1;1;0;1;;TUBO TRAVÃO;TUBO TRAVÃO;0;;
161;1606.2;PHA614;1606.2;PHA614;CATEGORIA0;;1;1;0;1;;TUBO TRAVÃO;TUBO TRAVÃO;0;;
161;1606.2;PHA615;1606.2;PHA615;CATEGORIA0;;1;1;0;1;;TUBO TRAVÃO;TUBO TRAVÃO;0;;
161;1606.2;PHA617;1606.2;PHA617;CATEGORIA0;;1;1;0;1;;TUBO TRAVÃO;TUBO TRAVÃO;0;;
161;1606.2;PHA619;1606.2;PHA619;CATEGORIA0;;1;1;0;1;;TUBO TRAVÃO;TUBO TRAVÃO;0;;
161;1606.2;PHA620;1606.2;PHA620;CATEGORIA0;;1;1;0;1;;TUBO TRAVÃO;TUBO TRAVÃO;0;;
161;1606.2;PHA623;1606.2;PHA623;CATEGORIA0;;1;1;0;1;;TUBO TRAVÃO;TUBO TRAVÃO;0;;
161;1606.2;PHA624;1606.2;PHA624;CATEGORIA0;;1;1;0;1;;TUBO TRAVÃO;TUBO TRAVÃO;0;;
161;1606.2;PHA626;1606.2;PHA626;CATEGORIA0;;1;1;0;1;;TUBO TRAVÃO;TUBO TRAVÃO;0;;
161;1606.2;PHA627;1606.2;PHA627;CATEGORIA0;;1;1;0;1;;TUBO TRAVÃO;TUBO TRAVÃO;0;;
161;1606.2;PHA631;1606.2;PHA631;CATEGORIA0;;1;1;0;1;;TUBO TRAVÃO;TUBO TRAVÃO;0;;
161;1606.2;PHA632;1606.2;PHA632;CATEGORIA0;;1;1;0;1;;TUBO TRAVÃO;TUBO TRAVÃO;0;;
161;1606.2;PHA703;1606.2;PHA703;CATEGORIA0;;1;1;0;1;;TUBO TRAVÃO;TUBO TRAVÃO;0;;
161;1606.2;PHA730;1606.2;PHA730;CATEGORIA0;;1;1;0;1;;TUBO TRAVÃO;TUBO TRAVÃO;0;;
161;1606.2;PHA764;1606.2;PHA764;CATEGORIA0;;1;1;0;1;;TUBO TRAVÃO;TUBO TRAVÃO;0;;
161;1606.2;PHA772;1606.2;PHA772;CATEGORIA0;;1;1;0;1;;TUBO TRAVÃO;TUBO TRAVÃO;0;;
161;1606.2;PHA774;1606.2;PHA774;CATEGORIA0;;1;1;0;1;;TUBO TRAVÃO;TUBO TRAVÃO;0;;
161;1606.2;PHB101;1606.2;PHB101;CATEGORIA0;;1;1;0;1;;TUBO TRAVÃO;TUBO TRAVÃO;0;;
161;1606.2;PHB103;1606.2;PHB103;CATEGORIA0;;1;1;0;1;;TUBO TRAVÃO;TUBO TRAVÃO;0;;
161;1606.2;PHB104;1606.2;PHB104;CATEGORIA0;;1;1;0;1;;TUBO TRAVÃO;TUBO TRAVÃO;0;;
161;1606.2;PHB105;1606.2;PHB105;CATEGORIA0;;1;1;0;1;;TUBO TRAVÃO;TUBO TRAVÃO;0;;
161;1606.2;PHB106;1606.2;PHB106;CATEGORIA0;;1;1;0;1;;TUBO TRAVÃO;TUBO TRAVÃO;0;;
161;1606.2;PHB108;1606.2;PHB108;CATEGORIA0;;1;1;0;1;;TUBO TRAVÃO;TUBO TRAVÃO;0;;
161;1606.2;PHB109;1606.2;PHB109;CATEGORIA0;;1;1;0;1;;TUBO TRAVÃO;TUBO TRAVÃO;0;;
161;1606.2;PHB110;1606.2;PHB110;CATEGORIA0;;1;1;0;1;;TUBO TRAVÃO;TUBO TRAVÃO;0;;
161;1606.2;PHB111;1606.2;PHB111;CATEGORIA0;;1;1;0;1;;TUBO TRAVÃO;TUBO TRAVÃO;0;;
161;1606.2;PHB112;1606.2;PHB112;CATEGORIA0;;1;1;0;1;;TUBO TRAVÃO;TUBO TRAVÃO;0;;
161;1606.2;PHB113;1606.2;PHB113;CATEGORIA0;;1;1;0;1;;TUBO TRAVÃO;TUBO TRAVÃO;0;;
161;1606.2;PHB115;1606.2;PHB115;CATEGORIA0;;1;1;0;1;;TUBO TRAVÃO;TUBO TRAVÃO;0;;
161;1606.2;PHB116;1606.2;PHB116;CATEGORIA0;;1;1;0;1;;TUBO TRAVÃO;TUBO TRAVÃO;0;;
161;1606.2;PHB117;1606.2;PHB117;CATEGORIA0;;1;1;0;1;;TUBO TRAVÃO;TUBO TRAVÃO;0;;
161;1606.2;PHB119;1606.2;PHB119;CATEGORIA0;;1;1;0;1;;TUBO TRAVÃO;TUBO TRAVÃO;0;;
161;1606.2;PHB120;1606.2;PHB120;CATEGORIA0;;1;1;0;1;;TUBO TRAVÃO;TUBO TRAVÃO;0;;
161;1606.2;PHB121;1606.2;PHB121;CATEGORIA0;;1;1;0;1;;TUBO TRAVÃO;TUBO TRAVÃO;0;;
161;1606.2;PHB122;1606.2;PHB122;CATEGORIA0;;1;1;0;1;;TUBO TRAVÃO;TUBO TRAVÃO;0;;
161;1606.2;PHB123;1606.2;PHB123;CATEGORIA0;;1;1;0;1;;TUBO TRAVÃO;TUBO TRAVÃO;0;;
161;1606.2;PHB124;1606.2;PHB124;CATEGORIA0;;1;1;0;1;;TUBO TRAVÃO;TUBO TRAVÃO;0;;
161;1606.2;PHB125;1606.2;PHB125;CATEGORIA0;;1;1;0;1;;TUBO TRAVÃO;TUBO TRAVÃO;0;;
161;1606.2;PHB126;1606.2;PHB126;CATEGORIA0;;1;1;0;1;;TUBO TRAVÃO;TUBO TRAVÃO;0;;
161;1606.2;PHB128;1606.2;PHB128;CATEGORIA0;;1;1;0;1;;TUBO TRAVÃO;TUBO TRAVÃO;0;;
161;1606.2;PHB129;1606.2;PHB129;CATEGORIA0;;1;1;0;1;;TUBO TRAVÃO;TUBO TRAVÃO;0;;
161;1606.2;PHB130;1606.2;PHB130;CATEGORIA0;;1;1;0;1;;TUBO TRAVÃO;TUBO TRAVÃO;0;;
161;1606.2;PHB131;1606.2;PHB131;CATEGORIA0;;1;1;0;1;;TUBO TRAVÃO;TUBO TRAVÃO;0;;
161;1606.2;PHB132;1606.2;PHB132;CATEGORIA0;;1;1;0;1;;TUBO TRAVÃO;TUBO TRAVÃO;0;;
161;1606.2;PHB133;1606.2;PHB133;CATEGORIA0;;1;1;0;1;;TUBO TRAVÃO;TUBO TRAVÃO;0;;
161;1606.2;PHB134;1606.2;PHB134;CATEGORIA0;;1;1;0;1;;TUBO TRAVÃO;TUBO TRAVÃO;0;;
161;1606.2;PHB135;1606.2;PHB135;CATEGORIA0;;1;1;0;1;;TUBO TRAVÃO;TUBO TRAVÃO;0;;
161;1606.2;PHB136;1606.2;PHB136;CATEGORIA0;;1;1;0;1;;TUBO TRAVÃO;TUBO TRAVÃO;0;;
161;1606.2;PHB137;1606.2;PHB137;CATEGORIA0;;1;1;0;1;;TUBO TRAVÃO;TUBO TRAVÃO;0;;
161;1606.2;PHB138;1606.2;PHB138;CATEGORIA0;;1;1;0;1;;TUBO TRAVÃO;TUBO TRAVÃO;0;;
161;1606.2;PHB142;1606.2;PHB142;CATEGORIA0;;1;1;0;1;;TUBO TRAVÃO;TUBO TRAVÃO;0;;
161;1606.2;PHB144;1606.2;PHB144;CATEGORIA0;;1;1;0;1;;TUBO TRAVÃO;TUBO TRAVÃO;0;;
161;1606.2;PHB145;1606.2;PHB145;CATEGORIA0;;1;1;0;1;;TUBO TRAVÃO;TUBO TRAVÃO;0;;
161;1606.2;PHB152;1606.2;PHB152;CATEGORIA0;;1;1;0;1;;TUBO TRAVÃO;TUBO TRAVÃO;0;;
161;1606.2;PHB155;1606.2;PHB155;CATEGORIA0;;1;1;0;1;;TUBO TRAVÃO;TUBO TRAVÃO;0;;
161;1606.2;PHB157;1606.2;PHB157;CATEGORIA0;;1;1;0;1;;TUBO TRAVÃO;TUBO TRAVÃO;0;;
161;1606.2;PHB158;1606.2;PHB158;CATEGORIA0;;1;1;0;1;;TUBO TRAVÃO;TUBO TRAVÃO;0;;
161;1606.2;PHB159;1606.2;PHB159;CATEGORIA0;;1;1;0;1;;TUBO TRAVÃO;TUBO TRAVÃO;0;;
161;1606.2;PHB160;1606.2;PHB160;CATEGORIA0;;1;1;0;1;;TUBO TRAVÃO;TUBO TRAVÃO;0;;
161;1606.2;PHB161;1606.2;PHB161;CATEGORIA0;;1;1;0;1;;TUBO TRAVÃO;TUBO TRAVÃO;0;;
161;1606.2;PHB163;1606.2;PHB163;CATEGORIA0;;1;1;0;1;;TUBO TRAVÃO;TUBO TRAVÃO;0;;
161;1606.2;PHB165;1606.2;PHB165;CATEGORIA0;;1;1;0;1;;TUBO TRAVÃO;TUBO TRAVÃO;0;;
161;1606.2;PHB166;1606.2;PHB166;CATEGORIA0;;1;1;0;1;;TUBO TRAVÃO;TUBO TRAVÃO;0;;
161;1606.2;PHB169;1606.2;PHB169;CATEGORIA0;;1;1;0;1;;TUBO TRAVÃO;TUBO TRAVÃO;0;;
161;1606.2;PHB171;1606.2;PHB171;CATEGORIA0;;1;1;0;1;;TUBO TRAVÃO;TUBO TRAVÃO;0;;
161;1606.2;PHB174;1606.2;PHB174;CATEGORIA0;;1;1;0;1;;TUBO TRAVÃO;TUBO TRAVÃO;0;;
161;1606.2;PHB175;1606.2;PHB175;CATEGORIA0;;1;1;0;1;;TUBO TRAVÃO;TUBO TRAVÃO;0;;
161;1606.2;PHB177;1606.2;PHB177;CATEGORIA0;;1;1;0;1;;TUBO TRAVÃO;TUBO TRAVÃO;0;;
161;1606.2;PHB178;1606.2;PHB178;CATEGORIA0;;1;1;0;1;;TUBO TRAVÃO;TUBO TRAVÃO;0;;
161;1606.2;PHB181;1606.2;PHB181;CATEGORIA0;;1;1;0;1;;TUBO TRAVÃO;TUBO TRAVÃO;0;;
161;1606.2;PHB182;1606.2;PHB182;CATEGORIA0;;1;1;0;1;;TUBO TRAVÃO;TUBO TRAVÃO;0;;
161;1606.2;PHB183;1606.2;PHB183;CATEGORIA0;;1;1;0;1;;TUBO TRAVÃO;TUBO TRAVÃO;0;;
161;1606.2;PHB184;1606.2;PHB184;CATEGORIA0;;1;1;0;1;;TUBO TRAVÃO;TUBO TRAVÃO;0;;
161;1606.2;PHB185;1606.2;PHB185;CATEGORIA0;;1;1;0;1;;TUBO TRAVÃO;TUBO TRAVÃO;0;;
161;1606.2;PHB186;1606.2;PHB186;CATEGORIA0;;1;1;0;1;;TUBO TRAVÃO;TUBO TRAVÃO;0;;
161;1606.2;PHB187;1606.2;PHB187;CATEGORIA0;;1;1;0;1;;TUBO TRAVÃO;TUBO TRAVÃO;0;;
161;1606.2;PHB188;1606.2;PHB188;CATEGORIA0;;1;1;0;1;;TUBO TRAVÃO;TUBO TRAVÃO;0;;
161;1606.2;PHB189;1606.2;PHB189;CATEGORIA0;;1;1;0;1;;TUBO TRAVÃO;TUBO TRAVÃO;0;;
161;1606.2;PHB190;1606.2;PHB190;CATEGORIA0;;1;1;0;1;;TUBO TRAVÃO;TUBO TRAVÃO;0;;
161;1606.2;PHB191;1606.2;PHB191;CATEGORIA0;;1;1;0;1;;TUBO TRAVÃO;TUBO TRAVÃO;0;;
161;1606.2;PHB193;1606.2;PHB193;CATEGORIA0;;1;1;0;1;;TUBO TRAVÃO;TUBO TRAVÃO;0;;
161;1606.2;PHB194;1606.2;PHB194;CATEGORIA0;;1;1;0;1;;TUBO TRAVÃO;TUBO TRAVÃO;0;;
161;1606.2;PHB195;1606.2;PHB195;CATEGORIA0;;1;1;0;1;;TUBO TRAVÃO;TUBO TRAVÃO;0;;
161;1606.2;PHB197;1606.2;PHB197;CATEGORIA0;;1;1;0;1;;TUBO TRAVÃO;TUBO TRAVÃO;0;;
161;1606.2;PHB199;1606.2;PHB199;CATEGORIA0;;1;1;0;1;;TUBO TRAVÃO;TUBO TRAVÃO;0;;
161;1606.2;PHB200;1606.2;PHB200;CATEGORIA0;;1;1;0;1;;TUBO TRAVÃO;TUBO TRAVÃO;0;;
161;1606.2;PHB201;1606.2;PHB201;CATEGORIA0;;1;1;0;1;;TUBO TRAVÃO;TUBO TRAVÃO;0;;
161;1606.2;PHB2018;1606.2;PHB2018;CATEGORIA0;;1;1;0;1;;TUBO TRAVÃO;TUBO TRAVÃO;0;;
161;1606.2;PHB2019;1606.2;PHB2019;CATEGORIA0;;1;1;0;1;;TUBO TRAVÃO;TUBO TRAVÃO;0;;
161;1606.2;PHB202;1606.2;PHB202;CATEGORIA0;;1;1;0;1;;TUBO TRAVÃO;TUBO TRAVÃO;0;;
161;1606.2;PHB2020;1606.2;PHB2020;CATEGORIA0;;1;1;0;1;;TUBO TRAVÃO;TUBO TRAVÃO;0;;
161;1606.2;PHB2021;1606.2;PHB2021;CATEGORIA0;;1;1;0;1;;TUBO TRAVÃO;TUBO TRAVÃO;0;;
161;1606.2;PHB2022;1606.2;PHB2022;CATEGORIA0;;1;1;0;1;;TUBO TRAVÃO;TUBO TRAVÃO;0;;
161;1606.2;PHB2023;1606.2;PHB2023;CATEGORIA0;;1;1;0;1;;TUBO TRAVÃO;TUBO TRAVÃO;0;;
161;1606.2;PHB2024;1606.2;PHB2024;CATEGORIA0;;1;1;0;1;;TUBO TRAVÃO;TUBO TRAVÃO;0;;
161;1606.2;PHB2025;1606.2;PHB2025;CATEGORIA0;;1;1;0;1;;TUBO TRAVÃO;TUBO TRAVÃO;0;;
161;1606.2;PHB2026;1606.2;PHB2026;CATEGORIA0;;1;1;0;1;;TUBO TRAVÃO;TUBO TRAVÃO;0;;
161;1606.2;PHB2028;1606.2;PHB2028;CATEGORIA0;;1;1;0;1;;TUBO TRAVÃO;TUBO TRAVÃO;0;;
161;1606.2;PHB2029;1606.2;PHB2029;CATEGORIA0;;1;1;0;1;;TUBO TRAVÃO;TUBO TRAVÃO;0;;
161;1606.2;PHB203;1606.2;PHB203;CATEGORIA0;;1;1;0;1;;TUBO TRAVÃO;TUBO TRAVÃO;0;;
161;1606.2;PHB2031;1606.2;PHB2031;CATEGORIA0;;1;1;0;1;;TUBO TRAVÃO;TUBO TRAVÃO;0;;
161;1606.2;PHB2032;1606.2;PHB2032;CATEGORIA0;;1;1;0;1;;TUBO TRAVÃO;TUBO TRAVÃO;0;;
161;1606.2;PHB2033;1606.2;PHB2033;CATEGORIA0;;1;1;0;1;;TUBO TRAVÃO;TUBO TRAVÃO;0;;
161;1606.2;PHB2034;1606.2;PHB2034;CATEGORIA0;;1;1;0;1;;TUBO TRAVÃO;TUBO TRAVÃO;0;;
161;1606.2;PHB2035;1606.2;PHB2035;CATEGORIA0;;1;1;0;1;;TUBO TRAVÃO;TUBO TRAVÃO;0;;
161;1606.2;PHB2036;1606.2;PHB2036;CATEGORIA0;;1;1;0;1;;TUBO TRAVÃO;TUBO TRAVÃO;0;;
161;1606.2;PHB2037;1606.2;PHB2037;CATEGORIA0;;1;1;0;1;;TUBO TRAVÃO;TUBO TRAVÃO;0;;
161;1606.2;PHB2038;1606.2;PHB2038;CATEGORIA0;;1;1;0;1;;TUBO TRAVÃO;TUBO TRAVÃO;0;;
161;1606.2;PHB2039;1606.2;PHB2039;CATEGORIA0;;1;1;0;1;;TUBO TRAVÃO;TUBO TRAVÃO;0;;
161;1606.2;PHB204;1606.2;PHB204;CATEGORIA0;;1;1;0;1;;TUBO TRAVÃO;TUBO TRAVÃO;0;;
161;1606.2;PHB2040;1606.2;PHB2040;CATEGORIA0;;1;1;0;1;;TUBO TRAVÃO;TUBO TRAVÃO;0;;
161;1606.2;PHB2041;1606.2;PHB2041;CATEGORIA0;;1;1;0;1;;TUBO TRAVÃO;TUBO TRAVÃO;0;;
161;1606.2;PHB2042;1606.2;PHB2042;CATEGORIA0;;1;1;0;1;;TUBO TRAVÃO;TUBO TRAVÃO;0;;
161;1606.2;PHB2043;1606.2;PHB2043;CATEGORIA0;;1;1;0;1;;TUBO TRAVÃO;TUBO TRAVÃO;0;;
161;1606.2;PHB2044;1606.2;PHB2044;CATEGORIA0;;1;1;0;1;;TUBO TRAVÃO;TUBO TRAVÃO;0;;
161;1606.2;PHB2045;1606.2;PHB2045;CATEGORIA0;;1;1;0;1;;TUBO TRAVÃO;TUBO TRAVÃO;0;;
161;1606.2;PHB2046;1606.2;PHB2046;CATEGORIA0;;1;1;0;1;;TUBO TRAVÃO;TUBO TRAVÃO;0;;
161;1606.2;PHB2047;1606.2;PHB2047;CATEGORIA0;;1;1;0;1;;TUBO TRAVÃO;TUBO TRAVÃO;0;;
161;1606.2;PHB2048;1606.2;PHB2048;CATEGORIA0;;1;1;0;1;;TUBO TRAVÃO;TUBO TRAVÃO;0;;
161;1606.2;PHB2049;1606.2;PHB2049;CATEGORIA0;;1;1;0;1;;TUBO TRAVÃO;TUBO TRAVÃO;0;;
161;1606.2;PHB205;1606.2;PHB205;CATEGORIA0;;1;1;0;1;;TUBO TRAVÃO;TUBO TRAVÃO;0;;
161;1606.2;PHB2050;1606.2;PHB2050;CATEGORIA0;;1;1;0;1;;TUBO TRAVÃO;TUBO TRAVÃO;0;;
161;1606.2;PHB2051;1606.2;PHB2051;CATEGORIA0;;1;1;0;1;;TUBO TRAVÃO;TUBO TRAVÃO;0;;
161;1606.2;PHB2052;1606.2;PHB2052;CATEGORIA0;;1;1;0;1;;TUBO TRAVÃO;TUBO TRAVÃO;0;;
161;1606.2;PHB207;1606.2;PHB207;CATEGORIA0;;1;1;0;1;;TUBO TRAVÃO;TUBO TRAVÃO;0;;
161;1606.2;PHB209;1606.2;PHB209;CATEGORIA0;;1;1;0;1;;TUBO TRAVÃO;TUBO TRAVÃO;0;;
161;1606.2;PHB210;1606.2;PHB210;CATEGORIA0;;1;1;0;1;;TUBO TRAVÃO;TUBO TRAVÃO;0;;
161;1606.2;PHB211;1606.2;PHB211;CATEGORIA0;;1;1;0;1;;TUBO TRAVÃO;TUBO TRAVÃO;0;;
161;1606.2;PHB212;1606.2;PHB212;CATEGORIA0;;1;1;0;1;;TUBO TRAVÃO;TUBO TRAVÃO;0;;
161;1606.2;PHB213;1606.2;PHB213;CATEGORIA0;;1;1;0;1;;TUBO TRAVÃO;TUBO TRAVÃO;0;;
161;1606.2;PHB214;1606.2;PHB214;CATEGORIA0;;1;1;0;1;;TUBO TRAVÃO;TUBO TRAVÃO;0;;
161;1606.2;PHB215;1606.2;PHB215;CATEGORIA0;;1;1;0;1;;TUBO TRAVÃO;TUBO TRAVÃO;0;;
161;1606.2;PHB217;1606.2;PHB217;CATEGORIA0;;1;1;0;1;;TUBO TRAVÃO;TUBO TRAVÃO;0;;
161;1606.2;PHB219;1606.2;PHB219;CATEGORIA0;;1;1;0;1;;TUBO TRAVÃO;TUBO TRAVÃO;0;;
161;1606.2;PHB220;1606.2;PHB220;CATEGORIA0;;1;1;0;1;;TUBO TRAVÃO;TUBO TRAVÃO;0;;
161;1606.2;PHB222;1606.2;PHB222;CATEGORIA0;;1;1;0;1;;TUBO TRAVÃO;TUBO TRAVÃO;0;;
161;1606.2;PHB223;1606.2;PHB223;CATEGORIA0;;1;1;0;1;;TUBO TRAVÃO;TUBO TRAVÃO;0;;
161;1606.2;PHB224;1606.2;PHB224;CATEGORIA0;;1;1;0;1;;TUBO TRAVÃO;TUBO TRAVÃO;0;;
161;1606.2;PHB225;1606.2;PHB225;CATEGORIA0;;1;1;0;1;;TUBO TRAVÃO;TUBO TRAVÃO;0;;
161;1606.2;PHB226;1606.2;PHB226;CATEGORIA0;;1;1;0;1;;TUBO TRAVÃO;TUBO TRAVÃO;0;;
161;1606.2;PHB227;1606.2;PHB227;CATEGORIA0;;1;1;0;1;;TUBO TRAVÃO;TUBO TRAVÃO;0;;
161;1606.2;PHB228;1606.2;PHB228;CATEGORIA0;;1;1;0;1;;TUBO TRAVÃO;TUBO TRAVÃO;0;;
161;1606.2;PHB229;1606.2;PHB229;CATEGORIA0;;1;1;0;1;;TUBO TRAVÃO;TUBO TRAVÃO;0;;
161;1606.2;PHB230;1606.2;PHB230;CATEGORIA0;;1;1;0;1;;TUBO TRAVÃO;TUBO TRAVÃO;0;;
161;1606.2;PHB231;1606.2;PHB231;CATEGORIA0;;1;1;0;1;;TUBO TRAVÃO;TUBO TRAVÃO;0;;
161;1606.2;PHB236;1606.2;PHB236;CATEGORIA0;;1;1;0;1;;TUBO TRAVÃO;TUBO TRAVÃO;0;;
161;1606.2;PHB237;1606.2;PHB237;CATEGORIA0;;1;1;0;1;;TUBO TRAVÃO;TUBO TRAVÃO;0;;
161;1606.2;PHB238;1606.2;PHB238;CATEGORIA0;;1;1;0;1;;TUBO TRAVÃO;TUBO TRAVÃO;0;;
161;1606.2;PHB239;1606.2;PHB239;CATEGORIA0;;1;1;0;1;;TUBO TRAVÃO;TUBO TRAVÃO;0;;
161;1606.2;PHB240;1606.2;PHB240;CATEGORIA0;;1;1;0;1;;TUBO TRAVÃO;TUBO TRAVÃO;0;;
161;1606.2;PHB241;1606.2;PHB241;CATEGORIA0;;1;1;0;1;;TUBO TRAVÃO;TUBO TRAVÃO;0;;
161;1606.2;PHB242;1606.2;PHB242;CATEGORIA0;;1;1;0;1;;TUBO TRAVÃO;TUBO TRAVÃO;0;;
161;1606.2;PHB243;1606.2;PHB243;CATEGORIA0;;1;1;0;1;;TUBO TRAVÃO;TUBO TRAVÃO;0;;
161;1606.2;PHB244;1606.2;PHB244;CATEGORIA0;;1;1;0;1;;TUBO TRAVÃO;TUBO TRAVÃO;0;;
161;1606.2;PHB251;1606.2;PHB251;CATEGORIA0;;1;1;0;1;;TUBO TRAVÃO;TUBO TRAVÃO;0;;
161;1606.2;PHB256;1606.2;PHB256;CATEGORIA0;;1;1;0;1;;TUBO TRAVÃO;TUBO TRAVÃO;0;;
161;1606.2;PHB257;1606.2;PHB257;CATEGORIA0;;1;1;0;1;;TUBO TRAVÃO;TUBO TRAVÃO;0;;
161;1606.2;PHB259;1606.2;PHB259;CATEGORIA0;;1;1;0;1;;TUBO TRAVÃO;TUBO TRAVÃO;0;;
161;1606.2;PHB260;1606.2;PHB260;CATEGORIA0;;1;1;0;1;;TUBO TRAVÃO;TUBO TRAVÃO;0;;
161;1606.2;PHB261;1606.2;PHB261;CATEGORIA0;;1;1;0;1;;TUBO TRAVÃO;TUBO TRAVÃO;0;;
161;1606.2;PHB263;1606.2;PHB263;CATEGORIA0;;1;1;0;1;;TUBO TRAVÃO;TUBO TRAVÃO;0;;
161;1606.2;PHB264;1606.2;PHB264;CATEGORIA0;;1;1;0;1;;TUBO TRAVÃO;TUBO TRAVÃO;0;;
161;1606.2;PHB265;1606.2;PHB265;CATEGORIA0;;1;1;0;1;;TUBO TRAVÃO;TUBO TRAVÃO;0;;
161;1606.2;PHB266;1606.2;PHB266;CATEGORIA0;;1;1;0;1;;TUBO TRAVÃO;TUBO TRAVÃO;0;;
161;1606.2;PHB267;1606.2;PHB267;CATEGORIA0;;1;1;0;1;;TUBO TRAVÃO;TUBO TRAVÃO;0;;
161;1606.2;PHB269;1606.2;PHB269;CATEGORIA0;;1;1;0;1;;TUBO TRAVÃO;TUBO TRAVÃO;0;;
161;1606.2;PHB270;1606.2;PHB270;CATEGORIA0;;1;1;0;1;;TUBO TRAVÃO;TUBO TRAVÃO;0;;
161;1606.2;PHB271;1606.2;PHB271;CATEGORIA0;;1;1;0;1;;TUBO TRAVÃO;TUBO TRAVÃO;0;;
161;1606.2;PHB272;1606.2;PHB272;CATEGORIA0;;1;1;0;1;;TUBO TRAVÃO;TUBO TRAVÃO;0;;
161;1606.2;PHB273;1606.2;PHB273;CATEGORIA0;;1;1;0;1;;TUBO TRAVÃO;TUBO TRAVÃO;0;;
161;1606.2;PHB274;1606.2;PHB274;CATEGORIA0;;1;1;0;1;;TUBO TRAVÃO;TUBO TRAVÃO;0;;
161;1606.2;PHB277;1606.2;PHB277;CATEGORIA0;;1;1;0;1;;TUBO TRAVÃO;TUBO TRAVÃO;0;;
161;1606.2;PHB278;1606.2;PHB278;CATEGORIA0;;1;1;0;1;;TUBO TRAVÃO;TUBO TRAVÃO;0;;
161;1606.2;PHB279;1606.2;PHB279;CATEGORIA0;;1;1;0;1;;TUBO TRAVÃO;TUBO TRAVÃO;0;;
161;1606.2;PHB280;1606.2;PHB280;CATEGORIA0;;1;1;0;1;;TUBO TRAVÃO;TUBO TRAVÃO;0;;
161;1606.2;PHB281;1606.2;PHB281;CATEGORIA0;;1;1;0;1;;TUBO TRAVÃO;TUBO TRAVÃO;0;;
161;1606.2;PHB282;1606.2;PHB282;CATEGORIA0;;1;1;0;1;;TUBO TRAVÃO;TUBO TRAVÃO;0;;
161;1606.2;PHB283;1606.2;PHB283;CATEGORIA0;;1;1;0;1;;TUBO TRAVÃO;TUBO TRAVÃO;0;;
161;1606.2;PHB284;1606.2;PHB284;CATEGORIA0;;1;1;0;1;;TUBO TRAVÃO;TUBO TRAVÃO;0;;
161;1606.2;PHB285;1606.2;PHB285;CATEGORIA0;;1;1;0;1;;TUBO TRAVÃO;TUBO TRAVÃO;0;;
161;1606.2;PHB287;1606.2;PHB287;CATEGORIA0;;1;1;0;1;;TUBO TRAVÃO;TUBO TRAVÃO;0;;
161;1606.2;PHB288;1606.2;PHB288;CATEGORIA0;;1;1;0;1;;TUBO TRAVÃO;TUBO TRAVÃO;0;;
161;1606.2;PHB289;1606.2;PHB289;CATEGORIA0;;1;1;0;1;;TUBO TRAVÃO;TUBO TRAVÃO;0;;
161;1606.2;PHB290;1606.2;PHB290;CATEGORIA0;;1;1;0;1;;TUBO TRAVÃO;TUBO TRAVÃO;0;;
161;1606.2;PHB291;1606.2;PHB291;CATEGORIA0;;1;1;0;1;;TUBO TRAVÃO;TUBO TRAVÃO;0;;
161;1606.2;PHB292;1606.2;PHB292;CATEGORIA0;;1;1;0;1;;TUBO TRAVÃO;TUBO TRAVÃO;0;;
161;1606.2;PHB293;1606.2;PHB293;CATEGORIA0;;1;1;0;1;;TUBO TRAVÃO;TUBO TRAVÃO;0;;
161;1606.2;PHB294;1606.2;PHB294;CATEGORIA0;;1;1;0;1;;TUBO TRAVÃO;TUBO TRAVÃO;0;;
161;1606.2;PHB295;1606.2;PHB295;CATEGORIA0;;1;1;0;1;;TUBO TRAVÃO;TUBO TRAVÃO;0;;
161;1606.2;PHB297;1606.2;PHB297;CATEGORIA0;;1;1;0;1;;TUBO TRAVÃO;TUBO TRAVÃO;0;;
161;1606.2;PHB298;1606.2;PHB298;CATEGORIA0;;1;1;0;1;;TUBO TRAVÃO;TUBO TRAVÃO;0;;
161;1606.2;PHB299;1606.2;PHB299;CATEGORIA0;;1;1;0;1;;TUBO TRAVÃO;TUBO TRAVÃO;0;;
161;1606.2;PHB300;1606.2;PHB300;CATEGORIA0;;1;1;0;1;;TUBO TRAVÃO;TUBO TRAVÃO;0;;
161;1606.2;PHB301;1606.2;PHB301;CATEGORIA0;;1;1;0;1;;TUBO TRAVÃO;TUBO TRAVÃO;0;;
161;1606.2;PHB302;1606.2;PHB302;CATEGORIA0;;1;1;0;1;;TUBO TRAVÃO;TUBO TRAVÃO;0;;
161;1606.2;PHB303;1606.2;PHB303;CATEGORIA0;;1;1;0;1;;TUBO TRAVÃO;TUBO TRAVÃO;0;;
161;1606.2;PHB304;1606.2;PHB304;CATEGORIA0;;1;1;0;1;;TUBO TRAVÃO;TUBO TRAVÃO;0;;
161;1606.2;PHB305;1606.2;PHB305;CATEGORIA0;;1;1;0;1;;TUBO TRAVÃO;TUBO TRAVÃO;0;;
161;1606.2;PHB306;1606.2;PHB306;CATEGORIA0;;1;1;0;1;;TUBO TRAVÃO;TUBO TRAVÃO;0;;
161;1606.2;PHB307;1606.2;PHB307;CATEGORIA0;;1;1;0;1;;TUBO TRAVÃO;TUBO TRAVÃO;0;;
161;1606.2;PHB308;1606.2;PHB308;CATEGORIA0;;1;1;0;1;;TUBO TRAVÃO;TUBO TRAVÃO;0;;
161;1606.2;PHB310;1606.2;PHB310;CATEGORIA0;;1;1;0;1;;TUBO TRAVÃO;TUBO TRAVÃO;0;;
161;1606.2;PHB311;1606.2;PHB311;CATEGORIA0;;1;1;0;1;;TUBO TRAVÃO;TUBO TRAVÃO;0;;
161;1606.2;PHB312;1606.2;PHB312;CATEGORIA0;;1;1;0;1;;TUBO TRAVÃO;TUBO TRAVÃO;0;;
161;1606.2;PHB313;1606.2;PHB313;CATEGORIA0;;1;1;0;1;;TUBO TRAVÃO;TUBO TRAVÃO;0;;
161;1606.2;PHB315;1606.2;PHB315;CATEGORIA0;;1;1;0;1;;TUBO TRAVÃO;TUBO TRAVÃO;0;;
161;1606.2;PHB318;1606.2;PHB318;CATEGORIA0;;1;1;0;1;;TUBO TRAVÃO;TUBO TRAVÃO;0;;
161;1606.2;PHB319;1606.2;PHB319;CATEGORIA0;;1;1;0;1;;TUBO TRAVÃO;TUBO TRAVÃO;0;;
161;1606.2;PHB320;1606.2;PHB320;CATEGORIA0;;1;1;0;1;;TUBO TRAVÃO;TUBO TRAVÃO;0;;
161;1606.2;PHB323;1606.2;PHB323;CATEGORIA0;;1;1;0;1;;TUBO TRAVÃO;TUBO TRAVÃO;0;;
161;1606.2;PHB327;1606.2;PHB327;CATEGORIA0;;1;1;0;1;;TUBO TRAVÃO;TUBO TRAVÃO;0;;
161;1606.2;PHB328;1606.2;PHB328;CATEGORIA0;;1;1;0;1;;TUBO TRAVÃO;TUBO TRAVÃO;0;;
161;1606.2;PHB329;1606.2;PHB329;CATEGORIA0;;1;1;0;1;;TUBO TRAVÃO;TUBO TRAVÃO;0;;
161;1606.2;PHB337;1606.2;PHB337;CATEGORIA0;;1;1;0;1;;TUBO TRAVÃO;TUBO TRAVÃO;0;;
161;1606.2;PHB338;1606.2;PHB338;CATEGORIA0;;1;1;0;1;;TUBO TRAVÃO;TUBO TRAVÃO;0;;
161;1606.2;PHB339;1606.2;PHB339;CATEGORIA0;;1;1;0;1;;TUBO TRAVÃO;TUBO TRAVÃO;0;;
161;1606.2;PHB340;1606.2;PHB340;CATEGORIA0;;1;1;0;1;;TUBO TRAVÃO;TUBO TRAVÃO;0;;
161;1606.2;PHB341;1606.2;PHB341;CATEGORIA0;;1;1;0;1;;TUBO TRAVÃO;TUBO TRAVÃO;0;;
161;1606.2;PHB342;1606.2;PHB342;CATEGORIA0;;1;1;0;1;;TUBO TRAVÃO;TUBO TRAVÃO;0;;
161;1606.2;PHB343;1606.2;PHB343;CATEGORIA0;;1;1;0;1;;TUBO TRAVÃO;TUBO TRAVÃO;0;;
161;1606.2;PHB344;1606.2;PHB344;CATEGORIA0;;1;1;0;1;;TUBO TRAVÃO;TUBO TRAVÃO;0;;
161;1606.2;PHB345;1606.2;PHB345;CATEGORIA0;;1;1;0;1;;TUBO TRAVÃO;TUBO TRAVÃO;0;;
161;1606.2;PHB346;1606.2;PHB346;CATEGORIA0;;1;1;0;1;;TUBO TRAVÃO;TUBO TRAVÃO;0;;
161;1606.2;PHB347;1606.2;PHB347;CATEGORIA0;;1;1;0;1;;TUBO TRAVÃO;TUBO TRAVÃO;0;;
161;1606.2;PHB348;1606.2;PHB348;CATEGORIA0;;1;1;0;1;;TUBO TRAVÃO;TUBO TRAVÃO;0;;
161;1606.2;PHB349;1606.2;PHB349;CATEGORIA0;;1;1;0;1;;TUBO TRAVÃO;TUBO TRAVÃO;0;;
161;1606.2;PHB350;1606.2;PHB350;CATEGORIA0;;1;1;0;1;;TUBO TRAVÃO;TUBO TRAVÃO;0;;
161;1606.2;PHB351;1606.2;PHB351;CATEGORIA0;;1;1;0;1;;TUBO TRAVÃO;TUBO TRAVÃO;0;;
161;1606.2;PHB352;1606.2;PHB352;CATEGORIA0;;1;1;0;1;;TUBO TRAVÃO;TUBO TRAVÃO;0;;
161;1606.2;PHB353;1606.2;PHB353;CATEGORIA0;;1;1;0;1;;TUBO TRAVÃO;TUBO TRAVÃO;0;;
161;1606.2;PHB354;1606.2;PHB354;CATEGORIA0;;1;1;0;1;;TUBO TRAVÃO;TUBO TRAVÃO;0;;
161;1606.2;PHB356;1606.2;PHB356;CATEGORIA0;;1;1;0;1;;TUBO TRAVÃO;TUBO TRAVÃO;0;;
161;1606.2;PHB357;1606.2;PHB357;CATEGORIA0;;1;1;0;1;;TUBO TRAVÃO;TUBO TRAVÃO;0;;
161;1606.2;PHB358;1606.2;PHB358;CATEGORIA0;;1;1;0;1;;TUBO TRAVÃO;TUBO TRAVÃO;0;;
161;1606.2;PHB359;1606.2;PHB359;CATEGORIA0;;1;1;0;1;;TUBO TRAVÃO FRT.;TUBO TRAVÃO FRT.;0;;
161;1606.2;PHB361;1606.2;PHB361;CATEGORIA0;;1;1;0;1;;TUBO TRAVÃO;TUBO TRAVÃO;0;;
161;1606.2;PHB362;1606.2;PHB362;CATEGORIA0;;1;1;0;1;;TUBO TRAVÃO;TUBO TRAVÃO;0;;
161;1606.2;PHB363;1606.2;PHB363;CATEGORIA0;;1;1;0;1;;TUBO TRAVÃO;TUBO TRAVÃO;0;;
161;1606.2;PHB364;1606.2;PHB364;CATEGORIA0;;1;1;0;1;;TUBO TRAVÃO;TUBO TRAVÃO;0;;
161;1606.2;PHB365;1606.2;PHB365;CATEGORIA0;;1;1;0;1;;TUBO TRAVÃO;TUBO TRAVÃO;0;;
161;1606.2;PHB366;1606.2;PHB366;CATEGORIA0;;1;1;0;1;;TUBO TRAVÃO;TUBO TRAVÃO;0;;
161;1606.2;PHB367;1606.2;PHB367;CATEGORIA0;;1;1;0;1;;TUBO TRAVÃO;TUBO TRAVÃO;0;;
161;1606.2;PHB368;1606.2;PHB368;CATEGORIA0;;1;1;0;1;;TUBO TRAVÃO DRT.;TUBO TRAVÃO DRT.;0;;
161;1606.2;PHB369;1606.2;PHB369;CATEGORIA0;;1;1;0;1;;TUBO TRAVÃO;TUBO TRAVÃO;0;;
161;1606.2;PHB370;1606.2;PHB370;CATEGORIA0;;1;1;0;1;;TUBO TRAVÃO;TUBO TRAVÃO;0;;
161;1606.2;PHB371;1606.2;PHB371;CATEGORIA0;;1;1;0;1;;TUBO TRAVÃO;TUBO TRAVÃO;0;;
161;1606.2;PHB372;1606.2;PHB372;CATEGORIA0;;1;1;0;1;;TUBO TRAVÃO;TUBO TRAVÃO;0;;
161;1606.2;PHB373;1606.2;PHB373;CATEGORIA0;;1;1;0;1;;TUBO TRAVÃO;TUBO TRAVÃO;0;;
161;1606.2;PHB375;1606.2;PHB375;CATEGORIA0;;1;1;0;1;;TUBO TRAVÃO;TUBO TRAVÃO;0;;
161;1606.2;PHB376;1606.2;PHB376;CATEGORIA0;;1;1;0;1;;TUBO TRAVÃO;TUBO TRAVÃO;0;;
161;1606.2;PHB377;1606.2;PHB377;CATEGORIA0;;1;1;0;1;;TUBO TRAVÃO;TUBO TRAVÃO;0;;
161;1606.2;PHB378;1606.2;PHB378;CATEGORIA0;;1;1;0;1;;TUBO TRAVÃO;TUBO TRAVÃO;0;;
161;1606.2;PHB381;1606.2;PHB381;CATEGORIA0;;1;1;0;1;;TUBO TRAVÃO;TUBO TRAVÃO;0;;
161;1606.2;PHB383;1606.2;PHB383;CATEGORIA0;;1;1;0;1;;TUBO TRAVÃO;TUBO TRAVÃO;0;;
161;1606.2;PHB384;1606.2;PHB384;CATEGORIA0;;1;1;0;1;;TUBO TRAVÃO;TUBO TRAVÃO;0;;
161;1606.2;PHB385;1606.2;PHB385;CATEGORIA0;;1;1;0;1;;TUBO TRAVÃO;TUBO TRAVÃO;0;;
161;1606.2;PHB387;1606.2;PHB387;CATEGORIA0;;1;1;0;1;;TUBO TRAVÃO;TUBO TRAVÃO;0;;
161;1606.2;PHB388;1606.2;PHB388;CATEGORIA0;;1;1;0;1;;TUBO TRAVÃO;TUBO TRAVÃO;0;;
161;1606.2;PHB389;1606.2;PHB389;CATEGORIA0;;1;1;0;1;;TUBO TRAVÃO;TUBO TRAVÃO;0;;
161;1606.2;PHB390;1606.2;PHB390;CATEGORIA0;;1;1;0;1;;TUBO TRAVÃO;TUBO TRAVÃO;0;;
161;1606.2;PHB391;1606.2;PHB391;CATEGORIA0;;1;1;0;1;;TUBO TRAVÃO;TUBO TRAVÃO;0;;
161;1606.2;PHB392;1606.2;PHB392;CATEGORIA0;;1;1;0;1;;TUBO TRAVÃO;TUBO TRAVÃO;0;;
161;1606.2;PHB396;1606.2;PHB396;CATEGORIA0;;1;1;0;1;;TUBO TRAVÃO;TUBO TRAVÃO;0;;
161;1606.2;PHB397;1606.2;PHB397;CATEGORIA0;;1;1;0;1;;TUBO TRAVÃO;TUBO TRAVÃO;0;;
161;1606.2;PHB398;1606.2;PHB398;CATEGORIA0;;1;1;0;1;;TUBO TRAVÃO;TUBO TRAVÃO;0;;
161;1606.2;PHB399;1606.2;PHB399;CATEGORIA0;;1;1;0;1;;TUBO TRAVÃO;TUBO TRAVÃO;0;;
161;1606.2;PHB400;1606.2;PHB400;CATEGORIA0;;1;1;0;1;;TUBO TRAVÃO;TUBO TRAVÃO;0;;
161;1606.2;PHB402;1606.2;PHB402;CATEGORIA0;;1;1;0;1;;TUBO TRAVÃO;TUBO TRAVÃO;0;;
161;1606.2;PHB403;1606.2;PHB403;CATEGORIA0;;1;1;0;1;;TUBO TRAVÃO;TUBO TRAVÃO;0;;
161;1606.2;PHB405;1606.2;PHB405;CATEGORIA0;;1;1;0;1;;TUBO TRAVÃO;TUBO TRAVÃO;0;;
161;1606.2;PHB407;1606.2;PHB407;CATEGORIA0;;1;1;0;1;;TUBO TRAVÃO;TUBO TRAVÃO;0;;
161;1606.2;PHB408;1606.2;PHB408;CATEGORIA0;;1;1;0;1;;TUBO TRAVÃO;TUBO TRAVÃO;0;;
161;1606.2;PHB409;1606.2;PHB409;CATEGORIA0;;1;1;0;1;;TUBO TRAVÃO;TUBO TRAVÃO;0;;
161;1606.2;PHB410;1606.2;PHB410;CATEGORIA0;;1;1;0;1;;TUBO TRAVÃO;TUBO TRAVÃO;0;;
161;1606.2;PHB411;1606.2;PHB411;CATEGORIA0;;1;1;0;1;;TUBO TRAVÃO;TUBO TRAVÃO;0;;
161;1606.2;PHB412;1606.2;PHB412;CATEGORIA0;;1;1;0;1;;TUBO TRAVÃO;TUBO TRAVÃO;0;;
161;1606.2;PHB414;1606.2;PHB414;CATEGORIA0;;1;1;0;1;;TUBO TRAVÃO;TUBO TRAVÃO;0;;
161;1606.2;PHB415;1606.2;PHB415;CATEGORIA0;;1;1;0;1;;TUBO TRAVÃO;TUBO TRAVÃO;0;;
161;1606.2;PHB416;1606.2;PHB416;CATEGORIA0;;1;1;0;1;;TUBO TRAVÃO;TUBO TRAVÃO;0;;
161;1606.2;PHB417;1606.2;PHB417;CATEGORIA0;;1;1;0;1;;TUBO TRAVÃO;TUBO TRAVÃO;0;;
161;1606.2;PHB418;1606.2;PHB418;CATEGORIA0;;1;1;0;1;;TUBO TRAVÃO;TUBO TRAVÃO;0;;
161;1606.2;PHB419;1606.2;PHB419;CATEGORIA0;;1;1;0;1;;TUBO TRAVÃO;TUBO TRAVÃO;0;;
161;1606.2;PHB420;1606.2;PHB420;CATEGORIA0;;1;1;0;1;;TUBO TRAVÃO;TUBO TRAVÃO;0;;
161;1606.2;PHB422;1606.2;PHB422;CATEGORIA0;;1;1;0;1;;TUBO TRAVÃO;TUBO TRAVÃO;0;;
161;1606.2;PHB423;1606.2;PHB423;CATEGORIA0;;1;1;0;1;;TUBO TRAVÃO;TUBO TRAVÃO;0;;
161;1606.2;PHB424;1606.2;PHB424;CATEGORIA0;;1;1;0;1;;TUBO TRAVÃO;TUBO TRAVÃO;0;;
161;1606.2;PHB425;1606.2;PHB425;CATEGORIA0;;1;1;0;1;;TUBO TRAVÃO;TUBO TRAVÃO;0;;
161;1606.2;PHB426;1606.2;PHB426;CATEGORIA0;;1;1;0;1;;TUBO TRAVÃO;TUBO TRAVÃO;0;;
161;1606.2;PHB427;1606.2;PHB427;CATEGORIA0;;1;1;0;1;;TUBO TRAVÃO;TUBO TRAVÃO;0;;
161;1606.2;PHB428;1606.2;PHB428;CATEGORIA0;;1;1;0;1;;TUBO TRAVÃO;TUBO TRAVÃO;0;;
161;1606.2;PHB429;1606.2;PHB429;CATEGORIA0;;1;1;0;1;;TUBO TRAVÃO;TUBO TRAVÃO;0;;
161;1606.2;PHB430;1606.2;PHB430;CATEGORIA0;;1;1;0;1;;TUBO TRAVÃO;TUBO TRAVÃO;0;;
161;1606.2;PHB431;1606.2;PHB431;CATEGORIA0;;1;1;0;1;;TUBO TRAVÃO;TUBO TRAVÃO;0;;
161;1606.2;PHB432;1606.2;PHB432;CATEGORIA0;;1;1;0;1;;TUBO TRAVÃO;TUBO TRAVÃO;0;;
161;1606.2;PHB433;1606.2;PHB433;CATEGORIA0;;1;1;0;1;;TUBO TRAVÃO;TUBO TRAVÃO;0;;
161;1606.2;PHB434;1606.2;PHB434;CATEGORIA0;;1;1;0;1;;TUBO TRAVÃO;TUBO TRAVÃO;0;;
161;1606.2;PHB435;1606.2;PHB435;CATEGORIA0;;1;1;0;1;;TUBO TRAVÃO;TUBO TRAVÃO;0;;
161;1606.2;PHB436;1606.2;PHB436;CATEGORIA0;;1;1;0;1;;TUBO TRAVÃO;TUBO TRAVÃO;0;;
161;1606.2;PHB437;1606.2;PHB437;CATEGORIA0;;1;1;0;1;;TUBO TRAVÃO;TUBO TRAVÃO;0;;
161;1606.2;PHB438;1606.2;PHB438;CATEGORIA0;;1;1;0;1;;TUBO TRAVÃO;TUBO TRAVÃO;0;;
161;1606.2;PHB439;1606.2;PHB439;CATEGORIA0;;1;1;0;1;;TUBO TRAVÃO;TUBO TRAVÃO;0;;
161;1606.2;PHB440;1606.2;PHB440;CATEGORIA0;;1;1;0;1;;TUBO TRAVÃO;TUBO TRAVÃO;0;;
161;1606.2;PHB441;1606.2;PHB441;CATEGORIA0;;1;1;0;1;;TUBO TRAVÃO;TUBO TRAVÃO;0;;
161;1606.2;PHB442;1606.2;PHB442;CATEGORIA0;;1;1;0;1;;TUBO TRAVÃO;TUBO TRAVÃO;0;;
161;1606.2;PHB443;1606.2;PHB443;CATEGORIA0;;1;1;0;1;;TUBO TRAVÃO;TUBO TRAVÃO;0;;
161;1606.2;PHB444;1606.2;PHB444;CATEGORIA0;;1;1;0;1;;TUBO TRAVÃO;TUBO TRAVÃO;0;;
161;1606.2;PHB445;1606.2;PHB445;CATEGORIA0;;1;1;0;1;;TUBO TRAVÃO;TUBO TRAVÃO;0;;
161;1606.2;PHB446;1606.2;PHB446;CATEGORIA0;;1;1;0;1;;TUBO TRAVÃO;TUBO TRAVÃO;0;;
161;1606.2;PHB447;1606.2;PHB447;CATEGORIA0;;1;1;0;1;;TUBO TRAVÃO;TUBO TRAVÃO;0;;
161;1606.2;PHB448;1606.2;PHB448;CATEGORIA0;;1;1;0;1;;TUBO TRAVÃO;TUBO TRAVÃO;0;;
161;1606.2;PHB449;1606.2;PHB449;CATEGORIA0;;1;1;0;1;;TUBO TRAVÃO;TUBO TRAVÃO;0;;
161;1606.2;PHB452;1606.2;PHB452;CATEGORIA0;;1;1;0;1;;TUBO TRAVÃO;TUBO TRAVÃO;0;;
161;1606.2;PHB453;1606.2;PHB453;CATEGORIA0;;1;1;0;1;;TUBO TRAVÃO;TUBO TRAVÃO;0;;
161;1606.2;PHB454;1606.2;PHB454;CATEGORIA0;;1;1;0;1;;TUBO TRAVÃO;TUBO TRAVÃO;0;;
161;1606.2;PHB455;1606.2;PHB455;CATEGORIA0;;1;1;0;1;;TUBO TRAVÃO;TUBO TRAVÃO;0;;
161;1606.2;PHB465;1606.2;PHB465;CATEGORIA0;;1;1;0;1;;TUBO TRAVÃO;TUBO TRAVÃO;0;;
161;1606.2;PHB477;1606.2;PHB477;CATEGORIA0;;1;1;0;1;;TUBO TRAVÃO;TUBO TRAVÃO;0;;
161;1606.2;PHB478;1606.2;PHB478;CATEGORIA0;;1;1;0;1;;TUBO TRAVÃO;TUBO TRAVÃO;0;;
161;1606.2;PHB479;1606.2;PHB479;CATEGORIA0;;1;1;0;1;;TUBO TRAVÃO;TUBO TRAVÃO;0;;
161;1606.2;PHB480;1606.2;PHB480;CATEGORIA0;;1;1;0;1;;TUBO TRAVÃO;TUBO TRAVÃO;0;;
161;1606.2;PHB481;1606.2;PHB481;CATEGORIA0;;1;1;0;1;;TUBO TRAVÃO;TUBO TRAVÃO;0;;
161;1606.2;PHB482;1606.2;PHB482;CATEGORIA0;;1;1;0;1;;TUBO TRAVÃO;TUBO TRAVÃO;0;;
161;1606.2;PHB483;1606.2;PHB483;CATEGORIA0;;1;1;0;1;;TUBO TRAVÃO;TUBO TRAVÃO;0;;
161;1606.2;PHB484;1606.2;PHB484;CATEGORIA0;;1;1;0;1;;TUBO TRAVÃO;TUBO TRAVÃO;0;;
161;1606.2;PHB485;1606.2;PHB485;CATEGORIA0;;1;1;0;1;;TUBO TRAVÃO;TUBO TRAVÃO;0;;
161;1606.2;PHB486;1606.2;PHB486;CATEGORIA0;;1;1;0;1;;TUBO TRAVÃO;TUBO TRAVÃO;0;;
161;1606.2;PHB487;1606.2;PHB487;CATEGORIA0;;1;1;0;1;;TUBO TRAVÃO;TUBO TRAVÃO;0;;
161;1606.2;PHB488;1606.2;PHB488;CATEGORIA0;;1;1;0;1;;TUBO TRAVÃO;TUBO TRAVÃO;0;;
161;1606.2;PHB489;1606.2;PHB489;CATEGORIA0;;1;1;0;1;;TUBO TRAVÃO;TUBO TRAVÃO;0;;
161;1606.2;PHB491;1606.2;PHB491;CATEGORIA0;;1;1;0;1;;TUBO TRAVÃO;TUBO TRAVÃO;0;;
161;1606.2;PHB492;1606.2;PHB492;CATEGORIA0;;1;1;0;1;;TUBO TRAVÃO;TUBO TRAVÃO;0;;
161;1606.2;PHB497;1606.2;PHB497;CATEGORIA0;;1;1;0;1;;TUBO TRAVÃO;TUBO TRAVÃO;0;;
161;1606.2;PHB498;1606.2;PHB498;CATEGORIA0;;1;1;0;1;;TUBO TRAVÃO;TUBO TRAVÃO;0;;
161;1606.2;PHB499;1606.2;PHB499;CATEGORIA0;;1;1;0;1;;TUBO TRAVÃO;TUBO TRAVÃO;0;;
161;1606.2;PHB500;1606.2;PHB500;CATEGORIA0;;1;1;0;1;;TUBO TRAVÃO;TUBO TRAVÃO;0;;
161;1606.2;PHB501;1606.2;PHB501;CATEGORIA0;;1;1;0;1;;TUBO TRAVÃO;TUBO TRAVÃO;0;;
161;1606.2;PHB502;1606.2;PHB502;CATEGORIA0;;1;1;0;1;;TUBO TRAVÃO;TUBO TRAVÃO;0;;
161;1606.2;PHB503;1606.2;PHB503;CATEGORIA0;;1;1;0;1;;TUBO TRAVÃO;TUBO TRAVÃO;0;;
161;1606.2;PHB506;1606.2;PHB506;CATEGORIA0;;1;1;0;1;;TUBO TRAVÃO;TUBO TRAVÃO;0;;
161;1606.2;PHB507;1606.2;PHB507;CATEGORIA0;;1;1;0;1;;TUBO TRAVÃO;TUBO TRAVÃO;0;;
161;1606.2;PHB508;1606.2;PHB508;CATEGORIA0;;1;1;0;1;;TUBO TRAVÃO;TUBO TRAVÃO;0;;
161;1606.2;PHB509;1606.2;PHB509;CATEGORIA0;;1;1;0;1;;TUBO TRAVÃO;TUBO TRAVÃO;0;;
161;1606.2;PHB510;1606.2;PHB510;CATEGORIA0;;1;1;0;1;;TUBO TRAVÃO;TUBO TRAVÃO;0;;
161;1606.2;PHB511;1606.2;PHB511;CATEGORIA0;;1;1;0;1;;TUBO TRAVÃO;TUBO TRAVÃO;0;;
161;1606.2;PHB512;1606.2;PHB512;CATEGORIA0;;1;1;0;1;;TUBO TRAVÃO;TUBO TRAVÃO;0;;
161;1606.2;PHB513;1606.2;PHB513;CATEGORIA0;;1;1;0;1;;TUBO TRAVÃO;TUBO TRAVÃO;0;;
161;1606.2;PHB514;1606.2;PHB514;CATEGORIA0;;1;1;0;1;;TUBO TRAVÃO;TUBO TRAVÃO;0;;
161;1606.2;PHB515;1606.2;PHB515;CATEGORIA0;;1;1;0;1;;TUBO TRAVÃO;TUBO TRAVÃO;0;;
161;1606.2;PHB516;1606.2;PHB516;CATEGORIA0;;1;1;0;1;;TUBO TRAVÃO;TUBO TRAVÃO;0;;
161;1606.2;PHB517;1606.2;PHB517;CATEGORIA0;;1;1;0;1;;TUBO TRAVÃO;TUBO TRAVÃO;0;;
161;1606.2;PHB518;1606.2;PHB518;CATEGORIA0;;1;1;0;1;;TUBO TRAVÃO;TUBO TRAVÃO;0;;
161;1606.2;PHB519;1606.2;PHB519;CATEGORIA0;;1;1;0;1;;TUBO TRAVÃO;TUBO TRAVÃO;0;;
161;1606.2;PHB520;1606.2;PHB520;CATEGORIA0;;1;1;0;1;;TUBO TRAVÃO;TUBO TRAVÃO;0;;
161;1606.2;PHB521;1606.2;PHB521;CATEGORIA0;;1;1;0;1;;TUBO TRAVÃO;TUBO TRAVÃO;0;;
161;1606.2;PHB523;1606.2;PHB523;CATEGORIA0;;1;1;0;1;;TUBO TRAVÃO;TUBO TRAVÃO;0;;
161;1606.2;PHB524;1606.2;PHB524;CATEGORIA0;;1;1;0;1;;TUBO TRAVÃO;TUBO TRAVÃO;0;;
161;1606.2;PHB525;1606.2;PHB525;CATEGORIA0;;1;1;0;1;;TUBO TRAVÃO;TUBO TRAVÃO;0;;
161;1606.2;PHB526;1606.2;PHB526;CATEGORIA0;;1;1;0;1;;TUBO TRAVÃO;TUBO TRAVÃO;0;;
161;1606.2;PHB527;1606.2;PHB527;CATEGORIA0;;1;1;0;1;;TUBO TRAVÃO;TUBO TRAVÃO;0;;
161;1606.2;PHB528;1606.2;PHB528;CATEGORIA0;;1;1;0;1;;TUBO TRAVÃO;TUBO TRAVÃO;0;;
161;1606.2;PHB529;1606.2;PHB529;CATEGORIA0;;1;1;0;1;;TUBO TRAVÃO;TUBO TRAVÃO;0;;
161;1606.2;PHB530;1606.2;PHB530;CATEGORIA0;;1;1;0;1;;TUBO TRAVÃO;TUBO TRAVÃO;0;;
161;1606.2;PHB531;1606.2;PHB531;CATEGORIA0;;1;1;0;1;;TUBO TRAVÃO;TUBO TRAVÃO;0;;
161;1606.2;PHB534;1606.2;PHB534;CATEGORIA0;;1;1;0;1;;TUBO TRAVÃO;TUBO TRAVÃO;0;;
161;1606.2;PHB537;1606.2;PHB537;CATEGORIA0;;1;1;0;1;;TUBO TRAVÃO;TUBO TRAVÃO;0;;
161;1606.2;PHB538;1606.2;PHB538;CATEGORIA0;;1;1;0;1;;TUBO TRAVÃO;TUBO TRAVÃO;0;;
161;1606.2;PHB539;1606.2;PHB539;CATEGORIA0;;1;1;0;1;;TUBO TRAVÃO;TUBO TRAVÃO;0;;
161;1606.2;PHB540;1606.2;PHB540;CATEGORIA0;;1;1;0;1;;TUBO TRAVÃO;TUBO TRAVÃO;0;;
161;1606.2;PHB541;1606.2;PHB541;CATEGORIA0;;1;1;0;1;;TUBO TRAVÃO;TUBO TRAVÃO;0;;
161;1606.2;PHB542;1606.2;PHB542;CATEGORIA0;;1;1;0;1;;TUBO TRAVÃO;TUBO TRAVÃO;0;;
161;1606.2;PHB543;1606.2;PHB543;CATEGORIA0;;1;1;0;1;;TUBO TRAVÃO;TUBO TRAVÃO;0;;
161;1606.2;PHB544;1606.2;PHB544;CATEGORIA0;;1;1;0;1;;TUBO TRAVÃO;TUBO TRAVÃO;0;;
161;1606.2;PHB545;1606.2;PHB545;CATEGORIA0;;1;1;0;1;;TUBO TRAVÃO;TUBO TRAVÃO;0;;
161;1606.2;PHB548;1606.2;PHB548;CATEGORIA0;;1;1;0;1;;TUBO TRAVÃO;TUBO TRAVÃO;0;;
161;1606.2;PHB549;1606.2;PHB549;CATEGORIA0;;1;1;0;1;;TUBO TRAVÃO;TUBO TRAVÃO;0;;
161;1606.2;PHB550;1606.2;PHB550;CATEGORIA0;;1;1;0;1;;TUBO TRAVÃO;TUBO TRAVÃO;0;;
161;1606.2;PHB551;1606.2;PHB551;CATEGORIA0;;1;1;0;1;;TUBO TRAVÃO;TUBO TRAVÃO;0;;
161;1606.2;PHB552;1606.2;PHB552;CATEGORIA0;;1;1;0;1;;TUBO TRAVÃO;TUBO TRAVÃO;0;;
161;1606.2;PHB553;1606.2;PHB553;CATEGORIA0;;1;1;0;1;;TUBO TRAVÃO;TUBO TRAVÃO;0;;
161;1606.2;PHB554;1606.2;PHB554;CATEGORIA0;;1;1;0;1;;TUBO TRAVÃO;TUBO TRAVÃO;0;;
161;1606.2;PHB555;1606.2;PHB555;CATEGORIA0;;1;1;0;1;;TUBO TRAVÃO;TUBO TRAVÃO;0;;
161;1606.2;PHB556;1606.2;PHB556;CATEGORIA0;;1;1;0;1;;TUBO TRAVÃO;TUBO TRAVÃO;0;;
161;1606.2;PHB559;1606.2;PHB559;CATEGORIA0;;1;1;0;1;;TUBO TRAVÃO;TUBO TRAVÃO;0;;
161;1606.2;PHB560;1606.2;PHB560;CATEGORIA0;;1;1;0;1;;TUBO TRAVÃO;TUBO TRAVÃO;0;;
161;1606.2;PHB561;1606.2;PHB561;CATEGORIA0;;1;1;0;1;;TUBO TRAVÃO;TUBO TRAVÃO;0;;
161;1606.2;PHB562;1606.2;PHB562;CATEGORIA0;;1;1;0;1;;TUBO TRAVÃO;TUBO TRAVÃO;0;;
161;1606.2;PHB563;1606.2;PHB563;CATEGORIA0;;1;1;0;1;;TUBO TRAVÃO;TUBO TRAVÃO;0;;
161;1606.2;PHB564;1606.2;PHB564;CATEGORIA0;;1;1;0;1;;TUBO TRAVÃO;TUBO TRAVÃO;0;;
161;1606.2;PHB565;1606.2;PHB565;CATEGORIA0;;1;1;0;1;;TUBO TRAVÃO;TUBO TRAVÃO;0;;
161;1606.2;PHB567;1606.2;PHB567;CATEGORIA0;;1;1;0;1;;TUBO TRAVÃO;TUBO TRAVÃO;0;;
161;1606.2;PHB568;1606.2;PHB568;CATEGORIA0;;1;1;0;1;;TUBO TRAVÃO;TUBO TRAVÃO;0;;
161;1606.2;PHB569;1606.2;PHB569;CATEGORIA0;;1;1;0;1;;TUBO TRAVÃO;TUBO TRAVÃO;0;;
161;1606.2;PHB571;1606.2;PHB571;CATEGORIA0;;1;1;0;1;;TUBO TRAVÃO;TUBO TRAVÃO;0;;
161;1606.2;PHB572;1606.2;PHB572;CATEGORIA0;;1;1;0;1;;TUBO TRAVÃO;TUBO TRAVÃO;0;;
161;1606.2;PHB573;1606.2;PHB573;CATEGORIA0;;1;1;0;1;;TUBO TRAVÃO;TUBO TRAVÃO;0;;
161;1606.2;PHB574;1606.2;PHB574;CATEGORIA0;;1;1;0;1;;TUBO TRAVÃO;TUBO TRAVÃO;0;;
161;1606.2;PHB575;1606.2;PHB575;CATEGORIA0;;1;1;0;1;;TUBO TRAVÃO;TUBO TRAVÃO;0;;
161;1606.2;PHB576;1606.2;PHB576;CATEGORIA0;;1;1;0;1;;TUBO TRAVÃO;TUBO TRAVÃO;0;;
161;1606.2;PHB577;1606.2;PHB577;CATEGORIA0;;1;1;0;1;;TUBO TRAVÃO;TUBO TRAVÃO;0;;
161;1606.2;PHB579;1606.2;PHB579;CATEGORIA0;;1;1;0;1;;TUBO TRAVÃO;TUBO TRAVÃO;0;;
161;1606.2;PHB580;1606.2;PHB580;CATEGORIA0;;1;1;0;1;;TUBO TRAVÃO;TUBO TRAVÃO;0;;
161;1606.2;PHB581;1606.2;PHB581;CATEGORIA0;;1;1;0;1;;TUBO TRAVÃO;TUBO TRAVÃO;0;;
161;1606.2;PHB582;1606.2;PHB582;CATEGORIA0;;1;1;0;1;;TUBO TRAVÃO;TUBO TRAVÃO;0;;
161;1606.2;PHB583;1606.2;PHB583;CATEGORIA0;;1;1;0;1;;TUBO TRAVÃO;TUBO TRAVÃO;0;;
161;1606.2;PHB595;1606.2;PHB595;CATEGORIA0;;1;1;0;1;;TUBO TRAVÃO;TUBO TRAVÃO;0;;
161;1606.2;PHB596;1606.2;PHB596;CATEGORIA0;;1;1;0;1;;TUBO TRAVÃO;TUBO TRAVÃO;0;;
161;1606.2;PHB597;1606.2;PHB597;CATEGORIA0;;1;1;0;1;;TUBO TRAVÃO;TUBO TRAVÃO;0;;
161;1606.2;PHB598;1606.2;PHB598;CATEGORIA0;;1;1;0;1;;TUBO TRAVÃO;TUBO TRAVÃO;0;;
161;1606.2;PHB599;1606.2;PHB599;CATEGORIA0;;1;1;0;1;;TUBO TRAVÃO;TUBO TRAVÃO;0;;
161;1606.2;PHB600;1606.2;PHB600;CATEGORIA0;;1;1;0;1;;TUBO TRAVÃO;TUBO TRAVÃO;0;;
161;1606.2;PHB601;1606.2;PHB601;CATEGORIA0;;1;1;0;1;;TUBO TRAVÃO;TUBO TRAVÃO;0;;
161;1606.2;PHB602;1606.2;PHB602;CATEGORIA0;;1;1;0;1;;TUBO TRAVÃO;TUBO TRAVÃO;0;;
161;1606.2;PHB617;1606.2;PHB617;CATEGORIA0;;1;1;0;1;;TUBO TRAVÃO;TUBO TRAVÃO;0;;
161;1606.2;PHB624;1606.2;PHB624;CATEGORIA0;;1;1;0;1;;TUBO TRAVÃO;TUBO TRAVÃO;0;;
161;1606.2;PHB627;1606.2;PHB627;CATEGORIA0;;1;1;0;1;;TUBO TRAVÃO;TUBO TRAVÃO;0;;
161;1606.2;PHB628;1606.2;PHB628;CATEGORIA0;;1;1;0;1;;TUBO TRAVÃO;TUBO TRAVÃO;0;;
161;1606.2;PHB630;1606.2;PHB630;CATEGORIA0;;1;1;0;1;;TUBO TRAVÃO;TUBO TRAVÃO;0;;
161;1606.2;PHB631;1606.2;PHB631;CATEGORIA0;;1;1;0;1;;TUBO TRAVÃO;TUBO TRAVÃO;0;;
161;1606.2;PHB634;1606.2;PHB634;CATEGORIA0;;1;1;0;1;;TUBO TRAVÃO;TUBO TRAVÃO;0;;
161;1606.2;PHB635;1606.2;PHB635;CATEGORIA0;;1;1;0;1;;TUBO TRAVÃO;TUBO TRAVÃO;0;;
161;1606.2;PHB636;1606.2;PHB636;CATEGORIA0;;1;1;0;1;;TUBO TRAVÃO;TUBO TRAVÃO;0;;
161;1606.2;PHB637;1606.2;PHB637;CATEGORIA0;;1;1;0;1;;TUBO TRAVÃO;TUBO TRAVÃO;0;;
161;1606.2;PHB639;1606.2;PHB639;CATEGORIA0;;1;1;0;1;;TUBO TRAVÃO;TUBO TRAVÃO;0;;
161;1606.2;PHB640;1606.2;PHB640;CATEGORIA0;;1;1;0;1;;TUBO TRAVÃO;TUBO TRAVÃO;0;;
161;1606.2;PHB641;1606.2;PHB641;CATEGORIA0;;1;1;0;1;;TUBO TRAVÃO;TUBO TRAVÃO;0;;
161;1606.2;PHB642;1606.2;PHB642;CATEGORIA0;;1;1;0;1;;TUBO TRAVÃO;TUBO TRAVÃO;0;;
161;1606.2;PHB643;1606.2;PHB643;CATEGORIA0;;1;1;0;1;;TUBO TRAVÃO;TUBO TRAVÃO;0;;
161;1606.2;PHB646;1606.2;PHB646;CATEGORIA0;;1;1;0;1;;TUBO TRAVÃO;TUBO TRAVÃO;0;;
161;1606.2;PHB647;1606.2;PHB647;CATEGORIA0;;1;1;0;1;;TUBO TRAVÃO;TUBO TRAVÃO;0;;
161;1606.2;PHB648;1606.2;PHB648;CATEGORIA0;;1;1;0;1;;TUBO TRAVÃO;TUBO TRAVÃO;0;;
161;1606.2;PHB649;1606.2;PHB649;CATEGORIA0;;1;1;0;1;;TUBO TRAVÃO;TUBO TRAVÃO;0;;
161;1606.2;PHB650;1606.2;PHB650;CATEGORIA0;;1;1;0;1;;TUBO TRAVÃO;TUBO TRAVÃO;0;;
161;1606.2;PHB651;1606.2;PHB651;CATEGORIA0;;1;1;0;1;;TUBO TRAVÃO;TUBO TRAVÃO;0;;
161;1606.2;PHB652;1606.2;PHB652;CATEGORIA0;;1;1;0;1;;TUBO TRAVÃO;TUBO TRAVÃO;0;;
161;1606.2;PHB654;1606.2;PHB654;CATEGORIA0;;1;1;0;1;;TUBO TRAVÃO;TUBO TRAVÃO;0;;
161;1606.2;PHB655;1606.2;PHB655;CATEGORIA0;;1;1;0;1;;TUBO TRAVÃO;TUBO TRAVÃO;0;;
161;1606.2;PHB656;1606.2;PHB656;CATEGORIA0;;1;1;0;1;;TUBO TRAVÃO;TUBO TRAVÃO;0;;
161;1606.2;PHB657;1606.2;PHB657;CATEGORIA0;;1;1;0;1;;TUBO TRAVÃO;TUBO TRAVÃO;0;;
161;1606.2;PHB658;1606.2;PHB658;CATEGORIA0;;1;1;0;1;;TUBO TRAVÃO;TUBO TRAVÃO;0;;
161;1606.2;PHB659;1606.2;PHB659;CATEGORIA0;;1;1;0;1;;TUBO TRAVÃO;TUBO TRAVÃO;0;;
161;1606.2;PHB661;1606.2;PHB661;CATEGORIA0;;1;1;0;1;;TUBO TRAVÃO;TUBO TRAVÃO;0;;
161;1606.2;PHB662;1606.2;PHB662;CATEGORIA0;;1;1;0;1;;TUBO TRAVÃO;TUBO TRAVÃO;0;;
161;1606.2;PHB664;1606.2;PHB664;CATEGORIA0;;1;1;0;1;;TUBO TRAVÃO;TUBO TRAVÃO;0;;
161;1606.2;PHB665;1606.2;PHB665;CATEGORIA0;;1;1;0;1;;TUBO TRAVÃO;TUBO TRAVÃO;0;;
161;1606.2;PHB674;1606.2;PHB674;CATEGORIA0;;1;1;0;1;;TUBO TRAVÃO;TUBO TRAVÃO;0;;
161;1606.2;PHB677;1606.2;PHB677;CATEGORIA0;;1;1;0;1;;TUBO TRAVÃO;TUBO TRAVÃO;0;;
161;1606.2;PHB688;1606.2;PHB688;CATEGORIA0;;1;1;0;1;;TUBO TRAVÃO;TUBO TRAVÃO;0;;
161;1606.2;PHB692;1606.2;PHB692;CATEGORIA0;;1;1;0;1;;TUBO TRAVÃO;TUBO TRAVÃO;0;;
161;1606.2;PHB694;1606.2;PHB694;CATEGORIA0;;1;1;0;1;;TUBO TRAVÃO;TUBO TRAVÃO;0;;
161;1606.2;PHB695;1606.2;PHB695;CATEGORIA0;;1;1;0;1;;TUBO TRAVÃO;TUBO TRAVÃO;0;;
161;1606.2;PHB696;1606.2;PHB696;CATEGORIA0;;1;1;0;1;;TUBO TRAVÃO;TUBO TRAVÃO;0;;
161;1606.2;PHB698;1606.2;PHB698;CATEGORIA0;;1;1;0;1;;TUBO TRAVÃO;TUBO TRAVÃO;0;;
161;1606.2;PHB699;1606.2;PHB699;CATEGORIA0;;1;1;0;1;;TUBO TRAVÃO;TUBO TRAVÃO;0;;
161;1606.2;PHB900;1606.2;PHB900;CATEGORIA0;;1;1;0;1;;TUBO TRAVÃO;TUBO TRAVÃO;0;;
161;1606.2;PHB901;1606.2;PHB901;CATEGORIA0;;1;1;0;1;;TUBO TRAVÃO;TUBO TRAVÃO;0;;
161;1606.2;PHB905;1606.2;PHB905;CATEGORIA0;;1;1;0;1;;TUBO TRAVÃO;TUBO TRAVÃO;0;;
161;1606.2;PHB906;1606.2;PHB906;CATEGORIA0;;1;1;0;1;;TUBO TRAVÃO;TUBO TRAVÃO;0;;
161;1606.2;PHB907;1606.2;PHB907;CATEGORIA0;;1;1;0;1;;TUBO TRAVÃO;TUBO TRAVÃO;0;;
161;1606.2;PHB911;1606.2;PHB911;CATEGORIA0;;1;1;0;1;;TUBO TRAVÃO;TUBO TRAVÃO;0;;
161;1606.2;PHB912;1606.2;PHB912;CATEGORIA0;;1;1;0;1;;TUBO TRAVÃO;TUBO TRAVÃO;0;;
161;1606.2;PHB914;1606.2;PHB914;CATEGORIA0;;1;1;0;1;;TUBO TRAVÃO;TUBO TRAVÃO;0;;
161;1606.2;PHB915;1606.2;PHB915;CATEGORIA0;;1;1;0;1;;TUBO TRAVÃO;TUBO TRAVÃO;0;;
161;1606.2;PHB916;1606.2;PHB916;CATEGORIA0;;1;1;0;1;;TUBO TRAVÃO;TUBO TRAVÃO;0;;
161;1606.2;PHB917;1606.2;PHB917;CATEGORIA0;;1;1;0;1;;TUBO TRAVÃO;TUBO TRAVÃO;0;;
161;1606.2;PHB920;1606.2;PHB920;CATEGORIA0;;1;1;0;1;;TUBO TRAVÃO;TUBO TRAVÃO;0;;
161;1606.2;PHB921;1606.2;PHB921;CATEGORIA0;;1;1;0;1;;TUBO TRAVÃO;TUBO TRAVÃO;0;;
161;1606.2;PHB935;1606.2;PHB935;CATEGORIA0;;1;1;0;1;;TUBO TRAVÃO;TUBO TRAVÃO;0;;
161;1606.2;PHB937;1606.2;PHB937;CATEGORIA0;;1;1;0;1;;TUBO TRAVÃO;TUBO TRAVÃO;0;;
161;1606.2;PHB939;1606.2;PHB939;CATEGORIA0;;1;1;0;1;;TUBO TRAVÃO;TUBO TRAVÃO;0;;
161;1606.2;PHB940;1606.2;PHB940;CATEGORIA0;;1;1;0;1;;TUBO TRAVÃO;TUBO TRAVÃO;0;;
161;1606.2;PHC100;1606.2;PHC100;CATEGORIA0;;1;1;0;1;;TUBO TRAVÃO;TUBO TRAVÃO;0;;
161;1606.2;PHC101;1606.2;PHC101;CATEGORIA0;;1;1;0;1;;TUBO TRAVÃO;TUBO TRAVÃO;0;;
161;1606.2;PHC102;1606.2;PHC102;CATEGORIA0;;1;1;0;1;;TUBO TRAVÃO;TUBO TRAVÃO;0;;
161;1606.2;PHC104;1606.2;PHC104;CATEGORIA0;;1;1;0;1;;TUBO TRAVÃO;TUBO TRAVÃO;0;;
161;1606.2;PHC105;1606.2;PHC105;CATEGORIA0;;1;1;0;1;;TUBO TRAVÃO;TUBO TRAVÃO;0;;
161;1606.2;PHC109;1606.2;PHC109;CATEGORIA0;;1;1;0;1;;TUBO TRAVÃO;TUBO TRAVÃO;0;;
161;1606.2;PHC113;1606.2;PHC113;CATEGORIA0;;1;1;0;1;;TUBO DE TRAVÃO;TUBO DE TRAVÃO;0;;
161;1606.2;PHC115;1606.2;PHC115;CATEGORIA0;;1;1;0;1;;TUBO TRAVÃO;TUBO TRAVÃO;0;;
161;1606.2;PHC116;1606.2;PHC116;CATEGORIA0;;1;1;0;1;;TUBO TRAVÃO;TUBO TRAVÃO;0;;
161;1606.2;PHC117;1606.2;PHC117;CATEGORIA0;;1;1;0;1;;TUBO TRAVÃO;TUBO TRAVÃO;0;;
161;1606.2;PHC118;1606.2;PHC118;CATEGORIA0;;1;1;0;1;;TUBO TRAVÃO;TUBO TRAVÃO;0;;
161;1606.2;PHC122;1606.2;PHC122;CATEGORIA0;;1;1;0;1;;TUBO TRAVÃO;TUBO TRAVÃO;0;;
161;1606.2;PHC123;1606.2;PHC123;CATEGORIA0;;1;1;0;1;;TUBO TRAVÃO;TUBO TRAVÃO;0;;
161;1606.2;PHC125;1606.2;PHC125;CATEGORIA0;;1;1;0;1;;TUBO TRAVÃO;TUBO TRAVÃO;0;;
161;1606.2;PHC126;1606.2;PHC126;CATEGORIA0;;1;1;0;1;;TUBO TRAVÃO;TUBO TRAVÃO;0;;
161;1606.2;PHC127;1606.2;PHC127;CATEGORIA0;;1;1;0;1;;TUBO TRAVÃO;TUBO TRAVÃO;0;;
161;1606.2;PHC129;1606.2;PHC129;CATEGORIA0;;1;1;0;1;;TUBO TRAVÃO;TUBO TRAVÃO;0;;
161;1606.2;PHC130;1606.2;PHC130;CATEGORIA0;;1;1;0;1;;TUBO TRAVÃO;TUBO TRAVÃO;0;;
161;1606.2;PHC131;1606.2;PHC131;CATEGORIA0;;1;1;0;1;;TUBO TRAVÃO;TUBO TRAVÃO;0;;
161;1606.2;PHC132;1606.2;PHC132;CATEGORIA0;;1;1;0;1;;TUBO TRAVÃO;TUBO TRAVÃO;0;;
161;1606.2;PHC134;1606.2;PHC134;CATEGORIA0;;1;1;0;1;;TUBO TRAVÃO;TUBO TRAVÃO;0;;
161;1606.2;PHC135;1606.2;PHC135;CATEGORIA0;;1;1;0;1;;TUBO TRAVÃO;TUBO TRAVÃO;0;;
161;1606.2;PHC136;1606.2;PHC136;CATEGORIA0;;1;1;0;1;;TUBO TRAVÃO;TUBO TRAVÃO;0;;
161;1606.2;PHC137;1606.2;PHC137;CATEGORIA0;;1;1;0;1;;TUBO TRAVÃO;TUBO TRAVÃO;0;;
161;1606.2;PHC139;1606.2;PHC139;CATEGORIA0;;1;1;0;1;;TUBO TRAVÃO;TUBO TRAVÃO;0;;
161;1606.2;PHC141;1606.2;PHC141;CATEGORIA0;;1;1;0;1;;TUBO TRAVÃO;TUBO TRAVÃO;0;;
161;1606.2;PHC142;1606.2;PHC142;CATEGORIA0;;1;1;0;1;;TUBO TRAVÃO;TUBO TRAVÃO;0;;
161;1606.2;PHC144;1606.2;PHC144;CATEGORIA0;;1;1;0;1;;TUBO TRAVÃO;TUBO TRAVÃO;0;;
161;1606.2;PHC145;1606.2;PHC145;CATEGORIA0;;1;1;0;1;;TUBO TRAVÃO;TUBO TRAVÃO;0;;
161;1606.2;PHC147;1606.2;PHC147;CATEGORIA0;;1;1;0;1;;TUBO TRAVÃO;TUBO TRAVÃO;0;;
161;1606.2;PHC148;1606.2;PHC148;CATEGORIA0;;1;1;0;1;;TUBO TRAVÃO;TUBO TRAVÃO;0;;
161;1606.2;PHC149;1606.2;PHC149;CATEGORIA0;;1;1;0;1;;TUBO TRAVÃO;TUBO TRAVÃO;0;;
161;1606.2;PHC150;1606.2;PHC150;CATEGORIA0;;1;1;0;1;;TUBO TRAVÃO;TUBO TRAVÃO;0;;
161;1606.2;PHC153;1606.2;PHC153;CATEGORIA0;;1;1;0;1;;TUBO TRAVÃO;TUBO TRAVÃO;0;;
161;1606.2;PHC156;1606.2;PHC156;CATEGORIA0;;1;1;0;1;;TUBO TRAVÃO;TUBO TRAVÃO;0;;
161;1606.2;PHC157;1606.2;PHC157;CATEGORIA0;;1;1;0;1;;TUBO TRAVÃO;TUBO TRAVÃO;0;;
161;1606.2;PHC160;1606.2;PHC160;CATEGORIA0;;1;1;0;1;;TUBO TRAVÃO;TUBO TRAVÃO;0;;
161;1606.2;PHC163;1606.2;PHC163;CATEGORIA0;;1;1;0;1;;TUBO TRAVÃO;TUBO TRAVÃO;0;;
161;1606.2;PHC164;1606.2;PHC164;CATEGORIA0;;1;1;0;1;;TUBO TRAVÃO;TUBO TRAVÃO;0;;
161;1606.2;PHC165;1606.2;PHC165;CATEGORIA0;;1;1;0;1;;TUBO TRAVÃO;TUBO TRAVÃO;0;;
161;1606.2;PHC167;1606.2;PHC167;CATEGORIA0;;1;1;0;1;;TUBO TRAVÃO;TUBO TRAVÃO;0;;
161;1606.2;PHC169;1606.2;PHC169;CATEGORIA0;;1;1;0;1;;TUBO TRAVÃO;TUBO TRAVÃO;0;;
161;1606.2;PHC170;1606.2;PHC170;CATEGORIA0;;1;1;0;1;;TUBO TRAVÃO;TUBO TRAVÃO;0;;
161;1606.2;PHC172;1606.2;PHC172;CATEGORIA0;;1;1;0;1;;TUBO TRAVÃO;TUBO TRAVÃO;0;;
161;1606.2;PHC173;1606.2;PHC173;CATEGORIA0;;1;1;0;1;;TUBO TRAVÃO;TUBO TRAVÃO;0;;
161;1606.2;PHC175;1606.2;PHC175;CATEGORIA0;;1;1;0;1;;TUBO TRAVÃO;TUBO TRAVÃO;0;;
161;1606.2;PHC176;1606.2;PHC176;CATEGORIA0;;1;1;0;1;;TUBO TRAVÃO;TUBO TRAVÃO;0;;
161;1606.2;PHC183;1606.2;PHC183;CATEGORIA0;;1;1;0;1;;TUBO TRAVÃO;TUBO TRAVÃO;0;;
161;1606.2;PHC184;1606.2;PHC184;CATEGORIA0;;1;1;0;1;;TUBO TRAVÃO;TUBO TRAVÃO;0;;
161;1606.2;PHC185;1606.2;PHC185;CATEGORIA0;;1;1;0;1;;TUBO TRAVÃO;TUBO TRAVÃO;0;;
161;1606.2;PHC186;1606.2;PHC186;CATEGORIA0;;1;1;0;1;;TUBO TRAVÃO;TUBO TRAVÃO;0;;
161;1606.2;PHC190;1606.2;PHC190;CATEGORIA0;;1;1;0;1;;TUBO TRAVÃO;TUBO TRAVÃO;0;;
161;1606.2;PHC192;1606.2;PHC192;CATEGORIA0;;1;1;0;1;;TUBO TRAVÃO;TUBO TRAVÃO;0;;
161;1606.2;PHC193;1606.2;PHC193;CATEGORIA0;;1;1;0;1;;TUBO TRAVÃO;TUBO TRAVÃO;0;;
161;1606.2;PHC195;1606.2;PHC195;CATEGORIA0;;1;1;0;1;;TUBO TRAVÃO;TUBO TRAVÃO;0;;
161;1606.2;PHC197;1606.2;PHC197;CATEGORIA0;;1;1;0;1;;TUBO TRAVÃO;TUBO TRAVÃO;0;;
161;1606.2;PHC198;1606.2;PHC198;CATEGORIA0;;1;1;0;1;;TUBO TRAVÃO;TUBO TRAVÃO;0;;
161;1606.2;PHC199;1606.2;PHC199;CATEGORIA0;;1;1;0;1;;TUBO TRAVÃO;TUBO TRAVÃO;0;;
161;1606.2;PHC201;1606.2;PHC201;CATEGORIA0;;1;1;0;1;;TUBO TRAVÃO;TUBO TRAVÃO;0;;
161;1606.2;PHC204;1606.2;PHC204;CATEGORIA0;;1;1;0;1;;TUBO TRAVÃO;TUBO TRAVÃO;0;;
161;1606.2;PHC205;1606.2;PHC205;CATEGORIA0;;1;1;0;1;;TUBO TRAVÃO;TUBO TRAVÃO;0;;
161;1606.2;PHC207;1606.2;PHC207;CATEGORIA0;;1;1;0;1;;TUBO TRAVÃO;TUBO TRAVÃO;0;;
161;1606.2;PHC211;1606.2;PHC211;CATEGORIA0;;1;1;0;1;;TUBO TRAVÃO;TUBO TRAVÃO;0;;
161;1606.2;PHC212;1606.2;PHC212;CATEGORIA0;;1;1;0;1;;TUBO TRAVÃO;TUBO TRAVÃO;0;;
161;1606.2;PHC214;1606.2;PHC214;CATEGORIA0;;1;1;0;1;;TUBO TRAVÃO;TUBO TRAVÃO;0;;
161;1606.2;PHC215;1606.2;PHC215;CATEGORIA0;;1;1;0;1;;TUBO TRAVÃO;TUBO TRAVÃO;0;;
161;1606.2;PHC216;1606.2;PHC216;CATEGORIA0;;1;1;0;1;;TUBO TRAVÃO;TUBO TRAVÃO;0;;
161;1606.2;PHC218;1606.2;PHC218;CATEGORIA0;;1;1;0;1;;TUBO TRAVÃO;TUBO TRAVÃO;0;;
161;1606.2;PHC219;1606.2;PHC219;CATEGORIA0;;1;1;0;1;;TUBO TRAVÃO;TUBO TRAVÃO;0;;
161;1606.2;PHC220;1606.2;PHC220;CATEGORIA0;;1;1;0;1;;TUBO TRAVÃO;TUBO TRAVÃO;0;;
161;1606.2;PHC223;1606.2;PHC223;CATEGORIA0;;1;1;0;1;;TUBO TRAVÃO;TUBO TRAVÃO;0;;
161;1606.2;PHC224;1606.2;PHC224;CATEGORIA0;;1;1;0;1;;TUBO TRAVÃO;TUBO TRAVÃO;0;;
161;1606.2;PHC227;1606.2;PHC227;CATEGORIA0;;1;1;0;1;;TUBO TRAVÃO;TUBO TRAVÃO;0;;
161;1606.2;PHC228;1606.2;PHC228;CATEGORIA0;;1;1;0;1;;TUBO TRAVÃO;TUBO TRAVÃO;0;;
161;1606.2;PHC229;1606.2;PHC229;CATEGORIA0;;1;1;0;1;;TUBO TRAVÃO;TUBO TRAVÃO;0;;
161;1606.2;PHC230;1606.2;PHC230;CATEGORIA0;;1;1;0;1;;TUBO TRAVÃO;TUBO TRAVÃO;0;;
161;1606.2;PHC231;1606.2;PHC231;CATEGORIA0;;1;1;0;1;;TUBO TRAVÃO;TUBO TRAVÃO;0;;
161;1606.2;PHC235;1606.2;PHC235;CATEGORIA0;;1;1;0;1;;TUBO TRAVÃO;TUBO TRAVÃO;0;;
161;1606.2;PHC236;1606.2;PHC236;CATEGORIA0;;1;1;0;1;;TUBO TRAVÃO;TUBO TRAVÃO;0;;
161;1606.2;PHC243;1606.2;PHC243;CATEGORIA0;;1;1;0;1;;TUBO TRAVÃO;TUBO TRAVÃO;0;;
161;1606.2;PHC244;1606.2;PHC244;CATEGORIA0;;1;1;0;1;;TUBO TRAVÃO;TUBO TRAVÃO;0;;
161;1606.2;PHC246;1606.2;PHC246;CATEGORIA0;;1;1;0;1;;TUBO TRAVÃO;TUBO TRAVÃO;0;;
161;1606.2;PHC248;1606.2;PHC248;CATEGORIA0;;1;1;0;1;;TUBO TRAVÃO;TUBO TRAVÃO;0;;
161;1606.2;PHC249;1606.2;PHC249;CATEGORIA0;;1;1;0;1;;TUBO TRAVÃO;TUBO TRAVÃO;0;;
161;1606.2;PHC250;1606.2;PHC250;CATEGORIA0;;1;1;0;1;;TUBO TRAVÃO;TUBO TRAVÃO;0;;
161;1606.2;PHC254;1606.2;PHC254;CATEGORIA0;;1;1;0;1;;TUBO TRAVÃO;TUBO TRAVÃO;0;;
161;1606.2;PHC255;1606.2;PHC255;CATEGORIA0;;1;1;0;1;;TUBO TRAVÃO;TUBO TRAVÃO;0;;
161;1606.2;PHC258;1606.2;PHC258;CATEGORIA0;;1;1;0;1;;TUBO TRAVÃO;TUBO TRAVÃO;0;;
161;1606.2;PHC272;1606.2;PHC272;CATEGORIA0;;1;1;0;1;;TUBO TRAVÃO;TUBO TRAVÃO;0;;
161;1606.2;PHC274;1606.2;PHC274;CATEGORIA0;;1;1;0;1;;TUBO TRAVÃO;TUBO TRAVÃO;0;;
161;1606.2;PHC275;1606.2;PHC275;CATEGORIA0;;1;1;0;1;;TUBO TRAVÃO;TUBO TRAVÃO;0;;
161;1606.2;PHC278;1606.2;PHC278;CATEGORIA0;;1;1;0;1;;TUBO TRAVÃO;TUBO TRAVÃO;0;;
161;1606.2;PHC279;1606.2;PHC279;CATEGORIA0;;1;1;0;1;;TUBO TRAVÃO;TUBO TRAVÃO;0;;
161;1606.2;PHC280;1606.2;PHC280;CATEGORIA0;;1;1;0;1;;TUBO TRAVÃO;TUBO TRAVÃO;0;;
161;1606.2;PHC281;1606.2;PHC281;CATEGORIA0;;1;1;0;1;;TUBO TRAVÃO;TUBO TRAVÃO;0;;
161;1606.2;PHC283;1606.2;PHC283;CATEGORIA0;;1;1;0;1;;TUBO TRAVÃO;TUBO TRAVÃO;0;;
161;1606.2;PHC284;1606.2;PHC284;CATEGORIA0;;1;1;0;1;;TUBO TRAVÃO;TUBO TRAVÃO;0;;
161;1606.2;PHC288;1606.2;PHC288;CATEGORIA0;;1;1;0;1;;TUBO TRAVÃO;TUBO TRAVÃO;0;;
161;1606.2;PHC289;1606.2;PHC289;CATEGORIA0;;1;1;0;1;;TUBO TRAVÃO;TUBO TRAVÃO;0;;
161;1606.2;PHC291;1606.2;PHC291;CATEGORIA0;;1;1;0;1;;TUBO TRAVÃO DRT. C/ SUP. FIX.;TUBO TRAVÃO DRT. C/ SUP. FIX.;0;;
161;1606.2;PHC292;1606.2;PHC292;CATEGORIA0;;1;1;0;1;;TUBO TRAVÃO ESQ. C/ SUP. FIX.;TUBO TRAVÃO ESQ. C/ SUP. FIX.;0;;
161;1606.2;PHC293;1606.2;PHC293;CATEGORIA0;;1;1;0;1;;TUBO TRAVÃO;TUBO TRAVÃO;0;;
161;1606.2;PHC295;1606.2;PHC295;CATEGORIA0;;1;1;0;1;;TUBO TRAVÃO;TUBO TRAVÃO;0;;
161;1606.2;PHC297;1606.2;PHC297;CATEGORIA0;;1;1;0;1;;TUBO TRAVÃO;TUBO TRAVÃO;0;;
161;1606.2;PHC313;1606.2;PHC313;CATEGORIA0;;1;1;0;1;;TUBO TRAVÃO;TUBO TRAVÃO;0;;
161;1606.2;PHC542;1606.2;PHC542;CATEGORIA0;;1;1;0;1;;TUBO TRAVÃO;TUBO TRAVÃO;0;;
161;1606.2;PHD100;1606.2;PHD100;CATEGORIA0;;1;1;0;1;;TUBO TRAVÃO;TUBO TRAVÃO;0;;
161;1606.2;PHD101;1606.2;PHD101;CATEGORIA0;;1;1;0;1;;TUBO TRAVÃO;TUBO TRAVÃO;0;;
161;1606.2;PHD1014;1606.2;PHD1014;CATEGORIA0;;1;1;0;1;;TUBO TRAVÃO;TUBO TRAVÃO;0;;
161;1606.2;PHD1015;1606.2;PHD1015;CATEGORIA0;;1;1;0;1;;TUBO TRAVÃO;TUBO TRAVÃO;0;;
161;1606.2;PHD1016;1606.2;PHD1016;CATEGORIA0;;1;1;0;1;;TUBO TRAVÃO;TUBO TRAVÃO;0;;
161;1606.2;PHD1017;1606.2;PHD1017;CATEGORIA0;;1;1;0;1;;TUBO TRAVÃO;TUBO TRAVÃO;0;;
161;1606.2;PHD1018;1606.2;PHD1018;CATEGORIA0;;1;1;0;1;;TUBO TRAVÃO;TUBO TRAVÃO;0;;
161;1606.2;PHD1020;1606.2;PHD1020;CATEGORIA0;;1;1;0;1;;TUBO TRAVÃO;TUBO TRAVÃO;0;;
161;1606.2;PHD1035;1606.2;PHD1035;CATEGORIA0;;1;1;0;1;;TUBO TRAVÃO;TUBO TRAVÃO;0;;
161;1606.2;PHD1040;1606.2;PHD1040;CATEGORIA0;;1;1;0;1;;TUBO TRAVÃO;TUBO TRAVÃO;0;;
161;1606.2;PHD1041;1606.2;PHD1041;CATEGORIA0;;1;1;0;1;;TUBO TRAVÃO;TUBO TRAVÃO;0;;
161;1606.2;PHD105;1606.2;PHD105;CATEGORIA0;;1;1;0;1;;TUBO TRAVÃO;TUBO TRAVÃO;0;;
161;1606.2;PHD1053;1606.2;PHD1053;CATEGORIA0;;1;1;0;1;;TUBO TRAVÃO;TUBO TRAVÃO;0;;
161;1606.2;PHD1054;1606.2;PHD1054;CATEGORIA0;;1;1;0;1;;TUBO TRAVÃO;TUBO TRAVÃO;0;;
161;1606.2;PHD1055;1606.2;PHD1055;CATEGORIA0;;1;1;0;1;;TUBO TRAVÃO;TUBO TRAVÃO;0;;
161;1606.2;PHD1056;1606.2;PHD1056;CATEGORIA0;;1;1;0;1;;TUBO TRAVÃO;TUBO TRAVÃO;0;;
161;1606.2;PHD1058;1606.2;PHD1058;CATEGORIA0;;1;1;0;1;;TUBO TRAVÃO;TUBO TRAVÃO;0;;
161;1606.2;PHD1059;1606.2;PHD1059;CATEGORIA0;;1;1;0;1;;TUBO TRAVÃO;TUBO TRAVÃO;0;;
161;1606.2;PHD1060;1606.2;PHD1060;CATEGORIA0;;1;1;0;1;;TUBO TRAVÃO;TUBO TRAVÃO;0;;
161;1606.2;PHD1061;1606.2;PHD1061;CATEGORIA0;;1;1;0;1;;TUBO TRAVÃO;TUBO TRAVÃO;0;;
161;1606.2;PHD1064;1606.2;PHD1064;CATEGORIA0;;1;1;0;1;;TUBO TRAVÃO;TUBO TRAVÃO;0;;
161;1606.2;PHD1065;1606.2;PHD1065;CATEGORIA0;;1;1;0;1;;TUBO TRAVÃO;TUBO TRAVÃO;0;;
161;1606.2;PHD1066;1606.2;PHD1066;CATEGORIA0;;1;1;0;1;;TUBO TRAVÃO;TUBO TRAVÃO;0;;
161;1606.2;PHD1067;1606.2;PHD1067;CATEGORIA0;;1;1;0;1;;TUBO TRAVÃO;TUBO TRAVÃO;0;;
161;1606.2;PHD1069;1606.2;PHD1069;CATEGORIA0;;1;1;0;1;;TUBO TRAVÃO;TUBO TRAVÃO;0;;
161;1606.2;PHD1070;1606.2;PHD1070;CATEGORIA0;;1;1;0;1;;TUBO TRAVÃO;TUBO TRAVÃO;0;;
161;1606.2;PHD1074;1606.2;PHD1074;CATEGORIA0;;1;1;0;1;;TUBO TRAVÃO;TUBO TRAVÃO;0;;
161;1606.2;PHD1078;1606.2;PHD1078;CATEGORIA0;;1;1;0;1;;TUBO TRAVÃO;TUBO TRAVÃO;0;;
161;1606.2;PHD1079;1606.2;PHD1079;CATEGORIA0;;1;1;0;1;;TUBO TRAVÃO;TUBO TRAVÃO;0;;
161;1606.2;PHD108;1606.2;PHD108;CATEGORIA0;;1;1;0;1;;TUBO TRAVÃO;TUBO TRAVÃO;0;;
161;1606.2;PHD1080;1606.2;PHD1080;CATEGORIA0;;1;1;0;1;;TUBO TRAVÃO;TUBO TRAVÃO;0;;
161;1606.2;PHD1081;1606.2;PHD1081;CATEGORIA0;;1;1;0;1;;TUBO TRAVÃO;TUBO TRAVÃO;0;;
161;1606.2;PHD1082;1606.2;PHD1082;CATEGORIA0;;1;1;0;1;;TUBO TRAVÃO;TUBO TRAVÃO;0;;
161;1606.2;PHD1083;1606.2;PHD1083;CATEGORIA0;;1;1;0;1;;TUBO TRAVÃO;TUBO TRAVÃO;0;;
161;1606.2;PHD1084;1606.2;PHD1084;CATEGORIA0;;1;1;0;1;;TUBO TRAVÃO;TUBO TRAVÃO;0;;
161;1606.2;PHD1085;1606.2;PHD1085;CATEGORIA0;;1;1;0;1;;TUBO TRAVÃO;TUBO TRAVÃO;0;;
161;1606.2;PHD1086;1606.2;PHD1086;CATEGORIA0;;1;1;0;1;;TUBO TRAVÃO;TUBO TRAVÃO;0;;
161;1606.2;PHD1087;1606.2;PHD1087;CATEGORIA0;;1;1;0;1;;TUBO TRAVÃO;TUBO TRAVÃO;0;;
161;1606.2;PHD1088;1606.2;PHD1088;CATEGORIA0;;1;1;0;1;;TUBO TRAVÃO;TUBO TRAVÃO;0;;
161;1606.2;PHD1089;1606.2;PHD1089;CATEGORIA0;;1;1;0;1;;TUBO TRAVÃO;TUBO TRAVÃO;0;;
161;1606.2;PHD109;1606.2;PHD109;CATEGORIA0;;1;1;0;1;;TUBO TRAVÃO;TUBO TRAVÃO;0;;
161;1606.2;PHD1090;1606.2;PHD1090;CATEGORIA0;;1;1;0;1;;TUBO TRAVÃO;TUBO TRAVÃO;0;;
161;1606.2;PHD1091;1606.2;PHD1091;CATEGORIA0;;1;1;0;1;;TUBO TRAVÃO;TUBO TRAVÃO;0;;
161;1606.2;PHD1094;1606.2;PHD1094;CATEGORIA0;;1;1;0;1;;TUBO TRAVÃO;TUBO TRAVÃO;0;;
161;1606.2;PHD1095;1606.2;PHD1095;CATEGORIA0;;1;1;0;1;;TUBO TRAVÃO;TUBO TRAVÃO;0;;
161;1606.2;PHD1096;1606.2;PHD1096;CATEGORIA0;;1;1;0;1;;TUBO TRAVÃO;TUBO TRAVÃO;0;;
161;1606.2;PHD1097;1606.2;PHD1097;CATEGORIA0;;1;1;0;1;;TUBO TRAVÃO;TUBO TRAVÃO;0;;
161;1606.2;PHD1098;1606.2;PHD1098;CATEGORIA0;;1;1;0;1;;TUBO TRAVÃO;TUBO TRAVÃO;0;;
161;1606.2;PHD1099;1606.2;PHD1099;CATEGORIA0;;1;1;0;1;;TUBO TRAVÃO;TUBO TRAVÃO;0;;
161;1606.2;PHD110;1606.2;PHD110;CATEGORIA0;;1;1;0;1;;TUBO TRAVÃO;TUBO TRAVÃO;0;;
161;1606.2;PHD1101;1606.2;PHD1101;CATEGORIA0;;1;1;0;1;;TUBO TRAVÃO;TUBO TRAVÃO;0;;
161;1606.2;PHD1103;1606.2;PHD1103;CATEGORIA0;;1;1;0;1;;TUBO TRAVÃO;TUBO TRAVÃO;0;;
161;1606.2;PHD1106;1606.2;PHD1106;CATEGORIA0;;1;1;0;1;;TUBO TRAVÃO;TUBO TRAVÃO;0;;
161;1606.2;PHD1107;1606.2;PHD1107;CATEGORIA0;;1;1;0;1;;TUBO TRAVÃO;TUBO TRAVÃO;0;;
161;1606.2;PHD1108;1606.2;PHD1108;CATEGORIA0;;1;1;0;1;;TUBO TRAVÃO;TUBO TRAVÃO;0;;
161;1606.2;PHD1109;1606.2;PHD1109;CATEGORIA0;;1;1;0;1;;TUBO TRAVÃO;TUBO TRAVÃO;0;;
161;1606.2;PHD111;1606.2;PHD111;CATEGORIA0;;1;1;0;1;;TUBO TRAVÃO;TUBO TRAVÃO;0;;
161;1606.2;PHD1110;1606.2;PHD1110;CATEGORIA0;;1;1;0;1;;TUBO TRAVÃO;TUBO TRAVÃO;0;;
161;1606.2;PHD1111;1606.2;PHD1111;CATEGORIA0;;1;1;0;1;;TUBO TRAVÃO;TUBO TRAVÃO;0;;
161;1606.2;PHD1112;1606.2;PHD1112;CATEGORIA0;;1;1;0;1;;TUBO TRAVÃO;TUBO TRAVÃO;0;;
161;1606.2;PHD1114;1606.2;PHD1114;CATEGORIA0;;1;1;0;1;;TUBO TRAVÃO;TUBO TRAVÃO;0;;
161;1606.2;PHD1119;1606.2;PHD1119;CATEGORIA0;;1;1;0;1;;TUBO TRAVÃO;TUBO TRAVÃO;0;;
161;1606.2;PHD112;1606.2;PHD112;CATEGORIA0;;1;1;0;1;;TUBO TRAVÃO;TUBO TRAVÃO;0;;
161;1606.2;PHD1120;1606.2;PHD1120;CATEGORIA0;;1;1;0;1;;TUBO TRAVÃO;TUBO TRAVÃO;0;;
161;1606.2;PHD1121;1606.2;PHD1121;CATEGORIA0;;1;1;0;1;;TUBO TRAVÃO;TUBO TRAVÃO;0;;
161;1606.2;PHD1123;1606.2;PHD1123;CATEGORIA0;;1;1;0;1;;TUBO TRAVÃO;TUBO TRAVÃO;0;;
161;1606.2;PHD1124;1606.2;PHD1124;CATEGORIA0;;1;1;0;1;;TUBO TRAVÃO;TUBO TRAVÃO;0;;
161;1606.2;PHD1125;1606.2;PHD1125;CATEGORIA0;;1;1;0;1;;TUBO TRAVÃO;TUBO TRAVÃO;0;;
161;1606.2;PHD1129;1606.2;PHD1129;CATEGORIA0;;1;1;0;1;;TUBO TRAVÃO;TUBO TRAVÃO;0;;
161;1606.2;PHD113;1606.2;PHD113;CATEGORIA0;;1;1;0;1;;TUBO TRAVÃO;TUBO TRAVÃO;0;;
161;1606.2;PHD1132;1606.2;PHD1132;CATEGORIA0;;1;1;0;1;;TUBO TRAVÃO;TUBO TRAVÃO;0;;
161;1606.2;PHD1133;1606.2;PHD1133;CATEGORIA0;;1;1;0;1;;TUBO TRAVÃO;TUBO TRAVÃO;0;;
161;1606.2;PHD1134;1606.2;PHD1134;CATEGORIA0;;1;1;0;1;;TUBO TRAVÃO;TUBO TRAVÃO;0;;
161;1606.2;PHD1135;1606.2;PHD1135;CATEGORIA0;;1;1;0;1;;TUBO TRAVÃO;TUBO TRAVÃO;0;;
161;1606.2;PHD1136;1606.2;PHD1136;CATEGORIA0;;1;1;0;1;;TUBO TRAVÃO;TUBO TRAVÃO;0;;
161;1606.2;PHD1137;1606.2;PHD1137;CATEGORIA0;;1;1;0;1;;TUBO TRAVÃO;TUBO TRAVÃO;0;;
161;1606.2;PHD1138;1606.2;PHD1138;CATEGORIA0;;1;1;0;1;;TUBO TRAVÃO;TUBO TRAVÃO;0;;
161;1606.2;PHD1140;1606.2;PHD1140;CATEGORIA0;;1;1;0;1;;TUBO TRAVÃO;TUBO TRAVÃO;0;;
161;1606.2;PHD1142;1606.2;PHD1142;CATEGORIA0;;1;1;0;1;;TUBO TRAVÃO;TUBO TRAVÃO;0;;
161;1606.2;PHD1144;1606.2;PHD1144;CATEGORIA0;;1;1;0;1;;TUBO TRAVÃO;TUBO TRAVÃO;0;;
161;1606.2;PHD1145;1606.2;PHD1145;CATEGORIA0;;1;1;0;1;;TUBO TRAVÃO;TUBO TRAVÃO;0;;
161;1606.2;PHD1147;1606.2;PHD1147;CATEGORIA0;;1;1;0;1;;TUBO TRAVÃO;TUBO TRAVÃO;0;;
161;1606.2;PHD1148;1606.2;PHD1148;CATEGORIA0;;1;1;0;1;;TUBO TRAVÃO;TUBO TRAVÃO;0;;
161;1606.2;PHD115;1606.2;PHD115;CATEGORIA0;;1;1;0;1;;TUBO TRAVÃO;TUBO TRAVÃO;0;;
161;1606.2;PHD1150;1606.2;PHD1150;CATEGORIA0;;1;1;0;1;;TUBO TRAVÃO;TUBO TRAVÃO;0;;
161;1606.2;PHD1152;1606.2;PHD1152;CATEGORIA0;;1;1;0;1;;TUBO TRAVÃO;TUBO TRAVÃO;0;;
161;1606.2;PHD1153;1606.2;PHD1153;CATEGORIA0;;1;1;0;1;;TUBO TRAVÃO;TUBO TRAVÃO;0;;
161;1606.2;PHD1154;1606.2;PHD1154;CATEGORIA0;;1;1;0;1;;TUBO TRAVÃO;TUBO TRAVÃO;0;;
161;1606.2;PHD1157;1606.2;PHD1157;CATEGORIA0;;1;1;0;1;;TUBO TRAVÃO;TUBO TRAVÃO;0;;
161;1606.2;PHD1158;1606.2;PHD1158;CATEGORIA0;;1;1;0;1;;TUBO TRAVÃO;TUBO TRAVÃO;0;;
161;1606.2;PHD1161;1606.2;PHD1161;CATEGORIA0;;1;1;0;1;;TUBO TRAVÃO;TUBO TRAVÃO;0;;
161;1606.2;PHD1162;1606.2;PHD1162;CATEGORIA0;;1;1;0;1;;TUBO TRAVÃO;TUBO TRAVÃO;0;;
161;1606.2;PHD1163;1606.2;PHD1163;CATEGORIA0;;1;1;0;1;;TUBO TRAVÃO;TUBO TRAVÃO;0;;
161;1606.2;PHD1165;1606.2;PHD1165;CATEGORIA0;;1;1;0;1;;TUBO TRAVÃO;TUBO TRAVÃO;0;;
161;1606.2;PHD1166;1606.2;PHD1166;CATEGORIA0;;1;1;0;1;;TUBO TRAVÃO;TUBO TRAVÃO;0;;
161;1606.2;PHD1167;1606.2;PHD1167;CATEGORIA0;;1;1;0;1;;TUBO TRAVÃO;TUBO TRAVÃO;0;;
161;1606.2;PHD1168;1606.2;PHD1168;CATEGORIA0;;1;1;0;1;;TUBO TRAVÃO;TUBO TRAVÃO;0;;
161;1606.2;PHD1169;1606.2;PHD1169;CATEGORIA0;;1;1;0;1;;TUBO TRAVÃO;TUBO TRAVÃO;0;;
161;1606.2;PHD1171;1606.2;PHD1171;CATEGORIA0;;1;1;0;1;;TUBO TRAVÃO;TUBO TRAVÃO;0;;
161;1606.2;PHD1172;1606.2;PHD1172;CATEGORIA0;;1;1;0;1;;TUBO TRAVÃO;TUBO TRAVÃO;0;;
161;1606.2;PHD1173;1606.2;PHD1173;CATEGORIA0;;1;1;0;1;;TUBO TRAVÃO;TUBO TRAVÃO;0;;
161;1606.2;PHD1174;1606.2;PHD1174;CATEGORIA0;;1;1;0;1;;TUBO TRAVÃO;TUBO TRAVÃO;0;;
161;1606.2;PHD1175;1606.2;PHD1175;CATEGORIA0;;1;1;0;1;;TUBO TRAVÃO;TUBO TRAVÃO;0;;
161;1606.2;PHD1176;1606.2;PHD1176;CATEGORIA0;;1;1;0;1;;TUBO TRAVÃO;TUBO TRAVÃO;0;;
161;1606.2;PHD1177;1606.2;PHD1177;CATEGORIA0;;1;1;0;1;;TUBO TRAVÃO;TUBO TRAVÃO;0;;
161;1606.2;PHD1178;1606.2;PHD1178;CATEGORIA0;;1;1;0;1;;TUBO TRAVÃO;TUBO TRAVÃO;0;;
161;1606.2;PHD1179;1606.2;PHD1179;CATEGORIA0;;1;1;0;1;;TUBO TRAVÃO;TUBO TRAVÃO;0;;
161;1606.2;PHD118;1606.2;PHD118;CATEGORIA0;;1;1;0;1;;TUBO TRAVÃO;TUBO TRAVÃO;0;;
161;1606.2;PHD1180;1606.2;PHD1180;CATEGORIA0;;1;1;0;1;;TUBO TRAVÃO;TUBO TRAVÃO;0;;
161;1606.2;PHD1181;1606.2;PHD1181;CATEGORIA0;;1;1;0;1;;TUBO TRAVÃO;TUBO TRAVÃO;0;;
161;1606.2;PHD1183;1606.2;PHD1183;CATEGORIA0;;1;1;0;1;;TUBO TRAVÃO;TUBO TRAVÃO;0;;
161;1606.2;PHD1184;1606.2;PHD1184;CATEGORIA0;;1;1;0;1;;TUBO TRAVÃO;TUBO TRAVÃO;0;;
161;1606.2;PHD1185;1606.2;PHD1185;CATEGORIA0;;1;1;0;1;;TUBO TRAVÃO;TUBO TRAVÃO;0;;
161;1606.2;PHD1186;1606.2;PHD1186;CATEGORIA0;;1;1;0;1;;TUBO TRAVÃO;TUBO TRAVÃO;0;;
161;1606.2;PHD1187;1606.2;PHD1187;CATEGORIA0;;1;1;0;1;;TUBO TRAVÃO;TUBO TRAVÃO;0;;
161;1606.2;PHD1188;1606.2;PHD1188;CATEGORIA0;;1;1;0;1;;TUBO TRAVÃO;TUBO TRAVÃO;0;;
161;1606.2;PHD1189;1606.2;PHD1189;CATEGORIA0;;1;1;0;1;;TUBO TRAVÃO;TUBO TRAVÃO;0;;
161;1606.2;PHD119;1606.2;PHD119;CATEGORIA0;;1;1;0;1;;TUBO TRAVÃO;TUBO TRAVÃO;0;;
161;1606.2;PHD1190;1606.2;PHD1190;CATEGORIA0;;1;1;0;1;;TUBO TRAVÃO;TUBO TRAVÃO;0;;
161;1606.2;PHD1191;1606.2;PHD1191;CATEGORIA0;;1;1;0;1;;TUBO TRAVÃO;TUBO TRAVÃO;0;;
161;1606.2;PHD1192;1606.2;PHD1192;CATEGORIA0;;1;1;0;1;;TUBO TRAVÃO;TUBO TRAVÃO;0;;
161;1606.2;PHD1193;1606.2;PHD1193;CATEGORIA0;;1;1;0;1;;TUBO TRAVÃO;TUBO TRAVÃO;0;;
161;1606.2;PHD1194;1606.2;PHD1194;CATEGORIA0;;1;1;0;1;;TUBO TRAVÃO;TUBO TRAVÃO;0;;
161;1606.2;PHD1195;1606.2;PHD1195;CATEGORIA0;;1;1;0;1;;TUBO TRAVÃO;TUBO TRAVÃO;0;;
161;1606.2;PHD1196;1606.2;PHD1196;CATEGORIA0;;1;1;0;1;;TUBO TRAVÃO;TUBO TRAVÃO;0;;
161;1606.2;PHD1197;1606.2;PHD1197;CATEGORIA0;;1;1;0;1;;TUBO TRAVÃO;TUBO TRAVÃO;0;;
161;1606.2;PHD1198;1606.2;PHD1198;CATEGORIA0;;1;1;0;1;;TUBO TRAVÃO;TUBO TRAVÃO;0;;
161;1606.2;PHD1199;1606.2;PHD1199;CATEGORIA0;;1;1;0;1;;TUBO TRAVÃO;TUBO TRAVÃO;0;;
161;1606.2;PHD1200;1606.2;PHD1200;CATEGORIA0;;1;1;0;1;;TUBO TRAVÃO;TUBO TRAVÃO;0;;
161;1606.2;PHD1201;1606.2;PHD1201;CATEGORIA0;;1;1;0;1;;TUBO TRAVÃO;TUBO TRAVÃO;0;;
161;1606.2;PHD1202;1606.2;PHD1202;CATEGORIA0;;1;1;0;1;;TUBO TRAVÃO;TUBO TRAVÃO;0;;
161;1606.2;PHD1203;1606.2;PHD1203;CATEGORIA0;;1;1;0;1;;TUBO TRAVÃO;TUBO TRAVÃO;0;;
161;1606.2;PHD1204;1606.2;PHD1204;CATEGORIA0;;1;1;0;1;;TUBO TRAVÃO;TUBO TRAVÃO;0;;
161;1606.2;PHD1205;1606.2;PHD1205;CATEGORIA0;;1;1;0;1;;TUBO TRAVÃO;TUBO TRAVÃO;0;;
161;1606.2;PHD1206;1606.2;PHD1206;CATEGORIA0;;1;1;0;1;;TUBO TRAVÃO;TUBO TRAVÃO;0;;
161;1606.2;PHD1207;1606.2;PHD1207;CATEGORIA0;;1;1;0;1;;TUBO TRAVÃO;TUBO TRAVÃO;0;;
161;1606.2;PHD1208;1606.2;PHD1208;CATEGORIA0;;1;1;0;1;;TUBO TRAVÃO;TUBO TRAVÃO;0;;
161;1606.2;PHD1210;1606.2;PHD1210;CATEGORIA0;;1;1;0;1;;TUBO TRAVÃO;TUBO TRAVÃO;0;;
161;1606.2;PHD1211;1606.2;PHD1211;CATEGORIA0;;1;1;0;1;;TUBO TRAVÃO;TUBO TRAVÃO;0;;
161;1606.2;PHD1212;1606.2;PHD1212;CATEGORIA0;;1;1;0;1;;TUBO TRAVÃO;TUBO TRAVÃO;0;;
161;1606.2;PHD1213;1606.2;PHD1213;CATEGORIA0;;1;1;0;1;;TUBO TRAVÃO;TUBO TRAVÃO;0;;
161;1606.2;PHD1216;1606.2;PHD1216;CATEGORIA0;;1;1;0;1;;TUBO TRAVÃO;TUBO TRAVÃO;0;;
161;1606.2;PHD1217;1606.2;PHD1217;CATEGORIA0;;1;1;0;1;;TUBO TRAVÃO;TUBO TRAVÃO;0;;
161;1606.2;PHD1218;1606.2;PHD1218;CATEGORIA0;;1;1;0;1;;TUBO TRAVÃO;TUBO TRAVÃO;0;;
161;1606.2;PHD1219;1606.2;PHD1219;CATEGORIA0;;1;1;0;1;;TUBO TRAVÃO;TUBO TRAVÃO;0;;
161;1606.2;PHD122;1606.2;PHD122;CATEGORIA0;;1;1;0;1;;TUBO TRAVÃO;TUBO TRAVÃO;0;;
161;1606.2;PHD1220;1606.2;PHD1220;CATEGORIA0;;1;1;0;1;;TUBO TRAVÃO;TUBO TRAVÃO;0;;
161;1606.2;PHD1221;1606.2;PHD1221;CATEGORIA0;;1;1;0;1;;TUBO TRAVÃO;TUBO TRAVÃO;0;;
161;1606.2;PHD1222;1606.2;PHD1222;CATEGORIA0;;1;1;0;1;;TUBO TRAVÃO;TUBO TRAVÃO;0;;
161;1606.2;PHD1223;1606.2;PHD1223;CATEGORIA0;;1;1;0;1;;TUBO TRAVÃO;TUBO TRAVÃO;0;;
161;1606.2;PHD1224;1606.2;PHD1224;CATEGORIA0;;1;1;0;1;;TUBO TRAVÃO;TUBO TRAVÃO;0;;
161;1606.2;PHD1225;1606.2;PHD1225;CATEGORIA0;;1;1;0;1;;TUBO TRAVÃO;TUBO TRAVÃO;0;;
161;1606.2;PHD1226;1606.2;PHD1226;CATEGORIA0;;1;1;0;1;;TUBO TRAVÃO;TUBO TRAVÃO;0;;
161;1606.2;PHD1227;1606.2;PHD1227;CATEGORIA0;;1;1;0;1;;TUBO TRAVÃO;TUBO TRAVÃO;0;;
161;1606.2;PHD1229;1606.2;PHD1229;CATEGORIA0;;1;1;0;1;;TUBO TRAVÃO;TUBO TRAVÃO;0;;
161;1606.2;PHD1230;1606.2;PHD1230;CATEGORIA0;;1;1;0;1;;TUBO TRAVÃO;TUBO TRAVÃO;0;;
161;1606.2;PHD1231;1606.2;PHD1231;CATEGORIA0;;1;1;0;1;;TUBO TRAVÃO;TUBO TRAVÃO;0;;
161;1606.2;PHD1232;1606.2;PHD1232;CATEGORIA0;;1;1;0;1;;TUBO TRAVÃO;TUBO TRAVÃO;0;;
161;1606.2;PHD1233;1606.2;PHD1233;CATEGORIA0;;1;1;0;1;;TUBO TRAVÃO;TUBO TRAVÃO;0;;
161;1606.2;PHD1234;1606.2;PHD1234;CATEGORIA0;;1;1;0;1;;TUBO TRAVÃO;TUBO TRAVÃO;0;;
161;1606.2;PHD1235;1606.2;PHD1235;CATEGORIA0;;1;1;0;1;;TUBO TRAVÃO;TUBO TRAVÃO;0;;
161;1606.2;PHD1236;1606.2;PHD1236;CATEGORIA0;;1;1;0;1;;TUBO TRAVÃO;TUBO TRAVÃO;0;;
161;1606.2;PHD1237;1606.2;PHD1237;CATEGORIA0;;1;1;0;1;;TUBO TRAVÃO;TUBO TRAVÃO;0;;
161;1606.2;PHD1238;1606.2;PHD1238;CATEGORIA0;;1;1;0;1;;TUBO TRAVÃO;TUBO TRAVÃO;0;;
161;1606.2;PHD124;1606.2;PHD124;CATEGORIA0;;1;1;0;1;;TUBO TRAVÃO;TUBO TRAVÃO;0;;
161;1606.2;PHD1241;1606.2;PHD1241;CATEGORIA0;;1;1;0;1;;TUBO TRAVÃO;TUBO TRAVÃO;0;;
161;1606.2;PHD1242;1606.2;PHD1242;CATEGORIA0;;1;1;0;1;;TUBO TRAVÃO;TUBO TRAVÃO;0;;
161;1606.2;PHD1243;1606.2;PHD1243;CATEGORIA0;;1;1;0;1;;TUBO TRAVÃO;TUBO TRAVÃO;0;;
161;1606.2;PHD1244;1606.2;PHD1244;CATEGORIA0;;1;1;0;1;;TUBO TRAVÃO;TUBO TRAVÃO;0;;
161;1606.2;PHD1245;1606.2;PHD1245;CATEGORIA0;;1;1;0;1;;TUBO TRAVÃO;TUBO TRAVÃO;0;;
161;1606.2;PHD125;1606.2;PHD125;CATEGORIA0;;1;1;0;1;;TUBO TRAVÃO;TUBO TRAVÃO;0;;
161;1606.2;PHD1250;1606.2;PHD1250;CATEGORIA0;;1;1;0;1;;TUBO TRAVÃO;TUBO TRAVÃO;0;;
161;1606.2;PHD1251;1606.2;PHD1251;CATEGORIA0;;1;1;0;1;;TUBO TRAVÃO;TUBO TRAVÃO;0;;
161;1606.2;PHD1254;1606.2;PHD1254;CATEGORIA0;;1;1;0;1;;TUBO TRAVÃO;TUBO TRAVÃO;0;;
161;1606.2;PHD1265;1606.2;PHD1265;CATEGORIA0;;1;1;0;1;;TUBO TRAVÃO;TUBO TRAVÃO;0;;
161;1606.2;PHD1271;1606.2;PHD1271;CATEGORIA0;;1;1;0;1;;TUBO TRAVÃO;TUBO TRAVÃO;0;;
161;1606.2;PHD1273;1606.2;PHD1273;CATEGORIA0;;1;1;0;1;;TUBO TRAVÃO;TUBO TRAVÃO;0;;
161;1606.2;PHD1274;1606.2;PHD1274;CATEGORIA0;;1;1;0;1;;TUBO TRAVÃO;TUBO TRAVÃO;0;;
161;1606.2;PHD1275;1606.2;PHD1275;CATEGORIA0;;1;1;0;1;;TUBO TRAVÃO;TUBO TRAVÃO;0;;
161;1606.2;PHD1276;1606.2;PHD1276;CATEGORIA0;;1;1;0;1;;TUBO TRAVÃO;TUBO TRAVÃO;0;;
161;1606.2;PHD128;1606.2;PHD128;CATEGORIA0;;1;1;0;1;;TUBO TRAVÃO;TUBO TRAVÃO;0;;
161;1606.2;PHD1280;1606.2;PHD1280;CATEGORIA0;;1;1;0;1;;TUBO TRAVÃO;TUBO TRAVÃO;0;;
161;1606.2;PHD1281;1606.2;PHD1281;CATEGORIA0;;1;1;0;1;;TUBO TRAVÃO;TUBO TRAVÃO;0;;
161;1606.2;PHD1288;1606.2;PHD1288;CATEGORIA0;;1;1;0;1;;TUBO TRAVÃO;TUBO TRAVÃO;0;;
161;1606.2;PHD1289;1606.2;PHD1289;CATEGORIA0;;1;1;0;1;;TUBO TRAVÃO;TUBO TRAVÃO;0;;
161;1606.2;PHD1290;1606.2;PHD1290;CATEGORIA0;;1;1;0;1;;TUBO TRAVÃO;TUBO TRAVÃO;0;;
161;1606.2;PHD1291;1606.2;PHD1291;CATEGORIA0;;1;1;0;1;;TUBO TRAVÃO;TUBO TRAVÃO;0;;
161;1606.2;PHD1293;1606.2;PHD1293;CATEGORIA0;;1;1;0;1;;TUBO TRAVÃO;TUBO TRAVÃO;0;;
161;1606.2;PHD1294;1606.2;PHD1294;CATEGORIA0;;1;1;0;1;;TUBO TRAVÃO;TUBO TRAVÃO;0;;
161;1606.2;PHD131;1606.2;PHD131;CATEGORIA0;;1;1;0;1;;TUBO TRAVÃO;TUBO TRAVÃO;0;;
161;1606.2;PHD135;1606.2;PHD135;CATEGORIA0;;1;1;0;1;;TUBO TRAVÃO;TUBO TRAVÃO;0;;
161;1606.2;PHD139;1606.2;PHD139;CATEGORIA0;;1;1;0;1;;TUBO TRAVÃO;TUBO TRAVÃO;0;;
161;1606.2;PHD140;1606.2;PHD140;CATEGORIA0;;1;1;0;1;;TUBO TRAVÃO;TUBO TRAVÃO;0;;
161;1606.2;PHD142;1606.2;PHD142;CATEGORIA0;;1;1;0;1;;TUBO TRAVÃO;TUBO TRAVÃO;0;;
161;1606.2;PHD144;1606.2;PHD144;CATEGORIA0;;1;1;0;1;;TUBO TRAVÃO;TUBO TRAVÃO;0;;
161;1606.2;PHD156;1606.2;PHD156;CATEGORIA0;;1;1;0;1;;TUBO TRAVÃO;TUBO TRAVÃO;0;;
161;1606.2;PHD157;1606.2;PHD157;CATEGORIA0;;1;1;0;1;;TUBO TRAVÃO;TUBO TRAVÃO;0;;
161;1606.2;PHD161;1606.2;PHD161;CATEGORIA0;;1;1;0;1;;TUBO TRAVÃO;TUBO TRAVÃO;0;;
161;1606.2;PHD163;1606.2;PHD163;CATEGORIA0;;1;1;0;1;;TUBO TRAVÃO;TUBO TRAVÃO;0;;
161;1606.2;PHD166;1606.2;PHD166;CATEGORIA0;;1;1;0;1;;TUBO TRAVÃO;TUBO TRAVÃO;0;;
161;1606.2;PHD170;1606.2;PHD170;CATEGORIA0;;1;1;0;1;;TUBO TRAVÃO;TUBO TRAVÃO;0;;
161;1606.2;PHD172;1606.2;PHD172;CATEGORIA0;;1;1;0;1;;TUBO TRAVÃO;TUBO TRAVÃO;0;;
161;1606.2;PHD174;1606.2;PHD174;CATEGORIA0;;1;1;0;1;;TUBO TRAVÃO;TUBO TRAVÃO;0;;
161;1606.2;PHD177;1606.2;PHD177;CATEGORIA0;;1;1;0;1;;TUBO TRAVÃO;TUBO TRAVÃO;0;;
161;1606.2;PHD179;1606.2;PHD179;CATEGORIA0;;1;1;0;1;;TUBO TRAVÃO;TUBO TRAVÃO;0;;
161;1606.2;PHD181;1606.2;PHD181;CATEGORIA0;;1;1;0;1;;TUBO TRAVÃO;TUBO TRAVÃO;0;;
161;1606.2;PHD192;1606.2;PHD192;CATEGORIA0;;1;1;0;1;;TUBO TRAVÃO;TUBO TRAVÃO;0;;
161;1606.2;PHD198;1606.2;PHD198;CATEGORIA0;;1;1;0;1;;TUBO TRAVÃO;TUBO TRAVÃO;0;;
161;1606.2;PHD199;1606.2;PHD199;CATEGORIA0;;1;1;0;1;;TUBO TRAVÃO;TUBO TRAVÃO;0;;
161;1606.2;PHD200;1606.2;PHD200;CATEGORIA0;;1;1;0;1;;TUBO TRAVÃO;TUBO TRAVÃO;0;;
161;1606.2;PHD2018;1606.2;PHD2018;CATEGORIA0;;1;1;0;1;;TUBO TRAVÃO;TUBO TRAVÃO;0;;
161;1606.2;PHD2019;1606.2;PHD2019;CATEGORIA0;;1;1;0;1;;TUBO TRAVÃO;TUBO TRAVÃO;0;;
161;1606.2;PHD202;1606.2;PHD202;CATEGORIA0;;1;1;0;1;;TUBO TRAVÃO;TUBO TRAVÃO;0;;
161;1606.2;PHD2020;1606.2;PHD2020;CATEGORIA0;;1;1;0;1;;TUBO TRAVÃO;TUBO TRAVÃO;0;;
161;1606.2;PHD2021;1606.2;PHD2021;CATEGORIA0;;1;1;0;1;;TUBO TRAVÃO;TUBO TRAVÃO;0;;
161;1606.2;PHD2022;1606.2;PHD2022;CATEGORIA0;;1;1;0;1;;TUBO TRAVÃO;TUBO TRAVÃO;0;;
161;1606.2;PHD2023;1606.2;PHD2023;CATEGORIA0;;1;1;0;1;;TUBO TRAVÃO;TUBO TRAVÃO;0;;
161;1606.2;PHD2024;1606.2;PHD2024;CATEGORIA0;;1;1;0;1;;TUBO TRAVÃO;TUBO TRAVÃO;0;;
161;1606.2;PHD2025;1606.2;PHD2025;CATEGORIA0;;1;1;0;1;;TUBO TRAVÃO;TUBO TRAVÃO;0;;
161;1606.2;PHD2026;1606.2;PHD2026;CATEGORIA0;;1;1;0;1;;TUBO TRAVÃO;TUBO TRAVÃO;0;;
161;1606.2;PHD2027;1606.2;PHD2027;CATEGORIA0;;1;1;0;1;;TUBO TRAVÃO;TUBO TRAVÃO;0;;
161;1606.2;PHD2028;1606.2;PHD2028;CATEGORIA0;;1;1;0;1;;TUBO TRAVÃO;TUBO TRAVÃO;0;;
161;1606.2;PHD2029;1606.2;PHD2029;CATEGORIA0;;1;1;0;1;;TUBO TRAVÃO;TUBO TRAVÃO;0;;
161;1606.2;PHD203;1606.2;PHD203;CATEGORIA0;;1;1;0;1;;TUBO TRAVÃO;TUBO TRAVÃO;0;;
161;1606.2;PHD2030;1606.2;PHD2030;CATEGORIA0;;1;1;0;1;;TUBO TRAVÃO;TUBO TRAVÃO;0;;
161;1606.2;PHD2031;1606.2;PHD2031;CATEGORIA0;;1;1;0;1;;TUBO TRAVÃO;TUBO TRAVÃO;0;;
161;1606.2;PHD2032;1606.2;PHD2032;CATEGORIA0;;1;1;0;1;;TUBO TRAVÃO;TUBO TRAVÃO;0;;
161;1606.2;PHD2033;1606.2;PHD2033;CATEGORIA0;;1;1;0;1;;TUBO TRAVÃO;TUBO TRAVÃO;0;;
161;1606.2;PHD2036;1606.2;PHD2036;CATEGORIA0;;1;1;0;1;;TUBO TRAVÃO;TUBO TRAVÃO;0;;
161;1606.2;PHD2037;1606.2;PHD2037;CATEGORIA0;;1;1;0;1;;TUBO TRAVÃO;TUBO TRAVÃO;0;;
161;1606.2;PHD2038;1606.2;PHD2038;CATEGORIA0;;1;1;0;1;;TUBO TRAVÃO;TUBO TRAVÃO;0;;
161;1606.2;PHD2039;1606.2;PHD2039;CATEGORIA0;;1;1;0;1;;TUBO TRAVÃO;TUBO TRAVÃO;0;;
161;1606.2;PHD2040;1606.2;PHD2040;CATEGORIA0;;1;1;0;1;;TUBO TRAVÃO;TUBO TRAVÃO;0;;
161;1606.2;PHD2041;1606.2;PHD2041;CATEGORIA0;;1;1;0;1;;TUBO TRAVÃO;TUBO TRAVÃO;0;;
161;1606.2;PHD2042;1606.2;PHD2042;CATEGORIA0;;1;1;0;1;;TUBO TRAVÃO;TUBO TRAVÃO;0;;
161;1606.2;PHD2043;1606.2;PHD2043;CATEGORIA0;;1;1;0;1;;TUBO TRAVÃO;TUBO TRAVÃO;0;;
161;1606.2;PHD2044;1606.2;PHD2044;CATEGORIA0;;1;1;0;1;;TUBO TRAVÃO;TUBO TRAVÃO;0;;
161;1606.2;PHD2045;1606.2;PHD2045;CATEGORIA0;;1;1;0;1;;TUBO TRAVÃO;TUBO TRAVÃO;0;;
161;1606.2;PHD2046;1606.2;PHD2046;CATEGORIA0;;1;1;0;1;;TUBO TRAVÃO;TUBO TRAVÃO;0;;
161;1606.2;PHD2047;1606.2;PHD2047;CATEGORIA0;;1;1;0;1;;TUBO TRAVÃO;TUBO TRAVÃO;0;;
161;1606.2;PHD2048;1606.2;PHD2048;CATEGORIA0;;1;1;0;1;;TUBO TRAVÃO;TUBO TRAVÃO;0;;
161;1606.2;PHD2049;1606.2;PHD2049;CATEGORIA0;;1;1;0;1;;TUBO TRAVÃO;TUBO TRAVÃO;0;;
161;1606.2;PHD205;1606.2;PHD205;CATEGORIA0;;1;1;0;1;;TUBO TRAVÃO;TUBO TRAVÃO;0;;
161;1606.2;PHD2050;1606.2;PHD2050;CATEGORIA0;;1;1;0;1;;TUBO TRAVÃO;TUBO TRAVÃO;0;;
161;1606.2;PHD2051;1606.2;PHD2051;CATEGORIA0;;1;1;0;1;;TUBO TRAVÃO;TUBO TRAVÃO;0;;
161;1606.2;PHD2052;1606.2;PHD2052;CATEGORIA0;;1;1;0;1;;TUBO TRAVÃO;TUBO TRAVÃO;0;;
161;1606.2;PHD2053;1606.2;PHD2053;CATEGORIA0;;1;1;0;1;;TUBO TRAVÃO;TUBO TRAVÃO;0;;
161;1606.2;PHD2054;1606.2;PHD2054;CATEGORIA0;;1;1;0;1;;TUBO TRAVÃO;TUBO TRAVÃO;0;;
161;1606.2;PHD2055;1606.2;PHD2055;CATEGORIA0;;1;1;0;1;;TUBO TRAVÃO;TUBO TRAVÃO;0;;
161;1606.2;PHD2056;1606.2;PHD2056;CATEGORIA0;;1;1;0;1;;TUBO TRAVÃO;TUBO TRAVÃO;0;;
161;1606.2;PHD2057;1606.2;PHD2057;CATEGORIA0;;1;1;0;1;;TUBO TRAVÃO;TUBO TRAVÃO;0;;
161;1606.2;PHD2058;1606.2;PHD2058;CATEGORIA0;;1;1;0;1;;TUBO TRAVÃO;TUBO TRAVÃO;0;;
161;1606.2;PHD2059;1606.2;PHD2059;CATEGORIA0;;1;1;0;1;;TUBO TRAVÃO;TUBO TRAVÃO;0;;
161;1606.2;PHD206;1606.2;PHD206;CATEGORIA0;;1;1;0;1;;TUBO TRAVÃO;TUBO TRAVÃO;0;;
161;1606.2;PHD2060;1606.2;PHD2060;CATEGORIA0;;1;1;0;1;;TUBO TRAVÃO;TUBO TRAVÃO;0;;
161;1606.2;PHD2061;1606.2;PHD2061;CATEGORIA0;;1;1;0;1;;TUBO TRAVÃO;TUBO TRAVÃO;0;;
161;1606.2;PHD2062;1606.2;PHD2062;CATEGORIA0;;1;1;0;1;;TUBO TRAVÃO;TUBO TRAVÃO;0;;
161;1606.2;PHD2063;1606.2;PHD2063;CATEGORIA0;;1;1;0;1;;TUBO TRAVÃO;TUBO TRAVÃO;0;;
161;1606.2;PHD2064;1606.2;PHD2064;CATEGORIA0;;1;1;0;1;;TUBO TRAVÃO;TUBO TRAVÃO;0;;
161;1606.2;PHD2065;1606.2;PHD2065;CATEGORIA0;;1;1;0;1;;TUBO TRAVÃO;TUBO TRAVÃO;0;;
161;1606.2;PHD2066;1606.2;PHD2066;CATEGORIA0;;1;1;0;1;;TUBO TRAVÃO;TUBO TRAVÃO;0;;
161;1606.2;PHD2067;1606.2;PHD2067;CATEGORIA0;;1;1;0;1;;TUBO TRAVÃO;TUBO TRAVÃO;0;;
161;1606.2;PHD2070;1606.2;PHD2070;CATEGORIA0;;1;1;0;1;;TUBO TRAVÃO;TUBO TRAVÃO;0;;
161;1606.2;PHD2071;1606.2;PHD2071;CATEGORIA0;;1;1;0;1;;TUBO TRAVÃO;TUBO TRAVÃO;0;;
161;1606.2;PHD2072;1606.2;PHD2072;CATEGORIA0;;1;1;0;1;;TUBO TRAVÃO;TUBO TRAVÃO;0;;
161;1606.2;PHD2073;1606.2;PHD2073;CATEGORIA0;;1;1;0;1;;TUBO TRAVÃO;TUBO TRAVÃO;0;;
161;1606.2;PHD2074;1606.2;PHD2074;CATEGORIA0;;1;1;0;1;;TUBO TRAVÃO;TUBO TRAVÃO;0;;
161;1606.2;PHD2075;1606.2;PHD2075;CATEGORIA0;;1;1;0;1;;TUBO TRAVÃO;TUBO TRAVÃO;0;;
161;1606.2;PHD2076;1606.2;PHD2076;CATEGORIA0;;1;1;0;1;;TUBO TRAVÃO;TUBO TRAVÃO;0;;
161;1606.2;PHD2077;1606.2;PHD2077;CATEGORIA0;;1;1;0;1;;TUBO TRAVÃO;TUBO TRAVÃO;0;;
161;1606.2;PHD2078;1606.2;PHD2078;CATEGORIA0;;1;1;0;1;;TUBO TRAVÃO;TUBO TRAVÃO;0;;
161;1606.2;PHD2079;1606.2;PHD2079;CATEGORIA0;;1;1;0;1;;TUBO TRAVÃO;TUBO TRAVÃO;0;;
161;1606.2;PHD2080;1606.2;PHD2080;CATEGORIA0;;1;1;0;1;;TUBO TRAVÃO;TUBO TRAVÃO;0;;
161;1606.2;PHD2081;1606.2;PHD2081;CATEGORIA0;;1;1;0;1;;TUBO TRAVÃO;TUBO TRAVÃO;0;;
161;1606.2;PHD2082;1606.2;PHD2082;CATEGORIA0;;1;1;0;1;;TUBO TRAVÃO;TUBO TRAVÃO;0;;
161;1606.2;PHD2083;1606.2;PHD2083;CATEGORIA0;;1;1;0;1;;TUBO TRAVÃO;TUBO TRAVÃO;0;;
161;1606.2;PHD2084;1606.2;PHD2084;CATEGORIA0;;1;1;0;1;;TUBO TRAVÃO;TUBO TRAVÃO;0;;
161;1606.2;PHD2085;1606.2;PHD2085;CATEGORIA0;;1;1;0;1;;TUBO TRAVÃO;TUBO TRAVÃO;0;;
161;1606.2;PHD2086;1606.2;PHD2086;CATEGORIA0;;1;1;0;1;;TUBO TRAVÃO;TUBO TRAVÃO;0;;
161;1606.2;PHD2087;1606.2;PHD2087;CATEGORIA0;;1;1;0;1;;TUBO TRAVÃO;TUBO TRAVÃO;0;;
161;1606.2;PHD2088;1606.2;PHD2088;CATEGORIA0;;1;1;0;1;;TUBO TRAVÃO;TUBO TRAVÃO;0;;
161;1606.2;PHD2089;1606.2;PHD2089;CATEGORIA0;;1;1;0;1;;TUBO TRAVÃO;TUBO TRAVÃO;0;;
161;1606.2;PHD209;1606.2;PHD209;CATEGORIA0;;1;1;0;1;;TUBO TRAVÃO;TUBO TRAVÃO;0;;
161;1606.2;PHD2090;1606.2;PHD2090;CATEGORIA0;;1;1;0;1;;TUBO TRAVÃO;TUBO TRAVÃO;0;;
161;1606.2;PHD2091;1606.2;PHD2091;CATEGORIA0;;1;1;0;1;;TUBO TRAVÃO;TUBO TRAVÃO;0;;
161;1606.2;PHD2092;1606.2;PHD2092;CATEGORIA0;;1;1;0;1;;TUBO TRAVÃO;TUBO TRAVÃO;0;;
161;1606.2;PHD2093;1606.2;PHD2093;CATEGORIA0;;1;1;0;1;;TUBO TRAVÃO;TUBO TRAVÃO;0;;
161;1606.2;PHD2094;1606.2;PHD2094;CATEGORIA0;;1;1;0;1;;TUBO TRAVÃO;TUBO TRAVÃO;0;;
161;1606.2;PHD2095;1606.2;PHD2095;CATEGORIA0;;1;1;0;1;;TUBO TRAVÃO;TUBO TRAVÃO;0;;
161;1606.2;PHD2096;1606.2;PHD2096;CATEGORIA0;;1;1;0;1;;TUBO TRAVÃO;TUBO TRAVÃO;0;;
161;1606.2;PHD2097;1606.2;PHD2097;CATEGORIA0;;1;1;0;1;;TUBO TRAVÃO;TUBO TRAVÃO;0;;
161;1606.2;PHD2098;1606.2;PHD2098;CATEGORIA0;;1;1;0;1;;TUBO TRAVÃO;TUBO TRAVÃO;0;;
161;1606.2;PHD2099;1606.2;PHD2099;CATEGORIA0;;1;1;0;1;;TUBO TRAVÃO;TUBO TRAVÃO;0;;
161;1606.2;PHD2100;1606.2;PHD2100;CATEGORIA0;;1;1;0;1;;TUBO TRAVÃO;TUBO TRAVÃO;0;;
161;1606.2;PHD2101;1606.2;PHD2101;CATEGORIA0;;1;1;0;1;;TUBO TRAVÃO;TUBO TRAVÃO;0;;
161;1606.2;PHD2102;1606.2;PHD2102;CATEGORIA0;;1;1;0;1;;TUBO TRAVÃO;TUBO TRAVÃO;0;;
161;1606.2;PHD2103;1606.2;PHD2103;CATEGORIA0;;1;1;0;1;;TUBO TRAVÃO;TUBO TRAVÃO;0;;
161;1606.2;PHD2104;1606.2;PHD2104;CATEGORIA0;;1;1;0;1;;TUBO TRAVÃO;TUBO TRAVÃO;0;;
161;1606.2;PHD2105;1606.2;PHD2105;CATEGORIA0;;1;1;0;1;;TUBO TRAVÃO;TUBO TRAVÃO;0;;
161;1606.2;PHD2106;1606.2;PHD2106;CATEGORIA0;;1;1;0;1;;TUBO TRAVÃO;TUBO TRAVÃO;0;;
161;1606.2;PHD2107;1606.2;PHD2107;CATEGORIA0;;1;1;0;1;;TUBO TRAVÃO;TUBO TRAVÃO;0;;
161;1606.2;PHD2108;1606.2;PHD2108;CATEGORIA0;;1;1;0;1;;TUBO TRAVÃO;TUBO TRAVÃO;0;;
161;1606.2;PHD2109;1606.2;PHD2109;CATEGORIA0;;1;1;0;1;;TUBO TRAVÃO;TUBO TRAVÃO;0;;
161;1606.2;PHD2112;1606.2;PHD2112;CATEGORIA0;;1;1;0;1;;TUBO TRAVÃO;TUBO TRAVÃO;0;;
161;1606.2;PHD2113;1606.2;PHD2113;CATEGORIA0;;1;1;0;1;;TUBO TRAVÃO;TUBO TRAVÃO;0;;
161;1606.2;PHD2114;1606.2;PHD2114;CATEGORIA0;;1;1;0;1;;TUBO TRAVÃO;TUBO TRAVÃO;0;;
161;1606.2;PHD2115;1606.2;PHD2115;CATEGORIA0;;1;1;0;1;;TUBO TRAVÃO;TUBO TRAVÃO;0;;
161;1606.2;PHD2116;1606.2;PHD2116;CATEGORIA0;;1;1;0;1;;TUBO TRAVÃO;TUBO TRAVÃO;0;;
161;1606.2;PHD2117;1606.2;PHD2117;CATEGORIA0;;1;1;0;1;;TUBO TRAVÃO;TUBO TRAVÃO;0;;
161;1606.2;PHD2118;1606.2;PHD2118;CATEGORIA0;;1;1;0;1;;TUBO TRAVÃO;TUBO TRAVÃO;0;;
161;1606.2;PHD2119;1606.2;PHD2119;CATEGORIA0;;1;1;0;1;;TUBO TRAVÃO;TUBO TRAVÃO;0;;
161;1606.2;PHD2120;1606.2;PHD2120;CATEGORIA0;;1;1;0;1;;TUBO TRAVÃO;TUBO TRAVÃO;0;;
161;1606.2;PHD2121;1606.2;PHD2121;CATEGORIA0;;1;1;0;1;;TUBO TRAVÃO;TUBO TRAVÃO;0;;
161;1606.2;PHD2122;1606.2;PHD2122;CATEGORIA0;;1;1;0;1;;TUBO TRAVÃO;TUBO TRAVÃO;0;;
161;1606.2;PHD2123;1606.2;PHD2123;CATEGORIA0;;1;1;0;1;;TUBO TRAVÃO;TUBO TRAVÃO;0;;
161;1606.2;PHD2124;1606.2;PHD2124;CATEGORIA0;;1;1;0;1;;TUBO TRAVÃO;TUBO TRAVÃO;0;;
161;1606.2;PHD2125;1606.2;PHD2125;CATEGORIA0;;1;1;0;1;;TUBO TRAVÃO;TUBO TRAVÃO;0;;
161;1606.2;PHD2126;1606.2;PHD2126;CATEGORIA0;;1;1;0;1;;TUBO TRAVÃO;TUBO TRAVÃO;0;;
161;1606.2;PHD2127;1606.2;PHD2127;CATEGORIA0;;1;1;0;1;;TUBO TRAVÃO;TUBO TRAVÃO;0;;
161;1606.2;PHD2128;1606.2;PHD2128;CATEGORIA0;;1;1;0;1;;TUBO TRAVÃO;TUBO TRAVÃO;0;;
161;1606.2;PHD2129;1606.2;PHD2129;CATEGORIA0;;1;1;0;1;;TUBO TRAVÃO;TUBO TRAVÃO;0;;
161;1606.2;PHD213;1606.2;PHD213;CATEGORIA0;;1;1;0;1;;TUBO TRAVÃO;TUBO TRAVÃO;0;;
161;1606.2;PHD2130;1606.2;PHD2130;CATEGORIA0;;1;1;0;1;;TUBO TRAVÃO;TUBO TRAVÃO;0;;
161;1606.2;PHD2132;1606.2;PHD2132;CATEGORIA0;;1;1;0;1;;TUBO TRAVÃO;TUBO TRAVÃO;0;;
161;1606.2;PHD2133;1606.2;PHD2133;CATEGORIA0;;1;1;0;1;;TUBO TRAVÃO;TUBO TRAVÃO;0;;
161;1606.2;PHD2134;1606.2;PHD2134;CATEGORIA0;;1;1;0;1;;TUBO TRAVÃO;TUBO TRAVÃO;0;;
161;1606.2;PHD2135;1606.2;PHD2135;CATEGORIA0;;1;1;0;1;;TUBO TRAVÃO;TUBO TRAVÃO;0;;
161;1606.2;PHD2136;1606.2;PHD2136;CATEGORIA0;;1;1;0;1;;TUBO TRAVÃO;TUBO TRAVÃO;0;;
161;1606.2;PHD2137;1606.2;PHD2137;CATEGORIA0;;1;1;0;1;;TUBO TRAVÃO;TUBO TRAVÃO;0;;
161;1606.2;PHD2138;1606.2;PHD2138;CATEGORIA0;;1;1;0;1;;TUBO TRAVÃO;TUBO TRAVÃO;0;;
161;1606.2;PHD2139;1606.2;PHD2139;CATEGORIA0;;1;1;0;1;;TUBO TRAVÃO;TUBO TRAVÃO;0;;
161;1606.2;PHD214;1606.2;PHD214;CATEGORIA0;;1;1;0;1;;TUBO TRAVÃO;TUBO TRAVÃO;0;;
161;1606.2;PHD2140;1606.2;PHD2140;CATEGORIA0;;1;1;0;1;;TUBO TRAVÃO;TUBO TRAVÃO;0;;
161;1606.2;PHD2143;1606.2;PHD2143;CATEGORIA0;;1;1;0;1;;TUBO TRAVÃO;TUBO TRAVÃO;0;;
161;1606.2;PHD2144;1606.2;PHD2144;CATEGORIA0;;1;1;0;1;;TUBO TRAVÃO;TUBO TRAVÃO;0;;
161;1606.2;PHD2145;1606.2;PHD2145;CATEGORIA0;;1;1;0;1;;TUBO TRAVÃO;TUBO TRAVÃO;0;;
161;1606.2;PHD2146;1606.2;PHD2146;CATEGORIA0;;1;1;0;1;;TUBO TRAVÃO;TUBO TRAVÃO;0;;
161;1606.2;PHD215;1606.2;PHD215;CATEGORIA0;;1;1;0;1;;TUBO TRAVÃO;TUBO TRAVÃO;0;;
161;1606.2;PHD216;1606.2;PHD216;CATEGORIA0;;1;1;0;1;;TUBO TRAVÃO;TUBO TRAVÃO;0;;
161;1606.2;PHD223;1606.2;PHD223;CATEGORIA0;;1;1;0;1;;TUBO TRAVÃO;TUBO TRAVÃO;0;;
161;1606.2;PHD224;1606.2;PHD224;CATEGORIA0;;1;1;0;1;;TUBO TRAVÃO;TUBO TRAVÃO;0;;
161;1606.2;PHD225;1606.2;PHD225;CATEGORIA0;;1;1;0;1;;TUBO TRAVÃO;TUBO TRAVÃO;0;;
161;1606.2;PHD226;1606.2;PHD226;CATEGORIA0;;1;1;0;1;;TUBO TRAVÃO;TUBO TRAVÃO;0;;
161;1606.2;PHD227;1606.2;PHD227;CATEGORIA0;;1;1;0;1;;TUBO TRAVÃO;TUBO TRAVÃO;0;;
161;1606.2;PHD229;1606.2;PHD229;CATEGORIA0;;1;1;0;1;;TUBO TRAVÃO;TUBO TRAVÃO;0;;
161;1606.2;PHD230;1606.2;PHD230;CATEGORIA0;;1;1;0;1;;TUBO TRAVÃO;TUBO TRAVÃO;0;;
161;1606.2;PHD231;1606.2;PHD231;CATEGORIA0;;1;1;0;1;;TUBO TRAVÃO;TUBO TRAVÃO;0;;
161;1606.2;PHD232;1606.2;PHD232;CATEGORIA0;;1;1;0;1;;TUBO TRAVÃO;TUBO TRAVÃO;0;;
161;1606.2;PHD237;1606.2;PHD237;CATEGORIA0;;1;1;0;1;;TUBO TRAVÃO;TUBO TRAVÃO;0;;
161;1606.2;PHD240;1606.2;PHD240;CATEGORIA0;;1;1;0;1;;TUBO TRAVÃO;TUBO TRAVÃO;0;;
161;1606.2;PHD241;1606.2;PHD241;CATEGORIA0;;1;1;0;1;;TUBO TRAVÃO;TUBO TRAVÃO;0;;
161;1606.2;PHD242;1606.2;PHD242;CATEGORIA0;;1;1;0;1;;TUBO TRAVÃO;TUBO TRAVÃO;0;;
161;1606.2;PHD243;1606.2;PHD243;CATEGORIA0;;1;1;0;1;;TUBO TRAVÃO;TUBO TRAVÃO;0;;
161;1606.2;PHD244;1606.2;PHD244;CATEGORIA0;;1;1;0;1;;TUBO TRAVÃO;TUBO TRAVÃO;0;;
161;1606.2;PHD245;1606.2;PHD245;CATEGORIA0;;1;1;0;1;;TUBO TRAVÃO;TUBO TRAVÃO;0;;
161;1606.2;PHD246;1606.2;PHD246;CATEGORIA0;;1;1;0;1;;TUBO TRAVÃO;TUBO TRAVÃO;0;;
161;1606.2;PHD248;1606.2;PHD248;CATEGORIA0;;1;1;0;1;;TUBO TRAVÃO;TUBO TRAVÃO;0;;
161;1606.2;PHD249;1606.2;PHD249;CATEGORIA0;;1;1;0;1;;TUBO TRAVÃO;TUBO TRAVÃO;0;;
161;1606.2;PHD251;1606.2;PHD251;CATEGORIA0;;1;1;0;1;;TUBO TRAVÃO;TUBO TRAVÃO;0;;
161;1606.2;PHD252;1606.2;PHD252;CATEGORIA0;;1;1;0;1;;TUBO TRAVÃO;TUBO TRAVÃO;0;;
161;1606.2;PHD253;1606.2;PHD253;CATEGORIA0;;1;1;0;1;;TUBO TRAVÃO;TUBO TRAVÃO;0;;
161;1606.2;PHD254;1606.2;PHD254;CATEGORIA0;;1;1;0;1;;TUBO TRAVÃO;TUBO TRAVÃO;0;;
161;1606.2;PHD255;1606.2;PHD255;CATEGORIA0;;1;1;0;1;;TUBO TRAVÃO;TUBO TRAVÃO;0;;
161;1606.2;PHD256;1606.2;PHD256;CATEGORIA0;;1;1;0;1;;TUBO TRAVÃO;TUBO TRAVÃO;0;;
161;1606.2;PHD257;1606.2;PHD257;CATEGORIA0;;1;1;0;1;;TUBO TRAVÃO;TUBO TRAVÃO;0;;
161;1606.2;PHD258;1606.2;PHD258;CATEGORIA0;;1;1;0;1;;TUBO TRAVÃO;TUBO TRAVÃO;0;;
161;1606.2;PHD259;1606.2;PHD259;CATEGORIA0;;1;1;0;1;;TUBO TRAVÃO;TUBO TRAVÃO;0;;
161;1606.2;PHD263;1606.2;PHD263;CATEGORIA0;;1;1;0;1;;TUBO TRAVÃO;TUBO TRAVÃO;0;;
161;1606.2;PHD264;1606.2;PHD264;CATEGORIA0;;1;1;0;1;;TUBO TRAVÃO;TUBO TRAVÃO;0;;
161;1606.2;PHD265;1606.2;PHD265;CATEGORIA0;;1;1;0;1;;TUBO TRAVÃO;TUBO TRAVÃO;0;;
161;1606.2;PHD266;1606.2;PHD266;CATEGORIA0;;1;1;0;1;;TUBO TRAVÃO;TUBO TRAVÃO;0;;
161;1606.2;PHD269;1606.2;PHD269;CATEGORIA0;;1;1;0;1;;TUBO TRAVÃO;TUBO TRAVÃO;0;;
161;1606.2;PHD270;1606.2;PHD270;CATEGORIA0;;1;1;0;1;;TUBO TRAVÃO;TUBO TRAVÃO;0;;
161;1606.2;PHD271;1606.2;PHD271;CATEGORIA0;;1;1;0;1;;TUBO TRAVÃO;TUBO TRAVÃO;0;;
161;1606.2;PHD273;1606.2;PHD273;CATEGORIA0;;1;1;0;1;;TUBO TRAVÃO;TUBO TRAVÃO;0;;
161;1606.2;PHD276;1606.2;PHD276;CATEGORIA0;;1;1;0;1;;TUBO TRAVÃO;TUBO TRAVÃO;0;;
161;1606.2;PHD280;1606.2;PHD280;CATEGORIA0;;1;1;0;1;;TUBO TRAVÃO;TUBO TRAVÃO;0;;
161;1606.2;PHD281;1606.2;PHD281;CATEGORIA0;;1;1;0;1;;TUBO TRAVÃO;TUBO TRAVÃO;0;;
161;1606.2;PHD287;1606.2;PHD287;CATEGORIA0;;1;1;0;1;;TUBO TRAVÃO;TUBO TRAVÃO;0;;
161;1606.2;PHD288;1606.2;PHD288;CATEGORIA0;;1;1;0;1;;TUBO TRAVÃO;TUBO TRAVÃO;0;;
161;1606.2;PHD291;1606.2;PHD291;CATEGORIA0;;1;1;0;1;;TUBO TRAVÃO;TUBO TRAVÃO;0;;
161;1606.2;PHD293;1606.2;PHD293;CATEGORIA0;;1;1;0;1;;TUBO TRAVÃO;TUBO TRAVÃO;0;;
161;1606.2;PHD294;1606.2;PHD294;CATEGORIA0;;1;1;0;1;;TUBO TRAVÃO;TUBO TRAVÃO;0;;
161;1606.2;PHD295;1606.2;PHD295;CATEGORIA0;;1;1;0;1;;TUBO TRAVÃO;TUBO TRAVÃO;0;;
161;1606.2;PHD302;1606.2;PHD302;CATEGORIA0;;1;1;0;1;;TUBO TRAVÃO;TUBO TRAVÃO;0;;
161;1606.2;PHD304;1606.2;PHD304;CATEGORIA0;;1;1;0;1;;TUBO TRAVÃO;TUBO TRAVÃO;0;;
161;1606.2;PHD306;1606.2;PHD306;CATEGORIA0;;1;1;0;1;;TUBO TRAVÃO;TUBO TRAVÃO;0;;
161;1606.2;PHD307;1606.2;PHD307;CATEGORIA0;;1;1;0;1;;TUBO TRAVÃO;TUBO TRAVÃO;0;;
161;1606.2;PHD312;1606.2;PHD312;CATEGORIA0;;1;1;0;1;;TUBO TRAVÃO;TUBO TRAVÃO;0;;
161;1606.2;PHD316;1606.2;PHD316;CATEGORIA0;;1;1;0;1;;TUBO TRAVÃO;TUBO TRAVÃO;0;;
161;1606.2;PHD317;1606.2;PHD317;CATEGORIA0;;1;1;0;1;;TUBO TRAVÃO;TUBO TRAVÃO;0;;
161;1606.2;PHD318;1606.2;PHD318;CATEGORIA0;;1;1;0;1;;TUBO TRAVÃO;TUBO TRAVÃO;0;;
161;1606.2;PHD319;1606.2;PHD319;CATEGORIA0;;1;1;0;1;;TUBO TRAVÃO;TUBO TRAVÃO;0;;
161;1606.2;PHD321;1606.2;PHD321;CATEGORIA0;;1;1;0;1;;TUBO TRAVÃO;TUBO TRAVÃO;0;;
161;1606.2;PHD322;1606.2;PHD322;CATEGORIA0;;1;1;0;1;;TUBO TRAVÃO;TUBO TRAVÃO;0;;
161;1606.2;PHD324;1606.2;PHD324;CATEGORIA0;;1;1;0;1;;TUBO TRAVÃO;TUBO TRAVÃO;0;;
161;1606.2;PHD325;1606.2;PHD325;CATEGORIA0;;1;1;0;1;;TUBO TRAVÃO;TUBO TRAVÃO;0;;
161;1606.2;PHD334;1606.2;PHD334;CATEGORIA0;;1;1;0;1;;TUBO TRAVÃO;TUBO TRAVÃO;0;;
161;1606.2;PHD340;1606.2;PHD340;CATEGORIA0;;1;1;0;1;;TUBO TRAVÃO;TUBO TRAVÃO;0;;
161;1606.2;PHD341;1606.2;PHD341;CATEGORIA0;;1;1;0;1;;TUBO TRAVÃO;TUBO TRAVÃO;0;;
161;1606.2;PHD342;1606.2;PHD342;CATEGORIA0;;1;1;0;1;;TUBO TRAVÃO;TUBO TRAVÃO;0;;
161;1606.2;PHD343;1606.2;PHD343;CATEGORIA0;;1;1;0;1;;TUBO TRAVÃO;TUBO TRAVÃO;0;;
161;1606.2;PHD344;1606.2;PHD344;CATEGORIA0;;1;1;0;1;;TUBO TRAVÃO;TUBO TRAVÃO;0;;
161;1606.2;PHD345;1606.2;PHD345;CATEGORIA0;;1;1;0;1;;TUBO TRAVÃO;TUBO TRAVÃO;0;;
161;1606.2;PHD346;1606.2;PHD346;CATEGORIA0;;1;1;0;1;;TUBO TRAVÃO;TUBO TRAVÃO;0;;
161;1606.2;PHD347;1606.2;PHD347;CATEGORIA0;;1;1;0;1;;TUBO TRAVÃO;TUBO TRAVÃO;0;;
161;1606.2;PHD348;1606.2;PHD348;CATEGORIA0;;1;1;0;1;;TUBO TRAVÃO;TUBO TRAVÃO;0;;
161;1606.2;PHD349;1606.2;PHD349;CATEGORIA0;;1;1;0;1;;TUBO TRAVÃO;TUBO TRAVÃO;0;;
161;1606.2;PHD351;1606.2;PHD351;CATEGORIA0;;1;1;0;1;;TUBO TRAVÃO;TUBO TRAVÃO;0;;
161;1606.2;PHD358;1606.2;PHD358;CATEGORIA0;;1;1;0;1;;TUBO TRAVÃO;TUBO TRAVÃO;0;;
161;1606.2;PHD360;1606.2;PHD360;CATEGORIA0;;1;1;0;1;;TUBO TRAVÃO;TUBO TRAVÃO;0;;
161;1606.2;PHD361;1606.2;PHD361;CATEGORIA0;;1;1;0;1;;TUBO TRAVÃO;TUBO TRAVÃO;0;;
161;1606.2;PHD362;1606.2;PHD362;CATEGORIA0;;1;1;0;1;;TUBO TRAVÃO;TUBO TRAVÃO;0;;
161;1606.2;PHD363;1606.2;PHD363;CATEGORIA0;;1;1;0;1;;TUBO TRAVÃO;TUBO TRAVÃO;0;;
161;1606.2;PHD364;1606.2;PHD364;CATEGORIA0;;1;1;0;1;;TUBO TRAVÃO;TUBO TRAVÃO;0;;
161;1606.2;PHD365;1606.2;PHD365;CATEGORIA0;;1;1;0;1;;TUBO TRAVÃO;TUBO TRAVÃO;0;;
161;1606.2;PHD366;1606.2;PHD366;CATEGORIA0;;1;1;0;1;;TUBO TRAVÃO;TUBO TRAVÃO;0;;
161;1606.2;PHD367;1606.2;PHD367;CATEGORIA0;;1;1;0;1;;TUBO TRAVÃO;TUBO TRAVÃO;0;;
161;1606.2;PHD368;1606.2;PHD368;CATEGORIA0;;1;1;0;1;;TUBO TRAVÃO;TUBO TRAVÃO;0;;
161;1606.2;PHD369;1606.2;PHD369;CATEGORIA0;;1;1;0;1;;TUBO TRAVÃO;TUBO TRAVÃO;0;;
161;1606.2;PHD370;1606.2;PHD370;CATEGORIA0;;1;1;0;1;;TUBO TRAVÃO;TUBO TRAVÃO;0;;
161;1606.2;PHD372;1606.2;PHD372;CATEGORIA0;;1;1;0;1;;TUBO TRAVÃO;TUBO TRAVÃO;0;;
161;1606.2;PHD373;1606.2;PHD373;CATEGORIA0;;1;1;0;1;;TUBO TRAVÃO;TUBO TRAVÃO;0;;
161;1606.2;PHD374;1606.2;PHD374;CATEGORIA0;;1;1;0;1;;TUBO TRAVÃO;TUBO TRAVÃO;0;;
161;1606.2;PHD375;1606.2;PHD375;CATEGORIA0;;1;1;0;1;;TUBO TRAVÃO;TUBO TRAVÃO;0;;
161;1606.2;PHD379;1606.2;PHD379;CATEGORIA0;;1;1;0;1;;TUBO TRAVÃO;TUBO TRAVÃO;0;;
161;1606.2;PHD380;1606.2;PHD380;CATEGORIA0;;1;1;0;1;;TUBO TRAVÃO;TUBO TRAVÃO;0;;
161;1606.2;PHD382;1606.2;PHD382;CATEGORIA0;;1;1;0;1;;TUBO TRAVÃO;TUBO TRAVÃO;0;;
161;1606.2;PHD384;1606.2;PHD384;CATEGORIA0;;1;1;0;1;;TUBO TRAVÃO;TUBO TRAVÃO;0;;
161;1606.2;PHD385;1606.2;PHD385;CATEGORIA0;;1;1;0;1;;TUBO TRAVÃO;TUBO TRAVÃO;0;;
161;1606.2;PHD386;1606.2;PHD386;CATEGORIA0;;1;1;0;1;;TUBO TRAVÃO;TUBO TRAVÃO;0;;
161;1606.2;PHD387;1606.2;PHD387;CATEGORIA0;;1;1;0;1;;TUBO TRAVÃO;TUBO TRAVÃO;0;;
161;1606.2;PHD388;1606.2;PHD388;CATEGORIA0;;1;1;0;1;;TUBO TRAVÃO;TUBO TRAVÃO;0;;
161;1606.2;PHD389;1606.2;PHD389;CATEGORIA0;;1;1;0;1;;TUBO TRAVÃO;TUBO TRAVÃO;0;;
161;1606.2;PHD390;1606.2;PHD390;CATEGORIA0;;1;1;0;1;;TUBO TRAVÃO;TUBO TRAVÃO;0;;
161;1606.2;PHD393;1606.2;PHD393;CATEGORIA0;;1;1;0;1;;TUBO TRAVÃO;TUBO TRAVÃO;0;;
161;1606.2;PHD394;1606.2;PHD394;CATEGORIA0;;1;1;0;1;;TUBO TRAVÃO;TUBO TRAVÃO;0;;
161;1606.2;PHD395;1606.2;PHD395;CATEGORIA0;;1;1;0;1;;TUBO TRAVÃO;TUBO TRAVÃO;0;;
161;1606.2;PHD396;1606.2;PHD396;CATEGORIA0;;1;1;0;1;;TUBO TRAVÃO;TUBO TRAVÃO;0;;
161;1606.2;PHD397;1606.2;PHD397;CATEGORIA0;;1;1;0;1;;TUBO TRAVÃO;TUBO TRAVÃO;0;;
161;1606.2;PHD398;1606.2;PHD398;CATEGORIA0;;1;1;0;1;;TUBO TRAVÃO;TUBO TRAVÃO;0;;
161;1606.2;PHD400;1606.2;PHD400;CATEGORIA0;;1;1;0;1;;TUBO TRAVÃO;TUBO TRAVÃO;0;;
161;1606.2;PHD401;1606.2;PHD401;CATEGORIA0;;1;1;0;1;;TUBO TRAVÃO;TUBO TRAVÃO;0;;
161;1606.2;PHD402;1606.2;PHD402;CATEGORIA0;;1;1;0;1;;TUBO TRAVÃO;TUBO TRAVÃO;0;;
161;1606.2;PHD403;1606.2;PHD403;CATEGORIA0;;1;1;0;1;;TUBO TRAVÃO;TUBO TRAVÃO;0;;
161;1606.2;PHD405;1606.2;PHD405;CATEGORIA0;;1;1;0;1;;TUBO TRAVÃO;TUBO TRAVÃO;0;;
161;1606.2;PHD406;1606.2;PHD406;CATEGORIA0;;1;1;0;1;;TUBO TRAVÃO;TUBO TRAVÃO;0;;
161;1606.2;PHD407;1606.2;PHD407;CATEGORIA0;;1;1;0;1;;TUBO TRAVÃO;TUBO TRAVÃO;0;;
161;1606.2;PHD408;1606.2;PHD408;CATEGORIA0;;1;1;0;1;;TUBO TRAVÃO;TUBO TRAVÃO;0;;
161;1606.2;PHD409;1606.2;PHD409;CATEGORIA0;;1;1;0;1;;TUBO TRAVÃO;TUBO TRAVÃO;0;;
161;1606.2;PHD410;1606.2;PHD410;CATEGORIA0;;1;1;0;1;;TUBO TRAVÃO;TUBO TRAVÃO;0;;
161;1606.2;PHD411;1606.2;PHD411;CATEGORIA0;;1;1;0;1;;TUBO TRAVÃO;TUBO TRAVÃO;0;;
161;1606.2;PHD412;1606.2;PHD412;CATEGORIA0;;1;1;0;1;;TUBO TRAVÃO;TUBO TRAVÃO;0;;
161;1606.2;PHD413;1606.2;PHD413;CATEGORIA0;;1;1;0;1;;TUBO TRAVÃO;TUBO TRAVÃO;0;;
161;1606.2;PHD415;1606.2;PHD415;CATEGORIA0;;1;1;0;1;;TUBO TRAVÃO;TUBO TRAVÃO;0;;
161;1606.2;PHD416;1606.2;PHD416;CATEGORIA0;;1;1;0;1;;TUBO TRAVÃO;TUBO TRAVÃO;0;;
161;1606.2;PHD421;1606.2;PHD421;CATEGORIA0;;1;1;0;1;;TUBO TRAVÃO;TUBO TRAVÃO;0;;
161;1606.2;PHD422;1606.2;PHD422;CATEGORIA0;;1;1;0;1;;TUBO TRAVÃO;TUBO TRAVÃO;0;;
161;1606.2;PHD423;1606.2;PHD423;CATEGORIA0;;1;1;0;1;;TUBO TRAVÃO;TUBO TRAVÃO;0;;
161;1606.2;PHD424;1606.2;PHD424;CATEGORIA0;;1;1;0;1;;TUBO TRAVÃO;TUBO TRAVÃO;0;;
161;1606.2;PHD425;1606.2;PHD425;CATEGORIA0;;1;1;0;1;;TUBO TRAVÃO;TUBO TRAVÃO;0;;
161;1606.2;PHD426;1606.2;PHD426;CATEGORIA0;;1;1;0;1;;TUBO TRAVÃO;TUBO TRAVÃO;0;;
161;1606.2;PHD427;1606.2;PHD427;CATEGORIA0;;1;1;0;1;;TUBO TRAVÃO;TUBO TRAVÃO;0;;
161;1606.2;PHD428;1606.2;PHD428;CATEGORIA0;;1;1;0;1;;TUBO TRAVÃO;TUBO TRAVÃO;0;;
161;1606.2;PHD429;1606.2;PHD429;CATEGORIA0;;1;1;0;1;;TUBO TRAVÃO;TUBO TRAVÃO;0;;
161;1606.2;PHD430;1606.2;PHD430;CATEGORIA0;;1;1;0;1;;TUBO TRAVÃO;TUBO TRAVÃO;0;;
161;1606.2;PHD431;1606.2;PHD431;CATEGORIA0;;1;1;0;1;;TUBO TRAVÃO;TUBO TRAVÃO;0;;
161;1606.2;PHD432;1606.2;PHD432;CATEGORIA0;;1;1;0;1;;TUBO TRAVÃO;TUBO TRAVÃO;0;;
161;1606.2;PHD433;1606.2;PHD433;CATEGORIA0;;1;1;0;1;;TUBO TRAVÃO;TUBO TRAVÃO;0;;
161;1606.2;PHD434;1606.2;PHD434;CATEGORIA0;;1;1;0;1;;TUBO TRAVÃO;TUBO TRAVÃO;0;;
161;1606.2;PHD435;1606.2;PHD435;CATEGORIA0;;1;1;0;1;;TUBO TRAVÃO;TUBO TRAVÃO;0;;
161;1606.2;PHD436;1606.2;PHD436;CATEGORIA0;;1;1;0;1;;TUBO TRAVÃO;TUBO TRAVÃO;0;;
161;1606.2;PHD437;1606.2;PHD437;CATEGORIA0;;1;1;0;1;;TUBO TRAVÃO;TUBO TRAVÃO;0;;
161;1606.2;PHD438;1606.2;PHD438;CATEGORIA0;;1;1;0;1;;TUBO TRAVÃO;TUBO TRAVÃO;0;;
161;1606.2;PHD441;1606.2;PHD441;CATEGORIA0;;1;1;0;1;;TUBO TRAVÃO;TUBO TRAVÃO;0;;
161;1606.2;PHD442;1606.2;PHD442;CATEGORIA0;;1;1;0;1;;TUBO TRAVÃO;TUBO TRAVÃO;0;;
161;1606.2;PHD443;1606.2;PHD443;CATEGORIA0;;1;1;0;1;;TUBO TRAVÃO;TUBO TRAVÃO;0;;
161;1606.2;PHD445;1606.2;PHD445;CATEGORIA0;;1;1;0;1;;TUBO TRAVÃO;TUBO TRAVÃO;0;;
161;1606.2;PHD446;1606.2;PHD446;CATEGORIA0;;1;1;0;1;;TUBO TRAVÃO;TUBO TRAVÃO;0;;
161;1606.2;PHD447;1606.2;PHD447;CATEGORIA0;;1;1;0;1;;TUBO TRAVÃO;TUBO TRAVÃO;0;;
161;1606.2;PHD448;1606.2;PHD448;CATEGORIA0;;1;1;0;1;;TUBO TRAVÃO;TUBO TRAVÃO;0;;
161;1606.2;PHD449;1606.2;PHD449;CATEGORIA0;;1;1;0;1;;TUBO TRAVÃO;TUBO TRAVÃO;0;;
161;1606.2;PHD450;1606.2;PHD450;CATEGORIA0;;1;1;0;1;;TUBO TRAVÃO;TUBO TRAVÃO;0;;
161;1606.2;PHD451;1606.2;PHD451;CATEGORIA0;;1;1;0;1;;TUBO TRAVÃO;TUBO TRAVÃO;0;;
161;1606.2;PHD452;1606.2;PHD452;CATEGORIA0;;1;1;0;1;;TUBO TRAVÃO;TUBO TRAVÃO;0;;
161;1606.2;PHD455;1606.2;PHD455;CATEGORIA0;;1;1;0;1;;TUBO TRAVÃO;TUBO TRAVÃO;0;;
161;1606.2;PHD458;1606.2;PHD458;CATEGORIA0;;1;1;0;1;;TUBO TRAVÃO;TUBO TRAVÃO;0;;
161;1606.2;PHD459;1606.2;PHD459;CATEGORIA0;;1;1;0;1;;TUBO TRAVÃO;TUBO TRAVÃO;0;;
161;1606.2;PHD460;1606.2;PHD460;CATEGORIA0;;1;1;0;1;;TUBO TRAVÃO;TUBO TRAVÃO;0;;
161;1606.2;PHD461;1606.2;PHD461;CATEGORIA0;;1;1;0;1;;TUBO TRAVÃO;TUBO TRAVÃO;0;;
161;1606.2;PHD462;1606.2;PHD462;CATEGORIA0;;1;1;0;1;;TUBO TRAVÃO;TUBO TRAVÃO;0;;
161;1606.2;PHD463;1606.2;PHD463;CATEGORIA0;;1;1;0;1;;TUBO TRAVÃO;TUBO TRAVÃO;0;;
161;1606.2;PHD464;1606.2;PHD464;CATEGORIA0;;1;1;0;1;;TUBO TRAVÃO;TUBO TRAVÃO;0;;
161;1606.2;PHD465;1606.2;PHD465;CATEGORIA0;;1;1;0;1;;TUBO TRAVÃO;TUBO TRAVÃO;0;;
161;1606.2;PHD468;1606.2;PHD468;CATEGORIA0;;1;1;0;1;;TUBO TRAVÃO;TUBO TRAVÃO;0;;
161;1606.2;PHD469;1606.2;PHD469;CATEGORIA0;;1;1;0;1;;TUBO TRAVÃO;TUBO TRAVÃO;0;;
161;1606.2;PHD471;1606.2;PHD471;CATEGORIA0;;1;1;0;1;;TUBO TRAVÃO;TUBO TRAVÃO;0;;
161;1606.2;PHD472;1606.2;PHD472;CATEGORIA0;;1;1;0;1;;TUBO TRAVÃO;TUBO TRAVÃO;0;;
161;1606.2;PHD473;1606.2;PHD473;CATEGORIA0;;1;1;0;1;;TUBO TRAVÃO;TUBO TRAVÃO;0;;
161;1606.2;PHD474;1606.2;PHD474;CATEGORIA0;;1;1;0;1;;TUBO TRAVÃO;TUBO TRAVÃO;0;;
161;1606.2;PHD475;1606.2;PHD475;CATEGORIA0;;1;1;0;1;;TUBO TRAVÃO;TUBO TRAVÃO;0;;
161;1606.2;PHD476;1606.2;PHD476;CATEGORIA0;;1;1;0;1;;TUBO TRAVÃO;TUBO TRAVÃO;0;;
161;1606.2;PHD477;1606.2;PHD477;CATEGORIA0;;1;1;0;1;;TUBO TRAVÃO;TUBO TRAVÃO;0;;
161;1606.2;PHD478;1606.2;PHD478;CATEGORIA0;;1;1;0;1;;TUBO TRAVÃO;TUBO TRAVÃO;0;;
161;1606.2;PHD479;1606.2;PHD479;CATEGORIA0;;1;1;0;1;;TUBO TRAVÃO;TUBO TRAVÃO;0;;
161;1606.2;PHD480;1606.2;PHD480;CATEGORIA0;;1;1;0;1;;TUBO TRAVÃO;TUBO TRAVÃO;0;;
161;1606.2;PHD481;1606.2;PHD481;CATEGORIA0;;1;1;0;1;;TUBO TRAVÃO;TUBO TRAVÃO;0;;
161;1606.2;PHD482;1606.2;PHD482;CATEGORIA0;;1;1;0;1;;TUBO TRAVÃO;TUBO TRAVÃO;0;;
161;1606.2;PHD483;1606.2;PHD483;CATEGORIA0;;1;1;0;1;;TUBO TRAVÃO;TUBO TRAVÃO;0;;
161;1606.2;PHD484;1606.2;PHD484;CATEGORIA0;;1;1;0;1;;TUBO TRAVÃO;TUBO TRAVÃO;0;;
161;1606.2;PHD485;1606.2;PHD485;CATEGORIA0;;1;1;0;1;;TUBO TRAVÃO;TUBO TRAVÃO;0;;
161;1606.2;PHD486;1606.2;PHD486;CATEGORIA0;;1;1;0;1;;TUBO TRAVÃO;TUBO TRAVÃO;0;;
161;1606.2;PHD487;1606.2;PHD487;CATEGORIA0;;1;1;0;1;;TUBO TRAVÃO;TUBO TRAVÃO;0;;
161;1606.2;PHD488;1606.2;PHD488;CATEGORIA0;;1;1;0;1;;TUBO TRAVÃO;TUBO TRAVÃO;0;;
161;1606.2;PHD489;1606.2;PHD489;CATEGORIA0;;1;1;0;1;;TUBO TRAVÃO;TUBO TRAVÃO;0;;
161;1606.2;PHD490;1606.2;PHD490;CATEGORIA0;;1;1;0;1;;TUBO TRAVÃO;TUBO TRAVÃO;0;;
161;1606.2;PHD491;1606.2;PHD491;CATEGORIA0;;1;1;0;1;;TUBO TRAVÃO;TUBO TRAVÃO;0;;
161;1606.2;PHD492;1606.2;PHD492;CATEGORIA0;;1;1;0;1;;TUBO TRAVÃO;TUBO TRAVÃO;0;;
161;1606.2;PHD493;1606.2;PHD493;CATEGORIA0;;1;1;0;1;;TUBO TRAVÃO;TUBO TRAVÃO;0;;
161;1606.2;PHD494;1606.2;PHD494;CATEGORIA0;;1;1;0;1;;TUBO TRAVÃO;TUBO TRAVÃO;0;;
161;1606.2;PHD495;1606.2;PHD495;CATEGORIA0;;1;1;0;1;;TUBO TRAVÃO;TUBO TRAVÃO;0;;
161;1606.2;PHD496;1606.2;PHD496;CATEGORIA0;;1;1;0;1;;TUBO TRAVÃO;TUBO TRAVÃO;0;;
161;1606.2;PHD497;1606.2;PHD497;CATEGORIA0;;1;1;0;1;;TUBO TRAVÃO;TUBO TRAVÃO;0;;
161;1606.2;PHD498;1606.2;PHD498;CATEGORIA0;;1;1;0;1;;TUBO TRAVÃO;TUBO TRAVÃO;0;;
161;1606.2;PHD499;1606.2;PHD499;CATEGORIA0;;1;1;0;1;;TUBO TRAVÃO;TUBO TRAVÃO;0;;
161;1606.2;PHD500;1606.2;PHD500;CATEGORIA0;;1;1;0;1;;TUBO TRAVÃO;TUBO TRAVÃO;0;;
161;1606.2;PHD501;1606.2;PHD501;CATEGORIA0;;1;1;0;1;;TUBO TRAVÃO;TUBO TRAVÃO;0;;
161;1606.2;PHD502;1606.2;PHD502;CATEGORIA0;;1;1;0;1;;TUBO TRAVÃO;TUBO TRAVÃO;0;;
161;1606.2;PHD503;1606.2;PHD503;CATEGORIA0;;1;1;0;1;;TUBO TRAVÃO;TUBO TRAVÃO;0;;
161;1606.2;PHD506;1606.2;PHD506;CATEGORIA0;;1;1;0;1;;TUBO TRAVÃO;TUBO TRAVÃO;0;;
161;1606.2;PHD507;1606.2;PHD507;CATEGORIA0;;1;1;0;1;;TUBO TRAVÃO;TUBO TRAVÃO;0;;
161;1606.2;PHD508;1606.2;PHD508;CATEGORIA0;;1;1;0;1;;TUBO TRAVÃO;TUBO TRAVÃO;0;;
161;1606.2;PHD509;1606.2;PHD509;CATEGORIA0;;1;1;0;1;;TUBO TRAVÃO;TUBO TRAVÃO;0;;
161;1606.2;PHD510;1606.2;PHD510;CATEGORIA0;;1;1;0;1;;TUBO TRAVÃO;TUBO TRAVÃO;0;;
161;1606.2;PHD512;1606.2;PHD512;CATEGORIA0;;1;1;0;1;;TUBO TRAVÃO;TUBO TRAVÃO;0;;
161;1606.2;PHD513;1606.2;PHD513;CATEGORIA0;;1;1;0;1;;TUBO TRAVÃO;TUBO TRAVÃO;0;;
161;1606.2;PHD514;1606.2;PHD514;CATEGORIA0;;1;1;0;1;;TUBO TRAVÃO;TUBO TRAVÃO;0;;
161;1606.2;PHD515;1606.2;PHD515;CATEGORIA0;;1;1;0;1;;TUBO TRAVÃO;TUBO TRAVÃO;0;;
161;1606.2;PHD516;1606.2;PHD516;CATEGORIA0;;1;1;0;1;;TUBO TRAVÃO;TUBO TRAVÃO;0;;
161;1606.2;PHD517;1606.2;PHD517;CATEGORIA0;;1;1;0;1;;TUBO TRAVÃO;TUBO TRAVÃO;0;;
161;1606.2;PHD518;1606.2;PHD518;CATEGORIA0;;1;1;0;1;;TUBO TRAVÃO;TUBO TRAVÃO;0;;
161;1606.2;PHD519;1606.2;PHD519;CATEGORIA0;;1;1;0;1;;TUBO TRAVÃO;TUBO TRAVÃO;0;;
161;1606.2;PHD530;1606.2;PHD530;CATEGORIA0;;1;1;0;1;;TUBO TRAVÃO;TUBO TRAVÃO;0;;
161;1606.2;PHD531;1606.2;PHD531;CATEGORIA0;;1;1;0;1;;TUBO TRAVÃO;TUBO TRAVÃO;0;;
161;1606.2;PHD532;1606.2;PHD532;CATEGORIA0;;1;1;0;1;;TUBO TRAVÃO;TUBO TRAVÃO;0;;
161;1606.2;PHD533;1606.2;PHD533;CATEGORIA0;;1;1;0;1;;TUBO TRAVÃO;TUBO TRAVÃO;0;;
161;1606.2;PHD534;1606.2;PHD534;CATEGORIA0;;1;1;0;1;;TUBO TRAVÃO;TUBO TRAVÃO;0;;
161;1606.2;PHD535;1606.2;PHD535;CATEGORIA0;;1;1;0;1;;TUBO FLEXíVEL DE TRAVÃO;TUBO FLEXíVEL DE TRAVÃO;0;;
161;1606.2;PHD538;1606.2;PHD538;CATEGORIA0;;1;1;0;1;;TUBO TRAVÃO;TUBO TRAVÃO;0;;
161;1606.2;PHD539;1606.2;PHD539;CATEGORIA0;;1;1;0;1;;TUBO TRAVÃO TR.;TUBO TRAVÃO TR.;0;;
161;1606.2;PHD541;1606.2;PHD541;CATEGORIA0;;1;1;0;1;;TUBO TRAVÃO;TUBO TRAVÃO;0;;
161;1606.2;PHD542;1606.2;PHD542;CATEGORIA0;;1;1;0;1;;TUBO TRAVÃO;TUBO TRAVÃO;0;;
161;1606.2;PHD543;1606.2;PHD543;CATEGORIA0;;1;1;0;1;;TUBO TRAVÃO;TUBO TRAVÃO;0;;
161;1606.2;PHD544;1606.2;PHD544;CATEGORIA0;;1;1;0;1;;TUBO TRAVÃO;TUBO TRAVÃO;0;;
161;1606.2;PHD545;1606.2;PHD545;CATEGORIA0;;1;1;0;1;;TUBO TRAVÃO;TUBO TRAVÃO;0;;
161;1606.2;PHD549;1606.2;PHD549;CATEGORIA0;;1;1;0;1;;TUBO TRAVÃO;TUBO TRAVÃO;0;;
161;1606.2;PHD550;1606.2;PHD550;CATEGORIA0;;1;1;0;1;;TUBO TRAVÃO;TUBO TRAVÃO;0;;
161;1606.2;PHD557;1606.2;PHD557;CATEGORIA0;;1;1;0;1;;TUBO TRAVÃO;TUBO TRAVÃO;0;;
161;1606.2;PHD558;1606.2;PHD558;CATEGORIA0;;1;1;0;1;;TUBO TRAVÃO;TUBO TRAVÃO;0;;
161;1606.2;PHD559;1606.2;PHD559;CATEGORIA0;;1;1;0;1;;TUBO TRAVÃO;TUBO TRAVÃO;0;;
161;1606.2;PHD560;1606.2;PHD560;CATEGORIA0;;1;1;0;1;;TUBO TRAVÃO;TUBO TRAVÃO;0;;
161;1606.2;PHD561;1606.2;PHD561;CATEGORIA0;;1;1;0;1;;TUBO TRAVÃO;TUBO TRAVÃO;0;;
161;1606.2;PHD562;1606.2;PHD562;CATEGORIA0;;1;1;0;1;;TUBO TRAVÃO;TUBO TRAVÃO;0;;
161;1606.2;PHD563;1606.2;PHD563;CATEGORIA0;;1;1;0;1;;TUBO TRAVÃO;TUBO TRAVÃO;0;;
161;1606.2;PHD564;1606.2;PHD564;CATEGORIA0;;1;1;0;1;;TUBO TRAVÃO;TUBO TRAVÃO;0;;
161;1606.2;PHD566;1606.2;PHD566;CATEGORIA0;;1;1;0;1;;TUBO TRAVÃO;TUBO TRAVÃO;0;;
161;1606.2;PHD567;1606.2;PHD567;CATEGORIA0;;1;1;0;1;;TUBO TRAVÃO;TUBO TRAVÃO;0;;
161;1606.2;PHD568;1606.2;PHD568;CATEGORIA0;;1;1;0;1;;TUBO TRAVÃO;TUBO TRAVÃO;0;;
161;1606.2;PHD569;1606.2;PHD569;CATEGORIA0;;1;1;0;1;;TUBO TRAVÃO;TUBO TRAVÃO;0;;
161;1606.2;PHD576;1606.2;PHD576;CATEGORIA0;;1;1;0;1;;TUBO TRAVÃO;TUBO TRAVÃO;0;;
161;1606.2;PHD577;1606.2;PHD577;CATEGORIA0;;1;1;0;1;;TUBO TRAVÃO;TUBO TRAVÃO;0;;
161;1606.2;PHD578;1606.2;PHD578;CATEGORIA0;;1;1;0;1;;TUBO TRAVÃO;TUBO TRAVÃO;0;;
161;1606.2;PHD579;1606.2;PHD579;CATEGORIA0;;1;1;0;1;;TUBO TRAVÃO;TUBO TRAVÃO;0;;
161;1606.2;PHD580;1606.2;PHD580;CATEGORIA0;;1;1;0;1;;TUBO TRAVÃO;TUBO TRAVÃO;0;;
161;1606.2;PHD581;1606.2;PHD581;CATEGORIA0;;1;1;0;1;;TUBO TRAVÃO;TUBO TRAVÃO;0;;
161;1606.2;PHD582;1606.2;PHD582;CATEGORIA0;;1;1;0;1;;TUBO TRAVÃO;TUBO TRAVÃO;0;;
161;1606.2;PHD583;1606.2;PHD583;CATEGORIA0;;1;1;0;1;;TUBO TRAVÃO;TUBO TRAVÃO;0;;
161;1606.2;PHD585;1606.2;PHD585;CATEGORIA0;;1;1;0;1;;TUBO TRAVÃO;TUBO TRAVÃO;0;;
161;1606.2;PHD589;1606.2;PHD589;CATEGORIA0;;1;1;0;1;;TUBO TRAVÃO;TUBO TRAVÃO;0;;
161;1606.2;PHD590;1606.2;PHD590;CATEGORIA0;;1;1;0;1;;TUBO TRAVÃO;TUBO TRAVÃO;0;;
161;1606.2;PHD591;1606.2;PHD591;CATEGORIA0;;1;1;0;1;;TUBO TRAVÃO;TUBO TRAVÃO;0;;
161;1606.2;PHD592;1606.2;PHD592;CATEGORIA0;;1;1;0;1;;TUBO TRAVÃO;TUBO TRAVÃO;0;;
161;1606.2;PHD593;1606.2;PHD593;CATEGORIA0;;1;1;0;1;;TUBO TRAVÃO;TUBO TRAVÃO;0;;
161;1606.2;PHD594;1606.2;PHD594;CATEGORIA0;;1;1;0;1;;TUBO TRAVÃO;TUBO TRAVÃO;0;;
161;1606.2;PHD596;1606.2;PHD596;CATEGORIA0;;1;1;0;1;;TUBO TRAVÃO;TUBO TRAVÃO;0;;
161;1606.2;PHD597;1606.2;PHD597;CATEGORIA0;;1;1;0;1;;TUBO TRAVÃO;TUBO TRAVÃO;0;;
161;1606.2;PHD599;1606.2;PHD599;CATEGORIA0;;1;1;0;1;;TUBO TRAVÃO;TUBO TRAVÃO;0;;
161;1606.2;PHD601;1606.2;PHD601;CATEGORIA0;;1;1;0;1;;TUBO TRAVÃO;TUBO TRAVÃO;0;;
161;1606.2;PHD602;1606.2;PHD602;CATEGORIA0;;1;1;0;1;;TUBO TRAVÃO;TUBO TRAVÃO;0;;
161;1606.2;PHD603;1606.2;PHD603;CATEGORIA0;;1;1;0;1;;TUBO TRAVÃO;TUBO TRAVÃO;0;;
161;1606.2;PHD604;1606.2;PHD604;CATEGORIA0;;1;1;0;1;;TUBO TRAVÃO;TUBO TRAVÃO;0;;
161;1606.2;PHD606;1606.2;PHD606;CATEGORIA0;;1;1;0;1;;TUBO TRAVÃO;TUBO TRAVÃO;0;;
161;1606.2;PHD607;1606.2;PHD607;CATEGORIA0;;1;1;0;1;;TUBO TRAVÃO;TUBO TRAVÃO;0;;
161;1606.2;PHD608;1606.2;PHD608;CATEGORIA0;;1;1;0;1;;TUBO TRAVÃO;TUBO TRAVÃO;0;;
161;1606.2;PHD609;1606.2;PHD609;CATEGORIA0;;1;1;0;1;;TUBO TRAVÃO;TUBO TRAVÃO;0;;
161;1606.2;PHD611;1606.2;PHD611;CATEGORIA0;;1;1;0;1;;TUBO TRAVÃO;TUBO TRAVÃO;0;;
161;1606.2;PHD612;1606.2;PHD612;CATEGORIA0;;1;1;0;1;;TUBO TRAVÃO;TUBO TRAVÃO;0;;
161;1606.2;PHD613;1606.2;PHD613;CATEGORIA0;;1;1;0;1;;TUBO TRAVÃO;TUBO TRAVÃO;0;;
161;1606.2;PHD614;1606.2;PHD614;CATEGORIA0;;1;1;0;1;;TUBO TRAVÃO;TUBO TRAVÃO;0;;
161;1606.2;PHD615;1606.2;PHD615;CATEGORIA0;;1;1;0;1;;TUBO TRAVÃO;TUBO TRAVÃO;0;;
161;1606.2;PHD616;1606.2;PHD616;CATEGORIA0;;1;1;0;1;;TUBO TRAVÃO;TUBO TRAVÃO;0;;
161;1606.2;PHD617;1606.2;PHD617;CATEGORIA0;;1;1;0;1;;TUBO TRAVÃO;TUBO TRAVÃO;0;;
161;1606.2;PHD618;1606.2;PHD618;CATEGORIA0;;1;1;0;1;;TUBO TRAVÃO;TUBO TRAVÃO;0;;
161;1606.2;PHD619;1606.2;PHD619;CATEGORIA0;;1;1;0;1;;TUBO TRAVÃO;TUBO TRAVÃO;0;;
161;1606.2;PHD620;1606.2;PHD620;CATEGORIA0;;1;1;0;1;;TUBO TRAVÃO;TUBO TRAVÃO;0;;
161;1606.2;PHD621;1606.2;PHD621;CATEGORIA0;;1;1;0;1;;TUBO TRAVÃO;TUBO TRAVÃO;0;;
161;1606.2;PHD622;1606.2;PHD622;CATEGORIA0;;1;1;0;1;;TUBO TRAVÃO;TUBO TRAVÃO;0;;
161;1606.2;PHD623;1606.2;PHD623;CATEGORIA0;;1;1;0;1;;TUBO TRAVÃO;TUBO TRAVÃO;0;;
161;1606.2;PHD624;1606.2;PHD624;CATEGORIA0;;1;1;0;1;;TUBO TRAVÃO;TUBO TRAVÃO;0;;
161;1606.2;PHD626;1606.2;PHD626;CATEGORIA0;;1;1;0;1;;TUBO TRAVÃO;TUBO TRAVÃO;0;;
161;1606.2;PHD627;1606.2;PHD627;CATEGORIA0;;1;1;0;1;;TUBO TRAVÃO;TUBO TRAVÃO;0;;
161;1606.2;PHD628;1606.2;PHD628;CATEGORIA0;;1;1;0;1;;TUBO TRAVÃO;TUBO TRAVÃO;0;;
161;1606.2;PHD629;1606.2;PHD629;CATEGORIA0;;1;1;0;1;;TUBO TRAVÃO;TUBO TRAVÃO;0;;
161;1606.2;PHD630;1606.2;PHD630;CATEGORIA0;;1;1;0;1;;TUBO TRAVÃO;TUBO TRAVÃO;0;;
161;1606.2;PHD631;1606.2;PHD631;CATEGORIA0;;1;1;0;1;;TUBO TRAVÃO;TUBO TRAVÃO;0;;
161;1606.2;PHD632;1606.2;PHD632;CATEGORIA0;;1;1;0;1;;TUBO TRAVÃO;TUBO TRAVÃO;0;;
161;1606.2;PHD633;1606.2;PHD633;CATEGORIA0;;1;1;0;1;;TUBO TRAVÃO;TUBO TRAVÃO;0;;
161;1606.2;PHD634;1606.2;PHD634;CATEGORIA0;;1;1;0;1;;TUBO TRAVÃO;TUBO TRAVÃO;0;;
161;1606.2;PHD637;1606.2;PHD637;CATEGORIA0;;1;1;0;1;;TUBO TRAVÃO;TUBO TRAVÃO;0;;
161;1606.2;PHD638;1606.2;PHD638;CATEGORIA0;;1;1;0;1;;TUBO TRAVÃO;TUBO TRAVÃO;0;;
161;1606.2;PHD641;1606.2;PHD641;CATEGORIA0;;1;1;0;1;;TUBO TRAVÃO;TUBO TRAVÃO;0;;
161;1606.2;PHD642;1606.2;PHD642;CATEGORIA0;;1;1;0;1;;TUBO TRAVÃO;TUBO TRAVÃO;0;;
161;1606.2;PHD643;1606.2;PHD643;CATEGORIA0;;1;1;0;1;;TUBO TRAVÃO;TUBO TRAVÃO;0;;
161;1606.2;PHD644;1606.2;PHD644;CATEGORIA0;;1;1;0;1;;TUBO TRAVÃO;TUBO TRAVÃO;0;;
161;1606.2;PHD645;1606.2;PHD645;CATEGORIA0;;1;1;0;1;;TUBO TRAVÃO;TUBO TRAVÃO;0;;
161;1606.2;PHD646;1606.2;PHD646;CATEGORIA0;;1;1;0;1;;TUBO TRAVÃO;TUBO TRAVÃO;0;;
161;1606.2;PHD647;1606.2;PHD647;CATEGORIA0;;1;1;0;1;;TUBO TRAVÃO;TUBO TRAVÃO;0;;
161;1606.2;PHD648;1606.2;PHD648;CATEGORIA0;;1;1;0;1;;TUBO TRAVÃO;TUBO TRAVÃO;0;;
161;1606.2;PHD649;1606.2;PHD649;CATEGORIA0;;1;1;0;1;;TUBO TRAVÃO;TUBO TRAVÃO;0;;
161;1606.2;PHD652;1606.2;PHD652;CATEGORIA0;;1;1;0;1;;TUBO TRAVÃO;TUBO TRAVÃO;0;;
161;1606.2;PHD653;1606.2;PHD653;CATEGORIA0;;1;1;0;1;;TUBO TRAVÃO;TUBO TRAVÃO;0;;
161;1606.2;PHD655;1606.2;PHD655;CATEGORIA0;;1;1;0;1;;TUBO TRAVÃO;TUBO TRAVÃO;0;;
161;1606.2;PHD656;1606.2;PHD656;CATEGORIA0;;1;1;0;1;;TUBO TRAVÃO;TUBO TRAVÃO;0;;
161;1606.2;PHD657;1606.2;PHD657;CATEGORIA0;;1;1;0;1;;TUBO TRAVÃO;TUBO TRAVÃO;0;;
161;1606.2;PHD658;1606.2;PHD658;CATEGORIA0;;1;1;0;1;;TUBO TRAVÃO;TUBO TRAVÃO;0;;
161;1606.2;PHD659;1606.2;PHD659;CATEGORIA0;;1;1;0;1;;TUBO TRAVÃO;TUBO TRAVÃO;0;;
161;1606.2;PHD664;1606.2;PHD664;CATEGORIA0;;1;1;0;1;;TUBO TRAVÃO;TUBO TRAVÃO;0;;
161;1606.2;PHD665;1606.2;PHD665;CATEGORIA0;;1;1;0;1;;TUBO TRAVÃO;TUBO TRAVÃO;0;;
161;1606.2;PHD666;1606.2;PHD666;CATEGORIA0;;1;1;0;1;;TUBO TRAVÃO;TUBO TRAVÃO;0;;
161;1606.2;PHD667;1606.2;PHD667;CATEGORIA0;;1;1;0;1;;TUBO TRAVÃO;TUBO TRAVÃO;0;;
161;1606.2;PHD668;1606.2;PHD668;CATEGORIA0;;1;1;0;1;;TUBO TRAVÃO;TUBO TRAVÃO;0;;
161;1606.2;PHD670;1606.2;PHD670;CATEGORIA0;;1;1;0;1;;TUBO TRAVÃO;TUBO TRAVÃO;0;;
161;1606.2;PHD672;1606.2;PHD672;CATEGORIA0;;1;1;0;1;;TUBO TRAVÃO;TUBO TRAVÃO;0;;
161;1606.2;PHD673;1606.2;PHD673;CATEGORIA0;;1;1;0;1;;TUBO TRAVÃO;TUBO TRAVÃO;0;;
161;1606.2;PHD674;1606.2;PHD674;CATEGORIA0;;1;1;0;1;;TUBO TRAVÃO;TUBO TRAVÃO;0;;
161;1606.2;PHD675;1606.2;PHD675;CATEGORIA0;;1;1;0;1;;TUBO TRAVÃO;TUBO TRAVÃO;0;;
161;1606.2;PHD676;1606.2;PHD676;CATEGORIA0;;1;1;0;1;;TUBO TRAVÃO;TUBO TRAVÃO;0;;
161;1606.2;PHD677;1606.2;PHD677;CATEGORIA0;;1;1;0;1;;TUBO TRAVÃO;TUBO TRAVÃO;0;;
161;1606.2;PHD678;1606.2;PHD678;CATEGORIA0;;1;1;0;1;;TUBO TRAVÃO;TUBO TRAVÃO;0;;
161;1606.2;PHD679;1606.2;PHD679;CATEGORIA0;;1;1;0;1;;TUBO TRAVÃO;TUBO TRAVÃO;0;;
161;1606.2;PHD681;1606.2;PHD681;CATEGORIA0;;1;1;0;1;;TUBO TRAVÃO;TUBO TRAVÃO;0;;
161;1606.2;PHD682;1606.2;PHD682;CATEGORIA0;;1;1;0;1;;TUBO TRAVÃO;TUBO TRAVÃO;0;;
161;1606.2;PHD683;1606.2;PHD683;CATEGORIA0;;1;1;0;1;;TUBO TRAVÃO;TUBO TRAVÃO;0;;
161;1606.2;PHD684;1606.2;PHD684;CATEGORIA0;;1;1;0;1;;TUBO TRAVÃO;TUBO TRAVÃO;0;;
161;1606.2;PHD686;1606.2;PHD686;CATEGORIA0;;1;1;0;1;;TUBO TRAVÃO;TUBO TRAVÃO;0;;
161;1606.2;PHD687;1606.2;PHD687;CATEGORIA0;;1;1;0;1;;TUBO TRAVÃO;TUBO TRAVÃO;0;;
161;1606.2;PHD688;1606.2;PHD688;CATEGORIA0;;1;1;0;1;;TUBO TRAVÃO;TUBO TRAVÃO;0;;
161;1606.2;PHD689;1606.2;PHD689;CATEGORIA0;;1;1;0;1;;TUBO TRAVÃO;TUBO TRAVÃO;0;;
161;1606.2;PHD690;1606.2;PHD690;CATEGORIA0;;1;1;0;1;;TUBO TRAVÃO;TUBO TRAVÃO;0;;
161;1606.2;PHD691;1606.2;PHD691;CATEGORIA0;;1;1;0;1;;TUBO TRAVÃO;TUBO TRAVÃO;0;;
161;1606.2;PHD692;1606.2;PHD692;CATEGORIA0;;1;1;0;1;;TUBO TRAVÃO;TUBO TRAVÃO;0;;
161;1606.2;PHD693;1606.2;PHD693;CATEGORIA0;;1;1;0;1;;TUBO TRAVÃO;TUBO TRAVÃO;0;;
161;1606.2;PHD694;1606.2;PHD694;CATEGORIA0;;1;1;0;1;;TUBO TRAVÃO;TUBO TRAVÃO;0;;
161;1606.2;PHD695;1606.2;PHD695;CATEGORIA0;;1;1;0;1;;TUBO TRAVÃO;TUBO TRAVÃO;0;;
161;1606.2;PHD697;1606.2;PHD697;CATEGORIA0;;1;1;0;1;;TUBO TRAVÃO;TUBO TRAVÃO;0;;
161;1606.2;PHD698;1606.2;PHD698;CATEGORIA0;;1;1;0;1;;TUBO TRAVÃO;TUBO TRAVÃO;0;;
161;1606.2;PHD699;1606.2;PHD699;CATEGORIA0;;1;1;0;1;;TUBO TRAVÃO;TUBO TRAVÃO;0;;
161;1606.2;PHD7071;1606.2;PHD7071;CATEGORIA0;;1;1;0;1;;TUBO TRAVÃO;TUBO TRAVÃO;0;;
161;1606.2;PHD7072;1606.2;PHD7072;CATEGORIA0;;1;1;0;1;;TUBO TRAVÃO;TUBO TRAVÃO;0;;
161;1606.2;PHD7075;1606.2;PHD7075;CATEGORIA0;;1;1;0;1;;TUBO TRAVÃO;TUBO TRAVÃO;0;;
161;1606.2;PHD7076;1606.2;PHD7076;CATEGORIA0;;1;1;0;1;;TUBO TRAVÃO;TUBO TRAVÃO;0;;
161;1606.2;PHD7085;1606.2;PHD7085;CATEGORIA0;;1;1;0;1;;TUBO TRAVÃO;TUBO TRAVÃO;0;;
161;1606.2;PHD7086;1606.2;PHD7086;CATEGORIA0;;1;1;0;1;;TUBO TRAVÃO;TUBO TRAVÃO;0;;
161;1606.2;PHD7087;1606.2;PHD7087;CATEGORIA0;;1;1;0;1;;TUBO TRAVÃO;TUBO TRAVÃO;0;;
161;1606.2;PHD7089;1606.2;PHD7089;CATEGORIA0;;1;1;0;1;;TUBO TRAVÃO;TUBO TRAVÃO;0;;
161;1606.2;PHD7102;1606.2;PHD7102;CATEGORIA0;;1;1;0;1;;TUBO TRAVÃO;TUBO TRAVÃO;0;;
161;1606.2;PHD712;1606.2;PHD712;CATEGORIA0;;1;1;0;1;;TUBO TRAVÃO;TUBO TRAVÃO;0;;
161;1606.2;PHD801;1606.2;PHD801;CATEGORIA0;;1;1;0;1;;TUBO TRAVÃO;TUBO TRAVÃO;0;;
161;1606.2;PHD909;1606.2;PHD909;CATEGORIA0;;1;1;0;1;;TUBO TRAVÃO;TUBO TRAVÃO;0;;
161;1606.2;PHD910;1606.2;PHD910;CATEGORIA0;;1;1;0;1;;TUBO TRAVÃO;TUBO TRAVÃO;0;;
161;1606.2;PHD913;1606.2;PHD913;CATEGORIA0;;1;1;0;1;;TUBO TRAVÃO;TUBO TRAVÃO;0;;
161;1606.2;PHD919;1606.2;PHD919;CATEGORIA0;;1;1;0;1;;TUBO TRAVÃO;TUBO TRAVÃO;0;;
161;1606.2;PHD924;1606.2;PHD924;CATEGORIA0;;1;1;0;1;;TUBO TRAVÃO;TUBO TRAVÃO;0;;
161;1606.2;PHD925;1606.2;PHD925;CATEGORIA0;;1;1;0;1;;TUBO TRAVÃO;TUBO TRAVÃO;0;;
161;1606.2;PHD926;1606.2;PHD926;CATEGORIA0;;1;1;0;1;;TUBO TRAVÃO;TUBO TRAVÃO;0;;
161;1606.2;PHD928;1606.2;PHD928;CATEGORIA0;;1;1;0;1;;TUBO TRAVÃO;TUBO TRAVÃO;0;;
161;1606.2;PHD929;1606.2;PHD929;CATEGORIA0;;1;1;0;1;;TUBO TRAVÃO;TUBO TRAVÃO;0;;
161;1606.2;PHD930;1606.2;PHD930;CATEGORIA0;;1;1;0;1;;TUBO TRAVÃO;TUBO TRAVÃO;0;;
161;1606.2;PHD931;1606.2;PHD931;CATEGORIA0;;1;1;0;1;;TUBO TRAVÃO;TUBO TRAVÃO;0;;
161;1606.2;PHD932;1606.2;PHD932;CATEGORIA0;;1;1;0;1;;TUBO TRAVÃO;TUBO TRAVÃO;0;;
161;1606.2;PHD933;1606.2;PHD933;CATEGORIA0;;1;1;0;1;;TUBO TRAVÃO;TUBO TRAVÃO;0;;
161;1606.2;PHD934;1606.2;PHD934;CATEGORIA0;;1;1;0;1;;TUBO TRAVÃO;TUBO TRAVÃO;0;;
161;1606.2;PHD935;1606.2;PHD935;CATEGORIA0;;1;1;0;1;;TUBO TRAVÃO;TUBO TRAVÃO;0;;
161;1606.2;PHD938;1606.2;PHD938;CATEGORIA0;;1;1;0;1;;TUBO TRAVÃO;TUBO TRAVÃO;0;;
161;1606.2;PHD941;1606.2;PHD941;CATEGORIA0;;1;1;0;1;;TUBO TRAVÃO;TUBO TRAVÃO;0;;
161;1606.2;PHD942;1606.2;PHD942;CATEGORIA0;;1;1;0;1;;TUBO TRAVÃO;TUBO TRAVÃO;0;;
161;1606.2;PHD944;1606.2;PHD944;CATEGORIA0;;1;1;0;1;;TUBO TRAVÃO;TUBO TRAVÃO;0;;
161;1606.2;PHD945;1606.2;PHD945;CATEGORIA0;;1;1;0;1;;TUBO TRAVÃO;TUBO TRAVÃO;0;;
161;1606.2;PHD946;1606.2;PHD946;CATEGORIA0;;1;1;0;1;;TUBO TRAVÃO;TUBO TRAVÃO;0;;
161;1606.2;PHD947;1606.2;PHD947;CATEGORIA0;;1;1;0;1;;TUBO TRAVÃO;TUBO TRAVÃO;0;;
161;1606.2;PHD948;1606.2;PHD948;CATEGORIA0;;1;1;0;1;;TUBO TRAVÃO;TUBO TRAVÃO;0;;
161;1606.2;PHD949;1606.2;PHD949;CATEGORIA0;;1;1;0;1;;TUBO TRAVÃO;TUBO TRAVÃO;0;;
161;1606.2;PHD950;1606.2;PHD950;CATEGORIA0;;1;1;0;1;;TUBO TRAVÃO;TUBO TRAVÃO;0;;
161;1606.2;PHD951;1606.2;PHD951;CATEGORIA0;;1;1;0;1;;TUBO TRAVÃO;TUBO TRAVÃO;0;;
161;1606.2;PHD952;1606.2;PHD952;CATEGORIA0;;1;1;0;1;;TUBO TRAVÃO;TUBO TRAVÃO;0;;
161;1606.2;PHD953;1606.2;PHD953;CATEGORIA0;;1;1;0;1;;TUBO TRAVÃO;TUBO TRAVÃO;0;;
161;1606.2;PHD954;1606.2;PHD954;CATEGORIA0;;1;1;0;1;;TUBO TRAVÃO;TUBO TRAVÃO;0;;
161;1606.2;PHD955;1606.2;PHD955;CATEGORIA0;;1;1;0;1;;TUBO TRAVÃO;TUBO TRAVÃO;0;;
161;1606.2;PHD957;1606.2;PHD957;CATEGORIA0;;1;1;0;1;;TUBO TRAVÃO;TUBO TRAVÃO;0;;
161;1606.2;PHD958;1606.2;PHD958;CATEGORIA0;;1;1;0;1;;TUBO TRAVÃO;TUBO TRAVÃO;0;;
161;1606.2;PHD959;1606.2;PHD959;CATEGORIA0;;1;1;0;1;;TUBO TRAVÃO;TUBO TRAVÃO;0;;
161;1606.2;PHD963;1606.2;PHD963;CATEGORIA0;;1;1;0;1;;TUBO TRAVÃO;TUBO TRAVÃO;0;;
161;1606.2;PHD964;1606.2;PHD964;CATEGORIA0;;1;1;0;1;;TUBO TRAVÃO;TUBO TRAVÃO;0;;
161;1606.2;PHD965;1606.2;PHD965;CATEGORIA0;;1;1;0;1;;TUBO TRAVÃO;TUBO TRAVÃO;0;;
161;1606.2;PHD966;1606.2;PHD966;CATEGORIA0;;1;1;0;1;;TUBO TRAVÃO;TUBO TRAVÃO;0;;
161;1606.2;PHD967;1606.2;PHD967;CATEGORIA0;;1;1;0;1;;TUBO TRAVÃO;TUBO TRAVÃO;0;;
161;1606.2;PHD968;1606.2;PHD968;CATEGORIA0;;1;1;0;1;;TUBO TRAVÃO;TUBO TRAVÃO;0;;
161;1606.2;PHD969;1606.2;PHD969;CATEGORIA0;;1;1;0;1;;TUBO TRAVÃO;TUBO TRAVÃO;0;;
161;1606.2;PHD970;1606.2;PHD970;CATEGORIA0;;1;1;0;1;;TUBO TRAVÃO;TUBO TRAVÃO;0;;
161;1606.2;PHD971;1606.2;PHD971;CATEGORIA0;;1;1;0;1;;TUBO TRAVÃO;TUBO TRAVÃO;0;;
161;1606.2;PHD972;1606.2;PHD972;CATEGORIA0;;1;1;0;1;;TUBO TRAVÃO;TUBO TRAVÃO;0;;
161;1606.2;PHD974;1606.2;PHD974;CATEGORIA0;;1;1;0;1;;TUBO TRAVÃO;TUBO TRAVÃO;0;;
161;1606.2;PHD975;1606.2;PHD975;CATEGORIA0;;1;1;0;1;;TUBO TRAVÃO;TUBO TRAVÃO;0;;
161;1606.2;PHD976;1606.2;PHD976;CATEGORIA0;;1;1;0;1;;TUBO TRAVÃO;TUBO TRAVÃO;0;;
161;1606.2;PHD979;1606.2;PHD979;CATEGORIA0;;1;1;0;1;;TUBO TRAVÃO;TUBO TRAVÃO;0;;
161;1606.2;PHD980;1606.2;PHD980;CATEGORIA0;;1;1;0;1;;TUBO TRAVÃO;TUBO TRAVÃO;0;;
161;1606.2;PHD981;1606.2;PHD981;CATEGORIA0;;1;1;0;1;;TUBO TRAVÃO;TUBO TRAVÃO;0;;
161;1606.2;PHD982;1606.2;PHD982;CATEGORIA0;;1;1;0;1;;TUBO TRAVÃO;TUBO TRAVÃO;0;;
161;1606.2;PHD983;1606.2;PHD983;CATEGORIA0;;1;1;0;1;;TUBO TRAVÃO;TUBO TRAVÃO;0;;
161;1606.2;PHD984;1606.2;PHD984;CATEGORIA0;;1;1;0;1;;TUBO TRAVÃO;TUBO TRAVÃO;0;;
161;1606.2;PHD985;1606.2;PHD985;CATEGORIA0;;1;1;0;1;;TUBO TRAVÃO;TUBO TRAVÃO;0;;
161;1606.2;PHD986;1606.2;PHD986;CATEGORIA0;;1;1;0;1;;TUBO TRAVÃO;TUBO TRAVÃO;0;;
161;1606.2;PHD987;1606.2;PHD987;CATEGORIA0;;1;1;0;1;;TUBO TRAVÃO;TUBO TRAVÃO;0;;
161;1606.2;PHD990;1606.2;PHD990;CATEGORIA0;;1;1;0;1;;TUBO TRAVÃO;TUBO TRAVÃO;0;;
161;1606.2;PHD991;1606.2;PHD991;CATEGORIA0;;1;1;0;1;;TUBO TRAVÃO;TUBO TRAVÃO;0;;
161;1606.2;PHD992;1606.2;PHD992;CATEGORIA0;;1;1;0;1;;TUBO TRAVÃO;TUBO TRAVÃO;0;;
161;1606.2;PHD993;1606.2;PHD993;CATEGORIA0;;1;1;0;1;;TUBO TRAVÃO;TUBO TRAVÃO;0;;
161;1606;PJA114;1606;PJA114;CATEGORIA0;;1;1;0;1;;BOMBA SEC. EMBRAIAGEM;BOMBA SEC. EMBRAIAGEM;0;;
161;1606;PJC101;1606;PJC101;CATEGORIA0;;1;1;0;1;;BOMBA SEC. EMBRAIAGEM;BOMBA SEC. EMBRAIAGEM;0;;
161;1606;PJD104;1606;PJD104;CATEGORIA0;;1;1;0;1;;BOMBA SEC. EMBRAIAGEM;BOMBA SEC. EMBRAIAGEM;0;;
161;1606;PJD117;1606;PJD117;CATEGORIA0;;1;1;0;1;;BOMBA SEC.EMB.;BOMBA SEC.EMB.;0;;
161;1606;PJD171;1606;PJD171;CATEGORIA0;;1;1;0;1;;CILINDRO AUXILIAR EMBRAIAGEM;CILINDRO AUXILIAR EMBRAIAGEM;0;;
161;1606;PJD175;1606;PJD175;CATEGORIA0;;1;1;0;1;;BOMBA AUXILIAR EMBRAIAGEM;BOMBA AUXILIAR EMBRAIAGEM;0;;
161;1606;PJD190;1606;PJD190;CATEGORIA0;;1;1;0;1;;BOMBA AUXILIAR EMBRAIAGEM;BOMBA AUXILIAR EMBRAIAGEM;0;;
161;1606;PJD254;1606;PJD254;CATEGORIA0;;1;1;0;1;;BOMBA SEC. EMBRAIAGEM;BOMBA SEC. EMBRAIAGEM;0;;
161;1606;PJD259;1606;PJD259;CATEGORIA0;;1;1;0;1;;BOMBA SEC. EMBRAIAGEM;BOMBA SEC. EMBRAIAGEM;0;;
161;1606;PJF116;1606;PJF116;CATEGORIA0;;1;1;0;1;;BOMBA SEC. EMBRAIAGEM;BOMBA SEC. EMBRAIAGEM;0;;
161;1606;PJF172;1606;PJF172;CATEGORIA0;;1;1;0;1;;BOMBA SEC. EMBRAIAGEM;BOMBA SEC. EMBRAIAGEM;0;;
161;1606;PJF174;1606;PJF174;CATEGORIA0;;1;1;0;1;;BOMBA SEC. EMBRAIAGEM;BOMBA SEC. EMBRAIAGEM;0;;
161;1606;PJH106;1606;PJH106;CATEGORIA0;;1;1;0;1;;BOMBA EMBRAIGEM;BOMBA EMBRAIGEM;0;;
161;1606;PJH110;1606;PJH110;CATEGORIA0;;1;1;0;1;;BOMBA SEC. EMBRAIAGEM;BOMBA SEC. EMBRAIAGEM;0;;
161;1606;PJH115;1606;PJH115;CATEGORIA0;;1;1;0;1;;BOMBA SEC. EMBRAIAGEM;BOMBA SEC. EMBRAIAGEM;0;;
161;1606;PJH120;1606;PJH120;CATEGORIA0;;1;1;0;1;;BOMBA SEC.EMB.;BOMBA SEC.EMB.;0;;
161;1606;PJH183;1606;PJH183;CATEGORIA0;;1;1;0;1;;BOMBA SEC. EMBRAIAGEM;BOMBA SEC. EMBRAIAGEM;0;;
161;1606;PJH195;1606;PJH195;CATEGORIA0;;1;1;0;1;;BOMBA SEC. EMBRAIAGEM;BOMBA SEC. EMBRAIAGEM;0;;
161;1606;PJL113;1606;PJL113;CATEGORIA0;;1;1;0;1;;BOMB SEC. EMBRAIAGEM;BOMB SEC. EMBRAIAGEM;0;;
161;1606;PJL144;1606;PJL144;CATEGORIA0;;1;1;0;1;;BOMBA S/ EMBRAIAGEM;BOMBA S/ EMBRAIAGEM;0;;
161;1606;PJL166;1606;PJL166;CATEGORIA0;;1;1;0;1;;BOMBA SEC. EMBRAIAGEM;BOMBA SEC. EMBRAIAGEM;0;;
161;1606;PJN112;1606;PJN112;CATEGORIA0;;1;1;0;1;;BOMBA SEC. EMBRAIAGEM;BOMBA SEC. EMBRAIAGEM;0;;
161;1606;PMD119;1606;PMD119;CATEGORIA0;;1;1;0;1;;BOMBA P/ TRAVÃO;BOMBA P/ TRAVÃO;0;;
161;1606;PMD159;1606;PMD159;CATEGORIA0;;1;1;0;1;;BOMBA PRINCIPAL TRAVÕES;BOMBA PRINCIPAL TRAVÕES;0;;
161;1606;PMF125;1606;PMF125;CATEGORIA0;;1;1;0;1;;BOMBA TRAVÃO;BOMBA TRAVÃO;0;;
161;1606;PMF148;1606;PMF148;CATEGORIA0;;1;1;0;1;;BOMBA TRAVÃO;BOMBA TRAVÃO;0;;
161;1606;PMF178;1606;PMF178;CATEGORIA0;;1;1;0;1;;BOMBA P/ TRAVÃO;BOMBA P/ TRAVÃO;0;;
161;1606;PMF179;1606;PMF179;CATEGORIA0;;1;1;0;1;;BOMBA P/ TRAVÃO;BOMBA P/ TRAVÃO;0;;
161;1606;PMF182;1606;PMF182;CATEGORIA0;;1;1;0;1;;BOMBA P/ TRAVÃO;BOMBA P/ TRAVÃO;0;;
161;1606;PMF242;1606;PMF242;CATEGORIA0;;1;1;0;1;;BOMBA P/ TRAVÃO;BOMBA P/ TRAVÃO;0;;
161;1606;PMF382;1606;PMF382;CATEGORIA0;;1;1;0;1;;BOMBA P/ TRAVÃO;BOMBA P/ TRAVÃO;0;;
161;1606;PMF401;1606;PMF401;CATEGORIA0;;1;1;0;1;;BOMBA PRINCIPAL TRAVÕES;BOMBA PRINCIPAL TRAVÕES;0;;
161;1606;PMF418;1606;PMF418;CATEGORIA0;;1;1;0;1;;BOMBA P/ TRAVÃO;BOMBA P/ TRAVÃO;0;;
161;1606;PMF531;1606;PMF531;CATEGORIA0;;1;1;0;1;;BOMBA P/ TRAVÃO;BOMBA P/ TRAVÃO;0;;
161;1606;PMF534;1606;PMF534;CATEGORIA0;;1;1;0;1;;BOMBA P/ TRAVÃO;BOMBA P/ TRAVÃO;0;;
161;1606;PMF549;1606;PMF549;CATEGORIA0;;1;1;0;1;;BOMBA P/ TRAVÃO;BOMBA P/ TRAVÃO;0;;
161;1606;PMF562;1606;PMF562;CATEGORIA0;;1;1;0;1;;BOMBA P/ TRAVÃO;BOMBA P/ TRAVÃO;0;;
161;1606;PMF572;1606;PMF572;CATEGORIA0;;1;1;0;1;;BOMBA P/ TRAVÃO;BOMBA P/ TRAVÃO;0;;
161;1606;PMH171;1606;PMH171;CATEGORIA0;;1;1;0;1;;BOMBA P/ TRAVÃO;BOMBA P/ TRAVÃO;0;;
161;1606;PMH433;1606;PMH433;CATEGORIA0;;1;1;0;1;;BOMBA P/ TRAVÃO;BOMBA P/ TRAVÃO;0;;
161;1606;PMH598;1606;PMH598;CATEGORIA0;;1;1;0;1;;BOMBA P/ TRAVÃO;BOMBA P/ TRAVÃO;0;;
161;1606;PMH660;1606;PMH660;CATEGORIA0;;1;1;0;1;;CILINDRO PRINCIPAL TRAVÕES;CILINDRO PRINCIPAL TRAVÕES;0;;
161;1606;PMH667;1606;PMH667;CATEGORIA0;;1;1;0;1;;BOMBA PRINCIPAL TRAVÕES;BOMBA PRINCIPAL TRAVÕES;0;;
161;1606;PMH692;1606;PMH692;CATEGORIA0;;1;1;0;1;;BOMBA P/ TRAVÃO  ****;BOMBA P/ TRAVÃO  ****;0;;
161;1606;PMH940;1606;PMH940;CATEGORIA0;;1;1;0;1;;BOMBA;BOMBA;0;;
161;1606;PMH954;1606;PMH954;CATEGORIA0;;1;1;0;1;;BOMBA P/ TRAVÃO;BOMBA P/ TRAVÃO;0;;
161;1606;PMK192;1606;PMK192;CATEGORIA0;;1;1;0;1;;CILINDRO PRINCIPAL;CILINDRO PRINCIPAL;0;;
161;1606;PMK272;1606;PMK272;CATEGORIA0;;1;1;0;1;;BOMBA CENTRAL DE TRAVÕES;BOMBA CENTRAL DE TRAVÕES;0;;
161;1606;PMK313;1606;PMK313;CATEGORIA0;;1;1;0;1;;BOMBA P/ TRAVÃO;BOMBA P/ TRAVÃO;0;;
161;1606;PMK462;1606;PMK462;CATEGORIA0;;1;1;0;1;;BOMBA P/ TRAVÃO;BOMBA P/ TRAVÃO;0;;
161;1606;PMK470;1606;PMK470;CATEGORIA0;;1;1;0;1;;BOMBA P/ TRAVÃO;BOMBA P/ TRAVÃO;0;;
161;1606;PMK474;1606;PMK474;CATEGORIA0;;1;1;0;1;;BOMBA P/ TRAVÃO;BOMBA P/ TRAVÃO;0;;
161;1606;PMK517;1606;PMK517;CATEGORIA0;;1;1;0;1;;BOMBA P/ TRAVÃO;BOMBA P/ TRAVÃO;0;;
161;1606;PMK546;1606;PMK546;CATEGORIA0;;1;1;0;1;;BOMBA PRINCIPAL TRAVÃO;BOMBA PRINCIPAL TRAVÃO;0;;
161;1606;PMK550;1606;PMK550;CATEGORIA0;;1;1;0;1;;BOMBA PRINCIPAL TRAVÃO;BOMBA PRINCIPAL TRAVÃO;0;;
161;1606;PMK564;1606;PMK564;CATEGORIA0;;1;1;0;1;;BOMBA PRINCIPAL TRAVÃO;BOMBA PRINCIPAL TRAVÃO;0;;
161;1606;PMK574;1606;PMK574;CATEGORIA0;;1;1;0;1;;BOMBA PRINCIPAL TRAVÃO;BOMBA PRINCIPAL TRAVÃO;0;;
161;1606;PMK601;1606;PMK601;CATEGORIA0;;1;1;0;1;;BOMBA PRINCIPAL TRAVÕES;BOMBA PRINCIPAL TRAVÕES;0;;
161;1606;PMK618;1606;PMK618;CATEGORIA0;;1;1;0;1;;BOMBA PRINCIPAL TRAVÕES;BOMBA PRINCIPAL TRAVÕES;0;;
161;1606;PMK650;1606;PMK650;CATEGORIA0;;1;1;0;1;;BOMBA PRINCIPAL TRAVÃO;BOMBA PRINCIPAL TRAVÃO;0;;
161;1606;PMK662;1606;PMK662;CATEGORIA0;;1;1;0;1;;BOMBA PRINCIPAL TRAVÃO;BOMBA PRINCIPAL TRAVÃO;0;;
161;1606;PMK773;1606;PMK773;CATEGORIA0;;1;1;0;1;;BOMBA P/ TRAVÃO;BOMBA P/ TRAVÃO;0;;
161;1606;PMK941;1606;PMK941;CATEGORIA0;;1;1;0;1;;BOMBA P/ TRAVÃO;BOMBA P/ TRAVÃO;0;;
161;1606;PML112;1606;PML112;CATEGORIA0;;1;1;0;1;;BOMBA PRINC.TRAVÕES;BOMBA PRINC.TRAVÕES;0;;
161;1606;PML117;1606;PML117;CATEGORIA0;;1;1;0;1;;BOMBA PRINC.TRAVÕES;BOMBA PRINC.TRAVÕES;0;;
161;1606;PML213;1606;PML213;CATEGORIA0;;1;1;0;1;;BOMBA PRINC.TRAVÕES;BOMBA PRINC.TRAVÕES;0;;
161;1606;PML244;1606;PML244;CATEGORIA0;;1;1;0;1;;CILINDRO PRINCIPAL TRAVÕES;CILINDRO PRINCIPAL TRAVÕES;0;;
161;1606;PML270;1606;PML270;CATEGORIA0;;1;1;0;1;;BOMBA P/ TRAVÕES;BOMBA P/ TRAVÕES;0;;
161;1606;PML348;1606;PML348;CATEGORIA0;;1;1;0;1;;BOMBA P/ TRAVÃO TERRANO II;BOMBA P/ TRAVÃO TERRANO II;0;;
161;1606;PML363;1606;PML363;CATEGORIA0;;1;1;0;1;;BOMBA PRINC.TRAVÕES;BOMBA PRINC.TRAVÕES;0;;
161;1606;PML364;1606;PML364;CATEGORIA0;;1;1;0;1;;BOMBA PRINC.TRAVÕES;BOMBA PRINC.TRAVÕES;0;;
161;1606;PML424;1606;PML424;CATEGORIA0;;1;1;0;1;;BOMBA PRINCIPAL TRAVÃO;BOMBA PRINCIPAL TRAVÃO;0;;
161;1606;PNB241;1606;PNB241;CATEGORIA0;;1;1;0;1;;CILINDRO EMBRAIAGEM;CILINDRO EMBRAIAGEM;0;;
161;1606;PNB294;1606;PNB294;CATEGORIA0;;1;1;0;1;;BOMBA PRINCIPAL EMBRAIAGEM;BOMBA PRINCIPAL EMBRAIAGEM;0;;
161;1606;PNB467;1606;PNB467;CATEGORIA0;;1;1;0;1;;BOMBA P/ EMBRAIAGEM;BOMBA P/ EMBRAIAGEM;0;;
161;1606;PNB469;1606;PNB469;CATEGORIA0;;1;1;0;1;;BOMBA P/ EMBRAIAGEM;BOMBA P/ EMBRAIAGEM;0;;
161;1606;PNB470;1606;PNB470;CATEGORIA0;;1;1;0;1;;B.EMBRAIAGEM;B.EMBRAIAGEM;0;;
161;1606;PNB472;1606;PNB472;CATEGORIA0;;1;1;0;1;;BOMBA P/ EMBRAIAGEM;BOMBA P/ EMBRAIAGEM;0;;
161;1606;PNB473;1606;PNB473;CATEGORIA0;;1;1;0;1;;CILINDRO EMBRAIAGEM;CILINDRO EMBRAIAGEM;0;;
161;1606;PNB477;1606;PNB477;CATEGORIA0;;1;1;0;1;;B/PRINCIPAL EMB.;B/PRINCIPAL EMB.;0;;
161;1606;PNB480;1606;PNB480;CATEGORIA0;;1;1;0;1;;BOMBA P/ EMBRAIAGEM;BOMBA P/ EMBRAIAGEM;0;;
161;1606;PNB497;1606;PNB497;CATEGORIA0;;1;1;0;1;;BOMBA P/ EMBRAIAGEM;BOMBA P/ EMBRAIAGEM;0;;
161;1606;PNB543;1606;PNB543;CATEGORIA0;;1;1;0;1;;CINLINDRO EMBRAIAGEM;CINLINDRO EMBRAIAGEM;0;;
161;1606;PNB546;1606;PNB546;CATEGORIA0;;1;1;0;1;;B/AUXILIAR EMBR.;B/AUXILIAR EMBR.;0;;
161;1606;PNB680;1606;PNB680;CATEGORIA0;;1;1;0;1;;BOMBA P/ EMBRAIAGEM;BOMBA P/ EMBRAIAGEM;0;;
161;1606;PND126;1606;PND126;CATEGORIA0;;1;1;0;1;;BOMBA P/ EMBRAIAGEM 3/4;BOMBA P/ EMBRAIAGEM 3/4;0;;
161;1606;PND136;1606;PND136;CATEGORIA0;;1;1;0;1;;BOMBA P/ EMBRAIAGEM;BOMBA P/ EMBRAIAGEM;0;;
161;1606;PND141;1606;PND141;CATEGORIA0;;1;1;0;1;;BOMBA P/ EMBRAIAGEM;BOMBA P/ EMBRAIAGEM;0;;
161;1606;PND163;1606;PND163;CATEGORIA0;;1;1;0;1;;BOMBA P/ EMBRAIAGEM;BOMBA P/ EMBRAIAGEM;0;;
161;1606;PND199;1606;PND199;CATEGORIA0;;1;1;0;1;;BOMBA P/ EMBRAIAGEM;BOMBA P/ EMBRAIAGEM;0;;
161;1606;PND214;1606;PND214;CATEGORIA0;;1;1;0;1;;BOMBA P/ EMBRAIAGEM;BOMBA P/ EMBRAIAGEM;0;;
161;1606;PND216;1606;PND216;CATEGORIA0;;1;1;0;1;;BOMBA P/ EMBRAIAGEM;BOMBA P/ EMBRAIAGEM;0;;
161;1606;PND229;1606;PND229;CATEGORIA0;;1;1;0;1;;BOMBA P/ EMBRAIAGEM;BOMBA P/ EMBRAIAGEM;0;;
161;1606;PNJ113;1606;PJN113;CATEGORIA0;;1;1;0;1;;BOMBA SEC. EMBR.;BOMBA SEC. EMBR.;0;;
161;1606;PSA118;1606;PSA118;CATEGORIA0;;1;1;0;1;;SERVO FREIO;SERVO FREIO;0;;
161;1606;PSA133;1606;PSA133;CATEGORIA0;;1;1;0;1;;SERVOFREIO;SERVOFREIO;0;;
161;1606;PSA143;1606;PSA143;CATEGORIA0;;1;1;0;1;;SERVOFREIO;SERVOFREIO;0;;
161;1606;PSA189;1606;PSA189;CATEGORIA0;;1;1;0;1;;SERVO FREIO;SERVO FREIO;0;;
161;1606;PSA228;1606;PSA228;CATEGORIA0;;1;1;0;1;;SERVO FREIO;SERVO FREIO;0;;
161;1606;PSA235;1606;PSA235;CATEGORIA0;;1;1;0;1;;SERVO FREIO;SERVO FREIO;0;;
161;1606;PSA261;1606;PSA261;CATEGORIA0;;1;1;0;1;;SERVO FREIO;SERVO FREIO;0;;
161;1606;PSA269;1606;PSA269;CATEGORIA0;;1;1;0;1;;SERVO FREIO;SERVO FREIO;0;;
161;1606;PSA375;1606;PSA375;CATEGORIA0;;1;1;0;1;;SERVO FREIO;SERVO FREIO;0;;
161;1606;PSA381;1606;PSA381;CATEGORIA0;;1;1;0;1;;SERVO FREIO;SERVO FREIO;0;;
161;1606;PSA384;1606;PSA384;CATEGORIA0;;1;1;0;1;;SERVOFREIO;SERVOFREIO;0;;
161;1606;PSA419;1606;PSA419;CATEGORIA0;;1;1;0;1;;SERVO FREIO;SERVO FREIO;0;;
161;1606;PSA446;1606;PSA446;CATEGORIA0;;1;1;0;1;;SERVO FREIO;SERVO FREIO;0;;
161;1606;PSA449;1606;PSA449;CATEGORIA0;;1;1;0;1;;SERVOFREIO;SERVOFREIO;0;;
161;1606;PSA450;1606;PSA450;CATEGORIA0;;1;1;0;1;;SERVOFREIO;SERVOFREIO;0;;
161;1606;PSA465;1606;PSA465;CATEGORIA0;;1;1;0;1;;SERVOFREIO;SERVOFREIO;0;;
161;1606;PSA477;1606;PSA477;CATEGORIA0;;1;1;0;1;;SERVO-FREIO;SERVO-FREIO;0;;
161;1606;PSA518;1606;PSA518;CATEGORIA0;;1;1;0;1;;SERVO FREIO;SERVO FREIO;0;;
161;1606;PSA526;1606;PSA526;CATEGORIA0;;1;1;0;1;;SERVO FREIO;SERVO FREIO;0;;
161;1606;PSA528;1606;PSA528;CATEGORIA0;;1;1;0;1;;SERVO FREIO;SERVO FREIO;0;;
161;1606;PSA534;1606;PSA534;CATEGORIA0;;1;1;0;1;;SERVO FREIO;SERVO FREIO;0;;
161;1606;PSA741;1606;PSA741;CATEGORIA0;;1;1;0;1;;SERVO FREIO;SERVO FREIO;0;;
161;1606;PSA743;1606;PSA743;CATEGORIA0;;1;1;0;1;;SERVO FREIO;SERVO FREIO;0;;
161;1606;PSA908;1606;PSA908;CATEGORIA0;;1;1;0;1;;SERVO FREIO;SERVO FREIO;0;;
161;1606;PSA916;1606;PSA916;CATEGORIA0;;1;1;0;1;;SERVO FREIO;SERVO FREIO;0;;
161;1606;SFK109;1606;SFK109;CATEGORIA0;;1;1;0;1;;KIT MONTAGEM MOLAS;KIT MONTAGEM MOLAS;0;;
161;1606;SJ1276;1606;SJ1276;CATEGORIA0;;1;1;0;1;;JG.REPARAÇÃO;JG.REPARAÇÃO;0;;
161;1606;SP9896;1606;SP9896;CATEGORIA0;;1;1;0;1;;JG.REPARAÇÃO BOMBA TRAVÃO;JG.REPARAÇÃO BOMBA TRAVÃO;0;;
161;1606;ST1334;1606;ST1334;CATEGORIA0;;1;1;0;1;;JG. PEÇAS PINCA TRAVÃO;JG. PEÇAS PINCA TRAVÃO;0;;
161;1606;TRW927;1606;TRW927;CATEGORIA0;;1;1;0;1;;CORTA VENTO;CORTA VENTO;0;;
161;1606;WC1134BE;1606;WC1134BE;CATEGORIA0;;1;1;0;1;;BOMBA TRAVÃO;BOMBA TRAVÃO;0;;
166;1305;*;1305;801979;CATEGORIA0;;1;1;0;1;;KIT EMBRAIAGEM;KIT EMBRAIAGEM;0;;
166;1305;009141;1305;009141;CATEGORIA0;;1;1;0;1;;KIT EMBRAIAGEM;KIT EMBRAIAGEM;0;;
166;1305;069 1015;1305;0691015;CATEGORIA0;;1;1;0;1;;ROLAMENTO EMBRAIAGEM;ROLAMENTO EMBRAIAGEM;0;;
166;1305;069 1111;1305;0691111;CATEGORIA0;;1;1;0;1;;KIT EMBRAIAGEM;KIT EMBRAIAGEM;0;;
166;1305;069 1182;1305;0691182;CATEGORIA0;;1;1;0;1;;KIT EMBRAIAGEM;KIT EMBRAIAGEM;0;;
166;1305;069 1590;1305;0691590;CATEGORIA0;;1;1;0;1;;KIT EMBRAIAGEM;KIT EMBRAIAGEM;0;;
166;1305;0690610;1305;0690610;CATEGORIA0;;1;1;0;1;;KIT EMBRAIAGEM;KIT EMBRAIAGEM;0;;
166;1305;095HTDP23;1305;095HTDP23;CATEGORIA0;;1;1;0;1;;CORREIA DISTRIBUIÇÃO;CORREIA DISTRIBUIÇÃO;0;;
166;1305;0B7141671;1305;0B7141671;CATEGORIA0;;1;1;0;1;;ROLAMENTO EMBR. SACHS;ROLAMENTO EMBR. SACHS;0;;
166;1305;1313 100 120;1305;1313100120;CATEGORIA0;;1;1;0;1;;ROLAMENTO EMB.;ROLAMENTO EMB.;0;;
166;1305;1558600;1305;1558600;CATEGORIA0;;1;1;0;1;;KIT EMBRAIAGEM L200;KIT EMBRAIAGEM L200;0;;
166;1305;1568600;1305;1568600;CATEGORIA0;;1;1;0;1;;KIT EMBRAIAGEM L200 4X4;KIT EMBRAIAGEM L200 4X4;0;;
166;1305;1728000;1305;1728000;CATEGORIA0;;1;1;0;1;;KIT EMBRAIAGEM;KIT EMBRAIAGEM;0;;
166;1305;250.0004;1305;250.0004;CATEGORIA0;;1;1;0;1;;KIT EMBRAIAGEM;KIT EMBRAIAGEM;0;;
166;1305;250.0009;1305;250.0009;CATEGORIA0;;1;1;0;1;;KIT EMBRAIAGEM;KIT EMBRAIAGEM;0;;
166;1305;250.0013;1305;250.0013;CATEGORIA0;;1;1;0;1;;KIT EMBRAIAGEM;KIT EMBRAIAGEM;0;;
166;1305;250.0017;1305;250.0017;CATEGORIA0;;1;1;0;1;;KIT EMBRAIAGEM;KIT EMBRAIAGEM;0;;
166;1305;250.0028;1305;250.0028;CATEGORIA0;;1;1;0;1;;KIT EMBRAIAGEM;KIT EMBRAIAGEM;0;;
166;1305;250.0035;1305;250.0035;CATEGORIA0;;1;1;0;1;;KIT EMBRAIAGEM;KIT EMBRAIAGEM;0;;
166;1305;250.0037;1305;250.0037;CATEGORIA0;;1;1;0;1;;KIT EMBRAIAGEM ++++;KIT EMBRAIAGEM ++++;0;;
166;1305;250.0040;1305;250.0040;CATEGORIA0;;1;1;0;1;;KIT EMBRAIAGEM;KIT EMBRAIAGEM;0;;
166;1305;250.0041;1305;250.0041;CATEGORIA0;;1;1;0;1;;KIT EMBRAIAGEM;KIT EMBRAIAGEM;0;;
166;1305;250.0048;1305;250.0048;CATEGORIA0;;1;1;0;1;;KIT EMBRAIAGEM;KIT EMBRAIAGEM;0;;
166;1305;250.0049;1305;250.0049;CATEGORIA0;;1;1;0;1;;KIT EMBRAIAGEM;KIT EMBRAIAGEM;0;;
166;1305;250.0052;1305;250.0052;CATEGORIA0;;1;1;0;1;;KIT EMBRAIAGEM;KIT EMBRAIAGEM;0;;
166;1305;250.0058;1305;250.0058;CATEGORIA0;;1;1;0;1;;KIT EMBRAIAGEM;KIT EMBRAIAGEM;0;;
166;1305;250.0065;1305;250.0065;CATEGORIA0;;1;1;0;1;;KIT EMBRAIAGEM;KIT EMBRAIAGEM;0;;
166;1305;250.0066;1305;250.0066;CATEGORIA0;;1;1;0;1;;KIT EMB.SKODA 190MM;KIT EMB.SKODA 190MM;0;;
166;1305;250.0153;1305;250.0153;CATEGORIA0;;1;1;0;1;;KIT EMB.LAND ROVER 240MM;KIT EMB.LAND ROVER 240MM;0;;
166;1305;250.0171;1305;250.0171;CATEGORIA0;;1;1;0;1;;KIT EMBRAIAGEM;KIT EMBRAIAGEM;0;;
166;1305;250.0172;1305;250.0172;CATEGORIA0;;1;1;0;1;;KIT EMBRAIAGEM;KIT EMBRAIAGEM;0;;
166;1305;250.0173;1305;250.0173;CATEGORIA0;;1;1;0;1;;KIT EMB.OPEL 220MM;KIT EMB.OPEL 220MM;0;;
166;1305;250.0181;1305;250.0181;CATEGORIA0;;1;1;0;1;;KIT EMBRAIAGEM;KIT EMBRAIAGEM;0;;
166;1305;250.0193;1305;250.0193;CATEGORIA0;;1;1;0;1;;KIT EMBRAIAGEM;KIT EMBRAIAGEM;0;;
166;1305;250.0199;1305;250.0199;CATEGORIA0;;1;1;0;1;;KIT EMBRAIAGEM;KIT EMBRAIAGEM;0;;
166;1305;250.0200;1305;250.0200;CATEGORIA0;;1;1;0;1;;KIT EMBRAIAGEM;KIT EMBRAIAGEM;0;;
166;1305;250.0201;1305;250.0201;CATEGORIA0;;1;1;0;1;;KIT EMBRAIAGEM;KIT EMBRAIAGEM;0;;
166;1305;250.0217;1305;250.0217;CATEGORIA0;;1;1;0;1;;KIT EMBRAIAGEM;KIT EMBRAIAGEM;0;;
166;1305;250.0218;1305;250.0218;CATEGORIA0;;1;1;0;1;;KIT EMBRAIAGEM;KIT EMBRAIAGEM;0;;
166;1305;250.0219;1305;250.0219;CATEGORIA0;;1;1;0;1;;KIT EMBRAIAGEM;KIT EMBRAIAGEM;0;;
166;1305;250.0221;1305;250.0221;CATEGORIA0;;1;1;0;1;;KIT EMBRAIAGEM;KIT EMBRAIAGEM;0;;
166;1305;250.0225;1305;250.0225;CATEGORIA0;;1;1;0;1;;KIT EMBRAIAGEM;KIT EMBRAIAGEM;0;;
166;1305;250.0232;1305;250.0232;CATEGORIA0;;1;1;0;1;;KIT EMBRAIAGEM;KIT EMBRAIAGEM;0;;
166;1305;250.0234;1305;250.0234;CATEGORIA0;;1;1;0;1;;KIT EMBRAIAGEM;KIT EMBRAIAGEM;0;;
166;1305;250.0236;1305;250.0236;CATEGORIA0;;1;1;0;1;;KIT EMBRAIAGEM;KIT EMBRAIAGEM;0;;
166;1305;250.0238;1305;250.0238;CATEGORIA0;;1;1;0;1;;KIT EMBRAIAGEM;KIT EMBRAIAGEM;0;;
166;1305;250.0240;1305;250.0240;CATEGORIA0;;1;1;0;1;;KIT EMBRAIAGEM;KIT EMBRAIAGEM;0;;
166;1305;250.0243;1305;250.0243;CATEGORIA0;;1;1;0;1;;KIT EMBRAIAGEM;KIT EMBRAIAGEM;0;;
166;1305;250.0244;1305;250.0244;CATEGORIA0;;1;1;0;1;;KIT EMBRAIAGEM;KIT EMBRAIAGEM;0;;
166;1305;250.0246;1305;250.0246;CATEGORIA0;;1;1;0;1;;KIT EMBRAIAGEM;KIT EMBRAIAGEM;0;;
166;1305;250.0249;1305;250.0249;CATEGORIA0;;1;1;0;1;;KIT EMBRAIAGEM;KIT EMBRAIAGEM;0;;
166;1305;250.0252;1305;250.0252;CATEGORIA0;;1;1;0;1;;KIT EMBRAIAGEM;KIT EMBRAIAGEM;0;;
166;1305;250.0253;1305;250.0253;CATEGORIA0;;1;1;0;1;;KIT EMBRAIAGEM;KIT EMBRAIAGEM;0;;
166;1305;250.0262;1305;250.0262;CATEGORIA0;;1;1;0;1;;KIT EMBRAIAGEM;KIT EMBRAIAGEM;0;;
166;1305;250.0266;1305;250.0266;CATEGORIA0;;1;1;0;1;;KIT EMBRAIAGEM;KIT EMBRAIAGEM;0;;
166;1305;250.0267;1305;250.0267;CATEGORIA0;;1;1;0;1;;KIT EMBRAIAGEM;KIT EMBRAIAGEM;0;;
166;1305;250.0269;1305;250.0269;CATEGORIA0;;1;1;0;1;;KIT EMBRAIAGEM;KIT EMBRAIAGEM;0;;
166;1305;250.0270;1305;250.0270;CATEGORIA0;;1;1;0;1;;KIT EMBRAIAGEM;KIT EMBRAIAGEM;0;;
166;1305;250.0271;1305;250.0271;CATEGORIA0;;1;1;0;1;;KIT EMB.RENAULT 215MM;KIT EMB.RENAULT 215MM;0;;
166;1305;250.0273;1305;250.0273;CATEGORIA0;;1;1;0;1;;KIT EMBRAIAGEM;KIT EMBRAIAGEM;0;;
166;1305;250.0274;1305;250.0274;CATEGORIA0;;1;1;0;1;;KIT EMBRAIAGEM;KIT EMBRAIAGEM;0;;
166;1305;250.0279;1305;250.0279;CATEGORIA0;;1;1;0;1;;KIT EMBRAIAGEM;KIT EMBRAIAGEM;0;;
166;1305;250.0284;1305;250.0284;CATEGORIA0;;1;1;0;1;;KIT EMBRAIAGEM;KIT EMBRAIAGEM;0;;
166;1305;250.0295;1305;250.0295;CATEGORIA0;;1;1;0;1;;KIT EMBRAIAGEM;KIT EMBRAIAGEM;0;;
166;1305;250.0298;1305;250.0298;CATEGORIA0;;1;1;0;1;;KIT EMBRAIAGEM;KIT EMBRAIAGEM;0;;
166;1305;250.0302;1305;250.0302;CATEGORIA0;;1;1;0;1;;KIT EMBRAIAGEM;KIT EMBRAIAGEM;0;;
166;1305;250.0308;1305;250.0308;CATEGORIA0;;1;1;0;1;;KIT EMBRAIAGEM;KIT EMBRAIAGEM;0;;
166;1305;250.0315;1305;250.0315;CATEGORIA0;;1;1;0;1;;KIT EMBRAIAGEM;KIT EMBRAIAGEM;0;;
166;1305;250.0317;1305;250.0317;CATEGORIA0;;1;1;0;1;;KIT EMBRAIAGEM;KIT EMBRAIAGEM;0;;
166;1305;250.0435;1305;250.0435;CATEGORIA0;;1;1;0;1;;KIT EMBRAIAGEM;KIT EMBRAIAGEM;0;;
166;1305;250.0436;1305;250.0436;CATEGORIA0;;1;1;0;1;;KIT EMBRAIAGEM;KIT EMBRAIAGEM;0;;
166;1305;250.2000;1305;250.2000;CATEGORIA0;;1;1;0;1;;KIT EMBRAIAGEM;KIT EMBRAIAGEM;0;;
166;1305;250.2001;1305;250.2001;CATEGORIA0;;1;1;0;1;;KIT EMBRAIAGEM;KIT EMBRAIAGEM;0;;
166;1305;250.2002;1305;250.2002;CATEGORIA0;;1;1;0;1;;KIT EMBRAIAGEM;KIT EMBRAIAGEM;0;;
166;1305;250.2003;1305;250.2003;CATEGORIA0;;1;1;0;1;;KIT EMBRAIAGEM;KIT EMBRAIAGEM;0;;
166;1305;250.2005;1305;250.2005;CATEGORIA0;;1;1;0;1;;KIT EMBRAIAGEM;KIT EMBRAIAGEM;0;;
166;1305;250.2007;1305;250.2007;CATEGORIA0;;1;1;0;1;;KIT EMBRAIAGEM;KIT EMBRAIAGEM;0;;
166;1305;250.2009;1305;250.2009;CATEGORIA0;;1;1;0;1;;KIT EMBRAIAGEM;KIT EMBRAIAGEM;0;;
166;1305;250.2010;1305;250.2010;CATEGORIA0;;1;1;0;1;;KIT EMBRAIAGEM;KIT EMBRAIAGEM;0;;
166;1305;250.2012;1305;250.2012;CATEGORIA0;;1;1;0;1;;KIT EMBRAIAGEM;KIT EMBRAIAGEM;0;;
166;1305;250.2015;1305;250.2015;CATEGORIA0;;1;1;0;1;;KIT EMBRAIAGEM;KIT EMBRAIAGEM;0;;
166;1305;250.2021;1305;250.2021;CATEGORIA0;;1;1;0;1;;KIT EMBRAIAGEM;KIT EMBRAIAGEM;0;;
166;1305;250.2022;1305;250.2022;CATEGORIA0;;1;1;0;1;;KIT EMBRAIAGEM;KIT EMBRAIAGEM;0;;
166;1305;250.2023;1305;250.2023;CATEGORIA0;;1;1;0;1;;KIT EMBRAIAGEM;KIT EMBRAIAGEM;0;;
166;1305;250.2024;1305;250.2024;CATEGORIA0;;1;1;0;1;;KIT EMBRAIAGEM;KIT EMBRAIAGEM;0;;
166;1305;250.2025;1305;250.2025;CATEGORIA0;;1;1;0;1;;KIT EMBRAIAGEM;KIT EMBRAIAGEM;0;;
166;1305;250.2027;1305;250.2027;CATEGORIA0;;1;1;0;1;;KIT EMBRAIAGEM;KIT EMBRAIAGEM;0;;
166;1305;250.2028;1305;250.2028;CATEGORIA0;;1;1;0;1;;KIT EMBRAIAGEM;KIT EMBRAIAGEM;0;;
166;1305;250.2029;1305;250.2029;CATEGORIA0;;1;1;0;1;;KIT EMBRAIAGEM;KIT EMBRAIAGEM;0;;
166;1305;250.2030;1305;250.2030;CATEGORIA0;;1;1;0;1;;KIT EMBRAIAGEM;KIT EMBRAIAGEM;0;;
166;1305;250.2031;1305;250.2031;CATEGORIA0;;1;1;0;1;;KIT EMBRAIAGEM;KIT EMBRAIAGEM;0;;
166;1305;250.2033;1305;250.2033;CATEGORIA0;;1;1;0;1;;KIT EMBRAIAGEM;KIT EMBRAIAGEM;0;;
166;1305;250.2037;1305;250.2037;CATEGORIA0;;1;1;0;1;;KIT EMBRAIAGEM;KIT EMBRAIAGEM;0;;
166;1305;250.2038;1305;250.2038;CATEGORIA0;;1;1;0;1;;KIT EMBRAIAGEM;KIT EMBRAIAGEM;0;;
166;1305;250.2039;1305;250.2039;CATEGORIA0;;1;1;0;1;;KIT EMB.RENAULT 215MM;KIT EMB.RENAULT 215MM;0;;
166;1305;250.2040;1305;250.2040;CATEGORIA0;;1;1;0;1;;KIT EMBRAIAGEM;KIT EMBRAIAGEM;0;;
166;1305;250.2041;1305;250.2041;CATEGORIA0;;1;1;0;1;;KIT EMBRAIAGEM;KIT EMBRAIAGEM;0;;
166;1305;250.2042;1305;250.2042;CATEGORIA0;;1;1;0;1;;KIT EMBRAIAGEM;KIT EMBRAIAGEM;0;;
166;1305;250.2044;1305;250.2044;CATEGORIA0;;1;1;0;1;;KIT EMBRAIAGEM;KIT EMBRAIAGEM;0;;
166;1305;250.2061;1305;250.2061;CATEGORIA0;;1;1;0;1;;KIT EMBRAIAGEM;KIT EMBRAIAGEM;0;;
166;1305;250.CK9089;1305;CK9089;CATEGORIA0;;1;1;0;1;;KIT EMBRAIAGEM 215MM;KIT EMBRAIAGEM 215MM;0;;
166;1305;250.CK9782F;1305;250.CK9782F;CATEGORIA0;;1;1;0;1;;KIT EMBRAIAGEM;KIT EMBRAIAGEM;0;;
166;1305;251.0152;1305;251.0152;CATEGORIA0;;1;1;0;1;;KIT EMBRAIAGEM;KIT EMBRAIAGEM;0;;
166;1305;251.0178;1305;251.0178;CATEGORIA0;;1;1;0;1;;KIT EMB.PSA 235MM;KIT EMB.PSA 235MM;0;;
166;1305;251.0180;1305;251.0180;CATEGORIA0;;1;1;0;1;;KIT EMB.PSA 235MM;KIT EMB.PSA 235MM;0;;
166;1305;251.2034;1305;251.2034;CATEGORIA0;;1;1;0;1;;KIT EMBRAIAGEM;KIT EMBRAIAGEM;0;;
166;1305;251.2036;1305;251.2036;CATEGORIA0;;1;1;0;1;;KIT EMBRAIAGEM;KIT EMBRAIAGEM;0;;
166;1305;251.2057;1305;251.2057;CATEGORIA0;;1;1;0;1;;KIT EMBRAIAGEM;KIT EMBRAIAGEM;0;;
166;1305;251.2058;1305;251.2058;CATEGORIA0;;1;1;0;1;;KIT EMBRAIAGEM;KIT EMBRAIAGEM;0;;
166;1305;251.2059;1305;251.2059;CATEGORIA0;;1;1;0;1;;KIT EMBRAIAGEM;KIT EMBRAIAGEM;0;;
166;1305;252.0073;1305;252.0073;CATEGORIA0;;1;1;0;1;;KIT EMBRAIAGEM;KIT EMBRAIAGEM;0;;
166;1305;252.0157;1305;252.0157;CATEGORIA0;;1;1;0;1;;KIT EMBRAIAGEM;KIT EMBRAIAGEM;0;;
166;1305;252.0161;1305;252.0161;CATEGORIA0;;1;1;0;1;;KIT EMBRAIAGEM;KIT EMBRAIAGEM;0;;
166;1305;252.0186;1305;252.0186;CATEGORIA0;;1;1;0;1;;KIT EMBRAIAGEM;KIT EMBRAIAGEM;0;;
166;1305;252.0261;1305;252.0261;CATEGORIA0;;1;1;0;1;;KIT EMBRAIAGEM;KIT EMBRAIAGEM;0;;
166;1305;252.0265;1305;252.0265;CATEGORIA0;;1;1;0;1;;KIT EMBRAIAGEM;KIT EMBRAIAGEM;0;;
166;1305;252.0275;1305;252.0275;CATEGORIA0;;1;1;0;1;;KIT EMBRAIAGEM;KIT EMBRAIAGEM;0;;
166;1305;252.2046;1305;252.2046;CATEGORIA0;;1;1;0;1;;KIT EMBRAIAGEM;KIT EMBRAIAGEM;0;;
166;1305;252.2054;1305;252.2054;CATEGORIA0;;1;1;0;1;;KIT EMBRAIAGEM;KIT EMBRAIAGEM;0;;
166;1305;3031860500;1305;3031860500;CATEGORIA0;;1;1;0;1;;KIT EMBRAIAGEM;KIT EMBRAIAGEM;0;;
166;1305;3458000;1305;3458000;CATEGORIA0;;1;1;0;1;;KIT EMBRAIAGEM NISSAN;KIT EMBRAIAGEM NISSAN;0;;
166;1305;70H00;1305;HDC52;CATEGORIA0;;1;1;0;1;;PRATO EMBRAIAGEM;PRATO EMBRAIAGEM;0;;
166;1305;72685;1305;72685;CATEGORIA0;;1;1;0;1;;KIT EMBRAIAGEM;KIT EMBRAIAGEM;0;;
166;1305;80H00;1305;HD62;CATEGORIA0;;1;1;0;1;;DISCO EMBRAIAGEM;DISCO EMBRAIAGEM;0;;
166;1305;922048;1305;TYK2119;CATEGORIA0;;1;1;0;1;;KIT EMBRAIAGEM;KIT EMBRAIAGEM;0;;
166;1305;92459;1305;KF-459;CATEGORIA0;;1;1;0;1;;KIT EMBRAIAGEM;KIT EMBRAIAGEM;0;;
166;1305;925009;1305;KM063VRF;CATEGORIA0;;1;1;0;1;;KIT EMBRAIAGEM;KIT EMBRAIAGEM;0;;
166;1305;92541;1305;MBK2030;CATEGORIA0;;1;1;0;1;;KIT EMBRAIAGEM;KIT EMBRAIAGEM;0;;
166;1305;AC159K;1305;AC159K;CATEGORIA0;;1;1;0;1;;KIT EMBRAIAGEM;KIT EMBRAIAGEM;0;;
166;1305;AC165K;1305;AC165K;CATEGORIA0;;1;1;0;1;;KIT EMBRAIAGEM;KIT EMBRAIAGEM;0;;
166;1305;AC185K;1305;AC185K;CATEGORIA0;;1;1;0;1;;KIT EMBRAIAGEM;KIT EMBRAIAGEM;0;;
166;1305;AC195K;1305;AC195K;CATEGORIA0;;1;1;0;1;;KIT EMBRAIAGEM;KIT EMBRAIAGEM;0;;
166;1305;AC203K;1305;AC203K;CATEGORIA0;;1;1;0;1;;KIT EMBRAIAGEM;KIT EMBRAIAGEM;0;;
166;1305;AC208K;1305;AC208K;CATEGORIA0;;1;1;0;1;;KIT EMBRAIAGEM;KIT EMBRAIAGEM;0;;
166;1305;AC217K;1305;AC217K;CATEGORIA0;;1;1;0;1;;KIT EMBRAIAGEM;KIT EMBRAIAGEM;0;;
166;1305;AC236K;1305;AC236K;CATEGORIA0;;1;1;0;1;;KIT EMBRAIAGEM;KIT EMBRAIAGEM;0;;
166;1305;AC242K;1305;AC242K;CATEGORIA0;;1;1;0;1;;KIT EMBRAIAGEM;KIT EMBRAIAGEM;0;;
166;1305;AC302K;1305;AC302K;CATEGORIA0;;1;1;0;1;;KIT EMBRAIAGEM;KIT EMBRAIAGEM;0;;
166;1305;AC334K;1305;AC334K;CATEGORIA0;;1;1;0;1;;KIT EMBRAIAGEM;KIT EMBRAIAGEM;0;;
166;1305;AC337K;1305;AC337K;CATEGORIA0;;1;1;0;1;;KIT EMBRAIAGEM;KIT EMBRAIAGEM;0;;
166;1305;AC372K;1305;AC372K;CATEGORIA0;;1;1;0;1;;KIT EMBRAIAGEM;KIT EMBRAIAGEM;0;;
166;1305;AC380K;1305;AC380K;CATEGORIA0;;1;1;0;1;;KIT EMBRAIAGEM;KIT EMBRAIAGEM;0;;
166;1305;AC484K;1305;AC484K;CATEGORIA0;;1;1;0;1;;KIT EMBRAIAGEM;KIT EMBRAIAGEM;0;;
166;1305;AC502K;1305;AC502K;CATEGORIA0;;1;1;0;1;;KIT EMBRAIAGEM;KIT EMBRAIAGEM;0;;
166;1305;AC506K;1305;AC506K;CATEGORIA0;;1;1;0;1;;KIT EMBRAIAGEM;KIT EMBRAIAGEM;0;;
166;1305;AC553K;1305;AC553K;CATEGORIA0;;1;1;0;1;;KIT EMBRAIAGEM;KIT EMBRAIAGEM;0;;
166;1305;AC559K;1305;AC559K;CATEGORIA0;;1;1;0;1;;KIT EMBRAIAGEM;KIT EMBRAIAGEM;0;;
166;1305;AC612K;1305;AC612K;CATEGORIA0;;1;1;0;1;;KIT EMBRAIAGEM;KIT EMBRAIAGEM;0;;
166;1305;AC613K;1305;AC613K;CATEGORIA0;;1;1;0;1;;KIT EMBRAIAGEM;KIT EMBRAIAGEM;0;;
166;1305;AC660K;1305;AC660K;CATEGORIA0;;1;1;0;1;;KIT EMBRAIAGEM;KIT EMBRAIAGEM;0;;
166;1305;AC708K;1305;AC708K;CATEGORIA0;;1;1;0;1;;KIT EMBRAIAGEM;KIT EMBRAIAGEM;0;;
166;1305;AIS-KELR03;1305;AIS-KELR03;CATEGORIA0;;1;1;0;1;;KIT EMBRAIAGEM;KIT EMBRAIAGEM;0;;
166;1305;BD-035;1305;BD035;CATEGORIA0;;1;1;0;1;;ROLAMENTO;ROLAMENTO;0;;
166;1305;BE-FI03;1305;BE-FI03;CATEGORIA0;;1;1;0;1;;ROLAMENTO EMBRAIAGEM;ROLAMENTO EMBRAIAGEM;0;;
166;1305;BG-006;1305;BG006;CATEGORIA0;;1;1;0;1;;ROLAMENTO EMBRAIAGEM;ROLAMENTO EMBRAIAGEM;0;;
166;1305;BG-007;1305;BG007;CATEGORIA0;;1;1;0;1;;ROLAMENTO EMBRAIAGEM;ROLAMENTO EMBRAIAGEM;0;;
166;1305;BG-107;1305;BG107;CATEGORIA0;;1;1;0;1;;ROLAMENTO EMBRAIAGEM;ROLAMENTO EMBRAIAGEM;0;;
166;1305;BG068;1305;BG068;CATEGORIA0;;1;1;0;1;;ROLAMENTO EMBRAIAGEM;ROLAMENTO EMBRAIAGEM;0;;
166;1305;BH-036;1305;BH036;CATEGORIA0;;1;1;0;1;;ROLAMENTO EMBRAIAGEM;ROLAMENTO EMBRAIAGEM;0;;
166;1305;BH-079;1305;BH079;CATEGORIA0;;1;1;0;1;;ROLAMENTO EMBRAIAGEM;ROLAMENTO EMBRAIAGEM;0;;
166;1305;BM-001;1305;BM001;CATEGORIA0;;1;1;0;1;;ROLAMENTO EMBRAIAGEM;ROLAMENTO EMBRAIAGEM;0;;
166;1305;BM071;1305;PR802;CATEGORIA0;;1;1;0;1;;ROLAMENTO EMBRAIAGEM;ROLAMENTO EMBRAIAGEM;0;;
166;1305;BN-005;1305;BN005;CATEGORIA0;;1;1;0;1;;ROLAMENTO EMB.;ROLAMENTO EMB.;0;;
166;1305;BN-009;1305;BN009;CATEGORIA0;;1;1;0;1;;ROLAMENTO EMBRAIAGEM;ROLAMENTO EMBRAIAGEM;0;;
166;1305;BRG963;1305;BRG963;CATEGORIA0;;1;1;0;1;;ROLAMENTO EMBRAIAGEM;ROLAMENTO EMBRAIAGEM;0;;
166;1305;BS-002;1305;BS002;CATEGORIA0;;1;1;0;1;;ROLAMENTO EMBRAIAGEM;ROLAMENTO EMBRAIAGEM;0;;
166;1305;BS-009A;1305;BS-009A;CATEGORIA0;;1;1;0;1;;ROLAMENTO EMBRAIAGEM;ROLAMENTO EMBRAIAGEM;0;;
166;1305;BS-038;1305;BS038;CATEGORIA0;;1;1;0;1;;ROLAMENTO EMBRAIAGEM;ROLAMENTO EMBRAIAGEM;0;;
166;1305;BT-002;1305;BT002;CATEGORIA0;;1;1;0;1;;ROLAMENTO EMBRAIAGEM;ROLAMENTO EMBRAIAGEM;0;;
166;1305;BT-021;1305;BT021;CATEGORIA0;;1;1;0;1;;ROLAMENTO EMBRAIAGEM;ROLAMENTO EMBRAIAGEM;0;;
166;1305;BT-024;1305;BT024;CATEGORIA0;;1;1;0;1;;ROLAMENTO EMBRAIAGEM;ROLAMENTO EMBRAIAGEM;0;;
166;1305;BT-033;1305;BT033;CATEGORIA0;;1;1;0;1;;ROLAMENTO EMBRAIAGEM;ROLAMENTO EMBRAIAGEM;0;;
166;1305;BT-087;1305;BT087;CATEGORIA0;;1;1;0;1;;ROLAMENTO EMBRAIAGEM;ROLAMENTO EMBRAIAGEM;0;;
166;1305;BT-095;1305;BT095;CATEGORIA0;;1;1;0;1;;ROLAMENTO EMBRAIAGEM;ROLAMENTO EMBRAIAGEM;0;;
166;1305;BT-110;1305;BT-110;CATEGORIA0;;1;1;0;1;;ROLAMENTO EMBRAIAGEM;ROLAMENTO EMBRAIAGEM;0;;
166;1305;BT-112;1305;BT112;CATEGORIA0;;1;1;0;1;;ROLAMENTO EMBRAIAGEM;ROLAMENTO EMBRAIAGEM;0;;
166;1305;BT-113;1305;BT113;CATEGORIA0;;1;1;0;1;;ROLAMENTO EMBRAIAGEM;ROLAMENTO EMBRAIAGEM;0;;
166;1305;BT-120;1305;BT120;CATEGORIA0;;1;1;0;1;;ROLAMENTO EMBRAIAGEM;ROLAMENTO EMBRAIAGEM;0;;
166;1305;BT-122;1305;BT122;CATEGORIA0;;1;1;0;1;;ROLAMENTO EMBRAIAGEM;ROLAMENTO EMBRAIAGEM;0;;
166;1305;BT-125;1305;BT-125;CATEGORIA0;;1;1;0;1;;ROLAMENTO EMBRAIAGEM;ROLAMENTO EMBRAIAGEM;0;;
166;1305;BY-005;1305;BY005;CATEGORIA0;;1;1;0;1;;ROLAMENTO EMBRAIAGEM;ROLAMENTO EMBRAIAGEM;0;;
166;1305;BZ-004;1305;BZ004;CATEGORIA0;;1;1;0;1;;ROLAMENTO EMBRAIAGEM;ROLAMENTO EMBRAIAGEM;0;;
166;1305;BZ-054;1305;BZ054;CATEGORIA0;;1;1;0;1;;ROLAMENTO EMBRAIAGEM;ROLAMENTO EMBRAIAGEM;0;;
166;1305;BZ-056;1305;BZ056;CATEGORIA0;;1;1;0;1;;ROLAMENTO EMBRAIAGEM;ROLAMENTO EMBRAIAGEM;0;;
166;1305;CCT206;1305;CCT206;CATEGORIA0;;1;1;0;1;;ROLAMENTO EMBRAIAGEM;ROLAMENTO EMBRAIAGEM;0;;
166;1305;CJCT.MB512S;1305;MB512S;CATEGORIA0;;1;1;0;1;;ROLAMENTO BOMBA;ROLAMENTO BOMBA;0;;
166;1305;CK10046F;1305;CK10046F;CATEGORIA0;;1;1;0;1;;KIT EMBRAIAGEM;KIT EMBRAIAGEM;0;;
166;1305;CK10077F;1305;CK10077F;CATEGORIA0;;1;1;0;1;;KIT VOLANTE + EMBRAIAGEM;KIT VOLANTE + EMBRAIAGEM;0;;
166;1305;CK10079F;1305;CK10079F;CATEGORIA0;;1;1;0;1;;KIT EMBRAIAGEM;KIT EMBRAIAGEM;0;;
166;1305;CK10110S;1305;CK10110S;CATEGORIA0;;1;1;0;1;;KIT. EMBRAIAGEM;KIT. EMBRAIAGEM;0;;
166;1305;CK10233;1305;CK10233;CATEGORIA0;;1;1;0;1;;KIT EMBRAIAGEM;KIT EMBRAIAGEM;0;;
166;1305;CK10238;1305;CK10238;CATEGORIA0;;1;1;0;1;;KIT EMBRAIAGEM;KIT EMBRAIAGEM;0;;
166;1305;CK9004;1305;CK9004;CATEGORIA0;;1;1;0;1;;KIT EMBRAIAGEM;KIT EMBRAIAGEM;0;;
166;1305;CK9007;1305;CK9007;CATEGORIA0;;1;1;0;1;;KIT EMBRAIAGEM;KIT EMBRAIAGEM;0;;
166;1305;CK9008;1305;CK9008;CATEGORIA0;;1;1;0;1;;KIT EMBRAIAGEM;KIT EMBRAIAGEM;0;;
166;1305;CK9016;1305;CK9016;CATEGORIA0;;1;1;0;1;;KIT EMBRAIAGEM;KIT EMBRAIAGEM;0;;
166;1305;CK9018;1305;250.0245;CATEGORIA0;;1;1;0;1;;KIT EMB.;KIT EMB.;0;;
166;1305;CK9019;1305;CK9019;CATEGORIA0;;1;1;0;1;;KIT EMBRAIAGEM;KIT EMBRAIAGEM;0;;
166;1305;CK9022;1305;CK9022;CATEGORIA0;;1;1;0;1;;KIT EMBRAIAGEM;KIT EMBRAIAGEM;0;;
166;1305;CK9023;1305;CK9023;CATEGORIA0;;1;1;0;1;;KIT EMBRAIAGEM;KIT EMBRAIAGEM;0;;
166;1305;CK9034;1305;CK9034;CATEGORIA0;;1;1;0;1;;KIT EMBRAIAGEM;KIT EMBRAIAGEM;0;;
166;1305;CK9038;1305;CK9038;CATEGORIA0;;1;1;0;1;;KIT EMBRAIAGEM;KIT EMBRAIAGEM;0;;
166;1305;CK9043;1305;CK9043;CATEGORIA0;;1;1;0;1;;KIT EMBRAIAGEM;KIT EMBRAIAGEM;0;;
166;1305;CK9051;1305;CK9051;CATEGORIA0;;1;1;0;1;;KIT EMBRAIAGEM;KIT EMBRAIAGEM;0;;
166;1305;CK9053;1305;CK9053;CATEGORIA0;;1;1;0;1;;KIT EMBRAIAGEM;KIT EMBRAIAGEM;0;;
166;1305;CK9056;1305;CK9056;CATEGORIA0;;1;1;0;1;;KIT EMBRAIAGEM;KIT EMBRAIAGEM;0;;
166;1305;CK9058;1305;CK9058;CATEGORIA0;;1;1;0;1;;KIT EMBRAIAGEM;KIT EMBRAIAGEM;0;;
166;1305;CK9066;1305;CK9066;CATEGORIA0;;1;1;0;1;;KIT EMBRAIAGEM;KIT EMBRAIAGEM;0;;
166;1305;CK9074;1305;CK9074;CATEGORIA0;;1;1;0;1;;KIT EMBRAIAGEM;KIT EMBRAIAGEM;0;;
166;1305;CK9083;1305;CK9083;CATEGORIA0;;1;1;0;1;;KIT EMBRAIAGEM;KIT EMBRAIAGEM;0;;
166;1305;CK9090;1305;CK9090;CATEGORIA0;;1;1;0;1;;KIT EMBRAIAGEM;KIT EMBRAIAGEM;0;;
166;1305;CK9094;1305;CK9094;CATEGORIA0;;1;1;0;1;;EMBRAIAGEM;EMBRAIAGEM;0;;
166;1305;CK9098;1305;CK9098;CATEGORIA0;;1;1;0;1;;KIT EMBRAIAGEM;KIT EMBRAIAGEM;0;;
166;1305;CK9100;1305;CK9100;CATEGORIA0;;1;1;0;1;;KIT EMBRAIAGEM;KIT EMBRAIAGEM;0;;
166;1305;CK9111;1305;CK9111;CATEGORIA0;;1;1;0;1;;KIT EMBRAIAGEM;KIT EMBRAIAGEM;0;;
166;1305;CK9199;1305;CK9199;CATEGORIA0;;1;1;0;1;;KIT EMBRAIAGEM;KIT EMBRAIAGEM;0;;
166;1305;CK9217;1305;CK9217;CATEGORIA0;;1;1;0;1;;KIT EMBRAIAGEM;KIT EMBRAIAGEM;0;;
166;1305;CK9223;1305;CK9223;CATEGORIA0;;1;1;0;1;;KIT EMBRAIAGEM;KIT EMBRAIAGEM;0;;
166;1305;CK9236;1305;CK9236;CATEGORIA0;;1;1;0;1;;KIT EMBRAIAGEM;KIT EMBRAIAGEM;0;;
166;1305;CK9238;1305;CK9238;CATEGORIA0;;1;1;0;1;;KIT EMBRAIAGEM;KIT EMBRAIAGEM;0;;
166;1305;CK9287;1305;CK9287;CATEGORIA0;;1;1;0;1;;KIT EMBRAIAGEM;KIT EMBRAIAGEM;0;;
166;1305;CK9299;1305;250.2020;CATEGORIA0;;1;1;0;1;;KIT EMB.FIAT 200MM;KIT EMB.FIAT 200MM;0;;
166;1305;CK9374;1305;CK9374;CATEGORIA0;;1;1;0;1;;KIT EMBRAIAGEM;KIT EMBRAIAGEM;0;;
166;1305;CK9375;1305;CK9375;CATEGORIA0;;1;1;0;1;;KIT EMBRAIAGEM;KIT EMBRAIAGEM;0;;
166;1305;CK9387;1305;CK9387;CATEGORIA0;;1;1;0;1;;KIT EMBRAIAGEM;KIT EMBRAIAGEM;0;;
166;1305;CK9388;1305;CK9388;CATEGORIA0;;1;1;0;1;;KIT EMBRAIAGEM;KIT EMBRAIAGEM;0;;
166;1305;CK9396;1305;CK9396;CATEGORIA0;;1;1;0;1;;KIT EMBRAIAGEM;KIT EMBRAIAGEM;0;;
166;1305;CK9397;1305;CK9397;CATEGORIA0;;1;1;0;1;;KIT EMBRAIAGEM;KIT EMBRAIAGEM;0;;
166;1305;CK9405;1305;CK9405;CATEGORIA0;;1;1;0;1;;KIT EMBRAIAGEM;KIT EMBRAIAGEM;0;;
166;1305;CK9405-01;1305;CK9405-01;CATEGORIA0;;1;1;0;1;;KIT EMBRAIAGEM;KIT EMBRAIAGEM;0;;
166;1305;CK9413;1305;CK9413;CATEGORIA0;;1;1;0;1;;KIT EMBRAIAGEM;KIT EMBRAIAGEM;0;;
166;1305;CK9415;1305;CK9415;CATEGORIA0;;1;1;0;1;;KIT EMBRAIAGEM;KIT EMBRAIAGEM;0;;
166;1305;CK9417;1305;CK9417;CATEGORIA0;;1;1;0;1;;KIT EMBRAIAGEM;KIT EMBRAIAGEM;0;;
166;1305;CK9420;1305;251.0141;CATEGORIA0;;1;1;0;1;;KIT EMB.MERCEDES 230MM;KIT EMB.MERCEDES 230MM;0;;
166;1305;CK9428;1305;CK9428;CATEGORIA0;;1;1;0;1;;KIT EMBRAIAGEM;KIT EMBRAIAGEM;0;;
166;1305;CK9431;1305;CK9431;CATEGORIA0;;1;1;0;1;;KIT EMBRAIAGEM;KIT EMBRAIAGEM;0;;
166;1305;CK9436;1305;CK9436;CATEGORIA0;;1;1;0;1;;KIT EMBRAIAGEM;KIT EMBRAIAGEM;0;;
166;1305;CK9438;1305;CK9438;CATEGORIA0;;1;1;0;1;;KIT EMBRAIAGEM;KIT EMBRAIAGEM;0;;
166;1305;CK9449;1305;CK9449;CATEGORIA0;;1;1;0;1;;KIT EMBRAIAGEM;KIT EMBRAIAGEM;0;;
166;1305;CK9469;1305;CK9469;CATEGORIA0;;1;1;0;1;;KIT EMBRAIAGEM;KIT EMBRAIAGEM;0;;
166;1305;CK9474;1305;CK9474;CATEGORIA0;;1;1;0;1;;KIT EMBRAIAGEM;KIT EMBRAIAGEM;0;;
166;1305;CK9479;1305;CK9479;CATEGORIA0;;1;1;0;1;;KIT EMBRAIAGEM;KIT EMBRAIAGEM;0;;
166;1305;CK9499;1305;CK9499;CATEGORIA0;;1;1;0;1;;KIT EMBRAIAGEM;KIT EMBRAIAGEM;0;;
166;1305;CK9501;1305;CK9501;CATEGORIA0;;1;1;0;1;;KIT EMBRAIAGEM;KIT EMBRAIAGEM;0;;
166;1305;CK9527;1305;CK9527;CATEGORIA0;;1;1;0;1;;KIT EMBRAIAGEM;KIT EMBRAIAGEM;0;;
166;1305;CK9536;1305;CK9536;CATEGORIA0;;1;1;0;1;;KIT EMBRAIAGEM;KIT EMBRAIAGEM;0;;
166;1305;CK9553;1305;CK9553;CATEGORIA0;;1;1;0;1;;KIT EMBRAIAGEM;KIT EMBRAIAGEM;0;;
166;1305;CK9604;1305;CK9604;CATEGORIA0;;1;1;0;1;;KIT EMBRAIAGEM;KIT EMBRAIAGEM;0;;
166;1305;CK9630;1305;CK9630;CATEGORIA0;;1;1;0;1;;KIT EMBRAIAGEM;KIT EMBRAIAGEM;0;;
166;1305;CK9643;1305;CK9643;CATEGORIA0;;1;1;0;1;;KIT EMBRAIAGEM;KIT EMBRAIAGEM;0;;
166;1305;CK9648;1305;CK9648;CATEGORIA0;;1;1;0;1;;KIT EMBRAIAGEM;KIT EMBRAIAGEM;0;;
166;1305;CK9654-01;1305;CK9654-01;CATEGORIA0;;1;1;0;1;;KIT EMBRAIAGEM;KIT EMBRAIAGEM;0;;
166;1305;CK9678;1305;CK9678;CATEGORIA0;;1;1;0;1;;KIT EMBRAIAGEM;KIT EMBRAIAGEM;0;;
166;1305;CK9682;1305;CK9682;CATEGORIA0;;1;1;0;1;;EMBRAIAGEM;EMBRAIAGEM;0;;
166;1305;CK9735;1305;CK9735;CATEGORIA0;;1;1;0;1;;KIT EMBRAIAGEM;KIT EMBRAIAGEM;0;;
166;1305;CK9743;1305;CK9743;CATEGORIA0;;1;1;0;1;;KIT EMBRAIAGEM;KIT EMBRAIAGEM;0;;
166;1305;CK9782F;1305;CK9782F;CATEGORIA0;;1;1;0;1;;KIT EMBRAIAGEM 4PCS;KIT EMBRAIAGEM 4PCS;0;;
166;1305;CK9784F;1305;CK9784F;CATEGORIA0;;1;1;0;1;;KIT EMBRAIAGEM;KIT EMBRAIAGEM;0;;
166;1305;CK9800;1305;CK9800;CATEGORIA0;;1;1;0;1;;KIT EMBRAIAGEM;KIT EMBRAIAGEM;0;;
166;1305;CK9801;1305;CK9801;CATEGORIA0;;1;1;0;1;;KIT EMBRAIAGEM;KIT EMBRAIAGEM;0;;
166;1305;CK9823;1305;CK9823;CATEGORIA0;;1;1;0;1;;KIT EMBRAIAGEM;KIT EMBRAIAGEM;0;;
166;1305;CK9826;1305;NSK2148;CATEGORIA0;;1;1;0;1;;KIT EMBRAIAGEM;KIT EMBRAIAGEM;0;;
166;1305;CK9833;1305;CK9833;CATEGORIA0;;1;1;0;1;;EMBRAIAGEM;EMBRAIAGEM;0;;
166;1305;CK9870;1305;CK9870;CATEGORIA0;;1;1;0;1;;KIT EMBRAIAGEM;KIT EMBRAIAGEM;0;;
166;1305;CK9884;1305;CK9884;CATEGORIA0;;1;1;0;1;;KIT EMBRAIAGEM;KIT EMBRAIAGEM;0;;
166;1305;CK9910;1305;WFT033;CATEGORIA0;;1;1;0;1;;KIT EMBRAIAGEM;KIT EMBRAIAGEM;0;;
166;1305;CK9961-48;1305;CK9961-48;CATEGORIA0;;1;1;0;1;;KIT EMBRAIAGEM;KIT EMBRAIAGEM;0;;
166;1305;CK9964F;1305;CK9964F;CATEGORIA0;;1;1;0;1;;KIT ADAPT. EMBRAIAGEM;KIT ADAPT. EMBRAIAGEM;0;;
166;1305;CK9966S;1305;CK9966S;CATEGORIA0;;1;1;0;1;;KIT EMBRAIAGEM;KIT EMBRAIAGEM;0;;
166;1305;CK9979F;1305;CK9979F;CATEGORIA0;;1;1;0;1;;KIT EMBRAIAGEM;KIT EMBRAIAGEM;0;;
166;1305;CKT-318RC;1305;CKT-318RC;CATEGORIA0;;1;1;0;1;;KIT EMBRAIAGEM;KIT EMBRAIAGEM;0;;
166;1305;CKT-619RB;1305;CKT619RB;CATEGORIA0;;1;1;0;1;;KIT EMBRAIAGEM AISIN;KIT EMBRAIAGEM AISIN;0;;
166;1305;CM-905;1305;CM905;CATEGORIA0;;1;1;0;1;;PRENSA EMBRAIAGEM;PRENSA EMBRAIAGEM;0;;
166;1305;CN-007;1305;CN007;CATEGORIA0;;1;1;0;1;;PRATO EMBRAIAGEM;PRATO EMBRAIAGEM;0;;
166;1305;CP4018;1305;CP4018;CATEGORIA0;;1;1;0;1;;KIT EMBRAIAGEM;KIT EMBRAIAGEM;0;;
166;1305;CP4036;1305;CP4036;CATEGORIA0;;1;1;0;1;;KIT EMBRAIAGEM;KIT EMBRAIAGEM;0;;
166;1305;CR 1106;1305;CR1106;CATEGORIA0;;1;1;0;1;;ROLAMENTO EMBRAIAGEM;ROLAMENTO EMBRAIAGEM;0;;
166;1305;CR1116;1305;CR1116;CATEGORIA0;;1;1;0;1;;ROLAMENTO EMBRAIAGEM;ROLAMENTO EMBRAIAGEM;0;;
166;1305;CR1253;1305;CR1253;CATEGORIA0;;1;1;0;1;;ROLAMENTO EMBRAIAGEM;ROLAMENTO EMBRAIAGEM;0;;
166;1305;CT003;1305;CT003;CATEGORIA0;;1;1;0;1;;PRATO EMBRAIAGEM;PRATO EMBRAIAGEM;0;;
166;1305;CTX-110;1305;CTX110;CATEGORIA0;;1;1;0;1;;PRATO EMBRAIAGEM;PRATO EMBRAIAGEM;0;;
166;1305;CY-012;1305;CY012;CATEGORIA0;;1;1;0;1;;PRATO EMB.;PRATO EMB.;0;;
166;1305;CY-019;1305;CY019;CATEGORIA0;;1;1;0;1;;PRATO EMBRAIAGEM;PRATO EMBRAIAGEM;0;;
166;1305;CZ-017;1305;CZ017;CATEGORIA0;;1;1;0;1;;PRATO EMBRAIAGEM;PRATO EMBRAIAGEM;0;;
166;1305;DG-011;1305;DG011;CATEGORIA0;;1;1;0;1;;DISCO EMBRAIAGEM;DISCO EMBRAIAGEM;0;;
166;1305;DG-321U;1305;IS33;CATEGORIA0;;1;1;0;1;;DISCO EMBRAIAGEM;DISCO EMBRAIAGEM;0;;
166;1305;DH-008;1305;DH008;CATEGORIA0;;1;1;0;1;;DISCO EMBRAIAGEM;DISCO EMBRAIAGEM;0;;
166;1305;DM-028;1305;DM028;CATEGORIA0;;1;1;0;1;;DISCO EMBRAIAGEM;DISCO EMBRAIAGEM;0;;
166;1305;DM-034U;1305;DM034U;CATEGORIA0;;1;1;0;1;;DISCO EMBRAIAGEM;DISCO EMBRAIAGEM;0;;
166;1305;DN-004;1305;DN079;CATEGORIA0;;1;1;0;1;;DISCO EMBRAIAGEM;DISCO EMBRAIAGEM;0;;
166;1305;DN-073;1305;DN073;CATEGORIA0;;1;1;0;1;;DISCO EMBRAIAGEM;DISCO EMBRAIAGEM;0;;
166;1305;DS-007;1305;DS007;CATEGORIA0;;1;1;0;1;;DISCO EMBRAIAGEM;DISCO EMBRAIAGEM;0;;
166;1305;DT-075;1305;DT075;CATEGORIA0;;1;1;0;1;;DISCO EMBRAIAGEM;DISCO EMBRAIAGEM;0;;
166;1305;DT-155V;1305;DT155V;CATEGORIA0;;1;1;0;1;;DISCO EMBRAIAGEM;DISCO EMBRAIAGEM;0;;
166;1305;DT004;1305;DT004;CATEGORIA0;;1;1;0;1;;DISCO EMBRAIAGEM;DISCO EMBRAIAGEM;0;;
166;1305;DTX-076;1305;DTX076;CATEGORIA0;;1;1;0;1;;DISCO EMBRAIAGEM;DISCO EMBRAIAGEM;0;;
166;1305;DTX-139;1305;DTX139;CATEGORIA0;;1;1;0;1;;DISCO EMBRAIAGEM;DISCO EMBRAIAGEM;0;;
166;1305;DTX-151;1305;DTX151;CATEGORIA0;;1;1;0;1;;DISCO EMBRAIAGEM;DISCO EMBRAIAGEM;0;;
166;1305;DZ-034;1305;DZ034;CATEGORIA0;;1;1;0;1;;DISCO EMBRAIAGEM;DISCO EMBRAIAGEM;0;;
166;1305;DZ-035;1305;DZ035;CATEGORIA0;;1;1;0;1;;DISCO EMBRAIAGEM;DISCO EMBRAIAGEM;0;;
166;1305;ECK002;1305;ECK002;CATEGORIA0;;1;1;0;1;;KIT EMBRAIAGEM;KIT EMBRAIAGEM;0;;
166;1305;ECK029;1305;ECK029;CATEGORIA0;;1;1;0;1;;KIT EMBRAIAGEM;KIT EMBRAIAGEM;0;;
166;1305;FCG-019;1305;FCG019;CATEGORIA0;;1;1;0;1;;EMBRAIAGEM VENTOINHA;EMBRAIAGEM VENTOINHA;0;;
166;1305;FDY-015;1305;FDY015;CATEGORIA0;;1;1;0;1;;VOLANTE MOTOR;VOLANTE MOTOR;0;;
166;1305;FE649;1305;FE649;CATEGORIA0;;1;1;0;1;;KIT EMBRAIAGEM;KIT EMBRAIAGEM;0;;
166;1305;HCK2040;1305;HCK2040;CATEGORIA0;;1;1;0;1;;KIT EMBRAIAGEM;KIT EMBRAIAGEM;0;;
166;1305;HCK2061;1305;HCK2061;CATEGORIA0;;1;1;0;1;;KIT EMBRAIAGEM;KIT EMBRAIAGEM;0;;
166;1305;HK2834;1305;HK2834;CATEGORIA0;;1;1;0;1;;KIT EMBRAIAGEM;KIT EMBRAIAGEM;0;;
166;1305;HK6060;1305;HK6060;CATEGORIA0;;1;1;0;1;;KIT EMBRAIAGEM;KIT EMBRAIAGEM;0;;
166;1305;HK6278;1305;HK6278;CATEGORIA0;;1;1;0;1;;KIT EMBRAIAGEM;KIT EMBRAIAGEM;0;;
166;1305;HK7742;1305;HK7742;CATEGORIA0;;1;1;0;1;;KIT EMBRAIAGEM;KIT EMBRAIAGEM;0;;
166;1305;HK7890;1305;HK7890;CATEGORIA0;;1;1;0;1;;KIT EMBRAIAGEM;KIT EMBRAIAGEM;0;;
166;1305;HK8458;1305;HK8458;CATEGORIA0;;1;1;0;1;;KIT EMBRAIAGEM;KIT EMBRAIAGEM;0;;
166;1305;HK9118;1305;HK9118;CATEGORIA0;;1;1;0;1;;KIT EMBRAIAGEM;KIT EMBRAIAGEM;0;;
166;1305;HK9415;1305;HK9415;CATEGORIA0;;1;1;0;1;;KIT EMBRAIAGEM;KIT EMBRAIAGEM;0;;
166;1305;HK9773;1305;HK9773;CATEGORIA0;;1;1;0;1;;KIT EMBRAIAGEM;KIT EMBRAIAGEM;0;;
166;1305;HKF1053;1305;HKF1053;CATEGORIA0;;1;1;0;1;;KIT EMBRAIAGEM;KIT EMBRAIAGEM;0;;
166;1305;HNK2023;1305;HNK2023;CATEGORIA0;;1;1;0;1;;KIT EMB. EXEDY;KIT EMB. EXEDY;0;;
166;1305;HNK2028;1305;HNK2028;CATEGORIA0;;1;1;0;1;;KIT. EMBRAIAGEM EXEDY;KIT. EMBRAIAGEM EXEDY;0;;
166;1305;HYK2016;1305;HYK2016;CATEGORIA0;;1;1;0;1;;KIT EMBRAIAGEM;KIT EMBRAIAGEM;0;;
166;1305;ISK2015;1305;ISK2015;CATEGORIA0;;1;1;0;1;;KIT EMBRAIAGEM;KIT EMBRAIAGEM;0;;
166;1305;ISK2056;1305;ISK2056;CATEGORIA0;;1;1;0;1;;KIT EMBRAIAGEM;KIT EMBRAIAGEM;0;;
166;1305;ISK2064;1305;ISK2064;CATEGORIA0;;1;1;0;1;;KIT EMBRAIAGEM NKR 10 ESTRIAS;KIT EMBRAIAGEM NKR 10 ESTRIAS;0;;
166;1305;ISK2100;1305;ISK2100;CATEGORIA0;;1;1;0;1;;KIT EMBRAIAGEM;KIT EMBRAIAGEM;0;;
166;1305;ISK2126;1305;ISK2126;CATEGORIA0;;1;1;0;1;;KIT EMBRAIAGEM;KIT EMBRAIAGEM;0;;
166;1305;ISK2159;1305;ISK2159;CATEGORIA0;;1;1;0;1;;KIT EMBRAIAGEM;KIT EMBRAIAGEM;0;;
166;1305;IZ025;1305;IZ025;CATEGORIA0;;1;1;0;1;;KIT EMBRAIAGEM;KIT EMBRAIAGEM;0;;
166;1305;JFK500;1305;JFK500;CATEGORIA0;;1;1;0;1;;KIT EMBRAIAGEM;KIT EMBRAIAGEM;0;;
166;1305;JPI05369;1305;JPI05369;CATEGORIA0;;1;1;0;1;;KIT EMBRAIAGEM;KIT EMBRAIAGEM;0;;
166;1305;JPM05346;1305;JPM05346;CATEGORIA0;;1;1;0;1;;KIT EMBRAIAGEM;KIT EMBRAIAGEM;0;;
166;1305;JPM17263;1305;JPM17263;CATEGORIA0;;1;1;0;1;;ROLAMENTO EMBRAIAGEM;ROLAMENTO EMBRAIAGEM;0;;
166;1305;JPN05296;1305;JPN05296;CATEGORIA0;;1;1;0;1;;KIT EMBR.;KIT EMBR.;0;;
166;1305;JPN09717;1305;JPN09717;CATEGORIA0;;1;1;0;1;;KIT EMBRAIAGEM;KIT EMBRAIAGEM;0;;
166;1305;K03V;1305;K03V;CATEGORIA0;;1;1;0;1;;KIT EMBRAIAGEM;KIT EMBRAIAGEM;0;;
166;1305;K05V;1305;K05V;CATEGORIA0;;1;1;0;1;;KIT EMBRAIAGEM CANTER;KIT EMBRAIAGEM CANTER;0;;
166;1305;K06V;1305;K06V;CATEGORIA0;;1;1;0;1;;KIT EMBRAIAGEM;KIT EMBRAIAGEM;0;;
166;1305;KD-043A;1305;CP7022;CATEGORIA0;;1;1;0;1;;KIT EMBRAIAGEM;KIT EMBRAIAGEM;0;;
166;1305;KE-OP14R;1305;KE-OP14R;CATEGORIA0;;1;1;0;1;;KIT EMBRAIAGEM;KIT EMBRAIAGEM;0;;
166;1305;KE-RE08;1305;KERE08;CATEGORIA0;;1;1;0;1;;KIT EMBRAIAGEM;KIT EMBRAIAGEM;0;;
166;1305;KE-VO01R;1305;KEVO01R;CATEGORIA0;;1;1;0;1;;KIT EMBRAIAGEM;KIT EMBRAIAGEM;0;;
166;1305;KF-356;1305;KF356;CATEGORIA0;;1;1;0;1;;KIT EMBRAIAGEM JAPANPARTS;KIT EMBRAIAGEM JAPANPARTS;0;;
166;1305;KF-902;1305;KF-902;CATEGORIA0;;1;1;0;1;;KIT EMBRAIAGEM;KIT EMBRAIAGEM;0;;
166;1305;KF-W02;1305;KFW02;CATEGORIA0;;1;1;0;1;;KIT EMBRAIAGEM;KIT EMBRAIAGEM;0;;
166;1305;KF144;1305;KF144;CATEGORIA0;;1;1;0;1;;KIT EMBRAIAGEM  MICRA;KIT EMBRAIAGEM  MICRA;0;;
166;1305;KG-003A;1305;KG003A;CATEGORIA0;;1;1;0;1;;KIT EMBRAIAGEM AISIN;KIT EMBRAIAGEM AISIN;0;;
166;1305;KG-009B;1305;KG009B;CATEGORIA0;;1;1;0;1;;KIT EMBRAIAGEM;KIT EMBRAIAGEM;0;;
166;1305;KG-012A;1305;KG012A;CATEGORIA0;;1;1;0;1;;KIT EMBRAIAGEM;KIT EMBRAIAGEM;0;;
166;1305;KG-019A;1305;KG019A;CATEGORIA0;;1;1;0;1;;KIT EMBRAIAGEM;KIT EMBRAIAGEM;0;;
166;1305;KG-025A;1305;KG025A;CATEGORIA0;;1;1;0;1;;KIT EMBRAIAGEM;KIT EMBRAIAGEM;0;;
166;1305;KG-036A;1305;KG036A;CATEGORIA0;;1;1;0;1;;KIT EMBRAIAGEM;KIT EMBRAIAGEM;0;;
166;1305;KG009A;1305;KG009A;CATEGORIA0;;1;1;0;1;;KIT EMBRAIAGEM;KIT EMBRAIAGEM;0;;
166;1305;KG300;1305;KG300V;CATEGORIA0;;1;1;0;1;;KIT EMBRAIAGEM 300MM;KIT EMBRAIAGEM 300MM;0;;
166;1305;KH-007;1305;KH007;CATEGORIA0;;1;1;0;1;;KIT EMBRAIAGEM;KIT EMBRAIAGEM;0;;
166;1305;KH-046B;1305;KH046B;CATEGORIA0;;1;1;0;1;;KIT EMBRAIAGEM;KIT EMBRAIAGEM;0;;
166;1305;KH-052;1305;KH052;CATEGORIA0;;1;1;0;1;;KIT EMBRAIAGEM;KIT EMBRAIAGEM;0;;
166;1305;KH-073;1305;KH073;CATEGORIA0;;1;1;0;1;;KIT EMBRAIAGEM;KIT EMBRAIAGEM;0;;
166;1305;KH033;1305;KH033;CATEGORIA0;;1;1;0;1;;KIT EMBRAIAGEM;KIT EMBRAIAGEM;0;;
166;1305;KITEN.DS007S;1305;DS007S;CATEGORIA0;;1;1;0;1;;KIT EMBRAIAGEM;KIT EMBRAIAGEM;0;;
166;1305;KITEN.MB063S;1305;MB063S;CATEGORIA0;;1;1;0;1;;KIT EMBRAIAGEM;KIT EMBRAIAGEM;0;;
166;1305;KITEN.MB076S;1305;MB076S;CATEGORIA0;;1;1;0;1;;KIT EMBRAIAGEM;KIT EMBRAIAGEM;0;;
166;1305;KITEN.TY130S;1305;TY130S;CATEGORIA0;;1;1;0;1;;KIT EMBRAIAGEM;KIT EMBRAIAGEM;0;;
166;1305;KITEV.DS016;1305;DS016;CATEGORIA0;;1;1;0;1;;KIT EMBRAIAGEM;KIT EMBRAIAGEM;0;;
166;1305;KITEV.HD005;1305;HD005;CATEGORIA0;;1;1;0;1;;KIT EMBRAIAGEM;KIT EMBRAIAGEM;0;;
166;1305;KITEV.IZ018;1305;IZ018;CATEGORIA0;;1;1;0;1;;KIT EMBRAIAGEM;KIT EMBRAIAGEM;0;;
166;1305;KITEV.TY034;1305;KITEV.TY034;CATEGORIA0;;1;1;0;1;;KIT EMBRAIAGEM;KIT EMBRAIAGEM;0;;
166;1305;KITEV.TY073;1305;KITEV.TY073;CATEGORIA0;;1;1;0;1;;KIT EMBRAIAGEM;KIT EMBRAIAGEM;0;;
166;1305;KK-005;1305;KK005;CATEGORIA0;;1;1;0;1;;KIT EMBRAIAGEM;KIT EMBRAIAGEM;0;;
166;1305;KM-020A;1305;KM020;CATEGORIA0;;1;1;0;1;;KIT EMBRAIAGEM (+);KIT EMBRAIAGEM (+);0;;
166;1305;KM-024B;1305;KM024;CATEGORIA0;;1;1;0;1;;KIT EMBRAIAGEM;KIT EMBRAIAGEM;0;;
166;1305;KM-024C;1305;KM065;CATEGORIA0;;1;1;0;1;;KIT EMBRAIAGEM;KIT EMBRAIAGEM;0;;
166;1305;KM-033B;1305;KM033;CATEGORIA0;;1;1;0;1;;KIT EMBRAIAGEM FE110/531;KIT EMBRAIAGEM FE110/531;0;;
166;1305;KM-046;1305;KM046;CATEGORIA0;;1;1;0;1;;KIT EMBRAIAGEM;KIT EMBRAIAGEM;0;;
166;1305;KM-048;1305;KM048;CATEGORIA0;;1;1;0;1;;KIT EMBRAIAGEM;KIT EMBRAIAGEM;0;;
166;1305;KM-048A;1305;KM048A;CATEGORIA0;;1;1;0;1;;KIT EMBRAIAGEM;KIT EMBRAIAGEM;0;;
166;1305;KM-048C;1305;KM048C;CATEGORIA0;;1;1;0;1;;KIT EMBRAIAGEM;KIT EMBRAIAGEM;0;;
166;1305;KM-061;1305;MBK2029;CATEGORIA0;;1;1;0;1;;KIT EMBRAIAGEM;KIT EMBRAIAGEM;0;;
166;1305;KM-063;1305;KM063;CATEGORIA0;;1;1;0;1;;KIT EMBRAIAGEM;KIT EMBRAIAGEM;0;;
166;1305;KM-076;1305;KM076;CATEGORIA0;;1;1;0;1;;KIT EMBRAIAGEM;KIT EMBRAIAGEM;0;;
166;1305;KM-109;1305;KM109;CATEGORIA0;;1;1;0;1;;KIT EMBRAIAGEM;KIT EMBRAIAGEM;0;;
166;1305;KM-112;1305;KM112;CATEGORIA0;;1;1;0;1;;KIT EMBRAIAGEM;KIT EMBRAIAGEM;0;;
166;1305;KN-008;1305;KN008;CATEGORIA0;;1;1;0;1;;KIT EMBRAIAGEM;KIT EMBRAIAGEM;0;;
166;1305;KN-034;1305;KN034;CATEGORIA0;;1;1;0;1;;KIT EMBRAIAGEM;KIT EMBRAIAGEM;0;;
166;1305;KN-038B;1305;KN038;CATEGORIA0;;1;1;0;1;;KIT EMBR. NAVARA D40M 05-;KIT EMBR. NAVARA D40M 05-;0;;
166;1305;KN-041;1305;KN041;CATEGORIA0;;1;1;0;1;;KIT EMBRAIAGEM;KIT EMBRAIAGEM;0;;
166;1305;KN-070;1305;KN070;CATEGORIA0;;1;1;0;1;;KIT EMBRAIAGEM;KIT EMBRAIAGEM;0;;
166;1305;KN-080;1305;KN080;CATEGORIA0;;1;1;0;1;;KIT EMBRAIAGEM;KIT EMBRAIAGEM;0;;
166;1305;KN-083;1305;KN083;CATEGORIA0;;1;1;0;1;;KIT EMBRAIAGEM;KIT EMBRAIAGEM;0;;
166;1305;KN-086;1305;KN086;CATEGORIA0;;1;1;0;1;;KIT EMBRAIAGEM;KIT EMBRAIAGEM;0;;
166;1305;KN-089;1305;KN089;CATEGORIA0;;1;1;0;1;;KIT EMBRAIAGEM;KIT EMBRAIAGEM;0;;
166;1305;KN-094;1305;KN094;CATEGORIA0;;1;1;0;1;;KIT EMBRAIAGEM;KIT EMBRAIAGEM;0;;
166;1305;KN-100;1305;KN100;CATEGORIA0;;1;1;0;1;;KIT EMBRAIAGEM;KIT EMBRAIAGEM;0;;
166;1305;KN-121A;1305;KN121;CATEGORIA0;;1;1;0;1;;KIT EMBRAIAGEM -2001 (6 FUROS);KIT EMBRAIAGEM -2001 (6 FUROS);0;;
166;1305;KN-122A;1305;KN122A;CATEGORIA0;;1;1;0;1;;KIT EMBRAIAGEM;KIT EMBRAIAGEM;0;;
166;1305;KN-127A;1305;KN127V;CATEGORIA0;;1;1;0;1;;KIT EMBRAIAGEM;KIT EMBRAIAGEM;0;;
166;1305;KN-134;1305;KN134;CATEGORIA0;;1;1;0;1;;KIT EMBRAIAGEM PATROL RD28T;KIT EMBRAIAGEM PATROL RD28T;0;;
166;1305;KN-156A;1305;KN156A;CATEGORIA0;;1;1;0;1;;KIT EMBRAIAGEM;KIT EMBRAIAGEM;0;;
166;1305;KN-161;1305;KN161;CATEGORIA0;;1;1;0;1;;KIT EMBRAIAGEM;KIT EMBRAIAGEM;0;;
166;1305;KN-181B;1305;KN181B;CATEGORIA0;;1;1;0;1;;KIT EMBRAIAGEM;KIT EMBRAIAGEM;0;;
166;1305;KN-205;1305;KN205;CATEGORIA0;;1;1;0;1;;KIT EMBRAIAGEM  2001- (9 FUROS );KIT EMBRAIAGEM  2001- (9 FUROS );0;;
166;1305;KN-206;1305;KN206;CATEGORIA0;;1;1;0;1;;KIT EMBRAIAGEM *;KIT EMBRAIAGEM *;0;;
166;1305;KN-216R;1305;KN-216R;CATEGORIA0;;1;1;0;1;;KIT EMBRAIAGEM;KIT EMBRAIAGEM;0;;
166;1305;KO-010C;1305;KO010C;CATEGORIA0;;1;1;0;1;;KIT EMBRAIAGEM;KIT EMBRAIAGEM;0;;
166;1305;KO-011;1305;DWK2006;CATEGORIA0;;1;1;0;1;;KIT EMBRAIAGEM;KIT EMBRAIAGEM;0;;
166;1305;KO023;1305;KO023;CATEGORIA0;;1;1;0;1;;KIT EMBRAIAGEM;KIT EMBRAIAGEM;0;;
166;1305;KS-002A;1305;KS002A;CATEGORIA0;;1;1;0;1;;KIT EMBRAIAGEM;KIT EMBRAIAGEM;0;;
166;1305;KS-008C;1305;KS008C;CATEGORIA0;;1;1;0;1;;KIT EMBRAIAGEM;KIT EMBRAIAGEM;0;;
166;1305;KS-015VB;1305;KS015VA;CATEGORIA0;;1;1;0;1;;KIT EMBRAIAGEM;KIT EMBRAIAGEM;0;;
166;1305;KS-016;1305;KS016;CATEGORIA0;;1;1;0;1;;KIT EMBRAIAGEM;KIT EMBRAIAGEM;0;;
166;1305;KS-019;1305;KS019;CATEGORIA0;;1;1;0;1;;KIT EMBRAIAGEM;KIT EMBRAIAGEM;0;;
166;1305;KS-025;1305;KS025;CATEGORIA0;;1;1;0;1;;KIT EMBRAIAGEM;KIT EMBRAIAGEM;0;;
166;1305;KS-035A;1305;KS035A;CATEGORIA0;;1;1;0;1;;KIT EMBRAIAGEM;KIT EMBRAIAGEM;0;;
166;1305;KS-042;1305;KS042;CATEGORIA0;;1;1;0;1;;KIT EMBRAIAGEM;KIT EMBRAIAGEM;0;;
166;1305;KS-043;1305;KS043;CATEGORIA0;;1;1;0;1;;KIT. EMB.;KIT. EMB.;0;;
166;1305;KS-048;1305;KS048;CATEGORIA0;;1;1;0;1;;EMBRAIAGEM;EMBRAIAGEM;0;;
166;1305;KT-001;1305;KT001;CATEGORIA0;;1;1;0;1;;KIT EMBRAIAGEM;KIT EMBRAIAGEM;0;;
166;1305;KT-003A;1305;KT003A;CATEGORIA0;;1;1;0;1;;KIT EMBRAIAGEM;KIT EMBRAIAGEM;0;;
166;1305;KT-010B;1305;KT010;CATEGORIA0;;1;1;0;1;;KIT EMBRAIAGEM;KIT EMBRAIAGEM;0;;
166;1305;KT-025A;1305;KT025A;CATEGORIA0;;1;1;0;1;;KIT EMBRAIAGEM;KIT EMBRAIAGEM;0;;
166;1305;KT-036A;1305;KT036;CATEGORIA0;;1;1;0;1;;KIT EMBRAIAGEM;KIT EMBRAIAGEM;0;;
166;1305;KT-037A;1305;KT-037A;CATEGORIA0;;1;1;0;1;;KIT EMBRAIAGEM;KIT EMBRAIAGEM;0;;
166;1305;KT-040A;1305;KT040A;CATEGORIA0;;1;1;0;1;;KIT EMBRAIAGEM;KIT EMBRAIAGEM;0;;
166;1305;KT-062A;1305;KT062A;CATEGORIA0;;1;1;0;1;;KIT EMBRAIAGEM;KIT EMBRAIAGEM;0;;
166;1305;KT-073F;1305;KT073E;CATEGORIA0;;1;1;0;1;;KIT EMBRAIAGEM;KIT EMBRAIAGEM;0;;
166;1305;KT-088B;1305;KT088;CATEGORIA0;;1;1;0;1;;KIT EMBRAIAGEM;KIT EMBRAIAGEM;0;;
166;1305;KT-089B;1305;KT089;CATEGORIA0;;1;1;0;1;;KIT EMBRAIAGEM;KIT EMBRAIAGEM;0;;
166;1305;KT-100A;1305;KT100A;CATEGORIA0;;1;1;0;1;;KIT DE EMBRAIAGEM;KIT DE EMBRAIAGEM;0;;
166;1305;KT-162B;1305;KT162B;CATEGORIA0;;1;1;0;1;;KIT EMBRAIAGEM;KIT EMBRAIAGEM;0;;
166;1305;KT-164A;1305;KT164A;CATEGORIA0;;1;1;0;1;;KIT EMBRAIAGEM;KIT EMBRAIAGEM;0;;
166;1305;KT-181D;1305;KT181D;CATEGORIA0;;1;1;0;1;;KIT EMBRAIAGEM;KIT EMBRAIAGEM;0;;
166;1305;KT-202B;1305;KT202;CATEGORIA0;;1;1;0;1;;KIT EMBRAIAGEM;KIT EMBRAIAGEM;0;;
166;1305;KT-208VC;1305;KT208VB;CATEGORIA0;;1;1;0;1;;KIT EMBRAIAGEM;KIT EMBRAIAGEM;0;;
166;1305;KT-231C;1305;KT231A;CATEGORIA0;;1;1;0;1;;KIT EMBRAIAGEM;KIT EMBRAIAGEM;0;;
166;1305;KT-237B;1305;KT237B;CATEGORIA0;;1;1;0;1;;KIT EMBRAIAGEM;KIT EMBRAIAGEM;0;;
166;1305;KT-251D;1305;KT251D;CATEGORIA0;;1;1;0;1;;KIT EMBRAIAGEM;KIT EMBRAIAGEM;0;;
166;1305;KT-258A;1305;KT258A;CATEGORIA0;;1;1;0;1;;KIT EMBRAIAGEM;KIT EMBRAIAGEM;0;;
166;1305;KT-262C;1305;KT262;CATEGORIA0;;1;1;0;1;;KIT EMBRAIAGEM;KIT EMBRAIAGEM;0;;
166;1305;KT-263C;1305;KT263C;CATEGORIA0;;1;1;0;1;;KIT EMBRAIAGEM;KIT EMBRAIAGEM;0;;
166;1305;KT-273B;1305;KT273B;CATEGORIA0;;1;1;0;1;;KIT EMBRAIAGEM;KIT EMBRAIAGEM;0;;
166;1305;KT-285C;1305;KT285C;CATEGORIA0;;1;1;0;1;;KIT EMBRAIAGEM;KIT EMBRAIAGEM;0;;
166;1305;KT-291C;1305;KT291C;CATEGORIA0;;1;1;0;1;;KIT EMBRAIAGEM;KIT EMBRAIAGEM;0;;
166;1305;KT-303B;1305;KT303;CATEGORIA0;;1;1;0;1;;KIT EMBRAIAGEM;KIT EMBRAIAGEM;0;;
166;1305;KT-307A;1305;KT307A;CATEGORIA0;;1;1;0;1;;KIT EMBRAIAGEM;KIT EMBRAIAGEM;0;;
166;1305;KT-312;1305;KT312;CATEGORIA0;;1;1;0;1;;KIT EMBARAIAGEM AISIN;KIT EMBARAIAGEM AISIN;0;;
166;1305;KT-313A;1305;KT313A;CATEGORIA0;;1;1;0;1;;KIT EMBRAIAGEM;KIT EMBRAIAGEM;0;;
166;1305;KT-314R;1305;KT314R;CATEGORIA0;;1;1;0;1;;KIT EMBRAIAGEM;KIT EMBRAIAGEM;0;;
166;1305;KT-318RB;1305;KT318RB;CATEGORIA0;;1;1;0;1;;JOGO EMBRAIAGEM (2 PEÇAS);JOGO EMBRAIAGEM (2 PEÇAS);0;;
166;1305;KT-318RC;1305;KT318RC;CATEGORIA0;;1;1;0;1;;JOGO EMBRAIAGEM;JOGO EMBRAIAGEM;0;;
166;1305;KT-320A;1305;KT320A;CATEGORIA0;;1;1;0;1;;KIT EMBRAIAGEM;KIT EMBRAIAGEM;0;;
166;1305;KT-320R;1305;KT320R;CATEGORIA0;;1;1;0;1;;KIT EMBRAIAGEM;KIT EMBRAIAGEM;0;;
166;1305;KT-321;1305;KT321;CATEGORIA0;;1;1;0;1;;KIT EMBRAIAGEM;KIT EMBRAIAGEM;0;;
166;1305;KT-322B;1305;KT322B;CATEGORIA0;;1;1;0;1;;KIT EMBRAIAGEM;KIT EMBRAIAGEM;0;;
166;1305;KT-339A;1305;KT339A;CATEGORIA0;;1;1;0;1;;KIT EMBRAIAGEM;KIT EMBRAIAGEM;0;;
166;1305;KT-348A;1305;KT-348A;CATEGORIA0;;1;1;0;1;;KIT EMBRAIAGEM;KIT EMBRAIAGEM;0;;
166;1305;KT-356RA;1305;KT356RA;CATEGORIA0;;1;1;0;1;;KIT EMBRAIAGEM;KIT EMBRAIAGEM;0;;
166;1305;KT-363;1305;KT363;CATEGORIA0;;1;1;0;1;;KIT EMBRAIAGEM;KIT EMBRAIAGEM;0;;
166;1305;KT-369;1305;KT369;CATEGORIA0;;1;1;0;1;;KIT EMBRAIAGEM;KIT EMBRAIAGEM;0;;
166;1305;KT-374;1305;KT374;CATEGORIA0;;1;1;0;1;;KIT EMBRAIAGEM;KIT EMBRAIAGEM;0;;
166;1305;KT-374V;1305;KT374V;CATEGORIA0;;1;1;0;1;;KIT EMBRAIAGEM;KIT EMBRAIAGEM;0;;
166;1305;KT-387;1305;KT387;CATEGORIA0;;1;1;0;1;;KIT EMBRAIAGEM;KIT EMBRAIAGEM;0;;
166;1305;KT-440V;1305;KT440V;CATEGORIA0;;1;1;0;1;;KIT EMBRAIAGEM;KIT EMBRAIAGEM;0;;
166;1305;KT-445;1305;KT445;CATEGORIA0;;1;1;0;1;;KIT EMBRAIAGEM;KIT EMBRAIAGEM;0;;
166;1305;KT088V;1305;KT088V;CATEGORIA0;;1;1;0;1;;KIT EMBRAIAGEM;KIT EMBRAIAGEM;0;;
166;1305;KT181A;1305;KT181A;CATEGORIA0;;1;1;0;1;;KIT EMBRAIAGEM * VER KT181D;KIT EMBRAIAGEM * VER KT181D;0;;
166;1305;KT195A;1305;KT195A;CATEGORIA0;;1;1;0;1;;KIT EMBRAIAGEM;KIT EMBRAIAGEM;0;;
166;1305;KT231V;1305;KT231V;CATEGORIA0;;1;1;0;1;;KIT EMBRAIAGEM;KIT EMBRAIAGEM;0;;
166;1305;KT6589;1305;KT6589;CATEGORIA0;;1;1;0;1;;KIT. EMBRAIAGEM;KIT. EMBRAIAGEM;0;;
166;1305;KT7470;1305;KT7470;CATEGORIA0;;1;1;0;1;;KIT EMBRAIAGEM AP;KIT EMBRAIAGEM AP;0;;
166;1305;KY-022B;1305;KY022B;CATEGORIA0;;1;1;0;1;;KIT. EMBRAIAGEM;KIT. EMBRAIAGEM;0;;
166;1305;KY-031;1305;KY031;CATEGORIA0;;1;1;0;1;;KIT EMBRAIAGEM;KIT EMBRAIAGEM;0;;
166;1305;KY-035A;1305;KY035A;CATEGORIA0;;1;1;0;1;;KIT EMBRAIAGEM;KIT EMBRAIAGEM;0;;
166;1305;KY-038B;1305;KY038A;CATEGORIA0;;1;1;0;1;;KIT EMBRAIAGEM;KIT EMBRAIAGEM;0;;
166;1305;KY-048A;1305;KY048A;CATEGORIA0;;1;1;0;1;;KIT EMBRAIAGEM;KIT EMBRAIAGEM;0;;
166;1305;KY-049;1305;KY049;CATEGORIA0;;1;1;0;1;;KIT EMBRAIAGEM;KIT EMBRAIAGEM;0;;
166;1305;KY-055;1305;KY055;CATEGORIA0;;1;1;0;1;;KIT EMBRAIAGEM;KIT EMBRAIAGEM;0;;
166;1305;KY-058R;1305;KY058R;CATEGORIA0;;1;1;0;1;;KIT EMBRAIAGEM;KIT EMBRAIAGEM;0;;
166;1305;KY-060;1305;KY060;CATEGORIA0;;1;1;0;1;;KIT EMBRAIAGEM;KIT EMBRAIAGEM;0;;
166;1305;KY-086;1305;KY086;CATEGORIA0;;1;1;0;1;;KIT EMBRAIAGEM;KIT EMBRAIAGEM;0;;
166;1305;KY-088A;1305;KY088A;CATEGORIA0;;1;1;0;1;;KIT EMBRAIAGEM;KIT EMBRAIAGEM;0;;
166;1305;KY-101;1305;KY101;CATEGORIA0;;1;1;0;1;;KIT EMBRAIAGEM;KIT EMBRAIAGEM;0;;
166;1305;KY-107A;1305;KY107A;CATEGORIA0;;1;1;0;1;;KIT EMBRAIAGEM;KIT EMBRAIAGEM;0;;
166;1305;KY-110A;1305;KY110A;CATEGORIA0;;1;1;0;1;;KIT EMBRAIAGEM;KIT EMBRAIAGEM;0;;
166;1305;KZ-044B;1305;KZ044B;CATEGORIA0;;1;1;0;1;;KIT EMBRAIAGEM;KIT EMBRAIAGEM;0;;
166;1305;KZ-047;1305;KZ047;CATEGORIA0;;1;1;0;1;;KIT EMBRAIAGEM;KIT EMBRAIAGEM;0;;
166;1305;KZ-091;1305;KZ091;CATEGORIA0;;1;1;0;1;;KIT EMBRAIAGEM;KIT EMBRAIAGEM;0;;
166;1305;KZ119;1305;KZ119;CATEGORIA0;;1;1;0;1;;EMBRAIAGEM AISIN;EMBRAIAGEM AISIN;0;;
166;1305;MBK2063;1305;MBK2063;CATEGORIA0;;1;1;0;1;;KIT EMBRAIAGEM;KIT EMBRAIAGEM;0;;
166;1305;MBK2070;1305;MBK2070;CATEGORIA0;;1;1;0;1;;KIT EMBRAIAGEM;KIT EMBRAIAGEM;0;;
166;1305;MBK2070DMF;1305;MBK2070DMF;CATEGORIA0;;1;1;0;1;;KIT BIMASSA;KIT BIMASSA;0;;
166;1305;MBK2113;1305;MBK2113;CATEGORIA0;;1;1;0;1;;KIT EMBRAIAGEM;KIT EMBRAIAGEM;0;;
166;1305;MBK2124SMF;1305;MBK2124SMF;CATEGORIA0;;1;1;0;1;;SUPER KIT EMBRAIAGEM+VOLANTE MOTOR;SUPER KIT EMBRAIAGEM+VOLANTE MOTOR;0;;
166;1305;MBK2170;1305;MBK2170;CATEGORIA0;;1;1;0;1;;KIT EMBRAIAGEM;KIT EMBRAIAGEM;0;;
166;1305;MD0300;1305;MD0300;CATEGORIA0;;1;1;0;1;;DISCO EMBRAIAGEM;DISCO EMBRAIAGEM;0;;
166;1305;MD0302;1305;MD0302;CATEGORIA0;;1;1;0;1;;DISCO EMBRAIAGEM;DISCO EMBRAIAGEM;0;;
166;1305;MD0911;1305;MD0911;CATEGORIA0;;1;1;0;1;;DISCO EMBRAIAGEM;DISCO EMBRAIAGEM;0;;
166;1305;MD1238;1305;MD1238;CATEGORIA0;;1;1;0;1;;DISCO EMBRAIAGEM (= MD5048);DISCO EMBRAIAGEM (= MD5048);0;;
166;1305;MD3104;1305;MD3104;CATEGORIA0;;1;1;0;1;;DISCO EMBRAIAGEM;DISCO EMBRAIAGEM;0;;
166;1305;MD3129;1305;MD3129;CATEGORIA0;;1;1;0;1;;DISCO EMBRAIAGEM;DISCO EMBRAIAGEM;0;;
166;1305;MD3152;1305;MD3152;CATEGORIA0;;1;1;0;1;;DISCO EMBRAIAGEM;DISCO EMBRAIAGEM;0;;
166;1305;MD3418;1305;MD3418;CATEGORIA0;;1;1;0;1;;DISCO EMBRAIAGEM;DISCO EMBRAIAGEM;0;;
166;1305;MD4301;1305;MD4301;CATEGORIA0;;1;1;0;1;;DISCO EMBRAIAGEM;DISCO EMBRAIAGEM;0;;
166;1305;MD4500;1305;MD4500;CATEGORIA0;;1;1;0;1;;DISCO EMBRAIAGEM;DISCO EMBRAIAGEM;0;;
166;1305;MD4503;1305;MD4503;CATEGORIA0;;1;1;0;1;;DISCO EMBRAIAGEM;DISCO EMBRAIAGEM;0;;
166;1305;MD4504;1305;MD4504;CATEGORIA0;;1;1;0;1;;DISCO EMBR. 190 MM;DISCO EMBR. 190 MM;0;;
166;1305;MD4537;1305;MD4537;CATEGORIA0;;1;1;0;1;;DISCO EMBRAIAGEM;DISCO EMBRAIAGEM;0;;
166;1305;MD5000;1305;MD5000;CATEGORIA0;;1;1;0;1;;DISCO EMBRAIAGEM;DISCO EMBRAIAGEM;0;;
166;1305;MD5031;1305;MD5031;CATEGORIA0;;1;1;0;1;;DISCO EMBRAIAGEM;DISCO EMBRAIAGEM;0;;
166;1305;ME500070;1305;ME500070;CATEGORIA0;;1;1;0;1;;KIT EMBRAIAGEM;KIT EMBRAIAGEM;0;;
166;1305;ME520622;1305;ME520622;CATEGORIA0;;1;1;0;1;;PRENSA EMBR.;PRENSA EMBR.;0;;
166;1305;ME521723;1305;ME521723;CATEGORIA0;;1;1;0;1;;DISCO EMBR.;DISCO EMBR.;0;;
166;1305;ME540228;1305;JPM13306;CATEGORIA0;;1;1;0;1;;ROLAMENTO BOMBA;ROLAMENTO BOMBA;0;;
166;1305;ME627580;1305;ME627580;CATEGORIA0;;1;1;0;1;;ROLAMENTO EMBR.;ROLAMENTO EMBR.;0;;
166;1305;MFK2006;1305;MFK2006;CATEGORIA0;;1;1;0;1;;KIT EMBRAIAGEM;KIT EMBRAIAGEM;0;;
166;1305;MFK2012;1305;MFK2012;CATEGORIA0;;1;1;0;1;;KIT EMBRAIAGEM;KIT EMBRAIAGEM;0;;
166;1305;MFS2023;1305;MFS2023;CATEGORIA0;;1;1;0;1;;KIT. EMBRAIAGEM;KIT. EMBRAIAGEM;0;;
166;1305;MFS2025;1305;MFS2025;CATEGORIA0;;1;1;0;1;;KIT EMBRAIAGEM;KIT EMBRAIAGEM;0;;
166;1305;MK10005;1305;MK10005;CATEGORIA0;;1;1;0;1;;KIT EMBRAIAGEM;KIT EMBRAIAGEM;0;;
166;1305;MK9004;1305;MK9004;CATEGORIA0;;1;1;0;1;;KIT EMBRAIAGEM;KIT EMBRAIAGEM;0;;
166;1305;MK9005;1305;MK9005;CATEGORIA0;;1;1;0;1;;KIT EMBRAIAGEM;KIT EMBRAIAGEM;0;;
166;1305;MK9017;1305;MK9017;CATEGORIA0;;1;1;0;1;;KIT EMBRAIAGEM;KIT EMBRAIAGEM;0;;
166;1305;MK9019;1305;MK9019;CATEGORIA0;;1;1;0;1;;KIT EMBRAIAGEM;KIT EMBRAIAGEM;0;;
166;1305;MK9022;1305;MK9022;CATEGORIA0;;1;1;0;1;;KIT EMBRAIAGEM;KIT EMBRAIAGEM;0;;
166;1305;MK9027;1305;MK9027;CATEGORIA0;;1;1;0;1;;KIT EMBRAIAGEM;KIT EMBRAIAGEM;0;;
166;1305;MK9028;1305;MK9028;CATEGORIA0;;1;1;0;1;;KIT EMBRAIAGEM;KIT EMBRAIAGEM;0;;
166;1305;MK9030;1305;MK9030;CATEGORIA0;;1;1;0;1;;KIT EMBRAIAGEM;KIT EMBRAIAGEM;0;;
166;1305;MK9033;1305;MK9033;CATEGORIA0;;1;1;0;1;;KIT EMBRAIAGEM;KIT EMBRAIAGEM;0;;
166;1305;MK9041;1305;MK9041;CATEGORIA0;;1;1;0;1;;KIT EMBRAIAGEM;KIT EMBRAIAGEM;0;;
166;1305;MK9043;1305;MK9043;CATEGORIA0;;1;1;0;1;;KIT EMBRAIAGEM;KIT EMBRAIAGEM;0;;
166;1305;MK9047;1305;MK9047;CATEGORIA0;;1;1;0;1;;KIT EMBRAIAGEM;KIT EMBRAIAGEM;0;;
166;1305;MK9048;1305;MK9048;CATEGORIA0;;1;1;0;1;;KIT EMBRAIAGEM;KIT EMBRAIAGEM;0;;
166;1305;MK9049;1305;MK9049;CATEGORIA0;;1;1;0;1;;KIT EMBRAIAGEM;KIT EMBRAIAGEM;0;;
166;1305;MK9051;1305;MK9051;CATEGORIA0;;1;1;0;1;;KIT EMBRAIAGEM;KIT EMBRAIAGEM;0;;
166;1305;MK9052;1305;MK9052;CATEGORIA0;;1;1;0;1;;KIT EMBRAIAGEM;KIT EMBRAIAGEM;0;;
166;1305;MK9053;1305;MK9053;CATEGORIA0;;1;1;0;1;;KIT EMBRAIAGEM;KIT EMBRAIAGEM;0;;
166;1305;MK9055;1305;MK9055;CATEGORIA0;;1;1;0;1;;KIT EMBRAIAGEM;KIT EMBRAIAGEM;0;;
166;1305;MK9058;1305;MK9058;CATEGORIA0;;1;1;0;1;;KIT EMBRAIAGEM;KIT EMBRAIAGEM;0;;
166;1305;MK9060;1305;MK9060;CATEGORIA0;;1;1;0;1;;KIT EMBRAIAGEM;KIT EMBRAIAGEM;0;;
166;1305;MK9061;1305;MK9061;CATEGORIA0;;1;1;0;1;;KIT EMBRAIAGEM;KIT EMBRAIAGEM;0;;
166;1305;MK9070;1305;MK9070;CATEGORIA0;;1;1;0;1;;KIT EMBRAIAGEM;KIT EMBRAIAGEM;0;;
166;1305;MK9072;1305;MK9072;CATEGORIA0;;1;1;0;1;;KIT EMBRAIAGEM;KIT EMBRAIAGEM;0;;
166;1305;MK9073;1305;MK9073;CATEGORIA0;;1;1;0;1;;KIT EMBRAIAGEM;KIT EMBRAIAGEM;0;;
166;1305;MK9075;1305;MK9075;CATEGORIA0;;1;1;0;1;;KIT EMBRAIAGEM;KIT EMBRAIAGEM;0;;
166;1305;MK9078;1305;MK9078;CATEGORIA0;;1;1;0;1;;KIT EMBRAIAGEM;KIT EMBRAIAGEM;0;;
166;1305;MK9079;1305;MK9079;CATEGORIA0;;1;1;0;1;;KIT EMBRAIAGEM;KIT EMBRAIAGEM;0;;
166;1305;MK9086;1305;MK9086;CATEGORIA0;;1;1;0;1;;KIT EMBRAIAGEM;KIT EMBRAIAGEM;0;;
166;1305;MK9092;1305;MK9092;CATEGORIA0;;1;1;0;1;;KIT EMBRAIAGEM;KIT EMBRAIAGEM;0;;
166;1305;MK9093;1305;MK9093;CATEGORIA0;;1;1;0;1;;KIT EMBRAIAGEM;KIT EMBRAIAGEM;0;;
166;1305;MK9103;1305;MK9103;CATEGORIA0;;1;1;0;1;;KIT EMBRAIAGEM   ****;KIT EMBRAIAGEM   ****;0;;
166;1305;MK9174;1305;MK9174;CATEGORIA0;;1;1;0;1;;KIT EMBRAIAGEM;KIT EMBRAIAGEM;0;;
166;1305;MK9208;1305;MK9208;CATEGORIA0;;1;1;0;1;;KIT EMBRAIAGEM  S/ ROLAMENTO;KIT EMBRAIAGEM  S/ ROLAMENTO;0;;
166;1305;MK9214;1305;MK9214;CATEGORIA0;;1;1;0;1;;KIT EMBRAIAGEM;KIT EMBRAIAGEM;0;;
166;1305;MK9219;1305;MK9219;CATEGORIA0;;1;1;0;1;;KIT EMBRAIAGEM;KIT EMBRAIAGEM;0;;
166;1305;MK9246;1305;MK9246;CATEGORIA0;;1;1;0;1;;KIT EMBRAIAGEM;KIT EMBRAIAGEM;0;;
166;1305;MK9248;1305;MK9248;CATEGORIA0;;1;1;0;1;;KIT EMBRAIAGEM;KIT EMBRAIAGEM;0;;
166;1305;MK9249;1305;MK9249;CATEGORIA0;;1;1;0;1;;KIT EMBRAIAGEM;KIT EMBRAIAGEM;0;;
166;1305;MK9250;1305;MK9250;CATEGORIA0;;1;1;0;1;;KIT EMBRAIAGEM;KIT EMBRAIAGEM;0;;
166;1305;MK9280;1305;MK9280;CATEGORIA0;;1;1;0;1;;KIT EMBRAIAGEM;KIT EMBRAIAGEM;0;;
166;1305;MK9288;1305;MK9288;CATEGORIA0;;1;1;0;1;;KIT EMBRAIAGEM;KIT EMBRAIAGEM;0;;
166;1305;MK9352;1305;MK9352;CATEGORIA0;;1;1;0;1;;KIT EMBRAIAGEM;KIT EMBRAIAGEM;0;;
166;1305;MK9401;1305;MK9401;CATEGORIA0;;1;1;0;1;;KIT EMBRAIAGEM;KIT EMBRAIAGEM;0;;
166;1305;MK9411;1305;MK9411;CATEGORIA0;;1;1;0;1;;KIT EMBRAIAGEM;KIT EMBRAIAGEM;0;;
166;1305;MK9413;1305;MK9413;CATEGORIA0;;1;1;0;1;;KIT EMBRAIAGEM;KIT EMBRAIAGEM;0;;
166;1305;MK9416;1305;MK9416;CATEGORIA0;;1;1;0;1;;KIT EMBRAIAGEM;KIT EMBRAIAGEM;0;;
166;1305;MK9418;1305;MK9418;CATEGORIA0;;1;1;0;1;;KIT EMBRAIAGEM;KIT EMBRAIAGEM;0;;
166;1305;MK9419;1305;MK9419;CATEGORIA0;;1;1;0;1;;KIT EMBRAIAGEM ***;KIT EMBRAIAGEM ***;0;;
166;1305;MK9420;1305;MK9420;CATEGORIA0;;1;1;0;1;;KIT EMBRAIAGEM;KIT EMBRAIAGEM;0;;
166;1305;MK9425;1305;MK9425;CATEGORIA0;;1;1;0;1;;KIT EMBRAIAGEM;KIT EMBRAIAGEM;0;;
166;1305;MK9433;1305;MK9433;CATEGORIA0;;1;1;0;1;;KIT EMBRAIAGEM;KIT EMBRAIAGEM;0;;
166;1305;MK9437;1305;MK9437;CATEGORIA0;;1;1;0;1;;KIT EMBRAIAGEM;KIT EMBRAIAGEM;0;;
166;1305;MK9441;1305;MK9441;CATEGORIA0;;1;1;0;1;;KIT EMBRAIAGEM;KIT EMBRAIAGEM;0;;
166;1305;MK9442;1305;MK9442;CATEGORIA0;;1;1;0;1;;KIT EMBRAIAGEM;KIT EMBRAIAGEM;0;;
166;1305;MK9443;1305;MK9443;CATEGORIA0;;1;1;0;1;;KIT EMBRAIAGEM;KIT EMBRAIAGEM;0;;
166;1305;MK9445;1305;MK9495;CATEGORIA0;;1;1;0;1;;KIT EMBRAIAGEM;KIT EMBRAIAGEM;0;;
166;1305;MK9446;1305;MK9446;CATEGORIA0;;1;1;0;1;;KIT EMBRAIAGEM;KIT EMBRAIAGEM;0;;
166;1305;MK9447;1305;MK9447;CATEGORIA0;;1;1;0;1;;KIT EMBRAIAGEM;KIT EMBRAIAGEM;0;;
166;1305;MK9449;1305;MK9449;CATEGORIA0;;1;1;0;1;;KIT EMBRAIAGEM;KIT EMBRAIAGEM;0;;
166;1305;MK9452;1305;MK9452;CATEGORIA0;;1;1;0;1;;KIT EMBRAIAGEM;KIT EMBRAIAGEM;0;;
166;1305;MK9469;1305;MK9469;CATEGORIA0;;1;1;0;1;;KIT EMBRAIAGEM;KIT EMBRAIAGEM;0;;
166;1305;MK9474;1305;MK9474;CATEGORIA0;;1;1;0;1;;KIT EMBRAIAGEM;KIT EMBRAIAGEM;0;;
166;1305;MK9477;1305;MK9477;CATEGORIA0;;1;1;0;1;;KIT EMBRAIAGEM;KIT EMBRAIAGEM;0;;
166;1305;MK9485;1305;MK9485;CATEGORIA0;;1;1;0;1;;KIT EMBRAIAGEM;KIT EMBRAIAGEM;0;;
166;1305;MK9488;1305;MK9488;CATEGORIA0;;1;1;0;1;;KIT EMBRAIAGEM;KIT EMBRAIAGEM;0;;
166;1305;MK9490;1305;MK9490;CATEGORIA0;;1;1;0;1;;KIT EMBRAIAGEM;KIT EMBRAIAGEM;0;;
166;1305;MK9494;1305;MK9494;CATEGORIA0;;1;1;0;1;;KIT EMBRAIAGEM;KIT EMBRAIAGEM;0;;
166;1305;MK9496;1305;MK9496;CATEGORIA0;;1;1;0;1;;KIT EMBRAIAGEM;KIT EMBRAIAGEM;0;;
166;1305;MK9500;1305;MK9500;CATEGORIA0;;1;1;0;1;;KIT EMBRAIAGEM;KIT EMBRAIAGEM;0;;
166;1305;MK9501;1305;MK9501;CATEGORIA0;;1;1;0;1;;KIT EMBRAIAGEM;KIT EMBRAIAGEM;0;;
166;1305;MK9502;1305;MK9502;CATEGORIA0;;1;1;0;1;;KIT EMBRAIAGEM;KIT EMBRAIAGEM;0;;
166;1305;MK9503;1305;MK9503;CATEGORIA0;;1;1;0;1;;KIT EMBRAIAGEM;KIT EMBRAIAGEM;0;;
166;1305;MK9512;1305;MK9512;CATEGORIA0;;1;1;0;1;;KIT EMBRAIAGEM;KIT EMBRAIAGEM;0;;
166;1305;MK9513;1305;MK9513;CATEGORIA0;;1;1;0;1;;KIT EMBRAIAGEM;KIT EMBRAIAGEM;0;;
166;1305;MK9514;1305;MK9514;CATEGORIA0;;1;1;0;1;;KIT EMBRAIAGEM;KIT EMBRAIAGEM;0;;
166;1305;MK9518;1305;MK9518;CATEGORIA0;;1;1;0;1;;KIT EMBRAIAGEM;KIT EMBRAIAGEM;0;;
166;1305;MK9522;1305;MK9522;CATEGORIA0;;1;1;0;1;;KIT EMBRAIAGEM;KIT EMBRAIAGEM;0;;
166;1305;MK9529;1305;MK9529;CATEGORIA0;;1;1;0;1;;KIT EMBRAIAGEM;KIT EMBRAIAGEM;0;;
166;1305;MK9542;1305;MK9542;CATEGORIA0;;1;1;0;1;;KIT EMBRAIAGEM;KIT EMBRAIAGEM;0;;
166;1305;MK9559;1305;MK9559;CATEGORIA0;;1;1;0;1;;KIT EMBRAIAGEM;KIT EMBRAIAGEM;0;;
166;1305;MK9579;1305;MK9579;CATEGORIA0;;1;1;0;1;;KIT EMBRAIAGEM;KIT EMBRAIAGEM;0;;
166;1305;MK9582;1305;MK9582;CATEGORIA0;;1;1;0;1;;KIT EMBRAIAGEM;KIT EMBRAIAGEM;0;;
166;1305;MK9583;1305;MK9583;CATEGORIA0;;1;1;0;1;;KIT EMBRAIAGEM;KIT EMBRAIAGEM;0;;
166;1305;MK9586;1305;MK9586;CATEGORIA0;;1;1;0;1;;KIT EMBRAIAGEM;KIT EMBRAIAGEM;0;;
166;1305;MK9588;1305;MK9588;CATEGORIA0;;1;1;0;1;;KIT EMBRAIAGEM;KIT EMBRAIAGEM;0;;
166;1305;MK9601;1305;MK9601;CATEGORIA0;;1;1;0;1;;KIT EMBRAIAGEM;KIT EMBRAIAGEM;0;;
166;1305;MK9611;1305;MK9611;CATEGORIA0;;1;1;0;1;;KIT EMBRAIAGEM;KIT EMBRAIAGEM;0;;
166;1305;MK9612;1305;MK9612;CATEGORIA0;;1;1;0;1;;KIT EMBRAIAGEM;KIT EMBRAIAGEM;0;;
166;1305;MK9614;1305;MK9614;CATEGORIA0;;1;1;0;1;;KIT EMBRAIAGEM;KIT EMBRAIAGEM;0;;
166;1305;MK9615;1305;MK9615;CATEGORIA0;;1;1;0;1;;KIT EMBRAIAGEM;KIT EMBRAIAGEM;0;;
166;1305;MK9620;1305;MK9620;CATEGORIA0;;1;1;0;1;;KIT EMBRAIAGEM;KIT EMBRAIAGEM;0;;
166;1305;MK9627;1305;MK9627;CATEGORIA0;;1;1;0;1;;KIT EMBRAIAGEM;KIT EMBRAIAGEM;0;;
166;1305;MK9629;1305;MK9629;CATEGORIA0;;1;1;0;1;;KIT EMBRAIAGEM;KIT EMBRAIAGEM;0;;
166;1305;MK9638;1305;MK9638;CATEGORIA0;;1;1;0;1;;KIT EMBRAIAGEM;KIT EMBRAIAGEM;0;;
166;1305;MK9645;1305;MK9645;CATEGORIA0;;1;1;0;1;;KIT EMBRAIAGEM;KIT EMBRAIAGEM;0;;
166;1305;MK9646;1305;MK9646;CATEGORIA0;;1;1;0;1;;KIT EMBRAIAGEM;KIT EMBRAIAGEM;0;;
166;1305;MK9648;1305;MK9648;CATEGORIA0;;1;1;0;1;;KIT EMBRAIAGEM;KIT EMBRAIAGEM;0;;
166;1305;MK9650;1305;MK9650;CATEGORIA0;;1;1;0;1;;KIT EMBRAIAGEM;KIT EMBRAIAGEM;0;;
166;1305;MK9651;1305;MK9651;CATEGORIA0;;1;1;0;1;;KIT EMBRAIAGEM;KIT EMBRAIAGEM;0;;
166;1305;MK9657;1305;MK9657;CATEGORIA0;;1;1;0;1;;KIT EMBRAIAGEM;KIT EMBRAIAGEM;0;;
166;1305;MK9684;1305;MK9684;CATEGORIA0;;1;1;0;1;;KIT EMBRAIAGEM;KIT EMBRAIAGEM;0;;
166;1305;MK9713;1305;MK9713;CATEGORIA0;;1;1;0;1;;KIT EMBRAIAGEM;KIT EMBRAIAGEM;0;;
166;1305;MK9779;1305;MK9779;CATEGORIA0;;1;1;0;1;;KIT EMBRAIAGEM;KIT EMBRAIAGEM;0;;
166;1305;MK9780;1305;MK9780;CATEGORIA0;;1;1;0;1;;KIT EMBRAIAGEM;KIT EMBRAIAGEM;0;;
166;1305;MK9800;1305;MK9800;CATEGORIA0;;1;1;0;1;;KIT EMBRAIAGEM;KIT EMBRAIAGEM;0;;
166;1305;MK9801;1305;MK9801;CATEGORIA0;;1;1;0;1;;KIT EMBRAIAGEM;KIT EMBRAIAGEM;0;;
166;1305;MK9804;1305;MK9804;CATEGORIA0;;1;1;0;1;;KIT EMBRAIAGEM;KIT EMBRAIAGEM;0;;
166;1305;MK9808;1305;MK9808;CATEGORIA0;;1;1;0;1;;KIT EMBRAIAGEM;KIT EMBRAIAGEM;0;;
166;1305;MK9810;1305;MK9810;CATEGORIA0;;1;1;0;1;;KIT EMBRAIAGEM;KIT EMBRAIAGEM;0;;
166;1305;MK9812;1305;MK9812;CATEGORIA0;;1;1;0;1;;KIT EMBRAIAGEM;KIT EMBRAIAGEM;0;;
166;1305;MK9815;1305;MK9815;CATEGORIA0;;1;1;0;1;;KIT EMBRAIAGEM;KIT EMBRAIAGEM;0;;
166;1305;MK9822;1305;MK9822;CATEGORIA0;;1;1;0;1;;KIT EMBRAIAGEM;KIT EMBRAIAGEM;0;;
166;1305;MK9823;1305;MK9823;CATEGORIA0;;1;1;0;1;;KIT EMBRAIAGEM;KIT EMBRAIAGEM;0;;
166;1305;MK9824;1305;MK9824;CATEGORIA0;;1;1;0;1;;KIT EMBRAIAGEM;KIT EMBRAIAGEM;0;;
166;1305;MK9825;1305;MK9825;CATEGORIA0;;1;1;0;1;;KIT EMBRAIAGEM;KIT EMBRAIAGEM;0;;
166;1305;MK9828;1305;MK9828;CATEGORIA0;;1;1;0;1;;KIT EMBRAIAGEM;KIT EMBRAIAGEM;0;;
166;1305;MK9829;1305;MK9829;CATEGORIA0;;1;1;0;1;;KIT EMBRAIAGEM;KIT EMBRAIAGEM;0;;
166;1305;MK9830;1305;MK9830;CATEGORIA0;;1;1;0;1;;KIT EMBRAIAGEM;KIT EMBRAIAGEM;0;;
166;1305;MK9831;1305;MK9831;CATEGORIA0;;1;1;0;1;;KIT EMBRAIAGEM;KIT EMBRAIAGEM;0;;
166;1305;MK9833;1305;MK9833;CATEGORIA0;;1;1;0;1;;KIT EMBRAIAGEM;KIT EMBRAIAGEM;0;;
166;1305;MK9835;1305;MK9835;CATEGORIA0;;1;1;0;1;;KIT EMBRAIAGEM;KIT EMBRAIAGEM;0;;
166;1305;MK9841;1305;MK9841;CATEGORIA0;;1;1;0;1;;KIT EMBRAIAGEM;KIT EMBRAIAGEM;0;;
166;1305;MK9842;1305;MK9842;CATEGORIA0;;1;1;0;1;;KIT EMBRAIAGEM;KIT EMBRAIAGEM;0;;
166;1305;MK9843;1305;MK9843;CATEGORIA0;;1;1;0;1;;KIT EMBRAIAGEM;KIT EMBRAIAGEM;0;;
166;1305;MK9844;1305;MK9844;CATEGORIA0;;1;1;0;1;;KIT EMBRAIAGEM;KIT EMBRAIAGEM;0;;
166;1305;MK9846;1305;MK9846;CATEGORIA0;;1;1;0;1;;KIT EMBRAIAGEM;KIT EMBRAIAGEM;0;;
166;1305;MK9852;1305;MK9852;CATEGORIA0;;1;1;0;1;;KIT EMBRAIAGEM;KIT EMBRAIAGEM;0;;
166;1305;MK9860;1305;MK9860;CATEGORIA0;;1;1;0;1;;KIT EMBRAIAGEM;KIT EMBRAIAGEM;0;;
166;1305;MK9861;1305;MK9861;CATEGORIA0;;1;1;0;1;;KIT EMBRAIAGEM;KIT EMBRAIAGEM;0;;
166;1305;MK9863;1305;MK9863;CATEGORIA0;;1;1;0;1;;KIT EMBRAIAGEM;KIT EMBRAIAGEM;0;;
166;1305;MK9866;1305;MK9866;CATEGORIA0;;1;1;0;1;;KIT EMBRAIAGEM;KIT EMBRAIAGEM;0;;