21;1608.1;837304;1608.1;21.837304;CATEGORIA0;;1;1;0;1;;KIT EMBRAIAGEM + BIMASSA;KIT EMBRAIAGEM + BIMASSA;0;;
21;1608.1;837305;1608.1;21.837305;CATEGORIA0;;1;1;0;1;;KIT EMBRAIAGEM + BIMASSA;KIT EMBRAIAGEM + BIMASSA;0;;
21;1608.1;837309;1608.1;21.837309;CATEGORIA0;;1;1;0;1;;KIT EMBRAIAGEM + BIMASSA;KIT EMBRAIAGEM + BIMASSA;0;;
21;1608.1;837312;1608.1;21.837312;CATEGORIA0;;1;1;0;1;;KIT EMBRAIAGEM + BIMASSA;KIT EMBRAIAGEM + BIMASSA;0;;
21;1608.1;837314;1608.1;21.837314;CATEGORIA0;;1;1;0;1;;KIT EMBRAIAGEM + BIMASSA;KIT EMBRAIAGEM + BIMASSA;0;;
21;1608.1;837315;1608.1;21.837315;CATEGORIA0;;1;1;0;1;;KIT EMBRAIAGEM + BIMASSA;KIT EMBRAIAGEM + BIMASSA;0;;
21;1608.1;837316;1608.1;21.837316;CATEGORIA0;;1;1;0;1;;KIT EMBRAIAGEM + BIMASSA;KIT EMBRAIAGEM + BIMASSA;0;;
21;1608.1;837318;1608.1;21.837318;CATEGORIA0;;1;1;0;1;;KIT EMBRAIAGEM + BIMASSA;KIT EMBRAIAGEM + BIMASSA;0;;
21;1608.1;837321;1608.1;21.837321;CATEGORIA0;;1;1;0;1;;KIT EMBRAIAGEM + BIMASSA;KIT EMBRAIAGEM + BIMASSA;0;;
21;1608.1;837325;1608.1;21.837325;CATEGORIA0;;1;1;0;1;;KIT EMBRAIAGEM + BIMASSA;KIT EMBRAIAGEM + BIMASSA;0;;
21;1608.1;837341;1608.1;21.837341;CATEGORIA0;;1;1;0;1;;KIT EMBRAIAGEM + BIMASSA;KIT EMBRAIAGEM + BIMASSA;0;;
21;1608.1;837342;1608.1;21.837342;CATEGORIA0;;1;1;0;1;;KIT EMBRAIAGEM + BIMASSA;KIT EMBRAIAGEM + BIMASSA;0;;
21;1608.1;837344;1608.1;21.837344;CATEGORIA0;;1;1;0;1;;KIT EMBRAIAGEM + BIMASSA;KIT EMBRAIAGEM + BIMASSA;0;;
21;1608.1;837345;1608.1;21.837345;CATEGORIA0;;1;1;0;1;;KIT EMBRAIAGEM + BIMASSA;KIT EMBRAIAGEM + BIMASSA;0;;
21;1608.1;837346;1608.1;21.837346;CATEGORIA0;;1;1;0;1;;KIT EMBRAIAGEM + BIMASSA;KIT EMBRAIAGEM + BIMASSA;0;;
21;1608.1;837347;1608.1;21.837347;CATEGORIA0;;1;1;0;1;;KIT EMBRAIAGEM + BIMASSA;KIT EMBRAIAGEM + BIMASSA;0;;
21;1608.1;837348;1608.1;21.837348;CATEGORIA0;;1;1;0;1;;KIT EMBRAIAGEM + BIMASSA;KIT EMBRAIAGEM + BIMASSA;0;;
21;1608.1;837352;1608.1;21.837352;CATEGORIA0;;1;1;0;1;;KIT EMBRAIAGEM + BIMASSA;KIT EMBRAIAGEM + BIMASSA;0;;
21;1608.1;837359;1608.1;21.837359;CATEGORIA0;;1;1;0;1;;KIT EMBRAIAGEM + BIMASSA;KIT EMBRAIAGEM + BIMASSA;0;;
21;1608.1;837361;1608.1;21.837361;CATEGORIA0;;1;1;0;1;;KIT EMBRAIAGEM + BIMASSA;KIT EMBRAIAGEM + BIMASSA;0;;
21;1608.1;837390;1608.1;21.837390;CATEGORIA0;;1;1;0;1;;KIT EMBRAIAGEM + BIMASSA;KIT EMBRAIAGEM + BIMASSA;0;;
21;1608.1;837394;1608.1;21.837394;CATEGORIA0;;1;1;0;1;;KIT EMBRAIAGEM + BIMASSA;KIT EMBRAIAGEM + BIMASSA;0;;
21;1608.1;837396;1608.1;21.837396;CATEGORIA0;;1;1;0;1;;KIT EMBRAIAGEM + BIMASSA;KIT EMBRAIAGEM + BIMASSA;0;;
21;1608.1;837397;1608.1;21.837397;CATEGORIA0;;1;1;0;1;;KIT EMBRAIAGEM + BIMASSA;KIT EMBRAIAGEM + BIMASSA;0;;
21;1608.1;837398;1608.1;21.837398;CATEGORIA0;;1;1;0;1;;KIT EMBRAIAGEM + BIMASSA;KIT EMBRAIAGEM + BIMASSA;0;;
21;1608.1;837399;1608.1;21.837399;CATEGORIA0;;1;1;0;1;;KIT EMBRAIAGEM + BIMASSA;KIT EMBRAIAGEM + BIMASSA;0;;
21;1608.1;837402;1608.1;21.837402;CATEGORIA0;;1;1;0;1;;KIT EMBRAIAGEM + BIMASSA;KIT EMBRAIAGEM + BIMASSA;0;;
21;1608.1;837404;1608.1;21.837404;CATEGORIA0;;1;1;0;1;;KIT EMBRAIAGEM + BIMASSA;KIT EMBRAIAGEM + BIMASSA;0;;
21;1608.1;837405;1608.1;21.837405;CATEGORIA0;;1;1;0;1;;KIT EMBRAIAGEM + BIMASSA;KIT EMBRAIAGEM + BIMASSA;0;;
21;1608.1;837406;1608.1;21.837406;CATEGORIA0;;1;1;0;1;;KIT EMBRAIAGEM + BIMASSA;KIT EMBRAIAGEM + BIMASSA;0;;
21;1608.1;837407;1608.1;21.837407;CATEGORIA0;;1;1;0;1;;KIT EMBRAIAGEM + BIMASSA;KIT EMBRAIAGEM + BIMASSA;0;;
21;1608.1;837408;1608.1;21.837408;CATEGORIA0;;1;1;0;1;;KIT EMBRAIAGEM + BIMASSA;KIT EMBRAIAGEM + BIMASSA;0;;
21;1608.1;837409;1608.1;21.837409;CATEGORIA0;;1;1;0;1;;KIT EMBRAIAGEM + BIMASSA;KIT EMBRAIAGEM + BIMASSA;0;;
21;1608.1;837410;1608.1;21.837410;CATEGORIA0;;1;1;0;1;;KIT EMBRAIAGEM + BIMASSA;KIT EMBRAIAGEM + BIMASSA;0;;
21;1608.1;837411;1608.1;21.837411;CATEGORIA0;;1;1;0;1;;KIT EMBRAIAGEM + BIMASSA;KIT EMBRAIAGEM + BIMASSA;0;;
21;1608.1;837412;1608.1;21.837412;CATEGORIA0;;1;1;0;1;;KIT EMBRAIAGEM + BIMASSA;KIT EMBRAIAGEM + BIMASSA;0;;
21;1608.1;837413;1608.1;21.837413;CATEGORIA0;;1;1;0;1;;KIT EMBRAIAGEM + BIMASSA;KIT EMBRAIAGEM + BIMASSA;0;;
21;1608.1;837415;1608.1;21.837415;CATEGORIA0;;1;1;0;1;;KIT EMBRAIAGEM + BIMASSA;KIT EMBRAIAGEM + BIMASSA;0;;
21;1608.1;837420;1608.1;21.837420;CATEGORIA0;;1;1;0;1;;KIT EMBRAIAGEM + BIMASSA;KIT EMBRAIAGEM + BIMASSA;0;;
21;1608.1;837424;1608.1;21.837424;CATEGORIA0;;1;1;0;1;;KIT EMBRAIAGEM + BIMASSA;KIT EMBRAIAGEM + BIMASSA;0;;
21;1608.1;837425;1608.1;21.837425;CATEGORIA0;;1;1;0;1;;KIT EMBRAIAGEM + BIMASSA;KIT EMBRAIAGEM + BIMASSA;0;;
21;1608.1;837427;1608.1;21.837427;CATEGORIA0;;1;1;0;1;;KIT EMBRAIAGEM + BIMASSA;KIT EMBRAIAGEM + BIMASSA;0;;
21;1608.1;837430;1608.1;21.837430;CATEGORIA0;;1;1;0;1;;KIT EMBRAIAGEM + BIMASSA;KIT EMBRAIAGEM + BIMASSA;0;;
21;1608.1;837431;1608.1;21.837431;CATEGORIA0;;1;1;0;1;;KIT EMBRAIAGEM + BIMASSA;KIT EMBRAIAGEM + BIMASSA;0;;
21;1608.1;837432;1608.1;21.837432;CATEGORIA0;;1;1;0;1;;KIT EMBRAIAGEM + BIMASSA;KIT EMBRAIAGEM + BIMASSA;0;;
21;1608.1;837433;1608.1;21.837433;CATEGORIA0;;1;1;0;1;;KIT EMBRAIAGEM + BIMASSA;KIT EMBRAIAGEM + BIMASSA;0;;
21;1608.1;837435;1608.1;21.837435;CATEGORIA0;;1;1;0;1;;KIT EMBRAIAGEM + BIMASSA;KIT EMBRAIAGEM + BIMASSA;0;;
21;1608.1;837436;1608.1;21.837436;CATEGORIA0;;1;1;0;1;;KIT EMBRAIAGEM + BIMASSA;KIT EMBRAIAGEM + BIMASSA;0;;
21;1608.1;837437;1608.1;21.837437;CATEGORIA0;;1;1;0;1;;KIT EMBRAIAGEM + BIMASSA;KIT EMBRAIAGEM + BIMASSA;0;;
21;1608.1;837438;1608.1;21.837438;CATEGORIA0;;1;1;0;1;;KIT EMBRAIAGEM + BIMASSA;KIT EMBRAIAGEM + BIMASSA;0;;
21;1608.1;837440;1608.1;21.837440;CATEGORIA0;;1;1;0;1;;KIT EMBRAIAGEM + BIMASSA;KIT EMBRAIAGEM + BIMASSA;0;;
21;1608.1;837441;1608.1;21.837441;CATEGORIA0;;1;1;0;1;;KIT EMBRAIAGEM + BIMASSA;KIT EMBRAIAGEM + BIMASSA;0;;
21;1608.1;837442;1608.1;21.837442;CATEGORIA0;;1;1;0;1;;KIT EMBRAIAGEM + BIMASSA;KIT EMBRAIAGEM + BIMASSA;0;;
21;1608.1;837443;1608.1;21.837443;CATEGORIA0;;1;1;0;1;;KIT EMBRAIAGEM + BIMASSA;KIT EMBRAIAGEM + BIMASSA;0;;
21;1608.1;837444;1608.1;21.837444;CATEGORIA0;;1;1;0;1;;KIT EMBRAIAGEM + BIMASSA;KIT EMBRAIAGEM + BIMASSA;0;;
21;1608.1;837445;1608.1;21.837445;CATEGORIA0;;1;1;0;1;;KIT EMBRAIAGEM + BIMASSA;KIT EMBRAIAGEM + BIMASSA;0;;
21;1608.1;837451;1608.1;21.837451;CATEGORIA0;;1;1;0;1;;KIT EMBRAIAGEM + BIMASSA;KIT EMBRAIAGEM + BIMASSA;0;;
21;1608.1;837454;1608.1;21.837454;CATEGORIA0;;1;1;0;1;;KIT EMBRAIAGEM + BIMASSA;KIT EMBRAIAGEM + BIMASSA;0;;
21;1608.1;837456;1608.1;21.837456;CATEGORIA0;;1;1;0;1;;KIT EMBRAIAGEM + BIMASSA;KIT EMBRAIAGEM + BIMASSA;0;;
21;1608.1;837457;1608.1;21.837457;CATEGORIA0;;1;1;0;1;;KIT EMBRAIAGEM + BIMASSA;KIT EMBRAIAGEM + BIMASSA;0;;
21;1608.1;837458;1608.1;21.837458;CATEGORIA0;;1;1;0;1;;KIT EMBRAIAGEM + BIMASSA;KIT EMBRAIAGEM + BIMASSA;0;;
21;1608.1;837459;1608.1;21.837459;CATEGORIA0;;1;1;0;1;;KIT EMBRAIAGEM + BIMASSA;KIT EMBRAIAGEM + BIMASSA;0;;
21;1608.1;837460;1608.1;21.837460;CATEGORIA0;;1;1;0;1;;KIT EMBRAIAGEM + BIMASSA;KIT EMBRAIAGEM + BIMASSA;0;;
21;1608.1;837461;1608.1;21.837461;CATEGORIA0;;1;1;0;1;;KIT EMBRAIAGEM + BIMASSA;KIT EMBRAIAGEM + BIMASSA;0;;
21;1608.1;837462;1608.1;21.837462;CATEGORIA0;;1;1;0;1;;KIT EMBRAIAGEM + BIMASSA;KIT EMBRAIAGEM + BIMASSA;0;;
21;1608.1;837467;1608.1;21.837467;CATEGORIA0;;1;1;0;1;;KIT EMBRAIAGEM + BIMASSA;KIT EMBRAIAGEM + BIMASSA;0;;
21;1608.1;837468;1608.1;21.837468;CATEGORIA0;;1;1;0;1;;KIT EMBRAIAGEM + BIMASSA;KIT EMBRAIAGEM + BIMASSA;0;;
21;1608.1;837469;1608.1;21.837469;CATEGORIA0;;1;1;0;1;;KIT EMBRAIAGEM + BIMASSA;KIT EMBRAIAGEM + BIMASSA;0;;
21;1608.1;837470;1608.1;21.837470;CATEGORIA0;;1;1;0;1;;KIT EMBRAIAGEM + BIMASSA;KIT EMBRAIAGEM + BIMASSA;0;;
21;1608.1;837471;1608.1;21.837471;CATEGORIA0;;1;1;0;1;;KIT EMBRAIAGEM + BIMASSA;KIT EMBRAIAGEM + BIMASSA;0;;
21;1608.1;837473;1608.1;21.837473;CATEGORIA0;;1;1;0;1;;KIT EMBRAIAGEM + BIMASSA;KIT EMBRAIAGEM + BIMASSA;0;;
21;1608.1;837474;1608.1;21.837474;CATEGORIA0;;1;1;0;1;;KIT EMBRAIAGEM + BIMASSA;KIT EMBRAIAGEM + BIMASSA;0;;
21;1608.1;837475;1608.1;21.837475;CATEGORIA0;;1;1;0;1;;KIT EMBRAIAGEM + BIMASSA;KIT EMBRAIAGEM + BIMASSA;0;;
21;1608.1;837476;1608.1;21.837476;CATEGORIA0;;1;1;0;1;;KIT EMBRAIAGEM + BIMASSA;KIT EMBRAIAGEM + BIMASSA;0;;
21;1608.1;837477;1608.1;21.837477;CATEGORIA0;;1;1;0;1;;KIT EMBRAIAGEM + BIMASSA;KIT EMBRAIAGEM + BIMASSA;0;;
21;1608.1;837480;1608.1;21.837480;CATEGORIA0;;1;1;0;1;;KIT EMBRAIAGEM + BIMASSA;KIT EMBRAIAGEM + BIMASSA;0;;
21;1608.1;837481;1608.1;21.837481;CATEGORIA0;;1;1;0;1;;KIT EMBRAIAGEM + BIMASSA;KIT EMBRAIAGEM + BIMASSA;0;;
21;1608.1;837487;1608.1;21.837487;CATEGORIA0;;1;1;0;1;;KIT EMBRAIAGEM + BIMASSA;KIT EMBRAIAGEM + BIMASSA;0;;
21;1608.1;837490;1608.1;21.837490;CATEGORIA0;;1;1;0;1;;KIT EMBRAIAGEM + BIMASSA;KIT EMBRAIAGEM + BIMASSA;0;;
21;1608.1;837491;1608.1;21.837491;CATEGORIA0;;1;1;0;1;;KIT EMBRAIAGEM + BIMASSA;KIT EMBRAIAGEM + BIMASSA;0;;
21;1608.1;837492;1608.1;21.837492;CATEGORIA0;;1;1;0;1;;KIT EMBRAIAGEM + BIMASSA;KIT EMBRAIAGEM + BIMASSA;0;;
21;1608.1;837493;1608.1;21.837493;CATEGORIA0;;1;1;0;1;;KIT EMBRAIAGEM + BIMASSA;KIT EMBRAIAGEM + BIMASSA;0;;
21;1608.1;837495;1608.1;21.837495;CATEGORIA0;;1;1;0;1;;KIT EMBRAIAGEM + BIMASSA;KIT EMBRAIAGEM + BIMASSA;0;;
21;1608.1;837497;1608.1;21.837497;CATEGORIA0;;1;1;0;1;;KIT EMBRAIAGEM + BIMASSA;KIT EMBRAIAGEM + BIMASSA;0;;
21;1608.1;837499;1608.1;21.837499;CATEGORIA0;;1;1;0;1;;KIT EMBRAIAGEM + BIMASSA;KIT EMBRAIAGEM + BIMASSA;0;;
21;1608.1;837500;1608.1;21.837500;CATEGORIA0;;1;1;0;1;;KIT EMBRAIAGEM + BIMASSA;KIT EMBRAIAGEM + BIMASSA;0;;
21;1608.1;837501;1608.1;21.837501;CATEGORIA0;;1;1;0;1;;KIT EMBRAIAGEM + BIMASSA;KIT EMBRAIAGEM + BIMASSA;0;;
21;1608.1;837502;1608.1;21.837502;CATEGORIA0;;1;1;0;1;;KIT EMBRAIAGEM + BIMASSA;KIT EMBRAIAGEM + BIMASSA;0;;
21;1608.1;837503;1608.1;21.837503;CATEGORIA0;;1;1;0;1;;KIT EMBRAIAGEM + BIMASSA;KIT EMBRAIAGEM + BIMASSA;0;;
21;1608.1;837504;1608.1;21.837504;CATEGORIA0;;1;1;0;1;;KIT EMBRAIAGEM + BIMASSA;KIT EMBRAIAGEM + BIMASSA;0;;
21;1608.1;837505;1608.1;21.837505;CATEGORIA0;;1;1;0;1;;KIT EMBRAIAGEM + BIMASSA;KIT EMBRAIAGEM + BIMASSA;0;;
21;1608.1;837518;1608.1;21.837518;CATEGORIA0;;1;1;0;1;;KIT EMBRAIAGEM + BIMASSA;KIT EMBRAIAGEM + BIMASSA;0;;
21;1608.1;837522;1608.1;21.837522;CATEGORIA0;;1;1;0;1;;KIT EMBRAIAGEM + BIMASSA;KIT EMBRAIAGEM + BIMASSA;0;;
21;1608.1;837529;1608.1;21.837529;CATEGORIA0;;1;1;0;1;;KIT EMBRAIAGEM + BIMASSA;KIT EMBRAIAGEM + BIMASSA;0;;
21;1608.1;837534;1608.1;21.837534;CATEGORIA0;;1;1;0;1;;KIT EMBRAIAGEM + BIMASSA;KIT EMBRAIAGEM + BIMASSA;0;;
21;1608.1;837535;1608.1;21.837535;CATEGORIA0;;1;1;0;1;;KIT EMBRAIAGEM + BIMASSA;KIT EMBRAIAGEM + BIMASSA;0;;
21;1608.1;837538;1608.1;21.837538;CATEGORIA0;;1;1;0;1;;KIT EMBRAIAGEM + BIMASSA;KIT EMBRAIAGEM + BIMASSA;0;;
21;1608.1;837540;1608.1;21.837540;CATEGORIA0;;1;1;0;1;;KIT EMBRAIAGEM + BIMASSA;KIT EMBRAIAGEM + BIMASSA;0;;
21;1608.1;837541;1608.1;21.837541;CATEGORIA0;;1;1;0;1;;KIT EMBRAIAGEM + BIMASSA;KIT EMBRAIAGEM + BIMASSA;0;;
21;1608.1;837542;1608.1;21.837542;CATEGORIA0;;1;1;0;1;;KIT EMBRAIAGEM + BIMASSA;KIT EMBRAIAGEM + BIMASSA;0;;
21;1608.1;837543;1608.1;21.837543;CATEGORIA0;;1;1;0;1;;KIT EMBRAIAGEM + BIMASSA;KIT EMBRAIAGEM + BIMASSA;0;;
21;1608.1;837544;1608.1;21.837544;CATEGORIA0;;1;1;0;1;;KIT EMBRAIAGEM + BIMASSA;KIT EMBRAIAGEM + BIMASSA;0;;
21;1608.1;837545;1608.1;21.837545;CATEGORIA0;;1;1;0;1;;KIT EMBRAIAGEM + BIMASSA;KIT EMBRAIAGEM + BIMASSA;0;;
21;1608.1;837546;1608.1;21.837546;CATEGORIA0;;1;1;0;1;;KIT EMBRAIAGEM + BIMASSA;KIT EMBRAIAGEM + BIMASSA;0;;
21;1608.1;837547;1608.1;21.837547;CATEGORIA0;;1;1;0;1;;KIT EMBRAIAGEM + BIMASSA;KIT EMBRAIAGEM + BIMASSA;0;;
21;1608.1;837548;1608.1;21.837548;CATEGORIA0;;1;1;0;1;;KIT EMBRAIAGEM + BIMASSA;KIT EMBRAIAGEM + BIMASSA;0;;
21;1608.1;837549;1608.1;21.837549;CATEGORIA0;;1;1;0;1;;KIT EMBRAIAGEM + BIMASSA;KIT EMBRAIAGEM + BIMASSA;0;;
21;1608.1;837551;1608.1;21.837551;CATEGORIA0;;1;1;0;1;;KIT EMBRAIAGEM + BIMASSA;KIT EMBRAIAGEM + BIMASSA;0;;
21;1608.1;837552;1608.1;21.837552;CATEGORIA0;;1;1;0;1;;KIT EMBRAIAGEM + BIMASSA;KIT EMBRAIAGEM + BIMASSA;0;;
21;1608.1;837553;1608.1;21.837553;CATEGORIA0;;1;1;0;1;;KIT EMBRAIAGEM + BIMASSA;KIT EMBRAIAGEM + BIMASSA;0;;
21;1608.1;837560;1608.1;21.837560;CATEGORIA0;;1;1;0;1;;KIT EMBRAIAGEM + BIMASSA;KIT EMBRAIAGEM + BIMASSA;0;;
21;1608.1;837561;1608.1;21.837561;CATEGORIA0;;1;1;0;1;;KIT EMBRAIAGEM + BIMASSA;KIT EMBRAIAGEM + BIMASSA;0;;
21;1608.1;837562;1608.1;21.837562;CATEGORIA0;;1;1;0;1;;KIT EMBRAIAGEM + BIMASSA;KIT EMBRAIAGEM + BIMASSA;0;;
21;1608.1;837565;1608.1;21.837565;CATEGORIA0;;1;1;0;1;;KIT EMBRAIAGEM + BIMASSA;KIT EMBRAIAGEM + BIMASSA;0;;
21;1608.1;837566;1608.1;21.837566;CATEGORIA0;;1;1;0;1;;KIT EMBRAIAGEM + BIMASSA;KIT EMBRAIAGEM + BIMASSA;0;;
21;1608.1;837568;1608.1;21.837568;CATEGORIA0;;1;1;0;1;;KIT EMBRAIAGEM + BIMASSA;KIT EMBRAIAGEM + BIMASSA;0;;
21;1608.1;837571;1608.1;21.837571;CATEGORIA0;;1;1;0;1;;KIT EMBRAIAGEM + BIMASSA;KIT EMBRAIAGEM + BIMASSA;0;;
21;1608.1;837576;1608.1;21.837576;CATEGORIA0;;1;1;0;1;;KIT EMBRAIAGEM + BIMASSA;KIT EMBRAIAGEM + BIMASSA;0;;
21;1608.1;837600;1608.1;21.837600;CATEGORIA0;;1;1;0;1;;KIT EMBRAIAGEM + BIMASSA;KIT EMBRAIAGEM + BIMASSA;0;;
21;1608.1;837700;1608.1;21.837700;CATEGORIA0;;1;1;0;1;;KIT EMBRAIAGEM + BIMASSA;KIT EMBRAIAGEM + BIMASSA;0;;
21;1608.1;838258;1608.1;21.838258;CATEGORIA0;;1;1;0;1;;KIT EMBRAIAGEM VALEO;KIT EMBRAIAGEM VALEO;0;;
21;1608.1;838280;1608.1;21.838280;CATEGORIA0;;1;1;0;1;;KIT EMBRAIAGEM VALEO;KIT EMBRAIAGEM VALEO;0;;
21;1608.1;838310;1608.1;21.838310;CATEGORIA0;;1;1;0;1;;KIT EMBRAIAGEM VALEO;KIT EMBRAIAGEM VALEO;0;;
21;1608.1;838311;1608.1;21.838311;CATEGORIA0;;1;1;0;1;;KIT EMBRAIAGEM VALEO;KIT EMBRAIAGEM VALEO;0;;
21;1608;840791;1608;850791;CATEGORIA0;;1;1;0;1;;ELEVADOR VIDRO DRT.;ELEVADOR VIDRO DRT.;0;;
21;1608.1;844100;1608.1;21.844100;CATEGORIA0;;1;1;0;1;;KIT EMBRAIAGEM VALEO;KIT EMBRAIAGEM VALEO;0;;
21;1608.1;844101;1608.1;21.844101;CATEGORIA0;;1;1;0;1;;KIT EMBRAIAGEM VALEO;KIT EMBRAIAGEM VALEO;0;;
21;1608.1;844102;1608.1;21.844102;CATEGORIA0;;1;1;0;1;;KIT EMBRAIAGEM VALEO;KIT EMBRAIAGEM VALEO;0;;
21;1608.1;844103;1608.1;21.844103;CATEGORIA0;;1;1;0;1;;KIT EMBRAIAGEM VALEO;KIT EMBRAIAGEM VALEO;0;;
21;1608.1;844104;1608.1;21.844104;CATEGORIA0;;1;1;0;1;;KIT EMBRAIAGEM VALEO;KIT EMBRAIAGEM VALEO;0;;
21;1608.1;844105;1608.1;21.844105;CATEGORIA0;;1;1;0;1;;KIT EMBRAIAGEM VALEO;KIT EMBRAIAGEM VALEO;0;;
21;1608.1;844106;1608.1;21.844106;CATEGORIA0;;1;1;0;1;;KIT EMBRAIAGEM VALEO;KIT EMBRAIAGEM VALEO;0;;
21;1608.1;844107;1608.1;21.844107;CATEGORIA0;;1;1;0;1;;KIT EMBRAIAGEM VALEO;KIT EMBRAIAGEM VALEO;0;;
21;1608.1;844108;1608.1;21.844108;CATEGORIA0;;1;1;0;1;;KIT EMBRAIAGEM VALEO;KIT EMBRAIAGEM VALEO;0;;
21;1608.1;844109;1608.1;21.844109;CATEGORIA0;;1;1;0;1;;KIT EMBRAIAGEM VALEO;KIT EMBRAIAGEM VALEO;0;;
21;1608.1;844110;1608.1;21.844110;CATEGORIA0;;1;1;0;1;;KIT EMBRAIAGEM VALEO;KIT EMBRAIAGEM VALEO;0;;
21;1608.1;844111;1608.1;21.844111;CATEGORIA0;;1;1;0;1;;KIT EMBRAIAGEM VALEO;KIT EMBRAIAGEM VALEO;0;;
21;1608.1;844112;1608.1;21.844112;CATEGORIA0;;1;1;0;1;;KIT EMBRAIAGEM VALEO;KIT EMBRAIAGEM VALEO;0;;
21;1608.1;844114;1608.1;21.844114;CATEGORIA0;;1;1;0;1;;KIT EMBRAIAGEM VALEO;KIT EMBRAIAGEM VALEO;0;;
21;1608.1;844115;1608.1;21.844115;CATEGORIA0;;1;1;0;1;;KIT EMBRAIAGEM VALEO;KIT EMBRAIAGEM VALEO;0;;
21;1608.1;844116;1608.1;21.844116;CATEGORIA0;;1;1;0;1;;KIT EMBRAIAGEM VALEO;KIT EMBRAIAGEM VALEO;0;;
21;1608.1;844119;1608.1;21.844119;CATEGORIA0;;1;1;0;1;;KIT EMBRAIAGEM VALEO;KIT EMBRAIAGEM VALEO;0;;
21;1608.1;844120;1608.1;21.844120;CATEGORIA0;;1;1;0;1;;KIT EMBRAIAGEM VALEO;KIT EMBRAIAGEM VALEO;0;;
21;1608.1;844121;1608.1;21.844121;CATEGORIA0;;1;1;0;1;;KIT EMBRAIAGEM VALEO;KIT EMBRAIAGEM VALEO;0;;
21;1608.1;844122;1608.1;21.844122;CATEGORIA0;;1;1;0;1;;KIT EMBRAIAGEM VALEO;KIT EMBRAIAGEM VALEO;0;;
21;1608.1;845006;1608.1;21.845006;CATEGORIA0;;1;1;0;1;;KIT EMBRAIAGEM + BIMASSA;KIT EMBRAIAGEM + BIMASSA;0;;
21;1608.1;845011;1608.1;21.845011;CATEGORIA0;;1;1;0;1;;KIT EMBRAIAGEM + BIMASSA;KIT EMBRAIAGEM + BIMASSA;0;;
21;1608.1;845012;1608.1;21.845012;CATEGORIA0;;1;1;0;1;;KIT EMBRAIAGEM + BIMASSA;KIT EMBRAIAGEM + BIMASSA;0;;
21;1608.1;845013;1608.1;21.845013;CATEGORIA0;;1;1;0;1;;KIT EMBRAIAGEM + BIMASSA;KIT EMBRAIAGEM + BIMASSA;0;;
21;1608.1;845014;1608.1;21.845014;CATEGORIA0;;1;1;0;1;;KIT EMBRAIAGEM + BIMASSA;KIT EMBRAIAGEM + BIMASSA;0;;
21;1608.1;845015;1608.1;21.845015;CATEGORIA0;;1;1;0;1;;KIT EMBRAIAGEM + BIMASSA;KIT EMBRAIAGEM + BIMASSA;0;;
21;1608.1;845019;1608.1;21.845019;CATEGORIA0;;1;1;0;1;;KIT EMBRAIAGEM + BIMASSA;KIT EMBRAIAGEM + BIMASSA;0;;
21;1608.1;845022;1608.1;21.845022;CATEGORIA0;;1;1;0;1;;KIT EMBRAIAGEM + BIMASSA;KIT EMBRAIAGEM + BIMASSA;0;;
21;1608.1;845028;1608.1;21.845028;CATEGORIA0;;1;1;0;1;;KIT EMBRAIAGEM + BIMASSA;KIT EMBRAIAGEM + BIMASSA;0;;
21;1608.1;845033;1608.1;21.845033;CATEGORIA0;;1;1;0;1;;KIT EMBRAIAGEM + BIMASSA;KIT EMBRAIAGEM + BIMASSA;0;;
21;1608.1;845039;1608.1;21.845039;CATEGORIA0;;1;1;0;1;;KIT EMBRAIAGEM + BIMASSA;KIT EMBRAIAGEM + BIMASSA;0;;
21;1608.1;845048;1608.1;21.845048;CATEGORIA0;;1;1;0;1;;KIT EMBRAIAGEM + BIMASSA;KIT EMBRAIAGEM + BIMASSA;0;;
21;1608.1;845049;1608.1;21.845049;CATEGORIA0;;1;1;0;1;;KIT EMBRAIAGEM + BIMASSA;KIT EMBRAIAGEM + BIMASSA;0;;
21;1608.1;845050;1608.1;21.845050;CATEGORIA0;;1;1;0;1;;KIT EMBRAIAGEM + BIMASSA;KIT EMBRAIAGEM + BIMASSA;0;;
21;1608.1;845051;1608.1;21.845051;CATEGORIA0;;1;1;0;1;;KIT EMBRAIAGEM + BIMASSA;KIT EMBRAIAGEM + BIMASSA;0;;
21;1608.1;845052;1608.1;21.845052;CATEGORIA0;;1;1;0;1;;KIT EMBRAIAGEM + BIMASSA;KIT EMBRAIAGEM + BIMASSA;0;;
21;1608.1;845053;1608.1;21.845053;CATEGORIA0;;1;1;0;1;;KIT EMBRAIAGEM + BIMASSA;KIT EMBRAIAGEM + BIMASSA;0;;
21;1608.1;845054;1608.1;21.845054;CATEGORIA0;;1;1;0;1;;KIT EMBRAIAGEM + BIMASSA;KIT EMBRAIAGEM + BIMASSA;0;;
21;1608.1;845055;1608.1;21.845055;CATEGORIA0;;1;1;0;1;;KIT EMBRAIAGEM + BIMASSA;KIT EMBRAIAGEM + BIMASSA;0;;
21;1608.1;845059;1608.1;21.845059;CATEGORIA0;;1;1;0;1;;KIT EMBRAIAGEM + BIMASSA;KIT EMBRAIAGEM + BIMASSA;0;;
21;1608.1;845060;1608.1;21.845060;CATEGORIA0;;1;1;0;1;;KIT EMBRAIAGEM + BIMASSA;KIT EMBRAIAGEM + BIMASSA;0;;
21;1608.1;845061;1608.1;21.845061;CATEGORIA0;;1;1;0;1;;KIT EMBRAIAGEM + BIMASSA;KIT EMBRAIAGEM + BIMASSA;0;;
21;1608.1;845062;1608.1;21.845062;CATEGORIA0;;1;1;0;1;;KIT EMBRAIAGEM + BIMASSA;KIT EMBRAIAGEM + BIMASSA;0;;
21;1608.1;845063;1608.1;21.845063;CATEGORIA0;;1;1;0;1;;KIT EMBRAIAGEM + BIMASSA;KIT EMBRAIAGEM + BIMASSA;0;;
21;1608.1;845064;1608.1;21.845064;CATEGORIA0;;1;1;0;1;;KIT EMBRAIAGEM + BIMASSA;KIT EMBRAIAGEM + BIMASSA;0;;
21;1608.1;845066;1608.1;21.845066;CATEGORIA0;;1;1;0;1;;KIT EMBRAIAGEM + BIMASSA;KIT EMBRAIAGEM + BIMASSA;0;;
21;1608.1;845070;1608.1;21.845070;CATEGORIA0;;1;1;0;1;;KIT EMBRAIAGEM + BIMASSA;KIT EMBRAIAGEM + BIMASSA;0;;
21;1608.1;845073;1608.1;21.845073;CATEGORIA0;;1;1;0;1;;KIT EMBRAIAGEM + BIMASSA;KIT EMBRAIAGEM + BIMASSA;0;;
21;1608.1;845074;1608.1;21.845074;CATEGORIA0;;1;1;0;1;;KIT EMBRAIAGEM + BIMASSA;KIT EMBRAIAGEM + BIMASSA;0;;
21;1608.1;845076;1608.1;21.845076;CATEGORIA0;;1;1;0;1;;KIT EMBRAIAGEM + BIMASSA;KIT EMBRAIAGEM + BIMASSA;0;;
21;1608.1;845077;1608.1;21.845077;CATEGORIA0;;1;1;0;1;;KIT EMBRAIAGEM + BIMASSA;KIT EMBRAIAGEM + BIMASSA;0;;
21;1608.1;845078;1608.1;21.845078;CATEGORIA0;;1;1;0;1;;KIT EMBRAIAGEM + BIMASSA;KIT EMBRAIAGEM + BIMASSA;0;;
21;1608.1;845079;1608.1;21.845079;CATEGORIA0;;1;1;0;1;;KIT EMBRAIAGEM + BIMASSA;KIT EMBRAIAGEM + BIMASSA;0;;
21;1608.1;845080;1608.1;21.845080;CATEGORIA0;;1;1;0;1;;KIT EMBRAIAGEM + BIMASSA;KIT EMBRAIAGEM + BIMASSA;0;;
21;1608.1;845081;1608.1;21.845081;CATEGORIA0;;1;1;0;1;;KIT EMBRAIAGEM + BIMASSA;KIT EMBRAIAGEM + BIMASSA;0;;
21;1608.1;845082;1608.1;21.845082;CATEGORIA0;;1;1;0;1;;KIT EMBRAIAGEM + BIMASSA;KIT EMBRAIAGEM + BIMASSA;0;;
21;1608.1;845083;1608.1;21.845083;CATEGORIA0;;1;1;0;1;;KIT EMBRAIAGEM + BIMASSA;KIT EMBRAIAGEM + BIMASSA;0;;
21;1608.1;845088;1608.1;21.845088;CATEGORIA0;;1;1;0;1;;KIT EMBRAIAGEM + BIMASSA;KIT EMBRAIAGEM + BIMASSA;0;;
21;1608.1;845110;1608.1;21.845110;CATEGORIA0;;1;1;0;1;;KIT EMBRAIAGEM + BIMASSA;KIT EMBRAIAGEM + BIMASSA;0;;
21;1608.1;845112;1608.1;21.845112;CATEGORIA0;;1;1;0;1;;KIT EMBRAIAGEM + BIMASSA;KIT EMBRAIAGEM + BIMASSA;0;;
21;1608.1;845119;1608.1;21.845119;CATEGORIA0;;1;1;0;1;;KIT EMBRAIAGEM + BIMASSA;KIT EMBRAIAGEM + BIMASSA;0;;
21;1608.1;845120;1608.1;21.845120;CATEGORIA0;;1;1;0;1;;KIT EMBRAIAGEM + BIMASSA;KIT EMBRAIAGEM + BIMASSA;0;;
21;1608.1;845124;1608.1;21.845124;CATEGORIA0;;1;1;0;1;;KIT EMBRAIAGEM + BIMASSA;KIT EMBRAIAGEM + BIMASSA;0;;
21;1608.1;845125;1608.1;21.845125;CATEGORIA0;;1;1;0;1;;KIT EMBRAIAGEM + BIMASSA;KIT EMBRAIAGEM + BIMASSA;0;;
21;1608.1;845128;1608.1;21.845128;CATEGORIA0;;1;1;0;1;;KIT EMBRAIAGEM + BIMASSA;KIT EMBRAIAGEM + BIMASSA;0;;
21;1608.1;845132;1608.1;21.845132;CATEGORIA0;;1;1;0;1;;KIT EMBRAIAGEM + BIMASSA;KIT EMBRAIAGEM + BIMASSA;0;;
21;1608.1;845147;1608.1;21.845147;CATEGORIA0;;1;1;0;1;;KIT EMBRAIAGEM + BIMASSA;KIT EMBRAIAGEM + BIMASSA;0;;
21;1608.1;845149;1608.1;21.845149;CATEGORIA0;;1;1;0;1;;KIT EMBRAIAGEM + BIMASSA;KIT EMBRAIAGEM + BIMASSA;0;;
21;1608.1;845151;1608.1;21.845151;CATEGORIA0;;1;1;0;1;;KIT EMBRAIAGEM + BIMASSA;KIT EMBRAIAGEM + BIMASSA;0;;
21;1608.1;845152;1608.1;21.845152;CATEGORIA0;;1;1;0;1;;KIT EMBRAIAGEM + BIMASSA;KIT EMBRAIAGEM + BIMASSA;0;;
21;1608.1;845163;1608.1;21.845163;CATEGORIA0;;1;1;0;1;;KIT EMBRAIAGEM + BIMASSA;KIT EMBRAIAGEM + BIMASSA;0;;
21;1608.1;845168;1608.1;21.845168;CATEGORIA0;;1;1;0;1;;KIT EMBRAIAGEM + BIMASSA;KIT EMBRAIAGEM + BIMASSA;0;;
21;1608.1;845170;1608.1;21.845170;CATEGORIA0;;1;1;0;1;;KIT EMBRAIAGEM + BIMASSA;KIT EMBRAIAGEM + BIMASSA;0;;
21;1608.1;845171;1608.1;21.845171;CATEGORIA0;;1;1;0;1;;KIT EMBRAIAGEM + BIMASSA;KIT EMBRAIAGEM + BIMASSA;0;;
21;1608.1;845175;1608.1;21.845175;CATEGORIA0;;1;1;0;1;;KIT EMBRAIAGEM + BIMASSA;KIT EMBRAIAGEM + BIMASSA;0;;
21;1608.1;845179;1608.1;21.845179;CATEGORIA0;;1;1;0;1;;KIT EMBRAIAGEM + BIMASSA;KIT EMBRAIAGEM + BIMASSA;0;;
21;1608.1;845180;1608.1;21.845180;CATEGORIA0;;1;1;0;1;;KIT EMBRAIAGEM + BIMASSA;KIT EMBRAIAGEM + BIMASSA;0;;
21;1608.1;845181;1608.1;21.845181;CATEGORIA0;;1;1;0;1;;KIT EMBRAIAGEM + BIMASSA;KIT EMBRAIAGEM + BIMASSA;0;;
21;1608.1;845188;1608.1;21.845188;CATEGORIA0;;1;1;0;1;;KIT EMBRAIAGEM + BIMASSA;KIT EMBRAIAGEM + BIMASSA;0;;
21;1608.1;845189;1608.1;21.845189;CATEGORIA0;;1;1;0;1;;KIT EMBRAIAGEM + BIMASSA;KIT EMBRAIAGEM + BIMASSA;0;;
21;1608.1;845193;1608.1;21.845193;CATEGORIA0;;1;1;0;1;;KIT EMBRAIAGEM + BIMASSA;KIT EMBRAIAGEM + BIMASSA;0;;
21;1608.1;845203;1608.1;21.845203;CATEGORIA0;;1;1;0;1;;KIT EMBRAIAGEM + BIMASSA;KIT EMBRAIAGEM + BIMASSA;0;;
21;1608.1;845253;1608.1;21.845253;CATEGORIA0;;1;1;0;1;;KIT EMBRAIAGEM + BIMASSA;KIT EMBRAIAGEM + BIMASSA;0;;
21;1608.1;845254;1608.1;21.845254;CATEGORIA0;;1;1;0;1;;KIT EMBRAIAGEM + BIMASSA;KIT EMBRAIAGEM + BIMASSA;0;;
21;1608.1;845282;1608.1;21.845282;CATEGORIA0;;1;1;0;1;;KIT EMBRAIAGEM + BIMASSA;KIT EMBRAIAGEM + BIMASSA;0;;
21;1608.1;845283;1608.1;21.845283;CATEGORIA0;;1;1;0;1;;KIT EMBRAIAGEM + BIMASSA;KIT EMBRAIAGEM + BIMASSA;0;;
21;1608;850012;1608;850012;CATEGORIA0;;1;1;0;1;;ELEVADOR FRT. ESQ. ALFA 156 97-;ELEVADOR FRT. ESQ. ALFA 156 97-;0;;
21;1608;850080;1608;850080;CATEGORIA0;;1;1;0;1;;ELEVADOR FR. ESQ. PRIMERA P11;ELEVADOR FR. ESQ. PRIMERA P11;0;;
21;1608;850230;1608;850230;CATEGORIA0;;1;1;0;1;;ELEVADOR VIDRO FR.ESQ. LYBRA;ELEVADOR VIDRO FR.ESQ. LYBRA;0;;
21;1608;850249;1608;850249;CATEGORIA0;;1;1;0;1;;ELEVADOR F. DRT. VITO 96-;ELEVADOR F. DRT. VITO 96-;0;;
21;1608;850255;1608;850255;CATEGORIA0;;1;1;0;1;;ELEVADOR VIDRO FRT. ESQ.;ELEVADOR VIDRO FRT. ESQ.;0;;
21;1608;850297;1608;850297;CATEGORIA0;;1;1;0;1;;ELEVADOR VIDRO;ELEVADOR VIDRO;0;;
21;1608;850312;1608;850312;CATEGORIA0;;1;1;0;1;;ELEVADOR FRT. ESQ. P. 405;ELEVADOR FRT. ESQ. P. 405;0;;
21;1608;850348;1608;850348;CATEGORIA0;;1;1;0;1;;ELEVADOR ELECT.FR.ESQ MEGANE 96-;ELEVADOR ELECT.FR.ESQ MEGANE 96-;0;;
21;1608;850363;1608;850363;CATEGORIA0;;1;1;0;1;;ELEVADOR VIDRO FR. DRT. TWINGO;ELEVADOR VIDRO FR. DRT. TWINGO;0;;
21;1608;850379;1608;850379;CATEGORIA0;;1;1;0;1;;ELEVADOR FRT. DRT. ROVER 200/25;ELEVADOR FRT. DRT. ROVER 200/25;0;;
21;1608;850506;1608;850506;CATEGORIA0;;1;1;0;1;;ELEVADOR DE VIDRO ESQ;ELEVADOR DE VIDRO ESQ;0;;
21;1608;850524;1608;850524;CATEGORIA0;;1;1;0;1;;ELELVADOR FRT ESQ S/MOTOR;ELELVADOR FRT ESQ S/MOTOR;0;;
21;1608;850571;1608;850571;CATEGORIA0;;1;1;0;1;;ELEVADOR VIDRO;ELEVADOR VIDRO;0;;
21;1608;850586;1608;850586;CATEGORIA0;;1;1;0;1;;ELEVADOR FRT. ESQ. CITROEN;ELEVADOR FRT. ESQ. CITROEN;0;;
21;1608;850600;1608;850600;CATEGORIA0;;1;1;0;1;;ELEVADOR FRT. ESQ. XSARA 00-   ** VER EQUIV.;ELEVADOR FRT. ESQ. XSARA 00-   ** VER EQUIV.;0;;
21;1608;850606;1608;850606;CATEGORIA0;;1;1;0;1;;ELEVADOR TR. ESQ. GOLF V;ELEVADOR TR. ESQ. GOLF V;0;;
21;1608;850618;1608;850618;CATEGORIA0;;1;1;0;1;;ELEVADOR VIDRO FR.ESQ AUDI;ELEVADOR VIDRO FR.ESQ AUDI;0;;
21;1608;850626;1608;850626;CATEGORIA0;;1;1;0;1;;ELEVADOR VIDRO;ELEVADOR VIDRO;0;;
21;1608;850724;1608;850724;CATEGORIA0;;1;1;0;1;;ELEVADOR ELECT.FR.ESQ;ELEVADOR ELECT.FR.ESQ;0;;
21;1608;850747;1608;850747;CATEGORIA0;;1;1;0;1;;ELEVADOR VIDRO;ELEVADOR VIDRO;0;;
21;1608;850766;1608;850766;CATEGORIA0;;1;1;0;1;;ELEVADOR FR. ESQ. EL. MERCEDES VITO 03-;ELEVADOR FR. ESQ. EL. MERCEDES VITO 03-;0;;
21;1608;850770;1608;850770;CATEGORIA0;;1;1;0;1;;ELEVADOR VIDRO;ELEVADOR VIDRO;0;;
21;1608;850771;1608;850771;CATEGORIA0;;1;1;0;1;;ELEVADOR EL. TR. DRT. ASTRA 04-;ELEVADOR EL. TR. DRT. ASTRA 04-;0;;
21;1608;850781;1608;850781;CATEGORIA0;;1;1;0;1;;ELEVADOR VIDRO;ELEVADOR VIDRO;0;;
21;1608;850814;1608;850814;CATEGORIA0;;1;1;0;1;;ELEVADOR FR. ESQ. ALFA ROMEO 159;ELEVADOR FR. ESQ. ALFA ROMEO 159;0;;
21;1608;850840;1608;850840;CATEGORIA0;;1;1;0;1;;ELEVADOR VIDRO;ELEVADOR VIDRO;0;;
21;1608;850841;1608;850841;CATEGORIA0;;1;1;0;1;;ELEVADOR TR. DRT. VECTRA 95-;ELEVADOR TR. DRT. VECTRA 95-;0;;
21;1608;850852;1608;850852;CATEGORIA0;;1;1;0;1;;ELEVADOR VIDRO FRT. ESQ. E46;ELEVADOR VIDRO FRT. ESQ. E46;0;;
21;1608;850853;1608;850853;CATEGORIA0;;1;1;0;1;;ELEVADOR VIDRO F. DTO.;ELEVADOR VIDRO F. DTO.;0;;
21;1608;850855;1608;850855;CATEGORIA0;;1;1;0;1;;ELEVADOR VIDRO TR.DIR. E46;ELEVADOR VIDRO TR.DIR. E46;0;;
21;1608;850966;1608;850966;CATEGORIA0;;1;1;0;1;;ELEVADOR FR. ESQ. C3 PICASSO;ELEVADOR FR. ESQ. C3 PICASSO;0;;
21;1608;850984;1608;850984;CATEGORIA0;;1;1;0;1;;W211 02- MEC. ELEV. VIDRO TR. ESQ. (SIST.CONF.);W211 02- MEC. ELEV. VIDRO TR. ESQ. (SIST.CONF.);0;;
21;1608;850992;1608;850992;CATEGORIA0;;1;1;0;1;;ELEVADOR VIDRO FR. ESQ.;ELEVADOR VIDRO FR. ESQ.;0;;
21;1608;850996;1608;850996;CATEGORIA0;;1;1;0;1;;ELEVADOR VIDRO;ELEVADOR VIDRO;0;;
21;1608;850997;1608;850997;CATEGORIA0;;1;1;0;1;;ELEVADOR VIDRO TRAS DRT.;ELEVADOR VIDRO TRAS DRT.;0;;
21;1608;851005;1608;851005;CATEGORIA0;;1;1;0;1;;ELEVADOR VIDRO F. DTO. S/MOTOR;ELEVADOR VIDRO F. DTO. S/MOTOR;0;;
21;1608;851032;1608;851032;CATEGORIA0;;1;1;0;1;;ELEVADOR VIDRO FR. ESQ.;ELEVADOR VIDRO FR. ESQ.;0;;
21;1608;851037;1608;851037;CATEGORIA0;;1;1;0;1;;ELEVADOR FRT. DRT. IBIZA IV;ELEVADOR FRT. DRT. IBIZA IV;0;;
21;1608;851038;1608;21.851038;CATEGORIA0;;1;1;0;1;;ELEVADOR VIDRO TRÁS ESQ.;ELEVADOR VIDRO TRÁS ESQ.;0;;
21;1608;851100;1608;21.851100;CATEGORIA0;;1;1;0;1;;ELEVADOR VIDRO;ELEVADOR VIDRO;0;;
21;1608;851348;1608;851348;CATEGORIA0;;1;1;0;1;;ELEVADOR VIDRO FRT. ESQ.;ELEVADOR VIDRO FRT. ESQ.;0;;
21;1608;851349;1608;851349;CATEGORIA0;;1;1;0;1;;ELEVADOR VIDRO;ELEVADOR VIDRO;0;;
21;1608;851444;1608;851444;CATEGORIA0;;1;1;0;1;;FIESTA V  01-*ELEVADOR FR.ESQ.;FIESTA V  01-*ELEVADOR FR.ESQ.;0;;
21;1608.1;855101;1608.1;21.855101;CATEGORIA0;;1;1;0;1;;KIT EMBRAIAGEM DDC VALEO;KIT EMBRAIAGEM DDC VALEO;0;;
21;1608.1;855102;1608.1;21.855102;CATEGORIA0;;1;1;0;1;;KIT EMBRAIAGEM DDC VALEO;KIT EMBRAIAGEM DDC VALEO;0;;
21;1608.1;855103;1608.1;21.855103;CATEGORIA0;;1;1;0;1;;KIT EMBRAIAGEM DDC VALEO;KIT EMBRAIAGEM DDC VALEO;0;;
21;1608.1;855302;1608.1;21.855302;CATEGORIA0;;1;1;0;1;;KIT EMBRAIAGEM + BIMASSA;KIT EMBRAIAGEM + BIMASSA;0;;
21;1608.1;855303;1608.1;21.855303;CATEGORIA0;;1;1;0;1;;KIT EMBRAIAGEM + BIMASSA;KIT EMBRAIAGEM + BIMASSA;0;;
21;1608.1;855501;1608.1;21.855501;CATEGORIA0;;1;1;0;1;;VOLANTE BIMASSA;VOLANTE BIMASSA;0;;
21;1608;874301;1608;874301;CATEGORIA0;;1;1;0;1;;BOMBA P/ EMBRAIAGEM;BOMBA P/ EMBRAIAGEM;0;;
21;1608.1;874312;1608.1;21.874312;CATEGORIA0;;1;1;0;1;;BOMBA P/ EMBRAIAGEM;BOMBA P/ EMBRAIAGEM;0;;
21;1608;874330;1608;874330;CATEGORIA0;;1;1;0;1;;BOMBA P/ EMBRAIAGEM;BOMBA P/ EMBRAIAGEM;0;;
21;1608.1;874353;1608.1;21.874353;CATEGORIA0;;1;1;0;1;;BOMBA P/ EMBRAIAGEM;BOMBA P/ EMBRAIAGEM;0;;
21;1608.1;874361;1608.1;21.874361;CATEGORIA0;;1;1;0;1;;BOMBA P/ EMBRAIAGEM;BOMBA P/ EMBRAIAGEM;0;;
21;1608.1;874414;1608.1;21.874414;CATEGORIA0;;1;1;0;1;;BOMBA EMBRAIAGEM;BOMBA EMBRAIAGEM;0;;
21;1608.1;874452;1608.1;21.874452;CATEGORIA0;;1;1;0;1;;BOMBA EMBRAIAGEM VALEO;BOMBA EMBRAIAGEM VALEO;0;;
21;1608.1;874677;1608.1;21.874677;CATEGORIA0;;1;1;0;1;;CILINDRO P/ EMBRAIAGEM;CILINDRO P/ EMBRAIAGEM;0;;
21;1608;874701;1608;874701;CATEGORIA0;;1;1;0;1;;BOMBA SEC. EMBRAIAGEM;BOMBA SEC. EMBRAIAGEM;0;;
21;1608.1;874710;1608.1;21.874710;CATEGORIA0;;1;1;0;1;;BOMBA SEC. EMBRAIAGEM VALEO;BOMBA SEC. EMBRAIAGEM VALEO;0;;
21;1608.1;874899;1608.1;21.874899;CATEGORIA0;;1;1;0;1;;BOMBA SEC. EMBRAIAGEM;BOMBA SEC. EMBRAIAGEM;0;;
21;1608.1;875002;1608.1;21.875002;CATEGORIA0;;1;1;0;1;;ROLAMENTO EMBRAIAGEM;ROLAMENTO EMBRAIAGEM;0;;
21;1608;890000;1608;890000;CATEGORIA0;;1;1;0;1;;SENSOR ESTACIONAMENTO;SENSOR ESTACIONAMENTO;0;;
21;1608;SF3001;1608;SF3001;CATEGORIA0;;1;1;0;1;;INDUTORA;INDUTORA;0;;
21;1608;V29006980;1608;V29006980;CATEGORIA0;;1;1;0;1;;VALVULA EGR;VALVULA EGR;0;;
212;10280;550500055D842;10280;26.N50;CATEGORIA0;;1;1;0;1;;BATERIA EFB VARTA  50 AH 550  A + DTA.;BATERIA EFB VARTA  50 AH 550  A + DTA.;0;;
212;10280;EA1000;10280;24.EA1000;CATEGORIA0;;1;1;0;1;;BATERIA EXIDE PREMIUM 100AH 900EN +DTA;BATERIA EXIDE PREMIUM 100AH 900EN +DTA;0;;
212;10280;EA1050;10280;24.EA1050;CATEGORIA0;;1;1;0;1;;BATERIA EXIDE PREMIUM 105AH 850EN +DTA;BATERIA EXIDE PREMIUM 105AH 850EN +DTA;0;;
212;10280;EA406;10280;24.EA406;CATEGORIA0;;1;1;0;1;;BATERIA EXIDE PREMIUM 38AH 300EN +DTA;BATERIA EXIDE PREMIUM 38AH 300EN +DTA;0;;
212;10280;EA456;10280;24.EA456;CATEGORIA0;;1;1;0;1;;BATERIA EXIDE PREMIUM 45AH 390EN +DTA;BATERIA EXIDE PREMIUM 45AH 390EN +DTA;0;;
212;10280;EA472;10280;24.EA472;CATEGORIA0;;1;1;0;1;;BATERIA EXIDE PREMIUM 47AH 450EN +DTA;BATERIA EXIDE PREMIUM 47AH 450EN +DTA;0;;
212;10280;EA530;10280;24.EA530;CATEGORIA0;;1;1;0;1;;BATERIA EXIDE PREMIUM 53AH 540EN +DTA;BATERIA EXIDE PREMIUM 53AH 540EN +DTA;0;;
212;10280;EA612;10280;24.EA612;CATEGORIA0;;1;1;0;1;;BATERIA EXIDE PREMIUM 61AH 600EN +DTA;BATERIA EXIDE PREMIUM 61AH 600EN +DTA;0;;
212;10280;EA640;10280;24.EA640;CATEGORIA0;;1;1;0;1;;BATERIA EXIDE PREMIUM 64AH 640EN +DTA;BATERIA EXIDE PREMIUM 64AH 640EN +DTA;0;;
212;10280;EA654;10280;24.EA654;CATEGORIA0;;1;1;0;1;;BATERIA EXIDE PREMIUM 65AH 580EN +DTA;BATERIA EXIDE PREMIUM 65AH 580EN +DTA;0;;
212;10280;EA722;10280;24.EA722;CATEGORIA0;;1;1;0;1;;BATERIA EXIDE PREMIUM 72AH 720EN +DTA;BATERIA EXIDE PREMIUM 72AH 720EN +DTA;0;;
212;10280;EA754;10280;24.EA754;CATEGORIA0;;1;1;0;1;;BATERIA EXIDE PREMIUM 75AH 630EN +DTA;BATERIA EXIDE PREMIUM 75AH 630EN +DTA;0;;
212;10280;EA770;10280;24.EA770;CATEGORIA0;;1;1;0;1;;BATERIA EXIDE PREMIUM 77AH 760EN +DTA;BATERIA EXIDE PREMIUM 77AH 760EN +DTA;0;;
212;10280;EA852;10280;24.EA852;CATEGORIA0;;1;1;0;1;;BATERIA EXIDE PREMIUM 85AH 800EN +DTA;BATERIA EXIDE PREMIUM 85AH 800EN +DTA;0;;
212;10280;EA900;10280;24.EA900;CATEGORIA0;;1;1;0;1;;BATERIA EXIDE PREMIUM 90AH 720EN +DTA;BATERIA EXIDE PREMIUM 90AH 720EN +DTA;0;;
212;10280;EA954;10280;24.EA954;CATEGORIA0;;1;1;0;1;;BATERIA EXIDE PREMIUM 95AH 800EN +DTA;BATERIA EXIDE PREMIUM 95AH 800EN +DTA;0;;
212;10280;EA955;10280;24.EA955;CATEGORIA0;;1;1;0;1;;BATERIA EXIDE PREMIUM 95AH 800EN +ESQ;BATERIA EXIDE PREMIUM 95AH 800EN +ESQ;0;;
212;10280;EB1100;10280;24.EB1100;CATEGORIA0;;1;1;0;1;;BATERIA EXIDE EXCELL 100AH 850EN +DTA;BATERIA EXIDE EXCELL 100AH 850EN +DTA;0;;
212;10280;EB320;10280;24.EB320;CATEGORIA0;;1;1;0;1;;BATERIA EXIDE EXCELL 32AH 270EN +DTA;BATERIA EXIDE EXCELL 32AH 270EN +DTA;0;;
212;10280;EB356A;10280;24.EB356A;CATEGORIA0;;1;1;0;1;;BATERIA EXIDE EXCELL 35AH 240EN +DTA;BATERIA EXIDE EXCELL 35AH 240EN +DTA;0;;
212;10280;EB357;10280;24.EB357;CATEGORIA0;;1;1;0;1;;BATERIA EXIDE EXCELL 35AH 240EN +ESQ;BATERIA EXIDE EXCELL 35AH 240EN +ESQ;0;;
212;10280;EB440;10280;24.EB440;CATEGORIA0;;1;1;0;1;;BATERIA EXIDE EXCELL 44AH 400EN +DTA;BATERIA EXIDE EXCELL 44AH 400EN +DTA;0;;
212;10280;EB442;10280;24.EB442;CATEGORIA0;;1;1;0;1;;BATERIA EXIDE EXCELL 44AH 420EN +DTA;BATERIA EXIDE EXCELL 44AH 420EN +DTA;0;;
212;10280;EB450;10280;24.EB450;CATEGORIA0;;1;1;0;1;;BATERIA EXIDE EXCELL 45AH 330EN +DTA;BATERIA EXIDE EXCELL 45AH 330EN +DTA;0;;
212;10280;EB451;10280;24.EB451;CATEGORIA0;;1;1;0;1;;BATERIA EXIDE EXCELL 45AH 330EN +ESQ;BATERIA EXIDE EXCELL 45AH 330EN +ESQ;0;;
212;10280;EB454;10280;24.EB454;CATEGORIA0;;1;1;0;1;;BATERIA EXIDE EXCELL 45AH 330EN +DTA;BATERIA EXIDE EXCELL 45AH 330EN +DTA;0;;
212;10280;EB455;10280;24.EB455;CATEGORIA0;;1;1;0;1;;BATERIA EXIDE EXCELL 45AH 330EN +ESQ;BATERIA EXIDE EXCELL 45AH 330EN +ESQ;0;;
212;10280;EB456;10280;24.EB456;CATEGORIA0;;1;1;0;1;;BATERIA EXIDE EXCELL 45AH 330EN +DTA;BATERIA EXIDE EXCELL 45AH 330EN +DTA;0;;
212;10280;EB457;10280;24.EB457;CATEGORIA0;;1;1;0;1;;BATERIA EXIDE EXCELL 45AH 330EN +ESQ;BATERIA EXIDE EXCELL 45AH 330EN +ESQ;0;;
212;10280;EB500;10280;24.EB500;CATEGORIA0;;1;1;0;1;;BATERIA EXIDE EXCELL 50AH 450EN +DTA;BATERIA EXIDE EXCELL 50AH 450EN +DTA;0;;
212;10280;EB501;10280;24.EB501;CATEGORIA0;;1;1;0;1;;BATERIA EXIDE EXCELL 50AH 450EN +ESQ;BATERIA EXIDE EXCELL 50AH 450EN +ESQ;0;;
212;10280;EB504;10280;24.EB504;CATEGORIA0;;1;1;0;1;;BATERIA EXIDE EXCELL 50AH 360EN +DTA;BATERIA EXIDE EXCELL 50AH 360EN +DTA;0;;
212;10280;EB505;10280;24.EB505;CATEGORIA0;;1;1;0;1;;BATERIA EXIDE EXCELL 50AH 360EN +ESQ;BATERIA EXIDE EXCELL 50AH 360EN +ESQ;0;;
212;10280;EB602;10280;24.EB602;CATEGORIA0;;1;1;0;1;;BATERIA EXIDE EXCELL 60AH 540EN +DTA;BATERIA EXIDE EXCELL 60AH 540EN +DTA;0;;
212;10280;EB604;10280;24.EB604;CATEGORIA0;;1;1;0;1;;BATERIA EXIDE EXCELL 60AH 390EN +DTA;BATERIA EXIDE EXCELL 60AH 390EN +DTA;0;;
212;10280;EB605;10280;24.EB605;CATEGORIA0;;1;1;0;1;;BATERIA EXIDE EXCELL 60AH 390EN +ESQ;BATERIA EXIDE EXCELL 60AH 390EN +ESQ;0;;
212;10280;EB608;10280;24.EB608;CATEGORIA0;;1;1;0;1;;BATERIA EXIDE EXCELL 60AH 640EN +ESQ;BATERIA EXIDE EXCELL 60AH 640EN +ESQ;0;;
212;10280;EB620;10280;24.EB620;CATEGORIA0;;1;1;0;1;;BATERIA EXIDE EXCELL 62AH 540EN +DTA;BATERIA EXIDE EXCELL 62AH 540EN +DTA;0;;
212;10280;EB621;10280;24.EB621;CATEGORIA0;;1;1;0;1;;BATERIA EXIDE EXCELL 62AH 540EN +ESQ;BATERIA EXIDE EXCELL 62AH 540EN +ESQ;0;;
212;10280;EB704;10280;24.EB704;CATEGORIA0;;1;1;0;1;;BATERIA EXIDE EXCELL 70AH 540EN +DTA;BATERIA EXIDE EXCELL 70AH 540EN +DTA;0;;
212;10280;EB705;10280;24.EB705;CATEGORIA0;;1;1;0;1;;BATERIA EXIDE EXCELL 70AH 540EN +ESQ;BATERIA EXIDE EXCELL 70AH 540EN +ESQ;0;;
212;10280;EB712;10280;24.EB712;CATEGORIA0;;1;1;0;1;;BATERIA EXIDE EXCELL 71AH 670EN +DTA;BATERIA EXIDE EXCELL 71AH 670EN +DTA;0;;
212;10280;EB740;10280;24.EB740;CATEGORIA0;;1;1;0;1;;BATERIA EXIDE EXCELL 74AH 680EN +DTA;BATERIA EXIDE EXCELL 74AH 680EN +DTA;0;;
212;10280;EB741;10280;24.EB741;CATEGORIA0;;1;1;0;1;;BATERIA EXIDE EXCELL 74AH 680EN +ESQ;BATERIA EXIDE EXCELL 74AH 680EN +ESQ;0;;
212;10280;EB758;10280;24.EB758;CATEGORIA0;;1;1;0;1;;BATERIA EXIDE EXCELL 75AH 770EN +ESQ;BATERIA EXIDE EXCELL 75AH 770EN +ESQ;0;;
212;10280;EB788;10280;24.EB788;CATEGORIA0;;1;1;0;1;;BATERIA EXIDE EXCELL 78AH 850EN +ESQ;BATERIA EXIDE EXCELL 78AH 850EN +ESQ;0;;
212;10280;EB800;10280;24.EB800;CATEGORIA0;;1;1;0;1;;BATERIA EXIDE EXCELL 80AH 640EN +DTA;BATERIA EXIDE EXCELL 80AH 640EN +DTA;0;;
212;10280;EB802;10280;24.EB802;CATEGORIA0;;1;1;0;1;;BATERIA EXIDE EXCELL 80AH 700EN +DTA;BATERIA EXIDE EXCELL 80AH 700EN +DTA;0;;
212;10280;EB852;10280;24.EB852;CATEGORIA0;;1;1;0;1;;BATERIA EXIDE EXCELL 85AH 760EN +DTA;BATERIA EXIDE EXCELL 85AH 760EN +DTA;0;;
212;10280;EB950;10280;24.EB950;CATEGORIA0;;1;1;0;1;;BATERIA EXIDE EXCELL 95AH 800EN +DTA;BATERIA EXIDE EXCELL 95AH 800EN +DTA;0;;
212;10280;EB954;10280;24.EB954;CATEGORIA0;;1;1;0;1;;BATERIA EXIDE EXCELL 95AH 720EN +DTA;BATERIA EXIDE EXCELL 95AH 720EN +DTA;0;;
212;10280;EB955;10280;24.EB955;CATEGORIA0;;1;1;0;1;;BATERIA EXIDE EXCELL 95AH 720EN +ESQ;BATERIA EXIDE EXCELL 95AH 720EN +ESQ;0;;
212;10280;EC400;10280;24.EC400;CATEGORIA0;;1;1;0;1;;BATERIA EXIDE CLASSIC 40AH 320EN +DTA;BATERIA EXIDE CLASSIC 40AH 320EN +DTA;0;;
212;10280;EC412;10280;24.EC412;CATEGORIA0;;1;1;0;1;;BATERIA EXIDE CLASSIC 41AH 370EN +DTA;BATERIA EXIDE CLASSIC 41AH 370EN +DTA;0;;
212;10280;EC440;10280;24.EC440;CATEGORIA0;;1;1;0;1;;BATERIA EXIDE CLASSIC 44AH 360EN +DTA;BATERIA EXIDE CLASSIC 44AH 360EN +DTA;0;;
212;10280;EC542;10280;24.EC542;CATEGORIA0;;1;1;0;1;;BATERIA EXIDE CLASSIC 54AH 500EN +DTA;BATERIA EXIDE CLASSIC 54AH 500EN +DTA;0;;
212;10280;EC550;10280;24.EC550;CATEGORIA0;;1;1;0;1;;BATERIA EXIDE CLASSIC 55AH 460EN +DTA;BATERIA EXIDE CLASSIC 55AH 460EN +DTA;0;;
212;10280;EC605;10280;24.EC605;CATEGORIA0;;1;1;0;1;;BATERIA EXIDE CLASSIC 60AH 440EN +ESQ;BATERIA EXIDE CLASSIC 60AH 440EN +ESQ;0;;
212;10280;EC652;10280;24.EC652;CATEGORIA0;;1;1;0;1;;BATERIA EXIDE CLASSIC 65AH 540EN +DTA;BATERIA EXIDE CLASSIC 65AH 540EN +DTA;0;;
212;10280;EC700;10280;24.EC700;CATEGORIA0;;1;1;0;1;;BATERIA EXIDE CLASSIC 70AH 640EN +DTA;BATERIA EXIDE CLASSIC 70AH 640EN +DTA;0;;
212;10280;EC900;10280;24.EC900;CATEGORIA0;;1;1;0;1;;BATERIA EXIDE CLASSIC 90AH 720EN +DTA;BATERIA EXIDE CLASSIC 90AH 720EN +DTA;0;;
212;10280;EC904;10280;24.EC904;CATEGORIA0;;1;1;0;1;;BATERIA EXIDE CLASSIC 90AH 680EN +DTA;BATERIA EXIDE CLASSIC 90AH 680EN +DTA;0;;
212;10280;EC905;10280;24.EC905;CATEGORIA0;;1;1;0;1;;BATERIA EXIDE CLASSIC 90AH 680EN +ESQ;BATERIA EXIDE CLASSIC 90AH 680EN +ESQ;0;;
212;10280;ED2103;10280;24.ED2103;CATEGORIA0;;1;1;0;1;;BATERIA EXIDE ENDURANCEPRO+GEL  210AH 1030EN +ESQ;BATERIA EXIDE ENDURANCEPRO+GEL  210AH 1030EN +ESQ;0;;
212;10280;EE1403;10280;24.EE1403;CATEGORIA0;;1;1;0;1;;BATERIA EXIDE STRONGPRO 140AH 800EN +ESQ;BATERIA EXIDE STRONGPRO 140AH 800EN +ESQ;0;;
212;10280;EE1853;10280;24.EE1853;CATEGORIA0;;1;1;0;1;;BATERIA EXIDE STRONGPRO 185AH 1100EN +ESQ;BATERIA EXIDE STRONGPRO 185AH 1100EN +ESQ;0;;
212;10280;EE2353;10280;24.EE2353;CATEGORIA0;;1;1;0;1;;BATERIA EXIDE STRONGPRO 235AH 1200EN +ESQ;BATERIA EXIDE STRONGPRO 235AH 1200EN +ESQ;0;;
212;10280;EF1202;10280;24.EF1202;CATEGORIA0;;1;1;0;1;;BATERIA EXIDE POWERPRO 120AH 870EN +DTA;BATERIA EXIDE POWERPRO 120AH 870EN +DTA;0;;
212;10280;EF1420;10280;24.EF1420;CATEGORIA0;;1;1;0;1;;BATERIA EXIDE POWERPRO 142AH 850EN +DTA;BATERIA EXIDE POWERPRO 142AH 850EN +DTA;0;;
212;10280;EF1421;10280;24.EF1421;CATEGORIA0;;1;1;0;1;;BATERIA EXIDE POWERPRO 142AH 850EN +ESQ;BATERIA EXIDE POWERPRO 142AH 850EN +ESQ;0;;
212;10280;EF1453;10280;24.EF1453;CATEGORIA0;;1;1;0;1;;BATERIA EXIDE POWERPRO 145AH 900EN +ESQ;BATERIA EXIDE POWERPRO 145AH 900EN +ESQ;0;;
212;10280;EF1853;10280;24.EF1853;CATEGORIA0;;1;1;0;1;;BATERIA EXIDE POWERPRO 185AH 1150EN +ESQ;BATERIA EXIDE POWERPRO 185AH 1150EN +ESQ;0;;
212;10280;EF2353;10280;24.EF2353;CATEGORIA0;;1;1;0;1;;BATERIA EXIDE POWERPRO 235AH 1300EN +ESQ;BATERIA EXIDE POWERPRO 235AH 1300EN +ESQ;0;;
212;10280;EG1008;10280;24.EG1008;CATEGORIA0;;1;1;0;1;;BATERIA EXIDE STARTPRO  100AH 680EN +DTA;BATERIA EXIDE STARTPRO  100AH 680EN +DTA;0;;
212;10280;EG1100;10280;24.EG1100;CATEGORIA0;;1;1;0;1;;BATERIA EXIDE STARTPRO  110AH 750EN +DTA;BATERIA EXIDE STARTPRO  110AH 750EN +DTA;0;;
212;10280;EG1101;10280;24.EG1101;CATEGORIA0;;1;1;0;1;;BATERIA EXIDE STARTPRO  110AH 750EN +ESQ;BATERIA EXIDE STARTPRO  110AH 750EN +ESQ;0;;
212;10280;EG1102;10280;24.EG1102;CATEGORIA0;;1;1;0;1;;BATERIA EXIDE STARTPRO  110AH 750EN +DTA;BATERIA EXIDE STARTPRO  110AH 750EN +DTA;0;;
212;10280;EG1109;10280;24.EG1109;CATEGORIA0;;1;1;0;1;;BATERIA EXIDE STARTPRO  110AH 800EN +ESQ;BATERIA EXIDE STARTPRO  110AH 800EN +ESQ;0;;
212;10280;EG110B;10280;24.EG110B;CATEGORIA0;;1;1;0;1;;BATERIA EXIDE STARTPRO  110AH 950EN;BATERIA EXIDE STARTPRO  110AH 950EN;0;;
212;10280;EG1203;10280;24.EG1203;CATEGORIA0;;1;1;0;1;;BATERIA EXIDE STARTPRO  120AH 680EN +ESQ;BATERIA EXIDE STARTPRO  120AH 680EN +ESQ;0;;
212;10280;EG1206;10280;24.EG1206;CATEGORIA0;;1;1;0;1;;BATERIA EXIDE STARTPRO  120AH 680EN +ESQ;BATERIA EXIDE STARTPRO  120AH 680EN +ESQ;0;;
212;10280;EG1250;10280;24.EG1250;CATEGORIA0;;1;1;0;1;;BATERIA EXIDE STARTPRO  125AH 760EN +DTA;BATERIA EXIDE STARTPRO  125AH 760EN +DTA;0;;
212;10280;EG1251;10280;24.EG1251;CATEGORIA0;;1;1;0;1;;BATERIA EXIDE STARTPRO  125AH 760EN +ESQ;BATERIA EXIDE STARTPRO  125AH 760EN +ESQ;0;;
212;10280;EG1353;10280;24.EG1353;CATEGORIA0;;1;1;0;1;;BATERIA EXIDE STARTPRO  135AH 1000EN +ESQ;BATERIA EXIDE STARTPRO  135AH 1000EN +ESQ;0;;
212;10280;EG1355;10280;24.EG1355;CATEGORIA0;;1;1;0;1;;BATERIA EXIDE STARTPRO  135AH 1000EN +ESQ;BATERIA EXIDE STARTPRO  135AH 1000EN +ESQ;0;;
212;10280;EG1402;10280;24.EG1402;CATEGORIA0;;1;1;0;1;;BATERIA EXIDE STARTPRO  140AH 900EN +DTA;BATERIA EXIDE STARTPRO  140AH 900EN +DTA;0;;
212;10280;EG1403;10280;24.EG1403;CATEGORIA0;;1;1;0;1;;BATERIA EXIDE STARTPRO  140AH 800EN +ESQ;BATERIA EXIDE STARTPRO  140AH 800EN +ESQ;0;;
212;10280;EG1406;10280;24.EG1406;CATEGORIA0;;1;1;0;1;;BATERIA EXIDE STARTPRO  140AH 800EN +DTA;BATERIA EXIDE STARTPRO  140AH 800EN +DTA;0;;
212;10280;EG145A;10280;24.EG145A;CATEGORIA0;;1;1;0;1;;BATERIA EXIDE STARTPRO  145AH 1000EN +DTA;BATERIA EXIDE STARTPRO  145AH 1000EN +DTA;0;;
212;10280;EG1553;10280;24.EG1553;CATEGORIA0;;1;1;0;1;;BATERIA EXIDE STARTPRO  155AH 900EN +ESQ;BATERIA EXIDE STARTPRO  155AH 900EN +ESQ;0;;
212;10280;EG1705;10280;24.EG1705;CATEGORIA0;;1;1;0;1;;BATERIA EXIDE STARTPRO  170AH 950EN +ESQ;BATERIA EXIDE STARTPRO  170AH 950EN +ESQ;0;;
212;10280;EG1803;10280;24.EG1803;CATEGORIA0;;1;1;0;1;;BATERIA EXIDE STARTPRO  180AH 1000EN +ESQ;BATERIA EXIDE STARTPRO  180AH 1000EN +ESQ;0;;
212;10280;EG1806;10280;24.EG1806;CATEGORIA0;;1;1;0;1;;BATERIA EXIDE STARTPRO  180AH 1000EN +DTA;BATERIA EXIDE STARTPRO  180AH 1000EN +DTA;0;;
212;10280;EG2153;10280;24.EG2153;CATEGORIA0;;1;1;0;1;;BATERIA EXIDE STARTPRO  215AH 1200EN +ESQ;BATERIA EXIDE STARTPRO  215AH 1200EN +ESQ;0;;
212;10280;EG2154;10280;24.EG2154;CATEGORIA0;;1;1;0;1;;BATERIA EXIDE STARTPRO  215AH 1200EN +DTA;BATERIA EXIDE STARTPRO  215AH 1200EN +DTA;0;;
212;10280;EK091;10280;24.EK091;CATEGORIA0;;1;1;0;1;;BATERIA EXIDE AGM AUXILIAR 9AH 120EN +ESQ;BATERIA EXIDE AGM AUXILIAR 9AH 120EN +ESQ;0;;
212;10280;EK1050;10280;24.EK1050;CATEGORIA0;;1;1;0;1;;BATERIA EXIDE AGM 105AH 950EN +DTA;BATERIA EXIDE AGM 105AH 950EN +DTA;0;;
212;10280;EK111;10280;24.EK111;CATEGORIA0;;1;1;0;1;;BATERIA EXIDE AGM AUXILIAR 11AH 150EN +ESQ;BATERIA EXIDE AGM AUXILIAR 11AH 150EN +ESQ;0;;
212;10280;EK131;10280;24.EK131;CATEGORIA0;;1;1;0;1;;BATERIA EXIDE AGM AUXILIAR 13AH 200EN +ESQ;BATERIA EXIDE AGM AUXILIAR 13AH 200EN +ESQ;0;;
212;10280;EK143;10280;24.EK143;CATEGORIA0;;1;1;0;1;;BATERIA EXIDE AGM AUXILIAR 14AH 80EN;BATERIA EXIDE AGM AUXILIAR 14AH 80EN;0;;
212;10280;EK151;10280;24.EK151;CATEGORIA0;;1;1;0;1;;BATERIA EXIDE AGM AUXILIAR 15AH 200EN +ESQ;BATERIA EXIDE AGM AUXILIAR 15AH 200EN +ESQ;0;;
212;10280;EK508;10280;24.EK508;CATEGORIA0;;1;1;0;1;;BATERIA EXIDE AGM 50AH 800EN +ESQ;BATERIA EXIDE AGM 50AH 800EN +ESQ;0;;
212;10280;EK600;10280;24.EK600;CATEGORIA0;;1;1;0;1;;BATERIA EXIDE AGM 60AH 680EN +DTA;BATERIA EXIDE AGM 60AH 680EN +DTA;0;;
212;10280;EK700;10280;24.EK700;CATEGORIA0;;1;1;0;1;;BATERIA EXIDE AGM 70AH 760EN +DTA;BATERIA EXIDE AGM 70AH 760EN +DTA;0;;
212;10280;EK800;10280;24.EK800;CATEGORIA0;;1;1;0;1;;BATERIA EXIDE AGM 80AH 800EN +DTA;BATERIA EXIDE AGM 80AH 800EN +DTA;0;;
212;10280;EK950;10280;24.EK950;CATEGORIA0;;1;1;0;1;;BATERIA EXIDE AGM 95AH 850EN +DTA;BATERIA EXIDE AGM 95AH 850EN +DTA;0;;
212;10280;EL1050;10280;24.EL1050;CATEGORIA0;;1;1;0;1;;BATERIA EXIDE EFB 105AH 950EN +DTA;BATERIA EXIDE EFB 105AH 950EN +DTA;0;;
212;10280;EL550;10280;24.EL550;CATEGORIA0;;1;1;0;1;;BATERIA EXIDE EFB 55AH 480EN +DTA;BATERIA EXIDE EFB 55AH 480EN +DTA;0;;
212;10280;EL600;10280;24.EL600;CATEGORIA0;;1;1;0;1;;BATERIA EXIDE EFB 60AH 640EN +DTA;BATERIA EXIDE EFB 60AH 640EN +DTA;0;;
212;10280;EL604;10280;24.EL604;CATEGORIA0;;1;1;0;1;;BATERIA EXIDE EFB 60AH 520EN +DTA;BATERIA EXIDE EFB 60AH 520EN +DTA;0;;
212;10280;EL605;10280;24.EL605;CATEGORIA0;;1;1;0;1;;BATERIA EXIDE EFB 60AH 520EN +ESQ;BATERIA EXIDE EFB 60AH 520EN +ESQ;0;;
212;10280;EL652;10280;24.EL652;CATEGORIA0;;1;1;0;1;;BATERIA EXIDE EFB 65AH 650EN +DTA;BATERIA EXIDE EFB 65AH 650EN +DTA;0;;
212;10280;EL700;10280;24.EL700;CATEGORIA0;;1;1;0;1;;BATERIA EXIDE EFB 70AH 720EN +DTA;BATERIA EXIDE EFB 70AH 720EN +DTA;0;;
212;10280;EL752;10280;24.EL752;CATEGORIA0;;1;1;0;1;;BATERIA EXIDE EFB 75AH 730EN +DTA;BATERIA EXIDE EFB 75AH 730EN +DTA;0;;
212;10280;EL800;10280;24.EL800;CATEGORIA0;;1;1;0;1;;BATERIA EXIDE EFB 80AH 720EN +DTA;BATERIA EXIDE EFB 80AH 720EN +DTA;0;;
212;10280;EL954;10280;24.EL954;CATEGORIA0;;1;1;0;1;;BATERIA EXIDE EFB 95AH 800EN +DTA;BATERIA EXIDE EFB 95AH 800EN +DTA;0;;
212;10280;EL955;10280;24.EL955;CATEGORIA0;;1;1;0;1;;BATERIA EXIDE EFB 95AH 800EN +ESQ;BATERIA EXIDE EFB 95AH 800EN +ESQ;0;;
212;10280;EM960;10280;24.EM960;CATEGORIA0;;1;1;0;1;;BATERIA EXIDE AGM 100AH 800EN +ESQ.;BATERIA EXIDE AGM 100AH 800EN +ESQ.;0;;
212;10280;ES1600;10280;24.ES1600;CATEGORIA0;;1;1;0;1;;BATERIA EXIDE GEL 140AH 900EN;BATERIA EXIDE GEL 140AH 900EN;0;;
212;10280;ES2400;10280;24.ES2400;CATEGORIA0;;1;1;0;1;;BATERIA EXIDE GEL 210AH 1100EN;BATERIA EXIDE GEL 210AH 1100EN;0;;
212;10280;ES900;10280;24.ES900;CATEGORIA0;;1;1;0;1;;BATERIA EXIDE GEL 80AH 540EN;BATERIA EXIDE GEL 80AH 540EN;0;;
212;10280;ET950;10280;24.ET950;CATEGORIA0;;1;1;0;1;;BATERIA EXIDE  135AH 700EN;BATERIA EXIDE  135AH 700EN;0;;
212;10280;EX1803;10280;24.EX1803;CATEGORIA0;;1;1;0;1;;BATERIA EXIDE ENDURANCEPRO 180AH 1000EN +ESQ;BATERIA EXIDE ENDURANCEPRO 180AH 1000EN +ESQ;0;;
212;10280;EX2253;10280;24.EX2253;CATEGORIA0;;1;1;0;1;;BATERIA EXIDE ENDURANCEPRO 225AH 1100EN +ESQ;BATERIA EXIDE ENDURANCEPRO 225AH 1100EN +ESQ;0;;
212;10280;TB451;10280;26.TB451;CATEGORIA0;;1;1;0;1;;BATERIA TUDOR 45AH 350EN +ESQ.;BATERIA TUDOR 45AH 350EN +ESQ.;0;;
212;10280;TB712;10280;212.TB712;CATEGORIA0;;1;1;0;1;;BATERIA TUDOR 71AH 670EN +DTA BX.;BATERIA TUDOR 71AH 670EN +DTA BX.;0;;
212;10280;TB740;10280;212.TB740;CATEGORIA0;;1;1;0;1;;BATERIA TUDOR 74AH 680EN +DTA;BATERIA TUDOR 74AH 680EN +DTA;0;;
212;10280;TB802;10280;26.TB802;CATEGORIA0;;1;1;0;1;;BATERIA TUDOR 80AH 700EN +DTA;BATERIA TUDOR 80AH 700EN +DTA;0;;
212;10280;TB955;10280;212.TB955;CATEGORIA0;;1;1;0;1;;BATERIA TUDOR 95AH 720EN +ESQ;BATERIA TUDOR 95AH 720EN +ESQ;0;;
212;10280;TF1202;10280;212.TF1202;CATEGORIA0;;1;1;0;1;;BATERIA TUDOR 120AH 870EN +DRT;BATERIA TUDOR 120AH 870EN +DRT;0;;
212;10280;TF1853;10280;26.TF1853;CATEGORIA0;;1;1;0;1;;BATERIA TUDOR POWER 185AH 1150EN +ESQ;BATERIA TUDOR POWER 185AH 1150EN +ESQ;0;;
212;10280;TG1100;10280;24.TG1100;CATEGORIA0;;1;1;0;1;;BATERIA TUDOR STARTPRO  110AH 750EN +DTA.;BATERIA TUDOR STARTPRO  110AH 750EN +DTA.;0;;
212;10280;TG1101;10280;24.TG1101;CATEGORIA0;;1;1;0;1;;BATERIA TUDOR STARTPRO  110AH 750EN +ESQ;BATERIA TUDOR STARTPRO  110AH 750EN +ESQ;0;;
212;10280;TG1109;10280;24.TG1109;CATEGORIA0;;1;1;0;1;;BATERIA TUDOR STARTPRO  110AH 800EN +ESQ;BATERIA TUDOR STARTPRO  110AH 800EN +ESQ;0;;
212;10280;TG1403;10280;24.TG1403;CATEGORIA0;;1;1;0;1;;BATERIA TUDOR STARTPRO 140AH 800EN +ESQ;BATERIA TUDOR STARTPRO 140AH 800EN +ESQ;0;;
212;10280;TG1803;10280;26.TG1803;CATEGORIA0;;1;1;0;1;;BATERIA TUDOR STARTPRO  180AH 1000EN +ESQ;BATERIA TUDOR STARTPRO  180AH 1000EN +ESQ;0;;
212;10280;TG1806;10280;26.TG1806;CATEGORIA0;;1;1;0;1;;BATERIA TUDOR STARTPRO  180AH 1000EN +DTA;BATERIA TUDOR STARTPRO  180AH 1000EN +DTA;0;;
212;10280;TK151;10280;212.TK151;CATEGORIA0;;1;1;0;1;;BATERIA TUDOR 15AH;BATERIA TUDOR 15AH;0;;
212;10280;TL550;10280;212.TL550;CATEGORIA0;;1;1;0;1;;BATERIA TUDOR EFB 55AH 540EN + DTA.;BATERIA TUDOR EFB 55AH 540EN + DTA.;0;;
212;10280;TX2253;10280;26.TX2253;CATEGORIA0;;1;1;0;1;;BATERIA TUDOR ENDURANCEPRO EFB 225AH 1150EN +ESQ;BATERIA TUDOR ENDURANCEPRO EFB 225AH 1150EN +ESQ;0;;
214;0482;52401C;0482;52401C;CATEGORIA0;;1;1;0;1;;CORE CAIXA DIREÇÃO;CORE CAIXA DIREÇÃO;0;;
214;0482;C0700600019;0482;C0700600019;CATEGORIA0;;1;1;0;1;;CASCO CONVERSOR BINARIO;CASCO CONVERSOR BINARIO;0;;
214;0482;C0700600030;0482;C0700600030;CATEGORIA0;;1;1;0;1;;CASCO CONVERSOR BINARIO;CASCO CONVERSOR BINARIO;0;;
214;0482;C52420;0482;C52420;CATEGORIA0;;1;1;0;1;;CORE CAIXA DIREÇÃO;CORE CAIXA DIREÇÃO;0;;
214;0482;C54074;0482;C54074;CATEGORIA0;;1;1;0;1;;CASCO BOMBA DIREÇÃO;CASCO BOMBA DIREÇÃO;0;;
214;0482;CDRA0007;0482;CDRA0007;CATEGORIA0;;1;1;0;1;;CASCO ALTERNADOR;CASCO ALTERNADOR;0;;
214;0482;CDRA0008;0482;CDRA0008;CATEGORIA0;;1;1;0;1;;CASCO ALTERNADOR;CASCO ALTERNADOR;0;;
214;0482;CDRA0009;0482;CDRA0009;CATEGORIA0;;1;1;0;1;;CASCO ALTERNADOR;CASCO ALTERNADOR;0;;
214;0482;CDRA0091;0482;CDRA0091;CATEGORIA0;;1;1;0;1;;CASCO ALTERNADOR;CASCO ALTERNADOR;0;;
214;0482;CDRA0103;0482;CDRA0103;CATEGORIA0;;1;1;0;1;;CASCO ALTERNADOR;CASCO ALTERNADOR;0;;
214;0482;CDRA0104;0482;CDRA0104;CATEGORIA0;;1;1;0;1;;CASCO ALTERNADOR;CASCO ALTERNADOR;0;;
214;0482;CDRA0138;0482;CDRA0138;CATEGORIA0;;1;1;0;1;;CASCO ALTERNADOR;CASCO ALTERNADOR;0;;
214;0482;CDRA0289;0482;CDRA0289;CATEGORIA0;;1;1;0;1;;CASCO ALTERNADOR;CASCO ALTERNADOR;0;;
214;0482;CDRA0292;0482;CDRA0292;CATEGORIA0;;1;1;0;1;;CASCO ALTERNADOR;CASCO ALTERNADOR;0;;
214;0482;CDRA0339;0482;CDRA0339;CATEGORIA0;;1;1;0;1;;CASCO ALTERNADOR;CASCO ALTERNADOR;0;;
214;0482;CDRA0353;0482;CDRA0353;CATEGORIA0;;1;1;0;1;;CASCO ALTERNADOR;CASCO ALTERNADOR;0;;
214;0482;CDRA0478;0482;CDRA0478;CATEGORIA0;;1;1;0;1;;CASCO ALTERNADOR;CASCO ALTERNADOR;0;;
214;0482;CDRA0895;0482;CDRA0895;CATEGORIA0;;1;1;0;1;;CORE DE ALTERNADOR;CORE DE ALTERNADOR;0;;
214;0482;CDRA1691;0482;CDRA1691;CATEGORIA0;;1;1;0;1;;CASCO ALTERNADOR;CASCO ALTERNADOR;0;;
214;0482;CDRA2790;0482;CDRA2790;CATEGORIA0;;1;1;0;1;;CASCO ALTERNADOR;CASCO ALTERNADOR;0;;
214;0482;CDRA3086;0482;CDRA3086;CATEGORIA0;;1;1;0;1;;CASCO ALTERNADOR;CASCO ALTERNADOR;0;;
214;0482;CDRA3236;0482;CDRA3236;CATEGORIA0;;1;1;0;1;;CASCO ALTERNADOR;CASCO ALTERNADOR;0;;
214;0482;CDRA3243;0482;CDRA3243;CATEGORIA0;;1;1;0;1;;CASCO ALTERNADOR;CASCO ALTERNADOR;0;;
214;0482;CDRA3265;0482;CDRA3265;CATEGORIA0;;1;1;0;1;;CASCO ALTERNADOR;CASCO ALTERNADOR;0;;
214;0482;CDRA3267;0482;CDRA3267;CATEGORIA0;;1;1;0;1;;CASCO ALTERNADOR;CASCO ALTERNADOR;0;;
214;0482;CDRA3279;0482;CDRA3279;CATEGORIA0;;1;1;0;1;;CASCO ALTERNADOR;CASCO ALTERNADOR;0;;
214;0482;CDRA3296;0482;CDRA3296;CATEGORIA0;;1;1;0;1;;CASCO ALTERNADOR;CASCO ALTERNADOR;0;;
214;0482;CDRA3298;0482;CDRA3298;CATEGORIA0;;1;1;0;1;;CASCO ALTERNADOR;CASCO ALTERNADOR;0;;
214;0482;CDRA3353;0482;CDRA3353;CATEGORIA0;;1;1;0;1;;CASCO ALTERNADOR;CASCO ALTERNADOR;0;;
214;0482;CDRA3376;0482;CDRA3376;CATEGORIA0;;1;1;0;1;;CASCO ALTERNADOR;CASCO ALTERNADOR;0;;
214;0482;CDRA3406;0482;CDRA3406;CATEGORIA0;;1;1;0;1;;CASCO ALTERNADOR;CASCO ALTERNADOR;0;;
214;0482;CDRA3429;0482;CDRA3429;CATEGORIA0;;1;1;0;1;;CASCO ALTERNADOR;CASCO ALTERNADOR;0;;
214;0482;CDRA3518;0482;CDRA3518;CATEGORIA0;;1;1;0;1;;CASCO ALTERNADOR;CASCO ALTERNADOR;0;;
214;0482;CDRA3545;0482;CDRA3545;CATEGORIA0;;1;1;0;1;;CASCO ALTERNADOR;CASCO ALTERNADOR;0;;
214;0482;CDRA3653;0482;CDRA3653;CATEGORIA0;;1;1;0;1;;CASCO ALTERNADOR;CASCO ALTERNADOR;0;;
214;0482;CDRA3663;0482;CDRA3663;CATEGORIA0;;1;1;0;1;;CASCO ALTERNADOR;CASCO ALTERNADOR;0;;
214;0482;CDRA3673;0482;CDRA3673;CATEGORIA0;;1;1;0;1;;CASCO ALTERNADOR;CASCO ALTERNADOR;0;;
214;0482;CDRA3676;0482;CDRA3676;CATEGORIA0;;1;1;0;1;;CORE MOTOR DE ARRANQUE;CORE MOTOR DE ARRANQUE;0;;
214;0482;CDRA3706;0482;CDRA3706;CATEGORIA0;;1;1;0;1;;CASCO ALTERNADOR;CASCO ALTERNADOR;0;;
214;0482;CDRA3714;0482;CDRA3714;CATEGORIA0;;1;1;0;1;;CASCO ALTERNADOR;CASCO ALTERNADOR;0;;
214;0482;CDRA3717;0482;CDRA3717;CATEGORIA0;;1;1;0;1;;CASCO ALTERNADOR;CASCO ALTERNADOR;0;;
214;0482;CDRA3719;0482;CDRA3719;CATEGORIA0;;1;1;0;1;;CASCO ALTERNADOR;CASCO ALTERNADOR;0;;
214;0482;CDRA3728;0482;CDRA3728;CATEGORIA0;;1;1;0;1;;CASCO ALTERNADOR;CASCO ALTERNADOR;0;;
214;0482;CDRA3740;0482;CDRA3740;CATEGORIA0;;1;1;0;1;;CASCO ALTERNADOR;CASCO ALTERNADOR;0;;
214;0482;CDRA3745;0482;CDRA3745;CATEGORIA0;;1;1;0;1;;CASCO ALTERNADOR;CASCO ALTERNADOR;0;;
214;0482;CDRA3754;0482;CDRA3754;CATEGORIA0;;1;1;0;1;;CASCO ALTERNADOR;CASCO ALTERNADOR;0;;
214;0482;CDRA3755;0482;CDRA3755;CATEGORIA0;;1;1;0;1;;CASCO ALTERNADOR;CASCO ALTERNADOR;0;;
214;0482;CDRA3777;0482;CDRA3777;CATEGORIA0;;1;1;0;1;;CASCO ALTERNADOR;CASCO ALTERNADOR;0;;
214;0482;CDRA3794;0482;CDRA3794;CATEGORIA0;;1;1;0;1;;CASCO ALTERNADOR;CASCO ALTERNADOR;0;;
214;0482;CDRA3808;0482;CDRA3808;CATEGORIA0;;1;1;0;1;;CASCO ALTERNADOR;CASCO ALTERNADOR;0;;
214;0482;CDRA3830;0482;CDRA3830;CATEGORIA0;;1;1;0;1;;CASCO ALTERNADOR;CASCO ALTERNADOR;0;;
214;0482;CDRA3914;0482;CDRA3914;CATEGORIA0;;1;1;0;1;;CORE ALTERNADOR;CORE ALTERNADOR;0;;
214;0482;CDRA3924;0482;CDRA3924;CATEGORIA0;;1;1;0;1;;CASCO ALTERNADOR;CASCO ALTERNADOR;0;;
214;0482;CDRA3953;0482;CDRA3953;CATEGORIA0;;1;1;0;1;;CASCO ALTERNADOR;CASCO ALTERNADOR;0;;
214;0482;CDRA4035;0482;CDRA4035;CATEGORIA0;;1;1;0;1;;CASCO ALTERNADOR;CASCO ALTERNADOR;0;;
214;0482;CDRA4068;0482;CDRA4068;CATEGORIA0;;1;1;0;1;;CASCO ALTERNADOR;CASCO ALTERNADOR;0;;
214;0482;CDRA4075;0482;CDRA4075;CATEGORIA0;;1;1;0;1;;CASCO ALTERNADOR;CASCO ALTERNADOR;0;;
214;0482;CDRA4099;0482;CDRA4099;CATEGORIA0;;1;1;0;1;;CASCO ALTERNADOR;CASCO ALTERNADOR;0;;
214;0482;CDRA4128;0482;CDRA4128;CATEGORIA0;;1;1;0;1;;CASCO ALTERNADOR;CASCO ALTERNADOR;0;;
214;0482;CDRA4144;0482;CDRA4144;CATEGORIA0;;1;1;0;1;;CASCO ALTERNADOR;CASCO ALTERNADOR;0;;
214;0482;CDRA4174;0482;CDRA4174;CATEGORIA0;;1;1;0;1;;CASCO ALTERNADOR;CASCO ALTERNADOR;0;;
214;0482;CDRA4214;0482;CDRA4214;CATEGORIA0;;1;1;0;1;;CASCO ALTERNADOR;CASCO ALTERNADOR;0;;
214;0482;CDRA4228;0482;CDRA4228;CATEGORIA0;;1;1;0;1;;CASCO ALTERNADOR;CASCO ALTERNADOR;0;;
214;0482;CDRA4236;0482;CDRA4236;CATEGORIA0;;1;1;0;1;;CASCO ALTERNADOR;CASCO ALTERNADOR;0;;
214;0482;CDRA4239;0482;CDRA4239;CATEGORIA0;;1;1;0;1;;CASCO ALTERNADOR;CASCO ALTERNADOR;0;;
214;0482;CDRA4244;0482;CDRA4244;CATEGORIA0;;1;1;0;1;;CASCO ALTERNADOR;CASCO ALTERNADOR;0;;
214;0482;CDRA4255;0482;CDRA4255;CATEGORIA0;;1;1;0;1;;CASCO ALTERNADOR;CASCO ALTERNADOR;0;;
214;0482;CDRA4265;0482;CDRA4265;CATEGORIA0;;1;1;0;1;;CASCO ALTERNADOR;CASCO ALTERNADOR;0;;
214;0482;CDRA4470;0482;CDRA4470;CATEGORIA0;;1;1;0;1;;CASCO ALTERNADOR;CASCO ALTERNADOR;0;;
214;0482;CDRA4740;0482;CDRA4740;CATEGORIA0;;1;1;0;1;;CASCO ALTERNADOR;CASCO ALTERNADOR;0;;
214;0482;CDRA4841;0482;CDRA4841;CATEGORIA0;;1;1;0;1;;CASCO ALTERNADOR;CASCO ALTERNADOR;0;;
214;0482;CDRA5700;0482;CDRA5700;CATEGORIA0;;1;1;0;1;;CASCO ALTERNADOR;CASCO ALTERNADOR;0;;
214;0482;CDRA6010;0482;CDRA6010;CATEGORIA0;;1;1;0;1;;CASCO ALTERNADOR;CASCO ALTERNADOR;0;;
214;0482;CDRA6540;0482;CDRA6540;CATEGORIA0;;1;1;0;1;;CASCO ALTERNADOR;CASCO ALTERNADOR;0;;
214;0482;CDRA7311;0482;CDRA7311;CATEGORIA0;;1;1;0;1;;CASCO ALTERNADOR;CASCO ALTERNADOR;0;;
214;0482;CDRA8100;0482;CDRA8100;CATEGORIA0;;1;1;0;1;;CASCO ALTERNADOR;CASCO ALTERNADOR;0;;
214;0482;CDRA9230;0482;CDRA9230;CATEGORIA0;;1;1;0;1;;CASCO ALTERNADOR;CASCO ALTERNADOR;0;;
214;0482;CDRA9760;0482;CDRA9760;CATEGORIA0;;1;1;0;1;;CASCO ALTERNADOR;CASCO ALTERNADOR;0;;
214;0482;CDRA9831;0482;CDRA9831;CATEGORIA0;;1;1;0;1;;CASCO ALTERNADOR;CASCO ALTERNADOR;0;;
214;0482;CDRB0180;0482;CDRB0180;CATEGORIA0;;1;1;0;1;;CASCO ALTERNADOR;CASCO ALTERNADOR;0;;
214;0482;CDRB0201;0482;CDRB0201;CATEGORIA0;;1;1;0;1;;CASCO ALTERNADOR;CASCO ALTERNADOR;0;;
214;0482;CDRB0211;0482;CDRB0211;CATEGORIA0;;1;1;0;1;;CASCO ALTERNADOR;CASCO ALTERNADOR;0;;
214;0482;CDRB0231;0482;CDRB0231;CATEGORIA0;;1;1;0;1;;CASCO ALTERNADOR;CASCO ALTERNADOR;0;;
214;0482;CDRB0350;0482;CDRB0350;CATEGORIA0;;1;1;0;1;;CASCO ALTERNADOR;CASCO ALTERNADOR;0;;
214;0482;CDRB1010;0482;CDRB1010;CATEGORIA0;;1;1;0;1;;CASCO ALTERNADOR;CASCO ALTERNADOR;0;;
214;0482;CDRB1490;0482;CDRB1490;CATEGORIA0;;1;1;0;1;;CASCO ALTERNADOR;CASCO ALTERNADOR;0;;
214;0482;CDRB1860;0482;CDRB1860;CATEGORIA0;;1;1;0;1;;CASCO ALTERNADOR;CASCO ALTERNADOR;0;;
214;0482;CDRB1870;0482;CDRB1870;CATEGORIA0;;1;1;0;1;;CASCO ALTERNADOR;CASCO ALTERNADOR;0;;
214;0482;CDRB2700;0482;CDRB2700;CATEGORIA0;;1;1;0;1;;CASCO ALTERNADOR;CASCO ALTERNADOR;0;;
214;0482;CDRB2750;0482;CDRB2750;CATEGORIA0;;1;1;0;1;;CASCO ALTERNADOR;CASCO ALTERNADOR;0;;
214;0482;CDRB3660;0482;CDRB3660;CATEGORIA0;;1;1;0;1;;CASCO ALTERNADOR;CASCO ALTERNADOR;0;;
214;0482;CDRB4490;0482;CDRB4490;CATEGORIA0;;1;1;0;1;;CASCO ALTERNADOR;CASCO ALTERNADOR;0;;
214;0482;CDRB5340;0482;CDRB5340;CATEGORIA0;;1;1;0;1;;CASCO ALTERNADOR;CASCO ALTERNADOR;0;;
214;0482;CDRB6260;0482;CDRB6260;CATEGORIA0;;1;1;0;1;;CASCO ALTERNADOR;CASCO ALTERNADOR;0;;
214;0482;CDRB7220;0482;CDRB7220;CATEGORIA0;;1;1;0;1;;CASCO ALTERNADOR;CASCO ALTERNADOR;0;;
214;0482;CDRB8380;0482;CDRB8380;CATEGORIA0;;1;1;0;1;;CASCO ALTERNADOR;CASCO ALTERNADOR;0;;
214;0482;CDRS0040;0482;CDRS0040;CATEGORIA0;;1;1;0;1;;CASCO MOTOR ARRANQUE;CASCO MOTOR ARRANQUE;0;;
214;0482;CDRS0063;0482;CDRS0063;CATEGORIA0;;1;1;0;1;;CASCO MOTOR ARRANQUE;CASCO MOTOR ARRANQUE;0;;
214;0482;CDRS0113;0482;CDRS0113;CATEGORIA0;;1;1;0;1;;CASCO MOTOR ARRANQUE;CASCO MOTOR ARRANQUE;0;;
214;0482;CDRS0123;0482;CDRS0123;CATEGORIA0;;1;1;0;1;;CASCO MOTOR ARRANQUE;CASCO MOTOR ARRANQUE;0;;
214;0482;CDRS0126;0482;CDRS0126;CATEGORIA0;;1;1;0;1;;CORE M/ ARRANQUE;CORE M/ ARRANQUE;0;;
214;0482;CDRS0174;0482;CDRS0174;CATEGORIA0;;1;1;0;1;;CASCO MOTOR ARRANQUE;CASCO MOTOR ARRANQUE;0;;
214;0482;CDRS0214;0482;CDRS0214;CATEGORIA0;;1;1;0;1;;CASCO MOTOR ARRANQUE;CASCO MOTOR ARRANQUE;0;;
214;0482;CDRS0288;0482;CDRS0288;CATEGORIA0;;1;1;0;1;;CORE DE MOTOR DE ARRANQUE;CORE DE MOTOR DE ARRANQUE;0;;
214;0482;CDRS0628;0482;CDRS0628;CATEGORIA0;;1;1;0;1;;CORE DE MOTOR DE ARRANQUE;CORE DE MOTOR DE ARRANQUE;0;;
214;0482;CDRS1651;0482;CDRS1651;CATEGORIA0;;1;1;0;1;;CASCO MOTOR ARRANQUE;CASCO MOTOR ARRANQUE;0;;
214;0482;CDRS2291;0482;CDRS2291;CATEGORIA0;;1;1;0;1;;CASCO MOTOR ARRANQUE;CASCO MOTOR ARRANQUE;0;;
214;0482;CDRS2340;0482;CDRS2340;CATEGORIA0;;1;1;0;1;;CASCO MOTOR ARRANQUE;CASCO MOTOR ARRANQUE;0;;
214;0482;CDRS2380;0482;CDRS2380;CATEGORIA0;;1;1;0;1;;CASCO MOTOR ARRANQUE;CASCO MOTOR ARRANQUE;0;;
214;0482;CDRS3018;0482;CDRS3018;CATEGORIA0;;1;1;0;1;;CASCO MOTOR ARRANQUE;CASCO MOTOR ARRANQUE;0;;
214;0482;CDRS3024;0482;CDRS3024;CATEGORIA0;;1;1;0;1;;CASCO M/ARRANQUE;CASCO M/ARRANQUE;0;;
214;0482;CDRS3036;0482;CDRS3036;CATEGORIA0;;1;1;0;1;;CASCO MOTOR ARRANQUE;CASCO MOTOR ARRANQUE;0;;
214;0482;CDRS3045;0482;CDRS3045;CATEGORIA0;;1;1;0;1;;CASCO MOTOR ARRANQUE;CASCO MOTOR ARRANQUE;0;;
214;0482;CDRS3050;0482;CDRS3050;CATEGORIA0;;1;1;0;1;;CASCO MOTOR ARRANQUE;CASCO MOTOR ARRANQUE;0;;
214;0482;CDRS3080;0482;CDRS3080;CATEGORIA0;;1;1;0;1;;CASCO MOTOR ARRANQUE;CASCO MOTOR ARRANQUE;0;;
214;0482;CDRS3107;0482;CDRS3107;CATEGORIA0;;1;1;0;1;;CASCO MOTOR ARRANQUE;CASCO MOTOR ARRANQUE;0;;
214;0482;CDRS3108;0482;CDRS3108;CATEGORIA0;;1;1;0;1;;CASCO MOTOR ARRANQUE;CASCO MOTOR ARRANQUE;0;;
214;0482;CDRS3117;0482;CDRS3117;CATEGORIA0;;1;1;0;1;;CASCO MOTOR ARRANQUE;CASCO MOTOR ARRANQUE;0;;
214;0482;CDRS3165;0482;CDRS3165;CATEGORIA0;;1;1;0;1;;CASCO MOTOR ARRANQUE;CASCO MOTOR ARRANQUE;0;;
214;0482;CDRS3202;0482;CDRS3202;CATEGORIA0;;1;1;0;1;;CASCO MOTOR ARRANQUE;CASCO MOTOR ARRANQUE;0;;
214;0482;CDRS3216;0482;CDRS3216;CATEGORIA0;;1;1;0;1;;CASCO MOTOR ARRANQUE;CASCO MOTOR ARRANQUE;0;;
214;0482;CDRS3240;0482;CDRS3240;CATEGORIA0;;1;1;0;1;;CASCO MOTOR ARRANQUE;CASCO MOTOR ARRANQUE;0;;
214;0482;CDRS3267;0482;CDRS3267;CATEGORIA0;;1;1;0;1;;CASCO MOTOR ARRANQUE;CASCO MOTOR ARRANQUE;0;;
214;0482;CDRS3268;0482;CDRS3268;CATEGORIA0;;1;1;0;1;;CASCO MOTOR ARRANQUE;CASCO MOTOR ARRANQUE;0;;
214;0482;CDRS3274;0482;CDRS3274;CATEGORIA0;;1;1;0;1;;CASCO MOTOR ARRANQUE;CASCO MOTOR ARRANQUE;0;;
214;0482;CDRS3314;0482;CDRS3314;CATEGORIA0;;1;1;0;1;;CASCO MOTOR ARRANQUE;CASCO MOTOR ARRANQUE;0;;
214;0482;CDRS3394;0482;CDRS3394;CATEGORIA0;;1;1;0;1;;CASCO MOTOR ARRANQUE;CASCO MOTOR ARRANQUE;0;;
214;0482;CDRS3545;0482;CDRS3545;CATEGORIA0;;1;1;0;1;;CASCO MOTOR ARRANQUE;CASCO MOTOR ARRANQUE;0;;
214;0482;CDRS3555;0482;CDRS3555;CATEGORIA0;;1;1;0;1;;CORE MOTOR ARRANQUE;CORE MOTOR ARRANQUE;0;;
214;0482;CDRS3590;0482;CDRS3590;CATEGORIA0;;1;1;0;1;;CASCO MOTOR ARRANQUE;CASCO MOTOR ARRANQUE;0;;
214;0482;CDRS3617;0482;CDRS3617;CATEGORIA0;;1;1;0;1;;CASCO MOTOR ARRANQUE;CASCO MOTOR ARRANQUE;0;;
214;0482;CDRS3624;0482;CDRS3624;CATEGORIA0;;1;1;0;1;;CASCO MOTOR ARRANQUE;CASCO MOTOR ARRANQUE;0;;
214;0482;CDRS3636;0482;CDRS3636;CATEGORIA0;;1;1;0;1;;CASCO M/ ARRANQUE;CASCO M/ ARRANQUE;0;;
214;0482;CDRS3676;0482;CDRS3676;CATEGORIA0;;1;1;0;1;;CASCO ALTERNANDOR;CASCO ALTERNANDOR;0;;
214;0482;CDRS3679;0482;CDRS3679;CATEGORIA0;;1;1;0;1;;CASCO MOTOR ARRANQUE;CASCO MOTOR ARRANQUE;0;;
214;0482;CDRS3689;0482;CDRS3689;CATEGORIA0;;1;1;0;1;;CASCO MOTOR ARRANQUE;CASCO MOTOR ARRANQUE;0;;
214;0482;CDRS3738;0482;CDRS3738;CATEGORIA0;;1;1;0;1;;CASCO MOTOR ARRANQUE;CASCO MOTOR ARRANQUE;0;;
214;0482;CDRS3739;0482;CDRS3739;CATEGORIA0;;1;1;0;1;;CASCO MOTOR ARRANQUE;CASCO MOTOR ARRANQUE;0;;
214;0482;CDRS3743;0482;CDRS3743;CATEGORIA0;;1;1;0;1;;CASCO MOTOR ARRANQUE;CASCO MOTOR ARRANQUE;0;;
214;0482;CDRS3747;0482;CDRS3747;CATEGORIA0;;1;1;0;1;;CASCO M/ ARRANQUE;CASCO M/ ARRANQUE;0;;
214;0482;CDRS3778;0482;CDRS3778;CATEGORIA0;;1;1;0;1;;CASCO MOTOR ARRANQUE;CASCO MOTOR ARRANQUE;0;;
214;0482;CDRS3816;0482;CDRS3816;CATEGORIA0;;1;1;0;1;;CASCO MOTOR ARRANQUE;CASCO MOTOR ARRANQUE;0;;
214;0482;CDRS3819;0482;CDRS3819;CATEGORIA0;;1;1;0;1;;CASCO MOTOR ARRANQUE;CASCO MOTOR ARRANQUE;0;;
214;0482;CDRS3850;0482;CDRS3850;CATEGORIA0;;1;1;0;1;;CASCO MOTOR ARRANQUE;CASCO MOTOR ARRANQUE;0;;
214;0482;CDRS3863;0482;CDRS3863;CATEGORIA0;;1;1;0;1;;CASCO MOTOR ARRANQUE;CASCO MOTOR ARRANQUE;0;;
214;0482;CDRS3877;0482;CDRS3877;CATEGORIA0;;1;1;0;1;;CASCO MOTOR ARRANQUE;CASCO MOTOR ARRANQUE;0;;
214;0482;CDRS3878;0482;CDRS3878;CATEGORIA0;;1;1;0;1;;CASCO MOTOR ARRANQUE;CASCO MOTOR ARRANQUE;0;;
214;0482;CDRS3903;0482;CDRS3903;CATEGORIA0;;1;1;0;1;;CASCO MOTOR ARRANQUE;CASCO MOTOR ARRANQUE;0;;
214;0482;CDRS3929;0482;CDRS3929;CATEGORIA0;;1;1;0;1;;CASCO MOTOR ARRANQUE;CASCO MOTOR ARRANQUE;0;;
214;0482;CDRS3948;0482;CDRS3948;CATEGORIA0;;1;1;0;1;;CASCO M/ ARRANQUE;CASCO M/ ARRANQUE;0;;
214;0482;CDRS3957;0482;CDRS3957;CATEGORIA0;;1;1;0;1;;CORE DE MOTOR DE ARRANQUE;CORE DE MOTOR DE ARRANQUE;0;;
214;0482;CDRS3958;0482;CDRS3958;CATEGORIA0;;1;1;0;1;;CASCO MOTOR ARRANQUE;CASCO MOTOR ARRANQUE;0;;
214;0482;CDRS3985;0482;CDRS3985;CATEGORIA0;;1;1;0;1;;CASCO MOTOR ARRANQUE;CASCO MOTOR ARRANQUE;0;;
214;0482;CDRS3988;0482;CDRS3988;CATEGORIA0;;1;1;0;1;;CORE DE MOTOR DE ARRANQUE;CORE DE MOTOR DE ARRANQUE;0;;
214;0482;CDRS4151;0482;CDRS4151;CATEGORIA0;;1;1;0;1;;CASCO MOTOR ARRANQUE;CASCO MOTOR ARRANQUE;0;;
214;0482;CDRS4590;0482;CDRS4590;CATEGORIA0;;1;1;0;1;;CASCO MOTOR ARRANQUE;CASCO MOTOR ARRANQUE;0;;
214;0482;CDRS4620;0482;CDRS4620;CATEGORIA0;;1;1;0;1;;CASCO MOTOR ARRANQUE;CASCO MOTOR ARRANQUE;0;;
214;0482;CDRS4900;0482;CDRS4900;CATEGORIA0;;1;1;0;1;;CASCO MOTOR ARRANQUE;CASCO MOTOR ARRANQUE;0;;
214;0482;CDRS5970;0482;CDRS5970;CATEGORIA0;;1;1;0;1;;CASCO MOTOR ARRANQUE;CASCO MOTOR ARRANQUE;0;;
214;0482;CDRS6021;0482;CDRS6021;CATEGORIA0;;1;1;0;1;;CASCO MOTOR ARRANQUE;CASCO MOTOR ARRANQUE;0;;
214;0482;CDRS6310;0482;CDRS6310;CATEGORIA0;;1;1;0;1;;CASCO MOTOR ARRANQUE;CASCO MOTOR ARRANQUE;0;;
214;0482;CDRS6330;0482;CDRS6330;CATEGORIA0;;1;1;0;1;;CORE MOTOR DE ARRANQUE;CORE MOTOR DE ARRANQUE;0;;
214;0482;CDRS6340;0482;CDRS6340;CATEGORIA0;;1;1;0;1;;CASCO MOTOR ARRANQUE;CASCO MOTOR ARRANQUE;0;;
214;0482;CDRS6570;0482;CDRS6570;CATEGORIA0;;1;1;0;1;;CASCO MOTOR ARRANQUE;CASCO MOTOR ARRANQUE;0;;
214;0482;CDRS6790;0482;CDRS6790;CATEGORIA0;;1;1;0;1;;CASCO MOTOR ARRANQUE;CASCO MOTOR ARRANQUE;0;;
214;0482;CDRS6870;0482;CDRS6870;CATEGORIA0;;1;1;0;1;;CASCO MOTOR ARRANQUE;CASCO MOTOR ARRANQUE;0;;
214;0482;CDRS6980;0482;CDRS6980;CATEGORIA0;;1;1;0;1;;CASCO MOTOR ARRANQUE;CASCO MOTOR ARRANQUE;0;;
214;0482;CDRS7000;0482;CDRS7000;CATEGORIA0;;1;1;0;1;;CASCO MOTOR ARRANQUE;CASCO MOTOR ARRANQUE;0;;
214;0482;CDRS7120;0482;CDRS7120;CATEGORIA0;;1;1;0;1;;CASCO MOTOR ARRANQUE;CASCO MOTOR ARRANQUE;0;;
214;0482;CDRS7180;0482;CDRS7180;CATEGORIA0;;1;1;0;1;;CASCO MOTOR ARRANQUE;CASCO MOTOR ARRANQUE;0;;
214;0482;CDRS7260;0482;CDRS7260;CATEGORIA0;;1;1;0;1;;CASCO MOTOR ARRANQUE;CASCO MOTOR ARRANQUE;0;;
214;0482;CDRS7300;0482;CDRS7300;CATEGORIA0;;1;1;0;1;;CASCO MOTOR ARRANQUE;CASCO MOTOR ARRANQUE;0;;
214;0482;CDRS7420;0482;CDRS7420;CATEGORIA0;;1;1;0;1;;CASCO MOTOR ARRANQUE;CASCO MOTOR ARRANQUE;0;;
214;0482;CDRS7460;0482;CDRS7460;CATEGORIA0;;1;1;0;1;;CASCO MOTOR ARRANQUE;CASCO MOTOR ARRANQUE;0;;
214;0482;CDRS7840;0482;CDRS7840;CATEGORIA0;;1;1;0;1;;CASCO MOTOR ARRANQUE;CASCO MOTOR ARRANQUE;0;;
214;0482;CDRS8110;0482;CDRS8110;CATEGORIA0;;1;1;0;1;;CASCO MOTOR ARRANQUE;CASCO MOTOR ARRANQUE;0;;
214;0482;CDRS8180;0482;CDRS8180;CATEGORIA0;;1;1;0;1;;CASCO MOTOR ARRANQUE;CASCO MOTOR ARRANQUE;0;;
214;0482;CDRS8310;0482;CDRS8310;CATEGORIA0;;1;1;0;1;;CASCO MOTOR ARRANQUE;CASCO MOTOR ARRANQUE;0;;
214;0482;CDRS8571;0482;CDRS8571;CATEGORIA0;;1;1;0;1;;CASCO MOTOR ARRANQUE;CASCO MOTOR ARRANQUE;0;;
214;0482;CDRS8950;0482;CDRS8950;CATEGORIA0;;1;1;0;1;;CASCO MOTOR ARRANQUE;CASCO MOTOR ARRANQUE;0;;
214;0482;CDRS8960;0482;CDRS8960;CATEGORIA0;;1;1;0;1;;CASCO MOTOR ARRANQUE;CASCO MOTOR ARRANQUE;0;;
214;0482;CDRT0250;0482;CDRT0250;CATEGORIA0;;1;1;0;1;;CASCO MOTOR ARRANQUE;CASCO MOTOR ARRANQUE;0;;
214;0482;CDRT0260;0482;CDRT0260;CATEGORIA0;;1;1;0;1;;CASCO MOTOR ARRANQUE;CASCO MOTOR ARRANQUE;0;;
214;0482;CDRT0300;0482;CDRT0300;CATEGORIA0;;1;1;0;1;;CASCO MOTOR ARRANQUE;CASCO MOTOR ARRANQUE;0;;
214;0482;CDRT1240;0482;CDRT1240;CATEGORIA0;;1;1;0;1;;CASCO MOTOR ARRANQUE;CASCO MOTOR ARRANQUE;0;;
214;0482;CDRT1810;0482;CDRT1810;CATEGORIA0;;1;1;0;1;;CASCO MOTOR ARRANQUE;CASCO MOTOR ARRANQUE;0;;
214;0482;CDRT1820;0482;CDRT1820;CATEGORIA0;;1;1;0;1;;CASCO MOTOR ARRANQUE;CASCO MOTOR ARRANQUE;0;;
214;0482;CDRT2870;0482;CDRT2870;CATEGORIA0;;1;1;0;1;;CASCO M/ ARRANQUE;CASCO M/ ARRANQUE;0;;
214;0482;CDSP015;0482;CDSP015;CATEGORIA0;;1;1;0;1;;CASCO BOMBA DIREÇÃO;CASCO BOMBA DIREÇÃO;0;;
214;0482;CDSP0280;0482;CDSP0280;CATEGORIA0;;1;1;0;1;;CORE BOMBA DIREÇÃO;CORE BOMBA DIREÇÃO;0;;
214;0482;CDSP1018;0482;CDSP1018;CATEGORIA0;;1;1;0;1;;CASCO BOMBA DIREÇÃO;CASCO BOMBA DIREÇÃO;0;;
214;0482;CDSP1028;0482;CDSP1028;CATEGORIA0;;1;1;0;1;;CORE DE BOMBA DE DIREÇÃO;CORE DE BOMBA DE DIREÇÃO;0;;
214;0482;CDSP105;0482;CDSP105;CATEGORIA0;;1;1;0;1;;CASCO BOMBA DIREÇÃO;CASCO BOMBA DIREÇÃO;0;;
214;0482;CDSP1157;0482;CDSP1157;CATEGORIA0;;1;1;0;1;;CASCO BOMBA DIREÇÃO;CASCO BOMBA DIREÇÃO;0;;
214;0482;CDSP1225;0482;CDSP1225;CATEGORIA0;;1;1;0;1;;CORE BOMBA DE DIREÇÃO;CORE BOMBA DE DIREÇÃO;0;;
214;0482;CDSP1228;0482;CDSP1228;CATEGORIA0;;1;1;0;1;;CORE BOMBA DIREC.;CORE BOMBA DIREC.;0;;
214;0482;CDSP1229;0482;CDSP1229;CATEGORIA0;;1;1;0;1;;CASCO BOMBA DIREÇÃO;CASCO BOMBA DIREÇÃO;0;;
214;0482;CDSP1264;0482;CDSP1264;CATEGORIA0;;1;1;0;1;;CASCO BOMBA DIREÇÃO;CASCO BOMBA DIREÇÃO;0;;
214;0482;CDSP1276;0482;CDSP1276;CATEGORIA0;;1;1;0;1;;CASCO BOMBA DIREÇÃO;CASCO BOMBA DIREÇÃO;0;;
214;0482;CDSP1320;0482;CDSP1320;CATEGORIA0;;1;1;0;1;;CASCO BOMBA DIREÇÃO;CASCO BOMBA DIREÇÃO;0;;
214;0482;CDSP1507;0482;CDSP1507;CATEGORIA0;;1;1;0;1;;CORE BOMBA DIREÇÃO;CORE BOMBA DIREÇÃO;0;;
214;0482;CDSP152;0482;CDSP152;CATEGORIA0;;1;1;0;1;;CASCO BOMBA DIREÇÃO;CASCO BOMBA DIREÇÃO;0;;
214;0482;CDSP1609;0482;CDSP1609;CATEGORIA0;;1;1;0;1;;CASCO BOMBA DIREÇÃO;CASCO BOMBA DIREÇÃO;0;;
214;0482;CDSP1612;0482;CDSP1612;CATEGORIA0;;1;1;0;1;;CASCO BOMBA DIREÇÃO;CASCO BOMBA DIREÇÃO;0;;
214;0482;CDSP192;0482;CDSP192;CATEGORIA0;;1;1;0;1;;CASCO BOMBA DIREÇÃO;CASCO BOMBA DIREÇÃO;0;;
214;0482;CDSP368;0482;CDSP368;CATEGORIA0;;1;1;0;1;;CASCO BOMBA DIREÇÃO;CASCO BOMBA DIREÇÃO;0;;
214;0482;CDSP372;0482;CDSP372;CATEGORIA0;;1;1;0;1;;CASCO BOMBA DIREÇÃO;CASCO BOMBA DIREÇÃO;0;;
214;0482;CDSP385;0482;CDSP385;CATEGORIA0;;1;1;0;1;;CORE DE BOMBA DE DIREÇÃO;CORE DE BOMBA DE DIREÇÃO;0;;
214;0482;CDSP386;0482;CDSP386;CATEGORIA0;;1;1;0;1;;CORE BOMBA DIREÇÃO;CORE BOMBA DIREÇÃO;0;;
214;0482;CDSP417;0482;CDSP417;CATEGORIA0;;1;1;0;1;;CASCO BOMBA DIREÇÃO;CASCO BOMBA DIREÇÃO;0;;
214;0482;CDSP438;0482;CDSP438;CATEGORIA0;;1;1;0;1;;CASCO BOMBA DIREÇÃO;CASCO BOMBA DIREÇÃO;0;;
214;0482;CDSP490;0482;CDSP490;CATEGORIA0;;1;1;0;1;;CASCO BOMBA DIREÇÃO;CASCO BOMBA DIREÇÃO;0;;
214;0482;CDSP5235;0482;CDSP5235;CATEGORIA0;;1;1;0;1;;CORE DE BOMBA DE DIREÇÃO;CORE DE BOMBA DE DIREÇÃO;0;;
214;0482;CDSP610;0482;CDSP610;CATEGORIA0;;1;1;0;1;;CASCO BOMBA DIREÇÃO;CASCO BOMBA DIREÇÃO;0;;
214;0482;CDSP706;0482;CDSP706;CATEGORIA0;;1;1;0;1;;CORE DE BOMBA DE DIREÇÃO;CORE DE BOMBA DE DIREÇÃO;0;;
214;0482;CDSP736;0482;CDSP736;CATEGORIA0;;1;1;0;1;;CORE DE BOMBA DE DIREÇÃO;CORE DE BOMBA DE DIREÇÃO;0;;
214;0482;CDSP737;0482;CDSP737;CATEGORIA0;;1;1;0;1;;CORE DE BOMBA DE DIREÇÃO;CORE DE BOMBA DE DIREÇÃO;0;;
214;0482;CDSP774;0482;CDSP774;CATEGORIA0;;1;1;0;1;;CASCO BOMBA DIREÇÃO;CASCO BOMBA DIREÇÃO;0;;
214;0482;CDSPA3P;0482;CDSPA3P;CATEGORIA0;;1;1;0;1;;CASCO BOMBA DIREÇÃO;CASCO BOMBA DIREÇÃO;0;;
214;0482;CDSR1181L;0482;CDSR1181L;CATEGORIA0;;1;1;0;1;;CASCO CAIXA DIREÇÃO;CASCO CAIXA DIREÇÃO;0;;
214;0482;CDSR1200L;0482;CDSR1200L;CATEGORIA0;;1;1;0;1;;CASCO CAIXA DIREÇÃO;CASCO CAIXA DIREÇÃO;0;;
214;0482;CDSR1300L;0482;CDSR1300L;CATEGORIA0;;1;1;0;1;;CORE DE CAIXA DE DIREÇÃO;CORE DE CAIXA DE DIREÇÃO;0;;
214;0482;CDSR1368L;0482;CDSR1368L;CATEGORIA0;;1;1;0;1;;CASCO CAIXA DIREÇÃO;CASCO CAIXA DIREÇÃO;0;;
214;0482;CDSR1378L;0482;CDSR1378L;CATEGORIA0;;1;1;0;1;;CORE CX. DIREÇÃO;CORE CX. DIREÇÃO;0;;
214;0482;CDSR1417L;0482;CDSR1417L;CATEGORIA0;;1;1;0;1;;CORE CAIXA DE DIREÇÃO;CORE CAIXA DE DIREÇÃO;0;;
214;0482;CDSR1420L;0482;CDSR1420L;CATEGORIA0;;1;1;0;1;;CASCO CAIXA DIREÇÃO;CASCO CAIXA DIREÇÃO;0;;
214;0482;CDSR1568L;0482;CDSR1568L;CATEGORIA0;;1;1;0;1;;CASCO CAIXA DIREÇÃO;CASCO CAIXA DIREÇÃO;0;;
214;0482;CDSR1641L;0482;CDSR1641L;CATEGORIA0;;1;1;0;1;;CORE DE CAIXA DE DIREÇÃO;CORE DE CAIXA DE DIREÇÃO;0;;
214;0482;CDSR1647L;0482;CDSR1647L;CATEGORIA0;;1;1;0;1;;CASCO CAIXA DIREÇÃO;CASCO CAIXA DIREÇÃO;0;;
214;0482;CDSR1660L;0482;CDSR1660L;CATEGORIA0;;1;1;0;1;;CASCO DIREÇÃO;CASCO DIREÇÃO;0;;
214;0482;CDSR1693L;0482;CDSR1693L;CATEGORIA0;;1;1;0;1;;CASCO DIREÇÃO;CASCO DIREÇÃO;0;;
214;0482;CDSR1749L;0482;CDSR1749L;CATEGORIA0;;1;1;0;1;;CASCO CAIXA DIREÇÃO;CASCO CAIXA DIREÇÃO;0;;
214;0482;CDSR1791L;0482;CDSR1791L;CATEGORIA0;;1;1;0;1;;CASCO CAIXA DIREÇÃO;CASCO CAIXA DIREÇÃO;0;;
214;0482;CDSR181L;0482;CDSR181L;CATEGORIA0;;1;1;0;1;;CASCO DIREÇÃO;CASCO DIREÇÃO;0;;
214;0482;CDSR1876L;0482;CDSR1876L;CATEGORIA0;;1;1;0;1;;CASCO CAIXA DIREÇÃO;CASCO CAIXA DIREÇÃO;0;;
214;0482;CDSR363L;0482;CDSR363L;CATEGORIA0;;1;1;0;1;;CASCO CAIXA DIREÇÃO;CASCO CAIXA DIREÇÃO;0;;
214;0482;CDSR713L;0482;CDSR713L;CATEGORIA0;;1;1;0;1;;CASCO DIREÇÃO;CASCO DIREÇÃO;0;;
214;0482;CDSR731L;0482;CDSR731L;CATEGORIA0;;1;1;0;1;;CASCO CAIXA DIREÇÃO;CASCO CAIXA DIREÇÃO;0;;
214;0482;CDSR739L;0482;CDSR739L;CATEGORIA0;;1;1;0;1;;CORE DE CAIXA DE DIREÇÃO;CORE DE CAIXA DE DIREÇÃO;0;;
214;0482;CDSR776L;0482;CDSR776L;CATEGORIA0;;1;1;0;1;;CORE DE CAIXA DE DIREÇÃO;CORE DE CAIXA DE DIREÇÃO;0;;
214;0482;CDSR799L;0482;CDSR799L;CATEGORIA0;;1;1;0;1;;CASCO CAIXA DIREÇÃO;CASCO CAIXA DIREÇÃO;0;;
214;0482;CDSR849L;0482;CDSR849L;CATEGORIA0;;1;1;0;1;;CASCO BOMBA DIREÇÃO;CASCO BOMBA DIREÇÃO;0;;
214;0482;CDSR850L;0482;CDSR850L;CATEGORIA0;;1;1;0;1;;CASCO CAIXA DIREÇÃO;CASCO CAIXA DIREÇÃO;0;;
214;0482;CDSR887L;0482;CDSR887L;CATEGORIA0;;1;1;0;1;;CASCO BOMBA DIREÇÃO;CASCO BOMBA DIREÇÃO;0;;
214;0482;CG45406110;0482;CG45406110;CATEGORIA0;;1;1;0;1;;CASCO TURBO;CASCO TURBO;0;;
214;0482;CG7588701;0482;CG7588701;CATEGORIA0;;1;1;0;1;;CASCO TURBO;CASCO TURBO;0;;
214;0482;CK54359700002;0482;CK54359700002;CATEGORIA0;;1;1;0;1;;CASCO TURBO;CASCO TURBO;0;;
214;1511;DRA0289;1511;DRA0289;CATEGORIA0;;1;1;0;1;;ALTERNADOR;ALTERNADOR;0;;
214;0482;DRA0880;0482;CDRA0880;CATEGORIA0;;1;1;0;1;;CORE ALTERNADOR;CORE ALTERNADOR;0;;
214;1511;DRA1691;1511;DRA1691;CATEGORIA0;;1;1;0;1;;ALTERNADOR;ALTERNADOR;0;;
214;0482;DRA3643C;0482;DRA3643C;CATEGORIA0;;1;1;0;1;;CORE ALTERNADOR;CORE ALTERNADOR;0;;
214;1511;DRA3655;1511;CGB13655;CATEGORIA0;;1;1;0;1;;ALTERNADOR FORD;ALTERNADOR FORD;0;;
214;1511;DRA3714;1511;DRA3714;CATEGORIA0;;1;1;0;1;;ALTERNADOR;ALTERNADOR;0;;
214;1511;DRA3777;1511;DRA3777;CATEGORIA0;;1;1;0;1;;ALTERNADOR;ALTERNADOR;0;;
214;1511;DRA4265;1511;DRA4265;CATEGORIA0;;1;1;0;1;;ALTERNADOR;ALTERNADOR;0;;
214;1511;DRA9831;1511;DRA9831;CATEGORIA0;;1;1;0;1;;ALTERNADOR;ALTERNADOR;0;;
214;1511;DRB1870;1511;DRB1870;CATEGORIA0;;1;1;0;1;;ALTERNADOR;ALTERNADOR;0;;
214;1511;DRS3676N;1511;DRS3676N;CATEGORIA0;;1;1;0;1;;MOTOR ARRANQUE;MOTOR ARRANQUE;0;;
214;1511;DRS6570;1511;DRS6570;CATEGORIA0;;1;1;0;1;;MOTOR ARRANQUE;MOTOR ARRANQUE;0;;
214;1511;DRT0260;1511;DRT0260;CATEGORIA0;;1;1;0;1;;MOTOR ARRANQUE;MOTOR ARRANQUE;0;;
215;2500;102 845;2500;102845;CATEGORIA0;;1;1;0;1;;CASQUILHO ALAVANCA;CASQUILHO ALAVANCA;0;;
215;2500;BS4508;2500;BS4508;CATEGORIA0;;1;1;0;1;;VALVULA STOP;VALVULA STOP;0;;
215;2500;BS4536;2500;BS4536;CATEGORIA0;;1;1;0;1;;VALVULA STOP;VALVULA STOP;0;;
215;2500;BS4541;2500;BS4541;CATEGORIA0;;1;1;0;1;;VALVULA STOP;VALVULA STOP;0;;
215;2500;BS4562;2500;BS4562;CATEGORIA0;;1;1;0;1;;VALVULA STOP;VALVULA STOP;0;;
215;2500;BS4563;2500;BS4563;CATEGORIA0;;1;1;0;1;;VALVULA STOP;VALVULA STOP;0;;
215;2500;BS4626;2500;BS4626;CATEGORIA0;;1;1;0;1;;VALVULA STOP;VALVULA STOP;0;;
215;2500;BS4634;2500;BS4634;CATEGORIA0;;1;1;0;1;;VALVULA STOP;VALVULA STOP;0;;
215;2500;DT1312H;2500;DT1312H;CATEGORIA0;;1;1;0;1;;TERMOSTATO;TERMOSTATO;0;;
215;2500;LS140275;2500;LS140275;CATEGORIA0;;1;1;0;1;;SONDA LAMBDA;SONDA LAMBDA;0;;
215;2500;OS3515;2500;OS3515;CATEGORIA0;;1;1;0;1;;VALVULA PRESSÃO ÓLEO;VALVULA PRESSÃO ÓLEO;0;;
215;2500;OS3516;2500;OS3516;CATEGORIA0;;1;1;0;1;;VALVULA ÓLEO;VALVULA ÓLEO;0;;
215;2500;OS3520;2500;OS3520;CATEGORIA0;;1;1;0;1;;SENSOR PRESSÃO ÓLEO;SENSOR PRESSÃO ÓLEO;0;;
215;2500;OS3521;2500;OS3521;CATEGORIA0;;1;1;0;1;;VALVULA ÓLEO;VALVULA ÓLEO;0;;
215;2500;OS3523;2500;OS3523;CATEGORIA0;;1;1;0;1;;VALVULA ÓLEO;VALVULA ÓLEO;0;;
215;2500;OS3532;2500;OS3532;CATEGORIA0;;1;1;0;1;;VALVULA ÓLEO;VALVULA ÓLEO;0;;
215;2500;OS3540;2500;OS3540;CATEGORIA0;;1;1;0;1;;VALVULA ÓLEO;VALVULA ÓLEO;0;;
215;2500;OS3545;2500;OS3545;CATEGORIA0;;1;1;0;1;;VALVULA ÓLEO;VALVULA ÓLEO;0;;
215;2500;OS3566;2500;OS3566;CATEGORIA0;;1;1;0;1;;VALVULA ÓLEO;VALVULA ÓLEO;0;;
215;2500;OS3568;2500;OS3568;CATEGORIA0;;1;1;0;1;;VALVULA PRESSÃO ÓLEO;VALVULA PRESSÃO ÓLEO;0;;
215;2500;OS3586;2500;OS3586;CATEGORIA0;;1;1;0;1;;VALVULA ÓLEO;VALVULA ÓLEO;0;;
215;2500;OS3682;2500;OS3682;CATEGORIA0;;1;1;0;1;;VALVULA PRESSÃO ÓLEO;VALVULA PRESSÃO ÓLEO;0;;
215;2500;QTH1012CF;2500;QTH1012CF;CATEGORIA0;;1;1;0;1;;TAMPÃO FALANGE;TAMPÃO FALANGE;0;;
215;2500;QTH286;2500;QTH286;CATEGORIA0;;1;1;0;1;;TERMÓSTATO;TERMÓSTATO;0;;
215;2500;RC0006;2500;RC0006;CATEGORIA0;;1;1;0;1;;TAMPÃO RADIADOR;TAMPÃO RADIADOR;0;;
215;2500;RC0017;2500;RC0017;CATEGORIA0;;1;1;0;1;;TAMPA RADIADOR;TAMPA RADIADOR;0;;
215;2500;RC0020;2500;RC0020;CATEGORIA0;;1;1;0;1;;TAMPA RADIADOR;TAMPA RADIADOR;0;;
215;2500;RC0027;2500;RC0027;CATEGORIA0;;1;1;0;1;;TAMPA RADIADOR 1.1;TAMPA RADIADOR 1.1;0;;
215;2500;RC0036;2500;RC0036;CATEGORIA0;;1;1;0;1;;TAMPÃO RADIADOR;TAMPÃO RADIADOR;0;;
215;2500;RC0038;2500;RC0038;CATEGORIA0;;1;1;0;1;;TAMPA RADIADOR;TAMPA RADIADOR;0;;
215;2500;RC0039;2500;RC0039;CATEGORIA0;;1;1;0;1;;TAMPA RADIADOR;TAMPA RADIADOR;0;;
215;2500;RC0042;2500;RC0042;CATEGORIA0;;1;1;0;1;;TAMPA RADIADOR;TAMPA RADIADOR;0;;
215;2500;RC0058;2500;RC0058;CATEGORIA0;;1;1;0;1;;TAMPA RADIADOR;TAMPA RADIADOR;0;;
215;2500;RC0061;2500;RC0061;CATEGORIA0;;1;1;0;1;;TAMPA RADIADOR;TAMPA RADIADOR;0;;
215;2500;RC0086;2500;RC0086;CATEGORIA0;;1;1;0;1;;TAMPÃO RADIADOR;TAMPÃO RADIADOR;0;;
215;2500;RC0159;2500;RC0159;CATEGORIA0;;1;1;0;1;;TAMPA;TAMPA;0;;
215;2500;RC0161;2500;RC0161;CATEGORIA0;;1;1;0;1;;TAMPÃO RADIADOR;TAMPÃO RADIADOR;0;;
215;2500;RC0184;2500;RC0184;CATEGORIA0;;1;1;0;1;;TAMPA RADIADOR;TAMPA RADIADOR;0;;
215;2500;RS5501;2500;RS5501;CATEGORIA0;;1;1;0;1;;VALVULA M/ATRAS;VALVULA M/ATRAS;0;;
215;2500;RS5503;2500;RS5503;CATEGORIA0;;1;1;0;1;;VALVULA MARCHA TRAZ;VALVULA MARCHA TRAZ;0;;
215;2500;RS5510;2500;RS5510;CATEGORIA0;;1;1;0;1;;VALVULA M/ATRAS;VALVULA M/ATRAS;0;;
215;2500;RS5515;2500;RS5515;CATEGORIA0;;1;1;0;1;;VALVULA M/ATRAS;VALVULA M/ATRAS;0;;
215;2500;RS5519;2500;RS5519;CATEGORIA0;;1;1;0;1;;VALVULA M/ATRAS;VALVULA M/ATRAS;0;;
215;2500;RS5554;2500;RS5554;CATEGORIA0;;1;1;0;1;;VALVULA M/ TRÁS;VALVULA M/ TRÁS;0;;
215;2500;RS5561;2500;RS5561;CATEGORIA0;;1;1;0;1;;VALVULA M/ATRAS;VALVULA M/ATRAS;0;;
215;2500;RS5565;2500;RS5565;CATEGORIA0;;1;1;0;1;;VALVULA M/ATRAS;VALVULA M/ATRAS;0;;
215;2500;RS5589;2500;RS5589;CATEGORIA0;;1;1;0;1;;VALVULA MARCHA TRAZ;VALVULA MARCHA TRAZ;0;;
215;2500;RS5619;2500;RS5619;CATEGORIA0;;1;1;0;1;;VALVULA MARCHA TRAZ;VALVULA MARCHA TRAZ;0;;
215;2500;TE6499.97J;2500;6499.97;CATEGORIA0;;1;1;0;1;;TERMÓSTATO ELECTRÔNICO;TERMÓSTATO ELECTRÔNICO;0;;
215;2500;TE7277P.105J;2500;TE7277P.105J;CATEGORIA0;;1;1;0;1;;TERMÓSTATO;TERMÓSTATO;0;;
215;2500;TH00188G1;2500;TH00188G1;CATEGORIA0;;1;1;0;1;;TERMÓSTATO;TERMÓSTATO;0;;
215;2500;TH1290.73J;2500;1290.73;CATEGORIA0;;1;1;0;1;;TERMÓSTATO;TERMÓSTATO;0;;
215;2500;TH1290.85J;2500;1290.85;CATEGORIA0;;1;1;0;1;;TERMÓSTATO;TERMÓSTATO;0;;
215;2500;TH1290.92J;2500;1290.92;CATEGORIA0;;1;1;0;1;;TERMÓSTATO;TERMÓSTATO;0;;
215;2500;TH1335.87J;2500;1335.87;CATEGORIA0;;1;1;0;1;;TERMÓSTATO;TERMÓSTATO;0;;
215;2500;TH1335.92J;2500;1335.92;CATEGORIA0;;1;1;0;1;;TERMÓSTATO;TERMÓSTATO;0;;
215;2500;TH1410.92J;2500;1410.92;CATEGORIA0;;1;1;0;1;;TERMÓSTATO;TERMÓSTATO;0;;
215;2500;TH1418.83J;2500;1418.83;CATEGORIA0;;1;1;0;1;;TERMÓSTATO;TERMÓSTATO;0;;
215;2500;TH1419.82J;2500;1419.82;CATEGORIA0;;1;1;0;1;;TERMÓSTATO;TERMÓSTATO;0;;
215;2500;TH1439.87J;2500;1439.87;CATEGORIA0;;1;1;0;1;;TERMÓSTATO (+);TERMÓSTATO (+);0;;
215;2500;TH14392G1;2500;TH14392G1;CATEGORIA0;;1;1;0;1;;TERMÓSTATO;TERMÓSTATO;0;;
215;2500;TH1476.87J;2500;1476.87;CATEGORIA0;;1;1;0;1;;TERMÓSTATO;TERMÓSTATO;0;;
215;2500;TH14887G1;2500;TH14887G1;CATEGORIA0;;1;1;0;1;;TERMÓSTATO;TERMÓSTATO;0;;
215;2500;TH1508.83J;2500;1508.83;CATEGORIA0;;1;1;0;1;;TERMÓSTATO;TERMÓSTATO;0;;
215;2500;TH1515.81J;2500;1515.81;CATEGORIA0;;1;1;0;1;;TERMÓSTATO;TERMÓSTATO;0;;
215;2500;TH1528.80J;2500;1528.80;CATEGORIA0;;1;1;0;1;;TERMÓSTATO;TERMÓSTATO;0;;
215;2500;TH1529.83J;2500;1529.83;CATEGORIA0;;1;1;0;1;;TERMÓSTATO;TERMÓSTATO;0;;
215;2500;TH1535.80J;2500;1535.80;CATEGORIA0;;1;1;0;1;;TERMÓSTATO;TERMÓSTATO;0;;
215;2500;TH245F.79;2500;0245.F;CATEGORIA0;;1;1;0;1;;TERMÓSTATO 79º C;TERMÓSTATO 79º C;0;;
215;2500;TH3328.82J;2500;3328.82;CATEGORIA0;;1;1;0;1;;TERMÓSTATO;TERMÓSTATO;0;;
215;2500;TH3357.82J;2500;3357.82;CATEGORIA0;;1;1;0;1;;TERMÓSTATO;TERMÓSTATO;0;;
215;2500;TH3905.82J;2500;3905.82;CATEGORIA0;;1;1;0;1;;TERMÓSTATO;TERMÓSTATO;0;;
215;2500;TH42288G1;2500;TH42288G1;CATEGORIA0;;1;1;0;1;;TERMÓSTATO;TERMÓSTATO;0;;
215;2500;TH4495.89;2500;4495.89;CATEGORIA0;;1;1;0;1;;TERMÓSTATO;TERMÓSTATO;0;;
215;2500;TH4608.88J;2500;4608.88;CATEGORIA0;;1;1;0;1;;TERMÓSTATO 88º;TERMÓSTATO 88º;0;;
215;2500;TH4898.87J;2500;4898.87;CATEGORIA0;;1;1;0;1;;TERMÓSTATO;TERMÓSTATO;0;;
215;2500;TH4898.92J;2500;4898.92;CATEGORIA0;;1;1;0;1;;TERMÓSTATO 92º C;TERMÓSTATO 92º C;0;;
215;2500;TH4947.81J;2500;4947.81;CATEGORIA0;;1;1;0;1;;TERMÓSTATO;TERMÓSTATO;0;;
215;2500;TH5069.87J;2500;5069.87;CATEGORIA0;;1;1;0;1;;TERMÓSTATO;TERMÓSTATO;0;;
215;2500;TH5071.85J;2500;5071.85;CATEGORIA0;;1;1;0;1;;TERMÓSTATO;TERMÓSTATO;0;;
215;2500;TH5074.80J;2500;5074.80;CATEGORIA0;;1;1;0;1;;TERMÓSTATO;TERMÓSTATO;0;;
215;2500;TH5077.92J;2500;5077.92;CATEGORIA0;;1;1;0;1;;TERMÓSTATO;TERMÓSTATO;0;;
215;2500;TH5108.83J;2500;5108.83;CATEGORIA0;;1;1;0;1;;TERMÓSTATO 83º C;TERMÓSTATO 83º C;0;;
215;2500;TH5108.89J;2500;5108.89;CATEGORIA0;;1;1;0;1;;TERMÓSTATO;TERMÓSTATO;0;;
215;2500;TH5111.80J;2500;5111.80;CATEGORIA0;;1;1;0;1;;TERMÓSTATO;TERMÓSTATO;0;;
215;2500;TH5130.83J;2500;5130.83;CATEGORIA0;;1;1;0;1;;TERMÓSTATO;TERMÓSTATO;0;;
215;2500;TH5151.84J;2500;5151.84;CATEGORIA0;;1;1;0;1;;TERMÓSTATO;TERMÓSTATO;0;;
215;2500;TH5284.86J;2500;5284.86;CATEGORIA0;;1;1;0;1;;TERMÓSTATO;TERMÓSTATO;0;;
215;2500;TH5434.82J;2500;5434.82;CATEGORIA0;;1;1;0;1;;TERMÓSTATO;TERMÓSTATO;0;;
215;2500;TH5493.89J;2500;5493.89;CATEGORIA0;;1;1;0;1;;TERMÓSTATO;TERMÓSTATO;0;;
215;2500;TH5681.85J;2500;5681.85;CATEGORIA0;;1;1;0;1;;TERMÓSTATO;TERMÓSTATO;0;;
215;2500;TH5686.80J;2500;5686.80;CATEGORIA0;;1;1;0;1;;TERMÓSTATO;TERMÓSTATO;0;;
215;2500;TH5687.80J;2500;5687.80;CATEGORIA0;;1;1;0;1;;TERMÓSTATO;TERMÓSTATO;0;;
215;2500;TH5750.88J;2500;5750.88;CATEGORIA0;;1;1;0;1;;TERMÓSTATO;TERMÓSTATO;0;;
215;2500;TH5963.80J;2500;5963.80;CATEGORIA0;;1;1;0;1;;TERMÓSTATO;TERMÓSTATO;0;;
215;2500;TH5971.82J;2500;5971.82;CATEGORIA0;;1;1;0;1;;TERMÓSTATO;TERMÓSTATO;0;;
215;2500;TH5973.80J;2500;5973.80;CATEGORIA0;;1;1;0;1;;TERMÓSTATO;TERMÓSTATO;0;;
215;2500;TH5976.80J;2500;5976.80;CATEGORIA0;;1;1;0;1;;TERMÓSTATO;TERMÓSTATO;0;;
215;2500;TH5980.88J;2500;5980.88;CATEGORIA0;;1;1;0;1;;TERMÓSTATO;TERMÓSTATO;0;;
215;2500;TH6007.88J;2500;6007.88;CATEGORIA0;;1;1;0;1;;TERMÓSTATO (+);TERMÓSTATO (+);0;;
215;2500;TH6047.89J;2500;6047.89;CATEGORIA0;;1;1;0;1;;TERMÓSTATO;TERMÓSTATO;0;;
215;2500;TH6070.87J;2500;6070.87;CATEGORIA0;;1;1;0;1;;TERMÓSTATO;TERMÓSTATO;0;;
215;2500;TH6073.85J;2500;6073.85;CATEGORIA0;;1;1;0;1;;TERMÓSTATO;TERMÓSTATO;0;;
215;2500;TH6126.89J;2500;6126.89;CATEGORIA0;;1;1;0;1;;FALANGE C/ TERMÓSTATO;FALANGE C/ TERMÓSTATO;0;;
215;2500;TH6171.92J;2500;6171.92;CATEGORIA0;;1;1;0;1;;TERMÓSTATO;TERMÓSTATO;0;;
215;2500;TH6191.89J;2500;6191.89;CATEGORIA0;;1;1;0;1;;TERMÓSTATO;TERMÓSTATO;0;;
215;2500;TH6244.92J;2500;6244.92;CATEGORIA0;;1;1;0;1;;TERMÓSTATO;TERMÓSTATO;0;;
215;2500;TH6247.87J;2500;6247.87;CATEGORIA0;;1;1;0;1;;TERMÓSTATO;TERMÓSTATO;0;;
215;2500;TH6251.92J;2500;6251.92;CATEGORIA0;;1;1;0;1;;TERMÓSTATO;TERMÓSTATO;0;;
215;2500;TH6252.82J;2500;6252.82;CATEGORIA0;;1;1;0;1;;TERMÓSTATO;TERMÓSTATO;0;;
215;2500;TH6252.85J;2500;6252.85;CATEGORIA0;;1;1;0;1;;TERMÓSTATO;TERMÓSTATO;0;;
215;2500;TH6255.80J;2500;6255.80;CATEGORIA0;;1;1;0;1;;TERMÓSTATO;TERMÓSTATO;0;;
215;2500;TH6273.87J;2500;6273.87;CATEGORIA0;;1;1;0;1;;TERMÓSTATO;TERMÓSTATO;0;;
215;2500;TH6274.87J;2500;6274.87;CATEGORIA0;;1;1;0;1;;TERMÓSTATO (+);TERMÓSTATO (+);0;;
215;2500;TH6296.78J;2500;6296.78;CATEGORIA0;;1;1;0;1;;TERMÓSTATO;TERMÓSTATO;0;;
215;2500;TH6312.88J;2500;6312.88;CATEGORIA0;;1;1;0;1;;TERMÓSTATO;TERMÓSTATO;0;;
215;2500;TH6313.82J;2500;6313.82;CATEGORIA0;;1;1;0;1;;TERMÓSTATO;TERMÓSTATO;0;;
215;2500;TH6319.82J;2500;6319.82;CATEGORIA0;;1;1;0;1;;TERMÓSTATO;TERMÓSTATO;0;;
215;2500;TH6320.89J;2500;6320.89;CATEGORIA0;;1;1;0;1;;FALANGE C/ TERMÓSTATO;FALANGE C/ TERMÓSTATO;0;;
215;2500;TH6393.89J;2500;6393.89;CATEGORIA0;;1;1;0;1;;TERMÓSTATO;TERMÓSTATO;0;;
215;2500;TH6454.89J;2500;6454.89;CATEGORIA0;;1;1;0;1;;FALANGE C/ TERMÓSTATO;FALANGE C/ TERMÓSTATO;0;;
215;2500;TH6484.82J;2500;6484.82;CATEGORIA0;;1;1;0;1;;TERMÓSTATO;TERMÓSTATO;0;;
215;2500;TH6492.88J;2500;6492.88;CATEGORIA0;;1;1;0;1;;TERMÓSTATO;TERMÓSTATO;0;;
215;2500;TH6494.85J;2500;6494.85;CATEGORIA0;;1;1;0;1;;TERMÓSTATO (+);TERMÓSTATO (+);0;;
215;2500;TH6511.88J;2500;6511.88;CATEGORIA0;;1;1;0;1;;TERMÓSTATO;TERMÓSTATO;0;;
215;2500;TH6526.88J;2500;6526.88;CATEGORIA0;;1;1;0;1;;TERMÓSTATO;TERMÓSTATO;0;;
215;2500;TH6581.82J;2500;6581.82;CATEGORIA0;;1;1;0;1;;TERMÓSTATO;TERMÓSTATO;0;;
215;2500;TH6598.87J;2500;6598.87;CATEGORIA0;;1;1;0;1;;TERMÓSTATO;TERMÓSTATO;0;;
215;2500;TH6666.89J;2500;6666.89;CATEGORIA0;;1;1;0;1;;TERMÓSTATO;TERMÓSTATO;0;;
215;2500;TH6733.88J;2500;6733.88;CATEGORIA0;;1;1;0;1;;TERMÓSTATO;TERMÓSTATO;0;;
215;2500;TH6737.82J;2500;6737.82;CATEGORIA0;;1;1;0;1;;TERMÓSTATO;TERMÓSTATO;0;;
215;2500;TH6782.87J;2500;6782.87;CATEGORIA0;;1;1;0;1;;TERMÓSTATO;TERMÓSTATO;0;;
215;2500;TH6808.103J;2500;6808.103;CATEGORIA0;;1;1;0;1;;TERMÓSTATO   ****;TERMÓSTATO   ****;0;;
215;2500;TH6835.88J;2500;6835.88;CATEGORIA0;;1;1;0;1;;FALANGE C/ TERMÓSTATO;FALANGE C/ TERMÓSTATO;0;;
215;2500;TH6847.87J;2500;6847.87;CATEGORIA0;;1;1;0;1;;TERMÓSTATO  ***;TERMÓSTATO  ***;0;;
215;2500;TH6853.92J;2500;6853.92;CATEGORIA0;;1;1;0;1;;TERMÓSTATO;TERMÓSTATO;0;;
215;2500;TH6858.89J;2500;6858.89;CATEGORIA0;;1;1;0;1;;TERMÓSTATO;TERMÓSTATO;0;;
215;2500;TH6874.83J;2500;6874.83;CATEGORIA0;;1;1;0;1;;FALANGE C/ TERMÓSTATO (+);FALANGE C/ TERMÓSTATO (+);0;;
215;2500;TH6880.92;2500;6880.92;CATEGORIA0;;1;1;0;1;;TERMÓSTATO;TERMÓSTATO;0;;
215;2500;TH6884.92J;2500;6884.92;CATEGORIA0;;1;1;0;1;;TERMÓSTATO;TERMÓSTATO;0;;
215;2500;TH6937.89J;2500;6937.89;CATEGORIA0;;1;1;0;1;;TERMÓSTATO;TERMÓSTATO;0;;
215;2500;TH6969.90J;2500;6969.90;CATEGORIA0;;1;1;0;1;;TERMÓSTATO;TERMÓSTATO;0;;
215;2500;TH6970.83J;2500;6970.83;CATEGORIA0;;1;1;0;1;;TERMÓSTATO (+);TERMÓSTATO (+);0;;
215;2500;TH6971.83J;2500;TH6971.83J;CATEGORIA0;;1;1;0;1;;CAIXA TERMÓSTATO;CAIXA TERMÓSTATO;0;;
215;2500;TH6981.88J;2500;6981.88;CATEGORIA0;;1;1;0;1;;FALANGE C/ TERMÓSTATO;FALANGE C/ TERMÓSTATO;0;;
215;2500;TH6986.88J;2500;6986.88;CATEGORIA0;;1;1;0;1;;FALANGE C/ TERMÓSTATO;FALANGE C/ TERMÓSTATO;0;;
215;2500;TH7069.83J;2500;7069.83;CATEGORIA0;;1;1;0;1;;TERMÓSTATO;TERMÓSTATO;0;;
215;2500;TH7071.87J;2500;7071.87;CATEGORIA0;;1;1;0;1;;TERMÓSTATO;TERMÓSTATO;0;;
215;2500;TH7087.83J;2500;7087.83;CATEGORIA0;;1;1;0;1;;FALANGE C/ TERMÓSTATO;FALANGE C/ TERMÓSTATO;0;;
215;2500;TH7088.87;2500;7088.87;CATEGORIA0;;1;1;0;1;;TERMÓSTATO;TERMÓSTATO;0;;
215;2500;TH7125.83J;2500;7125.83;CATEGORIA0;;1;1;0;1;;TERMÓSTATO;TERMÓSTATO;0;;
215;2500;TH7149.88J;2500;7149.88;CATEGORIA0;;1;1;0;1;;TERMÓSTATO;TERMÓSTATO;0;;
215;2500;TH7172.88J;2500;7172.88;CATEGORIA0;;1;1;0;1;;TERMÓSTATO;TERMÓSTATO;0;;
215;2500;TH7230.92J;2500;7230.92;CATEGORIA0;;1;1;0;1;;TERMÓSTATO;TERMÓSTATO;0;;
215;2500;TH7276.83J;2500;7276.83;CATEGORIA0;;1;1;0;1;;TERMÓSTATO;TERMÓSTATO;0;;
215;2500;TH7280.92J;2500;7280.92;CATEGORIA0;;1;1;0;1;;TERMÓSTATO;TERMÓSTATO;0;;
215;2500;TH7309.90J;2500;7309.90;CATEGORIA0;;1;1;0;1;;TERMÓSTATO;TERMÓSTATO;0;;
215;2500;TH7336.83J;2500;7336.83;CATEGORIA0;;1;1;0;1;;TERMÓSTATO;TERMÓSTATO;0;;
215;2500;THK627412.87J;2500;627412.87;CATEGORIA0;;1;1;0;1;;FALANGE C/ TERMÓSTATO;FALANGE C/ TERMÓSTATO;0;;
215;2500;TS1628;2500;TS1628;CATEGORIA0;;1;1;0;1;;VALVULA TERMOVENTILADOR;VALVULA TERMOVENTILADOR;0;;
215;2500;TS1681;2500;TS1681;CATEGORIA0;;1;1;0;1;;VALVULA TERMOVENTILADOR;VALVULA TERMOVENTILADOR;0;;
215;2500;TS1874;2500;TS1874;CATEGORIA0;;1;1;0;1;;VALVULA TERMOVENTILADOR;VALVULA TERMOVENTILADOR;0;;
215;2500;TS1899;2500;TS1899;CATEGORIA0;;1;1;0;1;;VALVULA TERMOVENTILADOR;VALVULA TERMOVENTILADOR;0;;
215;2500;TS1958;2500;TS1958;CATEGORIA0;;1;1;0;1;;VALVULA TERMOVENTILADOR;VALVULA TERMOVENTILADOR;0;;
215;2500;TS2638;2500;TS2638;CATEGORIA0;;1;1;0;1;;VALVULA TERMOVENTILADOR;VALVULA TERMOVENTILADOR;0;;
215;2500;TS2678;2500;TS2678;CATEGORIA0;;1;1;0;1;;VALVULA TERMOVENTILADOR;VALVULA TERMOVENTILADOR;0;;
215;2500;TS2783;2500;TS2783;CATEGORIA0;;1;1;0;1;;VALVULA TERMOVENTILADOR;VALVULA TERMOVENTILADOR;0;;
215;2500;TS2851;2500;TS2851;CATEGORIA0;;1;1;0;1;;VALVULA TERMOVENTILADOR;VALVULA TERMOVENTILADOR;0;;
215;2500;TS2864;2500;TS2864;CATEGORIA0;;1;1;0;1;;VALVULA TERMOVENTILADOR;VALVULA TERMOVENTILADOR;0;;
215;2500;TS6993;2500;TS6993;CATEGORIA0;;1;1;0;1;;VALVULA TERMOVENTILADOR;VALVULA TERMOVENTILADOR;0;;
215;2500;WF0005;2500;WF0005;CATEGORIA0;;1;1;0;1;;FALANGE;FALANGE;0;;
215;2500;WF0018;2500;WF0018;CATEGORIA0;;1;1;0;1;;TAMPA TERMÓSTATO;TAMPA TERMÓSTATO;0;;
215;2500;WF0090;2500;WF0090;CATEGORIA0;;1;1;0;1;;TAMPA TERMÓSTATO;TAMPA TERMÓSTATO;0;;
215;2500;WF0182;2500;WF0182;CATEGORIA0;;1;1;0;1;;FALANGE ÁGUA;FALANGE ÁGUA;0;;
215;2500;WF0191;2500;WF0191;CATEGORIA0;;1;1;0;1;;FALANGE ÁGUA;FALANGE ÁGUA;0;;
215;2500;WF0192;2500;WF0192;CATEGORIA0;;1;1;0;1;;FALANGE ÁGUA;FALANGE ÁGUA;0;;
215;2500;WF0220;2500;WF0220;CATEGORIA0;;1;1;0;1;;FALANGE;FALANGE;0;;
215;2500;WS2509;2500;WS2509;CATEGORIA0;;1;1;0;1;;VALVULA TEMPERATURA;VALVULA TEMPERATURA;0;;
215;2500;WS2511;2500;WS2511;CATEGORIA0;;1;1;0;1;;VALVULA TEMPERATURA;VALVULA TEMPERATURA;0;;
215;2500;WS2519;2500;WS2519;CATEGORIA0;;1;1;0;1;;VALVULA TEMPERATURA;VALVULA TEMPERATURA;0;;
215;2500;WS2528;2500;WS2528;CATEGORIA0;;1;1;0;1;;VALVULA TEMPERATURA;VALVULA TEMPERATURA;0;;
215;2500;WS2576;2500;WS2576;CATEGORIA0;;1;1;0;1;;VALVULA  TEMPERATURA;VALVULA  TEMPERATURA;0;;
215;2500;WS2577;2500;WS2577;CATEGORIA0;;1;1;0;1;;VALVULA TEMPERATURA;VALVULA TEMPERATURA;0;;
215;2500;WS2584;2500;WS2584;CATEGORIA0;;1;1;0;1;;VALVULA TEMPERATURA;VALVULA TEMPERATURA;0;;
215;2500;WS2587;2500;WS2587;CATEGORIA0;;1;1;0;1;;VALVULA TEMPERATURA;VALVULA TEMPERATURA;0;;
215;2500;WS2594;2500;WS2594;CATEGORIA0;;1;1;0;1;;VALVULA TEMPERATURA;VALVULA TEMPERATURA;0;;
215;2500;WS2596;2500;WS2596;CATEGORIA0;;1;1;0;1;;VALVULA TEMPERATURA;VALVULA TEMPERATURA;0;;
215;2500;WS2602;2500;WS2602;CATEGORIA0;;1;1;0;1;;VALVULA TEMPERATURA;VALVULA TEMPERATURA;0;;
215;2500;WS2613;2500;WS2613;CATEGORIA0;;1;1;0;1;;VALVULA  TEMPERATURA;VALVULA  TEMPERATURA;0;;
215;2500;WS2673;2500;WS2673;CATEGORIA0;;1;1;0;1;;VALVULA TEMPERATURA;VALVULA TEMPERATURA;0;;
215;2500;WS2680;2500;WS2680;CATEGORIA0;;1;1;0;1;;VALVULA TEMPERATURA;VALVULA TEMPERATURA;0;;
215;2500;WS3001;2500;WS3001;CATEGORIA0;;1;1;0;1;;VALVULA TEMPERATURA;VALVULA TEMPERATURA;0;;
222;1761;1001;1761;222.1001;CATEGORIA0;;1;1;0;1;;ADITIVO PARA HIBRIDOS;ADITIVO PARA HIBRIDOS;0;;
222;1761;1007;1761;222.1007;CATEGORIA0;;1;1;0;1;;ADITIVO ÓLEO TRANSMISSÃO 80ML;ADITIVO ÓLEO TRANSMISSÃO 80ML;0;;
222;1761;1010;1761;222.1010;CATEGORIA0;;1;1;0;1;;ADITIVO CHUMBO PARA GASOLINA 250ML;ADITIVO CHUMBO PARA GASOLINA 250ML;0;;
222;1761;1025;1761;222.1025;CATEGORIA0;;1;1;0;1;;ÓLEO TRANSMISSÃO 1 LT;ÓLEO TRANSMISSÃO 1 LT;0;;
222;1761;1040;1761;222.1040;CATEGORIA0;;1;1;0;1;;ADITIVO CX.VEL. E DIFERENCIAS 20ML;ADITIVO CX.VEL. E DIFERENCIAS 20ML;0;;
222;1761.1;1043;1761.1;222.1043;CATEGORIA0;;1;1;0;1;;VALVULINA ATF III;VALVULINA ATF III;0;;
222;1761.1;1303;1761.1;222.1303;CATEGORIA0;;1;1;0;1;;SUPER 10W40 205L;SUPER 10W40 205L;0;;
222;1761.1;1440;1761.1;222.1440;CATEGORIA0;;1;1;0;1;;SUPER 15W40 5L;SUPER 15W40 5L;0;;
222;1761;1508;1761;222.1508;CATEGORIA0;;1;1;0;1;;SPRAY CORRENTE  250ML;SPRAY CORRENTE  250ML;0;;
222;1761;1512;1761;222.1512;CATEGORIA0;;1;1;0;1;;ESPUMA P/LIMPEZA DE VIDROS;ESPUMA P/LIMPEZA DE VIDROS;0;;
222;1761;1519;1761;222.1519;CATEGORIA0;;1;1;0;1;;LIMPEZA PARA-BRISAS 250ML;LIMPEZA PARA-BRISAS 250ML;0;;
222;1761;1529;1761;222.1529;CATEGORIA0;;1;1;0;1;;LIMPEZA DE CROMADOS;LIMPEZA DE CROMADOS;0;;
222;1761;1539;1761;222.1539;CATEGORIA0;;1;1;0;1;;SPRAY LIPEZA ESTOFOS TECIDO 300ML;SPRAY LIPEZA ESTOFOS TECIDO 300ML;0;;
222;1761;1542;1761;222.1542;CATEGORIA0;;1;1;0;1;;SHAMPOO DE LAVAGEM COM CERA;SHAMPOO DE LAVAGEM COM CERA;0;;
222;1761;1543;1761;222.1543;CATEGORIA0;;1;1;0;1;;REMOVEDOR DE INSECTOS 500ML;REMOVEDOR DE INSECTOS 500ML;0;;
222;1761;1571;1761;222.1571;CATEGORIA0;;1;1;0;1;;ANTI-EMBACIAMENTO;ANTI-EMBACIAMENTO;0;;
222;1761;1590;1761;222.1590;CATEGORIA0;;1;1;0;1;;REPELENTE ÁGUA P/BRISAS 125ML;REPELENTE ÁGUA P/BRISAS 125ML;0;;
222;1761;1593;1761;222.1593;CATEGORIA0;;1;1;0;1;;SPRAY LIMPEZA CAPOTAS 500ML;SPRAY LIMPEZA CAPOTAS 500ML;0;;
222;1761;1594;1761;222.1594;CATEGORIA0;;1;1;0;1;;PROTETOR CAPOTA;PROTETOR CAPOTA;0;;
222;1761;1597;1761;222.1597;CATEGORIA0;;1;1;0;1;;LIMPA E ABRILHANTA JANTES 1LT;LIMPA E ABRILHANTA JANTES 1LT;0;;
222;1761;1598;1761;222.1598;CATEGORIA0;;1;1;0;1;;SPRAY LIMPEZA COCKPIT - BAUNILHA 300ML;SPRAY LIMPEZA COCKPIT - BAUNILHA 300ML;0;;
222;1761;1599;1761;222.1599;CATEGORIA0;;1;1;0;1;;SPRAY LIMPEZA COCKPIT - LIMÃO 300ML;SPRAY LIMPEZA COCKPIT - LIMÃO 300ML;0;;
222;1761;1603;1761;222.1603;CATEGORIA0;;1;1;0;1;;LIMPEZA CAPACETES 300ML;LIMPEZA CAPACETES 300ML;0;;
222;1761;1609;1761;222.1609;CATEGORIA0;;1;1;0;1;;ESPUMA ABRILHANTADORA PNUES;ESPUMA ABRILHANTADORA PNUES;0;;
222;1761;1611;1761;222.1611;CATEGORIA0;;1;1;0;1;;SPRAY ANTIFERRUGEM 600ML;SPRAY ANTIFERRUGEM 600ML;0;;
222;1761;1613;1761;222.1613;CATEGORIA0;;1;1;0;1;;ANTIFERRUGEM MOS2 XXL 600 ML;ANTIFERRUGEM MOS2 XXL 600 ML;0;;
222;1761;1650;1761;222.1650;CATEGORIA0;;1;1;0;1;;TRATAMENTO PLASTICOS ONE FOR ALL 250ML;TRATAMENTO PLASTICOS ONE FOR ALL 250ML;0;;
222;1761;1682;1761;222.1682;CATEGORIA0;;1;1;0;1;;LIMPEZA TABLIER SUPER K 250ML;LIMPEZA TABLIER SUPER K 250ML;0;;
222;1761.1;1688;1761.1;222.1688;CATEGORIA0;;1;1;0;1;;OLEO MOTORBIKE;OLEO MOTORBIKE;0;;
222;1761;1867;1761;222.1867;CATEGORIA0;;1;1;0;1;;ADITIVO MOTOR SINTETICO 500ML;ADITIVO MOTOR SINTETICO 500ML;0;;
222;1761;1883;1761;222.1883;CATEGORIA0;;1;1;0;1;;ADITIVO LIMPEZA MOTOR 500ML;ADITIVO LIMPEZA MOTOR 500ML;0;;
222;1761;20000;1761;222.20000;CATEGORIA0;;1;1;0;1;;KLIMA REFRESH 75ML;KLIMA REFRESH 75ML;0;;
222;1761;20625;1761;222.20625;CATEGORIA0;;1;1;0;1;;OLEO TOP TEC ATF 1800 R 1L;OLEO TOP TEC ATF 1800 R 1L;0;;
222;1761.1;20753;1761.1;222.20753;CATEGORIA0;;1;1;0;1;;ÓLEO 10W40 4T SYNTH  STREET RACE;ÓLEO 10W40 4T SYNTH  STREET RACE;0;;
222;1761;20766;1761;222.20766;CATEGORIA0;;1;1;0;1;;ADITIVO P/MONTAGEM TURBO 20G;ADITIVO P/MONTAGEM TURBO 20G;0;;
222;1761;20768;1761;222.20768;CATEGORIA0;;1;1;0;1;;ARRANQUE A FRIO 200ML;ARRANQUE A FRIO 200ML;0;;
222;1761.1;20779;1761.1;222.20779;CATEGORIA0;;1;1;0;1;;TOP TEC 6100 0W30 5L;TOP TEC 6100 0W30 5L;0;;
222;1761;2122;1761;222.2122;CATEGORIA0;;1;1;0;1;;ADITIVO REDUÇÃO FUMOS 300ML;ADITIVO REDUÇÃO FUMOS 300ML;0;;
222;1761;2123;1761;222.2123;CATEGORIA0;;1;1;0;1;;LIMPEZA CARBURADOR 300ML;LIMPEZA CARBURADOR 300ML;0;;
222;1761.1;21411;1761.1;222.21411;CATEGORIA0;;1;1;0;1;;TOP TEC 6600 0W20 5L;TOP TEC 6600 0W20 5L;0;;
222;1761;2146;1761;222.2146;CATEGORIA0;;1;1;0;1;;ADITIVO FILTRO PARTICULAS 250ML;ADITIVO FILTRO PARTICULAS 250ML;0;;
222;1761;21610;1761;222.21610;CATEGORIA0;;1;1;0;1;;ADITIVO;ADITIVO;0;;
222;1761;21643;1761;222.21643;CATEGORIA0;;1;1;0;1;;ANTI-FRICÇÃO CX. VEL. E DIFERENCIAS 50GR;ANTI-FRICÇÃO CX. VEL. E DIFERENCIAS 50GR;0;;
222;1761;21644;1761;222.21644;CATEGORIA0;;1;1;0;1;;SPEED TEC BENZIN 250ML;SPEED TEC BENZIN 250ML;0;;
222;1761;21645;1761;222.21645;CATEGORIA0;;1;1;0;1;;ADITIVO GASÓLEO 250ML;ADITIVO GASÓLEO 250ML;0;;
222;1761.1;21791;1761.1;222.21791;CATEGORIA0;;1;1;0;1;;OLEO DE CAIXA TOP TEC 5400 75W90 1L;OLEO DE CAIXA TOP TEC 5400 75W90 1L;0;;
222;1761;222.23049;1761;222.23049;CATEGORIA0;;1;1;0;1;;WASH & PROTECT 1L;WASH & PROTECT 1L;0;;
222;1761;222.3010;1761;222.3010;CATEGORIA0;;1;1;0;1;;LUBRIFICANTE LM48;LUBRIFICANTE LM48;0;;
222;1761;222.6183;1761;222.6183;CATEGORIA0;;1;1;0;1;;LIQUI MOLY COLA UNIVERSAL 24;LIQUI MOLY COLA UNIVERSAL 24;0;;
222;1761;23042;1761;222.23042;CATEGORIA0;;1;1;0;1;;CREME DE BRILHO PARA SUPERFÍCIES CROMADAS;CREME DE BRILHO PARA SUPERFÍCIES CROMADAS;0;;
222;1761.1;2315;1761.1;222.2315;CATEGORIA0;;1;1;0;1;;TOP TEC 4600 5W30 1L;TOP TEC 4600 5W30 1L;0;;
222;1761.1;2316;1761.1;222.2316;CATEGORIA0;;1;1;0;1;;TOP TEC 4600 5W30 5L;TOP TEC 4600 5W30 5L;0;;
222;1761.1;2318;1761.1;222.2318;CATEGORIA0;;1;1;0;1;;TOP TEC 450 5W30 5;TOP TEC 450 5W30 5;0;;
222;1761.1;2322;1761.1;222.2322;CATEGORIA0;;1;1;0;1;;TOP TEC 4400 5W30 5L;TOP TEC 4400 5W30 5L;0;;
222;1761.1;2324;1761.1;222.2324;CATEGORIA0;;1;1;0;1;;TOP TEC 4300 5W30 5L;TOP TEC 4300 5W30 5L;0;;
222;1761.1;2326;1761.1;222.2326;CATEGORIA0;;1;1;0;1;;ESPECIAL TEC F 5W30 5L;ESPECIAL TEC F 5W30 5L;0;;
222;1761.1;2361;1761.1;222.2361;CATEGORIA0;;1;1;0;1;;TOP TEC 4310 0W30 1L;TOP TEC 4310 0W30 1L;0;;
222;1761.1;2362;1761.1;222.2362;CATEGORIA0;;1;1;0;1;;TOP TEC 4310 0W30 5L;TOP TEC 4310 0W30 5L;0;;
222;1761;2425;1761;222.2425;CATEGORIA0;;1;1;0;1;;LAVA MOTOR PRO-LINE 1L;LAVA MOTOR PRO-LINE 1L;0;;
222;1761;2427;1761;222.2427;CATEGORIA0;;1;1;0;1;;ADITIVO LIMPEZA INTERNA MOTOR 500ML;ADITIVO LIMPEZA INTERNA MOTOR 500ML;0;;
222;1761;2448;1761;222.2448;CATEGORIA0;;1;1;0;1;;ÓLEO MOTOR SPECIAL TEC LL 5W30 5L;ÓLEO MOTOR SPECIAL TEC LL 5W30 5L;0;;
222;1761;2500;1761;222.2500;CATEGORIA0;;1;1;0;1;;ADITIVO ANTI-FRICÇÃO 300ML;ADITIVO ANTI-FRICÇÃO 300ML;0;;
222;1761;2501;1761;222.2501;CATEGORIA0;;1;1;0;1;;ADITIVO TAPA FUGAS MOTOR 300ML;ADITIVO TAPA FUGAS MOTOR 300ML;0;;
222;1761;2502;1761;222.2502;CATEGORIA0;;1;1;0;1;;ADITIVO VISCOSIDADE 300ML;ADITIVO VISCOSIDADE 300ML;0;;
222;1761.1;25022;1761.1;222.25022;CATEGORIA0;;1;1;0;1;;ÓLEO MOTOR 4T 10W30 1 LT;ÓLEO MOTOR 4T 10W30 1 LT;0;;
222;1761;2504;1761;222.2504;CATEGORIA0;;1;1;0;1;;LIMPEZA INJEÇÃO 250ML;LIMPEZA INJEÇÃO 250ML;0;;
222;1761;2505;1761;222.2505;CATEGORIA0;;1;1;0;1;;ADITIVO FUGAS RADIADOR;ADITIVO FUGAS RADIADOR;0;;
222;1761;2506;1761;222.2506;CATEGORIA0;;1;1;0;1;;ADITIVO LIMPEZA RADIADOR;ADITIVO LIMPEZA RADIADOR;0;;
222;1761.1;25068;1761.1;222.25068;CATEGORIA0;;1;1;0;1;;VALVULINA GL4/GL5 80W90 1LT;VALVULINA GL4/GL5 80W90 1LT;0;;
222;1761;2509;1761;222.2509;CATEGORIA0;;1;1;0;1;;ADITIVO DIESEL 500ML;ADITIVO DIESEL 500ML;0;;
222;1761;2510;1761;222.2510;CATEGORIA0;;1;1;0;1;;ADITIVO ANTI-FRICÇÃO 50G;ADITIVO ANTI-FRICÇÃO 50G;0;;
222;1761;2521;1761;222.2521;CATEGORIA0;;1;1;0;1;;ADITIVO REDUZ FUMO NEGRO 250ML;ADITIVO REDUZ FUMO NEGRO 250ML;0;;
222;1761;2522;1761;222.2522;CATEGORIA0;;1;1;0;1;;ADITIVO LIMPEZA INJEÇÃO 300ML;ADITIVO LIMPEZA INJEÇÃO 300ML;0;;
222;1761;2657;1761;222.2657;CATEGORIA0;;1;1;0;1;;ADITIVO LIMPEZA 300ML;ADITIVO LIMPEZA 300ML;0;;
222;1761.1;2852;1761.1;222.2852;CATEGORIA0;;1;1;0;1;;SPECIAL TEC V 0W30 1LT;SPECIAL TEC V 0W30 1LT;0;;
222;1761.1;2853;1761.1;222.2853;CATEGORIA0;;1;1;0;1;;SPECIAL TEC V 0W30 5LT;SPECIAL TEC V 0W30 5LT;0;;
222;1761.1;3055;1761.1;222.3055;CATEGORIA0;;1;1;0;1;;MOTORBIKE 4T 10W40 1L;MOTORBIKE 4T 10W40 1L;0;;
222;1761.1;3063;1761.1;222.3063;CATEGORIA0;;1;1;0;1;;MOTORBIKE 2T SYNTH 1L;MOTORBIKE 2T SYNTH 1L;0;;
222;1761;3081;1761;222.3081;CATEGORIA0;;1;1;0;1;;MASSA DE COBRE  250 GR;MASSA DE COBRE  250 GR;0;;
222;1761;3089;1761;222.3089;CATEGORIA0;;1;1;0;1;;OLEO TRAVÕES DOT3 500ML;OLEO TRAVÕES DOT3 500ML;0;;
222;1761;3110;1761;222.3110;CATEGORIA0;;1;1;0;1;;SPRAY COMPONENTES ELECTRICOS;SPRAY COMPONENTES ELECTRICOS;0;;
222;1761;3305;1761;222.3305;CATEGORIA0;;1;1;0;1;;SPRAY 7 FUNÇÕES;SPRAY 7 FUNÇÕES;0;;
222;1761;3310;1761;222.3310;CATEGORIA0;;1;1;0;1;;SPRAY SILICONE 300ML;SPRAY SILICONE 300ML;0;;
222;1761;3321;1761;222.3321;CATEGORIA0;;1;1;0;1;;LIQUIDO P/LIMPEZA ENGRENAGENS 500ML;LIQUIDO P/LIMPEZA ENGRENAGENS 500ML;0;;
222;1761;3325;1761;222.3325;CATEGORIA0;;1;1;0;1;;LIMPEZA DE CARBURADORES 400ML;LIMPEZA DE CARBURADORES 400ML;0;;
222;1761;3342;1761;222.3342;CATEGORIA0;;1;1;0;1;;PASTA MONTAG.ESCAPES 150G;PASTA MONTAG.ESCAPES 150G;0;;
222;1761;3343;1761;222.3343;CATEGORIA0;;1;1;0;1;;ENCHIMENTO PNEUS;ENCHIMENTO PNEUS;0;;
222;1761;3363;1761;222.3363;CATEGORIA0;;1;1;0;1;;LIMPEZA MÃOS 12.5LT;LIMPEZA MÃOS 12.5LT;0;;
222;1761;3379;1761;222.3379;CATEGORIA0;;1;1;0;1;;PRO-LINE LIMPA INJETORES 400 ML;PRO-LINE LIMPA INJETORES 400 ML;0;;
222;1761;3391;1761;222.3391;CATEGORIA0;;1;1;0;1;;SPRAY MULTIFUNCIONAL LM40;SPRAY MULTIFUNCIONAL LM40;0;;
222;1761.1;3640;1761.1;222.3640;CATEGORIA0;;1;1;0;1;;VALVULINA CX.VEL. DUPLA EMB. 1L;VALVULINA CX.VEL. DUPLA EMB. 1L;0;;
222;1761.1;3687;1761.1;222.3687;CATEGORIA0;;1;1;0;1;;VALVULINA TOP TEC ATF 1800;VALVULINA TOP TEC ATF 1800;0;;
222;1761;3721;1761;222.3721;CATEGORIA0;;1;1;0;1;;ADITIVO DESGASTE CERATEC 300ML;ADITIVO DESGASTE CERATEC 300ML;0;;
222;1761;3722;1761;222.3722;CATEGORIA0;;1;1;0;1;;ADITIVO MELHORA COMBUSTÃO;ADITIVO MELHORA COMBUSTÃO;0;;
222;1761;4012;1761;222.4012;CATEGORIA0;;1;1;0;1;;ADITIVO COMBUSTÍVEL (GPL) 1LT;ADITIVO COMBUSTÍVEL (GPL) 1LT;0;;
222;1761;4066;1761;222.4066;CATEGORIA0;;1;1;0;1;;LIMPEZA SENSOR MASSA AR 200ML;LIMPEZA SENSOR MASSA AR 200ML;0;;
222;1761;5111;1761;222.5111;CATEGORIA0;;1;1;0;1;;LIMPEZA SISTEMA ADMISSAO 400ML;LIMPEZA SISTEMA ADMISSAO 400ML;0;;
222;1761;5128;1761;222.5128;CATEGORIA0;;1;1;0;1;;LIMPEZA SISTEMA INJECÇAO 300ML;LIMPEZA SISTEMA INJECÇAO 300ML;0;;
222;1761;5135;1761;222.5135;CATEGORIA0;;1;1;0;1;;ATF ADITIVO;ATF ADITIVO;0;;
222;1761;5156;1761;222.5156;CATEGORIA0;;1;1;0;1;;ADITIVO COMBUSTÍVEL;ADITIVO COMBUSTÍVEL;0;;
222;1761;5168;1761;222.5168;CATEGORIA0;;1;1;0;1;;LIMPEZA SISTEMA ADMISSAO 400ML;LIMPEZA SISTEMA ADMISSAO 400ML;0;;
222;1761;5169;1761;222.5169;CATEGORIA0;;1;1;0;1;;ADITIVO LIMPEZA FILTRO PARTICULAS;ADITIVO LIMPEZA FILTRO PARTICULAS;0;;
222;1761;5171;1761;222.5171;CATEGORIA0;;1;1;0;1;;ADITIVO LAVAGEM  FILTRO PARTICULAS;ADITIVO LAVAGEM  FILTRO PARTICULAS;0;;
222;1761;5200;1761;222.5200;CATEGORIA0;;1;1;0;1;;LIMPA MOTOR 300ML;LIMPA MOTOR 300ML;0;;
222;1761;6052;1761;222.6052;CATEGORIA0;;1;1;0;1;;SPRAY CORRENTE;SPRAY CORRENTE;0;;
222;1761;6179;1761;222.6179;CATEGORIA0;;1;1;0;1;;COLA DUPLA;COLA DUPLA;0;;
222;1761;6193;1761;222.6193;CATEGORIA0;;1;1;0;1;;COLA EPÓXICA 2 COMP. 48ML;COLA EPÓXICA 2 COMP. 48ML;0;;
222;1761;6194;1761;222.6194;CATEGORIA0;;1;1;0;1;;COLA ESPELHO 1 ML.;COLA ESPELHO 1 ML.;0;;
222;1761;7110;1761;222.7110;CATEGORIA0;;1;1;0;1;;ADITIVO LIMPEZA CATALIZADOR 300ML;ADITIVO LIMPEZA CATALIZADOR 300ML;0;;
222;1761;7384;1761;222.7384;CATEGORIA0;;1;1;0;1;;SPRAY À BASE DE PTFE;SPRAY À BASE DE PTFE;0;;
222;1761;8354;1761;222.8354;CATEGORIA0;;1;1;0;1;;ADITIVO LUBRIFICAÇÃO TUCHES;ADITIVO LUBRIFICAÇÃO TUCHES;0;;
222;1761;8357;1761;222.8357;CATEGORIA0;;1;1;0;1;;ADITIVO PROTEÇÃO DIESEL 250ML;ADITIVO PROTEÇÃO DIESEL 250ML;0;;
222;1761;8810;1761;222.8810;CATEGORIA0;;1;1;0;1;;ANTICONGELANTE MIX RAF PLUS 5LT;ANTICONGELANTE MIX RAF PLUS 5LT;0;;
222;1761.1;8908;1761.1;222.8908;CATEGORIA0;;1;1;0;1;;RACE TECH GT1 10W60 1LT;RACE TECH GT1 10W60 1LT;0;;
222;1761.1;8909;1761.1;222.8909;CATEGORIA0;;1;1;0;1;;RACE TECH GT1 10W60 5LT;RACE TECH GT1 10W60 5LT;0;;
222;1761;8916;1761;222.8916;CATEGORIA0;;1;1;0;1;;SPRAY MONTAGEM;SPRAY MONTAGEM;0;;
222;1761;8931;1761;222.8931;CATEGORIA0;;1;1;0;1;;ADITIVO GASOLINA LIMP CATALISADOR;ADITIVO GASOLINA LIMP CATALISADOR;0;;
222;1761.1;8972;1761.1;222.8972;CATEGORIA0;;1;1;0;1;;TOP TEC 4200 5W30 1L;TOP TEC 4200 5W30 1L;0;;
222;1761.1;8973;1761.1;222.8973;CATEGORIA0;;1;1;0;1;;TOP TEC 4200 5W30 5L;TOP TEC 4200 5W30 5L;0;;
222;1761.1;9503;1761.1;222.9503;CATEGORIA0;;1;1;0;1;;SUPER 10W40 1L;SUPER 10W40 1L;0;;
222;1761.1;9505;1761.1;222.9505;CATEGORIA0;;1;1;0;1;;SUPER 10W40 5L;SUPER 10W40 5L;0;;
222;1761.1;9510;1761.1;222.9510;CATEGORIA0;;1;1;0;1;;TOP TEC 4100 5W40 1L;TOP TEC 4100 5W40 1L;0;;
222;1761.1;9511;1761.1;222.9511;CATEGORIA0;;1;1;0;1;;TOP TEC 4100 5W40 5L;TOP TEC 4100 5W40 5L;0;;
23;1569;325919;1569;325919;CATEGORIA0;;1;1;0;1;;APOIO MOTOR;APOIO MOTOR;0;;
23;1569;541630;1569;541630;CATEGORIA0;;1;1;0;1;;TENSOR CORREIA;TENSOR CORREIA;0;;
23;1569;542888;1569;542888;CATEGORIA0;;1;1;0;1;;TENSOR CORREIA;TENSOR CORREIA;0;;
23;1569;55103;1569;55103;CATEGORIA0;;1;1;0;1;;ROLAMENTO DISTRIBUIÇÃO;ROLAMENTO DISTRIBUIÇÃO;0;;
23;1569;55233;1569;55233;CATEGORIA0;;1;1;0;1;;ROLAMENTO DISTRIBUIÇÃO;ROLAMENTO DISTRIBUIÇÃO;0;;
23;1569;55336;1569;55336;CATEGORIA0;;1;1;0;1;;ROLAMENTO ALTERNADOR;ROLAMENTO ALTERNADOR;0;;
23;1569;55574;1569;55574;CATEGORIA0;;1;1;0;1;;ROLAMENTO DISTRIBUIÇÃO;ROLAMENTO DISTRIBUIÇÃO;0;;
23;1569;55632;1569;55632;CATEGORIA0;;1;1;0;1;;POLI DESVIO;POLI DESVIO;0;;
23;1569;55808;1569;55808;CATEGORIA0;;1;1;0;1;;ROLAMENTO DISTRIBUIÇÃO;ROLAMENTO DISTRIBUIÇÃO;0;;
23;1569;55824;1569;55824;CATEGORIA0;;1;1;0;1;;ROLAMENTO DISTRIBUIÇÃO;ROLAMENTO DISTRIBUIÇÃO;0;;