4;1140;PU 999/1 X;FILTROS MANN;PU999/1X;CATEGORIA0;;1;1;0;1;;FILTRO COMB.;FILTRO COMB.;0;;
37;0170;ML6055;MARCA MONROE;ML6055;CATEGORIA0;;1;1;0;1;;AMORTECEDOR T/ MALA;AMORTECEDOR T/ MALA;0;;
30;1510;1 987 302 153;MATERIAL BOSCH;1987302153;CATEGORIA0;;1;1;0;1;;LÂMPADA 12V HB4 51W;LÂMPADA 12V HB4 51W;0;;
113;1290;VKFS-NI60850-2D0;JUNTAS DIVERSAS AJUSA PAYEN;VKFS-NI60850-2D0;CATEGORIA0;;1;1;0;1;;JUNTAS REPARAÇÃO;JUNTAS REPARAÇÃO;0;;
391;1512;P1253;TRANSMISSOES DIVERSAS;P1253;CATEGORIA0;;1;1;0;1;;TRANSMISSÃO;TRANSMISSÃO;0;;
94;1559;2361033;MARCA METZGER;2361033;CATEGORIA0;;1;1;0;1;;TUBO RETORNO CAIXA DIREÇÃO;TUBO RETORNO CAIXA DIREÇÃO;0;;
481;1521;95592;MARCA JAPKO;95592;CATEGORIA0;;1;1;0;1;;BOMBA P/ EMBRAIAGEM;BOMBA P/ EMBRAIAGEM;0;;
31;0730;KTB211C;CORREIAS CONTINENTAL CTAM;KTB211C;CATEGORIA0;;1;1;0;1;;KIT DISTRIBUIÇÃO;KIT DISTRIBUIÇÃO;0;;
4;1140;C 33 130;FILTROS MANN;C33130;CATEGORIA0;;1;1;0;1;;FILTRO AR;FILTRO AR;0;;
94;1559;8001093;MARCA METZGER;8001093;CATEGORIA0;;1;1;0;1;;GUIA VARETA;GUIA VARETA;0;;
197;0305;LP3875;BOMBAS TRAVAO / EMBR. DIVERSAS LPR;LP3875;CATEGORIA0;;1;1;0;1;;JG. PASTILHAS TRAVÃO;JG. PASTILHAS TRAVÃO;0;;
481;1521;95111;MARCA JAPKO;95111;CATEGORIA0;;1;1;0;1;;BOMBA PRINC. EMBRAIAGEM;BOMBA PRINC. EMBRAIAGEM;0;;
154;10291;B253;MARCA DOLZ;154.B253;CATEGORIA0;;1;1;0;1;;BOMBA ÁGUA DOLZ;BOMBA ÁGUA DOLZ;0;;
94;1559;11.5842;MARCA METZGER;11.5842;CATEGORIA0;;1;1;0;1;;CABO TRAVÃO;CABO TRAVÃO;0;;
206;1561;62507;MAT.DIVERSO A.B.S.;62507;CATEGORIA0;;1;1;0;1;;FORRA;FORRA;0;;
206;1561;112408;MAT.DIVERSO A.B.S.;112408;CATEGORIA0;;1;1;0;1;;INTERRUPTOR;INTERRUPTOR;0;;
197;0305;09110;BOMBAS TRAVAO / EMBR. DIVERSAS LPR;197.09110;CATEGORIA0;;1;1;0;1;;MAXILAS TRAVÃO;MAXILAS TRAVÃO;0;;
37;0170;23852;MARCA MONROE;23852;CATEGORIA0;;1;1;0;1;;AMORTECEDOR MONROE;AMORTECEDOR MONROE;0;;
197;0305;7109;BOMBAS TRAVAO / EMBR. DIVERSAS LPR;197.7109;CATEGORIA0;;1;1;0;1;;BOMBA PRINC. EMBRAIAGEM;BOMBA PRINC. EMBRAIAGEM;0;;
30;1510;0 258 017 178;MATERIAL BOSCH;0258017178;CATEGORIA0;;1;1;0;1;;SONDA LAMBDA;SONDA LAMBDA;0;;
54;1518;9210139;MARCA FTE;9210139;CATEGORIA0;;1;1;0;1;;BOMBA TRAVÃO;BOMBA TRAVÃO;0;;
113;1290;X51221-01;JUNTAS DIVERSAS AJUSA PAYEN;X51221-01;CATEGORIA0;;1;1;0;1;;JUNTA COLECTOR ESCAPE;JUNTA COLECTOR ESCAPE;0;;
10;10284;299.790;MARCA ELRING;10.299.790;CATEGORIA0;;1;1;0;1;;JUNTA CABEÇA;JUNTA CABEÇA;0;;
10;10284;299.810;MARCA ELRING;10.299.810;CATEGORIA0;;1;1;0;1;;JUNTA CABEÇA;JUNTA CABEÇA;0;;
113;1290;X51370-01;JUNTAS DIVERSAS AJUSA PAYEN;X51370-01;CATEGORIA0;;1;1;0;1;;JUNTA COLECTOR ESCAPE;JUNTA COLECTOR ESCAPE;0;;
85;0180;341186;AMORT.DIVERSOS KYB;341186;CATEGORIA0;;1;1;0;1;;AMORTECEDOR;AMORTECEDOR;0;;
206;1561;V25-8121;MAT.DIVERSO A.B.S.;V25-8121;CATEGORIA0;;1;1;0;1;;POLI CAMBOTA;POLI CAMBOTA;0;;
30;1510.1;0986 435 061;MATERIAL INJETORES e BOMBAS PRESSAO BOSCH;0986435061;CATEGORIA0;;1;1;0;1;;INJECTOR;INJECTOR;0;;
4871;0555;TY073S;CABOS EUROPEUS CEF  A.B.S. COFLE;TY073S;CATEGORIA0;;1;1;0;1;;BOMBA AGUA;BOMBA AGUA;0;;
61;1540;LE12110;MATERIAL VAUNER  TYC;LE12110;CATEGORIA0;;1;1;0;1;;GRELHA DE RADIADOR;GRELHA DE RADIADOR;0;;
94;1559;2310508;MARCA METZGER;94.2310508;CATEGORIA0;;1;1;0;1;;PUXADOR  PORTA;PUXADOR  PORTA;0;;
206;2555;42-01390;SUSPENSAO / DIREÇAO DIVERSO  A.B.S.;42-01390;CATEGORIA0;;1;1;0;1;;TERMINAL DIREC. ESQ;TERMINAL DIREC. ESQ;0;;
240;1500;78223;MARCA FAE;FAE78223;CATEGORIA0;;1;1;0;1;;SENSOR;SENSOR;0;;
94;1559;0873030;MARCA METZGER;0873030;CATEGORIA0;;1;1;0;1;;PARAFUSO;PARAFUSO;0;;
4969;10269;38SKV506;MARCA ESEN SKV;38SKV506;CATEGORIA0;;1;1;0;1;;COMUTADOR LUZES/PISCAS;COMUTADOR LUZES/PISCAS;0;;
197;0305;6355;BOMBAS TRAVAO / EMBR. DIVERSAS LPR;197.6355;CATEGORIA0;;1;1;0;1;;BOMBA PRINC. TRAVÕES;BOMBA PRINC. TRAVÕES;0;;
206;2555;40-06187;SUSPENSAO / DIREÇAO DIVERSO  A.B.S.;40-06187;CATEGORIA0;;1;1;0;1;;BRAÇO SUSPENSÃO;BRAÇO SUSPENSÃO;0;;
61;1540;101.6671010;MATERIAL VAUNER  TYC;101.6671010;CATEGORIA0;;1;1;0;1;;FAROL ESQ. C/R FIAT UNO 89-;FAROL ESQ. C/R FIAT UNO 89-;0;;
85;0180;349021;AMORT.DIVERSOS KYB;349021;CATEGORIA0;;1;1;0;1;;AMORTECEDOR KAYABA;AMORTECEDOR KAYABA;0;;
161;1606.1;GDB2251;MATERIAL PASTILHAS TRW;GDB2251;CATEGORIA0;;1;1;0;1;;PASTILHAS TRAVAO TRW;PASTILHAS TRAVAO TRW;0;;
161;1606.1;GDB2255;MATERIAL PASTILHAS TRW;GDB2255;CATEGORIA0;;1;1;0;1;;PASTILHAS TRAVAO TRW;PASTILHAS TRAVAO TRW;0;;
161;1606.1;GDB2301;MATERIAL PASTILHAS TRW;GDB2301;CATEGORIA0;;1;1;0;1;;PASTILHAS TRAVAO TRW;PASTILHAS TRAVAO TRW;0;;
161;1606.1;GDB2302;MATERIAL PASTILHAS TRW;GDB2302;CATEGORIA0;;1;1;0;1;;PASTILHAS TRAVAO TRW;PASTILHAS TRAVAO TRW;0;;
161;1606.1;GDB2305;MATERIAL PASTILHAS TRW;GDB2305;CATEGORIA0;;1;1;0;1;;PASTILHAS TRAVAO TRW;PASTILHAS TRAVAO TRW;0;;
161;1606.4;DF3970;MATERIAL DISCOS TRW;DF3970;CATEGORIA0;;1;1;0;1;;DISCO TRAVÃO TRW;DISCO TRAVÃO TRW;0;;
161;1606.4;DF3978;MATERIAL DISCOS TRW;DF3978;CATEGORIA0;;1;1;0;1;;DISCO TRAVÃO TRW;DISCO TRAVÃO TRW;0;;
161;1606.1;GDB2306;MATERIAL PASTILHAS TRW;GDB2306;CATEGORIA0;;1;1;0;1;;PASTILHAS TRAVAO TRW;PASTILHAS TRAVAO TRW;0;;
161;1606.4;DF3986;MATERIAL DISCOS TRW;DF3986;CATEGORIA0;;1;1;0;1;;DISCO TRAVÃO TRW;DISCO TRAVÃO TRW;0;;
161;1606.4;DF3989;MATERIAL DISCOS TRW;DF3989;CATEGORIA0;;1;1;0;1;;DISCO TRAVÃO TRW;DISCO TRAVÃO TRW;0;;
161;1606.1;GDB2307;MATERIAL PASTILHAS TRW;GDB2307;CATEGORIA0;;1;1;0;1;;PASTILHAS TRAVAO TRW;PASTILHAS TRAVAO TRW;0;;
161;1606.1;GDB2308;MATERIAL PASTILHAS TRW;GDB2308;CATEGORIA0;;1;1;0;1;;PASTILHAS TRAVAO TRW;PASTILHAS TRAVAO TRW;0;;
432;1631;ER4111;MAT.MOTOR KOLBENSCHMIDT;ER4111;CATEGORIA0;;1;1;0;1;;MARTELO;MARTELO;0;;
432;1631;EP4119;MAT.MOTOR KOLBENSCHMIDT;EP4119;CATEGORIA0;;1;1;0;1;;PASTILHA MARTELO;PASTILHA MARTELO;0;;
161;1606.1;GDB2309;MATERIAL PASTILHAS TRW;GDB2309;CATEGORIA0;;1;1;0;1;;PASTILHAS TRAVAO TRW;PASTILHAS TRAVAO TRW;0;;
94;1559;2401319;MARCA METZGER;2401319;CATEGORIA0;;1;1;0;1;;TUBO INTERCOOLER;TUBO INTERCOOLER;0;;
161;1606.1;GDB2310;MATERIAL PASTILHAS TRW;GDB2310;CATEGORIA0;;1;1;0;1;;PASTILHAS TRAVAO TRW;PASTILHAS TRAVAO TRW;0;;
161;1606.1;GDB2313;MATERIAL PASTILHAS TRW;GDB2313;CATEGORIA0;;1;1;0;1;;PASTILHAS TRAVAO TRW;PASTILHAS TRAVAO TRW;0;;
161;1606.1;GDB2317;MATERIAL PASTILHAS TRW;GDB2317;CATEGORIA0;;1;1;0;1;;PASTILHAS TRAVAO TRW;PASTILHAS TRAVAO TRW;0;;
161;1606.1;GDB2318;MATERIAL PASTILHAS TRW;GDB2318;CATEGORIA0;;1;1;0;1;;PASTILHAS TRAVAO TRW;PASTILHAS TRAVAO TRW;0;;
161;1606.5;DB5005;MATERIAL POLI TRW;DB5005;CATEGORIA0;;1;1;0;1;;POLI TRAVAO TRW;POLI TRAVAO TRW;0;;
161;1606.5;DB5006;MATERIAL POLI TRW;DB5006;CATEGORIA0;;1;1;0;1;;POLI TRAVAO TRW;POLI TRAVAO TRW;0;;
161;1606.1;GDB2319;MATERIAL PASTILHAS TRW;GDB2319;CATEGORIA0;;1;1;0;1;;PASTILHAS TRAVAO TRW;PASTILHAS TRAVAO TRW;0;;
161;1606.1;GDB2322;MATERIAL PASTILHAS TRW;GDB2322;CATEGORIA0;;1;1;0;1;;PASTILHAS TRAVAO TRW;PASTILHAS TRAVAO TRW;0;;
161;1606.1;GDB2323;MATERIAL PASTILHAS TRW;GDB2323;CATEGORIA0;;1;1;0;1;;PASTILHAS TRAVAO TRW;PASTILHAS TRAVAO TRW;0;;
161;1606.1;GDB2327;MATERIAL PASTILHAS TRW;GDB2327;CATEGORIA0;;1;1;0;1;;PASTILHAS TRAVAO TRW;PASTILHAS TRAVAO TRW;0;;
161;1606.5;DB4198;MATERIAL POLI TRW;DB4198;CATEGORIA0;;1;1;0;1;;POLI TRAVAO TRW;POLI TRAVAO TRW;0;;
161;1606.5;DB4268;MATERIAL POLI TRW;DB4268;CATEGORIA0;;1;1;0;1;;POLI TRAVAO TRW;POLI TRAVAO TRW;0;;
161;1606.1;GDB2342;MATERIAL PASTILHAS TRW;GDB2342;CATEGORIA0;;1;1;0;1;;PASTILHAS TRAVAO TRW;PASTILHAS TRAVAO TRW;0;;
161;1606.1;GDB2343;MATERIAL PASTILHAS TRW;GDB2343;CATEGORIA0;;1;1;0;1;;PASTILHAS TRAVAO TRW;PASTILHAS TRAVAO TRW;0;;
161;1606.1;GDB2344;MATERIAL PASTILHAS TRW;GDB2344;CATEGORIA0;;1;1;0;1;;PASTILHAS TRAVAO TRW;PASTILHAS TRAVAO TRW;0;;
161;1606.1;GDB2345;MATERIAL PASTILHAS TRW;GDB2345;CATEGORIA0;;1;1;0;1;;PASTILHAS TRAVAO TRW;PASTILHAS TRAVAO TRW;0;;
161;1606.5;DB4291;MATERIAL POLI TRW;DB4291;CATEGORIA0;;1;1;0;1;;POLI TRAVAO TRW;POLI TRAVAO TRW;0;;
161;1606.5;DB4575B;MATERIAL POLI TRW;DB4575B;CATEGORIA0;;1;1;0;1;;POLI TRAVAO TRW;POLI TRAVAO TRW;0;;
161;1606.1;GDB2346;MATERIAL PASTILHAS TRW;GDB2346;CATEGORIA0;;1;1;0;1;;PASTILHAS TRAVAO TRW;PASTILHAS TRAVAO TRW;0;;
161;1606.1;GDB2348;MATERIAL PASTILHAS TRW;GDB2348;CATEGORIA0;;1;1;0;1;;PASTILHAS TRAVAO TRW;PASTILHAS TRAVAO TRW;0;;
161;1606.1;GDB2349;MATERIAL PASTILHAS TRW;GDB2349;CATEGORIA0;;1;1;0;1;;PASTILHAS TRAVAO TRW;PASTILHAS TRAVAO TRW;0;;
161;1606.1;GDB2350;MATERIAL PASTILHAS TRW;GDB2350;CATEGORIA0;;1;1;0;1;;PASTILHAS TRAVAO TRW;PASTILHAS TRAVAO TRW;0;;
161;1606.1;GDB2351;MATERIAL PASTILHAS TRW;GDB2351;CATEGORIA0;;1;1;0;1;;PASTILHAS TRAVAO TRW;PASTILHAS TRAVAO TRW;0;;
161;1606.1;GDB2353;MATERIAL PASTILHAS TRW;GDB2353;CATEGORIA0;;1;1;0;1;;PASTILHAS TRAVAO TRW;PASTILHAS TRAVAO TRW;0;;
161;1606.1;GDB2354;MATERIAL PASTILHAS TRW;GDB2354;CATEGORIA0;;1;1;0;1;;PASTILHAS TRAVAO TRW;PASTILHAS TRAVAO TRW;0;;
161;1606.1;GDB2355;MATERIAL PASTILHAS TRW;GDB2355;CATEGORIA0;;1;1;0;1;;PASTILHAS TRAVAO TRW;PASTILHAS TRAVAO TRW;0;;
161;1606.1;GDB2357;MATERIAL PASTILHAS TRW;GDB2357;CATEGORIA0;;1;1;0;1;;PASTILHAS TRAVAO TRW;PASTILHAS TRAVAO TRW;0;;
161;1606.1;GDB2358;MATERIAL PASTILHAS TRW;GDB2358;CATEGORIA0;;1;1;0;1;;PASTILHAS TRAVAO TRW;PASTILHAS TRAVAO TRW;0;;
161;1606.1;GDB2359;MATERIAL PASTILHAS TRW;GDB2359;CATEGORIA0;;1;1;0;1;;PASTILHAS TRAVAO TRW;PASTILHAS TRAVAO TRW;0;;
161;1606.1;GDB2360;MATERIAL PASTILHAS TRW;GDB2360;CATEGORIA0;;1;1;0;1;;PASTILHAS TRAVAO TRW;PASTILHAS TRAVAO TRW;0;;
161;1606.1;GDB2362;MATERIAL PASTILHAS TRW;GDB2362;CATEGORIA0;;1;1;0;1;;PASTILHAS TRAVAO TRW;PASTILHAS TRAVAO TRW;0;;
161;1606.1;GDB2364;MATERIAL PASTILHAS TRW;GDB2364;CATEGORIA0;;1;1;0;1;;PASTILHAS TRAVAO TRW;PASTILHAS TRAVAO TRW;0;;
161;1606.1;GDB2367;MATERIAL PASTILHAS TRW;GDB2367;CATEGORIA0;;1;1;0;1;;PASTILHAS TRAVAO TRW;PASTILHAS TRAVAO TRW;0;;
161;1606.1;GDB2368;MATERIAL PASTILHAS TRW;GDB2368;CATEGORIA0;;1;1;0;1;;PASTILHAS TRAVAO TRW;PASTILHAS TRAVAO TRW;0;;
161;1606.1;GDB2369;MATERIAL PASTILHAS TRW;GDB2369;CATEGORIA0;;1;1;0;1;;PASTILHAS TRAVAO TRW;PASTILHAS TRAVAO TRW;0;;
161;1606.1;GDB2371;MATERIAL PASTILHAS TRW;GDB2371;CATEGORIA0;;1;1;0;1;;PASTILHAS TRAVAO TRW;PASTILHAS TRAVAO TRW;0;;
161;1606.1;GDB2372;MATERIAL PASTILHAS TRW;GDB2372;CATEGORIA0;;1;1;0;1;;PASTILHAS TRAVAO TRW;PASTILHAS TRAVAO TRW;0;;
161;1606.1;GDB2373;MATERIAL PASTILHAS TRW;GDB2373;CATEGORIA0;;1;1;0;1;;PASTILHAS TRAVAO TRW;PASTILHAS TRAVAO TRW;0;;
161;1606.1;GDB2374;MATERIAL PASTILHAS TRW;GDB2374;CATEGORIA0;;1;1;0;1;;PASTILHAS TRAVAO TRW;PASTILHAS TRAVAO TRW;0;;
161;1606.1;GDB2375;MATERIAL PASTILHAS TRW;GDB2375;CATEGORIA0;;1;1;0;1;;PASTILHAS TRAVAO TRW;PASTILHAS TRAVAO TRW;0;;
161;1606.1;GDB2376;MATERIAL PASTILHAS TRW;GDB2376;CATEGORIA0;;1;1;0;1;;PASTILHAS TRAVAO TRW;PASTILHAS TRAVAO TRW;0;;
161;1606.1;GDB2379;MATERIAL PASTILHAS TRW;GDB2379;CATEGORIA0;;1;1;0;1;;PASTILHAS TRAVAO TRW;PASTILHAS TRAVAO TRW;0;;
161;1606.1;GDB2380BTE;MATERIAL PASTILHAS TRW;GDB2380BTE;CATEGORIA0;;1;1;0;1;;PASTILHAS TRAVAO TRW;PASTILHAS TRAVAO TRW;0;;
161;1606.1;GDB2381;MATERIAL PASTILHAS TRW;GDB2381;CATEGORIA0;;1;1;0;1;;PASTILHAS TRAVAO TRW;PASTILHAS TRAVAO TRW;0;;
161;1606.1;GDB2382;MATERIAL PASTILHAS TRW;GDB2382;CATEGORIA0;;1;1;0;1;;PASTILHAS TRAVAO TRW;PASTILHAS TRAVAO TRW;0;;
161;1606.1;GDB2383;MATERIAL PASTILHAS TRW;GDB2383;CATEGORIA0;;1;1;0;1;;PASTILHAS TRAVAO TRW;PASTILHAS TRAVAO TRW;0;;
161;1606.1;GDB2384;MATERIAL PASTILHAS TRW;GDB2384;CATEGORIA0;;1;1;0;1;;PASTILHAS TRAVAO TRW;PASTILHAS TRAVAO TRW;0;;
161;1606.1;GDB2387;MATERIAL PASTILHAS TRW;GDB2387;CATEGORIA0;;1;1;0;1;;PASTILHAS TRAVAO TRW;PASTILHAS TRAVAO TRW;0;;
161;1606.1;GDB2388;MATERIAL PASTILHAS TRW;GDB2388;CATEGORIA0;;1;1;0;1;;PASTILHAS TRAVAO TRW;PASTILHAS TRAVAO TRW;0;;
161;1606.1;GDB2389;MATERIAL PASTILHAS TRW;GDB2389;CATEGORIA0;;1;1;0;1;;PASTILHAS TRAVAO TRW;PASTILHAS TRAVAO TRW;0;;
161;1606.1;GDB2391;MATERIAL PASTILHAS TRW;GDB2391;CATEGORIA0;;1;1;0;1;;PASTILHAS TRAVAO TRW;PASTILHAS TRAVAO TRW;0;;
161;1606.1;GDB2392;MATERIAL PASTILHAS TRW;GDB2392;CATEGORIA0;;1;1;0;1;;PASTILHAS TRAVAO TRW;PASTILHAS TRAVAO TRW;0;;
161;1606.1;GDB2394;MATERIAL PASTILHAS TRW;GDB2394;CATEGORIA0;;1;1;0;1;;PASTILHAS TRAVAO TRW;PASTILHAS TRAVAO TRW;0;;
161;1606.1;GDB2395;MATERIAL PASTILHAS TRW;GDB2395;CATEGORIA0;;1;1;0;1;;PASTILHAS TRAVAO TRW;PASTILHAS TRAVAO TRW;0;;
161;1606.1;GDB2396;MATERIAL PASTILHAS TRW;GDB2396;CATEGORIA0;;1;1;0;1;;PASTILHAS TRAVAO TRW;PASTILHAS TRAVAO TRW;0;;
161;1606.1;GDB2398;MATERIAL PASTILHAS TRW;GDB2398;CATEGORIA0;;1;1;0;1;;PASTILHAS TRAVAO TRW;PASTILHAS TRAVAO TRW;0;;
161;1606.1;GDB2400;MATERIAL PASTILHAS TRW;GDB2400;CATEGORIA0;;1;1;0;1;;PASTILHAS TRAVAO TRW;PASTILHAS TRAVAO TRW;0;;
161;1606.1;GDB2401BTE;MATERIAL PASTILHAS TRW;GDB2401BTE;CATEGORIA0;;1;1;0;1;;PASTILHAS TRAVAO TRW;PASTILHAS TRAVAO TRW;0;;
161;1606.1;GDB2402BTE;MATERIAL PASTILHAS TRW;GDB2402BTE;CATEGORIA0;;1;1;0;1;;PASTILHAS TRAVAO TRW;PASTILHAS TRAVAO TRW;0;;
161;1606.1;GDB2404;MATERIAL PASTILHAS TRW;GDB2404;CATEGORIA0;;1;1;0;1;;PASTILHAS TRAVAO TRW;PASTILHAS TRAVAO TRW;0;;
161;1606.1;GDB2405;MATERIAL PASTILHAS TRW;GDB2405;CATEGORIA0;;1;1;0;1;;PASTILHAS TRAVAO TRW;PASTILHAS TRAVAO TRW;0;;
161;1606.1;GDB2406;MATERIAL PASTILHAS TRW;GDB2406;CATEGORIA0;;1;1;0;1;;PASTILHAS TRAVAO TRW;PASTILHAS TRAVAO TRW;0;;
161;1606.1;GDB2407;MATERIAL PASTILHAS TRW;GDB2407;CATEGORIA0;;1;1;0;1;;PASTILHAS TRAVAO TRW;PASTILHAS TRAVAO TRW;0;;
161;1606.1;GDB2410;MATERIAL PASTILHAS TRW;GDB2410;CATEGORIA0;;1;1;0;1;;PASTILHAS TRAVAO TRW;PASTILHAS TRAVAO TRW;0;;
161;1606.1;GDB2412;MATERIAL PASTILHAS TRW;GDB2412;CATEGORIA0;;1;1;0;1;;PASTILHAS TRAVAO TRW;PASTILHAS TRAVAO TRW;0;;
161;1606.1;GDB2413;MATERIAL PASTILHAS TRW;GDB2413;CATEGORIA0;;1;1;0;1;;PASTILHAS TRAVAO TRW;PASTILHAS TRAVAO TRW;0;;
161;1606.1;GDB2414;MATERIAL PASTILHAS TRW;GDB2414;CATEGORIA0;;1;1;0;1;;PASTILHAS TRAVAO TRW;PASTILHAS TRAVAO TRW;0;;
161;1606.1;GDB2415;MATERIAL PASTILHAS TRW;GDB2415;CATEGORIA0;;1;1;0;1;;PASTILHAS TRAVAO TRW;PASTILHAS TRAVAO TRW;0;;
161;1606.1;GDB2419;MATERIAL PASTILHAS TRW;GDB2419;CATEGORIA0;;1;1;0;1;;PASTILHAS TRAVAO TRW;PASTILHAS TRAVAO TRW;0;;
161;1606.1;GDB2421;MATERIAL PASTILHAS TRW;GDB2421;CATEGORIA0;;1;1;0;1;;PASTILHAS TRAVAO TRW;PASTILHAS TRAVAO TRW;0;;
161;1606.1;GDB2422;MATERIAL PASTILHAS TRW;GDB2422;CATEGORIA0;;1;1;0;1;;PASTILHAS TRAVAO TRW;PASTILHAS TRAVAO TRW;0;;
161;1606.1;GDB2424;MATERIAL PASTILHAS TRW;GDB2424;CATEGORIA0;;1;1;0;1;;PASTILHAS TRAVAO TRW;PASTILHAS TRAVAO TRW;0;;
161;1606.1;GDB2425;MATERIAL PASTILHAS TRW;GDB2425;CATEGORIA0;;1;1;0;1;;PASTILHAS TRAVAO TRW;PASTILHAS TRAVAO TRW;0;;
161;1606.1;GDB2426;MATERIAL PASTILHAS TRW;GDB2426;CATEGORIA0;;1;1;0;1;;PASTILHAS TRAVAO TRW;PASTILHAS TRAVAO TRW;0;;
161;1606.1;GDB2429;MATERIAL PASTILHAS TRW;GDB2429;CATEGORIA0;;1;1;0;1;;PASTILHAS TRAVAO TRW;PASTILHAS TRAVAO TRW;0;;
161;1606.1;GDB2431BTE;MATERIAL PASTILHAS TRW;GDB2431BTE;CATEGORIA0;;1;1;0;1;;PASTILHAS TRAVAO TRW;PASTILHAS TRAVAO TRW;0;;
161;1606.1;GDB2433;MATERIAL PASTILHAS TRW;GDB2433;CATEGORIA0;;1;1;0;1;;PASTILHAS TRAVAO TRW;PASTILHAS TRAVAO TRW;0;;
161;1606.1;GDB2435;MATERIAL PASTILHAS TRW;GDB2435;CATEGORIA0;;1;1;0;1;;PASTILHAS TRAVAO TRW;PASTILHAS TRAVAO TRW;0;;
161;1606.1;GDB2437;MATERIAL PASTILHAS TRW;GDB2437;CATEGORIA0;;1;1;0;1;;PASTILHAS TRAVAO TRW;PASTILHAS TRAVAO TRW;0;;
161;1606.1;GDB2438;MATERIAL PASTILHAS TRW;GDB2438;CATEGORIA0;;1;1;0;1;;PASTILHAS TRAVAO TRW;PASTILHAS TRAVAO TRW;0;;
161;1606.1;GDB2440;MATERIAL PASTILHAS TRW;GDB2440;CATEGORIA0;;1;1;0;1;;PASTILHAS TRAVAO TRW;PASTILHAS TRAVAO TRW;0;;
161;1606.1;GDB2441;MATERIAL PASTILHAS TRW;GDB2441;CATEGORIA0;;1;1;0;1;;PASTILHAS TRAVAO TRW;PASTILHAS TRAVAO TRW;0;;
161;1606.1;GDB2442;MATERIAL PASTILHAS TRW;GDB2442;CATEGORIA0;;1;1;0;1;;PASTILHAS TRAVAO TRW;PASTILHAS TRAVAO TRW;0;;
161;1606.1;GDB2448;MATERIAL PASTILHAS TRW;GDB2448;CATEGORIA0;;1;1;0;1;;PASTILHAS TRAVAO TRW;PASTILHAS TRAVAO TRW;0;;
161;1606.1;GDB2452;MATERIAL PASTILHAS TRW;GDB2452;CATEGORIA0;;1;1;0;1;;PASTILHAS TRAVAO TRW;PASTILHAS TRAVAO TRW;0;;
161;1606.1;GDB2453;MATERIAL PASTILHAS TRW;GDB2453;CATEGORIA0;;1;1;0;1;;PASTILHAS TRAVAO TRW;PASTILHAS TRAVAO TRW;0;;
161;1606.1;GDB2454;MATERIAL PASTILHAS TRW;GDB2454;CATEGORIA0;;1;1;0;1;;PASTILHAS TRAVAO TRW;PASTILHAS TRAVAO TRW;0;;
161;1606.1;GDB2455;MATERIAL PASTILHAS TRW;GDB2455;CATEGORIA0;;1;1;0;1;;PASTILHAS TRAVAO TRW;PASTILHAS TRAVAO TRW;0;;
161;1606.1;GDB2456;MATERIAL PASTILHAS TRW;GDB2456;CATEGORIA0;;1;1;0;1;;PASTILHAS TRAVAO TRW;PASTILHAS TRAVAO TRW;0;;
161;1606.1;GDB2458;MATERIAL PASTILHAS TRW;GDB2458;CATEGORIA0;;1;1;0;1;;PASTILHAS TRAVAO TRW;PASTILHAS TRAVAO TRW;0;;
161;1606.1;GDB2459;MATERIAL PASTILHAS TRW;GDB2459;CATEGORIA0;;1;1;0;1;;PASTILHAS TRAVAO TRW;PASTILHAS TRAVAO TRW;0;;
161;1606.1;GDB2460;MATERIAL PASTILHAS TRW;GDB2460;CATEGORIA0;;1;1;0;1;;PASTILHAS TRAVAO TRW;PASTILHAS TRAVAO TRW;0;;
161;1606.1;GDB2461;MATERIAL PASTILHAS TRW;GDB2461;CATEGORIA0;;1;1;0;1;;PASTILHAS TRAVAO TRW;PASTILHAS TRAVAO TRW;0;;
161;1606.1;GDB2463;MATERIAL PASTILHAS TRW;GDB2463;CATEGORIA0;;1;1;0;1;;PASTILHAS TRAVAO TRW;PASTILHAS TRAVAO TRW;0;;
161;1606.1;GDB2464;MATERIAL PASTILHAS TRW;GDB2464;CATEGORIA0;;1;1;0;1;;PASTILHAS TRAVAO TRW;PASTILHAS TRAVAO TRW;0;;
161;1606.1;GDB2465;MATERIAL PASTILHAS TRW;GDB2465;CATEGORIA0;;1;1;0;1;;PASTILHAS TRAVAO TRW;PASTILHAS TRAVAO TRW;0;;
161;1606.1;GDB2469;MATERIAL PASTILHAS TRW;GDB2469;CATEGORIA0;;1;1;0;1;;PASTILHAS TRAVAO TRW;PASTILHAS TRAVAO TRW;0;;
161;1606.1;GDB2470;MATERIAL PASTILHAS TRW;GDB2470;CATEGORIA0;;1;1;0;1;;PASTILHAS TRAVAO TRW;PASTILHAS TRAVAO TRW;0;;
161;1606.1;GDB2471;MATERIAL PASTILHAS TRW;GDB2471;CATEGORIA0;;1;1;0;1;;PASTILHAS TRAVAO TRW;PASTILHAS TRAVAO TRW;0;;
161;1606.1;GDB2472;MATERIAL PASTILHAS TRW;GDB2472;CATEGORIA0;;1;1;0;1;;PASTILHAS TRAVAO TRW;PASTILHAS TRAVAO TRW;0;;
161;1606.1;GDB2478;MATERIAL PASTILHAS TRW;GDB2478;CATEGORIA0;;1;1;0;1;;PASTILHAS TRAVAO TRW;PASTILHAS TRAVAO TRW;0;;
161;1606.1;GDB2479;MATERIAL PASTILHAS TRW;GDB2479;CATEGORIA0;;1;1;0;1;;PASTILHAS TRAVAO TRW;PASTILHAS TRAVAO TRW;0;;
161;1606.1;GDB2480;MATERIAL PASTILHAS TRW;GDB2480;CATEGORIA0;;1;1;0;1;;PASTILHAS TRAVAO TRW;PASTILHAS TRAVAO TRW;0;;
161;1606.1;GDB2483;MATERIAL PASTILHAS TRW;GDB2483;CATEGORIA0;;1;1;0;1;;PASTILHAS TRAVAO TRW;PASTILHAS TRAVAO TRW;0;;
161;1606.1;GDB2486;MATERIAL PASTILHAS TRW;GDB2486;CATEGORIA0;;1;1;0;1;;PASTILHAS TRAVAO TRW;PASTILHAS TRAVAO TRW;0;;
161;1606.1;GDB2487;MATERIAL PASTILHAS TRW;GDB2487;CATEGORIA0;;1;1;0;1;;PASTILHAS TRAVAO TRW;PASTILHAS TRAVAO TRW;0;;
161;1606.1;GDB2488;MATERIAL PASTILHAS TRW;GDB2488;CATEGORIA0;;1;1;0;1;;PASTILHAS TRAVAO TRW;PASTILHAS TRAVAO TRW;0;;
161;1606.1;GDB2491;MATERIAL PASTILHAS TRW;GDB2491;CATEGORIA0;;1;1;0;1;;PASTILHAS TRAVAO TRW;PASTILHAS TRAVAO TRW;0;;
161;1606.1;GDB2492;MATERIAL PASTILHAS TRW;GDB2492;CATEGORIA0;;1;1;0;1;;PASTILHAS TRAVAO TRW;PASTILHAS TRAVAO TRW;0;;
161;1606.1;GDB2495BTE;MATERIAL PASTILHAS TRW;GDB2495BTE;CATEGORIA0;;1;1;0;1;;PASTILHAS TRAVAO TRW;PASTILHAS TRAVAO TRW;0;;
161;1606.1;GDB2497BTE;MATERIAL PASTILHAS TRW;GDB2497BTE;CATEGORIA0;;1;1;0;1;;PASTILHAS TRAVAO TRW;PASTILHAS TRAVAO TRW;0;;
161;1606.1;GDB2498;MATERIAL PASTILHAS TRW;GDB2498;CATEGORIA0;;1;1;0;1;;PASTILHAS TRAVAO TRW;PASTILHAS TRAVAO TRW;0;;
161;1606.1;GDB2499;MATERIAL PASTILHAS TRW;GDB2499;CATEGORIA0;;1;1;0;1;;PASTILHAS TRAVAO TRW;PASTILHAS TRAVAO TRW;0;;
161;1606.1;GDB2501;MATERIAL PASTILHAS TRW;GDB2501;CATEGORIA0;;1;1;0;1;;PASTILHAS TRAVAO TRW;PASTILHAS TRAVAO TRW;0;;
161;1606.1;GDB2505;MATERIAL PASTILHAS TRW;GDB2505;CATEGORIA0;;1;1;0;1;;PASTILHAS TRAVAO TRW;PASTILHAS TRAVAO TRW;0;;
161;1606.1;GDB2506;MATERIAL PASTILHAS TRW;GDB2506;CATEGORIA0;;1;1;0;1;;PASTILHAS TRAVAO TRW;PASTILHAS TRAVAO TRW;0;;
161;1606.1;GDB2508;MATERIAL PASTILHAS TRW;GDB2508;CATEGORIA0;;1;1;0;1;;PASTILHAS TRAVAO TRW;PASTILHAS TRAVAO TRW;0;;
161;1606.1;GDB2510;MATERIAL PASTILHAS TRW;GDB2510;CATEGORIA0;;1;1;0;1;;PASTILHAS TRAVAO TRW;PASTILHAS TRAVAO TRW;0;;
161;1606.1;GDB2513;MATERIAL PASTILHAS TRW;GDB2513;CATEGORIA0;;1;1;0;1;;PASTILHAS TRAVAO TRW;PASTILHAS TRAVAO TRW;0;;
161;1606.1;GDB2514;MATERIAL PASTILHAS TRW;GDB2514;CATEGORIA0;;1;1;0;1;;PASTILHAS TRAVAO TRW;PASTILHAS TRAVAO TRW;0;;
161;1606.1;GDB2516;MATERIAL PASTILHAS TRW;GDB2516;CATEGORIA0;;1;1;0;1;;PASTILHAS TRAVAO TRW;PASTILHAS TRAVAO TRW;0;;
161;1606.1;GDB2518BTE;MATERIAL PASTILHAS TRW;GDB2518BTE;CATEGORIA0;;1;1;0;1;;PASTILHAS TRAVAO TRW;PASTILHAS TRAVAO TRW;0;;
161;1606.1;GDB2519;MATERIAL PASTILHAS TRW;GDB2519;CATEGORIA0;;1;1;0;1;;PASTILHAS TRAVAO TRW;PASTILHAS TRAVAO TRW;0;;
161;1606.1;GDB2520;MATERIAL PASTILHAS TRW;GDB2520;CATEGORIA0;;1;1;0;1;;PASTILHAS TRAVAO TRW;PASTILHAS TRAVAO TRW;0;;
161;1606.1;GDB2528;MATERIAL PASTILHAS TRW;GDB2528;CATEGORIA0;;1;1;0;1;;PASTILHAS TRAVAO TRW;PASTILHAS TRAVAO TRW;0;;
161;1606.1;GDB2529;MATERIAL PASTILHAS TRW;GDB2529;CATEGORIA0;;1;1;0;1;;PASTILHAS TRAVAO TRW;PASTILHAS TRAVAO TRW;0;;
161;1606.1;GDB2531BTE;MATERIAL PASTILHAS TRW;GDB2531BTE;CATEGORIA0;;1;1;0;1;;PASTILHAS TRAVAO TRW;PASTILHAS TRAVAO TRW;0;;
161;1606.1;GDB2534;MATERIAL PASTILHAS TRW;GDB2534;CATEGORIA0;;1;1;0;1;;PASTILHAS TRAVAO TRW;PASTILHAS TRAVAO TRW;0;;
161;1606.1;GDB2537;MATERIAL PASTILHAS TRW;GDB2537;CATEGORIA0;;1;1;0;1;;PASTILHAS TRAVAO TRW;PASTILHAS TRAVAO TRW;0;;
161;1606.1;GDB2541;MATERIAL PASTILHAS TRW;GDB2541;CATEGORIA0;;1;1;0;1;;PASTILHAS TRAVAO TRW;PASTILHAS TRAVAO TRW;0;;
161;1606.1;GDB2543;MATERIAL PASTILHAS TRW;GDB2543;CATEGORIA0;;1;1;0;1;;PASTILHAS TRAVAO TRW;PASTILHAS TRAVAO TRW;0;;
161;1606.1;GDB2545;MATERIAL PASTILHAS TRW;GDB2545;CATEGORIA0;;1;1;0;1;;PASTILHAS TRAVAO TRW;PASTILHAS TRAVAO TRW;0;;
161;1606.1;GDB2546;MATERIAL PASTILHAS TRW;GDB2546;CATEGORIA0;;1;1;0;1;;PASTILHAS TRAVAO TRW;PASTILHAS TRAVAO TRW;0;;
161;1606.1;GDB2548BTE;MATERIAL PASTILHAS TRW;GDB2548BTE;CATEGORIA0;;1;1;0;1;;PASTILHAS TRAVAO TRW;PASTILHAS TRAVAO TRW;0;;
161;1606.1;GDB2550;MATERIAL PASTILHAS TRW;GDB2550;CATEGORIA0;;1;1;0;1;;PASTILHAS TRAVAO TRW;PASTILHAS TRAVAO TRW;0;;
161;1606.1;GDB2551;MATERIAL PASTILHAS TRW;GDB2551;CATEGORIA0;;1;1;0;1;;PASTILHAS TRAVAO TRW;PASTILHAS TRAVAO TRW;0;;
161;1606.1;GDB2555BTE;MATERIAL PASTILHAS TRW;GDB2555BTE;CATEGORIA0;;1;1;0;1;;PASTILHAS TRAVAO TRW;PASTILHAS TRAVAO TRW;0;;
161;1606.1;GDB2560;MATERIAL PASTILHAS TRW;GDB2560;CATEGORIA0;;1;1;0;1;;PASTILHAS TRAVAO TRW;PASTILHAS TRAVAO TRW;0;;
161;1606.1;GDB2561;MATERIAL PASTILHAS TRW;GDB2561;CATEGORIA0;;1;1;0;1;;PASTILHAS TRAVAO TRW;PASTILHAS TRAVAO TRW;0;;
161;1606.1;GDB2563;MATERIAL PASTILHAS TRW;GDB2563;CATEGORIA0;;1;1;0;1;;PASTILHAS TRAVAO TRW;PASTILHAS TRAVAO TRW;0;;
161;1606.1;GDB2565;MATERIAL PASTILHAS TRW;GDB2565;CATEGORIA0;;1;1;0;1;;PASTILHAS TRAVAO TRW;PASTILHAS TRAVAO TRW;0;;
161;1606.1;GDB2568;MATERIAL PASTILHAS TRW;GDB2568;CATEGORIA0;;1;1;0;1;;PASTILHAS TRAVAO TRW;PASTILHAS TRAVAO TRW;0;;
161;1606.1;GDB2572;MATERIAL PASTILHAS TRW;GDB2572;CATEGORIA0;;1;1;0;1;;PASTILHAS TRAVAO TRW;PASTILHAS TRAVAO TRW;0;;
161;1606.1;GDB2573;MATERIAL PASTILHAS TRW;GDB2573;CATEGORIA0;;1;1;0;1;;PASTILHAS TRAVAO TRW;PASTILHAS TRAVAO TRW;0;;
161;1606.1;GDB2577;MATERIAL PASTILHAS TRW;GDB2577;CATEGORIA0;;1;1;0;1;;PASTILHAS TRAVAO TRW;PASTILHAS TRAVAO TRW;0;;
161;1606.1;GDB2580;MATERIAL PASTILHAS TRW;GDB2580;CATEGORIA0;;1;1;0;1;;PASTILHAS TRAVAO TRW;PASTILHAS TRAVAO TRW;0;;
161;1606.1;GDB2592;MATERIAL PASTILHAS TRW;GDB2592;CATEGORIA0;;1;1;0;1;;PASTILHAS TRAVAO TRW;PASTILHAS TRAVAO TRW;0;;
161;1606.1;GDB2593;MATERIAL PASTILHAS TRW;GDB2593;CATEGORIA0;;1;1;0;1;;PASTILHAS TRAVAO TRW;PASTILHAS TRAVAO TRW;0;;
161;1606.1;GDB2598;MATERIAL PASTILHAS TRW;GDB2598;CATEGORIA0;;1;1;0;1;;PASTILHAS TRAVAO TRW;PASTILHAS TRAVAO TRW;0;;
161;1606.1;GDB2608;MATERIAL PASTILHAS TRW;GDB2608;CATEGORIA0;;1;1;0;1;;PASTILHAS TRAVAO TRW;PASTILHAS TRAVAO TRW;0;;
161;1606.1;GDB2609;MATERIAL PASTILHAS TRW;GDB2609;CATEGORIA0;;1;1;0;1;;PASTILHAS TRAVAO TRW;PASTILHAS TRAVAO TRW;0;;
161;1606.1;GDB2613;MATERIAL PASTILHAS TRW;GDB2613;CATEGORIA0;;1;1;0;1;;PASTILHAS TRAVAO TRW;PASTILHAS TRAVAO TRW;0;;
161;1606.1;GDB2615;MATERIAL PASTILHAS TRW;GDB2615;CATEGORIA0;;1;1;0;1;;PASTILHAS TRAVAO TRW;PASTILHAS TRAVAO TRW;0;;
161;1606.1;GDB2617;MATERIAL PASTILHAS TRW;GDB2617;CATEGORIA0;;1;1;0;1;;PASTILHAS TRAVAO TRW;PASTILHAS TRAVAO TRW;0;;
161;1606.1;GDB2621;MATERIAL PASTILHAS TRW;GDB2621;CATEGORIA0;;1;1;0;1;;PASTILHAS TRAVAO TRW;PASTILHAS TRAVAO TRW;0;;
161;1606.1;GDB2622;MATERIAL PASTILHAS TRW;GDB2622;CATEGORIA0;;1;1;0;1;;PASTILHAS TRAVAO TRW;PASTILHAS TRAVAO TRW;0;;
161;1606.1;GDB8310;MATERIAL PASTILHAS TRW;GDB8310;CATEGORIA0;;1;1;0;1;;PASTILHAS TRAVAO TRW;PASTILHAS TRAVAO TRW;0;;
161;1606.4;DF3964S;MATERIAL DISCOS TRW;DF3964S;CATEGORIA0;;1;1;0;1;;DISCO TRAVÃO TRW;DISCO TRAVÃO TRW;0;;
161;1606.4;DF3969S;MATERIAL DISCOS TRW;DF3969S;CATEGORIA0;;1;1;0;1;;DISCO TRAVÃO TRW;DISCO TRAVÃO TRW;0;;
161;1606.4;DF4598S;MATERIAL DISCOS TRW;DF4598S;CATEGORIA0;;1;1;0;1;;DISCO TRAVÃO TRW;DISCO TRAVÃO TRW;0;;
161;1606.4;DF4607S;MATERIAL DISCOS TRW;DF4607S;CATEGORIA0;;1;1;0;1;;DISCO TRAVÃO TRW;DISCO TRAVÃO TRW;0;;
161;1606.4;DF4610;MATERIAL DISCOS TRW;DF4610;CATEGORIA0;;1;1;0;1;;DISCO TRAVÃO TRW;DISCO TRAVÃO TRW;0;;
161;1606.4;DF4611S;MATERIAL DISCOS TRW;DF4611S;CATEGORIA0;;1;1;0;1;;DISCO TRAVÃO TRW;DISCO TRAVÃO TRW;0;;
161;1606.4;DF4615;MATERIAL DISCOS TRW;DF4615;CATEGORIA0;;1;1;0;1;;DISCO TRAVÃO TRW;DISCO TRAVÃO TRW;0;;
161;1606.4;DF4616S;MATERIAL DISCOS TRW;DF4616S;CATEGORIA0;;1;1;0;1;;DISCO TRAVÃO TRW;DISCO TRAVÃO TRW;0;;
161;1606.4;DF4624;MATERIAL DISCOS TRW;DF4624;CATEGORIA0;;1;1;0;1;;DISCO TRAVÃO TRW;DISCO TRAVÃO TRW;0;;
161;1606.4;DF4630;MATERIAL DISCOS TRW;DF4630;CATEGORIA0;;1;1;0;1;;DISCO TRAVÃO TRW;DISCO TRAVÃO TRW;0;;
161;1606.4;DF4632S;MATERIAL DISCOS TRW;DF4632S;CATEGORIA0;;1;1;0;1;;DISCO TRAVÃO TRW;DISCO TRAVÃO TRW;0;;
161;1606.4;DF4634S;MATERIAL DISCOS TRW;DF4634S;CATEGORIA0;;1;1;0;1;;DISCO TRAVÃO TRW;DISCO TRAVÃO TRW;0;;
161;1606.4;DF4637;MATERIAL DISCOS TRW;DF4637;CATEGORIA0;;1;1;0;1;;DISCO TRAVÃO TRW;DISCO TRAVÃO TRW;0;;
161;1606.4;DF4638S;MATERIAL DISCOS TRW;DF4638S;CATEGORIA0;;1;1;0;1;;DISCO TRAVÃO TRW;DISCO TRAVÃO TRW;0;;
161;1606.4;DF4639;MATERIAL DISCOS TRW;DF4639;CATEGORIA0;;1;1;0;1;;DISCO TRAVÃO TRW;DISCO TRAVÃO TRW;0;;
161;1606.4;DF4640;MATERIAL DISCOS TRW;DF4640;CATEGORIA0;;1;1;0;1;;DISCO TRAVÃO TRW;DISCO TRAVÃO TRW;0;;
161;1606.4;DF4641;MATERIAL DISCOS TRW;DF4641;CATEGORIA0;;1;1;0;1;;DISCO TRAVÃO TRW;DISCO TRAVÃO TRW;0;;
161;1606.4;DF6025;MATERIAL DISCOS TRW;DF6025;CATEGORIA0;;1;1;0;1;;DISCO TRAVÃO TRW;DISCO TRAVÃO TRW;0;;
161;1606.5;DB5021;MATERIAL POLI TRW;DB5021;CATEGORIA0;;1;1;0;1;;POLI TRAVAO TRW;POLI TRAVAO TRW;0;;
161;1606.5;DB5023;MATERIAL POLI TRW;DB5023;CATEGORIA0;;1;1;0;1;;POLI TRAVAO TRW;POLI TRAVAO TRW;0;;
161;1606.4;DF6036;MATERIAL DISCOS TRW;DF6036;CATEGORIA0;;1;1;0;1;;DISCO TRAVÃO TRW;DISCO TRAVÃO TRW;0;;
161;1606.4;DF6549BS;MATERIAL DISCOS TRW;DF6549BS;CATEGORIA0;;1;1;0;1;;DISCO TRAVÃO TRW;DISCO TRAVÃO TRW;0;;
161;1606.4;DF6551S;MATERIAL DISCOS TRW;DF6551S;CATEGORIA0;;1;1;0;1;;DISCO TRAVÃO TRW;DISCO TRAVÃO TRW;0;;
161;1606.4;DF6553;MATERIAL DISCOS TRW;DF6553;CATEGORIA0;;1;1;0;1;;DISCO TRAVÃO TRW;DISCO TRAVÃO TRW;0;;
161;1606.4;DF6568;MATERIAL DISCOS TRW;DF6568;CATEGORIA0;;1;1;0;1;;DISCO TRAVÃO TRW;DISCO TRAVÃO TRW;0;;
161;1606.4;DF6569S;MATERIAL DISCOS TRW;DF6569S;CATEGORIA0;;1;1;0;1;;DISCO TRAVÃO TRW;DISCO TRAVÃO TRW;0;;
161;1606.4;DF6570;MATERIAL DISCOS TRW;DF6570;CATEGORIA0;;1;1;0;1;;DISCO TRAVÃO TRW;DISCO TRAVÃO TRW;0;;
161;1606.4;DF6573;MATERIAL DISCOS TRW;DF6573;CATEGORIA0;;1;1;0;1;;DISCO TRAVÃO TRW;DISCO TRAVÃO TRW;0;;
161;1606.4;DF6575;MATERIAL DISCOS TRW;DF6575;CATEGORIA0;;1;1;0;1;;DISCO TRAVÃO TRW;DISCO TRAVÃO TRW;0;;
161;1606.4;DF6576;MATERIAL DISCOS TRW;DF6576;CATEGORIA0;;1;1;0;1;;DISCO TRAVÃO TRW;DISCO TRAVÃO TRW;0;;
161;1606.4;DF6585S;MATERIAL DISCOS TRW;DF6585S;CATEGORIA0;;1;1;0;1;;DISCO TRAVÃO TRW;DISCO TRAVÃO TRW;0;;
161;1606.4;DF6589S;MATERIAL DISCOS TRW;DF6589S;CATEGORIA0;;1;1;0;1;;DISCO TRAVÃO TRW;DISCO TRAVÃO TRW;0;;
161;1606.4;DF6596S;MATERIAL DISCOS TRW;DF6596S;CATEGORIA0;;1;1;0;1;;DISCO TRAVÃO TRW;DISCO TRAVÃO TRW;0;;
161;1606.4;DF6636S;MATERIAL DISCOS TRW;DF6636S;CATEGORIA0;;1;1;0;1;;DISCO TRAVÃO TRW;DISCO TRAVÃO TRW;0;;
161;1606.4;DF6638S;MATERIAL DISCOS TRW;DF6638S;CATEGORIA0;;1;1;0;1;;DISCO TRAVÃO TRW;DISCO TRAVÃO TRW;0;;
161;1606.4;DF6639S;MATERIAL DISCOS TRW;DF6639S;CATEGORIA0;;1;1;0;1;;DISCO TRAVÃO TRW;DISCO TRAVÃO TRW;0;;
161;1606.4;DF6708;MATERIAL DISCOS TRW;DF6708;CATEGORIA0;;1;1;0;1;;DISCO TRAVÃO TRW;DISCO TRAVÃO TRW;0;;
161;1606.4;DF6717S;MATERIAL DISCOS TRW;DF6717S;CATEGORIA0;;1;1;0;1;;DISCO TRAVÃO TRW;DISCO TRAVÃO TRW;0;;
161;1606.4;DF6723S;MATERIAL DISCOS TRW;DF6723S;CATEGORIA0;;1;1;0;1;;DISCO TRAVÃO TRW;DISCO TRAVÃO TRW;0;;
161;1606.4;DF6724S;MATERIAL DISCOS TRW;DF6724S;CATEGORIA0;;1;1;0;1;;DISCO TRAVÃO TRW;DISCO TRAVÃO TRW;0;;
161;1606.4;DF6725;MATERIAL DISCOS TRW;DF6725;CATEGORIA0;;1;1;0;1;;DISCO TRAVÃO TRW;DISCO TRAVÃO TRW;0;;
161;1606.4;DF6726S;MATERIAL DISCOS TRW;DF6726S;CATEGORIA0;;1;1;0;1;;DISCO TRAVÃO TRW;DISCO TRAVÃO TRW;0;;
161;1606.4;DF6729S;MATERIAL DISCOS TRW;DF6729S;CATEGORIA0;;1;1;0;1;;DISCO TRAVÃO TRW;DISCO TRAVÃO TRW;0;;
161;1606.4;DF6730;MATERIAL DISCOS TRW;DF6730;CATEGORIA0;;1;1;0;1;;DISCO TRAVÃO TRW;DISCO TRAVÃO TRW;0;;
161;1606.4;DF6732;MATERIAL DISCOS TRW;DF6732;CATEGORIA0;;1;1;0;1;;DISCO TRAVÃO TRW;DISCO TRAVÃO TRW;0;;
161;1606.4;DF6733S;MATERIAL DISCOS TRW;DF6733S;CATEGORIA0;;1;1;0;1;;DISCO TRAVÃO TRW;DISCO TRAVÃO TRW;0;;
161;1606.4;DF6734;MATERIAL DISCOS TRW;DF6734;CATEGORIA0;;1;1;0;1;;DISCO TRAVÃO TRW;DISCO TRAVÃO TRW;0;;
161;1606.4;DF6738;MATERIAL DISCOS TRW;DF6738;CATEGORIA0;;1;1;0;1;;DISCO TRAVÃO TRW;DISCO TRAVÃO TRW;0;;
161;1606.4;DF6746;MATERIAL DISCOS TRW;DF6746;CATEGORIA0;;1;1;0;1;;DISCO TRAVÃO TRW;DISCO TRAVÃO TRW;0;;
161;1606.4;DF6754;MATERIAL DISCOS TRW;DF6754;CATEGORIA0;;1;1;0;1;;DISCO TRAVÃO TRW;DISCO TRAVÃO TRW;0;;
161;1606.4;DF6759;MATERIAL DISCOS TRW;DF6759;CATEGORIA0;;1;1;0;1;;DISCO TRAVÃO TRW;DISCO TRAVÃO TRW;0;;
161;1606.4;DF6761S;MATERIAL DISCOS TRW;DF6761S;CATEGORIA0;;1;1;0;1;;DISCO TRAVÃO TRW;DISCO TRAVÃO TRW;0;;
161;1606.4;DF6762S;MATERIAL DISCOS TRW;DF6762S;CATEGORIA0;;1;1;0;1;;DISCO TRAVÃO TRW;DISCO TRAVÃO TRW;0;;
161;1606.4;DF6763S;MATERIAL DISCOS TRW;DF6763S;CATEGORIA0;;1;1;0;1;;DISCO TRAVÃO TRW;DISCO TRAVÃO TRW;0;;
161;1606.4;DF6769;MATERIAL DISCOS TRW;DF6769;CATEGORIA0;;1;1;0;1;;DISCO TRAVÃO TRW;DISCO TRAVÃO TRW;0;;
161;1606.4;DF6770S;MATERIAL DISCOS TRW;DF6770S;CATEGORIA0;;1;1;0;1;;DISCO TRAVÃO TRW;DISCO TRAVÃO TRW;0;;
161;1606.4;DF6773;MATERIAL DISCOS TRW;DF6773;CATEGORIA0;;1;1;0;1;;DISCO TRAVÃO TRW;DISCO TRAVÃO TRW;0;;
161;1606.4;DF6774S;MATERIAL DISCOS TRW;DF6774S;CATEGORIA0;;1;1;0;1;;DISCO TRAVÃO TRW;DISCO TRAVÃO TRW;0;;
161;1606.4;DF6780;MATERIAL DISCOS TRW;DF6780;CATEGORIA0;;1;1;0;1;;DISCO TRAVÃO TRW;DISCO TRAVÃO TRW;0;;
161;1606.4;DF6797S;MATERIAL DISCOS TRW;DF6797S;CATEGORIA0;;1;1;0;1;;DISCO TRAVÃO TRW;DISCO TRAVÃO TRW;0;;
161;1606.4;DF6813S;MATERIAL DISCOS TRW;DF6813S;CATEGORIA0;;1;1;0;1;;DISCO TRAVÃO TRW;DISCO TRAVÃO TRW;0;;
161;1606.4;DF6817S;MATERIAL DISCOS TRW;DF6817S;CATEGORIA0;;1;1;0;1;;DISCO TRAVÃO TRW;DISCO TRAVÃO TRW;0;;
161;1606.4;DF6818;MATERIAL DISCOS TRW;DF6818;CATEGORIA0;;1;1;0;1;;DISCO TRAVÃO TRW;DISCO TRAVÃO TRW;0;;
161;1606.4;DF6828;MATERIAL DISCOS TRW;DF6828;CATEGORIA0;;1;1;0;1;;DISCO TRAVÃO TRW;DISCO TRAVÃO TRW;0;;
161;1606.4;DF6829S;MATERIAL DISCOS TRW;DF6829S;CATEGORIA0;;1;1;0;1;;DISCO TRAVÃO TRW;DISCO TRAVÃO TRW;0;;
161;1606.4;DF6831;MATERIAL DISCOS TRW;DF6831;CATEGORIA0;;1;1;0;1;;DISCO TRAVÃO TRW;DISCO TRAVÃO TRW;0;;
161;1606.4;DF6834S;MATERIAL DISCOS TRW;DF6834S;CATEGORIA0;;1;1;0;1;;DISCO TRAVÃO TRW;DISCO TRAVÃO TRW;0;;
161;1606.4;DF6837S;MATERIAL DISCOS TRW;DF6837S;CATEGORIA0;;1;1;0;1;;DISCO TRAVÃO TRW;DISCO TRAVÃO TRW;0;;
161;1606.4;DF6838;MATERIAL DISCOS TRW;DF6838;CATEGORIA0;;1;1;0;1;;DISCO TRAVÃO TRW;DISCO TRAVÃO TRW;0;;
161;1606.4;DF6848S;MATERIAL DISCOS TRW;DF6848S;CATEGORIA0;;1;1;0;1;;DISCO TRAVÃO TRW;DISCO TRAVÃO TRW;0;;
161;1606.4;DF6849S;MATERIAL DISCOS TRW;DF6849S;CATEGORIA0;;1;1;0;1;;DISCO TRAVÃO TRW;DISCO TRAVÃO TRW;0;;
161;1606.4;DF6851;MATERIAL DISCOS TRW;DF6851;CATEGORIA0;;1;1;0;1;;DISCO TRAVÃO TRW;DISCO TRAVÃO TRW;0;;
161;1606.4;DF6858S;MATERIAL DISCOS TRW;DF6858S;CATEGORIA0;;1;1;0;1;;DISCO TRAVÃO TRW;DISCO TRAVÃO TRW;0;;
161;1606.4;DF6865S;MATERIAL DISCOS TRW;DF6865S;CATEGORIA0;;1;1;0;1;;DISCO TRAVÃO TRW;DISCO TRAVÃO TRW;0;;
161;1606.4;DF6875;MATERIAL DISCOS TRW;DF6875;CATEGORIA0;;1;1;0;1;;DISCO TRAVÃO TRW;DISCO TRAVÃO TRW;0;;
161;1606.4;DF6877S;MATERIAL DISCOS TRW;DF6877S;CATEGORIA0;;1;1;0;1;;DISCO TRAVÃO TRW;DISCO TRAVÃO TRW;0;;
161;1606.4;DF6895S;MATERIAL DISCOS TRW;DF6895S;CATEGORIA0;;1;1;0;1;;DISCO TRAVÃO TRW;DISCO TRAVÃO TRW;0;;
161;1606.4;DF6896S;MATERIAL DISCOS TRW;DF6896S;CATEGORIA0;;1;1;0;1;;DISCO TRAVÃO TRW;DISCO TRAVÃO TRW;0;;
161;1606.4;DF6899S;MATERIAL DISCOS TRW;DF6899S;CATEGORIA0;;1;1;0;1;;DISCO TRAVÃO TRW;DISCO TRAVÃO TRW;0;;
161;1606.4;DF6914S;MATERIAL DISCOS TRW;DF6914S;CATEGORIA0;;1;1;0;1;;DISCO TRAVÃO TRW;DISCO TRAVÃO TRW;0;;
161;1606.4;DF6916S;MATERIAL DISCOS TRW;DF6916S;CATEGORIA0;;1;1;0;1;;DISCO TRAVÃO TRW;DISCO TRAVÃO TRW;0;;
161;1606.4;DF6917S;MATERIAL DISCOS TRW;DF6917S;CATEGORIA0;;1;1;0;1;;DISCO TRAVÃO TRW;DISCO TRAVÃO TRW;0;;
161;1606.4;DF6924S;MATERIAL DISCOS TRW;DF6924S;CATEGORIA0;;1;1;0;1;;DISCO TRAVÃO TRW;DISCO TRAVÃO TRW;0;;
161;1606.4;DF6931S;MATERIAL DISCOS TRW;DF6931S;CATEGORIA0;;1;1;0;1;;DISCO TRAVÃO TRW;DISCO TRAVÃO TRW;0;;
161;1606.4;DF6941;MATERIAL DISCOS TRW;DF6941;CATEGORIA0;;1;1;0;1;;DISCO TRAVÃO TRW;DISCO TRAVÃO TRW;0;;
161;1606.4;DF6942S;MATERIAL DISCOS TRW;DF6942S;CATEGORIA0;;1;1;0;1;;DISCO TRAVÃO TRW;DISCO TRAVÃO TRW;0;;
161;1606.4;DF6946S;MATERIAL DISCOS TRW;DF6946S;CATEGORIA0;;1;1;0;1;;DISCO TRAVÃO TRW;DISCO TRAVÃO TRW;0;;
161;1606.4;DF6961S;MATERIAL DISCOS TRW;DF6961S;CATEGORIA0;;1;1;0;1;;DISCO TRAVÃO TRW;DISCO TRAVÃO TRW;0;;
161;1606.4;DF6968S;MATERIAL DISCOS TRW;DF6968S;CATEGORIA0;;1;1;0;1;;DISCO TRAVÃO TRW;DISCO TRAVÃO TRW;0;;
161;1606.4;DF6973S;MATERIAL DISCOS TRW;DF6973S;CATEGORIA0;;1;1;0;1;;DISCO TRAVÃO TRW;DISCO TRAVÃO TRW;0;;
161;1606.4;DF6976;MATERIAL DISCOS TRW;DF6976;CATEGORIA0;;1;1;0;1;;DISCO TRAVÃO TRW;DISCO TRAVÃO TRW;0;;
161;1606.4;DF6978S;MATERIAL DISCOS TRW;DF6978S;CATEGORIA0;;1;1;0;1;;DISCO TRAVÃO TRW;DISCO TRAVÃO TRW;0;;
161;1606.4;DF6979S;MATERIAL DISCOS TRW;DF6979S;CATEGORIA0;;1;1;0;1;;DISCO TRAVÃO TRW;DISCO TRAVÃO TRW;0;;
161;1606.4;DF6981S;MATERIAL DISCOS TRW;DF6981S;CATEGORIA0;;1;1;0;1;;DISCO TRAVÃO TRW;DISCO TRAVÃO TRW;0;;
161;1606.4;DF6984;MATERIAL DISCOS TRW;DF6984;CATEGORIA0;;1;1;0;1;;DISCO TRAVÃO TRW;DISCO TRAVÃO TRW;0;;
161;1606.4;DF6992S;MATERIAL DISCOS TRW;DF6992S;CATEGORIA0;;1;1;0;1;;DISCO TRAVÃO TRW;DISCO TRAVÃO TRW;0;;
161;1606.4;DF6998S;MATERIAL DISCOS TRW;DF6998S;CATEGORIA0;;1;1;0;1;;DISCO TRAVÃO TRW;DISCO TRAVÃO TRW;0;;
161;1606.3;BWB1012;MATERIAL BOMBAS TRAVAO TRW;BWB1012;CATEGORIA0;;1;1;0;1;;BOMBA TRAVÃO TRW;BOMBA TRAVÃO TRW;0;;
161;1606.3;BWC299;MATERIAL BOMBAS TRAVAO TRW;BWC299;CATEGORIA0;;1;1;0;1;;BOMBA TRAVÃO TRW;BOMBA TRAVÃO TRW;0;;
161;1606.3;BWC300;MATERIAL BOMBAS TRAVAO TRW;BWC300;CATEGORIA0;;1;1;0;1;;BOMBA TRAVÃO TRW;BOMBA TRAVÃO TRW;0;;
161;1606.3;BWC301;MATERIAL BOMBAS TRAVAO TRW;BWC301;CATEGORIA0;;1;1;0;1;;BOMBA TRAVÃO TRW;BOMBA TRAVÃO TRW;0;;
161;1606.3;BWD382;MATERIAL BOMBAS TRAVAO TRW;BWD382;CATEGORIA0;;1;1;0;1;;BOMBA TRAVÃO TRW;BOMBA TRAVÃO TRW;0;;
161;1606.3;BWD383;MATERIAL BOMBAS TRAVAO TRW;BWD383;CATEGORIA0;;1;1;0;1;;BOMBA TRAVÃO TRW;BOMBA TRAVÃO TRW;0;;
161;1606.3;BWF1000;MATERIAL BOMBAS TRAVAO TRW;BWF1000;CATEGORIA0;;1;1;0;1;;BOMBA TRAVÃO TRW;BOMBA TRAVÃO TRW;0;;
161;1606.3;BWF1002;MATERIAL BOMBAS TRAVAO TRW;BWF1002;CATEGORIA0;;1;1;0;1;;BOMBA TRAVÃO TRW;BOMBA TRAVÃO TRW;0;;
161;1606.3;BWF1004;MATERIAL BOMBAS TRAVAO TRW;BWF1004;CATEGORIA0;;1;1;0;1;;BOMBA TRAVÃO TRW;BOMBA TRAVÃO TRW;0;;
161;1606.3;BWF1011;MATERIAL BOMBAS TRAVAO TRW;BWF1011;CATEGORIA0;;1;1;0;1;;BOMBA TRAVÃO TRW;BOMBA TRAVÃO TRW;0;;
161;1606.3;BWH1001;MATERIAL BOMBAS TRAVAO TRW;BWH1001;CATEGORIA0;;1;1;0;1;;BOMBA TRAVÃO TRW;BOMBA TRAVÃO TRW;0;;
161;1606.3;BWH1010;MATERIAL BOMBAS TRAVAO TRW;BWH1010;CATEGORIA0;;1;1;0;1;;BOMBA TRAVÃO TRW;BOMBA TRAVÃO TRW;0;;
161;1606.3;BWH1013;MATERIAL BOMBAS TRAVAO TRW;BWH1013;CATEGORIA0;;1;1;0;1;;BOMBA TRAVÃO TRW;BOMBA TRAVÃO TRW;0;;
161;1606.3;BWH1014;MATERIAL BOMBAS TRAVAO TRW;BWH1014;CATEGORIA0;;1;1;0;1;;BOMBA TRAVÃO TRW;BOMBA TRAVÃO TRW;0;;
161;1606.3;BWK1003;MATERIAL BOMBAS TRAVAO TRW;BWK1003;CATEGORIA0;;1;1;0;1;;BOMBA TRAVÃO TRW;BOMBA TRAVÃO TRW;0;;
161;1606.3;BWK1005;MATERIAL BOMBAS TRAVAO TRW;BWK1005;CATEGORIA0;;1;1;0;1;;BOMBA TRAVÃO TRW;BOMBA TRAVÃO TRW;0;;
161;1606.3;BWN519;MATERIAL BOMBAS TRAVAO TRW;BWN519;CATEGORIA0;;1;1;0;1;;BOMBA TRAVÃO TRW;BOMBA TRAVÃO TRW;0;;
33;1520;TH21892G1;MARCA GATES;TH21892G1;CATEGORIA0;;1;1;0;1;;TERMOSTATO;TERMOSTATO;0;;
166;1305;CKT-619RB;EMBRAIAGENS DIVERSAS AISIN;CKT619RB;CATEGORIA0;;1;1;0;1;;KIT EMBRAIAGEM AISIN;KIT EMBRAIAGEM AISIN;0;;
37;0170;G1057;MARCA MONROE;G1057;CATEGORIA0;;1;1;0;1;;AMORTECEDOR;AMORTECEDOR;0;;
94;1559;2401044;MARCA METZGER;94.2401044;CATEGORIA0;;1;1;0;1;;TUBO ADMISSAO;TUBO ADMISSAO;0;;
21;1608;567795;MARCA VALEO;567795;CATEGORIA0;;1;1;0;1;;ESCOVA L/ VIDROS UM8;ESCOVA L/ VIDROS UM8;0;;
21;1608;251219;MARCA VALEO;251219;CATEGORIA0;;1;1;0;1;;COMUTADOR  LUZES;COMUTADOR  LUZES;0;;
4664;1560;09019;MARCA METALCAUCHO;MC9019;CATEGORIA0;;1;1;0;1;;JG. TUBOS ÁGUA;JG. TUBOS ÁGUA;0;;
152;1850;4384.00;MARCA ROADHOUSE;4384.00;CATEGORIA0;;1;1;0;1;;MAXILAS TRAVÃO;MAXILAS TRAVÃO;0;;
37;0170;E7047;MARCA MONROE;E7047;CATEGORIA0;;1;1;0;1;;AMORTECEDOR;AMORTECEDOR;0;;
432;1631;87701600;MAT.MOTOR KOLBENSCHMIDT;87701600;CATEGORIA0;;1;1;0;1;;BRONZES BIELA;BRONZES BIELA;0;;
206;1561;36301;MAT.DIVERSO A.B.S.;RF0123907;CATEGORIA0;;1;1;0;1;;TERMICO VENTOINHA;TERMICO VENTOINHA;0;;
31;0730;CT641;CORREIAS CONTINENTAL CTAM;CT641;CATEGORIA0;;1;1;0;1;;CORREIA DISTRIBUIÇÃO;CORREIA DISTRIBUIÇÃO;0;;
204;1299;535 0098 10;ROLAMENTOS INA;535009810;CATEGORIA0;;1;1;0;1;;TENSOR ALTERNADOR INA;TENSOR ALTERNADOR INA;0;;
50;1604.7;VKM 16212;MARCA SKF ( VKM );VKM16212;CATEGORIA0;;1;1;0;1;;ROLAMENTO DISTRIBUIÇÃO;ROLAMENTO DISTRIBUIÇÃO;0;;
32;1320;6284 000 056;MARCA EMBRAIAGENS SACHS;6284000056;CATEGORIA0;;1;1;0;1;;BOMBA PRI.EMB.(+);BOMBA PRI.EMB.(+);0;;
32;1320;3000 951 042;MARCA EMBRAIAGENS SACHS;3000951042;CATEGORIA0;;1;1;0;1;;KIT EMBRAIAGEM SACHS;KIT EMBRAIAGEM SACHS;0;;
197;0305;171035B;BOMBAS TRAVAO / EMBR. DIVERSAS LPR;171035B;CATEGORIA0;;1;1;0;1;;TUBO TRAVÃO;TUBO TRAVÃO;0;;
267;1250;BFS59S;MARCA FAI AutoParts;BFS59S;CATEGORIA0;;1;1;0;1;;MARTELOS VALVULA;MARTELOS VALVULA;0;;
430;2550;91-00810;MARCA RTS;91-00810;CATEGORIA0;;1;1;0;1;;TERMINAL DIREÇÃO;TERMINAL DIREÇÃO;0;;
137;1130;54.118.00;FILTROS DIVERSOS  SOFIMA  UFI;5411800;CATEGORIA0;;1;1;0;1;;FILTRO HABIT. UFI;FILTRO HABIT. UFI;0;;
6;1315;624 3049 09;LUK ( TODO MATERIAL LUK  menos  BIMASSAS );624304909;CATEGORIA0;;1;1;0;1;;KIT EMBRAIAGEM LUK;KIT EMBRAIAGEM LUK;0;;
152;1850;2169.01;MARCA ROADHOUSE;2169.01;CATEGORIA0;;1;1;0;1;;PASTILHAS TRAVÃO;PASTILHAS TRAVÃO;0;;
4664;1560;08450;MARCA METALCAUCHO;MC8450;CATEGORIA0;;1;1;0;1;;TUBO RADIADOR;TUBO RADIADOR;0;;
6;1315;510 0016 10;LUK ( TODO MATERIAL LUK  menos  BIMASSAS );510001610;CATEGORIA0;;1;1;0;1;;ROLAMENTO EMBRAIAGEM;ROLAMENTO EMBRAIAGEM;0;;
277;0540;909052K;CABEÇAS MOTOR  AMC;909052K;CATEGORIA0;;1;1;0;1;;CABEÇA MOTOR;CABEÇA MOTOR;0;;
240;1500;33700;MARCA FAE;FAE3370;CATEGORIA0;;1;1;0;1;;VALVULA TEMPERAT. FAE;VALVULA TEMPERAT. FAE;0;;
6;1315;510 0090 10;LUK ( TODO MATERIAL LUK  menos  BIMASSAS );510009010;CATEGORIA0;;1;1;0;1;;ROLAMENTO EMBRAIAGEM;ROLAMENTO EMBRAIAGEM;0;;
85;0180;556 471;AMORT.DIVERSOS KYB;556471;CATEGORIA0;;1;1;0;1;;AMORTECEDOR;AMORTECEDOR;0;;
245;0200;PA1307;MARCA SALERI;PA1307;CATEGORIA0;;1;1;0;1;;BOMBA ÁGUA;BOMBA ÁGUA;0;;
9;1285;02-25942-06;MARCA VICTOR REINZ;022594206;CATEGORIA0;;1;1;0;1;;JUNTAS DESCARBONIZAÇÃO;JUNTAS DESCARBONIZAÇÃO;0;;
50;1604.7;VKM 84608;MARCA SKF ( VKM );VKM84608;CATEGORIA0;;1;1;0;1;;ROLAMENTO DIST. = 57047;ROLAMENTO DIST. = 57047;0;;
50;1604.7;VKM 74607;MARCA SKF ( VKM );VKM74607;CATEGORIA0;;1;1;0;1;;ROLAMENTO DIST. = 57064;ROLAMENTO DIST. = 57064;0;;
204;1299;532 0540 10;ROLAMENTOS INA;532054010;CATEGORIA0;;1;1;0;1;;ROLAMENTO TENSOR INA;ROLAMENTO TENSOR INA;0;;
31;0730;CT1098;CORREIAS CONTINENTAL CTAM;CT1098;CATEGORIA0;;1;1;0;1;;CORREIA DISTRIBUIÇÃO;CORREIA DISTRIBUIÇÃO;0;;
4;1140;W 730/1;FILTROS MANN;W730/1;CATEGORIA0;;1;1;0;1;;FILTRO ÓLEO;FILTRO ÓLEO;0;;
67;1450;64132+;LAMPADAS OSRAM;064132;CATEGORIA0;;1;1;0;1;;LÂMPADA 12V H6W;LÂMPADA 12V H6W;0;;
85;0180;341802;AMORT.DIVERSOS KYB;341802;CATEGORIA0;;1;1;0;1;;AMORTECEDOR KAYABA;AMORTECEDOR KAYABA;0;;
85;0180;633822;AMORT.DIVERSOS KYB;633822;CATEGORIA0;;1;1;0;1;;AMORTECEDOR ÓLEO KAYABA;AMORTECEDOR ÓLEO KAYABA;0;;
11;2805;GN961;VELAS INCANDESCENCIA BorgWarner BERU;GN961;CATEGORIA0;;1;1;0;1;;VELA INCANDESCENCIA;VELA INCANDESCENCIA;0;;
152;1850;21130.00;MARCA ROADHOUSE;21130.00;CATEGORIA0;;1;1;0;1;;PASTILHAS TRAVÃO;PASTILHAS TRAVÃO;0;;
240;1500;34410;MARCA FAE;FAE3441;CATEGORIA0;;1;1;0;1;;VALVULA TEMPERATURA FAE;VALVULA TEMPERATURA FAE;0;;
202;1630;011811;MAT.MOTOR NÜRAL GLYCO;011811;CATEGORIA0;;1;1;0;1;;GUIA VALVULA;GUIA VALVULA;0;;
61;1540;80011000;MATERIAL VAUNER  TYC;80011000;CATEGORIA0;;1;1;0;1;;FAROLIM CHAPA MATR.;FAROLIM CHAPA MATR.;0;;
6;1315;624 3081 09;LUK ( TODO MATERIAL LUK  menos  BIMASSAS );624308109;CATEGORIA0;;1;1;0;1;;KIT EMBRAIAGEM LUK;KIT EMBRAIAGEM LUK;0;;
39;1865;2143905;MARCA TEXTAR;2143905;CATEGORIA0;;1;1;0;1;;PASTILHAS TRAVÃO S/ AVIS.;PASTILHAS TRAVÃO S/ AVIS.;0;;
39;1865;2198003;MARCA TEXTAR;2198003;CATEGORIA0;;1;1;0;1;;PASTILHAS TRAVÃO;PASTILHAS TRAVÃO;0;;
39;1865;2312401;MARCA TEXTAR;2312401;CATEGORIA0;;1;1;0;1;;PASTILHAS TRAVÃO;PASTILHAS TRAVÃO;0;;
4;1140;+WK 842/18;FILTROS MANN;WK842/18;CATEGORIA0;;1;1;0;1;;FILTRO COMBUSTÍVEL;FILTRO COMBUSTÍVEL;0;;
4;1140;+W 940/25;FILTROS MANN;W940/25;CATEGORIA0;;1;1;0;1;;FILTRO ÓLEO;FILTRO ÓLEO;0;;
430;2550;93-00458;MARCA RTS;93-00458;CATEGORIA0;;1;1;0;1;;RÓTULA SUSPENSÃO;RÓTULA SUSPENSÃO;0;;
85;0180;.;AMORT.DIVERSOS KYB;B2124;CATEGORIA0;;1;1;0;1;;AMORTECEDOR TOKICO;AMORTECEDOR TOKICO;0;;
50;1604.1;VKBA 6803;MARCA SKF ( VKBA );VKBA6803;CATEGORIA0;;1;1;0;1;;CUBO RODA TRÁS SKF **;CUBO RODA TRÁS SKF **;0;;
260;1570;5233123;MARCA SASIC;5233123;CATEGORIA0;;1;1;0;1;;SINOBLOCO;SINOBLOCO;0;;
260;1570;5233163;MARCA SASIC;5233163;CATEGORIA0;;1;1;0;1;;SINOBLOCO;SINOBLOCO;0;;
38;1160;CS487;FILTROS PURFLUX;CS487;CATEGORIA0;;1;1;0;1;;FILTRO COMBUST. PURFLUX;FILTRO COMBUST. PURFLUX;0;;
61;1540;2102433;MATERIAL VAUNER  TYC;16164210;CATEGORIA0;;1;1;0;1;;PISCA FRT. DRT. VECTRA 95-;PISCA FRT. DRT. VECTRA 95-;0;;
151;1603;30 03 0007+;MARCA SWAG;30030007;CATEGORIA0;;1;1;0;1;;ROLAMENTO DISTR.(+);ROLAMENTO DISTR.(+);0;;
151;1603;50 03 0025+;MARCA SWAG;50030025;CATEGORIA0;;1;1;0;1;;ROLAMENTO DISTRIBUIÇÃO (+);ROLAMENTO DISTRIBUIÇÃO (+);0;;
4664;1560;08193;MARCA METALCAUCHO;MC8193;CATEGORIA0;;1;1;0;1;;TUBO ÁGUA;TUBO ÁGUA;0;;
113;1290;14067100;JUNTAS DIVERSAS AJUSA PAYEN;14067100;CATEGORIA0;;1;1;0;1;;JUNTA CARTER *;JUNTA CARTER *;0;;
206;2700;SL 5851;TUBOS TRAVÃO DIVERSOS A.B.S.;TH1484;CATEGORIA0;;1;1;0;1;;TUBO TRAVÃO (+);TUBO TRAVÃO (+);0;;
61;1540;2741920;MATERIAL VAUNER  TYC;09271002;CATEGORIA0;;1;1;0;1;;FAROL ESQ.;FAROL ESQ.;0;;
4;1140;WK 845/3;FILTROS MANN;WK845/3;CATEGORIA0;;1;1;0;1;;FILTRO COMBUSTÍVEL;FILTRO COMBUSTÍVEL;0;;
61;1100;6402154;ESPELHOS / VIDROS RETROVISORES ALKAR TYC;2312017;CATEGORIA0;;1;1;0;1;;VIDRO ESP. RET. CADDY/INCA;VIDRO ESP. RET. CADDY/INCA;0;;
245;0200;PA1371;MARCA SALERI;PA1371;CATEGORIA0;;1;1;0;1;;BOMBA ÁGUA;BOMBA ÁGUA;0;;
38;1160;AHC244;FILTROS PURFLUX;AHC244;CATEGORIA0;;1;1;0;1;;FILTRO HABIT. PURFLUX;FILTRO HABIT. PURFLUX;0;;
385;2350;9-3726-00;SEGMENTOS GOETZE ENGINE;9372600;CATEGORIA0;;1;1;0;1;;JG. SEGMENTOS;JG. SEGMENTOS;0;;
50;1604.1;VKBA 3641;MARCA SKF ( VKBA );VKBA3641;CATEGORIA0;;1;1;0;1;;ROLAMENTO CUBO SKF;ROLAMENTO CUBO SKF;0;;
4664;1560;01150;MARCA METALCAUCHO;MC1150;CATEGORIA0;;1;1;0;1;;KIT FOLES TRANSMISSÃO;KIT FOLES TRANSMISSÃO;0;;
88;2300;UB4026154;RETENTORES DIVERSOS AJUSA;UB4026154;CATEGORIA0;;1;1;0;1;;RETENTOR;RETENTOR;0;;
206;1561;G6-027;MAT.DIVERSO A.B.S.;G6027;CATEGORIA0;;1;1;0;1;;TRIANGULO SUSP. DRT.;TRIANGULO SUSP. DRT.;0;;
430;2550;94-00807;MARCA RTS;94-00807;CATEGORIA0;;1;1;0;1;;BARRA CENTRAL DIREÇÃO;BARRA CENTRAL DIREÇÃO;0;;
85;0180;333706;AMORT.DIVERSOS KYB;333706;CATEGORIA0;;1;1;0;1;;AMORTECEDOR KAYABA;AMORTECEDOR KAYABA;0;;
204;1299;532 0213 10;ROLAMENTOS INA;532021310;CATEGORIA0;;1;1;0;1;;ROLAMENTO TENSOR INA;ROLAMENTO TENSOR INA;0;;
204;1299;532 0473 10;ROLAMENTOS INA;532047310;CATEGORIA0;;1;1;0;1;;ROLAMENTO TENSOR INA;ROLAMENTO TENSOR INA;0;;
4664;1560;01266;MARCA METALCAUCHO;MC1266;CATEGORIA0;;1;1;0;1;;KIT FOLES DIREÇÃO;KIT FOLES DIREÇÃO;0;;
204;1299;531 0756 10;ROLAMENTOS INA;531075610;CATEGORIA0;;1;1;0;1;;ROLAMENTO TENSOR INA;ROLAMENTO TENSOR INA;0;;
31;0730;6PK1217;CORREIAS CONTINENTAL CTAM;6PK1217;CATEGORIA0;;1;1;0;1;;CORREIA ESTRIADA;CORREIA ESTRIADA;0;;
37;0170;E7032;MARCA MONROE;E7032;CATEGORIA0;;1;1;0;1;;AMORTECEDOR MONROE;AMORTECEDOR MONROE;0;;
204;1299;534 0037 10;ROLAMENTOS INA;534003710;CATEGORIA0;;1;1;0;1;;ROLAMENTO TENSOR INA;ROLAMENTO TENSOR INA;0;;
4;1140;W 713/19;FILTROS MANN;W713/19;CATEGORIA0;;1;1;0;1;;FILTRO ÓLEO;FILTRO ÓLEO;0;;
39;1865;2363101;MARCA TEXTAR;2363101;CATEGORIA0;;1;1;0;1;;PASTILHAS TRAVÃO;PASTILHAS TRAVÃO;0;;
311;0600;JN1618;CARDANS / CRUZETAS / DIREÇOES CIFAM;JN1618;CATEGORIA0;;1;1;0;1;;CARDAN TRANSMISSÃO;CARDAN TRANSMISSÃO;0;;
11;2805;GF006;VELAS INCANDESCENCIA BorgWarner BERU;GF006;CATEGORIA0;;1;1;0;1;;VELA INCANDESCENCIA;VELA INCANDESCENCIA;0;;
260;1570;36716;MARCA SASIC;36716;CATEGORIA0;;1;1;0;1;;APOIO CAIXA;APOIO CAIXA;0;;
391;1512;TR213A;TRANSMISSOES DIVERSAS;TR213A;CATEGORIA0;;1;1;0;1;;TRANSMISSÃO ESQ. (ABS 26);TRANSMISSÃO ESQ. (ABS 26);0;;
204;1299;531 0478 10;ROLAMENTOS INA;531047810;CATEGORIA0;;1;1;0;1;;ROLAMENTO TENSOR INA;ROLAMENTO TENSOR INA;0;;
206;1561;200020;MAT.DIVERSO A.B.S.;O200020;CATEGORIA0;;1;1;0;1;;ROLAMENTO CUBO OPTIMAL;ROLAMENTO CUBO OPTIMAL;0;;
50;1604.1;VKBA 526;MARCA SKF ( VKBA );VKBA526;CATEGORIA0;;1;1;0;1;;ROLAMENTO CUBO SKF;ROLAMENTO CUBO SKF;0;;
4;1140;C 2068;FILTROS MANN;C2068;CATEGORIA0;;1;1;0;1;;FILTRO AR;FILTRO AR;0;;
4;1140;CU 2137;FILTROS MANN;CU2137;CATEGORIA0;;1;1;0;1;;FILTRO HABITÁCULO;FILTRO HABITÁCULO;0;;
204;1299;532 0439 10;ROLAMENTOS INA;532043910;CATEGORIA0;;1;1;0;1;;ROLAMENTO TENSOR INA;ROLAMENTO TENSOR INA;0;;
4;1140;+CU 2559;FILTROS MANN;CU2559;CATEGORIA0;;1;1;0;1;;FILTRO HABIT.(+);FILTRO HABIT.(+);0;;
314;1010;NF500;ESCOVAS L/ VIDROS DIVERSAS  TRICO  PJ;NF500;CATEGORIA0;;1;1;0;1;;ESCOVA L/ VIDROS 500 MM;ESCOVA L/ VIDROS 500 MM;0;;
6;1315;510 0097 10;LUK ( TODO MATERIAL LUK  menos  BIMASSAS );510009710;CATEGORIA0;;1;1;0;1;;ROLAMENTO EMBRAIAGEM;ROLAMENTO EMBRAIAGEM;0;;
32;1320;3182 600 129;MARCA EMBRAIAGENS SACHS;3182600129;CATEGORIA0;;1;1;0;1;;ROLAMENTO EMBRAIAGEM;ROLAMENTO EMBRAIAGEM;0;;
6;1315;622 3103 09;LUK ( TODO MATERIAL LUK  menos  BIMASSAS );622310309;CATEGORIA0;;1;1;0;1;;KIT EMBRAIAGEM LUK;KIT EMBRAIAGEM LUK;0;;
206;1561;981868;MAT.DIVERSO A.B.S.;O981868;CATEGORIA0;;1;1;0;1;;ROLAMENTO CUBO OPTIMAL;ROLAMENTO CUBO OPTIMAL;0;;
4664;1560;02793;MARCA METALCAUCHO;MC2793;CATEGORIA0;;1;1;0;1;;CASQUILHOS S.SUSP.TRAS TRAFIC;CASQUILHOS S.SUSP.TRAS TRAFIC;0;;
30;1510;0 986 480 928;MATERIAL BOSCH;0986480928;CATEGORIA0;;1;1;0;1;;BOMBA P/ TRAVÃO;BOMBA P/ TRAVÃO;0;;
30;1510;7 617 495 026;MATERIAL BOSCH;7617495026;CATEGORIA0;;1;1;0;1;;ANTENA G/ LAMAS;ANTENA G/ LAMAS;0;;
4664;1560;08560;MARCA METALCAUCHO;MC8560;CATEGORIA0;;1;1;0;1;;TUBO ÁGUA;TUBO ÁGUA;0;;
430;2550.1;96-05341-2;MARCA RTS;96-05341-2;CATEGORIA0;;1;1;0;1;;TRIANGULO SUSP. ESQ.;TRIANGULO SUSP. ESQ.;0;;
88;2300;15067200;RETENTORES DIVERSOS AJUSA;15067200;CATEGORIA0;;1;1;0;1;;RETENTOR;RETENTOR;0;;
430;2550.1;96-05341-1;MARCA RTS;96-05341-1;CATEGORIA0;;1;1;0;1;;TRIANGULO SUSP. DRT.;TRIANGULO SUSP. DRT.;0;;
38;1160;FCS751;FILTROS PURFLUX;FCS751;CATEGORIA0;;1;1;0;1;;FILTRO COMB. PURFLUX ****;FILTRO COMB. PURFLUX ****;0;;
38;1160;A1102;FILTROS PURFLUX;A1102P;CATEGORIA0;;1;1;0;1;;FILTRO AR PURFLUX;FILTRO AR PURFLUX;0;;
38;1160;A1171;FILTROS PURFLUX;A1171P;CATEGORIA0;;1;1;0;1;;FILTRO AR PURFLUX;FILTRO AR PURFLUX;0;;
38;1160;AH238;FILTROS PURFLUX;AH238;CATEGORIA0;;1;1;0;1;;FILTRO HABIT. PURFLUX;FILTRO HABIT. PURFLUX;0;;
4;1140;+W 840/2;FILTROS MANN;W840/2;CATEGORIA0;;1;1;0;1;;FILTRO ÓLEO;FILTRO ÓLEO;0;;
4;1140;PF 1050/1 N;FILTROS MANN;PF1050/1N;CATEGORIA0;;1;1;0;1;;FILTRO ÓLEO;FILTRO ÓLEO;0;;
245;0200;PA1188;MARCA SALERI;PA1188;CATEGORIA0;;1;1;0;1;;BOMBA ÁGUA;BOMBA ÁGUA;0;;
4664;1560;08319;MARCA METALCAUCHO;MC8319;CATEGORIA0;;1;1;0;1;;TUBO ÁGUA;TUBO ÁGUA;0;;
4664;1560;04147;MARCA METALCAUCHO;MC4147;CATEGORIA0;;1;1;0;1;;BORRACHA SUSPENSÃO;BORRACHA SUSPENSÃO;0;;
38;1160;A1038;FILTROS PURFLUX;A1038P;CATEGORIA0;;1;1;0;1;;FILTRO AR PURFLUX;FILTRO AR PURFLUX;0;;
137;1130;30.247.00;FILTROS DIVERSOS  SOFIMA  UFI;3024700;CATEGORIA0;;1;1;0;1;;FILTRO AR UFI;FILTRO AR UFI;0;;
4;1140;WK 613/1;FILTROS MANN;WK613/1;CATEGORIA0;;1;1;0;1;;FILTRO COMBUSTÍVEL;FILTRO COMBUSTÍVEL;0;;
4;1140;+CUK 3037;FILTROS MANN;CUK3037;CATEGORIA0;;1;1;0;1;;FILTRO HABITÁCULO;FILTRO HABITÁCULO;0;;
4;1140;WK 613;FILTROS MANN;WK613;CATEGORIA0;;1;1;0;1;;FILTRO COMBUSTÍVEL;FILTRO COMBUSTÍVEL;0;;
4;1140;WK 851;FILTROS MANN;WK851;CATEGORIA0;;1;1;0;1;;FILTRO GASÓLEO (+);FILTRO GASÓLEO (+);0;;
4;1140;WK 853/8;FILTROS MANN;WK853/8;CATEGORIA0;;1;1;0;1;;FILTRO COMBUSTÍVEL;FILTRO COMBUSTÍVEL;0;;
4664;1560;05058;MARCA METALCAUCHO;MC5058;CATEGORIA0;;1;1;0;1;;PENDURAL ESTABIL. DRT.(+);PENDURAL ESTABIL. DRT.(+);0;;
4871;0555;FO02171;CABOS EUROPEUS CEF  A.B.S. COFLE;FO2171;CATEGORIA0;;1;1;0;1;;CABO TRAVÃO;CABO TRAVÃO;0;;
4664;1560;03691;MARCA METALCAUCHO;MC3691;CATEGORIA0;;1;1;0;1;;SECTOR CX. VEL.;SECTOR CX. VEL.;0;;
61;1540;18-3296-05-2;MATERIAL VAUNER  TYC;701221;CATEGORIA0;;1;1;0;1;;FAROLIM F. ESQ. LANCER 96-;FAROLIM F. ESQ. LANCER 96-;0;;
38;1160;A1160;FILTROS PURFLUX;A1160P;CATEGORIA0;;1;1;0;1;;FILTRO AR PURFLUX;FILTRO AR PURFLUX;0;;
161;1606.5;DB4159;MATERIAL POLI TRW;DB4159;CATEGORIA0;;1;1;0;1;;POLIE TRAVÃO;POLIE TRAVÃO;0;;
38;1160;A1266;FILTROS PURFLUX;A1266P;CATEGORIA0;;1;1;0;1;;FILTRO AR PURFLUX;FILTRO AR PURFLUX;0;;
6;1315;622 2414 33;LUK ( TODO MATERIAL LUK  menos  BIMASSAS );622241433;CATEGORIA0;;1;1;0;1;;KIT EMBRAIAGEM LUK;KIT EMBRAIAGEM LUK;0;;
4664;1560;00475;MARCA METALCAUCHO;MC0475;CATEGORIA0;;1;1;0;1;;BATENTE SUSP. FRT.;BATENTE SUSP. FRT.;0;;
202;1630;01-2101;MAT.MOTOR NÜRAL GLYCO;012101;CATEGORIA0;;1;1;0;1;;GUIA VALVULA;GUIA VALVULA;0;;
6;1315;623 3234 33;LUK ( TODO MATERIAL LUK  menos  BIMASSAS );623323433;CATEGORIA0;;1;1;0;1;;KIT EMBRAIAGEM LUK;KIT EMBRAIAGEM LUK;0;;
215;2500;TH6851.82;MARCA CALORSTAT by Vernet;6851.82;CATEGORIA0;;1;1;0;1;;TERMÓSTATO;TERMÓSTATO;0;;
38;1160;A766;FILTROS PURFLUX;A766P;CATEGORIA0;;1;1;0;1;;FILTRO AR PURFLUX;FILTRO AR PURFLUX;0;;
137;1130;24.526.00;FILTROS DIVERSOS  SOFIMA  UFI;2452600;CATEGORIA0;;1;1;0;1;;FILTRO COMBUST. UFI = KC244;FILTRO COMBUST. UFI = KC244;0;;
4664;1560;01770;MARCA METALCAUCHO;MC1770;CATEGORIA0;;1;1;0;1;;KIT FOLES TRANSMISSÃO;KIT FOLES TRANSMISSÃO;0;;
6;1315;500 0462 30;LUK ( TODO MATERIAL LUK  menos  BIMASSAS );500046230;CATEGORIA0;;1;1;0;1;;ROLAMENTO EMBRAIAGEM;ROLAMENTO EMBRAIAGEM;0;;
85;0180;333738;AMORT.DIVERSOS KYB;333738;CATEGORIA0;;1;1;0;1;;AMORTECEDOR DRT. KYB (+);AMORTECEDOR DRT. KYB (+);0;;
85;0180;333739;AMORT.DIVERSOS KYB;333739;CATEGORIA0;;1;1;0;1;;AMORTECEDOR ESQ. KYB (+);AMORTECEDOR ESQ. KYB (+);0;;
240;1500;85160;MARCA FAE;FAE8516;CATEGORIA0;;1;1;0;1;;JG. FIOS VELA;JG. FIOS VELA;0;;
61;1100;6402960;ESPELHOS / VIDROS RETROVISORES ALKAR TYC;1025019;CATEGORIA0;;1;1;0;1;;VIDRO ESP. DRT. TRANSIT 00-;VIDRO ESP. DRT. TRANSIT 00-;0;;
260;1570;4001570;MARCA SASIC;4001570;CATEGORIA0;;1;1;0;1;;APOIO ESCAPE;APOIO ESCAPE;0;;
32;1320;3000 951 259;MARCA EMBRAIAGENS SACHS;3000951259;CATEGORIA0;;1;1;0;1;;KIT EMBRAIAGEM SACHS;KIT EMBRAIAGEM SACHS;0;;
206;1561;681375;MAT.DIVERSO A.B.S.;O681375;CATEGORIA0;;1;1;0;1;;ROLAMENTO CUBO OPTIMAL;ROLAMENTO CUBO OPTIMAL;0;;
9;1285;02-52490-02;MARCA VICTOR REINZ;025249002;CATEGORIA0;;1;1;0;1;;JUNTAS DESCARBONIZAÇÃO;JUNTAS DESCARBONIZAÇÃO;0;;
4501;1526;DMB801;MARCA LUCAS;DMB801;CATEGORIA0;;1;1;0;1;;BOBINE IGNIÇÃO;BOBINE IGNIÇÃO;0;;
30;1510;0 281 002 399;MATERIAL BOSCH;0281002399;CATEGORIA0;;1;1;0;1;;SENSOR PRESSÃO;SENSOR PRESSÃO;0;;
4664;1560;04308;MARCA METALCAUCHO;MC4308;CATEGORIA0;;1;1;0;1;;POLI CAMBOTA;POLI CAMBOTA;0;;
277;0540;908568K;CABEÇAS MOTOR  AMC;908568K;CATEGORIA0;;1;1;0;1;;CABEÇA MOTOR;CABEÇA MOTOR;0;;
206;1561;G7-798;MAT.DIVERSO A.B.S.;G7798;CATEGORIA0;;1;1;0;1;;PENDURAL ESTABILIZADOR;PENDURAL ESTABILIZADOR;0;;
311;0303;101-599;BOMBAS TRAVAO / EMBR. CIFAM;101599;CATEGORIA0;;1;1;0;1;;BOMBA TRAVÃO;BOMBA TRAVÃO;0;;
311;0303;101-600;BOMBAS TRAVAO / EMBR. CIFAM;101600;CATEGORIA0;;1;1;0;1;;BOMBA TRAVÃO;BOMBA TRAVÃO;0;;
430;2550;91-09522;MARCA RTS;91-09522;CATEGORIA0;;1;1;0;1;;TERMINAL DIREÇÃO;TERMINAL DIREÇÃO;0;;
21;1608;085600;MARCA VALEO;085600;CATEGORIA0;;1;1;0;1;;FAROLIM TRÁS ESQ. CLIO 94-;FAROLIM TRÁS ESQ. CLIO 94-;0;;
50;1604;LM 501349/310/Q;MARCA DIVERSOS SKF;LM501349/310;CATEGORIA0;;1;1;0;1;;ROLAMENTO CUBO SKF;ROLAMENTO CUBO SKF;0;;
30;1510;0 330 001 040;MATERIAL BOSCH;0330001040;CATEGORIA0;;1;1;0;1;;VALVULA CORTE GASÓLEO **;VALVULA CORTE GASÓLEO **;0;;
4664;1560;01139;MARCA METALCAUCHO;MC1139;CATEGORIA0;;1;1;0;1;;KIT FOLES TRANSMISSÃO;KIT FOLES TRANSMISSÃO;0;;
4;1140;+PU 825 X;FILTROS MANN;PU825X;CATEGORIA0;;1;1;0;1;;FILTRO COMBUSTÍVEL;FILTRO COMBUSTÍVEL;0;;
204;1299;535 0157 10;ROLAMENTOS INA;535015710;CATEGORIA0;;1;1;0;1;;TENSOR ALTERNADOR INA;TENSOR ALTERNADOR INA;0;;
50;1604.7;VKM 16551;MARCA SKF ( VKM );VKM16551;CATEGORIA0;;1;1;0;1;;ROLAMENTO DISTRIBUIÇÃO;ROLAMENTO DISTRIBUIÇÃO;0;;
21;1608;574379;MARCA VALEO;574379;CATEGORIA0;;1;1;0;1;;JG. ESCOVAS L/ VIDROS VM431;JG. ESCOVAS L/ VIDROS VM431;0;;
11;2804;ZEF1180;MARCA BERU by DRiV;ZEF1180;CATEGORIA0;;1;1;0;1;;JG.FIOS BERU;JG.FIOS BERU;0;;
240;1500;62190;MARCA FAE;FAE6219;CATEGORIA0;;1;1;0;1;;INTERRUPTOR FAE;INTERRUPTOR FAE;0;;
161;1606;JRP139;MATERIAL TRW;JRP139;CATEGORIA0;;1;1;0;1;;CAIXA DIREÇÃO;CAIXA DIREÇÃO;0;;
4664;1560;03629;MARCA METALCAUCHO;MC3629;CATEGORIA0;;1;1;0;1;;DEPÓSITO ÁGUA;DEPÓSITO ÁGUA;0;;
4664;1560;04053;MARCA METALCAUCHO;MC4053;CATEGORIA0;;1;1;0;1;;PENDURAL ESTABIL. (PLASTICO);PENDURAL ESTABIL. (PLASTICO);0;;
4664;1560;07935;MARCA METALCAUCHO;MC7935;CATEGORIA0;;1;1;0;1;;TUBO ÁGUA;TUBO ÁGUA;0;;
4664;1560;07936;MARCA METALCAUCHO;MC7936;CATEGORIA0;;1;1;0;1;;TUBO ÁGUA;TUBO ÁGUA;0;;
85;0180;334204;AMORT.DIVERSOS KYB;334204;CATEGORIA0;;1;1;0;1;;AMORTECEDORES FR.E AVENSIS;AMORTECEDORES FR.E AVENSIS;0;;
85;0180;334203;AMORT.DIVERSOS KYB;334203;CATEGORIA0;;1;1;0;1;;AMORTECEDORES.FR.D AVENSIS;AMORTECEDORES.FR.D AVENSIS;0;;
85;0180;334329;AMORT.DIVERSOS KYB;334329;CATEGORIA0;;1;1;0;1;;AMORTECEDOR TRÁS D AVENSIS;AMORTECEDOR TRÁS D AVENSIS;0;;
85;0180;334330;AMORT.DIVERSOS KYB;334330;CATEGORIA0;;1;1;0;1;;AMORTECEDOR TRÁS E AVENSIS;AMORTECEDOR TRÁS E AVENSIS;0;;
4664;1560;08597;MARCA METALCAUCHO;MC8597;CATEGORIA0;;1;1;0;1;;TUBO RADIADOR;TUBO RADIADOR;0;;
240;1500;62230;MARCA FAE;FAE6223;CATEGORIA0;;1;1;0;1;;INTERRUPTOR FAE;INTERRUPTOR FAE;0;;
166;1305;MK9866;EMBRAIAGENS DIVERSAS AISIN;MK9866;CATEGORIA0;;1;1;0;1;;KIT EMBRAIAGEM;KIT EMBRAIAGEM;0;;
137;1130;24.331.00;FILTROS DIVERSOS  SOFIMA  UFI;2433100;CATEGORIA0;;1;1;0;1;;FILTRO GASÓLEO UFI;FILTRO GASÓLEO UFI;0;;
161;1606;PFB405;MATERIAL TRW;PFB405;CATEGORIA0;;1;1;0;1;;ÓLEO TRAVÃO DOT4 5LT;ÓLEO TRAVÃO DOT4 5LT;0;;
4;1140;W 916/1;FILTROS MANN;W916/1;CATEGORIA0;;1;1;0;1;;FILTRO ÓLEO;FILTRO ÓLEO;0;;
161;1606;JPR379;MATERIAL TRW;JPR379;CATEGORIA0;;1;1;0;1;;BOMBA DIREÇÃO;BOMBA DIREÇÃO;0;;
113;1290;BV870;JUNTAS DIVERSAS AJUSA PAYEN;BV870;CATEGORIA0;;1;1;0;1;;JUNTA CABEÇA;JUNTA CABEÇA;0;;
9;1285;02-36567-01;MARCA VICTOR REINZ;023656701;CATEGORIA0;;1;1;0;1;;JUNTAS DESCARBONIZAÇÃO;JUNTAS DESCARBONIZAÇÃO;0;;
311;0303;101-742;BOMBAS TRAVAO / EMBR. CIFAM;101742;CATEGORIA0;;1;1;0;1;;BOMBA TRAVÃO;BOMBA TRAVÃO;0;;
206;1561;G7-769;MAT.DIVERSO A.B.S.;G7769;CATEGORIA0;;1;1;0;1;;PENDURAL ESTABILIZADOR;PENDURAL ESTABILIZADOR;0;;
206;1561;G6-749;MAT.DIVERSO A.B.S.;G6749;CATEGORIA0;;1;1;0;1;;BRAÇO SUSP. SUP. ESQ.;BRAÇO SUSP. SUP. ESQ.;0;;
4871;0555;FO01132;CABOS EUROPEUS CEF  A.B.S. COFLE;FO1132;CATEGORIA0;;1;1;0;1;;CABO EMBRAIAGEM;CABO EMBRAIAGEM;0;;
214;1511;DRA3823;MATERIAL REMY;DRA3823;CATEGORIA0;;1;1;0;1;;ALTERNADOR;ALTERNADOR;0;;
166;1305;MD4537;EMBRAIAGENS DIVERSAS AISIN;MD4537;CATEGORIA0;;1;1;0;1;;DISCO EMBRAIAGEM;DISCO EMBRAIAGEM;0;;
85;0180;303 7DG;AMORT.DIVERSOS KYB;3037DG;CATEGORIA0;;1;1;0;1;;AMORTECEDOR AL-KO;AMORTECEDOR AL-KO;0;;
85;0180;303 7IG;AMORT.DIVERSOS KYB;3037IG;CATEGORIA0;;1;1;0;1;;AMORTECEDOR AL-KO;AMORTECEDOR AL-KO;0;;
268;10001;038103085E;MARCA JP GROUP;038103085E;CATEGORIA0;;1;1;0;1;;RETENTOR (+)  *;RETENTOR (+)  *;0;;
137;1130;25.528.00;FILTROS DIVERSOS  SOFIMA  UFI;2552800;CATEGORIA0;;1;1;0;1;;FILTRO ÓLEO UFI;FILTRO ÓLEO UFI;0;;
206;1561;G5-640;MAT.DIVERSO A.B.S.;G5640;CATEGORIA0;;1;1;0;1;;BRAÇO SUSPENSÃO;BRAÇO SUSPENSÃO;0;;
269;1523;46120;MARCA INTERMOTOR STANDARD;46120;CATEGORIA0;;1;1;0;1;;PLACA DISTRIBUIDOR;PLACA DISTRIBUIDOR;0;;
152;1850;61055.00;MARCA ROADHOUSE;6105500;CATEGORIA0;;1;1;0;1;;DISCO TRAVÃO;DISCO TRAVÃO;0;;
4664;1560;00249;MARCA METALCAUCHO;MC0249;CATEGORIA0;;1;1;0;1;;APOIO CAIXA;APOIO CAIXA;0;;
430;2550.1;96-00015-1;MARCA RTS;96-00015-1;CATEGORIA0;;1;1;0;1;;BRAÇO SUSP. DRT.;BRAÇO SUSP. DRT.;0;;
430;2550.1;96-00015-2;MARCA RTS;96-00015-2;CATEGORIA0;;1;1;0;1;;BRAÇO SUSP. ESQ.;BRAÇO SUSP. ESQ.;0;;
33;1520;5596XS;MARCA GATES;5596XS;CATEGORIA0;;1;1;0;1;;CORREIA DISTRIBUIÇÃO;CORREIA DISTRIBUIÇÃO;0;;
206;1561;D8168T;MAT.DIVERSO A.B.S.;D8168T;CATEGORIA0;;1;1;0;1;;KIT FOLES TRANSMISSÃO;KIT FOLES TRANSMISSÃO;0;;
206;1561;D8145;MAT.DIVERSO A.B.S.;D8145;CATEGORIA0;;1;1;0;1;;KIT FOLES TRANSMISSÃO;KIT FOLES TRANSMISSÃO;0;;
206;2555;171673;SUSPENSAO / DIREÇAO DIVERSO  A.B.S.;171673;CATEGORIA0;;1;1;0;1;;KIT SUSPENSÃO TRÁS;KIT SUSPENSÃO TRÁS;0;;
166;1305;KT-208VC;EMBRAIAGENS DIVERSAS AISIN;KT208VB;CATEGORIA0;;1;1;0;1;;KIT EMBRAIAGEM;KIT EMBRAIAGEM;0;;
269;1523;44930;MARCA INTERMOTOR STANDARD;44930;CATEGORIA0;;1;1;0;1;;PLACA DISTRIBUIDOR;PLACA DISTRIBUIDOR;0;;
206;1561;882896;MAT.DIVERSO A.B.S.;O882896;CATEGORIA0;;1;1;0;1;;CUBO RODA OPTIMAL;CUBO RODA OPTIMAL;0;;
4664;1560;04242;MARCA METALCAUCHO;MC4242;CATEGORIA0;;1;1;0;1;;PENDURAL ESTAB.(+);PENDURAL ESTAB.(+);0;;
5;1535;7.28342.06.0;MARCA PIERBURG;728342060;CATEGORIA0;;1;1;0;1;;MEDIDOR MASSA AR;MEDIDOR MASSA AR;0;;
206;1561;GP201;MAT.DIVERSO A.B.S.;GP201;CATEGORIA0;;1;1;0;1;;ESMERIL FINO/GROSSO;ESMERIL FINO/GROSSO;0;;
4664;1560;04785;MARCA METALCAUCHO;MC4785;CATEGORIA0;;1;1;0;1;;APOIO MOTOR (+);APOIO MOTOR (+);0;;
61;1100;6164493;ESPELHOS / VIDROS RETROVISORES ALKAR TYC;0901012;CATEGORIA0;;1;1;0;1;;ESPELHO RET. PUNTO 5P ESQ.;ESPELHO RET. PUNTO 5P ESQ.;0;;
50;1604;35BG05;MARCA DIVERSOS SKF;35BG05;CATEGORIA0;;1;1;0;1;;ROLAMENTO AC;ROLAMENTO AC;0;;
385;2350;9384500;SEGMENTOS GOETZE ENGINE;9384500;CATEGORIA0;;1;1;0;1;;JG. SEGMENTOS 1.5 DCI;JG. SEGMENTOS 1.5 DCI;0;;
166;1305;CP4036;EMBRAIAGENS DIVERSAS AISIN;CP4036;CATEGORIA0;;1;1;0;1;;KIT EMBRAIAGEM;KIT EMBRAIAGEM;0;;
6;1315;618 3030 00;LUK ( TODO MATERIAL LUK  menos  BIMASSAS );618303000;CATEGORIA0;;1;1;0;1;;KIT EMBRAIAGEM LUK;KIT EMBRAIAGEM LUK;0;;
85;0180;101743;AMORT.DIVERSOS KYB;1174G;CATEGORIA0;;1;1;0;1;;AMORTECEDOR AL-KO TRÁS;AMORTECEDOR AL-KO TRÁS;0;;
113;1890;81019800;PARAFUSOS CABEÇA PAYEN;81019800;CATEGORIA0;;1;1;0;1;;JG. PARAFUSOS CABEÇA;JG. PARAFUSOS CABEÇA;0;;
204;1299;531 0090 10;ROLAMENTOS INA;531009010;CATEGORIA0;;1;1;0;1;;ROLAMENTO TENSOR INA;ROLAMENTO TENSOR INA;0;;
267;1250;HG907;MARCA FAI AutoParts;HG907;CATEGORIA0;;1;1;0;1;;JUNTA CABEÇA;JUNTA CABEÇA;0;;
50;1604.7;VKM 31033;MARCA SKF ( VKM );VKM31033;CATEGORIA0;;1;1;0;1;;TENSOR ALTERNADOR;TENSOR ALTERNADOR;0;;
430;2550.1;96-00336-1;MARCA RTS;96-00336-1;CATEGORIA0;;1;1;0;1;;BRAÇO SUSP. DRT. C/ ROT.;BRAÇO SUSP. DRT. C/ ROT.;0;;
4;1140;C 2873/1;FILTROS MANN;C2873/1;CATEGORIA0;;1;1;0;1;;FILTRO AR (+);FILTRO AR (+);0;;
206;1561;G7-539;MAT.DIVERSO A.B.S.;G7539;CATEGORIA0;;1;1;0;1;;PENDURAL ESTABIL.(PLASTICO);PENDURAL ESTABIL.(PLASTICO);0;;
4664;1560;04638;MARCA METALCAUCHO;MC4638;CATEGORIA0;;1;1;0;1;;APOIO MOTOR DRT.;APOIO MOTOR DRT.;0;;
9;1285;61-52775-20;MARCA VICTOR REINZ;615277520;CATEGORIA0;;1;1;0;1;;JUNTA CABEÇA;JUNTA CABEÇA;0;;
4664;1560;01115;MARCA METALCAUCHO;MC1115;CATEGORIA0;;1;1;0;1;;KIT FOLES TRANSMISSÃO;KIT FOLES TRANSMISSÃO;0;;
61;1100;6401421;ESPELHOS / VIDROS RETROVISORES ALKAR TYC;1633016;CATEGORIA0;;1;1;0;1;;VIDRO ESP. ESQ. OPEL COMBO 02-;VIDRO ESP. ESQ. OPEL COMBO 02-;0;;
215;2500;TH1528.80J;MARCA CALORSTAT by Vernet;1528.80;CATEGORIA0;;1;1;0;1;;TERMÓSTATO;TERMÓSTATO;0;;
206;2700;SL 1082;TUBOS TRAVÃO DIVERSOS A.B.S.;TH0379;CATEGORIA0;;1;1;0;1;;TUBO TRAVÃO;TUBO TRAVÃO;0;;
269;1523;45750;MARCA INTERMOTOR STANDARD;45750;CATEGORIA0;;1;1;0;1;;PLACA DISTRIBUIDOR;PLACA DISTRIBUIDOR;0;;
206;1561;102213;MAT.DIVERSO A.B.S.;O102213;CATEGORIA0;;1;1;0;1;;CUBO RODA OPTIMAL;CUBO RODA OPTIMAL;0;;
61;1540;2201545;MATERIAL VAUNER  TYC;802651;CATEGORIA0;;1;1;0;1;;STOP ESQ. NISSAN D22 CX. METAL. 98-;STOP ESQ. NISSAN D22 CX. METAL. 98-;0;;
430;2550.1;96-05809-1;MARCA RTS;96-05809-1;CATEGORIA0;;1;1;0;1;;BRAÇO SUSP. DRT.;BRAÇO SUSP. DRT.;0;;
430;2550.1;96-05809-2;MARCA RTS;96-05809-2;CATEGORIA0;;1;1;0;1;;BRAÇO SUSP. ESQ.;BRAÇO SUSP. ESQ.;0;;
31;0730;6DPK1825;CORREIAS CONTINENTAL CTAM;6DPK1825;CATEGORIA0;;1;1;0;1;;CORREIA ESTRIADA;CORREIA ESTRIADA;0;;
11;2804;ZEF1260;MARCA BERU by DRiV;ZEF1260;CATEGORIA0;;1;1;0;1;;JG.FIOS BERU;JG.FIOS BERU;0;;
4664;1560;00531;MARCA METALCAUCHO;MC0531;CATEGORIA0;;1;1;0;1;;APOIO MOTOR;APOIO MOTOR;0;;
85;0180;GSS 115;AMORT.DIVERSOS KYB;GSS115;CATEGORIA0;;1;1;0;1;;AMORTECEDOR TRÁS;AMORTECEDOR TRÁS;0;;
85;0180;HST 124;AMORT.DIVERSOS KYB;HST124;CATEGORIA0;;1;1;0;1;;AMORTECEDOR FRT.;AMORTECEDOR FRT.;0;;
85;0180;HST 134;AMORT.DIVERSOS KYB;HST134;CATEGORIA0;;1;1;0;1;;AMORTECEDOR FRT.;AMORTECEDOR FRT.;0;;
85;0180;HST 135;AMORT.DIVERSOS KYB;HST135;CATEGORIA0;;1;1;0;1;;AMORTECEDOR FRT.;AMORTECEDOR FRT.;0;;
206;1561;G7-779;MAT.DIVERSO A.B.S.;G7779;CATEGORIA0;;1;1;0;1;;PENDURAL ESTABILIZADOR;PENDURAL ESTABILIZADOR;0;;
32;1320;3000 842 501;MARCA EMBRAIAGENS SACHS;3000842501;CATEGORIA0;;1;1;0;1;;KIT EMBRAIAGEM SACHS;KIT EMBRAIAGEM SACHS;0;;
50;1604.1;VKBA 3300;MARCA SKF ( VKBA );VKBA3300;CATEGORIA0;;1;1;0;1;;ROLAMENTO CUBO SKF;ROLAMENTO CUBO SKF;0;;
4664;1560;04001;MARCA METALCAUCHO;MC4001;CATEGORIA0;;1;1;0;1;;APOIO MOTOR;APOIO MOTOR;0;;
6;1316;415 0168 10;KIT BIMASSA + DMF LUK;415016810;CATEGORIA0;;1;1;0;1;;VOLANTE BIMASSA;VOLANTE BIMASSA;0;;
6;1315;500 1050 10;LUK ( TODO MATERIAL LUK  menos  BIMASSAS );500105010;CATEGORIA0;;1;1;0;1;;ROLAMENTO EMBRAIAGEM;ROLAMENTO EMBRAIAGEM;0;;
4664;1560;04946;MARCA METALCAUCHO;MC4946;CATEGORIA0;;1;1;0;1;;TAMPÃO 6 MM;TAMPÃO 6 MM;0;;
61;1100;6137338;ESPELHOS / VIDROS RETROVISORES ALKAR TYC;0721014;CATEGORIA0;;1;1;0;1;;ESPELHO C/C ESQ. SAXO 99-;ESPELHO C/C ESQ. SAXO 99-;0;;
6;1316;600 0006 00;KIT BIMASSA + DMF LUK;600000600;CATEGORIA0;;1;1;0;1;;BIMASSA + EMBR. LUK  *****;BIMASSA + EMBR. LUK  *****;0;;
38;1160;AHC130;FILTROS PURFLUX;AHC130;CATEGORIA0;;1;1;0;1;;FILTRO HABITÁCULO;FILTRO HABITÁCULO;0;;
206;1561;G7-734;MAT.DIVERSO A.B.S.;G7734;CATEGORIA0;;1;1;0;1;;PENDURAL ESTABILIZADOR;PENDURAL ESTABILIZADOR;0;;
245;0200;PA249;MARCA SALERI;PA249;CATEGORIA0;;1;1;0;1;;BOMBA ÁGUA;BOMBA ÁGUA;0;;
206;1561;G2-106;MAT.DIVERSO A.B.S.;G2106;CATEGORIA0;;1;1;0;1;;RÓTULA AXIAL;RÓTULA AXIAL;0;;
311;0303;202-359;BOMBAS TRAVAO / EMBR. CIFAM;202359;CATEGORIA0;;1;1;0;1;;BOMBA P/ TRAVÃO;BOMBA P/ TRAVÃO;0;;
30;1510;B SX1 57- 158;MATERIAL BOSCH;BSX157-158;CATEGORIA0;;1;1;0;1;;JG. ESCOVAS;JG. ESCOVAS;0;;
21;1608;567804;MARCA VALEO;567804;CATEGORIA0;;1;1;0;1;;ESCOVA L/VIDROS 600MM UM17;ESCOVA L/VIDROS 600MM UM17;0;;
21;1608;567811;MARCA VALEO;567811;CATEGORIA0;;1;1;0;1;;ESCOVA L/ VIDROS 475MM UM24;ESCOVA L/ VIDROS 475MM UM24;0;;
21;1608;574323+;MARCA VALEO;574323;CATEGORIA0;;1;1;0;1;;ESCOVA L/VIDROS VM410;ESCOVA L/VIDROS VM410;0;;
21;1608;574378;MARCA VALEO;574378;CATEGORIA0;;1;1;0;1;;ESCOVA L/ VIDROS VM430;ESCOVA L/ VIDROS VM430;0;;
204;1299;532 0252 30;ROLAMENTOS INA;532025230;CATEGORIA0;;1;1;0;1;;ROLAMENTO TENSOR INA;ROLAMENTO TENSOR INA;0;;
311;0303;101-801;BOMBAS TRAVAO / EMBR. CIFAM;101801;CATEGORIA0;;1;1;0;1;;BOMBA TRAVÃO;BOMBA TRAVÃO;0;;
137;1130;30.233.00;FILTROS DIVERSOS  SOFIMA  UFI;3023300;CATEGORIA0;;1;1;0;1;;FILTRO AR UFI;FILTRO AR UFI;0;;
4664;1560;01539;MARCA METALCAUCHO;MC1539;CATEGORIA0;;1;1;0;1;;KIT FOLES DIREÇÃO;KIT FOLES DIREÇÃO;0;;
245;0200;PA1233;MARCA SALERI;PA1233;CATEGORIA0;;1;1;0;1;;BOMBA ÁGUA;BOMBA ÁGUA;0;;
192;2066;713 6780 40;MARCA FAG;713678040;CATEGORIA0;;1;1;0;1;;KIT ROLAMENTO CUBO;KIT ROLAMENTO CUBO;0;;
192;2066;713 6100 20;MARCA FAG;713610020;CATEGORIA0;;1;1;0;1;;KIT ROL. CUBO (+);KIT ROL. CUBO (+);0;;
192;2066;713 6101 00;MARCA FAG;713610100;CATEGORIA0;;1;1;0;1;;KIT ROLAMENTO CUBO;KIT ROLAMENTO CUBO;0;;
192;2066;713 6308 00;MARCA FAG;713630800;CATEGORIA0;;1;1;0;1;;KIT ROLAMENTO CUBO;KIT ROLAMENTO CUBO;0;;
192;2066;713 6402 80;MARCA FAG;713640280;CATEGORIA0;;1;1;0;1;;KIT ROLAMENTO CUBO;KIT ROLAMENTO CUBO;0;;
192;2066;713 6493 00;MARCA FAG;713649300;CATEGORIA0;;1;1;0;1;;KIT ROLAMENTO CUBO;KIT ROLAMENTO CUBO;0;;
192;2066;713 6675 30;MARCA FAG;713667530;CATEGORIA0;;1;1;0;1;;KIT ROLAMENTO CUBO;KIT ROLAMENTO CUBO;0;;
192;2066;713 6780 20;MARCA FAG;713678020;CATEGORIA0;;1;1;0;1;;KIT ROLAMENTO CUBO;KIT ROLAMENTO CUBO;0;;
192;2066;713 6780 30;MARCA FAG;713678030;CATEGORIA0;;1;1;0;1;;KIT ROLAMENTO CUBO;KIT ROLAMENTO CUBO;0;;
192;2066;713 6783 20;MARCA FAG;713678320;CATEGORIA0;;1;1;0;1;;KIT ROLAMENTO CUBO;KIT ROLAMENTO CUBO;0;;
192;2066;713 6785 00;MARCA FAG;713678500;CATEGORIA0;;1;1;0;1;;KIT ROLAMENTO CUBO;KIT ROLAMENTO CUBO;0;;
4;1140;C 3034;FILTROS MANN;C3034;CATEGORIA0;;1;1;0;1;;FILTRO AR;FILTRO AR;0;;
202;1630;H084/5 STD;MAT.MOTOR NÜRAL GLYCO;H084/05;CATEGORIA0;;1;1;0;1;;BRONZES APOIO;BRONZES APOIO;0;;
202;1630;61385000;MAT.MOTOR NÜRAL GLYCO;61385000;CATEGORIA0;;1;1;0;1;;BRONZES BIELA 1.5 DCI;BRONZES BIELA 1.5 DCI;0;;
85;0180;347 8DG;AMORT.DIVERSOS KYB;3478DG;CATEGORIA0;;1;1;0;1;;AMORTECEDOR AL-KO;AMORTECEDOR AL-KO;0;;
85;0180;347 8IG;AMORT.DIVERSOS KYB;3478IG;CATEGORIA0;;1;1;0;1;;AMORTECEDOR AL-KO;AMORTECEDOR AL-KO;0;;
161;1606;JPR149;MATERIAL TRW;JPR149;CATEGORIA0;;1;1;0;1;;BOMBA DIREÇÃO;BOMBA DIREÇÃO;0;;
269;1523;12772;MARCA INTERMOTOR STANDARD;12772;CATEGORIA0;;1;1;0;1;;BOBINE IGNIÇÃO;BOBINE IGNIÇÃO;0;;
385;2350;08-307500-00;SEGMENTOS GOETZE ENGINE;0830750000;CATEGORIA0;;1;1;0;1;;JG. SEGMENTOS;JG. SEGMENTOS;0;;
202;1630;87409600;MAT.MOTOR NÜRAL GLYCO;87409600;CATEGORIA0;;1;1;0;1;;BRONZES BIELA;BRONZES BIELA;0;;
385;2350;08-137500-00;SEGMENTOS GOETZE ENGINE;0813750000;CATEGORIA0;;1;1;0;1;;JG. SEGMENTOS;JG. SEGMENTOS;0;;
9;1285;61-36540-00;MARCA VICTOR REINZ;613654000;CATEGORIA0;;1;1;0;1;;JUNTA CABEÇA;JUNTA CABEÇA;0;;
4664;1560;08788;MARCA METALCAUCHO;MC8788;CATEGORIA0;;1;1;0;1;;TUBO RADIADOR;TUBO RADIADOR;0;;
31;0730;6PK2215;CORREIAS CONTINENTAL CTAM;6PK2215;CATEGORIA0;;1;1;0;1;;CORREIA ESTRIADA;CORREIA ESTRIADA;0;;
31;0730;6PK2236;CORREIAS CONTINENTAL CTAM;6PK2236;CATEGORIA0;;1;1;0;1;;CORREIA ESTRIADA;CORREIA ESTRIADA;0;;
4664;1560;04100;MARCA METALCAUCHO;MC4100;CATEGORIA0;;1;1;0;1;;APOIO CARBURADOR;APOIO CARBURADOR;0;;
214;1511;DRB2650;MATERIAL REMY;ALT02650R;CATEGORIA0;;1;1;0;1;;ALTERNADOR FORD;ALTERNADOR FORD;0;;
85;0180;344214;AMORT.DIVERSOS KYB;344214;CATEGORIA0;;1;1;0;1;;AMORTECEDOR KAYABA;AMORTECEDOR KAYABA;0;;
85;0180;344215;AMORT.DIVERSOS KYB;344215;CATEGORIA0;;1;1;0;1;;AMORTECEDOR KAYABA;AMORTECEDOR KAYABA;0;;
4;1140;W 713/28;FILTROS MANN;W713/28;CATEGORIA0;;1;1;0;1;;FILTRO ÓLEO;FILTRO ÓLEO;0;;
30;1510;0 281 002 466;MATERIAL BOSCH;0281002466;CATEGORIA0;;1;1;0;1;;MEDIDOR MASSA AR;MEDIDOR MASSA AR;0;;
85;0180;312 0DG;AMORT.DIVERSOS KYB;3120DG;CATEGORIA0;;1;1;0;1;;AMORTECEDOR AL-KO;AMORTECEDOR AL-KO;0;;
85;0180;312 0IG;AMORT.DIVERSOS KYB;3120IG;CATEGORIA0;;1;1;0;1;;AMORTECEDOR AL-KO;AMORTECEDOR AL-KO;0;;
113;1290;54031300;JUNTAS DIVERSAS AJUSA PAYEN;AJM202MS;CATEGORIA0;;1;1;0;1;;JG.JUNTAS CONV.;JG.JUNTAS CONV.;0;;
206;1561;501170;MAT.DIVERSO A.B.S.;O501170;CATEGORIA0;;1;1;0;1;;CUBO RODA OPTIMAL;CUBO RODA OPTIMAL;0;;
152;1850;21286.02;MARCA ROADHOUSE;21286.02;CATEGORIA0;;1;1;0;1;;PASTILHAS TRAVÃO;PASTILHAS TRAVÃO;0;;
4664;1560;02499;MARCA METALCAUCHO;MC2499;CATEGORIA0;;1;1;0;1;;APOIO AMORT. FRT.;APOIO AMORT. FRT.;0;;
206;1561;D8000E;MAT.DIVERSO A.B.S.;D8000E;CATEGORIA0;;1;1;0;1;;KIT FOLES TRANSM. UNIVERS.;KIT FOLES TRANSM. UNIVERS.;0;;
166;1305;MR8013;EMBRAIAGENS DIVERSAS AISIN;MR8013;CATEGORIA0;;1;1;0;1;;ROLAMENTO EMBRAIAGEM;ROLAMENTO EMBRAIAGEM;0;;
9;1285;02-36225-01;MARCA VICTOR REINZ;023622501;CATEGORIA0;;1;1;0;1;;JUNTAS DESCARBONIZAÇÃO;JUNTAS DESCARBONIZAÇÃO;0;;
9;1285;14-32132-02;MARCA VICTOR REINZ;143213202;CATEGORIA0;;1;1;0;1;;JG. PARAFUSOS 4 CIL.;JG. PARAFUSOS 4 CIL.;0;;
61;1540;3107417;MATERIAL VAUNER  TYC;16142311;CATEGORIA0;;1;1;0;1;;FAROLIM LAT. AMAR. ASTRA/CORSA 95-;FAROLIM LAT. AMAR. ASTRA/CORSA 95-;0;;
385;2350;08-294500-00;SEGMENTOS GOETZE ENGINE;0829450000;CATEGORIA0;;1;1;0;1;;JG. SEGMENTOS;JG. SEGMENTOS;0;;
202;1630;13.5X2.00;MAT.MOTOR NÜRAL GLYCO;13.5X2.00;CATEGORIA0;;1;1;0;1;;PASTILHA AFINAÇAO;PASTILHA AFINAÇAO;0;;
9;1285;08-34166-01;MARCA VICTOR REINZ;083416601;CATEGORIA0;;1;1;0;1;;JUNTAS CONVERSÃO;JUNTAS CONVERSÃO;0;;
260;1570;4001388;MARCA SASIC;4001388;CATEGORIA0;;1;1;0;1;;APOIO MOTOR;APOIO MOTOR;0;;
240;1500;41170;MARCA FAE;FAE4117;CATEGORIA0;;1;1;0;1;;VALVULA M/ TRÁS FAE;VALVULA M/ TRÁS FAE;0;;
4664;1560;09120;MARCA METALCAUCHO;MC9120;CATEGORIA0;;1;1;0;1;;TUBO RADIADOR;TUBO RADIADOR;0;;
30;1510;3 397 118 301;MATERIAL BOSCH;3397118301;CATEGORIA0;;1;1;0;1;;JG. ESCOVAS L/ VIDROS;JG. ESCOVAS L/ VIDROS;0;;
11;2805;GN992;VELAS INCANDESCENCIA BorgWarner BERU;GN992;CATEGORIA0;;1;1;0;1;;VELA INCANDESCENCIA;VELA INCANDESCENCIA;0;;
206;1561;G7-785;MAT.DIVERSO A.B.S.;G7785;CATEGORIA0;;1;1;0;1;;PENDURAL ESTABILIZADOR;PENDURAL ESTABILIZADOR;0;;
6441;2806;Z235;VELAS IGNICAO BERU BY DRIV;Z235;CATEGORIA0;;1;1;0;1;;VELA IGNIÇÃO PLATINA;VELA IGNIÇÃO PLATINA;0;;
113;1290;14029400;JUNTAS DIVERSAS AJUSA PAYEN;14029400;CATEGORIA0;;1;1;0;1;;JUNTA CARTER;JUNTA CARTER;0;;
202;1630;87-114400-40;MAT.MOTOR NÜRAL GLYCO;8711440040;CATEGORIA0;;1;1;0;1;;PISTÃO STD;PISTÃO STD;0;;
38;1160;A1175;FILTROS PURFLUX;A1175P;CATEGORIA0;;1;1;0;1;;FILTRO AR PURFLUX;FILTRO AR PURFLUX;0;;
204;1299;535 0101 10;ROLAMENTOS INA;535010110;CATEGORIA0;;1;1;0;1;;TENSOR ALTERNADOR INA;TENSOR ALTERNADOR INA;0;;
4664;1560;00952;MARCA METALCAUCHO;MC0952;CATEGORIA0;;1;1;0;1;;CARDAN TRANSMISSÃO;CARDAN TRANSMISSÃO;0;;
4;1140;+HU 721/4 X;FILTROS MANN;HU721/4X;CATEGORIA0;;1;1;0;1;;FILTRO ÓLEO;FILTRO ÓLEO;0;;
4;1140;+HU 718/1 Z;FILTROS MANN;HU718/1Z;CATEGORIA0;;1;1;0;1;;FILTRO ÓLEO (+);FILTRO ÓLEO (+);0;;
4;1140;+HU 719/7 X;FILTROS MANN;HU719/7X;CATEGORIA0;;1;1;0;1;;FILTRO ÓLEO (+);FILTRO ÓLEO (+);0;;
4;1140;C 22 117;FILTROS MANN;C22117;CATEGORIA0;;1;1;0;1;;FILTRO AR;FILTRO AR;0;;
4;1140;C 32 120/1;FILTROS MANN;C32120/1;CATEGORIA0;;1;1;0;1;;FILTRO AR (+);FILTRO AR (+);0;;
4;1140;+W 719/30;FILTROS MANN;W719/30;CATEGORIA0;;1;1;0;1;;FILTRO ÓLEO;FILTRO ÓLEO;0;;
4664;1560;04003;MARCA METALCAUCHO;MC4003;CATEGORIA0;;1;1;0;1;;APOIO MOTOR;APOIO MOTOR;0;;
137;1130;FA4599;FILTROS DIVERSOS  SOFIMA  UFI;FA4599;CATEGORIA0;;1;1;0;1;;FILTRO ÓLEO FIAAM;FILTRO ÓLEO FIAAM;0;;
4664;1560;00239;MARCA METALCAUCHO;MC0239;CATEGORIA0;;1;1;0;1;;APOIO MOTOR;APOIO MOTOR;0;;
267;1250;HG759;MARCA FAI AutoParts;HG759;CATEGORIA0;;1;1;0;1;;JUNTA CABEÇA;JUNTA CABEÇA;0;;
4664;1560;04035;MARCA METALCAUCHO;MC4035;CATEGORIA0;;1;1;0;1;;PENDURAL ESTABILIZADOR;PENDURAL ESTABILIZADOR;0;;
4664;1560;01344;MARCA METALCAUCHO;MC1344;CATEGORIA0;;1;1;0;1;;KIT FOLES TRANSMISSÃO;KIT FOLES TRANSMISSÃO;0;;
341;1626;7506299;MARCA HOFFER;7506299;CATEGORIA0;;1;1;0;1;;BOMBA COMB. ELECTRICA;BOMBA COMB. ELECTRICA;0;;
4664;1560;02381;MARCA METALCAUCHO;MC2381;CATEGORIA0;;1;1;0;1;;JUNTA ESCAPE;JUNTA ESCAPE;0;;
61;1100;6164286;ESPELHOS / VIDROS RETROVISORES ALKAR TYC;1702012;CATEGORIA0;;1;1;0;1;;ESPELHO ESQ. PEUGEOT 106 91-;ESPELHO ESQ. PEUGEOT 106 91-;0;;
21;1608;256578;MARCA VALEO;256578;CATEGORIA0;;1;1;0;1;;CANHAO IGNIÇÃO;CANHAO IGNIÇÃO;0;;
206;1561;G3-875;MAT.DIVERSO A.B.S.;G3875;CATEGORIA0;;1;1;0;1;;RÓTULA SUSPENSÃO;RÓTULA SUSPENSÃO;0;;
38;1160;AH132;FILTROS PURFLUX;AH132;CATEGORIA0;;1;1;0;1;;FILTRO HABIT. PURFLUX;FILTRO HABIT. PURFLUX;0;;
206;2060;50 03 0017;ROLAMENTOS DIVERSOS A.B.S.;50030017;CATEGORIA0;;1;1;0;1;;ROLAMENTO DISTRIBUIÇÃO;ROLAMENTO DISTRIBUIÇÃO;0;;
137;1130;23.168.00;FILTROS DIVERSOS  SOFIMA  UFI;2316800;CATEGORIA0;;1;1;0;1;;FILTRO ÓLEO UFI;FILTRO ÓLEO UFI;0;;
137;1130;24.432.00;FILTROS DIVERSOS  SOFIMA  UFI;2443200;CATEGORIA0;;1;1;0;1;;FILTRO COMBUST. UFI;FILTRO COMBUST. UFI;0;;
38;1160;AH127;FILTROS PURFLUX;AH127;CATEGORIA0;;1;1;0;1;;FILTRO HABIT. PURFLUX;FILTRO HABIT. PURFLUX;0;;
137;1130;23.436.00;FILTROS DIVERSOS  SOFIMA  UFI;2343600;CATEGORIA0;;1;1;0;1;;FILTRO ÓLEO UFI;FILTRO ÓLEO UFI;0;;
6;1315;622 1311 00;LUK ( TODO MATERIAL LUK  menos  BIMASSAS );622131100;CATEGORIA0;;1;1;0;1;;KIT EMBRAIAGEM LUK;KIT EMBRAIAGEM LUK;0;;
311;0303;101-269;BOMBAS TRAVAO / EMBR. CIFAM;101269;CATEGORIA0;;1;1;0;1;;BOMBA TRAVÃO;BOMBA TRAVÃO;0;;
311;0303;101-270;BOMBAS TRAVAO / EMBR. CIFAM;101270;CATEGORIA0;;1;1;0;1;;BOMBA TRAVÃO;BOMBA TRAVÃO;0;;
152;1850;6476.10;MARCA ROADHOUSE;647610;CATEGORIA0;;1;1;0;1;;DISCO TRAVÃO;DISCO TRAVÃO;0;;
4664;1560;08686;MARCA METALCAUCHO;MC8686;CATEGORIA0;;1;1;0;1;;TUBO RADIADOR;TUBO RADIADOR;0;;
4664;1560;04700;MARCA METALCAUCHO;MC4700;CATEGORIA0;;1;1;0;1;;APOIO MOTOR ESQ.;APOIO MOTOR ESQ.;0;;
269;1523;22750;MARCA INTERMOTOR STANDARD;22750;CATEGORIA0;;1;1;0;1;;PLATINADOS;PLATINADOS;0;;
267;1250;EV35540;MARCA FAI AutoParts;EV35540;CATEGORIA0;;1;1;0;1;;VALVULA ESCAPE;VALVULA ESCAPE;0;;
9;1285;61-31865-00;MARCA VICTOR REINZ;613186500;CATEGORIA0;;1;1;0;1;;JUNTA CABEÇA;JUNTA CABEÇA;0;;
152;1850;6287.00;MARCA ROADHOUSE;628700;CATEGORIA0;;1;1;0;1;;DISCO TRAVÃO;DISCO TRAVÃO;0;;
206;1561;501136;MAT.DIVERSO A.B.S.;O501136;CATEGORIA0;;1;1;0;1;;CUBO RODA OPTIMAL;CUBO RODA OPTIMAL;0;;
192;2066;713 6440 70;MARCA FAG;713644070;CATEGORIA0;;1;1;0;1;;CUBO RODA FAG;CUBO RODA FAG;0;;
33;1520;5460XS;MARCA GATES;5460XS;CATEGORIA0;;1;1;0;1;;CORREIA DISTRIBUIÇÃO;CORREIA DISTRIBUIÇÃO;0;;
240;1500;34130;MARCA FAE;FAE3413;CATEGORIA0;;1;1;0;1;;VALVULA TEMP.;VALVULA TEMP.;0;;
4664;1560;00776;MARCA METALCAUCHO;MC0776;CATEGORIA0;;1;1;0;1;;SINOBLOCO;SINOBLOCO;0;;
206;2555;44-06015;SUSPENSAO / DIREÇAO DIVERSO  A.B.S.;44-06015;CATEGORIA0;;1;1;0;1;;RÓTULA DIREÇÃO AXIAL;RÓTULA DIREÇÃO AXIAL;0;;
137;1130;53.001.00;FILTROS DIVERSOS  SOFIMA  UFI;5300100;CATEGORIA0;;1;1;0;1;;FILTRO HABIT. UFI;FILTRO HABIT. UFI;0;;
430;2550;91-00247;MARCA RTS;91-00247;CATEGORIA0;;1;1;0;1;;TERMINAL DIREÇÃO;TERMINAL DIREÇÃO;0;;
85;0180;32M 73A;AMORT.DIVERSOS KYB;32M73A;CATEGORIA0;;1;1;0;1;;AMORTECEDOR BOGE;AMORTECEDOR BOGE;0;;
85;0180;32M 74A;AMORT.DIVERSOS KYB;32M74A;CATEGORIA0;;1;1;0;1;;AMORTECEDOR BOGE;AMORTECEDOR BOGE;0;;
30;1510;0 986 357 149;MATERIAL BOSCH;0986357149;CATEGORIA0;;1;1;0;1;;JG. FIOS VELA;JG. FIOS VELA;0;;
240;1500;99200;MARCA FAE;FAE9920;CATEGORIA0;;1;1;0;1;;SUPORTE MANOMETRO;SUPORTE MANOMETRO;0;;
206;1561;G2-928;MAT.DIVERSO A.B.S.;G2928;CATEGORIA0;;1;1;0;1;;RÓTULA DIREÇÃO AXIAL;RÓTULA DIREÇÃO AXIAL;0;;
5;1535;7.24808.03.0;MARCA PIERBURG;724808030;CATEGORIA0;;1;1;0;1;;BOMBA VACUO;BOMBA VACUO;0;;
214;1511;DRS8960;MATERIAL REMY;DRS8960;CATEGORIA0;;1;1;0;1;;MOTOR ARRANQUE;MOTOR ARRANQUE;0;;
214;0482;CDRS8960;CASCOS MATERIAL KRAUTLI REMY;CDRS8960;CATEGORIA0;;1;1;0;1;;CASCO MOTOR ARRANQUE;CASCO MOTOR ARRANQUE;0;;
214;1511;DSR731L;MATERIAL REMY;DSR731L;CATEGORIA0;;1;1;0;1;;CAIXA DIREÇÃO;CAIXA DIREÇÃO;0;;
277;0540;908750K;CABEÇAS MOTOR  AMC;908750K;CATEGORIA0;;1;1;0;1;;CABEÇA MOTOR;CABEÇA MOTOR;0;;
50;1604;VKC 3502;MARCA DIVERSOS SKF;VKC3502;CATEGORIA0;;1;1;0;1;;ROLAMENTO EMBRAIAGEM;ROLAMENTO EMBRAIAGEM;0;;
30;1510;3 397 001 802;MATERIAL BOSCH;3397001802;CATEGORIA0;;1;1;0;1;;JG. ESCOVAS L/ VIDROS;JG. ESCOVAS L/ VIDROS;0;;
206;2555;50-09746;SUSPENSAO / DIREÇAO DIVERSO  A.B.S.;50-09746;CATEGORIA0;;1;1;0;1;;PENDURAL ESTABILIZADOR;PENDURAL ESTABILIZADOR;0;;
4871;0555;FA02217;CABOS EUROPEUS CEF  A.B.S. COFLE;FA2217;CATEGORIA0;;1;1;0;1;;CABO TRAVÃO;CABO TRAVÃO;0;;
430;2550.1;95-09532-2;MARCA RTS;95-09532-2;CATEGORIA0;;1;1;0;1;;BRAÇO SUSP. ESQ.;BRAÇO SUSP. ESQ.;0;;
152;1850;4184.00;MARCA ROADHOUSE;4184.00;CATEGORIA0;;1;1;0;1;;MAXILAS TRAVÃO;MAXILAS TRAVÃO;0;;
50;1604.1;VKBA 3331;MARCA SKF ( VKBA );VKBA3331;CATEGORIA0;;1;1;0;1;;ROLAMENTO CUBO SKF;ROLAMENTO CUBO SKF;0;;
88;2300;P77313-01;RETENTORES DIVERSOS GLASER;77313;CATEGORIA0;;1;1;0;1;;RETENTOR;RETENTOR;0;;
50;1604.1;VKBA 3730;MARCA SKF ( VKBA );VKBA3730;CATEGORIA0;;1;1;0;1;;KIT ROLAMENTO SKF;KIT ROLAMENTO SKF;0;;
214;0482;CDSR731L;CASCOS MATERIAL KRAUTLI REMY;CDSR731L;CATEGORIA0;;1;1;0;1;;CASCO CAIXA DIREÇÃO;CASCO CAIXA DIREÇÃO;0;;
204;1299;531 0260 10;ROLAMENTOS INA;531026010;CATEGORIA0;;1;1;0;1;;ROLAMENTO TENSOR INA;ROLAMENTO TENSOR INA;0;;
152;1850;21302.02;MARCA ROADHOUSE;21302.02;CATEGORIA0;;1;1;0;1;;PASTILHAS TRAVÃO;PASTILHAS TRAVÃO;0;;
152;1850;21303.02;MARCA ROADHOUSE;21303.02;CATEGORIA0;;1;1;0;1;;PASTILHAS TRAVÃO;PASTILHAS TRAVÃO;0;;
430;2550.1;96-00550-1;MARCA RTS;96-00550-1;CATEGORIA0;;1;1;0;1;;BRAÇO SUSP. DRT. (S/ ROT.);BRAÇO SUSP. DRT. (S/ ROT.);0;;
240;1500;37550;MARCA FAE;FAE3755;CATEGORIA0;;1;1;0;1;;VALVULA TERMOVENT. FAE;VALVULA TERMOVENT. FAE;0;;
30;1510;F 026 402 016;MATERIAL BOSCH;F026402016;CATEGORIA0;;1;1;0;1;;FILTRO COMBUSTÍVEL;FILTRO COMBUSTÍVEL;0;;
206;1561;920752;MAT.DIVERSO A.B.S.;O920752;CATEGORIA0;;1;1;0;1;;ROLAMENTO CUBO OPTIMAL;ROLAMENTO CUBO OPTIMAL;0;;
9;1285;02-36345-01;MARCA VICTOR REINZ;023634501;CATEGORIA0;;1;1;0;1;;JUNTAS DESCARBONIZAÇÃO;JUNTAS DESCARBONIZAÇÃO;0;;
37;0170;E4952;MARCA MONROE;E4952;CATEGORIA0;;1;1;0;1;;AMORTECEDOR MONROE;AMORTECEDOR MONROE;0;;
38;1160;AHC213;FILTROS PURFLUX;AHC213;CATEGORIA0;;1;1;0;1;;FILTRO HABIT. PURFLUX;FILTRO HABIT. PURFLUX;0;;
32;1320;2294 000 111;MARCA EMBRAIAGENS SACHS;2294000111;CATEGORIA0;;1;1;0;1;;VOLANTE BIMASSA;VOLANTE BIMASSA;0;;
32;1320;3000 970 003;MARCA EMBRAIAGENS SACHS;3000970003;CATEGORIA0;;1;1;0;1;;KIT EMBRAIAGEM SACHS;KIT EMBRAIAGEM SACHS;0;;
32;1320;3182 600 147;MARCA EMBRAIAGENS SACHS;3182600147;CATEGORIA0;;1;1;0;1;;ROLAMENTO EMBRAIAGEM;ROLAMENTO EMBRAIAGEM;0;;
214;1511;DRA2790;MATERIAL REMY;DRA2790;CATEGORIA0;;1;1;0;1;;ALTERNADOR;ALTERNADOR;0;;
214;1511;DRS7000;MATERIAL REMY;DRS7000;CATEGORIA0;;1;1;0;1;;MOTOR ARRANQUE;MOTOR ARRANQUE;0;;
214;0482;CDRS7000;CASCOS MATERIAL KRAUTLI REMY;CDRS7000;CATEGORIA0;;1;1;0;1;;CASCO MOTOR ARRANQUE;CASCO MOTOR ARRANQUE;0;;
214;0482;CDRA2790;CASCOS MATERIAL KRAUTLI REMY;CDRA2790;CATEGORIA0;;1;1;0;1;;CASCO ALTERNADOR;CASCO ALTERNADOR;0;;
137;1130;24.428.00;FILTROS DIVERSOS  SOFIMA  UFI;2442800;CATEGORIA0;;1;1;0;1;;FILTRO COMBUST. UFI;FILTRO COMBUST. UFI;0;;
166;1305;AC559K;EMBRAIAGENS DIVERSAS AISIN;AC559K;CATEGORIA0;;1;1;0;1;;KIT EMBRAIAGEM;KIT EMBRAIAGEM;0;;
31;0730;6PK1658;CORREIAS CONTINENTAL CTAM;6PK1658;CATEGORIA0;;1;1;0;1;;CORREIA ESTRIADA;CORREIA ESTRIADA;0;;
6;1315;624 3170 09;LUK ( TODO MATERIAL LUK  menos  BIMASSAS );624317009;CATEGORIA0;;1;1;0;1;;KIT EMBRAIAGEM LUK;KIT EMBRAIAGEM LUK;0;;
113;1290;DV675;JUNTAS DIVERSAS AJUSA PAYEN;DV675;CATEGORIA0;;1;1;0;1;;JUNTAS DESCARBONIZAÇÃO;JUNTAS DESCARBONIZAÇÃO;0;;
152;1850;21208.02;MARCA ROADHOUSE;21208.02;CATEGORIA0;;1;1;0;1;;PASTILHAS TRAVÃO;PASTILHAS TRAVÃO;0;;
152;1850;21209.02;MARCA ROADHOUSE;21209.02;CATEGORIA0;;1;1;0;1;;PASTILHAS TRAVÃO;PASTILHAS TRAVÃO;0;;
30;1510;0 986 014 350;MATERIAL BOSCH;0986014350;CATEGORIA0;;1;1;0;1;;MOTOR ARRANQUE;MOTOR ARRANQUE;0;;
61;1100;6451283;ESPELHOS / VIDROS RETROVISORES ALKAR TYC;1721018;CATEGORIA0;;1;1;0;1;;VIDRO ESP. ESQ. 206/C2/C3 98-;VIDRO ESP. ESQ. 206/C2/C3 98-;0;;
31;0730;AVX10X785;CORREIAS CONTINENTAL CTAM;10X785;CATEGORIA0;;1;1;0;1;;CORREIA VENTOINHA;CORREIA VENTOINHA;0;;
4664;1560;04108;MARCA METALCAUCHO;MC4108;CATEGORIA0;;1;1;0;1;;APOIO MOTOR DRT.;APOIO MOTOR DRT.;0;;
50;1604;VKC2 537;MARCA DIVERSOS SKF;VKC2537;CATEGORIA0;;1;1;0;1;;ROLAMENTO EMBRAIAGEM;ROLAMENTO EMBRAIAGEM;0;;
61;1100;6141418;ESPELHOS / VIDROS RETROVISORES ALKAR TYC;1603017;CATEGORIA0;;1;1;0;1;;ESPELHO RET. COMBO 95- ESQ./DRT.;ESPELHO RET. COMBO 95- ESQ./DRT.;0;;
4664;1560;04009;MARCA METALCAUCHO;MC4009;CATEGORIA0;;1;1;0;1;;SINOBLOCO;SINOBLOCO;0;;
4664;1560;04104;MARCA METALCAUCHO;MC4104;CATEGORIA0;;1;1;0;1;;APOIO MOTOR ESQ.;APOIO MOTOR ESQ.;0;;
314;1010;OF53A;ESCOVAS L/ VIDROS DIVERSAS  TRICO  PJ;OF53A;CATEGORIA0;;1;1;0;1;;ESCOVA L/ VIDROS;ESCOVA L/ VIDROS;0;;
152;1850;6635.10;MARCA ROADHOUSE;663510;CATEGORIA0;;1;1;0;1;;DISCO TRAVÃO;DISCO TRAVÃO;0;;
38;1160;AH163;FILTROS PURFLUX;AH163;CATEGORIA0;;1;1;0;1;;FILTRO HABIT. PURFLUX;FILTRO HABIT. PURFLUX;0;;
152;1850;2236.00;MARCA ROADHOUSE;2236.00;CATEGORIA0;;1;1;0;1;;PASTILHAS TRAVÃO;PASTILHAS TRAVÃO;0;;
88;2300;15037500;RETENTORES DIVERSOS AJUSA;15037500;CATEGORIA0;;1;1;0;1;;RETENTOR;RETENTOR;0;;
206;1561;G7-859;MAT.DIVERSO A.B.S.;G7859;CATEGORIA0;;1;1;0;1;;PENDURAL ESTABILIZADOR;PENDURAL ESTABILIZADOR;0;;
4664;1560;00173;MARCA METALCAUCHO;MC0173;CATEGORIA0;;1;1;0;1;;SINOBLOCO;SINOBLOCO;0;;
4664;1560;03646;MARCA METALCAUCHO;MC3646;CATEGORIA0;;1;1;0;1;;CAIXA C/ TERMÓSTATO;CAIXA C/ TERMÓSTATO;0;;
31;0730;AVX10X965;CORREIAS CONTINENTAL CTAM;10X965;CATEGORIA0;;1;1;0;1;;CORREIA VENTOINHA;CORREIA VENTOINHA;0;;
137;1130;.;FILTROS DIVERSOS  SOFIMA  UFI;LAK239;CATEGORIA0;;1;1;0;1;;FILTRO HABIT. MAHLE;FILTRO HABIT. MAHLE;0;;
11;2804;ZEF1223;MARCA BERU by DRiV;ZEF1223;CATEGORIA0;;1;1;0;1;;JG.FIOS BERU;JG.FIOS BERU;0;;
85;0180;335808;AMORT.DIVERSOS KYB;335808;CATEGORIA0;;1;1;0;1;;AMORTECEDOR KAYABA;AMORTECEDOR KAYABA;0;;
4664;1560;04387;MARCA METALCAUCHO;MC4387;CATEGORIA0;;1;1;0;1;;SINOBLOCO SUSP.;SINOBLOCO SUSP.;0;;
430;2550;91-01431;MARCA RTS;91-01431;CATEGORIA0;;1;1;0;1;;TERMINAL DIREÇÃO;TERMINAL DIREÇÃO;0;;
61;1540;2902493;MATERIAL VAUNER  TYC;09321003;CATEGORIA0;;1;1;0;1;;FAROL NEV. PUNTO DRT.;FAROL NEV. PUNTO DRT.;0;;
23;1569;55578;MARCA RUVILLE;55578;CATEGORIA0;;1;1;0;1;;ROLAMENTO DISTRIBUIÇÃO;ROLAMENTO DISTRIBUIÇÃO;0;;
166;1305;MK9842;EMBRAIAGENS DIVERSAS AISIN;MK9842;CATEGORIA0;;1;1;0;1;;KIT EMBRAIAGEM;KIT EMBRAIAGEM;0;;
175;0175;8108409;AMORT. T/ MALA DIVERSOS LESJÖFORS;8108409;CATEGORIA0;;1;1;0;1;;AMORTECEDOR T/ MALA;AMORTECEDOR T/ MALA;0;;
4;1140;+WK 850/2;FILTROS MANN;WK850/2;CATEGORIA0;;1;1;0;1;;FILTRO COMBUSTÍVEL;FILTRO COMBUSTÍVEL;0;;
4664;1560;02580;MARCA METALCAUCHO;MC2580;CATEGORIA0;;1;1;0;1;;RELA 21 MM;RELA 21 MM;0;;
4664;1560;02508;MARCA METALCAUCHO;MC2508;CATEGORIA0;;1;1;0;1;;RELA 24 MM;RELA 24 MM;0;;
430;2550;93-08041;MARCA RTS;93-08041;CATEGORIA0;;1;1;0;1;;RÓTULA SUSPENSÃO;RÓTULA SUSPENSÃO;0;;
204;1300;420 0118 10;MATERIAL MOTOR INA;420011810;CATEGORIA0;;1;1;0;1;;TOUCHES OPEL;TOUCHES OPEL;0;;
9;1285;02-53146-01;MARCA VICTOR REINZ;025314601;CATEGORIA0;;1;1;0;1;;JUNTAS DESCARBONIZAÇÃO;JUNTAS DESCARBONIZAÇÃO;0;;
4871;0555;CT02159;CABOS EUROPEUS CEF  A.B.S. COFLE;CT2159;CATEGORIA0;;1;1;0;1;;CABO TRAVÃO;CABO TRAVÃO;0;;
4871;0555;CT02160;CABOS EUROPEUS CEF  A.B.S. COFLE;CT2160;CATEGORIA0;;1;1;0;1;;CABO TRAVÃO;CABO TRAVÃO;0;;
4664;1560;02471;MARCA METALCAUCHO;MC2471;CATEGORIA0;;1;1;0;1;;CASQUILHO BRAÇO SUSP.(+);CASQUILHO BRAÇO SUSP.(+);0;;
311;0600;3519K;CARDANS / CRUZETAS / DIREÇOES CIFAM;3519K;CATEGORIA0;;1;1;0;1;;CARDAN TRANSMISSÃO;CARDAN TRANSMISSÃO;0;;
152;1850;4733.00;MARCA ROADHOUSE;4733.00;CATEGORIA0;;1;1;0;1;;MAXILAS TRAV. MÃO;MAXILAS TRAV. MÃO;0;;
137;1130;27.154.00;FILTROS DIVERSOS  SOFIMA  UFI;2715400;CATEGORIA0;;1;1;0;1;;FILTRO AR UFI;FILTRO AR UFI;0;;
4;1140;+WK 512;FILTROS MANN;WK512;CATEGORIA0;;1;1;0;1;;FILTRO COMBUSTÍVEL;FILTRO COMBUSTÍVEL;0;;
206;1561;201228;MAT.DIVERSO A.B.S.;O201228;CATEGORIA0;;1;1;0;1;;ROLAMENTO CUBO OPTIMAL;ROLAMENTO CUBO OPTIMAL;0;;
214;1511;DRS2340;MATERIAL REMY;DRS2340;CATEGORIA0;;1;1;0;1;;MOTOR ARRANQUE;MOTOR ARRANQUE;0;;
214;0482;CDRS2340;CASCOS MATERIAL KRAUTLI REMY;CDRS2340;CATEGORIA0;;1;1;0;1;;CASCO MOTOR ARRANQUE;CASCO MOTOR ARRANQUE;0;;
151;1603;60 03 0056+;MARCA SWAG;60030056;CATEGORIA0;;1;1;0;1;;ROLAMENTO DISTRIBUIÇÃO;ROLAMENTO DISTRIBUIÇÃO;0;;
166;1305;BH-036;EMBRAIAGENS DIVERSAS AISIN;BH036;CATEGORIA0;;1;1;0;1;;ROLAMENTO EMBRAIAGEM;ROLAMENTO EMBRAIAGEM;0;;
113;1290;10026400;JUNTAS DIVERSAS AJUSA PAYEN;10026400;CATEGORIA0;;1;1;0;1;;JUNTA CABEÇA;JUNTA CABEÇA;0;;
9;1285;61-36265-30;MARCA VICTOR REINZ;613626530;CATEGORIA0;;1;1;0;1;;JUNTA CABEÇA;JUNTA CABEÇA;0;;
33;1520;5379XS;MARCA GATES;5379XS;CATEGORIA0;;1;1;0;1;;CORREIA DISTRIBUIÇÃO;CORREIA DISTRIBUIÇÃO;0;;
11;2804;ZEF1076;MARCA BERU by DRiV;ZEF1076;CATEGORIA0;;1;1;0;1;;JG.FIOS BERU;JG.FIOS BERU;0;;
214;1511;DRS3240;MATERIAL REMY;DRS3240;CATEGORIA0;;1;1;0;1;;MOTOR ARRANQUE;MOTOR ARRANQUE;0;;
214;0482;CDRS3240;CASCOS MATERIAL KRAUTLI REMY;CDRS3240;CATEGORIA0;;1;1;0;1;;CASCO MOTOR ARRANQUE;CASCO MOTOR ARRANQUE;0;;
206;2060;DID-4510;ROLAMENTOS DIVERSOS A.B.S.;DID4510;CATEGORIA0;;1;1;0;1;;ROLAMENTO DISTRIBUIÇÃO;ROLAMENTO DISTRIBUIÇÃO;0;;
206;2060;DID-4511;ROLAMENTOS DIVERSOS A.B.S.;DID4511;CATEGORIA0;;1;1;0;1;;ROLAMENTO DISTRIBUIÇÃO;ROLAMENTO DISTRIBUIÇÃO;0;;
206;2060;DTE-4509;ROLAMENTOS DIVERSOS A.B.S.;DTE4509;CATEGORIA0;;1;1;0;1;;ROLAMENTO DISTRIBUIÇÃO;ROLAMENTO DISTRIBUIÇÃO;0;;
4664;1560;00712;MARCA METALCAUCHO;MC0712;CATEGORIA0;;1;1;0;1;;BATENTE SUSP. FRT.;BATENTE SUSP. FRT.;0;;
31;0730;6PK1415;CORREIAS CONTINENTAL CTAM;6PK1415;CATEGORIA0;;1;1;0;1;;CORREIA ESTRIADA;CORREIA ESTRIADA;0;;
61;1100;6165399;ESPELHOS / VIDROS RETROVISORES ALKAR TYC;1026011;CATEGORIA0;;1;1;0;1;;ESPELHO RET. FOCUS 98- C/C DRT.;ESPELHO RET. FOCUS 98- C/C DRT.;0;;
31;0730;5PK1610;CORREIAS CONTINENTAL CTAM;5PK1610;CATEGORIA0;;1;1;0;1;;CORREIA ESTRIADA;CORREIA ESTRIADA;0;;
166;1305;KT-263C;EMBRAIAGENS DIVERSAS AISIN;KT263C;CATEGORIA0;;1;1;0;1;;KIT EMBRAIAGEM;KIT EMBRAIAGEM;0;;
9;1285;61-31135-20;MARCA VICTOR REINZ;613113520;CATEGORIA0;;1;1;0;1;;JUNTA CABEÇA;JUNTA CABEÇA;0;;
4664;1560;01198;MARCA METALCAUCHO;MC1198;CATEGORIA0;;1;1;0;1;;KIT FOLES TRANSMISSÃO;KIT FOLES TRANSMISSÃO;0;;
430;2550;76-02533-1;MARCA RTS;76-02533-1;CATEGORIA0;;1;1;0;1;;BRAÇO SUSP. DRT.;BRAÇO SUSP. DRT.;0;;
31;0730;6PK1310;CORREIAS CONTINENTAL CTAM;6PK1310;CATEGORIA0;;1;1;0;1;;CORREIA ESTRIADA;CORREIA ESTRIADA;0;;
430;2550.1;96-00737-2;MARCA RTS;96-00737-2;CATEGORIA0;;1;1;0;1;;BRAÇO SUSP. ESQ.;BRAÇO SUSP. ESQ.;0;;
4664;1560;04632;MARCA METALCAUCHO;MC4632;CATEGORIA0;;1;1;0;1;;APOIO MOTOR;APOIO MOTOR;0;;
206;1561;892872;MAT.DIVERSO A.B.S.;O892872;CATEGORIA0;;1;1;0;1;;ROLAMENTO CUBO;ROLAMENTO CUBO;0;;
4664;1560;03111;MARCA METALCAUCHO;MC3111;CATEGORIA0;;1;1;0;1;;TUBO ÁGUA;TUBO ÁGUA;0;;
11;2804;ZS253;MARCA BERU by DRiV;ZS253;CATEGORIA0;;1;1;0;1;;BOBINE DE IGNIÇÃO;BOBINE DE IGNIÇÃO;0;;
240;1500;83270;MARCA FAE;FAE8327;CATEGORIA0;;1;1;0;1;;JG. FIOS VELA FAE;JG. FIOS VELA FAE;0;;
61;1540;2105416;MATERIAL VAUNER  TYC;16141201;CATEGORIA0;;1;1;0;1;;PISCA ESQ. CORSA 83-;PISCA ESQ. CORSA 83-;0;;
85;0180;333858;AMORT.DIVERSOS KYB;333858;CATEGORIA0;;1;1;0;1;;AMORTECEDOR DRT. KAYABA;AMORTECEDOR DRT. KAYABA;0;;
4664;1560;03571;MARCA METALCAUCHO;MC3571;CATEGORIA0;;1;1;0;1;;GUIA VARETA (+);GUIA VARETA (+);0;;
215;2500;TH6858.89J;MARCA CALORSTAT by Vernet;6858.89;CATEGORIA0;;1;1;0;1;;TERMÓSTATO;TERMÓSTATO;0;;
166;1305;MD4503;EMBRAIAGENS DIVERSAS AISIN;MD4503;CATEGORIA0;;1;1;0;1;;DISCO EMBRAIAGEM;DISCO EMBRAIAGEM;0;;
30;1510;0 986 356 333;MATERIAL BOSCH;0986356333;CATEGORIA0;;1;1;0;1;;JG. FIOS VELA;JG. FIOS VELA;0;;
31;0730;6PK1564;CORREIAS CONTINENTAL CTAM;6PK1564;CATEGORIA0;;1;1;0;1;;CORREIA ESTRIADA;CORREIA ESTRIADA;0;;
50;1604.7;VKM 33023;MARCA SKF ( VKM );VKM33023;CATEGORIA0;;1;1;0;1;;ROLAMENTO DISTRIBUIÇÃO;ROLAMENTO DISTRIBUIÇÃO;0;;
4664;1560;03670;MARCA METALCAUCHO;MC3670;CATEGORIA0;;1;1;0;1;;FALANGE C/ TERMÓSTATO;FALANGE C/ TERMÓSTATO;0;;
4664;1560;04747;MARCA METALCAUCHO;MC4747;CATEGORIA0;;1;1;0;1;;APOIO MOTOR;APOIO MOTOR;0;;
4664;1560;04776;MARCA METALCAUCHO;MC4776;CATEGORIA0;;1;1;0;1;;APOIO MOTOR;APOIO MOTOR;0;;
4664;1560;04142;MARCA METALCAUCHO;MC4142;CATEGORIA0;;1;1;0;1;;TIRANTE ESTABIL.;TIRANTE ESTABIL.;0;;
31;0730;6PK1054;CORREIAS CONTINENTAL CTAM;6PK1054;CATEGORIA0;;1;1;0;1;;CORREIA ESTRIADA;CORREIA ESTRIADA;0;;
9;1285;14-32230-01;MARCA VICTOR REINZ;143223001;CATEGORIA0;;1;1;0;1;;JG. PARAFUSOS CABEÇA;JG. PARAFUSOS CABEÇA;0;;
311;0303;202-362;BOMBAS TRAVAO / EMBR. CIFAM;202362;CATEGORIA0;;1;1;0;1;;BOMBA P/ TRAVÃO;BOMBA P/ TRAVÃO;0;;
85;0180;443239;AMORT.DIVERSOS KYB;443239;CATEGORIA0;;1;1;0;1;;AMORTECEDOR KAYABA;AMORTECEDOR KAYABA;0;;
113;1290;10138420;JUNTAS DIVERSAS AJUSA PAYEN;10138420;CATEGORIA0;;1;1;0;1;;JUNTA CABEÇA;JUNTA CABEÇA;0;;
101;1519;23778+;MARCA FEBI;23778;CATEGORIA0;;1;1;0;1;;CORRENTE DISTRIBUIÇÃO;CORRENTE DISTRIBUIÇÃO;0;;
6;1315;623 3044 00;LUK ( TODO MATERIAL LUK  menos  BIMASSAS );623304400;CATEGORIA0;;1;1;0;1;;KIT EMBRAIAGEM LUK;KIT EMBRAIAGEM LUK;0;;
5;1535;7.20607.74.0;MARCA PIERBURG;720607740;CATEGORIA0;;1;1;0;1;;BOMBA VACUO ++++;BOMBA VACUO ++++;0;;
88;2300;P76359-11;RETENTORES DIVERSOS GLASER;76359;CATEGORIA0;;1;1;0;1;;RETENTOR;RETENTOR;0;;
214;1511;DSP610;MATERIAL REMY;DSP610;CATEGORIA0;;1;1;0;1;;BOMBA DIREÇÃO;BOMBA DIREÇÃO;0;;
214;0482;CDSP610;CASCOS MATERIAL KRAUTLI REMY;CDSP610;CATEGORIA0;;1;1;0;1;;CASCO BOMBA DIREÇÃO;CASCO BOMBA DIREÇÃO;0;;
161;1606;JPR259;MATERIAL TRW;JPR259;CATEGORIA0;;1;1;0;1;;BOMBA DIREÇÃO;BOMBA DIREÇÃO;0;;
83;1536;A96157;MATERIAL Continental/VDO;A96157;CATEGORIA0;;1;1;0;1;;REGULADOR RELANTI;REGULADOR RELANTI;0;;
83;1536;228-214-001-007Z;MATERIAL Continental/VDO;228214001007Z;CATEGORIA0;;1;1;0;1;;BOMBA COMBUSTÍVEL;BOMBA COMBUSTÍVEL;0;;
206;1561;G6-907;MAT.DIVERSO A.B.S.;G6907;CATEGORIA0;;1;1;0;1;;BRAÇO SUSPENSÃO;BRAÇO SUSPENSÃO;0;;
260;1570;2933053;MARCA SASIC;2933053;CATEGORIA0;;1;1;0;1;;KIT FOLE TRANSM. PLASTICO;KIT FOLE TRANSM. PLASTICO;0;;
85;0180;333709;AMORT.DIVERSOS KYB;333709;CATEGORIA0;;1;1;0;1;;AMORTECEDOR FRT. DRT. KYB;AMORTECEDOR FRT. DRT. KYB;0;;
4664;1560;04812;MARCA METALCAUCHO;MC4812;CATEGORIA0;;1;1;0;1;;APOIO MOTOR;APOIO MOTOR;0;;
430;2550;91-00395-1;MARCA RTS;91-00395-1;CATEGORIA0;;1;1;0;1;;TERMINAL DIREC. DRT.;TERMINAL DIREC. DRT.;0;;
430;2550;91-00395-2;MARCA RTS;91-00395-2;CATEGORIA0;;1;1;0;1;;TERMINAL DIREC. ESQ.;TERMINAL DIREC. ESQ.;0;;
152;1850;2022.10;MARCA ROADHOUSE;2022.10;CATEGORIA0;;1;1;0;1;;PASTILHAS TRAVÃO;PASTILHAS TRAVÃO;0;;
269;1523;33170;MARCA INTERMOTOR STANDARD;33170;CATEGORIA0;;1;1;0;1;;CONDENSADOR;CONDENSADOR;0;;
240;1500;79093;MARCA FAE;FAE79093;CATEGORIA0;;1;1;0;1;;SENSOR CAMBOTA;SENSOR CAMBOTA;0;;
61;1100;6139438;ESPELHOS / VIDROS RETROVISORES ALKAR TYC;1631014;CATEGORIA0;;1;1;0;1;;ESPELHO RET. TERM. ESQ. ASTRA 04-;ESPELHO RET. TERM. ESQ. ASTRA 04-;0;;
161;1606.1;GDB3350;MATERIAL PASTILHAS TRW;GDB3350;CATEGORIA0;;1;1;0;1;;PASTILHAS TRAVÃO TRW;PASTILHAS TRAVÃO TRW;0;;
85;0180;633835;AMORT.DIVERSOS KYB;633835;CATEGORIA0;;1;1;0;1;;AMORTECEDOR KAYABA;AMORTECEDOR KAYABA;0;;
161;1606;JPR317;MATERIAL TRW;JPR317;CATEGORIA0;;1;1;0;1;;BOMBA DIREÇÃO ASSISTIDA;BOMBA DIREÇÃO ASSISTIDA;0;;
481;1521;95104;MARCA JAPKO;3061001J60;CATEGORIA0;;1;1;0;1;;BOMBA P/ EMBRAIAGEM;BOMBA P/ EMBRAIAGEM;0;;
4664;1560;02488;MARCA METALCAUCHO;MC2488;CATEGORIA0;;1;1;0;1;;CASQUILHO ESTABIL. 23MM ***;CASQUILHO ESTABIL. 23MM ***;0;;
11;2805;GV626;VELAS INCANDESCENCIA BorgWarner BERU;GV626;CATEGORIA0;;1;1;0;1;;VELA INCANDESCENCIA;VELA INCANDESCENCIA;0;;
206;2555;6LL407183;SUSPENSAO / DIREÇAO DIVERSO  A.B.S.;6LL407183;CATEGORIA0;;1;1;0;1;;SINOBLOCO REFORC. (= 29839 FEBI);SINOBLOCO REFORC. (= 29839 FEBI);0;;
206;1561;702976;MAT.DIVERSO A.B.S.;O702976;CATEGORIA0;;1;1;0;1;;ROLAMENTO CUBO OPTIMAL;ROLAMENTO CUBO OPTIMAL;0;;
4664;1560;08775;MARCA METALCAUCHO;MC8775;CATEGORIA0;;1;1;0;1;;TUBO ÁGUA;TUBO ÁGUA;0;;
85;0180;310 5DG;AMORT.DIVERSOS KYB;3105DG;CATEGORIA0;;1;1;0;1;;AMORTECEDOR AL-KO;AMORTECEDOR AL-KO;0;;
85;0180;310 5IG;AMORT.DIVERSOS KYB;3105IG;CATEGORIA0;;1;1;0;1;;AMORTECEDOR AL-KO;AMORTECEDOR AL-KO;0;;
32;1320;3000 176 001;MARCA EMBRAIAGENS SACHS;3000176001;CATEGORIA0;;1;1;0;1;;KIT EMBRAIAGEM;KIT EMBRAIAGEM;0;;
61;1540;3302125;MATERIAL VAUNER  TYC;02142230;CATEGORIA0;;1;1;0;1;;PISCA DRT. BR. GOLF 3  91-;PISCA DRT. BR. GOLF 3  91-;0;;
206;1561;MB14;MAT.DIVERSO A.B.S.;MB14;CATEGORIA0;;1;1;0;1;;VENTOINHA;VENTOINHA;0;;
11;2805;GN035;VELAS INCANDESCENCIA BorgWarner BERU;GN035;CATEGORIA0;;1;1;0;1;;VELA INCANDESCENCIA;VELA INCANDESCENCIA;0;;
4664;1560;08490;MARCA METALCAUCHO;MC8490;CATEGORIA0;;1;1;0;1;;TUBO CHOUF.;TUBO CHOUF.;0;;
152;1850;6423.10;MARCA ROADHOUSE;642310;CATEGORIA0;;1;1;0;1;;DISCO TRAVÃO;DISCO TRAVÃO;0;;
206;2555;TC2062;SUSPENSAO / DIREÇAO DIVERSO  A.B.S.;TC2062;CATEGORIA0;;1;1;0;1;;RÓTULA SUSPENSÃO;RÓTULA SUSPENSÃO;0;;
4664;1560;09085;MARCA METALCAUCHO;MC9085;CATEGORIA0;;1;1;0;1;;TUBO RADIADOR;TUBO RADIADOR;0;;
4664;1560;05087;MARCA METALCAUCHO;MC5087;CATEGORIA0;;1;1;0;1;;APOIO MOTOR;APOIO MOTOR;0;;
240;1500;79034;MARCA FAE;FAE79034;CATEGORIA0;;1;1;0;1;;CAPTOR DISTRIBUIDOR;CAPTOR DISTRIBUIDOR;0;;
6;1315;510 0082 10;LUK ( TODO MATERIAL LUK  menos  BIMASSAS );510008210;CATEGORIA0;;1;1;0;1;;ROLAMENTO EMBRAIAGEM;ROLAMENTO EMBRAIAGEM;0;;
240;1500;98613;MARCA FAE;FAE98613;CATEGORIA0;;1;1;0;1;;AVISADOR TABLIER VERMELHO;AVISADOR TABLIER VERMELHO;0;;
240;1500;98616;MARCA FAE;FAE98616;CATEGORIA0;;1;1;0;1;;AVISADOR TABLIER AZUL;AVISADOR TABLIER AZUL;0;;
31;0730;AVX10X1525;CORREIAS CONTINENTAL CTAM;10X1525;CATEGORIA0;;1;1;0;1;;CORREIA VENTOINHA;CORREIA VENTOINHA;0;;
206;2555;SB7841;SUSPENSAO / DIREÇAO DIVERSO  A.B.S.;SB7841;CATEGORIA0;;1;1;0;1;;RÓTULA SUSPENSÃO;RÓTULA SUSPENSÃO;0;;
33;1520;5589XS;MARCA GATES;5589XS;CATEGORIA0;;1;1;0;1;;CORREIA DISTRIBUIÇÃO;CORREIA DISTRIBUIÇÃO;0;;
30;1510;0 204 125 718;MATERIAL BOSCH;0204125718;CATEGORIA0;;1;1;0;1;;SERVO FREIO **;SERVO FREIO **;0;;
85;0180;333280;AMORT.DIVERSOS KYB;333280;CATEGORIA0;;1;1;0;1;;AMORTECEDOR KAYABA;AMORTECEDOR KAYABA;0;;
85;0180;333281;AMORT.DIVERSOS KYB;333281;CATEGORIA0;;1;1;0;1;;AMORTECEDOR KAYABA;AMORTECEDOR KAYABA;0;;
85;0180;341204;AMORT.DIVERSOS KYB;341204;CATEGORIA0;;1;1;0;1;;AMORTECEDOR KAYABA;AMORTECEDOR KAYABA;0;;
137;1130;MA-4605;FILTROS DIVERSOS  SOFIMA  UFI;MA4605;CATEGORIA0;;1;1;0;1;;FILTRO AR;FILTRO AR;0;;
37;0170;E4638;MARCA MONROE;E4638;CATEGORIA0;;1;1;0;1;;AMORTECEDOR MONROE;AMORTECEDOR MONROE;0;;
9;1285;61-31060-20;MARCA VICTOR REINZ;613106020;CATEGORIA0;;1;1;0;1;;JUNTA CABEÇA;JUNTA CABEÇA;0;;
31;0730;6PK1856;CORREIAS CONTINENTAL CTAM;6PK1856;CATEGORIA0;;1;1;0;1;;CORREIA ESTRIADA;CORREIA ESTRIADA;0;;
50;1604.1;VKBA 1408;MARCA SKF ( VKBA );VKBA1408;CATEGORIA0;;1;1;0;1;;CUBO RODA SKF;CUBO RODA SKF;0;;
50;1604.1;VKBA 787;MARCA SKF ( VKBA );VKBA787;CATEGORIA0;;1;1;0;1;;ROLAMENTO CUBO SKF;ROLAMENTO CUBO SKF;0;;
30;1510;0 280 140 501;MATERIAL BOSCH;0280140501;CATEGORIA0;;1;1;0;1;;MEDIDOR MASSA AR;MEDIDOR MASSA AR;0;;
30;1510;0 258 006 127;MATERIAL BOSCH;0258006127;CATEGORIA0;;1;1;0;1;;SONDA LAMBDA;SONDA LAMBDA;0;;
11;2805;GN058;VELAS INCANDESCENCIA BorgWarner BERU;GN058;CATEGORIA0;;1;1;0;1;;VELA INCANDESCENCIA;VELA INCANDESCENCIA;0;;
204;1299;532 0351 30;ROLAMENTOS INA;532035130;CATEGORIA0;;1;1;0;1;;ROLAMENTO TENSOR INA;ROLAMENTO TENSOR INA;0;;
4664;1560;00652;MARCA METALCAUCHO;MC0652;CATEGORIA0;;1;1;0;1;;CASQUILHO ESTABIL.;CASQUILHO ESTABIL.;0;;
206;2555;220427;SUSPENSAO / DIREÇAO DIVERSO  A.B.S.;TC2061;CATEGORIA0;;1;1;0;1;;RÓTULA SUSPENSÃO;RÓTULA SUSPENSÃO;0;;
85;0180;343047;AMORT.DIVERSOS KYB;343047;CATEGORIA0;;1;1;0;1;;AMORTECEDOR GÁS KAYABA;AMORTECEDOR GÁS KAYABA;0;;
85;0180;633828;AMORT.DIVERSOS KYB;633828;CATEGORIA0;;1;1;0;1;;AMORTECEDOR KAYABA;AMORTECEDOR KAYABA;0;;
85;0180;441064;AMORT.DIVERSOS KYB;441064;CATEGORIA0;;1;1;0;1;;AMORTECEDOR KAYABA;AMORTECEDOR KAYABA;0;;
85;0180;441801;AMORT.DIVERSOS KYB;441801;CATEGORIA0;;1;1;0;1;;AMORTECEDOR KAYABA;AMORTECEDOR KAYABA;0;;
85;0180;633839;AMORT.DIVERSOS KYB;633839;CATEGORIA0;;1;1;0;1;;AMORTECEDOR KAYABA;AMORTECEDOR KAYABA;0;;
85;0180;633838;AMORT.DIVERSOS KYB;633838;CATEGORIA0;;1;1;0;1;;AMORTECEDOR KAYABA;AMORTECEDOR KAYABA;0;;
85;0180;334812;AMORT.DIVERSOS KYB;334812;CATEGORIA0;;1;1;0;1;;AMORTECEDOR KAYABA GÁS;AMORTECEDOR KAYABA GÁS;0;;
61;1100;6165165;ESPELHOS / VIDROS RETROVISORES ALKAR TYC;1913011;CATEGORIA0;;1;1;0;1;;ESPELHO RET. DRT. CLIO 90-;ESPELHO RET. DRT. CLIO 90-;0;;
85;0180;343248;AMORT.DIVERSOS KYB;343248;CATEGORIA0;;1;1;0;1;;AMORTECEDOR KAYABA;AMORTECEDOR KAYABA;0;;
206;2555;TA1536;SUSPENSAO / DIREÇAO DIVERSO  A.B.S.;TA1536;CATEGORIA0;;1;1;0;1;;TERMINAL DIREÇÃO;TERMINAL DIREÇÃO;0;;
430;2550;91-07081;MARCA RTS;91-07081;CATEGORIA0;;1;1;0;1;;TERMINAL DIREÇÃO;TERMINAL DIREÇÃO;0;;
206;2555;TA2374;SUSPENSAO / DIREÇAO DIVERSO  A.B.S.;TA2374;CATEGORIA0;;1;1;0;1;;AXIAL DIREÇÃO;AXIAL DIREÇÃO;0;;
206;2555;260139;SUSPENSAO / DIREÇAO DIVERSO  A.B.S.;3089661;CATEGORIA0;;1;1;0;1;;PENDURAL ESTABIL. DYS;PENDURAL ESTABIL. DYS;0;;
4;1140;WK 69/1;FILTROS MANN;WK69/1;CATEGORIA0;;1;1;0;1;;FILTRO COMBUSTÍVEL;FILTRO COMBUSTÍVEL;0;;
432;1631;77557600;MAT.MOTOR KOLBENSCHMIDT;77557600;CATEGORIA0;;1;1;0;1;;BRONZES BIELA;BRONZES BIELA;0;;
6;1316;600 0029 00;KIT BIMASSA + DMF LUK;600002900;CATEGORIA0;;1;1;0;1;;BIMASSA + EMBRAIAGEM LUK;BIMASSA + EMBRAIAGEM LUK;0;;
5;1535;7.24808.02.0;MARCA PIERBURG;724808020;CATEGORIA0;;1;1;0;1;;BOMBA VACUO;BOMBA VACUO;0;;
161;1606;PMH954;MATERIAL TRW;PMH954;CATEGORIA0;;1;1;0;1;;BOMBA P/ TRAVÃO;BOMBA P/ TRAVÃO;0;;
260;1570;8071251;MARCA SASIC;8071251;CATEGORIA0;;1;1;0;1;;APOIO MOTOR;APOIO MOTOR;0;;
9;1285;61-31620-00;MARCA VICTOR REINZ;613162000;CATEGORIA0;;1;1;0;1;;JUNTA CABEÇA;JUNTA CABEÇA;0;;
4664;1560;02774;MARCA METALCAUCHO;MC2774;CATEGORIA0;;1;1;0;1;;APOIO AMORT.FRT.(+);APOIO AMORT.FRT.(+);0;;
4664;1560;05038;MARCA METALCAUCHO;MC5038;CATEGORIA0;;1;1;0;1;;BATENTE AMORTECEDOR;BATENTE AMORTECEDOR;0;;
9;1285;61-31065-10;MARCA VICTOR REINZ;613106510;CATEGORIA0;;1;1;0;1;;JUNTA CABEÇA (2 M);JUNTA CABEÇA (2 M);0;;
192;2066;713 6201 80;MARCA FAG;713620180;CATEGORIA0;;1;1;0;1;;ROLAMENTO CUBO;ROLAMENTO CUBO;0;;
6;1315;411 0147 10;LUK ( TODO MATERIAL LUK  menos  BIMASSAS );411014710;CATEGORIA0;;1;1;0;1;;KIT PORCAS VOL. BIMASSA;KIT PORCAS VOL. BIMASSA;0;;
215;2500;TH6312.88J;MARCA CALORSTAT by Vernet;6312.88;CATEGORIA0;;1;1;0;1;;TERMÓSTATO;TERMÓSTATO;0;;
341;1626;7513000;MARCA HOFFER;7513000;CATEGORIA0;;1;1;0;1;;POTENCIOMETRO ACEL.;POTENCIOMETRO ACEL.;0;;
39;1865;2409801;MARCA TEXTAR;2409801;CATEGORIA0;;1;1;0;1;;PASTILHAS TRAVÃO;PASTILHAS TRAVÃO;0;;
6441;2806;Z224;VELAS IGNICAO BERU BY DRIV;Z224;CATEGORIA0;;1;1;0;1;;VELA IGNIÇÃO;VELA IGNIÇÃO;0;;
206;1561;G2-1023;MAT.DIVERSO A.B.S.;G21023;CATEGORIA0;;1;1;0;1;;RÓTULA DIREÇÃO AXIAL;RÓTULA DIREÇÃO AXIAL;0;;
350;1507;ADC48660;MARCA BLUEPRINT;ADC48660;CATEGORIA0;;1;1;0;1;;BRAÇO SUSPENSÃO;BRAÇO SUSPENSÃO;0;;
33;1520;5269XS;MARCA GATES;5269XS;CATEGORIA0;;1;1;0;1;;CORREIA DISTRIBUIÇÃO;CORREIA DISTRIBUIÇÃO;0;;
50;1604.1;VKBA 3946;MARCA SKF ( VKBA );VKBA3946;CATEGORIA0;;1;1;0;1;;ROLAMENTO CUBO SKF;ROLAMENTO CUBO SKF;0;;
4664;1560;03182;MARCA METALCAUCHO;MC3182;CATEGORIA0;;1;1;0;1;;TUBO METALICO;TUBO METALICO;0;;
245;0200;PA776;MARCA SALERI;PA776;CATEGORIA0;;1;1;0;1;;BOMBA ÁGUA;BOMBA ÁGUA;0;;
113;1290;10069110;JUNTAS DIVERSAS AJUSA PAYEN;10069110;CATEGORIA0;;1;1;0;1;;JUNTA CABEÇA;JUNTA CABEÇA;0;;
152;1850;6733.20;MARCA ROADHOUSE;673320;CATEGORIA0;;1;1;0;1;;DISCO TRAVÃO C/ ROL.;DISCO TRAVÃO C/ ROL.;0;;
85;0180;343328;AMORT.DIVERSOS KYB;343328;CATEGORIA0;;1;1;0;1;;AMORTECEDOR KAYABA;AMORTECEDOR KAYABA;0;;
4;1140;CU 3461;FILTROS MANN;CU3461;CATEGORIA0;;1;1;0;1;;FILTRO HABITÁCULO;FILTRO HABITÁCULO;0;;
240;1500;31640;MARCA FAE;FAE3164;CATEGORIA0;;1;1;0;1;;VALVULA TEMPERATURA FAE;VALVULA TEMPERATURA FAE;0;;
311;0303;202-150;BOMBAS TRAVAO / EMBR. CIFAM;202150;CATEGORIA0;;1;1;0;1;;BOMBA P/ TRAVÃO;BOMBA P/ TRAVÃO;0;;
206;1561;681506;MAT.DIVERSO A.B.S.;O681506;CATEGORIA0;;1;1;0;1;;ROLAMENTO CUBO OPTIMAL;ROLAMENTO CUBO OPTIMAL;0;;
140;1568;603646;MARCA CORTECO;603646;CATEGORIA0;;1;1;0;1;;APOIO MOTOR;APOIO MOTOR;0;;
430;2550.1;96-00557-1;MARCA RTS;96-00557-1;CATEGORIA0;;1;1;0;1;;BRAÇO SUSP. DRT.;BRAÇO SUSP. DRT.;0;;
4664;1560;04302;MARCA METALCAUCHO;MC4302;CATEGORIA0;;1;1;0;1;;BATENTE SUSP. FRT.;BATENTE SUSP. FRT.;0;;
4664;1560;08652;MARCA METALCAUCHO;MC8652;CATEGORIA0;;1;1;0;1;;TUBO CHAUFAGEM;TUBO CHAUFAGEM;0;;
166;1305;MK9477;EMBRAIAGENS DIVERSAS AISIN;MK9477;CATEGORIA0;;1;1;0;1;;KIT EMBRAIAGEM;KIT EMBRAIAGEM;0;;
38;1160;A1109;FILTROS PURFLUX;A1109P;CATEGORIA0;;1;1;0;1;;FILTRO AR PURFLUX;FILTRO AR PURFLUX;0;;
260;1570;4006215;MARCA SASIC;4006215;CATEGORIA0;;1;1;0;1;;FOLE DIREÇÃO *;FOLE DIREÇÃO *;0;;
206;2555;TC957;SUSPENSAO / DIREÇAO DIVERSO  A.B.S.;TC957;CATEGORIA0;;1;1;0;1;;BRAÇO SUSPENSÃO;BRAÇO SUSPENSÃO;0;;
206;2555;TC958;SUSPENSAO / DIREÇAO DIVERSO  A.B.S.;TC958;CATEGORIA0;;1;1;0;1;;BRAÇO SUSPENSÃO;BRAÇO SUSPENSÃO;0;;
4664;1560;00504;MARCA METALCAUCHO;MC0504;CATEGORIA0;;1;1;0;1;;APOIO MOTOR;APOIO MOTOR;0;;
85;0180;343420;AMORT.DIVERSOS KYB;343420;CATEGORIA0;;1;1;0;1;;AMORTECEDOR KAYABA;AMORTECEDOR KAYABA;0;;
341;1626;7517280;MARCA HOFFER;7517280;CATEGORIA0;;1;1;0;1;;SENSOR CAMBOTA;SENSOR CAMBOTA;0;;
85;0180;633707;AMORT.DIVERSOS KYB;633707;CATEGORIA0;;1;1;0;1;;AMORTECEDOR KAYABA;AMORTECEDOR KAYABA;0;;
4664;1560;04187;MARCA METALCAUCHO;MC4187;CATEGORIA0;;1;1;0;1;;APOIO MOTOR (+);APOIO MOTOR (+);0;;
4;1140;CU 2245;FILTROS MANN;CU2245;CATEGORIA0;;1;1;0;1;;FILTRO HABITÁCULO;FILTRO HABITÁCULO;0;;
48;1866;361578J;MARCA JURID;361578B;CATEGORIA0;;1;1;0;1;;MAXILAS TRAVÃO;MAXILAS TRAVÃO;0;;
277;0540;908780K;CABEÇAS MOTOR  AMC;908780K;CATEGORIA0;;1;1;0;1;;CABEÇA MOTOR;CABEÇA MOTOR;0;;
206;2555;230664;SUSPENSAO / DIREÇAO DIVERSO  A.B.S.;TY5600;CATEGORIA0;;1;1;0;1;;TERMINAL DIREÇÃO;TERMINAL DIREÇÃO;0;;
30;1510;F 009 D02 008;MATERIAL BOSCH;F009D02008;CATEGORIA0;;1;1;0;1;;BOMBA VACUO;BOMBA VACUO;0;;
61;1100;6126539;ESPELHOS / VIDROS RETROVISORES ALKAR TYC;1309013;CATEGORIA0;;1;1;0;1;;ESPELHO MERCEDES W210 DRT.;ESPELHO MERCEDES W210 DRT.;0;;
61;1100;6125539;ESPELHOS / VIDROS RETROVISORES ALKAR TYC;1309014;CATEGORIA0;;1;1;0;1;;ESPELHO MERCEDES W210 ESQ.;ESPELHO MERCEDES W210 ESQ.;0;;
85;0180;553358;AMORT.DIVERSOS KYB;553358;CATEGORIA0;;1;1;0;1;;AMORTECEDOR KAYABA;AMORTECEDOR KAYABA;0;;
350;1507;ADZ97607;MARCA BLUEPRINT;ADZ97607;CATEGORIA0;;1;1;0;1;;ROLAMENTO DISTRIBUIÇÃO;ROLAMENTO DISTRIBUIÇÃO;0;;
61;1540;190251052;MATERIAL VAUNER  TYC;07230005;CATEGORIA0;;1;1;0;1;;FAROL NEV. XSARA/C2/C3/SCUDO ES./DT.;FAROL NEV. XSARA/C2/C3/SCUDO ES./DT.;0;;
30;1510;7 606 431 005;MATERIAL BOSCH;7606431005;CATEGORIA0;;1;1;0;1;;JG. COLUNAS BLAUPUNKT 140W;JG. COLUNAS BLAUPUNKT 140W;0;;
21;1608;043238;MARCA VALEO;043238;CATEGORIA0;;1;1;0;1;;FAROL ESQ.;FAROL ESQ.;0;;
21;1608;043239;MARCA VALEO;043239;CATEGORIA0;;1;1;0;1;;FAROL DTO;FAROL DTO;0;;
85;0180;1510G;AMORT.DIVERSOS KYB;1510G;CATEGORIA0;;1;1;0;1;;AMORTECEDOR AL-KO;AMORTECEDOR AL-KO;0;;
85;0180;334921;AMORT.DIVERSOS KYB;334921;CATEGORIA0;;1;1;0;1;;AMORTECEDOR KAYABA;AMORTECEDOR KAYABA;0;;
31;0730;+4PK779;CORREIAS CONTINENTAL CTAM;4PK0779;CATEGORIA0;;1;1;0;1;;CORREIA ESTRIADA;CORREIA ESTRIADA;0;;
6;1315;624 1572 00;LUK ( TODO MATERIAL LUK  menos  BIMASSAS );624157200;CATEGORIA0;;1;1;0;1;;KIT EMBRAIAGEM LUK;KIT EMBRAIAGEM LUK;0;;
31;0730;+5PK874;CORREIAS CONTINENTAL CTAM;5PK0874;CATEGORIA0;;1;1;0;1;;CORREIA ESTRIADA;CORREIA ESTRIADA;0;;
31;0730;+6PK994;CORREIAS CONTINENTAL CTAM;6PK0994;CATEGORIA0;;1;1;0;1;;CORREIA ESTRIADA;CORREIA ESTRIADA;0;;
31;0730;+6PK996;CORREIAS CONTINENTAL CTAM;6PK0996;CATEGORIA0;;1;1;0;1;;CORREIA ESTRIADA;CORREIA ESTRIADA;0;;
31;0730;7PK2711;CORREIAS CONTINENTAL CTAM;7PK2711;CATEGORIA0;;1;1;0;1;;CORREIA ESTRIADA;CORREIA ESTRIADA;0;;
269;1523;45210;MARCA INTERMOTOR STANDARD;45210;CATEGORIA0;;1;1;0;1;;PLACA DISTRIBUIDOR *;PLACA DISTRIBUIDOR *;0;;
11;2804;ZEF913;MARCA BERU by DRiV;ZEF913;CATEGORIA0;;1;1;0;1;;JG. FIOS BERU;JG. FIOS BERU;0;;
192;2066;713 6502 90;MARCA FAG;713650290;CATEGORIA0;;1;1;0;1;;KIT ROLAMENTO CUBO;KIT ROLAMENTO CUBO;0;;
50;1604.1;VKBA 961;MARCA SKF ( VKBA );VKBA961;CATEGORIA0;;1;1;0;1;;KIT ROLAMENTO TRÁS SKF;KIT ROLAMENTO TRÁS SKF;0;;
113;1290;DH681;JUNTAS DIVERSAS AJUSA PAYEN;DH681;CATEGORIA0;;1;1;0;1;;JUNTAS DESCARBONIZAÇÃO;JUNTAS DESCARBONIZAÇÃO;0;;
197;0305;30620C9600;BOMBAS TRAVAO / EMBR. DIVERSAS LPR;30620C9600;CATEGORIA0;;1;1;0;1;;BOMBA SEC.EMBRAIAGEM;BOMBA SEC.EMBRAIAGEM;0;;
61;1540;101.19031002;MATERIAL VAUNER  TYC;19031002;CATEGORIA0;;1;1;0;1;;FAROL ESQ. C/ REG. KANGOO 97-;FAROL ESQ. C/ REG. KANGOO 97-;0;;
430;2550;97-05337;MARCA RTS;97-05337;CATEGORIA0;;1;1;0;1;;PENDURAL ESTABILIZADOR;PENDURAL ESTABILIZADOR;0;;
161;1606;PJD259;MATERIAL TRW;PJD259;CATEGORIA0;;1;1;0;1;;BOMBA SEC. EMBRAIAGEM;BOMBA SEC. EMBRAIAGEM;0;;
202;1630;31X3.50;MAT.MOTOR NÜRAL GLYCO;31X3.50;CATEGORIA0;;1;1;0;1;;PASTILHA AFINACAO;PASTILHA AFINACAO;0;;
9;1285;61-34250-10;MARCA VICTOR REINZ;613425010;CATEGORIA0;;1;1;0;1;;JUNTA CABEÇA (2M);JUNTA CABEÇA (2M);0;;
31;0730;6PK2460;CORREIAS CONTINENTAL CTAM;6PK2460;CATEGORIA0;;1;1;0;1;;CORREIA ESTRIADA;CORREIA ESTRIADA;0;;
161;1606.1;GDB1786;MATERIAL PASTILHAS TRW;GDB1786;CATEGORIA0;;1;1;0;1;;PASTILHAS TRAVÃO TRW;PASTILHAS TRAVÃO TRW;0;;
152;1850;6169.00;MARCA ROADHOUSE;616900;CATEGORIA0;;1;1;0;1;;DISCO TRAVÃO;DISCO TRAVÃO;0;;
152;1850;21351.00;MARCA ROADHOUSE;21351.00;CATEGORIA0;;1;1;0;1;;PASTILHAS TRAVÃO;PASTILHAS TRAVÃO;0;;
137;1130;30.314.00;FILTROS DIVERSOS  SOFIMA  UFI;3031400;CATEGORIA0;;1;1;0;1;;FILTRO AR UFI;FILTRO AR UFI;0;;
9;1285;61-28640-40;MARCA VICTOR REINZ;612864040;CATEGORIA0;;1;1;0;1;;JUNTA CABEÇA;JUNTA CABEÇA;0;;
50;1604;VKC 2169;MARCA DIVERSOS SKF;VKC2169;CATEGORIA0;;1;1;0;1;;ROLAMENTO EMBRAIAGEM;ROLAMENTO EMBRAIAGEM;0;;
202;1630;028115105J;MAT.MOTOR NÜRAL GLYCO;028115105J;CATEGORIA0;;1;1;0;1;;BOMBA ÓLEO;BOMBA ÓLEO;0;;
206;1561;G3-091;MAT.DIVERSO A.B.S.;G3091;CATEGORIA0;;1;1;0;1;;RÓTULA SUSPENSÃO;RÓTULA SUSPENSÃO;0;;
9;1285;61-33155-20;MARCA VICTOR REINZ;613315520;CATEGORIA0;;1;1;0;1;;JUNTA CABEÇA;JUNTA CABEÇA;0;;
385;2350;08-325500-00;SEGMENTOS GOETZE ENGINE;0832550000;CATEGORIA0;;1;1;0;1;;JG. SEGMENTOS;JG. SEGMENTOS;0;;
161;1606;JPR213;MATERIAL TRW;JPR213;CATEGORIA0;;1;1;0;1;;BOMBA DIREÇÃO;BOMBA DIREÇÃO;0;;
61;1100;6402338;ESPELHOS / VIDROS RETROVISORES ALKAR TYC;0716017;CATEGORIA0;;1;1;0;1;;VIDRO ESP. RET. SAXO DRT.;VIDRO ESP. RET. SAXO DRT.;0;;
31;0730;7PK1036;CORREIAS CONTINENTAL CTAM;7PK1036;CATEGORIA0;;1;1;0;1;;CORREIA ESTRIADA;CORREIA ESTRIADA;0;;
206;2060;GT359.01;ROLAMENTOS DIVERSOS A.B.S.;GT35901;CATEGORIA0;;1;1;0;1;;ROLAMENTO DISTRIBUIÇÃO;ROLAMENTO DISTRIBUIÇÃO;0;;
31;0730;7PK1035;CORREIAS CONTINENTAL CTAM;7PK1035;CATEGORIA0;;1;1;0;1;;CORREIA ESTRIADA;CORREIA ESTRIADA;0;;
31;0730;+4PK882;CORREIAS CONTINENTAL CTAM;4PK0882;CATEGORIA0;;1;1;0;1;;CORREIA ESTRIADA;CORREIA ESTRIADA;0;;
4664;1560;00837;MARCA METALCAUCHO;MC0837;CATEGORIA0;;1;1;0;1;;APOIO CAIXA;APOIO CAIXA;0;;
385;2350;08-785000-00;SEGMENTOS GOETZE ENGINE;0878500000;CATEGORIA0;;1;1;0;1;;JG. SEGMENTOS;JG. SEGMENTOS;0;;
9;1285;61-33155-10;MARCA VICTOR REINZ;613315510;CATEGORIA0;;1;1;0;1;;JUNTA CABEÇA (2M);JUNTA CABEÇA (2M);0;;
4;1140;CU 2243;FILTROS MANN;CU2243;CATEGORIA0;;1;1;0;1;;FILTRO HABITÁCULO;FILTRO HABITÁCULO;0;;
4;1140;+HU 612/2 X;FILTROS MANN;HU612/2X;CATEGORIA0;;1;1;0;1;;FILTRO ÓLEO;FILTRO ÓLEO;0;;
50;1604.7;VKM 24104;MARCA SKF ( VKM );VKM24104;CATEGORIA0;;1;1;0;1;;ROLAMENTO DIST. = 55212;ROLAMENTO DIST. = 55212;0;;
206;1561;921555;MAT.DIVERSO A.B.S.;O921555;CATEGORIA0;;1;1;0;1;;ROLAMENTO CUBO OPTIMAL;ROLAMENTO CUBO OPTIMAL;0;;
4664;1560;04355;MARCA METALCAUCHO;MC4355;CATEGORIA0;;1;1;0;1;;GUIA VARETA ÓLEO;GUIA VARETA ÓLEO;0;;
6;1315;624 3218 00;LUK ( TODO MATERIAL LUK  menos  BIMASSAS );624321800;CATEGORIA0;;1;1;0;1;;KIT EMBRAIAGEM LUK;KIT EMBRAIAGEM LUK;0;;
311;0600;15-1004;CARDANS / CRUZETAS / DIREÇOES CIFAM;3505K;CATEGORIA0;;1;1;0;1;;CARDAN TRANSMISSÃO;CARDAN TRANSMISSÃO;0;;
152;1850;4128.00;MARCA ROADHOUSE;4128.00;CATEGORIA0;;1;1;0;1;;MAXILA TRAVÃO RH;MAXILA TRAVÃO RH;0;;
61;1540;20-3096-05-2;MATERIAL VAUNER  TYC;09321001;CATEGORIA0;;1;1;0;1;;FAROL DRT. FIAT PUNTO;FAROL DRT. FIAT PUNTO;0;;
206;1561;702866;MAT.DIVERSO A.B.S.;O702866;CATEGORIA0;;1;1;0;1;;CUBO RODA OPTIMAL;CUBO RODA OPTIMAL;0;;
50;1604.1;VKBA 3497;MARCA SKF ( VKBA );VKBA3497;CATEGORIA0;;1;1;0;1;;CUBO RODA SKF;CUBO RODA SKF;0;;
85;0180;333222;AMORT.DIVERSOS KYB;333222;CATEGORIA0;;1;1;0;1;;AMORTECEDOR KAYABA;AMORTECEDOR KAYABA;0;;
30;1510;0 986 473 857;MATERIAL BOSCH;0986473857;CATEGORIA0;;1;1;0;1;;BOMBA TRAVÃO;BOMBA TRAVÃO;0;;
137;1130;LX 1046;FILTROS DIVERSOS  SOFIMA  UFI;LX1046;CATEGORIA0;;1;1;0;1;;FILTRO AR MAHLE;FILTRO AR MAHLE;0;;