6225;10255.1;RES704008A;10255.1;RF704008A;CATEGORIA0;;1;1;0;1;;KIT FIXAÇAO PORTA PEUGEOT 208;KIT FIXAÇAO PORTA PEUGEOT 208;0;;
6225;10255.1;RES704008D;10255.1;RF704008D;CATEGORIA0;;1;1;0;1;;KIT FIXAÇAO PARA-CHOQ.F.PEUGEOT 308 07-;KIT FIXAÇAO PARA-CHOQ.F.PEUGEOT 308 07-;0;;
6225;10255.1;RES704009A;10255.1;RF704009A;CATEGORIA0;;1;1;0;1;;KIT FIXAÇAO PORTA PEUGEOT 206 98-09;KIT FIXAÇAO PORTA PEUGEOT 206 98-09;0;;
6225;10255.1;RES704009D;10255.1;RF704009D;CATEGORIA0;;1;1;0;1;;RESTAGRAF;RESTAGRAF;0;;
6225;10255;RES70401;10255;RF70401;CATEGORIA0;;1;1;0;1;;GAVETA MOLAS FORRA PORTAS (423);GAVETA MOLAS FORRA PORTAS (423);0;;
6225;10255;RES70402;10255;RF70402;CATEGORIA0;;1;1;0;1;;GAVETA MOLAS (384);GAVETA MOLAS (384);0;;
6225;10255;RES70403;10255;RF70403;CATEGORIA0;;1;1;0;1;;GAVETA MOLAS FRISOS (370);GAVETA MOLAS FRISOS (370);0;;
6225;10255;RES70404;10255;RF70404;CATEGORIA0;;1;1;0;1;;GAVETA MOLAS (330);GAVETA MOLAS (330);0;;
6225;10255;RES70405;10255;RF70405;CATEGORIA0;;1;1;0;1;;GAVETA PARAFUSOS (322);GAVETA PARAFUSOS (322);0;;
6225;10255;RES70406;10255;RF70406;CATEGORIA0;;1;1;0;1;;GAVETA PARAFUSOS (271);GAVETA PARAFUSOS (271);0;;
6225;10255;RES70407;10255;RF70407;CATEGORIA0;;1;1;0;1;;GAVETA ANILHAS (1050);GAVETA ANILHAS (1050);0;;
6225;10255;RES70408;10255;RF70408;CATEGORIA0;;1;1;0;1;;GAVETA PORCAS (322);GAVETA PORCAS (322);0;;
6225;10255;RES70409;10255;RF70409;CATEGORIA0;;1;1;0;1;;GAVETA PORCAS (285);GAVETA PORCAS (285);0;;
6225;10255;RES70410;10255;RF70410;CATEGORIA0;;1;1;0;1;;GAVETA PORCAS E FREIOS (228);GAVETA PORCAS E FREIOS (228);0;;
6225;10255;RES70411;10255;RF70411;CATEGORIA0;;1;1;0;1;;GAVETA PARAFUSOS (330);GAVETA PARAFUSOS (330);0;;
6225;10255;RES70412;10255;RF70412;CATEGORIA0;;1;1;0;1;;GAVETA REBITES (610);GAVETA REBITES (610);0;;
6225;10255;RES70413;10255;RF70413;CATEGORIA0;;1;1;0;1;;GAVETA ABRAÇADEIRAS (113);GAVETA ABRAÇADEIRAS (113);0;;
6225;10255;RES70414;10255;RF70414;CATEGORIA0;;1;1;0;1;;GAVETA FUSIVEIS (280);GAVETA FUSIVEIS (280);0;;
6225;10255;RES70415;10255;RF70415;CATEGORIA0;;1;1;0;1;;GAVETA FUSIVEIS (130);GAVETA FUSIVEIS (130);0;;
6225;10255;RES70416;10255;RF70416;CATEGORIA0;;1;1;0;1;;GAVETA TERMINAIS (401);GAVETA TERMINAIS (401);0;;
6225;10255;RES70417;10255;RF70417;CATEGORIA0;;1;1;0;1;;GAVETA FICHAS ELECTRICAS (348);GAVETA FICHAS ELECTRICAS (348);0;;
6225;10255;RES70418;10255;RF70418;CATEGORIA0;;1;1;0;1;;GAVETA MOLAS FORRA PORTAS RENAULT (340);GAVETA MOLAS FORRA PORTAS RENAULT (340);0;;
6225;10255;RES70419;10255;RF70419;CATEGORIA0;;1;1;0;1;;GAVETA MOLAS FORRA PORTAS RENAULT (328);GAVETA MOLAS FORRA PORTAS RENAULT (328);0;;
6225;10255;RES70420;10255;RF70420;CATEGORIA0;;1;1;0;1;;GAVETA MOLAS RENAULT (420);GAVETA MOLAS RENAULT (420);0;;
6225;10255;RES70421;10255;RF70421;CATEGORIA0;;1;1;0;1;;GAVETA MOLAS FORRA PORTAS PSA (420);GAVETA MOLAS FORRA PORTAS PSA (420);0;;
6225;10255;RES70422;10255;RF70422;CATEGORIA0;;1;1;0;1;;GAVETA MOLAS FORRA PORTAS PSA (400);GAVETA MOLAS FORRA PORTAS PSA (400);0;;
6225;10255;RES70423;10255;RF70423;CATEGORIA0;;1;1;0;1;;GAVETA MOLAS PSA (425);GAVETA MOLAS PSA (425);0;;
6225;10255;RES70424;10255;RF70424;CATEGORIA0;;1;1;0;1;;GAVETA MOLAS FORRA PORTAS VAG (462);GAVETA MOLAS FORRA PORTAS VAG (462);0;;
6225;10255;RES70425;10255;RF70425;CATEGORIA0;;1;1;0;1;;GAVETA MOLAS JAPONESES (344);GAVETA MOLAS JAPONESES (344);0;;
6225;10255;RES70426;10255;RF70426;CATEGORIA0;;1;1;0;1;;GAVETA MOLAS JAPONESES (442);GAVETA MOLAS JAPONESES (442);0;;
6225;10255;RES70427;10255;RF70427;CATEGORIA0;;1;1;0;1;;GAVETA MOLAS FORD (417);GAVETA MOLAS FORD (417);0;;
6225;10255;RES70428;10255;RF70428;CATEGORIA0;;1;1;0;1;;GAVETA MOLAS FIAT (434);GAVETA MOLAS FIAT (434);0;;
6225;10255;RES70429;10255;RF70429;CATEGORIA0;;1;1;0;1;;GAVETA MOLAS FORRA MOTOR VAG (310);GAVETA MOLAS FORRA MOTOR VAG (310);0;;
6225;10255;RES70430;10255;RF70430;CATEGORIA0;;1;1;0;1;;GAVETA MOLAS FORRA MOTOR RENAULT (304);GAVETA MOLAS FORRA MOTOR RENAULT (304);0;;
6225;10255;RES70431;10255;RF70431;CATEGORIA0;;1;1;0;1;;GAVETA MOLAS FORRA MOTOR PSA (238);GAVETA MOLAS FORRA MOTOR PSA (238);0;;
6225;10255;RES70432;10255;RF70432;CATEGORIA0;;1;1;0;1;;GAVETA MOLAS FORRA PORTAS OPEL (477);GAVETA MOLAS FORRA PORTAS OPEL (477);0;;
6225;10255;RES70433;10255;RF70433;CATEGORIA0;;1;1;0;1;;GAVETA MOLAS PARA-BRISAS RENAULT (298);GAVETA MOLAS PARA-BRISAS RENAULT (298);0;;
6225;10255;RES70434;10255;RF70434;CATEGORIA0;;1;1;0;1;;GAVETA MOLAS PARA-BRISAS PSA (326);GAVETA MOLAS PARA-BRISAS PSA (326);0;;
6225;10255;RES70435;10255;RF70435;CATEGORIA0;;1;1;0;1;;GAVETA MOLAS PARA-BRISAS  (296);GAVETA MOLAS PARA-BRISAS  (296);0;;
6225;10255;RES70436;10255;RF70436;CATEGORIA0;;1;1;0;1;;GAVETA MOLAS FORRA PORTAS VAG (408);GAVETA MOLAS FORRA PORTAS VAG (408);0;;
6225;10255;RES70437;10255;RF70437;CATEGORIA0;;1;1;0;1;;GAVETA MOLAS (375);GAVETA MOLAS (375);0;;
6225;10255;RES70438;10255;RF70438;CATEGORIA0;;1;1;0;1;;GAVETA MOLAS MERCEDES (492);GAVETA MOLAS MERCEDES (492);0;;
6225;10255;RES70439;10255;RF70439;CATEGORIA0;;1;1;0;1;;GAVETA MOLAS MERCEDES (587);GAVETA MOLAS MERCEDES (587);0;;
6225;10255;RES70440;10255;RF70440;CATEGORIA0;;1;1;0;1;;GAVETA MOLAS BMW (465);GAVETA MOLAS BMW (465);0;;
6225;10255;RES70441;10255;RF70441;CATEGORIA0;;1;1;0;1;;GAVETA MOLAS BMW (530);GAVETA MOLAS BMW (530);0;;
6225;10255;RES70442;10255;RF70442;CATEGORIA0;;1;1;0;1;;GAVETA ISOLADORES (289);GAVETA ISOLADORES (289);0;;
6225;10255;RES70443;10255;RF70443;CATEGORIA0;;1;1;0;1;;GAVETA BUJONS E ANILHAS (486);GAVETA BUJONS E ANILHAS (486);0;;
6225;10255;RES70444;10255;RF70444;CATEGORIA0;;1;1;0;1;;GAVETA ABRAÇADEIRAS (266);GAVETA ABRAÇADEIRAS (266);0;;
6225;10255;RES70445;10255;RF70445;CATEGORIA0;;1;1;0;1;;GAVETA REBITES (724);GAVETA REBITES (724);0;;
6225;10255;RES70446;10255;RF70446;CATEGORIA0;;1;1;0;1;;GAVETA MOLAS FORRAS PORTAS NISSAN (480);GAVETA MOLAS FORRAS PORTAS NISSAN (480);0;;
6225;10255;RES70447;10255;RF70447;CATEGORIA0;;1;1;0;1;;GAVETA MOLAS NISSAN (411);GAVETA MOLAS NISSAN (411);0;;
6225;10255;RES70448;10255;RF70448;CATEGORIA0;;1;1;0;1;;GAVETA MOLAS FORRAS PORTAS TOYOTA (420);GAVETA MOLAS FORRAS PORTAS TOYOTA (420);0;;
6225;10255;RES70449;10255;RF70449;CATEGORIA0;;1;1;0;1;;GAVETA MOLAS TOYOTA (365);GAVETA MOLAS TOYOTA (365);0;;
6225;10255;RES7045;10255;RF07045;CATEGORIA0;;1;1;0;1;;PACK PARAFUSOS (25);PACK PARAFUSOS (25);0;;
6225;10255;RES705;10255;RF00705;CATEGORIA0;;1;1;0;1;;PACK PASSA-FIOS (20);PACK PASSA-FIOS (20);0;;
6225;10255;RES7050;10255;RF07050;CATEGORIA0;;1;1;0;1;;PACK PARAFUSOS (20);PACK PARAFUSOS (20);0;;
6225;10255.1;RES705001D;10255.1;RF705001D;CATEGORIA0;;1;1;0;1;;KIT FIXAÇAO PARA-CHOQ.F.CITROEN C4 04-10;KIT FIXAÇAO PARA-CHOQ.F.CITROEN C4 04-10;0;;
6225;10255.1;RES705002D;10255.1;RF705002D;CATEGORIA0;;1;1;0;1;;KIT FIXAÇAO PARA-CHOQ.F.CITROEN C3 02-10;KIT FIXAÇAO PARA-CHOQ.F.CITROEN C3 02-10;0;;
6225;10255.1;RES705002H;10255.1;RF705002H;CATEGORIA0;;1;1;0;1;;KIT FIXAÇAO PARA-CHOQ.T.CITROEN C5 08-17;KIT FIXAÇAO PARA-CHOQ.T.CITROEN C5 08-17;0;;
6225;10255.1;RES705003S;10255.1;RF705003S;CATEGORIA0;;1;1;0;1;;RESTAGRAF;RESTAGRAF;0;;
6225;10255.1;RES705004A;10255.1;RF705004A;CATEGORIA0;;1;1;0;1;;KIT FIXAÇAO PORTA CITROEN C3 (A51) 09-;KIT FIXAÇAO PORTA CITROEN C3 (A51) 09-;0;;
6225;10255.1;RES705005A;10255.1;RF705005A;CATEGORIA0;;1;1;0;1;;KIT FIXAÇAO PORTA CITROEN C3 PICASSO 09-17;KIT FIXAÇAO PORTA CITROEN C3 PICASSO 09-17;0;;
6225;10255.1;RES705006A;10255.1;RF705006A;CATEGORIA0;;1;1;0;1;;KIT FIXAÇAO PORTA CITROEN C4 (B7) 10-;KIT FIXAÇAO PORTA CITROEN C4 (B7) 10-;0;;
6225;10255.1;RES705006D;10255.1;RF705006D;CATEGORIA0;;1;1;0;1;;KIT FIXAÇAO PARA-CHOQ.F.CITROEN C4 / DS4 10-;KIT FIXAÇAO PARA-CHOQ.F.CITROEN C4 / DS4 10-;0;;
6225;10255.1;RES705007A;10255.1;RF705007A;CATEGORIA0;;1;1;0;1;;KIT FIXAÇAO PORTA CITROEN C4 CACTUS;KIT FIXAÇAO PORTA CITROEN C4 CACTUS;0;;
6225;10255.1;RES705007D;10255.1;RF705007D;CATEGORIA0;;1;1;0;1;;KIT FIXAÇAO PARA-CHOQ.F.CITROEN C4 PICASSO 06-13;KIT FIXAÇAO PARA-CHOQ.F.CITROEN C4 PICASSO 06-13;0;;
6225;10255.1;RES705008A;10255.1;RF705008A;CATEGORIA0;;1;1;0;1;;KIT FIXAÇAO PORTA CITROEN C4 PICASSO 06-13;KIT FIXAÇAO PORTA CITROEN C4 PICASSO 06-13;0;;
6225;10255.1;RES705008D;10255.1;RF705008D;CATEGORIA0;;1;1;0;1;;KIT FIXAÇAO PARA-CHOQ.F.CITROEN C4 PICASSO 13-;KIT FIXAÇAO PARA-CHOQ.F.CITROEN C4 PICASSO 13-;0;;
6225;10255.1;RES705009A;10255.1;RF705009A;CATEGORIA0;;1;1;0;1;;KIT FIXAÇAO PORTA CITROEN C4 PICASSO 13-;KIT FIXAÇAO PORTA CITROEN C4 PICASSO 13-;0;;
6225;10255.1;RES705009D;10255.1;RF705009D;CATEGORIA0;;1;1;0;1;;KIT FIXAÇAO PARA-CHOQ.F.CITROEN C5 08-17;KIT FIXAÇAO PARA-CHOQ.F.CITROEN C5 08-17;0;;
6225;10255.1;RES705010A;10255.1;RF705010A;CATEGORIA0;;1;1;0;1;;KIT FIXAÇAO PORTA CITROEN C5 08-17;KIT FIXAÇAO PORTA CITROEN C5 08-17;0;;
6225;10255.1;RES705011A;10255.1;RF705011A;CATEGORIA0;;1;1;0;1;;KIT FIXAÇAO PORTA CITROEN DS3 09-;KIT FIXAÇAO PORTA CITROEN DS3 09-;0;;
6225;10255.1;RES705012A;10255.1;RF705012A;CATEGORIA0;;1;1;0;1;;KIT FIXAÇAO PORTA CITROEN DS4 11-;KIT FIXAÇAO PORTA CITROEN DS4 11-;0;;
6225;10255.1;RES705013A;10255.1;RF705013A;CATEGORIA0;;1;1;0;1;;KIT FIXAÇAO PORTA CITROEN XSARA PICASSO;KIT FIXAÇAO PORTA CITROEN XSARA PICASSO;0;;
6225;10255.1;RES705014A;10255.1;RF705014A;CATEGORIA0;;1;1;0;1;;KIT FIXAÇAO PORTA CITROEN C4 -10;KIT FIXAÇAO PORTA CITROEN C4 -10;0;;
6225;10255;RES706;10255;RF00706;CATEGORIA0;;1;1;0;1;;PACK PASSA-FIOS (20);PACK PASSA-FIOS (20);0;;
6225;10255;RES7060;10255;RF07060;CATEGORIA0;;1;1;0;1;;PACK PARAFUSOS (20);PACK PARAFUSOS (20);0;;
6225;10255.1;RES706001A;10255.1;RF706001A;CATEGORIA0;;1;1;0;1;;KIT FIXAÇAO PORTA JUMPER/BOXER 06-14;KIT FIXAÇAO PORTA JUMPER/BOXER 06-14;0;;
6225;10255.1;RES706001D;10255.1;RF706001D;CATEGORIA0;;1;1;0;1;;KIT FIXAÇAO PARA-CHOQ.F.BERLINGO/PARTNER;KIT FIXAÇAO PARA-CHOQ.F.BERLINGO/PARTNER;0;;
6225;10255.1;RES706001H;10255.1;RF706001H;CATEGORIA0;;1;1;0;1;;KIT FIXAÇAO PARA-CHOQ.T.BERLINGO/PARTNER;KIT FIXAÇAO PARA-CHOQ.T.BERLINGO/PARTNER;0;;
6225;10255.1;RES706001Q;10255.1;RF706001Q;CATEGORIA0;;1;1;0;1;;KIT FIXAÇAO PORTA LATERAL BERLINGO/PARTNER;KIT FIXAÇAO PORTA LATERAL BERLINGO/PARTNER;0;;
6225;10255.1;RES706001S;10255.1;RF706001S;CATEGORIA0;;1;1;0;1;;KIT FIXAÇAO TAMPA MALA BERLINGO/PARTNER;KIT FIXAÇAO TAMPA MALA BERLINGO/PARTNER;0;;
6225;10255.1;RES706002A;10255.1;RF706002A;CATEGORIA0;;1;1;0;1;;KIT FIXAÇAO PORTA JUMPER/BOXER 14-;KIT FIXAÇAO PORTA JUMPER/BOXER 14-;0;;
6225;10255.1;RES706002D;10255.1;RF706002D;CATEGORIA0;;1;1;0;1;;KIT FIXAÇAO PARA-CHOQ.F.BERLINGO/PARTNER;KIT FIXAÇAO PARA-CHOQ.F.BERLINGO/PARTNER;0;;
6225;10255.1;RES706003A;10255.1;RF706003A;CATEGORIA0;;1;1;0;1;;KIT FIXAÇAO PORTA JUMPY/EXPERT 07-16;KIT FIXAÇAO PORTA JUMPY/EXPERT 07-16;0;;
6225;10255.1;RES706003D;10255.1;RF706003D;CATEGORIA0;;1;1;0;1;;KIT FIXAÇAO PARA-CHOQ.F.JUMPER/BOXER 06-14;KIT FIXAÇAO PARA-CHOQ.F.JUMPER/BOXER 06-14;0;;
6225;10255.1;RES706004A;10255.1;RF706004A;CATEGORIA0;;1;1;0;1;;KIT FIXAÇAO PORTA BERLINGO/PARTNER;KIT FIXAÇAO PORTA BERLINGO/PARTNER;0;;
6225;10255.1;RES706004D;10255.1;RF706004D;CATEGORIA0;;1;1;0;1;;KIT FIXAÇAO PARA-CHOQ.F.JUMPY/EXPERT 07-16;KIT FIXAÇAO PARA-CHOQ.F.JUMPY/EXPERT 07-16;0;;
6225;10255.1;RES706005A;10255.1;RF706005A;CATEGORIA0;;1;1;0;1;;RESTAGRAF;RESTAGRAF;0;;
6225;10255.1;RES706005D;10255.1;RF706005D;CATEGORIA0;;1;1;0;1;;KIT FIXAÇAO PARA-CHOQ.F.BERLINGO/PARTNER;KIT FIXAÇAO PARA-CHOQ.F.BERLINGO/PARTNER;0;;
6225;10255;RES707;10255;RF00707;CATEGORIA0;;1;1;0;1;;PACK PASSA FIOS (20);PACK PASSA FIOS (20);0;;
6225;10255.1;RES707001A;10255.1;RF707001A;CATEGORIA0;;1;1;0;1;;KIT FIXAÇAO PORTA AUDI A3 12-;KIT FIXAÇAO PORTA AUDI A3 12-;0;;
6225;10255.1;RES707001D;10255.1;RF707001D;CATEGORIA0;;1;1;0;1;;KIT FIXAÇAO PARA-CHOQ.F.AUDI A3 12-;KIT FIXAÇAO PARA-CHOQ.F.AUDI A3 12-;0;;
6225;10255.1;RES707002A;10255.1;RF707002A;CATEGORIA0;;1;1;0;1;;KIT FIXAÇAO PORTA AUDI A3 03-12;KIT FIXAÇAO PORTA AUDI A3 03-12;0;;
6225;10255.1;RES707002D;10255.1;RF707002D;CATEGORIA0;;1;1;0;1;;KIT FIXAÇAO PARA-CHOQ.F.AUDI Q3;KIT FIXAÇAO PARA-CHOQ.F.AUDI Q3;0;;
6225;10255.1;RES707003A;10255.1;RF707003A;CATEGORIA0;;1;1;0;1;;KIT FIXAÇAO PORTA AUDI A4;KIT FIXAÇAO PORTA AUDI A4;0;;
6225;10255.1;RES707004A;10255.1;RF707004A;CATEGORIA0;;1;1;0;1;;KIT FIXAÇAO PORTA AUDI A5;KIT FIXAÇAO PORTA AUDI A5;0;;
6225;10255.1;RES707005A;10255.1;RF707005A;CATEGORIA0;;1;1;0;1;;KIT FIXAÇAO PORTA AUDI Q3;KIT FIXAÇAO PORTA AUDI Q3;0;;
6225;10255;RES708;10255;RF00708;CATEGORIA0;;1;1;0;1;;PACK PASSA-FIOS (20);PACK PASSA-FIOS (20);0;;
6225;10255.1;RES708001A;10255.1;RF708001A;CATEGORIA0;;1;1;0;1;;KIT FIXAÇAO PORTA VW TIGUAN;KIT FIXAÇAO PORTA VW TIGUAN;0;;
6225;10255.1;RES708001D;10255.1;RF708001D;CATEGORIA0;;1;1;0;1;;KIT FIXAÇAO PARA-CHOQ.F.VW GOLF SPORTSVAN 14-;KIT FIXAÇAO PARA-CHOQ.F.VW GOLF SPORTSVAN 14-;0;;
6225;10255.1;RES708002A;10255.1;RF708002A;CATEGORIA0;;1;1;0;1;;KIT FIXAÇAO PORTA VW GOLF SPORTSVAN 14-;KIT FIXAÇAO PORTA VW GOLF SPORTSVAN 14-;0;;
6225;10255.1;RES708002D;10255.1;RF708002D;CATEGORIA0;;1;1;0;1;;KIT FIXAÇAO PARA-CHOQ.F.VW GOLF VII;KIT FIXAÇAO PARA-CHOQ.F.VW GOLF VII;0;;
6225;10255.1;RES708003A;10255.1;RF708003A;CATEGORIA0;;1;1;0;1;;KIT FIXAÇAO PORTA VW GOLF VII;KIT FIXAÇAO PORTA VW GOLF VII;0;;
6225;10255.1;RES708003D;10255.1;RF708003D;CATEGORIA0;;1;1;0;1;;KIT FIXAÇAO PARA-CHOQ.F.VW PASSAT 10-;KIT FIXAÇAO PARA-CHOQ.F.VW PASSAT 10-;0;;
6225;10255.1;RES708004A;10255.1;RF708004A;CATEGORIA0;;1;1;0;1;;KIT FIXAÇAO PORTA VW PASSAT 10-;KIT FIXAÇAO PORTA VW PASSAT 10-;0;;
6225;10255.1;RES708004D;10255.1;RF708004D;CATEGORIA0;;1;1;0;1;;KIT FIXAÇAO PARA-CHOQ.F. VW POLO 09-;KIT FIXAÇAO PARA-CHOQ.F. VW POLO 09-;0;;
6225;10255.1;RES708005A;10255.1;RF708005A;CATEGORIA0;;1;1;0;1;;KIT FIXAÇAO PORTA VW POLO 09-;KIT FIXAÇAO PORTA VW POLO 09-;0;;
6225;10255.1;RES708005D;10255.1;RF708005D;CATEGORIA0;;1;1;0;1;;KIT FIXAÇAO PARA-CHOQ.F. VW TIGUAN;KIT FIXAÇAO PARA-CHOQ.F. VW TIGUAN;0;;
6225;10255.1;RES708006A;10255.1;RF708006A;CATEGORIA0;;1;1;0;1;;KIT FIXAÇAO PORTA VW TOURAN 10-;KIT FIXAÇAO PORTA VW TOURAN 10-;0;;
6225;10255.1;RES708006D;10255.1;RF708006D;CATEGORIA0;;1;1;0;1;;KIT FIXAÇAO PARA-CHOQ.F. VW TOURAN 10-;KIT FIXAÇAO PARA-CHOQ.F. VW TOURAN 10-;0;;
6225;10255;RES709;10255;RF00709;CATEGORIA0;;1;1;0;1;;PACK PASSA-FIOS (20);PACK PASSA-FIOS (20);0;;
6225;10255.1;RES709001A;10255.1;RF709001A;CATEGORIA0;;1;1;0;1;;KIT FIXAÇAO PORTA SEAT IBIZA 08-;KIT FIXAÇAO PORTA SEAT IBIZA 08-;0;;
6225;10255.1;RES709001D;10255.1;RF709001D;CATEGORIA0;;1;1;0;1;;KIT FIXAÇAO PARA-CHOQ.F. SEAT LEON 13-;KIT FIXAÇAO PARA-CHOQ.F. SEAT LEON 13-;0;;
6225;10255.1;RES709001H;10255.1;RF709001H;CATEGORIA0;;1;1;0;1;;KIT FIXAÇAO PARA-CHOQ.T.SEAT IBIZA 02-08;KIT FIXAÇAO PARA-CHOQ.T.SEAT IBIZA 02-08;0;;
6225;10255.1;RES709001S;10255.1;RF709001S;CATEGORIA0;;1;1;0;1;;KIT FIXAÇAO TAMPA MALA SEAT IBIZA 08-;KIT FIXAÇAO TAMPA MALA SEAT IBIZA 08-;0;;
6225;10255.1;RES709001U;10255.1;RF709001U;CATEGORIA0;;1;1;0;1;;KIT FIXAÇAO FRENTE COMP.SEAT IBIZA 08-;KIT FIXAÇAO FRENTE COMP.SEAT IBIZA 08-;0;;
6225;10255.1;RES709002A;10255.1;RF709002A;CATEGORIA0;;1;1;0;1;;KIT FIXAÇAO PORTA SEAT IBIZA 02-;KIT FIXAÇAO PORTA SEAT IBIZA 02-;0;;
6225;10255.1;RES709003A;10255.1;RF709003A;CATEGORIA0;;1;1;0;1;;KIT FIXAÇAO PORTA SEAT LEON 13-;KIT FIXAÇAO PORTA SEAT LEON 13-;0;;
6225;10255.1;RES709003D;10255.1;RF709003D;CATEGORIA0;;1;1;0;1;;KIT FIXAÇAO PARA-CHOQ.F.SEAT IBIZA 08-12;KIT FIXAÇAO PARA-CHOQ.F.SEAT IBIZA 08-12;0;;
6225;10255.1;RES709004A;10255.1;RF709004A;CATEGORIA0;;1;1;0;1;;KIT FIXAÇAO PORTA SEAT LEON 06-;KIT FIXAÇAO PORTA SEAT LEON 06-;0;;
6225;10255.1;RES709004D;10255.1;RF709004D;CATEGORIA0;;1;1;0;1;;KIT FIXAÇAO PARA-CHOQ.F.SEAT IBIZA 12-17;KIT FIXAÇAO PARA-CHOQ.F.SEAT IBIZA 12-17;0;;
6225;10255.1;RES709005D;10255.1;RF709005D;CATEGORIA0;;1;1;0;1;;KIT FIXAÇAO PARA-CHOQ.F.SEAT ALTEA / TOLEDO;KIT FIXAÇAO PARA-CHOQ.F.SEAT ALTEA / TOLEDO;0;;
6225;10255.1;RES709006D;10255.1;RF709006D;CATEGORIA0;;1;1;0;1;;KIT FIXAÇAO PARA-CHOQ.F.SEAT IBIZA 06-08;KIT FIXAÇAO PARA-CHOQ.F.SEAT IBIZA 06-08;0;;
6225;10255;RES710;10255;RF00710;CATEGORIA0;;1;1;0;1;;PACK PASSA-FIOS (20);PACK PASSA-FIOS (20);0;;
6225;10255.1;RES710001A;10255.1;RF710001A;CATEGORIA0;;1;1;0;1;;KIT FIXAÇAO PORTA SKODA FABIA II;KIT FIXAÇAO PORTA SKODA FABIA II;0;;
6225;10255.1;RES710002A;10255.1;RF710002A;CATEGORIA0;;1;1;0;1;;KIT FIXAÇAO PORTA SKODA OCTAVIA II;KIT FIXAÇAO PORTA SKODA OCTAVIA II;0;;
6225;10255.1;RES710003A;10255.1;RF710003A;CATEGORIA0;;1;1;0;1;;KIT FIXAÇAO PORTA SKODA SUPERB 09-;KIT FIXAÇAO PORTA SKODA SUPERB 09-;0;;
6225;10255;RES711;10255;RF00711;CATEGORIA0;;1;1;0;1;;PACK PASSA-FIOS (20);PACK PASSA-FIOS (20);0;;
6225;10255;RES712;10255;RF00712;CATEGORIA0;;1;1;0;1;;PACK PASSA-FIOS (20);PACK PASSA-FIOS (20);0;;
6225;10255.1;RES712001A;10255.1;RF712001A;CATEGORIA0;;1;1;0;1;;KIT FIXAÇAO PORTA FIAT 500;KIT FIXAÇAO PORTA FIAT 500;0;;
6225;10255.1;RES712001D;10255.1;RF712001D;CATEGORIA0;;1;1;0;1;;KIT FIXAÇAO PARA-CHOQ.F.FIAT 500;KIT FIXAÇAO PARA-CHOQ.F.FIAT 500;0;;
6225;10255.1;RES712001H;10255.1;RF712001H;CATEGORIA0;;1;1;0;1;;KIT FIXAÇAO PARA-CHOQ.T.FIAT 500;KIT FIXAÇAO PARA-CHOQ.T.FIAT 500;0;;
6225;10255.1;RES712002A;10255.1;RF712002A;CATEGORIA0;;1;1;0;1;;KIT FIXAÇAO PORTA FIAT 500L;KIT FIXAÇAO PORTA FIAT 500L;0;;
6225;10255.1;RES712002D;10255.1;RF712002D;CATEGORIA0;;1;1;0;1;;KIT FIXAÇAO PARA-CHOQ.F.FIAT 500L;KIT FIXAÇAO PARA-CHOQ.F.FIAT 500L;0;;
6225;10255.1;RES712003A;10255.1;RF712003A;CATEGORIA0;;1;1;0;1;;KIT FIXAÇAO PORTA FIAT 500X;KIT FIXAÇAO PORTA FIAT 500X;0;;
6225;10255.1;RES712003D;10255.1;RF712003D;CATEGORIA0;;1;1;0;1;;KIT FIXAÇAO PARA-CHOQ.F.FIAT 500X;KIT FIXAÇAO PARA-CHOQ.F.FIAT 500X;0;;
6225;10255.1;RES712004A;10255.1;RF712004A;CATEGORIA0;;1;1;0;1;;KIT FIXAÇAO PORTA FIAT GRANDE PUNTO;KIT FIXAÇAO PORTA FIAT GRANDE PUNTO;0;;
6225;10255.1;RES712004D;10255.1;RF712004D;CATEGORIA0;;1;1;0;1;;KIT FIXAÇAO PARA-CHOQ.F.FIAT PANDA 12-;KIT FIXAÇAO PARA-CHOQ.F.FIAT PANDA 12-;0;;
6225;10255.1;RES712005A;10255.1;RF712005A;CATEGORIA0;;1;1;0;1;;KIT FIXAÇAO PORTA FIAT PANDA 04-;KIT FIXAÇAO PORTA FIAT PANDA 04-;0;;
6225;10255.1;RES712005D;10255.1;RF712005D;CATEGORIA0;;1;1;0;1;;KIT FIXAÇAO PARA-CHOQ.F.FIAT PANDA CROSS;KIT FIXAÇAO PARA-CHOQ.F.FIAT PANDA CROSS;0;;
6225;10255.1;RES712006A;10255.1;RF712006A;CATEGORIA0;;1;1;0;1;;KIT FIXAÇAO PORTA FIAT PANDA 12-;KIT FIXAÇAO PORTA FIAT PANDA 12-;0;;
6225;10255.1;RES712006D;10255.1;RF712006D;CATEGORIA0;;1;1;0;1;;KIT FIXAÇAO PARA-CHOQ.F.FIAT TIPO;KIT FIXAÇAO PARA-CHOQ.F.FIAT TIPO;0;;
6225;10255.1;RES712007A;10255.1;RF712007A;CATEGORIA0;;1;1;0;1;;KIT FIXAÇAO PORTA FIAT TIPO;KIT FIXAÇAO PORTA FIAT TIPO;0;;
6225;10255.1;RES712008D;10255.1;RF712008D;CATEGORIA0;;1;1;0;1;;KIT FIXAÇAO PARA-CHOQ.F.FIAT PUNTO 99-03;KIT FIXAÇAO PARA-CHOQ.F.FIAT PUNTO 99-03;0;;
6225;10255;RES713;10255;RF00713;CATEGORIA0;;1;1;0;1;;PACK PASSA FIOS (20);PACK PASSA FIOS (20);0;;
6225;10255.1;RES713001A;10255.1;RF713001A;CATEGORIA0;;1;1;0;1;;KIT FIXAÇAO PORTA ALFA ROMEO GIULIETTA;KIT FIXAÇAO PORTA ALFA ROMEO GIULIETTA;0;;
6225;10255.1;RES713001D;10255.1;RF713001D;CATEGORIA0;;1;1;0;1;;KIT FIXAÇAO PARA-CHOQ.F.ALFA ROMEO GUILIETTA;KIT FIXAÇAO PARA-CHOQ.F.ALFA ROMEO GUILIETTA;0;;
6225;10255.1;RES713002A;10255.1;RF713002A;CATEGORIA0;;1;1;0;1;;KIT FIXAÇAO PORTA ALFA ROMEO MITO;KIT FIXAÇAO PORTA ALFA ROMEO MITO;0;;
6225;10255.1;RES713002D;10255.1;RF713002D;CATEGORIA0;;1;1;0;1;;KIT FIXAÇAO PARA-CHOQ.F.ALFA ROMEO MITO;KIT FIXAÇAO PARA-CHOQ.F.ALFA ROMEO MITO;0;;
6225;10255.1;RES713003D;10255.1;RF713003D;CATEGORIA0;;1;1;0;1;;KIT FIXAÇAO PARA-CHOQ.F.ALFA ROMEO 156;KIT FIXAÇAO PARA-CHOQ.F.ALFA ROMEO 156;0;;
6225;10255;RES714;10255;RF00714;CATEGORIA0;;1;1;0;1;;PACK PASSA-FIOS (20);PACK PASSA-FIOS (20);0;;
6225;10255.1;RES714001A;10255.1;RF714001A;CATEGORIA0;;1;1;0;1;;KIT FIXAÇAO PORTA LANCIA DELTA 08-;KIT FIXAÇAO PORTA LANCIA DELTA 08-;0;;
6225;10255.1;RES714002A;10255.1;RF714002A;CATEGORIA0;;1;1;0;1;;KIT FIXAÇAO PORTA LANCIA YPSILON;KIT FIXAÇAO PORTA LANCIA YPSILON;0;;
6225;10255;RES715;10255;RF00715;CATEGORIA0;;1;1;0;1;;PACK PASSA-FIOS (20);PACK PASSA-FIOS (20);0;;
6225;10255.1;RES715001A;10255.1;RF715001A;CATEGORIA0;;1;1;0;1;;KIT FIXAÇAO PORTA FORD C-MAX 15-;KIT FIXAÇAO PORTA FORD C-MAX 15-;0;;
6225;10255.1;RES715001D;10255.1;RF715001D;CATEGORIA0;;1;1;0;1;;KIT FIXAÇAO PARA-CHOQ.F. FORD C-MAX 15-;KIT FIXAÇAO PARA-CHOQ.F. FORD C-MAX 15-;0;;
6225;10255.1;RES715002A;10255.1;RF715002A;CATEGORIA0;;1;1;0;1;;KIT FIXAÇAO PORTA FORD ECOSPORT 13-;KIT FIXAÇAO PORTA FORD ECOSPORT 13-;0;;
6225;10255.1;RES715002D;10255.1;RF715002D;CATEGORIA0;;1;1;0;1;;KIT FIXAÇAO PARA-CHOQ.F. FORD ECOSPORT 13-;KIT FIXAÇAO PARA-CHOQ.F. FORD ECOSPORT 13-;0;;
6225;10255.1;RES715003A;10255.1;RF715003A;CATEGORIA0;;1;1;0;1;;KIT FIXAÇAO PORTA FORD FIESTA 13-;KIT FIXAÇAO PORTA FORD FIESTA 13-;0;;
6225;10255.1;RES715003D;10255.1;RF715003D;CATEGORIA0;;1;1;0;1;;KIT FIXAÇAO PARA-CHOQ.F. FORD FIESTA 12-;KIT FIXAÇAO PARA-CHOQ.F. FORD FIESTA 12-;0;;
6225;10255.1;RES715004A;10255.1;RF715004A;CATEGORIA0;;1;1;0;1;;KIT FIXAÇAO PORTA FORD FIESTA 09-;KIT FIXAÇAO PORTA FORD FIESTA 09-;0;;
6225;10255.1;RES715004D;10255.1;RF715004D;CATEGORIA0;;1;1;0;1;;KIT FIXAÇAO PARA-CHOQ.F.FORD FIESTA 09-;KIT FIXAÇAO PARA-CHOQ.F.FORD FIESTA 09-;0;;
6225;10255.1;RES715005A;10255.1;RF715005A;CATEGORIA0;;1;1;0;1;;KIT FIXAÇAO PORTA FORD FOCUS 11-;KIT FIXAÇAO PORTA FORD FOCUS 11-;0;;
6225;10255.1;RES715005D;10255.1;RF715005D;CATEGORIA0;;1;1;0;1;;KIT FIXAÇAO PARA-CHOQ.F.FORD FOCUS 11-;KIT FIXAÇAO PARA-CHOQ.F.FORD FOCUS 11-;0;;
6225;10255.1;RES715006A;10255.1;RF715006A;CATEGORIA0;;1;1;0;1;;KIT FIXAÇAO PORTA FORD FOCUS 12-;KIT FIXAÇAO PORTA FORD FOCUS 12-;0;;
6225;10255.1;RES715006D;10255.1;RF715006D;CATEGORIA0;;1;1;0;1;;KIT FIXAÇAO PARA-CHOQ.F.FORD FOCUS 12-;KIT FIXAÇAO PARA-CHOQ.F.FORD FOCUS 12-;0;;
6225;10255.1;RES715007A;10255.1;RF715007A;CATEGORIA0;;1;1;0;1;;KIT FIXAÇAO PORTA FORD KUGA 13-;KIT FIXAÇAO PORTA FORD KUGA 13-;0;;
6225;10255.1;RES715007D;10255.1;RF715007D;CATEGORIA0;;1;1;0;1;;KIT FIXAÇAO PARA-CHOQ.F. FORD KUGA 13-;KIT FIXAÇAO PARA-CHOQ.F. FORD KUGA 13-;0;;
6225;10255.1;RES715008A;10255.1;RF715008A;CATEGORIA0;;1;1;0;1;;KIT FIXAÇAO PORTA FORD MONDEO 14-;KIT FIXAÇAO PORTA FORD MONDEO 14-;0;;
6225;10255.1;RES715008D;10255.1;RF715008D;CATEGORIA0;;1;1;0;1;;KIT FIXAÇAO PARA-CHOQ.F. FORD MONDEO 14-;KIT FIXAÇAO PARA-CHOQ.F. FORD MONDEO 14-;0;;
6225;10255.1;RES715009D;10255.1;RF715009D;CATEGORIA0;;1;1;0;1;;KIT FIXAÇAO PARA-CHOQ.F.FORD KA;KIT FIXAÇAO PARA-CHOQ.F.FORD KA;0;;
6225;10255;RES716;10255;RF00716;CATEGORIA0;;1;1;0;1;;PACK PASSA-FIOS (20);PACK PASSA-FIOS (20);0;;
6225;10255;RES7160;10255;RF07160;CATEGORIA0;;1;1;0;1;;PACK PARAFUSOS (20);PACK PARAFUSOS (20);0;;
6225;10255.1;RES716001A;10255.1;RF716001A;CATEGORIA0;;1;1;0;1;;KIT FIXAÇAO PORTA OPEL ASTRA G;KIT FIXAÇAO PORTA OPEL ASTRA G;0;;
6225;10255.1;RES716001D;10255.1;RF716001D;CATEGORIA0;;1;1;0;1;;KIT FIXAÇAO PARA-CHOQ.F. OPEL ASTRA F;KIT FIXAÇAO PARA-CHOQ.F. OPEL ASTRA F;0;;
6225;10255.1;RES716002A;10255.1;RF716002A;CATEGORIA0;;1;1;0;1;;KIT FIXAÇAO PORTA OPEL CORSA C;KIT FIXAÇAO PORTA OPEL CORSA C;0;;
6225;10255.1;RES716002D;10255.1;RF716002D;CATEGORIA0;;1;1;0;1;;KIT FIXAÇAO PARA-CHOQ.F. OPEL ASTRA G;KIT FIXAÇAO PARA-CHOQ.F. OPEL ASTRA G;0;;
6225;10255.1;RES716003A;10255.1;RF716003A;CATEGORIA0;;1;1;0;1;;KIT FIXAÇAO PORTA OPEL VETRA C;KIT FIXAÇAO PORTA OPEL VETRA C;0;;
6225;10255.1;RES716003D;10255.1;RF716003D;CATEGORIA0;;1;1;0;1;;KIT FIXAÇAO PARA-CHOQ.F. OPEL CORSA C;KIT FIXAÇAO PARA-CHOQ.F. OPEL CORSA C;0;;
6225;10255.1;RES716004A;10255.1;RF716004A;CATEGORIA0;;1;1;0;1;;KIT FIXAÇAO PORTA OPEL ASTRA F;KIT FIXAÇAO PORTA OPEL ASTRA F;0;;
6225;10255.1;RES716004D;10255.1;RF716004D;CATEGORIA0;;1;1;0;1;;KIT FIXAÇAO PARA-CHOQ.F. OPEL VETRA C;KIT FIXAÇAO PARA-CHOQ.F. OPEL VETRA C;0;;
6225;10255;RES7161;10255;RF07161;CATEGORIA0;;1;1;0;1;;PACK PARAFUSOS (20);PACK PARAFUSOS (20);0;;
6225;10255;RES7162;10255;RF07162;CATEGORIA0;;1;1;0;1;;PACK PARAFUSOS (10);PACK PARAFUSOS (10);0;;
6225;10255;RES7163;10255;RF07163;CATEGORIA0;;1;1;0;1;;PACK PARAFUSOS (10);PACK PARAFUSOS (10);0;;
6225;10255;RES7164;10255;RF07164;CATEGORIA0;;1;1;0;1;;PACK PARAFUSOS (10);PACK PARAFUSOS (10);0;;
6225;10255;RES7165;10255;RF07165;CATEGORIA0;;1;1;0;1;;PACK PARAFUSOS (10);PACK PARAFUSOS (10);0;;
6225;10255;RES7166;10255;RF07166;CATEGORIA0;;1;1;0;1;;PACK PARAFUSOS (10);PACK PARAFUSOS (10);0;;
6225;10255;RES7167;10255;RF07167;CATEGORIA0;;1;1;0;1;;PACK PARAFUSOS (10);PACK PARAFUSOS (10);0;;
6225;10255;RES7168;10255;RF07168;CATEGORIA0;;1;1;0;1;;PACK PARAFUSOS (10);PACK PARAFUSOS (10);0;;
6225;10255;RES7169;10255;RF07169;CATEGORIA0;;1;1;0;1;;PACK PARAFUSOS (10);PACK PARAFUSOS (10);0;;
6225;10255;RES717;10255;RF00717;CATEGORIA0;;1;1;0;1;;PACK PASSA-FIOS (20);PACK PASSA-FIOS (20);0;;
6225;10255;RES718;10255;RF00718;CATEGORIA0;;1;1;0;1;;PACK PASSA-FIOS (20);PACK PASSA-FIOS (20);0;;
6225;10255;RES719;10255;RF00719;CATEGORIA0;;1;1;0;1;;PACK PASSA-FIOS (20);PACK PASSA-FIOS (20);0;;
6225;10255;RES720;10255;RF00720;CATEGORIA0;;1;1;0;1;;PACK PASSA-FIOS (20);PACK PASSA-FIOS (20);0;;
6225;10255.1;RES720001A;10255.1;RF720001A;CATEGORIA0;;1;1;0;1;;KIT FIXAÇAO PORTA JEEP RENEGADE;KIT FIXAÇAO PORTA JEEP RENEGADE;0;;
6225;10255.1;RES720001D;10255.1;RF720001D;CATEGORIA0;;1;1;0;1;;KIT FIXAÇAO PARA-CHOQ.F. JEEP RENEGADE;KIT FIXAÇAO PARA-CHOQ.F. JEEP RENEGADE;0;;
6225;10255.1;RES721001A;10255.1;RF721001A;CATEGORIA0;;1;1;0;1;;RESTAGRAF;RESTAGRAF;0;;
6225;10255.1;RES721001B;10255.1;RF721001B;CATEGORIA0;;1;1;0;1;;RESTAGRAF;RESTAGRAF;0;;
6225;10255.1;RES721001D;10255.1;RF721001D;CATEGORIA0;;1;1;0;1;;RESTAGRAF;RESTAGRAF;0;;
6225;10255.1;RES721001H;10255.1;RF721001H;CATEGORIA0;;1;1;0;1;;RESTAGRAF;RESTAGRAF;0;;
6225;10255;RES7230;10255;RF07230;CATEGORIA0;;1;1;0;1;;PACK ANILHAS (25);PACK ANILHAS (25);0;;
6225;10255;RES7235;10255;RF07235;CATEGORIA0;;1;1;0;1;;PACK ANILHAS (25);PACK ANILHAS (25);0;;
6225;10255;RES7262;10255;RF07262;CATEGORIA0;;1;1;0;1;;PACK PARAFUSOS (20);PACK PARAFUSOS (20);0;;
6225;10255;RES7270;10255;RF07270;CATEGORIA0;;1;1;0;1;;PACK PARAFUSOS (40);PACK PARAFUSOS (40);0;;
6225;10255;RES7271;10255;RF07271;CATEGORIA0;;1;1;0;1;;PACK PARAFUSOS (40);PACK PARAFUSOS (40);0;;
6225;10255;RES7273;10255;RF07273;CATEGORIA0;;1;1;0;1;;PACK PARAFUSOS (20);PACK PARAFUSOS (20);0;;
6225;10255;RES7276;10255;RF07276;CATEGORIA0;;1;1;0;1;;PACK PARAFUSOS (20);PACK PARAFUSOS (20);0;;
6225;10255;RES7290;10255;RF07290;CATEGORIA0;;1;1;0;1;;PACK PORCAS (5);PACK PORCAS (5);0;;
6225;10255;RES7291;10255;RF07291;CATEGORIA0;;1;1;0;1;;PACK PORCAS (5);PACK PORCAS (5);0;;
6225;10255;RES7292;10255;RF07292;CATEGORIA0;;1;1;0;1;;PACK PORCAS (5);PACK PORCAS (5);0;;
6225;10255;RES7304;10255;RF07304;CATEGORIA0;;1;1;0;1;;PACK FREIOS (40);PACK FREIOS (40);0;;
6225;10255;RES7307;10255;RF07307;CATEGORIA0;;1;1;0;1;;PACK FREIOS (30);PACK FREIOS (30);0;;
6225;10255;RES7308;10255;RF07308;CATEGORIA0;;1;1;0;1;;PACK FREIOS (30);PACK FREIOS (30);0;;
6225;10255;RES7309;10255;RF07309;CATEGORIA0;;1;1;0;1;;PACK FREIOS (25);PACK FREIOS (25);0;;
6225;10255;RES7310;10255;RF07310;CATEGORIA0;;1;1;0;1;;PACK FREIOS (20);PACK FREIOS (20);0;;
6225;10255;RES7311;10255;RF07311;CATEGORIA0;;1;1;0;1;;PACK FREIOS (20);PACK FREIOS (20);0;;
6225;10255;RES7312;10255;RF07312;CATEGORIA0;;1;1;0;1;;PACK FREIOS (15);PACK FREIOS (15);0;;
6225;10255;RES7313;10255;RF07313;CATEGORIA0;;1;1;0;1;;PACK FREIOS (15);PACK FREIOS (15);0;;
6225;10255;RES7314;10255;RF07314;CATEGORIA0;;1;1;0;1;;PACK FREIOS (15);PACK FREIOS (15);0;;
6225;10255;RES7315;10255;RF07315;CATEGORIA0;;1;1;0;1;;PACK FREIOS (10);PACK FREIOS (10);0;;
6225;10255;RES7316;10255;RF07316;CATEGORIA0;;1;1;0;1;;PACK FREIOS (10);PACK FREIOS (10);0;;
6225;10255;RES7317;10255;RF07317;CATEGORIA0;;1;1;0;1;;PACK FREIOS (10);PACK FREIOS (10);0;;
6225;10255;RES7318;10255;RF07318;CATEGORIA0;;1;1;0;1;;PACK FREIOS (5);PACK FREIOS (5);0;;
6225;10255;RES7319;10255;RF07319;CATEGORIA0;;1;1;0;1;;PACK FREIOS (5);PACK FREIOS (5);0;;
6225;10255;RES732;10255;RF00732;CATEGORIA0;;1;1;0;1;;PACK BATENTES (8);PACK BATENTES (8);0;;
6225;10255;RES7320;10255;RF07320;CATEGORIA0;;1;1;0;1;;PACK FREIOS (5);PACK FREIOS (5);0;;
6225;10255;RES7327;10255;RF07327;CATEGORIA0;;1;1;0;1;;PACK FREIOS (20);PACK FREIOS (20);0;;
6225;10255;RES733;10255;RF00733;CATEGORIA0;;1;1;0;1;;PACK BATENTES (20);PACK BATENTES (20);0;;
6225;10255;RES7330;10255;RF07330;CATEGORIA0;;1;1;0;1;;PACK FREIOS (15);PACK FREIOS (15);0;;
6225;10255;RES7337;10255;RF07337;CATEGORIA0;;1;1;0;1;;PACK FREIOS (5);PACK FREIOS (5);0;;
6225;10255;RES734;10255;RF00734;CATEGORIA0;;1;1;0;1;;PACK BATENTES (15);PACK BATENTES (15);0;;
6225;10255;RES7340;10255;RF07340;CATEGORIA0;;1;1;0;1;;PACK ANILHAS (10);PACK ANILHAS (10);0;;
6225;10255;RES7346;10255;RF07346;CATEGORIA0;;1;1;0;1;;PACK ANILHAS (10);PACK ANILHAS (10);0;;
6225;10255;RES7347;10255;RF07347;CATEGORIA0;;1;1;0;1;;PACK ANILHAS 14MM (10);PACK ANILHAS 14MM (10);0;;
6225;10255;RES7349;10255;RF07349;CATEGORIA0;;1;1;0;1;;PACK ANILHAS (10);PACK ANILHAS (10);0;;
6225;10255;RES7350;10255;RF07350;CATEGORIA0;;1;1;0;1;;PACK TECLAMIS (5);PACK TECLAMIS (5);0;;
6225;10255;RES7351;10255;RF07351;CATEGORIA0;;1;1;0;1;;PACK TECLAMIS (5);PACK TECLAMIS (5);0;;
6225;10255;RES7352;10255;RF07352;CATEGORIA0;;1;1;0;1;;PACK TECLAMIS (5);PACK TECLAMIS (5);0;;
6225;10255;RES7353;10255;RF07353;CATEGORIA0;;1;1;0;1;;PACK TECLAMIS (5);PACK TECLAMIS (5);0;;
6225;10255;RES7354;10255;RF07354;CATEGORIA0;;1;1;0;1;;PACK TECLAMIS (5);PACK TECLAMIS (5);0;;
6225;10255;RES7355;10255;RF07355;CATEGORIA0;;1;1;0;1;;PACK TECLAMIS (5);PACK TECLAMIS (5);0;;
6225;10255;RES7356;10255;RF07356;CATEGORIA0;;1;1;0;1;;PACK TECLAMIS (5);PACK TECLAMIS (5);0;;
6225;10255;RES7357;10255;RF07357;CATEGORIA0;;1;1;0;1;;PACK TECLAMIS (5);PACK TECLAMIS (5);0;;
6225;10255;RES7358;10255;RF07358;CATEGORIA0;;1;1;0;1;;PACK TECLAMIS (5);PACK TECLAMIS (5);0;;
6225;10255;RES7359;10255;RF07359;CATEGORIA0;;1;1;0;1;;PACK TECLAMIS (5);PACK TECLAMIS (5);0;;
6225;10255;RES7360;10255;RF07360;CATEGORIA0;;1;1;0;1;;PACK TECLAMIS (5);PACK TECLAMIS (5);0;;
6225;10255;RES7361;10255;RF07361;CATEGORIA0;;1;1;0;1;;PACK TECLAMIS (5);PACK TECLAMIS (5);0;;
6225;10255;RES7362;10255;RF07362;CATEGORIA0;;1;1;0;1;;PACK COPOS LUBRIFICAÇAO (5);PACK COPOS LUBRIFICAÇAO (5);0;;
6225;10255;RES7364;10255;RF07364;CATEGORIA0;;1;1;0;1;;PACK ANILHAS (10);PACK ANILHAS (10);0;;
6225;10255;RES7366;10255;RF07366;CATEGORIA0;;1;1;0;1;;PACK ANILHAS BUJOM 14MM (10);PACK ANILHAS BUJOM 14MM (10);0;;
6225;10255;RES7367;10255;RF07367;CATEGORIA0;;1;1;0;1;;PACK ANILHAS (10);PACK ANILHAS (10);0;;
6225;10255;RES7368;10255;RF07368;CATEGORIA0;;1;1;0;1;;PACK ANILHAS BUJOM 12MM (10);PACK ANILHAS BUJOM 12MM (10);0;;
6225;10255;RES7369;10255;RF07369;CATEGORIA0;;1;1;0;1;;PACK ANILHAS (10);PACK ANILHAS (10);0;;
6225;10255;RES7370;10255;RF07370;CATEGORIA0;;1;1;0;1;;PACK ANILHAS (20);PACK ANILHAS (20);0;;
6225;10255;RES7371;10255;RF07371;CATEGORIA0;;1;1;0;1;;PACK ANILHAS BUJOM 14MM (10);PACK ANILHAS BUJOM 14MM (10);0;;
6225;10255;RES7372;10255;RF07372;CATEGORIA0;;1;1;0;1;;PACK ANILHAS BUJOM 16MM (30);PACK ANILHAS BUJOM 16MM (30);0;;
6225;10255;RES7373;10255;RF07373;CATEGORIA0;;1;1;0;1;;PACK ANILHAS BUJOM 18MM (10);PACK ANILHAS BUJOM 18MM (10);0;;
6225;10255;RES7374;10255;RF07374;CATEGORIA0;;1;1;0;1;;PACK ANILHAS (5);PACK ANILHAS (5);0;;
6225;10255;RES7375;10255;RF07375;CATEGORIA0;;1;1;0;1;;PACK ANILHAS (10);PACK ANILHAS (10);0;;
6225;10255;RES7376;10255;RF07376;CATEGORIA0;;1;1;0;1;;PACK ANILHAS BUJOM 10MM (10);PACK ANILHAS BUJOM 10MM (10);0;;
6225;10255;RES7377;10255;RF07377;CATEGORIA0;;1;1;0;1;;PACK ANILHAS (10);PACK ANILHAS (10);0;;
6225;10255;RES7379;10255;RF07379;CATEGORIA0;;1;1;0;1;;PACK ANILHAS (10);PACK ANILHAS (10);0;;
6225;10255;RES738;10255;RF00738;CATEGORIA0;;1;1;0;1;;PACK TAPA FURO (35);PACK TAPA FURO (35);0;;
6225;10255;RES7380;10255;RF07380;CATEGORIA0;;1;1;0;1;;PACK ANILHAS (5);PACK ANILHAS (5);0;;
6225;10255;RES7381;10255;RF07381;CATEGORIA0;;1;1;0;1;;PACK ANILHAS (5);PACK ANILHAS (5);0;;
6225;10255;RES7382;10255;RF07382;CATEGORIA0;;1;1;0;1;;PACK ANILHAS (10);PACK ANILHAS (10);0;;
6225;10255;RES7383;10255;RF07383;CATEGORIA0;;1;1;0;1;;PACK ANILHAS (10);PACK ANILHAS (10);0;;
6225;10255;RES7384;10255;RF07384;CATEGORIA0;;1;1;0;1;;PACK ANILHAS (10);PACK ANILHAS (10);0;;
6225;10255;RES7385;10255;RF07385;CATEGORIA0;;1;1;0;1;;PACK ANILHAS (5);PACK ANILHAS (5);0;;
6225;10255;RES7386;10255;RF07386;CATEGORIA0;;1;1;0;1;;PACK ANILHAS (3);PACK ANILHAS (3);0;;
6225;10255;RES7387;10255;RF07387;CATEGORIA0;;1;1;0;1;;PACK ANILHAS (3);PACK ANILHAS (3);0;;
6225;10255;RES7389;10255;RF07389;CATEGORIA0;;1;1;0;1;;PACK ANILHAS (10);PACK ANILHAS (10);0;;
6225;10255;RES739;10255;RF00739;CATEGORIA0;;1;1;0;1;;PACK TAPA FURO (30);PACK TAPA FURO (30);0;;
6225;10255;RES7390;10255;RF07390;CATEGORIA0;;1;1;0;1;;PACK ANILHAS (10);PACK ANILHAS (10);0;;
6225;10255;RES7391;10255;RF07391;CATEGORIA0;;1;1;0;1;;PACK ANILHAS 12MM (10);PACK ANILHAS 12MM (10);0;;
6225;10255;RES7392;10255;RF07392;CATEGORIA0;;1;1;0;1;;PACK ANILHAS (10);PACK ANILHAS (10);0;;
6225;10255;RES7393;10255;RF07393;CATEGORIA0;;1;1;0;1;;PACK ANILHAS (10);PACK ANILHAS (10);0;;
6225;10255;RES7394;10255;RF07394;CATEGORIA0;;1;1;0;1;;PACK ANILHAS (10);PACK ANILHAS (10);0;;
6225;10255;RES7395;10255;RF07395;CATEGORIA0;;1;1;0;1;;PACK ANILHAS BUJOM 16MM (10);PACK ANILHAS BUJOM 16MM (10);0;;
6225;10255;RES7396;10255;RF07396;CATEGORIA0;;1;1;0;1;;PACK ANILHAS (10);PACK ANILHAS (10);0;;
6225;10255;RES7399;10255;RF07399;CATEGORIA0;;1;1;0;1;;PACK ANILHAS (10);PACK ANILHAS (10);0;;
6225;10255;RES740;10255;RF00740;CATEGORIA0;;1;1;0;1;;PACK TAPA FURO (25);PACK TAPA FURO (25);0;;
6225;10255;RES7402;10255;RF07402;CATEGORIA0;;1;1;0;1;;PACK PARAFUSOS (100);PACK PARAFUSOS (100);0;;
6225;10255;RES7406;10255;RF07406;CATEGORIA0;;1;1;0;1;;PACK PARAFUSOS (100);PACK PARAFUSOS (100);0;;
6225;10255;RES741;10255;RF00741;CATEGORIA0;;1;1;0;1;;PACK TAPA FURO (25);PACK TAPA FURO (25);0;;
6225;10255;RES742;10255;RF00742;CATEGORIA0;;1;1;0;1;;PACK TAPA FURO (20);PACK TAPA FURO (20);0;;
6225;10255;RES743;10255;RF00743;CATEGORIA0;;1;1;0;1;;PACK TAPA FURO (15);PACK TAPA FURO (15);0;;
6225;10255;RES745;10255;RF00745;CATEGORIA0;;1;1;0;1;;PACK TAPA FURO (10);PACK TAPA FURO (10);0;;
6225;10255;RES7453;10255;RF07453;CATEGORIA0;;1;1;0;1;;ABRAÇADEIRA ESCAPE (1);ABRAÇADEIRA ESCAPE (1);0;;
6225;10255;RES7454;10255;RF07454;CATEGORIA0;;1;1;0;1;;PACK ANILHAS (10);PACK ANILHAS (10);0;;
6225;10255;RES7455;10255;RF07455;CATEGORIA0;;1;1;0;1;;PACK ANILHAS (10);PACK ANILHAS (10);0;;
6225;10255;RES7456;10255;RF07456;CATEGORIA0;;1;1;0;1;;PACK ANILHAS (10);PACK ANILHAS (10);0;;
6225;10255;RES7457;10255;RF07457;CATEGORIA0;;1;1;0;1;;PACK ORINGS (5);PACK ORINGS (5);0;;
6225;10255;RES7458;10255;RF07458;CATEGORIA0;;1;1;0;1;;PACK ANILHAS (10);PACK ANILHAS (10);0;;
6225;10255;RES7459;10255;RF07459;CATEGORIA0;;1;1;0;1;;PACK ANILHAS (10);PACK ANILHAS (10);0;;
6225;10255;RES7460;10255;RF07460;CATEGORIA0;;1;1;0;1;;FLEXíVEL ESCAPE;FLEXíVEL ESCAPE;0;;
6225;10255;RES7470;10255;RF07470;CATEGORIA0;;1;1;0;1;;LIGAÇAO ESCAPE (1);LIGAÇAO ESCAPE (1);0;;
6225;10255;RES7471;10255;RF07471;CATEGORIA0;;1;1;0;1;;LIGAÇAO ESCAPE (1);LIGAÇAO ESCAPE (1);0;;
6225;10255;RES7472;10255;RF07472;CATEGORIA0;;1;1;0;1;;LIGAÇAO ESCAPE (1);LIGAÇAO ESCAPE (1);0;;
6225;10255;RES7473;10255;RF07473;CATEGORIA0;;1;1;0;1;;LIGAÇAO ESCAPE (1);LIGAÇAO ESCAPE (1);0;;
6225;10255;RES7474;10255;RF07474;CATEGORIA0;;1;1;0;1;;LIGAÇAO ESCAPE (1);LIGAÇAO ESCAPE (1);0;;
6225;10255;RES7475;10255;RF07475;CATEGORIA0;;1;1;0;1;;LIGAÇAO ESCAPE (1);LIGAÇAO ESCAPE (1);0;;
6225;10255;RES7476;10255;RF07476;CATEGORIA0;;1;1;0;1;;LIGAÇAO ESCAPE (1);LIGAÇAO ESCAPE (1);0;;
6225;10255;RES7477;10255;RF07477;CATEGORIA0;;1;1;0;1;;LIGAÇAO ESCAPE (1);LIGAÇAO ESCAPE (1);0;;
6225;10255;RES7478;10255;RF07478;CATEGORIA0;;1;1;0;1;;LIGAÇAO ESCAPE (1);LIGAÇAO ESCAPE (1);0;;
6225;10255;RES7491;10255;RF07491;CATEGORIA0;;1;1;0;1;;PACK ABRAÇADEIRAS (8);PACK ABRAÇADEIRAS (8);0;;
6225;10255;RES7492;10255;RF07492;CATEGORIA0;;1;1;0;1;;PACK ABRAÇADEIRAS (6);PACK ABRAÇADEIRAS (6);0;;
6225;10255;RES7493;10255;RF07493;CATEGORIA0;;1;1;0;1;;PACK ABRAÇADEIRAS (5);PACK ABRAÇADEIRAS (5);0;;
6225;10255;RES7494;10255;RF07494;CATEGORIA0;;1;1;0;1;;PACK ABRAÇADEIRAS (4);PACK ABRAÇADEIRAS (4);0;;
6225;10255;RES7496;10255;RF07496;CATEGORIA0;;1;1;0;1;;PACK ABRAÇADEIRAS (3);PACK ABRAÇADEIRAS (3);0;;
6225;10255;RES7500;10255;RF07500;CATEGORIA0;;1;1;0;1;;PACK ABRAÇADEIRAS (2);PACK ABRAÇADEIRAS (2);0;;
6225;10255;RES7502;10255;RF07502;CATEGORIA0;;1;1;0;1;;ABRAÇADEIRA ESCAPE (1);ABRAÇADEIRA ESCAPE (1);0;;
6225;10255;RES7509;10255;RF07509;CATEGORIA0;;1;1;0;1;;PACK ABRAÇADEIRAS (15);PACK ABRAÇADEIRAS (15);0;;
6225;10255;RES7511;10255;RF07511;CATEGORIA0;;1;1;0;1;;PACK ABRAÇADEIRAS (14);PACK ABRAÇADEIRAS (14);0;;
6225;10255;RES7513;10255;RF07513;CATEGORIA0;;1;1;0;1;;PACK ABRAÇADEIRAS (12);PACK ABRAÇADEIRAS (12);0;;
6225;10255;RES7520;10255;RF07520;CATEGORIA0;;1;1;0;1;;PACK ABRAÇADEIRAS (10);PACK ABRAÇADEIRAS (10);0;;
6225;10255;RES7524;10255;RF07524;CATEGORIA0;;1;1;0;1;;PACK ABRAÇADEIRAS (10);PACK ABRAÇADEIRAS (10);0;;
6225;10255;RES7526;10255;RF07526;CATEGORIA0;;1;1;0;1;;PACK ABRAÇADEIRAS (6);PACK ABRAÇADEIRAS (6);0;;
6225;10255;RES7527;10255;RF07527;CATEGORIA0;;1;1;0;1;;PACK ABRAÇADEIRAS (6);PACK ABRAÇADEIRAS (6);0;;
6225;10255;RES7528;10255;RF07528;CATEGORIA0;;1;1;0;1;;PACK ABRAÇADEIRAS (6);PACK ABRAÇADEIRAS (6);0;;
6225;10255;RES7529;10255;RF07529;CATEGORIA0;;1;1;0;1;;PACK ABRAÇADEIRAS (6);PACK ABRAÇADEIRAS (6);0;;
6225;10255;RES7530;10255;RF07530;CATEGORIA0;;1;1;0;1;;PACK ABRAÇADEIRAS (6);PACK ABRAÇADEIRAS (6);0;;
6225;10255;RES7532;10255;RF07532;CATEGORIA0;;1;1;0;1;;PACK ABRAÇADEIRAS (8);PACK ABRAÇADEIRAS (8);0;;
6225;10255;RES7534;10255;RF07534;CATEGORIA0;;1;1;0;1;;PACK ABRAÇADEIRAS (10);PACK ABRAÇADEIRAS (10);0;;
6225;10255;RES7535;10255;RF07535;CATEGORIA0;;1;1;0;1;;PACK ABRAÇADEIRAS (6);PACK ABRAÇADEIRAS (6);0;;
6225;10255;RES7536;10255;RF07536;CATEGORIA0;;1;1;0;1;;PACK ABRAÇADEIRAS (6);PACK ABRAÇADEIRAS (6);0;;
6225;10255;RES7537;10255;RF07537;CATEGORIA0;;1;1;0;1;;PACK ABRAÇADEIRAS (6);PACK ABRAÇADEIRAS (6);0;;
6225;10255;RES7538;10255;RF07538;CATEGORIA0;;1;1;0;1;;PACK ABRAÇADEIRAS (6);PACK ABRAÇADEIRAS (6);0;;
6225;10255;RES7539;10255;RF07539;CATEGORIA0;;1;1;0;1;;PACK ABRAÇADEIRAS (6);PACK ABRAÇADEIRAS (6);0;;
6225;10255;RES7540;10255;RF07540;CATEGORIA0;;1;1;0;1;;PACK ABRAÇADEIRAS (6);PACK ABRAÇADEIRAS (6);0;;
6225;10255;RES7541;10255;RF07541;CATEGORIA0;;1;1;0;1;;PACK ABRAÇADEIRAS (6);PACK ABRAÇADEIRAS (6);0;;
6225;10255;RES7544;10255;RF07544;CATEGORIA0;;1;1;0;1;;PACK ABRAÇADEIRA (5);PACK ABRAÇADEIRA (5);0;;
6225;10255;RES756;10255;RF00756;CATEGORIA0;;1;1;0;1;;PACK PARAFUSOS (65);PACK PARAFUSOS (65);0;;
6225;10255;RES7562;10255;RF07562;CATEGORIA0;;1;1;0;1;;PACK ABRAÇADEIRAS (2);PACK ABRAÇADEIRAS (2);0;;
6225;10255;RES7563;10255;RF07563;CATEGORIA0;;1;1;0;1;;PACK ABRAÇADEIRAS (2);PACK ABRAÇADEIRAS (2);0;;
6225;10255;RES7564;10255;RF07564;CATEGORIA0;;1;1;0;1;;PACK ABRAÇADEIRAS (2);PACK ABRAÇADEIRAS (2);0;;
6225;10255;RES7566;10255;RF07566;CATEGORIA0;;1;1;0;1;;PACK ABRAÇADEIRAS (2);PACK ABRAÇADEIRAS (2);0;;
6225;10255;RES7572;10255;RF07572;CATEGORIA0;;1;1;0;1;;PACK ABRAÇADEIRAS (10);PACK ABRAÇADEIRAS (10);0;;
6225;10255;RES7573;10255;RF07573;CATEGORIA0;;1;1;0;1;;PACK ABRAÇADEIRAS (10);PACK ABRAÇADEIRAS (10);0;;
6225;10255;RES7574;10255;RF07574;CATEGORIA0;;1;1;0;1;;PACK ABRAÇADEIRAS (10);PACK ABRAÇADEIRAS (10);0;;
6225;10255;RES7575;10255;RF07575;CATEGORIA0;;1;1;0;1;;PACK ABRAÇADEIRAS (10);PACK ABRAÇADEIRAS (10);0;;
6225;10255;RES7576;10255;RF07576;CATEGORIA0;;1;1;0;1;;PACK ABRAÇADEIRAS (10);PACK ABRAÇADEIRAS (10);0;;
6225;10255;RES7577;10255;RF07577;CATEGORIA0;;1;1;0;1;;PACK ABRAÇADEIRAS (10);PACK ABRAÇADEIRAS (10);0;;
6225;10255;RES7578;10255;RF07578;CATEGORIA0;;1;1;0;1;;PACK ABRAÇADEIRAS (10);PACK ABRAÇADEIRAS (10);0;;
6225;10255;RES7579;10255;RF07579;CATEGORIA0;;1;1;0;1;;PACK ABRAÇADEIRAS (10);PACK ABRAÇADEIRAS (10);0;;
6225;10255;RES758;10255;RF00758;CATEGORIA0;;1;1;0;1;;PACK PARAFUSOS (40);PACK PARAFUSOS (40);0;;
6225;10255;RES7580;10255;RF07580;CATEGORIA0;;1;1;0;1;;PACK ABRAÇADEIRAS (10);PACK ABRAÇADEIRAS (10);0;;
6225;10255;RES7581;10255;RF07581;CATEGORIA0;;1;1;0;1;;PACK ABRAÇADEIRAS (10);PACK ABRAÇADEIRAS (10);0;;
6225;10255;RES7582;10255;RF07582;CATEGORIA0;;1;1;0;1;;PACK ABRAÇADEIRAS (10);PACK ABRAÇADEIRAS (10);0;;
6225;10255;RES7583;10255;RF07583;CATEGORIA0;;1;1;0;1;;PACK ABRAÇADEIRAS (10);PACK ABRAÇADEIRAS (10);0;;
6225;10255;RES7584;10255;RF07584;CATEGORIA0;;1;1;0;1;;PACK ABRAÇADEIRAS (10);PACK ABRAÇADEIRAS (10);0;;
6225;10255;RES7585;10255;RF07585;CATEGORIA0;;1;1;0;1;;PACK ABRAÇADEIRAS (10);PACK ABRAÇADEIRAS (10);0;;
6225;10255;RES7586;10255;RF07586;CATEGORIA0;;1;1;0;1;;PACK ABRAÇADEIRAS (10);PACK ABRAÇADEIRAS (10);0;;
6225;10255;RES7587;10255;RF07587;CATEGORIA0;;1;1;0;1;;PACK ABRAÇADEIRAS (10);PACK ABRAÇADEIRAS (10);0;;
6225;10255;RES7588;10255;RF07588;CATEGORIA0;;1;1;0;1;;PACK ABRAÇADEIRAS (10);PACK ABRAÇADEIRAS (10);0;;
6225;10255;RES7589;10255;RF07589;CATEGORIA0;;1;1;0;1;;PACK ABRAÇADEIRAS (10);PACK ABRAÇADEIRAS (10);0;;
6225;10255;RES759;10255;RF00759;CATEGORIA0;;1;1;0;1;;PACK PORCAS (20);PACK PORCAS (20);0;;
6225;10255;RES7590;10255;RF07590;CATEGORIA0;;1;1;0;1;;PACK ABRAÇADEIRAS (10);PACK ABRAÇADEIRAS (10);0;;
6225;10255;RES7591;10255;RF07591;CATEGORIA0;;1;1;0;1;;PACK ABRAÇADEIRAS (10);PACK ABRAÇADEIRAS (10);0;;
6225;10255;RES7593;10255;RF07593;CATEGORIA0;;1;1;0;1;;PACK ABRAÇADEIRAS (10);PACK ABRAÇADEIRAS (10);0;;
6225;10255;RES7594;10255;RF07594;CATEGORIA0;;1;1;0;1;;PACK ABRAÇADEIRAS (10);PACK ABRAÇADEIRAS (10);0;;
6225;10255;RES7595;10255;RF07595;CATEGORIA0;;1;1;0;1;;PACK ABRAÇADEIRAS (10);PACK ABRAÇADEIRAS (10);0;;
6225;10255;RES7596;10255;RF07596;CATEGORIA0;;1;1;0;1;;PACK ABRAÇADEIRAS (10);PACK ABRAÇADEIRAS (10);0;;
6225;10255;RES7597;10255;RF07597;CATEGORIA0;;1;1;0;1;;PACK ABRAÇADEIRAS (10);PACK ABRAÇADEIRAS (10);0;;
6225;10255;RES7598;10255;RF07598;CATEGORIA0;;1;1;0;1;;PACK ABRAÇADEIRAS (10);PACK ABRAÇADEIRAS (10);0;;
6225;10255;RES7599;10255;RF07599;CATEGORIA0;;1;1;0;1;;PACK ABRAÇADEIRAS (10);PACK ABRAÇADEIRAS (10);0;;
6225;10255;RES760;10255;RF00760;CATEGORIA0;;1;1;0;1;;PACK PORCAS (15);PACK PORCAS (15);0;;
6225;10255;RES761;10255;RF00761;CATEGORIA0;;1;1;0;1;;PACK PORCAS (15);PACK PORCAS (15);0;;
6225;10255;RES7618;10255;RF07618;CATEGORIA0;;1;1;0;1;;PACK PARAFUSOS (10);PACK PARAFUSOS (10);0;;
6225;10255;RES762;10255;RF00762;CATEGORIA0;;1;1;0;1;;PACK PARAFUSOS (50);PACK PARAFUSOS (50);0;;
6225;10255;RES7620;10255;RF07620;CATEGORIA0;;1;1;0;1;;PACK PARAFUSOS (10);PACK PARAFUSOS (10);0;;
6225;10255;RES763;10255;RF00763;CATEGORIA0;;1;1;0;1;;PACK PARAFUSOS (50);PACK PARAFUSOS (50);0;;
6225;10255;RES7631;10255;RF07631;CATEGORIA0;;1;1;0;1;;PACK PARAFUSOS (6);PACK PARAFUSOS (6);0;;
6225;10255;RES7634;10255;RF07634;CATEGORIA0;;1;1;0;1;;PACK PARAFUSOS (8);PACK PARAFUSOS (8);0;;
6225;10255;RES7637;10255;RF07637;CATEGORIA0;;1;1;0;1;;PACK PARAFUSOS (6);PACK PARAFUSOS (6);0;;
6225;10255;RES7639;10255;RF07639;CATEGORIA0;;1;1;0;1;;PACK PARAFUSOS (6);PACK PARAFUSOS (6);0;;
6225;10255;RES764;10255;RF00764;CATEGORIA0;;1;1;0;1;;PACK ABRAÇADEIRAS (12);PACK ABRAÇADEIRAS (12);0;;
6225;10255;RES7641;10255;RF07641;CATEGORIA0;;1;1;0;1;;PACK PARAFUSOS (6);PACK PARAFUSOS (6);0;;
6225;10255;RES7643;10255;RF07643;CATEGORIA0;;1;1;0;1;;PACK PARAFUSOS (5);PACK PARAFUSOS (5);0;;
6225;10255;RES765;10255;RF00765;CATEGORIA0;;1;1;0;1;;PACK PARAFUSOS (40);PACK PARAFUSOS (40);0;;
6225;10255;RES766;10255;RF00766;CATEGORIA0;;1;1;0;1;;PACK PARAFUSOS (40);PACK PARAFUSOS (40);0;;
6225;10255;RES767;10255;RF00767;CATEGORIA0;;1;1;0;1;;PACK PARAFUSOS (35);PACK PARAFUSOS (35);0;;
6225;10255;RES768;10255;RF00768;CATEGORIA0;;1;1;0;1;;PACK PARAFUSOS (35);PACK PARAFUSOS (35);0;;
6225;10255;RES770;10255;RF00770;CATEGORIA0;;1;1;0;1;;PACK PARAFUSOS (30);PACK PARAFUSOS (30);0;;
6225;10255;RES7728;10255;RF07728;CATEGORIA0;;1;1;0;1;;PACK ANILHAS (4);PACK ANILHAS (4);0;;
6225;10255;RES773;10255;RF00773;CATEGORIA0;;1;1;0;1;;PACK PARAFUSOS (20);PACK PARAFUSOS (20);0;;
6225;10255;RES774;10255;RF00774;CATEGORIA0;;1;1;0;1;;PACK PARAFUSOS (20);PACK PARAFUSOS (20);0;;
6225;10255;RES776;10255;RF00776;CATEGORIA0;;1;1;0;1;;PACK PARAFUSOS (50);PACK PARAFUSOS (50);0;;
6225;10255;RES779;10255;RF00779;CATEGORIA0;;1;1;0;1;;PACK PARAFUSOS;PACK PARAFUSOS;0;;
6225;10255;RES780;10255;RF00780;CATEGORIA0;;1;1;0;1;;PACK PARAFUSOS (30);PACK PARAFUSOS (30);0;;
6225;10255;RES785;10255;RF00785;CATEGORIA0;;1;1;0;1;;PACK ANILHAS (45);PACK ANILHAS (45);0;;
6225;10255;RES786;10255;RF00786;CATEGORIA0;;1;1;0;1;;PACK ANILHAS (40);PACK ANILHAS (40);0;;
6225;10255;RES788;10255;RF00788;CATEGORIA0;;1;1;0;1;;PACK ANILHAS (35);PACK ANILHAS (35);0;;
6225;10255;RES789;10255;RF00789;CATEGORIA0;;1;1;0;1;;PACK ANILHAS (35);PACK ANILHAS (35);0;;
6225;10255;RES791;10255;RF00791;CATEGORIA0;;1;1;0;1;;PACK PARAFUSOS (60);PACK PARAFUSOS (60);0;;
6225;10255;RES793;10255;RF00793;CATEGORIA0;;1;1;0;1;;PACK PORCAS (150);PACK PORCAS (150);0;;
6225;10255;RES794;10255;RF00794;CATEGORIA0;;1;1;0;1;;PACK PORCAS (35);PACK PORCAS (35);0;;
6225;10255;RES8;10255;RF00008;CATEGORIA0;;1;1;0;1;;CAIXA PASSA-FIOS (335);CAIXA PASSA-FIOS (335);0;;
6225;10255;RES802060;10255;RF802060;CATEGORIA0;;1;1;0;1;;PACK FOLHAS LIXA (2+2+2+2+2);PACK FOLHAS LIXA (2+2+2+2+2);0;;
6225;10255;RES802061;10255;RF802061;CATEGORIA0;;1;1;0;1;;PACK FOLHAS LIXA (8);PACK FOLHAS LIXA (8);0;;
6225;10255;RES802062;10255;RF802062;CATEGORIA0;;1;1;0;1;;PACK FOLHAS LIXA (8);PACK FOLHAS LIXA (8);0;;
6225;10255;RES802063;10255;RF802063;CATEGORIA0;;1;1;0;1;;PACK FOLHAS LIXA (8);PACK FOLHAS LIXA (8);0;;
6225;10255;RES802064;10255;RF802064;CATEGORIA0;;1;1;0;1;;PACK FOLHAS LIXA (8);PACK FOLHAS LIXA (8);0;;
6225;10255;RES802066;10255;RF802066;CATEGORIA0;;1;1;0;1;;PACK FOLHAS LIXA (8);PACK FOLHAS LIXA (8);0;;
6225;10255;RES803;10255;RF00803;CATEGORIA0;;1;1;0;1;;PACK PARAFUSOS (50);PACK PARAFUSOS (50);0;;
6225;10255;RES804;10255;RF00804;CATEGORIA0;;1;1;0;1;;PACK PARAFUSOS (45);PACK PARAFUSOS (45);0;;
6225;10255;RES805011;10255;RF805011;CATEGORIA0;;1;1;0;1;;PACK FOLHAS LIXA (4+4+4);PACK FOLHAS LIXA (4+4+4);0;;
6225;10255;RES805012;10255;RF805012;CATEGORIA0;;1;1;0;1;;PACK FOLHAS LIXA (3+3+3+3);PACK FOLHAS LIXA (3+3+3+3);0;;
6225;10255;RES805277;10255;RF805277;CATEGORIA0;;1;1;0;1;;PACK FOLHAS LIXA (25);PACK FOLHAS LIXA (25);0;;
6225;10255;RES805278;10255;RF805278;CATEGORIA0;;1;1;0;1;;PACK FOLHAS LIXA (25);PACK FOLHAS LIXA (25);0;;
6225;10255;RES805279;10255;RF805279;CATEGORIA0;;1;1;0;1;;PACK FOLHAS LIXA (25);PACK FOLHAS LIXA (25);0;;
6225;10255;RES805281;10255;RF805281;CATEGORIA0;;1;1;0;1;;PACK FOLHAS LIXA (25);PACK FOLHAS LIXA (25);0;;
6225;10255;RES808;10255;RF00808;CATEGORIA0;;1;1;0;1;;PACK PARAFUSOS (25);PACK PARAFUSOS (25);0;;
6225;10255;RES81;10255;RF00081;CATEGORIA0;;1;1;0;1;;CAIXA MOLAS FORRA PORTAS RENAULT (340);CAIXA MOLAS FORRA PORTAS RENAULT (340);0;;
6225;10255;RES811;10255;RF00811;CATEGORIA0;;1;1;0;1;;PACK PORCAS (110);PACK PORCAS (110);0;;
6225;10255;RES812;10255;RF00812;CATEGORIA0;;1;1;0;1;;PACK PORCAS (65);PACK PORCAS (65);0;;
6225;10255;RES813;10255;RF00813;CATEGORIA0;;1;1;0;1;;PACK PORCAS (60);PACK PORCAS (60);0;;
6225;10255;RES814;10255;RF00814;CATEGORIA0;;1;1;0;1;;PACK PORCAS (45);PACK PORCAS (45);0;;
6225;10255;RES815;10255;RF00815;CATEGORIA0;;1;1;0;1;;PACK PORCAS (25);PACK PORCAS (25);0;;
6225;10255;RES82;10255;RF00082;CATEGORIA0;;1;1;0;1;;CAIXA MOLAS FORRA PORTAS RENAULT (328);CAIXA MOLAS FORRA PORTAS RENAULT (328);0;;
6225;10255;RES827;10255;RF00827;CATEGORIA0;;1;1;0;1;;PACK PORCAS (30);PACK PORCAS (30);0;;
6225;10255;RES829;10255;RF00829;CATEGORIA0;;1;1;0;1;;PACK PORCAS (20);PACK PORCAS (20);0;;
6225;10255;RES83;10255;RF00083;CATEGORIA0;;1;1;0;1;;CAIXA MOLAS RENAULT (420);CAIXA MOLAS RENAULT (420);0;;
6225;10255;RES837;10255;RF00837;CATEGORIA0;;1;1;0;1;;PACK PORCAS (45);PACK PORCAS (45);0;;
6225;10255;RES839;10255;RF00839;CATEGORIA0;;1;1;0;1;;PACK PORCAS (30);PACK PORCAS (30);0;;
6225;10255;RES84;10255;RF00084;CATEGORIA0;;1;1;0;1;;CAIXA MOLAS FORRA PORTAS PSA (444);CAIXA MOLAS FORRA PORTAS PSA (444);0;;
6225;10255;RES840;10255;RF00840;CATEGORIA0;;1;1;0;1;;PACK PARAFUSOS (25);PACK PARAFUSOS (25);0;;
6225;10255;RES843;10255;RF00843;CATEGORIA0;;1;1;0;1;;PACK PARAFUSOS (35);PACK PARAFUSOS (35);0;;
6225;10255;RES844;10255;RF00844;CATEGORIA0;;1;1;0;1;;PACK PARAFUSOS (35);PACK PARAFUSOS (35);0;;
6225;10255;RES846;10255;RF00846;CATEGORIA0;;1;1;0;1;;PACK PARAFUSOS (20);PACK PARAFUSOS (20);0;;
6225;10255;RES85;10255;RF00085;CATEGORIA0;;1;1;0;1;;CAIXA MOLAS FORRA PORTAS PSA (400);CAIXA MOLAS FORRA PORTAS PSA (400);0;;
6225;10255;RES854;10255;RF00854;CATEGORIA0;;1;1;0;1;;PACK PARAFUSOS (60);PACK PARAFUSOS (60);0;;
6225;10255;RES855;10255;RF00855;CATEGORIA0;;1;1;0;1;;PACK PARAFUSOS (50);PACK PARAFUSOS (50);0;;
6225;10255;RES857;10255;RF00857;CATEGORIA0;;1;1;0;1;;PACK PARAFUSOS (35);PACK PARAFUSOS (35);0;;
6225;10255;RES858;10255;RF00858;CATEGORIA0;;1;1;0;1;;PACK PARAFUSOS (30);PACK PARAFUSOS (30);0;;
6225;10255;RES86;10255;RF00086;CATEGORIA0;;1;1;0;1;;CAIXA MOLAS PSA (425);CAIXA MOLAS PSA (425);0;;
6225;10255;RES860;10255;RF00860;CATEGORIA0;;1;1;0;1;;PACK PORCAS (15);PACK PORCAS (15);0;;
6225;10255;RES861;10255;RF00861;CATEGORIA0;;1;1;0;1;;PACK PORCAS (11);PACK PORCAS (11);0;;
6225;10255;RES863;10255;RF00863;CATEGORIA0;;1;1;0;1;;PACK ANILHAS (25);PACK ANILHAS (25);0;;
6225;10255;RES864;10255;RF00864;CATEGORIA0;;1;1;0;1;;PACK PORCAS (20);PACK PORCAS (20);0;;
6225;10255;RES865;10255;RF00865;CATEGORIA0;;1;1;0;1;;PACK PORCAS (40);PACK PORCAS (40);0;;
6225;10255;RES866;10255;RF00866;CATEGORIA0;;1;1;0;1;;PACK PORCAS (35);PACK PORCAS (35);0;;
6225;10255;RES867;10255;RF00867;CATEGORIA0;;1;1;0;1;;PACK PORCAS (25);PACK PORCAS (25);0;;
6225;10255;RES868;10255;RF00868;CATEGORIA0;;1;1;0;1;;PACK PARAFUSOS (4);PACK PARAFUSOS (4);0;;
6225;10255;RES869;10255;RF00869;CATEGORIA0;;1;1;0;1;;PACK PARAFUSOS (4);PACK PARAFUSOS (4);0;;
6225;10255;RES87;10255;RF00087;CATEGORIA0;;1;1;0;1;;CAIXA MOLAS PSA (350);CAIXA MOLAS PSA (350);0;;
6225;10255;RES870;10255;RF00870;CATEGORIA0;;1;1;0;1;;PACK ABRAÇADEIRAS (100);PACK ABRAÇADEIRAS (100);0;;
6225;10255;RES871;10255;RF00871;CATEGORIA0;;1;1;0;1;;PACK ABRAÇADEIRAS (50);PACK ABRAÇADEIRAS (50);0;;
6225;10255;RES873;10255;RF00873;CATEGORIA0;;1;1;0;1;;PACK ANILHAS (30);PACK ANILHAS (30);0;;
6225;10255;RES88;10255;RF00088;CATEGORIA0;;1;1;0;1;;CAIXA MOLAS FORRA PORTAS VAG (228);CAIXA MOLAS FORRA PORTAS VAG (228);0;;
6225;10255;RES881;10255;RF00881;CATEGORIA0;;1;1;0;1;;PACK PARAFUSOS (30);PACK PARAFUSOS (30);0;;
6225;10255;RES883;10255;RF00883;CATEGORIA0;;1;1;0;1;;PACK PARAFUSOS (25);PACK PARAFUSOS (25);0;;
6225;10255;RES884;10255;RF00884;CATEGORIA0;;1;1;0;1;;PACK PARAFUSOS (30);PACK PARAFUSOS (30);0;;
6225;10255;RES885;10255;RF00885;CATEGORIA0;;1;1;0;1;;PACK PARAFUSOS (25);PACK PARAFUSOS (25);0;;
6225;10255;RES886;10255;RF00886;CATEGORIA0;;1;1;0;1;;PACK PARAFUSOS (25);PACK PARAFUSOS (25);0;;
6225;10255;RES887;10255;RF00887;CATEGORIA0;;1;1;0;1;;PACK PARAFUSOS (20);PACK PARAFUSOS (20);0;;
6225;10255;RES89;10255;RF00089;CATEGORIA0;;1;1;0;1;;CAIXA MOLAS FORRA PORTAS FIAT (323);CAIXA MOLAS FORRA PORTAS FIAT (323);0;;
6225;10255;RES891;10255;RF00891;CATEGORIA0;;1;1;0;1;;PACK PARAFUSOS (20);PACK PARAFUSOS (20);0;;
6225;10255;RES892;10255;RF00892;CATEGORIA0;;1;1;0;1;;PACK PARAFUSOS (15);PACK PARAFUSOS (15);0;;
6225;10255;RES896;10255;RF00896;CATEGORIA0;;1;1;0;1;;PACK PARAFUSOS (10);PACK PARAFUSOS (10);0;;
6225;10255;RES898;10255;RF00898;CATEGORIA0;;1;1;0;1;;PACK PARAFUSOS (10);PACK PARAFUSOS (10);0;;
6225;10255;RES90;10255;RF00090;CATEGORIA0;;1;1;0;1;;CAIXA MOLAS FORRA PORTAS FORD (291);CAIXA MOLAS FORRA PORTAS FORD (291);0;;
6225;10255;RES903;10255;RF00903;CATEGORIA0;;1;1;0;1;;PACK TROÇOS (75);PACK TROÇOS (75);0;;
6225;10255;RES904;10255;RF00904;CATEGORIA0;;1;1;0;1;;PACK TROÇOS (110);PACK TROÇOS (110);0;;
6225;10255;RES905;10255;RF00905;CATEGORIA0;;1;1;0;1;;PACK TROÇOS (90);PACK TROÇOS (90);0;;
6225;10255;RES9059;10255;RF09059;CATEGORIA0;;1;1;0;1;;PACK MOLAS (4);PACK MOLAS (4);0;;
6225;10255;RES906;10255;RF00906;CATEGORIA0;;1;1;0;1;;PACK TROÇOS (70);PACK TROÇOS (70);0;;
6225;10255;RES907;10255;RF00907;CATEGORIA0;;1;1;0;1;;PACK TROÇOS (45);PACK TROÇOS (45);0;;
6225;10255;RES908;10255;RF00908;CATEGORIA0;;1;1;0;1;;PACK TROÇOS (35);PACK TROÇOS (35);0;;
6225;10255;RES909;10255;RF00909;CATEGORIA0;;1;1;0;1;;PACK TROÇOS (25);PACK TROÇOS (25);0;;
6225;10255;RES9096;10255;RF09096;CATEGORIA0;;1;1;0;1;;PACK MOLAS (30);PACK MOLAS (30);0;;
6225;10255;RES91;10255;RF00091;CATEGORIA0;;1;1;0;1;;CAIXA MOLAS FORRA PORTAS OPEL (312);CAIXA MOLAS FORRA PORTAS OPEL (312);0;;
6225;10255;RES910;10255;RF00910;CATEGORIA0;;1;1;0;1;;PACK CAVILHAS (55);PACK CAVILHAS (55);0;;
6225;10255;RES911;10255;RF00911;CATEGORIA0;;1;1;0;1;;PACK CAVILHAS (48);PACK CAVILHAS (48);0;;
6225;10255;RES912;10255;RF00912;CATEGORIA0;;1;1;0;1;;PACK CAVILHAS (50);PACK CAVILHAS (50);0;;
6225;10255;RES913;10255;RF00913;CATEGORIA0;;1;1;0;1;;PACK CAVILHAS (33);PACK CAVILHAS (33);0;;
6225;10255;RES914;10255;RF00914;CATEGORIA0;;1;1;0;1;;PACK CAVILHAS (44);PACK CAVILHAS (44);0;;
6225;10255;RES915;10255;RF00915;CATEGORIA0;;1;1;0;1;;PACK CAVILHAS (34);PACK CAVILHAS (34);0;;
6225;10255;RES916;10255;RF00916;CATEGORIA0;;1;1;0;1;;PACK CAVILHAS (27);PACK CAVILHAS (27);0;;
6225;10255;RES917;10255;RF00917;CATEGORIA0;;1;1;0;1;;PACK CAVILHAS (30);PACK CAVILHAS (30);0;;
6225;10255;RES918;10255;RF00918;CATEGORIA0;;1;1;0;1;;PACK CAVILHAS (25);PACK CAVILHAS (25);0;;
6225;10255;RES9189;10255;RF09189;CATEGORIA0;;1;1;0;1;;PACK MOLAS (14);PACK MOLAS (14);0;;
6225;10255;RES919;10255;RF00919;CATEGORIA0;;1;1;0;1;;PACK CAVILHAS (18);PACK CAVILHAS (18);0;;
6225;10255;RES92;10255;RF00092;CATEGORIA0;;1;1;0;1;;CAIXA MOLAS FORRA PORTAS  (900);CAIXA MOLAS FORRA PORTAS  (900);0;;
6225;10255;RES920;10255;RF00920;CATEGORIA0;;1;1;0;1;;PACK CAVILHAS (13);PACK CAVILHAS (13);0;;
6225;10255;RES9204;10255;RF09204;CATEGORIA0;;1;1;0;1;;PACK MOLAS (25);PACK MOLAS (25);0;;
6225;10255;RES922;10255;RF00922;CATEGORIA0;;1;1;0;1;;PACK CAVILHAS (22);PACK CAVILHAS (22);0;;
6225;10255;RES9227;10255;RF09227;CATEGORIA0;;1;1;0;1;;PACK MOLAS (8);PACK MOLAS (8);0;;
6225;10255;RES923;10255;RF00923;CATEGORIA0;;1;1;0;1;;PACK CAVILHAS (20);PACK CAVILHAS (20);0;;
6225;10255;RES9237;10255;RF09237;CATEGORIA0;;1;1;0;1;;PACK MOLAS (8);PACK MOLAS (8);0;;
6225;10255;RES93;10255;RF00093;CATEGORIA0;;1;1;0;1;;CAIXA PORCAS  (285);CAIXA PORCAS  (285);0;;
6225;10255;RES930;10255;RF00930;CATEGORIA0;;1;1;0;1;;PACK CAVILHAS (10);PACK CAVILHAS (10);0;;
6225;10255;RES931;10255;RF00931;CATEGORIA0;;1;1;0;1;;PACK CAVILHAS (12);PACK CAVILHAS (12);0;;
6225;10255;RES932;10255;RF00932;CATEGORIA0;;1;1;0;1;;PACK CAVILHAS (8);PACK CAVILHAS (8);0;;
6225;10255;RES9343;10255;RF09343;CATEGORIA0;;1;1;0;1;;PACK MOLAS (6);PACK MOLAS (6);0;;
6225;10255;RES9357;10255;RF09357;CATEGORIA0;;1;1;0;1;;PACK MOLAS (6);PACK MOLAS (6);0;;
6225;10255;RES938;10255;RF00938;CATEGORIA0;;1;1;0;1;;PACK CAVILHAS (12);PACK CAVILHAS (12);0;;
6225;10255;RES94;10255;RF00094;CATEGORIA0;;1;1;0;1;;CAIXA PORCAS E FREIOS (228);CAIXA PORCAS E FREIOS (228);0;;
6225;10255;RES941;10255;RF00941;CATEGORIA0;;1;1;0;1;;PACK TROÇOS (8);PACK TROÇOS (8);0;;
6225;10255;RES943;10255;RF00943;CATEGORIA0;;1;1;0;1;;PACK TROÇOS (10);PACK TROÇOS (10);0;;
6225;10255;RES9438;10255;RF09438;CATEGORIA0;;1;1;0;1;;PACK MOLAS (6);PACK MOLAS (6);0;;
6225;10255;RES944;10255;RF00944;CATEGORIA0;;1;1;0;1;;PACK TROÇOS (15);PACK TROÇOS (15);0;;
6225;10255;RES9445;10255;RF09445;CATEGORIA0;;1;1;0;1;;PACK MOLAS (8);PACK MOLAS (8);0;;
6225;10255;RES9448;10255;RF09448;CATEGORIA0;;1;1;0;1;;PACK MOLAS (25);PACK MOLAS (25);0;;
6225;10255;RES945;10255;RF00945;CATEGORIA0;;1;1;0;1;;PACK TROÇOS (20);PACK TROÇOS (20);0;;
6225;10255;RES946;10255;RF00946;CATEGORIA0;;1;1;0;1;;PACK TROÇOS (30);PACK TROÇOS (30);0;;
6225;10255;RES947;10255;RF00947;CATEGORIA0;;1;1;0;1;;PACK TROÇOS (50);PACK TROÇOS (50);0;;
6225;10255;RES948;10255;RF00948;CATEGORIA0;;1;1;0;1;;PACK ABRAÇADEIRAS (100);PACK ABRAÇADEIRAS (100);0;;
6225;10255;RES9482;10255;RF09482;CATEGORIA0;;1;1;0;1;;PACK REBITES (20);PACK REBITES (20);0;;
6225;10255;RES9487;10255;RF09487;CATEGORIA0;;1;1;0;1;;PACK MOLAS (30);PACK MOLAS (30);0;;
6225;10255;RES949;10255;RF00949;CATEGORIA0;;1;1;0;1;;PACK ABRAÇADEIRAS (30);PACK ABRAÇADEIRAS (30);0;;
6225;10255;RES95;10255;RF00095;CATEGORIA0;;1;1;0;1;;CAIXA PARAFUSOS (330);CAIXA PARAFUSOS (330);0;;
6225;10255;RES9506;10255;RF09506;CATEGORIA0;;1;1;0;1;;PACK MOLAS (10);PACK MOLAS (10);0;;
6225;10255;RES9520;10255;RF09520;CATEGORIA0;;1;1;0;1;;PACK MOLAS (8);PACK MOLAS (8);0;;
6225;10255;RES9569;10255;RF09569;CATEGORIA0;;1;1;0;1;;PACK MOLAS (8);PACK MOLAS (8);0;;
6225;10255;RES957;10255;RF00957;CATEGORIA0;;1;1;0;1;;PACK ABRAÇADEIRAS (100);PACK ABRAÇADEIRAS (100);0;;
6225;10255;RES958;10255;RF00958;CATEGORIA0;;1;1;0;1;;PACK ABRAÇADEIRAS (40);PACK ABRAÇADEIRAS (40);0;;
6225;10255;RES96;10255;RF00096;CATEGORIA0;;1;1;0;1;;CAIXA REBITES (580);CAIXA REBITES (580);0;;
6225;10255;RES960;10255;RF00960;CATEGORIA0;;1;1;0;1;;PACK PORCAS (50);PACK PORCAS (50);0;;
6225;10255;RES961;10255;RF00961;CATEGORIA0;;1;1;0;1;;PACK PORCAS (50);PACK PORCAS (50);0;;
6225;10255;RES9611;10255;RF09611;CATEGORIA0;;1;1;0;1;;PACK MOLAS (12);PACK MOLAS (12);0;;
6225;10255;RES9612;10255;RF09612;CATEGORIA0;;1;1;0;1;;PACK MOLAS (12);PACK MOLAS (12);0;;
6225;10255;RES9614;10255;RF09614;CATEGORIA0;;1;1;0;1;;PACK PARAFUSOS (15);PACK PARAFUSOS (15);0;;
6225;10255;RES962;10255;RF00962;CATEGORIA0;;1;1;0;1;;PACK PORCAS (30);PACK PORCAS (30);0;;
6225;10255;RES9626;10255;RF09626;CATEGORIA0;;1;1;0;1;;PACK MOLAS (4);PACK MOLAS (4);0;;
6225;10255;RES963;10255;RF00963;CATEGORIA0;;1;1;0;1;;PACK ABRAÇADEIRAS (100);PACK ABRAÇADEIRAS (100);0;;
6225;10255;RES964;10255;RF00964;CATEGORIA0;;1;1;0;1;;PACK PARAFUSOS (3);PACK PARAFUSOS (3);0;;
6225;10255;RES9647;10255;RF09647;CATEGORIA0;;1;1;0;1;;PACK MOLAS (4);PACK MOLAS (4);0;;
6225;10255;RES9649;10255;RF09649;CATEGORIA0;;1;1;0;1;;PACK ABRAÇADEIRAS (12);PACK ABRAÇADEIRAS (12);0;;
6225;10255;RES965;10255;RF00965;CATEGORIA0;;1;1;0;1;;PACK TROÇOS (15);PACK TROÇOS (15);0;;
6225;10255;RES9650;10255;RF09650;CATEGORIA0;;1;1;0;1;;PACK ABRAÇADEIRAS (12);PACK ABRAÇADEIRAS (12);0;;
6225;10255;RES966;10255;RF00966;CATEGORIA0;;1;1;0;1;;PACK TROÇOS (6);PACK TROÇOS (6);0;;
6225;10255;RES9667;10255;RF09667;CATEGORIA0;;1;1;0;1;;PACK MOLAS (6);PACK MOLAS (6);0;;
6225;10255;RES967;10255;RF00967;CATEGORIA0;;1;1;0;1;;PACK TROÇOS (6);PACK TROÇOS (6);0;;
6225;10255;RES9678;10255;RF09678;CATEGORIA0;;1;1;0;1;;PACK MOLAS (6);PACK MOLAS (6);0;;
6225;10255;RES968;10255;RF00968;CATEGORIA0;;1;1;0;1;;PACK TROÇOS (6);PACK TROÇOS (6);0;;
6225;10255;RES969;10255;RF00969;CATEGORIA0;;1;1;0;1;;PACK TROÇOS (6);PACK TROÇOS (6);0;;
6225;10255;RES97;10255;RF00097;CATEGORIA0;;1;1;0;1;;CAIXA FUSIVEIS (280);CAIXA FUSIVEIS (280);0;;
6225;10255;RES970;10255;RF00970;CATEGORIA0;;1;1;0;1;;PACK GOLPILHAS (6);PACK GOLPILHAS (6);0;;
6225;10255;RES9703;10255;RF09703;CATEGORIA0;;1;1;0;1;;PACK MOLAS (8);PACK MOLAS (8);0;;
6225;10255;RES971;10255;RF00971;CATEGORIA0;;1;1;0;1;;PACK ABRAÇADEIRAS (2);PACK ABRAÇADEIRAS (2);0;;
6225;10255;RES974;10255;RF00974;CATEGORIA0;;1;1;0;1;;PACK ABRAÇADEIRAS (2);PACK ABRAÇADEIRAS (2);0;;
6225;10255;RES9749;10255;RF09749;CATEGORIA0;;1;1;0;1;;PACK MOLAS (10);PACK MOLAS (10);0;;
6225;10255;RES975;10255;RF00975;CATEGORIA0;;1;1;0;1;;PACK ABRAÇADEIRAS (2);PACK ABRAÇADEIRAS (2);0;;
6225;10255;RES976;10255;RF00976;CATEGORIA0;;1;1;0;1;;PACK ABRAÇADEIRAS (2);PACK ABRAÇADEIRAS (2);0;;
6225;10255;RES9761;10255;RF09761;CATEGORIA0;;1;1;0;1;;PACK MOLAS (3);PACK MOLAS (3);0;;
6225;10255;RES978;10255;RF00978;CATEGORIA0;;1;1;0;1;;PACK ABRAÇADEIRAS (2);PACK ABRAÇADEIRAS (2);0;;
6225;10255;RES9783;10255;RF09783;CATEGORIA0;;1;1;0;1;;PACK MOLAS (10);PACK MOLAS (10);0;;
6225;10255;RES9789;10255;RF09789;CATEGORIA0;;1;1;0;1;;PACK MOLAS (30);PACK MOLAS (30);0;;
6225;10255;RES979;10255;RF00979;CATEGORIA0;;1;1;0;1;;PACK ABRAÇADEIRAS (2);PACK ABRAÇADEIRAS (2);0;;
6225;10255;RES98;10255;RF00098;CATEGORIA0;;1;1;0;1;;CAIXA UNIOES (79);CAIXA UNIOES (79);0;;
6225;10255;RES980;10255;RF00980;CATEGORIA0;;1;1;0;1;;PACK ABRAÇADEIRAS (2);PACK ABRAÇADEIRAS (2);0;;
6225;10255;RES981;10255;RF00981;CATEGORIA0;;1;1;0;1;;PACK MOLAS (20);PACK MOLAS (20);0;;
6225;10255;RES982;10255;RF00982;CATEGORIA0;;1;1;0;1;;PACK MOLAS (12);PACK MOLAS (12);0;;
6225;10255;RES9828;10255;RF09828;CATEGORIA0;;1;1;0;1;;PACK PORCAS (12);PACK PORCAS (12);0;;
6225;10255;RES9829;10255;RF09829;CATEGORIA0;;1;1;0;1;;PACK PORCAS (8);PACK PORCAS (8);0;;
6225;10255;RES983;10255;RF00983;CATEGORIA0;;1;1;0;1;;PACK MOLAS (30);PACK MOLAS (30);0;;
6225;10255;RES9832;10255;RF09832;CATEGORIA0;;1;1;0;1;;PACK MOLAS (20);PACK MOLAS (20);0;;
6225;10255;RES9833;10255;RF09833;CATEGORIA0;;1;1;0;1;;PACK MOLAS (40);PACK MOLAS (40);0;;
6225;10255;RES984;10255;RF00984;CATEGORIA0;;1;1;0;1;;PACK MOLAS (30);PACK MOLAS (30);0;;
6225;10255;RES9841;10255;RF09841;CATEGORIA0;;1;1;0;1;;PACK MOLAS (25);PACK MOLAS (25);0;;
6225;10255;RES9845;10255;RF09845;CATEGORIA0;;1;1;0;1;;PACK MOLAS (8);PACK MOLAS (8);0;;
6225;10255;RES9860;10255;RF09860;CATEGORIA0;;1;1;0;1;;PACK REBITES (10);PACK REBITES (10);0;;
6225;10255;RES9863;10255;RF09863;CATEGORIA0;;1;1;0;1;;PACK MOLAS (4);PACK MOLAS (4);0;;
6225;10255;RES9889;10255;RF09889;CATEGORIA0;;1;1;0;1;;PACK MOLAS (4);PACK MOLAS (4);0;;
6225;10255;RES9913;10255;RF09913;CATEGORIA0;;1;1;0;1;;PACK MOLAS (15);PACK MOLAS (15);0;;
6225;10255;RES9918;10255;RF09918;CATEGORIA0;;1;1;0;1;;PACK MOLAS (8);PACK MOLAS (8);0;;
6225;10255;RES9920;10255;RF09920;CATEGORIA0;;1;1;0;1;;PACK MOLAS (8);PACK MOLAS (8);0;;
6225;10255;RES9930;10255;RF09930;CATEGORIA0;;1;1;0;1;;PACK MOLAS (6);PACK MOLAS (6);0;;
6225;10255;RES9931;10255;RF09931;CATEGORIA0;;1;1;0;1;;PACK MOLAS (12);PACK MOLAS (12);0;;
6225;10255;RES9941;10255;RF09941;CATEGORIA0;;1;1;0;1;;PACK MOLAS (12);PACK MOLAS (12);0;;
6225;10255;RES9942;10255;RF09942;CATEGORIA0;;1;1;0;1;;PACK MOLAS (8);PACK MOLAS (8);0;;
6225;10255;RES9946;10255;RF09946;CATEGORIA0;;1;1;0;1;;PACK MOLAS (8);PACK MOLAS (8);0;;
6225;10255;RES9964;10255;RF09964;CATEGORIA0;;1;1;0;1;;PACK MOLAS (8);PACK MOLAS (8);0;;
6225;10255;RES9967;10255;RF09967;CATEGORIA0;;1;1;0;1;;PACK MOLAS (6);PACK MOLAS (6);0;;
6225;10255;RES997;10255;RF00997;CATEGORIA0;;1;1;0;1;;PACK PARAFUSOS (4);PACK PARAFUSOS (4);0;;
6225;10255;RES9973;10255;RF09973;CATEGORIA0;;1;1;0;1;;PACK REBITES (30);PACK REBITES (30);0;;
6225;10255;RES9978;10255;RF09978;CATEGORIA0;;1;1;0;1;;PACK MOLAS (4);PACK MOLAS (4);0;;
6225;10255;RES9979;10255;RF09979;CATEGORIA0;;1;1;0;1;;PACK MOLAS (12);PACK MOLAS (12);0;;
6225;10255;RES998;10255;RF00998;CATEGORIA0;;1;1;0;1;;PACK PARAFUSOS (4);PACK PARAFUSOS (4);0;;
6225;10255;RES9980;10255;RF09980;CATEGORIA0;;1;1;0;1;;PACK MOLAS (10);PACK MOLAS (10);0;;
6225;10255;RES9987;10255;RF09987;CATEGORIA0;;1;1;0;1;;PACK MOLAS (30);PACK MOLAS (30);0;;
6225;10255;RES999;10255;RF00999;CATEGORIA0;;1;1;0;1;;PACK PARAFUSOS (3);PACK PARAFUSOS (3);0;;
6225;10255;RES9992;10255;RF09992;CATEGORIA0;;1;1;0;1;;PACK MOLAS (12);PACK MOLAS (12);0;;
6225;10255;RES9993;10255;RF09993;CATEGORIA0;;1;1;0;1;;PACK MOLAS (12);PACK MOLAS (12);0;;
6225;10255;RES9994;10255;RF09994;CATEGORIA0;;1;1;0;1;;PACK MOLAS (10);PACK MOLAS (10);0;;
6225;10255;RES9995;10255;RF09995;CATEGORIA0;;1;1;0;1;;PACK MOLAS (6);PACK MOLAS (6);0;;
6225;10255;RES9996;10255;RF09996;CATEGORIA0;;1;1;0;1;;PACK MOLAS (4);PACK MOLAS (4);0;;
6225;10255;RES9997;10255;RF09997;CATEGORIA0;;1;1;0;1;;PACK MOLAS (4);PACK MOLAS (4);0;;
6225;10255;RF00242/1000;10255;RF00242/1000;CATEGORIA0;;1;1;0;1;;CAIXA MOLAS (1000);CAIXA MOLAS (1000);0;;
6225;10255;RF00270/1000;10255;RF00270/1000;CATEGORIA0;;1;1;0;1;;CAIXA MOLAS (1000);CAIXA MOLAS (1000);0;;
6225;10255;RF00421/1000;10255;RF00421/1000;CATEGORIA0;;1;1;0;1;;CAIXA MOLAS (1000);CAIXA MOLAS (1000);0;;
6225;10255;RF00590/1000;10255;RF00590/1000;CATEGORIA0;;1;1;0;1;;CAIXA ANILHAS (1000);CAIXA ANILHAS (1000);0;;
6225;10255;RF00591/1000;10255;RF00591/1000;CATEGORIA0;;1;1;0;1;;CAIXA ANILHAS (1000);CAIXA ANILHAS (1000);0;;
6225;10255;RF00780/1000;10255;RF00780/1000;CATEGORIA0;;1;1;0;1;;CAIXA PARAFUSOS (1000);CAIXA PARAFUSOS (1000);0;;
6225;10255;RF012330;10255;RF012330;CATEGORIA0;;1;1;0;1;;EXPOSITOR 1 MTO;EXPOSITOR 1 MTO;0;;
6441;2806;UPT8;2806;UPT8;CATEGORIA0;;1;1;0;1;;VELA IGNIÇÃO;VELA IGNIÇÃO;0;;
6441;2806;UX56;2806;UX56;CATEGORIA0;;1;1;0;1;;VELA IGNIÇÃO;VELA IGNIÇÃO;0;;
6441;2806;UXT10;2806;UXT10;CATEGORIA0;;1;1;0;1;;VELA IGNIÇÃO;VELA IGNIÇÃO;0;;
6441;2806;UXT11;2806;UXT11;CATEGORIA0;;1;1;0;1;;VELA IGNIÇÃO;VELA IGNIÇÃO;0;;
6441;2806;UXT12;2806;UXT12;CATEGORIA0;;1;1;0;1;;VELA IGNIÇÃO;VELA IGNIÇÃO;0;;
6441;2806;UXT14;2806;UXT14;CATEGORIA0;;1;1;0;1;;VELA IGNIÇÃO;VELA IGNIÇÃO;0;;
6441;2806;UXT15;2806;UXT15;CATEGORIA0;;1;1;0;1;;VELA IGNIÇÃO;VELA IGNIÇÃO;0;;
6441;2806;UXT2;2806;UXT2;CATEGORIA0;;1;1;0;1;;VELA IGNIÇÃO;VELA IGNIÇÃO;0;;
6441;2806;UXT3;2806;UXT3;CATEGORIA0;;1;1;0;1;;VELA IGNIÇÃO;VELA IGNIÇÃO;0;;
6441;2806;UXT4;2806;UXT4;CATEGORIA0;;1;1;0;1;;VELA IGNIÇÃO;VELA IGNIÇÃO;0;;
6441;2806;UXT6;2806;UXT6;CATEGORIA0;;1;1;0;1;;VELA IGNIÇÃO;VELA IGNIÇÃO;0;;
6441;2806;UXT7;2806;UXT7;CATEGORIA0;;1;1;0;1;;VELA IGNIÇÃO;VELA IGNIÇÃO;0;;
6441;2806;UXT8;2806;UXT8;CATEGORIA0;;1;1;0;1;;VELA IGNIÇÃO;VELA IGNIÇÃO;0;;
6441;2806;UXT9;2806;UXT9;CATEGORIA0;;1;1;0;1;;VELA IGNIÇÃO;VELA IGNIÇÃO;0;;
6441;2806;Z104;2806;Z104;CATEGORIA0;;1;1;0;1;;VELA IGNIÇÃO;VELA IGNIÇÃO;0;;
6441;2806;Z119;2806;Z119;CATEGORIA0;;1;1;0;1;;VELA IGNIÇÃO;VELA IGNIÇÃO;0;;
6441;2806;Z121;2806;Z121;CATEGORIA0;;1;1;0;1;;VELA IGNIÇÃO;VELA IGNIÇÃO;0;;
6441;2806;Z122;2806;Z122;CATEGORIA0;;1;1;0;1;;VELA IGNIÇÃO;VELA IGNIÇÃO;0;;
6441;2806;Z150;2806;Z150;CATEGORIA0;;1;1;0;1;;VELA IGNIÇÃO;VELA IGNIÇÃO;0;;
6441;2806;Z152;2806;Z152;CATEGORIA0;;1;1;0;1;;VELA IGNIÇÃO;VELA IGNIÇÃO;0;;
6441;2806;Z153;2806;Z153;CATEGORIA0;;1;1;0;1;;VELA IGNIÇÃO;VELA IGNIÇÃO;0;;
6441;2806;Z154;2806;Z154;CATEGORIA0;;1;1;0;1;;VELA IGNIÇÃO;VELA IGNIÇÃO;0;;
6441;2806;Z155;2806;Z155;CATEGORIA0;;1;1;0;1;;VELA IGNIÇÃO;VELA IGNIÇÃO;0;;
6441;2806;Z156;2806;Z156;CATEGORIA0;;1;1;0;1;;VELA IGNIÇÃO;VELA IGNIÇÃO;0;;
6441;2806;Z170;2806;Z170;CATEGORIA0;;1;1;0;1;;VELA IGNIÇÃO;VELA IGNIÇÃO;0;;
6441;2806;Z183;2806;Z183;CATEGORIA0;;1;1;0;1;;VELA IGNIÇÃO;VELA IGNIÇÃO;0;;
6441;2806;Z184;2806;Z184;CATEGORIA0;;1;1;0;1;;VELA IGNIÇÃO;VELA IGNIÇÃO;0;;
6441;2806;Z185;2806;Z185;CATEGORIA0;;1;1;0;1;;VELA IGNIÇÃO;VELA IGNIÇÃO;0;;
6441;2806;Z188;2806;Z188;CATEGORIA0;;1;1;0;1;;VELA IGNIÇÃO;VELA IGNIÇÃO;0;;
6441;2806;Z190;2806;Z190;CATEGORIA0;;1;1;0;1;;VELA IGNIÇÃO;VELA IGNIÇÃO;0;;
6441;2806;Z193;2806;Z193;CATEGORIA0;;1;1;0;1;;VELA IGNIÇÃO;VELA IGNIÇÃO;0;;
6441;2806;Z194;2806;Z194;CATEGORIA0;;1;1;0;1;;VELA IGNIÇÃO;VELA IGNIÇÃO;0;;
6441;2806;Z199;2806;Z199;CATEGORIA0;;1;1;0;1;;VELA IGNIÇÃO;VELA IGNIÇÃO;0;;
6441;2806;Z208;2806;Z208;CATEGORIA0;;1;1;0;1;;VELA IGNIÇÃO;VELA IGNIÇÃO;0;;
6441;2806;Z210;2806;Z210;CATEGORIA0;;1;1;0;1;;VELA IGNIÇÃO;VELA IGNIÇÃO;0;;
6441;2806;Z223;2806;Z223;CATEGORIA0;;1;1;0;1;;VELA IGNIÇÃO;VELA IGNIÇÃO;0;;
6441;2806;Z226;2806;Z226;CATEGORIA0;;1;1;0;1;;VELA IGNIÇÃO;VELA IGNIÇÃO;0;;
6441;2806;Z227;2806;Z227;CATEGORIA0;;1;1;0;1;;VELA IGNIÇÃO;VELA IGNIÇÃO;0;;
6441;2806;Z228;2806;Z228;CATEGORIA0;;1;1;0;1;;VELA IGNIÇÃO;VELA IGNIÇÃO;0;;
6441;2806;Z235;2806;Z235;CATEGORIA0;;1;1;0;1;;VELA IGNIÇÃO PLATINA;VELA IGNIÇÃO PLATINA;0;;
6441;2806;Z238;2806;Z238;CATEGORIA0;;1;1;0;1;;VELA IGNIÇÃO;VELA IGNIÇÃO;0;;
6441;2806;Z246;2806;Z246;CATEGORIA0;;1;1;0;1;;VELA IGNIÇÃO;VELA IGNIÇÃO;0;;
6441;2806;Z247;2806;Z247;CATEGORIA0;;1;1;0;1;;VELA IGNIÇÃO;VELA IGNIÇÃO;0;;
6441;2806;Z248;2806;Z248;CATEGORIA0;;1;1;0;1;;VELA IGNIÇÃO;VELA IGNIÇÃO;0;;
6441;2806;Z255;2806;Z255;CATEGORIA0;;1;1;0;1;;VELA IGNIÇÃO;VELA IGNIÇÃO;0;;
6441;2806;Z273;2806;Z273;CATEGORIA0;;1;1;0;1;;VELA IGNIÇÃO BERU;VELA IGNIÇÃO BERU;0;;
6441;2806;Z279;2806;Z279;CATEGORIA0;;1;1;0;1;;VELA IGNIÇÃO;VELA IGNIÇÃO;0;;
6441;2806;Z280;2806;Z280;CATEGORIA0;;1;1;0;1;;VELA IGNIÇÃO;VELA IGNIÇÃO;0;;
6441;2806;Z282;2806;Z282;CATEGORIA0;;1;1;0;1;;VELA IGNIÇÃO;VELA IGNIÇÃO;0;;
6441;2806;Z286;2806;Z286;CATEGORIA0;;1;1;0;1;;VELA IGNIÇÃO;VELA IGNIÇÃO;0;;
6441;2806;Z292;2806;Z292;CATEGORIA0;;1;1;0;1;;VELA IGNIÇÃO;VELA IGNIÇÃO;0;;
6441;2806;Z293;2806;Z293;CATEGORIA0;;1;1;0;1;;VELA IGNIÇÃO;VELA IGNIÇÃO;0;;
6441;2806;Z300;2806;Z300;CATEGORIA0;;1;1;0;1;;VELA IGNIÇÃO;VELA IGNIÇÃO;0;;
6441;2806;Z358;2806;Z358;CATEGORIA0;;1;1;0;1;;VELA IGNIÇÃO;VELA IGNIÇÃO;0;;
6441;2806;Z376;2806;Z376;CATEGORIA0;;1;1;0;1;;VELA IGNIÇÃO;VELA IGNIÇÃO;0;;
6441;2806;Z379;2806;Z379;CATEGORIA0;;1;1;0;1;;VELA IGNICAO BERU;VELA IGNICAO BERU;0;;
66;10281;DG-006;10281;66.DG-006;CATEGORIA0;;1;1;0;1;;VELA INCANDESCENCIA;VELA INCANDESCENCIA;0;;
66;10281;DG-008;10281;66.DG-008;CATEGORIA0;;1;1;0;1;;VELA INCANDESCENCIA;VELA INCANDESCENCIA;0;;
66;10281;DG-010;10281;66.DG-010;CATEGORIA0;;1;1;0;1;;VELA INCANDESCENCIA;VELA INCANDESCENCIA;0;;
66;10281;DG-106;10281;66.DG-106;CATEGORIA0;;1;1;0;1;;VELA INCANDESCENCIA;VELA INCANDESCENCIA;0;;
66;10281;DG-109;10281;66.DG-109;CATEGORIA0;;1;1;0;1;;VELA INCANDESCENCIA;VELA INCANDESCENCIA;0;;
66;10281;DG-112;10281;66.DG-112;CATEGORIA0;;1;1;0;1;;VELA INCANDESCENCIA;VELA INCANDESCENCIA;0;;
66;10281;DG-113;10281;66.DG-113;CATEGORIA0;;1;1;0;1;;VELA INCANDESCENCIA;VELA INCANDESCENCIA;0;;
66;10281;DG-117;10281;66.DG-117;CATEGORIA0;;1;1;0;1;;VELA INCANDESCENCIA;VELA INCANDESCENCIA;0;;
66;10281;DG-121;10281;66.DG-121;CATEGORIA0;;1;1;0;1;;VELA INCANDESCENCIA;VELA INCANDESCENCIA;0;;
66;10281;DG-122;10281;66.DG-122;CATEGORIA0;;1;1;0;1;;VELA INCANDESCENCIA;VELA INCANDESCENCIA;0;;
66;10281;DG-130;10281;66.DG-130;CATEGORIA0;;1;1;0;1;;VELA INCANDESCENCIA;VELA INCANDESCENCIA;0;;
66;10281;DG-137;10281;66.DG-137;CATEGORIA0;;1;1;0;1;;VELA INCANDESCENCIA;VELA INCANDESCENCIA;0;;
66;10281;DG-146;10281;66.DG-146;CATEGORIA0;;1;1;0;1;;VELA INCANDESCENCIA;VELA INCANDESCENCIA;0;;
66;10281;DG-194;10281;66.DG-194;CATEGORIA0;;1;1;0;1;;VELA INCANDESCENCIA;VELA INCANDESCENCIA;0;;
67;1450;02825CB-02B;1450;02825CB-02B;CATEGORIA0;;1;1;0;1;;KIT LÂMPADAS W5W COOLBLUE;KIT LÂMPADAS W5W COOLBLUE;0;;
67;1450;064196;1450;064196;CATEGORIA0;;1;1;0;1;;LÂMPADA 24V H4;LÂMPADA 24V H4;0;;
67;1450;12024CP;1450;12024;CATEGORIA0;;1;1;0;1;;LÂMPADA 12V 10W;LÂMPADA 12V 10W;0;;
67;1450;12059C1;1450;12059;CATEGORIA0;;1;1;0;1;;LÂMPADA H27/1 12V 27W;LÂMPADA H27/1 12V 27W;0;;
67;1450;12060C1;1450;12060;CATEGORIA0;;1;1;0;1;;LÂMPADA H27W/2 12V (PG13);LÂMPADA H27W/2 12V (PG13);0;;
67;1450;12061CP;1450;12061;CATEGORIA0;;1;1;0;1;;LÂMPADA 12V 2,3W;LÂMPADA 12V 2,3W;0;;
67;1450;12065CP+;1450;12065;CATEGORIA0;;1;1;0;1;;LÂMPADA 12V W21W;LÂMPADA 12V W21W;0;;
67;1450;12066CP+;1450;12066;CATEGORIA0;;1;1;0;1;;LÂMPADA W21/5W;LÂMPADA W21/5W;0;;
67;1450;12071CP;1450;12071;CATEGORIA0;;1;1;0;1;;LÂMPADA 12V W21W AMARELA;LÂMPADA 12V W21W AMARELA;0;;
67;1450;12085C1;1450;12085;CATEGORIA0;;1;1;0;1;;LÂMPADA PS19W;LÂMPADA PS19W;0;;
67;1450;12256CP+;1450;12256;CATEGORIA0;;1;1;0;1;;LÂMPADA 12V W3W;LÂMPADA 12V W3W;0;;
67;1450;12276C1;1450;12276;CATEGORIA0;;1;1;0;1;;LÂMPADA 12V 24W (PG20/7) PSX24W;LÂMPADA 12V 24W (PG20/7) PSX24W;0;;
67;1450;12277C1;1450;12277C1;CATEGORIA0;;1;1;0;1;;LÂMPADA P13W;LÂMPADA P13W;0;;
67;1450;12336PRB1;1450;12336;CATEGORIA0;;1;1;0;1;;LÂMPADA 12V H3;LÂMPADA 12V H3;0;;
67;1450;12342VPB1;1450;12342VPB1;CATEGORIA0;;1;1;0;1;;KIT LÂMPADAS H4 12V 60/55W;KIT LÂMPADAS H4 12V 60/55W;0;;
67;1450;12342XV+S2;1450;12342XVS2;CATEGORIA0;;1;1;0;1;;KIT 2 LÂMPADAS H4  XTREME VISION;KIT 2 LÂMPADAS H4  XTREME VISION;0;;
67;1450;12356CP;1450;12356;CATEGORIA0;;1;1;0;1;;LÂMPADA 12V H21W;LÂMPADA 12V H21W;0;;
67;1450;12366C1;1450;12366C1;CATEGORIA0;;1;1;0;1;;LÂMPADA H16;LÂMPADA H16;0;;
67;1450;12401CP;1450;12401;CATEGORIA0;;1;1;0;1;;LÂMPADA;LÂMPADA;0;;
67;1450;12454RA C1;1450;12454RAC1;CATEGORIA0;;1;1;0;1;;LÂMPADA 12V H1 100W;LÂMPADA 12V H1 100W;0;;
67;1450;12495;1450;12495;CATEGORIA0;;1;1;0;1;;LÂMPADA 12V 21/5W VERMELHA;LÂMPADA 12V 21/5W VERMELHA;0;;
67;1450;12498VPB2;1450;12498VPB2;CATEGORIA0;;1;1;0;1;;LÂMPADA 12V 21W;LÂMPADA 12V 21W;0;;
67;1450;12499VPB2;1450;12499VPB2;CATEGORIA0;;1;1;0;1;;LÂMPADA 12V 21/5W;LÂMPADA 12V 21/5W;0;;
67;1450;12568;1450;12568;CATEGORIA0;;1;1;0;1;;LÂMPADA 12V H4 100/80W PRATO;LÂMPADA 12V H4 100/80W PRATO;0;;
67;1450;12569;1450;12569;CATEGORIA0;;1;1;0;1;;LÂMPADA 12V H4 100/80W;LÂMPADA 12V H4 100/80W;0;;
67;1450;1259+;1450;12596;CATEGORIA0;;1;1;0;1;;LÂMPADA H4 PRATO 60/55W;LÂMPADA H4 PRATO 60/55W;0;;
67;1450;12594CP;1450;12594;CATEGORIA0;;1;1;0;1;;LÂMPADA 12V P21/4W;LÂMPADA 12V P21/4W;0;;
67;1450;12597CP;1450;12597;CATEGORIA0;;1;1;0;1;;LÂMPADA 12V 1.2W CASQ. PRETO;LÂMPADA 12V 1.2W CASQ. PRETO;0;;
67;1450;12598CP;1450;12598;CATEGORIA0;;1;1;0;1;;LÂMPADA 12V 1.2W CASQ. PRETO;LÂMPADA 12V 1.2W CASQ. PRETO;0;;
67;1450;12620B1;1450;12620;CATEGORIA0;;1;1;0;1;;LÂMPADA R2;LÂMPADA R2;0;;
67;1450;12624CP;1450;12624;CATEGORIA0;;1;1;0;1;;LÂMPADA 12V 1,1W;LÂMPADA 12V 1,1W;0;;
67;1450;12627CP;1450;12627;CATEGORIA0;;1;1;0;1;;LÂMPADA 12V CREME 1,5W;LÂMPADA 12V CREME 1,5W;0;;
67;1450;12814CP;1450;12814;CATEGORIA0;;1;1;0;1;;LÂMPADA 12V R10W;LÂMPADA 12V R10W;0;;
67;1450;12818CP;1450;12818;CATEGORIA0;;1;1;0;1;;LÂMPADA;LÂMPADA;0;;
67;1450;12822;1450;12822;CATEGORIA0;;1;1;0;1;;LÂMPADA 5W;LÂMPADA 5W;0;;
67;1450;12850CP;1450;12850;CATEGORIA0;;1;1;0;1;;LÂMPADA 15W T15X43;LÂMPADA 15W T15X43;0;;
67;1450;12854CP;1450;12854;CATEGORIA0;;1;1;0;1;;LÂMPADA 12V T10W;LÂMPADA 12V T10W;0;;
67;1450;12860LLECOCP;1450;12860;CATEGORIA0;;1;1;0;1;;LÂMPADA 12V 10W;LÂMPADA 12V 10W;0;;
67;1450;12865;1450;12865;CATEGORIA0;;1;1;0;1;;LÂMPADA 12V 10W JAPONESA;LÂMPADA 12V 10W JAPONESA;0;;
67;1450;12929CP;1450;12929;CATEGORIA0;;1;1;0;1;;LÂMPADA 12V T4W;LÂMPADA 12V T4W;0;;
67;1450;12960CP;1450;12960;CATEGORIA0;;1;1;0;1;;LÂMPADA 12V 2W;LÂMPADA 12V 2W;0;;
67;1450;12972VPC2;1450;12972VPC2;CATEGORIA0;;1;1;0;1;;KIT LÂMPADAS H7 12V 55W;KIT LÂMPADAS H7 12V 55W;0;;
67;1450;12972WHVSM;1450;12972WHVSM;CATEGORIA0;;1;1;0;1;;KIT 2 LÂMPADAS H7 + 2 W5W AZUL;KIT 2 LÂMPADAS H7 + 2 W5W AZUL;0;;
67;1450;12972XV+S2;1450;12972XVS2;CATEGORIA0;;1;1;0;1;;KIT 2 LÂMPADAS H7  XTREME VISION;KIT 2 LÂMPADAS H7  XTREME VISION;0;;
67;1450;12972XVPS2;1450;12972XVPS2;CATEGORIA0;;1;1;0;1;;H7 X-TREME VISION PRO150;H7 X-TREME VISION PRO150;0;;
67;1450;13496MLCP;1450;13496;CATEGORIA0;;1;1;0;1;;LÂMPADA 24V 21W AMARELA;LÂMPADA 24V 21W AMARELA;0;;
67;1450;13498CP;1450;13498;CATEGORIA0;;1;1;0;1;;LÂMPADA 24V 21W;LÂMPADA 24V 21W;0;;
67;1450;13499CP;1450;13499;CATEGORIA0;;1;1;0;1;;LÂMPADA 24V 21/5 W;LÂMPADA 24V 21/5 W;0;;
67;1450;13521;1450;13521;CATEGORIA0;;1;1;0;1;;LÂMPADA 24V 1,2 W;LÂMPADA 24V 1,2 W;0;;
67;1450;13597;1450;13597;CATEGORIA0;;1;1;0;1;;LÂMPADA 24V  1,2W;LÂMPADA 24V  1,2W;0;;
67;1450;13814;1450;13814;CATEGORIA0;;1;1;0;1;;LÂMPADA 24V R10W;LÂMPADA 24V R10W;0;;
67;1450;13821CP;1450;13821;CATEGORIA0;;1;1;0;1;;LÂMPADA 24V R5W;LÂMPADA 24V R5W;0;;
67;1450;13844CP;1450;13844;CATEGORIA0;;1;1;0;1;;LÂMPADA 24V C5W;LÂMPADA 24V C5W;0;;
67;1450;13866;1450;13866;CATEGORIA0;;1;1;0;1;;LÂMPADA;LÂMPADA;0;;
67;1450;13929CP;1450;13929;CATEGORIA0;;1;1;0;1;;LÂMPADA 24V 4W;LÂMPADA 24V 4W;0;;
67;1450;13961;1450;13961;CATEGORIA0;;1;1;0;1;;LÂMPADA 24V W5W;LÂMPADA 24V W5W;0;;
67;1450;13972MDC1;1450;13972;CATEGORIA0;;1;1;0;1;;LÂMPADA 24V H7;LÂMPADA 24V H7;0;;
67;1450;171974;1450;LE171974;CATEGORIA0;;1;1;0;1;;LÂMPADA S2 12V 45/40W;LÂMPADA S2 12V 45/40W;0;;
67;1450;2351 MFX6;1450;02351;CATEGORIA0;;1;1;0;1;;LÂMPADA 12 V 1,2 W;LÂMPADA 12 V 1,2 W;0;;
67;1450;2351 MFX6+;1450;2351MFX6;CATEGORIA0;;1;1;0;1;;LÂMPADA 12VX1,2W  BX8,4D;LÂMPADA 12VX1,2W  BX8,4D;0;;
67;1528;2351MFX6;1528;67.2351MFX6;CATEGORIA0;;1;1;0;1;;LÂMPADA OSRAM  12V 1,2W;LÂMPADA OSRAM  12V 1,2W;0;;
67;1450;2352 MFX6;1450;02352;CATEGORIA0;;1;1;0;1;;LÂMPADA 12V 2W MFX6;LÂMPADA 12V 2W MFX6;0;;
67;1528;2352MFX6;1528;67.2352MFX6;CATEGORIA0;;1;1;0;1;;LÂMPADA 12V 2W MFX6;LÂMPADA 12V 2W MFX6;0;;
67;1450;2431MFX6;1450;2431MFX6;CATEGORIA0;;1;1;0;1;;LÂMPADA 12V 1,3W;LÂMPADA 12V 1,3W;0;;
67;1450;2452MFX6;1450;2452MFX6;CATEGORIA0;;1;1;0;1;;LÂMPADA 12V 1.5W MFX6;LÂMPADA 12V 1.5W MFX6;0;;
67;1450;2504;1450;O2504;CATEGORIA0;;1;1;0;1;;LÂMPADA 12V 24W;LÂMPADA 12V 24W;0;;
67;1528;2721;1528;67.2721;CATEGORIA0;;1;1;0;1;;LÂMPADA OSRAM  12V 1,2W;LÂMPADA OSRAM  12V 1,2W;0;;
67;1450;2721+;1450;02721;CATEGORIA0;;1;1;0;1;;LÂMPADA 12V 1.2W;LÂMPADA 12V 1.2W;0;;
67;1528;2721MF;1528;67.2721MF;CATEGORIA0;;1;1;0;1;;LÂMPADA OSRAM  12V 1,2W;LÂMPADA OSRAM  12V 1,2W;0;;
67;1450;2721MF+;1450;2721MF;CATEGORIA0;;1;1;0;1;;LÂMPADA;LÂMPADA;0;;
67;1450;2721MFX;1450;2721MFX;CATEGORIA0;;1;1;0;1;;LÂMPADA 12V 1.2W BX8.5D;LÂMPADA 12V 1.2W BX8.5D;0;;
67;1528;2722;1528;67.2722;CATEGORIA0;;1;1;0;1;;LÂMPADA OSRAM  12V 2W;LÂMPADA OSRAM  12V 2W;0;;
67;1528;2722MF;1528;67.2722MF;CATEGORIA0;;1;1;0;1;;LÂMPADA OSRAM  12V 2W;LÂMPADA OSRAM  12V 2W;0;;
67;1528;2723;1528;O2723;CATEGORIA0;;1;1;0;1;;LÂMPADA OSRAM 12V 2,3W;LÂMPADA OSRAM 12V 2,3W;0;;
67;1450;2741MF;1450;2741MF;CATEGORIA0;;1;1;0;1;;LÂMPADA 24V 1.2 W;LÂMPADA 24V 1.2 W;0;;
67;1450;2752MF;1450;2752MF;CATEGORIA0;;1;1;0;1;;LÂMPADA CASQUILHO DE PLÁSTICO 12V 1,5W B8 5D (BEJE);LÂMPADA CASQUILHO DE PLÁSTICO 12V 1,5W B8 5D (BEJE);0;;
67;1450;2820;1450;02820;CATEGORIA0;;1;1;0;1;;LÂMPADA 12V 2W (W2,1X9,5D);LÂMPADA 12V 2W (W2,1X9,5D);0;;
67;1450;2821;1450;02821;CATEGORIA0;;1;1;0;1;;LÂMPADA 12V 3W;LÂMPADA 12V 3W;0;;
67;1528;2825;1528;67.2825;CATEGORIA0;;1;1;0;1;;LÂMPADA OSRAM  12V 5W;LÂMPADA OSRAM  12V 5W;0;;
67;1450;2825HCBI;1450;2825HCBI;CATEGORIA0;;1;1;0;1;;LÂMPADA 12V W5W HALOG. COOL BLUE INTENSE;LÂMPADA 12V W5W HALOG. COOL BLUE INTENSE;0;;
67;1450;2825ULT;1450;2825ULT;CATEGORIA0;;1;1;0;1;;LÂMPADA 12V (5W W2,1X9,5D) ULT;LÂMPADA 12V (5W W2,1X9,5D) ULT;0;;
67;1450;2827;1450;02827;CATEGORIA0;;1;1;0;1;;LÂMPADA 12V 5W;LÂMPADA 12V 5W;0;;
67;1528;2827NA;1528;67.2827NA;CATEGORIA0;;1;1;0;1;;LAMPADA;LAMPADA;0;;
67;1450;2840;1450;2840;CATEGORIA0;;1;1;0;1;;LÂMPADA 24V 2W;LÂMPADA 24V 2W;0;;
67;1528;2841;1528;67.2841;CATEGORIA0;;1;1;0;1;;LÂMPADA OSRAM  24V 3W;LÂMPADA OSRAM  24V 3W;0;;
67;1450;2845;1450;02845;CATEGORIA0;;1;1;0;1;;LÂMPADA 24V W5W;LÂMPADA 24V W5W;0;;
67;1450;2850WW-02B;1450;2850WW-02B;CATEGORIA0;;1;1;0;1;;JG LÂMPADAS LEDRIVING 12V 1W;JG LÂMPADAS LEDRIVING 12V 1W;0;;
67;1450;2886X;1450;2886X;CATEGORIA0;;1;1;0;1;;LÂMPADA 12V 6W  W2,1X95D;LÂMPADA 12V 6W  W2,1X95D;0;;
67;1450;3156;1450;03156;CATEGORIA0;;1;1;0;1;;LÂMPADA;LÂMPADA;0;;
67;1450;3157;1450;03157;CATEGORIA0;;1;1;0;1;;LÂMPADA 27/7W;LÂMPADA 27/7W;0;;
67;1450;3757AK;1450;3757AK;CATEGORIA0;;1;1;0;1;;LÂMPADA 12V 27/7W LARANJA;LÂMPADA 12V 27/7W LARANJA;0;;
67;1528;3893;1528;67.3893;CATEGORIA0;;1;1;0;1;;LÂMPADA OSRAM  12V 4W;LÂMPADA OSRAM  12V 4W;0;;
67;1450;3893+;1450;O3893;CATEGORIA0;;1;1;0;1;;LÂMPADA 12V 4W;LÂMPADA 12V 4W;0;;
67;1450;3930;1450;03930;CATEGORIA0;;1;1;0;1;;LÂMPADA 24V 4W;LÂMPADA 24V 4W;0;;
67;1528;5007;1528;67.5007;CATEGORIA0;;1;1;0;1;;LÂMPADA OSRAM  12V 5W;LÂMPADA OSRAM  12V 5W;0;;
67;1450;5008;1450;05008;CATEGORIA0;;1;1;0;1;;LÂMPADA 12V 10W;LÂMPADA 12V 10W;0;;
67;1450;5009;1450;5009;CATEGORIA0;;1;1;0;1;;LÂMPADA 12V 10W AMARELA (RY10W);LÂMPADA 12V 10W AMARELA (RY10W);0;;
67;1450;510406;1450;510406;CATEGORIA0;;1;1;0;1;;PACK LÂMPADAS H4(10) + H7(20);PACK LÂMPADAS H4(10) + H7(20);0;;
67;1450;510566;1450;510566;CATEGORIA0;;1;1;0;1;;PACK LÂMPADAS H4(10) + H7(20);PACK LÂMPADAS H4(10) + H7(20);0;;
67;1450;5201;1450;67.5201;CATEGORIA0;;1;1;0;1;;LÂMPADA PS19W;LÂMPADA PS19W;0;;
67;1528;5626;1528;67.5626;CATEGORIA0;;1;1;0;1;;LAMPADA  24V 5W;LAMPADA  24V 5W;0;;
67;1528;5627;1528;67.5627;CATEGORIA0;;1;1;0;1;;LÂMPADA OSRAM 24V R5W;LÂMPADA OSRAM 24V R5W;0;;
67;1450;5637;1450;05637;CATEGORIA0;;1;1;0;1;;LÂMPADA 24V R10W;LÂMPADA 24V R10W;0;;
67;1450;62204SBP;1450;62204SBP;CATEGORIA0;;1;1;0;1;;LÂMPADA H4 12V 100/90W;LÂMPADA H4 12V 100/90W;0;;
67;1450;62261SBP;1450;62261SBP;CATEGORIA0;;1;1;0;1;;LÂMPADA H7 12V 80W;LÂMPADA H7 12V 80W;0;;
67;1528;6411;1528;67.6411;CATEGORIA0;;1;1;0;1;;LÂMPADA OSRAM  12V 10W;LÂMPADA OSRAM  12V 10W;0;;
67;1450;64111;1450;64111;CATEGORIA0;;1;1;0;1;;LÂMPADA 12V 5W BA9S;LÂMPADA 12V 5W BA9S;0;;
67;1450;64113;1450;O64113;CATEGORIA0;;1;1;0;1;;LÂMPADA 12V 10W BA9S;LÂMPADA 12V 10W BA9S;0;;
67;1450;64115;1450;O64115;CATEGORIA0;;1;1;0;1;;LÂMPADA 12V 20W BA9S;LÂMPADA 12V 20W BA9S;0;;
67;1528;6413;1528;67.6413;CATEGORIA0;;1;1;0;1;;LÂMPADA OSRAM  12V 5W;LÂMPADA OSRAM  12V 5W;0;;
67;1450;6413+;1450;06413;CATEGORIA0;;1;1;0;1;;LÂMPADA TUBULAR 12V;LÂMPADA TUBULAR 12V;0;;
67;1528;64132;1528;67.64132;CATEGORIA0;;1;1;0;1;;LÂMPADA OSRAM H6W 12V 6W;LÂMPADA OSRAM H6W 12V 6W;0;;
67;1450;64132+;1450;064132;CATEGORIA0;;1;1;0;1;;LÂMPADA 12V H6W;LÂMPADA 12V H6W;0;;
67;1528;64136;1528;67.64136;CATEGORIA0;;1;1;0;1;;LÂMPADA OSRAM H21W 12V 21W;LÂMPADA OSRAM H21W 12V 21W;0;;
67;1450;64137ULT;1450;64137ULT;CATEGORIA0;;1;1;0;1;;LAMP INT AUX PISC PRES E STOP - HY21W 12V;LAMP INT AUX PISC PRES E STOP - HY21W 12V;0;;
67;1450;64138;1450;67.64138;CATEGORIA0;;1;1;0;1;;LÂMPADA 24V 21W BAY9S;LÂMPADA 24V 21W BAY9S;0;;
67;1528;64150;1528;67.64150;CATEGORIA0;;1;1;0;1;;LÂMPADA OSRAM  12V 55W;LÂMPADA OSRAM  12V 55W;0;;
67;1450;64150+;1450;O64150;CATEGORIA0;;1;1;0;1;;LÂMPADA 12V H1;LÂMPADA 12V H1;0;;
67;1450;64150CBI;1450;64150CBI;CATEGORIA0;;1;1;0;1;;LÂMPADAS H1 COOL BLUE;LÂMPADAS H1 COOL BLUE;0;;
67;1450;64150CBN;1450;64150CBN;CATEGORIA0;;1;1;0;1;;LÂMPADA H1 12V 55W COOL BLUE INTENSE;LÂMPADA H1 12V 55W COOL BLUE INTENSE;0;;
67;1450;64150CBN-HCB;1450;64150CBN-HCB;CATEGORIA0;;1;1;0;1;;KIT. LÂMPADAS H1 COOL BLUE;KIT. LÂMPADAS H1 COOL BLUE;0;;
67;1450;64150NL;1450;64150NL;CATEGORIA0;;1;1;0;1;;LÂMPADAS H1;LÂMPADAS H1;0;;
67;1528;64151;1528;67.64151;CATEGORIA0;;1;1;0;1;;LÂMPADA OSRAM H3 12V 55W;LÂMPADA OSRAM H3 12V 55W;0;;
67;1450;64151+;1450;64151;CATEGORIA0;;1;1;0;1;;LÂMPADA 12V H3;LÂMPADA 12V H3;0;;
67;1450;64151CBI;1450;64151CBI;CATEGORIA0;;1;1;0;1;;LÂMPADA H3 12V COOL BLUE;LÂMPADA H3 12V COOL BLUE;0;;
67;1450;64151NL;1450;64151NL;CATEGORIA0;;1;1;0;1;;LÂMPADA H3 NIGHT BREAKER LASER +150%;LÂMPADA H3 NIGHT BREAKER LASER +150%;0;;
67;1450;64155;1450;O64155;CATEGORIA0;;1;1;0;1;;LÂMPADA 24V H1;LÂMPADA 24V H1;0;;
67;1450;64156;1450;64156;CATEGORIA0;;1;1;0;1;;LÂMPADA H3 24V 70W;LÂMPADA H3 24V 70W;0;;
67;1528;64173;1528;67.64173;CATEGORIA0;;1;1;0;1;;LÂMPADA OSRAM H2 12V 55W;LÂMPADA OSRAM H2 12V 55W;0;;
67;1528;64176;1528;67.64176;CATEGORIA0;;1;1;0;1;;LÂMPADA H15 12V 55/15W;LÂMPADA H15 12V 55/15W;0;;
67;1450;64176CBI;1450;64176CBI;CATEGORIA0;;1;1;0;1;;LÂMPADA H15 12V 55/15W;LÂMPADA H15 12V 55/15W;0;;
67;1450;64176CBN;1450;64176CBN;CATEGORIA0;;1;1;0;1;;LÂMPADA OSRAM H15 CBN;LÂMPADA OSRAM H15 CBN;0;;
67;1528;6418;1528;67.6418;CATEGORIA0;;1;1;0;1;;LÂMPADA OSRAM  12V 5W;LÂMPADA OSRAM  12V 5W;0;;
67;1450;6418+;1450;06418;CATEGORIA0;;1;1;0;1;;LÂMPADA 12V C5W;LÂMPADA 12V C5W;0;;
67;1528;64183;1528;67.64183;CATEGORIA0;;1;1;0;1;;LÂMPADA OSRAM R2 12V 45/40W;LÂMPADA OSRAM R2 12V 45/40W;0;;
67;1450;64183+;1450;64183;CATEGORIA0;;1;1;0;1;;LÂMPADA 12V R2 45/40W;LÂMPADA 12V R2 45/40W;0;;
67;1450;64185;1450;64185;CATEGORIA0;;1;1;0;1;;LÂMPADA HS1 12V 35/35W;LÂMPADA HS1 12V 35/35W;0;;
67;1450;64193CBN;1450;64193CBN;CATEGORIA0;;1;1;0;1;;LÂMPADAS H4 C.BLUE;LÂMPADAS H4 C.BLUE;0;;
67;1528;64193CLC;1528;67.64193CLC;CATEGORIA0;;1;1;0;1;;LÂMPADA OSRAM  12V 60/55W;LÂMPADA OSRAM  12V 60/55W;0;;
67;1450;64193CLC+;1450;64193CLC;CATEGORIA0;;1;1;0;1;;LÂMPADA H4 12V 60/55W;LÂMPADA H4 12V 60/55W;0;;
67;1450;64193NB200;1450;67.64193NB200;CATEGORIA0;;1;1;0;1;;LÂMPADA H4 NIGHT BREAKER 200;LÂMPADA H4 NIGHT BREAKER 200;0;;
67;1450;64193NBL;1450;64193NBL;CATEGORIA0;;1;1;0;1;;LÂMPADA H4 NIGHT BREAKER LASER;LÂMPADA H4 NIGHT BREAKER LASER;0;;
67;1450;64193NBL-HCB;1450;64193NBL-HCB;CATEGORIA0;;1;1;0;1;;KIT LÂMPADAS H4 NIGHT BREAKER LASER;KIT LÂMPADAS H4 NIGHT BREAKER LASER;0;;
67;1450;64193NBU-HCB;1450;64193NBU-HCB;CATEGORIA0;;1;1;0;1;;LÂMPADA H4 NIGHT BREAKER UNLIMITED;LÂMPADA H4 NIGHT BREAKER UNLIMITED;0;;
67;1450;64193NL-HCB;1450;64193NL-HCB;CATEGORIA0;;1;1;0;1;;LÂMPADA H4 NIGHT BREAKER LASER;LÂMPADA H4 NIGHT BREAKER LASER;0;;
67;1450;64194;1450;O64194;CATEGORIA0;;1;1;0;1;;LÂMPADA 12V H4 100/80W;LÂMPADA 12V H4 100/80W;0;;
67;1450;64196;1450;O64196;CATEGORIA0;;1;1;0;1;;LÂMPADA 24V H4;LÂMPADA 24V H4;0;;
67;1450;64198;1450;064198;CATEGORIA0;;1;1;0;1;;LÂMPADA H4 12V;LÂMPADA H4 12V;0;;
67;1450;64199;1450;064199;CATEGORIA0;;1;1;0;1;;LÂMPADA 24V H4;LÂMPADA 24V H4;0;;
67;1450;64210+;1450;64210;CATEGORIA0;;1;1;0;1;;LÂMPADA 12V H7;LÂMPADA 12V H7;0;;
67;1450;64210CBI;1450;64210CBI;CATEGORIA0;;1;1;0;1;;LÂMPADAS H7 COOL BLUE;LÂMPADAS H7 COOL BLUE;0;;
67;1450;64210CBI DUO-PACK;1450;64210CBI-2;CATEGORIA0;;1;1;0;1;;KIT LÂMPADAS H7 COOL BLUE;KIT LÂMPADAS H7 COOL BLUE;0;;
67;1450;64210CBN;1450;64210CBN;CATEGORIA0;;1;1;0;1;;LÂMPADA OSRAM H7 COOL BLUE NEXT GEN;LÂMPADA OSRAM H7 COOL BLUE NEXT GEN;0;;
67;1528;64210CLC;1528;67.64210CLC;CATEGORIA0;;1;1;0;1;;LÂMPADA OSRAM  12V 55W;LÂMPADA OSRAM  12V 55W;0;;
67;1528;64210DA05;1528;67.64210DA05;CATEGORIA0;;1;1;0;1;;CASQUILHO DE LÂMPADA;CASQUILHO DE LÂMPADA;0;;
67;1450;64210NBL;1450;64210NBL;CATEGORIA0;;1;1;0;1;;LÂMPADA H7 NIGHT BREAKER LASER;LÂMPADA H7 NIGHT BREAKER LASER;0;;
67;1450;64210NBS;1450;64210NBS;CATEGORIA0;;1;1;0;1;;LÂMPADA H7 NIGHT BREAKER SILVER;LÂMPADA H7 NIGHT BREAKER SILVER;0;;
67;1450;64210NBU-HCB;1450;O64210NBU;CATEGORIA0;;1;1;0;1;;KIT LÂMPADAS H7 UNLIMITED;KIT LÂMPADAS H7 UNLIMITED;0;;
67;1450;64210NL;1450;64210NL;CATEGORIA0;;1;1;0;1;;LÂMPADA H7 NIGTH BREAKER LASER;LÂMPADA H7 NIGTH BREAKER LASER;0;;
67;1450;64210NL-HCB;1450;64210NL-HCB;CATEGORIA0;;1;1;0;1;;KIT LÂMPADAS H7 LASER;KIT LÂMPADAS H7 LASER;0;;
67;1528;64211;1528;67.64211;CATEGORIA0;;1;1;0;1;;LÂMPADA OSRAM H11 12V 55W;LÂMPADA OSRAM H11 12V 55W;0;;
67;1450;64211+;1450;64211;CATEGORIA0;;1;1;0;1;;LÂMPADA H11 12V 55W;LÂMPADA H11 12V 55W;0;;
67;1450;64211CBI;1450;64211CBI;CATEGORIA0;;1;1;0;1;;LÂMPADA H11 12V 55W CBI;LÂMPADA H11 12V 55W CBI;0;;
67;1528;64211NL;1528;67.64211NL;CATEGORIA0;;1;1;0;1;;LÂMPADA OSRAM H11 12V 55W NB LASER;LÂMPADA OSRAM H11 12V 55W NB LASER;0;;
67;1528;64212;1528;67.64212;CATEGORIA0;;1;1;0;1;;LÂMPADA OSRAM H8 12V 35W;LÂMPADA OSRAM H8 12V 35W;0;;
67;1450;64212+;1450;64212;CATEGORIA0;;1;1;0;1;;LÂMPADA 12V 35W H8;LÂMPADA 12V 35W H8;0;;
67;1450;64212CBI-HCB;1450;64212CBI-HCB;CATEGORIA0;;1;1;0;1;;KIT LÂMPADAS H8 PGJ19-1 COOL BLUE INTENSE;KIT LÂMPADAS H8 PGJ19-1 COOL BLUE INTENSE;0;;
67;1450;64212NL;1450;64212NL;CATEGORIA0;;1;1;0;1;;LÂMPADA 12V 35W H8 NIGHT BREAKER;LÂMPADA 12V 35W H8 NIGHT BREAKER;0;;
67;1528;64213;1528;67.64213;CATEGORIA0;;1;1;0;1;;LÂMPADA OSRAM H9 12V 65W;LÂMPADA OSRAM H9 12V 65W;0;;
67;1450;64213+;1450;64213;CATEGORIA0;;1;1;0;1;;LÂMPADA 12V H9 65W;LÂMPADA 12V H9 65W;0;;
67;1450;64215;1450;64215;CATEGORIA0;;1;1;0;1;;LÂMPADA 24V H7;LÂMPADA 24V H7;0;;
67;1528;64219L+;1528;67.64219L+;CATEGORIA0;;1;1;0;1;;LÂMPADA H16 12V 19W;LÂMPADA H16 12V 19W;0;;
67;1528;6424;1528;67.6424;CATEGORIA0;;1;1;0;1;;LÂMPADA 24V 5W;LÂMPADA 24V 5W;0;;
67;1528;64243;1528;67.64243;CATEGORIA0;;1;1;0;1;;LÂMPADA OSRAM H9B 65W;LÂMPADA OSRAM H9B 65W;0;;
67;1450;6428;1450;06428;CATEGORIA0;;1;1;0;1;;LÂMPADA 12V 3W;LÂMPADA 12V 3W;0;;
67;1528;6429;1528;67.6429;CATEGORIA0;;1;1;0;1;;LÂMPADA 24V 10W;LÂMPADA 24V 10W;0;;
67;1450;6430;1450;O6430;CATEGORIA0;;1;1;0;1;;LÂMPADA 24V 3W  SV7-8;LÂMPADA 24V 3W  SV7-8;0;;
67;1528;6438;1528;67.6438;CATEGORIA0;;1;1;0;1;;LÂMPADA OSRAM  12V 10W;LÂMPADA OSRAM  12V 10W;0;;
67;1450;6438+;1450;6438;CATEGORIA0;;1;1;0;1;;LÂMPADA 12V 10W;LÂMPADA 12V 10W;0;;
67;1528;6461;1528;67.6461;CATEGORIA0;;1;1;0;1;;LÂMPADA OSRAM  12V 10W;LÂMPADA OSRAM  12V 10W;0;;
67;1450;6461+;1450;O6461;CATEGORIA0;;1;1;0;1;;LÂMPADA 12V 10W;LÂMPADA 12V 10W;0;;
67;1450;64640;1450;O64640;CATEGORIA0;;1;1;0;1;;LÂMPADA;LÂMPADA;0;;
67;1450;6498CW-01B;1450;6498CW01B;CATEGORIA0;;1;1;0;1;;LÂMPADA LED 12V 5W;LÂMPADA LED 12V 5W;0;;
67;1450;6499CW-01B;1450;6499CW-01B;CATEGORIA0;;1;1;0;1;;LÂMPADA LED FESTOON C5W (41MM);LÂMPADA LED FESTOON C5W (41MM);0;;
67;1528;66140;1528;67.66140;CATEGORIA0;;1;1;0;1;;LÂMPADA OSRAM D1S 85V 35W;LÂMPADA OSRAM D1S 85V 35W;0;;
67;1450;66140CBI;1450;66140CBI;CATEGORIA0;;1;1;0;1;;LÂMPADA D1S;LÂMPADA D1S;0;;
67;1528;66140CLC;1528;67.66140CLC;CATEGORIA0;;1;1;0;1;;LÂMPADA OSRAM D1S 85V 35W;LÂMPADA OSRAM D1S 85V 35W;0;;
67;1450;66220CW;1450;66220CW;CATEGORIA0;;1;1;0;1;;KIT LÂMPADAS;KIT LÂMPADAS;0;;
67;1528;66240CLC;1528;67.66240CLC;CATEGORIA0;;1;1;0;1;;LÂMPADA OSRAM D2S 85V 35W;LÂMPADA OSRAM D2S 85V 35W;0;;
67;1450;66340;1450;066340;CATEGORIA0;;1;1;0;1;;LÂMPADA XENARC D3S  ***;LÂMPADA XENARC D3S  ***;0;;
67;1528;66340CBN;1528;67.66340CBN;CATEGORIA0;;1;1;0;1;;LÂMPADA D3S 42V 35W;LÂMPADA D3S 42V 35W;0;;
67;1528;66340CLC;1528;67.66340CLC;CATEGORIA0;;1;1;0;1;;LÂMPADA OSRAM D3S 42V 35W;LÂMPADA OSRAM D3S 42V 35W;0;;
67;1528;66350;1528;67.66350;CATEGORIA0;;1;1;0;1;;LÂMPADA OSRAM D3R 42V 35W;LÂMPADA OSRAM D3R 42V 35W;0;;
67;1450;66440;1450;O66440;CATEGORIA0;;1;1;0;1;;LÂMPADA XENARC D4S;LÂMPADA XENARC D4S;0;;
67;1528;66440CLC;1528;67.66440CLC;CATEGORIA0;;1;1;0;1;;LÂMPADA OSRAM D4S 42V 35W;LÂMPADA OSRAM D4S 42V 35W;0;;
67;1528;66540;1528;67.66540;CATEGORIA0;;1;1;0;1;;LÂMPADA XENON  D5S;LÂMPADA XENON  D5S;0;;
67;1528;66548;1528;67.66548;CATEGORIA0;;1;1;0;1;;LÂMPADA OSRAM D8S 42V 25W;LÂMPADA OSRAM D8S 42V 25W;0;;
67;1450;67210CW;1450;67210CW;CATEGORIA0;;1;1;0;1;;LEDRIVING HL H7;LEDRIVING HL H7;0;;
67;1450;67219CW;1450;67219CW;CATEGORIA0;;1;1;0;1;;LEDRIVING FL H8/H11/H16;LEDRIVING FL H8/H11/H16;0;;
67;1528;7225;1528;67.7225;CATEGORIA0;;1;1;0;1;;LÂMPADA OSRAM  12V 21/4W;LÂMPADA OSRAM  12V 21/4W;0;;
67;1450;7225+;1450;07225;CATEGORIA0;;1;1;0;1;;LÂMPADA 12V P21/4W;LÂMPADA 12V P21/4W;0;;
67;1528;7504;1528;67.7504;CATEGORIA0;;1;1;0;1;;LÂMPADA OSRAM  12V 21W;LÂMPADA OSRAM  12V 21W;0;;
67;1450;7504+;1450;07504;CATEGORIA0;;1;1;0;1;;LÂMPADA 12V21W S/ CASQ.AMARELA;LÂMPADA 12V21W S/ CASQ.AMARELA;0;;
67;1528;7505;1528;67.7505;CATEGORIA0;;1;1;0;1;;LÂMPADA OSRAM  12V 21W;LÂMPADA OSRAM  12V 21W;0;;
67;1528;7506;1528;67.7506;CATEGORIA0;;1;1;0;1;;LÂMPADA OSRAM  12V 21W;LÂMPADA OSRAM  12V 21W;0;;
67;1450;7506+;1450;07506;CATEGORIA0;;1;1;0;1;;LÂMPADA 12V 21W;LÂMPADA 12V 21W;0;;
67;1528;7507;1528;67.7507;CATEGORIA0;;1;1;0;1;;LÂMPADA OSRAM  12V 21W;LÂMPADA OSRAM  12V 21W;0;;
67;1528;7507DC-02B;1528;7507DC-02B;CATEGORIA0;;1;1;0;1;;KIT LÂMPADAS 12V21W DIADEM;KIT LÂMPADAS 12V21W DIADEM;0;;
67;1450;7507LDA;1450;7507LDA;CATEGORIA0;;1;1;0;1;;LÂMPADA PY21W 12V  21W;LÂMPADA PY21W 12V  21W;0;;
67;1528;7507NA;1528;67.7507NA;CATEGORIA0;;1;1;0;1;;LÂMPADA OSRAM  12V 21W;LÂMPADA OSRAM  12V 21W;0;;
67;1450;7508LDR-01B;1450;7508LDR;CATEGORIA0;;1;1;0;1;;LÂMPADA 12C 21W  BAW15S;LÂMPADA 12C 21W  BAW15S;0;;
67;1450;7510TSP;1450;07510TSP;CATEGORIA0;;1;1;0;1;;LÂMPADA 24V PY21W;LÂMPADA 24V PY21W;0;;
67;1528;7511;1528;67.7511;CATEGORIA0;;1;1;0;1;;LÂMPADA OSRAM 24V 21W;LÂMPADA OSRAM 24V 21W;0;;
67;1528;7515;1528;67.7515;CATEGORIA0;;1;1;0;1;;LÂMPADA OSRAM  12V 21/5W;LÂMPADA OSRAM  12V 21/5W;0;;
67;1450;7515+;1450;07515;CATEGORIA0;;1;1;0;1;;LÂMPADA 12V 21/5W;LÂMPADA 12V 21/5W;0;;
67;1528;7528;1528;67.7528;CATEGORIA0;;1;1;0;1;;LÂMPADA OSRAM  12V 21/5W;LÂMPADA OSRAM  12V 21/5W;0;;
67;1450;7528+;1450;07528;CATEGORIA0;;1;1;0;1;;LÂMPADA 12V 21/5 W;LÂMPADA 12V 21/5 W;0;;
67;1450;7528ULT;1450;7528ULT;CATEGORIA0;;1;1;0;1;;LÂMPADA 12V 21/5 W ULTRALIFE;LÂMPADA 12V 21/5 W ULTRALIFE;0;;
67;1528;7537;1528;67.7537;CATEGORIA0;;1;1;0;1;;LÂMPADA OSRAM 24V 21/5W;LÂMPADA OSRAM 24V 21/5W;0;;
67;1450;8GM 002 091-251;1450;8GM002091251;CATEGORIA0;;1;1;0;1;;LÂMPADA;LÂMPADA;0;;
67;1450;9004XV;1450;9004XV;CATEGORIA0;;1;1;0;1;;LÂMPADA HB1 65/45W;LÂMPADA HB1 65/45W;0;;
67;1528;9005;1528;67.9005;CATEGORIA0;;1;1;0;1;;LÂMPADA OSRAM HB3 12V 60W;LÂMPADA OSRAM HB3 12V 60W;0;;
67;1450;9005BV;1450;9005BV;CATEGORIA0;;1;1;0;1;;LÂMPADA 12V 65W HB3;LÂMPADA 12V 65W HB3;0;;
67;1528;9006;1528;67.9006;CATEGORIA0;;1;1;0;1;;LÂMPADA OSRAM HB4 12V 51W;LÂMPADA OSRAM HB4 12V 51W;0;;
67;1528;9006CBN-HCB;1528;67.9006CBN-HCB;CATEGORIA0;;1;1;0;1;;LÂMPADA OSRAM HB4 12V 51W COOL BLUE INTENSE;LÂMPADA OSRAM HB4 12V 51W COOL BLUE INTENSE;0;;
67;1528;9012;1528;67.9012;CATEGORIA0;;1;1;0;1;;LÂMPADA HIR2;LÂMPADA HIR2;0;;
67;1528;9145;1528;67.9145;CATEGORIA0;;1;1;0;1;;LÂMPADA OSRAM H10 12V 42W;LÂMPADA OSRAM H10 12V 42W;0;;
67;1450;9145+;1450;O9145;CATEGORIA0;;1;1;0;1;;LÂMPADA H10 12V 42W;LÂMPADA H10 12V 42W;0;;
67;1450;921+;1450;O921;CATEGORIA0;;1;1;0;1;;LÂMPADA 12V 16W;LÂMPADA 12V 16W;0;;
67;1528;921NA;1528;67.921NA;CATEGORIA0;;1;1;0;1;;LÂMPADA OSRAM  12V 16W;LÂMPADA OSRAM  12V 16W;0;;
67;1450;921NA+;1450;921NA;CATEGORIA0;;1;1;0;1;;LÂMPADA 12V 16W LARANJA;LÂMPADA 12V 16W LARANJA;0;;
67;1450;9726CW;1450;9726CW;CATEGORIA0;;1;1;0;1;;LEDRIVING HL H4;LEDRIVING HL H4;0;;
67;1450;L2555;1450;L2555;CATEGORIA0;;1;1;0;1;;LÂMPADA H11;LÂMPADA H11;0;;
67;1450;LE 170071;1450;LE170071;CATEGORIA0;;1;1;0;1;;LÂMPADA R2 12V 60/55W PRATO;LÂMPADA R2 12V 60/55W PRATO;0;;
67;1450;LEDAS101;1450;LEDAS101;CATEGORIA0;;1;1;0;1;;MINI PURIFICADOR DO AR OSRAM;MINI PURIFICADOR DO AR OSRAM;0;;
67;1450;LEDCBCTRL101;1450;LEDCBCTRL101;CATEGORIA0;;1;1;0;1;;LEDRIVING CANBUS CONTROL;LEDRIVING CANBUS CONTROL;0;;
67;1450;N149;1450;N149;CATEGORIA0;;1;1;0;1;;LÂMPADA R5W 24V5W BA15S;LÂMPADA R5W 24V5W BA15S;0;;
67;1450;N207;1450;N207;CATEGORIA0;;1;1;0;1;;LÂMPADA 12V R5W;LÂMPADA 12V R5W;0;;
67;1450;N233;1450;N233;CATEGORIA0;;1;1;0;1;;LÂMPADA T4W 12V4W BA9S;LÂMPADA T4W 12V4W BA9S;0;;
67;1450;N239;1450;N239;CATEGORIA0;;1;1;0;1;;LÂMPADA 12V C5W;LÂMPADA 12V C5W;0;;
67;1450;N242;1450;N242;CATEGORIA0;;1;1;0;1;;LÂMPADA 24V C5W;LÂMPADA 24V C5W;0;;
67;1450;N264;1450;N264;CATEGORIA0;;1;1;0;1;;LÂMPADA 12V 10W;LÂMPADA 12V 10W;0;;
67;1450;N286;1450;N286;CATEGORIA0;;1;1;0;1;;LÂMPADA 12V 1.2W;LÂMPADA 12V 1.2W;0;;
67;1450;N380;1450;N380;CATEGORIA0;;1;1;0;1;;LÂMPADA 12V 21/5 W;LÂMPADA 12V 21/5 W;0;;
67;1450;N382;1450;N382;CATEGORIA0;;1;1;0;1;;LÂMPADA 12V 21W;LÂMPADA 12V 21W;0;;
67;1450;N434;1450;N434;CATEGORIA0;;1;1;0;1;;LÂMPADA H6W 12V 6W;LÂMPADA H6W 12V 6W;0;;
67;1450;N453;1450;N453;CATEGORIA0;;1;1;0;1;;LÂMPADA 12V H3;LÂMPADA 12V H3;0;;
67;1450;N460;1450;N460;CATEGORIA0;;1;1;0;1;;LÂMPADA 24V H3;LÂMPADA 24V H3;0;;
67;1450;N472;1450;N472;CATEGORIA0;;1;1;0;1;;LÂMPADA 12V H4;LÂMPADA 12V H4;0;;
67;1450;N499;1450;N499;CATEGORIA0;;1;1;0;1;;LÂMPADA 12V H7;LÂMPADA 12V H7;0;;
67;1450;N499B;1450;N499B;CATEGORIA0;;1;1;0;1;;KIT LÂMPADA 12V H7;KIT LÂMPADA 12V H7;0;;
67;1450;N501A;1450;N501A;CATEGORIA0;;1;1;0;1;;LÂMPADA 12V WY5W;LÂMPADA 12V WY5W;0;;
67;1450;N507;1450;N507;CATEGORIA0;;1;1;0;1;;LÂMPADA 24V W5W;LÂMPADA 24V W5W;0;;
67;1450;N581;1450;N581;CATEGORIA0;;1;1;0;1;;LÂMPADA 12V PY21W;LÂMPADA 12V PY21W;0;;
67;1450;N708;1450;N708;CATEGORIA0;;1;1;0;1;;LÂMPADA 12V 35W H8;LÂMPADA 12V 35W H8;0;;
67;1450;NHB12;1450;NHB12;CATEGORIA0;;1;1;0;1;;LÂMPADA 12V 60/55W P45T;LÂMPADA 12V 60/55W P45T;0;;
67;1450;O64176;1450;O64176;CATEGORIA0;;1;1;0;1;;LÂMPADA H15;LÂMPADA H15;0;;
67;1450;OTSB450;1450;OTSB450;CATEGORIA0;;1;1;0;1;;KIT REP. PNEUS;KIT REP. PNEUS;0;;
67;1450;OTSK4;1450;OTSK4;CATEGORIA0;;1;1;0;1;;KIT REP. PNEUS;KIT REP. PNEUS;0;;
7000;1127;TOO11112;1127;TOO11112;CATEGORIA0;;1;1;0;1;;BOMBA MANUAL ÓLEO;BOMBA MANUAL ÓLEO;0;;
7000;1127;TOO9569;1127;TOO9569;CATEGORIA0;;1;1;0;1;;KIT BLOQUEIO PSA;KIT BLOQUEIO PSA;0;;
75;10252;11176X2;10252;11176X2;CATEGORIA0;;1;1;0;1;;CASQUILHO DE LÂMPADA, FAROL PRINCIPAL;CASQUILHO DE LÂMPADA, FAROL PRINCIPAL;0;;
75;10252;11182X2;10252;11182X2;CATEGORIA0;;1;1;0;1;;PORTALÁMPARAS, FARO PRINCIPAL;PORTALÁMPARAS, FARO PRINCIPAL;0;;
75;10252;11258U60BX2;10252;11258U60BX2;CATEGORIA0;;1;1;0;1;;KIT LÂMPADAS LED H1;KIT LÂMPADAS LED H1;0;;
75;10252;11342U2500CX;10252;11342U2500CX;CATEGORIA0;;1;1;0;1;;KIT 2 LÂMPADAS LED H4/H19 2500;KIT 2 LÂMPADAS LED H4/H19 2500;0;;
75;10252;11342U6000X2;10252;11342U6000X2;CATEGORIA0;;1;1;0;1;;KIT 2 LÂMPADAS LED H4 PRO6000;KIT 2 LÂMPADAS LED H4 PRO6000;0;;
75;10252;11342U60B2X2;10252;11342U60B2X2;CATEGORIA0;;1;1;0;1;;KIT LÂMPADAS LED H4;KIT LÂMPADAS LED H4;0;;
75;10252;11961HU60X2;10252;11961HU60X2;CATEGORIA0;;1;1;0;1;;KIT 2 LÂMPADAS LED W5W PRO6000;KIT 2 LÂMPADAS LED W5W PRO6000;0;;
75;10252;11961ULWX2;10252;11961ULWX2;CATEGORIA0;;1;1;0;1;;LÂMPADA T10 (W5W) 12V 5W;LÂMPADA T10 (W5W) 12V 5W;0;;
75;10252;11972U2500CX;10252;11972U2500CX;CATEGORIA0;;1;1;0;1;;KIT 2 LÂMPADAS LED H7/H18;KIT 2 LÂMPADAS LED H7/H18;0;;
75;10252;11972U6000X2;10252;11972U6000X2;CATEGORIA0;;1;1;0;1;;KIT 2 LÂMPADAS LED H7 PRO6000;KIT 2 LÂMPADAS LED H7 PRO6000;0;;
75;10252;11972U60BX2;10252;11972U60BX2;CATEGORIA0;;1;1;0;1;;KIT LÂMPADAS LED H7;KIT LÂMPADAS LED H7;0;;
75;10252;12065CP;10252;12065CP;CATEGORIA0;;1;1;0;1;;LÂMPADA 12V W21W;LÂMPADA 12V W21W;0;;
75;10252;12066CP;10252;12066CP;CATEGORIA0;;1;1;0;1;;LÂMPADA W21/5W;LÂMPADA W21/5W;0;;
75;10252;12067CP;10252;12067CP;CATEGORIA0;;1;1;0;1;;LÂMPADA 12V 16W;LÂMPADA 12V 16W;0;;
75;10252;12088CP;10252;12088CP;CATEGORIA0;;1;1;0;1;;LÂMPADA 12V 21W VERMELHA;LÂMPADA 12V 21W VERMELHA;0;;
75;10252;12182HTRC1;10252;12182HTRC1;CATEGORIA0;;1;1;0;1;;LÂMPADA PW24W;LÂMPADA PW24W;0;;
75;10252;12188NAC1;10252;12188NAC1;CATEGORIA0;;1;1;0;1;;LÂMPADA 12V 24W (PG20/4) PSY24W;LÂMPADA 12V 24W (PG20/4) PSY24W;0;;
75;10252;12197HTRC1;10252;12197HTRC1;CATEGORIA0;;1;1;0;1;;LÂMPADA 13,5V HIPERVISION LCP STANDARD PHILIPS;LÂMPADA 13,5V HIPERVISION LCP STANDARD PHILIPS;0;;
75;10252;12256CP;10252;12256CP;CATEGORIA0;;1;1;0;1;;LÂMPADA 12V W3W;LÂMPADA 12V W3W;0;;
75;10252;12258PRC1;10252;12258PRC1;CATEGORIA0;;1;1;0;1;;LÂMPADA 12V 55W H1;LÂMPADA 12V 55W H1;0;;
75;10252;12258VPB1;10252;12258VPB1;CATEGORIA0;;1;1;0;1;;LÂMPADA H1 VISION PLUS;LÂMPADA H1 VISION PLUS;0;;
75;10252;12271AC1;10252;12271AC1;CATEGORIA0;;1;1;0;1;;LÂMPADA PCY16W 13,5V 16W;LÂMPADA PCY16W 13,5V 16W;0;;
75;10252;12278C1;10252;12278C1;CATEGORIA0;;1;1;0;1;;LÂMPADA12V PSX26W;LÂMPADA12V PSX26W;0;;
75;10252;12342PRC1;10252;12342PRC1;CATEGORIA0;;1;1;0;1;;LÂMPADA 12V 60/55W H4;LÂMPADA 12V 60/55W H4;0;;
75;10252;12342WHVSM;10252;12342WHVSM;CATEGORIA0;;1;1;0;1;;KIT LÂMPADAS H4 WHITE VISION;KIT LÂMPADAS H4 WHITE VISION;0;;
75;10252;12342WVUSM;10252;12342WVUSM;CATEGORIA0;;1;1;0;1;;KIT LÂMPADAS H4 12V 60/55W +60%;KIT LÂMPADAS H4 12V 60/55W +60%;0;;
75;10252;12342XVPS2;10252;12342XVPS2;CATEGORIA0;;1;1;0;1;;LÂMPADA H4 12V 60/55W;LÂMPADA H4 12V 60/55W;0;;
75;10252;12360C1;10252;12360C1;CATEGORIA0;;1;1;0;1;;LÂMPADA 12V 35W H8;LÂMPADA 12V 35W H8;0;;
75;10252;12360WHVB1;10252;12360WHVB1;CATEGORIA0;;1;1;0;1;;LÂMPADA H8 12V 35W WHITE VISION (PGJ19-1);LÂMPADA H8 12V 35W WHITE VISION (PGJ19-1);0;;
75;10252;12361C1;10252;12361C1;CATEGORIA0;;1;1;0;1;;LÂMPADA H9 12V 65W;LÂMPADA H9 12V 65W;0;;
75;10252;12362PRC1;10252;12362PRC1;CATEGORIA0;;1;1;0;1;;LÂMPADA H11 12V 55W;LÂMPADA H11 12V 55W;0;;
75;10252;12362WHVB1;10252;12362WHVB1;CATEGORIA0;;1;1;0;1;;LÂMPADA 12V 55W H11 WHITEVISION;LÂMPADA 12V 55W H11 WHITEVISION;0;;
75;10252;12362WVUB1;10252;12362WVUB1;CATEGORIA0;;1;1;0;1;;LÂMPADA 12V 55W H11;LÂMPADA 12V 55W H11;0;;
75;10252;12362XVPB1;10252;12362XVPB1;CATEGORIA0;;1;1;0;1;;LÂMPADA 12V 55W H11 X-TREMEVISION PRO150;LÂMPADA 12V 55W H11 X-TREMEVISION PRO150;0;;
75;10252;12396NACP;10252;12396NACP;CATEGORIA0;;1;1;0;1;;LÂMPADA 12V 5W AMARELA;LÂMPADA 12V 5W AMARELA;0;;
75;10252;12410C1;10252;12410C1;CATEGORIA0;;1;1;0;1;;LÂMPADA D5S 12V 25W PX32D-7;LÂMPADA D5S 12V 25W PX32D-7;0;;
75;10252;12495CP;10252;12495CP;CATEGORIA0;;1;1;0;1;;LÂMPADA 12V 21/5W VERMELHA;LÂMPADA 12V 21/5W VERMELHA;0;;
75;10252;12496NACP;10252;12496NACP;CATEGORIA0;;1;1;0;1;;LÂMPADA 12V 21W AMARELA;LÂMPADA 12V 21W AMARELA;0;;
75;10252;12498CP;10252;12498CP;CATEGORIA0;;1;1;0;1;;LÂMPADA 12V 21W;LÂMPADA 12V 21W;0;;
75;10252;12499CP;10252;12499CP;CATEGORIA0;;1;1;0;1;;LÂMPADA 12V 21/5 W;LÂMPADA 12V 21/5 W;0;;
75;10252;12516CP;10252;12516CP;CATEGORIA0;;1;1;0;1;;LÂMPADA 12V 1.2W;LÂMPADA 12V 1.2W;0;;
75;10252;12600CP;10252;12600;CATEGORIA0;;1;1;0;1;;LÂMPADA 12V 2W CASQ. VERDE;LÂMPADA 12V 2W CASQ. VERDE;0;;
75;10252;12603CP;10252;12603CP;CATEGORIA0;;1;1;0;1;;LÂMPADA 12V 1.2W CASQ. AZUL;LÂMPADA 12V 1.2W CASQ. AZUL;0;;
75;10252;12625CP;10252;12625;CATEGORIA0;;1;1;0;1;;LÂMPADA 12V 1,2W CASQ. PRETO;LÂMPADA 12V 1,2W CASQ. PRETO;0;;
75;10252;12626CP;10252;12626CP;CATEGORIA0;;1;1;0;1;;LÂMPADA 12V 2W;LÂMPADA 12V 2W;0;;
75;10252;12643LLC1;10252;12643LLC1;CATEGORIA0;;1;1;0;1;;LAMPADA H18;LAMPADA H18;0;;
75;10252;12821CP;10252;12821CP;CATEGORIA0;;1;1;0;1;;LÂMPADA 12V 5W;LÂMPADA 12V 5W;0;;
75;10252;12844CP;10252;12844CP;CATEGORIA0;;1;1;0;1;;LÂMPADA 12V C5W;LÂMPADA 12V C5W;0;;
75;10252;12864CP+;10252;12864;CATEGORIA0;;1;1;0;1;;LÂMPADA 5W T10.5X43;LÂMPADA 5W T10.5X43;0;;
75;10252;12961CP;10252;12961CP;CATEGORIA0;;1;1;0;1;;LÂMPADA 12V W5W;LÂMPADA 12V W5W;0;;
75;10252;12961NBVB2;10252;12961NBVB2;CATEGORIA0;;1;1;0;1;;KIT 2 LÂMPADAS 12V W5W BLUE;KIT 2 LÂMPADAS 12V W5W BLUE;0;;
75;10252;12961WVUB2;10252;12961WVUB2;CATEGORIA0;;1;1;0;1;;JG. LÂMPADAS 12V W5W;JG. LÂMPADAS 12V W5W;0;;
75;10252;12972PRC1;10252;12972PRC1;CATEGORIA0;;1;1;0;1;;LÂMPADA 12V 55W H7;LÂMPADA 12V 55W H7;0;;
75;10252;12972PRC2;10252;12972PRC2;CATEGORIA0;;1;1;0;1;;PACK (2) LÂMPADA 12V 55W H7;PACK (2) LÂMPADA 12V 55W H7;0;;
75;10252;12972WVUSM;10252;12972WVUSM;CATEGORIA0;;1;1;0;1;;KIT 2 LÂMPADAS H7;KIT 2 LÂMPADAS H7;0;;
75;10252;12972XV+B1;10252;12972XVB1;CATEGORIA0;;1;1;0;1;;LÂMPADA H7  XTREME VISION;LÂMPADA H7  XTREME VISION;0;;
75;10252;13854CP;10252;13854CP;CATEGORIA0;;1;1;0;1;;LÂMPADA 24V 10W TUBULAR (38MM) SV8,5,5-8;LÂMPADA 24V 10W TUBULAR (38MM) SV8,5,5-8;0;;
75;10252;18952C2;10252;18952C2;CATEGORIA0;;1;1;0;1;;ADAPTADOR CAN H7;ADAPTADOR CAN H7;0;;
75;10252;18960C2;10252;18960C2;CATEGORIA0;;1;1;0;1;;ADAPTADOR CAN H4;ADAPTADOR CAN H4;0;;
75;10252;42403VIC1;10252;42403VIC1;CATEGORIA0;;1;1;0;1;;LÂMPADA 42V 35W D3S;LÂMPADA 42V 35W D3S;0;;
75;10252;42403WHV2C1;10252;42403WHV2C1;CATEGORIA0;;1;1;0;1;;LÂMPADA 42V 35W D3S WHITE VISION;LÂMPADA 42V 35W D3S WHITE VISION;0;;
75;10252;42403XV2C1;10252;42403XV2C1;CATEGORIA0;;1;1;0;1;;LÂMPADA 42V 35W D3S;LÂMPADA 42V 35W D3S;0;;
75;10252.1;56777ED;0001;56777ED;CATEGORIA0;;1;1;0;1;;EXPOSITOR PHILIPS;EXPOSITOR PHILIPS;0;;
75;10252.1;6LR61P1B/10;0001;6LR61P1B/10;CATEGORIA0;;1;1;0;1;;PILHA POWER 9V;PILHA POWER 9V;0;;
75;10252;85122VIC1;10252;85122VIC1;CATEGORIA0;;1;1;0;1;;LÂMPADA 85V 35W D2S;LÂMPADA 85V 35W D2S;0;;
75;10252;85126VIC1;10252;85126VIC1;CATEGORIA0;;1;1;0;1;;LÂMPADA 85V 35W D2R;LÂMPADA 85V 35W D2R;0;;
75;10252;85415VIC1;10252;85415VIC1;CATEGORIA0;;1;1;0;1;;LÂMPADA 85V 35W D1S;LÂMPADA 85V 35W D1S;0;;
75;10252;85415WHV2C1;10252;85415WHV2C1;CATEGORIA0;;1;1;0;1;;LÂMPADA 85V 35W D1S WHITE VISION;LÂMPADA 85V 35W D1S WHITE VISION;0;;
75;10252;85415XV2C1;10252;85415XV2C1;CATEGORIA0;;1;1;0;1;;LÂMPADA 85V 35W D1S X-TREME VISION;LÂMPADA 85V 35W D1S X-TREME VISION;0;;
75;10252.1;8LR932;0001;8LR932;CATEGORIA0;;1;1;0;1;;PILHA ALKALINE;PILHA ALKALINE;0;;
75;10252;9005PRC1;10252;9005PRC1;CATEGORIA0;;1;1;0;1;;LÂMPADA 12V 60W HB3;LÂMPADA 12V 60W HB3;0;;
75;10252;9005WVUB1;10252;9005WVUB1;CATEGORIA0;;1;1;0;1;;LÂMPADA 12V 51W HB3 WHITE;LÂMPADA 12V 51W HB3 WHITE;0;;